"area_fips","own_code","industry_code","agglvl_code","size_code","year","qtr","disclosure_code","qtrly_estabs","month1_emplvl","month2_emplvl","month3_emplvl","total_qtrly_wages","taxable_qtrly_wages","qtrly_contributions","avg_wkly_wage","lq_disclosure_code","lq_qtrly_estabs","lq_month1_emplvl","lq_month2_emplvl","lq_month3_emplvl","lq_total_qtrly_wages","lq_taxable_qtrly_wages","lq_qtrly_contributions","lq_avg_wkly_wage","oty_disclosure_code","oty_qtrly_estabs_chg","oty_qtrly_estabs_pct_chg","oty_month1_emplvl_chg","oty_month1_emplvl_pct_chg","oty_month2_emplvl_chg","oty_month2_emplvl_pct_chg","oty_month3_emplvl_chg","oty_month3_emplvl_pct_chg","oty_total_qtrly_wages_chg","oty_total_qtrly_wages_pct_chg","oty_taxable_qtrly_wages_chg","oty_taxable_qtrly_wages_pct_chg","oty_qtrly_contributions_chg","oty_qtrly_contributions_pct_chg","oty_avg_wkly_wage_chg","oty_avg_wkly_wage_pct_chg"
"13063","0","10","70","0","2025","4","",5136,130135,130792,131699,2532713252,116515763,1268908,1489,"",1.00,1.00,1.00,1.00,1.00,1.00,1.00,1.00,"",-63,-1.2,1122,0.9,124,0.1,813,0.6,106832258,4.4,-4546703,-3.8,-119466,-8.6,56,3.9
"13063","1","10","71","0","2025","4","",28,914,902,909,22524856,0,0,1908,"",1.11,0.40,0.39,0.39,0.40,0.00,0.00,1.03,"",-1,-3.4,-169,-15.6,-198,-18.0,-197,-17.8,-4979198,-18.1,0,0.0,0,0.0,-22,-1.1
"13063","1","102","72","0","2025","4","",28,914,902,909,22524856,0,0,1908,"",1.11,0.40,0.40,0.40,0.41,0.00,0.00,1.03,"",-1,-3.4,-169,-15.6,-198,-18.0,-197,-17.8,-4979198,-18.1,0,0.0,0,0.0,-22,-1.1
"13063","1","1021","73","0","2025","4","",13,250,239,244,4098971,0,0,1290,"",1.02,0.46,0.44,0.44,0.44,0.00,0.00,0.98,"",0,0.0,-14,-5.3,-33,-12.1,-32,-11.6,-593234,-12.6,0,0.0,0,0.0,-44,-3.3
"13063","1","1022","73","0","2025","4","",1,36,36,36,785261,0,0,1678,"",15.64,7.08,7.04,6.97,6.55,0.00,0.00,0.93,"",0,0.0,-3,-7.7,-3,-7.7,-3,-7.7,-179200,-18.6,0,0.0,0,0.0,-224,-11.8
"13063","1","1024","73","0","2025","4","",1,7,7,7,181676,0,0,1996,"",1.55,0.13,0.13,0.13,0.14,0.00,0.00,1.11,"",0,0.0,-1,-12.5,-1,-12.5,-1,-12.5,-16997,-8.6,0,0.0,0,0.0,86,4.5
"13063","1","1028","73","0","2025","4","",13,621,620,622,17458948,0,0,2163,"",1.28,0.49,0.49,0.49,0.51,0.00,0.00,1.04,"",-1,-7.1,-151,-19.6,-161,-20.6,-161,-20.6,-4189767,-19.4,0,0.0,0,0.0,24,1.1
"13063","1","44-45","74","0","2025","4","",2,15,15,15,428918,0,0,2200,"",6.76,0.47,0.47,0.46,1.39,0.00,0.00,2.96,"",0,0.0,0,0.0,0,0.0,0,0.0,24513,6.1,0,0.0,0,0.0,126,6.1
"13063","1","449","75","0","2025","4","",2,15,15,15,428918,0,0,2200,"",74.78,10.59,10.52,10.42,67.37,0.00,0.00,6.40,"",0,0.0,0,0.0,0,0.0,0,0.0,24513,6.1,0,0.0,0,0.0,126,6.1
"13063","1","4492","76","0","2025","4","",2,15,15,15,428918,0,0,2200,"",683.67,11.90,11.86,11.77,88.36,0.00,0.00,7.45,"",0,0.0,0,0.0,0,0.0,0,0.0,24513,6.1,0,0.0,0,0.0,126,6.1
"13063","1","44921","77","0","2025","4","",2,15,15,15,428918,0,0,2200,"",683.67,11.90,11.86,11.77,88.36,0.00,0.00,7.45,"",0,0.0,0,0.0,0,0.0,0,0.0,24513,6.1,0,0.0,0,0.0,126,6.1
"13063","1","449210","78","0","2025","4","",2,15,15,15,428918,0,0,2200,"",683.67,11.90,11.86,11.77,88.36,0.00,0.00,7.45,"",0,0.0,0,0.0,0,0.0,0,0.0,24513,6.1,0,0.0,0,0.0,126,6.1
"13063","1","48-49","74","0","2025","4","",11,235,224,229,3670053,0,0,1231,"",0.89,0.47,0.44,0.44,0.42,0.00,0.00,0.94,"",0,0.0,-14,-5.6,-33,-12.8,-32,-12.3,-617747,-14.4,0,0.0,0,0.0,-59,-4.6
"13063","1","491","75","0","2025","4","",11,235,224,229,3670053,0,0,1231,"",0.90,0.48,0.45,0.45,0.45,0.00,0.00,0.96,"",0,0.0,-14,-5.6,-33,-12.8,-32,-12.3,-617747,-14.4,0,0.0,0,0.0,-59,-4.6
"13063","1","4911","76","0","2025","4","",11,235,224,229,3670053,0,0,1231,"",0.90,0.48,0.45,0.45,0.45,0.00,0.00,0.96,"",0,0.0,-14,-5.6,-33,-12.8,-32,-12.3,-617747,-14.4,0,0.0,0,0.0,-59,-4.6
"13063","1","49111","77","0","2025","4","",11,235,224,229,3670053,0,0,1231,"",0.90,0.48,0.45,0.45,0.45,0.00,0.00,0.96,"",0,0.0,-14,-5.6,-33,-12.8,-32,-12.3,-617747,-14.4,0,0.0,0,0.0,-59,-4.6
"13063","1","491110","78","0","2025","4","",11,235,224,229,3670053,0,0,1231,"",0.90,0.48,0.45,0.45,0.45,0.00,0.00,0.96,"",0,0.0,-14,-5.6,-33,-12.8,-32,-12.3,-617747,-14.4,0,0.0,0,0.0,-59,-4.6
"13063","1","51","74","0","2025","4","",1,36,36,36,785261,0,0,1678,"",15.64,7.08,7.04,6.97,6.55,0.00,0.00,0.93,"",0,0.0,-3,-7.7,-3,-7.7,-3,-7.7,-179200,-18.6,0,0.0,0,0.0,-224,-11.8
"13063","1","519","75","0","2025","4","",1,36,36,36,785261,0,0,1678,"",17.21,8.78,8.72,8.63,7.83,0.00,0.00,0.90,"",0,0.0,-3,-7.7,-3,-7.7,-3,-7.7,-179200,-18.6,0,0.0,0,0.0,-224,-11.8
"13063","1","5192","76","0","2025","4","",1,36,36,36,785261,0,0,1678,"",17.21,8.78,8.72,8.63,7.83,0.00,0.00,0.90,"",0,0.0,-3,-7.7,-3,-7.7,-3,-7.7,-179200,-18.6,0,0.0,0,0.0,-224,-11.8
"13063","1","51921","77","0","2025","4","",1,36,36,36,785261,0,0,1678,"",17.21,8.78,8.72,8.63,7.83,0.00,0.00,0.90,"",0,0.0,-3,-7.7,-3,-7.7,-3,-7.7,-179200,-18.6,0,0.0,0,0.0,-224,-11.8
"13063","1","519210","78","0","2025","4","",1,36,36,36,785261,0,0,1678,"",17.21,8.78,8.72,8.63,7.83,0.00,0.00,0.90,"",0,0.0,-3,-7.7,-3,-7.7,-3,-7.7,-179200,-18.6,0,0.0,0,0.0,-224,-11.8
"13063","1","54","74","0","2025","4","",1,7,7,7,181676,0,0,1996,"",1.74,0.13,0.13,0.13,0.14,0.00,0.00,1.10,"",0,0.0,-1,-12.5,-1,-12.5,-1,-12.5,-16997,-8.6,0,0.0,0,0.0,86,4.5
"13063","1","541","75","0","2025","4","",1,7,7,7,181676,0,0,1996,"",1.74,0.13,0.13,0.13,0.14,0.00,0.00,1.10,"",0,0.0,-1,-12.5,-1,-12.5,-1,-12.5,-16997,-8.6,0,0.0,0,0.0,86,4.5
"13063","1","5413","76","0","2025","4","",1,7,7,7,181676,0,0,1996,"",2.74,0.16,0.16,0.16,0.18,0.00,0.00,1.13,"",0,0.0,-1,-12.5,-1,-12.5,-1,-12.5,-16997,-8.6,0,0.0,0,0.0,86,4.5
"13063","1","54133","77","0","2025","4","",1,7,7,7,181676,0,0,1996,"",2.79,0.17,0.17,0.17,0.19,0.00,0.00,1.13,"",0,0.0,-1,-12.5,-1,-12.5,-1,-12.5,-16997,-8.6,0,0.0,0,0.0,86,4.5
"13063","1","541330","78","0","2025","4","",1,7,7,7,181676,0,0,1996,"",2.79,0.17,0.17,0.17,0.19,0.00,0.00,1.13,"",0,0.0,-1,-12.5,-1,-12.5,-1,-12.5,-16997,-8.6,0,0.0,0,0.0,86,4.5
"13063","1","92","74","0","2025","4","",13,621,620,622,17458948,0,0,2163,"",1.28,0.49,0.49,0.49,0.51,0.00,0.00,1.04,"",-1,-7.1,-151,-19.6,-161,-20.6,-161,-20.6,-4189767,-19.4,0,0.0,0,0.0,24,1.1
"13063","1","921","75","0","2025","4","",2,8,8,8,295977,0,0,2846,"",2.66,0.07,0.07,0.07,0.10,0.00,0.00,1.46,"",0,0.0,-39,-83.0,-39,-83.0,-39,-83.0,-1093325,-78.7,0,0.0,0,0.0,572,25.2
"13063","1","9211","76","0","2025","4","",2,8,8,8,295977,0,0,2846,"",2.66,0.07,0.07,0.07,0.10,0.00,0.00,1.46,"",0,0.0,-39,-83.0,-39,-83.0,-39,-83.0,-1093325,-78.7,0,0.0,0,0.0,572,25.2
"13063","1","92113","77","0","2025","4","",1,2,2,2,106473,0,0,4095,"",4.22,0.03,0.03,0.03,0.06,0.00,0.00,2.11,"",0,0.0,-31,-93.9,-31,-93.9,-31,-93.9,-844741,-88.8,0,0.0,0,0.0,1878,84.7
"13063","1","921130","78","0","2025","4","",1,2,2,2,106473,0,0,4095,"",4.22,0.03,0.03,0.03,0.06,0.00,0.00,2.11,"",0,0.0,-31,-93.9,-31,-93.9,-31,-93.9,-844741,-88.8,0,0.0,0,0.0,1878,84.7
"13063","1","92119","77","0","2025","4","",1,6,6,6,189504,0,0,2430,"",1.97,0.25,0.25,0.25,0.29,0.00,0.00,1.18,"",0,0.0,-8,-57.1,-8,-57.1,-8,-57.1,-248584,-56.7,0,0.0,0,0.0,23,1.0
"13063","1","921190","78","0","2025","4","",1,6,6,6,189504,0,0,2430,"",1.97,0.25,0.25,0.25,0.29,0.00,0.00,1.18,"",0,0.0,-8,-57.1,-8,-57.1,-8,-57.1,-248584,-56.7,0,0.0,0,0.0,23,1.0
"13063","1","922","75","0","2025","4","",2,30,30,29,574890,0,0,1491,"",1.36,0.14,0.14,0.13,0.08,0.00,0.00,0.63,"",0,0.0,-13,-30.2,-15,-33.3,-18,-38.3,-459329,-44.4,0,0.0,0,0.0,-277,-15.7
"13063","1","9221","76","0","2025","4","",2,30,30,29,574890,0,0,1491,"",1.36,0.14,0.14,0.13,0.08,0.00,0.00,0.63,"",0,0.0,-13,-30.2,-15,-33.3,-18,-38.3,-459329,-44.4,0,0.0,0,0.0,-277,-15.7
"13063","1","92212","77","0","2025","4","",1,3,3,3,95410,0,0,2446,"",1.43,0.02,0.02,0.02,0.02,0.00,0.00,0.95,"",0,0.0,0,0.0,0,0.0,0,0.0,58,0.1,0,0.0,0,0.0,1,0.0
"13063","1","922120","78","0","2025","4","",1,3,3,3,95410,0,0,2446,"",1.43,0.02,0.02,0.02,0.02,0.00,0.00,0.95,"",0,0.0,0,0.0,0,0.0,0,0.0,58,0.1,0,0.0,0,0.0,1,0.0
"13063","1","92219","77","0","2025","4","",1,27,27,26,479480,0,0,1383,"",4.22,1.11,1.10,1.05,0.65,0.00,0.00,0.60,"",0,0.0,-13,-32.5,-15,-35.7,-18,-40.9,-459387,-48.9,0,0.0,0,0.0,-337,-19.6
"13063","1","922190","78","0","2025","4","",1,27,27,26,479480,0,0,1383,"",4.22,1.11,1.10,1.05,0.65,0.00,0.00,0.60,"",0,0.0,-13,-32.5,-15,-35.7,-18,-40.9,-459387,-48.9,0,0.0,0,0.0,-337,-19.6
"13063","1","923","75","0","2025","4","",1,54,54,55,1517730,0,0,2149,"",0.89,0.30,0.30,0.30,0.30,0.00,0.00,1.01,"",-1,-50.0,-40,-42.6,-41,-43.2,-40,-42.1,-888728,-36.9,0,0.0,0,0.0,194,9.9
"13063","1","9231","76","0","2025","4","",1,54,54,55,1517730,0,0,2149,"",0.89,0.30,0.30,0.30,0.30,0.00,0.00,1.01,"",-1,-50.0,-40,-42.6,-41,-43.2,-40,-42.1,-888728,-36.9,0,0.0,0,0.0,194,9.9
"13063","1","92312","77","0","2025","4","-",0,0,0,0,0,0,0,0,"N",0.00,0,0,0,0,0,0,0,"N",-1,-100.0,0,0,0,0,0,0,0,0,0,0,0,0,0,0
"13063","1","923120","78","0","2025","4","-",0,0,0,0,0,0,0,0,"N",0.00,0,0,0,0,0,0,0,"N",-1,-100.0,0,0,0,0,0,0,0,0,0,0,0,0,0,0
"13063","1","92313","77","0","2025","4","",1,54,54,55,1517730,0,0,2149,"",1.70,1.11,1.11,1.12,1.11,0.00,0.00,0.99,"",0,0.0,9,20.0,8,17.4,9,19.6,423567,38.7,0,0.0,0,0.0,306,16.6
"13063","1","923130","78","0","2025","4","",1,54,54,55,1517730,0,0,2149,"",1.70,1.11,1.11,1.12,1.11,0.00,0.00,0.99,"",0,0.0,9,20.0,8,17.4,9,19.6,423567,38.7,0,0.0,0,0.0,306,16.6
"13063","1","926","75","0","2025","4","",5,71,71,76,2043587,0,0,2163,"",1.43,0.37,0.37,0.39,0.35,0.00,0.00,0.93,"",0,0.0,-26,-26.8,-29,-29.0,-24,-24.0,-455188,-18.2,0,0.0,0,0.0,221,11.4
"13063","1","9261","76","0","2025","4","",5,71,71,76,2043587,0,0,2163,"",1.43,0.37,0.37,0.39,0.35,0.00,0.00,0.93,"",0,0.0,-26,-26.8,-29,-29.0,-24,-24.0,-455188,-18.2,0,0.0,0,0.0,221,11.4
"13063","1","92611","77","0","2025","4","",1,15,15,18,234864,0,0,1129,"",0.77,0.48,0.48,0.58,0.25,0.00,0.00,0.49,"",0,0.0,-20,-57.1,-21,-58.3,-19,-51.4,-385530,-62.1,0,0.0,0,0.0,-197,-14.9
"13063","1","926110","78","0","2025","4","",1,15,15,18,234864,0,0,1129,"",0.77,0.48,0.48,0.58,0.25,0.00,0.00,0.49,"",0,0.0,-20,-57.1,-21,-58.3,-19,-51.4,-385530,-62.1,0,0.0,0,0.0,-197,-14.9
"13063","1","92612","77","0","2025","4","",2,31,31,31,1147289,0,0,2847,"",4.84,0.34,0.34,0.34,0.47,0.00,0.00,1.37,"",0,0.0,-1,-3.1,-1,-3.1,-1,-3.1,340,0.0,0,0.0,0,0.0,90,3.3
"13063","1","926120","78","0","2025","4","",2,31,31,31,1147289,0,0,2847,"",4.84,0.34,0.34,0.34,0.47,0.00,0.00,1.37,"",0,0.0,-1,-3.1,-1,-3.1,-1,-3.1,340,0.0,0,0.0,0,0.0,90,3.3
"13063","1","92614","77","0","2025","4","",2,25,25,27,661434,0,0,1982,"",1.54,0.78,0.77,0.79,0.79,0.00,0.00,1.01,"",0,0.0,-5,-16.7,-7,-21.9,-4,-12.9,-69998,-9.6,0,0.0,0,0.0,167,9.2
"13063","1","926140","78","0","2025","4","",2,25,25,27,661434,0,0,1982,"",1.54,0.78,0.77,0.79,0.79,0.00,0.00,1.01,"",0,0.0,-5,-16.7,-7,-21.9,-4,-12.9,-69998,-9.6,0,0.0,0,0.0,167,9.2
"13063","1","928","75","0","2025","4","",3,458,457,454,13026764,0,0,2196,"",2.85,0.99,0.99,0.99,1.19,0.00,0.00,1.20,"",0,0.0,-33,-6.7,-37,-7.5,-40,-8.1,-1293197,-9.0,0,0.0,0,0.0,-38,-1.7
"13063","1","9281","76","0","2025","4","",3,458,457,454,13026764,0,0,2196,"",2.85,0.99,0.99,0.99,1.19,0.00,0.00,1.20,"",0,0.0,-33,-6.7,-37,-7.5,-40,-8.1,-1293197,-9.0,0,0.0,0,0.0,-38,-1.7
"13063","1","92811","77","0","2025","4","",3,458,457,454,13026764,0,0,2196,"",3.58,1.07,1.07,1.07,1.32,0.00,0.00,1.23,"",0,0.0,-33,-6.7,-37,-7.5,-40,-8.1,-1293197,-9.0,0,0.0,0,0.0,-38,-1.7
"13063","1","928110","78","0","2025","4","",3,458,457,454,13026764,0,0,2196,"",3.58,1.07,1.07,1.07,1.32,0.00,0.00,1.23,"",0,0.0,-33,-6.7,-37,-7.5,-40,-8.1,-1293197,-9.0,0,0.0,0,0.0,-38,-1.7
"13063","2","10","71","0","2025","4","",26,1676,1673,1675,25410053,0,0,1167,"",0.86,0.41,0.41,0.40,0.30,0.00,0.00,0.74,"",0,0.0,31,1.9,24,1.5,20,1.2,400038,1.6,0,0.0,0,0.0,1,0.1
"13063","2","102","72","0","2025","4","",26,1676,1673,1675,25410053,0,0,1167,"",0.88,0.41,0.41,0.41,0.30,0.00,0.00,0.74,"",0,0.0,31,1.9,24,1.5,20,1.2,400038,1.6,0,0.0,0,0.0,1,0.1
"13063","2","1021","73","0","2025","4","",1,164,164,160,2422869,0,0,1146,"",2.47,3.34,3.30,3.18,2.33,0.00,0.00,0.71,"",0,0.0,-3,-1.8,-4,-2.4,-8,-4.8,-110390,-4.4,0,0.0,0,0.0,-16,-1.4
"13063","2","1025","73","0","2025","4","",7,766,761,761,12199885,0,0,1230,"",1.09,0.33,0.32,0.32,0.25,0.00,0.00,0.79,"",0,0.0,29,3.9,17,2.3,10,1.3,471547,4.0,0,0.0,0,0.0,17,1.4
"13063","2","1027","73","0","2025","4","",1,68,68,66,695581,0,0,795,"N",13.52,0,0,0,0,0,0,0,"",0,0.0,19,38.8,21,44.7,21,46.7,110662,18.9,0,0.0,0,0.0,-162,-16.9
"13063","2","1028","73","0","2025","4","",17,678,680,688,10091718,0,0,1138,"",0.79,0.43,0.43,0.43,0.31,0.00,0.00,0.71,"",0,0.0,-14,-2.0,-10,-1.4,-3,-0.4,-71781,-0.7,0,0.0,0,0.0,7,0.6
"13063","2","48-49","74","0","2025","4","",1,164,164,160,2422869,0,0,1146,"",5.16,4.23,4.19,4.05,2.76,0.00,0.00,0.66,"",0,0.0,-3,-1.8,-4,-2.4,-8,-4.8,-110390,-4.4,0,0.0,0,0.0,-16,-1.4
"13063","2","488","75","0","2025","4","",1,164,164,160,2422869,0,0,1146,"",6.48,12.42,12.31,11.93,9.06,0.00,0.00,0.74,"",0,0.0,-3,-1.8,-4,-2.4,-8,-4.8,-110390,-4.4,0,0.0,0,0.0,-16,-1.4
"13063","2","4881","76","0","2025","4","",1,164,164,160,2422869,0,0,1146,"",14.24,44.36,44.01,42.52,42.45,0.00,0.00,0.97,"",0,0.0,-3,-1.8,-4,-2.4,-8,-4.8,-110390,-4.4,0,0.0,0,0.0,-16,-1.4
"13063","2","48811","77","0","2025","4","",1,164,164,160,2422869,0,0,1146,"N",14.33,0,0,0,0,0,0,0,"",0,0.0,-3,-1.8,-4,-2.4,-8,-4.8,-110390,-4.4,0,0.0,0,0.0,-16,-1.4
"13063","2","488111","78","0","2025","4","",1,164,164,160,2422869,0,0,1146,"",15.05,48.55,48.11,46.41,49.59,0.00,0.00,1.04,"",0,0.0,-3,-1.8,-4,-2.4,-8,-4.8,-110390,-4.4,0,0.0,0,0.0,-16,-1.4
"13063","2","61","74","0","2025","4","",1,631,627,628,10681523,0,0,1307,"",0.28,0.36,0.35,0.36,0.31,0.00,0.00,0.87,"",0,0.0,33,5.5,24,4.0,19,3.1,568611,5.6,0,0.0,0,0.0,18,1.4
"13063","2","611","75","0","2025","4","",1,631,627,628,10681523,0,0,1307,"",0.28,0.36,0.35,0.36,0.31,0.00,0.00,0.87,"",0,0.0,33,5.5,24,4.0,19,3.1,568611,5.6,0,0.0,0,0.0,18,1.4
"13063","2","6113","76","0","2025","4","",1,631,627,628,10681523,0,0,1307,"",0.38,0.42,0.41,0.41,0.34,0.00,0.00,0.82,"",0,0.0,33,5.5,24,4.0,19,3.1,568611,5.6,0,0.0,0,0.0,18,1.4
"13063","2","61131","77","0","2025","4","",1,631,627,628,10681523,0,0,1307,"",0.38,0.42,0.41,0.41,0.34,0.00,0.00,0.82,"",0,0.0,33,5.5,24,4.0,19,3.1,568611,5.6,0,0.0,0,0.0,18,1.4
"13063","2","611310","78","0","2025","4","",1,631,627,628,10681523,0,0,1307,"",0.38,0.42,0.41,0.41,0.34,0.00,0.00,0.82,"",0,0.0,33,5.5,24,4.0,19,3.1,568611,5.6,0,0.0,0,0.0,18,1.4
"13063","2","62","74","0","2025","4","",6,135,134,133,1518362,0,0,872,"",2.10,0.23,0.22,0.22,0.11,0.00,0.00,0.51,"",0,0.0,-4,-2.9,-7,-5.0,-9,-6.3,-97064,-6.0,0,0.0,0,0.0,-11,-1.2
"13063","2","621","75","0","2025","4","",5,110,107,106,1259824,0,0,900,"",9.39,2.89,2.81,2.79,1.63,0.00,0.00,0.57,"",0,0.0,-5,-4.3,-10,-8.5,-11,-9.4,-66946,-5.0,0,0.0,0,0.0,23,2.6
"13063","2","6214","76","0","2025","4","",5,110,107,106,1259824,0,0,900,"",14.13,5.55,5.40,5.38,3.67,0.00,0.00,0.67,"",0,0.0,-5,-4.3,-10,-8.5,-11,-9.4,-66946,-5.0,0,0.0,0,0.0,23,2.6
"13063","2","62142","77","0","2025","4","",5,110,107,106,1259824,0,0,900,"",24.02,10.35,10.09,9.88,7.15,0.00,0.00,0.71,"",0,0.0,-5,-4.3,-10,-8.5,-11,-9.4,-66946,-5.0,0,0.0,0,0.0,23,2.6
"13063","2","621420","78","0","2025","4","",5,110,107,106,1259824,0,0,900,"",24.02,10.35,10.09,9.88,7.15,0.00,0.00,0.71,"",0,0.0,-5,-4.3,-10,-8.5,-11,-9.4,-66946,-5.0,0,0.0,0,0.0,23,2.6
"13063","2","623","75","0","2025","4","",1,25,27,27,258538,0,0,755,"",1.32,0.28,0.30,0.30,0.15,0.00,0.00,0.53,"",0,0.0,1,4.2,3,12.5,2,8.0,-30118,-10.4,0,0.0,0,0.0,-158,-17.3
"13063","2","6239","76","0","2025","4","",1,25,27,27,258538,0,0,755,"",6.54,3.06,3.28,3.22,1.42,0.00,0.00,0.45,"",0,0.0,1,4.2,3,12.5,2,8.0,-30118,-10.4,0,0.0,0,0.0,-158,-17.3
"13063","2","62399","77","0","2025","4","",1,25,27,27,258538,0,0,755,"",6.54,3.06,3.28,3.22,1.42,0.00,0.00,0.45,"",0,0.0,1,4.2,3,12.5,2,8.0,-30118,-10.4,0,0.0,0,0.0,-158,-17.3
"13063","2","623990","78","0","2025","4","",1,25,27,27,258538,0,0,755,"",6.54,3.06,3.28,3.22,1.42,0.00,0.00,0.45,"",0,0.0,1,4.2,3,12.5,2,8.0,-30118,-10.4,0,0.0,0,0.0,-158,-17.3
"13063","2","81","74","0","2025","4","",1,68,68,66,695581,0,0,795,"N",13.52,0,0,0,0,0,0,0,"",0,0.0,19,38.8,21,44.7,21,46.7,110662,18.9,0,0.0,0,0.0,-162,-16.9
"13063","2","813","75","0","2025","4","",1,68,68,66,695581,0,0,795,"",16.97,19.11,19.20,18.70,15.54,0.00,0.00,0.82,"",0,0.0,19,38.8,21,44.7,21,46.7,110662,18.9,0,0.0,0,0.0,-162,-16.9
"13063","2","8133","76","0","2025","4","",1,68,68,66,695581,0,0,795,"N",24.93,0,0,0,0,0,0,0,"",0,0.0,19,38.8,21,44.7,21,46.7,110662,18.9,0,0.0,0,0.0,-162,-16.9
"13063","2","81331","77","0","2025","4","",1,68,68,66,695581,0,0,795,"N",24.93,0,0,0,0,0,0,0,"",0,0.0,19,38.8,21,44.7,21,46.7,110662,18.9,0,0.0,0,0.0,-162,-16.9
"13063","2","813319","78","0","2025","4","",1,68,68,66,695581,0,0,795,"",26.89,52.78,52.13,51.58,49.83,0.00,0.00,0.96,"",0,0.0,19,38.8,21,44.7,21,46.7,110662,18.9,0,0.0,0,0.0,-162,-16.9
"13063","2","92","74","0","2025","4","",17,678,680,688,10091718,0,0,1138,"",0.79,0.43,0.43,0.43,0.31,0.00,0.00,0.71,"",0,0.0,-14,-2.0,-10,-1.4,-3,-0.4,-71781,-0.7,0,0.0,0,0.0,7,0.6
"13063","2","921","75","0","2025","4","",4,25,25,25,379583,0,0,1168,"",1.46,0.12,0.12,0.12,0.08,0.00,0.00,0.68,"",0,0.0,-7,-21.9,-4,-13.8,-3,-10.7,-91285,-19.4,0,0.0,0,0.0,-53,-4.3
"13063","2","9211","76","0","2025","4","",4,25,25,25,379583,0,0,1168,"",1.46,0.12,0.12,0.12,0.08,0.00,0.00,0.68,"",0,0.0,-7,-21.9,-4,-13.8,-3,-10.7,-91285,-19.4,0,0.0,0,0.0,-53,-4.3
"13063","2","92113","77","0","2025","4","",1,2,2,2,25361,0,0,975,"",0.97,0.02,0.02,0.02,0.01,0.00,0.00,0.56,"",0,0.0,0,0.0,0,0.0,0,0.0,842,3.4,0,0.0,0,0.0,32,3.4
"13063","2","921130","78","0","2025","4","",1,2,2,2,25361,0,0,975,"",0.97,0.02,0.02,0.02,0.01,0.00,0.00,0.56,"",0,0.0,0,0.0,0,0.0,0,0.0,842,3.4,0,0.0,0,0.0,32,3.4
"13063","2","92119","77","0","2025","4","",3,23,23,23,354222,0,0,1185,"",2.42,0.29,0.29,0.29,0.19,0.00,0.00,0.67,"",0,0.0,-7,-23.3,-4,-14.8,-3,-11.5,-92127,-20.6,0,0.0,0,0.0,-56,-4.5
"13063","2","921190","78","0","2025","4","",3,23,23,23,354222,0,0,1185,"",2.42,0.29,0.29,0.29,0.19,0.00,0.00,0.67,"",0,0.0,-7,-23.3,-4,-14.8,-3,-11.5,-92127,-20.6,0,0.0,0,0.0,-56,-4.5
"13063","2","922","75","0","2025","4","",6,192,193,193,3246489,0,0,1296,"",0.98,0.33,0.33,0.33,0.26,0.00,0.00,0.77,"",0,0.0,1,0.5,1,0.5,0,0.0,-3829,-0.1,0,0.0,0,0.0,-6,-0.5
"13063","2","9221","76","0","2025","4","",6,192,193,193,3246489,0,0,1296,"",0.98,0.33,0.33,0.33,0.26,0.00,0.00,0.77,"",0,0.0,1,0.5,1,0.5,0,0.0,-3829,-0.1,0,0.0,0,0.0,-6,-0.5
"13063","2","92211","77","0","2025","4","",1,10,9,0,221519,0,0,2691,"",0.60,0.11,0.10,0.00,0.11,0.00,0.00,1.59,"",0,0.0,0,0.0,0,0.0,-9,-100.0,-4475,-2.0,0,0.0,0,0.0,828,44.4
"13063","2","922110","78","0","2025","4","",1,10,9,0,221519,0,0,2691,"",0.60,0.11,0.10,0.00,0.11,0.00,0.00,1.59,"",0,0.0,0,0.0,0,0.0,-9,-100.0,-4475,-2.0,0,0.0,0,0.0,828,44.4
"13063","2","92212","77","0","2025","4","",1,22,21,22,433141,0,0,1538,"",0.89,0.24,0.23,0.24,0.17,0.00,0.00,0.73,"",0,0.0,4,22.2,3,16.7,3,15.8,62880,17.0,0,0.0,0,0.0,-16,-1.0
"13063","2","922120","78","0","2025","4","",1,22,21,22,433141,0,0,1538,"",0.89,0.24,0.23,0.24,0.17,0.00,0.00,0.73,"",0,0.0,4,22.2,3,16.7,3,15.8,62880,17.0,0,0.0,0,0.0,-16,-1.0
"13063","2","92213","77","0","2025","4","",2,71,73,75,1375118,0,0,1449,"",2.26,1.32,1.36,1.38,1.14,0.00,0.00,0.84,"",0,0.0,-4,-5.3,1,1.4,3,4.2,-73895,-5.1,0,0.0,0,0.0,-78,-5.1
"13063","2","922130","78","0","2025","4","",2,71,73,75,1375118,0,0,1449,"",2.26,1.32,1.36,1.38,1.14,0.00,0.00,0.84,"",0,0.0,-4,-5.3,1,1.4,3,4.2,-73895,-5.1,0,0.0,0,0.0,-78,-5.1
"13063","2","92214","77","0","2025","4","",1,42,43,48,539986,0,0,937,"",0.59,0.14,0.14,0.16,0.09,0.00,0.00,0.61,"",0,0.0,9,27.3,5,13.2,10,26.3,98624,22.3,0,0.0,0,0.0,3,0.3
"13063","2","922140","78","0","2025","4","",1,42,43,48,539986,0,0,937,"",0.59,0.14,0.14,0.16,0.09,0.00,0.00,0.61,"",0,0.0,9,27.3,5,13.2,10,26.3,98624,22.3,0,0.0,0,0.0,3,0.3
"13063","2","92215","77","0","2025","4","",1,47,47,48,676725,0,0,1100,"",2.53,2.79,2.78,2.80,2.12,0.00,0.00,0.76,"",0,0.0,-8,-14.5,-8,-14.5,-7,-12.7,-86963,-11.4,0,0.0,0,0.0,32,3.0
"13063","2","922150","78","0","2025","4","",1,47,47,48,676725,0,0,1100,"",2.53,2.79,2.78,2.80,2.12,0.00,0.00,0.76,"",0,0.0,-8,-14.5,-8,-14.5,-7,-12.7,-86963,-11.4,0,0.0,0,0.0,32,3.0
"13063","2","923","75","0","2025","4","",4,151,155,160,2052389,0,0,1016,"",0.87,0.41,0.42,0.43,0.28,0.00,0.00,0.67,"",0,0.0,-6,-3.8,0,0.0,9,6.0,87775,4.5,0,0.0,0,0.0,37,3.8
"13063","2","9231","76","0","2025","4","",4,151,155,160,2052389,0,0,1016,"",0.87,0.41,0.42,0.43,0.28,0.00,0.00,0.67,"",0,0.0,-6,-3.8,0,0.0,9,6.0,87775,4.5,0,0.0,0,0.0,37,3.8
"13063","2","92312","77","0","2025","4","",4,151,155,160,2052389,0,0,1016,"",2.49,1.18,1.21,1.24,0.77,0.00,0.00,0.64,"",0,0.0,-6,-3.8,0,0.0,9,6.0,87775,4.5,0,0.0,0,0.0,37,3.8
"13063","2","923120","78","0","2025","4","",4,151,155,160,2052389,0,0,1016,"",2.49,1.18,1.21,1.24,0.77,0.00,0.00,0.64,"",0,0.0,-6,-3.8,0,0.0,9,6.0,87775,4.5,0,0.0,0,0.0,37,3.8
"13063","2","924","75","0","2025","4","",1,275,272,275,4024047,0,0,1130,"",0.34,2.03,2.06,2.10,1.55,0.00,0.00,0.75,"",0,0.0,-2,-0.7,-7,-2.5,-8,-2.8,-53008,-1.3,0,0.0,0,0.0,9,0.8
"13063","2","9241","76","0","2025","4","",1,275,272,275,4024047,0,0,1130,"",0.34,2.03,2.06,2.10,1.55,0.00,0.00,0.75,"",0,0.0,-2,-0.7,-7,-2.5,-8,-2.8,-53008,-1.3,0,0.0,0,0.0,9,0.8
"13063","2","92412","77","0","2025","4","",1,275,272,275,4024047,0,0,1130,"",0.43,2.83,2.90,2.97,2.38,0.00,0.00,0.82,"",0,0.0,-2,-0.7,-7,-2.5,-8,-2.8,-53008,-1.3,0,0.0,0,0.0,9,0.8
"13063","2","924120","78","0","2025","4","",1,275,272,275,4024047,0,0,1130,"",0.43,2.83,2.90,2.97,2.38,0.00,0.00,0.82,"",0,0.0,-2,-0.7,-7,-2.5,-8,-2.8,-53008,-1.3,0,0.0,0,0.0,9,0.8
"13063","2","926","75","0","2025","4","",2,35,35,35,389210,0,0,855,"",0.43,0.13,0.13,0.13,0.07,0.00,0.00,0.55,"",0,0.0,0,0.0,0,0.0,-1,-2.8,-11434,-2.9,0,0.0,0,0.0,-17,-1.9
"13063","2","9261","76","0","2025","4","",2,35,35,35,389210,0,0,855,"",0.43,0.13,0.13,0.13,0.07,0.00,0.00,0.55,"",0,0.0,0,0.0,0,0.0,-1,-2.8,-11434,-2.9,0,0.0,0,0.0,-17,-1.9
"13063","2","92612","77","0","2025","4","",1,17,17,16,160142,0,0,739,"",0.59,0.11,0.11,0.10,0.05,0.00,0.00,0.46,"",0,0.0,1,6.2,1,6.2,-1,-5.9,-1506,-0.9,0,0.0,0,0.0,-22,-2.9
"13063","2","926120","78","0","2025","4","",1,17,17,16,160142,0,0,739,"",0.59,0.11,0.11,0.10,0.05,0.00,0.00,0.46,"",0,0.0,1,6.2,1,6.2,-1,-5.9,-1506,-0.9,0,0.0,0,0.0,-22,-2.9
"13063","2","92614","77","0","2025","4","",1,18,18,19,229068,0,0,961,"",0.79,0.62,0.62,0.67,0.50,0.00,0.00,0.79,"",0,0.0,-1,-5.3,-1,-5.3,0,0.0,-9928,-4.2,0,0.0,0,0.0,-7,-0.7
"13063","2","926140","78","0","2025","4","",1,18,18,19,229068,0,0,961,"",0.79,0.62,0.62,0.67,0.50,0.00,0.00,0.79,"",0,0.0,-1,-5.3,-1,-5.3,0,0.0,-9928,-4.2,0,0.0,0,0.0,-7,-0.7
"13063","3","10","71","0","2025","4","",97,11770,11692,11626,182796621,24682,150,1202,"",1.34,0.94,0.92,0.92,0.88,0.01,0.02,0.95,"",0,0.0,-30,-0.3,-46,-0.4,13,0.1,915598,0.5,-34683,-58.4,-119,-44.2,8,0.7
"13063","3","102","72","0","2025","4","",97,11770,11692,11626,182796621,24682,150,1202,"",1.38,0.95,0.93,0.92,0.88,0.01,0.02,0.95,"",0,0.0,-30,-0.3,-46,-0.4,13,0.1,915598,0.5,-34683,-58.4,-119,-44.2,8,0.7
"13063","3","1025","73","0","2025","4","",85,7732,7782,7730,116649705,0,0,1158,"",2.76,1.00,0.99,0.98,0.98,0.00,0.00,0.99,"",0,0.0,36,0.5,25,0.3,32,0.4,1645860,1.4,0,0.0,0,0.0,12,1.0
"13063","3","1028","73","0","2025","4","",12,4038,3910,3896,66146916,24682,150,1289,"",0.45,1.12,1.08,1.07,0.95,0.02,0.05,0.87,"",0,0.0,-66,-1.6,-71,-1.8,-19,-0.5,-730262,-1.1,-34683,-58.4,-119,-44.2,3,0.2
"13063","3","61","74","0","2025","4","",85,7732,7782,7730,116649705,0,0,1158,"",3.07,1.11,1.11,1.10,1.13,0.00,0.00,1.02,"",0,0.0,36,0.5,25,0.3,32,0.4,1645860,1.4,0,0.0,0,0.0,12,1.0
"13063","3","611","75","0","2025","4","",85,7732,7782,7730,116649705,0,0,1158,"",3.07,1.11,1.11,1.10,1.13,0.00,0.00,1.02,"",0,0.0,36,0.5,25,0.3,32,0.4,1645860,1.4,0,0.0,0,0.0,12,1.0
"13063","3","6111","76","0","2025","4","",85,7732,7782,7730,116649705,0,0,1158,"",3.20,1.19,1.19,1.18,1.21,0.00,0.00,1.02,"",0,0.0,36,0.5,25,0.3,32,0.4,1645860,1.4,0,0.0,0,0.0,12,1.0
"13063","3","61111","77","0","2025","4","",85,7732,7782,7730,116649705,0,0,1158,"",3.20,1.19,1.19,1.18,1.21,0.00,0.00,1.02,"",0,0.0,36,0.5,25,0.3,32,0.4,1645860,1.4,0,0.0,0,0.0,12,1.0
"13063","3","611110","78","0","2025","4","",85,7732,7782,7730,116649705,0,0,1158,"",3.20,1.19,1.19,1.18,1.21,0.00,0.00,1.02,"",0,0.0,36,0.5,25,0.3,32,0.4,1645860,1.4,0,0.0,0,0.0,12,1.0
"13063","3","92","74","0","2025","4","",12,4038,3910,3896,66146916,24682,150,1289,"",0.45,1.12,1.08,1.07,0.95,0.02,0.05,0.87,"",0,0.0,-66,-1.6,-71,-1.8,-19,-0.5,-730262,-1.1,-34683,-58.4,-119,-44.2,3,0.2
"13063","3","921","75","0","2025","4","",9,4017,3889,3874,65739519,19841,56,1288,"",0.58,1.69,1.62,1.61,1.59,0.02,0.02,0.97,"",0,0.0,-65,-1.6,-70,-1.8,-19,-0.5,-753322,-1.1,-14666,-42.5,-41,-42.3,2,0.2
"13063","3","9211","76","0","2025","4","",9,4017,3889,3874,65739519,19841,56,1288,"",0.58,1.69,1.62,1.61,1.59,0.02,0.02,0.97,"",0,0.0,-65,-1.6,-70,-1.8,-19,-0.5,-753322,-1.1,-14666,-42.5,-41,-42.3,2,0.2
"13063","3","92114","77","0","2025","4","",8,3593,3460,3448,58152996,19841,56,1278,"",0.91,2.33,2.23,2.22,2.18,0.04,0.06,0.96,"",0,0.0,-69,-1.9,-80,-2.3,-21,-0.6,-1075709,-1.8,-14666,-42.5,-41,-42.3,-3,-0.2
"13063","3","921140","78","0","2025","4","",8,3593,3460,3448,58152996,19841,56,1278,"",0.91,2.33,2.23,2.22,2.18,0.04,0.06,0.96,"",0,0.0,-69,-1.9,-80,-2.3,-21,-0.6,-1075709,-1.8,-14666,-42.5,-41,-42.3,-3,-0.2
"13063","3","92119","77","0","2025","4","",1,424,429,426,7586523,0,0,1369,"",0.48,1.54,1.53,1.54,1.56,0.00,0.00,1.02,"",0,0.0,4,1.0,10,2.4,2,0.5,322387,4.4,0,0.0,0,0.0,42,3.2
"13063","3","921190","78","0","2025","4","",1,424,429,426,7586523,0,0,1369,"",0.48,1.54,1.53,1.54,1.56,0.00,0.00,1.02,"",0,0.0,4,1.0,10,2.4,2,0.5,322387,4.4,0,0.0,0,0.0,42,3.2
"13063","3","925","75","0","2025","4","",2,21,21,22,407397,4841,94,1469,"",1.29,0.29,0.29,0.30,0.32,0.08,0.44,1.07,"",0,0.0,-1,-4.5,-1,-4.5,0,0.0,23060,6.0,-20017,-80.5,-78,-45.3,125,9.3
"13063","3","9251","76","0","2025","4","",2,21,21,22,407397,4841,94,1469,"",1.29,0.29,0.29,0.30,0.32,0.08,0.44,1.07,"",0,0.0,-1,-4.5,-1,-4.5,0,0.0,23060,6.0,-20017,-80.5,-78,-45.3,125,9.3
"13063","3","92511","77","0","2025","4","",2,21,21,22,407397,4841,94,1469,"",2.01,0.48,0.48,0.50,0.51,0.10,0.56,1.04,"",0,0.0,-1,-4.5,-1,-4.5,0,0.0,23060,6.0,-20017,-80.5,-78,-45.3,125,9.3
"13063","3","925110","78","0","2025","4","",2,21,21,22,407397,4841,94,1469,"",2.01,0.48,0.48,0.50,0.51,0.10,0.56,1.04,"",0,0.0,-1,-4.5,-1,-4.5,0,0.0,23060,6.0,-20017,-80.5,-78,-45.3,125,9.3
"13063","3","926","75","0","2025","4","",1,0,0,0,0,0,0,0,"",0.84,0.00,0.00,0.00,0.00,0.00,0.00,0.00,"",0,0.0,0,0.0,0,0.0,0,0.0,0,0.0,0,0.0,0,0.0,0,0.0
"13063","3","9261","76","0","2025","4","",1,0,0,0,0,0,0,0,"",0.84,0.00,0.00,0.00,0.00,0.00,0.00,0.00,"",0,0.0,0,0.0,0,0.0,0,0.0,0,0.0,0,0.0,0,0.0,0,0.0
"13063","3","92611","77","0","2025","4","",1,0,0,0,0,0,0,0,"",3.77,0.00,0.00,0.00,0.00,0.00,0.00,0.00,"",0,0.0,0,0.0,0,0.0,0,0.0,0,0.0,0,0.0,0,0.0,0,0.0
"13063","3","926110","78","0","2025","4","",1,0,0,0,0,0,0,0,"",3.77,0.00,0.00,0.00,0.00,0.00,0.00,0.00,"",0,0.0,0,0.0,0,0.0,0,0.0,0,0.0,0,0.0,0,0.0,0,0.0
"13063","5","10","71","0","2025","4","",4985,115775,116525,117489,2301981722,116491081,1268758,1519,"",1.00,1.04,1.04,1.04,1.05,1.04,1.01,1.01,"",-62,-1.2,1290,1.1,344,0.3,977,0.8,110495820,5.0,-4512020,-3.7,-119347,-8.6,62,4.3
"13063","5","101","72","0","2025","4","",410,9616,9657,9634,204626147,8375536,96342,1634,"",0.65,0.51,0.51,0.51,0.50,0.43,0.35,0.97,"",-4,-1.0,241,2.6,200,2.1,169,1.8,18013675,9.7,-492451,-5.6,20348,26.8,112,7.4
"13063","5","1011","73","0","2025","4","",6,140,142,137,4712049,39156,579,2595,"",0.10,0.09,0.10,0.10,0.17,0.02,0.02,1.81,"",0,0.0,93,197.9,95,202.1,91,197.8,3605486,325.8,1735,4.6,259,80.9,771,42.3
"13063","5","1012","73","0","2025","4","",277,4075,4056,4056,97464990,4406409,49863,1846,"",0.70,0.58,0.58,0.59,0.63,0.50,0.32,1.07,"",-2,-0.7,130,3.3,47,1.2,31,0.8,7226374,8.0,-171431,-3.7,10210,25.7,108,6.2
"13063","5","1013","73","0","2025","4","",127,5401,5459,5441,102449108,3929971,45900,1450,"",0.76,0.52,0.52,0.52,0.45,0.47,0.55,0.86,"",-2,-1.6,18,0.3,58,1.1,47,0.9,7181815,7.5,-322755,-7.6,9879,27.4,91,6.7
"13063","5","102","72","0","2025","4","",4575,106159,106868,107855,2097355575,108115545,1172416,1508,"",1.04,1.15,1.15,1.15,1.18,1.16,1.19,1.03,"",-58,-1.3,1049,1.0,144,0.1,808,0.8,92482145,4.6,-4019569,-3.6,-139695,-10.6,57,3.9
"13063","5","1021","73","0","2025","4","",1530,70641,71400,72201,1657177702,52226242,542965,1785,"",1.80,2.97,2.94,2.93,4.36,2.01,2.27,1.48,"",-78,-4.9,1497,2.2,895,1.3,1739,2.5,83328949,5.3,-700604,-1.3,-191419,-26.1,56,3.2
"13063","5","1022","73","0","2025","4","",65,500,505,608,12009480,441165,4750,1718,"",0.52,0.21,0.21,0.26,0.11,0.23,0.16,0.49,"",7,12.1,-108,-17.8,-107,-17.5,-3,-0.5,-992904,-7.6,-32029,-6.8,-207,-4.2,79,4.8
"13063","5","1023","73","0","2025","4","",427,2890,2848,2832,47842753,2524265,40615,1288,"",0.94,0.40,0.39,0.38,0.21,0.45,0.69,0.54,"",-1,-0.2,-63,-2.1,-134,-4.5,-135,-4.6,-1217065,-2.5,-130662,-4.9,14696,56.7,16,1.3
"13063","5","1024","73","0","2025","4","",675,8828,8937,9162,119232753,19142568,173846,1022,"",0.63,0.47,0.48,0.49,0.23,0.89,0.65,0.49,"",-9,-1.3,-398,-4.3,-567,-6.0,-616,-6.3,4248364,3.7,-5353199,-21.9,-71076,-29.0,91,9.8
"13063","5","1025","73","0","2025","4","",588,10075,9971,9921,149558666,12689302,149040,1152,"",0.61,0.46,0.45,0.44,0.41,0.76,0.89,0.91,"",7,1.2,-50,-0.5,-102,-1.0,-180,-1.8,-182842,-0.1,14991,0.1,31282,26.6,12,1.1
"13063","5","1026","73","0","2025","4","",587,10880,10860,10817,82932896,18473534,220126,588,"",1.40,0.78,0.79,0.78,0.69,1.08,1.26,0.88,"",23,4.1,148,1.4,125,1.2,43,0.4,6598249,8.6,1981176,12.0,68073,44.8,42,7.7
"13063","5","1027","73","0","2025","4","",355,2194,2195,2153,26578190,2271891,31642,938,"",0.95,0.56,0.56,0.55,0.50,0.59,0.79,0.90,"",5,1.4,-10,-0.5,6,0.3,-67,-3.0,402879,1.5,15397,0.7,4011,14.5,25,2.7
"13063","5","1029","73","0","2025","4","",348,151,152,161,2023135,346578,9432,1006,"",3.08,0.82,0.80,0.80,0.46,0.75,1.07,0.57,"",-12,-3.3,33,28.0,28,22.6,27,20.1,296515,17.2,185361,115.0,4945,110.2,-54,-5.1
"13063","5","11","74","0","2025","4","N",4,0,0,0,0,0,0,0,"N",0.08,0,0,0,0,0,0,0,"N",-1,-20.0,0,0,0,0,0,0,0,0,0,0,0,0,0,0
"13063","5","111","75","0","2025","4","N",2,0,0,0,0,0,0,0,"N",0.09,0,0,0,0,0,0,0,"N",-1,-33.3,0,0,0,0,0,0,0,0,0,0,0,0,0,0
"13063","5","1114","76","0","2025","4","N",2,0,0,0,0,0,0,0,"N",0.48,0,0,0,0,0,0,0,"N",-1,-33.3,0,0,0,0,0,0,0,0,0,0,0,0,0,0
"13063","5","11141","77","0","2025","4","N",2,0,0,0,0,0,0,0,"N",1.71,0,0,0,0,0,0,0,"N",0,0.0,0,0,0,0,0,0,0,0,0,0,0,0,0,0
"13063","5","111419","78","0","2025","4","N",2,0,0,0,0,0,0,0,"N",1.94,0,0,0,0,0,0,0,"N",0,0.0,0,0,0,0,0,0,0,0,0,0,0,0,0,0
"13063","5","11142","77","0","2025","4","-",0,0,0,0,0,0,0,0,"N",0.00,0,0,0,0,0,0,0,"N",-1,-100.0,0,0,0,0,0,0,0,0,0,0,0,0,0,0
"13063","5","111421","78","0","2025","4","-",0,0,0,0,0,0,0,0,"N",0.00,0,0,0,0,0,0,0,"N",-1,-100.0,0,0,0,0,0,0,0,0,0,0,0,0,0,0
"13063","5","113","75","0","2025","4","N",1,0,0,0,0,0,0,0,"N",0.28,0,0,0,0,0,0,0,"N",0,0.0,0,0,0,0,0,0,0,0,0,0,0,0,0,0
"13063","5","1133","76","0","2025","4","N",1,0,0,0,0,0,0,0,"N",0.32,0,0,0,0,0,0,0,"N",0,0.0,0,0,0,0,0,0,0,0,0,0,0,0,0,0
"13063","5","11331","77","0","2025","4","N",1,0,0,0,0,0,0,0,"N",0.32,0,0,0,0,0,0,0,"N",0,0.0,0,0,0,0,0,0,0,0,0,0,0,0,0,0
"13063","5","113310","78","0","2025","4","N",1,0,0,0,0,0,0,0,"N",0.32,0,0,0,0,0,0,0,"N",0,0.0,0,0,0,0,0,0,0,0,0,0,0,0,0,0
"13063","5","115","75","0","2025","4","N",1,0,0,0,0,0,0,0,"N",0.11,0,0,0,0,0,0,0,"N",0,0.0,0,0,0,0,0,0,0,0,0,0,0,0,0,0
"13063","5","1151","76","0","2025","4","N",1,0,0,0,0,0,0,0,"N",0.19,0,0,0,0,0,0,0,"N",0,0.0,0,0,0,0,0,0,0,0,0,0,0,0,0,0
"13063","5","11511","77","0","2025","4","N",1,0,0,0,0,0,0,0,"N",0.19,0,0,0,0,0,0,0,"N",0,0.0,0,0,0,0,0,0,0,0,0,0,0,0,0,0
"13063","5","115114","78","0","2025","4","N",1,0,0,0,0,0,0,0,"N",1.11,0,0,0,0,0,0,0,"N",0,0.0,0,0,0,0,0,0,0,0,0,0,0,0,0,0
"13063","5","21","74","0","2025","4","N",2,0,0,0,0,0,0,0,"N",0.16,0,0,0,0,0,0,0,"N",1,100.0,0,0,0,0,0,0,0,0,0,0,0,0,0,0
"13063","5","212","75","0","2025","4","N",2,0,0,0,0,0,0,0,"N",0.65,0,0,0,0,0,0,0,"N",1,100.0,0,0,0,0,0,0,0,0,0,0,0,0,0,0
"13063","5","2123","76","0","2025","4","N",2,0,0,0,0,0,0,0,"N",0.77,0,0,0,0,0,0,0,"N",1,100.0,0,0,0,0,0,0,0,0,0,0,0,0,0,0
"13063","5","21231","77","0","2025","4","N",2,0,0,0,0,0,0,0,"N",1.85,0,0,0,0,0,0,0,"N",1,100.0,0,0,0,0,0,0,0,0,0,0,0,0,0,0
"13063","5","212313","78","0","2025","4","N",1,0,0,0,0,0,0,0,"N",7.57,0,0,0,0,0,0,0,"N",0,0.0,0,0,0,0,0,0,0,0,0,0,0,0,0,0
"13063","5","212319","78","0","2025","4","N",1,0,0,0,0,0,0,0,"N",4.63,0,0,0,0,0,0,0,"N",1,100.0,0,0,0,0,0,0,0,0,0,0,0,0,0,0
"13063","5","22","74","0","2025","4","N",13,0,0,0,0,0,0,0,"N",1.23,0,0,0,0,0,0,0,"N",-2,-13.3,0,0,0,0,0,0,0,0,0,0,0,0,0,0
"13063","5","221","75","0","2025","4","N",13,0,0,0,0,0,0,0,"N",1.23,0,0,0,0,0,0,0,"N",-2,-13.3,0,0,0,0,0,0,0,0,0,0,0,0,0,0
"13063","5","2211","76","0","2025","4","N",9,0,0,0,0,0,0,0,"N",1.44,0,0,0,0,0,0,0,"N",-1,-10.0,0,0,0,0,0,0,0,0,0,0,0,0,0,0
"13063","5","22111","77","0","2025","4","-",0,0,0,0,0,0,0,0,"N",0.00,0,0,0,0,0,0,0,"N",-1,-100.0,0,0,0,0,0,0,0,0,0,0,0,0,0,0
"13063","5","221118","78","0","2025","4","-",0,0,0,0,0,0,0,0,"N",0.00,0,0,0,0,0,0,0,"N",-1,-100.0,0,0,0,0,0,0,0,0,0,0,0,0,0,0
"13063","5","22112","77","0","2025","4","N",9,0,0,0,0,0,0,0,"N",2.92,0,0,0,0,0,0,0,"N",0,0.0,0,0,0,0,0,0,0,0,0,0,0,0,0,0
"13063","5","221121","78","0","2025","4","N",1,0,0,0,0,0,0,0,"N",2.58,0,0,0,0,0,0,0,"N",0,0.0,0,0,0,0,0,0,0,0,0,0,0,0,0,0
"13063","5","221122","78","0","2025","4","N",8,0,0,0,0,0,0,0,"N",2.97,0,0,0,0,0,0,0,"N",0,0.0,0,0,0,0,0,0,0,0,0,0,0,0,0,0
"13063","5","2212","76","0","2025","4","N",2,0,0,0,0,0,0,0,"N",1.43,0,0,0,0,0,0,0,"N",0,0.0,0,0,0,0,0,0,0,0,0,0,0,0,0,0
"13063","5","22121","77","0","2025","4","N",2,0,0,0,0,0,0,0,"N",1.43,0,0,0,0,0,0,0,"N",0,0.0,0,0,0,0,0,0,0,0,0,0,0,0,0,0
"13063","5","221210","78","0","2025","4","N",2,0,0,0,0,0,0,0,"N",1.43,0,0,0,0,0,0,0,"N",0,0.0,0,0,0,0,0,0,0,0,0,0,0,0,0,0
"13063","5","2213","76","0","2025","4","N",2,0,0,0,0,0,0,0,"N",0.69,0,0,0,0,0,0,0,"N",-1,-33.3,0,0,0,0,0,0,0,0,0,0,0,0,0,0
"13063","5","22131","77","0","2025","4","N",2,0,0,0,0,0,0,0,"N",0.80,0,0,0,0,0,0,0,"N",0,0.0,0,0,0,0,0,0,0,0,0,0,0,0,0,0
"13063","5","221310","78","0","2025","4","N",2,0,0,0,0,0,0,0,"N",0.80,0,0,0,0,0,0,0,"N",0,0.0,0,0,0,0,0,0,0,0,0,0,0,0,0,0
"13063","5","23","74","0","2025","4","",277,4075,4056,4056,97464990,4406409,49863,1846,"",0.70,0.58,0.58,0.59,0.63,0.50,0.32,1.07,"",-2,-0.7,130,3.3,47,1.2,31,0.8,7226374,8.0,-171431,-3.7,10210,25.7,108,6.2
"13063","5","236","75","0","2025","4","",73,328,309,310,7213579,479469,7572,1758,"",0.59,0.21,0.20,0.20,0.19,0.24,0.24,0.92,"",1,1.4,80,32.3,51,19.8,52,20.2,1555285,27.5,256106,114.7,5372,244.2,49,2.9
"13063","5","2361","76","0","2025","4","",54,107,97,94,1612496,97411,2120,1249,"",0.56,0.14,0.13,0.12,0.10,0.09,0.15,0.79,"",-3,-5.3,30,39.0,13,15.5,11,13.3,248052,18.2,17066,21.2,556,35.5,-41,-3.2
"13063","5","23611","77","0","2025","4","",54,107,97,94,1612496,97411,2120,1249,"",0.56,0.14,0.13,0.12,0.10,0.09,0.15,0.79,"",-3,-5.3,30,39.0,13,15.5,11,13.3,248052,18.2,17066,21.2,556,35.5,-41,-3.2
"13063","5","236115","78","0","2025","4","",30,73,71,71,1262899,47345,946,1356,"",0.82,0.24,0.23,0.23,0.19,0.10,0.18,0.81,"",-5,-14.3,14,23.7,6,9.2,7,10.9,137598,12.2,-17225,-26.7,-472,-33.3,-25,-1.8
"13063","5","236116","78","0","2025","4","N",2,0,0,0,0,0,0,0,"N",0.89,0,0,0,0,0,0,0,"N",1,100.0,0,0,0,0,0,0,0,0,0,0,0,0,0,0
"13063","5","236117","78","0","2025","4","N",1,0,0,0,0,0,0,0,"N",0.42,0,0,0,0,0,0,0,"N",0,0.0,0,0,0,0,0,0,0,0,0,0,0,0,0,0
"13063","5","236118","78","0","2025","4","",21,30,22,19,290349,50066,1174,944,"",0.39,0.08,0.06,0.05,0.04,0.09,0.16,0.73,"",1,5.0,15,100.0,6,37.5,3,18.8,84490,41.0,35091,234.3,1050,846.8,-67,-6.6
"13063","5","2362","76","0","2025","4","",19,221,212,216,5601083,382058,5452,1992,"",0.69,0.28,0.27,0.27,0.24,0.42,0.30,0.88,"",4,26.7,50,29.2,38,21.8,41,23.4,1307233,30.4,239040,167.1,4816,757.2,86,4.5
"13063","5","23621","77","0","2025","4","N",1,0,0,0,0,0,0,0,"N",0.32,0,0,0,0,0,0,0,"N",1,100.0,0,0,0,0,0,0,0,0,0,0,0,0,0,0
"13063","5","236210","78","0","2025","4","N",1,0,0,0,0,0,0,0,"N",0.32,0,0,0,0,0,0,0,"N",1,100.0,0,0,0,0,0,0,0,0,0,0,0,0,0,0
"13063","5","23622","77","0","2025","4","N",18,0,0,0,0,0,0,0,"N",0.73,0,0,0,0,0,0,0,"N",3,20.0,0,0,0,0,0,0,0,0,0,0,0,0,0,0
"13063","5","236220","78","0","2025","4","N",18,0,0,0,0,0,0,0,"N",0.73,0,0,0,0,0,0,0,"N",3,20.0,0,0,0,0,0,0,0,0,0,0,0,0,0,0
"13063","5","237","75","0","2025","4","",18,1476,1493,1488,38132773,1899194,15780,1974,"",0.72,1.43,1.47,1.51,1.47,1.45,0.53,1.00,"",4,28.6,441,42.6,423,39.5,454,43.9,13084145,52.2,625953,49.2,2525,19.0,133,7.2
"13063","5","2371","76","0","2025","4","",12,1359,1376,1372,35420704,1818427,13460,1990,"",0.92,2.54,2.60,2.62,2.65,2.40,0.82,1.02,"",3,33.3,356,35.5,338,32.6,372,37.2,10929430,44.6,571433,45.8,953,7.6,131,7.0
"13063","5","23711","77","0","2025","4","N",5,0,0,0,0,0,0,0,"N",0.92,0,0,0,0,0,0,0,"N",0,0.0,0,0,0,0,0,0,0,0,0,0,0,0,0,0
"13063","5","237110","78","0","2025","4","N",5,0,0,0,0,0,0,0,"N",0.92,0,0,0,0,0,0,0,"N",0,0.0,0,0,0,0,0,0,0,0,0,0,0,0,0,0
"13063","5","23712","77","0","2025","4","N",1,0,0,0,0,0,0,0,"N",0.54,0,0,0,0,0,0,0,"N",1,100.0,0,0,0,0,0,0,0,0,0,0,0,0,0,0
"13063","5","237120","78","0","2025","4","N",1,0,0,0,0,0,0,0,"N",0.54,0,0,0,0,0,0,0,"N",1,100.0,0,0,0,0,0,0,0,0,0,0,0,0,0,0
"13063","5","23713","77","0","2025","4","",6,1093,1109,1105,29316045,1353917,13085,2046,"",1.04,4.96,5.09,5.10,5.15,3.95,1.79,1.02,"",2,50.0,129,13.4,110,11.0,142,14.7,5670601,24.0,204731,17.8,1840,16.4,181,9.7
"13063","5","237130","78","0","2025","4","",6,1093,1109,1105,29316045,1353917,13085,2046,"",1.04,4.96,5.09,5.10,5.15,3.95,1.79,1.02,"",2,50.0,129,13.4,110,11.0,142,14.7,5670601,24.0,204731,17.8,1840,16.4,181,9.7
"13063","5","2373","76","0","2025","4","N",4,0,0,0,0,0,0,0,"N",0.76,0,0,0,0,0,0,0,"N",1,33.3,0,0,0,0,0,0,0,0,0,0,0,0,0,0
"13063","5","23731","77","0","2025","4","N",4,0,0,0,0,0,0,0,"N",0.76,0,0,0,0,0,0,0,"N",1,33.3,0,0,0,0,0,0,0,0,0,0,0,0,0,0
"13063","5","237310","78","0","2025","4","N",4,0,0,0,0,0,0,0,"N",0.76,0,0,0,0,0,0,0,"N",1,33.3,0,0,0,0,0,0,0,0,0,0,0,0,0,0
"13063","5","2379","76","0","2025","4","N",2,0,0,0,0,0,0,0,"N",0.46,0,0,0,0,0,0,0,"N",0,0.0,0,0,0,0,0,0,0,0,0,0,0,0,0,0
"13063","5","23799","77","0","2025","4","N",2,0,0,0,0,0,0,0,"N",0.46,0,0,0,0,0,0,0,"N",0,0.0,0,0,0,0,0,0,0,0,0,0,0,0,0,0
"13063","5","237990","78","0","2025","4","N",2,0,0,0,0,0,0,0,"N",0.46,0,0,0,0,0,0,0,"N",0,0.0,0,0,0,0,0,0,0,0,0,0,0,0,0,0
"13063","5","238","75","0","2025","4","",186,2271,2254,2258,52118638,2027746,26511,1773,"",0.75,0.52,0.52,0.52,0.58,0.36,0.28,1.11,"",-7,-3.6,-391,-14.7,-427,-15.9,-475,-17.4,-7413056,-12.5,-1053490,-34.2,2313,9.6,72,4.2
"13063","5","2381","76","0","2025","4","",58,702,682,674,13776145,410293,5767,1545,"",1.16,0.86,0.84,0.85,0.89,0.36,0.29,1.05,"",-4,-6.5,-86,-10.9,-70,-9.3,-120,-15.1,-1555919,-10.1,-382718,-48.3,-2064,-26.4,29,1.9
"13063","5","23811","77","0","2025","4","",12,164,154,149,2437485,76490,1229,1204,"",1.15,0.76,0.71,0.71,0.59,0.25,0.23,0.81,"N",0,0.0,0,0,0,0,0,0,0,0,0,0,0,0,0,0
"13063","5","238111","78","0","2025","4","N",7,0,0,0,0,0,0,0,"N",0.92,0,0,0,0,0,0,0,"N",0,0.0,0,0,0,0,0,0,0,0,0,0,0,0,0,0
"13063","5","238112","78","0","2025","4","N",5,0,0,0,0,0,0,0,"N",1.79,0,0,0,0,0,0,0,"N",0,0.0,0,0,0,0,0,0,0,0,0,0,0,0,0,0
"13063","5","23812","77","0","2025","4","N",3,0,0,0,0,0,0,0,"N",1.25,0,0,0,0,0,0,0,"N",0,0.0,0,0,0,0,0,0,0,0,0,0,0,0,0,0
"13063","5","238122","78","0","2025","4","N",3,0,0,0,0,0,0,0,"N",1.73,0,0,0,0,0,0,0,"N",0,0.0,0,0,0,0,0,0,0,0,0,0,0,0,0,0
"13063","5","23813","77","0","2025","4","N",4,0,0,0,0,0,0,0,"N",0.84,0,0,0,0,0,0,0,"N",1,33.3,0,0,0,0,0,0,0,0,0,0,0,0,0,0
"13063","5","238131","78","0","2025","4","N",3,0,0,0,0,0,0,0,"N",0.73,0,0,0,0,0,0,0,"N",1,50.0,0,0,0,0,0,0,0,0,0,0,0,0,0,0
"13063","5","238132","78","0","2025","4","N",1,0,0,0,0,0,0,0,"N",1.51,0,0,0,0,0,0,0,"N",0,0.0,0,0,0,0,0,0,0,0,0,0,0,0,0,0
"13063","5","23814","77","0","2025","4","",8,5,5,7,41000,5750,16,557,"",1.03,0.04,0.04,0.06,0.02,0.04,0.00,0.41,"",-1,-11.1,-4,-44.4,-2,-28.6,-1,-12.5,-270,-0.7,-3973,-40.9,-214,-93.0,160,40.3
"13063","5","238141","78","0","2025","4","N",5,0,0,0,0,0,0,0,"N",0.84,0,0,0,0,0,0,0,"N",0,0.0,0,0,0,0,0,0,0,0,0,0,0,0,0,0
"13063","5","238142","78","0","2025","4","N",3,0,0,0,0,0,0,0,"N",1.59,0,0,0,0,0,0,0,"N",-1,-25.0,0,0,0,0,0,0,0,0,0,0,0,0,0,0
"13063","5","23815","77","0","2025","4","",8,115,111,112,1805714,84186,1120,1233,"",2.35,1.91,1.84,1.85,1.50,1.34,1.05,0.80,"",0,0.0,-6,-5.0,-9,-7.5,-11,-8.9,-100165,-5.3,-35007,-29.4,-389,-25.8,25,2.1
"13063","5","238151","78","0","2025","4","N",3,0,0,0,0,0,0,0,"N",1.48,0,0,0,0,0,0,0,"N",0,0.0,0,0,0,0,0,0,0,0,0,0,0,0,0,0
"13063","5","238152","78","0","2025","4","N",5,0,0,0,0,0,0,0,"N",3.61,0,0,0,0,0,0,0,"N",0,0.0,0,0,0,0,0,0,0,0,0,0,0,0,0,0
"13063","5","23816","77","0","2025","4","N",14,0,0,0,0,0,0,0,"N",1.00,0,0,0,0,0,0,0,"N",0,0.0,0,0,0,0,0,0,0,0,0,0,0,0,0,0
"13063","5","238161","78","0","2025","4","",11,8,8,7,76546,2900,78,768,"",0.97,0.07,0.07,0.06,0.04,0.02,0.04,0.57,"",1,10.0,0,0.0,-1,-11.1,-1,-12.5,-12504,-14.0,-24100,-89.3,41,110.8,-54,-6.6
"13063","5","238162","78","0","2025","4","N",3,0,0,0,0,0,0,0,"N",1.12,0,0,0,0,0,0,0,"N",-1,-25.0,0,0,0,0,0,0,0,0,0,0,0,0,0,0
"13063","5","23817","77","0","2025","4","N",1,0,0,0,0,0,0,0,"N",0.27,0,0,0,0,0,0,0,"N",-2,-66.7,0,0,0,0,0,0,0,0,0,0,0,0,0,0
"13063","5","238171","78","0","2025","4","-",0,0,0,0,0,0,0,0,"N",0.00,0,0,0,0,0,0,0,"N",-2,-100.0,0,0,0,0,0,0,0,0,0,0,0,0,0,0
"13063","5","238172","78","0","2025","4","N",1,0,0,0,0,0,0,0,"N",4.17,0,0,0,0,0,0,0,"N",0,0.0,0,0,0,0,0,0,0,0,0,0,0,0,0,0
"13063","5","23819","77","0","2025","4","",8,9,9,8,212098,14900,402,1883,"",2.23,0.21,0.21,0.19,0.25,0.22,0.36,1.25,"",-2,-20.0,-34,-79.1,-31,-77.5,-34,-81.0,-769270,-78.4,-15116,-50.4,-408,-50.4,71,3.9
"13063","5","238191","78","0","2025","4","N",3,0,0,0,0,0,0,0,"N",1.39,0,0,0,0,0,0,0,"N",0,0.0,0,0,0,0,0,0,0,0,0,0,0,0,0,0
"13063","5","238192","78","0","2025","4","N",5,0,0,0,0,0,0,0,"N",3.50,0,0,0,0,0,0,0,"N",-2,-28.6,0,0,0,0,0,0,0,0,0,0,0,0,0,0
"13063","5","2382","76","0","2025","4","",75,911,917,933,20149808,1023710,15010,1684,"",0.75,0.42,0.42,0.42,0.41,0.40,0.35,0.97,"",-1,-1.3,-266,-22.6,-318,-25.7,-300,-24.3,-5586556,-21.7,-796956,-43.8,3180,26.9,55,3.4
"13063","5","23821","77","0","2025","4","",29,208,201,196,4589561,181850,4097,1751,"",0.69,0.22,0.21,0.20,0.21,0.15,0.19,0.99,"",0,0.0,-357,-63.2,-424,-67.8,-427,-68.5,-8678899,-65.4,-1171450,-86.6,-4625,-53.0,62,3.7
"13063","5","238211","78","0","2025","4","",15,27,25,18,431339,11242,163,1422,"",0.58,0.09,0.08,0.06,0.08,0.03,0.03,1.01,"",1,7.1,8,42.1,1,4.2,-5,-21.7,109016,33.8,-12316,-52.3,-173,-51.5,295,26.2
"13063","5","238212","78","0","2025","4","",14,181,176,178,4158222,170608,3934,1794,"",0.85,0.28,0.27,0.27,0.25,0.22,0.24,0.92,"",-1,-6.7,-365,-66.8,-425,-70.7,-422,-70.3,-8787915,-67.9,-1159134,-87.2,-4452,-53.1,84,4.9
"13063","5","23822","77","0","2025","4","",39,564,564,573,11897830,499170,7943,1614,"",0.75,0.51,0.51,0.52,0.50,0.41,0.43,0.98,"N",-2,-4.9,0,0,0,0,0,0,0,0,0,0,0,0,0,0
"13063","5","238221","78","0","2025","4","",21,231,229,228,4324057,73679,635,1450,"",0.53,0.41,0.40,0.40,0.43,0.11,0.08,1.06,"N",1,5.0,0,0,0,0,0,0,0,0,0,0,0,0,0,0
"13063","5","238222","78","0","2025","4","",18,333,335,345,7573773,425491,7308,1725,"",1.45,0.63,0.63,0.64,0.56,0.77,0.69,0.88,"",-3,-14.3,23,7.4,35,11.7,48,16.2,1263826,20.0,237623,126.5,4912,205.0,120,7.5
"13063","5","23829","77","0","2025","4","",7,139,152,164,3662417,342690,2970,1858,"",1.30,1.03,1.12,1.20,1.03,2.24,0.93,0.93,"N",1,16.7,0,0,0,0,0,0,0,0,0,0,0,0,0,0
"13063","5","238291","78","0","2025","4","N",1,0,0,0,0,0,0,0,"N",0.71,0,0,0,0,0,0,0,"N",0,0.0,0,0,0,0,0,0,0,0,0,0,0,0,0,0
"13063","5","238292","78","0","2025","4","N",6,0,0,0,0,0,0,0,"N",1.51,0,0,0,0,0,0,0,"N",1,20.0,0,0,0,0,0,0,0,0,0,0,0,0,0,0
"13063","5","2383","76","0","2025","4","",31,301,302,304,8757180,169865,1488,2228,"",0.54,0.44,0.44,0.45,0.72,0.18,0.10,1.63,"",2,6.9,33,12.3,33,12.3,28,10.1,1144244,15.0,26885,18.8,-123,-7.6,67,3.1
"13063","5","23831","77","0","2025","4","",9,43,40,40,689159,19143,256,1293,"",0.98,0.21,0.20,0.20,0.18,0.07,0.04,0.87,"",1,12.5,16,59.3,13,48.1,13,48.1,359570,109.1,-1189,-5.8,79,44.6,354,37.7
"13063","5","238311","78","0","2025","4","N",8,0,0,0,0,0,0,0,"N",1.20,0,0,0,0,0,0,0,"N",1,14.3,0,0,0,0,0,0,0,0,0,0,0,0,0,0
"13063","5","238312","78","0","2025","4","N",1,0,0,0,0,0,0,0,"N",0.40,0,0,0,0,0,0,0,"N",0,0.0,0,0,0,0,0,0,0,0,0,0,0,0,0,0
"13063","5","23832","77","0","2025","4","",7,8,10,8,142027,11086,258,1261,"",0.40,0.05,0.06,0.05,0.05,0.04,0.07,1.02,"",1,16.7,2,33.3,5,100.0,2,33.3,61406,76.2,10893,5644.0,258,100.0,167,15.3
"13063","5","238321","78","0","2025","4","",7,8,10,8,142027,11086,258,1261,"",0.48,0.08,0.10,0.08,0.10,0.07,0.13,1.21,"",1,16.7,2,33.3,5,100.0,2,33.3,61406,76.2,10893,5644.0,258,100.0,167,15.3
"13063","5","23833","77","0","2025","4","",5,6,7,7,69865,7700,210,806,"",0.62,0.09,0.11,0.11,0.06,0.09,0.18,0.59,"N",2,66.7,0,0,0,0,0,0,0,0,0,0,0,0,0,0
"13063","5","238331","78","0","2025","4","",5,6,7,7,69865,7700,210,806,"",0.75,0.14,0.16,0.16,0.11,0.13,0.32,0.68,"N",2,66.7,0,0,0,0,0,0,0,0,0,0,0,0,0,0
"13063","5","23834","77","0","2025","4","N",3,0,0,0,0,0,0,0,"N",0.71,0,0,0,0,0,0,0,"N",0,0.0,0,0,0,0,0,0,0,0,0,0,0,0,0,0
"13063","5","238341","78","0","2025","4","N",2,0,0,0,0,0,0,0,"N",0.53,0,0,0,0,0,0,0,"N",0,0.0,0,0,0,0,0,0,0,0,0,0,0,0,0,0
"13063","5","238342","78","0","2025","4","N",1,0,0,0,0,0,0,0,"N",2.06,0,0,0,0,0,0,0,"N",0,0.0,0,0,0,0,0,0,0,0,0,0,0,0,0,0
"13063","5","23835","77","0","2025","4","N",2,0,0,0,0,0,0,0,"N",0.15,0,0,0,0,0,0,0,"N",-2,-50.0,0,0,0,0,0,0,0,0,0,0,0,0,0,0
"13063","5","238351","78","0","2025","4","N",2,0,0,0,0,0,0,0,"N",0.16,0,0,0,0,0,0,0,"N",-1,-33.3,0,0,0,0,0,0,0,0,0,0,0,0,0,0
"13063","5","238352","78","0","2025","4","-",0,0,0,0,0,0,0,0,"N",0.00,0,0,0,0,0,0,0,"N",-1,-100.0,0,0,0,0,0,0,0,0,0,0,0,0,0,0
"13063","5","23839","77","0","2025","4","N",5,0,0,0,0,0,0,0,"N",1.09,0,0,0,0,0,0,0,"N",0,0.0,0,0,0,0,0,0,0,0,0,0,0,0,0,0
"13063","5","238391","78","0","2025","4","N",2,0,0,0,0,0,0,0,"N",0.75,0,0,0,0,0,0,0,"N",0,0.0,0,0,0,0,0,0,0,0,0,0,0,0,0,0
"13063","5","238392","78","0","2025","4","N",3,0,0,0,0,0,0,0,"N",1.58,0,0,0,0,0,0,0,"N",0,0.0,0,0,0,0,0,0,0,0,0,0,0,0,0,0
"13063","5","2389","76","0","2025","4","",22,357,353,347,9435505,423878,4246,2060,"",0.52,0.51,0.51,0.52,0.68,0.47,0.24,1.33,"",-4,-15.4,-72,-16.8,-72,-16.9,-83,-19.3,-1414825,-13.0,99299,30.6,1320,45.1,110,5.6
"13063","5","23891","77","0","2025","4","",8,186,176,167,5187685,218981,1334,2263,"",0.45,0.52,0.50,0.48,0.72,0.46,0.16,1.43,"",-1,-11.1,22,13.4,12,7.3,5,3.1,80811,1.6,87948,67.1,142,11.9,-142,-5.9
"13063","5","238911","78","0","2025","4","N",1,0,0,0,0,0,0,0,"N",0.10,0,0,0,0,0,0,0,"N",0,0.0,0,0,0,0,0,0,0,0,0,0,0,0,0,0
"13063","5","238912","78","0","2025","4","N",7,0,0,0,0,0,0,0,"N",0.96,0,0,0,0,0,0,0,"N",-1,-12.5,0,0,0,0,0,0,0,0,0,0,0,0,0,0
"13063","5","23899","77","0","2025","4","",14,171,177,180,4247820,204897,2912,1857,"",0.57,0.49,0.53,0.56,0.65,0.48,0.33,1.23,"",-3,-17.6,-94,-35.5,-84,-32.2,-88,-32.8,-1495636,-26.0,11351,5.9,1178,67.9,188,11.3
"13063","5","238991","78","0","2025","4","N",6,0,0,0,0,0,0,0,"N",0.36,0,0,0,0,0,0,0,"N",-3,-33.3,0,0,0,0,0,0,0,0,0,0,0,0,0,0
"13063","5","238992","78","0","2025","4","N",8,0,0,0,0,0,0,0,"N",0.98,0,0,0,0,0,0,0,"N",0,0.0,0,0,0,0,0,0,0,0,0,0,0,0,0,0
"13063","5","31-33","74","0","2025","4","",127,5401,5459,5441,102449108,3929971,45900,1450,"",0.76,0.52,0.52,0.52,0.45,0.47,0.55,0.86,"",-2,-1.6,18,0.3,58,1.1,47,0.9,7181815,7.5,-322755,-7.6,9879,27.4,91,6.7
"13063","5","311","75","0","2025","4","",14,1819,1861,1841,24966767,1924940,33118,1044,"",0.78,1.23,1.26,1.24,1.07,1.13,2.03,0.86,"",1,7.7,46,2.6,73,4.1,46,2.6,1782430,7.7,-553276,-22.3,10114,44.0,45,4.5
"13063","5","3111","76","0","2025","4","N",1,0,0,0,0,0,0,0,"N",0.80,0,0,0,0,0,0,0,"N",0,0.0,0,0,0,0,0,0,0,0,0,0,0,0,0,0
"13063","5","31111","77","0","2025","4","N",1,0,0,0,0,0,0,0,"N",0.80,0,0,0,0,0,0,0,"N",0,0.0,0,0,0,0,0,0,0,0,0,0,0,0,0,0
"13063","5","311111","78","0","2025","4","N",1,0,0,0,0,0,0,0,"N",2.43,0,0,0,0,0,0,0,"N",0,0.0,0,0,0,0,0,0,0,0,0,0,0,0,0,0
"13063","5","3116","76","0","2025","4","N",3,0,0,0,0,0,0,0,"N",1.53,0,0,0,0,0,0,0,"N",0,0.0,0,0,0,0,0,0,0,0,0,0,0,0,0,0
"13063","5","31161","77","0","2025","4","N",3,0,0,0,0,0,0,0,"N",1.53,0,0,0,0,0,0,0,"N",0,0.0,0,0,0,0,0,0,0,0,0,0,0,0,0,0
"13063","5","311612","78","0","2025","4","N",1,0,0,0,0,0,0,0,"N",1.21,0,0,0,0,0,0,0,"N",0,0.0,0,0,0,0,0,0,0,0,0,0,0,0,0,0
"13063","5","311615","78","0","2025","4","N",2,0,0,0,0,0,0,0,"N",5.69,0,0,0,0,0,0,0,"N",0,0.0,0,0,0,0,0,0,0,0,0,0,0,0,0,0
"13063","5","3118","76","0","2025","4","N",7,0,0,0,0,0,0,0,"N",1.04,0,0,0,0,0,0,0,"N",0,0.0,0,0,0,0,0,0,0,0,0,0,0,0,0,0
"13063","5","31181","77","0","2025","4","N",5,0,0,0,0,0,0,0,"N",0.84,0,0,0,0,0,0,0,"N",0,0.0,0,0,0,0,0,0,0,0,0,0,0,0,0,0
"13063","5","311811","78","0","2025","4","N",4,0,0,0,0,0,0,0,"N",0.98,0,0,0,0,0,0,0,"N",0,0.0,0,0,0,0,0,0,0,0,0,0,0,0,0,0
"13063","5","311812","78","0","2025","4","N",1,0,0,0,0,0,0,0,"N",0.57,0,0,0,0,0,0,0,"N",0,0.0,0,0,0,0,0,0,0,0,0,0,0,0,0,0
"13063","5","31182","77","0","2025","4","N",2,0,0,0,0,0,0,0,"N",3.75,0,0,0,0,0,0,0,"N",0,0.0,0,0,0,0,0,0,0,0,0,0,0,0,0,0
"13063","5","311824","78","0","2025","4","N",2,0,0,0,0,0,0,0,"N",8.93,0,0,0,0,0,0,0,"N",0,0.0,0,0,0,0,0,0,0,0,0,0,0,0,0,0
"13063","5","3119","76","0","2025","4","N",3,0,0,0,0,0,0,0,"N",0.79,0,0,0,0,0,0,0,"N",1,50.0,0,0,0,0,0,0,0,0,0,0,0,0,0,0
"13063","5","31199","77","0","2025","4","N",3,0,0,0,0,0,0,0,"N",1.65,0,0,0,0,0,0,0,"N",1,50.0,0,0,0,0,0,0,0,0,0,0,0,0,0,0
"13063","5","311991","78","0","2025","4","N",2,0,0,0,0,0,0,0,"N",2.41,0,0,0,0,0,0,0,"N",0,0.0,0,0,0,0,0,0,0,0,0,0,0,0,0,0
"13063","5","311999","78","0","2025","4","N",1,0,0,0,0,0,0,0,"N",1.01,0,0,0,0,0,0,0,"N",1,100.0,0,0,0,0,0,0,0,0,0,0,0,0,0,0
"13063","5","312","75","0","2025","4","N",1,0,0,0,0,0,0,0,"N",0.14,0,0,0,0,0,0,0,"N",0,0.0,0,0,0,0,0,0,0,0,0,0,0,0,0,0
"13063","5","3121","76","0","2025","4","N",1,0,0,0,0,0,0,0,"N",0.15,0,0,0,0,0,0,0,"N",0,0.0,0,0,0,0,0,0,0,0,0,0,0,0,0,0
"13063","5","31211","77","0","2025","4","N",1,0,0,0,0,0,0,0,"N",0.85,0,0,0,0,0,0,0,"N",0,0.0,0,0,0,0,0,0,0,0,0,0,0,0,0,0
"13063","5","312111","78","0","2025","4","N",1,0,0,0,0,0,0,0,"N",1.62,0,0,0,0,0,0,0,"N",0,0.0,0,0,0,0,0,0,0,0,0,0,0,0,0,0
"13063","5","313","75","0","2025","4","N",2,0,0,0,0,0,0,0,"N",1.82,0,0,0,0,0,0,0,"N",0,0.0,0,0,0,0,0,0,0,0,0,0,0,0,0,0
"13063","5","3133","76","0","2025","4","N",2,0,0,0,0,0,0,0,"N",3.93,0,0,0,0,0,0,0,"N",0,0.0,0,0,0,0,0,0,0,0,0,0,0,0,0,0
"13063","5","31331","77","0","2025","4","N",2,0,0,0,0,0,0,0,"N",4.73,0,0,0,0,0,0,0,"N",0,0.0,0,0,0,0,0,0,0,0,0,0,0,0,0,0
"13063","5","313310","78","0","2025","4","N",2,0,0,0,0,0,0,0,"N",4.73,0,0,0,0,0,0,0,"N",0,0.0,0,0,0,0,0,0,0,0,0,0,0,0,0,0
"13063","5","314","75","0","2025","4","N",3,0,0,0,0,0,0,0,"N",1.17,0,0,0,0,0,0,0,"N",1,50.0,0,0,0,0,0,0,0,0,0,0,0,0,0,0
"13063","5","3149","76","0","2025","4","N",3,0,0,0,0,0,0,0,"N",1.54,0,0,0,0,0,0,0,"N",1,50.0,0,0,0,0,0,0,0,0,0,0,0,0,0,0
"13063","5","31491","77","0","2025","4","N",1,0,0,0,0,0,0,0,"N",1.53,0,0,0,0,0,0,0,"N",1,100.0,0,0,0,0,0,0,0,0,0,0,0,0,0,0
"13063","5","314910","78","0","2025","4","N",1,0,0,0,0,0,0,0,"N",1.53,0,0,0,0,0,0,0,"N",1,100.0,0,0,0,0,0,0,0,0,0,0,0,0,0,0
"13063","5","31499","77","0","2025","4","N",2,0,0,0,0,0,0,0,"N",1.55,0,0,0,0,0,0,0,"N",0,0.0,0,0,0,0,0,0,0,0,0,0,0,0,0,0
"13063","5","314999","78","0","2025","4","N",2,0,0,0,0,0,0,0,"N",1.63,0,0,0,0,0,0,0,"N",0,0.0,0,0,0,0,0,0,0,0,0,0,0,0,0,0
"13063","5","315","75","0","2025","4","N",1,0,0,0,0,0,0,0,"N",0.38,0,0,0,0,0,0,0,"N",0,0.0,0,0,0,0,0,0,0,0,0,0,0,0,0,0
"13063","5","3152","76","0","2025","4","N",1,0,0,0,0,0,0,0,"N",0.54,0,0,0,0,0,0,0,"N",0,0.0,0,0,0,0,0,0,0,0,0,0,0,0,0,0
"13063","5","31525","77","0","2025","4","N",1,0,0,0,0,0,0,0,"N",0.97,0,0,0,0,0,0,0,"N",0,0.0,0,0,0,0,0,0,0,0,0,0,0,0,0,0
"13063","5","315250","78","0","2025","4","N",1,0,0,0,0,0,0,0,"N",0.97,0,0,0,0,0,0,0,"N",0,0.0,0,0,0,0,0,0,0,0,0,0,0,0,0,0
"13063","5","321","75","0","2025","4","",8,109,106,109,1216512,64559,530,866,"",1.19,0.33,0.32,0.33,0.23,0.16,0.15,0.70,"",1,14.3,2,1.9,5,5.0,2,1.9,-174781,-12.6,2770,4.5,457,626.0,-153,-15.0
"13063","5","3212","76","0","2025","4","N",1,0,0,0,0,0,0,0,"N",1.26,0,0,0,0,0,0,0,"N",0,0.0,0,0,0,0,0,0,0,0,0,0,0,0,0,0
"13063","5","32121","77","0","2025","4","N",1,0,0,0,0,0,0,0,"N",1.26,0,0,0,0,0,0,0,"N",0,0.0,0,0,0,0,0,0,0,0,0,0,0,0,0,0
"13063","5","321215","78","0","2025","4","N",1,0,0,0,0,0,0,0,"N",2.02,0,0,0,0,0,0,0,"N",0,0.0,0,0,0,0,0,0,0,0,0,0,0,0,0,0
"13063","5","3219","76","0","2025","4","N",7,0,0,0,0,0,0,0,"N",1.54,0,0,0,0,0,0,0,"N",1,16.7,0,0,0,0,0,0,0,0,0,0,0,0,0,0
"13063","5","32191","77","0","2025","4","N",2,0,0,0,0,0,0,0,"N",1.37,0,0,0,0,0,0,0,"N",0,0.0,0,0,0,0,0,0,0,0,0,0,0,0,0,0
"13063","5","321918","78","0","2025","4","N",2,0,0,0,0,0,0,0,"N",2.86,0,0,0,0,0,0,0,"N",0,0.0,0,0,0,0,0,0,0,0,0,0,0,0,0,0
"13063","5","32192","77","0","2025","4","N",3,0,0,0,0,0,0,0,"N",2.30,0,0,0,0,0,0,0,"N",0,0.0,0,0,0,0,0,0,0,0,0,0,0,0,0,0
"13063","5","321920","78","0","2025","4","N",3,0,0,0,0,0,0,0,"N",2.30,0,0,0,0,0,0,0,"N",0,0.0,0,0,0,0,0,0,0,0,0,0,0,0,0,0
"13063","5","32199","77","0","2025","4","N",2,0,0,0,0,0,0,0,"N",1.12,0,0,0,0,0,0,0,"N",1,100.0,0,0,0,0,0,0,0,0,0,0,0,0,0,0
"13063","5","321992","78","0","2025","4","N",1,0,0,0,0,0,0,0,"N",2.29,0,0,0,0,0,0,0,"N",1,100.0,0,0,0,0,0,0,0,0,0,0,0,0,0,0
"13063","5","321999","78","0","2025","4","N",1,0,0,0,0,0,0,0,"N",0.86,0,0,0,0,0,0,0,"N",0,0.0,0,0,0,0,0,0,0,0,0,0,0,0,0,0
"13063","5","322","75","0","2025","4","",5,134,135,138,3053935,70663,383,1732,"",2.08,0.46,0.47,0.47,0.51,0.36,0.22,1.09,"",0,0.0,-38,-22.1,-36,-21.1,-30,-17.9,-590349,-16.2,-14534,-17.1,-272,-41.5,86,5.2
"13063","5","3221","76","0","2025","4","N",1,0,0,0,0,0,0,0,"N",2.62,0,0,0,0,0,0,0,"N",0,0.0,0,0,0,0,0,0,0,0,0,0,0,0,0,0
"13063","5","32212","77","0","2025","4","N",1,0,0,0,0,0,0,0,"N",4.46,0,0,0,0,0,0,0,"N",0,0.0,0,0,0,0,0,0,0,0,0,0,0,0,0,0
"13063","5","322120","78","0","2025","4","N",1,0,0,0,0,0,0,0,"N",4.46,0,0,0,0,0,0,0,"N",0,0.0,0,0,0,0,0,0,0,0,0,0,0,0,0,0
"13063","5","3222","76","0","2025","4","N",4,0,0,0,0,0,0,0,"N",1.97,0,0,0,0,0,0,0,"N",0,0.0,0,0,0,0,0,0,0,0,0,0,0,0,0,0
"13063","5","32221","77","0","2025","4","N",4,0,0,0,0,0,0,0,"N",3.83,0,0,0,0,0,0,0,"N",0,0.0,0,0,0,0,0,0,0,0,0,0,0,0,0,0
"13063","5","322211","78","0","2025","4","N",3,0,0,0,0,0,0,0,"N",4.24,0,0,0,0,0,0,0,"N",0,0.0,0,0,0,0,0,0,0,0,0,0,0,0,0,0
"13063","5","322219","78","0","2025","4","N",1,0,0,0,0,0,0,0,"N",6.03,0,0,0,0,0,0,0,"N",0,0.0,0,0,0,0,0,0,0,0,0,0,0,0,0,0
"13063","5","323","75","0","2025","4","",10,46,47,46,610016,50766,912,1013,"",0.87,0.16,0.16,0.16,0.13,0.18,0.36,0.83,"",-4,-28.6,9,24.3,12,34.3,11,31.4,174843,40.2,38736,322.0,798,700.0,74,7.9
"13063","5","3231","76","0","2025","4","",10,46,47,46,610016,50766,912,1013,"",0.87,0.16,0.16,0.16,0.13,0.18,0.36,0.83,"",-4,-28.6,9,24.3,12,34.3,11,31.4,174843,40.2,38736,322.0,798,700.0,74,7.9
"13063","5","32311","77","0","2025","4","",10,46,47,46,610016,50766,912,1013,"",0.92,0.17,0.17,0.17,0.14,0.19,0.37,0.83,"",-4,-28.6,9,24.3,12,34.3,11,31.4,174843,40.2,38736,322.0,798,700.0,74,7.9
"13063","5","323111","78","0","2025","4","",8,40,41,40,528713,50166,909,1008,"",1.06,0.20,0.20,0.20,0.15,0.27,0.54,0.77,"N",-5,-38.5,0,0,0,0,0,0,0,0,0,0,0,0,0,0
"13063","5","323113","78","0","2025","4","N",1,0,0,0,0,0,0,0,"N",0.31,0,0,0,0,0,0,0,"N",0,0.0,0,0,0,0,0,0,0,0,0,0,0,0,0,0
"13063","5","323117","78","0","2025","4","N",1,0,0,0,0,0,0,0,"N",4.49,0,0,0,0,0,0,0,"N",1,100.0,0,0,0,0,0,0,0,0,0,0,0,0,0,0
"13063","5","324","75","0","2025","4","N",1,0,0,0,0,0,0,0,"N",0.88,0,0,0,0,0,0,0,"N",0,0.0,0,0,0,0,0,0,0,0,0,0,0,0,0,0
"13063","5","3241","76","0","2025","4","N",1,0,0,0,0,0,0,0,"N",0.88,0,0,0,0,0,0,0,"N",0,0.0,0,0,0,0,0,0,0,0,0,0,0,0,0,0
"13063","5","32412","77","0","2025","4","N",1,0,0,0,0,0,0,0,"N",1.68,0,0,0,0,0,0,0,"N",0,0.0,0,0,0,0,0,0,0,0,0,0,0,0,0,0
"13063","5","324121","78","0","2025","4","N",1,0,0,0,0,0,0,0,"N",2.26,0,0,0,0,0,0,0,"N",0,0.0,0,0,0,0,0,0,0,0,0,0,0,0,0,0
"13063","5","325","75","0","2025","4","",11,755,768,775,17991375,499460,3766,1807,"",1.01,1.03,1.04,1.04,0.87,1.13,0.89,0.84,"",0,0.0,6,0.8,13,1.7,14,1.8,1511960,9.2,223072,80.7,1615,75.1,128,7.6
"13063","5","3251","76","0","2025","4","N",1,0,0,0,0,0,0,0,"N",0.57,0,0,0,0,0,0,0,"N",0,0.0,0,0,0,0,0,0,0,0,0,0,0,0,0,0
"13063","5","32518","77","0","2025","4","N",1,0,0,0,0,0,0,0,"N",2.29,0,0,0,0,0,0,0,"N",0,0.0,0,0,0,0,0,0,0,0,0,0,0,0,0,0
"13063","5","325180","78","0","2025","4","N",1,0,0,0,0,0,0,0,"N",2.29,0,0,0,0,0,0,0,"N",0,0.0,0,0,0,0,0,0,0,0,0,0,0,0,0,0
"13063","5","3252","76","0","2025","4","N",1,0,0,0,0,0,0,0,"N",1.12,0,0,0,0,0,0,0,"N",0,0.0,0,0,0,0,0,0,0,0,0,0,0,0,0,0
"13063","5","32521","77","0","2025","4","N",1,0,0,0,0,0,0,0,"N",1.26,0,0,0,0,0,0,0,"N",0,0.0,0,0,0,0,0,0,0,0,0,0,0,0,0,0
"13063","5","325211","78","0","2025","4","N",1,0,0,0,0,0,0,0,"N",1.44,0,0,0,0,0,0,0,"N",0,0.0,0,0,0,0,0,0,0,0,0,0,0,0,0,0
"13063","5","3254","76","0","2025","4","N",1,0,0,0,0,0,0,0,"N",0.31,0,0,0,0,0,0,0,"N",0,0.0,0,0,0,0,0,0,0,0,0,0,0,0,0,0
"13063","5","32541","77","0","2025","4","N",1,0,0,0,0,0,0,0,"N",0.31,0,0,0,0,0,0,0,"N",0,0.0,0,0,0,0,0,0,0,0,0,0,0,0,0,0
"13063","5","325412","78","0","2025","4","N",1,0,0,0,0,0,0,0,"N",0.47,0,0,0,0,0,0,0,"N",0,0.0,0,0,0,0,0,0,0,0,0,0,0,0,0,0
"13063","5","3255","76","0","2025","4","N",4,0,0,0,0,0,0,0,"N",3.64,0,0,0,0,0,0,0,"N",0,0.0,0,0,0,0,0,0,0,0,0,0,0,0,0,0
"13063","5","32551","77","0","2025","4","N",4,0,0,0,0,0,0,0,"N",5.19,0,0,0,0,0,0,0,"N",0,0.0,0,0,0,0,0,0,0,0,0,0,0,0,0,0
"13063","5","325510","78","0","2025","4","N",4,0,0,0,0,0,0,0,"N",5.19,0,0,0,0,0,0,0,"N",0,0.0,0,0,0,0,0,0,0,0,0,0,0,0,0,0
"13063","5","3256","76","0","2025","4","N",4,0,0,0,0,0,0,0,"N",2.34,0,0,0,0,0,0,0,"N",0,0.0,0,0,0,0,0,0,0,0,0,0,0,0,0,0
"13063","5","32561","77","0","2025","4","N",4,0,0,0,0,0,0,0,"N",4.31,0,0,0,0,0,0,0,"N",0,0.0,0,0,0,0,0,0,0,0,0,0,0,0,0,0
"13063","5","325611","78","0","2025","4","N",1,0,0,0,0,0,0,0,"N",1.97,0,0,0,0,0,0,0,"N",0,0.0,0,0,0,0,0,0,0,0,0,0,0,0,0,0
"13063","5","325612","78","0","2025","4","N",3,0,0,0,0,0,0,0,"N",8.41,0,0,0,0,0,0,0,"N",0,0.0,0,0,0,0,0,0,0,0,0,0,0,0,0,0
"13063","5","326","75","0","2025","4","",8,463,468,469,8879697,347217,1405,1464,"",1.31,0.81,0.81,0.81,0.88,0.78,0.34,1.08,"",-1,-11.1,-127,-21.5,-128,-21.5,-111,-19.1,-1502942,-14.5,-42840,-11.0,-426,-23.3,107,7.9
"13063","5","3261","76","0","2025","4","N",5,0,0,0,0,0,0,0,"N",0.96,0,0,0,0,0,0,0,"N",0,0.0,0,0,0,0,0,0,0,0,0,0,0,0,0,0
"13063","5","32611","77","0","2025","4","N",2,0,0,0,0,0,0,0,"N",2.66,0,0,0,0,0,0,0,"N",0,0.0,0,0,0,0,0,0,0,0,0,0,0,0,0,0
"13063","5","326111","78","0","2025","4","N",1,0,0,0,0,0,0,0,"N",4.01,0,0,0,0,0,0,0,"N",0,0.0,0,0,0,0,0,0,0,0,0,0,0,0,0,0
"13063","5","326113","78","0","2025","4","N",1,0,0,0,0,0,0,0,"N",4.46,0,0,0,0,0,0,0,"N",0,0.0,0,0,0,0,0,0,0,0,0,0,0,0,0,0
"13063","5","32616","77","0","2025","4","N",1,0,0,0,0,0,0,0,"N",4.03,0,0,0,0,0,0,0,"N",0,0.0,0,0,0,0,0,0,0,0,0,0,0,0,0,0
"13063","5","326160","78","0","2025","4","N",1,0,0,0,0,0,0,0,"N",4.03,0,0,0,0,0,0,0,"N",0,0.0,0,0,0,0,0,0,0,0,0,0,0,0,0,0
"13063","5","32619","77","0","2025","4","N",2,0,0,0,0,0,0,0,"N",0.69,0,0,0,0,0,0,0,"N",0,0.0,0,0,0,0,0,0,0,0,0,0,0,0,0,0
"13063","5","326199","78","0","2025","4","N",2,0,0,0,0,0,0,0,"N",0.73,0,0,0,0,0,0,0,"N",0,0.0,0,0,0,0,0,0,0,0,0,0,0,0,0,0
"13063","5","3262","76","0","2025","4","N",3,0,0,0,0,0,0,0,"N",3.29,0,0,0,0,0,0,0,"N",-1,-25.0,0,0,0,0,0,0,0,0,0,0,0,0,0,0
"13063","5","32621","77","0","2025","4","N",2,0,0,0,0,0,0,0,"N",10.61,0,0,0,0,0,0,0,"N",-1,-33.3,0,0,0,0,0,0,0,0,0,0,0,0,0,0
"13063","5","326212","78","0","2025","4","N",2,0,0,0,0,0,0,0,"N",18.55,0,0,0,0,0,0,0,"N",-1,-33.3,0,0,0,0,0,0,0,0,0,0,0,0,0,0
"13063","5","32622","77","0","2025","4","N",1,0,0,0,0,0,0,0,"N",4.79,0,0,0,0,0,0,0,"N",0,0.0,0,0,0,0,0,0,0,0,0,0,0,0,0,0
"13063","5","326220","78","0","2025","4","N",1,0,0,0,0,0,0,0,"N",4.79,0,0,0,0,0,0,0,"N",0,0.0,0,0,0,0,0,0,0,0,0,0,0,0,0,0
"13063","5","327","75","0","2025","4","",11,799,789,789,16941023,476723,2876,1645,"",1.48,2.32,2.29,2.29,2.49,1.64,0.74,1.09,"",0,0.0,49,6.5,35,4.6,38,5.1,2077432,14.0,98133,25.9,594,26.0,124,8.2
"13063","5","3271","76","0","2025","4","N",3,0,0,0,0,0,0,0,"N",4.82,0,0,0,0,0,0,0,"N",0,0.0,0,0,0,0,0,0,0,0,0,0,0,0,0,0
"13063","5","32711","77","0","2025","4","N",2,0,0,0,0,0,0,0,"N",5.92,0,0,0,0,0,0,0,"N",0,0.0,0,0,0,0,0,0,0,0,0,0,0,0,0,0
"13063","5","327110","78","0","2025","4","N",2,0,0,0,0,0,0,0,"N",5.92,0,0,0,0,0,0,0,"N",0,0.0,0,0,0,0,0,0,0,0,0,0,0,0,0,0
"13063","5","32712","77","0","2025","4","N",1,0,0,0,0,0,0,0,"N",3.52,0,0,0,0,0,0,0,"N",0,0.0,0,0,0,0,0,0,0,0,0,0,0,0,0,0
"13063","5","327120","78","0","2025","4","N",1,0,0,0,0,0,0,0,"N",3.52,0,0,0,0,0,0,0,"N",0,0.0,0,0,0,0,0,0,0,0,0,0,0,0,0,0
"13063","5","3272","76","0","2025","4","N",1,0,0,0,0,0,0,0,"N",1.22,0,0,0,0,0,0,0,"N",0,0.0,0,0,0,0,0,0,0,0,0,0,0,0,0,0
"13063","5","32721","77","0","2025","4","N",1,0,0,0,0,0,0,0,"N",1.22,0,0,0,0,0,0,0,"N",0,0.0,0,0,0,0,0,0,0,0,0,0,0,0,0,0
"13063","5","327215","78","0","2025","4","N",1,0,0,0,0,0,0,0,"N",1.96,0,0,0,0,0,0,0,"N",0,0.0,0,0,0,0,0,0,0,0,0,0,0,0,0,0
"13063","5","3273","76","0","2025","4","",4,283,281,276,5795201,307956,1434,1592,"",1.01,1.62,1.61,1.59,1.60,1.93,0.57,0.99,"",0,0.0,17,6.4,14,5.2,15,5.7,930943,19.1,176371,134.0,713,98.9,178,12.6
"13063","5","32731","77","0","2025","4","N",1,0,0,0,0,0,0,0,"N",4.97,0,0,0,0,0,0,0,"N",0,0.0,0,0,0,0,0,0,0,0,0,0,0,0,0,0
"13063","5","327310","78","0","2025","4","N",1,0,0,0,0,0,0,0,"N",4.97,0,0,0,0,0,0,0,"N",0,0.0,0,0,0,0,0,0,0,0,0,0,0,0,0,0
"13063","5","32732","77","0","2025","4","N",1,0,0,0,0,0,0,0,"N",0.41,0,0,0,0,0,0,0,"N",0,0.0,0,0,0,0,0,0,0,0,0,0,0,0,0,0
"13063","5","327320","78","0","2025","4","N",1,0,0,0,0,0,0,0,"N",0.41,0,0,0,0,0,0,0,"N",0,0.0,0,0,0,0,0,0,0,0,0,0,0,0,0,0
"13063","5","32739","77","0","2025","4","N",2,0,0,0,0,0,0,0,"N",2.26,0,0,0,0,0,0,0,"N",0,0.0,0,0,0,0,0,0,0,0,0,0,0,0,0,0
"13063","5","327390","78","0","2025","4","N",2,0,0,0,0,0,0,0,"N",2.26,0,0,0,0,0,0,0,"N",0,0.0,0,0,0,0,0,0,0,0,0,0,0,0,0,0
"13063","5","3279","76","0","2025","4","N",3,0,0,0,0,0,0,0,"N",1.63,0,0,0,0,0,0,0,"N",0,0.0,0,0,0,0,0,0,0,0,0,0,0,0,0,0
"13063","5","32799","77","0","2025","4","N",3,0,0,0,0,0,0,0,"N",1.79,0,0,0,0,0,0,0,"N",0,0.0,0,0,0,0,0,0,0,0,0,0,0,0,0,0
"13063","5","327991","78","0","2025","4","N",1,0,0,0,0,0,0,0,"N",0.81,0,0,0,0,0,0,0,"N",0,0.0,0,0,0,0,0,0,0,0,0,0,0,0,0,0
"13063","5","327999","78","0","2025","4","N",2,0,0,0,0,0,0,0,"N",7.94,0,0,0,0,0,0,0,"N",0,0.0,0,0,0,0,0,0,0,0,0,0,0,0,0,0
"13063","5","331","75","0","2025","4","N",2,0,0,0,0,0,0,0,"N",0.78,0,0,0,0,0,0,0,"N",0,0.0,0,0,0,0,0,0,0,0,0,0,0,0,0,0
"13063","5","3312","76","0","2025","4","N",1,0,0,0,0,0,0,0,"N",1.66,0,0,0,0,0,0,0,"N",0,0.0,0,0,0,0,0,0,0,0,0,0,0,0,0,0
"13063","5","33122","77","0","2025","4","N",1,0,0,0,0,0,0,0,"N",3.03,0,0,0,0,0,0,0,"N",0,0.0,0,0,0,0,0,0,0,0,0,0,0,0,0,0
"13063","5","331221","78","0","2025","4","N",1,0,0,0,0,0,0,0,"N",4.50,0,0,0,0,0,0,0,"N",0,0.0,0,0,0,0,0,0,0,0,0,0,0,0,0,0
"13063","5","3314","76","0","2025","4","N",1,0,0,0,0,0,0,0,"N",2.09,0,0,0,0,0,0,0,"N",0,0.0,0,0,0,0,0,0,0,0,0,0,0,0,0,0
"13063","5","33149","77","0","2025","4","N",1,0,0,0,0,0,0,0,"N",3.94,0,0,0,0,0,0,0,"N",0,0.0,0,0,0,0,0,0,0,0,0,0,0,0,0,0
"13063","5","331491","78","0","2025","4","N",1,0,0,0,0,0,0,0,"N",6.98,0,0,0,0,0,0,0,"N",0,0.0,0,0,0,0,0,0,0,0,0,0,0,0,0,0
"13063","5","332","75","0","2025","4","",20,193,194,192,5483649,124555,882,2186,"",0.78,0.16,0.16,0.16,0.24,0.13,0.09,1.44,"",1,5.3,-18,-8.5,-20,-9.3,-18,-8.6,698433,14.6,-121169,-49.3,-2800,-76.0,447,25.7
"13063","5","3323","76","0","2025","4","",8,140,139,134,4466679,102299,431,2496,"",1.12,0.41,0.40,0.38,0.65,0.32,0.13,1.64,"",0,0.0,-24,-14.6,-27,-16.3,-29,-17.8,522853,13.3,-62464,-37.9,-1165,-73.0,650,35.2
"13063","5","33231","77","0","2025","4","N",1,0,0,0,0,0,0,0,"N",0.32,0,0,0,0,0,0,0,"N",0,0.0,0,0,0,0,0,0,0,0,0,0,0,0,0,0
"13063","5","332312","78","0","2025","4","N",1,0,0,0,0,0,0,0,"N",0.59,0,0,0,0,0,0,0,"N",0,0.0,0,0,0,0,0,0,0,0,0,0,0,0,0,0
"13063","5","33232","77","0","2025","4","N",7,0,0,0,0,0,0,0,"N",1.77,0,0,0,0,0,0,0,"N",0,0.0,0,0,0,0,0,0,0,0,0,0,0,0,0,0
"13063","5","332321","78","0","2025","4","N",1,0,0,0,0,0,0,0,"N",1.49,0,0,0,0,0,0,0,"N",0,0.0,0,0,0,0,0,0,0,0,0,0,0,0,0,0
"13063","5","332322","78","0","2025","4","",4,75,72,69,1280583,54217,55,1368,"",2.12,0.78,0.75,0.71,0.71,0.58,0.05,0.95,"",0,0.0,-23,-23.5,-27,-27.3,-29,-29.6,-252779,-16.5,-65626,-54.8,-1227,-95.7,168,14.0
"13063","5","332323","78","0","2025","4","N",2,0,0,0,0,0,0,0,"N",1.43,0,0,0,0,0,0,0,"N",0,0.0,0,0,0,0,0,0,0,0,0,0,0,0,0,0
"13063","5","3324","76","0","2025","4","N",2,0,0,0,0,0,0,0,"N",2.19,0,0,0,0,0,0,0,"N",0,0.0,0,0,0,0,0,0,0,0,0,0,0,0,0,0
"13063","5","33242","77","0","2025","4","N",1,0,0,0,0,0,0,0,"N",2.36,0,0,0,0,0,0,0,"N",0,0.0,0,0,0,0,0,0,0,0,0,0,0,0,0,0
"13063","5","332420","78","0","2025","4","N",1,0,0,0,0,0,0,0,"N",2.36,0,0,0,0,0,0,0,"N",0,0.0,0,0,0,0,0,0,0,0,0,0,0,0,0,0
"13063","5","33243","77","0","2025","4","N",1,0,0,0,0,0,0,0,"N",3.25,0,0,0,0,0,0,0,"N",0,0.0,0,0,0,0,0,0,0,0,0,0,0,0,0,0
"13063","5","332439","78","0","2025","4","N",1,0,0,0,0,0,0,0,"N",4.84,0,0,0,0,0,0,0,"N",0,0.0,0,0,0,0,0,0,0,0,0,0,0,0,0,0
"13063","5","3327","76","0","2025","4","N",2,0,0,0,0,0,0,0,"N",0.23,0,0,0,0,0,0,0,"N",0,0.0,0,0,0,0,0,0,0,0,0,0,0,0,0,0
"13063","5","33271","77","0","2025","4","N",2,0,0,0,0,0,0,0,"N",0.26,0,0,0,0,0,0,0,"N",0,0.0,0,0,0,0,0,0,0,0,0,0,0,0,0,0
"13063","5","332710","78","0","2025","4","N",2,0,0,0,0,0,0,0,"N",0.26,0,0,0,0,0,0,0,"N",0,0.0,0,0,0,0,0,0,0,0,0,0,0,0,0,0
"13063","5","3328","76","0","2025","4","N",2,0,0,0,0,0,0,0,"N",0.78,0,0,0,0,0,0,0,"N",0,0.0,0,0,0,0,0,0,0,0,0,0,0,0,0,0
"13063","5","33281","77","0","2025","4","N",2,0,0,0,0,0,0,0,"N",0.78,0,0,0,0,0,0,0,"N",0,0.0,0,0,0,0,0,0,0,0,0,0,0,0,0,0
"13063","5","332812","78","0","2025","4","N",2,0,0,0,0,0,0,0,"N",1.56,0,0,0,0,0,0,0,"N",0,0.0,0,0,0,0,0,0,0,0,0,0,0,0,0,0
"13063","5","3329","76","0","2025","4","",6,10,10,10,247643,0,0,1905,"",1.52,0.04,0.04,0.04,0.05,0.00,0.00,1.17,"N",1,20.0,0,0,0,0,0,0,0,0,0,0,0,0,0,0
"13063","5","33291","77","0","2025","4","N",2,0,0,0,0,0,0,0,"N",2.34,0,0,0,0,0,0,0,"N",0,0.0,0,0,0,0,0,0,0,0,0,0,0,0,0,0
"13063","5","332912","78","0","2025","4","N",2,0,0,0,0,0,0,0,"N",8.34,0,0,0,0,0,0,0,"N",0,0.0,0,0,0,0,0,0,0,0,0,0,0,0,0,0
"13063","5","33299","77","0","2025","4","N",4,0,0,0,0,0,0,0,"N",1.30,0,0,0,0,0,0,0,"N",1,33.3,0,0,0,0,0,0,0,0,0,0,0,0,0,0
"13063","5","332991","78","0","2025","4","N",2,0,0,0,0,0,0,0,"N",17.59,0,0,0,0,0,0,0,"N",0,0.0,0,0,0,0,0,0,0,0,0,0,0,0,0,0
"13063","5","332999","78","0","2025","4","N",2,0,0,0,0,0,0,0,"N",0.97,0,0,0,0,0,0,0,"N",1,100.0,0,0,0,0,0,0,0,0,0,0,0,0,0,0
"13063","5","333","75","0","2025","4","",9,315,318,322,7303609,97680,377,1765,"",0.61,0.35,0.35,0.35,0.35,0.16,0.06,1.00,"",0,0.0,1,0.3,5,1.6,5,1.6,529337,7.8,31990,48.7,-245,-39.4,109,6.6
"13063","5","3331","76","0","2025","4","N",1,0,0,0,0,0,0,0,"N",0.50,0,0,0,0,0,0,0,"N",0,0.0,0,0,0,0,0,0,0,0,0,0,0,0,0,0
"13063","5","33312","77","0","2025","4","N",1,0,0,0,0,0,0,0,"N",2.03,0,0,0,0,0,0,0,"N",0,0.0,0,0,0,0,0,0,0,0,0,0,0,0,0,0
"13063","5","333120","78","0","2025","4","N",1,0,0,0,0,0,0,0,"N",2.03,0,0,0,0,0,0,0,"N",0,0.0,0,0,0,0,0,0,0,0,0,0,0,0,0,0
"13063","5","3333","76","0","2025","4","N",1,0,0,0,0,0,0,0,"N",0.76,0,0,0,0,0,0,0,"N",0,0.0,0,0,0,0,0,0,0,0,0,0,0,0,0,0
"13063","5","33331","77","0","2025","4","N",1,0,0,0,0,0,0,0,"N",0.76,0,0,0,0,0,0,0,"N",0,0.0,0,0,0,0,0,0,0,0,0,0,0,0,0,0
"13063","5","333310","78","0","2025","4","N",1,0,0,0,0,0,0,0,"N",0.76,0,0,0,0,0,0,0,"N",0,0.0,0,0,0,0,0,0,0,0,0,0,0,0,0,0
"13063","5","3334","76","0","2025","4","N",2,0,0,0,0,0,0,0,"N",1.51,0,0,0,0,0,0,0,"N",0,0.0,0,0,0,0,0,0,0,0,0,0,0,0,0,0
"13063","5","33341","77","0","2025","4","N",2,0,0,0,0,0,0,0,"N",1.51,0,0,0,0,0,0,0,"N",0,0.0,0,0,0,0,0,0,0,0,0,0,0,0,0,0
"13063","5","333415","78","0","2025","4","N",2,0,0,0,0,0,0,0,"N",2.91,0,0,0,0,0,0,0,"N",0,0.0,0,0,0,0,0,0,0,0,0,0,0,0,0,0
"13063","5","3336","76","0","2025","4","N",1,0,0,0,0,0,0,0,"N",1.62,0,0,0,0,0,0,0,"N",0,0.0,0,0,0,0,0,0,0,0,0,0,0,0,0,0
"13063","5","33361","77","0","2025","4","N",1,0,0,0,0,0,0,0,"N",1.62,0,0,0,0,0,0,0,"N",0,0.0,0,0,0,0,0,0,0,0,0,0,0,0,0,0
"13063","5","333612","78","0","2025","4","N",1,0,0,0,0,0,0,0,"N",8.11,0,0,0,0,0,0,0,"N",0,0.0,0,0,0,0,0,0,0,0,0,0,0,0,0,0
"13063","5","3339","76","0","2025","4","",4,88,88,90,1174804,20860,212,1019,"",1.02,0.39,0.38,0.39,0.23,0.14,0.15,0.59,"",0,0.0,-3,-3.3,-3,-3.3,-1,-1.1,-2528,-0.2,-3372,-13.9,-257,-54.8,24,2.4
"13063","5","33392","77","0","2025","4","N",1,0,0,0,0,0,0,0,"N",0.95,0,0,0,0,0,0,0,"N",0,0.0,0,0,0,0,0,0,0,0,0,0,0,0,0,0
"13063","5","333921","78","0","2025","4","N",1,0,0,0,0,0,0,0,"N",7.60,0,0,0,0,0,0,0,"N",0,0.0,0,0,0,0,0,0,0,0,0,0,0,0,0,0
"13063","5","33399","77","0","2025","4","N",3,0,0,0,0,0,0,0,"N",1.32,0,0,0,0,0,0,0,"N",0,0.0,0,0,0,0,0,0,0,0,0,0,0,0,0,0
"13063","5","333993","78","0","2025","4","N",2,0,0,0,0,0,0,0,"N",4.62,0,0,0,0,0,0,0,"N",0,0.0,0,0,0,0,0,0,0,0,0,0,0,0,0,0
"13063","5","333995","78","0","2025","4","N",1,0,0,0,0,0,0,0,"N",6.03,0,0,0,0,0,0,0,"N",0,0.0,0,0,0,0,0,0,0,0,0,0,0,0,0,0
"13063","5","334","75","0","2025","4","N",2,0,0,0,0,0,0,0,"N",0.18,0,0,0,0,0,0,0,"N",0,0.0,0,0,0,0,0,0,0,0,0,0,0,0,0,0
"13063","5","3344","76","0","2025","4","N",1,0,0,0,0,0,0,0,"N",0.33,0,0,0,0,0,0,0,"N",0,0.0,0,0,0,0,0,0,0,0,0,0,0,0,0,0
"13063","5","33441","77","0","2025","4","N",1,0,0,0,0,0,0,0,"N",0.33,0,0,0,0,0,0,0,"N",0,0.0,0,0,0,0,0,0,0,0,0,0,0,0,0,0
"13063","5","334419","78","0","2025","4","N",1,0,0,0,0,0,0,0,"N",1.19,0,0,0,0,0,0,0,"N",0,0.0,0,0,0,0,0,0,0,0,0,0,0,0,0,0
"13063","5","3345","76","0","2025","4","N",1,0,0,0,0,0,0,0,"N",0.21,0,0,0,0,0,0,0,"N",0,0.0,0,0,0,0,0,0,0,0,0,0,0,0,0,0
"13063","5","33451","77","0","2025","4","N",1,0,0,0,0,0,0,0,"N",0.21,0,0,0,0,0,0,0,"N",0,0.0,0,0,0,0,0,0,0,0,0,0,0,0,0,0
"13063","5","334510","78","0","2025","4","N",1,0,0,0,0,0,0,0,"N",1.06,0,0,0,0,0,0,0,"N",0,0.0,0,0,0,0,0,0,0,0,0,0,0,0,0,0
"13063","5","335","75","0","2025","4","N",1,0,0,0,0,0,0,0,"N",0.21,0,0,0,0,0,0,0,"N",0,0.0,0,0,0,0,0,0,0,0,0,0,0,0,0,0
"13063","5","3359","76","0","2025","4","N",1,0,0,0,0,0,0,0,"N",0.46,0,0,0,0,0,0,0,"N",0,0.0,0,0,0,0,0,0,0,0,0,0,0,0,0,0
"13063","5","33591","77","0","2025","4","N",1,0,0,0,0,0,0,0,"N",2.37,0,0,0,0,0,0,0,"N",0,0.0,0,0,0,0,0,0,0,0,0,0,0,0,0,0
"13063","5","335910","78","0","2025","4","N",1,0,0,0,0,0,0,0,"N",2.37,0,0,0,0,0,0,0,"N",0,0.0,0,0,0,0,0,0,0,0,0,0,0,0,0,0
"13063","5","336","75","0","2025","4","N",8,0,0,0,0,0,0,0,"N",1.00,0,0,0,0,0,0,0,"N",1,14.3,0,0,0,0,0,0,0,0,0,0,0,0,0,0
"13063","5","3362","76","0","2025","4","N",3,0,0,0,0,0,0,0,"N",2.59,0,0,0,0,0,0,0,"N",0,0.0,0,0,0,0,0,0,0,0,0,0,0,0,0,0
"13063","5","33621","77","0","2025","4","N",3,0,0,0,0,0,0,0,"N",2.59,0,0,0,0,0,0,0,"N",0,0.0,0,0,0,0,0,0,0,0,0,0,0,0,0,0
"13063","5","336212","78","0","2025","4","N",2,0,0,0,0,0,0,0,"N",6.11,0,0,0,0,0,0,0,"N",0,0.0,0,0,0,0,0,0,0,0,0,0,0,0,0,0
"13063","5","336214","78","0","2025","4","N",1,0,0,0,0,0,0,0,"N",2.63,0,0,0,0,0,0,0,"N",0,0.0,0,0,0,0,0,0,0,0,0,0,0,0,0,0
"13063","5","3363","76","0","2025","4","N",1,0,0,0,0,0,0,0,"N",0.37,0,0,0,0,0,0,0,"N",0,0.0,0,0,0,0,0,0,0,0,0,0,0,0,0,0
"13063","5","33637","77","0","2025","4","N",1,0,0,0,0,0,0,0,"N",4.30,0,0,0,0,0,0,0,"N",0,0.0,0,0,0,0,0,0,0,0,0,0,0,0,0,0
"13063","5","336370","78","0","2025","4","N",1,0,0,0,0,0,0,0,"N",4.30,0,0,0,0,0,0,0,"N",0,0.0,0,0,0,0,0,0,0,0,0,0,0,0,0,0
"13063","5","3364","76","0","2025","4","N",2,0,0,0,0,0,0,0,"N",0.99,0,0,0,0,0,0,0,"N",1,100.0,0,0,0,0,0,0,0,0,0,0,0,0,0,0
"13063","5","33641","77","0","2025","4","N",2,0,0,0,0,0,0,0,"N",0.99,0,0,0,0,0,0,0,"N",1,100.0,0,0,0,0,0,0,0,0,0,0,0,0,0,0
"13063","5","336412","78","0","2025","4","N",2,0,0,0,0,0,0,0,"N",5.16,0,0,0,0,0,0,0,"N",1,100.0,0,0,0,0,0,0,0,0,0,0,0,0,0,0
"13063","5","3366","76","0","2025","4","N",1,0,0,0,0,0,0,0,"N",1.01,0,0,0,0,0,0,0,"N",0,0.0,0,0,0,0,0,0,0,0,0,0,0,0,0,0
"13063","5","33661","77","0","2025","4","N",1,0,0,0,0,0,0,0,"N",1.01,0,0,0,0,0,0,0,"N",0,0.0,0,0,0,0,0,0,0,0,0,0,0,0,0,0
"13063","5","336612","78","0","2025","4","N",1,0,0,0,0,0,0,0,"N",2.00,0,0,0,0,0,0,0,"N",0,0.0,0,0,0,0,0,0,0,0,0,0,0,0,0,0
"13063","5","3369","76","0","2025","4","N",1,0,0,0,0,0,0,0,"N",1.63,0,0,0,0,0,0,0,"N",0,0.0,0,0,0,0,0,0,0,0,0,0,0,0,0,0
"13063","5","33699","77","0","2025","4","N",1,0,0,0,0,0,0,0,"N",1.63,0,0,0,0,0,0,0,"N",0,0.0,0,0,0,0,0,0,0,0,0,0,0,0,0,0
"13063","5","336999","78","0","2025","4","N",1,0,0,0,0,0,0,0,"N",2.93,0,0,0,0,0,0,0,"N",0,0.0,0,0,0,0,0,0,0,0,0,0,0,0,0,0
"13063","5","337","75","0","2025","4","N",5,0,0,0,0,0,0,0,"N",0.66,0,0,0,0,0,0,0,"N",-1,-16.7,0,0,0,0,0,0,0,0,0,0,0,0,0,0
"13063","5","3371","76","0","2025","4","N",4,0,0,0,0,0,0,0,"N",0.77,0,0,0,0,0,0,0,"N",-1,-20.0,0,0,0,0,0,0,0,0,0,0,0,0,0,0
"13063","5","33711","77","0","2025","4","N",3,0,0,0,0,0,0,0,"N",0.91,0,0,0,0,0,0,0,"N",0,0.0,0,0,0,0,0,0,0,0,0,0,0,0,0,0
"13063","5","337110","78","0","2025","4","N",3,0,0,0,0,0,0,0,"N",0.91,0,0,0,0,0,0,0,"N",0,0.0,0,0,0,0,0,0,0,0,0,0,0,0,0,0
"13063","5","33712","77","0","2025","4","N",1,0,0,0,0,0,0,0,"N",0.53,0,0,0,0,0,0,0,"N",-1,-50.0,0,0,0,0,0,0,0,0,0,0,0,0,0,0
"13063","5","337127","78","0","2025","4","N",1,0,0,0,0,0,0,0,"N",3.17,0,0,0,0,0,0,0,"N",-1,-50.0,0,0,0,0,0,0,0,0,0,0,0,0,0,0
"13063","5","3372","76","0","2025","4","N",1,0,0,0,0,0,0,0,"N",0.53,0,0,0,0,0,0,0,"N",0,0.0,0,0,0,0,0,0,0,0,0,0,0,0,0,0
"13063","5","33721","77","0","2025","4","N",1,0,0,0,0,0,0,0,"N",0.53,0,0,0,0,0,0,0,"N",0,0.0,0,0,0,0,0,0,0,0,0,0,0,0,0,0
"13063","5","337211","78","0","2025","4","N",1,0,0,0,0,0,0,0,"N",4.45,0,0,0,0,0,0,0,"N",0,0.0,0,0,0,0,0,0,0,0,0,0,0,0,0,0
"13063","5","339","75","0","2025","4","",5,175,180,172,3800672,97624,444,1664,"",0.31,0.35,0.36,0.34,0.36,0.22,0.11,1.04,"",-1,-16.7,-10,-5.4,-3,-1.6,-13,-7.0,204986,5.7,30538,45.5,3,0.7,164,10.9
"13063","5","3391","76","0","2025","4","N",2,0,0,0,0,0,0,0,"N",0.33,0,0,0,0,0,0,0,"N",0,0.0,0,0,0,0,0,0,0,0,0,0,0,0,0,0
"13063","5","33911","77","0","2025","4","N",2,0,0,0,0,0,0,0,"N",0.33,0,0,0,0,0,0,0,"N",0,0.0,0,0,0,0,0,0,0,0,0,0,0,0,0,0
"13063","5","339116","78","0","2025","4","N",2,0,0,0,0,0,0,0,"N",1.00,0,0,0,0,0,0,0,"N",0,0.0,0,0,0,0,0,0,0,0,0,0,0,0,0,0
"13063","5","3399","76","0","2025","4","N",3,0,0,0,0,0,0,0,"N",0.30,0,0,0,0,0,0,0,"N",-1,-25.0,0,0,0,0,0,0,0,0,0,0,0,0,0,0
"13063","5","33995","77","0","2025","4","N",3,0,0,0,0,0,0,0,"N",0.93,0,0,0,0,0,0,0,"N",0,0.0,0,0,0,0,0,0,0,0,0,0,0,0,0,0
"13063","5","339950","78","0","2025","4","N",3,0,0,0,0,0,0,0,"N",0.93,0,0,0,0,0,0,0,"N",0,0.0,0,0,0,0,0,0,0,0,0,0,0,0,0,0
"13063","5","42","74","0","2025","4","N",254,0,0,0,0,0,0,0,"N",0.96,0,0,0,0,0,0,0,"N",-11,-4.2,0,0,0,0,0,0,0,0,0,0,0,0,0,0
"13063","5","423","75","0","2025","4","",129,2480,2528,2546,53873893,1842527,25557,1646,"",0.90,0.88,0.89,0.89,0.71,0.82,1.16,0.80,"",-1,-0.8,-109,-4.2,-107,-4.1,-118,-4.4,-5165225,-8.7,-1433845,-43.8,-49931,-66.1,-81,-4.7
"13063","5","4231","76","0","2025","4","",28,922,946,932,17188195,591496,13668,1417,"",2.49,3.04,3.12,3.04,2.84,2.31,5.63,0.93,"",0,0.0,-125,-11.9,-162,-14.6,-202,-17.8,-1259148,-6.8,-1407829,-70.4,-43512,-76.1,123,9.5
"13063","5","42311","77","0","2025","4","N",6,0,0,0,0,0,0,0,"N",1.86,0,0,0,0,0,0,0,"N",-2,-25.0,0,0,0,0,0,0,0,0,0,0,0,0,0,0
"13063","5","423110","78","0","2025","4","N",6,0,0,0,0,0,0,0,"N",1.86,0,0,0,0,0,0,0,"N",-2,-25.0,0,0,0,0,0,0,0,0,0,0,0,0,0,0
"13063","5","42312","77","0","2025","4","",17,682,707,693,11148714,440626,11948,1236,"",2.77,4.78,4.95,4.79,4.02,3.85,10.39,0.83,"",1,6.2,-81,-10.6,-117,-14.2,-149,-17.7,410604,3.8,-1352121,-75.4,-42481,-78.0,216,21.2
"13063","5","423120","78","0","2025","4","",17,682,707,693,11148714,440626,11948,1236,"",2.77,4.78,4.95,4.79,4.02,3.85,10.39,0.83,"",1,6.2,-81,-10.6,-117,-14.2,-149,-17.7,410604,3.8,-1352121,-75.4,-42481,-78.0,216,21.2
"13063","5","42313","77","0","2025","4","",4,147,150,151,3153558,89911,478,1624,"",3.84,5.19,5.29,5.28,5.77,3.56,1.92,1.10,"N",1,33.3,0,0,0,0,0,0,0,0,0,0,0,0,0,0
"13063","5","423130","78","0","2025","4","",4,147,150,151,3153558,89911,478,1624,"",3.84,5.19,5.29,5.28,5.77,3.56,1.92,1.10,"N",1,33.3,0,0,0,0,0,0,0,0,0,0,0,0,0,0
"13063","5","42314","77","0","2025","4","N",1,0,0,0,0,0,0,0,"N",1.15,0,0,0,0,0,0,0,"N",0,0.0,0,0,0,0,0,0,0,0,0,0,0,0,0,0
"13063","5","423140","78","0","2025","4","N",1,0,0,0,0,0,0,0,"N",1.15,0,0,0,0,0,0,0,"N",0,0.0,0,0,0,0,0,0,0,0,0,0,0,0,0,0
"13063","5","4232","76","0","2025","4","",6,25,25,24,437948,10055,272,1366,"",1.07,0.29,0.29,0.27,0.23,0.13,0.30,0.81,"N",0,0.0,0,0,0,0,0,0,0,0,0,0,0,0,0,0
"13063","5","42321","77","0","2025","4","N",1,0,0,0,0,0,0,0,"N",0.39,0,0,0,0,0,0,0,"N",0,0.0,0,0,0,0,0,0,0,0,0,0,0,0,0,0
"13063","5","423210","78","0","2025","4","N",1,0,0,0,0,0,0,0,"N",0.39,0,0,0,0,0,0,0,"N",0,0.0,0,0,0,0,0,0,0,0,0,0,0,0,0,0
"13063","5","42322","77","0","2025","4","N",5,0,0,0,0,0,0,0,"N",1.67,0,0,0,0,0,0,0,"N",0,0.0,0,0,0,0,0,0,0,0,0,0,0,0,0,0
"13063","5","423220","78","0","2025","4","N",5,0,0,0,0,0,0,0,"N",1.67,0,0,0,0,0,0,0,"N",0,0.0,0,0,0,0,0,0,0,0,0,0,0,0,0,0
"13063","5","4233","76","0","2025","4","",14,443,450,444,9450600,171899,964,1631,"",1.27,2.02,2.05,2.01,1.96,0.82,0.44,0.97,"",-1,-6.7,52,13.3,59,15.1,51,13.0,-1961227,-17.2,12332,7.7,97,11.2,-610,-27.2
"13063","5","42331","77","0","2025","4","",5,260,264,263,5949138,86228,403,1744,"",1.21,2.77,2.80,2.77,2.91,0.88,0.47,1.05,"",-1,-16.7,18,7.4,20,8.2,16,6.5,-2675279,-31.0,-14056,-14.0,-47,-10.4,-971,-35.8
"13063","5","423310","78","0","2025","4","",5,260,264,263,5949138,86228,403,1744,"",1.21,2.77,2.80,2.77,2.91,0.88,0.47,1.05,"",-1,-16.7,18,7.4,20,8.2,16,6.5,-2675279,-31.0,-14056,-14.0,-47,-10.4,-971,-35.8
"13063","5","42332","77","0","2025","4","N",3,0,0,0,0,0,0,0,"N",1.08,0,0,0,0,0,0,0,"N",0,0.0,0,0,0,0,0,0,0,0,0,0,0,0,0,0
"13063","5","423320","78","0","2025","4","N",3,0,0,0,0,0,0,0,"N",1.08,0,0,0,0,0,0,0,"N",0,0.0,0,0,0,0,0,0,0,0,0,0,0,0,0,0
"13063","5","42333","77","0","2025","4","",5,121,123,117,2285364,67397,521,1461,"",2.76,3.08,3.14,2.98,2.59,2.28,1.48,0.85,"",0,0.0,36,42.4,40,48.2,35,42.7,727398,46.7,39590,142.4,191,57.9,23,1.6
"13063","5","423330","78","0","2025","4","",5,121,123,117,2285364,67397,521,1461,"",2.76,3.08,3.14,2.98,2.59,2.28,1.48,0.85,"",0,0.0,36,42.4,40,48.2,35,42.7,727398,46.7,39590,142.4,191,57.9,23,1.6
"13063","5","42339","77","0","2025","4","N",1,0,0,0,0,0,0,0,"N",0.43,0,0,0,0,0,0,0,"N",0,0.0,0,0,0,0,0,0,0,0,0,0,0,0,0,0
"13063","5","423390","78","0","2025","4","N",1,0,0,0,0,0,0,0,"N",0.43,0,0,0,0,0,0,0,"N",0,0.0,0,0,0,0,0,0,0,0,0,0,0,0,0,0
"13063","5","4234","76","0","2025","4","",10,47,47,46,811923,21963,425,1338,"",0.33,0.08,0.08,0.07,0.04,0.05,0.09,0.49,"",0,0.0,-2,-4.1,-2,-4.1,-3,-6.1,-158524,-16.3,-21236,-49.2,-125,-22.7,-185,-12.1
"13063","5","42341","77","0","2025","4","N",1,0,0,0,0,0,0,0,"N",1.94,0,0,0,0,0,0,0,"N",0,0.0,0,0,0,0,0,0,0,0,0,0,0,0,0,0
"13063","5","423410","78","0","2025","4","N",1,0,0,0,0,0,0,0,"N",1.94,0,0,0,0,0,0,0,"N",0,0.0,0,0,0,0,0,0,0,0,0,0,0,0,0,0
"13063","5","42343","77","0","2025","4","N",3,0,0,0,0,0,0,0,"N",0.44,0,0,0,0,0,0,0,"N",0,0.0,0,0,0,0,0,0,0,0,0,0,0,0,0,0
"13063","5","423430","78","0","2025","4","N",3,0,0,0,0,0,0,0,"N",0.44,0,0,0,0,0,0,0,"N",0,0.0,0,0,0,0,0,0,0,0,0,0,0,0,0,0
"13063","5","42344","77","0","2025","4","N",1,0,0,0,0,0,0,0,"N",0.36,0,0,0,0,0,0,0,"N",0,0.0,0,0,0,0,0,0,0,0,0,0,0,0,0,0
"13063","5","423440","78","0","2025","4","N",1,0,0,0,0,0,0,0,"N",0.36,0,0,0,0,0,0,0,"N",0,0.0,0,0,0,0,0,0,0,0,0,0,0,0,0,0
"13063","5","42345","77","0","2025","4","",4,24,24,24,426383,3675,73,1367,"",0.27,0.09,0.09,0.09,0.05,0.02,0.04,0.54,"",0,0.0,6,33.3,6,33.3,5,26.3,147236,52.7,-7045,-65.7,32,78.0,196,16.7
"13063","5","423450","78","0","2025","4","",4,24,24,24,426383,3675,73,1367,"",0.27,0.09,0.09,0.09,0.05,0.02,0.04,0.54,"",0,0.0,6,33.3,6,33.3,5,26.3,147236,52.7,-7045,-65.7,32,78.0,196,16.7
"13063","5","42349","77","0","2025","4","N",1,0,0,0,0,0,0,0,"N",0.49,0,0,0,0,0,0,0,"N",0,0.0,0,0,0,0,0,0,0,0,0,0,0,0,0,0
"13063","5","423490","78","0","2025","4","N",1,0,0,0,0,0,0,0,"N",0.49,0,0,0,0,0,0,0,"N",0,0.0,0,0,0,0,0,0,0,0,0,0,0,0,0,0
"13063","5","4235","76","0","2025","4","",3,47,53,51,1550002,35548,1149,2369,"",0.63,0.42,0.47,0.45,0.55,0.40,1.32,1.23,"N",1,50.0,0,0,0,0,0,0,0,0,0,0,0,0,0,0
"13063","5","42351","77","0","2025","4","",3,47,53,51,1550002,35548,1149,2369,"",0.65,0.43,0.48,0.46,0.57,0.40,1.34,1.25,"N",1,50.0,0,0,0,0,0,0,0,0,0,0,0,0,0,0
"13063","5","423510","78","0","2025","4","",3,47,53,51,1550002,35548,1149,2369,"",0.65,0.43,0.48,0.46,0.57,0.40,1.34,1.25,"N",1,50.0,0,0,0,0,0,0,0,0,0,0,0,0,0,0
"13063","5","4236","76","0","2025","4","",12,194,195,197,4795514,80847,544,1888,"",0.72,0.62,0.62,0.62,0.51,0.35,0.24,0.83,"",-2,-14.3,3,1.6,4,2.1,6,3.1,372741,8.4,-38125,-32.0,-633,-53.8,107,6.0
"13063","5","42361","77","0","2025","4","",9,81,81,81,2546883,36632,518,2419,"",1.10,0.48,0.47,0.47,0.55,0.28,0.43,1.17,"",-1,-10.0,8,11.0,8,11.0,7,9.5,550009,27.5,-25569,-41.1,-603,-53.8,324,15.5
"13063","5","423610","78","0","2025","4","",9,81,81,81,2546883,36632,518,2419,"",1.10,0.48,0.47,0.47,0.55,0.28,0.43,1.17,"",-1,-10.0,8,11.0,8,11.0,7,9.5,550009,27.5,-25569,-41.1,-603,-53.8,324,15.5
"13063","5","42362","77","0","2025","4","N",2,0,0,0,0,0,0,0,"N",1.00,0,0,0,0,0,0,0,"N",-1,-33.3,0,0,0,0,0,0,0,0,0,0,0,0,0,0
"13063","5","423620","78","0","2025","4","N",2,0,0,0,0,0,0,0,"N",1.00,0,0,0,0,0,0,0,"N",-1,-33.3,0,0,0,0,0,0,0,0,0,0,0,0,0,0
"13063","5","42369","77","0","2025","4","N",1,0,0,0,0,0,0,0,"N",0.16,0,0,0,0,0,0,0,"N",0,0.0,0,0,0,0,0,0,0,0,0,0,0,0,0,0
"13063","5","423690","78","0","2025","4","N",1,0,0,0,0,0,0,0,"N",0.16,0,0,0,0,0,0,0,"N",0,0.0,0,0,0,0,0,0,0,0,0,0,0,0,0,0
"13063","5","4237","76","0","2025","4","",15,223,224,230,3951499,340073,419,1347,"",1.27,0.85,0.85,0.87,0.60,1.59,0.23,0.70,"",1,7.1,-53,-19.2,-41,-15.5,-31,-11.9,-222710,-5.3,-12569,-3.6,-6044,-93.5,146,12.2
"13063","5","42371","77","0","2025","4","N",3,0,0,0,0,0,0,0,"N",0.86,0,0,0,0,0,0,0,"N",0,0.0,0,0,0,0,0,0,0,0,0,0,0,0,0,0
"13063","5","423710","78","0","2025","4","N",3,0,0,0,0,0,0,0,"N",0.86,0,0,0,0,0,0,0,"N",0,0.0,0,0,0,0,0,0,0,0,0,0,0,0,0,0
"13063","5","42372","77","0","2025","4","N",4,0,0,0,0,0,0,0,"N",0.89,0,0,0,0,0,0,0,"N",1,33.3,0,0,0,0,0,0,0,0,0,0,0,0,0,0
"13063","5","423720","78","0","2025","4","N",4,0,0,0,0,0,0,0,"N",0.89,0,0,0,0,0,0,0,"N",1,33.3,0,0,0,0,0,0,0,0,0,0,0,0,0,0
"13063","5","42373","77","0","2025","4","",7,53,52,52,861660,17395,206,1267,"",2.21,0.74,0.73,0.72,0.42,0.32,0.41,0.58,"",0,0.0,1,1.9,-1,-1.9,-2,-3.7,329,0.0,-1781,-9.3,108,110.2,17,1.4
"13063","5","423730","78","0","2025","4","",7,53,52,52,861660,17395,206,1267,"",2.21,0.74,0.73,0.72,0.42,0.32,0.41,0.58,"",0,0.0,1,1.9,-1,-1.9,-2,-3.7,329,0.0,-1781,-9.3,108,110.2,17,1.4
"13063","5","42374","77","0","2025","4","N",1,0,0,0,0,0,0,0,"N",1.36,0,0,0,0,0,0,0,"N",0,0.0,0,0,0,0,0,0,0,0,0,0,0,0,0,0
"13063","5","423740","78","0","2025","4","N",1,0,0,0,0,0,0,0,"N",1.36,0,0,0,0,0,0,0,"N",0,0.0,0,0,0,0,0,0,0,0,0,0,0,0,0,0
"13063","5","4238","76","0","2025","4","",29,422,420,422,11975112,244529,2747,2186,"",0.88,0.66,0.65,0.65,0.72,0.49,0.63,1.10,"",-1,-3.3,-48,-10.2,-51,-10.8,-47,-10.0,-4232103,-26.1,-30404,-11.1,699,34.1,-467,-17.6
"13063","5","42381","77","0","2025","4","",5,155,158,160,5305970,105247,1553,2589,"",1.99,1.72,1.74,1.74,2.24,1.50,2.54,1.29,"",1,25.0,29,23.0,31,24.4,29,22.1,1003690,23.3,-242,-0.2,1071,222.2,3,0.1
"13063","5","423810","78","0","2025","4","",5,155,158,160,5305970,105247,1553,2589,"",1.99,1.72,1.74,1.74,2.24,1.50,2.54,1.29,"",1,25.0,29,23.0,31,24.4,29,22.1,1003690,23.3,-242,-0.2,1071,222.2,3,0.1
"13063","5","42383","77","0","2025","4","",11,127,127,129,3032717,64767,408,1827,"",0.71,0.45,0.44,0.45,0.40,0.33,0.22,0.90,"",0,0.0,-5,-3.8,-5,-3.8,1,0.8,48182,1.6,-834,-1.3,75,22.5,70,4.0
"13063","5","423830","78","0","2025","4","",11,127,127,129,3032717,64767,408,1827,"",0.71,0.45,0.44,0.45,0.40,0.33,0.22,0.90,"",0,0.0,-5,-3.8,-5,-3.8,1,0.8,48182,1.6,-834,-1.3,75,22.5,70,4.0
"13063","5","42384","77","0","2025","4","",5,72,68,67,1986222,26051,353,2214,"",0.86,0.80,0.76,0.74,0.85,0.34,0.50,1.11,"",0,0.0,3,4.3,0,0.0,0,0.0,-3174292,-61.5,5274,25.4,294,498.3,-3624,-62.1
"13063","5","423840","78","0","2025","4","",5,72,68,67,1986222,26051,353,2214,"",0.86,0.80,0.76,0.74,0.85,0.34,0.50,1.11,"",0,0.0,3,4.3,0,0.0,0,0.0,-3174292,-61.5,5274,25.4,294,498.3,-3624,-62.1
"13063","5","42385","77","0","2025","4","N",3,0,0,0,0,0,0,0,"N",1.05,0,0,0,0,0,0,0,"N",0,0.0,0,0,0,0,0,0,0,0,0,0,0,0,0,0
"13063","5","423850","78","0","2025","4","N",3,0,0,0,0,0,0,0,"N",1.05,0,0,0,0,0,0,0,"N",0,0.0,0,0,0,0,0,0,0,0,0,0,0,0,0,0
"13063","5","42386","77","0","2025","4","N",5,0,0,0,0,0,0,0,"N",2.38,0,0,0,0,0,0,0,"N",-1,-16.7,0,0,0,0,0,0,0,0,0,0,0,0,0,0
"13063","5","423860","78","0","2025","4","N",5,0,0,0,0,0,0,0,"N",2.38,0,0,0,0,0,0,0,"N",-1,-16.7,0,0,0,0,0,0,0,0,0,0,0,0,0,0
"13063","5","4239","76","0","2025","4","",12,157,168,200,3713100,346117,5369,1632,"",0.64,0.60,0.63,0.75,0.65,1.40,2.11,0.99,"",1,9.1,23,17.2,39,30.2,65,48.1,841187,29.3,84883,32.5,-38,-0.7,-33,-2.0
"13063","5","42391","77","0","2025","4","N",1,0,0,0,0,0,0,0,"N",0.26,0,0,0,0,0,0,0,"N",0,0.0,0,0,0,0,0,0,0,0,0,0,0,0,0,0
"13063","5","423910","78","0","2025","4","N",1,0,0,0,0,0,0,0,"N",0.26,0,0,0,0,0,0,0,"N",0,0.0,0,0,0,0,0,0,0,0,0,0,0,0,0,0
"13063","5","42392","77","0","2025","4","N",1,0,0,0,0,0,0,0,"N",0.73,0,0,0,0,0,0,0,"N",0,0.0,0,0,0,0,0,0,0,0,0,0,0,0,0,0
"13063","5","423920","78","0","2025","4","N",1,0,0,0,0,0,0,0,"N",0.73,0,0,0,0,0,0,0,"N",0,0.0,0,0,0,0,0,0,0,0,0,0,0,0,0,0
"13063","5","42393","77","0","2025","4","",6,57,74,75,1142612,125132,1784,1280,"",1.81,0.69,0.89,0.89,0.73,1.67,2.65,0.89,"",1,20.0,-11,-16.2,15,25.4,16,27.1,150693,15.2,46396,58.9,45,2.6,49,4.0
"13063","5","423930","78","0","2025","4","",6,57,74,75,1142612,125132,1784,1280,"",1.81,0.69,0.89,0.89,0.73,1.67,2.65,0.89,"",1,20.0,-11,-16.2,15,25.4,16,27.1,150693,15.2,46396,58.9,45,2.6,49,4.0
"13063","5","42399","77","0","2025","4","",4,67,60,61,1878431,155603,3559,2306,"",0.58,0.87,0.77,0.78,1.04,2.06,4.46,1.29,"",0,0.0,33,97.1,23,62.2,20,48.8,531361,39.4,-11926,-7.1,-96,-2.6,-470,-16.9
"13063","5","423990","78","0","2025","4","",4,67,60,61,1878431,155603,3559,2306,"",0.58,0.87,0.77,0.78,1.04,2.06,4.46,1.29,"",0,0.0,33,97.1,23,62.2,20,48.8,531361,39.4,-11926,-7.1,-96,-2.6,-470,-16.9
"13063","5","424","75","0","2025","4","",95,2319,2342,2374,45191781,2850718,31330,1482,"",1.25,1.28,1.29,1.29,1.07,1.69,1.91,0.83,"",-5,-5.0,-157,-6.3,-175,-7.0,-184,-7.2,1467963,3.4,-692938,-19.6,2821,9.9,146,10.9
"13063","5","4241","76","0","2025","4","N",3,0,0,0,0,0,0,0,"N",0.76,0,0,0,0,0,0,0,"N",0,0.0,0,0,0,0,0,0,0,0,0,0,0,0,0,0
"13063","5","42413","77","0","2025","4","N",3,0,0,0,0,0,0,0,"N",1.44,0,0,0,0,0,0,0,"N",0,0.0,0,0,0,0,0,0,0,0,0,0,0,0,0,0
"13063","5","424130","78","0","2025","4","N",3,0,0,0,0,0,0,0,"N",1.44,0,0,0,0,0,0,0,"N",0,0.0,0,0,0,0,0,0,0,0,0,0,0,0,0,0
"13063","5","4242","76","0","2025","4","",5,175,174,180,9172617,58154,134,4001,"",0.53,0.82,0.80,0.81,1.09,0.38,0.08,1.35,"",-3,-37.5,-14,-7.4,-20,-10.3,-13,-6.7,-276237,-2.9,14350,32.8,-26,-16.2,215,5.7
"13063","5","42421","77","0","2025","4","",5,175,174,180,9172617,58154,134,4001,"",0.53,0.82,0.80,0.81,1.09,0.38,0.08,1.35,"",-3,-37.5,-14,-7.4,-20,-10.3,-13,-6.7,-276237,-2.9,14350,32.8,-26,-16.2,215,5.7
"13063","5","424210","78","0","2025","4","",5,175,174,180,9172617,58154,134,4001,"",0.53,0.82,0.80,0.81,1.09,0.38,0.08,1.35,"",-3,-37.5,-14,-7.4,-20,-10.3,-13,-6.7,-276237,-2.9,14350,32.8,-26,-16.2,215,5.7
"13063","5","4243","76","0","2025","4","N",3,0,0,0,0,0,0,0,"N",0.43,0,0,0,0,0,0,0,"N",-1,-25.0,0,0,0,0,0,0,0,0,0,0,0,0,0,0
"13063","5","42431","77","0","2025","4","N",2,0,0,0,0,0,0,0,"N",1.28,0,0,0,0,0,0,0,"N",-1,-33.3,0,0,0,0,0,0,0,0,0,0,0,0,0,0
"13063","5","424310","78","0","2025","4","N",2,0,0,0,0,0,0,0,"N",1.28,0,0,0,0,0,0,0,"N",-1,-33.3,0,0,0,0,0,0,0,0,0,0,0,0,0,0
"13063","5","42435","77","0","2025","4","N",1,0,0,0,0,0,0,0,"N",0.22,0,0,0,0,0,0,0,"N",0,0.0,0,0,0,0,0,0,0,0,0,0,0,0,0,0
"13063","5","424350","78","0","2025","4","N",1,0,0,0,0,0,0,0,"N",0.22,0,0,0,0,0,0,0,"N",0,0.0,0,0,0,0,0,0,0,0,0,0,0,0,0,0
"13063","5","4244","76","0","2025","4","",62,1775,1802,1819,29429429,2382728,27983,1259,"",2.96,2.58,2.61,2.61,2.15,3.39,4.07,0.83,"",2,3.3,81,4.8,53,3.0,37,2.1,3604571,14.0,-512271,-17.7,2901,11.6,118,10.3
"13063","5","42441","77","0","2025","4","",16,601,609,624,8998087,989778,8866,1132,"",4.22,2.80,2.83,2.87,2.15,4.47,4.06,0.76,"",0,0.0,72,13.6,25,4.3,85,15.8,1033103,13.0,277271,38.9,2572,40.9,19,1.7
"13063","5","424410","78","0","2025","4","",16,601,609,624,8998087,989778,8866,1132,"",4.22,2.80,2.83,2.87,2.15,4.47,4.06,0.76,"",0,0.0,72,13.6,25,4.3,85,15.8,1033103,13.0,277271,38.9,2572,40.9,19,1.7
"13063","5","42442","77","0","2025","4","N",2,0,0,0,0,0,0,0,"N",1.68,0,0,0,0,0,0,0,"N",0,0.0,0,0,0,0,0,0,0,0,0,0,0,0,0,0
"13063","5","424420","78","0","2025","4","N",2,0,0,0,0,0,0,0,"N",1.68,0,0,0,0,0,0,0,"N",0,0.0,0,0,0,0,0,0,0,0,0,0,0,0,0,0
"13063","5","42443","77","0","2025","4","N",2,0,0,0,0,0,0,0,"N",1.84,0,0,0,0,0,0,0,"N",0,0.0,0,0,0,0,0,0,0,0,0,0,0,0,0,0
"13063","5","424430","78","0","2025","4","N",2,0,0,0,0,0,0,0,"N",1.84,0,0,0,0,0,0,0,"N",0,0.0,0,0,0,0,0,0,0,0,0,0,0,0,0,0
"13063","5","42444","77","0","2025","4","N",3,0,0,0,0,0,0,0,"N",9.42,0,0,0,0,0,0,0,"N",0,0.0,0,0,0,0,0,0,0,0,0,0,0,0,0,0
"13063","5","424440","78","0","2025","4","N",3,0,0,0,0,0,0,0,"N",9.42,0,0,0,0,0,0,0,"N",0,0.0,0,0,0,0,0,0,0,0,0,0,0,0,0,0
"13063","5","42447","77","0","2025","4","N",2,0,0,0,0,0,0,0,"N",1.52,0,0,0,0,0,0,0,"N",0,0.0,0,0,0,0,0,0,0,0,0,0,0,0,0,0
"13063","5","424470","78","0","2025","4","N",2,0,0,0,0,0,0,0,"N",1.52,0,0,0,0,0,0,0,"N",0,0.0,0,0,0,0,0,0,0,0,0,0,0,0,0,0
"13063","5","42448","77","0","2025","4","",32,888,900,889,15964472,917464,12131,1376,"",14.08,10.84,11.01,10.77,10.48,9.17,12.15,0.96,"",2,6.7,-2,-0.2,7,0.8,-2,-0.2,1949088,13.9,-777795,-45.9,1099,10.0,166,13.7
"13063","5","424480","78","0","2025","4","",32,888,900,889,15964472,917464,12131,1376,"",14.08,10.84,11.01,10.77,10.48,9.17,12.15,0.96,"",2,6.7,-2,-0.2,7,0.8,-2,-0.2,1949088,13.9,-777795,-45.9,1099,10.0,166,13.7
"13063","5","42449","77","0","2025","4","",5,80,81,87,1387198,158140,350,1291,"",0.61,0.39,0.39,0.42,0.33,0.77,0.18,0.84,"N",0,0.0,0,0,0,0,0,0,0,0,0,0,0,0,0,0
"13063","5","424490","78","0","2025","4","",5,80,81,87,1387198,158140,350,1291,"",0.61,0.39,0.39,0.42,0.33,0.77,0.18,0.84,"N",0,0.0,0,0,0,0,0,0,0,0,0,0,0,0,0,0
"13063","5","4246","76","0","2025","4","",10,118,111,122,3034173,146025,770,1995,"",1.27,0.95,0.89,0.97,0.88,1.79,1.02,0.94,"",2,25.0,9,8.3,8,7.8,20,19.6,782428,34.7,45063,44.6,-246,-24.2,340,20.5
"13063","5","42461","77","0","2025","4","N",1,0,0,0,0,0,0,0,"N",0.55,0,0,0,0,0,0,0,"N",0,0.0,0,0,0,0,0,0,0,0,0,0,0,0,0,0
"13063","5","424610","78","0","2025","4","N",1,0,0,0,0,0,0,0,"N",0.55,0,0,0,0,0,0,0,"N",0,0.0,0,0,0,0,0,0,0,0,0,0,0,0,0,0
"13063","5","42469","77","0","2025","4","N",9,0,0,0,0,0,0,0,"N",1.49,0,0,0,0,0,0,0,"N",2,28.6,0,0,0,0,0,0,0,0,0,0,0,0,0,0
"13063","5","424690","78","0","2025","4","N",9,0,0,0,0,0,0,0,"N",1.49,0,0,0,0,0,0,0,"N",2,28.6,0,0,0,0,0,0,0,0,0,0,0,0,0,0
"13063","5","4247","76","0","2025","4","N",1,0,0,0,0,0,0,0,"N",0.29,0,0,0,0,0,0,0,"N",0,0.0,0,0,0,0,0,0,0,0,0,0,0,0,0,0
"13063","5","42472","77","0","2025","4","N",1,0,0,0,0,0,0,0,"N",0.42,0,0,0,0,0,0,0,"N",0,0.0,0,0,0,0,0,0,0,0,0,0,0,0,0,0
"13063","5","424720","78","0","2025","4","N",1,0,0,0,0,0,0,0,"N",0.42,0,0,0,0,0,0,0,"N",0,0.0,0,0,0,0,0,0,0,0,0,0,0,0,0,0
"13063","5","4249","76","0","2025","4","",11,204,207,204,2759636,231995,2054,1036,"",0.67,0.77,0.78,0.77,0.53,0.86,0.80,0.69,"",-4,-26.7,-10,-4.7,4,2.0,-2,-1.0,-180470,-6.1,35273,17.9,612,42.4,-53,-4.9
"13063","5","42491","77","0","2025","4","",3,36,36,34,795104,8376,89,1731,"",0.55,0.37,0.37,0.35,0.37,0.08,0.11,1.02,"",0,0.0,4,12.5,3,9.1,3,9.7,54563,7.4,-688,-7.6,1,1.1,-49,-2.8
"13063","5","424910","78","0","2025","4","",3,36,36,34,795104,8376,89,1731,"",0.55,0.37,0.37,0.35,0.37,0.08,0.11,1.02,"",0,0.0,4,12.5,3,9.1,3,9.7,54563,7.4,-688,-7.6,1,1.1,-49,-2.8
"13063","5","42493","77","0","2025","4","N",1,0,0,0,0,0,0,0,"N",0.62,0,0,0,0,0,0,0,"N",0,0.0,0,0,0,0,0,0,0,0,0,0,0,0,0,0
"13063","5","424930","78","0","2025","4","N",1,0,0,0,0,0,0,0,"N",0.62,0,0,0,0,0,0,0,"N",0,0.0,0,0,0,0,0,0,0,0,0,0,0,0,0,0
"13063","5","42494","77","0","2025","4","N",2,0,0,0,0,0,0,0,"N",1.95,0,0,0,0,0,0,0,"N",0,0.0,0,0,0,0,0,0,0,0,0,0,0,0,0,0
"13063","5","424940","78","0","2025","4","N",2,0,0,0,0,0,0,0,"N",1.95,0,0,0,0,0,0,0,"N",0,0.0,0,0,0,0,0,0,0,0,0,0,0,0,0,0
"13063","5","42495","77","0","2025","4","N",1,0,0,0,0,0,0,0,"N",0.84,0,0,0,0,0,0,0,"N",-4,-80.0,0,0,0,0,0,0,0,0,0,0,0,0,0,0
"13063","5","424950","78","0","2025","4","N",1,0,0,0,0,0,0,0,"N",0.84,0,0,0,0,0,0,0,"N",-4,-80.0,0,0,0,0,0,0,0,0,0,0,0,0,0,0
"13063","5","42499","77","0","2025","4","",4,26,28,24,236892,52786,171,701,"",0.64,0.38,0.41,0.35,0.17,0.80,0.22,0.46,"",0,0.0,10,62.5,13,86.7,9,60.0,67540,39.9,18590,54.4,12,7.5,-149,-17.5
"13063","5","424990","78","0","2025","4","",4,26,28,24,236892,52786,171,701,"",0.64,0.38,0.41,0.35,0.17,0.80,0.22,0.46,"",0,0.0,10,62.5,13,86.7,9,60.0,67540,39.9,18590,54.4,12,7.5,-149,-17.5
"13063","5","425","75","0","2025","4","N",30,0,0,0,0,0,0,0,"N",0.67,0,0,0,0,0,0,0,"N",-5,-14.3,0,0,0,0,0,0,0,0,0,0,0,0,0,0
"13063","5","4251","76","0","2025","4","N",30,0,0,0,0,0,0,0,"N",0.67,0,0,0,0,0,0,0,"N",-5,-14.3,0,0,0,0,0,0,0,0,0,0,0,0,0,0
"13063","5","42512","77","0","2025","4","N",30,0,0,0,0,0,0,0,"N",0.67,0,0,0,0,0,0,0,"N",-5,-14.3,0,0,0,0,0,0,0,0,0,0,0,0,0,0
"13063","5","425120","78","0","2025","4","N",30,0,0,0,0,0,0,0,"N",0.67,0,0,0,0,0,0,0,"N",-5,-14.3,0,0,0,0,0,0,0,0,0,0,0,0,0,0
"13063","5","44-45","74","0","2025","4","",795,11552,11666,11726,127726931,14358831,98870,844,"",1.79,0.90,0.90,0.89,0.92,0.99,0.86,1.03,"",-25,-3.0,149,1.3,318,2.8,339,3.0,14088109,12.4,1539182,12.0,-16654,-14.4,76,9.9
"13063","5","441","75","0","2025","4","",122,2173,2159,2133,37573154,2729566,20982,1341,"",2.35,1.28,1.27,1.25,1.27,1.46,1.24,1.00,"",0,0.0,90,4.3,87,4.2,75,3.6,4674063,14.2,186486,7.3,-861,-3.9,119,9.7
"13063","5","4411","76","0","2025","4","",40,1108,1106,1090,20852423,1682976,13547,1456,"",2.05,1.03,1.03,1.01,0.97,1.48,1.22,0.94,"",-3,-7.0,17,1.6,16,1.5,6,0.6,2964457,16.6,108031,6.9,-460,-3.3,192,15.2
"13063","5","44111","77","0","2025","4","",14,973,971,960,19392463,1589107,13043,1541,"",1.56,1.04,1.04,1.02,1.01,1.62,1.41,0.98,"",-1,-6.7,37,4.0,35,3.7,28,3.0,3256010,20.2,110517,7.5,-657,-4.8,213,16.0
"13063","5","441110","78","0","2025","4","",14,973,971,960,19392463,1589107,13043,1541,"",1.56,1.04,1.04,1.02,1.01,1.62,1.41,0.98,"",-1,-6.7,37,4.0,35,3.7,28,3.0,3256010,20.2,110517,7.5,-657,-4.8,213,16.0
"13063","5","44112","77","0","2025","4","",26,135,135,130,1459960,93869,504,842,"",2.47,0.97,0.97,0.93,0.61,0.61,0.28,0.64,"",-2,-7.1,-20,-12.9,-19,-12.3,-22,-14.5,-291553,-16.6,-2486,-2.6,197,64.2,-35,-4.0
"13063","5","441120","78","0","2025","4","",26,135,135,130,1459960,93869,504,842,"",2.47,0.97,0.97,0.93,0.61,0.61,0.28,0.64,"",-2,-7.1,-20,-12.9,-19,-12.3,-22,-14.5,-291553,-16.6,-2486,-2.6,197,64.2,-35,-4.0
"13063","5","4412","76","0","2025","4","",6,61,67,60,952311,100486,2269,1169,"",0.95,0.45,0.50,0.45,0.43,0.65,1.39,0.92,"",1,20.0,-3,-4.7,5,8.1,-1,-1.6,45980,5.1,29927,42.4,1352,147.4,51,4.6
"13063","5","44121","77","0","2025","4","N",1,0,0,0,0,0,0,0,"N",0.78,0,0,0,0,0,0,0,"N",0,0.0,0,0,0,0,0,0,0,0,0,0,0,0,0,0
"13063","5","441210","78","0","2025","4","N",1,0,0,0,0,0,0,0,"N",0.78,0,0,0,0,0,0,0,"N",0,0.0,0,0,0,0,0,0,0,0,0,0,0,0,0,0
"13063","5","44122","77","0","2025","4","N",5,0,0,0,0,0,0,0,"N",0.99,0,0,0,0,0,0,0,"N",1,25.0,0,0,0,0,0,0,0,0,0,0,0,0,0,0
"13063","5","441227","78","0","2025","4","N",5,0,0,0,0,0,0,0,"N",1.57,0,0,0,0,0,0,0,"N",1,25.0,0,0,0,0,0,0,0,0,0,0,0,0,0,0
"13063","5","4413","76","0","2025","4","",76,1004,986,983,15768420,946104,5166,1224,"",2.90,2.07,2.02,2.00,2.76,1.64,1.23,1.36,"",2,2.7,76,8.2,66,7.2,70,7.7,1663626,11.8,48528,5.4,-1753,-25.3,45,3.8
"13063","5","44133","77","0","2025","4","",46,651,635,633,9055551,496010,2810,1089,"",2.66,2.00,1.95,1.93,2.68,1.39,1.12,1.37,"",0,0.0,-4,-0.6,-11,-1.7,-1,-0.2,-459797,-4.8,-69045,-12.2,-1662,-37.2,-46,-4.1
"13063","5","441330","78","0","2025","4","",46,651,635,633,9055551,496010,2810,1089,"",2.66,2.00,1.95,1.93,2.68,1.39,1.12,1.37,"",0,0.0,-4,-0.6,-11,-1.7,-1,-0.2,-459797,-4.8,-69045,-12.2,-1662,-37.2,-46,-4.1
"13063","5","44134","77","0","2025","4","",30,353,351,350,6712869,450094,2356,1470,"",3.38,2.19,2.17,2.15,2.88,2.04,1.40,1.33,"",2,7.1,80,29.3,77,28.1,71,25.4,2123423,46.3,117573,35.4,-91,-3.7,188,14.7
"13063","5","441340","78","0","2025","4","",30,353,351,350,6712869,450094,2356,1470,"",3.38,2.19,2.17,2.15,2.88,2.04,1.40,1.33,"",2,7.1,80,29.3,77,28.1,71,25.4,2123423,46.3,117573,35.4,-91,-3.7,188,14.7
"13063","5","444","75","0","2025","4","",26,1331,1342,1347,15739555,689524,3342,904,"",0.87,1.20,1.21,1.21,1.25,0.61,0.40,1.04,"",1,4.0,168,14.4,239,21.7,227,20.3,2818636,21.8,117978,20.6,-5487,-62.1,23,2.6
"13063","5","4441","76","0","2025","4","",21,1248,1261,1268,14436005,662160,3248,882,"",0.93,1.30,1.32,1.31,1.31,0.69,0.50,1.00,"",0,0.0,160,14.7,232,22.5,221,21.1,2709044,23.1,99395,17.7,-5365,-62.3,27,3.2
"13063","5","44411","77","0","2025","4","N",9,0,0,0,0,0,0,0,"N",2.29,0,0,0,0,0,0,0,"N",0,0.0,0,0,0,0,0,0,0,0,0,0,0,0,0,0
"13063","5","444110","78","0","2025","4","N",9,0,0,0,0,0,0,0,"N",2.29,0,0,0,0,0,0,0,"N",0,0.0,0,0,0,0,0,0,0,0,0,0,0,0,0,0
"13063","5","44412","77","0","2025","4","N",3,0,0,0,0,0,0,0,"N",1.07,0,0,0,0,0,0,0,"N",-1,-25.0,0,0,0,0,0,0,0,0,0,0,0,0,0,0
"13063","5","444120","78","0","2025","4","N",3,0,0,0,0,0,0,0,"N",1.07,0,0,0,0,0,0,0,"N",-1,-25.0,0,0,0,0,0,0,0,0,0,0,0,0,0,0
"13063","5","44414","77","0","2025","4","N",3,0,0,0,0,0,0,0,"N",0.46,0,0,0,0,0,0,0,"N",0,0.0,0,0,0,0,0,0,0,0,0,0,0,0,0,0
"13063","5","444140","78","0","2025","4","N",3,0,0,0,0,0,0,0,"N",0.46,0,0,0,0,0,0,0,"N",0,0.0,0,0,0,0,0,0,0,0,0,0,0,0,0,0
"13063","5","44418","77","0","2025","4","N",6,0,0,0,0,0,0,0,"N",0.64,0,0,0,0,0,0,0,"N",1,20.0,0,0,0,0,0,0,0,0,0,0,0,0,0,0
"13063","5","444180","78","0","2025","4","N",6,0,0,0,0,0,0,0,"N",0.64,0,0,0,0,0,0,0,"N",1,20.0,0,0,0,0,0,0,0,0,0,0,0,0,0,0
"13063","5","4442","76","0","2025","4","",5,83,81,79,1303550,27364,94,1238,"",0.68,0.55,0.54,0.53,0.81,0.17,0.05,1.51,"",1,25.0,8,10.7,7,9.5,6,8.2,109592,9.2,18583,211.6,-122,-56.5,-3,-0.2
"13063","5","44423","77","0","2025","4","N",2,0,0,0,0,0,0,0,"N",1.29,0,0,0,0,0,0,0,"N",1,100.0,0,0,0,0,0,0,0,0,0,0,0,0,0,0
"13063","5","444230","78","0","2025","4","N",2,0,0,0,0,0,0,0,"N",1.29,0,0,0,0,0,0,0,"N",1,100.0,0,0,0,0,0,0,0,0,0,0,0,0,0,0
"13063","5","44424","77","0","2025","4","N",3,0,0,0,0,0,0,0,"N",0.52,0,0,0,0,0,0,0,"N",0,0.0,0,0,0,0,0,0,0,0,0,0,0,0,0,0
"13063","5","444240","78","0","2025","4","N",3,0,0,0,0,0,0,0,"N",0.52,0,0,0,0,0,0,0,"N",0,0.0,0,0,0,0,0,0,0,0,0,0,0,0,0,0
"13063","5","445","75","0","2025","4","",141,1692,1677,1659,13843806,1780761,17049,635,"",2.09,0.63,0.62,0.60,0.59,0.59,0.82,0.96,"",-4,-2.8,-22,-1.3,-42,-2.4,-75,-4.3,136982,1.0,-88124,-4.7,-11851,-41.0,23,3.8
"13063","5","4451","76","0","2025","4","",112,1500,1493,1470,11642720,1532801,13890,602,"",2.72,0.64,0.63,0.61,0.57,0.59,0.84,0.91,"",-3,-2.6,-47,-3.0,-54,-3.5,-93,-6.0,-43913,-0.4,-142614,-8.5,-12333,-47.0,23,4.0
"13063","5","44511","77","0","2025","4","",55,1391,1380,1359,10878081,1387476,11832,608,"",2.23,0.64,0.63,0.61,0.57,0.58,0.82,0.92,"",-3,-5.2,-44,-3.1,-58,-4.0,-95,-6.5,-63678,-0.6,-158748,-10.3,-11431,-49.1,24,4.1
"13063","5","445110","78","0","2025","4","",55,1391,1380,1359,10878081,1387476,11832,608,"",2.23,0.64,0.63,0.61,0.57,0.58,0.82,0.92,"",-3,-5.2,-44,-3.1,-58,-4.0,-95,-6.5,-63678,-0.6,-158748,-10.3,-11431,-49.1,24,4.1
"13063","5","44513","77","0","2025","4","",57,109,113,111,764639,145325,2058,530,"",3.46,0.64,0.66,0.65,0.53,0.68,0.92,0.82,"",0,0.0,-3,-2.7,4,3.7,2,1.8,19765,2.7,16134,12.5,-902,-30.5,9,1.7
"13063","5","445131","78","0","2025","4","N",53,0,0,0,0,0,0,0,"N",3.53,0,0,0,0,0,0,0,"N",-1,-1.9,0,0,0,0,0,0,0,0,0,0,0,0,0,0
"13063","5","445132","78","0","2025","4","N",4,0,0,0,0,0,0,0,"N",2.76,0,0,0,0,0,0,0,"N",1,33.3,0,0,0,0,0,0,0,0,0,0,0,0,0,0
"13063","5","4452","76","0","2025","4","",13,84,80,84,1314962,141781,1069,1224,"",1.08,0.42,0.39,0.41,0.71,0.56,0.41,1.75,"",0,0.0,10,13.5,6,8.1,11,15.1,142859,12.2,56485,66.2,403,60.5,0,0.0
"13063","5","44523","77","0","2025","4","",5,53,50,54,1015912,137201,1057,1493,"",3.61,1.59,1.71,1.92,3.37,3.92,2.57,1.94,"",0,0.0,8,17.8,7,16.3,11,25.6,152065,17.6,60028,77.8,421,66.2,-29,-1.9
"13063","5","445230","78","0","2025","4","",5,53,50,54,1015912,137201,1057,1493,"",3.61,1.59,1.71,1.92,3.37,3.92,2.57,1.94,"",0,0.0,8,17.8,7,16.3,11,25.6,152065,17.6,60028,77.8,421,66.2,-29,-1.9
"13063","5","44525","77","0","2025","4","",5,20,20,20,185086,0,0,712,"",5.43,1.71,1.75,1.73,1.57,0.00,0.00,0.91,"",0,0.0,0,0.0,-2,-9.1,-2,-9.1,-25113,-11.9,-1920,-100.0,-13,-100.0,-46,-6.1
"13063","5","445250","78","0","2025","4","",5,20,20,20,185086,0,0,712,"",5.43,1.71,1.75,1.73,1.57,0.00,0.00,0.91,"",0,0.0,0,0.0,-2,-9.1,-2,-9.1,-25113,-11.9,-1920,-100.0,-13,-100.0,-46,-6.1
"13063","5","44529","77","0","2025","4","",3,11,10,10,113964,4580,12,848,"",0.44,0.11,0.09,0.09,0.13,0.03,0.01,1.29,"",0,0.0,2,22.2,1,11.1,2,25.0,15907,16.2,-1623,-26.2,-5,-29.4,-22,-2.5
"13063","5","445291","78","0","2025","4","N",1,0,0,0,0,0,0,0,"N",0.89,0,0,0,0,0,0,0,"N",0,0.0,0,0,0,0,0,0,0,0,0,0,0,0,0,0
"13063","5","445292","78","0","2025","4","N",1,0,0,0,0,0,0,0,"N",0.75,0,0,0,0,0,0,0,"N",0,0.0,0,0,0,0,0,0,0,0,0,0,0,0,0,0
"13063","5","445298","78","0","2025","4","N",1,0,0,0,0,0,0,0,"N",0.23,0,0,0,0,0,0,0,"N",0,0.0,0,0,0,0,0,0,0,0,0,0,0,0,0,0
"13063","5","4453","76","0","2025","4","",16,108,104,105,886124,106179,2090,645,"",1.11,0.77,0.73,0.73,0.79,0.66,1.35,1.07,"",-1,-5.9,15,16.1,6,6.1,7,7.1,38036,4.5,-1995,-1.8,79,3.9,-32,-4.7
"13063","5","44532","77","0","2025","4","",16,108,104,105,886124,106179,2090,645,"",1.11,0.77,0.73,0.73,0.79,0.66,1.35,1.07,"",-1,-5.9,15,16.1,6,6.1,7,7.1,38036,4.5,-1995,-1.8,79,3.9,-32,-4.7
"13063","5","445320","78","0","2025","4","",16,108,104,105,886124,106179,2090,645,"",1.11,0.77,0.73,0.73,0.79,0.66,1.35,1.07,"",-1,-5.9,15,16.1,6,6.1,7,7.1,38036,4.5,-1995,-1.8,79,3.9,-32,-4.7
"13063","5","449","75","0","2025","4","",52,450,442,460,7864909,418114,2048,1342,"",1.46,0.71,0.68,0.70,0.80,0.62,0.31,1.15,"",-2,-3.7,-29,-6.1,-16,-3.5,3,0.7,6996,0.1,44275,11.8,-58,-2.8,41,3.2
"13063","5","4491","76","0","2025","4","",28,121,115,113,1354196,113850,1379,895,"",1.49,0.37,0.34,0.33,0.29,0.31,0.42,0.84,"",1,3.7,1,0.8,11,10.6,6,5.6,-169572,-11.1,45945,67.7,1109,410.7,-167,-15.7
"13063","5","44911","77","0","2025","4","",23,111,105,103,1210005,101078,1373,875,"",2.52,0.71,0.67,0.65,0.51,0.61,0.89,0.76,"",1,4.5,3,2.8,13,14.1,9,9.6,-115397,-8.7,50057,98.1,1197,680.1,-165,-15.9
"13063","5","449110","78","0","2025","4","",23,111,105,103,1210005,101078,1373,875,"",2.52,0.71,0.67,0.65,0.51,0.61,0.89,0.76,"",1,4.5,3,2.8,13,14.1,9,9.6,-115397,-8.7,50057,98.1,1197,680.1,-165,-15.9
"13063","5","44912","77","0","2025","4","",5,10,10,10,144191,12772,6,1109,"",0.52,0.06,0.06,0.06,0.06,0.07,0.00,1.14,"",0,0.0,-2,-16.7,-2,-16.7,-3,-23.1,-54175,-27.3,-4112,-24.4,-88,-93.6,-128,-10.3
"13063","5","449121","78","0","2025","4","",5,10,10,10,144191,12772,6,1109,"",1.35,0.18,0.18,0.18,0.14,0.23,0.01,0.80,"",0,0.0,-2,-16.7,-2,-16.7,-3,-23.1,-54175,-27.3,-4112,-24.4,-88,-93.6,-128,-10.3
"13063","5","4492","76","0","2025","4","",24,329,327,347,6510713,304264,669,1498,"",1.44,1.06,1.02,1.08,1.24,0.98,0.20,1.18,"",-3,-11.1,-30,-8.4,-27,-7.6,-3,-0.9,176568,2.8,-1670,-0.5,-1167,-63.6,123,8.9
"13063","5","44921","77","0","2025","4","",24,329,327,347,6510713,304264,669,1498,"",1.44,1.06,1.02,1.08,1.24,0.98,0.20,1.18,"",-3,-11.1,-30,-8.4,-27,-7.6,-3,-0.9,176568,2.8,-1670,-0.5,-1167,-63.6,123,8.9
"13063","5","449210","78","0","2025","4","",24,329,327,347,6510713,304264,669,1498,"",1.44,1.06,1.02,1.08,1.24,0.98,0.20,1.18,"",-3,-11.1,-30,-8.4,-27,-7.6,-3,-0.9,176568,2.8,-1670,-0.5,-1167,-63.6,123,8.9
"13063","5","455","75","0","2025","4","",78,3367,3501,3490,31849655,5724564,21349,710,"",2.24,1.25,1.25,1.22,1.35,1.82,1.03,1.09,"",3,4.0,232,7.4,321,10.1,301,9.4,7300633,29.7,1744069,43.8,-1938,-8.3,114,19.1
"13063","5","4551","76","0","2025","4","",11,835,957,942,10010911,2776732,6132,845,"",2.15,1.09,1.15,1.09,1.75,2.99,0.90,1.58,"",1,10.0,98,13.3,224,30.6,203,27.5,3446841,52.5,1515004,120.1,-130,-2.1,159,23.2
"13063","5","45511","77","0","2025","4","",11,835,957,942,10010911,2776732,6132,845,"",2.15,1.09,1.15,1.09,1.75,2.99,0.90,1.58,"",1,10.0,98,13.3,224,30.6,203,27.5,3446841,52.5,1515004,120.1,-130,-2.1,159,23.2
"13063","5","455110","78","0","2025","4","",11,835,957,942,10010911,2776732,6132,845,"",2.15,1.09,1.15,1.09,1.75,2.99,0.90,1.58,"",1,10.0,98,13.3,224,30.6,203,27.5,3446841,52.5,1515004,120.1,-130,-2.1,159,23.2
"13063","5","4552","76","0","2025","4","",67,2532,2544,2548,21838744,2947832,15217,661,"",2.26,1.32,1.29,1.28,1.23,1.33,1.10,0.95,"",2,3.1,134,5.6,97,4.0,98,4.0,3853792,21.4,229065,8.4,-1808,-10.6,92,16.2
"13063","5","45521","77","0","2025","4","",67,2532,2544,2548,21838744,2947832,15217,661,"",2.26,1.32,1.29,1.28,1.23,1.33,1.10,0.95,"",2,3.1,134,5.6,97,4.0,98,4.0,3853792,21.4,229065,8.4,-1808,-10.6,92,16.2
"13063","5","455211","78","0","2025","4","N",6,0,0,0,0,0,0,0,"N",2.21,0,0,0,0,0,0,0,"N",1,20.0,0,0,0,0,0,0,0,0,0,0,0,0,0,0
"13063","5","455219","78","0","2025","4","N",61,0,0,0,0,0,0,0,"N",2.26,0,0,0,0,0,0,0,"N",1,1.7,0,0,0,0,0,0,0,0,0,0,0,0,0,0
"13063","5","456","75","0","2025","4","",81,610,627,632,6076484,818252,10593,750,"",1.73,0.69,0.70,0.69,0.53,0.84,1.31,0.76,"",-8,-9.0,-42,-6.4,-15,-2.3,-26,-4.0,-153534,-2.5,95996,13.3,2950,38.6,13,1.8
"13063","5","4561","76","0","2025","4","",81,610,627,632,6076484,818252,10593,750,"",1.73,0.69,0.70,0.69,0.53,0.84,1.31,0.76,"",-8,-9.0,-42,-6.4,-15,-2.3,-26,-4.0,-153534,-2.5,95996,13.3,2950,38.6,13,1.8
"13063","5","45611","77","0","2025","4","",22,161,152,161,1805797,171137,615,879,"",0.88,0.29,0.28,0.29,0.23,0.28,0.13,0.82,"",-5,-18.5,-41,-20.3,-38,-20.0,-34,-17.4,-429867,-19.2,-15960,-8.5,-366,-37.3,0,0.0
"13063","5","456110","78","0","2025","4","",22,161,152,161,1805797,171137,615,879,"",0.88,0.29,0.28,0.29,0.23,0.28,0.13,0.82,"",-5,-18.5,-41,-20.3,-38,-20.0,-34,-17.4,-429867,-19.2,-15960,-8.5,-366,-37.3,0,0.0
"13063","5","45612","77","0","2025","4","",34,264,282,280,2018760,410134,4246,564,"",3.97,1.43,1.48,1.43,1.39,2.05,2.37,0.96,"",-1,-2.9,7,2.7,25,9.7,14,5.3,171959,9.3,11788,3.0,-2,0.0,18,3.3
"13063","5","456120","78","0","2025","4","",34,264,282,280,2018760,410134,4246,564,"",3.97,1.43,1.48,1.43,1.39,2.05,2.37,0.96,"",-1,-2.9,7,2.7,25,9.7,14,5.3,171959,9.3,11788,3.0,-2,0.0,18,3.3
"13063","5","45613","77","0","2025","4","",12,114,117,115,1624054,72559,1586,1083,"",2.82,1.90,1.93,1.87,1.99,1.26,3.20,1.05,"",-1,-7.7,-11,-8.8,-8,-6.4,-11,-8.7,-54498,-3.2,-2017,-2.7,11,0.7,53,5.1
"13063","5","456130","78","0","2025","4","",12,114,117,115,1624054,72559,1586,1083,"",2.82,1.90,1.93,1.87,1.99,1.26,3.20,1.05,"",-1,-7.7,-11,-8.8,-8,-6.4,-11,-8.7,-54498,-3.2,-2017,-2.7,11,0.7,53,5.1
"13063","5","45619","77","0","2025","4","",13,71,76,76,627873,164422,4146,650,"",1.42,0.74,0.78,0.77,0.41,1.51,3.82,0.53,"",-1,-7.1,3,4.4,6,8.6,5,7.0,158872,33.9,102185,164.2,3307,394.2,132,25.5
"13063","5","456191","78","0","2025","4","N",9,0,0,0,0,0,0,0,"N",2.11,0,0,0,0,0,0,0,"N",0,0.0,0,0,0,0,0,0,0,0,0,0,0,0,0,0
"13063","5","456199","78","0","2025","4","N",4,0,0,0,0,0,0,0,"N",0.81,0,0,0,0,0,0,0,"N",-1,-20.0,0,0,0,0,0,0,0,0,0,0,0,0,0,0
"13063","5","457","75","0","2025","4","",151,644,622,643,5403571,670165,8729,653,"",3.03,0.74,0.71,0.73,0.71,0.61,1.01,0.97,"",-8,-5.0,-66,-9.3,-103,-14.2,-60,-8.5,58891,1.1,7834,1.2,666,8.3,76,13.2
"13063","5","4571","76","0","2025","4","N",149,0,0,0,0,0,0,0,"N",3.19,0,0,0,0,0,0,0,"N",-8,-5.1,0,0,0,0,0,0,0,0,0,0,0,0,0,0
"13063","5","45711","77","0","2025","4","",132,584,569,587,4815107,618034,7846,639,"",3.08,0.79,0.77,0.79,0.84,0.65,1.11,1.07,"",-7,-5.0,-59,-9.2,-91,-13.8,-51,-8.0,88905,1.9,11104,1.8,823,11.7,77,13.7
"13063","5","457110","78","0","2025","4","",132,584,569,587,4815107,618034,7846,639,"",3.08,0.79,0.77,0.79,0.84,0.65,1.11,1.07,"",-7,-5.0,-59,-9.2,-91,-13.8,-51,-8.0,88905,1.9,11104,1.8,823,11.7,77,13.7
"13063","5","45712","77","0","2025","4","N",17,0,0,0,0,0,0,0,"N",4.54,0,0,0,0,0,0,0,"N",-1,-5.6,0,0,0,0,0,0,0,0,0,0,0,0,0,0
"13063","5","457120","78","0","2025","4","N",17,0,0,0,0,0,0,0,"N",4.54,0,0,0,0,0,0,0,"N",-1,-5.6,0,0,0,0,0,0,0,0,0,0,0,0,0,0
"13063","5","4572","76","0","2025","4","N",2,0,0,0,0,0,0,0,"N",0.64,0,0,0,0,0,0,0,"N",0,0.0,0,0,0,0,0,0,0,0,0,0,0,0,0,0
"13063","5","45721","77","0","2025","4","N",2,0,0,0,0,0,0,0,"N",0.64,0,0,0,0,0,0,0,"N",0,0.0,0,0,0,0,0,0,0,0,0,0,0,0,0,0
"13063","5","457210","78","0","2025","4","N",2,0,0,0,0,0,0,0,"N",0.64,0,0,0,0,0,0,0,"N",0,0.0,0,0,0,0,0,0,0,0,0,0,0,0,0,0
"13063","5","458","75","0","2025","4","",81,623,639,706,3910348,967490,9196,459,"",1.64,0.65,0.63,0.67,0.45,0.86,0.81,0.70,"",1,1.2,-10,-1.6,-24,-3.6,20,2.9,187930,5.0,22318,2.4,2497,37.3,26,6.0
"13063","5","4581","76","0","2025","4","",56,454,462,501,2846356,714575,7287,464,"",1.64,0.63,0.61,0.64,0.48,0.83,0.83,0.77,"",-4,-6.7,-31,-6.4,-36,-7.2,-12,-2.3,-25566,-0.9,7956,1.1,2018,38.3,21,4.7
"13063","5","45811","77","0","2025","4","",56,454,462,501,2846356,714575,7287,464,"",1.64,0.63,0.61,0.64,0.48,0.83,0.83,0.77,"",-4,-6.7,-31,-6.4,-36,-7.2,-12,-2.3,-25566,-0.9,7956,1.1,2018,38.3,21,4.7
"13063","5","458110","78","0","2025","4","",56,454,462,501,2846356,714575,7287,464,"",1.64,0.63,0.61,0.64,0.48,0.83,0.83,0.77,"",-4,-6.7,-31,-6.4,-36,-7.2,-12,-2.3,-25566,-0.9,7956,1.1,2018,38.3,21,4.7
"13063","5","4582","76","0","2025","4","",14,136,139,168,690128,229817,1734,360,"",2.22,0.99,0.95,1.10,0.66,1.57,1.33,0.65,"",2,16.7,16,13.3,0,0.0,20,13.5,88146,14.6,34844,17.9,923,113.8,19,5.6
"13063","5","45821","77","0","2025","4","",14,136,139,168,690128,229817,1734,360,"",2.22,0.99,0.95,1.10,0.66,1.57,1.33,0.65,"",2,16.7,16,13.3,0,0.0,20,13.5,88146,14.6,34844,17.9,923,113.8,19,5.6
"13063","5","458210","78","0","2025","4","",14,136,139,168,690128,229817,1734,360,"",2.22,0.99,0.95,1.10,0.66,1.57,1.33,0.65,"",2,16.7,16,13.3,0,0.0,20,13.5,88146,14.6,34844,17.9,923,113.8,19,5.6
"13063","5","4583","76","0","2025","4","",11,33,38,37,373864,23098,175,799,"",1.22,0.31,0.34,0.32,0.23,0.19,0.15,0.71,"",3,37.5,5,17.9,12,46.2,12,48.0,125350,50.4,-20482,-47.0,-444,-71.7,73,10.1
"13063","5","45831","77","0","2025","4","N",10,0,0,0,0,0,0,0,"N",1.17,0,0,0,0,0,0,0,"N",3,42.9,0,0,0,0,0,0,0,0,0,0,0,0,0,0
"13063","5","458310","78","0","2025","4","N",10,0,0,0,0,0,0,0,"N",1.17,0,0,0,0,0,0,0,"N",3,42.9,0,0,0,0,0,0,0,0,0,0,0,0,0,0
"13063","5","45832","77","0","2025","4","N",1,0,0,0,0,0,0,0,"N",1.95,0,0,0,0,0,0,0,"N",0,0.0,0,0,0,0,0,0,0,0,0,0,0,0,0,0
"13063","5","458320","78","0","2025","4","N",1,0,0,0,0,0,0,0,"N",1.95,0,0,0,0,0,0,0,"N",0,0.0,0,0,0,0,0,0,0,0,0,0,0,0,0,0
"13063","5","459","75","0","2025","4","",63,662,657,656,5465449,560395,5582,639,"",0.81,0.53,0.52,0.51,0.46,0.38,0.40,0.87,"",-8,-11.3,-172,-20.6,-129,-16.4,-126,-16.1,-942488,-14.7,-591650,-51.4,-2572,-31.5,23,3.7
"13063","5","4591","76","0","2025","4","",17,89,92,101,675491,97827,467,553,"",0.92,0.23,0.22,0.24,0.21,0.20,0.13,0.91,"",-5,-22.7,-41,-31.5,-34,-27.0,-27,-21.1,-199628,-22.8,-45413,-31.7,-306,-39.6,27,5.1
"13063","5","45911","77","0","2025","4","",10,67,68,78,433065,84233,384,469,"",0.98,0.28,0.27,0.30,0.21,0.30,0.17,0.75,"",-2,-16.7,-31,-31.6,-27,-28.4,-20,-20.4,-176907,-29.0,-42019,-33.3,-369,-49.0,-15,-3.1
"13063","5","459110","78","0","2025","4","",10,67,68,78,433065,84233,384,469,"",0.98,0.28,0.27,0.30,0.21,0.30,0.17,0.75,"",-2,-16.7,-31,-31.6,-27,-28.4,-20,-20.4,-176907,-29.0,-42019,-33.3,-369,-49.0,-15,-3.1
"13063","5","45912","77","0","2025","4","",5,19,20,20,197296,11194,18,772,"",0.95,0.17,0.16,0.16,0.23,0.07,0.01,1.41,"",-3,-37.5,-11,-36.7,-9,-31.0,-8,-28.6,-30731,-13.5,-5794,-34.1,-2,-10.0,167,27.6
"13063","5","459120","78","0","2025","4","",5,19,20,20,197296,11194,18,772,"",0.95,0.17,0.16,0.16,0.23,0.07,0.01,1.41,"",-3,-37.5,-11,-36.7,-9,-31.0,-8,-28.6,-30731,-13.5,-5794,-34.1,-2,-10.0,167,27.6
"13063","5","45913","77","0","2025","4","N",1,0,0,0,0,0,0,0,"N",0.71,0,0,0,0,0,0,0,"N",0,0.0,0,0,0,0,0,0,0,0,0,0,0,0,0,0
"13063","5","459130","78","0","2025","4","N",1,0,0,0,0,0,0,0,"N",0.71,0,0,0,0,0,0,0,"N",0,0.0,0,0,0,0,0,0,0,0,0,0,0,0,0,0
"13063","5","45914","77","0","2025","4","N",1,0,0,0,0,0,0,0,"N",0.66,0,0,0,0,0,0,0,"N",0,0.0,0,0,0,0,0,0,0,0,0,0,0,0,0,0
"13063","5","459140","78","0","2025","4","N",1,0,0,0,0,0,0,0,"N",0.66,0,0,0,0,0,0,0,"N",0,0.0,0,0,0,0,0,0,0,0,0,0,0,0,0,0
"13063","5","4592","76","0","2025","4","N",1,0,0,0,0,0,0,0,"N",0.30,0,0,0,0,0,0,0,"N",0,0.0,0,0,0,0,0,0,0,0,0,0,0,0,0,0
"13063","5","45921","77","0","2025","4","N",1,0,0,0,0,0,0,0,"N",0.30,0,0,0,0,0,0,0,"N",0,0.0,0,0,0,0,0,0,0,0,0,0,0,0,0,0
"13063","5","459210","78","0","2025","4","N",1,0,0,0,0,0,0,0,"N",0.30,0,0,0,0,0,0,0,"N",0,0.0,0,0,0,0,0,0,0,0,0,0,0,0,0,0
"13063","5","4593","76","0","2025","4","N",5,0,0,0,0,0,0,0,"N",1.01,0,0,0,0,0,0,0,"N",-1,-16.7,0,0,0,0,0,0,0,0,0,0,0,0,0,0
"13063","5","45931","77","0","2025","4","N",5,0,0,0,0,0,0,0,"N",1.01,0,0,0,0,0,0,0,"N",-1,-16.7,0,0,0,0,0,0,0,0,0,0,0,0,0,0
"13063","5","459310","78","0","2025","4","N",5,0,0,0,0,0,0,0,"N",1.01,0,0,0,0,0,0,0,"N",-1,-16.7,0,0,0,0,0,0,0,0,0,0,0,0,0,0
"13063","5","4594","76","0","2025","4","",10,303,296,298,2998152,195787,1633,771,"",1.00,1.93,1.96,1.95,2.14,1.07,0.92,1.10,"",-1,-9.1,-83,-21.5,-67,-18.5,-66,-18.1,-481577,-13.8,-361954,-64.9,276,20.3,50,6.9
"13063","5","45941","77","0","2025","4","N",2,0,0,0,0,0,0,0,"N",0.84,0,0,0,0,0,0,0,"N",0,0.0,0,0,0,0,0,0,0,0,0,0,0,0,0,0
"13063","5","459410","78","0","2025","4","N",2,0,0,0,0,0,0,0,"N",0.84,0,0,0,0,0,0,0,"N",0,0.0,0,0,0,0,0,0,0,0,0,0,0,0,0,0
"13063","5","45942","77","0","2025","4","N",8,0,0,0,0,0,0,0,"N",1.06,0,0,0,0,0,0,0,"N",-1,-11.1,0,0,0,0,0,0,0,0,0,0,0,0,0,0
"13063","5","459420","78","0","2025","4","N",8,0,0,0,0,0,0,0,"N",1.06,0,0,0,0,0,0,0,"N",-1,-11.1,0,0,0,0,0,0,0,0,0,0,0,0,0,0
"13063","5","4595","76","0","2025","4","",6,157,163,148,959808,145619,1006,473,"",0.75,0.86,0.89,0.80,0.66,1.01,0.78,0.78,"",0,0.0,-24,-13.3,-3,-1.8,-20,-11.9,-69677,-6.8,-45947,-24.0,846,528.8,12,2.6
"13063","5","45951","77","0","2025","4","",6,157,163,148,959808,145619,1006,473,"",0.75,0.86,0.89,0.80,0.66,1.01,0.78,0.78,"",0,0.0,-24,-13.3,-3,-1.8,-20,-11.9,-69677,-6.8,-45947,-24.0,846,528.8,12,2.6
"13063","5","459510","78","0","2025","4","",6,157,163,148,959808,145619,1006,473,"",0.75,0.86,0.89,0.80,0.66,1.01,0.78,0.78,"",0,0.0,-24,-13.3,-3,-1.8,-20,-11.9,-69677,-6.8,-45947,-24.0,846,528.8,12,2.6
"13063","5","4599","76","0","2025","4","",24,82,76,77,509197,98786,2085,500,"",0.72,0.20,0.19,0.19,0.10,0.19,0.35,0.52,"",-1,-4.0,-21,-20.4,-21,-21.6,-14,-15.4,-190341,-27.2,-116827,-54.2,-2501,-54.5,-55,-9.9
"13063","5","45991","77","0","2025","4","N",1,0,0,0,0,0,0,0,"N",0.22,0,0,0,0,0,0,0,"N",0,0.0,0,0,0,0,0,0,0,0,0,0,0,0,0,0
"13063","5","459910","78","0","2025","4","N",1,0,0,0,0,0,0,0,"N",0.22,0,0,0,0,0,0,0,"N",0,0.0,0,0,0,0,0,0,0,0,0,0,0,0,0,0
"13063","5","45992","77","0","2025","4","N",2,0,0,0,0,0,0,0,"N",0.96,0,0,0,0,0,0,0,"N",0,0.0,0,0,0,0,0,0,0,0,0,0,0,0,0,0
"13063","5","459920","78","0","2025","4","N",2,0,0,0,0,0,0,0,"N",0.96,0,0,0,0,0,0,0,"N",0,0.0,0,0,0,0,0,0,0,0,0,0,0,0,0,0
"13063","5","45999","77","0","2025","4","",21,52,46,47,287693,76405,2062,458,"",0.82,0.19,0.17,0.17,0.08,0.21,0.44,0.47,"",-1,-4.5,-17,-24.6,-22,-32.4,-15,-24.2,-167226,-36.8,-92558,-54.8,-2502,-54.8,-70,-13.3
"13063","5","459991","78","0","2025","4","",16,34,31,32,186067,72655,1961,443,"",1.30,0.28,0.25,0.26,0.17,0.38,0.78,0.64,"",0,0.0,-8,-19.0,-12,-27.9,-9,-22.0,-49278,-20.9,-40841,-36.0,-1105,-36.0,12,2.8
"13063","5","459999","78","0","2025","4","",5,18,15,15,101626,3750,101,489,"",0.37,0.12,0.10,0.10,0.04,0.02,0.05,0.40,"",-1,-16.7,-9,-33.3,-10,-40.0,-6,-28.6,-117948,-53.7,-51717,-93.2,-1397,-93.3,-205,-29.5
"13063","5","48-49","74","0","2025","4","",468,52989,53542,54198,1396905681,32439122,384400,2006,"",3.53,9.60,9.34,9.23,14.80,4.62,4.78,1.58,"",-40,-7.9,1540,3.0,769,1.5,1599,3.0,72036742,5.4,-287401,-0.9,-128487,-25.1,56,2.9
"13063","5","481","75","0","2025","4","",18,34754,34269,34623,1116436229,5814256,42659,2486,"",5.40,73.01,71.44,71.84,80.26,15.79,15.42,1.11,"",-3,-14.3,783,2.3,2,0.0,557,1.6,62744517,6.0,-1640016,-22.0,3285,8.3,109,4.6
"13063","5","4811","76","0","2025","4","",15,34749,34264,34618,1116345810,5814256,42659,2486,"",12.36,81.35,79.64,80.09,92.15,17.75,18.49,1.15,"",-2,-11.8,788,2.3,6,0.0,561,1.6,62834361,6.0,-1640016,-22.0,3285,8.3,109,4.6
"13063","5","48111","77","0","2025","4","",15,34749,34264,34618,1116345810,5814256,42659,2486,"",12.36,81.35,79.64,80.09,92.15,17.75,18.49,1.15,"",-2,-11.8,788,2.3,6,0.0,561,1.6,62834361,6.0,-1640016,-22.0,3285,8.3,109,4.6
"13063","5","481111","78","0","2025","4","N",13,0,0,0,0,0,0,0,"N",14.40,0,0,0,0,0,0,0,"N",-1,-7.1,0,0,0,0,0,0,0,0,0,0,0,0,0,0
"13063","5","481112","78","0","2025","4","N",2,0,0,0,0,0,0,0,"N",6.42,0,0,0,0,0,0,0,"N",-1,-33.3,0,0,0,0,0,0,0,0,0,0,0,0,0,0
"13063","5","4812","76","0","2025","4","",3,5,5,5,90419,0,0,1391,"",1.41,0.10,0.10,0.10,0.05,0.00,0.00,0.50,"",-1,-25.0,-5,-50.0,-4,-44.4,-4,-44.4,-89844,-49.8,0,0.0,0,0.0,-95,-6.4
"13063","5","48121","77","0","2025","4","",3,5,5,5,90419,0,0,1391,"",1.41,0.10,0.10,0.10,0.05,0.00,0.00,0.50,"",-1,-25.0,-5,-50.0,-4,-44.4,-4,-44.4,-89844,-49.8,0,0.0,0,0.0,-95,-6.4
"13063","5","481211","78","0","2025","4","N",1,0,0,0,0,0,0,0,"N",0.72,0,0,0,0,0,0,0,"N",0,0.0,0,0,0,0,0,0,0,0,0,0,0,0,0,0
"13063","5","481212","78","0","2025","4","N",2,0,0,0,0,0,0,0,"N",7.85,0,0,0,0,0,0,0,"N",-1,-33.3,0,0,0,0,0,0,0,0,0,0,0,0,0,0
"13063","5","483","75","0","2025","4","N",2,0,0,0,0,0,0,0,"N",1.89,0,0,0,0,0,0,0,"N",0,0.0,0,0,0,0,0,0,0,0,0,0,0,0,0,0
"13063","5","4831","76","0","2025","4","N",2,0,0,0,0,0,0,0,"N",3.03,0,0,0,0,0,0,0,"N",0,0.0,0,0,0,0,0,0,0,0,0,0,0,0,0,0
"13063","5","48311","77","0","2025","4","N",2,0,0,0,0,0,0,0,"N",3.03,0,0,0,0,0,0,0,"N",0,0.0,0,0,0,0,0,0,0,0,0,0,0,0,0,0
"13063","5","483111","78","0","2025","4","N",1,0,0,0,0,0,0,0,"N",3.88,0,0,0,0,0,0,0,"N",0,0.0,0,0,0,0,0,0,0,0,0,0,0,0,0,0
"13063","5","483113","78","0","2025","4","N",1,0,0,0,0,0,0,0,"N",4.53,0,0,0,0,0,0,0,"N",0,0.0,0,0,0,0,0,0,0,0,0,0,0,0,0,0
"13063","5","484","75","0","2025","4","",189,4225,4236,4243,79218935,3608311,54532,1439,"",2.63,3.44,3.45,3.44,3.78,2.58,3.66,1.10,"",-33,-14.9,-345,-7.5,-345,-7.5,-332,-7.3,-2780268,-3.4,-759075,-17.4,15888,41.1,60,4.4
"13063","5","4841","76","0","2025","4","",163,4101,4119,4120,77631986,3475555,53036,1452,"",3.27,4.79,4.79,4.76,5.34,3.63,5.47,1.12,"",-31,-16.0,-139,-3.3,-150,-3.5,-152,-3.6,412627,0.5,-634331,-15.4,15239,40.3,58,4.2
"13063","5","48411","77","0","2025","4","",37,322,330,347,4819823,1327465,34602,1113,"",1.89,1.35,1.38,1.43,1.27,4.51,9.48,0.92,"",-5,-11.9,78,32.0,66,25.0,58,20.1,1471212,43.9,719196,118.2,19326,126.5,143,14.7
"13063","5","484110","78","0","2025","4","",37,322,330,347,4819823,1327465,34602,1113,"",1.89,1.35,1.38,1.43,1.27,4.51,9.48,0.92,"",-5,-11.9,78,32.0,66,25.0,58,20.1,1471212,43.9,719196,118.2,19326,126.5,143,14.7
"13063","5","48412","77","0","2025","4","",126,3779,3789,3773,72812163,2148090,18434,1482,"",4.17,6.11,6.11,6.05,6.78,3.24,3.05,1.11,"",-26,-17.1,-217,-5.4,-216,-5.4,-210,-5.3,-1058585,-1.4,-1353527,-38.7,-4087,-18.1,60,4.2
"13063","5","484121","78","0","2025","4","",68,1472,1492,1490,27794599,1396142,10614,1440,"",2.70,3.55,3.59,3.56,4.03,2.73,2.43,1.13,"",-4,-5.6,-230,-13.5,-212,-12.4,-207,-12.2,-1475709,-5.0,-665355,-32.3,-1783,-14.4,116,8.8
"13063","5","484122","78","0","2025","4","",58,2307,2297,2283,45017564,751948,7820,1508,"",11.51,11.35,11.26,11.13,11.72,4.97,4.68,1.04,"",-22,-27.5,13,0.6,-4,-0.2,-3,-0.1,417124,0.9,-688172,-47.8,-2304,-22.8,12,0.8
"13063","5","4842","76","0","2025","4","",26,124,117,123,1586949,132756,1496,1006,"",1.18,0.33,0.32,0.33,0.25,0.30,0.29,0.75,"",-2,-7.1,-206,-62.4,-195,-62.5,-180,-59.4,-3192895,-66.8,-124744,-48.4,649,76.6,-161,-13.8
"13063","5","48421","77","0","2025","4","N",3,0,0,0,0,0,0,0,"N",0.74,0,0,0,0,0,0,0,"N",-1,-25.0,0,0,0,0,0,0,0,0,0,0,0,0,0,0
"13063","5","484210","78","0","2025","4","N",3,0,0,0,0,0,0,0,"N",0.74,0,0,0,0,0,0,0,"N",-1,-25.0,0,0,0,0,0,0,0,0,0,0,0,0,0,0
"13063","5","48422","77","0","2025","4","",8,59,57,63,806012,32948,21,1039,"",0.63,0.31,0.30,0.34,0.24,0.14,0.01,0.75,"N",0,0.0,0,0,0,0,0,0,0,0,0,0,0,0,0,0
"13063","5","484220","78","0","2025","4","",8,59,57,63,806012,32948,21,1039,"",0.63,0.31,0.30,0.34,0.24,0.14,0.01,0.75,"N",0,0.0,0,0,0,0,0,0,0,0,0,0,0,0,0,0
"13063","5","48423","77","0","2025","4","N",15,0,0,0,0,0,0,0,"N",2.82,0,0,0,0,0,0,0,"N",-1,-6.2,0,0,0,0,0,0,0,0,0,0,0,0,0,0
"13063","5","484230","78","0","2025","4","N",15,0,0,0,0,0,0,0,"N",2.82,0,0,0,0,0,0,0,"N",-1,-6.2,0,0,0,0,0,0,0,0,0,0,0,0,0,0
"13063","5","485","75","0","2025","4","",17,287,284,289,4273903,396021,6356,1147,"",1.80,0.59,0.57,0.58,0.68,0.55,0.43,1.17,"",-4,-19.0,-100,-25.8,-110,-27.9,-107,-27.0,-1592045,-27.1,-8211,-2.0,2389,60.2,-3,-0.3
"13063","5","4851","76","0","2025","4","N",3,0,0,0,0,0,0,0,"N",8.29,0,0,0,0,0,0,0,"N",0,0.0,0,0,0,0,0,0,0,0,0,0,0,0,0,0
"13063","5","48511","77","0","2025","4","N",3,0,0,0,0,0,0,0,"N",8.29,0,0,0,0,0,0,0,"N",0,0.0,0,0,0,0,0,0,0,0,0,0,0,0,0,0
"13063","5","485113","78","0","2025","4","N",2,0,0,0,0,0,0,0,"N",7.32,0,0,0,0,0,0,0,"N",0,0.0,0,0,0,0,0,0,0,0,0,0,0,0,0,0
"13063","5","485119","78","0","2025","4","N",1,0,0,0,0,0,0,0,"N",24.93,0,0,0,0,0,0,0,"N",0,0.0,0,0,0,0,0,0,0,0,0,0,0,0,0,0
"13063","5","4853","76","0","2025","4","N",3,0,0,0,0,0,0,0,"N",0.94,0,0,0,0,0,0,0,"N",-1,-25.0,0,0,0,0,0,0,0,0,0,0,0,0,0,0
"13063","5","48531","77","0","2025","4","N",1,0,0,0,0,0,0,0,"N",0.72,0,0,0,0,0,0,0,"N",0,0.0,0,0,0,0,0,0,0,0,0,0,0,0,0,0
"13063","5","485310","78","0","2025","4","N",1,0,0,0,0,0,0,0,"N",0.72,0,0,0,0,0,0,0,"N",0,0.0,0,0,0,0,0,0,0,0,0,0,0,0,0,0
"13063","5","48532","77","0","2025","4","N",2,0,0,0,0,0,0,0,"N",1.12,0,0,0,0,0,0,0,"N",-1,-33.3,0,0,0,0,0,0,0,0,0,0,0,0,0,0
"13063","5","485320","78","0","2025","4","N",2,0,0,0,0,0,0,0,"N",1.12,0,0,0,0,0,0,0,"N",-1,-33.3,0,0,0,0,0,0,0,0,0,0,0,0,0,0
"13063","5","4855","76","0","2025","4","N",1,0,0,0,0,0,0,0,"N",1.73,0,0,0,0,0,0,0,"N",0,0.0,0,0,0,0,0,0,0,0,0,0,0,0,0,0
"13063","5","48551","77","0","2025","4","N",1,0,0,0,0,0,0,0,"N",1.73,0,0,0,0,0,0,0,"N",0,0.0,0,0,0,0,0,0,0,0,0,0,0,0,0,0
"13063","5","485510","78","0","2025","4","N",1,0,0,0,0,0,0,0,"N",1.73,0,0,0,0,0,0,0,"N",0,0.0,0,0,0,0,0,0,0,0,0,0,0,0,0,0
"13063","5","4859","76","0","2025","4","",10,144,142,141,1136374,255888,5287,614,"",3.00,1.51,1.48,1.46,1.04,2.00,2.87,0.70,"",-3,-23.1,-109,-43.1,-116,-45.0,-117,-45.3,-1853960,-62.0,8837,3.6,2407,83.6,-283,-31.5
"13063","5","48599","77","0","2025","4","",10,144,142,141,1136374,255888,5287,614,"",3.00,1.51,1.48,1.46,1.04,2.00,2.87,0.70,"",-3,-23.1,-109,-43.1,-116,-45.0,-117,-45.3,-1853960,-62.0,8837,3.6,2407,83.6,-283,-31.5
"13063","5","485991","78","0","2025","4","N",4,0,0,0,0,0,0,0,"N",2.10,0,0,0,0,0,0,0,"N",-4,-50.0,0,0,0,0,0,0,0,0,0,0,0,0,0,0
"13063","5","485999","78","0","2025","4","N",6,0,0,0,0,0,0,0,"N",4.20,0,0,0,0,0,0,0,"N",1,20.0,0,0,0,0,0,0,0,0,0,0,0,0,0,0
"13063","5","486","75","0","2025","4","N",1,0,0,0,0,0,0,0,"N",0.69,0,0,0,0,0,0,0,"N",0,0.0,0,0,0,0,0,0,0,0,0,0,0,0,0,0
"13063","5","4862","76","0","2025","4","N",1,0,0,0,0,0,0,0,"N",1.05,0,0,0,0,0,0,0,"N",0,0.0,0,0,0,0,0,0,0,0,0,0,0,0,0,0
"13063","5","48621","77","0","2025","4","N",1,0,0,0,0,0,0,0,"N",1.05,0,0,0,0,0,0,0,"N",0,0.0,0,0,0,0,0,0,0,0,0,0,0,0,0,0
"13063","5","486210","78","0","2025","4","N",1,0,0,0,0,0,0,0,"N",1.05,0,0,0,0,0,0,0,"N",0,0.0,0,0,0,0,0,0,0,0,0,0,0,0,0,0
"13063","5","488","75","0","2025","4","",163,5418,5382,5346,86039808,6299148,113712,1230,"",6.69,8.01,7.91,7.77,6.70,8.36,13.05,0.85,"",-8,-4.7,241,4.7,14,0.3,20,0.4,2321582,2.8,-733476,-10.4,4309,3.9,13,1.1
"13063","5","4881","76","0","2025","4","",22,2111,2083,2081,24931311,2807873,48607,917,"",5.51,9.40,9.20,9.08,7.06,10.37,16.36,0.77,"",0,0.0,136,6.9,2,0.1,41,2.0,1387492,5.9,-627703,-18.3,7430,18.0,26,2.9
"13063","5","48811","77","0","2025","4","",8,860,854,862,9301767,905027,11138,833,"",7.81,8.05,7.92,7.91,7.74,5.75,6.14,0.97,"",-1,-11.1,170,24.6,99,13.1,129,17.6,1118974,13.7,-289453,-24.2,-1417,-11.3,-34,-3.9
"13063","5","488119","78","0","2025","4","",8,860,854,862,9301767,905027,11138,833,"",8.69,8.19,8.06,8.05,8.01,5.82,6.23,0.99,"",-1,-11.1,170,24.6,99,13.1,129,17.6,1118974,13.7,-289453,-24.2,-1417,-11.3,-34,-3.9
"13063","5","48819","77","0","2025","4","",14,1251,1229,1219,15629544,1902846,37469,975,"",4.72,10.63,10.37,10.15,6.71,16.79,32.36,0.65,"",1,7.7,-34,-2.6,-97,-7.3,-88,-6.7,268518,1.7,-338250,-15.1,8847,30.9,70,7.7
"13063","5","488190","78","0","2025","4","",14,1251,1229,1219,15629544,1902846,37469,975,"",4.72,10.63,10.37,10.15,6.71,16.79,32.36,0.65,"",1,7.7,-34,-2.6,-97,-7.3,-88,-6.7,268518,1.7,-338250,-15.1,8847,30.9,70,7.7
"13063","5","4882","76","0","2025","4","N",2,0,0,0,0,0,0,0,"N",2.39,0,0,0,0,0,0,0,"N",0,0.0,0,0,0,0,0,0,0,0,0,0,0,0,0,0
"13063","5","48821","77","0","2025","4","N",2,0,0,0,0,0,0,0,"N",2.39,0,0,0,0,0,0,0,"N",0,0.0,0,0,0,0,0,0,0,0,0,0,0,0,0,0
"13063","5","488210","78","0","2025","4","N",2,0,0,0,0,0,0,0,"N",2.39,0,0,0,0,0,0,0,"N",0,0.0,0,0,0,0,0,0,0,0,0,0,0,0,0,0
"13063","5","4884","76","0","2025","4","",12,254,263,241,2993731,606062,6821,911,"",1.92,2.67,2.75,2.50,2.12,4.86,4.98,0.80,"",0,0.0,67,35.8,39,17.4,22,10.0,206674,7.4,31262,5.4,-1657,-19.5,-110,-10.8
"13063","5","48841","77","0","2025","4","N",10,0,0,0,0,0,0,0,"N",2.23,0,0,0,0,0,0,0,"N",0,0.0,0,0,0,0,0,0,0,0,0,0,0,0,0,0
"13063","5","488410","78","0","2025","4","N",10,0,0,0,0,0,0,0,"N",2.23,0,0,0,0,0,0,0,"N",0,0.0,0,0,0,0,0,0,0,0,0,0,0,0,0,0
"13063","5","48849","77","0","2025","4","N",2,0,0,0,0,0,0,0,"N",1.14,0,0,0,0,0,0,0,"N",0,0.0,0,0,0,0,0,0,0,0,0,0,0,0,0,0
"13063","5","488490","78","0","2025","4","N",2,0,0,0,0,0,0,0,"N",1.14,0,0,0,0,0,0,0,"N",0,0.0,0,0,0,0,0,0,0,0,0,0,0,0,0,0
"13063","5","4885","76","0","2025","4","",123,3004,2990,2978,57202904,2807233,57628,1471,"",11.75,14.02,13.83,13.67,12.47,14.21,23.81,0.90,"",-7,-5.4,40,1.3,-22,-0.7,-37,-1.2,679094,1.2,-175044,-5.9,-1262,-2.1,20,1.4
"13063","5","48851","77","0","2025","4","",123,3004,2990,2978,57202904,2807233,57628,1471,"",11.75,14.02,13.83,13.67,12.47,14.21,23.81,0.90,"",-7,-5.4,40,1.3,-22,-0.7,-37,-1.2,679094,1.2,-175044,-5.9,-1262,-2.1,20,1.4
"13063","5","488510","78","0","2025","4","",123,3004,2990,2978,57202904,2807233,57628,1471,"",11.75,14.02,13.83,13.67,12.47,14.21,23.81,0.90,"",-7,-5.4,40,1.3,-22,-0.7,-37,-1.2,679094,1.2,-175044,-5.9,-1262,-2.1,20,1.4
"13063","5","4889","76","0","2025","4","N",4,0,0,0,0,0,0,0,"N",2.52,0,0,0,0,0,0,0,"N",-1,-20.0,0,0,0,0,0,0,0,0,0,0,0,0,0,0
"13063","5","48899","77","0","2025","4","N",4,0,0,0,0,0,0,0,"N",2.52,0,0,0,0,0,0,0,"N",-1,-20.0,0,0,0,0,0,0,0,0,0,0,0,0,0,0
"13063","5","488991","78","0","2025","4","-",0,0,0,0,0,0,0,0,"N",0.00,0,0,0,0,0,0,0,"N",-1,-100.0,0,0,0,0,0,0,0,0,0,0,0,0,0,0
"13063","5","488999","78","0","2025","4","N",4,0,0,0,0,0,0,0,"N",3.97,0,0,0,0,0,0,0,"N",0,0.0,0,0,0,0,0,0,0,0,0,0,0,0,0,0
"13063","5","492","75","0","2025","4","",28,4863,5665,5883,57316691,9151051,54146,806,"",2.99,5.18,5.36,5.07,4.04,5.92,3.31,0.78,"N",1,3.7,0,0,0,0,0,0,0,0,0,0,0,0,0,0
"13063","5","4921","76","0","2025","4","N",23,0,0,0,0,0,0,0,"N",3.87,0,0,0,0,0,0,0,"N",3,15.0,0,0,0,0,0,0,0,0,0,0,0,0,0,0
"13063","5","49211","77","0","2025","4","N",23,0,0,0,0,0,0,0,"N",3.87,0,0,0,0,0,0,0,"N",3,15.0,0,0,0,0,0,0,0,0,0,0,0,0,0,0
"13063","5","492110","78","0","2025","4","N",23,0,0,0,0,0,0,0,"N",3.87,0,0,0,0,0,0,0,"N",3,15.0,0,0,0,0,0,0,0,0,0,0,0,0,0,0
"13063","5","4922","76","0","2025","4","N",5,0,0,0,0,0,0,0,"N",1.47,0,0,0,0,0,0,0,"N",-2,-28.6,0,0,0,0,0,0,0,0,0,0,0,0,0,0
"13063","5","49221","77","0","2025","4","N",5,0,0,0,0,0,0,0,"N",1.47,0,0,0,0,0,0,0,"N",-2,-28.6,0,0,0,0,0,0,0,0,0,0,0,0,0,0
"13063","5","492210","78","0","2025","4","N",5,0,0,0,0,0,0,0,"N",1.47,0,0,0,0,0,0,0,"N",-2,-28.6,0,0,0,0,0,0,0,0,0,0,0,0,0,0
"13063","5","493","75","0","2025","4","",50,3431,3694,3803,53280846,7167526,112991,1125,"",5.05,2.18,2.23,2.27,2.37,3.40,5.31,1.06,"",7,16.3,366,11.9,595,19.2,755,24.8,2573252,5.1,1084013,17.8,-164763,-59.3,-145,-11.4
"13063","5","4931","76","0","2025","4","",50,3431,3694,3803,53280846,7167526,112991,1125,"",5.05,2.18,2.23,2.27,2.37,3.40,5.31,1.06,"",7,16.3,366,11.9,595,19.2,755,24.8,2573252,5.1,1084013,17.8,-164763,-59.3,-145,-11.4
"13063","5","49311","77","0","2025","4","",34,1420,1653,1798,18792150,3916759,22107,890,"",4.49,0.97,1.07,1.15,0.91,1.99,1.13,0.86,"",5,17.2,321,29.2,574,53.2,715,66.0,2034790,12.1,2915957,291.4,4986,29.1,-296,-25.0
"13063","5","493110","78","0","2025","4","",34,1420,1653,1798,18792150,3916759,22107,890,"",4.49,0.97,1.07,1.15,0.91,1.99,1.13,0.86,"",5,17.2,321,29.2,574,53.2,715,66.0,2034790,12.1,2915957,291.4,4986,29.1,-296,-25.0
"13063","5","49312","77","0","2025","4","N",2,0,0,0,0,0,0,0,"N",2.56,0,0,0,0,0,0,0,"N",0,0.0,0,0,0,0,0,0,0,0,0,0,0,0,0,0
"13063","5","493120","78","0","2025","4","N",2,0,0,0,0,0,0,0,"N",2.56,0,0,0,0,0,0,0,"N",0,0.0,0,0,0,0,0,0,0,0,0,0,0,0,0,0
"13063","5","49313","77","0","2025","4","N",3,0,0,0,0,0,0,0,"N",7.85,0,0,0,0,0,0,0,"N",0,0.0,0,0,0,0,0,0,0,0,0,0,0,0,0,0
"13063","5","493130","78","0","2025","4","N",3,0,0,0,0,0,0,0,"N",7.85,0,0,0,0,0,0,0,"N",0,0.0,0,0,0,0,0,0,0,0,0,0,0,0,0,0
"13063","5","49319","77","0","2025","4","",11,1341,1362,1327,25993309,1716775,49362,1488,"",9.37,29.65,29.76,28.64,33.26,37.77,87.67,1.13,"N",2,22.2,0,0,0,0,0,0,0,0,0,0,0,0,0,0
"13063","5","493190","78","0","2025","4","",11,1341,1362,1327,25993309,1716775,49362,1488,"",9.37,29.65,29.76,28.64,33.26,37.77,87.67,1.13,"N",2,22.2,0,0,0,0,0,0,0,0,0,0,0,0,0,0
"13063","5","51","74","0","2025","4","",65,500,505,608,12009480,441165,4750,1718,"",0.52,0.21,0.21,0.26,0.11,0.23,0.16,0.49,"",7,12.1,-108,-17.8,-107,-17.5,-3,-0.5,-992904,-7.6,-32029,-6.8,-207,-4.2,79,4.8
"13063","5","512","75","0","2025","4","",12,77,79,186,498140,140785,1698,336,"",0.72,0.25,0.25,0.61,0.06,0.33,0.16,0.17,"",2,20.0,12,18.5,4,5.3,121,186.2,121249,32.2,65878,87.9,-699,-29.2,-88,-20.8
"13063","5","5121","76","0","2025","4","N",11,0,0,0,0,0,0,0,"N",0.76,0,0,0,0,0,0,0,"N",2,22.2,0,0,0,0,0,0,0,0,0,0,0,0,0,0
"13063","5","51211","77","0","2025","4","N",9,0,0,0,0,0,0,0,"N",0.87,0,0,0,0,0,0,0,"N",2,28.6,0,0,0,0,0,0,0,0,0,0,0,0,0,0
"13063","5","512110","78","0","2025","4","N",9,0,0,0,0,0,0,0,"N",0.87,0,0,0,0,0,0,0,"N",2,28.6,0,0,0,0,0,0,0,0,0,0,0,0,0,0
"13063","5","51213","77","0","2025","4","N",1,0,0,0,0,0,0,0,"N",0.58,0,0,0,0,0,0,0,"N",0,0.0,0,0,0,0,0,0,0,0,0,0,0,0,0,0
"13063","5","512131","78","0","2025","4","N",1,0,0,0,0,0,0,0,"N",0.61,0,0,0,0,0,0,0,"N",0,0.0,0,0,0,0,0,0,0,0,0,0,0,0,0,0
"13063","5","51219","77","0","2025","4","N",1,0,0,0,0,0,0,0,"N",0.49,0,0,0,0,0,0,0,"N",0,0.0,0,0,0,0,0,0,0,0,0,0,0,0,0,0
"13063","5","512199","78","0","2025","4","N",1,0,0,0,0,0,0,0,"N",2.82,0,0,0,0,0,0,0,"N",0,0.0,0,0,0,0,0,0,0,0,0,0,0,0,0,0
"13063","5","5122","76","0","2025","4","N",1,0,0,0,0,0,0,0,"N",0.45,0,0,0,0,0,0,0,"N",0,0.0,0,0,0,0,0,0,0,0,0,0,0,0,0,0
"13063","5","51224","77","0","2025","4","N",1,0,0,0,0,0,0,0,"N",1.21,0,0,0,0,0,0,0,"N",0,0.0,0,0,0,0,0,0,0,0,0,0,0,0,0,0
"13063","5","512240","78","0","2025","4","N",1,0,0,0,0,0,0,0,"N",1.21,0,0,0,0,0,0,0,"N",0,0.0,0,0,0,0,0,0,0,0,0,0,0,0,0,0
"13063","5","513","75","0","2025","4","N",17,0,0,0,0,0,0,0,"N",0.31,0,0,0,0,0,0,0,"N",6,54.5,0,0,0,0,0,0,0,0,0,0,0,0,0,0
"13063","5","5131","76","0","2025","4","N",3,0,0,0,0,0,0,0,"N",0.26,0,0,0,0,0,0,0,"N",0,0.0,0,0,0,0,0,0,0,0,0,0,0,0,0,0
"13063","5","51314","77","0","2025","4","N",1,0,0,0,0,0,0,0,"N",1.85,0,0,0,0,0,0,0,"N",0,0.0,0,0,0,0,0,0,0,0,0,0,0,0,0,0
"13063","5","513140","78","0","2025","4","N",1,0,0,0,0,0,0,0,"N",1.85,0,0,0,0,0,0,0,"N",0,0.0,0,0,0,0,0,0,0,0,0,0,0,0,0,0
"13063","5","51319","77","0","2025","4","N",2,0,0,0,0,0,0,0,"N",0.82,0,0,0,0,0,0,0,"N",0,0.0,0,0,0,0,0,0,0,0,0,0,0,0,0,0
"13063","5","513199","78","0","2025","4","N",2,0,0,0,0,0,0,0,"N",0.84,0,0,0,0,0,0,0,"N",0,0.0,0,0,0,0,0,0,0,0,0,0,0,0,0,0
"13063","5","5132","76","0","2025","4","N",14,0,0,0,0,0,0,0,"N",0.32,0,0,0,0,0,0,0,"N",6,75.0,0,0,0,0,0,0,0,0,0,0,0,0,0,0
"13063","5","51321","77","0","2025","4","N",14,0,0,0,0,0,0,0,"N",0.32,0,0,0,0,0,0,0,"N",6,75.0,0,0,0,0,0,0,0,0,0,0,0,0,0,0
"13063","5","513210","78","0","2025","4","N",14,0,0,0,0,0,0,0,"N",0.32,0,0,0,0,0,0,0,"N",6,75.0,0,0,0,0,0,0,0,0,0,0,0,0,0,0
"13063","5","516","75","0","2025","4","N",5,0,0,0,0,0,0,0,"N",0.57,0,0,0,0,0,0,0,"N",0,0.0,0,0,0,0,0,0,0,0,0,0,0,0,0,0
"13063","5","5162","76","0","2025","4","N",5,0,0,0,0,0,0,0,"N",0.79,0,0,0,0,0,0,0,"N",0,0.0,0,0,0,0,0,0,0,0,0,0,0,0,0,0
"13063","5","51621","77","0","2025","4","N",5,0,0,0,0,0,0,0,"N",0.79,0,0,0,0,0,0,0,"N",0,0.0,0,0,0,0,0,0,0,0,0,0,0,0,0,0
"13063","5","516210","78","0","2025","4","N",5,0,0,0,0,0,0,0,"N",0.79,0,0,0,0,0,0,0,"N",0,0.0,0,0,0,0,0,0,0,0,0,0,0,0,0,0
"13063","5","517","75","0","2025","4","",17,195,199,200,4260010,62034,296,1655,"",1.17,0.40,0.41,0.41,0.31,0.21,0.09,0.78,"",-2,-10.5,-25,-11.4,-12,-5.7,-19,-8.7,-596114,-12.3,367,0.6,64,27.6,-69,-4.0
"13063","5","5171","76","0","2025","4","",12,165,168,170,3740084,49670,192,1716,"",1.01,0.37,0.38,0.38,0.32,0.19,0.07,0.84,"",-3,-20.0,-34,-17.1,-24,-12.5,-30,-15.0,-800759,-17.6,-4099,-7.6,15,8.5,-57,-3.2
"13063","5","51711","77","0","2025","4","N",10,0,0,0,0,0,0,0,"N",1.00,0,0,0,0,0,0,0,"N",-2,-16.7,0,0,0,0,0,0,0,0,0,0,0,0,0,0
"13063","5","517111","78","0","2025","4","",6,139,143,143,3430825,26676,134,1863,"",0.82,0.39,0.41,0.40,0.37,0.15,0.07,0.91,"",0,0.0,-29,-17.3,-20,-12.3,-25,-14.9,-712133,-17.2,-9264,-25.8,-19,-12.4,-53,-2.8
"13063","5","517112","78","0","2025","4","N",4,0,0,0,0,0,0,0,"N",1.47,0,0,0,0,0,0,0,"N",-2,-33.3,0,0,0,0,0,0,0,0,0,0,0,0,0,0
"13063","5","51712","77","0","2025","4","N",2,0,0,0,0,0,0,0,"N",1.07,0,0,0,0,0,0,0,"N",-1,-33.3,0,0,0,0,0,0,0,0,0,0,0,0,0,0
"13063","5","517121","78","0","2025","4","N",2,0,0,0,0,0,0,0,"N",1.07,0,0,0,0,0,0,0,"N",-1,-33.3,0,0,0,0,0,0,0,0,0,0,0,0,0,0
"13063","5","5174","76","0","2025","4","N",1,0,0,0,0,0,0,0,"N",2.24,0,0,0,0,0,0,0,"N",1,100.0,0,0,0,0,0,0,0,0,0,0,0,0,0,0
"13063","5","51741","77","0","2025","4","N",1,0,0,0,0,0,0,0,"N",2.24,0,0,0,0,0,0,0,"N",1,100.0,0,0,0,0,0,0,0,0,0,0,0,0,0,0
"13063","5","517410","78","0","2025","4","N",1,0,0,0,0,0,0,0,"N",2.24,0,0,0,0,0,0,0,"N",1,100.0,0,0,0,0,0,0,0,0,0,0,0,0,0,0
"13063","5","5178","76","0","2025","4","N",4,0,0,0,0,0,0,0,"N",1.80,0,0,0,0,0,0,0,"N",0,0.0,0,0,0,0,0,0,0,0,0,0,0,0,0,0
"13063","5","51781","77","0","2025","4","N",4,0,0,0,0,0,0,0,"N",1.80,0,0,0,0,0,0,0,"N",0,0.0,0,0,0,0,0,0,0,0,0,0,0,0,0,0
"13063","5","517810","78","0","2025","4","N",4,0,0,0,0,0,0,0,"N",1.80,0,0,0,0,0,0,0,"N",0,0.0,0,0,0,0,0,0,0,0,0,0,0,0,0,0
"13063","5","518","75","0","2025","4","",12,98,98,93,2130540,53264,1039,1701,"",0.51,0.24,0.24,0.23,0.11,0.17,0.25,0.46,"",0,0.0,-90,-47.9,-92,-48.4,-99,-51.6,-869355,-29.0,-143240,-72.9,493,90.3,486,40.0
"13063","5","5182","76","0","2025","4","",12,98,98,93,2130540,53264,1039,1701,"",0.51,0.24,0.24,0.23,0.11,0.17,0.25,0.46,"",0,0.0,-90,-47.9,-92,-48.4,-99,-51.6,-869355,-29.0,-143240,-72.9,493,90.3,486,40.0
"13063","5","51821","77","0","2025","4","",12,98,98,93,2130540,53264,1039,1701,"",0.51,0.24,0.24,0.23,0.11,0.17,0.25,0.46,"",0,0.0,-90,-47.9,-92,-48.4,-99,-51.6,-869355,-29.0,-143240,-72.9,493,90.3,486,40.0
"13063","5","518210","78","0","2025","4","",12,98,98,93,2130540,53264,1039,1701,"",0.51,0.24,0.24,0.23,0.11,0.17,0.25,0.46,"",0,0.0,-90,-47.9,-92,-48.4,-99,-51.6,-869355,-29.0,-143240,-72.9,493,90.3,486,40.0
"13063","5","519","75","0","2025","4","N",2,0,0,0,0,0,0,0,"N",0.29,0,0,0,0,0,0,0,"N",1,100.0,0,0,0,0,0,0,0,0,0,0,0,0,0,0
"13063","5","5192","76","0","2025","4","N",2,0,0,0,0,0,0,0,"N",0.29,0,0,0,0,0,0,0,"N",1,100.0,0,0,0,0,0,0,0,0,0,0,0,0,0,0
"13063","5","51929","77","0","2025","4","N",2,0,0,0,0,0,0,0,"N",0.34,0,0,0,0,0,0,0,"N",1,100.0,0,0,0,0,0,0,0,0,0,0,0,0,0,0
"13063","5","519290","78","0","2025","4","N",2,0,0,0,0,0,0,0,"N",0.34,0,0,0,0,0,0,0,"N",1,100.0,0,0,0,0,0,0,0,0,0,0,0,0,0,0
"13063","5","52","74","0","2025","4","",188,1099,1086,1065,16529995,705035,8061,1174,"",0.76,0.21,0.21,0.20,0.09,0.21,0.23,0.43,"",1,0.5,-37,-3.3,-49,-4.3,-60,-5.3,-200503,-1.2,-33193,-4.5,-109,-1.3,37,3.3
"13063","5","522","75","0","2025","4","",88,625,618,620,9271492,303242,2799,1148,"",1.10,0.29,0.29,0.29,0.16,0.21,0.20,0.54,"",-2,-2.2,-41,-6.2,-50,-7.5,-49,-7.3,-490206,-5.0,-119093,-28.2,-2161,-43.6,23,2.0
"13063","5","5221","76","0","2025","4","",35,325,326,326,4626494,92311,692,1093,"",0.79,0.22,0.22,0.22,0.12,0.10,0.09,0.56,"",0,0.0,-7,-2.1,-10,-3.0,-12,-3.6,198593,4.5,-12401,-11.8,44,6.8,77,7.6
"13063","5","52211","77","0","2025","4","",29,292,293,290,4067698,77786,558,1073,"",0.88,0.26,0.26,0.25,0.13,0.12,0.11,0.52,"",-1,-3.3,-6,-2.0,-8,-2.7,-13,-4.3,122804,3.1,-20151,-20.6,-73,-11.6,64,6.3
"13063","5","522110","78","0","2025","4","",29,292,293,290,4067698,77786,558,1073,"",0.88,0.26,0.26,0.25,0.13,0.12,0.11,0.52,"",-1,-3.3,-6,-2.0,-8,-2.7,-13,-4.3,122804,3.1,-20151,-20.6,-73,-11.6,64,6.3
"13063","5","52213","77","0","2025","4","N",4,0,0,0,0,0,0,0,"N",0.47,0,0,0,0,0,0,0,"N",0,0.0,0,0,0,0,0,0,0,0,0,0,0,0,0,0
"13063","5","522130","78","0","2025","4","N",4,0,0,0,0,0,0,0,"N",0.47,0,0,0,0,0,0,0,"N",0,0.0,0,0,0,0,0,0,0,0,0,0,0,0,0,0
"13063","5","52218","77","0","2025","4","N",2,0,0,0,0,0,0,0,"N",0.67,0,0,0,0,0,0,0,"N",1,100.0,0,0,0,0,0,0,0,0,0,0,0,0,0,0
"13063","5","522180","78","0","2025","4","N",2,0,0,0,0,0,0,0,"N",0.67,0,0,0,0,0,0,0,"N",1,100.0,0,0,0,0,0,0,0,0,0,0,0,0,0,0
"13063","5","5222","76","0","2025","4","",41,271,263,264,4124715,197927,2030,1193,"",1.94,0.65,0.63,0.62,0.31,0.65,0.51,0.49,"",0,0.0,-35,-11.4,-42,-13.8,-42,-13.7,-652764,-13.7,-98708,-33.3,-2222,-52.3,-9,-0.7
"13063","5","52222","77","0","2025","4","N",3,0,0,0,0,0,0,0,"N",1.14,0,0,0,0,0,0,0,"N",0,0.0,0,0,0,0,0,0,0,0,0,0,0,0,0,0
"13063","5","522220","78","0","2025","4","N",3,0,0,0,0,0,0,0,"N",1.14,0,0,0,0,0,0,0,"N",0,0.0,0,0,0,0,0,0,0,0,0,0,0,0,0,0
"13063","5","52229","77","0","2025","4","N",38,0,0,0,0,0,0,0,"N",2.10,0,0,0,0,0,0,0,"N",0,0.0,0,0,0,0,0,0,0,0,0,0,0,0,0,0
"13063","5","522291","78","0","2025","4","N",9,0,0,0,0,0,0,0,"N",1.38,0,0,0,0,0,0,0,"N",0,0.0,0,0,0,0,0,0,0,0,0,0,0,0,0,0
"13063","5","522292","78","0","2025","4","N",4,0,0,0,0,0,0,0,"N",0.54,0,0,0,0,0,0,0,"N",0,0.0,0,0,0,0,0,0,0,0,0,0,0,0,0,0
"13063","5","522299","78","0","2025","4","",25,109,106,109,1171358,90562,958,834,"",5.93,1.53,1.48,1.50,0.58,1.70,2.08,0.39,"",0,0.0,-5,-4.4,-6,-5.4,-6,-5.2,-13885,-1.2,-41887,-31.6,-390,-28.9,32,4.0
"13063","5","5223","76","0","2025","4","",12,29,29,30,520283,13004,77,1364,"",0.84,0.12,0.12,0.13,0.06,0.07,0.03,0.52,"",-2,-14.3,1,3.6,2,7.4,5,20.0,-36035,-6.5,-7984,-38.0,17,28.3,-241,-15.0
"13063","5","52231","77","0","2025","4","N",5,0,0,0,0,0,0,0,"N",0.69,0,0,0,0,0,0,0,"N",0,0.0,0,0,0,0,0,0,0,0,0,0,0,0,0,0
"13063","5","522310","78","0","2025","4","N",5,0,0,0,0,0,0,0,"N",0.69,0,0,0,0,0,0,0,"N",0,0.0,0,0,0,0,0,0,0,0,0,0,0,0,0,0
"13063","5","52232","77","0","2025","4","N",1,0,0,0,0,0,0,0,"N",0.25,0,0,0,0,0,0,0,"N",-1,-50.0,0,0,0,0,0,0,0,0,0,0,0,0,0,0
"13063","5","522320","78","0","2025","4","N",1,0,0,0,0,0,0,0,"N",0.25,0,0,0,0,0,0,0,"N",-1,-50.0,0,0,0,0,0,0,0,0,0,0,0,0,0,0
"13063","5","52239","77","0","2025","4","",6,23,22,23,200074,13004,77,679,"",1.97,0.40,0.38,0.39,0.13,0.30,0.13,0.33,"",-1,-14.3,1,4.5,1,4.8,4,21.1,-50804,-20.3,-7984,-38.0,17,28.3,-255,-27.3
"13063","5","522390","78","0","2025","4","",6,23,22,23,200074,13004,77,679,"",1.97,0.40,0.38,0.39,0.13,0.30,0.13,0.33,"",-1,-14.3,1,4.5,1,4.8,4,21.1,-50804,-20.3,-7984,-38.0,17,28.3,-255,-27.3
"13063","5","523","75","0","2025","4","N",16,0,0,0,0,0,0,0,"N",0.24,0,0,0,0,0,0,0,"N",2,14.3,0,0,0,0,0,0,0,0,0,0,0,0,0,0
"13063","5","5231","76","0","2025","4","",5,14,14,14,317895,42,0,1747,"",0.29,0.04,0.04,0.03,0.01,0.00,0.00,0.31,"N",0,0.0,0,0,0,0,0,0,0,0,0,0,0,0,0,0
"13063","5","52315","77","0","2025","4","N",4,0,0,0,0,0,0,0,"N",0.26,0,0,0,0,0,0,0,"N",0,0.0,0,0,0,0,0,0,0,0,0,0,0,0,0,0
"13063","5","523150","78","0","2025","4","N",4,0,0,0,0,0,0,0,"N",0.26,0,0,0,0,0,0,0,"N",0,0.0,0,0,0,0,0,0,0,0,0,0,0,0,0,0
"13063","5","52316","77","0","2025","4","N",1,0,0,0,0,0,0,0,"N",0.68,0,0,0,0,0,0,0,"N",0,0.0,0,0,0,0,0,0,0,0,0,0,0,0,0,0
"13063","5","523160","78","0","2025","4","N",1,0,0,0,0,0,0,0,"N",0.68,0,0,0,0,0,0,0,"N",0,0.0,0,0,0,0,0,0,0,0,0,0,0,0,0,0
"13063","5","5239","76","0","2025","4","N",11,0,0,0,0,0,0,0,"N",0.23,0,0,0,0,0,0,0,"N",2,22.2,0,0,0,0,0,0,0,0,0,0,0,0,0,0
"13063","5","52391","77","0","2025","4","N",1,0,0,0,0,0,0,0,"N",0.24,0,0,0,0,0,0,0,"N",-1,-50.0,0,0,0,0,0,0,0,0,0,0,0,0,0,0
"13063","5","523910","78","0","2025","4","N",1,0,0,0,0,0,0,0,"N",0.24,0,0,0,0,0,0,0,"N",-1,-50.0,0,0,0,0,0,0,0,0,0,0,0,0,0,0
"13063","5","52394","77","0","2025","4","",9,8,8,8,207260,5273,93,1993,"",0.23,0.02,0.02,0.02,0.01,0.02,0.02,0.33,"",3,50.0,2,33.3,2,33.3,2,33.3,18142,9.6,2680,103.4,36,63.2,-432,-17.8
"13063","5","523940","78","0","2025","4","",9,8,8,8,207260,5273,93,1993,"",0.23,0.02,0.02,0.02,0.01,0.02,0.02,0.33,"",3,50.0,2,33.3,2,33.3,2,33.3,18142,9.6,2680,103.4,36,63.2,-432,-17.8
"13063","5","52399","77","0","2025","4","N",1,0,0,0,0,0,0,0,"N",0.20,0,0,0,0,0,0,0,"N",0,0.0,0,0,0,0,0,0,0,0,0,0,0,0,0,0
"13063","5","523991","78","0","2025","4","N",1,0,0,0,0,0,0,0,"N",0.79,0,0,0,0,0,0,0,"N",0,0.0,0,0,0,0,0,0,0,0,0,0,0,0,0,0
"13063","5","524","75","0","2025","4","",79,391,386,365,5667610,316372,4485,1145,"",0.82,0.18,0.18,0.17,0.10,0.24,0.35,0.58,"",-2,-2.5,4,1.0,2,0.5,-8,-2.1,208829,3.8,23496,8.0,1362,43.6,44,4.0
"13063","5","5241","76","0","2025","4","N",4,0,0,0,0,0,0,0,"N",0.27,0,0,0,0,0,0,0,"N",0,0.0,0,0,0,0,0,0,0,0,0,0,0,0,0,0
"13063","5","52411","77","0","2025","4","N",2,0,0,0,0,0,0,0,"N",0.35,0,0,0,0,0,0,0,"N",-1,-33.3,0,0,0,0,0,0,0,0,0,0,0,0,0,0
"13063","5","524113","78","0","2025","4","N",1,0,0,0,0,0,0,0,"N",0.46,0,0,0,0,0,0,0,"N",-1,-50.0,0,0,0,0,0,0,0,0,0,0,0,0,0,0
"13063","5","524114","78","0","2025","4","N",1,0,0,0,0,0,0,0,"N",0.28,0,0,0,0,0,0,0,"N",0,0.0,0,0,0,0,0,0,0,0,0,0,0,0,0,0
"13063","5","52412","77","0","2025","4","N",2,0,0,0,0,0,0,0,"N",0.23,0,0,0,0,0,0,0,"N",1,100.0,0,0,0,0,0,0,0,0,0,0,0,0,0,0
"13063","5","524126","78","0","2025","4","N",2,0,0,0,0,0,0,0,"N",0.37,0,0,0,0,0,0,0,"N",1,100.0,0,0,0,0,0,0,0,0,0,0,0,0,0,0
"13063","5","5242","76","0","2025","4","N",75,0,0,0,0,0,0,0,"N",0.92,0,0,0,0,0,0,0,"N",-2,-2.6,0,0,0,0,0,0,0,0,0,0,0,0,0,0
"13063","5","52421","77","0","2025","4","N",69,0,0,0,0,0,0,0,"N",1.01,0,0,0,0,0,0,0,"N",-4,-5.5,0,0,0,0,0,0,0,0,0,0,0,0,0,0
"13063","5","524210","78","0","2025","4","N",69,0,0,0,0,0,0,0,"N",1.01,0,0,0,0,0,0,0,"N",-4,-5.5,0,0,0,0,0,0,0,0,0,0,0,0,0,0
"13063","5","52429","77","0","2025","4","N",6,0,0,0,0,0,0,0,"N",0.47,0,0,0,0,0,0,0,"N",2,50.0,0,0,0,0,0,0,0,0,0,0,0,0,0,0
"13063","5","524291","78","0","2025","4","N",2,0,0,0,0,0,0,0,"N",0.55,0,0,0,0,0,0,0,"N",1,100.0,0,0,0,0,0,0,0,0,0,0,0,0,0,0
"13063","5","524292","78","0","2025","4","N",1,0,0,0,0,0,0,0,"N",0.24,0,0,0,0,0,0,0,"N",0,0.0,0,0,0,0,0,0,0,0,0,0,0,0,0,0
"13063","5","524298","78","0","2025","4","N",3,0,0,0,0,0,0,0,"N",0.60,0,0,0,0,0,0,0,"N",1,50.0,0,0,0,0,0,0,0,0,0,0,0,0,0,0
"13063","5","525","75","0","2025","4","N",5,0,0,0,0,0,0,0,"N",1.13,0,0,0,0,0,0,0,"N",3,150.0,0,0,0,0,0,0,0,0,0,0,0,0,0,0
"13063","5","5251","76","0","2025","4","N",2,0,0,0,0,0,0,0,"N",2.19,0,0,0,0,0,0,0,"N",1,100.0,0,0,0,0,0,0,0,0,0,0,0,0,0,0
"13063","5","52511","77","0","2025","4","N",1,0,0,0,0,0,0,0,"N",2.40,0,0,0,0,0,0,0,"N",0,0.0,0,0,0,0,0,0,0,0,0,0,0,0,0,0
"13063","5","525110","78","0","2025","4","N",1,0,0,0,0,0,0,0,"N",2.40,0,0,0,0,0,0,0,"N",0,0.0,0,0,0,0,0,0,0,0,0,0,0,0,0,0
"13063","5","52512","77","0","2025","4","N",1,0,0,0,0,0,0,0,"N",3.10,0,0,0,0,0,0,0,"N",1,100.0,0,0,0,0,0,0,0,0,0,0,0,0,0,0
"13063","5","525120","78","0","2025","4","N",1,0,0,0,0,0,0,0,"N",3.10,0,0,0,0,0,0,0,"N",1,100.0,0,0,0,0,0,0,0,0,0,0,0,0,0,0
"13063","5","5259","76","0","2025","4","N",3,0,0,0,0,0,0,0,"N",0.86,0,0,0,0,0,0,0,"N",2,200.0,0,0,0,0,0,0,0,0,0,0,0,0,0,0
"13063","5","52592","77","0","2025","4","N",1,0,0,0,0,0,0,0,"N",0.73,0,0,0,0,0,0,0,"N",0,0.0,0,0,0,0,0,0,0,0,0,0,0,0,0,0
"13063","5","525920","78","0","2025","4","N",1,0,0,0,0,0,0,0,"N",0.73,0,0,0,0,0,0,0,"N",0,0.0,0,0,0,0,0,0,0,0,0,0,0,0,0,0
"13063","5","52599","77","0","2025","4","N",2,0,0,0,0,0,0,0,"N",1.36,0,0,0,0,0,0,0,"N",2,100.0,0,0,0,0,0,0,0,0,0,0,0,0,0,0
"13063","5","525990","78","0","2025","4","N",2,0,0,0,0,0,0,0,"N",1.36,0,0,0,0,0,0,0,"N",2,100.0,0,0,0,0,0,0,0,0,0,0,0,0,0,0
"13063","5","53","74","0","2025","4","",239,1791,1762,1767,31312758,1819230,32554,1358,"",1.15,0.89,0.87,0.87,0.76,0.84,1.36,0.86,"",-2,-0.8,-26,-1.4,-85,-4.6,-75,-4.1,-1016562,-3.1,-97469,-5.1,14805,83.4,3,0.2
"13063","5","531","75","0","2025","4","",154,884,881,901,12861247,1155795,24512,1113,"",0.85,0.58,0.58,0.58,0.40,0.68,1.33,0.69,"N",-2,-1.3,0,0,0,0,0,0,0,0,0,0,0,0,0,0
"13063","5","5311","76","0","2025","4","",85,623,626,644,8494048,777931,20042,1035,"",1.65,1.18,1.19,1.21,0.84,1.49,3.43,0.70,"",-4,-4.5,0,0.0,1,0.2,21,3.4,424711,5.3,107236,16.0,14871,287.6,40,4.0
"13063","5","53111","77","0","2025","4","",38,280,284,275,4587680,354637,3804,1262,"",1.37,0.91,0.92,0.88,0.86,1.13,1.10,0.95,"",3,8.6,-26,-8.5,-28,-9.0,-38,-12.1,-44470,-1.0,-9004,-2.5,-421,-10.0,114,9.9
"13063","5","531110","78","0","2025","4","",38,280,284,275,4587680,354637,3804,1262,"",1.37,0.91,0.92,0.88,0.86,1.13,1.10,0.95,"",3,8.6,-26,-8.5,-28,-9.0,-38,-12.1,-44470,-1.0,-9004,-2.5,-421,-10.0,114,9.9
"13063","5","53112","77","0","2025","4","",18,232,231,260,2814522,287868,14992,898,"",1.59,1.74,1.74,1.94,0.83,2.59,11.45,0.46,"",0,0.0,27,13.2,29,14.4,55,26.8,419559,17.5,82121,39.9,14762,6418.3,-5,-0.6
"13063","5","531120","78","0","2025","4","",18,232,231,260,2814522,287868,14992,898,"",1.59,1.74,1.74,1.94,0.83,2.59,11.45,0.46,"",0,0.0,27,13.2,29,14.4,55,26.8,419559,17.5,82121,39.9,14762,6418.3,-5,-0.6
"13063","5","53113","77","0","2025","4","",17,34,34,36,295272,20379,237,655,"",2.15,0.67,0.67,0.70,0.38,0.34,0.36,0.56,"",-6,-26.1,-3,-8.1,-2,-5.6,4,12.5,-44382,-13.1,-2870,-12.3,67,39.4,-91,-12.2
"13063","5","531130","78","0","2025","4","",17,34,34,36,295272,20379,237,655,"",2.15,0.67,0.67,0.70,0.38,0.34,0.36,0.56,"",-6,-26.1,-3,-8.1,-2,-5.6,4,12.5,-44382,-13.1,-2870,-12.3,67,39.4,-91,-12.2
"13063","5","53119","77","0","2025","4","",12,77,77,73,796574,115047,1009,810,"",2.69,2.21,2.21,2.07,1.30,3.12,2.41,0.60,"",-1,-7.7,2,2.7,2,2.7,0,0.0,94004,13.4,36989,47.4,463,84.8,83,11.4
"13063","5","531190","78","0","2025","4","",12,77,77,73,796574,115047,1009,810,"",2.69,2.21,2.21,2.07,1.30,3.12,2.41,0.60,"",-1,-7.7,2,2.7,2,2.7,0,0.0,94004,13.4,36989,47.4,463,84.8,83,11.4
"13063","5","5312","76","0","2025","4","",29,51,53,52,728274,77197,1444,1077,"",0.43,0.18,0.18,0.17,0.10,0.20,0.35,0.55,"N",-1,-3.3,0,0,0,0,0,0,0,0,0,0,0,0,0,0
"13063","5","53121","77","0","2025","4","",29,51,53,52,728274,77197,1444,1077,"",0.43,0.18,0.18,0.17,0.10,0.20,0.35,0.55,"N",-1,-3.3,0,0,0,0,0,0,0,0,0,0,0,0,0,0
"13063","5","531210","78","0","2025","4","",29,51,53,52,728274,77197,1444,1077,"",0.43,0.18,0.18,0.17,0.10,0.20,0.35,0.55,"N",-1,-3.3,0,0,0,0,0,0,0,0,0,0,0,0,0,0
"13063","5","5313","76","0","2025","4","",40,210,202,205,3638925,300667,3026,1361,"",0.63,0.30,0.28,0.29,0.25,0.39,0.35,0.85,"",3,8.1,-13,-5.8,-24,-10.6,-23,-10.1,-564187,-13.4,-157388,-34.4,-1492,-33.0,-72,-5.0
"13063","5","53131","77","0","2025","4","",34,204,196,200,3571846,293994,2846,1374,"",0.78,0.34,0.33,0.33,0.31,0.44,0.40,0.94,"",2,6.2,-13,-6.0,-24,-10.9,-22,-9.9,-576449,-13.9,-132361,-31.0,-1067,-27.3,-79,-5.4
"13063","5","531311","78","0","2025","4","",29,184,178,180,3272476,239668,2466,1393,"",0.86,0.40,0.39,0.39,0.42,0.45,0.42,1.07,"",4,16.0,-13,-6.6,-22,-11.0,-22,-10.9,-562726,-14.7,-161479,-40.3,-1310,-34.7,-85,-5.8
"13063","5","531312","78","0","2025","4","",5,20,18,20,299370,54326,380,1191,"",0.50,0.14,0.12,0.14,0.08,0.43,0.28,0.60,"",-2,-28.6,0,0.0,-2,-10.0,0,0.0,-13723,-4.4,29118,115.5,243,177.4,-13,-1.1
"13063","5","53139","77","0","2025","4","",6,6,6,5,67079,6673,180,911,"",0.41,0.07,0.07,0.06,0.02,0.07,0.15,0.37,"",1,20.0,0,0.0,0,0.0,-1,-16.7,12262,22.4,-25027,-78.9,-425,-70.2,208,29.6
"13063","5","531390","78","0","2025","4","",6,6,6,5,67079,6673,180,911,"",0.41,0.07,0.07,0.06,0.02,0.07,0.15,0.37,"",1,20.0,0,0.0,0,0.0,-1,-16.7,12262,22.4,-25027,-78.9,-425,-70.2,208,29.6
"13063","5","532","75","0","2025","4","N",82,0,0,0,0,0,0,0,"N",3.32,0,0,0,0,0,0,0,"N",0,0.0,0,0,0,0,0,0,0,0,0,0,0,0,0,0
"13063","5","5321","76","0","2025","4","",44,439,410,401,7895492,318138,2858,1458,"",5.56,2.49,2.34,2.28,3.05,1.94,1.87,1.29,"",1,2.3,-21,-4.6,-56,-12.0,-78,-16.3,-694125,-8.1,5470,1.7,-232,-7.5,47,3.3
"13063","5","53211","77","0","2025","4","",16,137,138,136,2270253,129323,434,1275,"",3.43,1.38,1.40,1.38,1.69,1.30,0.47,1.22,"",-1,-5.9,7,5.4,9,7.0,6,4.6,-184359,-7.5,42374,48.7,26,6.4,-181,-12.4
"13063","5","532111","78","0","2025","4","N",15,0,0,0,0,0,0,0,"N",3.48,0,0,0,0,0,0,0,"N",-2,-11.8,0,0,0,0,0,0,0,0,0,0,0,0,0,0
"13063","5","532112","78","0","2025","4","N",1,0,0,0,0,0,0,0,"N",2.73,0,0,0,0,0,0,0,"N",1,100.0,0,0,0,0,0,0,0,0,0,0,0,0,0,0
"13063","5","53212","77","0","2025","4","",28,302,272,265,5625239,188815,2424,1547,"",8.63,3.92,3.55,3.45,4.53,2.91,3.98,1.24,"",2,7.7,-28,-8.5,-65,-19.3,-84,-24.1,-509766,-8.3,-36904,-16.3,-258,-9.6,154,11.1
"13063","5","532120","78","0","2025","4","",28,302,272,265,5625239,188815,2424,1547,"",8.63,3.92,3.55,3.45,4.53,2.91,3.98,1.24,"",2,7.7,-28,-8.5,-65,-19.3,-84,-24.1,-509766,-8.3,-36904,-16.3,-258,-9.6,154,11.1
"13063","5","5322","76","0","2025","4","N",11,0,0,0,0,0,0,0,"N",1.54,0,0,0,0,0,0,0,"N",0,0.0,0,0,0,0,0,0,0,0,0,0,0,0,0,0
"13063","5","53221","77","0","2025","4","N",1,0,0,0,0,0,0,0,"N",1.75,0,0,0,0,0,0,0,"N",0,0.0,0,0,0,0,0,0,0,0,0,0,0,0,0,0
"13063","5","532210","78","0","2025","4","N",1,0,0,0,0,0,0,0,"N",1.75,0,0,0,0,0,0,0,"N",0,0.0,0,0,0,0,0,0,0,0,0,0,0,0,0,0
"13063","5","53228","77","0","2025","4","N",10,0,0,0,0,0,0,0,"N",1.52,0,0,0,0,0,0,0,"N",0,0.0,0,0,0,0,0,0,0,0,0,0,0,0,0,0
"13063","5","532283","78","0","2025","4","N",2,0,0,0,0,0,0,0,"N",1.80,0,0,0,0,0,0,0,"N",0,0.0,0,0,0,0,0,0,0,0,0,0,0,0,0,0
"13063","5","532289","78","0","2025","4","N",8,0,0,0,0,0,0,0,"N",2.21,0,0,0,0,0,0,0,"N",0,0.0,0,0,0,0,0,0,0,0,0,0,0,0,0,0
"13063","5","5323","76","0","2025","4","N",1,0,0,0,0,0,0,0,"N",0.71,0,0,0,0,0,0,0,"N",0,0.0,0,0,0,0,0,0,0,0,0,0,0,0,0,0
"13063","5","53231","77","0","2025","4","N",1,0,0,0,0,0,0,0,"N",0.71,0,0,0,0,0,0,0,"N",0,0.0,0,0,0,0,0,0,0,0,0,0,0,0,0,0
"13063","5","532310","78","0","2025","4","N",1,0,0,0,0,0,0,0,"N",0.71,0,0,0,0,0,0,0,"N",0,0.0,0,0,0,0,0,0,0,0,0,0,0,0,0,0
"13063","5","5324","76","0","2025","4","",26,350,355,350,8571113,192682,2645,1875,"",3.17,2.06,2.08,2.04,2.15,1.25,1.37,1.04,"",-1,-3.7,-2,-0.6,-9,-2.5,-7,-2.0,-435190,-4.8,-119337,-38.2,532,25.2,-62,-3.2
"13063","5","53241","77","0","2025","4","",13,244,249,244,5944939,114175,835,1861,"",3.57,2.75,2.79,2.69,2.68,1.48,1.04,0.98,"",-2,-13.3,-3,-1.2,-6,-2.4,-6,-2.4,-599861,-9.2,-52888,-31.7,-835,-50.0,-147,-7.3
"13063","5","532412","78","0","2025","4","",13,244,249,244,5944939,114175,835,1861,"",3.95,2.88,2.92,2.82,2.86,1.53,1.08,0.99,"",-2,-13.3,-3,-1.2,-6,-2.4,-6,-2.4,-599861,-9.2,-52888,-31.7,-835,-50.0,-147,-7.3
"13063","5","53249","77","0","2025","4","",13,106,106,106,2626174,78507,1810,1906,"",3.20,1.46,1.46,1.47,1.69,1.09,1.72,1.16,"",1,8.3,1,1.0,-3,-2.8,-1,-0.9,164671,6.7,-66449,-45.8,1367,308.6,136,7.7
"13063","5","532490","78","0","2025","4","",13,106,106,106,2626174,78507,1810,1906,"",3.20,1.46,1.46,1.47,1.69,1.09,1.72,1.16,"",1,8.3,1,1.0,-3,-2.8,-1,-0.9,164671,6.7,-66449,-45.8,1367,308.6,136,7.7
"13063","5","533","75","0","2025","4","N",3,0,0,0,0,0,0,0,"N",1.85,0,0,0,0,0,0,0,"N",0,0.0,0,0,0,0,0,0,0,0,0,0,0,0,0,0
"13063","5","5331","76","0","2025","4","N",3,0,0,0,0,0,0,0,"N",1.85,0,0,0,0,0,0,0,"N",0,0.0,0,0,0,0,0,0,0,0,0,0,0,0,0,0
"13063","5","53311","77","0","2025","4","N",3,0,0,0,0,0,0,0,"N",1.85,0,0,0,0,0,0,0,"N",0,0.0,0,0,0,0,0,0,0,0,0,0,0,0,0,0
"13063","5","533110","78","0","2025","4","N",3,0,0,0,0,0,0,0,"N",1.85,0,0,0,0,0,0,0,"N",0,0.0,0,0,0,0,0,0,0,0,0,0,0,0,0,0
"13063","5","54","74","0","2025","4","",329,2210,2234,2280,39984465,3182951,40777,1372,"",0.44,0.25,0.25,0.25,0.13,0.42,0.43,0.51,"",-2,-0.6,173,8.5,104,4.9,117,5.4,5797289,17.0,-3592868,-53.0,-14795,-26.6,126,10.1
"13063","5","541","75","0","2025","4","",329,2210,2234,2280,39984465,3182951,40777,1372,"",0.44,0.25,0.25,0.25,0.13,0.42,0.43,0.51,"",-2,-0.6,173,8.5,104,4.9,117,5.4,5797289,17.0,-3592868,-53.0,-14795,-26.6,126,10.1
"13063","5","5411","76","0","2025","4","",42,183,177,182,4145630,170166,1796,1765,"",0.47,0.18,0.17,0.17,0.09,0.20,0.21,0.52,"",-5,-10.6,21,13.0,15,9.3,26,16.7,759865,22.4,-38245,-18.4,-82,-4.4,137,8.4
"13063","5","54111","77","0","2025","4","",42,183,177,182,4145630,170166,1796,1765,"",0.52,0.20,0.19,0.19,0.09,0.22,0.24,0.50,"N",-4,-8.7,0,0,0,0,0,0,0,0,0,0,0,0,0,0
"13063","5","541110","78","0","2025","4","",42,183,177,182,4145630,170166,1796,1765,"",0.52,0.20,0.19,0.19,0.09,0.22,0.24,0.50,"N",-4,-8.7,0,0,0,0,0,0,0,0,0,0,0,0,0,0
"13063","5","54119","77","0","2025","4","-",0,0,0,0,0,0,0,0,"N",0.00,0,0,0,0,0,0,0,"N",-1,-100.0,0,0,0,0,0,0,0,0,0,0,0,0,0,0
"13063","5","541199","78","0","2025","4","-",0,0,0,0,0,0,0,0,"N",0.00,0,0,0,0,0,0,0,"N",-1,-100.0,0,0,0,0,0,0,0,0,0,0,0,0,0,0
"13063","5","5412","76","0","2025","4","",93,202,213,236,2505251,166750,3024,888,"",1.18,0.22,0.23,0.25,0.10,0.20,0.27,0.42,"",3,3.3,-6,-2.9,-10,-4.5,-14,-5.6,3165,0.1,-66514,-28.5,-1428,-32.1,40,4.7
"13063","5","54121","77","0","2025","4","",93,202,213,236,2505251,166750,3024,888,"",1.18,0.22,0.23,0.25,0.10,0.20,0.27,0.42,"",3,3.3,-6,-2.9,-10,-4.5,-14,-5.6,3165,0.1,-66514,-28.5,-1428,-32.1,40,4.7
"13063","5","541211","78","0","2025","4","",17,84,81,81,1375064,51124,814,1290,"",0.64,0.20,0.19,0.19,0.10,0.16,0.27,0.52,"",0,0.0,4,5.0,1,1.2,0,0.0,124820,10.0,-17986,-26.0,-56,-6.4,93,7.8
"13063","5","541213","78","0","2025","4","",48,42,58,81,431329,53932,1515,550,"",3.05,0.68,0.78,0.91,0.41,0.88,1.42,0.51,"",1,2.1,2,5.0,7,13.7,6,8.0,35685,9.0,2261,4.4,-528,-25.8,0,0.0
"13063","5","541214","78","0","2025","4","N",4,0,0,0,0,0,0,0,"N",0.73,0,0,0,0,0,0,0,"N",0,0.0,0,0,0,0,0,0,0,0,0,0,0,0,0,0
"13063","5","541219","78","0","2025","4","N",24,0,0,0,0,0,0,0,"N",0.77,0,0,0,0,0,0,0,"N",2,9.1,0,0,0,0,0,0,0,0,0,0,0,0,0,0
"13063","5","5413","76","0","2025","4","",25,381,379,382,13783459,157047,779,2785,"",0.34,0.27,0.26,0.26,0.30,0.15,0.06,1.13,"",0,0.0,125,48.8,126,49.8,122,46.9,4376477,46.5,-3242138,-95.4,-928,-54.4,-38,-1.3
"13063","5","54132","77","0","2025","4","N",1,0,0,0,0,0,0,0,"N",0.32,0,0,0,0,0,0,0,"N",0,0.0,0,0,0,0,0,0,0,0,0,0,0,0,0,0
"13063","5","541320","78","0","2025","4","N",1,0,0,0,0,0,0,0,"N",0.32,0,0,0,0,0,0,0,"N",0,0.0,0,0,0,0,0,0,0,0,0,0,0,0,0,0
"13063","5","54133","77","0","2025","4","",19,372,370,373,13649585,150901,707,2825,"",0.44,0.37,0.37,0.37,0.39,0.21,0.08,1.07,"",2,11.8,123,49.4,124,50.4,122,48.6,4353001,46.8,-3242106,-95.6,-957,-57.5,-51,-1.8
"13063","5","541330","78","0","2025","4","",19,372,370,373,13649585,150901,707,2825,"",0.44,0.37,0.37,0.37,0.39,0.21,0.08,1.07,"",2,11.8,123,49.4,124,50.4,122,48.6,4353001,46.8,-3242106,-95.6,-957,-57.5,-51,-1.8
"13063","5","54135","77","0","2025","4","-",0,0,0,0,0,0,0,0,"N",0.00,0,0,0,0,0,0,0,"N",-1,-100.0,0,0,0,0,0,0,0,0,0,0,0,0,0,0
"13063","5","541350","78","0","2025","4","-",0,0,0,0,0,0,0,0,"N",0.00,0,0,0,0,0,0,0,"N",-1,-100.0,0,0,0,0,0,0,0,0,0,0,0,0,0,0
"13063","5","54137","77","0","2025","4","N",2,0,0,0,0,0,0,0,"N",0.56,0,0,0,0,0,0,0,"N",0,0.0,0,0,0,0,0,0,0,0,0,0,0,0,0,0
"13063","5","541370","78","0","2025","4","N",2,0,0,0,0,0,0,0,"N",0.56,0,0,0,0,0,0,0,"N",0,0.0,0,0,0,0,0,0,0,0,0,0,0,0,0,0
"13063","5","54138","77","0","2025","4","",3,5,5,5,96231,4146,71,1480,"",0.62,0.03,0.03,0.03,0.03,0.03,0.05,0.81,"",0,0.0,1,25.0,1,25.0,1,25.0,9956,11.5,1718,70.8,30,73.2,-179,-10.8
"13063","5","541380","78","0","2025","4","",3,5,5,5,96231,4146,71,1480,"",0.62,0.03,0.03,0.03,0.03,0.03,0.05,0.81,"",0,0.0,1,25.0,1,25.0,1,25.0,9956,11.5,1718,70.8,30,73.2,-179,-10.8
"13063","5","5414","76","0","2025","4","N",1,0,0,0,0,0,0,0,"N",0.05,0,0,0,0,0,0,0,"N",-1,-50.0,0,0,0,0,0,0,0,0,0,0,0,0,0,0
"13063","5","54143","77","0","2025","4","N",1,0,0,0,0,0,0,0,"N",0.12,0,0,0,0,0,0,0,"N",0,0.0,0,0,0,0,0,0,0,0,0,0,0,0,0,0
"13063","5","541430","78","0","2025","4","N",1,0,0,0,0,0,0,0,"N",0.12,0,0,0,0,0,0,0,"N",0,0.0,0,0,0,0,0,0,0,0,0,0,0,0,0,0
"13063","5","5415","76","0","2025","4","",40,813,827,843,8492146,1885093,24568,789,"",0.23,0.41,0.42,0.42,0.10,1.20,1.11,0.24,"",-6,-13.0,-2,-0.2,-61,-6.9,-54,-6.0,-536376,-5.9,-355554,-15.9,-12565,-33.8,-12,-1.5
"13063","5","54151","77","0","2025","4","",40,813,827,843,8492146,1885093,24568,789,"",0.23,0.41,0.42,0.42,0.10,1.20,1.11,0.24,"",-6,-13.0,-2,-0.2,-61,-6.9,-54,-6.0,-536376,-5.9,-355554,-15.9,-12565,-33.8,-12,-1.5
"13063","5","541511","78","0","2025","4","",8,20,19,19,789960,29000,12,3143,"",0.09,0.02,0.02,0.02,0.02,0.04,0.00,0.86,"",-3,-27.3,2,11.1,-1,-5.0,-1,-5.0,-100095,-11.2,-10196,-26.0,-853,-98.6,-398,-11.2
"13063","5","541512","78","0","2025","4","N",23,0,0,0,0,0,0,0,"N",0.31,0,0,0,0,0,0,0,"N",-1,-4.2,0,0,0,0,0,0,0,0,0,0,0,0,0,0
"13063","5","541513","78","0","2025","4","N",9,0,0,0,0,0,0,0,"N",3.10,0,0,0,0,0,0,0,"N",0,0.0,0,0,0,0,0,0,0,0,0,0,0,0,0,0
"13063","5","541519","78","0","2025","4","-",0,0,0,0,0,0,0,0,"N",0.00,0,0,0,0,0,0,0,"N",-2,-100.0,0,0,0,0,0,0,0,0,0,0,0,0,0,0
"13063","5","5416","76","0","2025","4","",84,444,446,447,9250906,651181,8601,1597,"",0.46,0.29,0.29,0.28,0.19,0.42,0.42,0.65,"",4,5.0,13,3.0,16,3.7,21,4.9,1230663,15.3,107245,19.7,723,9.2,159,11.1
"13063","5","54161","77","0","2025","4","",70,394,398,398,8009167,624480,8503,1553,"",0.46,0.31,0.31,0.30,0.19,0.49,0.50,0.63,"",3,4.5,14,3.7,20,5.3,17,4.5,1124387,16.3,158942,34.1,662,8.4,158,11.3
"13063","5","541611","78","0","2025","4","",31,64,66,68,1318160,46338,534,1536,"",0.40,0.09,0.09,0.10,0.05,0.07,0.06,0.55,"",1,3.3,-25,-28.1,-23,-25.8,-23,-25.3,-18707,-1.4,-57474,-55.4,-1184,-68.9,389,33.9
"13063","5","541612","78","0","2025","4","N",5,0,0,0,0,0,0,0,"N",0.71,0,0,0,0,0,0,0,"N",0,0.0,0,0,0,0,0,0,0,0,0,0,0,0,0,0
"13063","5","541613","78","0","2025","4","N",10,0,0,0,0,0,0,0,"N",0.24,0,0,0,0,0,0,0,"N",0,0.0,0,0,0,0,0,0,0,0,0,0,0,0,0,0
"13063","5","541614","78","0","2025","4","",13,213,214,215,5289170,237512,3240,1901,"",1.54,1.60,1.57,1.55,1.70,1.82,1.93,1.08,"",-1,-7.1,-10,-4.5,-10,-4.5,-10,-4.4,713466,15.6,34669,17.1,973,42.9,330,21.0
"13063","5","541618","78","0","2025","4","",11,14,15,15,230488,11593,282,1209,"",0.66,0.13,0.14,0.14,0.07,0.11,0.19,0.51,"",3,37.5,7,100.0,7,87.5,7,87.5,118749,106.3,2868,32.9,265,1558.8,88,7.9
"13063","5","54162","77","0","2025","4","N",3,0,0,0,0,0,0,0,"N",0.45,0,0,0,0,0,0,0,"N",0,0.0,0,0,0,0,0,0,0,0,0,0,0,0,0,0
"13063","5","541620","78","0","2025","4","N",3,0,0,0,0,0,0,0,"N",0.45,0,0,0,0,0,0,0,"N",0,0.0,0,0,0,0,0,0,0,0,0,0,0,0,0,0
"13063","5","54169","77","0","2025","4","N",11,0,0,0,0,0,0,0,"N",0.44,0,0,0,0,0,0,0,"N",1,10.0,0,0,0,0,0,0,0,0,0,0,0,0,0,0
"13063","5","541690","78","0","2025","4","N",11,0,0,0,0,0,0,0,"N",0.44,0,0,0,0,0,0,0,"N",1,10.0,0,0,0,0,0,0,0,0,0,0,0,0,0,0
"13063","5","5417","76","0","2025","4","N",4,0,0,0,0,0,0,0,"N",0.16,0,0,0,0,0,0,0,"N",-1,-20.0,0,0,0,0,0,0,0,0,0,0,0,0,0,0
"13063","5","54171","77","0","2025","4","N",4,0,0,0,0,0,0,0,"N",0.18,0,0,0,0,0,0,0,"N",-1,-20.0,0,0,0,0,0,0,0,0,0,0,0,0,0,0
"13063","5","541714","78","0","2025","4","N",1,0,0,0,0,0,0,0,"N",0.10,0,0,0,0,0,0,0,"N",0,0.0,0,0,0,0,0,0,0,0,0,0,0,0,0,0
"13063","5","541715","78","0","2025","4","N",3,0,0,0,0,0,0,0,"N",0.25,0,0,0,0,0,0,0,"N",-1,-25.0,0,0,0,0,0,0,0,0,0,0,0,0,0,0
"13063","5","5418","76","0","2025","4","",10,23,21,20,168184,26416,520,606,"",0.30,0.06,0.05,0.05,0.02,0.08,0.12,0.28,"",1,11.1,4,21.1,3,16.7,2,11.1,-43593,-20.6,-24378,-48.0,-839,-61.7,-283,-31.8
"13063","5","54181","77","0","2025","4","N",2,0,0,0,0,0,0,0,"N",0.12,0,0,0,0,0,0,0,"N",1,100.0,0,0,0,0,0,0,0,0,0,0,0,0,0,0
"13063","5","541810","78","0","2025","4","N",2,0,0,0,0,0,0,0,"N",0.12,0,0,0,0,0,0,0,"N",1,100.0,0,0,0,0,0,0,0,0,0,0,0,0,0,0
"13063","5","54182","77","0","2025","4","N",1,0,0,0,0,0,0,0,"N",0.16,0,0,0,0,0,0,0,"N",0,0.0,0,0,0,0,0,0,0,0,0,0,0,0,0,0
"13063","5","541820","78","0","2025","4","N",1,0,0,0,0,0,0,0,"N",0.16,0,0,0,0,0,0,0,"N",0,0.0,0,0,0,0,0,0,0,0,0,0,0,0,0,0
"13063","5","54184","77","0","2025","4","N",3,0,0,0,0,0,0,0,"N",2.02,0,0,0,0,0,0,0,"N",0,0.0,0,0,0,0,0,0,0,0,0,0,0,0,0,0
"13063","5","541840","78","0","2025","4","N",3,0,0,0,0,0,0,0,"N",2.02,0,0,0,0,0,0,0,"N",0,0.0,0,0,0,0,0,0,0,0,0,0,0,0,0,0
"13063","5","54187","77","0","2025","4","N",2,0,0,0,0,0,0,0,"N",1.26,0,0,0,0,0,0,0,"N",0,0.0,0,0,0,0,0,0,0,0,0,0,0,0,0,0
"13063","5","541870","78","0","2025","4","N",2,0,0,0,0,0,0,0,"N",1.26,0,0,0,0,0,0,0,"N",0,0.0,0,0,0,0,0,0,0,0,0,0,0,0,0,0
"13063","5","54189","77","0","2025","4","N",2,0,0,0,0,0,0,0,"N",0.45,0,0,0,0,0,0,0,"N",0,0.0,0,0,0,0,0,0,0,0,0,0,0,0,0,0
"13063","5","541890","78","0","2025","4","N",2,0,0,0,0,0,0,0,"N",0.45,0,0,0,0,0,0,0,"N",0,0.0,0,0,0,0,0,0,0,0,0,0,0,0,0,0
"13063","5","5419","76","0","2025","4","",30,162,169,168,1590104,125687,1487,735,"",0.49,0.22,0.23,0.22,0.11,0.15,0.17,0.48,"",3,11.1,28,20.9,24,16.6,23,15.9,142384,9.8,29563,30.8,339,29.5,-53,-6.7
"13063","5","54192","77","0","2025","4","N",3,0,0,0,0,0,0,0,"N",0.41,0,0,0,0,0,0,0,"N",1,50.0,0,0,0,0,0,0,0,0,0,0,0,0,0,0
"13063","5","541921","78","0","2025","4","N",1,0,0,0,0,0,0,0,"N",0.19,0,0,0,0,0,0,0,"N",0,0.0,0,0,0,0,0,0,0,0,0,0,0,0,0,0
"13063","5","541922","78","0","2025","4","N",2,0,0,0,0,0,0,0,"N",0.92,0,0,0,0,0,0,0,"N",1,100.0,0,0,0,0,0,0,0,0,0,0,0,0,0,0
"13063","5","54193","77","0","2025","4","N",3,0,0,0,0,0,0,0,"N",1.36,0,0,0,0,0,0,0,"N",0,0.0,0,0,0,0,0,0,0,0,0,0,0,0,0,0
"13063","5","541930","78","0","2025","4","N",3,0,0,0,0,0,0,0,"N",1.36,0,0,0,0,0,0,0,"N",0,0.0,0,0,0,0,0,0,0,0,0,0,0,0,0,0
"13063","5","54194","77","0","2025","4","",10,51,51,51,476774,35068,236,719,"",0.65,0.13,0.13,0.13,0.08,0.08,0.07,0.63,"",1,11.1,7,15.9,4,8.5,3,6.2,46428,10.8,13252,60.7,190,413.0,5,0.7
"13063","5","541940","78","0","2025","4","",10,51,51,51,476774,35068,236,719,"",0.65,0.13,0.13,0.13,0.08,0.08,0.07,0.63,"",1,11.1,7,15.9,4,8.5,3,6.2,46428,10.8,13252,60.7,190,413.0,5,0.7
"13063","5","54199","77","0","2025","4","",14,100,108,106,881728,88684,1247,648,"",0.43,0.45,0.48,0.47,0.14,0.36,0.38,0.29,"",1,7.7,19,23.5,19,21.3,18,20.5,48481,5.8,16325,22.6,149,13.6,-97,-13.0
"13063","5","541990","78","0","2025","4","",14,100,108,106,881728,88684,1247,648,"",0.43,0.45,0.48,0.47,0.14,0.36,0.38,0.29,"",1,7.7,19,23.5,19,21.3,18,20.5,48481,5.8,16325,22.6,149,13.6,-97,-13.0
"13063","5","55","74","0","2025","4","",14,165,164,164,4967736,63368,165,2325,"",0.31,0.08,0.08,0.07,0.06,0.03,0.01,0.75,"",1,7.7,-14,-7.8,-11,-6.3,-13,-7.3,-145498,-2.8,-76064,-54.6,-5707,-97.2,103,4.6
"13063","5","551","75","0","2025","4","",14,165,164,164,4967736,63368,165,2325,"",0.31,0.08,0.08,0.07,0.06,0.03,0.01,0.75,"",1,7.7,-14,-7.8,-11,-6.3,-13,-7.3,-145498,-2.8,-76064,-54.6,-5707,-97.2,103,4.6
"13063","5","5511","76","0","2025","4","",14,165,164,164,4967736,63368,165,2325,"",0.31,0.08,0.08,0.07,0.06,0.03,0.01,0.75,"",1,7.7,-14,-7.8,-11,-6.3,-13,-7.3,-145498,-2.8,-76064,-54.6,-5707,-97.2,103,4.6
"13063","5","55111","77","0","2025","4","",14,165,164,164,4967736,63368,165,2325,"",0.31,0.08,0.08,0.07,0.06,0.03,0.01,0.75,"",1,7.7,-14,-7.8,-11,-6.3,-13,-7.3,-145498,-2.8,-76064,-54.6,-5707,-97.2,103,4.6
"13063","5","551112","78","0","2025","4","",8,14,14,14,418260,865,0,2298,"",1.14,0.18,0.18,0.18,0.13,0.01,0.00,0.71,"",1,14.3,-4,-22.2,-4,-22.2,-5,-26.3,-75555,-15.3,-73053,-98.8,-5737,-100.0,226,10.9
"13063","5","551114","78","0","2025","4","",6,151,150,150,4549476,62503,165,2328,"",0.16,0.07,0.07,0.07,0.05,0.03,0.01,0.76,"",0,0.0,-10,-6.2,-7,-4.5,-8,-5.1,-69943,-1.5,-3011,-4.6,30,22.2,88,3.9
"13063","5","56","74","0","2025","4","",332,6453,6539,6718,74280552,15896249,132904,870,"",1.14,0.84,0.85,0.88,0.66,1.39,0.87,0.76,"",-8,-2.4,-557,-7.9,-660,-9.2,-720,-9.7,-1403427,-1.9,-1684267,-9.6,-50574,-27.6,63,7.8
"13063","5","561","75","0","2025","4","",301,5963,6060,6235,64925762,15473616,128381,821,"",1.10,0.82,0.84,0.87,0.62,1.41,0.87,0.74,"",-8,-2.6,-605,-9.2,-692,-10.2,-753,-10.8,-2127729,-3.2,-1806171,-10.5,-50265,-28.1,59,7.7
"13063","5","5611","76","0","2025","4","",21,105,103,104,1168742,110429,72,864,"",0.58,0.20,0.20,0.20,0.08,0.25,0.02,0.40,"",6,40.0,-120,-53.3,-128,-55.4,-124,-54.4,-698310,-37.4,-574358,-83.9,-3311,-97.9,234,37.1
"13063","5","56111","77","0","2025","4","",21,105,103,104,1168742,110429,72,864,"",0.58,0.20,0.20,0.20,0.08,0.25,0.02,0.40,"",6,40.0,-120,-53.3,-128,-55.4,-124,-54.4,-698310,-37.4,-574358,-83.9,-3311,-97.9,234,37.1
"13063","5","561110","78","0","2025","4","",21,105,103,104,1168742,110429,72,864,"",0.58,0.20,0.20,0.20,0.08,0.25,0.02,0.40,"",6,40.0,-120,-53.3,-128,-55.4,-124,-54.4,-698310,-37.4,-574358,-83.9,-3311,-97.9,234,37.1
"13063","5","5612","76","0","2025","4","",7,575,642,646,9540640,1030312,8666,1182,"",2.02,3.82,4.24,4.22,3.99,6.53,4.40,0.98,"",0,0.0,72,14.3,134,26.4,134,26.2,1062292,12.5,409482,66.0,3136,56.7,-103,-8.0
"13063","5","56121","77","0","2025","4","",7,575,642,646,9540640,1030312,8666,1182,"",2.02,3.82,4.24,4.22,3.99,6.53,4.40,0.98,"",0,0.0,72,14.3,134,26.4,134,26.2,1062292,12.5,409482,66.0,3136,56.7,-103,-8.0
"13063","5","561210","78","0","2025","4","",7,575,642,646,9540640,1030312,8666,1182,"",2.02,3.82,4.24,4.22,3.99,6.53,4.40,0.98,"",0,0.0,72,14.3,134,26.4,134,26.2,1062292,12.5,409482,66.0,3136,56.7,-103,-8.0
"13063","5","5613","76","0","2025","4","",105,3522,3550,3748,33953554,11944029,96932,724,"",1.66,1.28,1.27,1.34,0.89,2.09,1.18,0.68,"",-10,-8.7,12,0.3,-58,-1.6,-45,-1.2,1526500,4.7,339166,2.9,-12501,-11.4,38,5.5
"13063","5","56131","77","0","2025","4","N",12,0,0,0,0,0,0,0,"N",0.78,0,0,0,0,0,0,0,"N",-4,-25.0,0,0,0,0,0,0,0,0,0,0,0,0,0,0
"13063","5","561311","78","0","2025","4","N",12,0,0,0,0,0,0,0,"N",1.03,0,0,0,0,0,0,0,"N",-3,-20.0,0,0,0,0,0,0,0,0,0,0,0,0,0,0
"13063","5","56132","77","0","2025","4","",67,2748,2757,2770,27523435,9853143,61109,768,"",1.68,1.28,1.26,1.27,1.06,2.07,0.90,0.83,"",-6,-8.2,-36,-1.3,17,0.6,-52,-1.8,902213,3.4,-6937,-0.1,-7503,-10.9,32,4.3
"13063","5","561320","78","0","2025","4","",67,2748,2757,2770,27523435,9853143,61109,768,"",1.68,1.28,1.26,1.27,1.06,2.07,0.90,0.83,"",-6,-8.2,-36,-1.3,17,0.6,-52,-1.8,902213,3.4,-6937,-0.1,-7503,-10.9,32,4.3
"13063","5","56133","77","0","2025","4","N",26,0,0,0,0,0,0,0,"N",3.21,0,0,0,0,0,0,0,"N",0,0.0,0,0,0,0,0,0,0,0,0,0,0,0,0,0
"13063","5","561330","78","0","2025","4","N",26,0,0,0,0,0,0,0,"N",3.21,0,0,0,0,0,0,0,"N",0,0.0,0,0,0,0,0,0,0,0,0,0,0,0,0,0
"13063","5","5614","76","0","2025","4","",38,177,172,169,1760122,264955,4020,784,"",1.49,0.32,0.31,0.31,0.19,0.44,0.55,0.61,"",0,0.0,-374,-67.9,-417,-70.8,-434,-72.0,-3411817,-66.0,-1450523,-84.6,-40269,-90.9,99,14.5
"13063","5","56141","77","0","2025","4","N",6,0,0,0,0,0,0,0,"N",1.93,0,0,0,0,0,0,0,"N",2,50.0,0,0,0,0,0,0,0,0,0,0,0,0,0,0
"13063","5","561410","78","0","2025","4","N",6,0,0,0,0,0,0,0,"N",1.93,0,0,0,0,0,0,0,"N",2,50.0,0,0,0,0,0,0,0,0,0,0,0,0,0,0
"13063","5","56142","77","0","2025","4","N",11,0,0,0,0,0,0,0,"N",1.78,0,0,0,0,0,0,0,"N",-1,-8.3,0,0,0,0,0,0,0,0,0,0,0,0,0,0
"13063","5","561421","78","0","2025","4","N",2,0,0,0,0,0,0,0,"N",1.49,0,0,0,0,0,0,0,"N",0,0.0,0,0,0,0,0,0,0,0,0,0,0,0,0,0
"13063","5","561422","78","0","2025","4","N",9,0,0,0,0,0,0,0,"N",1.86,0,0,0,0,0,0,0,"N",-1,-10.0,0,0,0,0,0,0,0,0,0,0,0,0,0,0
"13063","5","56143","77","0","2025","4","",7,48,45,48,357977,43943,219,586,"",1.44,0.78,0.73,0.75,0.50,0.65,0.33,0.66,"",0,0.0,-19,-28.4,-22,-32.8,-19,-28.4,-585244,-62.0,-4808,-9.9,-319,-59.3,-497,-45.9
"13063","5","561431","78","0","2025","4","N",4,0,0,0,0,0,0,0,"N",1.63,0,0,0,0,0,0,0,"N",0,0.0,0,0,0,0,0,0,0,0,0,0,0,0,0,0
"13063","5","561439","78","0","2025","4","N",3,0,0,0,0,0,0,0,"N",1.24,0,0,0,0,0,0,0,"N",0,0.0,0,0,0,0,0,0,0,0,0,0,0,0,0,0
"13063","5","56149","77","0","2025","4","",14,69,72,67,934071,153809,3327,1036,"",1.70,0.71,0.74,0.69,0.42,1.61,2.61,0.59,"",0,0.0,4,6.2,4,5.9,5,8.1,91803,10.9,29220,23.5,341,11.4,39,3.9
"13063","5","561491","78","0","2025","4","N",2,0,0,0,0,0,0,0,"N",5.42,0,0,0,0,0,0,0,"N",0,0.0,0,0,0,0,0,0,0,0,0,0,0,0,0,0
"13063","5","561492","78","0","2025","4","N",2,0,0,0,0,0,0,0,"N",1.48,0,0,0,0,0,0,0,"N",1,100.0,0,0,0,0,0,0,0,0,0,0,0,0,0,0
"13063","5","561499","78","0","2025","4","N",10,0,0,0,0,0,0,0,"N",1.54,0,0,0,0,0,0,0,"N",-1,-9.1,0,0,0,0,0,0,0,0,0,0,0,0,0,0
"13063","5","5615","76","0","2025","4","",4,19,20,21,454411,16356,223,1748,"",0.41,0.12,0.13,0.14,0.12,0.12,0.15,0.91,"",0,0.0,-3,-13.6,-1,-4.8,0,0.0,71858,18.8,11815,260.2,76,51.7,369,26.8
"13063","5","56151","77","0","2025","4","N",2,0,0,0,0,0,0,0,"N",0.34,0,0,0,0,0,0,0,"N",0,0.0,0,0,0,0,0,0,0,0,0,0,0,0,0,0
"13063","5","561510","78","0","2025","4","N",2,0,0,0,0,0,0,0,"N",0.34,0,0,0,0,0,0,0,"N",0,0.0,0,0,0,0,0,0,0,0,0,0,0,0,0,0
"13063","5","56159","77","0","2025","4","N",2,0,0,0,0,0,0,0,"N",0.80,0,0,0,0,0,0,0,"N",0,0.0,0,0,0,0,0,0,0,0,0,0,0,0,0,0
"13063","5","561599","78","0","2025","4","N",2,0,0,0,0,0,0,0,"N",0.97,0,0,0,0,0,0,0,"N",0,0.0,0,0,0,0,0,0,0,0,0,0,0,0,0,0
"13063","5","5616","76","0","2025","4","",34,581,587,566,7837580,657049,8311,1043,"",2.02,0.66,0.67,0.65,0.74,0.58,0.60,1.12,"",-3,-8.1,-163,-21.9,-164,-21.8,-180,-24.1,-1356464,-14.8,-600041,-47.7,1095,15.2,96,10.1
"13063","5","56161","77","0","2025","4","N",25,0,0,0,0,0,0,0,"N",2.43,0,0,0,0,0,0,0,"N",-2,-7.4,0,0,0,0,0,0,0,0,0,0,0,0,0,0
"13063","5","561611","78","0","2025","4","N",2,0,0,0,0,0,0,0,"N",0.82,0,0,0,0,0,0,0,"N",0,0.0,0,0,0,0,0,0,0,0,0,0,0,0,0,0
"13063","5","561612","78","0","2025","4","",22,399,403,385,3971676,488186,5985,772,"",2.95,0.57,0.58,0.56,0.57,0.51,0.50,1.00,"",-2,-8.3,-147,-26.9,-145,-26.5,-158,-29.1,-1175288,-22.8,-516145,-51.4,2030,51.3,46,6.3
"13063","5","561613","78","0","2025","4","N",1,0,0,0,0,0,0,0,"N",2.65,0,0,0,0,0,0,0,"N",0,0.0,0,0,0,0,0,0,0,0,0,0,0,0,0,0
"13063","5","56162","77","0","2025","4","N",9,0,0,0,0,0,0,0,"N",1.38,0,0,0,0,0,0,0,"N",-1,-10.0,0,0,0,0,0,0,0,0,0,0,0,0,0,0
"13063","5","561621","78","0","2025","4","N",4,0,0,0,0,0,0,0,"N",0.84,0,0,0,0,0,0,0,"N",-1,-20.0,0,0,0,0,0,0,0,0,0,0,0,0,0,0
"13063","5","561622","78","0","2025","4","N",5,0,0,0,0,0,0,0,"N",2.79,0,0,0,0,0,0,0,"N",0,0.0,0,0,0,0,0,0,0,0,0,0,0,0,0,0
"13063","5","5617","76","0","2025","4","",79,826,805,797,7707508,981247,7204,733,"",0.74,0.43,0.42,0.43,0.36,0.41,0.24,0.85,"",-1,-1.2,-10,-1.2,-67,-7.7,-80,-9.1,54584,0.7,-193779,-16.5,-666,-8.5,50,7.3
"13063","5","56171","77","0","2025","4","N",2,0,0,0,0,0,0,0,"N",0.27,0,0,0,0,0,0,0,"N",-2,-50.0,0,0,0,0,0,0,0,0,0,0,0,0,0,0
"13063","5","561710","78","0","2025","4","N",2,0,0,0,0,0,0,0,"N",0.27,0,0,0,0,0,0,0,"N",-2,-50.0,0,0,0,0,0,0,0,0,0,0,0,0,0,0
"13063","5","56172","77","0","2025","4","",44,532,534,525,3944249,830073,5863,572,"",1.26,0.60,0.60,0.59,0.52,0.73,0.53,0.87,"",1,2.3,19,3.7,-29,-5.2,-53,-9.2,344069,9.6,-43430,-5.0,849,16.9,70,13.9
"13063","5","561720","78","0","2025","4","",44,532,534,525,3944249,830073,5863,572,"",1.26,0.60,0.60,0.59,0.52,0.73,0.53,0.87,"",1,2.3,19,3.7,-29,-5.2,-53,-9.2,344069,9.6,-43430,-5.0,849,16.9,70,13.9
"13063","5","56173","77","0","2025","4","",27,190,165,166,2401873,73000,782,1064,"",0.52,0.24,0.22,0.23,0.24,0.07,0.05,1.04,"",3,12.5,6,3.3,-8,-4.6,-10,-5.7,49345,2.1,-9859,-11.9,-208,-21.0,45,4.4
"13063","5","561730","78","0","2025","4","",27,190,165,166,2401873,73000,782,1064,"",0.52,0.24,0.22,0.23,0.24,0.07,0.05,1.04,"",3,12.5,6,3.3,-8,-4.6,-10,-5.7,49345,2.1,-9859,-11.9,-208,-21.0,45,4.4
"13063","5","56174","77","0","2025","4","N",1,0,0,0,0,0,0,0,"N",0.36,0,0,0,0,0,0,0,"N",0,0.0,0,0,0,0,0,0,0,0,0,0,0,0,0,0
"13063","5","561740","78","0","2025","4","N",1,0,0,0,0,0,0,0,"N",0.36,0,0,0,0,0,0,0,"N",0,0.0,0,0,0,0,0,0,0,0,0,0,0,0,0,0
"13063","5","56179","77","0","2025","4","",5,26,24,26,227228,20232,160,690,"",0.54,0.27,0.25,0.28,0.18,0.17,0.10,0.66,"",-3,-37.5,-30,-53.6,-31,-56.4,-14,-35.0,-405164,-64.1,-107320,-84.1,-1261,-88.7,-276,-28.6
"13063","5","561790","78","0","2025","4","",5,26,24,26,227228,20232,160,690,"",0.54,0.27,0.25,0.28,0.18,0.17,0.10,0.66,"",-3,-37.5,-30,-53.6,-31,-56.4,-14,-35.0,-405164,-64.1,-107320,-84.1,-1261,-88.7,-276,-28.6
"13063","5","5619","76","0","2025","4","",13,158,181,184,2503205,469239,2953,1105,"",0.95,0.56,0.66,0.67,0.56,1.27,0.53,0.89,"",0,0.0,-19,-10.7,9,5.2,-24,-11.5,623628,33.2,252067,116.1,2175,279.6,326,41.8
"13063","5","56191","77","0","2025","4","N",1,0,0,0,0,0,0,0,"N",0.78,0,0,0,0,0,0,0,"N",0,0.0,0,0,0,0,0,0,0,0,0,0,0,0,0,0
"13063","5","561910","78","0","2025","4","N",1,0,0,0,0,0,0,0,"N",0.78,0,0,0,0,0,0,0,"N",0,0.0,0,0,0,0,0,0,0,0,0,0,0,0,0,0
"13063","5","56192","77","0","2025","4","N",3,0,0,0,0,0,0,0,"N",0.86,0,0,0,0,0,0,0,"N",1,50.0,0,0,0,0,0,0,0,0,0,0,0,0,0,0
"13063","5","561920","78","0","2025","4","N",3,0,0,0,0,0,0,0,"N",0.86,0,0,0,0,0,0,0,"N",1,50.0,0,0,0,0,0,0,0,0,0,0,0,0,0,0
"13063","5","56199","77","0","2025","4","",9,98,110,105,604674,70420,669,446,"",1.01,0.56,0.63,0.61,0.23,0.29,0.19,0.38,"",-1,-10.0,-22,-18.3,2,1.9,-14,-11.8,-42144,-6.5,-11584,-14.1,-1,-0.1,16,3.7
"13063","5","561990","78","0","2025","4","",9,98,110,105,604674,70420,669,446,"",1.01,0.56,0.63,0.61,0.23,0.29,0.19,0.38,"",-1,-10.0,-22,-18.3,2,1.9,-14,-11.8,-42144,-6.5,-11584,-14.1,-1,-0.1,16,3.7
"13063","5","562","75","0","2025","4","",31,490,479,483,9354790,422633,4523,1487,"",1.94,1.13,1.11,1.11,1.08,0.93,0.81,0.97,"",0,0.0,48,10.9,32,7.2,33,7.3,724302,8.4,121904,40.5,-309,-6.4,0,0.0
"13063","5","5621","76","0","2025","4","",13,106,108,107,1787721,105660,2269,1285,"",2.14,0.57,0.58,0.57,0.53,0.57,1.16,0.92,"",0,0.0,15,16.5,13,13.7,10,10.3,165701,10.2,-66097,-38.5,-1161,-33.8,-38,-2.9
"13063","5","56211","77","0","2025","4","",13,106,108,107,1787721,105660,2269,1285,"",2.14,0.57,0.58,0.57,0.53,0.57,1.16,0.92,"",0,0.0,15,16.5,13,13.7,10,10.3,165701,10.2,-66097,-38.5,-1161,-33.8,-38,-2.9
"13063","5","562111","78","0","2025","4","N",8,0,0,0,0,0,0,0,"N",1.71,0,0,0,0,0,0,0,"N",-1,-11.1,0,0,0,0,0,0,0,0,0,0,0,0,0,0
"13063","5","562112","78","0","2025","4","",4,76,76,77,1417252,63091,1415,1428,"",12.53,7.02,7.00,7.01,6.10,6.55,11.34,0.87,"",1,33.3,10,15.2,7,10.1,5,6.9,164237,13.1,-70068,-52.6,-1051,-42.6,31,2.2
"13063","5","562119","78","0","2025","4","N",1,0,0,0,0,0,0,0,"N",0.93,0,0,0,0,0,0,0,"N",0,0.0,0,0,0,0,0,0,0,0,0,0,0,0,0,0
"13063","5","5622","76","0","2025","4","",6,149,147,150,3050312,62312,1106,1578,"",3.00,1.63,1.60,1.61,1.49,0.85,1.54,0.92,"",-1,-14.3,3,2.1,2,1.4,10,7.1,-62721,-2.0,-9722,-13.5,88,8.6,-89,-5.3
"13063","5","56221","77","0","2025","4","",6,149,147,150,3050312,62312,1106,1578,"",3.00,1.63,1.60,1.61,1.49,0.85,1.54,0.92,"",-1,-14.3,3,2.1,2,1.4,10,7.1,-62721,-2.0,-9722,-13.5,88,8.6,-89,-5.3
"13063","5","562211","78","0","2025","4","N",1,0,0,0,0,0,0,0,"N",1.60,0,0,0,0,0,0,0,"N",0,0.0,0,0,0,0,0,0,0,0,0,0,0,0,0,0
"13063","5","562212","78","0","2025","4","N",4,0,0,0,0,0,0,0,"N",5.74,0,0,0,0,0,0,0,"N",-1,-20.0,0,0,0,0,0,0,0,0,0,0,0,0,0,0
"13063","5","562219","78","0","2025","4","N",1,0,0,0,0,0,0,0,"N",1.66,0,0,0,0,0,0,0,"N",0,0.0,0,0,0,0,0,0,0,0,0,0,0,0,0,0
"13063","5","5629","76","0","2025","4","",12,235,224,226,4516757,254661,1148,1522,"",1.52,1.51,1.44,1.45,1.41,1.30,0.39,0.96,"",1,9.1,30,14.6,17,8.2,13,6.1,621322,16.0,197723,347.3,764,199.0,84,5.8
"13063","5","56291","77","0","2025","4","N",3,0,0,0,0,0,0,0,"N",0.77,0,0,0,0,0,0,0,"N",-1,-25.0,0,0,0,0,0,0,0,0,0,0,0,0,0,0
"13063","5","562910","78","0","2025","4","N",3,0,0,0,0,0,0,0,"N",0.77,0,0,0,0,0,0,0,"N",-1,-25.0,0,0,0,0,0,0,0,0,0,0,0,0,0,0
"13063","5","56292","77","0","2025","4","N",1,0,0,0,0,0,0,0,"N",1.26,0,0,0,0,0,0,0,"N",0,0.0,0,0,0,0,0,0,0,0,0,0,0,0,0,0
"13063","5","562920","78","0","2025","4","N",1,0,0,0,0,0,0,0,"N",1.26,0,0,0,0,0,0,0,"N",0,0.0,0,0,0,0,0,0,0,0,0,0,0,0,0,0
"13063","5","56299","77","0","2025","4","",8,126,120,119,2485833,41405,188,1572,"",2.51,2.50,2.39,2.37,2.72,0.69,0.26,1.12,"N",2,33.3,0,0,0,0,0,0,0,0,0,0,0,0,0,0
"13063","5","562991","78","0","2025","4","N",1,0,0,0,0,0,0,0,"N",0.51,0,0,0,0,0,0,0,"N",1,100.0,0,0,0,0,0,0,0,0,0,0,0,0,0,0
"13063","5","562998","78","0","2025","4","N",7,0,0,0,0,0,0,0,"N",5.78,0,0,0,0,0,0,0,"N",1,16.7,0,0,0,0,0,0,0,0,0,0,0,0,0,0
"13063","5","61","74","0","2025","4","",37,1849,1824,1808,23882192,1848131,15374,1006,"",0.51,0.67,0.65,0.65,0.54,1.28,1.05,0.82,"",-1,-2.6,99,5.7,110,6.4,96,5.6,1813358,8.2,59337,3.3,-5958,-27.9,22,2.2
"13063","5","611","75","0","2025","4","",37,1849,1824,1808,23882192,1848131,15374,1006,"",0.51,0.67,0.65,0.65,0.54,1.28,1.05,0.82,"",-1,-2.6,99,5.7,110,6.4,96,5.6,1813358,8.2,59337,3.3,-5958,-27.9,22,2.2
"13063","5","6111","76","0","2025","4","",9,1453,1448,1425,19709421,1170490,2857,1051,"",0.96,1.73,1.70,1.67,1.74,2.38,0.68,1.02,"",1,12.5,84,6.1,101,7.5,69,5.1,1654626,9.2,114886,10.9,-7840,-73.3,28,2.7
"13063","5","61111","77","0","2025","4","",9,1453,1448,1425,19709421,1170490,2857,1051,"",0.96,1.73,1.70,1.67,1.74,2.38,0.68,1.02,"",1,12.5,84,6.1,101,7.5,69,5.1,1654626,9.2,114886,10.9,-7840,-73.3,28,2.7
"13063","5","611110","78","0","2025","4","",9,1453,1448,1425,19709421,1170490,2857,1051,"",0.96,1.73,1.70,1.67,1.74,2.38,0.68,1.02,"",1,12.5,84,6.1,101,7.5,69,5.1,1654626,9.2,114886,10.9,-7840,-73.3,28,2.7
"13063","5","6112","76","0","2025","4","N",1,0,0,0,0,0,0,0,"N",2.24,0,0,0,0,0,0,0,"N",0,0.0,0,0,0,0,0,0,0,0,0,0,0,0,0,0
"13063","5","61121","77","0","2025","4","N",1,0,0,0,0,0,0,0,"N",2.24,0,0,0,0,0,0,0,"N",0,0.0,0,0,0,0,0,0,0,0,0,0,0,0,0,0
"13063","5","611210","78","0","2025","4","N",1,0,0,0,0,0,0,0,"N",2.24,0,0,0,0,0,0,0,"N",0,0.0,0,0,0,0,0,0,0,0,0,0,0,0,0,0
"13063","5","6113","76","0","2025","4","",3,12,12,13,151723,3946,43,946,"",0.49,0.01,0.01,0.01,0.01,0.02,0.03,0.59,"N",0,0.0,0,0,0,0,0,0,0,0,0,0,0,0,0,0
"13063","5","61131","77","0","2025","4","",3,12,12,13,151723,3946,43,946,"",0.49,0.01,0.01,0.01,0.01,0.02,0.03,0.59,"N",0,0.0,0,0,0,0,0,0,0,0,0,0,0,0,0,0
"13063","5","611310","78","0","2025","4","",3,12,12,13,151723,3946,43,946,"",0.49,0.01,0.01,0.01,0.01,0.02,0.03,0.59,"N",0,0.0,0,0,0,0,0,0,0,0,0,0,0,0,0,0
"13063","5","6114","76","0","2025","4","",8,7,6,5,66682,3984,87,855,"",0.93,0.11,0.09,0.08,0.04,0.07,0.12,0.43,"N",1,14.3,0,0,0,0,0,0,0,0,0,0,0,0,0,0
"13063","5","61142","77","0","2025","4","N",5,0,0,0,0,0,0,0,"N",2.88,0,0,0,0,0,0,0,"N",1,25.0,0,0,0,0,0,0,0,0,0,0,0,0,0,0
"13063","5","611420","78","0","2025","4","N",5,0,0,0,0,0,0,0,"N",2.88,0,0,0,0,0,0,0,"N",1,25.0,0,0,0,0,0,0,0,0,0,0,0,0,0,0
"13063","5","61143","77","0","2025","4","N",3,0,0,0,0,0,0,0,"N",0.45,0,0,0,0,0,0,0,"N",0,0.0,0,0,0,0,0,0,0,0,0,0,0,0,0,0
"13063","5","611430","78","0","2025","4","N",3,0,0,0,0,0,0,0,"N",0.45,0,0,0,0,0,0,0,"N",0,0.0,0,0,0,0,0,0,0,0,0,0,0,0,0,0
"13063","5","6115","76","0","2025","4","",6,279,262,268,2643709,528344,8928,754,"",1.17,2.55,2.37,2.43,1.51,4.67,6.76,0.62,"",0,0.0,14,5.3,6,2.3,16,6.3,81290,3.2,31129,6.3,4523,102.7,-11,-1.4
"13063","5","61151","77","0","2025","4","",6,279,262,268,2643709,528344,8928,754,"",1.17,2.55,2.37,2.43,1.51,4.67,6.76,0.62,"",0,0.0,14,5.3,6,2.3,16,6.3,81290,3.2,31129,6.3,4523,102.7,-11,-1.4
"13063","5","611511","78","0","2025","4","N",3,0,0,0,0,0,0,0,"N",3.64,0,0,0,0,0,0,0,"N",1,50.0,0,0,0,0,0,0,0,0,0,0,0,0,0,0
"13063","5","611519","78","0","2025","4","N",3,0,0,0,0,0,0,0,"N",1.07,0,0,0,0,0,0,0,"N",-1,-25.0,0,0,0,0,0,0,0,0,0,0,0,0,0,0
"13063","5","6116","76","0","2025","4","",7,11,10,10,36506,16395,85,272,"",0.25,0.02,0.02,0.02,0.01,0.04,0.02,0.50,"",-2,-22.2,-4,-26.7,-4,-28.6,3,42.9,-81860,-69.2,-791,-4.6,-357,-80.8,-487,-64.2
"13063","5","61162","77","0","2025","4","N",3,0,0,0,0,0,0,0,"N",0.32,0,0,0,0,0,0,0,"N",0,0.0,0,0,0,0,0,0,0,0,0,0,0,0,0,0
"13063","5","611620","78","0","2025","4","N",3,0,0,0,0,0,0,0,"N",0.32,0,0,0,0,0,0,0,"N",0,0.0,0,0,0,0,0,0,0,0,0,0,0,0,0,0
"13063","5","61169","77","0","2025","4","N",4,0,0,0,0,0,0,0,"N",0.36,0,0,0,0,0,0,0,"N",-2,-33.3,0,0,0,0,0,0,0,0,0,0,0,0,0,0
"13063","5","611691","78","0","2025","4","N",2,0,0,0,0,0,0,0,"N",0.42,0,0,0,0,0,0,0,"N",-2,-50.0,0,0,0,0,0,0,0,0,0,0,0,0,0,0
"13063","5","611692","78","0","2025","4","N",1,0,0,0,0,0,0,0,"N",0.86,0,0,0,0,0,0,0,"N",0,0.0,0,0,0,0,0,0,0,0,0,0,0,0,0,0
"13063","5","611699","78","0","2025","4","N",1,0,0,0,0,0,0,0,"N",0.19,0,0,0,0,0,0,0,"N",0,0.0,0,0,0,0,0,0,0,0,0,0,0,0,0,0
"13063","5","6117","76","0","2025","4","N",3,0,0,0,0,0,0,0,"N",0.21,0,0,0,0,0,0,0,"N",-1,-25.0,0,0,0,0,0,0,0,0,0,0,0,0,0,0
"13063","5","61171","77","0","2025","4","N",3,0,0,0,0,0,0,0,"N",0.21,0,0,0,0,0,0,0,"N",-1,-25.0,0,0,0,0,0,0,0,0,0,0,0,0,0,0
"13063","5","611710","78","0","2025","4","N",3,0,0,0,0,0,0,0,"N",0.21,0,0,0,0,0,0,0,"N",-1,-25.0,0,0,0,0,0,0,0,0,0,0,0,0,0,0
"13063","5","62","74","0","2025","4","",551,8226,8147,8113,125676474,10841171,133666,1184,"",0.61,0.43,0.42,0.41,0.39,0.71,0.88,0.93,"",8,1.5,-149,-1.8,-212,-2.5,-276,-3.3,-1996200,-1.6,-44346,-0.4,37240,38.6,11,0.9
"13063","5","621","75","0","2025","4","",366,4662,4677,4679,87064838,4803980,42421,1433,"",1.13,0.62,0.61,0.61,0.57,0.68,0.63,0.92,"",9,2.5,-168,-3.5,-173,-3.6,-215,-4.4,-1584984,-1.8,-802156,-14.3,-11826,-21.8,29,2.1
"13063","5","6211","76","0","2025","4","",119,1566,1556,1556,34673539,1608926,12439,1710,"",1.15,0.63,0.62,0.61,0.46,0.87,0.75,0.74,"",3,2.6,-8,-0.5,-24,-1.5,-31,-2.0,-2523,0.0,-372468,-18.8,-4309,-25.7,22,1.3
"13063","5","62111","77","0","2025","4","",119,1566,1556,1556,34673539,1608926,12439,1710,"",1.15,0.63,0.62,0.61,0.46,0.87,0.75,0.74,"",3,2.6,-8,-0.5,-24,-1.5,-31,-2.0,-2523,0.0,-372468,-18.8,-4309,-25.7,22,1.3
"13063","5","621111","78","0","2025","4","",109,1061,1047,1050,26894525,858792,8321,1965,"",1.14,0.44,0.43,0.43,0.36,0.48,0.53,0.84,"",3,2.8,-31,-2.8,-48,-4.4,-49,-4.5,-397713,-1.5,-178464,-17.2,-1041,-11.1,48,2.5
"13063","5","621112","78","0","2025","4","",10,505,509,506,7779014,750134,4118,1181,"",1.39,6.73,6.71,6.61,4.98,9.79,4.25,0.74,"",0,0.0,23,4.8,24,4.9,18,3.7,395190,5.4,-194004,-20.5,-3268,-44.2,10,0.9
"13063","5","6212","76","0","2025","4","",43,292,292,295,4167458,222800,1318,1094,"",0.74,0.33,0.33,0.33,0.27,0.21,0.15,0.81,"",-2,-4.4,-41,-12.3,-35,-10.7,-31,-9.5,-653592,-13.6,-34454,-13.4,-669,-33.7,-34,-3.0
"13063","5","62121","77","0","2025","4","",43,292,292,295,4167458,222800,1318,1094,"",0.74,0.33,0.33,0.33,0.27,0.21,0.15,0.81,"",-2,-4.4,-41,-12.3,-35,-10.7,-31,-9.5,-653592,-13.6,-34454,-13.4,-669,-33.7,-34,-3.0
"13063","5","621210","78","0","2025","4","",43,292,292,295,4167458,222800,1318,1094,"",0.74,0.33,0.33,0.33,0.27,0.21,0.15,0.81,"",-2,-4.4,-41,-12.3,-35,-10.7,-31,-9.5,-653592,-13.6,-34454,-13.4,-669,-33.7,-34,-3.0
"13063","5","6213","76","0","2025","4","",75,1220,1219,1219,17480098,1120717,8588,1103,"",0.80,1.09,1.08,1.07,1.15,0.81,0.62,1.07,"",4,5.6,-175,-12.5,-169,-12.2,-171,-12.3,-1088139,-5.9,-243890,-17.9,-2991,-25.8,76,7.4
"13063","5","62131","77","0","2025","4","",18,58,62,62,726285,108174,971,921,"",1.10,0.48,0.51,0.51,0.52,0.70,0.81,1.04,"",0,0.0,8,16.0,7,12.7,8,14.8,111799,18.2,4424,4.3,-65,-6.3,29,3.3
"13063","5","621310","78","0","2025","4","",18,58,62,62,726285,108174,971,921,"",1.10,0.48,0.51,0.51,0.52,0.70,0.81,1.04,"",0,0.0,8,16.0,7,12.7,8,14.8,111799,18.2,4424,4.3,-65,-6.3,29,3.3
"13063","5","62132","77","0","2025","4","N",10,0,0,0,0,0,0,0,"N",1.11,0,0,0,0,0,0,0,"N",-2,-16.7,0,0,0,0,0,0,0,0,0,0,0,0,0,0
"13063","5","621320","78","0","2025","4","N",10,0,0,0,0,0,0,0,"N",1.11,0,0,0,0,0,0,0,"N",-2,-16.7,0,0,0,0,0,0,0,0,0,0,0,0,0,0
"13063","5","62133","77","0","2025","4","",9,40,40,41,480206,68395,1439,916,"",0.38,0.16,0.15,0.16,0.15,0.20,0.33,0.95,"",-1,-10.0,4,11.1,4,11.1,4,10.8,55454,13.1,28491,71.4,435,43.3,17,1.9
"13063","5","621330","78","0","2025","4","",9,40,40,41,480206,68395,1439,916,"",0.38,0.16,0.15,0.16,0.15,0.20,0.33,0.95,"",-1,-10.0,4,11.1,4,11.1,4,10.8,55454,13.1,28491,71.4,435,43.3,17,1.9
"13063","5","62134","77","0","2025","4","N",27,0,0,0,0,0,0,0,"N",1.17,0,0,0,0,0,0,0,"N",4,17.4,0,0,0,0,0,0,0,0,0,0,0,0,0,0
"13063","5","621340","78","0","2025","4","N",27,0,0,0,0,0,0,0,"N",1.17,0,0,0,0,0,0,0,"N",4,17.4,0,0,0,0,0,0,0,0,0,0,0,0,0,0
"13063","5","62139","77","0","2025","4","",11,65,66,65,1464739,31644,334,1725,"",0.51,0.37,0.37,0.36,0.50,0.13,0.13,1.37,"N",3,37.5,0,0,0,0,0,0,0,0,0,0,0,0,0,0
"13063","5","621391","78","0","2025","4","N",3,0,0,0,0,0,0,0,"N",1.11,0,0,0,0,0,0,0,"N",0,0.0,0,0,0,0,0,0,0,0,0,0,0,0,0,0
"13063","5","621399","78","0","2025","4","N",8,0,0,0,0,0,0,0,"N",0.42,0,0,0,0,0,0,0,"N",3,60.0,0,0,0,0,0,0,0,0,0,0,0,0,0,0
"13063","5","6214","76","0","2025","4","",30,751,751,766,23922574,484960,2519,2434,"",1.31,0.77,0.76,0.77,1.16,0.78,0.40,1.51,"",-1,-3.2,-18,-2.3,-26,-3.3,-65,-7.8,-441917,-1.8,4097,0.9,-420,-14.3,69,2.9
"13063","5","62141","77","0","2025","4","N",1,0,0,0,0,0,0,0,"N",0.76,0,0,0,0,0,0,0,"N",0,0.0,0,0,0,0,0,0,0,0,0,0,0,0,0,0
"13063","5","621410","78","0","2025","4","N",1,0,0,0,0,0,0,0,"N",0.76,0,0,0,0,0,0,0,"N",0,0.0,0,0,0,0,0,0,0,0,0,0,0,0,0,0
"13063","5","62142","77","0","2025","4","N",6,0,0,0,0,0,0,0,"N",0.75,0,0,0,0,0,0,0,"N",0,0.0,0,0,0,0,0,0,0,0,0,0,0,0,0,0
"13063","5","621420","78","0","2025","4","N",6,0,0,0,0,0,0,0,"N",0.75,0,0,0,0,0,0,0,"N",0,0.0,0,0,0,0,0,0,0,0,0,0,0,0,0,0
"13063","5","62149","77","0","2025","4","",23,731,729,744,23692677,461117,2439,2481,"",1.69,1.08,1.06,1.07,1.46,1.19,0.66,1.36,"",-1,-4.2,-12,-1.6,-18,-2.4,-56,-7.0,-358774,-1.5,-9588,-2.0,-457,-15.8,57,2.4
"13063","5","621491","78","0","2025","4","N",4,0,0,0,0,0,0,0,"N",3.40,0,0,0,0,0,0,0,"N",0,0.0,0,0,0,0,0,0,0,0,0,0,0,0,0,0
"13063","5","621492","78","0","2025","4","",11,162,162,162,2591108,169227,950,1230,"",3.28,1.51,1.50,1.48,1.28,1.90,1.42,0.86,"",0,0.0,7,4.5,11,7.3,2,1.2,84098,3.4,-3183,-1.8,-220,-18.8,-12,-1.0
"13063","5","621493","78","0","2025","4","",5,42,42,48,561488,49697,330,982,"",1.30,0.28,0.27,0.31,0.19,0.36,0.24,0.66,"",-1,-16.7,-14,-25.0,-15,-26.3,-7,-12.7,-298972,-34.7,6121,14.0,-165,-33.3,-200,-16.9
"13063","5","621498","78","0","2025","4","N",3,0,0,0,0,0,0,0,"N",0.57,0,0,0,0,0,0,0,"N",0,0.0,0,0,0,0,0,0,0,0,0,0,0,0,0,0
"13063","5","6215","76","0","2025","4","",26,61,64,62,1013985,29208,193,1251,"",2.04,0.23,0.24,0.24,0.18,0.12,0.09,0.77,"",-2,-7.1,2,3.4,6,10.3,2,3.3,23842,2.4,-25327,-46.4,-777,-80.1,-40,-3.1
"13063","5","62151","77","0","2025","4","",26,61,64,62,1013985,29208,193,1251,"",2.04,0.23,0.24,0.24,0.18,0.12,0.09,0.77,"",-2,-7.1,2,3.4,6,10.3,2,3.3,23842,2.4,-25327,-46.4,-777,-80.1,-40,-3.1
"13063","5","621511","78","0","2025","4","N",24,0,0,0,0,0,0,0,"N",2.55,0,0,0,0,0,0,0,"N",-3,-11.1,0,0,0,0,0,0,0,0,0,0,0,0,0,0
"13063","5","621512","78","0","2025","4","N",2,0,0,0,0,0,0,0,"N",0.60,0,0,0,0,0,0,0,"N",1,100.0,0,0,0,0,0,0,0,0,0,0,0,0,0,0
"13063","5","6216","76","0","2025","4","",55,624,630,623,4012051,947638,14536,493,"",2.34,0.41,0.41,0.40,0.26,0.59,0.84,0.63,"",9,19.6,69,12.4,53,9.2,50,8.7,503230,14.3,-174940,-15.6,-2014,-12.2,18,3.8
"13063","5","62161","77","0","2025","4","",55,624,630,623,4012051,947638,14536,493,"",2.34,0.41,0.41,0.40,0.26,0.59,0.84,0.63,"",9,19.6,69,12.4,53,9.2,50,8.7,503230,14.3,-174940,-15.6,-2014,-12.2,18,3.8
"13063","5","621610","78","0","2025","4","",55,624,630,623,4012051,947638,14536,493,"",2.34,0.41,0.41,0.40,0.26,0.59,0.84,0.63,"",9,19.6,69,12.4,53,9.2,50,8.7,503230,14.3,-174940,-15.6,-2014,-12.2,18,3.8
"13063","5","6219","76","0","2025","4","",18,148,165,158,1795133,389731,2828,880,"",1.88,0.48,0.54,0.51,0.35,1.39,1.00,0.68,"",-2,-10.0,3,2.1,22,15.4,31,24.4,74115,4.3,44826,13.0,-646,-18.6,-77,-8.0
"13063","5","62191","77","0","2025","4","N",10,0,0,0,0,0,0,0,"N",4.05,0,0,0,0,0,0,0,"N",0,0.0,0,0,0,0,0,0,0,0,0,0,0,0,0,0
"13063","5","621910","78","0","2025","4","N",10,0,0,0,0,0,0,0,"N",4.05,0,0,0,0,0,0,0,"N",0,0.0,0,0,0,0,0,0,0,0,0,0,0,0,0,0
"13063","5","62199","77","0","2025","4","N",8,0,0,0,0,0,0,0,"N",1.12,0,0,0,0,0,0,0,"N",-2,-20.0,0,0,0,0,0,0,0,0,0,0,0,0,0,0
"13063","5","621991","78","0","2025","4","N",1,0,0,0,0,0,0,0,"N",0.89,0,0,0,0,0,0,0,"N",0,0.0,0,0,0,0,0,0,0,0,0,0,0,0,0,0
"13063","5","621999","78","0","2025","4","N",7,0,0,0,0,0,0,0,"N",1.17,0,0,0,0,0,0,0,"N",-2,-22.2,0,0,0,0,0,0,0,0,0,0,0,0,0,0
"13063","5","622","75","0","2025","4","N",6,0,0,0,0,0,0,0,"N",0.80,0,0,0,0,0,0,0,"N",1,20.0,0,0,0,0,0,0,0,0,0,0,0,0,0,0
"13063","5","6221","76","0","2025","4","N",3,0,0,0,0,0,0,0,"N",0.53,0,0,0,0,0,0,0,"N",0,0.0,0,0,0,0,0,0,0,0,0,0,0,0,0,0
"13063","5","62211","77","0","2025","4","N",3,0,0,0,0,0,0,0,"N",0.53,0,0,0,0,0,0,0,"N",0,0.0,0,0,0,0,0,0,0,0,0,0,0,0,0,0
"13063","5","622110","78","0","2025","4","N",3,0,0,0,0,0,0,0,"N",0.53,0,0,0,0,0,0,0,"N",0,0.0,0,0,0,0,0,0,0,0,0,0,0,0,0,0
"13063","5","6222","76","0","2025","4","N",2,0,0,0,0,0,0,0,"N",2.97,0,0,0,0,0,0,0,"N",1,100.0,0,0,0,0,0,0,0,0,0,0,0,0,0,0
"13063","5","62221","77","0","2025","4","N",2,0,0,0,0,0,0,0,"N",2.97,0,0,0,0,0,0,0,"N",1,100.0,0,0,0,0,0,0,0,0,0,0,0,0,0,0
"13063","5","622210","78","0","2025","4","N",2,0,0,0,0,0,0,0,"N",2.97,0,0,0,0,0,0,0,"N",1,100.0,0,0,0,0,0,0,0,0,0,0,0,0,0,0
"13063","5","6223","76","0","2025","4","N",1,0,0,0,0,0,0,0,"N",0.85,0,0,0,0,0,0,0,"N",0,0.0,0,0,0,0,0,0,0,0,0,0,0,0,0,0
"13063","5","62231","77","0","2025","4","N",1,0,0,0,0,0,0,0,"N",0.85,0,0,0,0,0,0,0,"N",0,0.0,0,0,0,0,0,0,0,0,0,0,0,0,0,0
"13063","5","622310","78","0","2025","4","N",1,0,0,0,0,0,0,0,"N",0.85,0,0,0,0,0,0,0,"N",0,0.0,0,0,0,0,0,0,0,0,0,0,0,0,0,0
"13063","5","623","75","0","2025","4","N",34,0,0,0,0,0,0,0,"N",0.87,0,0,0,0,0,0,0,"N",3,9.7,0,0,0,0,0,0,0,0,0,0,0,0,0,0
"13063","5","6231","76","0","2025","4","",11,715,602,605,6253310,2343162,48988,751,"",1.30,0.55,0.46,0.46,0.40,1.56,3.59,0.81,"",4,57.1,94,15.1,-32,-5.0,-36,-5.6,39165,0.6,1317131,128.4,47672,3622.5,-5,-0.7
"13063","5","62311","77","0","2025","4","",11,715,602,605,6253310,2343162,48988,751,"",1.30,0.55,0.46,0.46,0.40,1.56,3.59,0.81,"",4,57.1,94,15.1,-32,-5.0,-36,-5.6,39165,0.6,1317131,128.4,47672,3622.5,-5,-0.7
"13063","5","623110","78","0","2025","4","",11,715,602,605,6253310,2343162,48988,751,"",1.30,0.55,0.46,0.46,0.40,1.56,3.59,0.81,"",4,57.1,94,15.1,-32,-5.0,-36,-5.6,39165,0.6,1317131,128.4,47672,3622.5,-5,-0.7
"13063","5","6232","76","0","2025","4","N",8,0,0,0,0,0,0,0,"N",0.54,0,0,0,0,0,0,0,"N",0,0.0,0,0,0,0,0,0,0,0,0,0,0,0,0,0
"13063","5","62321","77","0","2025","4","N",4,0,0,0,0,0,0,0,"N",0.38,0,0,0,0,0,0,0,"N",0,0.0,0,0,0,0,0,0,0,0,0,0,0,0,0,0
"13063","5","623210","78","0","2025","4","N",4,0,0,0,0,0,0,0,"N",0.38,0,0,0,0,0,0,0,"N",0,0.0,0,0,0,0,0,0,0,0,0,0,0,0,0,0
"13063","5","62322","77","0","2025","4","N",4,0,0,0,0,0,0,0,"N",0.92,0,0,0,0,0,0,0,"N",0,0.0,0,0,0,0,0,0,0,0,0,0,0,0,0,0
"13063","5","623220","78","0","2025","4","N",4,0,0,0,0,0,0,0,"N",0.92,0,0,0,0,0,0,0,"N",0,0.0,0,0,0,0,0,0,0,0,0,0,0,0,0,0
"13063","5","6233","76","0","2025","4","",12,238,273,267,2082556,520628,12506,618,"",0.95,0.28,0.32,0.31,0.24,0.48,1.21,0.81,"",2,20.0,8,3.5,44,19.2,27,11.2,-203945,-8.9,148504,39.9,7674,158.8,-137,-18.1
"13063","5","62331","77","0","2025","4","",12,238,273,267,2082556,520628,12506,618,"",0.95,0.28,0.32,0.31,0.24,0.48,1.21,0.81,"",2,20.0,8,3.5,44,19.2,27,11.2,-203945,-8.9,148504,39.9,7674,158.8,-137,-18.1
"13063","5","623311","78","0","2025","4","N",2,0,0,0,0,0,0,0,"N",0.66,0,0,0,0,0,0,0,"N",0,0.0,0,0,0,0,0,0,0,0,0,0,0,0,0,0
"13063","5","623312","78","0","2025","4","N",10,0,0,0,0,0,0,0,"N",1.05,0,0,0,0,0,0,0,"N",2,25.0,0,0,0,0,0,0,0,0,0,0,0,0,0,0
"13063","5","6239","76","0","2025","4","N",3,0,0,0,0,0,0,0,"N",0.93,0,0,0,0,0,0,0,"N",-3,-50.0,0,0,0,0,0,0,0,0,0,0,0,0,0,0
"13063","5","62399","77","0","2025","4","N",3,0,0,0,0,0,0,0,"N",0.93,0,0,0,0,0,0,0,"N",-3,-50.0,0,0,0,0,0,0,0,0,0,0,0,0,0,0
"13063","5","623990","78","0","2025","4","N",3,0,0,0,0,0,0,0,"N",0.93,0,0,0,0,0,0,0,"N",-3,-50.0,0,0,0,0,0,0,0,0,0,0,0,0,0,0
"13063","5","624","75","0","2025","4","",145,1467,1446,1424,12418525,1820654,26473,661,"",0.28,0.35,0.34,0.33,0.34,0.43,0.53,1.00,"",-5,-3.3,6,0.4,32,2.3,29,2.1,974782,8.5,-508407,-21.8,-2893,-9.9,43,7.0
"13063","5","6241","76","0","2025","4","",57,724,710,694,6408049,757622,17357,695,"",0.12,0.24,0.24,0.23,0.26,0.26,0.47,1.10,"",-1,-1.7,165,29.5,125,21.4,132,23.5,1736629,37.2,-46478,-5.8,3921,29.2,63,10.0
"13063","5","62411","77","0","2025","4","",9,88,90,94,909705,82586,997,772,"",1.48,0.45,0.46,0.48,0.41,0.64,0.69,0.88,"",0,0.0,3,3.5,2,2.3,0,0.0,32996,3.8,-18284,-18.1,-972,-49.4,14,1.8
"13063","5","624110","78","0","2025","4","",9,88,90,94,909705,82586,997,772,"",1.48,0.45,0.46,0.48,0.41,0.64,0.69,0.88,"",0,0.0,3,3.5,2,2.3,0,0.0,32996,3.8,-18284,-18.1,-972,-49.4,14,1.8
"13063","5","62412","77","0","2025","4","",33,389,372,372,2545523,427978,4659,518,"",0.07,0.17,0.16,0.16,0.15,0.18,0.15,0.95,"",-3,-8.3,30,8.4,-8,-2.1,8,2.2,-90567,-3.4,-110189,-20.5,-1360,-22.6,-34,-6.2
"13063","5","624120","78","0","2025","4","",33,389,372,372,2545523,427978,4659,518,"",0.07,0.17,0.16,0.16,0.15,0.18,0.15,0.95,"",-3,-8.3,30,8.4,-8,-2.1,8,2.2,-90567,-3.4,-110189,-20.5,-1360,-22.6,-34,-6.2
"13063","5","62419","77","0","2025","4","",15,247,248,228,2952821,247058,11701,942,"",0.76,0.57,0.56,0.51,0.52,0.64,2.65,0.96,"",2,15.4,132,114.8,131,112.0,124,119.2,1794200,154.9,81995,49.7,6253,114.8,146,18.3
"13063","5","624190","78","0","2025","4","",15,247,248,228,2952821,247058,11701,942,"",0.76,0.57,0.56,0.51,0.52,0.64,2.65,0.96,"",2,15.4,132,114.8,131,112.0,124,119.2,1794200,154.9,81995,49.7,6253,114.8,146,18.3
"13063","5","6242","76","0","2025","4","N",3,0,0,0,0,0,0,0,"N",0.47,0,0,0,0,0,0,0,"N",-1,-25.0,0,0,0,0,0,0,0,0,0,0,0,0,0,0
"13063","5","62422","77","0","2025","4","N",2,0,0,0,0,0,0,0,"N",0.58,0,0,0,0,0,0,0,"N",-1,-33.3,0,0,0,0,0,0,0,0,0,0,0,0,0,0
"13063","5","624221","78","0","2025","4","N",1,0,0,0,0,0,0,0,"N",0.55,0,0,0,0,0,0,0,"N",-1,-50.0,0,0,0,0,0,0,0,0,0,0,0,0,0,0
"13063","5","624229","78","0","2025","4","N",1,0,0,0,0,0,0,0,"N",0.61,0,0,0,0,0,0,0,"N",0,0.0,0,0,0,0,0,0,0,0,0,0,0,0,0,0
"13063","5","62423","77","0","2025","4","N",1,0,0,0,0,0,0,0,"N",0.84,0,0,0,0,0,0,0,"N",0,0.0,0,0,0,0,0,0,0,0,0,0,0,0,0,0
"13063","5","624230","78","0","2025","4","N",1,0,0,0,0,0,0,0,"N",0.84,0,0,0,0,0,0,0,"N",0,0.0,0,0,0,0,0,0,0,0,0,0,0,0,0,0
"13063","5","6243","76","0","2025","4","N",2,0,0,0,0,0,0,0,"N",0.50,0,0,0,0,0,0,0,"N",0,0.0,0,0,0,0,0,0,0,0,0,0,0,0,0,0
"13063","5","62431","77","0","2025","4","N",2,0,0,0,0,0,0,0,"N",0.50,0,0,0,0,0,0,0,"N",0,0.0,0,0,0,0,0,0,0,0,0,0,0,0,0,0
"13063","5","624310","78","0","2025","4","N",2,0,0,0,0,0,0,0,"N",0.50,0,0,0,0,0,0,0,"N",0,0.0,0,0,0,0,0,0,0,0,0,0,0,0,0,0
"13063","5","6244","76","0","2025","4","",83,692,686,678,5569520,1007836,8772,625,"",2.50,0.84,0.83,0.82,0.82,0.98,0.86,0.99,"",-3,-3.5,-166,-19.3,-94,-12.1,-104,-13.3,-823496,-12.9,-478941,-32.2,-6775,-43.6,15,2.5
"13063","5","62441","77","0","2025","4","",83,692,686,678,5569520,1007836,8772,625,"",2.50,0.84,0.83,0.82,0.82,0.98,0.86,0.99,"",-3,-3.5,-166,-19.3,-94,-12.1,-104,-13.3,-823496,-12.9,-478941,-32.2,-6775,-43.6,15,2.5
"13063","5","624410","78","0","2025","4","",83,692,686,678,5569520,1007836,8772,625,"",2.50,0.84,0.83,0.82,0.82,0.98,0.86,0.99,"",-3,-3.5,-166,-19.3,-94,-12.1,-104,-13.3,-823496,-12.9,-478941,-32.2,-6775,-43.6,15,2.5
"13063","5","71","74","0","2025","4","",41,258,263,256,1424389,328740,2861,423,"",0.51,0.12,0.12,0.12,0.04,0.15,0.10,0.37,"",-2,-4.7,-42,-14.0,-27,-9.3,-22,-7.9,-56470,-3.8,-123744,-27.3,-3370,-54.1,29,7.4
"13063","5","711","75","0","2025","4","N",11,0,0,0,0,0,0,0,"N",0.31,0,0,0,0,0,0,0,"N",-1,-8.3,0,0,0,0,0,0,0,0,0,0,0,0,0,0
"13063","5","7111","76","0","2025","4","N",3,0,0,0,0,0,0,0,"N",0.53,0,0,0,0,0,0,0,"N",0,0.0,0,0,0,0,0,0,0,0,0,0,0,0,0,0
"13063","5","71113","77","0","2025","4","N",3,0,0,0,0,0,0,0,"N",1.17,0,0,0,0,0,0,0,"N",0,0.0,0,0,0,0,0,0,0,0,0,0,0,0,0,0
"13063","5","711130","78","0","2025","4","N",3,0,0,0,0,0,0,0,"N",1.17,0,0,0,0,0,0,0,"N",0,0.0,0,0,0,0,0,0,0,0,0,0,0,0,0,0
"13063","5","7112","76","0","2025","4","N",1,0,0,0,0,0,0,0,"N",0.26,0,0,0,0,0,0,0,"N",0,0.0,0,0,0,0,0,0,0,0,0,0,0,0,0,0
"13063","5","71121","77","0","2025","4","N",1,0,0,0,0,0,0,0,"N",0.26,0,0,0,0,0,0,0,"N",0,0.0,0,0,0,0,0,0,0,0,0,0,0,0,0,0
"13063","5","711211","78","0","2025","4","N",1,0,0,0,0,0,0,0,"N",0.57,0,0,0,0,0,0,0,"N",0,0.0,0,0,0,0,0,0,0,0,0,0,0,0,0,0
"13063","5","7113","76","0","2025","4","N",2,0,0,0,0,0,0,0,"N",0.40,0,0,0,0,0,0,0,"N",-1,-33.3,0,0,0,0,0,0,0,0,0,0,0,0,0,0
"13063","5","71131","77","0","2025","4","-",0,0,0,0,0,0,0,0,"N",0.00,0,0,0,0,0,0,0,"N",-1,-100.0,0,0,0,0,0,0,0,0,0,0,0,0,0,0
"13063","5","711310","78","0","2025","4","-",0,0,0,0,0,0,0,0,"N",0.00,0,0,0,0,0,0,0,"N",-1,-100.0,0,0,0,0,0,0,0,0,0,0,0,0,0,0
"13063","5","71132","77","0","2025","4","N",2,0,0,0,0,0,0,0,"N",0.69,0,0,0,0,0,0,0,"N",0,0.0,0,0,0,0,0,0,0,0,0,0,0,0,0,0
"13063","5","711320","78","0","2025","4","N",2,0,0,0,0,0,0,0,"N",0.69,0,0,0,0,0,0,0,"N",0,0.0,0,0,0,0,0,0,0,0,0,0,0,0,0,0
"13063","5","7114","76","0","2025","4","N",1,0,0,0,0,0,0,0,"N",0.32,0,0,0,0,0,0,0,"N",0,0.0,0,0,0,0,0,0,0,0,0,0,0,0,0,0
"13063","5","71141","77","0","2025","4","N",1,0,0,0,0,0,0,0,"N",0.32,0,0,0,0,0,0,0,"N",0,0.0,0,0,0,0,0,0,0,0,0,0,0,0,0,0
"13063","5","711410","78","0","2025","4","N",1,0,0,0,0,0,0,0,"N",0.32,0,0,0,0,0,0,0,"N",0,0.0,0,0,0,0,0,0,0,0,0,0,0,0,0,0
"13063","5","7115","76","0","2025","4","",4,3,4,4,45084,5334,37,946,"",0.22,0.05,0.07,0.07,0.01,0.05,0.02,0.16,"",0,0.0,1,50.0,0,0.0,-1,-20.0,-19316,-30.0,684,14.7,-12,-24.5,-405,-30.0
"13063","5","71151","77","0","2025","4","",4,3,4,4,45084,5334,37,946,"",0.22,0.05,0.07,0.07,0.01,0.05,0.02,0.16,"",0,0.0,1,50.0,0,0.0,-1,-20.0,-19316,-30.0,684,14.7,-12,-24.5,-405,-30.0
"13063","5","711510","78","0","2025","4","",4,3,4,4,45084,5334,37,946,"",0.22,0.05,0.07,0.07,0.01,0.05,0.02,0.16,"",0,0.0,1,50.0,0,0.0,-1,-20.0,-19316,-30.0,684,14.7,-12,-24.5,-405,-30.0
"13063","5","712","75","0","2025","4","N",2,0,0,0,0,0,0,0,"N",0.59,0,0,0,0,0,0,0,"N",1,100.0,0,0,0,0,0,0,0,0,0,0,0,0,0,0
"13063","5","7121","76","0","2025","4","N",2,0,0,0,0,0,0,0,"N",0.59,0,0,0,0,0,0,0,"N",1,100.0,0,0,0,0,0,0,0,0,0,0,0,0,0,0
"13063","5","71211","77","0","2025","4","N",2,0,0,0,0,0,0,0,"N",0.88,0,0,0,0,0,0,0,"N",1,100.0,0,0,0,0,0,0,0,0,0,0,0,0,0,0
"13063","5","712110","78","0","2025","4","N",2,0,0,0,0,0,0,0,"N",0.88,0,0,0,0,0,0,0,"N",1,100.0,0,0,0,0,0,0,0,0,0,0,0,0,0,0
"13063","5","713","75","0","2025","4","",28,236,241,232,1300683,308407,2791,423,"",0.67,0.15,0.16,0.15,0.10,0.20,0.15,0.67,"",-2,-6.7,-44,-15.7,-26,-9.7,-24,-9.4,-18258,-1.4,-118896,-27.8,-2837,-50.4,44,11.6
"13063","5","7131","76","0","2025","4","N",1,0,0,0,0,0,0,0,"N",0.54,0,0,0,0,0,0,0,"N",0,0.0,0,0,0,0,0,0,0,0,0,0,0,0,0,0
"13063","5","71312","77","0","2025","4","N",1,0,0,0,0,0,0,0,"N",0.80,0,0,0,0,0,0,0,"N",0,0.0,0,0,0,0,0,0,0,0,0,0,0,0,0,0
"13063","5","713120","78","0","2025","4","N",1,0,0,0,0,0,0,0,"N",0.80,0,0,0,0,0,0,0,"N",0,0.0,0,0,0,0,0,0,0,0,0,0,0,0,0,0
"13063","5","7132","76","0","2025","4","N",1,0,0,0,0,0,0,0,"N",0.54,0,0,0,0,0,0,0,"N",0,0.0,0,0,0,0,0,0,0,0,0,0,0,0,0,0
"13063","5","71329","77","0","2025","4","N",1,0,0,0,0,0,0,0,"N",0.60,0,0,0,0,0,0,0,"N",0,0.0,0,0,0,0,0,0,0,0,0,0,0,0,0,0
"13063","5","713290","78","0","2025","4","N",1,0,0,0,0,0,0,0,"N",0.60,0,0,0,0,0,0,0,"N",0,0.0,0,0,0,0,0,0,0,0,0,0,0,0,0,0
"13063","5","7139","76","0","2025","4","",26,235,240,231,1275683,308407,2791,417,"",0.68,0.19,0.20,0.19,0.14,0.24,0.18,0.73,"",-2,-7.1,-42,-15.2,-24,-9.1,-22,-8.7,-32858,-2.5,-118496,-27.8,-2837,-50.4,37,9.7
"13063","5","71391","77","0","2025","4","N",1,0,0,0,0,0,0,0,"N",0.21,0,0,0,0,0,0,0,"N",0,0.0,0,0,0,0,0,0,0,0,0,0,0,0,0,0
"13063","5","713910","78","0","2025","4","N",1,0,0,0,0,0,0,0,"N",0.21,0,0,0,0,0,0,0,"N",0,0.0,0,0,0,0,0,0,0,0,0,0,0,0,0,0
"13063","5","71393","77","0","2025","4","N",1,0,0,0,0,0,0,0,"N",0.60,0,0,0,0,0,0,0,"N",0,0.0,0,0,0,0,0,0,0,0,0,0,0,0,0,0
"13063","5","713930","78","0","2025","4","N",1,0,0,0,0,0,0,0,"N",0.60,0,0,0,0,0,0,0,"N",0,0.0,0,0,0,0,0,0,0,0,0,0,0,0,0,0
"13063","5","71394","77","0","2025","4","",17,146,145,134,567132,204792,2639,308,"",0.87,0.27,0.26,0.24,0.18,0.41,0.48,0.71,"",-2,-10.5,-32,-18.0,-21,-12.7,-15,-10.1,-58141,-9.3,-122881,-37.5,-2296,-46.5,15,5.1
"13063","5","713940","78","0","2025","4","",17,146,145,134,567132,204792,2639,308,"",0.87,0.27,0.26,0.24,0.18,0.41,0.48,0.71,"",-2,-10.5,-32,-18.0,-21,-12.7,-15,-10.1,-58141,-9.3,-122881,-37.5,-2296,-46.5,15,5.1
"13063","5","71395","77","0","2025","4","N",2,0,0,0,0,0,0,0,"N",1.45,0,0,0,0,0,0,0,"N",0,0.0,0,0,0,0,0,0,0,0,0,0,0,0,0,0
"13063","5","713950","78","0","2025","4","N",2,0,0,0,0,0,0,0,"N",1.45,0,0,0,0,0,0,0,"N",0,0.0,0,0,0,0,0,0,0,0,0,0,0,0,0,0
"13063","5","71399","77","0","2025","4","N",5,0,0,0,0,0,0,0,"N",0.47,0,0,0,0,0,0,0,"N",0,0.0,0,0,0,0,0,0,0,0,0,0,0,0,0,0
"13063","5","713990","78","0","2025","4","N",5,0,0,0,0,0,0,0,"N",0.47,0,0,0,0,0,0,0,"N",0,0.0,0,0,0,0,0,0,0,0,0,0,0,0,0,0
"13063","5","72","74","0","2025","4","",546,10622,10597,10561,81508507,18144794,217265,592,"",1.62,0.90,0.91,0.90,0.92,1.21,1.48,1.02,"",25,4.8,190,1.8,152,1.5,65,0.6,6654719,8.9,2104920,13.1,71443,49.0,41,7.4
"13063","5","721","75","0","2025","4","",69,748,737,741,7076723,834123,7830,734,"",2.10,0.47,0.47,0.47,0.41,0.38,0.35,0.86,"",2,3.0,-51,-6.4,-20,-2.6,-2,-0.3,170002,2.5,-77795,-8.5,213,2.8,41,5.9
"13063","5","7211","76","0","2025","4","N",68,0,0,0,0,0,0,0,"N",2.40,0,0,0,0,0,0,0,"N",1,1.5,0,0,0,0,0,0,0,0,0,0,0,0,0,0
"13063","5","72111","77","0","2025","4","N",68,0,0,0,0,0,0,0,"N",2.63,0,0,0,0,0,0,0,"N",2,3.0,0,0,0,0,0,0,0,0,0,0,0,0,0,0
"13063","5","721110","78","0","2025","4","N",68,0,0,0,0,0,0,0,"N",2.63,0,0,0,0,0,0,0,"N",2,3.0,0,0,0,0,0,0,0,0,0,0,0,0,0,0
"13063","5","7212","76","0","2025","4","N",1,0,0,0,0,0,0,0,"N",0.26,0,0,0,0,0,0,0,"N",1,100.0,0,0,0,0,0,0,0,0,0,0,0,0,0,0
"13063","5","72121","77","0","2025","4","N",1,0,0,0,0,0,0,0,"N",0.26,0,0,0,0,0,0,0,"N",1,100.0,0,0,0,0,0,0,0,0,0,0,0,0,0,0
"13063","5","721214","78","0","2025","4","N",1,0,0,0,0,0,0,0,"N",0.72,0,0,0,0,0,0,0,"N",1,100.0,0,0,0,0,0,0,0,0,0,0,0,0,0,0
"13063","5","722","75","0","2025","4","",477,9874,9860,9820,74431784,17310671,209435,581,"",1.57,0.97,0.97,0.96,1.05,1.36,1.68,1.08,"",23,5.1,241,2.5,172,1.8,67,0.7,6484717,9.5,2182715,14.4,71230,51.5,42,7.8
"13063","5","7223","76","0","2025","4","N",22,0,0,0,0,0,0,0,"N",0.99,0,0,0,0,0,0,0,"N",2,10.0,0,0,0,0,0,0,0,0,0,0,0,0,0,0
"13063","5","72231","77","0","2025","4","",14,2382,2373,2364,28248494,4856437,75346,916,"",1.28,4.68,4.70,4.97,5.35,7.05,4.96,1.12,"",2,16.7,334,16.3,297,14.3,317,15.5,5140948,22.2,1935099,66.2,53168,239.7,52,6.0
"13063","5","722310","78","0","2025","4","",14,2382,2373,2364,28248494,4856437,75346,916,"",1.28,4.68,4.70,4.97,5.35,7.05,4.96,1.12,"",2,16.7,334,16.3,297,14.3,317,15.5,5140948,22.2,1935099,66.2,53168,239.7,52,6.0
"13063","5","72232","77","0","2025","4","N",7,0,0,0,0,0,0,0,"N",1.18,0,0,0,0,0,0,0,"N",0,0.0,0,0,0,0,0,0,0,0,0,0,0,0,0,0
"13063","5","722320","78","0","2025","4","N",7,0,0,0,0,0,0,0,"N",1.18,0,0,0,0,0,0,0,"N",0,0.0,0,0,0,0,0,0,0,0,0,0,0,0,0,0
"13063","5","72233","77","0","2025","4","N",1,0,0,0,0,0,0,0,"N",0.18,0,0,0,0,0,0,0,"N",0,0.0,0,0,0,0,0,0,0,0,0,0,0,0,0,0
"13063","5","722330","78","0","2025","4","N",1,0,0,0,0,0,0,0,"N",0.18,0,0,0,0,0,0,0,"N",0,0.0,0,0,0,0,0,0,0,0,0,0,0,0,0,0
"13063","5","7224","76","0","2025","4","N",5,0,0,0,0,0,0,0,"N",0.28,0,0,0,0,0,0,0,"N",-1,-16.7,0,0,0,0,0,0,0,0,0,0,0,0,0,0
"13063","5","72241","77","0","2025","4","N",5,0,0,0,0,0,0,0,"N",0.28,0,0,0,0,0,0,0,"N",-1,-16.7,0,0,0,0,0,0,0,0,0,0,0,0,0,0
"13063","5","722410","78","0","2025","4","N",5,0,0,0,0,0,0,0,"N",0.28,0,0,0,0,0,0,0,"N",-1,-16.7,0,0,0,0,0,0,0,0,0,0,0,0,0,0
"13063","5","7225","76","0","2025","4","",450,7374,7365,7351,45386512,12255379,130445,474,"",1.70,0.81,0.81,0.80,0.73,1.08,1.29,0.91,"",22,5.1,-84,-1.1,-124,-1.7,-239,-3.1,1456657,3.3,263071,2.2,17636,15.6,24,5.3
"13063","5","72251","77","0","2025","4","",450,7374,7365,7351,45386512,12255379,130445,474,"",1.70,0.81,0.81,0.80,0.73,1.08,1.29,0.91,"",22,5.1,-84,-1.1,-124,-1.7,-239,-3.1,1456657,3.3,263071,2.2,17636,15.6,24,5.3
"13063","5","722511","78","0","2025","4","",143,2962,3008,3040,21983577,4811748,50420,563,"",1.28,0.67,0.68,0.68,0.65,0.86,0.94,0.96,"",9,6.7,-54,-1.8,-89,-2.9,-84,-2.7,1408026,6.8,311849,6.9,6503,14.8,49,9.5
"13063","5","722513","78","0","2025","4","",268,3932,3889,3846,20296069,6466815,67232,401,"",2.36,1.03,1.02,1.00,0.91,1.41,1.87,0.89,"",9,3.5,-16,-0.4,1,0.0,-100,-2.5,-19102,-0.1,-165977,-2.5,7527,12.6,3,0.8
"13063","5","722514","78","0","2025","4","",8,127,121,123,838240,376862,5484,521,"",3.66,2.06,1.96,1.98,1.94,5.65,8.71,0.97,"",1,14.3,-20,-13.6,-24,-16.6,-35,-22.2,-4836,-0.6,132241,54.1,3820,229.6,89,20.6
"13063","5","722515","78","0","2025","4","",31,353,347,342,2268626,599954,7309,502,"",0.83,0.42,0.42,0.41,0.44,0.56,0.69,1.04,"",3,10.7,6,1.7,-12,-3.3,-20,-5.5,72569,3.3,-15042,-2.4,-214,-2.8,27,5.7
"13063","5","81","74","0","2025","4","",355,2194,2195,2153,26578190,2271891,31642,938,"",0.95,0.56,0.56,0.55,0.50,0.59,0.79,0.90,"",5,1.4,-10,-0.5,6,0.3,-67,-3.0,402879,1.5,15397,0.7,4011,14.5,25,2.7
"13063","5","811","75","0","2025","4","",153,1035,1023,1008,15110769,1082165,16087,1137,"",1.47,0.85,0.84,0.83,0.79,0.80,1.15,0.94,"",-9,-5.6,-29,-2.7,-28,-2.7,-18,-1.8,109067,0.7,106286,10.9,2796,21.0,35,3.2
"13063","5","8111","76","0","2025","4","",128,793,783,771,11089123,937767,14434,1090,"",1.74,0.93,0.91,0.89,0.93,0.95,1.57,1.02,"",-7,-5.2,1,0.1,3,0.4,11,1.4,377841,3.5,212790,29.4,4076,39.4,30,2.8
"13063","5","81111","77","0","2025","4","",70,343,340,334,5913447,248149,3365,1342,"",1.74,0.93,0.92,0.90,1.06,0.60,0.87,1.16,"",-3,-4.1,-7,-2.0,-5,-1.4,-2,-0.6,-17288,-0.3,63650,34.5,1260,59.9,15,1.1
"13063","5","811111","78","0","2025","4","",57,295,294,289,5282953,226791,3243,1389,"",1.58,0.89,0.89,0.86,1.05,0.60,0.92,1.19,"",-3,-5.0,-12,-3.9,-9,-3.0,-5,-1.7,-137588,-2.5,65353,40.5,1535,89.9,5,0.4
"13063","5","811114","78","0","2025","4","",13,48,46,45,630494,21358,122,1047,"",3.08,1.31,1.25,1.22,1.15,0.57,0.35,0.92,"",0,0.0,5,11.6,4,9.5,3,7.1,120300,23.6,-1703,-7.4,-275,-69.3,120,12.9
"13063","5","81112","77","0","2025","4","",32,147,146,145,2346083,108205,1720,1236,"",1.79,0.63,0.62,0.61,0.59,0.46,0.79,0.95,"",-1,-3.0,-11,-7.0,-9,-5.8,-8,-5.2,76533,3.4,466,0.4,61,3.7,112,10.0
"13063","5","811121","78","0","2025","4","",25,131,132,132,2171744,87742,1354,1269,"",1.69,0.64,0.65,0.64,0.62,0.44,0.72,0.96,"",0,0.0,-11,-7.7,-8,-5.7,-8,-5.7,64274,3.0,-4009,-4.4,-39,-2.8,117,10.2
"13063","5","811122","78","0","2025","4","",7,16,14,13,174339,20463,366,936,"",2.28,0.52,0.45,0.42,0.39,0.63,1.22,0.84,"",-1,-12.5,0,0.0,-1,-6.7,0,0.0,12259,7.6,4475,28.0,100,37.6,86,10.1
"13063","5","81119","77","0","2025","4","",26,303,297,292,2829593,581413,9349,732,"",1.69,1.20,1.18,1.16,1.20,1.74,2.96,1.02,"",-3,-10.3,19,6.7,17,6.1,21,7.7,318596,12.7,148674,34.4,2755,41.8,38,5.5
"13063","5","811191","78","0","2025","4","N",10,0,0,0,0,0,0,0,"N",2.73,0,0,0,0,0,0,0,"N",0,0.0,0,0,0,0,0,0,0,0,0,0,0,0,0,0
"13063","5","811192","78","0","2025","4","",13,173,165,163,1561783,399722,6842,719,"",1.55,1.08,1.03,1.01,1.18,1.95,3.46,1.13,"",-3,-18.8,22,14.6,17,11.5,24,17.3,337521,27.6,119557,42.7,2362,52.7,74,11.5
"13063","5","811198","78","0","2025","4","N",3,0,0,0,0,0,0,0,"N",0.90,0,0,0,0,0,0,0,"N",0,0.0,0,0,0,0,0,0,0,0,0,0,0,0,0,0
"13063","5","8112","76","0","2025","4","",6,140,135,134,2257502,89770,1027,1274,"",0.91,1.67,1.61,1.58,1.31,1.27,1.26,0.81,"N",1,20.0,0,0,0,0,0,0,0,0,0,0,0,0,0,0
"13063","5","81121","77","0","2025","4","",6,140,135,134,2257502,89770,1027,1274,"",0.91,1.67,1.61,1.58,1.31,1.27,1.26,0.81,"N",1,20.0,0,0,0,0,0,0,0,0,0,0,0,0,0,0
"13063","5","811210","78","0","2025","4","",6,140,135,134,2257502,89770,1027,1274,"",0.91,1.67,1.61,1.58,1.31,1.27,1.26,0.81,"N",1,20.0,0,0,0,0,0,0,0,0,0,0,0,0,0,0
"13063","5","8113","76","0","2025","4","",12,78,81,79,1387826,38538,612,1346,"",0.89,0.38,0.40,0.39,0.30,0.17,0.20,0.78,"",-1,-7.7,-34,-30.4,-30,-27.0,-30,-27.5,-502477,-26.6,-100826,-72.3,-770,-55.7,32,2.4
"13063","5","81131","77","0","2025","4","",12,78,81,79,1387826,38538,612,1346,"",0.89,0.38,0.40,0.39,0.30,0.17,0.20,0.78,"",-1,-7.7,-34,-30.4,-30,-27.0,-30,-27.5,-502477,-26.6,-100826,-72.3,-770,-55.7,32,2.4
"13063","5","811310","78","0","2025","4","",12,78,81,79,1387826,38538,612,1346,"",0.89,0.38,0.40,0.39,0.30,0.17,0.20,0.78,"",-1,-7.7,-34,-30.4,-30,-27.0,-30,-27.5,-502477,-26.6,-100826,-72.3,-770,-55.7,32,2.4
"13063","5","8114","76","0","2025","4","",7,24,24,24,376318,16090,14,1206,"",0.66,0.34,0.34,0.34,0.41,0.20,0.02,1.19,"N",-2,-22.2,0,0,0,0,0,0,0,0,0,0,0,0,0,0
"13063","5","81141","77","0","2025","4","",5,24,24,24,376318,16090,14,1206,"",1.41,0.96,0.95,0.95,1.07,0.56,0.04,1.12,"",-1,-16.7,-1,-4.0,-1,-4.0,-2,-7.7,-95368,-20.2,-9667,-37.5,-449,-97.0,-226,-15.8
"13063","5","811412","78","0","2025","4","",5,24,24,24,376318,16090,14,1206,"",1.86,1.20,1.18,1.17,1.28,0.68,0.05,1.08,"",-1,-16.7,-1,-4.0,-1,-4.0,-2,-7.7,-95368,-20.2,-9667,-37.5,-449,-97.0,-226,-15.8
"13063","5","81142","77","0","2025","4","N",1,0,0,0,0,0,0,0,"N",0.73,0,0,0,0,0,0,0,"N",0,0.0,0,0,0,0,0,0,0,0,0,0,0,0,0,0
"13063","5","811420","78","0","2025","4","N",1,0,0,0,0,0,0,0,"N",0.73,0,0,0,0,0,0,0,"N",0,0.0,0,0,0,0,0,0,0,0,0,0,0,0,0,0
"13063","5","81143","77","0","2025","4","N",1,0,0,0,0,0,0,0,"N",3.68,0,0,0,0,0,0,0,"N",0,0.0,0,0,0,0,0,0,0,0,0,0,0,0,0,0
"13063","5","811430","78","0","2025","4","N",1,0,0,0,0,0,0,0,"N",3.68,0,0,0,0,0,0,0,"N",0,0.0,0,0,0,0,0,0,0,0,0,0,0,0,0,0
"13063","5","81149","77","0","2025","4","-",0,0,0,0,0,0,0,0,"N",0.00,0,0,0,0,0,0,0,"N",-1,-100.0,0,0,0,0,0,0,0,0,0,0,0,0,0,0
"13063","5","811490","78","0","2025","4","-",0,0,0,0,0,0,0,0,"N",0.00,0,0,0,0,0,0,0,"N",-1,-100.0,0,0,0,0,0,0,0,0,0,0,0,0,0,0
"13063","5","812","75","0","2025","4","",143,971,989,976,8429474,1024528,12695,663,"",1.26,0.74,0.75,0.73,0.66,0.67,0.83,0.90,"",1,0.7,14,1.5,26,2.7,-47,-4.6,47412,0.6,-19724,-1.9,4031,46.5,6,0.9
"13063","5","8121","76","0","2025","4","",76,136,136,137,1124996,128900,2051,635,"",1.15,0.22,0.22,0.22,0.21,0.17,0.27,0.98,"",0,0.0,-23,-14.5,-25,-15.5,-25,-15.4,-169330,-13.1,-27958,-17.8,-101,-4.7,15,2.4
"13063","5","81211","77","0","2025","4","",68,126,127,128,1053464,123900,1927,638,"",1.34,0.27,0.27,0.27,0.27,0.23,0.36,1.00,"",-1,-1.4,-22,-14.9,-17,-11.8,-17,-11.7,-61492,-5.5,-29717,-19.3,-201,-9.4,49,8.3
"13063","5","812111","78","0","2025","4","N",5,0,0,0,0,0,0,0,"N",1.38,0,0,0,0,0,0,0,"N",1,25.0,0,0,0,0,0,0,0,0,0,0,0,0,0,0
"13063","5","812112","78","0","2025","4","",37,85,85,87,761886,99100,1637,684,"",1.14,0.28,0.28,0.28,0.28,0.29,0.55,1.00,"",-3,-7.5,-21,-19.8,-16,-15.8,-16,-15.5,-71801,-8.6,-41650,-29.6,-215,-11.6,63,10.1
"13063","5","812113","78","0","2025","4","N",26,0,0,0,0,0,0,0,"N",1.80,0,0,0,0,0,0,0,"N",1,4.0,0,0,0,0,0,0,0,0,0,0,0,0,0,0
"13063","5","81219","77","0","2025","4","",8,10,9,9,71532,5000,124,590,"",0.53,0.06,0.05,0.05,0.05,0.02,0.05,0.87,"",1,14.3,-1,-9.1,-8,-47.1,-8,-47.1,-107838,-60.1,1759,54.3,100,416.7,-330,-35.9
"13063","5","812199","78","0","2025","4","",8,10,9,9,71532,5000,124,590,"",0.56,0.06,0.06,0.06,0.05,0.03,0.06,0.89,"N",2,33.3,0,0,0,0,0,0,0,0,0,0,0,0,0,0
"13063","5","8122","76","0","2025","4","",11,46,46,48,532304,31682,288,877,"",1.44,0.42,0.42,0.43,0.37,0.35,0.39,0.89,"",0,0.0,-2,-4.2,-2,-4.2,-2,-4.0,-14538,-2.7,-14316,-31.1,-409,-58.7,13,1.5
"13063","5","81221","77","0","2025","4","N",8,0,0,0,0,0,0,0,"N",1.39,0,0,0,0,0,0,0,"N",0,0.0,0,0,0,0,0,0,0,0,0,0,0,0,0,0
"13063","5","812210","78","0","2025","4","N",8,0,0,0,0,0,0,0,"N",1.39,0,0,0,0,0,0,0,"N",0,0.0,0,0,0,0,0,0,0,0,0,0,0,0,0,0
"13063","5","81222","77","0","2025","4","N",3,0,0,0,0,0,0,0,"N",1.61,0,0,0,0,0,0,0,"N",0,0.0,0,0,0,0,0,0,0,0,0,0,0,0,0,0
"13063","5","812220","78","0","2025","4","N",3,0,0,0,0,0,0,0,"N",1.61,0,0,0,0,0,0,0,"N",0,0.0,0,0,0,0,0,0,0,0,0,0,0,0,0,0
"13063","5","8123","76","0","2025","4","",24,92,93,91,581582,74516,445,486,"",2.12,0.43,0.43,0.42,0.24,0.31,0.20,0.56,"",-3,-11.1,0,0.0,1,1.1,-10,-9.9,23022,4.1,-21557,-22.4,-272,-37.9,34,7.5
"13063","5","81231","77","0","2025","4","N",9,0,0,0,0,0,0,0,"N",2.13,0,0,0,0,0,0,0,"N",-1,-10.0,0,0,0,0,0,0,0,0,0,0,0,0,0,0
"13063","5","812310","78","0","2025","4","N",9,0,0,0,0,0,0,0,"N",2.13,0,0,0,0,0,0,0,"N",-1,-10.0,0,0,0,0,0,0,0,0,0,0,0,0,0,0
"13063","5","81232","77","0","2025","4","",14,54,54,52,369611,39791,309,533,"",2.36,0.74,0.74,0.71,0.61,0.49,0.43,0.83,"",-2,-12.5,-2,-3.6,-4,-6.9,-8,-13.3,18077,5.1,-17536,-30.6,-326,-51.3,67,14.4
"13063","5","812320","78","0","2025","4","",14,54,54,52,369611,39791,309,533,"",2.36,0.74,0.74,0.71,0.61,0.49,0.43,0.83,"",-2,-12.5,-2,-3.6,-4,-6.9,-8,-13.3,18077,5.1,-17536,-30.6,-326,-51.3,67,14.4
"13063","5","81233","77","0","2025","4","N",1,0,0,0,0,0,0,0,"N",0.86,0,0,0,0,0,0,0,"N",0,0.0,0,0,0,0,0,0,0,0,0,0,0,0,0,0
"13063","5","812331","78","0","2025","4","N",1,0,0,0,0,0,0,0,"N",1.68,0,0,0,0,0,0,0,"N",0,0.0,0,0,0,0,0,0,0,0,0,0,0,0,0,0
"13063","5","8129","76","0","2025","4","",32,697,714,700,6190592,789430,9911,677,"",1.10,1.89,1.93,1.88,1.72,1.78,2.03,0.91,"",4,14.3,39,5.9,52,7.9,-10,-1.4,208258,3.5,44107,5.9,4813,94.4,-3,-0.4
"13063","5","81291","77","0","2025","4","",7,12,11,10,162377,29334,589,1136,"",0.59,0.07,0.07,0.06,0.12,0.14,0.28,1.88,"N",1,16.7,0,0,0,0,0,0,0,0,0,0,0,0,0,0
"13063","5","812910","78","0","2025","4","",7,12,11,10,162377,29334,589,1136,"",0.59,0.07,0.07,0.06,0.12,0.14,0.28,1.88,"N",1,16.7,0,0,0,0,0,0,0,0,0,0,0,0,0,0
"13063","5","81293","77","0","2025","4","",12,480,500,480,3618809,341475,3212,572,"",3.63,4.19,4.38,4.18,3.44,2.72,2.21,0.81,"N",0,0.0,0,0,0,0,0,0,0,0,0,0,0,0,0,0
"13063","5","812930","78","0","2025","4","",12,480,500,480,3618809,341475,3212,572,"",3.63,4.19,4.38,4.18,3.44,2.72,2.21,0.81,"N",0,0.0,0,0,0,0,0,0,0,0,0,0,0,0,0,0
"13063","5","81299","77","0","2025","4","",13,205,203,210,2409406,418621,6110,900,"",0.96,2.41,2.40,2.46,2.07,4.12,4.79,0.85,"",3,30.0,17,9.0,8,4.1,-38,-15.3,74931,3.2,69923,20.1,2957,93.8,46,5.4
"13063","5","812990","78","0","2025","4","",13,205,203,210,2409406,418621,6110,900,"",0.96,2.41,2.40,2.46,2.07,4.12,4.79,0.85,"",3,30.0,17,9.0,8,4.1,-38,-15.3,74931,3.2,69923,20.1,2957,93.8,46,5.4
"13063","5","813","75","0","2025","4","",44,163,159,146,2800308,129358,2185,1381,"",0.58,0.14,0.13,0.12,0.15,0.17,0.26,1.12,"",6,15.8,-4,-2.4,-1,-0.6,-10,-6.4,211850,8.2,-83049,-39.1,-3179,-59.3,144,11.6
"13063","5","8131","76","0","2025","4","",7,14,14,13,187150,4798,55,1053,"",0.64,0.08,0.08,0.07,0.11,0.05,0.05,1.40,"",-2,-22.2,-2,-12.5,-2,-12.5,-3,-18.8,-16150,-7.9,-68277,-93.4,-2282,-97.6,76,7.8
"13063","5","81311","77","0","2025","4","",7,14,14,13,187150,4798,55,1053,"",0.64,0.08,0.08,0.07,0.11,0.05,0.05,1.40,"",-2,-22.2,-2,-12.5,-2,-12.5,-3,-18.8,-16150,-7.9,-68277,-93.4,-2282,-97.6,76,7.8
"13063","5","813110","78","0","2025","4","",7,14,14,13,187150,4798,55,1053,"",0.64,0.08,0.08,0.07,0.11,0.05,0.05,1.40,"",-2,-22.2,-2,-12.5,-2,-12.5,-3,-18.8,-16150,-7.9,-68277,-93.4,-2282,-97.6,76,7.8
"13063","5","8132","76","0","2025","4","N",3,0,0,0,0,0,0,0,"N",0.30,0,0,0,0,0,0,0,"N",1,50.0,0,0,0,0,0,0,0,0,0,0,0,0,0,0
"13063","5","81321","77","0","2025","4","N",3,0,0,0,0,0,0,0,"N",0.30,0,0,0,0,0,0,0,"N",1,50.0,0,0,0,0,0,0,0,0,0,0,0,0,0,0
"13063","5","813211","78","0","2025","4","N",1,0,0,0,0,0,0,0,"N",0.20,0,0,0,0,0,0,0,"N",0,0.0,0,0,0,0,0,0,0,0,0,0,0,0,0,0
"13063","5","813212","78","0","2025","4","N",1,0,0,0,0,0,0,0,"N",0.44,0,0,0,0,0,0,0,"N",1,100.0,0,0,0,0,0,0,0,0,0,0,0,0,0,0
"13063","5","813219","78","0","2025","4","N",1,0,0,0,0,0,0,0,"N",0.38,0,0,0,0,0,0,0,"N",0,0.0,0,0,0,0,0,0,0,0,0,0,0,0,0,0
"13063","5","8133","76","0","2025","4","",12,22,17,17,259265,21807,551,1068,"",0.75,0.10,0.08,0.08,0.07,0.12,0.27,0.78,"",2,20.0,-3,-12.0,-12,-41.4,-9,-34.6,-80243,-23.6,-6109,-21.9,-185,-25.1,89,9.1
"13063","5","81331","77","0","2025","4","",12,22,17,17,259265,21807,551,1068,"",0.75,0.10,0.08,0.08,0.07,0.12,0.27,0.78,"",2,20.0,-3,-12.0,-12,-41.4,-9,-34.6,-80243,-23.6,-6109,-21.9,-185,-25.1,89,9.1
"13063","5","813311","78","0","2025","4","N",5,0,0,0,0,0,0,0,"N",1.70,0,0,0,0,0,0,0,"N",1,25.0,0,0,0,0,0,0,0,0,0,0,0,0,0,0
"13063","5","813312","78","0","2025","4","N",1,0,0,0,0,0,0,0,"N",0.24,0,0,0,0,0,0,0,"N",0,0.0,0,0,0,0,0,0,0,0,0,0,0,0,0,0
"13063","5","813319","78","0","2025","4","",6,13,10,9,174434,20407,550,1258,"",0.68,0.12,0.10,0.09,0.09,0.22,0.49,0.91,"",1,20.0,0,0.0,-6,-37.5,-4,-30.8,21568,14.1,-4109,-16.8,-101,-15.5,418,49.8
"13063","5","8134","76","0","2025","4","N",4,0,0,0,0,0,0,0,"N",0.33,0,0,0,0,0,0,0,"N",2,100.0,0,0,0,0,0,0,0,0,0,0,0,0,0,0
"13063","5","81341","77","0","2025","4","N",4,0,0,0,0,0,0,0,"N",0.33,0,0,0,0,0,0,0,"N",2,100.0,0,0,0,0,0,0,0,0,0,0,0,0,0,0
"13063","5","813410","78","0","2025","4","N",4,0,0,0,0,0,0,0,"N",0.33,0,0,0,0,0,0,0,"N",2,100.0,0,0,0,0,0,0,0,0,0,0,0,0,0,0
"13063","5","8139","76","0","2025","4","",18,109,110,98,2109364,80141,1202,1536,"",0.65,0.31,0.31,0.27,0.27,0.29,0.43,0.92,"",3,20.0,10,10.1,22,25.0,10,11.4,324241,18.2,15945,24.8,76,6.7,38,2.5
"13063","5","81391","77","0","2025","4","",7,36,37,37,920264,4862,120,1931,"",0.77,0.37,0.38,0.38,0.34,0.07,0.19,0.90,"",0,0.0,1,2.9,2,5.7,2,5.7,172020,23.0,919,23.3,99,471.4,287,17.5
"13063","5","813910","78","0","2025","4","",7,36,37,37,920264,4862,120,1931,"",0.77,0.37,0.38,0.38,0.34,0.07,0.19,0.90,"",0,0.0,1,2.9,2,5.7,2,5.7,172020,23.0,919,23.3,99,471.4,287,17.5
"13063","5","81392","77","0","2025","4","N",1,0,0,0,0,0,0,0,"N",0.19,0,0,0,0,0,0,0,"N",0,0.0,0,0,0,0,0,0,0,0,0,0,0,0,0,0
"13063","5","813920","78","0","2025","4","N",1,0,0,0,0,0,0,0,"N",0.19,0,0,0,0,0,0,0,"N",0,0.0,0,0,0,0,0,0,0,0,0,0,0,0,0,0
"13063","5","81393","77","0","2025","4","",8,63,66,56,1103842,58860,594,1377,"",1.51,0.70,0.74,0.61,0.79,0.82,0.80,1.15,"",2,33.3,1,1.6,15,29.4,5,9.8,127105,13.0,460,0.8,-489,-45.2,3,0.2
"13063","5","813930","78","0","2025","4","",8,63,66,56,1103842,58860,594,1377,"",1.51,0.70,0.74,0.61,0.79,0.82,0.80,1.15,"",2,33.3,1,1.6,15,29.4,5,9.8,127105,13.0,460,0.8,-489,-45.2,3,0.2
"13063","5","81394","77","0","2025","4","N",1,0,0,0,0,0,0,0,"N",0.67,0,0,0,0,0,0,0,"N",0,0.0,0,0,0,0,0,0,0,0,0,0,0,0,0,0
"13063","5","813940","78","0","2025","4","N",1,0,0,0,0,0,0,0,"N",0.67,0,0,0,0,0,0,0,"N",0,0.0,0,0,0,0,0,0,0,0,0,0,0,0,0,0
"13063","5","81399","77","0","2025","4","N",1,0,0,0,0,0,0,0,"N",0.16,0,0,0,0,0,0,0,"N",1,100.0,0,0,0,0,0,0,0,0,0,0,0,0,0,0
"13063","5","813990","78","0","2025","4","N",1,0,0,0,0,0,0,0,"N",0.16,0,0,0,0,0,0,0,"N",1,100.0,0,0,0,0,0,0,0,0,0,0,0,0,0,0
"13063","5","814","75","0","2025","4","",15,25,24,23,237639,35840,675,762,"",0.19,0.14,0.14,0.13,0.12,0.17,0.26,0.88,"",7,87.5,9,56.2,9,60.0,8,53.3,34550,17.0,11884,49.6,363,116.3,-257,-25.2
"13063","5","8141","76","0","2025","4","",15,25,24,23,237639,35840,675,762,"",0.19,0.14,0.14,0.13,0.12,0.17,0.26,0.88,"",7,87.5,9,56.2,9,60.0,8,53.3,34550,17.0,11884,49.6,363,116.3,-257,-25.2
"13063","5","81411","77","0","2025","4","",15,25,24,23,237639,35840,675,762,"",0.19,0.14,0.14,0.13,0.12,0.17,0.26,0.88,"",7,87.5,9,56.2,9,60.0,8,53.3,34550,17.0,11884,49.6,363,116.3,-257,-25.2
"13063","5","814110","78","0","2025","4","",15,25,24,23,237639,35840,675,762,"",0.19,0.14,0.14,0.13,0.12,0.17,0.26,0.88,"",7,87.5,9,56.2,9,60.0,8,53.3,34550,17.0,11884,49.6,363,116.3,-257,-25.2
"13063","5","99","74","0","2025","4","",348,151,152,161,2023135,346578,9432,1006,"",3.08,0.82,0.80,0.80,0.46,0.75,1.07,0.57,"",-12,-3.3,33,28.0,28,22.6,27,20.1,296515,17.2,185361,115.0,4945,110.2,-54,-5.1
"13063","5","999","75","0","2025","4","",348,151,152,161,2023135,346578,9432,1006,"",3.08,0.82,0.80,0.80,0.46,0.75,1.07,0.57,"",-12,-3.3,33,28.0,28,22.6,27,20.1,296515,17.2,185361,115.0,4945,110.2,-54,-5.1
"13063","5","9999","76","0","2025","4","",348,151,152,161,2023135,346578,9432,1006,"",3.08,0.82,0.80,0.80,0.46,0.75,1.07,0.57,"",-12,-3.3,33,28.0,28,22.6,27,20.1,296515,17.2,185361,115.0,4945,110.2,-54,-5.1
"13063","5","99999","77","0","2025","4","",348,151,152,161,2023135,346578,9432,1006,"",3.08,0.82,0.80,0.80,0.46,0.75,1.07,0.57,"",-12,-3.3,33,28.0,28,22.6,27,20.1,296515,17.2,185361,115.0,4945,110.2,-54,-5.1
"13063","5","999999","78","0","2025","4","",348,151,152,161,2023135,346578,9432,1006,"",3.08,0.82,0.80,0.80,0.46,0.75,1.07,0.57,"",-12,-3.3,33,28.0,28,22.6,27,20.1,296515,17.2,185361,115.0,4945,110.2,-54,-5.1
