"area_fips","own_code","industry_code","agglvl_code","size_code","year","qtr","disclosure_code","qtrly_estabs","month1_emplvl","month2_emplvl","month3_emplvl","total_qtrly_wages","taxable_qtrly_wages","qtrly_contributions","avg_wkly_wage","lq_disclosure_code","lq_qtrly_estabs","lq_month1_emplvl","lq_month2_emplvl","lq_month3_emplvl","lq_total_qtrly_wages","lq_taxable_qtrly_wages","lq_qtrly_contributions","lq_avg_wkly_wage","oty_disclosure_code","oty_qtrly_estabs_chg","oty_qtrly_estabs_pct_chg","oty_month1_emplvl_chg","oty_month1_emplvl_pct_chg","oty_month2_emplvl_chg","oty_month2_emplvl_pct_chg","oty_month3_emplvl_chg","oty_month3_emplvl_pct_chg","oty_total_qtrly_wages_chg","oty_total_qtrly_wages_pct_chg","oty_taxable_qtrly_wages_chg","oty_taxable_qtrly_wages_pct_chg","oty_qtrly_contributions_chg","oty_qtrly_contributions_pct_chg","oty_avg_wkly_wage_chg","oty_avg_wkly_wage_pct_chg"
"13057","0","10","70","0","2023","4","",7815,73259,73733,73731,1026748054,79269394,902460,1073,"",1.00,1.00,1.00,1.00,1.00,1.00,1.00,1.00,"",-37,-0.5,3404,4.9,3046,4.3,3363,4.8,104366142,11.3,409323,0.5,-43570,-4.6,64,6.3
"13057","1","10","71","0","2023","4","",12,379,370,376,6919557,0,0,1419,"",0.30,0.27,0.26,0.27,0.26,0.00,0.00,0.99,"",0,0.0,-2,-0.5,-20,-5.1,-14,-3.6,-197320,-2.8,0,0.0,0,0.0,4,0.3
"13057","1","102","72","0","2023","4","",12,379,370,376,6919557,0,0,1419,"",0.30,0.27,0.27,0.27,0.27,0.00,0.00,0.99,"",0,0.0,-2,-0.5,-20,-5.1,-14,-3.6,-197320,-2.8,0,0.0,0,0.0,4,0.3
"13057","1","1021","73","0","2023","4","",8,283,272,278,4416001,0,0,1223,"",0.40,0.89,0.85,0.86,1.07,0.00,0.00,1.24,"",1,14.3,-6,-2.1,-11,-3.9,-6,-2.1,-319058,-6.7,0,0.0,0,0.0,-54,-4.2
"13057","1","1025","73","0","2023","4","",1,15,17,17,266689,0,0,1256,"",1.07,0.07,0.08,0.08,0.07,0.00,0.00,0.88,"",0,0.0,-2,-11.8,0,0.0,0,0.0,-2691,-1.0,0,0.0,0,0.0,37,3.0
"13057","1","1028","73","0","2023","4","",3,81,81,81,2236867,0,0,2124,"",0.18,0.10,0.10,0.10,0.14,0.00,0.00,1.32,"",-1,-25.0,6,8.0,-9,-10.0,-8,-9.0,124429,5.9,0,0.0,0,0.0,205,10.7
"13057","1","48-49","74","0","2023","4","",8,283,272,278,4416001,0,0,1223,"",0.41,0.97,0.92,0.93,1.17,0.00,0.00,1.25,"",1,14.3,-6,-2.1,-11,-3.9,-6,-2.1,-319058,-6.7,0,0.0,0,0.0,-54,-4.2
"13057","1","491","75","0","2023","4","",8,283,272,278,4416001,0,0,1223,"",0.41,0.99,0.94,0.95,1.24,0.00,0.00,1.29,"",1,14.3,-6,-2.1,-11,-3.9,-6,-2.1,-319058,-6.7,0,0.0,0,0.0,-54,-4.2
"13057","1","4911","76","0","2023","4","",8,283,272,278,4416001,0,0,1223,"",0.41,0.99,0.94,0.95,1.24,0.00,0.00,1.29,"",1,14.3,-6,-2.1,-11,-3.9,-6,-2.1,-319058,-6.7,0,0.0,0,0.0,-54,-4.2
"13057","1","49111","77","0","2023","4","",8,283,272,278,4416001,0,0,1223,"",0.41,0.99,0.94,0.95,1.24,0.00,0.00,1.29,"",1,14.3,-6,-2.1,-11,-3.9,-6,-2.1,-319058,-6.7,0,0.0,0,0.0,-54,-4.2
"13057","1","491110","78","0","2023","4","",8,283,272,278,4416001,0,0,1223,"",0.41,0.99,0.94,0.95,1.24,0.00,0.00,1.29,"",1,14.3,-6,-2.1,-11,-3.9,-6,-2.1,-319058,-6.7,0,0.0,0,0.0,-54,-4.2
"13057","1","62","74","0","2023","4","",1,15,17,17,266689,0,0,1256,"",1.23,0.07,0.08,0.08,0.07,0.00,0.00,0.88,"",0,0.0,-2,-11.8,0,0.0,0,0.0,-2691,-1.0,0,0.0,0,0.0,37,3.0
"13057","1","622","75","0","2023","4","",1,15,17,17,266689,0,0,1256,"",3.58,0.08,0.09,0.09,0.08,0.00,0.00,0.86,"",0,0.0,-2,-11.8,0,0.0,0,0.0,-2691,-1.0,0,0.0,0,0.0,37,3.0
"13057","1","6221","76","0","2023","4","",1,15,17,17,266689,0,0,1256,"",3.64,0.08,0.10,0.09,0.08,0.00,0.00,0.86,"",0,0.0,-2,-11.8,0,0.0,0,0.0,-2691,-1.0,0,0.0,0,0.0,37,3.0
"13057","1","62211","77","0","2023","4","",1,15,17,17,266689,0,0,1256,"",3.64,0.08,0.10,0.09,0.08,0.00,0.00,0.86,"",0,0.0,-2,-11.8,0,0.0,0,0.0,-2691,-1.0,0,0.0,0,0.0,37,3.0
"13057","1","622110","78","0","2023","4","",1,15,17,17,266689,0,0,1256,"",3.64,0.08,0.10,0.09,0.08,0.00,0.00,0.86,"",0,0.0,-2,-11.8,0,0.0,0,0.0,-2691,-1.0,0,0.0,0,0.0,37,3.0
"13057","1","92","74","0","2023","4","",3,81,81,81,2236867,0,0,2124,"",0.18,0.10,0.10,0.10,0.14,0.00,0.00,1.32,"",-1,-25.0,6,8.0,-9,-10.0,-8,-9.0,124429,5.9,0,0.0,0,0.0,205,10.7
"13057","1","921","75","0","2023","4","",1,11,11,11,338059,0,0,2364,"",0.88,0.15,0.14,0.15,0.22,0.00,0.00,1.49,"",0,0.0,-4,-26.7,-4,-26.7,-4,-26.7,-72664,-17.7,0,0.0,0,0.0,258,12.3
"13057","1","9211","76","0","2023","4","",1,11,11,11,338059,0,0,2364,"",0.88,0.15,0.14,0.15,0.22,0.00,0.00,1.49,"",0,0.0,-4,-26.7,-4,-26.7,-4,-26.7,-72664,-17.7,0,0.0,0,0.0,258,12.3
"13057","1","92119","77","0","2023","4","",1,11,11,11,338059,0,0,2364,"",1.33,0.66,0.66,0.66,0.91,0.00,0.00,1.39,"",0,0.0,-4,-26.7,-4,-26.7,-4,-26.7,-72664,-17.7,0,0.0,0,0.0,258,12.3
"13057","1","921190","78","0","2023","4","",1,11,11,11,338059,0,0,2364,"",1.33,0.66,0.66,0.66,0.91,0.00,0.00,1.39,"",0,0.0,-4,-26.7,-4,-26.7,-4,-26.7,-72664,-17.7,0,0.0,0,0.0,258,12.3
"13057","1","923","75","0","2023","4","",1,40,40,40,1168090,0,0,2246,"",0.58,0.36,0.36,0.35,0.51,0.00,0.00,1.45,"",0,0.0,10,33.3,-2,-4.8,-2,-4.8,170774,17.1,0,0.0,0,0.0,227,11.2
"13057","1","9231","76","0","2023","4","",1,40,40,40,1168090,0,0,2246,"",0.58,0.36,0.36,0.35,0.51,0.00,0.00,1.45,"",0,0.0,10,33.3,-2,-4.8,-2,-4.8,170774,17.1,0,0.0,0,0.0,227,11.2
"13057","1","92312","77","0","2023","4","",1,40,40,40,1168090,0,0,2246,"",1.99,1.32,1.31,1.31,1.67,0.00,0.00,1.27,"",0,0.0,10,33.3,-2,-4.8,-2,-4.8,170774,17.1,0,0.0,0,0.0,227,11.2
"13057","1","923120","78","0","2023","4","",1,40,40,40,1168090,0,0,2246,"",1.99,1.32,1.31,1.31,1.67,0.00,0.00,1.27,"",0,0.0,10,33.3,-2,-4.8,-2,-4.8,170774,17.1,0,0.0,0,0.0,227,11.2
"13057","1","926","75","0","2023","4","",1,30,30,30,730718,0,0,1874,"",0.16,0.25,0.25,0.25,0.26,0.00,0.00,1.06,"",-1,-50.0,0,0.0,-3,-9.1,-2,-6.2,26319,3.7,0,0.0,0,0.0,163,9.5
"13057","1","9261","76","0","2023","4","",1,30,30,30,730718,0,0,1874,"",0.16,0.25,0.25,0.25,0.26,0.00,0.00,1.06,"",-1,-50.0,0,0.0,-3,-9.1,-2,-6.2,26319,3.7,0,0.0,0,0.0,163,9.5
"13057","1","92614","77","0","2023","4","",1,30,30,30,730718,0,0,1874,"",0.49,1.32,1.31,1.24,1.70,0.00,0.00,1.32,"",0,0.0,0,0.0,-3,-9.1,-2,-6.2,26319,3.7,0,0.0,0,0.0,163,9.5
"13057","1","926140","78","0","2023","4","",1,30,30,30,730718,0,0,1874,"",0.49,1.32,1.31,1.24,1.70,0.00,0.00,1.32,"",0,0.0,0,0.0,-3,-9.1,-2,-6.2,26319,3.7,0,0.0,0,0.0,163,9.5
"13057","2","10","71","0","2023","4","",26,381,384,379,4733441,70574,42,955,"",0.55,0.17,0.17,0.17,0.15,0.08,0.03,0.86,"",0,0.0,16,4.4,15,4.1,11,3.0,655906,16.1,-9637,-12.0,-2500,-98.3,101,11.8
"13057","2","102","72","0","2023","4","",26,381,384,379,4733441,70574,42,955,"",0.57,0.17,0.17,0.17,0.15,0.08,0.03,0.86,"",0,0.0,16,4.4,15,4.1,11,3.0,655906,16.1,-9637,-12.0,-2500,-98.3,101,11.8
"13057","2","1021","73","0","2023","4","",1,2,2,1,19919,0,0,919,"",1.59,0.08,0.08,0.04,0.05,0.00,0.00,0.81,"",0,0.0,-1,-33.3,-1,-33.3,-2,-66.7,-7069,-26.2,0,0.0,0,0.0,227,32.8
"13057","2","1022","73","0","2023","4","",6,73,75,70,527907,70574,42,559,"",30.13,24.83,25.46,23.53,15.39,359.16,120.21,0.63,"",0,0.0,-5,-6.4,-3,-3.8,-7,-9.1,19902,3.9,-9637,-12.0,-2500,-98.3,56,11.1
"13057","2","1025","73","0","2023","4","",4,224,226,227,3062189,0,0,1044,"",0.41,0.17,0.17,0.17,0.17,0.00,0.00,0.95,"",0,0.0,16,7.7,14,6.6,15,7.1,432509,16.4,0,0.0,0,0.0,84,8.8
"13057","2","1027","73","0","2023","4","",1,3,2,2,21924,0,0,723,"",8.49,1.34,0.87,0.89,1.07,0.00,0.00,1.03,"",0,0.0,1,50.0,0,0.0,0,0.0,1915,9.6,0,0.0,0,0.0,-47,-6.1
"13057","2","1028","73","0","2023","4","",14,79,79,79,1101502,0,0,1073,"",0.42,0.09,0.09,0.09,0.09,0.00,0.00,0.94,"",0,0.0,5,6.8,5,6.8,5,6.8,208649,23.4,0,0.0,0,0.0,145,15.6
"13057","2","48-49","74","0","2023","4","",1,2,2,1,19919,0,0,919,"",3.28,0.10,0.10,0.05,0.06,0.00,0.00,0.76,"",0,0.0,-1,-33.3,-1,-33.3,-2,-66.7,-7069,-26.2,0,0.0,0,0.0,227,32.8
"13057","2","488","75","0","2023","4","",1,2,2,1,19919,0,0,919,"",4.07,0.27,0.27,0.13,0.20,0.00,0.00,0.88,"",0,0.0,-1,-33.3,-1,-33.3,-2,-66.7,-7069,-26.2,0,0.0,0,0.0,227,32.8
"13057","2","4881","76","0","2023","4","",1,2,2,1,19919,0,0,919,"",8.83,0.97,0.97,0.48,0.85,0.00,0.00,1.06,"",0,0.0,-1,-33.3,-1,-33.3,-2,-66.7,-7069,-26.2,0,0.0,0,0.0,227,32.8
"13057","2","48811","77","0","2023","4","",1,2,2,1,19919,0,0,919,"N",8.88,0,0,0,0,0,0,0,"",0,0.0,-1,-33.3,-1,-33.3,-2,-66.7,-7069,-26.2,0,0.0,0,0.0,227,32.8
"13057","2","488111","78","0","2023","4","",1,2,2,1,19919,0,0,919,"",9.49,1.07,1.06,0.53,0.99,0.00,0.00,1.11,"",0,0.0,-1,-33.3,-1,-33.3,-2,-66.7,-7069,-26.2,0,0.0,0,0.0,227,32.8
"13057","2","51","74","0","2023","4","",6,73,75,70,527907,70574,42,559,"",30.13,24.83,25.46,23.53,15.39,359.16,120.21,0.63,"",0,0.0,-5,-6.4,-3,-3.8,-7,-9.1,19902,3.9,-9637,-12.0,-2500,-98.3,56,11.1
"13057","2","519","75","0","2023","4","",6,73,75,70,527907,70574,42,559,"",41.16,35.26,36.17,33.46,25.68,368.18,126.58,0.74,"",0,0.0,-5,-6.4,-3,-3.8,-7,-9.1,19902,3.9,-9637,-12.0,-2500,-98.3,56,11.1
"13057","2","5192","76","0","2023","4","",6,73,75,70,527907,70574,42,559,"",41.16,35.26,36.17,33.46,25.68,368.18,126.58,0.74,"",0,0.0,-5,-6.4,-3,-3.8,-7,-9.1,19902,3.9,-9637,-12.0,-2500,-98.3,56,11.1
"13057","2","51921","77","0","2023","4","",6,73,75,70,527907,70574,42,559,"",41.16,35.26,36.17,33.46,25.68,368.18,126.58,0.74,"",0,0.0,-5,-6.4,-3,-3.8,-7,-9.1,19902,3.9,-9637,-12.0,-2500,-98.3,56,11.1
"13057","2","519210","78","0","2023","4","",6,73,75,70,527907,70574,42,559,"",41.16,35.26,36.17,33.46,25.68,368.18,126.58,0.74,"",0,0.0,-5,-6.4,-3,-3.8,-7,-9.1,19902,3.9,-9637,-12.0,-2500,-98.3,56,11.1
"13057","2","61","74","0","2023","4","",1,22,22,22,274921,0,0,961,"",0.18,0.02,0.02,0.02,0.02,0.00,0.00,0.89,"",0,0.0,1,4.8,1,4.8,1,4.8,16251,6.3,0,0.0,0,0.0,13,1.4
"13057","2","611","75","0","2023","4","",1,22,22,22,274921,0,0,961,"",0.18,0.02,0.02,0.02,0.02,0.00,0.00,0.89,"",0,0.0,1,4.8,1,4.8,1,4.8,16251,6.3,0,0.0,0,0.0,13,1.4
"13057","2","6115","76","0","2023","4","",1,22,22,22,274921,0,0,961,"",5.80,4.03,3.98,4.02,6.18,0.00,0.00,1.54,"",0,0.0,1,4.8,1,4.8,1,4.8,16251,6.3,0,0.0,0,0.0,13,1.4
"13057","2","61151","77","0","2023","4","",1,22,22,22,274921,0,0,961,"",5.80,4.03,3.98,4.02,6.18,0.00,0.00,1.54,"",0,0.0,1,4.8,1,4.8,1,4.8,16251,6.3,0,0.0,0,0.0,13,1.4
"13057","2","611519","78","0","2023","4","",1,22,22,22,274921,0,0,961,"",5.93,4.19,4.13,4.17,6.46,0.00,0.00,1.55,"",0,0.0,1,4.8,1,4.8,1,4.8,16251,6.3,0,0.0,0,0.0,13,1.4
"13057","2","62","74","0","2023","4","",3,202,204,205,2787268,0,0,1053,"",0.68,0.64,0.65,0.65,0.58,0.00,0.00,0.89,"",0,0.0,15,8.0,13,6.8,14,7.3,416258,17.6,0,0.0,0,0.0,91,9.5
"13057","2","621","75","0","2023","4","",2,193,195,196,2691282,0,0,1063,"",2.66,10.24,10.26,10.28,9.84,0.00,0.00,0.96,"",0,0.0,13,7.2,11,6.0,12,6.5,395646,17.2,0,0.0,0,0.0,96,9.9
"13057","2","6214","76","0","2023","4","",2,193,195,196,2691282,0,0,1063,"",3.41,18.25,18.23,18.30,19.41,0.00,0.00,1.06,"",0,0.0,13,7.2,11,6.0,12,6.5,395646,17.2,0,0.0,0,0.0,96,9.9
"13057","2","62142","77","0","2023","4","",1,28,27,29,415293,0,0,1141,"",2.80,4.74,4.52,4.85,5.57,0.00,0.00,1.18,"",0,0.0,16,133.3,13,92.9,15,107.1,148452,55.6,0,0.0,0,0.0,-398,-25.9
"13057","2","621420","78","0","2023","4","",1,28,27,29,415293,0,0,1141,"",2.80,4.74,4.52,4.85,5.57,0.00,0.00,1.18,"",0,0.0,16,133.3,13,92.9,15,107.1,148452,55.6,0,0.0,0,0.0,-398,-25.9
"13057","2","62149","77","0","2023","4","",1,165,168,167,2275989,0,0,1050,"",4.43,35.67,35.87,35.58,35.77,0.00,0.00,1.00,"",0,0.0,-3,-1.8,-2,-1.2,-3,-1.8,247194,12.2,0,0.0,0,0.0,128,13.9
"13057","2","621498","78","0","2023","4","",1,165,168,167,2275989,0,0,1050,"N",4.83,0,0,0,0,0,0,0,"",0,0.0,-3,-1.8,-2,-1.2,-3,-1.8,247194,12.2,0,0.0,0,0.0,128,13.9
"13057","2","623","75","0","2023","4","",1,9,9,9,95986,0,0,820,"",0.82,0.18,0.18,0.18,0.14,0.00,0.00,0.78,"",0,0.0,2,28.6,2,28.6,2,28.6,20612,27.3,0,0.0,0,0.0,-8,-1.0
"13057","2","6239","76","0","2023","4","",1,9,9,9,95986,0,0,820,"",4.93,1.97,1.94,1.94,1.42,0.00,0.00,0.73,"",0,0.0,2,28.6,2,28.6,2,28.6,20612,27.3,0,0.0,0,0.0,-8,-1.0
"13057","2","62399","77","0","2023","4","",1,9,9,9,95986,0,0,820,"",4.93,1.97,1.94,1.94,1.42,0.00,0.00,0.73,"",0,0.0,2,28.6,2,28.6,2,28.6,20612,27.3,0,0.0,0,0.0,-8,-1.0
"13057","2","623990","78","0","2023","4","",1,9,9,9,95986,0,0,820,"",4.93,1.97,1.94,1.94,1.42,0.00,0.00,0.73,"",0,0.0,2,28.6,2,28.6,2,28.6,20612,27.3,0,0.0,0,0.0,-8,-1.0
"13057","2","81","74","0","2023","4","",1,3,2,2,21924,0,0,723,"",8.49,1.34,0.87,0.89,1.07,0.00,0.00,1.03,"",0,0.0,1,50.0,0,0.0,0,0.0,1915,9.6,0,0.0,0,0.0,-47,-6.1
"13057","2","813","75","0","2023","4","",1,3,2,2,21924,0,0,723,"",10.67,1.57,1.02,1.03,1.33,0.00,0.00,1.11,"",0,0.0,1,50.0,0,0.0,0,0.0,1915,9.6,0,0.0,0,0.0,-47,-6.1
"13057","2","8133","76","0","2023","4","",1,3,2,2,21924,0,0,723,"N",15.84,0,0,0,0,0,0,0,"",0,0.0,1,50.0,0,0.0,0,0.0,1915,9.6,0,0.0,0,0.0,-47,-6.1
"13057","2","81331","77","0","2023","4","",1,3,2,2,21924,0,0,723,"N",15.84,0,0,0,0,0,0,0,"",0,0.0,1,50.0,0,0.0,0,0.0,1915,9.6,0,0.0,0,0.0,-47,-6.1
"13057","2","813319","78","0","2023","4","",1,3,2,2,21924,0,0,723,"",17.27,5.38,3.57,3.55,4.09,0.00,0.00,0.98,"",0,0.0,1,50.0,0,0.0,0,0.0,1915,9.6,0,0.0,0,0.0,-47,-6.1
"13057","2","92","74","0","2023","4","",14,79,79,79,1101502,0,0,1073,"",0.42,0.09,0.09,0.09,0.09,0.00,0.00,0.94,"",0,0.0,5,6.8,5,6.8,5,6.8,208649,23.4,0,0.0,0,0.0,145,15.6
"13057","2","922","75","0","2023","4","",4,37,37,38,633882,0,0,1306,"",0.42,0.12,0.11,0.12,0.13,0.00,0.00,1.11,"",0,0.0,7,23.3,7,23.3,7,22.6,177202,38.8,0,0.0,0,0.0,148,12.8
"13057","2","9221","76","0","2023","4","",4,37,37,38,633882,0,0,1306,"",0.42,0.12,0.11,0.12,0.13,0.00,0.00,1.11,"",0,0.0,7,23.3,7,23.3,7,22.6,177202,38.8,0,0.0,0,0.0,148,12.8
"13057","2","92211","77","0","2023","4","",1,8,7,7,183514,0,0,1925,"",0.38,0.16,0.14,0.14,0.25,0.00,0.00,1.69,"",0,0.0,2,33.3,1,16.7,1,16.7,53277,40.9,0,0.0,0,0.0,255,15.3
"13057","2","922110","78","0","2023","4","",1,8,7,7,183514,0,0,1925,"",0.38,0.16,0.14,0.14,0.25,0.00,0.00,1.69,"",0,0.0,2,33.3,1,16.7,1,16.7,53277,40.9,0,0.0,0,0.0,255,15.3
"13057","2","92213","77","0","2023","4","",1,13,12,13,254195,0,0,1544,"",0.75,0.45,0.41,0.45,0.55,0.00,0.00,1.27,"",0,0.0,3,30.0,2,20.0,4,44.4,71982,39.5,0,0.0,0,0.0,94,6.5
"13057","2","922130","78","0","2023","4","",1,13,12,13,254195,0,0,1544,"",0.75,0.45,0.41,0.45,0.55,0.00,0.00,1.27,"",0,0.0,3,30.0,2,20.0,4,44.4,71982,39.5,0,0.0,0,0.0,94,6.5
"13057","2","92214","77","0","2023","4","",1,0,0,0,0,0,0,0,"",0.37,0.00,0.00,0.00,0.00,0.00,0.00,0.00,"",0,0.0,0,0.0,0,0.0,0,0.0,0,0.0,0,0.0,0,0.0,0,0.0
"13057","2","922140","78","0","2023","4","",1,0,0,0,0,0,0,0,"",0.37,0.00,0.00,0.00,0.00,0.00,0.00,0.00,"",0,0.0,0,0.0,0,0.0,0,0.0,0,0.0,0,0.0,0,0.0,0,0.0
"13057","2","92215","77","0","2023","4","",1,16,18,18,196173,0,0,871,"",1.62,1.67,1.87,1.87,1.55,0.00,0.00,0.86,"",0,0.0,2,14.3,4,28.6,2,12.5,51943,36.0,0,0.0,0,0.0,115,15.2
"13057","2","922150","78","0","2023","4","",1,16,18,18,196173,0,0,871,"",1.62,1.67,1.87,1.87,1.55,0.00,0.00,0.86,"",0,0.0,2,14.3,4,28.6,2,12.5,51943,36.0,0,0.0,0,0.0,115,15.2
"13057","2","923","75","0","2023","4","",5,21,20,19,236339,0,0,909,"",0.69,0.11,0.10,0.09,0.09,0.00,0.00,0.85,"",0,0.0,-4,-16.0,-5,-20.0,-5,-20.8,-22011,-8.5,0,0.0,0,0.0,103,12.8
"13057","2","9231","76","0","2023","4","",5,21,20,19,236339,0,0,909,"",0.69,0.11,0.10,0.09,0.09,0.00,0.00,0.85,"",0,0.0,-4,-16.0,-5,-20.0,-5,-20.8,-22011,-8.5,0,0.0,0,0.0,103,12.8
"13057","2","92312","77","0","2023","4","",3,16,15,14,167000,0,0,856,"",1.28,0.24,0.22,0.21,0.17,0.00,0.00,0.78,"",0,0.0,-4,-20.0,-5,-25.0,-5,-26.3,-26043,-13.5,0,0.0,0,0.0,101,13.4
"13057","2","923120","78","0","2023","4","",3,16,15,14,167000,0,0,856,"",1.28,0.24,0.22,0.21,0.17,0.00,0.00,0.78,"",0,0.0,-4,-20.0,-5,-25.0,-5,-26.3,-26043,-13.5,0,0.0,0,0.0,101,13.4
"13057","2","92314","77","0","2023","4","",2,5,5,5,69339,0,0,1067,"",5.25,1.42,1.40,1.40,1.62,0.00,0.00,1.16,"",0,0.0,0,0.0,0,0.0,0,0.0,4032,6.2,0,0.0,0,0.0,62,6.2
"13057","2","923140","78","0","2023","4","",2,5,5,5,69339,0,0,1067,"",5.25,1.42,1.40,1.40,1.62,0.00,0.00,1.16,"",0,0.0,0,0.0,0,0.0,0,0.0,4032,6.2,0,0.0,0,0.0,62,6.2
"13057","2","924","75","0","2023","4","",2,6,6,6,69234,0,0,888,"",0.44,0.08,0.08,0.09,0.07,0.00,0.00,0.84,"",0,0.0,3,100.0,3,100.0,2,50.0,31219,82.1,0,0.0,0,0.0,11,1.3
"13057","2","9241","76","0","2023","4","",2,6,6,6,69234,0,0,888,"",0.44,0.08,0.08,0.09,0.07,0.00,0.00,0.84,"",0,0.0,3,100.0,3,100.0,2,50.0,31219,82.1,0,0.0,0,0.0,11,1.3
"13057","2","92412","77","0","2023","4","",2,6,6,6,69234,0,0,888,"",0.54,0.12,0.12,0.12,0.11,0.00,0.00,0.93,"",0,0.0,3,100.0,3,100.0,2,50.0,31219,82.1,0,0.0,0,0.0,11,1.3
"13057","2","924120","78","0","2023","4","",2,6,6,6,69234,0,0,888,"",0.54,0.12,0.12,0.12,0.11,0.00,0.00,0.93,"",0,0.0,3,100.0,3,100.0,2,50.0,31219,82.1,0,0.0,0,0.0,11,1.3
"13057","2","926","75","0","2023","4","",3,15,16,16,162047,0,0,796,"",0.42,0.10,0.11,0.11,0.08,0.00,0.00,0.72,"",0,0.0,-1,-6.2,0,0.0,1,6.7,22239,15.9,0,0.0,0,0.0,110,16.0
"13057","2","9261","76","0","2023","4","",3,15,16,16,162047,0,0,796,"",0.42,0.10,0.11,0.11,0.08,0.00,0.00,0.72,"",0,0.0,-1,-6.2,0,0.0,1,6.7,22239,15.9,0,0.0,0,0.0,110,16.0
"13057","2","92612","77","0","2023","4","",1,9,10,10,82369,0,0,655,"",0.38,0.11,0.12,0.12,0.06,0.00,0.00,0.57,"",0,0.0,0,0.0,1,11.1,1,11.1,19617,31.3,0,0.0,0,0.0,119,22.2
"13057","2","926120","78","0","2023","4","",1,9,10,10,82369,0,0,655,"",0.38,0.11,0.12,0.12,0.06,0.00,0.00,0.57,"",0,0.0,0,0.0,1,11.1,1,11.1,19617,31.3,0,0.0,0,0.0,119,22.2
"13057","2","92614","77","0","2023","4","",1,2,2,2,19934,0,0,767,"",0.50,0.12,0.12,0.12,0.11,0.00,0.00,0.88,"",0,0.0,0,0.0,0,0.0,0,0.0,974,5.1,0,0.0,0,0.0,38,5.2
"13057","2","926140","78","0","2023","4","",1,2,2,2,19934,0,0,767,"",0.50,0.12,0.12,0.12,0.11,0.00,0.00,0.88,"",0,0.0,0,0.0,0,0.0,0,0.0,974,5.1,0,0.0,0,0.0,38,5.2
"13057","2","92615","77","0","2023","4","",1,4,4,4,59744,0,0,1149,"",0.58,0.16,0.16,0.16,0.17,0.00,0.00,1.05,"",0,0.0,-1,-20.0,-1,-20.0,0,0.0,1648,2.8,0,0.0,0,0.0,191,19.9
"13057","2","926150","78","0","2023","4","",1,4,4,4,59744,0,0,1149,"",0.58,0.16,0.16,0.16,0.17,0.00,0.00,1.05,"",0,0.0,-1,-20.0,-1,-20.0,0,0.0,1648,2.8,0,0.0,0,0.0,191,19.9
"13057","3","10","71","0","2023","4","",55,8786,8893,8891,133030833,113835,917,1155,"",0.49,1.26,1.26,1.27,1.58,0.07,0.18,1.25,"",0,0.0,276,3.2,-98,-1.1,227,2.6,11365377,9.3,-22892,-16.7,-215,-19.0,82,7.6
"13057","3","102","72","0","2023","4","",55,8786,8893,8891,133030833,113835,917,1155,"",0.50,1.27,1.27,1.28,1.59,0.07,0.18,1.25,"",0,0.0,276,3.2,-98,-1.1,227,2.6,11365377,9.3,-22892,-16.7,-215,-19.0,82,7.6
"13057","3","1024","73","0","2023","4","",1,69,69,68,1171450,0,0,1312,"",0.32,1.50,1.49,1.47,2.09,0.00,0.00,1.41,"",0,0.0,-1,-1.4,-1,-1.4,-2,-2.9,50790,4.5,0,0.0,0,0.0,81,6.6
"13057","3","1025","73","0","2023","4","",42,6143,6240,6212,85656897,0,0,1063,"",0.88,1.41,1.42,1.42,1.74,0.00,0.00,1.23,"",0,0.0,144,2.4,154,2.5,146,2.4,6710401,8.5,0,0.0,0,0.0,59,5.9
"13057","3","1028","73","0","2023","4","",12,2574,2584,2611,46202486,113835,917,1372,"",0.29,1.30,1.30,1.31,1.70,0.16,0.41,1.30,"",0,0.0,133,5.4,-251,-8.9,83,3.3,4604186,11.1,-22892,-16.7,-215,-19.0,142,11.5
"13057","3","56","74","0","2023","4","",1,69,69,68,1171450,0,0,1312,"",0.43,1.91,1.90,1.87,2.89,0.00,0.00,1.53,"",0,0.0,-1,-1.4,-1,-1.4,-2,-2.9,50790,4.5,0,0.0,0,0.0,81,6.6
"13057","3","561","75","0","2023","4","",1,69,69,68,1171450,0,0,1312,"",0.64,2.84,2.82,2.79,4.30,0.00,0.00,1.53,"",0,0.0,-1,-1.4,-1,-1.4,-2,-2.9,50790,4.5,0,0.0,0,0.0,81,6.6
"13057","3","5617","76","0","2023","4","",1,69,69,68,1171450,0,0,1312,"",1.02,5.77,5.76,5.69,9.94,0.00,0.00,1.73,"",0,0.0,-1,-1.4,-1,-1.4,-2,-2.9,50790,4.5,0,0.0,0,0.0,81,6.6
"13057","3","56172","77","0","2023","4","",1,69,69,68,1171450,0,0,1312,"",1.71,10.79,10.71,10.52,18.18,0.00,0.00,1.70,"",0,0.0,-1,-1.4,-1,-1.4,-2,-2.9,50790,4.5,0,0.0,0,0.0,81,6.6
"13057","3","561720","78","0","2023","4","",1,69,69,68,1171450,0,0,1312,"",1.71,10.79,10.71,10.52,18.18,0.00,0.00,1.70,"",0,0.0,-1,-1.4,-1,-1.4,-2,-2.9,50790,4.5,0,0.0,0,0.0,81,6.6
"13057","3","61","74","0","2023","4","",42,6143,6240,6212,85656897,0,0,1063,"",0.97,1.58,1.58,1.58,1.99,0.00,0.00,1.26,"",0,0.0,144,2.4,154,2.5,146,2.4,6710401,8.5,0,0.0,0,0.0,59,5.9
"13057","3","611","75","0","2023","4","",42,6143,6240,6212,85656897,0,0,1063,"",0.97,1.58,1.58,1.58,1.99,0.00,0.00,1.26,"",0,0.0,144,2.4,154,2.5,146,2.4,6710401,8.5,0,0.0,0,0.0,59,5.9
"13057","3","6111","76","0","2023","4","",42,6143,6240,6212,85656897,0,0,1063,"",1.01,1.69,1.69,1.69,2.13,0.00,0.00,1.26,"",0,0.0,144,2.4,154,2.5,146,2.4,6710401,8.5,0,0.0,0,0.0,59,5.9
"13057","3","61111","77","0","2023","4","",42,6143,6240,6212,85656897,0,0,1063,"",1.01,1.69,1.69,1.69,2.13,0.00,0.00,1.26,"",0,0.0,144,2.4,154,2.5,146,2.4,6710401,8.5,0,0.0,0,0.0,59,5.9
"13057","3","611110","78","0","2023","4","",42,6143,6240,6212,85656897,0,0,1063,"",1.01,1.69,1.69,1.69,2.13,0.00,0.00,1.26,"",0,0.0,144,2.4,154,2.5,146,2.4,6710401,8.5,0,0.0,0,0.0,59,5.9
"13057","3","92","74","0","2023","4","",12,2574,2584,2611,46202486,113835,917,1372,"",0.29,1.30,1.30,1.31,1.70,0.16,0.41,1.30,"",0,0.0,133,5.4,-251,-8.9,83,3.3,4604186,11.1,-22892,-16.7,-215,-19.0,142,11.5
"13057","3","921","75","0","2023","4","",9,2512,2521,2547,45253528,61320,287,1378,"",0.38,1.92,1.91,1.93,2.78,0.11,0.17,1.45,"",0,0.0,130,5.5,-253,-9.1,82,3.3,4563431,11.2,-14543,-19.2,25,9.5,146,11.9
"13057","3","9211","76","0","2023","4","",9,2512,2521,2547,45253528,61320,287,1378,"",0.38,1.92,1.91,1.93,2.78,0.11,0.17,1.45,"",0,0.0,130,5.5,-253,-9.1,82,3.3,4563431,11.2,-14543,-19.2,25,9.5,146,11.9
"13057","3","92114","77","0","2023","4","",8,2298,2304,2330,40897668,61320,287,1362,"",0.58,2.72,2.71,2.74,3.94,0.17,0.45,1.45,"",0,0.0,129,5.9,-258,-10.1,77,3.4,4187906,11.4,-14543,-19.2,25,9.5,149,12.3
"13057","3","921140","78","0","2023","4","",8,2298,2304,2330,40897668,61320,287,1362,"",0.58,2.72,2.71,2.74,3.94,0.17,0.45,1.45,"",0,0.0,129,5.9,-258,-10.1,77,3.4,4187906,11.4,-14543,-19.2,25,9.5,149,12.3
"13057","3","92119","77","0","2023","4","",1,214,217,217,4355860,0,0,1551,"",0.32,1.39,1.39,1.41,2.28,0.00,0.00,1.64,"",0,0.0,1,0.5,5,2.4,5,2.4,375525,9.4,0,0.0,0,0.0,109,7.6
"13057","3","921190","78","0","2023","4","",1,214,217,217,4355860,0,0,1551,"",0.32,1.39,1.39,1.41,2.28,0.00,0.00,1.64,"",0,0.0,1,0.5,5,2.4,5,2.4,375525,9.4,0,0.0,0,0.0,109,7.6
"13057","3","922","75","0","2023","4","",1,53,54,55,763544,52515,630,1088,"",0.11,0.12,0.12,0.12,0.10,0.74,3.03,0.81,"",0,0.0,5,10.4,4,8.0,3,5.8,39567,5.5,-8349,-13.7,-240,-27.6,-26,-2.3
"13057","3","9221","76","0","2023","4","",1,53,54,55,763544,52515,630,1088,"",0.11,0.12,0.12,0.12,0.10,0.74,3.03,0.81,"",0,0.0,5,10.4,4,8.0,3,5.8,39567,5.5,-8349,-13.7,-240,-27.6,-26,-2.3
"13057","3","92216","77","0","2023","4","",1,53,54,55,763544,52515,630,1088,"",0.29,0.52,0.52,0.53,0.42,1.18,4.46,0.81,"",0,0.0,5,10.4,4,8.0,3,5.8,39567,5.5,-8349,-13.7,-240,-27.6,-26,-2.3
"13057","3","922160","78","0","2023","4","",1,53,54,55,763544,52515,630,1088,"",0.29,0.52,0.52,0.53,0.42,1.18,4.46,0.81,"",0,0.0,5,10.4,4,8.0,3,5.8,39567,5.5,-8349,-13.7,-240,-27.6,-26,-2.3
"13057","3","925","75","0","2023","4","",1,3,3,3,47046,0,0,1206,"",0.41,0.08,0.08,0.08,0.09,0.00,0.00,1.22,"",0,0.0,-1,-25.0,-1,-25.0,-1,-25.0,2766,6.2,0,0.0,0,0.0,354,41.5
"13057","3","9251","76","0","2023","4","",1,3,3,3,47046,0,0,1206,"",0.41,0.08,0.08,0.08,0.09,0.00,0.00,1.22,"",0,0.0,-1,-25.0,-1,-25.0,-1,-25.0,2766,6.2,0,0.0,0,0.0,354,41.5
"13057","3","92511","77","0","2023","4","",1,3,3,3,47046,0,0,1206,"",0.64,0.12,0.12,0.12,0.14,0.00,0.00,1.15,"",0,0.0,-1,-25.0,-1,-25.0,-1,-25.0,2766,6.2,0,0.0,0,0.0,354,41.5
"13057","3","925110","78","0","2023","4","",1,3,3,3,47046,0,0,1206,"",0.64,0.12,0.12,0.12,0.14,0.00,0.00,1.15,"",0,0.0,-1,-25.0,-1,-25.0,-1,-25.0,2766,6.2,0,0.0,0,0.0,354,41.5
"13057","3","926","75","0","2023","4","",1,6,6,6,138368,0,0,1774,"N",0.54,0,0,0,0,0,0,0,"",0,0.0,-1,-14.3,-1,-14.3,-1,-14.3,-1578,-1.1,0,0.0,0,0.0,236,15.3
"13057","3","9261","76","0","2023","4","",1,6,6,6,138368,0,0,1774,"N",0.54,0,0,0,0,0,0,0,"",0,0.0,-1,-14.3,-1,-14.3,-1,-14.3,-1578,-1.1,0,0.0,0,0.0,236,15.3
"13057","3","92611","77","0","2023","4","",1,6,6,6,138368,0,0,1774,"",2.46,0.99,1.00,0.99,1.31,0.00,0.00,1.32,"",0,0.0,-1,-14.3,-1,-14.3,-1,-14.3,-1578,-1.1,0,0.0,0,0.0,236,15.3
"13057","3","926110","78","0","2023","4","",1,6,6,6,138368,0,0,1774,"",2.46,0.99,1.00,0.99,1.31,0.00,0.00,1.32,"",0,0.0,-1,-14.3,-1,-14.3,-1,-14.3,-1578,-1.1,0,0.0,0,0.0,236,15.3
"13057","5","10","71","0","2023","4","",7722,63713,64086,64085,882064223,79084985,901501,1061,"",1.01,1.02,1.02,1.02,1.00,1.03,1.01,0.98,"",-37,-0.5,3114,5.1,3149,5.2,3139,5.2,92542179,11.7,441852,0.6,-40855,-4.3,63,6.3
"13057","5","101","72","0","2023","4","",1186,12934,12849,12813,241446756,16825068,220406,1444,"",1.23,1.19,1.19,1.19,1.41,1.26,1.11,1.19,"",-24,-2.0,790,6.5,751,6.2,806,6.7,32193249,15.4,3301061,24.4,40297,22.4,112,8.4
"13057","5","1011","73","0","2023","4","",37,206,212,198,3516755,170260,2648,1317,"",0.39,0.22,0.24,0.24,0.30,0.11,0.11,1.27,"",0,0.0,13,6.7,27,14.6,12,6.5,460920,15.1,-26543,-13.5,-776,-22.7,67,5.4
"13057","5","1012","73","0","2023","4","",894,6392,6362,6372,137806670,10748969,138252,1663,"",1.47,1.65,1.66,1.68,2.27,1.82,1.26,1.37,"",-28,-3.0,525,8.9,548,9.4,625,10.9,23340548,20.4,3102186,40.6,17688,14.7,147,9.7
"13057","5","1013","73","0","2023","4","",255,6336,6275,6243,100123331,5905839,79506,1225,"",0.99,1.04,1.03,1.02,1.02,0.99,1.25,0.99,"",4,1.6,252,4.1,176,2.9,169,2.8,8391781,9.1,225418,4.0,23385,41.7,66,5.7
"13057","5","102","72","0","2023","4","",6536,50779,51237,51272,640617467,62259917,681095,964,"",0.98,0.98,0.98,0.98,0.90,0.98,0.98,0.92,"",-13,-0.2,2324,4.8,2398,4.9,2333,4.8,60348930,10.4,-2859209,-4.4,-81152,-10.6,48,5.2
"13057","5","1021","73","0","2023","4","",1216,15271,15821,15871,183402852,18019343,144854,901,"",0.90,1.12,1.13,1.13,1.15,1.00,0.81,1.02,"",-24,-1.9,72,0.5,406,2.6,191,1.2,854232,0.5,-648361,-3.5,-55371,-27.7,-9,-1.0
"13057","5","1022","73","0","2023","4","",121,574,569,572,13356365,553767,6610,1797,"",0.64,0.42,0.41,0.41,0.33,0.45,0.40,0.80,"",1,0.8,1,0.2,-11,-1.9,-11,-1.9,1643350,14.0,-21149,-3.7,-2862,-30.2,240,15.4
"13057","5","1023","73","0","2023","4","",720,2483,2475,2491,45424307,2460921,29406,1407,"",1.03,0.60,0.60,0.60,0.50,0.65,0.74,0.84,"",9,1.3,132,5.6,155,6.7,207,9.1,2312786,5.4,-251411,-9.3,-7390,-20.1,-23,-1.6
"13057","5","1024","73","0","2023","4","",1491,7587,7587,7539,127893949,9601389,105369,1299,"",0.92,0.70,0.70,0.70,0.62,0.65,0.57,0.88,"",18,1.2,389,5.4,377,5.2,325,4.5,14861502,13.1,-1421763,-12.9,-16374,-13.4,93,7.7
"13057","5","1025","73","0","2023","4","",790,10638,10713,10743,160155446,9744553,119729,1152,"",0.58,0.90,0.90,0.90,1.11,0.92,1.07,1.23,"",31,4.1,1043,10.9,1033,10.7,1201,12.6,35250136,28.2,315699,3.3,12700,11.9,152,15.2
"13057","5","1026","73","0","2023","4","",596,11182,10998,11053,67868572,16815409,183293,471,"",0.94,1.43,1.42,1.42,1.38,1.42,1.41,0.97,"",-12,-2.0,423,3.9,189,1.7,194,1.8,4185032,6.6,-828404,-4.7,-5522,-2.9,18,4.0
"13057","5","1027","73","0","2023","4","",497,2446,2468,2361,27567267,3337921,47918,874,"",0.86,1.12,1.13,1.08,1.27,1.27,1.63,1.15,"",13,2.7,358,17.1,347,16.4,331,16.3,3661970,15.3,440523,15.2,5978,14.3,-10,-1.1
"13057","5","1029","73","0","2023","4","",1105,598,606,642,14948709,1726614,43916,1869,"",4.96,4.58,4.50,4.63,6.57,4.40,5.45,1.44,"",-49,-4.2,-94,-13.6,-98,-13.9,-105,-14.1,-2420078,-13.9,-444343,-20.5,-12311,-21.9,-1,-0.1
"13057","5","11","74","0","2023","4","",31,147,153,140,2447549,126941,2192,1284,"",0.41,0.23,0.26,0.25,0.45,0.10,0.11,1.83,"",-1,-3.1,7,5.0,19,14.2,7,5.3,328911,15.5,-49894,-28.2,-984,-31.0,83,6.9
"13057","5","111","75","0","2023","4","",8,77,83,76,1193080,78818,1237,1167,"",0.24,0.27,0.33,0.33,0.52,0.15,0.15,1.71,"",-1,-11.1,5,6.9,13,18.6,9,13.4,141519,13.5,-6839,-8.0,-235,-16.0,6,0.5
"13057","5","1111","76","0","2023","4","N",1,0,0,0,0,0,0,0,"N",0.11,0,0,0,0,0,0,0,"N",0,0.0,0,0,0,0,0,0,0,0,0,0,0,0,0,0
"13057","5","11111","77","0","2023","4","N",1,0,0,0,0,0,0,0,"N",1.07,0,0,0,0,0,0,0,"N",0,0.0,0,0,0,0,0,0,0,0,0,0,0,0,0,0
"13057","5","111110","78","0","2023","4","N",1,0,0,0,0,0,0,0,"N",1.07,0,0,0,0,0,0,0,"N",0,0.0,0,0,0,0,0,0,0,0,0,0,0,0,0,0
"13057","5","1112","76","0","2023","4","N",1,0,0,0,0,0,0,0,"N",0.28,0,0,0,0,0,0,0,"N",1,100.0,0,0,0,0,0,0,0,0,0,0,0,0,0,0
"13057","5","11121","77","0","2023","4","N",1,0,0,0,0,0,0,0,"N",0.28,0,0,0,0,0,0,0,"N",1,100.0,0,0,0,0,0,0,0,0,0,0,0,0,0,0
"13057","5","111219","78","0","2023","4","N",1,0,0,0,0,0,0,0,"N",0.35,0,0,0,0,0,0,0,"N",1,100.0,0,0,0,0,0,0,0,0,0,0,0,0,0,0
"13057","5","1114","76","0","2023","4","N",2,0,0,0,0,0,0,0,"N",0.30,0,0,0,0,0,0,0,"N",-1,-33.3,0,0,0,0,0,0,0,0,0,0,0,0,0,0
"13057","5","11142","77","0","2023","4","N",2,0,0,0,0,0,0,0,"N",0.42,0,0,0,0,0,0,0,"N",0,0.0,0,0,0,0,0,0,0,0,0,0,0,0,0,0
"13057","5","111421","78","0","2023","4","N",1,0,0,0,0,0,0,0,"N",0.30,0,0,0,0,0,0,0,"N",0,0.0,0,0,0,0,0,0,0,0,0,0,0,0,0,0
"13057","5","111422","78","0","2023","4","N",1,0,0,0,0,0,0,0,"N",0.70,0,0,0,0,0,0,0,"N",0,0.0,0,0,0,0,0,0,0,0,0,0,0,0,0,0
"13057","5","1119","76","0","2023","4","N",4,0,0,0,0,0,0,0,"N",0.52,0,0,0,0,0,0,0,"N",0,0.0,0,0,0,0,0,0,0,0,0,0,0,0,0,0
"13057","5","11194","77","0","2023","4","N",1,0,0,0,0,0,0,0,"N",0.85,0,0,0,0,0,0,0,"N",0,0.0,0,0,0,0,0,0,0,0,0,0,0,0,0,0
"13057","5","111940","78","0","2023","4","N",1,0,0,0,0,0,0,0,"N",0.85,0,0,0,0,0,0,0,"N",0,0.0,0,0,0,0,0,0,0,0,0,0,0,0,0,0
"13057","5","11199","77","0","2023","4","N",3,0,0,0,0,0,0,0,"N",0.68,0,0,0,0,0,0,0,"N",0,0.0,0,0,0,0,0,0,0,0,0,0,0,0,0,0
"13057","5","111998","78","0","2023","4","N",3,0,0,0,0,0,0,0,"N",0.75,0,0,0,0,0,0,0,"N",0,0.0,0,0,0,0,0,0,0,0,0,0,0,0,0,0
"13057","5","112","75","0","2023","4","",8,29,27,26,682014,14159,184,1919,"",0.43,0.23,0.21,0.21,0.55,0.07,0.14,2.54,"",1,14.3,5,20.8,3,12.5,2,8.3,89892,15.2,-4767,-25.2,163,776.2,21,1.1
"13057","5","1121","76","0","2023","4","N",1,0,0,0,0,0,0,0,"N",0.08,0,0,0,0,0,0,0,"N",0,0.0,0,0,0,0,0,0,0,0,0,0,0,0,0,0
"13057","5","11212","77","0","2023","4","N",1,0,0,0,0,0,0,0,"N",0.23,0,0,0,0,0,0,0,"N",0,0.0,0,0,0,0,0,0,0,0,0,0,0,0,0,0
"13057","5","112120","78","0","2023","4","N",1,0,0,0,0,0,0,0,"N",0.23,0,0,0,0,0,0,0,"N",0,0.0,0,0,0,0,0,0,0,0,0,0,0,0,0,0
"13057","5","1123","76","0","2023","4","N",3,0,0,0,0,0,0,0,"N",1.78,0,0,0,0,0,0,0,"N",0,0.0,0,0,0,0,0,0,0,0,0,0,0,0,0,0
"13057","5","11232","77","0","2023","4","N",1,0,0,0,0,0,0,0,"N",2.36,0,0,0,0,0,0,0,"N",0,0.0,0,0,0,0,0,0,0,0,0,0,0,0,0,0
"13057","5","112320","78","0","2023","4","N",1,0,0,0,0,0,0,0,"N",2.36,0,0,0,0,0,0,0,"N",0,0.0,0,0,0,0,0,0,0,0,0,0,0,0,0,0
"13057","5","11234","77","0","2023","4","N",2,0,0,0,0,0,0,0,"N",6.58,0,0,0,0,0,0,0,"N",0,0.0,0,0,0,0,0,0,0,0,0,0,0,0,0,0
"13057","5","112340","78","0","2023","4","N",2,0,0,0,0,0,0,0,"N",6.58,0,0,0,0,0,0,0,"N",0,0.0,0,0,0,0,0,0,0,0,0,0,0,0,0,0
"13057","5","1129","76","0","2023","4","N",4,0,0,0,0,0,0,0,"N",1.42,0,0,0,0,0,0,0,"N",1,33.3,0,0,0,0,0,0,0,0,0,0,0,0,0,0
"13057","5","11299","77","0","2023","4","N",4,0,0,0,0,0,0,0,"N",3.48,0,0,0,0,0,0,0,"N",2,100.0,0,0,0,0,0,0,0,0,0,0,0,0,0,0
"13057","5","112990","78","0","2023","4","N",4,0,0,0,0,0,0,0,"N",3.48,0,0,0,0,0,0,0,"N",2,100.0,0,0,0,0,0,0,0,0,0,0,0,0,0,0
"13057","5","113","75","0","2023","4","N",2,0,0,0,0,0,0,0,"N",0.34,0,0,0,0,0,0,0,"N",0,0.0,0,0,0,0,0,0,0,0,0,0,0,0,0,0
"13057","5","1133","76","0","2023","4","N",2,0,0,0,0,0,0,0,"N",0.39,0,0,0,0,0,0,0,"N",0,0.0,0,0,0,0,0,0,0,0,0,0,0,0,0,0
"13057","5","11331","77","0","2023","4","N",2,0,0,0,0,0,0,0,"N",0.39,0,0,0,0,0,0,0,"N",0,0.0,0,0,0,0,0,0,0,0,0,0,0,0,0,0
"13057","5","113310","78","0","2023","4","N",2,0,0,0,0,0,0,0,"N",0.39,0,0,0,0,0,0,0,"N",0,0.0,0,0,0,0,0,0,0,0,0,0,0,0,0,0
"13057","5","114","75","0","2023","4","N",1,0,0,0,0,0,0,0,"N",0.54,0,0,0,0,0,0,0,"N",0,0.0,0,0,0,0,0,0,0,0,0,0,0,0,0,0
"13057","5","1142","76","0","2023","4","N",1,0,0,0,0,0,0,0,"N",2.47,0,0,0,0,0,0,0,"N",0,0.0,0,0,0,0,0,0,0,0,0,0,0,0,0,0
"13057","5","11421","77","0","2023","4","N",1,0,0,0,0,0,0,0,"N",2.47,0,0,0,0,0,0,0,"N",0,0.0,0,0,0,0,0,0,0,0,0,0,0,0,0,0
"13057","5","114210","78","0","2023","4","N",1,0,0,0,0,0,0,0,"N",2.47,0,0,0,0,0,0,0,"N",0,0.0,0,0,0,0,0,0,0,0,0,0,0,0,0,0
"13057","5","115","75","0","2023","4","",12,28,30,25,389719,26723,701,1084,"",0.83,0.14,0.16,0.15,0.25,0.07,0.07,1.64,"",-1,-7.7,-4,-12.5,2,7.1,-5,-16.7,33922,9.5,-24395,-47.7,-783,-52.8,172,18.9
"13057","5","1151","76","0","2023","4","N",2,0,0,0,0,0,0,0,"N",0.24,0,0,0,0,0,0,0,"N",0,0.0,0,0,0,0,0,0,0,0,0,0,0,0,0,0
"13057","5","11511","77","0","2023","4","N",2,0,0,0,0,0,0,0,"N",0.24,0,0,0,0,0,0,0,"N",0,0.0,0,0,0,0,0,0,0,0,0,0,0,0,0,0
"13057","5","115112","78","0","2023","4","N",2,0,0,0,0,0,0,0,"N",0.78,0,0,0,0,0,0,0,"N",0,0.0,0,0,0,0,0,0,0,0,0,0,0,0,0,0
"13057","5","1152","76","0","2023","4","N",10,0,0,0,0,0,0,0,"N",2.43,0,0,0,0,0,0,0,"N",-1,-9.1,0,0,0,0,0,0,0,0,0,0,0,0,0,0
"13057","5","11521","77","0","2023","4","N",10,0,0,0,0,0,0,0,"N",2.43,0,0,0,0,0,0,0,"N",-1,-9.1,0,0,0,0,0,0,0,0,0,0,0,0,0,0
"13057","5","115210","78","0","2023","4","N",10,0,0,0,0,0,0,0,"N",2.43,0,0,0,0,0,0,0,"N",-1,-9.1,0,0,0,0,0,0,0,0,0,0,0,0,0,0
"13057","5","21","74","0","2023","4","",6,59,59,58,1069206,43319,456,1402,"",0.30,0.21,0.21,0.21,0.17,0.14,0.10,0.80,"",1,20.0,6,11.3,8,15.7,5,9.4,132009,14.1,23351,116.9,208,83.9,24,1.7
"13057","5","211","75","0","2023","4","N",1,0,0,0,0,0,0,0,"N",0.24,0,0,0,0,0,0,0,"N",0,0.0,0,0,0,0,0,0,0,0,0,0,0,0,0,0
"13057","5","2111","76","0","2023","4","N",1,0,0,0,0,0,0,0,"N",0.24,0,0,0,0,0,0,0,"N",0,0.0,0,0,0,0,0,0,0,0,0,0,0,0,0,0
"13057","5","21112","77","0","2023","4","N",1,0,0,0,0,0,0,0,"N",0.35,0,0,0,0,0,0,0,"N",0,0.0,0,0,0,0,0,0,0,0,0,0,0,0,0,0
"13057","5","211120","78","0","2023","4","N",1,0,0,0,0,0,0,0,"N",0.35,0,0,0,0,0,0,0,"N",0,0.0,0,0,0,0,0,0,0,0,0,0,0,0,0,0
"13057","5","212","75","0","2023","4","",4,51,51,51,940095,28312,280,1418,"",0.84,0.57,0.57,0.57,0.58,0.31,0.19,1.03,"N",1,33.3,0,0,0,0,0,0,0,0,0,0,0,0,0,0
"13057","5","2123","76","0","2023","4","",4,51,51,51,940095,28312,280,1418,"",1.01,1.03,1.04,1.05,1.20,0.51,0.25,1.15,"N",1,33.3,0,0,0,0,0,0,0,0,0,0,0,0,0,0
"13057","5","21231","77","0","2023","4","",4,51,51,51,940095,28312,280,1418,"",2.42,2.36,2.37,2.40,2.89,1.54,0.83,1.22,"N",1,33.3,0,0,0,0,0,0,0,0,0,0,0,0,0,0
"13057","5","212311","78","0","2023","4","N",1,0,0,0,0,0,0,0,"N",2.66,0,0,0,0,0,0,0,"N",0,0.0,0,0,0,0,0,0,0,0,0,0,0,0,0,0
"13057","5","212312","78","0","2023","4","N",1,0,0,0,0,0,0,0,"N",1.32,0,0,0,0,0,0,0,"N",0,0.0,0,0,0,0,0,0,0,0,0,0,0,0,0,0
"13057","5","212313","78","0","2023","4","N",2,0,0,0,0,0,0,0,"N",10.42,0,0,0,0,0,0,0,"N",1,100.0,0,0,0,0,0,0,0,0,0,0,0,0,0,0
"13057","5","213","75","0","2023","4","N",1,0,0,0,0,0,0,0,"N",0.09,0,0,0,0,0,0,0,"N",0,0.0,0,0,0,0,0,0,0,0,0,0,0,0,0,0
"13057","5","2131","76","0","2023","4","N",1,0,0,0,0,0,0,0,"N",0.09,0,0,0,0,0,0,0,"N",0,0.0,0,0,0,0,0,0,0,0,0,0,0,0,0,0
"13057","5","21311","77","0","2023","4","N",1,0,0,0,0,0,0,0,"N",0.09,0,0,0,0,0,0,0,"N",0,0.0,0,0,0,0,0,0,0,0,0,0,0,0,0,0
"13057","5","213115","78","0","2023","4","N",1,0,0,0,0,0,0,0,"N",4.48,0,0,0,0,0,0,0,"N",0,0.0,0,0,0,0,0,0,0,0,0,0,0,0,0,0
"13057","5","22","74","0","2023","4","",9,74,71,70,1640341,19936,77,1761,"",0.58,0.27,0.26,0.25,0.26,0.15,0.06,1.01,"",1,12.5,6,8.8,3,4.4,1,1.4,81289,5.2,1656,9.1,15,24.2,6,0.3
"13057","5","221","75","0","2023","4","",9,74,71,70,1640341,19936,77,1761,"",0.58,0.27,0.26,0.25,0.26,0.15,0.06,1.01,"",1,12.5,6,8.8,3,4.4,1,1.4,81289,5.2,1656,9.1,15,24.2,6,0.3
"13057","5","2211","76","0","2023","4","N",2,0,0,0,0,0,0,0,"N",0.22,0,0,0,0,0,0,0,"N",0,0.0,0,0,0,0,0,0,0,0,0,0,0,0,0,0
"13057","5","22112","77","0","2023","4","N",2,0,0,0,0,0,0,0,"N",0.42,0,0,0,0,0,0,0,"N",0,0.0,0,0,0,0,0,0,0,0,0,0,0,0,0,0
"13057","5","221122","78","0","2023","4","N",2,0,0,0,0,0,0,0,"N",0.47,0,0,0,0,0,0,0,"N",0,0.0,0,0,0,0,0,0,0,0,0,0,0,0,0,0
"13057","5","2212","76","0","2023","4","N",2,0,0,0,0,0,0,0,"N",0.93,0,0,0,0,0,0,0,"N",1,100.0,0,0,0,0,0,0,0,0,0,0,0,0,0,0
"13057","5","22121","77","0","2023","4","N",2,0,0,0,0,0,0,0,"N",0.93,0,0,0,0,0,0,0,"N",1,100.0,0,0,0,0,0,0,0,0,0,0,0,0,0,0
"13057","5","221210","78","0","2023","4","N",2,0,0,0,0,0,0,0,"N",0.93,0,0,0,0,0,0,0,"N",1,100.0,0,0,0,0,0,0,0,0,0,0,0,0,0,0
"13057","5","2213","76","0","2023","4","",5,24,25,24,468233,9702,45,1480,"",1.15,0.85,0.89,0.85,1.14,0.41,0.20,1.32,"",0,0.0,1,4.3,2,8.7,1,4.3,36494,8.5,2817,40.9,-2,-4.3,36,2.5
"13057","5","22131","77","0","2023","4","N",4,0,0,0,0,0,0,0,"N",1.07,0,0,0,0,0,0,0,"N",0,0.0,0,0,0,0,0,0,0,0,0,0,0,0,0,0
"13057","5","221310","78","0","2023","4","N",4,0,0,0,0,0,0,0,"N",1.07,0,0,0,0,0,0,0,"N",0,0.0,0,0,0,0,0,0,0,0,0,0,0,0,0,0
"13057","5","22132","77","0","2023","4","N",1,0,0,0,0,0,0,0,"N",2.05,0,0,0,0,0,0,0,"N",0,0.0,0,0,0,0,0,0,0,0,0,0,0,0,0,0
"13057","5","221320","78","0","2023","4","N",1,0,0,0,0,0,0,0,"N",2.05,0,0,0,0,0,0,0,"N",0,0.0,0,0,0,0,0,0,0,0,0,0,0,0,0,0
"13057","5","23","74","0","2023","4","",894,6392,6362,6372,137806670,10748969,138252,1663,"",1.47,1.65,1.66,1.68,2.27,1.82,1.26,1.37,"",-28,-3.0,525,8.9,548,9.4,625,10.9,23340548,20.4,3102186,40.6,17688,14.7,147,9.7
"13057","5","236","75","0","2023","4","",272,1710,1722,1724,46204373,4350909,33037,2068,"",1.43,1.97,1.98,1.99,3.02,3.21,1.42,1.53,"",-10,-3.5,337,24.5,345,25.1,326,23.3,14559840,46.0,2356905,118.2,2605,8.6,307,17.4
"13057","5","2361","76","0","2023","4","",208,1087,1098,1097,29847829,1430559,24882,2099,"",1.40,2.44,2.46,2.46,4.47,1.88,2.40,1.82,"",-6,-2.8,204,23.1,216,24.5,198,22.0,10868228,57.3,29566,2.1,1288,5.5,455,27.7
"13057","5","23611","77","0","2023","4","",208,1087,1098,1097,29847829,1430559,24882,2099,"",1.40,2.44,2.46,2.46,4.47,1.88,2.40,1.82,"",-6,-2.8,204,23.1,216,24.5,198,22.0,10868228,57.3,29566,2.1,1288,5.5,455,27.7
"13057","5","236115","78","0","2023","4","",77,473,473,460,15693323,566154,11157,2576,"",1.30,2.59,2.59,2.51,5.32,1.69,2.69,2.08,"",-4,-4.9,242,104.8,241,103.9,224,94.9,8668644,123.4,170425,43.1,4939,79.4,257,11.1
"13057","5","236116","78","0","2023","4","N",5,0,0,0,0,0,0,0,"N",1.50,0,0,0,0,0,0,0,"N",1,25.0,0,0,0,0,0,0,0,0,0,0,0,0,0,0
"13057","5","236117","78","0","2023","4","N",8,0,0,0,0,0,0,0,"N",2.27,0,0,0,0,0,0,0,"N",0,0.0,0,0,0,0,0,0,0,0,0,0,0,0,0,0
"13057","5","236118","78","0","2023","4","",118,489,496,509,10223054,772027,12371,1579,"",1.43,2.26,2.30,2.38,3.86,2.15,2.32,1.67,"",-3,-2.5,-14,-2.8,-7,-1.4,-8,-1.5,1728585,20.3,85490,12.5,3113,33.6,292,22.7
"13057","5","2362","76","0","2023","4","",64,623,624,627,16356544,2920350,8155,2014,"",1.54,1.47,1.48,1.49,1.90,4.92,0.63,1.28,"",-4,-5.9,133,27.1,129,26.1,128,25.7,3691612,29.1,2327339,392.5,1317,19.3,45,2.3
"13057","5","23621","77","0","2023","4","N",4,0,0,0,0,0,0,0,"N",0.90,0,0,0,0,0,0,0,"N",-1,-20.0,0,0,0,0,0,0,0,0,0,0,0,0,0,0
"13057","5","236210","78","0","2023","4","N",4,0,0,0,0,0,0,0,"N",0.90,0,0,0,0,0,0,0,"N",-1,-20.0,0,0,0,0,0,0,0,0,0,0,0,0,0,0
"13057","5","23622","77","0","2023","4","N",60,0,0,0,0,0,0,0,"N",1.62,0,0,0,0,0,0,0,"N",-3,-4.8,0,0,0,0,0,0,0,0,0,0,0,0,0,0
"13057","5","236220","78","0","2023","4","N",60,0,0,0,0,0,0,0,"N",1.62,0,0,0,0,0,0,0,"N",-3,-4.8,0,0,0,0,0,0,0,0,0,0,0,0,0,0
"13057","5","237","75","0","2023","4","",54,761,758,749,16066344,831717,18403,1635,"",1.43,1.38,1.40,1.44,1.63,1.00,0.91,1.16,"",-5,-8.5,39,5.4,80,11.8,84,12.6,1401732,9.6,225654,37.2,8327,82.6,-4,-0.2
"13057","5","2371","76","0","2023","4","",37,621,618,607,12271692,677865,15717,1534,"",1.88,2.17,2.19,2.20,2.40,1.41,1.40,1.10,"",-3,-7.5,22,3.7,66,12.0,69,12.8,696224,6.0,146575,27.6,6417,69.0,-48,-3.0
"13057","5","23711","77","0","2023","4","N",16,0,0,0,0,0,0,0,"N",1.90,0,0,0,0,0,0,0,"N",-2,-11.1,0,0,0,0,0,0,0,0,0,0,0,0,0,0
"13057","5","237110","78","0","2023","4","N",16,0,0,0,0,0,0,0,"N",1.90,0,0,0,0,0,0,0,"N",-2,-11.1,0,0,0,0,0,0,0,0,0,0,0,0,0,0
"13057","5","23712","77","0","2023","4","N",5,0,0,0,0,0,0,0,"N",1.73,0,0,0,0,0,0,0,"N",1,25.0,0,0,0,0,0,0,0,0,0,0,0,0,0,0
"13057","5","237120","78","0","2023","4","N",5,0,0,0,0,0,0,0,"N",1.73,0,0,0,0,0,0,0,"N",1,25.0,0,0,0,0,0,0,0,0,0,0,0,0,0,0
"13057","5","23713","77","0","2023","4","",16,458,455,440,8455426,501479,12289,1442,"",1.91,3.95,3.94,3.88,4.00,2.47,2.85,1.02,"",-2,-11.1,47,11.4,61,15.5,49,12.5,884990,11.7,167107,50.0,5784,88.9,-19,-1.3
"13057","5","237130","78","0","2023","4","",16,458,455,440,8455426,501479,12289,1442,"",1.91,3.95,3.94,3.88,4.00,2.47,2.85,1.02,"",-2,-11.1,47,11.4,61,15.5,49,12.5,884990,11.7,167107,50.0,5784,88.9,-19,-1.3
"13057","5","2372","76","0","2023","4","N",8,0,0,0,0,0,0,0,"N",2.07,0,0,0,0,0,0,0,"N",-2,-20.0,0,0,0,0,0,0,0,0,0,0,0,0,0,0
"13057","5","23721","77","0","2023","4","N",8,0,0,0,0,0,0,0,"N",2.07,0,0,0,0,0,0,0,"N",-2,-20.0,0,0,0,0,0,0,0,0,0,0,0,0,0,0
"13057","5","237210","78","0","2023","4","N",8,0,0,0,0,0,0,0,"N",2.07,0,0,0,0,0,0,0,"N",-2,-20.0,0,0,0,0,0,0,0,0,0,0,0,0,0,0
"13057","5","2373","76","0","2023","4","N",1,0,0,0,0,0,0,0,"N",0.13,0,0,0,0,0,0,0,"N",0,0.0,0,0,0,0,0,0,0,0,0,0,0,0,0,0
"13057","5","23731","77","0","2023","4","N",1,0,0,0,0,0,0,0,"N",0.13,0,0,0,0,0,0,0,"N",0,0.0,0,0,0,0,0,0,0,0,0,0,0,0,0,0
"13057","5","237310","78","0","2023","4","N",1,0,0,0,0,0,0,0,"N",0.13,0,0,0,0,0,0,0,"N",0,0.0,0,0,0,0,0,0,0,0,0,0,0,0,0,0
"13057","5","2379","76","0","2023","4","",8,90,91,93,3057091,126095,2155,2575,"",1.26,1.44,1.47,1.53,2.69,1.28,0.90,1.82,"",0,0.0,3,3.4,2,2.2,5,5.7,510096,20.0,66482,111.5,1772,462.7,349,15.7
"13057","5","23799","77","0","2023","4","",8,90,91,93,3057091,126095,2155,2575,"",1.26,1.44,1.47,1.53,2.69,1.28,0.90,1.82,"",0,0.0,3,3.4,2,2.2,5,5.7,510096,20.0,66482,111.5,1772,462.7,349,15.7
"13057","5","237990","78","0","2023","4","",8,90,91,93,3057091,126095,2155,2575,"",1.26,1.44,1.47,1.53,2.69,1.28,0.90,1.82,"",0,0.0,3,3.4,2,2.2,5,5.7,510096,20.0,66482,111.5,1772,462.7,349,15.7
"13057","5","238","75","0","2023","4","",568,3921,3882,3899,75535953,5566343,86812,1490,"",1.49,1.60,1.60,1.62,2.13,1.50,1.31,1.32,"",-13,-2.2,149,4.0,123,3.3,215,5.8,7378976,10.8,519627,10.3,6756,8.4,88,6.3
"13057","5","2381","76","0","2023","4","",139,860,830,849,17694416,957293,14807,1608,"",1.83,1.80,1.75,1.82,2.70,1.17,1.01,1.51,"",10,7.8,106,14.1,80,10.7,133,18.6,3039918,20.7,-77273,-7.5,-3320,-18.3,85,5.6
"13057","5","23811","77","0","2023","4","",26,196,190,190,4041763,146029,628,1619,"",1.63,1.57,1.54,1.59,2.34,0.70,0.17,1.49,"",-1,-3.7,-8,-3.9,-28,-12.8,-27,-12.4,-202613,-4.8,-152298,-51.1,-3671,-85.4,86,5.6
"13057","5","238111","78","0","2023","4","",21,175,172,170,3497474,145192,605,1561,"",1.80,2.89,2.89,2.95,4.75,1.31,0.32,1.63,"",-1,-4.5,-11,-5.9,-15,-8.0,-16,-8.6,-356272,-9.2,-28165,-16.2,-395,-39.5,-30,-1.9
"13057","5","238112","78","0","2023","4","",5,21,18,20,544289,837,23,2129,"",1.18,0.33,0.28,0.32,0.55,0.01,0.01,1.77,"",0,0.0,3,16.7,-13,-41.9,-11,-35.5,153659,39.3,-124133,-99.3,-3276,-99.3,1002,88.9
"13057","5","23812","77","0","2023","4","",8,92,100,99,2017471,113586,1084,1600,"",2.20,2.15,2.36,2.34,3.02,1.51,0.62,1.32,"",1,14.3,1,1.1,8,8.7,6,6.5,147788,7.9,34186,43.1,-1,-0.1,37,2.4
"13057","5","238121","78","0","2023","4","N",1,0,0,0,0,0,0,0,"N",0.99,0,0,0,0,0,0,0,"N",0,0.0,0,0,0,0,0,0,0,0,0,0,0,0,0,0
"13057","5","238122","78","0","2023","4","N",7,0,0,0,0,0,0,0,"N",2.65,0,0,0,0,0,0,0,"N",1,16.7,0,0,0,0,0,0,0,0,0,0,0,0,0,0
"13057","5","23813","77","0","2023","4","",9,18,18,18,850285,1099,28,3634,"",1.17,0.43,0.44,0.44,1.75,0.01,0.02,4.01,"",1,12.5,6,50.0,5,38.5,4,28.6,242771,40.0,-8901,-89.0,-289,-91.2,39,1.1
"13057","5","238131","78","0","2023","4","",6,10,10,10,217944,714,23,1676,"",0.90,0.30,0.31,0.31,0.60,0.01,0.02,1.96,"N",1,20.0,0,0,0,0,0,0,0,0,0,0,0,0,0,0
"13057","5","238132","78","0","2023","4","",3,8,8,8,632341,385,5,6080,"",2.90,0.91,0.92,0.91,5.02,0.02,0.02,5.52,"N",0,0.0,0,0,0,0,0,0,0,0,0,0,0,0,0,0
"13057","5","23814","77","0","2023","4","",17,81,72,89,1542637,102521,1100,1471,"",1.31,1.15,1.04,1.33,1.80,0.86,0.41,1.53,"",0,0.0,-8,-9.0,-13,-15.3,36,67.9,26263,1.7,-78149,-43.3,-900,-45.0,-71,-4.6
"13057","5","238141","78","0","2023","4","N",13,0,0,0,0,0,0,0,"N",1.33,0,0,0,0,0,0,0,"N",1,8.3,0,0,0,0,0,0,0,0,0,0,0,0,0,0
"13057","5","238142","78","0","2023","4","N",4,0,0,0,0,0,0,0,"N",1.28,0,0,0,0,0,0,0,"N",-1,-20.0,0,0,0,0,0,0,0,0,0,0,0,0,0,0
"13057","5","23815","77","0","2023","4","",12,111,118,128,2430035,219268,2598,1571,"",2.35,3.18,3.36,3.63,4.73,4.66,2.97,1.39,"",1,9.1,45,68.2,55,87.3,60,88.2,1438843,145.2,163598,293.9,1473,130.9,410,35.3
"13057","5","238151","78","0","2023","4","",4,13,13,14,188719,22277,601,1089,"",1.34,1.00,1.00,1.06,1.17,1.18,2.20,1.15,"",0,0.0,2,18.2,3,30.0,3,27.3,406,0.2,17468,363.2,494,461.7,-269,-19.8
"13057","5","238152","78","0","2023","4","",8,98,105,114,2241316,196991,1997,1632,"",3.79,4.46,4.76,5.17,6.35,7.01,3.32,1.32,"",1,14.3,43,78.2,52,98.1,57,100.0,1438437,179.2,146130,287.3,979,96.2,509,45.3
"13057","5","23816","77","0","2023","4","",53,259,229,223,4962213,313072,7812,1611,"",2.67,2.19,1.95,1.92,2.95,1.72,2.61,1.46,"",7,15.2,65,33.5,43,23.1,41,22.5,955725,23.9,53592,20.7,2258,40.7,-34,-2.1
"13057","5","238161","78","0","2023","4","",44,128,119,120,2406027,165539,3503,1513,"",2.78,2.03,1.91,1.94,2.97,1.48,2.29,1.51,"",6,15.8,53,70.7,45,60.8,45,60.0,655339,37.4,89313,117.2,2253,180.2,-291,-16.1
"13057","5","238162","78","0","2023","4","",9,131,110,103,2556186,147533,4309,1715,"",2.24,2.37,2.00,1.90,2.93,2.09,2.94,1.40,"",1,12.5,12,10.1,-2,-1.8,-4,-3.7,300386,13.3,-35721,-19.5,5,0.1,175,11.4
"13057","5","23817","77","0","2023","4","",7,85,83,82,1589277,53048,1327,1467,"",1.23,4.11,4.04,4.03,6.16,1.19,2.25,1.52,"",0,0.0,15,21.4,14,20.3,15,22.4,446857,39.1,-81007,-60.4,-2118,-61.5,187,14.6
"13057","5","238171","78","0","2023","4","N",6,0,0,0,0,0,0,0,"N",1.13,0,0,0,0,0,0,0,"N",0,0.0,0,0,0,0,0,0,0,0,0,0,0,0,0,0
"13057","5","238172","78","0","2023","4","N",1,0,0,0,0,0,0,0,"N",2.65,0,0,0,0,0,0,0,"N",0,0.0,0,0,0,0,0,0,0,0,0,0,0,0,0,0
"13057","5","23819","77","0","2023","4","",7,18,20,20,260735,8670,230,1037,"",1.31,0.72,0.81,0.82,0.75,0.18,0.28,0.96,"",1,16.7,-10,-35.7,-4,-16.7,-2,-9.1,-15716,-5.7,-8294,-48.9,-72,-23.8,175,20.3
"13057","5","238191","78","0","2023","4","N",3,0,0,0,0,0,0,0,"N",0.96,0,0,0,0,0,0,0,"N",1,50.0,0,0,0,0,0,0,0,0,0,0,0,0,0,0
"13057","5","238192","78","0","2023","4","N",4,0,0,0,0,0,0,0,"N",1.82,0,0,0,0,0,0,0,"N",0,0.0,0,0,0,0,0,0,0,0,0,0,0,0,0,0
"13057","5","2382","76","0","2023","4","",227,1331,1330,1348,24515365,2005019,26920,1411,"",1.50,1.13,1.12,1.14,1.32,1.22,0.95,1.17,"",-17,-7.0,-64,-4.6,-60,-4.3,-20,-1.5,385440,1.6,-169364,-7.8,-7027,-20.7,70,5.2
"13057","5","23821","77","0","2023","4","",95,629,632,629,12236020,737883,9827,1494,"",1.48,1.24,1.24,1.23,1.51,0.99,0.73,1.22,"",-6,-5.9,23,3.8,19,3.1,37,6.2,278169,2.3,55782,8.2,1338,15.8,-30,-2.0
"13057","5","238211","78","0","2023","4","",50,253,250,242,4096375,223492,3218,1269,"",1.28,1.47,1.45,1.40,1.81,0.78,0.85,1.26,"",-2,-3.8,5,2.0,3,1.2,-1,-0.4,314808,8.3,-22278,-9.1,363,12.7,87,7.4
"13057","5","238212","78","0","2023","4","",45,376,382,387,8139645,514391,6609,1641,"",1.80,1.12,1.13,1.14,1.39,1.11,0.69,1.23,"",-4,-8.2,18,5.0,16,4.4,38,10.9,-36639,-0.4,78060,17.9,975,17.3,-117,-6.7
"13057","5","23822","77","0","2023","4","",121,650,642,669,10991594,1174157,15956,1293,"",1.53,1.08,1.07,1.11,1.22,1.47,1.23,1.12,"",-10,-7.6,-81,-11.1,-76,-10.6,-47,-6.6,101597,0.9,-174695,-13.0,-6300,-28.3,132,11.4
"13057","5","238221","78","0","2023","4","",90,386,382,397,6456213,819854,12660,1279,"",1.50,1.22,1.21,1.26,1.59,1.87,2.32,1.30,"",-8,-8.2,-126,-24.6,-126,-24.8,-115,-22.5,-1058072,-14.1,-268743,-24.7,-6194,-32.9,147,13.0
"13057","5","238222","78","0","2023","4","",31,264,260,272,4535381,354303,3296,1315,"",1.62,0.93,0.91,0.95,0.91,0.98,0.44,0.98,"",-2,-6.1,45,20.5,50,23.8,68,33.3,1159669,34.4,94048,36.1,-106,-3.1,84,6.8
"13057","5","23829","77","0","2023","4","",11,52,56,50,1287751,92979,1137,1881,"",1.36,0.71,0.76,0.68,0.95,0.93,0.55,1.32,"",-1,-8.3,-6,-10.3,-3,-5.1,-10,-16.7,5674,0.4,-50451,-35.2,-2065,-64.5,209,12.5
"13057","5","238291","78","0","2023","4","N",2,0,0,0,0,0,0,0,"N",0.98,0,0,0,0,0,0,0,"N",0,0.0,0,0,0,0,0,0,0,0,0,0,0,0,0,0
"13057","5","238292","78","0","2023","4","N",9,0,0,0,0,0,0,0,"N",1.49,0,0,0,0,0,0,0,"N",-1,-10.0,0,0,0,0,0,0,0,0,0,0,0,0,0,0
"13057","5","2383","76","0","2023","4","",125,788,766,768,15534736,1306974,23029,1544,"",1.39,1.95,1.91,1.94,3.04,1.92,1.99,1.57,"",-10,-7.4,91,13.1,72,10.4,75,10.8,2513954,19.3,637836,95.3,13752,148.2,102,7.1
"13057","5","23831","77","0","2023","4","",20,62,60,62,1293563,17325,112,1622,"",1.39,0.52,0.50,0.52,0.78,0.08,0.03,1.51,"",-5,-20.0,-29,-31.9,-31,-34.1,-31,-33.3,-472562,-26.8,-8913,-34.0,-35,-23.8,140,9.4
"13057","5","238311","78","0","2023","4","N",16,0,0,0,0,0,0,0,"N",1.53,0,0,0,0,0,0,0,"N",-4,-20.0,0,0,0,0,0,0,0,0,0,0,0,0,0,0
"13057","5","238312","78","0","2023","4","N",4,0,0,0,0,0,0,0,"N",1.00,0,0,0,0,0,0,0,"N",-1,-20.0,0,0,0,0,0,0,0,0,0,0,0,0,0,0
"13057","5","23832","77","0","2023","4","",33,126,131,127,1602264,160007,2235,963,"",1.20,1.26,1.34,1.34,1.45,0.90,0.76,1.10,"",-4,-10.8,19,17.8,21,19.1,22,21.0,98273,6.5,27375,20.6,643,40.4,-115,-10.7
"13057","5","238321","78","0","2023","4","",29,113,119,115,1428997,148071,2228,950,"",1.25,1.79,1.93,1.92,2.36,1.23,1.42,1.26,"N",-3,-9.4,0,0,0,0,0,0,0,0,0,0,0,0,0,0
"13057","5","238322","78","0","2023","4","",4,13,12,12,173267,11936,7,1081,"",0.92,0.36,0.34,0.34,0.35,0.21,0.01,1.00,"N",-1,-20.0,0,0,0,0,0,0,0,0,0,0,0,0,0,0
"13057","5","23833","77","0","2023","4","",13,73,70,72,1646283,43924,467,1767,"",1.02,1.88,1.81,1.87,3.28,0.74,0.52,1.77,"",1,8.3,19,35.2,16,29.6,23,46.9,329948,25.1,29139,197.1,419,872.9,-168,-8.7
"13057","5","238331","78","0","2023","4","",8,30,29,30,643806,43924,467,1669,"",0.76,1.18,1.14,1.18,2.25,1.03,0.88,1.93,"",0,0.0,10,50.0,9,45.0,15,100.0,263349,69.2,31139,243.6,424,986.0,73,4.6
"13057","5","238332","78","0","2023","4","",5,43,41,42,1002477,0,0,1836,"",2.23,3.23,3.11,3.18,4.65,0.00,0.00,1.47,"",1,25.0,9,26.5,7,20.6,8,23.5,66599,7.1,-2000,-100.0,-5,-100.0,-281,-13.3
"13057","5","23834","77","0","2023","4","",7,25,20,20,437600,15149,81,1554,"",1.01,0.94,0.75,0.75,1.36,0.35,0.11,1.67,"",-3,-30.0,4,19.0,-7,-25.9,-8,-28.6,11024,2.6,-20234,-57.2,-243,-75.0,259,20.0
"13057","5","238341","78","0","2023","4","N",5,0,0,0,0,0,0,0,"N",0.82,0,0,0,0,0,0,0,"N",-2,-28.6,0,0,0,0,0,0,0,0,0,0,0,0,0,0
"13057","5","238342","78","0","2023","4","N",2,0,0,0,0,0,0,0,"N",2.45,0,0,0,0,0,0,0,"N",-1,-33.3,0,0,0,0,0,0,0,0,0,0,0,0,0,0
"13057","5","23835","77","0","2023","4","",35,417,422,416,9524033,974312,18993,1751,"",1.63,5.42,5.48,5.40,9.80,7.88,10.86,1.80,"",1,2.9,80,23.7,96,29.4,80,23.8,2654021,38.6,586302,151.1,12226,180.7,164,10.3
"13057","5","238351","78","0","2023","4","N",30,0,0,0,0,0,0,0,"N",1.58,0,0,0,0,0,0,0,"N",1,3.4,0,0,0,0,0,0,0,0,0,0,0,0,0,0
"13057","5","238352","78","0","2023","4","N",5,0,0,0,0,0,0,0,"N",2.07,0,0,0,0,0,0,0,"N",0,0.0,0,0,0,0,0,0,0,0,0,0,0,0,0,0
"13057","5","23839","77","0","2023","4","",17,85,63,71,1030993,96257,1141,1086,"",2.43,2.01,1.51,1.77,1.86,1.53,0.92,1.06,"",0,0.0,-2,-2.3,-23,-26.7,-11,-13.4,-106750,-9.4,24167,33.5,742,186.0,56,5.4
"13057","5","238391","78","0","2023","4","",12,61,39,47,715166,90257,1137,1123,"",2.96,3.38,2.18,2.68,3.23,3.46,3.16,1.18,"",2,20.0,6,10.9,-15,-27.8,-4,-7.8,-69184,-8.8,33667,59.5,997,712.1,-8,-0.7
"13057","5","238392","78","0","2023","4","",5,24,24,24,315827,6000,4,1012,"",1.69,0.99,1.01,1.06,0.95,0.16,0.00,0.93,"",-2,-28.6,-8,-25.0,-8,-25.0,-7,-22.6,-37566,-10.6,-9500,-61.3,-255,-98.5,154,17.9
"13057","5","2389","76","0","2023","4","",77,942,956,934,17791436,1297057,22056,1450,"",1.22,2.48,2.56,2.60,3.32,2.26,1.87,1.31,"",4,5.5,16,1.7,31,3.4,27,3.0,1439664,8.8,128428,11.0,3351,17.9,82,6.0
"13057","5","23891","77","0","2023","4","",30,370,375,364,7244176,352241,12043,1507,"",1.11,1.94,1.99,1.97,2.63,1.20,2.18,1.34,"",0,0.0,24,6.9,21,5.9,26,7.7,1379444,23.5,52825,17.6,7152,146.2,203,15.6
"13057","5","238911","78","0","2023","4","",15,129,131,125,2041448,76735,583,1224,"",0.95,1.82,1.87,1.82,2.28,0.60,0.28,1.24,"",1,7.1,-4,-3.0,-1,-0.8,0,0.0,115152,6.0,-12347,-13.9,-310,-34.7,84,7.4
"13057","5","238912","78","0","2023","4","",15,241,244,239,5202728,275506,11460,1658,"",1.34,2.02,2.06,2.06,2.80,1.67,3.32,1.37,"",-1,-6.2,28,13.1,22,9.9,26,12.2,1264292,32.1,65172,31.0,7462,186.6,255,18.2
"13057","5","23899","77","0","2023","4","",47,572,581,570,10547260,944816,10013,1413,"",1.29,3.01,3.14,3.26,4.06,3.36,1.61,1.30,"",4,9.3,-8,-1.4,10,1.8,1,0.2,60220,0.6,75603,8.7,-3801,-27.5,6,0.4
"13057","5","238991","78","0","2023","4","",26,414,432,420,7737493,808001,8053,1410,"",1.06,4.36,4.72,4.88,6.89,5.74,2.84,1.48,"",2,8.3,47,12.8,73,20.3,58,16.0,911752,13.4,199466,32.8,-1709,-17.5,-38,-2.6
"13057","5","238992","78","0","2023","4","",21,158,149,150,2809767,136815,1960,1419,"",1.77,1.66,1.60,1.69,1.90,0.97,0.58,1.16,"",2,10.5,-55,-25.8,-63,-29.7,-57,-27.5,-851532,-23.3,-123863,-47.5,-2092,-51.6,82,6.1
"13057","5","31-33","74","0","2023","4","",255,6336,6275,6243,100123331,5905839,79506,1225,"",0.99,1.04,1.03,1.02,1.02,0.99,1.25,0.99,"",4,1.6,252,4.1,176,2.9,169,2.8,8391781,9.1,225418,4.0,23385,41.7,66,5.7
"13057","5","311","75","0","2023","4","",16,1064,1114,1121,12214630,1570554,41781,854,"",0.59,1.28,1.35,1.35,1.28,1.33,3.49,0.97,"",0,0.0,112,11.8,145,15.0,138,14.0,1229542,11.2,236066,17.7,31083,290.5,-19,-2.2
"13057","5","3111","76","0","2023","4","N",1,0,0,0,0,0,0,0,"N",0.54,0,0,0,0,0,0,0,"N",0,0.0,0,0,0,0,0,0,0,0,0,0,0,0,0,0
"13057","5","31111","77","0","2023","4","N",1,0,0,0,0,0,0,0,"N",0.54,0,0,0,0,0,0,0,"N",0,0.0,0,0,0,0,0,0,0,0,0,0,0,0,0,0
"13057","5","311111","78","0","2023","4","N",1,0,0,0,0,0,0,0,"N",1.67,0,0,0,0,0,0,0,"N",0,0.0,0,0,0,0,0,0,0,0,0,0,0,0,0,0
"13057","5","3113","76","0","2023","4","N",1,0,0,0,0,0,0,0,"N",0.66,0,0,0,0,0,0,0,"N",0,0.0,0,0,0,0,0,0,0,0,0,0,0,0,0,0
"13057","5","31135","77","0","2023","4","N",1,0,0,0,0,0,0,0,"N",1.01,0,0,0,0,0,0,0,"N",0,0.0,0,0,0,0,0,0,0,0,0,0,0,0,0,0
"13057","5","311352","78","0","2023","4","N",1,0,0,0,0,0,0,0,"N",1.29,0,0,0,0,0,0,0,"N",0,0.0,0,0,0,0,0,0,0,0,0,0,0,0,0,0
"13057","5","3116","76","0","2023","4","N",1,0,0,0,0,0,0,0,"N",0.33,0,0,0,0,0,0,0,"N",0,0.0,0,0,0,0,0,0,0,0,0,0,0,0,0,0
"13057","5","31161","77","0","2023","4","N",1,0,0,0,0,0,0,0,"N",0.33,0,0,0,0,0,0,0,"N",0,0.0,0,0,0,0,0,0,0,0,0,0,0,0,0,0
"13057","5","311615","78","0","2023","4","N",1,0,0,0,0,0,0,0,"N",1.84,0,0,0,0,0,0,0,"N",0,0.0,0,0,0,0,0,0,0,0,0,0,0,0,0,0
"13057","5","3118","76","0","2023","4","",9,185,186,206,1903824,321100,3432,761,"",0.88,1.15,1.14,1.26,1.24,1.33,1.34,1.04,"",-1,-10.0,25,15.6,21,12.7,26,14.4,417481,28.1,45141,16.4,681,24.8,82,12.1
"13057","5","31181","77","0","2023","4","N",8,0,0,0,0,0,0,0,"N",0.88,0,0,0,0,0,0,0,"N",-1,-11.1,0,0,0,0,0,0,0,0,0,0,0,0,0,0
"13057","5","311811","78","0","2023","4","N",8,0,0,0,0,0,0,0,"N",1.31,0,0,0,0,0,0,0,"N",-1,-11.1,0,0,0,0,0,0,0,0,0,0,0,0,0,0
"13057","5","31182","77","0","2023","4","N",1,0,0,0,0,0,0,0,"N",1.21,0,0,0,0,0,0,0,"N",0,0.0,0,0,0,0,0,0,0,0,0,0,0,0,0,0
"13057","5","311824","78","0","2023","4","N",1,0,0,0,0,0,0,0,"N",3.04,0,0,0,0,0,0,0,"N",0,0.0,0,0,0,0,0,0,0,0,0,0,0,0,0,0
"13057","5","3119","76","0","2023","4","N",4,0,0,0,0,0,0,0,"N",0.74,0,0,0,0,0,0,0,"N",1,33.3,0,0,0,0,0,0,0,0,0,0,0,0,0,0
"13057","5","31192","77","0","2023","4","N",3,0,0,0,0,0,0,0,"N",2.79,0,0,0,0,0,0,0,"N",0,0.0,0,0,0,0,0,0,0,0,0,0,0,0,0,0
"13057","5","311920","78","0","2023","4","N",3,0,0,0,0,0,0,0,"N",2.79,0,0,0,0,0,0,0,"N",0,0.0,0,0,0,0,0,0,0,0,0,0,0,0,0,0
"13057","5","31193","77","0","2023","4","N",1,0,0,0,0,0,0,0,"N",4.63,0,0,0,0,0,0,0,"N",1,100.0,0,0,0,0,0,0,0,0,0,0,0,0,0,0
"13057","5","311930","78","0","2023","4","N",1,0,0,0,0,0,0,0,"N",4.63,0,0,0,0,0,0,0,"N",1,100.0,0,0,0,0,0,0,0,0,0,0,0,0,0,0
"13057","5","312","75","0","2023","4","",7,97,93,90,669380,106690,2614,552,"",0.64,0.59,0.58,0.57,0.38,0.54,1.03,0.65,"",2,40.0,8,9.0,6,6.9,10,12.5,69377,11.6,6161,6.1,202,8.4,11,2.0
"13057","5","3121","76","0","2023","4","",7,97,93,90,669380,106690,2614,552,"",0.66,0.61,0.60,0.59,0.40,0.55,1.09,0.67,"",2,40.0,8,9.0,6,6.9,10,12.5,69377,11.6,6161,6.1,202,8.4,11,2.0
"13057","5","31211","77","0","2023","4","N",2,0,0,0,0,0,0,0,"N",1.16,0,0,0,0,0,0,0,"N",1,100.0,0,0,0,0,0,0,0,0,0,0,0,0,0,0
"13057","5","312111","78","0","2023","4","N",1,0,0,0,0,0,0,0,"N",1.18,0,0,0,0,0,0,0,"N",1,100.0,0,0,0,0,0,0,0,0,0,0,0,0,0,0
"13057","5","312112","78","0","2023","4","N",1,0,0,0,0,0,0,0,"N",1.93,0,0,0,0,0,0,0,"N",0,0.0,0,0,0,0,0,0,0,0,0,0,0,0,0,0
"13057","5","31212","77","0","2023","4","N",3,0,0,0,0,0,0,0,"N",0.76,0,0,0,0,0,0,0,"N",0,0.0,0,0,0,0,0,0,0,0,0,0,0,0,0,0
"13057","5","312120","78","0","2023","4","N",3,0,0,0,0,0,0,0,"N",0.76,0,0,0,0,0,0,0,"N",0,0.0,0,0,0,0,0,0,0,0,0,0,0,0,0,0
"13057","5","31213","77","0","2023","4","N",2,0,0,0,0,0,0,0,"N",0.53,0,0,0,0,0,0,0,"N",1,100.0,0,0,0,0,0,0,0,0,0,0,0,0,0,0
"13057","5","312130","78","0","2023","4","N",2,0,0,0,0,0,0,0,"N",0.53,0,0,0,0,0,0,0,"N",1,100.0,0,0,0,0,0,0,0,0,0,0,0,0,0,0
"13057","5","313","75","0","2023","4","N",3,0,0,0,0,0,0,0,"N",1.66,0,0,0,0,0,0,0,"N",0,0.0,0,0,0,0,0,0,0,0,0,0,0,0,0,0
"13057","5","3131","76","0","2023","4","N",1,0,0,0,0,0,0,0,"N",3.93,0,0,0,0,0,0,0,"N",0,0.0,0,0,0,0,0,0,0,0,0,0,0,0,0,0
"13057","5","31311","77","0","2023","4","N",1,0,0,0,0,0,0,0,"N",3.93,0,0,0,0,0,0,0,"N",0,0.0,0,0,0,0,0,0,0,0,0,0,0,0,0,0
"13057","5","313110","78","0","2023","4","N",1,0,0,0,0,0,0,0,"N",3.93,0,0,0,0,0,0,0,"N",0,0.0,0,0,0,0,0,0,0,0,0,0,0,0,0,0
"13057","5","3132","76","0","2023","4","N",1,0,0,0,0,0,0,0,"N",1.41,0,0,0,0,0,0,0,"N",0,0.0,0,0,0,0,0,0,0,0,0,0,0,0,0,0
"13057","5","31321","77","0","2023","4","N",1,0,0,0,0,0,0,0,"N",4.02,0,0,0,0,0,0,0,"N",0,0.0,0,0,0,0,0,0,0,0,0,0,0,0,0,0
"13057","5","313210","78","0","2023","4","N",1,0,0,0,0,0,0,0,"N",4.02,0,0,0,0,0,0,0,"N",0,0.0,0,0,0,0,0,0,0,0,0,0,0,0,0,0
"13057","5","3133","76","0","2023","4","N",1,0,0,0,0,0,0,0,"N",1.19,0,0,0,0,0,0,0,"N",0,0.0,0,0,0,0,0,0,0,0,0,0,0,0,0,0
"13057","5","31331","77","0","2023","4","N",1,0,0,0,0,0,0,0,"N",1.41,0,0,0,0,0,0,0,"N",0,0.0,0,0,0,0,0,0,0,0,0,0,0,0,0,0
"13057","5","313310","78","0","2023","4","N",1,0,0,0,0,0,0,0,"N",1.41,0,0,0,0,0,0,0,"N",0,0.0,0,0,0,0,0,0,0,0,0,0,0,0,0,0
"13057","5","314","75","0","2023","4","",9,200,179,195,2818262,87278,668,1133,"",2.17,4.27,3.81,4.14,5.84,1.71,1.42,1.43,"",1,12.5,2,1.0,-22,-10.9,-7,-3.5,-242229,-7.9,-104475,-54.5,-969,-59.2,-42,-3.6
"13057","5","3141","76","0","2023","4","N",4,0,0,0,0,0,0,0,"N",3.90,0,0,0,0,0,0,0,"N",2,100.0,0,0,0,0,0,0,0,0,0,0,0,0,0,0
"13057","5","31411","77","0","2023","4","N",1,0,0,0,0,0,0,0,"N",3.56,0,0,0,0,0,0,0,"N",1,100.0,0,0,0,0,0,0,0,0,0,0,0,0,0,0
"13057","5","314110","78","0","2023","4","N",1,0,0,0,0,0,0,0,"N",3.56,0,0,0,0,0,0,0,"N",1,100.0,0,0,0,0,0,0,0,0,0,0,0,0,0,0
"13057","5","31412","77","0","2023","4","N",3,0,0,0,0,0,0,0,"N",4.03,0,0,0,0,0,0,0,"N",1,50.0,0,0,0,0,0,0,0,0,0,0,0,0,0,0
"13057","5","314120","78","0","2023","4","N",3,0,0,0,0,0,0,0,"N",4.03,0,0,0,0,0,0,0,"N",1,50.0,0,0,0,0,0,0,0,0,0,0,0,0,0,0
"13057","5","3149","76","0","2023","4","N",5,0,0,0,0,0,0,0,"N",1.60,0,0,0,0,0,0,0,"N",-1,-16.7,0,0,0,0,0,0,0,0,0,0,0,0,0,0
"13057","5","31491","77","0","2023","4","N",2,0,0,0,0,0,0,0,"N",1.84,0,0,0,0,0,0,0,"N",0,0.0,0,0,0,0,0,0,0,0,0,0,0,0,0,0
"13057","5","314910","78","0","2023","4","N",2,0,0,0,0,0,0,0,"N",1.84,0,0,0,0,0,0,0,"N",0,0.0,0,0,0,0,0,0,0,0,0,0,0,0,0,0
"13057","5","31499","77","0","2023","4","N",3,0,0,0,0,0,0,0,"N",1.48,0,0,0,0,0,0,0,"N",-1,-25.0,0,0,0,0,0,0,0,0,0,0,0,0,0,0
"13057","5","314999","78","0","2023","4","N",3,0,0,0,0,0,0,0,"N",1.55,0,0,0,0,0,0,0,"N",0,0.0,0,0,0,0,0,0,0,0,0,0,0,0,0,0
"13057","5","315","75","0","2023","4","N",1,0,0,0,0,0,0,0,"N",0.23,0,0,0,0,0,0,0,"N",0,0.0,0,0,0,0,0,0,0,0,0,0,0,0,0,0
"13057","5","3152","76","0","2023","4","N",1,0,0,0,0,0,0,0,"N",0.31,0,0,0,0,0,0,0,"N",0,0.0,0,0,0,0,0,0,0,0,0,0,0,0,0,0
"13057","5","31525","77","0","2023","4","N",1,0,0,0,0,0,0,0,"N",0.60,0,0,0,0,0,0,0,"N",0,0.0,0,0,0,0,0,0,0,0,0,0,0,0,0,0
"13057","5","315250","78","0","2023","4","N",1,0,0,0,0,0,0,0,"N",0.60,0,0,0,0,0,0,0,"N",0,0.0,0,0,0,0,0,0,0,0,0,0,0,0,0,0
"13057","5","316","75","0","2023","4","N",1,0,0,0,0,0,0,0,"N",0.99,0,0,0,0,0,0,0,"N",-1,-50.0,0,0,0,0,0,0,0,0,0,0,0,0,0,0
"13057","5","3162","76","0","2023","4","-",0,0,0,0,0,0,0,0,"N",0.00,0,0,0,0,0,0,0,"N",-1,-100.0,0,0,0,0,0,0,0,0,0,0,0,0,0,0
"13057","5","31621","77","0","2023","4","-",0,0,0,0,0,0,0,0,"N",0.00,0,0,0,0,0,0,0,"N",-1,-100.0,0,0,0,0,0,0,0,0,0,0,0,0,0,0
"13057","5","316210","78","0","2023","4","-",0,0,0,0,0,0,0,0,"N",0.00,0,0,0,0,0,0,0,"N",-1,-100.0,0,0,0,0,0,0,0,0,0,0,0,0,0,0
"13057","5","3169","76","0","2023","4","N",1,0,0,0,0,0,0,0,"N",1.61,0,0,0,0,0,0,0,"N",0,0.0,0,0,0,0,0,0,0,0,0,0,0,0,0,0
"13057","5","31699","77","0","2023","4","N",1,0,0,0,0,0,0,0,"N",1.61,0,0,0,0,0,0,0,"N",0,0.0,0,0,0,0,0,0,0,0,0,0,0,0,0,0
"13057","5","316990","78","0","2023","4","N",1,0,0,0,0,0,0,0,"N",1.61,0,0,0,0,0,0,0,"N",0,0.0,0,0,0,0,0,0,0,0,0,0,0,0,0,0
"13057","5","321","75","0","2023","4","",15,165,167,145,2209245,212146,3347,1069,"",1.43,0.83,0.84,0.73,0.94,0.74,1.28,1.17,"",1,7.1,-4,-2.4,0,0.0,-19,-11.6,21309,1.0,16965,8.7,1657,98.0,59,5.8
"13057","5","3212","76","0","2023","4","N",1,0,0,0,0,0,0,0,"N",0.84,0,0,0,0,0,0,0,"N",0,0.0,0,0,0,0,0,0,0,0,0,0,0,0,0,0
"13057","5","32121","77","0","2023","4","N",1,0,0,0,0,0,0,0,"N",0.84,0,0,0,0,0,0,0,"N",0,0.0,0,0,0,0,0,0,0,0,0,0,0,0,0,0
"13057","5","321215","78","0","2023","4","N",1,0,0,0,0,0,0,0,"N",1.31,0,0,0,0,0,0,0,"N",0,0.0,0,0,0,0,0,0,0,0,0,0,0,0,0,0
"13057","5","3219","76","0","2023","4","N",14,0,0,0,0,0,0,0,"N",1.99,0,0,0,0,0,0,0,"N",1,7.7,0,0,0,0,0,0,0,0,0,0,0,0,0,0
"13057","5","32191","77","0","2023","4","",10,142,145,123,1949501,210432,3337,1097,"",4.40,2.87,2.93,2.48,3.34,2.79,5.29,1.21,"N",1,11.1,0,0,0,0,0,0,0,0,0,0,0,0,0,0
"13057","5","321911","78","0","2023","4","N",3,0,0,0,0,0,0,0,"N",3.81,0,0,0,0,0,0,0,"N",1,50.0,0,0,0,0,0,0,0,0,0,0,0,0,0,0
"13057","5","321912","78","0","2023","4","N",1,0,0,0,0,0,0,0,"N",2.74,0,0,0,0,0,0,0,"N",0,0.0,0,0,0,0,0,0,0,0,0,0,0,0,0,0
"13057","5","321918","78","0","2023","4","",6,106,108,87,1396027,95394,622,1070,"",5.35,6.70,6.81,5.49,7.89,5.40,3.50,1.25,"",0,0.0,-9,-7.8,-5,-4.4,-25,-22.3,-47074,-3.3,-51097,-34.9,-75,-10.8,91,9.3
"13057","5","32199","77","0","2023","4","N",4,0,0,0,0,0,0,0,"N",1.48,0,0,0,0,0,0,0,"N",0,0.0,0,0,0,0,0,0,0,0,0,0,0,0,0,0
"13057","5","321992","78","0","2023","4","N",2,0,0,0,0,0,0,0,"N",3.24,0,0,0,0,0,0,0,"N",0,0.0,0,0,0,0,0,0,0,0,0,0,0,0,0,0
"13057","5","321999","78","0","2023","4","N",2,0,0,0,0,0,0,0,"N",1.10,0,0,0,0,0,0,0,"N",0,0.0,0,0,0,0,0,0,0,0,0,0,0,0,0,0
"13057","5","322","75","0","2023","4","N",2,0,0,0,0,0,0,0,"N",0.55,0,0,0,0,0,0,0,"N",1,100.0,0,0,0,0,0,0,0,0,0,0,0,0,0,0
"13057","5","3222","76","0","2023","4","N",2,0,0,0,0,0,0,0,"N",0.65,0,0,0,0,0,0,0,"N",1,100.0,0,0,0,0,0,0,0,0,0,0,0,0,0,0
"13057","5","32221","77","0","2023","4","N",2,0,0,0,0,0,0,0,"N",1.26,0,0,0,0,0,0,0,"N",1,100.0,0,0,0,0,0,0,0,0,0,0,0,0,0,0
"13057","5","322211","78","0","2023","4","N",2,0,0,0,0,0,0,0,"N",1.88,0,0,0,0,0,0,0,"N",1,100.0,0,0,0,0,0,0,0,0,0,0,0,0,0,0
"13057","5","323","75","0","2023","4","",19,248,254,248,3292230,173122,1374,1013,"",1.04,1.43,1.46,1.42,1.63,0.91,0.75,1.13,"",1,5.6,72,40.9,75,41.9,66,36.3,988355,42.9,16513,10.5,430,45.6,23,2.3
"13057","5","3231","76","0","2023","4","",19,248,254,248,3292230,173122,1374,1013,"",1.04,1.43,1.46,1.42,1.63,0.91,0.75,1.13,"",1,5.6,72,40.9,75,41.9,66,36.3,988355,42.9,16513,10.5,430,45.6,23,2.3
"13057","5","32311","77","0","2023","4","",19,248,254,248,3292230,173122,1374,1013,"",1.09,1.50,1.53,1.49,1.71,0.95,0.78,1.14,"",1,5.6,72,40.9,75,41.9,66,36.3,988355,42.9,16513,10.5,430,45.6,23,2.3
"13057","5","323111","78","0","2023","4","",14,185,191,186,2579344,111862,1002,1059,"",1.15,1.51,1.55,1.51,1.69,0.87,0.81,1.11,"",1,7.7,72,63.7,78,69.0,69,59.0,1027558,66.2,26330,30.8,859,600.7,15,1.4
"13057","5","323113","78","0","2023","4","",5,63,63,62,712886,61260,372,875,"",1.00,1.71,1.70,1.68,2.19,1.26,0.80,1.29,"",0,0.0,0,0.0,-3,-4.5,-3,-4.6,-39203,-5.2,-9817,-13.8,-429,-53.6,-20,-2.2
"13057","5","324","75","0","2023","4","N",1,0,0,0,0,0,0,0,"N",0.60,0,0,0,0,0,0,0,"N",0,0.0,0,0,0,0,0,0,0,0,0,0,0,0,0,0
"13057","5","3241","76","0","2023","4","N",1,0,0,0,0,0,0,0,"N",0.60,0,0,0,0,0,0,0,"N",0,0.0,0,0,0,0,0,0,0,0,0,0,0,0,0,0
"13057","5","32412","77","0","2023","4","N",1,0,0,0,0,0,0,0,"N",1.17,0,0,0,0,0,0,0,"N",0,0.0,0,0,0,0,0,0,0,0,0,0,0,0,0,0
"13057","5","324121","78","0","2023","4","N",1,0,0,0,0,0,0,0,"N",1.52,0,0,0,0,0,0,0,"N",0,0.0,0,0,0,0,0,0,0,0,0,0,0,0,0,0
"13057","5","325","75","0","2023","4","",17,71,73,72,1404736,80463,1396,1501,"",1.05,0.17,0.17,0.17,0.16,0.25,0.46,0.96,"",1,6.2,-31,-30.4,-30,-29.1,-30,-29.4,-420430,-23.0,-336066,-80.7,-8273,-85.6,129,9.4
"13057","5","3252","76","0","2023","4","N",2,0,0,0,0,0,0,0,"N",1.55,0,0,0,0,0,0,0,"N",1,100.0,0,0,0,0,0,0,0,0,0,0,0,0,0,0
"13057","5","32521","77","0","2023","4","N",2,0,0,0,0,0,0,0,"N",1.76,0,0,0,0,0,0,0,"N",1,100.0,0,0,0,0,0,0,0,0,0,0,0,0,0,0
"13057","5","325211","78","0","2023","4","N",2,0,0,0,0,0,0,0,"N",2.02,0,0,0,0,0,0,0,"N",1,100.0,0,0,0,0,0,0,0,0,0,0,0,0,0,0
"13057","5","3254","76","0","2023","4","N",1,0,0,0,0,0,0,0,"N",0.21,0,0,0,0,0,0,0,"N",0,0.0,0,0,0,0,0,0,0,0,0,0,0,0,0,0
"13057","5","32541","77","0","2023","4","N",1,0,0,0,0,0,0,0,"N",0.21,0,0,0,0,0,0,0,"N",0,0.0,0,0,0,0,0,0,0,0,0,0,0,0,0,0
"13057","5","325411","78","0","2023","4","N",1,0,0,0,0,0,0,0,"N",1.04,0,0,0,0,0,0,0,"N",0,0.0,0,0,0,0,0,0,0,0,0,0,0,0,0,0
"13057","5","3255","76","0","2023","4","N",5,0,0,0,0,0,0,0,"N",3.06,0,0,0,0,0,0,0,"N",0,0.0,0,0,0,0,0,0,0,0,0,0,0,0,0,0
"13057","5","32551","77","0","2023","4","N",4,0,0,0,0,0,0,0,"N",3.49,0,0,0,0,0,0,0,"N",0,0.0,0,0,0,0,0,0,0,0,0,0,0,0,0,0
"13057","5","325510","78","0","2023","4","N",4,0,0,0,0,0,0,0,"N",3.49,0,0,0,0,0,0,0,"N",0,0.0,0,0,0,0,0,0,0,0,0,0,0,0,0,0
"13057","5","32552","77","0","2023","4","N",1,0,0,0,0,0,0,0,"N",2.07,0,0,0,0,0,0,0,"N",0,0.0,0,0,0,0,0,0,0,0,0,0,0,0,0,0
"13057","5","325520","78","0","2023","4","N",1,0,0,0,0,0,0,0,"N",2.07,0,0,0,0,0,0,0,"N",0,0.0,0,0,0,0,0,0,0,0,0,0,0,0,0,0
"13057","5","3256","76","0","2023","4","",5,11,11,11,278870,2336,29,1950,"",1.94,0.21,0.20,0.20,0.32,0.05,0.05,1.57,"",0,0.0,-16,-59.3,-17,-60.7,-17,-60.7,-429919,-60.7,-12904,-84.7,-110,-79.1,-21,-1.1
"13057","5","32561","77","0","2023","4","N",4,0,0,0,0,0,0,0,"N",2.86,0,0,0,0,0,0,0,"N",1,33.3,0,0,0,0,0,0,0,0,0,0,0,0,0,0
"13057","5","325611","78","0","2023","4","N",3,0,0,0,0,0,0,0,"N",3.95,0,0,0,0,0,0,0,"N",1,50.0,0,0,0,0,0,0,0,0,0,0,0,0,0,0
"13057","5","325612","78","0","2023","4","N",1,0,0,0,0,0,0,0,"N",1.84,0,0,0,0,0,0,0,"N",0,0.0,0,0,0,0,0,0,0,0,0,0,0,0,0,0
"13057","5","32562","77","0","2023","4","N",1,0,0,0,0,0,0,0,"N",0.84,0,0,0,0,0,0,0,"N",-1,-50.0,0,0,0,0,0,0,0,0,0,0,0,0,0,0
"13057","5","325620","78","0","2023","4","N",1,0,0,0,0,0,0,0,"N",0.84,0,0,0,0,0,0,0,"N",-1,-50.0,0,0,0,0,0,0,0,0,0,0,0,0,0,0
"13057","5","3259","76","0","2023","4","N",4,0,0,0,0,0,0,0,"N",1.78,0,0,0,0,0,0,0,"N",0,0.0,0,0,0,0,0,0,0,0,0,0,0,0,0,0
"13057","5","32599","77","0","2023","4","N",4,0,0,0,0,0,0,0,"N",2.11,0,0,0,0,0,0,0,"N",0,0.0,0,0,0,0,0,0,0,0,0,0,0,0,0,0
"13057","5","325998","78","0","2023","4","N",4,0,0,0,0,0,0,0,"N",2.77,0,0,0,0,0,0,0,"N",0,0.0,0,0,0,0,0,0,0,0,0,0,0,0,0,0
"13057","5","326","75","0","2023","4","",7,433,417,415,6166798,283790,1559,1125,"",0.75,1.26,1.21,1.20,1.34,0.85,0.47,1.09,"",-4,-36.4,-19,-4.2,-38,-8.4,-37,-8.2,74753,1.2,63168,28.6,960,160.3,91,8.8
"13057","5","3261","76","0","2023","4","",7,433,417,415,6166798,283790,1559,1125,"",0.88,1.54,1.48,1.47,1.64,0.98,0.54,1.09,"",-4,-36.4,-19,-4.2,-38,-8.4,-37,-8.2,74753,1.2,63168,28.6,960,160.3,91,8.8
"13057","5","32612","77","0","2023","4","N",1,0,0,0,0,0,0,0,"N",1.38,0,0,0,0,0,0,0,"N",-1,-50.0,0,0,0,0,0,0,0,0,0,0,0,0,0,0
"13057","5","326121","78","0","2023","4","N",1,0,0,0,0,0,0,0,"N",3.23,0,0,0,0,0,0,0,"N",0,0.0,0,0,0,0,0,0,0,0,0,0,0,0,0,0
"13057","5","326122","78","0","2023","4","-",0,0,0,0,0,0,0,0,"N",0.00,0,0,0,0,0,0,0,"N",-1,-100.0,0,0,0,0,0,0,0,0,0,0,0,0,0,0
"13057","5","32615","77","0","2023","4","N",1,0,0,0,0,0,0,0,"N",1.69,0,0,0,0,0,0,0,"N",0,0.0,0,0,0,0,0,0,0,0,0,0,0,0,0,0
"13057","5","326150","78","0","2023","4","N",1,0,0,0,0,0,0,0,"N",1.69,0,0,0,0,0,0,0,"N",0,0.0,0,0,0,0,0,0,0,0,0,0,0,0,0,0
"13057","5","32619","77","0","2023","4","",5,403,391,389,5875457,279626,1539,1146,"",1.13,2.67,2.59,2.57,2.89,1.75,0.93,1.11,"",-3,-37.5,9,2.3,-4,-1.0,-3,-0.8,543696,10.2,110948,65.8,1029,201.8,104,10.0
"13057","5","326191","78","0","2023","4","N",3,0,0,0,0,0,0,0,"N",12.60,0,0,0,0,0,0,0,"N",-2,-40.0,0,0,0,0,0,0,0,0,0,0,0,0,0,0
"13057","5","326199","78","0","2023","4","N",2,0,0,0,0,0,0,0,"N",0.48,0,0,0,0,0,0,0,"N",-1,-33.3,0,0,0,0,0,0,0,0,0,0,0,0,0,0
"13057","5","327","75","0","2023","4","",17,192,192,195,3998203,157094,2060,1594,"",1.48,0.97,0.97,0.99,1.41,0.80,0.75,1.44,"",-1,-5.6,19,11.0,18,10.3,22,12.7,869816,27.8,36314,30.1,668,48.0,206,14.8
"13057","5","3271","76","0","2023","4","N",1,0,0,0,0,0,0,0,"N",1.03,0,0,0,0,0,0,0,"N",0,0.0,0,0,0,0,0,0,0,0,0,0,0,0,0,0
"13057","5","32711","77","0","2023","4","N",1,0,0,0,0,0,0,0,"N",1.90,0,0,0,0,0,0,0,"N",0,0.0,0,0,0,0,0,0,0,0,0,0,0,0,0,0
"13057","5","327110","78","0","2023","4","N",1,0,0,0,0,0,0,0,"N",1.90,0,0,0,0,0,0,0,"N",0,0.0,0,0,0,0,0,0,0,0,0,0,0,0,0,0
"13057","5","3272","76","0","2023","4","N",2,0,0,0,0,0,0,0,"N",1.53,0,0,0,0,0,0,0,"N",0,0.0,0,0,0,0,0,0,0,0,0,0,0,0,0,0
"13057","5","32721","77","0","2023","4","N",2,0,0,0,0,0,0,0,"N",1.53,0,0,0,0,0,0,0,"N",0,0.0,0,0,0,0,0,0,0,0,0,0,0,0,0,0
"13057","5","327215","78","0","2023","4","N",2,0,0,0,0,0,0,0,"N",2.49,0,0,0,0,0,0,0,"N",0,0.0,0,0,0,0,0,0,0,0,0,0,0,0,0,0
"13057","5","3273","76","0","2023","4","",9,149,150,153,3278682,119986,872,1674,"",1.48,1.52,1.53,1.58,2.24,1.20,0.52,1.45,"",0,0.0,20,15.5,20,15.4,24,18.6,860275,35.6,11720,10.8,43,5.2,236,16.4
"13057","5","32731","77","0","2023","4","N",5,0,0,0,0,0,0,0,"N",17.87,0,0,0,0,0,0,0,"N",0,0.0,0,0,0,0,0,0,0,0,0,0,0,0,0,0
"13057","5","327310","78","0","2023","4","N",5,0,0,0,0,0,0,0,"N",17.87,0,0,0,0,0,0,0,"N",0,0.0,0,0,0,0,0,0,0,0,0,0,0,0,0,0
"13057","5","32732","77","0","2023","4","N",4,0,0,0,0,0,0,0,"N",1.07,0,0,0,0,0,0,0,"N",0,0.0,0,0,0,0,0,0,0,0,0,0,0,0,0,0
"13057","5","327320","78","0","2023","4","N",4,0,0,0,0,0,0,0,"N",1.07,0,0,0,0,0,0,0,"N",0,0.0,0,0,0,0,0,0,0,0,0,0,0,0,0,0
"13057","5","3274","76","0","2023","4","N",1,0,0,0,0,0,0,0,"N",4.08,0,0,0,0,0,0,0,"N",0,0.0,0,0,0,0,0,0,0,0,0,0,0,0,0,0
"13057","5","32742","77","0","2023","4","N",1,0,0,0,0,0,0,0,"N",5.53,0,0,0,0,0,0,0,"N",0,0.0,0,0,0,0,0,0,0,0,0,0,0,0,0,0
"13057","5","327420","78","0","2023","4","N",1,0,0,0,0,0,0,0,"N",5.53,0,0,0,0,0,0,0,"N",0,0.0,0,0,0,0,0,0,0,0,0,0,0,0,0,0
"13057","5","3279","76","0","2023","4","N",4,0,0,0,0,0,0,0,"N",1.40,0,0,0,0,0,0,0,"N",-1,-20.0,0,0,0,0,0,0,0,0,0,0,0,0,0,0
"13057","5","32799","77","0","2023","4","N",4,0,0,0,0,0,0,0,"N",1.55,0,0,0,0,0,0,0,"N",-1,-20.0,0,0,0,0,0,0,0,0,0,0,0,0,0,0
"13057","5","327991","78","0","2023","4","N",4,0,0,0,0,0,0,0,"N",2.08,0,0,0,0,0,0,0,"N",-1,-20.0,0,0,0,0,0,0,0,0,0,0,0,0,0,0
"13057","5","331","75","0","2023","4","N",2,0,0,0,0,0,0,0,"N",0.52,0,0,0,0,0,0,0,"N",-1,-33.3,0,0,0,0,0,0,0,0,0,0,0,0,0,0
"13057","5","3313","76","0","2023","4","N",1,0,0,0,0,0,0,0,"N",1.96,0,0,0,0,0,0,0,"N",0,0.0,0,0,0,0,0,0,0,0,0,0,0,0,0,0
"13057","5","33131","77","0","2023","4","N",1,0,0,0,0,0,0,0,"N",1.96,0,0,0,0,0,0,0,"N",0,0.0,0,0,0,0,0,0,0,0,0,0,0,0,0,0
"13057","5","331318","78","0","2023","4","N",1,0,0,0,0,0,0,0,"N",4.40,0,0,0,0,0,0,0,"N",0,0.0,0,0,0,0,0,0,0,0,0,0,0,0,0,0
"13057","5","3314","76","0","2023","4","N",1,0,0,0,0,0,0,0,"N",1.40,0,0,0,0,0,0,0,"N",0,0.0,0,0,0,0,0,0,0,0,0,0,0,0,0,0
"13057","5","33149","77","0","2023","4","N",1,0,0,0,0,0,0,0,"N",2.59,0,0,0,0,0,0,0,"N",0,0.0,0,0,0,0,0,0,0,0,0,0,0,0,0,0
"13057","5","331492","78","0","2023","4","N",1,0,0,0,0,0,0,0,"N",5.80,0,0,0,0,0,0,0,"N",0,0.0,0,0,0,0,0,0,0,0,0,0,0,0,0,0
"13057","5","332","75","0","2023","4","",37,1009,1020,1011,18989227,598105,4546,1441,"",0.93,1.48,1.49,1.48,1.98,0.91,0.61,1.33,"",4,12.1,20,2.0,25,2.5,19,1.9,2228490,13.3,125285,26.5,-580,-11.3,141,10.8
"13057","5","3321","76","0","2023","4","N",1,0,0,0,0,0,0,0,"N",0.68,0,0,0,0,0,0,0,"N",1,100.0,0,0,0,0,0,0,0,0,0,0,0,0,0,0
"13057","5","33211","77","0","2023","4","N",1,0,0,0,0,0,0,0,"N",0.68,0,0,0,0,0,0,0,"N",1,100.0,0,0,0,0,0,0,0,0,0,0,0,0,0,0
"13057","5","332111","78","0","2023","4","N",1,0,0,0,0,0,0,0,"N",2.98,0,0,0,0,0,0,0,"N",1,100.0,0,0,0,0,0,0,0,0,0,0,0,0,0,0
"13057","5","3322","76","0","2023","4","N",2,0,0,0,0,0,0,0,"N",2.16,0,0,0,0,0,0,0,"N",0,0.0,0,0,0,0,0,0,0,0,0,0,0,0,0,0
"13057","5","33221","77","0","2023","4","N",2,0,0,0,0,0,0,0,"N",2.16,0,0,0,0,0,0,0,"N",0,0.0,0,0,0,0,0,0,0,0,0,0,0,0,0,0
"13057","5","332215","78","0","2023","4","N",1,0,0,0,0,0,0,0,"N",4.15,0,0,0,0,0,0,0,"N",0,0.0,0,0,0,0,0,0,0,0,0,0,0,0,0,0
"13057","5","332216","78","0","2023","4","N",1,0,0,0,0,0,0,0,"N",1.46,0,0,0,0,0,0,0,"N",0,0.0,0,0,0,0,0,0,0,0,0,0,0,0,0,0
"13057","5","3323","76","0","2023","4","",7,193,192,190,3143863,186804,1277,1262,"",0.65,1.00,0.99,0.97,1.14,0.85,0.51,1.15,"",1,16.7,23,13.5,20,11.6,19,11.1,567982,22.1,49250,35.8,-86,-6.3,103,8.9
"13057","5","33231","77","0","2023","4","N",1,0,0,0,0,0,0,0,"N",0.21,0,0,0,0,0,0,0,"N",0,0.0,0,0,0,0,0,0,0,0,0,0,0,0,0,0
"13057","5","332311","78","0","2023","4","N",1,0,0,0,0,0,0,0,"N",1.06,0,0,0,0,0,0,0,"N",0,0.0,0,0,0,0,0,0,0,0,0,0,0,0,0,0
"13057","5","33232","77","0","2023","4","N",6,0,0,0,0,0,0,0,"N",0.99,0,0,0,0,0,0,0,"N",1,20.0,0,0,0,0,0,0,0,0,0,0,0,0,0,0
"13057","5","332321","78","0","2023","4","N",3,0,0,0,0,0,0,0,"N",3.03,0,0,0,0,0,0,0,"N",1,50.0,0,0,0,0,0,0,0,0,0,0,0,0,0,0
"13057","5","332322","78","0","2023","4","N",2,0,0,0,0,0,0,0,"N",0.68,0,0,0,0,0,0,0,"N",0,0.0,0,0,0,0,0,0,0,0,0,0,0,0,0,0
"13057","5","332323","78","0","2023","4","N",1,0,0,0,0,0,0,0,"N",0.47,0,0,0,0,0,0,0,"N",0,0.0,0,0,0,0,0,0,0,0,0,0,0,0,0,0
"13057","5","3324","76","0","2023","4","N",5,0,0,0,0,0,0,0,"N",3.61,0,0,0,0,0,0,0,"N",1,25.0,0,0,0,0,0,0,0,0,0,0,0,0,0,0
"13057","5","33242","77","0","2023","4","N",5,0,0,0,0,0,0,0,"N",7.78,0,0,0,0,0,0,0,"N",1,25.0,0,0,0,0,0,0,0,0,0,0,0,0,0,0
"13057","5","332420","78","0","2023","4","N",5,0,0,0,0,0,0,0,"N",7.78,0,0,0,0,0,0,0,"N",1,25.0,0,0,0,0,0,0,0,0,0,0,0,0,0,0
"13057","5","3325","76","0","2023","4","N",2,0,0,0,0,0,0,0,"N",3.54,0,0,0,0,0,0,0,"N",1,100.0,0,0,0,0,0,0,0,0,0,0,0,0,0,0
"13057","5","33251","77","0","2023","4","N",2,0,0,0,0,0,0,0,"N",3.54,0,0,0,0,0,0,0,"N",1,100.0,0,0,0,0,0,0,0,0,0,0,0,0,0,0
"13057","5","332510","78","0","2023","4","N",2,0,0,0,0,0,0,0,"N",3.54,0,0,0,0,0,0,0,"N",1,100.0,0,0,0,0,0,0,0,0,0,0,0,0,0,0
"13057","5","3327","76","0","2023","4","",9,215,212,208,2377523,62214,761,864,"",0.65,1.35,1.33,1.30,1.10,0.43,0.47,0.83,"",-1,-10.0,1,0.5,1,0.5,-8,-3.7,262834,12.4,-10930,-14.9,67,9.7,103,13.5
"13057","5","33271","77","0","2023","4","",9,215,212,208,2377523,62214,761,864,"",0.72,1.74,1.71,1.67,1.42,0.51,0.57,0.83,"",-1,-10.0,1,0.5,1,0.5,-8,-3.7,262834,12.4,-10930,-14.9,67,9.7,103,13.5
"13057","5","332710","78","0","2023","4","",9,215,212,208,2377523,62214,761,864,"",0.72,1.74,1.71,1.67,1.42,0.51,0.57,0.83,"",-1,-10.0,1,0.5,1,0.5,-8,-3.7,262834,12.4,-10930,-14.9,67,9.7,103,13.5
"13057","5","3328","76","0","2023","4","N",3,0,0,0,0,0,0,0,"N",0.74,0,0,0,0,0,0,0,"N",0,0.0,0,0,0,0,0,0,0,0,0,0,0,0,0,0
"13057","5","33281","77","0","2023","4","N",3,0,0,0,0,0,0,0,"N",0.74,0,0,0,0,0,0,0,"N",0,0.0,0,0,0,0,0,0,0,0,0,0,0,0,0,0
"13057","5","332812","78","0","2023","4","N",2,0,0,0,0,0,0,0,"N",0.99,0,0,0,0,0,0,0,"N",0,0.0,0,0,0,0,0,0,0,0,0,0,0,0,0,0
"13057","5","332813","78","0","2023","4","N",1,0,0,0,0,0,0,0,"N",0.63,0,0,0,0,0,0,0,"N",0,0.0,0,0,0,0,0,0,0,0,0,0,0,0,0,0
"13057","5","3329","76","0","2023","4","",8,122,128,126,2344422,54582,407,1439,"",1.38,0.93,0.97,0.95,1.18,0.50,0.33,1.24,"",1,14.3,-1,-0.8,0,0.0,1,0.8,157752,7.2,-27348,-33.4,-405,-49.9,97,7.2
"13057","5","33291","77","0","2023","4","N",3,0,0,0,0,0,0,0,"N",2.39,0,0,0,0,0,0,0,"N",0,0.0,0,0,0,0,0,0,0,0,0,0,0,0,0,0
"13057","5","332911","78","0","2023","4","N",1,0,0,0,0,0,0,0,"N",2.12,0,0,0,0,0,0,0,"N",0,0.0,0,0,0,0,0,0,0,0,0,0,0,0,0,0
"13057","5","332919","78","0","2023","4","N",2,0,0,0,0,0,0,0,"N",9.09,0,0,0,0,0,0,0,"N",0,0.0,0,0,0,0,0,0,0,0,0,0,0,0,0,0
"13057","5","33299","77","0","2023","4","N",5,0,0,0,0,0,0,0,"N",1.10,0,0,0,0,0,0,0,"N",1,25.0,0,0,0,0,0,0,0,0,0,0,0,0,0,0
"13057","5","332991","78","0","2023","4","N",1,0,0,0,0,0,0,0,"N",6.05,0,0,0,0,0,0,0,"N",0,0.0,0,0,0,0,0,0,0,0,0,0,0,0,0,0
"13057","5","332994","78","0","2023","4","N",1,0,0,0,0,0,0,0,"N",1.85,0,0,0,0,0,0,0,"N",0,0.0,0,0,0,0,0,0,0,0,0,0,0,0,0,0
"13057","5","332996","78","0","2023","4","N",1,0,0,0,0,0,0,0,"N",1.60,0,0,0,0,0,0,0,"N",0,0.0,0,0,0,0,0,0,0,0,0,0,0,0,0,0
"13057","5","332999","78","0","2023","4","N",2,0,0,0,0,0,0,0,"N",0.67,0,0,0,0,0,0,0,"N",1,100.0,0,0,0,0,0,0,0,0,0,0,0,0,0,0
"13057","5","333","75","0","2023","4","",21,471,466,461,8633538,203244,2210,1425,"",0.95,0.89,0.88,0.86,0.98,0.45,0.46,1.12,"",2,10.5,3,0.6,-5,-1.1,-12,-2.5,-39876,-0.5,-138410,-40.5,626,39.5,7,0.5
"13057","5","3332","76","0","2023","4","N",5,0,0,0,0,0,0,0,"N",1.42,0,0,0,0,0,0,0,"N",1,25.0,0,0,0,0,0,0,0,0,0,0,0,0,0,0
"13057","5","33324","77","0","2023","4","N",5,0,0,0,0,0,0,0,"N",1.42,0,0,0,0,0,0,0,"N",1,25.0,0,0,0,0,0,0,0,0,0,0,0,0,0,0
"13057","5","333241","78","0","2023","4","N",2,0,0,0,0,0,0,0,"N",3.32,0,0,0,0,0,0,0,"N",0,0.0,0,0,0,0,0,0,0,0,0,0,0,0,0,0
"13057","5","333243","78","0","2023","4","N",1,0,0,0,0,0,0,0,"N",2.75,0,0,0,0,0,0,0,"N",0,0.0,0,0,0,0,0,0,0,0,0,0,0,0,0,0
"13057","5","333248","78","0","2023","4","N",2,0,0,0,0,0,0,0,"N",0.87,0,0,0,0,0,0,0,"N",1,100.0,0,0,0,0,0,0,0,0,0,0,0,0,0,0
"13057","5","3333","76","0","2023","4","",6,123,122,118,2406700,65277,402,1530,"",2.92,2.93,2.90,2.79,3.34,1.87,1.12,1.16,"N",1,20.0,0,0,0,0,0,0,0,0,0,0,0,0,0,0
"13057","5","33331","77","0","2023","4","",6,123,122,118,2406700,65277,402,1530,"",2.92,2.93,2.90,2.79,3.34,1.87,1.12,1.16,"N",1,20.0,0,0,0,0,0,0,0,0,0,0,0,0,0,0
"13057","5","333310","78","0","2023","4","",6,123,122,118,2406700,65277,402,1530,"",2.92,2.93,2.90,2.79,3.34,1.87,1.12,1.16,"N",1,20.0,0,0,0,0,0,0,0,0,0,0,0,0,0,0
"13057","5","3334","76","0","2023","4","N",4,0,0,0,0,0,0,0,"N",2.13,0,0,0,0,0,0,0,"N",1,33.3,0,0,0,0,0,0,0,0,0,0,0,0,0,0
"13057","5","33341","77","0","2023","4","N",4,0,0,0,0,0,0,0,"N",2.13,0,0,0,0,0,0,0,"N",1,33.3,0,0,0,0,0,0,0,0,0,0,0,0,0,0
"13057","5","333413","78","0","2023","4","N",3,0,0,0,0,0,0,0,"N",5.31,0,0,0,0,0,0,0,"N",1,50.0,0,0,0,0,0,0,0,0,0,0,0,0,0,0
"13057","5","333415","78","0","2023","4","N",1,0,0,0,0,0,0,0,"N",1.03,0,0,0,0,0,0,0,"N",0,0.0,0,0,0,0,0,0,0,0,0,0,0,0,0,0
"13057","5","3335","76","0","2023","4","N",1,0,0,0,0,0,0,0,"N",0.20,0,0,0,0,0,0,0,"N",-1,-50.0,0,0,0,0,0,0,0,0,0,0,0,0,0,0
"13057","5","33351","77","0","2023","4","N",1,0,0,0,0,0,0,0,"N",0.20,0,0,0,0,0,0,0,"N",-1,-50.0,0,0,0,0,0,0,0,0,0,0,0,0,0,0
"13057","5","333517","78","0","2023","4","N",1,0,0,0,0,0,0,0,"N",0.73,0,0,0,0,0,0,0,"N",0,0.0,0,0,0,0,0,0,0,0,0,0,0,0,0,0
"13057","5","3336","76","0","2023","4","N",1,0,0,0,0,0,0,0,"N",1.05,0,0,0,0,0,0,0,"N",1,100.0,0,0,0,0,0,0,0,0,0,0,0,0,0,0
"13057","5","33361","77","0","2023","4","N",1,0,0,0,0,0,0,0,"N",1.05,0,0,0,0,0,0,0,"N",1,100.0,0,0,0,0,0,0,0,0,0,0,0,0,0,0
"13057","5","333611","78","0","2023","4","N",1,0,0,0,0,0,0,0,"N",3.50,0,0,0,0,0,0,0,"N",1,100.0,0,0,0,0,0,0,0,0,0,0,0,0,0,0
"13057","5","3339","76","0","2023","4","",4,34,32,33,553918,58444,872,1291,"",0.70,0.25,0.24,0.24,0.26,0.51,0.71,1.04,"",0,0.0,1,3.0,-1,-3.0,0,0.0,-58011,-9.5,-4152,-6.6,221,33.9,-135,-9.5
"13057","5","33392","77","0","2023","4","N",2,0,0,0,0,0,0,0,"N",1.34,0,0,0,0,0,0,0,"N",-1,-33.3,0,0,0,0,0,0,0,0,0,0,0,0,0,0
"13057","5","333922","78","0","2023","4","N",1,0,0,0,0,0,0,0,"N",1.42,0,0,0,0,0,0,0,"N",-1,-50.0,0,0,0,0,0,0,0,0,0,0,0,0,0,0
"13057","5","333923","78","0","2023","4","N",1,0,0,0,0,0,0,0,"N",3.20,0,0,0,0,0,0,0,"N",0,0.0,0,0,0,0,0,0,0,0,0,0,0,0,0,0
"13057","5","33399","77","0","2023","4","N",2,0,0,0,0,0,0,0,"N",0.60,0,0,0,0,0,0,0,"N",1,100.0,0,0,0,0,0,0,0,0,0,0,0,0,0,0
"13057","5","333993","78","0","2023","4","N",1,0,0,0,0,0,0,0,"N",1.65,0,0,0,0,0,0,0,"N",1,100.0,0,0,0,0,0,0,0,0,0,0,0,0,0,0
"13057","5","333998","78","0","2023","4","N",1,0,0,0,0,0,0,0,"N",0.75,0,0,0,0,0,0,0,"N",0,0.0,0,0,0,0,0,0,0,0,0,0,0,0,0,0
"13057","5","334","75","0","2023","4","",18,72,71,69,1344839,37820,478,1464,"",1.07,0.14,0.14,0.13,0.08,0.11,0.14,0.61,"",-1,-5.3,-19,-20.9,-20,-22.0,-26,-27.4,-630042,-31.9,-36178,-48.9,-194,-28.9,-181,-11.0
"13057","5","3341","76","0","2023","4","-",0,0,0,0,0,0,0,0,"N",0.00,0,0,0,0,0,0,0,"N",-1,-100.0,0,0,0,0,0,0,0,0,0,0,0,0,0,0
"13057","5","33411","77","0","2023","4","-",0,0,0,0,0,0,0,0,"N",0.00,0,0,0,0,0,0,0,"N",-1,-100.0,0,0,0,0,0,0,0,0,0,0,0,0,0,0
"13057","5","334111","78","0","2023","4","-",0,0,0,0,0,0,0,0,"N",0.00,0,0,0,0,0,0,0,"N",-1,-100.0,0,0,0,0,0,0,0,0,0,0,0,0,0,0
"13057","5","3342","76","0","2023","4","N",1,0,0,0,0,0,0,0,"N",0.53,0,0,0,0,0,0,0,"N",0,0.0,0,0,0,0,0,0,0,0,0,0,0,0,0,0
"13057","5","33422","77","0","2023","4","N",1,0,0,0,0,0,0,0,"N",0.96,0,0,0,0,0,0,0,"N",0,0.0,0,0,0,0,0,0,0,0,0,0,0,0,0,0
"13057","5","334220","78","0","2023","4","N",1,0,0,0,0,0,0,0,"N",0.96,0,0,0,0,0,0,0,"N",0,0.0,0,0,0,0,0,0,0,0,0,0,0,0,0,0
"13057","5","3343","76","0","2023","4","N",1,0,0,0,0,0,0,0,"N",1.43,0,0,0,0,0,0,0,"N",1,100.0,0,0,0,0,0,0,0,0,0,0,0,0,0,0
"13057","5","33431","77","0","2023","4","N",1,0,0,0,0,0,0,0,"N",1.43,0,0,0,0,0,0,0,"N",1,100.0,0,0,0,0,0,0,0,0,0,0,0,0,0,0
"13057","5","334310","78","0","2023","4","N",1,0,0,0,0,0,0,0,"N",1.43,0,0,0,0,0,0,0,"N",1,100.0,0,0,0,0,0,0,0,0,0,0,0,0,0,0
"13057","5","3344","76","0","2023","4","",6,16,15,15,152507,14176,31,765,"",1.32,0.09,0.08,0.08,0.03,0.10,0.02,0.34,"",0,0.0,1,6.7,1,7.1,-1,-6.2,-75711,-33.2,3482,32.6,9,40.9,-405,-34.6
"13057","5","33441","77","0","2023","4","",6,16,15,15,152507,14176,31,765,"",1.32,0.09,0.08,0.08,0.03,0.10,0.02,0.34,"",0,0.0,1,6.7,1,7.1,-1,-6.2,-75711,-33.2,3482,32.6,9,40.9,-405,-34.6
"13057","5","334412","78","0","2023","4","N",1,0,0,0,0,0,0,0,"N",2.89,0,0,0,0,0,0,0,"N",0,0.0,0,0,0,0,0,0,0,0,0,0,0,0,0,0
"13057","5","334418","78","0","2023","4","N",2,0,0,0,0,0,0,0,"N",2.48,0,0,0,0,0,0,0,"N",0,0.0,0,0,0,0,0,0,0,0,0,0,0,0,0,0
"13057","5","334419","78","0","2023","4","N",3,0,0,0,0,0,0,0,"N",2.44,0,0,0,0,0,0,0,"N",0,0.0,0,0,0,0,0,0,0,0,0,0,0,0,0,0
"13057","5","3345","76","0","2023","4","",9,54,53,51,1121979,21879,430,1639,"",1.28,0.28,0.27,0.26,0.26,0.16,0.34,0.95,"",-1,-10.0,-20,-27.0,-22,-29.3,-26,-33.8,-569622,-33.7,-40258,-64.8,-207,-32.5,-88,-5.1
"13057","5","33451","77","0","2023","4","",9,54,53,51,1121979,21879,430,1639,"",1.28,0.28,0.27,0.26,0.26,0.16,0.34,0.95,"",-1,-10.0,-20,-27.0,-22,-29.3,-26,-33.8,-569622,-33.7,-40258,-64.8,-207,-32.5,-88,-5.1
"13057","5","334510","78","0","2023","4","N",1,0,0,0,0,0,0,0,"N",0.70,0,0,0,0,0,0,0,"N",-1,-50.0,0,0,0,0,0,0,0,0,0,0,0,0,0,0
"13057","5","334511","78","0","2023","4","N",1,0,0,0,0,0,0,0,"N",1.18,0,0,0,0,0,0,0,"N",-1,-50.0,0,0,0,0,0,0,0,0,0,0,0,0,0,0
"13057","5","334513","78","0","2023","4","",5,7,9,8,145482,13759,296,1399,"",3.55,0.26,0.33,0.29,0.31,0.57,1.37,1.07,"N",1,25.0,0,0,0,0,0,0,0,0,0,0,0,0,0,0
"13057","5","334515","78","0","2023","4","N",2,0,0,0,0,0,0,0,"N",2.37,0,0,0,0,0,0,0,"N",0,0.0,0,0,0,0,0,0,0,0,0,0,0,0,0,0
"13057","5","3346","76","0","2023","4","N",1,0,0,0,0,0,0,0,"N",0.97,0,0,0,0,0,0,0,"N",0,0.0,0,0,0,0,0,0,0,0,0,0,0,0,0,0
"13057","5","33461","77","0","2023","4","N",1,0,0,0,0,0,0,0,"N",0.97,0,0,0,0,0,0,0,"N",0,0.0,0,0,0,0,0,0,0,0,0,0,0,0,0,0
"13057","5","334610","78","0","2023","4","N",1,0,0,0,0,0,0,0,"N",0.97,0,0,0,0,0,0,0,"N",0,0.0,0,0,0,0,0,0,0,0,0,0,0,0,0,0
"13057","5","335","75","0","2023","4","",8,205,210,207,3399291,163848,1212,1261,"",1.19,1.05,1.07,1.05,1.09,0.91,0.62,1.03,"",1,14.3,9,4.6,15,7.7,12,6.2,639486,23.2,-9132,-5.3,317,35.4,174,16.0
"13057","5","3351","76","0","2023","4","N",1,0,0,0,0,0,0,0,"N",0.79,0,0,0,0,0,0,0,"N",-1,-50.0,0,0,0,0,0,0,0,0,0,0,0,0,0,0
"13057","5","33513","77","0","2023","4","N",1,0,0,0,0,0,0,0,"N",0.79,0,0,0,0,0,0,0,"N",-1,-50.0,0,0,0,0,0,0,0,0,0,0,0,0,0,0
"13057","5","335132","78","0","2023","4","N",1,0,0,0,0,0,0,0,"N",1.77,0,0,0,0,0,0,0,"N",-1,-50.0,0,0,0,0,0,0,0,0,0,0,0,0,0,0
"13057","5","3352","76","0","2023","4","N",1,0,0,0,0,0,0,0,"N",2.10,0,0,0,0,0,0,0,"N",1,100.0,0,0,0,0,0,0,0,0,0,0,0,0,0,0
"13057","5","33521","77","0","2023","4","N",1,0,0,0,0,0,0,0,"N",3.79,0,0,0,0,0,0,0,"N",1,100.0,0,0,0,0,0,0,0,0,0,0,0,0,0,0
"13057","5","335210","78","0","2023","4","N",1,0,0,0,0,0,0,0,"N",3.79,0,0,0,0,0,0,0,"N",1,100.0,0,0,0,0,0,0,0,0,0,0,0,0,0,0
"13057","5","3359","76","0","2023","4","",6,203,208,205,3350424,163848,1212,1255,"",2.06,2.61,2.66,2.63,2.65,2.09,1.21,1.01,"N",1,20.0,0,0,0,0,0,0,0,0,0,0,0,0,0,0
"13057","5","33591","77","0","2023","4","N",1,0,0,0,0,0,0,0,"N",1.98,0,0,0,0,0,0,0,"N",0,0.0,0,0,0,0,0,0,0,0,0,0,0,0,0,0
"13057","5","335910","78","0","2023","4","N",1,0,0,0,0,0,0,0,"N",1.98,0,0,0,0,0,0,0,"N",0,0.0,0,0,0,0,0,0,0,0,0,0,0,0,0,0
"13057","5","33592","77","0","2023","4","N",1,0,0,0,0,0,0,0,"N",2.64,0,0,0,0,0,0,0,"N",0,0.0,0,0,0,0,0,0,0,0,0,0,0,0,0,0
"13057","5","335929","78","0","2023","4","N",1,0,0,0,0,0,0,0,"N",5.07,0,0,0,0,0,0,0,"N",0,0.0,0,0,0,0,0,0,0,0,0,0,0,0,0,0
"13057","5","33593","77","0","2023","4","N",1,0,0,0,0,0,0,0,"N",1.98,0,0,0,0,0,0,0,"N",0,0.0,0,0,0,0,0,0,0,0,0,0,0,0,0,0
"13057","5","335931","78","0","2023","4","N",1,0,0,0,0,0,0,0,"N",2.71,0,0,0,0,0,0,0,"N",0,0.0,0,0,0,0,0,0,0,0,0,0,0,0,0,0
"13057","5","33599","77","0","2023","4","N",3,0,0,0,0,0,0,0,"N",1.97,0,0,0,0,0,0,0,"N",1,50.0,0,0,0,0,0,0,0,0,0,0,0,0,0,0
"13057","5","335999","78","0","2023","4","N",3,0,0,0,0,0,0,0,"N",2.22,0,0,0,0,0,0,0,"N",1,50.0,0,0,0,0,0,0,0,0,0,0,0,0,0,0
"13057","5","336","75","0","2023","4","N",5,0,0,0,0,0,0,0,"N",0.42,0,0,0,0,0,0,0,"N",0,0.0,0,0,0,0,0,0,0,0,0,0,0,0,0,0
"13057","5","3361","76","0","2023","4","N",1,0,0,0,0,0,0,0,"N",1.77,0,0,0,0,0,0,0,"N",1,100.0,0,0,0,0,0,0,0,0,0,0,0,0,0,0
"13057","5","33612","77","0","2023","4","N",1,0,0,0,0,0,0,0,"N",5.55,0,0,0,0,0,0,0,"N",1,100.0,0,0,0,0,0,0,0,0,0,0,0,0,0,0
"13057","5","336120","78","0","2023","4","N",1,0,0,0,0,0,0,0,"N",5.55,0,0,0,0,0,0,0,"N",1,100.0,0,0,0,0,0,0,0,0,0,0,0,0,0,0
"13057","5","3363","76","0","2023","4","N",1,0,0,0,0,0,0,0,"N",0.24,0,0,0,0,0,0,0,"N",0,0.0,0,0,0,0,0,0,0,0,0,0,0,0,0,0
"13057","5","33639","77","0","2023","4","N",1,0,0,0,0,0,0,0,"N",0.76,0,0,0,0,0,0,0,"N",0,0.0,0,0,0,0,0,0,0,0,0,0,0,0,0,0
"13057","5","336390","78","0","2023","4","N",1,0,0,0,0,0,0,0,"N",0.76,0,0,0,0,0,0,0,"N",0,0.0,0,0,0,0,0,0,0,0,0,0,0,0,0,0
"13057","5","3364","76","0","2023","4","N",1,0,0,0,0,0,0,0,"N",0.35,0,0,0,0,0,0,0,"N",0,0.0,0,0,0,0,0,0,0,0,0,0,0,0,0,0
"13057","5","33641","77","0","2023","4","N",1,0,0,0,0,0,0,0,"N",0.35,0,0,0,0,0,0,0,"N",0,0.0,0,0,0,0,0,0,0,0,0,0,0,0,0,0
"13057","5","336413","78","0","2023","4","N",1,0,0,0,0,0,0,0,"N",0.83,0,0,0,0,0,0,0,"N",0,0.0,0,0,0,0,0,0,0,0,0,0,0,0,0,0
"13057","5","3369","76","0","2023","4","N",2,0,0,0,0,0,0,0,"N",2.11,0,0,0,0,0,0,0,"N",-1,-33.3,0,0,0,0,0,0,0,0,0,0,0,0,0,0
"13057","5","33699","77","0","2023","4","N",2,0,0,0,0,0,0,0,"N",2.11,0,0,0,0,0,0,0,"N",-1,-33.3,0,0,0,0,0,0,0,0,0,0,0,0,0,0
"13057","5","336991","78","0","2023","4","N",1,0,0,0,0,0,0,0,"N",2.53,0,0,0,0,0,0,0,"N",0,0.0,0,0,0,0,0,0,0,0,0,0,0,0,0,0
"13057","5","336999","78","0","2023","4","N",1,0,0,0,0,0,0,0,"N",2.05,0,0,0,0,0,0,0,"N",-1,-50.0,0,0,0,0,0,0,0,0,0,0,0,0,0,0
"13057","5","337","75","0","2023","4","",21,230,233,237,4015242,179301,3038,1324,"",1.76,1.39,1.40,1.43,2.15,0.87,1.58,1.53,"",0,0.0,25,12.2,29,14.2,28,13.4,521909,14.9,-5731,-3.1,703,30.1,20,1.5
"13057","5","3371","76","0","2023","4","",12,95,92,94,1075371,58390,170,883,"",1.44,0.90,0.87,0.89,0.98,0.41,0.14,1.10,"",0,0.0,4,4.4,3,3.4,3,3.3,-72260,-6.3,-34358,-37.0,-96,-36.1,-94,-9.6
"13057","5","33711","77","0","2023","4","N",7,0,0,0,0,0,0,0,"N",1.34,0,0,0,0,0,0,0,"N",0,0.0,0,0,0,0,0,0,0,0,0,0,0,0,0,0
"13057","5","337110","78","0","2023","4","N",7,0,0,0,0,0,0,0,"N",1.34,0,0,0,0,0,0,0,"N",0,0.0,0,0,0,0,0,0,0,0,0,0,0,0,0,0
"13057","5","33712","77","0","2023","4","N",5,0,0,0,0,0,0,0,"N",1.62,0,0,0,0,0,0,0,"N",0,0.0,0,0,0,0,0,0,0,0,0,0,0,0,0,0
"13057","5","337122","78","0","2023","4","N",3,0,0,0,0,0,0,0,"N",1.82,0,0,0,0,0,0,0,"N",0,0.0,0,0,0,0,0,0,0,0,0,0,0,0,0,0
"13057","5","337127","78","0","2023","4","N",2,0,0,0,0,0,0,0,"N",4.19,0,0,0,0,0,0,0,"N",0,0.0,0,0,0,0,0,0,0,0,0,0,0,0,0,0
"13057","5","3372","76","0","2023","4","",9,135,141,143,2939871,120911,2868,1619,"",3.11,2.91,3.03,3.08,4.77,2.50,5.01,1.59,"",0,0.0,21,18.4,26,22.6,25,21.2,594169,25.3,28627,31.0,799,38.6,59,3.8
"13057","5","33721","77","0","2023","4","",9,135,141,143,2939871,120911,2868,1619,"",3.11,2.91,3.03,3.08,4.77,2.50,5.01,1.59,"",0,0.0,21,18.4,26,22.6,25,21.2,594169,25.3,28627,31.0,799,38.6,59,3.8
"13057","5","337212","78","0","2023","4","",4,87,90,91,1603147,57388,642,1380,"",3.00,6.99,7.19,7.27,9.58,3.88,3.24,1.34,"",0,0.0,8,10.1,12,15.4,11,13.8,240100,17.6,-1696,-2.9,-161,-20.0,53,4.0
"13057","5","337214","78","0","2023","4","N",2,0,0,0,0,0,0,0,"N",6.48,0,0,0,0,0,0,0,"N",0,0.0,0,0,0,0,0,0,0,0,0,0,0,0,0,0
"13057","5","337215","78","0","2023","4","N",3,0,0,0,0,0,0,0,"N",3.37,0,0,0,0,0,0,0,"N",0,0.0,0,0,0,0,0,0,0,0,0,0,0,0,0,0
"13057","5","339","75","0","2023","4","",28,431,420,431,7213926,375675,7080,1299,"",1.15,1.47,1.43,1.46,1.66,1.19,2.29,1.15,"",-2,-6.7,-38,-8.1,-50,-10.6,-32,-6.9,-512341,-6.6,13636,3.8,3443,94.7,27,2.1
"13057","5","3391","76","0","2023","4","N",9,0,0,0,0,0,0,0,"N",0.97,0,0,0,0,0,0,0,"N",-4,-30.8,0,0,0,0,0,0,0,0,0,0,0,0,0,0
"13057","5","33911","77","0","2023","4","N",9,0,0,0,0,0,0,0,"N",0.97,0,0,0,0,0,0,0,"N",-4,-30.8,0,0,0,0,0,0,0,0,0,0,0,0,0,0
"13057","5","339112","78","0","2023","4","N",2,0,0,0,0,0,0,0,"N",0.76,0,0,0,0,0,0,0,"N",-1,-33.3,0,0,0,0,0,0,0,0,0,0,0,0,0,0
"13057","5","339113","78","0","2023","4","N",3,0,0,0,0,0,0,0,"N",1.30,0,0,0,0,0,0,0,"N",-1,-25.0,0,0,0,0,0,0,0,0,0,0,0,0,0,0
"13057","5","339116","78","0","2023","4","N",4,0,0,0,0,0,0,0,"N",1.21,0,0,0,0,0,0,0,"N",-2,-33.3,0,0,0,0,0,0,0,0,0,0,0,0,0,0
"13057","5","3399","76","0","2023","4","N",19,0,0,0,0,0,0,0,"N",1.25,0,0,0,0,0,0,0,"N",2,11.8,0,0,0,0,0,0,0,0,0,0,0,0,0,0
"13057","5","33991","77","0","2023","4","",3,6,6,5,42899,18218,241,582,"",2.07,0.58,0.57,0.47,0.35,1.32,1.39,0.64,"N",1,50.0,0,0,0,0,0,0,0,0,0,0,0,0,0,0
"13057","5","339910","78","0","2023","4","",3,6,6,5,42899,18218,241,582,"",2.07,0.58,0.57,0.47,0.35,1.32,1.39,0.64,"N",1,50.0,0,0,0,0,0,0,0,0,0,0,0,0,0,0
"13057","5","33992","77","0","2023","4","N",3,0,0,0,0,0,0,0,"N",1.96,0,0,0,0,0,0,0,"N",-1,-25.0,0,0,0,0,0,0,0,0,0,0,0,0,0,0
"13057","5","339920","78","0","2023","4","N",3,0,0,0,0,0,0,0,"N",1.96,0,0,0,0,0,0,0,"N",-1,-25.0,0,0,0,0,0,0,0,0,0,0,0,0,0,0
"13057","5","33993","77","0","2023","4","N",2,0,0,0,0,0,0,0,"N",3.37,0,0,0,0,0,0,0,"N",1,100.0,0,0,0,0,0,0,0,0,0,0,0,0,0,0
"13057","5","339930","78","0","2023","4","N",2,0,0,0,0,0,0,0,"N",3.37,0,0,0,0,0,0,0,"N",1,100.0,0,0,0,0,0,0,0,0,0,0,0,0,0,0
"13057","5","33995","77","0","2023","4","",8,17,17,16,154634,36111,105,714,"",1.62,0.47,0.47,0.44,0.34,0.83,0.23,0.74,"",-1,-11.1,-22,-56.4,-24,-58.5,-25,-61.0,-335892,-68.5,-63498,-63.7,-1675,-94.1,-222,-23.7
"13057","5","339950","78","0","2023","4","",8,17,17,16,154634,36111,105,714,"",1.62,0.47,0.47,0.44,0.34,0.83,0.23,0.74,"",-1,-11.1,-22,-56.4,-24,-58.5,-25,-61.0,-335892,-68.5,-63498,-63.7,-1675,-94.1,-222,-23.7
"13057","5","33999","77","0","2023","4","",3,7,7,18,212278,48956,1219,1531,"",0.47,0.12,0.11,0.29,0.26,0.74,1.64,1.51,"N",2,200.0,0,0,0,0,0,0,0,0,0,0,0,0,0,0
"13057","5","339999","78","0","2023","4","",3,7,7,18,212278,48956,1219,1531,"",0.60,0.21,0.20,0.53,0.46,1.05,2.23,1.47,"N",2,200.0,0,0,0,0,0,0,0,0,0,0,0,0,0,0
"13057","5","42","74","0","2023","4","",389,2022,2073,2088,48647953,1992132,22640,1816,"",0.93,0.70,0.71,0.71,0.87,0.66,0.71,1.24,"",-28,-6.7,-103,-4.8,-14,-0.7,-8,-0.4,1184313,2.5,156335,8.5,-3695,-14.0,80,4.6
"13057","5","423","75","0","2023","4","",154,1105,1110,1122,23306792,989972,13406,1612,"",0.70,0.69,0.69,0.69,0.74,0.62,0.81,1.08,"",15,10.8,4,0.4,11,1.0,11,1.0,2249615,10.7,46178,4.9,-4272,-24.2,144,9.8
"13057","5","4231","76","0","2023","4","",13,102,104,105,1889879,71517,618,1402,"",0.73,0.58,0.58,0.58,0.71,0.38,0.32,1.23,"",0,0.0,10,10.9,10,10.6,10,10.5,-93547,-4.7,-10024,-12.3,-292,-32.1,-227,-13.9
"13057","5","42311","77","0","2023","4","N",1,0,0,0,0,0,0,0,"N",0.20,0,0,0,0,0,0,0,"N",-2,-66.7,0,0,0,0,0,0,0,0,0,0,0,0,0,0
"13057","5","423110","78","0","2023","4","N",1,0,0,0,0,0,0,0,"N",0.20,0,0,0,0,0,0,0,"N",-2,-66.7,0,0,0,0,0,0,0,0,0,0,0,0,0,0
"13057","5","42312","77","0","2023","4","",10,90,91,93,1651731,66650,615,1391,"",1.02,1.07,1.05,1.07,1.37,0.73,0.62,1.29,"",2,25.0,10,12.5,9,11.0,10,12.0,308955,23.0,14393,27.5,36,6.2,126,10.0
"13057","5","423120","78","0","2023","4","",10,90,91,93,1651731,66650,615,1391,"",1.02,1.07,1.05,1.07,1.37,0.73,0.62,1.29,"",2,25.0,10,12.5,9,11.0,10,12.0,308955,23.0,14393,27.5,36,6.2,126,10.0
"13057","5","42313","77","0","2023","4","N",1,0,0,0,0,0,0,0,"N",0.64,0,0,0,0,0,0,0,"N",0,0.0,0,0,0,0,0,0,0,0,0,0,0,0,0,0
"13057","5","423130","78","0","2023","4","N",1,0,0,0,0,0,0,0,"N",0.64,0,0,0,0,0,0,0,"N",0,0.0,0,0,0,0,0,0,0,0,0,0,0,0,0,0
"13057","5","42314","77","0","2023","4","N",1,0,0,0,0,0,0,0,"N",0.72,0,0,0,0,0,0,0,"N",0,0.0,0,0,0,0,0,0,0,0,0,0,0,0,0,0
"13057","5","423140","78","0","2023","4","N",1,0,0,0,0,0,0,0,"N",0.72,0,0,0,0,0,0,0,"N",0,0.0,0,0,0,0,0,0,0,0,0,0,0,0,0,0
"13057","5","4232","76","0","2023","4","",14,395,398,400,8084636,260183,1565,1564,"",1.61,7.40,7.47,7.49,9.62,4.42,2.35,1.29,"",-1,-6.7,-62,-13.6,-51,-11.4,-47,-10.5,-84125,-1.0,-96605,-27.1,-7088,-81.9,171,12.3
"13057","5","42321","77","0","2023","4","N",5,0,0,0,0,0,0,0,"N",1.25,0,0,0,0,0,0,0,"N",0,0.0,0,0,0,0,0,0,0,0,0,0,0,0,0,0
"13057","5","423210","78","0","2023","4","N",5,0,0,0,0,0,0,0,"N",1.25,0,0,0,0,0,0,0,"N",0,0.0,0,0,0,0,0,0,0,0,0,0,0,0,0,0
"13057","5","42322","77","0","2023","4","N",9,0,0,0,0,0,0,0,"N",1.91,0,0,0,0,0,0,0,"N",-1,-10.0,0,0,0,0,0,0,0,0,0,0,0,0,0,0
"13057","5","423220","78","0","2023","4","N",9,0,0,0,0,0,0,0,"N",1.91,0,0,0,0,0,0,0,"N",-1,-10.0,0,0,0,0,0,0,0,0,0,0,0,0,0,0
"13057","5","4233","76","0","2023","4","",10,44,45,52,1019834,150359,3768,1669,"",0.61,0.35,0.36,0.41,0.50,0.98,2.34,1.32,"",2,25.0,5,12.8,9,25.0,14,36.8,214592,26.6,113100,303.6,3711,6510.5,25,1.5
"13057","5","42331","77","0","2023","4","",4,26,31,35,683391,139017,3663,1714,"",0.64,0.48,0.57,0.64,0.76,1.97,5.79,1.35,"N",2,100.0,0,0,0,0,0,0,0,0,0,0,0,0,0,0
"13057","5","423310","78","0","2023","4","",4,26,31,35,683391,139017,3663,1714,"",0.64,0.48,0.57,0.64,0.76,1.97,5.79,1.35,"N",2,100.0,0,0,0,0,0,0,0,0,0,0,0,0,0,0
"13057","5","42332","77","0","2023","4","N",4,0,0,0,0,0,0,0,"N",0.94,0,0,0,0,0,0,0,"N",0,0.0,0,0,0,0,0,0,0,0,0,0,0,0,0,0
"13057","5","423320","78","0","2023","4","N",4,0,0,0,0,0,0,0,"N",0.94,0,0,0,0,0,0,0,"N",0,0.0,0,0,0,0,0,0,0,0,0,0,0,0,0,0
"13057","5","42339","77","0","2023","4","N",2,0,0,0,0,0,0,0,"N",0.60,0,0,0,0,0,0,0,"N",0,0.0,0,0,0,0,0,0,0,0,0,0,0,0,0,0
"13057","5","423390","78","0","2023","4","N",2,0,0,0,0,0,0,0,"N",0.60,0,0,0,0,0,0,0,"N",0,0.0,0,0,0,0,0,0,0,0,0,0,0,0,0,0
"13057","5","4234","76","0","2023","4","",34,122,119,116,2765874,104366,1238,1788,"",0.71,0.35,0.34,0.33,0.31,0.36,0.39,0.94,"",1,3.0,34,38.6,32,36.8,28,31.8,823358,42.4,61698,144.6,927,298.1,84,4.9
"13057","5","42341","77","0","2023","4","N",2,0,0,0,0,0,0,0,"N",2.37,0,0,0,0,0,0,0,"N",1,100.0,0,0,0,0,0,0,0,0,0,0,0,0,0,0
"13057","5","423410","78","0","2023","4","N",2,0,0,0,0,0,0,0,"N",2.37,0,0,0,0,0,0,0,"N",1,100.0,0,0,0,0,0,0,0,0,0,0,0,0,0,0
"13057","5","42342","77","0","2023","4","N",3,0,0,0,0,0,0,0,"N",0.77,0,0,0,0,0,0,0,"N",0,0.0,0,0,0,0,0,0,0,0,0,0,0,0,0,0
"13057","5","423420","78","0","2023","4","N",3,0,0,0,0,0,0,0,"N",0.77,0,0,0,0,0,0,0,"N",0,0.0,0,0,0,0,0,0,0,0,0,0,0,0,0,0
"13057","5","42343","77","0","2023","4","",11,28,28,27,778892,14688,105,2166,"",0.95,0.25,0.25,0.24,0.21,0.21,0.14,0.85,"",-1,-8.3,5,21.7,5,21.7,4,17.4,70268,9.9,7398,101.5,-13,-11.0,-204,-8.6
"13057","5","423430","78","0","2023","4","",11,28,28,27,778892,14688,105,2166,"",0.95,0.25,0.25,0.24,0.21,0.21,0.14,0.85,"",-1,-8.3,5,21.7,5,21.7,4,17.4,70268,9.9,7398,101.5,-13,-11.0,-204,-8.6
"13057","5","42344","77","0","2023","4","N",1,0,0,0,0,0,0,0,"N",0.23,0,0,0,0,0,0,0,"N",0,0.0,0,0,0,0,0,0,0,0,0,0,0,0,0,0
"13057","5","423440","78","0","2023","4","N",1,0,0,0,0,0,0,0,"N",0.23,0,0,0,0,0,0,0,"N",0,0.0,0,0,0,0,0,0,0,0,0,0,0,0,0,0
"13057","5","42345","77","0","2023","4","",12,66,66,65,1413145,52241,948,1655,"",0.54,0.45,0.45,0.44,0.41,0.41,0.68,0.91,"",0,0.0,19,40.4,18,37.5,17,35.4,476128,50.8,39498,310.0,848,848.0,143,9.5
"13057","5","423450","78","0","2023","4","",12,66,66,65,1413145,52241,948,1655,"",0.54,0.45,0.45,0.44,0.41,0.41,0.68,0.91,"",0,0.0,19,40.4,18,37.5,17,35.4,476128,50.8,39498,310.0,848,848.0,143,9.5
"13057","5","42346","77","0","2023","4","N",1,0,0,0,0,0,0,0,"N",0.65,0,0,0,0,0,0,0,"N",0,0.0,0,0,0,0,0,0,0,0,0,0,0,0,0,0
"13057","5","423460","78","0","2023","4","N",1,0,0,0,0,0,0,0,"N",0.65,0,0,0,0,0,0,0,"N",0,0.0,0,0,0,0,0,0,0,0,0,0,0,0,0,0
"13057","5","42349","77","0","2023","4","",4,5,5,5,90666,0,0,1395,"",1.29,0.27,0.27,0.27,0.25,0.00,0.00,0.91,"",1,33.3,1,25.0,1,25.0,1,25.0,28036,44.8,0,0.0,0,0.0,191,15.9
"13057","5","423490","78","0","2023","4","",4,5,5,5,90666,0,0,1395,"",1.29,0.27,0.27,0.27,0.25,0.00,0.00,0.91,"",1,33.3,1,25.0,1,25.0,1,25.0,28036,44.8,0,0.0,0,0.0,191,15.9
"13057","5","4235","76","0","2023","4","",4,9,16,10,402929,12486,75,2657,"",0.53,0.14,0.25,0.16,0.33,0.21,0.12,1.81,"",-1,-20.0,-2,-18.2,5,45.5,-7,-41.2,-57286,-12.4,-48762,-79.6,-1466,-95.1,-66,-2.4
"13057","5","42351","77","0","2023","4","",4,9,16,10,402929,12486,75,2657,"",0.56,0.14,0.26,0.16,0.34,0.21,0.12,1.84,"",-1,-20.0,-2,-18.2,5,45.5,-7,-41.2,-57286,-12.4,-48762,-79.6,-1466,-95.1,-66,-2.4
"13057","5","423510","78","0","2023","4","",4,9,16,10,402929,12486,75,2657,"",0.56,0.14,0.26,0.16,0.34,0.21,0.12,1.84,"",-1,-20.0,-2,-18.2,5,45.5,-7,-41.2,-57286,-12.4,-48762,-79.6,-1466,-95.1,-66,-2.4
"13057","5","4236","76","0","2023","4","",17,64,64,67,1461708,92492,1825,1730,"",0.67,0.36,0.36,0.37,0.39,0.61,1.08,1.06,"",5,41.7,9,16.4,7,12.3,7,11.7,-207701,-12.4,-1221,-1.3,350,23.7,-510,-22.8
"13057","5","42361","77","0","2023","4","",10,51,51,52,1169406,65112,1086,1752,"",0.81,0.55,0.55,0.55,0.65,0.81,1.38,1.18,"",4,66.7,5,10.9,5,10.9,6,13.0,44057,3.9,30717,89.3,899,480.7,-130,-6.9
"13057","5","423610","78","0","2023","4","",10,51,51,52,1169406,65112,1086,1752,"",0.81,0.55,0.55,0.55,0.65,0.81,1.38,1.18,"",4,66.7,5,10.9,5,10.9,6,13.0,44057,3.9,30717,89.3,899,480.7,-130,-6.9
"13057","5","42362","77","0","2023","4","N",1,0,0,0,0,0,0,0,"N",0.32,0,0,0,0,0,0,0,"N",1,100.0,0,0,0,0,0,0,0,0,0,0,0,0,0,0
"13057","5","423620","78","0","2023","4","N",1,0,0,0,0,0,0,0,"N",0.32,0,0,0,0,0,0,0,"N",1,100.0,0,0,0,0,0,0,0,0,0,0,0,0,0,0
"13057","5","42369","77","0","2023","4","N",6,0,0,0,0,0,0,0,"N",0.60,0,0,0,0,0,0,0,"N",0,0.0,0,0,0,0,0,0,0,0,0,0,0,0,0,0
"13057","5","423690","78","0","2023","4","N",6,0,0,0,0,0,0,0,"N",0.60,0,0,0,0,0,0,0,"N",0,0.0,0,0,0,0,0,0,0,0,0,0,0,0,0,0
"13057","5","4237","76","0","2023","4","",9,91,91,92,2402561,70639,694,2023,"",0.50,0.62,0.61,0.62,0.90,0.48,0.50,1.46,"",0,0.0,18,24.7,18,24.7,18,24.3,1297395,117.4,27518,63.8,545,365.8,864,74.5
"13057","5","42371","77","0","2023","4","",5,62,63,63,2021906,56703,594,2482,"",0.93,1.43,1.45,1.44,2.94,1.26,1.40,2.04,"",2,66.7,33,113.8,34,117.2,33,110.0,1586078,363.9,39290,225.6,549,1220.0,1339,117.1
"13057","5","423710","78","0","2023","4","",5,62,63,63,2021906,56703,594,2482,"",0.93,1.43,1.45,1.44,2.94,1.26,1.40,2.04,"",2,66.7,33,113.8,34,117.2,33,110.0,1586078,363.9,39290,225.6,549,1220.0,1339,117.1
"13057","5","42372","77","0","2023","4","",4,29,28,29,380655,13936,100,1021,"",0.58,0.51,0.49,0.50,0.36,0.23,0.19,0.73,"",-2,-33.3,-15,-34.1,-16,-36.4,-15,-34.1,-288683,-43.1,-11772,-45.8,-4,-3.8,-149,-12.7
"13057","5","423720","78","0","2023","4","",4,29,28,29,380655,13936,100,1021,"",0.58,0.51,0.49,0.50,0.36,0.23,0.19,0.73,"",-2,-33.3,-15,-34.1,-16,-36.4,-15,-34.1,-288683,-43.1,-11772,-45.8,-4,-3.8,-149,-12.7
"13057","5","4238","76","0","2023","4","",40,233,229,235,4490445,175030,2498,1487,"",0.80,0.64,0.63,0.64,0.65,0.48,0.72,1.02,"",7,21.2,24,11.5,16,7.5,22,10.3,660127,17.2,8343,5.0,-1398,-35.9,95,6.8
"13057","5","42381","77","0","2023","4","",6,7,7,7,147576,93,0,1622,"",1.55,0.14,0.14,0.14,0.16,0.00,0.00,1.12,"N",1,20.0,0,0,0,0,0,0,0,0,0,0,0,0,0,0
"13057","5","423810","78","0","2023","4","",6,7,7,7,147576,93,0,1622,"",1.55,0.14,0.14,0.14,0.16,0.00,0.00,1.12,"N",1,20.0,0,0,0,0,0,0,0,0,0,0,0,0,0,0
"13057","5","42382","77","0","2023","4","",5,68,59,58,1030113,44108,709,1285,"",0.81,1.23,1.06,1.04,0.98,0.70,1.69,0.89,"",0,0.0,-3,-4.2,-13,-18.1,-15,-20.5,-81020,-7.3,-23670,-34.9,-951,-57.3,98,8.3
"13057","5","423820","78","0","2023","4","",5,68,59,58,1030113,44108,709,1285,"",0.81,1.23,1.06,1.04,0.98,0.70,1.69,0.89,"",0,0.0,-3,-4.2,-13,-18.1,-15,-20.5,-81020,-7.3,-23670,-34.9,-951,-57.3,98,8.3
"13057","5","42383","77","0","2023","4","",14,95,92,92,2233556,34248,390,1847,"",0.58,0.59,0.56,0.56,0.70,0.23,0.26,1.24,"",1,7.7,14,17.3,9,10.8,7,8.2,537121,31.7,-24439,-41.6,-349,-47.2,275,17.5
"13057","5","423830","78","0","2023","4","",14,95,92,92,2233556,34248,390,1847,"",0.58,0.59,0.56,0.56,0.70,0.23,0.26,1.24,"",1,7.7,14,17.3,9,10.8,7,8.2,537121,31.7,-24439,-41.6,-349,-47.2,275,17.5
"13057","5","42384","77","0","2023","4","",8,46,45,49,585072,28652,683,964,"",0.92,0.91,0.88,0.96,0.60,0.55,1.32,0.65,"",1,14.3,6,15.0,5,12.5,11,28.9,-117883,-16.8,-9987,-25.8,-812,-54.3,-411,-29.9
"13057","5","423840","78","0","2023","4","",8,46,45,49,585072,28652,683,964,"",0.92,0.91,0.88,0.96,0.60,0.55,1.32,0.65,"",1,14.3,6,15.0,5,12.5,11,28.9,-117883,-16.8,-9987,-25.8,-812,-54.3,-411,-29.9
"13057","5","42385","77","0","2023","4","",4,13,22,24,385278,42929,41,1507,"",0.92,0.48,0.81,0.88,0.96,1.40,0.14,1.32,"N",2,100.0,0,0,0,0,0,0,0,0,0,0,0,0,0,0
"13057","5","423850","78","0","2023","4","",4,13,22,24,385278,42929,41,1507,"",0.92,0.48,0.81,0.88,0.96,1.40,0.14,1.32,"N",2,100.0,0,0,0,0,0,0,0,0,0,0,0,0,0,0
"13057","5","42386","77","0","2023","4","",3,4,4,5,108850,25000,675,1932,"",0.98,0.22,0.22,0.27,0.27,1.57,3.65,1.16,"N",2,200.0,0,0,0,0,0,0,0,0,0,0,0,0,0,0
"13057","5","423860","78","0","2023","4","",3,4,4,5,108850,25000,675,1932,"",0.98,0.22,0.22,0.27,0.27,1.57,3.65,1.16,"N",2,200.0,0,0,0,0,0,0,0,0,0,0,0,0,0,0
"13057","5","4239","76","0","2023","4","",13,45,44,45,788926,52900,1125,1359,"",0.46,0.30,0.29,0.30,0.33,0.30,0.56,1.13,"",2,18.2,-32,-41.6,-35,-44.3,-34,-43.0,-303198,-27.8,-7869,-12.9,439,64.0,287,26.8
"13057","5","42391","77","0","2023","4","",5,25,24,24,498718,21161,269,1577,"",0.86,0.81,0.78,0.78,1.06,0.60,0.77,1.34,"",1,25.0,3,13.6,2,9.1,2,9.1,147726,42.1,-932,-4.2,-98,-26.7,350,28.5
"13057","5","423910","78","0","2023","4","",5,25,24,24,498718,21161,269,1577,"",0.86,0.81,0.78,0.78,1.06,0.60,0.77,1.34,"",1,25.0,3,13.6,2,9.1,2,9.1,147726,42.1,-932,-4.2,-98,-26.7,350,28.5
"13057","5","42392","77","0","2023","4","N",1,0,0,0,0,0,0,0,"N",0.49,0,0,0,0,0,0,0,"N",0,0.0,0,0,0,0,0,0,0,0,0,0,0,0,0,0
"13057","5","423920","78","0","2023","4","N",1,0,0,0,0,0,0,0,"N",0.49,0,0,0,0,0,0,0,"N",0,0.0,0,0,0,0,0,0,0,0,0,0,0,0,0,0
"13057","5","42393","77","0","2023","4","",4,12,12,12,199386,45,0,1278,"",0.76,0.25,0.25,0.25,0.30,0.00,0.00,1.21,"",1,33.3,-2,-14.3,-3,-20.0,-3,-20.0,18244,10.1,-9926,-99.5,-7,-100.0,328,34.5
"13057","5","423930","78","0","2023","4","",4,12,12,12,199386,45,0,1278,"",0.76,0.25,0.25,0.25,0.30,0.00,0.00,1.21,"",1,33.3,-2,-14.3,-3,-20.0,-3,-20.0,18244,10.1,-9926,-99.5,-7,-100.0,328,34.5
"13057","5","42394","77","0","2023","4","N",1,0,0,0,0,0,0,0,"N",0.20,0,0,0,0,0,0,0,"N",0,0.0,0,0,0,0,0,0,0,0,0,0,0,0,0,0
"13057","5","423940","78","0","2023","4","N",1,0,0,0,0,0,0,0,"N",0.20,0,0,0,0,0,0,0,"N",0,0.0,0,0,0,0,0,0,0,0,0,0,0,0,0,0
"13057","5","42399","77","0","2023","4","N",2,0,0,0,0,0,0,0,"N",0.20,0,0,0,0,0,0,0,"N",0,0.0,0,0,0,0,0,0,0,0,0,0,0,0,0,0
"13057","5","423990","78","0","2023","4","N",2,0,0,0,0,0,0,0,"N",0.20,0,0,0,0,0,0,0,"N",0,0.0,0,0,0,0,0,0,0,0,0,0,0,0,0,0
"13057","5","424","75","0","2023","4","",64,365,406,410,6735281,415633,2747,1316,"",0.54,0.35,0.39,0.39,0.37,0.35,0.22,0.98,"",-2,-3.0,-47,-11.4,1,0.2,9,2.2,-286096,-4.1,35181,9.2,345,14.4,-14,-1.1
"13057","5","4241","76","0","2023","4","",6,19,19,19,317792,14412,21,1287,"",0.94,0.34,0.34,0.34,0.34,0.26,0.04,1.00,"",0,0.0,0,0.0,-1,-5.0,1,5.6,-46423,-12.7,8641,149.7,-20,-48.8,-188,-12.7
"13057","5","42412","77","0","2023","4","N",3,0,0,0,0,0,0,0,"N",1.36,0,0,0,0,0,0,0,"N",0,0.0,0,0,0,0,0,0,0,0,0,0,0,0,0,0
"13057","5","424120","78","0","2023","4","N",3,0,0,0,0,0,0,0,"N",1.36,0,0,0,0,0,0,0,"N",0,0.0,0,0,0,0,0,0,0,0,0,0,0,0,0,0
"13057","5","42413","77","0","2023","4","N",3,0,0,0,0,0,0,0,"N",0.91,0,0,0,0,0,0,0,"N",0,0.0,0,0,0,0,0,0,0,0,0,0,0,0,0,0
"13057","5","424130","78","0","2023","4","N",3,0,0,0,0,0,0,0,"N",0.91,0,0,0,0,0,0,0,"N",0,0.0,0,0,0,0,0,0,0,0,0,0,0,0,0,0
"13057","5","4242","76","0","2023","4","",6,20,20,21,436599,4615,39,1652,"",0.39,0.16,0.16,0.17,0.12,0.04,0.03,0.72,"",-1,-14.3,1,5.3,2,11.1,3,16.7,6194,1.4,4615,100.0,39,100.0,-154,-8.5
"13057","5","42421","77","0","2023","4","",6,20,20,21,436599,4615,39,1652,"",0.39,0.16,0.16,0.17,0.12,0.04,0.03,0.72,"",-1,-14.3,1,5.3,2,11.1,3,16.7,6194,1.4,4615,100.0,39,100.0,-154,-8.5
"13057","5","424210","78","0","2023","4","",6,20,20,21,436599,4615,39,1652,"",0.39,0.16,0.16,0.17,0.12,0.04,0.03,0.72,"",-1,-14.3,1,5.3,2,11.1,3,16.7,6194,1.4,4615,100.0,39,100.0,-154,-8.5
"13057","5","4243","76","0","2023","4","",7,46,84,89,689830,102493,717,727,"",0.64,0.66,1.20,1.28,0.59,1.24,0.70,0.57,"",0,0.0,-5,-9.8,34,68.0,39,78.0,231064,50.4,50828,98.4,46,6.9,26,3.7
"13057","5","42431","77","0","2023","4","N",1,0,0,0,0,0,0,0,"N",0.40,0,0,0,0,0,0,0,"N",0,0.0,0,0,0,0,0,0,0,0,0,0,0,0,0,0
"13057","5","424310","78","0","2023","4","N",1,0,0,0,0,0,0,0,"N",0.40,0,0,0,0,0,0,0,"N",0,0.0,0,0,0,0,0,0,0,0,0,0,0,0,0,0
"13057","5","42434","77","0","2023","4","N",1,0,0,0,0,0,0,0,"N",0.79,0,0,0,0,0,0,0,"N",0,0.0,0,0,0,0,0,0,0,0,0,0,0,0,0,0
"13057","5","424340","78","0","2023","4","N",1,0,0,0,0,0,0,0,"N",0.79,0,0,0,0,0,0,0,"N",0,0.0,0,0,0,0,0,0,0,0,0,0,0,0,0,0
"13057","5","42435","77","0","2023","4","N",5,0,0,0,0,0,0,0,"N",0.70,0,0,0,0,0,0,0,"N",0,0.0,0,0,0,0,0,0,0,0,0,0,0,0,0,0
"13057","5","424350","78","0","2023","4","N",5,0,0,0,0,0,0,0,"N",0.70,0,0,0,0,0,0,0,"N",0,0.0,0,0,0,0,0,0,0,0,0,0,0,0,0,0
"13057","5","4244","76","0","2023","4","",16,80,80,80,1564774,63278,544,1505,"",0.50,0.21,0.21,0.20,0.28,0.13,0.10,1.34,"",2,14.3,0,0.0,5,6.7,5,6.7,139855,9.8,-4282,-6.3,-183,-25.2,75,5.2
"13057","5","42441","77","0","2023","4","N",2,0,0,0,0,0,0,0,"N",0.35,0,0,0,0,0,0,0,"N",2,100.0,0,0,0,0,0,0,0,0,0,0,0,0,0,0
"13057","5","424410","78","0","2023","4","N",2,0,0,0,0,0,0,0,"N",0.35,0,0,0,0,0,0,0,"N",2,100.0,0,0,0,0,0,0,0,0,0,0,0,0,0,0
"13057","5","42443","77","0","2023","4","N",2,0,0,0,0,0,0,0,"N",1.17,0,0,0,0,0,0,0,"N",0,0.0,0,0,0,0,0,0,0,0,0,0,0,0,0,0
"13057","5","424430","78","0","2023","4","N",2,0,0,0,0,0,0,0,"N",1.17,0,0,0,0,0,0,0,"N",0,0.0,0,0,0,0,0,0,0,0,0,0,0,0,0,0
"13057","5","42444","77","0","2023","4","N",2,0,0,0,0,0,0,0,"N",4.13,0,0,0,0,0,0,0,"N",0,0.0,0,0,0,0,0,0,0,0,0,0,0,0,0,0
"13057","5","424440","78","0","2023","4","N",2,0,0,0,0,0,0,0,"N",4.13,0,0,0,0,0,0,0,"N",0,0.0,0,0,0,0,0,0,0,0,0,0,0,0,0,0
"13057","5","42445","77","0","2023","4","N",1,0,0,0,0,0,0,0,"N",0.39,0,0,0,0,0,0,0,"N",0,0.0,0,0,0,0,0,0,0,0,0,0,0,0,0,0
"13057","5","424450","78","0","2023","4","N",1,0,0,0,0,0,0,0,"N",0.39,0,0,0,0,0,0,0,"N",0,0.0,0,0,0,0,0,0,0,0,0,0,0,0,0,0
"13057","5","42448","77","0","2023","4","N",1,0,0,0,0,0,0,0,"N",0.29,0,0,0,0,0,0,0,"N",-1,-50.0,0,0,0,0,0,0,0,0,0,0,0,0,0,0
"13057","5","424480","78","0","2023","4","N",1,0,0,0,0,0,0,0,"N",0.29,0,0,0,0,0,0,0,"N",-1,-50.0,0,0,0,0,0,0,0,0,0,0,0,0,0,0
"13057","5","42449","77","0","2023","4","",8,48,49,49,753298,40108,331,1191,"",0.63,0.42,0.42,0.42,0.43,0.28,0.23,1.03,"",1,14.3,-7,-12.7,-2,-3.9,-2,-3.9,-167103,-18.2,-10487,-20.7,-226,-40.6,-162,-12.0
"13057","5","424490","78","0","2023","4","",8,48,49,49,753298,40108,331,1191,"",0.63,0.42,0.42,0.42,0.43,0.28,0.23,1.03,"",1,14.3,-7,-12.7,-2,-3.9,-2,-3.9,-167103,-18.2,-10487,-20.7,-226,-40.6,-162,-12.0
"13057","5","4246","76","0","2023","4","",8,82,82,78,1721318,51985,619,1641,"",0.65,1.14,1.13,1.07,1.14,0.87,1.01,1.02,"",-1,-11.1,-6,-6.8,-6,-6.8,-8,-9.3,-69399,-3.9,22118,74.1,89,16.8,64,4.1
"13057","5","42461","77","0","2023","4","N",1,0,0,0,0,0,0,0,"N",0.34,0,0,0,0,0,0,0,"N",0,0.0,0,0,0,0,0,0,0,0,0,0,0,0,0,0
"13057","5","424610","78","0","2023","4","N",1,0,0,0,0,0,0,0,"N",0.34,0,0,0,0,0,0,0,"N",0,0.0,0,0,0,0,0,0,0,0,0,0,0,0,0,0
"13057","5","42469","77","0","2023","4","N",7,0,0,0,0,0,0,0,"N",0.75,0,0,0,0,0,0,0,"N",-1,-12.5,0,0,0,0,0,0,0,0,0,0,0,0,0,0
"13057","5","424690","78","0","2023","4","N",7,0,0,0,0,0,0,0,"N",0.75,0,0,0,0,0,0,0,"N",-1,-12.5,0,0,0,0,0,0,0,0,0,0,0,0,0,0
"13057","5","4247","76","0","2023","4","N",2,0,0,0,0,0,0,0,"N",0.36,0,0,0,0,0,0,0,"N",-1,-33.3,0,0,0,0,0,0,0,0,0,0,0,0,0,0
"13057","5","42472","77","0","2023","4","N",2,0,0,0,0,0,0,0,"N",0.53,0,0,0,0,0,0,0,"N",-1,-33.3,0,0,0,0,0,0,0,0,0,0,0,0,0,0
"13057","5","424720","78","0","2023","4","N",2,0,0,0,0,0,0,0,"N",0.53,0,0,0,0,0,0,0,"N",-1,-33.3,0,0,0,0,0,0,0,0,0,0,0,0,0,0
"13057","5","4248","76","0","2023","4","N",3,0,0,0,0,0,0,0,"N",0.48,0,0,0,0,0,0,0,"N",0,0.0,0,0,0,0,0,0,0,0,0,0,0,0,0,0
"13057","5","42482","77","0","2023","4","N",3,0,0,0,0,0,0,0,"N",0.71,0,0,0,0,0,0,0,"N",0,0.0,0,0,0,0,0,0,0,0,0,0,0,0,0,0
"13057","5","424820","78","0","2023","4","N",3,0,0,0,0,0,0,0,"N",0.71,0,0,0,0,0,0,0,"N",0,0.0,0,0,0,0,0,0,0,0,0,0,0,0,0,0
"13057","5","4249","76","0","2023","4","",16,114,116,118,1839009,174438,778,1220,"",0.63,0.73,0.74,0.76,0.81,0.91,0.39,1.09,"",-1,-5.9,8,7.5,11,10.5,13,12.4,129605,7.6,-48871,-21.9,374,92.6,-28,-2.2
"13057","5","42491","77","0","2023","4","",4,32,31,31,665635,51944,255,1634,"",0.47,0.57,0.55,0.56,0.71,0.71,0.41,1.28,"",-1,-20.0,-1,-3.0,0,0.0,-1,-3.1,8987,1.4,-110846,-68.1,190,292.3,56,3.5
"13057","5","424910","78","0","2023","4","",4,32,31,31,665635,51944,255,1634,"",0.47,0.57,0.55,0.56,0.71,0.71,0.41,1.28,"",-1,-20.0,-1,-3.0,0,0.0,-1,-3.1,8987,1.4,-110846,-68.1,190,292.3,56,3.5
"13057","5","42493","77","0","2023","4","",8,76,79,81,1086384,73750,124,1062,"",3.21,3.32,3.45,3.61,4.70,2.44,0.38,1.36,"",0,0.0,5,7.0,7,9.7,10,14.1,48692,4.7,13231,21.9,-215,-63.4,-57,-5.1
"13057","5","424930","78","0","2023","4","",8,76,79,81,1086384,73750,124,1062,"",3.21,3.32,3.45,3.61,4.70,2.44,0.38,1.36,"",0,0.0,5,7.0,7,9.7,10,14.1,48692,4.7,13231,21.9,-215,-63.4,-57,-5.1
"13057","5","42499","77","0","2023","4","",4,6,6,6,86990,48744,399,1115,"",0.41,0.15,0.15,0.15,0.14,1.02,0.67,0.96,"N",1,33.3,0,0,0,0,0,0,0,0,0,0,0,0,0,0
"13057","5","424990","78","0","2023","4","",4,6,6,6,86990,48744,399,1115,"",0.41,0.15,0.15,0.15,0.14,1.02,0.67,0.96,"N",1,33.3,0,0,0,0,0,0,0,0,0,0,0,0,0,0
"13057","5","425","75","0","2023","4","",171,552,557,556,18605880,586527,6487,2579,"",2.17,2.26,2.27,2.26,3.10,2.50,2.48,1.37,"",-41,-19.3,-60,-9.8,-26,-4.5,-28,-4.8,-779206,-4.0,74976,14.7,232,3.7,64,2.5
"13057","5","4251","76","0","2023","4","",171,552,557,556,18605880,586527,6487,2579,"",2.17,2.26,2.27,2.26,3.10,2.50,2.48,1.37,"",-41,-19.3,-60,-9.8,-26,-4.5,-28,-4.8,-779206,-4.0,74976,14.7,232,3.7,64,2.5
"13057","5","42512","77","0","2023","4","",171,552,557,556,18605880,586527,6487,2579,"",2.17,2.26,2.27,2.26,3.10,2.50,2.48,1.37,"",-41,-19.3,-60,-9.8,-26,-4.5,-28,-4.8,-779206,-4.0,74976,14.7,232,3.7,64,2.5
"13057","5","425120","78","0","2023","4","",171,552,557,556,18605880,586527,6487,2579,"",2.17,2.26,2.27,2.26,3.10,2.50,2.48,1.37,"",-41,-19.3,-60,-9.8,-26,-4.5,-28,-4.8,-779206,-4.0,74976,14.7,232,3.7,64,2.5
"13057","5","44-45","74","0","2023","4","",685,12296,12773,12804,116800721,14895239,107938,712,"",0.98,1.67,1.69,1.69,1.99,1.49,1.26,1.19,"",-1,-0.1,254,2.1,472,3.8,275,2.2,233513,0.2,-601408,-3.9,-43824,-28.9,-18,-2.5
"13057","5","441","75","0","2023","4","",82,1356,1351,1338,19479988,1701859,15192,1111,"",1.02,1.40,1.39,1.38,1.54,1.33,1.25,1.11,"",1,1.2,-29,-2.1,-19,-1.4,-22,-1.6,-3020627,-13.4,29978,1.8,144,1.0,-151,-12.0
"13057","5","4411","76","0","2023","4","",28,808,803,789,14089260,1163903,11542,1355,"",0.90,1.33,1.32,1.29,1.52,1.49,1.46,1.16,"",-1,-3.4,-26,-3.1,-9,-1.1,-23,-2.8,-2662985,-15.9,170989,17.2,1822,18.7,-218,-13.9
"13057","5","44111","77","0","2023","4","",10,731,728,720,13194857,1021406,9912,1397,"",0.72,1.39,1.37,1.36,1.58,1.51,1.46,1.15,"",0,0.0,-28,-3.7,-13,-1.8,-24,-3.2,-2583610,-16.4,150291,17.3,1868,23.2,-226,-13.9
"13057","5","441110","78","0","2023","4","",10,731,728,720,13194857,1021406,9912,1397,"",0.72,1.39,1.37,1.36,1.58,1.51,1.46,1.15,"",0,0.0,-28,-3.7,-13,-1.8,-24,-3.2,-2583610,-16.4,150291,17.3,1868,23.2,-226,-13.9
"13057","5","44112","77","0","2023","4","",18,77,75,69,894403,142497,1630,934,"",1.04,0.96,0.93,0.86,0.96,1.37,1.43,1.05,"",-1,-5.3,2,2.7,4,5.6,1,1.5,-79375,-8.2,20698,17.0,-46,-2.7,-116,-11.0
"13057","5","441120","78","0","2023","4","",18,77,75,69,894403,142497,1630,934,"",1.04,0.96,0.93,0.86,0.96,1.37,1.43,1.05,"",-1,-5.3,2,2.7,4,5.6,1,1.5,-79375,-8.2,20698,17.0,-46,-2.7,-116,-11.0
"13057","5","4412","76","0","2023","4","",7,100,100,97,1501720,61120,574,1167,"",0.69,1.20,1.22,1.20,1.49,0.54,0.47,1.23,"",-1,-12.5,-44,-30.6,-46,-31.5,-44,-31.2,-777719,-34.1,-142670,-70.0,-773,-57.4,-53,-4.3
"13057","5","44121","77","0","2023","4","N",2,0,0,0,0,0,0,0,"N",0.98,0,0,0,0,0,0,0,"N",0,0.0,0,0,0,0,0,0,0,0,0,0,0,0,0,0
"13057","5","441210","78","0","2023","4","N",2,0,0,0,0,0,0,0,"N",0.98,0,0,0,0,0,0,0,"N",0,0.0,0,0,0,0,0,0,0,0,0,0,0,0,0,0
"13057","5","44122","77","0","2023","4","N",5,0,0,0,0,0,0,0,"N",0.62,0,0,0,0,0,0,0,"N",-1,-16.7,0,0,0,0,0,0,0,0,0,0,0,0,0,0
"13057","5","441222","78","0","2023","4","N",2,0,0,0,0,0,0,0,"N",0.67,0,0,0,0,0,0,0,"N",0,0.0,0,0,0,0,0,0,0,0,0,0,0,0,0,0
"13057","5","441227","78","0","2023","4","N",3,0,0,0,0,0,0,0,"N",0.59,0,0,0,0,0,0,0,"N",-1,-25.0,0,0,0,0,0,0,0,0,0,0,0,0,0,0
"13057","5","4413","76","0","2023","4","",47,448,448,452,3889008,476836,3076,666,"",1.19,1.61,1.60,1.62,1.65,1.23,1.02,1.03,"",3,6.8,41,10.1,36,8.7,45,11.1,420077,12.1,1659,0.3,-905,-22.7,13,2.0
"13057","5","44133","77","0","2023","4","",29,271,273,278,1945664,225895,1470,546,"",1.11,1.44,1.44,1.48,1.38,0.92,0.80,0.95,"",0,0.0,11,4.2,8,3.0,17,6.5,44481,2.3,-64675,-22.3,-1313,-47.2,-12,-2.2
"13057","5","441330","78","0","2023","4","",29,271,273,278,1945664,225895,1470,546,"",1.11,1.44,1.44,1.48,1.38,0.92,0.80,0.95,"",0,0.0,11,4.2,8,3.0,17,6.5,44481,2.3,-64675,-22.3,-1313,-47.2,-12,-2.2
"13057","5","44134","77","0","2023","4","",18,177,175,174,1943344,250941,1606,853,"",1.35,1.97,1.93,1.91,2.06,1.78,1.36,1.06,"",3,20.0,30,20.4,28,19.0,28,19.2,375596,24.0,66334,35.9,408,34.1,31,3.8
"13057","5","441340","78","0","2023","4","",18,177,175,174,1943344,250941,1606,853,"",1.35,1.97,1.93,1.91,2.06,1.78,1.36,1.06,"",3,20.0,30,20.4,28,19.0,28,19.2,375596,24.0,66334,35.9,408,34.1,31,3.8
"13057","5","444","75","0","2023","4","",49,1341,1313,1302,16249021,1325970,3748,948,"",1.03,2.04,2.01,1.99,2.95,1.68,0.57,1.46,"",-2,-3.9,43,3.3,14,1.1,-11,-0.8,-1136592,-6.5,-265028,-16.7,-37206,-90.8,-78,-7.6
"13057","5","4441","76","0","2023","4","",34,1177,1159,1151,15000548,1190950,1676,993,"",0.94,2.07,2.04,2.03,3.10,1.75,0.31,1.52,"",-3,-8.1,32,2.8,24,2.1,1,0.1,-1147228,-7.1,-241106,-16.8,-35911,-95.5,-93,-8.6
"13057","5","44411","77","0","2023","4","N",10,0,0,0,0,0,0,0,"N",1.63,0,0,0,0,0,0,0,"N",3,42.9,0,0,0,0,0,0,0,0,0,0,0,0,0,0
"13057","5","444110","78","0","2023","4","N",10,0,0,0,0,0,0,0,"N",1.63,0,0,0,0,0,0,0,"N",3,42.9,0,0,0,0,0,0,0,0,0,0,0,0,0,0
"13057","5","44412","77","0","2023","4","N",7,0,0,0,0,0,0,0,"N",1.56,0,0,0,0,0,0,0,"N",0,0.0,0,0,0,0,0,0,0,0,0,0,0,0,0,0
"13057","5","444120","78","0","2023","4","N",7,0,0,0,0,0,0,0,"N",1.56,0,0,0,0,0,0,0,"N",0,0.0,0,0,0,0,0,0,0,0,0,0,0,0,0,0
"13057","5","44414","77","0","2023","4","N",8,0,0,0,0,0,0,0,"N",0.78,0,0,0,0,0,0,0,"N",-2,-20.0,0,0,0,0,0,0,0,0,0,0,0,0,0,0
"13057","5","444140","78","0","2023","4","N",8,0,0,0,0,0,0,0,"N",0.78,0,0,0,0,0,0,0,"N",-2,-20.0,0,0,0,0,0,0,0,0,0,0,0,0,0,0
"13057","5","44418","77","0","2023","4","",9,64,63,60,2080394,22189,333,2567,"",0.59,0.54,0.53,0.50,1.24,0.16,0.24,2.38,"",-4,-30.8,-13,-16.9,2,3.3,-3,-4.8,-1988291,-48.9,-34274,-60.7,-526,-61.2,-2104,-45.0
"13057","5","444180","78","0","2023","4","",9,64,63,60,2080394,22189,333,2567,"",0.59,0.54,0.53,0.50,1.24,0.16,0.24,2.38,"",-4,-30.8,-13,-16.9,2,3.3,-3,-4.8,-1988291,-48.9,-34274,-60.7,-526,-61.2,-2104,-45.0
"13057","5","4442","76","0","2023","4","",15,164,154,151,1248473,135020,2072,614,"",1.30,1.87,1.78,1.78,1.83,1.24,1.65,1.01,"",1,7.1,11,7.2,-10,-6.1,-12,-7.4,10636,0.9,-23922,-15.1,-1295,-38.5,19,3.2
"13057","5","44423","77","0","2023","4","N",2,0,0,0,0,0,0,0,"N",0.80,0,0,0,0,0,0,0,"N",-1,-33.3,0,0,0,0,0,0,0,0,0,0,0,0,0,0
"13057","5","444230","78","0","2023","4","N",2,0,0,0,0,0,0,0,"N",0.80,0,0,0,0,0,0,0,"N",-1,-33.3,0,0,0,0,0,0,0,0,0,0,0,0,0,0
"13057","5","44424","77","0","2023","4","N",13,0,0,0,0,0,0,0,"N",1.44,0,0,0,0,0,0,0,"N",2,18.2,0,0,0,0,0,0,0,0,0,0,0,0,0,0
"13057","5","444240","78","0","2023","4","N",13,0,0,0,0,0,0,0,"N",1.44,0,0,0,0,0,0,0,"N",2,18.2,0,0,0,0,0,0,0,0,0,0,0,0,0,0
"13057","5","445","75","0","2023","4","",93,2751,2820,2862,21944507,3120302,17839,601,"",0.89,1.81,1.83,1.84,2.30,1.53,1.15,1.26,"",0,0.0,11,0.4,46,1.7,41,1.5,651380,3.1,-113913,-3.5,503,2.9,11,1.9
"13057","5","4451","76","0","2023","4","",55,2534,2559,2588,20124507,2798279,13521,605,"",0.87,1.91,1.91,1.92,2.44,1.60,1.09,1.28,"",2,3.8,21,0.8,56,2.2,55,2.2,751622,3.9,-141737,-4.8,776,6.1,13,2.2
"13057","5","44511","77","0","2023","4","",36,2494,2519,2546,19782174,2762137,13172,604,"",0.94,2.03,2.03,2.03,2.58,1.72,1.24,1.27,"",3,9.1,32,1.3,52,2.1,47,1.9,701416,3.7,-87871,-3.1,2092,18.9,11,1.9
"13057","5","445110","78","0","2023","4","",36,2494,2519,2546,19782174,2762137,13172,604,"",0.94,2.03,2.03,2.03,2.58,1.72,1.24,1.27,"",3,9.1,32,1.3,52,2.1,47,1.9,701416,3.7,-87871,-3.1,2092,18.9,11,1.9
"13057","5","44513","77","0","2023","4","",19,40,40,42,342333,36142,349,648,"",0.75,0.41,0.41,0.43,0.57,0.25,0.21,1.37,"",-1,-5.0,-11,-21.6,4,11.1,8,23.5,50206,17.2,-53866,-59.8,-1316,-79.0,91,16.3
"13057","5","445131","78","0","2023","4","N",16,0,0,0,0,0,0,0,"N",0.70,0,0,0,0,0,0,0,"N",0,0.0,0,0,0,0,0,0,0,0,0,0,0,0,0,0
"13057","5","445132","78","0","2023","4","N",3,0,0,0,0,0,0,0,"N",1.34,0,0,0,0,0,0,0,"N",-1,-25.0,0,0,0,0,0,0,0,0,0,0,0,0,0,0
"13057","5","4452","76","0","2023","4","",24,172,211,224,1369243,244196,2708,521,"",1.27,1.49,1.78,1.89,1.73,1.39,1.36,1.00,"",-1,-4.0,-5,-2.8,-10,-4.5,-13,-5.5,-72591,-5.0,15480,6.8,-772,-22.2,-3,-0.6
"13057","5","44523","77","0","2023","4","N",1,0,0,0,0,0,0,0,"N",0.45,0,0,0,0,0,0,0,"N",-1,-50.0,0,0,0,0,0,0,0,0,0,0,0,0,0,0
"13057","5","445230","78","0","2023","4","N",1,0,0,0,0,0,0,0,"N",0.45,0,0,0,0,0,0,0,"N",-1,-50.0,0,0,0,0,0,0,0,0,0,0,0,0,0,0
"13057","5","44524","77","0","2023","4","N",11,0,0,0,0,0,0,0,"N",2.49,0,0,0,0,0,0,0,"N",-1,-8.3,0,0,0,0,0,0,0,0,0,0,0,0,0,0
"13057","5","445240","78","0","2023","4","N",11,0,0,0,0,0,0,0,"N",2.49,0,0,0,0,0,0,0,"N",-1,-8.3,0,0,0,0,0,0,0,0,0,0,0,0,0,0
"13057","5","44529","77","0","2023","4","",12,104,108,117,809844,137355,1417,568,"",1.11,1.76,1.78,1.89,2.09,1.43,1.25,1.16,"",1,9.1,0,0.0,-5,-4.4,-1,-0.8,-72279,-8.2,20868,17.9,519,57.8,-40,-6.6
"13057","5","445291","78","0","2023","4","N",1,0,0,0,0,0,0,0,"N",0.58,0,0,0,0,0,0,0,"N",0,0.0,0,0,0,0,0,0,0,0,0,0,0,0,0,0
"13057","5","445292","78","0","2023","4","N",2,0,0,0,0,0,0,0,"N",0.97,0,0,0,0,0,0,0,"N",0,0.0,0,0,0,0,0,0,0,0,0,0,0,0,0,0
"13057","5","445298","78","0","2023","4","",9,66,68,78,494041,79541,1238,538,"",1.29,1.67,1.71,1.94,1.84,1.22,1.72,1.04,"",1,12.5,-4,-5.7,-11,-13.9,-4,-4.9,-101937,-17.1,26256,49.3,832,204.9,-57,-9.6
"13057","5","4453","76","0","2023","4","",14,45,50,50,450757,77827,1610,717,"",0.63,0.54,0.59,0.59,0.90,0.67,1.34,1.57,"",-1,-6.7,-5,-10.0,0,0.0,-1,-2.0,-27651,-5.8,12344,18.9,499,44.9,-14,-1.9
"13057","5","44532","77","0","2023","4","",14,45,50,50,450757,77827,1610,717,"",0.63,0.54,0.59,0.59,0.90,0.67,1.34,1.57,"",-1,-6.7,-5,-10.0,0,0.0,-1,-2.0,-27651,-5.8,12344,18.9,499,44.9,-14,-1.9
"13057","5","445320","78","0","2023","4","",14,45,50,50,450757,77827,1610,717,"",0.63,0.54,0.59,0.59,0.90,0.67,1.34,1.57,"",-1,-6.7,-5,-10.0,0,0.0,-1,-2.0,-27651,-5.8,12344,18.9,499,44.9,-14,-1.9
"13057","5","449","75","0","2023","4","",76,726,742,754,10254782,742029,6326,1065,"",1.29,1.86,1.85,1.87,2.26,1.52,1.30,1.21,"",2,2.7,20,2.8,30,4.2,40,5.6,467978,4.8,80825,12.2,347,5.8,6,0.6
"13057","5","4491","76","0","2023","4","",43,414,422,426,6282944,369654,3860,1149,"",1.40,2.09,2.08,2.08,3.03,1.44,1.57,1.45,"",2,4.9,30,7.8,33,8.5,32,8.1,398287,6.8,156646,73.5,2025,110.4,-15,-1.3
"13057","5","44911","77","0","2023","4","",19,245,248,246,4543717,151519,959,1419,"",1.26,2.48,2.50,2.48,4.12,1.26,0.83,1.66,"",1,5.6,7,2.9,8,3.3,5,2.1,101442,2.3,73895,95.2,306,46.9,-7,-0.5
"13057","5","449110","78","0","2023","4","",19,245,248,246,4543717,151519,959,1419,"",1.26,2.48,2.50,2.48,4.12,1.26,0.83,1.66,"",1,5.6,7,2.9,8,3.3,5,2.1,101442,2.3,73895,95.2,306,46.9,-7,-0.5
"13057","5","44912","77","0","2023","4","",24,169,174,180,1739227,218135,2901,767,"",1.53,1.70,1.68,1.71,1.79,1.59,2.22,1.05,"",1,4.3,23,15.8,25,16.8,27,17.6,296845,20.6,82751,61.1,1719,145.4,24,3.2
"13057","5","449121","78","0","2023","4","",9,58,57,56,922761,48110,629,1245,"",1.50,1.76,1.73,1.69,2.11,1.20,1.56,1.22,"",0,0.0,0,0.0,6,11.8,4,7.7,57398,6.6,27641,135.0,321,104.2,5,0.4
"13057","5","449122","78","0","2023","4","",5,12,12,12,223629,1814,49,1434,"",2.66,1.98,1.97,1.98,2.98,0.24,0.59,1.51,"",1,25.0,3,33.3,5,71.4,4,50.0,56160,33.5,-6966,-79.3,-188,-79.3,-176,-10.9
"13057","5","449129","78","0","2023","4","",10,99,105,112,592837,168211,2223,433,"",1.28,1.64,1.63,1.69,1.29,1.88,2.71,0.78,"",0,0.0,20,25.3,14,15.4,19,20.4,183287,44.8,62076,58.5,1586,249.0,74,20.6
"13057","5","4492","76","0","2023","4","",33,312,320,328,3971838,372375,2466,955,"",1.17,1.62,1.61,1.66,1.61,1.61,1.02,0.99,"",0,0.0,-10,-3.1,-3,-0.9,8,2.5,69691,1.8,-75821,-16.9,-1678,-40.5,22,2.4
"13057","5","44921","77","0","2023","4","",33,312,320,328,3971838,372375,2466,955,"",1.17,1.62,1.61,1.66,1.61,1.61,1.02,0.99,"",0,0.0,-10,-3.1,-3,-0.9,8,2.5,69691,1.8,-75821,-16.9,-1678,-40.5,22,2.4
"13057","5","449210","78","0","2023","4","",33,312,320,328,3971838,372375,2466,955,"",1.17,1.62,1.61,1.66,1.61,1.61,1.02,0.99,"",0,0.0,-10,-3.1,-3,-0.9,8,2.5,69691,1.8,-75821,-16.9,-1678,-40.5,22,2.4
"13057","5","455","75","0","2023","4","",47,3055,3274,3292,24778321,3881113,34668,594,"",0.89,1.98,2.02,2.02,2.65,1.82,2.07,1.32,"",2,4.4,60,2.0,156,5.0,59,1.8,1566816,6.8,-157683,-3.9,-6312,-15.4,21,3.7
"13057","5","4551","76","0","2023","4","",6,537,637,659,3757650,934393,10797,473,"",0.77,1.15,1.26,1.29,1.49,1.38,1.79,1.20,"",0,0.0,-45,-7.7,10,1.6,-18,-2.7,-232335,-5.8,-187993,-16.7,-401,-3.6,-15,-3.1
"13057","5","45511","77","0","2023","4","",6,537,637,659,3757650,934393,10797,473,"",0.77,1.15,1.26,1.29,1.49,1.38,1.79,1.20,"",0,0.0,-45,-7.7,10,1.6,-18,-2.7,-232335,-5.8,-187993,-16.7,-401,-3.6,-15,-3.1
"13057","5","455110","78","0","2023","4","",6,537,637,659,3757650,934393,10797,473,"",0.77,1.15,1.26,1.29,1.49,1.38,1.79,1.20,"",0,0.0,-45,-7.7,10,1.6,-18,-2.7,-232335,-5.8,-187993,-16.7,-401,-3.6,-15,-3.1
"13057","5","4552","76","0","2023","4","",41,2518,2637,2633,21020671,2946720,23871,623,"",0.91,2.34,2.37,2.35,3.08,2.03,2.23,1.31,"",2,5.1,105,4.4,146,5.9,77,3.0,1799151,9.4,30310,1.0,-5911,-19.8,28,4.7
"13057","5","45521","77","0","2023","4","",41,2518,2637,2633,21020671,2946720,23871,623,"",0.91,2.34,2.37,2.35,3.08,2.03,2.23,1.31,"",2,5.1,105,4.4,146,5.9,77,3.0,1799151,9.4,30310,1.0,-5911,-19.8,28,4.7
"13057","5","455211","78","0","2023","4","",8,2245,2352,2332,18385846,2472956,20073,612,"",1.93,2.87,2.91,2.89,3.62,2.45,3.13,1.25,"",0,0.0,86,4.0,120,5.4,44,1.9,1342340,7.9,2394,0.1,-1402,-6.5,23,3.9
"13057","5","455219","78","0","2023","4","",33,273,285,301,2634825,473764,3798,708,"",0.80,0.93,0.93,0.96,1.51,1.06,0.89,1.60,"",2,6.5,19,7.5,26,10.0,33,12.3,456811,21.0,27916,6.3,-4509,-54.3,64,9.9
"13057","5","456","75","0","2023","4","",67,684,716,695,7027180,861645,6568,774,"",0.87,1.30,1.34,1.29,1.42,1.27,1.13,1.09,"",0,0.0,3,0.4,15,2.1,-5,-0.7,-88939,-1.2,-223503,-20.6,-1363,-17.2,-15,-1.9
"13057","5","4561","76","0","2023","4","",67,684,716,695,7027180,861645,6568,774,"",0.87,1.30,1.34,1.29,1.42,1.27,1.13,1.09,"",0,0.0,3,0.4,15,2.1,-5,-0.7,-88939,-1.2,-223503,-20.6,-1363,-17.2,-15,-1.9
"13057","5","45611","77","0","2023","4","",35,291,300,292,3353762,301082,1889,876,"",0.84,0.86,0.87,0.84,0.99,0.70,0.56,1.15,"",0,0.0,3,1.0,7,2.4,1,0.3,-53587,-1.6,-64910,-17.7,147,8.4,-26,-2.9
"13057","5","456110","78","0","2023","4","",35,291,300,292,3353762,301082,1889,876,"",0.84,0.86,0.87,0.84,0.99,0.70,0.56,1.15,"",0,0.0,3,1.0,7,2.4,1,0.3,-53587,-1.6,-64910,-17.7,147,8.4,-26,-2.9
"13057","5","45612","77","0","2023","4","",8,191,213,208,1062689,331934,2822,401,"",0.61,2.02,2.12,2.09,1.78,2.58,2.27,0.86,"",0,0.0,-1,-0.5,14,7.0,12,6.1,-5878,-0.6,-62621,-15.9,-22,-0.8,-19,-4.5
"13057","5","456120","78","0","2023","4","",8,191,213,208,1062689,331934,2822,401,"",0.61,2.02,2.12,2.09,1.78,2.58,2.27,0.86,"",0,0.0,-1,-0.5,14,7.0,12,6.1,-5878,-0.6,-62621,-15.9,-22,-0.8,-19,-4.5
"13057","5","45613","77","0","2023","4","N",9,0,0,0,0,0,0,0,"N",1.29,0,0,0,0,0,0,0,"N",0,0.0,0,0,0,0,0,0,0,0,0,0,0,0,0,0
"13057","5","456130","78","0","2023","4","N",9,0,0,0,0,0,0,0,"N",1.29,0,0,0,0,0,0,0,"N",0,0.0,0,0,0,0,0,0,0,0,0,0,0,0,0,0
"13057","5","45619","77","0","2023","4","N",15,0,0,0,0,0,0,0,"N",1.01,0,0,0,0,0,0,0,"N",0,0.0,0,0,0,0,0,0,0,0,0,0,0,0,0,0
"13057","5","456191","78","0","2023","4","",10,34,35,29,211232,45097,242,497,"",1.42,1.49,1.52,1.26,1.05,1.36,0.72,0.74,"",0,0.0,-1,-2.9,-2,-5.4,-8,-21.6,-21311,-9.2,-15108,-25.1,-498,-67.3,5,1.0
"13057","5","456199","78","0","2023","4","N",5,0,0,0,0,0,0,0,"N",0.64,0,0,0,0,0,0,0,"N",0,0.0,0,0,0,0,0,0,0,0,0,0,0,0,0,0
"13057","5","457","75","0","2023","4","",78,475,466,467,4307139,501262,4250,706,"",1.01,0.96,0.93,0.93,1.33,0.65,0.70,1.42,"",0,0.0,43,10.0,23,5.2,37,8.6,532260,14.1,60069,13.6,1019,31.5,38,5.7
"13057","5","4571","76","0","2023","4","N",73,0,0,0,0,0,0,0,"N",1.01,0,0,0,0,0,0,0,"N",0,0.0,0,0,0,0,0,0,0,0,0,0,0,0,0,0
"13057","5","45711","77","0","2023","4","",66,438,427,429,3753828,449248,2932,669,"",1.00,1.04,1.02,1.02,1.55,0.68,0.58,1.51,"N",-1,-1.5,0,0,0,0,0,0,0,0,0,0,0,0,0,0
"13057","5","457110","78","0","2023","4","",66,438,427,429,3753828,449248,2932,669,"",1.00,1.04,1.02,1.02,1.55,0.68,0.58,1.51,"N",-1,-1.5,0,0,0,0,0,0,0,0,0,0,0,0,0,0
"13057","5","45712","77","0","2023","4","N",7,0,0,0,0,0,0,0,"N",1.13,0,0,0,0,0,0,0,"N",1,16.7,0,0,0,0,0,0,0,0,0,0,0,0,0,0
"13057","5","457120","78","0","2023","4","N",7,0,0,0,0,0,0,0,"N",1.13,0,0,0,0,0,0,0,"N",1,16.7,0,0,0,0,0,0,0,0,0,0,0,0,0,0
"13057","5","4572","76","0","2023","4","N",5,0,0,0,0,0,0,0,"N",1.00,0,0,0,0,0,0,0,"N",0,0.0,0,0,0,0,0,0,0,0,0,0,0,0,0,0
"13057","5","45721","77","0","2023","4","N",5,0,0,0,0,0,0,0,"N",1.00,0,0,0,0,0,0,0,"N",0,0.0,0,0,0,0,0,0,0,0,0,0,0,0,0,0
"13057","5","457210","78","0","2023","4","N",5,0,0,0,0,0,0,0,"N",1.00,0,0,0,0,0,0,0,"N",0,0.0,0,0,0,0,0,0,0,0,0,0,0,0,0,0
"13057","5","458","75","0","2023","4","",88,1041,1177,1181,6271453,1672202,11530,426,"",1.12,1.89,2.01,1.98,1.74,2.14,1.45,0.88,"",2,2.3,139,15.4,192,19.5,138,13.2,729761,13.2,184665,12.4,-1082,-8.6,-10,-2.3
"13057","5","4581","76","0","2023","4","",65,792,909,908,4521236,1336336,9774,400,"",1.19,1.92,2.07,2.05,1.81,2.25,1.61,0.90,"",3,4.8,116,17.2,161,21.5,118,14.9,565824,14.3,181548,15.7,1465,17.6,-12,-2.9
"13057","5","45811","77","0","2023","4","",65,792,909,908,4521236,1336336,9774,400,"",1.19,1.92,2.07,2.05,1.81,2.25,1.61,0.90,"",3,4.8,116,17.2,161,21.5,118,14.9,565824,14.3,181548,15.7,1465,17.6,-12,-2.9
"13057","5","458110","78","0","2023","4","",65,792,909,908,4521236,1336336,9774,400,"",1.19,1.92,2.07,2.05,1.81,2.25,1.61,0.90,"",3,4.8,116,17.2,161,21.5,118,14.9,565824,14.3,181548,15.7,1465,17.6,-12,-2.9
"13057","5","4582","76","0","2023","4","",12,199,212,214,1268514,280515,1314,468,"",1.19,2.47,2.49,2.41,2.70,2.56,1.29,1.10,"",0,0.0,15,8.2,23,12.2,16,8.1,166094,15.1,-6272,-2.2,-2808,-68.1,22,4.9
"13057","5","45821","77","0","2023","4","",12,199,212,214,1268514,280515,1314,468,"",1.19,2.47,2.49,2.41,2.70,2.56,1.29,1.10,"",0,0.0,15,8.2,23,12.2,16,8.1,166094,15.1,-6272,-2.2,-2808,-68.1,22,4.9
"13057","5","458210","78","0","2023","4","",12,199,212,214,1268514,280515,1314,468,"",1.19,2.47,2.49,2.41,2.70,2.56,1.29,1.10,"",0,0.0,15,8.2,23,12.2,16,8.1,166094,15.1,-6272,-2.2,-2808,-68.1,22,4.9
"13057","5","4583","76","0","2023","4","",11,50,56,59,481703,55351,442,674,"",0.79,0.86,0.92,0.94,0.74,0.71,0.53,0.82,"",-1,-8.3,8,19.0,8,16.7,4,7.3,-2157,-0.4,9389,20.4,261,144.2,-96,-12.5
"13057","5","45831","77","0","2023","4","N",10,0,0,0,0,0,0,0,"N",0.76,0,0,0,0,0,0,0,"N",-1,-9.1,0,0,0,0,0,0,0,0,0,0,0,0,0,0
"13057","5","458310","78","0","2023","4","N",10,0,0,0,0,0,0,0,"N",0.76,0,0,0,0,0,0,0,"N",-1,-9.1,0,0,0,0,0,0,0,0,0,0,0,0,0,0
"13057","5","45832","77","0","2023","4","N",1,0,0,0,0,0,0,0,"N",1.28,0,0,0,0,0,0,0,"N",0,0.0,0,0,0,0,0,0,0,0,0,0,0,0,0,0
"13057","5","458320","78","0","2023","4","N",1,0,0,0,0,0,0,0,"N",1.28,0,0,0,0,0,0,0,"N",0,0.0,0,0,0,0,0,0,0,0,0,0,0,0,0,0
"13057","5","459","75","0","2023","4","",105,867,914,913,6488330,1088857,7817,556,"",0.85,1.19,1.24,1.23,1.25,1.06,0.78,1.03,"",-6,-5.4,-36,-4.0,15,1.7,-2,-0.2,531476,8.9,-196818,-15.3,126,1.6,50,9.9
"13057","5","4591","76","0","2023","4","",25,458,498,502,3353356,614238,3907,531,"",0.84,1.96,2.01,2.01,2.37,1.80,1.46,1.19,"",-3,-10.7,-12,-2.6,31,6.6,18,3.7,129098,4.0,-15030,-2.4,1392,55.3,7,1.3
"13057","5","45911","77","0","2023","4","",17,344,375,381,2737260,450195,2452,574,"",1.04,2.43,2.53,2.52,3.07,2.18,1.50,1.23,"",1,6.2,-6,-1.7,32,9.3,13,3.5,190436,7.5,2032,0.5,653,36.3,20,3.6
"13057","5","459110","78","0","2023","4","",17,344,375,381,2737260,450195,2452,574,"",1.04,2.43,2.53,2.52,3.07,2.18,1.50,1.23,"",1,6.2,-6,-1.7,32,9.3,13,3.5,190436,7.5,2032,0.5,653,36.3,20,3.6
"13057","5","45912","77","0","2023","4","N",7,0,0,0,0,0,0,0,"N",0.86,0,0,0,0,0,0,0,"N",-1,-12.5,0,0,0,0,0,0,0,0,0,0,0,0,0,0
"13057","5","459120","78","0","2023","4","N",7,0,0,0,0,0,0,0,"N",0.86,0,0,0,0,0,0,0,"N",-1,-12.5,0,0,0,0,0,0,0,0,0,0,0,0,0,0
"13057","5","45914","77","0","2023","4","N",1,0,0,0,0,0,0,0,"N",0.41,0,0,0,0,0,0,0,"N",-2,-66.7,0,0,0,0,0,0,0,0,0,0,0,0,0,0
"13057","5","459140","78","0","2023","4","N",1,0,0,0,0,0,0,0,"N",0.41,0,0,0,0,0,0,0,"N",-2,-66.7,0,0,0,0,0,0,0,0,0,0,0,0,0,0
"13057","5","4592","76","0","2023","4","N",2,0,0,0,0,0,0,0,"N",0.38,0,0,0,0,0,0,0,"N",-1,-33.3,0,0,0,0,0,0,0,0,0,0,0,0,0,0
"13057","5","45921","77","0","2023","4","N",2,0,0,0,0,0,0,0,"N",0.38,0,0,0,0,0,0,0,"N",-1,-33.3,0,0,0,0,0,0,0,0,0,0,0,0,0,0
"13057","5","459210","78","0","2023","4","N",2,0,0,0,0,0,0,0,"N",0.38,0,0,0,0,0,0,0,"N",-1,-33.3,0,0,0,0,0,0,0,0,0,0,0,0,0,0
"13057","5","4593","76","0","2023","4","N",9,0,0,0,0,0,0,0,"N",1.11,0,0,0,0,0,0,0,"N",1,12.5,0,0,0,0,0,0,0,0,0,0,0,0,0,0
"13057","5","45931","77","0","2023","4","N",9,0,0,0,0,0,0,0,"N",1.11,0,0,0,0,0,0,0,"N",1,12.5,0,0,0,0,0,0,0,0,0,0,0,0,0,0
"13057","5","459310","78","0","2023","4","N",9,0,0,0,0,0,0,0,"N",1.11,0,0,0,0,0,0,0,"N",1,12.5,0,0,0,0,0,0,0,0,0,0,0,0,0,0
"13057","5","4594","76","0","2023","4","",7,60,59,60,325823,68012,175,420,"",0.41,0.58,0.59,0.60,0.47,0.49,0.12,0.79,"",-1,-12.5,15,33.3,9,18.0,8,15.4,81590,33.4,-3667,-5.1,-9,-4.9,37,9.7
"13057","5","45941","77","0","2023","4","N",2,0,0,0,0,0,0,0,"N",0.47,0,0,0,0,0,0,0,"N",0,0.0,0,0,0,0,0,0,0,0,0,0,0,0,0,0
"13057","5","459410","78","0","2023","4","N",2,0,0,0,0,0,0,0,"N",0.47,0,0,0,0,0,0,0,"N",0,0.0,0,0,0,0,0,0,0,0,0,0,0,0,0,0
"13057","5","45942","77","0","2023","4","N",5,0,0,0,0,0,0,0,"N",0.39,0,0,0,0,0,0,0,"N",-1,-16.7,0,0,0,0,0,0,0,0,0,0,0,0,0,0
"13057","5","459420","78","0","2023","4","N",5,0,0,0,0,0,0,0,"N",0.39,0,0,0,0,0,0,0,"N",-1,-16.7,0,0,0,0,0,0,0,0,0,0,0,0,0,0
"13057","5","4595","76","0","2023","4","",16,81,83,82,464204,96837,1019,435,"",1.29,0.83,0.85,0.83,0.85,1.02,1.10,1.01,"",-1,-5.9,-13,-13.8,-9,-9.8,-7,-7.9,30226,7.0,-20113,-17.2,-192,-15.9,71,19.5
"13057","5","45951","77","0","2023","4","",16,81,83,82,464204,96837,1019,435,"",1.29,0.83,0.85,0.83,0.85,1.02,1.10,1.01,"",-1,-5.9,-13,-13.8,-9,-9.8,-7,-7.9,30226,7.0,-20113,-17.2,-192,-15.9,71,19.5
"13057","5","459510","78","0","2023","4","",16,81,83,82,464204,96837,1019,435,"",1.29,0.83,0.85,0.83,0.85,1.02,1.10,1.01,"",-1,-5.9,-13,-13.8,-9,-9.8,-7,-7.9,30226,7.0,-20113,-17.2,-192,-15.9,71,19.5
"13057","5","4599","76","0","2023","4","",46,234,236,233,2104647,269977,2515,691,"",0.90,1.01,1.02,1.00,0.97,0.74,0.61,0.96,"",-1,-2.1,-2,-0.8,-7,-2.9,-8,-3.3,337618,19.1,-98403,-26.7,-909,-26.5,125,22.1
"13057","5","45991","77","0","2023","4","",11,109,106,107,867935,119120,468,622,"",1.50,1.67,1.61,1.62,1.86,1.27,0.62,1.14,"",1,10.0,5,4.8,-3,-2.8,0,0.0,163403,23.2,-10315,-8.0,95,25.5,114,22.4
"13057","5","459910","78","0","2023","4","",11,109,106,107,867935,119120,468,622,"",1.50,1.67,1.61,1.62,1.86,1.27,0.62,1.14,"",1,10.0,5,4.8,-3,-2.8,0,0.0,163403,23.2,-10315,-8.0,95,25.5,114,22.4
"13057","5","45999","77","0","2023","4","",35,125,130,126,1236712,150857,2047,749,"",0.90,0.83,0.86,0.83,0.85,0.60,0.65,1.01,"",-2,-5.4,-7,-5.3,-4,-3.0,-8,-6.0,174215,16.4,-88088,-36.9,-1004,-32.9,136,22.2
"13057","5","459991","78","0","2023","4","",18,66,69,62,480001,100845,1710,562,"",1.09,1.06,1.11,0.99,1.19,0.83,1.10,1.13,"",-3,-14.3,-9,-12.0,-8,-10.4,-15,-19.5,-2600,-0.5,-86946,-46.3,-639,-27.2,76,15.6
"13057","5","459999","78","0","2023","4","",17,59,61,64,756711,50012,337,949,"",0.76,0.67,0.69,0.72,0.72,0.39,0.21,1.04,"",1,6.2,2,3.5,4,7.0,7,12.3,176815,30.5,-1142,-2.2,-365,-52.0,166,21.2
"13057","5","48-49","74","0","2023","4","",133,879,904,909,16313837,1112036,14199,1398,"",0.63,0.29,0.28,0.28,0.42,0.23,0.24,1.47,"",4,3.1,-85,-8.8,-55,-5.7,-77,-7.8,-644883,-3.8,-204944,-15.6,-7867,-35.7,53,3.9
"13057","5","481","75","0","2023","4","N",2,0,0,0,0,0,0,0,"N",0.41,0,0,0,0,0,0,0,"N",0,0.0,0,0,0,0,0,0,0,0,0,0,0,0,0,0
"13057","5","4812","76","0","2023","4","N",2,0,0,0,0,0,0,0,"N",0.65,0,0,0,0,0,0,0,"N",0,0.0,0,0,0,0,0,0,0,0,0,0,0,0,0,0
"13057","5","48121","77","0","2023","4","N",2,0,0,0,0,0,0,0,"N",0.65,0,0,0,0,0,0,0,"N",0,0.0,0,0,0,0,0,0,0,0,0,0,0,0,0,0
"13057","5","481211","78","0","2023","4","N",1,0,0,0,0,0,0,0,"N",0.48,0,0,0,0,0,0,0,"N",0,0.0,0,0,0,0,0,0,0,0,0,0,0,0,0,0
"13057","5","481212","78","0","2023","4","N",1,0,0,0,0,0,0,0,"N",2.61,0,0,0,0,0,0,0,"N",0,0.0,0,0,0,0,0,0,0,0,0,0,0,0,0,0
"13057","5","484","75","0","2023","4","",65,424,439,427,7528456,666767,7220,1347,"",0.55,0.58,0.60,0.58,0.81,0.65,0.64,1.39,"",1,1.6,-62,-12.8,-41,-8.5,-62,-12.7,-299269,-3.8,-77997,-10.5,-4914,-40.5,105,8.5
"13057","5","4841","76","0","2023","4","",32,154,161,165,2428315,290173,4204,1167,"",0.39,0.30,0.31,0.32,0.37,0.41,0.56,1.21,"",1,3.2,-11,-6.7,4,2.5,8,5.1,12144,0.5,69031,31.2,-182,-4.1,3,0.3
"13057","5","48411","77","0","2023","4","",15,88,91,96,1211184,197536,3190,1016,"",0.46,0.62,0.63,0.67,0.72,0.91,1.08,1.12,"",0,0.0,20,29.4,26,40.0,32,50.0,506496,71.9,38907,24.5,-895,-21.9,191,23.2
"13057","5","484110","78","0","2023","4","",15,88,91,96,1211184,197536,3190,1016,"",0.46,0.62,0.63,0.67,0.72,0.91,1.08,1.12,"",0,0.0,20,29.4,26,40.0,32,50.0,506496,71.9,38907,24.5,-895,-21.9,191,23.2
"13057","5","48412","77","0","2023","4","",17,66,70,69,1217131,92637,1014,1370,"",0.34,0.18,0.19,0.18,0.25,0.19,0.22,1.39,"",1,6.2,-31,-32.0,-22,-23.9,-24,-25.8,-494352,-28.9,30124,48.2,713,236.9,-31,-2.2
"13057","5","484121","78","0","2023","4","N",16,0,0,0,0,0,0,0,"N",0.38,0,0,0,0,0,0,0,"N",0,0.0,0,0,0,0,0,0,0,0,0,0,0,0,0,0
"13057","5","484122","78","0","2023","4","N",1,0,0,0,0,0,0,0,"N",0.12,0,0,0,0,0,0,0,"N",1,100.0,0,0,0,0,0,0,0,0,0,0,0,0,0,0
"13057","5","4842","76","0","2023","4","",33,270,278,262,5100141,376594,3016,1453,"",0.93,1.24,1.29,1.22,1.84,1.22,0.81,1.47,"",0,0.0,-51,-15.9,-45,-13.9,-70,-21.1,-311413,-5.8,-147028,-28.1,-4732,-61.1,173,13.5
"13057","5","48421","77","0","2023","4","N",5,0,0,0,0,0,0,0,"N",0.76,0,0,0,0,0,0,0,"N",1,25.0,0,0,0,0,0,0,0,0,0,0,0,0,0,0
"13057","5","484210","78","0","2023","4","N",5,0,0,0,0,0,0,0,"N",0.76,0,0,0,0,0,0,0,"N",1,25.0,0,0,0,0,0,0,0,0,0,0,0,0,0,0
"13057","5","48422","77","0","2023","4","",18,135,136,127,2235642,149614,1329,1296,"",0.89,1.24,1.26,1.19,1.57,0.95,0.60,1.28,"N",1,5.9,0,0,0,0,0,0,0,0,0,0,0,0,0,0
"13057","5","484220","78","0","2023","4","",18,135,136,127,2235642,149614,1329,1296,"",0.89,1.24,1.26,1.19,1.57,0.95,0.60,1.28,"N",1,5.9,0,0,0,0,0,0,0,0,0,0,0,0,0,0
"13057","5","48423","77","0","2023","4","N",10,0,0,0,0,0,0,0,"N",1.18,0,0,0,0,0,0,0,"N",-2,-16.7,0,0,0,0,0,0,0,0,0,0,0,0,0,0
"13057","5","484230","78","0","2023","4","N",10,0,0,0,0,0,0,0,"N",1.18,0,0,0,0,0,0,0,"N",-2,-16.7,0,0,0,0,0,0,0,0,0,0,0,0,0,0
"13057","5","485","75","0","2023","4","",8,15,14,16,89042,6199,182,457,"",0.56,0.07,0.06,0.07,0.04,0.02,0.02,0.62,"N",0,0.0,0,0,0,0,0,0,0,0,0,0,0,0,0,0
"13057","5","4851","76","0","2023","4","N",1,0,0,0,0,0,0,0,"N",1.86,0,0,0,0,0,0,0,"N",1,100.0,0,0,0,0,0,0,0,0,0,0,0,0,0,0
"13057","5","48511","77","0","2023","4","N",1,0,0,0,0,0,0,0,"N",1.86,0,0,0,0,0,0,0,"N",1,100.0,0,0,0,0,0,0,0,0,0,0,0,0,0,0
"13057","5","485119","78","0","2023","4","N",1,0,0,0,0,0,0,0,"N",19.45,0,0,0,0,0,0,0,"N",1,100.0,0,0,0,0,0,0,0,0,0,0,0,0,0,0
"13057","5","4853","76","0","2023","4","",5,9,8,10,76293,3050,97,652,"",1.03,0.27,0.24,0.30,0.14,0.03,0.11,0.54,"",-2,-28.6,2,28.6,0,0.0,3,42.9,17573,29.9,2500,454.5,79,438.9,36,5.8
"13057","5","48531","77","0","2023","4","N",1,0,0,0,0,0,0,0,"N",0.49,0,0,0,0,0,0,0,"N",0,0.0,0,0,0,0,0,0,0,0,0,0,0,0,0,0
"13057","5","485310","78","0","2023","4","N",1,0,0,0,0,0,0,0,"N",0.49,0,0,0,0,0,0,0,"N",0,0.0,0,0,0,0,0,0,0,0,0,0,0,0,0,0
"13057","5","48532","77","0","2023","4","N",4,0,0,0,0,0,0,0,"N",1.42,0,0,0,0,0,0,0,"N",-2,-33.3,0,0,0,0,0,0,0,0,0,0,0,0,0,0
"13057","5","485320","78","0","2023","4","N",4,0,0,0,0,0,0,0,"N",1.42,0,0,0,0,0,0,0,"N",-2,-33.3,0,0,0,0,0,0,0,0,0,0,0,0,0,0
"13057","5","4859","76","0","2023","4","N",2,0,0,0,0,0,0,0,"N",0.41,0,0,0,0,0,0,0,"N",1,100.0,0,0,0,0,0,0,0,0,0,0,0,0,0,0
"13057","5","48599","77","0","2023","4","N",2,0,0,0,0,0,0,0,"N",0.41,0,0,0,0,0,0,0,"N",1,100.0,0,0,0,0,0,0,0,0,0,0,0,0,0,0
"13057","5","485991","78","0","2023","4","N",1,0,0,0,0,0,0,0,"N",0.37,0,0,0,0,0,0,0,"N",0,0.0,0,0,0,0,0,0,0,0,0,0,0,0,0,0
"13057","5","485999","78","0","2023","4","N",1,0,0,0,0,0,0,0,"N",0.47,0,0,0,0,0,0,0,"N",1,100.0,0,0,0,0,0,0,0,0,0,0,0,0,0,0
"13057","5","486","75","0","2023","4","N",1,0,0,0,0,0,0,0,"N",0.44,0,0,0,0,0,0,0,"N",1,100.0,0,0,0,0,0,0,0,0,0,0,0,0,0,0
"13057","5","4869","76","0","2023","4","N",1,0,0,0,0,0,0,0,"N",2.29,0,0,0,0,0,0,0,"N",1,100.0,0,0,0,0,0,0,0,0,0,0,0,0,0,0
"13057","5","48699","77","0","2023","4","N",1,0,0,0,0,0,0,0,"N",18.51,0,0,0,0,0,0,0,"N",1,100.0,0,0,0,0,0,0,0,0,0,0,0,0,0,0
"13057","5","486990","78","0","2023","4","N",1,0,0,0,0,0,0,0,"N",18.51,0,0,0,0,0,0,0,"N",1,100.0,0,0,0,0,0,0,0,0,0,0,0,0,0,0
"13057","5","488","75","0","2023","4","",43,202,212,219,4154766,243887,3455,1515,"",1.15,0.52,0.55,0.56,0.76,0.45,0.54,1.41,"",3,7.5,-31,-13.3,-16,-7.0,-14,-6.0,2312,0.1,3915,1.6,-556,-13.9,134,9.7
"13057","5","4881","76","0","2023","4","N",3,0,0,0,0,0,0,0,"N",0.50,0,0,0,0,0,0,0,"N",0,0.0,0,0,0,0,0,0,0,0,0,0,0,0,0,0
"13057","5","48819","77","0","2023","4","N",3,0,0,0,0,0,0,0,"N",0.68,0,0,0,0,0,0,0,"N",0,0.0,0,0,0,0,0,0,0,0,0,0,0,0,0,0
"13057","5","488190","78","0","2023","4","N",3,0,0,0,0,0,0,0,"N",0.68,0,0,0,0,0,0,0,"N",0,0.0,0,0,0,0,0,0,0,0,0,0,0,0,0,0
"13057","5","4882","76","0","2023","4","N",2,0,0,0,0,0,0,0,"N",1.56,0,0,0,0,0,0,0,"N",1,100.0,0,0,0,0,0,0,0,0,0,0,0,0,0,0
"13057","5","48821","77","0","2023","4","N",2,0,0,0,0,0,0,0,"N",1.56,0,0,0,0,0,0,0,"N",1,100.0,0,0,0,0,0,0,0,0,0,0,0,0,0,0
"13057","5","488210","78","0","2023","4","N",2,0,0,0,0,0,0,0,"N",1.56,0,0,0,0,0,0,0,"N",1,100.0,0,0,0,0,0,0,0,0,0,0,0,0,0,0
"13057","5","4884","76","0","2023","4","",15,110,119,123,1845034,181156,2755,1210,"",1.51,2.00,2.15,2.22,3.12,2.04,2.62,1.47,"",1,7.1,-14,-11.3,-5,-4.0,-1,-0.8,33303,1.8,3000,1.7,-1035,-27.3,86,7.7
"13057","5","48841","77","0","2023","4","N",13,0,0,0,0,0,0,0,"N",1.86,0,0,0,0,0,0,0,"N",1,8.3,0,0,0,0,0,0,0,0,0,0,0,0,0,0
"13057","5","488410","78","0","2023","4","N",13,0,0,0,0,0,0,0,"N",1.86,0,0,0,0,0,0,0,"N",1,8.3,0,0,0,0,0,0,0,0,0,0,0,0,0,0
"13057","5","48849","77","0","2023","4","N",2,0,0,0,0,0,0,0,"N",0.69,0,0,0,0,0,0,0,"N",0,0.0,0,0,0,0,0,0,0,0,0,0,0,0,0,0
"13057","5","488490","78","0","2023","4","N",2,0,0,0,0,0,0,0,"N",0.69,0,0,0,0,0,0,0,"N",0,0.0,0,0,0,0,0,0,0,0,0,0,0,0,0,0
"13057","5","4885","76","0","2023","4","",19,52,51,55,1825832,13696,157,2667,"",1.19,0.41,0.40,0.43,0.92,0.10,0.10,2.23,"",1,5.6,-20,-27.8,-17,-25.0,-16,-22.5,-96801,-5.0,1927,16.4,77,96.2,564,26.8
"13057","5","48851","77","0","2023","4","",19,52,51,55,1825832,13696,157,2667,"",1.19,0.41,0.40,0.43,0.92,0.10,0.10,2.23,"",1,5.6,-20,-27.8,-17,-25.0,-16,-22.5,-96801,-5.0,1927,16.4,77,96.2,564,26.8
"13057","5","488510","78","0","2023","4","",19,52,51,55,1825832,13696,157,2667,"",1.19,0.41,0.40,0.43,0.92,0.10,0.10,2.23,"",1,5.6,-20,-27.8,-17,-25.0,-16,-22.5,-96801,-5.0,1927,16.4,77,96.2,564,26.8
"13057","5","4889","76","0","2023","4","N",4,0,0,0,0,0,0,0,"N",1.71,0,0,0,0,0,0,0,"N",0,0.0,0,0,0,0,0,0,0,0,0,0,0,0,0,0
"13057","5","48899","77","0","2023","4","N",4,0,0,0,0,0,0,0,"N",1.71,0,0,0,0,0,0,0,"N",0,0.0,0,0,0,0,0,0,0,0,0,0,0,0,0,0
"13057","5","488991","78","0","2023","4","N",3,0,0,0,0,0,0,0,"N",3.20,0,0,0,0,0,0,0,"N",0,0.0,0,0,0,0,0,0,0,0,0,0,0,0,0,0
"13057","5","488999","78","0","2023","4","N",1,0,0,0,0,0,0,0,"N",0.71,0,0,0,0,0,0,0,"N",0,0.0,0,0,0,0,0,0,0,0,0,0,0,0,0,0
"13057","5","492","75","0","2023","4","N",5,0,0,0,0,0,0,0,"N",0.33,0,0,0,0,0,0,0,"N",-2,-28.6,0,0,0,0,0,0,0,0,0,0,0,0,0,0
"13057","5","4921","76","0","2023","4","N",2,0,0,0,0,0,0,0,"N",0.22,0,0,0,0,0,0,0,"N",-2,-50.0,0,0,0,0,0,0,0,0,0,0,0,0,0,0
"13057","5","49211","77","0","2023","4","N",2,0,0,0,0,0,0,0,"N",0.22,0,0,0,0,0,0,0,"N",-2,-50.0,0,0,0,0,0,0,0,0,0,0,0,0,0,0
"13057","5","492110","78","0","2023","4","N",2,0,0,0,0,0,0,0,"N",0.22,0,0,0,0,0,0,0,"N",-2,-50.0,0,0,0,0,0,0,0,0,0,0,0,0,0,0
"13057","5","4922","76","0","2023","4","",3,3,3,3,34830,3266,2,893,"",0.51,0.03,0.03,0.03,0.04,0.01,0.00,1.10,"N",0,0.0,0,0,0,0,0,0,0,0,0,0,0,0,0,0
"13057","5","49221","77","0","2023","4","",3,3,3,3,34830,3266,2,893,"",0.51,0.03,0.03,0.03,0.04,0.01,0.00,1.10,"N",0,0.0,0,0,0,0,0,0,0,0,0,0,0,0,0,0
"13057","5","492210","78","0","2023","4","",3,3,3,3,34830,3266,2,893,"",0.51,0.03,0.03,0.03,0.04,0.01,0.00,1.10,"N",0,0.0,0,0,0,0,0,0,0,0,0,0,0,0,0,0
"13057","5","493","75","0","2023","4","",9,137,139,146,2049402,84964,808,1121,"",0.62,0.15,0.15,0.15,0.22,0.06,0.04,1.46,"",1,12.5,3,2.2,3,2.2,6,4.3,-67009,-3.2,-50101,-37.1,-806,-49.9,-70,-5.9
"13057","5","4931","76","0","2023","4","",9,137,139,146,2049402,84964,808,1121,"",0.62,0.15,0.15,0.15,0.22,0.06,0.04,1.46,"",1,12.5,3,2.2,3,2.2,6,4.3,-67009,-3.2,-50101,-37.1,-806,-49.9,-70,-5.9
"13057","5","49311","77","0","2023","4","N",5,0,0,0,0,0,0,0,"N",0.45,0,0,0,0,0,0,0,"N",0,0.0,0,0,0,0,0,0,0,0,0,0,0,0,0,0
"13057","5","493110","78","0","2023","4","N",5,0,0,0,0,0,0,0,"N",0.45,0,0,0,0,0,0,0,"N",0,0.0,0,0,0,0,0,0,0,0,0,0,0,0,0,0
"13057","5","49312","77","0","2023","4","N",2,0,0,0,0,0,0,0,"N",1.72,0,0,0,0,0,0,0,"N",0,0.0,0,0,0,0,0,0,0,0,0,0,0,0,0,0
"13057","5","493120","78","0","2023","4","N",2,0,0,0,0,0,0,0,"N",1.72,0,0,0,0,0,0,0,"N",0,0.0,0,0,0,0,0,0,0,0,0,0,0,0,0,0
"13057","5","49319","77","0","2023","4","N",2,0,0,0,0,0,0,0,"N",1.15,0,0,0,0,0,0,0,"N",1,100.0,0,0,0,0,0,0,0,0,0,0,0,0,0,0
"13057","5","493190","78","0","2023","4","N",2,0,0,0,0,0,0,0,"N",1.15,0,0,0,0,0,0,0,"N",1,100.0,0,0,0,0,0,0,0,0,0,0,0,0,0,0
"13057","5","51","74","0","2023","4","",121,574,569,572,13356365,553767,6610,1797,"",0.64,0.42,0.41,0.41,0.33,0.45,0.40,0.80,"",1,0.8,1,0.2,-11,-1.9,-11,-1.9,1643350,14.0,-21149,-3.7,-2862,-30.2,240,15.4
"13057","5","512","75","0","2023","4","",17,69,64,70,554276,100528,641,630,"",0.64,0.43,0.37,0.40,0.18,0.40,0.12,0.45,"",0,0.0,10,16.9,4,6.7,7,11.1,28568,5.4,26714,36.2,500,354.6,-37,-5.5
"13057","5","5121","76","0","2023","4","",13,64,58,63,318814,75702,221,398,"",0.56,0.42,0.36,0.38,0.11,0.31,0.04,0.29,"",2,18.2,9,16.4,2,3.6,4,6.8,-42485,-11.8,13798,22.3,149,206.9,-92,-18.8
"13057","5","51211","77","0","2023","4","N",11,0,0,0,0,0,0,0,"N",0.66,0,0,0,0,0,0,0,"N",2,22.2,0,0,0,0,0,0,0,0,0,0,0,0,0,0
"13057","5","512110","78","0","2023","4","N",11,0,0,0,0,0,0,0,"N",0.66,0,0,0,0,0,0,0,"N",2,22.2,0,0,0,0,0,0,0,0,0,0,0,0,0,0
"13057","5","51213","77","0","2023","4","N",2,0,0,0,0,0,0,0,"N",0.72,0,0,0,0,0,0,0,"N",0,0.0,0,0,0,0,0,0,0,0,0,0,0,0,0,0
"13057","5","512131","78","0","2023","4","N",2,0,0,0,0,0,0,0,"N",0.76,0,0,0,0,0,0,0,"N",0,0.0,0,0,0,0,0,0,0,0,0,0,0,0,0,0
"13057","5","5122","76","0","2023","4","",4,5,6,7,235462,24826,420,3019,"",1.13,0.50,0.61,0.72,0.89,2.72,3.10,1.47,"",-2,-33.3,1,25.0,2,50.0,3,75.0,71053,43.2,12916,108.4,351,508.7,-143,-4.5
"13057","5","51223","77","0","2023","4","N",1,0,0,0,0,0,0,0,"N",1.25,0,0,0,0,0,0,0,"N",-1,-50.0,0,0,0,0,0,0,0,0,0,0,0,0,0,0
"13057","5","512230","78","0","2023","4","N",1,0,0,0,0,0,0,0,"N",1.25,0,0,0,0,0,0,0,"N",-1,-50.0,0,0,0,0,0,0,0,0,0,0,0,0,0,0
"13057","5","51224","77","0","2023","4","N",2,0,0,0,0,0,0,0,"N",1.56,0,0,0,0,0,0,0,"N",-1,-33.3,0,0,0,0,0,0,0,0,0,0,0,0,0,0
"13057","5","512240","78","0","2023","4","N",2,0,0,0,0,0,0,0,"N",1.56,0,0,0,0,0,0,0,"N",-1,-33.3,0,0,0,0,0,0,0,0,0,0,0,0,0,0
"13057","5","51225","77","0","2023","4","N",1,0,0,0,0,0,0,0,"N",1.13,0,0,0,0,0,0,0,"N",0,0.0,0,0,0,0,0,0,0,0,0,0,0,0,0,0
"13057","5","512250","78","0","2023","4","N",1,0,0,0,0,0,0,0,"N",1.13,0,0,0,0,0,0,0,"N",0,0.0,0,0,0,0,0,0,0,0,0,0,0,0,0,0
"13057","5","513","75","0","2023","4","",42,230,227,225,6191041,120601,1296,2095,"",0.53,0.53,0.52,0.51,0.45,0.32,0.29,0.85,"",0,0.0,23,11.1,15,7.1,13,6.1,972358,18.6,-15599,-11.5,-222,-14.6,186,9.7
"13057","5","5131","76","0","2023","4","",17,165,163,162,3692086,75093,927,1739,"",0.89,1.24,1.22,1.21,1.44,0.69,0.69,1.18,"",-6,-26.1,20,13.8,14,9.4,11,7.3,514500,16.2,-18546,-19.8,36,4.0,91,5.5
"13057","5","51311","77","0","2023","4","N",2,0,0,0,0,0,0,0,"N",0.42,0,0,0,0,0,0,0,"N",0,0.0,0,0,0,0,0,0,0,0,0,0,0,0,0,0
"13057","5","513110","78","0","2023","4","N",2,0,0,0,0,0,0,0,"N",0.42,0,0,0,0,0,0,0,"N",0,0.0,0,0,0,0,0,0,0,0,0,0,0,0,0,0
"13057","5","51312","77","0","2023","4","N",5,0,0,0,0,0,0,0,"N",0.95,0,0,0,0,0,0,0,"N",-4,-44.4,0,0,0,0,0,0,0,0,0,0,0,0,0,0
"13057","5","513120","78","0","2023","4","N",5,0,0,0,0,0,0,0,"N",0.95,0,0,0,0,0,0,0,"N",-4,-44.4,0,0,0,0,0,0,0,0,0,0,0,0,0,0
"13057","5","51313","77","0","2023","4","N",3,0,0,0,0,0,0,0,"N",0.86,0,0,0,0,0,0,0,"N",1,50.0,0,0,0,0,0,0,0,0,0,0,0,0,0,0
"13057","5","513130","78","0","2023","4","N",3,0,0,0,0,0,0,0,"N",0.86,0,0,0,0,0,0,0,"N",1,50.0,0,0,0,0,0,0,0,0,0,0,0,0,0,0
"13057","5","51314","77","0","2023","4","N",1,0,0,0,0,0,0,0,"N",1.05,0,0,0,0,0,0,0,"N",0,0.0,0,0,0,0,0,0,0,0,0,0,0,0,0,0
"13057","5","513140","78","0","2023","4","N",1,0,0,0,0,0,0,0,"N",1.05,0,0,0,0,0,0,0,"N",0,0.0,0,0,0,0,0,0,0,0,0,0,0,0,0,0
"13057","5","51319","77","0","2023","4","",6,11,11,11,267950,2300,1,1874,"",1.28,0.48,0.48,0.48,0.43,0.11,0.00,0.91,"",-3,-33.3,2,22.2,2,22.2,2,22.2,37393,16.2,500,27.8,0,0.0,-97,-4.9
"13057","5","513199","78","0","2023","4","",6,11,11,11,267950,2300,1,1874,"",1.30,0.51,0.51,0.51,0.44,0.12,0.00,0.88,"",-3,-33.3,2,22.2,2,22.2,2,22.2,37393,16.2,500,27.8,0,0.0,-97,-4.9
"13057","5","5132","76","0","2023","4","",25,65,64,63,2498955,45508,369,3004,"",0.42,0.22,0.21,0.21,0.22,0.17,0.12,1.04,"",6,31.6,3,4.8,1,1.6,2,3.3,457858,22.4,2947,6.9,-258,-41.1,472,18.6
"13057","5","51321","77","0","2023","4","",25,65,64,63,2498955,45508,369,3004,"",0.42,0.22,0.21,0.21,0.22,0.17,0.12,1.04,"",6,31.6,3,4.8,1,1.6,2,3.3,457858,22.4,2947,6.9,-258,-41.1,472,18.6
"13057","5","513210","78","0","2023","4","",25,65,64,63,2498955,45508,369,3004,"",0.42,0.22,0.21,0.21,0.22,0.17,0.12,1.04,"",6,31.6,3,4.8,1,1.6,2,3.3,457858,22.4,2947,6.9,-258,-41.1,472,18.6
"13057","5","516","75","0","2023","4","N",7,0,0,0,0,0,0,0,"N",0.52,0,0,0,0,0,0,0,"N",2,40.0,0,0,0,0,0,0,0,0,0,0,0,0,0,0
"13057","5","5161","76","0","2023","4","N",2,0,0,0,0,0,0,0,"N",0.51,0,0,0,0,0,0,0,"N",1,100.0,0,0,0,0,0,0,0,0,0,0,0,0,0,0
"13057","5","51611","77","0","2023","4","N",2,0,0,0,0,0,0,0,"N",0.71,0,0,0,0,0,0,0,"N",1,100.0,0,0,0,0,0,0,0,0,0,0,0,0,0,0
"13057","5","516110","78","0","2023","4","N",2,0,0,0,0,0,0,0,"N",0.71,0,0,0,0,0,0,0,"N",1,100.0,0,0,0,0,0,0,0,0,0,0,0,0,0,0
"13057","5","5162","76","0","2023","4","",5,8,10,9,120832,180,5,1033,"",0.52,0.08,0.10,0.09,0.03,0.00,0.01,0.29,"N",1,25.0,0,0,0,0,0,0,0,0,0,0,0,0,0,0
"13057","5","51621","77","0","2023","4","",5,8,10,9,120832,180,5,1033,"",0.52,0.08,0.10,0.09,0.03,0.00,0.01,0.29,"N",1,25.0,0,0,0,0,0,0,0,0,0,0,0,0,0,0
"13057","5","516210","78","0","2023","4","",5,8,10,9,120832,180,5,1033,"",0.52,0.08,0.10,0.09,0.03,0.00,0.01,0.29,"N",1,25.0,0,0,0,0,0,0,0,0,0,0,0,0,0,0
"13057","5","517","75","0","2023","4","",28,136,136,139,2721589,64377,766,1528,"",1.19,0.45,0.45,0.46,0.45,0.29,0.31,0.99,"",-4,-12.5,-45,-24.9,-45,-24.9,-41,-22.8,-498464,-15.5,-36226,-36.0,-434,-36.2,157,11.5
"13057","5","5171","76","0","2023","4","",19,115,114,115,2228176,40205,271,1495,"",0.97,0.41,0.41,0.41,0.41,0.20,0.12,1.00,"",-6,-24.0,-44,-27.7,-44,-27.8,-42,-26.8,-494208,-18.2,-43583,-52.0,-818,-75.1,170,12.8
"13057","5","51711","77","0","2023","4","",14,98,98,98,1986597,34476,237,1559,"",0.85,0.38,0.38,0.38,0.39,0.18,0.12,1.04,"",-7,-33.3,-43,-30.5,-42,-30.0,-40,-29.0,-488395,-19.7,-36850,-51.7,-756,-76.1,196,14.4
"13057","5","517111","78","0","2023","4","",9,81,79,79,1640024,24312,180,1584,"",0.74,0.37,0.36,0.36,0.39,0.16,0.11,1.07,"",-7,-43.8,-42,-34.1,-43,-35.2,-42,-34.7,-580528,-26.1,-42173,-63.4,-772,-81.1,184,13.1
"13057","5","517112","78","0","2023","4","",5,17,19,19,346573,10164,57,1454,"",1.14,0.42,0.48,0.48,0.44,0.26,0.13,0.95,"",0,0.0,-1,-5.6,1,5.6,2,11.8,92133,36.2,5323,110.0,16,39.0,346,31.2
"13057","5","51712","77","0","2023","4","",5,17,16,17,241579,5729,34,1115,"",1.68,0.90,0.85,0.90,0.67,0.36,0.19,0.76,"",1,25.0,-1,-5.6,-2,-11.1,-2,-10.5,-5813,-2.3,-6733,-54.0,-62,-64.6,77,7.4
"13057","5","517121","78","0","2023","4","",5,17,16,17,241579,5729,34,1115,"",1.68,0.90,0.85,0.90,0.67,0.36,0.19,0.76,"",1,25.0,-1,-5.6,-2,-11.1,-2,-10.5,-5813,-2.3,-6733,-54.0,-62,-64.6,77,7.4
"13057","5","5178","76","0","2023","4","",9,21,22,24,493413,24172,495,1699,"",2.65,0.97,1.01,1.10,0.85,1.66,2.65,0.83,"",2,28.6,-1,-4.5,-1,-4.3,1,4.3,-4256,-0.9,7357,43.8,384,345.9,10,0.6
"13057","5","51781","77","0","2023","4","",9,21,22,24,493413,24172,495,1699,"",2.65,0.97,1.01,1.10,0.85,1.66,2.65,0.83,"",2,28.6,-1,-4.5,-1,-4.3,1,4.3,-4256,-0.9,7357,43.8,384,345.9,10,0.6
"13057","5","517810","78","0","2023","4","",9,21,22,24,493413,24172,495,1699,"",2.65,0.97,1.01,1.10,0.85,1.66,2.65,0.83,"",2,28.6,-1,-4.5,-1,-4.3,1,4.3,-4256,-0.9,7357,43.8,384,345.9,10,0.6
"13057","5","518","75","0","2023","4","",25,118,119,116,3351818,259549,3789,2191,"",0.71,0.52,0.52,0.51,0.45,1.34,1.64,0.86,"",3,13.6,3,2.6,4,3.5,4,3.6,1010918,43.2,36662,16.4,-1793,-32.1,611,38.7
"13057","5","5182","76","0","2023","4","",25,118,119,116,3351818,259549,3789,2191,"",0.71,0.52,0.52,0.51,0.45,1.34,1.64,0.86,"",3,13.6,3,2.6,4,3.5,4,3.6,1010918,43.2,36662,16.4,-1793,-32.1,611,38.7
"13057","5","51821","77","0","2023","4","",25,118,119,116,3351818,259549,3789,2191,"",0.71,0.52,0.52,0.51,0.45,1.34,1.64,0.86,"",3,13.6,3,2.6,4,3.5,4,3.6,1010918,43.2,36662,16.4,-1793,-32.1,611,38.7
"13057","5","518210","78","0","2023","4","",25,118,119,116,3351818,259549,3789,2191,"",0.71,0.52,0.52,0.51,0.45,1.34,1.64,0.86,"",3,13.6,3,2.6,4,3.5,4,3.6,1010918,43.2,36662,16.4,-1793,-32.1,611,38.7
"13057","5","519","75","0","2023","4","N",2,0,0,0,0,0,0,0,"N",0.17,0,0,0,0,0,0,0,"N",0,0.0,0,0,0,0,0,0,0,0,0,0,0,0,0,0
"13057","5","5192","76","0","2023","4","N",2,0,0,0,0,0,0,0,"N",0.17,0,0,0,0,0,0,0,"N",0,0.0,0,0,0,0,0,0,0,0,0,0,0,0,0,0
"13057","5","51929","77","0","2023","4","N",2,0,0,0,0,0,0,0,"N",0.20,0,0,0,0,0,0,0,"N",0,0.0,0,0,0,0,0,0,0,0,0,0,0,0,0,0
"13057","5","519290","78","0","2023","4","N",2,0,0,0,0,0,0,0,"N",0.20,0,0,0,0,0,0,0,"N",0,0.0,0,0,0,0,0,0,0,0,0,0,0,0,0,0
"13057","5","52","74","0","2023","4","",375,1628,1610,1605,31164876,1167057,13855,1485,"",0.99,0.55,0.54,0.54,0.43,0.50,0.61,0.79,"",-5,-1.3,135,9.0,136,9.2,187,13.2,2226483,7.7,-331175,-22.1,-8031,-36.7,-38,-2.5
"13057","5","522","75","0","2023","4","",113,852,837,839,12715241,402487,6109,1161,"",0.89,0.69,0.68,0.68,0.54,0.44,0.73,0.79,"",0,0.0,78,10.1,70,9.1,81,10.7,-28277,-0.2,-82368,-17.0,968,18.8,-118,-9.2
"13057","5","5221","76","0","2023","4","",50,649,642,648,8676228,275779,4351,1033,"",0.72,0.77,0.76,0.76,0.57,0.46,0.96,0.75,"",-1,-2.0,140,27.5,131,25.6,146,29.1,977273,12.7,64268,30.4,3319,321.6,-134,-11.5
"13057","5","52211","77","0","2023","4","",41,423,421,420,6062967,117609,829,1107,"",0.79,0.65,0.64,0.64,0.49,0.30,0.28,0.75,"",-2,-4.7,-32,-7.0,-35,-7.7,-29,-6.5,-584875,-8.8,-65052,-35.6,-17,-2.0,-21,-1.9
"13057","5","522110","78","0","2023","4","",41,423,421,420,6062967,117609,829,1107,"",0.79,0.65,0.64,0.64,0.49,0.30,0.28,0.75,"",-2,-4.7,-32,-7.0,-35,-7.7,-29,-6.5,-584875,-8.8,-65052,-35.6,-17,-2.0,-21,-1.9
"13057","5","52213","77","0","2023","4","N",8,0,0,0,0,0,0,0,"N",0.62,0,0,0,0,0,0,0,"N",1,14.3,0,0,0,0,0,0,0,0,0,0,0,0,0,0
"13057","5","522130","78","0","2023","4","N",8,0,0,0,0,0,0,0,"N",0.62,0,0,0,0,0,0,0,"N",1,14.3,0,0,0,0,0,0,0,0,0,0,0,0,0,0
"13057","5","52218","77","0","2023","4","N",1,0,0,0,0,0,0,0,"N",0.20,0,0,0,0,0,0,0,"N",0,0.0,0,0,0,0,0,0,0,0,0,0,0,0,0,0
"13057","5","522180","78","0","2023","4","N",1,0,0,0,0,0,0,0,"N",0.20,0,0,0,0,0,0,0,"N",0,0.0,0,0,0,0,0,0,0,0,0,0,0,0,0,0
"13057","5","5222","76","0","2023","4","",42,127,126,122,2311200,77532,1332,1422,"",1.21,0.51,0.51,0.49,0.44,0.36,0.55,0.88,"",-1,-2.3,-21,-14.2,-21,-14.3,-23,-15.9,-680058,-22.7,-94605,-55.0,-1623,-54.9,-147,-9.4
"13057","5","52222","77","0","2023","4","N",3,0,0,0,0,0,0,0,"N",0.71,0,0,0,0,0,0,0,"N",-1,-25.0,0,0,0,0,0,0,0,0,0,0,0,0,0,0
"13057","5","522220","78","0","2023","4","N",3,0,0,0,0,0,0,0,"N",0.71,0,0,0,0,0,0,0,"N",-1,-25.0,0,0,0,0,0,0,0,0,0,0,0,0,0,0
"13057","5","52229","77","0","2023","4","N",39,0,0,0,0,0,0,0,"N",1.31,0,0,0,0,0,0,0,"N",0,0.0,0,0,0,0,0,0,0,0,0,0,0,0,0,0
"13057","5","522291","78","0","2023","4","N",10,0,0,0,0,0,0,0,"N",0.98,0,0,0,0,0,0,0,"N",-1,-9.1,0,0,0,0,0,0,0,0,0,0,0,0,0,0
"13057","5","522292","78","0","2023","4","",20,38,35,31,691128,14990,24,1534,"",1.59,0.43,0.40,0.35,0.38,0.19,0.02,0.97,"",3,17.6,-12,-24.0,-11,-23.9,-12,-27.9,-456472,-39.8,-45178,-75.1,-846,-97.2,-371,-19.5
"13057","5","522299","78","0","2023","4","",9,52,53,54,1136036,49017,1166,1649,"",1.31,1.25,1.28,1.30,1.36,1.38,3.76,1.06,"",-2,-18.2,-10,-16.1,-10,-15.9,-11,-16.9,-159988,-12.3,-12471,-20.3,-228,-16.4,75,4.8
"13057","5","5223","76","0","2023","4","",21,76,69,69,1727813,49176,426,1863,"",0.93,0.56,0.51,0.51,0.54,0.45,0.30,1.03,"",2,10.5,-41,-35.0,-40,-36.7,-42,-37.8,-325492,-15.9,-52031,-51.4,-728,-63.1,457,32.5
"13057","5","52231","77","0","2023","4","",13,47,42,44,960674,22482,170,1667,"",1.12,1.18,1.06,1.12,1.24,0.52,0.28,1.11,"",1,8.3,-43,-47.8,-40,-48.8,-43,-49.4,-507208,-34.6,-58810,-72.3,-809,-82.6,359,27.4
"13057","5","522310","78","0","2023","4","",13,47,42,44,960674,22482,170,1667,"",1.12,1.18,1.06,1.12,1.24,0.52,0.28,1.11,"",1,8.3,-43,-47.8,-40,-48.8,-43,-49.4,-507208,-34.6,-58810,-72.3,-809,-82.6,359,27.4
"13057","5","52232","77","0","2023","4","",5,17,17,17,475504,15780,140,2152,"",0.82,0.27,0.27,0.28,0.26,0.38,0.29,0.96,"N",1,25.0,0,0,0,0,0,0,0,0,0,0,0,0,0,0
"13057","5","522320","78","0","2023","4","",5,17,17,17,475504,15780,140,2152,"",0.82,0.27,0.27,0.28,0.26,0.38,0.29,0.96,"N",1,25.0,0,0,0,0,0,0,0,0,0,0,0,0,0,0
"13057","5","52239","77","0","2023","4","",3,12,10,8,291635,10914,116,2243,"",0.61,0.36,0.30,0.24,0.48,0.43,0.38,1.61,"N",0,0.0,0,0,0,0,0,0,0,0,0,0,0,0,0,0
"13057","5","522390","78","0","2023","4","",3,12,10,8,291635,10914,116,2243,"",0.61,0.36,0.30,0.24,0.48,0.43,0.38,1.61,"N",0,0.0,0,0,0,0,0,0,0,0,0,0,0,0,0,0
"13057","5","523","75","0","2023","4","N",88,0,0,0,0,0,0,0,"N",0.90,0,0,0,0,0,0,0,"N",2,2.3,0,0,0,0,0,0,0,0,0,0,0,0,0,0
"13057","5","5231","76","0","2023","4","",37,52,48,51,2248344,35700,190,3436,"",1.35,0.23,0.21,0.23,0.22,0.29,0.15,0.98,"N",2,5.7,0,0,0,0,0,0,0,0,0,0,0,0,0,0
"13057","5","52315","77","0","2023","4","N",36,0,0,0,0,0,0,0,"N",1.44,0,0,0,0,0,0,0,"N",2,5.9,0,0,0,0,0,0,0,0,0,0,0,0,0,0
"13057","5","523150","78","0","2023","4","N",36,0,0,0,0,0,0,0,"N",1.44,0,0,0,0,0,0,0,"N",2,5.9,0,0,0,0,0,0,0,0,0,0,0,0,0,0
"13057","5","52316","77","0","2023","4","N",1,0,0,0,0,0,0,0,"N",0.42,0,0,0,0,0,0,0,"N",0,0.0,0,0,0,0,0,0,0,0,0,0,0,0,0,0
"13057","5","523160","78","0","2023","4","N",1,0,0,0,0,0,0,0,"N",0.42,0,0,0,0,0,0,0,"N",0,0.0,0,0,0,0,0,0,0,0,0,0,0,0,0,0
"13057","5","5232","76","0","2023","4","N",1,0,0,0,0,0,0,0,"N",1.75,0,0,0,0,0,0,0,"N",1,100.0,0,0,0,0,0,0,0,0,0,0,0,0,0,0
"13057","5","52321","77","0","2023","4","N",1,0,0,0,0,0,0,0,"N",1.75,0,0,0,0,0,0,0,"N",1,100.0,0,0,0,0,0,0,0,0,0,0,0,0,0,0
"13057","5","523210","78","0","2023","4","N",1,0,0,0,0,0,0,0,"N",1.75,0,0,0,0,0,0,0,"N",1,100.0,0,0,0,0,0,0,0,0,0,0,0,0,0,0
"13057","5","5239","76","0","2023","4","",50,106,105,101,3173736,134454,2116,2347,"",0.72,0.38,0.37,0.36,0.21,0.54,0.72,0.56,"",-1,-2.0,-36,-25.4,-32,-23.4,-6,-5.6,-1118466,-26.1,-337579,-71.5,-9627,-82.0,-219,-8.5
"13057","5","52391","77","0","2023","4","N",6,0,0,0,0,0,0,0,"N",0.94,0,0,0,0,0,0,0,"N",-1,-14.3,0,0,0,0,0,0,0,0,0,0,0,0,0,0
"13057","5","523910","78","0","2023","4","N",6,0,0,0,0,0,0,0,"N",0.94,0,0,0,0,0,0,0,"N",-1,-14.3,0,0,0,0,0,0,0,0,0,0,0,0,0,0
"13057","5","52394","77","0","2023","4","",42,95,93,89,2680751,55272,611,2233,"",0.75,0.40,0.39,0.37,0.20,0.28,0.26,0.51,"",0,0.0,-36,-27.5,-34,-26.8,-2,-2.2,-1221713,-31.3,-372761,-87.1,-10329,-94.4,-347,-13.4
"13057","5","523940","78","0","2023","4","",42,95,93,89,2680751,55272,611,2233,"",0.75,0.40,0.39,0.37,0.20,0.28,0.26,0.51,"",0,0.0,-36,-27.5,-34,-26.8,-2,-2.2,-1221713,-31.3,-372761,-87.1,-10329,-94.4,-347,-13.4
"13057","5","52399","77","0","2023","4","N",2,0,0,0,0,0,0,0,"N",0.29,0,0,0,0,0,0,0,"N",0,0.0,0,0,0,0,0,0,0,0,0,0,0,0,0,0
"13057","5","523991","78","0","2023","4","N",1,0,0,0,0,0,0,0,"N",0.50,0,0,0,0,0,0,0,"N",1,100.0,0,0,0,0,0,0,0,0,0,0,0,0,0,0
"13057","5","523999","78","0","2023","4","N",1,0,0,0,0,0,0,0,"N",0.21,0,0,0,0,0,0,0,"N",-1,-50.0,0,0,0,0,0,0,0,0,0,0,0,0,0,0
"13057","5","524","75","0","2023","4","",172,617,619,613,13004730,592525,5389,1623,"",1.18,0.51,0.51,0.50,0.57,0.60,0.59,1.13,"",-8,-4.4,92,17.5,104,20.2,115,23.1,3685183,39.5,93792,18.8,635,13.4,225,16.1
"13057","5","5241","76","0","2023","4","",9,28,28,27,632926,26944,189,1760,"",0.39,0.05,0.05,0.05,0.06,0.07,0.06,1.19,"",1,12.5,3,12.0,1,3.7,-1,-3.6,91547,16.9,4343,19.2,81,75.0,198,12.7
"13057","5","52411","77","0","2023","4","N",2,0,0,0,0,0,0,0,"N",0.22,0,0,0,0,0,0,0,"N",1,100.0,0,0,0,0,0,0,0,0,0,0,0,0,0,0
"13057","5","524113","78","0","2023","4","-",0,0,0,0,0,0,0,0,"N",0.00,0,0,0,0,0,0,0,"N",0,0,0,0,0,0,0,0,0,0,0,0,0,0,0,0
"13057","5","524114","78","0","2023","4","N",2,0,0,0,0,0,0,0,"N",0.37,0,0,0,0,0,0,0,"N",1,100.0,0,0,0,0,0,0,0,0,0,0,0,0,0,0
"13057","5","52412","77","0","2023","4","N",7,0,0,0,0,0,0,0,"N",0.53,0,0,0,0,0,0,0,"N",1,16.7,0,0,0,0,0,0,0,0,0,0,0,0,0,0
"13057","5","524126","78","0","2023","4","N",6,0,0,0,0,0,0,0,"N",0.74,0,0,0,0,0,0,0,"N",1,20.0,0,0,0,0,0,0,0,0,0,0,0,0,0,0
"13057","5","524127","78","0","2023","4","-",0,0,0,0,0,0,0,0,"N",0.00,0,0,0,0,0,0,0,"N",0,0,0,0,0,0,0,0,0,0,0,0,0,0,0,0
"13057","5","524128","78","0","2023","4","N",1,0,0,0,0,0,0,0,"N",0.74,0,0,0,0,0,0,0,"N",0,0.0,0,0,0,0,0,0,0,0,0,0,0,0,0,0
"13057","5","52413","77","0","2023","4","-",0,0,0,0,0,0,0,0,"N",0.00,0,0,0,0,0,0,0,"N",-1,-100.0,0,0,0,0,0,0,0,0,0,0,0,0,0,0
"13057","5","524130","78","0","2023","4","-",0,0,0,0,0,0,0,0,"N",0.00,0,0,0,0,0,0,0,"N",-1,-100.0,0,0,0,0,0,0,0,0,0,0,0,0,0,0
"13057","5","5242","76","0","2023","4","",163,589,591,586,12371804,565581,5200,1617,"",1.32,0.91,0.90,0.90,1.04,0.95,0.90,1.16,"",-9,-5.2,89,17.8,103,21.1,116,24.7,3593636,40.9,89449,18.8,554,11.9,228,16.4
"13057","5","52421","77","0","2023","4","",142,534,535,532,10961529,524504,4681,1580,"",1.36,1.14,1.13,1.12,1.26,1.19,1.13,1.12,"",-9,-6.0,83,18.4,97,22.1,115,27.6,3476007,46.4,90298,20.8,768,19.6,257,19.4
"13057","5","524210","78","0","2023","4","",142,534,535,532,10961529,524504,4681,1580,"",1.36,1.14,1.13,1.12,1.26,1.19,1.13,1.12,"",-9,-6.0,83,18.4,97,22.1,115,27.6,3476007,46.4,90298,20.8,768,19.6,257,19.4
"13057","5","52429","77","0","2023","4","",21,55,56,54,1410275,41077,519,1972,"",1.12,0.30,0.31,0.30,0.44,0.26,0.31,1.46,"",0,0.0,6,12.2,6,12.0,1,1.9,117629,9.1,-849,-2.0,-214,-29.2,9,0.5
"13057","5","524291","78","0","2023","4","",5,5,5,5,40942,1499,40,630,"",0.91,0.17,0.17,0.17,0.07,0.06,0.13,0.43,"N",-1,-16.7,0,0,0,0,0,0,0,0,0,0,0,0,0,0
"13057","5","524292","78","0","2023","4","",5,12,12,12,267907,603,1,1717,"",0.81,0.12,0.12,0.12,0.16,0.01,0.00,1.35,"N",0,0.0,0,0,0,0,0,0,0,0,0,0,0,0,0,0
"13057","5","524298","78","0","2023","4","",11,38,39,37,1101426,38975,478,2230,"",1.54,0.80,0.81,0.77,1.20,0.95,1.14,1.52,"",1,10.0,4,11.8,4,11.4,0,0.0,135787,14.1,657,1.7,-140,-22.7,128,6.1
"13057","5","525","75","0","2023","4","N",2,0,0,0,0,0,0,0,"N",0.31,0,0,0,0,0,0,0,"N",1,100.0,0,0,0,0,0,0,0,0,0,0,0,0,0,0
"13057","5","5251","76","0","2023","4","N",1,0,0,0,0,0,0,0,"N",0.80,0,0,0,0,0,0,0,"N",1,100.0,0,0,0,0,0,0,0,0,0,0,0,0,0,0
"13057","5","52512","77","0","2023","4","N",1,0,0,0,0,0,0,0,"N",2.19,0,0,0,0,0,0,0,"N",1,100.0,0,0,0,0,0,0,0,0,0,0,0,0,0,0
"13057","5","525120","78","0","2023","4","N",1,0,0,0,0,0,0,0,"N",2.19,0,0,0,0,0,0,0,"N",1,100.0,0,0,0,0,0,0,0,0,0,0,0,0,0,0
"13057","5","5259","76","0","2023","4","N",1,0,0,0,0,0,0,0,"N",0.19,0,0,0,0,0,0,0,"N",0,0.0,0,0,0,0,0,0,0,0,0,0,0,0,0,0
"13057","5","52592","77","0","2023","4","N",1,0,0,0,0,0,0,0,"N",0.45,0,0,0,0,0,0,0,"N",0,0.0,0,0,0,0,0,0,0,0,0,0,0,0,0,0
"13057","5","525920","78","0","2023","4","N",1,0,0,0,0,0,0,0,"N",0.45,0,0,0,0,0,0,0,"N",0,0.0,0,0,0,0,0,0,0,0,0,0,0,0,0,0
"13057","5","53","74","0","2023","4","",345,855,865,886,14259431,1293864,15551,1263,"",1.07,0.75,0.76,0.77,0.84,0.88,0.90,1.11,"",14,4.2,-3,-0.3,19,2.2,20,2.3,86303,0.6,79764,6.6,641,4.3,-10,-0.8
"13057","5","531","75","0","2023","4","",321,688,693,712,11874889,1064081,12651,1309,"",1.14,0.80,0.81,0.82,0.91,0.94,0.97,1.12,"",14,4.6,-7,-1.0,10,1.5,8,1.1,-32097,-0.3,82278,8.4,655,5.5,-11,-0.8
"13057","5","5311","76","0","2023","4","",74,177,180,177,2415536,247971,3413,1044,"",0.93,0.59,0.60,0.59,0.59,0.68,0.79,0.99,"",17,29.8,15,9.3,21,13.2,10,6.0,498493,26.0,53547,27.5,1702,99.5,137,15.1
"13057","5","53111","77","0","2023","4","",29,93,93,87,1328258,120331,947,1123,"",0.67,0.53,0.53,0.50,0.63,0.56,0.38,1.20,"",10,52.6,31,50.0,31,50.0,24,38.1,446758,50.7,32608,37.2,176,22.8,35,3.2
"13057","5","531110","78","0","2023","4","",29,93,93,87,1328258,120331,947,1123,"",0.67,0.53,0.53,0.50,0.63,0.56,0.38,1.20,"",10,52.6,31,50.0,31,50.0,24,38.1,446758,50.7,32608,37.2,176,22.8,35,3.2
"13057","5","53112","77","0","2023","4","N",20,0,0,0,0,0,0,0,"N",1.13,0,0,0,0,0,0,0,"N",3,17.6,0,0,0,0,0,0,0,0,0,0,0,0,0,0
"13057","5","531120","78","0","2023","4","N",20,0,0,0,0,0,0,0,"N",1.13,0,0,0,0,0,0,0,"N",3,17.6,0,0,0,0,0,0,0,0,0,0,0,0,0,0
"13057","5","53113","77","0","2023","4","",22,46,48,49,492305,86516,1869,794,"",1.81,1.63,1.70,1.73,1.57,2.10,4.16,0.93,"N",4,22.2,0,0,0,0,0,0,0,0,0,0,0,0,0,0
"13057","5","531130","78","0","2023","4","",22,46,48,49,492305,86516,1869,794,"",1.81,1.63,1.70,1.73,1.57,2.10,4.16,0.93,"N",4,22.2,0,0,0,0,0,0,0,0,0,0,0,0,0,0
"13057","5","53119","77","0","2023","4","N",3,0,0,0,0,0,0,0,"N",0.44,0,0,0,0,0,0,0,"N",0,0.0,0,0,0,0,0,0,0,0,0,0,0,0,0,0
"13057","5","531190","78","0","2023","4","N",3,0,0,0,0,0,0,0,"N",0.44,0,0,0,0,0,0,0,"N",0,0.0,0,0,0,0,0,0,0,0,0,0,0,0,0,0
"13057","5","5312","76","0","2023","4","",176,261,263,276,5214773,432385,4119,1504,"",1.64,1.52,1.54,1.59,1.67,1.68,1.48,1.08,"",-6,-3.3,-43,-14.1,-30,-10.2,-21,-7.1,-1048357,-16.7,-24354,-5.3,-2285,-35.7,-113,-7.0
"13057","5","53121","77","0","2023","4","",176,261,263,276,5214773,432385,4119,1504,"",1.64,1.52,1.54,1.59,1.67,1.68,1.48,1.08,"",-6,-3.3,-43,-14.1,-30,-10.2,-21,-7.1,-1048357,-16.7,-24354,-5.3,-2285,-35.7,-113,-7.0
"13057","5","531210","78","0","2023","4","",176,261,263,276,5214773,432385,4119,1504,"",1.64,1.52,1.54,1.59,1.67,1.68,1.48,1.08,"",-6,-3.3,-43,-14.1,-30,-10.2,-21,-7.1,-1048357,-16.7,-24354,-5.3,-2285,-35.7,-113,-7.0
"13057","5","5313","76","0","2023","4","",71,250,250,259,4244580,383725,5119,1291,"",0.76,0.64,0.64,0.66,0.73,0.75,0.86,1.13,"",3,4.4,21,9.2,19,8.2,19,7.9,517767,13.9,53085,16.1,1238,31.9,62,5.0
"13057","5","53131","77","0","2023","4","",37,210,210,216,3416487,321059,4196,1240,"",0.57,0.63,0.63,0.65,0.74,0.73,0.82,1.16,"",0,0.0,14,7.1,15,7.7,13,6.4,174825,5.4,52488,19.5,1267,43.3,-19,-1.5
"13057","5","531311","78","0","2023","4","",27,182,183,188,3080309,298901,4169,1285,"",0.55,0.73,0.73,0.74,1.00,0.84,1.00,1.36,"",-2,-6.9,14,8.3,14,8.3,14,8.0,186647,6.5,53858,22.0,1421,51.7,-22,-1.7
"13057","5","531312","78","0","2023","4","",10,28,27,28,336178,22158,27,935,"",0.67,0.34,0.33,0.34,0.22,0.27,0.03,0.65,"",2,25.0,0,0.0,1,3.8,-1,-3.4,-11822,-3.4,-1370,-5.8,-154,-85.1,-33,-3.4
"13057","5","53132","77","0","2023","4","",13,17,17,18,180167,24903,15,800,"",1.45,1.20,1.21,1.28,0.93,1.49,0.10,0.75,"",-1,-7.1,1,6.2,0,0.0,-2,-10.0,-21650,-10.7,-15,-0.1,4,36.4,-79,-9.0
"13057","5","531320","78","0","2023","4","",13,17,17,18,180167,24903,15,800,"",1.45,1.20,1.21,1.28,0.93,1.49,0.10,0.75,"",-1,-7.1,1,6.2,0,0.0,-2,-10.0,-21650,-10.7,-15,-0.1,4,36.4,-79,-9.0
"13057","5","53139","77","0","2023","4","",21,23,23,25,647926,37763,908,2106,"",1.03,0.54,0.54,0.58,0.65,0.67,1.27,1.18,"",4,23.5,6,35.3,4,21.1,8,47.1,364592,128.7,612,1.6,-33,-3.5,872,70.7
"13057","5","531390","78","0","2023","4","",21,23,23,25,647926,37763,908,2106,"",1.03,0.54,0.54,0.58,0.65,0.67,1.27,1.18,"",4,23.5,6,35.3,4,21.1,8,47.1,364592,128.7,612,1.6,-33,-3.5,872,70.7
"13057","5","532","75","0","2023","4","N",23,0,0,0,0,0,0,0,"N",0.60,0,0,0,0,0,0,0,"N",1,4.5,0,0,0,0,0,0,0,0,0,0,0,0,0,0
"13057","5","5321","76","0","2023","4","",12,111,112,111,1200234,140096,1440,829,"",1.00,1.08,1.09,1.08,1.05,1.17,1.19,0.97,"",0,0.0,9,8.8,8,7.7,8,7.8,86860,7.8,5391,4.0,52,3.7,-2,-0.2
"13057","5","53211","77","0","2023","4","N",7,0,0,0,0,0,0,0,"N",1.02,0,0,0,0,0,0,0,"N",0,0.0,0,0,0,0,0,0,0,0,0,0,0,0,0,0
"13057","5","532111","78","0","2023","4","N",7,0,0,0,0,0,0,0,"N",1.11,0,0,0,0,0,0,0,"N",0,0.0,0,0,0,0,0,0,0,0,0,0,0,0,0,0
"13057","5","53212","77","0","2023","4","N",5,0,0,0,0,0,0,0,"N",0.99,0,0,0,0,0,0,0,"N",0,0.0,0,0,0,0,0,0,0,0,0,0,0,0,0,0
"13057","5","532120","78","0","2023","4","N",5,0,0,0,0,0,0,0,"N",0.99,0,0,0,0,0,0,0,"N",0,0.0,0,0,0,0,0,0,0,0,0,0,0,0,0,0
"13057","5","5322","76","0","2023","4","",6,20,22,23,239989,37153,738,852,"",0.51,0.32,0.37,0.38,0.37,0.44,0.62,1.04,"",1,20.0,3,17.6,6,37.5,8,53.3,18742,8.5,20616,124.7,634,609.6,-212,-19.9
"13057","5","53221","77","0","2023","4","N",1,0,0,0,0,0,0,0,"N",1.05,0,0,0,0,0,0,0,"N",0,0.0,0,0,0,0,0,0,0,0,0,0,0,0,0,0
"13057","5","532210","78","0","2023","4","N",1,0,0,0,0,0,0,0,"N",1.05,0,0,0,0,0,0,0,"N",0,0.0,0,0,0,0,0,0,0,0,0,0,0,0,0,0
"13057","5","53228","77","0","2023","4","N",5,0,0,0,0,0,0,0,"N",0.46,0,0,0,0,0,0,0,"N",1,25.0,0,0,0,0,0,0,0,0,0,0,0,0,0,0
"13057","5","532282","78","0","2023","4","N",1,0,0,0,0,0,0,0,"N",2.85,0,0,0,0,0,0,0,"N",0,0.0,0,0,0,0,0,0,0,0,0,0,0,0,0,0
"13057","5","532284","78","0","2023","4","N",1,0,0,0,0,0,0,0,"N",0.46,0,0,0,0,0,0,0,"N",0,0.0,0,0,0,0,0,0,0,0,0,0,0,0,0,0
"13057","5","532289","78","0","2023","4","N",3,0,0,0,0,0,0,0,"N",0.50,0,0,0,0,0,0,0,"N",1,50.0,0,0,0,0,0,0,0,0,0,0,0,0,0,0
"13057","5","5323","76","0","2023","4","N",2,0,0,0,0,0,0,0,"N",0.83,0,0,0,0,0,0,0,"N",0,0.0,0,0,0,0,0,0,0,0,0,0,0,0,0,0
"13057","5","53231","77","0","2023","4","N",2,0,0,0,0,0,0,0,"N",0.83,0,0,0,0,0,0,0,"N",0,0.0,0,0,0,0,0,0,0,0,0,0,0,0,0,0
"13057","5","532310","78","0","2023","4","N",2,0,0,0,0,0,0,0,"N",0.83,0,0,0,0,0,0,0,"N",0,0.0,0,0,0,0,0,0,0,0,0,0,0,0,0,0
"13057","5","5324","76","0","2023","4","",3,32,33,35,859933,34149,226,1984,"",0.25,0.35,0.36,0.38,0.54,0.32,0.16,1.49,"",0,0.0,-5,-13.5,-4,-10.8,-3,-7.9,13005,1.5,-2824,-7.6,-138,-37.9,239,13.7
"13057","5","53241","77","0","2023","4","N",2,0,0,0,0,0,0,0,"N",0.38,0,0,0,0,0,0,0,"N",0,0.0,0,0,0,0,0,0,0,0,0,0,0,0,0,0
"13057","5","532412","78","0","2023","4","N",2,0,0,0,0,0,0,0,"N",0.42,0,0,0,0,0,0,0,"N",0,0.0,0,0,0,0,0,0,0,0,0,0,0,0,0,0
"13057","5","53242","77","0","2023","4","N",1,0,0,0,0,0,0,0,"N",1.32,0,0,0,0,0,0,0,"N",0,0.0,0,0,0,0,0,0,0,0,0,0,0,0,0,0
"13057","5","532420","78","0","2023","4","N",1,0,0,0,0,0,0,0,"N",1.32,0,0,0,0,0,0,0,"N",0,0.0,0,0,0,0,0,0,0,0,0,0,0,0,0,0
"13057","5","533","75","0","2023","4","N",1,0,0,0,0,0,0,0,"N",0.41,0,0,0,0,0,0,0,"N",-1,-50.0,0,0,0,0,0,0,0,0,0,0,0,0,0,0
"13057","5","5331","76","0","2023","4","N",1,0,0,0,0,0,0,0,"N",0.41,0,0,0,0,0,0,0,"N",-1,-50.0,0,0,0,0,0,0,0,0,0,0,0,0,0,0
"13057","5","53311","77","0","2023","4","N",1,0,0,0,0,0,0,0,"N",0.41,0,0,0,0,0,0,0,"N",-1,-50.0,0,0,0,0,0,0,0,0,0,0,0,0,0,0
"13057","5","533110","78","0","2023","4","N",1,0,0,0,0,0,0,0,"N",0.41,0,0,0,0,0,0,0,"N",-1,-50.0,0,0,0,0,0,0,0,0,0,0,0,0,0,0
"13057","5","54","74","0","2023","4","",990,3555,3572,3590,74637991,4008441,51880,1607,"",0.89,0.70,0.70,0.70,0.59,0.78,0.84,0.85,"",41,4.3,439,14.1,378,11.8,355,11.0,12849390,20.8,-291344,-6.8,-7042,-12.0,113,7.6
"13057","5","541","75","0","2023","4","",990,3555,3572,3590,74637991,4008441,51880,1607,"",0.89,0.70,0.70,0.70,0.59,0.78,0.84,0.85,"",41,4.3,439,14.1,378,11.8,355,11.0,12849390,20.8,-291344,-6.8,-7042,-12.0,113,7.6
"13057","5","5411","76","0","2023","4","",111,438,443,437,9753445,440851,5196,1708,"",0.81,0.78,0.78,0.77,0.56,0.80,0.91,0.73,"",-5,-4.3,27,6.6,30,7.3,17,4.0,1256828,14.8,-14316,-3.1,-1735,-25.0,132,8.4
"13057","5","54111","77","0","2023","4","",93,411,416,410,9156175,413539,4783,1708,"",0.76,0.79,0.80,0.78,0.55,0.82,0.93,0.70,"",-7,-7.0,26,6.8,30,7.8,17,4.3,1131878,14.1,-10730,-2.5,-1582,-24.9,117,7.4
"13057","5","541110","78","0","2023","4","",93,411,416,410,9156175,413539,4783,1708,"",0.76,0.79,0.80,0.78,0.55,0.82,0.93,0.70,"",-7,-7.0,26,6.8,30,7.8,17,4.3,1131878,14.1,-10730,-2.5,-1582,-24.9,117,7.4
"13057","5","54119","77","0","2023","4","",18,27,27,27,597270,27312,413,1702,"",1.34,0.59,0.58,0.58,0.81,0.57,0.73,1.39,"",2,12.5,1,3.8,0,0.0,0,0.0,124950,26.5,-3586,-11.6,-153,-27.0,340,25.0
"13057","5","541191","78","0","2023","4","",4,9,9,7,92218,3833,2,851,"",0.60,0.33,0.33,0.26,0.24,0.16,0.01,0.78,"",-2,-33.3,-6,-40.0,-6,-40.0,-8,-53.3,-131643,-58.8,-1570,-29.1,-52,-96.3,-297,-25.9
"13057","5","541199","78","0","2023","4","",14,18,18,20,505052,23479,411,2081,"",2.08,0.95,0.94,1.04,1.44,0.98,1.34,1.47,"",4,40.0,7,63.6,6,50.0,8,66.7,256593,103.3,-2016,-7.9,-101,-19.7,443,27.0
"13057","5","5412","76","0","2023","4","",129,288,293,294,4220108,340489,3192,1113,"",1.08,0.54,0.54,0.53,0.40,0.56,0.42,0.75,"",-3,-2.3,21,7.9,25,9.3,-1,-0.3,278312,7.1,33253,10.8,-557,-14.9,17,1.6
"13057","5","54121","77","0","2023","4","",129,288,293,294,4220108,340489,3192,1113,"",1.08,0.54,0.54,0.53,0.40,0.56,0.42,0.75,"",-3,-2.3,21,7.9,25,9.3,-1,-0.3,278312,7.1,33253,10.8,-557,-14.9,17,1.6
"13057","5","541211","78","0","2023","4","",29,90,88,86,1366951,70837,1555,1195,"",0.71,0.35,0.34,0.33,0.23,0.30,0.72,0.67,"",-2,-6.5,7,8.4,6,7.3,6,7.5,77568,6.0,7048,11.0,298,23.7,-19,-1.6
"13057","5","541213","78","0","2023","4","N",29,0,0,0,0,0,0,0,"N",1.19,0,0,0,0,0,0,0,"N",1,3.6,0,0,0,0,0,0,0,0,0,0,0,0,0,0
"13057","5","541214","78","0","2023","4","N",2,0,0,0,0,0,0,0,"N",0.24,0,0,0,0,0,0,0,"N",0,0.0,0,0,0,0,0,0,0,0,0,0,0,0,0,0
"13057","5","541219","78","0","2023","4","",69,155,159,161,2386696,249010,1300,1160,"",1.52,1.15,1.18,1.18,1.17,1.51,0.72,1.00,"",-2,-2.8,17,12.3,24,17.8,6,3.9,186390,8.5,58745,30.9,-578,-30.8,-26,-2.2
"13057","5","5413","76","0","2023","4","",128,557,553,564,10866308,634875,9342,1498,"",1.16,0.70,0.70,0.71,0.60,0.88,1.07,0.85,"",17,15.3,54,10.7,54,10.8,66,13.3,656943,6.4,76965,13.8,1467,18.6,-73,-4.6
"13057","5","54131","77","0","2023","4","",17,29,29,29,599127,34600,826,1589,"",0.88,0.30,0.30,0.30,0.26,0.41,0.94,0.86,"",2,13.3,1,3.6,2,7.4,1,3.6,115203,23.8,-4166,-10.7,320,63.2,244,18.1
"13057","5","541310","78","0","2023","4","",17,29,29,29,599127,34600,826,1589,"",0.88,0.30,0.30,0.30,0.26,0.41,0.94,0.86,"",2,13.3,1,3.6,2,7.4,1,3.6,115203,23.8,-4166,-10.7,320,63.2,244,18.1
"13057","5","54132","77","0","2023","4","",7,12,11,11,161567,9940,255,1097,"",1.41,0.70,0.65,0.68,0.59,0.53,0.94,0.87,"",-1,-12.5,0,0.0,-2,-15.4,0,0.0,-36159,-18.3,-9690,-49.4,84,49.1,-170,-13.4
"13057","5","541320","78","0","2023","4","",7,12,11,11,161567,9940,255,1097,"",1.41,0.70,0.65,0.68,0.59,0.53,0.94,0.87,"",-1,-12.5,0,0.0,-2,-15.4,0,0.0,-36159,-18.3,-9690,-49.4,84,49.1,-170,-13.4
"13057","5","54133","77","0","2023","4","",67,359,356,362,7493146,476889,6932,1606,"",1.05,0.66,0.65,0.66,0.56,1.00,1.18,0.85,"",12,21.8,81,29.1,77,27.6,84,30.2,1364697,22.3,167494,54.1,1368,24.6,-88,-5.2
"13057","5","541330","78","0","2023","4","",67,359,356,362,7493146,476889,6932,1606,"",1.05,0.66,0.65,0.66,0.56,1.00,1.18,0.85,"",12,21.8,81,29.1,77,27.6,84,30.2,1364697,22.3,167494,54.1,1368,24.6,-88,-5.2
"13057","5","54134","77","0","2023","4","N",6,0,0,0,0,0,0,0,"N",2.58,0,0,0,0,0,0,0,"N",1,20.0,0,0,0,0,0,0,0,0,0,0,0,0,0,0
"13057","5","541340","78","0","2023","4","N",6,0,0,0,0,0,0,0,"N",2.58,0,0,0,0,0,0,0,"N",1,20.0,0,0,0,0,0,0,0,0,0,0,0,0,0,0
"13057","5","54135","77","0","2023","4","",12,55,56,57,837320,50133,826,1150,"",2.11,4.27,4.39,4.52,4.99,3.32,4.19,1.14,"",1,9.1,8,17.0,12,27.3,9,18.8,173515,26.1,11931,31.2,114,16.0,48,4.4
"13057","5","541350","78","0","2023","4","",12,55,56,57,837320,50133,826,1150,"",2.11,4.27,4.39,4.52,4.99,3.32,4.19,1.14,"",1,9.1,8,17.0,12,27.3,9,18.8,173515,26.1,11931,31.2,114,16.0,48,4.4
"13057","5","54136","77","0","2023","4","N",2,0,0,0,0,0,0,0,"N",1.24,0,0,0,0,0,0,0,"N",1,100.0,0,0,0,0,0,0,0,0,0,0,0,0,0,0
"13057","5","541360","78","0","2023","4","N",2,0,0,0,0,0,0,0,"N",1.24,0,0,0,0,0,0,0,"N",1,100.0,0,0,0,0,0,0,0,0,0,0,0,0,0,0
"13057","5","54137","77","0","2023","4","",13,88,87,92,1490545,61122,494,1288,"",2.33,3.36,3.31,3.50,3.65,2.25,1.54,1.08,"",0,0.0,-32,-26.7,-32,-26.9,-24,-20.7,-949696,-38.9,-85526,-58.3,-324,-39.6,-298,-18.8
"13057","5","541370","78","0","2023","4","",13,88,87,92,1490545,61122,494,1288,"",2.33,3.36,3.31,3.50,3.65,2.25,1.54,1.08,"",0,0.0,-32,-26.7,-32,-26.9,-24,-20.7,-949696,-38.9,-85526,-58.3,-324,-39.6,-298,-18.8
"13057","5","54138","77","0","2023","4","N",4,0,0,0,0,0,0,0,"N",0.53,0,0,0,0,0,0,0,"N",1,33.3,0,0,0,0,0,0,0,0,0,0,0,0,0,0
"13057","5","541380","78","0","2023","4","N",4,0,0,0,0,0,0,0,"N",0.53,0,0,0,0,0,0,0,"N",1,33.3,0,0,0,0,0,0,0,0,0,0,0,0,0,0
"13057","5","5414","76","0","2023","4","N",41,0,0,0,0,0,0,0,"N",1.30,0,0,0,0,0,0,0,"N",7,20.6,0,0,0,0,0,0,0,0,0,0,0,0,0,0
"13057","5","54141","77","0","2023","4","N",16,0,0,0,0,0,0,0,"N",1.31,0,0,0,0,0,0,0,"N",3,23.1,0,0,0,0,0,0,0,0,0,0,0,0,0,0
"13057","5","541410","78","0","2023","4","N",16,0,0,0,0,0,0,0,"N",1.31,0,0,0,0,0,0,0,"N",3,23.1,0,0,0,0,0,0,0,0,0,0,0,0,0,0
"13057","5","54143","77","0","2023","4","",18,22,22,21,339668,7636,140,1206,"",1.37,0.80,0.80,0.76,0.71,0.24,0.39,0.91,"",1,5.9,-4,-15.4,-3,-12.0,-4,-16.0,-168403,-33.1,-7263,-48.7,17,13.8,-337,-21.8
"13057","5","541430","78","0","2023","4","",18,22,22,21,339668,7636,140,1206,"",1.37,0.80,0.80,0.76,0.71,0.24,0.39,0.91,"",1,5.9,-4,-15.4,-3,-12.0,-4,-16.0,-168403,-33.1,-7263,-48.7,17,13.8,-337,-21.8
"13057","5","54149","77","0","2023","4","",7,11,12,13,298583,39000,1054,1914,"",1.65,1.15,1.24,1.35,1.64,3.27,5.76,1.31,"N",4,133.3,0,0,0,0,0,0,0,0,0,0,0,0,0,0
"13057","5","541490","78","0","2023","4","",7,11,12,13,298583,39000,1054,1914,"",1.65,1.15,1.24,1.35,1.64,3.27,5.76,1.31,"N",4,133.3,0,0,0,0,0,0,0,0,0,0,0,0,0,0
"13057","5","5415","76","0","2023","4","",205,827,844,833,23121732,793192,10729,2131,"",0.76,0.71,0.72,0.72,0.70,0.74,0.83,0.97,"",4,2.0,182,28.2,174,26.0,167,25.1,7623856,49.2,44646,6.0,775,7.8,326,18.1
"13057","5","54151","77","0","2023","4","",205,827,844,833,23121732,793192,10729,2131,"",0.76,0.71,0.72,0.72,0.70,0.74,0.83,0.97,"",4,2.0,182,28.2,174,26.0,167,25.1,7623856,49.2,44646,6.0,775,7.8,326,18.1
"13057","5","541511","78","0","2023","4","",101,342,351,349,10228621,349320,4735,2265,"",0.78,0.65,0.67,0.68,0.63,0.79,0.87,0.94,"",10,11.0,51,17.5,58,19.8,67,23.8,1791655,21.2,122087,53.7,1985,72.2,17,0.8
"13057","5","541512","78","0","2023","4","",94,462,468,457,12559554,423988,5587,2090,"",0.82,0.86,0.86,0.85,0.88,0.81,0.89,1.03,"",-8,-7.8,122,35.9,106,29.3,88,23.8,5747975,84.4,-81718,-16.2,-1327,-19.2,622,42.4
"13057","5","541519","78","0","2023","4","",10,23,25,27,333557,19884,407,1026,"",0.47,0.37,0.40,0.43,0.21,0.29,0.47,0.51,"",2,25.0,9,64.3,10,66.7,12,80.0,84226,33.8,4277,27.4,117,40.3,-282,-21.6
"13057","5","5416","76","0","2023","4","",250,487,483,507,11536573,783889,12204,1802,"",0.94,0.55,0.54,0.57,0.55,0.75,0.91,0.99,"",14,5.9,72,17.3,24,5.2,53,11.7,1324927,13.0,-318976,-28.9,-8754,-41.8,28,1.6
"13057","5","54161","77","0","2023","4","",217,391,390,409,9412987,690431,10689,1825,"",1.00,0.53,0.52,0.55,0.53,0.80,0.97,0.99,"",11,5.3,45,13.0,0,0.0,28,7.3,720543,8.3,-141060,-17.0,-3764,-26.0,29,1.6
"13057","5","541611","78","0","2023","4","",97,187,185,194,4385973,306704,3359,1788,"",0.87,0.47,0.46,0.48,0.40,0.69,0.60,0.85,"",2,2.1,27,16.9,17,10.1,29,17.6,90607,2.1,-103987,-25.3,-1684,-33.4,-223,-11.1
"13057","5","541612","78","0","2023","4","",17,22,20,22,458734,44318,383,1654,"",1.59,0.49,0.44,0.49,0.47,0.83,0.54,1.00,"",-7,-29.2,-26,-54.2,-31,-60.8,-28,-56.0,-657945,-58.9,-60364,-57.7,-1427,-78.8,-75,-4.3
"13057","5","541613","78","0","2023","4","",65,118,114,116,2879451,219982,4189,1909,"",1.09,0.77,0.74,0.75,0.94,1.11,1.61,1.25,"",5,8.3,17,16.8,6,5.6,13,12.6,737001,34.4,130914,147.0,2568,158.4,324,20.4
"13057","5","541614","78","0","2023","4","",18,30,32,37,463926,85562,2287,1081,"",1.38,0.39,0.41,0.47,0.35,0.93,1.90,0.82,"",3,20.0,19,172.7,-5,-13.5,0,0.0,49635,12.0,-101214,-54.2,-3203,-58.3,-44,-3.9
"13057","5","541618","78","0","2023","4","",20,34,39,40,1224903,33865,471,2502,"",0.86,0.57,0.65,0.67,0.90,0.49,0.53,1.43,"",8,66.7,8,30.8,13,50.0,14,53.8,501245,69.3,-6409,-15.9,-18,-3.7,361,16.9
"13057","5","54162","77","0","2023","4","",14,71,69,71,1358818,51848,545,1486,"",1.42,1.50,1.45,1.50,1.57,0.91,0.80,1.06,"",3,27.3,23,47.9,21,43.8,22,44.9,447414,49.1,10047,24.0,-75,-12.1,35,2.4
"13057","5","541620","78","0","2023","4","",14,71,69,71,1358818,51848,545,1486,"",1.42,1.50,1.45,1.50,1.57,0.91,0.80,1.06,"",3,27.3,23,47.9,21,43.8,22,44.9,447414,49.1,10047,24.0,-75,-12.1,35,2.4
"13057","5","54169","77","0","2023","4","",19,25,24,27,764768,41610,970,2322,"",0.51,0.24,0.23,0.26,0.32,0.32,0.58,1.28,"",0,0.0,4,19.0,3,14.3,3,12.5,156970,25.8,-187963,-81.9,-4915,-83.5,197,9.3
"13057","5","541690","78","0","2023","4","",19,25,24,27,764768,41610,970,2322,"",0.51,0.24,0.23,0.26,0.32,0.32,0.58,1.28,"",0,0.0,4,19.0,3,14.3,3,12.5,156970,25.8,-187963,-81.9,-4915,-83.5,197,9.3
"13057","5","5417","76","0","2023","4","N",9,0,0,0,0,0,0,0,"N",0.24,0,0,0,0,0,0,0,"N",1,12.5,0,0,0,0,0,0,0,0,0,0,0,0,0,0
"13057","5","54171","77","0","2023","4","N",6,0,0,0,0,0,0,0,"N",0.18,0,0,0,0,0,0,0,"N",1,20.0,0,0,0,0,0,0,0,0,0,0,0,0,0,0
"13057","5","541714","78","0","2023","4","N",1,0,0,0,0,0,0,0,"N",0.07,0,0,0,0,0,0,0,"N",1,100.0,0,0,0,0,0,0,0,0,0,0,0,0,0,0
"13057","5","541715","78","0","2023","4","N",5,0,0,0,0,0,0,0,"N",0.29,0,0,0,0,0,0,0,"N",0,0.0,0,0,0,0,0,0,0,0,0,0,0,0,0,0
"13057","5","54172","77","0","2023","4","",3,27,29,26,429921,2586,23,1210,"",0.75,0.84,0.88,0.79,0.75,0.12,0.09,0.89,"N",0,0.0,0,0,0,0,0,0,0,0,0,0,0,0,0,0
"13057","5","541720","78","0","2023","4","",3,27,29,26,429921,2586,23,1210,"",0.75,0.84,0.88,0.79,0.75,0.12,0.09,0.89,"N",0,0.0,0,0,0,0,0,0,0,0,0,0,0,0,0,0
"13057","5","5418","76","0","2023","4","",33,125,131,127,1783679,111097,342,1075,"",0.64,0.54,0.56,0.54,0.38,0.49,0.12,0.69,"",3,10.0,15,13.6,20,18.0,10,8.5,-31185,-1.7,-14224,-11.4,-90,-20.8,-164,-13.2
"13057","5","54181","77","0","2023","4","",12,37,38,37,716161,28298,48,1476,"",0.48,0.36,0.36,0.35,0.29,0.31,0.04,0.82,"",3,33.3,19,105.6,18,90.0,16,76.2,209588,41.4,11293,66.4,9,23.1,-505,-25.5
"13057","5","541810","78","0","2023","4","",12,37,38,37,716161,28298,48,1476,"",0.48,0.36,0.36,0.35,0.29,0.31,0.04,0.82,"",3,33.3,19,105.6,18,90.0,16,76.2,209588,41.4,11293,66.4,9,23.1,-505,-25.5
"13057","5","54182","77","0","2023","4","N",5,0,0,0,0,0,0,0,"N",0.51,0,0,0,0,0,0,0,"N",0,0.0,0,0,0,0,0,0,0,0,0,0,0,0,0,0
"13057","5","541820","78","0","2023","4","N",5,0,0,0,0,0,0,0,"N",0.51,0,0,0,0,0,0,0,"N",0,0.0,0,0,0,0,0,0,0,0,0,0,0,0,0,0
"13057","5","54184","77","0","2023","4","N",1,0,0,0,0,0,0,0,"N",0.39,0,0,0,0,0,0,0,"N",0,0.0,0,0,0,0,0,0,0,0,0,0,0,0,0,0
"13057","5","541840","78","0","2023","4","N",1,0,0,0,0,0,0,0,"N",0.39,0,0,0,0,0,0,0,"N",0,0.0,0,0,0,0,0,0,0,0,0,0,0,0,0,0
"13057","5","54185","77","0","2023","4","",5,24,24,25,286810,30336,101,907,"",2.51,1.64,1.66,1.74,1.34,1.85,0.52,0.80,"",0,0.0,-3,-11.1,-1,-4.0,-2,-7.4,-191869,-40.1,4551,17.6,70,225.8,-491,-35.1
"13057","5","541850","78","0","2023","4","",5,24,24,25,286810,30336,101,907,"",2.51,1.64,1.66,1.74,1.34,1.85,0.52,0.80,"",0,0.0,-3,-11.1,-1,-4.0,-2,-7.4,-191869,-40.1,4551,17.6,70,225.8,-491,-35.1
"13057","5","54186","77","0","2023","4","N",2,0,0,0,0,0,0,0,"N",1.19,0,0,0,0,0,0,0,"N",-1,-33.3,0,0,0,0,0,0,0,0,0,0,0,0,0,0
"13057","5","541860","78","0","2023","4","N",2,0,0,0,0,0,0,0,"N",1.19,0,0,0,0,0,0,0,"N",-1,-33.3,0,0,0,0,0,0,0,0,0,0,0,0,0,0
"13057","5","54187","77","0","2023","4","N",1,0,0,0,0,0,0,0,"N",0.35,0,0,0,0,0,0,0,"N",1,100.0,0,0,0,0,0,0,0,0,0,0,0,0,0,0
"13057","5","541870","78","0","2023","4","N",1,0,0,0,0,0,0,0,"N",0.35,0,0,0,0,0,0,0,"N",1,100.0,0,0,0,0,0,0,0,0,0,0,0,0,0,0
"13057","5","54189","77","0","2023","4","",7,18,20,16,143626,10519,110,614,"",1.03,0.42,0.46,0.37,0.32,0.20,0.19,0.77,"",0,0.0,1,5.9,3,17.6,-4,-20.0,-24191,-14.4,-489,-4.4,35,46.7,-103,-14.4
"13057","5","541890","78","0","2023","4","",7,18,20,16,143626,10519,110,614,"",1.03,0.42,0.46,0.37,0.32,0.20,0.19,0.77,"",0,0.0,1,5.9,3,17.6,-4,-20.0,-24191,-14.4,-489,-4.4,35,46.7,-103,-14.4
"13057","5","5419","76","0","2023","4","",84,718,708,714,10962177,757940,8131,1182,"",0.94,1.74,1.70,1.71,1.87,1.36,1.33,1.09,"",3,3.7,78,12.2,61,9.4,58,8.8,1631378,17.5,-132095,-14.8,163,2.0,74,6.7
"13057","5","54191","77","0","2023","4","N",3,0,0,0,0,0,0,0,"N",0.43,0,0,0,0,0,0,0,"N",0,0.0,0,0,0,0,0,0,0,0,0,0,0,0,0,0
"13057","5","541910","78","0","2023","4","N",3,0,0,0,0,0,0,0,"N",0.43,0,0,0,0,0,0,0,"N",0,0.0,0,0,0,0,0,0,0,0,0,0,0,0,0,0
"13057","5","54192","77","0","2023","4","",18,81,77,71,825998,87608,1092,832,"",1.66,3.27,3.14,2.74,3.85,2.00,1.40,1.27,"",1,5.9,18,28.6,15,24.2,10,16.4,212538,34.6,800,0.9,-331,-23.3,71,9.3
"13057","5","541921","78","0","2023","4","N",15,0,0,0,0,0,0,0,"N",1.93,0,0,0,0,0,0,0,"N",1,7.1,0,0,0,0,0,0,0,0,0,0,0,0,0,0
"13057","5","541922","78","0","2023","4","N",3,0,0,0,0,0,0,0,"N",0.98,0,0,0,0,0,0,0,"N",0,0.0,0,0,0,0,0,0,0,0,0,0,0,0,0,0
"13057","5","54193","77","0","2023","4","N",1,0,0,0,0,0,0,0,"N",0.30,0,0,0,0,0,0,0,"N",-1,-50.0,0,0,0,0,0,0,0,0,0,0,0,0,0,0
"13057","5","541930","78","0","2023","4","N",1,0,0,0,0,0,0,0,"N",0.30,0,0,0,0,0,0,0,"N",-1,-50.0,0,0,0,0,0,0,0,0,0,0,0,0,0,0
"13057","5","54194","77","0","2023","4","",46,593,587,597,9360045,592315,5149,1216,"",2.00,2.71,2.67,2.70,4.04,1.97,2.07,1.50,"",-1,-2.1,60,11.3,46,8.5,47,8.5,1637626,21.2,-35851,-5.7,-270,-5.0,119,10.8
"13057","5","541940","78","0","2023","4","",46,593,587,597,9360045,592315,5149,1216,"",2.00,2.71,2.67,2.70,4.04,1.97,2.07,1.50,"",-1,-2.1,60,11.3,46,8.5,47,8.5,1637626,21.2,-35851,-5.7,-270,-5.0,119,10.8
"13057","5","54199","77","0","2023","4","",16,40,40,42,713493,72081,1839,1350,"",0.35,0.34,0.34,0.36,0.29,0.45,0.84,0.86,"",4,33.3,0,0.0,0,0.0,1,2.4,-246061,-25.6,-94881,-56.8,770,72.0,-480,-26.2
"13057","5","541990","78","0","2023","4","",16,40,40,42,713493,72081,1839,1350,"",0.35,0.34,0.34,0.36,0.29,0.45,0.84,0.86,"",4,33.3,0,0.0,0,0.0,1,2.4,-246061,-25.6,-94881,-56.8,770,72.0,-480,-26.2
"13057","5","55","74","0","2023","4","",12,45,47,45,777305,57817,352,1309,"",0.19,0.04,0.04,0.04,0.02,0.04,0.02,0.64,"",1,9.1,-15,-25.0,-12,-20.3,-14,-23.7,-191475,-19.8,-22542,-28.1,2,0.6,53,4.2
"13057","5","551","75","0","2023","4","",12,45,47,45,777305,57817,352,1309,"",0.19,0.04,0.04,0.04,0.02,0.04,0.02,0.64,"",1,9.1,-15,-25.0,-12,-20.3,-14,-23.7,-191475,-19.8,-22542,-28.1,2,0.6,53,4.2
"13057","5","5511","76","0","2023","4","",12,45,47,45,777305,57817,352,1309,"",0.19,0.04,0.04,0.04,0.02,0.04,0.02,0.64,"",1,9.1,-15,-25.0,-12,-20.3,-14,-23.7,-191475,-19.8,-22542,-28.1,2,0.6,53,4.2
"13057","5","55111","77","0","2023","4","",12,45,47,45,777305,57817,352,1309,"",0.19,0.04,0.04,0.04,0.02,0.04,0.02,0.64,"",1,9.1,-15,-25.0,-12,-20.3,-14,-23.7,-191475,-19.8,-22542,-28.1,2,0.6,53,4.2
"13057","5","551114","78","0","2023","4","",12,45,47,45,777305,57817,352,1309,"",0.23,0.04,0.04,0.04,0.03,0.04,0.02,0.65,"N",2,20.0,0,0,0,0,0,0,0,0,0,0,0,0,0,0
"13057","5","56","74","0","2023","4","",489,3987,3968,3904,52478653,5535131,53137,1021,"",1.09,0.89,0.89,0.89,1.09,0.69,0.49,1.23,"",-24,-4.7,-35,-0.9,11,0.3,-16,-0.4,2203587,4.4,-1107877,-16.7,-9334,-14.9,46,4.7
"13057","5","561","75","0","2023","4","",455,3603,3558,3490,45307325,4985307,49946,982,"",1.07,0.85,0.84,0.84,1.02,0.64,0.48,1.21,"",-24,-5.0,-52,-1.4,-38,-1.1,-68,-1.9,674652,1.5,-1074055,-17.7,-8820,-15.0,29,3.0
"13057","5","5611","76","0","2023","4","",32,137,131,122,2190196,158699,2500,1296,"",0.61,0.47,0.44,0.41,0.37,0.53,0.70,0.83,"",1,3.2,18,15.1,10,8.3,2,1.7,192405,9.6,-52104,-24.7,-64,-2.5,15,1.2
"13057","5","56111","77","0","2023","4","",32,137,131,122,2190196,158699,2500,1296,"",0.61,0.47,0.44,0.41,0.37,0.53,0.70,0.83,"",1,3.2,18,15.1,10,8.3,2,1.7,192405,9.6,-52104,-24.7,-64,-2.5,15,1.2
"13057","5","561110","78","0","2023","4","",32,137,131,122,2190196,158699,2500,1296,"",0.61,0.47,0.44,0.41,0.37,0.53,0.70,0.83,"",1,3.2,18,15.1,10,8.3,2,1.7,192405,9.6,-52104,-24.7,-64,-2.5,15,1.2
"13057","5","5612","76","0","2023","4","",5,74,74,75,1384205,86850,958,1432,"",0.98,0.92,0.92,0.93,1.48,0.84,0.69,1.61,"",0,0.0,-5,-6.3,-5,-6.3,-5,-6.2,81291,6.2,-26807,-23.6,-729,-43.2,169,13.4
"13057","5","56121","77","0","2023","4","",5,74,74,75,1384205,86850,958,1432,"",0.98,0.92,0.92,0.93,1.48,0.84,0.69,1.61,"",0,0.0,-5,-6.3,-5,-6.3,-5,-6.2,81291,6.2,-26807,-23.6,-729,-43.2,169,13.4
"13057","5","561210","78","0","2023","4","",5,74,74,75,1384205,86850,958,1432,"",0.98,0.92,0.92,0.93,1.48,0.84,0.69,1.61,"",0,0.0,-5,-6.3,-5,-6.3,-5,-6.2,81291,6.2,-26807,-23.6,-729,-43.2,169,13.4
"13057","5","5613","76","0","2023","4","",81,424,430,400,5722896,1319644,11028,1053,"",0.79,0.25,0.25,0.24,0.33,0.32,0.19,1.34,"",-2,-2.4,-84,-16.5,-43,-9.1,-85,-17.5,-130079,-2.2,-253274,-16.1,-2787,-20.2,132,14.3
"13057","5","56131","77","0","2023","4","",25,65,60,63,1321010,158354,1964,1622,"",1.06,0.45,0.41,0.43,0.64,0.51,0.41,1.48,"",-1,-3.8,-3,-4.4,-6,-9.1,1,1.6,263130,24.9,49032,44.9,437,28.6,376,30.2
"13057","5","561311","78","0","2023","4","N",17,0,0,0,0,0,0,0,"N",0.97,0,0,0,0,0,0,0,"N",-3,-15.0,0,0,0,0,0,0,0,0,0,0,0,0,0,0
"13057","5","561312","78","0","2023","4","N",8,0,0,0,0,0,0,0,"N",1.29,0,0,0,0,0,0,0,"N",2,33.3,0,0,0,0,0,0,0,0,0,0,0,0,0,0
"13057","5","56132","77","0","2023","4","",23,211,223,208,2275491,888154,6177,818,"",0.36,0.16,0.17,0.16,0.19,0.25,0.13,1.17,"",-5,-17.9,-67,-24.1,-15,-6.3,-48,-18.8,-335612,-12.9,-327782,-27.0,-3827,-38.3,37,4.7
"13057","5","561320","78","0","2023","4","",23,211,223,208,2275491,888154,6177,818,"",0.36,0.16,0.17,0.16,0.19,0.25,0.13,1.17,"",-5,-17.9,-67,-24.1,-15,-6.3,-48,-18.8,-335612,-12.9,-327782,-27.0,-3827,-38.3,37,4.7
"13057","5","56133","77","0","2023","4","",33,148,147,129,2126395,273136,2887,1157,"",2.32,0.68,0.67,0.59,0.69,0.77,0.61,1.07,"",4,13.8,-14,-8.6,-22,-13.0,-38,-22.8,-57597,-2.6,25476,10.3,603,26.4,145,14.3
"13057","5","561330","78","0","2023","4","",33,148,147,129,2126395,273136,2887,1157,"",2.32,0.68,0.67,0.59,0.69,0.77,0.61,1.07,"",4,13.8,-14,-8.6,-22,-13.0,-38,-22.8,-57597,-2.6,25476,10.3,603,26.4,145,14.3
"13057","5","5614","76","0","2023","4","",46,481,477,461,4248410,524949,2180,691,"",1.14,1.39,1.37,1.32,1.05,1.12,0.40,0.77,"",-1,-2.1,-109,-18.5,-118,-19.8,-141,-23.4,-2700226,-38.9,-782308,-59.8,-4398,-66.9,-206,-23.0
"13057","5","56141","77","0","2023","4","N",2,0,0,0,0,0,0,0,"N",0.39,0,0,0,0,0,0,0,"N",-2,-50.0,0,0,0,0,0,0,0,0,0,0,0,0,0,0
"13057","5","561410","78","0","2023","4","N",2,0,0,0,0,0,0,0,"N",0.39,0,0,0,0,0,0,0,"N",-2,-50.0,0,0,0,0,0,0,0,0,0,0,0,0,0,0
"13057","5","56142","77","0","2023","4","",7,320,313,303,2327136,334700,508,574,"",0.69,1.73,1.68,1.64,1.25,1.24,0.17,0.74,"",0,0.0,-31,-8.8,-36,-10.3,-51,-14.4,-166432,-6.7,-299315,-47.2,-148,-22.6,28,5.1
"13057","5","561421","78","0","2023","4","N",3,0,0,0,0,0,0,0,"N",1.44,0,0,0,0,0,0,0,"N",0,0.0,0,0,0,0,0,0,0,0,0,0,0,0,0,0
"13057","5","561422","78","0","2023","4","N",4,0,0,0,0,0,0,0,"N",0.50,0,0,0,0,0,0,0,"N",0,0.0,0,0,0,0,0,0,0,0,0,0,0,0,0,0
"13057","5","56143","77","0","2023","4","",23,65,69,64,667661,97647,579,778,"",3.03,1.74,1.82,1.65,2.01,1.88,1.03,1.15,"",2,9.5,-12,-15.6,-6,-8.0,-10,-13.5,-157767,-19.1,-53274,-35.3,-539,-48.2,-65,-7.7
"13057","5","561431","78","0","2023","4","",12,43,47,44,349943,71866,283,603,"",3.25,2.53,2.69,2.46,3.01,2.57,0.92,1.18,"",2,20.0,-15,-25.9,-9,-16.1,-8,-15.4,-221899,-38.8,-38895,-35.1,-380,-57.3,-192,-24.2
"13057","5","561439","78","0","2023","4","",11,22,22,20,317718,25781,296,1146,"",2.82,1.08,1.08,0.96,1.47,1.08,1.18,1.41,"",0,0.0,3,15.8,3,15.8,-2,-9.1,64132,25.3,-14379,-35.8,-159,-34.9,171,17.5
"13057","5","56144","77","0","2023","4","N",5,0,0,0,0,0,0,0,"N",1.22,0,0,0,0,0,0,0,"N",-2,-28.6,0,0,0,0,0,0,0,0,0,0,0,0,0,0
"13057","5","561440","78","0","2023","4","N",5,0,0,0,0,0,0,0,"N",1.22,0,0,0,0,0,0,0,"N",-2,-28.6,0,0,0,0,0,0,0,0,0,0,0,0,0,0
"13057","5","56149","77","0","2023","4","N",9,0,0,0,0,0,0,0,"N",0.71,0,0,0,0,0,0,0,"N",1,12.5,0,0,0,0,0,0,0,0,0,0,0,0,0,0
"13057","5","561491","78","0","2023","4","N",1,0,0,0,0,0,0,0,"N",1.82,0,0,0,0,0,0,0,"N",0,0.0,0,0,0,0,0,0,0,0,0,0,0,0,0,0
"13057","5","561492","78","0","2023","4","-",0,0,0,0,0,0,0,0,"N",0.00,0,0,0,0,0,0,0,"N",-1,-100.0,0,0,0,0,0,0,0,0,0,0,0,0,0,0
"13057","5","561499","78","0","2023","4","",8,13,14,15,262460,39339,655,1442,"",0.81,0.31,0.33,0.35,0.38,0.77,0.87,1.15,"",2,33.3,6,85.7,6,75.0,8,114.3,83165,46.4,23383,146.5,554,548.5,-439,-23.3
"13057","5","5615","76","0","2023","4","",9,28,28,28,365944,21173,130,1005,"",0.62,0.32,0.32,0.32,0.23,0.21,0.11,0.73,"",-3,-25.0,-7,-20.0,-5,-15.2,-2,-6.7,-27651,-7.0,-13756,-39.4,-275,-67.9,78,8.4
"13057","5","56151","77","0","2023","4","",6,22,22,21,296793,18113,129,1054,"",0.69,0.60,0.60,0.57,0.46,0.45,0.26,0.77,"",-3,-33.3,-6,-21.4,-4,-15.4,-2,-8.7,-42292,-12.5,-11245,-38.3,-274,-68.0,38,3.7
"13057","5","561510","78","0","2023","4","",6,22,22,21,296793,18113,129,1054,"",0.69,0.60,0.60,0.57,0.46,0.45,0.26,0.77,"",-3,-33.3,-6,-21.4,-4,-15.4,-2,-8.7,-42292,-12.5,-11245,-38.3,-274,-68.0,38,3.7
"13057","5","56152","77","0","2023","4","N",2,0,0,0,0,0,0,0,"N",0.91,0,0,0,0,0,0,0,"N",0,0.0,0,0,0,0,0,0,0,0,0,0,0,0,0,0
"13057","5","561520","78","0","2023","4","N",2,0,0,0,0,0,0,0,"N",0.91,0,0,0,0,0,0,0,"N",0,0.0,0,0,0,0,0,0,0,0,0,0,0,0,0,0
"13057","5","56159","77","0","2023","4","N",1,0,0,0,0,0,0,0,"N",0.27,0,0,0,0,0,0,0,"N",0,0.0,0,0,0,0,0,0,0,0,0,0,0,0,0,0
"13057","5","561591","78","0","2023","4","N",1,0,0,0,0,0,0,0,"N",1.52,0,0,0,0,0,0,0,"N",0,0.0,0,0,0,0,0,0,0,0,0,0,0,0,0,0
"13057","5","5616","76","0","2023","4","",20,140,145,136,2118530,161386,2893,1161,"",0.78,0.29,0.30,0.28,0.50,0.21,0.30,1.74,"",-4,-16.7,40,40.0,47,48.0,48,54.5,994308,88.4,26871,20.0,647,28.8,254,28.0
"13057","5","56161","77","0","2023","4","",7,59,62,48,640956,95973,2048,875,"",0.45,0.14,0.15,0.12,0.21,0.14,0.24,1.51,"",-3,-30.0,1,1.7,6,10.7,3,6.7,142826,28.7,-3166,-3.2,-99,-4.6,152,21.0
"13057","5","561611","78","0","2023","4","N",3,0,0,0,0,0,0,0,"N",0.80,0,0,0,0,0,0,0,"N",-3,-50.0,0,0,0,0,0,0,0,0,0,0,0,0,0,0
"13057","5","561612","78","0","2023","4","N",4,0,0,0,0,0,0,0,"N",0.36,0,0,0,0,0,0,0,"N",0,0.0,0,0,0,0,0,0,0,0,0,0,0,0,0,0
"13057","5","56162","77","0","2023","4","",13,81,83,88,1477574,65413,845,1353,"",1.31,1.08,1.10,1.17,1.30,0.77,0.95,1.16,"",-1,-7.1,39,92.9,41,97.6,45,104.7,851482,136.0,30037,84.9,746,753.5,215,18.9
"13057","5","561621","78","0","2023","4","N",11,0,0,0,0,0,0,0,"N",1.53,0,0,0,0,0,0,0,"N",0,0.0,0,0,0,0,0,0,0,0,0,0,0,0,0,0
"13057","5","561622","78","0","2023","4","N",2,0,0,0,0,0,0,0,"N",0.72,0,0,0,0,0,0,0,"N",-1,-33.3,0,0,0,0,0,0,0,0,0,0,0,0,0,0
"13057","5","5617","76","0","2023","4","",234,1985,1933,1945,24982550,2393008,28259,983,"",1.43,1.82,1.81,1.90,2.90,1.48,1.33,1.57,"",-16,-6.4,97,5.1,79,4.3,119,6.5,2157145,9.5,177878,8.0,1879,7.1,37,3.9
"13057","5","56171","77","0","2023","4","",28,355,350,349,5157412,399479,7894,1129,"",2.45,5.03,5.06,5.10,6.99,5.17,10.01,1.38,"",2,7.7,-11,-3.0,-15,-4.1,-4,-1.1,-86540,-1.7,-31283,-7.3,-705,-8.2,13,1.2
"13057","5","561710","78","0","2023","4","",28,355,350,349,5157412,399479,7894,1129,"",2.45,5.03,5.06,5.10,6.99,5.17,10.01,1.38,"",2,7.7,-11,-3.0,-15,-4.1,-4,-1.1,-86540,-1.7,-31283,-7.3,-705,-8.2,13,1.2
"13057","5","56172","77","0","2023","4","",48,436,435,447,3680708,702632,2590,644,"",0.88,0.86,0.86,0.88,1.16,0.90,0.32,1.34,"",-2,-4.0,56,14.7,50,13.0,58,14.9,469518,14.6,-109340,-13.5,-4630,-64.1,2,0.3
"13057","5","561720","78","0","2023","4","",48,436,435,447,3680708,702632,2590,644,"",0.88,0.86,0.86,0.88,1.16,0.90,0.32,1.34,"",-2,-4.0,56,14.7,50,13.0,58,14.9,469518,14.6,-109340,-13.5,-4630,-64.1,2,0.3
"13057","5","56173","77","0","2023","4","",132,1083,1062,1037,14755932,1044360,13302,1070,"",1.65,2.45,2.51,2.71,3.67,1.59,1.23,1.44,"",-18,-12.0,42,4.0,52,5.1,50,5.1,1565961,11.9,165505,18.8,4004,43.1,68,6.8
"13057","5","561730","78","0","2023","4","",132,1083,1062,1037,14755932,1044360,13302,1070,"",1.65,2.45,2.51,2.71,3.67,1.59,1.23,1.44,"",-18,-12.0,42,4.0,52,5.1,50,5.1,1565961,11.9,165505,18.8,4004,43.1,68,6.8
"13057","5","56174","77","0","2023","4","N",4,0,0,0,0,0,0,0,"N",0.86,0,0,0,0,0,0,0,"N",-1,-20.0,0,0,0,0,0,0,0,0,0,0,0,0,0,0
"13057","5","561740","78","0","2023","4","N",4,0,0,0,0,0,0,0,"N",0.86,0,0,0,0,0,0,0,"N",-1,-20.0,0,0,0,0,0,0,0,0,0,0,0,0,0,0
"13057","5","56179","77","0","2023","4","N",22,0,0,0,0,0,0,0,"N",1.64,0,0,0,0,0,0,0,"N",3,15.8,0,0,0,0,0,0,0,0,0,0,0,0,0,0
"13057","5","561790","78","0","2023","4","N",22,0,0,0,0,0,0,0,"N",1.64,0,0,0,0,0,0,0,"N",3,15.8,0,0,0,0,0,0,0,0,0,0,0,0,0,0
"13057","5","5619","76","0","2023","4","",28,334,340,323,4294594,319598,1998,994,"",1.29,2.05,2.12,2.04,2.24,1.28,0.52,1.08,"",1,3.7,-2,-0.6,-3,-0.9,-4,-1.2,107459,2.6,-150555,-32.0,-3093,-60.8,34,3.5
"13057","5","56191","77","0","2023","4","N",2,0,0,0,0,0,0,0,"N",1.01,0,0,0,0,0,0,0,"N",0,0.0,0,0,0,0,0,0,0,0,0,0,0,0,0,0
"13057","5","561910","78","0","2023","4","N",2,0,0,0,0,0,0,0,"N",1.01,0,0,0,0,0,0,0,"N",0,0.0,0,0,0,0,0,0,0,0,0,0,0,0,0,0
"13057","5","56192","77","0","2023","4","N",8,0,0,0,0,0,0,0,"N",1.57,0,0,0,0,0,0,0,"N",0,0.0,0,0,0,0,0,0,0,0,0,0,0,0,0,0
"13057","5","561920","78","0","2023","4","N",8,0,0,0,0,0,0,0,"N",1.57,0,0,0,0,0,0,0,"N",0,0.0,0,0,0,0,0,0,0,0,0,0,0,0,0,0
"13057","5","56199","77","0","2023","4","",18,300,307,290,3857339,298649,1908,992,"",1.23,2.87,2.97,2.83,3.26,1.86,0.82,1.13,"",1,5.9,-1,-0.3,0,0.0,1,0.3,112764,3.0,-121992,-29.0,-2120,-52.6,29,3.0
"13057","5","561990","78","0","2023","4","",18,300,307,290,3857339,298649,1908,992,"",1.23,2.87,2.97,2.83,3.26,1.86,0.82,1.13,"",1,5.9,-1,-0.3,0,0.0,1,0.3,112764,3.0,-121992,-29.0,-2120,-52.6,29,3.0
"13057","5","562","75","0","2023","4","",34,384,410,414,7171328,549824,3191,1370,"",1.44,1.61,1.73,1.74,2.07,1.80,0.83,1.22,"",0,0.0,17,4.6,49,13.6,52,14.4,1528935,27.1,-33822,-5.8,-514,-13.9,175,14.6
"13057","5","5621","76","0","2023","4","",13,230,230,236,4011931,302797,1299,1330,"",1.43,2.28,2.28,2.33,2.95,2.45,1.00,1.29,"",0,0.0,12,5.5,15,7.0,24,11.3,622462,18.4,-50635,-14.3,-54,-4.0,117,9.6
"13057","5","56211","77","0","2023","4","",13,230,230,236,4011931,302797,1299,1330,"",1.43,2.28,2.28,2.33,2.95,2.45,1.00,1.29,"",0,0.0,12,5.5,15,7.0,24,11.3,622462,18.4,-50635,-14.3,-54,-4.0,117,9.6
"13057","5","562111","78","0","2023","4","N",12,0,0,0,0,0,0,0,"N",1.71,0,0,0,0,0,0,0,"N",0,0.0,0,0,0,0,0,0,0,0,0,0,0,0,0,0
"13057","5","562119","78","0","2023","4","N",1,0,0,0,0,0,0,0,"N",0.64,0,0,0,0,0,0,0,"N",0,0.0,0,0,0,0,0,0,0,0,0,0,0,0,0,0
"13057","5","5622","76","0","2023","4","",10,82,81,79,1561117,67085,474,1489,"",3.28,1.61,1.59,1.55,1.86,1.36,0.93,1.17,"",2,25.0,14,20.6,15,22.7,11,16.2,471953,43.3,-27029,-28.7,-285,-37.5,245,19.7
"13057","5","56221","77","0","2023","4","",10,82,81,79,1561117,67085,474,1489,"",3.28,1.61,1.59,1.55,1.86,1.36,0.93,1.17,"",2,25.0,14,20.6,15,22.7,11,16.2,471953,43.3,-27029,-28.7,-285,-37.5,245,19.7
"13057","5","562211","78","0","2023","4","N",3,0,0,0,0,0,0,0,"N",3.33,0,0,0,0,0,0,0,"N",0,0.0,0,0,0,0,0,0,0,0,0,0,0,0,0,0
"13057","5","562212","78","0","2023","4","N",6,0,0,0,0,0,0,0,"N",5.33,0,0,0,0,0,0,0,"N",1,20.0,0,0,0,0,0,0,0,0,0,0,0,0,0,0
"13057","5","562219","78","0","2023","4","N",1,0,0,0,0,0,0,0,"N",1.11,0,0,0,0,0,0,0,"N",1,100.0,0,0,0,0,0,0,0,0,0,0,0,0,0,0
"13057","5","5629","76","0","2023","4","",11,72,99,99,1598280,179942,1418,1366,"",0.96,0.84,1.15,1.15,1.26,1.36,0.69,1.21,"",-2,-15.4,-9,-11.1,19,23.8,17,20.7,434520,37.3,43842,32.2,-175,-11.0,261,23.6
"13057","5","56291","77","0","2023","4","",7,35,36,36,683470,29994,701,1474,"",1.23,0.75,0.77,0.77,0.90,0.39,0.52,1.18,"N",0,0.0,0,0,0,0,0,0,0,0,0,0,0,0,0,0
"13057","5","562910","78","0","2023","4","",7,35,36,36,683470,29994,701,1474,"",1.23,0.75,0.77,0.77,0.90,0.39,0.52,1.18,"N",0,0.0,0,0,0,0,0,0,0,0,0,0,0,0,0,0
"13057","5","56299","77","0","2023","4","",4,37,63,63,914810,149948,717,1295,"",0.87,1.35,2.31,2.32,2.57,3.73,1.43,1.29,"",-1,-20.0,-20,-35.1,5,8.6,4,6.8,156659,20.7,53117,54.9,151,26.7,289,28.7
"13057","5","562991","78","0","2023","4","N",1,0,0,0,0,0,0,0,"N",0.34,0,0,0,0,0,0,0,"N",0,0.0,0,0,0,0,0,0,0,0,0,0,0,0,0,0
"13057","5","562998","78","0","2023","4","N",3,0,0,0,0,0,0,0,"N",1.78,0,0,0,0,0,0,0,"N",-1,-25.0,0,0,0,0,0,0,0,0,0,0,0,0,0,0
"13057","5","61","74","0","2023","4","",110,1211,1213,1161,9316067,826539,8645,600,"",1.02,0.79,0.78,0.76,0.52,0.86,0.84,0.67,"",11,11.1,119,10.9,123,11.3,103,9.7,1326576,16.6,142404,20.8,3608,71.6,31,5.4
"13057","5","611","75","0","2023","4","",110,1211,1213,1161,9316067,826539,8645,600,"",1.02,0.79,0.78,0.76,0.52,0.86,0.84,0.67,"",11,11.1,119,10.9,123,11.3,103,9.7,1326576,16.6,142404,20.8,3608,71.6,31,5.4
"13057","5","6111","76","0","2023","4","",10,430,438,419,3201401,168446,828,574,"",0.71,0.93,0.94,0.90,0.70,0.51,0.27,0.76,"",1,11.1,77,21.8,82,23.0,70,20.1,900165,39.1,3206,1.9,-255,-23.5,72,14.3
"13057","5","61111","77","0","2023","4","",10,430,438,419,3201401,168446,828,574,"",0.71,0.93,0.94,0.90,0.70,0.51,0.27,0.76,"",1,11.1,77,21.8,82,23.0,70,20.1,900165,39.1,3206,1.9,-255,-23.5,72,14.3
"13057","5","611110","78","0","2023","4","",10,430,438,419,3201401,168446,828,574,"",0.71,0.93,0.94,0.90,0.70,0.51,0.27,0.76,"",1,11.1,77,21.8,82,23.0,70,20.1,900165,39.1,3206,1.9,-255,-23.5,72,14.3
"13057","5","6112","76","0","2023","4","N",1,0,0,0,0,0,0,0,"N",1.45,0,0,0,0,0,0,0,"N",0,0.0,0,0,0,0,0,0,0,0,0,0,0,0,0,0
"13057","5","61121","77","0","2023","4","N",1,0,0,0,0,0,0,0,"N",1.45,0,0,0,0,0,0,0,"N",0,0.0,0,0,0,0,0,0,0,0,0,0,0,0,0,0
"13057","5","611210","78","0","2023","4","N",1,0,0,0,0,0,0,0,"N",1.45,0,0,0,0,0,0,0,"N",0,0.0,0,0,0,0,0,0,0,0,0,0,0,0,0,0
"13057","5","6113","76","0","2023","4","N",3,0,0,0,0,0,0,0,"N",0.33,0,0,0,0,0,0,0,"N",-1,-25.0,0,0,0,0,0,0,0,0,0,0,0,0,0,0
"13057","5","61131","77","0","2023","4","N",3,0,0,0,0,0,0,0,"N",0.33,0,0,0,0,0,0,0,"N",-1,-25.0,0,0,0,0,0,0,0,0,0,0,0,0,0,0
"13057","5","611310","78","0","2023","4","N",3,0,0,0,0,0,0,0,"N",0.33,0,0,0,0,0,0,0,"N",-1,-25.0,0,0,0,0,0,0,0,0,0,0,0,0,0,0
"13057","5","6114","76","0","2023","4","",13,16,16,10,183464,48804,259,1008,"",1.03,0.42,0.42,0.26,0.26,1.25,0.52,0.69,"",2,18.2,-4,-20.0,-4,-20.0,1,11.1,-73657,-28.6,153,0.3,-62,-19.3,-203,-16.8
"13057","5","61142","77","0","2023","4","",5,2,2,4,102194,19720,12,2948,"",1.77,0.20,0.20,0.40,0.50,1.95,0.09,1.87,"N",-1,-16.7,0,0,0,0,0,0,0,0,0,0,0,0,0,0
"13057","5","611420","78","0","2023","4","",5,2,2,4,102194,19720,12,2948,"",1.77,0.20,0.20,0.40,0.50,1.95,0.09,1.87,"N",-1,-16.7,0,0,0,0,0,0,0,0,0,0,0,0,0,0
"13057","5","61143","77","0","2023","4","",8,14,14,6,81270,29084,247,552,"",0.84,0.54,0.54,0.23,0.17,1.06,0.74,0.38,"N",3,60.0,0,0,0,0,0,0,0,0,0,0,0,0,0,0
"13057","5","611430","78","0","2023","4","",8,14,14,6,81270,29084,247,552,"",0.84,0.54,0.54,0.23,0.17,1.06,0.74,0.38,"N",3,60.0,0,0,0,0,0,0,0,0,0,0,0,0,0,0
"13057","5","6115","76","0","2023","4","",6,13,13,9,177229,25427,316,1169,"",0.76,0.22,0.22,0.15,0.26,0.33,0.34,1.32,"",1,20.0,-1,-7.1,-1,-7.1,-1,-10.0,12425,7.5,8119,46.9,-29,-8.4,168,16.8
"13057","5","61151","77","0","2023","4","",6,13,13,9,177229,25427,316,1169,"",0.76,0.22,0.22,0.15,0.26,0.33,0.34,1.32,"",1,20.0,-1,-7.1,-1,-7.1,-1,-10.0,12425,7.5,8119,46.9,-29,-8.4,168,16.8
"13057","5","611512","78","0","2023","4","N",3,0,0,0,0,0,0,0,"N",2.63,0,0,0,0,0,0,0,"N",0,0.0,0,0,0,0,0,0,0,0,0,0,0,0,0,0
"13057","5","611519","78","0","2023","4","N",3,0,0,0,0,0,0,0,"N",0.68,0,0,0,0,0,0,0,"N",1,50.0,0,0,0,0,0,0,0,0,0,0,0,0,0,0
"13057","5","6116","76","0","2023","4","",63,407,385,375,2067505,427139,3287,409,"",1.48,1.67,1.56,1.54,1.60,1.47,0.99,1.00,"",2,3.3,16,4.1,-14,-3.5,-19,-4.8,-14582,-0.7,-18556,-4.2,2,0.1,3,0.7
"13057","5","61161","77","0","2023","4","",13,94,91,81,387941,114316,459,337,"",1.26,1.59,1.52,1.39,1.48,1.74,0.64,0.99,"",-1,-7.1,3,3.3,1,1.1,-3,-3.6,13599,3.6,90,0.1,112,32.3,11,3.4
"13057","5","611610","78","0","2023","4","",13,94,91,81,387941,114316,459,337,"",1.26,1.59,1.52,1.39,1.48,1.74,0.64,0.99,"",-1,-7.1,3,3.3,1,1.1,-3,-3.6,13599,3.6,90,0.1,112,32.3,11,3.4
"13057","5","61162","77","0","2023","4","",34,200,199,212,912976,183477,1452,345,"",2.50,2.47,2.44,2.60,2.45,1.93,1.46,0.98,"",2,6.2,-10,-4.8,-15,-7.0,-2,-0.9,-42727,-4.5,-45100,-19.7,-1145,-44.1,-1,-0.3
"13057","5","611620","78","0","2023","4","",34,200,199,212,912976,183477,1452,345,"",2.50,2.47,2.44,2.60,2.45,1.93,1.46,0.98,"",2,6.2,-10,-4.8,-15,-7.0,-2,-0.9,-42727,-4.5,-45100,-19.7,-1145,-44.1,-1,-0.3
"13057","5","61169","77","0","2023","4","",16,113,95,82,766588,129346,1376,610,"",0.92,1.19,0.99,0.86,1.25,1.09,0.94,1.24,"",1,6.7,23,25.6,0,0.0,-14,-14.6,14546,1.9,26454,25.7,1035,303.5,-8,-1.3
"13057","5","611691","78","0","2023","4","",11,94,72,58,351864,103874,1307,362,"",1.47,1.91,1.43,1.16,1.20,1.78,1.71,0.80,"",2,22.2,27,40.3,2,2.9,-13,-18.3,86517,32.6,17851,20.8,1188,998.3,68,23.1
"13057","5","611692","78","0","2023","4","N",3,0,0,0,0,0,0,0,"N",1.66,0,0,0,0,0,0,0,"N",0,0.0,0,0,0,0,0,0,0,0,0,0,0,0,0,0
"13057","5","611699","78","0","2023","4","N",2,0,0,0,0,0,0,0,"N",0.25,0,0,0,0,0,0,0,"N",-1,-33.3,0,0,0,0,0,0,0,0,0,0,0,0,0,0
"13057","5","6117","76","0","2023","4","",14,45,68,66,471598,122178,3178,608,"",0.68,0.47,0.70,0.68,0.38,1.00,1.98,0.62,"N",6,75.0,0,0,0,0,0,0,0,0,0,0,0,0,0,0
"13057","5","61171","77","0","2023","4","",14,45,68,66,471598,122178,3178,608,"",0.68,0.47,0.70,0.68,0.38,1.00,1.98,0.62,"N",6,75.0,0,0,0,0,0,0,0,0,0,0,0,0,0,0
"13057","5","611710","78","0","2023","4","",14,45,68,66,471598,122178,3178,608,"",0.68,0.47,0.70,0.68,0.38,1.00,1.98,0.62,"N",6,75.0,0,0,0,0,0,0,0,0,0,0,0,0,0,0
"13057","5","62","74","0","2023","4","",680,9427,9500,9582,150839379,8918014,111084,1221,"",0.54,0.92,0.92,0.93,1.20,0.93,1.10,1.30,"",20,3.0,924,10.9,910,10.6,1098,12.9,33923560,29.0,173295,2.0,9092,8.9,166,15.7
"13057","5","621","75","0","2023","4","",497,3836,3834,3871,75745515,4122526,51213,1515,"",1.06,0.95,0.94,0.94,1.25,0.91,1.09,1.33,"",11,2.3,367,10.6,368,10.6,479,14.1,10955408,16.9,32728,0.8,4923,10.6,67,4.6
"13057","5","6211","76","0","2023","4","",152,1266,1262,1277,30864191,1034001,12070,1872,"",0.98,0.91,0.90,0.91,1.01,0.81,0.96,1.11,"",4,2.7,129,11.3,119,10.4,149,13.2,5162323,20.1,-46793,-4.3,3635,43.1,132,7.6
"13057","5","62111","77","0","2023","4","",152,1266,1262,1277,30864191,1034001,12070,1872,"",0.98,0.91,0.90,0.91,1.01,0.81,0.96,1.11,"",4,2.7,129,11.3,119,10.4,149,13.2,5162323,20.1,-46793,-4.3,3635,43.1,132,7.6
"13057","5","621111","78","0","2023","4","N",150,0,0,0,0,0,0,0,"N",1.03,0,0,0,0,0,0,0,"N",5,3.4,0,0,0,0,0,0,0,0,0,0,0,0,0,0
"13057","5","621112","78","0","2023","4","N",2,0,0,0,0,0,0,0,"N",0.20,0,0,0,0,0,0,0,"N",-1,-33.3,0,0,0,0,0,0,0,0,0,0,0,0,0,0
"13057","5","6212","76","0","2023","4","",97,1067,1057,1048,21941069,1249489,13045,1596,"",1.09,2.18,2.15,2.12,3.46,1.77,1.98,1.61,"",-4,-4.0,57,5.6,34,3.3,63,6.4,2856286,15.0,-244974,-16.4,-8687,-40.0,137,9.4
"13057","5","62121","77","0","2023","4","",97,1067,1057,1048,21941069,1249489,13045,1596,"",1.09,2.18,2.15,2.12,3.46,1.77,1.98,1.61,"",-4,-4.0,57,5.6,34,3.3,63,6.4,2856286,15.0,-244974,-16.4,-8687,-40.0,137,9.4
"13057","5","621210","78","0","2023","4","",97,1067,1057,1048,21941069,1249489,13045,1596,"",1.09,2.18,2.15,2.12,3.46,1.77,1.98,1.61,"",-4,-4.0,57,5.6,34,3.3,63,6.4,2856286,15.0,-244974,-16.4,-8687,-40.0,137,9.4
"13057","5","6213","76","0","2023","4","",155,879,876,908,10118922,1372075,19031,877,"",1.22,1.57,1.55,1.60,1.79,1.67,2.19,1.14,"",6,4.0,114,14.9,122,16.2,174,23.7,1574898,18.4,167255,13.9,5552,41.2,2,0.2
"13057","5","62131","77","0","2023","4","",53,225,225,229,2200801,267772,3327,748,"",2.05,3.22,3.22,3.27,3.74,2.48,3.56,1.16,"",-5,-8.6,21,10.3,19,9.2,47,25.8,282976,14.8,-53275,-16.6,-694,-17.3,0,0.0
"13057","5","621310","78","0","2023","4","",53,225,225,229,2200801,267772,3327,748,"",2.05,3.22,3.22,3.27,3.74,2.48,3.56,1.16,"",-5,-8.6,21,10.3,19,9.2,47,25.8,282976,14.8,-53275,-16.6,-694,-17.3,0,0.0
"13057","5","62132","77","0","2023","4","",13,64,65,69,728385,45105,952,849,"",0.94,0.89,0.90,0.95,0.97,0.45,1.15,1.06,"",-1,-7.1,0,0.0,4,6.6,1,1.5,84781,13.2,-48284,-51.7,-548,-36.5,79,10.3
"13057","5","621320","78","0","2023","4","",13,64,65,69,728385,45105,952,849,"",0.94,0.89,0.90,0.95,0.97,0.45,1.15,1.06,"",-1,-7.1,0,0.0,4,6.6,1,1.5,84781,13.2,-48284,-51.7,-548,-36.5,79,10.3
"13057","5","62133","77","0","2023","4","",25,125,119,131,1392383,148762,2558,857,"",0.93,1.21,1.13,1.24,1.37,0.86,1.15,1.15,"",5,25.0,88,237.8,89,296.7,99,309.4,993755,249.3,88361,146.3,1423,125.4,-72,-7.8
"13057","5","621330","78","0","2023","4","",25,125,119,131,1392383,148762,2558,857,"",0.93,1.21,1.13,1.24,1.37,0.86,1.15,1.15,"",5,25.0,88,237.8,89,296.7,99,309.4,993755,249.3,88361,146.3,1423,125.4,-72,-7.8
"13057","5","62134","77","0","2023","4","",37,397,399,411,5007842,877688,11786,957,"",1.13,1.75,1.74,1.79,2.25,2.88,3.78,1.27,"",6,19.4,49,14.1,46,13.0,58,16.4,835030,20.0,240580,37.8,6587,126.7,43,4.7
"13057","5","621340","78","0","2023","4","",37,397,399,411,5007842,877688,11786,957,"",1.13,1.75,1.74,1.79,2.25,2.88,3.78,1.27,"",6,19.4,49,14.1,46,13.0,58,16.4,835030,20.0,240580,37.8,6587,126.7,43,4.7
"13057","5","62139","77","0","2023","4","",27,68,68,68,789511,32748,408,893,"",0.96,0.77,0.76,0.75,0.74,0.24,0.26,0.98,"",1,3.8,-44,-39.3,-36,-34.6,-31,-31.3,-621644,-44.1,-60127,-64.7,-1216,-74.9,-141,-13.6
"13057","5","621391","78","0","2023","4","N",4,0,0,0,0,0,0,0,"N",0.91,0,0,0,0,0,0,0,"N",0,0.0,0,0,0,0,0,0,0,0,0,0,0,0,0,0
"13057","5","621399","78","0","2023","4","N",23,0,0,0,0,0,0,0,"N",0.97,0,0,0,0,0,0,0,"N",1,4.5,0,0,0,0,0,0,0,0,0,0,0,0,0,0
"13057","5","6214","76","0","2023","4","",35,379,386,389,7335587,188968,2282,1467,"",1.06,0.74,0.75,0.75,0.93,0.47,0.53,1.25,"",10,40.0,45,13.5,63,19.5,65,20.1,868191,13.4,58585,44.9,1537,206.3,-54,-3.6
"13057","5","62141","77","0","2023","4","N",2,0,0,0,0,0,0,0,"N",1.05,0,0,0,0,0,0,0,"N",0,0.0,0,0,0,0,0,0,0,0,0,0,0,0,0,0
"13057","5","621410","78","0","2023","4","N",2,0,0,0,0,0,0,0,"N",1.05,0,0,0,0,0,0,0,"N",0,0.0,0,0,0,0,0,0,0,0,0,0,0,0,0,0
"13057","5","62142","77","0","2023","4","N",11,0,0,0,0,0,0,0,"N",1.03,0,0,0,0,0,0,0,"N",3,37.5,0,0,0,0,0,0,0,0,0,0,0,0,0,0
"13057","5","621420","78","0","2023","4","N",11,0,0,0,0,0,0,0,"N",1.03,0,0,0,0,0,0,0,"N",3,37.5,0,0,0,0,0,0,0,0,0,0,0,0,0,0
"13057","5","62149","77","0","2023","4","",22,337,346,346,6926881,150177,1923,1553,"",1.08,0.94,0.96,0.95,1.11,0.57,0.72,1.17,"",7,46.7,59,21.2,67,24.0,65,23.1,947757,15.9,51367,52.0,1554,421.1,-94,-5.7
"13057","5","621491","78","0","2023","4","N",2,0,0,0,0,0,0,0,"N",1.04,0,0,0,0,0,0,0,"N",0,0.0,0,0,0,0,0,0,0,0,0,0,0,0,0,0
"13057","5","621492","78","0","2023","4","",4,41,43,45,714194,50769,196,1278,"",0.76,0.67,0.70,0.73,0.83,0.79,0.39,1.19,"",0,0.0,-2,-4.7,2,4.9,1,2.3,65589,10.1,-12002,-19.1,-106,-35.1,109,9.3
"13057","5","621493","78","0","2023","4","",9,231,235,235,4752933,73515,1365,1565,"",1.52,2.75,2.77,2.74,3.97,0.78,1.38,1.44,"N",5,125.0,0,0,0,0,0,0,0,0,0,0,0,0,0,0
"13057","5","621498","78","0","2023","4","N",7,0,0,0,0,0,0,0,"N",0.96,0,0,0,0,0,0,0,"N",2,40.0,0,0,0,0,0,0,0,0,0,0,0,0,0,0
"13057","5","6215","76","0","2023","4","",34,99,101,99,2530758,32914,213,1953,"",1.77,0.67,0.68,0.67,1.15,0.21,0.13,1.71,"N",-6,-15.0,0,0,0,0,0,0,0,0,0,0,0,0,0,0
"13057","5","62151","77","0","2023","4","",34,99,101,99,2530758,32914,213,1953,"",1.77,0.67,0.68,0.67,1.15,0.21,0.13,1.71,"N",-6,-15.0,0,0,0,0,0,0,0,0,0,0,0,0,0,0
"13057","5","621511","78","0","2023","4","",30,87,87,85,2292030,19994,73,2042,"",2.07,0.80,0.80,0.78,1.46,0.18,0.06,1.84,"",-5,-14.3,6,7.4,7,8.8,5,6.2,47904,2.1,-14426,-41.9,-232,-76.1,-107,-5.0
"13057","5","621512","78","0","2023","4","",4,12,14,14,238728,12920,140,1377,"",0.84,0.30,0.35,0.35,0.38,0.32,0.29,1.12,"N",-1,-20.0,0,0,0,0,0,0,0,0,0,0,0,0,0,0
"13057","5","6216","76","0","2023","4","",20,144,143,139,2873795,212755,3699,1557,"",0.61,0.18,0.18,0.17,0.48,0.22,0.32,2.69,"",0,0.0,17,13.4,16,12.6,13,10.3,403291,16.3,82631,63.5,2225,150.9,57,3.8
"13057","5","62161","77","0","2023","4","",20,144,143,139,2873795,212755,3699,1557,"",0.61,0.18,0.18,0.17,0.48,0.22,0.32,2.69,"",0,0.0,17,13.4,16,12.6,13,10.3,403291,16.3,82631,63.5,2225,150.9,57,3.8
"13057","5","621610","78","0","2023","4","",20,144,143,139,2873795,212755,3699,1557,"",0.61,0.18,0.18,0.17,0.48,0.22,0.32,2.69,"",0,0.0,17,13.4,16,12.6,13,10.3,403291,16.3,82631,63.5,2225,150.9,57,3.8
"13057","5","6219","76","0","2023","4","",4,2,9,11,81193,32324,873,852,"",0.30,0.01,0.05,0.07,0.04,0.17,0.44,0.90,"N",1,33.3,0,0,0,0,0,0,0,0,0,0,0,0,0,0
"13057","5","62191","77","0","2023","4","N",1,0,0,0,0,0,0,0,"N",0.26,0,0,0,0,0,0,0,"N",0,0.0,0,0,0,0,0,0,0,0,0,0,0,0,0,0
"13057","5","621910","78","0","2023","4","N",1,0,0,0,0,0,0,0,"N",0.26,0,0,0,0,0,0,0,"N",0,0.0,0,0,0,0,0,0,0,0,0,0,0,0,0,0
"13057","5","62199","77","0","2023","4","N",3,0,0,0,0,0,0,0,"N",0.31,0,0,0,0,0,0,0,"N",1,50.0,0,0,0,0,0,0,0,0,0,0,0,0,0,0
"13057","5","621999","78","0","2023","4","N",3,0,0,0,0,0,0,0,"N",0.37,0,0,0,0,0,0,0,"N",1,50.0,0,0,0,0,0,0,0,0,0,0,0,0,0,0
"13057","5","622","75","0","2023","4","N",3,0,0,0,0,0,0,0,"N",0.30,0,0,0,0,0,0,0,"N",0,0.0,0,0,0,0,0,0,0,0,0,0,0,0,0,0
"13057","5","6221","76","0","2023","4","N",2,0,0,0,0,0,0,0,"N",0.28,0,0,0,0,0,0,0,"N",0,0.0,0,0,0,0,0,0,0,0,0,0,0,0,0,0
"13057","5","62211","77","0","2023","4","N",2,0,0,0,0,0,0,0,"N",0.28,0,0,0,0,0,0,0,"N",0,0.0,0,0,0,0,0,0,0,0,0,0,0,0,0,0
"13057","5","622110","78","0","2023","4","N",2,0,0,0,0,0,0,0,"N",0.28,0,0,0,0,0,0,0,"N",0,0.0,0,0,0,0,0,0,0,0,0,0,0,0,0,0
"13057","5","6222","76","0","2023","4","N",1,0,0,0,0,0,0,0,"N",1.00,0,0,0,0,0,0,0,"N",0,0.0,0,0,0,0,0,0,0,0,0,0,0,0,0,0
"13057","5","62221","77","0","2023","4","N",1,0,0,0,0,0,0,0,"N",1.00,0,0,0,0,0,0,0,"N",0,0.0,0,0,0,0,0,0,0,0,0,0,0,0,0,0
"13057","5","622210","78","0","2023","4","N",1,0,0,0,0,0,0,0,"N",1.00,0,0,0,0,0,0,0,"N",0,0.0,0,0,0,0,0,0,0,0,0,0,0,0,0,0
"13057","5","623","75","0","2023","4","N",33,0,0,0,0,0,0,0,"N",0.56,0,0,0,0,0,0,0,"N",1,3.1,0,0,0,0,0,0,0,0,0,0,0,0,0,0
"13057","5","6231","76","0","2023","4","",12,317,338,416,4223390,885495,19918,910,"",0.92,0.46,0.49,0.60,0.68,0.93,2.16,1.32,"",3,33.3,26,8.9,54,19.0,134,47.5,823666,24.2,206399,30.4,5752,40.6,-5,-0.5
"13057","5","62311","77","0","2023","4","",12,317,338,416,4223390,885495,19918,910,"",0.92,0.46,0.49,0.60,0.68,0.93,2.16,1.32,"",3,33.3,26,8.9,54,19.0,134,47.5,823666,24.2,206399,30.4,5752,40.6,-5,-0.5
"13057","5","623110","78","0","2023","4","",12,317,338,416,4223390,885495,19918,910,"",0.92,0.46,0.49,0.60,0.68,0.93,2.16,1.32,"",3,33.3,26,8.9,54,19.0,134,47.5,823666,24.2,206399,30.4,5752,40.6,-5,-0.5
"13057","5","6232","76","0","2023","4","N",1,0,0,0,0,0,0,0,"N",0.04,0,0,0,0,0,0,0,"N",0,0.0,0,0,0,0,0,0,0,0,0,0,0,0,0,0
"13057","5","62322","77","0","2023","4","N",1,0,0,0,0,0,0,0,"N",0.16,0,0,0,0,0,0,0,"N",0,0.0,0,0,0,0,0,0,0,0,0,0,0,0,0,0
"13057","5","623220","78","0","2023","4","N",1,0,0,0,0,0,0,0,"N",0.16,0,0,0,0,0,0,0,"N",0,0.0,0,0,0,0,0,0,0,0,0,0,0,0,0,0
"13057","5","6233","76","0","2023","4","",18,569,575,564,5242609,1023826,14530,708,"",0.95,1.26,1.26,1.22,1.57,1.50,2.11,1.26,"",-2,-10.0,-63,-10.0,-84,-12.7,-73,-11.5,-90708,-1.7,60247,6.3,1683,13.1,70,11.0
"13057","5","62331","77","0","2023","4","",18,569,575,564,5242609,1023826,14530,708,"",0.95,1.26,1.26,1.22,1.57,1.50,2.11,1.26,"",-2,-10.0,-63,-10.0,-84,-12.7,-73,-11.5,-90708,-1.7,60247,6.3,1683,13.1,70,11.0
"13057","5","623311","78","0","2023","4","N",3,0,0,0,0,0,0,0,"N",0.64,0,0,0,0,0,0,0,"N",0,0.0,0,0,0,0,0,0,0,0,0,0,0,0,0,0
"13057","5","623312","78","0","2023","4","N",15,0,0,0,0,0,0,0,"N",1.06,0,0,0,0,0,0,0,"N",-2,-11.8,0,0,0,0,0,0,0,0,0,0,0,0,0,0
"13057","5","6239","76","0","2023","4","N",2,0,0,0,0,0,0,0,"N",0.41,0,0,0,0,0,0,0,"N",0,0.0,0,0,0,0,0,0,0,0,0,0,0,0,0,0
"13057","5","62399","77","0","2023","4","N",2,0,0,0,0,0,0,0,"N",0.41,0,0,0,0,0,0,0,"N",0,0.0,0,0,0,0,0,0,0,0,0,0,0,0,0,0
"13057","5","623990","78","0","2023","4","N",2,0,0,0,0,0,0,0,"N",0.41,0,0,0,0,0,0,0,"N",0,0.0,0,0,0,0,0,0,0,0,0,0,0,0,0,0
"13057","5","624","75","0","2023","4","",147,1847,1862,1838,15164293,2619948,22734,631,"",0.20,0.87,0.87,0.86,1.11,1.03,0.74,1.29,"",8,5.8,306,19.9,307,19.7,289,18.7,3128540,26.0,17145,0.7,2084,10.1,33,5.5
"13057","5","6241","76","0","2023","4","",89,655,674,630,5915026,899616,6948,697,"",0.14,0.46,0.47,0.44,0.68,0.55,0.33,1.49,"",4,4.7,172,35.6,186,38.1,155,32.6,1714217,40.8,332739,58.7,-2045,-22.7,27,4.0
"13057","5","62411","77","0","2023","4","",6,19,17,17,136145,1595,52,593,"",0.66,0.18,0.16,0.16,0.15,0.02,0.05,0.91,"",0,0.0,-6,-24.0,-8,-32.0,-9,-34.6,-19013,-12.3,-24705,-93.9,-280,-84.3,122,25.9
"13057","5","624110","78","0","2023","4","",6,19,17,17,136145,1595,52,593,"",0.66,0.18,0.16,0.16,0.15,0.02,0.05,0.91,"",0,0.0,-6,-24.0,-8,-32.0,-9,-34.6,-19013,-12.3,-24705,-93.9,-280,-84.3,122,25.9
"13057","5","62412","77","0","2023","4","",55,502,520,476,3775219,784330,5166,582,"",0.09,0.47,0.48,0.44,0.68,0.60,0.31,1.49,"",5,10.0,179,55.4,192,58.5,162,51.6,1648333,77.5,364828,87.0,-1260,-19.6,73,14.3
"13057","5","624120","78","0","2023","4","",55,502,520,476,3775219,784330,5166,582,"",0.09,0.47,0.48,0.44,0.68,0.60,0.31,1.49,"",5,10.0,179,55.4,192,58.5,162,51.6,1648333,77.5,364828,87.0,-1260,-19.6,73,14.3
"13057","5","62419","77","0","2023","4","",28,134,137,137,2003662,113691,1730,1133,"",0.98,0.56,0.56,0.56,0.88,0.45,0.53,1.57,"",-1,-3.4,-1,-0.7,2,1.5,2,1.5,84897,4.4,-7384,-6.1,-505,-22.6,40,3.7
"13057","5","624190","78","0","2023","4","",28,134,137,137,2003662,113691,1730,1133,"",0.98,0.56,0.56,0.56,0.88,0.45,0.53,1.57,"",-1,-3.4,-1,-0.7,2,1.5,2,1.5,84897,4.4,-7384,-6.1,-505,-22.6,40,3.7
"13057","5","6242","76","0","2023","4","N",3,0,0,0,0,0,0,0,"N",0.32,0,0,0,0,0,0,0,"N",0,0.0,0,0,0,0,0,0,0,0,0,0,0,0,0,0
"13057","5","62421","77","0","2023","4","N",1,0,0,0,0,0,0,0,"N",0.38,0,0,0,0,0,0,0,"N",0,0.0,0,0,0,0,0,0,0,0,0,0,0,0,0,0
"13057","5","624210","78","0","2023","4","N",1,0,0,0,0,0,0,0,"N",0.38,0,0,0,0,0,0,0,"N",0,0.0,0,0,0,0,0,0,0,0,0,0,0,0,0,0
"13057","5","62422","77","0","2023","4","N",1,0,0,0,0,0,0,0,"N",0.20,0,0,0,0,0,0,0,"N",0,0.0,0,0,0,0,0,0,0,0,0,0,0,0,0,0
"13057","5","624229","78","0","2023","4","N",1,0,0,0,0,0,0,0,"N",0.44,0,0,0,0,0,0,0,"N",0,0.0,0,0,0,0,0,0,0,0,0,0,0,0,0,0
"13057","5","62423","77","0","2023","4","N",1,0,0,0,0,0,0,0,"N",0.59,0,0,0,0,0,0,0,"N",0,0.0,0,0,0,0,0,0,0,0,0,0,0,0,0,0
"13057","5","624230","78","0","2023","4","N",1,0,0,0,0,0,0,0,"N",0.59,0,0,0,0,0,0,0,"N",0,0.0,0,0,0,0,0,0,0,0,0,0,0,0,0,0
"13057","5","6243","76","0","2023","4","N",6,0,0,0,0,0,0,0,"N",0.95,0,0,0,0,0,0,0,"N",0,0.0,0,0,0,0,0,0,0,0,0,0,0,0,0,0
"13057","5","62431","77","0","2023","4","N",6,0,0,0,0,0,0,0,"N",0.95,0,0,0,0,0,0,0,"N",0,0.0,0,0,0,0,0,0,0,0,0,0,0,0,0,0
"13057","5","624310","78","0","2023","4","N",6,0,0,0,0,0,0,0,"N",0.95,0,0,0,0,0,0,0,"N",0,0.0,0,0,0,0,0,0,0,0,0,0,0,0,0,0
"13057","5","6244","76","0","2023","4","",49,1004,999,1012,7333133,1683836,15360,561,"",0.96,2.19,2.16,2.18,2.57,2.34,2.00,1.18,"",4,8.9,81,8.8,74,8.0,90,9.8,1127890,18.2,-205662,-10.9,3998,35.2,44,8.5
"13057","5","62441","77","0","2023","4","",49,1004,999,1012,7333133,1683836,15360,561,"",0.96,2.19,2.16,2.18,2.57,2.34,2.00,1.18,"",4,8.9,81,8.8,74,8.0,90,9.8,1127890,18.2,-205662,-10.9,3998,35.2,44,8.5
"13057","5","624410","78","0","2023","4","",49,1004,999,1012,7333133,1683836,15360,561,"",0.96,2.19,2.16,2.18,2.57,2.34,2.00,1.18,"",4,8.9,81,8.8,74,8.0,90,9.8,1127890,18.2,-205662,-10.9,3998,35.2,44,8.5
"13057","5","71","74","0","2023","4","",123,1719,1551,1543,12161683,1829928,16407,583,"",1.03,1.45,1.36,1.35,0.96,1.27,0.84,0.69,"",-6,-4.7,152,9.7,36,2.4,141,10.1,1906658,18.6,-141676,-7.2,-2093,-11.3,55,10.4
"13057","5","711","75","0","2023","4","N",36,0,0,0,0,0,0,0,"N",0.69,0,0,0,0,0,0,0,"N",3,9.1,0,0,0,0,0,0,0,0,0,0,0,0,0,0
"13057","5","7111","76","0","2023","4","N",5,0,0,0,0,0,0,0,"N",0.60,0,0,0,0,0,0,0,"N",0,0.0,0,0,0,0,0,0,0,0,0,0,0,0,0,0
"13057","5","71111","77","0","2023","4","N",2,0,0,0,0,0,0,0,"N",0.76,0,0,0,0,0,0,0,"N",0,0.0,0,0,0,0,0,0,0,0,0,0,0,0,0,0
"13057","5","711110","78","0","2023","4","N",2,0,0,0,0,0,0,0,"N",0.76,0,0,0,0,0,0,0,"N",0,0.0,0,0,0,0,0,0,0,0,0,0,0,0,0,0
"13057","5","71112","77","0","2023","4","N",1,0,0,0,0,0,0,0,"N",1.03,0,0,0,0,0,0,0,"N",0,0.0,0,0,0,0,0,0,0,0,0,0,0,0,0,0
"13057","5","711120","78","0","2023","4","N",1,0,0,0,0,0,0,0,"N",1.03,0,0,0,0,0,0,0,"N",0,0.0,0,0,0,0,0,0,0,0,0,0,0,0,0,0
"13057","5","71113","77","0","2023","4","N",1,0,0,0,0,0,0,0,"N",0.25,0,0,0,0,0,0,0,"N",-1,-50.0,0,0,0,0,0,0,0,0,0,0,0,0,0,0
"13057","5","711130","78","0","2023","4","N",1,0,0,0,0,0,0,0,"N",0.25,0,0,0,0,0,0,0,"N",-1,-50.0,0,0,0,0,0,0,0,0,0,0,0,0,0,0
"13057","5","71119","77","0","2023","4","N",1,0,0,0,0,0,0,0,"N",1.17,0,0,0,0,0,0,0,"N",1,100.0,0,0,0,0,0,0,0,0,0,0,0,0,0,0
"13057","5","711190","78","0","2023","4","N",1,0,0,0,0,0,0,0,"N",1.17,0,0,0,0,0,0,0,"N",1,100.0,0,0,0,0,0,0,0,0,0,0,0,0,0,0
"13057","5","7112","76","0","2023","4","",12,96,70,74,422917,111308,1219,407,"",2.16,1.31,1.02,1.12,0.14,1.32,1.28,0.12,"N",1,9.1,0,0,0,0,0,0,0,0,0,0,0,0,0,0
"13057","5","71121","77","0","2023","4","",12,96,70,74,422917,111308,1219,407,"",2.16,1.31,1.02,1.12,0.14,1.32,1.28,0.12,"N",1,9.1,0,0,0,0,0,0,0,0,0,0,0,0,0,0
"13057","5","711211","78","0","2023","4","",6,7,7,10,244663,26275,709,2353,"",2.55,0.14,0.15,0.22,0.09,0.45,1.13,0.54,"N",1,20.0,0,0,0,0,0,0,0,0,0,0,0,0,0,0
"13057","5","711212","78","0","2023","4","N",1,0,0,0,0,0,0,0,"N",2.01,0,0,0,0,0,0,0,"N",0,0.0,0,0,0,0,0,0,0,0,0,0,0,0,0,0
"13057","5","711219","78","0","2023","4","N",5,0,0,0,0,0,0,0,"N",1.85,0,0,0,0,0,0,0,"N",0,0.0,0,0,0,0,0,0,0,0,0,0,0,0,0,0
"13057","5","7113","76","0","2023","4","N",4,0,0,0,0,0,0,0,"N",0.56,0,0,0,0,0,0,0,"N",1,33.3,0,0,0,0,0,0,0,0,0,0,0,0,0,0
"13057","5","71131","77","0","2023","4","N",3,0,0,0,0,0,0,0,"N",0.98,0,0,0,0,0,0,0,"N",1,50.0,0,0,0,0,0,0,0,0,0,0,0,0,0,0
"13057","5","711310","78","0","2023","4","N",3,0,0,0,0,0,0,0,"N",0.98,0,0,0,0,0,0,0,"N",1,50.0,0,0,0,0,0,0,0,0,0,0,0,0,0,0
"13057","5","71132","77","0","2023","4","N",1,0,0,0,0,0,0,0,"N",0.24,0,0,0,0,0,0,0,"N",0,0.0,0,0,0,0,0,0,0,0,0,0,0,0,0,0
"13057","5","711320","78","0","2023","4","N",1,0,0,0,0,0,0,0,"N",0.24,0,0,0,0,0,0,0,"N",0,0.0,0,0,0,0,0,0,0,0,0,0,0,0,0,0
"13057","5","7115","76","0","2023","4","",15,24,22,29,529253,42277,404,1628,"",0.57,0.78,0.73,0.93,0.32,0.66,0.39,0.39,"",1,7.1,6,33.3,5,29.4,9,45.0,74821,16.5,21560,104.1,-153,-27.5,-279,-14.6
"13057","5","71151","77","0","2023","4","",15,24,22,29,529253,42277,404,1628,"",0.57,0.78,0.73,0.93,0.32,0.66,0.39,0.39,"",1,7.1,6,33.3,5,29.4,9,45.0,74821,16.5,21560,104.1,-153,-27.5,-279,-14.6
"13057","5","711510","78","0","2023","4","",15,24,22,29,529253,42277,404,1628,"",0.57,0.78,0.73,0.93,0.32,0.66,0.39,0.39,"",1,7.1,6,33.3,5,29.4,9,45.0,74821,16.5,21560,104.1,-153,-27.5,-279,-14.6
"13057","5","712","75","0","2023","4","N",2,0,0,0,0,0,0,0,"N",0.40,0,0,0,0,0,0,0,"N",0,0.0,0,0,0,0,0,0,0,0,0,0,0,0,0,0
"13057","5","7121","76","0","2023","4","N",2,0,0,0,0,0,0,0,"N",0.40,0,0,0,0,0,0,0,"N",0,0.0,0,0,0,0,0,0,0,0,0,0,0,0,0,0
"13057","5","71211","77","0","2023","4","N",1,0,0,0,0,0,0,0,"N",0.29,0,0,0,0,0,0,0,"N",0,0.0,0,0,0,0,0,0,0,0,0,0,0,0,0,0
"13057","5","712110","78","0","2023","4","N",1,0,0,0,0,0,0,0,"N",0.29,0,0,0,0,0,0,0,"N",0,0.0,0,0,0,0,0,0,0,0,0,0,0,0,0,0
"13057","5","71213","77","0","2023","4","N",1,0,0,0,0,0,0,0,"N",1.70,0,0,0,0,0,0,0,"N",0,0.0,0,0,0,0,0,0,0,0,0,0,0,0,0,0
"13057","5","712130","78","0","2023","4","N",1,0,0,0,0,0,0,0,"N",1.70,0,0,0,0,0,0,0,"N",0,0.0,0,0,0,0,0,0,0,0,0,0,0,0,0,0
"13057","5","713","75","0","2023","4","",85,1415,1284,1303,9184968,1472807,13137,530,"",1.35,1.70,1.61,1.62,1.91,1.48,1.04,1.16,"",-9,-9.6,134,10.5,46,3.7,141,12.1,769653,9.1,-213756,-12.7,-2695,-17.0,2,0.4
"13057","5","7131","76","0","2023","4","N",2,0,0,0,0,0,0,0,"N",0.75,0,0,0,0,0,0,0,"N",-2,-50.0,0,0,0,0,0,0,0,0,0,0,0,0,0,0
"13057","5","71312","77","0","2023","4","N",2,0,0,0,0,0,0,0,"N",1.10,0,0,0,0,0,0,0,"N",-1,-33.3,0,0,0,0,0,0,0,0,0,0,0,0,0,0
"13057","5","713120","78","0","2023","4","N",2,0,0,0,0,0,0,0,"N",1.10,0,0,0,0,0,0,0,"N",-1,-33.3,0,0,0,0,0,0,0,0,0,0,0,0,0,0
"13057","5","7139","76","0","2023","4","N",83,0,0,0,0,0,0,0,"N",1.45,0,0,0,0,0,0,0,"N",-7,-7.8,0,0,0,0,0,0,0,0,0,0,0,0,0,0
"13057","5","71391","77","0","2023","4","",13,573,542,553,4126643,525970,3501,571,"",1.79,2.87,3.00,3.23,3.18,2.25,0.94,1.05,"",0,0.0,119,26.2,88,19.4,141,34.2,923988,28.9,36474,7.5,758,27.6,11,2.0
"13057","5","713910","78","0","2023","4","",13,573,542,553,4126643,525970,3501,571,"",1.79,2.87,3.00,3.23,3.18,2.25,0.94,1.05,"",0,0.0,119,26.2,88,19.4,141,34.2,923988,28.9,36474,7.5,758,27.6,11,2.0
"13057","5","71393","77","0","2023","4","N",2,0,0,0,0,0,0,0,"N",0.76,0,0,0,0,0,0,0,"N",0,0.0,0,0,0,0,0,0,0,0,0,0,0,0,0,0
"13057","5","713930","78","0","2023","4","N",2,0,0,0,0,0,0,0,"N",0.76,0,0,0,0,0,0,0,"N",0,0.0,0,0,0,0,0,0,0,0,0,0,0,0,0,0
"13057","5","71394","77","0","2023","4","",48,573,557,550,3395244,655961,6621,466,"",1.66,2.00,1.94,1.89,2.84,2.06,1.80,1.46,"",-7,-12.7,39,7.3,28,5.3,55,11.1,251351,8.0,-87196,-11.7,-2295,-25.7,0,0.0
"13057","5","713940","78","0","2023","4","",48,573,557,550,3395244,655961,6621,466,"",1.66,2.00,1.94,1.89,2.84,2.06,1.80,1.46,"",-7,-12.7,39,7.3,28,5.3,55,11.1,251351,8.0,-87196,-11.7,-2295,-25.7,0,0.0
"13057","5","71395","77","0","2023","4","",3,90,84,96,600529,131659,95,513,"",1.34,2.81,2.57,2.86,3.85,2.66,0.18,1.40,"",0,0.0,-9,-9.1,-16,-16.0,-4,-4.0,-1499,-0.2,-39927,-23.3,27,39.7,48,10.3
"13057","5","713950","78","0","2023","4","",3,90,84,96,600529,131659,95,513,"",1.34,2.81,2.57,2.86,3.85,2.66,0.18,1.40,"",0,0.0,-9,-9.1,-16,-16.0,-4,-4.0,-1499,-0.2,-39927,-23.3,27,39.7,48,10.3
"13057","5","71399","77","0","2023","4","",17,123,63,66,721646,112970,1842,661,"",1.06,1.06,0.60,0.64,1.19,0.70,0.95,1.54,"",0,0.0,-6,-4.7,-30,-32.3,-32,-32.7,-387868,-35.0,-63631,-36.0,-436,-19.1,-139,-17.4
"13057","5","713990","78","0","2023","4","",17,123,63,66,721646,112970,1842,661,"",1.06,1.06,0.60,0.64,1.19,0.70,0.95,1.54,"",0,0.0,-6,-4.7,-30,-32.3,-32,-32.7,-387868,-35.0,-63631,-36.0,-436,-19.1,-139,-17.4
"13057","5","72","74","0","2023","4","",473,9463,9447,9510,55706889,14985481,166886,452,"",0.92,1.43,1.43,1.44,1.53,1.44,1.52,1.07,"",-6,-1.3,271,2.9,153,1.6,53,0.6,2278374,4.3,-686728,-4.4,-3429,-2.0,11,2.5
"13057","5","721","75","0","2023","4","",23,245,253,248,1540300,454843,8533,476,"",0.45,0.28,0.29,0.28,0.22,0.29,0.48,0.78,"",2,9.5,37,17.8,57,29.1,51,25.9,404630,35.6,143327,46.0,3694,76.3,40,9.2
"13057","5","7211","76","0","2023","4","",23,245,253,248,1540300,454843,8533,476,"",0.52,0.29,0.30,0.29,0.23,0.29,0.49,0.78,"",2,9.5,37,17.8,57,29.1,51,25.9,404630,35.6,143327,46.0,3694,76.3,40,9.2
"13057","5","72111","77","0","2023","4","",23,245,253,248,1540300,454843,8533,476,"",0.57,0.34,0.35,0.35,0.28,0.39,0.62,0.80,"",2,9.5,37,17.8,57,29.1,51,25.9,404630,35.6,143327,46.0,3694,76.3,40,9.2
"13057","5","721110","78","0","2023","4","",23,245,253,248,1540300,454843,8533,476,"",0.57,0.34,0.35,0.35,0.28,0.39,0.62,0.80,"",2,9.5,37,17.8,57,29.1,51,25.9,404630,35.6,143327,46.0,3694,76.3,40,9.2
"13057","5","722","75","0","2023","4","",450,9218,9194,9262,54166589,14530638,158353,452,"",0.97,1.61,1.60,1.61,1.84,1.65,1.72,1.15,"",-8,-1.7,234,2.6,96,1.1,2,0.0,1873744,3.6,-830055,-5.4,-7123,-4.3,11,2.5
"13057","5","7223","76","0","2023","4","",22,170,175,168,1498177,330326,5452,674,"",0.67,0.45,0.48,0.46,0.58,0.54,0.42,1.24,"",4,22.2,53,45.3,65,59.1,62,58.5,580565,63.3,196593,147.0,3271,150.0,38,6.0
"13057","5","72231","77","0","2023","4","",11,78,83,87,755033,157084,1332,703,"",0.66,0.29,0.31,0.33,0.39,0.35,0.13,1.25,"N",1,10.0,0,0,0,0,0,0,0,0,0,0,0,0,0,0
"13057","5","722310","78","0","2023","4","",11,78,83,87,755033,157084,1332,703,"",0.66,0.29,0.31,0.33,0.39,0.35,0.13,1.25,"N",1,10.0,0,0,0,0,0,0,0,0,0,0,0,0,0,0
"13057","5","72232","77","0","2023","4","N",9,0,0,0,0,0,0,0,"N",1.00,0,0,0,0,0,0,0,"N",2,28.6,0,0,0,0,0,0,0,0,0,0,0,0,0,0
"13057","5","722320","78","0","2023","4","N",9,0,0,0,0,0,0,0,"N",1.00,0,0,0,0,0,0,0,"N",2,28.6,0,0,0,0,0,0,0,0,0,0,0,0,0,0
"13057","5","72233","77","0","2023","4","N",2,0,0,0,0,0,0,0,"N",0.27,0,0,0,0,0,0,0,"N",1,100.0,0,0,0,0,0,0,0,0,0,0,0,0,0,0
"13057","5","722330","78","0","2023","4","N",2,0,0,0,0,0,0,0,"N",0.27,0,0,0,0,0,0,0,"N",1,100.0,0,0,0,0,0,0,0,0,0,0,0,0,0,0
"13057","5","7224","76","0","2023","4","",10,138,131,139,888063,195291,2922,502,"",0.36,0.69,0.66,0.71,0.90,0.62,0.79,1.32,"",1,11.1,-22,-13.8,-10,-7.1,-7,-4.8,-110357,-11.1,-170095,-46.6,-954,-24.6,-13,-2.5
"13057","5","72241","77","0","2023","4","",10,138,131,139,888063,195291,2922,502,"",0.36,0.69,0.66,0.71,0.90,0.62,0.79,1.32,"",1,11.1,-22,-13.8,-10,-7.1,-7,-4.8,-110357,-11.1,-170095,-46.6,-954,-24.6,-13,-2.5
"13057","5","722410","78","0","2023","4","",10,138,131,139,888063,195291,2922,502,"",0.36,0.69,0.66,0.71,0.90,0.62,0.79,1.32,"",1,11.1,-22,-13.8,-10,-7.1,-7,-4.8,-110357,-11.1,-170095,-46.6,-954,-24.6,-13,-2.5
"13057","5","7225","76","0","2023","4","",418,8910,8888,8955,51780349,14005021,149979,447,"",1.04,1.72,1.72,1.73,2.00,1.78,1.98,1.16,"",-13,-3.0,203,2.3,41,0.5,-53,-0.6,1403536,2.8,-856553,-5.8,-9440,-5.9,9,2.1
"13057","5","72251","77","0","2023","4","",418,8910,8888,8955,51780349,14005021,149979,447,"",1.04,1.72,1.72,1.73,2.00,1.78,1.98,1.16,"",-13,-3.0,203,2.3,41,0.5,-53,-0.6,1403536,2.8,-856553,-5.8,-9440,-5.9,9,2.1
"13057","5","722511","78","0","2023","4","",185,4413,4380,4433,28849356,6861275,68736,503,"",1.07,1.75,1.74,1.75,2.03,1.76,1.70,1.16,"",-8,-4.1,96,2.2,-16,-0.4,-20,-0.4,1069553,3.9,-137832,-2.0,-9453,-12.1,16,3.3
"13057","5","722513","78","0","2023","4","",171,3704,3714,3730,18808914,5951193,68206,389,"",0.99,1.70,1.70,1.71,1.99,1.83,2.45,1.17,"",-5,-2.8,45,1.2,7,0.2,-92,-2.4,-111282,-0.6,-648895,-9.8,3074,4.7,-1,-0.3
"13057","5","722514","78","0","2023","4","N",4,0,0,0,0,0,0,0,"N",1.16,0,0,0,0,0,0,0,"N",1,33.3,0,0,0,0,0,0,0,0,0,0,0,0,0,0
"13057","5","722515","78","0","2023","4","N",58,0,0,0,0,0,0,0,"N",1.09,0,0,0,0,0,0,0,"N",-1,-1.7,0,0,0,0,0,0,0,0,0,0,0,0,0,0
"13057","5","81","74","0","2023","4","",497,2446,2468,2361,27567267,3337921,47918,874,"",0.86,1.12,1.13,1.08,1.27,1.27,1.63,1.15,"",13,2.7,358,17.1,347,16.4,331,16.3,3661970,15.3,440523,15.2,5978,14.3,-10,-1.1
"13057","5","811","75","0","2023","4","",209,1074,1074,1089,16235074,1406369,20907,1157,"",1.30,1.56,1.56,1.58,2.05,1.51,2.08,1.31,"",-12,-5.4,105,10.8,105,10.8,116,11.9,2532646,18.5,-34224,-2.4,-2615,-11.1,71,6.5
"13057","5","8111","76","0","2023","4","",155,857,853,861,12327872,1244569,19046,1107,"",1.37,1.77,1.76,1.77,2.49,1.83,2.79,1.41,"",-7,-4.3,123,16.8,116,15.7,119,16.0,2167642,21.3,-60217,-4.6,-3112,-14.0,48,4.5
"13057","5","81111","77","0","2023","4","",81,441,434,439,7010108,565916,9670,1231,"",1.29,2.12,2.08,2.10,3.10,2.00,3.42,1.48,"",-4,-4.7,98,28.6,82,23.3,82,23.0,1892487,37.0,-34980,-5.8,1044,12.1,108,9.6
"13057","5","811111","78","0","2023","4","",73,423,415,420,6722788,524501,8813,1233,"",1.30,2.26,2.22,2.24,3.31,2.04,3.43,1.48,"",-2,-2.7,106,33.4,87,26.5,87,26.1,1986502,41.9,-51480,-8.9,556,6.7,115,10.3
"13057","5","811114","78","0","2023","4","",8,18,19,19,287320,41415,857,1184,"",1.17,0.84,0.89,0.89,1.25,1.55,3.38,1.43,"",-2,-20.0,-8,-30.8,-5,-20.8,-5,-20.8,-94015,-24.7,16500,66.2,488,132.2,-5,-0.4
"13057","5","81112","77","0","2023","4","",32,167,171,176,2965270,145341,410,1331,"",1.16,1.19,1.21,1.25,1.69,0.79,0.22,1.39,"",-4,-11.1,-18,-9.7,-16,-8.6,-7,-3.8,3059,0.1,17107,13.3,78,23.5,99,8.0
"13057","5","811121","78","0","2023","4","",27,159,163,168,2894596,145341,410,1363,"",1.16,1.30,1.33,1.36,1.84,0.92,0.25,1.39,"",-3,-10.0,1,0.6,3,1.9,11,7.0,295293,11.4,27875,23.7,129,45.9,100,7.9
"13057","5","811122","78","0","2023","4","",5,8,8,8,70674,0,0,680,"",1.13,0.44,0.44,0.44,0.38,0.00,0.00,0.87,"",-1,-16.7,-19,-70.4,-19,-70.4,-18,-69.2,-292234,-80.5,-10768,-100.0,-51,-100.0,-367,-35.1
"13057","5","81119","77","0","2023","4","",42,249,248,246,2352494,533312,8966,731,"",1.86,1.84,1.82,1.81,2.53,2.51,4.21,1.39,"",1,2.4,43,20.9,50,25.3,44,21.8,272096,13.1,-42344,-7.4,-4234,-32.1,-61,-7.7
"13057","5","811191","78","0","2023","4","",16,127,122,120,1449852,305564,3773,907,"",3.11,3.71,3.55,3.48,5.48,4.83,6.28,1.53,"",1,6.7,17,15.5,13,11.9,10,9.1,71364,5.2,13245,4.5,-3077,-44.9,-60,-6.2
"13057","5","811192","78","0","2023","4","",19,99,102,101,657226,197636,4558,502,"",1.50,1.14,1.17,1.16,1.25,1.52,3.48,1.08,"",1,5.6,26,35.6,35,52.2,30,42.3,245030,59.4,48696,32.7,1541,51.1,51,11.3
"13057","5","811198","78","0","2023","4","",7,23,24,25,245416,30112,635,787,"",1.45,1.60,1.67,1.73,1.75,1.53,2.93,1.05,"",-1,-12.5,0,0.0,2,9.1,4,19.0,-44298,-15.3,-104285,-77.6,-2698,-80.9,-226,-22.3
"13057","5","8112","76","0","2023","4","",18,72,70,71,1134101,44756,212,1229,"",1.68,1.44,1.40,1.41,1.50,0.88,0.36,1.06,"",-6,-25.0,-9,-11.1,-11,-13.6,-4,-5.3,-61304,-5.1,-16073,-26.4,-217,-50.6,65,5.6
"13057","5","81121","77","0","2023","4","",18,72,70,71,1134101,44756,212,1229,"",1.68,1.44,1.40,1.41,1.50,0.88,0.36,1.06,"",-6,-25.0,-9,-11.1,-11,-13.6,-4,-5.3,-61304,-5.1,-16073,-26.4,-217,-50.6,65,5.6
"13057","5","811210","78","0","2023","4","",18,72,70,71,1134101,44756,212,1229,"",1.68,1.44,1.40,1.41,1.50,0.88,0.36,1.06,"",-6,-25.0,-9,-11.1,-11,-13.6,-4,-5.3,-61304,-5.1,-16073,-26.4,-217,-50.6,65,5.6
"13057","5","8113","76","0","2023","4","",21,114,115,121,2386419,86109,1108,1573,"",1.02,0.99,1.02,1.07,1.31,0.58,0.54,1.27,"",-1,-4.5,-21,-15.6,-18,-13.5,-13,-9.7,275344,13.0,24352,39.4,418,60.6,361,29.8
"13057","5","81131","77","0","2023","4","",21,114,115,121,2386419,86109,1108,1573,"",1.02,0.99,1.02,1.07,1.31,0.58,0.54,1.27,"",-1,-4.5,-21,-15.6,-18,-13.5,-13,-9.7,275344,13.0,24352,39.4,418,60.6,361,29.8
"13057","5","811310","78","0","2023","4","",21,114,115,121,2386419,86109,1108,1573,"",1.02,0.99,1.02,1.07,1.31,0.58,0.54,1.27,"",-1,-4.5,-21,-15.6,-18,-13.5,-13,-9.7,275344,13.0,24352,39.4,418,60.6,361,29.8
"13057","5","8114","76","0","2023","4","",15,31,36,36,386682,30935,541,866,"",0.91,0.76,0.89,0.90,0.99,0.58,0.91,1.17,"",2,15.4,12,63.2,18,100.0,14,63.6,150964,64.0,17714,134.0,296,120.8,-56,-6.1
"13057","5","81141","77","0","2023","4","",8,16,21,22,251026,12681,259,982,"",1.48,1.13,1.48,1.57,1.75,0.69,1.26,1.25,"N",1,14.3,0,0,0,0,0,0,0,0,0,0,0,0,0,0
"13057","5","811411","78","0","2023","4","N",1,0,0,0,0,0,0,0,"N",0.75,0,0,0,0,0,0,0,"N",1,100.0,0,0,0,0,0,0,0,0,0,0,0,0,0,0
"13057","5","811412","78","0","2023","4","N",7,0,0,0,0,0,0,0,"N",1.72,0,0,0,0,0,0,0,"N",0,0.0,0,0,0,0,0,0,0,0,0,0,0,0,0,0
"13057","5","81142","77","0","2023","4","N",1,0,0,0,0,0,0,0,"N",0.43,0,0,0,0,0,0,0,"N",0,0.0,0,0,0,0,0,0,0,0,0,0,0,0,0,0
"13057","5","811420","78","0","2023","4","N",1,0,0,0,0,0,0,0,"N",0.43,0,0,0,0,0,0,0,"N",0,0.0,0,0,0,0,0,0,0,0,0,0,0,0,0,0
"13057","5","81149","77","0","2023","4","N",6,0,0,0,0,0,0,0,"N",0.72,0,0,0,0,0,0,0,"N",1,20.0,0,0,0,0,0,0,0,0,0,0,0,0,0,0
"13057","5","811490","78","0","2023","4","N",6,0,0,0,0,0,0,0,"N",0.72,0,0,0,0,0,0,0,"N",1,20.0,0,0,0,0,0,0,0,0,0,0,0,0,0,0
"13057","5","812","75","0","2023","4","",211,959,966,942,8440140,1425970,22533,679,"",1.23,1.31,1.31,1.28,1.61,1.40,2.03,1.24,"",14,7.1,186,24.1,161,20.0,140,17.5,1037305,14.0,367042,34.7,8474,60.3,-39,-5.4
"13057","5","8121","76","0","2023","4","",124,448,439,427,3685639,475148,6505,647,"",1.25,1.29,1.25,1.22,1.67,0.96,1.15,1.33,"",4,3.3,65,17.0,54,14.0,33,8.4,579033,18.6,54377,12.9,1676,34.7,30,4.9
"13057","5","81211","77","0","2023","4","",94,330,321,307,2836112,322718,3105,683,"",1.21,1.26,1.23,1.17,1.74,0.89,0.76,1.43,"",-1,-1.1,30,10.0,17,5.6,3,1.0,273184,10.7,7859,2.5,354,12.9,32,4.9
"13057","5","812111","78","0","2023","4","",4,30,26,24,234700,8560,55,677,"",0.78,1.86,1.60,1.48,2.01,0.33,0.20,1.22,"",0,0.0,-3,-9.1,-5,-16.1,-5,-17.2,-40925,-14.8,-3110,-26.6,1,1.9,-7,-1.0
"13057","5","812112","78","0","2023","4","",60,239,237,223,2100186,285829,2496,693,"",1.18,1.37,1.35,1.26,1.80,1.22,1.04,1.36,"",2,3.4,24,11.2,24,11.3,9,4.2,312856,17.5,27698,10.7,648,35.1,51,7.9
"13057","5","812113","78","0","2023","4","",30,61,58,60,501226,28329,554,646,"",1.39,0.86,0.83,0.86,1.44,0.27,0.40,1.70,"",-3,-9.1,9,17.3,-2,-3.3,-1,-1.6,1253,0.3,-16729,-37.1,-295,-34.7,-21,-3.1
"13057","5","81219","77","0","2023","4","",30,118,118,120,849527,152430,3400,551,"",1.38,1.35,1.34,1.36,1.46,1.16,2.16,1.08,"",5,20.0,35,42.2,37,45.7,30,33.3,305849,56.3,46518,43.9,1322,63.6,57,11.5
"13057","5","812191","78","0","2023","4","N",2,0,0,0,0,0,0,0,"N",1.15,0,0,0,0,0,0,0,"N",-2,-50.0,0,0,0,0,0,0,0,0,0,0,0,0,0,0
"13057","5","812199","78","0","2023","4","N",28,0,0,0,0,0,0,0,"N",1.40,0,0,0,0,0,0,0,"N",7,33.3,0,0,0,0,0,0,0,0,0,0,0,0,0,0
"13057","5","8122","76","0","2023","4","",9,58,60,61,682608,87125,583,880,"",0.76,0.90,0.93,0.94,1.12,1.41,1.05,1.22,"",1,12.5,8,16.0,12,25.0,11,22.0,66157,10.7,45381,108.7,307,111.2,-81,-8.4
"13057","5","81221","77","0","2023","4","N",8,0,0,0,0,0,0,0,"N",0.88,0,0,0,0,0,0,0,"N",1,14.3,0,0,0,0,0,0,0,0,0,0,0,0,0,0
"13057","5","812210","78","0","2023","4","N",8,0,0,0,0,0,0,0,"N",0.88,0,0,0,0,0,0,0,"N",1,14.3,0,0,0,0,0,0,0,0,0,0,0,0,0,0
"13057","5","81222","77","0","2023","4","N",1,0,0,0,0,0,0,0,"N",0.35,0,0,0,0,0,0,0,"N",0,0.0,0,0,0,0,0,0,0,0,0,0,0,0,0,0
"13057","5","812220","78","0","2023","4","N",1,0,0,0,0,0,0,0,"N",0.35,0,0,0,0,0,0,0,"N",0,0.0,0,0,0,0,0,0,0,0,0,0,0,0,0,0
"13057","5","8123","76","0","2023","4","",23,104,104,111,964454,108288,1845,698,"",1.26,0.85,0.85,0.90,0.97,0.64,1.16,1.11,"",0,0.0,14,15.6,6,6.1,15,15.6,105788,12.3,-76338,-41.3,-1883,-50.5,0,0.0
"13057","5","81231","77","0","2023","4","N",8,0,0,0,0,0,0,0,"N",1.24,0,0,0,0,0,0,0,"N",1,14.3,0,0,0,0,0,0,0,0,0,0,0,0,0,0
"13057","5","812310","78","0","2023","4","N",8,0,0,0,0,0,0,0,"N",1.24,0,0,0,0,0,0,0,"N",1,14.3,0,0,0,0,0,0,0,0,0,0,0,0,0,0
"13057","5","81232","77","0","2023","4","",14,47,46,49,397274,17081,19,646,"",1.41,1.08,1.06,1.12,1.52,0.29,0.04,1.40,"",-1,-6.7,4,9.3,1,2.2,3,6.5,14236,3.7,-19566,-53.4,-386,-95.3,-14,-2.1
"13057","5","812320","78","0","2023","4","",14,47,46,49,397274,17081,19,646,"",1.41,1.08,1.06,1.12,1.52,0.29,0.04,1.40,"",-1,-6.7,4,9.3,1,2.2,3,6.5,14236,3.7,-19566,-53.4,-386,-95.3,-14,-2.1
"13057","5","81233","77","0","2023","4","N",1,0,0,0,0,0,0,0,"N",0.54,0,0,0,0,0,0,0,"N",0,0.0,0,0,0,0,0,0,0,0,0,0,0,0,0,0
"13057","5","812331","78","0","2023","4","N",1,0,0,0,0,0,0,0,"N",1.06,0,0,0,0,0,0,0,"N",0,0.0,0,0,0,0,0,0,0,0,0,0,0,0,0,0
"13057","5","8129","76","0","2023","4","",55,349,363,343,3107439,755409,13600,680,"",1.31,1.77,1.83,1.72,2.18,2.59,4.13,1.23,"",9,19.6,99,39.6,89,32.5,81,30.9,286327,10.1,343622,83.4,8374,160.2,-148,-17.9
"13057","5","81291","77","0","2023","4","",28,240,250,238,1893275,424986,6569,600,"",1.63,2.73,2.81,2.66,3.72,3.09,4.75,1.36,"",1,3.7,80,50.0,78,45.3,68,40.0,212600,12.6,127146,42.7,2130,48.0,-173,-22.4
"13057","5","812910","78","0","2023","4","",28,240,250,238,1893275,424986,6569,600,"",1.63,2.73,2.81,2.66,3.72,3.09,4.75,1.36,"",1,3.7,80,50.0,78,45.3,68,40.0,212600,12.6,127146,42.7,2130,48.0,-173,-22.4
"13057","5","81293","77","0","2023","4","N",2,0,0,0,0,0,0,0,"N",0.39,0,0,0,0,0,0,0,"N",0,0.0,0,0,0,0,0,0,0,0,0,0,0,0,0,0
"13057","5","812930","78","0","2023","4","N",2,0,0,0,0,0,0,0,"N",0.39,0,0,0,0,0,0,0,"N",0,0.0,0,0,0,0,0,0,0,0,0,0,0,0,0,0
"13057","5","81299","77","0","2023","4","N",25,0,0,0,0,0,0,0,"N",1.30,0,0,0,0,0,0,0,"N",8,47.1,0,0,0,0,0,0,0,0,0,0,0,0,0,0
"13057","5","812990","78","0","2023","4","N",25,0,0,0,0,0,0,0,"N",1.30,0,0,0,0,0,0,0,"N",8,47.1,0,0,0,0,0,0,0,0,0,0,0,0,0,0
"13057","5","813","75","0","2023","4","",50,402,414,316,2649121,449246,3068,540,"",0.43,0.61,0.62,0.47,0.35,0.83,0.48,0.61,"",3,6.4,67,20.0,77,22.8,71,29.0,13932,0.5,61969,16.0,-1083,-26.1,-123,-18.6
"13057","5","8131","76","0","2023","4","",15,142,140,29,974472,243092,236,723,"",0.89,1.49,1.46,0.30,1.40,3.73,0.29,1.30,"",-1,-6.2,2,1.4,1,0.7,-18,-38.3,26905,2.8,38360,18.7,-137,-36.7,52,7.7
"13057","5","81311","77","0","2023","4","",15,142,140,29,974472,243092,236,723,"",0.89,1.49,1.46,0.30,1.40,3.73,0.29,1.30,"",-1,-6.2,2,1.4,1,0.7,-18,-38.3,26905,2.8,38360,18.7,-137,-36.7,52,7.7
"13057","5","813110","78","0","2023","4","",15,142,140,29,974472,243092,236,723,"",0.89,1.49,1.46,0.30,1.40,3.73,0.29,1.30,"",-1,-6.2,2,1.4,1,0.7,-18,-38.3,26905,2.8,38360,18.7,-137,-36.7,52,7.7
"13057","5","8132","76","0","2023","4","N",6,0,0,0,0,0,0,0,"N",0.40,0,0,0,0,0,0,0,"N",2,50.0,0,0,0,0,0,0,0,0,0,0,0,0,0,0
"13057","5","81321","77","0","2023","4","N",6,0,0,0,0,0,0,0,"N",0.40,0,0,0,0,0,0,0,"N",2,50.0,0,0,0,0,0,0,0,0,0,0,0,0,0,0
"13057","5","813211","78","0","2023","4","N",3,0,0,0,0,0,0,0,"N",0.40,0,0,0,0,0,0,0,"N",1,50.0,0,0,0,0,0,0,0,0,0,0,0,0,0,0
"13057","5","813212","78","0","2023","4","N",1,0,0,0,0,0,0,0,"N",0.29,0,0,0,0,0,0,0,"N",0,0.0,0,0,0,0,0,0,0,0,0,0,0,0,0,0
"13057","5","813219","78","0","2023","4","N",2,0,0,0,0,0,0,0,"N",0.51,0,0,0,0,0,0,0,"N",1,100.0,0,0,0,0,0,0,0,0,0,0,0,0,0,0
"13057","5","8133","76","0","2023","4","N",5,0,0,0,0,0,0,0,"N",0.22,0,0,0,0,0,0,0,"N",1,25.0,0,0,0,0,0,0,0,0,0,0,0,0,0,0
"13057","5","81331","77","0","2023","4","N",5,0,0,0,0,0,0,0,"N",0.22,0,0,0,0,0,0,0,"N",1,25.0,0,0,0,0,0,0,0,0,0,0,0,0,0,0
"13057","5","813311","78","0","2023","4","N",2,0,0,0,0,0,0,0,"N",0.45,0,0,0,0,0,0,0,"N",0,0.0,0,0,0,0,0,0,0,0,0,0,0,0,0,0
"13057","5","813319","78","0","2023","4","N",3,0,0,0,0,0,0,0,"N",0.24,0,0,0,0,0,0,0,"N",1,50.0,0,0,0,0,0,0,0,0,0,0,0,0,0,0
"13057","5","8134","76","0","2023","4","",6,137,141,160,268221,44500,746,141,"",0.33,0.85,0.86,0.97,0.29,0.44,0.65,0.33,"",1,20.0,47,52.2,51,56.7,68,73.9,-273067,-50.4,-33325,-42.8,-1378,-64.9,-318,-69.3
"13057","5","81341","77","0","2023","4","",6,137,141,160,268221,44500,746,141,"",0.33,0.85,0.86,0.97,0.29,0.44,0.65,0.33,"",1,20.0,47,52.2,51,56.7,68,73.9,-273067,-50.4,-33325,-42.8,-1378,-64.9,-318,-69.3
"13057","5","813410","78","0","2023","4","",6,137,141,160,268221,44500,746,141,"",0.33,0.85,0.86,0.97,0.29,0.44,0.65,0.33,"",1,20.0,47,52.2,51,56.7,68,73.9,-273067,-50.4,-33325,-42.8,-1378,-64.9,-318,-69.3
"13057","5","8139","76","0","2023","4","",18,81,89,86,890067,82275,1622,802,"",0.42,0.40,0.44,0.42,0.28,0.43,0.76,0.67,"",0,0.0,7,9.5,14,18.7,11,14.7,97504,12.3,14551,21.5,205,14.5,-15,-1.8
"13057","5","81391","77","0","2023","4","",9,37,42,38,361564,33886,174,713,"",0.64,0.67,0.75,0.68,0.32,0.72,0.36,0.46,"",2,28.6,-1,-2.6,4,10.5,0,0.0,47311,15.1,3096,10.1,-202,-53.7,77,12.1
"13057","5","813910","78","0","2023","4","",9,37,42,38,361564,33886,174,713,"",0.64,0.67,0.75,0.68,0.32,0.72,0.36,0.46,"",2,28.6,-1,-2.6,4,10.5,0,0.0,47311,15.1,3096,10.1,-202,-53.7,77,12.1
"13057","5","81392","77","0","2023","4","N",3,0,0,0,0,0,0,0,"N",0.39,0,0,0,0,0,0,0,"N",0,0.0,0,0,0,0,0,0,0,0,0,0,0,0,0,0
"13057","5","813920","78","0","2023","4","N",3,0,0,0,0,0,0,0,"N",0.39,0,0,0,0,0,0,0,"N",0,0.0,0,0,0,0,0,0,0,0,0,0,0,0,0,0
"13057","5","81394","77","0","2023","4","N",2,0,0,0,0,0,0,0,"N",0.81,0,0,0,0,0,0,0,"N",-1,-33.3,0,0,0,0,0,0,0,0,0,0,0,0,0,0
"13057","5","813940","78","0","2023","4","N",2,0,0,0,0,0,0,0,"N",0.81,0,0,0,0,0,0,0,"N",-1,-33.3,0,0,0,0,0,0,0,0,0,0,0,0,0,0
"13057","5","81399","77","0","2023","4","N",4,0,0,0,0,0,0,0,"N",0.40,0,0,0,0,0,0,0,"N",0,0.0,0,0,0,0,0,0,0,0,0,0,0,0,0,0
"13057","5","813990","78","0","2023","4","N",4,0,0,0,0,0,0,0,"N",0.40,0,0,0,0,0,0,0,"N",0,0.0,0,0,0,0,0,0,0,0,0,0,0,0,0,0
"13057","5","814","75","0","2023","4","",27,11,14,14,242932,56336,1410,1437,"",0.21,0.11,0.14,0.14,0.31,0.38,0.75,2.33,"",8,42.1,0,0.0,4,40.0,4,40.0,78087,47.4,45736,431.5,1202,577.9,210,17.1
"13057","5","8141","76","0","2023","4","",27,11,14,14,242932,56336,1410,1437,"",0.21,0.11,0.14,0.14,0.31,0.38,0.75,2.33,"",8,42.1,0,0.0,4,40.0,4,40.0,78087,47.4,45736,431.5,1202,577.9,210,17.1
"13057","5","81411","77","0","2023","4","",27,11,14,14,242932,56336,1410,1437,"",0.21,0.11,0.14,0.14,0.31,0.38,0.75,2.33,"",8,42.1,0,0.0,4,40.0,4,40.0,78087,47.4,45736,431.5,1202,577.9,210,17.1
"13057","5","814110","78","0","2023","4","",27,11,14,14,242932,56336,1410,1437,"",0.21,0.11,0.14,0.14,0.31,0.38,0.75,2.33,"",8,42.1,0,0.0,4,40.0,4,40.0,78087,47.4,45736,431.5,1202,577.9,210,17.1
"13057","5","99","74","0","2023","4","",1105,598,606,642,14948709,1726614,43916,1869,"",4.96,4.58,4.50,4.63,6.57,4.40,5.45,1.44,"",-49,-4.2,-94,-13.6,-98,-13.9,-105,-14.1,-2420078,-13.9,-444343,-20.5,-12311,-21.9,-1,-0.1
"13057","5","999","75","0","2023","4","",1105,598,606,642,14948709,1726614,43916,1869,"",4.96,4.58,4.50,4.63,6.57,4.40,5.45,1.44,"",-49,-4.2,-94,-13.6,-98,-13.9,-105,-14.1,-2420078,-13.9,-444343,-20.5,-12311,-21.9,-1,-0.1
"13057","5","9999","76","0","2023","4","",1105,598,606,642,14948709,1726614,43916,1869,"",4.96,4.58,4.50,4.63,6.57,4.40,5.45,1.44,"",-49,-4.2,-94,-13.6,-98,-13.9,-105,-14.1,-2420078,-13.9,-444343,-20.5,-12311,-21.9,-1,-0.1
"13057","5","99999","77","0","2023","4","",1105,598,606,642,14948709,1726614,43916,1869,"",4.96,4.58,4.50,4.63,6.57,4.40,5.45,1.44,"",-49,-4.2,-94,-13.6,-98,-13.9,-105,-14.1,-2420078,-13.9,-444343,-20.5,-12311,-21.9,-1,-0.1
"13057","5","999999","78","0","2023","4","",1105,598,606,642,14948709,1726614,43916,1869,"",4.96,4.58,4.50,4.63,6.57,4.40,5.45,1.44,"",-49,-4.2,-94,-13.6,-98,-13.9,-105,-14.1,-2420078,-13.9,-444343,-20.5,-12311,-21.9,-1,-0.1
