"area_fips","own_code","industry_code","agglvl_code","size_code","year","qtr","disclosure_code","qtrly_estabs","month1_emplvl","month2_emplvl","month3_emplvl","total_qtrly_wages","taxable_qtrly_wages","qtrly_contributions","avg_wkly_wage","lq_disclosure_code","lq_qtrly_estabs","lq_month1_emplvl","lq_month2_emplvl","lq_month3_emplvl","lq_total_qtrly_wages","lq_taxable_qtrly_wages","lq_qtrly_contributions","lq_avg_wkly_wage","oty_disclosure_code","oty_qtrly_estabs_chg","oty_qtrly_estabs_pct_chg","oty_month1_emplvl_chg","oty_month1_emplvl_pct_chg","oty_month2_emplvl_chg","oty_month2_emplvl_pct_chg","oty_month3_emplvl_chg","oty_month3_emplvl_pct_chg","oty_total_qtrly_wages_chg","oty_total_qtrly_wages_pct_chg","oty_taxable_qtrly_wages_chg","oty_taxable_qtrly_wages_pct_chg","oty_qtrly_contributions_chg","oty_qtrly_contributions_pct_chg","oty_avg_wkly_wage_chg","oty_avg_wkly_wage_pct_chg"
"13063","0","10","70","0","2023","4","",5434,131736,132259,132859,2342592135,129933642,1456126,1362,"",1.00,1.00,1.00,1.00,1.00,1.00,1.00,1.00,"",-166,-3.0,8534,6.9,8464,6.8,7984,6.4,258472514,12.4,-14525555,-10.1,-244629,-14.4,69,5.3
"13063","1","10","71","0","2023","4","",29,1685,1712,1711,38313366,0,0,1731,"",1.04,0.67,0.68,0.67,0.64,0.00,0.00,0.96,"",0,0.0,-34,-2.0,-81,-4.5,-70,-3.9,4051211,11.8,0,0.0,0,0.0,237,15.9
"13063","1","102","72","0","2023","4","",29,1685,1712,1711,38313366,0,0,1731,"",1.04,0.68,0.69,0.68,0.65,0.00,0.00,0.95,"",0,0.0,-34,-2.0,-81,-4.5,-70,-3.9,4051211,11.8,0,0.0,0,0.0,237,15.9
"13063","1","1021","73","0","2023","4","",13,808,836,832,13709251,0,0,1278,"",0.93,1.41,1.46,1.43,1.46,0.00,0.00,1.02,"",1,8.3,-36,-4.3,-69,-7.6,-63,-7.0,268324,2.0,0,0.0,0,0.0,105,9.0
"13063","1","1022","73","0","2023","4","",1,44,44,44,1029387,0,0,1800,"",15.14,7.77,7.71,7.69,7.48,0.00,0.00,0.97,"",0,0.0,4,10.0,4,10.0,4,10.0,162803,18.8,0,0.0,0,0.0,133,8.0
"13063","1","1024","73","0","2023","4","",1,7,7,7,191917,0,0,2109,"",1.51,0.11,0.11,0.11,0.13,0.00,0.00,1.09,"",0,0.0,2,40.0,2,40.0,1,16.7,61053,46.7,0,0.0,0,0.0,222,11.8
"13063","1","1028","73","0","2023","4","",14,826,825,828,23382811,0,0,2177,"",1.23,0.59,0.59,0.59,0.62,0.00,0.00,1.06,"",-1,-6.7,-4,-0.5,-18,-2.1,-12,-1.4,3559031,18.0,0,0.0,0,0.0,357,19.6
"13063","1","44-45","74","0","2023","4","",2,16,16,16,398129,0,0,1914,"",6.18,0.47,0.47,0.47,1.29,0.00,0.00,2.74,"",0,0.0,0,0.0,0,0.0,0,0.0,3908,1.0,0,0.0,0,0.0,19,1.0
"13063","1","449","75","0","2023","4","",2,16,16,16,398129,0,0,1914,"",70.16,11.13,11.13,11.19,66.31,0.00,0.00,5.95,"",0,0.0,0,0.0,0,0.0,0,0.0,3908,1.0,0,0.0,0,0.0,19,1.0
"13063","1","4492","76","0","2023","4","",2,16,16,16,398129,0,0,1914,"",552.51,12.83,12.84,12.79,90.35,0.00,0.00,7.05,"",0,0.0,0,0.0,0,0.0,0,0.0,3908,1.0,0,0.0,0,0.0,19,1.0
"13063","1","44921","77","0","2023","4","",2,16,16,16,398129,0,0,1914,"",552.51,12.83,12.84,12.79,90.35,0.00,0.00,7.05,"",0,0.0,0,0.0,0,0.0,0,0.0,3908,1.0,0,0.0,0,0.0,19,1.0
"13063","1","449210","78","0","2023","4","",2,16,16,16,398129,0,0,1914,"",552.51,12.83,12.84,12.79,90.35,0.00,0.00,7.05,"",0,0.0,0,0.0,0,0.0,0,0.0,3908,1.0,0,0.0,0,0.0,19,1.0
"13063","1","48-49","74","0","2023","4","",11,792,820,816,13311122,0,0,1265,"",0.81,1.50,1.55,1.52,1.55,0.00,0.00,1.02,"",1,10.0,-36,-4.3,-69,-7.8,-63,-7.2,264416,2.0,0,0.0,0,0.0,105,9.1
"13063","1","491","75","0","2023","4","",11,792,820,816,13311122,0,0,1265,"",0.82,1.54,1.59,1.55,1.63,0.00,0.00,1.05,"",1,10.0,-36,-4.3,-69,-7.8,-63,-7.2,264416,2.0,0,0.0,0,0.0,105,9.1
"13063","1","4911","76","0","2023","4","",11,792,820,816,13311122,0,0,1265,"",0.82,1.54,1.59,1.55,1.63,0.00,0.00,1.05,"",1,10.0,-36,-4.3,-69,-7.8,-63,-7.2,264416,2.0,0,0.0,0,0.0,105,9.1
"13063","1","49111","77","0","2023","4","",11,792,820,816,13311122,0,0,1265,"",0.82,1.54,1.59,1.55,1.63,0.00,0.00,1.05,"",1,10.0,-36,-4.3,-69,-7.8,-63,-7.2,264416,2.0,0,0.0,0,0.0,105,9.1
"13063","1","491110","78","0","2023","4","",11,792,820,816,13311122,0,0,1265,"",0.82,1.54,1.59,1.55,1.63,0.00,0.00,1.05,"",1,10.0,-36,-4.3,-69,-7.8,-63,-7.2,264416,2.0,0,0.0,0,0.0,105,9.1
"13063","1","51","74","0","2023","4","",1,44,44,44,1029387,0,0,1800,"",15.14,7.77,7.71,7.69,7.48,0.00,0.00,0.97,"",0,0.0,4,10.0,4,10.0,4,10.0,162803,18.8,0,0.0,0,0.0,133,8.0
"13063","1","519","75","0","2023","4","",1,44,44,44,1029387,0,0,1800,"",17.00,9.93,9.82,9.80,8.95,0.00,0.00,0.91,"",0,0.0,4,10.0,4,10.0,4,10.0,162803,18.8,0,0.0,0,0.0,133,8.0
"13063","1","5192","76","0","2023","4","",1,44,44,44,1029387,0,0,1800,"",17.00,9.93,9.82,9.80,8.95,0.00,0.00,0.91,"",0,0.0,4,10.0,4,10.0,4,10.0,162803,18.8,0,0.0,0,0.0,133,8.0
"13063","1","51921","77","0","2023","4","",1,44,44,44,1029387,0,0,1800,"",17.00,9.93,9.82,9.80,8.95,0.00,0.00,0.91,"",0,0.0,4,10.0,4,10.0,4,10.0,162803,18.8,0,0.0,0,0.0,133,8.0
"13063","1","519210","78","0","2023","4","",1,44,44,44,1029387,0,0,1800,"",17.00,9.93,9.82,9.80,8.95,0.00,0.00,0.91,"",0,0.0,4,10.0,4,10.0,4,10.0,162803,18.8,0,0.0,0,0.0,133,8.0
"13063","1","54","74","0","2023","4","",1,7,7,7,191917,0,0,2109,"",1.69,0.12,0.12,0.12,0.13,0.00,0.00,1.08,"",0,0.0,2,40.0,2,40.0,1,16.7,61053,46.7,0,0.0,0,0.0,222,11.8
"13063","1","541","75","0","2023","4","",1,7,7,7,191917,0,0,2109,"",1.69,0.12,0.12,0.12,0.13,0.00,0.00,1.08,"",0,0.0,2,40.0,2,40.0,1,16.7,61053,46.7,0,0.0,0,0.0,222,11.8
"13063","1","5413","76","0","2023","4","",1,7,7,7,191917,0,0,2109,"",2.72,0.15,0.15,0.15,0.17,0.00,0.00,1.13,"",0,0.0,2,40.0,2,40.0,1,16.7,61053,46.7,0,0.0,0,0.0,222,11.8
"13063","1","54133","77","0","2023","4","",1,7,7,7,191917,0,0,2109,"",2.75,0.15,0.15,0.15,0.17,0.00,0.00,1.13,"",0,0.0,2,40.0,2,40.0,1,16.7,61053,46.7,0,0.0,0,0.0,222,11.8
"13063","1","541330","78","0","2023","4","",1,7,7,7,191917,0,0,2109,"",2.75,0.15,0.15,0.15,0.17,0.00,0.00,1.13,"",0,0.0,2,40.0,2,40.0,1,16.7,61053,46.7,0,0.0,0,0.0,222,11.8
"13063","1","92","74","0","2023","4","",14,826,825,828,23382811,0,0,2177,"",1.23,0.59,0.59,0.59,0.62,0.00,0.00,1.06,"",-1,-6.7,-4,-0.5,-18,-2.1,-12,-1.4,3559031,18.0,0,0.0,0,0.0,357,19.6
"13063","1","921","75","0","2023","4","",2,47,48,45,1397003,0,0,2303,"",2.52,0.34,0.35,0.33,0.39,0.00,0.00,1.14,"",1,100.0,27,135.0,29,152.6,26,136.8,889406,175.2,0,0.0,0,0.0,283,14.0
"13063","1","9211","76","0","2023","4","",2,47,48,45,1397003,0,0,2303,"",2.52,0.34,0.35,0.33,0.39,0.00,0.00,1.14,"",1,100.0,27,135.0,29,152.6,26,136.8,889406,175.2,0,0.0,0,0.0,283,14.0
"13063","1","92113","77","0","2023","4","",1,32,33,30,937638,0,0,2278,"",3.80,0.36,0.37,0.34,0.40,0.00,0.00,1.13,"N",1,100.0,0,0,0,0,0,0,0,0,0,0,0,0,0,0
"13063","1","921130","78","0","2023","4","",1,32,33,30,937638,0,0,2278,"",3.80,0.36,0.37,0.34,0.40,0.00,0.00,1.13,"N",1,100.0,0,0,0,0,0,0,0,0,0,0,0,0,0,0
"13063","1","92119","77","0","2023","4","",1,15,15,15,459365,0,0,2356,"",1.91,0.50,0.50,0.50,0.54,0.00,0.00,1.09,"",0,0.0,-5,-25.0,-4,-21.1,-4,-21.1,-48232,-9.5,0,0.0,0,0.0,336,16.6
"13063","1","921190","78","0","2023","4","",1,15,15,15,459365,0,0,2356,"",1.91,0.50,0.50,0.50,0.54,0.00,0.00,1.09,"",0,0.0,-5,-25.0,-4,-21.1,-4,-21.1,-48232,-9.5,0,0.0,0,0.0,336,16.6
"13063","1","922","75","0","2023","4","",2,33,35,34,1912414,0,0,4327,"",1.26,0.14,0.15,0.15,0.26,0.00,0.00,1.78,"",0,0.0,-31,-48.4,-29,-45.3,-28,-45.2,-53494,-2.7,0,0.0,0,0.0,1939,81.2
"13063","1","9221","76","0","2023","4","",2,33,35,34,1912414,0,0,4327,"",1.26,0.14,0.15,0.15,0.26,0.00,0.00,1.78,"",0,0.0,-31,-48.4,-29,-45.3,-28,-45.2,-53494,-2.7,0,0.0,0,0.0,1939,81.2
"13063","1","92212","77","0","2023","4","",1,5,4,4,1210879,0,0,21495,"",1.30,0.04,0.03,0.03,0.29,0.00,0.00,8.18,"",0,0.0,-36,-87.8,-37,-90.2,-37,-90.2,-281127,-18.8,0,0.0,0,0.0,18696,668.0
"13063","1","922120","78","0","2023","4","",1,5,4,4,1210879,0,0,21495,"",1.30,0.04,0.03,0.03,0.29,0.00,0.00,8.18,"",0,0.0,-36,-87.8,-37,-90.2,-37,-90.2,-281127,-18.8,0,0.0,0,0.0,18696,668.0
"13063","1","92219","77","0","2023","4","",1,28,31,30,701535,0,0,1819,"",3.88,1.03,1.13,1.10,0.83,0.00,0.00,0.77,"",0,0.0,5,21.7,8,34.8,9,42.9,227633,48.0,0,0.0,0,0.0,187,11.5
"13063","1","922190","78","0","2023","4","",1,28,31,30,701535,0,0,1819,"",3.88,1.03,1.13,1.10,0.83,0.00,0.00,0.77,"",0,0.0,5,21.7,8,34.8,9,42.9,227633,48.0,0,0.0,0,0.0,187,11.5
"13063","1","923","75","0","2023","4","",2,161,161,162,3950531,0,0,1884,"",1.66,0.80,0.80,0.79,0.76,0.00,0.00,0.96,"",0,0.0,2,1.3,-11,-6.4,-9,-5.3,118833,3.1,0,0.0,0,0.0,123,7.0
"13063","1","9231","76","0","2023","4","",2,161,161,162,3950531,0,0,1884,"",1.66,0.80,0.80,0.79,0.76,0.00,0.00,0.96,"",0,0.0,2,1.3,-11,-6.4,-9,-5.3,118833,3.1,0,0.0,0,0.0,123,7.0
"13063","1","92312","77","0","2023","4","",1,109,109,110,2817397,0,0,1982,"",2.86,2.00,1.99,2.00,1.77,0.00,0.00,0.88,"",0,0.0,3,2.8,-11,-9.2,-9,-7.6,79483,2.9,0,0.0,0,0.0,151,8.2
"13063","1","923120","78","0","2023","4","",1,109,109,110,2817397,0,0,1982,"",2.86,2.00,1.99,2.00,1.77,0.00,0.00,0.88,"",0,0.0,3,2.8,-11,-9.2,-9,-7.6,79483,2.9,0,0.0,0,0.0,151,8.2
"13063","1","92313","77","0","2023","4","",1,52,52,52,1133134,0,0,1676,"",1.58,0.87,0.87,0.87,0.75,0.00,0.00,0.87,"",0,0.0,-1,-1.9,0,0.0,0,0.0,39350,3.6,0,0.0,0,0.0,68,4.2
"13063","1","923130","78","0","2023","4","",1,52,52,52,1133134,0,0,1676,"",1.58,0.87,0.87,0.87,0.75,0.00,0.00,0.87,"",0,0.0,-1,-1.9,0,0.0,0,0.0,39350,3.6,0,0.0,0,0.0,68,4.2
"13063","1","926","75","0","2023","4","",5,92,89,92,2289885,0,0,1936,"",1.18,0.43,0.41,0.42,0.36,0.00,0.00,0.86,"",-1,-16.7,6,7.0,1,1.1,3,3.4,196314,9.4,0,0.0,0,0.0,99,5.4
"13063","1","9261","76","0","2023","4","",5,92,89,92,2289885,0,0,1936,"",1.18,0.43,0.41,0.42,0.36,0.00,0.00,0.86,"",-1,-16.7,6,7.0,1,1.1,3,3.4,196314,9.4,0,0.0,0,0.0,99,5.4
"13063","1","92611","77","0","2023","4","",1,26,25,29,419359,0,0,1210,"",0.54,0.62,0.60,0.69,0.33,0.00,0.00,0.53,"",-1,-50.0,2,8.3,-2,-7.4,1,3.6,-10041,-2.3,0,0.0,0,0.0,-44,-3.5
"13063","1","926110","78","0","2023","4","",1,26,25,29,419359,0,0,1210,"",0.54,0.62,0.60,0.69,0.33,0.00,0.00,0.53,"",-1,-50.0,2,8.3,-2,-7.4,1,3.6,-10041,-2.3,0,0.0,0,0.0,-44,-3.5
"13063","1","92612","77","0","2023","4","",2,33,32,32,1103556,0,0,2625,"",4.46,0.35,0.34,0.34,0.43,0.00,0.00,1.24,"",0,0.0,1,3.1,1,3.2,0,0.0,109912,11.1,0,0.0,0,0.0,211,8.7
"13063","1","926120","78","0","2023","4","",2,33,32,32,1103556,0,0,2625,"",4.46,0.35,0.34,0.34,0.43,0.00,0.00,1.24,"",0,0.0,1,3.1,1,3.2,0,0.0,109912,11.1,0,0.0,0,0.0,211,8.7
"13063","1","92614","77","0","2023","4","",2,33,32,31,766970,0,0,1844,"",1.40,0.81,0.78,0.71,0.78,0.00,0.00,1.02,"",0,0.0,3,10.0,2,6.7,2,6.9,96443,14.4,0,0.0,0,0.0,105,6.0
"13063","1","926140","78","0","2023","4","",2,33,32,31,766970,0,0,1844,"",1.40,0.81,0.78,0.71,0.78,0.00,0.00,1.02,"",0,0.0,3,10.0,2,6.7,2,6.9,96443,14.4,0,0.0,0,0.0,105,6.0
"13063","1","928","75","0","2023","4","",3,493,492,495,13832978,0,0,2157,"",2.62,0.97,0.96,0.97,1.15,0.00,0.00,1.19,"",-1,-25.0,-8,-1.6,-8,-1.6,-4,-0.8,2407972,21.1,0,0.0,0,0.0,399,22.7
"13063","1","9281","76","0","2023","4","",3,493,492,495,13832978,0,0,2157,"",2.62,0.97,0.96,0.97,1.15,0.00,0.00,1.19,"",-1,-25.0,-8,-1.6,-8,-1.6,-4,-0.8,2407972,21.1,0,0.0,0,0.0,399,22.7
"13063","1","92811","77","0","2023","4","",3,493,492,495,13832978,0,0,2157,"",3.53,1.04,1.04,1.04,1.27,0.00,0.00,1.22,"",0,0.0,-8,-1.6,-8,-1.6,-4,-0.8,2407972,21.1,0,0.0,0,0.0,399,22.7
"13063","1","928110","78","0","2023","4","",3,493,492,495,13832978,0,0,2157,"",3.53,1.04,1.04,1.04,1.27,0.00,0.00,1.22,"",0,0.0,-8,-1.6,-8,-1.6,-4,-0.8,2407972,21.1,0,0.0,0,0.0,399,22.7
"13063","2","10","71","0","2023","4","",26,1685,1690,1679,25153113,0,0,1149,"",0.79,0.42,0.42,0.41,0.34,0.00,0.00,0.82,"",0,0.0,-29,-1.7,-17,-1.0,-8,-0.5,1665569,7.1,0,0.0,0,0.0,88,8.3
"13063","2","102","72","0","2023","4","",26,1685,1690,1679,25153113,0,0,1149,"",0.82,0.42,0.42,0.42,0.34,0.00,0.00,0.81,"",0,0.0,-29,-1.7,-17,-1.0,-8,-0.5,1665569,7.1,0,0.0,0,0.0,88,8.3
"13063","2","1021","73","0","2023","4","",1,162,156,158,2298371,0,0,1114,"",2.29,3.55,3.40,3.38,2.67,0.00,0.00,0.77,"",0,0.0,0,0.0,-3,-1.9,6,3.9,181015,8.5,0,0.0,0,0.0,81,7.8
"13063","2","1025","73","0","2023","4","",7,782,792,784,12689381,0,0,1242,"",1.03,0.34,0.34,0.34,0.30,0.00,0.00,0.89,"",0,0.0,-57,-6.8,-44,-5.3,-42,-5.1,496274,4.1,0,0.0,0,0.0,117,10.4
"13063","2","1027","73","0","2023","4","",1,46,49,47,529510,0,0,861,"",12.21,11.43,11.94,11.63,11.32,0.00,0.00,0.97,"",0,0.0,-5,-9.8,-7,-12.5,-10,-17.5,-39439,-6.9,0,0.0,0,0.0,60,7.5
"13063","2","1028","73","0","2023","4","",17,695,693,690,9635851,0,0,1070,"",0.73,0.45,0.45,0.44,0.33,0.00,0.00,0.74,"",0,0.0,33,5.0,37,5.6,38,5.8,1027719,11.9,0,0.0,0,0.0,62,6.2
"13063","2","48-49","74","0","2023","4","",1,162,156,158,2298371,0,0,1114,"",4.72,4.59,4.43,4.42,3.23,0.00,0.00,0.72,"",0,0.0,0,0.0,-3,-1.9,6,3.9,181015,8.5,0,0.0,0,0.0,81,7.8
"13063","2","488","75","0","2023","4","",1,162,156,158,2298371,0,0,1114,"",5.85,12.19,11.68,11.73,9.99,0.00,0.00,0.84,"",0,0.0,0,0.0,-3,-1.9,6,3.9,181015,8.5,0,0.0,0,0.0,81,7.8
"13063","2","4881","76","0","2023","4","",1,162,156,158,2298371,0,0,1114,"",12.70,43.90,41.99,42.43,43.12,0.00,0.00,1.01,"",0,0.0,0,0.0,-3,-1.9,6,3.9,181015,8.5,0,0.0,0,0.0,81,7.8
"13063","2","48811","77","0","2023","4","",1,162,156,158,2298371,0,0,1114,"N",12.77,0,0,0,0,0,0,0,"",0,0.0,0,0.0,-3,-1.9,6,3.9,181015,8.5,0,0.0,0,0.0,81,7.8
"13063","2","488111","78","0","2023","4","",1,162,156,158,2298371,0,0,1114,"",13.64,48.24,46.17,46.66,49.92,0.00,0.00,1.06,"",0,0.0,0,0.0,-3,-1.9,6,3.9,181015,8.5,0,0.0,0,0.0,81,7.8
"13063","2","61","74","0","2023","4","",1,636,637,633,10964664,0,0,1328,"",0.27,0.36,0.36,0.36,0.35,0.00,0.00,0.97,"",0,0.0,-67,-9.5,-61,-8.7,-54,-7.9,252568,2.4,0,0.0,0,0.0,144,12.2
"13063","2","611","75","0","2023","4","",1,636,637,633,10964664,0,0,1328,"",0.27,0.36,0.36,0.36,0.35,0.00,0.00,0.97,"",0,0.0,-67,-9.5,-61,-8.7,-54,-7.9,252568,2.4,0,0.0,0,0.0,144,12.2
"13063","2","6113","76","0","2023","4","",1,636,637,633,10964664,0,0,1328,"",0.36,0.42,0.42,0.42,0.39,0.00,0.00,0.93,"",0,0.0,-67,-9.5,-61,-8.7,-54,-7.9,252568,2.4,0,0.0,0,0.0,144,12.2
"13063","2","61131","77","0","2023","4","",1,636,637,633,10964664,0,0,1328,"",0.36,0.42,0.42,0.42,0.39,0.00,0.00,0.93,"",0,0.0,-67,-9.5,-61,-8.7,-54,-7.9,252568,2.4,0,0.0,0,0.0,144,12.2
"13063","2","611310","78","0","2023","4","",1,636,637,633,10964664,0,0,1328,"",0.36,0.42,0.42,0.42,0.39,0.00,0.00,0.93,"",0,0.0,-67,-9.5,-61,-8.7,-54,-7.9,252568,2.4,0,0.0,0,0.0,144,12.2
"13063","2","62","74","0","2023","4","",6,146,155,151,1724717,0,0,881,"",1.96,0.26,0.27,0.26,0.16,0.00,0.00,0.59,"",0,0.0,10,7.4,17,12.3,12,8.6,243706,16.5,0,0.0,0,0.0,53,6.4
"13063","2","621","75","0","2023","4","",5,123,130,129,1459265,0,0,882,"",9.55,3.63,3.81,3.75,2.34,0.00,0.00,0.63,"",0,0.0,10,8.8,15,13.0,11,9.3,186776,14.7,0,0.0,0,0.0,33,3.9
"13063","2","6214","76","0","2023","4","",5,123,130,129,1459265,0,0,882,"",12.28,6.47,6.77,6.68,4.61,0.00,0.00,0.70,"",0,0.0,10,8.8,15,13.0,11,9.3,186776,14.7,0,0.0,0,0.0,33,3.9
"13063","2","62142","77","0","2023","4","",5,123,130,129,1459265,0,0,882,"",20.13,11.59,12.14,11.98,8.58,0.00,0.00,0.72,"",0,0.0,10,8.8,15,13.0,11,9.3,186776,14.7,0,0.0,0,0.0,33,3.9
"13063","2","621420","78","0","2023","4","",5,123,130,129,1459265,0,0,882,"",20.13,11.59,12.14,11.98,8.58,0.00,0.00,0.72,"",0,0.0,10,8.8,15,13.0,11,9.3,186776,14.7,0,0.0,0,0.0,33,3.9
"13063","2","623","75","0","2023","4","",1,23,25,22,265452,0,0,875,"",1.19,0.26,0.28,0.24,0.17,0.00,0.00,0.65,"",0,0.0,0,0.0,2,8.7,1,4.8,56930,27.3,0,0.0,0,0.0,157,21.9
"13063","2","6239","76","0","2023","4","",1,23,25,22,265452,0,0,875,"",7.08,2.79,3.01,2.63,1.72,0.00,0.00,0.61,"",0,0.0,0,0.0,2,8.7,1,4.8,56930,27.3,0,0.0,0,0.0,157,21.9
"13063","2","62399","77","0","2023","4","",1,23,25,22,265452,0,0,875,"",7.08,2.79,3.01,2.63,1.72,0.00,0.00,0.61,"",0,0.0,0,0.0,2,8.7,1,4.8,56930,27.3,0,0.0,0,0.0,157,21.9
"13063","2","623990","78","0","2023","4","",1,23,25,22,265452,0,0,875,"",7.08,2.79,3.01,2.63,1.72,0.00,0.00,0.61,"",0,0.0,0,0.0,2,8.7,1,4.8,56930,27.3,0,0.0,0,0.0,157,21.9
"13063","2","81","74","0","2023","4","",1,46,49,47,529510,0,0,861,"",12.21,11.43,11.94,11.63,11.32,0.00,0.00,0.97,"",0,0.0,-5,-9.8,-7,-12.5,-10,-17.5,-39439,-6.9,0,0.0,0,0.0,60,7.5
"13063","2","813","75","0","2023","4","",1,46,49,47,529510,0,0,861,"",15.35,13.36,13.89,13.41,14.06,0.00,0.00,1.04,"",0,0.0,-5,-9.8,-7,-12.5,-10,-17.5,-39439,-6.9,0,0.0,0,0.0,60,7.5
"13063","2","8133","76","0","2023","4","",1,46,49,47,529510,0,0,861,"N",22.78,0,0,0,0,0,0,0,"",0,0.0,-5,-9.8,-7,-12.5,-10,-17.5,-39439,-6.9,0,0.0,0,0.0,60,7.5
"13063","2","81331","77","0","2023","4","",1,46,49,47,529510,0,0,861,"N",22.78,0,0,0,0,0,0,0,"",0,0.0,-5,-9.8,-7,-12.5,-10,-17.5,-39439,-6.9,0,0.0,0,0.0,60,7.5
"13063","2","813319","78","0","2023","4","",1,46,49,47,529510,0,0,861,"",24.83,45.84,48.77,46.28,43.26,0.00,0.00,0.92,"",0,0.0,-5,-9.8,-7,-12.5,-10,-17.5,-39439,-6.9,0,0.0,0,0.0,60,7.5
"13063","2","92","74","0","2023","4","",17,695,693,690,9635851,0,0,1070,"",0.73,0.45,0.45,0.44,0.33,0.00,0.00,0.74,"",0,0.0,33,5.0,37,5.6,38,5.8,1027719,11.9,0,0.0,0,0.0,62,6.2
"13063","2","921","75","0","2023","4","",4,27,27,27,382893,0,0,1091,"",1.37,0.14,0.14,0.14,0.09,0.00,0.00,0.69,"",0,0.0,-8,-22.9,-7,-20.6,-4,-12.9,-40878,-9.6,0,0.0,0,0.0,113,11.6
"13063","2","9211","76","0","2023","4","",4,27,27,27,382893,0,0,1091,"",1.37,0.14,0.14,0.14,0.09,0.00,0.00,0.69,"",0,0.0,-8,-22.9,-7,-20.6,-4,-12.9,-40878,-9.6,0,0.0,0,0.0,113,11.6
"13063","2","92113","77","0","2023","4","",1,3,3,3,32356,0,0,830,"",0.91,0.04,0.04,0.03,0.02,0.00,0.00,0.52,"",0,0.0,0,0.0,0,0.0,0,0.0,2223,7.4,0,0.0,0,0.0,57,7.4
"13063","2","921130","78","0","2023","4","",1,3,3,3,32356,0,0,830,"",0.91,0.04,0.04,0.03,0.02,0.00,0.00,0.52,"",0,0.0,0,0.0,0,0.0,0,0.0,2223,7.4,0,0.0,0,0.0,57,7.4
"13063","2","92119","77","0","2023","4","",3,24,24,24,350537,0,0,1124,"",2.33,0.31,0.31,0.31,0.21,0.00,0.00,0.68,"",0,0.0,-8,-25.0,-7,-22.6,-4,-14.3,-43101,-10.9,0,0.0,0,0.0,126,12.6
"13063","2","921190","78","0","2023","4","",3,24,24,24,350537,0,0,1124,"",2.33,0.31,0.31,0.31,0.21,0.00,0.00,0.68,"",0,0.0,-8,-25.0,-7,-22.6,-4,-14.3,-43101,-10.9,0,0.0,0,0.0,126,12.6
"13063","2","922","75","0","2023","4","",6,194,192,192,2984677,0,0,1192,"",0.91,0.34,0.33,0.33,0.27,0.00,0.00,0.80,"",0,0.0,28,16.9,28,17.1,25,15.0,438776,17.2,0,0.0,0,0.0,10,0.8
"13063","2","9221","76","0","2023","4","",6,194,192,192,2984677,0,0,1192,"",0.91,0.34,0.33,0.33,0.27,0.00,0.00,0.80,"",0,0.0,28,16.9,28,17.1,25,15.0,438776,17.2,0,0.0,0,0.0,10,0.8
"13063","2","92211","77","0","2023","4","",1,9,9,10,216170,0,0,1782,"",0.55,0.10,0.10,0.11,0.13,0.00,0.00,1.23,"",0,0.0,0,0.0,0,0.0,1,11.1,5187,2.5,0,0.0,0,0.0,-21,-1.2
"13063","2","922110","78","0","2023","4","",1,9,9,10,216170,0,0,1782,"",0.55,0.10,0.10,0.11,0.13,0.00,0.00,1.23,"",0,0.0,0,0.0,0,0.0,1,11.1,5187,2.5,0,0.0,0,0.0,-21,-1.2
"13063","2","92212","77","0","2023","4","",1,18,18,18,348723,0,0,1490,"",0.87,0.21,0.20,0.20,0.17,0.00,0.00,0.83,"",0,0.0,0,0.0,0,0.0,0,0.0,31590,10.0,0,0.0,0,0.0,135,10.0
"13063","2","922120","78","0","2023","4","",1,18,18,18,348723,0,0,1490,"",0.87,0.21,0.20,0.20,0.17,0.00,0.00,0.83,"",0,0.0,0,0.0,0,0.0,0,0.0,31590,10.0,0,0.0,0,0.0,135,10.0
"13063","2","92213","77","0","2023","4","",2,68,68,68,1235555,0,0,1398,"",2.17,1.31,1.31,1.30,1.18,0.00,0.00,0.90,"",0,0.0,18,36.0,19,38.8,17,33.3,242245,24.4,0,0.0,0,0.0,-130,-8.5
"13063","2","922130","78","0","2023","4","",2,68,68,68,1235555,0,0,1398,"",2.17,1.31,1.31,1.30,1.18,0.00,0.00,0.90,"",0,0.0,18,36.0,19,38.8,17,33.3,242245,24.4,0,0.0,0,0.0,-130,-8.5
"13063","2","92214","77","0","2023","4","",1,44,43,42,495177,0,0,886,"",0.53,0.14,0.14,0.14,0.09,0.00,0.00,0.63,"",0,0.0,2,4.8,1,2.4,1,2.4,30778,6.6,0,0.0,0,0.0,29,3.4
"13063","2","922140","78","0","2023","4","",1,44,43,42,495177,0,0,886,"",0.53,0.14,0.14,0.14,0.09,0.00,0.00,0.63,"",0,0.0,2,4.8,1,2.4,1,2.4,30778,6.6,0,0.0,0,0.0,29,3.4
"13063","2","92215","77","0","2023","4","",1,55,54,54,689052,0,0,976,"",2.32,3.20,3.13,3.12,2.38,0.00,0.00,0.76,"",0,0.0,8,17.0,8,17.4,6,12.5,128976,23.0,0,0.0,0,0.0,59,6.4
"13063","2","922150","78","0","2023","4","",1,55,54,54,689052,0,0,976,"",2.32,3.20,3.13,3.12,2.38,0.00,0.00,0.76,"",0,0.0,8,17.0,8,17.4,6,12.5,128976,23.0,0,0.0,0,0.0,59,6.4
"13063","2","923","75","0","2023","4","",4,168,166,166,2076660,0,0,958,"",0.80,0.47,0.46,0.46,0.33,0.00,0.00,0.71,"",0,0.0,-9,-5.1,-12,-6.7,-6,-3.5,184253,9.7,0,0.0,0,0.0,129,15.6
"13063","2","9231","76","0","2023","4","",4,168,166,166,2076660,0,0,958,"",0.80,0.47,0.46,0.46,0.33,0.00,0.00,0.71,"",0,0.0,-9,-5.1,-12,-6.7,-6,-3.5,184253,9.7,0,0.0,0,0.0,129,15.6
"13063","2","92312","77","0","2023","4","",4,168,166,166,2076660,0,0,958,"",2.46,1.40,1.37,1.36,0.94,0.00,0.00,0.69,"",0,0.0,-9,-5.1,-12,-6.7,-6,-3.5,184253,9.7,0,0.0,0,0.0,129,15.6
"13063","2","923120","78","0","2023","4","",4,168,166,166,2076660,0,0,958,"",2.46,1.40,1.37,1.36,0.94,0.00,0.00,0.69,"",0,0.0,-9,-5.1,-12,-6.7,-6,-3.5,184253,9.7,0,0.0,0,0.0,129,15.6
"13063","2","924","75","0","2023","4","",1,272,274,271,3849464,0,0,1087,"",0.31,2.09,2.16,2.15,1.74,0.00,0.00,0.81,"",0,0.0,21,8.4,26,10.5,19,7.5,389009,11.2,0,0.0,0,0.0,24,2.3
"13063","2","9241","76","0","2023","4","",1,272,274,271,3849464,0,0,1087,"",0.31,2.09,2.16,2.15,1.74,0.00,0.00,0.81,"",0,0.0,21,8.4,26,10.5,19,7.5,389009,11.2,0,0.0,0,0.0,24,2.3
"13063","2","92412","77","0","2023","4","",1,272,274,271,3849464,0,0,1087,"",0.39,2.91,3.04,3.04,2.70,0.00,0.00,0.90,"",0,0.0,21,8.4,26,10.5,19,7.5,389009,11.2,0,0.0,0,0.0,24,2.3
"13063","2","924120","78","0","2023","4","",1,272,274,271,3849464,0,0,1087,"",0.39,2.91,3.04,3.04,2.70,0.00,0.00,0.90,"",0,0.0,21,8.4,26,10.5,19,7.5,389009,11.2,0,0.0,0,0.0,24,2.3
"13063","2","926","75","0","2023","4","",2,34,34,34,342157,0,0,774,"",0.40,0.13,0.13,0.13,0.07,0.00,0.00,0.55,"",0,0.0,1,3.0,2,6.2,4,13.3,56559,19.8,0,0.0,0,0.0,80,11.5
"13063","2","9261","76","0","2023","4","",2,34,34,34,342157,0,0,774,"",0.40,0.13,0.13,0.13,0.07,0.00,0.00,0.55,"",0,0.0,1,3.0,2,6.2,4,13.3,56559,19.8,0,0.0,0,0.0,80,11.5
"13063","2","92612","77","0","2023","4","",1,17,17,17,147607,0,0,668,"",0.55,0.11,0.11,0.11,0.05,0.00,0.00,0.46,"",0,0.0,2,13.3,3,21.4,4,30.8,42607,40.6,0,0.0,0,0.0,91,15.8
"13063","2","926120","78","0","2023","4","",1,17,17,17,147607,0,0,668,"",0.55,0.11,0.11,0.11,0.05,0.00,0.00,0.46,"",0,0.0,2,13.3,3,21.4,4,30.8,42607,40.6,0,0.0,0,0.0,91,15.8
"13063","2","92614","77","0","2023","4","",1,17,17,17,194550,0,0,880,"",0.73,0.58,0.58,0.59,0.46,0.00,0.00,0.79,"",0,0.0,-1,-5.6,-1,-5.6,0,0.0,13952,7.7,0,0.0,0,0.0,94,12.0
"13063","2","926140","78","0","2023","4","",1,17,17,17,194550,0,0,880,"",0.73,0.58,0.58,0.59,0.46,0.00,0.00,0.79,"",0,0.0,-1,-5.6,-1,-5.6,0,0.0,13952,7.7,0,0.0,0,0.0,94,12.0
"13063","3","10","71","0","2023","4","",96,11330,11422,11313,181651331,31414,289,1231,"",1.23,0.90,0.90,0.89,0.94,0.01,0.04,1.05,"",0,0.0,589,5.5,485,4.4,501,4.6,23554416,14.9,-61160,-66.1,26,9.9,108,9.6
"13063","3","102","72","0","2023","4","",96,11330,11422,11313,181651331,31414,289,1231,"",1.27,0.91,0.91,0.90,0.95,0.01,0.04,1.05,"",0,0.0,589,5.5,485,4.4,501,4.6,23554416,14.9,-61160,-66.1,26,9.9,108,9.6
"13063","3","1025","73","0","2023","4","",85,7485,7550,7445,120481561,0,0,1237,"",2.55,0.96,0.96,0.94,1.07,0.00,0.00,1.12,"",0,0.0,295,4.1,281,3.9,217,3.0,16433282,15.8,0,0.0,0,0.0,130,11.7
"13063","3","1028","73","0","2023","4","",11,3845,3872,3868,61169770,31414,289,1218,"",0.38,1.08,1.08,1.08,0.98,0.03,0.08,0.91,"",0,0.0,294,8.3,204,5.6,284,7.9,7121134,13.2,-61160,-66.1,26,9.9,63,5.5
"13063","3","61","74","0","2023","4","",85,7485,7550,7445,120481561,0,0,1237,"",2.83,1.07,1.07,1.05,1.23,0.00,0.00,1.15,"",0,0.0,295,4.1,281,3.9,217,3.0,16433282,15.8,0,0.0,0,0.0,130,11.7
"13063","3","611","75","0","2023","4","",85,7485,7550,7445,120481561,0,0,1237,"",2.83,1.07,1.07,1.05,1.23,0.00,0.00,1.15,"",0,0.0,295,4.1,281,3.9,217,3.0,16433282,15.8,0,0.0,0,0.0,130,11.7
"13063","3","6111","76","0","2023","4","",85,7485,7550,7445,120481561,0,0,1237,"",2.95,1.14,1.14,1.13,1.31,0.00,0.00,1.15,"",0,0.0,295,4.1,281,3.9,217,3.0,16433282,15.8,0,0.0,0,0.0,130,11.7
"13063","3","61111","77","0","2023","4","",85,7485,7550,7445,120481561,0,0,1237,"",2.95,1.14,1.14,1.13,1.31,0.00,0.00,1.15,"",0,0.0,295,4.1,281,3.9,217,3.0,16433282,15.8,0,0.0,0,0.0,130,11.7
"13063","3","611110","78","0","2023","4","",85,7485,7550,7445,120481561,0,0,1237,"",2.95,1.14,1.14,1.13,1.31,0.00,0.00,1.15,"",0,0.0,295,4.1,281,3.9,217,3.0,16433282,15.8,0,0.0,0,0.0,130,11.7
"13063","3","92","74","0","2023","4","",11,3845,3872,3868,61169770,31414,289,1218,"",0.38,1.08,1.08,1.08,0.98,0.03,0.08,0.91,"",0,0.0,294,8.3,204,5.6,284,7.9,7121134,13.2,-61160,-66.1,26,9.9,63,5.5
"13063","3","921","75","0","2023","4","",9,3827,3853,3849,60816694,22231,80,1217,"",0.54,1.63,1.63,1.62,1.64,0.02,0.03,1.01,"",0,0.0,292,8.3,200,5.5,280,7.8,7017935,13.0,-67170,-75.1,-170,-68.0,63,5.5
"13063","3","9211","76","0","2023","4","",9,3827,3853,3849,60816694,22231,80,1217,"",0.54,1.63,1.63,1.62,1.64,0.02,0.03,1.01,"",0,0.0,292,8.3,200,5.5,280,7.8,7017935,13.0,-67170,-75.1,-170,-68.0,63,5.5
"13063","3","92114","77","0","2023","4","",8,3419,3446,3441,53935671,22231,80,1208,"",0.84,2.25,2.26,2.25,2.28,0.04,0.08,1.01,"",0,0.0,270,8.6,182,5.6,259,8.1,6238396,13.1,-67170,-75.1,-170,-68.0,61,5.3
"13063","3","921140","78","0","2023","4","",8,3419,3446,3441,53935671,22231,80,1208,"",0.84,2.25,2.26,2.25,2.28,0.04,0.08,1.01,"",0,0.0,270,8.6,182,5.6,259,8.1,6238396,13.1,-67170,-75.1,-170,-68.0,61,5.3
"13063","3","92119","77","0","2023","4","",1,408,407,408,6881023,0,0,1298,"",0.47,1.48,1.45,1.47,1.58,0.00,0.00,1.08,"",0,0.0,22,5.7,18,4.6,21,5.4,779539,12.8,0,0.0,0,0.0,86,7.1
"13063","3","921190","78","0","2023","4","",1,408,407,408,6881023,0,0,1298,"",0.47,1.48,1.45,1.47,1.58,0.00,0.00,1.08,"",0,0.0,22,5.7,18,4.6,21,5.4,779539,12.8,0,0.0,0,0.0,86,7.1
"13063","3","925","75","0","2023","4","",2,18,19,19,353076,9183,209,1455,"",1.18,0.26,0.27,0.27,0.31,0.15,0.91,1.16,"",0,0.0,2,12.5,4,26.7,4,26.7,103199,41.3,6010,189.4,196,1507.7,201,16.0
"13063","3","9251","76","0","2023","4","",2,18,19,19,353076,9183,209,1455,"",1.18,0.26,0.27,0.27,0.31,0.15,0.91,1.16,"",0,0.0,2,12.5,4,26.7,4,26.7,103199,41.3,6010,189.4,196,1507.7,201,16.0
"13063","3","92511","77","0","2023","4","",2,18,19,19,353076,9183,209,1455,"",1.83,0.41,0.44,0.43,0.47,0.18,1.20,1.10,"",0,0.0,2,12.5,4,26.7,4,26.7,103199,41.3,6010,189.4,196,1507.7,201,16.0
"13063","3","925110","78","0","2023","4","",2,18,19,19,353076,9183,209,1455,"",1.83,0.41,0.44,0.43,0.47,0.18,1.20,1.10,"",0,0.0,2,12.5,4,26.7,4,26.7,103199,41.3,6010,189.4,196,1507.7,201,16.0
"13063","5","10","71","0","2023","4","",5283,117036,117435,118156,2097474325,129902228,1455837,1373,"",1.00,1.04,1.04,1.04,1.04,1.03,1.01,1.00,"",-166,-3.0,8008,7.3,8077,7.4,7561,6.8,229201318,12.3,-14464395,-10.0,-244655,-14.4,62,4.7
"13063","5","101","72","0","2023","4","",389,9242,9281,9270,171217627,9659845,134517,1422,"",0.58,0.47,0.48,0.48,0.44,0.44,0.42,0.92,"",-25,-6.0,59,0.6,115,1.3,22,0.2,9590511,5.9,-1006222,-9.4,3622,2.8,70,5.2
"13063","5","1011","73","0","2023","4","N",6,0,0,0,0,0,0,0,"N",0.09,0,0,0,0,0,0,0,"N",1,20.0,0,0,0,0,0,0,0,0,0,0,0,0,0,0
"13063","5","1012","73","0","2023","4","N",248,0,0,0,0,0,0,0,"N",0.59,0,0,0,0,0,0,0,"N",-25,-9.2,0,0,0,0,0,0,0,0,0,0,0,0,0,0
"13063","5","1013","73","0","2023","4","",135,5505,5488,5519,92960106,4770910,73376,1299,"",0.75,0.50,0.50,0.50,0.41,0.49,0.71,0.82,"",-1,-0.7,-13,-0.2,-38,-0.7,-1,0.0,4259307,4.8,-542871,-10.2,24656,50.6,63,5.1
"13063","5","102","72","0","2023","4","",4894,107794,108154,108886,1926256698,120242383,1321320,1368,"",1.06,1.16,1.15,1.16,1.18,1.16,1.17,1.02,"",-141,-2.8,7949,8.0,7962,7.9,7539,7.4,219610807,12.9,-13458173,-10.1,-248277,-15.8,61,4.7
"13063","5","1021","73","0","2023","4","",1494,71531,72076,72654,1504375752,63584405,638550,1605,"",1.60,2.92,2.88,2.87,4.13,2.16,2.22,1.43,"",-80,-5.1,5225,7.9,5587,8.4,5033,7.4,172322774,12.9,-12428486,-16.4,-187552,-22.7,71,4.6
"13063","5","1022","73","0","2023","4","",47,638,635,631,11923595,435339,4409,1445,"",0.36,0.26,0.25,0.25,0.13,0.22,0.16,0.51,"",7,17.5,-1,-0.2,-9,-1.4,-8,-1.3,12814,0.1,-8120,-1.8,1091,32.9,15,1.0
"13063","5","1023","73","0","2023","4","",415,2943,2997,2998,46006613,2832677,29846,1188,"",0.85,0.40,0.40,0.40,0.22,0.45,0.46,0.56,"",4,1.0,-7,-0.2,63,2.1,49,1.7,518814,1.1,-698539,-19.8,-14153,-32.2,0,0.0
"13063","5","1024","73","0","2023","4","",600,9589,9447,9534,115204271,20642530,269444,931,"",0.53,0.49,0.49,0.49,0.25,0.85,0.91,0.50,"",-26,-4.2,813,9.3,531,6.0,696,7.9,22385865,24.1,1261263,6.5,-8376,-3.0,124,15.4
"13063","5","1025","73","0","2023","4","",552,10232,10198,10147,146059733,12219189,134313,1102,"",0.58,0.48,0.48,0.47,0.44,0.71,0.75,0.93,"",1,0.2,1434,16.3,1323,14.9,1223,13.7,15084990,11.5,148214,1.2,-3720,-2.7,-34,-3.0
"13063","5","1026","73","0","2023","4","",540,10519,10410,10487,73402021,17462081,210207,539,"",1.23,0.75,0.75,0.75,0.66,0.90,1.01,0.88,"",-31,-5.4,148,1.4,54,0.5,130,1.3,3764168,5.4,-1772101,-9.2,-19921,-8.7,22,4.3
"13063","5","1027","73","0","2023","4","",330,2070,2112,2153,25265194,2653800,24218,920,"",0.82,0.53,0.54,0.54,0.51,0.61,0.51,0.95,"",-38,-10.3,391,23.3,455,27.5,483,28.9,5780051,29.7,506554,23.6,-3001,-11.0,22,2.4
"13063","5","1029","73","0","2023","4","",916,272,279,282,4019519,412362,10333,1114,"",5.91,1.16,1.15,1.13,0.77,0.64,0.79,0.68,"",22,2.5,-54,-16.6,-42,-13.1,-67,-19.2,-258669,-6.0,-466958,-53.1,-12645,-55.0,123,12.4
"13063","5","11","74","0","2023","4","N",5,0,0,0,0,0,0,0,"N",0.10,0,0,0,0,0,0,0,"N",1,25.0,0,0,0,0,0,0,0,0,0,0,0,0,0,0
"13063","5","111","75","0","2023","4","N",3,0,0,0,0,0,0,0,"N",0.13,0,0,0,0,0,0,0,"N",0,0.0,0,0,0,0,0,0,0,0,0,0,0,0,0,0
"13063","5","1114","76","0","2023","4","N",3,0,0,0,0,0,0,0,"N",0.65,0,0,0,0,0,0,0,"N",0,0.0,0,0,0,0,0,0,0,0,0,0,0,0,0,0
"13063","5","11141","77","0","2023","4","N",2,0,0,0,0,0,0,0,"N",1.58,0,0,0,0,0,0,0,"N",0,0.0,0,0,0,0,0,0,0,0,0,0,0,0,0,0
"13063","5","111419","78","0","2023","4","N",2,0,0,0,0,0,0,0,"N",1.78,0,0,0,0,0,0,0,"N",1,100.0,0,0,0,0,0,0,0,0,0,0,0,0,0,0
"13063","5","11142","77","0","2023","4","N",1,0,0,0,0,0,0,0,"N",0.30,0,0,0,0,0,0,0,"N",0,0.0,0,0,0,0,0,0,0,0,0,0,0,0,0,0
"13063","5","111421","78","0","2023","4","N",1,0,0,0,0,0,0,0,"N",0.43,0,0,0,0,0,0,0,"N",0,0.0,0,0,0,0,0,0,0,0,0,0,0,0,0,0
"13063","5","113","75","0","2023","4","N",1,0,0,0,0,0,0,0,"N",0.25,0,0,0,0,0,0,0,"N",1,100.0,0,0,0,0,0,0,0,0,0,0,0,0,0,0
"13063","5","1133","76","0","2023","4","N",1,0,0,0,0,0,0,0,"N",0.28,0,0,0,0,0,0,0,"N",1,100.0,0,0,0,0,0,0,0,0,0,0,0,0,0,0
"13063","5","11331","77","0","2023","4","N",1,0,0,0,0,0,0,0,"N",0.28,0,0,0,0,0,0,0,"N",1,100.0,0,0,0,0,0,0,0,0,0,0,0,0,0,0
"13063","5","113310","78","0","2023","4","N",1,0,0,0,0,0,0,0,"N",0.28,0,0,0,0,0,0,0,"N",1,100.0,0,0,0,0,0,0,0,0,0,0,0,0,0,0
"13063","5","115","75","0","2023","4","N",1,0,0,0,0,0,0,0,"N",0.10,0,0,0,0,0,0,0,"N",0,0.0,0,0,0,0,0,0,0,0,0,0,0,0,0,0
"13063","5","1151","76","0","2023","4","N",1,0,0,0,0,0,0,0,"N",0.17,0,0,0,0,0,0,0,"N",0,0.0,0,0,0,0,0,0,0,0,0,0,0,0,0,0
"13063","5","11511","77","0","2023","4","N",1,0,0,0,0,0,0,0,"N",0.17,0,0,0,0,0,0,0,"N",0,0.0,0,0,0,0,0,0,0,0,0,0,0,0,0,0
"13063","5","115114","78","0","2023","4","N",1,0,0,0,0,0,0,0,"N",0.98,0,0,0,0,0,0,0,"N",0,0.0,0,0,0,0,0,0,0,0,0,0,0,0,0,0
"13063","5","21","74","0","2023","4","N",1,0,0,0,0,0,0,0,"N",0.07,0,0,0,0,0,0,0,"N",0,0.0,0,0,0,0,0,0,0,0,0,0,0,0,0,0
"13063","5","212","75","0","2023","4","N",1,0,0,0,0,0,0,0,"N",0.30,0,0,0,0,0,0,0,"N",0,0.0,0,0,0,0,0,0,0,0,0,0,0,0,0,0
"13063","5","2123","76","0","2023","4","N",1,0,0,0,0,0,0,0,"N",0.36,0,0,0,0,0,0,0,"N",0,0.0,0,0,0,0,0,0,0,0,0,0,0,0,0,0
"13063","5","21231","77","0","2023","4","N",1,0,0,0,0,0,0,0,"N",0.87,0,0,0,0,0,0,0,"N",0,0.0,0,0,0,0,0,0,0,0,0,0,0,0,0,0
"13063","5","212313","78","0","2023","4","N",1,0,0,0,0,0,0,0,"N",7.49,0,0,0,0,0,0,0,"N",0,0.0,0,0,0,0,0,0,0,0,0,0,0,0,0,0
"13063","5","22","74","0","2023","4","N",14,0,0,0,0,0,0,0,"N",1.29,0,0,0,0,0,0,0,"N",-1,-6.7,0,0,0,0,0,0,0,0,0,0,0,0,0,0
"13063","5","221","75","0","2023","4","N",14,0,0,0,0,0,0,0,"N",1.29,0,0,0,0,0,0,0,"N",-1,-6.7,0,0,0,0,0,0,0,0,0,0,0,0,0,0
"13063","5","2211","76","0","2023","4","N",10,0,0,0,0,0,0,0,"N",1.58,0,0,0,0,0,0,0,"N",-1,-9.1,0,0,0,0,0,0,0,0,0,0,0,0,0,0
"13063","5","22111","77","0","2023","4","N",1,0,0,0,0,0,0,0,"N",0.33,0,0,0,0,0,0,0,"N",-1,-50.0,0,0,0,0,0,0,0,0,0,0,0,0,0,0
"13063","5","221118","78","0","2023","4","N",1,0,0,0,0,0,0,0,"N",3.27,0,0,0,0,0,0,0,"N",0,0.0,0,0,0,0,0,0,0,0,0,0,0,0,0,0
"13063","5","22112","77","0","2023","4","N",9,0,0,0,0,0,0,0,"N",2.71,0,0,0,0,0,0,0,"N",0,0.0,0,0,0,0,0,0,0,0,0,0,0,0,0,0
"13063","5","221121","78","0","2023","4","N",1,0,0,0,0,0,0,0,"N",2.59,0,0,0,0,0,0,0,"N",0,0.0,0,0,0,0,0,0,0,0,0,0,0,0,0,0
"13063","5","221122","78","0","2023","4","N",8,0,0,0,0,0,0,0,"N",2.73,0,0,0,0,0,0,0,"N",0,0.0,0,0,0,0,0,0,0,0,0,0,0,0,0,0
"13063","5","2212","76","0","2023","4","N",2,0,0,0,0,0,0,0,"N",1.33,0,0,0,0,0,0,0,"N",0,0.0,0,0,0,0,0,0,0,0,0,0,0,0,0,0
"13063","5","22121","77","0","2023","4","N",2,0,0,0,0,0,0,0,"N",1.33,0,0,0,0,0,0,0,"N",0,0.0,0,0,0,0,0,0,0,0,0,0,0,0,0,0
"13063","5","221210","78","0","2023","4","N",2,0,0,0,0,0,0,0,"N",1.33,0,0,0,0,0,0,0,"N",0,0.0,0,0,0,0,0,0,0,0,0,0,0,0,0,0
"13063","5","2213","76","0","2023","4","N",2,0,0,0,0,0,0,0,"N",0.66,0,0,0,0,0,0,0,"N",0,0.0,0,0,0,0,0,0,0,0,0,0,0,0,0,0
"13063","5","22131","77","0","2023","4","N",1,0,0,0,0,0,0,0,"N",0.38,0,0,0,0,0,0,0,"N",0,0.0,0,0,0,0,0,0,0,0,0,0,0,0,0,0
"13063","5","221310","78","0","2023","4","N",1,0,0,0,0,0,0,0,"N",0.38,0,0,0,0,0,0,0,"N",0,0.0,0,0,0,0,0,0,0,0,0,0,0,0,0,0
"13063","5","22132","77","0","2023","4","N",1,0,0,0,0,0,0,0,"N",2.95,0,0,0,0,0,0,0,"N",0,0.0,0,0,0,0,0,0,0,0,0,0,0,0,0,0
"13063","5","221320","78","0","2023","4","N",1,0,0,0,0,0,0,0,"N",2.95,0,0,0,0,0,0,0,"N",0,0.0,0,0,0,0,0,0,0,0,0,0,0,0,0,0
"13063","5","23","74","0","2023","4","N",248,0,0,0,0,0,0,0,"N",0.59,0,0,0,0,0,0,0,"N",-25,-9.2,0,0,0,0,0,0,0,0,0,0,0,0,0,0
"13063","5","236","75","0","2023","4","N",72,0,0,0,0,0,0,0,"N",0.55,0,0,0,0,0,0,0,"N",-10,-12.2,0,0,0,0,0,0,0,0,0,0,0,0,0,0
"13063","5","2361","76","0","2023","4","N",56,0,0,0,0,0,0,0,"N",0.54,0,0,0,0,0,0,0,"N",-7,-11.1,0,0,0,0,0,0,0,0,0,0,0,0,0,0
"13063","5","23611","77","0","2023","4","N",56,0,0,0,0,0,0,0,"N",0.54,0,0,0,0,0,0,0,"N",-7,-11.1,0,0,0,0,0,0,0,0,0,0,0,0,0,0
"13063","5","236115","78","0","2023","4","",33,69,65,67,1288768,73861,1053,1480,"",0.80,0.21,0.20,0.20,0.19,0.13,0.16,0.94,"",0,0.0,-41,-37.3,-5,-7.1,-1,-1.5,-439648,-25.4,-316483,-81.1,-9467,-90.0,-128,-8.0
"13063","5","236116","78","0","2023","4","N",1,0,0,0,0,0,0,0,"N",0.43,0,0,0,0,0,0,0,"N",0,0.0,0,0,0,0,0,0,0,0,0,0,0,0,0,0
"13063","5","236118","78","0","2023","4","N",22,0,0,0,0,0,0,0,"N",0.38,0,0,0,0,0,0,0,"N",-6,-21.4,0,0,0,0,0,0,0,0,0,0,0,0,0,0
"13063","5","2362","76","0","2023","4","",16,154,171,172,3671720,181106,1418,1705,"",0.56,0.20,0.23,0.23,0.19,0.19,0.07,0.86,"",-3,-15.8,33,27.3,54,46.2,36,26.5,700904,23.6,26408,17.1,-88,-5.8,-128,-7.0
"13063","5","23622","77","0","2023","4","",16,154,171,172,3671720,181106,1418,1705,"",0.62,0.25,0.27,0.28,0.23,0.24,0.10,0.85,"",-3,-15.8,33,27.3,54,46.2,36,26.5,700904,23.6,26408,17.1,-88,-5.8,-128,-7.0
"13063","5","236220","78","0","2023","4","",16,154,171,172,3671720,181106,1418,1705,"",0.62,0.25,0.27,0.28,0.23,0.24,0.10,0.85,"",-3,-15.8,33,27.3,54,46.2,36,26.5,700904,23.6,26408,17.1,-88,-5.8,-128,-7.0
"13063","5","237","75","0","2023","4","",14,1086,1122,1084,23747522,1491076,17587,1665,"",0.53,1.10,1.16,1.16,1.06,1.09,0.54,0.93,"",1,7.7,40,3.8,43,4.0,-44,-3.9,70082,0.3,-507950,-25.4,-6545,-27.1,-15,-0.9
"13063","5","2371","76","0","2023","4","",9,1023,1059,1018,22684129,1465092,16673,1689,"",0.66,1.99,2.09,2.05,1.94,1.85,0.92,0.95,"",1,12.5,32,3.2,35,3.4,-55,-5.1,-182137,-0.8,-522965,-26.3,-6948,-29.4,-20,-1.2
"13063","5","23711","77","0","2023","4","",5,37,37,38,979674,115220,2901,2019,"",0.85,0.21,0.21,0.22,0.25,0.54,0.73,1.21,"",1,25.0,-73,-66.4,-63,-63.0,-47,-55.3,-1242378,-55.9,2090,1.8,15,0.5,281,16.2
"13063","5","237110","78","0","2023","4","",5,37,37,38,979674,115220,2901,2019,"",0.85,0.21,0.21,0.22,0.25,0.54,0.73,1.21,"",1,25.0,-73,-66.4,-63,-63.0,-47,-55.3,-1242378,-55.9,2090,1.8,15,0.5,281,16.2
"13063","5","23713","77","0","2023","4","",4,986,1022,980,21704455,1349872,13772,1676,"",0.69,4.73,4.94,4.79,4.50,4.06,1.98,0.93,"",0,0.0,105,11.9,98,10.6,-8,-0.8,1060241,5.1,-525055,-28.0,-6963,-33.6,-30,-1.8
"13063","5","237130","78","0","2023","4","",4,986,1022,980,21704455,1349872,13772,1676,"",0.69,4.73,4.94,4.79,4.50,4.06,1.98,0.93,"",0,0.0,105,11.9,98,10.6,-8,-0.8,1060241,5.1,-525055,-28.0,-6963,-33.6,-30,-1.8
"13063","5","2373","76","0","2023","4","N",3,0,0,0,0,0,0,0,"N",0.55,0,0,0,0,0,0,0,"N",0,0.0,0,0,0,0,0,0,0,0,0,0,0,0,0,0
"13063","5","23731","77","0","2023","4","N",3,0,0,0,0,0,0,0,"N",0.55,0,0,0,0,0,0,0,"N",0,0.0,0,0,0,0,0,0,0,0,0,0,0,0,0,0
"13063","5","237310","78","0","2023","4","N",3,0,0,0,0,0,0,0,"N",0.55,0,0,0,0,0,0,0,"N",0,0.0,0,0,0,0,0,0,0,0,0,0,0,0,0,0
"13063","5","2379","76","0","2023","4","N",2,0,0,0,0,0,0,0,"N",0.45,0,0,0,0,0,0,0,"N",0,0.0,0,0,0,0,0,0,0,0,0,0,0,0,0,0
"13063","5","23799","77","0","2023","4","N",2,0,0,0,0,0,0,0,"N",0.45,0,0,0,0,0,0,0,"N",0,0.0,0,0,0,0,0,0,0,0,0,0,0,0,0,0
"13063","5","237990","78","0","2023","4","N",2,0,0,0,0,0,0,0,"N",0.45,0,0,0,0,0,0,0,"N",0,0.0,0,0,0,0,0,0,0,0,0,0,0,0,0,0
"13063","5","238","75","0","2023","4","",162,2286,2288,2280,47137659,2575394,34803,1587,"",0.61,0.52,0.52,0.53,0.58,0.42,0.32,1.11,"",-16,-9.0,127,5.9,146,6.8,99,4.5,5483841,13.2,27555,1.1,-5274,-13.2,104,7.0
"13063","5","2381","76","0","2023","4","",45,654,691,709,13756724,914223,4970,1546,"",0.85,0.76,0.81,0.84,0.92,0.68,0.21,1.14,"",-8,-15.1,46,7.6,74,12.0,64,9.9,3401041,32.8,85983,10.4,-4774,-49.0,268,21.0
"13063","5","23811","77","0","2023","4","",6,85,109,126,1791369,489021,293,1292,"",0.54,0.38,0.49,0.58,0.45,1.44,0.05,0.94,"",-2,-25.0,25,41.7,50,84.7,63,100.0,858053,91.9,449665,1142.6,77,35.6,109,9.2
"13063","5","238111","78","0","2023","4","N",1,0,0,0,0,0,0,0,"N",0.12,0,0,0,0,0,0,0,"N",0,0.0,0,0,0,0,0,0,0,0,0,0,0,0,0,0
"13063","5","238112","78","0","2023","4","N",5,0,0,0,0,0,0,0,"N",1.70,0,0,0,0,0,0,0,"N",-2,-28.6,0,0,0,0,0,0,0,0,0,0,0,0,0,0
"13063","5","23812","77","0","2023","4","N",3,0,0,0,0,0,0,0,"N",1.18,0,0,0,0,0,0,0,"N",1,50.0,0,0,0,0,0,0,0,0,0,0,0,0,0,0
"13063","5","238122","78","0","2023","4","N",3,0,0,0,0,0,0,0,"N",1.64,0,0,0,0,0,0,0,"N",1,50.0,0,0,0,0,0,0,0,0,0,0,0,0,0,0
"13063","5","23813","77","0","2023","4","N",2,0,0,0,0,0,0,0,"N",0.37,0,0,0,0,0,0,0,"N",-2,-50.0,0,0,0,0,0,0,0,0,0,0,0,0,0,0
"13063","5","238131","78","0","2023","4","N",1,0,0,0,0,0,0,0,"N",0.22,0,0,0,0,0,0,0,"N",-2,-66.7,0,0,0,0,0,0,0,0,0,0,0,0,0,0
"13063","5","238132","78","0","2023","4","N",1,0,0,0,0,0,0,0,"N",1.39,0,0,0,0,0,0,0,"N",0,0.0,0,0,0,0,0,0,0,0,0,0,0,0,0,0
"13063","5","23814","77","0","2023","4","",7,5,5,5,40300,1900,1,620,"",0.78,0.04,0.04,0.04,0.02,0.01,0.00,0.51,"",-4,-36.4,-2,-28.6,0,0.0,0,0.0,-19787,-32.9,-2300,-54.8,-62,-98.4,-196,-24.0
"13063","5","238141","78","0","2023","4","N",3,0,0,0,0,0,0,0,"N",0.44,0,0,0,0,0,0,0,"N",-2,-40.0,0,0,0,0,0,0,0,0,0,0,0,0,0,0
"13063","5","238142","78","0","2023","4","N",4,0,0,0,0,0,0,0,"N",1.84,0,0,0,0,0,0,0,"N",-2,-33.3,0,0,0,0,0,0,0,0,0,0,0,0,0,0
"13063","5","23815","77","0","2023","4","",8,109,109,107,1873450,67851,670,1330,"",2.26,1.73,1.73,1.69,1.60,0.88,0.47,0.93,"",0,0.0,17,18.5,19,21.1,12,12.6,629780,50.6,-71929,-51.5,-917,-57.8,294,28.4
"13063","5","238151","78","0","2023","4","N",3,0,0,0,0,0,0,0,"N",1.44,0,0,0,0,0,0,0,"N",0,0.0,0,0,0,0,0,0,0,0,0,0,0,0,0,0
"13063","5","238152","78","0","2023","4","N",5,0,0,0,0,0,0,0,"N",3.41,0,0,0,0,0,0,0,"N",0,0.0,0,0,0,0,0,0,0,0,0,0,0,0,0,0
"13063","5","23816","77","0","2023","4","",10,315,323,327,7577352,172192,1003,1812,"",0.73,1.48,1.54,1.57,1.97,0.58,0.21,1.29,"",0,0.0,37,13.3,34,11.8,23,7.6,2137498,39.3,-100312,-36.8,-1275,-56.0,371,25.7
"13063","5","238161","78","0","2023","4","",6,11,10,10,96000,0,0,715,"",0.55,0.10,0.09,0.09,0.05,0.00,0.00,0.56,"",0,0.0,0,0.0,-1,-9.1,-1,-9.1,-7049,-6.8,-450,-100.0,-12,-100.0,-6,-0.8
"13063","5","238162","78","0","2023","4","",4,304,313,317,7481352,172192,1003,1848,"",1.43,3.05,3.18,3.25,3.76,1.48,0.42,1.19,"",0,0.0,37,13.9,35,12.6,24,8.2,2144547,40.2,-99862,-36.7,-1263,-55.7,378,25.7
"13063","5","23817","77","0","2023","4","N",2,0,0,0,0,0,0,0,"N",0.50,0,0,0,0,0,0,0,"N",-2,-50.0,0,0,0,0,0,0,0,0,0,0,0,0,0,0
"13063","5","238171","78","0","2023","4","N",1,0,0,0,0,0,0,0,"N",0.27,0,0,0,0,0,0,0,"N",-2,-66.7,0,0,0,0,0,0,0,0,0,0,0,0,0,0
"13063","5","238172","78","0","2023","4","N",1,0,0,0,0,0,0,0,"N",3.82,0,0,0,0,0,0,0,"N",0,0.0,0,0,0,0,0,0,0,0,0,0,0,0,0,0
"13063","5","23819","77","0","2023","4","",7,9,9,9,153295,900,1,1310,"",1.89,0.20,0.20,0.21,0.19,0.01,0.00,0.95,"",1,16.7,-10,-52.6,-9,-50.0,-10,-52.6,-119560,-43.8,-9756,-91.6,-322,-99.7,186,16.5
"13063","5","238191","78","0","2023","4","N",2,0,0,0,0,0,0,0,"N",0.92,0,0,0,0,0,0,0,"N",1,100.0,0,0,0,0,0,0,0,0,0,0,0,0,0,0
"13063","5","238192","78","0","2023","4","N",5,0,0,0,0,0,0,0,"N",3.28,0,0,0,0,0,0,0,"N",0,0.0,0,0,0,0,0,0,0,0,0,0,0,0,0,0
"13063","5","2382","76","0","2023","4","",70,980,932,920,18329091,1029982,21332,1494,"",0.67,0.46,0.44,0.43,0.43,0.38,0.47,0.98,"",-4,-5.4,56,6.1,42,4.7,25,2.8,1355619,8.0,23283,2.3,695,3.4,48,3.3
"13063","5","23821","77","0","2023","4","",26,387,364,347,7272582,557390,10907,1528,"",0.58,0.42,0.40,0.38,0.39,0.45,0.50,0.98,"",-2,-7.1,63,19.4,54,17.4,31,9.8,807851,12.5,88712,18.9,1076,10.9,-42,-2.7
"13063","5","238211","78","0","2023","4","",10,25,25,26,337018,51708,1467,1023,"",0.37,0.08,0.08,0.08,0.07,0.11,0.24,0.80,"",0,0.0,0,0.0,-3,-10.7,0,0.0,33627,11.1,3706,7.7,748,104.0,137,15.5
"13063","5","238212","78","0","2023","4","",16,362,339,321,6935564,505682,9440,1566,"",0.92,0.60,0.56,0.52,0.52,0.67,0.61,0.93,"",-2,-11.1,63,21.1,57,20.2,31,10.7,774224,12.6,85006,20.2,328,3.6,-66,-4.0
"13063","5","23822","77","0","2023","4","",39,510,490,492,9474162,323986,6690,1465,"",0.71,0.47,0.45,0.45,0.46,0.25,0.32,1.00,"",-1,-2.5,-35,-6.4,-33,-6.3,-30,-5.7,162905,1.7,-24802,-7.1,803,13.6,114,8.4
"13063","5","238221","78","0","2023","4","",19,247,236,238,4277035,166759,2489,1369,"",0.46,0.43,0.42,0.42,0.46,0.23,0.28,1.09,"",-1,-5.0,11,4.7,11,4.9,11,4.8,404009,10.4,4752,2.9,901,56.7,70,5.4
"13063","5","238222","78","0","2023","4","",20,263,254,254,5197127,157227,4201,1556,"",1.50,0.51,0.50,0.49,0.46,0.27,0.35,0.91,"",0,0.0,-46,-14.9,-44,-14.8,-41,-13.9,-241104,-4.4,-29554,-15.8,-98,-2.3,165,11.9
"13063","5","23829","77","0","2023","4","",5,83,78,81,1582347,148606,3735,1509,"",0.89,0.63,0.59,0.61,0.51,0.91,1.11,0.83,"",-1,-16.7,28,50.9,21,36.8,24,42.1,384863,32.1,-40627,-21.5,-1184,-24.1,-126,-7.7
"13063","5","238291","78","0","2023","4","N",1,0,0,0,0,0,0,0,"N",0.70,0,0,0,0,0,0,0,"N",0,0.0,0,0,0,0,0,0,0,0,0,0,0,0,0,0
"13063","5","238292","78","0","2023","4","N",4,0,0,0,0,0,0,0,"N",0.95,0,0,0,0,0,0,0,"N",-1,-20.0,0,0,0,0,0,0,0,0,0,0,0,0,0,0
"13063","5","2383","76","0","2023","4","",25,222,221,224,5672553,108365,833,1963,"",0.40,0.31,0.31,0.31,0.49,0.10,0.04,1.57,"",0,0.0,4,1.8,7,3.3,6,2.8,412167,7.8,-84167,-43.7,93,12.6,95,5.1
"13063","5","23831","77","0","2023","4","",5,21,22,20,256996,20441,279,941,"",0.50,0.10,0.10,0.09,0.07,0.06,0.04,0.69,"",0,0.0,-2,-8.7,0,0.0,-2,-9.1,-43029,-14.3,-14631,-41.7,129,86.0,-92,-8.9
"13063","5","238311","78","0","2023","4","",5,21,22,20,256996,20441,279,941,"",0.69,0.20,0.21,0.19,0.17,0.11,0.12,0.82,"",0,0.0,-2,-8.7,0,0.0,-2,-9.1,-43029,-14.3,-14631,-41.7,129,86.0,-92,-8.9
"13063","5","23832","77","0","2023","4","",7,3,3,5,61497,4800,130,1290,"",0.37,0.02,0.02,0.03,0.02,0.02,0.03,1.16,"",-3,-30.0,-3,-50.0,-2,-40.0,-1,-16.7,4598,8.1,-12249,-71.8,-330,-71.7,518,67.1
"13063","5","238321","78","0","2023","4","",7,3,3,5,61497,4800,130,1290,"",0.43,0.03,0.03,0.05,0.04,0.02,0.05,1.34,"",-3,-30.0,-3,-50.0,-2,-40.0,-1,-16.7,4598,8.1,-12249,-71.8,-330,-71.7,518,67.1
"13063","5","23833","77","0","2023","4","N",2,0,0,0,0,0,0,0,"N",0.23,0,0,0,0,0,0,0,"N",0,0.0,0,0,0,0,0,0,0,0,0,0,0,0,0,0
"13063","5","238331","78","0","2023","4","N",2,0,0,0,0,0,0,0,"N",0.27,0,0,0,0,0,0,0,"N",0,0.0,0,0,0,0,0,0,0,0,0,0,0,0,0,0
"13063","5","23834","77","0","2023","4","N",2,0,0,0,0,0,0,0,"N",0.41,0,0,0,0,0,0,0,"N",1,100.0,0,0,0,0,0,0,0,0,0,0,0,0,0,0
"13063","5","238341","78","0","2023","4","N",1,0,0,0,0,0,0,0,"N",0.23,0,0,0,0,0,0,0,"N",1,100.0,0,0,0,0,0,0,0,0,0,0,0,0,0,0
"13063","5","238342","78","0","2023","4","N",1,0,0,0,0,0,0,0,"N",1.76,0,0,0,0,0,0,0,"N",0,0.0,0,0,0,0,0,0,0,0,0,0,0,0,0,0
"13063","5","23835","77","0","2023","4","",6,11,11,12,183572,2730,89,1246,"",0.40,0.08,0.08,0.09,0.08,0.01,0.03,1.01,"",1,20.0,1,10.0,2,22.2,3,33.3,42404,30.0,-3120,-53.3,87,4350.0,83,7.1
"13063","5","238351","78","0","2023","4","N",5,0,0,0,0,0,0,0,"N",0.38,0,0,0,0,0,0,0,"N",0,0.0,0,0,0,0,0,0,0,0,0,0,0,0,0,0
"13063","5","238352","78","0","2023","4","N",1,0,0,0,0,0,0,0,"N",0.60,0,0,0,0,0,0,0,"N",1,100.0,0,0,0,0,0,0,0,0,0,0,0,0,0,0
"13063","5","23839","77","0","2023","4","N",3,0,0,0,0,0,0,0,"N",0.62,0,0,0,0,0,0,0,"N",1,50.0,0,0,0,0,0,0,0,0,0,0,0,0,0,0
"13063","5","238391","78","0","2023","4","N",1,0,0,0,0,0,0,0,"N",0.36,0,0,0,0,0,0,0,"N",1,100.0,0,0,0,0,0,0,0,0,0,0,0,0,0,0
"13063","5","238392","78","0","2023","4","N",2,0,0,0,0,0,0,0,"N",0.97,0,0,0,0,0,0,0,"N",0,0.0,0,0,0,0,0,0,0,0,0,0,0,0,0,0
"13063","5","2389","76","0","2023","4","",22,430,444,427,9379291,522824,7668,1664,"",0.50,0.63,0.66,0.66,0.77,0.56,0.40,1.18,"",-4,-15.4,21,5.1,23,5.5,4,0.9,315014,3.5,2456,0.5,-1288,-14.4,-5,-0.3
"13063","5","23891","77","0","2023","4","",8,195,205,192,3726703,324850,5493,1453,"",0.43,0.57,0.61,0.58,0.59,0.68,0.62,1.02,"",-3,-27.3,6,3.2,12,6.2,-6,-3.0,263270,7.6,48129,17.4,121,2.3,75,5.4
"13063","5","238911","78","0","2023","4","N",1,0,0,0,0,0,0,0,"N",0.09,0,0,0,0,0,0,0,"N",-2,-66.7,0,0,0,0,0,0,0,0,0,0,0,0,0,0
"13063","5","238912","78","0","2023","4","N",7,0,0,0,0,0,0,0,"N",0.90,0,0,0,0,0,0,0,"N",-1,-12.5,0,0,0,0,0,0,0,0,0,0,0,0,0,0
"13063","5","23899","77","0","2023","4","",14,235,239,235,5652588,197974,2175,1840,"",0.55,0.69,0.72,0.75,0.95,0.43,0.22,1.33,"",-1,-6.7,15,6.8,11,4.8,10,4.4,51744,0.9,-45673,-18.7,-1409,-39.3,-81,-4.2
"13063","5","238991","78","0","2023","4","N",8,0,0,0,0,0,0,0,"N",0.47,0,0,0,0,0,0,0,"N",1,14.3,0,0,0,0,0,0,0,0,0,0,0,0,0,0
"13063","5","238992","78","0","2023","4","N",6,0,0,0,0,0,0,0,"N",0.73,0,0,0,0,0,0,0,"N",-2,-25.0,0,0,0,0,0,0,0,0,0,0,0,0,0,0
"13063","5","31-33","74","0","2023","4","",135,5505,5488,5519,92960106,4770910,73376,1299,"",0.75,0.50,0.50,0.50,0.41,0.49,0.71,0.82,"",-1,-0.7,-13,-0.2,-38,-0.7,-1,0.0,4259307,4.8,-542871,-10.2,24656,50.6,63,5.1
"13063","5","311","75","0","2023","4","",12,1833,1828,1844,24883856,1957478,37703,1043,"",0.64,1.23,1.23,1.23,1.15,1.01,1.95,0.93,"",0,0.0,20,1.1,-1,-0.1,63,3.5,1548568,6.6,-404776,-17.1,21978,139.8,50,5.0
"13063","5","3116","76","0","2023","4","",3,344,376,379,5194575,654203,1992,1091,"",1.44,0.74,0.80,0.80,0.85,1.12,0.56,1.09,"",-1,-25.0,-56,-14.0,17,4.7,35,10.2,308699,6.3,-95446,-12.7,-5265,-72.6,69,6.8
"13063","5","31161","77","0","2023","4","",3,344,376,379,5194575,654203,1992,1091,"",1.44,0.74,0.80,0.80,0.85,1.12,0.56,1.09,"",-1,-25.0,-56,-14.0,17,4.7,35,10.2,308699,6.3,-95446,-12.7,-5265,-72.6,69,6.8
"13063","5","311612","78","0","2023","4","N",1,0,0,0,0,0,0,0,"N",1.12,0,0,0,0,0,0,0,"N",0,0.0,0,0,0,0,0,0,0,0,0,0,0,0,0,0
"13063","5","311615","78","0","2023","4","N",2,0,0,0,0,0,0,0,"N",5.29,0,0,0,0,0,0,0,"N",-1,-33.3,0,0,0,0,0,0,0,0,0,0,0,0,0,0
"13063","5","3118","76","0","2023","4","N",7,0,0,0,0,0,0,0,"N",0.98,0,0,0,0,0,0,0,"N",1,16.7,0,0,0,0,0,0,0,0,0,0,0,0,0,0
"13063","5","31181","77","0","2023","4","",4,18,14,17,89493,29277,779,421,"",0.63,0.08,0.06,0.08,0.04,0.09,0.23,0.48,"N",0,0.0,0,0,0,0,0,0,0,0,0,0,0,0,0,0
"13063","5","311811","78","0","2023","4","",4,18,14,17,89493,29277,779,421,"",0.94,0.21,0.16,0.19,0.14,0.22,0.53,0.75,"N",0,0.0,0,0,0,0,0,0,0,0,0,0,0,0,0,0
"13063","5","31182","77","0","2023","4","N",3,0,0,0,0,0,0,0,"N",5.22,0,0,0,0,0,0,0,"N",1,50.0,0,0,0,0,0,0,0,0,0,0,0,0,0,0
"13063","5","311824","78","0","2023","4","N",3,0,0,0,0,0,0,0,"N",13.13,0,0,0,0,0,0,0,"N",1,50.0,0,0,0,0,0,0,0,0,0,0,0,0,0,0
"13063","5","3119","76","0","2023","4","N",2,0,0,0,0,0,0,0,"N",0.54,0,0,0,0,0,0,0,"N",0,0.0,0,0,0,0,0,0,0,0,0,0,0,0,0,0
"13063","5","31199","77","0","2023","4","N",2,0,0,0,0,0,0,0,"N",1.13,0,0,0,0,0,0,0,"N",0,0.0,0,0,0,0,0,0,0,0,0,0,0,0,0,0
"13063","5","311991","78","0","2023","4","N",2,0,0,0,0,0,0,0,"N",2.41,0,0,0,0,0,0,0,"N",0,0.0,0,0,0,0,0,0,0,0,0,0,0,0,0,0
"13063","5","312","75","0","2023","4","N",1,0,0,0,0,0,0,0,"N",0.13,0,0,0,0,0,0,0,"N",1,100.0,0,0,0,0,0,0,0,0,0,0,0,0,0,0
"13063","5","3121","76","0","2023","4","N",1,0,0,0,0,0,0,0,"N",0.14,0,0,0,0,0,0,0,"N",1,100.0,0,0,0,0,0,0,0,0,0,0,0,0,0,0
"13063","5","31211","77","0","2023","4","N",1,0,0,0,0,0,0,0,"N",0.83,0,0,0,0,0,0,0,"N",1,100.0,0,0,0,0,0,0,0,0,0,0,0,0,0,0
"13063","5","312111","78","0","2023","4","N",1,0,0,0,0,0,0,0,"N",1.70,0,0,0,0,0,0,0,"N",1,100.0,0,0,0,0,0,0,0,0,0,0,0,0,0,0
"13063","5","313","75","0","2023","4","N",2,0,0,0,0,0,0,0,"N",1.59,0,0,0,0,0,0,0,"N",0,0.0,0,0,0,0,0,0,0,0,0,0,0,0,0,0
"13063","5","3133","76","0","2023","4","N",2,0,0,0,0,0,0,0,"N",3.41,0,0,0,0,0,0,0,"N",0,0.0,0,0,0,0,0,0,0,0,0,0,0,0,0,0
"13063","5","31331","77","0","2023","4","N",2,0,0,0,0,0,0,0,"N",4.06,0,0,0,0,0,0,0,"N",0,0.0,0,0,0,0,0,0,0,0,0,0,0,0,0,0
"13063","5","313310","78","0","2023","4","N",2,0,0,0,0,0,0,0,"N",4.06,0,0,0,0,0,0,0,"N",0,0.0,0,0,0,0,0,0,0,0,0,0,0,0,0,0
"13063","5","314","75","0","2023","4","N",2,0,0,0,0,0,0,0,"N",0.69,0,0,0,0,0,0,0,"N",0,0.0,0,0,0,0,0,0,0,0,0,0,0,0,0,0
"13063","5","3149","76","0","2023","4","N",2,0,0,0,0,0,0,0,"N",0.92,0,0,0,0,0,0,0,"N",0,0.0,0,0,0,0,0,0,0,0,0,0,0,0,0,0
"13063","5","31499","77","0","2023","4","N",2,0,0,0,0,0,0,0,"N",1.41,0,0,0,0,0,0,0,"N",0,0.0,0,0,0,0,0,0,0,0,0,0,0,0,0,0
"13063","5","314999","78","0","2023","4","N",2,0,0,0,0,0,0,0,"N",1.49,0,0,0,0,0,0,0,"N",0,0.0,0,0,0,0,0,0,0,0,0,0,0,0,0,0
"13063","5","321","75","0","2023","4","",7,117,111,115,1534988,22640,21,1033,"",0.96,0.33,0.31,0.32,0.29,0.05,0.00,0.89,"",0,0.0,-11,-8.6,-14,-11.2,-8,-6.5,-164327,-9.7,-26734,-54.1,-269,-92.8,-10,-1.0
"13063","5","3211","76","0","2023","4","-",0,0,0,0,0,0,0,0,"N",0.00,0,0,0,0,0,0,0,"N",-1,-100.0,0,0,0,0,0,0,0,0,0,0,0,0,0,0
"13063","5","32111","77","0","2023","4","-",0,0,0,0,0,0,0,0,"N",0.00,0,0,0,0,0,0,0,"N",-1,-100.0,0,0,0,0,0,0,0,0,0,0,0,0,0,0
"13063","5","321113","78","0","2023","4","-",0,0,0,0,0,0,0,0,"N",0.00,0,0,0,0,0,0,0,"N",-1,-100.0,0,0,0,0,0,0,0,0,0,0,0,0,0,0
"13063","5","3212","76","0","2023","4","N",1,0,0,0,0,0,0,0,"N",1.20,0,0,0,0,0,0,0,"N",0,0.0,0,0,0,0,0,0,0,0,0,0,0,0,0,0
"13063","5","32121","77","0","2023","4","N",1,0,0,0,0,0,0,0,"N",1.20,0,0,0,0,0,0,0,"N",0,0.0,0,0,0,0,0,0,0,0,0,0,0,0,0,0
"13063","5","321215","78","0","2023","4","N",1,0,0,0,0,0,0,0,"N",1.89,0,0,0,0,0,0,0,"N",0,0.0,0,0,0,0,0,0,0,0,0,0,0,0,0,0
"13063","5","3219","76","0","2023","4","N",6,0,0,0,0,0,0,0,"N",1.22,0,0,0,0,0,0,0,"N",1,20.0,0,0,0,0,0,0,0,0,0,0,0,0,0,0
"13063","5","32191","77","0","2023","4","N",2,0,0,0,0,0,0,0,"N",1.27,0,0,0,0,0,0,0,"N",0,0.0,0,0,0,0,0,0,0,0,0,0,0,0,0,0
"13063","5","321918","78","0","2023","4","N",2,0,0,0,0,0,0,0,"N",2.57,0,0,0,0,0,0,0,"N",0,0.0,0,0,0,0,0,0,0,0,0,0,0,0,0,0
"13063","5","32192","77","0","2023","4","N",3,0,0,0,0,0,0,0,"N",2.09,0,0,0,0,0,0,0,"N",1,50.0,0,0,0,0,0,0,0,0,0,0,0,0,0,0
"13063","5","321920","78","0","2023","4","N",3,0,0,0,0,0,0,0,"N",2.09,0,0,0,0,0,0,0,"N",1,50.0,0,0,0,0,0,0,0,0,0,0,0,0,0,0
"13063","5","32199","77","0","2023","4","N",1,0,0,0,0,0,0,0,"N",0.53,0,0,0,0,0,0,0,"N",0,0.0,0,0,0,0,0,0,0,0,0,0,0,0,0,0
"13063","5","321999","78","0","2023","4","N",1,0,0,0,0,0,0,0,"N",0.79,0,0,0,0,0,0,0,"N",0,0.0,0,0,0,0,0,0,0,0,0,0,0,0,0,0
"13063","5","322","75","0","2023","4","",5,173,167,168,3320705,98247,1321,1508,"",1.96,0.57,0.55,0.55,0.57,0.44,0.62,1.02,"",-1,-16.7,24,16.1,19,12.8,-16,-8.7,445423,15.5,-53436,-35.2,-349,-20.9,129,9.4
"13063","5","3221","76","0","2023","4","N",1,0,0,0,0,0,0,0,"N",2.53,0,0,0,0,0,0,0,"N",0,0.0,0,0,0,0,0,0,0,0,0,0,0,0,0,0
"13063","5","32212","77","0","2023","4","N",1,0,0,0,0,0,0,0,"N",4.32,0,0,0,0,0,0,0,"N",0,0.0,0,0,0,0,0,0,0,0,0,0,0,0,0,0
"13063","5","322120","78","0","2023","4","N",1,0,0,0,0,0,0,0,"N",4.32,0,0,0,0,0,0,0,"N",0,0.0,0,0,0,0,0,0,0,0,0,0,0,0,0,0
"13063","5","3222","76","0","2023","4","N",4,0,0,0,0,0,0,0,"N",1.86,0,0,0,0,0,0,0,"N",-1,-20.0,0,0,0,0,0,0,0,0,0,0,0,0,0,0
"13063","5","32221","77","0","2023","4","N",4,0,0,0,0,0,0,0,"N",3.63,0,0,0,0,0,0,0,"N",0,0.0,0,0,0,0,0,0,0,0,0,0,0,0,0,0
"13063","5","322211","78","0","2023","4","N",3,0,0,0,0,0,0,0,"N",4.07,0,0,0,0,0,0,0,"N",0,0.0,0,0,0,0,0,0,0,0,0,0,0,0,0,0
"13063","5","322219","78","0","2023","4","N",1,0,0,0,0,0,0,0,"N",5.60,0,0,0,0,0,0,0,"N",0,0.0,0,0,0,0,0,0,0,0,0,0,0,0,0,0
"13063","5","323","75","0","2023","4","",18,41,37,40,439238,32857,379,859,"",1.41,0.13,0.12,0.13,0.10,0.11,0.13,0.76,"",-1,-5.3,-5,-10.9,-5,-11.9,-13,-24.5,-193325,-30.6,-4227,-11.4,-452,-54.4,-176,-17.0
"13063","5","3231","76","0","2023","4","",18,41,37,40,439238,32857,379,859,"",1.41,0.13,0.12,0.13,0.10,0.11,0.13,0.76,"",-1,-5.3,-5,-10.9,-5,-11.9,-13,-24.5,-193325,-30.6,-4227,-11.4,-452,-54.4,-176,-17.0
"13063","5","32311","77","0","2023","4","N",17,0,0,0,0,0,0,0,"N",1.40,0,0,0,0,0,0,0,"N",-1,-5.6,0,0,0,0,0,0,0,0,0,0,0,0,0,0
"13063","5","323111","78","0","2023","4","",16,34,34,33,407289,30180,377,931,"",1.90,0.15,0.15,0.15,0.12,0.14,0.19,0.77,"",-1,-5.9,-4,-10.5,-5,-12.8,-13,-28.3,-178536,-30.5,-4370,-12.6,-453,-54.6,-168,-15.3
"13063","5","323113","78","0","2023","4","N",1,0,0,0,0,0,0,0,"N",0.29,0,0,0,0,0,0,0,"N",0,0.0,0,0,0,0,0,0,0,0,0,0,0,0,0,0
"13063","5","32312","77","0","2023","4","N",1,0,0,0,0,0,0,0,"N",1.70,0,0,0,0,0,0,0,"N",0,0.0,0,0,0,0,0,0,0,0,0,0,0,0,0,0
"13063","5","323120","78","0","2023","4","N",1,0,0,0,0,0,0,0,"N",1.70,0,0,0,0,0,0,0,"N",0,0.0,0,0,0,0,0,0,0,0,0,0,0,0,0,0
"13063","5","324","75","0","2023","4","N",1,0,0,0,0,0,0,0,"N",0.87,0,0,0,0,0,0,0,"N",0,0.0,0,0,0,0,0,0,0,0,0,0,0,0,0,0
"13063","5","3241","76","0","2023","4","N",1,0,0,0,0,0,0,0,"N",0.87,0,0,0,0,0,0,0,"N",0,0.0,0,0,0,0,0,0,0,0,0,0,0,0,0,0
"13063","5","32412","77","0","2023","4","N",1,0,0,0,0,0,0,0,"N",1.68,0,0,0,0,0,0,0,"N",0,0.0,0,0,0,0,0,0,0,0,0,0,0,0,0,0
"13063","5","324121","78","0","2023","4","N",1,0,0,0,0,0,0,0,"N",2.19,0,0,0,0,0,0,0,"N",0,0.0,0,0,0,0,0,0,0,0,0,0,0,0,0,0
"13063","5","325","75","0","2023","4","",13,757,763,769,15842708,391339,3361,1597,"",1.15,1.00,1.01,1.01,0.81,0.75,0.69,0.81,"",-1,-7.1,-4,-0.5,-17,-2.2,-9,-1.2,118721,0.8,-193113,-33.0,-1403,-29.5,32,2.0
"13063","5","3251","76","0","2023","4","N",1,0,0,0,0,0,0,0,"N",0.56,0,0,0,0,0,0,0,"N",-1,-50.0,0,0,0,0,0,0,0,0,0,0,0,0,0,0
"13063","5","32518","77","0","2023","4","N",1,0,0,0,0,0,0,0,"N",2.18,0,0,0,0,0,0,0,"N",-1,-50.0,0,0,0,0,0,0,0,0,0,0,0,0,0,0
"13063","5","325180","78","0","2023","4","N",1,0,0,0,0,0,0,0,"N",2.18,0,0,0,0,0,0,0,"N",-1,-50.0,0,0,0,0,0,0,0,0,0,0,0,0,0,0
"13063","5","3252","76","0","2023","4","N",1,0,0,0,0,0,0,0,"N",1.12,0,0,0,0,0,0,0,"N",0,0.0,0,0,0,0,0,0,0,0,0,0,0,0,0,0
"13063","5","32521","77","0","2023","4","N",1,0,0,0,0,0,0,0,"N",1.27,0,0,0,0,0,0,0,"N",0,0.0,0,0,0,0,0,0,0,0,0,0,0,0,0,0
"13063","5","325211","78","0","2023","4","N",1,0,0,0,0,0,0,0,"N",1.45,0,0,0,0,0,0,0,"N",0,0.0,0,0,0,0,0,0,0,0,0,0,0,0,0,0
"13063","5","3254","76","0","2023","4","N",1,0,0,0,0,0,0,0,"N",0.29,0,0,0,0,0,0,0,"N",0,0.0,0,0,0,0,0,0,0,0,0,0,0,0,0,0
"13063","5","32541","77","0","2023","4","N",1,0,0,0,0,0,0,0,"N",0.29,0,0,0,0,0,0,0,"N",0,0.0,0,0,0,0,0,0,0,0,0,0,0,0,0,0
"13063","5","325412","78","0","2023","4","N",1,0,0,0,0,0,0,0,"N",0.46,0,0,0,0,0,0,0,"N",0,0.0,0,0,0,0,0,0,0,0,0,0,0,0,0,0
"13063","5","3255","76","0","2023","4","N",5,0,0,0,0,0,0,0,"N",4.41,0,0,0,0,0,0,0,"N",0,0.0,0,0,0,0,0,0,0,0,0,0,0,0,0,0
"13063","5","32551","77","0","2023","4","N",5,0,0,0,0,0,0,0,"N",6.27,0,0,0,0,0,0,0,"N",0,0.0,0,0,0,0,0,0,0,0,0,0,0,0,0,0
"13063","5","325510","78","0","2023","4","N",5,0,0,0,0,0,0,0,"N",6.27,0,0,0,0,0,0,0,"N",0,0.0,0,0,0,0,0,0,0,0,0,0,0,0,0,0
"13063","5","3256","76","0","2023","4","N",5,0,0,0,0,0,0,0,"N",2.79,0,0,0,0,0,0,0,"N",0,0.0,0,0,0,0,0,0,0,0,0,0,0,0,0,0
"13063","5","32561","77","0","2023","4","N",5,0,0,0,0,0,0,0,"N",5.15,0,0,0,0,0,0,0,"N",0,0.0,0,0,0,0,0,0,0,0,0,0,0,0,0,0
"13063","5","325611","78","0","2023","4","N",1,0,0,0,0,0,0,0,"N",1.89,0,0,0,0,0,0,0,"N",0,0.0,0,0,0,0,0,0,0,0,0,0,0,0,0,0
"13063","5","325612","78","0","2023","4","N",4,0,0,0,0,0,0,0,"N",10.59,0,0,0,0,0,0,0,"N",0,0.0,0,0,0,0,0,0,0,0,0,0,0,0,0,0
"13063","5","326","75","0","2023","4","",9,598,604,598,9987158,673335,9574,1280,"",1.39,0.97,0.98,0.96,0.95,1.23,1.78,0.98,"",0,0.0,7,1.2,11,1.9,-6,-1.0,-568946,-5.4,168089,33.3,5116,114.8,-82,-6.0
"13063","5","3261","76","0","2023","4","N",6,0,0,0,0,0,0,0,"N",1.09,0,0,0,0,0,0,0,"N",1,20.0,0,0,0,0,0,0,0,0,0,0,0,0,0,0
"13063","5","32611","77","0","2023","4","N",3,0,0,0,0,0,0,0,"N",3.88,0,0,0,0,0,0,0,"N",1,50.0,0,0,0,0,0,0,0,0,0,0,0,0,0,0
"13063","5","326111","78","0","2023","4","N",1,0,0,0,0,0,0,0,"N",4.13,0,0,0,0,0,0,0,"N",0,0.0,0,0,0,0,0,0,0,0,0,0,0,0,0,0
"13063","5","326113","78","0","2023","4","N",2,0,0,0,0,0,0,0,"N",7.73,0,0,0,0,0,0,0,"N",1,100.0,0,0,0,0,0,0,0,0,0,0,0,0,0,0
"13063","5","32616","77","0","2023","4","N",1,0,0,0,0,0,0,0,"N",3.82,0,0,0,0,0,0,0,"N",0,0.0,0,0,0,0,0,0,0,0,0,0,0,0,0,0
"13063","5","326160","78","0","2023","4","N",1,0,0,0,0,0,0,0,"N",3.82,0,0,0,0,0,0,0,"N",0,0.0,0,0,0,0,0,0,0,0,0,0,0,0,0,0
"13063","5","32619","77","0","2023","4","N",2,0,0,0,0,0,0,0,"N",0.65,0,0,0,0,0,0,0,"N",0,0.0,0,0,0,0,0,0,0,0,0,0,0,0,0,0
"13063","5","326199","78","0","2023","4","N",2,0,0,0,0,0,0,0,"N",0.68,0,0,0,0,0,0,0,"N",0,0.0,0,0,0,0,0,0,0,0,0,0,0,0,0,0
"13063","5","3262","76","0","2023","4","N",3,0,0,0,0,0,0,0,"N",3.08,0,0,0,0,0,0,0,"N",-1,-25.0,0,0,0,0,0,0,0,0,0,0,0,0,0,0
"13063","5","32621","77","0","2023","4","N",3,0,0,0,0,0,0,0,"N",13.50,0,0,0,0,0,0,0,"N",0,0.0,0,0,0,0,0,0,0,0,0,0,0,0,0,0
"13063","5","326212","78","0","2023","4","N",3,0,0,0,0,0,0,0,"N",21.81,0,0,0,0,0,0,0,"N",0,0.0,0,0,0,0,0,0,0,0,0,0,0,0,0,0
"13063","5","327","75","0","2023","4","",11,764,755,761,12890389,575239,4659,1305,"",1.38,2.15,2.13,2.14,1.99,1.79,1.05,0.93,"",0,0.0,-21,-2.7,-31,-3.9,2,0.3,119165,0.9,-135610,-19.1,-2900,-38.4,40,3.2
"13063","5","3271","76","0","2023","4","N",3,0,0,0,0,0,0,0,"N",4.44,0,0,0,0,0,0,0,"N",0,0.0,0,0,0,0,0,0,0,0,0,0,0,0,0,0
"13063","5","32711","77","0","2023","4","N",2,0,0,0,0,0,0,0,"N",5.47,0,0,0,0,0,0,0,"N",0,0.0,0,0,0,0,0,0,0,0,0,0,0,0,0,0
"13063","5","327110","78","0","2023","4","N",2,0,0,0,0,0,0,0,"N",5.47,0,0,0,0,0,0,0,"N",0,0.0,0,0,0,0,0,0,0,0,0,0,0,0,0,0
"13063","5","32712","77","0","2023","4","N",1,0,0,0,0,0,0,0,"N",3.23,0,0,0,0,0,0,0,"N",0,0.0,0,0,0,0,0,0,0,0,0,0,0,0,0,0
"13063","5","327120","78","0","2023","4","N",1,0,0,0,0,0,0,0,"N",3.23,0,0,0,0,0,0,0,"N",0,0.0,0,0,0,0,0,0,0,0,0,0,0,0,0,0
"13063","5","3272","76","0","2023","4","N",1,0,0,0,0,0,0,0,"N",1.10,0,0,0,0,0,0,0,"N",0,0.0,0,0,0,0,0,0,0,0,0,0,0,0,0,0
"13063","5","32721","77","0","2023","4","N",1,0,0,0,0,0,0,0,"N",1.10,0,0,0,0,0,0,0,"N",0,0.0,0,0,0,0,0,0,0,0,0,0,0,0,0,0
"13063","5","327215","78","0","2023","4","N",1,0,0,0,0,0,0,0,"N",1.79,0,0,0,0,0,0,0,"N",0,0.0,0,0,0,0,0,0,0,0,0,0,0,0,0,0
"13063","5","3273","76","0","2023","4","",4,269,273,272,4973156,294495,2202,1410,"",0.94,1.53,1.56,1.56,1.49,1.80,0.81,0.96,"",0,0.0,4,1.5,5,1.9,12,4.6,411483,9.0,-81630,-21.7,-2818,-56.1,83,6.3
"13063","5","32731","77","0","2023","4","N",1,0,0,0,0,0,0,0,"N",5.14,0,0,0,0,0,0,0,"N",0,0.0,0,0,0,0,0,0,0,0,0,0,0,0,0,0
"13063","5","327310","78","0","2023","4","N",1,0,0,0,0,0,0,0,"N",5.14,0,0,0,0,0,0,0,"N",0,0.0,0,0,0,0,0,0,0,0,0,0,0,0,0,0
"13063","5","32732","77","0","2023","4","N",1,0,0,0,0,0,0,0,"N",0.39,0,0,0,0,0,0,0,"N",0,0.0,0,0,0,0,0,0,0,0,0,0,0,0,0,0
"13063","5","327320","78","0","2023","4","N",1,0,0,0,0,0,0,0,"N",0.39,0,0,0,0,0,0,0,"N",0,0.0,0,0,0,0,0,0,0,0,0,0,0,0,0,0
"13063","5","32739","77","0","2023","4","N",2,0,0,0,0,0,0,0,"N",2.12,0,0,0,0,0,0,0,"N",0,0.0,0,0,0,0,0,0,0,0,0,0,0,0,0,0
"13063","5","327390","78","0","2023","4","N",2,0,0,0,0,0,0,0,"N",2.12,0,0,0,0,0,0,0,"N",0,0.0,0,0,0,0,0,0,0,0,0,0,0,0,0,0
"13063","5","3279","76","0","2023","4","N",3,0,0,0,0,0,0,0,"N",1.51,0,0,0,0,0,0,0,"N",0,0.0,0,0,0,0,0,0,0,0,0,0,0,0,0,0
"13063","5","32799","77","0","2023","4","N",3,0,0,0,0,0,0,0,"N",1.67,0,0,0,0,0,0,0,"N",0,0.0,0,0,0,0,0,0,0,0,0,0,0,0,0,0
"13063","5","327991","78","0","2023","4","N",1,0,0,0,0,0,0,0,"N",0.75,0,0,0,0,0,0,0,"N",0,0.0,0,0,0,0,0,0,0,0,0,0,0,0,0,0
"13063","5","327999","78","0","2023","4","N",2,0,0,0,0,0,0,0,"N",7.85,0,0,0,0,0,0,0,"N",0,0.0,0,0,0,0,0,0,0,0,0,0,0,0,0,0
"13063","5","331","75","0","2023","4","N",2,0,0,0,0,0,0,0,"N",0.74,0,0,0,0,0,0,0,"N",0,0.0,0,0,0,0,0,0,0,0,0,0,0,0,0,0
"13063","5","3312","76","0","2023","4","N",1,0,0,0,0,0,0,0,"N",1.64,0,0,0,0,0,0,0,"N",0,0.0,0,0,0,0,0,0,0,0,0,0,0,0,0,0
"13063","5","33122","77","0","2023","4","N",1,0,0,0,0,0,0,0,"N",2.89,0,0,0,0,0,0,0,"N",0,0.0,0,0,0,0,0,0,0,0,0,0,0,0,0,0
"13063","5","331221","78","0","2023","4","N",1,0,0,0,0,0,0,0,"N",4.36,0,0,0,0,0,0,0,"N",0,0.0,0,0,0,0,0,0,0,0,0,0,0,0,0,0
"13063","5","3314","76","0","2023","4","N",1,0,0,0,0,0,0,0,"N",2.02,0,0,0,0,0,0,0,"N",0,0.0,0,0,0,0,0,0,0,0,0,0,0,0,0,0
"13063","5","33149","77","0","2023","4","N",1,0,0,0,0,0,0,0,"N",3.73,0,0,0,0,0,0,0,"N",0,0.0,0,0,0,0,0,0,0,0,0,0,0,0,0,0
"13063","5","331491","78","0","2023","4","N",1,0,0,0,0,0,0,0,"N",6.74,0,0,0,0,0,0,0,"N",0,0.0,0,0,0,0,0,0,0,0,0,0,0,0,0,0
"13063","5","332","75","0","2023","4","",22,244,244,249,4921962,262129,3761,1541,"",0.80,0.20,0.20,0.20,0.22,0.24,0.31,1.12,"",2,10.0,-51,-17.3,-41,-14.4,-44,-15.0,283605,6.1,-73842,-22.0,-1900,-33.6,315,25.7
"13063","5","3323","76","0","2023","4","",8,165,162,163,3153766,148379,1563,1485,"",1.07,0.47,0.46,0.46,0.50,0.41,0.39,1.07,"",0,0.0,-32,-16.2,-27,-14.3,-30,-15.5,127453,4.2,-30637,-17.1,-934,-37.4,279,23.1
"13063","5","33231","77","0","2023","4","N",1,0,0,0,0,0,0,0,"N",0.31,0,0,0,0,0,0,0,"N",0,0.0,0,0,0,0,0,0,0,0,0,0,0,0,0,0
"13063","5","332312","78","0","2023","4","N",1,0,0,0,0,0,0,0,"N",0.57,0,0,0,0,0,0,0,"N",0,0.0,0,0,0,0,0,0,0,0,0,0,0,0,0,0
"13063","5","33232","77","0","2023","4","N",7,0,0,0,0,0,0,0,"N",1.66,0,0,0,0,0,0,0,"N",0,0.0,0,0,0,0,0,0,0,0,0,0,0,0,0,0
"13063","5","332321","78","0","2023","4","N",1,0,0,0,0,0,0,0,"N",1.45,0,0,0,0,0,0,0,"N",0,0.0,0,0,0,0,0,0,0,0,0,0,0,0,0,0
"13063","5","332322","78","0","2023","4","",4,85,83,84,1370977,96457,1135,1255,"",1.95,0.87,0.85,0.85,0.81,0.89,0.92,0.94,"",0,0.0,-9,-9.6,-5,-5.7,-4,-4.5,-270887,-16.5,-1247,-1.3,-458,-28.8,-148,-10.5
"13063","5","332323","78","0","2023","4","N",2,0,0,0,0,0,0,0,"N",1.35,0,0,0,0,0,0,0,"N",0,0.0,0,0,0,0,0,0,0,0,0,0,0,0,0,0
"13063","5","3324","76","0","2023","4","N",2,0,0,0,0,0,0,0,"N",2.08,0,0,0,0,0,0,0,"N",0,0.0,0,0,0,0,0,0,0,0,0,0,0,0,0,0
"13063","5","33242","77","0","2023","4","N",1,0,0,0,0,0,0,0,"N",2.24,0,0,0,0,0,0,0,"N",0,0.0,0,0,0,0,0,0,0,0,0,0,0,0,0,0
"13063","5","332420","78","0","2023","4","N",1,0,0,0,0,0,0,0,"N",2.24,0,0,0,0,0,0,0,"N",0,0.0,0,0,0,0,0,0,0,0,0,0,0,0,0,0
"13063","5","33243","77","0","2023","4","N",1,0,0,0,0,0,0,0,"N",3.10,0,0,0,0,0,0,0,"N",0,0.0,0,0,0,0,0,0,0,0,0,0,0,0,0,0
"13063","5","332439","78","0","2023","4","N",1,0,0,0,0,0,0,0,"N",4.72,0,0,0,0,0,0,0,"N",0,0.0,0,0,0,0,0,0,0,0,0,0,0,0,0,0
"13063","5","3327","76","0","2023","4","N",4,0,0,0,0,0,0,0,"N",0.41,0,0,0,0,0,0,0,"N",0,0.0,0,0,0,0,0,0,0,0,0,0,0,0,0,0
"13063","5","33271","77","0","2023","4","N",4,0,0,0,0,0,0,0,"N",0.46,0,0,0,0,0,0,0,"N",0,0.0,0,0,0,0,0,0,0,0,0,0,0,0,0,0
"13063","5","332710","78","0","2023","4","N",4,0,0,0,0,0,0,0,"N",0.46,0,0,0,0,0,0,0,"N",0,0.0,0,0,0,0,0,0,0,0,0,0,0,0,0,0
"13063","5","3328","76","0","2023","4","N",2,0,0,0,0,0,0,0,"N",0.71,0,0,0,0,0,0,0,"N",0,0.0,0,0,0,0,0,0,0,0,0,0,0,0,0,0
"13063","5","33281","77","0","2023","4","N",2,0,0,0,0,0,0,0,"N",0.71,0,0,0,0,0,0,0,"N",0,0.0,0,0,0,0,0,0,0,0,0,0,0,0,0,0
"13063","5","332812","78","0","2023","4","N",2,0,0,0,0,0,0,0,"N",1.42,0,0,0,0,0,0,0,"N",0,0.0,0,0,0,0,0,0,0,0,0,0,0,0,0,0
"13063","5","3329","76","0","2023","4","N",6,0,0,0,0,0,0,0,"N",1.49,0,0,0,0,0,0,0,"N",2,50.0,0,0,0,0,0,0,0,0,0,0,0,0,0,0
"13063","5","33291","77","0","2023","4","N",3,0,0,0,0,0,0,0,"N",3.44,0,0,0,0,0,0,0,"N",1,50.0,0,0,0,0,0,0,0,0,0,0,0,0,0,0
"13063","5","332912","78","0","2023","4","N",3,0,0,0,0,0,0,0,"N",11.20,0,0,0,0,0,0,0,"N",1,50.0,0,0,0,0,0,0,0,0,0,0,0,0,0,0
"13063","5","33299","77","0","2023","4","N",3,0,0,0,0,0,0,0,"N",0.95,0,0,0,0,0,0,0,"N",1,50.0,0,0,0,0,0,0,0,0,0,0,0,0,0,0
"13063","5","332991","78","0","2023","4","N",2,0,0,0,0,0,0,0,"N",17.40,0,0,0,0,0,0,0,"N",1,100.0,0,0,0,0,0,0,0,0,0,0,0,0,0,0
"13063","5","332999","78","0","2023","4","N",1,0,0,0,0,0,0,0,"N",0.48,0,0,0,0,0,0,0,"N",0,0.0,0,0,0,0,0,0,0,0,0,0,0,0,0,0
"13063","5","333","75","0","2023","4","",9,318,313,320,6729424,131122,347,1633,"",0.58,0.33,0.33,0.33,0.34,0.18,0.04,1.01,"",0,0.0,1,0.3,4,1.3,8,2.6,1417766,26.7,-50325,-27.7,-343,-49.7,326,24.9
"13063","5","3331","76","0","2023","4","N",1,0,0,0,0,0,0,0,"N",0.47,0,0,0,0,0,0,0,"N",0,0.0,0,0,0,0,0,0,0,0,0,0,0,0,0,0
"13063","5","33312","77","0","2023","4","N",1,0,0,0,0,0,0,0,"N",1.97,0,0,0,0,0,0,0,"N",0,0.0,0,0,0,0,0,0,0,0,0,0,0,0,0,0
"13063","5","333120","78","0","2023","4","N",1,0,0,0,0,0,0,0,"N",1.97,0,0,0,0,0,0,0,"N",0,0.0,0,0,0,0,0,0,0,0,0,0,0,0,0,0
"13063","5","3333","76","0","2023","4","N",1,0,0,0,0,0,0,0,"N",0.70,0,0,0,0,0,0,0,"N",0,0.0,0,0,0,0,0,0,0,0,0,0,0,0,0,0
"13063","5","33331","77","0","2023","4","N",1,0,0,0,0,0,0,0,"N",0.70,0,0,0,0,0,0,0,"N",0,0.0,0,0,0,0,0,0,0,0,0,0,0,0,0,0
"13063","5","333310","78","0","2023","4","N",1,0,0,0,0,0,0,0,"N",0.70,0,0,0,0,0,0,0,"N",0,0.0,0,0,0,0,0,0,0,0,0,0,0,0,0,0
"13063","5","3334","76","0","2023","4","N",2,0,0,0,0,0,0,0,"N",1.53,0,0,0,0,0,0,0,"N",0,0.0,0,0,0,0,0,0,0,0,0,0,0,0,0,0
"13063","5","33341","77","0","2023","4","N",2,0,0,0,0,0,0,0,"N",1.53,0,0,0,0,0,0,0,"N",0,0.0,0,0,0,0,0,0,0,0,0,0,0,0,0,0
"13063","5","333415","78","0","2023","4","N",2,0,0,0,0,0,0,0,"N",2.97,0,0,0,0,0,0,0,"N",0,0.0,0,0,0,0,0,0,0,0,0,0,0,0,0,0
"13063","5","3336","76","0","2023","4","N",1,0,0,0,0,0,0,0,"N",1.51,0,0,0,0,0,0,0,"N",-1,-50.0,0,0,0,0,0,0,0,0,0,0,0,0,0,0
"13063","5","33361","77","0","2023","4","N",1,0,0,0,0,0,0,0,"N",1.51,0,0,0,0,0,0,0,"N",-1,-50.0,0,0,0,0,0,0,0,0,0,0,0,0,0,0
"13063","5","333612","78","0","2023","4","N",1,0,0,0,0,0,0,0,"N",7.67,0,0,0,0,0,0,0,"N",0,0.0,0,0,0,0,0,0,0,0,0,0,0,0,0,0
"13063","5","333618","78","0","2023","4","-",0,0,0,0,0,0,0,0,"N",0.00,0,0,0,0,0,0,0,"N",-1,-100.0,0,0,0,0,0,0,0,0,0,0,0,0,0,0
"13063","5","3339","76","0","2023","4","",4,89,88,88,1184853,46755,153,1032,"",1.01,0.37,0.36,0.36,0.24,0.25,0.08,0.66,"",1,33.3,-7,-7.3,-5,-5.4,-3,-3.3,87884,8.0,-18778,-28.7,-79,-34.1,128,14.2
"13063","5","33392","77","0","2023","4","N",1,0,0,0,0,0,0,0,"N",0.97,0,0,0,0,0,0,0,"N",0,0.0,0,0,0,0,0,0,0,0,0,0,0,0,0,0
"13063","5","333921","78","0","2023","4","N",1,0,0,0,0,0,0,0,"N",7.84,0,0,0,0,0,0,0,"N",0,0.0,0,0,0,0,0,0,0,0,0,0,0,0,0,0
"13063","5","33399","77","0","2023","4","N",3,0,0,0,0,0,0,0,"N",1.30,0,0,0,0,0,0,0,"N",1,50.0,0,0,0,0,0,0,0,0,0,0,0,0,0,0
"13063","5","333993","78","0","2023","4","N",2,0,0,0,0,0,0,0,"N",4.75,0,0,0,0,0,0,0,"N",1,100.0,0,0,0,0,0,0,0,0,0,0,0,0,0,0
"13063","5","333995","78","0","2023","4","N",1,0,0,0,0,0,0,0,"N",5.76,0,0,0,0,0,0,0,"N",0,0.0,0,0,0,0,0,0,0,0,0,0,0,0,0,0
"13063","5","334","75","0","2023","4","N",1,0,0,0,0,0,0,0,"N",0.09,0,0,0,0,0,0,0,"N",0,0.0,0,0,0,0,0,0,0,0,0,0,0,0,0,0
"13063","5","3344","76","0","2023","4","N",1,0,0,0,0,0,0,0,"N",0.32,0,0,0,0,0,0,0,"N",1,100.0,0,0,0,0,0,0,0,0,0,0,0,0,0,0
"13063","5","33441","77","0","2023","4","N",1,0,0,0,0,0,0,0,"N",0.32,0,0,0,0,0,0,0,"N",1,100.0,0,0,0,0,0,0,0,0,0,0,0,0,0,0
"13063","5","334419","78","0","2023","4","N",1,0,0,0,0,0,0,0,"N",1.17,0,0,0,0,0,0,0,"N",1,100.0,0,0,0,0,0,0,0,0,0,0,0,0,0,0
"13063","5","335","75","0","2023","4","N",1,0,0,0,0,0,0,0,"N",0.21,0,0,0,0,0,0,0,"N",-1,-50.0,0,0,0,0,0,0,0,0,0,0,0,0,0,0
"13063","5","3359","76","0","2023","4","N",1,0,0,0,0,0,0,0,"N",0.49,0,0,0,0,0,0,0,"N",-1,-50.0,0,0,0,0,0,0,0,0,0,0,0,0,0,0
"13063","5","33591","77","0","2023","4","N",1,0,0,0,0,0,0,0,"N",2.85,0,0,0,0,0,0,0,"N",-1,-50.0,0,0,0,0,0,0,0,0,0,0,0,0,0,0
"13063","5","335910","78","0","2023","4","N",1,0,0,0,0,0,0,0,"N",2.85,0,0,0,0,0,0,0,"N",-1,-50.0,0,0,0,0,0,0,0,0,0,0,0,0,0,0
"13063","5","336","75","0","2023","4","N",6,0,0,0,0,0,0,0,"N",0.72,0,0,0,0,0,0,0,"N",0,0.0,0,0,0,0,0,0,0,0,0,0,0,0,0,0
"13063","5","3362","76","0","2023","4","",3,4,4,4,72291,0,0,1390,"",2.51,0.03,0.03,0.03,0.03,0.00,0.00,1.18,"N",0,0.0,0,0,0,0,0,0,0,0,0,0,0,0,0,0
"13063","5","33621","77","0","2023","4","",3,4,4,4,72291,0,0,1390,"",2.51,0.03,0.03,0.03,0.03,0.00,0.00,1.18,"N",0,0.0,0,0,0,0,0,0,0,0,0,0,0,0,0,0
"13063","5","336212","78","0","2023","4","N",2,0,0,0,0,0,0,0,"N",6.02,0,0,0,0,0,0,0,"N",0,0.0,0,0,0,0,0,0,0,0,0,0,0,0,0,0
"13063","5","336214","78","0","2023","4","N",1,0,0,0,0,0,0,0,"N",2.43,0,0,0,0,0,0,0,"N",0,0.0,0,0,0,0,0,0,0,0,0,0,0,0,0,0
"13063","5","3363","76","0","2023","4","N",1,0,0,0,0,0,0,0,"N",0.34,0,0,0,0,0,0,0,"N",0,0.0,0,0,0,0,0,0,0,0,0,0,0,0,0,0
"13063","5","33637","77","0","2023","4","N",1,0,0,0,0,0,0,0,"N",3.71,0,0,0,0,0,0,0,"N",0,0.0,0,0,0,0,0,0,0,0,0,0,0,0,0,0
"13063","5","336370","78","0","2023","4","N",1,0,0,0,0,0,0,0,"N",3.71,0,0,0,0,0,0,0,"N",0,0.0,0,0,0,0,0,0,0,0,0,0,0,0,0,0
"13063","5","3364","76","0","2023","4","N",1,0,0,0,0,0,0,0,"N",0.50,0,0,0,0,0,0,0,"N",0,0.0,0,0,0,0,0,0,0,0,0,0,0,0,0,0
"13063","5","33641","77","0","2023","4","N",1,0,0,0,0,0,0,0,"N",0.50,0,0,0,0,0,0,0,"N",0,0.0,0,0,0,0,0,0,0,0,0,0,0,0,0,0
"13063","5","336412","78","0","2023","4","N",1,0,0,0,0,0,0,0,"N",2.45,0,0,0,0,0,0,0,"N",0,0.0,0,0,0,0,0,0,0,0,0,0,0,0,0,0
"13063","5","3369","76","0","2023","4","N",1,0,0,0,0,0,0,0,"N",1.51,0,0,0,0,0,0,0,"N",0,0.0,0,0,0,0,0,0,0,0,0,0,0,0,0,0
"13063","5","33699","77","0","2023","4","N",1,0,0,0,0,0,0,0,"N",1.51,0,0,0,0,0,0,0,"N",0,0.0,0,0,0,0,0,0,0,0,0,0,0,0,0,0
"13063","5","336999","78","0","2023","4","N",1,0,0,0,0,0,0,0,"N",2.95,0,0,0,0,0,0,0,"N",0,0.0,0,0,0,0,0,0,0,0,0,0,0,0,0,0
"13063","5","337","75","0","2023","4","N",6,0,0,0,0,0,0,0,"N",0.72,0,0,0,0,0,0,0,"N",-1,-14.3,0,0,0,0,0,0,0,0,0,0,0,0,0,0
"13063","5","3371","76","0","2023","4","N",5,0,0,0,0,0,0,0,"N",0.87,0,0,0,0,0,0,0,"N",-1,-16.7,0,0,0,0,0,0,0,0,0,0,0,0,0,0
"13063","5","33711","77","0","2023","4","N",3,0,0,0,0,0,0,0,"N",0.83,0,0,0,0,0,0,0,"N",-1,-25.0,0,0,0,0,0,0,0,0,0,0,0,0,0,0
"13063","5","337110","78","0","2023","4","N",3,0,0,0,0,0,0,0,"N",0.83,0,0,0,0,0,0,0,"N",-1,-25.0,0,0,0,0,0,0,0,0,0,0,0,0,0,0
"13063","5","33712","77","0","2023","4","N",2,0,0,0,0,0,0,0,"N",0.93,0,0,0,0,0,0,0,"N",0,0.0,0,0,0,0,0,0,0,0,0,0,0,0,0,0
"13063","5","337127","78","0","2023","4","N",2,0,0,0,0,0,0,0,"N",6.02,0,0,0,0,0,0,0,"N",0,0.0,0,0,0,0,0,0,0,0,0,0,0,0,0,0
"13063","5","3372","76","0","2023","4","N",1,0,0,0,0,0,0,0,"N",0.50,0,0,0,0,0,0,0,"N",0,0.0,0,0,0,0,0,0,0,0,0,0,0,0,0,0
"13063","5","33721","77","0","2023","4","N",1,0,0,0,0,0,0,0,"N",0.50,0,0,0,0,0,0,0,"N",0,0.0,0,0,0,0,0,0,0,0,0,0,0,0,0,0
"13063","5","337211","78","0","2023","4","N",1,0,0,0,0,0,0,0,"N",3.98,0,0,0,0,0,0,0,"N",0,0.0,0,0,0,0,0,0,0,0,0,0,0,0,0,0
"13063","5","339","75","0","2023","4","",7,176,176,175,3215411,95192,637,1408,"",0.41,0.33,0.33,0.33,0.33,0.18,0.13,0.98,"",1,16.7,7,4.1,8,4.8,6,3.6,358601,12.6,38751,68.7,13,2.1,105,8.1
"13063","5","3391","76","0","2023","4","N",2,0,0,0,0,0,0,0,"N",0.31,0,0,0,0,0,0,0,"N",0,0.0,0,0,0,0,0,0,0,0,0,0,0,0,0,0
"13063","5","33911","77","0","2023","4","N",2,0,0,0,0,0,0,0,"N",0.31,0,0,0,0,0,0,0,"N",0,0.0,0,0,0,0,0,0,0,0,0,0,0,0,0,0
"13063","5","339116","78","0","2023","4","N",2,0,0,0,0,0,0,0,"N",0.87,0,0,0,0,0,0,0,"N",0,0.0,0,0,0,0,0,0,0,0,0,0,0,0,0,0
"13063","5","3399","76","0","2023","4","N",5,0,0,0,0,0,0,0,"N",0.47,0,0,0,0,0,0,0,"N",1,25.0,0,0,0,0,0,0,0,0,0,0,0,0,0,0
"13063","5","33995","77","0","2023","4","",3,82,83,83,1908152,64640,349,1776,"",0.88,1.26,1.27,1.26,1.84,0.90,0.48,1.46,"N",0,0.0,0,0,0,0,0,0,0,0,0,0,0,0,0,0
"13063","5","339950","78","0","2023","4","",3,82,83,83,1908152,64640,349,1776,"",0.88,1.26,1.27,1.26,1.84,0.90,0.48,1.46,"N",0,0.0,0,0,0,0,0,0,0,0,0,0,0,0,0,0
"13063","5","33999","77","0","2023","4","N",2,0,0,0,0,0,0,0,"N",0.45,0,0,0,0,0,0,0,"N",1,100.0,0,0,0,0,0,0,0,0,0,0,0,0,0,0
"13063","5","339999","78","0","2023","4","N",2,0,0,0,0,0,0,0,"N",0.57,0,0,0,0,0,0,0,"N",1,100.0,0,0,0,0,0,0,0,0,0,0,0,0,0,0
"13063","5","42","74","0","2023","4","N",243,0,0,0,0,0,0,0,"N",0.84,0,0,0,0,0,0,0,"N",-13,-5.1,0,0,0,0,0,0,0,0,0,0,0,0,0,0
"13063","5","423","75","0","2023","4","",120,2489,2480,2476,53264157,2396291,46094,1651,"",0.78,0.86,0.85,0.84,0.75,0.92,1.72,0.87,"",1,0.8,-56,-2.2,-69,-2.7,-82,-3.2,2596937,5.1,-208899,-8.0,5346,13.1,123,8.0
"13063","5","4231","76","0","2023","4","",29,945,925,911,15526344,960224,24865,1288,"",2.35,2.97,2.87,2.80,2.57,3.08,7.90,0.89,"",-2,-6.5,-23,-2.4,-44,-4.5,-55,-5.7,1653496,11.9,22996,2.5,2628,11.8,185,16.8
"13063","5","42311","77","0","2023","4","",9,142,135,138,3727610,157230,3164,2073,"",2.59,1.20,1.14,1.15,1.50,1.40,2.96,1.29,"",0,0.0,29,25.7,22,19.5,27,24.3,1229994,49.2,74083,89.1,1396,79.0,363,21.2
"13063","5","423110","78","0","2023","4","",9,142,135,138,3727610,157230,3164,2073,"",2.59,1.20,1.14,1.15,1.50,1.40,2.96,1.29,"",0,0.0,29,25.7,22,19.5,27,24.3,1229994,49.2,74083,89.1,1396,79.0,363,21.2
"13063","5","42312","77","0","2023","4","",17,649,633,618,8648733,729734,21410,1050,"",2.50,4.27,4.09,3.96,3.15,4.88,13.42,0.77,"",-1,-5.6,-50,-7.2,-68,-9.7,-81,-11.6,13201,0.2,-10234,-1.4,1473,7.4,101,10.6
"13063","5","423120","78","0","2023","4","",17,649,633,618,8648733,729734,21410,1050,"",2.50,4.27,4.09,3.96,3.15,4.88,13.42,0.77,"",-1,-5.6,-50,-7.2,-68,-9.7,-81,-11.6,13201,0.2,-10234,-1.4,1473,7.4,101,10.6
"13063","5","42313","77","0","2023","4","N",2,0,0,0,0,0,0,0,"N",1.83,0,0,0,0,0,0,0,"N",-1,-33.3,0,0,0,0,0,0,0,0,0,0,0,0,0,0
"13063","5","423130","78","0","2023","4","N",2,0,0,0,0,0,0,0,"N",1.83,0,0,0,0,0,0,0,"N",-1,-33.3,0,0,0,0,0,0,0,0,0,0,0,0,0,0
"13063","5","42314","77","0","2023","4","N",1,0,0,0,0,0,0,0,"N",1.04,0,0,0,0,0,0,0,"N",0,0.0,0,0,0,0,0,0,0,0,0,0,0,0,0,0
"13063","5","423140","78","0","2023","4","N",1,0,0,0,0,0,0,0,"N",1.04,0,0,0,0,0,0,0,"N",0,0.0,0,0,0,0,0,0,0,0,0,0,0,0,0,0
"13063","5","4232","76","0","2023","4","N",5,0,0,0,0,0,0,0,"N",0.83,0,0,0,0,0,0,0,"N",1,25.0,0,0,0,0,0,0,0,0,0,0,0,0,0,0
"13063","5","42321","77","0","2023","4","N",1,0,0,0,0,0,0,0,"N",0.36,0,0,0,0,0,0,0,"N",1,100.0,0,0,0,0,0,0,0,0,0,0,0,0,0,0
"13063","5","423210","78","0","2023","4","N",1,0,0,0,0,0,0,0,"N",0.36,0,0,0,0,0,0,0,"N",1,100.0,0,0,0,0,0,0,0,0,0,0,0,0,0,0
"13063","5","42322","77","0","2023","4","",4,20,21,19,310961,74685,2016,1196,"",1.22,0.38,0.40,0.36,0.30,1.41,3.40,0.80,"N",0,0.0,0,0,0,0,0,0,0,0,0,0,0,0,0,0
"13063","5","423220","78","0","2023","4","",4,20,21,19,310961,74685,2016,1196,"",1.22,0.38,0.40,0.36,0.30,1.41,3.40,0.80,"N",0,0.0,0,0,0,0,0,0,0,0,0,0,0,0,0,0
"13063","5","4233","76","0","2023","4","",15,381,382,379,8140087,234194,3025,1645,"",1.31,1.70,1.70,1.68,1.74,0.93,1.17,1.03,"",-1,-6.2,-24,-5.9,-23,-5.7,-23,-5.7,-2816007,-25.7,-31612,-11.9,909,43.0,-441,-21.1
"13063","5","42331","77","0","2023","4","",7,263,265,268,5884982,166012,2623,1706,"",1.61,2.70,2.72,2.72,2.87,1.44,2.57,1.06,"",-1,-12.5,-45,-14.6,-45,-14.5,-39,-12.7,-3287056,-35.8,-30727,-15.6,1372,109.7,-582,-25.4
"13063","5","423310","78","0","2023","4","",7,263,265,268,5884982,166012,2623,1706,"",1.61,2.70,2.72,2.72,2.87,1.44,2.57,1.06,"",-1,-12.5,-45,-14.6,-45,-14.5,-39,-12.7,-3287056,-35.8,-30727,-15.6,1372,109.7,-582,-25.4
"13063","5","42332","77","0","2023","4","N",3,0,0,0,0,0,0,0,"N",1.01,0,0,0,0,0,0,0,"N",1,50.0,0,0,0,0,0,0,0,0,0,0,0,0,0,0
"13063","5","423320","78","0","2023","4","N",3,0,0,0,0,0,0,0,"N",1.01,0,0,0,0,0,0,0,"N",1,50.0,0,0,0,0,0,0,0,0,0,0,0,0,0,0
"13063","5","42333","77","0","2023","4","N",4,0,0,0,0,0,0,0,"N",2.15,0,0,0,0,0,0,0,"N",0,0.0,0,0,0,0,0,0,0,0,0,0,0,0,0,0
"13063","5","423330","78","0","2023","4","N",4,0,0,0,0,0,0,0,"N",2.15,0,0,0,0,0,0,0,"N",0,0.0,0,0,0,0,0,0,0,0,0,0,0,0,0,0
"13063","5","42339","77","0","2023","4","N",1,0,0,0,0,0,0,0,"N",0.43,0,0,0,0,0,0,0,"N",-1,-50.0,0,0,0,0,0,0,0,0,0,0,0,0,0,0
"13063","5","423390","78","0","2023","4","N",1,0,0,0,0,0,0,0,"N",0.43,0,0,0,0,0,0,0,"N",-1,-50.0,0,0,0,0,0,0,0,0,0,0,0,0,0,0
"13063","5","4234","76","0","2023","4","",7,52,55,53,1006265,95687,1576,1451,"",0.21,0.08,0.09,0.08,0.05,0.20,0.31,0.60,"",1,16.7,21,67.7,23,71.9,24,82.8,436784,76.7,70267,276.4,1461,1270.4,23,1.6
"13063","5","42343","77","0","2023","4","N",3,0,0,0,0,0,0,0,"N",0.37,0,0,0,0,0,0,0,"N",0,0.0,0,0,0,0,0,0,0,0,0,0,0,0,0,0
"13063","5","423430","78","0","2023","4","N",3,0,0,0,0,0,0,0,"N",0.37,0,0,0,0,0,0,0,"N",0,0.0,0,0,0,0,0,0,0,0,0,0,0,0,0,0
"13063","5","42344","77","0","2023","4","N",1,0,0,0,0,0,0,0,"N",0.33,0,0,0,0,0,0,0,"N",1,100.0,0,0,0,0,0,0,0,0,0,0,0,0,0,0
"13063","5","423440","78","0","2023","4","N",1,0,0,0,0,0,0,0,"N",0.33,0,0,0,0,0,0,0,"N",1,100.0,0,0,0,0,0,0,0,0,0,0,0,0,0,0
"13063","5","42345","77","0","2023","4","",3,18,20,19,280786,21969,440,1137,"",0.19,0.07,0.08,0.07,0.04,0.11,0.20,0.49,"",0,0.0,1,5.9,4,25.0,3,18.8,55289,24.5,19764,896.3,378,609.7,75,7.1
"13063","5","423450","78","0","2023","4","",3,18,20,19,280786,21969,440,1137,"",0.19,0.07,0.08,0.07,0.04,0.11,0.20,0.49,"",0,0.0,1,5.9,4,25.0,3,18.8,55289,24.5,19764,896.3,378,609.7,75,7.1
"13063","5","4235","76","0","2023","4","N",1,0,0,0,0,0,0,0,"N",0.19,0,0,0,0,0,0,0,"N",0,0.0,0,0,0,0,0,0,0,0,0,0,0,0,0,0
"13063","5","42351","77","0","2023","4","N",1,0,0,0,0,0,0,0,"N",0.20,0,0,0,0,0,0,0,"N",0,0.0,0,0,0,0,0,0,0,0,0,0,0,0,0,0
"13063","5","423510","78","0","2023","4","N",1,0,0,0,0,0,0,0,"N",0.20,0,0,0,0,0,0,0,"N",0,0.0,0,0,0,0,0,0,0,0,0,0,0,0,0,0
"13063","5","4236","76","0","2023","4","",12,200,198,195,4192925,81950,492,1632,"",0.68,0.63,0.62,0.60,0.49,0.33,0.18,0.79,"",3,33.3,32,19.0,27,15.8,23,13.4,1021877,32.2,-2447,-2.9,-149,-23.2,200,14.0
"13063","5","42361","77","0","2023","4","",9,71,70,69,1970565,35877,240,2165,"",1.05,0.42,0.42,0.41,0.48,0.27,0.19,1.15,"",3,50.0,24,51.1,22,45.8,21,43.8,878209,80.4,15868,79.3,43,21.8,402,22.8
"13063","5","423610","78","0","2023","4","",9,71,70,69,1970565,35877,240,2165,"",1.05,0.42,0.42,0.41,0.48,0.27,0.19,1.15,"",3,50.0,24,51.1,22,45.8,21,43.8,878209,80.4,15868,79.3,43,21.8,402,22.8
"13063","5","42362","77","0","2023","4","N",2,0,0,0,0,0,0,0,"N",0.92,0,0,0,0,0,0,0,"N",0,0.0,0,0,0,0,0,0,0,0,0,0,0,0,0,0
"13063","5","423620","78","0","2023","4","N",2,0,0,0,0,0,0,0,"N",0.92,0,0,0,0,0,0,0,"N",0,0.0,0,0,0,0,0,0,0,0,0,0,0,0,0,0
"13063","5","42369","77","0","2023","4","N",1,0,0,0,0,0,0,0,"N",0.14,0,0,0,0,0,0,0,"N",0,0.0,0,0,0,0,0,0,0,0,0,0,0,0,0,0
"13063","5","423690","78","0","2023","4","N",1,0,0,0,0,0,0,0,"N",0.14,0,0,0,0,0,0,0,"N",0,0.0,0,0,0,0,0,0,0,0,0,0,0,0,0,0
"13063","5","4237","76","0","2023","4","",13,303,306,314,4602662,392423,7466,1151,"",1.04,1.14,1.15,1.17,0.76,1.62,3.36,0.65,"",0,0.0,19,6.7,20,7.0,30,10.6,726088,18.7,-185282,-32.1,-727,-8.9,103,9.8
"13063","5","42371","77","0","2023","4","N",3,0,0,0,0,0,0,0,"N",0.81,0,0,0,0,0,0,0,"N",1,50.0,0,0,0,0,0,0,0,0,0,0,0,0,0,0
"13063","5","423710","78","0","2023","4","N",3,0,0,0,0,0,0,0,"N",0.81,0,0,0,0,0,0,0,"N",1,50.0,0,0,0,0,0,0,0,0,0,0,0,0,0,0
"13063","5","42372","77","0","2023","4","N",2,0,0,0,0,0,0,0,"N",0.42,0,0,0,0,0,0,0,"N",1,100.0,0,0,0,0,0,0,0,0,0,0,0,0,0,0
"13063","5","423720","78","0","2023","4","N",2,0,0,0,0,0,0,0,"N",0.42,0,0,0,0,0,0,0,"N",1,100.0,0,0,0,0,0,0,0,0,0,0,0,0,0,0
"13063","5","42373","77","0","2023","4","",7,46,46,47,761095,14976,77,1264,"",2.16,0.64,0.64,0.65,0.41,0.25,0.13,0.64,"",-1,-12.5,1,2.2,0,0.0,3,6.8,55552,7.9,-6769,-31.1,-56,-42.1,58,4.8
"13063","5","423730","78","0","2023","4","",7,46,46,47,761095,14976,77,1264,"",2.16,0.64,0.64,0.65,0.41,0.25,0.13,0.64,"",-1,-12.5,1,2.2,0,0.0,3,6.8,55552,7.9,-6769,-31.1,-56,-42.1,58,4.8
"13063","5","42374","77","0","2023","4","N",1,0,0,0,0,0,0,0,"N",1.29,0,0,0,0,0,0,0,"N",-1,-50.0,0,0,0,0,0,0,0,0,0,0,0,0,0,0
"13063","5","423740","78","0","2023","4","N",1,0,0,0,0,0,0,0,"N",1.29,0,0,0,0,0,0,0,"N",-1,-50.0,0,0,0,0,0,0,0,0,0,0,0,0,0,0
"13063","5","4238","76","0","2023","4","",29,496,500,502,17281805,369881,2424,2662,"",0.83,0.76,0.76,0.76,1.09,0.62,0.43,1.44,"",-1,-3.3,-100,-16.8,-99,-16.5,-102,-16.9,1388270,8.7,-205128,-35.7,-2282,-48.5,623,30.6
"13063","5","42381","77","0","2023","4","",4,140,140,142,4776354,118655,631,2612,"",1.49,1.58,1.56,1.56,2.22,1.25,0.66,1.42,"",-1,-20.0,-120,-46.2,-123,-46.8,-118,-45.4,-2759433,-36.6,-170929,-59.0,-2214,-77.8,391,17.6
"13063","5","423810","78","0","2023","4","",4,140,140,142,4776354,118655,631,2612,"",1.49,1.58,1.56,1.56,2.22,1.25,0.66,1.42,"",-1,-20.0,-120,-46.2,-123,-46.8,-118,-45.4,-2759433,-36.6,-170929,-59.0,-2214,-77.8,391,17.6
"13063","5","42382","77","0","2023","4","N",1,0,0,0,0,0,0,0,"N",0.23,0,0,0,0,0,0,0,"N",0,0.0,0,0,0,0,0,0,0,0,0,0,0,0,0,0
"13063","5","423820","78","0","2023","4","N",1,0,0,0,0,0,0,0,"N",0.23,0,0,0,0,0,0,0,"N",0,0.0,0,0,0,0,0,0,0,0,0,0,0,0,0,0
"13063","5","42383","77","0","2023","4","",11,145,150,149,3101649,152557,1146,1612,"",0.66,0.50,0.51,0.50,0.43,0.64,0.48,0.85,"",1,10.0,5,3.6,9,6.4,8,5.7,250106,8.8,70874,86.8,788,220.1,53,3.4
"13063","5","423830","78","0","2023","4","",11,145,150,149,3101649,152557,1146,1612,"",0.66,0.50,0.51,0.50,0.43,0.64,0.48,0.85,"",1,10.0,5,3.6,9,6.4,8,5.7,250106,8.8,70874,86.8,788,220.1,53,3.4
"13063","5","42384","77","0","2023","4","",5,68,68,66,2011262,21998,79,2298,"",0.82,0.75,0.74,0.72,0.90,0.26,0.09,1.23,"",-2,-28.6,-11,-13.9,-10,-12.8,-11,-14.3,-362788,-15.3,-22841,-50.9,-245,-75.6,-43,-1.8
"13063","5","423840","78","0","2023","4","",5,68,68,66,2011262,21998,79,2298,"",0.82,0.75,0.74,0.72,0.90,0.26,0.09,1.23,"",-2,-28.6,-11,-13.9,-10,-12.8,-11,-14.3,-362788,-15.3,-22841,-50.9,-245,-75.6,-43,-1.8
"13063","5","42385","77","0","2023","4","N",2,0,0,0,0,0,0,0,"N",0.66,0,0,0,0,0,0,0,"N",1,100.0,0,0,0,0,0,0,0,0,0,0,0,0,0,0
"13063","5","423850","78","0","2023","4","N",2,0,0,0,0,0,0,0,"N",0.66,0,0,0,0,0,0,0,"N",1,100.0,0,0,0,0,0,0,0,0,0,0,0,0,0,0
"13063","5","42386","77","0","2023","4","",6,87,88,91,6546006,31155,118,5679,"",2.82,2.65,2.67,2.73,7.21,1.19,0.40,2.69,"",0,0.0,11,14.5,11,14.3,10,12.3,4027089,159.9,-84832,-73.1,-1018,-89.6,3195,128.6
"13063","5","423860","78","0","2023","4","",6,87,88,91,6546006,31155,118,5679,"",2.82,2.65,2.67,2.73,7.21,1.19,0.40,2.69,"",0,0.0,11,14.5,11,14.3,10,12.3,4027089,159.9,-84832,-73.1,-1018,-89.6,3195,128.6
"13063","5","4239","76","0","2023","4","",9,88,87,97,2122508,187029,4223,1801,"",0.46,0.32,0.32,0.35,0.39,0.65,1.31,1.18,"",0,0.0,7,8.6,10,13.0,6,6.6,12311,0.6,47404,34.0,1483,54.1,-155,-7.9
"13063","5","42392","77","0","2023","4","N",1,0,0,0,0,0,0,0,"N",0.71,0,0,0,0,0,0,0,"N",0,0.0,0,0,0,0,0,0,0,0,0,0,0,0,0,0
"13063","5","423920","78","0","2023","4","N",1,0,0,0,0,0,0,0,"N",0.71,0,0,0,0,0,0,0,"N",0,0.0,0,0,0,0,0,0,0,0,0,0,0,0,0,0
"13063","5","42393","77","0","2023","4","",4,55,54,53,981775,148308,3951,1399,"",1.09,0.64,0.63,0.61,0.65,1.69,4.21,1.04,"",-3,-42.9,-6,-9.8,-4,-6.9,-9,-14.5,-136575,-12.2,42977,40.8,1272,47.5,-27,-1.9
"13063","5","423930","78","0","2023","4","",4,55,54,53,981775,148308,3951,1399,"",1.09,0.64,0.63,0.61,0.65,1.69,4.21,1.04,"",-3,-42.9,-6,-9.8,-4,-6.9,-9,-14.5,-136575,-12.2,42977,40.8,1272,47.5,-27,-1.9
"13063","5","42399","77","0","2023","4","N",4,0,0,0,0,0,0,0,"N",0.56,0,0,0,0,0,0,0,"N",3,300.0,0,0,0,0,0,0,0,0,0,0,0,0,0,0
"13063","5","423990","78","0","2023","4","N",4,0,0,0,0,0,0,0,"N",0.56,0,0,0,0,0,0,0,"N",3,300.0,0,0,0,0,0,0,0,0,0,0,0,0,0,0
"13063","5","424","75","0","2023","4","",85,2440,2429,2483,44413851,2809371,25129,1394,"",1.03,1.30,1.29,1.31,1.06,1.42,1.25,0.82,"",-6,-6.6,123,5.3,70,3.0,66,2.7,-1093544,-2.4,-246182,-8.1,-3874,-13.4,-87,-5.9
"13063","5","4241","76","0","2023","4","N",3,0,0,0,0,0,0,0,"N",0.68,0,0,0,0,0,0,0,"N",0,0.0,0,0,0,0,0,0,0,0,0,0,0,0,0,0
"13063","5","42411","77","0","2023","4","N",1,0,0,0,0,0,0,0,"N",1.66,0,0,0,0,0,0,0,"N",0,0.0,0,0,0,0,0,0,0,0,0,0,0,0,0,0
"13063","5","424110","78","0","2023","4","N",1,0,0,0,0,0,0,0,"N",1.66,0,0,0,0,0,0,0,"N",0,0.0,0,0,0,0,0,0,0,0,0,0,0,0,0,0
"13063","5","42413","77","0","2023","4","N",2,0,0,0,0,0,0,0,"N",0.87,0,0,0,0,0,0,0,"N",0,0.0,0,0,0,0,0,0,0,0,0,0,0,0,0,0
"13063","5","424130","78","0","2023","4","N",2,0,0,0,0,0,0,0,"N",0.87,0,0,0,0,0,0,0,"N",0,0.0,0,0,0,0,0,0,0,0,0,0,0,0,0,0
"13063","5","4242","76","0","2023","4","",5,176,176,174,8594472,86513,351,3771,"",0.47,0.80,0.79,0.77,1.01,0.49,0.17,1.29,"",-1,-16.7,-12,-6.4,-14,-7.4,-17,-8.9,155783,1.8,38473,80.1,95,37.1,349,10.2
"13063","5","42421","77","0","2023","4","",5,176,176,174,8594472,86513,351,3771,"",0.47,0.80,0.79,0.77,1.01,0.49,0.17,1.29,"",-1,-16.7,-12,-6.4,-14,-7.4,-17,-8.9,155783,1.8,38473,80.1,95,37.1,349,10.2
"13063","5","424210","78","0","2023","4","",5,176,176,174,8594472,86513,351,3771,"",0.47,0.80,0.79,0.77,1.01,0.49,0.17,1.29,"",-1,-16.7,-12,-6.4,-14,-7.4,-17,-8.9,155783,1.8,38473,80.1,95,37.1,349,10.2
"13063","5","4243","76","0","2023","4","",4,209,207,210,2081174,200919,1319,767,"",0.53,1.68,1.65,1.67,0.79,1.48,0.80,0.47,"N",2,100.0,0,0,0,0,0,0,0,0,0,0,0,0,0,0
"13063","5","42431","77","0","2023","4","N",3,0,0,0,0,0,0,0,"N",1.73,0,0,0,0,0,0,0,"N",1,50.0,0,0,0,0,0,0,0,0,0,0,0,0,0,0
"13063","5","424310","78","0","2023","4","N",3,0,0,0,0,0,0,0,"N",1.73,0,0,0,0,0,0,0,"N",1,50.0,0,0,0,0,0,0,0,0,0,0,0,0,0,0
"13063","5","42435","77","0","2023","4","N",1,0,0,0,0,0,0,0,"N",0.20,0,0,0,0,0,0,0,"N",1,100.0,0,0,0,0,0,0,0,0,0,0,0,0,0,0
"13063","5","424350","78","0","2023","4","N",1,0,0,0,0,0,0,0,"N",0.20,0,0,0,0,0,0,0,"N",1,100.0,0,0,0,0,0,0,0,0,0,0,0,0,0,0
"13063","5","4244","76","0","2023","4","",51,1684,1691,1748,28086187,2237369,21298,1265,"",2.27,2.42,2.42,2.48,2.17,2.73,2.53,0.89,"",-5,-8.9,124,7.9,99,6.2,95,5.7,322400,1.2,-131326,-5.5,-1222,-5.4,-68,-5.1
"13063","5","42441","77","0","2023","4","",14,510,523,577,7520816,900845,7202,1078,"",3.50,2.33,2.38,2.60,1.91,3.43,2.70,0.78,"",1,7.7,35,7.4,45,9.4,41,7.6,363763,5.1,52678,6.2,2083,40.7,-31,-2.8
"13063","5","424410","78","0","2023","4","",14,510,523,577,7520816,900845,7202,1078,"",3.50,2.33,2.38,2.60,1.91,3.43,2.70,0.78,"",1,7.7,35,7.4,45,9.4,41,7.6,363763,5.1,52678,6.2,2083,40.7,-31,-2.8
"13063","5","42443","77","0","2023","4","N",2,0,0,0,0,0,0,0,"N",1.69,0,0,0,0,0,0,0,"N",0,0.0,0,0,0,0,0,0,0,0,0,0,0,0,0,0
"13063","5","424430","78","0","2023","4","N",2,0,0,0,0,0,0,0,"N",1.69,0,0,0,0,0,0,0,"N",0,0.0,0,0,0,0,0,0,0,0,0,0,0,0,0,0
"13063","5","42444","77","0","2023","4","N",3,0,0,0,0,0,0,0,"N",8.90,0,0,0,0,0,0,0,"N",0,0.0,0,0,0,0,0,0,0,0,0,0,0,0,0,0
"13063","5","424440","78","0","2023","4","N",3,0,0,0,0,0,0,0,"N",8.90,0,0,0,0,0,0,0,"N",0,0.0,0,0,0,0,0,0,0,0,0,0,0,0,0,0
"13063","5","42447","77","0","2023","4","N",1,0,0,0,0,0,0,0,"N",0.71,0,0,0,0,0,0,0,"N",0,0.0,0,0,0,0,0,0,0,0,0,0,0,0,0,0
"13063","5","424470","78","0","2023","4","N",1,0,0,0,0,0,0,0,"N",0.71,0,0,0,0,0,0,0,"N",0,0.0,0,0,0,0,0,0,0,0,0,0,0,0,0,0
"13063","5","42448","77","0","2023","4","",29,924,912,907,17095223,942684,8575,1438,"",11.96,11.18,11.08,10.93,11.57,8.32,7.03,1.05,"",-5,-14.7,80,9.5,51,5.9,41,4.7,-105474,-0.6,20997,2.3,-92,-1.1,-106,-6.9
"13063","5","424480","78","0","2023","4","",29,924,912,907,17095223,942684,8575,1438,"",11.96,11.18,11.08,10.93,11.57,8.32,7.03,1.05,"",-5,-14.7,80,9.5,51,5.9,41,4.7,-105474,-0.6,20997,2.3,-92,-1.1,-106,-6.9
"13063","5","42449","77","0","2023","4","N",2,0,0,0,0,0,0,0,"N",0.23,0,0,0,0,0,0,0,"N",-1,-33.3,0,0,0,0,0,0,0,0,0,0,0,0,0,0
"13063","5","424490","78","0","2023","4","N",2,0,0,0,0,0,0,0,"N",0.23,0,0,0,0,0,0,0,"N",-1,-33.3,0,0,0,0,0,0,0,0,0,0,0,0,0,0
"13063","5","4246","76","0","2023","4","",8,105,100,98,2129391,43757,535,1622,"",0.94,0.81,0.77,0.75,0.62,0.45,0.54,0.79,"",-2,-20.0,-90,-46.2,-92,-47.9,-93,-48.7,-2339844,-52.4,-70481,-61.7,-1047,-66.2,-162,-9.1
"13063","5","42461","77","0","2023","4","N",1,0,0,0,0,0,0,0,"N",0.49,0,0,0,0,0,0,0,"N",0,0.0,0,0,0,0,0,0,0,0,0,0,0,0,0,0
"13063","5","424610","78","0","2023","4","N",1,0,0,0,0,0,0,0,"N",0.49,0,0,0,0,0,0,0,"N",0,0.0,0,0,0,0,0,0,0,0,0,0,0,0,0,0
"13063","5","42469","77","0","2023","4","N",7,0,0,0,0,0,0,0,"N",1.08,0,0,0,0,0,0,0,"N",-2,-22.2,0,0,0,0,0,0,0,0,0,0,0,0,0,0
"13063","5","424690","78","0","2023","4","N",7,0,0,0,0,0,0,0,"N",1.08,0,0,0,0,0,0,0,"N",-2,-22.2,0,0,0,0,0,0,0,0,0,0,0,0,0,0
"13063","5","4247","76","0","2023","4","N",1,0,0,0,0,0,0,0,"N",0.26,0,0,0,0,0,0,0,"N",1,100.0,0,0,0,0,0,0,0,0,0,0,0,0,0,0
"13063","5","42472","77","0","2023","4","N",1,0,0,0,0,0,0,0,"N",0.38,0,0,0,0,0,0,0,"N",1,100.0,0,0,0,0,0,0,0,0,0,0,0,0,0,0
"13063","5","424720","78","0","2023","4","N",1,0,0,0,0,0,0,0,"N",0.38,0,0,0,0,0,0,0,"N",1,100.0,0,0,0,0,0,0,0,0,0,0,0,0,0,0
"13063","5","4248","76","0","2023","4","N",1,0,0,0,0,0,0,0,"N",0.23,0,0,0,0,0,0,0,"N",0,0.0,0,0,0,0,0,0,0,0,0,0,0,0,0,0
"13063","5","42481","77","0","2023","4","N",1,0,0,0,0,0,0,0,"N",0.72,0,0,0,0,0,0,0,"N",0,0.0,0,0,0,0,0,0,0,0,0,0,0,0,0,0
"13063","5","424810","78","0","2023","4","N",1,0,0,0,0,0,0,0,"N",0.72,0,0,0,0,0,0,0,"N",0,0.0,0,0,0,0,0,0,0,0,0,0,0,0,0,0
"13063","5","4249","76","0","2023","4","",12,223,213,211,2852051,211761,1173,1017,"",0.68,0.80,0.76,0.75,0.55,0.67,0.36,0.71,"",-1,-7.7,2,0.9,-13,-5.8,-15,-6.6,-230663,-7.5,-163622,-43.6,-858,-42.2,-40,-3.8
"13063","5","42491","77","0","2023","4","",3,29,30,29,674496,16652,118,1769,"",0.51,0.29,0.30,0.29,0.32,0.14,0.12,1.09,"",-1,-25.0,1,3.6,3,11.1,1,3.6,-219756,-24.6,-20222,-54.8,-782,-86.9,-717,-28.8
"13063","5","424910","78","0","2023","4","",3,29,30,29,674496,16652,118,1769,"",0.51,0.29,0.30,0.29,0.32,0.14,0.12,1.09,"",-1,-25.0,1,3.6,3,11.1,1,3.6,-219756,-24.6,-20222,-54.8,-782,-86.9,-717,-28.8
"13063","5","42493","77","0","2023","4","N",1,0,0,0,0,0,0,0,"N",0.58,0,0,0,0,0,0,0,"N",0,0.0,0,0,0,0,0,0,0,0,0,0,0,0,0,0
"13063","5","424930","78","0","2023","4","N",1,0,0,0,0,0,0,0,"N",0.58,0,0,0,0,0,0,0,"N",0,0.0,0,0,0,0,0,0,0,0,0,0,0,0,0,0
"13063","5","42494","77","0","2023","4","N",2,0,0,0,0,0,0,0,"N",1.90,0,0,0,0,0,0,0,"N",0,0.0,0,0,0,0,0,0,0,0,0,0,0,0,0,0
"13063","5","424940","78","0","2023","4","N",2,0,0,0,0,0,0,0,"N",1.90,0,0,0,0,0,0,0,"N",0,0.0,0,0,0,0,0,0,0,0,0,0,0,0,0,0
"13063","5","42495","77","0","2023","4","N",2,0,0,0,0,0,0,0,"N",1.54,0,0,0,0,0,0,0,"N",0,0.0,0,0,0,0,0,0,0,0,0,0,0,0,0,0
"13063","5","424950","78","0","2023","4","N",2,0,0,0,0,0,0,0,"N",1.54,0,0,0,0,0,0,0,"N",0,0.0,0,0,0,0,0,0,0,0,0,0,0,0,0,0
"13063","5","42499","77","0","2023","4","",4,21,20,18,160924,41678,198,629,"",0.59,0.29,0.28,0.25,0.12,0.53,0.21,0.43,"",0,0.0,1,5.0,-1,-4.8,-3,-14.3,21082,15.1,-9732,-18.9,-47,-19.2,108,20.7
"13063","5","424990","78","0","2023","4","",4,21,20,18,160924,41678,198,629,"",0.59,0.29,0.28,0.25,0.12,0.53,0.21,0.43,"",0,0.0,1,5.0,-1,-4.8,-3,-14.3,21082,15.1,-9732,-18.9,-47,-19.2,108,20.7
"13063","5","425","75","0","2023","4","N",38,0,0,0,0,0,0,0,"N",0.69,0,0,0,0,0,0,0,"N",-8,-17.4,0,0,0,0,0,0,0,0,0,0,0,0,0,0
"13063","5","4251","76","0","2023","4","N",38,0,0,0,0,0,0,0,"N",0.69,0,0,0,0,0,0,0,"N",-8,-17.4,0,0,0,0,0,0,0,0,0,0,0,0,0,0
"13063","5","42512","77","0","2023","4","N",38,0,0,0,0,0,0,0,"N",0.69,0,0,0,0,0,0,0,"N",-8,-17.4,0,0,0,0,0,0,0,0,0,0,0,0,0,0
"13063","5","425120","78","0","2023","4","N",38,0,0,0,0,0,0,0,"N",0.69,0,0,0,0,0,0,0,"N",-8,-17.4,0,0,0,0,0,0,0,0,0,0,0,0,0,0
"13063","5","44-45","74","0","2023","4","",779,11920,12152,12112,118779282,14286465,110325,758,"",1.60,0.90,0.90,0.89,0.89,0.87,0.80,1.00,"",-31,-3.8,-274,-2.2,-341,-2.7,-546,-4.3,-7324037,-5.8,-3311448,-18.8,-81745,-42.6,-21,-2.7
"13063","5","441","75","0","2023","4","",123,2019,2013,2002,36412771,2154025,23196,1393,"",2.19,1.16,1.15,1.15,1.26,1.03,1.18,1.10,"",-4,-3.1,98,5.1,-21,-1.0,-32,-1.6,-5091141,-12.3,-662108,-23.5,-10101,-30.3,-206,-12.9
"13063","5","4411","76","0","2023","4","",42,1039,1041,1038,21318337,1199640,13722,1578,"",1.93,0.95,0.95,0.94,1.01,0.94,1.07,1.06,"",-5,-10.6,61,6.2,-48,-4.4,-57,-5.2,-5842025,-21.5,-423554,-26.1,-11579,-45.8,-404,-20.4
"13063","5","44111","77","0","2023","4","",13,876,879,876,19630502,1069074,12227,1722,"",1.35,0.92,0.93,0.92,1.03,0.96,1.12,1.12,"",0,0.0,49,5.9,-65,-6.9,-75,-7.9,-5987134,-23.4,-431960,-28.8,-11514,-48.5,-450,-20.7
"13063","5","441110","78","0","2023","4","",13,876,879,876,19630502,1069074,12227,1722,"",1.35,0.92,0.93,0.92,1.03,0.96,1.12,1.12,"",0,0.0,49,5.9,-65,-6.9,-75,-7.9,-5987134,-23.4,-431960,-28.8,-11514,-48.5,-450,-20.7
"13063","5","44112","77","0","2023","4","",29,163,162,162,1687835,130566,1495,800,"",2.40,1.13,1.13,1.13,0.80,0.76,0.81,0.71,"",-5,-14.7,12,7.9,17,11.7,18,12.5,145109,9.4,8406,6.9,-65,-4.2,-9,-1.1
"13063","5","441120","78","0","2023","4","",29,163,162,162,1687835,130566,1495,800,"",2.40,1.13,1.13,1.13,0.80,0.76,0.81,0.71,"",-5,-14.7,12,7.9,17,11.7,18,12.5,145109,9.4,8406,6.9,-65,-4.2,-9,-1.1
"13063","5","4412","76","0","2023","4","",5,66,65,61,1037692,90303,898,1247,"",0.71,0.44,0.44,0.42,0.45,0.49,0.46,1.03,"",1,25.0,-5,-7.0,-6,-8.5,-8,-11.6,66567,6.9,-39289,-30.3,-741,-45.2,185,17.4
"13063","5","44121","77","0","2023","4","N",1,0,0,0,0,0,0,0,"N",0.70,0,0,0,0,0,0,0,"N",0,0.0,0,0,0,0,0,0,0,0,0,0,0,0,0,0
"13063","5","441210","78","0","2023","4","N",1,0,0,0,0,0,0,0,"N",0.70,0,0,0,0,0,0,0,"N",0,0.0,0,0,0,0,0,0,0,0,0,0,0,0,0,0
"13063","5","44122","77","0","2023","4","N",4,0,0,0,0,0,0,0,"N",0.72,0,0,0,0,0,0,0,"N",1,33.3,0,0,0,0,0,0,0,0,0,0,0,0,0,0
"13063","5","441227","78","0","2023","4","N",4,0,0,0,0,0,0,0,"N",1.14,0,0,0,0,0,0,0,"N",1,33.3,0,0,0,0,0,0,0,0,0,0,0,0,0,0
"13063","5","4413","76","0","2023","4","",76,914,907,903,14056742,864082,8576,1191,"",2.77,1.83,1.80,1.80,2.61,1.36,1.77,1.45,"",0,0.0,42,4.8,33,3.8,33,3.8,684317,5.1,-199265,-18.7,2219,34.9,11,0.9
"13063","5","44133","77","0","2023","4","",47,646,643,636,9625390,558919,5769,1154,"",2.60,1.91,1.89,1.88,2.99,1.39,1.95,1.58,"",2,4.4,99,18.1,93,16.9,88,16.1,1120881,13.2,-53115,-8.7,2500,76.5,-39,-3.3
"13063","5","441330","78","0","2023","4","",47,646,643,636,9625390,558919,5769,1154,"",2.60,1.91,1.89,1.88,2.99,1.39,1.95,1.58,"",2,4.4,99,18.1,93,16.9,88,16.1,1120881,13.2,-53115,-8.7,2500,76.5,-39,-3.3
"13063","5","44134","77","0","2023","4","",29,268,264,267,4431352,305163,2807,1280,"",3.12,1.66,1.62,1.63,2.05,1.32,1.48,1.26,"",-2,-6.5,-57,-17.5,-60,-18.5,-55,-17.1,-436564,-9.0,-146150,-32.4,-281,-9.1,123,10.6
"13063","5","441340","78","0","2023","4","",29,268,264,267,4431352,305163,2807,1280,"",3.12,1.66,1.62,1.63,2.05,1.32,1.48,1.26,"",-2,-6.5,-57,-17.5,-60,-18.5,-55,-17.1,-436564,-9.0,-146150,-32.4,-281,-9.1,123,10.6
"13063","5","444","75","0","2023","4","",23,1193,1200,1182,13012416,712557,2796,840,"",0.70,1.01,1.02,1.00,1.03,0.55,0.26,1.02,"",2,9.5,86,7.8,110,10.1,82,7.5,1989463,18.0,73981,11.6,-6833,-71.0,68,8.8
"13063","5","4441","76","0","2023","4","",19,1145,1152,1136,12191955,669086,2637,820,"",0.76,1.12,1.13,1.11,1.11,0.60,0.31,0.99,"",2,11.8,94,8.9,113,10.9,84,8.0,1976621,19.3,42154,6.7,-6947,-72.5,70,9.3
"13063","5","44411","77","0","2023","4","N",9,0,0,0,0,0,0,0,"N",2.11,0,0,0,0,0,0,0,"N",3,50.0,0,0,0,0,0,0,0,0,0,0,0,0,0,0
"13063","5","444110","78","0","2023","4","N",9,0,0,0,0,0,0,0,"N",2.11,0,0,0,0,0,0,0,"N",3,50.0,0,0,0,0,0,0,0,0,0,0,0,0,0,0
"13063","5","44412","77","0","2023","4","N",3,0,0,0,0,0,0,0,"N",0.96,0,0,0,0,0,0,0,"N",0,0.0,0,0,0,0,0,0,0,0,0,0,0,0,0,0
"13063","5","444120","78","0","2023","4","N",3,0,0,0,0,0,0,0,"N",0.96,0,0,0,0,0,0,0,"N",0,0.0,0,0,0,0,0,0,0,0,0,0,0,0,0,0
"13063","5","44414","77","0","2023","4","N",2,0,0,0,0,0,0,0,"N",0.28,0,0,0,0,0,0,0,"N",-1,-33.3,0,0,0,0,0,0,0,0,0,0,0,0,0,0
"13063","5","444140","78","0","2023","4","N",2,0,0,0,0,0,0,0,"N",0.28,0,0,0,0,0,0,0,"N",-1,-33.3,0,0,0,0,0,0,0,0,0,0,0,0,0,0
"13063","5","44418","77","0","2023","4","N",5,0,0,0,0,0,0,0,"N",0.47,0,0,0,0,0,0,0,"N",0,0.0,0,0,0,0,0,0,0,0,0,0,0,0,0,0
"13063","5","444180","78","0","2023","4","N",5,0,0,0,0,0,0,0,"N",0.47,0,0,0,0,0,0,0,"N",0,0.0,0,0,0,0,0,0,0,0,0,0,0,0,0,0
"13063","5","4442","76","0","2023","4","",4,48,48,46,820461,43471,159,1333,"",0.50,0.30,0.31,0.30,0.53,0.24,0.08,1.73,"",0,0.0,-8,-14.3,-3,-5.9,-2,-4.2,12842,1.6,31827,273.3,114,253.3,131,10.9
"13063","5","44423","77","0","2023","4","N",1,0,0,0,0,0,0,0,"N",0.57,0,0,0,0,0,0,0,"N",0,0.0,0,0,0,0,0,0,0,0,0,0,0,0,0,0
"13063","5","444230","78","0","2023","4","N",1,0,0,0,0,0,0,0,"N",0.57,0,0,0,0,0,0,0,"N",0,0.0,0,0,0,0,0,0,0,0,0,0,0,0,0,0
"13063","5","44424","77","0","2023","4","N",3,0,0,0,0,0,0,0,"N",0.48,0,0,0,0,0,0,0,"N",0,0.0,0,0,0,0,0,0,0,0,0,0,0,0,0,0
"13063","5","444240","78","0","2023","4","N",3,0,0,0,0,0,0,0,"N",0.48,0,0,0,0,0,0,0,"N",0,0.0,0,0,0,0,0,0,0,0,0,0,0,0,0,0
"13063","5","445","75","0","2023","4","",132,1946,2002,1965,14431756,2180806,14419,563,"",1.81,0.71,0.72,0.70,0.66,0.65,0.57,0.93,"",-18,-12.0,46,2.4,71,3.7,5,0.3,403477,2.9,-361014,-14.2,-1700,-10.5,4,0.7
"13063","5","4451","76","0","2023","4","",104,1685,1669,1670,11675028,1878796,11570,536,"",2.36,0.71,0.69,0.69,0.62,0.65,0.58,0.89,"",-16,-13.3,57,3.5,15,0.9,-18,-1.1,382410,3.4,-207516,-9.9,-374,-3.1,12,2.3
"13063","5","44511","77","0","2023","4","",51,1578,1562,1561,10926071,1728739,8562,536,"",1.92,0.72,0.70,0.69,0.63,0.66,0.50,0.89,"",-2,-3.8,58,3.8,21,1.4,-18,-1.1,404004,3.8,-198434,-10.3,782,10.1,13,2.5
"13063","5","445110","78","0","2023","4","",51,1578,1562,1561,10926071,1728739,8562,536,"",1.92,0.72,0.70,0.69,0.63,0.66,0.50,0.89,"",-2,-3.8,58,3.8,21,1.4,-18,-1.1,404004,3.8,-198434,-10.3,782,10.1,13,2.5
"13063","5","44513","77","0","2023","4","",53,107,107,109,748957,150057,3008,535,"",3.02,0.61,0.61,0.62,0.54,0.63,1.10,0.89,"",-14,-20.9,-1,-0.9,-6,-5.3,0,0.0,-21594,-2.8,-9082,-5.7,-1156,-27.8,-4,-0.7
"13063","5","445131","78","0","2023","4","N",51,0,0,0,0,0,0,0,"N",3.19,0,0,0,0,0,0,0,"N",-11,-17.7,0,0,0,0,0,0,0,0,0,0,0,0,0,0
"13063","5","445132","78","0","2023","4","N",2,0,0,0,0,0,0,0,"N",1.28,0,0,0,0,0,0,0,"N",-3,-60.0,0,0,0,0,0,0,0,0,0,0,0,0,0,0
"13063","5","4452","76","0","2023","4","",13,175,245,206,2092917,213844,1319,772,"",0.99,0.84,1.15,0.97,1.16,0.74,0.41,1.17,"",0,0.0,-5,-2.8,62,33.9,25,13.8,73231,3.6,-114771,-34.9,-1118,-45.9,-85,-9.9
"13063","5","44523","77","0","2023","4","",5,94,89,87,1394697,111591,349,1192,"",3.21,2.69,2.81,2.89,4.56,2.66,0.67,1.64,"",0,0.0,-2,-2.1,-11,-11.0,-12,-12.1,82384,6.3,-98454,-46.9,-1105,-76.0,165,16.1
"13063","5","445230","78","0","2023","4","",5,94,89,87,1394697,111591,349,1192,"",3.21,2.69,2.81,2.89,4.56,2.66,0.67,1.64,"",0,0.0,-2,-2.1,-11,-11.0,-12,-12.1,82384,6.3,-98454,-46.9,-1105,-76.0,165,16.1
"13063","5","44525","77","0","2023","4","N",5,0,0,0,0,0,0,0,"N",4.78,0,0,0,0,0,0,0,"N",0,0.0,0,0,0,0,0,0,0,0,0,0,0,0,0,0
"13063","5","445250","78","0","2023","4","N",5,0,0,0,0,0,0,0,"N",4.78,0,0,0,0,0,0,0,"N",0,0.0,0,0,0,0,0,0,0,0,0,0,0,0,0,0
"13063","5","44529","77","0","2023","4","N",3,0,0,0,0,0,0,0,"N",0.40,0,0,0,0,0,0,0,"N",0,0.0,0,0,0,0,0,0,0,0,0,0,0,0,0,0
"13063","5","445291","78","0","2023","4","N",1,0,0,0,0,0,0,0,"N",0.83,0,0,0,0,0,0,0,"N",0,0.0,0,0,0,0,0,0,0,0,0,0,0,0,0,0
"13063","5","445292","78","0","2023","4","N",1,0,0,0,0,0,0,0,"N",0.70,0,0,0,0,0,0,0,"N",0,0.0,0,0,0,0,0,0,0,0,0,0,0,0,0,0
"13063","5","445298","78","0","2023","4","N",1,0,0,0,0,0,0,0,"N",0.21,0,0,0,0,0,0,0,"N",0,0.0,0,0,0,0,0,0,0,0,0,0,0,0,0,0
"13063","5","4453","76","0","2023","4","",15,86,88,89,663811,88166,1530,582,"",0.97,0.58,0.58,0.58,0.58,0.46,0.79,1.00,"",-2,-11.8,-6,-6.5,-6,-6.4,-2,-2.2,-52164,-7.3,-38727,-30.5,-208,-12.0,-14,-2.3
"13063","5","44532","77","0","2023","4","",15,86,88,89,663811,88166,1530,582,"",0.97,0.58,0.58,0.58,0.58,0.46,0.79,1.00,"",-2,-11.8,-6,-6.5,-6,-6.4,-2,-2.2,-52164,-7.3,-38727,-30.5,-208,-12.0,-14,-2.3
"13063","5","445320","78","0","2023","4","",15,86,88,89,663811,88166,1530,582,"",0.97,0.58,0.58,0.58,0.58,0.46,0.79,1.00,"",-2,-11.8,-6,-6.5,-6,-6.4,-2,-2.2,-52164,-7.3,-38727,-30.5,-208,-12.0,-14,-2.3
"13063","5","449","75","0","2023","4","",59,514,517,519,8171654,470971,4376,1217,"",1.44,0.73,0.72,0.72,0.79,0.59,0.56,1.09,"",-9,-13.2,25,5.1,31,6.4,4,0.8,-38532,-0.5,58391,14.2,1481,51.2,-55,-4.3
"13063","5","4491","76","0","2023","4","",30,146,142,141,1579283,94197,787,850,"",1.40,0.41,0.39,0.38,0.33,0.22,0.20,0.85,"",-2,-6.2,-2,-1.4,-6,-4.1,-7,-4.7,-192118,-10.8,-52961,-36.0,-99,-11.2,-71,-7.7
"13063","5","44911","77","0","2023","4","",25,136,132,131,1426517,94197,787,825,"",2.38,0.77,0.74,0.73,0.57,0.48,0.42,0.76,"",-2,-7.4,1,0.7,-4,-2.9,-5,-3.7,-160485,-10.1,-42950,-31.3,55,7.5,-75,-8.3
"13063","5","449110","78","0","2023","4","",25,136,132,131,1426517,94197,787,825,"",2.38,0.77,0.74,0.73,0.57,0.48,0.42,0.76,"",-2,-7.4,1,0.7,-4,-2.9,-5,-3.7,-160485,-10.1,-42950,-31.3,55,7.5,-75,-8.3
"13063","5","44912","77","0","2023","4","",5,10,10,10,152766,0,0,1175,"",0.46,0.06,0.05,0.05,0.07,0.00,0.00,1.27,"",0,0.0,-3,-23.1,-2,-16.7,-2,-16.7,-31633,-17.2,-10011,-100.0,-154,-100.0,25,2.2
"13063","5","449121","78","0","2023","4","",5,10,10,10,152766,0,0,1175,"",1.20,0.17,0.17,0.17,0.15,0.00,0.00,0.91,"",0,0.0,-3,-23.1,-2,-16.7,-2,-16.7,-31633,-17.2,-10011,-100.0,-154,-100.0,25,2.2
"13063","5","4492","76","0","2023","4","",29,368,375,378,6592371,376774,3589,1357,"",1.48,1.06,1.06,1.06,1.17,0.99,0.92,1.11,"",-7,-19.4,27,7.9,37,10.9,11,3.0,153586,2.4,111352,42.0,1580,78.6,-64,-4.5
"13063","5","44921","77","0","2023","4","",29,368,375,378,6592371,376774,3589,1357,"",1.48,1.06,1.06,1.06,1.17,0.99,0.92,1.11,"",-7,-19.4,27,7.9,37,10.9,11,3.0,153586,2.4,111352,42.0,1580,78.6,-64,-4.5
"13063","5","449210","78","0","2023","4","",29,368,375,378,6592371,376774,3589,1357,"",1.48,1.06,1.06,1.06,1.17,0.99,0.92,1.11,"",-7,-19.4,27,7.9,37,10.9,11,3.0,153586,2.4,111352,42.0,1580,78.6,-64,-4.5
"13063","5","455","75","0","2023","4","",73,3131,3223,3208,23348597,4429304,28019,563,"",1.98,1.13,1.11,1.09,1.10,1.27,1.04,0.99,"",-1,-1.4,2,0.1,42,1.3,-66,-2.0,356619,1.6,-483939,-9.8,-8697,-23.7,9,1.6
"13063","5","4551","76","0","2023","4","",10,824,839,813,6927740,1526511,7154,646,"",1.85,0.98,0.92,0.89,1.20,1.38,0.73,1.29,"",-1,-9.1,-104,-11.2,-120,-12.5,-138,-14.5,-1145318,-14.2,-564018,-27.0,921,14.8,-10,-1.5
"13063","5","45511","77","0","2023","4","",10,824,839,813,6927740,1526511,7154,646,"",1.85,0.98,0.92,0.89,1.20,1.38,0.73,1.29,"",-1,-9.1,-104,-11.2,-120,-12.5,-138,-14.5,-1145318,-14.2,-564018,-27.0,921,14.8,-10,-1.5
"13063","5","455110","78","0","2023","4","",10,824,839,813,6927740,1526511,7154,646,"",1.85,0.98,0.92,0.89,1.20,1.38,0.73,1.29,"",-1,-9.1,-104,-11.2,-120,-12.5,-138,-14.5,-1145318,-14.2,-564018,-27.0,921,14.8,-10,-1.5
"13063","5","4552","76","0","2023","4","",63,2307,2384,2395,16420857,2902793,20865,535,"",2.00,1.19,1.19,1.19,1.06,1.22,1.21,0.88,"",0,0.0,106,4.8,162,7.3,72,3.1,1501937,10.1,80079,2.8,-9618,-31.6,25,4.9
"13063","5","45521","77","0","2023","4","",63,2307,2384,2395,16420857,2902793,20865,535,"",2.00,1.19,1.19,1.19,1.06,1.22,1.21,0.88,"",0,0.0,106,4.8,162,7.3,72,3.1,1501937,10.1,80079,2.8,-9618,-31.6,25,4.9
"13063","5","455211","78","0","2023","4","N",5,0,0,0,0,0,0,0,"N",1.73,0,0,0,0,0,0,0,"N",0,0.0,0,0,0,0,0,0,0,0,0,0,0,0,0,0
"13063","5","455219","78","0","2023","4","N",58,0,0,0,0,0,0,0,"N",2.03,0,0,0,0,0,0,0,"N",0,0.0,0,0,0,0,0,0,0,0,0,0,0,0,0,0
"13063","5","456","75","0","2023","4","",83,738,749,739,6534731,859625,7142,677,"",1.56,0.78,0.78,0.76,0.58,0.77,0.76,0.75,"",5,6.4,79,12.0,97,14.9,94,14.6,1013040,18.3,31736,3.8,2299,47.5,26,4.0
"13063","5","4561","76","0","2023","4","",83,738,749,739,6534731,859625,7142,677,"",1.56,0.78,0.78,0.76,0.58,0.77,0.76,0.75,"",5,6.4,79,12.0,97,14.9,94,14.6,1013040,18.3,31736,3.8,2299,47.5,26,4.0
"13063","5","45611","77","0","2023","4","",29,214,214,210,2623128,251112,1928,949,"",1.00,0.35,0.35,0.34,0.34,0.36,0.35,0.98,"",1,3.6,-14,-6.1,-2,-0.9,-6,-2.8,96125,3.8,-32484,-11.5,708,58.0,65,7.4
"13063","5","456110","78","0","2023","4","",29,214,214,210,2623128,251112,1928,949,"",1.00,0.35,0.35,0.34,0.34,0.36,0.35,0.98,"",1,3.6,-14,-6.1,-2,-0.9,-6,-2.8,96125,3.8,-32484,-11.5,708,58.0,65,7.4
"13063","5","45612","77","0","2023","4","",32,269,274,270,1739332,407441,3259,494,"",3.52,1.58,1.52,1.50,1.28,1.93,1.63,0.83,"",2,6.7,93,52.8,95,53.1,92,51.7,817042,88.6,145918,55.8,1818,126.2,95,23.8
"13063","5","456120","78","0","2023","4","",32,269,274,270,1739332,407441,3259,494,"",3.52,1.58,1.52,1.50,1.28,1.93,1.63,0.83,"",2,6.7,93,52.8,95,53.1,92,51.7,817042,88.6,145918,55.8,1818,126.2,95,23.8
"13063","5","45613","77","0","2023","4","",12,135,136,135,1687757,114954,947,959,"",2.46,2.14,2.17,2.12,2.28,1.68,1.52,1.06,"",0,0.0,6,4.7,2,1.5,-3,-2.2,96160,6.0,-66264,-36.6,-810,-46.1,43,4.7
"13063","5","456130","78","0","2023","4","",12,135,136,135,1687757,114954,947,959,"",2.46,2.14,2.17,2.12,2.28,1.68,1.52,1.06,"",0,0.0,6,4.7,2,1.5,-3,-2.2,96160,6.0,-66264,-36.6,-810,-46.1,43,4.7
"13063","5","45619","77","0","2023","4","",10,120,125,124,484514,86118,1008,303,"",0.97,1.19,1.23,1.21,0.35,0.68,0.79,0.29,"",2,25.0,-6,-4.8,2,1.6,11,9.7,3713,0.8,-15434,-15.2,583,137.2,-4,-1.3
"13063","5","456191","78","0","2023","4","N",7,0,0,0,0,0,0,0,"N",1.43,0,0,0,0,0,0,0,"N",1,16.7,0,0,0,0,0,0,0,0,0,0,0,0,0,0
"13063","5","456199","78","0","2023","4","N",3,0,0,0,0,0,0,0,"N",0.55,0,0,0,0,0,0,0,"N",1,50.0,0,0,0,0,0,0,0,0,0,0,0,0,0,0
"13063","5","457","75","0","2023","4","",146,706,711,701,5648994,842579,7981,615,"",2.72,0.79,0.79,0.78,0.77,0.67,0.81,0.97,"",-7,-4.6,-652,-48.0,-644,-47.5,-622,-47.0,-6141423,-52.1,-1612792,-65.7,-44146,-84.7,-59,-8.8
"13063","5","4571","76","0","2023","4","N",144,0,0,0,0,0,0,0,"N",2.87,0,0,0,0,0,0,0,"N",-6,-4.0,0,0,0,0,0,0,0,0,0,0,0,0,0,0
"13063","5","45711","77","0","2023","4","",128,643,651,643,5076067,780900,6826,605,"",2.79,0.85,0.86,0.85,0.92,0.72,0.84,1.08,"",-7,-5.2,-324,-33.5,-300,-31.5,-269,-29.5,-2427429,-32.4,-854965,-52.3,-23953,-77.8,-7,-1.1
"13063","5","457110","78","0","2023","4","",128,643,651,643,5076067,780900,6826,605,"",2.79,0.85,0.86,0.85,0.92,0.72,0.84,1.08,"",-7,-5.2,-324,-33.5,-300,-31.5,-269,-29.5,-2427429,-32.4,-854965,-52.3,-23953,-77.8,-7,-1.1
"13063","5","45712","77","0","2023","4","N",16,0,0,0,0,0,0,0,"N",3.71,0,0,0,0,0,0,0,"N",1,6.7,0,0,0,0,0,0,0,0,0,0,0,0,0,0
"13063","5","457120","78","0","2023","4","N",16,0,0,0,0,0,0,0,"N",3.71,0,0,0,0,0,0,0,"N",1,6.7,0,0,0,0,0,0,0,0,0,0,0,0,0,0
"13063","5","4572","76","0","2023","4","N",2,0,0,0,0,0,0,0,"N",0.58,0,0,0,0,0,0,0,"N",-1,-33.3,0,0,0,0,0,0,0,0,0,0,0,0,0,0
"13063","5","45721","77","0","2023","4","N",2,0,0,0,0,0,0,0,"N",0.58,0,0,0,0,0,0,0,"N",-1,-33.3,0,0,0,0,0,0,0,0,0,0,0,0,0,0
"13063","5","457210","78","0","2023","4","N",2,0,0,0,0,0,0,0,"N",0.58,0,0,0,0,0,0,0,"N",-1,-33.3,0,0,0,0,0,0,0,0,0,0,0,0,0,0
"13063","5","458","75","0","2023","4","",73,651,707,737,3411592,966470,5308,376,"",1.33,0.66,0.67,0.69,0.41,0.75,0.41,0.62,"",-7,-8.8,-165,-20.2,-148,-17.3,-183,-19.9,-1253935,-26.9,-426674,-30.6,-10686,-66.8,-40,-9.6
"13063","5","4581","76","0","2023","4","",54,469,513,538,2482542,716345,4366,377,"",1.42,0.63,0.65,0.67,0.44,0.74,0.44,0.67,"",-4,-6.9,1,0.2,35,7.3,25,4.9,-254893,-9.3,-26308,-3.5,-337,-7.2,-56,-12.9
"13063","5","45811","77","0","2023","4","",54,469,513,538,2482542,716345,4366,377,"",1.42,0.63,0.65,0.67,0.44,0.74,0.44,0.67,"",-4,-6.9,1,0.2,35,7.3,25,4.9,-254893,-9.3,-26308,-3.5,-337,-7.2,-56,-12.9
"13063","5","458110","78","0","2023","4","",54,469,513,538,2482542,716345,4366,377,"",1.42,0.63,0.65,0.67,0.44,0.74,0.44,0.67,"",-4,-6.9,1,0.2,35,7.3,25,4.9,-254893,-9.3,-26308,-3.5,-337,-7.2,-56,-12.9
"13063","5","4582","76","0","2023","4","",12,151,163,167,673598,240526,847,323,"",1.70,1.04,1.07,1.04,0.63,1.34,0.52,0.60,"",-2,-14.3,-155,-50.7,-173,-51.5,-199,-54.4,-846337,-55.7,-361394,-60.0,-9782,-92.0,-25,-7.2
"13063","5","45821","77","0","2023","4","",12,151,163,167,673598,240526,847,323,"",1.70,1.04,1.07,1.04,0.63,1.34,0.52,0.60,"",-2,-14.3,-155,-50.7,-173,-51.5,-199,-54.4,-846337,-55.7,-361394,-60.0,-9782,-92.0,-25,-7.2
"13063","5","458210","78","0","2023","4","",12,151,163,167,673598,240526,847,323,"",1.70,1.04,1.07,1.04,0.63,1.34,0.52,0.60,"",-2,-14.3,-155,-50.7,-173,-51.5,-199,-54.4,-846337,-55.7,-361394,-60.0,-9782,-92.0,-25,-7.2
"13063","5","4583","76","0","2023","4","",7,31,31,32,255452,9599,95,627,"",0.72,0.30,0.28,0.28,0.17,0.08,0.07,0.60,"",-1,-12.5,-11,-26.2,-10,-24.4,-9,-22.0,-152705,-37.4,-38972,-80.2,-567,-85.6,-133,-17.5
"13063","5","45831","77","0","2023","4","N",6,0,0,0,0,0,0,0,"N",0.66,0,0,0,0,0,0,0,"N",-1,-14.3,0,0,0,0,0,0,0,0,0,0,0,0,0,0
"13063","5","458310","78","0","2023","4","N",6,0,0,0,0,0,0,0,"N",0.66,0,0,0,0,0,0,0,"N",-1,-14.3,0,0,0,0,0,0,0,0,0,0,0,0,0,0
"13063","5","45832","77","0","2023","4","N",1,0,0,0,0,0,0,0,"N",1.83,0,0,0,0,0,0,0,"N",0,0.0,0,0,0,0,0,0,0,0,0,0,0,0,0,0
"13063","5","458320","78","0","2023","4","N",1,0,0,0,0,0,0,0,"N",1.83,0,0,0,0,0,0,0,"N",0,0.0,0,0,0,0,0,0,0,0,0,0,0,0,0,0
"13063","5","459","75","0","2023","4","",67,1022,1030,1059,7806771,1670128,17088,579,"",0.78,0.78,0.78,0.79,0.66,0.99,1.06,0.84,"",8,13.6,207,25.4,121,13.3,172,19.4,1438395,22.6,70971,4.4,-3362,-16.4,16,2.8
"13063","5","4591","76","0","2023","4","",20,118,125,131,766378,133825,598,473,"",0.97,0.28,0.28,0.29,0.24,0.24,0.14,0.84,"",2,11.1,-45,-27.6,-45,-26.5,-39,-22.9,-1129102,-59.6,-40467,-23.2,-517,-46.4,-397,-45.6
"13063","5","45911","77","0","2023","4","",11,83,83,96,476607,103454,566,420,"",0.97,0.33,0.31,0.35,0.23,0.31,0.21,0.71,"",1,10.0,-45,-35.2,-50,-37.6,-37,-27.8,-1156343,-70.8,-41936,-28.8,-524,-48.1,-536,-56.1
"13063","5","459110","78","0","2023","4","",11,83,83,96,476607,103454,566,420,"",0.97,0.33,0.31,0.35,0.23,0.31,0.21,0.71,"",1,10.0,-45,-35.2,-50,-37.6,-37,-27.8,-1156343,-70.8,-41936,-28.8,-524,-48.1,-536,-56.1
"13063","5","45912","77","0","2023","4","",7,31,38,32,253711,30371,32,580,"",1.24,0.28,0.31,0.26,0.33,0.19,0.03,1.15,"N",0,0.0,0,0,0,0,0,0,0,0,0,0,0,0,0,0
"13063","5","459120","78","0","2023","4","",7,31,38,32,253711,30371,32,580,"",1.24,0.28,0.31,0.26,0.33,0.19,0.03,1.15,"N",0,0.0,0,0,0,0,0,0,0,0,0,0,0,0,0,0
"13063","5","45913","77","0","2023","4","N",1,0,0,0,0,0,0,0,"N",0.52,0,0,0,0,0,0,0,"N",1,100.0,0,0,0,0,0,0,0,0,0,0,0,0,0,0
"13063","5","459130","78","0","2023","4","N",1,0,0,0,0,0,0,0,"N",0.52,0,0,0,0,0,0,0,"N",1,100.0,0,0,0,0,0,0,0,0,0,0,0,0,0,0
"13063","5","45914","77","0","2023","4","N",1,0,0,0,0,0,0,0,"N",0.59,0,0,0,0,0,0,0,"N",0,0.0,0,0,0,0,0,0,0,0,0,0,0,0,0,0
"13063","5","459140","78","0","2023","4","N",1,0,0,0,0,0,0,0,"N",0.59,0,0,0,0,0,0,0,"N",0,0.0,0,0,0,0,0,0,0,0,0,0,0,0,0,0
"13063","5","4592","76","0","2023","4","N",2,0,0,0,0,0,0,0,"N",0.55,0,0,0,0,0,0,0,"N",0,0.0,0,0,0,0,0,0,0,0,0,0,0,0,0,0
"13063","5","45921","77","0","2023","4","N",2,0,0,0,0,0,0,0,"N",0.55,0,0,0,0,0,0,0,"N",0,0.0,0,0,0,0,0,0,0,0,0,0,0,0,0,0
"13063","5","459210","78","0","2023","4","N",2,0,0,0,0,0,0,0,"N",0.55,0,0,0,0,0,0,0,"N",0,0.0,0,0,0,0,0,0,0,0,0,0,0,0,0,0
"13063","5","4593","76","0","2023","4","N",6,0,0,0,0,0,0,0,"N",1.06,0,0,0,0,0,0,0,"N",-2,-25.0,0,0,0,0,0,0,0,0,0,0,0,0,0,0
"13063","5","45931","77","0","2023","4","N",6,0,0,0,0,0,0,0,"N",1.06,0,0,0,0,0,0,0,"N",-2,-25.0,0,0,0,0,0,0,0,0,0,0,0,0,0,0
"13063","5","459310","78","0","2023","4","N",6,0,0,0,0,0,0,0,"N",1.06,0,0,0,0,0,0,0,"N",-2,-25.0,0,0,0,0,0,0,0,0,0,0,0,0,0,0
"13063","5","4594","76","0","2023","4","",12,553,547,568,4889112,1055891,11282,676,"",1.01,2.95,3.06,3.15,3.08,4.63,4.82,1.01,"",1,9.1,262,90.0,234,74.8,272,91.9,2743244,127.8,230130,27.9,-7046,-38.4,126,22.9
"13063","5","45941","77","0","2023","4","N",2,0,0,0,0,0,0,0,"N",0.68,0,0,0,0,0,0,0,"N",0,0.0,0,0,0,0,0,0,0,0,0,0,0,0,0,0
"13063","5","459410","78","0","2023","4","N",2,0,0,0,0,0,0,0,"N",0.68,0,0,0,0,0,0,0,"N",0,0.0,0,0,0,0,0,0,0,0,0,0,0,0,0,0
"13063","5","45942","77","0","2023","4","N",10,0,0,0,0,0,0,0,"N",1.12,0,0,0,0,0,0,0,"N",1,11.1,0,0,0,0,0,0,0,0,0,0,0,0,0,0
"13063","5","459420","78","0","2023","4","N",10,0,0,0,0,0,0,0,"N",1.12,0,0,0,0,0,0,0,"N",1,11.1,0,0,0,0,0,0,0,0,0,0,0,0,0,0
"13063","5","4595","76","0","2023","4","",7,213,214,204,1102008,258348,246,403,"",0.81,1.22,1.22,1.15,0.88,1.67,0.16,0.74,"",0,0.0,-15,-6.6,-25,-10.5,-23,-10.1,8982,0.8,-66556,-20.5,131,113.9,40,11.0
"13063","5","45951","77","0","2023","4","",7,213,214,204,1102008,258348,246,403,"",0.81,1.22,1.22,1.15,0.88,1.67,0.16,0.74,"",0,0.0,-15,-6.6,-25,-10.5,-23,-10.1,8982,0.8,-66556,-20.5,131,113.9,40,11.0
"13063","5","459510","78","0","2023","4","",7,213,214,204,1102008,258348,246,403,"",0.81,1.22,1.22,1.15,0.88,1.67,0.16,0.74,"",0,0.0,-15,-6.6,-25,-10.5,-23,-10.1,8982,0.8,-66556,-20.5,131,113.9,40,11.0
"13063","5","4599","76","0","2023","4","",20,92,94,103,674163,216006,4947,538,"",0.57,0.22,0.23,0.25,0.14,0.36,0.75,0.59,"N",7,53.8,0,0,0,0,0,0,0,0,0,0,0,0,0,0
"13063","5","45991","77","0","2023","4","N",1,0,0,0,0,0,0,0,"N",0.20,0,0,0,0,0,0,0,"N",0,0.0,0,0,0,0,0,0,0,0,0,0,0,0,0,0
"13063","5","459910","78","0","2023","4","N",1,0,0,0,0,0,0,0,"N",0.20,0,0,0,0,0,0,0,"N",0,0.0,0,0,0,0,0,0,0,0,0,0,0,0,0,0
"13063","5","45992","77","0","2023","4","N",2,0,0,0,0,0,0,0,"N",0.82,0,0,0,0,0,0,0,"N",0,0.0,0,0,0,0,0,0,0,0,0,0,0,0,0,0
"13063","5","459920","78","0","2023","4","N",2,0,0,0,0,0,0,0,"N",0.82,0,0,0,0,0,0,0,"N",0,0.0,0,0,0,0,0,0,0,0,0,0,0,0,0,0
"13063","5","45999","77","0","2023","4","",17,59,58,65,368878,175699,4745,468,"",0.63,0.22,0.21,0.24,0.11,0.43,0.94,0.50,"",7,70.0,39,195.0,41,241.2,47,261.1,221719,150.7,145114,474.5,3964,507.6,-149,-24.1
"13063","5","459991","78","0","2023","4","N",12,0,0,0,0,0,0,0,"N",1.05,0,0,0,0,0,0,0,"N",7,140.0,0,0,0,0,0,0,0,0,0,0,0,0,0,0
"13063","5","459999","78","0","2023","4","N",5,0,0,0,0,0,0,0,"N",0.32,0,0,0,0,0,0,0,"N",0,0.0,0,0,0,0,0,0,0,0,0,0,0,0,0,0
"13063","5","48-49","74","0","2023","4","",458,53477,53806,54366,1260090448,43529606,454197,1799,"",3.11,9.66,9.36,9.29,14.10,5.49,4.73,1.49,"",-35,-7.1,5441,11.3,5939,12.4,5617,11.5,177950993,16.4,-8594355,-16.5,-105363,-18.8,73,4.2
"13063","5","481","75","0","2023","4","",21,35282,35086,35567,989314538,16192838,53624,2155,"",6.18,73.77,73.43,74.07,73.94,34.48,12.99,1.00,"N",-2,-8.7,0,0,0,0,0,0,0,0,0,0,0,0,0,0
"13063","5","4811","76","0","2023","4","N",18,0,0,0,0,0,0,0,"N",14.51,0,0,0,0,0,0,0,"N",1,5.9,0,0,0,0,0,0,0,0,0,0,0,0,0,0
"13063","5","48111","77","0","2023","4","N",18,0,0,0,0,0,0,0,"N",14.51,0,0,0,0,0,0,0,"N",1,5.9,0,0,0,0,0,0,0,0,0,0,0,0,0,0
"13063","5","481111","78","0","2023","4","",14,35250,35055,35536,988758966,16184396,53533,2156,"",15.23,84.47,84.02,84.83,85.08,40.39,15.93,1.01,"N",3,27.3,0,0,0,0,0,0,0,0,0,0,0,0,0,0
"13063","5","481112","78","0","2023","4","N",4,0,0,0,0,0,0,0,"N",12.45,0,0,0,0,0,0,0,"N",-2,-33.3,0,0,0,0,0,0,0,0,0,0,0,0,0,0
"13063","5","4812","76","0","2023","4","N",3,0,0,0,0,0,0,0,"N",1.39,0,0,0,0,0,0,0,"N",-3,-50.0,0,0,0,0,0,0,0,0,0,0,0,0,0,0
"13063","5","48121","77","0","2023","4","N",3,0,0,0,0,0,0,0,"N",1.39,0,0,0,0,0,0,0,"N",-3,-50.0,0,0,0,0,0,0,0,0,0,0,0,0,0,0
"13063","5","481211","78","0","2023","4","N",1,0,0,0,0,0,0,0,"N",0.69,0,0,0,0,0,0,0,"N",-1,-50.0,0,0,0,0,0,0,0,0,0,0,0,0,0,0
"13063","5","481212","78","0","2023","4","N",2,0,0,0,0,0,0,0,"N",7.52,0,0,0,0,0,0,0,"N",-2,-50.0,0,0,0,0,0,0,0,0,0,0,0,0,0,0
"13063","5","483","75","0","2023","4","N",2,0,0,0,0,0,0,0,"N",1.78,0,0,0,0,0,0,0,"N",1,100.0,0,0,0,0,0,0,0,0,0,0,0,0,0,0
"13063","5","4831","76","0","2023","4","N",2,0,0,0,0,0,0,0,"N",2.86,0,0,0,0,0,0,0,"N",1,100.0,0,0,0,0,0,0,0,0,0,0,0,0,0,0
"13063","5","48311","77","0","2023","4","N",2,0,0,0,0,0,0,0,"N",2.86,0,0,0,0,0,0,0,"N",1,100.0,0,0,0,0,0,0,0,0,0,0,0,0,0,0
"13063","5","483111","78","0","2023","4","N",1,0,0,0,0,0,0,0,"N",3.70,0,0,0,0,0,0,0,"N",0,0.0,0,0,0,0,0,0,0,0,0,0,0,0,0,0
"13063","5","483113","78","0","2023","4","N",1,0,0,0,0,0,0,0,"N",3.99,0,0,0,0,0,0,0,"N",1,100.0,0,0,0,0,0,0,0,0,0,0,0,0,0,0
"13063","5","484","75","0","2023","4","",190,5034,5085,5101,85451012,6117530,66868,1296,"",2.31,3.82,3.86,3.86,4.04,3.65,3.67,1.05,"",-30,-13.6,-627,-11.1,-655,-11.4,-644,-11.2,-7560942,-8.1,-837582,-12.0,-21150,-24.0,44,3.5
"13063","5","4841","76","0","2023","4","",159,4509,4572,4609,76755051,5759060,64078,1294,"",2.75,4.87,4.92,4.93,5.18,4.92,5.25,1.06,"",-27,-14.5,-471,-9.5,-496,-9.8,-443,-8.8,-5006867,-6.1,-337024,-5.5,-11625,-15.4,44,3.5
"13063","5","48411","77","0","2023","4","",39,304,321,359,4475619,1053300,22018,1050,"",1.73,1.19,1.24,1.39,1.16,2.96,4.61,0.91,"",-11,-22.0,36,13.4,42,15.1,71,24.7,-581339,-11.5,238621,29.3,8107,58.3,-348,-24.9
"13063","5","484110","78","0","2023","4","",39,304,321,359,4475619,1053300,22018,1050,"",1.73,1.19,1.24,1.39,1.16,2.96,4.61,0.91,"",-11,-22.0,36,13.4,42,15.1,71,24.7,-581339,-11.5,238621,29.3,8107,58.3,-348,-24.9
"13063","5","48412","77","0","2023","4","",120,4205,4251,4250,72279432,4705760,42060,1313,"",3.41,6.28,6.33,6.29,6.59,5.77,5.67,1.05,"",-16,-11.8,-507,-10.8,-538,-11.2,-514,-10.8,-4425528,-5.8,-575645,-10.9,-19732,-31.9,72,5.8
"13063","5","484121","78","0","2023","4","",77,1899,1908,1902,31819893,2677758,20120,1286,"",2.61,4.15,4.17,4.13,4.44,4.32,3.70,1.07,"",-13,-14.4,-343,-15.3,-408,-17.6,-405,-17.6,-5841986,-15.5,-249950,-8.5,-6902,-25.5,20,1.6
"13063","5","484122","78","0","2023","4","",43,2306,2343,2348,40459539,2028002,21940,1334,"",7.49,10.87,10.98,10.93,10.68,10.38,11.08,0.98,"",-3,-6.5,-164,-6.6,-130,-5.3,-109,-4.4,1416458,3.6,-325695,-13.8,-12830,-36.9,116,9.5
"13063","5","4842","76","0","2023","4","",31,525,513,492,8695961,358470,2790,1312,"",1.26,1.34,1.32,1.27,1.37,0.71,0.46,1.05,"",-3,-8.8,-156,-22.9,-159,-23.7,-201,-29.0,-2554075,-22.7,-500558,-58.3,-9525,-77.3,43,3.4
"13063","5","48421","77","0","2023","4","N",3,0,0,0,0,0,0,0,"N",0.65,0,0,0,0,0,0,0,"N",-3,-50.0,0,0,0,0,0,0,0,0,0,0,0,0,0,0
"13063","5","484210","78","0","2023","4","N",3,0,0,0,0,0,0,0,"N",0.65,0,0,0,0,0,0,0,"N",-3,-50.0,0,0,0,0,0,0,0,0,0,0,0,0,0,0
"13063","5","48422","77","0","2023","4","N",8,0,0,0,0,0,0,0,"N",0.57,0,0,0,0,0,0,0,"N",-1,-11.1,0,0,0,0,0,0,0,0,0,0,0,0,0,0
"13063","5","484220","78","0","2023","4","N",8,0,0,0,0,0,0,0,"N",0.57,0,0,0,0,0,0,0,"N",-1,-11.1,0,0,0,0,0,0,0,0,0,0,0,0,0,0
"13063","5","48423","77","0","2023","4","",20,431,420,400,7736139,273929,2244,1427,"",3.39,3.78,3.69,3.48,3.65,1.96,1.81,1.00,"",1,5.3,-159,-26.9,-168,-28.6,-201,-33.4,-2711230,-26.0,-456938,-62.5,-8435,-79.0,72,5.3
"13063","5","484230","78","0","2023","4","",20,431,420,400,7736139,273929,2244,1427,"",3.39,3.78,3.69,3.48,3.65,1.96,1.81,1.00,"",1,5.3,-159,-26.9,-168,-28.6,-201,-33.4,-2711230,-26.0,-456938,-62.5,-8435,-79.0,72,5.3
"13063","5","485","75","0","2023","4","",18,517,504,491,6703821,659234,9283,1023,"",1.82,1.31,1.27,1.23,1.38,0.99,0.67,1.09,"",-2,-10.0,3,0.6,-7,-1.4,-39,-7.4,-334904,-4.8,-9594,-1.4,-3171,-25.5,-22,-2.1
"13063","5","4851","76","0","2023","4","N",2,0,0,0,0,0,0,0,"N",5.34,0,0,0,0,0,0,0,"N",1,100.0,0,0,0,0,0,0,0,0,0,0,0,0,0,0
"13063","5","48511","77","0","2023","4","N",2,0,0,0,0,0,0,0,"N",5.34,0,0,0,0,0,0,0,"N",1,100.0,0,0,0,0,0,0,0,0,0,0,0,0,0,0
"13063","5","485113","78","0","2023","4","N",1,0,0,0,0,0,0,0,"N",3.49,0,0,0,0,0,0,0,"N",1,100.0,0,0,0,0,0,0,0,0,0,0,0,0,0,0
"13063","5","485119","78","0","2023","4","N",1,0,0,0,0,0,0,0,"N",27.98,0,0,0,0,0,0,0,"N",0,0.0,0,0,0,0,0,0,0,0,0,0,0,0,0,0
"13063","5","4853","76","0","2023","4","N",2,0,0,0,0,0,0,0,"N",0.59,0,0,0,0,0,0,0,"N",-1,-33.3,0,0,0,0,0,0,0,0,0,0,0,0,0,0
"13063","5","48531","77","0","2023","4","N",1,0,0,0,0,0,0,0,"N",0.71,0,0,0,0,0,0,0,"N",0,0.0,0,0,0,0,0,0,0,0,0,0,0,0,0,0
"13063","5","485310","78","0","2023","4","N",1,0,0,0,0,0,0,0,"N",0.71,0,0,0,0,0,0,0,"N",0,0.0,0,0,0,0,0,0,0,0,0,0,0,0,0,0
"13063","5","48532","77","0","2023","4","N",1,0,0,0,0,0,0,0,"N",0.51,0,0,0,0,0,0,0,"N",-1,-50.0,0,0,0,0,0,0,0,0,0,0,0,0,0,0
"13063","5","485320","78","0","2023","4","N",1,0,0,0,0,0,0,0,"N",0.51,0,0,0,0,0,0,0,"N",-1,-50.0,0,0,0,0,0,0,0,0,0,0,0,0,0,0
"13063","5","4855","76","0","2023","4","N",2,0,0,0,0,0,0,0,"N",3.18,0,0,0,0,0,0,0,"N",0,0.0,0,0,0,0,0,0,0,0,0,0,0,0,0,0
"13063","5","48551","77","0","2023","4","N",2,0,0,0,0,0,0,0,"N",3.18,0,0,0,0,0,0,0,"N",0,0.0,0,0,0,0,0,0,0,0,0,0,0,0,0,0
"13063","5","485510","78","0","2023","4","N",2,0,0,0,0,0,0,0,"N",3.18,0,0,0,0,0,0,0,"N",0,0.0,0,0,0,0,0,0,0,0,0,0,0,0,0,0
"13063","5","4859","76","0","2023","4","",12,387,376,358,4132437,545666,8677,851,"",3.55,4.28,4.14,3.91,4.14,4.25,4.91,1.01,"",-2,-14.3,31,8.7,32,9.3,-4,-1.1,-238673,-5.5,48806,9.8,-177,-2.0,-99,-10.4
"13063","5","48599","77","0","2023","4","",12,387,376,358,4132437,545666,8677,851,"",3.55,4.28,4.14,3.91,4.14,4.25,4.91,1.01,"",-2,-14.3,31,8.7,32,9.3,-4,-1.1,-238673,-5.5,48806,9.8,-177,-2.0,-99,-10.4
"13063","5","485991","78","0","2023","4","N",6,0,0,0,0,0,0,0,"N",3.15,0,0,0,0,0,0,0,"N",-2,-25.0,0,0,0,0,0,0,0,0,0,0,0,0,0,0
"13063","5","485999","78","0","2023","4","N",6,0,0,0,0,0,0,0,"N",4.07,0,0,0,0,0,0,0,"N",0,0.0,0,0,0,0,0,0,0,0,0,0,0,0,0,0
"13063","5","486","75","0","2023","4","N",1,0,0,0,0,0,0,0,"N",0.63,0,0,0,0,0,0,0,"N",0,0.0,0,0,0,0,0,0,0,0,0,0,0,0,0,0
"13063","5","4862","76","0","2023","4","N",1,0,0,0,0,0,0,0,"N",0.99,0,0,0,0,0,0,0,"N",0,0.0,0,0,0,0,0,0,0,0,0,0,0,0,0,0
"13063","5","48621","77","0","2023","4","N",1,0,0,0,0,0,0,0,"N",0.99,0,0,0,0,0,0,0,"N",0,0.0,0,0,0,0,0,0,0,0,0,0,0,0,0,0
"13063","5","486210","78","0","2023","4","N",1,0,0,0,0,0,0,0,"N",0.99,0,0,0,0,0,0,0,"N",0,0.0,0,0,0,0,0,0,0,0,0,0,0,0,0,0
"13063","5","488","75","0","2023","4","",164,5530,5618,5656,86934730,7630422,97339,1194,"",6.29,7.95,8.05,7.98,6.97,8.68,9.47,0.87,"",-5,-3.0,1400,33.9,1523,37.2,1404,33.0,15277043,21.3,1077684,16.4,-8517,-8.0,-131,-9.9
"13063","5","4881","76","0","2023","4","",21,1995,2033,2086,23234495,3740648,44749,877,"",5.06,8.99,9.07,9.13,7.11,12.73,12.84,0.78,"",4,23.5,1029,106.5,990,94.9,925,79.7,9435398,68.4,1297954,53.1,-4366,-8.9,-128,-12.7
"13063","5","48811","77","0","2023","4","",7,583,599,593,6395589,720704,2730,831,"",6.53,5.66,5.76,5.60,6.04,4.36,1.30,1.06,"",1,16.7,7,1.2,-38,-6.0,-162,-21.5,-752856,-10.5,-1162133,-61.7,-39903,-93.6,-7,-0.8
"13063","5","488119","78","0","2023","4","",7,583,599,593,6395589,720704,2730,831,"",7.32,5.77,5.87,5.70,6.27,4.40,1.31,1.08,"",1,16.7,7,1.2,-38,-6.0,-162,-21.5,-752856,-10.5,-1162133,-61.7,-39903,-93.6,-7,-0.8
"13063","5","48819","77","0","2023","4","",14,1412,1434,1493,16838906,3019944,42019,896,"",4.55,11.89,11.93,12.19,7.62,23.51,30.34,0.64,"",3,27.3,1022,262.1,1028,253.2,1087,267.7,10188254,153.2,2460087,439.4,35537,548.2,-381,-29.8
"13063","5","488190","78","0","2023","4","",14,1412,1434,1493,16838906,3019944,42019,896,"",4.55,11.89,11.93,12.19,7.62,23.51,30.34,0.64,"",3,27.3,1022,262.1,1028,253.2,1087,267.7,10188254,153.2,2460087,439.4,35537,548.2,-381,-29.8
"13063","5","4882","76","0","2023","4","N",2,0,0,0,0,0,0,0,"N",2.24,0,0,0,0,0,0,0,"N",0,0.0,0,0,0,0,0,0,0,0,0,0,0,0,0,0
"13063","5","48821","77","0","2023","4","N",2,0,0,0,0,0,0,0,"N",2.24,0,0,0,0,0,0,0,"N",0,0.0,0,0,0,0,0,0,0,0,0,0,0,0,0,0
"13063","5","488210","78","0","2023","4","N",2,0,0,0,0,0,0,0,"N",2.24,0,0,0,0,0,0,0,"N",0,0.0,0,0,0,0,0,0,0,0,0,0,0,0,0,0
"13063","5","4884","76","0","2023","4","",8,175,228,221,2673347,985510,13503,989,"",1.16,1.77,2.30,2.21,1.98,6.76,7.96,0.94,"",-2,-20.0,-14,-7.4,40,21.3,41,22.8,-231173,-8.0,511813,108.0,9204,214.1,-214,-17.8
"13063","5","48841","77","0","2023","4","N",6,0,0,0,0,0,0,0,"N",1.23,0,0,0,0,0,0,0,"N",-2,-25.0,0,0,0,0,0,0,0,0,0,0,0,0,0,0
"13063","5","488410","78","0","2023","4","N",6,0,0,0,0,0,0,0,"N",1.23,0,0,0,0,0,0,0,"N",-2,-25.0,0,0,0,0,0,0,0,0,0,0,0,0,0,0
"13063","5","48849","77","0","2023","4","N",2,0,0,0,0,0,0,0,"N",0.99,0,0,0,0,0,0,0,"N",0,0.0,0,0,0,0,0,0,0,0,0,0,0,0,0,0
"13063","5","488490","78","0","2023","4","N",2,0,0,0,0,0,0,0,"N",0.99,0,0,0,0,0,0,0,"N",0,0.0,0,0,0,0,0,0,0,0,0,0,0,0,0,0
"13063","5","4885","76","0","2023","4","",127,3294,3292,3278,59807451,2881262,38859,1399,"",11.39,14.42,14.39,14.22,13.23,12.56,14.88,0.92,"",-8,-5.9,387,13.3,493,17.6,436,15.3,5920316,11.0,-666358,-18.8,-12707,-24.6,-56,-3.8
"13063","5","48851","77","0","2023","4","",127,3294,3292,3278,59807451,2881262,38859,1399,"",11.39,14.42,14.39,14.22,13.23,12.56,14.88,0.92,"",-8,-5.9,387,13.3,493,17.6,436,15.3,5920316,11.0,-666358,-18.8,-12707,-24.6,-56,-3.8
"13063","5","488510","78","0","2023","4","",127,3294,3292,3278,59807451,2881262,38859,1399,"",11.39,14.42,14.39,14.22,13.23,12.56,14.88,0.92,"",-8,-5.9,387,13.3,493,17.6,436,15.3,5920316,11.0,-666358,-18.8,-12707,-24.6,-56,-3.8
"13063","5","4889","76","0","2023","4","N",6,0,0,0,0,0,0,0,"N",3.68,0,0,0,0,0,0,0,"N",1,20.0,0,0,0,0,0,0,0,0,0,0,0,0,0,0
"13063","5","48899","77","0","2023","4","N",6,0,0,0,0,0,0,0,"N",3.68,0,0,0,0,0,0,0,"N",1,20.0,0,0,0,0,0,0,0,0,0,0,0,0,0,0
"13063","5","488991","78","0","2023","4","N",3,0,0,0,0,0,0,0,"N",4.61,0,0,0,0,0,0,0,"N",0,0.0,0,0,0,0,0,0,0,0,0,0,0,0,0,0
"13063","5","488999","78","0","2023","4","N",3,0,0,0,0,0,0,0,"N",3.07,0,0,0,0,0,0,0,"N",1,50.0,0,0,0,0,0,0,0,0,0,0,0,0,0,0
"13063","5","492","75","0","2023","4","",19,4065,4504,4562,43356119,8269181,116617,762,"",1.80,4.45,4.43,4.19,3.37,5.12,6.58,0.77,"",1,5.6,-255,-5.9,-239,-5.0,-308,-6.3,699052,1.6,178667,2.2,29411,33.7,55,7.8
"13063","5","4921","76","0","2023","4","N",16,0,0,0,0,0,0,0,"N",2.47,0,0,0,0,0,0,0,"N",0,0.0,0,0,0,0,0,0,0,0,0,0,0,0,0,0
"13063","5","49211","77","0","2023","4","N",16,0,0,0,0,0,0,0,"N",2.47,0,0,0,0,0,0,0,"N",0,0.0,0,0,0,0,0,0,0,0,0,0,0,0,0,0
"13063","5","492110","78","0","2023","4","N",16,0,0,0,0,0,0,0,"N",2.47,0,0,0,0,0,0,0,"N",0,0.0,0,0,0,0,0,0,0,0,0,0,0,0,0,0
"13063","5","4922","76","0","2023","4","N",3,0,0,0,0,0,0,0,"N",0.74,0,0,0,0,0,0,0,"N",1,50.0,0,0,0,0,0,0,0,0,0,0,0,0,0,0
"13063","5","49221","77","0","2023","4","N",3,0,0,0,0,0,0,0,"N",0.74,0,0,0,0,0,0,0,"N",1,50.0,0,0,0,0,0,0,0,0,0,0,0,0,0,0
"13063","5","492210","78","0","2023","4","N",3,0,0,0,0,0,0,0,"N",0.74,0,0,0,0,0,0,0,"N",1,50.0,0,0,0,0,0,0,0,0,0,0,0,0,0,0
"13063","5","493","75","0","2023","4","",43,3038,2998,2978,48066733,4654908,110398,1231,"",4.25,1.90,1.75,1.73,2.26,1.88,3.77,1.26,"",2,4.9,497,19.6,341,12.8,393,15.2,5837923,13.8,-5584365,-54.5,-127779,-53.6,-21,-1.7
"13063","5","4931","76","0","2023","4","",43,3038,2998,2978,48066733,4654908,110398,1231,"",4.25,1.90,1.75,1.73,2.26,1.88,3.77,1.26,"",2,4.9,497,19.6,341,12.8,393,15.2,5837923,13.8,-5584365,-54.5,-127779,-53.6,-21,-1.7
"13063","5","49311","77","0","2023","4","",30,1058,1047,1017,15408210,828907,14866,1139,"",3.90,0.71,0.66,0.63,0.79,0.36,0.54,1.18,"",3,11.1,345,48.4,277,36.0,288,39.5,4180598,37.2,-573050,-40.9,-8742,-37.0,-32,-2.7
"13063","5","493110","78","0","2023","4","",30,1058,1047,1017,15408210,828907,14866,1139,"",3.90,0.71,0.66,0.63,0.79,0.36,0.54,1.18,"",3,11.1,345,48.4,277,36.0,288,39.5,4180598,37.2,-573050,-40.9,-8742,-37.0,-32,-2.7
"13063","5","49312","77","0","2023","4","N",2,0,0,0,0,0,0,0,"N",2.48,0,0,0,0,0,0,0,"N",-3,-60.0,0,0,0,0,0,0,0,0,0,0,0,0,0,0
"13063","5","493120","78","0","2023","4","N",2,0,0,0,0,0,0,0,"N",2.48,0,0,0,0,0,0,0,"N",-3,-60.0,0,0,0,0,0,0,0,0,0,0,0,0,0,0
"13063","5","49313","77","0","2023","4","N",3,0,0,0,0,0,0,0,"N",7.29,0,0,0,0,0,0,0,"N",0,0.0,0,0,0,0,0,0,0,0,0,0,0,0,0,0
"13063","5","493130","78","0","2023","4","N",3,0,0,0,0,0,0,0,"N",7.29,0,0,0,0,0,0,0,"N",0,0.0,0,0,0,0,0,0,0,0,0,0,0,0,0,0
"13063","5","49319","77","0","2023","4","",8,1351,1321,1338,25862375,2015248,47903,1488,"",6.64,30.34,29.57,29.77,36.40,40.76,82.03,1.22,"N",2,33.3,0,0,0,0,0,0,0,0,0,0,0,0,0,0
"13063","5","493190","78","0","2023","4","",8,1351,1321,1338,25862375,2015248,47903,1488,"",6.64,30.34,29.57,29.77,36.40,40.76,82.03,1.22,"N",2,33.3,0,0,0,0,0,0,0,0,0,0,0,0,0,0
"13063","5","51","74","0","2023","4","",47,638,635,631,11923595,435339,4409,1445,"",0.36,0.26,0.25,0.25,0.13,0.22,0.16,0.51,"",7,17.5,-1,-0.2,-9,-1.4,-8,-1.3,12814,0.1,-8120,-1.8,1091,32.9,15,1.0
"13063","5","512","75","0","2023","4","",8,64,71,74,353220,105450,768,390,"",0.43,0.22,0.23,0.24,0.05,0.26,0.09,0.22,"N",3,60.0,0,0,0,0,0,0,0,0,0,0,0,0,0,0
"13063","5","5121","76","0","2023","4","N",7,0,0,0,0,0,0,0,"N",0.43,0,0,0,0,0,0,0,"N",3,75.0,0,0,0,0,0,0,0,0,0,0,0,0,0,0
"13063","5","51211","77","0","2023","4","",5,7,16,8,107509,14398,359,800,"",0.43,0.05,0.10,0.05,0.02,0.05,0.05,0.32,"",2,66.7,-1,-12.5,8,100.0,0,0.0,-33022,-23.5,13898,2779.6,359,100.0,-551,-40.8
"13063","5","512110","78","0","2023","4","",5,7,16,8,107509,14398,359,800,"",0.43,0.05,0.10,0.05,0.02,0.05,0.05,0.32,"",2,66.7,-1,-12.5,8,100.0,0,0.0,-33022,-23.5,13898,2779.6,359,100.0,-551,-40.8
"13063","5","51213","77","0","2023","4","N",1,0,0,0,0,0,0,0,"N",0.52,0,0,0,0,0,0,0,"N",0,0.0,0,0,0,0,0,0,0,0,0,0,0,0,0,0
"13063","5","512131","78","0","2023","4","N",1,0,0,0,0,0,0,0,"N",0.54,0,0,0,0,0,0,0,"N",0,0.0,0,0,0,0,0,0,0,0,0,0,0,0,0,0
"13063","5","51219","77","0","2023","4","N",1,0,0,0,0,0,0,0,"N",0.46,0,0,0,0,0,0,0,"N",1,100.0,0,0,0,0,0,0,0,0,0,0,0,0,0,0
"13063","5","512199","78","0","2023","4","N",1,0,0,0,0,0,0,0,"N",2.84,0,0,0,0,0,0,0,"N",1,100.0,0,0,0,0,0,0,0,0,0,0,0,0,0,0
"13063","5","5122","76","0","2023","4","N",1,0,0,0,0,0,0,0,"N",0.41,0,0,0,0,0,0,0,"N",0,0.0,0,0,0,0,0,0,0,0,0,0,0,0,0,0
"13063","5","51224","77","0","2023","4","N",1,0,0,0,0,0,0,0,"N",1.12,0,0,0,0,0,0,0,"N",0,0.0,0,0,0,0,0,0,0,0,0,0,0,0,0,0
"13063","5","512240","78","0","2023","4","N",1,0,0,0,0,0,0,0,"N",1.12,0,0,0,0,0,0,0,"N",0,0.0,0,0,0,0,0,0,0,0,0,0,0,0,0,0
"13063","5","513","75","0","2023","4","N",4,0,0,0,0,0,0,0,"N",0.07,0,0,0,0,0,0,0,"N",-2,-33.3,0,0,0,0,0,0,0,0,0,0,0,0,0,0
"13063","5","5131","76","0","2023","4","N",3,0,0,0,0,0,0,0,"N",0.23,0,0,0,0,0,0,0,"N",-2,-40.0,0,0,0,0,0,0,0,0,0,0,0,0,0,0
"13063","5","51312","77","0","2023","4","-",0,0,0,0,0,0,0,0,"N",0.00,0,0,0,0,0,0,0,"N",-1,-100.0,0,0,0,0,0,0,0,0,0,0,0,0,0,0
"13063","5","513120","78","0","2023","4","-",0,0,0,0,0,0,0,0,"N",0.00,0,0,0,0,0,0,0,"N",-1,-100.0,0,0,0,0,0,0,0,0,0,0,0,0,0,0
"13063","5","51314","77","0","2023","4","N",1,0,0,0,0,0,0,0,"N",1.51,0,0,0,0,0,0,0,"N",0,0.0,0,0,0,0,0,0,0,0,0,0,0,0,0,0
"13063","5","513140","78","0","2023","4","N",1,0,0,0,0,0,0,0,"N",1.51,0,0,0,0,0,0,0,"N",0,0.0,0,0,0,0,0,0,0,0,0,0,0,0,0,0
"13063","5","51319","77","0","2023","4","N",2,0,0,0,0,0,0,0,"N",0.61,0,0,0,0,0,0,0,"N",0,0.0,0,0,0,0,0,0,0,0,0,0,0,0,0,0
"13063","5","513199","78","0","2023","4","N",2,0,0,0,0,0,0,0,"N",0.62,0,0,0,0,0,0,0,"N",0,0.0,0,0,0,0,0,0,0,0,0,0,0,0,0,0
"13063","5","5132","76","0","2023","4","N",1,0,0,0,0,0,0,0,"N",0.02,0,0,0,0,0,0,0,"N",0,0.0,0,0,0,0,0,0,0,0,0,0,0,0,0,0
"13063","5","51321","77","0","2023","4","N",1,0,0,0,0,0,0,0,"N",0.02,0,0,0,0,0,0,0,"N",0,0.0,0,0,0,0,0,0,0,0,0,0,0,0,0,0
"13063","5","513210","78","0","2023","4","N",1,0,0,0,0,0,0,0,"N",0.02,0,0,0,0,0,0,0,"N",0,0.0,0,0,0,0,0,0,0,0,0,0,0,0,0,0
"13063","5","516","75","0","2023","4","N",4,0,0,0,0,0,0,0,"N",0.43,0,0,0,0,0,0,0,"N",-1,-20.0,0,0,0,0,0,0,0,0,0,0,0,0,0,0
"13063","5","5162","76","0","2023","4","N",4,0,0,0,0,0,0,0,"N",0.60,0,0,0,0,0,0,0,"N",-1,-20.0,0,0,0,0,0,0,0,0,0,0,0,0,0,0
"13063","5","51621","77","0","2023","4","N",4,0,0,0,0,0,0,0,"N",0.60,0,0,0,0,0,0,0,"N",-1,-20.0,0,0,0,0,0,0,0,0,0,0,0,0,0,0
"13063","5","516210","78","0","2023","4","N",4,0,0,0,0,0,0,0,"N",0.60,0,0,0,0,0,0,0,"N",-1,-20.0,0,0,0,0,0,0,0,0,0,0,0,0,0,0
"13063","5","517","75","0","2023","4","",18,263,255,257,4667945,113579,634,1390,"",1.10,0.48,0.47,0.47,0.34,0.31,0.16,0.71,"",2,12.5,-4,-1.5,7,2.8,12,4.9,-97315,-2.0,11326,11.1,24,3.9,-57,-3.9
"13063","5","5171","76","0","2023","4","N",15,0,0,0,0,0,0,0,"N",1.11,0,0,0,0,0,0,0,"N",1,7.1,0,0,0,0,0,0,0,0,0,0,0,0,0,0
"13063","5","51711","77","0","2023","4","",12,220,212,215,4220813,79499,310,1505,"",1.04,0.47,0.46,0.46,0.37,0.26,0.09,0.79,"",1,9.1,-3,-1.3,-5,-2.3,2,0.9,-30196,-0.7,7263,10.1,-89,-22.3,3,0.2
"13063","5","517111","78","0","2023","4","",6,190,184,188,3817216,51560,268,1567,"",0.71,0.48,0.47,0.48,0.39,0.21,0.10,0.83,"",0,0.0,-2,-1.0,-6,-3.2,2,1.1,-91069,-2.3,-4356,-7.8,-95,-26.2,-21,-1.3
"13063","5","517112","78","0","2023","4","",6,30,28,27,403597,27939,42,1096,"",1.97,0.42,0.39,0.38,0.22,0.43,0.06,0.57,"",1,20.0,-1,-3.2,1,3.7,0,0.0,60873,17.8,11619,71.2,6,16.7,166,17.8
"13063","5","51712","77","0","2023","4","N",3,0,0,0,0,0,0,0,"N",1.45,0,0,0,0,0,0,0,"N",0,0.0,0,0,0,0,0,0,0,0,0,0,0,0,0,0
"13063","5","517121","78","0","2023","4","N",3,0,0,0,0,0,0,0,"N",1.45,0,0,0,0,0,0,0,"N",0,0.0,0,0,0,0,0,0,0,0,0,0,0,0,0,0
"13063","5","5178","76","0","2023","4","N",3,0,0,0,0,0,0,0,"N",1.27,0,0,0,0,0,0,0,"N",1,50.0,0,0,0,0,0,0,0,0,0,0,0,0,0,0
"13063","5","51781","77","0","2023","4","N",3,0,0,0,0,0,0,0,"N",1.27,0,0,0,0,0,0,0,"N",1,50.0,0,0,0,0,0,0,0,0,0,0,0,0,0,0
"13063","5","517810","78","0","2023","4","N",3,0,0,0,0,0,0,0,"N",1.27,0,0,0,0,0,0,0,"N",1,50.0,0,0,0,0,0,0,0,0,0,0,0,0,0,0
"13063","5","518","75","0","2023","4","",12,194,190,181,2997417,77259,1627,1224,"",0.49,0.47,0.46,0.44,0.17,0.24,0.44,0.38,"",5,71.4,-4,-2.0,-14,-6.9,-21,-10.4,225694,8.1,-120668,-61.0,-704,-30.2,165,15.6
"13063","5","5182","76","0","2023","4","",12,194,190,181,2997417,77259,1627,1224,"",0.49,0.47,0.46,0.44,0.17,0.24,0.44,0.38,"",5,71.4,-4,-2.0,-14,-6.9,-21,-10.4,225694,8.1,-120668,-61.0,-704,-30.2,165,15.6
"13063","5","51821","77","0","2023","4","",12,194,190,181,2997417,77259,1627,1224,"",0.49,0.47,0.46,0.44,0.17,0.24,0.44,0.38,"",5,71.4,-4,-2.0,-14,-6.9,-21,-10.4,225694,8.1,-120668,-61.0,-704,-30.2,165,15.6
"13063","5","518210","78","0","2023","4","",12,194,190,181,2997417,77259,1627,1224,"",0.49,0.47,0.46,0.44,0.17,0.24,0.44,0.38,"",5,71.4,-4,-2.0,-14,-6.9,-21,-10.4,225694,8.1,-120668,-61.0,-704,-30.2,165,15.6
"13063","5","519","75","0","2023","4","N",1,0,0,0,0,0,0,0,"N",0.13,0,0,0,0,0,0,0,"N",0,0.0,0,0,0,0,0,0,0,0,0,0,0,0,0,0
"13063","5","5192","76","0","2023","4","N",1,0,0,0,0,0,0,0,"N",0.13,0,0,0,0,0,0,0,"N",0,0.0,0,0,0,0,0,0,0,0,0,0,0,0,0,0
"13063","5","51929","77","0","2023","4","N",1,0,0,0,0,0,0,0,"N",0.14,0,0,0,0,0,0,0,"N",0,0.0,0,0,0,0,0,0,0,0,0,0,0,0,0,0
"13063","5","519290","78","0","2023","4","N",1,0,0,0,0,0,0,0,"N",0.14,0,0,0,0,0,0,0,"N",0,0.0,0,0,0,0,0,0,0,0,0,0,0,0,0,0
"13063","5","52","74","0","2023","4","",185,1245,1266,1285,18587710,1001040,8986,1130,"",0.70,0.23,0.24,0.24,0.11,0.26,0.25,0.47,"",-8,-4.1,-35,-2.7,-19,-1.5,19,1.5,401945,2.2,-165809,-14.2,-3800,-29.7,35,3.2
"13063","5","522","75","0","2023","4","",93,732,729,736,10831538,480845,3914,1138,"",1.05,0.33,0.33,0.33,0.20,0.32,0.29,0.61,"",-6,-6.1,-77,-9.5,-79,-9.8,-59,-7.4,-790608,-6.8,-58124,-10.8,-3267,-45.5,26,2.3
"13063","5","5221","76","0","2023","4","",37,346,350,351,4992185,105412,511,1100,"",0.76,0.23,0.23,0.23,0.14,0.11,0.07,0.63,"",-1,-2.6,-48,-12.2,-47,-11.8,-37,-9.5,-491455,-9.0,-42392,-28.7,-412,-44.6,27,2.5
"13063","5","52211","77","0","2023","4","",30,305,309,309,4428125,93435,425,1107,"",0.83,0.26,0.26,0.26,0.16,0.14,0.09,0.59,"",0,0.0,-36,-10.6,-35,-10.2,-26,-7.8,-361867,-7.6,-41874,-30.9,-391,-47.9,23,2.1
"13063","5","522110","78","0","2023","4","",30,305,309,309,4428125,93435,425,1107,"",0.83,0.26,0.26,0.26,0.16,0.14,0.09,0.59,"",0,0.0,-36,-10.6,-35,-10.2,-26,-7.8,-361867,-7.6,-41874,-30.9,-391,-47.9,23,2.1
"13063","5","52213","77","0","2023","4","N",4,0,0,0,0,0,0,0,"N",0.45,0,0,0,0,0,0,0,"N",0,0.0,0,0,0,0,0,0,0,0,0,0,0,0,0,0
"13063","5","522130","78","0","2023","4","N",4,0,0,0,0,0,0,0,"N",0.45,0,0,0,0,0,0,0,"N",0,0.0,0,0,0,0,0,0,0,0,0,0,0,0,0,0
"13063","5","52218","77","0","2023","4","N",3,0,0,0,0,0,0,0,"N",0.86,0,0,0,0,0,0,0,"N",-1,-25.0,0,0,0,0,0,0,0,0,0,0,0,0,0,0
"13063","5","522180","78","0","2023","4","N",3,0,0,0,0,0,0,0,"N",0.86,0,0,0,0,0,0,0,"N",-1,-25.0,0,0,0,0,0,0,0,0,0,0,0,0,0,0
"13063","5","5222","76","0","2023","4","",41,350,344,348,5146832,332797,2528,1140,"",1.70,0.79,0.77,0.78,0.43,0.94,0.65,0.55,"",-3,-6.8,-24,-6.4,-26,-7.0,-20,-5.4,-134723,-2.6,-37298,-10.1,-3488,-58.0,44,4.0
"13063","5","52222","77","0","2023","4","N",3,0,0,0,0,0,0,0,"N",1.02,0,0,0,0,0,0,0,"N",0,0.0,0,0,0,0,0,0,0,0,0,0,0,0,0,0
"13063","5","522220","78","0","2023","4","N",3,0,0,0,0,0,0,0,"N",1.02,0,0,0,0,0,0,0,"N",0,0.0,0,0,0,0,0,0,0,0,0,0,0,0,0,0
"13063","5","52229","77","0","2023","4","N",38,0,0,0,0,0,0,0,"N",1.84,0,0,0,0,0,0,0,"N",-3,-7.3,0,0,0,0,0,0,0,0,0,0,0,0,0,0
"13063","5","522291","78","0","2023","4","",9,53,53,52,527748,78517,935,771,"",1.27,0.68,0.68,0.66,0.29,0.87,1.07,0.44,"",-1,-10.0,2,3.9,5,10.4,5,10.6,95922,22.2,22557,40.3,528,129.7,88,12.9
"13063","5","522292","78","0","2023","4","N",4,0,0,0,0,0,0,0,"N",0.46,0,0,0,0,0,0,0,"N",-1,-20.0,0,0,0,0,0,0,0,0,0,0,0,0,0,0
"13063","5","522299","78","0","2023","4","",25,124,124,123,1385629,149651,748,862,"",5.24,1.66,1.67,1.64,0.73,2.58,1.50,0.44,"",-1,-3.8,1,0.8,2,1.6,-2,-1.6,-78626,-5.4,1612,1.1,-743,-49.8,-51,-5.6
"13063","5","5223","76","0","2023","4","",15,36,35,37,692521,42636,875,1480,"",0.95,0.15,0.14,0.15,0.10,0.24,0.39,0.64,"",-2,-11.8,-5,-12.2,-6,-14.6,-2,-5.1,-164430,-19.2,21566,102.4,633,261.6,-154,-9.4
"13063","5","52231","77","0","2023","4","N",6,0,0,0,0,0,0,0,"N",0.75,0,0,0,0,0,0,0,"N",-1,-14.3,0,0,0,0,0,0,0,0,0,0,0,0,0,0
"13063","5","522310","78","0","2023","4","N",6,0,0,0,0,0,0,0,"N",0.75,0,0,0,0,0,0,0,"N",-1,-14.3,0,0,0,0,0,0,0,0,0,0,0,0,0,0
"13063","5","52232","77","0","2023","4","N",2,0,0,0,0,0,0,0,"N",0.47,0,0,0,0,0,0,0,"N",-1,-33.3,0,0,0,0,0,0,0,0,0,0,0,0,0,0
"13063","5","522320","78","0","2023","4","N",2,0,0,0,0,0,0,0,"N",0.47,0,0,0,0,0,0,0,"N",-1,-33.3,0,0,0,0,0,0,0,0,0,0,0,0,0,0
"13063","5","52239","77","0","2023","4","",7,27,26,22,205306,31077,128,632,"",2.04,0.45,0.43,0.36,0.15,0.75,0.26,0.36,"",0,0.0,-2,-6.9,-3,-10.3,-6,-21.4,-171617,-45.5,14522,87.7,8,6.7,-379,-37.5
"13063","5","522390","78","0","2023","4","",7,27,26,22,205306,31077,128,632,"",2.04,0.45,0.43,0.36,0.15,0.75,0.26,0.36,"",0,0.0,-2,-6.9,-3,-10.3,-6,-21.4,-171617,-45.5,14522,87.7,8,6.7,-379,-37.5
"13063","5","523","75","0","2023","4","N",14,0,0,0,0,0,0,0,"N",0.21,0,0,0,0,0,0,0,"N",0,0.0,0,0,0,0,0,0,0,0,0,0,0,0,0,0
"13063","5","5231","76","0","2023","4","",5,16,16,15,275198,15,0,1351,"",0.26,0.04,0.04,0.04,0.01,0.00,0.00,0.30,"",0,0.0,0,0.0,-1,-5.9,-1,-6.2,-39542,-12.6,-6487,-99.8,-37,-100.0,-131,-8.8
"13063","5","52315","77","0","2023","4","N",4,0,0,0,0,0,0,0,"N",0.23,0,0,0,0,0,0,0,"N",0,0.0,0,0,0,0,0,0,0,0,0,0,0,0,0,0
"13063","5","523150","78","0","2023","4","N",4,0,0,0,0,0,0,0,"N",0.23,0,0,0,0,0,0,0,"N",0,0.0,0,0,0,0,0,0,0,0,0,0,0,0,0,0
"13063","5","52316","77","0","2023","4","N",1,0,0,0,0,0,0,0,"N",0.60,0,0,0,0,0,0,0,"N",0,0.0,0,0,0,0,0,0,0,0,0,0,0,0,0,0
"13063","5","523160","78","0","2023","4","N",1,0,0,0,0,0,0,0,"N",0.60,0,0,0,0,0,0,0,"N",0,0.0,0,0,0,0,0,0,0,0,0,0,0,0,0,0
"13063","5","5239","76","0","2023","4","N",9,0,0,0,0,0,0,0,"N",0.19,0,0,0,0,0,0,0,"N",0,0.0,0,0,0,0,0,0,0,0,0,0,0,0,0,0
"13063","5","52391","77","0","2023","4","N",2,0,0,0,0,0,0,0,"N",0.45,0,0,0,0,0,0,0,"N",-1,-33.3,0,0,0,0,0,0,0,0,0,0,0,0,0,0
"13063","5","523910","78","0","2023","4","N",2,0,0,0,0,0,0,0,"N",0.45,0,0,0,0,0,0,0,"N",-1,-33.3,0,0,0,0,0,0,0,0,0,0,0,0,0,0
"13063","5","52394","77","0","2023","4","",6,5,5,4,148500,8000,58,2448,"",0.15,0.01,0.01,0.01,0.00,0.02,0.02,0.44,"N",0,0.0,0,0,0,0,0,0,0,0,0,0,0,0,0,0
"13063","5","523940","78","0","2023","4","",6,5,5,4,148500,8000,58,2448,"",0.15,0.01,0.01,0.01,0.00,0.02,0.02,0.44,"N",0,0.0,0,0,0,0,0,0,0,0,0,0,0,0,0,0
"13063","5","52399","77","0","2023","4","N",1,0,0,0,0,0,0,0,"N",0.21,0,0,0,0,0,0,0,"N",1,100.0,0,0,0,0,0,0,0,0,0,0,0,0,0,0
"13063","5","523991","78","0","2023","4","N",1,0,0,0,0,0,0,0,"N",0.72,0,0,0,0,0,0,0,"N",1,100.0,0,0,0,0,0,0,0,0,0,0,0,0,0,0
"13063","5","524","75","0","2023","4","",77,442,462,471,6418276,484104,4879,1077,"",0.76,0.20,0.21,0.21,0.12,0.30,0.33,0.59,"",-1,-1.3,-4,-0.9,9,2.0,24,5.4,349810,5.8,-134755,-21.8,-687,-12.3,37,3.6
"13063","5","5241","76","0","2023","4","",6,50,48,48,754823,47852,397,1193,"",0.38,0.05,0.05,0.05,0.03,0.08,0.07,0.64,"",1,20.0,-2,-3.8,-6,-11.1,-5,-9.4,-120146,-13.7,-23147,-32.6,24,6.4,-77,-6.1
"13063","5","52411","77","0","2023","4","N",5,0,0,0,0,0,0,0,"N",0.81,0,0,0,0,0,0,0,"N",1,25.0,0,0,0,0,0,0,0,0,0,0,0,0,0,0
"13063","5","524113","78","0","2023","4","N",3,0,0,0,0,0,0,0,"N",1.26,0,0,0,0,0,0,0,"N",1,50.0,0,0,0,0,0,0,0,0,0,0,0,0,0,0
"13063","5","524114","78","0","2023","4","N",2,0,0,0,0,0,0,0,"N",0.53,0,0,0,0,0,0,0,"N",0,0.0,0,0,0,0,0,0,0,0,0,0,0,0,0,0
"13063","5","52412","77","0","2023","4","N",1,0,0,0,0,0,0,0,"N",0.11,0,0,0,0,0,0,0,"N",0,0.0,0,0,0,0,0,0,0,0,0,0,0,0,0,0
"13063","5","524126","78","0","2023","4","N",1,0,0,0,0,0,0,0,"N",0.18,0,0,0,0,0,0,0,"N",0,0.0,0,0,0,0,0,0,0,0,0,0,0,0,0,0
"13063","5","5242","76","0","2023","4","",71,392,414,423,5663453,436252,4482,1063,"",0.83,0.33,0.35,0.36,0.21,0.45,0.48,0.60,"",-2,-2.7,-2,-0.5,15,3.8,29,7.4,469956,9.0,-111608,-20.4,-711,-13.7,53,5.2
"13063","5","52421","77","0","2023","4","N",70,0,0,0,0,0,0,0,"N",0.97,0,0,0,0,0,0,0,"N",0,0.0,0,0,0,0,0,0,0,0,0,0,0,0,0,0
"13063","5","524210","78","0","2023","4","N",70,0,0,0,0,0,0,0,"N",0.97,0,0,0,0,0,0,0,"N",0,0.0,0,0,0,0,0,0,0,0,0,0,0,0,0,0
"13063","5","52429","77","0","2023","4","N",1,0,0,0,0,0,0,0,"N",0.08,0,0,0,0,0,0,0,"N",-2,-66.7,0,0,0,0,0,0,0,0,0,0,0,0,0,0
"13063","5","524292","78","0","2023","4","N",1,0,0,0,0,0,0,0,"N",0.23,0,0,0,0,0,0,0,"N",-1,-50.0,0,0,0,0,0,0,0,0,0,0,0,0,0,0
"13063","5","525","75","0","2023","4","N",1,0,0,0,0,0,0,0,"N",0.22,0,0,0,0,0,0,0,"N",0,0.0,0,0,0,0,0,0,0,0,0,0,0,0,0,0
"13063","5","5251","76","0","2023","4","N",1,0,0,0,0,0,0,0,"N",1.15,0,0,0,0,0,0,0,"N",0,0.0,0,0,0,0,0,0,0,0,0,0,0,0,0,0
"13063","5","52511","77","0","2023","4","N",1,0,0,0,0,0,0,0,"N",2.54,0,0,0,0,0,0,0,"N",1,100.0,0,0,0,0,0,0,0,0,0,0,0,0,0,0
"13063","5","525110","78","0","2023","4","N",1,0,0,0,0,0,0,0,"N",2.54,0,0,0,0,0,0,0,"N",1,100.0,0,0,0,0,0,0,0,0,0,0,0,0,0,0
"13063","5","52519","77","0","2023","4","-",0,0,0,0,0,0,0,0,"N",0.00,0,0,0,0,0,0,0,"N",-1,-100.0,0,0,0,0,0,0,0,0,0,0,0,0,0,0
"13063","5","525190","78","0","2023","4","-",0,0,0,0,0,0,0,0,"N",0.00,0,0,0,0,0,0,0,"N",-1,-100.0,0,0,0,0,0,0,0,0,0,0,0,0,0,0
"13063","5","53","74","0","2023","4","",230,1698,1731,1713,27418903,1831637,20860,1231,"",1.03,0.83,0.85,0.83,0.71,0.76,0.75,0.85,"",12,5.5,28,1.7,82,5.0,30,1.8,116869,0.4,-532730,-22.5,-10353,-33.2,-29,-2.3
"13063","5","531","75","0","2023","4","N",145,0,0,0,0,0,0,0,"N",0.74,0,0,0,0,0,0,0,"N",3,2.1,0,0,0,0,0,0,0,0,0,0,0,0,0,0
"13063","5","5311","76","0","2023","4","",81,603,614,610,7689171,789295,6327,971,"",1.46,1.12,1.15,1.13,0.82,1.33,0.91,0.72,"",6,8.0,-28,-4.4,-29,-4.5,-49,-7.4,-1533482,-16.6,-500439,-38.8,-10728,-62.9,-130,-11.8
"13063","5","53111","77","0","2023","4","",28,309,310,308,4371090,312219,4630,1088,"",0.93,0.99,0.99,0.97,0.90,0.89,1.14,0.92,"",2,7.7,-38,-11.0,-47,-13.2,-58,-15.8,-1461131,-25.1,-356065,-53.3,-9086,-66.2,-170,-13.5
"13063","5","531110","78","0","2023","4","",28,309,310,308,4371090,312219,4630,1088,"",0.93,0.99,0.99,0.97,0.90,0.89,1.14,0.92,"",2,7.7,-38,-11.0,-47,-13.2,-58,-15.8,-1461131,-25.1,-356065,-53.3,-9086,-66.2,-170,-13.5
"13063","5","53112","77","0","2023","4","",18,190,193,193,2318460,336239,677,929,"",1.46,1.40,1.43,1.42,0.71,2.57,0.40,0.50,"",-1,-5.3,37,24.2,37,23.7,31,19.1,605842,35.4,-78377,-18.9,-118,-14.8,90,10.7
"13063","5","531120","78","0","2023","4","",18,190,193,193,2318460,336239,677,929,"",1.46,1.40,1.43,1.42,0.71,2.57,0.40,0.50,"",-1,-5.3,37,24.2,37,23.7,31,19.1,605842,35.4,-78377,-18.9,-118,-14.8,90,10.7
"13063","5","53113","77","0","2023","4","",22,37,36,37,340813,49120,360,715,"",2.60,0.73,0.71,0.72,0.48,0.73,0.50,0.66,"",3,15.8,-30,-44.8,-32,-47.1,-31,-45.6,-780888,-69.6,-59020,-54.6,-1710,-82.6,-560,-43.9
"13063","5","531130","78","0","2023","4","",22,37,36,37,340813,49120,360,715,"",2.60,0.73,0.71,0.72,0.48,0.73,0.50,0.66,"",3,15.8,-30,-44.8,-32,-47.1,-31,-45.6,-780888,-69.6,-59020,-54.6,-1710,-82.6,-560,-43.9
"13063","5","53119","77","0","2023","4","",13,67,75,72,658808,91717,660,710,"",2.72,1.84,2.07,1.96,1.20,2.14,1.30,0.61,"",2,18.2,3,4.7,13,21.0,9,14.3,102695,18.5,-6977,-7.1,186,39.2,31,4.6
"13063","5","531190","78","0","2023","4","",13,67,75,72,658808,91717,660,710,"",2.72,1.84,2.07,1.96,1.20,2.14,1.30,0.61,"",2,18.2,3,4.7,13,21.0,9,14.3,102695,18.5,-6977,-7.1,186,39.2,31,4.6
"13063","5","5312","76","0","2023","4","N",25,0,0,0,0,0,0,0,"N",0.33,0,0,0,0,0,0,0,"N",-2,-7.4,0,0,0,0,0,0,0,0,0,0,0,0,0,0
"13063","5","53121","77","0","2023","4","N",25,0,0,0,0,0,0,0,"N",0.33,0,0,0,0,0,0,0,"N",-2,-7.4,0,0,0,0,0,0,0,0,0,0,0,0,0,0
"13063","5","531210","78","0","2023","4","N",25,0,0,0,0,0,0,0,"N",0.33,0,0,0,0,0,0,0,"N",-2,-7.4,0,0,0,0,0,0,0,0,0,0,0,0,0,0
"13063","5","5313","76","0","2023","4","",39,147,151,141,2010341,205827,3434,1057,"",0.60,0.21,0.22,0.20,0.15,0.25,0.36,0.73,"",-1,-2.5,36,32.4,42,38.5,30,27.0,616529,44.2,38036,22.7,1574,84.6,85,8.7
"13063","5","53131","77","0","2023","4","",35,146,150,140,2004341,199827,3430,1061,"",0.78,0.24,0.25,0.23,0.19,0.28,0.42,0.78,"",-1,-2.8,37,33.9,43,40.2,31,28.4,635499,46.4,43081,27.5,1591,86.5,89,9.2
"13063","5","531311","78","0","2023","4","",25,125,129,120,1723984,180982,3004,1064,"",0.73,0.28,0.29,0.26,0.24,0.31,0.45,0.89,"",-4,-13.8,32,34.4,38,41.8,28,30.4,530453,44.4,31697,21.2,1205,67.0,66,6.6
"13063","5","531312","78","0","2023","4","",10,21,21,20,280357,18845,426,1044,"",0.96,0.14,0.14,0.14,0.08,0.14,0.28,0.57,"",3,42.9,5,31.2,5,31.2,3,17.6,105046,59.9,11384,152.6,386,965.0,218,26.4
"13063","5","53132","77","0","2023","4","N",2,0,0,0,0,0,0,0,"N",0.32,0,0,0,0,0,0,0,"N",0,0.0,0,0,0,0,0,0,0,0,0,0,0,0,0,0
"13063","5","531320","78","0","2023","4","N",2,0,0,0,0,0,0,0,"N",0.32,0,0,0,0,0,0,0,"N",0,0.0,0,0,0,0,0,0,0,0,0,0,0,0,0,0
"13063","5","53139","77","0","2023","4","N",2,0,0,0,0,0,0,0,"N",0.14,0,0,0,0,0,0,0,"N",0,0.0,0,0,0,0,0,0,0,0,0,0,0,0,0,0
"13063","5","531390","78","0","2023","4","N",2,0,0,0,0,0,0,0,"N",0.14,0,0,0,0,0,0,0,"N",0,0.0,0,0,0,0,0,0,0,0,0,0,0,0,0,0
"13063","5","532","75","0","2023","4","",83,883,905,900,16542566,792878,10522,1420,"",3.12,1.80,1.87,1.85,2.02,1.47,1.61,1.10,"",9,12.2,18,2.1,71,8.5,53,6.3,996300,6.4,-66042,-7.7,-952,-8.3,11,0.8
"13063","5","5321","76","0","2023","4","",42,494,517,510,8930436,374316,3320,1355,"",5.06,2.67,2.81,2.76,3.42,1.91,1.71,1.24,"",3,7.7,-32,-6.1,6,1.2,-14,-2.7,-358306,-3.9,-130336,-25.8,-3156,-48.7,-18,-1.3
"13063","5","53211","77","0","2023","4","",17,124,132,129,2327181,114688,493,1395,"",3.55,1.20,1.29,1.24,1.70,0.99,0.41,1.36,"",0,0.0,-28,-18.4,-10,-7.0,-19,-12.8,-329086,-12.4,-31144,-21.4,-667,-57.5,8,0.6
"13063","5","532111","78","0","2023","4","",17,124,132,129,2327181,114688,493,1395,"",3.86,1.33,1.43,1.38,2.06,1.06,0.44,1.49,"",0,0.0,-28,-18.4,-10,-7.0,-19,-12.8,-329086,-12.4,-31144,-21.4,-667,-57.5,8,0.6
"13063","5","53212","77","0","2023","4","",25,370,385,381,6603255,259628,2827,1341,"",7.12,4.55,4.75,4.69,5.32,3.27,3.76,1.14,"",3,13.6,-4,-1.1,16,4.3,5,1.3,-29220,-0.4,-99192,-27.6,-2489,-46.8,-27,-2.0
"13063","5","532120","78","0","2023","4","",25,370,385,381,6603255,259628,2827,1341,"",7.12,4.55,4.75,4.69,5.32,3.27,3.76,1.14,"",3,13.6,-4,-1.1,16,4.3,5,1.3,-29220,-0.4,-99192,-27.6,-2489,-46.8,-27,-2.0
"13063","5","5322","76","0","2023","4","N",12,0,0,0,0,0,0,0,"N",1.47,0,0,0,0,0,0,0,"N",1,9.1,0,0,0,0,0,0,0,0,0,0,0,0,0,0
"13063","5","53221","77","0","2023","4","N",1,0,0,0,0,0,0,0,"N",1.50,0,0,0,0,0,0,0,"N",0,0.0,0,0,0,0,0,0,0,0,0,0,0,0,0,0
"13063","5","532210","78","0","2023","4","N",1,0,0,0,0,0,0,0,"N",1.50,0,0,0,0,0,0,0,"N",0,0.0,0,0,0,0,0,0,0,0,0,0,0,0,0,0
"13063","5","53228","77","0","2023","4","",11,101,96,98,1294681,155173,3384,1013,"",1.47,0.96,0.96,0.98,0.95,1.19,1.85,0.98,"",1,10.0,35,53.0,32,50.0,33,50.8,517046,66.5,69226,80.5,2641,355.5,93,10.1
"13063","5","532283","78","0","2023","4","N",2,0,0,0,0,0,0,0,"N",1.63,0,0,0,0,0,0,0,"N",0,0.0,0,0,0,0,0,0,0,0,0,0,0,0,0,0
"13063","5","532289","78","0","2023","4","N",9,0,0,0,0,0,0,0,"N",2.16,0,0,0,0,0,0,0,"N",1,12.5,0,0,0,0,0,0,0,0,0,0,0,0,0,0
"13063","5","5323","76","0","2023","4","N",3,0,0,0,0,0,0,0,"N",1.78,0,0,0,0,0,0,0,"N",0,0.0,0,0,0,0,0,0,0,0,0,0,0,0,0,0
"13063","5","53231","77","0","2023","4","N",3,0,0,0,0,0,0,0,"N",1.78,0,0,0,0,0,0,0,"N",0,0.0,0,0,0,0,0,0,0,0,0,0,0,0,0,0
"13063","5","532310","78","0","2023","4","N",3,0,0,0,0,0,0,0,"N",1.78,0,0,0,0,0,0,0,"N",0,0.0,0,0,0,0,0,0,0,0,0,0,0,0,0,0
"13063","5","5324","76","0","2023","4","",26,280,284,284,6257343,263389,3818,1703,"",3.09,1.70,1.72,1.71,1.72,1.53,1.64,1.01,"",5,23.8,25,9.8,43,17.8,46,19.3,929718,17.5,17568,7.1,-246,-6.1,28,1.7
"13063","5","53241","77","0","2023","4","",16,232,237,237,5338084,229234,3387,1745,"",4.36,2.70,2.75,2.72,2.64,2.74,3.50,0.97,"",5,45.5,18,8.4,35,17.3,37,18.5,736870,16.0,6890,3.1,-461,-12.0,21,1.2
"13063","5","532412","78","0","2023","4","",16,232,237,237,5338084,229234,3387,1745,"",4.88,2.86,2.92,2.87,2.90,2.89,3.70,1.01,"",5,45.5,18,8.4,35,17.3,37,18.5,736870,16.0,6890,3.1,-461,-12.0,21,1.2
"13063","5","53249","77","0","2023","4","",10,48,47,47,919259,34155,431,1494,"",2.36,0.69,0.68,0.68,0.66,0.42,0.34,0.97,"",0,0.0,7,17.1,8,20.5,9,23.7,192848,26.5,10678,45.5,215,99.5,73,5.1
"13063","5","532490","78","0","2023","4","",10,48,47,47,919259,34155,431,1494,"",2.36,0.69,0.68,0.68,0.66,0.42,0.34,0.97,"",0,0.0,7,17.1,8,20.5,9,23.7,192848,26.5,10678,45.5,215,99.5,73,5.1
"13063","5","533","75","0","2023","4","N",2,0,0,0,0,0,0,0,"N",1.17,0,0,0,0,0,0,0,"N",0,0.0,0,0,0,0,0,0,0,0,0,0,0,0,0,0
"13063","5","5331","76","0","2023","4","N",2,0,0,0,0,0,0,0,"N",1.17,0,0,0,0,0,0,0,"N",0,0.0,0,0,0,0,0,0,0,0,0,0,0,0,0,0
"13063","5","53311","77","0","2023","4","N",2,0,0,0,0,0,0,0,"N",1.17,0,0,0,0,0,0,0,"N",0,0.0,0,0,0,0,0,0,0,0,0,0,0,0,0,0
"13063","5","533110","78","0","2023","4","N",2,0,0,0,0,0,0,0,"N",1.17,0,0,0,0,0,0,0,"N",0,0.0,0,0,0,0,0,0,0,0,0,0,0,0,0,0
"13063","5","54","74","0","2023","4","",299,2047,2016,2062,33073294,3478014,56152,1246,"",0.39,0.22,0.22,0.22,0.12,0.41,0.56,0.52,"",2,0.7,880,75.4,847,72.5,884,75.0,10725132,48.0,2351820,208.8,39703,241.4,-222,-15.1
"13063","5","541","75","0","2023","4","",299,2047,2016,2062,33073294,3478014,56152,1246,"",0.39,0.22,0.22,0.22,0.12,0.41,0.56,0.52,"",2,0.7,880,75.4,847,72.5,884,75.0,10725132,48.0,2351820,208.8,39703,241.4,-222,-15.1
"13063","5","5411","76","0","2023","4","",49,153,149,157,3008845,206407,2493,1513,"",0.52,0.15,0.15,0.15,0.08,0.23,0.27,0.51,"",3,6.5,23,17.7,25,20.2,34,27.6,530803,21.4,53807,35.3,945,61.0,-4,-0.3
"13063","5","54111","77","0","2023","4","N",48,0,0,0,0,0,0,0,"N",0.56,0,0,0,0,0,0,0,"N",3,6.7,0,0,0,0,0,0,0,0,0,0,0,0,0,0
"13063","5","541110","78","0","2023","4","N",48,0,0,0,0,0,0,0,"N",0.56,0,0,0,0,0,0,0,"N",3,6.7,0,0,0,0,0,0,0,0,0,0,0,0,0,0
"13063","5","54119","77","0","2023","4","N",1,0,0,0,0,0,0,0,"N",0.11,0,0,0,0,0,0,0,"N",0,0.0,0,0,0,0,0,0,0,0,0,0,0,0,0,0
"13063","5","541191","78","0","2023","4","N",1,0,0,0,0,0,0,0,"N",0.22,0,0,0,0,0,0,0,"N",0,0.0,0,0,0,0,0,0,0,0,0,0,0,0,0,0
"13063","5","5412","76","0","2023","4","",81,221,228,259,2523476,209273,3868,823,"",0.98,0.23,0.24,0.26,0.11,0.21,0.32,0.44,"",-7,-8.0,28,14.5,19,9.1,32,14.1,608074,31.7,65947,46.0,1000,34.9,120,17.1
"13063","5","54121","77","0","2023","4","",81,221,228,259,2523476,209273,3868,823,"",0.98,0.23,0.24,0.26,0.11,0.21,0.32,0.44,"",-7,-8.0,28,14.5,19,9.1,32,14.1,608074,31.7,65947,46.0,1000,34.9,120,17.1
"13063","5","541211","78","0","2023","4","",15,71,71,70,1072426,62366,846,1167,"",0.53,0.15,0.16,0.15,0.08,0.16,0.24,0.51,"N",0,0.0,0,0,0,0,0,0,0,0,0,0,0,0,0,0
"13063","5","541213","78","0","2023","4","",45,33,41,70,328147,46924,1227,526,"",2.66,0.56,0.59,0.82,0.36,0.73,1.09,0.53,"N",-4,-8.2,0,0,0,0,0,0,0,0,0,0,0,0,0,0
"13063","5","541214","78","0","2023","4","",4,81,81,85,805668,89193,1739,753,"",0.69,0.41,0.41,0.42,0.17,0.33,0.37,0.42,"",1,33.3,23,39.7,15,22.7,19,28.8,174688,27.7,30258,51.3,606,53.5,-13,-1.7
"13063","5","541219","78","0","2023","4","",17,36,35,34,317235,10790,56,697,"",0.54,0.15,0.14,0.14,0.07,0.04,0.02,0.47,"",-4,-19.0,-10,-21.7,-9,-20.5,-10,-22.7,-71968,-18.5,349,3.3,-70,-55.6,27,4.0
"13063","5","5413","76","0","2023","4","",21,229,244,252,9221044,166862,2943,2935,"",0.27,0.16,0.17,0.18,0.22,0.14,0.21,1.31,"",-1,-4.5,-19,-7.7,-3,-1.2,7,2.9,1724297,23.0,30420,22.3,2106,251.6,597,25.5
"13063","5","54132","77","0","2023","4","N",1,0,0,0,0,0,0,0,"N",0.29,0,0,0,0,0,0,0,"N",0,0.0,0,0,0,0,0,0,0,0,0,0,0,0,0,0
"13063","5","541320","78","0","2023","4","N",1,0,0,0,0,0,0,0,"N",0.29,0,0,0,0,0,0,0,"N",0,0.0,0,0,0,0,0,0,0,0,0,0,0,0,0,0
"13063","5","54133","77","0","2023","4","",17,224,239,247,9185248,165762,2942,2985,"",0.38,0.23,0.24,0.25,0.30,0.21,0.31,1.25,"",0,0.0,-18,-7.4,-2,-0.8,7,2.9,1739023,23.4,41420,33.3,2424,468.0,608,25.6
"13063","5","541330","78","0","2023","4","",17,224,239,247,9185248,165762,2942,2985,"",0.38,0.23,0.24,0.25,0.30,0.21,0.31,1.25,"",0,0.0,-18,-7.4,-2,-0.8,7,2.9,1739023,23.4,41420,33.3,2424,468.0,608,25.6
"13063","5","54134","77","0","2023","4","N",1,0,0,0,0,0,0,0,"N",0.62,0,0,0,0,0,0,0,"N",0,0.0,0,0,0,0,0,0,0,0,0,0,0,0,0,0
"13063","5","541340","78","0","2023","4","N",1,0,0,0,0,0,0,0,"N",0.62,0,0,0,0,0,0,0,"N",0,0.0,0,0,0,0,0,0,0,0,0,0,0,0,0,0
"13063","5","54137","77","0","2023","4","N",2,0,0,0,0,0,0,0,"N",0.52,0,0,0,0,0,0,0,"N",0,0.0,0,0,0,0,0,0,0,0,0,0,0,0,0,0
"13063","5","541370","78","0","2023","4","N",2,0,0,0,0,0,0,0,"N",0.52,0,0,0,0,0,0,0,"N",0,0.0,0,0,0,0,0,0,0,0,0,0,0,0,0,0
"13063","5","5414","76","0","2023","4","N",2,0,0,0,0,0,0,0,"N",0.09,0,0,0,0,0,0,0,"N",-1,-33.3,0,0,0,0,0,0,0,0,0,0,0,0,0,0
"13063","5","54141","77","0","2023","4","N",1,0,0,0,0,0,0,0,"N",0.12,0,0,0,0,0,0,0,"N",0,0.0,0,0,0,0,0,0,0,0,0,0,0,0,0,0
"13063","5","541410","78","0","2023","4","N",1,0,0,0,0,0,0,0,"N",0.12,0,0,0,0,0,0,0,"N",0,0.0,0,0,0,0,0,0,0,0,0,0,0,0,0,0
"13063","5","54143","77","0","2023","4","N",1,0,0,0,0,0,0,0,"N",0.11,0,0,0,0,0,0,0,"N",-1,-50.0,0,0,0,0,0,0,0,0,0,0,0,0,0,0
"13063","5","541430","78","0","2023","4","N",1,0,0,0,0,0,0,0,"N",0.11,0,0,0,0,0,0,0,"N",-1,-50.0,0,0,0,0,0,0,0,0,0,0,0,0,0,0
"13063","5","5415","76","0","2023","4","",36,835,796,773,7999318,2243396,35136,768,"",0.19,0.40,0.38,0.37,0.11,1.28,1.68,0.28,"",2,5.9,750,882.4,697,704.0,672,665.3,6209123,346.8,2126645,1821.5,33407,1932.2,-682,-47.0
"13063","5","54151","77","0","2023","4","",36,835,796,773,7999318,2243396,35136,768,"",0.19,0.40,0.38,0.37,0.11,1.28,1.68,0.28,"",2,5.9,750,882.4,697,704.0,672,665.3,6209123,346.8,2126645,1821.5,33407,1932.2,-682,-47.0
"13063","5","541511","78","0","2023","4","N",11,0,0,0,0,0,0,0,"N",0.12,0,0,0,0,0,0,0,"N",-1,-8.3,0,0,0,0,0,0,0,0,0,0,0,0,0,0
"13063","5","541512","78","0","2023","4","N",17,0,0,0,0,0,0,0,"N",0.21,0,0,0,0,0,0,0,"N",3,21.4,0,0,0,0,0,0,0,0,0,0,0,0,0,0
"13063","5","541513","78","0","2023","4","",8,22,22,23,479708,19097,327,1652,"",2.69,0.32,0.32,0.33,0.22,0.37,0.57,0.70,"",0,0.0,7,46.7,8,57.1,7,43.8,94063,24.4,8625,82.4,323,8075.0,-326,-16.5
"13063","5","5416","76","0","2023","4","",76,457,459,459,8653980,503314,8950,1452,"",0.41,0.29,0.29,0.28,0.18,0.29,0.42,0.63,"",6,8.6,86,23.2,87,23.4,90,24.4,1498029,20.9,79770,18.8,2723,43.7,-33,-2.2
"13063","5","54161","77","0","2023","4","",63,383,386,402,7515587,444038,8073,1481,"",0.42,0.29,0.29,0.30,0.18,0.31,0.45,0.63,"",7,12.5,83,27.7,89,30.0,104,34.9,1417123,23.2,71883,19.3,2754,51.8,-91,-5.8
"13063","5","541611","78","0","2023","4","",32,90,86,78,1507475,62632,481,1370,"",0.41,0.12,0.12,0.11,0.06,0.09,0.05,0.51,"",4,14.3,-13,-12.6,-14,-14.0,-24,-23.5,-6584,-0.4,-51686,-45.2,-1560,-76.4,224,19.5
"13063","5","541612","78","0","2023","4","N",5,0,0,0,0,0,0,0,"N",0.67,0,0,0,0,0,0,0,"N",0,0.0,0,0,0,0,0,0,0,0,0,0,0,0,0,0
"13063","5","541613","78","0","2023","4","N",7,0,0,0,0,0,0,0,"N",0.17,0,0,0,0,0,0,0,"N",-1,-12.5,0,0,0,0,0,0,0,0,0,0,0,0,0,0
"13063","5","541614","78","0","2023","4","",14,237,238,261,5287457,183472,2417,1658,"",1.54,1.70,1.68,1.83,1.73,1.21,1.24,1.00,"",3,27.3,64,37.0,65,37.6,89,51.7,1185054,28.9,-27896,-13.2,-157,-6.1,-170,-9.3
"13063","5","541618","78","0","2023","4","",5,6,6,5,85872,0,0,1166,"",0.31,0.06,0.06,0.05,0.03,0.00,0.00,0.53,"N",1,25.0,0,0,0,0,0,0,0,0,0,0,0,0,0,0
"13063","5","54162","77","0","2023","4","N",3,0,0,0,0,0,0,0,"N",0.44,0,0,0,0,0,0,0,"N",-1,-25.0,0,0,0,0,0,0,0,0,0,0,0,0,0,0
"13063","5","541620","78","0","2023","4","N",3,0,0,0,0,0,0,0,"N",0.44,0,0,0,0,0,0,0,"N",-1,-25.0,0,0,0,0,0,0,0,0,0,0,0,0,0,0
"13063","5","54169","77","0","2023","4","N",10,0,0,0,0,0,0,0,"N",0.39,0,0,0,0,0,0,0,"N",0,0.0,0,0,0,0,0,0,0,0,0,0,0,0,0,0
"13063","5","541690","78","0","2023","4","N",10,0,0,0,0,0,0,0,"N",0.39,0,0,0,0,0,0,0,"N",0,0.0,0,0,0,0,0,0,0,0,0,0,0,0,0,0
"13063","5","5417","76","0","2023","4","N",5,0,0,0,0,0,0,0,"N",0.19,0,0,0,0,0,0,0,"N",1,25.0,0,0,0,0,0,0,0,0,0,0,0,0,0,0
"13063","5","54171","77","0","2023","4","N",5,0,0,0,0,0,0,0,"N",0.22,0,0,0,0,0,0,0,"N",2,66.7,0,0,0,0,0,0,0,0,0,0,0,0,0,0
"13063","5","541714","78","0","2023","4","N",1,0,0,0,0,0,0,0,"N",0.10,0,0,0,0,0,0,0,"N",0,0.0,0,0,0,0,0,0,0,0,0,0,0,0,0,0
"13063","5","541715","78","0","2023","4","N",4,0,0,0,0,0,0,0,"N",0.33,0,0,0,0,0,0,0,"N",2,100.0,0,0,0,0,0,0,0,0,0,0,0,0,0,0
"13063","5","5418","76","0","2023","4","",6,8,9,8,101969,453,12,941,"",0.17,0.02,0.02,0.02,0.01,0.00,0.00,0.48,"",-2,-25.0,-3,-27.3,-3,-25.0,-3,-27.3,27170,36.3,-5045,-91.8,-123,-91.1,433,85.2
"13063","5","54182","77","0","2023","4","N",2,0,0,0,0,0,0,0,"N",0.29,0,0,0,0,0,0,0,"N",0,0.0,0,0,0,0,0,0,0,0,0,0,0,0,0,0
"13063","5","541820","78","0","2023","4","N",2,0,0,0,0,0,0,0,"N",0.29,0,0,0,0,0,0,0,"N",0,0.0,0,0,0,0,0,0,0,0,0,0,0,0,0,0
"13063","5","54187","77","0","2023","4","N",2,0,0,0,0,0,0,0,"N",1.01,0,0,0,0,0,0,0,"N",1,100.0,0,0,0,0,0,0,0,0,0,0,0,0,0,0
"13063","5","541870","78","0","2023","4","N",2,0,0,0,0,0,0,0,"N",1.01,0,0,0,0,0,0,0,"N",1,100.0,0,0,0,0,0,0,0,0,0,0,0,0,0,0
"13063","5","54189","77","0","2023","4","N",2,0,0,0,0,0,0,0,"N",0.42,0,0,0,0,0,0,0,"N",0,0.0,0,0,0,0,0,0,0,0,0,0,0,0,0,0
"13063","5","541890","78","0","2023","4","N",2,0,0,0,0,0,0,0,"N",0.42,0,0,0,0,0,0,0,"N",0,0.0,0,0,0,0,0,0,0,0,0,0,0,0,0,0
"13063","5","5419","76","0","2023","4","",23,130,117,140,1259689,146218,2736,751,"",0.37,0.17,0.16,0.19,0.09,0.16,0.28,0.54,"",1,4.5,19,17.1,24,25.8,51,57.3,157144,14.3,9448,6.9,-296,-9.8,-117,-13.5
"13063","5","54192","77","0","2023","4","N",1,0,0,0,0,0,0,0,"N",0.13,0,0,0,0,0,0,0,"N",-1,-50.0,0,0,0,0,0,0,0,0,0,0,0,0,0,0
"13063","5","541922","78","0","2023","4","N",1,0,0,0,0,0,0,0,"N",0.47,0,0,0,0,0,0,0,"N",-1,-50.0,0,0,0,0,0,0,0,0,0,0,0,0,0,0
"13063","5","54193","77","0","2023","4","N",1,0,0,0,0,0,0,0,"N",0.43,0,0,0,0,0,0,0,"N",0,0.0,0,0,0,0,0,0,0,0,0,0,0,0,0,0
"13063","5","541930","78","0","2023","4","N",1,0,0,0,0,0,0,0,"N",0.43,0,0,0,0,0,0,0,"N",0,0.0,0,0,0,0,0,0,0,0,0,0,0,0,0,0
"13063","5","54194","77","0","2023","4","",9,51,49,54,483880,32221,219,725,"",0.56,0.13,0.12,0.14,0.09,0.07,0.05,0.71,"",-3,-25.0,3,6.2,-1,-2.0,6,12.5,33463,7.4,-55315,-63.2,-1192,-84.5,13,1.8
"13063","5","541940","78","0","2023","4","",9,51,49,54,483880,32221,219,725,"",0.56,0.13,0.12,0.14,0.09,0.07,0.05,0.71,"",-3,-25.0,3,6.2,-1,-2.0,6,12.5,33463,7.4,-55315,-63.2,-1192,-84.5,13,1.8
"13063","5","54199","77","0","2023","4","",12,71,61,79,651314,110910,2480,712,"",0.38,0.34,0.29,0.37,0.12,0.42,0.71,0.36,"N",5,71.4,0,0,0,0,0,0,0,0,0,0,0,0,0,0
"13063","5","541990","78","0","2023","4","",12,71,61,79,651314,110910,2480,712,"",0.38,0.34,0.29,0.37,0.12,0.42,0.71,0.36,"N",5,71.4,0,0,0,0,0,0,0,0,0,0,0,0,0,0
"13063","5","55","74","0","2023","4","",7,167,169,168,4854534,75328,116,2223,"",0.16,0.08,0.08,0.08,0.07,0.03,0.00,0.86,"",-2,-22.2,8,5.0,8,5.0,5,3.1,328256,7.3,-80304,-51.6,-876,-88.3,60,2.8
"13063","5","551","75","0","2023","4","",7,167,169,168,4854534,75328,116,2223,"",0.16,0.08,0.08,0.08,0.07,0.03,0.00,0.86,"",-2,-22.2,8,5.0,8,5.0,5,3.1,328256,7.3,-80304,-51.6,-876,-88.3,60,2.8
"13063","5","5511","76","0","2023","4","",7,167,169,168,4854534,75328,116,2223,"",0.16,0.08,0.08,0.08,0.07,0.03,0.00,0.86,"",-2,-22.2,8,5.0,8,5.0,5,3.1,328256,7.3,-80304,-51.6,-876,-88.3,60,2.8
"13063","5","55111","77","0","2023","4","",7,167,169,168,4854534,75328,116,2223,"",0.16,0.08,0.08,0.08,0.07,0.03,0.00,0.86,"",-2,-22.2,8,5.0,8,5.0,5,3.1,328256,7.3,-80304,-51.6,-876,-88.3,60,2.8
"13063","5","551112","78","0","2023","4","N",1,0,0,0,0,0,0,0,"N",0.15,0,0,0,0,0,0,0,"N",0,0.0,0,0,0,0,0,0,0,0,0,0,0,0,0,0
"13063","5","551114","78","0","2023","4","N",6,0,0,0,0,0,0,0,"N",0.16,0,0,0,0,0,0,0,"N",-2,-25.0,0,0,0,0,0,0,0,0,0,0,0,0,0,0
"13063","5","56","74","0","2023","4","",294,7375,7262,7304,77276443,17089188,213176,813,"",0.94,0.92,0.90,0.92,0.71,1.29,1.22,0.77,"",-26,-8.1,-75,-1.0,-324,-4.3,-193,-2.6,11332477,17.2,-1010253,-5.6,-47203,-18.1,138,20.4
"13063","5","561","75","0","2023","4","",265,6781,6673,6695,65811479,16572027,204581,754,"",0.89,0.89,0.88,0.89,0.65,1.30,1.22,0.73,"",-27,-9.2,-215,-3.1,-449,-6.3,-322,-4.6,8834458,15.5,-1113278,-6.3,-50136,-19.7,132,21.2
"13063","5","5611","76","0","2023","4","",13,155,158,144,1697589,356344,2647,857,"",0.36,0.29,0.30,0.27,0.12,0.73,0.46,0.43,"",-1,-7.1,22,16.5,28,21.5,13,9.9,-412040,-19.5,60864,20.6,2219,518.5,-379,-30.7
"13063","5","56111","77","0","2023","4","",13,155,158,144,1697589,356344,2647,857,"",0.36,0.29,0.30,0.27,0.12,0.73,0.46,0.43,"",-1,-7.1,22,16.5,28,21.5,13,9.9,-412040,-19.5,60864,20.6,2219,518.5,-379,-30.7
"13063","5","561110","78","0","2023","4","",13,155,158,144,1697589,356344,2647,857,"",0.36,0.29,0.30,0.27,0.12,0.73,0.46,0.43,"",-1,-7.1,22,16.5,28,21.5,13,9.9,-412040,-19.5,60864,20.6,2219,518.5,-379,-30.7
"13063","5","5612","76","0","2023","4","",9,541,559,554,7959943,726528,4397,1111,"",2.53,3.73,3.86,3.80,3.72,4.29,1.96,0.98,"",1,12.5,115,27.0,128,29.7,117,26.8,3105219,64.0,8177,1.1,-737,-14.4,245,28.3
"13063","5","56121","77","0","2023","4","",9,541,559,554,7959943,726528,4397,1111,"",2.53,3.73,3.86,3.80,3.72,4.29,1.96,0.98,"",1,12.5,115,27.0,128,29.7,117,26.8,3105219,64.0,8177,1.1,-737,-14.4,245,28.3
"13063","5","561210","78","0","2023","4","",9,541,559,554,7959943,726528,4397,1111,"",2.53,3.73,3.86,3.80,3.72,4.29,1.96,0.98,"",1,12.5,115,27.0,128,29.7,117,26.8,3105219,64.0,8177,1.1,-737,-14.4,245,28.3
"13063","5","5613","76","0","2023","4","",95,3890,4039,4056,34834300,12755591,158905,671,"",1.33,1.28,1.32,1.34,0.88,1.87,1.70,0.67,"",-3,-3.1,448,13.0,478,13.4,583,16.8,7053327,25.4,1569154,14.0,-7389,-4.4,59,9.6
"13063","5","56131","77","0","2023","4","",13,180,184,199,1990409,437191,10040,816,"",0.79,0.69,0.70,0.76,0.42,0.86,1.31,0.59,"N",3,30.0,0,0,0,0,0,0,0,0,0,0,0,0,0,0
"13063","5","561311","78","0","2023","4","N",12,0,0,0,0,0,0,0,"N",0.99,0,0,0,0,0,0,0,"N",3,33.3,0,0,0,0,0,0,0,0,0,0,0,0,0,0
"13063","5","561312","78","0","2023","4","N",1,0,0,0,0,0,0,0,"N",0.23,0,0,0,0,0,0,0,"N",0,0.0,0,0,0,0,0,0,0,0,0,0,0,0,0,0
"13063","5","56132","77","0","2023","4","",61,3087,3042,2848,26777103,10357237,104456,688,"",1.36,1.30,1.26,1.20,0.97,1.80,1.33,0.77,"",-11,-15.3,348,12.7,273,9.9,379,15.4,4491020,20.2,945626,10.0,-17490,-14.3,43,6.7
"13063","5","561320","78","0","2023","4","",61,3087,3042,2848,26777103,10357237,104456,688,"",1.36,1.30,1.26,1.20,0.97,1.80,1.33,0.77,"",-11,-15.3,348,12.7,273,9.9,379,15.4,4491020,20.2,945626,10.0,-17490,-14.3,43,6.7
"13063","5","56133","77","0","2023","4","",21,623,813,1009,6066788,1961163,44409,573,"",2.13,1.59,2.06,2.55,0.86,3.36,5.84,0.42,"N",5,31.2,0,0,0,0,0,0,0,0,0,0,0,0,0,0
"13063","5","561330","78","0","2023","4","",21,623,813,1009,6066788,1961163,44409,573,"",2.13,1.59,2.06,2.55,0.86,3.36,5.84,0.42,"N",5,31.2,0,0,0,0,0,0,0,0,0,0,0,0,0,0
"13063","5","5614","76","0","2023","4","",27,216,219,217,2476114,331859,7169,876,"",0.96,0.35,0.35,0.35,0.27,0.43,0.82,0.77,"",0,0.0,-1147,-84.2,-1132,-83.8,-1108,-83.6,-3876411,-61.0,-2466012,-88.1,-43790,-85.9,513,141.3
"13063","5","56141","77","0","2023","4","N",1,0,0,0,0,0,0,0,"N",0.28,0,0,0,0,0,0,0,"N",-2,-66.7,0,0,0,0,0,0,0,0,0,0,0,0,0,0
"13063","5","561410","78","0","2023","4","N",1,0,0,0,0,0,0,0,"N",0.28,0,0,0,0,0,0,0,"N",-2,-66.7,0,0,0,0,0,0,0,0,0,0,0,0,0,0
"13063","5","56142","77","0","2023","4","N",10,0,0,0,0,0,0,0,"N",1.43,0,0,0,0,0,0,0,"N",5,100.0,0,0,0,0,0,0,0,0,0,0,0,0,0,0
"13063","5","561421","78","0","2023","4","N",3,0,0,0,0,0,0,0,"N",2.08,0,0,0,0,0,0,0,"N",1,50.0,0,0,0,0,0,0,0,0,0,0,0,0,0,0
"13063","5","561422","78","0","2023","4","N",7,0,0,0,0,0,0,0,"N",1.26,0,0,0,0,0,0,0,"N",4,133.3,0,0,0,0,0,0,0,0,0,0,0,0,0,0
"13063","5","56143","77","0","2023","4","",8,56,64,66,896531,70271,1605,1112,"",1.52,0.83,0.94,0.95,1.18,0.83,1.77,1.30,"",-2,-20.0,3,5.7,13,25.5,15,29.4,122211,15.8,43749,165.0,1200,296.3,-41,-3.6
"13063","5","561431","78","0","2023","4","",5,27,35,35,192855,62417,1569,459,"",1.95,0.88,1.12,1.09,0.73,1.36,3.15,0.71,"",0,0.0,10,58.8,19,118.8,18,105.9,54505,39.4,46286,286.9,1215,343.2,-180,-28.2
"13063","5","561439","78","0","2023","4","",3,29,29,31,703676,7854,36,1825,"",1.11,0.79,0.79,0.83,1.42,0.20,0.09,1.77,"",-2,-40.0,-7,-19.4,-6,-17.1,-3,-8.8,67706,10.6,-2537,-24.4,-15,-29.4,427,30.5
"13063","5","56144","77","0","2023","4","N",2,0,0,0,0,0,0,0,"N",0.70,0,0,0,0,0,0,0,"N",0,0.0,0,0,0,0,0,0,0,0,0,0,0,0,0,0
"13063","5","561440","78","0","2023","4","N",2,0,0,0,0,0,0,0,"N",0.70,0,0,0,0,0,0,0,"N",0,0.0,0,0,0,0,0,0,0,0,0,0,0,0,0,0
"13063","5","56149","77","0","2023","4","",6,56,57,56,738605,138180,3088,1009,"",0.69,0.62,0.63,0.61,0.41,1.38,2.18,0.66,"",-1,-14.3,37,194.7,37,185.0,37,194.7,534687,262.2,93021,206.0,2850,1197.5,198,24.4
"13063","5","561491","78","0","2023","4","N",2,0,0,0,0,0,0,0,"N",5.24,0,0,0,0,0,0,0,"N",0,0.0,0,0,0,0,0,0,0,0,0,0,0,0,0,0
"13063","5","561492","78","0","2023","4","N",1,0,0,0,0,0,0,0,"N",0.68,0,0,0,0,0,0,0,"N",0,0.0,0,0,0,0,0,0,0,0,0,0,0,0,0,0
"13063","5","561499","78","0","2023","4","N",3,0,0,0,0,0,0,0,"N",0.43,0,0,0,0,0,0,0,"N",-1,-25.0,0,0,0,0,0,0,0,0,0,0,0,0,0,0
"13063","5","5615","76","0","2023","4","",5,25,25,24,458824,14636,412,1431,"",0.49,0.16,0.16,0.15,0.13,0.09,0.21,0.82,"",-1,-16.7,4,19.0,3,13.6,0,0.0,167809,57.7,-16276,-52.7,-233,-36.1,429,42.8
"13063","5","56151","77","0","2023","4","N",2,0,0,0,0,0,0,0,"N",0.33,0,0,0,0,0,0,0,"N",-1,-33.3,0,0,0,0,0,0,0,0,0,0,0,0,0,0
"13063","5","561510","78","0","2023","4","N",2,0,0,0,0,0,0,0,"N",0.33,0,0,0,0,0,0,0,"N",-1,-33.3,0,0,0,0,0,0,0,0,0,0,0,0,0,0
"13063","5","56159","77","0","2023","4","N",3,0,0,0,0,0,0,0,"N",1.15,0,0,0,0,0,0,0,"N",0,0.0,0,0,0,0,0,0,0,0,0,0,0,0,0,0
"13063","5","561599","78","0","2023","4","N",3,0,0,0,0,0,0,0,"N",1.39,0,0,0,0,0,0,0,"N",0,0.0,0,0,0,0,0,0,0,0,0,0,0,0,0,0
"13063","5","5616","76","0","2023","4","",29,541,562,566,6293173,940932,10377,870,"",1.63,0.61,0.64,0.65,0.65,0.75,0.68,1.03,"",-9,-23.7,-47,-8.0,-26,-4.4,-33,-5.5,-43831,-0.7,-165109,-14.9,-3846,-27.0,46,5.6
"13063","5","56161","77","0","2023","4","",22,387,406,419,3426583,715303,7340,652,"",2.03,0.52,0.55,0.57,0.48,0.64,0.53,0.89,"N",-6,-21.4,0,0,0,0,0,0,0,0,0,0,0,0,0,0
"13063","5","561611","78","0","2023","4","N",2,0,0,0,0,0,0,0,"N",0.76,0,0,0,0,0,0,0,"N",-1,-33.3,0,0,0,0,0,0,0,0,0,0,0,0,0,0
"13063","5","561612","78","0","2023","4","",19,348,369,382,2788535,689696,7102,586,"",2.44,0.50,0.54,0.56,0.45,0.66,0.55,0.83,"",-5,-20.8,-35,-9.1,-15,-3.9,2,0.5,-35568,-1.3,-141786,-17.1,-4648,-39.6,18,3.2
"13063","5","561613","78","0","2023","4","N",1,0,0,0,0,0,0,0,"N",2.36,0,0,0,0,0,0,0,"N",0,0.0,0,0,0,0,0,0,0,0,0,0,0,0,0,0
"13063","5","56162","77","0","2023","4","",7,154,156,147,2866590,225629,3037,1448,"",1.01,1.14,1.16,1.08,1.10,1.63,2.11,0.98,"N",-3,-30.0,0,0,0,0,0,0,0,0,0,0,0,0,0,0
"13063","5","561621","78","0","2023","4","N",4,0,0,0,0,0,0,0,"N",0.80,0,0,0,0,0,0,0,"N",-1,-20.0,0,0,0,0,0,0,0,0,0,0,0,0,0,0
"13063","5","561622","78","0","2023","4","N",3,0,0,0,0,0,0,0,"N",1.55,0,0,0,0,0,0,0,"N",-2,-40.0,0,0,0,0,0,0,0,0,0,0,0,0,0,0
"13063","5","5617","76","0","2023","4","",72,801,800,801,8198528,850906,9990,788,"",0.63,0.41,0.42,0.43,0.42,0.32,0.29,0.99,"",-16,-18.2,-60,-7.0,-77,-8.8,-55,-6.4,521899,6.8,-471508,-35.7,-4153,-29.4,105,15.4
"13063","5","56171","77","0","2023","4","N",5,0,0,0,0,0,0,0,"N",0.63,0,0,0,0,0,0,0,"N",-1,-16.7,0,0,0,0,0,0,0,0,0,0,0,0,0,0
"13063","5","561710","78","0","2023","4","N",5,0,0,0,0,0,0,0,"N",0.63,0,0,0,0,0,0,0,"N",-1,-16.7,0,0,0,0,0,0,0,0,0,0,0,0,0,0
"13063","5","56172","77","0","2023","4","",34,416,431,433,3040474,560166,4434,548,"",0.90,0.46,0.47,0.48,0.42,0.44,0.34,0.90,"",-8,-19.0,-130,-23.8,-132,-23.4,-116,-21.1,-603135,-16.6,-444029,-44.2,-7413,-62.6,41,8.1
"13063","5","561720","78","0","2023","4","",34,416,431,433,3040474,560166,4434,548,"",0.90,0.46,0.47,0.48,0.42,0.44,0.34,0.90,"",-8,-19.0,-130,-23.8,-132,-23.4,-116,-21.1,-603135,-16.6,-444029,-44.2,-7413,-62.6,41,8.1
"13063","5","56173","77","0","2023","4","",24,252,240,238,3547519,207930,5119,1121,"",0.43,0.32,0.32,0.35,0.39,0.19,0.29,1.19,"",-6,-20.0,54,27.3,43,21.8,50,26.6,979699,38.2,93021,81.0,3686,257.2,105,10.3
"13063","5","561730","78","0","2023","4","",24,252,240,238,3547519,207930,5119,1121,"",0.43,0.32,0.32,0.35,0.39,0.19,0.29,1.19,"",-6,-20.0,54,27.3,43,21.8,50,26.6,979699,38.2,93021,81.0,3686,257.2,105,10.3
"13063","5","56174","77","0","2023","4","N",1,0,0,0,0,0,0,0,"N",0.31,0,0,0,0,0,0,0,"N",0,0.0,0,0,0,0,0,0,0,0,0,0,0,0,0,0
"13063","5","561740","78","0","2023","4","N",1,0,0,0,0,0,0,0,"N",0.31,0,0,0,0,0,0,0,"N",0,0.0,0,0,0,0,0,0,0,0,0,0,0,0,0,0
"13063","5","56179","77","0","2023","4","",8,45,45,46,535791,26092,179,909,"",0.86,0.48,0.49,0.51,0.45,0.21,0.10,0.92,"",-1,-11.1,2,4.7,1,2.3,2,4.5,32672,6.5,-107296,-80.4,-343,-65.7,23,2.6
"13063","5","561790","78","0","2023","4","",8,45,45,46,535791,26092,179,909,"",0.86,0.48,0.49,0.51,0.45,0.21,0.10,0.92,"",-1,-11.1,2,4.7,1,2.3,2,4.5,32672,6.5,-107296,-80.4,-343,-65.7,23,2.6
"13063","5","5619","76","0","2023","4","",15,612,311,333,3893008,595231,10684,715,"",0.99,2.09,1.08,1.17,0.89,1.45,1.71,0.61,"",2,15.4,450,277.8,149,92.0,161,93.6,2318486,147.3,367432,161.3,7793,269.6,-18,-2.5
"13063","5","56191","77","0","2023","4","N",1,0,0,0,0,0,0,0,"N",0.73,0,0,0,0,0,0,0,"N",0,0.0,0,0,0,0,0,0,0,0,0,0,0,0,0,0
"13063","5","561910","78","0","2023","4","N",1,0,0,0,0,0,0,0,"N",0.73,0,0,0,0,0,0,0,"N",0,0.0,0,0,0,0,0,0,0,0,0,0,0,0,0,0
"13063","5","56192","77","0","2023","4","N",3,0,0,0,0,0,0,0,"N",0.85,0,0,0,0,0,0,0,"N",1,50.0,0,0,0,0,0,0,0,0,0,0,0,0,0,0
"13063","5","561920","78","0","2023","4","N",3,0,0,0,0,0,0,0,"N",0.85,0,0,0,0,0,0,0,"N",1,50.0,0,0,0,0,0,0,0,0,0,0,0,0,0,0
"13063","5","56199","77","0","2023","4","",11,562,252,268,2811958,465394,10523,600,"",1.08,2.99,1.36,1.45,1.04,1.77,2.81,0.54,"",1,10.0,430,325.8,121,92.4,128,91.4,1980106,238.0,297127,176.6,7656,267.0,124,26.1
"13063","5","561990","78","0","2023","4","",11,562,252,268,2811958,465394,10523,600,"",1.08,2.99,1.36,1.45,1.04,1.77,2.81,0.54,"",1,10.0,430,325.8,121,92.4,128,91.4,1980106,238.0,297127,176.6,7656,267.0,124,26.1
"13063","5","562","75","0","2023","4","",29,594,589,609,11464964,517161,8595,1476,"",1.77,1.39,1.38,1.42,1.45,1.03,1.38,1.04,"",1,3.6,140,30.8,125,26.9,129,26.9,2498019,27.9,103025,24.9,2933,51.8,-4,-0.3
"13063","5","5621","76","0","2023","4","",11,77,75,78,1310492,116738,1620,1315,"",1.74,0.42,0.41,0.43,0.42,0.58,0.77,1.00,"",0,0.0,-6,-7.2,-10,-11.8,-6,-7.1,-242245,-15.6,-2810,-2.4,-1655,-50.5,-107,-7.5
"13063","5","56211","77","0","2023","4","",11,77,75,78,1310492,116738,1620,1315,"",1.74,0.42,0.41,0.43,0.42,0.58,0.77,1.00,"",0,0.0,-6,-7.2,-10,-11.8,-6,-7.1,-242245,-15.6,-2810,-2.4,-1655,-50.5,-107,-7.5
"13063","5","562111","78","0","2023","4","N",6,0,0,0,0,0,0,0,"N",1.23,0,0,0,0,0,0,0,"N",0,0.0,0,0,0,0,0,0,0,0,0,0,0,0,0,0
"13063","5","562112","78","0","2023","4","",3,59,59,62,1077445,90075,1358,1381,"",8.35,5.44,5.46,5.69,3.95,10.29,12.48,0.71,"",0,0.0,8,15.7,6,11.3,10,19.2,152702,16.5,-15000,-14.3,-1670,-55.2,13,1.0
"13063","5","562119","78","0","2023","4","N",2,0,0,0,0,0,0,0,"N",1.84,0,0,0,0,0,0,0,"N",0,0.0,0,0,0,0,0,0,0,0,0,0,0,0,0,0
"13063","5","5622","76","0","2023","4","",8,185,180,178,4254105,76077,606,1808,"",3.77,2.03,1.97,1.93,2.22,0.94,0.74,1.12,"",1,14.3,28,17.8,15,9.1,0,0.0,323446,8.2,-72587,-48.8,-152,-20.1,-6,-0.3
"13063","5","56221","77","0","2023","4","",8,185,180,178,4254105,76077,606,1808,"",3.77,2.03,1.97,1.93,2.22,0.94,0.74,1.12,"",1,14.3,28,17.8,15,9.1,0,0.0,323446,8.2,-72587,-48.8,-152,-20.1,-6,-0.3
"13063","5","562211","78","0","2023","4","N",1,0,0,0,0,0,0,0,"N",1.60,0,0,0,0,0,0,0,"N",0,0.0,0,0,0,0,0,0,0,0,0,0,0,0,0,0
"13063","5","562212","78","0","2023","4","N",5,0,0,0,0,0,0,0,"N",6.39,0,0,0,0,0,0,0,"N",1,25.0,0,0,0,0,0,0,0,0,0,0,0,0,0,0
"13063","5","562219","78","0","2023","4","N",2,0,0,0,0,0,0,0,"N",3.19,0,0,0,0,0,0,0,"N",0,0.0,0,0,0,0,0,0,0,0,0,0,0,0,0,0
"13063","5","5629","76","0","2023","4","",10,332,334,353,5900367,324346,6369,1336,"",1.26,2.15,2.17,2.28,2.04,1.50,1.93,0.93,"",0,0.0,118,55.1,120,56.1,135,61.9,2416818,69.4,178422,122.3,4740,291.0,92,7.4
"13063","5","56291","77","0","2023","4","N",3,0,0,0,0,0,0,0,"N",0.76,0,0,0,0,0,0,0,"N",1,50.0,0,0,0,0,0,0,0,0,0,0,0,0,0,0
"13063","5","562910","78","0","2023","4","N",3,0,0,0,0,0,0,0,"N",0.76,0,0,0,0,0,0,0,"N",1,50.0,0,0,0,0,0,0,0,0,0,0,0,0,0,0
"13063","5","56292","77","0","2023","4","N",1,0,0,0,0,0,0,0,"N",1.29,0,0,0,0,0,0,0,"N",0,0.0,0,0,0,0,0,0,0,0,0,0,0,0,0,0
"13063","5","562920","78","0","2023","4","N",1,0,0,0,0,0,0,0,"N",1.29,0,0,0,0,0,0,0,"N",0,0.0,0,0,0,0,0,0,0,0,0,0,0,0,0,0
"13063","5","56299","77","0","2023","4","N",6,0,0,0,0,0,0,0,"N",1.88,0,0,0,0,0,0,0,"N",-1,-14.3,0,0,0,0,0,0,0,0,0,0,0,0,0,0
"13063","5","562991","78","0","2023","4","N",1,0,0,0,0,0,0,0,"N",0.49,0,0,0,0,0,0,0,"N",-1,-50.0,0,0,0,0,0,0,0,0,0,0,0,0,0,0
"13063","5","562998","78","0","2023","4","N",5,0,0,0,0,0,0,0,"N",4.26,0,0,0,0,0,0,0,"N",0,0.0,0,0,0,0,0,0,0,0,0,0,0,0,0,0
"13063","5","61","74","0","2023","4","",33,1643,1643,1624,19973664,1508250,29650,939,"",0.44,0.59,0.59,0.59,0.49,0.96,1.78,0.82,"",-1,-2.9,1137,224.7,1081,192.3,1064,190.0,13998051,234.3,710718,89.1,10624,55.8,92,10.9
"13063","5","611","75","0","2023","4","",33,1643,1643,1624,19973664,1508250,29650,939,"",0.44,0.59,0.59,0.59,0.49,0.96,1.78,0.82,"",-1,-2.9,1137,224.7,1081,192.3,1064,190.0,13998051,234.3,710718,89.1,10624,55.8,92,10.9
"13063","5","6111","76","0","2023","4","",8,1365,1369,1358,17028780,1089001,19443,960,"",0.82,1.65,1.64,1.63,1.64,2.00,3.98,1.00,"",3,60.0,1109,433.2,1107,422.5,1099,424.3,13754072,420.0,774136,245.9,12044,162.8,-13,-1.3
"13063","5","61111","77","0","2023","4","",8,1365,1369,1358,17028780,1089001,19443,960,"",0.82,1.65,1.64,1.63,1.64,2.00,3.98,1.00,"",3,60.0,1109,433.2,1107,422.5,1099,424.3,13754072,420.0,774136,245.9,12044,162.8,-13,-1.3
"13063","5","611110","78","0","2023","4","",8,1365,1369,1358,17028780,1089001,19443,960,"",0.82,1.65,1.64,1.63,1.64,2.00,3.98,1.00,"",3,60.0,1109,433.2,1107,422.5,1099,424.3,13754072,420.0,774136,245.9,12044,162.8,-13,-1.3
"13063","5","6112","76","0","2023","4","N",1,0,0,0,0,0,0,0,"N",2.08,0,0,0,0,0,0,0,"N",0,0.0,0,0,0,0,0,0,0,0,0,0,0,0,0,0
"13063","5","61121","77","0","2023","4","N",1,0,0,0,0,0,0,0,"N",2.08,0,0,0,0,0,0,0,"N",0,0.0,0,0,0,0,0,0,0,0,0,0,0,0,0,0
"13063","5","611210","78","0","2023","4","N",1,0,0,0,0,0,0,0,"N",2.08,0,0,0,0,0,0,0,"N",0,0.0,0,0,0,0,0,0,0,0,0,0,0,0,0,0
"13063","5","6113","76","0","2023","4","N",1,0,0,0,0,0,0,0,"N",0.16,0,0,0,0,0,0,0,"N",0,0.0,0,0,0,0,0,0,0,0,0,0,0,0,0,0
"13063","5","61131","77","0","2023","4","N",1,0,0,0,0,0,0,0,"N",0.16,0,0,0,0,0,0,0,"N",0,0.0,0,0,0,0,0,0,0,0,0,0,0,0,0,0
"13063","5","611310","78","0","2023","4","N",1,0,0,0,0,0,0,0,"N",0.16,0,0,0,0,0,0,0,"N",0,0.0,0,0,0,0,0,0,0,0,0,0,0,0,0,0
"13063","5","6114","76","0","2023","4","",6,6,5,4,65586,3673,6,1009,"",0.68,0.09,0.07,0.06,0.04,0.06,0.01,0.55,"",0,0.0,1,20.0,0,0.0,-1,-20.0,-36025,-35.5,2438,197.4,6,100.0,-554,-35.4
"13063","5","61142","77","0","2023","4","N",3,0,0,0,0,0,0,0,"N",1.53,0,0,0,0,0,0,0,"N",-1,-25.0,0,0,0,0,0,0,0,0,0,0,0,0,0,0
"13063","5","611420","78","0","2023","4","N",3,0,0,0,0,0,0,0,"N",1.53,0,0,0,0,0,0,0,"N",-1,-25.0,0,0,0,0,0,0,0,0,0,0,0,0,0,0
"13063","5","61143","77","0","2023","4","N",3,0,0,0,0,0,0,0,"N",0.45,0,0,0,0,0,0,0,"N",1,50.0,0,0,0,0,0,0,0,0,0,0,0,0,0,0
"13063","5","611430","78","0","2023","4","N",3,0,0,0,0,0,0,0,"N",0.45,0,0,0,0,0,0,0,"N",1,50.0,0,0,0,0,0,0,0,0,0,0,0,0,0,0
"13063","5","6115","76","0","2023","4","",4,128,126,125,1481959,217514,5025,902,"",0.72,1.19,1.17,1.15,0.94,1.72,3.32,0.80,"",0,0.0,13,11.3,4,3.3,-5,-3.8,185389,14.3,2667,1.2,-167,-3.2,87,10.7
"13063","5","61151","77","0","2023","4","",4,128,126,125,1481959,217514,5025,902,"",0.72,1.19,1.17,1.15,0.94,1.72,3.32,0.80,"",0,0.0,13,11.3,4,3.3,-5,-3.8,185389,14.3,2667,1.2,-167,-3.2,87,10.7
"13063","5","611511","78","0","2023","4","N",2,0,0,0,0,0,0,0,"N",2.21,0,0,0,0,0,0,0,"N",0,0.0,0,0,0,0,0,0,0,0,0,0,0,0,0,0
"13063","5","611519","78","0","2023","4","N",2,0,0,0,0,0,0,0,"N",0.65,0,0,0,0,0,0,0,"N",0,0.0,0,0,0,0,0,0,0,0,0,0,0,0,0,0
"13063","5","6116","76","0","2023","4","",9,61,60,55,286127,77398,2030,375,"",0.30,0.14,0.14,0.13,0.10,0.16,0.38,0.72,"",-4,-30.8,0,0.0,-48,-44.4,-45,-45.0,-215228,-42.9,-30157,-28.0,-294,-12.7,-55,-12.8
"13063","5","61162","77","0","2023","4","N",3,0,0,0,0,0,0,0,"N",0.32,0,0,0,0,0,0,0,"N",-1,-25.0,0,0,0,0,0,0,0,0,0,0,0,0,0,0
"13063","5","611620","78","0","2023","4","N",3,0,0,0,0,0,0,0,"N",0.32,0,0,0,0,0,0,0,"N",-1,-25.0,0,0,0,0,0,0,0,0,0,0,0,0,0,0
"13063","5","61169","77","0","2023","4","N",6,0,0,0,0,0,0,0,"N",0.50,0,0,0,0,0,0,0,"N",-3,-33.3,0,0,0,0,0,0,0,0,0,0,0,0,0,0
"13063","5","611691","78","0","2023","4","N",5,0,0,0,0,0,0,0,"N",0.96,0,0,0,0,0,0,0,"N",-2,-28.6,0,0,0,0,0,0,0,0,0,0,0,0,0,0
"13063","5","611699","78","0","2023","4","N",1,0,0,0,0,0,0,0,"N",0.18,0,0,0,0,0,0,0,"N",0,0.0,0,0,0,0,0,0,0,0,0,0,0,0,0,0
"13063","5","6117","76","0","2023","4","",4,14,13,12,273037,2000,54,1616,"",0.28,0.08,0.07,0.07,0.10,0.01,0.02,1.31,"N",0,0.0,0,0,0,0,0,0,0,0,0,0,0,0,0,0
"13063","5","61171","77","0","2023","4","",4,14,13,12,273037,2000,54,1616,"",0.28,0.08,0.07,0.07,0.10,0.01,0.02,1.31,"N",0,0.0,0,0,0,0,0,0,0,0,0,0,0,0,0,0
"13063","5","611710","78","0","2023","4","",4,14,13,12,273037,2000,54,1616,"",0.28,0.08,0.07,0.07,0.10,0.01,0.02,1.31,"N",0,0.0,0,0,0,0,0,0,0,0,0,0,0,0,0,0
"13063","5","62","74","0","2023","4","",519,8589,8555,8523,126086069,10710939,104663,1134,"",0.59,0.47,0.46,0.46,0.44,0.68,0.64,0.95,"",2,0.4,297,3.6,242,2.9,159,1.9,1086939,0.9,-562504,-5.0,-14344,-12.1,-21,-1.8
"13063","5","621","75","0","2023","4","",337,5189,5151,5114,88886851,5649466,54941,1327,"",1.03,0.71,0.70,0.69,0.64,0.76,0.72,0.92,"",-5,-1.5,230,4.6,163,3.3,32,0.6,601286,0.7,-598762,-9.6,-10409,-15.9,-29,-2.1
"13063","5","6211","76","0","2023","4","",112,1716,1689,1664,34741100,1649513,15898,1582,"",1.04,0.69,0.67,0.66,0.50,0.79,0.78,0.74,"",-6,-5.1,-194,-10.2,-221,-11.6,-258,-13.4,-3868410,-10.0,-745014,-31.1,-8537,-34.9,30,1.9
"13063","5","62111","77","0","2023","4","",112,1716,1689,1664,34741100,1649513,15898,1582,"",1.04,0.69,0.67,0.66,0.50,0.79,0.78,0.74,"",-6,-5.1,-194,-10.2,-221,-11.6,-258,-13.4,-3868410,-10.0,-745014,-31.1,-8537,-34.9,30,1.9
"13063","5","621111","78","0","2023","4","",102,1178,1158,1167,27049321,933354,7564,1782,"",1.01,0.49,0.48,0.47,0.40,0.47,0.39,0.83,"",-6,-5.6,-145,-11.0,-154,-11.7,-162,-12.2,-2570124,-8.7,-209241,-18.3,-4448,-37.0,58,3.4
"13063","5","621112","78","0","2023","4","",10,538,531,497,7691779,716159,8334,1133,"",1.46,7.84,7.68,7.14,5.78,8.83,8.83,0.77,"",0,0.0,-49,-8.3,-67,-11.2,-96,-16.2,-1298286,-14.4,-535773,-42.8,-4089,-32.9,-34,-2.9
"13063","5","6212","76","0","2023","4","",47,342,335,336,4863890,296053,1653,1108,"",0.76,0.39,0.38,0.38,0.34,0.26,0.16,0.88,"",2,4.4,16,4.9,8,2.4,4,1.2,-46280,-0.9,-180878,-37.9,-1145,-40.9,-42,-3.7
"13063","5","62121","77","0","2023","4","",47,342,335,336,4863890,296053,1653,1108,"",0.76,0.39,0.38,0.38,0.34,0.26,0.16,0.88,"",2,4.4,16,4.9,8,2.4,4,1.2,-46280,-0.9,-180878,-37.9,-1145,-40.9,-42,-3.7
"13063","5","621210","78","0","2023","4","",47,342,335,336,4863890,296053,1653,1108,"",0.76,0.39,0.38,0.38,0.34,0.26,0.16,0.88,"",2,4.4,16,4.9,8,2.4,4,1.2,-46280,-0.9,-180878,-37.9,-1145,-40.9,-42,-3.7
"13063","5","6213","76","0","2023","4","",62,1340,1342,1346,17725216,1444104,11880,1016,"",0.70,1.33,1.32,1.32,1.38,1.07,0.85,1.04,"",-4,-6.1,-34,-2.5,-22,-1.6,-30,-2.2,-1035682,-5.5,-232699,-13.9,-3709,-23.8,-36,-3.4
"13063","5","62131","77","0","2023","4","",15,51,49,51,1051844,112143,1145,1608,"",0.84,0.41,0.39,0.40,0.78,0.63,0.76,1.96,"",-2,-11.8,-17,-25.0,-16,-24.6,-18,-26.1,-289139,-21.6,-97940,-46.6,-1631,-58.8,76,5.0
"13063","5","621310","78","0","2023","4","",15,51,49,51,1051844,112143,1145,1608,"",0.84,0.41,0.39,0.40,0.78,0.63,0.76,1.96,"",-2,-11.8,-17,-25.0,-16,-24.6,-18,-26.1,-289139,-21.6,-97940,-46.6,-1631,-58.8,76,5.0
"13063","5","62132","77","0","2023","4","",10,119,121,120,1292699,145404,1829,829,"",1.03,0.92,0.94,0.92,0.75,0.88,1.37,0.82,"",-1,-9.1,-13,-9.8,-11,-8.3,-15,-11.1,-1214247,-48.4,-53832,-27.0,-339,-15.6,-621,-42.8
"13063","5","621320","78","0","2023","4","",10,119,121,120,1292699,145404,1829,829,"",1.03,0.92,0.94,0.92,0.75,0.88,1.37,0.82,"",-1,-9.1,-13,-9.8,-11,-8.3,-15,-11.1,-1214247,-48.4,-53832,-27.0,-339,-15.6,-621,-42.8
"13063","5","62133","77","0","2023","4","",8,31,31,31,354582,65458,1324,880,"",0.43,0.17,0.16,0.16,0.15,0.23,0.37,0.93,"N",1,14.3,0,0,0,0,0,0,0,0,0,0,0,0,0,0
"13063","5","621330","78","0","2023","4","",8,31,31,31,354582,65458,1324,880,"",0.43,0.17,0.16,0.16,0.15,0.23,0.37,0.93,"N",1,14.3,0,0,0,0,0,0,0,0,0,0,0,0,0,0
"13063","5","62134","77","0","2023","4","N",20,0,0,0,0,0,0,0,"N",0.88,0,0,0,0,0,0,0,"N",0,0.0,0,0,0,0,0,0,0,0,0,0,0,0,0,0
"13063","5","621340","78","0","2023","4","N",20,0,0,0,0,0,0,0,"N",0.88,0,0,0,0,0,0,0,"N",0,0.0,0,0,0,0,0,0,0,0,0,0,0,0,0,0
"13063","5","62139","77","0","2023","4","N",9,0,0,0,0,0,0,0,"N",0.46,0,0,0,0,0,0,0,"N",-2,-18.2,0,0,0,0,0,0,0,0,0,0,0,0,0,0
"13063","5","621391","78","0","2023","4","N",3,0,0,0,0,0,0,0,"N",0.98,0,0,0,0,0,0,0,"N",-1,-25.0,0,0,0,0,0,0,0,0,0,0,0,0,0,0
"13063","5","621399","78","0","2023","4","",6,10,11,9,121322,14360,31,933,"",0.37,0.08,0.08,0.07,0.06,0.08,0.01,0.81,"N",-1,-14.3,0,0,0,0,0,0,0,0,0,0,0,0,0,0
"13063","5","6214","76","0","2023","4","",29,789,790,790,23512955,639109,3650,2290,"",1.27,0.86,0.85,0.84,1.30,0.96,0.53,1.53,"",0,0.0,87,12.4,79,11.1,23,3.0,2171760,10.2,81248,14.6,-17,-0.5,31,1.4
"13063","5","62141","77","0","2023","4","N",1,0,0,0,0,0,0,0,"N",0.75,0,0,0,0,0,0,0,"N",0,0.0,0,0,0,0,0,0,0,0,0,0,0,0,0,0
"13063","5","621410","78","0","2023","4","N",1,0,0,0,0,0,0,0,"N",0.75,0,0,0,0,0,0,0,"N",0,0.0,0,0,0,0,0,0,0,0,0,0,0,0,0,0
"13063","5","62142","77","0","2023","4","N",4,0,0,0,0,0,0,0,"N",0.54,0,0,0,0,0,0,0,"N",1,33.3,0,0,0,0,0,0,0,0,0,0,0,0,0,0
"13063","5","621420","78","0","2023","4","N",4,0,0,0,0,0,0,0,"N",0.54,0,0,0,0,0,0,0,"N",1,33.3,0,0,0,0,0,0,0,0,0,0,0,0,0,0
"13063","5","62149","77","0","2023","4","",24,742,741,740,22931730,520532,3295,2381,"",1.69,1.15,1.15,1.13,1.62,1.20,0.76,1.41,"",-1,-4.0,66,9.8,55,8.0,-2,-0.3,1912952,9.1,-13918,-2.6,-156,-4.5,76,3.3
"13063","5","621491","78","0","2023","4","N",4,0,0,0,0,0,0,0,"N",2.99,0,0,0,0,0,0,0,"N",0,0.0,0,0,0,0,0,0,0,0,0,0,0,0,0,0
"13063","5","621492","78","0","2023","4","",11,161,155,154,2318221,165877,1178,1138,"",3.02,1.47,1.41,1.39,1.19,1.58,1.46,0.83,"",0,0.0,18,12.6,5,3.3,8,5.5,60247,2.7,-44708,-21.2,-114,-8.8,-49,-4.1
"13063","5","621493","78","0","2023","4","",7,55,55,54,827620,40598,724,1165,"",1.70,0.36,0.36,0.35,0.30,0.26,0.45,0.85,"",-1,-12.5,7,14.6,5,10.0,3,5.9,90120,12.2,-129,-0.3,-5,-0.7,23,2.0
"13063","5","621498","78","0","2023","4","N",2,0,0,0,0,0,0,0,"N",0.39,0,0,0,0,0,0,0,"N",0,0.0,0,0,0,0,0,0,0,0,0,0,0,0,0,0
"13063","5","6215","76","0","2023","4","",29,59,58,56,784052,46941,707,1046,"",2.17,0.22,0.22,0.21,0.16,0.19,0.27,0.72,"",2,7.4,-12,-16.9,-15,-20.5,-18,-24.3,-137130,-14.9,-120085,-71.9,-2591,-78.6,71,7.3
"13063","5","62151","77","0","2023","4","",29,59,58,56,784052,46941,707,1046,"",2.17,0.22,0.22,0.21,0.16,0.19,0.27,0.72,"",2,7.4,-12,-16.9,-15,-20.5,-18,-24.3,-137130,-14.9,-120085,-71.9,-2591,-78.6,71,7.3
"13063","5","621511","78","0","2023","4","N",27,0,0,0,0,0,0,0,"N",2.68,0,0,0,0,0,0,0,"N",2,8.0,0,0,0,0,0,0,0,0,0,0,0,0,0,0
"13063","5","621512","78","0","2023","4","N",2,0,0,0,0,0,0,0,"N",0.60,0,0,0,0,0,0,0,"N",0,0.0,0,0,0,0,0,0,0,0,0,0,0,0,0,0
"13063","5","6216","76","0","2023","4","",40,565,539,537,2977962,789548,12245,419,"",1.76,0.40,0.38,0.37,0.22,0.50,0.66,0.57,"",0,0.0,95,20.2,59,12.3,50,10.3,450973,17.8,91274,13.1,-255,-2.0,13,3.2
"13063","5","62161","77","0","2023","4","",40,565,539,537,2977962,789548,12245,419,"",1.76,0.40,0.38,0.37,0.22,0.50,0.66,0.57,"",0,0.0,95,20.2,59,12.3,50,10.3,450973,17.8,91274,13.1,-255,-2.0,13,3.2
"13063","5","621610","78","0","2023","4","",40,565,539,537,2977962,789548,12245,419,"",1.76,0.40,0.38,0.37,0.22,0.50,0.66,0.57,"",0,0.0,95,20.2,59,12.3,50,10.3,450973,17.8,91274,13.1,-255,-2.0,13,3.2
"13063","5","6219","76","0","2023","4","",18,378,398,385,4281676,784198,8908,851,"",1.93,1.26,1.32,1.27,0.91,2.55,2.80,0.71,"",1,5.9,272,256.6,275,223.6,261,210.5,3066055,252.2,507392,183.3,5845,190.8,56,7.0
"13063","5","62191","77","0","2023","4","",10,360,380,367,4132397,760354,8177,861,"",3.78,2.52,2.65,2.53,2.04,4.73,5.36,0.79,"N",-2,-16.7,0,0,0,0,0,0,0,0,0,0,0,0,0,0
"13063","5","621910","78","0","2023","4","",10,360,380,367,4132397,760354,8177,861,"",3.78,2.52,2.65,2.53,2.04,4.73,5.36,0.79,"N",-2,-16.7,0,0,0,0,0,0,0,0,0,0,0,0,0,0
"13063","5","62199","77","0","2023","4","",8,18,18,18,149279,23844,731,638,"",1.20,0.11,0.11,0.11,0.06,0.16,0.44,0.49,"N",3,60.0,0,0,0,0,0,0,0,0,0,0,0,0,0,0
"13063","5","621991","78","0","2023","4","-",0,0,0,0,0,0,0,0,"N",0.00,0,0,0,0,0,0,0,"N",0,0,0,0,0,0,0,0,0,0,0,0,0,0,0,0
"13063","5","621999","78","0","2023","4","",8,18,18,18,149279,23844,731,638,"",1.43,0.22,0.22,0.22,0.09,0.30,0.74,0.43,"N",3,60.0,0,0,0,0,0,0,0,0,0,0,0,0,0,0
"13063","5","622","75","0","2023","4","N",5,0,0,0,0,0,0,0,"N",0.73,0,0,0,0,0,0,0,"N",3,150.0,0,0,0,0,0,0,0,0,0,0,0,0,0,0
"13063","5","6221","76","0","2023","4","N",3,0,0,0,0,0,0,0,"N",0.59,0,0,0,0,0,0,0,"N",1,50.0,0,0,0,0,0,0,0,0,0,0,0,0,0,0
"13063","5","62211","77","0","2023","4","N",3,0,0,0,0,0,0,0,"N",0.59,0,0,0,0,0,0,0,"N",1,50.0,0,0,0,0,0,0,0,0,0,0,0,0,0,0
"13063","5","622110","78","0","2023","4","N",3,0,0,0,0,0,0,0,"N",0.59,0,0,0,0,0,0,0,"N",1,50.0,0,0,0,0,0,0,0,0,0,0,0,0,0,0
"13063","5","6222","76","0","2023","4","N",1,0,0,0,0,0,0,0,"N",1.44,0,0,0,0,0,0,0,"N",1,100.0,0,0,0,0,0,0,0,0,0,0,0,0,0,0
"13063","5","62221","77","0","2023","4","N",1,0,0,0,0,0,0,0,"N",1.44,0,0,0,0,0,0,0,"N",1,100.0,0,0,0,0,0,0,0,0,0,0,0,0,0,0
"13063","5","622210","78","0","2023","4","N",1,0,0,0,0,0,0,0,"N",1.44,0,0,0,0,0,0,0,"N",1,100.0,0,0,0,0,0,0,0,0,0,0,0,0,0,0
"13063","5","6223","76","0","2023","4","N",1,0,0,0,0,0,0,0,"N",0.89,0,0,0,0,0,0,0,"N",1,100.0,0,0,0,0,0,0,0,0,0,0,0,0,0,0
"13063","5","62231","77","0","2023","4","N",1,0,0,0,0,0,0,0,"N",0.89,0,0,0,0,0,0,0,"N",1,100.0,0,0,0,0,0,0,0,0,0,0,0,0,0,0
"13063","5","622310","78","0","2023","4","N",1,0,0,0,0,0,0,0,"N",0.89,0,0,0,0,0,0,0,"N",1,100.0,0,0,0,0,0,0,0,0,0,0,0,0,0,0
"13063","5","623","75","0","2023","4","N",30,0,0,0,0,0,0,0,"N",0.73,0,0,0,0,0,0,0,"N",0,0.0,0,0,0,0,0,0,0,0,0,0,0,0,0,0
"13063","5","6231","76","0","2023","4","",6,548,566,569,5578216,738530,6026,765,"",0.66,0.45,0.46,0.45,0.40,0.48,0.41,0.88,"",0,0.0,69,14.4,78,16.0,79,16.1,419706,8.1,51357,7.5,884,17.2,-52,-6.4
"13063","5","62311","77","0","2023","4","",6,548,566,569,5578216,738530,6026,765,"",0.66,0.45,0.46,0.45,0.40,0.48,0.41,0.88,"",0,0.0,69,14.4,78,16.0,79,16.1,419706,8.1,51357,7.5,884,17.2,-52,-6.4
"13063","5","623110","78","0","2023","4","",6,548,566,569,5578216,738530,6026,765,"",0.66,0.45,0.46,0.45,0.40,0.48,0.41,0.88,"",0,0.0,69,14.4,78,16.0,79,16.1,419706,8.1,51357,7.5,884,17.2,-52,-6.4
"13063","5","6232","76","0","2023","4","",8,79,77,79,781441,89953,1516,767,"",0.52,0.15,0.14,0.14,0.13,0.19,0.34,0.91,"",-1,-11.1,-21,-21.0,-17,-18.1,-15,-16.0,-252870,-24.4,-63270,-41.3,-1981,-56.6,-62,-7.5
"13063","5","62321","77","0","2023","4","N",4,0,0,0,0,0,0,0,"N",0.36,0,0,0,0,0,0,0,"N",0,0.0,0,0,0,0,0,0,0,0,0,0,0,0,0,0
"13063","5","623210","78","0","2023","4","N",4,0,0,0,0,0,0,0,"N",0.36,0,0,0,0,0,0,0,"N",0,0.0,0,0,0,0,0,0,0,0,0,0,0,0,0,0
"13063","5","62322","77","0","2023","4","N",4,0,0,0,0,0,0,0,"N",0.89,0,0,0,0,0,0,0,"N",-1,-20.0,0,0,0,0,0,0,0,0,0,0,0,0,0,0
"13063","5","623220","78","0","2023","4","N",4,0,0,0,0,0,0,0,"N",0.89,0,0,0,0,0,0,0,"N",-1,-20.0,0,0,0,0,0,0,0,0,0,0,0,0,0,0
"13063","5","6233","76","0","2023","4","",12,214,213,211,1952224,420624,6607,706,"",0.91,0.26,0.26,0.25,0.26,0.38,0.59,0.99,"",1,9.1,23,12.0,25,13.3,27,14.7,396372,25.5,124686,42.1,2120,47.2,68,10.7
"13063","5","62331","77","0","2023","4","",12,214,213,211,1952224,420624,6607,706,"",0.91,0.26,0.26,0.25,0.26,0.38,0.59,0.99,"",1,9.1,23,12.0,25,13.3,27,14.7,396372,25.5,124686,42.1,2120,47.2,68,10.7
"13063","5","623311","78","0","2023","4","N",2,0,0,0,0,0,0,0,"N",0.61,0,0,0,0,0,0,0,"N",0,0.0,0,0,0,0,0,0,0,0,0,0,0,0,0,0
"13063","5","623312","78","0","2023","4","N",10,0,0,0,0,0,0,0,"N",1.02,0,0,0,0,0,0,0,"N",1,11.1,0,0,0,0,0,0,0,0,0,0,0,0,0,0
"13063","5","6239","76","0","2023","4","N",4,0,0,0,0,0,0,0,"N",1.18,0,0,0,0,0,0,0,"N",0,0.0,0,0,0,0,0,0,0,0,0,0,0,0,0,0
"13063","5","62399","77","0","2023","4","N",4,0,0,0,0,0,0,0,"N",1.18,0,0,0,0,0,0,0,"N",0,0.0,0,0,0,0,0,0,0,0,0,0,0,0,0,0
"13063","5","623990","78","0","2023","4","N",4,0,0,0,0,0,0,0,"N",1.18,0,0,0,0,0,0,0,"N",0,0.0,0,0,0,0,0,0,0,0,0,0,0,0,0,0
"13063","5","624","75","0","2023","4","",147,1357,1371,1416,11213072,2378691,33919,624,"",0.29,0.36,0.36,0.37,0.36,0.57,0.68,1.00,"",4,2.8,-46,-3.3,0,0.0,37,2.7,439959,4.1,140232,6.3,-436,-1.3,25,4.2
"13063","5","6241","76","0","2023","4","",56,448,441,511,4122831,780853,18088,680,"",0.12,0.17,0.17,0.20,0.21,0.29,0.53,1.15,"",3,5.7,-4,-0.9,8,1.8,81,18.8,746497,22.1,156299,25.0,508,2.9,87,14.7
"13063","5","62411","77","0","2023","4","",9,73,66,66,737104,90156,1636,830,"",1.42,0.38,0.34,0.34,0.35,0.62,0.96,1.00,"",0,0.0,6,9.0,6,10.0,-3,-4.3,142023,23.9,-1540,-1.7,-385,-19.0,129,18.4
"13063","5","624110","78","0","2023","4","",9,73,66,66,737104,90156,1636,830,"",1.42,0.38,0.34,0.34,0.35,0.62,0.96,1.00,"",0,0.0,6,9.0,6,10.0,-3,-4.3,142023,23.9,-1540,-1.7,-385,-19.0,129,18.4
"13063","5","62412","77","0","2023","4","",32,280,279,329,2428964,513075,9390,631,"",0.07,0.14,0.14,0.17,0.19,0.24,0.35,1.27,"",3,10.3,22,8.5,27,10.7,87,36.0,665271,37.7,179652,53.9,4495,91.8,90,16.6
"13063","5","624120","78","0","2023","4","",32,280,279,329,2428964,513075,9390,631,"",0.07,0.14,0.14,0.17,0.19,0.24,0.35,1.27,"",3,10.3,22,8.5,27,10.7,87,36.0,665271,37.7,179652,53.9,4495,91.8,90,16.6
"13063","5","62419","77","0","2023","4","",15,95,96,116,956763,177622,7062,719,"",0.76,0.22,0.22,0.26,0.18,0.43,1.35,0.78,"",0,0.0,-32,-25.2,-25,-20.7,-3,-2.5,-60797,-6.0,-21813,-10.9,-3602,-33.8,79,12.3
"13063","5","624190","78","0","2023","4","",15,95,96,116,956763,177622,7062,719,"",0.76,0.22,0.22,0.26,0.18,0.43,1.35,0.78,"",0,0.0,-32,-25.2,-25,-20.7,-3,-2.5,-60797,-6.0,-21813,-10.9,-3602,-33.8,79,12.3
"13063","5","6242","76","0","2023","4","N",4,0,0,0,0,0,0,0,"N",0.61,0,0,0,0,0,0,0,"N",1,33.3,0,0,0,0,0,0,0,0,0,0,0,0,0,0
"13063","5","62422","77","0","2023","4","N",3,0,0,0,0,0,0,0,"N",0.85,0,0,0,0,0,0,0,"N",1,50.0,0,0,0,0,0,0,0,0,0,0,0,0,0,0
"13063","5","624221","78","0","2023","4","N",2,0,0,0,0,0,0,0,"N",1.04,0,0,0,0,0,0,0,"N",0,0.0,0,0,0,0,0,0,0,0,0,0,0,0,0,0
"13063","5","624229","78","0","2023","4","N",1,0,0,0,0,0,0,0,"N",0.63,0,0,0,0,0,0,0,"N",1,100.0,0,0,0,0,0,0,0,0,0,0,0,0,0,0
"13063","5","62423","77","0","2023","4","N",1,0,0,0,0,0,0,0,"N",0.85,0,0,0,0,0,0,0,"N",0,0.0,0,0,0,0,0,0,0,0,0,0,0,0,0,0
"13063","5","624230","78","0","2023","4","N",1,0,0,0,0,0,0,0,"N",0.85,0,0,0,0,0,0,0,"N",0,0.0,0,0,0,0,0,0,0,0,0,0,0,0,0,0
"13063","5","6243","76","0","2023","4","N",3,0,0,0,0,0,0,0,"N",0.69,0,0,0,0,0,0,0,"N",0,0.0,0,0,0,0,0,0,0,0,0,0,0,0,0,0
"13063","5","62431","77","0","2023","4","N",3,0,0,0,0,0,0,0,"N",0.69,0,0,0,0,0,0,0,"N",0,0.0,0,0,0,0,0,0,0,0,0,0,0,0,0,0
"13063","5","624310","78","0","2023","4","N",3,0,0,0,0,0,0,0,"N",0.69,0,0,0,0,0,0,0,"N",0,0.0,0,0,0,0,0,0,0,0,0,0,0,0,0,0
"13063","5","6244","76","0","2023","4","",84,860,882,856,6726629,1528496,15153,597,"",2.36,1.04,1.06,1.02,1.03,1.30,1.22,0.99,"",0,0.0,-31,-3.5,3,0.3,-31,-3.5,-231898,-3.3,801,0.1,-1509,-9.1,-7,-1.2
"13063","5","62441","77","0","2023","4","",84,860,882,856,6726629,1528496,15153,597,"",2.36,1.04,1.06,1.02,1.03,1.30,1.22,0.99,"",0,0.0,-31,-3.5,3,0.3,-31,-3.5,-231898,-3.3,801,0.1,-1509,-9.1,-7,-1.2
"13063","5","624410","78","0","2023","4","",84,860,882,856,6726629,1528496,15153,597,"",2.36,1.04,1.06,1.02,1.03,1.30,1.22,0.99,"",0,0.0,-31,-3.5,3,0.3,-31,-3.5,-231898,-3.3,801,0.1,-1509,-9.1,-7,-1.2
"13063","5","71","74","0","2023","4","",34,217,231,243,1270391,352749,5526,424,"",0.41,0.10,0.11,0.12,0.04,0.15,0.18,0.40,"",-1,-2.9,28,14.8,32,16.1,33,15.7,187257,17.3,-33267,-8.6,511,10.2,6,1.4
"13063","5","711","75","0","2023","4","",10,25,25,22,176462,27808,946,566,"",0.28,0.05,0.05,0.05,0.01,0.04,0.09,0.21,"",2,25.0,8,47.1,6,31.6,-1,-4.3,43179,32.4,-9480,-25.4,-237,-20.0,45,8.6
"13063","5","7111","76","0","2023","4","N",3,0,0,0,0,0,0,0,"N",0.51,0,0,0,0,0,0,0,"N",2,200.0,0,0,0,0,0,0,0,0,0,0,0,0,0,0
"13063","5","71113","77","0","2023","4","N",3,0,0,0,0,0,0,0,"N",1.10,0,0,0,0,0,0,0,"N",2,200.0,0,0,0,0,0,0,0,0,0,0,0,0,0,0
"13063","5","711130","78","0","2023","4","N",3,0,0,0,0,0,0,0,"N",1.10,0,0,0,0,0,0,0,"N",2,200.0,0,0,0,0,0,0,0,0,0,0,0,0,0,0
"13063","5","7112","76","0","2023","4","N",1,0,0,0,0,0,0,0,"N",0.26,0,0,0,0,0,0,0,"N",0,0.0,0,0,0,0,0,0,0,0,0,0,0,0,0,0
"13063","5","71121","77","0","2023","4","N",1,0,0,0,0,0,0,0,"N",0.26,0,0,0,0,0,0,0,"N",0,0.0,0,0,0,0,0,0,0,0,0,0,0,0,0,0
"13063","5","711211","78","0","2023","4","N",1,0,0,0,0,0,0,0,"N",0.61,0,0,0,0,0,0,0,"N",0,0.0,0,0,0,0,0,0,0,0,0,0,0,0,0,0
"13063","5","7113","76","0","2023","4","N",2,0,0,0,0,0,0,0,"N",0.40,0,0,0,0,0,0,0,"N",0,0.0,0,0,0,0,0,0,0,0,0,0,0,0,0,0
"13063","5","71131","77","0","2023","4","N",1,0,0,0,0,0,0,0,"N",0.47,0,0,0,0,0,0,0,"N",0,0.0,0,0,0,0,0,0,0,0,0,0,0,0,0,0
"13063","5","711310","78","0","2023","4","N",1,0,0,0,0,0,0,0,"N",0.47,0,0,0,0,0,0,0,"N",0,0.0,0,0,0,0,0,0,0,0,0,0,0,0,0,0
"13063","5","71132","77","0","2023","4","N",1,0,0,0,0,0,0,0,"N",0.35,0,0,0,0,0,0,0,"N",0,0.0,0,0,0,0,0,0,0,0,0,0,0,0,0,0
"13063","5","711320","78","0","2023","4","N",1,0,0,0,0,0,0,0,"N",0.35,0,0,0,0,0,0,0,"N",0,0.0,0,0,0,0,0,0,0,0,0,0,0,0,0,0
"13063","5","7114","76","0","2023","4","-",0,0,0,0,0,0,0,0,"N",0.00,0,0,0,0,0,0,0,"N",-1,-100.0,0,0,0,0,0,0,0,0,0,0,0,0,0,0
"13063","5","71141","77","0","2023","4","-",0,0,0,0,0,0,0,0,"N",0.00,0,0,0,0,0,0,0,"N",-1,-100.0,0,0,0,0,0,0,0,0,0,0,0,0,0,0
"13063","5","711410","78","0","2023","4","-",0,0,0,0,0,0,0,0,"N",0.00,0,0,0,0,0,0,0,"N",-1,-100.0,0,0,0,0,0,0,0,0,0,0,0,0,0,0
"13063","5","7115","76","0","2023","4","",4,5,5,4,60280,13030,547,994,"",0.22,0.09,0.09,0.07,0.02,0.12,0.33,0.19,"",1,33.3,1,25.0,1,25.0,-1,-20.0,7630,14.5,4790,58.1,202,58.6,59,6.3
"13063","5","71151","77","0","2023","4","",4,5,5,4,60280,13030,547,994,"",0.22,0.09,0.09,0.07,0.02,0.12,0.33,0.19,"",1,33.3,1,25.0,1,25.0,-1,-20.0,7630,14.5,4790,58.1,202,58.6,59,6.3
"13063","5","711510","78","0","2023","4","",4,5,5,4,60280,13030,547,994,"",0.22,0.09,0.09,0.07,0.02,0.12,0.33,0.19,"",1,33.3,1,25.0,1,25.0,-1,-20.0,7630,14.5,4790,58.1,202,58.6,59,6.3
"13063","5","713","75","0","2023","4","",24,192,206,221,1093929,324941,4580,408,"",0.55,0.13,0.14,0.15,0.10,0.20,0.23,0.70,"",-3,-11.1,20,11.6,26,14.4,34,18.2,144078,15.2,-23787,-6.8,748,19.5,1,0.2
"13063","5","7131","76","0","2023","4","N",1,0,0,0,0,0,0,0,"N",0.54,0,0,0,0,0,0,0,"N",0,0.0,0,0,0,0,0,0,0,0,0,0,0,0,0,0
"13063","5","71312","77","0","2023","4","N",1,0,0,0,0,0,0,0,"N",0.79,0,0,0,0,0,0,0,"N",0,0.0,0,0,0,0,0,0,0,0,0,0,0,0,0,0
"13063","5","713120","78","0","2023","4","N",1,0,0,0,0,0,0,0,"N",0.79,0,0,0,0,0,0,0,"N",0,0.0,0,0,0,0,0,0,0,0,0,0,0,0,0,0
"13063","5","7132","76","0","2023","4","N",1,0,0,0,0,0,0,0,"N",0.52,0,0,0,0,0,0,0,"N",0,0.0,0,0,0,0,0,0,0,0,0,0,0,0,0,0
"13063","5","71329","77","0","2023","4","N",1,0,0,0,0,0,0,0,"N",0.58,0,0,0,0,0,0,0,"N",0,0.0,0,0,0,0,0,0,0,0,0,0,0,0,0,0
"13063","5","713290","78","0","2023","4","N",1,0,0,0,0,0,0,0,"N",0.58,0,0,0,0,0,0,0,"N",0,0.0,0,0,0,0,0,0,0,0,0,0,0,0,0,0
"13063","5","7139","76","0","2023","4","",22,186,200,199,1065729,323741,4579,420,"",0.55,0.16,0.17,0.17,0.13,0.24,0.27,0.79,"",-3,-12.0,20,12.0,26,14.9,18,9.9,144228,15.7,-23637,-6.8,748,19.5,12,2.9
"13063","5","71391","77","0","2023","4","N",1,0,0,0,0,0,0,0,"N",0.20,0,0,0,0,0,0,0,"N",-1,-50.0,0,0,0,0,0,0,0,0,0,0,0,0,0,0
"13063","5","713910","78","0","2023","4","N",1,0,0,0,0,0,0,0,"N",0.20,0,0,0,0,0,0,0,"N",-1,-50.0,0,0,0,0,0,0,0,0,0,0,0,0,0,0
"13063","5","71393","77","0","2023","4","N",1,0,0,0,0,0,0,0,"N",0.55,0,0,0,0,0,0,0,"N",0,0.0,0,0,0,0,0,0,0,0,0,0,0,0,0,0
"13063","5","713930","78","0","2023","4","N",1,0,0,0,0,0,0,0,"N",0.55,0,0,0,0,0,0,0,"N",0,0.0,0,0,0,0,0,0,0,0,0,0,0,0,0,0
"13063","5","71394","77","0","2023","4","",14,86,93,99,426873,221646,3639,354,"",0.69,0.17,0.18,0.19,0.16,0.43,0.61,0.88,"",0,0.0,8,10.3,18,24.0,20,25.3,117761,38.1,22664,11.4,1193,48.8,47,15.3
"13063","5","713940","78","0","2023","4","",14,86,93,99,426873,221646,3639,354,"",0.69,0.17,0.18,0.19,0.16,0.43,0.61,0.88,"",0,0.0,8,10.3,18,24.0,20,25.3,117761,38.1,22664,11.4,1193,48.8,47,15.3
"13063","5","71395","77","0","2023","4","N",2,0,0,0,0,0,0,0,"N",1.28,0,0,0,0,0,0,0,"N",0,0.0,0,0,0,0,0,0,0,0,0,0,0,0,0,0
"13063","5","713950","78","0","2023","4","N",2,0,0,0,0,0,0,0,"N",1.28,0,0,0,0,0,0,0,"N",0,0.0,0,0,0,0,0,0,0,0,0,0,0,0,0,0
"13063","5","71399","77","0","2023","4","",4,20,20,18,287861,25816,364,1145,"",0.36,0.10,0.11,0.10,0.21,0.10,0.12,2.10,"",-2,-33.3,7,53.8,7,53.8,5,38.5,54835,23.5,9116,54.6,207,131.8,-234,-17.0
"13063","5","713990","78","0","2023","4","",4,20,20,18,287861,25816,364,1145,"",0.36,0.10,0.11,0.10,0.21,0.10,0.12,2.10,"",-2,-33.3,7,53.8,7,53.8,5,38.5,54835,23.5,9116,54.6,207,131.8,-234,-17.0
"13063","5","72","74","0","2023","4","",506,10302,10179,10244,72131630,17109332,204681,542,"",1.42,0.86,0.86,0.86,0.87,1.00,1.15,1.01,"",-30,-5.6,120,1.2,22,0.2,97,1.0,3576911,5.2,-1738834,-9.2,-20432,-9.1,23,4.4
"13063","5","721","75","0","2023","4","",72,841,825,818,7160013,1050582,10517,665,"",2.03,0.53,0.53,0.52,0.45,0.40,0.37,0.86,"",1,1.4,225,36.5,270,48.6,283,52.9,3248205,83.0,207788,24.7,-2859,-21.4,136,25.7
"13063","5","7211","76","0","2023","4","",72,841,825,818,7160013,1050582,10517,665,"",2.36,0.55,0.55,0.54,0.46,0.42,0.38,0.85,"",1,1.4,225,36.5,270,48.6,283,52.9,3248205,83.0,207788,24.7,-2859,-21.4,136,25.7
"13063","5","72111","77","0","2023","4","N",71,0,0,0,0,0,0,0,"N",2.55,0,0,0,0,0,0,0,"N",0,0.0,0,0,0,0,0,0,0,0,0,0,0,0,0,0
"13063","5","721110","78","0","2023","4","N",71,0,0,0,0,0,0,0,"N",2.55,0,0,0,0,0,0,0,"N",0,0.0,0,0,0,0,0,0,0,0,0,0,0,0,0,0
"13063","5","72119","77","0","2023","4","N",1,0,0,0,0,0,0,0,"N",0.40,0,0,0,0,0,0,0,"N",1,100.0,0,0,0,0,0,0,0,0,0,0,0,0,0,0
"13063","5","721199","78","0","2023","4","N",1,0,0,0,0,0,0,0,"N",0.71,0,0,0,0,0,0,0,"N",1,100.0,0,0,0,0,0,0,0,0,0,0,0,0,0,0
"13063","5","722","75","0","2023","4","",434,9461,9354,9426,64971617,16058750,194164,531,"",1.35,0.92,0.91,0.91,0.97,1.11,1.30,1.06,"",-31,-6.7,-105,-1.1,-248,-2.6,-186,-1.9,328706,0.5,-1946622,-10.8,-17573,-8.3,13,2.5
"13063","5","7223","76","0","2023","4","N",21,0,0,0,0,0,0,0,"N",0.92,0,0,0,0,0,0,0,"N",-1,-4.5,0,0,0,0,0,0,0,0,0,0,0,0,0,0
"13063","5","72231","77","0","2023","4","",15,2257,2193,2194,24881713,3774658,95015,864,"",1.30,4.65,4.55,4.63,5.58,5.14,5.59,1.21,"",4,36.4,178,8.6,94,4.5,140,6.8,2628566,11.8,-593450,-13.6,-12767,-11.8,40,4.9
"13063","5","722310","78","0","2023","4","",15,2257,2193,2194,24881713,3774658,95015,864,"",1.30,4.65,4.55,4.63,5.58,5.14,5.59,1.21,"",4,36.4,178,8.6,94,4.5,140,6.8,2628566,11.8,-593450,-13.6,-12767,-11.8,40,4.9
"13063","5","72232","77","0","2023","4","N",6,0,0,0,0,0,0,0,"N",0.96,0,0,0,0,0,0,0,"N",-5,-45.5,0,0,0,0,0,0,0,0,0,0,0,0,0,0
"13063","5","722320","78","0","2023","4","N",6,0,0,0,0,0,0,0,"N",0.96,0,0,0,0,0,0,0,"N",-5,-45.5,0,0,0,0,0,0,0,0,0,0,0,0,0,0
"13063","5","7224","76","0","2023","4","N",7,0,0,0,0,0,0,0,"N",0.36,0,0,0,0,0,0,0,"N",-4,-36.4,0,0,0,0,0,0,0,0,0,0,0,0,0,0
"13063","5","72241","77","0","2023","4","N",7,0,0,0,0,0,0,0,"N",0.36,0,0,0,0,0,0,0,"N",-4,-36.4,0,0,0,0,0,0,0,0,0,0,0,0,0,0
"13063","5","722410","78","0","2023","4","N",7,0,0,0,0,0,0,0,"N",0.36,0,0,0,0,0,0,0,"N",-4,-36.4,0,0,0,0,0,0,0,0,0,0,0,0,0,0
"13063","5","7225","76","0","2023","4","",406,6976,6931,7021,38669643,11844749,91474,426,"",1.46,0.75,0.75,0.75,0.66,0.92,0.75,0.87,"",-26,-6.0,-309,-4.2,-377,-5.2,-339,-4.6,-2649806,-6.4,-1441423,-10.8,-6412,-6.6,-8,-1.8
"13063","5","72251","77","0","2023","4","",406,6976,6931,7021,38669643,11844749,91474,426,"",1.46,0.75,0.75,0.75,0.66,0.92,0.75,0.87,"",-26,-6.0,-309,-4.2,-377,-5.2,-339,-4.6,-2649806,-6.4,-1441423,-10.8,-6412,-6.6,-8,-1.8
"13063","5","722511","78","0","2023","4","",126,2874,2934,2960,18103292,4348530,30055,476,"",1.05,0.64,0.65,0.65,0.56,0.68,0.46,0.86,"",-8,-6.0,-376,-11.6,-349,-10.6,-450,-13.2,-3222111,-15.1,-1200936,-21.6,-4701,-13.5,-19,-3.8
"13063","5","722513","78","0","2023","4","",247,3587,3489,3525,17572752,6575422,53266,383,"",2.06,0.92,0.89,0.89,0.82,1.23,1.19,0.91,"",-13,-5.0,162,4.7,78,2.3,182,5.4,1357586,8.4,58967,0.9,678,1.3,15,4.1
"13063","5","722514","78","0","2023","4","",8,189,185,178,936465,259947,1685,391,"",3.35,2.93,2.86,2.75,2.29,3.34,2.22,0.80,"",-3,-27.3,-10,-5.0,-14,-7.0,-21,-10.6,-68721,-6.8,-106419,-29.0,-970,-36.5,2,0.5
"13063","5","722515","78","0","2023","4","",25,326,323,358,2057134,660850,6468,471,"",0.68,0.41,0.41,0.46,0.45,0.61,0.57,1.06,"",-2,-7.4,-85,-20.7,-92,-22.2,-50,-12.3,-716560,-25.8,-193035,-22.6,-1419,-18.0,-48,-9.2
"13063","5","81","74","0","2023","4","",330,2070,2112,2153,25265194,2653800,24218,920,"",0.82,0.53,0.54,0.54,0.51,0.61,0.51,0.95,"",-38,-10.3,391,23.3,455,27.5,483,28.9,5780051,29.7,506554,23.6,-3001,-11.0,22,2.4
"13063","5","811","75","0","2023","4","",163,1087,1086,1079,15278548,1167675,12765,1084,"",1.45,0.88,0.88,0.87,0.85,0.76,0.79,0.97,"",-20,-10.9,89,8.9,101,10.3,84,8.4,1916061,14.3,107041,10.1,-1740,-12.0,49,4.7
"13063","5","8111","76","0","2023","4","",134,827,816,809,11110138,869606,10114,1046,"",1.70,0.95,0.94,0.92,0.98,0.78,0.92,1.05,"",-19,-12.4,78,10.4,70,9.4,47,6.2,1351708,13.9,42228,5.1,-1066,-9.5,48,4.8
"13063","5","81111","77","0","2023","4","",77,391,392,386,6171720,313646,3258,1218,"",1.76,1.04,1.05,1.02,1.19,0.67,0.71,1.15,"",-12,-13.5,57,17.1,61,18.4,44,12.9,1125658,22.3,54183,20.9,663,25.5,62,5.4
"13063","5","811111","78","0","2023","4","",63,346,348,341,5653598,281750,3003,1261,"",1.61,1.03,1.04,1.01,1.22,0.67,0.72,1.19,"",-11,-14.9,54,18.5,57,19.6,40,13.3,1046929,22.7,57159,25.5,637,26.9,58,4.8
"13063","5","811114","78","0","2023","4","",14,45,44,45,518122,31896,255,892,"",2.95,1.17,1.15,1.16,0.98,0.73,0.62,0.85,"",-1,-6.7,3,7.1,4,10.0,4,9.8,78729,17.9,-2976,-8.5,26,11.4,68,8.3
"13063","5","81112","77","0","2023","4","",31,179,174,170,2672473,163474,2182,1179,"",1.61,0.71,0.69,0.67,0.67,0.54,0.72,0.97,"",-6,-16.2,-26,-12.7,-27,-13.4,-33,-16.3,-391194,-12.8,-55759,-25.4,-834,-27.7,18,1.6
"13063","5","811121","78","0","2023","4","N",27,0,0,0,0,0,0,0,"N",1.67,0,0,0,0,0,0,0,"N",-4,-12.9,0,0,0,0,0,0,0,0,0,0,0,0,0,0
"13063","5","811122","78","0","2023","4","N",4,0,0,0,0,0,0,0,"N",1.29,0,0,0,0,0,0,0,"N",-2,-33.3,0,0,0,0,0,0,0,0,0,0,0,0,0,0
"13063","5","81119","77","0","2023","4","",26,257,250,253,2265945,392486,4674,688,"",1.65,1.05,1.03,1.03,1.07,1.13,1.36,1.03,"",-1,-3.7,47,22.4,36,16.8,36,16.6,617244,37.4,43804,12.6,-895,-16.1,94,15.8
"13063","5","811191","78","0","2023","4","N",10,0,0,0,0,0,0,0,"N",2.80,0,0,0,0,0,0,0,"N",1,11.1,0,0,0,0,0,0,0,0,0,0,0,0,0,0
"13063","5","811192","78","0","2023","4","",13,118,114,122,965037,220030,2723,629,"",1.48,0.75,0.73,0.78,0.81,1.03,1.29,1.07,"N",-1,-7.1,0,0,0,0,0,0,0,0,0,0,0,0,0,0
"13063","5","811198","78","0","2023","4","N",3,0,0,0,0,0,0,0,"N",0.89,0,0,0,0,0,0,0,"N",-1,-25.0,0,0,0,0,0,0,0,0,0,0,0,0,0,0
"13063","5","8112","76","0","2023","4","",6,125,129,126,1905758,119979,1153,1157,"",0.81,1.39,1.44,1.39,1.11,1.43,1.21,0.79,"",1,20.0,-1,-0.8,9,7.5,14,12.5,158279,9.1,14974,14.3,551,91.5,31,2.8
"13063","5","81121","77","0","2023","4","",6,125,129,126,1905758,119979,1153,1157,"",0.81,1.39,1.44,1.39,1.11,1.43,1.21,0.79,"",1,20.0,-1,-0.8,9,7.5,14,12.5,158279,9.1,14974,14.3,551,91.5,31,2.8
"13063","5","811210","78","0","2023","4","",6,125,129,126,1905758,119979,1153,1157,"",0.81,1.39,1.44,1.39,1.11,1.43,1.21,0.79,"",1,20.0,-1,-0.8,9,7.5,14,12.5,158279,9.1,14974,14.3,551,91.5,31,2.8
"13063","5","8113","76","0","2023","4","",14,101,106,108,1747685,152052,1210,1280,"",0.98,0.49,0.52,0.53,0.42,0.63,0.37,0.82,"",-3,-17.6,12,13.5,18,20.5,17,18.7,328164,23.1,63559,71.8,-541,-30.9,58,4.7
"13063","5","81131","77","0","2023","4","",14,101,106,108,1747685,152052,1210,1280,"",0.98,0.49,0.52,0.53,0.42,0.63,0.37,0.82,"",-3,-17.6,12,13.5,18,20.5,17,18.7,328164,23.1,63559,71.8,-541,-30.9,58,4.7
"13063","5","811310","78","0","2023","4","",14,101,106,108,1747685,152052,1210,1280,"",0.98,0.49,0.52,0.53,0.42,0.63,0.37,0.82,"",-3,-17.6,12,13.5,18,20.5,17,18.7,328164,23.1,63559,71.8,-541,-30.9,58,4.7
"13063","5","8114","76","0","2023","4","",9,34,35,36,514967,26038,288,1132,"",0.78,0.46,0.48,0.50,0.58,0.30,0.30,1.20,"",1,12.5,0,0.0,4,12.9,6,20.0,77910,17.8,-13720,-34.5,-684,-70.4,70,6.6
"13063","5","81141","77","0","2023","4","",6,31,30,31,491125,18158,92,1232,"",1.59,1.22,1.18,1.23,1.50,0.60,0.28,1.24,"",0,0.0,1,3.3,2,7.1,4,14.8,75102,18.1,-20341,-52.8,-879,-90.5,103,9.1
"13063","5","811412","78","0","2023","4","",6,31,30,31,491125,18158,92,1232,"",2.12,1.53,1.47,1.52,1.79,0.75,0.36,1.19,"",0,0.0,1,3.3,2,7.1,4,14.8,75102,18.1,-20341,-52.8,-879,-90.5,103,9.1
"13063","5","81142","77","0","2023","4","N",1,0,0,0,0,0,0,0,"N",0.61,0,0,0,0,0,0,0,"N",1,100.0,0,0,0,0,0,0,0,0,0,0,0,0,0,0
"13063","5","811420","78","0","2023","4","N",1,0,0,0,0,0,0,0,"N",0.61,0,0,0,0,0,0,0,"N",1,100.0,0,0,0,0,0,0,0,0,0,0,0,0,0,0
"13063","5","81143","77","0","2023","4","N",1,0,0,0,0,0,0,0,"N",3.08,0,0,0,0,0,0,0,"N",0,0.0,0,0,0,0,0,0,0,0,0,0,0,0,0,0
"13063","5","811430","78","0","2023","4","N",1,0,0,0,0,0,0,0,"N",3.08,0,0,0,0,0,0,0,"N",0,0.0,0,0,0,0,0,0,0,0,0,0,0,0,0,0
"13063","5","81149","77","0","2023","4","N",1,0,0,0,0,0,0,0,"N",0.17,0,0,0,0,0,0,0,"N",0,0.0,0,0,0,0,0,0,0,0,0,0,0,0,0,0
"13063","5","811490","78","0","2023","4","N",1,0,0,0,0,0,0,0,"N",0.17,0,0,0,0,0,0,0,"N",0,0.0,0,0,0,0,0,0,0,0,0,0,0,0,0,0
"13063","5","812","75","0","2023","4","",124,837,874,920,7686347,1280116,8632,674,"",1.04,0.64,0.66,0.69,0.64,0.77,0.48,0.97,"",-11,-8.1,308,58.2,351,67.1,382,71.0,3421708,80.2,411155,47.3,2134,32.8,55,8.9
"13063","5","8121","76","0","2023","4","",65,150,157,155,1273167,163301,2531,636,"",0.94,0.24,0.25,0.25,0.25,0.20,0.28,1.03,"",-8,-11.0,9,6.4,26,19.8,13,9.2,282426,28.5,-67039,-29.1,-934,-27.0,84,15.2
"13063","5","81211","77","0","2023","4","",59,137,137,136,1112872,154152,2297,626,"",1.09,0.29,0.29,0.29,0.30,0.26,0.35,1.03,"N",-7,-10.6,0,0,0,0,0,0,0,0,0,0,0,0,0,0
"13063","5","812111","78","0","2023","4","N",3,0,0,0,0,0,0,0,"N",0.84,0,0,0,0,0,0,0,"N",0,0.0,0,0,0,0,0,0,0,0,0,0,0,0,0,0
"13063","5","812112","78","0","2023","4","",36,110,110,108,911857,138502,1954,642,"",1.02,0.35,0.35,0.34,0.34,0.36,0.50,0.99,"",-9,-20.0,8,7.8,16,17.0,9,9.1,244663,36.7,-31001,-18.3,-45,-2.3,120,23.0
"13063","5","812113","78","0","2023","4","N",20,0,0,0,0,0,0,0,"N",1.33,0,0,0,0,0,0,0,"N",2,11.1,0,0,0,0,0,0,0,0,0,0,0,0,0,0
"13063","5","81219","77","0","2023","4","",6,13,20,19,160295,9149,234,711,"",0.40,0.08,0.13,0.12,0.12,0.04,0.09,1.10,"N",-1,-14.3,0,0,0,0,0,0,0,0,0,0,0,0,0,0
"13063","5","812191","78","0","2023","4","N",1,0,0,0,0,0,0,0,"N",0.83,0,0,0,0,0,0,0,"N",0,0.0,0,0,0,0,0,0,0,0,0,0,0,0,0,0
"13063","5","812199","78","0","2023","4","N",5,0,0,0,0,0,0,0,"N",0.36,0,0,0,0,0,0,0,"N",-1,-16.7,0,0,0,0,0,0,0,0,0,0,0,0,0,0
"13063","5","8122","76","0","2023","4","",11,38,42,42,380719,44567,870,720,"",1.33,0.33,0.36,0.36,0.27,0.44,0.98,0.78,"",0,0.0,-12,-24.0,-12,-22.2,-13,-23.6,-159468,-29.5,-2109,-4.5,336,62.9,-64,-8.2
"13063","5","81221","77","0","2023","4","N",8,0,0,0,0,0,0,0,"N",1.27,0,0,0,0,0,0,0,"N",1,14.3,0,0,0,0,0,0,0,0,0,0,0,0,0,0
"13063","5","812210","78","0","2023","4","N",8,0,0,0,0,0,0,0,"N",1.27,0,0,0,0,0,0,0,"N",1,14.3,0,0,0,0,0,0,0,0,0,0,0,0,0,0
"13063","5","81222","77","0","2023","4","N",3,0,0,0,0,0,0,0,"N",1.50,0,0,0,0,0,0,0,"N",-1,-25.0,0,0,0,0,0,0,0,0,0,0,0,0,0,0
"13063","5","812220","78","0","2023","4","N",3,0,0,0,0,0,0,0,"N",1.50,0,0,0,0,0,0,0,"N",-1,-25.0,0,0,0,0,0,0,0,0,0,0,0,0,0,0
"13063","5","8123","76","0","2023","4","",29,96,95,94,540069,137368,1104,437,"",2.28,0.44,0.43,0.42,0.24,0.50,0.43,0.55,"",-2,-6.5,-1,-1.0,0,0.0,3,3.3,50260,10.3,9376,7.3,108,10.8,38,9.5
"13063","5","81231","77","0","2023","4","N",12,0,0,0,0,0,0,0,"N",2.67,0,0,0,0,0,0,0,"N",-2,-14.3,0,0,0,0,0,0,0,0,0,0,0,0,0,0
"13063","5","812310","78","0","2023","4","N",12,0,0,0,0,0,0,0,"N",2.67,0,0,0,0,0,0,0,"N",-2,-14.3,0,0,0,0,0,0,0,0,0,0,0,0,0,0
"13063","5","81232","77","0","2023","4","",16,58,57,53,361662,89815,898,497,"",2.31,0.74,0.73,0.67,0.61,0.94,1.06,0.85,"",0,0.0,4,7.4,6,11.8,2,3.9,55644,18.2,15208,20.4,640,248.1,44,9.7
"13063","5","812320","78","0","2023","4","",16,58,57,53,361662,89815,898,497,"",2.31,0.74,0.73,0.67,0.61,0.94,1.06,0.85,"",0,0.0,4,7.4,6,11.8,2,3.9,55644,18.2,15208,20.4,640,248.1,44,9.7
"13063","5","81233","77","0","2023","4","N",1,0,0,0,0,0,0,0,"N",0.77,0,0,0,0,0,0,0,"N",0,0.0,0,0,0,0,0,0,0,0,0,0,0,0,0,0
"13063","5","812331","78","0","2023","4","N",1,0,0,0,0,0,0,0,"N",1.53,0,0,0,0,0,0,0,"N",0,0.0,0,0,0,0,0,0,0,0,0,0,0,0,0,0
"13063","5","8129","76","0","2023","4","",19,553,580,629,5492392,934880,4127,719,"",0.65,1.56,1.63,1.75,1.69,1.95,0.78,1.03,"",-1,-5.0,312,129.5,337,138.7,379,151.6,3248490,144.8,470927,101.5,2624,174.6,14,2.0
"13063","5","81291","77","0","2023","4","N",7,0,0,0,0,0,0,0,"N",0.59,0,0,0,0,0,0,0,"N",1,16.7,0,0,0,0,0,0,0,0,0,0,0,0,0,0
"13063","5","812910","78","0","2023","4","N",7,0,0,0,0,0,0,0,"N",0.59,0,0,0,0,0,0,0,"N",1,16.7,0,0,0,0,0,0,0,0,0,0,0,0,0,0
"13063","5","81293","77","0","2023","4","N",6,0,0,0,0,0,0,0,"N",1.70,0,0,0,0,0,0,0,"N",2,50.0,0,0,0,0,0,0,0,0,0,0,0,0,0,0
"13063","5","812930","78","0","2023","4","N",6,0,0,0,0,0,0,0,"N",1.70,0,0,0,0,0,0,0,"N",2,50.0,0,0,0,0,0,0,0,0,0,0,0,0,0,0
"13063","5","81299","77","0","2023","4","",6,170,189,211,2004685,460542,2132,812,"",0.45,2.10,2.34,2.61,1.90,4.14,1.46,0.81,"",-4,-40.0,123,261.7,141,293.8,162,330.6,1173054,141.1,390136,554.1,1819,581.2,-521,-39.1
"13063","5","812990","78","0","2023","4","",6,170,189,211,2004685,460542,2132,812,"",0.45,2.10,2.34,2.61,1.90,4.14,1.46,0.81,"",-4,-40.0,123,261.7,141,293.8,162,330.6,1173054,141.1,390136,554.1,1819,581.2,-521,-39.1
"13063","5","813","75","0","2023","4","",33,136,142,144,2174720,188866,2395,1189,"",0.41,0.11,0.12,0.12,0.12,0.21,0.23,1.05,"",-5,-13.2,-4,-2.9,5,3.6,19,15.2,442325,25.5,-16622,-8.1,-2836,-54.2,195,19.6
"13063","5","8131","76","0","2023","4","N",8,0,0,0,0,0,0,0,"N",0.68,0,0,0,0,0,0,0,"N",-3,-27.3,0,0,0,0,0,0,0,0,0,0,0,0,0,0
"13063","5","81311","77","0","2023","4","N",8,0,0,0,0,0,0,0,"N",0.68,0,0,0,0,0,0,0,"N",-3,-27.3,0,0,0,0,0,0,0,0,0,0,0,0,0,0
"13063","5","813110","78","0","2023","4","N",8,0,0,0,0,0,0,0,"N",0.68,0,0,0,0,0,0,0,"N",-3,-27.3,0,0,0,0,0,0,0,0,0,0,0,0,0,0
"13063","5","8132","76","0","2023","4","-",0,0,0,0,0,0,0,0,"N",0.00,0,0,0,0,0,0,0,"N",-1,-100.0,0,0,0,0,0,0,0,0,0,0,0,0,0,0
"13063","5","81321","77","0","2023","4","-",0,0,0,0,0,0,0,0,"N",0.00,0,0,0,0,0,0,0,"N",-1,-100.0,0,0,0,0,0,0,0,0,0,0,0,0,0,0
"13063","5","813211","78","0","2023","4","-",0,0,0,0,0,0,0,0,"N",0.00,0,0,0,0,0,0,0,"N",-1,-100.0,0,0,0,0,0,0,0,0,0,0,0,0,0,0
"13063","5","8133","76","0","2023","4","",6,34,35,37,269841,48317,1293,587,"",0.37,0.15,0.16,0.16,0.07,0.23,0.50,0.47,"",0,0.0,3,9.7,2,6.1,6,19.4,105209,63.9,1105,2.3,44,3.5,187,46.8
"13063","5","81331","77","0","2023","4","",6,34,35,37,269841,48317,1293,587,"",0.37,0.15,0.16,0.16,0.07,0.23,0.50,0.47,"",0,0.0,3,9.7,2,6.1,6,19.4,105209,63.9,1105,2.3,44,3.5,187,46.8
"13063","5","813311","78","0","2023","4","",3,22,23,21,164940,20194,654,577,"",0.97,0.44,0.46,0.42,0.20,0.51,1.30,0.47,"N",1,50.0,0,0,0,0,0,0,0,0,0,0,0,0,0,0
"13063","5","813312","78","0","2023","4","N",1,0,0,0,0,0,0,0,"N",0.24,0,0,0,0,0,0,0,"N",0,0.0,0,0,0,0,0,0,0,0,0,0,0,0,0,0
"13063","5","813319","78","0","2023","4","N",2,0,0,0,0,0,0,0,"N",0.23,0,0,0,0,0,0,0,"N",-1,-33.3,0,0,0,0,0,0,0,0,0,0,0,0,0,0
"13063","5","8134","76","0","2023","4","N",2,0,0,0,0,0,0,0,"N",0.16,0,0,0,0,0,0,0,"N",-2,-50.0,0,0,0,0,0,0,0,0,0,0,0,0,0,0
"13063","5","81341","77","0","2023","4","N",2,0,0,0,0,0,0,0,"N",0.16,0,0,0,0,0,0,0,"N",-2,-50.0,0,0,0,0,0,0,0,0,0,0,0,0,0,0
"13063","5","813410","78","0","2023","4","N",2,0,0,0,0,0,0,0,"N",0.16,0,0,0,0,0,0,0,"N",-2,-50.0,0,0,0,0,0,0,0,0,0,0,0,0,0,0
"13063","5","8139","76","0","2023","4","",17,83,88,88,1739874,58163,437,1550,"",0.57,0.23,0.24,0.24,0.24,0.19,0.13,1.03,"",1,6.2,-7,-7.8,3,3.5,13,17.3,323602,22.8,-23904,-29.1,-2826,-86.6,243,18.6
"13063","5","81391","77","0","2023","4","",7,36,36,35,811242,20284,20,1750,"",0.72,0.36,0.36,0.35,0.31,0.26,0.03,0.88,"",1,16.7,2,5.9,2,5.9,0,0.0,192237,31.1,-24750,-55.0,-2588,-99.2,363,26.2
"13063","5","813910","78","0","2023","4","",7,36,36,35,811242,20284,20,1750,"",0.72,0.36,0.36,0.35,0.31,0.26,0.03,0.88,"",1,16.7,2,5.9,2,5.9,0,0.0,192237,31.1,-24750,-55.0,-2588,-99.2,363,26.2
"13063","5","81392","77","0","2023","4","N",1,0,0,0,0,0,0,0,"N",0.19,0,0,0,0,0,0,0,"N",0,0.0,0,0,0,0,0,0,0,0,0,0,0,0,0,0
"13063","5","813920","78","0","2023","4","N",1,0,0,0,0,0,0,0,"N",0.19,0,0,0,0,0,0,0,"N",0,0.0,0,0,0,0,0,0,0,0,0,0,0,0,0,0
"13063","5","81393","77","0","2023","4","",6,43,48,49,840600,35332,393,1386,"",1.03,0.47,0.53,0.52,0.66,0.46,0.49,1.31,"",0,0.0,-12,-21.8,-2,-4.0,10,25.6,77196,10.1,-262,-0.7,-246,-38.5,163,13.3
"13063","5","813930","78","0","2023","4","",6,43,48,49,840600,35332,393,1386,"",1.03,0.47,0.53,0.52,0.66,0.46,0.49,1.31,"",0,0.0,-12,-21.8,-2,-4.0,10,25.6,77196,10.1,-262,-0.7,-246,-38.5,163,13.3
"13063","5","81394","77","0","2023","4","N",1,0,0,0,0,0,0,0,"N",0.58,0,0,0,0,0,0,0,"N",0,0.0,0,0,0,0,0,0,0,0,0,0,0,0,0,0
"13063","5","813940","78","0","2023","4","N",1,0,0,0,0,0,0,0,"N",0.58,0,0,0,0,0,0,0,"N",0,0.0,0,0,0,0,0,0,0,0,0,0,0,0,0,0
"13063","5","81399","77","0","2023","4","N",2,0,0,0,0,0,0,0,"N",0.29,0,0,0,0,0,0,0,"N",0,0.0,0,0,0,0,0,0,0,0,0,0,0,0,0,0
"13063","5","813990","78","0","2023","4","N",2,0,0,0,0,0,0,0,"N",0.29,0,0,0,0,0,0,0,"N",0,0.0,0,0,0,0,0,0,0,0,0,0,0,0,0,0
"13063","5","814","75","0","2023","4","",10,10,10,10,125579,17143,426,966,"",0.11,0.06,0.06,0.06,0.07,0.07,0.14,1.23,"",-2,-16.7,-2,-16.7,-2,-16.7,-2,-16.7,-43,0.0,4980,40.9,-559,-56.8,161,20.0
"13063","5","8141","76","0","2023","4","",10,10,10,10,125579,17143,426,966,"",0.11,0.06,0.06,0.06,0.07,0.07,0.14,1.23,"",-2,-16.7,-2,-16.7,-2,-16.7,-2,-16.7,-43,0.0,4980,40.9,-559,-56.8,161,20.0
"13063","5","81411","77","0","2023","4","",10,10,10,10,125579,17143,426,966,"",0.11,0.06,0.06,0.06,0.07,0.07,0.14,1.23,"",-2,-16.7,-2,-16.7,-2,-16.7,-2,-16.7,-43,0.0,4980,40.9,-559,-56.8,161,20.0
"13063","5","814110","78","0","2023","4","",10,10,10,10,125579,17143,426,966,"",0.11,0.06,0.06,0.06,0.07,0.07,0.14,1.23,"",-2,-16.7,-2,-16.7,-2,-16.7,-2,-16.7,-43,0.0,4980,40.9,-559,-56.8,161,20.0
"13063","5","99","74","0","2023","4","",916,272,279,282,4019519,412362,10333,1114,"",5.91,1.16,1.15,1.13,0.77,0.64,0.79,0.68,"",22,2.5,-54,-16.6,-42,-13.1,-67,-19.2,-258669,-6.0,-466958,-53.1,-12645,-55.0,123,12.4
"13063","5","999","75","0","2023","4","",916,272,279,282,4019519,412362,10333,1114,"",5.91,1.16,1.15,1.13,0.77,0.64,0.79,0.68,"",22,2.5,-54,-16.6,-42,-13.1,-67,-19.2,-258669,-6.0,-466958,-53.1,-12645,-55.0,123,12.4
"13063","5","9999","76","0","2023","4","",916,272,279,282,4019519,412362,10333,1114,"",5.91,1.16,1.15,1.13,0.77,0.64,0.79,0.68,"",22,2.5,-54,-16.6,-42,-13.1,-67,-19.2,-258669,-6.0,-466958,-53.1,-12645,-55.0,123,12.4
"13063","5","99999","77","0","2023","4","",916,272,279,282,4019519,412362,10333,1114,"",5.91,1.16,1.15,1.13,0.77,0.64,0.79,0.68,"",22,2.5,-54,-16.6,-42,-13.1,-67,-19.2,-258669,-6.0,-466958,-53.1,-12645,-55.0,123,12.4
"13063","5","999999","78","0","2023","4","",916,272,279,282,4019519,412362,10333,1114,"",5.91,1.16,1.15,1.13,0.77,0.64,0.79,0.68,"",22,2.5,-54,-16.6,-42,-13.1,-67,-19.2,-258669,-6.0,-466958,-53.1,-12645,-55.0,123,12.4
