"area_fips","own_code","industry_code","agglvl_code","size_code","year","qtr","disclosure_code","qtrly_estabs","month1_emplvl","month2_emplvl","month3_emplvl","total_qtrly_wages","taxable_qtrly_wages","qtrly_contributions","avg_wkly_wage","lq_disclosure_code","lq_qtrly_estabs","lq_month1_emplvl","lq_month2_emplvl","lq_month3_emplvl","lq_total_qtrly_wages","lq_taxable_qtrly_wages","lq_qtrly_contributions","lq_avg_wkly_wage","oty_disclosure_code","oty_qtrly_estabs_chg","oty_qtrly_estabs_pct_chg","oty_month1_emplvl_chg","oty_month1_emplvl_pct_chg","oty_month2_emplvl_chg","oty_month2_emplvl_pct_chg","oty_month3_emplvl_chg","oty_month3_emplvl_pct_chg","oty_total_qtrly_wages_chg","oty_total_qtrly_wages_pct_chg","oty_taxable_qtrly_wages_chg","oty_taxable_qtrly_wages_pct_chg","oty_qtrly_contributions_chg","oty_qtrly_contributions_pct_chg","oty_avg_wkly_wage_chg","oty_avg_wkly_wage_pct_chg"
"13097","0","10","70","0","2025","4","",3482,49087,49084,49146,768240848,52471607,568639,1203,"",1.00,1.00,1.00,1.00,1.00,1.00,1.00,1.00,"",-47,-1.3,-1740,-3.4,-2168,-4.2,-2623,-5.1,-32239591,-4.0,-8821497,-14.4,-169244,-22.9,2,0.2
"13097","1","10","71","0","2025","4","",8,180,183,189,2854158,0,0,1193,"",0.47,0.21,0.21,0.22,0.17,0.00,0.00,0.80,"",-1,-11.1,-81,-31.0,-76,-29.3,-67,-26.2,-2081177,-42.2,0,0.0,0,0.0,-275,-18.7
"13097","1","102","72","0","2025","4","",8,180,183,189,2854158,0,0,1193,"",0.47,0.21,0.21,0.22,0.17,0.00,0.00,0.80,"",-1,-11.1,-81,-31.0,-76,-29.3,-67,-26.2,-2081177,-42.2,0,0.0,0,0.0,-275,-18.7
"13097","1","1021","73","0","2025","4","",4,147,150,161,2200385,0,0,1109,"",0.46,0.72,0.73,0.77,0.78,0.00,0.00,1.04,"",0,0.0,-12,-7.5,-8,-5.1,7,4.5,80626,3.8,0,0.0,0,0.0,70,6.7
"13097","1","1028","73","0","2025","4","",4,33,33,28,653773,0,0,1605,"",0.58,0.07,0.07,0.06,0.06,0.00,0.00,0.95,"",-1,-20.0,-69,-67.6,-68,-67.3,-74,-72.5,-2161803,-76.8,0,0.0,0,0.0,-525,-24.6
"13097","1","48-49","74","0","2025","4","",4,147,150,161,2200385,0,0,1109,"",0.48,0.78,0.79,0.83,0.84,0.00,0.00,1.05,"",0,0.0,-12,-7.5,-8,-5.1,7,4.5,80626,3.8,0,0.0,0,0.0,70,6.7
"13097","1","491","75","0","2025","4","",4,147,150,161,2200385,0,0,1109,"",0.48,0.80,0.81,0.85,0.88,0.00,0.00,1.08,"",0,0.0,-12,-7.5,-8,-5.1,7,4.5,80626,3.8,0,0.0,0,0.0,70,6.7
"13097","1","4911","76","0","2025","4","",4,147,150,161,2200385,0,0,1109,"",0.48,0.80,0.81,0.85,0.88,0.00,0.00,1.08,"",0,0.0,-12,-7.5,-8,-5.1,7,4.5,80626,3.8,0,0.0,0,0.0,70,6.7
"13097","1","49111","77","0","2025","4","",4,147,150,161,2200385,0,0,1109,"",0.48,0.80,0.81,0.85,0.88,0.00,0.00,1.08,"",0,0.0,-12,-7.5,-8,-5.1,7,4.5,80626,3.8,0,0.0,0,0.0,70,6.7
"13097","1","491110","78","0","2025","4","",4,147,150,161,2200385,0,0,1109,"",0.48,0.80,0.81,0.85,0.88,0.00,0.00,1.08,"",0,0.0,-12,-7.5,-8,-5.1,7,4.5,80626,3.8,0,0.0,0,0.0,70,6.7
"13097","1","92","74","0","2025","4","",4,33,33,28,653773,0,0,1605,"",0.58,0.07,0.07,0.06,0.06,0.00,0.00,0.95,"",-1,-20.0,-69,-67.6,-68,-67.3,-74,-72.5,-2161803,-76.8,0,0.0,0,0.0,-525,-24.6
"13097","1","921","75","0","2025","4","",2,10,10,10,337622,0,0,2597,"",3.93,0.23,0.23,0.23,0.38,0.00,0.00,1.64,"",0,0.0,-26,-72.2,-27,-73.0,-27,-73.0,-898146,-72.7,0,0.0,0,0.0,4,0.2
"13097","1","9211","76","0","2025","4","",2,10,10,10,337622,0,0,2597,"",3.93,0.23,0.23,0.23,0.38,0.00,0.00,1.64,"",0,0.0,-26,-72.2,-27,-73.0,-27,-73.0,-898146,-72.7,0,0.0,0,0.0,4,0.2
"13097","1","92113","77","0","2025","4","",1,1,1,1,38565,0,0,2967,"",6.22,0.03,0.03,0.04,0.07,0.00,0.00,1.89,"",0,0.0,-21,-95.5,-22,-95.7,-22,-95.7,-766051,-95.2,0,0.0,0,0.0,236,8.6
"13097","1","921130","78","0","2025","4","",1,1,1,1,38565,0,0,2967,"",6.22,0.03,0.03,0.04,0.07,0.00,0.00,1.89,"",0,0.0,-21,-95.5,-22,-95.7,-22,-95.7,-766051,-95.2,0,0.0,0,0.0,236,8.6
"13097","1","92119","77","0","2025","4","",1,9,9,9,299057,0,0,2556,"",2.91,0.98,0.98,0.99,1.52,0.00,0.00,1.54,"",0,0.0,-5,-35.7,-5,-35.7,-5,-35.7,-132095,-30.6,0,0.0,0,0.0,187,7.9
"13097","1","921190","78","0","2025","4","",1,9,9,9,299057,0,0,2556,"",2.91,0.98,0.98,0.99,1.52,0.00,0.00,1.54,"",0,0.0,-5,-35.7,-5,-35.7,-5,-35.7,-132095,-30.6,0,0.0,0,0.0,187,7.9
"13097","1","922","75","0","2025","4","",1,17,17,13,219120,0,0,1076,"",1.00,0.21,0.21,0.16,0.11,0.00,0.00,0.56,"",0,0.0,-7,-29.2,-7,-29.2,-13,-50.0,-359621,-62.1,0,0.0,0,0.0,-729,-40.4
"13097","1","9221","76","0","2025","4","",1,17,17,13,219120,0,0,1076,"",1.00,0.21,0.21,0.16,0.11,0.00,0.00,0.56,"",0,0.0,-7,-29.2,-7,-29.2,-13,-50.0,-359621,-62.1,0,0.0,0,0.0,-729,-40.4
"13097","1","92219","77","0","2025","4","",1,17,17,13,219120,0,0,1076,"",6.22,1.85,1.85,1.41,0.98,0.00,0.00,0.58,"",0,0.0,-7,-29.2,-7,-29.2,-13,-50.0,-359621,-62.1,0,0.0,0,0.0,-729,-40.4
"13097","1","922190","78","0","2025","4","",1,17,17,13,219120,0,0,1076,"",6.22,1.85,1.85,1.41,0.98,0.00,0.00,0.58,"",0,0.0,-7,-29.2,-7,-29.2,-13,-50.0,-359621,-62.1,0,0.0,0,0.0,-729,-40.4
"13097","1","923","75","0","2025","4","-",0,0,0,0,0,0,0,0,"N",0.00,0,0,0,0,0,0,0,"N",-1,-100.0,0,0,0,0,0,0,0,0,0,0,0,0,0,0
"13097","1","9231","76","0","2025","4","-",0,0,0,0,0,0,0,0,"N",0.00,0,0,0,0,0,0,0,"N",-1,-100.0,0,0,0,0,0,0,0,0,0,0,0,0,0,0
"13097","1","92312","77","0","2025","4","-",0,0,0,0,0,0,0,0,"N",0.00,0,0,0,0,0,0,0,"N",-1,-100.0,0,0,0,0,0,0,0,0,0,0,0,0,0,0
"13097","1","923120","78","0","2025","4","-",0,0,0,0,0,0,0,0,"N",0.00,0,0,0,0,0,0,0,"N",-1,-100.0,0,0,0,0,0,0,0,0,0,0,0,0,0,0
"13097","1","926","75","0","2025","4","",1,6,6,5,97031,0,0,1317,"",0.42,0.08,0.08,0.07,0.06,0.00,0.00,0.70,"",0,0.0,-9,-60.0,-7,-53.8,-8,-61.5,-155887,-61.6,0,0.0,0,0.0,-107,-7.5
"13097","1","9261","76","0","2025","4","",1,6,6,5,97031,0,0,1317,"",0.42,0.08,0.08,0.07,0.06,0.00,0.00,0.70,"",0,0.0,-9,-60.0,-7,-53.8,-8,-61.5,-155887,-61.6,0,0.0,0,0.0,-107,-7.5
"13097","1","92611","77","0","2025","4","",1,6,6,5,97031,0,0,1317,"",1.14,0.51,0.51,0.43,0.34,0.00,0.00,0.70,"",0,0.0,-9,-60.0,-7,-53.8,-8,-61.5,-155887,-61.6,0,0.0,0,0.0,-107,-7.5
"13097","1","926110","78","0","2025","4","",1,6,6,5,97031,0,0,1317,"",1.14,0.51,0.51,0.43,0.34,0.00,0.00,0.70,"",0,0.0,-9,-60.0,-7,-53.8,-8,-61.5,-155887,-61.6,0,0.0,0,0.0,-107,-7.5
"13097","2","10","71","0","2025","4","",17,295,297,290,2860153,0,0,748,"",0.83,0.19,0.19,0.19,0.11,0.00,0.00,0.59,"",-1,-5.6,-11,-3.6,-18,-5.7,-21,-6.8,-667229,-18.9,0,0.0,0,0.0,-125,-14.3
"13097","2","102","72","0","2025","4","",17,295,297,290,2860153,0,0,748,"",0.85,0.19,0.19,0.19,0.11,0.00,0.00,0.59,"",-1,-5.6,-11,-3.6,-18,-5.7,-21,-6.8,-667229,-18.9,0,0.0,0,0.0,-125,-14.3
"13097","2","1025","73","0","2025","4","",5,184,188,182,1538779,0,0,641,"",1.15,0.21,0.21,0.21,0.11,0.00,0.00,0.51,"",0,0.0,-24,-11.5,-20,-9.6,-26,-12.5,-703526,-31.4,0,0.0,0,0.0,-188,-22.7
"13097","2","1027","73","0","2025","4","",1,10,10,12,88441,0,0,638,"N",19.94,0,0,0,0,0,0,0,"",0,0.0,0,0.0,0,0.0,5,71.4,-7905,-8.2,0,0.0,0,0.0,-185,-22.5
"13097","2","1028","73","0","2025","4","",11,101,99,96,1232933,0,0,961,"",0.75,0.17,0.17,0.16,0.12,0.00,0.00,0.74,"",0,0.0,13,14.8,2,2.1,0,0.0,44202,3.7,0,0.0,0,0.0,-15,-1.5
"13097","2","61","74","0","2025","4","",2,142,145,141,1137953,0,0,614,"",0.83,0.21,0.22,0.21,0.11,0.00,0.00,0.50,"",0,0.0,10,7.6,14,10.7,9,6.8,-38657,-3.3,0,0.0,0,0.0,-73,-10.6
"13097","2","611","75","0","2025","4","",2,142,145,141,1137953,0,0,614,"",0.83,0.21,0.22,0.21,0.11,0.00,0.00,0.50,"",0,0.0,10,7.6,14,10.7,9,6.8,-38657,-3.3,0,0.0,0,0.0,-73,-10.6
"13097","2","6113","76","0","2025","4","",1,29,28,28,325543,0,0,884,"",0.57,0.05,0.05,0.05,0.03,0.00,0.00,0.69,"",0,0.0,1,3.6,0,0.0,0,0.0,11096,3.5,0,0.0,0,0.0,20,2.3
"13097","2","61131","77","0","2025","4","",1,29,28,28,325543,0,0,884,"",0.57,0.05,0.05,0.05,0.03,0.00,0.00,0.69,"",0,0.0,1,3.6,0,0.0,0,0.0,11096,3.5,0,0.0,0,0.0,20,2.3
"13097","2","611310","78","0","2025","4","",1,29,28,28,325543,0,0,884,"",0.57,0.05,0.05,0.05,0.03,0.00,0.00,0.69,"",0,0.0,1,3.6,0,0.0,0,0.0,11096,3.5,0,0.0,0,0.0,20,2.3
"13097","2","6115","76","0","2025","4","",1,113,117,113,812410,0,0,547,"",13.32,30.65,31.72,30.91,25.66,0.00,0.00,0.83,"",0,0.0,9,8.7,14,13.6,9,8.7,-49753,-5.8,0,0.0,0,0.0,-93,-14.5
"13097","2","61151","77","0","2025","4","",1,113,117,113,812410,0,0,547,"",13.32,30.65,31.72,30.91,25.66,0.00,0.00,0.83,"",0,0.0,9,8.7,14,13.6,9,8.7,-49753,-5.8,0,0.0,0,0.0,-93,-14.5
"13097","2","611519","78","0","2025","4","",1,113,117,113,812410,0,0,547,"",13.63,31.76,32.85,32.03,26.82,0.00,0.00,0.83,"",0,0.0,9,8.7,14,13.6,9,8.7,-49753,-5.8,0,0.0,0,0.0,-93,-14.5
"13097","2","62","74","0","2025","4","",3,42,43,41,400826,0,0,734,"",1.55,0.19,0.19,0.18,0.10,0.00,0.00,0.53,"",0,0.0,-34,-44.7,-34,-44.2,-35,-46.1,-664869,-62.4,0,0.0,0,0.0,-340,-31.7
"13097","2","621","75","0","2025","4","",3,42,43,41,400826,0,0,734,"",8.31,2.92,3.01,2.89,1.71,0.00,0.00,0.58,"",0,0.0,-34,-44.7,-34,-44.2,-35,-46.1,-664869,-62.4,0,0.0,0,0.0,-340,-31.7
"13097","2","6214","76","0","2025","4","",3,42,43,41,400826,0,0,734,"",12.50,5.62,5.78,5.58,3.85,0.00,0.00,0.68,"",0,0.0,-34,-44.7,-34,-44.2,-35,-46.1,-664869,-62.4,0,0.0,0,0.0,-340,-31.7
"13097","2","62149","77","0","2025","4","",3,42,43,41,400826,0,0,734,"",30.69,12.22,12.54,12.38,7.97,0.00,0.00,0.64,"",0,0.0,-34,-44.7,-34,-44.2,-35,-46.1,-664869,-62.4,0,0.0,0,0.0,-340,-31.7
"13097","2","621498","78","0","2025","4","",3,42,43,41,400826,0,0,734,"N",33.40,0,0,0,0,0,0,0,"",0,0.0,-34,-44.7,-34,-44.2,-35,-46.1,-664869,-62.4,0,0.0,0,0.0,-340,-31.7
"13097","2","81","74","0","2025","4","",1,10,10,12,88441,0,0,638,"N",19.94,0,0,0,0,0,0,0,"",0,0.0,0,0.0,0,0.0,5,71.4,-7905,-8.2,0,0.0,0,0.0,-185,-22.5
"13097","2","813","75","0","2025","4","",1,10,10,12,88441,0,0,638,"",25.03,7.45,7.52,9.11,6.52,0.00,0.00,0.81,"",0,0.0,0,0.0,0,0.0,5,71.4,-7905,-8.2,0,0.0,0,0.0,-185,-22.5
"13097","2","8133","76","0","2025","4","",1,10,10,12,88441,0,0,638,"N",36.77,0,0,0,0,0,0,0,"",0,0.0,0,0.0,0,0.0,5,71.4,-7905,-8.2,0,0.0,0,0.0,-185,-22.5
"13097","2","81331","77","0","2025","4","",1,10,10,12,88441,0,0,638,"N",36.77,0,0,0,0,0,0,0,"",0,0.0,0,0.0,0,0.0,5,71.4,-7905,-8.2,0,0.0,0,0.0,-185,-22.5
"13097","2","813319","78","0","2025","4","",1,10,10,12,88441,0,0,638,"",39.66,20.58,20.43,25.13,20.89,0.00,0.00,0.95,"",0,0.0,0,0.0,0,0.0,5,71.4,-7905,-8.2,0,0.0,0,0.0,-185,-22.5
"13097","2","92","74","0","2025","4","",11,101,99,96,1232933,0,0,961,"",0.75,0.17,0.17,0.16,0.12,0.00,0.00,0.74,"",0,0.0,13,14.8,2,2.1,0,0.0,44202,3.7,0,0.0,0,0.0,-15,-1.5
"13097","2","921","75","0","2025","4","",2,7,7,7,110683,0,0,1216,"",1.08,0.09,0.09,0.09,0.08,0.00,0.00,0.87,"",0,0.0,1,16.7,-1,-12.5,0,0.0,-11985,-9.8,0,0.0,0,0.0,-132,-9.8
"13097","2","9211","76","0","2025","4","",2,7,7,7,110683,0,0,1216,"",1.08,0.09,0.09,0.09,0.08,0.00,0.00,0.87,"",0,0.0,1,16.7,-1,-12.5,0,0.0,-11985,-9.8,0,0.0,0,0.0,-132,-9.8
"13097","2","92113","77","0","2025","4","",1,4,4,4,58512,0,0,1125,"",1.43,0.12,0.12,0.12,0.10,0.00,0.00,0.80,"",0,0.0,2,100.0,1,33.3,1,33.3,13143,29.0,0,0.0,0,0.0,-184,-14.1
"13097","2","921130","78","0","2025","4","",1,4,4,4,58512,0,0,1125,"",1.43,0.12,0.12,0.12,0.10,0.00,0.00,0.80,"",0,0.0,2,100.0,1,33.3,1,33.3,13143,29.0,0,0.0,0,0.0,-184,-14.1
"13097","2","92119","77","0","2025","4","",1,3,3,3,52171,0,0,1338,"",1.19,0.10,0.10,0.10,0.09,0.00,0.00,0.93,"",0,0.0,-1,-25.0,-2,-40.0,-1,-25.0,-25128,-32.5,0,0.0,0,0.0,-34,-2.5
"13097","2","921190","78","0","2025","4","",1,3,3,3,52171,0,0,1338,"",1.19,0.10,0.10,0.10,0.09,0.00,0.00,0.93,"",0,0.0,-1,-25.0,-2,-40.0,-1,-25.0,-25128,-32.5,0,0.0,0,0.0,-34,-2.5
"13097","2","922","75","0","2025","4","",5,39,40,39,713168,0,0,1395,"",1.21,0.18,0.18,0.18,0.18,0.00,0.00,1.03,"",0,0.0,1,2.6,2,5.3,0,0.0,10082,1.4,0,0.0,0,0.0,-16,-1.1
"13097","2","9221","76","0","2025","4","",5,39,40,39,713168,0,0,1395,"",1.21,0.18,0.18,0.18,0.18,0.00,0.00,1.03,"",0,0.0,1,2.6,2,5.3,0,0.0,10082,1.4,0,0.0,0,0.0,-16,-1.1
"13097","2","92211","77","0","2025","4","",1,11,11,11,207916,0,0,1454,"",0.89,0.33,0.33,0.33,0.35,0.00,0.00,1.07,"",0,0.0,1,10.0,2,22.2,1,10.0,29229,16.4,0,0.0,0,0.0,32,2.3
"13097","2","922110","78","0","2025","4","",1,11,11,11,207916,0,0,1454,"",0.89,0.33,0.33,0.33,0.35,0.00,0.00,1.07,"",0,0.0,1,10.0,2,22.2,1,10.0,29229,16.4,0,0.0,0,0.0,32,2.3
"13097","2","92212","77","0","2025","4","",2,14,15,14,217946,0,0,1170,"",2.64,0.40,0.43,0.40,0.29,0.00,0.00,0.69,"",0,0.0,0,0.0,0,0.0,-1,-6.7,-20567,-8.6,0,0.0,0,0.0,-81,-6.5
"13097","2","922120","78","0","2025","4","",2,14,15,14,217946,0,0,1170,"",2.64,0.40,0.43,0.40,0.29,0.00,0.00,0.69,"",0,0.0,0,0.0,0,0.0,-1,-6.7,-20567,-8.6,0,0.0,0,0.0,-81,-6.5
"13097","2","92213","77","0","2025","4","",1,12,12,12,266754,0,0,1710,"",1.67,0.59,0.59,0.59,0.73,0.00,0.00,1.23,"",0,0.0,0,0.0,0,0.0,0,0.0,1546,0.6,0,0.0,0,0.0,10,0.6
"13097","2","922130","78","0","2025","4","",1,12,12,12,266754,0,0,1710,"",1.67,0.59,0.59,0.59,0.73,0.00,0.00,1.23,"",0,0.0,0,0.0,0,0.0,0,0.0,1546,0.6,0,0.0,0,0.0,10,0.6
"13097","2","92215","77","0","2025","4","",1,2,2,2,20552,0,0,790,"",3.73,0.31,0.31,0.31,0.21,0.00,0.00,0.68,"",0,0.0,0,0.0,0,0.0,0,0.0,-126,-0.6,0,0.0,0,0.0,-5,-0.6
"13097","2","922150","78","0","2025","4","",1,2,2,2,20552,0,0,790,"",3.73,0.31,0.31,0.31,0.21,0.00,0.00,0.68,"",0,0.0,0,0.0,0,0.0,0,0.0,-126,-0.6,0,0.0,0,0.0,-5,-0.6
"13097","2","923","75","0","2025","4","",1,11,11,11,111337,0,0,779,"",0.32,0.08,0.08,0.08,0.05,0.00,0.00,0.64,"",0,0.0,2,22.2,1,10.0,2,22.2,14485,15.0,0,0.0,0,0.0,-19,-2.4
"13097","2","9231","76","0","2025","4","",1,11,11,11,111337,0,0,779,"",0.32,0.08,0.08,0.08,0.05,0.00,0.00,0.64,"",0,0.0,2,22.2,1,10.0,2,22.2,14485,15.0,0,0.0,0,0.0,-19,-2.4
"13097","2","92312","77","0","2025","4","",1,11,11,11,111337,0,0,779,"",0.92,0.23,0.23,0.23,0.14,0.00,0.00,0.61,"",0,0.0,2,22.2,1,10.0,2,22.2,14485,15.0,0,0.0,0,0.0,-19,-2.4
"13097","2","923120","78","0","2025","4","",1,11,11,11,111337,0,0,779,"",0.92,0.23,0.23,0.23,0.14,0.00,0.00,0.61,"",0,0.0,2,22.2,1,10.0,2,22.2,14485,15.0,0,0.0,0,0.0,-19,-2.4
"13097","2","924","75","0","2025","4","",1,24,24,22,130408,0,0,430,"",0.50,0.47,0.48,0.45,0.17,0.00,0.00,0.35,"",0,0.0,4,20.0,0,0.0,-2,-8.3,8146,6.7,0,0.0,0,0.0,15,3.6
"13097","2","9241","76","0","2025","4","",1,24,24,22,130408,0,0,430,"",0.50,0.47,0.48,0.45,0.17,0.00,0.00,0.35,"",0,0.0,4,20.0,0,0.0,-2,-8.3,8146,6.7,0,0.0,0,0.0,15,3.6
"13097","2","92412","77","0","2025","4","",1,24,24,22,130408,0,0,430,"",0.63,0.66,0.68,0.64,0.25,0.00,0.00,0.39,"",0,0.0,4,20.0,0,0.0,-2,-8.3,8146,6.7,0,0.0,0,0.0,15,3.6
"13097","2","924120","78","0","2025","4","",1,24,24,22,130408,0,0,430,"",0.63,0.66,0.68,0.64,0.25,0.00,0.00,0.39,"",0,0.0,4,20.0,0,0.0,-2,-8.3,8146,6.7,0,0.0,0,0.0,15,3.6
"13097","2","926","75","0","2025","4","",2,20,17,17,167337,0,0,715,"",0.64,0.20,0.17,0.17,0.10,0.00,0.00,0.56,"",0,0.0,5,33.3,0,0.0,0,0.0,23474,16.3,0,0.0,0,0.0,37,5.5
"13097","2","9261","76","0","2025","4","",2,20,17,17,167337,0,0,715,"",0.64,0.20,0.17,0.17,0.10,0.00,0.00,0.56,"",0,0.0,5,33.3,0,0.0,0,0.0,23474,16.3,0,0.0,0,0.0,37,5.5
"13097","2","92612","77","0","2025","4","",1,18,15,15,150539,0,0,724,"",0.87,0.31,0.26,0.26,0.15,0.00,0.00,0.55,"",0,0.0,5,38.5,0,0.0,0,0.0,18493,14.0,0,0.0,0,0.0,15,2.1
"13097","2","926120","78","0","2025","4","",1,18,15,15,150539,0,0,724,"",0.87,0.31,0.26,0.26,0.15,0.00,0.00,0.55,"",0,0.0,5,38.5,0,0.0,0,0.0,18493,14.0,0,0.0,0,0.0,15,2.1
"13097","2","92614","77","0","2025","4","",1,2,2,2,16798,0,0,646,"",1.17,0.18,0.18,0.19,0.12,0.00,0.00,0.66,"",0,0.0,0,0.0,0,0.0,0,0.0,4981,42.2,0,0.0,0,0.0,191,42.0
"13097","2","926140","78","0","2025","4","",1,2,2,2,16798,0,0,646,"",1.17,0.18,0.18,0.19,0.12,0.00,0.00,0.66,"",0,0.0,0,0.0,0,0.0,0,0.0,4981,42.2,0,0.0,0,0.0,191,42.0
"13097","3","10","71","0","2025","4","",46,5171,5141,5158,85631266,34523,59,1277,"",0.94,1.09,1.08,1.09,1.35,0.03,0.02,1.24,"",-1,-2.1,2,0.0,21,0.4,43,0.8,3687455,4.5,-26655,-43.6,35,145.8,49,4.0
"13097","3","102","72","0","2025","4","",46,5171,5141,5158,85631266,34523,59,1277,"",0.96,1.10,1.09,1.10,1.36,0.03,0.02,1.24,"",-1,-2.1,2,0.0,21,0.4,43,0.8,3687455,4.5,-26655,-43.6,35,145.8,49,4.0
"13097","3","1025","73","0","2025","4","",41,3249,3213,3222,50657977,0,0,1207,"",1.96,1.11,1.09,1.10,1.40,0.00,0.00,1.28,"",-1,-2.4,15,0.5,-10,-0.3,-6,-0.2,106180,0.2,0,0.0,0,0.0,2,0.2
"13097","3","1028","73","0","2025","4","",5,1922,1928,1936,34973289,34523,59,1395,"",0.28,1.41,1.42,1.42,1.66,0.07,0.04,1.17,"",0,0.0,-13,-0.7,31,1.6,49,2.6,3581275,11.4,-26655,-43.6,35,145.8,128,10.1
"13097","3","61","74","0","2025","4","",41,3249,3213,3222,50657977,0,0,1207,"",2.18,1.24,1.22,1.23,1.62,0.00,0.00,1.32,"",-1,-2.4,15,0.5,-10,-0.3,-6,-0.2,106180,0.2,0,0.0,0,0.0,2,0.2
"13097","3","611","75","0","2025","4","",41,3249,3213,3222,50657977,0,0,1207,"",2.18,1.24,1.22,1.23,1.62,0.00,0.00,1.32,"",-1,-2.4,15,0.5,-10,-0.3,-6,-0.2,106180,0.2,0,0.0,0,0.0,2,0.2
"13097","3","6111","76","0","2025","4","",41,3249,3213,3222,50657977,0,0,1207,"",2.28,1.33,1.30,1.31,1.74,0.00,0.00,1.32,"",-1,-2.4,15,0.5,-10,-0.3,-6,-0.2,106180,0.2,0,0.0,0,0.0,2,0.2
"13097","3","61111","77","0","2025","4","",41,3249,3213,3222,50657977,0,0,1207,"",2.28,1.33,1.30,1.31,1.74,0.00,0.00,1.32,"",-1,-2.4,15,0.5,-10,-0.3,-6,-0.2,106180,0.2,0,0.0,0,0.0,2,0.2
"13097","3","611110","78","0","2025","4","",41,3249,3213,3222,50657977,0,0,1207,"",2.28,1.33,1.30,1.31,1.74,0.00,0.00,1.32,"",-1,-2.4,15,0.5,-10,-0.3,-6,-0.2,106180,0.2,0,0.0,0,0.0,2,0.2
"13097","3","92","74","0","2025","4","",5,1922,1928,1936,34973289,34523,59,1395,"",0.28,1.41,1.42,1.42,1.66,0.07,0.04,1.17,"",0,0.0,-13,-0.7,31,1.6,49,2.6,3581275,11.4,-26655,-43.6,35,145.8,128,10.1
"13097","3","921","75","0","2025","4","",2,1703,1710,1716,31078976,0,0,1398,"",0.19,1.90,1.90,1.91,2.47,0.00,0.00,1.30,"",0,0.0,-14,-0.8,27,1.6,48,2.9,3173579,11.4,0,0.0,0,0.0,127,10.0
"13097","3","9211","76","0","2025","4","",2,1703,1710,1716,31078976,0,0,1398,"",0.19,1.90,1.90,1.91,2.47,0.00,0.00,1.30,"",0,0.0,-14,-0.8,27,1.6,48,2.9,3173579,11.4,0,0.0,0,0.0,127,10.0
"13097","3","92114","77","0","2025","4","",2,1703,1710,1716,31078976,0,0,1398,"",0.33,2.93,2.94,2.96,3.84,0.00,0.00,1.31,"",0,0.0,-14,-0.8,27,1.6,48,2.9,3173579,11.4,0,0.0,0,0.0,127,10.0
"13097","3","921140","78","0","2025","4","",2,1703,1710,1716,31078976,0,0,1398,"",0.33,2.93,2.94,2.96,3.84,0.00,0.00,1.31,"",0,0.0,-14,-0.8,27,1.6,48,2.9,3173579,11.4,0,0.0,0,0.0,127,10.0
"13097","3","924","75","0","2025","4","",1,206,205,207,3211696,34523,59,1199,"",0.84,6.28,6.35,6.38,6.82,4.61,1.57,1.08,"",0,0.0,1,0.5,0,0.0,1,0.5,166908,5.5,-18035,-34.3,38,181.0,58,5.1
"13097","3","9241","76","0","2025","4","",1,206,205,207,3211696,34523,59,1199,"",0.84,6.28,6.35,6.38,6.82,4.61,1.57,1.08,"",0,0.0,1,0.5,0,0.0,1,0.5,166908,5.5,-18035,-34.3,38,181.0,58,5.1
"13097","3","92411","77","0","2025","4","",1,206,205,207,3211696,34523,59,1199,"",2.10,11.16,11.12,11.17,9.53,12.91,5.47,0.85,"",0,0.0,1,0.5,0,0.0,1,0.5,166908,5.5,-18035,-34.3,38,181.0,58,5.1
"13097","3","924110","78","0","2025","4","",1,206,205,207,3211696,34523,59,1199,"",2.10,11.16,11.12,11.17,9.53,12.91,5.47,0.85,"",0,0.0,1,0.5,0,0.0,1,0.5,166908,5.5,-18035,-34.3,38,181.0,58,5.1
"13097","3","925","75","0","2025","4","",2,13,13,13,682617,0,0,4039,"",1.90,0.48,0.48,0.48,1.75,0.00,0.00,3.65,"",0,0.0,0,0.0,4,44.4,0,0.0,240788,54.5,-8620,-100.0,-3,-100.0,1126,38.7
"13097","3","9251","76","0","2025","4","",2,13,13,13,682617,0,0,4039,"",1.90,0.48,0.48,0.48,1.75,0.00,0.00,3.65,"",0,0.0,0,0.0,4,44.4,0,0.0,240788,54.5,-8620,-100.0,-3,-100.0,1126,38.7
"13097","3","92511","77","0","2025","4","",2,13,13,13,682617,0,0,4039,"",2.96,0.79,0.80,0.80,2.83,0.00,0.00,3.55,"",0,0.0,0,0.0,4,44.4,0,0.0,240788,54.5,-8620,-100.0,-3,-100.0,1126,38.7
"13097","3","925110","78","0","2025","4","",2,13,13,13,682617,0,0,4039,"",2.96,0.79,0.80,0.80,2.83,0.00,0.00,3.55,"",0,0.0,0,0.0,4,44.4,0,0.0,240788,54.5,-8620,-100.0,-3,-100.0,1126,38.7
"13097","5","10","71","0","2025","4","",3411,43441,43463,43509,676895271,52437084,568580,1198,"",1.00,1.04,1.04,1.04,1.02,1.04,1.01,0.99,"",-44,-1.3,-1650,-3.7,-2095,-4.6,-2578,-5.6,-33178640,-4.7,-8794842,-14.4,-169279,-22.9,0,0.0
"13097","5","101","72","0","2025","4","",478,6850,6739,6744,133758393,5805113,73157,1518,"",1.12,0.96,0.95,0.96,1.07,0.66,0.60,1.11,"",-11,-2.2,871,14.6,691,11.4,657,10.8,13418123,11.2,802624,16.0,4396,6.4,-15,-1.0
"13097","5","1011","73","0","2025","4","",4,77,81,80,1907704,46019,310,1850,"",0.10,0.13,0.15,0.15,0.23,0.05,0.02,1.60,"",0,0.0,9,13.2,12,17.4,14,21.2,313529,19.7,19684,74.7,107,52.7,38,2.1
"13097","5","1012","73","0","2025","4","",350,2532,2436,2469,56886690,3051364,48605,1765,"",1.30,0.96,0.94,0.96,1.21,0.77,0.69,1.27,"",-12,-3.3,-228,-8.3,-378,-13.4,-364,-12.8,-2047383,-3.5,-42799,-1.4,-5959,-10.9,147,9.1
"13097","5","1013","73","0","2025","4","",124,4241,4222,4195,74963999,2707730,24242,1367,"",1.09,1.08,1.08,1.07,1.07,0.72,0.64,1.00,"",1,0.8,1090,34.6,1057,33.4,1007,31.6,15151977,25.3,825739,43.9,10248,73.2,-85,-5.9
"13097","5","102","72","0","2025","4","",2933,36591,36724,36765,543136878,46631971,495423,1139,"",0.99,1.05,1.05,1.05,1.01,1.11,1.12,0.96,"",-33,-1.1,-2521,-6.4,-2786,-7.1,-3235,-8.1,-46596763,-7.9,-9597466,-17.1,-173675,-26.0,-8,-0.7
"13097","5","1021","73","0","2025","4","",793,17331,17412,17443,277760113,19363202,183612,1228,"",1.37,1.93,1.91,1.90,2.41,1.66,1.71,1.26,"",-28,-3.4,-1894,-9.9,-2309,-11.7,-2640,-13.1,-46554539,-14.4,-7024142,-26.6,-181322,-49.7,-40,-3.2
"13097","5","1022","73","0","2025","4","",63,402,398,408,13320251,287324,2396,2545,"",0.74,0.45,0.45,0.46,0.41,0.34,0.18,0.91,"",12,23.5,29,7.8,25,6.7,33,8.8,1465651,12.4,93381,48.1,128,5.6,105,4.3
"13097","5","1023","73","0","2025","4","",257,971,969,983,16333312,676503,9002,1290,"",0.83,0.35,0.35,0.36,0.24,0.27,0.34,0.67,"",-12,-4.5,-177,-15.4,-182,-15.8,-179,-15.4,-3995814,-19.7,-300091,-30.7,-2271,-20.1,-65,-4.8
"13097","5","1024","73","0","2025","4","",556,5261,5434,5433,80726467,11107373,93802,1155,"",0.76,0.74,0.77,0.77,0.52,1.15,0.78,0.68,"",6,1.1,-1040,-16.5,-852,-13.6,-989,-15.4,-9185331,-10.2,-3700061,-25.0,-40227,-30.0,63,5.8
"13097","5","1025","73","0","2025","4","",434,6134,6031,5997,106182834,5881883,83373,1349,"",0.66,0.74,0.72,0.72,0.96,0.78,1.11,1.32,"",8,1.9,589,10.6,531,9.7,520,9.5,11625860,12.3,1314237,28.8,36734,78.8,28,2.1
"13097","5","1026","73","0","2025","4","",326,5199,5194,5195,32213341,7554084,90260,477,"",1.15,0.99,1.00,1.00,0.88,0.98,1.15,0.88,"",-2,-0.6,-1,0.0,39,0.8,33,0.6,354387,1.1,26968,0.4,11036,13.9,3,0.6
"13097","5","1027","73","0","2025","4","",256,1171,1156,1166,14826209,1503396,26541,980,"",1.01,0.80,0.79,0.80,0.93,0.87,1.47,1.17,"",-11,-4.1,-39,-3.2,-61,-5.0,-35,-2.9,-291643,-1.9,-97035,-6.1,-246,-0.9,18,1.9
"13097","5","1029","73","0","2025","4","",248,122,130,140,1774351,258206,6437,1045,"",3.24,1.75,1.83,1.87,1.33,1.24,1.63,0.73,"",-6,-2.4,12,10.9,23,21.5,22,18.6,-15334,-0.9,89277,52.8,2493,63.2,-188,-15.2
"13097","5","11","74","0","2025","4","N",2,0,0,0,0,0,0,0,"N",0.06,0,0,0,0,0,0,0,"N",0,0.0,0,0,0,0,0,0,0,0,0,0,0,0,0,0
"13097","5","112","75","0","2025","4","N",1,0,0,0,0,0,0,0,"N",0.12,0,0,0,0,0,0,0,"N",0,0.0,0,0,0,0,0,0,0,0,0,0,0,0,0,0
"13097","5","1129","76","0","2025","4","N",1,0,0,0,0,0,0,0,"N",0.79,0,0,0,0,0,0,0,"N",0,0.0,0,0,0,0,0,0,0,0,0,0,0,0,0,0
"13097","5","11291","77","0","2025","4","N",1,0,0,0,0,0,0,0,"N",3.84,0,0,0,0,0,0,0,"N",0,0.0,0,0,0,0,0,0,0,0,0,0,0,0,0,0
"13097","5","112910","78","0","2025","4","N",1,0,0,0,0,0,0,0,"N",3.84,0,0,0,0,0,0,0,"N",0,0.0,0,0,0,0,0,0,0,0,0,0,0,0,0,0
"13097","5","113","75","0","2025","4","N",1,0,0,0,0,0,0,0,"N",0.42,0,0,0,0,0,0,0,"N",0,0.0,0,0,0,0,0,0,0,0,0,0,0,0,0,0
"13097","5","1133","76","0","2025","4","N",1,0,0,0,0,0,0,0,"N",0.47,0,0,0,0,0,0,0,"N",0,0.0,0,0,0,0,0,0,0,0,0,0,0,0,0,0
"13097","5","11331","77","0","2025","4","N",1,0,0,0,0,0,0,0,"N",0.47,0,0,0,0,0,0,0,"N",0,0.0,0,0,0,0,0,0,0,0,0,0,0,0,0,0
"13097","5","113310","78","0","2025","4","N",1,0,0,0,0,0,0,0,"N",0.47,0,0,0,0,0,0,0,"N",0,0.0,0,0,0,0,0,0,0,0,0,0,0,0,0,0
"13097","5","21","74","0","2025","4","N",2,0,0,0,0,0,0,0,"N",0.23,0,0,0,0,0,0,0,"N",0,0.0,0,0,0,0,0,0,0,0,0,0,0,0,0,0
"13097","5","212","75","0","2025","4","N",2,0,0,0,0,0,0,0,"N",0.95,0,0,0,0,0,0,0,"N",0,0.0,0,0,0,0,0,0,0,0,0,0,0,0,0,0
"13097","5","2123","76","0","2025","4","N",2,0,0,0,0,0,0,0,"N",1.13,0,0,0,0,0,0,0,"N",0,0.0,0,0,0,0,0,0,0,0,0,0,0,0,0,0
"13097","5","21231","77","0","2025","4","N",2,0,0,0,0,0,0,0,"N",2.73,0,0,0,0,0,0,0,"N",0,0.0,0,0,0,0,0,0,0,0,0,0,0,0,0,0
"13097","5","212312","78","0","2025","4","N",1,0,0,0,0,0,0,0,"N",3.03,0,0,0,0,0,0,0,"N",0,0.0,0,0,0,0,0,0,0,0,0,0,0,0,0,0
"13097","5","212313","78","0","2025","4","N",1,0,0,0,0,0,0,0,"N",11.17,0,0,0,0,0,0,0,"N",0,0.0,0,0,0,0,0,0,0,0,0,0,0,0,0,0
"13097","5","22","74","0","2025","4","N",1,0,0,0,0,0,0,0,"N",0.14,0,0,0,0,0,0,0,"N",-1,-50.0,0,0,0,0,0,0,0,0,0,0,0,0,0,0
"13097","5","221","75","0","2025","4","N",1,0,0,0,0,0,0,0,"N",0.14,0,0,0,0,0,0,0,"N",-1,-50.0,0,0,0,0,0,0,0,0,0,0,0,0,0,0
"13097","5","2211","76","0","2025","4","N",1,0,0,0,0,0,0,0,"N",0.24,0,0,0,0,0,0,0,"N",-1,-50.0,0,0,0,0,0,0,0,0,0,0,0,0,0,0
"13097","5","22111","77","0","2025","4","N",1,0,0,0,0,0,0,0,"N",0.46,0,0,0,0,0,0,0,"N",0,0.0,0,0,0,0,0,0,0,0,0,0,0,0,0,0
"13097","5","221111","78","0","2025","4","N",1,0,0,0,0,0,0,0,"N",5.41,0,0,0,0,0,0,0,"N",0,0.0,0,0,0,0,0,0,0,0,0,0,0,0,0,0
"13097","5","23","74","0","2025","4","",350,2532,2436,2469,56886690,3051364,48605,1765,"",1.30,0.96,0.94,0.96,1.21,0.77,0.69,1.27,"",-12,-3.3,-228,-8.3,-378,-13.4,-364,-12.8,-2047383,-3.5,-42799,-1.4,-5959,-10.9,147,9.1
"13097","5","236","75","0","2025","4","",94,365,351,366,9007167,253434,2475,1921,"",1.12,0.62,0.60,0.63,0.76,0.28,0.17,1.24,"",-2,-2.1,-20,-5.2,-41,-10.5,-43,-10.5,-560300,-5.9,-128103,-33.6,-3075,-55.4,59,3.2
"13097","5","2361","76","0","2025","4","",75,244,241,238,6499748,151923,1289,2075,"",1.15,0.83,0.83,0.82,1.35,0.31,0.21,1.63,"",-4,-5.1,-49,-16.7,-53,-18.0,-60,-20.1,-1040628,-13.8,-140294,-48.0,-3550,-73.4,109,5.5
"13097","5","23611","77","0","2025","4","",75,244,241,238,6499748,151923,1289,2075,"",1.15,0.83,0.83,0.82,1.35,0.31,0.21,1.63,"",-4,-5.1,-49,-16.7,-53,-18.0,-60,-20.1,-1040628,-13.8,-140294,-48.0,-3550,-73.4,109,5.5
"13097","5","236115","78","0","2025","4","",34,151,147,148,4659944,83485,549,2411,"",1.36,1.31,1.29,1.30,2.30,0.40,0.24,1.77,"",-4,-10.5,-22,-12.7,-27,-15.5,-26,-14.9,-635236,-12.0,-67596,-44.7,-548,-50.0,66,2.8
"13097","5","236117","78","0","2025","4","",6,22,22,22,576357,2736,9,2015,"",3.72,1.21,1.22,1.21,1.21,0.14,0.04,1.00,"",0,0.0,-2,-8.3,0,0.0,-4,-15.4,-356359,-38.2,-50764,-94.9,-2273,-99.6,-974,-32.6
"13097","5","236118","78","0","2025","4","",35,71,72,68,1263447,65702,731,1382,"",0.95,0.49,0.50,0.47,0.64,0.27,0.22,1.32,"",0,0.0,-25,-26.0,-26,-26.5,-30,-30.6,-49033,-3.7,-21934,-25.0,-729,-49.9,345,33.3
"13097","5","2362","76","0","2025","4","",19,121,110,128,2507419,101511,1186,1612,"",1.01,0.41,0.38,0.44,0.36,0.25,0.15,0.88,"",2,11.8,29,31.5,12,12.2,17,15.3,480328,23.7,12191,13.6,475,66.8,58,3.7
"13097","5","23621","77","0","2025","4","N",2,0,0,0,0,0,0,0,"N",0.95,0,0,0,0,0,0,0,"N",0,0.0,0,0,0,0,0,0,0,0,0,0,0,0,0,0
"13097","5","236210","78","0","2025","4","N",2,0,0,0,0,0,0,0,"N",0.95,0,0,0,0,0,0,0,"N",0,0.0,0,0,0,0,0,0,0,0,0,0,0,0,0,0
"13097","5","23622","77","0","2025","4","N",17,0,0,0,0,0,0,0,"N",1.02,0,0,0,0,0,0,0,"N",2,13.3,0,0,0,0,0,0,0,0,0,0,0,0,0,0
"13097","5","236220","78","0","2025","4","N",17,0,0,0,0,0,0,0,"N",1.02,0,0,0,0,0,0,0,"N",2,13.3,0,0,0,0,0,0,0,0,0,0,0,0,0,0
"13097","5","237","75","0","2025","4","",18,159,167,169,2990061,175994,730,1394,"",1.06,0.41,0.44,0.46,0.38,0.30,0.05,0.87,"",0,0.0,-58,-26.7,-53,-24.1,-45,-21.0,-801056,-21.1,-127075,-41.9,-4986,-87.2,50,3.7
"13097","5","2371","76","0","2025","4","",11,95,95,97,1768007,79818,465,1422,"",1.24,0.47,0.48,0.50,0.44,0.23,0.06,0.91,"",-1,-8.3,-51,-34.9,-55,-36.7,-47,-32.6,-889721,-33.5,-190394,-70.5,-4907,-91.3,28,2.0
"13097","5","23711","77","0","2025","4","N",6,0,0,0,0,0,0,0,"N",1.62,0,0,0,0,0,0,0,"N",0,0.0,0,0,0,0,0,0,0,0,0,0,0,0,0,0
"13097","5","237110","78","0","2025","4","N",6,0,0,0,0,0,0,0,"N",1.62,0,0,0,0,0,0,0,"N",0,0.0,0,0,0,0,0,0,0,0,0,0,0,0,0,0
"13097","5","23713","77","0","2025","4","N",5,0,0,0,0,0,0,0,"N",1.27,0,0,0,0,0,0,0,"N",-1,-16.7,0,0,0,0,0,0,0,0,0,0,0,0,0,0
"13097","5","237130","78","0","2025","4","N",5,0,0,0,0,0,0,0,"N",1.27,0,0,0,0,0,0,0,"N",-1,-16.7,0,0,0,0,0,0,0,0,0,0,0,0,0,0
"13097","5","2372","76","0","2025","4","N",2,0,0,0,0,0,0,0,"N",1.25,0,0,0,0,0,0,0,"N",0,0.0,0,0,0,0,0,0,0,0,0,0,0,0,0,0
"13097","5","23721","77","0","2025","4","N",2,0,0,0,0,0,0,0,"N",1.25,0,0,0,0,0,0,0,"N",0,0.0,0,0,0,0,0,0,0,0,0,0,0,0,0,0
"13097","5","237210","78","0","2025","4","N",2,0,0,0,0,0,0,0,"N",1.25,0,0,0,0,0,0,0,"N",0,0.0,0,0,0,0,0,0,0,0,0,0,0,0,0,0
"13097","5","2373","76","0","2025","4","",4,41,49,49,818676,92090,197,1359,"",1.13,0.32,0.40,0.43,0.32,0.58,0.05,0.85,"N",1,33.3,0,0,0,0,0,0,0,0,0,0,0,0,0,0
"13097","5","23731","77","0","2025","4","",4,41,49,49,818676,92090,197,1359,"",1.13,0.32,0.40,0.43,0.32,0.58,0.05,0.85,"N",1,33.3,0,0,0,0,0,0,0,0,0,0,0,0,0,0
"13097","5","237310","78","0","2025","4","",4,41,49,49,818676,92090,197,1359,"",1.13,0.32,0.40,0.43,0.32,0.58,0.05,0.85,"N",1,33.3,0,0,0,0,0,0,0,0,0,0,0,0,0,0
"13097","5","2379","76","0","2025","4","N",1,0,0,0,0,0,0,0,"N",0.34,0,0,0,0,0,0,0,"N",0,0.0,0,0,0,0,0,0,0,0,0,0,0,0,0,0
"13097","5","23799","77","0","2025","4","N",1,0,0,0,0,0,0,0,"N",0.34,0,0,0,0,0,0,0,"N",0,0.0,0,0,0,0,0,0,0,0,0,0,0,0,0,0
"13097","5","237990","78","0","2025","4","N",1,0,0,0,0,0,0,0,"N",0.34,0,0,0,0,0,0,0,"N",0,0.0,0,0,0,0,0,0,0,0,0,0,0,0,0,0
"13097","5","238","75","0","2025","4","",238,2008,1918,1934,44889462,2621936,45400,1768,"",1.41,1.21,1.17,1.19,1.63,1.05,1.06,1.37,"",-10,-4.0,-150,-7.0,-284,-12.9,-276,-12.5,-686027,-1.5,212379,8.8,2102,4.9,167,10.4
"13097","5","2381","76","0","2025","4","",59,325,326,326,6608809,336891,4262,1561,"",1.74,1.05,1.07,1.10,1.41,0.65,0.48,1.32,"",-3,-4.8,-128,-28.3,-120,-26.9,-116,-26.2,-2531699,-27.7,-41677,-11.0,-3045,-41.7,-12,-0.8
"13097","5","23811","77","0","2025","4","",11,93,95,94,1625943,184684,2090,1331,"",1.56,1.14,1.17,1.20,1.29,1.36,0.88,1.11,"",1,10.0,15,19.2,21,28.4,16,20.5,330609,25.5,86904,88.9,1242,146.5,31,2.4
"13097","5","238111","78","0","2025","4","",5,35,38,37,636137,111035,1751,1335,"",0.97,0.88,0.97,1.00,1.20,1.55,1.48,1.26,"",1,25.0,9,34.6,17,81.0,15,68.2,285408,81.4,65898,146.0,938,115.4,162,13.8
"13097","5","238112","78","0","2025","4","",6,58,57,57,989806,73649,339,1328,"",3.17,1.37,1.36,1.39,1.36,1.16,0.28,0.99,"",0,0.0,6,11.5,4,7.5,1,1.8,45201,4.8,21006,39.9,304,868.6,-26,-1.9
"13097","5","23812","77","0","2025","4","N",3,0,0,0,0,0,0,0,"N",1.85,0,0,0,0,0,0,0,"N",1,50.0,0,0,0,0,0,0,0,0,0,0,0,0,0,0
"13097","5","238122","78","0","2025","4","N",3,0,0,0,0,0,0,0,"N",2.56,0,0,0,0,0,0,0,"N",1,50.0,0,0,0,0,0,0,0,0,0,0,0,0,0,0
"13097","5","23813","77","0","2025","4","",6,13,12,13,83803,14050,379,509,"",1.85,0.53,0.50,0.53,0.26,0.27,0.60,0.51,"",-1,-14.3,10,333.3,-1,-7.7,0,0.0,508,0.6,-12690,-47.5,-343,-47.5,-154,-23.2
"13097","5","238131","78","0","2025","4","N",3,0,0,0,0,0,0,0,"N",1.07,0,0,0,0,0,0,0,"N",-1,-25.0,0,0,0,0,0,0,0,0,0,0,0,0,0,0
"13097","5","238132","78","0","2025","4","N",3,0,0,0,0,0,0,0,"N",6.69,0,0,0,0,0,0,0,"N",0,0.0,0,0,0,0,0,0,0,0,0,0,0,0,0,0
"13097","5","23814","77","0","2025","4","N",5,0,0,0,0,0,0,0,"N",0.95,0,0,0,0,0,0,0,"N",0,0.0,0,0,0,0,0,0,0,0,0,0,0,0,0,0
"13097","5","238141","78","0","2025","4","N",2,0,0,0,0,0,0,0,"N",0.50,0,0,0,0,0,0,0,"N",0,0.0,0,0,0,0,0,0,0,0,0,0,0,0,0,0
"13097","5","238142","78","0","2025","4","N",3,0,0,0,0,0,0,0,"N",2.35,0,0,0,0,0,0,0,"N",0,0.0,0,0,0,0,0,0,0,0,0,0,0,0,0,0
"13097","5","23815","77","0","2025","4","",7,83,82,81,2218662,53092,1019,2081,"",3.03,3.66,3.62,3.58,6.07,1.88,2.13,1.68,"",-1,-12.5,-17,-17.0,-6,-6.8,-2,-2.4,-233339,-9.5,2345,4.6,-550,-35.1,-7,-0.3
"13097","5","238151","78","0","2025","4","N",4,0,0,0,0,0,0,0,"N",2.91,0,0,0,0,0,0,0,"N",0,0.0,0,0,0,0,0,0,0,0,0,0,0,0,0,0
"13097","5","238152","78","0","2025","4","N",3,0,0,0,0,0,0,0,"N",3.20,0,0,0,0,0,0,0,"N",-1,-25.0,0,0,0,0,0,0,0,0,0,0,0,0,0,0
"13097","5","23816","77","0","2025","4","",11,43,44,45,965676,29001,297,1688,"",1.16,0.54,0.57,0.60,0.79,0.25,0.17,1.39,"",-3,-21.4,0,0.0,1,2.3,5,12.5,-42006,-4.2,15253,110.9,-118,-28.4,-158,-8.6
"13097","5","238161","78","0","2025","4","",8,9,10,10,195210,15750,189,1553,"",1.04,0.21,0.24,0.24,0.32,0.21,0.20,1.42,"",-3,-27.3,1,12.5,2,25.0,6,150.0,-10591,-5.1,3750,31.2,-179,-48.6,-822,-34.6
"13097","5","238162","78","0","2025","4","",3,34,34,35,770466,13251,108,1726,"",1.66,0.94,0.96,1.02,1.24,0.31,0.13,1.28,"",0,0.0,-1,-2.9,-1,-2.9,-1,-2.8,-31415,-3.9,11503,658.1,61,129.8,-20,-1.1
"13097","5","23817","77","0","2025","4","",5,17,16,17,299989,7469,3,1385,"",2.01,1.26,1.21,1.32,1.65,0.27,0.01,1.31,"",0,0.0,-2,-10.5,-3,-15.8,-1,-5.6,-118021,-28.2,-4201,-36.0,-2,-40.0,-338,-19.6
"13097","5","238171","78","0","2025","4","N",4,0,0,0,0,0,0,0,"N",1.72,0,0,0,0,0,0,0,"N",0,0.0,0,0,0,0,0,0,0,0,0,0,0,0,0,0
"13097","5","238172","78","0","2025","4","N",1,0,0,0,0,0,0,0,"N",6.15,0,0,0,0,0,0,0,"N",0,0.0,0,0,0,0,0,0,0,0,0,0,0,0,0,0
"13097","5","23819","77","0","2025","4","",11,55,57,55,1029611,32775,124,1423,"",4.53,3.38,3.60,3.52,4.08,1.07,0.25,1.17,"",0,0.0,-142,-72.1,-140,-71.1,-143,-72.2,-2669194,-72.2,-140414,-81.1,-3596,-96.7,-19,-1.3
"13097","5","238191","78","0","2025","4","N",2,0,0,0,0,0,0,0,"N",1.37,0,0,0,0,0,0,0,"N",1,100.0,0,0,0,0,0,0,0,0,0,0,0,0,0,0
"13097","5","238192","78","0","2025","4","N",9,0,0,0,0,0,0,0,"N",9.29,0,0,0,0,0,0,0,"N",-1,-10.0,0,0,0,0,0,0,0,0,0,0,0,0,0,0
"13097","5","2382","76","0","2025","4","",96,1198,1098,1133,29298420,1491923,24812,1972,"",1.42,1.46,1.34,1.38,1.96,1.29,1.28,1.41,"",-3,-3.0,40,3.5,-107,-8.9,-84,-6.9,3440110,13.3,143774,10.7,-1570,-6.0,305,18.3
"13097","5","23821","77","0","2025","4","",37,387,255,289,8280173,485722,10236,2052,"",1.29,1.09,0.72,0.81,1.24,0.90,1.06,1.43,"",-2,-5.1,-20,-4.9,-157,-38.1,-142,-32.9,1251748,17.8,-42527,-8.1,-2750,-21.2,754,58.1
"13097","5","238211","78","0","2025","4","",11,25,25,23,415418,25500,724,1313,"",0.63,0.23,0.23,0.21,0.25,0.14,0.32,1.16,"",2,22.2,3,13.6,3,13.6,2,9.5,46581,12.6,3884,18.0,422,139.7,4,0.3
"13097","5","238212","78","0","2025","4","",26,362,230,266,7864755,460222,9512,2115,"",2.33,1.47,0.94,1.07,1.56,1.29,1.29,1.35,"",-4,-13.3,-23,-6.0,-160,-41.0,-144,-35.1,1205167,18.1,-46411,-9.2,-3172,-25.0,818,63.1
"13097","5","23822","77","0","2025","4","",52,739,771,770,19012149,945483,13143,1924,"",1.47,1.79,1.87,1.86,2.65,1.72,1.58,1.44,"",-1,-1.9,41,5.9,40,5.5,46,6.4,1603191,9.2,231846,32.5,2453,22.9,58,3.1
"13097","5","238221","78","0","2025","4","",31,241,262,253,4561597,321154,6146,1392,"",1.15,1.13,1.23,1.19,1.49,1.07,1.73,1.26,"",-1,-3.1,26,12.1,27,11.5,19,8.1,864758,23.4,93181,40.9,2261,58.2,145,11.6
"13097","5","238222","78","0","2025","4","",21,498,509,517,14450552,624329,6997,2188,"",2.50,2.49,2.55,2.58,3.51,2.51,1.48,1.38,"",0,0.0,15,3.1,13,2.6,27,5.5,738433,5.4,138665,28.6,192,2.8,34,1.6
"13097","5","23829","77","0","2025","4","",7,72,72,74,2006098,60718,1433,2124,"",1.92,1.41,1.41,1.45,1.86,0.88,1.00,1.31,"",0,0.0,19,35.8,10,16.1,12,19.4,585171,41.2,-45545,-42.9,-1273,-47.0,271,14.6
"13097","5","238291","78","0","2025","4","N",1,0,0,0,0,0,0,0,"N",1.05,0,0,0,0,0,0,0,"N",-1,-50.0,0,0,0,0,0,0,0,0,0,0,0,0,0,0
"13097","5","238292","78","0","2025","4","N",6,0,0,0,0,0,0,0,"N",2.23,0,0,0,0,0,0,0,"N",1,20.0,0,0,0,0,0,0,0,0,0,0,0,0,0,0
"13097","5","2383","76","0","2025","4","",52,244,259,250,4641557,710141,14645,1422,"",1.35,0.94,1.01,0.99,1.26,1.67,2.10,1.29,"",-3,-5.5,-24,-9.0,-17,-6.2,-25,-9.1,-1145105,-19.8,338674,91.2,11721,400.9,-209,-12.8
"13097","5","23831","77","0","2025","4","",14,64,63,56,1386998,72783,29,1749,"",2.24,0.84,0.83,0.75,1.18,0.56,0.01,1.46,"",-1,-6.7,3,4.9,-6,-8.7,-15,-21.1,-1031774,-42.7,-15546,-17.6,-188,-86.6,-1028,-37.0
"13097","5","238311","78","0","2025","4","N",11,0,0,0,0,0,0,0,"N",2.43,0,0,0,0,0,0,0,"N",0,0.0,0,0,0,0,0,0,0,0,0,0,0,0,0,0
"13097","5","238312","78","0","2025","4","N",3,0,0,0,0,0,0,0,"N",1.75,0,0,0,0,0,0,0,"N",-1,-25.0,0,0,0,0,0,0,0,0,0,0,0,0,0,0
"13097","5","23832","77","0","2025","4","",15,23,23,23,277661,16689,98,929,"",1.28,0.36,0.37,0.38,0.35,0.15,0.06,0.93,"N",0,0.0,0,0,0,0,0,0,0,0,0,0,0,0,0,0
"13097","5","238321","78","0","2025","4","N",14,0,0,0,0,0,0,0,"N",1.42,0,0,0,0,0,0,0,"N",0,0.0,0,0,0,0,0,0,0,0,0,0,0,0,0,0
"13097","5","238322","78","0","2025","4","N",1,0,0,0,0,0,0,0,"N",0.53,0,0,0,0,0,0,0,"N",0,0.0,0,0,0,0,0,0,0,0,0,0,0,0,0,0
"13097","5","23833","77","0","2025","4","",7,42,42,42,991837,20373,223,1817,"",1.28,1.68,1.71,1.71,2.78,0.55,0.44,1.64,"",0,0.0,5,13.5,4,10.5,1,2.4,-44960,-4.3,-2022,-9.0,196,725.9,-246,-11.9
"13097","5","238331","78","0","2025","4","N",5,0,0,0,0,0,0,0,"N",1.11,0,0,0,0,0,0,0,"N",0,0.0,0,0,0,0,0,0,0,0,0,0,0,0,0,0
"13097","5","238332","78","0","2025","4","N",2,0,0,0,0,0,0,0,"N",2.06,0,0,0,0,0,0,0,"N",0,0.0,0,0,0,0,0,0,0,0,0,0,0,0,0,0
"13097","5","23834","77","0","2025","4","N",1,0,0,0,0,0,0,0,"N",0.35,0,0,0,0,0,0,0,"N",0,0.0,0,0,0,0,0,0,0,0,0,0,0,0,0,0
"13097","5","238341","78","0","2025","4","N",1,0,0,0,0,0,0,0,"N",0.39,0,0,0,0,0,0,0,"N",0,0.0,0,0,0,0,0,0,0,0,0,0,0,0,0,0
"13097","5","23835","77","0","2025","4","",11,98,114,111,1657821,590796,14038,1184,"",1.19,1.97,2.30,2.25,2.38,7.66,13.63,1.09,"",-1,-8.3,-23,-19.0,-5,-4.2,-10,-8.3,-75534,-4.4,371826,169.8,11795,525.9,76,6.9
"13097","5","238351","78","0","2025","4","N",8,0,0,0,0,0,0,0,"N",0.97,0,0,0,0,0,0,0,"N",-1,-11.1,0,0,0,0,0,0,0,0,0,0,0,0,0,0
"13097","5","238352","78","0","2025","4","N",3,0,0,0,0,0,0,0,"N",3.06,0,0,0,0,0,0,0,"N",0,0.0,0,0,0,0,0,0,0,0,0,0,0,0,0,0
"13097","5","23839","77","0","2025","4","N",4,0,0,0,0,0,0,0,"N",1.29,0,0,0,0,0,0,0,"N",-1,-20.0,0,0,0,0,0,0,0,0,0,0,0,0,0,0
"13097","5","238391","78","0","2025","4","N",2,0,0,0,0,0,0,0,"N",1.10,0,0,0,0,0,0,0,"N",1,100.0,0,0,0,0,0,0,0,0,0,0,0,0,0,0
"13097","5","238392","78","0","2025","4","N",2,0,0,0,0,0,0,0,"N",1.55,0,0,0,0,0,0,0,"N",-2,-50.0,0,0,0,0,0,0,0,0,0,0,0,0,0,0
"13097","5","2389","76","0","2025","4","",31,241,235,225,4340676,82981,1681,1429,"",1.08,0.91,0.91,0.90,1.04,0.20,0.22,1.14,"",-1,-3.1,-38,-13.6,-40,-14.5,-51,-18.5,-449333,-9.4,-228392,-73.3,-5004,-74.9,97,7.3
"13097","5","23891","77","0","2025","4","",12,65,66,60,1236384,8569,157,1494,"",1.00,0.48,0.50,0.46,0.56,0.04,0.04,1.17,"",0,0.0,-18,-21.7,-17,-20.5,-19,-24.1,-336201,-21.4,-56504,-86.8,-1565,-90.9,13,0.9
"13097","5","238911","78","0","2025","4","N",7,0,0,0,0,0,0,0,"N",0.99,0,0,0,0,0,0,0,"N",0,0.0,0,0,0,0,0,0,0,0,0,0,0,0,0,0
"13097","5","238912","78","0","2025","4","N",5,0,0,0,0,0,0,0,"N",1.01,0,0,0,0,0,0,0,"N",0,0.0,0,0,0,0,0,0,0,0,0,0,0,0,0,0
"13097","5","23899","77","0","2025","4","",19,176,169,165,3104292,74412,1524,1405,"",1.13,1.35,1.34,1.38,1.56,0.39,0.38,1.15,"",-1,-5.0,-20,-10.2,-23,-12.0,-32,-16.2,-113132,-3.5,-171888,-69.8,-3439,-69.3,136,10.7
"13097","5","238991","78","0","2025","4","",9,89,88,91,1375161,20454,19,1184,"",0.80,1.39,1.43,1.57,1.66,0.21,0.01,1.14,"",0,0.0,9,11.2,11,14.3,14,18.2,348452,33.9,-9013,-30.6,-520,-96.5,171,16.9
"13097","5","238992","78","0","2025","4","",10,87,81,74,1729131,53958,1505,1649,"",1.81,1.32,1.26,1.20,1.49,0.56,0.68,1.18,"",-1,-9.1,-29,-25.0,-34,-29.6,-46,-38.3,-461584,-21.1,-162875,-75.1,-2919,-66.0,209,14.5
"13097","5","31-33","74","0","2025","4","",124,4241,4222,4195,74963999,2707730,24242,1367,"",1.09,1.08,1.08,1.07,1.07,0.72,0.64,1.00,"",1,0.8,1090,34.6,1057,33.4,1007,31.6,15151977,25.3,825739,43.9,10248,73.2,-85,-5.9
"13097","5","311","75","0","2025","4","",9,470,472,463,9340116,365391,6294,1534,"",0.74,0.84,0.85,0.83,1.33,0.48,0.86,1.57,"",1,12.5,28,6.3,29,6.5,21,4.8,-590010,-5.9,140608,62.6,3661,139.0,-193,-11.2
"13097","5","3115","76","0","2025","4","N",1,0,0,0,0,0,0,0,"N",1.25,0,0,0,0,0,0,0,"N",1,100.0,0,0,0,0,0,0,0,0,0,0,0,0,0,0
"13097","5","31152","77","0","2025","4","N",1,0,0,0,0,0,0,0,"N",3.49,0,0,0,0,0,0,0,"N",1,100.0,0,0,0,0,0,0,0,0,0,0,0,0,0,0
"13097","5","311520","78","0","2025","4","N",1,0,0,0,0,0,0,0,"N",3.49,0,0,0,0,0,0,0,"N",1,100.0,0,0,0,0,0,0,0,0,0,0,0,0,0,0
"13097","5","3116","76","0","2025","4","N",1,0,0,0,0,0,0,0,"N",0.75,0,0,0,0,0,0,0,"N",0,0.0,0,0,0,0,0,0,0,0,0,0,0,0,0,0
"13097","5","31161","77","0","2025","4","N",1,0,0,0,0,0,0,0,"N",0.75,0,0,0,0,0,0,0,"N",0,0.0,0,0,0,0,0,0,0,0,0,0,0,0,0,0
"13097","5","311612","78","0","2025","4","N",1,0,0,0,0,0,0,0,"N",1.78,0,0,0,0,0,0,0,"N",0,0.0,0,0,0,0,0,0,0,0,0,0,0,0,0,0
"13097","5","3118","76","0","2025","4","",7,463,465,461,9137303,353964,6241,1518,"",1.53,4.26,4.26,4.19,8.19,2.24,3.94,1.93,"N",0,0.0,0,0,0,0,0,0,0,0,0,0,0,0,0,0
"13097","5","31181","77","0","2025","4","",7,463,465,461,9137303,353964,6241,1518,"",1.73,5.44,5.43,5.34,11.12,2.77,4.78,2.06,"N",0,0.0,0,0,0,0,0,0,0,0,0,0,0,0,0,0
"13097","5","311811","78","0","2025","4","N",1,0,0,0,0,0,0,0,"N",0.36,0,0,0,0,0,0,0,"N",0,0.0,0,0,0,0,0,0,0,0,0,0,0,0,0,0
"13097","5","311812","78","0","2025","4","N",6,0,0,0,0,0,0,0,"N",5.05,0,0,0,0,0,0,0,"N",0,0.0,0,0,0,0,0,0,0,0,0,0,0,0,0,0
"13097","5","312","75","0","2025","4","N",1,0,0,0,0,0,0,0,"N",0.21,0,0,0,0,0,0,0,"N",0,0.0,0,0,0,0,0,0,0,0,0,0,0,0,0,0
"13097","5","3121","76","0","2025","4","N",1,0,0,0,0,0,0,0,"N",0.22,0,0,0,0,0,0,0,"N",0,0.0,0,0,0,0,0,0,0,0,0,0,0,0,0,0
"13097","5","31212","77","0","2025","4","N",1,0,0,0,0,0,0,0,"N",0.60,0,0,0,0,0,0,0,"N",0,0.0,0,0,0,0,0,0,0,0,0,0,0,0,0,0
"13097","5","312120","78","0","2025","4","N",1,0,0,0,0,0,0,0,"N",0.60,0,0,0,0,0,0,0,"N",0,0.0,0,0,0,0,0,0,0,0,0,0,0,0,0,0
"13097","5","313","75","0","2025","4","N",2,0,0,0,0,0,0,0,"N",2.68,0,0,0,0,0,0,0,"N",0,0.0,0,0,0,0,0,0,0,0,0,0,0,0,0,0
"13097","5","3131","76","0","2025","4","N",1,0,0,0,0,0,0,0,"N",9.05,0,0,0,0,0,0,0,"N",0,0.0,0,0,0,0,0,0,0,0,0,0,0,0,0,0
"13097","5","31311","77","0","2025","4","N",1,0,0,0,0,0,0,0,"N",9.05,0,0,0,0,0,0,0,"N",0,0.0,0,0,0,0,0,0,0,0,0,0,0,0,0,0
"13097","5","313110","78","0","2025","4","N",1,0,0,0,0,0,0,0,"N",9.05,0,0,0,0,0,0,0,"N",0,0.0,0,0,0,0,0,0,0,0,0,0,0,0,0,0
"13097","5","3133","76","0","2025","4","N",1,0,0,0,0,0,0,0,"N",2.90,0,0,0,0,0,0,0,"N",0,0.0,0,0,0,0,0,0,0,0,0,0,0,0,0,0
"13097","5","31331","77","0","2025","4","N",1,0,0,0,0,0,0,0,"N",3.49,0,0,0,0,0,0,0,"N",0,0.0,0,0,0,0,0,0,0,0,0,0,0,0,0,0
"13097","5","313310","78","0","2025","4","N",1,0,0,0,0,0,0,0,"N",3.49,0,0,0,0,0,0,0,"N",0,0.0,0,0,0,0,0,0,0,0,0,0,0,0,0,0
"13097","5","314","75","0","2025","4","",5,30,31,30,507092,35151,232,1286,"",2.88,1.04,1.08,1.04,1.51,1.09,0.88,1.43,"",-1,-16.7,-1,-3.2,1,3.3,1,3.4,6432,1.3,8417,31.5,27,13.2,2,0.2
"13097","5","3141","76","0","2025","4","N",3,0,0,0,0,0,0,0,"N",7.20,0,0,0,0,0,0,0,"N",-1,-25.0,0,0,0,0,0,0,0,0,0,0,0,0,0,0
"13097","5","31411","77","0","2025","4","N",1,0,0,0,0,0,0,0,"N",8.10,0,0,0,0,0,0,0,"N",0,0.0,0,0,0,0,0,0,0,0,0,0,0,0,0,0
"13097","5","314110","78","0","2025","4","N",1,0,0,0,0,0,0,0,"N",8.10,0,0,0,0,0,0,0,"N",0,0.0,0,0,0,0,0,0,0,0,0,0,0,0,0,0
"13097","5","31412","77","0","2025","4","N",2,0,0,0,0,0,0,0,"N",6.82,0,0,0,0,0,0,0,"N",-1,-33.3,0,0,0,0,0,0,0,0,0,0,0,0,0,0
"13097","5","314120","78","0","2025","4","N",2,0,0,0,0,0,0,0,"N",6.82,0,0,0,0,0,0,0,"N",-1,-33.3,0,0,0,0,0,0,0,0,0,0,0,0,0,0
"13097","5","3149","76","0","2025","4","N",2,0,0,0,0,0,0,0,"N",1.52,0,0,0,0,0,0,0,"N",0,0.0,0,0,0,0,0,0,0,0,0,0,0,0,0,0
"13097","5","31499","77","0","2025","4","N",2,0,0,0,0,0,0,0,"N",2.28,0,0,0,0,0,0,0,"N",0,0.0,0,0,0,0,0,0,0,0,0,0,0,0,0,0
"13097","5","314999","78","0","2025","4","N",2,0,0,0,0,0,0,0,"N",2.41,0,0,0,0,0,0,0,"N",0,0.0,0,0,0,0,0,0,0,0,0,0,0,0,0,0
"13097","5","321","75","0","2025","4","N",2,0,0,0,0,0,0,0,"N",0.44,0,0,0,0,0,0,0,"N",2,100.0,0,0,0,0,0,0,0,0,0,0,0,0,0,0
"13097","5","3211","76","0","2025","4","N",1,0,0,0,0,0,0,0,"N",1.06,0,0,0,0,0,0,0,"N",1,100.0,0,0,0,0,0,0,0,0,0,0,0,0,0,0
"13097","5","32111","77","0","2025","4","N",1,0,0,0,0,0,0,0,"N",1.06,0,0,0,0,0,0,0,"N",1,100.0,0,0,0,0,0,0,0,0,0,0,0,0,0,0
"13097","5","321113","78","0","2025","4","N",1,0,0,0,0,0,0,0,"N",1.24,0,0,0,0,0,0,0,"N",1,100.0,0,0,0,0,0,0,0,0,0,0,0,0,0,0
"13097","5","3219","76","0","2025","4","N",1,0,0,0,0,0,0,0,"N",0.32,0,0,0,0,0,0,0,"N",1,100.0,0,0,0,0,0,0,0,0,0,0,0,0,0,0
"13097","5","32191","77","0","2025","4","N",1,0,0,0,0,0,0,0,"N",1.01,0,0,0,0,0,0,0,"N",1,100.0,0,0,0,0,0,0,0,0,0,0,0,0,0,0
"13097","5","321911","78","0","2025","4","N",1,0,0,0,0,0,0,0,"N",2.82,0,0,0,0,0,0,0,"N",1,100.0,0,0,0,0,0,0,0,0,0,0,0,0,0,0
"13097","5","322","75","0","2025","4","N",3,0,0,0,0,0,0,0,"N",1.84,0,0,0,0,0,0,0,"N",0,0.0,0,0,0,0,0,0,0,0,0,0,0,0,0,0
"13097","5","3222","76","0","2025","4","N",3,0,0,0,0,0,0,0,"N",2.18,0,0,0,0,0,0,0,"N",0,0.0,0,0,0,0,0,0,0,0,0,0,0,0,0,0
"13097","5","32221","77","0","2025","4","N",2,0,0,0,0,0,0,0,"N",2.82,0,0,0,0,0,0,0,"N",0,0.0,0,0,0,0,0,0,0,0,0,0,0,0,0,0
"13097","5","322211","78","0","2025","4","N",1,0,0,0,0,0,0,0,"N",2.08,0,0,0,0,0,0,0,"N",0,0.0,0,0,0,0,0,0,0,0,0,0,0,0,0,0
"13097","5","322212","78","0","2025","4","N",1,0,0,0,0,0,0,0,"N",8.63,0,0,0,0,0,0,0,"N",0,0.0,0,0,0,0,0,0,0,0,0,0,0,0,0,0
"13097","5","32222","77","0","2025","4","N",1,0,0,0,0,0,0,0,"N",3.30,0,0,0,0,0,0,0,"N",0,0.0,0,0,0,0,0,0,0,0,0,0,0,0,0,0
"13097","5","322220","78","0","2025","4","N",1,0,0,0,0,0,0,0,"N",3.30,0,0,0,0,0,0,0,"N",0,0.0,0,0,0,0,0,0,0,0,0,0,0,0,0,0
"13097","5","323","75","0","2025","4","N",2,0,0,0,0,0,0,0,"N",0.26,0,0,0,0,0,0,0,"N",-1,-33.3,0,0,0,0,0,0,0,0,0,0,0,0,0,0
"13097","5","3231","76","0","2025","4","N",2,0,0,0,0,0,0,0,"N",0.26,0,0,0,0,0,0,0,"N",-1,-33.3,0,0,0,0,0,0,0,0,0,0,0,0,0,0
"13097","5","32311","77","0","2025","4","N",2,0,0,0,0,0,0,0,"N",0.27,0,0,0,0,0,0,0,"N",-1,-33.3,0,0,0,0,0,0,0,0,0,0,0,0,0,0
"13097","5","323111","78","0","2025","4","N",1,0,0,0,0,0,0,0,"N",0.20,0,0,0,0,0,0,0,"N",-1,-50.0,0,0,0,0,0,0,0,0,0,0,0,0,0,0
"13097","5","323113","78","0","2025","4","N",1,0,0,0,0,0,0,0,"N",0.46,0,0,0,0,0,0,0,"N",0,0.0,0,0,0,0,0,0,0,0,0,0,0,0,0,0
"13097","5","324","75","0","2025","4","N",1,0,0,0,0,0,0,0,"N",1.30,0,0,0,0,0,0,0,"N",0,0.0,0,0,0,0,0,0,0,0,0,0,0,0,0,0
"13097","5","3241","76","0","2025","4","N",1,0,0,0,0,0,0,0,"N",1.30,0,0,0,0,0,0,0,"N",0,0.0,0,0,0,0,0,0,0,0,0,0,0,0,0,0
"13097","5","32412","77","0","2025","4","N",1,0,0,0,0,0,0,0,"N",2.48,0,0,0,0,0,0,0,"N",0,0.0,0,0,0,0,0,0,0,0,0,0,0,0,0,0
"13097","5","324121","78","0","2025","4","N",1,0,0,0,0,0,0,0,"N",3.33,0,0,0,0,0,0,0,"N",0,0.0,0,0,0,0,0,0,0,0,0,0,0,0,0,0
"13097","5","325","75","0","2025","4","N",8,0,0,0,0,0,0,0,"N",1.08,0,0,0,0,0,0,0,"N",-3,-27.3,0,0,0,0,0,0,0,0,0,0,0,0,0,0
"13097","5","3252","76","0","2025","4","-",0,0,0,0,0,0,0,0,"N",0.00,0,0,0,0,0,0,0,"N",-1,-100.0,0,0,0,0,0,0,0,0,0,0,0,0,0,0
"13097","5","32521","77","0","2025","4","-",0,0,0,0,0,0,0,0,"N",0.00,0,0,0,0,0,0,0,"N",-1,-100.0,0,0,0,0,0,0,0,0,0,0,0,0,0,0
"13097","5","325211","78","0","2025","4","-",0,0,0,0,0,0,0,0,"N",0.00,0,0,0,0,0,0,0,"N",-1,-100.0,0,0,0,0,0,0,0,0,0,0,0,0,0,0
"13097","5","3254","76","0","2025","4","-",0,0,0,0,0,0,0,0,"N",0.00,0,0,0,0,0,0,0,"N",-1,-100.0,0,0,0,0,0,0,0,0,0,0,0,0,0,0
"13097","5","32541","77","0","2025","4","-",0,0,0,0,0,0,0,0,"N",0.00,0,0,0,0,0,0,0,"N",-1,-100.0,0,0,0,0,0,0,0,0,0,0,0,0,0,0
"13097","5","325412","78","0","2025","4","-",0,0,0,0,0,0,0,0,"N",0.00,0,0,0,0,0,0,0,"N",-1,-100.0,0,0,0,0,0,0,0,0,0,0,0,0,0,0
"13097","5","3255","76","0","2025","4","N",6,0,0,0,0,0,0,0,"N",8.06,0,0,0,0,0,0,0,"N",0,0.0,0,0,0,0,0,0,0,0,0,0,0,0,0,0
"13097","5","32551","77","0","2025","4","N",5,0,0,0,0,0,0,0,"N",9.58,0,0,0,0,0,0,0,"N",0,0.0,0,0,0,0,0,0,0,0,0,0,0,0,0,0
"13097","5","325510","78","0","2025","4","N",5,0,0,0,0,0,0,0,"N",9.58,0,0,0,0,0,0,0,"N",0,0.0,0,0,0,0,0,0,0,0,0,0,0,0,0,0
"13097","5","32552","77","0","2025","4","N",1,0,0,0,0,0,0,0,"N",4.51,0,0,0,0,0,0,0,"N",0,0.0,0,0,0,0,0,0,0,0,0,0,0,0,0,0
"13097","5","325520","78","0","2025","4","N",1,0,0,0,0,0,0,0,"N",4.51,0,0,0,0,0,0,0,"N",0,0.0,0,0,0,0,0,0,0,0,0,0,0,0,0,0
"13097","5","3256","76","0","2025","4","-",0,0,0,0,0,0,0,0,"N",0.00,0,0,0,0,0,0,0,"N",-1,-100.0,0,0,0,0,0,0,0,0,0,0,0,0,0,0
"13097","5","32562","77","0","2025","4","-",0,0,0,0,0,0,0,0,"N",0.00,0,0,0,0,0,0,0,"N",-1,-100.0,0,0,0,0,0,0,0,0,0,0,0,0,0,0
"13097","5","325620","78","0","2025","4","-",0,0,0,0,0,0,0,0,"N",0.00,0,0,0,0,0,0,0,"N",-1,-100.0,0,0,0,0,0,0,0,0,0,0,0,0,0,0
"13097","5","3259","76","0","2025","4","N",2,0,0,0,0,0,0,0,"N",1.98,0,0,0,0,0,0,0,"N",0,0.0,0,0,0,0,0,0,0,0,0,0,0,0,0,0
"13097","5","32599","77","0","2025","4","N",2,0,0,0,0,0,0,0,"N",2.34,0,0,0,0,0,0,0,"N",0,0.0,0,0,0,0,0,0,0,0,0,0,0,0,0,0
"13097","5","325998","78","0","2025","4","N",2,0,0,0,0,0,0,0,"N",3.00,0,0,0,0,0,0,0,"N",0,0.0,0,0,0,0,0,0,0,0,0,0,0,0,0,0
"13097","5","326","75","0","2025","4","",4,357,348,352,5914610,312729,8502,1291,"",0.97,1.65,1.61,1.62,1.92,1.56,4.57,1.18,"N",1,33.3,0,0,0,0,0,0,0,0,0,0,0,0,0,0
"13097","5","3261","76","0","2025","4","N",3,0,0,0,0,0,0,0,"N",0.85,0,0,0,0,0,0,0,"N",0,0.0,0,0,0,0,0,0,0,0,0,0,0,0,0,0
"13097","5","32611","77","0","2025","4","N",2,0,0,0,0,0,0,0,"N",3.92,0,0,0,0,0,0,0,"N",0,0.0,0,0,0,0,0,0,0,0,0,0,0,0,0,0
"13097","5","326111","78","0","2025","4","N",1,0,0,0,0,0,0,0,"N",5.91,0,0,0,0,0,0,0,"N",0,0.0,0,0,0,0,0,0,0,0,0,0,0,0,0,0
"13097","5","326112","78","0","2025","4","N",1,0,0,0,0,0,0,0,"N",5.30,0,0,0,0,0,0,0,"N",0,0.0,0,0,0,0,0,0,0,0,0,0,0,0,0,0
"13097","5","32619","77","0","2025","4","N",1,0,0,0,0,0,0,0,"N",0.51,0,0,0,0,0,0,0,"N",0,0.0,0,0,0,0,0,0,0,0,0,0,0,0,0,0
"13097","5","326199","78","0","2025","4","N",1,0,0,0,0,0,0,0,"N",0.54,0,0,0,0,0,0,0,"N",0,0.0,0,0,0,0,0,0,0,0,0,0,0,0,0,0
"13097","5","3262","76","0","2025","4","N",1,0,0,0,0,0,0,0,"N",1.62,0,0,0,0,0,0,0,"N",1,100.0,0,0,0,0,0,0,0,0,0,0,0,0,0,0
"13097","5","32622","77","0","2025","4","N",1,0,0,0,0,0,0,0,"N",7.06,0,0,0,0,0,0,0,"N",1,100.0,0,0,0,0,0,0,0,0,0,0,0,0,0,0
"13097","5","326220","78","0","2025","4","N",1,0,0,0,0,0,0,0,"N",7.06,0,0,0,0,0,0,0,"N",1,100.0,0,0,0,0,0,0,0,0,0,0,0,0,0,0
"13097","5","327","75","0","2025","4","",8,94,95,94,2055409,89869,435,1676,"",1.59,0.72,0.73,0.73,1.00,0.69,0.25,1.37,"",0,0.0,-9,-8.7,-9,-8.7,2,2.2,88946,4.5,23845,36.1,-151,-25.8,158,10.4
"13097","5","3271","76","0","2025","4","N",2,0,0,0,0,0,0,0,"N",4.74,0,0,0,0,0,0,0,"N",0,0.0,0,0,0,0,0,0,0,0,0,0,0,0,0,0
"13097","5","32711","77","0","2025","4","N",1,0,0,0,0,0,0,0,"N",4.37,0,0,0,0,0,0,0,"N",0,0.0,0,0,0,0,0,0,0,0,0,0,0,0,0,0
"13097","5","327110","78","0","2025","4","N",1,0,0,0,0,0,0,0,"N",4.37,0,0,0,0,0,0,0,"N",0,0.0,0,0,0,0,0,0,0,0,0,0,0,0,0,0
"13097","5","32712","77","0","2025","4","N",1,0,0,0,0,0,0,0,"N",5.19,0,0,0,0,0,0,0,"N",0,0.0,0,0,0,0,0,0,0,0,0,0,0,0,0,0
"13097","5","327120","78","0","2025","4","N",1,0,0,0,0,0,0,0,"N",5.19,0,0,0,0,0,0,0,"N",0,0.0,0,0,0,0,0,0,0,0,0,0,0,0,0,0
"13097","5","3273","76","0","2025","4","",4,52,51,53,1201728,13989,86,1778,"",1.48,0.79,0.78,0.82,1.09,0.19,0.08,1.37,"",0,0.0,-4,-7.1,-5,-8.9,-3,-5.4,-8904,-0.7,-11224,-44.5,-4,-4.4,115,6.9
"13097","5","32731","77","0","2025","4","N",2,0,0,0,0,0,0,0,"N",14.68,0,0,0,0,0,0,0,"N",0,0.0,0,0,0,0,0,0,0,0,0,0,0,0,0,0
"13097","5","327310","78","0","2025","4","N",2,0,0,0,0,0,0,0,"N",14.68,0,0,0,0,0,0,0,"N",0,0.0,0,0,0,0,0,0,0,0,0,0,0,0,0,0
"13097","5","32732","77","0","2025","4","N",2,0,0,0,0,0,0,0,"N",1.21,0,0,0,0,0,0,0,"N",0,0.0,0,0,0,0,0,0,0,0,0,0,0,0,0,0
"13097","5","327320","78","0","2025","4","N",2,0,0,0,0,0,0,0,"N",1.21,0,0,0,0,0,0,0,"N",0,0.0,0,0,0,0,0,0,0,0,0,0,0,0,0,0
"13097","5","3279","76","0","2025","4","N",2,0,0,0,0,0,0,0,"N",1.60,0,0,0,0,0,0,0,"N",0,0.0,0,0,0,0,0,0,0,0,0,0,0,0,0,0
"13097","5","32791","77","0","2025","4","N",1,0,0,0,0,0,0,0,"N",8.94,0,0,0,0,0,0,0,"N",0,0.0,0,0,0,0,0,0,0,0,0,0,0,0,0,0
"13097","5","327910","78","0","2025","4","N",1,0,0,0,0,0,0,0,"N",8.94,0,0,0,0,0,0,0,"N",0,0.0,0,0,0,0,0,0,0,0,0,0,0,0,0,0
"13097","5","32799","77","0","2025","4","N",1,0,0,0,0,0,0,0,"N",0.88,0,0,0,0,0,0,0,"N",0,0.0,0,0,0,0,0,0,0,0,0,0,0,0,0,0
"13097","5","327991","78","0","2025","4","N",1,0,0,0,0,0,0,0,"N",1.20,0,0,0,0,0,0,0,"N",0,0.0,0,0,0,0,0,0,0,0,0,0,0,0,0,0
"13097","5","331","75","0","2025","4","N",3,0,0,0,0,0,0,0,"N",1.72,0,0,0,0,0,0,0,"N",0,0.0,0,0,0,0,0,0,0,0,0,0,0,0,0,0
"13097","5","3314","76","0","2025","4","N",3,0,0,0,0,0,0,0,"N",9.26,0,0,0,0,0,0,0,"N",0,0.0,0,0,0,0,0,0,0,0,0,0,0,0,0,0
"13097","5","33142","77","0","2025","4","N",3,0,0,0,0,0,0,0,"N",30.69,0,0,0,0,0,0,0,"N",0,0.0,0,0,0,0,0,0,0,0,0,0,0,0,0,0
"13097","5","331420","78","0","2025","4","N",3,0,0,0,0,0,0,0,"N",30.69,0,0,0,0,0,0,0,"N",0,0.0,0,0,0,0,0,0,0,0,0,0,0,0,0,0
"13097","5","332","75","0","2025","4","",26,1619,1617,1594,25342838,1152907,2274,1211,"",1.50,3.64,3.64,3.57,3.58,2.68,0.52,0.99,"",1,4.0,1049,184.0,1043,181.7,1013,174.4,15832977,166.5,828083,254.9,3,0.1,-61,-4.8
"13097","5","3321","76","0","2025","4","N",3,0,0,0,0,0,0,0,"N",4.74,0,0,0,0,0,0,0,"N",0,0.0,0,0,0,0,0,0,0,0,0,0,0,0,0,0
"13097","5","33211","77","0","2025","4","N",3,0,0,0,0,0,0,0,"N",4.74,0,0,0,0,0,0,0,"N",0,0.0,0,0,0,0,0,0,0,0,0,0,0,0,0,0
"13097","5","332114","78","0","2025","4","N",1,0,0,0,0,0,0,0,"N",13.73,0,0,0,0,0,0,0,"N",0,0.0,0,0,0,0,0,0,0,0,0,0,0,0,0,0
"13097","5","332119","78","0","2025","4","N",2,0,0,0,0,0,0,0,"N",5.86,0,0,0,0,0,0,0,"N",0,0.0,0,0,0,0,0,0,0,0,0,0,0,0,0,0
"13097","5","3323","76","0","2025","4","",13,1345,1340,1317,20723325,1004426,1202,1195,"",2.69,10.37,10.32,10.10,9.99,6.97,0.81,0.97,"",3,30.0,1057,367.0,1048,358.9,1021,344.9,15970580,336.0,894434,813.2,260,27.6,-57,-4.6
"13097","5","33231","77","0","2025","4","N",3,0,0,0,0,0,0,0,"N",1.40,0,0,0,0,0,0,0,"N",0,0.0,0,0,0,0,0,0,0,0,0,0,0,0,0,0
"13097","5","332312","78","0","2025","4","N",3,0,0,0,0,0,0,0,"N",2.61,0,0,0,0,0,0,0,"N",0,0.0,0,0,0,0,0,0,0,0,0,0,0,0,0,0
"13097","5","33232","77","0","2025","4","N",10,0,0,0,0,0,0,0,"N",3.73,0,0,0,0,0,0,0,"N",3,42.9,0,0,0,0,0,0,0,0,0,0,0,0,0,0
"13097","5","332321","78","0","2025","4","N",4,0,0,0,0,0,0,0,"N",8.77,0,0,0,0,0,0,0,"N",2,100.0,0,0,0,0,0,0,0,0,0,0,0,0,0,0
"13097","5","332322","78","0","2025","4","N",3,0,0,0,0,0,0,0,"N",2.35,0,0,0,0,0,0,0,"N",1,50.0,0,0,0,0,0,0,0,0,0,0,0,0,0,0
"13097","5","332323","78","0","2025","4","",3,103,100,99,1566342,24223,40,1197,"",3.17,7.46,7.25,7.14,7.44,1.32,0.19,1.02,"",0,0.0,5,5.1,1,1.0,-4,-3.9,-24241,-1.5,9431,63.8,13,48.1,-27,-2.2
"13097","5","3327","76","0","2025","4","",5,57,56,54,841726,8425,90,1163,"",0.85,0.56,0.55,0.52,0.53,0.09,0.09,0.98,"",-2,-28.6,-13,-18.6,-15,-21.1,-20,-27.0,-663173,-44.1,-52083,-86.1,-57,-38.8,-452,-28.0
"13097","5","33271","77","0","2025","4","",5,57,56,54,841726,8425,90,1163,"",0.96,0.72,0.71,0.68,0.70,0.10,0.11,1.00,"",-2,-28.6,-13,-18.6,-15,-21.1,-20,-27.0,-663173,-44.1,-52083,-86.1,-57,-38.8,-452,-28.0
"13097","5","332710","78","0","2025","4","",5,57,56,54,841726,8425,90,1163,"",0.96,0.72,0.71,0.68,0.70,0.10,0.11,1.00,"",-2,-28.6,-13,-18.6,-15,-21.1,-20,-27.0,-663173,-44.1,-52083,-86.1,-57,-38.8,-452,-28.0
"13097","5","3328","76","0","2025","4","",4,68,69,69,1049835,38149,136,1176,"",2.31,1.71,1.74,1.73,1.88,0.96,0.32,1.09,"",0,0.0,7,11.5,9,15.0,11,19.0,100491,10.6,14756,63.1,-130,-48.9,-48,-3.9
"13097","5","33281","77","0","2025","4","",4,68,69,69,1049835,38149,136,1176,"",2.31,1.71,1.74,1.73,1.88,0.96,0.32,1.09,"",0,0.0,7,11.5,9,15.0,11,19.0,100491,10.6,14756,63.1,-130,-48.9,-48,-3.9
"13097","5","332812","78","0","2025","4","N",2,0,0,0,0,0,0,0,"N",2.30,0,0,0,0,0,0,0,"N",0,0.0,0,0,0,0,0,0,0,0,0,0,0,0,0,0
"13097","5","332813","78","0","2025","4","N",2,0,0,0,0,0,0,0,"N",3.02,0,0,0,0,0,0,0,"N",0,0.0,0,0,0,0,0,0,0,0,0,0,0,0,0,0
"13097","5","3329","76","0","2025","4","N",1,0,0,0,0,0,0,0,"N",0.37,0,0,0,0,0,0,0,"N",0,0.0,0,0,0,0,0,0,0,0,0,0,0,0,0,0
"13097","5","33299","77","0","2025","4","N",1,0,0,0,0,0,0,0,"N",0.48,0,0,0,0,0,0,0,"N",0,0.0,0,0,0,0,0,0,0,0,0,0,0,0,0,0
"13097","5","332999","78","0","2025","4","N",1,0,0,0,0,0,0,0,"N",0.72,0,0,0,0,0,0,0,"N",0,0.0,0,0,0,0,0,0,0,0,0,0,0,0,0,0
"13097","5","333","75","0","2025","4","",14,439,431,431,7320270,163385,718,1298,"",1.41,1.30,1.28,1.27,1.17,0.60,0.26,0.91,"",-1,-6.7,-81,-15.6,-91,-17.4,-85,-16.5,-2647318,-26.6,-372078,-69.5,-1826,-71.8,-178,-12.1
"13097","5","3331","76","0","2025","4","N",3,0,0,0,0,0,0,0,"N",2.20,0,0,0,0,0,0,0,"N",0,0.0,0,0,0,0,0,0,0,0,0,0,0,0,0,0
"13097","5","33311","77","0","2025","4","N",1,0,0,0,0,0,0,0,"N",1.82,0,0,0,0,0,0,0,"N",0,0.0,0,0,0,0,0,0,0,0,0,0,0,0,0,0
"13097","5","333111","78","0","2025","4","N",1,0,0,0,0,0,0,0,"N",2.12,0,0,0,0,0,0,0,"N",0,0.0,0,0,0,0,0,0,0,0,0,0,0,0,0,0
"13097","5","33312","77","0","2025","4","N",2,0,0,0,0,0,0,0,"N",5.98,0,0,0,0,0,0,0,"N",0,0.0,0,0,0,0,0,0,0,0,0,0,0,0,0,0
"13097","5","333120","78","0","2025","4","N",2,0,0,0,0,0,0,0,"N",5.98,0,0,0,0,0,0,0,"N",0,0.0,0,0,0,0,0,0,0,0,0,0,0,0,0,0
"13097","5","3333","76","0","2025","4","N",1,0,0,0,0,0,0,0,"N",1.11,0,0,0,0,0,0,0,"N",0,0.0,0,0,0,0,0,0,0,0,0,0,0,0,0,0
"13097","5","33331","77","0","2025","4","N",1,0,0,0,0,0,0,0,"N",1.11,0,0,0,0,0,0,0,"N",0,0.0,0,0,0,0,0,0,0,0,0,0,0,0,0,0
"13097","5","333310","78","0","2025","4","N",1,0,0,0,0,0,0,0,"N",1.11,0,0,0,0,0,0,0,"N",0,0.0,0,0,0,0,0,0,0,0,0,0,0,0,0,0
"13097","5","3334","76","0","2025","4","",5,324,318,319,5485954,87357,251,1317,"",5.58,6.92,6.81,6.79,7.87,2.04,0.61,1.15,"",0,0.0,0,0.0,-4,-1.2,3,0.9,-819089,-13.0,-50726,-36.7,-193,-43.5,-195,-12.9
"13097","5","33341","77","0","2025","4","",5,324,318,319,5485954,87357,251,1317,"",5.58,6.92,6.81,6.79,7.87,2.04,0.61,1.15,"",0,0.0,0,0.0,-4,-1.2,3,0.9,-819089,-13.0,-50726,-36.7,-193,-43.5,-195,-12.9
"13097","5","333415","78","0","2025","4","",5,324,318,319,5485954,87357,251,1317,"",10.71,10.27,10.12,10.09,11.63,3.44,1.01,1.15,"",0,0.0,0,0.0,-4,-1.2,3,0.9,-819089,-13.0,-50726,-36.7,-193,-43.5,-195,-12.9
"13097","5","3336","76","0","2025","4","N",1,0,0,0,0,0,0,0,"N",2.39,0,0,0,0,0,0,0,"N",0,0.0,0,0,0,0,0,0,0,0,0,0,0,0,0,0
"13097","5","33361","77","0","2025","4","N",1,0,0,0,0,0,0,0,"N",2.39,0,0,0,0,0,0,0,"N",0,0.0,0,0,0,0,0,0,0,0,0,0,0,0,0,0
"13097","5","333613","78","0","2025","4","N",1,0,0,0,0,0,0,0,"N",10.38,0,0,0,0,0,0,0,"N",0,0.0,0,0,0,0,0,0,0,0,0,0,0,0,0,0
"13097","5","3339","76","0","2025","4","N",4,0,0,0,0,0,0,0,"N",1.50,0,0,0,0,0,0,0,"N",-1,-20.0,0,0,0,0,0,0,0,0,0,0,0,0,0,0
"13097","5","33392","77","0","2025","4","N",2,0,0,0,0,0,0,0,"N",2.80,0,0,0,0,0,0,0,"N",0,0.0,0,0,0,0,0,0,0,0,0,0,0,0,0,0
"13097","5","333923","78","0","2025","4","N",1,0,0,0,0,0,0,0,"N",7.13,0,0,0,0,0,0,0,"N",0,0.0,0,0,0,0,0,0,0,0,0,0,0,0,0,0
"13097","5","333924","78","0","2025","4","N",1,0,0,0,0,0,0,0,"N",6.98,0,0,0,0,0,0,0,"N",0,0.0,0,0,0,0,0,0,0,0,0,0,0,0,0,0
"13097","5","33399","77","0","2025","4","N",2,0,0,0,0,0,0,0,"N",1.30,0,0,0,0,0,0,0,"N",-1,-33.3,0,0,0,0,0,0,0,0,0,0,0,0,0,0
"13097","5","333992","78","0","2025","4","N",1,0,0,0,0,0,0,0,"N",3.98,0,0,0,0,0,0,0,"N",-1,-50.0,0,0,0,0,0,0,0,0,0,0,0,0,0,0
"13097","5","333995","78","0","2025","4","N",1,0,0,0,0,0,0,0,"N",8.89,0,0,0,0,0,0,0,"N",0,0.0,0,0,0,0,0,0,0,0,0,0,0,0,0,0
"13097","5","334","75","0","2025","4","N",7,0,0,0,0,0,0,0,"N",0.93,0,0,0,0,0,0,0,"N",1,16.7,0,0,0,0,0,0,0,0,0,0,0,0,0,0
"13097","5","3341","76","0","2025","4","-",0,0,0,0,0,0,0,0,"N",0.00,0,0,0,0,0,0,0,"N",-1,-100.0,0,0,0,0,0,0,0,0,0,0,0,0,0,0
"13097","5","33411","77","0","2025","4","-",0,0,0,0,0,0,0,0,"N",0.00,0,0,0,0,0,0,0,"N",-1,-100.0,0,0,0,0,0,0,0,0,0,0,0,0,0,0
"13097","5","334112","78","0","2025","4","-",0,0,0,0,0,0,0,0,"N",0.00,0,0,0,0,0,0,0,"N",-1,-100.0,0,0,0,0,0,0,0,0,0,0,0,0,0,0
"13097","5","3342","76","0","2025","4","N",1,0,0,0,0,0,0,0,"N",1.17,0,0,0,0,0,0,0,"N",0,0.0,0,0,0,0,0,0,0,0,0,0,0,0,0,0
"13097","5","33429","77","0","2025","4","N",1,0,0,0,0,0,0,0,"N",3.86,0,0,0,0,0,0,0,"N",0,0.0,0,0,0,0,0,0,0,0,0,0,0,0,0,0
"13097","5","334290","78","0","2025","4","N",1,0,0,0,0,0,0,0,"N",3.86,0,0,0,0,0,0,0,"N",0,0.0,0,0,0,0,0,0,0,0,0,0,0,0,0,0
"13097","5","3345","76","0","2025","4","N",6,0,0,0,0,0,0,0,"N",1.88,0,0,0,0,0,0,0,"N",2,50.0,0,0,0,0,0,0,0,0,0,0,0,0,0,0
"13097","5","33451","77","0","2025","4","N",6,0,0,0,0,0,0,0,"N",1.88,0,0,0,0,0,0,0,"N",2,50.0,0,0,0,0,0,0,0,0,0,0,0,0,0,0
"13097","5","334510","78","0","2025","4","N",1,0,0,0,0,0,0,0,"N",1.57,0,0,0,0,0,0,0,"N",0,0.0,0,0,0,0,0,0,0,0,0,0,0,0,0,0
"13097","5","334512","78","0","2025","4","N",1,0,0,0,0,0,0,0,"N",6.30,0,0,0,0,0,0,0,"N",0,0.0,0,0,0,0,0,0,0,0,0,0,0,0,0,0
"13097","5","334513","78","0","2025","4","N",1,0,0,0,0,0,0,0,"N",1.56,0,0,0,0,0,0,0,"N",0,0.0,0,0,0,0,0,0,0,0,0,0,0,0,0,0
"13097","5","334515","78","0","2025","4","N",1,0,0,0,0,0,0,0,"N",2.69,0,0,0,0,0,0,0,"N",0,0.0,0,0,0,0,0,0,0,0,0,0,0,0,0,0
"13097","5","334519","78","0","2025","4","N",2,0,0,0,0,0,0,0,"N",4.86,0,0,0,0,0,0,0,"N",2,100.0,0,0,0,0,0,0,0,0,0,0,0,0,0,0
"13097","5","335","75","0","2025","4","N",3,0,0,0,0,0,0,0,"N",0.95,0,0,0,0,0,0,0,"N",0,0.0,0,0,0,0,0,0,0,0,0,0,0,0,0,0
"13097","5","3351","76","0","2025","4","N",1,0,0,0,0,0,0,0,"N",1.74,0,0,0,0,0,0,0,"N",0,0.0,0,0,0,0,0,0,0,0,0,0,0,0,0,0
"13097","5","33513","77","0","2025","4","N",1,0,0,0,0,0,0,0,"N",1.74,0,0,0,0,0,0,0,"N",0,0.0,0,0,0,0,0,0,0,0,0,0,0,0,0,0
"13097","5","335132","78","0","2025","4","N",1,0,0,0,0,0,0,0,"N",3.90,0,0,0,0,0,0,0,"N",0,0.0,0,0,0,0,0,0,0,0,0,0,0,0,0,0
"13097","5","3353","76","0","2025","4","N",2,0,0,0,0,0,0,0,"N",2.16,0,0,0,0,0,0,0,"N",0,0.0,0,0,0,0,0,0,0,0,0,0,0,0,0,0
"13097","5","33531","77","0","2025","4","N",2,0,0,0,0,0,0,0,"N",2.16,0,0,0,0,0,0,0,"N",0,0.0,0,0,0,0,0,0,0,0,0,0,0,0,0,0
"13097","5","335312","78","0","2025","4","N",1,0,0,0,0,0,0,0,"N",4.32,0,0,0,0,0,0,0,"N",0,0.0,0,0,0,0,0,0,0,0,0,0,0,0,0,0
"13097","5","335313","78","0","2025","4","N",1,0,0,0,0,0,0,0,"N",4.10,0,0,0,0,0,0,0,"N",0,0.0,0,0,0,0,0,0,0,0,0,0,0,0,0,0
"13097","5","336","75","0","2025","4","N",3,0,0,0,0,0,0,0,"N",0.55,0,0,0,0,0,0,0,"N",0,0.0,0,0,0,0,0,0,0,0,0,0,0,0,0,0
"13097","5","3362","76","0","2025","4","N",1,0,0,0,0,0,0,0,"N",1.28,0,0,0,0,0,0,0,"N",0,0.0,0,0,0,0,0,0,0,0,0,0,0,0,0,0
"13097","5","33621","77","0","2025","4","N",1,0,0,0,0,0,0,0,"N",1.28,0,0,0,0,0,0,0,"N",0,0.0,0,0,0,0,0,0,0,0,0,0,0,0,0,0
"13097","5","336211","78","0","2025","4","N",1,0,0,0,0,0,0,0,"N",3.55,0,0,0,0,0,0,0,"N",0,0.0,0,0,0,0,0,0,0,0,0,0,0,0,0,0
"13097","5","3363","76","0","2025","4","N",2,0,0,0,0,0,0,0,"N",1.10,0,0,0,0,0,0,0,"N",0,0.0,0,0,0,0,0,0,0,0,0,0,0,0,0,0
"13097","5","33633","77","0","2025","4","N",1,0,0,0,0,0,0,0,"N",10.41,0,0,0,0,0,0,0,"N",0,0.0,0,0,0,0,0,0,0,0,0,0,0,0,0,0
"13097","5","336330","78","0","2025","4","N",1,0,0,0,0,0,0,0,"N",10.41,0,0,0,0,0,0,0,"N",0,0.0,0,0,0,0,0,0,0,0,0,0,0,0,0,0
"13097","5","33639","77","0","2025","4","N",1,0,0,0,0,0,0,0,"N",1.74,0,0,0,0,0,0,0,"N",1,100.0,0,0,0,0,0,0,0,0,0,0,0,0,0,0
"13097","5","336390","78","0","2025","4","N",1,0,0,0,0,0,0,0,"N",1.74,0,0,0,0,0,0,0,"N",1,100.0,0,0,0,0,0,0,0,0,0,0,0,0,0,0
"13097","5","337","75","0","2025","4","N",5,0,0,0,0,0,0,0,"N",0.98,0,0,0,0,0,0,0,"N",0,0.0,0,0,0,0,0,0,0,0,0,0,0,0,0,0
"13097","5","3371","76","0","2025","4","N",4,0,0,0,0,0,0,0,"N",1.13,0,0,0,0,0,0,0,"N",0,0.0,0,0,0,0,0,0,0,0,0,0,0,0,0,0
"13097","5","33711","77","0","2025","4","N",3,0,0,0,0,0,0,0,"N",1.34,0,0,0,0,0,0,0,"N",0,0.0,0,0,0,0,0,0,0,0,0,0,0,0,0,0
"13097","5","337110","78","0","2025","4","N",3,0,0,0,0,0,0,0,"N",1.34,0,0,0,0,0,0,0,"N",0,0.0,0,0,0,0,0,0,0,0,0,0,0,0,0,0
"13097","5","33712","77","0","2025","4","N",1,0,0,0,0,0,0,0,"N",0.77,0,0,0,0,0,0,0,"N",0,0.0,0,0,0,0,0,0,0,0,0,0,0,0,0,0
"13097","5","337122","78","0","2025","4","N",1,0,0,0,0,0,0,0,"N",1.50,0,0,0,0,0,0,0,"N",0,0.0,0,0,0,0,0,0,0,0,0,0,0,0,0,0
"13097","5","3372","76","0","2025","4","N",1,0,0,0,0,0,0,0,"N",0.79,0,0,0,0,0,0,0,"N",0,0.0,0,0,0,0,0,0,0,0,0,0,0,0,0,0
"13097","5","33721","77","0","2025","4","N",1,0,0,0,0,0,0,0,"N",0.79,0,0,0,0,0,0,0,"N",0,0.0,0,0,0,0,0,0,0,0,0,0,0,0,0,0
"13097","5","337212","78","0","2025","4","N",1,0,0,0,0,0,0,0,"N",1.64,0,0,0,0,0,0,0,"N",0,0.0,0,0,0,0,0,0,0,0,0,0,0,0,0,0
"13097","5","339","75","0","2025","4","",18,251,254,256,5706806,100540,659,1731,"",1.66,1.32,1.34,1.34,1.78,0.50,0.35,1.33,"",1,5.9,10,4.1,-14,-5.2,-13,-4.8,10853,0.2,-1257,-1.2,-241,-26.8,41,2.4
"13097","5","3391","76","0","2025","4","",6,41,42,42,527824,16368,47,974,"",1.45,0.41,0.42,0.42,0.28,0.18,0.06,0.68,"",1,20.0,27,192.9,4,10.5,3,7.7,78263,17.4,7321,80.9,16,51.6,-166,-14.6
"13097","5","33911","77","0","2025","4","",6,41,42,42,527824,16368,47,974,"",1.45,0.41,0.42,0.42,0.28,0.18,0.06,0.68,"",1,20.0,27,192.9,4,10.5,3,7.7,78263,17.4,7321,80.9,16,51.6,-166,-14.6
"13097","5","339112","78","0","2025","4","N",1,0,0,0,0,0,0,0,"N",0.76,0,0,0,0,0,0,0,"N",1,100.0,0,0,0,0,0,0,0,0,0,0,0,0,0,0
"13097","5","339113","78","0","2025","4","N",1,0,0,0,0,0,0,0,"N",0.99,0,0,0,0,0,0,0,"N",0,0.0,0,0,0,0,0,0,0,0,0,0,0,0,0,0
"13097","5","339114","78","0","2025","4","N",1,0,0,0,0,0,0,0,"N",3.79,0,0,0,0,0,0,0,"N",0,0.0,0,0,0,0,0,0,0,0,0,0,0,0,0,0
"13097","5","339115","78","0","2025","4","N",2,0,0,0,0,0,0,0,"N",10.73,0,0,0,0,0,0,0,"N",0,0.0,0,0,0,0,0,0,0,0,0,0,0,0,0,0
"13097","5","339116","78","0","2025","4","N",1,0,0,0,0,0,0,0,"N",0.74,0,0,0,0,0,0,0,"N",0,0.0,0,0,0,0,0,0,0,0,0,0,0,0,0,0
"13097","5","3399","76","0","2025","4","",12,210,212,214,5178982,84172,612,1879,"",1.79,2.35,2.37,2.38,3.89,0.76,0.56,1.64,"",0,0.0,-17,-7.5,-18,-7.8,-16,-7.0,-67410,-1.3,-8578,-9.2,-257,-29.6,117,6.6
"13097","5","33991","77","0","2025","4","N",1,0,0,0,0,0,0,0,"N",1.66,0,0,0,0,0,0,0,"N",0,0.0,0,0,0,0,0,0,0,0,0,0,0,0,0,0
"13097","5","339910","78","0","2025","4","N",1,0,0,0,0,0,0,0,"N",1.66,0,0,0,0,0,0,0,"N",0,0.0,0,0,0,0,0,0,0,0,0,0,0,0,0,0
"13097","5","33995","77","0","2025","4","N",4,0,0,0,0,0,0,0,"N",1.83,0,0,0,0,0,0,0,"N",-1,-20.0,0,0,0,0,0,0,0,0,0,0,0,0,0,0
"13097","5","339950","78","0","2025","4","N",4,0,0,0,0,0,0,0,"N",1.83,0,0,0,0,0,0,0,"N",-1,-20.0,0,0,0,0,0,0,0,0,0,0,0,0,0,0
"13097","5","33999","77","0","2025","4","",7,36,37,36,823018,30700,387,1742,"",2.45,0.90,0.92,0.89,1.35,0.63,0.76,1.49,"",1,16.7,-10,-21.7,-11,-22.9,-13,-26.5,4757,0.6,2002,7.0,-252,-39.4,422,32.0
"13097","5","339991","78","0","2025","4","N",1,0,0,0,0,0,0,0,"N",4.41,0,0,0,0,0,0,0,"N",0,0.0,0,0,0,0,0,0,0,0,0,0,0,0,0,0
"13097","5","339999","78","0","2025","4","N",6,0,0,0,0,0,0,0,"N",2.62,0,0,0,0,0,0,0,"N",1,20.0,0,0,0,0,0,0,0,0,0,0,0,0,0,0
"13097","5","42","74","0","2025","4","N",169,0,0,0,0,0,0,0,"N",0.95,0,0,0,0,0,0,0,"N",-3,-1.7,0,0,0,0,0,0,0,0,0,0,0,0,0,0
"13097","5","423","75","0","2025","4","",111,3374,3366,3355,100920644,2927732,29947,2307,"",1.15,3.18,3.17,3.15,4.40,2.90,3.03,1.39,"",0,0.0,47,1.4,38,1.1,-6,-0.2,136970,0.1,455978,18.4,6423,27.3,-15,-0.6
"13097","5","4231","76","0","2025","4","",16,160,166,166,3825949,134349,1218,1795,"",2.10,1.40,1.46,1.45,2.09,1.17,1.12,1.45,"",1,6.7,-16,-9.1,-9,-5.1,-9,-5.1,88009,2.4,59208,78.8,509,71.8,155,9.5
"13097","5","42311","77","0","2025","4","",7,99,102,102,2779291,70222,914,2117,"",3.20,2.30,2.37,2.36,3.74,1.62,2.38,1.60,"",1,16.7,-18,-15.4,-14,-12.1,-14,-12.1,-5415,-0.2,16522,30.8,328,56.0,276,15.0
"13097","5","423110","78","0","2025","4","",7,99,102,102,2779291,70222,914,2117,"",3.20,2.30,2.37,2.36,3.74,1.62,2.38,1.60,"",1,16.7,-18,-15.4,-14,-12.1,-14,-12.1,-5415,-0.2,16522,30.8,328,56.0,276,15.0
"13097","5","42312","77","0","2025","4","N",8,0,0,0,0,0,0,0,"N",1.93,0,0,0,0,0,0,0,"N",0,0.0,0,0,0,0,0,0,0,0,0,0,0,0,0,0
"13097","5","423120","78","0","2025","4","N",8,0,0,0,0,0,0,0,"N",1.93,0,0,0,0,0,0,0,"N",0,0.0,0,0,0,0,0,0,0,0,0,0,0,0,0,0
"13097","5","42313","77","0","2025","4","N",1,0,0,0,0,0,0,0,"N",1.42,0,0,0,0,0,0,0,"N",0,0.0,0,0,0,0,0,0,0,0,0,0,0,0,0,0
"13097","5","423130","78","0","2025","4","N",1,0,0,0,0,0,0,0,"N",1.42,0,0,0,0,0,0,0,"N",0,0.0,0,0,0,0,0,0,0,0,0,0,0,0,0,0
"13097","5","4232","76","0","2025","4","",5,151,151,152,2563333,61250,402,1303,"",1.32,4.57,4.59,4.60,4.41,1.72,1.00,0.96,"N",-1,-16.7,0,0,0,0,0,0,0,0,0,0,0,0,0,0
"13097","5","42321","77","0","2025","4","N",2,0,0,0,0,0,0,0,"N",1.14,0,0,0,0,0,0,0,"N",-1,-33.3,0,0,0,0,0,0,0,0,0,0,0,0,0,0
"13097","5","423210","78","0","2025","4","N",2,0,0,0,0,0,0,0,"N",1.14,0,0,0,0,0,0,0,"N",-1,-33.3,0,0,0,0,0,0,0,0,0,0,0,0,0,0
"13097","5","42322","77","0","2025","4","N",3,0,0,0,0,0,0,0,"N",1.48,0,0,0,0,0,0,0,"N",0,0.0,0,0,0,0,0,0,0,0,0,0,0,0,0,0
"13097","5","423220","78","0","2025","4","N",3,0,0,0,0,0,0,0,"N",1.48,0,0,0,0,0,0,0,"N",0,0.0,0,0,0,0,0,0,0,0,0,0,0,0,0,0
"13097","5","4233","76","0","2025","4","",12,177,170,162,3531356,93443,604,1601,"",1.60,2.14,2.06,1.96,2.41,0.99,0.62,1.17,"",0,0.0,-17,-8.8,-21,-11.0,-34,-17.3,-627798,-15.1,-46719,-33.3,-372,-38.1,-51,-3.1
"13097","5","42331","77","0","2025","4","",5,88,82,76,1707547,62701,373,1602,"",1.78,2.48,2.32,2.15,2.75,1.42,0.97,1.19,"",0,0.0,-8,-8.3,-12,-12.8,-22,-22.4,-380488,-18.2,-31960,-33.8,-196,-34.4,-71,-4.2
"13097","5","423310","78","0","2025","4","",5,88,82,76,1707547,62701,373,1602,"",1.78,2.48,2.32,2.15,2.75,1.42,0.97,1.19,"",0,0.0,-8,-8.3,-12,-12.8,-22,-22.4,-380488,-18.2,-31960,-33.8,-196,-34.4,-71,-4.2
"13097","5","42332","77","0","2025","4","",3,69,69,68,1401495,22220,160,1570,"",1.59,3.32,3.34,3.31,4.00,1.06,0.63,1.20,"",0,0.0,-4,-5.5,-4,-5.5,-5,-6.8,-86278,-5.8,-9517,-30.0,-167,-51.1,2,0.1
"13097","5","423320","78","0","2025","4","",3,69,69,68,1401495,22220,160,1570,"",1.59,3.32,3.34,3.31,4.00,1.06,0.63,1.20,"",0,0.0,-4,-5.5,-4,-5.5,-5,-6.8,-86278,-5.8,-9517,-30.0,-167,-51.1,2,0.1
"13097","5","42333","77","0","2025","4","N",2,0,0,0,0,0,0,0,"N",1.63,0,0,0,0,0,0,0,"N",0,0.0,0,0,0,0,0,0,0,0,0,0,0,0,0,0
"13097","5","423330","78","0","2025","4","N",2,0,0,0,0,0,0,0,"N",1.63,0,0,0,0,0,0,0,"N",0,0.0,0,0,0,0,0,0,0,0,0,0,0,0,0,0
"13097","5","42339","77","0","2025","4","N",2,0,0,0,0,0,0,0,"N",1.26,0,0,0,0,0,0,0,"N",0,0.0,0,0,0,0,0,0,0,0,0,0,0,0,0,0
"13097","5","423390","78","0","2025","4","N",2,0,0,0,0,0,0,0,"N",1.26,0,0,0,0,0,0,0,"N",0,0.0,0,0,0,0,0,0,0,0,0,0,0,0,0,0
"13097","5","4234","76","0","2025","4","N",10,0,0,0,0,0,0,0,"N",0.48,0,0,0,0,0,0,0,"N",0,0.0,0,0,0,0,0,0,0,0,0,0,0,0,0,0
"13097","5","42342","77","0","2025","4","N",1,0,0,0,0,0,0,0,"N",0.63,0,0,0,0,0,0,0,"N",0,0.0,0,0,0,0,0,0,0,0,0,0,0,0,0,0
"13097","5","423420","78","0","2025","4","N",1,0,0,0,0,0,0,0,"N",0.63,0,0,0,0,0,0,0,"N",0,0.0,0,0,0,0,0,0,0,0,0,0,0,0,0,0
"13097","5","42343","77","0","2025","4","N",2,0,0,0,0,0,0,0,"N",0.43,0,0,0,0,0,0,0,"N",0,0.0,0,0,0,0,0,0,0,0,0,0,0,0,0,0
"13097","5","423430","78","0","2025","4","N",2,0,0,0,0,0,0,0,"N",0.43,0,0,0,0,0,0,0,"N",0,0.0,0,0,0,0,0,0,0,0,0,0,0,0,0,0
"13097","5","42344","77","0","2025","4","N",1,0,0,0,0,0,0,0,"N",0.53,0,0,0,0,0,0,0,"N",-1,-50.0,0,0,0,0,0,0,0,0,0,0,0,0,0,0
"13097","5","423440","78","0","2025","4","N",1,0,0,0,0,0,0,0,"N",0.53,0,0,0,0,0,0,0,"N",-1,-50.0,0,0,0,0,0,0,0,0,0,0,0,0,0,0
"13097","5","42345","77","0","2025","4","N",4,0,0,0,0,0,0,0,"N",0.40,0,0,0,0,0,0,0,"N",1,33.3,0,0,0,0,0,0,0,0,0,0,0,0,0,0
"13097","5","423450","78","0","2025","4","N",4,0,0,0,0,0,0,0,"N",0.40,0,0,0,0,0,0,0,"N",1,33.3,0,0,0,0,0,0,0,0,0,0,0,0,0,0
"13097","5","42346","77","0","2025","4","N",1,0,0,0,0,0,0,0,"N",1.52,0,0,0,0,0,0,0,"N",0,0.0,0,0,0,0,0,0,0,0,0,0,0,0,0,0
"13097","5","423460","78","0","2025","4","N",1,0,0,0,0,0,0,0,"N",1.52,0,0,0,0,0,0,0,"N",0,0.0,0,0,0,0,0,0,0,0,0,0,0,0,0,0
"13097","5","42349","77","0","2025","4","N",1,0,0,0,0,0,0,0,"N",0.72,0,0,0,0,0,0,0,"N",0,0.0,0,0,0,0,0,0,0,0,0,0,0,0,0,0
"13097","5","423490","78","0","2025","4","N",1,0,0,0,0,0,0,0,"N",0.72,0,0,0,0,0,0,0,"N",0,0.0,0,0,0,0,0,0,0,0,0,0,0,0,0,0
"13097","5","4235","76","0","2025","4","N",5,0,0,0,0,0,0,0,"N",1.54,0,0,0,0,0,0,0,"N",0,0.0,0,0,0,0,0,0,0,0,0,0,0,0,0,0
"13097","5","42351","77","0","2025","4","N",5,0,0,0,0,0,0,0,"N",1.61,0,0,0,0,0,0,0,"N",0,0.0,0,0,0,0,0,0,0,0,0,0,0,0,0,0
"13097","5","423510","78","0","2025","4","N",5,0,0,0,0,0,0,0,"N",1.61,0,0,0,0,0,0,0,"N",0,0.0,0,0,0,0,0,0,0,0,0,0,0,0,0,0
"13097","5","4236","76","0","2025","4","",13,168,168,166,3089414,215087,1735,1420,"",1.16,1.43,1.43,1.40,1.09,2.09,1.68,0.77,"",0,0.0,5,3.1,7,4.3,0,0.0,-55382,-1.8,48922,29.4,103,6.3,-61,-4.1
"13097","5","42361","77","0","2025","4","",9,154,153,151,2752795,110411,1693,1387,"",1.62,2.40,2.38,2.33,1.97,1.90,3.14,0.83,"",0,0.0,7,4.8,5,3.4,-2,-1.3,-129353,-4.5,-40677,-26.9,102,6.4,-98,-6.6
"13097","5","423610","78","0","2025","4","",9,154,153,151,2752795,110411,1693,1387,"",1.62,2.40,2.38,2.33,1.97,1.90,3.14,0.83,"",0,0.0,7,4.8,5,3.4,-2,-1.3,-129353,-4.5,-40677,-26.9,102,6.4,-98,-6.6
"13097","5","42362","77","0","2025","4","N",1,0,0,0,0,0,0,0,"N",0.74,0,0,0,0,0,0,0,"N",1,100.0,0,0,0,0,0,0,0,0,0,0,0,0,0,0
"13097","5","423620","78","0","2025","4","N",1,0,0,0,0,0,0,0,"N",0.74,0,0,0,0,0,0,0,"N",1,100.0,0,0,0,0,0,0,0,0,0,0,0,0,0,0
"13097","5","42369","77","0","2025","4","N",3,0,0,0,0,0,0,0,"N",0.69,0,0,0,0,0,0,0,"N",-1,-25.0,0,0,0,0,0,0,0,0,0,0,0,0,0,0
"13097","5","423690","78","0","2025","4","N",3,0,0,0,0,0,0,0,"N",0.69,0,0,0,0,0,0,0,"N",-1,-25.0,0,0,0,0,0,0,0,0,0,0,0,0,0,0
"13097","5","4237","76","0","2025","4","",14,517,512,517,10721108,472925,4686,1600,"",1.74,5.23,5.20,5.23,5.38,4.92,5.64,1.03,"",2,16.7,-55,-9.6,-52,-9.2,-42,-7.5,685977,6.8,26546,5.9,1722,58.1,234,17.1
"13097","5","42371","77","0","2025","4","N",1,0,0,0,0,0,0,0,"N",0.43,0,0,0,0,0,0,0,"N",1,100.0,0,0,0,0,0,0,0,0,0,0,0,0,0,0
"13097","5","423710","78","0","2025","4","N",1,0,0,0,0,0,0,0,"N",0.43,0,0,0,0,0,0,0,"N",1,100.0,0,0,0,0,0,0,0,0,0,0,0,0,0,0
"13097","5","42372","77","0","2025","4","",7,473,467,473,9701187,453442,4289,1584,"",2.31,12.34,12.21,12.31,12.54,11.25,12.60,1.02,"",1,16.7,-58,-10.9,-58,-11.0,-45,-8.7,502745,5.5,35032,8.4,1542,56.1,235,17.4
"13097","5","423720","78","0","2025","4","",7,473,467,473,9701187,453442,4289,1584,"",2.31,12.34,12.21,12.31,12.54,11.25,12.60,1.02,"",1,16.7,-58,-10.9,-58,-11.0,-45,-8.7,502745,5.5,35032,8.4,1542,56.1,235,17.4
"13097","5","42373","77","0","2025","4","N",6,0,0,0,0,0,0,0,"N",2.79,0,0,0,0,0,0,0,"N",0,0.0,0,0,0,0,0,0,0,0,0,0,0,0,0,0
"13097","5","423730","78","0","2025","4","N",6,0,0,0,0,0,0,0,"N",2.79,0,0,0,0,0,0,0,"N",0,0.0,0,0,0,0,0,0,0,0,0,0,0,0,0,0
"13097","5","4238","76","0","2025","4","",31,865,849,855,50418546,319651,2447,4529,"",1.39,3.58,3.51,3.52,10.01,1.43,1.26,2.83,"",0,0.0,-13,-1.5,-24,-2.7,-19,-2.2,-2284943,-4.3,115120,56.3,1642,204.0,-104,-2.2
"13097","5","42381","77","0","2025","4","N",3,0,0,0,0,0,0,0,"N",1.76,0,0,0,0,0,0,0,"N",0,0.0,0,0,0,0,0,0,0,0,0,0,0,0,0,0
"13097","5","423810","78","0","2025","4","N",3,0,0,0,0,0,0,0,"N",1.76,0,0,0,0,0,0,0,"N",0,0.0,0,0,0,0,0,0,0,0,0,0,0,0,0,0
"13097","5","42382","77","0","2025","4","",3,10,10,10,227552,0,0,1750,"",1.11,0.29,0.29,0.29,0.33,0.00,0.00,1.17,"N",0,0.0,0,0,0,0,0,0,0,0,0,0,0,0,0,0
"13097","5","423820","78","0","2025","4","",3,10,10,10,227552,0,0,1750,"",1.11,0.29,0.29,0.29,0.33,0.00,0.00,1.17,"N",0,0.0,0,0,0,0,0,0,0,0,0,0,0,0,0,0
"13097","5","42383","77","0","2025","4","",11,85,80,79,2579481,18903,19,2440,"",1.04,0.79,0.75,0.73,1.13,0.21,0.02,1.49,"",0,0.0,-3,-3.4,1,1.3,-7,-8.1,485685,23.2,213,1.1,-26,-57.8,530,27.7
"13097","5","423830","78","0","2025","4","",11,85,80,79,2579481,18903,19,2440,"",1.04,0.79,0.75,0.73,1.13,0.21,0.02,1.49,"",0,0.0,-3,-3.4,1,1.3,-7,-8.1,485685,23.2,213,1.1,-26,-57.8,530,27.7
"13097","5","42384","77","0","2025","4","N",7,0,0,0,0,0,0,0,"N",1.78,0,0,0,0,0,0,0,"N",-1,-12.5,0,0,0,0,0,0,0,0,0,0,0,0,0,0
"13097","5","423840","78","0","2025","4","N",7,0,0,0,0,0,0,0,"N",1.78,0,0,0,0,0,0,0,"N",-1,-12.5,0,0,0,0,0,0,0,0,0,0,0,0,0,0
"13097","5","42385","77","0","2025","4","",4,104,95,93,2466259,142987,977,1949,"",2.07,5.76,5.26,5.14,7.96,7.05,5.42,1.48,"N",1,33.3,0,0,0,0,0,0,0,0,0,0,0,0,0,0
"13097","5","423850","78","0","2025","4","",4,104,95,93,2466259,142987,977,1949,"",2.07,5.76,5.26,5.14,7.96,7.05,5.42,1.48,"N",1,33.3,0,0,0,0,0,0,0,0,0,0,0,0,0,0
"13097","5","42386","77","0","2025","4","N",3,0,0,0,0,0,0,0,"N",2.10,0,0,0,0,0,0,0,"N",0,0.0,0,0,0,0,0,0,0,0,0,0,0,0,0,0
"13097","5","423860","78","0","2025","4","N",3,0,0,0,0,0,0,0,"N",2.10,0,0,0,0,0,0,0,"N",0,0.0,0,0,0,0,0,0,0,0,0,0,0,0,0,0
"13097","5","4239","76","0","2025","4","",5,72,72,73,1256285,33855,58,1336,"",0.40,0.73,0.72,0.73,0.73,0.30,0.05,1.00,"",-2,-28.6,14,24.1,12,20.0,10,15.9,221196,21.4,5325,18.7,-18,-23.7,16,1.2
"13097","5","42391","77","0","2025","4","N",2,0,0,0,0,0,0,0,"N",0.76,0,0,0,0,0,0,0,"N",0,0.0,0,0,0,0,0,0,0,0,0,0,0,0,0,0
"13097","5","423910","78","0","2025","4","N",2,0,0,0,0,0,0,0,"N",0.76,0,0,0,0,0,0,0,"N",0,0.0,0,0,0,0,0,0,0,0,0,0,0,0,0,0
"13097","5","42393","77","0","2025","4","N",1,0,0,0,0,0,0,0,"N",0.45,0,0,0,0,0,0,0,"N",-1,-50.0,0,0,0,0,0,0,0,0,0,0,0,0,0,0
"13097","5","423930","78","0","2025","4","N",1,0,0,0,0,0,0,0,"N",0.45,0,0,0,0,0,0,0,"N",-1,-50.0,0,0,0,0,0,0,0,0,0,0,0,0,0,0
"13097","5","42399","77","0","2025","4","N",2,0,0,0,0,0,0,0,"N",0.43,0,0,0,0,0,0,0,"N",-1,-33.3,0,0,0,0,0,0,0,0,0,0,0,0,0,0
"13097","5","423990","78","0","2025","4","N",2,0,0,0,0,0,0,0,"N",0.43,0,0,0,0,0,0,0,"N",-1,-33.3,0,0,0,0,0,0,0,0,0,0,0,0,0,0
"13097","5","424","75","0","2025","4","",21,385,388,382,7142062,381221,3362,1427,"",0.41,0.56,0.57,0.56,0.56,0.50,0.46,0.99,"",-1,-4.5,-31,-7.5,-28,-6.7,-42,-9.9,-616531,-7.9,-42857,-10.1,-4499,-57.2,1,0.1
"13097","5","4241","76","0","2025","4","",6,220,218,218,4449991,199991,653,1565,"",2.25,6.25,6.23,6.23,7.06,5.98,2.02,1.13,"",-2,-25.0,0,0.0,-3,-1.4,-8,-3.5,-220817,-4.7,-40378,-16.8,-4242,-86.7,-51,-3.2
"13097","5","42411","77","0","2025","4","N",1,0,0,0,0,0,0,0,"N",2.77,0,0,0,0,0,0,0,"N",0,0.0,0,0,0,0,0,0,0,0,0,0,0,0,0,0
"13097","5","424110","78","0","2025","4","N",1,0,0,0,0,0,0,0,"N",2.77,0,0,0,0,0,0,0,"N",0,0.0,0,0,0,0,0,0,0,0,0,0,0,0,0,0
"13097","5","42412","77","0","2025","4","N",1,0,0,0,0,0,0,0,"N",1.13,0,0,0,0,0,0,0,"N",1,100.0,0,0,0,0,0,0,0,0,0,0,0,0,0,0
"13097","5","424120","78","0","2025","4","N",1,0,0,0,0,0,0,0,"N",1.13,0,0,0,0,0,0,0,"N",1,100.0,0,0,0,0,0,0,0,0,0,0,0,0,0,0
"13097","5","42413","77","0","2025","4","N",4,0,0,0,0,0,0,0,"N",2.83,0,0,0,0,0,0,0,"N",-3,-42.9,0,0,0,0,0,0,0,0,0,0,0,0,0,0
"13097","5","424130","78","0","2025","4","N",4,0,0,0,0,0,0,0,"N",2.83,0,0,0,0,0,0,0,"N",-3,-42.9,0,0,0,0,0,0,0,0,0,0,0,0,0,0
"13097","5","4244","76","0","2025","4","",6,119,124,120,1998913,155814,2257,1271,"",0.42,0.46,0.48,0.46,0.48,0.49,0.73,1.03,"",0,0.0,5,4.4,10,8.8,5,4.3,78428,4.1,44809,40.4,1018,82.2,-21,-1.6
"13097","5","42445","77","0","2025","4","N",1,0,0,0,0,0,0,0,"N",0.90,0,0,0,0,0,0,0,"N",0,0.0,0,0,0,0,0,0,0,0,0,0,0,0,0,0
"13097","5","424450","78","0","2025","4","N",1,0,0,0,0,0,0,0,"N",0.90,0,0,0,0,0,0,0,"N",0,0.0,0,0,0,0,0,0,0,0,0,0,0,0,0,0
"13097","5","42447","77","0","2025","4","",3,53,59,55,607507,69003,1657,839,"",3.36,3.44,3.81,3.54,2.33,3.80,9.26,0.65,"N",1,50.0,0,0,0,0,0,0,0,0,0,0,0,0,0,0
"13097","5","424470","78","0","2025","4","",3,53,59,55,607507,69003,1657,839,"",3.36,3.44,3.81,3.54,2.33,3.80,9.26,0.65,"N",1,50.0,0,0,0,0,0,0,0,0,0,0,0,0,0,0
"13097","5","42448","77","0","2025","4","N",1,0,0,0,0,0,0,0,"N",0.65,0,0,0,0,0,0,0,"N",0,0.0,0,0,0,0,0,0,0,0,0,0,0,0,0,0
"13097","5","424480","78","0","2025","4","N",1,0,0,0,0,0,0,0,"N",0.65,0,0,0,0,0,0,0,"N",0,0.0,0,0,0,0,0,0,0,0,0,0,0,0,0,0
"13097","5","42449","77","0","2025","4","N",1,0,0,0,0,0,0,0,"N",0.18,0,0,0,0,0,0,0,"N",-1,-50.0,0,0,0,0,0,0,0,0,0,0,0,0,0,0
"13097","5","424490","78","0","2025","4","N",1,0,0,0,0,0,0,0,"N",0.18,0,0,0,0,0,0,0,"N",-1,-50.0,0,0,0,0,0,0,0,0,0,0,0,0,0,0
"13097","5","4246","76","0","2025","4","N",4,0,0,0,0,0,0,0,"N",0.75,0,0,0,0,0,0,0,"N",2,100.0,0,0,0,0,0,0,0,0,0,0,0,0,0,0
"13097","5","42461","77","0","2025","4","N",1,0,0,0,0,0,0,0,"N",0.81,0,0,0,0,0,0,0,"N",0,0.0,0,0,0,0,0,0,0,0,0,0,0,0,0,0
"13097","5","424610","78","0","2025","4","N",1,0,0,0,0,0,0,0,"N",0.81,0,0,0,0,0,0,0,"N",0,0.0,0,0,0,0,0,0,0,0,0,0,0,0,0,0
"13097","5","42469","77","0","2025","4","N",3,0,0,0,0,0,0,0,"N",0.73,0,0,0,0,0,0,0,"N",2,200.0,0,0,0,0,0,0,0,0,0,0,0,0,0,0
"13097","5","424690","78","0","2025","4","N",3,0,0,0,0,0,0,0,"N",0.73,0,0,0,0,0,0,0,"N",2,200.0,0,0,0,0,0,0,0,0,0,0,0,0,0,0
"13097","5","4247","76","0","2025","4","N",1,0,0,0,0,0,0,0,"N",0.42,0,0,0,0,0,0,0,"N",0,0.0,0,0,0,0,0,0,0,0,0,0,0,0,0,0
"13097","5","42472","77","0","2025","4","N",1,0,0,0,0,0,0,0,"N",0.61,0,0,0,0,0,0,0,"N",0,0.0,0,0,0,0,0,0,0,0,0,0,0,0,0,0
"13097","5","424720","78","0","2025","4","N",1,0,0,0,0,0,0,0,"N",0.61,0,0,0,0,0,0,0,"N",0,0.0,0,0,0,0,0,0,0,0,0,0,0,0,0,0
"13097","5","4249","76","0","2025","4","",4,24,24,23,360505,8276,3,1172,"",0.36,0.24,0.24,0.23,0.23,0.07,0.00,0.97,"",-1,-20.0,-42,-63.6,-42,-63.6,-44,-65.7,-522582,-59.2,-62796,-88.4,-1716,-99.8,148,14.5
"13097","5","42491","77","0","2025","4","-",0,0,0,0,0,0,0,0,"N",0.00,0,0,0,0,0,0,0,"N",-1,-100.0,0,0,0,0,0,0,0,0,0,0,0,0,0,0
"13097","5","424910","78","0","2025","4","-",0,0,0,0,0,0,0,0,"N",0.00,0,0,0,0,0,0,0,"N",-1,-100.0,0,0,0,0,0,0,0,0,0,0,0,0,0,0
"13097","5","42492","77","0","2025","4","N",2,0,0,0,0,0,0,0,"N",3.95,0,0,0,0,0,0,0,"N",0,0.0,0,0,0,0,0,0,0,0,0,0,0,0,0,0
"13097","5","424920","78","0","2025","4","N",2,0,0,0,0,0,0,0,"N",3.95,0,0,0,0,0,0,0,"N",0,0.0,0,0,0,0,0,0,0,0,0,0,0,0,0,0
"13097","5","42499","77","0","2025","4","N",2,0,0,0,0,0,0,0,"N",0.47,0,0,0,0,0,0,0,"N",0,0.0,0,0,0,0,0,0,0,0,0,0,0,0,0,0
"13097","5","424990","78","0","2025","4","N",2,0,0,0,0,0,0,0,"N",0.47,0,0,0,0,0,0,0,"N",0,0.0,0,0,0,0,0,0,0,0,0,0,0,0,0,0
"13097","5","425","75","0","2025","4","N",37,0,0,0,0,0,0,0,"N",1.23,0,0,0,0,0,0,0,"N",-2,-5.1,0,0,0,0,0,0,0,0,0,0,0,0,0,0
"13097","5","4251","76","0","2025","4","N",37,0,0,0,0,0,0,0,"N",1.23,0,0,0,0,0,0,0,"N",-2,-5.1,0,0,0,0,0,0,0,0,0,0,0,0,0,0
"13097","5","42512","77","0","2025","4","N",37,0,0,0,0,0,0,0,"N",1.23,0,0,0,0,0,0,0,"N",-2,-5.1,0,0,0,0,0,0,0,0,0,0,0,0,0,0
"13097","5","425120","78","0","2025","4","N",37,0,0,0,0,0,0,0,"N",1.23,0,0,0,0,0,0,0,"N",-2,-5.1,0,0,0,0,0,0,0,0,0,0,0,0,0,0
"13097","5","44-45","74","0","2025","4","",467,8871,9008,9092,88854658,10365032,78963,760,"",1.55,1.84,1.84,1.84,2.11,1.59,1.53,1.15,"",-5,-1.1,530,6.4,549,6.5,420,4.8,7878811,9.7,876733,9.2,-24518,-23.7,26,3.5
"13097","5","441","75","0","2025","4","",70,1256,1253,1215,19121262,1220397,11970,1185,"",1.99,1.97,1.97,1.91,2.14,1.45,1.58,1.10,"",5,7.7,83,7.1,83,7.1,32,2.7,125958,0.7,38575,3.3,-151,-1.2,-58,-4.7
"13097","5","4411","76","0","2025","4","",29,800,795,769,14391454,738461,6260,1405,"",2.19,1.98,1.97,1.91,2.20,1.44,1.26,1.13,"",-1,-3.3,2,0.3,-1,-0.1,-39,-4.8,-598994,-4.0,-111225,-13.1,-3969,-38.8,-35,-2.4
"13097","5","44111","77","0","2025","4","",10,629,628,600,11769213,642428,5954,1463,"",1.64,1.79,1.79,1.71,2.02,1.45,1.43,1.15,"",0,0.0,-4,-0.6,-2,-0.3,-38,-6.0,-719913,-5.8,-58230,-8.3,-2966,-33.3,-53,-3.5
"13097","5","441110","78","0","2025","4","",10,629,628,600,11769213,642428,5954,1463,"",1.64,1.79,1.79,1.71,2.02,1.45,1.43,1.15,"",0,0.0,-4,-0.6,-2,-0.3,-38,-6.0,-719913,-5.8,-58230,-8.3,-2966,-33.3,-53,-3.5
"13097","5","44112","77","0","2025","4","",19,171,167,169,2622241,96033,306,1194,"",2.67,3.25,3.18,3.24,3.61,1.39,0.38,1.12,"",-1,-5.0,6,3.6,1,0.6,-1,-0.6,120919,4.8,-52995,-35.6,-1003,-76.6,42,3.6
"13097","5","441120","78","0","2025","4","",19,171,167,169,2622241,96033,306,1194,"",2.67,3.25,3.18,3.24,3.61,1.39,0.38,1.12,"",-1,-5.0,6,3.6,1,0.6,-1,-0.6,120919,4.8,-52995,-35.6,-1003,-76.6,42,3.6
"13097","5","4412","76","0","2025","4","",7,46,44,42,681967,48123,163,1192,"",1.63,0.90,0.88,0.85,1.02,0.70,0.22,1.16,"",1,16.7,0,0.0,-1,-2.2,-5,-10.6,78868,13.1,-11972,-19.9,-225,-58.0,183,18.1
"13097","5","44121","77","0","2025","4","N",2,0,0,0,0,0,0,0,"N",2.31,0,0,0,0,0,0,0,"N",0,0.0,0,0,0,0,0,0,0,0,0,0,0,0,0,0
"13097","5","441210","78","0","2025","4","N",2,0,0,0,0,0,0,0,"N",2.31,0,0,0,0,0,0,0,"N",0,0.0,0,0,0,0,0,0,0,0,0,0,0,0,0,0
"13097","5","44122","77","0","2025","4","N",5,0,0,0,0,0,0,0,"N",1.46,0,0,0,0,0,0,0,"N",1,25.0,0,0,0,0,0,0,0,0,0,0,0,0,0,0
"13097","5","441222","78","0","2025","4","N",1,0,0,0,0,0,0,0,"N",0.79,0,0,0,0,0,0,0,"N",0,0.0,0,0,0,0,0,0,0,0,0,0,0,0,0,0
"13097","5","441227","78","0","2025","4","N",4,0,0,0,0,0,0,0,"N",1.86,0,0,0,0,0,0,0,"N",1,33.3,0,0,0,0,0,0,0,0,0,0,0,0,0,0
"13097","5","4413","76","0","2025","4","",34,410,414,404,4047841,433813,5547,761,"",1.92,2.24,2.26,2.21,2.34,1.67,2.96,1.05,"",5,17.2,81,24.6,85,25.8,76,23.2,646084,19.0,161772,59.5,4043,268.8,-35,-4.4
"13097","5","44133","77","0","2025","4","",22,318,323,314,2813039,316123,4729,680,"",1.88,2.59,2.64,2.57,2.75,1.96,4.22,1.06,"",4,22.2,82,34.7,85,35.7,81,34.8,583154,26.2,150396,90.7,4196,787.2,-48,-6.6
"13097","5","441330","78","0","2025","4","",22,318,323,314,2813039,316123,4729,680,"",1.88,2.59,2.64,2.57,2.75,1.96,4.22,1.06,"",4,22.2,82,34.7,85,35.7,81,34.8,583154,26.2,150396,90.7,4196,787.2,-48,-6.6
"13097","5","44134","77","0","2025","4","",12,92,91,90,1234802,117690,818,1044,"",2.00,1.51,1.50,1.48,1.74,1.18,1.09,1.16,"",1,9.1,-1,-1.1,0,0.0,-5,-5.3,62930,5.4,11376,10.7,-153,-15.8,75,7.7
"13097","5","441340","78","0","2025","4","",12,92,91,90,1234802,117690,818,1044,"",2.00,1.51,1.50,1.48,1.74,1.18,1.09,1.16,"",1,9.1,-1,-1.1,0,0.0,-5,-5.3,62930,5.4,11376,10.7,-153,-15.8,75,7.7
"13097","5","444","75","0","2025","4","",28,628,604,609,5216534,399730,2351,654,"",1.38,1.50,1.45,1.46,1.37,0.79,0.63,0.93,"",1,3.7,9,1.5,0,0.0,-1,-0.2,80007,1.6,-50858,-11.3,-5913,-71.6,7,1.1
"13097","5","4441","76","0","2025","4","",23,580,559,567,4793569,365980,2082,648,"",1.50,1.61,1.56,1.57,1.44,0.85,0.71,0.91,"",1,4.5,4,0.7,0,0.0,-7,-1.2,37171,0.8,-59672,-14.0,-5893,-73.9,6,0.9
"13097","5","44411","77","0","2025","4","N",6,0,0,0,0,0,0,0,"N",2.25,0,0,0,0,0,0,0,"N",0,0.0,0,0,0,0,0,0,0,0,0,0,0,0,0,0
"13097","5","444110","78","0","2025","4","N",6,0,0,0,0,0,0,0,"N",2.25,0,0,0,0,0,0,0,"N",0,0.0,0,0,0,0,0,0,0,0,0,0,0,0,0,0
"13097","5","44412","77","0","2025","4","N",3,0,0,0,0,0,0,0,"N",1.58,0,0,0,0,0,0,0,"N",0,0.0,0,0,0,0,0,0,0,0,0,0,0,0,0,0
"13097","5","444120","78","0","2025","4","N",3,0,0,0,0,0,0,0,"N",1.58,0,0,0,0,0,0,0,"N",0,0.0,0,0,0,0,0,0,0,0,0,0,0,0,0,0
"13097","5","44414","77","0","2025","4","",5,89,88,88,729342,78390,1285,635,"",1.13,1.69,1.67,1.66,1.66,1.09,2.67,1.00,"",0,0.0,-3,-3.3,0,0.0,-1,-1.1,-150201,-17.1,-24594,-23.9,-346,-21.2,-120,-15.9
"13097","5","444140","78","0","2025","4","",5,89,88,88,729342,78390,1285,635,"",1.13,1.69,1.67,1.66,1.66,1.09,2.67,1.00,"",0,0.0,-3,-3.3,0,0.0,-1,-1.1,-150201,-17.1,-24594,-23.9,-346,-21.2,-120,-15.9
"13097","5","44418","77","0","2025","4","",9,33,34,28,472618,29132,604,1148,"",1.41,0.43,0.45,0.37,0.41,0.33,0.77,0.99,"",1,12.5,2,6.5,3,9.7,-3,-9.7,163605,52.9,-7339,-20.1,-198,-24.7,381,49.7
"13097","5","444180","78","0","2025","4","",9,33,34,28,472618,29132,604,1148,"",1.41,0.43,0.45,0.37,0.41,0.33,0.77,0.99,"",1,12.5,2,6.5,3,9.7,-3,-9.7,163605,52.9,-7339,-20.1,-198,-24.7,381,49.7
"13097","5","4442","76","0","2025","4","",5,48,45,42,422965,33750,269,723,"",1.00,0.84,0.80,0.75,0.87,0.46,0.32,1.09,"",0,0.0,5,11.6,0,0.0,6,16.7,42836,11.3,8814,35.3,-20,-6.9,16,2.3
"13097","5","44423","77","0","2025","4","N",2,0,0,0,0,0,0,0,"N",1.90,0,0,0,0,0,0,0,"N",0,0.0,0,0,0,0,0,0,0,0,0,0,0,0,0,0
"13097","5","444230","78","0","2025","4","N",2,0,0,0,0,0,0,0,"N",1.90,0,0,0,0,0,0,0,"N",0,0.0,0,0,0,0,0,0,0,0,0,0,0,0,0,0
"13097","5","44424","77","0","2025","4","N",3,0,0,0,0,0,0,0,"N",0.76,0,0,0,0,0,0,0,"N",0,0.0,0,0,0,0,0,0,0,0,0,0,0,0,0,0
"13097","5","444240","78","0","2025","4","N",3,0,0,0,0,0,0,0,"N",0.76,0,0,0,0,0,0,0,"N",0,0.0,0,0,0,0,0,0,0,0,0,0,0,0,0,0
"13097","5","445","75","0","2025","4","",58,1259,1253,1258,10294609,1223783,10208,630,"",1.27,1.24,1.23,1.23,1.45,0.90,1.10,1.18,"",0,0.0,-28,-2.2,-30,-2.3,-44,-3.4,51255,0.5,-159875,-11.6,-9676,-48.7,20,3.3
"13097","5","4451","76","0","2025","4","",39,1163,1165,1169,9681284,1136850,9298,639,"",1.40,1.31,1.31,1.31,1.56,0.97,1.25,1.20,"",0,0.0,0,0.0,1,0.1,-2,-0.2,123898,1.3,-62261,-5.2,-8895,-48.9,8,1.3
"13097","5","44511","77","0","2025","4","",21,1109,1109,1115,9135009,1059693,8059,632,"",1.26,1.35,1.34,1.34,1.59,0.99,1.25,1.18,"",0,0.0,-17,-1.5,-17,-1.5,-18,-1.6,737,0.0,-112576,-9.6,-9637,-54.5,9,1.4
"13097","5","445110","78","0","2025","4","",21,1109,1109,1115,9135009,1059693,8059,632,"",1.26,1.35,1.34,1.34,1.59,0.99,1.25,1.18,"",0,0.0,-17,-1.5,-17,-1.5,-18,-1.6,737,0.0,-112576,-9.6,-9637,-54.5,9,1.4
"13097","5","44513","77","0","2025","4","",18,54,56,54,546275,77157,1239,769,"",1.61,0.84,0.87,0.85,1.25,0.81,1.23,1.47,"",0,0.0,17,45.9,18,47.4,16,42.1,123161,29.1,50315,187.4,742,149.3,-95,-11.0
"13097","5","445131","78","0","2025","4","N",16,0,0,0,0,0,0,0,"N",1.57,0,0,0,0,0,0,0,"N",1,6.7,0,0,0,0,0,0,0,0,0,0,0,0,0,0
"13097","5","445132","78","0","2025","4","N",2,0,0,0,0,0,0,0,"N",2.03,0,0,0,0,0,0,0,"N",-1,-33.3,0,0,0,0,0,0,0,0,0,0,0,0,0,0
"13097","5","4452","76","0","2025","4","N",2,0,0,0,0,0,0,0,"N",0.25,0,0,0,0,0,0,0,"N",0,0.0,0,0,0,0,0,0,0,0,0,0,0,0,0,0
"13097","5","44523","77","0","2025","4","N",1,0,0,0,0,0,0,0,"N",1.07,0,0,0,0,0,0,0,"N",0,0.0,0,0,0,0,0,0,0,0,0,0,0,0,0,0
"13097","5","445230","78","0","2025","4","N",1,0,0,0,0,0,0,0,"N",1.07,0,0,0,0,0,0,0,"N",0,0.0,0,0,0,0,0,0,0,0,0,0,0,0,0,0
"13097","5","44529","77","0","2025","4","N",1,0,0,0,0,0,0,0,"N",0.21,0,0,0,0,0,0,0,"N",0,0.0,0,0,0,0,0,0,0,0,0,0,0,0,0,0
"13097","5","445298","78","0","2025","4","N",1,0,0,0,0,0,0,0,"N",0.33,0,0,0,0,0,0,0,"N",0,0.0,0,0,0,0,0,0,0,0,0,0,0,0,0,0
"13097","5","4453","76","0","2025","4","N",17,0,0,0,0,0,0,0,"N",1.73,0,0,0,0,0,0,0,"N",0,0.0,0,0,0,0,0,0,0,0,0,0,0,0,0,0
"13097","5","44532","77","0","2025","4","N",17,0,0,0,0,0,0,0,"N",1.73,0,0,0,0,0,0,0,"N",0,0.0,0,0,0,0,0,0,0,0,0,0,0,0,0,0
"13097","5","445320","78","0","2025","4","N",17,0,0,0,0,0,0,0,"N",1.73,0,0,0,0,0,0,0,"N",0,0.0,0,0,0,0,0,0,0,0,0,0,0,0,0,0
"13097","5","449","75","0","2025","4","",32,224,220,224,1926003,225767,1303,665,"",1.33,0.93,0.90,0.91,0.65,0.75,0.44,0.71,"",-5,-13.5,-29,-11.5,-24,-9.8,-29,-11.5,-286742,-13.0,-48912,-17.8,-2188,-62.7,-16,-2.3
"13097","5","4491","76","0","2025","4","",15,103,98,103,909413,132027,800,690,"",1.17,0.84,0.78,0.81,0.65,0.81,0.54,0.80,"",-3,-16.7,-29,-22.0,-31,-24.0,-23,-18.3,-201304,-18.1,-4154,-3.1,-493,-38.1,28,4.2
"13097","5","44911","77","0","2025","4","",9,37,38,39,530052,19510,84,1073,"",1.45,0.63,0.64,0.66,0.74,0.26,0.12,1.15,"",-1,-10.0,-13,-26.0,-9,-19.1,-8,-17.0,-149688,-22.0,-1988,-9.2,7,9.1,-16,-1.5
"13097","5","449110","78","0","2025","4","",9,37,38,39,530052,19510,84,1073,"",1.45,0.63,0.64,0.66,0.74,0.26,0.12,1.15,"",-1,-10.0,-13,-26.0,-9,-19.1,-8,-17.0,-149688,-22.0,-1988,-9.2,7,9.1,-16,-1.5
"13097","5","44912","77","0","2025","4","",6,66,60,64,379361,112517,716,461,"",0.91,1.03,0.90,0.95,0.56,1.27,0.90,0.58,"",-2,-25.0,-16,-19.5,-22,-26.8,-15,-19.0,-51616,-12.0,-2166,-1.9,-500,-41.1,52,12.7
"13097","5","449121","78","0","2025","4","N",2,0,0,0,0,0,0,0,"N",0.79,0,0,0,0,0,0,0,"N",0,0.0,0,0,0,0,0,0,0,0,0,0,0,0,0,0
"13097","5","449129","78","0","2025","4","N",4,0,0,0,0,0,0,0,"N",1.24,0,0,0,0,0,0,0,"N",-2,-33.3,0,0,0,0,0,0,0,0,0,0,0,0,0,0
"13097","5","4492","76","0","2025","4","",17,121,122,121,1016590,93740,503,644,"",1.51,1.03,1.02,1.01,0.64,0.67,0.34,0.63,"",-2,-10.5,0,0.0,7,6.1,-6,-4.7,-85438,-7.8,-44758,-32.3,-1695,-77.1,-57,-8.1
"13097","5","44921","77","0","2025","4","",17,121,122,121,1016590,93740,503,644,"",1.51,1.03,1.02,1.01,0.64,0.67,0.34,0.63,"",-2,-10.5,0,0.0,7,6.1,-6,-4.7,-85438,-7.8,-44758,-32.3,-1695,-77.1,-57,-8.1
"13097","5","449210","78","0","2025","4","",17,121,122,121,1016590,93740,503,644,"",1.51,1.03,1.02,1.01,0.64,0.67,0.34,0.63,"",-2,-10.5,0,0.0,7,6.1,-6,-4.7,-85438,-7.8,-44758,-32.3,-1695,-77.1,-57,-8.1
"13097","5","455","75","0","2025","4","",46,2508,2563,2594,23050851,3173048,17204,694,"",1.95,2.47,2.44,2.43,3.23,2.24,1.86,1.32,"",3,7.0,564,29.0,536,26.4,496,23.6,7483466,48.1,821556,34.9,-639,-3.6,102,17.2
"13097","5","4551","76","0","2025","4","",9,466,491,514,3143527,603500,4175,493,"",2.59,1.61,1.57,1.59,1.81,1.44,1.37,1.14,"",0,0.0,-19,-3.9,-50,-9.2,-37,-6.7,-142988,-4.4,-29544,-4.7,-867,-17.2,12,2.5
"13097","5","45511","77","0","2025","4","",9,466,491,514,3143527,603500,4175,493,"",2.59,1.61,1.57,1.59,1.81,1.44,1.37,1.14,"",0,0.0,-19,-3.9,-50,-9.2,-37,-6.7,-142988,-4.4,-29544,-4.7,-867,-17.2,12,2.5
"13097","5","455110","78","0","2025","4","",9,466,491,514,3143527,603500,4175,493,"",2.59,1.61,1.57,1.59,1.81,1.44,1.37,1.14,"",0,0.0,-19,-3.9,-50,-9.2,-37,-6.7,-142988,-4.4,-29544,-4.7,-867,-17.2,12,2.5
"13097","5","4552","76","0","2025","4","",37,2042,2072,2080,19907324,2569548,13029,742,"",1.84,2.81,2.80,2.79,3.68,2.57,2.10,1.31,"",3,8.8,583,40.0,586,39.4,533,34.5,7626454,62.1,851100,49.5,228,1.8,111,17.6
"13097","5","45521","77","0","2025","4","",37,2042,2072,2080,19907324,2569548,13029,742,"",1.84,2.81,2.80,2.79,3.68,2.57,2.10,1.31,"",3,8.8,583,40.0,586,39.4,533,34.5,7626454,62.1,851100,49.5,228,1.8,111,17.6
"13097","5","455211","78","0","2025","4","N",4,0,0,0,0,0,0,0,"N",2.18,0,0,0,0,0,0,0,"N",1,33.3,0,0,0,0,0,0,0,0,0,0,0,0,0,0
"13097","5","455219","78","0","2025","4","N",33,0,0,0,0,0,0,0,"N",1.80,0,0,0,0,0,0,0,"N",2,6.5,0,0,0,0,0,0,0,0,0,0,0,0,0,0
"13097","5","456","75","0","2025","4","",52,512,505,500,4899642,589794,7762,745,"",1.64,1.53,1.50,1.47,1.40,1.35,2.14,0.94,"",-3,-5.5,39,8.2,20,4.1,8,1.6,153146,3.2,98674,20.1,1450,23.0,-10,-1.3
"13097","5","4561","76","0","2025","4","",52,512,505,500,4899642,589794,7762,745,"",1.64,1.53,1.50,1.47,1.40,1.35,2.14,0.94,"",-3,-5.5,39,8.2,20,4.1,8,1.6,153146,3.2,98674,20.1,1450,23.0,-10,-1.3
"13097","5","45611","77","0","2025","4","",23,168,171,169,2157790,193447,1310,980,"",1.36,0.81,0.83,0.81,0.92,0.71,0.62,1.13,"",-1,-4.2,-18,-9.7,-14,-7.6,-21,-11.1,16228,0.8,6489,3.5,115,9.6,99,11.2
"13097","5","456110","78","0","2025","4","",23,168,171,169,2157790,193447,1310,980,"",1.36,0.81,0.83,0.81,0.92,0.71,0.62,1.13,"",-1,-4.2,-18,-9.7,-14,-7.6,-21,-11.1,16228,0.8,6489,3.5,115,9.6,99,11.2
"13097","5","45612","77","0","2025","4","",16,227,217,216,1259315,308767,4221,440,"",2.75,3.26,3.04,2.95,2.85,3.43,5.25,0.93,"",-4,-20.0,51,29.0,32,17.3,29,15.5,59800,5.0,73877,31.5,970,29.8,-65,-12.9
"13097","5","456120","78","0","2025","4","",16,227,217,216,1259315,308767,4221,440,"",2.75,3.26,3.04,2.95,2.85,3.43,5.25,0.93,"",-4,-20.0,51,29.0,32,17.3,29,15.5,59800,5.0,73877,31.5,970,29.8,-65,-12.9
"13097","5","45613","77","0","2025","4","N",6,0,0,0,0,0,0,0,"N",2.08,0,0,0,0,0,0,0,"N",0,0.0,0,0,0,0,0,0,0,0,0,0,0,0,0,0
"13097","5","456130","78","0","2025","4","N",6,0,0,0,0,0,0,0,"N",2.08,0,0,0,0,0,0,0,"N",0,0.0,0,0,0,0,0,0,0,0,0,0,0,0,0,0
"13097","5","45619","77","0","2025","4","N",7,0,0,0,0,0,0,0,"N",1.12,0,0,0,0,0,0,0,"N",2,40.0,0,0,0,0,0,0,0,0,0,0,0,0,0,0
"13097","5","456191","78","0","2025","4","N",3,0,0,0,0,0,0,0,"N",1.04,0,0,0,0,0,0,0,"N",0,0.0,0,0,0,0,0,0,0,0,0,0,0,0,0,0
"13097","5","456199","78","0","2025","4","N",4,0,0,0,0,0,0,0,"N",1.20,0,0,0,0,0,0,0,"N",2,100.0,0,0,0,0,0,0,0,0,0,0,0,0,0,0
"13097","5","457","75","0","2025","4","",73,449,439,454,3904865,413708,4371,671,"",2.16,1.37,1.34,1.38,1.69,0.83,1.13,1.24,"",-2,-2.7,-33,-6.8,-42,-8.7,-18,-3.8,123055,3.3,-102133,-19.8,-2180,-33.3,63,10.4
"13097","5","4571","76","0","2025","4","N",71,0,0,0,0,0,0,0,"N",2.25,0,0,0,0,0,0,0,"N",-1,-1.4,0,0,0,0,0,0,0,0,0,0,0,0,0,0
"13097","5","45711","77","0","2025","4","",67,424,415,430,3567958,400834,4281,649,"",2.30,1.52,1.49,1.55,2.05,0.94,1.35,1.35,"",-1,-1.5,-33,-7.2,-38,-8.4,-14,-3.2,167652,4.9,-71648,-15.2,-1317,-23.5,69,11.9
"13097","5","457110","78","0","2025","4","",67,424,415,430,3567958,400834,4281,649,"",2.30,1.52,1.49,1.55,2.05,0.94,1.35,1.35,"",-1,-1.5,-33,-7.2,-38,-8.4,-14,-3.2,167652,4.9,-71648,-15.2,-1317,-23.5,69,11.9
"13097","5","45712","77","0","2025","4","N",4,0,0,0,0,0,0,0,"N",1.57,0,0,0,0,0,0,0,"N",0,0.0,0,0,0,0,0,0,0,0,0,0,0,0,0,0
"13097","5","457120","78","0","2025","4","N",4,0,0,0,0,0,0,0,"N",1.57,0,0,0,0,0,0,0,"N",0,0.0,0,0,0,0,0,0,0,0,0,0,0,0,0,0
"13097","5","4572","76","0","2025","4","N",2,0,0,0,0,0,0,0,"N",0.94,0,0,0,0,0,0,0,"N",-1,-33.3,0,0,0,0,0,0,0,0,0,0,0,0,0,0
"13097","5","45721","77","0","2025","4","N",2,0,0,0,0,0,0,0,"N",0.94,0,0,0,0,0,0,0,"N",-1,-33.3,0,0,0,0,0,0,0,0,0,0,0,0,0,0
"13097","5","457210","78","0","2025","4","N",2,0,0,0,0,0,0,0,"N",0.94,0,0,0,0,0,0,0,"N",-1,-33.3,0,0,0,0,0,0,0,0,0,0,0,0,0,0
"13097","5","458","75","0","2025","4","",55,1291,1384,1441,11670041,2202567,19400,654,"",1.64,3.55,3.63,3.66,4.45,4.34,3.83,1.23,"",1,1.9,-17,-1.3,68,5.2,40,2.9,379025,3.4,296042,15.5,-2742,-12.4,7,1.1
"13097","5","4581","76","0","2025","4","",36,1149,1219,1258,10704406,2018903,17975,681,"",1.56,4.23,4.27,4.28,5.93,5.21,4.55,1.39,"",0,0.0,-8,-0.7,67,5.8,29,2.4,407251,4.0,349135,20.9,-3141,-14.9,9,1.3
"13097","5","45811","77","0","2025","4","",36,1149,1219,1258,10704406,2018903,17975,681,"",1.56,4.23,4.27,4.28,5.93,5.21,4.55,1.39,"",0,0.0,-8,-0.7,67,5.8,29,2.4,407251,4.0,349135,20.9,-3141,-14.9,9,1.3
"13097","5","458110","78","0","2025","4","",36,1149,1219,1258,10704406,2018903,17975,681,"",1.56,4.23,4.27,4.28,5.93,5.21,4.55,1.39,"",0,0.0,-8,-0.7,67,5.8,29,2.4,407251,4.0,349135,20.9,-3141,-14.9,9,1.3
"13097","5","4582","76","0","2025","4","",8,83,101,108,374340,121620,1286,296,"",1.88,1.60,1.85,1.90,1.17,1.84,2.21,0.66,"",0,0.0,-6,-6.7,1,1.0,5,4.9,-21075,-5.3,-2074,-1.7,522,68.3,-16,-5.1
"13097","5","45821","77","0","2025","4","",8,83,101,108,374340,121620,1286,296,"",1.88,1.60,1.85,1.90,1.17,1.84,2.21,0.66,"",0,0.0,-6,-6.7,1,1.0,5,4.9,-21075,-5.3,-2074,-1.7,522,68.3,-16,-5.1
"13097","5","458210","78","0","2025","4","",8,83,101,108,374340,121620,1286,296,"",1.88,1.60,1.85,1.90,1.17,1.84,2.21,0.66,"",0,0.0,-6,-6.7,1,1.0,5,4.9,-21075,-5.3,-2074,-1.7,522,68.3,-16,-5.1
"13097","5","4583","76","0","2025","4","",11,59,64,75,591295,62044,139,689,"",1.79,1.47,1.53,1.73,1.19,1.15,0.26,0.75,"",1,10.0,-3,-4.8,0,0.0,6,8.7,-7151,-1.2,-51019,-45.1,-123,-46.9,-19,-2.7
"13097","5","45831","77","0","2025","4","",11,59,64,75,591295,62044,139,689,"",1.90,1.61,1.68,1.91,1.32,1.28,0.30,0.76,"",1,10.0,-3,-4.8,0,0.0,6,8.7,-7151,-1.2,-51019,-45.1,-123,-46.9,-19,-2.7
"13097","5","458310","78","0","2025","4","",11,59,64,75,591295,62044,139,689,"",1.90,1.61,1.68,1.91,1.32,1.28,0.30,0.76,"",1,10.0,-3,-4.8,0,0.0,6,8.7,-7151,-1.2,-51019,-45.1,-123,-46.9,-19,-2.7
"13097","5","459","75","0","2025","4","",53,744,787,797,8770851,916238,4394,869,"",1.00,1.59,1.67,1.67,2.42,1.40,0.70,1.47,"",-5,-8.6,-58,-7.2,-62,-7.3,-64,-7.4,-230359,-2.6,-16336,-1.8,-2479,-36.1,42,5.1
"13097","5","4591","76","0","2025","4","",12,195,212,215,1529239,317864,1115,567,"",0.96,1.31,1.36,1.36,1.55,1.45,0.67,1.15,"",0,0.0,14,7.7,10,5.0,6,2.9,245116,19.1,79278,33.2,292,35.5,66,13.2
"13097","5","45911","77","0","2025","4","N",6,0,0,0,0,0,0,0,"N",0.87,0,0,0,0,0,0,0,"N",-1,-14.3,0,0,0,0,0,0,0,0,0,0,0,0,0,0
"13097","5","459110","78","0","2025","4","N",6,0,0,0,0,0,0,0,"N",0.87,0,0,0,0,0,0,0,"N",-1,-14.3,0,0,0,0,0,0,0,0,0,0,0,0,0,0
"13097","5","45912","77","0","2025","4","",5,74,83,85,464123,138752,353,443,"",1.40,1.71,1.81,1.85,1.80,1.90,0.65,1.00,"",1,25.0,12,19.4,8,10.7,6,7.6,68192,17.2,29904,27.5,-103,-22.6,20,4.7
"13097","5","459120","78","0","2025","4","",5,74,83,85,464123,138752,353,443,"",1.40,1.71,1.81,1.85,1.80,1.90,0.65,1.00,"",1,25.0,12,19.4,8,10.7,6,7.6,68192,17.2,29904,27.5,-103,-22.6,20,4.7
"13097","5","45913","77","0","2025","4","-",0,0,0,0,0,0,0,0,"N",0.00,0,0,0,0,0,0,0,"N",0,0,0,0,0,0,0,0,0,0,0,0,0,0,0,0
"13097","5","459130","78","0","2025","4","-",0,0,0,0,0,0,0,0,"N",0.00,0,0,0,0,0,0,0,"N",0,0,0,0,0,0,0,0,0,0,0,0,0,0,0,0
"13097","5","45914","77","0","2025","4","N",1,0,0,0,0,0,0,0,"N",0.97,0,0,0,0,0,0,0,"N",0,0.0,0,0,0,0,0,0,0,0,0,0,0,0,0,0
"13097","5","459140","78","0","2025","4","N",1,0,0,0,0,0,0,0,"N",0.97,0,0,0,0,0,0,0,"N",0,0.0,0,0,0,0,0,0,0,0,0,0,0,0,0,0
"13097","5","4592","76","0","2025","4","N",2,0,0,0,0,0,0,0,"N",0.89,0,0,0,0,0,0,0,"N",-1,-33.3,0,0,0,0,0,0,0,0,0,0,0,0,0,0
"13097","5","45921","77","0","2025","4","N",2,0,0,0,0,0,0,0,"N",0.89,0,0,0,0,0,0,0,"N",-1,-33.3,0,0,0,0,0,0,0,0,0,0,0,0,0,0
"13097","5","459210","78","0","2025","4","N",2,0,0,0,0,0,0,0,"N",0.89,0,0,0,0,0,0,0,"N",-1,-33.3,0,0,0,0,0,0,0,0,0,0,0,0,0,0
"13097","5","4593","76","0","2025","4","N",1,0,0,0,0,0,0,0,"N",0.30,0,0,0,0,0,0,0,"N",0,0.0,0,0,0,0,0,0,0,0,0,0,0,0,0,0
"13097","5","45931","77","0","2025","4","N",1,0,0,0,0,0,0,0,"N",0.30,0,0,0,0,0,0,0,"N",0,0.0,0,0,0,0,0,0,0,0,0,0,0,0,0,0
"13097","5","459310","78","0","2025","4","N",1,0,0,0,0,0,0,0,"N",0.30,0,0,0,0,0,0,0,"N",0,0.0,0,0,0,0,0,0,0,0,0,0,0,0,0,0
"13097","5","4594","76","0","2025","4","",12,356,373,380,5375504,312429,662,1119,"",1.78,6.00,6.57,6.66,12.67,3.81,0.83,1.98,"",0,0.0,-64,-15.2,-64,-14.6,-52,-12.0,-241499,-4.3,-91942,-22.7,-1660,-71.5,113,11.2
"13097","5","45941","77","0","2025","4","N",5,0,0,0,0,0,0,0,"N",3.09,0,0,0,0,0,0,0,"N",0,0.0,0,0,0,0,0,0,0,0,0,0,0,0,0,0
"13097","5","459410","78","0","2025","4","N",5,0,0,0,0,0,0,0,"N",3.09,0,0,0,0,0,0,0,"N",0,0.0,0,0,0,0,0,0,0,0,0,0,0,0,0,0
"13097","5","45942","77","0","2025","4","N",7,0,0,0,0,0,0,0,"N",1.36,0,0,0,0,0,0,0,"N",0,0.0,0,0,0,0,0,0,0,0,0,0,0,0,0,0
"13097","5","459420","78","0","2025","4","N",7,0,0,0,0,0,0,0,"N",1.36,0,0,0,0,0,0,0,"N",0,0.0,0,0,0,0,0,0,0,0,0,0,0,0,0,0
"13097","5","4595","76","0","2025","4","N",4,0,0,0,0,0,0,0,"N",0.74,0,0,0,0,0,0,0,"N",-1,-20.0,0,0,0,0,0,0,0,0,0,0,0,0,0,0
"13097","5","45951","77","0","2025","4","N",4,0,0,0,0,0,0,0,"N",0.74,0,0,0,0,0,0,0,"N",-1,-20.0,0,0,0,0,0,0,0,0,0,0,0,0,0,0
"13097","5","459510","78","0","2025","4","N",4,0,0,0,0,0,0,0,"N",0.74,0,0,0,0,0,0,0,"N",-1,-20.0,0,0,0,0,0,0,0,0,0,0,0,0,0,0
"13097","5","4599","76","0","2025","4","",22,75,78,76,512495,106919,1421,516,"",0.98,0.49,0.52,0.50,0.33,0.45,0.53,0.67,"",-3,-12.0,-9,-10.7,-6,-7.1,-10,-11.6,-65278,-11.3,-30287,-22.1,-413,-22.5,-9,-1.7
"13097","5","45991","77","0","2025","4","N",1,0,0,0,0,0,0,0,"N",0.32,0,0,0,0,0,0,0,"N",0,0.0,0,0,0,0,0,0,0,0,0,0,0,0,0,0
"13097","5","459910","78","0","2025","4","N",1,0,0,0,0,0,0,0,"N",0.32,0,0,0,0,0,0,0,"N",0,0.0,0,0,0,0,0,0,0,0,0,0,0,0,0,0
"13097","5","45999","77","0","2025","4","N",21,0,0,0,0,0,0,0,"N",1.21,0,0,0,0,0,0,0,"N",-3,-12.5,0,0,0,0,0,0,0,0,0,0,0,0,0,0
"13097","5","459991","78","0","2025","4","",15,28,31,29,143646,51039,1139,377,"",1.80,0.60,0.67,0.63,0.43,0.59,1.01,0.68,"N",-1,-6.2,0,0,0,0,0,0,0,0,0,0,0,0,0,0
"13097","5","459999","78","0","2025","4","N",6,0,0,0,0,0,0,0,"N",0.66,0,0,0,0,0,0,0,"N",-2,-25.0,0,0,0,0,0,0,0,0,0,0,0,0,0,0
"13097","5","48-49","74","0","2025","4","",156,4430,4378,4361,74615994,5337800,67480,1308,"",1.73,2.13,2.04,1.99,2.61,1.69,1.87,1.27,"",-19,-10.9,-2225,-33.4,-2657,-37.8,-2778,-38.9,-48417105,-39.4,-8301236,-60.9,-159788,-70.3,-55,-4.0
"13097","5","484","75","0","2025","4","",84,1525,1534,1553,27394367,1707453,27780,1371,"",1.72,3.29,3.32,3.37,4.30,2.71,4.17,1.29,"",-21,-20.0,-292,-16.1,-350,-18.6,-337,-17.8,-4177118,-13.2,-642001,-27.3,184,0.7,68,5.2
"13097","5","4841","76","0","2025","4","",62,1469,1478,1496,26807319,1645805,27101,1392,"",1.83,4.55,4.58,4.63,6.08,3.82,6.24,1.33,"",-15,-19.5,-244,-14.2,-306,-17.2,-282,-15.9,-3296735,-11.0,-568211,-25.7,1827,7.2,75,5.7
"13097","5","48411","77","0","2025","4","",12,54,51,51,903657,40858,407,1337,"",0.90,0.60,0.57,0.56,0.79,0.31,0.25,1.36,"",-1,-7.7,2,3.8,0,0.0,-7,-12.1,10058,1.1,16512,67.8,4,1.0,56,4.4
"13097","5","484110","78","0","2025","4","",12,54,51,51,903657,40858,407,1337,"",0.90,0.60,0.57,0.56,0.79,0.31,0.25,1.36,"",-1,-7.7,2,3.8,0,0.0,-7,-12.1,10058,1.1,16512,67.8,4,1.0,56,4.4
"13097","5","48412","77","0","2025","4","",50,1415,1427,1445,25903662,1604947,26694,1394,"",2.44,6.07,6.13,6.21,7.95,5.38,9.86,1.30,"",-14,-21.9,-246,-14.8,-306,-17.7,-275,-16.0,-3306793,-11.3,-584723,-26.7,1823,7.3,76,5.8
"13097","5","484121","78","0","2025","4","N",29,0,0,0,0,0,0,0,"N",1.70,0,0,0,0,0,0,0,"N",0,0.0,0,0,0,0,0,0,0,0,0,0,0,0,0,0
"13097","5","484122","78","0","2025","4","N",21,0,0,0,0,0,0,0,"N",6.15,0,0,0,0,0,0,0,"N",-14,-40.0,0,0,0,0,0,0,0,0,0,0,0,0,0,0
"13097","5","4842","76","0","2025","4","",22,56,56,57,587048,61648,679,802,"",1.47,0.40,0.40,0.42,0.30,0.31,0.29,0.74,"",-6,-21.4,-48,-46.2,-44,-44.0,-55,-49.1,-880383,-60.0,-73790,-54.5,-1643,-70.8,-270,-25.2
"13097","5","48421","77","0","2025","4","",5,27,27,27,215651,31037,195,614,"",1.81,0.96,0.98,0.99,0.75,0.74,0.43,0.76,"",-2,-28.6,-1,-3.6,2,8.0,-3,-10.0,-43130,-16.7,2021,7.0,-103,-34.6,-106,-14.7
"13097","5","484210","78","0","2025","4","",5,27,27,27,215651,31037,195,614,"",1.81,0.96,0.98,0.99,0.75,0.74,0.43,0.76,"",-2,-28.6,-1,-3.6,2,8.0,-3,-10.0,-43130,-16.7,2021,7.0,-103,-34.6,-106,-14.7
"13097","5","48422","77","0","2025","4","",12,17,16,18,270720,15359,72,1225,"",1.40,0.24,0.23,0.26,0.26,0.15,0.05,1.10,"",-2,-14.3,-41,-70.7,-41,-71.9,-39,-68.4,-681131,-71.6,-23470,-60.4,-82,-53.2,-52,-4.1
"13097","5","484220","78","0","2025","4","",12,17,16,18,270720,15359,72,1225,"",1.40,0.24,0.23,0.26,0.26,0.15,0.05,1.10,"",-2,-14.3,-41,-70.7,-41,-71.9,-39,-68.4,-681131,-71.6,-23470,-60.4,-82,-53.2,-52,-4.1
"13097","5","48423","77","0","2025","4","",5,12,13,12,100677,15252,412,628,"",1.39,0.30,0.32,0.30,0.16,0.28,0.91,0.51,"",-2,-28.6,-6,-33.3,-5,-27.8,-13,-52.0,-156122,-60.8,-52341,-77.4,-1458,-78.0,-343,-35.3
"13097","5","484230","78","0","2025","4","",5,12,13,12,100677,15252,412,628,"",1.39,0.30,0.32,0.30,0.16,0.28,0.91,0.51,"",-2,-28.6,-6,-33.3,-5,-27.8,-13,-52.0,-156122,-60.8,-52341,-77.4,-1458,-78.0,-343,-35.3
"13097","5","485","75","0","2025","4","N",3,0,0,0,0,0,0,0,"N",0.47,0,0,0,0,0,0,0,"N",0,0.0,0,0,0,0,0,0,0,0,0,0,0,0,0,0
"13097","5","4853","76","0","2025","4","N",1,0,0,0,0,0,0,0,"N",0.46,0,0,0,0,0,0,0,"N",0,0.0,0,0,0,0,0,0,0,0,0,0,0,0,0,0
"13097","5","48531","77","0","2025","4","N",1,0,0,0,0,0,0,0,"N",1.05,0,0,0,0,0,0,0,"N",0,0.0,0,0,0,0,0,0,0,0,0,0,0,0,0,0
"13097","5","485310","78","0","2025","4","N",1,0,0,0,0,0,0,0,"N",1.05,0,0,0,0,0,0,0,"N",0,0.0,0,0,0,0,0,0,0,0,0,0,0,0,0,0
"13097","5","4859","76","0","2025","4","N",2,0,0,0,0,0,0,0,"N",0.89,0,0,0,0,0,0,0,"N",0,0.0,0,0,0,0,0,0,0,0,0,0,0,0,0,0
"13097","5","48599","77","0","2025","4","N",2,0,0,0,0,0,0,0,"N",0.89,0,0,0,0,0,0,0,"N",0,0.0,0,0,0,0,0,0,0,0,0,0,0,0,0,0
"13097","5","485991","78","0","2025","4","N",2,0,0,0,0,0,0,0,"N",1.55,0,0,0,0,0,0,0,"N",0,0.0,0,0,0,0,0,0,0,0,0,0,0,0,0,0
"13097","5","486","75","0","2025","4","N",2,0,0,0,0,0,0,0,"N",2.05,0,0,0,0,0,0,0,"N",0,0.0,0,0,0,0,0,0,0,0,0,0,0,0,0,0
"13097","5","4869","76","0","2025","4","N",2,0,0,0,0,0,0,0,"N",11.90,0,0,0,0,0,0,0,"N",0,0.0,0,0,0,0,0,0,0,0,0,0,0,0,0,0
"13097","5","48691","77","0","2025","4","N",2,0,0,0,0,0,0,0,"N",13.52,0,0,0,0,0,0,0,"N",0,0.0,0,0,0,0,0,0,0,0,0,0,0,0,0,0
"13097","5","486910","78","0","2025","4","N",2,0,0,0,0,0,0,0,"N",13.52,0,0,0,0,0,0,0,"N",0,0.0,0,0,0,0,0,0,0,0,0,0,0,0,0,0
"13097","5","488","75","0","2025","4","",29,388,376,380,5980521,597851,7675,1206,"",1.75,1.52,1.47,1.48,1.53,1.76,1.97,1.03,"",-1,-3.3,-20,-4.9,-57,-13.2,-44,-10.4,-1070631,-15.2,-102493,-14.6,-1796,-19.0,-80,-6.2
"13097","5","4881","76","0","2025","4","N",1,0,0,0,0,0,0,0,"N",0.37,0,0,0,0,0,0,0,"N",0,0.0,0,0,0,0,0,0,0,0,0,0,0,0,0,0
"13097","5","48811","77","0","2025","4","N",1,0,0,0,0,0,0,0,"N",1.44,0,0,0,0,0,0,0,"N",0,0.0,0,0,0,0,0,0,0,0,0,0,0,0,0,0
"13097","5","488119","78","0","2025","4","N",1,0,0,0,0,0,0,0,"N",1.60,0,0,0,0,0,0,0,"N",0,0.0,0,0,0,0,0,0,0,0,0,0,0,0,0,0
"13097","5","4882","76","0","2025","4","N",1,0,0,0,0,0,0,0,"N",1.76,0,0,0,0,0,0,0,"N",-1,-50.0,0,0,0,0,0,0,0,0,0,0,0,0,0,0
"13097","5","48821","77","0","2025","4","N",1,0,0,0,0,0,0,0,"N",1.76,0,0,0,0,0,0,0,"N",-1,-50.0,0,0,0,0,0,0,0,0,0,0,0,0,0,0
"13097","5","488210","78","0","2025","4","N",1,0,0,0,0,0,0,0,"N",1.76,0,0,0,0,0,0,0,"N",-1,-50.0,0,0,0,0,0,0,0,0,0,0,0,0,0,0
"13097","5","4884","76","0","2025","4","",8,135,126,120,1387011,285144,4537,840,"",1.89,3.77,3.51,3.34,3.23,5.08,7.38,0.91,"",0,0.0,52,62.7,21,20.0,15,14.3,96080,7.4,9684,3.5,-480,-9.6,-177,-17.4
"13097","5","48841","77","0","2025","4","N",7,0,0,0,0,0,0,0,"N",2.30,0,0,0,0,0,0,0,"N",0,0.0,0,0,0,0,0,0,0,0,0,0,0,0,0,0
"13097","5","488410","78","0","2025","4","N",7,0,0,0,0,0,0,0,"N",2.30,0,0,0,0,0,0,0,"N",0,0.0,0,0,0,0,0,0,0,0,0,0,0,0,0,0
"13097","5","48849","77","0","2025","4","N",1,0,0,0,0,0,0,0,"N",0.84,0,0,0,0,0,0,0,"N",0,0.0,0,0,0,0,0,0,0,0,0,0,0,0,0,0
"13097","5","488490","78","0","2025","4","N",1,0,0,0,0,0,0,0,"N",0.84,0,0,0,0,0,0,0,"N",0,0.0,0,0,0,0,0,0,0,0,0,0,0,0,0,0
"13097","5","4885","76","0","2025","4","",18,249,246,257,4550000,303572,3118,1396,"",2.54,3.08,3.03,3.16,3.27,3.41,2.87,1.06,"",0,0.0,-73,-22.7,-79,-24.3,-59,-18.7,-1172531,-20.5,-119572,-28.3,-1332,-29.9,25,1.8
"13097","5","48851","77","0","2025","4","",18,249,246,257,4550000,303572,3118,1396,"",2.54,3.08,3.03,3.16,3.27,3.41,2.87,1.06,"",0,0.0,-73,-22.7,-79,-24.3,-59,-18.7,-1172531,-20.5,-119572,-28.3,-1332,-29.9,25,1.8
"13097","5","488510","78","0","2025","4","",18,249,246,257,4550000,303572,3118,1396,"",2.54,3.08,3.03,3.16,3.27,3.41,2.87,1.06,"",0,0.0,-73,-22.7,-79,-24.3,-59,-18.7,-1172531,-20.5,-119572,-28.3,-1332,-29.9,25,1.8
"13097","5","4889","76","0","2025","4","N",1,0,0,0,0,0,0,0,"N",0.93,0,0,0,0,0,0,0,"N",0,0.0,0,0,0,0,0,0,0,0,0,0,0,0,0,0
"13097","5","48899","77","0","2025","4","N",1,0,0,0,0,0,0,0,"N",0.93,0,0,0,0,0,0,0,"N",0,0.0,0,0,0,0,0,0,0,0,0,0,0,0,0,0
"13097","5","488999","78","0","2025","4","N",1,0,0,0,0,0,0,0,"N",1.47,0,0,0,0,0,0,0,"N",0,0.0,0,0,0,0,0,0,0,0,0,0,0,0,0,0
"13097","5","492","75","0","2025","4","N",6,0,0,0,0,0,0,0,"N",0.95,0,0,0,0,0,0,0,"N",-1,-14.3,0,0,0,0,0,0,0,0,0,0,0,0,0,0
"13097","5","4921","76","0","2025","4","N",2,0,0,0,0,0,0,0,"N",0.50,0,0,0,0,0,0,0,"N",0,0.0,0,0,0,0,0,0,0,0,0,0,0,0,0,0
"13097","5","49211","77","0","2025","4","N",2,0,0,0,0,0,0,0,"N",0.50,0,0,0,0,0,0,0,"N",0,0.0,0,0,0,0,0,0,0,0,0,0,0,0,0,0
"13097","5","492110","78","0","2025","4","N",2,0,0,0,0,0,0,0,"N",0.50,0,0,0,0,0,0,0,"N",0,0.0,0,0,0,0,0,0,0,0,0,0,0,0,0,0
"13097","5","4922","76","0","2025","4","N",4,0,0,0,0,0,0,0,"N",1.73,0,0,0,0,0,0,0,"N",-1,-20.0,0,0,0,0,0,0,0,0,0,0,0,0,0,0
"13097","5","49221","77","0","2025","4","N",4,0,0,0,0,0,0,0,"N",1.73,0,0,0,0,0,0,0,"N",-1,-20.0,0,0,0,0,0,0,0,0,0,0,0,0,0,0
"13097","5","492210","78","0","2025","4","N",4,0,0,0,0,0,0,0,"N",1.73,0,0,0,0,0,0,0,"N",-1,-20.0,0,0,0,0,0,0,0,0,0,0,0,0,0,0
"13097","5","493","75","0","2025","4","",32,2278,2234,2198,37997544,2535910,29302,1307,"",4.77,3.83,3.59,3.52,5.57,2.67,3.07,1.53,"",4,14.3,-1923,-45.8,-2258,-50.3,-2397,-52.2,-42814760,-53.0,-7597500,-75.0,-157875,-84.3,-96,-6.8
"13097","5","4931","76","0","2025","4","",32,2278,2234,2198,37997544,2535910,29302,1307,"",4.77,3.83,3.59,3.52,5.57,2.67,3.07,1.53,"",4,14.3,-1923,-45.8,-2258,-50.3,-2397,-52.2,-42814760,-53.0,-7597500,-75.0,-157875,-84.3,-96,-6.8
"13097","5","49311","77","0","2025","4","",27,1618,1568,1556,23207325,1863288,22364,1129,"",5.26,2.94,2.71,2.68,3.72,2.10,2.54,1.34,"",4,17.4,-1928,-54.4,-2275,-59.2,-2390,-60.6,-43980390,-65.5,-7586654,-80.3,-159350,-87.7,-239,-17.5
"13097","5","493110","78","0","2025","4","",27,1618,1568,1556,23207325,1863288,22364,1129,"",5.26,2.94,2.71,2.68,3.72,2.10,2.54,1.34,"",4,17.4,-1928,-54.4,-2275,-59.2,-2390,-60.6,-43980390,-65.5,-7586654,-80.3,-159350,-87.7,-239,-17.5
"13097","5","49312","77","0","2025","4","N",3,0,0,0,0,0,0,0,"N",5.67,0,0,0,0,0,0,0,"N",0,0.0,0,0,0,0,0,0,0,0,0,0,0,0,0,0
"13097","5","493120","78","0","2025","4","N",3,0,0,0,0,0,0,0,"N",5.67,0,0,0,0,0,0,0,"N",0,0.0,0,0,0,0,0,0,0,0,0,0,0,0,0,0
"13097","5","49319","77","0","2025","4","N",2,0,0,0,0,0,0,0,"N",2.51,0,0,0,0,0,0,0,"N",0,0.0,0,0,0,0,0,0,0,0,0,0,0,0,0,0
"13097","5","493190","78","0","2025","4","N",2,0,0,0,0,0,0,0,"N",2.51,0,0,0,0,0,0,0,"N",0,0.0,0,0,0,0,0,0,0,0,0,0,0,0,0,0
"13097","5","51","74","0","2025","4","",63,402,398,408,13320251,287324,2396,2545,"",0.74,0.45,0.45,0.46,0.41,0.34,0.18,0.91,"",12,23.5,29,7.8,25,6.7,33,8.8,1465651,12.4,93381,48.1,128,5.6,105,4.3
"13097","5","512","75","0","2025","4","",4,64,64,69,698262,77715,586,818,"",0.35,0.56,0.54,0.61,0.29,0.40,0.13,0.51,"",-2,-33.3,7,12.3,13,25.5,16,30.2,84692,13.8,27863,55.9,193,49.1,-61,-6.9
"13097","5","5121","76","0","2025","4","N",3,0,0,0,0,0,0,0,"N",0.31,0,0,0,0,0,0,0,"N",-2,-40.0,0,0,0,0,0,0,0,0,0,0,0,0,0,0
"13097","5","51211","77","0","2025","4","N",2,0,0,0,0,0,0,0,"N",0.29,0,0,0,0,0,0,0,"N",-2,-50.0,0,0,0,0,0,0,0,0,0,0,0,0,0,0
"13097","5","512110","78","0","2025","4","N",2,0,0,0,0,0,0,0,"N",0.29,0,0,0,0,0,0,0,"N",-2,-50.0,0,0,0,0,0,0,0,0,0,0,0,0,0,0
"13097","5","51213","77","0","2025","4","N",1,0,0,0,0,0,0,0,"N",0.86,0,0,0,0,0,0,0,"N",0,0.0,0,0,0,0,0,0,0,0,0,0,0,0,0,0
"13097","5","512131","78","0","2025","4","N",1,0,0,0,0,0,0,0,"N",0.90,0,0,0,0,0,0,0,"N",0,0.0,0,0,0,0,0,0,0,0,0,0,0,0,0,0
"13097","5","5122","76","0","2025","4","N",1,0,0,0,0,0,0,0,"N",0.66,0,0,0,0,0,0,0,"N",0,0.0,0,0,0,0,0,0,0,0,0,0,0,0,0,0
"13097","5","51229","77","0","2025","4","N",1,0,0,0,0,0,0,0,"N",4.29,0,0,0,0,0,0,0,"N",0,0.0,0,0,0,0,0,0,0,0,0,0,0,0,0,0
"13097","5","512290","78","0","2025","4","N",1,0,0,0,0,0,0,0,"N",4.29,0,0,0,0,0,0,0,"N",0,0.0,0,0,0,0,0,0,0,0,0,0,0,0,0,0
"13097","5","513","75","0","2025","4","",33,20,18,19,426135,22740,466,1725,"",0.89,0.07,0.07,0.07,0.04,0.08,0.13,0.58,"",12,57.1,4,25.0,2,12.5,3,18.8,74927,21.3,10320,83.1,334,253.0,36,2.1
"13097","5","5131","76","0","2025","4","",4,5,4,4,71511,1275,0,1269,"",0.52,0.07,0.05,0.05,0.04,0.02,0.00,0.76,"",0,0.0,0,0.0,-1,-20.0,-1,-20.0,-9542,-11.8,-882,-40.9,-1,-100.0,22,1.8
"13097","5","51311","77","0","2025","4","N",1,0,0,0,0,0,0,0,"N",0.50,0,0,0,0,0,0,0,"N",0,0.0,0,0,0,0,0,0,0,0,0,0,0,0,0,0
"13097","5","513110","78","0","2025","4","N",1,0,0,0,0,0,0,0,"N",0.50,0,0,0,0,0,0,0,"N",0,0.0,0,0,0,0,0,0,0,0,0,0,0,0,0,0
"13097","5","51319","77","0","2025","4","N",3,0,0,0,0,0,0,0,"N",1.82,0,0,0,0,0,0,0,"N",0,0.0,0,0,0,0,0,0,0,0,0,0,0,0,0,0
"13097","5","513199","78","0","2025","4","N",3,0,0,0,0,0,0,0,"N",1.86,0,0,0,0,0,0,0,"N",0,0.0,0,0,0,0,0,0,0,0,0,0,0,0,0,0
"13097","5","5132","76","0","2025","4","",29,15,14,15,354624,21465,466,1860,"",0.99,0.07,0.07,0.07,0.04,0.10,0.16,0.53,"",12,70.6,4,36.4,3,27.3,4,36.4,84469,31.3,11202,109.1,335,255.7,-29,-1.5
"13097","5","51321","77","0","2025","4","",29,15,14,15,354624,21465,466,1860,"",0.99,0.07,0.07,0.07,0.04,0.10,0.16,0.53,"",12,70.6,4,36.4,3,27.3,4,36.4,84469,31.3,11202,109.1,335,255.7,-29,-1.5
"13097","5","513210","78","0","2025","4","",29,15,14,15,354624,21465,466,1860,"",0.99,0.07,0.07,0.07,0.04,0.10,0.16,0.53,"",12,70.6,4,36.4,3,27.3,4,36.4,84469,31.3,11202,109.1,335,255.7,-29,-1.5
"13097","5","516","75","0","2025","4","N",3,0,0,0,0,0,0,0,"N",0.50,0,0,0,0,0,0,0,"N",0,0.0,0,0,0,0,0,0,0,0,0,0,0,0,0,0
"13097","5","5161","76","0","2025","4","N",1,0,0,0,0,0,0,0,"N",0.59,0,0,0,0,0,0,0,"N",0,0.0,0,0,0,0,0,0,0,0,0,0,0,0,0,0
"13097","5","51611","77","0","2025","4","N",1,0,0,0,0,0,0,0,"N",0.84,0,0,0,0,0,0,0,"N",0,0.0,0,0,0,0,0,0,0,0,0,0,0,0,0,0
"13097","5","516110","78","0","2025","4","N",1,0,0,0,0,0,0,0,"N",0.84,0,0,0,0,0,0,0,"N",0,0.0,0,0,0,0,0,0,0,0,0,0,0,0,0,0
"13097","5","5162","76","0","2025","4","N",2,0,0,0,0,0,0,0,"N",0.47,0,0,0,0,0,0,0,"N",0,0.0,0,0,0,0,0,0,0,0,0,0,0,0,0,0
"13097","5","51621","77","0","2025","4","N",2,0,0,0,0,0,0,0,"N",0.47,0,0,0,0,0,0,0,"N",0,0.0,0,0,0,0,0,0,0,0,0,0,0,0,0,0
"13097","5","516210","78","0","2025","4","N",2,0,0,0,0,0,0,0,"N",0.47,0,0,0,0,0,0,0,"N",0,0.0,0,0,0,0,0,0,0,0,0,0,0,0,0,0
"13097","5","517","75","0","2025","4","",6,55,53,53,1135197,6069,148,1627,"",0.61,0.30,0.29,0.29,0.28,0.05,0.10,0.95,"",-1,-14.3,-9,-14.1,-11,-17.2,-9,-14.5,-317508,-21.9,-4757,-43.9,-35,-19.1,-137,-7.8
"13097","5","5171","76","0","2025","4","N",5,0,0,0,0,0,0,0,"N",0.62,0,0,0,0,0,0,0,"N",-1,-16.7,0,0,0,0,0,0,0,0,0,0,0,0,0,0
"13097","5","51711","77","0","2025","4","N",5,0,0,0,0,0,0,0,"N",0.73,0,0,0,0,0,0,0,"N",-1,-16.7,0,0,0,0,0,0,0,0,0,0,0,0,0,0
"13097","5","517111","78","0","2025","4","N",5,0,0,0,0,0,0,0,"N",1.01,0,0,0,0,0,0,0,"N",-1,-16.7,0,0,0,0,0,0,0,0,0,0,0,0,0,0
"13097","5","5178","76","0","2025","4","N",1,0,0,0,0,0,0,0,"N",0.66,0,0,0,0,0,0,0,"N",0,0.0,0,0,0,0,0,0,0,0,0,0,0,0,0,0
"13097","5","51781","77","0","2025","4","N",1,0,0,0,0,0,0,0,"N",0.66,0,0,0,0,0,0,0,"N",0,0.0,0,0,0,0,0,0,0,0,0,0,0,0,0,0
"13097","5","517810","78","0","2025","4","N",1,0,0,0,0,0,0,0,"N",0.66,0,0,0,0,0,0,0,"N",0,0.0,0,0,0,0,0,0,0,0,0,0,0,0,0,0
"13097","5","518","75","0","2025","4","",13,199,198,201,8781777,108334,773,3389,"",0.82,1.31,1.31,1.32,1.50,0.78,0.41,1.14,"",1,8.3,18,9.9,11,5.9,12,6.3,1411015,19.1,4616,4.5,-622,-44.6,335,11.0
"13097","5","5182","76","0","2025","4","",13,199,198,201,8781777,108334,773,3389,"",0.82,1.31,1.31,1.32,1.50,0.78,0.41,1.14,"",1,8.3,18,9.9,11,5.9,12,6.3,1411015,19.1,4616,4.5,-622,-44.6,335,11.0
"13097","5","51821","77","0","2025","4","",13,199,198,201,8781777,108334,773,3389,"",0.82,1.31,1.31,1.32,1.50,0.78,0.41,1.14,"",1,8.3,18,9.9,11,5.9,12,6.3,1411015,19.1,4616,4.5,-622,-44.6,335,11.0
"13097","5","518210","78","0","2025","4","",13,199,198,201,8781777,108334,773,3389,"",0.82,1.31,1.31,1.32,1.50,0.78,0.41,1.14,"",1,8.3,18,9.9,11,5.9,12,6.3,1411015,19.1,4616,4.5,-622,-44.6,335,11.0
"13097","5","519","75","0","2025","4","N",4,0,0,0,0,0,0,0,"N",0.85,0,0,0,0,0,0,0,"N",2,100.0,0,0,0,0,0,0,0,0,0,0,0,0,0,0
"13097","5","5192","76","0","2025","4","N",4,0,0,0,0,0,0,0,"N",0.85,0,0,0,0,0,0,0,"N",2,100.0,0,0,0,0,0,0,0,0,0,0,0,0,0,0
"13097","5","51929","77","0","2025","4","N",4,0,0,0,0,0,0,0,"N",1.00,0,0,0,0,0,0,0,"N",2,100.0,0,0,0,0,0,0,0,0,0,0,0,0,0,0
"13097","5","519290","78","0","2025","4","N",4,0,0,0,0,0,0,0,"N",1.00,0,0,0,0,0,0,0,"N",2,100.0,0,0,0,0,0,0,0,0,0,0,0,0,0,0
"13097","5","52","74","0","2025","4","",122,531,531,546,9639718,299280,3306,1383,"",0.73,0.27,0.27,0.27,0.17,0.19,0.21,0.63,"",-8,-6.2,-134,-20.2,-136,-20.4,-129,-19.1,-3368605,-25.9,-101565,-25.3,-1027,-23.7,-113,-7.6
"13097","5","522","75","0","2025","4","",53,266,268,264,4381032,161414,1807,1267,"",0.98,0.33,0.33,0.33,0.24,0.25,0.29,0.74,"",-1,-1.9,-98,-26.9,-101,-27.4,-110,-29.4,-3319363,-43.1,-40559,-20.1,642,55.1,-338,-21.1
"13097","5","5221","76","0","2025","4","",26,157,158,157,2635605,65296,557,1289,"",0.86,0.28,0.28,0.28,0.23,0.15,0.17,0.81,"",0,0.0,-128,-44.9,-132,-45.5,-137,-46.6,-3866712,-59.5,-73749,-53.0,-107,-16.1,-438,-25.4
"13097","5","52211","77","0","2025","4","",21,143,145,143,2454791,58253,509,1314,"",0.94,0.34,0.34,0.33,0.26,0.21,0.22,0.78,"N",0,0.0,0,0,0,0,0,0,0,0,0,0,0,0,0,0
"13097","5","522110","78","0","2025","4","",21,143,145,143,2454791,58253,509,1314,"",0.94,0.34,0.34,0.33,0.26,0.21,0.22,0.78,"N",0,0.0,0,0,0,0,0,0,0,0,0,0,0,0,0,0
"13097","5","52213","77","0","2025","4","",5,14,13,14,180814,7043,48,1018,"",0.86,0.14,0.13,0.14,0.12,0.06,0.06,0.86,"N",0,0.0,0,0,0,0,0,0,0,0,0,0,0,0,0,0
"13097","5","522130","78","0","2025","4","",5,14,13,14,180814,7043,48,1018,"",0.86,0.14,0.13,0.14,0.12,0.06,0.06,0.86,"N",0,0.0,0,0,0,0,0,0,0,0,0,0,0,0,0,0
"13097","5","5222","76","0","2025","4","N",23,0,0,0,0,0,0,0,"N",1.60,0,0,0,0,0,0,0,"N",1,4.5,0,0,0,0,0,0,0,0,0,0,0,0,0,0
"13097","5","52222","77","0","2025","4","N",1,0,0,0,0,0,0,0,"N",0.56,0,0,0,0,0,0,0,"N",0,0.0,0,0,0,0,0,0,0,0,0,0,0,0,0,0
"13097","5","522220","78","0","2025","4","N",1,0,0,0,0,0,0,0,"N",0.56,0,0,0,0,0,0,0,"N",0,0.0,0,0,0,0,0,0,0,0,0,0,0,0,0,0
"13097","5","52229","77","0","2025","4","N",22,0,0,0,0,0,0,0,"N",1.79,0,0,0,0,0,0,0,"N",1,4.8,0,0,0,0,0,0,0,0,0,0,0,0,0,0
"13097","5","522291","78","0","2025","4","",8,44,46,45,577606,28411,102,987,"",1.82,1.56,1.62,1.58,0.85,0.91,0.31,0.54,"",0,0.0,5,12.8,7,17.9,5,12.5,89254,18.3,7688,37.1,49,92.5,32,3.4
"13097","5","522292","78","0","2025","4","N",5,0,0,0,0,0,0,0,"N",1.00,0,0,0,0,0,0,0,"N",0,0.0,0,0,0,0,0,0,0,0,0,0,0,0,0,0
"13097","5","522299","78","0","2025","4","N",9,0,0,0,0,0,0,0,"N",3.15,0,0,0,0,0,0,0,"N",1,12.5,0,0,0,0,0,0,0,0,0,0,0,0,0,0
"13097","5","5223","76","0","2025","4","N",4,0,0,0,0,0,0,0,"N",0.41,0,0,0,0,0,0,0,"N",-2,-33.3,0,0,0,0,0,0,0,0,0,0,0,0,0,0
"13097","5","52231","77","0","2025","4","N",3,0,0,0,0,0,0,0,"N",0.61,0,0,0,0,0,0,0,"N",-1,-25.0,0,0,0,0,0,0,0,0,0,0,0,0,0,0
"13097","5","522310","78","0","2025","4","N",3,0,0,0,0,0,0,0,"N",0.61,0,0,0,0,0,0,0,"N",-1,-25.0,0,0,0,0,0,0,0,0,0,0,0,0,0,0
"13097","5","52232","77","0","2025","4","N",1,0,0,0,0,0,0,0,"N",0.37,0,0,0,0,0,0,0,"N",0,0.0,0,0,0,0,0,0,0,0,0,0,0,0,0,0
"13097","5","522320","78","0","2025","4","N",1,0,0,0,0,0,0,0,"N",0.37,0,0,0,0,0,0,0,"N",0,0.0,0,0,0,0,0,0,0,0,0,0,0,0,0,0
"13097","5","523","75","0","2025","4","N",16,0,0,0,0,0,0,0,"N",0.36,0,0,0,0,0,0,0,"N",-1,-5.9,0,0,0,0,0,0,0,0,0,0,0,0,0,0
"13097","5","5231","76","0","2025","4","",8,13,13,13,402573,6723,59,2382,"",0.69,0.09,0.09,0.09,0.05,0.08,0.07,0.52,"",0,0.0,5,62.5,5,62.5,5,62.5,126727,45.9,3877,136.2,42,247.1,-270,-10.2
"13097","5","52315","77","0","2025","4","",8,13,13,13,402573,6723,59,2382,"",0.75,0.09,0.09,0.09,0.05,0.09,0.08,0.52,"",0,0.0,5,62.5,5,62.5,5,62.5,126727,45.9,3877,136.2,42,247.1,-270,-10.2
"13097","5","523150","78","0","2025","4","",8,13,13,13,402573,6723,59,2382,"",0.75,0.09,0.09,0.09,0.05,0.09,0.08,0.52,"",0,0.0,5,62.5,5,62.5,5,62.5,126727,45.9,3877,136.2,42,247.1,-270,-10.2
"13097","5","5239","76","0","2025","4","N",8,0,0,0,0,0,0,0,"N",0.25,0,0,0,0,0,0,0,"N",-1,-11.1,0,0,0,0,0,0,0,0,0,0,0,0,0,0
"13097","5","52391","77","0","2025","4","N",1,0,0,0,0,0,0,0,"N",0.35,0,0,0,0,0,0,0,"N",0,0.0,0,0,0,0,0,0,0,0,0,0,0,0,0,0
"13097","5","523910","78","0","2025","4","N",1,0,0,0,0,0,0,0,"N",0.35,0,0,0,0,0,0,0,"N",0,0.0,0,0,0,0,0,0,0,0,0,0,0,0,0,0
"13097","5","52394","77","0","2025","4","",6,6,6,6,154628,0,0,1982,"",0.23,0.04,0.04,0.04,0.01,0.00,0.00,0.40,"",-1,-14.3,0,0.0,1,20.0,1,20.0,34261,28.5,0,0.0,0,0.0,246,14.2
"13097","5","523940","78","0","2025","4","",6,6,6,6,154628,0,0,1982,"",0.23,0.04,0.04,0.04,0.01,0.00,0.00,0.40,"",-1,-14.3,0,0.0,1,20.0,1,20.0,34261,28.5,0,0.0,0,0.0,246,14.2
"13097","5","52399","77","0","2025","4","N",1,0,0,0,0,0,0,0,"N",0.29,0,0,0,0,0,0,0,"N",0,0.0,0,0,0,0,0,0,0,0,0,0,0,0,0,0
"13097","5","523999","78","0","2025","4","N",1,0,0,0,0,0,0,0,"N",0.39,0,0,0,0,0,0,0,"N",0,0.0,0,0,0,0,0,0,0,0,0,0,0,0,0,0
"13097","5","524","75","0","2025","4","",52,244,242,260,4640880,131143,1440,1436,"",0.80,0.30,0.30,0.32,0.28,0.22,0.25,0.91,"",-6,-10.3,-41,-14.4,-41,-14.5,-25,-8.8,-213389,-4.4,-64883,-33.1,-1711,-54.3,123,9.4
"13097","5","5241","76","0","2025","4","",5,15,15,33,436156,5891,38,1598,"",0.50,0.04,0.04,0.09,0.06,0.03,0.02,0.98,"",0,0.0,-28,-65.1,-29,-65.9,-11,-25.0,-249709,-36.4,-1019,-14.7,4,11.8,390,32.3
"13097","5","52411","77","0","2025","4","N",1,0,0,0,0,0,0,0,"N",0.26,0,0,0,0,0,0,0,"N",0,0.0,0,0,0,0,0,0,0,0,0,0,0,0,0,0
"13097","5","524113","78","0","2025","4","N",1,0,0,0,0,0,0,0,"N",0.68,0,0,0,0,0,0,0,"N",0,0.0,0,0,0,0,0,0,0,0,0,0,0,0,0,0
"13097","5","52412","77","0","2025","4","N",4,0,0,0,0,0,0,0,"N",0.69,0,0,0,0,0,0,0,"N",0,0.0,0,0,0,0,0,0,0,0,0,0,0,0,0,0
"13097","5","524126","78","0","2025","4","N",4,0,0,0,0,0,0,0,"N",1.10,0,0,0,0,0,0,0,"N",0,0.0,0,0,0,0,0,0,0,0,0,0,0,0,0,0
"13097","5","5242","76","0","2025","4","",47,229,227,227,4204724,125252,1402,1421,"",0.85,0.52,0.52,0.51,0.47,0.32,0.38,0.91,"",-6,-11.3,-13,-5.4,-12,-5.0,-14,-5.8,36320,0.9,-63864,-33.8,-1715,-55.0,89,6.7
"13097","5","52421","77","0","2025","4","N",46,0,0,0,0,0,0,0,"N",0.99,0,0,0,0,0,0,0,"N",-5,-9.8,0,0,0,0,0,0,0,0,0,0,0,0,0,0
"13097","5","524210","78","0","2025","4","N",46,0,0,0,0,0,0,0,"N",0.99,0,0,0,0,0,0,0,"N",-5,-9.8,0,0,0,0,0,0,0,0,0,0,0,0,0,0
"13097","5","52429","77","0","2025","4","N",1,0,0,0,0,0,0,0,"N",0.12,0,0,0,0,0,0,0,"N",-1,-50.0,0,0,0,0,0,0,0,0,0,0,0,0,0,0
"13097","5","524292","78","0","2025","4","N",1,0,0,0,0,0,0,0,"N",0.35,0,0,0,0,0,0,0,"N",-1,-50.0,0,0,0,0,0,0,0,0,0,0,0,0,0,0
"13097","5","525","75","0","2025","4","N",1,0,0,0,0,0,0,0,"N",0.33,0,0,0,0,0,0,0,"N",0,0.0,0,0,0,0,0,0,0,0,0,0,0,0,0,0
"13097","5","5259","76","0","2025","4","N",1,0,0,0,0,0,0,0,"N",0.42,0,0,0,0,0,0,0,"N",0,0.0,0,0,0,0,0,0,0,0,0,0,0,0,0,0
"13097","5","52599","77","0","2025","4","N",1,0,0,0,0,0,0,0,"N",1.00,0,0,0,0,0,0,0,"N",0,0.0,0,0,0,0,0,0,0,0,0,0,0,0,0,0
"13097","5","525990","78","0","2025","4","N",1,0,0,0,0,0,0,0,"N",1.00,0,0,0,0,0,0,0,"N",0,0.0,0,0,0,0,0,0,0,0,0,0,0,0,0,0
"13097","5","53","74","0","2025","4","",135,440,438,437,6693594,377223,5696,1175,"",0.96,0.58,0.58,0.57,0.53,0.39,0.53,0.92,"",-4,-2.9,-43,-8.9,-46,-9.5,-50,-10.3,-627209,-8.6,-198526,-34.5,-1244,-17.9,13,1.1
"13097","5","531","75","0","2025","4","",106,227,228,234,3916604,212063,3787,1312,"",0.86,0.40,0.40,0.41,0.40,0.28,0.46,1.00,"",-2,-1.9,-2,-0.9,-7,-3.0,0,0.0,-5081,-0.1,-130076,-38.0,-1202,-24.1,15,1.2
"13097","5","5311","76","0","2025","4","",27,83,83,88,1338013,79229,1406,1216,"",0.77,0.42,0.42,0.44,0.44,0.34,0.54,1.02,"",2,8.0,1,1.2,-3,-3.5,-1,-1.1,-12309,-0.9,-97449,-55.2,-1291,-47.9,3,0.2
"13097","5","53111","77","0","2025","4","",6,33,34,41,738605,18991,224,1578,"",0.32,0.28,0.29,0.35,0.46,0.13,0.14,1.48,"N",2,50.0,0,0,0,0,0,0,0,0,0,0,0,0,0,0
"13097","5","531110","78","0","2025","4","",6,33,34,41,738605,18991,224,1578,"",0.32,0.28,0.29,0.35,0.46,0.13,0.14,1.48,"N",2,50.0,0,0,0,0,0,0,0,0,0,0,0,0,0,0
"13097","5","53112","77","0","2025","4","N",5,0,0,0,0,0,0,0,"N",0.65,0,0,0,0,0,0,0,"N",-1,-16.7,0,0,0,0,0,0,0,0,0,0,0,0,0,0
"13097","5","531120","78","0","2025","4","N",5,0,0,0,0,0,0,0,"N",0.65,0,0,0,0,0,0,0,"N",-1,-16.7,0,0,0,0,0,0,0,0,0,0,0,0,0,0
"13097","5","53113","77","0","2025","4","",13,29,28,27,276661,25149,349,760,"",2.42,1.52,1.47,1.42,1.19,0.94,1.18,0.81,"N",1,8.3,0,0,0,0,0,0,0,0,0,0,0,0,0,0
"13097","5","531130","78","0","2025","4","",13,29,28,27,276661,25149,349,760,"",2.42,1.52,1.47,1.42,1.19,0.94,1.18,0.81,"N",1,8.3,0,0,0,0,0,0,0,0,0,0,0,0,0,0
"13097","5","53119","77","0","2025","4","N",3,0,0,0,0,0,0,0,"N",0.99,0,0,0,0,0,0,0,"N",0,0.0,0,0,0,0,0,0,0,0,0,0,0,0,0,0
"13097","5","531190","78","0","2025","4","N",3,0,0,0,0,0,0,0,"N",0.99,0,0,0,0,0,0,0,"N",0,0.0,0,0,0,0,0,0,0,0,0,0,0,0,0,0
"13097","5","5312","76","0","2025","4","",40,54,53,54,1220276,50463,1443,1749,"",0.88,0.50,0.49,0.49,0.54,0.29,0.79,1.10,"",-3,-7.0,6,12.5,7,15.2,8,17.4,427768,54.0,9056,21.9,911,171.2,443,33.9
"13097","5","53121","77","0","2025","4","",40,54,53,54,1220276,50463,1443,1749,"",0.88,0.50,0.49,0.49,0.54,0.29,0.79,1.10,"",-3,-7.0,6,12.5,7,15.2,8,17.4,427768,54.0,9056,21.9,911,171.2,443,33.9
"13097","5","531210","78","0","2025","4","",40,54,53,54,1220276,50463,1443,1749,"",0.88,0.50,0.49,0.49,0.54,0.29,0.79,1.10,"",-3,-7.0,6,12.5,7,15.2,8,17.4,427768,54.0,9056,21.9,911,171.2,443,33.9
"13097","5","5313","76","0","2025","4","",39,90,92,92,1358315,82371,938,1144,"",0.91,0.34,0.35,0.34,0.30,0.24,0.24,0.89,"",-1,-2.5,-9,-9.1,-11,-10.7,-7,-7.1,-420540,-23.6,-41683,-33.6,-822,-46.7,-220,-16.1
"13097","5","53131","77","0","2025","4","",33,82,84,84,1198435,80138,935,1106,"",1.11,0.36,0.37,0.37,0.34,0.27,0.29,0.93,"",2,6.5,-5,-5.7,-7,-7.7,-3,-3.4,-180339,-13.1,-25488,-24.1,-716,-43.4,-95,-7.9
"13097","5","531311","78","0","2025","4","",26,71,73,74,1021941,71584,855,1082,"",1.14,0.41,0.42,0.43,0.43,0.30,0.33,1.03,"",3,13.0,-7,-9.0,-7,-8.8,-1,-1.3,-169985,-14.3,2517,3.6,70,8.9,-99,-8.4
"13097","5","531312","78","0","2025","4","",7,11,11,10,176494,8554,80,1273,"",1.04,0.20,0.20,0.18,0.16,0.15,0.13,0.79,"",-1,-12.5,2,22.2,0,0.0,-2,-16.7,-10354,-5.5,-28005,-76.6,-786,-90.8,-74,-5.5
"13097","5","53132","77","0","2025","4","N",1,0,0,0,0,0,0,0,"N",0.29,0,0,0,0,0,0,0,"N",-1,-50.0,0,0,0,0,0,0,0,0,0,0,0,0,0,0
"13097","5","531320","78","0","2025","4","N",1,0,0,0,0,0,0,0,"N",0.29,0,0,0,0,0,0,0,"N",-1,-50.0,0,0,0,0,0,0,0,0,0,0,0,0,0,0
"13097","5","53139","77","0","2025","4","N",5,0,0,0,0,0,0,0,"N",0.51,0,0,0,0,0,0,0,"N",-2,-28.6,0,0,0,0,0,0,0,0,0,0,0,0,0,0
"13097","5","531390","78","0","2025","4","N",5,0,0,0,0,0,0,0,"N",0.51,0,0,0,0,0,0,0,"N",-2,-28.6,0,0,0,0,0,0,0,0,0,0,0,0,0,0
"13097","5","532","75","0","2025","4","",29,213,210,203,2776990,165160,1909,1024,"",1.73,1.18,1.19,1.15,1.09,0.80,0.82,0.93,"",-2,-6.5,-41,-16.1,-39,-15.7,-50,-19.8,-622128,-18.3,-68450,-29.3,-42,-2.2,-14,-1.3
"13097","5","5321","76","0","2025","4","",21,121,124,118,1611860,90211,940,1025,"",3.91,1.82,1.88,1.80,2.05,1.22,1.38,1.12,"",1,5.0,-31,-20.4,-24,-16.2,-34,-22.4,-507477,-23.9,-35436,-28.2,-68,-6.7,-57,-5.3
"13097","5","53211","77","0","2025","4","",12,54,54,51,641294,51899,586,931,"",3.79,1.44,1.46,1.38,1.57,1.16,1.43,1.10,"",1,9.1,-1,-1.8,-2,-3.6,-5,-8.9,-52072,-7.5,11707,29.1,108,22.6,-27,-2.8
"13097","5","532111","78","0","2025","4","N",11,0,0,0,0,0,0,0,"N",3.77,0,0,0,0,0,0,0,"N",1,10.0,0,0,0,0,0,0,0,0,0,0,0,0,0,0
"13097","5","532112","78","0","2025","4","N",1,0,0,0,0,0,0,0,"N",4.02,0,0,0,0,0,0,0,"N",0,0.0,0,0,0,0,0,0,0,0,0,0,0,0,0,0
"13097","5","53212","77","0","2025","4","",9,67,70,67,970566,38312,354,1098,"",4.09,2.30,2.43,2.33,2.58,1.31,1.30,1.09,"",0,0.0,-30,-30.9,-22,-23.9,-29,-30.2,-455405,-31.9,-47143,-55.2,-176,-33.2,-57,-4.9
"13097","5","532120","78","0","2025","4","",9,67,70,67,970566,38312,354,1098,"",4.09,2.30,2.43,2.33,2.58,1.31,1.30,1.09,"",0,0.0,-30,-30.9,-22,-23.9,-29,-30.2,-455405,-31.9,-47143,-55.2,-176,-33.2,-57,-4.9
"13097","5","5322","76","0","2025","4","N",2,0,0,0,0,0,0,0,"N",0.41,0,0,0,0,0,0,0,"N",-1,-33.3,0,0,0,0,0,0,0,0,0,0,0,0,0,0
"13097","5","53228","77","0","2025","4","N",2,0,0,0,0,0,0,0,"N",0.45,0,0,0,0,0,0,0,"N",-1,-33.3,0,0,0,0,0,0,0,0,0,0,0,0,0,0
"13097","5","532281","78","0","2025","4","N",1,0,0,0,0,0,0,0,"N",5.03,0,0,0,0,0,0,0,"N",0,0.0,0,0,0,0,0,0,0,0,0,0,0,0,0,0
"13097","5","532289","78","0","2025","4","N",1,0,0,0,0,0,0,0,"N",0.41,0,0,0,0,0,0,0,"N",-1,-50.0,0,0,0,0,0,0,0,0,0,0,0,0,0,0
"13097","5","5323","76","0","2025","4","N",2,0,0,0,0,0,0,0,"N",2.08,0,0,0,0,0,0,0,"N",0,0.0,0,0,0,0,0,0,0,0,0,0,0,0,0,0
"13097","5","53231","77","0","2025","4","N",2,0,0,0,0,0,0,0,"N",2.08,0,0,0,0,0,0,0,"N",0,0.0,0,0,0,0,0,0,0,0,0,0,0,0,0,0
"13097","5","532310","78","0","2025","4","N",2,0,0,0,0,0,0,0,"N",2.08,0,0,0,0,0,0,0,"N",0,0.0,0,0,0,0,0,0,0,0,0,0,0,0,0,0
"13097","5","5324","76","0","2025","4","",4,24,23,24,550297,8772,79,1789,"",0.72,0.37,0.36,0.38,0.46,0.13,0.09,1.23,"",-2,-33.3,-7,-22.6,-6,-20.7,-8,-25.0,-87749,-13.8,-7102,-44.7,-251,-76.1,189,11.8
"13097","5","53241","77","0","2025","4","N",3,0,0,0,0,0,0,0,"N",1.21,0,0,0,0,0,0,0,"N",-1,-25.0,0,0,0,0,0,0,0,0,0,0,0,0,0,0
"13097","5","532412","78","0","2025","4","N",3,0,0,0,0,0,0,0,"N",1.34,0,0,0,0,0,0,0,"N",-1,-25.0,0,0,0,0,0,0,0,0,0,0,0,0,0,0
"13097","5","53249","77","0","2025","4","N",1,0,0,0,0,0,0,0,"N",0.36,0,0,0,0,0,0,0,"N",-1,-50.0,0,0,0,0,0,0,0,0,0,0,0,0,0,0
"13097","5","532490","78","0","2025","4","N",1,0,0,0,0,0,0,0,"N",0.36,0,0,0,0,0,0,0,"N",-1,-50.0,0,0,0,0,0,0,0,0,0,0,0,0,0,0
"13097","5","54","74","0","2025","4","",314,1192,1210,1227,29031647,1060038,11560,1846,"",0.62,0.35,0.36,0.36,0.31,0.31,0.27,0.85,"",-3,-0.9,-25,-2.1,-16,-1.3,-30,-2.4,-2449879,-7.8,-138643,-11.6,-2082,-15.3,-118,-6.0
"13097","5","541","75","0","2025","4","",314,1192,1210,1227,29031647,1060038,11560,1846,"",0.62,0.35,0.36,0.36,0.31,0.31,0.27,0.85,"",-3,-0.9,-25,-2.1,-16,-1.3,-30,-2.4,-2449879,-7.8,-138643,-11.6,-2082,-15.3,-118,-6.0
"13097","5","5411","76","0","2025","4","",39,127,130,126,5045247,115272,951,3040,"",0.64,0.33,0.34,0.32,0.36,0.30,0.24,1.10,"",-2,-4.9,-7,-5.2,-1,-0.8,-9,-6.7,-568357,-10.1,4050,3.6,-25,-2.6,-199,-6.1
"13097","5","54111","77","0","2025","4","N",37,0,0,0,0,0,0,0,"N",0.68,0,0,0,0,0,0,0,"N",-2,-5.1,0,0,0,0,0,0,0,0,0,0,0,0,0,0
"13097","5","541110","78","0","2025","4","N",37,0,0,0,0,0,0,0,"N",0.68,0,0,0,0,0,0,0,"N",-2,-5.1,0,0,0,0,0,0,0,0,0,0,0,0,0,0
"13097","5","54119","77","0","2025","4","N",2,0,0,0,0,0,0,0,"N",0.32,0,0,0,0,0,0,0,"N",0,0.0,0,0,0,0,0,0,0,0,0,0,0,0,0,0
"13097","5","541191","78","0","2025","4","N",2,0,0,0,0,0,0,0,"N",0.70,0,0,0,0,0,0,0,"N",0,0.0,0,0,0,0,0,0,0,0,0,0,0,0,0,0
"13097","5","5412","76","0","2025","4","",73,123,134,143,1746258,110325,1703,1007,"",1.36,0.36,0.39,0.40,0.23,0.29,0.34,0.59,"",4,5.8,-2,-1.6,-2,-1.5,-16,-10.1,193117,12.4,-61174,-35.7,-1123,-39.7,154,18.1
"13097","5","54121","77","0","2025","4","",73,123,134,143,1746258,110325,1703,1007,"",1.36,0.36,0.39,0.40,0.23,0.29,0.34,0.59,"",4,5.8,-2,-1.6,-2,-1.5,-16,-10.1,193117,12.4,-61174,-35.7,-1123,-39.7,154,18.1
"13097","5","541211","78","0","2025","4","N",11,0,0,0,0,0,0,0,"N",0.61,0,0,0,0,0,0,0,"N",2,22.2,0,0,0,0,0,0,0,0,0,0,0,0,0,0
"13097","5","541213","78","0","2025","4","",32,35,47,50,297033,23810,400,519,"",3.00,1.50,1.68,1.51,0.93,0.87,0.84,0.60,"",-3,-8.6,-7,-16.7,-7,-13.0,-26,-34.2,17756,6.4,-32342,-57.6,-500,-55.6,144,38.4
"13097","5","541214","78","0","2025","4","N",3,0,0,0,0,0,0,0,"N",0.81,0,0,0,0,0,0,0,"N",2,200.0,0,0,0,0,0,0,0,0,0,0,0,0,0,0
"13097","5","541219","78","0","2025","4","",27,45,45,47,534656,44752,1012,901,"",1.27,0.50,0.51,0.52,0.35,0.41,0.89,0.68,"",3,12.5,-1,-2.2,-1,-2.2,2,4.4,-36415,-6.4,-22599,-33.6,-302,-23.0,-61,-6.3
"13097","5","5413","76","0","2025","4","",32,100,109,111,2065470,121680,916,1490,"",0.64,0.18,0.20,0.20,0.15,0.25,0.16,0.75,"",2,6.7,-6,-5.7,1,0.9,-1,-0.9,-19955,-1.0,-1480,-1.2,110,13.6,14,0.9
"13097","5","54131","77","0","2025","4","",5,10,18,20,232664,29586,311,1119,"",0.58,0.16,0.29,0.32,0.14,0.54,0.53,0.56,"",1,25.0,0,0.0,4,28.6,7,53.8,91036,64.3,5691,23.8,261,522.0,236,26.7
"13097","5","541310","78","0","2025","4","",5,10,18,20,232664,29586,311,1119,"",0.58,0.16,0.29,0.32,0.14,0.54,0.53,0.56,"",1,25.0,0,0.0,4,28.6,7,53.8,91036,64.3,5691,23.8,261,522.0,236,26.7
"13097","5","54132","77","0","2025","4","N",1,0,0,0,0,0,0,0,"N",0.47,0,0,0,0,0,0,0,"N",0,0.0,0,0,0,0,0,0,0,0,0,0,0,0,0,0
"13097","5","541320","78","0","2025","4","N",1,0,0,0,0,0,0,0,"N",0.47,0,0,0,0,0,0,0,"N",0,0.0,0,0,0,0,0,0,0,0,0,0,0,0,0,0
"13097","5","54133","77","0","2025","4","",19,50,52,52,1009856,65978,485,1513,"",0.65,0.13,0.14,0.14,0.10,0.20,0.13,0.71,"",2,11.8,0,0.0,2,4.0,-2,-3.7,-20677,-2.0,-8661,-11.6,-161,-24.9,-31,-2.0
"13097","5","541330","78","0","2025","4","",19,50,52,52,1009856,65978,485,1513,"",0.65,0.13,0.14,0.14,0.10,0.20,0.13,0.71,"",2,11.8,0,0.0,2,4.0,-2,-3.7,-20677,-2.0,-8661,-11.6,-161,-24.9,-31,-2.0
"13097","5","54135","77","0","2025","4","N",4,0,0,0,0,0,0,0,"N",1.66,0,0,0,0,0,0,0,"N",-1,-20.0,0,0,0,0,0,0,0,0,0,0,0,0,0,0
"13097","5","541350","78","0","2025","4","N",4,0,0,0,0,0,0,0,"N",1.66,0,0,0,0,0,0,0,"N",-1,-20.0,0,0,0,0,0,0,0,0,0,0,0,0,0,0
"13097","5","54137","77","0","2025","4","N",3,0,0,0,0,0,0,0,"N",1.23,0,0,0,0,0,0,0,"N",1,50.0,0,0,0,0,0,0,0,0,0,0,0,0,0,0
"13097","5","541370","78","0","2025","4","N",3,0,0,0,0,0,0,0,"N",1.23,0,0,0,0,0,0,0,"N",1,50.0,0,0,0,0,0,0,0,0,0,0,0,0,0,0
"13097","5","5414","76","0","2025","4","",13,55,50,51,1032000,69051,253,1527,"",0.94,1.18,1.08,1.09,1.12,1.29,0.37,1.00,"",0,0.0,13,31.0,5,11.1,7,15.9,77739,8.1,-8425,-10.9,-1794,-87.6,-154,-9.2
"13097","5","54141","77","0","2025","4","N",6,0,0,0,0,0,0,0,"N",1.08,0,0,0,0,0,0,0,"N",0,0.0,0,0,0,0,0,0,0,0,0,0,0,0,0,0
"13097","5","541410","78","0","2025","4","N",6,0,0,0,0,0,0,0,"N",1.08,0,0,0,0,0,0,0,"N",0,0.0,0,0,0,0,0,0,0,0,0,0,0,0,0,0
"13097","5","54143","77","0","2025","4","N",7,0,0,0,0,0,0,0,"N",1.25,0,0,0,0,0,0,0,"N",0,0.0,0,0,0,0,0,0,0,0,0,0,0,0,0,0
"13097","5","541430","78","0","2025","4","N",7,0,0,0,0,0,0,0,"N",1.25,0,0,0,0,0,0,0,"N",0,0.0,0,0,0,0,0,0,0,0,0,0,0,0,0,0
"13097","5","5415","76","0","2025","4","",53,291,289,289,10580179,149283,1455,2810,"",0.44,0.39,0.39,0.39,0.42,0.21,0.15,1.08,"",-4,-7.0,-13,-4.3,-10,-3.3,-12,-4.0,-1548468,-12.8,-62826,-29.6,165,12.8,-286,-9.2
"13097","5","54151","77","0","2025","4","",53,291,289,289,10580179,149283,1455,2810,"",0.44,0.39,0.39,0.39,0.42,0.21,0.15,1.08,"",-4,-7.0,-13,-4.3,-10,-3.3,-12,-4.0,-1548468,-12.8,-62826,-29.6,165,12.8,-286,-9.2
"13097","5","541511","78","0","2025","4","",15,20,19,19,472192,19000,10,1879,"",0.26,0.06,0.06,0.06,0.04,0.06,0.00,0.64,"",-5,-25.0,-7,-25.9,-5,-20.8,-6,-24.0,-450904,-48.8,-75238,-79.8,-66,-86.8,-924,-33.0
"13097","5","541512","78","0","2025","4","",30,114,113,111,3130788,81852,1175,2138,"",0.59,0.33,0.33,0.32,0.30,0.24,0.25,0.91,"",1,3.4,4,3.6,7,6.6,4,3.7,-207938,-6.2,15691,23.7,284,31.9,-247,-10.4
"13097","5","541513","78","0","2025","4","N",1,0,0,0,0,0,0,0,"N",0.51,0,0,0,0,0,0,0,"N",0,0.0,0,0,0,0,0,0,0,0,0,0,0,0,0,0
"13097","5","541519","78","0","2025","4","N",7,0,0,0,0,0,0,0,"N",0.69,0,0,0,0,0,0,0,"N",0,0.0,0,0,0,0,0,0,0,0,0,0,0,0,0,0
"13097","5","5416","76","0","2025","4","",61,332,328,330,5931686,246694,2462,1383,"",0.49,0.57,0.56,0.56,0.39,0.35,0.27,0.70,"",-6,-9.0,-8,-2.4,-9,-2.7,-7,-2.1,-928126,-13.5,-65563,-21.0,-789,-24.3,-178,-11.4
"13097","5","54161","77","0","2025","4","",55,318,314,315,5655971,217351,2206,1378,"",0.54,0.66,0.65,0.65,0.45,0.38,0.29,0.69,"",-4,-6.8,-7,-2.2,-9,-2.8,-8,-2.5,-978734,-14.8,-78904,-26.6,-613,-21.7,-199,-12.6
"13097","5","541611","78","0","2025","4","",28,20,16,16,477403,16887,393,2119,"",0.53,0.08,0.06,0.06,0.06,0.06,0.10,0.94,"",-4,-12.5,-34,-63.0,-35,-68.6,-34,-68.0,-1217070,-71.8,-37766,-69.1,86,28.0,-404,-16.0
"13097","5","541612","78","0","2025","4","",3,18,18,18,351531,7720,65,1502,"",0.63,0.63,0.63,0.63,0.50,0.23,0.15,0.80,"N",-1,-25.0,0,0,0,0,0,0,0,0,0,0,0,0,0,0
"13097","5","541613","78","0","2025","4","N",11,0,0,0,0,0,0,0,"N",0.39,0,0,0,0,0,0,0,"N",1,10.0,0,0,0,0,0,0,0,0,0,0,0,0,0,0
"13097","5","541614","78","0","2025","4","N",3,0,0,0,0,0,0,0,"N",0.52,0,0,0,0,0,0,0,"N",0,0.0,0,0,0,0,0,0,0,0,0,0,0,0,0,0
"13097","5","541618","78","0","2025","4","N",10,0,0,0,0,0,0,0,"N",0.89,0,0,0,0,0,0,0,"N",0,0.0,0,0,0,0,0,0,0,0,0,0,0,0,0,0
"13097","5","54162","77","0","2025","4","N",4,0,0,0,0,0,0,0,"N",0.89,0,0,0,0,0,0,0,"N",-1,-20.0,0,0,0,0,0,0,0,0,0,0,0,0,0,0
"13097","5","541620","78","0","2025","4","N",4,0,0,0,0,0,0,0,"N",0.89,0,0,0,0,0,0,0,"N",-1,-20.0,0,0,0,0,0,0,0,0,0,0,0,0,0,0
"13097","5","54169","77","0","2025","4","N",2,0,0,0,0,0,0,0,"N",0.12,0,0,0,0,0,0,0,"N",-1,-33.3,0,0,0,0,0,0,0,0,0,0,0,0,0,0
"13097","5","541690","78","0","2025","4","N",2,0,0,0,0,0,0,0,"N",0.12,0,0,0,0,0,0,0,"N",-1,-33.3,0,0,0,0,0,0,0,0,0,0,0,0,0,0
"13097","5","5417","76","0","2025","4","N",5,0,0,0,0,0,0,0,"N",0.29,0,0,0,0,0,0,0,"N",0,0.0,0,0,0,0,0,0,0,0,0,0,0,0,0,0
"13097","5","54171","77","0","2025","4","N",4,0,0,0,0,0,0,0,"N",0.26,0,0,0,0,0,0,0,"N",0,0.0,0,0,0,0,0,0,0,0,0,0,0,0,0,0
"13097","5","541713","78","0","2025","4","N",1,0,0,0,0,0,0,0,"N",1.39,0,0,0,0,0,0,0,"N",0,0.0,0,0,0,0,0,0,0,0,0,0,0,0,0,0
"13097","5","541714","78","0","2025","4","N",1,0,0,0,0,0,0,0,"N",0.15,0,0,0,0,0,0,0,"N",-1,-50.0,0,0,0,0,0,0,0,0,0,0,0,0,0,0
"13097","5","541715","78","0","2025","4","N",2,0,0,0,0,0,0,0,"N",0.25,0,0,0,0,0,0,0,"N",1,100.0,0,0,0,0,0,0,0,0,0,0,0,0,0,0
"13097","5","54172","77","0","2025","4","N",1,0,0,0,0,0,0,0,"N",0.57,0,0,0,0,0,0,0,"N",0,0.0,0,0,0,0,0,0,0,0,0,0,0,0,0,0
"13097","5","541720","78","0","2025","4","N",1,0,0,0,0,0,0,0,"N",0.57,0,0,0,0,0,0,0,"N",0,0.0,0,0,0,0,0,0,0,0,0,0,0,0,0,0
"13097","5","5418","76","0","2025","4","N",10,0,0,0,0,0,0,0,"N",0.44,0,0,0,0,0,0,0,"N",0,0.0,0,0,0,0,0,0,0,0,0,0,0,0,0,0
"13097","5","54181","77","0","2025","4","N",4,0,0,0,0,0,0,0,"N",0.36,0,0,0,0,0,0,0,"N",0,0.0,0,0,0,0,0,0,0,0,0,0,0,0,0,0
"13097","5","541810","78","0","2025","4","N",4,0,0,0,0,0,0,0,"N",0.36,0,0,0,0,0,0,0,"N",0,0.0,0,0,0,0,0,0,0,0,0,0,0,0,0,0
"13097","5","54182","77","0","2025","4","N",3,0,0,0,0,0,0,0,"N",0.69,0,0,0,0,0,0,0,"N",0,0.0,0,0,0,0,0,0,0,0,0,0,0,0,0,0
"13097","5","541820","78","0","2025","4","N",3,0,0,0,0,0,0,0,"N",0.69,0,0,0,0,0,0,0,"N",0,0.0,0,0,0,0,0,0,0,0,0,0,0,0,0,0
"13097","5","54185","77","0","2025","4","N",1,0,0,0,0,0,0,0,"N",1.19,0,0,0,0,0,0,0,"N",0,0.0,0,0,0,0,0,0,0,0,0,0,0,0,0,0
"13097","5","541850","78","0","2025","4","N",1,0,0,0,0,0,0,0,"N",1.19,0,0,0,0,0,0,0,"N",0,0.0,0,0,0,0,0,0,0,0,0,0,0,0,0,0
"13097","5","54189","77","0","2025","4","N",2,0,0,0,0,0,0,0,"N",0.66,0,0,0,0,0,0,0,"N",0,0.0,0,0,0,0,0,0,0,0,0,0,0,0,0,0
"13097","5","541890","78","0","2025","4","N",2,0,0,0,0,0,0,0,"N",0.66,0,0,0,0,0,0,0,"N",0,0.0,0,0,0,0,0,0,0,0,0,0,0,0,0,0
"13097","5","5419","76","0","2025","4","",28,153,158,165,2309798,221241,3104,1120,"",0.67,0.55,0.57,0.59,0.52,0.60,0.81,0.91,"",3,12.0,2,1.3,4,2.6,11,7.1,327168,16.5,42367,23.7,930,42.8,123,12.3
"13097","5","54191","77","0","2025","4","N",1,0,0,0,0,0,0,0,"N",0.34,0,0,0,0,0,0,0,"N",0,0.0,0,0,0,0,0,0,0,0,0,0,0,0,0,0
"13097","5","541910","78","0","2025","4","N",1,0,0,0,0,0,0,0,"N",0.34,0,0,0,0,0,0,0,"N",0,0.0,0,0,0,0,0,0,0,0,0,0,0,0,0,0
"13097","5","54192","77","0","2025","4","N",5,0,0,0,0,0,0,0,"N",1.00,0,0,0,0,0,0,0,"N",-1,-16.7,0,0,0,0,0,0,0,0,0,0,0,0,0,0
"13097","5","541921","78","0","2025","4","N",5,0,0,0,0,0,0,0,"N",1.43,0,0,0,0,0,0,0,"N",-1,-16.7,0,0,0,0,0,0,0,0,0,0,0,0,0,0
"13097","5","54194","77","0","2025","4","",11,118,118,123,1503979,114599,237,967,"",1.06,0.80,0.80,0.82,0.85,0.58,0.16,1.05,"",-1,-8.3,2,1.7,2,1.7,3,2.5,89971,6.4,-4991,-4.2,-352,-59.8,40,4.3
"13097","5","541940","78","0","2025","4","",11,118,118,123,1503979,114599,237,967,"",1.06,0.80,0.80,0.82,0.85,0.58,0.16,1.05,"",-1,-8.3,2,1.7,2,1.7,3,2.5,89971,6.4,-4991,-4.2,-352,-59.8,40,4.3
"13097","5","54199","77","0","2025","4","",11,31,36,37,741935,98873,2657,1646,"",0.50,0.37,0.43,0.44,0.38,0.88,1.82,0.92,"",5,83.3,3,10.7,8,28.6,13,54.2,264900,55.5,46576,89.1,1261,90.3,270,19.6
"13097","5","541990","78","0","2025","4","",11,31,36,37,741935,98873,2657,1646,"",0.50,0.37,0.43,0.44,0.38,0.88,1.82,0.92,"",5,83.3,3,10.7,8,28.6,13,54.2,264900,55.5,46576,89.1,1261,90.3,270,19.6
"13097","5","55","74","0","2025","4","",8,125,124,124,2672456,152447,892,1653,"",0.26,0.15,0.15,0.15,0.10,0.14,0.09,0.66,"",1,14.3,-6,-4.6,-4,-3.1,-3,-2.4,-116908,-4.2,7001,4.8,391,78.0,-15,-0.9
"13097","5","551","75","0","2025","4","",8,125,124,124,2672456,152447,892,1653,"",0.26,0.15,0.15,0.15,0.10,0.14,0.09,0.66,"",1,14.3,-6,-4.6,-4,-3.1,-3,-2.4,-116908,-4.2,7001,4.8,391,78.0,-15,-0.9
"13097","5","5511","76","0","2025","4","",8,125,124,124,2672456,152447,892,1653,"",0.26,0.15,0.15,0.15,0.10,0.14,0.09,0.66,"",1,14.3,-6,-4.6,-4,-3.1,-3,-2.4,-116908,-4.2,7001,4.8,391,78.0,-15,-0.9
"13097","5","55111","77","0","2025","4","",8,125,124,124,2672456,152447,892,1653,"",0.26,0.15,0.15,0.15,0.10,0.14,0.09,0.66,"",1,14.3,-6,-4.6,-4,-3.1,-3,-2.4,-116908,-4.2,7001,4.8,391,78.0,-15,-0.9
"13097","5","551111","78","0","2025","4","N",1,0,0,0,0,0,0,0,"N",3.54,0,0,0,0,0,0,0,"N",0,0.0,0,0,0,0,0,0,0,0,0,0,0,0,0,0
"13097","5","551112","78","0","2025","4","N",3,0,0,0,0,0,0,0,"N",0.63,0,0,0,0,0,0,0,"N",0,0.0,0,0,0,0,0,0,0,0,0,0,0,0,0,0
"13097","5","551114","78","0","2025","4","",4,114,112,113,2458376,141786,432,1674,"",0.16,0.15,0.14,0.14,0.10,0.13,0.05,0.67,"",1,33.3,-2,-1.7,-4,-3.4,2,1.8,115304,4.9,-294,-0.2,-26,-5.7,98,6.2
"13097","5","56","74","0","2025","4","",234,3944,4100,4082,49022364,9894888,81350,933,"",1.19,1.36,1.42,1.44,1.43,1.92,1.19,1.01,"",8,3.5,-1009,-20.4,-832,-16.9,-956,-19.0,-6618544,-11.9,-3568419,-26.5,-38536,-32.1,73,8.5
"13097","5","561","75","0","2025","4","",212,3413,3578,3574,39027855,9458361,78028,852,"",1.14,1.25,1.32,1.33,1.23,1.91,1.18,0.95,"",5,2.4,-1283,-27.3,-1092,-23.4,-1205,-25.2,-12183829,-23.8,-3764603,-28.5,-38839,-33.2,17,2.0
"13097","5","5611","76","0","2025","4","N",14,0,0,0,0,0,0,0,"N",0.57,0,0,0,0,0,0,0,"N",-3,-17.6,0,0,0,0,0,0,0,0,0,0,0,0,0,0
"13097","5","56111","77","0","2025","4","N",14,0,0,0,0,0,0,0,"N",0.57,0,0,0,0,0,0,0,"N",-3,-17.6,0,0,0,0,0,0,0,0,0,0,0,0,0,0
"13097","5","561110","78","0","2025","4","N",14,0,0,0,0,0,0,0,"N",0.57,0,0,0,0,0,0,0,"N",-3,-17.6,0,0,0,0,0,0,0,0,0,0,0,0,0,0
"13097","5","5612","76","0","2025","4","N",1,0,0,0,0,0,0,0,"N",0.43,0,0,0,0,0,0,0,"N",0,0.0,0,0,0,0,0,0,0,0,0,0,0,0,0,0
"13097","5","56121","77","0","2025","4","N",1,0,0,0,0,0,0,0,"N",0.43,0,0,0,0,0,0,0,"N",0,0.0,0,0,0,0,0,0,0,0,0,0,0,0,0,0
"13097","5","561210","78","0","2025","4","N",1,0,0,0,0,0,0,0,"N",0.43,0,0,0,0,0,0,0,"N",0,0.0,0,0,0,0,0,0,0,0,0,0,0,0,0,0
"13097","5","5613","76","0","2025","4","",71,2482,2666,2612,25427568,8485105,59841,756,"",1.66,2.39,2.55,2.50,2.19,3.29,1.62,0.88,"",3,4.4,-1183,-32.3,-1266,-32.2,-1453,-35.7,-12615307,-33.2,-3640182,-30.0,-19199,-24.3,3,0.4
"13097","5","56131","77","0","2025","4","",10,734,731,721,7767069,2014612,27202,820,"",0.96,7.78,7.70,7.57,5.27,9.73,8.42,0.69,"N",0,0.0,0,0,0,0,0,0,0,0,0,0,0,0,0,0
"13097","5","561311","78","0","2025","4","N",9,0,0,0,0,0,0,0,"N",1.14,0,0,0,0,0,0,0,"N",1,12.5,0,0,0,0,0,0,0,0,0,0,0,0,0,0
"13097","5","561312","78","0","2025","4","N",1,0,0,0,0,0,0,0,"N",0.41,0,0,0,0,0,0,0,"N",-1,-50.0,0,0,0,0,0,0,0,0,0,0,0,0,0,0
"13097","5","56132","77","0","2025","4","",36,1454,1700,1652,13942871,6195650,26461,669,"",1.33,1.79,2.07,2.02,1.76,2.88,0.87,0.90,"",-1,-2.7,-1224,-45.7,-1179,-41.0,-1338,-44.7,-11815984,-45.9,-3253948,-34.4,-24803,-48.4,-26,-3.7
"13097","5","561320","78","0","2025","4","",36,1454,1700,1652,13942871,6195650,26461,669,"",1.33,1.79,2.07,2.02,1.76,2.88,0.87,0.90,"",-1,-2.7,-1224,-45.7,-1179,-41.0,-1338,-44.7,-11815984,-45.9,-3253948,-34.4,-24803,-48.4,-26,-3.7
"13097","5","56133","77","0","2025","4","",25,294,235,239,3717628,274843,6178,1117,"",4.55,2.23,1.78,1.80,1.66,1.23,1.94,0.86,"N",4,19.0,0,0,0,0,0,0,0,0,0,0,0,0,0,0
"13097","5","561330","78","0","2025","4","",25,294,235,239,3717628,274843,6178,1117,"",4.55,2.23,1.78,1.80,1.66,1.23,1.94,0.86,"N",4,19.0,0,0,0,0,0,0,0,0,0,0,0,0,0,0
"13097","5","5614","76","0","2025","4","",22,46,45,42,430345,47703,1253,747,"",1.27,0.22,0.22,0.20,0.15,0.18,0.38,0.72,"",2,10.0,-12,-20.7,-8,-15.1,-10,-19.2,-192769,-30.9,-19903,-29.4,22,1.8,-135,-15.3
"13097","5","56141","77","0","2025","4","",6,5,4,4,138560,2987,33,2460,"",2.85,0.49,0.40,0.40,1.15,0.27,0.31,2.67,"N",2,50.0,0,0,0,0,0,0,0,0,0,0,0,0,0,0
"13097","5","561410","78","0","2025","4","",6,5,4,4,138560,2987,33,2460,"",2.85,0.49,0.40,0.40,1.15,0.27,0.31,2.67,"N",2,50.0,0,0,0,0,0,0,0,0,0,0,0,0,0,0
"13097","5","56142","77","0","2025","4","N",3,0,0,0,0,0,0,0,"N",0.72,0,0,0,0,0,0,0,"N",0,0.0,0,0,0,0,0,0,0,0,0,0,0,0,0,0
"13097","5","561422","78","0","2025","4","N",3,0,0,0,0,0,0,0,"N",0.91,0,0,0,0,0,0,0,"N",0,0.0,0,0,0,0,0,0,0,0,0,0,0,0,0,0
"13097","5","56143","77","0","2025","4","",6,15,14,14,143767,5566,5,772,"",1.82,0.65,0.60,0.59,0.66,0.18,0.02,1.07,"",0,0.0,0,0.0,0,0.0,0,0.0,13200,10.1,-18592,-77.0,-130,-96.3,71,10.1
"13097","5","561431","78","0","2025","4","N",4,0,0,0,0,0,0,0,"N",2.40,0,0,0,0,0,0,0,"N",0,0.0,0,0,0,0,0,0,0,0,0,0,0,0,0,0
"13097","5","561439","78","0","2025","4","N",2,0,0,0,0,0,0,0,"N",1.22,0,0,0,0,0,0,0,"N",0,0.0,0,0,0,0,0,0,0,0,0,0,0,0,0,0
"13097","5","56149","77","0","2025","4","N",7,0,0,0,0,0,0,0,"N",1.25,0,0,0,0,0,0,0,"N",0,0.0,0,0,0,0,0,0,0,0,0,0,0,0,0,0
"13097","5","561492","78","0","2025","4","N",2,0,0,0,0,0,0,0,"N",2.18,0,0,0,0,0,0,0,"N",0,0.0,0,0,0,0,0,0,0,0,0,0,0,0,0,0
"13097","5","561499","78","0","2025","4","N",5,0,0,0,0,0,0,0,"N",1.13,0,0,0,0,0,0,0,"N",0,0.0,0,0,0,0,0,0,0,0,0,0,0,0,0,0
"13097","5","5615","76","0","2025","4","N",4,0,0,0,0,0,0,0,"N",0.60,0,0,0,0,0,0,0,"N",-1,-20.0,0,0,0,0,0,0,0,0,0,0,0,0,0,0
"13097","5","56151","77","0","2025","4","N",3,0,0,0,0,0,0,0,"N",0.76,0,0,0,0,0,0,0,"N",0,0.0,0,0,0,0,0,0,0,0,0,0,0,0,0,0
"13097","5","561510","78","0","2025","4","N",3,0,0,0,0,0,0,0,"N",0.76,0,0,0,0,0,0,0,"N",0,0.0,0,0,0,0,0,0,0,0,0,0,0,0,0,0
"13097","5","56152","77","0","2025","4","N",1,0,0,0,0,0,0,0,"N",0.99,0,0,0,0,0,0,0,"N",0,0.0,0,0,0,0,0,0,0,0,0,0,0,0,0,0
"13097","5","561520","78","0","2025","4","N",1,0,0,0,0,0,0,0,"N",0.99,0,0,0,0,0,0,0,"N",0,0.0,0,0,0,0,0,0,0,0,0,0,0,0,0,0
"13097","5","56159","77","0","2025","4","-",0,0,0,0,0,0,0,0,"N",0.00,0,0,0,0,0,0,0,"N",-1,-100.0,0,0,0,0,0,0,0,0,0,0,0,0,0,0
"13097","5","561599","78","0","2025","4","-",0,0,0,0,0,0,0,0,"N",0.00,0,0,0,0,0,0,0,"N",-1,-100.0,0,0,0,0,0,0,0,0,0,0,0,0,0,0
"13097","5","5616","76","0","2025","4","",19,203,194,192,1969686,278595,3403,772,"",1.67,0.61,0.59,0.59,0.61,0.54,0.55,1.03,"",4,26.7,158,351.1,148,321.7,146,317.4,793332,67.4,240094,623.6,2827,490.8,-1210,-61.0
"13097","5","56161","77","0","2025","4","",14,173,164,163,1461092,258013,3135,674,"",2.01,0.61,0.58,0.59,0.62,0.57,0.56,1.04,"",4,40.0,153,765.0,143,681.0,142,676.2,870723,147.5,243754,1709.5,2782,788.1,-1523,-69.3
"13097","5","561611","78","0","2025","4","",3,20,21,20,236775,19835,128,896,"",1.82,1.56,1.65,1.58,1.46,1.24,0.62,0.91,"N",0,0.0,0,0,0,0,0,0,0,0,0,0,0,0,0,0
"13097","5","561612","78","0","2025","4","",11,153,143,143,1224317,238178,3007,644,"",2.17,0.58,0.55,0.56,0.58,0.55,0.56,1.03,"N",4,57.1,0,0,0,0,0,0,0,0,0,0,0,0,0,0
"13097","5","56162","77","0","2025","4","",5,30,30,29,508594,20582,268,1319,"",1.13,0.60,0.61,0.58,0.60,0.37,0.50,1.00,"",0,0.0,5,20.0,5,20.0,4,16.0,-77391,-13.2,-3660,-15.1,45,20.2,-484,-26.8
"13097","5","561621","78","0","2025","4","N",3,0,0,0,0,0,0,0,"N",0.93,0,0,0,0,0,0,0,"N",0,0.0,0,0,0,0,0,0,0,0,0,0,0,0,0,0
"13097","5","561622","78","0","2025","4","N",2,0,0,0,0,0,0,0,"N",1.65,0,0,0,0,0,0,0,"N",0,0.0,0,0,0,0,0,0,0,0,0,0,0,0,0,0
"13097","5","5617","76","0","2025","4","",70,307,306,305,3331129,315311,3198,837,"",0.97,0.42,0.43,0.44,0.52,0.29,0.24,1.20,"",-1,-1.4,20,7.0,25,8.9,22,7.8,275882,9.0,-93388,-22.9,-924,-22.4,8,1.0
"13097","5","56171","77","0","2025","4","",6,35,35,35,351304,13108,50,772,"",1.19,0.72,0.73,0.73,0.61,0.24,0.10,0.85,"",2,50.0,20,133.3,19,118.8,19,118.8,204609,139.5,10093,334.8,48,2400.0,52,7.2
"13097","5","561710","78","0","2025","4","",6,35,35,35,351304,13108,50,772,"",1.19,0.72,0.73,0.73,0.61,0.24,0.10,0.85,"",2,50.0,20,133.3,19,118.8,19,118.8,204609,139.5,10093,334.8,48,2400.0,52,7.2
"13097","5","56172","77","0","2025","4","",26,113,111,114,955544,130417,1912,652,"",1.10,0.34,0.33,0.34,0.41,0.26,0.39,1.23,"",-1,-3.7,28,32.9,28,33.7,34,42.5,201780,26.8,-5459,-4.0,-687,-26.4,-49,-7.0
"13097","5","561720","78","0","2025","4","",26,113,111,114,955544,130417,1912,652,"",1.10,0.34,0.33,0.34,0.41,0.26,0.39,1.23,"",-1,-3.7,28,32.9,28,33.7,34,42.5,201780,26.8,-5459,-4.0,-687,-26.4,-49,-7.0
"13097","5","56173","77","0","2025","4","",30,131,132,129,1469765,166049,1149,865,"",0.85,0.44,0.46,0.49,0.48,0.37,0.16,1.04,"",-1,-3.2,-17,-11.5,-8,-5.7,-9,-6.5,-158301,-9.7,35933,27.6,31,2.8,-17,-1.9
"13097","5","561730","78","0","2025","4","",30,131,132,129,1469765,166049,1149,865,"",0.85,0.44,0.46,0.49,0.48,0.37,0.16,1.04,"",-1,-3.2,-17,-11.5,-8,-5.7,-9,-6.5,-158301,-9.7,35933,27.6,31,2.8,-17,-1.9
"13097","5","56174","77","0","2025","4","",4,17,17,17,355887,2884,10,1610,"",2.13,1.59,1.60,1.63,3.44,0.17,0.06,2.14,"",0,0.0,-13,-43.3,-15,-46.9,-22,-56.4,-85519,-19.4,-135948,-97.9,-370,-97.4,601,59.6
"13097","5","561740","78","0","2025","4","",4,17,17,17,355887,2884,10,1610,"",2.13,1.59,1.60,1.63,3.44,0.17,0.06,2.14,"",0,0.0,-13,-43.3,-15,-46.9,-22,-56.4,-85519,-19.4,-135948,-97.9,-370,-97.4,601,59.6
"13097","5","56179","77","0","2025","4","",4,11,11,10,198629,2853,77,1432,"",0.64,0.30,0.31,0.28,0.51,0.05,0.10,1.69,"",-1,-20.0,2,22.2,1,10.0,0,0.0,113313,132.8,1993,231.7,54,234.8,753,110.9
"13097","5","561790","78","0","2025","4","",4,11,11,10,198629,2853,77,1432,"",0.64,0.30,0.31,0.28,0.51,0.05,0.10,1.69,"",-1,-20.0,2,22.2,1,10.0,0,0.0,113313,132.8,1993,231.7,54,234.8,753,110.9
"13097","5","5619","76","0","2025","4","",11,270,257,315,4881379,218522,9908,1338,"",1.18,2.56,2.48,3.08,3.62,1.31,3.96,1.34,"",1,10.0,-283,-51.2,-4,-1.5,78,32.9,-610547,-11.1,-345783,-61.3,-21800,-68.8,132,10.9
"13097","5","56192","77","0","2025","4","N",6,0,0,0,0,0,0,0,"N",2.53,0,0,0,0,0,0,0,"N",1,20.0,0,0,0,0,0,0,0,0,0,0,0,0,0,0
"13097","5","561920","78","0","2025","4","N",6,0,0,0,0,0,0,0,"N",2.53,0,0,0,0,0,0,0,"N",1,20.0,0,0,0,0,0,0,0,0,0,0,0,0,0,0
"13097","5","56199","77","0","2025","4","N",5,0,0,0,0,0,0,0,"N",0.82,0,0,0,0,0,0,0,"N",0,0.0,0,0,0,0,0,0,0,0,0,0,0,0,0,0
"13097","5","561990","78","0","2025","4","N",5,0,0,0,0,0,0,0,"N",0.82,0,0,0,0,0,0,0,"N",0,0.0,0,0,0,0,0,0,0,0,0,0,0,0,0,0
"13097","5","562","75","0","2025","4","",22,531,522,508,9994509,436527,3322,1478,"",2.03,3.25,3.22,3.13,3.82,2.13,1.33,1.19,"",3,15.8,274,106.6,260,99.2,249,96.1,5565285,125.6,196184,81.6,303,10.0,164,12.5
"13097","5","5621","76","0","2025","4","",15,363,364,354,7063964,346760,2367,1508,"",3.64,5.19,5.23,5.08,6.88,4.16,2.70,1.33,"",3,25.0,138,61.3,135,59.0,127,55.9,3473530,96.7,122236,54.4,-398,-14.4,291,23.9
"13097","5","56211","77","0","2025","4","",15,363,364,354,7063964,346760,2367,1508,"",3.64,5.19,5.23,5.08,6.88,4.16,2.70,1.33,"",3,25.0,138,61.3,135,59.0,127,55.9,3473530,96.7,122236,54.4,-398,-14.4,291,23.9
"13097","5","562111","78","0","2025","4","",12,346,347,337,6866658,332515,2096,1538,"",3.78,5.76,5.80,5.63,7.77,4.70,2.96,1.36,"N",2,20.0,0,0,0,0,0,0,0,0,0,0,0,0,0,0
"13097","5","562119","78","0","2025","4","",3,17,17,17,197306,14245,271,893,"",4.10,2.94,3.00,2.99,2.70,1.71,2.45,0.91,"N",1,50.0,0,0,0,0,0,0,0,0,0,0,0,0,0,0
"13097","5","5629","76","0","2025","4","",7,168,158,154,2930545,89767,955,1409,"",1.31,2.86,2.71,2.66,3.03,1.01,0.73,1.10,"",0,0.0,136,425.0,125,378.8,122,381.2,2091755,249.4,73948,467.5,701,276.0,-587,-29.4
"13097","5","56291","77","0","2025","4","N",2,0,0,0,0,0,0,0,"N",0.76,0,0,0,0,0,0,0,"N",1,100.0,0,0,0,0,0,0,0,0,0,0,0,0,0,0
"13097","5","562910","78","0","2025","4","N",2,0,0,0,0,0,0,0,"N",0.76,0,0,0,0,0,0,0,"N",1,100.0,0,0,0,0,0,0,0,0,0,0,0,0,0,0
"13097","5","56292","77","0","2025","4","N",1,0,0,0,0,0,0,0,"N",1.86,0,0,0,0,0,0,0,"N",0,0.0,0,0,0,0,0,0,0,0,0,0,0,0,0,0
"13097","5","562920","78","0","2025","4","N",1,0,0,0,0,0,0,0,"N",1.86,0,0,0,0,0,0,0,"N",0,0.0,0,0,0,0,0,0,0,0,0,0,0,0,0,0
"13097","5","56299","77","0","2025","4","N",4,0,0,0,0,0,0,0,"N",1.85,0,0,0,0,0,0,0,"N",-1,-20.0,0,0,0,0,0,0,0,0,0,0,0,0,0,0
"13097","5","562991","78","0","2025","4","N",2,0,0,0,0,0,0,0,"N",1.49,0,0,0,0,0,0,0,"N",0,0.0,0,0,0,0,0,0,0,0,0,0,0,0,0,0
"13097","5","562998","78","0","2025","4","N",2,0,0,0,0,0,0,0,"N",2.43,0,0,0,0,0,0,0,"N",-1,-33.3,0,0,0,0,0,0,0,0,0,0,0,0,0,0
"13097","5","61","74","0","2025","4","",40,413,419,413,4978823,324783,4017,923,"",0.82,0.40,0.40,0.40,0.37,0.50,0.61,0.94,"",1,2.6,17,4.3,31,8.0,32,8.4,332055,7.1,-144673,-30.8,-2863,-41.6,3,0.3
"13097","5","611","75","0","2025","4","",40,413,419,413,4978823,324783,4017,923,"",0.82,0.40,0.40,0.40,0.37,0.50,0.61,0.94,"",1,2.6,17,4.3,31,8.0,32,8.4,332055,7.1,-144673,-30.8,-2863,-41.6,3,0.3
"13097","5","6111","76","0","2025","4","",8,235,233,245,3118191,138061,1544,1009,"",1.26,0.74,0.73,0.77,0.91,0.62,0.82,1.21,"",1,14.3,4,1.7,3,1.3,23,10.4,306490,10.9,-30584,-18.1,-1200,-43.7,59,6.2
"13097","5","61111","77","0","2025","4","",8,235,233,245,3118191,138061,1544,1009,"",1.26,0.74,0.73,0.77,0.91,0.62,0.82,1.21,"",1,14.3,4,1.7,3,1.3,23,10.4,306490,10.9,-30584,-18.1,-1200,-43.7,59,6.2
"13097","5","611110","78","0","2025","4","",8,235,233,245,3118191,138061,1544,1009,"",1.26,0.74,0.73,0.77,0.91,0.62,0.82,1.21,"",1,14.3,4,1.7,3,1.3,23,10.4,306490,10.9,-30584,-18.1,-1200,-43.7,59,6.2
"13097","5","6113","76","0","2025","4","N",1,0,0,0,0,0,0,0,"N",0.24,0,0,0,0,0,0,0,"N",-1,-50.0,0,0,0,0,0,0,0,0,0,0,0,0,0,0
"13097","5","61131","77","0","2025","4","N",1,0,0,0,0,0,0,0,"N",0.24,0,0,0,0,0,0,0,"N",-1,-50.0,0,0,0,0,0,0,0,0,0,0,0,0,0,0
"13097","5","611310","78","0","2025","4","N",1,0,0,0,0,0,0,0,"N",0.24,0,0,0,0,0,0,0,"N",-1,-50.0,0,0,0,0,0,0,0,0,0,0,0,0,0,0
"13097","5","6114","76","0","2025","4","",5,10,11,11,190475,3889,4,1374,"",0.86,0.41,0.46,0.46,0.38,0.16,0.01,0.85,"",0,0.0,-3,-23.1,-1,-8.3,-2,-15.4,-69438,-26.7,-1955,-33.5,-28,-87.5,-204,-12.9
"13097","5","61142","77","0","2025","4","N",2,0,0,0,0,0,0,0,"N",1.70,0,0,0,0,0,0,0,"N",0,0.0,0,0,0,0,0,0,0,0,0,0,0,0,0,0
"13097","5","611420","78","0","2025","4","N",2,0,0,0,0,0,0,0,"N",1.70,0,0,0,0,0,0,0,"N",0,0.0,0,0,0,0,0,0,0,0,0,0,0,0,0,0
"13097","5","61143","77","0","2025","4","N",3,0,0,0,0,0,0,0,"N",0.66,0,0,0,0,0,0,0,"N",0,0.0,0,0,0,0,0,0,0,0,0,0,0,0,0,0
"13097","5","611430","78","0","2025","4","N",3,0,0,0,0,0,0,0,"N",0.66,0,0,0,0,0,0,0,"N",0,0.0,0,0,0,0,0,0,0,0,0,0,0,0,0,0
"13097","5","6115","76","0","2025","4","N",4,0,0,0,0,0,0,0,"N",1.15,0,0,0,0,0,0,0,"N",0,0.0,0,0,0,0,0,0,0,0,0,0,0,0,0,0
"13097","5","61151","77","0","2025","4","N",4,0,0,0,0,0,0,0,"N",1.15,0,0,0,0,0,0,0,"N",0,0.0,0,0,0,0,0,0,0,0,0,0,0,0,0,0
"13097","5","611519","78","0","2025","4","N",4,0,0,0,0,0,0,0,"N",2.10,0,0,0,0,0,0,0,"N",0,0.0,0,0,0,0,0,0,0,0,0,0,0,0,0,0
"13097","5","6116","76","0","2025","4","",16,69,75,75,626945,104438,540,661,"",0.83,0.41,0.44,0.44,0.65,0.53,0.25,1.52,"",0,0.0,15,27.8,22,41.5,23,44.2,120284,23.7,8224,8.5,145,36.7,-74,-10.1
"13097","5","61161","77","0","2025","4","",3,26,23,25,66833,20501,82,208,"",0.64,0.61,0.54,0.60,0.33,0.44,0.17,0.57,"N",0,0.0,0,0,0,0,0,0,0,0,0,0,0,0,0,0
"13097","5","611610","78","0","2025","4","",3,26,23,25,66833,20501,82,208,"",0.64,0.61,0.54,0.60,0.33,0.44,0.17,0.57,"N",0,0.0,0,0,0,0,0,0,0,0,0,0,0,0,0,0
"13097","5","61162","77","0","2025","4","",5,26,31,30,388638,53580,422,1031,"",0.79,0.44,0.53,0.51,1.32,0.78,0.60,2.68,"",-1,-16.7,-4,-13.3,2,6.9,3,11.1,33019,9.3,-15053,-21.9,45,11.9,77,8.1
"13097","5","611620","78","0","2025","4","",5,26,31,30,388638,53580,422,1031,"",0.79,0.44,0.53,0.51,1.32,0.78,0.60,2.68,"",-1,-16.7,-4,-13.3,2,6.9,3,11.1,33019,9.3,-15053,-21.9,45,11.9,77,8.1
"13097","5","61169","77","0","2025","4","",8,17,21,20,171474,30357,36,682,"",1.06,0.27,0.33,0.32,0.40,0.40,0.04,1.29,"N",1,14.3,0,0,0,0,0,0,0,0,0,0,0,0,0,0
"13097","5","611691","78","0","2025","4","N",5,0,0,0,0,0,0,0,"N",1.54,0,0,0,0,0,0,0,"N",1,25.0,0,0,0,0,0,0,0,0,0,0,0,0,0,0
"13097","5","611692","78","0","2025","4","N",1,0,0,0,0,0,0,0,"N",1.26,0,0,0,0,0,0,0,"N",0,0.0,0,0,0,0,0,0,0,0,0,0,0,0,0,0
"13097","5","611699","78","0","2025","4","N",2,0,0,0,0,0,0,0,"N",0.57,0,0,0,0,0,0,0,"N",0,0.0,0,0,0,0,0,0,0,0,0,0,0,0,0,0
"13097","5","6117","76","0","2025","4","",6,53,56,43,335208,61444,1709,509,"",0.62,0.80,0.83,0.64,0.38,0.79,1.68,0.51,"N",1,20.0,0,0,0,0,0,0,0,0,0,0,0,0,0,0
"13097","5","61171","77","0","2025","4","",6,53,56,43,335208,61444,1709,509,"",0.62,0.80,0.83,0.64,0.38,0.79,1.68,0.51,"N",1,20.0,0,0,0,0,0,0,0,0,0,0,0,0,0,0
"13097","5","611710","78","0","2025","4","",6,53,56,43,335208,61444,1709,509,"",0.62,0.80,0.83,0.64,0.38,0.79,1.68,0.51,"N",1,20.0,0,0,0,0,0,0,0,0,0,0,0,0,0,0
"13097","5","62","74","0","2025","4","",394,5721,5612,5584,101204011,5557100,79356,1381,"",0.65,0.79,0.77,0.76,1.04,0.81,1.16,1.35,"",7,1.8,572,11.1,500,9.8,488,9.6,11293805,12.6,1458910,35.6,39597,99.6,30,2.2
"13097","5","621","75","0","2025","4","",274,3873,3849,3826,82584160,2170959,19797,1650,"",1.25,1.36,1.35,1.33,1.77,0.68,0.65,1.32,"",1,0.4,450,13.1,441,12.9,406,11.9,11198627,15.7,240050,12.4,-1226,-5.8,43,2.7
"13097","5","6211","76","0","2025","4","",78,2170,2142,2118,58766708,341295,4299,2109,"",1.12,2.30,2.27,2.23,2.55,0.41,0.58,1.12,"",0,0.0,204,10.4,189,9.7,118,5.9,7025425,13.6,-131671,-27.8,-2195,-33.8,92,4.6
"13097","5","62111","77","0","2025","4","",78,2170,2142,2118,58766708,341295,4299,2109,"",1.12,2.30,2.27,2.23,2.55,0.41,0.58,1.12,"",0,0.0,204,10.4,189,9.7,118,5.9,7025425,13.6,-131671,-27.8,-2195,-33.8,92,4.6
"13097","5","621111","78","0","2025","4","",75,2155,2131,2105,58607367,320180,3805,2116,"",1.15,2.36,2.33,2.29,2.59,0.40,0.54,1.12,"N",-1,-1.3,0,0,0,0,0,0,0,0,0,0,0,0,0,0
"13097","5","621112","78","0","2025","4","",3,15,11,13,159341,21115,494,943,"",0.61,0.53,0.39,0.45,0.34,0.61,1.14,0.74,"N",1,50.0,0,0,0,0,0,0,0,0,0,0,0,0,0,0
"13097","5","6212","76","0","2025","4","",47,388,386,370,6355135,381305,2555,1282,"",1.20,1.17,1.17,1.11,1.35,0.81,0.64,1.17,"",1,2.2,5,1.3,5,1.3,19,5.4,1046129,19.7,-18522,-4.6,-2992,-53.9,183,16.7
"13097","5","62121","77","0","2025","4","",47,388,386,370,6355135,381305,2555,1282,"",1.20,1.17,1.17,1.11,1.35,0.81,0.64,1.17,"",1,2.2,5,1.3,5,1.3,19,5.4,1046129,19.7,-18522,-4.6,-2992,-53.9,183,16.7
"13097","5","621210","78","0","2025","4","",47,388,386,370,6355135,381305,2555,1282,"",1.20,1.17,1.17,1.11,1.35,0.81,0.64,1.17,"",1,2.2,5,1.3,5,1.3,19,5.4,1046129,19.7,-18522,-4.6,-2992,-53.9,183,16.7
"13097","5","6213","76","0","2025","4","",67,306,307,302,3731253,360064,3715,941,"",1.05,0.73,0.73,0.71,0.81,0.58,0.60,1.13,"",0,0.0,7,2.3,12,4.1,9,3.1,487635,15.0,-9827,-2.7,562,17.8,97,11.5
"13097","5","62131","77","0","2025","4","",18,51,57,55,643167,43402,577,911,"",1.63,1.12,1.26,1.21,1.53,0.62,1.08,1.28,"",0,0.0,-19,-27.1,-14,-19.7,-19,-25.7,-190085,-22.8,-27158,-38.5,103,21.7,17,1.9
"13097","5","621310","78","0","2025","4","",18,51,57,55,643167,43402,577,911,"",1.63,1.12,1.26,1.21,1.53,0.62,1.08,1.28,"",0,0.0,-19,-27.1,-14,-19.7,-19,-25.7,-190085,-22.8,-27158,-38.5,103,21.7,17,1.9
"13097","5","62132","77","0","2025","4","",6,114,110,113,1046364,158505,890,717,"",0.99,2.35,2.27,2.31,1.86,2.34,1.82,0.80,"N",0,0.0,0,0,0,0,0,0,0,0,0,0,0,0,0,0
"13097","5","621320","78","0","2025","4","",6,114,110,113,1046364,158505,890,717,"",0.99,2.35,2.27,2.31,1.86,2.34,1.82,0.80,"N",0,0.0,0,0,0,0,0,0,0,0,0,0,0,0,0,0
"13097","5","62133","77","0","2025","4","",15,28,27,27,476687,52741,1349,1342,"",0.93,0.29,0.28,0.28,0.48,0.34,0.70,1.72,"N",2,15.4,0,0,0,0,0,0,0,0,0,0,0,0,0,0
"13097","5","621330","78","0","2025","4","",15,28,27,27,476687,52741,1349,1342,"",0.93,0.29,0.28,0.28,0.48,0.34,0.70,1.72,"N",2,15.4,0,0,0,0,0,0,0,0,0,0,0,0,0,0
"13097","5","62134","77","0","2025","4","",19,90,90,87,1249133,84201,782,1080,"",1.22,0.55,0.55,0.53,0.72,0.38,0.39,1.33,"",1,5.6,15,20.0,14,18.4,11,14.5,133439,12.0,17508,26.3,375,92.1,-54,-4.8
"13097","5","621340","78","0","2025","4","",19,90,90,87,1249133,84201,782,1080,"",1.22,0.55,0.55,0.53,0.72,0.38,0.39,1.33,"",1,5.6,15,20.0,14,18.4,11,14.5,133439,12.0,17508,26.3,375,92.1,-54,-4.8
"13097","5","62139","77","0","2025","4","",9,23,23,20,315902,21215,117,1105,"",0.61,0.34,0.34,0.30,0.36,0.20,0.10,1.09,"",-3,-25.0,0,0.0,3,15.0,-1,-4.8,27535,9.5,1713,8.8,-105,-47.3,65,6.2
"13097","5","621391","78","0","2025","4","N",2,0,0,0,0,0,0,0,"N",1.09,0,0,0,0,0,0,0,"N",-1,-33.3,0,0,0,0,0,0,0,0,0,0,0,0,0,0
"13097","5","621399","78","0","2025","4","N",7,0,0,0,0,0,0,0,"N",0.54,0,0,0,0,0,0,0,"N",-2,-22.2,0,0,0,0,0,0,0,0,0,0,0,0,0,0
"13097","5","6214","76","0","2025","4","",18,163,166,164,3590258,206288,2965,1681,"",1.16,0.44,0.45,0.44,0.57,0.74,1.06,1.29,"N",0,0.0,0,0,0,0,0,0,0,0,0,0,0,0,0,0
"13097","5","62142","77","0","2025","4","",5,25,27,28,225527,81553,2202,651,"",0.92,0.24,0.26,0.27,0.19,0.84,2.05,0.72,"",0,0.0,11,78.6,14,107.7,12,75.0,166493,282.0,57898,244.8,1563,244.6,334,105.4
"13097","5","621420","78","0","2025","4","",5,25,27,28,225527,81553,2202,651,"",0.92,0.24,0.26,0.27,0.19,0.84,2.05,0.72,"",0,0.0,11,78.6,14,107.7,12,75.0,166493,282.0,57898,244.8,1563,244.6,334,105.4
"13097","5","62149","77","0","2025","4","",13,138,139,136,3364731,124735,763,1880,"",1.40,0.54,0.54,0.53,0.68,0.71,0.46,1.28,"N",0,0.0,0,0,0,0,0,0,0,0,0,0,0,0,0,0
"13097","5","621491","78","0","2025","4","N",2,0,0,0,0,0,0,0,"N",2.51,0,0,0,0,0,0,0,"N",0,0.0,0,0,0,0,0,0,0,0,0,0,0,0,0,0
"13097","5","621492","78","0","2025","4","",5,66,68,65,1176734,81390,324,1365,"",2.20,1.63,1.67,1.59,1.92,2.03,1.08,1.18,"",-1,-16.7,-1,-1.5,3,4.6,3,4.8,64634,5.8,7161,9.6,-114,-26.0,42,3.2
"13097","5","621493","78","0","2025","4","N",2,0,0,0,0,0,0,0,"N",0.77,0,0,0,0,0,0,0,"N",0,0.0,0,0,0,0,0,0,0,0,0,0,0,0,0,0
"13097","5","621498","78","0","2025","4","",4,29,31,30,452089,22646,343,1159,"",1.12,0.34,0.36,0.35,0.30,0.37,0.57,0.87,"",1,33.3,7,31.8,10,47.6,7,30.4,142753,46.1,-8952,-28.3,300,697.7,77,7.1
"13097","5","6215","76","0","2025","4","",15,23,21,20,274480,9794,99,990,"",1.74,0.23,0.21,0.20,0.16,0.09,0.10,0.76,"N",-3,-16.7,0,0,0,0,0,0,0,0,0,0,0,0,0,0
"13097","5","62151","77","0","2025","4","",15,23,21,20,274480,9794,99,990,"",1.74,0.23,0.21,0.20,0.16,0.09,0.10,0.76,"N",-3,-16.7,0,0,0,0,0,0,0,0,0,0,0,0,0,0
"13097","5","621511","78","0","2025","4","N",13,0,0,0,0,0,0,0,"N",2.04,0,0,0,0,0,0,0,"N",-3,-18.8,0,0,0,0,0,0,0,0,0,0,0,0,0,0
"13097","5","621512","78","0","2025","4","N",2,0,0,0,0,0,0,0,"N",0.89,0,0,0,0,0,0,0,"N",0,0.0,0,0,0,0,0,0,0,0,0,0,0,0,0,0
"13097","5","6216","76","0","2025","4","",37,420,426,453,3754758,725684,5014,667,"",2.32,0.74,0.74,0.79,0.80,1.00,0.65,1.06,"",3,8.8,157,59.7,148,53.2,172,61.2,1095750,41.2,278894,62.4,1500,42.7,-79,-10.6
"13097","5","62161","77","0","2025","4","",37,420,426,453,3754758,725684,5014,667,"",2.32,0.74,0.74,0.79,0.80,1.00,0.65,1.06,"",3,8.8,157,59.7,148,53.2,172,61.2,1095750,41.2,278894,62.4,1500,42.7,-79,-10.6
"13097","5","621610","78","0","2025","4","",37,420,426,453,3754758,725684,5014,667,"",2.32,0.74,0.74,0.79,0.80,1.00,0.65,1.06,"",3,8.8,157,59.7,148,53.2,172,61.2,1095750,41.2,278894,62.4,1500,42.7,-79,-10.6
"13097","5","6219","76","0","2025","4","",12,403,401,399,6111568,146529,1150,1172,"",1.85,3.50,3.47,3.45,3.90,1.16,0.91,1.12,"",0,0.0,83,25.9,88,28.1,94,30.8,1128766,22.7,82465,128.7,332,40.6,-54,-4.4
"13097","5","62191","77","0","2025","4","N",2,0,0,0,0,0,0,0,"N",1.20,0,0,0,0,0,0,0,"N",0,0.0,0,0,0,0,0,0,0,0,0,0,0,0,0,0
"13097","5","621910","78","0","2025","4","N",2,0,0,0,0,0,0,0,"N",1.20,0,0,0,0,0,0,0,"N",0,0.0,0,0,0,0,0,0,0,0,0,0,0,0,0,0
"13097","5","62199","77","0","2025","4","N",10,0,0,0,0,0,0,0,"N",2.07,0,0,0,0,0,0,0,"N",0,0.0,0,0,0,0,0,0,0,0,0,0,0,0,0,0
"13097","5","621991","78","0","2025","4","",3,367,365,364,5693244,117280,973,1199,"",3.93,13.66,13.51,13.39,15.83,4.74,4.03,1.17,"N",1,50.0,0,0,0,0,0,0,0,0,0,0,0,0,0,0
"13097","5","621999","78","0","2025","4","N",7,0,0,0,0,0,0,0,"N",1.72,0,0,0,0,0,0,0,"N",-1,-12.5,0,0,0,0,0,0,0,0,0,0,0,0,0,0
"13097","5","623","75","0","2025","4","",23,1060,989,978,12130435,2411192,44366,925,"",0.87,0.98,0.91,0.90,1.22,1.69,3.39,1.31,"",1,4.5,230,27.7,151,18.0,139,16.6,798906,7.1,1178526,95.6,36592,470.7,-118,-11.3
"13097","5","6231","76","0","2025","4","N",4,0,0,0,0,0,0,0,"N",0.70,0,0,0,0,0,0,0,"N",1,33.3,0,0,0,0,0,0,0,0,0,0,0,0,0,0
"13097","5","62311","77","0","2025","4","N",4,0,0,0,0,0,0,0,"N",0.70,0,0,0,0,0,0,0,"N",1,33.3,0,0,0,0,0,0,0,0,0,0,0,0,0,0
"13097","5","623110","78","0","2025","4","N",4,0,0,0,0,0,0,0,"N",0.70,0,0,0,0,0,0,0,"N",1,33.3,0,0,0,0,0,0,0,0,0,0,0,0,0,0
"13097","5","6232","76","0","2025","4","",4,138,135,130,1743746,89265,352,999,"",0.40,0.63,0.62,0.59,0.84,0.43,0.19,1.36,"",0,0.0,7,5.3,4,3.1,-8,-5.8,142676,8.9,-9554,-9.7,-185,-34.5,75,8.1
"13097","5","62321","77","0","2025","4","N",2,0,0,0,0,0,0,0,"N",0.28,0,0,0,0,0,0,0,"N",0,0.0,0,0,0,0,0,0,0,0,0,0,0,0,0,0
"13097","5","623210","78","0","2025","4","N",2,0,0,0,0,0,0,0,"N",0.28,0,0,0,0,0,0,0,"N",0,0.0,0,0,0,0,0,0,0,0,0,0,0,0,0,0
"13097","5","62322","77","0","2025","4","N",2,0,0,0,0,0,0,0,"N",0.68,0,0,0,0,0,0,0,"N",0,0.0,0,0,0,0,0,0,0,0,0,0,0,0,0,0
"13097","5","623220","78","0","2025","4","N",2,0,0,0,0,0,0,0,"N",0.68,0,0,0,0,0,0,0,"N",0,0.0,0,0,0,0,0,0,0,0,0,0,0,0,0,0
"13097","5","6233","76","0","2025","4","",12,202,198,194,1757818,339784,5025,683,"",1.41,0.63,0.62,0.60,0.68,0.70,1.09,1.11,"",-1,-7.7,52,34.7,45,29.4,48,32.9,425911,32.0,94893,38.7,86,1.7,-2,-0.3
"13097","5","62331","77","0","2025","4","",12,202,198,194,1757818,339784,5025,683,"",1.41,0.63,0.62,0.60,0.68,0.70,1.09,1.11,"",-1,-7.7,52,34.7,45,29.4,48,32.9,425911,32.0,94893,38.7,86,1.7,-2,-0.3
"13097","5","623311","78","0","2025","4","N",2,0,0,0,0,0,0,0,"N",0.98,0,0,0,0,0,0,0,"N",-1,-33.3,0,0,0,0,0,0,0,0,0,0,0,0,0,0
"13097","5","623312","78","0","2025","4","N",10,0,0,0,0,0,0,0,"N",1.54,0,0,0,0,0,0,0,"N",0,0.0,0,0,0,0,0,0,0,0,0,0,0,0,0,0
"13097","5","6239","76","0","2025","4","N",3,0,0,0,0,0,0,0,"N",1.38,0,0,0,0,0,0,0,"N",1,50.0,0,0,0,0,0,0,0,0,0,0,0,0,0,0
"13097","5","62399","77","0","2025","4","N",3,0,0,0,0,0,0,0,"N",1.38,0,0,0,0,0,0,0,"N",1,50.0,0,0,0,0,0,0,0,0,0,0,0,0,0,0
"13097","5","623990","78","0","2025","4","N",3,0,0,0,0,0,0,0,"N",1.38,0,0,0,0,0,0,0,"N",1,50.0,0,0,0,0,0,0,0,0,0,0,0,0,0,0
"13097","5","624","75","0","2025","4","",97,788,774,780,6489416,974949,15193,639,"",0.27,0.50,0.49,0.49,0.59,0.51,0.67,1.20,"N",6,6.6,0,0,0,0,0,0,0,0,0,0,0,0,0,0
"13097","5","6241","76","0","2025","4","",51,273,271,277,2423859,317430,6558,681,"",0.16,0.24,0.24,0.25,0.33,0.24,0.39,1.33,"",0,0.0,5,1.9,1,0.4,22,8.6,266650,12.4,84697,36.4,3674,127.4,53,8.4
"13097","5","62411","77","0","2025","4","N",5,0,0,0,0,0,0,0,"N",1.21,0,0,0,0,0,0,0,"N",1,25.0,0,0,0,0,0,0,0,0,0,0,0,0,0,0
"13097","5","624110","78","0","2025","4","N",5,0,0,0,0,0,0,0,"N",1.21,0,0,0,0,0,0,0,"N",1,25.0,0,0,0,0,0,0,0,0,0,0,0,0,0,0
"13097","5","62412","77","0","2025","4","",31,120,120,124,942148,241894,6032,597,"",0.10,0.14,0.14,0.14,0.19,0.22,0.43,1.35,"N",0,0.0,0,0,0,0,0,0,0,0,0,0,0,0,0,0
"13097","5","624120","78","0","2025","4","",31,120,120,124,942148,241894,6032,597,"",0.10,0.14,0.14,0.14,0.19,0.22,0.43,1.35,"N",0,0.0,0,0,0,0,0,0,0,0,0,0,0,0,0,0
"13097","5","62419","77","0","2025","4","N",15,0,0,0,0,0,0,0,"N",1.13,0,0,0,0,0,0,0,"N",-1,-6.2,0,0,0,0,0,0,0,0,0,0,0,0,0,0
"13097","5","624190","78","0","2025","4","N",15,0,0,0,0,0,0,0,"N",1.13,0,0,0,0,0,0,0,"N",-1,-6.2,0,0,0,0,0,0,0,0,0,0,0,0,0,0
"13097","5","6242","76","0","2025","4","N",8,0,0,0,0,0,0,0,"N",1.85,0,0,0,0,0,0,0,"N",1,14.3,0,0,0,0,0,0,0,0,0,0,0,0,0,0
"13097","5","62421","77","0","2025","4","N",1,0,0,0,0,0,0,0,"N",0.84,0,0,0,0,0,0,0,"N",0,0.0,0,0,0,0,0,0,0,0,0,0,0,0,0,0
"13097","5","624210","78","0","2025","4","N",1,0,0,0,0,0,0,0,"N",0.84,0,0,0,0,0,0,0,"N",0,0.0,0,0,0,0,0,0,0,0,0,0,0,0,0,0
"13097","5","62422","77","0","2025","4","",5,16,16,16,429222,5403,2,2064,"",2.15,0.35,0.35,0.35,0.88,0.12,0.00,2.51,"N",1,25.0,0,0,0,0,0,0,0,0,0,0,0,0,0,0
"13097","5","624221","78","0","2025","4","N",2,0,0,0,0,0,0,0,"N",1.63,0,0,0,0,0,0,0,"N",0,0.0,0,0,0,0,0,0,0,0,0,0,0,0,0,0
"13097","5","624229","78","0","2025","4","N",3,0,0,0,0,0,0,0,"N",2.71,0,0,0,0,0,0,0,"N",1,50.0,0,0,0,0,0,0,0,0,0,0,0,0,0,0
"13097","5","62423","77","0","2025","4","N",2,0,0,0,0,0,0,0,"N",2.48,0,0,0,0,0,0,0,"N",0,0.0,0,0,0,0,0,0,0,0,0,0,0,0,0,0
"13097","5","624230","78","0","2025","4","N",2,0,0,0,0,0,0,0,"N",2.48,0,0,0,0,0,0,0,"N",0,0.0,0,0,0,0,0,0,0,0,0,0,0,0,0,0
"13097","5","6243","76","0","2025","4","N",1,0,0,0,0,0,0,0,"N",0.37,0,0,0,0,0,0,0,"N",1,100.0,0,0,0,0,0,0,0,0,0,0,0,0,0,0
"13097","5","62431","77","0","2025","4","N",1,0,0,0,0,0,0,0,"N",0.37,0,0,0,0,0,0,0,"N",1,100.0,0,0,0,0,0,0,0,0,0,0,0,0,0,0
"13097","5","624310","78","0","2025","4","N",1,0,0,0,0,0,0,0,"N",0.37,0,0,0,0,0,0,0,"N",1,100.0,0,0,0,0,0,0,0,0,0,0,0,0,0,0
"13097","5","6244","76","0","2025","4","",37,484,471,470,3401681,635014,8391,551,"",1.64,1.56,1.52,1.52,1.65,1.37,1.84,1.08,"",4,12.1,-72,-12.9,-53,-10.1,-39,-7.7,-381484,-10.1,-34459,-5.1,550,7.0,2,0.4
"13097","5","62441","77","0","2025","4","",37,484,471,470,3401681,635014,8391,551,"",1.64,1.56,1.52,1.52,1.65,1.37,1.84,1.08,"",4,12.1,-72,-12.9,-53,-10.1,-39,-7.7,-381484,-10.1,-34459,-5.1,550,7.0,2,0.4
"13097","5","624410","78","0","2025","4","",37,484,471,470,3401681,635014,8391,551,"",1.64,1.56,1.52,1.52,1.65,1.37,1.84,1.08,"",4,12.1,-72,-12.9,-53,-10.1,-39,-7.7,-381484,-10.1,-34459,-5.1,550,7.0,2,0.4
"13097","5","71","74","0","2025","4","",37,271,266,268,1513363,345975,2728,434,"",0.68,0.32,0.33,0.34,0.16,0.35,0.22,0.47,"",-3,-7.5,-6,-2.2,-10,-3.6,-8,-2.9,140601,10.2,12589,3.8,-471,-14.7,52,13.6
"13097","5","711","75","0","2025","4","N",15,0,0,0,0,0,0,0,"N",0.62,0,0,0,0,0,0,0,"N",0,0.0,0,0,0,0,0,0,0,0,0,0,0,0,0,0
"13097","5","7111","76","0","2025","4","",4,9,9,9,108177,6267,153,925,"",1.05,0.20,0.20,0.20,0.17,0.09,0.12,0.86,"N",0,0.0,0,0,0,0,0,0,0,0,0,0,0,0,0,0
"13097","5","71111","77","0","2025","4","N",1,0,0,0,0,0,0,0,"N",0.84,0,0,0,0,0,0,0,"N",1,100.0,0,0,0,0,0,0,0,0,0,0,0,0,0,0
"13097","5","711110","78","0","2025","4","N",1,0,0,0,0,0,0,0,"N",0.84,0,0,0,0,0,0,0,"N",1,100.0,0,0,0,0,0,0,0,0,0,0,0,0,0,0
"13097","5","71112","77","0","2025","4","N",1,0,0,0,0,0,0,0,"N",2.08,0,0,0,0,0,0,0,"N",0,0.0,0,0,0,0,0,0,0,0,0,0,0,0,0,0
"13097","5","711120","78","0","2025","4","N",1,0,0,0,0,0,0,0,"N",2.08,0,0,0,0,0,0,0,"N",0,0.0,0,0,0,0,0,0,0,0,0,0,0,0,0,0
"13097","5","71113","77","0","2025","4","N",2,0,0,0,0,0,0,0,"N",1.15,0,0,0,0,0,0,0,"N",-1,-33.3,0,0,0,0,0,0,0,0,0,0,0,0,0,0
"13097","5","711130","78","0","2025","4","N",2,0,0,0,0,0,0,0,"N",1.15,0,0,0,0,0,0,0,"N",-1,-33.3,0,0,0,0,0,0,0,0,0,0,0,0,0,0
"13097","5","7112","76","0","2025","4","N",3,0,0,0,0,0,0,0,"N",1.15,0,0,0,0,0,0,0,"N",0,0.0,0,0,0,0,0,0,0,0,0,0,0,0,0,0
"13097","5","71121","77","0","2025","4","N",3,0,0,0,0,0,0,0,"N",1.15,0,0,0,0,0,0,0,"N",0,0.0,0,0,0,0,0,0,0,0,0,0,0,0,0,0
"13097","5","711211","78","0","2025","4","N",1,0,0,0,0,0,0,0,"N",0.84,0,0,0,0,0,0,0,"N",0,0.0,0,0,0,0,0,0,0,0,0,0,0,0,0,0
"13097","5","711219","78","0","2025","4","N",2,0,0,0,0,0,0,0,"N",1.65,0,0,0,0,0,0,0,"N",0,0.0,0,0,0,0,0,0,0,0,0,0,0,0,0,0
"13097","5","7113","76","0","2025","4","N",1,0,0,0,0,0,0,0,"N",0.29,0,0,0,0,0,0,0,"N",0,0.0,0,0,0,0,0,0,0,0,0,0,0,0,0,0
"13097","5","71131","77","0","2025","4","N",1,0,0,0,0,0,0,0,"N",0.70,0,0,0,0,0,0,0,"N",0,0.0,0,0,0,0,0,0,0,0,0,0,0,0,0,0
"13097","5","711310","78","0","2025","4","N",1,0,0,0,0,0,0,0,"N",0.70,0,0,0,0,0,0,0,"N",0,0.0,0,0,0,0,0,0,0,0,0,0,0,0,0,0
"13097","5","7114","76","0","2025","4","N",1,0,0,0,0,0,0,0,"N",0.47,0,0,0,0,0,0,0,"N",0,0.0,0,0,0,0,0,0,0,0,0,0,0,0,0,0
"13097","5","71141","77","0","2025","4","N",1,0,0,0,0,0,0,0,"N",0.47,0,0,0,0,0,0,0,"N",0,0.0,0,0,0,0,0,0,0,0,0,0,0,0,0,0
"13097","5","711410","78","0","2025","4","N",1,0,0,0,0,0,0,0,"N",0.47,0,0,0,0,0,0,0,"N",0,0.0,0,0,0,0,0,0,0,0,0,0,0,0,0,0
"13097","5","7115","76","0","2025","4","N",6,0,0,0,0,0,0,0,"N",0.50,0,0,0,0,0,0,0,"N",0,0.0,0,0,0,0,0,0,0,0,0,0,0,0,0,0
"13097","5","71151","77","0","2025","4","N",6,0,0,0,0,0,0,0,"N",0.50,0,0,0,0,0,0,0,"N",0,0.0,0,0,0,0,0,0,0,0,0,0,0,0,0,0
"13097","5","711510","78","0","2025","4","N",6,0,0,0,0,0,0,0,"N",0.50,0,0,0,0,0,0,0,"N",0,0.0,0,0,0,0,0,0,0,0,0,0,0,0,0,0
"13097","5","712","75","0","2025","4","N",2,0,0,0,0,0,0,0,"N",0.87,0,0,0,0,0,0,0,"N",-1,-33.3,0,0,0,0,0,0,0,0,0,0,0,0,0,0
"13097","5","7121","76","0","2025","4","N",2,0,0,0,0,0,0,0,"N",0.87,0,0,0,0,0,0,0,"N",-1,-33.3,0,0,0,0,0,0,0,0,0,0,0,0,0,0
"13097","5","71211","77","0","2025","4","N",2,0,0,0,0,0,0,0,"N",1.30,0,0,0,0,0,0,0,"N",-1,-33.3,0,0,0,0,0,0,0,0,0,0,0,0,0,0
"13097","5","712110","78","0","2025","4","N",2,0,0,0,0,0,0,0,"N",1.30,0,0,0,0,0,0,0,"N",-1,-33.3,0,0,0,0,0,0,0,0,0,0,0,0,0,0
"13097","5","713","75","0","2025","4","",20,249,244,246,1273192,337771,2527,398,"",0.71,0.42,0.43,0.44,0.34,0.49,0.31,0.78,"",-2,-9.1,8,3.3,4,1.7,5,2.1,195197,18.1,22235,7.0,-327,-11.5,53,15.4
"13097","5","7131","76","0","2025","4","N",1,0,0,0,0,0,0,0,"N",0.80,0,0,0,0,0,0,0,"N",0,0.0,0,0,0,0,0,0,0,0,0,0,0,0,0,0
"13097","5","71312","77","0","2025","4","N",1,0,0,0,0,0,0,0,"N",1.18,0,0,0,0,0,0,0,"N",0,0.0,0,0,0,0,0,0,0,0,0,0,0,0,0,0
"13097","5","713120","78","0","2025","4","N",1,0,0,0,0,0,0,0,"N",1.18,0,0,0,0,0,0,0,"N",0,0.0,0,0,0,0,0,0,0,0,0,0,0,0,0,0
"13097","5","7139","76","0","2025","4","N",19,0,0,0,0,0,0,0,"N",0.74,0,0,0,0,0,0,0,"N",-2,-9.5,0,0,0,0,0,0,0,0,0,0,0,0,0,0
"13097","5","71391","77","0","2025","4","N",2,0,0,0,0,0,0,0,"N",0.63,0,0,0,0,0,0,0,"N",0,0.0,0,0,0,0,0,0,0,0,0,0,0,0,0,0
"13097","5","713910","78","0","2025","4","N",2,0,0,0,0,0,0,0,"N",0.63,0,0,0,0,0,0,0,"N",0,0.0,0,0,0,0,0,0,0,0,0,0,0,0,0,0
"13097","5","71394","77","0","2025","4","",12,163,163,161,710734,179567,1535,337,"",0.91,0.79,0.79,0.77,0.76,0.79,0.63,0.97,"",-3,-20.0,5,3.2,5,3.2,8,5.2,102485,16.8,-35184,-16.4,-1040,-40.4,38,12.7
"13097","5","713940","78","0","2025","4","",12,163,163,161,710734,179567,1535,337,"",0.91,0.79,0.79,0.77,0.76,0.79,0.63,0.97,"",-3,-20.0,5,3.2,5,3.2,8,5.2,102485,16.8,-35184,-16.4,-1040,-40.4,38,12.7
"13097","5","71395","77","0","2025","4","N",2,0,0,0,0,0,0,0,"N",2.14,0,0,0,0,0,0,0,"N",0,0.0,0,0,0,0,0,0,0,0,0,0,0,0,0,0
"13097","5","713950","78","0","2025","4","N",2,0,0,0,0,0,0,0,"N",2.14,0,0,0,0,0,0,0,"N",0,0.0,0,0,0,0,0,0,0,0,0,0,0,0,0,0
"13097","5","71399","77","0","2025","4","N",3,0,0,0,0,0,0,0,"N",0.42,0,0,0,0,0,0,0,"N",1,50.0,0,0,0,0,0,0,0,0,0,0,0,0,0,0
"13097","5","713990","78","0","2025","4","N",3,0,0,0,0,0,0,0,"N",0.42,0,0,0,0,0,0,0,"N",1,50.0,0,0,0,0,0,0,0,0,0,0,0,0,0,0
"13097","5","72","74","0","2025","4","",289,4928,4928,4927,30699978,7208109,87532,479,"",1.26,1.11,1.12,1.12,1.15,1.07,1.33,1.02,"",1,0.3,5,0.1,49,1.0,41,0.8,213786,0.7,14379,0.2,11507,15.1,0,0.0
"13097","5","721","75","0","2025","4","",39,479,474,468,3980717,561683,9376,646,"",1.75,0.80,0.81,0.80,0.75,0.56,0.95,0.94,"",0,0.0,9,1.9,15,3.3,17,3.8,204990,5.4,4960,0.9,642,7.4,15,2.4
"13097","5","7211","76","0","2025","4","",39,479,474,468,3980717,561683,9376,646,"",2.03,0.84,0.84,0.83,0.78,0.58,0.98,0.93,"",0,0.0,9,1.9,15,3.3,17,3.8,204990,5.4,4960,0.9,642,7.4,15,2.4
"13097","5","72111","77","0","2025","4","N",37,0,0,0,0,0,0,0,"N",2.11,0,0,0,0,0,0,0,"N",0,0.0,0,0,0,0,0,0,0,0,0,0,0,0,0,0
"13097","5","721110","78","0","2025","4","N",37,0,0,0,0,0,0,0,"N",2.11,0,0,0,0,0,0,0,"N",0,0.0,0,0,0,0,0,0,0,0,0,0,0,0,0,0
"13097","5","72119","77","0","2025","4","N",2,0,0,0,0,0,0,0,"N",1.28,0,0,0,0,0,0,0,"N",0,0.0,0,0,0,0,0,0,0,0,0,0,0,0,0,0
"13097","5","721199","78","0","2025","4","N",2,0,0,0,0,0,0,0,"N",2.18,0,0,0,0,0,0,0,"N",0,0.0,0,0,0,0,0,0,0,0,0,0,0,0,0,0
"13097","5","722","75","0","2025","4","",250,4449,4454,4459,26719261,6646426,78156,461,"",1.21,1.16,1.17,1.17,1.24,1.16,1.40,1.06,"",1,0.4,-4,-0.1,34,0.8,24,0.5,8796,0.0,9419,0.1,10865,16.1,-2,-0.4
"13097","5","7223","76","0","2025","4","N",10,0,0,0,0,0,0,0,"N",0.66,0,0,0,0,0,0,0,"N",0,0.0,0,0,0,0,0,0,0,0,0,0,0,0,0,0
"13097","5","72231","77","0","2025","4","N",3,0,0,0,0,0,0,0,"N",0.41,0,0,0,0,0,0,0,"N",0,0.0,0,0,0,0,0,0,0,0,0,0,0,0,0,0
"13097","5","722310","78","0","2025","4","N",3,0,0,0,0,0,0,0,"N",0.41,0,0,0,0,0,0,0,"N",0,0.0,0,0,0,0,0,0,0,0,0,0,0,0,0,0
"13097","5","72232","77","0","2025","4","N",4,0,0,0,0,0,0,0,"N",1.00,0,0,0,0,0,0,0,"N",0,0.0,0,0,0,0,0,0,0,0,0,0,0,0,0,0
"13097","5","722320","78","0","2025","4","N",4,0,0,0,0,0,0,0,"N",1.00,0,0,0,0,0,0,0,"N",0,0.0,0,0,0,0,0,0,0,0,0,0,0,0,0,0
"13097","5","72233","77","0","2025","4","N",3,0,0,0,0,0,0,0,"N",0.81,0,0,0,0,0,0,0,"N",0,0.0,0,0,0,0,0,0,0,0,0,0,0,0,0,0
"13097","5","722330","78","0","2025","4","N",3,0,0,0,0,0,0,0,"N",0.81,0,0,0,0,0,0,0,"N",0,0.0,0,0,0,0,0,0,0,0,0,0,0,0,0,0
"13097","5","7224","76","0","2025","4","N",3,0,0,0,0,0,0,0,"N",0.25,0,0,0,0,0,0,0,"N",-2,-40.0,0,0,0,0,0,0,0,0,0,0,0,0,0,0
"13097","5","72241","77","0","2025","4","N",3,0,0,0,0,0,0,0,"N",0.25,0,0,0,0,0,0,0,"N",-2,-40.0,0,0,0,0,0,0,0,0,0,0,0,0,0,0
"13097","5","722410","78","0","2025","4","N",3,0,0,0,0,0,0,0,"N",0.25,0,0,0,0,0,0,0,"N",-2,-40.0,0,0,0,0,0,0,0,0,0,0,0,0,0,0
"13097","5","7225","76","0","2025","4","",237,4418,4423,4429,26257130,6607700,77936,457,"",1.32,1.29,1.29,1.29,1.40,1.29,1.73,1.09,"",3,1.3,4,0.1,39,0.9,36,0.8,139004,0.5,26727,0.4,10910,16.3,0,0.0
"13097","5","72251","77","0","2025","4","",237,4418,4423,4429,26257130,6607700,77936,457,"",1.32,1.29,1.29,1.29,1.40,1.29,1.73,1.09,"",3,1.3,4,0.1,39,0.9,36,0.8,139004,0.5,26727,0.4,10910,16.3,0,0.0
"13097","5","722511","78","0","2025","4","",90,1901,1938,1993,12582911,2879926,36968,498,"",1.19,1.14,1.17,1.20,1.23,1.14,1.54,1.05,"",-3,-3.2,-8,-0.4,32,1.7,71,3.7,98612,0.8,143412,5.2,11944,47.7,-4,-0.8
"13097","5","722513","78","0","2025","4","",116,2197,2181,2129,12249630,3257974,34577,434,"",1.50,1.53,1.52,1.48,1.80,1.57,2.15,1.19,"",4,3.6,24,1.1,34,1.6,-25,-1.2,51066,0.4,-91429,-2.7,-2517,-6.8,-1,-0.2
"13097","5","722514","78","0","2025","4","",3,25,26,23,136309,25572,545,425,"",2.02,1.08,1.12,0.99,1.04,0.85,1.93,0.98,"",0,0.0,-26,-51.0,-26,-50.0,-29,-55.8,-92117,-40.3,-48734,-65.6,305,127.1,85,25.0
"13097","5","722515","78","0","2025","4","",28,295,278,284,1288280,444228,5846,347,"",1.11,0.94,0.90,0.91,0.82,0.93,1.23,0.89,"",2,7.7,14,5.0,-1,-0.4,19,7.2,81443,6.7,23478,5.6,1178,25.2,9,2.7
"13097","5","81","74","0","2025","4","",256,1171,1156,1166,14826209,1503396,26541,980,"",1.01,0.80,0.79,0.80,0.93,0.87,1.47,1.17,"",-11,-4.1,-39,-3.2,-61,-5.0,-35,-2.9,-291643,-1.9,-97035,-6.1,-246,-0.9,18,1.9
"13097","5","811","75","0","2025","4","",116,655,641,644,9340527,727629,10910,1111,"",1.64,1.43,1.41,1.42,1.61,1.19,1.75,1.14,"",-6,-4.9,20,3.1,-3,-0.5,9,1.4,159582,1.7,-7899,-1.1,27,0.2,4,0.4
"13097","5","8111","76","0","2025","4","",88,494,472,479,6287979,601701,9632,1004,"",1.77,1.53,1.47,1.49,1.74,1.36,2.33,1.16,"",-5,-5.4,-8,-1.6,-34,-6.7,-23,-4.6,-425796,-6.3,-18839,-3.0,100,1.0,-22,-2.1
"13097","5","81111","77","0","2025","4","",44,147,146,144,1955288,142733,2206,1033,"",1.61,1.06,1.05,1.04,1.16,0.76,1.27,1.10,"",-4,-8.3,-12,-7.5,-16,-9.9,-10,-6.5,-285662,-12.7,-47593,-25.0,-362,-14.1,-56,-5.1
"13097","5","811111","78","0","2025","4","",36,105,104,103,1313314,118939,1832,971,"",1.47,0.84,0.83,0.83,0.86,0.70,1.16,1.03,"",-3,-7.7,-9,-7.9,-13,-11.1,-8,-7.2,-315807,-19.4,-45051,-27.5,-441,-19.4,-128,-11.6
"13097","5","811114","78","0","2025","4","",8,42,42,41,641974,23794,374,1185,"",2.79,3.03,3.05,2.98,3.88,1.41,2.40,1.28,"",-1,-11.1,-3,-6.7,-3,-6.7,-2,-4.7,30145,4.9,-2542,-9.7,79,26.8,123,11.6
"13097","5","81112","77","0","2025","4","",22,166,154,152,2861562,143573,1890,1399,"",1.82,1.87,1.75,1.72,2.38,1.37,1.94,1.34,"",2,10.0,0,0.0,-11,-6.7,-11,-6.7,-232300,-7.5,-732,-0.5,-437,-18.8,-46,-3.2
"13097","5","811121","78","0","2025","4","",17,136,125,124,2482400,117390,1402,1488,"",1.70,1.76,1.63,1.61,2.32,1.30,1.67,1.39,"",2,13.3,2,1.5,-9,-6.7,-12,-8.8,-183510,-6.9,3374,3.0,-42,-2.9,-35,-2.3
"13097","5","811122","78","0","2025","4","",5,30,29,28,379162,26183,488,1006,"",2.41,2.58,2.51,2.43,2.80,1.79,3.63,1.12,"",0,0.0,-2,-6.2,-2,-6.5,1,3.7,-48790,-11.4,-4106,-13.6,-395,-44.7,-91,-8.3
"13097","5","81119","77","0","2025","4","",22,181,172,183,1471129,315395,5536,633,"",2.11,1.91,1.82,1.94,2.05,2.10,3.92,1.09,"",-3,-12.0,4,2.3,-7,-3.9,-2,-1.1,92166,6.7,29486,10.3,899,19.4,45,7.7
"13097","5","811191","78","0","2025","4","",10,110,100,118,994195,207462,3074,699,"",4.03,4.59,4.18,4.94,5.08,4.68,8.04,1.11,"",0,0.0,2,1.9,-12,-10.7,1,0.9,69980,7.6,11484,5.9,176,6.1,66,10.4
"13097","5","811192","78","0","2025","4","N",11,0,0,0,0,0,0,0,"N",1.93,0,0,0,0,0,0,0,"N",-2,-15.4,0,0,0,0,0,0,0,0,0,0,0,0,0,0
"13097","5","811198","78","0","2025","4","N",1,0,0,0,0,0,0,0,"N",0.44,0,0,0,0,0,0,0,"N",-1,-50.0,0,0,0,0,0,0,0,0,0,0,0,0,0,0
"13097","5","8112","76","0","2025","4","",6,10,11,11,134650,8250,10,971,"",1.34,0.32,0.35,0.35,0.26,0.26,0.03,0.76,"",-2,-25.0,-6,-37.5,-6,-35.3,-1,-8.3,-131505,-49.4,4995,153.5,-20,-66.7,-394,-28.9
"13097","5","81121","77","0","2025","4","",6,10,11,11,134650,8250,10,971,"",1.34,0.32,0.35,0.35,0.26,0.26,0.03,0.76,"",-2,-25.0,-6,-37.5,-6,-35.3,-1,-8.3,-131505,-49.4,4995,153.5,-20,-66.7,-394,-28.9
"13097","5","811210","78","0","2025","4","",6,10,11,11,134650,8250,10,971,"",1.34,0.32,0.35,0.35,0.26,0.26,0.03,0.76,"",-2,-25.0,-6,-37.5,-6,-35.3,-1,-8.3,-131505,-49.4,4995,153.5,-20,-66.7,-394,-28.9
"13097","5","8113","76","0","2025","4","",13,120,123,122,2431407,95634,1173,1537,"",1.43,1.55,1.62,1.62,1.75,0.96,0.85,1.10,"",2,18.2,39,48.1,40,48.2,39,47.0,752352,44.8,8695,10.0,32,2.8,-32,-2.0
"13097","5","81131","77","0","2025","4","",13,120,123,122,2431407,95634,1173,1537,"",1.43,1.55,1.62,1.62,1.75,0.96,0.85,1.10,"",2,18.2,39,48.1,40,48.2,39,47.0,752352,44.8,8695,10.0,32,2.8,-32,-2.0
"13097","5","811310","78","0","2025","4","",13,120,123,122,2431407,95634,1173,1537,"",1.43,1.55,1.62,1.62,1.75,0.96,0.85,1.10,"",2,18.2,39,48.1,40,48.2,39,47.0,752352,44.8,8695,10.0,32,2.8,-32,-2.0
"13097","5","8114","76","0","2025","4","",9,31,35,32,486491,22044,95,1146,"",1.26,1.18,1.34,1.23,1.75,0.62,0.25,1.40,"",-1,-10.0,-5,-13.9,-3,-7.9,-6,-15.8,-35469,-6.8,-2750,-11.1,-85,-47.2,71,6.6
"13097","5","81141","77","0","2025","4","",5,13,14,13,183440,5820,52,1058,"",2.08,1.38,1.48,1.38,1.72,0.45,0.36,1.22,"N",-1,-16.7,0,0,0,0,0,0,0,0,0,0,0,0,0,0
"13097","5","811411","78","0","2025","4","N",1,0,0,0,0,0,0,0,"N",1.71,0,0,0,0,0,0,0,"N",0,0.0,0,0,0,0,0,0,0,0,0,0,0,0,0,0
"13097","5","811412","78","0","2025","4","N",4,0,0,0,0,0,0,0,"N",2.20,0,0,0,0,0,0,0,"N",-1,-20.0,0,0,0,0,0,0,0,0,0,0,0,0,0,0
"13097","5","81142","77","0","2025","4","N",1,0,0,0,0,0,0,0,"N",1.07,0,0,0,0,0,0,0,"N",0,0.0,0,0,0,0,0,0,0,0,0,0,0,0,0,0
"13097","5","811420","78","0","2025","4","N",1,0,0,0,0,0,0,0,"N",1.07,0,0,0,0,0,0,0,"N",0,0.0,0,0,0,0,0,0,0,0,0,0,0,0,0,0
"13097","5","81149","77","0","2025","4","N",3,0,0,0,0,0,0,0,"N",0.82,0,0,0,0,0,0,0,"N",0,0.0,0,0,0,0,0,0,0,0,0,0,0,0,0,0
"13097","5","811490","78","0","2025","4","N",3,0,0,0,0,0,0,0,"N",0.82,0,0,0,0,0,0,0,"N",0,0.0,0,0,0,0,0,0,0,0,0,0,0,0,0,0
"13097","5","812","75","0","2025","4","",98,415,411,411,3835082,693157,13680,715,"",1.27,0.83,0.83,0.83,0.99,1.01,1.98,1.20,"",-4,-3.9,-55,-11.7,-54,-11.6,-47,-10.3,-482162,-11.2,-27732,-3.8,678,5.2,0,0.0
"13097","5","8121","76","0","2025","4","",56,127,131,131,984856,97877,643,584,"",1.25,0.54,0.55,0.55,0.61,0.29,0.19,1.12,"",-2,-3.4,-23,-15.3,-11,-7.7,0,0.0,-112429,-10.2,-52180,-34.8,-381,-37.2,-15,-2.5
"13097","5","81211","77","0","2025","4","",48,110,114,113,873377,87898,397,598,"",1.40,0.63,0.65,0.65,0.75,0.36,0.17,1.17,"",0,0.0,-19,-14.7,-7,-5.8,1,0.9,-87034,-9.1,-50372,-36.4,-489,-55.2,-14,-2.3
"13097","5","812111","78","0","2025","4","N",4,0,0,0,0,0,0,0,"N",1.63,0,0,0,0,0,0,0,"N",-1,-20.0,0,0,0,0,0,0,0,0,0,0,0,0,0,0
"13097","5","812112","78","0","2025","4","",34,77,81,80,605295,65031,388,587,"",1.54,0.68,0.71,0.70,0.74,0.43,0.29,1.06,"",3,9.7,-20,-20.6,-9,-10.0,-2,-2.4,-113160,-15.8,-24026,-27.0,-254,-39.6,-29,-4.7
"13097","5","812113","78","0","2025","4","N",10,0,0,0,0,0,0,0,"N",1.02,0,0,0,0,0,0,0,"N",-2,-16.7,0,0,0,0,0,0,0,0,0,0,0,0,0,0
"13097","5","81219","77","0","2025","4","",8,17,17,18,111479,9979,246,495,"",0.78,0.27,0.27,0.29,0.25,0.11,0.24,0.91,"",-2,-20.0,-4,-19.0,-4,-19.0,-1,-5.3,-25395,-18.6,-1808,-15.3,108,78.3,-23,-4.4
"13097","5","812199","78","0","2025","4","",8,17,17,18,111479,9979,246,495,"",0.83,0.29,0.29,0.30,0.27,0.11,0.25,0.93,"N",-1,-11.1,0,0,0,0,0,0,0,0,0,0,0,0,0,0
"13097","5","8122","76","0","2025","4","",6,41,41,36,278569,22827,328,545,"",1.16,0.98,0.99,0.86,0.64,0.56,1.00,0.68,"",0,0.0,-1,-2.4,-2,-4.7,-6,-14.3,-17751,-6.0,-8497,-27.1,-33,-9.1,7,1.3
"13097","5","81221","77","0","2025","4","N",4,0,0,0,0,0,0,0,"N",1.02,0,0,0,0,0,0,0,"N",0,0.0,0,0,0,0,0,0,0,0,0,0,0,0,0,0
"13097","5","812210","78","0","2025","4","N",4,0,0,0,0,0,0,0,"N",1.02,0,0,0,0,0,0,0,"N",0,0.0,0,0,0,0,0,0,0,0,0,0,0,0,0,0
"13097","5","81222","77","0","2025","4","N",2,0,0,0,0,0,0,0,"N",1.58,0,0,0,0,0,0,0,"N",0,0.0,0,0,0,0,0,0,0,0,0,0,0,0,0,0
"13097","5","812220","78","0","2025","4","N",2,0,0,0,0,0,0,0,"N",1.58,0,0,0,0,0,0,0,"N",0,0.0,0,0,0,0,0,0,0,0,0,0,0,0,0,0
"13097","5","8123","76","0","2025","4","",16,105,104,105,1489825,104463,1472,1095,"",2.08,1.30,1.30,1.31,2.03,0.95,1.49,1.56,"",0,0.0,17,19.3,16,18.2,16,18.0,268308,22.0,39361,60.5,816,124.4,31,2.9
"13097","5","81231","77","0","2025","4","",3,9,9,9,38916,10531,234,333,"",1.05,0.71,0.71,0.71,0.51,0.61,1.23,0.72,"",0,0.0,-1,-10.0,0,0.0,-1,-10.0,3088,8.6,-736,-6.5,-32,-12.0,48,16.8
"13097","5","812310","78","0","2025","4","",3,9,9,9,38916,10531,234,333,"",1.05,0.71,0.71,0.71,0.51,0.61,1.23,0.72,"",0,0.0,-1,-10.0,0,0.0,-1,-10.0,3088,8.6,-736,-6.5,-32,-12.0,48,16.8
"13097","5","81232","77","0","2025","4","",13,96,95,96,1450909,93932,1238,1167,"",3.23,3.50,3.49,3.52,7.89,2.57,3.81,2.25,"",0,0.0,18,23.1,16,20.3,17,21.5,265220,22.4,40097,74.5,848,217.4,8,0.7
"13097","5","812320","78","0","2025","4","",13,96,95,96,1450909,93932,1238,1167,"",3.23,3.50,3.49,3.52,7.89,2.57,3.81,2.25,"",0,0.0,18,23.1,16,20.3,17,21.5,265220,22.4,40097,74.5,848,217.4,8,0.7
"13097","5","8129","76","0","2025","4","",20,142,135,139,1081832,467990,11237,600,"",1.02,1.02,0.97,1.00,0.99,2.34,5.13,1.00,"",-2,-9.1,-48,-25.3,-57,-29.7,-57,-29.1,-620290,-36.4,-6416,-1.4,276,2.5,-80,-11.8
"13097","5","81291","77","0","2025","4","",7,29,29,26,167839,54366,976,461,"",0.87,0.46,0.46,0.41,0.42,0.57,1.05,0.95,"N",0,0.0,0,0,0,0,0,0,0,0,0,0,0,0,0,0
"13097","5","812910","78","0","2025","4","",7,29,29,26,167839,54366,976,461,"",0.87,0.46,0.46,0.41,0.42,0.57,1.05,0.95,"N",0,0.0,0,0,0,0,0,0,0,0,0,0,0,0,0,0
"13097","5","81292","77","0","2025","4","N",1,0,0,0,0,0,0,0,"N",5.84,0,0,0,0,0,0,0,"N",0,0.0,0,0,0,0,0,0,0,0,0,0,0,0,0,0
"13097","5","812921","78","0","2025","4","N",1,0,0,0,0,0,0,0,"N",7.34,0,0,0,0,0,0,0,"N",0,0.0,0,0,0,0,0,0,0,0,0,0,0,0,0,0
"13097","5","81293","77","0","2025","4","N",2,0,0,0,0,0,0,0,"N",0.89,0,0,0,0,0,0,0,"N",0,0.0,0,0,0,0,0,0,0,0,0,0,0,0,0,0
"13097","5","812930","78","0","2025","4","N",2,0,0,0,0,0,0,0,"N",0.89,0,0,0,0,0,0,0,"N",0,0.0,0,0,0,0,0,0,0,0,0,0,0,0,0,0
"13097","5","81299","77","0","2025","4","",10,102,96,102,831472,392387,9735,640,"",1.09,3.17,3.02,3.21,2.35,8.58,17.04,0.75,"",-2,-16.7,-10,-8.9,-20,-17.2,-13,-11.3,-371820,-30.9,64507,19.7,1646,20.3,-170,-21.0
"13097","5","812990","78","0","2025","4","",10,102,96,102,831472,392387,9735,640,"",1.09,3.17,3.02,3.21,2.35,8.58,17.04,0.75,"",-2,-16.7,-10,-8.9,-20,-17.2,-13,-11.3,-371820,-30.9,64507,19.7,1646,20.3,-170,-21.0
"13097","5","813","75","0","2025","4","",23,63,66,73,850621,61224,1471,972,"",0.44,0.14,0.15,0.16,0.15,0.18,0.40,0.98,"",-1,-4.2,-5,-7.4,-6,-8.3,1,1.4,-1041,-0.1,-29484,-32.5,-157,-9.6,45,4.9
"13097","5","8131","76","0","2025","4","",7,20,21,26,227039,41808,1124,782,"",0.94,0.31,0.32,0.40,0.44,0.97,2.44,1.28,"",-3,-30.0,-4,-16.7,-7,-25.0,-2,-7.1,-29311,-11.4,-16777,-28.6,-356,-24.1,43,5.8
"13097","5","81311","77","0","2025","4","",7,20,21,26,227039,41808,1124,782,"",0.94,0.31,0.32,0.40,0.44,0.97,2.44,1.28,"",-3,-30.0,-4,-16.7,-7,-25.0,-2,-7.1,-29311,-11.4,-16777,-28.6,-356,-24.1,43,5.8
"13097","5","813110","78","0","2025","4","",7,20,21,26,227039,41808,1124,782,"",0.94,0.31,0.32,0.40,0.44,0.97,2.44,1.28,"",-3,-30.0,-4,-16.7,-7,-25.0,-2,-7.1,-29311,-11.4,-16777,-28.6,-356,-24.1,43,5.8
"13097","5","8132","76","0","2025","4","",3,4,4,4,65122,395,5,1252,"",0.45,0.08,0.08,0.08,0.06,0.01,0.01,0.83,"N",0,0.0,0,0,0,0,0,0,0,0,0,0,0,0,0,0
"13097","5","81321","77","0","2025","4","",3,4,4,4,65122,395,5,1252,"",0.45,0.08,0.08,0.08,0.06,0.01,0.01,0.83,"N",0,0.0,0,0,0,0,0,0,0,0,0,0,0,0,0,0
"13097","5","813211","78","0","2025","4","N",1,0,0,0,0,0,0,0,"N",0.29,0,0,0,0,0,0,0,"N",0,0.0,0,0,0,0,0,0,0,0,0,0,0,0,0,0
"13097","5","813212","78","0","2025","4","N",2,0,0,0,0,0,0,0,"N",1.31,0,0,0,0,0,0,0,"N",1,100.0,0,0,0,0,0,0,0,0,0,0,0,0,0,0
"13097","5","8133","76","0","2025","4","",4,18,20,22,202307,11005,250,778,"",0.37,0.22,0.25,0.27,0.17,0.14,0.28,0.70,"N",1,33.3,0,0,0,0,0,0,0,0,0,0,0,0,0,0
"13097","5","81331","77","0","2025","4","",4,18,20,22,202307,11005,250,778,"",0.37,0.22,0.25,0.27,0.17,0.14,0.28,0.70,"N",1,33.3,0,0,0,0,0,0,0,0,0,0,0,0,0,0
"13097","5","813312","78","0","2025","4","N",2,0,0,0,0,0,0,0,"N",0.72,0,0,0,0,0,0,0,"N",0,0.0,0,0,0,0,0,0,0,0,0,0,0,0,0,0
"13097","5","813319","78","0","2025","4","N",2,0,0,0,0,0,0,0,"N",0.33,0,0,0,0,0,0,0,"N",1,100.0,0,0,0,0,0,0,0,0,0,0,0,0,0,0
"13097","5","8139","76","0","2025","4","",9,21,21,21,356153,8016,92,1305,"",0.48,0.16,0.16,0.16,0.15,0.06,0.07,0.97,"",1,12.5,-1,-4.5,-1,-4.5,-1,-4.5,12249,3.6,-16113,-66.8,-25,-21.4,103,8.6
"13097","5","81391","77","0","2025","4","",5,13,13,13,210429,4444,50,1245,"",0.81,0.35,0.36,0.35,0.25,0.15,0.18,0.72,"",1,25.0,-1,-7.1,-1,-7.1,-1,-7.1,5829,2.8,-6147,-58.0,-21,-29.6,121,10.8
"13097","5","813910","78","0","2025","4","",5,13,13,13,210429,4444,50,1245,"",0.81,0.35,0.36,0.35,0.25,0.15,0.18,0.72,"",1,25.0,-1,-7.1,-1,-7.1,-1,-7.1,5829,2.8,-6147,-58.0,-21,-29.6,121,10.8
"13097","5","81392","77","0","2025","4","N",3,0,0,0,0,0,0,0,"N",0.84,0,0,0,0,0,0,0,"N",0,0.0,0,0,0,0,0,0,0,0,0,0,0,0,0,0
"13097","5","813920","78","0","2025","4","N",3,0,0,0,0,0,0,0,"N",0.84,0,0,0,0,0,0,0,"N",0,0.0,0,0,0,0,0,0,0,0,0,0,0,0,0,0
"13097","5","81399","77","0","2025","4","N",1,0,0,0,0,0,0,0,"N",0.23,0,0,0,0,0,0,0,"N",0,0.0,0,0,0,0,0,0,0,0,0,0,0,0,0,0
"13097","5","813990","78","0","2025","4","N",1,0,0,0,0,0,0,0,"N",0.23,0,0,0,0,0,0,0,"N",0,0.0,0,0,0,0,0,0,0,0,0,0,0,0,0,0
"13097","5","814","75","0","2025","4","",19,38,38,38,799979,21386,480,1619,"",0.36,0.58,0.59,0.58,1.35,0.23,0.41,2.31,"",0,0.0,1,2.7,2,5.6,2,5.6,31978,4.2,-31920,-59.9,-794,-62.3,-7,-0.4
"13097","5","8141","76","0","2025","4","",19,38,38,38,799979,21386,480,1619,"",0.36,0.58,0.59,0.58,1.35,0.23,0.41,2.31,"",0,0.0,1,2.7,2,5.6,2,5.6,31978,4.2,-31920,-59.9,-794,-62.3,-7,-0.4
"13097","5","81411","77","0","2025","4","",19,38,38,38,799979,21386,480,1619,"",0.36,0.58,0.59,0.58,1.35,0.23,0.41,2.31,"",0,0.0,1,2.7,2,5.6,2,5.6,31978,4.2,-31920,-59.9,-794,-62.3,-7,-0.4
"13097","5","814110","78","0","2025","4","",19,38,38,38,799979,21386,480,1619,"",0.36,0.58,0.59,0.58,1.35,0.23,0.41,2.31,"",0,0.0,1,2.7,2,5.6,2,5.6,31978,4.2,-31920,-59.9,-794,-62.3,-7,-0.4
"13097","5","99","74","0","2025","4","",248,122,130,140,1774351,258206,6437,1045,"",3.24,1.75,1.83,1.87,1.33,1.24,1.63,0.73,"",-6,-2.4,12,10.9,23,21.5,22,18.6,-15334,-0.9,89277,52.8,2493,63.2,-188,-15.2
"13097","5","999","75","0","2025","4","",248,122,130,140,1774351,258206,6437,1045,"",3.24,1.75,1.83,1.87,1.33,1.24,1.63,0.73,"",-6,-2.4,12,10.9,23,21.5,22,18.6,-15334,-0.9,89277,52.8,2493,63.2,-188,-15.2
"13097","5","9999","76","0","2025","4","",248,122,130,140,1774351,258206,6437,1045,"",3.24,1.75,1.83,1.87,1.33,1.24,1.63,0.73,"",-6,-2.4,12,10.9,23,21.5,22,18.6,-15334,-0.9,89277,52.8,2493,63.2,-188,-15.2
"13097","5","99999","77","0","2025","4","",248,122,130,140,1774351,258206,6437,1045,"",3.24,1.75,1.83,1.87,1.33,1.24,1.63,0.73,"",-6,-2.4,12,10.9,23,21.5,22,18.6,-15334,-0.9,89277,52.8,2493,63.2,-188,-15.2
"13097","5","999999","78","0","2025","4","",248,122,130,140,1774351,258206,6437,1045,"",3.24,1.75,1.83,1.87,1.33,1.24,1.63,0.73,"",-6,-2.4,12,10.9,23,21.5,22,18.6,-15334,-0.9,89277,52.8,2493,63.2,-188,-15.2
