"area_fips","own_code","industry_code","agglvl_code","size_code","year","qtr","disclosure_code","qtrly_estabs","month1_emplvl","month2_emplvl","month3_emplvl","total_qtrly_wages","taxable_qtrly_wages","qtrly_contributions","avg_wkly_wage","lq_disclosure_code","lq_qtrly_estabs","lq_month1_emplvl","lq_month2_emplvl","lq_month3_emplvl","lq_total_qtrly_wages","lq_taxable_qtrly_wages","lq_qtrly_contributions","lq_avg_wkly_wage","oty_disclosure_code","oty_qtrly_estabs_chg","oty_qtrly_estabs_pct_chg","oty_month1_emplvl_chg","oty_month1_emplvl_pct_chg","oty_month2_emplvl_chg","oty_month2_emplvl_pct_chg","oty_month3_emplvl_chg","oty_month3_emplvl_pct_chg","oty_total_qtrly_wages_chg","oty_total_qtrly_wages_pct_chg","oty_taxable_qtrly_wages_chg","oty_taxable_qtrly_wages_pct_chg","oty_qtrly_contributions_chg","oty_qtrly_contributions_pct_chg","oty_avg_wkly_wage_chg","oty_avg_wkly_wage_pct_chg"
"13057","0","10","70","0","2024","4","",8202,74593,75265,75263,1088401647,71978044,832764,1116,"",1.00,1.00,1.00,1.00,1.00,1.00,1.00,1.00,"",387,5.0,1334,1.8,1532,2.1,1532,2.1,61653593,6.0,-7291350,-9.2,-69696,-7.7,43,4.0
"13057","1","10","71","0","2024","4","",12,375,367,369,6467699,0,0,1343,"",0.29,0.26,0.25,0.25,0.24,0.00,0.00,0.95,"",0,0.0,-4,-1.1,-3,-0.8,-7,-1.9,-451858,-6.5,0,0.0,0,0.0,-76,-5.4
"13057","1","102","72","0","2024","4","",12,375,367,369,6467699,0,0,1343,"",0.29,0.27,0.26,0.26,0.25,0.00,0.00,0.95,"",0,0.0,-4,-1.1,-3,-0.8,-7,-1.9,-451858,-6.5,0,0.0,0,0.0,-76,-5.4
"13057","1","1021","73","0","2024","4","",8,291,283,284,4441388,0,0,1195,"",0.39,0.91,0.88,0.88,1.07,0.00,0.00,1.20,"",0,0.0,8,2.8,11,4.0,6,2.2,25387,0.6,0,0.0,0,0.0,-28,-2.3
"13057","1","1025","73","0","2024","4","",1,22,23,23,358800,0,0,1218,"",1.02,0.10,0.11,0.11,0.09,0.00,0.00,0.83,"",0,0.0,7,46.7,6,35.3,6,35.3,92111,34.5,0,0.0,0,0.0,-38,-3.0
"13057","1","1028","73","0","2024","4","",3,62,61,62,1667511,0,0,2080,"",0.18,0.08,0.07,0.08,0.10,0.00,0.00,1.32,"",0,0.0,-19,-23.5,-20,-24.7,-19,-23.5,-569356,-25.5,0,0.0,0,0.0,-44,-2.1
"13057","1","48-49","74","0","2024","4","",8,291,283,284,4441388,0,0,1195,"",0.40,0.99,0.95,0.95,1.16,0.00,0.00,1.20,"",0,0.0,8,2.8,11,4.0,6,2.2,25387,0.6,0,0.0,0,0.0,-28,-2.3
"13057","1","491","75","0","2024","4","",8,291,283,284,4441388,0,0,1195,"",0.40,1.01,0.98,0.97,1.22,0.00,0.00,1.24,"",0,0.0,8,2.8,11,4.0,6,2.2,25387,0.6,0,0.0,0,0.0,-28,-2.3
"13057","1","4911","76","0","2024","4","",8,291,283,284,4441388,0,0,1195,"",0.40,1.01,0.98,0.97,1.22,0.00,0.00,1.24,"",0,0.0,8,2.8,11,4.0,6,2.2,25387,0.6,0,0.0,0,0.0,-28,-2.3
"13057","1","49111","77","0","2024","4","",8,291,283,284,4441388,0,0,1195,"",0.40,1.01,0.98,0.97,1.22,0.00,0.00,1.24,"",0,0.0,8,2.8,11,4.0,6,2.2,25387,0.6,0,0.0,0,0.0,-28,-2.3
"13057","1","491110","78","0","2024","4","",8,291,283,284,4441388,0,0,1195,"",0.40,1.01,0.98,0.97,1.22,0.00,0.00,1.24,"",0,0.0,8,2.8,11,4.0,6,2.2,25387,0.6,0,0.0,0,0.0,-28,-2.3
"13057","1","62","74","0","2024","4","",1,22,23,23,358800,0,0,1218,"",1.18,0.10,0.11,0.11,0.09,0.00,0.00,0.83,"",0,0.0,7,46.7,6,35.3,6,35.3,92111,34.5,0,0.0,0,0.0,-38,-3.0
"13057","1","622","75","0","2024","4","",1,22,23,23,358800,0,0,1218,"",3.32,0.12,0.13,0.13,0.10,0.00,0.00,0.81,"",0,0.0,7,46.7,6,35.3,6,35.3,92111,34.5,0,0.0,0,0.0,-38,-3.0
"13057","1","6221","76","0","2024","4","",1,22,23,23,358800,0,0,1218,"",3.37,0.12,0.13,0.13,0.10,0.00,0.00,0.81,"",0,0.0,7,46.7,6,35.3,6,35.3,92111,34.5,0,0.0,0,0.0,-38,-3.0
"13057","1","62211","77","0","2024","4","",1,22,23,23,358800,0,0,1218,"",3.37,0.12,0.13,0.13,0.10,0.00,0.00,0.81,"",0,0.0,7,46.7,6,35.3,6,35.3,92111,34.5,0,0.0,0,0.0,-38,-3.0
"13057","1","622110","78","0","2024","4","",1,22,23,23,358800,0,0,1218,"",3.37,0.12,0.13,0.13,0.10,0.00,0.00,0.81,"",0,0.0,7,46.7,6,35.3,6,35.3,92111,34.5,0,0.0,0,0.0,-38,-3.0
"13057","1","92","74","0","2024","4","",3,62,61,62,1667511,0,0,2080,"",0.18,0.08,0.07,0.08,0.10,0.00,0.00,1.32,"",0,0.0,-19,-23.5,-20,-24.7,-19,-23.5,-569356,-25.5,0,0.0,0,0.0,-44,-2.1
"13057","1","921","75","0","2024","4","",1,12,12,12,386207,0,0,2476,"",0.83,0.15,0.15,0.15,0.25,0.00,0.00,1.70,"",0,0.0,1,9.1,1,9.1,1,9.1,48148,14.2,0,0.0,0,0.0,112,4.7
"13057","1","9211","76","0","2024","4","",1,12,12,12,386207,0,0,2476,"",0.83,0.15,0.15,0.15,0.25,0.00,0.00,1.70,"",0,0.0,1,9.1,1,9.1,1,9.1,48148,14.2,0,0.0,0,0.0,112,4.7
"13057","1","92119","77","0","2024","4","",1,12,12,12,386207,0,0,2476,"",1.24,0.75,0.74,0.74,1.14,0.00,0.00,1.53,"",0,0.0,1,9.1,1,9.1,1,9.1,48148,14.2,0,0.0,0,0.0,112,4.7
"13057","1","921190","78","0","2024","4","",1,12,12,12,386207,0,0,2476,"",1.24,0.75,0.74,0.74,1.14,0.00,0.00,1.53,"",0,0.0,1,9.1,1,9.1,1,9.1,48148,14.2,0,0.0,0,0.0,112,4.7
"13057","1","923","75","0","2024","4","",1,18,18,18,566679,0,0,2422,"",0.55,0.15,0.15,0.15,0.23,0.00,0.00,1.50,"",0,0.0,-22,-55.0,-22,-55.0,-22,-55.0,-601411,-51.5,0,0.0,0,0.0,176,7.8
"13057","1","9231","76","0","2024","4","",1,18,18,18,566679,0,0,2422,"",0.55,0.15,0.15,0.15,0.23,0.00,0.00,1.50,"",0,0.0,-22,-55.0,-22,-55.0,-22,-55.0,-601411,-51.5,0,0.0,0,0.0,176,7.8
"13057","1","92312","77","0","2024","4","",1,18,18,18,566679,0,0,2422,"",1.85,0.58,0.58,0.57,0.75,0.00,0.00,1.31,"",0,0.0,-22,-55.0,-22,-55.0,-22,-55.0,-601411,-51.5,0,0.0,0,0.0,176,7.8
"13057","1","923120","78","0","2024","4","",1,18,18,18,566679,0,0,2422,"",1.85,0.58,0.58,0.57,0.75,0.00,0.00,1.31,"",0,0.0,-22,-55.0,-22,-55.0,-22,-55.0,-601411,-51.5,0,0.0,0,0.0,176,7.8
"13057","1","926","75","0","2024","4","",1,32,31,32,714625,0,0,1736,"",0.17,0.26,0.25,0.25,0.25,0.00,0.00,0.99,"",0,0.0,2,6.7,1,3.3,2,6.7,-16093,-2.2,0,0.0,0,0.0,-138,-7.4
"13057","1","9261","76","0","2024","4","",1,32,31,32,714625,0,0,1736,"",0.17,0.26,0.25,0.25,0.25,0.00,0.00,0.99,"",0,0.0,2,6.7,1,3.3,2,6.7,-16093,-2.2,0,0.0,0,0.0,-138,-7.4
"13057","1","92614","77","0","2024","4","",1,32,31,32,714625,0,0,1736,"",0.47,1.38,1.31,1.28,1.75,0.00,0.00,1.32,"",0,0.0,2,6.7,1,3.3,2,6.7,-16093,-2.2,0,0.0,0,0.0,-138,-7.4
"13057","1","926140","78","0","2024","4","",1,32,31,32,714625,0,0,1736,"",0.47,1.38,1.31,1.28,1.75,0.00,0.00,1.32,"",0,0.0,2,6.7,1,3.3,2,6.7,-16093,-2.2,0,0.0,0,0.0,-138,-7.4
"13057","2","10","71","0","2024","4","",26,414,409,409,5124762,83260,33,960,"",0.53,0.18,0.17,0.17,0.14,0.10,0.03,0.81,"",0,0.0,33,8.7,25,6.5,30,7.9,391321,8.3,12686,18.0,-9,-21.4,5,0.5
"13057","2","102","72","0","2024","4","",26,414,409,409,5124762,83260,33,960,"",0.54,0.18,0.18,0.18,0.14,0.10,0.03,0.81,"",0,0.0,33,8.7,25,6.5,30,7.9,391321,8.3,12686,18.0,-9,-21.4,5,0.5
"13057","2","1021","73","0","2024","4","",1,3,3,3,37504,0,0,962,"",1.55,0.11,0.11,0.11,0.09,0.00,0.00,0.80,"",0,0.0,1,50.0,1,50.0,2,200.0,17585,88.3,0,0.0,0,0.0,43,4.7
"13057","2","1022","73","0","2024","4","",6,81,79,78,593750,83260,33,576,"",29.16,26.90,26.00,25.56,16.03,488.49,160.07,0.61,"",0,0.0,8,11.0,4,5.3,8,11.4,65843,12.5,12686,18.0,-9,-21.4,17,3.0
"13057","2","1025","73","0","2024","4","",4,240,239,243,3216162,0,0,1028,"",0.38,0.18,0.18,0.18,0.16,0.00,0.00,0.87,"",0,0.0,16,7.1,13,5.8,16,7.0,153973,5.0,0,0.0,0,0.0,-16,-1.5
"13057","2","1027","73","0","2024","4","",1,2,2,2,23207,0,0,893,"",8.50,0.86,0.85,0.85,0.99,0.00,0.00,1.16,"",0,0.0,-1,-33.3,0,0.0,0,0.0,1283,5.9,0,0.0,0,0.0,170,23.5
"13057","2","1028","73","0","2024","4","",14,88,86,83,1254139,0,0,1126,"",0.40,0.10,0.09,0.09,0.09,0.00,0.00,0.94,"",0,0.0,9,11.4,7,8.9,4,5.1,152637,13.9,0,0.0,0,0.0,53,4.9
"13057","2","48-49","74","0","2024","4","",1,3,3,3,37504,0,0,962,"",3.20,0.14,0.14,0.14,0.10,0.00,0.00,0.75,"",0,0.0,1,50.0,1,50.0,2,200.0,17585,88.3,0,0.0,0,0.0,43,4.7
"13057","2","488","75","0","2024","4","",1,3,3,3,37504,0,0,962,"",4.00,0.39,0.39,0.39,0.33,0.00,0.00,0.85,"",0,0.0,1,50.0,1,50.0,2,200.0,17585,88.3,0,0.0,0,0.0,43,4.7
"13057","2","4881","76","0","2024","4","",1,3,3,3,37504,0,0,962,"",8.80,1.42,1.41,1.39,1.47,0.00,0.00,1.05,"",0,0.0,1,50.0,1,50.0,2,200.0,17585,88.3,0,0.0,0,0.0,43,4.7
"13057","2","48811","77","0","2024","4","",1,3,3,3,37504,0,0,962,"N",8.85,0,0,0,0,0,0,0,"",0,0.0,1,50.0,1,50.0,2,200.0,17585,88.3,0,0.0,0,0.0,43,4.7
"13057","2","488111","78","0","2024","4","",1,3,3,3,37504,0,0,962,"",9.29,1.55,1.55,1.53,1.71,0.00,0.00,1.11,"",0,0.0,1,50.0,1,50.0,2,200.0,17585,88.3,0,0.0,0,0.0,43,4.7
"13057","2","51","74","0","2024","4","",6,81,79,78,593750,83260,33,576,"",29.16,26.90,26.00,25.56,16.03,488.49,160.07,0.61,"",0,0.0,8,11.0,4,5.3,8,11.4,65843,12.5,12686,18.0,-9,-21.4,17,3.0
"13057","2","519","75","0","2024","4","",6,81,79,78,593750,83260,33,576,"",39.66,38.23,36.86,36.45,26.62,492.10,172.80,0.72,"",0,0.0,8,11.0,4,5.3,8,11.4,65843,12.5,12686,18.0,-9,-21.4,17,3.0
"13057","2","5192","76","0","2024","4","",6,81,79,78,593750,83260,33,576,"",39.66,38.23,36.86,36.45,26.62,492.10,172.80,0.72,"",0,0.0,8,11.0,4,5.3,8,11.4,65843,12.5,12686,18.0,-9,-21.4,17,3.0
"13057","2","51921","77","0","2024","4","",6,81,79,78,593750,83260,33,576,"",39.66,38.23,36.86,36.45,26.62,492.10,172.80,0.72,"",0,0.0,8,11.0,4,5.3,8,11.4,65843,12.5,12686,18.0,-9,-21.4,17,3.0
"13057","2","519210","78","0","2024","4","",6,81,79,78,593750,83260,33,576,"",39.66,38.23,36.86,36.45,26.62,492.10,172.80,0.72,"",0,0.0,8,11.0,4,5.3,8,11.4,65843,12.5,12686,18.0,-9,-21.4,17,3.0
"13057","2","61","74","0","2024","4","",1,24,25,26,350098,0,0,1077,"",0.17,0.02,0.02,0.03,0.02,0.00,0.00,0.94,"",0,0.0,2,9.1,3,13.6,4,18.2,75177,27.3,0,0.0,0,0.0,116,12.1
"13057","2","611","75","0","2024","4","",1,24,25,26,350098,0,0,1077,"",0.17,0.02,0.02,0.03,0.02,0.00,0.00,0.94,"",0,0.0,2,9.1,3,13.6,4,18.2,75177,27.3,0,0.0,0,0.0,116,12.1
"13057","2","6115","76","0","2024","4","",1,24,25,26,350098,0,0,1077,"",5.45,4.19,4.30,4.58,7.41,0.00,0.00,1.70,"",0,0.0,2,9.1,3,13.6,4,18.2,75177,27.3,0,0.0,0,0.0,116,12.1
"13057","2","61151","77","0","2024","4","",1,24,25,26,350098,0,0,1077,"",5.45,4.19,4.30,4.58,7.41,0.00,0.00,1.70,"",0,0.0,2,9.1,3,13.6,4,18.2,75177,27.3,0,0.0,0,0.0,116,12.1
"13057","2","611519","78","0","2024","4","",1,24,25,26,350098,0,0,1077,"",5.57,4.34,4.45,4.74,7.73,0.00,0.00,1.71,"",0,0.0,2,9.1,3,13.6,4,18.2,75177,27.3,0,0.0,0,0.0,116,12.1
"13057","2","62","74","0","2024","4","",3,216,214,217,2866064,0,0,1022,"",0.64,0.65,0.63,0.64,0.52,0.00,0.00,0.81,"",0,0.0,14,6.9,10,4.9,12,5.9,78796,2.8,0,0.0,0,0.0,-31,-2.9
"13057","2","621","75","0","2024","4","",2,207,206,209,2774103,0,0,1029,"",2.45,10.34,10.20,10.35,9.89,0.00,0.00,0.96,"",0,0.0,14,7.3,11,5.6,13,6.6,82821,3.1,0,0.0,0,0.0,-34,-3.2
"13057","2","6214","76","0","2024","4","",2,207,206,209,2774103,0,0,1029,"",3.34,18.74,18.48,18.78,19.41,0.00,0.00,1.04,"",0,0.0,14,7.3,11,5.6,13,6.6,82821,3.1,0,0.0,0,0.0,-34,-3.2
"13057","2","62142","77","0","2024","4","",1,32,32,32,394127,0,0,947,"",2.84,5.09,5.04,5.05,4.98,0.00,0.00,0.98,"",0,0.0,4,14.3,5,18.5,3,10.3,-21166,-5.1,0,0.0,0,0.0,-194,-17.0
"13057","2","621420","78","0","2024","4","",1,32,32,32,394127,0,0,947,"",2.84,5.09,5.04,5.05,4.98,0.00,0.00,0.98,"",0,0.0,4,14.3,5,18.5,3,10.3,-21166,-5.1,0,0.0,0,0.0,-194,-17.0
"13057","2","62149","77","0","2024","4","",1,175,174,177,2379976,0,0,1044,"",4.09,37.16,36.58,37.28,37.54,0.00,0.00,1.01,"",0,0.0,10,6.1,6,3.6,10,6.0,103987,4.6,0,0.0,0,0.0,-6,-0.6
"13057","2","621498","78","0","2024","4","",1,175,174,177,2379976,0,0,1044,"N",4.74,0,0,0,0,0,0,0,"",0,0.0,10,6.1,6,3.6,10,6.0,103987,4.6,0,0.0,0,0.0,-6,-0.6
"13057","2","623","75","0","2024","4","",1,9,8,8,91961,0,0,849,"",0.81,0.17,0.15,0.15,0.12,0.00,0.00,0.77,"",0,0.0,0,0.0,-1,-11.1,-1,-11.1,-4025,-4.2,0,0.0,0,0.0,29,3.5
"13057","2","6239","76","0","2024","4","",1,9,8,8,91961,0,0,849,"",5.11,2.19,1.93,1.93,1.32,0.00,0.00,0.65,"",0,0.0,0,0.0,-1,-11.1,-1,-11.1,-4025,-4.2,0,0.0,0,0.0,29,3.5
"13057","2","62399","77","0","2024","4","",1,9,8,8,91961,0,0,849,"",5.11,2.19,1.93,1.93,1.32,0.00,0.00,0.65,"",0,0.0,0,0.0,-1,-11.1,-1,-11.1,-4025,-4.2,0,0.0,0,0.0,29,3.5
"13057","2","623990","78","0","2024","4","",1,9,8,8,91961,0,0,849,"",5.11,2.19,1.93,1.93,1.32,0.00,0.00,0.65,"",0,0.0,0,0.0,-1,-11.1,-1,-11.1,-4025,-4.2,0,0.0,0,0.0,29,3.5
"13057","2","81","74","0","2024","4","",1,2,2,2,23207,0,0,893,"",8.50,0.86,0.85,0.85,0.99,0.00,0.00,1.16,"",0,0.0,-1,-33.3,0,0.0,0,0.0,1283,5.9,0,0.0,0,0.0,170,23.5
"13057","2","813","75","0","2024","4","",1,2,2,2,23207,0,0,893,"",10.70,1.00,0.99,0.99,1.22,0.00,0.00,1.23,"",0,0.0,-1,-33.3,0,0.0,0,0.0,1283,5.9,0,0.0,0,0.0,170,23.5
"13057","2","8133","76","0","2024","4","",1,2,2,2,23207,0,0,893,"N",15.49,0,0,0,0,0,0,0,"",0,0.0,-1,-33.3,0,0.0,0,0.0,1283,5.9,0,0.0,0,0.0,170,23.5
"13057","2","81331","77","0","2024","4","",1,2,2,2,23207,0,0,893,"N",15.49,0,0,0,0,0,0,0,"",0,0.0,-1,-33.3,0,0.0,0,0.0,1283,5.9,0,0.0,0,0.0,170,23.5
"13057","2","813319","78","0","2024","4","",1,2,2,2,23207,0,0,893,"",16.71,3.39,3.33,3.32,3.79,0.00,0.00,1.13,"",0,0.0,-1,-33.3,0,0.0,0,0.0,1283,5.9,0,0.0,0,0.0,170,23.5
"13057","2","92","74","0","2024","4","",14,88,86,83,1254139,0,0,1126,"",0.40,0.10,0.09,0.09,0.09,0.00,0.00,0.94,"",0,0.0,9,11.4,7,8.9,4,5.1,152637,13.9,0,0.0,0,0.0,53,4.9
"13057","2","922","75","0","2024","4","",4,41,37,37,693967,0,0,1393,"",0.40,0.12,0.11,0.11,0.13,0.00,0.00,1.12,"",0,0.0,4,10.8,0,0.0,-1,-2.6,60085,9.5,0,0.0,0,0.0,87,6.7
"13057","2","9221","76","0","2024","4","",4,41,37,37,693967,0,0,1393,"",0.40,0.12,0.11,0.11,0.13,0.00,0.00,1.12,"",0,0.0,4,10.8,0,0.0,-1,-2.6,60085,9.5,0,0.0,0,0.0,87,6.7
"13057","2","92211","77","0","2024","4","",1,8,6,6,171396,0,0,1978,"",0.37,0.16,0.12,0.12,0.21,0.00,0.00,1.57,"",0,0.0,0,0.0,-1,-14.3,-1,-14.3,-12118,-6.6,0,0.0,0,0.0,53,2.8
"13057","2","922110","78","0","2024","4","",1,8,6,6,171396,0,0,1978,"",0.37,0.16,0.12,0.12,0.21,0.00,0.00,1.57,"",0,0.0,0,0.0,-1,-14.3,-1,-14.3,-12118,-6.6,0,0.0,0,0.0,53,2.8
"13057","2","92213","77","0","2024","4","",1,13,13,13,279823,0,0,1656,"",0.71,0.43,0.43,0.43,0.54,0.00,0.00,1.27,"",0,0.0,0,0.0,1,8.3,0,0.0,25628,10.1,0,0.0,0,0.0,112,7.3
"13057","2","922130","78","0","2024","4","",1,13,13,13,279823,0,0,1656,"",0.71,0.43,0.43,0.43,0.54,0.00,0.00,1.27,"",0,0.0,0,0.0,1,8.3,0,0.0,25628,10.1,0,0.0,0,0.0,112,7.3
"13057","2","92214","77","0","2024","4","",1,0,0,0,0,0,0,0,"",0.35,0.00,0.00,0.00,0.00,0.00,0.00,0.00,"",0,0.0,0,0.0,0,0.0,0,0.0,0,0.0,0,0.0,0,0.0,0,0.0
"13057","2","922140","78","0","2024","4","",1,0,0,0,0,0,0,0,"",0.35,0.00,0.00,0.00,0.00,0.00,0.00,0.00,"",0,0.0,0,0.0,0,0.0,0,0.0,0,0.0,0,0.0,0,0.0,0,0.0
"13057","2","92215","77","0","2024","4","",1,20,18,18,242748,0,0,1000,"",1.57,2.02,1.82,1.81,1.76,0.00,0.00,0.93,"",0,0.0,4,25.0,0,0.0,0,0.0,46575,23.7,0,0.0,0,0.0,129,14.8
"13057","2","922150","78","0","2024","4","",1,20,18,18,242748,0,0,1000,"",1.57,2.02,1.82,1.81,1.76,0.00,0.00,0.93,"",0,0.0,4,25.0,0,0.0,0,0.0,46575,23.7,0,0.0,0,0.0,129,14.8
"13057","2","923","75","0","2024","4","",5,23,23,23,272757,0,0,912,"",0.68,0.11,0.11,0.11,0.09,0.00,0.00,0.81,"",0,0.0,2,9.5,3,15.0,4,21.1,36418,15.4,0,0.0,0,0.0,3,0.3
"13057","2","9231","76","0","2024","4","",5,23,23,23,272757,0,0,912,"",0.68,0.11,0.11,0.11,0.09,0.00,0.00,0.81,"",0,0.0,2,9.5,3,15.0,4,21.1,36418,15.4,0,0.0,0,0.0,3,0.3
"13057","2","92312","77","0","2024","4","",3,18,18,18,214016,0,0,915,"",1.22,0.26,0.26,0.26,0.20,0.00,0.00,0.78,"",0,0.0,2,12.5,3,20.0,4,28.6,47016,28.2,0,0.0,0,0.0,59,6.9
"13057","2","923120","78","0","2024","4","",3,18,18,18,214016,0,0,915,"",1.22,0.26,0.26,0.26,0.20,0.00,0.00,0.78,"",0,0.0,2,12.5,3,20.0,4,28.6,47016,28.2,0,0.0,0,0.0,59,6.9
"13057","2","92314","77","0","2024","4","",2,5,5,5,58741,0,0,904,"",5.02,1.37,1.35,1.35,1.27,0.00,0.00,0.93,"",0,0.0,0,0.0,0,0.0,0,0.0,-10598,-15.3,0,0.0,0,0.0,-163,-15.3
"13057","2","923140","78","0","2024","4","",2,5,5,5,58741,0,0,904,"",5.02,1.37,1.35,1.35,1.27,0.00,0.00,0.93,"",0,0.0,0,0.0,0,0.0,0,0.0,-10598,-15.3,0,0.0,0,0.0,-163,-15.3
"13057","2","924","75","0","2024","4","",2,6,6,4,74155,0,0,1070,"",0.42,0.08,0.08,0.05,0.07,0.00,0.00,0.95,"",0,0.0,0,0.0,0,0.0,-2,-33.3,4921,7.1,0,0.0,0,0.0,182,20.5
"13057","2","9241","76","0","2024","4","",2,6,6,4,74155,0,0,1070,"",0.42,0.08,0.08,0.05,0.07,0.00,0.00,0.95,"",0,0.0,0,0.0,0,0.0,-2,-33.3,4921,7.1,0,0.0,0,0.0,182,20.5
"13057","2","92412","77","0","2024","4","",2,6,6,4,74155,0,0,1070,"",0.52,0.11,0.11,0.08,0.10,0.00,0.00,1.04,"",0,0.0,0,0.0,0,0.0,-2,-33.3,4921,7.1,0,0.0,0,0.0,182,20.5
"13057","2","924120","78","0","2024","4","",2,6,6,4,74155,0,0,1070,"",0.52,0.11,0.11,0.08,0.10,0.00,0.00,1.04,"",0,0.0,0,0.0,0,0.0,-2,-33.3,4921,7.1,0,0.0,0,0.0,182,20.5
"13057","2","926","75","0","2024","4","",3,18,20,19,213260,0,0,863,"",0.40,0.12,0.13,0.12,0.09,0.00,0.00,0.73,"",0,0.0,3,20.0,4,25.0,3,18.8,51213,31.6,0,0.0,0,0.0,67,8.4
"13057","2","9261","76","0","2024","4","",3,18,20,19,213260,0,0,863,"",0.40,0.12,0.13,0.12,0.09,0.00,0.00,0.73,"",0,0.0,3,20.0,4,25.0,3,18.8,51213,31.6,0,0.0,0,0.0,67,8.4
"13057","2","92612","77","0","2024","4","",1,11,12,12,112879,0,0,744,"",0.37,0.13,0.14,0.13,0.08,0.00,0.00,0.61,"",0,0.0,2,22.2,2,20.0,2,20.0,30510,37.0,0,0.0,0,0.0,89,13.6
"13057","2","926120","78","0","2024","4","",1,11,12,12,112879,0,0,744,"",0.37,0.13,0.14,0.13,0.08,0.00,0.00,0.61,"",0,0.0,2,22.2,2,20.0,2,20.0,30510,37.0,0,0.0,0,0.0,89,13.6
"13057","2","92614","77","0","2024","4","",1,3,4,3,29997,0,0,692,"",0.48,0.18,0.24,0.18,0.15,0.00,0.00,0.75,"",0,0.0,1,50.0,2,100.0,1,50.0,10063,50.5,0,0.0,0,0.0,-75,-9.8
"13057","2","926140","78","0","2024","4","",1,3,4,3,29997,0,0,692,"",0.48,0.18,0.24,0.18,0.15,0.00,0.00,0.75,"",0,0.0,1,50.0,2,100.0,1,50.0,10063,50.5,0,0.0,0,0.0,-75,-9.8
"13057","2","92615","77","0","2024","4","",1,4,4,4,70384,0,0,1354,"",0.55,0.15,0.15,0.15,0.17,0.00,0.00,1.16,"",0,0.0,0,0.0,0,0.0,0,0.0,10640,17.8,0,0.0,0,0.0,205,17.8
"13057","2","926150","78","0","2024","4","",1,4,4,4,70384,0,0,1354,"",0.55,0.15,0.15,0.15,0.17,0.00,0.00,1.16,"",0,0.0,0,0.0,0,0.0,0,0.0,10640,17.8,0,0.0,0,0.0,205,17.8
"13057","3","10","71","0","2024","4","",55,9090,9284,9201,134910475,65212,182,1129,"",0.47,1.27,1.28,1.28,1.51,0.04,0.04,1.18,"",0,0.0,304,3.5,391,4.4,310,3.5,1879642,1.4,-48623,-42.7,-735,-80.2,-26,-2.3
"13057","3","102","72","0","2024","4","",55,9090,9284,9201,134910475,65212,182,1129,"",0.49,1.28,1.29,1.29,1.52,0.04,0.04,1.18,"",0,0.0,304,3.5,391,4.4,310,3.5,1879642,1.4,-48623,-42.7,-735,-80.2,-26,-2.3
"13057","3","1024","73","0","2024","4","",1,80,79,78,1361608,0,0,1326,"",0.31,1.67,1.63,1.62,2.24,0.00,0.00,1.37,"",0,0.0,11,15.9,10,14.5,10,14.7,190158,16.2,0,0.0,0,0.0,14,1.1
"13057","3","1025","73","0","2024","4","",42,6392,6509,6428,85492525,0,0,1021,"",0.85,1.44,1.45,1.44,1.66,0.00,0.00,1.15,"",0,0.0,249,4.1,269,4.3,216,3.5,-164372,-0.2,0,0.0,0,0.0,-42,-4.0
"13057","3","1028","73","0","2024","4","",12,2618,2696,2695,48056342,65212,182,1385,"",0.28,1.28,1.29,1.31,1.64,0.10,0.08,1.27,"",0,0.0,44,1.7,112,4.3,84,3.2,1853856,4.0,-48623,-42.7,-735,-80.2,13,0.9
"13057","3","56","74","0","2024","4","",1,80,79,78,1361608,0,0,1326,"",0.42,2.12,2.08,2.07,3.14,0.00,0.00,1.50,"",0,0.0,11,15.9,10,14.5,10,14.7,190158,16.2,0,0.0,0,0.0,14,1.1
"13057","3","561","75","0","2024","4","",1,80,79,78,1361608,0,0,1326,"",0.62,3.14,3.08,3.07,4.70,0.00,0.00,1.52,"",0,0.0,11,15.9,10,14.5,10,14.7,190158,16.2,0,0.0,0,0.0,14,1.1
"13057","3","5617","76","0","2024","4","",1,80,79,78,1361608,0,0,1326,"",0.99,6.45,6.35,6.31,10.99,0.00,0.00,1.72,"",0,0.0,11,15.9,10,14.5,10,14.7,190158,16.2,0,0.0,0,0.0,14,1.1
"13057","3","56172","77","0","2024","4","",1,80,79,78,1361608,0,0,1326,"",1.66,12.00,11.76,11.56,19.99,0.00,0.00,1.70,"",0,0.0,11,15.9,10,14.5,10,14.7,190158,16.2,0,0.0,0,0.0,14,1.1
"13057","3","561720","78","0","2024","4","",1,80,79,78,1361608,0,0,1326,"",1.66,12.00,11.76,11.56,19.99,0.00,0.00,1.70,"",0,0.0,11,15.9,10,14.5,10,14.7,190158,16.2,0,0.0,0,0.0,14,1.1
"13057","3","61","74","0","2024","4","",42,6392,6509,6428,85492525,0,0,1021,"",0.94,1.61,1.61,1.60,1.91,0.00,0.00,1.19,"",0,0.0,249,4.1,269,4.3,216,3.5,-164372,-0.2,0,0.0,0,0.0,-42,-4.0
"13057","3","611","75","0","2024","4","",42,6392,6509,6428,85492525,0,0,1021,"",0.94,1.61,1.61,1.60,1.91,0.00,0.00,1.19,"",0,0.0,249,4.1,269,4.3,216,3.5,-164372,-0.2,0,0.0,0,0.0,-42,-4.0
"13057","3","6111","76","0","2024","4","",42,6392,6509,6428,85492525,0,0,1021,"",0.98,1.72,1.73,1.72,2.05,0.00,0.00,1.19,"",0,0.0,249,4.1,269,4.3,216,3.5,-164372,-0.2,0,0.0,0,0.0,-42,-4.0
"13057","3","61111","77","0","2024","4","",42,6392,6509,6428,85492525,0,0,1021,"",0.98,1.72,1.73,1.72,2.05,0.00,0.00,1.19,"",0,0.0,249,4.1,269,4.3,216,3.5,-164372,-0.2,0,0.0,0,0.0,-42,-4.0
"13057","3","611110","78","0","2024","4","",42,6392,6509,6428,85492525,0,0,1021,"",0.98,1.72,1.73,1.72,2.05,0.00,0.00,1.19,"",0,0.0,249,4.1,269,4.3,216,3.5,-164372,-0.2,0,0.0,0,0.0,-42,-4.0
"13057","3","92","74","0","2024","4","",12,2618,2696,2695,48056342,65212,182,1385,"",0.28,1.28,1.29,1.31,1.64,0.10,0.08,1.27,"",0,0.0,44,1.7,112,4.3,84,3.2,1853856,4.0,-48623,-42.7,-735,-80.2,13,0.9
"13057","3","921","75","0","2024","4","",9,2606,2684,2683,47825445,64552,161,1384,"",0.36,1.92,1.94,1.97,2.73,0.12,0.10,1.40,"",0,0.0,94,3.7,163,6.5,136,5.3,2571917,5.7,3232,5.3,-126,-43.9,6,0.4
"13057","3","9211","76","0","2024","4","",9,2606,2684,2683,47825445,64552,161,1384,"",0.36,1.92,1.94,1.97,2.73,0.12,0.10,1.40,"",0,0.0,94,3.7,163,6.5,136,5.3,2571917,5.7,3232,5.3,-126,-43.9,6,0.4
"13057","3","92114","77","0","2024","4","",8,2384,2462,2458,43232622,64552,161,1366,"",0.57,2.70,2.74,2.79,3.83,0.19,0.26,1.39,"",0,0.0,86,3.7,158,6.9,128,5.5,2334954,5.7,3232,5.3,-126,-43.9,4,0.3
"13057","3","921140","78","0","2024","4","",8,2384,2462,2458,43232622,64552,161,1366,"",0.57,2.70,2.74,2.79,3.83,0.19,0.26,1.39,"",0,0.0,86,3.7,158,6.9,128,5.5,2334954,5.7,3232,5.3,-126,-43.9,4,0.3
"13057","3","92119","77","0","2024","4","",1,222,222,225,4592823,0,0,1584,"",0.31,1.42,1.34,1.44,2.25,0.00,0.00,1.61,"",0,0.0,8,3.7,5,2.3,8,3.7,236963,5.4,0,0.0,0,0.0,33,2.1
"13057","3","921190","78","0","2024","4","",1,222,222,225,4592823,0,0,1584,"",0.31,1.42,1.34,1.44,2.25,0.00,0.00,1.61,"",0,0.0,8,3.7,5,2.3,8,3.7,236963,5.4,0,0.0,0,0.0,33,2.1
"13057","3","922","75","0","2024","4","",1,0,0,0,0,0,0,0,"",0.11,0.00,0.00,0.00,0.00,0.00,0.00,0.00,"",0,0.0,-53,-100.0,-54,-100.0,-55,-100.0,-763544,-100.0,-52515,-100.0,-630,-100.0,-1088,-100.0
"13057","3","9221","76","0","2024","4","",1,0,0,0,0,0,0,0,"",0.11,0.00,0.00,0.00,0.00,0.00,0.00,0.00,"",0,0.0,-53,-100.0,-54,-100.0,-55,-100.0,-763544,-100.0,-52515,-100.0,-630,-100.0,-1088,-100.0
"13057","3","92216","77","0","2024","4","",1,0,0,0,0,0,0,0,"",0.28,0.00,0.00,0.00,0.00,0.00,0.00,0.00,"",0,0.0,-53,-100.0,-54,-100.0,-55,-100.0,-763544,-100.0,-52515,-100.0,-630,-100.0,-1088,-100.0
"13057","3","922160","78","0","2024","4","",1,0,0,0,0,0,0,0,"",0.28,0.00,0.00,0.00,0.00,0.00,0.00,0.00,"",0,0.0,-53,-100.0,-54,-100.0,-55,-100.0,-763544,-100.0,-52515,-100.0,-630,-100.0,-1088,-100.0
"13057","3","925","75","0","2024","4","",1,4,4,4,61190,660,21,1177,"",0.40,0.10,0.10,0.10,0.11,0.02,0.13,1.15,"",0,0.0,1,33.3,1,33.3,1,33.3,14144,30.1,660,100.0,21,100.0,-29,-2.4
"13057","3","9251","76","0","2024","4","",1,4,4,4,61190,660,21,1177,"",0.40,0.10,0.10,0.10,0.11,0.02,0.13,1.15,"",0,0.0,1,33.3,1,33.3,1,33.3,14144,30.1,660,100.0,21,100.0,-29,-2.4
"13057","3","92511","77","0","2024","4","",1,4,4,4,61190,660,21,1177,"",0.62,0.16,0.16,0.16,0.18,0.02,0.18,1.10,"",0,0.0,1,33.3,1,33.3,1,33.3,14144,30.1,660,100.0,21,100.0,-29,-2.4
"13057","3","925110","78","0","2024","4","",1,4,4,4,61190,660,21,1177,"",0.62,0.16,0.16,0.16,0.18,0.02,0.18,1.10,"",0,0.0,1,33.3,1,33.3,1,33.3,14144,30.1,660,100.0,21,100.0,-29,-2.4
"13057","3","926","75","0","2024","4","",1,8,8,8,169707,0,0,1632,"",0.52,0.23,0.23,0.23,0.30,0.00,0.00,1.29,"",0,0.0,2,33.3,2,33.3,2,33.3,31339,22.6,0,0.0,0,0.0,-142,-8.0
"13057","3","9261","76","0","2024","4","",1,8,8,8,169707,0,0,1632,"",0.52,0.23,0.23,0.23,0.30,0.00,0.00,1.29,"",0,0.0,2,33.3,2,33.3,2,33.3,31339,22.6,0,0.0,0,0.0,-142,-8.0
"13057","3","92611","77","0","2024","4","",1,8,8,8,169707,0,0,1632,"",2.36,1.22,1.22,1.22,1.49,0.00,0.00,1.22,"",0,0.0,2,33.3,2,33.3,2,33.3,31339,22.6,0,0.0,0,0.0,-142,-8.0
"13057","3","926110","78","0","2024","4","",1,8,8,8,169707,0,0,1632,"",2.36,1.22,1.22,1.22,1.49,0.00,0.00,1.22,"",0,0.0,2,33.3,2,33.3,2,33.3,31339,22.6,0,0.0,0,0.0,-142,-8.0
"13057","5","10","71","0","2024","4","",8109,64714,65205,65284,941898711,71829572,832549,1114,"",1.01,1.02,1.02,1.02,1.01,1.03,1.01,0.99,"",387,5.0,1001,1.6,1119,1.7,1199,1.9,59834488,6.8,-7255413,-9.2,-68952,-7.6,53,5.0
"13057","5","101","72","0","2024","4","",1331,13100,13044,13065,260739720,11206114,152325,1535,"",1.33,1.20,1.20,1.21,1.48,0.94,0.85,1.23,"",145,12.2,166,1.3,195,1.5,252,2.0,19292964,8.0,-5618954,-33.4,-68081,-30.9,91,6.3
"13057","5","1011","73","0","2024","4","",41,174,180,176,3376573,147094,1666,1470,"",0.42,0.19,0.21,0.21,0.27,0.11,0.08,1.35,"",4,10.8,-32,-15.5,-32,-15.1,-22,-11.1,-140182,-4.0,-23166,-13.6,-982,-37.1,153,11.6
"13057","5","1012","73","0","2024","4","",1022,6718,6703,6723,153869467,7302896,107818,1763,"",1.61,1.70,1.69,1.72,2.35,1.36,1.06,1.38,"",128,14.3,326,5.1,341,5.4,351,5.5,16062797,11.7,-3446073,-32.1,-30434,-22.0,100,6.0
"13057","5","1013","73","0","2024","4","",268,6208,6161,6166,103493680,3756124,42841,1289,"",1.00,1.03,1.01,1.01,1.05,0.73,0.77,1.03,"",13,5.1,-128,-2.0,-114,-1.8,-77,-1.2,3370349,3.4,-2149715,-36.4,-36665,-46.1,64,5.2
"13057","5","102","72","0","2024","4","",6778,51614,52161,52219,681158991,60623458,680224,1008,"",0.97,0.98,0.98,0.98,0.90,1.05,1.05,0.92,"",242,3.7,835,1.6,924,1.8,947,1.8,40541524,6.3,-1636459,-2.6,-871,-0.1,44,4.6
"13057","5","1021","73","0","2024","4","",1320,15410,15899,15979,194618490,17188368,174794,950,"",0.96,1.12,1.13,1.12,1.18,1.06,1.08,1.04,"",104,8.6,139,0.9,78,0.5,108,0.7,11215638,6.1,-830975,-4.6,29940,20.7,49,5.4
"13057","5","1022","73","0","2024","4","",198,649,646,658,18335331,483415,5637,2167,"",0.99,0.47,0.46,0.47,0.40,0.41,0.31,0.85,"",77,63.6,75,13.1,77,13.5,86,15.0,4978966,37.3,-70352,-12.7,-973,-14.7,370,20.6
"13057","5","1023","73","0","2024","4","",802,2767,2775,2774,53842663,2795459,32283,1494,"",1.10,0.66,0.66,0.66,0.56,0.79,0.84,0.84,"",82,11.4,284,11.4,300,12.1,283,11.4,8418356,18.5,334538,13.6,2877,9.8,87,6.2
"13057","5","1024","73","0","2024","4","",1779,7629,7585,7527,141022836,9484214,104367,1431,"",1.04,0.70,0.70,0.69,0.64,0.71,0.60,0.91,"",288,19.3,42,0.6,-2,0.0,-12,-0.2,13128887,10.3,-117175,-1.2,-1002,-1.0,132,10.2
"13057","5","1025","73","0","2024","4","",856,10908,10959,10979,168070069,10501560,126590,1181,"",0.56,0.88,0.88,0.88,1.09,1.04,1.19,1.24,"",66,8.4,270,2.5,246,2.3,236,2.2,7914623,4.9,757007,7.8,6861,5.7,29,2.5
"13057","5","1026","73","0","2024","4","",647,11384,11431,11547,70713268,16252244,170336,475,"",0.97,1.43,1.44,1.45,1.36,1.52,1.45,0.94,"",51,8.6,202,1.8,433,3.9,494,4.5,2844696,4.2,-563165,-3.3,-12957,-7.1,4,0.8
"13057","5","1027","73","0","2024","4","",547,2544,2538,2409,27429997,3017046,43912,845,"",0.91,1.13,1.13,1.07,1.20,1.24,1.60,1.08,"",50,10.1,98,4.0,70,2.8,48,2.0,-137270,-0.5,-320875,-9.6,-4006,-8.4,-29,-3.3
"13057","5","1029","73","0","2024","4","",629,323,328,346,7126337,901152,22305,1649,"",3.33,3.03,2.98,3.07,3.85,3.29,3.87,1.27,"",-476,-43.1,-275,-46.0,-278,-45.9,-296,-46.1,-7822372,-52.3,-825462,-47.8,-21611,-49.2,-220,-11.8
"13057","5","11","74","0","2024","4","",35,123,129,124,2305252,126208,1558,1415,"",0.45,0.19,0.22,0.23,0.41,0.11,0.09,1.94,"",4,12.9,-24,-16.3,-24,-15.7,-16,-11.4,-142297,-5.8,-733,-0.6,-634,-28.9,131,10.2
"13057","5","111","75","0","2024","4","",9,80,79,79,1302881,92501,832,1263,"",0.26,0.28,0.31,0.34,0.56,0.19,0.11,1.82,"",1,12.5,3,3.9,-4,-4.8,3,3.9,109801,9.2,13683,17.4,-405,-32.7,96,8.2
"13057","5","1111","76","0","2024","4","N",1,0,0,0,0,0,0,0,"N",0.10,0,0,0,0,0,0,0,"N",0,0.0,0,0,0,0,0,0,0,0,0,0,0,0,0,0
"13057","5","11111","77","0","2024","4","N",1,0,0,0,0,0,0,0,"N",1.01,0,0,0,0,0,0,0,"N",0,0.0,0,0,0,0,0,0,0,0,0,0,0,0,0,0
"13057","5","111110","78","0","2024","4","N",1,0,0,0,0,0,0,0,"N",1.01,0,0,0,0,0,0,0,"N",0,0.0,0,0,0,0,0,0,0,0,0,0,0,0,0,0
"13057","5","1112","76","0","2024","4","N",1,0,0,0,0,0,0,0,"N",0.27,0,0,0,0,0,0,0,"N",0,0.0,0,0,0,0,0,0,0,0,0,0,0,0,0,0
"13057","5","11121","77","0","2024","4","N",1,0,0,0,0,0,0,0,"N",0.27,0,0,0,0,0,0,0,"N",0,0.0,0,0,0,0,0,0,0,0,0,0,0,0,0,0
"13057","5","111219","78","0","2024","4","N",1,0,0,0,0,0,0,0,"N",0.34,0,0,0,0,0,0,0,"N",0,0.0,0,0,0,0,0,0,0,0,0,0,0,0,0,0
"13057","5","1113","76","0","2024","4","N",1,0,0,0,0,0,0,0,"N",0.15,0,0,0,0,0,0,0,"N",1,100.0,0,0,0,0,0,0,0,0,0,0,0,0,0,0
"13057","5","11133","77","0","2024","4","N",1,0,0,0,0,0,0,0,"N",0.16,0,0,0,0,0,0,0,"N",1,100.0,0,0,0,0,0,0,0,0,0,0,0,0,0,0
"13057","5","111339","78","0","2024","4","N",1,0,0,0,0,0,0,0,"N",0.72,0,0,0,0,0,0,0,"N",1,100.0,0,0,0,0,0,0,0,0,0,0,0,0,0,0
"13057","5","1114","76","0","2024","4","N",2,0,0,0,0,0,0,0,"N",0.29,0,0,0,0,0,0,0,"N",0,0.0,0,0,0,0,0,0,0,0,0,0,0,0,0,0
"13057","5","11142","77","0","2024","4","N",2,0,0,0,0,0,0,0,"N",0.41,0,0,0,0,0,0,0,"N",0,0.0,0,0,0,0,0,0,0,0,0,0,0,0,0,0
"13057","5","111421","78","0","2024","4","N",1,0,0,0,0,0,0,0,"N",0.29,0,0,0,0,0,0,0,"N",0,0.0,0,0,0,0,0,0,0,0,0,0,0,0,0,0
"13057","5","111422","78","0","2024","4","N",1,0,0,0,0,0,0,0,"N",0.69,0,0,0,0,0,0,0,"N",0,0.0,0,0,0,0,0,0,0,0,0,0,0,0,0,0
"13057","5","1119","76","0","2024","4","N",4,0,0,0,0,0,0,0,"N",0.52,0,0,0,0,0,0,0,"N",0,0.0,0,0,0,0,0,0,0,0,0,0,0,0,0,0
"13057","5","11194","77","0","2024","4","N",1,0,0,0,0,0,0,0,"N",0.81,0,0,0,0,0,0,0,"N",0,0.0,0,0,0,0,0,0,0,0,0,0,0,0,0,0
"13057","5","111940","78","0","2024","4","N",1,0,0,0,0,0,0,0,"N",0.81,0,0,0,0,0,0,0,"N",0,0.0,0,0,0,0,0,0,0,0,0,0,0,0,0,0
"13057","5","11199","77","0","2024","4","N",3,0,0,0,0,0,0,0,"N",0.67,0,0,0,0,0,0,0,"N",0,0.0,0,0,0,0,0,0,0,0,0,0,0,0,0,0
"13057","5","111998","78","0","2024","4","N",3,0,0,0,0,0,0,0,"N",0.74,0,0,0,0,0,0,0,"N",0,0.0,0,0,0,0,0,0,0,0,0,0,0,0,0,0
"13057","5","112","75","0","2024","4","",8,21,28,23,626595,18222,260,2008,"",0.41,0.16,0.22,0.18,0.47,0.09,0.22,2.52,"",0,0.0,-8,-27.6,1,3.7,-3,-11.5,-55419,-8.1,4063,28.7,76,41.3,89,4.6
"13057","5","1121","76","0","2024","4","N",1,0,0,0,0,0,0,0,"N",0.08,0,0,0,0,0,0,0,"N",0,0.0,0,0,0,0,0,0,0,0,0,0,0,0,0,0
"13057","5","11212","77","0","2024","4","N",1,0,0,0,0,0,0,0,"N",0.22,0,0,0,0,0,0,0,"N",0,0.0,0,0,0,0,0,0,0,0,0,0,0,0,0,0
"13057","5","112120","78","0","2024","4","N",1,0,0,0,0,0,0,0,"N",0.22,0,0,0,0,0,0,0,"N",0,0.0,0,0,0,0,0,0,0,0,0,0,0,0,0,0
"13057","5","1123","76","0","2024","4","N",3,0,0,0,0,0,0,0,"N",1.69,0,0,0,0,0,0,0,"N",0,0.0,0,0,0,0,0,0,0,0,0,0,0,0,0,0
"13057","5","11232","77","0","2024","4","N",1,0,0,0,0,0,0,0,"N",2.27,0,0,0,0,0,0,0,"N",0,0.0,0,0,0,0,0,0,0,0,0,0,0,0,0,0
"13057","5","112320","78","0","2024","4","N",1,0,0,0,0,0,0,0,"N",2.27,0,0,0,0,0,0,0,"N",0,0.0,0,0,0,0,0,0,0,0,0,0,0,0,0,0
"13057","5","11234","77","0","2024","4","N",2,0,0,0,0,0,0,0,"N",6.09,0,0,0,0,0,0,0,"N",0,0.0,0,0,0,0,0,0,0,0,0,0,0,0,0,0
"13057","5","112340","78","0","2024","4","N",2,0,0,0,0,0,0,0,"N",6.09,0,0,0,0,0,0,0,"N",0,0.0,0,0,0,0,0,0,0,0,0,0,0,0,0,0
"13057","5","1129","76","0","2024","4","",4,12,19,14,279425,18222,260,1433,"",1.36,1.16,1.85,1.37,2.59,1.56,2.35,1.78,"N",0,0.0,0,0,0,0,0,0,0,0,0,0,0,0,0,0
"13057","5","11299","77","0","2024","4","",4,12,19,14,279425,18222,260,1433,"",3.41,2.29,3.62,2.68,4.81,3.57,5.24,1.68,"N",0,0.0,0,0,0,0,0,0,0,0,0,0,0,0,0,0
"13057","5","112990","78","0","2024","4","",4,12,19,14,279425,18222,260,1433,"",3.41,2.29,3.62,2.68,4.81,3.57,5.24,1.68,"N",0,0.0,0,0,0,0,0,0,0,0,0,0,0,0,0,0
"13057","5","113","75","0","2024","4","N",3,0,0,0,0,0,0,0,"N",0.51,0,0,0,0,0,0,0,"N",1,50.0,0,0,0,0,0,0,0,0,0,0,0,0,0,0
"13057","5","1133","76","0","2024","4","N",3,0,0,0,0,0,0,0,"N",0.58,0,0,0,0,0,0,0,"N",1,50.0,0,0,0,0,0,0,0,0,0,0,0,0,0,0
"13057","5","11331","77","0","2024","4","N",3,0,0,0,0,0,0,0,"N",0.58,0,0,0,0,0,0,0,"N",1,50.0,0,0,0,0,0,0,0,0,0,0,0,0,0,0
"13057","5","113310","78","0","2024","4","N",3,0,0,0,0,0,0,0,"N",0.58,0,0,0,0,0,0,0,"N",1,50.0,0,0,0,0,0,0,0,0,0,0,0,0,0,0
"13057","5","114","75","0","2024","4","N",1,0,0,0,0,0,0,0,"N",0.53,0,0,0,0,0,0,0,"N",0,0.0,0,0,0,0,0,0,0,0,0,0,0,0,0,0
"13057","5","1142","76","0","2024","4","N",1,0,0,0,0,0,0,0,"N",2.36,0,0,0,0,0,0,0,"N",0,0.0,0,0,0,0,0,0,0,0,0,0,0,0,0,0
"13057","5","11421","77","0","2024","4","N",1,0,0,0,0,0,0,0,"N",2.36,0,0,0,0,0,0,0,"N",0,0.0,0,0,0,0,0,0,0,0,0,0,0,0,0,0
"13057","5","114210","78","0","2024","4","N",1,0,0,0,0,0,0,0,"N",2.36,0,0,0,0,0,0,0,"N",0,0.0,0,0,0,0,0,0,0,0,0,0,0,0,0,0
"13057","5","115","75","0","2024","4","N",14,0,0,0,0,0,0,0,"N",0.93,0,0,0,0,0,0,0,"N",2,16.7,0,0,0,0,0,0,0,0,0,0,0,0,0,0
"13057","5","1151","76","0","2024","4","N",2,0,0,0,0,0,0,0,"N",0.23,0,0,0,0,0,0,0,"N",0,0.0,0,0,0,0,0,0,0,0,0,0,0,0,0,0
"13057","5","11511","77","0","2024","4","N",2,0,0,0,0,0,0,0,"N",0.23,0,0,0,0,0,0,0,"N",0,0.0,0,0,0,0,0,0,0,0,0,0,0,0,0,0
"13057","5","115112","78","0","2024","4","N",2,0,0,0,0,0,0,0,"N",0.74,0,0,0,0,0,0,0,"N",0,0.0,0,0,0,0,0,0,0,0,0,0,0,0,0,0
"13057","5","1152","76","0","2024","4","N",12,0,0,0,0,0,0,0,"N",2.81,0,0,0,0,0,0,0,"N",2,20.0,0,0,0,0,0,0,0,0,0,0,0,0,0,0
"13057","5","11521","77","0","2024","4","N",12,0,0,0,0,0,0,0,"N",2.81,0,0,0,0,0,0,0,"N",2,20.0,0,0,0,0,0,0,0,0,0,0,0,0,0,0
"13057","5","115210","78","0","2024","4","N",12,0,0,0,0,0,0,0,"N",2.81,0,0,0,0,0,0,0,"N",2,20.0,0,0,0,0,0,0,0,0,0,0,0,0,0,0
"13057","5","21","74","0","2024","4","",6,51,51,52,1071321,20886,108,1605,"",0.29,0.18,0.18,0.19,0.16,0.08,0.03,0.87,"",0,0.0,-8,-13.6,-8,-13.6,-6,-10.3,2115,0.2,-22433,-51.8,-348,-76.3,203,14.5
"13057","5","211","75","0","2024","4","N",1,0,0,0,0,0,0,0,"N",0.24,0,0,0,0,0,0,0,"N",0,0.0,0,0,0,0,0,0,0,0,0,0,0,0,0,0
"13057","5","2111","76","0","2024","4","N",1,0,0,0,0,0,0,0,"N",0.24,0,0,0,0,0,0,0,"N",0,0.0,0,0,0,0,0,0,0,0,0,0,0,0,0,0
"13057","5","21112","77","0","2024","4","N",1,0,0,0,0,0,0,0,"N",0.35,0,0,0,0,0,0,0,"N",0,0.0,0,0,0,0,0,0,0,0,0,0,0,0,0,0
"13057","5","211120","78","0","2024","4","N",1,0,0,0,0,0,0,0,"N",0.35,0,0,0,0,0,0,0,"N",0,0.0,0,0,0,0,0,0,0,0,0,0,0,0,0,0
"13057","5","212","75","0","2024","4","",4,50,50,52,1046148,19781,95,1588,"",0.81,0.55,0.55,0.58,0.61,0.25,0.08,1.08,"",0,0.0,-1,-2.0,-1,-2.0,1,2.0,106053,11.3,-8531,-30.1,-185,-66.1,170,12.0
"13057","5","2123","76","0","2024","4","",4,50,50,52,1046148,19781,95,1588,"",0.97,1.00,1.01,1.07,1.21,0.42,0.11,1.19,"",0,0.0,-1,-2.0,-1,-2.0,1,2.0,106053,11.3,-8531,-30.1,-185,-66.1,170,12.0
"13057","5","21231","77","0","2024","4","",4,50,50,52,1046148,19781,95,1588,"",2.34,2.28,2.29,2.42,2.75,1.20,0.31,1.18,"",0,0.0,-1,-2.0,-1,-2.0,1,2.0,106053,11.3,-8531,-30.1,-185,-66.1,170,12.0
"13057","5","212311","78","0","2024","4","N",1,0,0,0,0,0,0,0,"N",2.56,0,0,0,0,0,0,0,"N",0,0.0,0,0,0,0,0,0,0,0,0,0,0,0,0,0
"13057","5","212312","78","0","2024","4","N",1,0,0,0,0,0,0,0,"N",1.28,0,0,0,0,0,0,0,"N",0,0.0,0,0,0,0,0,0,0,0,0,0,0,0,0,0
"13057","5","212313","78","0","2024","4","N",2,0,0,0,0,0,0,0,"N",9.95,0,0,0,0,0,0,0,"N",0,0.0,0,0,0,0,0,0,0,0,0,0,0,0,0,0
"13057","5","213","75","0","2024","4","N",1,0,0,0,0,0,0,0,"N",0.09,0,0,0,0,0,0,0,"N",0,0.0,0,0,0,0,0,0,0,0,0,0,0,0,0,0
"13057","5","2131","76","0","2024","4","N",1,0,0,0,0,0,0,0,"N",0.09,0,0,0,0,0,0,0,"N",0,0.0,0,0,0,0,0,0,0,0,0,0,0,0,0,0
"13057","5","21311","77","0","2024","4","N",1,0,0,0,0,0,0,0,"N",0.09,0,0,0,0,0,0,0,"N",0,0.0,0,0,0,0,0,0,0,0,0,0,0,0,0,0
"13057","5","213115","78","0","2024","4","N",1,0,0,0,0,0,0,0,"N",4.48,0,0,0,0,0,0,0,"N",0,0.0,0,0,0,0,0,0,0,0,0,0,0,0,0,0
"13057","5","22","74","0","2024","4","",10,83,84,84,2301646,49432,336,2116,"",0.60,0.29,0.30,0.29,0.33,0.38,0.28,1.14,"",1,11.1,9,12.2,13,18.3,14,20.0,661305,40.3,29496,148.0,259,336.4,355,20.2
"13057","5","221","75","0","2024","4","",10,83,84,84,2301646,49432,336,2116,"",0.60,0.29,0.30,0.29,0.33,0.38,0.28,1.14,"",1,11.1,9,12.2,13,18.3,14,20.0,661305,40.3,29496,148.0,259,336.4,355,20.2
"13057","5","2211","76","0","2024","4","N",3,0,0,0,0,0,0,0,"N",0.31,0,0,0,0,0,0,0,"N",1,50.0,0,0,0,0,0,0,0,0,0,0,0,0,0,0
"13057","5","22111","77","0","2024","4","N",1,0,0,0,0,0,0,0,"N",0.21,0,0,0,0,0,0,0,"N",1,100.0,0,0,0,0,0,0,0,0,0,0,0,0,0,0
"13057","5","221114","78","0","2024","4","N",1,0,0,0,0,0,0,0,"N",0.58,0,0,0,0,0,0,0,"N",1,100.0,0,0,0,0,0,0,0,0,0,0,0,0,0,0
"13057","5","22112","77","0","2024","4","N",2,0,0,0,0,0,0,0,"N",0.41,0,0,0,0,0,0,0,"N",0,0.0,0,0,0,0,0,0,0,0,0,0,0,0,0,0
"13057","5","221122","78","0","2024","4","N",2,0,0,0,0,0,0,0,"N",0.46,0,0,0,0,0,0,0,"N",0,0.0,0,0,0,0,0,0,0,0,0,0,0,0,0,0
"13057","5","2212","76","0","2024","4","N",1,0,0,0,0,0,0,0,"N",0.45,0,0,0,0,0,0,0,"N",-1,-50.0,0,0,0,0,0,0,0,0,0,0,0,0,0,0
"13057","5","22121","77","0","2024","4","N",1,0,0,0,0,0,0,0,"N",0.45,0,0,0,0,0,0,0,"N",-1,-50.0,0,0,0,0,0,0,0,0,0,0,0,0,0,0
"13057","5","221210","78","0","2024","4","N",1,0,0,0,0,0,0,0,"N",0.45,0,0,0,0,0,0,0,"N",-1,-50.0,0,0,0,0,0,0,0,0,0,0,0,0,0,0
"13057","5","2213","76","0","2024","4","",6,26,26,26,562967,29734,269,1666,"",1.30,0.89,0.88,0.88,1.24,1.31,1.26,1.41,"",1,20.0,2,8.3,1,4.0,2,8.3,94734,20.2,20032,206.5,224,497.8,186,12.6
"13057","5","22131","77","0","2024","4","",6,26,26,26,562967,29734,269,1666,"",1.51,1.03,1.02,1.03,1.44,1.56,1.51,1.40,"N",2,50.0,0,0,0,0,0,0,0,0,0,0,0,0,0,0
"13057","5","221310","78","0","2024","4","",6,26,26,26,562967,29734,269,1666,"",1.51,1.03,1.02,1.03,1.44,1.56,1.51,1.40,"N",2,50.0,0,0,0,0,0,0,0,0,0,0,0,0,0,0
"13057","5","22132","77","0","2024","4","-",0,0,0,0,0,0,0,0,"N",0.00,0,0,0,0,0,0,0,"N",-1,-100.0,0,0,0,0,0,0,0,0,0,0,0,0,0,0
"13057","5","221320","78","0","2024","4","-",0,0,0,0,0,0,0,0,"N",0.00,0,0,0,0,0,0,0,"N",-1,-100.0,0,0,0,0,0,0,0,0,0,0,0,0,0,0
"13057","5","23","74","0","2024","4","",1022,6718,6703,6723,153869467,7302896,107818,1763,"",1.61,1.70,1.69,1.72,2.35,1.36,1.06,1.38,"",128,14.3,326,5.1,341,5.4,351,5.5,16062797,11.7,-3446073,-32.1,-30434,-22.0,100,6.0
"13057","5","236","75","0","2024","4","",315,1678,1686,1677,48858384,1734909,21345,2237,"",1.59,1.89,1.89,1.89,2.99,1.43,1.01,1.58,"",43,15.8,-32,-1.9,-36,-2.1,-47,-2.7,2654011,5.7,-2616000,-60.1,-11692,-35.4,169,8.2
"13057","5","2361","76","0","2024","4","",252,1169,1167,1160,32504721,1285294,15770,2146,"",1.63,2.58,2.57,2.57,4.64,1.89,1.68,1.80,"",44,21.2,82,7.5,69,6.3,63,5.7,2656892,8.9,-145265,-10.2,-9112,-36.6,47,2.2
"13057","5","23611","77","0","2024","4","",252,1169,1167,1160,32504721,1285294,15770,2146,"",1.63,2.58,2.57,2.57,4.64,1.89,1.68,1.80,"",44,21.2,82,7.5,69,6.3,63,5.7,2656892,8.9,-145265,-10.2,-9112,-36.6,47,2.2
"13057","5","236115","78","0","2024","4","",103,500,495,503,17745489,511813,5279,2734,"",1.69,2.75,2.71,2.76,5.86,1.72,1.41,2.14,"",26,33.8,27,5.7,22,4.7,43,9.3,2052166,13.1,-54341,-9.6,-5878,-52.7,158,6.1
"13057","5","236116","78","0","2024","4","N",6,0,0,0,0,0,0,0,"N",1.71,0,0,0,0,0,0,0,"N",1,20.0,0,0,0,0,0,0,0,0,0,0,0,0,0,0
"13057","5","236117","78","0","2024","4","N",8,0,0,0,0,0,0,0,"N",2.14,0,0,0,0,0,0,0,"N",0,0.0,0,0,0,0,0,0,0,0,0,0,0,0,0,0
"13057","5","236118","78","0","2024","4","",135,525,532,512,9832813,673541,10043,1446,"",1.57,2.38,2.41,2.34,3.53,2.06,2.06,1.49,"",17,14.4,36,7.4,36,7.3,3,0.6,-390241,-3.8,-98486,-12.8,-2328,-18.8,-133,-8.4
"13057","5","2362","76","0","2024","4","",63,509,519,517,16353663,449615,5575,2443,"",1.45,1.17,1.19,1.18,1.75,0.85,0.48,1.49,"",-1,-1.6,-114,-18.3,-105,-16.8,-110,-17.5,-2881,0.0,-2470735,-84.6,-2580,-31.6,429,21.3
"13057","5","23621","77","0","2024","4","N",3,0,0,0,0,0,0,0,"N",0.63,0,0,0,0,0,0,0,"N",-1,-25.0,0,0,0,0,0,0,0,0,0,0,0,0,0,0
"13057","5","236210","78","0","2024","4","N",3,0,0,0,0,0,0,0,"N",0.63,0,0,0,0,0,0,0,"N",-1,-25.0,0,0,0,0,0,0,0,0,0,0,0,0,0,0
"13057","5","23622","77","0","2024","4","N",60,0,0,0,0,0,0,0,"N",1.55,0,0,0,0,0,0,0,"N",0,0.0,0,0,0,0,0,0,0,0,0,0,0,0,0,0
"13057","5","236220","78","0","2024","4","N",60,0,0,0,0,0,0,0,"N",1.55,0,0,0,0,0,0,0,"N",0,0.0,0,0,0,0,0,0,0,0,0,0,0,0,0,0
"13057","5","237","75","0","2024","4","",58,881,881,876,19314813,709408,13788,1690,"",1.47,1.54,1.57,1.61,1.78,0.92,0.74,1.13,"",4,7.4,120,15.8,123,16.2,127,17.0,3248469,20.2,-122309,-14.7,-4615,-25.1,55,3.4
"13057","5","2371","76","0","2024","4","",38,608,608,603,12595613,490977,10429,1598,"",1.84,2.06,2.09,2.11,2.26,1.10,1.03,1.08,"",1,2.7,-13,-2.1,-10,-1.6,-4,-0.7,323921,2.6,-186888,-27.6,-5288,-33.6,64,4.2
"13057","5","23711","77","0","2024","4","",17,131,130,130,2923339,90607,1723,1725,"",1.95,1.26,1.25,1.26,1.56,0.74,0.75,1.24,"N",1,6.2,0,0,0,0,0,0,0,0,0,0,0,0,0,0
"13057","5","237110","78","0","2024","4","",17,131,130,130,2923339,90607,1723,1725,"",1.95,1.26,1.25,1.26,1.56,0.74,0.75,1.24,"N",1,6.2,0,0,0,0,0,0,0,0,0,0,0,0,0,0
"13057","5","23712","77","0","2024","4","",5,32,32,32,755644,2105,0,1816,"",1.70,0.44,0.46,0.47,0.56,0.02,0.00,1.22,"N",0,0.0,0,0,0,0,0,0,0,0,0,0,0,0,0,0
"13057","5","237120","78","0","2024","4","",5,32,32,32,755644,2105,0,1816,"",1.70,0.44,0.46,0.47,0.56,0.02,0.00,1.22,"N",0,0.0,0,0,0,0,0,0,0,0,0,0,0,0,0,0
"13057","5","23713","77","0","2024","4","",16,445,446,441,8916630,398265,8706,1545,"",1.78,3.74,3.80,3.81,3.78,1.99,1.99,1.00,"",0,0.0,-13,-2.8,-9,-2.0,1,0.2,461204,5.5,-103214,-20.6,-3583,-29.2,103,7.1
"13057","5","237130","78","0","2024","4","",16,445,446,441,8916630,398265,8706,1545,"",1.78,3.74,3.80,3.81,3.78,1.99,1.99,1.00,"",0,0.0,-13,-2.8,-9,-2.0,1,0.2,461204,5.5,-103214,-20.6,-3583,-29.2,103,7.1
"13057","5","2372","76","0","2024","4","N",9,0,0,0,0,0,0,0,"N",2.30,0,0,0,0,0,0,0,"N",1,12.5,0,0,0,0,0,0,0,0,0,0,0,0,0,0
"13057","5","23721","77","0","2024","4","N",9,0,0,0,0,0,0,0,"N",2.30,0,0,0,0,0,0,0,"N",1,12.5,0,0,0,0,0,0,0,0,0,0,0,0,0,0
"13057","5","237210","78","0","2024","4","N",9,0,0,0,0,0,0,0,"N",2.30,0,0,0,0,0,0,0,"N",1,12.5,0,0,0,0,0,0,0,0,0,0,0,0,0,0
"13057","5","2373","76","0","2024","4","N",1,0,0,0,0,0,0,0,"N",0.12,0,0,0,0,0,0,0,"N",0,0.0,0,0,0,0,0,0,0,0,0,0,0,0,0,0
"13057","5","23731","77","0","2024","4","N",1,0,0,0,0,0,0,0,"N",0.12,0,0,0,0,0,0,0,"N",0,0.0,0,0,0,0,0,0,0,0,0,0,0,0,0,0
"13057","5","237310","78","0","2024","4","N",1,0,0,0,0,0,0,0,"N",0.12,0,0,0,0,0,0,0,"N",0,0.0,0,0,0,0,0,0,0,0,0,0,0,0,0,0
"13057","5","2379","76","0","2024","4","N",10,0,0,0,0,0,0,0,"N",1.48,0,0,0,0,0,0,0,"N",2,25.0,0,0,0,0,0,0,0,0,0,0,0,0,0,0
"13057","5","23799","77","0","2024","4","N",10,0,0,0,0,0,0,0,"N",1.48,0,0,0,0,0,0,0,"N",2,25.0,0,0,0,0,0,0,0,0,0,0,0,0,0,0
"13057","5","237990","78","0","2024","4","N",10,0,0,0,0,0,0,0,"N",1.48,0,0,0,0,0,0,0,"N",2,25.0,0,0,0,0,0,0,0,0,0,0,0,0,0,0
"13057","5","238","75","0","2024","4","",649,4159,4136,4170,85696270,4858579,72685,1587,"",1.63,1.66,1.65,1.68,2.24,1.43,1.17,1.34,"",81,14.3,238,6.1,254,6.5,271,7.0,10160317,13.5,-707764,-12.7,-14127,-16.3,97,6.5
"13057","5","2381","76","0","2024","4","",147,843,790,796,17678879,859585,9933,1680,"",1.84,1.76,1.65,1.70,2.61,1.20,0.77,1.53,"",8,5.8,-17,-2.0,-40,-4.8,-53,-6.2,-15537,-0.1,-97708,-10.2,-4874,-32.9,72,4.5
"13057","5","23811","77","0","2024","4","",32,200,199,197,3815670,149448,440,1477,"",1.92,1.60,1.60,1.64,2.14,0.82,0.13,1.32,"",6,23.1,4,2.0,9,4.7,7,3.7,-226093,-5.6,3419,2.3,-188,-29.9,-142,-8.8
"13057","5","238111","78","0","2024","4","",27,194,193,191,3649425,149448,440,1457,"",2.20,3.16,3.15,3.25,4.73,1.50,0.25,1.49,"",6,28.6,19,10.9,21,12.2,21,12.4,151951,4.3,4256,2.9,-165,-27.3,-104,-6.7
"13057","5","238112","78","0","2024","4","",5,6,6,6,166245,0,0,2131,"",1.13,0.09,0.10,0.10,0.16,0.00,0.00,1.71,"",0,0.0,-15,-71.4,-12,-66.7,-14,-70.0,-378044,-69.5,-837,-100.0,-23,-100.0,2,0.1
"13057","5","23812","77","0","2024","4","",9,113,115,120,2091222,192104,2120,1387,"",2.36,2.72,2.76,2.88,3.09,2.78,1.31,1.11,"",1,12.5,21,22.8,15,15.0,21,21.2,73751,3.7,78518,69.1,1036,95.6,-213,-13.3
"13057","5","238121","78","0","2024","4","-",0,0,0,0,0,0,0,0,"N",0.00,0,0,0,0,0,0,0,"N",-1,-100.0,0,0,0,0,0,0,0,0,0,0,0,0,0,0
"13057","5","238122","78","0","2024","4","",9,113,115,120,2091222,192104,2120,1387,"",3.25,3.25,3.31,3.46,3.64,3.36,1.51,1.09,"N",2,28.6,0,0,0,0,0,0,0,0,0,0,0,0,0,0
"13057","5","23813","77","0","2024","4","",10,19,18,18,1368922,1453,47,5744,"",1.27,0.48,0.45,0.45,2.84,0.02,0.05,6.15,"",1,11.1,1,5.6,0,0.0,0,0.0,518637,61.0,354,32.2,19,67.9,2110,58.1
"13057","5","238131","78","0","2024","4","",6,9,8,8,160392,1453,47,1481,"",0.88,0.29,0.26,0.26,0.46,0.02,0.06,1.70,"",0,0.0,-1,-10.0,-2,-20.0,-2,-20.0,-57552,-26.4,739,103.5,24,104.3,-195,-11.6
"13057","5","238132","78","0","2024","4","",4,10,10,10,1208530,0,0,9296,"",3.70,1.13,1.13,1.12,9.07,0.00,0.00,8.04,"",1,33.3,2,25.0,2,25.0,2,25.0,576189,91.1,-385,-100.0,-5,-100.0,3216,52.9
"13057","5","23814","77","0","2024","4","",18,108,65,69,1809398,178202,1185,1725,"",1.39,1.57,0.95,1.05,2.08,1.76,0.52,1.74,"",1,5.9,27,33.3,-7,-9.7,-20,-22.5,266761,17.3,75681,73.8,85,7.7,254,17.3
"13057","5","238141","78","0","2024","4","N",14,0,0,0,0,0,0,0,"N",1.43,0,0,0,0,0,0,0,"N",1,7.7,0,0,0,0,0,0,0,0,0,0,0,0,0,0
"13057","5","238142","78","0","2024","4","N",4,0,0,0,0,0,0,0,"N",1.28,0,0,0,0,0,0,0,"N",0,0.0,0,0,0,0,0,0,0,0,0,0,0,0,0,0
"13057","5","23815","77","0","2024","4","",10,120,115,114,2574108,38270,337,1702,"",1.87,3.40,3.24,3.21,4.82,0.95,0.46,1.47,"",-2,-16.7,9,8.1,-3,-2.5,-14,-10.9,144073,5.9,-180998,-82.5,-2261,-87.0,131,8.3
"13057","5","238151","78","0","2024","4","N",2,0,0,0,0,0,0,0,"N",0.63,0,0,0,0,0,0,0,"N",-2,-50.0,0,0,0,0,0,0,0,0,0,0,0,0,0,0
"13057","5","238152","78","0","2024","4","N",8,0,0,0,0,0,0,0,"N",3.67,0,0,0,0,0,0,0,"N",0,0.0,0,0,0,0,0,0,0,0,0,0,0,0,0,0
"13057","5","23816","77","0","2024","4","",53,182,182,186,4081377,281264,5461,1712,"",2.46,1.49,1.48,1.54,2.26,1.68,2.00,1.50,"",0,0.0,-77,-29.7,-47,-20.5,-37,-16.6,-880836,-17.8,-31808,-10.2,-2351,-30.1,101,6.3
"13057","5","238161","78","0","2024","4","",43,113,114,113,2542123,177240,3886,1725,"",2.48,1.72,1.71,1.72,2.87,1.67,2.61,1.67,"",-1,-2.3,-15,-11.7,-5,-4.2,-7,-5.8,136096,5.7,11701,7.1,383,10.9,212,14.0
"13057","5","238162","78","0","2024","4","",10,69,68,73,1539254,104024,1575,1691,"",2.36,1.23,1.21,1.33,1.68,1.71,1.27,1.33,"",1,11.1,-62,-47.3,-42,-38.2,-30,-29.1,-1016932,-39.8,-43509,-29.5,-2734,-63.4,-24,-1.4
"13057","5","23817","77","0","2024","4","",7,78,78,76,1635904,10704,123,1627,"",1.18,3.72,3.71,3.68,6.13,0.27,0.23,1.65,"",0,0.0,-7,-8.2,-5,-6.0,-6,-7.3,46627,2.9,-42344,-79.8,-1204,-90.7,160,10.9
"13057","5","238171","78","0","2024","4","N",6,0,0,0,0,0,0,0,"N",1.08,0,0,0,0,0,0,0,"N",0,0.0,0,0,0,0,0,0,0,0,0,0,0,0,0,0
"13057","5","238172","78","0","2024","4","N",1,0,0,0,0,0,0,0,"N",2.54,0,0,0,0,0,0,0,"N",0,0.0,0,0,0,0,0,0,0,0,0,0,0,0,0,0
"13057","5","23819","77","0","2024","4","",8,23,18,16,302278,8140,220,1224,"",1.41,0.94,0.74,0.67,0.86,0.22,0.36,1.09,"",1,14.3,5,27.8,-2,-10.0,-4,-20.0,41543,15.9,-530,-6.1,-10,-4.3,187,18.0
"13057","5","238191","78","0","2024","4","N",4,0,0,0,0,0,0,0,"N",1.19,0,0,0,0,0,0,0,"N",1,33.3,0,0,0,0,0,0,0,0,0,0,0,0,0,0
"13057","5","238192","78","0","2024","4","N",4,0,0,0,0,0,0,0,"N",1.74,0,0,0,0,0,0,0,"N",0,0.0,0,0,0,0,0,0,0,0,0,0,0,0,0,0
"13057","5","2382","76","0","2024","4","",266,1447,1476,1495,28619302,1916303,27127,1495,"",1.68,1.18,1.20,1.21,1.41,1.25,1.00,1.18,"",39,17.2,116,8.7,146,11.0,147,10.9,4103937,16.7,-88716,-4.4,207,0.8,84,6.0
"13057","5","23821","77","0","2024","4","",112,683,709,705,13707695,678424,6187,1508,"",1.67,1.29,1.33,1.32,1.53,0.96,0.47,1.16,"",17,17.9,54,8.6,77,12.2,76,12.1,1471675,12.0,-59459,-8.1,-3640,-37.0,14,0.9
"13057","5","238211","78","0","2024","4","",62,274,283,278,4667366,217613,2527,1290,"",1.51,1.58,1.62,1.59,1.92,0.84,0.73,1.20,"",12,24.0,21,8.3,33,13.2,36,14.9,570991,13.9,-5879,-2.6,-691,-21.5,21,1.7
"13057","5","238212","78","0","2024","4","",50,409,426,427,9040329,460811,3660,1653,"",1.91,1.15,1.19,1.19,1.38,1.04,0.38,1.17,"",5,11.1,33,8.8,44,11.5,40,10.3,900684,11.1,-53580,-10.4,-2949,-44.6,12,0.7
"13057","5","23822","77","0","2024","4","",143,699,699,718,13128981,1140098,19699,1432,"",1.73,1.13,1.12,1.15,1.33,1.55,1.63,1.17,"",22,18.2,49,7.5,57,8.9,49,7.3,2137387,19.4,-34059,-2.9,3743,23.5,139,10.8
"13057","5","238221","78","0","2024","4","",108,465,464,473,8537826,798527,13739,1405,"",1.72,1.44,1.43,1.46,1.97,1.94,2.62,1.37,"",18,20.0,79,20.5,82,21.5,76,19.1,2081613,32.2,-21327,-2.6,1079,8.5,126,9.9
"13057","5","238222","78","0","2024","4","",35,234,235,245,4591155,341571,5960,1484,"",1.76,0.79,0.79,0.82,0.83,1.05,0.88,1.04,"",4,12.9,-30,-11.4,-25,-9.6,-27,-9.9,55774,1.2,-12732,-3.6,2664,80.8,169,12.9
"13057","5","23829","77","0","2024","4","",11,65,68,72,1782626,97781,1241,2007,"",1.29,0.84,0.87,0.93,1.18,1.05,0.62,1.34,"",0,0.0,13,25.0,12,21.4,22,44.0,494875,38.4,4802,5.2,104,9.1,126,6.7
"13057","5","238291","78","0","2024","4","N",2,0,0,0,0,0,0,0,"N",0.92,0,0,0,0,0,0,0,"N",0,0.0,0,0,0,0,0,0,0,0,0,0,0,0,0,0
"13057","5","238292","78","0","2024","4","N",9,0,0,0,0,0,0,0,"N",1.42,0,0,0,0,0,0,0,"N",0,0.0,0,0,0,0,0,0,0,0,0,0,0,0,0,0
"13057","5","2383","76","0","2024","4","",138,915,908,906,20134388,903263,10826,1703,"",1.49,2.27,2.26,2.29,3.71,1.50,1.04,1.63,"",13,10.4,127,16.1,142,18.5,138,18.0,4599652,29.6,-403711,-30.9,-12203,-53.0,159,10.3
"13057","5","23831","77","0","2024","4","",20,68,75,74,1415494,65131,903,1505,"",1.34,0.57,0.63,0.62,0.77,0.35,0.24,1.26,"",0,0.0,6,9.7,15,25.0,12,19.4,121931,9.4,47806,275.9,791,706.2,-117,-7.2
"13057","5","238311","78","0","2024","4","N",17,0,0,0,0,0,0,0,"N",1.57,0,0,0,0,0,0,0,"N",1,6.2,0,0,0,0,0,0,0,0,0,0,0,0,0,0
"13057","5","238312","78","0","2024","4","N",3,0,0,0,0,0,0,0,"N",0.73,0,0,0,0,0,0,0,"N",-1,-25.0,0,0,0,0,0,0,0,0,0,0,0,0,0,0
"13057","5","23832","77","0","2024","4","",41,112,110,113,1652204,125275,1875,1138,"",1.45,1.12,1.11,1.18,1.42,0.78,0.70,1.25,"",8,24.2,-14,-11.1,-21,-16.0,-14,-11.0,49940,3.1,-34732,-21.7,-360,-16.1,175,18.2
"13057","5","238321","78","0","2024","4","",36,97,96,98,1404179,118829,1872,1114,"",1.51,1.53,1.54,1.63,2.23,1.09,1.31,1.42,"",7,24.1,-16,-14.2,-23,-19.3,-17,-14.8,-24818,-1.7,-29242,-19.7,-356,-16.0,164,17.3
"13057","5","238322","78","0","2024","4","",5,15,14,15,248025,6446,3,1301,"",1.12,0.41,0.39,0.42,0.47,0.13,0.00,1.15,"",1,25.0,2,15.4,2,16.7,3,25.0,74758,43.1,-5490,-46.0,-4,-57.1,220,20.4
"13057","5","23833","77","0","2024","4","",16,80,81,79,1791448,95910,973,1723,"",1.22,2.08,2.11,2.07,3.44,1.87,1.23,1.65,"",3,23.1,7,9.6,11,15.7,7,9.7,145165,8.8,51986,118.4,506,108.4,-44,-2.5
"13057","5","238331","78","0","2024","4","",11,36,37,35,665024,55635,722,1421,"",1.02,1.43,1.46,1.40,2.26,1.53,1.59,1.58,"",3,37.5,6,20.0,8,27.6,5,16.7,21218,3.3,11711,26.7,255,54.6,-248,-14.9
"13057","5","238332","78","0","2024","4","",5,44,44,44,1126424,40275,251,1969,"",2.16,3.31,3.36,3.37,4.97,2.68,0.75,1.48,"",0,0.0,1,2.3,3,7.3,2,4.8,123947,12.4,40275,100.0,251,100.0,133,7.2
"13057","5","23834","77","0","2024","4","",7,21,23,26,429329,34486,110,1415,"",1.00,0.82,0.89,1.01,1.36,0.93,0.19,1.50,"",0,0.0,-4,-16.0,3,15.0,6,30.0,-8271,-1.9,19337,127.6,29,35.8,-139,-8.9
"13057","5","238341","78","0","2024","4","N",5,0,0,0,0,0,0,0,"N",0.81,0,0,0,0,0,0,0,"N",0,0.0,0,0,0,0,0,0,0,0,0,0,0,0,0,0
"13057","5","238342","78","0","2024","4","N",2,0,0,0,0,0,0,0,"N",2.45,0,0,0,0,0,0,0,"N",0,0.0,0,0,0,0,0,0,0,0,0,0,0,0,0,0
"13057","5","23835","77","0","2024","4","",36,555,544,539,13512133,427822,3750,1904,"",1.63,7.22,7.04,7.00,13.43,3.97,2.43,1.89,"",1,2.9,138,33.1,122,28.9,123,29.6,3988100,41.9,-546490,-56.1,-15243,-80.3,153,8.7
"13057","5","238351","78","0","2024","4","N",31,0,0,0,0,0,0,0,"N",1.58,0,0,0,0,0,0,0,"N",1,3.3,0,0,0,0,0,0,0,0,0,0,0,0,0,0
"13057","5","238352","78","0","2024","4","N",5,0,0,0,0,0,0,0,"N",2.04,0,0,0,0,0,0,0,"N",0,0.0,0,0,0,0,0,0,0,0,0,0,0,0,0,0
"13057","5","23839","77","0","2024","4","",18,79,75,75,1333780,154639,3215,1344,"",2.48,1.85,1.77,1.82,2.28,2.76,2.90,1.26,"",1,5.9,-6,-7.1,12,19.0,4,5.6,302787,29.4,58382,60.7,2074,181.8,258,23.8
"13057","5","238391","78","0","2024","4","N",12,0,0,0,0,0,0,0,"N",2.85,0,0,0,0,0,0,0,"N",0,0.0,0,0,0,0,0,0,0,0,0,0,0,0,0,0
"13057","5","238392","78","0","2024","4","N",6,0,0,0,0,0,0,0,"N",1.97,0,0,0,0,0,0,0,"N",1,20.0,0,0,0,0,0,0,0,0,0,0,0,0,0,0
"13057","5","2389","76","0","2024","4","",98,954,962,973,19263701,1179428,24799,1539,"",1.46,2.42,2.47,2.59,3.34,2.16,2.19,1.34,"",21,27.3,12,1.3,6,0.6,39,4.2,1472265,8.3,-117629,-9.1,2743,12.4,89,6.1
"13057","5","23891","77","0","2024","4","",44,356,358,360,8631587,393474,15131,1855,"",1.56,1.79,1.80,1.85,2.87,1.39,2.79,1.58,"",14,46.7,-14,-3.8,-17,-4.5,-4,-1.1,1387411,19.2,41233,11.7,3088,25.6,348,23.1
"13057","5","238911","78","0","2024","4","",18,98,99,100,2036357,68379,1163,1582,"",1.09,1.33,1.34,1.39,2.11,0.55,0.57,1.56,"",3,20.0,-31,-24.0,-32,-24.4,-25,-20.0,-5091,-0.2,-8356,-10.9,580,99.5,358,29.2
"13057","5","238912","78","0","2024","4","",26,258,259,260,6595230,325095,13968,1959,"",2.22,2.06,2.07,2.12,3.23,2.05,4.12,1.55,"",11,73.3,17,7.1,15,6.1,21,8.8,1392502,26.8,49589,18.0,2508,21.9,301,18.2
"13057","5","23899","77","0","2024","4","",54,598,604,613,10632114,785954,9668,1352,"",1.40,3.07,3.17,3.39,3.85,3.00,1.63,1.20,"",7,14.9,26,4.5,23,4.0,43,7.5,84854,0.8,-158862,-16.8,-345,-3.4,-61,-4.3
"13057","5","238991","78","0","2024","4","",29,474,471,478,8755977,626303,6203,1420,"",1.12,4.93,5.03,5.42,7.51,4.83,2.39,1.47,"",3,11.5,60,14.5,39,9.0,58,13.8,1018484,13.2,-181698,-22.5,-1850,-23.0,10,0.7
"13057","5","238992","78","0","2024","4","",25,124,133,135,1876137,159651,3465,1104,"",1.96,1.26,1.37,1.46,1.18,1.21,1.04,0.86,"",4,19.0,-34,-21.5,-16,-10.7,-15,-10.0,-933630,-33.2,22836,16.7,1505,76.8,-315,-22.2
"13057","5","31-33","74","0","2024","4","",268,6208,6161,6166,103493680,3756124,42841,1289,"",1.00,1.03,1.01,1.01,1.05,0.73,0.77,1.03,"",13,5.1,-128,-2.0,-114,-1.8,-77,-1.2,3370349,3.4,-2149715,-36.4,-36665,-46.1,64,5.2
"13057","5","311","75","0","2024","4","",19,1109,1118,1114,12154811,990120,22534,840,"",0.67,1.30,1.31,1.30,1.20,0.94,2.09,0.92,"",3,18.8,45,4.2,4,0.4,-7,-0.6,-59819,-0.5,-580434,-37.0,-19247,-46.1,-14,-1.6
"13057","5","3111","76","0","2024","4","N",1,0,0,0,0,0,0,0,"N",0.51,0,0,0,0,0,0,0,"N",0,0.0,0,0,0,0,0,0,0,0,0,0,0,0,0,0
"13057","5","31111","77","0","2024","4","N",1,0,0,0,0,0,0,0,"N",0.51,0,0,0,0,0,0,0,"N",0,0.0,0,0,0,0,0,0,0,0,0,0,0,0,0,0
"13057","5","311111","78","0","2024","4","N",1,0,0,0,0,0,0,0,"N",1.53,0,0,0,0,0,0,0,"N",0,0.0,0,0,0,0,0,0,0,0,0,0,0,0,0,0
"13057","5","3113","76","0","2024","4","N",1,0,0,0,0,0,0,0,"N",0.62,0,0,0,0,0,0,0,"N",0,0.0,0,0,0,0,0,0,0,0,0,0,0,0,0,0
"13057","5","31135","77","0","2024","4","N",1,0,0,0,0,0,0,0,"N",0.97,0,0,0,0,0,0,0,"N",0,0.0,0,0,0,0,0,0,0,0,0,0,0,0,0,0
"13057","5","311352","78","0","2024","4","N",1,0,0,0,0,0,0,0,"N",1.26,0,0,0,0,0,0,0,"N",0,0.0,0,0,0,0,0,0,0,0,0,0,0,0,0,0
"13057","5","3116","76","0","2024","4","N",1,0,0,0,0,0,0,0,"N",0.32,0,0,0,0,0,0,0,"N",0,0.0,0,0,0,0,0,0,0,0,0,0,0,0,0,0
"13057","5","31161","77","0","2024","4","N",1,0,0,0,0,0,0,0,"N",0.32,0,0,0,0,0,0,0,"N",0,0.0,0,0,0,0,0,0,0,0,0,0,0,0,0,0
"13057","5","311615","78","0","2024","4","N",1,0,0,0,0,0,0,0,"N",1.78,0,0,0,0,0,0,0,"N",0,0.0,0,0,0,0,0,0,0,0,0,0,0,0,0,0
"13057","5","3118","76","0","2024","4","",10,197,211,217,2157857,341686,3195,797,"",0.93,1.18,1.24,1.27,1.32,1.54,1.34,1.07,"",1,11.1,12,6.5,25,13.4,11,5.3,254033,13.3,20586,6.4,-237,-6.9,36,4.7
"13057","5","31181","77","0","2024","4","N",9,0,0,0,0,0,0,0,"N",0.95,0,0,0,0,0,0,0,"N",1,12.5,0,0,0,0,0,0,0,0,0,0,0,0,0,0
"13057","5","311811","78","0","2024","4","",8,87,97,104,556134,126979,1769,446,"",1.24,1.72,1.89,2.00,1.86,1.63,2.02,1.00,"N",0,0.0,0,0,0,0,0,0,0,0,0,0,0,0,0,0
"13057","5","311813","78","0","2024","4","N",1,0,0,0,0,0,0,0,"N",4.88,0,0,0,0,0,0,0,"N",1,100.0,0,0,0,0,0,0,0,0,0,0,0,0,0,0
"13057","5","31182","77","0","2024","4","N",1,0,0,0,0,0,0,0,"N",1.17,0,0,0,0,0,0,0,"N",0,0.0,0,0,0,0,0,0,0,0,0,0,0,0,0,0
"13057","5","311824","78","0","2024","4","N",1,0,0,0,0,0,0,0,"N",2.93,0,0,0,0,0,0,0,"N",0,0.0,0,0,0,0,0,0,0,0,0,0,0,0,0,0
"13057","5","3119","76","0","2024","4","",6,56,56,55,606190,79966,1384,838,"",1.03,0.44,0.43,0.42,0.36,0.50,0.75,0.85,"N",2,50.0,0,0,0,0,0,0,0,0,0,0,0,0,0,0
"13057","5","31192","77","0","2024","4","",3,51,51,50,519481,79966,1384,789,"",2.55,3.73,3.69,3.59,3.11,3.80,5.75,0.85,"N",0,0.0,0,0,0,0,0,0,0,0,0,0,0,0,0,0
"13057","5","311920","78","0","2024","4","",3,51,51,50,519481,79966,1384,789,"",2.55,3.73,3.69,3.59,3.11,3.80,5.75,0.85,"N",0,0.0,0,0,0,0,0,0,0,0,0,0,0,0,0,0
"13057","5","31193","77","0","2024","4","N",1,0,0,0,0,0,0,0,"N",4.10,0,0,0,0,0,0,0,"N",0,0.0,0,0,0,0,0,0,0,0,0,0,0,0,0,0
"13057","5","311930","78","0","2024","4","N",1,0,0,0,0,0,0,0,"N",4.10,0,0,0,0,0,0,0,"N",0,0.0,0,0,0,0,0,0,0,0,0,0,0,0,0,0
"13057","5","31194","77","0","2024","4","N",1,0,0,0,0,0,0,0,"N",1.21,0,0,0,0,0,0,0,"N",1,100.0,0,0,0,0,0,0,0,0,0,0,0,0,0,0
"13057","5","311941","78","0","2024","4","N",1,0,0,0,0,0,0,0,"N",2.97,0,0,0,0,0,0,0,"N",1,100.0,0,0,0,0,0,0,0,0,0,0,0,0,0,0
"13057","5","31199","77","0","2024","4","N",1,0,0,0,0,0,0,0,"N",0.36,0,0,0,0,0,0,0,"N",1,100.0,0,0,0,0,0,0,0,0,0,0,0,0,0,0
"13057","5","311991","78","0","2024","4","N",1,0,0,0,0,0,0,0,"N",0.78,0,0,0,0,0,0,0,"N",1,100.0,0,0,0,0,0,0,0,0,0,0,0,0,0,0
"13057","5","312","75","0","2024","4","",6,101,101,98,666210,129929,901,512,"",0.53,0.62,0.64,0.63,0.37,0.75,0.41,0.59,"",-1,-14.3,4,4.1,8,8.6,8,8.9,-3170,-0.5,23239,21.8,-1713,-65.5,-40,-7.2
"13057","5","3121","76","0","2024","4","",6,101,101,98,666210,129929,901,512,"",0.54,0.65,0.66,0.65,0.39,0.78,0.44,0.60,"",-1,-14.3,4,4.1,8,8.6,8,8.9,-3170,-0.5,23239,21.8,-1713,-65.5,-40,-7.2
"13057","5","31211","77","0","2024","4","N",2,0,0,0,0,0,0,0,"N",1.08,0,0,0,0,0,0,0,"N",0,0.0,0,0,0,0,0,0,0,0,0,0,0,0,0,0
"13057","5","312111","78","0","2024","4","N",1,0,0,0,0,0,0,0,"N",1.06,0,0,0,0,0,0,0,"N",0,0.0,0,0,0,0,0,0,0,0,0,0,0,0,0,0
"13057","5","312112","78","0","2024","4","N",1,0,0,0,0,0,0,0,"N",1.85,0,0,0,0,0,0,0,"N",0,0.0,0,0,0,0,0,0,0,0,0,0,0,0,0,0
"13057","5","31212","77","0","2024","4","N",2,0,0,0,0,0,0,0,"N",0.49,0,0,0,0,0,0,0,"N",-1,-33.3,0,0,0,0,0,0,0,0,0,0,0,0,0,0
"13057","5","312120","78","0","2024","4","N",2,0,0,0,0,0,0,0,"N",0.49,0,0,0,0,0,0,0,"N",-1,-33.3,0,0,0,0,0,0,0,0,0,0,0,0,0,0
"13057","5","31213","77","0","2024","4","N",2,0,0,0,0,0,0,0,"N",0.51,0,0,0,0,0,0,0,"N",0,0.0,0,0,0,0,0,0,0,0,0,0,0,0,0,0
"13057","5","312130","78","0","2024","4","N",2,0,0,0,0,0,0,0,"N",0.51,0,0,0,0,0,0,0,"N",0,0.0,0,0,0,0,0,0,0,0,0,0,0,0,0,0
"13057","5","313","75","0","2024","4","N",2,0,0,0,0,0,0,0,"N",1.09,0,0,0,0,0,0,0,"N",-1,-33.3,0,0,0,0,0,0,0,0,0,0,0,0,0,0
"13057","5","3132","76","0","2024","4","N",1,0,0,0,0,0,0,0,"N",1.40,0,0,0,0,0,0,0,"N",0,0.0,0,0,0,0,0,0,0,0,0,0,0,0,0,0
"13057","5","31321","77","0","2024","4","N",1,0,0,0,0,0,0,0,"N",4.03,0,0,0,0,0,0,0,"N",0,0.0,0,0,0,0,0,0,0,0,0,0,0,0,0,0
"13057","5","313210","78","0","2024","4","N",1,0,0,0,0,0,0,0,"N",4.03,0,0,0,0,0,0,0,"N",0,0.0,0,0,0,0,0,0,0,0,0,0,0,0,0,0
"13057","5","3133","76","0","2024","4","N",1,0,0,0,0,0,0,0,"N",1.18,0,0,0,0,0,0,0,"N",0,0.0,0,0,0,0,0,0,0,0,0,0,0,0,0,0
"13057","5","31331","77","0","2024","4","N",1,0,0,0,0,0,0,0,"N",1.41,0,0,0,0,0,0,0,"N",0,0.0,0,0,0,0,0,0,0,0,0,0,0,0,0,0
"13057","5","313310","78","0","2024","4","N",1,0,0,0,0,0,0,0,"N",1.41,0,0,0,0,0,0,0,"N",0,0.0,0,0,0,0,0,0,0,0,0,0,0,0,0,0
"13057","5","314","75","0","2024","4","",9,174,168,202,2396090,114773,2239,1016,"",2.15,3.82,3.65,4.37,4.90,2.53,5.44,1.24,"",0,0.0,-26,-13.0,-11,-6.1,7,3.6,-422172,-15.0,27495,31.5,1571,235.2,-117,-10.3
"13057","5","3141","76","0","2024","4","N",4,0,0,0,0,0,0,0,"N",3.94,0,0,0,0,0,0,0,"N",0,0.0,0,0,0,0,0,0,0,0,0,0,0,0,0,0
"13057","5","31411","77","0","2024","4","N",1,0,0,0,0,0,0,0,"N",3.45,0,0,0,0,0,0,0,"N",0,0.0,0,0,0,0,0,0,0,0,0,0,0,0,0,0
"13057","5","314110","78","0","2024","4","N",1,0,0,0,0,0,0,0,"N",3.45,0,0,0,0,0,0,0,"N",0,0.0,0,0,0,0,0,0,0,0,0,0,0,0,0,0
"13057","5","31412","77","0","2024","4","N",3,0,0,0,0,0,0,0,"N",4.14,0,0,0,0,0,0,0,"N",0,0.0,0,0,0,0,0,0,0,0,0,0,0,0,0,0
"13057","5","314120","78","0","2024","4","N",3,0,0,0,0,0,0,0,"N",4.14,0,0,0,0,0,0,0,"N",0,0.0,0,0,0,0,0,0,0,0,0,0,0,0,0,0
"13057","5","3149","76","0","2024","4","N",5,0,0,0,0,0,0,0,"N",1.58,0,0,0,0,0,0,0,"N",0,0.0,0,0,0,0,0,0,0,0,0,0,0,0,0,0
"13057","5","31491","77","0","2024","4","N",2,0,0,0,0,0,0,0,"N",1.85,0,0,0,0,0,0,0,"N",0,0.0,0,0,0,0,0,0,0,0,0,0,0,0,0,0
"13057","5","314910","78","0","2024","4","N",2,0,0,0,0,0,0,0,"N",1.85,0,0,0,0,0,0,0,"N",0,0.0,0,0,0,0,0,0,0,0,0,0,0,0,0,0
"13057","5","31499","77","0","2024","4","N",3,0,0,0,0,0,0,0,"N",1.43,0,0,0,0,0,0,0,"N",0,0.0,0,0,0,0,0,0,0,0,0,0,0,0,0,0
"13057","5","314999","78","0","2024","4","N",3,0,0,0,0,0,0,0,"N",1.51,0,0,0,0,0,0,0,"N",0,0.0,0,0,0,0,0,0,0,0,0,0,0,0,0,0
"13057","5","315","75","0","2024","4","N",1,0,0,0,0,0,0,0,"N",0.23,0,0,0,0,0,0,0,"N",0,0.0,0,0,0,0,0,0,0,0,0,0,0,0,0,0
"13057","5","3152","76","0","2024","4","N",1,0,0,0,0,0,0,0,"N",0.32,0,0,0,0,0,0,0,"N",0,0.0,0,0,0,0,0,0,0,0,0,0,0,0,0,0
"13057","5","31525","77","0","2024","4","N",1,0,0,0,0,0,0,0,"N",0.59,0,0,0,0,0,0,0,"N",0,0.0,0,0,0,0,0,0,0,0,0,0,0,0,0,0
"13057","5","315250","78","0","2024","4","N",1,0,0,0,0,0,0,0,"N",0.59,0,0,0,0,0,0,0,"N",0,0.0,0,0,0,0,0,0,0,0,0,0,0,0,0,0
"13057","5","316","75","0","2024","4","N",1,0,0,0,0,0,0,0,"N",0.95,0,0,0,0,0,0,0,"N",0,0.0,0,0,0,0,0,0,0,0,0,0,0,0,0,0
"13057","5","3169","76","0","2024","4","N",1,0,0,0,0,0,0,0,"N",1.54,0,0,0,0,0,0,0,"N",0,0.0,0,0,0,0,0,0,0,0,0,0,0,0,0,0
"13057","5","31699","77","0","2024","4","N",1,0,0,0,0,0,0,0,"N",1.54,0,0,0,0,0,0,0,"N",0,0.0,0,0,0,0,0,0,0,0,0,0,0,0,0,0
"13057","5","316990","78","0","2024","4","N",1,0,0,0,0,0,0,0,"N",1.54,0,0,0,0,0,0,0,"N",0,0.0,0,0,0,0,0,0,0,0,0,0,0,0,0,0
"13057","5","321","75","0","2024","4","",14,126,126,121,1834378,34275,162,1135,"",1.29,0.64,0.64,0.62,0.77,0.13,0.06,1.21,"",-1,-6.7,-39,-23.6,-41,-24.6,-24,-16.6,-374867,-17.0,-177871,-83.8,-3185,-95.2,66,6.2
"13057","5","3211","76","0","2024","4","N",2,0,0,0,0,0,0,0,"N",0.88,0,0,0,0,0,0,0,"N",2,100.0,0,0,0,0,0,0,0,0,0,0,0,0,0,0
"13057","5","32111","77","0","2024","4","N",2,0,0,0,0,0,0,0,"N",0.88,0,0,0,0,0,0,0,"N",2,100.0,0,0,0,0,0,0,0,0,0,0,0,0,0,0
"13057","5","321113","78","0","2024","4","N",1,0,0,0,0,0,0,0,"N",0.51,0,0,0,0,0,0,0,"N",1,100.0,0,0,0,0,0,0,0,0,0,0,0,0,0,0
"13057","5","321114","78","0","2024","4","N",1,0,0,0,0,0,0,0,"N",3.25,0,0,0,0,0,0,0,"N",1,100.0,0,0,0,0,0,0,0,0,0,0,0,0,0,0
"13057","5","3212","76","0","2024","4","N",1,0,0,0,0,0,0,0,"N",0.81,0,0,0,0,0,0,0,"N",0,0.0,0,0,0,0,0,0,0,0,0,0,0,0,0,0
"13057","5","32121","77","0","2024","4","N",1,0,0,0,0,0,0,0,"N",0.81,0,0,0,0,0,0,0,"N",0,0.0,0,0,0,0,0,0,0,0,0,0,0,0,0,0
"13057","5","321215","78","0","2024","4","N",1,0,0,0,0,0,0,0,"N",1.29,0,0,0,0,0,0,0,"N",0,0.0,0,0,0,0,0,0,0,0,0,0,0,0,0,0
"13057","5","3219","76","0","2024","4","N",11,0,0,0,0,0,0,0,"N",1.50,0,0,0,0,0,0,0,"N",-3,-21.4,0,0,0,0,0,0,0,0,0,0,0,0,0,0
"13057","5","32191","77","0","2024","4","N",7,0,0,0,0,0,0,0,"N",2.97,0,0,0,0,0,0,0,"N",-3,-30.0,0,0,0,0,0,0,0,0,0,0,0,0,0,0
"13057","5","321911","78","0","2024","4","N",1,0,0,0,0,0,0,0,"N",1.22,0,0,0,0,0,0,0,"N",-2,-66.7,0,0,0,0,0,0,0,0,0,0,0,0,0,0
"13057","5","321912","78","0","2024","4","N",1,0,0,0,0,0,0,0,"N",2.62,0,0,0,0,0,0,0,"N",0,0.0,0,0,0,0,0,0,0,0,0,0,0,0,0,0
"13057","5","321918","78","0","2024","4","",5,81,83,80,1169080,28187,98,1106,"",4.35,5.33,5.43,5.23,6.67,1.83,0.62,1.25,"",-1,-16.7,-25,-23.6,-25,-23.1,-7,-8.0,-226947,-16.3,-67207,-70.5,-524,-84.2,36,3.4
"13057","5","32192","77","0","2024","4","-",0,0,0,0,0,0,0,0,"N",0.00,0,0,0,0,0,0,0,"N",0,0,0,0,0,0,0,0,0,0,0,0,0,0,0,0
"13057","5","321920","78","0","2024","4","-",0,0,0,0,0,0,0,0,"N",0.00,0,0,0,0,0,0,0,"N",0,0,0,0,0,0,0,0,0,0,0,0,0,0,0,0
"13057","5","32199","77","0","2024","4","N",4,0,0,0,0,0,0,0,"N",1.40,0,0,0,0,0,0,0,"N",0,0.0,0,0,0,0,0,0,0,0,0,0,0,0,0,0
"13057","5","321992","78","0","2024","4","N",2,0,0,0,0,0,0,0,"N",2.97,0,0,0,0,0,0,0,"N",0,0.0,0,0,0,0,0,0,0,0,0,0,0,0,0,0
"13057","5","321999","78","0","2024","4","N",2,0,0,0,0,0,0,0,"N",1.06,0,0,0,0,0,0,0,"N",0,0.0,0,0,0,0,0,0,0,0,0,0,0,0,0,0
"13057","5","322","75","0","2024","4","N",2,0,0,0,0,0,0,0,"N",0.52,0,0,0,0,0,0,0,"N",0,0.0,0,0,0,0,0,0,0,0,0,0,0,0,0,0
"13057","5","3221","76","0","2024","4","-",0,0,0,0,0,0,0,0,"N",0.00,0,0,0,0,0,0,0,"N",0,0,0,0,0,0,0,0,0,0,0,0,0,0,0,0
"13057","5","32212","77","0","2024","4","-",0,0,0,0,0,0,0,0,"N",0.00,0,0,0,0,0,0,0,"N",0,0,0,0,0,0,0,0,0,0,0,0,0,0,0,0
"13057","5","322120","78","0","2024","4","-",0,0,0,0,0,0,0,0,"N",0.00,0,0,0,0,0,0,0,"N",0,0,0,0,0,0,0,0,0,0,0,0,0,0,0,0
"13057","5","3222","76","0","2024","4","N",2,0,0,0,0,0,0,0,"N",0.62,0,0,0,0,0,0,0,"N",0,0.0,0,0,0,0,0,0,0,0,0,0,0,0,0,0
"13057","5","32221","77","0","2024","4","N",2,0,0,0,0,0,0,0,"N",1.20,0,0,0,0,0,0,0,"N",0,0.0,0,0,0,0,0,0,0,0,0,0,0,0,0,0
"13057","5","322211","78","0","2024","4","N",2,0,0,0,0,0,0,0,"N",1.76,0,0,0,0,0,0,0,"N",0,0.0,0,0,0,0,0,0,0,0,0,0,0,0,0,0
"13057","5","323","75","0","2024","4","",21,239,236,231,3476630,149028,664,1136,"",1.13,1.41,1.39,1.36,1.70,0.87,0.41,1.22,"",2,10.5,-9,-3.6,-18,-7.1,-17,-6.9,184400,5.6,-24094,-13.9,-710,-51.7,123,12.1
"13057","5","3231","76","0","2024","4","",21,239,236,231,3476630,149028,664,1136,"",1.13,1.41,1.39,1.36,1.70,0.87,0.41,1.22,"",2,10.5,-9,-3.6,-18,-7.1,-17,-6.9,184400,5.6,-24094,-13.9,-710,-51.7,123,12.1
"13057","5","32311","77","0","2024","4","",21,239,236,231,3476630,149028,664,1136,"",1.18,1.48,1.45,1.42,1.77,0.91,0.42,1.22,"",2,10.5,-9,-3.6,-18,-7.1,-17,-6.9,184400,5.6,-24094,-13.9,-710,-51.7,123,12.1
"13057","5","323111","78","0","2024","4","",16,175,173,168,2727945,96325,580,1220,"",1.30,1.47,1.44,1.40,1.76,0.82,0.53,1.22,"",2,14.3,-10,-5.4,-18,-9.4,-18,-9.7,148601,5.8,-15537,-13.9,-422,-42.1,161,15.2
"13057","5","323113","78","0","2024","4","",5,64,63,63,748685,52703,84,909,"",0.96,1.76,1.72,1.73,2.23,1.23,0.20,1.28,"",0,0.0,1,1.6,0,0.0,1,1.6,35799,5.0,-8557,-14.0,-288,-77.4,34,3.9
"13057","5","324","75","0","2024","4","N",1,0,0,0,0,0,0,0,"N",0.57,0,0,0,0,0,0,0,"N",0,0.0,0,0,0,0,0,0,0,0,0,0,0,0,0,0
"13057","5","3241","76","0","2024","4","N",1,0,0,0,0,0,0,0,"N",0.57,0,0,0,0,0,0,0,"N",0,0.0,0,0,0,0,0,0,0,0,0,0,0,0,0,0
"13057","5","32412","77","0","2024","4","N",1,0,0,0,0,0,0,0,"N",1.08,0,0,0,0,0,0,0,"N",0,0.0,0,0,0,0,0,0,0,0,0,0,0,0,0,0
"13057","5","324121","78","0","2024","4","N",1,0,0,0,0,0,0,0,"N",1.42,0,0,0,0,0,0,0,"N",0,0.0,0,0,0,0,0,0,0,0,0,0,0,0,0,0
"13057","5","325","75","0","2024","4","",19,116,121,117,2351450,154175,3540,1533,"",1.11,0.27,0.28,0.27,0.26,0.55,1.19,0.95,"",2,11.8,45,63.4,48,65.8,45,62.5,946714,67.4,73712,91.6,2144,153.6,32,2.1
"13057","5","3252","76","0","2024","4","N",2,0,0,0,0,0,0,0,"N",1.45,0,0,0,0,0,0,0,"N",0,0.0,0,0,0,0,0,0,0,0,0,0,0,0,0,0
"13057","5","32521","77","0","2024","4","N",2,0,0,0,0,0,0,0,"N",1.63,0,0,0,0,0,0,0,"N",0,0.0,0,0,0,0,0,0,0,0,0,0,0,0,0,0
"13057","5","325211","78","0","2024","4","N",2,0,0,0,0,0,0,0,"N",1.86,0,0,0,0,0,0,0,"N",0,0.0,0,0,0,0,0,0,0,0,0,0,0,0,0,0
"13057","5","3254","76","0","2024","4","N",4,0,0,0,0,0,0,0,"N",0.77,0,0,0,0,0,0,0,"N",3,300.0,0,0,0,0,0,0,0,0,0,0,0,0,0,0
"13057","5","32541","77","0","2024","4","N",4,0,0,0,0,0,0,0,"N",0.77,0,0,0,0,0,0,0,"N",3,300.0,0,0,0,0,0,0,0,0,0,0,0,0,0,0
"13057","5","325411","78","0","2024","4","N",3,0,0,0,0,0,0,0,"N",3.05,0,0,0,0,0,0,0,"N",2,200.0,0,0,0,0,0,0,0,0,0,0,0,0,0,0
"13057","5","325412","78","0","2024","4","N",1,0,0,0,0,0,0,0,"N",0.30,0,0,0,0,0,0,0,"N",1,100.0,0,0,0,0,0,0,0,0,0,0,0,0,0,0
"13057","5","3255","76","0","2024","4","",5,13,14,13,180886,7334,45,1044,"",2.90,0.42,0.45,0.41,0.34,0.41,0.23,0.81,"N",0,0.0,0,0,0,0,0,0,0,0,0,0,0,0,0,0
"13057","5","32551","77","0","2024","4","N",4,0,0,0,0,0,0,0,"N",3.30,0,0,0,0,0,0,0,"N",0,0.0,0,0,0,0,0,0,0,0,0,0,0,0,0,0
"13057","5","325510","78","0","2024","4","N",4,0,0,0,0,0,0,0,"N",3.30,0,0,0,0,0,0,0,"N",0,0.0,0,0,0,0,0,0,0,0,0,0,0,0,0,0
"13057","5","32552","77","0","2024","4","N",1,0,0,0,0,0,0,0,"N",1.96,0,0,0,0,0,0,0,"N",0,0.0,0,0,0,0,0,0,0,0,0,0,0,0,0,0
"13057","5","325520","78","0","2024","4","N",1,0,0,0,0,0,0,0,"N",1.96,0,0,0,0,0,0,0,"N",0,0.0,0,0,0,0,0,0,0,0,0,0,0,0,0,0
"13057","5","3256","76","0","2024","4","N",4,0,0,0,0,0,0,0,"N",1.49,0,0,0,0,0,0,0,"N",-1,-20.0,0,0,0,0,0,0,0,0,0,0,0,0,0,0
"13057","5","32561","77","0","2024","4","N",4,0,0,0,0,0,0,0,"N",2.72,0,0,0,0,0,0,0,"N",0,0.0,0,0,0,0,0,0,0,0,0,0,0,0,0,0
"13057","5","325611","78","0","2024","4","N",3,0,0,0,0,0,0,0,"N",3.81,0,0,0,0,0,0,0,"N",0,0.0,0,0,0,0,0,0,0,0,0,0,0,0,0,0
"13057","5","325612","78","0","2024","4","N",1,0,0,0,0,0,0,0,"N",1.73,0,0,0,0,0,0,0,"N",0,0.0,0,0,0,0,0,0,0,0,0,0,0,0,0,0
"13057","5","3259","76","0","2024","4","",4,72,74,72,1386098,98693,2282,1467,"",1.69,1.90,1.94,1.87,2.10,3.80,7.57,1.10,"N",0,0.0,0,0,0,0,0,0,0,0,0,0,0,0,0,0
"13057","5","32599","77","0","2024","4","",4,72,74,72,1386098,98693,2282,1467,"",2.00,2.31,2.36,2.29,2.55,4.41,8.73,1.10,"N",0,0.0,0,0,0,0,0,0,0,0,0,0,0,0,0,0
"13057","5","325998","78","0","2024","4","",4,72,74,72,1386098,98693,2282,1467,"",2.58,3.55,3.62,3.51,3.66,6.43,12.13,1.03,"N",0,0.0,0,0,0,0,0,0,0,0,0,0,0,0,0,0
"13057","5","326","75","0","2024","4","",7,376,375,369,5827991,134171,491,1201,"",0.72,1.10,1.10,1.07,1.29,0.45,0.17,1.18,"",0,0.0,-57,-13.2,-42,-10.1,-46,-11.1,-338807,-5.5,-149619,-52.7,-1068,-68.5,76,6.8
"13057","5","3261","76","0","2024","4","",7,376,375,369,5827991,134171,491,1201,"",0.85,1.35,1.34,1.32,1.59,0.52,0.19,1.19,"",0,0.0,-57,-13.2,-42,-10.1,-46,-11.1,-338807,-5.5,-149619,-52.7,-1068,-68.5,76,6.8
"13057","5","32612","77","0","2024","4","N",1,0,0,0,0,0,0,0,"N",1.35,0,0,0,0,0,0,0,"N",0,0.0,0,0,0,0,0,0,0,0,0,0,0,0,0,0
"13057","5","326122","78","0","2024","4","N",1,0,0,0,0,0,0,0,"N",2.27,0,0,0,0,0,0,0,"N",1,100.0,0,0,0,0,0,0,0,0,0,0,0,0,0,0
"13057","5","32615","77","0","2024","4","N",1,0,0,0,0,0,0,0,"N",1.64,0,0,0,0,0,0,0,"N",0,0.0,0,0,0,0,0,0,0,0,0,0,0,0,0,0
"13057","5","326150","78","0","2024","4","N",1,0,0,0,0,0,0,0,"N",1.64,0,0,0,0,0,0,0,"N",0,0.0,0,0,0,0,0,0,0,0,0,0,0,0,0,0
"13057","5","32619","77","0","2024","4","N",5,0,0,0,0,0,0,0,"N",1.08,0,0,0,0,0,0,0,"N",0,0.0,0,0,0,0,0,0,0,0,0,0,0,0,0,0
"13057","5","326191","78","0","2024","4","N",2,0,0,0,0,0,0,0,"N",7.77,0,0,0,0,0,0,0,"N",-1,-33.3,0,0,0,0,0,0,0,0,0,0,0,0,0,0
"13057","5","326199","78","0","2024","4","N",3,0,0,0,0,0,0,0,"N",0.69,0,0,0,0,0,0,0,"N",1,50.0,0,0,0,0,0,0,0,0,0,0,0,0,0,0
"13057","5","327","75","0","2024","4","",18,179,179,179,4478961,112125,573,1925,"",1.52,0.90,0.89,0.90,1.53,0.63,0.23,1.70,"",1,5.9,-13,-6.8,-13,-6.8,-16,-8.2,480758,12.0,-44969,-28.6,-1487,-72.2,331,20.8
"13057","5","3271","76","0","2024","4","N",1,0,0,0,0,0,0,0,"N",1.00,0,0,0,0,0,0,0,"N",0,0.0,0,0,0,0,0,0,0,0,0,0,0,0,0,0
"13057","5","32711","77","0","2024","4","N",1,0,0,0,0,0,0,0,"N",1.85,0,0,0,0,0,0,0,"N",0,0.0,0,0,0,0,0,0,0,0,0,0,0,0,0,0
"13057","5","327110","78","0","2024","4","N",1,0,0,0,0,0,0,0,"N",1.85,0,0,0,0,0,0,0,"N",0,0.0,0,0,0,0,0,0,0,0,0,0,0,0,0,0
"13057","5","3272","76","0","2024","4","N",2,0,0,0,0,0,0,0,"N",1.49,0,0,0,0,0,0,0,"N",0,0.0,0,0,0,0,0,0,0,0,0,0,0,0,0,0
"13057","5","32721","77","0","2024","4","N",2,0,0,0,0,0,0,0,"N",1.49,0,0,0,0,0,0,0,"N",0,0.0,0,0,0,0,0,0,0,0,0,0,0,0,0,0
"13057","5","327215","78","0","2024","4","N",2,0,0,0,0,0,0,0,"N",2.44,0,0,0,0,0,0,0,"N",0,0.0,0,0,0,0,0,0,0,0,0,0,0,0,0,0
"13057","5","3273","76","0","2024","4","",10,134,135,136,3267662,79137,551,1862,"",1.59,1.34,1.35,1.37,2.11,0.87,0.36,1.56,"",1,11.1,-15,-10.1,-15,-10.0,-17,-11.1,-11020,-0.3,-40849,-34.0,-321,-36.8,188,11.2
"13057","5","32731","77","0","2024","4","N",5,0,0,0,0,0,0,0,"N",16.45,0,0,0,0,0,0,0,"N",0,0.0,0,0,0,0,0,0,0,0,0,0,0,0,0,0
"13057","5","327310","78","0","2024","4","N",5,0,0,0,0,0,0,0,"N",16.45,0,0,0,0,0,0,0,"N",0,0.0,0,0,0,0,0,0,0,0,0,0,0,0,0,0
"13057","5","32732","77","0","2024","4","N",5,0,0,0,0,0,0,0,"N",1.31,0,0,0,0,0,0,0,"N",1,25.0,0,0,0,0,0,0,0,0,0,0,0,0,0,0
"13057","5","327320","78","0","2024","4","N",5,0,0,0,0,0,0,0,"N",1.31,0,0,0,0,0,0,0,"N",1,25.0,0,0,0,0,0,0,0,0,0,0,0,0,0,0
"13057","5","3274","76","0","2024","4","N",1,0,0,0,0,0,0,0,"N",4.01,0,0,0,0,0,0,0,"N",0,0.0,0,0,0,0,0,0,0,0,0,0,0,0,0,0
"13057","5","32742","77","0","2024","4","N",1,0,0,0,0,0,0,0,"N",5.51,0,0,0,0,0,0,0,"N",0,0.0,0,0,0,0,0,0,0,0,0,0,0,0,0,0
"13057","5","327420","78","0","2024","4","N",1,0,0,0,0,0,0,0,"N",5.51,0,0,0,0,0,0,0,"N",0,0.0,0,0,0,0,0,0,0,0,0,0,0,0,0,0
"13057","5","3279","76","0","2024","4","",4,37,36,35,1044865,32988,22,2233,"",1.36,0.97,0.93,0.90,1.95,0.97,0.06,2.09,"N",0,0.0,0,0,0,0,0,0,0,0,0,0,0,0,0,0
"13057","5","32799","77","0","2024","4","",4,37,36,35,1044865,32988,22,2233,"",1.49,1.10,1.06,1.03,2.23,1.04,0.06,2.10,"N",0,0.0,0,0,0,0,0,0,0,0,0,0,0,0,0,0
"13057","5","327991","78","0","2024","4","",4,37,36,35,1044865,32988,22,2233,"",2.02,2.26,2.19,2.13,5.38,1.69,0.11,2.45,"N",0,0.0,0,0,0,0,0,0,0,0,0,0,0,0,0,0
"13057","5","331","75","0","2024","4","N",3,0,0,0,0,0,0,0,"N",0.73,0,0,0,0,0,0,0,"N",1,50.0,0,0,0,0,0,0,0,0,0,0,0,0,0,0
"13057","5","3313","76","0","2024","4","N",2,0,0,0,0,0,0,0,"N",3.60,0,0,0,0,0,0,0,"N",1,100.0,0,0,0,0,0,0,0,0,0,0,0,0,0,0
"13057","5","33131","77","0","2024","4","N",2,0,0,0,0,0,0,0,"N",3.60,0,0,0,0,0,0,0,"N",1,100.0,0,0,0,0,0,0,0,0,0,0,0,0,0,0
"13057","5","331314","78","0","2024","4","N",1,0,0,0,0,0,0,0,"N",11.02,0,0,0,0,0,0,0,"N",1,100.0,0,0,0,0,0,0,0,0,0,0,0,0,0,0
"13057","5","331318","78","0","2024","4","N",1,0,0,0,0,0,0,0,"N",4.11,0,0,0,0,0,0,0,"N",0,0.0,0,0,0,0,0,0,0,0,0,0,0,0,0,0
"13057","5","3314","76","0","2024","4","N",1,0,0,0,0,0,0,0,"N",1.32,0,0,0,0,0,0,0,"N",0,0.0,0,0,0,0,0,0,0,0,0,0,0,0,0,0
"13057","5","33149","77","0","2024","4","N",1,0,0,0,0,0,0,0,"N",2.43,0,0,0,0,0,0,0,"N",0,0.0,0,0,0,0,0,0,0,0,0,0,0,0,0,0
"13057","5","331492","78","0","2024","4","N",1,0,0,0,0,0,0,0,"N",5.61,0,0,0,0,0,0,0,"N",0,0.0,0,0,0,0,0,0,0,0,0,0,0,0,0,0
"13057","5","332","75","0","2024","4","",38,1015,1016,1018,20453435,532056,5954,1548,"",0.93,1.49,1.48,1.48,2.05,0.93,0.93,1.38,"",1,2.7,6,0.6,-4,-0.4,7,0.7,1464208,7.7,-66049,-11.0,1408,31.0,107,7.4
"13057","5","3321","76","0","2024","4","N",1,0,0,0,0,0,0,0,"N",0.65,0,0,0,0,0,0,0,"N",0,0.0,0,0,0,0,0,0,0,0,0,0,0,0,0,0
"13057","5","33211","77","0","2024","4","N",1,0,0,0,0,0,0,0,"N",0.65,0,0,0,0,0,0,0,"N",0,0.0,0,0,0,0,0,0,0,0,0,0,0,0,0,0
"13057","5","332111","78","0","2024","4","N",1,0,0,0,0,0,0,0,"N",2.89,0,0,0,0,0,0,0,"N",0,0.0,0,0,0,0,0,0,0,0,0,0,0,0,0,0
"13057","5","3322","76","0","2024","4","N",2,0,0,0,0,0,0,0,"N",2.11,0,0,0,0,0,0,0,"N",0,0.0,0,0,0,0,0,0,0,0,0,0,0,0,0,0
"13057","5","33221","77","0","2024","4","N",2,0,0,0,0,0,0,0,"N",2.11,0,0,0,0,0,0,0,"N",0,0.0,0,0,0,0,0,0,0,0,0,0,0,0,0,0
"13057","5","332215","78","0","2024","4","N",1,0,0,0,0,0,0,0,"N",3.91,0,0,0,0,0,0,0,"N",0,0.0,0,0,0,0,0,0,0,0,0,0,0,0,0,0
"13057","5","332216","78","0","2024","4","N",1,0,0,0,0,0,0,0,"N",1.44,0,0,0,0,0,0,0,"N",0,0.0,0,0,0,0,0,0,0,0,0,0,0,0,0,0
"13057","5","3323","76","0","2024","4","",8,165,170,174,2770225,148215,4150,1256,"",0.71,0.84,0.86,0.88,0.95,0.79,1.96,1.11,"",1,14.3,-28,-14.5,-22,-11.5,-16,-8.4,-373638,-11.9,-38589,-20.7,2873,225.0,-6,-0.5
"13057","5","33231","77","0","2024","4","N",1,0,0,0,0,0,0,0,"N",0.20,0,0,0,0,0,0,0,"N",0,0.0,0,0,0,0,0,0,0,0,0,0,0,0,0,0
"13057","5","332311","78","0","2024","4","N",1,0,0,0,0,0,0,0,"N",0.98,0,0,0,0,0,0,0,"N",0,0.0,0,0,0,0,0,0,0,0,0,0,0,0,0,0
"13057","5","332312","78","0","2024","4","-",0,0,0,0,0,0,0,0,"N",0.00,0,0,0,0,0,0,0,"N",0,0,0,0,0,0,0,0,0,0,0,0,0,0,0,0
"13057","5","33232","77","0","2024","4","N",7,0,0,0,0,0,0,0,"N",1.11,0,0,0,0,0,0,0,"N",1,16.7,0,0,0,0,0,0,0,0,0,0,0,0,0,0
"13057","5","332321","78","0","2024","4","N",3,0,0,0,0,0,0,0,"N",2.86,0,0,0,0,0,0,0,"N",0,0.0,0,0,0,0,0,0,0,0,0,0,0,0,0,0
"13057","5","332322","78","0","2024","4","N",3,0,0,0,0,0,0,0,"N",0.99,0,0,0,0,0,0,0,"N",1,50.0,0,0,0,0,0,0,0,0,0,0,0,0,0,0
"13057","5","332323","78","0","2024","4","N",1,0,0,0,0,0,0,0,"N",0.45,0,0,0,0,0,0,0,"N",0,0.0,0,0,0,0,0,0,0,0,0,0,0,0,0,0
"13057","5","3324","76","0","2024","4","N",5,0,0,0,0,0,0,0,"N",3.43,0,0,0,0,0,0,0,"N",0,0.0,0,0,0,0,0,0,0,0,0,0,0,0,0,0
"13057","5","33242","77","0","2024","4","N",5,0,0,0,0,0,0,0,"N",7.43,0,0,0,0,0,0,0,"N",0,0.0,0,0,0,0,0,0,0,0,0,0,0,0,0,0
"13057","5","332420","78","0","2024","4","N",5,0,0,0,0,0,0,0,"N",7.43,0,0,0,0,0,0,0,"N",0,0.0,0,0,0,0,0,0,0,0,0,0,0,0,0,0
"13057","5","3325","76","0","2024","4","N",1,0,0,0,0,0,0,0,"N",1.70,0,0,0,0,0,0,0,"N",-1,-50.0,0,0,0,0,0,0,0,0,0,0,0,0,0,0
"13057","5","33251","77","0","2024","4","N",1,0,0,0,0,0,0,0,"N",1.70,0,0,0,0,0,0,0,"N",-1,-50.0,0,0,0,0,0,0,0,0,0,0,0,0,0,0
"13057","5","332510","78","0","2024","4","N",1,0,0,0,0,0,0,0,"N",1.70,0,0,0,0,0,0,0,"N",-1,-50.0,0,0,0,0,0,0,0,0,0,0,0,0,0,0
"13057","5","3327","76","0","2024","4","",10,196,196,197,2759605,73258,279,1081,"",0.71,1.24,1.24,1.24,1.25,0.58,0.20,1.01,"",1,11.1,-19,-8.8,-16,-7.5,-11,-5.3,382082,16.1,11044,17.8,-482,-63.3,217,25.1
"13057","5","33271","77","0","2024","4","",10,196,196,197,2759605,73258,279,1081,"",0.80,1.60,1.59,1.59,1.62,0.70,0.25,1.02,"",1,11.1,-19,-8.8,-16,-7.5,-11,-5.3,382082,16.1,11044,17.8,-482,-63.3,217,25.1
"13057","5","332710","78","0","2024","4","",10,196,196,197,2759605,73258,279,1081,"",0.80,1.60,1.59,1.59,1.62,0.70,0.25,1.02,"",1,11.1,-19,-8.8,-16,-7.5,-11,-5.3,382082,16.1,11044,17.8,-482,-63.3,217,25.1
"13057","5","3328","76","0","2024","4","",3,8,7,7,173230,20344,41,1817,"",0.73,0.13,0.11,0.11,0.22,0.39,0.07,1.85,"N",0,0.0,0,0,0,0,0,0,0,0,0,0,0,0,0,0
"13057","5","33281","77","0","2024","4","",3,8,7,7,173230,20344,41,1817,"",0.73,0.13,0.11,0.11,0.22,0.39,0.07,1.85,"N",0,0.0,0,0,0,0,0,0,0,0,0,0,0,0,0,0
"13057","5","332812","78","0","2024","4","N",2,0,0,0,0,0,0,0,"N",0.97,0,0,0,0,0,0,0,"N",0,0.0,0,0,0,0,0,0,0,0,0,0,0,0,0,0
"13057","5","332813","78","0","2024","4","N",1,0,0,0,0,0,0,0,"N",0.63,0,0,0,0,0,0,0,"N",0,0.0,0,0,0,0,0,0,0,0,0,0,0,0,0,0
"13057","5","3329","76","0","2024","4","",8,91,93,92,1897791,95124,884,1587,"",1.30,0.68,0.70,0.68,0.89,0.95,0.83,1.29,"",0,0.0,-31,-25.4,-35,-27.3,-34,-27.0,-446631,-19.1,40542,74.3,477,117.2,148,10.3
"13057","5","33291","77","0","2024","4","N",2,0,0,0,0,0,0,0,"N",1.50,0,0,0,0,0,0,0,"N",-1,-33.3,0,0,0,0,0,0,0,0,0,0,0,0,0,0
"13057","5","332919","78","0","2024","4","N",2,0,0,0,0,0,0,0,"N",8.75,0,0,0,0,0,0,0,"N",0,0.0,0,0,0,0,0,0,0,0,0,0,0,0,0,0
"13057","5","33299","77","0","2024","4","N",6,0,0,0,0,0,0,0,"N",1.25,0,0,0,0,0,0,0,"N",1,20.0,0,0,0,0,0,0,0,0,0,0,0,0,0,0
"13057","5","332994","78","0","2024","4","N",2,0,0,0,0,0,0,0,"N",3.46,0,0,0,0,0,0,0,"N",1,100.0,0,0,0,0,0,0,0,0,0,0,0,0,0,0
"13057","5","332996","78","0","2024","4","N",1,0,0,0,0,0,0,0,"N",1.54,0,0,0,0,0,0,0,"N",0,0.0,0,0,0,0,0,0,0,0,0,0,0,0,0,0
"13057","5","332999","78","0","2024","4","N",3,0,0,0,0,0,0,0,"N",0.94,0,0,0,0,0,0,0,"N",1,50.0,0,0,0,0,0,0,0,0,0,0,0,0,0,0
"13057","5","333","75","0","2024","4","",21,441,435,439,8345192,150386,688,1464,"",0.90,0.84,0.83,0.83,0.93,0.41,0.17,1.12,"",0,0.0,-30,-6.4,-31,-6.7,-22,-4.8,-288346,-3.3,-52858,-26.0,-1522,-68.9,39,2.7
"13057","5","3332","76","0","2024","4","N",6,0,0,0,0,0,0,0,"N",1.61,0,0,0,0,0,0,0,"N",1,20.0,0,0,0,0,0,0,0,0,0,0,0,0,0,0
"13057","5","33324","77","0","2024","4","N",6,0,0,0,0,0,0,0,"N",1.61,0,0,0,0,0,0,0,"N",1,20.0,0,0,0,0,0,0,0,0,0,0,0,0,0,0
"13057","5","333241","78","0","2024","4","N",2,0,0,0,0,0,0,0,"N",3.11,0,0,0,0,0,0,0,"N",0,0.0,0,0,0,0,0,0,0,0,0,0,0,0,0,0
"13057","5","333243","78","0","2024","4","N",1,0,0,0,0,0,0,0,"N",2.69,0,0,0,0,0,0,0,"N",0,0.0,0,0,0,0,0,0,0,0,0,0,0,0,0,0
"13057","5","333248","78","0","2024","4","",3,11,12,11,205008,4040,2,1391,"",1.24,0.34,0.37,0.34,0.36,0.16,0.01,1.03,"N",1,50.0,0,0,0,0,0,0,0,0,0,0,0,0,0,0
"13057","5","3333","76","0","2024","4","N",5,0,0,0,0,0,0,0,"N",2.36,0,0,0,0,0,0,0,"N",-1,-16.7,0,0,0,0,0,0,0,0,0,0,0,0,0,0
"13057","5","33331","77","0","2024","4","N",5,0,0,0,0,0,0,0,"N",2.36,0,0,0,0,0,0,0,"N",-1,-16.7,0,0,0,0,0,0,0,0,0,0,0,0,0,0
"13057","5","333310","78","0","2024","4","N",5,0,0,0,0,0,0,0,"N",2.36,0,0,0,0,0,0,0,"N",-1,-16.7,0,0,0,0,0,0,0,0,0,0,0,0,0,0
"13057","5","3334","76","0","2024","4","N",4,0,0,0,0,0,0,0,"N",1.94,0,0,0,0,0,0,0,"N",0,0.0,0,0,0,0,0,0,0,0,0,0,0,0,0,0
"13057","5","33341","77","0","2024","4","N",4,0,0,0,0,0,0,0,"N",1.94,0,0,0,0,0,0,0,"N",0,0.0,0,0,0,0,0,0,0,0,0,0,0,0,0,0
"13057","5","333413","78","0","2024","4","N",3,0,0,0,0,0,0,0,"N",4.85,0,0,0,0,0,0,0,"N",0,0.0,0,0,0,0,0,0,0,0,0,0,0,0,0,0
"13057","5","333415","78","0","2024","4","N",1,0,0,0,0,0,0,0,"N",0.94,0,0,0,0,0,0,0,"N",0,0.0,0,0,0,0,0,0,0,0,0,0,0,0,0,0
"13057","5","3335","76","0","2024","4","N",1,0,0,0,0,0,0,0,"N",0.20,0,0,0,0,0,0,0,"N",0,0.0,0,0,0,0,0,0,0,0,0,0,0,0,0,0
"13057","5","33351","77","0","2024","4","N",1,0,0,0,0,0,0,0,"N",0.20,0,0,0,0,0,0,0,"N",0,0.0,0,0,0,0,0,0,0,0,0,0,0,0,0,0
"13057","5","333517","78","0","2024","4","N",1,0,0,0,0,0,0,0,"N",0.72,0,0,0,0,0,0,0,"N",0,0.0,0,0,0,0,0,0,0,0,0,0,0,0,0,0
"13057","5","3336","76","0","2024","4","N",1,0,0,0,0,0,0,0,"N",1.02,0,0,0,0,0,0,0,"N",0,0.0,0,0,0,0,0,0,0,0,0,0,0,0,0,0
"13057","5","33361","77","0","2024","4","N",1,0,0,0,0,0,0,0,"N",1.02,0,0,0,0,0,0,0,"N",0,0.0,0,0,0,0,0,0,0,0,0,0,0,0,0,0
"13057","5","333611","78","0","2024","4","N",1,0,0,0,0,0,0,0,"N",3.59,0,0,0,0,0,0,0,"N",0,0.0,0,0,0,0,0,0,0,0,0,0,0,0,0,0
"13057","5","3339","76","0","2024","4","",4,31,30,30,602962,152,1,1529,"",0.65,0.23,0.22,0.22,0.27,0.00,0.00,1.19,"",0,0.0,-3,-8.8,-2,-6.2,-3,-9.1,49044,8.9,-58292,-99.7,-871,-99.9,238,18.4
"13057","5","33392","77","0","2024","4","N",2,0,0,0,0,0,0,0,"N",1.22,0,0,0,0,0,0,0,"N",0,0.0,0,0,0,0,0,0,0,0,0,0,0,0,0,0
"13057","5","333922","78","0","2024","4","N",1,0,0,0,0,0,0,0,"N",1.29,0,0,0,0,0,0,0,"N",0,0.0,0,0,0,0,0,0,0,0,0,0,0,0,0,0
"13057","5","333923","78","0","2024","4","N",1,0,0,0,0,0,0,0,"N",3.00,0,0,0,0,0,0,0,"N",0,0.0,0,0,0,0,0,0,0,0,0,0,0,0,0,0
"13057","5","33399","77","0","2024","4","N",2,0,0,0,0,0,0,0,"N",0.57,0,0,0,0,0,0,0,"N",0,0.0,0,0,0,0,0,0,0,0,0,0,0,0,0,0
"13057","5","333993","78","0","2024","4","N",1,0,0,0,0,0,0,0,"N",1.49,0,0,0,0,0,0,0,"N",0,0.0,0,0,0,0,0,0,0,0,0,0,0,0,0,0
"13057","5","333998","78","0","2024","4","N",1,0,0,0,0,0,0,0,"N",0.71,0,0,0,0,0,0,0,"N",0,0.0,0,0,0,0,0,0,0,0,0,0,0,0,0,0
"13057","5","334","75","0","2024","4","",21,64,62,61,1424986,48716,577,1759,"",1.19,0.13,0.13,0.13,0.10,0.15,0.18,0.76,"",3,16.7,-8,-11.1,-9,-12.7,-8,-11.6,80147,6.0,10896,28.8,99,20.7,295,20.2
"13057","5","3342","76","0","2024","4","N",1,0,0,0,0,0,0,0,"N",0.50,0,0,0,0,0,0,0,"N",0,0.0,0,0,0,0,0,0,0,0,0,0,0,0,0,0
"13057","5","33422","77","0","2024","4","N",1,0,0,0,0,0,0,0,"N",0.89,0,0,0,0,0,0,0,"N",0,0.0,0,0,0,0,0,0,0,0,0,0,0,0,0,0
"13057","5","334220","78","0","2024","4","N",1,0,0,0,0,0,0,0,"N",0.89,0,0,0,0,0,0,0,"N",0,0.0,0,0,0,0,0,0,0,0,0,0,0,0,0,0
"13057","5","3343","76","0","2024","4","N",3,0,0,0,0,0,0,0,"N",3.99,0,0,0,0,0,0,0,"N",2,200.0,0,0,0,0,0,0,0,0,0,0,0,0,0,0
"13057","5","33431","77","0","2024","4","N",3,0,0,0,0,0,0,0,"N",3.99,0,0,0,0,0,0,0,"N",2,200.0,0,0,0,0,0,0,0,0,0,0,0,0,0,0
"13057","5","334310","78","0","2024","4","N",3,0,0,0,0,0,0,0,"N",3.99,0,0,0,0,0,0,0,"N",2,200.0,0,0,0,0,0,0,0,0,0,0,0,0,0,0
"13057","5","3344","76","0","2024","4","N",6,0,0,0,0,0,0,0,"N",1.26,0,0,0,0,0,0,0,"N",0,0.0,0,0,0,0,0,0,0,0,0,0,0,0,0,0
"13057","5","33441","77","0","2024","4","N",6,0,0,0,0,0,0,0,"N",1.26,0,0,0,0,0,0,0,"N",0,0.0,0,0,0,0,0,0,0,0,0,0,0,0,0,0
"13057","5","334412","78","0","2024","4","N",1,0,0,0,0,0,0,0,"N",2.85,0,0,0,0,0,0,0,"N",0,0.0,0,0,0,0,0,0,0,0,0,0,0,0,0,0
"13057","5","334413","78","0","2024","4","N",1,0,0,0,0,0,0,0,"N",0.59,0,0,0,0,0,0,0,"N",1,100.0,0,0,0,0,0,0,0,0,0,0,0,0,0,0
"13057","5","334418","78","0","2024","4","N",2,0,0,0,0,0,0,0,"N",2.40,0,0,0,0,0,0,0,"N",0,0.0,0,0,0,0,0,0,0,0,0,0,0,0,0,0
"13057","5","334419","78","0","2024","4","N",2,0,0,0,0,0,0,0,"N",1.52,0,0,0,0,0,0,0,"N",-1,-33.3,0,0,0,0,0,0,0,0,0,0,0,0,0,0
"13057","5","3345","76","0","2024","4","",11,41,39,38,916101,22900,503,1792,"",1.48,0.21,0.20,0.19,0.20,0.19,0.44,1.00,"",2,22.2,-13,-24.1,-14,-26.4,-13,-25.5,-205878,-18.3,1021,4.7,73,17.0,153,9.3
"13057","5","33451","77","0","2024","4","",11,41,39,38,916101,22900,503,1792,"",1.48,0.21,0.20,0.19,0.20,0.19,0.44,1.00,"",2,22.2,-13,-24.1,-14,-26.4,-13,-25.5,-205878,-18.3,1021,4.7,73,17.0,153,9.3
"13057","5","334510","78","0","2024","4","N",3,0,0,0,0,0,0,0,"N",2.01,0,0,0,0,0,0,0,"N",2,200.0,0,0,0,0,0,0,0,0,0,0,0,0,0,0
"13057","5","334511","78","0","2024","4","N",1,0,0,0,0,0,0,0,"N",1.02,0,0,0,0,0,0,0,"N",0,0.0,0,0,0,0,0,0,0,0,0,0,0,0,0,0
"13057","5","334513","78","0","2024","4","",5,7,8,8,161361,8879,157,1619,"",3.39,0.26,0.30,0.30,0.34,0.44,0.90,1.19,"",0,0.0,0,0.0,-1,-11.1,0,0.0,15879,10.9,-4880,-35.5,-139,-47.0,220,15.7
"13057","5","334515","78","0","2024","4","N",2,0,0,0,0,0,0,0,"N",2.27,0,0,0,0,0,0,0,"N",0,0.0,0,0,0,0,0,0,0,0,0,0,0,0,0,0
"13057","5","335","75","0","2024","4","",9,249,247,259,3586976,229857,509,1096,"",1.24,1.24,1.21,1.27,1.07,1.34,0.28,0.86,"",1,12.5,44,21.5,37,17.6,52,25.1,187685,5.5,66009,40.3,-703,-58.0,-165,-13.1
"13057","5","3351","76","0","2024","4","N",1,0,0,0,0,0,0,0,"N",0.75,0,0,0,0,0,0,0,"N",0,0.0,0,0,0,0,0,0,0,0,0,0,0,0,0,0
"13057","5","33513","77","0","2024","4","N",1,0,0,0,0,0,0,0,"N",0.75,0,0,0,0,0,0,0,"N",0,0.0,0,0,0,0,0,0,0,0,0,0,0,0,0,0
"13057","5","335132","78","0","2024","4","N",1,0,0,0,0,0,0,0,"N",1.67,0,0,0,0,0,0,0,"N",0,0.0,0,0,0,0,0,0,0,0,0,0,0,0,0,0
"13057","5","3352","76","0","2024","4","N",1,0,0,0,0,0,0,0,"N",2.00,0,0,0,0,0,0,0,"N",0,0.0,0,0,0,0,0,0,0,0,0,0,0,0,0,0
"13057","5","33521","77","0","2024","4","N",1,0,0,0,0,0,0,0,"N",3.51,0,0,0,0,0,0,0,"N",0,0.0,0,0,0,0,0,0,0,0,0,0,0,0,0,0
"13057","5","335210","78","0","2024","4","N",1,0,0,0,0,0,0,0,"N",3.51,0,0,0,0,0,0,0,"N",0,0.0,0,0,0,0,0,0,0,0,0,0,0,0,0,0
"13057","5","3359","76","0","2024","4","",7,247,243,255,3504745,228392,492,1086,"",2.12,3.04,2.95,3.07,2.47,2.81,0.52,0.82,"",1,16.7,44,21.7,35,16.8,50,24.4,154321,4.6,64544,39.4,-720,-59.4,-169,-13.5
"13057","5","33591","77","0","2024","4","N",1,0,0,0,0,0,0,0,"N",1.57,0,0,0,0,0,0,0,"N",0,0.0,0,0,0,0,0,0,0,0,0,0,0,0,0,0
"13057","5","335910","78","0","2024","4","N",1,0,0,0,0,0,0,0,"N",1.57,0,0,0,0,0,0,0,"N",0,0.0,0,0,0,0,0,0,0,0,0,0,0,0,0,0
"13057","5","33592","77","0","2024","4","N",1,0,0,0,0,0,0,0,"N",2.43,0,0,0,0,0,0,0,"N",0,0.0,0,0,0,0,0,0,0,0,0,0,0,0,0,0
"13057","5","335929","78","0","2024","4","N",1,0,0,0,0,0,0,0,"N",4.75,0,0,0,0,0,0,0,"N",0,0.0,0,0,0,0,0,0,0,0,0,0,0,0,0,0
"13057","5","33593","77","0","2024","4","N",1,0,0,0,0,0,0,0,"N",1.92,0,0,0,0,0,0,0,"N",0,0.0,0,0,0,0,0,0,0,0,0,0,0,0,0,0
"13057","5","335931","78","0","2024","4","N",1,0,0,0,0,0,0,0,"N",2.62,0,0,0,0,0,0,0,"N",0,0.0,0,0,0,0,0,0,0,0,0,0,0,0,0,0
"13057","5","33599","77","0","2024","4","N",4,0,0,0,0,0,0,0,"N",2.32,0,0,0,0,0,0,0,"N",1,33.3,0,0,0,0,0,0,0,0,0,0,0,0,0,0
"13057","5","335999","78","0","2024","4","N",4,0,0,0,0,0,0,0,"N",2.60,0,0,0,0,0,0,0,"N",1,33.3,0,0,0,0,0,0,0,0,0,0,0,0,0,0
"13057","5","336","75","0","2024","4","",9,617,603,590,9249519,97656,387,1179,"",0.71,0.76,0.72,0.70,0.64,0.20,0.07,0.88,"N",4,80.0,0,0,0,0,0,0,0,0,0,0,0,0,0,0
"13057","5","3361","76","0","2024","4","N",2,0,0,0,0,0,0,0,"N",3.23,0,0,0,0,0,0,0,"N",1,100.0,0,0,0,0,0,0,0,0,0,0,0,0,0,0
"13057","5","33612","77","0","2024","4","N",2,0,0,0,0,0,0,0,"N",9.91,0,0,0,0,0,0,0,"N",1,100.0,0,0,0,0,0,0,0,0,0,0,0,0,0,0
"13057","5","336120","78","0","2024","4","N",2,0,0,0,0,0,0,0,"N",9.91,0,0,0,0,0,0,0,"N",1,100.0,0,0,0,0,0,0,0,0,0,0,0,0,0,0
"13057","5","3363","76","0","2024","4","N",1,0,0,0,0,0,0,0,"N",0.23,0,0,0,0,0,0,0,"N",0,0.0,0,0,0,0,0,0,0,0,0,0,0,0,0,0
"13057","5","33639","77","0","2024","4","N",1,0,0,0,0,0,0,0,"N",0.73,0,0,0,0,0,0,0,"N",0,0.0,0,0,0,0,0,0,0,0,0,0,0,0,0,0
"13057","5","336390","78","0","2024","4","N",1,0,0,0,0,0,0,0,"N",0.73,0,0,0,0,0,0,0,"N",0,0.0,0,0,0,0,0,0,0,0,0,0,0,0,0,0
"13057","5","3364","76","0","2024","4","N",4,0,0,0,0,0,0,0,"N",1.28,0,0,0,0,0,0,0,"N",3,300.0,0,0,0,0,0,0,0,0,0,0,0,0,0,0
"13057","5","33641","77","0","2024","4","N",4,0,0,0,0,0,0,0,"N",1.28,0,0,0,0,0,0,0,"N",3,300.0,0,0,0,0,0,0,0,0,0,0,0,0,0,0
"13057","5","336411","78","0","2024","4","N",2,0,0,0,0,0,0,0,"N",2.23,0,0,0,0,0,0,0,"N",2,100.0,0,0,0,0,0,0,0,0,0,0,0,0,0,0
"13057","5","336413","78","0","2024","4","N",2,0,0,0,0,0,0,0,"N",1.56,0,0,0,0,0,0,0,"N",1,100.0,0,0,0,0,0,0,0,0,0,0,0,0,0,0
"13057","5","3369","76","0","2024","4","N",2,0,0,0,0,0,0,0,"N",2.03,0,0,0,0,0,0,0,"N",0,0.0,0,0,0,0,0,0,0,0,0,0,0,0,0,0
"13057","5","33699","77","0","2024","4","N",2,0,0,0,0,0,0,0,"N",2.03,0,0,0,0,0,0,0,"N",0,0.0,0,0,0,0,0,0,0,0,0,0,0,0,0,0
"13057","5","336991","78","0","2024","4","N",1,0,0,0,0,0,0,0,"N",2.63,0,0,0,0,0,0,0,"N",0,0.0,0,0,0,0,0,0,0,0,0,0,0,0,0,0
"13057","5","336999","78","0","2024","4","N",1,0,0,0,0,0,0,0,"N",1.88,0,0,0,0,0,0,0,"N",0,0.0,0,0,0,0,0,0,0,0,0,0,0,0,0,0
"13057","5","337","75","0","2024","4","",19,262,240,242,4556046,152836,2285,1413,"",1.56,1.62,1.48,1.49,2.41,0.86,1.39,1.57,"",-2,-9.5,32,13.9,7,3.0,5,2.1,540804,13.5,-26465,-14.8,-753,-24.8,89,6.7
"13057","5","3371","76","0","2024","4","",11,110,95,95,1212430,62823,188,933,"",1.30,1.07,0.92,0.92,1.09,0.52,0.19,1.13,"",-1,-8.3,15,15.8,3,3.3,1,1.1,137059,12.7,4433,7.6,18,10.6,50,5.7
"13057","5","33711","77","0","2024","4","",5,42,35,37,449627,17143,99,910,"",0.94,0.77,0.64,0.68,0.76,0.24,0.16,1.09,"N",-2,-28.6,0,0,0,0,0,0,0,0,0,0,0,0,0,0
"13057","5","337110","78","0","2024","4","",5,42,35,37,449627,17143,99,910,"",0.94,0.77,0.64,0.68,0.76,0.24,0.16,1.09,"N",-2,-28.6,0,0,0,0,0,0,0,0,0,0,0,0,0,0
"13057","5","33712","77","0","2024","4","",6,68,60,58,762803,45680,89,946,"",1.91,1.41,1.23,1.19,1.47,0.89,0.22,1.15,"N",1,20.0,0,0,0,0,0,0,0,0,0,0,0,0,0,0
"13057","5","337122","78","0","2024","4","N",3,0,0,0,0,0,0,0,"N",1.82,0,0,0,0,0,0,0,"N",0,0.0,0,0,0,0,0,0,0,0,0,0,0,0,0,0
"13057","5","337126","78","0","2024","4","N",1,0,0,0,0,0,0,0,"N",2.41,0,0,0,0,0,0,0,"N",1,100.0,0,0,0,0,0,0,0,0,0,0,0,0,0,0
"13057","5","337127","78","0","2024","4","N",2,0,0,0,0,0,0,0,"N",3.98,0,0,0,0,0,0,0,"N",0,0.0,0,0,0,0,0,0,0,0,0,0,0,0,0,0
"13057","5","3372","76","0","2024","4","",8,152,145,147,3343616,90013,2097,1738,"",2.66,3.29,3.12,3.16,5.24,2.13,4.19,1.64,"",-1,-11.1,17,12.6,4,2.8,4,2.8,403745,13.7,-30898,-25.6,-771,-26.9,119,7.4
"13057","5","33721","77","0","2024","4","",8,152,145,147,3343616,90013,2097,1738,"",2.66,3.29,3.12,3.16,5.24,2.13,4.19,1.64,"",-1,-11.1,17,12.6,4,2.8,4,2.8,403745,13.7,-30898,-25.6,-771,-26.9,119,7.4
"13057","5","337212","78","0","2024","4","N",4,0,0,0,0,0,0,0,"N",2.79,0,0,0,0,0,0,0,"N",0,0.0,0,0,0,0,0,0,0,0,0,0,0,0,0,0
"13057","5","337214","78","0","2024","4","N",1,0,0,0,0,0,0,0,"N",3.21,0,0,0,0,0,0,0,"N",-1,-50.0,0,0,0,0,0,0,0,0,0,0,0,0,0,0
"13057","5","337215","78","0","2024","4","",3,29,25,26,439056,23840,169,1267,"",3.37,1.64,1.40,1.46,1.89,1.50,0.99,1.26,"N",0,0.0,0,0,0,0,0,0,0,0,0,0,0,0,0,0
"13057","5","339","75","0","2024","4","",28,442,456,456,8453419,378012,1024,1441,"",1.11,1.52,1.56,1.55,1.88,1.38,0.37,1.22,"",0,0.0,11,2.6,36,8.6,25,5.8,1239493,17.2,2337,0.6,-6056,-85.5,142,10.9
"13057","5","3391","76","0","2024","4","N",8,0,0,0,0,0,0,0,"N",0.83,0,0,0,0,0,0,0,"N",-1,-11.1,0,0,0,0,0,0,0,0,0,0,0,0,0,0
"13057","5","33911","77","0","2024","4","N",8,0,0,0,0,0,0,0,"N",0.83,0,0,0,0,0,0,0,"N",-1,-11.1,0,0,0,0,0,0,0,0,0,0,0,0,0,0
"13057","5","339112","78","0","2024","4","N",2,0,0,0,0,0,0,0,"N",0.69,0,0,0,0,0,0,0,"N",0,0.0,0,0,0,0,0,0,0,0,0,0,0,0,0,0
"13057","5","339113","78","0","2024","4","N",3,0,0,0,0,0,0,0,"N",1.26,0,0,0,0,0,0,0,"N",0,0.0,0,0,0,0,0,0,0,0,0,0,0,0,0,0
"13057","5","339116","78","0","2024","4","N",3,0,0,0,0,0,0,0,"N",0.90,0,0,0,0,0,0,0,"N",-1,-25.0,0,0,0,0,0,0,0,0,0,0,0,0,0,0
"13057","5","3399","76","0","2024","4","N",20,0,0,0,0,0,0,0,"N",1.27,0,0,0,0,0,0,0,"N",1,5.3,0,0,0,0,0,0,0,0,0,0,0,0,0,0
"13057","5","33991","77","0","2024","4","",3,7,7,5,52641,18861,65,639,"",2.01,0.70,0.68,0.48,0.42,1.58,0.48,0.67,"",0,0.0,1,16.7,1,16.7,0,0.0,9742,22.7,643,3.5,-176,-73.0,57,9.8
"13057","5","339910","78","0","2024","4","",3,7,7,5,52641,18861,65,639,"",2.01,0.70,0.68,0.48,0.42,1.58,0.48,0.67,"",0,0.0,1,16.7,1,16.7,0,0.0,9742,22.7,643,3.5,-176,-73.0,57,9.8
"13057","5","33992","77","0","2024","4","N",2,0,0,0,0,0,0,0,"N",1.31,0,0,0,0,0,0,0,"N",-1,-33.3,0,0,0,0,0,0,0,0,0,0,0,0,0,0
"13057","5","339920","78","0","2024","4","N",2,0,0,0,0,0,0,0,"N",1.31,0,0,0,0,0,0,0,"N",-1,-33.3,0,0,0,0,0,0,0,0,0,0,0,0,0,0
"13057","5","33993","77","0","2024","4","N",2,0,0,0,0,0,0,0,"N",3.19,0,0,0,0,0,0,0,"N",0,0.0,0,0,0,0,0,0,0,0,0,0,0,0,0,0
"13057","5","339930","78","0","2024","4","N",2,0,0,0,0,0,0,0,"N",3.19,0,0,0,0,0,0,0,"N",0,0.0,0,0,0,0,0,0,0,0,0,0,0,0,0,0
"13057","5","33995","77","0","2024","4","",9,17,17,17,174243,32664,53,788,"",1.76,0.47,0.46,0.46,0.37,0.87,0.13,0.80,"",1,12.5,0,0.0,0,0.0,1,6.2,19609,12.7,-3447,-9.5,-52,-49.5,74,10.4
"13057","5","339950","78","0","2024","4","",9,17,17,17,174243,32664,53,788,"",1.76,0.47,0.46,0.46,0.37,0.87,0.13,0.80,"",1,12.5,0,0.0,0,0.0,1,6.2,19609,12.7,-3447,-9.5,-52,-49.5,74,10.4
"13057","5","33999","77","0","2024","4","",4,22,21,24,847082,28809,664,2918,"",0.61,0.36,0.34,0.39,1.00,0.46,0.92,2.74,"",1,33.3,15,214.3,14,200.0,6,33.3,634804,299.0,-20147,-41.2,-555,-45.5,1387,90.6
"13057","5","339999","78","0","2024","4","",4,22,21,24,847082,28809,664,2918,"",0.77,0.63,0.59,0.68,1.68,0.63,1.20,2.65,"",1,33.3,15,214.3,14,200.0,6,33.3,634804,299.0,-20147,-41.2,-555,-45.5,1387,90.6
"13057","5","42","74","0","2024","4","",407,2148,2166,2170,53176357,1802625,16626,1893,"",0.95,0.74,0.74,0.74,0.93,0.68,0.60,1.27,"",18,4.6,126,6.2,93,4.5,82,3.9,4528404,9.3,-189507,-9.5,-6014,-26.6,77,4.2
"13057","5","423","75","0","2024","4","",174,1181,1174,1174,26469758,854898,9686,1731,"",0.76,0.73,0.72,0.72,0.81,0.61,0.67,1.13,"",20,13.0,76,6.9,64,5.8,52,4.6,3162966,13.6,-135074,-13.6,-3720,-27.7,119,7.4
"13057","5","4231","76","0","2024","4","",16,100,97,101,2192922,62382,642,1698,"",0.88,0.56,0.54,0.56,0.82,0.38,0.38,1.47,"",3,23.1,-2,-2.0,-7,-6.7,-4,-3.8,303043,16.0,-9135,-12.8,24,3.9,296,21.1
"13057","5","42311","77","0","2024","4","N",1,0,0,0,0,0,0,0,"N",0.19,0,0,0,0,0,0,0,"N",0,0.0,0,0,0,0,0,0,0,0,0,0,0,0,0,0
"13057","5","423110","78","0","2024","4","N",1,0,0,0,0,0,0,0,"N",0.19,0,0,0,0,0,0,0,"N",0,0.0,0,0,0,0,0,0,0,0,0,0,0,0,0,0
"13057","5","42312","77","0","2024","4","",12,87,84,87,1994647,48868,383,1784,"",1.21,1.03,0.99,1.02,1.64,0.63,0.44,1.62,"",2,20.0,-3,-3.3,-7,-7.7,-6,-6.5,342916,20.8,-17782,-26.7,-232,-37.7,393,28.3
"13057","5","423120","78","0","2024","4","",12,87,84,87,1994647,48868,383,1784,"",1.21,1.03,0.99,1.02,1.64,0.63,0.44,1.62,"",2,20.0,-3,-3.3,-7,-7.7,-6,-6.5,342916,20.8,-17782,-26.7,-232,-37.7,393,28.3
"13057","5","42313","77","0","2024","4","N",1,0,0,0,0,0,0,0,"N",0.59,0,0,0,0,0,0,0,"N",0,0.0,0,0,0,0,0,0,0,0,0,0,0,0,0,0
"13057","5","423130","78","0","2024","4","N",1,0,0,0,0,0,0,0,"N",0.59,0,0,0,0,0,0,0,"N",0,0.0,0,0,0,0,0,0,0,0,0,0,0,0,0,0
"13057","5","42314","77","0","2024","4","N",2,0,0,0,0,0,0,0,"N",1.41,0,0,0,0,0,0,0,"N",1,100.0,0,0,0,0,0,0,0,0,0,0,0,0,0,0
"13057","5","423140","78","0","2024","4","N",2,0,0,0,0,0,0,0,"N",1.41,0,0,0,0,0,0,0,"N",1,100.0,0,0,0,0,0,0,0,0,0,0,0,0,0,0
"13057","5","4232","76","0","2024","4","",11,366,376,374,7326448,221657,1231,1515,"",1.22,6.98,7.15,7.10,8.59,4.19,1.96,1.21,"",-3,-21.4,-29,-7.3,-22,-5.5,-26,-6.5,-758188,-9.4,-38526,-14.8,-334,-21.3,-49,-3.1
"13057","5","42321","77","0","2024","4","N",5,0,0,0,0,0,0,0,"N",1.21,0,0,0,0,0,0,0,"N",0,0.0,0,0,0,0,0,0,0,0,0,0,0,0,0,0
"13057","5","423210","78","0","2024","4","N",5,0,0,0,0,0,0,0,"N",1.21,0,0,0,0,0,0,0,"N",0,0.0,0,0,0,0,0,0,0,0,0,0,0,0,0,0
"13057","5","42322","77","0","2024","4","N",6,0,0,0,0,0,0,0,"N",1.23,0,0,0,0,0,0,0,"N",-3,-33.3,0,0,0,0,0,0,0,0,0,0,0,0,0,0
"13057","5","423220","78","0","2024","4","N",6,0,0,0,0,0,0,0,"N",1.23,0,0,0,0,0,0,0,"N",-3,-33.3,0,0,0,0,0,0,0,0,0,0,0,0,0,0
"13057","5","4233","76","0","2024","4","",16,60,62,59,1378085,84512,1941,1757,"",0.92,0.47,0.49,0.47,0.66,0.65,1.37,1.38,"",6,60.0,16,36.4,17,37.8,7,13.5,358251,35.1,-65847,-43.8,-1827,-48.5,88,5.3
"13057","5","42331","77","0","2024","4","N",7,0,0,0,0,0,0,0,"N",1.07,0,0,0,0,0,0,0,"N",3,75.0,0,0,0,0,0,0,0,0,0,0,0,0,0,0
"13057","5","423310","78","0","2024","4","N",7,0,0,0,0,0,0,0,"N",1.07,0,0,0,0,0,0,0,"N",3,75.0,0,0,0,0,0,0,0,0,0,0,0,0,0,0
"13057","5","42332","77","0","2024","4","N",5,0,0,0,0,0,0,0,"N",1.13,0,0,0,0,0,0,0,"N",1,25.0,0,0,0,0,0,0,0,0,0,0,0,0,0,0
"13057","5","423320","78","0","2024","4","N",5,0,0,0,0,0,0,0,"N",1.13,0,0,0,0,0,0,0,"N",1,25.0,0,0,0,0,0,0,0,0,0,0,0,0,0,0
"13057","5","42339","77","0","2024","4","N",4,0,0,0,0,0,0,0,"N",1.11,0,0,0,0,0,0,0,"N",2,100.0,0,0,0,0,0,0,0,0,0,0,0,0,0,0
"13057","5","423390","78","0","2024","4","N",4,0,0,0,0,0,0,0,"N",1.11,0,0,0,0,0,0,0,"N",2,100.0,0,0,0,0,0,0,0,0,0,0,0,0,0,0
"13057","5","4234","76","0","2024","4","",35,147,138,146,3109869,142524,1716,1665,"",0.71,0.42,0.39,0.41,0.33,0.54,0.58,0.83,"",1,2.9,25,20.5,19,16.0,30,25.9,343995,12.4,38158,36.6,478,38.6,-123,-6.9
"13057","5","42341","77","0","2024","4","N",2,0,0,0,0,0,0,0,"N",2.38,0,0,0,0,0,0,0,"N",0,0.0,0,0,0,0,0,0,0,0,0,0,0,0,0,0
"13057","5","423410","78","0","2024","4","N",2,0,0,0,0,0,0,0,"N",2.38,0,0,0,0,0,0,0,"N",0,0.0,0,0,0,0,0,0,0,0,0,0,0,0,0,0
"13057","5","42342","77","0","2024","4","",3,8,7,9,187985,25593,179,1808,"",0.77,0.25,0.22,0.28,0.35,0.94,0.62,1.40,"N",0,0.0,0,0,0,0,0,0,0,0,0,0,0,0,0,0
"13057","5","423420","78","0","2024","4","",3,8,7,9,187985,25593,179,1808,"",0.77,0.25,0.22,0.28,0.35,0.94,0.62,1.40,"N",0,0.0,0,0,0,0,0,0,0,0,0,0,0,0,0,0
"13057","5","42343","77","0","2024","4","",12,51,50,53,1012464,39449,225,1517,"",1.04,0.47,0.46,0.49,0.26,0.56,0.27,0.55,"",1,9.1,23,82.1,22,78.6,26,96.3,233572,30.0,24761,168.6,120,114.3,-649,-30.0
"13057","5","423430","78","0","2024","4","",12,51,50,53,1012464,39449,225,1517,"",1.04,0.47,0.46,0.49,0.26,0.56,0.27,0.55,"",1,9.1,23,82.1,22,78.6,26,96.3,233572,30.0,24761,168.6,120,114.3,-649,-30.0
"13057","5","42344","77","0","2024","4","N",1,0,0,0,0,0,0,0,"N",0.22,0,0,0,0,0,0,0,"N",0,0.0,0,0,0,0,0,0,0,0,0,0,0,0,0,0
"13057","5","423440","78","0","2024","4","N",1,0,0,0,0,0,0,0,"N",0.22,0,0,0,0,0,0,0,"N",0,0.0,0,0,0,0,0,0,0,0,0,0,0,0,0,0
"13057","5","42345","77","0","2024","4","",13,72,65,68,1493337,77482,1312,1681,"",0.55,0.47,0.42,0.44,0.40,0.67,1.03,0.89,"",1,8.3,6,9.1,-1,-1.5,3,4.6,80192,5.7,25241,48.3,364,38.4,26,1.6
"13057","5","423450","78","0","2024","4","",13,72,65,68,1493337,77482,1312,1681,"",0.55,0.47,0.42,0.44,0.40,0.67,1.03,0.89,"",1,8.3,6,9.1,-1,-1.5,3,4.6,80192,5.7,25241,48.3,364,38.4,26,1.6
"13057","5","42349","77","0","2024","4","",4,4,4,4,75517,0,0,1452,"",1.23,0.22,0.22,0.22,0.20,0.00,0.00,0.93,"",0,0.0,-1,-20.0,-1,-20.0,-1,-20.0,-15149,-16.7,0,0.0,0,0.0,57,4.1
"13057","5","423490","78","0","2024","4","",4,4,4,4,75517,0,0,1452,"",1.23,0.22,0.22,0.22,0.20,0.00,0.00,0.93,"",0,0.0,-1,-20.0,-1,-20.0,-1,-20.0,-15149,-16.7,0,0.0,0,0.0,57,4.1
"13057","5","4235","76","0","2024","4","N",5,0,0,0,0,0,0,0,"N",0.64,0,0,0,0,0,0,0,"N",1,25.0,0,0,0,0,0,0,0,0,0,0,0,0,0,0
"13057","5","42351","77","0","2024","4","N",5,0,0,0,0,0,0,0,"N",0.67,0,0,0,0,0,0,0,"N",1,25.0,0,0,0,0,0,0,0,0,0,0,0,0,0,0
"13057","5","423510","78","0","2024","4","N",5,0,0,0,0,0,0,0,"N",0.67,0,0,0,0,0,0,0,"N",1,25.0,0,0,0,0,0,0,0,0,0,0,0,0,0,0
"13057","5","4236","76","0","2024","4","",20,62,59,59,1415545,47830,429,1815,"",0.75,0.35,0.33,0.33,0.36,0.34,0.30,1.07,"",3,17.6,-2,-3.1,-5,-7.8,-8,-11.9,-46163,-3.2,-44662,-48.3,-1396,-76.5,85,4.9
"13057","5","42361","77","0","2024","4","",10,45,44,41,1015326,27070,294,1802,"",0.77,0.47,0.46,0.42,0.53,0.35,0.38,1.18,"",0,0.0,-6,-11.8,-7,-13.7,-11,-21.2,-154080,-13.2,-38042,-58.4,-792,-72.9,50,2.9
"13057","5","423610","78","0","2024","4","",10,45,44,41,1015326,27070,294,1802,"",0.77,0.47,0.46,0.42,0.53,0.35,0.38,1.18,"",0,0.0,-6,-11.8,-7,-13.7,-11,-21.2,-154080,-13.2,-38042,-58.4,-792,-72.9,50,2.9
"13057","5","42362","77","0","2024","4","N",2,0,0,0,0,0,0,0,"N",0.61,0,0,0,0,0,0,0,"N",1,100.0,0,0,0,0,0,0,0,0,0,0,0,0,0,0
"13057","5","423620","78","0","2024","4","N",2,0,0,0,0,0,0,0,"N",0.61,0,0,0,0,0,0,0,"N",1,100.0,0,0,0,0,0,0,0,0,0,0,0,0,0,0
"13057","5","42369","77","0","2024","4","N",8,0,0,0,0,0,0,0,"N",0.77,0,0,0,0,0,0,0,"N",2,33.3,0,0,0,0,0,0,0,0,0,0,0,0,0,0
"13057","5","423690","78","0","2024","4","N",8,0,0,0,0,0,0,0,"N",0.77,0,0,0,0,0,0,0,"N",2,33.3,0,0,0,0,0,0,0,0,0,0,0,0,0,0
"13057","5","4237","76","0","2024","4","",13,122,123,124,3744933,53319,735,2342,"",0.69,0.81,0.81,0.82,1.31,0.38,0.58,1.62,"",4,44.4,31,34.1,32,35.2,32,34.8,1342372,55.9,-17320,-24.5,41,5.9,319,15.8
"13057","5","42371","77","0","2024","4","",6,63,63,63,2065576,33998,281,2522,"",1.08,1.43,1.43,1.42,2.86,0.83,0.72,2.01,"",1,20.0,1,1.6,0,0.0,0,0.0,43670,2.2,-22705,-40.0,-313,-52.7,40,1.6
"13057","5","423710","78","0","2024","4","",6,63,63,63,2065576,33998,281,2522,"",1.08,1.43,1.43,1.42,2.86,0.83,0.72,2.01,"",1,20.0,1,1.6,0,0.0,0,0.0,43670,2.2,-22705,-40.0,-313,-52.7,40,1.6
"13057","5","42372","77","0","2024","4","N",6,0,0,0,0,0,0,0,"N",0.84,0,0,0,0,0,0,0,"N",2,50.0,0,0,0,0,0,0,0,0,0,0,0,0,0,0
"13057","5","423720","78","0","2024","4","N",6,0,0,0,0,0,0,0,"N",0.84,0,0,0,0,0,0,0,"N",2,50.0,0,0,0,0,0,0,0,0,0,0,0,0,0,0
"13057","5","42373","77","0","2024","4","N",1,0,0,0,0,0,0,0,"N",0.20,0,0,0,0,0,0,0,"N",1,100.0,0,0,0,0,0,0,0,0,0,0,0,0,0,0
"13057","5","423730","78","0","2024","4","N",1,0,0,0,0,0,0,0,"N",0.20,0,0,0,0,0,0,0,"N",1,100.0,0,0,0,0,0,0,0,0,0,0,0,0,0,0
"13057","5","4238","76","0","2024","4","",45,207,205,199,4382371,146515,2227,1655,"",0.86,0.56,0.55,0.53,0.61,0.48,0.79,1.12,"",5,12.5,-26,-11.2,-24,-10.5,-36,-15.3,-108074,-2.4,-28515,-16.3,-271,-10.8,168,11.3
"13057","5","42381","77","0","2024","4","N",7,0,0,0,0,0,0,0,"N",1.74,0,0,0,0,0,0,0,"N",1,16.7,0,0,0,0,0,0,0,0,0,0,0,0,0,0
"13057","5","423810","78","0","2024","4","N",7,0,0,0,0,0,0,0,"N",1.74,0,0,0,0,0,0,0,"N",1,16.7,0,0,0,0,0,0,0,0,0,0,0,0,0,0
"13057","5","42382","77","0","2024","4","",5,55,57,55,968940,37336,275,1339,"",0.78,1.00,1.03,0.99,0.94,0.77,0.81,0.94,"",0,0.0,-13,-19.1,-2,-3.4,-3,-5.2,-61173,-5.9,-6772,-15.4,-434,-61.2,54,4.2
"13057","5","423820","78","0","2024","4","",5,55,57,55,968940,37336,275,1339,"",0.78,1.00,1.03,0.99,0.94,0.77,0.81,0.94,"",0,0.0,-13,-19.1,-2,-3.4,-3,-5.2,-61173,-5.9,-6772,-15.4,-434,-61.2,54,4.2
"13057","5","42383","77","0","2024","4","",16,72,69,69,1829626,32672,361,2011,"",0.64,0.44,0.42,0.41,0.56,0.26,0.30,1.33,"",2,14.3,-23,-24.2,-23,-25.0,-23,-25.0,-403930,-18.1,-1576,-4.6,-29,-7.4,164,8.9
"13057","5","423830","78","0","2024","4","",16,72,69,69,1829626,32672,361,2011,"",0.64,0.44,0.42,0.41,0.56,0.26,0.30,1.33,"",2,14.3,-23,-24.2,-23,-25.0,-23,-25.0,-403930,-18.1,-1576,-4.6,-29,-7.4,164,8.9
"13057","5","42384","77","0","2024","4","",10,53,53,54,889670,59182,1185,1283,"",1.09,1.03,1.03,1.04,0.88,1.30,2.66,0.85,"",2,25.0,7,15.2,8,17.8,5,10.2,304598,52.1,30530,106.6,502,73.5,319,33.1
"13057","5","423840","78","0","2024","4","",10,53,53,54,889670,59182,1185,1283,"",1.09,1.03,1.03,1.04,0.88,1.30,2.66,0.85,"",2,25.0,7,15.2,8,17.8,5,10.2,304598,52.1,30530,106.6,502,73.5,319,33.1
"13057","5","42385","77","0","2024","4","",4,17,16,10,394749,7825,149,2119,"",0.88,0.62,0.58,0.36,0.98,0.29,0.58,1.88,"",0,0.0,4,30.8,-6,-27.3,-14,-58.3,9471,2.5,-35104,-81.8,108,263.4,612,40.6
"13057","5","423850","78","0","2024","4","",4,17,16,10,394749,7825,149,2119,"",0.88,0.62,0.58,0.36,0.98,0.29,0.58,1.88,"",0,0.0,4,30.8,-6,-27.3,-14,-58.3,9471,2.5,-35104,-81.8,108,263.4,612,40.6
"13057","5","42386","77","0","2024","4","N",3,0,0,0,0,0,0,0,"N",0.91,0,0,0,0,0,0,0,"N",0,0.0,0,0,0,0,0,0,0,0,0,0,0,0,0,0
"13057","5","423860","78","0","2024","4","N",3,0,0,0,0,0,0,0,"N",0.91,0,0,0,0,0,0,0,"N",0,0.0,0,0,0,0,0,0,0,0,0,0,0,0,0,0
"13057","5","4239","76","0","2024","4","N",13,0,0,0,0,0,0,0,"N",0.44,0,0,0,0,0,0,0,"N",0,0.0,0,0,0,0,0,0,0,0,0,0,0,0,0,0
"13057","5","42391","77","0","2024","4","N",3,0,0,0,0,0,0,0,"N",0.49,0,0,0,0,0,0,0,"N",-2,-40.0,0,0,0,0,0,0,0,0,0,0,0,0,0,0
"13057","5","423910","78","0","2024","4","N",3,0,0,0,0,0,0,0,"N",0.49,0,0,0,0,0,0,0,"N",-2,-40.0,0,0,0,0,0,0,0,0,0,0,0,0,0,0
"13057","5","42392","77","0","2024","4","N",1,0,0,0,0,0,0,0,"N",0.46,0,0,0,0,0,0,0,"N",0,0.0,0,0,0,0,0,0,0,0,0,0,0,0,0,0
"13057","5","423920","78","0","2024","4","N",1,0,0,0,0,0,0,0,"N",0.46,0,0,0,0,0,0,0,"N",0,0.0,0,0,0,0,0,0,0,0,0,0,0,0,0,0
"13057","5","42393","77","0","2024","4","",4,11,6,11,158077,12927,10,1303,"",0.75,0.23,0.12,0.23,0.24,0.27,0.02,1.22,"",0,0.0,-1,-8.3,-6,-50.0,-1,-8.3,-41309,-20.7,12882,28626.7,10,100.0,25,2.0
"13057","5","423930","78","0","2024","4","",4,11,6,11,158077,12927,10,1303,"",0.75,0.23,0.12,0.23,0.24,0.27,0.02,1.22,"",0,0.0,-1,-8.3,-6,-50.0,-1,-8.3,-41309,-20.7,12882,28626.7,10,100.0,25,2.0
"13057","5","42394","77","0","2024","4","N",1,0,0,0,0,0,0,0,"N",0.20,0,0,0,0,0,0,0,"N",0,0.0,0,0,0,0,0,0,0,0,0,0,0,0,0,0
"13057","5","423940","78","0","2024","4","N",1,0,0,0,0,0,0,0,"N",0.20,0,0,0,0,0,0,0,"N",0,0.0,0,0,0,0,0,0,0,0,0,0,0,0,0,0
"13057","5","42399","77","0","2024","4","N",4,0,0,0,0,0,0,0,"N",0.37,0,0,0,0,0,0,0,"N",2,100.0,0,0,0,0,0,0,0,0,0,0,0,0,0,0
"13057","5","423990","78","0","2024","4","N",4,0,0,0,0,0,0,0,"N",0.37,0,0,0,0,0,0,0,"N",2,100.0,0,0,0,0,0,0,0,0,0,0,0,0,0,0
"13057","5","424","75","0","2024","4","",62,358,373,385,6451483,395709,3189,1334,"",0.50,0.34,0.35,0.36,0.35,0.37,0.29,1.00,"",-2,-3.1,-7,-1.9,-33,-8.1,-25,-6.1,-283798,-4.2,-19924,-4.8,442,16.1,18,1.4
"13057","5","4241","76","0","2024","4","",6,19,19,20,269077,45090,18,1071,"",0.93,0.35,0.34,0.36,0.30,0.93,0.04,0.84,"",0,0.0,0,0.0,0,0.0,1,5.3,-48715,-15.3,30678,212.9,-3,-14.3,-216,-16.8
"13057","5","42412","77","0","2024","4","N",3,0,0,0,0,0,0,0,"N",1.36,0,0,0,0,0,0,0,"N",0,0.0,0,0,0,0,0,0,0,0,0,0,0,0,0,0
"13057","5","424120","78","0","2024","4","N",3,0,0,0,0,0,0,0,"N",1.36,0,0,0,0,0,0,0,"N",0,0.0,0,0,0,0,0,0,0,0,0,0,0,0,0,0
"13057","5","42413","77","0","2024","4","N",3,0,0,0,0,0,0,0,"N",0.89,0,0,0,0,0,0,0,"N",0,0.0,0,0,0,0,0,0,0,0,0,0,0,0,0,0
"13057","5","424130","78","0","2024","4","N",3,0,0,0,0,0,0,0,"N",0.89,0,0,0,0,0,0,0,"N",0,0.0,0,0,0,0,0,0,0,0,0,0,0,0,0,0
"13057","5","4242","76","0","2024","4","",6,20,19,19,358600,8955,4,1427,"",0.39,0.16,0.15,0.15,0.10,0.09,0.00,0.66,"",0,0.0,0,0.0,-1,-5.0,-2,-9.5,-77999,-17.9,4340,94.0,-35,-89.7,-225,-13.6
"13057","5","42421","77","0","2024","4","",6,20,19,19,358600,8955,4,1427,"",0.39,0.16,0.15,0.15,0.10,0.09,0.00,0.66,"",0,0.0,0,0.0,-1,-5.0,-2,-9.5,-77999,-17.9,4340,94.0,-35,-89.7,-225,-13.6
"13057","5","424210","78","0","2024","4","",6,20,19,19,358600,8955,4,1427,"",0.39,0.16,0.15,0.15,0.10,0.09,0.00,0.66,"",0,0.0,0,0.0,-1,-5.0,-2,-9.5,-77999,-17.9,4340,94.0,-35,-89.7,-225,-13.6
"13057","5","4243","76","0","2024","4","",8,61,72,80,751673,74276,692,814,"",0.71,0.92,1.08,1.19,0.66,1.09,0.79,0.62,"",1,14.3,15,32.6,-12,-14.3,-9,-10.1,61843,9.0,-28217,-27.5,-25,-3.5,87,12.0
"13057","5","42431","77","0","2024","4","N",1,0,0,0,0,0,0,0,"N",0.39,0,0,0,0,0,0,0,"N",0,0.0,0,0,0,0,0,0,0,0,0,0,0,0,0,0
"13057","5","424310","78","0","2024","4","N",1,0,0,0,0,0,0,0,"N",0.39,0,0,0,0,0,0,0,"N",0,0.0,0,0,0,0,0,0,0,0,0,0,0,0,0,0
"13057","5","42434","77","0","2024","4","N",1,0,0,0,0,0,0,0,"N",0.77,0,0,0,0,0,0,0,"N",0,0.0,0,0,0,0,0,0,0,0,0,0,0,0,0,0
"13057","5","424340","78","0","2024","4","N",1,0,0,0,0,0,0,0,"N",0.77,0,0,0,0,0,0,0,"N",0,0.0,0,0,0,0,0,0,0,0,0,0,0,0,0,0
"13057","5","42435","77","0","2024","4","",6,55,66,74,448445,73347,681,531,"",0.81,1.21,1.44,1.61,0.56,1.50,1.06,0.39,"N",1,20.0,0,0,0,0,0,0,0,0,0,0,0,0,0,0
"13057","5","424350","78","0","2024","4","",6,55,66,74,448445,73347,681,531,"",0.81,1.21,1.44,1.61,0.56,1.50,1.06,0.39,"N",1,20.0,0,0,0,0,0,0,0,0,0,0,0,0,0,0
"13057","5","4244","76","0","2024","4","",17,63,65,64,1000932,44904,375,1203,"",0.51,0.16,0.16,0.16,0.17,0.10,0.08,1.05,"",1,6.2,-17,-21.2,-15,-18.8,-16,-20.0,-563842,-36.0,-18374,-29.0,-169,-31.1,-302,-20.1
"13057","5","42441","77","0","2024","4","N",4,0,0,0,0,0,0,0,"N",0.66,0,0,0,0,0,0,0,"N",2,100.0,0,0,0,0,0,0,0,0,0,0,0,0,0,0
"13057","5","424410","78","0","2024","4","N",4,0,0,0,0,0,0,0,"N",0.66,0,0,0,0,0,0,0,"N",2,100.0,0,0,0,0,0,0,0,0,0,0,0,0,0,0
"13057","5","42443","77","0","2024","4","N",2,0,0,0,0,0,0,0,"N",1.14,0,0,0,0,0,0,0,"N",0,0.0,0,0,0,0,0,0,0,0,0,0,0,0,0,0
"13057","5","424430","78","0","2024","4","N",2,0,0,0,0,0,0,0,"N",1.14,0,0,0,0,0,0,0,"N",0,0.0,0,0,0,0,0,0,0,0,0,0,0,0,0,0
"13057","5","42444","77","0","2024","4","N",2,0,0,0,0,0,0,0,"N",3.90,0,0,0,0,0,0,0,"N",0,0.0,0,0,0,0,0,0,0,0,0,0,0,0,0,0
"13057","5","424440","78","0","2024","4","N",2,0,0,0,0,0,0,0,"N",3.90,0,0,0,0,0,0,0,"N",0,0.0,0,0,0,0,0,0,0,0,0,0,0,0,0,0
"13057","5","42445","77","0","2024","4","N",1,0,0,0,0,0,0,0,"N",0.38,0,0,0,0,0,0,0,"N",0,0.0,0,0,0,0,0,0,0,0,0,0,0,0,0,0
"13057","5","424450","78","0","2024","4","N",1,0,0,0,0,0,0,0,"N",0.38,0,0,0,0,0,0,0,"N",0,0.0,0,0,0,0,0,0,0,0,0,0,0,0,0,0
"13057","5","42448","77","0","2024","4","N",1,0,0,0,0,0,0,0,"N",0.28,0,0,0,0,0,0,0,"N",0,0.0,0,0,0,0,0,0,0,0,0,0,0,0,0,0
"13057","5","424480","78","0","2024","4","N",1,0,0,0,0,0,0,0,"N",0.28,0,0,0,0,0,0,0,"N",0,0.0,0,0,0,0,0,0,0,0,0,0,0,0,0,0
"13057","5","42449","77","0","2024","4","",7,32,33,32,373526,24687,84,889,"",0.53,0.27,0.28,0.27,0.21,0.19,0.07,0.77,"",-1,-12.5,-16,-33.3,-16,-32.7,-17,-34.7,-379772,-50.4,-15421,-38.4,-247,-74.6,-302,-25.4
"13057","5","424490","78","0","2024","4","",7,32,33,32,373526,24687,84,889,"",0.53,0.27,0.28,0.27,0.21,0.19,0.07,0.77,"",-1,-12.5,-16,-33.3,-16,-32.7,-17,-34.7,-379772,-50.4,-15421,-38.4,-247,-74.6,-302,-25.4
"13057","5","4246","76","0","2024","4","",9,84,84,87,2117020,65256,707,1916,"",0.71,1.16,1.15,1.18,1.39,1.24,1.36,1.20,"",1,12.5,2,2.4,2,2.4,9,11.5,395702,23.0,13271,25.5,88,14.2,275,16.8
"13057","5","42461","77","0","2024","4","N",1,0,0,0,0,0,0,0,"N",0.33,0,0,0,0,0,0,0,"N",0,0.0,0,0,0,0,0,0,0,0,0,0,0,0,0,0
"13057","5","424610","78","0","2024","4","N",1,0,0,0,0,0,0,0,"N",0.33,0,0,0,0,0,0,0,"N",0,0.0,0,0,0,0,0,0,0,0,0,0,0,0,0,0
"13057","5","42469","77","0","2024","4","N",8,0,0,0,0,0,0,0,"N",0.83,0,0,0,0,0,0,0,"N",1,14.3,0,0,0,0,0,0,0,0,0,0,0,0,0,0
"13057","5","424690","78","0","2024","4","N",8,0,0,0,0,0,0,0,"N",0.83,0,0,0,0,0,0,0,"N",1,14.3,0,0,0,0,0,0,0,0,0,0,0,0,0,0
"13057","5","4247","76","0","2024","4","N",1,0,0,0,0,0,0,0,"N",0.18,0,0,0,0,0,0,0,"N",-1,-50.0,0,0,0,0,0,0,0,0,0,0,0,0,0,0
"13057","5","42472","77","0","2024","4","N",1,0,0,0,0,0,0,0,"N",0.26,0,0,0,0,0,0,0,"N",-1,-50.0,0,0,0,0,0,0,0,0,0,0,0,0,0,0
"13057","5","424720","78","0","2024","4","N",1,0,0,0,0,0,0,0,"N",0.26,0,0,0,0,0,0,0,"N",-1,-50.0,0,0,0,0,0,0,0,0,0,0,0,0,0,0
"13057","5","4248","76","0","2024","4","N",2,0,0,0,0,0,0,0,"N",0.31,0,0,0,0,0,0,0,"N",-1,-33.3,0,0,0,0,0,0,0,0,0,0,0,0,0,0
"13057","5","42482","77","0","2024","4","N",2,0,0,0,0,0,0,0,"N",0.45,0,0,0,0,0,0,0,"N",-1,-33.3,0,0,0,0,0,0,0,0,0,0,0,0,0,0
"13057","5","424820","78","0","2024","4","N",2,0,0,0,0,0,0,0,"N",0.45,0,0,0,0,0,0,0,"N",-1,-33.3,0,0,0,0,0,0,0,0,0,0,0,0,0,0
"13057","5","4249","76","0","2024","4","",13,107,110,111,1804692,154341,1373,1270,"",0.49,0.69,0.71,0.72,0.78,0.90,0.78,1.10,"",-3,-18.8,-7,-6.1,-6,-5.2,-7,-5.9,-34317,-1.9,-20097,-11.5,595,76.5,50,4.1
"13057","5","42491","77","0","2024","4","N",4,0,0,0,0,0,0,0,"N",0.45,0,0,0,0,0,0,0,"N",0,0.0,0,0,0,0,0,0,0,0,0,0,0,0,0,0
"13057","5","424910","78","0","2024","4","N",4,0,0,0,0,0,0,0,"N",0.45,0,0,0,0,0,0,0,"N",0,0.0,0,0,0,0,0,0,0,0,0,0,0,0,0,0
"13057","5","42493","77","0","2024","4","",7,75,78,79,1142531,83791,206,1136,"",2.73,3.24,3.37,3.51,4.81,3.19,0.69,1.42,"",-1,-12.5,-1,-1.3,-1,-1.3,-2,-2.5,56147,5.2,10041,13.6,82,66.1,74,7.0
"13057","5","424930","78","0","2024","4","",7,75,78,79,1142531,83791,206,1136,"",2.73,3.24,3.37,3.51,4.81,3.19,0.69,1.42,"",-1,-12.5,-1,-1.3,-1,-1.3,-2,-2.5,56147,5.2,10041,13.6,82,66.1,74,7.0
"13057","5","42499","77","0","2024","4","N",2,0,0,0,0,0,0,0,"N",0.20,0,0,0,0,0,0,0,"N",-2,-50.0,0,0,0,0,0,0,0,0,0,0,0,0,0,0
"13057","5","424990","78","0","2024","4","N",2,0,0,0,0,0,0,0,"N",0.20,0,0,0,0,0,0,0,"N",-2,-50.0,0,0,0,0,0,0,0,0,0,0,0,0,0,0
"13057","5","425","75","0","2024","4","",171,609,619,611,20255116,552018,3751,2542,"",2.20,2.58,2.61,2.56,3.41,2.72,1.62,1.32,"",0,0.0,57,10.3,62,11.1,55,9.9,1649236,8.9,-34509,-5.9,-2736,-42.2,-37,-1.4
"13057","5","4251","76","0","2024","4","",171,609,619,611,20255116,552018,3751,2542,"",2.20,2.58,2.61,2.56,3.41,2.72,1.62,1.32,"",0,0.0,57,10.3,62,11.1,55,9.9,1649236,8.9,-34509,-5.9,-2736,-42.2,-37,-1.4
"13057","5","42512","77","0","2024","4","",171,609,619,611,20255116,552018,3751,2542,"",2.20,2.58,2.61,2.56,3.41,2.72,1.62,1.32,"",0,0.0,57,10.3,62,11.1,55,9.9,1649236,8.9,-34509,-5.9,-2736,-42.2,-37,-1.4
"13057","5","425120","78","0","2024","4","",171,609,619,611,20255116,552018,3751,2542,"",2.20,2.58,2.61,2.56,3.41,2.72,1.62,1.32,"",0,0.0,57,10.3,62,11.1,55,9.9,1649236,8.9,-34509,-5.9,-2736,-42.2,-37,-1.4
"13057","5","44-45","74","0","2024","4","",737,12153,12606,12712,118813921,14312512,145532,732,"",1.02,1.64,1.67,1.67,1.97,1.60,1.88,1.19,"",52,7.6,-143,-1.2,-167,-1.3,-92,-0.7,2013200,1.7,-582727,-3.9,37594,34.8,20,2.8
"13057","5","441","75","0","2024","4","",88,1378,1363,1373,19688540,1703162,16505,1104,"",1.05,1.41,1.39,1.40,1.52,1.46,1.49,1.08,"",6,7.3,22,1.6,12,0.9,35,2.6,208552,1.1,1303,0.1,1313,8.6,-7,-0.6
"13057","5","4411","76","0","2024","4","",27,780,771,776,13499044,1060902,12185,1339,"",0.85,1.27,1.25,1.26,1.42,1.50,1.68,1.13,"",-1,-3.6,-28,-3.5,-32,-4.0,-13,-1.6,-590216,-4.2,-103001,-8.8,643,5.6,-16,-1.2
"13057","5","44111","77","0","2024","4","",11,698,688,701,12550257,921815,10812,1388,"",0.77,1.31,1.28,1.30,1.49,1.51,1.78,1.14,"",1,10.0,-33,-4.5,-40,-5.5,-19,-2.6,-644600,-4.9,-99591,-9.8,900,9.1,-9,-0.6
"13057","5","441110","78","0","2024","4","",11,698,688,701,12550257,921815,10812,1388,"",0.77,1.31,1.28,1.30,1.49,1.51,1.78,1.14,"",1,10.0,-33,-4.5,-40,-5.5,-19,-2.6,-644600,-4.9,-99591,-9.8,900,9.1,-9,-0.6
"13057","5","44112","77","0","2024","4","",16,82,83,75,948787,139087,1373,912,"",0.92,1.04,1.04,0.94,0.92,1.44,1.19,0.91,"",-2,-11.1,5,6.5,8,10.7,6,8.7,54384,6.1,-3410,-2.4,-257,-15.8,-22,-2.4
"13057","5","441120","78","0","2024","4","",16,82,83,75,948787,139087,1373,912,"",0.92,1.04,1.04,0.94,0.92,1.44,1.19,0.91,"",-2,-11.1,5,6.5,8,10.7,6,8.7,54384,6.1,-3410,-2.4,-257,-15.8,-22,-2.4
"13057","5","4412","76","0","2024","4","",8,99,96,95,1465101,66461,269,1166,"",0.77,1.24,1.22,1.22,1.50,0.71,0.26,1.23,"",1,14.3,-1,-1.0,-4,-4.0,-2,-2.1,-36619,-2.4,5341,8.7,-305,-53.1,-1,-0.1
"13057","5","44121","77","0","2024","4","N",2,0,0,0,0,0,0,0,"N",0.95,0,0,0,0,0,0,0,"N",0,0.0,0,0,0,0,0,0,0,0,0,0,0,0,0,0
"13057","5","441210","78","0","2024","4","N",2,0,0,0,0,0,0,0,"N",0.95,0,0,0,0,0,0,0,"N",0,0.0,0,0,0,0,0,0,0,0,0,0,0,0,0,0
"13057","5","44122","77","0","2024","4","N",6,0,0,0,0,0,0,0,"N",0.73,0,0,0,0,0,0,0,"N",1,20.0,0,0,0,0,0,0,0,0,0,0,0,0,0,0
"13057","5","441222","78","0","2024","4","N",2,0,0,0,0,0,0,0,"N",0.66,0,0,0,0,0,0,0,"N",0,0.0,0,0,0,0,0,0,0,0,0,0,0,0,0,0
"13057","5","441227","78","0","2024","4","",4,17,18,17,235405,24402,74,1045,"",0.77,0.46,0.49,0.47,0.56,0.57,0.18,1.19,"N",1,33.3,0,0,0,0,0,0,0,0,0,0,0,0,0,0
"13057","5","4413","76","0","2024","4","",53,499,496,502,4724395,575799,4051,728,"",1.27,1.77,1.74,1.76,1.89,1.59,1.46,1.07,"",6,12.8,51,11.4,48,10.7,50,11.1,835387,21.5,98963,20.8,975,31.7,62,9.3
"13057","5","44133","77","0","2024","4","",33,317,317,320,2637151,309769,1710,638,"",1.19,1.67,1.66,1.67,1.75,1.35,1.01,1.05,"",4,13.8,46,17.0,44,16.1,42,15.1,691487,35.5,83874,37.1,240,16.3,92,16.8
"13057","5","441330","78","0","2024","4","",33,317,317,320,2637151,309769,1710,638,"",1.19,1.67,1.66,1.67,1.75,1.35,1.01,1.05,"",4,13.8,46,17.0,44,16.1,42,15.1,691487,35.5,83874,37.1,240,16.3,92,16.8
"13057","5","44134","77","0","2024","4","",20,182,179,182,2087244,266030,2341,887,"",1.43,1.97,1.92,1.94,2.10,2.01,2.17,1.08,"",2,11.1,5,2.8,4,2.3,8,4.6,143900,7.4,15089,6.0,735,45.8,34,4.0
"13057","5","441340","78","0","2024","4","",20,182,179,182,2087244,266030,2341,887,"",1.43,1.97,1.92,1.94,2.10,2.01,2.17,1.08,"",2,11.1,5,2.8,4,2.3,8,4.6,143900,7.4,15089,6.0,735,45.8,34,4.0
"13057","5","444","75","0","2024","4","",51,1356,1336,1336,17109375,1416454,12738,980,"",1.04,2.09,2.06,2.06,3.06,1.98,2.12,1.48,"",2,4.1,15,1.1,23,1.8,34,2.6,860354,5.3,90484,6.8,8990,239.9,32,3.4
"13057","5","4441","76","0","2024","4","",33,1195,1182,1191,15823538,1249888,9886,1023,"",0.89,2.13,2.10,2.11,3.24,2.04,2.07,1.53,"",-1,-2.9,18,1.5,23,2.0,40,3.5,822990,5.5,58938,4.9,8210,489.9,30,3.0
"13057","5","44411","77","0","2024","4","N",10,0,0,0,0,0,0,0,"N",1.57,0,0,0,0,0,0,0,"N",0,0.0,0,0,0,0,0,0,0,0,0,0,0,0,0,0
"13057","5","444110","78","0","2024","4","N",10,0,0,0,0,0,0,0,"N",1.57,0,0,0,0,0,0,0,"N",0,0.0,0,0,0,0,0,0,0,0,0,0,0,0,0,0
"13057","5","44412","77","0","2024","4","N",6,0,0,0,0,0,0,0,"N",1.32,0,0,0,0,0,0,0,"N",-1,-14.3,0,0,0,0,0,0,0,0,0,0,0,0,0,0
"13057","5","444120","78","0","2024","4","N",6,0,0,0,0,0,0,0,"N",1.32,0,0,0,0,0,0,0,"N",-1,-14.3,0,0,0,0,0,0,0,0,0,0,0,0,0,0
"13057","5","44414","77","0","2024","4","",8,58,56,58,487076,56842,616,654,"",0.76,0.70,0.68,0.69,0.77,0.57,0.83,1.11,"N",0,0.0,0,0,0,0,0,0,0,0,0,0,0,0,0,0
"13057","5","444140","78","0","2024","4","",8,58,56,58,487076,56842,616,654,"",0.76,0.70,0.68,0.69,0.77,0.57,0.83,1.11,"N",0,0.0,0,0,0,0,0,0,0,0,0,0,0,0,0,0
"13057","5","44418","77","0","2024","4","",9,60,61,60,2316950,48903,587,2954,"",0.58,0.50,0.51,0.50,1.37,0.39,0.49,2.72,"",0,0.0,-4,-6.2,-2,-3.2,0,0.0,236556,11.4,26714,120.4,254,76.3,387,15.1
"13057","5","444180","78","0","2024","4","",9,60,61,60,2316950,48903,587,2954,"",0.58,0.50,0.51,0.50,1.37,0.39,0.49,2.72,"",0,0.0,-4,-6.2,-2,-3.2,0,0.0,236556,11.4,26714,120.4,254,76.3,387,15.1
"13057","5","4442","76","0","2024","4","",18,161,154,145,1285837,166566,2852,645,"",1.51,1.82,1.77,1.68,1.83,1.63,2.28,1.04,"",3,20.0,-3,-1.8,0,0.0,-6,-4.0,37364,3.0,31546,23.4,780,37.6,31,5.0
"13057","5","44423","77","0","2024","4","N",1,0,0,0,0,0,0,0,"N",0.39,0,0,0,0,0,0,0,"N",-1,-50.0,0,0,0,0,0,0,0,0,0,0,0,0,0,0
"13057","5","444230","78","0","2024","4","N",1,0,0,0,0,0,0,0,"N",0.39,0,0,0,0,0,0,0,"N",-1,-50.0,0,0,0,0,0,0,0,0,0,0,0,0,0,0
"13057","5","44424","77","0","2024","4","N",17,0,0,0,0,0,0,0,"N",1.82,0,0,0,0,0,0,0,"N",4,30.8,0,0,0,0,0,0,0,0,0,0,0,0,0,0
"13057","5","444240","78","0","2024","4","N",17,0,0,0,0,0,0,0,"N",1.82,0,0,0,0,0,0,0,"N",4,30.8,0,0,0,0,0,0,0,0,0,0,0,0,0,0
"13057","5","445","75","0","2024","4","",100,2704,2774,2742,22536555,2917016,40057,633,"",0.92,1.76,1.78,1.75,2.26,1.60,2.88,1.28,"",7,7.5,-47,-1.7,-46,-1.6,-120,-4.2,592048,2.7,-203286,-6.5,22218,124.5,32,5.3
"13057","5","4451","76","0","2024","4","",59,2531,2574,2542,21011362,2637358,36132,634,"",0.90,1.89,1.90,1.86,2.43,1.69,3.25,1.29,"",4,7.3,-3,-0.1,15,0.6,-46,-1.8,886855,4.4,-160921,-5.8,22611,167.2,29,4.8
"13057","5","44511","77","0","2024","4","",36,2491,2535,2504,20597851,2613297,36037,631,"",0.91,2.01,2.01,1.97,2.57,1.82,3.74,1.29,"",0,0.0,-3,-0.1,16,0.6,-42,-1.6,815677,4.1,-148840,-5.4,22865,173.6,27,4.5
"13057","5","445110","78","0","2024","4","",36,2491,2535,2504,20597851,2613297,36037,631,"",0.91,2.01,2.01,1.97,2.57,1.82,3.74,1.29,"",0,0.0,-3,-0.1,16,0.6,-42,-1.6,815677,4.1,-148840,-5.4,22865,173.6,27,4.5
"13057","5","44513","77","0","2024","4","",23,40,39,38,413511,24061,95,816,"",0.88,0.41,0.40,0.39,0.67,0.19,0.06,1.67,"",4,21.1,0,0.0,-1,-2.5,-4,-9.5,71178,20.8,-12081,-33.4,-254,-72.8,168,25.9
"13057","5","445131","78","0","2024","4","N",20,0,0,0,0,0,0,0,"N",0.84,0,0,0,0,0,0,0,"N",4,25.0,0,0,0,0,0,0,0,0,0,0,0,0,0,0
"13057","5","445132","78","0","2024","4","N",3,0,0,0,0,0,0,0,"N",1.28,0,0,0,0,0,0,0,"N",0,0.0,0,0,0,0,0,0,0,0,0,0,0,0,0,0
"13057","5","4452","76","0","2024","4","",23,109,136,139,1009443,168786,1938,607,"",1.18,0.94,1.15,1.17,1.22,1.07,1.09,1.12,"",-1,-4.2,-63,-36.6,-75,-35.5,-85,-37.9,-359800,-26.3,-75410,-30.9,-770,-28.4,86,16.5
"13057","5","44523","77","0","2024","4","N",1,0,0,0,0,0,0,0,"N",0.44,0,0,0,0,0,0,0,"N",0,0.0,0,0,0,0,0,0,0,0,0,0,0,0,0,0
"13057","5","445230","78","0","2024","4","N",1,0,0,0,0,0,0,0,"N",0.44,0,0,0,0,0,0,0,"N",0,0.0,0,0,0,0,0,0,0,0,0,0,0,0,0,0
"13057","5","44524","77","0","2024","4","N",10,0,0,0,0,0,0,0,"N",2.18,0,0,0,0,0,0,0,"N",-1,-9.1,0,0,0,0,0,0,0,0,0,0,0,0,0,0
"13057","5","445240","78","0","2024","4","N",10,0,0,0,0,0,0,0,"N",2.18,0,0,0,0,0,0,0,"N",-1,-9.1,0,0,0,0,0,0,0,0,0,0,0,0,0,0
"13057","5","44529","77","0","2024","4","N",12,0,0,0,0,0,0,0,"N",1.08,0,0,0,0,0,0,0,"N",0,0.0,0,0,0,0,0,0,0,0,0,0,0,0,0,0
"13057","5","445292","78","0","2024","4","N",2,0,0,0,0,0,0,0,"N",0.95,0,0,0,0,0,0,0,"N",0,0.0,0,0,0,0,0,0,0,0,0,0,0,0,0,0
"13057","5","445298","78","0","2024","4","N",10,0,0,0,0,0,0,0,"N",1.39,0,0,0,0,0,0,0,"N",1,11.1,0,0,0,0,0,0,0,0,0,0,0,0,0,0
"13057","5","4453","76","0","2024","4","",18,64,64,61,515750,110872,1987,630,"",0.78,0.78,0.77,0.73,1.04,1.09,1.89,1.36,"",4,28.6,19,42.2,14,28.0,11,22.0,64993,14.4,33045,42.5,377,23.4,-87,-12.1
"13057","5","44532","77","0","2024","4","",18,64,64,61,515750,110872,1987,630,"",0.78,0.78,0.77,0.73,1.04,1.09,1.89,1.36,"",4,28.6,19,42.2,14,28.0,11,22.0,64993,14.4,33045,42.5,377,23.4,-87,-12.1
"13057","5","445320","78","0","2024","4","",18,64,64,61,515750,110872,1987,630,"",0.78,0.78,0.77,0.73,1.04,1.09,1.89,1.36,"",4,28.6,19,42.2,14,28.0,11,22.0,64993,14.4,33045,42.5,377,23.4,-87,-12.1
"13057","5","449","75","0","2024","4","",82,640,648,654,9760143,497650,3829,1160,"",1.39,1.68,1.66,1.67,2.19,1.15,0.86,1.31,"",6,7.9,-86,-11.8,-94,-12.7,-100,-13.3,-494639,-4.8,-244379,-32.9,-2497,-39.5,95,8.9
"13057","5","4491","76","0","2024","4","",45,399,402,404,6689323,291480,2198,1281,"",1.44,2.06,2.02,2.01,3.27,1.27,0.97,1.61,"",2,4.7,-15,-3.6,-20,-4.7,-22,-5.2,406379,6.5,-78174,-21.1,-1662,-43.1,132,11.5
"13057","5","44911","77","0","2024","4","",21,239,239,238,4716046,150571,572,1520,"",1.38,2.54,2.53,2.52,4.47,1.45,0.56,1.76,"",2,10.5,-6,-2.4,-9,-3.6,-8,-3.3,172329,3.8,-948,-0.6,-387,-40.4,101,7.1
"13057","5","449110","78","0","2024","4","",21,239,239,238,4716046,150571,572,1520,"",1.38,2.54,2.53,2.52,4.47,1.45,0.56,1.76,"",2,10.5,-6,-2.4,-9,-3.6,-8,-3.3,172329,3.8,-948,-0.6,-387,-40.4,101,7.1
"13057","5","44912","77","0","2024","4","",24,160,163,166,1973277,140909,1626,931,"",1.51,1.61,1.55,1.55,2.00,1.12,1.31,1.27,"",0,0.0,-9,-5.3,-11,-6.3,-14,-7.8,234050,13.5,-77226,-35.4,-1275,-44.0,164,21.4
"13057","5","449121","78","0","2024","4","",11,67,62,63,1255455,27085,154,1509,"",1.81,2.06,1.90,1.93,2.83,0.75,0.42,1.44,"",2,22.2,9,15.5,5,8.8,7,12.5,332694,36.1,-21025,-43.7,-475,-75.5,264,21.2
"13057","5","449122","78","0","2024","4","",5,13,12,12,212905,500,14,1328,"",2.56,2.06,1.88,1.90,2.66,0.07,0.17,1.37,"",0,0.0,1,8.3,0,0.0,0,0.0,-10724,-4.8,-1314,-72.4,-35,-71.4,-106,-7.4
"13057","5","449129","78","0","2024","4","",8,80,89,91,504917,113324,1458,448,"",1.02,1.32,1.35,1.34,1.09,1.38,1.82,0.81,"",-2,-20.0,-19,-19.2,-16,-15.2,-21,-18.8,-87920,-14.8,-54887,-32.6,-765,-34.4,15,3.5
"13057","5","4492","76","0","2024","4","",37,241,246,250,3070820,206170,1631,962,"",1.32,1.29,1.29,1.31,1.27,1.01,0.74,0.98,"",4,12.1,-71,-22.8,-74,-23.1,-78,-23.8,-901018,-22.7,-166205,-44.6,-835,-33.9,7,0.7
"13057","5","44921","77","0","2024","4","",37,241,246,250,3070820,206170,1631,962,"",1.32,1.29,1.29,1.31,1.27,1.01,0.74,0.98,"",4,12.1,-71,-22.8,-74,-23.1,-78,-23.8,-901018,-22.7,-166205,-44.6,-835,-33.9,7,0.7
"13057","5","449210","78","0","2024","4","",37,241,246,250,3070820,206170,1631,962,"",1.32,1.29,1.29,1.31,1.27,1.01,0.74,0.98,"",4,12.1,-71,-22.8,-74,-23.1,-78,-23.8,-901018,-22.7,-166205,-44.6,-835,-33.9,7,0.7
"13057","5","455","75","0","2024","4","",50,2974,3245,3265,25693248,3536475,28901,625,"",0.90,1.90,1.98,1.97,2.61,1.84,2.00,1.34,"",3,6.4,-81,-2.7,-29,-0.9,-27,-0.8,914927,3.7,-344638,-8.9,-5767,-16.6,31,5.2
"13057","5","4551","76","0","2024","4","",7,533,691,696,3923946,952702,10332,472,"",0.84,1.09,1.30,1.28,1.42,1.50,1.92,1.16,"",1,16.7,-4,-0.7,54,8.5,37,5.6,166296,4.4,18309,2.0,-465,-4.3,-1,-0.2
"13057","5","45511","77","0","2024","4","",7,533,691,696,3923946,952702,10332,472,"",0.84,1.09,1.30,1.28,1.42,1.50,1.92,1.16,"",1,16.7,-4,-0.7,54,8.5,37,5.6,166296,4.4,18309,2.0,-465,-4.3,-1,-0.2
"13057","5","455110","78","0","2024","4","",7,533,691,696,3923946,952702,10332,472,"",0.84,1.09,1.30,1.28,1.42,1.50,1.92,1.16,"",1,16.7,-4,-0.7,54,8.5,37,5.6,166296,4.4,18309,2.0,-465,-4.3,-1,-0.2
"13057","5","4552","76","0","2024","4","",43,2441,2554,2569,21769302,2583773,18569,664,"",0.91,2.27,2.31,2.31,3.08,2.02,2.05,1.34,"",2,4.9,-77,-3.1,-83,-3.1,-64,-2.4,748631,3.6,-362947,-12.3,-5302,-22.2,41,6.6
"13057","5","45521","77","0","2024","4","",43,2441,2554,2569,21769302,2583773,18569,664,"",0.91,2.27,2.31,2.31,3.08,2.02,2.05,1.34,"",2,4.9,-77,-3.1,-83,-3.1,-64,-2.4,748631,3.6,-362947,-12.3,-5302,-22.2,41,6.6
"13057","5","455211","78","0","2024","4","",8,2150,2261,2276,19162225,2122417,15965,661,"",1.86,2.69,2.75,2.77,3.57,2.36,2.81,1.30,"",0,0.0,-95,-4.2,-91,-3.9,-56,-2.4,776379,4.2,-350539,-14.2,-4108,-20.5,49,8.0
"13057","5","455219","78","0","2024","4","",35,291,293,293,2607077,461356,2604,686,"",0.81,1.05,1.02,1.01,1.54,1.20,0.77,1.50,"",2,6.1,18,6.6,8,2.8,-8,-2.7,-27748,-1.1,-12408,-2.6,-1194,-31.4,-22,-3.1
"13057","5","456","75","0","2024","4","",74,679,697,718,7124574,797191,9019,785,"",0.96,1.31,1.32,1.35,1.40,1.35,1.75,1.06,"",7,10.4,-5,-0.7,-19,-2.7,23,3.3,97394,1.4,-64454,-7.5,2451,37.3,11,1.4
"13057","5","4561","76","0","2024","4","",74,679,697,718,7124574,797191,9019,785,"",0.96,1.31,1.32,1.35,1.40,1.35,1.75,1.06,"",7,10.4,-5,-0.7,-19,-2.7,23,3.3,97394,1.4,-64454,-7.5,2451,37.3,11,1.4
"13057","5","45611","77","0","2024","4","",37,287,282,294,3340574,323288,2634,893,"",0.89,0.87,0.85,0.87,0.97,0.89,0.91,1.12,"",2,5.7,-4,-1.4,-18,-6.0,2,0.7,-13188,-0.4,22206,7.4,745,39.4,17,1.9
"13057","5","456110","78","0","2024","4","",37,287,282,294,3340574,323288,2634,893,"",0.89,0.87,0.85,0.87,0.97,0.89,0.91,1.12,"",2,5.7,-4,-1.4,-18,-6.0,2,0.7,-13188,-0.4,22206,7.4,745,39.4,17,1.9
"13057","5","45612","77","0","2024","4","",10,206,229,240,1176796,330497,3444,402,"",0.74,2.13,2.22,2.29,1.88,2.80,2.91,0.85,"",2,25.0,15,7.9,16,7.5,32,15.4,114107,10.7,-1437,-0.4,622,22.0,1,0.2
"13057","5","456120","78","0","2024","4","",10,206,229,240,1176796,330497,3444,402,"",0.74,2.13,2.22,2.29,1.88,2.80,2.91,0.85,"",2,25.0,15,7.9,16,7.5,32,15.4,114107,10.7,-1437,-0.4,622,22.0,1,0.2
"13057","5","45613","77","0","2024","4","N",9,0,0,0,0,0,0,0,"N",1.27,0,0,0,0,0,0,0,"N",0,0.0,0,0,0,0,0,0,0,0,0,0,0,0,0,0
"13057","5","456130","78","0","2024","4","N",9,0,0,0,0,0,0,0,"N",1.27,0,0,0,0,0,0,0,"N",0,0.0,0,0,0,0,0,0,0,0,0,0,0,0,0,0
"13057","5","45619","77","0","2024","4","N",18,0,0,0,0,0,0,0,"N",1.21,0,0,0,0,0,0,0,"N",3,20.0,0,0,0,0,0,0,0,0,0,0,0,0,0,0
"13057","5","456191","78","0","2024","4","",13,35,34,35,227427,59188,401,505,"",1.86,1.55,1.51,1.54,0.99,2.15,1.41,0.65,"",3,30.0,1,2.9,-1,-2.9,6,20.7,16195,7.7,14091,31.2,159,65.7,8,1.6
"13057","5","456199","78","0","2024","4","N",5,0,0,0,0,0,0,0,"N",0.63,0,0,0,0,0,0,0,"N",0,0.0,0,0,0,0,0,0,0,0,0,0,0,0,0,0
"13057","5","457","75","0","2024","4","",80,450,454,455,3664883,469372,4560,622,"",1.00,0.90,0.91,0.91,1.11,0.69,0.80,1.23,"",2,2.6,-25,-5.3,-12,-2.6,-12,-2.6,-642256,-14.9,-31890,-6.4,310,7.3,-84,-11.9
"13057","5","4571","76","0","2024","4","N",78,0,0,0,0,0,0,0,"N",1.05,0,0,0,0,0,0,0,"N",5,6.8,0,0,0,0,0,0,0,0,0,0,0,0,0,0
"13057","5","45711","77","0","2024","4","",69,424,425,424,3357813,431510,3743,609,"",1.01,1.01,1.01,1.00,1.35,0.74,0.80,1.35,"",3,4.5,-14,-3.2,-2,-0.5,-5,-1.2,-396015,-10.5,-17738,-3.9,811,27.7,-60,-9.0
"13057","5","457110","78","0","2024","4","",69,424,425,424,3357813,431510,3743,609,"",1.01,1.01,1.01,1.00,1.35,0.74,0.80,1.35,"",3,4.5,-14,-3.2,-2,-0.5,-5,-1.2,-396015,-10.5,-17738,-3.9,811,27.7,-60,-9.0
"13057","5","45712","77","0","2024","4","N",9,0,0,0,0,0,0,0,"N",1.44,0,0,0,0,0,0,0,"N",2,28.6,0,0,0,0,0,0,0,0,0,0,0,0,0,0
"13057","5","457120","78","0","2024","4","N",9,0,0,0,0,0,0,0,"N",1.44,0,0,0,0,0,0,0,"N",2,28.6,0,0,0,0,0,0,0,0,0,0,0,0,0,0
"13057","5","4572","76","0","2024","4","N",2,0,0,0,0,0,0,0,"N",0.40,0,0,0,0,0,0,0,"N",-3,-60.0,0,0,0,0,0,0,0,0,0,0,0,0,0,0
"13057","5","45721","77","0","2024","4","N",2,0,0,0,0,0,0,0,"N",0.40,0,0,0,0,0,0,0,"N",-3,-60.0,0,0,0,0,0,0,0,0,0,0,0,0,0,0
"13057","5","457210","78","0","2024","4","N",2,0,0,0,0,0,0,0,"N",0.40,0,0,0,0,0,0,0,"N",-3,-60.0,0,0,0,0,0,0,0,0,0,0,0,0,0,0
"13057","5","458","75","0","2024","4","",92,1021,1141,1193,6502111,1570705,12663,447,"",1.15,1.87,1.96,1.98,1.74,2.26,1.76,0.89,"",4,4.5,-20,-1.9,-36,-3.1,12,1.0,230658,3.7,-101497,-6.1,1133,9.8,21,4.9
"13057","5","4581","76","0","2024","4","",69,779,887,922,4688499,1267332,10858,418,"",1.24,1.92,2.04,2.06,1.82,2.41,1.95,0.91,"",4,6.2,-13,-1.6,-22,-2.4,14,1.5,167263,3.7,-69004,-5.2,1084,11.1,18,4.5
"13057","5","45811","77","0","2024","4","",69,779,887,922,4688499,1267332,10858,418,"",1.24,1.92,2.04,2.06,1.82,2.41,1.95,0.91,"",4,6.2,-13,-1.6,-22,-2.4,14,1.5,167263,3.7,-69004,-5.2,1084,11.1,18,4.5
"13057","5","458110","78","0","2024","4","",69,779,887,922,4688499,1267332,10858,418,"",1.24,1.92,2.04,2.06,1.82,2.41,1.95,0.91,"",4,6.2,-13,-1.6,-22,-2.4,14,1.5,167263,3.7,-69004,-5.2,1084,11.1,18,4.5
"13057","5","4582","76","0","2024","4","",11,183,200,211,1282567,238493,945,498,"",1.07,2.29,2.34,2.37,2.65,2.48,1.06,1.14,"",-1,-8.3,-16,-8.0,-12,-5.7,-3,-1.4,14053,1.1,-42022,-15.0,-369,-28.1,30,6.4
"13057","5","45821","77","0","2024","4","",11,183,200,211,1282567,238493,945,498,"",1.07,2.29,2.34,2.37,2.65,2.48,1.06,1.14,"",-1,-8.3,-16,-8.0,-12,-5.7,-3,-1.4,14053,1.1,-42022,-15.0,-369,-28.1,30,6.4
"13057","5","458210","78","0","2024","4","",11,183,200,211,1282567,238493,945,498,"",1.07,2.29,2.34,2.37,2.65,2.48,1.06,1.14,"",-1,-8.3,-16,-8.0,-12,-5.7,-3,-1.4,14053,1.1,-42022,-15.0,-369,-28.1,30,6.4
"13057","5","4583","76","0","2024","4","",12,59,54,60,531045,64880,860,708,"",0.83,0.99,0.87,0.93,0.77,0.92,1.13,0.83,"",1,9.1,9,18.0,-2,-3.6,1,1.7,49342,10.2,9529,17.2,418,94.6,34,5.0
"13057","5","45831","77","0","2024","4","N",11,0,0,0,0,0,0,0,"N",0.81,0,0,0,0,0,0,0,"N",1,10.0,0,0,0,0,0,0,0,0,0,0,0,0,0,0
"13057","5","458310","78","0","2024","4","N",11,0,0,0,0,0,0,0,"N",0.81,0,0,0,0,0,0,0,"N",1,10.0,0,0,0,0,0,0,0,0,0,0,0,0,0,0
"13057","5","45832","77","0","2024","4","N",1,0,0,0,0,0,0,0,"N",1.22,0,0,0,0,0,0,0,"N",0,0.0,0,0,0,0,0,0,0,0,0,0,0,0,0,0
"13057","5","458320","78","0","2024","4","N",1,0,0,0,0,0,0,0,"N",1.22,0,0,0,0,0,0,0,"N",0,0.0,0,0,0,0,0,0,0,0,0,0,0,0,0,0
"13057","5","459","75","0","2024","4","",120,951,948,976,6734492,1404487,17260,541,"",0.94,1.31,1.28,1.31,1.28,1.53,1.85,0.98,"",15,14.3,84,9.7,34,3.7,63,6.9,246162,3.8,315630,29.0,9443,120.8,-15,-2.7
"13057","5","4591","76","0","2024","4","",29,457,476,494,3446275,619919,5903,557,"",0.95,1.98,1.95,1.98,2.40,2.03,2.37,1.21,"",4,16.0,-1,-0.2,-22,-4.4,-8,-1.6,92919,2.8,5681,0.9,1996,51.1,26,4.9
"13057","5","45911","77","0","2024","4","",19,345,363,380,2768284,434895,4255,587,"",1.13,2.48,2.47,2.53,3.07,2.39,2.84,1.23,"",2,11.8,1,0.3,-12,-3.2,-1,-0.3,31024,1.1,-15300,-3.4,1803,73.5,13,2.3
"13057","5","459110","78","0","2024","4","",19,345,363,380,2768284,434895,4255,587,"",1.13,2.48,2.47,2.53,3.07,2.39,2.84,1.23,"",2,11.8,1,0.3,-12,-3.2,-1,-0.3,31024,1.1,-15300,-3.4,1803,73.5,13,2.3
"13057","5","45912","77","0","2024","4","N",9,0,0,0,0,0,0,0,"N",1.05,0,0,0,0,0,0,0,"N",2,28.6,0,0,0,0,0,0,0,0,0,0,0,0,0,0
"13057","5","459120","78","0","2024","4","N",9,0,0,0,0,0,0,0,"N",1.05,0,0,0,0,0,0,0,"N",2,28.6,0,0,0,0,0,0,0,0,0,0,0,0,0,0
"13057","5","45914","77","0","2024","4","N",1,0,0,0,0,0,0,0,"N",0.40,0,0,0,0,0,0,0,"N",0,0.0,0,0,0,0,0,0,0,0,0,0,0,0,0,0
"13057","5","459140","78","0","2024","4","N",1,0,0,0,0,0,0,0,"N",0.40,0,0,0,0,0,0,0,"N",0,0.0,0,0,0,0,0,0,0,0,0,0,0,0,0,0
"13057","5","4592","76","0","2024","4","N",1,0,0,0,0,0,0,0,"N",0.19,0,0,0,0,0,0,0,"N",-1,-50.0,0,0,0,0,0,0,0,0,0,0,0,0,0,0
"13057","5","45921","77","0","2024","4","N",1,0,0,0,0,0,0,0,"N",0.19,0,0,0,0,0,0,0,"N",-1,-50.0,0,0,0,0,0,0,0,0,0,0,0,0,0,0
"13057","5","459210","78","0","2024","4","N",1,0,0,0,0,0,0,0,"N",0.19,0,0,0,0,0,0,0,"N",-1,-50.0,0,0,0,0,0,0,0,0,0,0,0,0,0,0
"13057","5","4593","76","0","2024","4","N",11,0,0,0,0,0,0,0,"N",1.35,0,0,0,0,0,0,0,"N",2,22.2,0,0,0,0,0,0,0,0,0,0,0,0,0,0
"13057","5","45931","77","0","2024","4","N",11,0,0,0,0,0,0,0,"N",1.35,0,0,0,0,0,0,0,"N",2,22.2,0,0,0,0,0,0,0,0,0,0,0,0,0,0
"13057","5","459310","78","0","2024","4","N",11,0,0,0,0,0,0,0,"N",1.35,0,0,0,0,0,0,0,"N",2,22.2,0,0,0,0,0,0,0,0,0,0,0,0,0,0
"13057","5","4594","76","0","2024","4","",7,49,50,50,296517,68086,646,459,"",0.41,0.49,0.52,0.52,0.45,0.57,0.53,0.88,"",0,0.0,-11,-18.3,-9,-15.3,-10,-16.7,-29306,-9.0,74,0.1,471,269.1,39,9.3
"13057","5","45941","77","0","2024","4","N",2,0,0,0,0,0,0,0,"N",0.49,0,0,0,0,0,0,0,"N",0,0.0,0,0,0,0,0,0,0,0,0,0,0,0,0,0
"13057","5","459410","78","0","2024","4","N",2,0,0,0,0,0,0,0,"N",0.49,0,0,0,0,0,0,0,"N",0,0.0,0,0,0,0,0,0,0,0,0,0,0,0,0,0
"13057","5","45942","77","0","2024","4","N",5,0,0,0,0,0,0,0,"N",0.39,0,0,0,0,0,0,0,"N",0,0.0,0,0,0,0,0,0,0,0,0,0,0,0,0,0
"13057","5","459420","78","0","2024","4","N",5,0,0,0,0,0,0,0,"N",0.39,0,0,0,0,0,0,0,"N",0,0.0,0,0,0,0,0,0,0,0,0,0,0,0,0,0
"13057","5","4595","76","0","2024","4","",17,160,151,155,890715,283062,6567,441,"",1.32,1.58,1.48,1.51,1.53,3.27,7.77,1.00,"",1,6.2,79,97.5,68,81.9,73,89.0,426511,91.9,186225,192.3,5548,544.5,6,1.4
"13057","5","45951","77","0","2024","4","",17,160,151,155,890715,283062,6567,441,"",1.32,1.58,1.48,1.51,1.53,3.27,7.77,1.00,"",1,6.2,79,97.5,68,81.9,73,89.0,426511,91.9,186225,192.3,5548,544.5,6,1.4
"13057","5","459510","78","0","2024","4","",17,160,151,155,890715,283062,6567,441,"",1.32,1.58,1.48,1.51,1.53,3.27,7.77,1.00,"",1,6.2,79,97.5,68,81.9,73,89.0,426511,91.9,186225,192.3,5548,544.5,6,1.4
"13057","5","4599","76","0","2024","4","",55,238,220,223,1802027,372222,3793,611,"",1.03,1.02,0.94,0.95,0.81,1.13,0.96,0.84,"",9,19.6,4,1.7,-16,-6.8,-10,-4.3,-302620,-14.4,102245,37.9,1278,50.8,-80,-11.6
"13057","5","45991","77","0","2024","4","",11,102,96,96,768844,142362,539,603,"",1.46,1.57,1.47,1.46,1.61,1.72,0.80,1.07,"",0,0.0,-7,-6.4,-10,-9.4,-11,-10.3,-99091,-11.4,23242,19.5,71,15.2,-19,-3.1
"13057","5","459910","78","0","2024","4","",11,102,96,96,768844,142362,539,603,"",1.46,1.57,1.47,1.46,1.61,1.72,0.80,1.07,"",0,0.0,-7,-6.4,-10,-9.4,-11,-10.3,-99091,-11.4,23242,19.5,71,15.2,-19,-3.1
"13057","5","45999","77","0","2024","4","",44,136,124,127,1033183,229860,3254,616,"",1.08,0.88,0.80,0.82,0.69,1.00,1.05,0.82,"",9,25.7,11,8.8,-6,-4.6,1,0.8,-203529,-16.5,79003,52.4,1207,59.0,-133,-17.8
"13057","5","459991","78","0","2024","4","",22,66,56,57,387010,121547,2095,499,"",1.19,0.98,0.83,0.84,0.86,1.04,1.29,0.97,"",4,22.2,0,0.0,-13,-18.8,-5,-8.1,-92991,-19.4,20702,20.5,385,22.5,-63,-11.2
"13057","5","459999","78","0","2024","4","",22,70,68,70,646173,108313,1159,717,"",0.99,0.81,0.79,0.81,0.61,0.95,0.78,0.76,"",5,29.4,11,18.6,7,11.5,6,9.4,-110538,-14.6,58301,116.6,822,243.9,-232,-24.4
"13057","5","48-49","74","0","2024","4","",166,1026,1043,1013,20326566,1023799,12300,1522,"",0.77,0.32,0.32,0.30,0.49,0.23,0.22,1.55,"",33,24.8,147,16.7,139,15.4,104,11.4,4012729,24.6,-88237,-7.9,-1899,-13.4,124,8.9
"13057","5","481","75","0","2024","4","N",3,0,0,0,0,0,0,0,"N",0.57,0,0,0,0,0,0,0,"N",1,50.0,0,0,0,0,0,0,0,0,0,0,0,0,0,0
"13057","5","4812","76","0","2024","4","N",3,0,0,0,0,0,0,0,"N",0.90,0,0,0,0,0,0,0,"N",1,50.0,0,0,0,0,0,0,0,0,0,0,0,0,0,0
"13057","5","48121","77","0","2024","4","N",3,0,0,0,0,0,0,0,"N",0.90,0,0,0,0,0,0,0,"N",1,50.0,0,0,0,0,0,0,0,0,0,0,0,0,0,0
"13057","5","481211","78","0","2024","4","N",1,0,0,0,0,0,0,0,"N",0.45,0,0,0,0,0,0,0,"N",0,0.0,0,0,0,0,0,0,0,0,0,0,0,0,0,0
"13057","5","481212","78","0","2024","4","N",1,0,0,0,0,0,0,0,"N",2.42,0,0,0,0,0,0,0,"N",0,0.0,0,0,0,0,0,0,0,0,0,0,0,0,0,0
"13057","5","481219","78","0","2024","4","N",1,0,0,0,0,0,0,0,"N",1.38,0,0,0,0,0,0,0,"N",1,100.0,0,0,0,0,0,0,0,0,0,0,0,0,0,0
"13057","5","484","75","0","2024","4","",85,442,464,438,8140459,582032,7334,1398,"",0.72,0.61,0.64,0.61,0.87,0.66,0.74,1.40,"",20,30.8,18,4.2,25,5.7,11,2.6,612003,8.1,-84735,-12.7,114,1.6,51,3.8
"13057","5","4841","76","0","2024","4","",49,164,171,172,2477219,204251,3049,1128,"",0.59,0.32,0.34,0.34,0.38,0.33,0.46,1.14,"",17,53.1,10,6.5,10,6.2,7,4.2,48904,2.0,-85922,-29.6,-1155,-27.5,-39,-3.3
"13057","5","48411","77","0","2024","4","",16,84,96,98,957708,108413,2089,795,"",0.50,0.60,0.68,0.69,0.57,0.58,0.81,0.86,"",1,6.7,-4,-4.5,5,5.5,2,2.1,-253476,-20.9,-89123,-45.1,-1101,-34.5,-221,-21.8
"13057","5","484110","78","0","2024","4","",16,84,96,98,957708,108413,2089,795,"",0.50,0.60,0.68,0.69,0.57,0.58,0.81,0.86,"",1,6.7,-4,-4.5,5,5.5,2,2.1,-253476,-20.9,-89123,-45.1,-1101,-34.5,-221,-21.8
"13057","5","48412","77","0","2024","4","",33,80,75,74,1519511,95838,960,1531,"",0.65,0.22,0.20,0.20,0.31,0.23,0.24,1.50,"",16,94.1,14,21.2,5,7.1,5,7.2,302380,24.8,3201,3.5,-54,-5.3,161,11.8
"13057","5","484121","78","0","2024","4","N",19,0,0,0,0,0,0,0,"N",0.45,0,0,0,0,0,0,0,"N",3,18.8,0,0,0,0,0,0,0,0,0,0,0,0,0,0
"13057","5","484122","78","0","2024","4","N",14,0,0,0,0,0,0,0,"N",1.63,0,0,0,0,0,0,0,"N",13,1300.0,0,0,0,0,0,0,0,0,0,0,0,0,0,0
"13057","5","4842","76","0","2024","4","",36,278,293,266,5663240,377781,4285,1561,"",1.01,1.29,1.36,1.25,1.99,1.38,1.29,1.53,"",3,9.1,8,3.0,15,5.4,4,1.5,563099,11.0,1187,0.3,1269,42.1,108,7.4
"13057","5","48421","77","0","2024","4","",6,30,38,32,473611,73227,1615,1093,"",0.90,0.69,0.87,0.75,1.11,1.27,2.40,1.45,"N",1,20.0,0,0,0,0,0,0,0,0,0,0,0,0,0,0
"13057","5","484210","78","0","2024","4","",6,30,38,32,473611,73227,1615,1093,"",0.90,0.69,0.87,0.75,1.11,1.27,2.40,1.45,"N",1,20.0,0,0,0,0,0,0,0,0,0,0,0,0,0,0
"13057","5","48422","77","0","2024","4","",20,138,136,117,2519446,66794,511,1487,"",0.98,1.27,1.25,1.10,1.73,0.48,0.26,1.43,"",2,11.1,3,2.2,0,0.0,-10,-7.9,283804,12.7,-82820,-55.4,-818,-61.6,191,14.7
"13057","5","484220","78","0","2024","4","",20,138,136,117,2519446,66794,511,1487,"",0.98,1.27,1.25,1.10,1.73,0.48,0.26,1.43,"",2,11.1,3,2.2,0,0.0,-10,-7.9,283804,12.7,-82820,-55.4,-818,-61.6,191,14.7
"13057","5","48423","77","0","2024","4","",10,110,119,117,2670183,237760,2159,1781,"",1.17,1.75,1.88,1.85,2.78,3.17,3.28,1.52,"N",0,0.0,0,0,0,0,0,0,0,0,0,0,0,0,0,0
"13057","5","484230","78","0","2024","4","",10,110,119,117,2670183,237760,2159,1781,"",1.17,1.75,1.88,1.85,2.78,3.17,3.28,1.52,"N",0,0.0,0,0,0,0,0,0,0,0,0,0,0,0,0,0
"13057","5","485","75","0","2024","4","",9,12,12,14,120283,24500,708,730,"",0.60,0.04,0.04,0.05,0.04,0.05,0.06,0.97,"",1,12.5,-3,-20.0,-2,-14.3,-2,-12.5,31241,35.1,18301,295.2,526,289.0,273,59.7
"13057","5","4851","76","0","2024","4","N",2,0,0,0,0,0,0,0,"N",3.50,0,0,0,0,0,0,0,"N",1,100.0,0,0,0,0,0,0,0,0,0,0,0,0,0,0
"13057","5","48511","77","0","2024","4","N",2,0,0,0,0,0,0,0,"N",3.50,0,0,0,0,0,0,0,"N",1,100.0,0,0,0,0,0,0,0,0,0,0,0,0,0,0
"13057","5","485113","78","0","2024","4","N",1,0,0,0,0,0,0,0,"N",2.32,0,0,0,0,0,0,0,"N",1,100.0,0,0,0,0,0,0,0,0,0,0,0,0,0,0
"13057","5","485119","78","0","2024","4","N",1,0,0,0,0,0,0,0,"N",16.71,0,0,0,0,0,0,0,"N",0,0.0,0,0,0,0,0,0,0,0,0,0,0,0,0,0
"13057","5","4853","76","0","2024","4","N",6,0,0,0,0,0,0,0,"N",1.18,0,0,0,0,0,0,0,"N",1,20.0,0,0,0,0,0,0,0,0,0,0,0,0,0,0
"13057","5","48531","77","0","2024","4","N",1,0,0,0,0,0,0,0,"N",0.45,0,0,0,0,0,0,0,"N",0,0.0,0,0,0,0,0,0,0,0,0,0,0,0,0,0
"13057","5","485310","78","0","2024","4","N",1,0,0,0,0,0,0,0,"N",0.45,0,0,0,0,0,0,0,"N",0,0.0,0,0,0,0,0,0,0,0,0,0,0,0,0,0
"13057","5","48532","77","0","2024","4","N",5,0,0,0,0,0,0,0,"N",1.73,0,0,0,0,0,0,0,"N",1,25.0,0,0,0,0,0,0,0,0,0,0,0,0,0,0
"13057","5","485320","78","0","2024","4","N",5,0,0,0,0,0,0,0,"N",1.73,0,0,0,0,0,0,0,"N",1,25.0,0,0,0,0,0,0,0,0,0,0,0,0,0,0
"13057","5","4859","76","0","2024","4","N",1,0,0,0,0,0,0,0,"N",0.19,0,0,0,0,0,0,0,"N",-1,-50.0,0,0,0,0,0,0,0,0,0,0,0,0,0,0
"13057","5","48599","77","0","2024","4","N",1,0,0,0,0,0,0,0,"N",0.19,0,0,0,0,0,0,0,"N",-1,-50.0,0,0,0,0,0,0,0,0,0,0,0,0,0,0
"13057","5","485999","78","0","2024","4","N",1,0,0,0,0,0,0,0,"N",0.44,0,0,0,0,0,0,0,"N",0,0.0,0,0,0,0,0,0,0,0,0,0,0,0,0,0
"13057","5","486","75","0","2024","4","N",1,0,0,0,0,0,0,0,"N",0.43,0,0,0,0,0,0,0,"N",0,0.0,0,0,0,0,0,0,0,0,0,0,0,0,0,0
"13057","5","4869","76","0","2024","4","N",1,0,0,0,0,0,0,0,"N",2.43,0,0,0,0,0,0,0,"N",0,0.0,0,0,0,0,0,0,0,0,0,0,0,0,0,0
"13057","5","48699","77","0","2024","4","N",1,0,0,0,0,0,0,0,"N",19.07,0,0,0,0,0,0,0,"N",0,0.0,0,0,0,0,0,0,0,0,0,0,0,0,0,0
"13057","5","486990","78","0","2024","4","N",1,0,0,0,0,0,0,0,"N",19.07,0,0,0,0,0,0,0,"N",0,0.0,0,0,0,0,0,0,0,0,0,0,0,0,0,0
"13057","5","488","75","0","2024","4","",45,223,220,221,4517887,173525,2143,1570,"",1.16,0.57,0.55,0.55,0.81,0.37,0.38,1.45,"",2,4.7,21,10.4,8,3.8,2,0.9,363121,8.7,-70362,-28.9,-1312,-38.0,55,3.6
"13057","5","4881","76","0","2024","4","N",5,0,0,0,0,0,0,0,"N",0.79,0,0,0,0,0,0,0,"N",2,66.7,0,0,0,0,0,0,0,0,0,0,0,0,0,0
"13057","5","48819","77","0","2024","4","N",5,0,0,0,0,0,0,0,"N",1.07,0,0,0,0,0,0,0,"N",2,66.7,0,0,0,0,0,0,0,0,0,0,0,0,0,0
"13057","5","488190","78","0","2024","4","N",5,0,0,0,0,0,0,0,"N",1.07,0,0,0,0,0,0,0,"N",2,66.7,0,0,0,0,0,0,0,0,0,0,0,0,0,0
"13057","5","4882","76","0","2024","4","N",2,0,0,0,0,0,0,0,"N",1.49,0,0,0,0,0,0,0,"N",0,0.0,0,0,0,0,0,0,0,0,0,0,0,0,0,0
"13057","5","48821","77","0","2024","4","N",2,0,0,0,0,0,0,0,"N",1.49,0,0,0,0,0,0,0,"N",0,0.0,0,0,0,0,0,0,0,0,0,0,0,0,0,0
"13057","5","488210","78","0","2024","4","N",2,0,0,0,0,0,0,0,"N",1.49,0,0,0,0,0,0,0,"N",0,0.0,0,0,0,0,0,0,0,0,0,0,0,0,0,0
"13057","5","4884","76","0","2024","4","",15,129,126,124,2199926,65588,327,1340,"",1.49,2.35,2.28,2.23,3.59,0.87,0.36,1.57,"",0,0.0,19,17.3,7,5.9,1,0.8,354892,19.2,-115568,-63.8,-2428,-88.1,130,10.7
"13057","5","48841","77","0","2024","4","N",13,0,0,0,0,0,0,0,"N",1.80,0,0,0,0,0,0,0,"N",0,0.0,0,0,0,0,0,0,0,0,0,0,0,0,0,0
"13057","5","488410","78","0","2024","4","N",13,0,0,0,0,0,0,0,"N",1.80,0,0,0,0,0,0,0,"N",0,0.0,0,0,0,0,0,0,0,0,0,0,0,0,0,0
"13057","5","48849","77","0","2024","4","N",2,0,0,0,0,0,0,0,"N",0.69,0,0,0,0,0,0,0,"N",0,0.0,0,0,0,0,0,0,0,0,0,0,0,0,0,0
"13057","5","488490","78","0","2024","4","N",2,0,0,0,0,0,0,0,"N",0.69,0,0,0,0,0,0,0,"N",0,0.0,0,0,0,0,0,0,0,0,0,0,0,0,0,0
"13057","5","4885","76","0","2024","4","",19,56,55,58,1828441,71134,1492,2497,"",1.14,0.45,0.44,0.46,0.90,0.59,1.02,2.01,"",0,0.0,4,7.7,4,7.8,3,5.5,2609,0.1,57438,419.4,1335,850.3,-170,-6.4
"13057","5","48851","77","0","2024","4","",19,56,55,58,1828441,71134,1492,2497,"",1.14,0.45,0.44,0.46,0.90,0.59,1.02,2.01,"",0,0.0,4,7.7,4,7.8,3,5.5,2609,0.1,57438,419.4,1335,850.3,-170,-6.4
"13057","5","488510","78","0","2024","4","",19,56,55,58,1828441,71134,1492,2497,"",1.14,0.45,0.44,0.46,0.90,0.59,1.02,2.01,"",0,0.0,4,7.7,4,7.8,3,5.5,2609,0.1,57438,419.4,1335,850.3,-170,-6.4
"13057","5","4889","76","0","2024","4","N",4,0,0,0,0,0,0,0,"N",1.61,0,0,0,0,0,0,0,"N",0,0.0,0,0,0,0,0,0,0,0,0,0,0,0,0,0
"13057","5","48899","77","0","2024","4","N",4,0,0,0,0,0,0,0,"N",1.61,0,0,0,0,0,0,0,"N",0,0.0,0,0,0,0,0,0,0,0,0,0,0,0,0,0
"13057","5","488991","78","0","2024","4","N",3,0,0,0,0,0,0,0,"N",3.17,0,0,0,0,0,0,0,"N",0,0.0,0,0,0,0,0,0,0,0,0,0,0,0,0,0
"13057","5","488999","78","0","2024","4","N",1,0,0,0,0,0,0,0,"N",0.65,0,0,0,0,0,0,0,"N",0,0.0,0,0,0,0,0,0,0,0,0,0,0,0,0,0
"13057","5","492","75","0","2024","4","N",9,0,0,0,0,0,0,0,"N",0.59,0,0,0,0,0,0,0,"N",4,80.0,0,0,0,0,0,0,0,0,0,0,0,0,0,0
"13057","5","4921","76","0","2024","4","N",4,0,0,0,0,0,0,0,"N",0.42,0,0,0,0,0,0,0,"N",2,100.0,0,0,0,0,0,0,0,0,0,0,0,0,0,0
"13057","5","49211","77","0","2024","4","N",4,0,0,0,0,0,0,0,"N",0.42,0,0,0,0,0,0,0,"N",2,100.0,0,0,0,0,0,0,0,0,0,0,0,0,0,0
"13057","5","492110","78","0","2024","4","N",4,0,0,0,0,0,0,0,"N",0.42,0,0,0,0,0,0,0,"N",2,100.0,0,0,0,0,0,0,0,0,0,0,0,0,0,0
"13057","5","4922","76","0","2024","4","N",5,0,0,0,0,0,0,0,"N",0.86,0,0,0,0,0,0,0,"N",2,66.7,0,0,0,0,0,0,0,0,0,0,0,0,0,0
"13057","5","49221","77","0","2024","4","N",5,0,0,0,0,0,0,0,"N",0.86,0,0,0,0,0,0,0,"N",2,66.7,0,0,0,0,0,0,0,0,0,0,0,0,0,0
"13057","5","492210","78","0","2024","4","N",5,0,0,0,0,0,0,0,"N",0.86,0,0,0,0,0,0,0,"N",2,66.7,0,0,0,0,0,0,0,0,0,0,0,0,0,0
"13057","5","493","75","0","2024","4","",14,273,274,273,5520323,199224,1109,1554,"",0.91,0.30,0.28,0.28,0.53,0.15,0.07,1.83,"",5,55.6,136,99.3,135,97.1,127,87.0,3470921,169.4,114260,134.5,301,37.3,433,38.6
"13057","5","4931","76","0","2024","4","",14,273,274,273,5520323,199224,1109,1554,"",0.91,0.30,0.28,0.28,0.53,0.15,0.07,1.83,"",5,55.6,136,99.3,135,97.1,127,87.0,3470921,169.4,114260,134.5,301,37.3,433,38.6
"13057","5","49311","77","0","2024","4","",7,51,51,53,650363,47028,580,968,"",0.60,0.06,0.06,0.06,0.07,0.04,0.04,1.15,"N",2,40.0,0,0,0,0,0,0,0,0,0,0,0,0,0,0
"13057","5","493110","78","0","2024","4","",7,51,51,53,650363,47028,580,968,"",0.60,0.06,0.06,0.06,0.07,0.04,0.04,1.15,"N",2,40.0,0,0,0,0,0,0,0,0,0,0,0,0,0,0
"13057","5","49312","77","0","2024","4","N",2,0,0,0,0,0,0,0,"N",1.65,0,0,0,0,0,0,0,"N",0,0.0,0,0,0,0,0,0,0,0,0,0,0,0,0,0
"13057","5","493120","78","0","2024","4","N",2,0,0,0,0,0,0,0,"N",1.65,0,0,0,0,0,0,0,"N",0,0.0,0,0,0,0,0,0,0,0,0,0,0,0,0,0
"13057","5","49319","77","0","2024","4","N",5,0,0,0,0,0,0,0,"N",2.72,0,0,0,0,0,0,0,"N",3,150.0,0,0,0,0,0,0,0,0,0,0,0,0,0,0
"13057","5","493190","78","0","2024","4","N",5,0,0,0,0,0,0,0,"N",2.72,0,0,0,0,0,0,0,"N",3,150.0,0,0,0,0,0,0,0,0,0,0,0,0,0,0
"13057","5","51","74","0","2024","4","",198,649,646,658,18335331,483415,5637,2167,"",0.99,0.47,0.46,0.47,0.40,0.41,0.31,0.85,"",77,63.6,75,13.1,77,13.5,86,15.0,4978966,37.3,-70352,-12.7,-973,-14.7,370,20.6
"13057","5","512","75","0","2024","4","",28,74,79,79,641487,81584,1411,638,"",1.02,0.43,0.42,0.43,0.18,0.31,0.21,0.41,"",11,64.7,5,7.2,15,23.4,9,12.9,87211,15.7,-18944,-18.8,770,120.1,8,1.3
"13057","5","5121","76","0","2024","4","N",21,0,0,0,0,0,0,0,"N",0.88,0,0,0,0,0,0,0,"N",8,61.5,0,0,0,0,0,0,0,0,0,0,0,0,0,0
"13057","5","51211","77","0","2024","4","",18,13,14,10,216168,12000,325,1348,"",1.05,0.14,0.13,0.10,0.08,0.06,0.06,0.64,"N",7,63.6,0,0,0,0,0,0,0,0,0,0,0,0,0,0
"13057","5","512110","78","0","2024","4","",18,13,14,10,216168,12000,325,1348,"",1.05,0.14,0.13,0.10,0.08,0.06,0.06,0.64,"N",7,63.6,0,0,0,0,0,0,0,0,0,0,0,0,0,0
"13057","5","51213","77","0","2024","4","N",2,0,0,0,0,0,0,0,"N",0.71,0,0,0,0,0,0,0,"N",0,0.0,0,0,0,0,0,0,0,0,0,0,0,0,0,0
"13057","5","512131","78","0","2024","4","N",2,0,0,0,0,0,0,0,"N",0.75,0,0,0,0,0,0,0,"N",0,0.0,0,0,0,0,0,0,0,0,0,0,0,0,0,0
"13057","5","51219","77","0","2024","4","N",1,0,0,0,0,0,0,0,"N",0.30,0,0,0,0,0,0,0,"N",1,100.0,0,0,0,0,0,0,0,0,0,0,0,0,0,0
"13057","5","512191","78","0","2024","4","N",1,0,0,0,0,0,0,0,"N",0.36,0,0,0,0,0,0,0,"N",1,100.0,0,0,0,0,0,0,0,0,0,0,0,0,0,0
"13057","5","5122","76","0","2024","4","N",7,0,0,0,0,0,0,0,"N",1.92,0,0,0,0,0,0,0,"N",3,75.0,0,0,0,0,0,0,0,0,0,0,0,0,0,0
"13057","5","51223","77","0","2024","4","N",2,0,0,0,0,0,0,0,"N",2.43,0,0,0,0,0,0,0,"N",1,100.0,0,0,0,0,0,0,0,0,0,0,0,0,0,0
"13057","5","512230","78","0","2024","4","N",2,0,0,0,0,0,0,0,"N",2.43,0,0,0,0,0,0,0,"N",1,100.0,0,0,0,0,0,0,0,0,0,0,0,0,0,0
"13057","5","51224","77","0","2024","4","N",3,0,0,0,0,0,0,0,"N",2.26,0,0,0,0,0,0,0,"N",1,50.0,0,0,0,0,0,0,0,0,0,0,0,0,0,0
"13057","5","512240","78","0","2024","4","N",3,0,0,0,0,0,0,0,"N",2.26,0,0,0,0,0,0,0,"N",1,50.0,0,0,0,0,0,0,0,0,0,0,0,0,0,0
"13057","5","51225","77","0","2024","4","N",1,0,0,0,0,0,0,0,"N",1.08,0,0,0,0,0,0,0,"N",0,0.0,0,0,0,0,0,0,0,0,0,0,0,0,0,0
"13057","5","512250","78","0","2024","4","N",1,0,0,0,0,0,0,0,"N",1.08,0,0,0,0,0,0,0,"N",0,0.0,0,0,0,0,0,0,0,0,0,0,0,0,0,0
"13057","5","51229","77","0","2024","4","N",1,0,0,0,0,0,0,0,"N",1.74,0,0,0,0,0,0,0,"N",1,100.0,0,0,0,0,0,0,0,0,0,0,0,0,0,0
"13057","5","512290","78","0","2024","4","N",1,0,0,0,0,0,0,0,"N",1.74,0,0,0,0,0,0,0,"N",1,100.0,0,0,0,0,0,0,0,0,0,0,0,0,0,0
"13057","5","513","75","0","2024","4","",100,263,255,271,8127322,188328,1984,2377,"",1.16,0.62,0.60,0.63,0.54,0.51,0.43,0.88,"",58,138.1,33,14.3,28,12.3,46,20.4,1936281,31.3,67727,56.2,688,53.1,282,13.5
"13057","5","5131","76","0","2024","4","",20,159,158,162,3870631,94707,681,1865,"",1.05,1.28,1.27,1.30,1.55,1.06,0.62,1.21,"",3,17.6,-6,-3.6,-5,-3.1,0,0.0,178545,4.8,19614,26.1,-246,-26.5,126,7.2
"13057","5","51311","77","0","2024","4","N",2,0,0,0,0,0,0,0,"N",0.41,0,0,0,0,0,0,0,"N",0,0.0,0,0,0,0,0,0,0,0,0,0,0,0,0,0
"13057","5","513110","78","0","2024","4","N",2,0,0,0,0,0,0,0,"N",0.41,0,0,0,0,0,0,0,"N",0,0.0,0,0,0,0,0,0,0,0,0,0,0,0,0,0
"13057","5","51312","77","0","2024","4","",6,7,7,7,143075,11516,34,1572,"",1.12,0.23,0.23,0.23,0.21,0.65,0.14,0.91,"N",1,20.0,0,0,0,0,0,0,0,0,0,0,0,0,0,0
"13057","5","513120","78","0","2024","4","",6,7,7,7,143075,11516,34,1572,"",1.12,0.23,0.23,0.23,0.21,0.65,0.14,0.91,"N",1,20.0,0,0,0,0,0,0,0,0,0,0,0,0,0,0
"13057","5","51313","77","0","2024","4","N",3,0,0,0,0,0,0,0,"N",0.82,0,0,0,0,0,0,0,"N",0,0.0,0,0,0,0,0,0,0,0,0,0,0,0,0,0
"13057","5","513130","78","0","2024","4","N",3,0,0,0,0,0,0,0,"N",0.82,0,0,0,0,0,0,0,"N",0,0.0,0,0,0,0,0,0,0,0,0,0,0,0,0,0
"13057","5","51314","77","0","2024","4","N",3,0,0,0,0,0,0,0,"N",3.25,0,0,0,0,0,0,0,"N",2,200.0,0,0,0,0,0,0,0,0,0,0,0,0,0,0
"13057","5","513140","78","0","2024","4","N",3,0,0,0,0,0,0,0,"N",3.25,0,0,0,0,0,0,0,"N",2,200.0,0,0,0,0,0,0,0,0,0,0,0,0,0,0
"13057","5","51319","77","0","2024","4","N",6,0,0,0,0,0,0,0,"N",1.39,0,0,0,0,0,0,0,"N",0,0.0,0,0,0,0,0,0,0,0,0,0,0,0,0,0
"13057","5","513199","78","0","2024","4","N",6,0,0,0,0,0,0,0,"N",1.42,0,0,0,0,0,0,0,"N",0,0.0,0,0,0,0,0,0,0,0,0,0,0,0,0,0
"13057","5","5132","76","0","2024","4","",80,104,97,109,4256691,93621,1303,3169,"",1.20,0.34,0.32,0.36,0.34,0.34,0.37,0.99,"",55,220.0,39,60.0,33,51.6,46,73.0,1757736,70.3,48113,105.7,934,253.1,165,5.5
"13057","5","51321","77","0","2024","4","",80,104,97,109,4256691,93621,1303,3169,"",1.20,0.34,0.32,0.36,0.34,0.34,0.37,0.99,"",55,220.0,39,60.0,33,51.6,46,73.0,1757736,70.3,48113,105.7,934,253.1,165,5.5
"13057","5","513210","78","0","2024","4","",80,104,97,109,4256691,93621,1303,3169,"",1.20,0.34,0.32,0.36,0.34,0.34,0.37,0.99,"",55,220.0,39,60.0,33,51.6,46,73.0,1757736,70.3,48113,105.7,934,253.1,165,5.5
"13057","5","516","75","0","2024","4","N",8,0,0,0,0,0,0,0,"N",0.57,0,0,0,0,0,0,0,"N",1,14.3,0,0,0,0,0,0,0,0,0,0,0,0,0,0
"13057","5","5161","76","0","2024","4","N",2,0,0,0,0,0,0,0,"N",0.49,0,0,0,0,0,0,0,"N",0,0.0,0,0,0,0,0,0,0,0,0,0,0,0,0,0
"13057","5","51611","77","0","2024","4","N",2,0,0,0,0,0,0,0,"N",0.70,0,0,0,0,0,0,0,"N",0,0.0,0,0,0,0,0,0,0,0,0,0,0,0,0,0
"13057","5","516110","78","0","2024","4","N",2,0,0,0,0,0,0,0,"N",0.70,0,0,0,0,0,0,0,"N",0,0.0,0,0,0,0,0,0,0,0,0,0,0,0,0,0
"13057","5","5162","76","0","2024","4","",6,8,8,8,142951,661,4,1375,"",0.60,0.07,0.07,0.07,0.02,0.01,0.00,0.30,"",1,20.0,0,0.0,-2,-20.0,-1,-11.1,22119,18.3,481,267.2,-1,-20.0,342,33.1
"13057","5","51621","77","0","2024","4","",6,8,8,8,142951,661,4,1375,"",0.60,0.07,0.07,0.07,0.02,0.01,0.00,0.30,"",1,20.0,0,0.0,-2,-20.0,-1,-11.1,22119,18.3,481,267.2,-1,-20.0,342,33.1
"13057","5","516210","78","0","2024","4","",6,8,8,8,142951,661,4,1375,"",0.60,0.07,0.07,0.07,0.02,0.01,0.00,0.30,"",1,20.0,0,0.0,-2,-20.0,-1,-11.1,22119,18.3,481,267.2,-1,-20.0,342,33.1
"13057","5","517","75","0","2024","4","",26,124,124,123,2715883,50961,408,1689,"",1.09,0.43,0.42,0.42,0.45,0.27,0.20,1.06,"",-2,-7.1,-12,-8.8,-12,-8.8,-16,-11.5,-5706,-0.2,-13416,-20.8,-358,-46.7,161,10.5
"13057","5","5171","76","0","2024","4","",17,98,99,97,2139053,40204,227,1679,"",0.87,0.37,0.37,0.37,0.40,0.23,0.12,1.08,"",-2,-10.5,-17,-14.8,-15,-13.2,-18,-15.7,-89123,-4.0,-1,0.0,-44,-16.2,184,12.3
"13057","5","51711","77","0","2024","4","N",12,0,0,0,0,0,0,0,"N",0.73,0,0,0,0,0,0,0,"N",-2,-14.3,0,0,0,0,0,0,0,0,0,0,0,0,0,0
"13057","5","517111","78","0","2024","4","",8,77,77,76,1799392,31414,186,1805,"",0.66,0.37,0.36,0.36,0.42,0.25,0.15,1.16,"",-1,-11.1,-4,-4.9,-2,-2.5,-3,-3.8,159368,9.7,7102,29.2,6,3.3,221,14.0
"13057","5","517112","78","0","2024","4","N",4,0,0,0,0,0,0,0,"N",0.91,0,0,0,0,0,0,0,"N",-1,-20.0,0,0,0,0,0,0,0,0,0,0,0,0,0,0
"13057","5","51712","77","0","2024","4","N",5,0,0,0,0,0,0,0,"N",1.66,0,0,0,0,0,0,0,"N",0,0.0,0,0,0,0,0,0,0,0,0,0,0,0,0,0
"13057","5","517121","78","0","2024","4","N",5,0,0,0,0,0,0,0,"N",1.66,0,0,0,0,0,0,0,"N",0,0.0,0,0,0,0,0,0,0,0,0,0,0,0,0,0
"13057","5","5178","76","0","2024","4","",9,26,25,26,576830,10757,181,1729,"",2.55,1.20,1.16,1.21,0.95,0.81,1.08,0.80,"",0,0.0,5,23.8,3,13.6,2,8.3,83417,16.9,-13415,-55.5,-314,-63.4,30,1.8
"13057","5","51781","77","0","2024","4","",9,26,25,26,576830,10757,181,1729,"",2.55,1.20,1.16,1.21,0.95,0.81,1.08,0.80,"",0,0.0,5,23.8,3,13.6,2,8.3,83417,16.9,-13415,-55.5,-314,-63.4,30,1.8
"13057","5","517810","78","0","2024","4","",9,26,25,26,576830,10757,181,1729,"",2.55,1.20,1.16,1.21,0.95,0.81,1.08,0.80,"",0,0.0,5,23.8,3,13.6,2,8.3,83417,16.9,-13415,-55.5,-314,-63.4,30,1.8
"13057","5","518","75","0","2024","4","",33,156,156,153,6022826,161881,1830,2989,"",0.88,0.68,0.67,0.66,0.67,0.82,0.72,1.00,"",8,32.0,38,32.2,37,31.1,37,31.9,2671008,79.7,-97668,-37.6,-1959,-51.7,798,36.4
"13057","5","5182","76","0","2024","4","",33,156,156,153,6022826,161881,1830,2989,"",0.88,0.68,0.67,0.66,0.67,0.82,0.72,1.00,"",8,32.0,38,32.2,37,31.1,37,31.9,2671008,79.7,-97668,-37.6,-1959,-51.7,798,36.4
"13057","5","51821","77","0","2024","4","",33,156,156,153,6022826,161881,1830,2989,"",0.88,0.68,0.67,0.66,0.67,0.82,0.72,1.00,"",8,32.0,38,32.2,37,31.1,37,31.9,2671008,79.7,-97668,-37.6,-1959,-51.7,798,36.4
"13057","5","518210","78","0","2024","4","",33,156,156,153,6022826,161881,1830,2989,"",0.88,0.68,0.67,0.66,0.67,0.82,0.72,1.00,"",8,32.0,38,32.2,37,31.1,37,31.9,2671008,79.7,-97668,-37.6,-1959,-51.7,798,36.4
"13057","5","519","75","0","2024","4","N",3,0,0,0,0,0,0,0,"N",0.26,0,0,0,0,0,0,0,"N",1,50.0,0,0,0,0,0,0,0,0,0,0,0,0,0,0
"13057","5","5192","76","0","2024","4","N",3,0,0,0,0,0,0,0,"N",0.26,0,0,0,0,0,0,0,"N",1,50.0,0,0,0,0,0,0,0,0,0,0,0,0,0,0
"13057","5","51929","77","0","2024","4","N",3,0,0,0,0,0,0,0,"N",0.30,0,0,0,0,0,0,0,"N",1,50.0,0,0,0,0,0,0,0,0,0,0,0,0,0,0
"13057","5","519290","78","0","2024","4","N",3,0,0,0,0,0,0,0,"N",0.30,0,0,0,0,0,0,0,"N",1,50.0,0,0,0,0,0,0,0,0,0,0,0,0,0,0
"13057","5","52","74","0","2024","4","",428,1924,1924,1911,39770193,1720865,18947,1594,"",1.09,0.64,0.64,0.63,0.51,0.78,0.83,0.80,"",53,14.1,296,18.2,314,19.5,306,19.1,8605317,27.6,553808,47.5,5092,36.8,109,7.3
"13057","5","522","75","0","2024","4","",122,820,822,817,14095325,575573,5668,1323,"",0.94,0.67,0.67,0.66,0.57,0.67,0.65,0.85,"",9,8.0,-32,-3.8,-15,-1.8,-22,-2.6,1380084,10.9,173086,43.0,-441,-7.2,162,14.0
"13057","5","5221","76","0","2024","4","",55,640,634,628,9151992,253182,3750,1110,"",0.77,0.76,0.75,0.74,0.58,0.45,0.86,0.77,"",5,10.0,-9,-1.4,-8,-1.2,-20,-3.1,475764,5.5,-22597,-8.2,-601,-13.8,77,7.5
"13057","5","52211","77","0","2024","4","",45,429,429,424,6291804,172787,1838,1133,"",0.85,0.66,0.65,0.65,0.48,0.46,0.61,0.74,"",4,9.8,6,1.4,8,1.9,4,1.0,228837,3.8,55178,46.9,1009,121.7,26,2.3
"13057","5","522110","78","0","2024","4","",45,429,429,424,6291804,172787,1838,1133,"",0.85,0.66,0.65,0.65,0.48,0.46,0.61,0.74,"",4,9.8,6,1.4,8,1.9,4,1.0,228837,3.8,55178,46.9,1009,121.7,26,2.3
"13057","5","52213","77","0","2024","4","N",9,0,0,0,0,0,0,0,"N",0.66,0,0,0,0,0,0,0,"N",1,12.5,0,0,0,0,0,0,0,0,0,0,0,0,0,0
"13057","5","522130","78","0","2024","4","N",9,0,0,0,0,0,0,0,"N",0.66,0,0,0,0,0,0,0,"N",1,12.5,0,0,0,0,0,0,0,0,0,0,0,0,0,0
"13057","5","52218","77","0","2024","4","N",1,0,0,0,0,0,0,0,"N",0.20,0,0,0,0,0,0,0,"N",0,0.0,0,0,0,0,0,0,0,0,0,0,0,0,0,0
"13057","5","522180","78","0","2024","4","N",1,0,0,0,0,0,0,0,"N",0.20,0,0,0,0,0,0,0,"N",0,0.0,0,0,0,0,0,0,0,0,0,0,0,0,0,0
"13057","5","5222","76","0","2024","4","",43,119,124,124,2907484,257878,1227,1828,"",1.24,0.50,0.51,0.51,0.53,1.35,0.47,1.05,"",1,2.4,-8,-6.3,-2,-1.6,2,1.6,596284,25.8,180346,232.6,-105,-7.9,406,28.6
"13057","5","52222","77","0","2024","4","N",3,0,0,0,0,0,0,0,"N",0.69,0,0,0,0,0,0,0,"N",0,0.0,0,0,0,0,0,0,0,0,0,0,0,0,0,0
"13057","5","522220","78","0","2024","4","N",3,0,0,0,0,0,0,0,"N",0.69,0,0,0,0,0,0,0,"N",0,0.0,0,0,0,0,0,0,0,0,0,0,0,0,0,0
"13057","5","52229","77","0","2024","4","N",40,0,0,0,0,0,0,0,"N",1.35,0,0,0,0,0,0,0,"N",1,2.6,0,0,0,0,0,0,0,0,0,0,0,0,0,0
"13057","5","522291","78","0","2024","4","N",11,0,0,0,0,0,0,0,"N",1.05,0,0,0,0,0,0,0,"N",1,10.0,0,0,0,0,0,0,0,0,0,0,0,0,0,0
"13057","5","522292","78","0","2024","4","",20,35,38,36,924676,46433,215,1958,"",1.62,0.41,0.44,0.42,0.47,0.57,0.14,1.10,"",0,0.0,-3,-7.9,3,8.6,5,16.1,233548,33.8,31443,209.8,191,795.8,424,27.6
"13057","5","522299","78","0","2024","4","",9,50,51,53,1487208,163301,800,2229,"",1.31,1.21,1.23,1.27,1.74,5.14,2.99,1.41,"",0,0.0,-2,-3.8,-2,-3.8,-1,-1.9,351172,30.9,114284,233.2,-366,-31.4,580,35.2
"13057","5","5223","76","0","2024","4","",24,61,64,65,2035849,64513,691,2473,"",1.04,0.45,0.47,0.48,0.61,0.60,0.41,1.31,"",3,14.3,-15,-19.7,-5,-7.2,-4,-5.8,308036,17.8,15337,31.2,265,62.2,610,32.7
"13057","5","52231","77","0","2024","4","",13,34,37,36,1048006,25305,167,2260,"",1.11,0.83,0.90,0.88,1.14,0.54,0.19,1.30,"",0,0.0,-13,-27.7,-5,-11.9,-8,-18.2,87332,9.1,2823,12.6,-3,-1.8,593,35.6
"13057","5","522310","78","0","2024","4","",13,34,37,36,1048006,25305,167,2260,"",1.11,0.83,0.90,0.88,1.14,0.54,0.19,1.30,"",0,0.0,-13,-27.7,-5,-11.9,-8,-18.2,87332,9.1,2823,12.6,-3,-1.8,593,35.6
"13057","5","52232","77","0","2024","4","N",6,0,0,0,0,0,0,0,"N",0.93,0,0,0,0,0,0,0,"N",1,20.0,0,0,0,0,0,0,0,0,0,0,0,0,0,0
"13057","5","522320","78","0","2024","4","N",6,0,0,0,0,0,0,0,"N",0.93,0,0,0,0,0,0,0,"N",1,20.0,0,0,0,0,0,0,0,0,0,0,0,0,0,0
"13057","5","52239","77","0","2024","4","N",5,0,0,0,0,0,0,0,"N",1.00,0,0,0,0,0,0,0,"N",2,66.7,0,0,0,0,0,0,0,0,0,0,0,0,0,0
"13057","5","522390","78","0","2024","4","N",5,0,0,0,0,0,0,0,"N",1.00,0,0,0,0,0,0,0,"N",2,66.7,0,0,0,0,0,0,0,0,0,0,0,0,0,0
"13057","5","523","75","0","2024","4","N",99,0,0,0,0,0,0,0,"N",0.96,0,0,0,0,0,0,0,"N",11,12.5,0,0,0,0,0,0,0,0,0,0,0,0,0,0
"13057","5","5231","76","0","2024","4","",38,48,50,48,1824330,17758,72,2884,"",1.32,0.21,0.22,0.21,0.15,0.14,0.06,0.72,"",1,2.7,-4,-7.7,2,4.2,-3,-5.9,-424014,-18.9,-17942,-50.3,-118,-62.1,-552,-16.1
"13057","5","52315","77","0","2024","4","",38,48,50,48,1824330,17758,72,2884,"",1.45,0.22,0.23,0.22,0.17,0.15,0.07,0.73,"N",2,5.6,0,0,0,0,0,0,0,0,0,0,0,0,0,0
"13057","5","523150","78","0","2024","4","",38,48,50,48,1824330,17758,72,2884,"",1.45,0.22,0.23,0.22,0.17,0.15,0.07,0.73,"N",2,5.6,0,0,0,0,0,0,0,0,0,0,0,0,0,0
"13057","5","52316","77","0","2024","4","-",0,0,0,0,0,0,0,0,"N",0.00,0,0,0,0,0,0,0,"N",-1,-100.0,0,0,0,0,0,0,0,0,0,0,0,0,0,0
"13057","5","523160","78","0","2024","4","-",0,0,0,0,0,0,0,0,"N",0.00,0,0,0,0,0,0,0,"N",-1,-100.0,0,0,0,0,0,0,0,0,0,0,0,0,0,0
"13057","5","5232","76","0","2024","4","N",1,0,0,0,0,0,0,0,"N",1.49,0,0,0,0,0,0,0,"N",0,0.0,0,0,0,0,0,0,0,0,0,0,0,0,0,0
"13057","5","52321","77","0","2024","4","N",1,0,0,0,0,0,0,0,"N",1.49,0,0,0,0,0,0,0,"N",0,0.0,0,0,0,0,0,0,0,0,0,0,0,0,0,0
"13057","5","523210","78","0","2024","4","N",1,0,0,0,0,0,0,0,"N",1.49,0,0,0,0,0,0,0,"N",0,0.0,0,0,0,0,0,0,0,0,0,0,0,0,0,0
"13057","5","5239","76","0","2024","4","",60,118,123,117,4073549,147197,2236,2626,"",0.81,0.41,0.42,0.40,0.24,0.63,0.76,0.58,"",10,20.0,12,11.3,18,17.1,16,15.8,899813,28.4,12743,9.5,120,5.7,279,11.9
"13057","5","52391","77","0","2024","4","N",7,0,0,0,0,0,0,0,"N",1.06,0,0,0,0,0,0,0,"N",1,16.7,0,0,0,0,0,0,0,0,0,0,0,0,0,0
"13057","5","523910","78","0","2024","4","N",7,0,0,0,0,0,0,0,"N",1.06,0,0,0,0,0,0,0,"N",1,16.7,0,0,0,0,0,0,0,0,0,0,0,0,0,0
"13057","5","52394","77","0","2024","4","",51,105,110,104,3459118,123197,2226,2502,"",0.85,0.43,0.45,0.42,0.23,0.63,0.93,0.53,"",9,21.4,10,10.5,17,18.3,15,16.9,778367,29.0,67925,122.9,1615,264.3,269,12.0
"13057","5","523940","78","0","2024","4","",51,105,110,104,3459118,123197,2226,2502,"",0.85,0.43,0.45,0.42,0.23,0.63,0.93,0.53,"",9,21.4,10,10.5,17,18.3,15,16.9,778367,29.0,67925,122.9,1615,264.3,269,12.0
"13057","5","52399","77","0","2024","4","N",2,0,0,0,0,0,0,0,"N",0.27,0,0,0,0,0,0,0,"N",0,0.0,0,0,0,0,0,0,0,0,0,0,0,0,0,0
"13057","5","523991","78","0","2024","4","N",1,0,0,0,0,0,0,0,"N",0.50,0,0,0,0,0,0,0,"N",0,0.0,0,0,0,0,0,0,0,0,0,0,0,0,0,0
"13057","5","523999","78","0","2024","4","N",1,0,0,0,0,0,0,0,"N",0.18,0,0,0,0,0,0,0,"N",0,0.0,0,0,0,0,0,0,0,0,0,0,0,0,0,0
"13057","5","524","75","0","2024","4","",205,935,926,926,19685750,978529,10947,1630,"",1.34,0.75,0.74,0.74,0.82,1.06,1.21,1.10,"",33,19.2,318,51.5,307,49.6,313,51.1,6681020,51.4,386004,65.1,5558,103.1,7,0.4
"13057","5","5241","76","0","2024","4","",11,23,25,25,635546,35307,456,2009,"",0.46,0.04,0.04,0.04,0.06,0.10,0.14,1.34,"",2,22.2,-5,-17.9,-3,-10.7,-2,-7.4,2620,0.4,8363,31.0,267,141.3,249,14.1
"13057","5","52411","77","0","2024","4","",4,4,4,5,158737,17800,385,2818,"",0.43,0.01,0.01,0.02,0.03,0.08,0.21,1.98,"N",2,100.0,0,0,0,0,0,0,0,0,0,0,0,0,0,0
"13057","5","524113","78","0","2024","4","N",2,0,0,0,0,0,0,0,"N",0.56,0,0,0,0,0,0,0,"N",2,100.0,0,0,0,0,0,0,0,0,0,0,0,0,0,0
"13057","5","524114","78","0","2024","4","N",2,0,0,0,0,0,0,0,"N",0.35,0,0,0,0,0,0,0,"N",0,0.0,0,0,0,0,0,0,0,0,0,0,0,0,0,0
"13057","5","52412","77","0","2024","4","",7,19,21,20,476809,17507,71,1834,"",0.51,0.08,0.08,0.08,0.09,0.14,0.05,1.16,"N",0,0.0,0,0,0,0,0,0,0,0,0,0,0,0,0,0
"13057","5","524126","78","0","2024","4","N",6,0,0,0,0,0,0,0,"N",0.71,0,0,0,0,0,0,0,"N",0,0.0,0,0,0,0,0,0,0,0,0,0,0,0,0,0
"13057","5","524128","78","0","2024","4","N",1,0,0,0,0,0,0,0,"N",0.68,0,0,0,0,0,0,0,"N",0,0.0,0,0,0,0,0,0,0,0,0,0,0,0,0,0
"13057","5","5242","76","0","2024","4","",194,912,901,901,19050204,943222,10491,1620,"",1.51,1.37,1.34,1.34,1.51,1.65,1.80,1.11,"",31,19.0,323,54.8,310,52.5,315,53.8,6678400,54.0,377641,66.8,5291,101.8,3,0.2
"13057","5","52421","77","0","2024","4","",169,855,842,842,17457305,866371,8786,1587,"",1.56,1.78,1.73,1.73,1.88,2.07,2.19,1.08,"",27,19.0,321,60.1,307,57.4,310,58.3,6495776,59.3,341867,65.2,4105,87.7,7,0.4
"13057","5","524210","78","0","2024","4","",169,855,842,842,17457305,866371,8786,1587,"",1.56,1.78,1.73,1.73,1.88,2.07,2.19,1.08,"",27,19.0,321,60.1,307,57.4,310,58.3,6495776,59.3,341867,65.2,4105,87.7,7,0.4
"13057","5","52429","77","0","2024","4","",25,57,59,59,1592899,76851,1705,2101,"",1.24,0.31,0.32,0.32,0.47,0.50,0.93,1.50,"",4,19.0,2,3.6,3,5.4,5,9.3,182624,12.9,35774,87.1,1186,228.5,129,6.5
"13057","5","524291","78","0","2024","4","",7,17,17,17,296322,8258,108,1341,"",1.21,0.54,0.55,0.57,0.49,0.23,0.20,0.89,"",2,40.0,12,240.0,12,240.0,12,240.0,255380,623.8,6759,450.9,68,170.0,711,112.9
"13057","5","524292","78","0","2024","4","",7,21,23,23,423512,49593,1336,1459,"",1.06,0.20,0.22,0.22,0.24,0.61,1.55,1.12,"",2,40.0,9,75.0,11,91.7,11,91.7,155605,58.1,48990,8124.4,1335,133500.0,-258,-15.0
"13057","5","524298","78","0","2024","4","",11,19,19,19,873065,19000,261,3535,"",1.42,0.39,0.39,0.39,0.89,0.50,0.62,2.28,"",0,0.0,-19,-50.0,-20,-51.3,-18,-48.6,-228361,-20.7,-19975,-51.3,-217,-45.4,1305,58.5
"13057","5","525","75","0","2024","4","N",2,0,0,0,0,0,0,0,"N",0.28,0,0,0,0,0,0,0,"N",0,0.0,0,0,0,0,0,0,0,0,0,0,0,0,0,0
"13057","5","5251","76","0","2024","4","N",1,0,0,0,0,0,0,0,"N",0.71,0,0,0,0,0,0,0,"N",0,0.0,0,0,0,0,0,0,0,0,0,0,0,0,0,0
"13057","5","52512","77","0","2024","4","N",1,0,0,0,0,0,0,0,"N",1.98,0,0,0,0,0,0,0,"N",0,0.0,0,0,0,0,0,0,0,0,0,0,0,0,0,0
"13057","5","525120","78","0","2024","4","N",1,0,0,0,0,0,0,0,"N",1.98,0,0,0,0,0,0,0,"N",0,0.0,0,0,0,0,0,0,0,0,0,0,0,0,0,0
"13057","5","5259","76","0","2024","4","N",1,0,0,0,0,0,0,0,"N",0.18,0,0,0,0,0,0,0,"N",0,0.0,0,0,0,0,0,0,0,0,0,0,0,0,0,0
"13057","5","52599","77","0","2024","4","N",1,0,0,0,0,0,0,0,"N",0.42,0,0,0,0,0,0,0,"N",1,100.0,0,0,0,0,0,0,0,0,0,0,0,0,0,0
"13057","5","525990","78","0","2024","4","N",1,0,0,0,0,0,0,0,"N",0.42,0,0,0,0,0,0,0,"N",1,100.0,0,0,0,0,0,0,0,0,0,0,0,0,0,0
"13057","5","53","74","0","2024","4","",374,843,851,863,14072470,1074594,13336,1270,"",1.12,0.73,0.73,0.74,0.79,0.81,0.85,1.08,"",29,8.4,-12,-1.4,-14,-1.6,-23,-2.6,-186961,-1.3,-219270,-16.9,-2215,-14.2,7,0.6
"13057","5","531","75","0","2024","4","",346,666,677,687,11356376,914001,11984,1291,"",1.19,0.76,0.77,0.78,0.82,0.88,0.99,1.07,"",25,7.8,-22,-3.2,-16,-2.3,-25,-3.5,-518513,-4.4,-150080,-14.1,-667,-5.3,-18,-1.4
"13057","5","5311","76","0","2024","4","",70,151,151,148,2007923,129153,1383,1030,"",0.85,0.50,0.49,0.48,0.46,0.40,0.36,0.94,"",-4,-5.4,-26,-14.7,-29,-16.1,-29,-16.4,-407613,-16.9,-118818,-47.9,-2030,-59.5,-14,-1.3
"13057","5","53111","77","0","2024","4","",26,59,60,59,887270,59903,781,1150,"",0.58,0.33,0.34,0.33,0.39,0.31,0.35,1.18,"",-3,-10.3,-34,-36.6,-33,-35.5,-28,-32.2,-440988,-33.2,-60428,-50.2,-166,-17.5,27,2.4
"13057","5","531110","78","0","2024","4","",26,59,60,59,887270,59903,781,1150,"",0.58,0.33,0.34,0.33,0.39,0.31,0.35,1.18,"",-3,-10.3,-34,-36.6,-33,-35.5,-28,-32.2,-440988,-33.2,-60428,-50.2,-166,-17.5,27,2.4
"13057","5","53112","77","0","2024","4","N",18,0,0,0,0,0,0,0,"N",0.98,0,0,0,0,0,0,0,"N",-2,-10.0,0,0,0,0,0,0,0,0,0,0,0,0,0,0
"13057","5","531120","78","0","2024","4","N",18,0,0,0,0,0,0,0,"N",0.98,0,0,0,0,0,0,0,"N",-2,-10.0,0,0,0,0,0,0,0,0,0,0,0,0,0,0
"13057","5","53113","77","0","2024","4","",24,53,52,49,545507,40455,414,817,"",1.90,1.84,1.79,1.68,1.66,1.14,1.08,0.94,"",2,9.1,7,15.2,4,8.3,0,0.0,53202,10.8,-46061,-53.2,-1455,-77.8,23,2.9
"13057","5","531130","78","0","2024","4","",24,53,52,49,545507,40455,414,817,"",1.90,1.84,1.79,1.68,1.66,1.14,1.08,0.94,"",2,9.1,7,15.2,4,8.3,0,0.0,53202,10.8,-46061,-53.2,-1455,-77.8,23,2.9
"13057","5","53119","77","0","2024","4","N",2,0,0,0,0,0,0,0,"N",0.28,0,0,0,0,0,0,0,"N",-1,-33.3,0,0,0,0,0,0,0,0,0,0,0,0,0,0
"13057","5","531190","78","0","2024","4","N",2,0,0,0,0,0,0,0,"N",0.28,0,0,0,0,0,0,0,"N",-1,-33.3,0,0,0,0,0,0,0,0,0,0,0,0,0,0
"13057","5","5312","76","0","2024","4","",198,278,272,274,5271684,485277,6544,1476,"",1.81,1.63,1.59,1.58,1.61,1.98,2.37,1.01,"",22,12.5,17,6.5,9,3.4,-2,-0.7,56911,1.1,52892,12.2,2425,58.9,-28,-1.9
"13057","5","53121","77","0","2024","4","",198,278,272,274,5271684,485277,6544,1476,"",1.81,1.63,1.59,1.58,1.61,1.98,2.37,1.01,"",22,12.5,17,6.5,9,3.4,-2,-0.7,56911,1.1,52892,12.2,2425,58.9,-28,-1.9
"13057","5","531210","78","0","2024","4","",198,278,272,274,5271684,485277,6544,1476,"",1.81,1.63,1.59,1.58,1.61,1.98,2.37,1.01,"",22,12.5,17,6.5,9,3.4,-2,-0.7,56911,1.1,52892,12.2,2425,58.9,-28,-1.9
"13057","5","5313","76","0","2024","4","",78,237,254,265,4076769,299571,4057,1244,"",0.79,0.59,0.63,0.66,0.66,0.64,0.73,1.05,"",7,9.9,-13,-5.2,4,1.6,6,2.3,-167811,-4.0,-84154,-21.9,-1062,-20.7,-47,-3.6
"13057","5","53131","77","0","2024","4","",45,210,227,237,3558936,261817,3752,1219,"",0.66,0.62,0.66,0.69,0.73,0.65,0.80,1.11,"",8,21.6,0,0.0,17,8.1,21,9.7,142449,4.2,-59242,-18.5,-444,-10.6,-21,-1.7
"13057","5","531311","78","0","2024","4","",34,179,199,204,3193576,220673,3120,1266,"",0.65,0.69,0.77,0.78,0.98,0.68,0.82,1.30,"",7,25.9,-3,-1.6,16,8.7,16,8.5,113267,3.7,-78228,-26.2,-1049,-25.2,-19,-1.5
"13057","5","531312","78","0","2024","4","",11,31,28,33,365360,41144,632,916,"",0.70,0.38,0.34,0.40,0.23,0.54,0.74,0.62,"",1,10.0,3,10.7,1,3.7,5,17.9,29182,8.7,18986,85.7,605,2240.7,-19,-2.0
"13057","5","53132","77","0","2024","4","",13,10,13,13,163311,13770,6,1047,"",1.50,0.74,0.96,0.96,0.79,0.92,0.04,0.89,"",0,0.0,-7,-41.2,-4,-23.5,-5,-27.8,-16856,-9.4,-11133,-44.7,-9,-60.0,247,30.9
"13057","5","531320","78","0","2024","4","",13,10,13,13,163311,13770,6,1047,"",1.50,0.74,0.96,0.96,0.79,0.92,0.04,0.89,"",0,0.0,-7,-41.2,-4,-23.5,-5,-27.8,-16856,-9.4,-11133,-44.7,-9,-60.0,247,30.9
"13057","5","53139","77","0","2024","4","",20,17,14,15,354522,23984,299,1779,"",0.90,0.38,0.31,0.33,0.32,0.45,0.41,0.95,"",-1,-4.8,-6,-26.1,-9,-39.1,-10,-40.0,-293404,-45.3,-13779,-36.5,-609,-67.1,-327,-15.5
"13057","5","531390","78","0","2024","4","",20,17,14,15,354522,23984,299,1779,"",0.90,0.38,0.31,0.33,0.32,0.45,0.41,0.95,"",-1,-4.8,-6,-26.1,-9,-39.1,-10,-40.0,-293404,-45.3,-13779,-36.5,-609,-67.1,-327,-15.5
"13057","5","532","75","0","2024","4","N",26,0,0,0,0,0,0,0,"N",0.66,0,0,0,0,0,0,0,"N",3,13.0,0,0,0,0,0,0,0,0,0,0,0,0,0,0
"13057","5","5321","76","0","2024","4","",13,114,111,112,1188596,121641,922,814,"",1.05,1.12,1.09,1.10,1.01,1.18,0.93,0.92,"",1,8.3,3,2.7,-1,-0.9,1,0.9,-11638,-1.0,-18455,-13.2,-518,-36.0,-15,-1.8
"13057","5","53211","77","0","2024","4","N",8,0,0,0,0,0,0,0,"N",1.11,0,0,0,0,0,0,0,"N",1,14.3,0,0,0,0,0,0,0,0,0,0,0,0,0,0
"13057","5","532111","78","0","2024","4","N",7,0,0,0,0,0,0,0,"N",1.05,0,0,0,0,0,0,0,"N",0,0.0,0,0,0,0,0,0,0,0,0,0,0,0,0,0
"13057","5","532112","78","0","2024","4","N",1,0,0,0,0,0,0,0,"N",1.71,0,0,0,0,0,0,0,"N",1,100.0,0,0,0,0,0,0,0,0,0,0,0,0,0,0
"13057","5","53212","77","0","2024","4","N",5,0,0,0,0,0,0,0,"N",0.97,0,0,0,0,0,0,0,"N",0,0.0,0,0,0,0,0,0,0,0,0,0,0,0,0,0
"13057","5","532120","78","0","2024","4","N",5,0,0,0,0,0,0,0,"N",0.97,0,0,0,0,0,0,0,"N",0,0.0,0,0,0,0,0,0,0,0,0,0,0,0,0,0
"13057","5","5322","76","0","2024","4","",8,21,22,23,310497,21581,312,1086,"",0.67,0.33,0.36,0.38,0.47,0.29,0.30,1.30,"",2,33.3,1,5.0,0,0.0,0,0.0,70508,29.4,-15572,-41.9,-426,-57.7,234,27.5
"13057","5","53221","77","0","2024","4","N",1,0,0,0,0,0,0,0,"N",1.02,0,0,0,0,0,0,0,"N",0,0.0,0,0,0,0,0,0,0,0,0,0,0,0,0,0
"13057","5","532210","78","0","2024","4","N",1,0,0,0,0,0,0,0,"N",1.02,0,0,0,0,0,0,0,"N",0,0.0,0,0,0,0,0,0,0,0,0,0,0,0,0,0
"13057","5","53228","77","0","2024","4","N",7,0,0,0,0,0,0,0,"N",0.63,0,0,0,0,0,0,0,"N",2,40.0,0,0,0,0,0,0,0,0,0,0,0,0,0,0
"13057","5","532282","78","0","2024","4","N",1,0,0,0,0,0,0,0,"N",3.21,0,0,0,0,0,0,0,"N",0,0.0,0,0,0,0,0,0,0,0,0,0,0,0,0,0
"13057","5","532284","78","0","2024","4","N",2,0,0,0,0,0,0,0,"N",0.89,0,0,0,0,0,0,0,"N",1,100.0,0,0,0,0,0,0,0,0,0,0,0,0,0,0
"13057","5","532289","78","0","2024","4","",4,15,16,16,192473,12952,122,945,"",0.65,0.49,0.54,0.55,0.63,0.33,0.21,1.19,"N",1,33.3,0,0,0,0,0,0,0,0,0,0,0,0,0,0
"13057","5","5323","76","0","2024","4","N",1,0,0,0,0,0,0,0,"N",0.43,0,0,0,0,0,0,0,"N",-1,-50.0,0,0,0,0,0,0,0,0,0,0,0,0,0,0
"13057","5","53231","77","0","2024","4","N",1,0,0,0,0,0,0,0,"N",0.43,0,0,0,0,0,0,0,"N",-1,-50.0,0,0,0,0,0,0,0,0,0,0,0,0,0,0
"13057","5","532310","78","0","2024","4","N",1,0,0,0,0,0,0,0,"N",0.43,0,0,0,0,0,0,0,"N",-1,-50.0,0,0,0,0,0,0,0,0,0,0,0,0,0,0
"13057","5","5324","76","0","2024","4","",4,36,36,36,1033926,17371,118,2209,"",0.31,0.38,0.38,0.38,0.61,0.19,0.10,1.62,"",1,33.3,4,12.5,3,9.1,1,2.9,173993,20.2,-16778,-49.1,-108,-47.8,225,11.3
"13057","5","53241","77","0","2024","4","N",3,0,0,0,0,0,0,0,"N",0.53,0,0,0,0,0,0,0,"N",1,50.0,0,0,0,0,0,0,0,0,0,0,0,0,0,0
"13057","5","532412","78","0","2024","4","N",3,0,0,0,0,0,0,0,"N",0.58,0,0,0,0,0,0,0,"N",1,50.0,0,0,0,0,0,0,0,0,0,0,0,0,0,0
"13057","5","53242","77","0","2024","4","N",1,0,0,0,0,0,0,0,"N",1.26,0,0,0,0,0,0,0,"N",0,0.0,0,0,0,0,0,0,0,0,0,0,0,0,0,0
"13057","5","532420","78","0","2024","4","N",1,0,0,0,0,0,0,0,"N",1.26,0,0,0,0,0,0,0,"N",0,0.0,0,0,0,0,0,0,0,0,0,0,0,0,0,0
"13057","5","533","75","0","2024","4","N",2,0,0,0,0,0,0,0,"N",0.78,0,0,0,0,0,0,0,"N",1,100.0,0,0,0,0,0,0,0,0,0,0,0,0,0,0
"13057","5","5331","76","0","2024","4","N",2,0,0,0,0,0,0,0,"N",0.78,0,0,0,0,0,0,0,"N",1,100.0,0,0,0,0,0,0,0,0,0,0,0,0,0,0
"13057","5","53311","77","0","2024","4","N",2,0,0,0,0,0,0,0,"N",0.78,0,0,0,0,0,0,0,"N",1,100.0,0,0,0,0,0,0,0,0,0,0,0,0,0,0
"13057","5","533110","78","0","2024","4","N",2,0,0,0,0,0,0,0,"N",0.78,0,0,0,0,0,0,0,"N",1,100.0,0,0,0,0,0,0,0,0,0,0,0,0,0,0
"13057","5","54","74","0","2024","4","",1183,3751,3770,3724,84171403,4039707,56099,1727,"",1.00,0.73,0.72,0.72,0.63,0.85,0.94,0.87,"",193,19.5,196,5.5,198,5.5,134,3.7,9533412,12.8,31266,0.8,4219,8.1,120,7.5
"13057","5","541","75","0","2024","4","",1183,3751,3770,3724,84171403,4039707,56099,1727,"",1.00,0.73,0.72,0.72,0.63,0.85,0.94,0.87,"",193,19.5,196,5.5,198,5.5,134,3.7,9533412,12.8,31266,0.8,4219,8.1,120,7.5
"13057","5","5411","76","0","2024","4","",121,496,503,502,12011195,648948,8651,1847,"",0.85,0.86,0.86,0.86,0.63,1.25,1.54,0.73,"",10,9.0,58,13.2,60,13.5,65,14.9,2257750,23.1,208097,47.2,3455,66.5,139,8.1
"13057","5","54111","77","0","2024","4","",102,434,440,439,10606500,573916,7117,1864,"",0.80,0.82,0.82,0.82,0.58,1.22,1.44,0.71,"",9,9.7,23,5.6,24,5.8,29,7.1,1450325,15.8,160377,38.8,2334,48.8,156,9.1
"13057","5","541110","78","0","2024","4","",102,434,440,439,10606500,573916,7117,1864,"",0.80,0.82,0.82,0.82,0.58,1.22,1.44,0.71,"",9,9.7,23,5.6,24,5.8,29,7.1,1450325,15.8,160377,38.8,2334,48.8,156,9.1
"13057","5","54119","77","0","2024","4","",19,62,63,63,1404695,75032,1534,1724,"",1.32,1.32,1.32,1.32,1.75,1.59,2.28,1.33,"",1,5.6,35,129.6,36,133.3,36,133.3,807425,135.2,47720,174.7,1121,271.4,22,1.3
"13057","5","541191","78","0","2024","4","",5,43,43,43,986594,32349,873,1765,"",0.74,1.59,1.58,1.58,2.47,1.30,2.31,1.56,"",1,25.0,34,377.8,34,377.8,36,514.3,894376,969.8,28516,744.0,871,43550.0,914,107.4
"13057","5","541199","78","0","2024","4","",14,19,20,20,418101,42683,661,1635,"",1.84,0.94,0.98,0.98,1.04,1.91,2.24,1.07,"",0,0.0,1,5.6,2,11.1,0,0.0,-86951,-17.2,19204,81.8,250,60.8,-446,-21.4
"13057","5","5412","76","0","2024","4","",141,276,288,296,4679427,305911,4203,1256,"",1.12,0.51,0.53,0.53,0.42,0.56,0.58,0.80,"",12,9.3,-12,-4.2,-5,-1.7,2,0.7,459319,10.9,-34578,-10.2,1011,31.7,143,12.8
"13057","5","54121","77","0","2024","4","",141,276,288,296,4679427,305911,4203,1256,"",1.12,0.51,0.53,0.53,0.42,0.56,0.58,0.80,"",12,9.3,-12,-4.2,-5,-1.7,2,0.7,459319,10.9,-34578,-10.2,1011,31.7,143,12.8
"13057","5","541211","78","0","2024","4","",34,93,94,97,1627845,106771,1455,1323,"",0.80,0.37,0.37,0.38,0.26,0.52,0.75,0.70,"",5,17.2,3,3.3,6,6.8,11,12.8,260894,19.1,35934,50.7,-100,-6.4,128,10.7
"13057","5","541213","78","0","2024","4","N",31,0,0,0,0,0,0,0,"N",1.22,0,0,0,0,0,0,0,"N",2,6.9,0,0,0,0,0,0,0,0,0,0,0,0,0,0
"13057","5","541214","78","0","2024","4","N",3,0,0,0,0,0,0,0,"N",0.33,0,0,0,0,0,0,0,"N",1,50.0,0,0,0,0,0,0,0,0,0,0,0,0,0,0
"13057","5","541219","78","0","2024","4","",73,143,151,150,2477864,165165,1660,1288,"",1.50,1.05,1.10,1.09,1.11,1.09,1.01,1.02,"",4,5.8,-12,-7.7,-8,-5.0,-11,-6.8,91168,3.8,-83845,-33.7,360,27.7,128,11.0
"13057","5","5413","76","0","2024","4","",135,654,643,631,13320355,507453,6479,1594,"",1.15,0.80,0.78,0.77,0.68,0.76,0.81,0.86,"",7,5.5,97,17.4,90,16.3,67,11.9,2454047,22.6,-127422,-20.1,-2863,-30.6,96,6.4
"13057","5","54131","77","0","2024","4","",19,34,34,36,783826,45426,979,1739,"",0.94,0.35,0.35,0.37,0.33,0.60,1.21,0.92,"",2,11.8,5,17.2,5,17.2,7,24.1,184699,30.8,10826,31.3,153,18.5,150,9.4
"13057","5","541310","78","0","2024","4","",19,34,34,36,783826,45426,979,1739,"",0.94,0.35,0.35,0.37,0.33,0.60,1.21,0.92,"",2,11.8,5,17.2,5,17.2,7,24.1,184699,30.8,10826,31.3,153,18.5,150,9.4
"13057","5","54132","77","0","2024","4","",8,28,26,27,373712,26908,727,1065,"",1.56,1.65,1.54,1.67,1.33,1.55,2.90,0.82,"",1,14.3,16,133.3,15,136.4,16,145.5,212145,131.3,16968,170.7,472,185.1,-32,-2.9
"13057","5","541320","78","0","2024","4","",8,28,26,27,373712,26908,727,1065,"",1.56,1.65,1.54,1.67,1.33,1.55,2.90,0.82,"",1,14.3,16,133.3,15,136.4,16,145.5,212145,131.3,16968,170.7,472,185.1,-32,-2.9
"13057","5","54133","77","0","2024","4","",73,401,393,388,8931900,322409,3617,1744,"",1.07,0.71,0.69,0.68,0.61,0.72,0.67,0.88,"",6,9.0,42,11.7,37,10.4,26,7.2,1438754,19.2,-154480,-32.4,-3315,-47.8,138,8.6
"13057","5","541330","78","0","2024","4","",73,401,393,388,8931900,322409,3617,1744,"",1.07,0.71,0.69,0.68,0.61,0.72,0.67,0.88,"",6,9.0,42,11.7,37,10.4,26,7.2,1438754,19.2,-154480,-32.4,-3315,-47.8,138,8.6
"13057","5","54134","77","0","2024","4","N",5,0,0,0,0,0,0,0,"N",2.06,0,0,0,0,0,0,0,"N",-1,-16.7,0,0,0,0,0,0,0,0,0,0,0,0,0,0
"13057","5","541340","78","0","2024","4","N",5,0,0,0,0,0,0,0,"N",2.06,0,0,0,0,0,0,0,"N",-1,-16.7,0,0,0,0,0,0,0,0,0,0,0,0,0,0
"13057","5","54135","77","0","2024","4","",12,63,64,64,1026106,35768,474,1240,"",2.08,4.73,4.82,5.00,5.61,2.36,2.11,1.16,"",0,0.0,8,14.5,8,14.3,7,12.3,188786,22.5,-14365,-28.7,-352,-42.6,90,7.8
"13057","5","541350","78","0","2024","4","",12,63,64,64,1026106,35768,474,1240,"",2.08,4.73,4.82,5.00,5.61,2.36,2.11,1.16,"",0,0.0,8,14.5,8,14.3,7,12.3,188786,22.5,-14365,-28.7,-352,-42.6,90,7.8
"13057","5","54136","77","0","2024","4","N",1,0,0,0,0,0,0,0,"N",0.59,0,0,0,0,0,0,0,"N",-1,-50.0,0,0,0,0,0,0,0,0,0,0,0,0,0,0
"13057","5","541360","78","0","2024","4","N",1,0,0,0,0,0,0,0,"N",0.59,0,0,0,0,0,0,0,"N",-1,-50.0,0,0,0,0,0,0,0,0,0,0,0,0,0,0
"13057","5","54137","77","0","2024","4","",13,108,106,96,1870086,65372,676,1392,"",2.25,4.04,3.94,3.55,4.32,2.58,2.41,1.12,"",0,0.0,20,22.7,19,21.8,4,4.3,379541,25.5,4250,7.0,182,36.8,104,8.1
"13057","5","541370","78","0","2024","4","",13,108,106,96,1870086,65372,676,1392,"",2.25,4.04,3.94,3.55,4.32,2.58,2.41,1.12,"",0,0.0,20,22.7,19,21.8,4,4.3,379541,25.5,4250,7.0,182,36.8,104,8.1
"13057","5","54138","77","0","2024","4","N",4,0,0,0,0,0,0,0,"N",0.51,0,0,0,0,0,0,0,"N",0,0.0,0,0,0,0,0,0,0,0,0,0,0,0,0,0
"13057","5","541380","78","0","2024","4","N",4,0,0,0,0,0,0,0,"N",0.51,0,0,0,0,0,0,0,"N",0,0.0,0,0,0,0,0,0,0,0,0,0,0,0,0,0
"13057","5","5414","76","0","2024","4","",47,74,71,70,1181655,106896,2459,1268,"",1.43,1.02,0.97,0.96,0.88,1.46,2.56,0.90,"N",6,14.6,0,0,0,0,0,0,0,0,0,0,0,0,0,0
"13057","5","54141","77","0","2024","4","",19,33,32,32,473783,76553,1751,1127,"",1.46,1.23,1.18,1.18,1.12,2.51,4.49,0.94,"N",3,18.8,0,0,0,0,0,0,0,0,0,0,0,0,0,0
"13057","5","541410","78","0","2024","4","",19,33,32,32,473783,76553,1751,1127,"",1.46,1.23,1.18,1.18,1.12,2.51,4.49,0.94,"N",3,18.8,0,0,0,0,0,0,0,0,0,0,0,0,0,0
"13057","5","54143","77","0","2024","4","",20,25,25,24,491365,28543,659,1532,"",1.48,0.95,0.94,0.91,0.99,1.10,2.06,1.06,"",2,11.1,3,13.6,3,13.6,3,14.3,151697,44.7,20907,273.8,519,370.7,326,27.0
"13057","5","541430","78","0","2024","4","",20,25,25,24,491365,28543,659,1532,"",1.48,0.95,0.94,0.91,0.99,1.10,2.06,1.06,"",2,11.1,3,13.6,3,13.6,3,14.3,151697,44.7,20907,273.8,519,370.7,326,27.0
"13057","5","54149","77","0","2024","4","",8,16,14,14,216507,1800,49,1136,"",1.79,1.60,1.39,1.39,1.13,0.16,0.28,0.77,"",1,14.3,5,45.5,2,16.7,1,7.7,-82076,-27.5,-37200,-95.4,-1005,-95.4,-778,-40.6
"13057","5","541490","78","0","2024","4","",8,16,14,14,216507,1800,49,1136,"",1.79,1.60,1.39,1.39,1.13,0.16,0.28,0.77,"",1,14.3,5,45.5,2,16.7,1,7.7,-82076,-27.5,-37200,-95.4,-1005,-95.4,-778,-40.6
"13057","5","5415","76","0","2024","4","",245,784,796,764,22918282,687300,10553,2256,"",0.86,0.67,0.68,0.66,0.64,0.71,0.82,0.96,"",40,19.5,-43,-5.2,-48,-5.7,-69,-8.3,-203450,-0.9,-105892,-13.4,-176,-1.6,125,5.9
"13057","5","54151","77","0","2024","4","",245,784,796,764,22918282,687300,10553,2256,"",0.86,0.67,0.68,0.66,0.64,0.71,0.82,0.96,"",40,19.5,-43,-5.2,-48,-5.7,-69,-8.3,-203450,-0.9,-105892,-13.4,-176,-1.6,125,5.9
"13057","5","541511","78","0","2024","4","",106,342,344,315,10410004,278176,4482,2400,"",0.78,0.66,0.66,0.61,0.59,0.68,0.79,0.91,"",5,5.0,0,0.0,-7,-2.0,-34,-9.7,181383,1.8,-71144,-20.4,-253,-5.3,135,6.0
"13057","5","541512","78","0","2024","4","",127,417,427,424,12014679,395790,5890,2187,"",1.05,0.76,0.78,0.78,0.79,0.84,0.98,1.02,"",33,35.1,-45,-9.7,-41,-8.8,-33,-7.2,-544875,-4.3,-28198,-6.7,303,5.4,97,4.6
"13057","5","541513","78","0","2024","4","N",1,0,0,0,0,0,0,0,"N",0.22,0,0,0,0,0,0,0,"N",1,100.0,0,0,0,0,0,0,0,0,0,0,0,0,0,0
"13057","5","541519","78","0","2024","4","N",11,0,0,0,0,0,0,0,"N",0.47,0,0,0,0,0,0,0,"N",1,10.0,0,0,0,0,0,0,0,0,0,0,0,0,0,0
"13057","5","5416","76","0","2024","4","",343,555,562,559,15798900,842539,12255,2175,"",1.20,0.62,0.62,0.61,0.73,0.86,0.93,1.18,"",93,37.2,68,14.0,79,16.4,52,10.3,4262327,36.9,58650,7.5,51,0.4,373,20.7
"13057","5","54161","77","0","2024","4","",303,453,456,453,13327676,652197,8772,2258,"",1.28,0.61,0.61,0.60,0.73,0.81,0.80,1.21,"",86,39.6,62,15.9,66,16.9,44,10.8,3914689,41.6,-38234,-5.5,-1917,-17.9,433,23.7
"13057","5","541611","78","0","2024","4","",120,191,194,192,5689683,339375,4082,2276,"",0.99,0.47,0.47,0.46,0.51,0.79,0.72,1.08,"",23,23.7,4,2.1,9,4.9,-2,-1.0,1303710,29.7,32671,10.7,723,21.5,488,27.3
"13057","5","541612","78","0","2024","4","",18,28,30,29,669144,45519,602,1775,"",1.58,0.63,0.66,0.65,0.66,0.94,0.88,1.01,"",1,5.9,6,27.3,10,50.0,7,31.8,210410,45.9,1201,2.7,219,57.2,121,7.3
"13057","5","541613","78","0","2024","4","",92,154,154,154,4855277,184535,2633,2425,"",1.42,1.00,1.00,1.00,1.51,1.01,1.02,1.51,"",27,41.5,36,30.5,40,35.1,38,32.8,1975826,68.6,-35447,-16.1,-1556,-37.1,516,27.0
"13057","5","541614","78","0","2024","4","",20,33,35,34,537691,33347,664,1216,"",1.47,0.42,0.44,0.43,0.40,0.42,0.63,0.92,"",2,11.1,3,10.0,3,9.4,-3,-8.1,73765,15.9,-52215,-61.0,-1623,-71.0,135,12.5
"13057","5","541618","78","0","2024","4","",53,47,43,44,1575881,49421,791,2714,"",2.05,0.75,0.68,0.70,1.08,0.73,0.86,1.52,"",33,165.0,13,38.2,4,10.3,4,10.0,350978,28.7,15556,45.9,320,67.9,212,8.5
"13057","5","54162","77","0","2024","4","",12,71,70,69,1316881,58199,480,1447,"",1.14,1.44,1.41,1.39,1.40,1.11,0.81,0.99,"",-2,-14.3,0,0.0,1,1.4,-2,-2.8,-41937,-3.1,6351,12.2,-65,-11.9,-39,-2.6
"13057","5","541620","78","0","2024","4","",12,71,70,69,1316881,58199,480,1447,"",1.14,1.44,1.41,1.39,1.40,1.11,0.81,0.99,"",-2,-14.3,0,0.0,1,1.4,-2,-2.8,-41937,-3.1,6351,12.2,-65,-11.9,-39,-2.6
"13057","5","54169","77","0","2024","4","",28,31,36,37,1154343,132143,3003,2561,"",0.71,0.30,0.34,0.35,0.46,1.10,1.77,1.38,"",9,47.4,6,24.0,12,50.0,10,37.0,389575,50.9,90533,217.6,2033,209.6,239,10.3
"13057","5","541690","78","0","2024","4","",28,31,36,37,1154343,132143,3003,2561,"",0.71,0.30,0.34,0.35,0.46,1.10,1.77,1.38,"",9,47.4,6,24.0,12,50.0,10,37.0,389575,50.9,90533,217.6,2033,209.6,239,10.3
"13057","5","5417","76","0","2024","4","",12,66,64,66,1339719,61246,376,1577,"",0.30,0.15,0.14,0.15,0.10,0.24,0.12,0.66,"N",3,33.3,0,0,0,0,0,0,0,0,0,0,0,0,0,0
"13057","5","54171","77","0","2024","4","N",9,0,0,0,0,0,0,0,"N",0.25,0,0,0,0,0,0,0,"N",3,50.0,0,0,0,0,0,0,0,0,0,0,0,0,0,0
"13057","5","541714","78","0","2024","4","N",4,0,0,0,0,0,0,0,"N",0.26,0,0,0,0,0,0,0,"N",3,300.0,0,0,0,0,0,0,0,0,0,0,0,0,0,0
"13057","5","541715","78","0","2024","4","",5,36,36,36,838268,49649,289,1791,"",0.27,0.14,0.14,0.14,0.11,0.36,0.18,0.77,"N",0,0.0,0,0,0,0,0,0,0,0,0,0,0,0,0,0
"13057","5","54172","77","0","2024","4","N",3,0,0,0,0,0,0,0,"N",0.71,0,0,0,0,0,0,0,"N",0,0.0,0,0,0,0,0,0,0,0,0,0,0,0,0,0
"13057","5","541720","78","0","2024","4","N",3,0,0,0,0,0,0,0,"N",0.71,0,0,0,0,0,0,0,"N",0,0.0,0,0,0,0,0,0,0,0,0,0,0,0,0,0
"13057","5","5418","76","0","2024","4","",45,139,135,134,2086982,118269,801,1180,"",0.83,0.59,0.58,0.58,0.43,0.55,0.27,0.73,"",12,36.4,14,11.2,4,3.1,7,5.5,303303,17.0,7172,6.5,459,134.2,105,9.8
"13057","5","54181","77","0","2024","4","",20,46,42,44,830645,23043,380,1452,"",0.76,0.45,0.42,0.44,0.33,0.28,0.30,0.76,"",8,66.7,9,24.3,4,10.5,7,18.9,114484,16.0,-5255,-18.6,332,691.7,-24,-1.6
"13057","5","541810","78","0","2024","4","",20,46,42,44,830645,23043,380,1452,"",0.76,0.45,0.42,0.44,0.33,0.28,0.30,0.76,"",8,66.7,9,24.3,4,10.5,7,18.9,114484,16.0,-5255,-18.6,332,691.7,-24,-1.6
"13057","5","54182","77","0","2024","4","",7,7,6,6,118296,9500,4,1437,"",0.68,0.21,0.19,0.20,0.13,0.32,0.01,0.65,"N",2,40.0,0,0,0,0,0,0,0,0,0,0,0,0,0,0
"13057","5","541820","78","0","2024","4","",7,7,6,6,118296,9500,4,1437,"",0.68,0.21,0.19,0.20,0.13,0.32,0.01,0.65,"N",2,40.0,0,0,0,0,0,0,0,0,0,0,0,0,0,0
"13057","5","54184","77","0","2024","4","N",1,0,0,0,0,0,0,0,"N",0.38,0,0,0,0,0,0,0,"N",0,0.0,0,0,0,0,0,0,0,0,0,0,0,0,0,0
"13057","5","541840","78","0","2024","4","N",1,0,0,0,0,0,0,0,"N",0.38,0,0,0,0,0,0,0,"N",0,0.0,0,0,0,0,0,0,0,0,0,0,0,0,0,0
"13057","5","54185","77","0","2024","4","",5,26,27,26,368901,39255,128,1078,"",2.46,1.80,1.86,1.80,1.67,2.67,0.77,0.92,"",0,0.0,2,8.3,3,12.5,1,4.0,82091,28.6,8919,29.4,27,26.7,171,18.9
"13057","5","541850","78","0","2024","4","",5,26,27,26,368901,39255,128,1078,"",2.46,1.80,1.86,1.80,1.67,2.67,0.77,0.92,"",0,0.0,2,8.3,3,12.5,1,4.0,82091,28.6,8919,29.4,27,26.7,171,18.9
"13057","5","54186","77","0","2024","4","N",2,0,0,0,0,0,0,0,"N",1.13,0,0,0,0,0,0,0,"N",0,0.0,0,0,0,0,0,0,0,0,0,0,0,0,0,0
"13057","5","541860","78","0","2024","4","N",2,0,0,0,0,0,0,0,"N",1.13,0,0,0,0,0,0,0,"N",0,0.0,0,0,0,0,0,0,0,0,0,0,0,0,0,0
"13057","5","54187","77","0","2024","4","N",3,0,0,0,0,0,0,0,"N",1.04,0,0,0,0,0,0,0,"N",2,200.0,0,0,0,0,0,0,0,0,0,0,0,0,0,0
"13057","5","541870","78","0","2024","4","N",3,0,0,0,0,0,0,0,"N",1.04,0,0,0,0,0,0,0,"N",2,200.0,0,0,0,0,0,0,0,0,0,0,0,0,0,0
"13057","5","54189","77","0","2024","4","",7,21,21,20,250248,8562,154,931,"",0.99,0.47,0.46,0.44,0.53,0.17,0.28,1.14,"",0,0.0,3,16.7,1,5.0,4,25.0,106622,74.2,-1957,-18.6,44,40.0,317,51.6
"13057","5","541890","78","0","2024","4","",7,21,21,20,250248,8562,154,931,"",0.99,0.47,0.46,0.44,0.53,0.17,0.28,1.14,"",0,0.0,3,16.7,1,5.0,4,25.0,106622,74.2,-1957,-18.6,44,40.0,317,51.6
"13057","5","5419","76","0","2024","4","",94,707,708,702,10834888,761145,10322,1181,"",0.98,1.66,1.66,1.64,1.72,1.48,1.79,1.04,"",10,11.9,-11,-1.5,0,0.0,-12,-1.7,-127289,-1.2,3205,0.4,2191,26.9,-1,-0.1
"13057","5","54191","77","0","2024","4","N",3,0,0,0,0,0,0,0,"N",0.42,0,0,0,0,0,0,0,"N",0,0.0,0,0,0,0,0,0,0,0,0,0,0,0,0,0
"13057","5","541910","78","0","2024","4","N",3,0,0,0,0,0,0,0,"N",0.42,0,0,0,0,0,0,0,"N",0,0.0,0,0,0,0,0,0,0,0,0,0,0,0,0,0
"13057","5","54192","77","0","2024","4","",23,80,79,72,742686,93129,924,742,"",1.99,3.22,3.12,2.76,3.37,2.31,1.29,1.11,"",5,27.8,-1,-1.2,2,2.6,1,1.4,-83312,-10.1,5521,6.3,-168,-15.4,-90,-10.8
"13057","5","541921","78","0","2024","4","",19,70,68,61,646653,88861,878,750,"",2.30,3.66,3.47,3.02,4.48,2.70,1.43,1.33,"N",4,26.7,0,0,0,0,0,0,0,0,0,0,0,0,0,0
"13057","5","541922","78","0","2024","4","",4,10,11,11,96033,4268,46,693,"",1.22,1.74,1.91,1.86,1.26,0.58,0.45,0.69,"N",1,33.3,0,0,0,0,0,0,0,0,0,0,0,0,0,0
"13057","5","54193","77","0","2024","4","N",1,0,0,0,0,0,0,0,"N",0.29,0,0,0,0,0,0,0,"N",0,0.0,0,0,0,0,0,0,0,0,0,0,0,0,0,0
"13057","5","541930","78","0","2024","4","N",1,0,0,0,0,0,0,0,"N",0.29,0,0,0,0,0,0,0,"N",0,0.0,0,0,0,0,0,0,0,0,0,0,0,0,0,0
"13057","5","54194","77","0","2024","4","",45,580,580,586,9078241,602537,7798,1200,"",1.86,2.60,2.58,2.59,3.65,2.22,3.40,1.41,"",-1,-2.2,-13,-2.2,-7,-1.2,-11,-1.8,-281804,-3.0,10222,1.7,2649,51.4,-16,-1.3
"13057","5","541940","78","0","2024","4","",45,580,580,586,9078241,602537,7798,1200,"",1.86,2.60,2.58,2.59,3.65,2.22,3.40,1.41,"",-1,-2.2,-13,-2.2,-7,-1.2,-11,-1.8,-281804,-3.0,10222,1.7,2649,51.4,-16,-1.3
"13057","5","54199","77","0","2024","4","",22,44,46,41,963867,61229,1588,1698,"",0.44,0.36,0.37,0.33,0.37,0.40,0.75,1.04,"",6,37.5,4,10.0,6,15.0,-1,-2.4,250374,35.1,-10852,-15.1,-251,-13.6,348,25.8
"13057","5","541990","78","0","2024","4","",22,44,46,41,963867,61229,1588,1698,"",0.44,0.36,0.37,0.33,0.37,0.40,0.75,1.04,"",6,37.5,4,10.0,6,15.0,-1,-2.4,250374,35.1,-10852,-15.1,-251,-13.6,348,25.8
"13057","5","55","74","0","2024","4","",32,68,69,72,1294540,109292,2393,1429,"",0.47,0.05,0.05,0.06,0.03,0.07,0.17,0.61,"",20,166.7,23,51.1,22,46.8,27,60.0,517235,66.5,51475,89.0,2041,579.8,120,9.2
"13057","5","551","75","0","2024","4","",32,68,69,72,1294540,109292,2393,1429,"",0.47,0.05,0.05,0.06,0.03,0.07,0.17,0.61,"",20,166.7,23,51.1,22,46.8,27,60.0,517235,66.5,51475,89.0,2041,579.8,120,9.2
"13057","5","5511","76","0","2024","4","",32,68,69,72,1294540,109292,2393,1429,"",0.47,0.05,0.05,0.06,0.03,0.07,0.17,0.61,"",20,166.7,23,51.1,22,46.8,27,60.0,517235,66.5,51475,89.0,2041,579.8,120,9.2
"13057","5","55111","77","0","2024","4","",32,68,69,72,1294540,109292,2393,1429,"",0.47,0.05,0.05,0.06,0.03,0.07,0.17,0.61,"",20,166.7,23,51.1,22,46.8,27,60.0,517235,66.5,51475,89.0,2041,579.8,120,9.2
"13057","5","551112","78","0","2024","4","N",18,0,0,0,0,0,0,0,"N",1.72,0,0,0,0,0,0,0,"N",18,100.0,0,0,0,0,0,0,0,0,0,0,0,0,0,0
"13057","5","551114","78","0","2024","4","N",14,0,0,0,0,0,0,0,"N",0.25,0,0,0,0,0,0,0,"N",2,16.7,0,0,0,0,0,0,0,0,0,0,0,0,0,0
"13057","5","56","74","0","2024","4","",564,3810,3746,3731,55556893,5335215,45875,1136,"",1.20,0.86,0.84,0.85,1.13,0.75,0.46,1.32,"",75,15.3,-177,-4.4,-222,-5.6,-173,-4.4,3078240,5.9,-199916,-3.6,-7262,-13.7,115,11.3
"13057","5","561","75","0","2024","4","",523,3409,3331,3326,47464544,4773393,42869,1088,"",1.18,0.82,0.79,0.81,1.05,0.70,0.45,1.30,"",68,14.9,-194,-5.4,-227,-6.4,-164,-4.7,2157219,4.8,-211914,-4.3,-7077,-14.2,106,10.8
"13057","5","5611","76","0","2024","4","",49,132,136,132,4423208,162691,2665,2552,"",0.84,0.44,0.45,0.44,0.71,0.59,0.81,1.60,"",17,53.1,-5,-3.6,5,3.8,10,8.2,2233012,102.0,3992,2.5,165,6.6,1256,96.9
"13057","5","56111","77","0","2024","4","",49,132,136,132,4423208,162691,2665,2552,"",0.84,0.44,0.45,0.44,0.71,0.59,0.81,1.60,"",17,53.1,-5,-3.6,5,3.8,10,8.2,2233012,102.0,3992,2.5,165,6.6,1256,96.9
"13057","5","561110","78","0","2024","4","",49,132,136,132,4423208,162691,2665,2552,"",0.84,0.44,0.45,0.44,0.71,0.59,0.81,1.60,"",17,53.1,-5,-3.6,5,3.8,10,8.2,2233012,102.0,3992,2.5,165,6.6,1256,96.9
"13057","5","5612","76","0","2024","4","",4,35,35,36,1248572,36314,249,2718,"",0.74,0.41,0.41,0.42,1.23,0.39,0.23,2.95,"",-1,-20.0,-39,-52.7,-39,-52.7,-39,-52.0,-135633,-9.8,-50536,-58.2,-709,-74.0,1286,89.8
"13057","5","56121","77","0","2024","4","",4,35,35,36,1248572,36314,249,2718,"",0.74,0.41,0.41,0.42,1.23,0.39,0.23,2.95,"",-1,-20.0,-39,-52.7,-39,-52.7,-39,-52.0,-135633,-9.8,-50536,-58.2,-709,-74.0,1286,89.8
"13057","5","561210","78","0","2024","4","",4,35,35,36,1248572,36314,249,2718,"",0.74,0.41,0.41,0.42,1.23,0.39,0.23,2.95,"",-1,-20.0,-39,-52.7,-39,-52.7,-39,-52.0,-135633,-9.8,-50536,-58.2,-709,-74.0,1286,89.8
"13057","5","5613","76","0","2024","4","",99,360,388,384,5747804,1363351,9294,1172,"",0.96,0.23,0.24,0.24,0.34,0.38,0.17,1.46,"",18,22.2,-64,-15.1,-42,-9.8,-16,-4.0,24908,0.4,43707,3.3,-1734,-15.7,119,11.3
"13057","5","56131","77","0","2024","4","",27,41,38,41,887189,43234,649,1706,"",1.09,0.29,0.27,0.29,0.43,0.16,0.15,1.52,"",2,8.0,-24,-36.9,-22,-36.7,-22,-34.9,-433821,-32.8,-115120,-72.7,-1315,-67.0,84,5.2
"13057","5","561311","78","0","2024","4","",16,31,30,33,644189,33242,645,1581,"",0.86,0.26,0.24,0.27,0.43,0.14,0.17,1.66,"N",-1,-5.9,0,0,0,0,0,0,0,0,0,0,0,0,0,0
"13057","5","561312","78","0","2024","4","",11,10,8,8,243000,9992,4,2157,"",1.80,0.54,0.43,0.43,0.45,0.39,0.01,0.95,"N",3,37.5,0,0,0,0,0,0,0,0,0,0,0,0,0,0
"13057","5","56132","77","0","2024","4","",30,201,232,206,2458928,929081,5701,888,"",0.46,0.16,0.18,0.16,0.21,0.31,0.13,1.26,"",7,30.4,-10,-4.7,9,4.0,-2,-1.0,183437,8.1,40927,4.6,-476,-7.7,70,8.6
"13057","5","561320","78","0","2024","4","",30,201,232,206,2458928,929081,5701,888,"",0.46,0.16,0.18,0.16,0.21,0.31,0.13,1.26,"",7,30.4,-10,-4.7,9,4.0,-2,-1.0,183437,8.1,40927,4.6,-476,-7.7,70,8.6
"13057","5","56133","77","0","2024","4","",42,118,118,137,2401687,391036,2944,1486,"",3.11,0.58,0.57,0.66,0.77,1.27,0.65,1.28,"",9,27.3,-30,-20.3,-29,-19.7,8,6.2,275292,12.9,117900,43.2,57,2.0,329,28.4
"13057","5","561330","78","0","2024","4","",42,118,118,137,2401687,391036,2944,1486,"",3.11,0.58,0.57,0.66,0.77,1.27,0.65,1.28,"",9,27.3,-30,-20.3,-29,-19.7,8,6.2,275292,12.9,117900,43.2,57,2.0,329,28.4
"13057","5","5614","76","0","2024","4","",59,463,428,420,4165922,681800,4359,733,"",1.41,1.41,1.29,1.27,1.03,1.71,0.89,0.78,"",13,28.3,-18,-3.7,-49,-10.3,-41,-8.9,-82488,-1.9,156851,29.9,2179,100.0,42,6.1
"13057","5","56141","77","0","2024","4","N",6,0,0,0,0,0,0,0,"N",1.13,0,0,0,0,0,0,0,"N",4,200.0,0,0,0,0,0,0,0,0,0,0,0,0,0,0
"13057","5","561410","78","0","2024","4","N",6,0,0,0,0,0,0,0,"N",1.13,0,0,0,0,0,0,0,"N",4,200.0,0,0,0,0,0,0,0,0,0,0,0,0,0,0
"13057","5","56142","77","0","2024","4","N",9,0,0,0,0,0,0,0,"N",0.85,0,0,0,0,0,0,0,"N",2,28.6,0,0,0,0,0,0,0,0,0,0,0,0,0,0
"13057","5","561421","78","0","2024","4","N",4,0,0,0,0,0,0,0,"N",1.80,0,0,0,0,0,0,0,"N",1,33.3,0,0,0,0,0,0,0,0,0,0,0,0,0,0
"13057","5","561422","78","0","2024","4","N",5,0,0,0,0,0,0,0,"N",0.60,0,0,0,0,0,0,0,"N",1,25.0,0,0,0,0,0,0,0,0,0,0,0,0,0,0
"13057","5","56143","77","0","2024","4","",21,62,60,63,696689,89285,999,869,"",2.71,1.70,1.63,1.69,2.11,2.07,2.16,1.26,"",-2,-8.7,-3,-4.6,-9,-13.0,-1,-1.6,29028,4.3,-8362,-8.6,420,72.5,91,11.7
"13057","5","561431","78","0","2024","4","",9,42,40,41,335461,55646,691,629,"",2.36,2.49,2.32,2.33,2.93,2.35,2.74,1.23,"",-3,-25.0,-1,-2.3,-7,-14.9,-3,-6.8,-14482,-4.1,-16220,-22.6,408,144.2,26,4.3
"13057","5","561439","78","0","2024","4","",12,20,20,22,361228,33639,308,1345,"",3.05,1.02,1.02,1.12,1.68,1.72,1.47,1.60,"",1,9.1,-2,-9.1,-2,-9.1,2,10.0,43510,13.7,7858,30.5,12,4.1,199,17.4
"13057","5","56144","77","0","2024","4","",6,64,60,65,688965,61355,640,841,"",1.43,1.53,1.43,1.54,1.24,1.39,1.27,0.82,"N",1,20.0,0,0,0,0,0,0,0,0,0,0,0,0,0,0
"13057","5","561440","78","0","2024","4","",6,64,60,65,688965,61355,640,841,"",1.43,1.53,1.43,1.54,1.24,1.39,1.27,0.82,"N",1,20.0,0,0,0,0,0,0,0,0,0,0,0,0,0,0
"13057","5","56149","77","0","2024","4","",17,22,21,22,517379,31755,360,1837,"",1.29,0.41,0.40,0.42,0.59,0.52,0.40,1.44,"N",8,88.9,0,0,0,0,0,0,0,0,0,0,0,0,0,0
"13057","5","561491","78","0","2024","4","N",1,0,0,0,0,0,0,0,"N",1.74,0,0,0,0,0,0,0,"N",0,0.0,0,0,0,0,0,0,0,0,0,0,0,0,0,0
"13057","5","561492","78","0","2024","4","N",1,0,0,0,0,0,0,0,"N",0.46,0,0,0,0,0,0,0,"N",1,100.0,0,0,0,0,0,0,0,0,0,0,0,0,0,0
"13057","5","561499","78","0","2024","4","",15,17,17,18,464544,31755,360,2062,"",1.44,0.38,0.39,0.42,0.61,0.60,0.46,1.54,"",7,87.5,4,30.8,3,21.4,3,20.0,202084,77.0,-7584,-19.3,-295,-45.0,620,43.0
"13057","5","5615","76","0","2024","4","",6,18,18,20,344098,20140,8,1418,"",0.39,0.20,0.20,0.22,0.20,0.23,0.01,0.98,"",-3,-33.3,-10,-35.7,-10,-35.7,-8,-28.6,-21846,-6.0,-1033,-4.9,-122,-93.8,413,41.1
"13057","5","56151","77","0","2024","4","",4,10,10,12,258662,8588,3,1865,"",0.44,0.27,0.27,0.33,0.36,0.26,0.01,1.24,"",-2,-33.3,-12,-54.5,-12,-54.5,-9,-42.9,-38131,-12.8,-9525,-52.6,-126,-97.7,811,76.9
"13057","5","561510","78","0","2024","4","",4,10,10,12,258662,8588,3,1865,"",0.44,0.27,0.27,0.33,0.36,0.26,0.01,1.24,"",-2,-33.3,-12,-54.5,-12,-54.5,-9,-42.9,-38131,-12.8,-9525,-52.6,-126,-97.7,811,76.9
"13057","5","56152","77","0","2024","4","N",1,0,0,0,0,0,0,0,"N",0.42,0,0,0,0,0,0,0,"N",-1,-50.0,0,0,0,0,0,0,0,0,0,0,0,0,0,0
"13057","5","561520","78","0","2024","4","N",1,0,0,0,0,0,0,0,"N",0.42,0,0,0,0,0,0,0,"N",-1,-50.0,0,0,0,0,0,0,0,0,0,0,0,0,0,0
"13057","5","56159","77","0","2024","4","N",1,0,0,0,0,0,0,0,"N",0.25,0,0,0,0,0,0,0,"N",0,0.0,0,0,0,0,0,0,0,0,0,0,0,0,0,0
"13057","5","561591","78","0","2024","4","N",1,0,0,0,0,0,0,0,"N",1.46,0,0,0,0,0,0,0,"N",0,0.0,0,0,0,0,0,0,0,0,0,0,0,0,0,0
"13057","5","5616","76","0","2024","4","",21,136,139,149,2689779,264509,1649,1464,"",0.79,0.27,0.27,0.30,0.60,0.38,0.19,2.14,"",1,5.0,-4,-2.9,-6,-4.1,13,9.6,571249,27.0,103123,63.9,-1244,-43.0,303,26.1
"13057","5","56161","77","0","2024","4","",9,45,47,59,785692,197771,1001,1201,"",0.56,0.10,0.11,0.14,0.24,0.32,0.13,2.01,"",2,28.6,-14,-23.7,-15,-24.2,11,22.9,144736,22.6,101798,106.1,-1047,-51.1,326,37.3
"13057","5","561611","78","0","2024","4","N",5,0,0,0,0,0,0,0,"N",1.28,0,0,0,0,0,0,0,"N",2,66.7,0,0,0,0,0,0,0,0,0,0,0,0,0,0
"13057","5","561612","78","0","2024","4","N",4,0,0,0,0,0,0,0,"N",0.34,0,0,0,0,0,0,0,"N",0,0.0,0,0,0,0,0,0,0,0,0,0,0,0,0,0
"13057","5","56162","77","0","2024","4","",12,91,92,90,1904087,66738,648,1610,"",1.15,1.20,1.21,1.17,1.65,0.87,0.79,1.38,"",-1,-7.7,10,12.3,9,10.8,2,2.3,426513,28.9,1325,2.0,-197,-23.3,257,19.0
"13057","5","561621","78","0","2024","4","N",10,0,0,0,0,0,0,0,"N",1.33,0,0,0,0,0,0,0,"N",-1,-9.1,0,0,0,0,0,0,0,0,0,0,0,0,0,0
"13057","5","561622","78","0","2024","4","N",2,0,0,0,0,0,0,0,"N",0.69,0,0,0,0,0,0,0,"N",0,0.0,0,0,0,0,0,0,0,0,0,0,0,0,0,0
"13057","5","5617","76","0","2024","4","",254,1833,1821,1831,23722691,1824295,20697,998,"",1.49,1.65,1.66,1.74,2.59,1.22,1.05,1.54,"",20,8.5,-152,-7.7,-112,-5.8,-114,-5.9,-1259859,-5.0,-568713,-23.8,-7562,-26.8,15,1.5
"13057","5","56171","77","0","2024","4","",31,356,355,379,5878322,384549,7823,1245,"",2.61,4.84,4.91,5.31,7.29,5.20,9.95,1.45,"",3,10.7,1,0.3,5,1.4,30,8.6,720910,14.0,-14930,-3.7,-71,-0.9,116,10.3
"13057","5","561710","78","0","2024","4","",31,356,355,379,5878322,384549,7823,1245,"",2.61,4.84,4.91,5.31,7.29,5.20,9.95,1.45,"",3,10.7,1,0.3,5,1.4,30,8.6,720910,14.0,-14930,-3.7,-71,-0.9,116,10.3
"13057","5","56172","77","0","2024","4","",57,376,385,408,3224243,575188,3001,636,"",1.01,0.73,0.75,0.80,0.98,0.80,0.40,1.29,"",9,18.8,-60,-13.8,-50,-11.5,-39,-8.7,-456465,-12.4,-127444,-18.1,411,15.9,-8,-1.2
"13057","5","561720","78","0","2024","4","",57,376,385,408,3224243,575188,3001,636,"",1.01,0.73,0.75,0.80,0.98,0.80,0.40,1.29,"",9,18.8,-60,-13.8,-50,-11.5,-39,-8.7,-456465,-12.4,-127444,-18.1,411,15.9,-8,-1.2
"13057","5","56173","77","0","2024","4","",139,970,945,908,12971198,685652,6571,1060,"",1.67,2.14,2.16,2.27,2.98,1.12,0.65,1.36,"",7,5.3,-113,-10.4,-117,-11.0,-129,-12.4,-1784734,-12.1,-358708,-34.3,-6731,-50.6,-10,-0.9
"13057","5","561730","78","0","2024","4","",139,970,945,908,12971198,685652,6571,1060,"",1.67,2.14,2.16,2.27,2.98,1.12,0.65,1.36,"",7,5.3,-113,-10.4,-117,-11.0,-129,-12.4,-1784734,-12.1,-358708,-34.3,-6731,-50.6,-10,-0.9
"13057","5","56174","77","0","2024","4","N",3,0,0,0,0,0,0,0,"N",0.65,0,0,0,0,0,0,0,"N",-1,-25.0,0,0,0,0,0,0,0,0,0,0,0,0,0,0
"13057","5","561740","78","0","2024","4","N",3,0,0,0,0,0,0,0,"N",0.65,0,0,0,0,0,0,0,"N",-1,-25.0,0,0,0,0,0,0,0,0,0,0,0,0,0,0
"13057","5","56179","77","0","2024","4","N",24,0,0,0,0,0,0,0,"N",1.68,0,0,0,0,0,0,0,"N",2,9.1,0,0,0,0,0,0,0,0,0,0,0,0,0,0
"13057","5","561790","78","0","2024","4","N",24,0,0,0,0,0,0,0,"N",1.68,0,0,0,0,0,0,0,"N",2,9.1,0,0,0,0,0,0,0,0,0,0,0,0,0,0
"13057","5","5619","76","0","2024","4","",31,432,366,354,5122470,420293,3948,1026,"",1.39,2.68,2.30,2.24,2.67,1.86,1.12,1.11,"",3,10.7,98,29.3,26,7.6,31,9.6,827876,19.3,100695,31.5,1950,97.6,32,3.2
"13057","5","56191","77","0","2024","4","N",2,0,0,0,0,0,0,0,"N",0.97,0,0,0,0,0,0,0,"N",0,0.0,0,0,0,0,0,0,0,0,0,0,0,0,0,0
"13057","5","561910","78","0","2024","4","N",2,0,0,0,0,0,0,0,"N",0.97,0,0,0,0,0,0,0,"N",0,0.0,0,0,0,0,0,0,0,0,0,0,0,0,0,0
"13057","5","56192","77","0","2024","4","N",10,0,0,0,0,0,0,0,"N",1.83,0,0,0,0,0,0,0,"N",2,25.0,0,0,0,0,0,0,0,0,0,0,0,0,0,0
"13057","5","561920","78","0","2024","4","N",10,0,0,0,0,0,0,0,"N",1.83,0,0,0,0,0,0,0,"N",2,25.0,0,0,0,0,0,0,0,0,0,0,0,0,0,0
"13057","5","56199","77","0","2024","4","",19,378,307,300,4169602,365889,3054,977,"",1.29,3.73,3.04,2.98,3.66,2.50,1.44,1.13,"",1,5.6,78,26.0,0,0.0,10,3.4,312263,8.1,67240,22.5,1146,60.1,-15,-1.5
"13057","5","561990","78","0","2024","4","",19,378,307,300,4169602,365889,3054,977,"",1.29,3.73,3.04,2.98,3.66,2.50,1.44,1.13,"",1,5.6,78,26.0,0,0.0,10,3.4,312263,8.1,67240,22.5,1146,60.1,-15,-1.5
"13057","5","562","75","0","2024","4","",41,401,415,405,8092349,561822,3006,1529,"",1.64,1.64,1.68,1.64,2.07,1.98,0.82,1.25,"",7,20.6,17,4.4,5,1.2,-9,-2.2,921021,12.8,11998,2.2,-185,-5.8,159,11.6
"13057","5","5621","76","0","2024","4","",14,210,228,229,4852899,375982,1215,1679,"",1.46,2.00,2.15,2.17,2.93,3.16,0.92,1.39,"",1,7.7,-20,-8.7,-2,-0.9,-7,-3.0,840968,21.0,73185,24.2,-84,-6.5,349,26.2
"13057","5","56211","77","0","2024","4","",14,210,228,229,4852899,375982,1215,1679,"",1.46,2.00,2.15,2.17,2.93,3.16,0.92,1.39,"",1,7.7,-20,-8.7,-2,-0.9,-7,-3.0,840968,21.0,73185,24.2,-84,-6.5,349,26.2
"13057","5","562111","78","0","2024","4","N",13,0,0,0,0,0,0,0,"N",1.76,0,0,0,0,0,0,0,"N",1,8.3,0,0,0,0,0,0,0,0,0,0,0,0,0,0
"13057","5","562119","78","0","2024","4","N",1,0,0,0,0,0,0,0,"N",0.60,0,0,0,0,0,0,0,"N",0,0.0,0,0,0,0,0,0,0,0,0,0,0,0,0,0
"13057","5","5622","76","0","2024","4","",10,88,85,83,1680587,84619,729,1515,"",3.15,1.70,1.63,1.58,1.84,1.90,1.62,1.13,"",0,0.0,6,7.3,4,4.9,4,5.1,119470,7.7,17534,26.1,255,53.8,26,1.7
"13057","5","56221","77","0","2024","4","",10,88,85,83,1680587,84619,729,1515,"",3.15,1.70,1.63,1.58,1.84,1.90,1.62,1.13,"",0,0.0,6,7.3,4,4.9,4,5.1,119470,7.7,17534,26.1,255,53.8,26,1.7
"13057","5","562211","78","0","2024","4","N",3,0,0,0,0,0,0,0,"N",3.11,0,0,0,0,0,0,0,"N",0,0.0,0,0,0,0,0,0,0,0,0,0,0,0,0,0
"13057","5","562212","78","0","2024","4","",6,60,58,58,1321257,52281,619,1732,"",5.28,3.20,3.08,3.07,4.17,3.35,4.17,1.34,"N",0,0.0,0,0,0,0,0,0,0,0,0,0,0,0,0,0
"13057","5","562219","78","0","2024","4","N",1,0,0,0,0,0,0,0,"N",1.06,0,0,0,0,0,0,0,"N",0,0.0,0,0,0,0,0,0,0,0,0,0,0,0,0,0
"13057","5","5629","76","0","2024","4","",17,103,102,93,1558863,101221,1062,1207,"",1.39,1.17,1.15,1.06,1.16,0.84,0.56,1.03,"",6,54.5,31,43.1,3,3.0,-6,-6.1,-39417,-2.5,-78721,-43.7,-356,-25.1,-159,-11.6
"13057","5","56291","77","0","2024","4","",8,40,39,37,654761,22250,60,1303,"",1.31,0.84,0.82,0.78,0.83,0.33,0.05,1.02,"",1,14.3,5,14.3,3,8.3,1,2.8,-28709,-4.2,-7744,-25.8,-641,-91.4,-171,-11.6
"13057","5","562910","78","0","2024","4","",8,40,39,37,654761,22250,60,1303,"",1.31,0.84,0.82,0.78,0.83,0.33,0.05,1.02,"",1,14.3,5,14.3,3,8.3,1,2.8,-28709,-4.2,-7744,-25.8,-641,-91.4,-171,-11.6
"13057","5","56299","77","0","2024","4","",9,63,63,56,904102,78971,1002,1146,"",1.82,2.21,2.21,1.97,2.31,2.04,1.99,1.08,"",5,125.0,26,70.3,0,0.0,-7,-11.1,-10708,-1.2,-70977,-47.3,285,39.7,-149,-11.5
"13057","5","562991","78","0","2024","4","N",3,0,0,0,0,0,0,0,"N",0.97,0,0,0,0,0,0,0,"N",2,200.0,0,0,0,0,0,0,0,0,0,0,0,0,0,0
"13057","5","562998","78","0","2024","4","N",6,0,0,0,0,0,0,0,"N",3.24,0,0,0,0,0,0,0,"N",3,100.0,0,0,0,0,0,0,0,0,0,0,0,0,0,0
"13057","5","61","74","0","2024","4","",113,1098,1127,1098,8590967,724474,7049,597,"",0.99,0.69,0.70,0.69,0.45,0.81,0.72,0.64,"",3,2.7,-113,-9.3,-86,-7.1,-63,-5.4,-725100,-7.8,-102065,-12.3,-1596,-18.5,-3,-0.5
"13057","5","611","75","0","2024","4","",113,1098,1127,1098,8590967,724474,7049,597,"",0.99,0.69,0.70,0.69,0.45,0.81,0.72,0.64,"",3,2.7,-113,-9.3,-86,-7.1,-63,-5.4,-725100,-7.8,-102065,-12.3,-1596,-18.5,-3,-0.5
"13057","5","6111","76","0","2024","4","",10,351,349,342,2424616,126296,1149,537,"",0.67,0.74,0.72,0.71,0.50,0.41,0.41,0.69,"",0,0.0,-79,-18.4,-89,-20.3,-77,-18.4,-776785,-24.3,-42150,-25.0,321,38.8,-37,-6.4
"13057","5","61111","77","0","2024","4","",10,351,349,342,2424616,126296,1149,537,"",0.67,0.74,0.72,0.71,0.50,0.41,0.41,0.69,"",0,0.0,-79,-18.4,-89,-20.3,-77,-18.4,-776785,-24.3,-42150,-25.0,321,38.8,-37,-6.4
"13057","5","611110","78","0","2024","4","",10,351,349,342,2424616,126296,1149,537,"",0.67,0.74,0.72,0.71,0.50,0.41,0.41,0.69,"",0,0.0,-79,-18.4,-89,-20.3,-77,-18.4,-776785,-24.3,-42150,-25.0,321,38.8,-37,-6.4
"13057","5","6112","76","0","2024","4","N",1,0,0,0,0,0,0,0,"N",1.34,0,0,0,0,0,0,0,"N",0,0.0,0,0,0,0,0,0,0,0,0,0,0,0,0,0
"13057","5","61121","77","0","2024","4","N",1,0,0,0,0,0,0,0,"N",1.34,0,0,0,0,0,0,0,"N",0,0.0,0,0,0,0,0,0,0,0,0,0,0,0,0,0
"13057","5","611210","78","0","2024","4","N",1,0,0,0,0,0,0,0,"N",1.34,0,0,0,0,0,0,0,"N",0,0.0,0,0,0,0,0,0,0,0,0,0,0,0,0,0
"13057","5","6113","76","0","2024","4","N",2,0,0,0,0,0,0,0,"N",0.21,0,0,0,0,0,0,0,"N",-1,-33.3,0,0,0,0,0,0,0,0,0,0,0,0,0,0
"13057","5","61131","77","0","2024","4","N",2,0,0,0,0,0,0,0,"N",0.21,0,0,0,0,0,0,0,"N",-1,-33.3,0,0,0,0,0,0,0,0,0,0,0,0,0,0
"13057","5","611310","78","0","2024","4","N",2,0,0,0,0,0,0,0,"N",0.21,0,0,0,0,0,0,0,"N",-1,-33.3,0,0,0,0,0,0,0,0,0,0,0,0,0,0
"13057","5","6114","76","0","2024","4","",17,15,15,12,246494,39223,54,1354,"",1.25,0.40,0.40,0.32,0.33,1.11,0.11,0.90,"",4,30.8,-1,-6.2,-1,-6.2,2,20.0,63030,34.4,-9581,-19.6,-205,-79.2,346,34.3
"13057","5","61142","77","0","2024","4","N",8,0,0,0,0,0,0,0,"N",2.72,0,0,0,0,0,0,0,"N",3,60.0,0,0,0,0,0,0,0,0,0,0,0,0,0,0
"13057","5","611420","78","0","2024","4","N",8,0,0,0,0,0,0,0,"N",2.72,0,0,0,0,0,0,0,"N",3,60.0,0,0,0,0,0,0,0,0,0,0,0,0,0,0
"13057","5","61143","77","0","2024","4","N",9,0,0,0,0,0,0,0,"N",0.86,0,0,0,0,0,0,0,"N",1,12.5,0,0,0,0,0,0,0,0,0,0,0,0,0,0
"13057","5","611430","78","0","2024","4","N",9,0,0,0,0,0,0,0,"N",0.86,0,0,0,0,0,0,0,"N",1,12.5,0,0,0,0,0,0,0,0,0,0,0,0,0,0
"13057","5","6115","76","0","2024","4","N",4,0,0,0,0,0,0,0,"N",0.48,0,0,0,0,0,0,0,"N",-2,-33.3,0,0,0,0,0,0,0,0,0,0,0,0,0,0
"13057","5","61151","77","0","2024","4","N",4,0,0,0,0,0,0,0,"N",0.48,0,0,0,0,0,0,0,"N",-2,-33.3,0,0,0,0,0,0,0,0,0,0,0,0,0,0
"13057","5","611512","78","0","2024","4","N",1,0,0,0,0,0,0,0,"N",0.82,0,0,0,0,0,0,0,"N",-2,-66.7,0,0,0,0,0,0,0,0,0,0,0,0,0,0
"13057","5","611519","78","0","2024","4","N",3,0,0,0,0,0,0,0,"N",0.66,0,0,0,0,0,0,0,"N",0,0.0,0,0,0,0,0,0,0,0,0,0,0,0,0,0
"13057","5","6116","76","0","2024","4","",62,395,400,396,1999118,446386,2942,387,"",1.38,1.54,1.53,1.54,1.44,1.63,0.92,0.94,"",-1,-1.6,-12,-2.9,15,3.9,21,5.6,-68387,-3.3,19247,4.5,-345,-10.5,-22,-5.4
"13057","5","61161","77","0","2024","4","",14,100,97,96,413333,122653,342,326,"",1.29,1.61,1.53,1.55,1.47,1.99,0.50,0.94,"",1,7.7,6,6.4,6,6.6,15,18.5,25392,6.5,8337,7.3,-117,-25.5,-11,-3.3
"13057","5","611610","78","0","2024","4","",14,100,97,96,413333,122653,342,326,"",1.29,1.61,1.53,1.55,1.47,1.99,0.50,0.94,"",1,7.7,6,6.4,6,6.6,15,18.5,25392,6.5,8337,7.3,-117,-25.5,-11,-3.3
"13057","5","61162","77","0","2024","4","",30,204,211,222,981978,224222,1621,356,"",2.05,2.36,2.41,2.54,2.43,2.46,1.63,1.00,"",-4,-11.8,4,2.0,12,6.0,10,4.7,69002,7.6,40745,22.2,169,11.6,11,3.2
"13057","5","611620","78","0","2024","4","",30,204,211,222,981978,224222,1621,356,"",2.05,2.36,2.41,2.54,2.43,2.46,1.63,1.00,"",-4,-11.8,4,2.0,12,6.0,10,4.7,69002,7.6,40745,22.2,169,11.6,11,3.2
"13057","5","61163","77","0","2024","4","N",1,0,0,0,0,0,0,0,"N",0.72,0,0,0,0,0,0,0,"N",1,100.0,0,0,0,0,0,0,0,0,0,0,0,0,0,0
"13057","5","611630","78","0","2024","4","N",1,0,0,0,0,0,0,0,"N",0.72,0,0,0,0,0,0,0,"N",1,100.0,0,0,0,0,0,0,0,0,0,0,0,0,0,0
"13057","5","61169","77","0","2024","4","N",17,0,0,0,0,0,0,0,"N",0.95,0,0,0,0,0,0,0,"N",1,6.2,0,0,0,0,0,0,0,0,0,0,0,0,0,0
"13057","5","611691","78","0","2024","4","",11,68,70,56,289157,77443,861,344,"",1.41,1.33,1.34,1.08,0.95,1.47,1.20,0.75,"",0,0.0,-26,-27.7,-2,-2.8,-2,-3.4,-62707,-17.8,-26431,-25.4,-446,-34.1,-18,-5.0
"13057","5","611692","78","0","2024","4","",4,13,12,12,81989,17180,57,511,"",2.13,1.65,1.52,1.54,1.84,1.70,0.56,1.17,"N",1,33.3,0,0,0,0,0,0,0,0,0,0,0,0,0,0
"13057","5","611699","78","0","2024","4","N",2,0,0,0,0,0,0,0,"N",0.24,0,0,0,0,0,0,0,"N",0,0.0,0,0,0,0,0,0,0,0,0,0,0,0,0,0
"13057","5","6117","76","0","2024","4","",17,48,75,69,675164,105984,2863,811,"",0.77,0.49,0.74,0.69,0.52,0.96,2.00,0.82,"",3,21.4,3,6.7,7,10.3,3,4.5,203566,43.2,-16194,-13.3,-315,-9.9,203,33.4
"13057","5","61171","77","0","2024","4","",17,48,75,69,675164,105984,2863,811,"",0.77,0.49,0.74,0.69,0.52,0.96,2.00,0.82,"",3,21.4,3,6.7,7,10.3,3,4.5,203566,43.2,-16194,-13.3,-315,-9.9,203,33.4
"13057","5","611710","78","0","2024","4","",17,48,75,69,675164,105984,2863,811,"",0.77,0.49,0.74,0.69,0.52,0.96,2.00,0.82,"",3,21.4,3,6.7,7,10.3,3,4.5,203566,43.2,-16194,-13.3,-315,-9.9,203,33.4
"13057","5","62","74","0","2024","4","",743,9810,9832,9881,159479102,9777086,119541,1247,"",0.53,0.91,0.90,0.91,1.18,1.07,1.23,1.30,"",63,9.3,383,4.1,332,3.5,299,3.1,8639723,5.7,859072,9.6,8457,7.6,26,2.1
"13057","5","621","75","0","2024","4","",546,3881,3913,3977,76863267,4591832,60999,1507,"",1.09,0.91,0.91,0.92,1.18,1.08,1.37,1.29,"",49,9.9,45,1.2,79,2.1,106,2.7,1117752,1.5,469306,11.4,9786,19.1,-8,-0.5
"13057","5","6211","76","0","2024","4","",168,1438,1449,1464,36837005,1412820,12856,1954,"",1.03,1.01,1.01,1.02,1.14,1.23,1.15,1.13,"",16,10.5,172,13.6,187,14.8,187,14.6,5972814,19.4,378819,36.6,786,6.5,82,4.4
"13057","5","62111","77","0","2024","4","",168,1438,1449,1464,36837005,1412820,12856,1954,"",1.03,1.01,1.01,1.02,1.14,1.23,1.15,1.13,"",16,10.5,172,13.6,187,14.8,187,14.6,5972814,19.4,378819,36.6,786,6.5,82,4.4
"13057","5","621111","78","0","2024","4","",164,1431,1442,1457,36651206,1411820,12856,1953,"",1.08,1.04,1.03,1.04,1.16,1.28,1.21,1.12,"N",14,9.3,0,0,0,0,0,0,0,0,0,0,0,0,0,0
"13057","5","621112","78","0","2024","4","",4,7,7,7,185799,1000,0,2042,"",0.36,0.17,0.17,0.17,0.29,0.02,0.00,1.70,"N",2,100.0,0,0,0,0,0,0,0,0,0,0,0,0,0,0
"13057","5","6212","76","0","2024","4","",97,777,774,766,14749117,925420,9341,1469,"",1.05,1.56,1.54,1.52,2.21,1.44,1.59,1.44,"",0,0.0,-290,-27.2,-283,-26.8,-282,-26.9,-7191952,-32.8,-324069,-25.9,-3704,-28.4,-127,-8.0
"13057","5","62121","77","0","2024","4","",97,777,774,766,14749117,925420,9341,1469,"",1.05,1.56,1.54,1.52,2.21,1.44,1.59,1.44,"",0,0.0,-290,-27.2,-283,-26.8,-282,-26.9,-7191952,-32.8,-324069,-25.9,-3704,-28.4,-127,-8.0
"13057","5","621210","78","0","2024","4","",97,777,774,766,14749117,925420,9341,1469,"",1.05,1.56,1.54,1.52,2.21,1.44,1.59,1.44,"",0,0.0,-290,-27.2,-283,-26.8,-282,-26.9,-7191952,-32.8,-324069,-25.9,-3704,-28.4,-127,-8.0
"13057","5","6213","76","0","2024","4","",177,1029,1058,1109,12784220,1769252,33444,923,"",1.26,1.72,1.74,1.82,2.07,2.21,3.86,1.17,"",22,14.2,150,17.1,182,20.8,201,22.1,2665298,26.3,397177,28.9,14413,75.7,46,5.2
"13057","5","62131","77","0","2024","4","",57,242,237,245,2529794,267271,3747,806,"",2.15,3.48,3.37,3.49,4.17,2.74,4.48,1.21,"",4,7.5,17,7.6,12,5.3,16,7.0,328993,14.9,-501,-0.2,420,12.6,58,7.8
"13057","5","621310","78","0","2024","4","",57,242,237,245,2529794,267271,3747,806,"",2.15,3.48,3.37,3.49,4.17,2.74,4.48,1.21,"",4,7.5,17,7.6,12,5.3,16,7.0,328993,14.9,-501,-0.2,420,12.6,58,7.8
"13057","5","62132","77","0","2024","4","",17,61,66,69,736373,73965,913,867,"",1.18,0.83,0.89,0.93,0.93,0.79,1.19,1.05,"",4,30.8,-3,-4.7,1,1.5,0,0.0,7988,1.1,28860,64.0,-39,-4.1,18,2.1
"13057","5","621320","78","0","2024","4","",17,61,66,69,736373,73965,913,867,"",1.18,0.83,0.89,0.93,0.93,0.79,1.19,1.05,"",4,30.8,-3,-4.7,1,1.5,0,0.0,7988,1.1,28860,64.0,-39,-4.1,18,2.1
"13057","5","62133","77","0","2024","4","",32,130,125,128,1569140,96702,1836,945,"",0.97,1.03,0.98,1.00,1.27,0.51,0.72,1.26,"",7,28.0,5,4.0,6,5.0,-3,-2.3,176757,12.7,-52060,-35.0,-722,-28.2,88,10.3
"13057","5","621330","78","0","2024","4","",32,130,125,128,1569140,96702,1836,945,"",0.97,1.03,0.98,1.00,1.27,0.51,0.72,1.26,"",7,28.0,5,4.0,6,5.0,-3,-2.3,176757,12.7,-52060,-35.0,-722,-28.2,88,10.3
"13057","5","62134","77","0","2024","4","",44,535,570,605,7197750,1296991,26587,971,"",1.25,2.25,2.36,2.50,3.00,4.59,9.27,1.26,"",7,18.9,138,34.8,171,42.9,194,47.2,2189908,43.7,419303,47.8,14801,125.6,14,1.5
"13057","5","621340","78","0","2024","4","",44,535,570,605,7197750,1296991,26587,971,"",1.25,2.25,2.36,2.50,3.00,4.59,9.27,1.26,"",7,18.9,138,34.8,171,42.9,194,47.2,2189908,43.7,419303,47.8,14801,125.6,14,1.5
"13057","5","62139","77","0","2024","4","",27,61,60,62,751163,34323,361,947,"",0.85,0.66,0.64,0.66,0.66,0.25,0.22,1.01,"",0,0.0,-7,-10.3,-8,-11.8,-6,-8.8,-38348,-4.9,1575,4.8,-47,-11.5,54,6.0
"13057","5","621391","78","0","2024","4","N",4,0,0,0,0,0,0,0,"N",0.90,0,0,0,0,0,0,0,"N",0,0.0,0,0,0,0,0,0,0,0,0,0,0,0,0,0
"13057","5","621399","78","0","2024","4","N",23,0,0,0,0,0,0,0,"N",0.84,0,0,0,0,0,0,0,"N",0,0.0,0,0,0,0,0,0,0,0,0,0,0,0,0,0
"13057","5","6214","76","0","2024","4","",34,389,390,401,8220856,171310,919,1608,"",0.95,0.71,0.71,0.72,0.94,0.45,0.23,1.32,"",-1,-2.9,10,2.6,4,1.0,12,3.1,885269,12.1,-17658,-9.3,-1363,-59.7,141,9.6
"13057","5","62141","77","0","2024","4","N",2,0,0,0,0,0,0,0,"N",0.95,0,0,0,0,0,0,0,"N",0,0.0,0,0,0,0,0,0,0,0,0,0,0,0,0,0
"13057","5","621410","78","0","2024","4","N",2,0,0,0,0,0,0,0,"N",0.95,0,0,0,0,0,0,0,"N",0,0.0,0,0,0,0,0,0,0,0,0,0,0,0,0,0
"13057","5","62142","77","0","2024","4","N",11,0,0,0,0,0,0,0,"N",0.90,0,0,0,0,0,0,0,"N",0,0.0,0,0,0,0,0,0,0,0,0,0,0,0,0,0
"13057","5","621420","78","0","2024","4","N",11,0,0,0,0,0,0,0,"N",0.90,0,0,0,0,0,0,0,"N",0,0.0,0,0,0,0,0,0,0,0,0,0,0,0,0,0
"13057","5","62149","77","0","2024","4","",21,335,335,347,7689704,130576,345,1745,"",0.98,0.88,0.87,0.89,1.11,0.54,0.14,1.27,"",-1,-4.5,-2,-0.6,-11,-3.2,1,0.3,762823,11.0,-19601,-13.1,-1578,-82.1,192,12.4
"13057","5","621491","78","0","2024","4","N",1,0,0,0,0,0,0,0,"N",0.52,0,0,0,0,0,0,0,"N",-1,-50.0,0,0,0,0,0,0,0,0,0,0,0,0,0,0
"13057","5","621492","78","0","2024","4","",4,46,50,51,866232,41526,117,1360,"",0.75,0.75,0.81,0.82,0.98,0.76,0.28,1.24,"",0,0.0,5,12.2,7,16.3,6,13.3,152038,21.3,-9243,-18.2,-79,-40.3,82,6.4
"13057","5","621493","78","0","2024","4","N",7,0,0,0,0,0,0,0,"N",1.15,0,0,0,0,0,0,0,"N",-2,-22.2,0,0,0,0,0,0,0,0,0,0,0,0,0,0
"13057","5","621498","78","0","2024","4","",9,100,98,103,1668875,70391,165,1279,"",1.12,0.82,0.79,0.82,0.84,0.84,0.19,1.03,"N",2,28.6,0,0,0,0,0,0,0,0,0,0,0,0,0,0
"13057","5","6215","76","0","2024","4","",39,71,71,69,958340,36186,198,1048,"",1.97,0.48,0.48,0.46,0.42,0.25,0.14,0.89,"",5,14.7,-28,-28.3,-30,-29.7,-30,-30.3,-1572418,-62.1,3272,9.9,-15,-7.0,-905,-46.3
"13057","5","62151","77","0","2024","4","",39,71,71,69,958340,36186,198,1048,"",1.97,0.48,0.48,0.46,0.42,0.25,0.14,0.89,"",5,14.7,-28,-28.3,-30,-29.7,-30,-30.3,-1572418,-62.1,3272,9.9,-15,-7.0,-905,-46.3
"13057","5","621511","78","0","2024","4","",35,57,57,55,744190,24282,86,1016,"",2.38,0.53,0.53,0.51,0.46,0.23,0.09,0.88,"",5,16.7,-30,-34.5,-30,-34.5,-30,-35.3,-1547840,-67.5,4288,21.4,13,17.8,-1026,-50.2
"13057","5","621512","78","0","2024","4","",4,14,14,14,214150,11904,112,1177,"",0.79,0.34,0.34,0.34,0.32,0.30,0.27,0.94,"",0,0.0,2,16.7,0,0.0,0,0.0,-24578,-10.3,-1016,-7.9,-28,-20.0,-200,-14.5
"13057","5","6216","76","0","2024","4","",23,161,158,150,3127021,247538,3449,1539,"",0.65,0.19,0.18,0.17,0.47,0.26,0.30,2.65,"",3,15.0,17,11.8,15,10.5,11,7.9,253226,8.8,34783,16.3,-250,-6.8,-18,-1.2
"13057","5","62161","77","0","2024","4","",23,161,158,150,3127021,247538,3449,1539,"",0.65,0.19,0.18,0.17,0.47,0.26,0.30,2.65,"",3,15.0,17,11.8,15,10.5,11,7.9,253226,8.8,34783,16.3,-250,-6.8,-18,-1.2
"13057","5","621610","78","0","2024","4","",23,161,158,150,3127021,247538,3449,1539,"",0.65,0.19,0.18,0.17,0.47,0.26,0.30,2.65,"",3,15.0,17,11.8,15,10.5,11,7.9,253226,8.8,34783,16.3,-250,-6.8,-18,-1.2
"13057","5","6219","76","0","2024","4","",8,16,13,18,186708,29306,792,917,"",0.55,0.09,0.07,0.10,0.08,0.17,0.43,0.94,"",4,100.0,14,700.0,4,44.4,7,63.6,105515,130.0,-3018,-9.3,-81,-9.3,65,7.6
"13057","5","62199","77","0","2024","4","",8,16,13,18,186708,29306,792,917,"",0.75,0.18,0.14,0.20,0.15,0.35,0.81,0.87,"N",5,166.7,0,0,0,0,0,0,0,0,0,0,0,0,0,0
"13057","5","621999","78","0","2024","4","",8,16,13,18,186708,29306,792,917,"",0.88,0.33,0.27,0.37,0.25,0.60,1.26,0.78,"N",5,166.7,0,0,0,0,0,0,0,0,0,0,0,0,0,0
"13057","5","622","75","0","2024","4","N",3,0,0,0,0,0,0,0,"N",0.27,0,0,0,0,0,0,0,"N",0,0.0,0,0,0,0,0,0,0,0,0,0,0,0,0,0
"13057","5","6221","76","0","2024","4","N",2,0,0,0,0,0,0,0,"N",0.25,0,0,0,0,0,0,0,"N",0,0.0,0,0,0,0,0,0,0,0,0,0,0,0,0,0
"13057","5","62211","77","0","2024","4","N",2,0,0,0,0,0,0,0,"N",0.25,0,0,0,0,0,0,0,"N",0,0.0,0,0,0,0,0,0,0,0,0,0,0,0,0,0
"13057","5","622110","78","0","2024","4","N",2,0,0,0,0,0,0,0,"N",0.25,0,0,0,0,0,0,0,"N",0,0.0,0,0,0,0,0,0,0,0,0,0,0,0,0,0
"13057","5","6222","76","0","2024","4","N",1,0,0,0,0,0,0,0,"N",0.94,0,0,0,0,0,0,0,"N",0,0.0,0,0,0,0,0,0,0,0,0,0,0,0,0,0
"13057","5","62221","77","0","2024","4","N",1,0,0,0,0,0,0,0,"N",0.94,0,0,0,0,0,0,0,"N",0,0.0,0,0,0,0,0,0,0,0,0,0,0,0,0,0
"13057","5","622210","78","0","2024","4","N",1,0,0,0,0,0,0,0,"N",0.94,0,0,0,0,0,0,0,"N",0,0.0,0,0,0,0,0,0,0,0,0,0,0,0,0,0
"13057","5","623","75","0","2024","4","N",39,0,0,0,0,0,0,0,"N",0.63,0,0,0,0,0,0,0,"N",6,18.2,0,0,0,0,0,0,0,0,0,0,0,0,0,0
"13057","5","6231","76","0","2024","4","",14,446,454,395,5060920,1438686,20288,902,"",1.02,0.62,0.62,0.54,0.76,1.56,2.22,1.29,"",2,16.7,129,40.7,116,34.3,-21,-5.0,837530,19.8,553191,62.5,370,1.9,-8,-0.9
"13057","5","62311","77","0","2024","4","",14,446,454,395,5060920,1438686,20288,902,"",1.02,0.62,0.62,0.54,0.76,1.56,2.22,1.29,"",2,16.7,129,40.7,116,34.3,-21,-5.0,837530,19.8,553191,62.5,370,1.9,-8,-0.9
"13057","5","623110","78","0","2024","4","",14,446,454,395,5060920,1438686,20288,902,"",1.02,0.62,0.62,0.54,0.76,1.56,2.22,1.29,"",2,16.7,129,40.7,116,34.3,-21,-5.0,837530,19.8,553191,62.5,370,1.9,-8,-0.9
"13057","5","6232","76","0","2024","4","N",1,0,0,0,0,0,0,0,"N",0.04,0,0,0,0,0,0,0,"N",0,0.0,0,0,0,0,0,0,0,0,0,0,0,0,0,0
"13057","5","62322","77","0","2024","4","N",1,0,0,0,0,0,0,0,"N",0.14,0,0,0,0,0,0,0,"N",0,0.0,0,0,0,0,0,0,0,0,0,0,0,0,0,0
"13057","5","623220","78","0","2024","4","N",1,0,0,0,0,0,0,0,"N",0.14,0,0,0,0,0,0,0,"N",0,0.0,0,0,0,0,0,0,0,0,0,0,0,0,0,0
"13057","5","6233","76","0","2024","4","",22,592,600,598,5545273,1021888,9393,715,"",1.12,1.26,1.26,1.24,1.55,1.60,1.43,1.23,"",4,22.2,23,4.0,25,4.3,34,6.0,302664,5.8,-1938,-0.2,-5137,-35.4,7,1.0
"13057","5","62331","77","0","2024","4","",22,592,600,598,5545273,1021888,9393,715,"",1.12,1.26,1.26,1.24,1.55,1.60,1.43,1.23,"",4,22.2,23,4.0,25,4.3,34,6.0,302664,5.8,-1938,-0.2,-5137,-35.4,7,1.0
"13057","5","623311","78","0","2024","4","N",7,0,0,0,0,0,0,0,"N",1.43,0,0,0,0,0,0,0,"N",4,133.3,0,0,0,0,0,0,0,0,0,0,0,0,0,0
"13057","5","623312","78","0","2024","4","N",15,0,0,0,0,0,0,0,"N",1.01,0,0,0,0,0,0,0,"N",0,0.0,0,0,0,0,0,0,0,0,0,0,0,0,0,0
"13057","5","6239","76","0","2024","4","N",2,0,0,0,0,0,0,0,"N",0.39,0,0,0,0,0,0,0,"N",0,0.0,0,0,0,0,0,0,0,0,0,0,0,0,0,0
"13057","5","62399","77","0","2024","4","N",2,0,0,0,0,0,0,0,"N",0.39,0,0,0,0,0,0,0,"N",0,0.0,0,0,0,0,0,0,0,0,0,0,0,0,0,0
"13057","5","623990","78","0","2024","4","N",2,0,0,0,0,0,0,0,"N",0.39,0,0,0,0,0,0,0,"N",0,0.0,0,0,0,0,0,0,0,0,0,0,0,0,0,0
"13057","5","624","75","0","2024","4","",155,1814,1787,1823,15563087,2492495,26431,662,"",0.19,0.80,0.78,0.79,1.04,1.01,0.89,1.32,"",8,5.4,-33,-1.8,-75,-4.0,-15,-0.8,398794,2.6,-127453,-4.9,3697,16.3,31,4.9
"13057","5","6241","76","0","2024","4","",94,581,575,605,5881484,916247,10992,771,"",0.12,0.37,0.37,0.38,0.60,0.56,0.53,1.60,"",5,5.6,-74,-11.3,-99,-14.7,-25,-4.0,-33542,-0.6,16631,1.8,4044,58.2,74,10.6
"13057","5","62411","77","0","2024","4","",6,12,13,13,108552,0,0,659,"",0.62,0.11,0.12,0.11,0.11,0.00,0.00,0.98,"",0,0.0,-7,-36.8,-4,-23.5,-4,-23.5,-27593,-20.3,-1595,-100.0,-52,-100.0,66,11.1
"13057","5","624110","78","0","2024","4","",6,12,13,13,108552,0,0,659,"",0.62,0.11,0.12,0.11,0.11,0.00,0.00,0.98,"",0,0.0,-7,-36.8,-4,-23.5,-4,-23.5,-27593,-20.3,-1595,-100.0,-52,-100.0,66,11.1
"13057","5","62412","77","0","2024","4","",56,441,438,466,4205659,814243,8937,722,"",0.08,0.37,0.36,0.39,0.66,0.62,0.53,1.77,"",1,1.8,-61,-12.2,-82,-15.8,-10,-2.1,430440,11.4,29913,3.8,3771,73.0,140,24.1
"13057","5","624120","78","0","2024","4","",56,441,438,466,4205659,814243,8937,722,"",0.08,0.37,0.36,0.39,0.66,0.62,0.53,1.77,"",1,1.8,-61,-12.2,-82,-15.8,-10,-2.1,430440,11.4,29913,3.8,3771,73.0,140,24.1
"13057","5","62419","77","0","2024","4","",32,128,124,126,1567273,102004,2055,957,"",1.04,0.51,0.49,0.49,0.64,0.42,0.67,1.29,"",4,14.3,-6,-4.5,-13,-9.5,-11,-8.0,-436389,-21.8,-11687,-10.3,325,18.8,-176,-15.5
"13057","5","624190","78","0","2024","4","",32,128,124,126,1567273,102004,2055,957,"",1.04,0.51,0.49,0.49,0.64,0.42,0.67,1.29,"",4,14.3,-6,-4.5,-13,-9.5,-11,-8.0,-436389,-21.8,-11687,-10.3,325,18.8,-176,-15.5
"13057","5","6242","76","0","2024","4","N",5,0,0,0,0,0,0,0,"N",0.50,0,0,0,0,0,0,0,"N",2,66.7,0,0,0,0,0,0,0,0,0,0,0,0,0,0
"13057","5","62421","77","0","2024","4","N",1,0,0,0,0,0,0,0,"N",0.36,0,0,0,0,0,0,0,"N",0,0.0,0,0,0,0,0,0,0,0,0,0,0,0,0,0
"13057","5","624210","78","0","2024","4","N",1,0,0,0,0,0,0,0,"N",0.36,0,0,0,0,0,0,0,"N",0,0.0,0,0,0,0,0,0,0,0,0,0,0,0,0,0
"13057","5","62422","77","0","2024","4","N",2,0,0,0,0,0,0,0,"N",0.37,0,0,0,0,0,0,0,"N",1,100.0,0,0,0,0,0,0,0,0,0,0,0,0,0,0
"13057","5","624229","78","0","2024","4","N",2,0,0,0,0,0,0,0,"N",0.80,0,0,0,0,0,0,0,"N",1,100.0,0,0,0,0,0,0,0,0,0,0,0,0,0,0
"13057","5","62423","77","0","2024","4","N",2,0,0,0,0,0,0,0,"N",1.10,0,0,0,0,0,0,0,"N",1,100.0,0,0,0,0,0,0,0,0,0,0,0,0,0,0
"13057","5","624230","78","0","2024","4","N",2,0,0,0,0,0,0,0,"N",1.10,0,0,0,0,0,0,0,"N",1,100.0,0,0,0,0,0,0,0,0,0,0,0,0,0,0
"13057","5","6243","76","0","2024","4","N",6,0,0,0,0,0,0,0,"N",0.92,0,0,0,0,0,0,0,"N",0,0.0,0,0,0,0,0,0,0,0,0,0,0,0,0,0
"13057","5","62431","77","0","2024","4","N",6,0,0,0,0,0,0,0,"N",0.92,0,0,0,0,0,0,0,"N",0,0.0,0,0,0,0,0,0,0,0,0,0,0,0,0,0
"13057","5","624310","78","0","2024","4","N",6,0,0,0,0,0,0,0,"N",0.92,0,0,0,0,0,0,0,"N",0,0.0,0,0,0,0,0,0,0,0,0,0,0,0,0,0
"13057","5","6244","76","0","2024","4","",50,1048,1021,1025,7766767,1556216,15310,579,"",0.94,2.23,2.15,2.16,2.63,2.39,2.20,1.21,"",1,2.0,44,4.4,22,2.2,13,1.3,433634,5.9,-127620,-7.6,-50,-0.3,18,3.2
"13057","5","62441","77","0","2024","4","",50,1048,1021,1025,7766767,1556216,15310,579,"",0.94,2.23,2.15,2.16,2.63,2.39,2.20,1.21,"",1,2.0,44,4.4,22,2.2,13,1.3,433634,5.9,-127620,-7.6,-50,-0.3,18,3.2
"13057","5","624410","78","0","2024","4","",50,1048,1021,1025,7766767,1556216,15310,579,"",0.94,2.23,2.15,2.16,2.63,2.39,2.20,1.21,"",1,2.0,44,4.4,22,2.2,13,1.3,433634,5.9,-127620,-7.6,-50,-0.3,18,3.2
"13057","5","71","74","0","2024","4","",143,1745,1670,1641,12193513,1924090,21885,557,"",1.12,1.40,1.40,1.37,0.89,1.43,1.18,0.64,"",20,16.3,26,1.5,119,7.7,98,6.4,31830,0.3,94162,5.1,5478,33.4,-26,-4.5
"13057","5","711","75","0","2024","4","N",44,0,0,0,0,0,0,0,"N",0.79,0,0,0,0,0,0,0,"N",8,22.2,0,0,0,0,0,0,0,0,0,0,0,0,0,0
"13057","5","7111","76","0","2024","4","",5,94,96,97,632282,103917,1503,508,"",0.56,1.37,1.40,1.41,0.56,1.10,0.75,0.40,"N",0,0.0,0,0,0,0,0,0,0,0,0,0,0,0,0,0
"13057","5","71111","77","0","2024","4","N",2,0,0,0,0,0,0,0,"N",0.71,0,0,0,0,0,0,0,"N",0,0.0,0,0,0,0,0,0,0,0,0,0,0,0,0,0
"13057","5","711110","78","0","2024","4","N",2,0,0,0,0,0,0,0,"N",0.71,0,0,0,0,0,0,0,"N",0,0.0,0,0,0,0,0,0,0,0,0,0,0,0,0,0
"13057","5","71112","77","0","2024","4","N",1,0,0,0,0,0,0,0,"N",0.92,0,0,0,0,0,0,0,"N",0,0.0,0,0,0,0,0,0,0,0,0,0,0,0,0,0
"13057","5","711120","78","0","2024","4","N",1,0,0,0,0,0,0,0,"N",0.92,0,0,0,0,0,0,0,"N",0,0.0,0,0,0,0,0,0,0,0,0,0,0,0,0,0
"13057","5","71113","77","0","2024","4","-",0,0,0,0,0,0,0,0,"N",0.00,0,0,0,0,0,0,0,"N",-1,-100.0,0,0,0,0,0,0,0,0,0,0,0,0,0,0
"13057","5","711130","78","0","2024","4","-",0,0,0,0,0,0,0,0,"N",0.00,0,0,0,0,0,0,0,"N",-1,-100.0,0,0,0,0,0,0,0,0,0,0,0,0,0,0
"13057","5","71119","77","0","2024","4","N",2,0,0,0,0,0,0,0,"N",2.06,0,0,0,0,0,0,0,"N",1,100.0,0,0,0,0,0,0,0,0,0,0,0,0,0,0
"13057","5","711190","78","0","2024","4","N",2,0,0,0,0,0,0,0,"N",2.06,0,0,0,0,0,0,0,"N",1,100.0,0,0,0,0,0,0,0,0,0,0,0,0,0,0
"13057","5","7112","76","0","2024","4","",15,85,60,60,467805,106985,3235,527,"",2.52,1.13,0.83,0.89,0.15,1.34,3.49,0.16,"",3,25.0,-11,-11.5,-10,-14.3,-14,-18.9,44888,10.6,-4323,-3.9,2016,165.4,120,29.5
"13057","5","71121","77","0","2024","4","",15,85,60,60,467805,106985,3235,527,"",2.52,1.13,0.83,0.89,0.15,1.34,3.49,0.16,"",3,25.0,-11,-11.5,-10,-14.3,-14,-18.9,44888,10.6,-4323,-3.9,2016,165.4,120,29.5
"13057","5","711211","78","0","2024","4","N",8,0,0,0,0,0,0,0,"N",3.04,0,0,0,0,0,0,0,"N",2,33.3,0,0,0,0,0,0,0,0,0,0,0,0,0,0
"13057","5","711212","78","0","2024","4","N",1,0,0,0,0,0,0,0,"N",1.98,0,0,0,0,0,0,0,"N",0,0.0,0,0,0,0,0,0,0,0,0,0,0,0,0,0
"13057","5","711219","78","0","2024","4","N",6,0,0,0,0,0,0,0,"N",2.12,0,0,0,0,0,0,0,"N",1,20.0,0,0,0,0,0,0,0,0,0,0,0,0,0,0
"13057","5","7113","76","0","2024","4","N",5,0,0,0,0,0,0,0,"N",0.64,0,0,0,0,0,0,0,"N",1,25.0,0,0,0,0,0,0,0,0,0,0,0,0,0,0
"13057","5","71131","77","0","2024","4","N",3,0,0,0,0,0,0,0,"N",0.90,0,0,0,0,0,0,0,"N",0,0.0,0,0,0,0,0,0,0,0,0,0,0,0,0,0
"13057","5","711310","78","0","2024","4","N",3,0,0,0,0,0,0,0,"N",0.90,0,0,0,0,0,0,0,"N",0,0.0,0,0,0,0,0,0,0,0,0,0,0,0,0,0
"13057","5","71132","77","0","2024","4","N",2,0,0,0,0,0,0,0,"N",0.45,0,0,0,0,0,0,0,"N",1,100.0,0,0,0,0,0,0,0,0,0,0,0,0,0,0
"13057","5","711320","78","0","2024","4","N",2,0,0,0,0,0,0,0,"N",0.45,0,0,0,0,0,0,0,"N",1,100.0,0,0,0,0,0,0,0,0,0,0,0,0,0,0
"13057","5","7115","76","0","2024","4","",19,26,26,28,559174,42054,629,1613,"",0.67,0.79,0.82,0.91,0.29,0.65,0.57,0.34,"",4,26.7,2,8.3,4,18.2,-1,-3.4,29921,5.7,-223,-0.5,225,55.7,-15,-0.9
"13057","5","71151","77","0","2024","4","",19,26,26,28,559174,42054,629,1613,"",0.67,0.79,0.82,0.91,0.29,0.65,0.57,0.34,"",4,26.7,2,8.3,4,18.2,-1,-3.4,29921,5.7,-223,-0.5,225,55.7,-15,-0.9
"13057","5","711510","78","0","2024","4","",19,26,26,28,559174,42054,629,1613,"",0.67,0.79,0.82,0.91,0.29,0.65,0.57,0.34,"",4,26.7,2,8.3,4,18.2,-1,-3.4,29921,5.7,-223,-0.5,225,55.7,-15,-0.9
"13057","5","712","75","0","2024","4","N",2,0,0,0,0,0,0,0,"N",0.37,0,0,0,0,0,0,0,"N",0,0.0,0,0,0,0,0,0,0,0,0,0,0,0,0,0
"13057","5","7121","76","0","2024","4","N",2,0,0,0,0,0,0,0,"N",0.37,0,0,0,0,0,0,0,"N",0,0.0,0,0,0,0,0,0,0,0,0,0,0,0,0,0
"13057","5","71211","77","0","2024","4","N",1,0,0,0,0,0,0,0,"N",0.28,0,0,0,0,0,0,0,"N",0,0.0,0,0,0,0,0,0,0,0,0,0,0,0,0,0
"13057","5","712110","78","0","2024","4","N",1,0,0,0,0,0,0,0,"N",0.28,0,0,0,0,0,0,0,"N",0,0.0,0,0,0,0,0,0,0,0,0,0,0,0,0,0
"13057","5","71213","77","0","2024","4","N",1,0,0,0,0,0,0,0,"N",1.59,0,0,0,0,0,0,0,"N",0,0.0,0,0,0,0,0,0,0,0,0,0,0,0,0,0
"13057","5","712130","78","0","2024","4","N",1,0,0,0,0,0,0,0,"N",1.59,0,0,0,0,0,0,0,"N",0,0.0,0,0,0,0,0,0,0,0,0,0,0,0,0,0
"13057","5","713","75","0","2024","4","",97,1456,1405,1407,9568980,1584764,13992,517,"",1.47,1.67,1.68,1.67,1.84,1.69,1.16,1.10,"",12,14.1,41,2.9,121,9.4,104,8.0,384012,4.2,111957,7.6,855,6.5,-13,-2.5
"13057","5","7131","76","0","2024","4","N",2,0,0,0,0,0,0,0,"N",0.71,0,0,0,0,0,0,0,"N",0,0.0,0,0,0,0,0,0,0,0,0,0,0,0,0,0
"13057","5","71312","77","0","2024","4","N",2,0,0,0,0,0,0,0,"N",1.06,0,0,0,0,0,0,0,"N",0,0.0,0,0,0,0,0,0,0,0,0,0,0,0,0,0
"13057","5","713120","78","0","2024","4","N",2,0,0,0,0,0,0,0,"N",1.06,0,0,0,0,0,0,0,"N",0,0.0,0,0,0,0,0,0,0,0,0,0,0,0,0,0
"13057","5","7139","76","0","2024","4","N",95,0,0,0,0,0,0,0,"N",1.58,0,0,0,0,0,0,0,"N",12,14.5,0,0,0,0,0,0,0,0,0,0,0,0,0,0
"13057","5","71391","77","0","2024","4","",12,593,586,597,4305222,479706,2668,559,"",1.61,2.81,3.06,3.32,3.02,2.14,0.74,0.99,"",-1,-7.7,20,3.5,44,8.1,44,8.0,178579,4.3,-46264,-8.8,-833,-23.8,-12,-2.1
"13057","5","713910","78","0","2024","4","",12,593,586,597,4305222,479706,2668,559,"",1.61,2.81,3.06,3.32,3.02,2.14,0.74,0.99,"",-1,-7.7,20,3.5,44,8.1,44,8.0,178579,4.3,-46264,-8.8,-833,-23.8,-12,-2.1
"13057","5","71393","77","0","2024","4","N",2,0,0,0,0,0,0,0,"N",0.74,0,0,0,0,0,0,0,"N",0,0.0,0,0,0,0,0,0,0,0,0,0,0,0,0,0
"13057","5","713930","78","0","2024","4","N",2,0,0,0,0,0,0,0,"N",0.74,0,0,0,0,0,0,0,"N",0,0.0,0,0,0,0,0,0,0,0,0,0,0,0,0,0
"13057","5","71394","77","0","2024","4","",56,604,600,606,3479433,710394,7179,444,"",1.83,2.00,1.97,1.97,2.70,2.37,2.08,1.36,"",8,16.7,31,5.4,43,7.7,56,10.2,84189,2.5,54433,8.3,558,8.4,-22,-4.7
"13057","5","713940","78","0","2024","4","",56,604,600,606,3479433,710394,7179,444,"",1.83,2.00,1.97,1.97,2.70,2.37,2.08,1.36,"",8,16.7,31,5.4,43,7.7,56,10.2,84189,2.5,54433,8.3,558,8.4,-22,-4.7
"13057","5","71395","77","0","2024","4","",3,80,82,76,552835,160607,214,536,"",1.33,2.47,2.48,2.25,3.46,3.74,0.47,1.44,"",0,0.0,-10,-11.1,-2,-2.4,-20,-20.8,-47694,-7.9,28948,22.0,119,125.3,23,4.5
"13057","5","713950","78","0","2024","4","",3,80,82,76,552835,160607,214,536,"",1.33,2.47,2.48,2.25,3.46,3.74,0.47,1.44,"",0,0.0,-10,-11.1,-2,-2.4,-20,-20.8,-47694,-7.9,28948,22.0,119,125.3,23,4.5
"13057","5","71399","77","0","2024","4","",22,148,105,94,946382,199401,3516,629,"",1.30,1.22,0.96,0.88,1.48,1.33,1.94,1.45,"",5,29.4,25,20.3,42,66.7,28,42.4,224736,31.1,86431,76.5,1674,90.9,-32,-4.8
"13057","5","713990","78","0","2024","4","",22,148,105,94,946382,199401,3516,629,"",1.30,1.22,0.96,0.88,1.48,1.33,1.94,1.45,"",5,29.4,25,20.3,42,66.7,28,42.4,224736,31.1,86431,76.5,1674,90.9,-32,-4.8
"13057","5","72","74","0","2024","4","",504,9639,9761,9906,58519755,14328154,148451,461,"",0.94,1.44,1.45,1.47,1.52,1.54,1.50,1.05,"",31,6.6,176,1.9,314,3.3,396,4.2,2812866,5.0,-657327,-4.4,-18435,-11.0,9,2.0
"13057","5","721","75","0","2024","4","",25,247,225,221,1405243,295272,4474,468,"",0.47,0.27,0.25,0.25,0.19,0.21,0.30,0.74,"",2,8.7,2,0.8,-28,-11.1,-27,-10.9,-135057,-8.8,-159571,-35.1,-4059,-47.6,-8,-1.7
"13057","5","7211","76","0","2024","4","",25,247,225,221,1405243,295272,4474,468,"",0.55,0.28,0.26,0.25,0.20,0.22,0.31,0.74,"",2,8.7,2,0.8,-28,-11.1,-27,-10.9,-135057,-8.8,-159571,-35.1,-4059,-47.6,-8,-1.7
"13057","5","72111","77","0","2024","4","",25,247,225,221,1405243,295272,4474,468,"",0.60,0.34,0.31,0.30,0.24,0.28,0.38,0.75,"",2,8.7,2,0.8,-28,-11.1,-27,-10.9,-135057,-8.8,-159571,-35.1,-4059,-47.6,-8,-1.7
"13057","5","721110","78","0","2024","4","",25,247,225,221,1405243,295272,4474,468,"",0.60,0.34,0.31,0.30,0.24,0.28,0.38,0.75,"",2,8.7,2,0.8,-28,-11.1,-27,-10.9,-135057,-8.8,-159571,-35.1,-4059,-47.6,-8,-1.7
"13057","5","722","75","0","2024","4","",479,9392,9536,9685,57114512,14032882,143977,461,"",0.99,1.62,1.64,1.66,1.84,1.77,1.71,1.12,"",29,6.4,174,1.9,342,3.7,423,4.6,2947923,5.4,-497756,-3.4,-14376,-9.1,9,2.0
"13057","5","7223","76","0","2024","4","",29,135,150,125,1360839,193772,3351,766,"",0.83,0.34,0.38,0.33,0.48,0.34,0.27,1.35,"",7,31.8,-35,-20.6,-25,-14.3,-43,-25.6,-137338,-9.2,-136554,-41.3,-2101,-38.5,92,13.6
"13057","5","72231","77","0","2024","4","N",15,0,0,0,0,0,0,0,"N",0.86,0,0,0,0,0,0,0,"N",4,36.4,0,0,0,0,0,0,0,0,0,0,0,0,0,0
"13057","5","722310","78","0","2024","4","N",15,0,0,0,0,0,0,0,"N",0.86,0,0,0,0,0,0,0,"N",4,36.4,0,0,0,0,0,0,0,0,0,0,0,0,0,0
"13057","5","72232","77","0","2024","4","",9,73,90,69,585183,119651,2967,582,"",0.96,0.84,1.07,0.79,1.01,0.98,1.60,1.12,"N",0,0.0,0,0,0,0,0,0,0,0,0,0,0,0,0,0
"13057","5","722320","78","0","2024","4","",9,73,90,69,585183,119651,2967,582,"",0.96,0.84,1.07,0.79,1.01,0.98,1.60,1.12,"N",0,0.0,0,0,0,0,0,0,0,0,0,0,0,0,0,0
"13057","5","72233","77","0","2024","4","N",5,0,0,0,0,0,0,0,"N",0.60,0,0,0,0,0,0,0,"N",3,150.0,0,0,0,0,0,0,0,0,0,0,0,0,0,0
"13057","5","722330","78","0","2024","4","N",5,0,0,0,0,0,0,0,"N",0.60,0,0,0,0,0,0,0,"N",3,150.0,0,0,0,0,0,0,0,0,0,0,0,0,0,0
"13057","5","7224","76","0","2024","4","",9,72,74,77,523882,138096,1137,542,"",0.31,0.36,0.37,0.39,0.52,0.49,0.34,1.39,"",-1,-10.0,-66,-47.8,-57,-43.5,-62,-44.6,-364181,-41.0,-57195,-29.3,-1785,-61.1,40,8.0
"13057","5","72241","77","0","2024","4","",9,72,74,77,523882,138096,1137,542,"",0.31,0.36,0.37,0.39,0.52,0.49,0.34,1.39,"",-1,-10.0,-66,-47.8,-57,-43.5,-62,-44.6,-364181,-41.0,-57195,-29.3,-1785,-61.1,40,8.0
"13057","5","722410","78","0","2024","4","",9,72,74,77,523882,138096,1137,542,"",0.31,0.36,0.37,0.39,0.52,0.49,0.34,1.39,"",-1,-10.0,-66,-47.8,-57,-43.5,-62,-44.6,-364181,-41.0,-57195,-29.3,-1785,-61.1,40,8.0
"13057","5","7225","76","0","2024","4","",441,9185,9312,9483,55229791,13701014,139489,456,"",1.05,1.77,1.78,1.80,2.04,1.94,2.04,1.14,"",23,5.5,275,3.1,424,4.8,528,5.9,3449442,6.7,-304007,-2.2,-10490,-7.0,9,2.0
"13057","5","72251","77","0","2024","4","",441,9185,9312,9483,55229791,13701014,139489,456,"",1.05,1.77,1.78,1.80,2.04,1.94,2.04,1.14,"",23,5.5,275,3.1,424,4.8,528,5.9,3449442,6.7,-304007,-2.2,-10490,-7.0,9,2.0
"13057","5","722511","78","0","2024","4","",200,4532,4625,4658,30549585,6429115,64358,510,"",1.12,1.80,1.82,1.82,2.07,1.84,1.77,1.14,"",15,8.1,119,2.7,245,5.6,225,5.1,1700229,5.9,-432160,-6.3,-4378,-6.4,7,1.4
"13057","5","722513","78","0","2024","4","",173,3842,3872,4011,20254057,5939991,58670,399,"",0.96,1.76,1.76,1.81,2.02,2.04,2.34,1.14,"",2,1.2,138,3.7,158,4.3,281,7.5,1445143,7.7,-11202,-0.2,-9536,-14.0,10,2.6
"13057","5","722514","78","0","2024","4","N",3,0,0,0,0,0,0,0,"N",0.86,0,0,0,0,0,0,0,"N",-1,-25.0,0,0,0,0,0,0,0,0,0,0,0,0,0,0
"13057","5","722515","78","0","2024","4","N",65,0,0,0,0,0,0,0,"N",1.14,0,0,0,0,0,0,0,"N",7,12.1,0,0,0,0,0,0,0,0,0,0,0,0,0,0
"13057","5","81","74","0","2024","4","",547,2544,2538,2409,27429997,3017046,43912,845,"",0.91,1.13,1.13,1.07,1.20,1.24,1.60,1.08,"",50,10.1,98,4.0,70,2.8,48,2.0,-137270,-0.5,-320875,-9.6,-4006,-8.4,-29,-3.3
"13057","5","811","75","0","2024","4","",203,977,980,968,13659259,1179455,18045,1078,"",1.22,1.40,1.40,1.38,1.65,1.39,1.95,1.19,"",-6,-2.9,-97,-9.0,-94,-8.8,-121,-11.1,-2575815,-15.9,-226914,-16.1,-2862,-13.7,-79,-6.8
"13057","5","8111","76","0","2024","4","",159,875,880,870,12202340,1059887,17242,1073,"",1.35,1.78,1.78,1.76,2.36,1.72,2.77,1.33,"",4,2.6,18,2.1,27,3.2,9,1.0,-125532,-1.0,-184682,-14.8,-1804,-9.5,-34,-3.1
"13057","5","81111","77","0","2024","4","",76,425,423,429,6680398,406408,5409,1207,"",1.17,2.02,1.99,2.02,2.80,1.57,2.06,1.39,"",-5,-6.2,-16,-3.6,-11,-2.5,-10,-2.3,-329710,-4.7,-159508,-28.2,-4261,-44.1,-24,-1.9
"13057","5","811111","78","0","2024","4","",69,401,399,406,6310280,373442,4829,1207,"",1.19,2.12,2.09,2.13,2.94,1.59,2.02,1.39,"",-4,-5.5,-22,-5.2,-16,-3.9,-14,-3.3,-412508,-6.1,-151059,-28.8,-3984,-45.2,-26,-2.1
"13057","5","811114","78","0","2024","4","",7,24,24,23,370118,32966,580,1203,"",1.02,1.13,1.13,1.07,1.55,1.38,2.47,1.40,"",-1,-12.5,6,33.3,5,26.3,4,21.1,82798,28.8,-8449,-20.4,-277,-32.3,19,1.6
"13057","5","81112","77","0","2024","4","",37,177,191,183,3201953,128864,1098,1341,"",1.29,1.27,1.36,1.30,1.80,0.82,0.70,1.37,"",5,15.6,10,6.0,20,11.7,7,4.0,236683,8.0,-16477,-11.3,688,167.8,10,0.8
"13057","5","811121","78","0","2024","4","",30,168,183,174,3121817,126937,1046,1372,"",1.26,1.38,1.49,1.42,1.97,0.94,0.77,1.37,"",3,11.1,9,5.7,20,12.3,6,3.6,227221,7.8,-18404,-12.7,636,155.1,9,0.7
"13057","5","811122","78","0","2024","4","",7,9,8,9,80136,1927,52,711,"",1.44,0.50,0.44,0.50,0.41,0.09,0.24,0.86,"",2,40.0,1,12.5,0,0.0,1,12.5,9462,13.4,1927,100.0,52,100.0,31,4.6
"13057","5","81119","77","0","2024","4","",46,273,266,258,2319989,524615,10735,672,"",1.89,1.93,1.86,1.82,2.30,2.60,5.26,1.23,"",4,9.5,24,9.6,18,7.3,12,4.9,-32505,-1.4,-8697,-1.6,1769,19.7,-59,-8.1
"13057","5","811191","78","0","2024","4","",16,107,107,105,1152130,226280,3728,833,"",2.80,2.95,2.93,2.88,4.07,3.73,6.33,1.39,"",0,0.0,-20,-15.7,-15,-12.3,-15,-12.5,-297722,-20.5,-79284,-25.9,-45,-1.2,-74,-8.2
"13057","5","811192","78","0","2024","4","",20,132,126,121,799503,242770,6114,487,"",1.50,1.47,1.39,1.35,1.41,1.97,4.91,1.01,"",1,5.3,33,33.3,24,23.5,20,19.8,142277,21.6,45134,22.8,1556,34.1,-15,-3.0
"13057","5","811198","78","0","2024","4","",10,34,33,32,368356,55565,893,859,"",1.92,2.22,2.13,2.06,2.34,3.05,4.33,1.10,"",3,42.9,11,47.8,9,37.5,7,28.0,122940,50.1,25453,84.5,258,40.6,72,9.1
"13057","5","8112","76","0","2024","4","",15,44,43,43,672676,84174,324,1194,"",1.38,0.90,0.87,0.87,0.88,1.91,0.62,1.00,"",-3,-16.7,-28,-38.9,-27,-38.6,-28,-39.4,-461425,-40.7,39418,88.1,112,52.8,-35,-2.8
"13057","5","81121","77","0","2024","4","",15,44,43,43,672676,84174,324,1194,"",1.38,0.90,0.87,0.87,0.88,1.91,0.62,1.00,"",-3,-16.7,-28,-38.9,-27,-38.6,-28,-39.4,-461425,-40.7,39418,88.1,112,52.8,-35,-2.8
"13057","5","811210","78","0","2024","4","",15,44,43,43,672676,84174,324,1194,"",1.38,0.90,0.87,0.87,0.88,1.91,0.62,1.00,"",-3,-16.7,-28,-38.9,-27,-38.6,-28,-39.4,-461425,-40.7,39418,88.1,112,52.8,-35,-2.8
"13057","5","8113","76","0","2024","4","",15,24,24,22,371934,9843,23,1226,"",0.70,0.20,0.21,0.19,0.19,0.07,0.01,0.96,"",-6,-28.6,-90,-78.9,-91,-79.1,-99,-81.8,-2014485,-84.4,-76266,-88.6,-1085,-97.9,-347,-22.1
"13057","5","81131","77","0","2024","4","",15,24,24,22,371934,9843,23,1226,"",0.70,0.20,0.21,0.19,0.19,0.07,0.01,0.96,"",-6,-28.6,-90,-78.9,-91,-79.1,-99,-81.8,-2014485,-84.4,-76266,-88.6,-1085,-97.9,-347,-22.1
"13057","5","811310","78","0","2024","4","",15,24,24,22,371934,9843,23,1226,"",0.70,0.20,0.21,0.19,0.19,0.07,0.01,0.96,"",-6,-28.6,-90,-78.9,-91,-79.1,-99,-81.8,-2014485,-84.4,-76266,-88.6,-1085,-97.9,-347,-22.1
"13057","5","8114","76","0","2024","4","",14,34,33,33,412309,25551,456,951,"",0.82,0.84,0.81,0.82,1.02,0.52,0.85,1.24,"",-1,-6.7,3,9.7,-3,-8.3,-3,-8.3,25627,6.6,-5384,-17.4,-85,-15.7,85,9.8
"13057","5","81141","77","0","2024","4","N",8,0,0,0,0,0,0,0,"N",1.42,0,0,0,0,0,0,0,"N",0,0.0,0,0,0,0,0,0,0,0,0,0,0,0,0,0
"13057","5","811411","78","0","2024","4","N",1,0,0,0,0,0,0,0,"N",0.73,0,0,0,0,0,0,0,"N",0,0.0,0,0,0,0,0,0,0,0,0,0,0,0,0,0
"13057","5","811412","78","0","2024","4","N",7,0,0,0,0,0,0,0,"N",1.65,0,0,0,0,0,0,0,"N",0,0.0,0,0,0,0,0,0,0,0,0,0,0,0,0,0
"13057","5","81149","77","0","2024","4","N",6,0,0,0,0,0,0,0,"N",0.70,0,0,0,0,0,0,0,"N",0,0.0,0,0,0,0,0,0,0,0,0,0,0,0,0,0
"13057","5","811490","78","0","2024","4","N",6,0,0,0,0,0,0,0,"N",0.70,0,0,0,0,0,0,0,"N",0,0.0,0,0,0,0,0,0,0,0,0,0,0,0,0,0
"13057","5","812","75","0","2024","4","",234,1085,1086,1090,9911953,1352686,20498,701,"",1.30,1.45,1.44,1.44,1.80,1.46,2.03,1.25,"",23,10.9,126,13.1,120,12.4,148,15.7,1471813,17.4,-73284,-5.1,-2035,-9.0,22,3.2
"13057","5","8121","76","0","2024","4","",139,431,426,419,4074598,437444,5992,737,"",1.33,1.21,1.19,1.17,1.77,0.96,1.17,1.49,"",15,12.1,-17,-3.8,-13,-3.0,-8,-1.9,388959,10.6,-37704,-7.9,-513,-7.9,90,13.9
"13057","5","81211","77","0","2024","4","",103,317,314,309,2737679,296990,3441,672,"",1.27,1.20,1.18,1.16,1.63,0.89,0.95,1.38,"",9,9.6,-13,-3.9,-7,-2.2,2,0.7,-98433,-3.5,-25728,-8.0,336,10.8,-11,-1.6
"13057","5","812111","78","0","2024","4","",5,22,20,23,265528,15872,59,943,"",0.89,1.31,1.18,1.36,2.14,0.65,0.24,1.67,"",1,25.0,-8,-26.7,-6,-23.1,-1,-4.2,30828,13.1,7312,85.4,4,7.3,266,39.3
"13057","5","812112","78","0","2024","4","",67,244,245,237,2128433,261449,2975,677,"",1.27,1.40,1.38,1.34,1.79,1.23,1.42,1.31,"",7,11.7,5,2.1,8,3.4,14,6.3,28247,1.3,-24380,-8.5,479,19.2,-16,-2.3
"13057","5","812113","78","0","2024","4","",31,51,49,49,343718,19669,407,532,"",1.36,0.70,0.68,0.68,0.94,0.20,0.32,1.36,"",1,3.3,-10,-16.4,-9,-15.5,-11,-18.3,-157508,-31.4,-8660,-30.6,-147,-26.5,-114,-17.6
"13057","5","81219","77","0","2024","4","",36,114,112,110,1336919,140454,2551,918,"",1.52,1.24,1.21,1.19,2.17,1.16,1.69,1.78,"",6,20.0,-4,-3.4,-6,-5.1,-10,-8.3,487392,57.4,-11976,-7.9,-849,-25.0,367,66.6
"13057","5","812191","78","0","2024","4","N",4,0,0,0,0,0,0,0,"N",2.42,0,0,0,0,0,0,0,"N",2,100.0,0,0,0,0,0,0,0,0,0,0,0,0,0,0
"13057","5","812199","78","0","2024","4","N",32,0,0,0,0,0,0,0,"N",1.46,0,0,0,0,0,0,0,"N",4,14.3,0,0,0,0,0,0,0,0,0,0,0,0,0,0
"13057","5","8122","76","0","2024","4","",10,58,59,58,752067,78259,677,992,"",0.81,0.91,0.92,0.90,1.21,1.38,1.42,1.34,"",1,11.1,0,0.0,-1,-1.7,-3,-4.9,69459,10.2,-8866,-10.2,94,16.1,112,12.7
"13057","5","81221","77","0","2024","4","N",8,0,0,0,0,0,0,0,"N",0.86,0,0,0,0,0,0,0,"N",0,0.0,0,0,0,0,0,0,0,0,0,0,0,0,0,0
"13057","5","812210","78","0","2024","4","N",8,0,0,0,0,0,0,0,"N",0.86,0,0,0,0,0,0,0,"N",0,0.0,0,0,0,0,0,0,0,0,0,0,0,0,0,0
"13057","5","81222","77","0","2024","4","N",2,0,0,0,0,0,0,0,"N",0.67,0,0,0,0,0,0,0,"N",1,100.0,0,0,0,0,0,0,0,0,0,0,0,0,0,0
"13057","5","812220","78","0","2024","4","N",2,0,0,0,0,0,0,0,"N",0.67,0,0,0,0,0,0,0,"N",1,100.0,0,0,0,0,0,0,0,0,0,0,0,0,0,0
"13057","5","8123","76","0","2024","4","",24,109,110,109,1004387,70107,952,707,"",1.30,0.88,0.89,0.88,0.96,0.47,0.67,1.09,"",1,4.3,5,4.8,6,5.8,-2,-1.8,39933,4.1,-38181,-35.3,-893,-48.4,9,1.3
"13057","5","81231","77","0","2024","4","N",7,0,0,0,0,0,0,0,"N",1.04,0,0,0,0,0,0,0,"N",-1,-12.5,0,0,0,0,0,0,0,0,0,0,0,0,0,0
"13057","5","812310","78","0","2024","4","N",7,0,0,0,0,0,0,0,"N",1.04,0,0,0,0,0,0,0,"N",-1,-12.5,0,0,0,0,0,0,0,0,0,0,0,0,0,0
"13057","5","81232","77","0","2024","4","",16,52,53,53,475073,31270,576,694,"",1.62,1.23,1.24,1.24,1.80,0.61,1.25,1.45,"",2,14.3,5,10.6,7,15.2,4,8.2,77799,19.6,14189,83.1,557,2931.6,48,7.4
"13057","5","812320","78","0","2024","4","",16,52,53,53,475073,31270,576,694,"",1.62,1.23,1.24,1.24,1.80,0.61,1.25,1.45,"",2,14.3,5,10.6,7,15.2,4,8.2,77799,19.6,14189,83.1,557,2931.6,48,7.4
"13057","5","81233","77","0","2024","4","N",1,0,0,0,0,0,0,0,"N",0.53,0,0,0,0,0,0,0,"N",0,0.0,0,0,0,0,0,0,0,0,0,0,0,0,0,0
"13057","5","812331","78","0","2024","4","N",1,0,0,0,0,0,0,0,"N",1.05,0,0,0,0,0,0,0,"N",0,0.0,0,0,0,0,0,0,0,0,0,0,0,0,0,0
"13057","5","8129","76","0","2024","4","",61,487,491,504,4080901,766876,12877,635,"",1.36,2.36,2.36,2.42,2.63,2.86,4.19,1.10,"",6,10.9,138,39.5,128,35.3,161,46.9,973462,31.3,11467,1.5,-723,-5.3,-45,-6.6
"13057","5","81291","77","0","2024","4","",31,402,400,408,3200295,614569,9966,610,"",1.67,4.40,4.32,4.38,5.85,4.83,7.60,1.34,"",3,10.7,162,67.5,150,60.0,170,71.4,1307020,69.0,189583,44.6,3397,51.7,10,1.7
"13057","5","812910","78","0","2024","4","",31,402,400,408,3200295,614569,9966,610,"",1.67,4.40,4.32,4.38,5.85,4.83,7.60,1.34,"",3,10.7,162,67.5,150,60.0,170,71.4,1307020,69.0,189583,44.6,3397,51.7,10,1.7
"13057","5","81293","77","0","2024","4","N",2,0,0,0,0,0,0,0,"N",0.38,0,0,0,0,0,0,0,"N",0,0.0,0,0,0,0,0,0,0,0,0,0,0,0,0,0
"13057","5","812930","78","0","2024","4","N",2,0,0,0,0,0,0,0,"N",0.38,0,0,0,0,0,0,0,"N",0,0.0,0,0,0,0,0,0,0,0,0,0,0,0,0,0
"13057","5","81299","77","0","2024","4","N",28,0,0,0,0,0,0,0,"N",1.35,0,0,0,0,0,0,0,"N",3,12.0,0,0,0,0,0,0,0,0,0,0,0,0,0,0
"13057","5","812990","78","0","2024","4","N",28,0,0,0,0,0,0,0,"N",1.35,0,0,0,0,0,0,0,"N",3,12.0,0,0,0,0,0,0,0,0,0,0,0,0,0,0
"13057","5","813","75","0","2024","4","",65,454,444,320,3347977,419704,3643,634,"",0.53,0.66,0.64,0.47,0.40,0.81,0.58,0.69,"",15,30.0,52,12.9,30,7.2,4,1.3,698856,26.4,-29542,-6.6,575,18.7,94,17.4
"13057","5","8131","76","0","2024","4","N",17,0,0,0,0,0,0,0,"N",0.97,0,0,0,0,0,0,0,"N",2,13.3,0,0,0,0,0,0,0,0,0,0,0,0,0,0
"13057","5","81311","77","0","2024","4","N",17,0,0,0,0,0,0,0,"N",0.97,0,0,0,0,0,0,0,"N",2,13.3,0,0,0,0,0,0,0,0,0,0,0,0,0,0
"13057","5","813110","78","0","2024","4","N",17,0,0,0,0,0,0,0,"N",0.97,0,0,0,0,0,0,0,"N",2,13.3,0,0,0,0,0,0,0,0,0,0,0,0,0,0
"13057","5","8132","76","0","2024","4","",8,7,7,6,74134,1050,1,855,"",0.51,0.09,0.09,0.08,0.05,0.02,0.00,0.62,"N",2,33.3,0,0,0,0,0,0,0,0,0,0,0,0,0,0
"13057","5","81321","77","0","2024","4","",8,7,7,6,74134,1050,1,855,"",0.51,0.09,0.09,0.08,0.05,0.02,0.00,0.62,"N",2,33.3,0,0,0,0,0,0,0,0,0,0,0,0,0,0
"13057","5","813211","78","0","2024","4","N",4,0,0,0,0,0,0,0,"N",0.50,0,0,0,0,0,0,0,"N",1,33.3,0,0,0,0,0,0,0,0,0,0,0,0,0,0
"13057","5","813212","78","0","2024","4","N",1,0,0,0,0,0,0,0,"N",0.28,0,0,0,0,0,0,0,"N",0,0.0,0,0,0,0,0,0,0,0,0,0,0,0,0,0
"13057","5","813219","78","0","2024","4","N",3,0,0,0,0,0,0,0,"N",0.71,0,0,0,0,0,0,0,"N",1,50.0,0,0,0,0,0,0,0,0,0,0,0,0,0,0
"13057","5","8133","76","0","2024","4","N",8,0,0,0,0,0,0,0,"N",0.32,0,0,0,0,0,0,0,"N",3,60.0,0,0,0,0,0,0,0,0,0,0,0,0,0,0
"13057","5","81331","77","0","2024","4","N",8,0,0,0,0,0,0,0,"N",0.32,0,0,0,0,0,0,0,"N",3,60.0,0,0,0,0,0,0,0,0,0,0,0,0,0,0
"13057","5","813311","78","0","2024","4","N",2,0,0,0,0,0,0,0,"N",0.42,0,0,0,0,0,0,0,"N",0,0.0,0,0,0,0,0,0,0,0,0,0,0,0,0,0
"13057","5","813319","78","0","2024","4","N",6,0,0,0,0,0,0,0,"N",0.43,0,0,0,0,0,0,0,"N",3,100.0,0,0,0,0,0,0,0,0,0,0,0,0,0,0
"13057","5","8134","76","0","2024","4","",8,171,169,178,224118,49103,1226,100,"",0.42,1.01,0.99,1.04,0.22,0.53,1.14,0.22,"",2,33.3,34,24.8,28,19.9,18,11.2,-44103,-16.4,4603,10.3,480,64.3,-41,-29.1
"13057","5","81341","77","0","2024","4","",8,171,169,178,224118,49103,1226,100,"",0.42,1.01,0.99,1.04,0.22,0.53,1.14,0.22,"",2,33.3,34,24.8,28,19.9,18,11.2,-44103,-16.4,4603,10.3,480,64.3,-41,-29.1
"13057","5","813410","78","0","2024","4","",8,171,169,178,224118,49103,1226,100,"",0.42,1.01,0.99,1.04,0.22,0.53,1.14,0.22,"",2,33.3,34,24.8,28,19.9,18,11.2,-44103,-16.4,4603,10.3,480,64.3,-41,-29.1
"13057","5","8139","76","0","2024","4","",24,64,55,56,677285,21923,588,893,"",0.54,0.30,0.26,0.27,0.20,0.12,0.26,0.72,"",6,33.3,-17,-21.0,-34,-38.2,-30,-34.9,-212782,-23.9,-60352,-73.4,-1034,-63.7,91,11.3
"13057","5","81391","77","0","2024","4","",12,41,39,39,414254,19394,558,803,"",0.82,0.72,0.68,0.68,0.35,0.45,1.29,0.50,"",3,33.3,4,10.8,-3,-7.1,1,2.6,52690,14.6,-14492,-42.8,384,220.7,90,12.6
"13057","5","813910","78","0","2024","4","",12,41,39,39,414254,19394,558,803,"",0.82,0.72,0.68,0.68,0.35,0.45,1.29,0.50,"",3,33.3,4,10.8,-3,-7.1,1,2.6,52690,14.6,-14492,-42.8,384,220.7,90,12.6
"13057","5","81392","77","0","2024","4","",4,5,5,5,125506,0,0,1931,"",0.48,0.12,0.12,0.12,0.14,0.00,0.00,1.22,"N",1,33.3,0,0,0,0,0,0,0,0,0,0,0,0,0,0
"13057","5","813920","78","0","2024","4","",4,5,5,5,125506,0,0,1931,"",0.48,0.12,0.12,0.12,0.14,0.00,0.00,1.22,"N",1,33.3,0,0,0,0,0,0,0,0,0,0,0,0,0,0
"13057","5","81393","77","0","2024","4","N",1,0,0,0,0,0,0,0,"N",0.12,0,0,0,0,0,0,0,"N",1,100.0,0,0,0,0,0,0,0,0,0,0,0,0,0,0
"13057","5","813930","78","0","2024","4","N",1,0,0,0,0,0,0,0,"N",0.12,0,0,0,0,0,0,0,"N",1,100.0,0,0,0,0,0,0,0,0,0,0,0,0,0,0
"13057","5","81394","77","0","2024","4","N",3,0,0,0,0,0,0,0,"N",1.18,0,0,0,0,0,0,0,"N",1,50.0,0,0,0,0,0,0,0,0,0,0,0,0,0,0
"13057","5","813940","78","0","2024","4","N",3,0,0,0,0,0,0,0,"N",1.18,0,0,0,0,0,0,0,"N",1,50.0,0,0,0,0,0,0,0,0,0,0,0,0,0,0
"13057","5","81399","77","0","2024","4","N",4,0,0,0,0,0,0,0,"N",0.39,0,0,0,0,0,0,0,"N",0,0.0,0,0,0,0,0,0,0,0,0,0,0,0,0,0
"13057","5","813990","78","0","2024","4","N",4,0,0,0,0,0,0,0,"N",0.39,0,0,0,0,0,0,0,"N",0,0.0,0,0,0,0,0,0,0,0,0,0,0,0,0,0
"13057","5","814","75","0","2024","4","",45,28,28,31,510808,65201,1726,1355,"",0.35,0.28,0.28,0.31,0.60,0.49,0.97,2.09,"",18,66.7,17,154.5,14,100.0,17,121.4,267876,110.3,8865,15.7,316,22.4,-82,-5.7
"13057","5","8141","76","0","2024","4","",45,28,28,31,510808,65201,1726,1355,"",0.35,0.28,0.28,0.31,0.60,0.49,0.97,2.09,"",18,66.7,17,154.5,14,100.0,17,121.4,267876,110.3,8865,15.7,316,22.4,-82,-5.7
"13057","5","81411","77","0","2024","4","",45,28,28,31,510808,65201,1726,1355,"",0.35,0.28,0.28,0.31,0.60,0.49,0.97,2.09,"",18,66.7,17,154.5,14,100.0,17,121.4,267876,110.3,8865,15.7,316,22.4,-82,-5.7
"13057","5","814110","78","0","2024","4","",45,28,28,31,510808,65201,1726,1355,"",0.35,0.28,0.28,0.31,0.60,0.49,0.97,2.09,"",18,66.7,17,154.5,14,100.0,17,121.4,267876,110.3,8865,15.7,316,22.4,-82,-5.7
"13057","5","99","74","0","2024","4","",629,323,328,346,7126337,901152,22305,1649,"",3.33,3.03,2.98,3.07,3.85,3.29,3.87,1.27,"",-476,-43.1,-275,-46.0,-278,-45.9,-296,-46.1,-7822372,-52.3,-825462,-47.8,-21611,-49.2,-220,-11.8
"13057","5","999","75","0","2024","4","",629,323,328,346,7126337,901152,22305,1649,"",3.33,3.03,2.98,3.07,3.85,3.29,3.87,1.27,"",-476,-43.1,-275,-46.0,-278,-45.9,-296,-46.1,-7822372,-52.3,-825462,-47.8,-21611,-49.2,-220,-11.8
"13057","5","9999","76","0","2024","4","",629,323,328,346,7126337,901152,22305,1649,"",3.33,3.03,2.98,3.07,3.85,3.29,3.87,1.27,"",-476,-43.1,-275,-46.0,-278,-45.9,-296,-46.1,-7822372,-52.3,-825462,-47.8,-21611,-49.2,-220,-11.8
"13057","5","99999","77","0","2024","4","",629,323,328,346,7126337,901152,22305,1649,"",3.33,3.03,2.98,3.07,3.85,3.29,3.87,1.27,"",-476,-43.1,-275,-46.0,-278,-45.9,-296,-46.1,-7822372,-52.3,-825462,-47.8,-21611,-49.2,-220,-11.8
"13057","5","999999","78","0","2024","4","",629,323,328,346,7126337,901152,22305,1649,"",3.33,3.03,2.98,3.07,3.85,3.29,3.87,1.27,"",-476,-43.1,-275,-46.0,-278,-45.9,-296,-46.1,-7822372,-52.3,-825462,-47.8,-21611,-49.2,-220,-11.8
