"area_fips","own_code","industry_code","agglvl_code","size_code","year","qtr","disclosure_code","qtrly_estabs","month1_emplvl","month2_emplvl","month3_emplvl","total_qtrly_wages","taxable_qtrly_wages","qtrly_contributions","avg_wkly_wage","lq_disclosure_code","lq_qtrly_estabs","lq_month1_emplvl","lq_month2_emplvl","lq_month3_emplvl","lq_total_qtrly_wages","lq_taxable_qtrly_wages","lq_qtrly_contributions","lq_avg_wkly_wage","oty_disclosure_code","oty_qtrly_estabs_chg","oty_qtrly_estabs_pct_chg","oty_month1_emplvl_chg","oty_month1_emplvl_pct_chg","oty_month2_emplvl_chg","oty_month2_emplvl_pct_chg","oty_month3_emplvl_chg","oty_month3_emplvl_pct_chg","oty_total_qtrly_wages_chg","oty_total_qtrly_wages_pct_chg","oty_taxable_qtrly_wages_chg","oty_taxable_qtrly_wages_pct_chg","oty_qtrly_contributions_chg","oty_qtrly_contributions_pct_chg","oty_avg_wkly_wage_chg","oty_avg_wkly_wage_pct_chg"
"13097","0","10","70","0","2024","4","",3529,50827,51252,51769,800480439,61293104,737883,1201,"",1.00,1.00,1.00,1.00,1.00,1.00,1.00,1.00,"",-66,-1.8,176,0.3,-277,-0.5,27,0.1,52621182,7.0,-5356936,-8.0,131617,21.7,80,7.1
"13097","1","10","71","0","2024","4","",9,261,259,256,4935335,0,0,1468,"",0.51,0.27,0.26,0.26,0.25,0.00,0.00,0.97,"",-1,-10.0,-32,-10.9,-21,-7.5,-33,-11.4,-654238,-11.7,0,0.0,0,0.0,-28,-1.9
"13097","1","102","72","0","2024","4","",9,261,259,256,4935335,0,0,1468,"",0.51,0.27,0.27,0.26,0.26,0.00,0.00,0.97,"",-1,-10.0,-32,-10.9,-21,-7.5,-33,-11.4,-654238,-11.7,0,0.0,0,0.0,-28,-1.9
"13097","1","1021","73","0","2024","4","",4,159,158,154,2119759,0,0,1039,"",0.45,0.73,0.72,0.69,0.69,0.00,0.00,0.97,"",0,0.0,-16,-9.1,-6,-3.7,-10,-6.1,-258984,-10.9,0,0.0,0,0.0,-52,-4.8
"13097","1","1028","73","0","2024","4","",5,102,101,102,2815576,0,0,2130,"",0.70,0.19,0.18,0.18,0.23,0.00,0.00,1.26,"",-1,-16.7,-16,-13.6,-15,-12.9,-23,-18.4,-395254,-12.3,0,0.0,0,0.0,66,3.2
"13097","1","48-49","74","0","2024","4","",4,159,158,154,2119759,0,0,1039,"",0.46,0.79,0.78,0.75,0.75,0.00,0.00,0.97,"",0,0.0,-16,-9.1,-6,-3.7,-10,-6.1,-258984,-10.9,0,0.0,0,0.0,-52,-4.8
"13097","1","491","75","0","2024","4","",4,159,158,154,2119759,0,0,1039,"",0.47,0.81,0.80,0.77,0.79,0.00,0.00,1.00,"",0,0.0,-16,-9.1,-6,-3.7,-10,-6.1,-258984,-10.9,0,0.0,0,0.0,-52,-4.8
"13097","1","4911","76","0","2024","4","",4,159,158,154,2119759,0,0,1039,"",0.47,0.81,0.80,0.77,0.79,0.00,0.00,1.00,"",0,0.0,-16,-9.1,-6,-3.7,-10,-6.1,-258984,-10.9,0,0.0,0,0.0,-52,-4.8
"13097","1","49111","77","0","2024","4","",4,159,158,154,2119759,0,0,1039,"",0.47,0.81,0.80,0.77,0.79,0.00,0.00,1.00,"",0,0.0,-16,-9.1,-6,-3.7,-10,-6.1,-258984,-10.9,0,0.0,0,0.0,-52,-4.8
"13097","1","491110","78","0","2024","4","",4,159,158,154,2119759,0,0,1039,"",0.47,0.81,0.80,0.77,0.79,0.00,0.00,1.00,"",0,0.0,-16,-9.1,-6,-3.7,-10,-6.1,-258984,-10.9,0,0.0,0,0.0,-52,-4.8
"13097","1","92","74","0","2024","4","",5,102,101,102,2815576,0,0,2130,"",0.70,0.19,0.18,0.18,0.23,0.00,0.00,1.26,"",-1,-16.7,-16,-13.6,-15,-12.9,-23,-18.4,-395254,-12.3,0,0.0,0,0.0,66,3.2
"13097","1","921","75","0","2024","4","",2,36,37,37,1235768,0,0,2593,"",3.86,0.66,0.67,0.66,1.10,0.00,0.00,1.66,"",0,0.0,-3,-7.7,-2,-5.1,-1,-2.6,-67968,-5.2,0,0.0,0,0.0,-1,0.0
"13097","1","9211","76","0","2024","4","",2,36,37,37,1235768,0,0,2593,"",3.86,0.66,0.67,0.66,1.10,0.00,0.00,1.66,"",0,0.0,-3,-7.7,-2,-5.1,-1,-2.6,-67968,-5.2,0,0.0,0,0.0,-1,0.0
"13097","1","92113","77","0","2024","4","",1,22,23,23,804616,0,0,2731,"",5.97,0.59,0.62,0.60,1.09,0.00,0.00,1.80,"",0,0.0,-4,-15.4,-3,-11.5,-1,-4.2,-118110,-12.8,0,0.0,0,0.0,-71,-2.5
"13097","1","921130","78","0","2024","4","",1,22,23,23,804616,0,0,2731,"",5.97,0.59,0.62,0.60,1.09,0.00,0.00,1.80,"",0,0.0,-4,-15.4,-3,-11.5,-1,-4.2,-118110,-12.8,0,0.0,0,0.0,-71,-2.5
"13097","1","92119","77","0","2024","4","",1,14,14,14,431152,0,0,2369,"",2.88,1.28,1.27,1.26,1.73,0.00,0.00,1.36,"",0,0.0,1,7.7,1,7.7,0,0.0,50142,13.2,0,0.0,0,0.0,171,7.8
"13097","1","921190","78","0","2024","4","",1,14,14,14,431152,0,0,2369,"",2.88,1.28,1.27,1.26,1.73,0.00,0.00,1.36,"",0,0.0,1,7.7,1,7.7,0,0.0,50142,13.2,0,0.0,0,0.0,171,7.8
"13097","1","922","75","0","2024","4","",1,24,24,26,578741,0,0,1805,"",0.99,0.27,0.27,0.28,0.26,0.00,0.00,0.96,"",0,0.0,9,60.0,12,100.0,6,30.0,208791,56.4,0,0.0,0,0.0,-11,-0.6
"13097","1","9221","76","0","2024","4","",1,24,24,26,578741,0,0,1805,"",0.99,0.27,0.27,0.28,0.26,0.00,0.00,0.96,"",0,0.0,9,60.0,12,100.0,6,30.0,208791,56.4,0,0.0,0,0.0,-11,-0.6
"13097","1","92219","77","0","2024","4","",1,24,24,26,578741,0,0,1805,"",6.04,2.11,2.07,2.20,2.02,0.00,0.00,0.95,"",0,0.0,9,60.0,12,100.0,6,30.0,208791,56.4,0,0.0,0,0.0,-11,-0.6
"13097","1","922190","78","0","2024","4","",1,24,24,26,578741,0,0,1805,"",6.04,2.11,2.07,2.20,2.02,0.00,0.00,0.95,"",0,0.0,9,60.0,12,100.0,6,30.0,208791,56.4,0,0.0,0,0.0,-11,-0.6
"13097","1","923","75","0","2024","4","",1,27,27,26,748149,0,0,2158,"",1.28,0.34,0.34,0.32,0.41,0.00,0.00,1.24,"",0,0.0,-21,-43.8,-22,-44.9,-23,-46.9,-543783,-42.1,0,0.0,0,0.0,116,5.7
"13097","1","9231","76","0","2024","4","",1,27,27,26,748149,0,0,2158,"",1.28,0.34,0.34,0.32,0.41,0.00,0.00,1.24,"",0,0.0,-21,-43.8,-22,-44.9,-23,-46.9,-543783,-42.1,0,0.0,0,0.0,116,5.7
"13097","1","92312","77","0","2024","4","",1,27,27,26,748149,0,0,2158,"",4.29,1.27,1.27,1.20,1.35,0.00,0.00,1.08,"",0,0.0,-21,-43.8,-22,-44.9,-23,-46.9,-543783,-42.1,0,0.0,0,0.0,116,5.7
"13097","1","923120","78","0","2024","4","",1,27,27,26,748149,0,0,2158,"",4.29,1.27,1.27,1.20,1.35,0.00,0.00,1.08,"",0,0.0,-21,-43.8,-22,-44.9,-23,-46.9,-543783,-42.1,0,0.0,0,0.0,116,5.7
"13097","1","926","75","0","2024","4","",1,15,13,13,252918,0,0,1424,"",0.40,0.18,0.15,0.15,0.12,0.00,0.00,0.76,"",0,0.0,-1,-6.2,-3,-18.8,-5,-27.8,7706,3.1,0,0.0,0,0.0,292,25.8
"13097","1","9261","76","0","2024","4","",1,15,13,13,252918,0,0,1424,"",0.40,0.18,0.15,0.15,0.12,0.00,0.00,0.76,"",0,0.0,-1,-6.2,-3,-18.8,-5,-27.8,7706,3.1,0,0.0,0,0.0,292,25.8
"13097","1","92611","77","0","2024","4","",1,15,13,13,252918,0,0,1424,"",1.01,0.94,0.80,0.79,0.65,0.00,0.00,0.77,"",0,0.0,-1,-6.2,-3,-18.8,-5,-27.8,7706,3.1,0,0.0,0,0.0,292,25.8
"13097","1","926110","78","0","2024","4","",1,15,13,13,252918,0,0,1424,"",1.01,0.94,0.80,0.79,0.65,0.00,0.00,0.77,"",0,0.0,-1,-6.2,-3,-18.8,-5,-27.8,7706,3.1,0,0.0,0,0.0,292,25.8
"13097","2","10","71","0","2024","4","",18,306,315,311,3527382,0,0,873,"",0.85,0.19,0.20,0.19,0.13,0.00,0.00,0.69,"",0,0.0,35,12.9,40,14.5,29,10.3,598215,20.4,0,0.0,0,0.0,57,7.0
"13097","2","102","72","0","2024","4","",18,306,315,311,3527382,0,0,873,"",0.87,0.20,0.20,0.19,0.13,0.00,0.00,0.68,"",0,0.0,35,12.9,40,14.5,29,10.3,598215,20.4,0,0.0,0,0.0,57,7.0
"13097","2","1021","73","0","2024","4","",1,0,0,0,0,0,0,0,"",3.59,0.00,0.00,0.00,0.00,0.00,0.00,0.00,"",0,0.0,0,0.0,0,0.0,0,0.0,0,0.0,0,0.0,0,0.0,0,0.0
"13097","2","1025","73","0","2024","4","",5,208,208,208,2242305,0,0,829,"",1.11,0.23,0.23,0.22,0.15,0.00,0.00,0.65,"",-1,-16.7,6,3.0,2,1.0,-1,-0.5,109548,5.1,0,0.0,0,0.0,31,3.9
"13097","2","1027","73","0","2024","4","",1,10,10,7,96346,0,0,823,"",19.75,6.34,6.24,4.32,5.57,0.00,0.00,0.99,"",0,0.0,0,0.0,-1,-9.1,-4,-36.4,-20751,-17.7,0,0.0,0,0.0,-21,-2.5
"13097","2","1028","73","0","2024","4","",11,88,97,96,1188731,0,0,976,"",0.73,0.14,0.16,0.15,0.11,0.00,0.00,0.75,"",1,10.0,29,49.2,39,67.2,34,54.8,509418,75.0,0,0.0,0,0.0,100,11.4
"13097","2","48-49","74","0","2024","4","",1,0,0,0,0,0,0,0,"",7.43,0.00,0.00,0.00,0.00,0.00,0.00,0.00,"",0,0.0,0,0.0,0,0.0,0,0.0,0,0.0,0,0.0,0,0.0,0,0.0
"13097","2","488","75","0","2024","4","",1,0,0,0,0,0,0,0,"",9.29,0.00,0.00,0.00,0.00,0.00,0.00,0.00,"",0,0.0,0,0.0,0,0.0,0,0.0,0,0.0,0,0.0,0,0.0,0,0.0
"13097","2","4881","76","0","2024","4","",1,0,0,0,0,0,0,0,"",20.45,0.00,0.00,0.00,0.00,0.00,0.00,0.00,"",0,0.0,0,0.0,0,0.0,0,0.0,0,0.0,0,0.0,0,0.0,0,0.0
"13097","2","48811","77","0","2024","4","",1,0,0,0,0,0,0,0,"N",20.57,0,0,0,0,0,0,0,"",0,0.0,0,0.0,0,0.0,0,0.0,0,0.0,0,0.0,0,0.0,0,0.0
"13097","2","488111","78","0","2024","4","",1,0,0,0,0,0,0,0,"",21.60,0.00,0.00,0.00,0.00,0.00,0.00,0.00,"",0,0.0,0,0.0,0,0.0,0,0.0,0,0.0,0,0.0,0,0.0,0,0.0
"13097","2","61","74","0","2024","4","",2,132,131,132,1176610,0,0,687,"",0.81,0.19,0.19,0.19,0.11,0.00,0.00,0.56,"",0,0.0,-2,-1.5,-3,-2.2,-3,-2.2,52371,4.7,0,0.0,0,0.0,43,6.7
"13097","2","611","75","0","2024","4","",2,132,131,132,1176610,0,0,687,"",0.81,0.19,0.19,0.19,0.11,0.00,0.00,0.56,"",0,0.0,-2,-1.5,-3,-2.2,-3,-2.2,52371,4.7,0,0.0,0,0.0,43,6.7
"13097","2","6113","76","0","2024","4","",1,28,28,28,314447,0,0,864,"",0.55,0.05,0.05,0.05,0.03,0.00,0.00,0.66,"",0,0.0,-1,-3.4,0,0.0,0,0.0,-7809,-2.4,0,0.0,0,0.0,-11,-1.3
"13097","2","61131","77","0","2024","4","",1,28,28,28,314447,0,0,864,"",0.55,0.05,0.05,0.05,0.03,0.00,0.00,0.66,"",0,0.0,-1,-3.4,0,0.0,0,0.0,-7809,-2.4,0,0.0,0,0.0,-11,-1.3
"13097","2","611310","78","0","2024","4","",1,28,28,28,314447,0,0,864,"",0.55,0.05,0.05,0.05,0.03,0.00,0.00,0.66,"",0,0.0,-1,-3.4,0,0.0,0,0.0,-7809,-2.4,0,0.0,0,0.0,-11,-1.3
"13097","2","6115","76","0","2024","4","",1,104,103,104,862163,0,0,640,"",12.66,26.66,26.00,26.61,24.81,0.00,0.00,0.94,"",0,0.0,-1,-1.0,-3,-2.8,-3,-2.8,60180,7.5,0,0.0,0,0.0,58,10.0
"13097","2","61151","77","0","2024","4","",1,104,103,104,862163,0,0,640,"",12.66,26.66,26.00,26.61,24.81,0.00,0.00,0.94,"",0,0.0,-1,-1.0,-3,-2.8,-3,-2.8,60180,7.5,0,0.0,0,0.0,58,10.0
"13097","2","611519","78","0","2024","4","",1,104,103,104,862163,0,0,640,"",12.95,27.60,26.92,27.58,25.87,0.00,0.00,0.95,"",0,0.0,-1,-1.0,-3,-2.8,-3,-2.8,60180,7.5,0,0.0,0,0.0,58,10.0
"13097","2","62","74","0","2024","4","",3,76,77,76,1065695,0,0,1074,"",1.48,0.33,0.33,0.33,0.26,0.00,0.00,0.79,"",-1,-25.0,8,11.8,5,6.9,2,2.7,57177,5.7,0,0.0,0,0.0,-14,-1.3
"13097","2","621","75","0","2024","4","",3,76,77,76,1065695,0,0,1074,"",8.55,5.57,5.60,5.47,5.16,0.00,0.00,0.93,"",-1,-25.0,8,11.8,5,6.9,2,2.7,57177,5.7,0,0.0,0,0.0,-14,-1.3
"13097","2","6214","76","0","2024","4","",3,76,77,76,1065695,0,0,1074,"",11.64,10.10,10.14,9.93,10.14,0.00,0.00,1.01,"",-1,-25.0,8,11.8,5,6.9,2,2.7,57177,5.7,0,0.0,0,0.0,-14,-1.3
"13097","2","62149","77","0","2024","4","",3,76,77,76,1065695,0,0,1074,"",28.49,23.68,23.77,23.27,22.86,0.00,0.00,0.97,"",0,0.0,8,11.8,5,6.9,2,2.7,57177,5.7,0,0.0,0,0.0,-14,-1.3
"13097","2","621498","78","0","2024","4","",3,76,77,76,1065695,0,0,1074,"N",33.02,0,0,0,0,0,0,0,"",0,0.0,8,11.8,5,6.9,2,2.7,57177,5.7,0,0.0,0,0.0,-14,-1.3
"13097","2","81","74","0","2024","4","",1,10,10,7,96346,0,0,823,"",19.75,6.34,6.24,4.32,5.57,0.00,0.00,0.99,"",0,0.0,0,0.0,-1,-9.1,-4,-36.4,-20751,-17.7,0,0.0,0,0.0,-21,-2.5
"13097","2","813","75","0","2024","4","",1,10,10,7,96346,0,0,823,"",24.87,7.37,7.30,5.03,6.91,0.00,0.00,1.05,"",0,0.0,0,0.0,-1,-9.1,-4,-36.4,-20751,-17.7,0,0.0,0,0.0,-21,-2.5
"13097","2","8133","76","0","2024","4","",1,10,10,7,96346,0,0,823,"N",36.00,0,0,0,0,0,0,0,"",0,0.0,0,0.0,-1,-9.1,-4,-36.4,-20751,-17.7,0,0.0,0,0.0,-21,-2.5
"13097","2","81331","77","0","2024","4","",1,10,10,7,96346,0,0,823,"N",36.00,0,0,0,0,0,0,0,"",0,0.0,0,0.0,-1,-9.1,-4,-36.4,-20751,-17.7,0,0.0,0,0.0,-21,-2.5
"13097","2","813319","78","0","2024","4","",1,10,10,7,96346,0,0,823,"",38.84,24.85,24.45,16.89,21.40,0.00,0.00,0.97,"",0,0.0,0,0.0,-1,-9.1,-4,-36.4,-20751,-17.7,0,0.0,0,0.0,-21,-2.5
"13097","2","92","74","0","2024","4","",11,88,97,96,1188731,0,0,976,"",0.73,0.14,0.16,0.15,0.11,0.00,0.00,0.75,"",1,10.0,29,49.2,39,67.2,34,54.8,509418,75.0,0,0.0,0,0.0,100,11.4
"13097","2","921","75","0","2024","4","",2,6,8,7,122668,0,0,1348,"",1.04,0.08,0.10,0.09,0.08,0.00,0.00,0.96,"",0,0.0,1,20.0,3,60.0,1,16.7,46308,60.6,0,0.0,0,0.0,247,22.4
"13097","2","9211","76","0","2024","4","",2,6,8,7,122668,0,0,1348,"",1.04,0.08,0.10,0.09,0.08,0.00,0.00,0.96,"",0,0.0,1,20.0,3,60.0,1,16.7,46308,60.6,0,0.0,0,0.0,247,22.4
"13097","2","92113","77","0","2024","4","",1,2,3,3,45369,0,0,1309,"",1.38,0.06,0.09,0.09,0.07,0.00,0.00,0.93,"",0,0.0,0,0.0,1,50.0,1,50.0,14015,44.7,0,0.0,0,0.0,103,8.5
"13097","2","921130","78","0","2024","4","",1,2,3,3,45369,0,0,1309,"",1.38,0.06,0.09,0.09,0.07,0.00,0.00,0.93,"",0,0.0,0,0.0,1,50.0,1,50.0,14015,44.7,0,0.0,0,0.0,103,8.5
"13097","2","92119","77","0","2024","4","",1,4,5,4,77299,0,0,1372,"",1.17,0.13,0.16,0.13,0.13,0.00,0.00,0.94,"",0,0.0,1,33.3,2,66.7,0,0.0,32293,71.8,0,0.0,0,0.0,333,32.1
"13097","2","921190","78","0","2024","4","",1,4,5,4,77299,0,0,1372,"",1.17,0.13,0.16,0.13,0.13,0.00,0.00,0.94,"",0,0.0,1,33.3,2,66.7,0,0.0,32293,71.8,0,0.0,0,0.0,333,32.1
"13097","2","922","75","0","2024","4","",5,38,38,39,703086,0,0,1411,"",1.17,0.17,0.17,0.17,0.18,0.00,0.00,1.05,"",1,25.0,16,72.7,15,65.2,16,69.6,287254,69.1,0,0.0,0,0.0,0,0.0
"13097","2","9221","76","0","2024","4","",5,38,38,39,703086,0,0,1411,"",1.17,0.17,0.17,0.17,0.18,0.00,0.00,1.05,"",1,25.0,16,72.7,15,65.2,16,69.6,287254,69.1,0,0.0,0,0.0,0,0.0
"13097","2","92211","77","0","2024","4","",1,10,9,10,178687,0,0,1422,"",0.86,0.29,0.26,0.29,0.29,0.00,0.00,1.05,"",0,0.0,1,11.1,-1,-10.0,0,0.0,3626,2.1,0,0.0,0,0.0,29,2.1
"13097","2","922110","78","0","2024","4","",1,10,9,10,178687,0,0,1422,"",0.86,0.29,0.26,0.29,0.29,0.00,0.00,1.05,"",0,0.0,1,11.1,-1,-10.0,0,0.0,3626,2.1,0,0.0,0,0.0,29,2.1
"13097","2","92212","77","0","2024","4","",2,14,15,15,238513,0,0,1251,"",2.66,0.40,0.43,0.42,0.32,0.00,0.00,0.76,"",1,100.0,14,100.0,15,100.0,15,100.0,238513,100.0,0,0.0,0,0.0,1251,100.0
"13097","2","922120","78","0","2024","4","",2,14,15,15,238513,0,0,1251,"",2.66,0.40,0.43,0.42,0.32,0.00,0.00,0.76,"",1,100.0,14,100.0,15,100.0,15,100.0,238513,100.0,0,0.0,0,0.0,1251,100.0
"13097","2","92213","77","0","2024","4","",1,12,12,12,265208,0,0,1700,"",1.65,0.58,0.58,0.57,0.70,0.00,0.00,1.21,"",0,0.0,1,9.1,1,9.1,1,9.1,44031,19.9,0,0.0,0,0.0,153,9.9
"13097","2","922130","78","0","2024","4","",1,12,12,12,265208,0,0,1700,"",1.65,0.58,0.58,0.57,0.70,0.00,0.00,1.21,"",0,0.0,1,9.1,1,9.1,1,9.1,44031,19.9,0,0.0,0,0.0,153,9.9
"13097","2","92215","77","0","2024","4","",1,2,2,2,20678,0,0,795,"",3.65,0.30,0.30,0.29,0.20,0.00,0.00,0.69,"",0,0.0,0,0.0,0,0.0,0,0.0,1084,5.5,0,0.0,0,0.0,41,5.4
"13097","2","922150","78","0","2024","4","",1,2,2,2,20678,0,0,795,"",3.65,0.30,0.30,0.29,0.20,0.00,0.00,0.69,"",0,0.0,0,0.0,0,0.0,0,0.0,1084,5.5,0,0.0,0,0.0,41,5.4
"13097","2","923","75","0","2024","4","",1,9,10,9,96852,0,0,798,"",0.31,0.06,0.07,0.06,0.04,0.00,0.00,0.66,"",-1,-50.0,1,12.5,2,25.0,1,12.5,23694,32.4,0,0.0,0,0.0,95,13.5
"13097","2","9231","76","0","2024","4","",1,9,10,9,96852,0,0,798,"",0.31,0.06,0.07,0.06,0.04,0.00,0.00,0.66,"",-1,-50.0,1,12.5,2,25.0,1,12.5,23694,32.4,0,0.0,0,0.0,95,13.5
"13097","2","92312","77","0","2024","4","",1,9,10,9,96852,0,0,798,"",0.95,0.19,0.21,0.19,0.12,0.00,0.00,0.63,"",-1,-50.0,1,12.5,2,25.0,1,12.5,23694,32.4,0,0.0,0,0.0,95,13.5
"13097","2","923120","78","0","2024","4","",1,9,10,9,96852,0,0,798,"",0.95,0.19,0.21,0.19,0.12,0.00,0.00,0.63,"",-1,-50.0,1,12.5,2,25.0,1,12.5,23694,32.4,0,0.0,0,0.0,95,13.5
"13097","2","924","75","0","2024","4","",1,20,24,24,122262,0,0,415,"",0.49,0.38,0.47,0.47,0.15,0.00,0.00,0.34,"",0,0.0,-4,-16.7,2,9.1,-1,-4.0,8299,7.3,0,0.0,0,0.0,45,12.2
"13097","2","9241","76","0","2024","4","",1,20,24,24,122262,0,0,415,"",0.49,0.38,0.47,0.47,0.15,0.00,0.00,0.34,"",0,0.0,-4,-16.7,2,9.1,-1,-4.0,8299,7.3,0,0.0,0,0.0,45,12.2
"13097","2","92412","77","0","2024","4","",1,20,24,24,122262,0,0,415,"",0.61,0.53,0.66,0.66,0.23,0.00,0.00,0.37,"",0,0.0,-4,-16.7,2,9.1,-1,-4.0,8299,7.3,0,0.0,0,0.0,45,12.2
"13097","2","924120","78","0","2024","4","",1,20,24,24,122262,0,0,415,"",0.61,0.53,0.66,0.66,0.23,0.00,0.00,0.37,"",0,0.0,-4,-16.7,2,9.1,-1,-4.0,8299,7.3,0,0.0,0,0.0,45,12.2
"13097","2","926","75","0","2024","4","",2,15,17,17,143863,0,0,678,"",0.62,0.15,0.16,0.16,0.08,0.00,0.00,0.53,"",1,100.0,15,100.0,17,100.0,17,100.0,143863,100.0,0,0.0,0,0.0,678,100.0
"13097","2","9261","76","0","2024","4","",2,15,17,17,143863,0,0,678,"",0.62,0.15,0.16,0.16,0.08,0.00,0.00,0.53,"",1,100.0,15,100.0,17,100.0,17,100.0,143863,100.0,0,0.0,0,0.0,678,100.0
"13097","2","92612","77","0","2024","4","",1,13,15,15,132046,0,0,709,"",0.86,0.22,0.25,0.24,0.13,0.00,0.00,0.54,"N",1,100.0,0,0,0,0,0,0,0,0,0,0,0,0,0,0
"13097","2","926120","78","0","2024","4","",1,13,15,15,132046,0,0,709,"",0.86,0.22,0.25,0.24,0.13,0.00,0.00,0.54,"N",1,100.0,0,0,0,0,0,0,0,0,0,0,0,0,0,0
"13097","2","92614","77","0","2024","4","",1,2,2,2,11817,0,0,455,"",1.12,0.18,0.17,0.18,0.08,0.00,0.00,0.46,"",0,0.0,2,100.0,2,100.0,2,100.0,11817,100.0,0,0.0,0,0.0,455,100.0
"13097","2","926140","78","0","2024","4","",1,2,2,2,11817,0,0,455,"",1.12,0.18,0.17,0.18,0.08,0.00,0.00,0.46,"",0,0.0,2,100.0,2,100.0,2,100.0,11817,100.0,0,0.0,0,0.0,455,100.0
"13097","3","10","71","0","2024","4","",47,5169,5120,5115,81943811,61178,24,1228,"",0.94,1.06,1.04,1.03,1.25,0.04,0.01,1.20,"",2,4.4,32,0.6,1,0.0,-24,-0.5,3717634,4.8,3609,6.3,-114,-82.6,55,4.7
"13097","3","102","72","0","2024","4","",47,5169,5120,5115,81943811,61178,24,1228,"",0.97,1.07,1.04,1.04,1.26,0.04,0.01,1.20,"",2,4.4,32,0.6,1,0.0,-24,-0.5,3717634,4.8,3609,6.3,-114,-82.6,55,4.7
"13097","3","1025","73","0","2024","4","",42,3234,3223,3228,50551797,0,0,1205,"",1.97,1.07,1.05,1.05,1.34,0.00,0.00,1.27,"",2,5.0,-96,-2.9,-87,-2.6,-97,-2.9,1889794,3.9,0,0.0,0,0.0,78,6.9
"13097","3","1028","73","0","2024","4","",5,1935,1897,1887,31392014,61178,24,1267,"",0.27,1.38,1.33,1.33,1.45,0.11,0.01,1.08,"",0,0.0,128,7.1,88,4.9,73,4.0,1827840,6.2,3609,6.3,-114,-82.6,11,0.9
"13097","3","61","74","0","2024","4","",42,3234,3223,3228,50551797,0,0,1205,"",2.19,1.19,1.17,1.17,1.54,0.00,0.00,1.30,"",2,5.0,-96,-2.9,-87,-2.6,-97,-2.9,1889794,3.9,0,0.0,0,0.0,78,6.9
"13097","3","611","75","0","2024","4","",42,3234,3223,3228,50551797,0,0,1205,"",2.19,1.19,1.17,1.17,1.54,0.00,0.00,1.30,"",2,5.0,-96,-2.9,-87,-2.6,-97,-2.9,1889794,3.9,0,0.0,0,0.0,78,6.9
"13097","3","6111","76","0","2024","4","",42,3234,3223,3228,50551797,0,0,1205,"",2.29,1.28,1.26,1.25,1.65,0.00,0.00,1.30,"",2,5.0,-96,-2.9,-87,-2.6,-97,-2.9,1889794,3.9,0,0.0,0,0.0,78,6.9
"13097","3","61111","77","0","2024","4","",42,3234,3223,3228,50551797,0,0,1205,"",2.29,1.28,1.26,1.25,1.65,0.00,0.00,1.30,"",2,5.0,-96,-2.9,-87,-2.6,-97,-2.9,1889794,3.9,0,0.0,0,0.0,78,6.9
"13097","3","611110","78","0","2024","4","",42,3234,3223,3228,50551797,0,0,1205,"",2.29,1.28,1.26,1.25,1.65,0.00,0.00,1.30,"",2,5.0,-96,-2.9,-87,-2.6,-97,-2.9,1889794,3.9,0,0.0,0,0.0,78,6.9
"13097","3","92","74","0","2024","4","",5,1935,1897,1887,31392014,61178,24,1267,"",0.27,1.38,1.33,1.33,1.45,0.11,0.01,1.08,"",0,0.0,128,7.1,88,4.9,73,4.0,1827840,6.2,3609,6.3,-114,-82.6,11,0.9
"13097","3","921","75","0","2024","4","",2,1717,1683,1668,27905397,0,0,1271,"",0.19,1.86,1.78,1.78,2.17,0.00,0.00,1.20,"",0,0.0,120,7.5,86,5.4,67,4.2,1621906,6.2,0,0.0,0,0.0,6,0.5
"13097","3","9211","76","0","2024","4","",2,1717,1683,1668,27905397,0,0,1271,"",0.19,1.86,1.78,1.78,2.17,0.00,0.00,1.20,"",0,0.0,120,7.5,86,5.4,67,4.2,1621906,6.2,0,0.0,0,0.0,6,0.5
"13097","3","92114","77","0","2024","4","",2,1717,1683,1668,27905397,0,0,1271,"",0.33,2.86,2.75,2.75,3.36,0.00,0.00,1.20,"",0,0.0,120,7.5,86,5.4,67,4.2,1621906,6.2,0,0.0,0,0.0,6,0.5
"13097","3","921140","78","0","2024","4","",2,1717,1683,1668,27905397,0,0,1271,"",0.33,2.86,2.75,2.75,3.36,0.00,0.00,1.20,"",0,0.0,120,7.5,86,5.4,67,4.2,1621906,6.2,0,0.0,0,0.0,6,0.5
"13097","3","924","75","0","2024","4","",1,205,205,206,3044788,52558,21,1141,"",0.82,6.04,6.06,6.05,6.22,5.85,0.41,1.03,"",0,0.0,7,3.5,5,2.5,6,3.0,139292,4.8,-5011,-8.7,-117,-84.8,20,1.8
"13097","3","9241","76","0","2024","4","",1,205,205,206,3044788,52558,21,1141,"",0.82,6.04,6.06,6.05,6.22,5.85,0.41,1.03,"",0,0.0,7,3.5,5,2.5,6,3.0,139292,4.8,-5011,-8.7,-117,-84.8,20,1.8
"13097","3","92411","77","0","2024","4","",1,205,205,206,3044788,52558,21,1141,"",2.06,10.33,10.28,10.22,8.58,16.27,1.54,0.84,"",0,0.0,7,3.5,5,2.5,6,3.0,139292,4.8,-5011,-8.7,-117,-84.8,20,1.8
"13097","3","924110","78","0","2024","4","",1,205,205,206,3044788,52558,21,1141,"",2.06,10.33,10.28,10.22,8.58,16.27,1.54,0.84,"",0,0.0,7,3.5,5,2.5,6,3.0,139292,4.8,-5011,-8.7,-117,-84.8,20,1.8
"13097","3","925","75","0","2024","4","",2,13,9,13,441829,8620,3,2913,"",1.86,0.47,0.32,0.46,1.10,0.27,0.02,2.63,"",0,0.0,1,8.3,-3,-25.0,0,0.0,66642,17.8,8620,100.0,3,100.0,573,24.5
"13097","3","9251","76","0","2024","4","",2,13,9,13,441829,8620,3,2913,"",1.86,0.47,0.32,0.46,1.10,0.27,0.02,2.63,"",0,0.0,1,8.3,-3,-25.0,0,0.0,66642,17.8,8620,100.0,3,100.0,573,24.5
"13097","3","92511","77","0","2024","4","",2,13,9,13,441829,8620,3,2913,"",2.89,0.78,0.53,0.76,1.73,0.34,0.03,2.52,"",0,0.0,1,8.3,-3,-25.0,0,0.0,66642,17.8,8620,100.0,3,100.0,573,24.5
"13097","3","925110","78","0","2024","4","",2,13,9,13,441829,8620,3,2913,"",2.89,0.78,0.53,0.76,1.73,0.34,0.03,2.52,"",0,0.0,1,8.3,-3,-25.0,0,0.0,66642,17.8,8620,100.0,3,100.0,573,24.5
"13097","5","10","71","0","2024","4","",3455,45091,45558,46087,710073911,61231926,737859,1198,"",1.00,1.04,1.04,1.04,1.03,1.03,1.01,0.99,"",-67,-1.9,141,0.3,-297,-0.6,55,0.1,48959571,7.4,-5360545,-8.0,131731,21.7,83,7.4
"13097","5","101","72","0","2024","4","",489,5979,6048,6087,120340270,5002489,68761,1533,"",1.13,0.80,0.81,0.82,0.93,0.49,0.43,1.14,"",37,8.2,-9,-0.2,98,1.6,94,1.6,14385461,13.6,-1548101,-23.6,-33280,-32.6,169,12.4
"13097","5","1011","73","0","2024","4","",4,68,69,66,1594175,26335,203,1812,"",0.10,0.11,0.12,0.12,0.18,0.02,0.01,1.55,"",0,0.0,-2,-2.9,-1,-1.4,-1,-1.5,253255,18.9,-20459,-43.7,-393,-65.9,317,21.2
"13097","5","1012","73","0","2024","4","",362,2760,2814,2833,58934073,3094163,54564,1618,"",1.32,1.02,1.04,1.05,1.22,0.68,0.61,1.17,"",37,11.4,215,8.4,303,12.1,269,10.5,12612601,27.2,-473958,-13.3,-10087,-15.6,215,15.3
"13097","5","1013","73","0","2024","4","",123,3151,3165,3188,59812022,1881991,13994,1452,"",1.06,0.77,0.76,0.76,0.82,0.43,0.28,1.08,"",0,0.0,-222,-6.6,-204,-6.1,-174,-5.2,1519605,2.6,-1053684,-35.9,-22800,-62.0,121,9.1
"13097","5","102","72","0","2024","4","",2966,39112,39510,40000,589733641,56229437,669098,1147,"",0.99,1.09,1.09,1.09,1.06,1.15,1.17,0.97,"",-104,-3.4,150,0.4,-395,-1.0,-39,-0.1,34574110,6.2,-3812444,-6.3,165011,32.7,70,6.5
"13097","5","1021","73","0","2024","4","",821,19225,19721,20083,324314652,26387344,364934,1268,"",1.38,2.05,2.06,2.06,2.66,1.92,2.56,1.29,"",46,5.9,96,0.5,-244,-1.2,23,0.1,16577754,5.4,-2579290,-8.9,137989,60.8,67,5.6
"13097","5","1022","73","0","2024","4","",51,373,373,375,11854600,193943,2268,2440,"",0.59,0.40,0.39,0.39,0.35,0.19,0.14,0.89,"",17,50.0,20,5.7,22,6.3,28,8.1,847855,7.7,-63690,-24.7,-735,-24.5,23,1.0
"13097","5","1023","73","0","2024","4","",269,1148,1151,1162,20329126,976594,11273,1355,"",0.86,0.40,0.40,0.40,0.29,0.32,0.33,0.71,"",17,6.7,82,7.7,85,8.0,93,8.7,2274596,12.6,198142,25.5,3997,54.9,53,4.1
"13097","5","1024","73","0","2024","4","",550,6301,6286,6422,89911798,14807434,134029,1092,"",0.75,0.85,0.85,0.86,0.55,1.30,0.87,0.65,"",74,15.5,12,0.2,-65,-1.0,-42,-0.6,8582067,10.6,950001,6.9,32164,31.6,110,11.2
"13097","5","1025","73","0","2024","4","",426,5545,5500,5477,94556974,4567646,46639,1321,"",0.65,0.66,0.65,0.64,0.83,0.53,0.49,1.28,"",32,8.1,37,0.7,-60,-1.1,-67,-1.2,5120274,5.7,-1872512,-29.1,-8131,-14.8,79,6.4
"13097","5","1026","73","0","2024","4","",328,5200,5155,5162,31858954,7527116,79224,474,"",1.15,0.96,0.96,0.94,0.83,0.83,0.76,0.87,"",8,2.5,-85,-1.6,-141,-2.7,-55,-1.1,1078221,3.5,-366422,-4.6,935,1.2,24,5.3
"13097","5","1027","73","0","2024","4","",267,1210,1217,1201,15117852,1600431,26787,962,"",1.04,0.79,0.79,0.78,0.90,0.77,1.10,1.14,"",27,11.2,112,10.2,120,10.9,87,7.8,1769920,13.3,193107,13.7,5970,28.7,31,3.3
"13097","5","1029","73","0","2024","4","",254,110,107,118,1789685,168929,3944,1233,"",3.12,1.51,1.43,1.52,1.31,0.72,0.77,0.88,"",-325,-56.1,-124,-53.0,-112,-51.1,-106,-47.3,-1676577,-48.4,-271780,-61.7,-7178,-64.5,51,4.3
"13097","5","11","74","0","2024","4","N",2,0,0,0,0,0,0,0,"N",0.06,0,0,0,0,0,0,0,"N",0,0.0,0,0,0,0,0,0,0,0,0,0,0,0,0,0
"13097","5","112","75","0","2024","4","N",1,0,0,0,0,0,0,0,"N",0.12,0,0,0,0,0,0,0,"N",0,0.0,0,0,0,0,0,0,0,0,0,0,0,0,0,0
"13097","5","1129","76","0","2024","4","N",1,0,0,0,0,0,0,0,"N",0.79,0,0,0,0,0,0,0,"N",0,0.0,0,0,0,0,0,0,0,0,0,0,0,0,0,0
"13097","5","11291","77","0","2024","4","N",1,0,0,0,0,0,0,0,"N",3.83,0,0,0,0,0,0,0,"N",0,0.0,0,0,0,0,0,0,0,0,0,0,0,0,0,0
"13097","5","112910","78","0","2024","4","N",1,0,0,0,0,0,0,0,"N",3.83,0,0,0,0,0,0,0,"N",0,0.0,0,0,0,0,0,0,0,0,0,0,0,0,0,0
"13097","5","113","75","0","2024","4","N",1,0,0,0,0,0,0,0,"N",0.40,0,0,0,0,0,0,0,"N",0,0.0,0,0,0,0,0,0,0,0,0,0,0,0,0,0
"13097","5","1133","76","0","2024","4","N",1,0,0,0,0,0,0,0,"N",0.45,0,0,0,0,0,0,0,"N",0,0.0,0,0,0,0,0,0,0,0,0,0,0,0,0,0
"13097","5","11331","77","0","2024","4","N",1,0,0,0,0,0,0,0,"N",0.45,0,0,0,0,0,0,0,"N",0,0.0,0,0,0,0,0,0,0,0,0,0,0,0,0,0
"13097","5","113310","78","0","2024","4","N",1,0,0,0,0,0,0,0,"N",0.45,0,0,0,0,0,0,0,"N",0,0.0,0,0,0,0,0,0,0,0,0,0,0,0,0,0
"13097","5","21","74","0","2024","4","N",2,0,0,0,0,0,0,0,"N",0.23,0,0,0,0,0,0,0,"N",0,0.0,0,0,0,0,0,0,0,0,0,0,0,0,0,0
"13097","5","212","75","0","2024","4","N",2,0,0,0,0,0,0,0,"N",0.94,0,0,0,0,0,0,0,"N",0,0.0,0,0,0,0,0,0,0,0,0,0,0,0,0,0
"13097","5","2123","76","0","2024","4","N",2,0,0,0,0,0,0,0,"N",1.13,0,0,0,0,0,0,0,"N",0,0.0,0,0,0,0,0,0,0,0,0,0,0,0,0,0
"13097","5","21231","77","0","2024","4","N",2,0,0,0,0,0,0,0,"N",2.72,0,0,0,0,0,0,0,"N",0,0.0,0,0,0,0,0,0,0,0,0,0,0,0,0,0
"13097","5","212312","78","0","2024","4","N",1,0,0,0,0,0,0,0,"N",2.98,0,0,0,0,0,0,0,"N",0,0.0,0,0,0,0,0,0,0,0,0,0,0,0,0,0
"13097","5","212313","78","0","2024","4","N",1,0,0,0,0,0,0,0,"N",11.56,0,0,0,0,0,0,0,"N",0,0.0,0,0,0,0,0,0,0,0,0,0,0,0,0,0
"13097","5","22","74","0","2024","4","N",2,0,0,0,0,0,0,0,"N",0.28,0,0,0,0,0,0,0,"N",0,0.0,0,0,0,0,0,0,0,0,0,0,0,0,0,0
"13097","5","221","75","0","2024","4","N",2,0,0,0,0,0,0,0,"N",0.28,0,0,0,0,0,0,0,"N",0,0.0,0,0,0,0,0,0,0,0,0,0,0,0,0,0
"13097","5","2211","76","0","2024","4","N",2,0,0,0,0,0,0,0,"N",0.48,0,0,0,0,0,0,0,"N",0,0.0,0,0,0,0,0,0,0,0,0,0,0,0,0,0
"13097","5","22111","77","0","2024","4","N",1,0,0,0,0,0,0,0,"N",0.48,0,0,0,0,0,0,0,"N",0,0.0,0,0,0,0,0,0,0,0,0,0,0,0,0,0
"13097","5","221111","78","0","2024","4","N",1,0,0,0,0,0,0,0,"N",5.19,0,0,0,0,0,0,0,"N",0,0.0,0,0,0,0,0,0,0,0,0,0,0,0,0,0
"13097","5","22112","77","0","2024","4","N",1,0,0,0,0,0,0,0,"N",0.47,0,0,0,0,0,0,0,"N",0,0.0,0,0,0,0,0,0,0,0,0,0,0,0,0,0
"13097","5","221122","78","0","2024","4","N",1,0,0,0,0,0,0,0,"N",0.54,0,0,0,0,0,0,0,"N",0,0.0,0,0,0,0,0,0,0,0,0,0,0,0,0,0
"13097","5","23","74","0","2024","4","",362,2760,2814,2833,58934073,3094163,54564,1618,"",1.32,1.02,1.04,1.05,1.22,0.68,0.61,1.17,"",37,11.4,215,8.4,303,12.1,269,10.5,12612601,27.2,-473958,-13.3,-10087,-15.6,215,15.3
"13097","5","236","75","0","2024","4","",96,385,392,409,9567467,381537,5550,1862,"",1.13,0.64,0.65,0.67,0.80,0.37,0.30,1.22,"",15,18.5,147,61.8,162,70.4,170,71.1,5778442,152.5,161388,73.3,-650,-10.5,625,50.5
"13097","5","2361","76","0","2024","4","",79,293,294,298,7540376,292217,4839,1966,"",1.19,0.95,0.95,0.96,1.46,0.50,0.58,1.54,"",11,16.2,141,92.8,141,92.2,145,94.8,5302469,236.9,136352,87.5,-641,-11.7,838,74.3
"13097","5","23611","77","0","2024","4","",79,293,294,298,7540376,292217,4839,1966,"",1.19,0.95,0.95,0.96,1.46,0.50,0.58,1.54,"",11,16.2,141,92.8,141,92.2,145,94.8,5302469,236.9,136352,87.5,-641,-11.7,838,74.3
"13097","5","236115","78","0","2024","4","",38,173,174,174,5295180,151081,1097,2345,"",1.45,1.40,1.40,1.39,2.38,0.60,0.33,1.70,"",11,40.7,136,367.6,132,314.3,131,304.7,4498329,564.5,114855,317.1,689,168.9,838,55.6
"13097","5","236117","78","0","2024","4","",6,24,22,26,932716,53500,2282,2989,"",3.72,1.26,1.15,1.34,1.80,2.24,7.72,1.44,"",1,20.0,16,200.0,14,175.0,17,188.9,826307,776.5,17500,48.6,-634,-21.7,2007,204.4
"13097","5","236118","78","0","2024","4","",35,96,98,98,1312480,87636,1460,1037,"",0.94,0.64,0.65,0.65,0.64,0.31,0.34,0.99,"",-1,-2.8,-11,-10.3,-5,-4.9,-3,-3.0,-22167,-1.7,3997,4.8,-696,-32.3,47,4.7
"13097","5","2362","76","0","2024","4","",17,92,98,111,2027091,89320,711,1554,"",0.91,0.31,0.33,0.37,0.30,0.20,0.07,0.88,"",4,30.8,6,7.0,21,27.3,25,29.1,475973,30.7,25036,38.9,-9,-1.2,116,8.1
"13097","5","23621","77","0","2024","4","N",2,0,0,0,0,0,0,0,"N",0.98,0,0,0,0,0,0,0,"N",1,100.0,0,0,0,0,0,0,0,0,0,0,0,0,0,0
"13097","5","236210","78","0","2024","4","N",2,0,0,0,0,0,0,0,"N",0.98,0,0,0,0,0,0,0,"N",1,100.0,0,0,0,0,0,0,0,0,0,0,0,0,0,0
"13097","5","23622","77","0","2024","4","N",15,0,0,0,0,0,0,0,"N",0.90,0,0,0,0,0,0,0,"N",3,25.0,0,0,0,0,0,0,0,0,0,0,0,0,0,0
"13097","5","236220","78","0","2024","4","N",15,0,0,0,0,0,0,0,"N",0.90,0,0,0,0,0,0,0,"N",3,25.0,0,0,0,0,0,0,0,0,0,0,0,0,0,0
"13097","5","237","75","0","2024","4","",18,217,220,214,3791117,303069,5716,1344,"",1.06,0.56,0.57,0.57,0.47,0.46,0.34,0.84,"",1,5.9,17,8.5,23,11.7,16,8.1,374363,11.0,50158,19.8,1077,23.2,19,1.4
"13097","5","2371","76","0","2024","4","",12,146,150,144,2657728,270212,5372,1394,"",1.35,0.73,0.76,0.73,0.65,0.71,0.60,0.88,"",1,9.1,20,15.9,24,19.0,20,16.1,466135,21.3,69654,34.7,1799,50.3,49,3.6
"13097","5","23711","77","0","2024","4","",6,90,91,89,1809314,204688,4854,1546,"",1.60,1.27,1.28,1.26,1.31,1.97,2.39,1.03,"",1,20.0,20,28.6,21,30.0,24,36.9,430265,31.2,55658,37.3,1651,51.5,-6,-0.4
"13097","5","237110","78","0","2024","4","",6,90,91,89,1809314,204688,4854,1546,"",1.60,1.27,1.28,1.26,1.31,1.97,2.39,1.03,"",1,20.0,20,28.6,21,30.0,24,36.9,430265,31.2,55658,37.3,1651,51.5,-6,-0.4
"13097","5","23713","77","0","2024","4","",6,56,59,55,848414,65524,518,1152,"",1.55,0.69,0.74,0.69,0.49,0.38,0.13,0.69,"",0,0.0,0,0.0,3,5.4,-4,-6.8,35870,4.4,13996,27.2,148,40.0,55,5.0
"13097","5","237130","78","0","2024","4","",6,56,59,55,848414,65524,518,1152,"",1.55,0.69,0.74,0.69,0.49,0.38,0.13,0.69,"",0,0.0,0,0.0,3,5.4,-4,-6.8,35870,4.4,13996,27.2,148,40.0,55,5.0
"13097","5","2372","76","0","2024","4","N",2,0,0,0,0,0,0,0,"N",1.19,0,0,0,0,0,0,0,"N",0,0.0,0,0,0,0,0,0,0,0,0,0,0,0,0,0
"13097","5","23721","77","0","2024","4","N",2,0,0,0,0,0,0,0,"N",1.19,0,0,0,0,0,0,0,"N",0,0.0,0,0,0,0,0,0,0,0,0,0,0,0,0,0
"13097","5","237210","78","0","2024","4","N",2,0,0,0,0,0,0,0,"N",1.19,0,0,0,0,0,0,0,"N",0,0.0,0,0,0,0,0,0,0,0,0,0,0,0,0,0
"13097","5","2373","76","0","2024","4","N",3,0,0,0,0,0,0,0,"N",0.84,0,0,0,0,0,0,0,"N",0,0.0,0,0,0,0,0,0,0,0,0,0,0,0,0,0
"13097","5","23731","77","0","2024","4","N",3,0,0,0,0,0,0,0,"N",0.84,0,0,0,0,0,0,0,"N",0,0.0,0,0,0,0,0,0,0,0,0,0,0,0,0,0
"13097","5","237310","78","0","2024","4","N",3,0,0,0,0,0,0,0,"N",0.84,0,0,0,0,0,0,0,"N",0,0.0,0,0,0,0,0,0,0,0,0,0,0,0,0,0
"13097","5","2379","76","0","2024","4","N",1,0,0,0,0,0,0,0,"N",0.35,0,0,0,0,0,0,0,"N",0,0.0,0,0,0,0,0,0,0,0,0,0,0,0,0,0
"13097","5","23799","77","0","2024","4","N",1,0,0,0,0,0,0,0,"N",0.35,0,0,0,0,0,0,0,"N",0,0.0,0,0,0,0,0,0,0,0,0,0,0,0,0,0
"13097","5","237990","78","0","2024","4","N",1,0,0,0,0,0,0,0,"N",0.35,0,0,0,0,0,0,0,"N",0,0.0,0,0,0,0,0,0,0,0,0,0,0,0,0,0
"13097","5","238","75","0","2024","4","",248,2158,2202,2210,45575489,2409557,43298,1601,"",1.45,1.27,1.29,1.30,1.62,0.83,0.79,1.26,"",21,9.3,51,2.4,118,5.7,83,3.9,6459796,16.5,-685504,-22.1,-10514,-19.5,172,12.0
"13097","5","2381","76","0","2024","4","",62,453,446,442,9140508,378568,7307,1573,"",1.81,1.39,1.37,1.37,1.83,0.62,0.64,1.33,"",12,24.0,55,13.8,24,5.7,-5,-1.1,463452,5.3,-194207,-33.9,-1648,-18.4,-7,-0.4
"13097","5","23811","77","0","2024","4","",10,78,74,78,1295334,97780,848,1300,"",1.39,0.92,0.87,0.94,0.99,0.63,0.28,1.08,"",2,25.0,-1,-1.3,-6,-7.5,-5,-6.0,-71216,-5.2,51586,111.7,767,946.9,-3,-0.2
"13097","5","238111","78","0","2024","4","",4,26,21,22,350729,45137,813,1173,"",0.76,0.62,0.50,0.54,0.62,0.53,0.53,1.11,"",0,0.0,-11,-29.7,-17,-44.7,-17,-43.6,-305419,-46.5,27366,154.0,749,1170.3,-155,-11.7
"13097","5","238112","78","0","2024","4","",6,52,53,56,944605,52643,35,1354,"",3.16,1.20,1.23,1.32,1.26,0.74,0.02,1.01,"",2,50.0,10,23.8,11,26.2,12,27.3,234203,33.0,24220,85.2,18,105.9,73,5.7
"13097","5","23812","77","0","2024","4","N",2,0,0,0,0,0,0,0,"N",1.22,0,0,0,0,0,0,0,"N",1,100.0,0,0,0,0,0,0,0,0,0,0,0,0,0,0
"13097","5","238122","78","0","2024","4","N",2,0,0,0,0,0,0,0,"N",1.68,0,0,0,0,0,0,0,"N",1,100.0,0,0,0,0,0,0,0,0,0,0,0,0,0,0
"13097","5","23813","77","0","2024","4","",7,3,13,13,83295,26740,722,663,"",2.07,0.11,0.48,0.48,0.23,0.40,0.80,0.66,"N",2,40.0,0,0,0,0,0,0,0,0,0,0,0,0,0,0
"13097","5","238131","78","0","2024","4","N",4,0,0,0,0,0,0,0,"N",1.37,0,0,0,0,0,0,0,"N",1,33.3,0,0,0,0,0,0,0,0,0,0,0,0,0,0
"13097","5","238132","78","0","2024","4","N",3,0,0,0,0,0,0,0,"N",6.45,0,0,0,0,0,0,0,"N",1,50.0,0,0,0,0,0,0,0,0,0,0,0,0,0,0
"13097","5","23814","77","0","2024","4","N",5,0,0,0,0,0,0,0,"N",0.90,0,0,0,0,0,0,0,"N",0,0.0,0,0,0,0,0,0,0,0,0,0,0,0,0,0
"13097","5","238141","78","0","2024","4","N",2,0,0,0,0,0,0,0,"N",0.47,0,0,0,0,0,0,0,"N",1,100.0,0,0,0,0,0,0,0,0,0,0,0,0,0,0
"13097","5","238142","78","0","2024","4","",3,6,8,8,122505,2400,1,1285,"",2.24,0.26,0.36,0.36,0.35,0.06,0.00,1.06,"N",-1,-25.0,0,0,0,0,0,0,0,0,0,0,0,0,0,0
"13097","5","23815","77","0","2024","4","",8,100,88,83,2452001,50747,1569,2088,"",3.47,4.15,3.64,3.40,6.24,1.47,2.43,1.67,"",3,60.0,9,9.9,-16,-15.4,-21,-20.2,-551303,-18.4,-96131,-65.4,-2358,-60.0,-230,-9.9
"13097","5","238151","78","0","2024","4","N",4,0,0,0,0,0,0,0,"N",2.93,0,0,0,0,0,0,0,"N",2,100.0,0,0,0,0,0,0,0,0,0,0,0,0,0,0
"13097","5","238152","78","0","2024","4","N",4,0,0,0,0,0,0,0,"N",4.26,0,0,0,0,0,0,0,"N",1,33.3,0,0,0,0,0,0,0,0,0,0,0,0,0,0
"13097","5","23816","77","0","2024","4","",14,43,43,40,1007682,13748,415,1846,"",1.51,0.52,0.51,0.48,0.76,0.10,0.17,1.50,"",3,27.3,-11,-20.4,-13,-23.2,-14,-25.9,40643,4.2,-25691,-65.1,-483,-53.8,485,35.6
"13097","5","238161","78","0","2024","4","",11,8,8,4,205801,12000,368,2375,"",1.48,0.18,0.18,0.09,0.32,0.13,0.28,2.13,"",3,37.5,2,33.3,1,14.3,-1,-20.0,49685,31.8,8747,268.9,278,308.9,374,18.7
"13097","5","238162","78","0","2024","4","",3,35,35,36,801881,1748,47,1746,"",1.65,0.92,0.92,0.95,1.19,0.03,0.04,1.28,"",0,0.0,-13,-27.1,-14,-28.6,-13,-26.5,-9042,-1.1,-34438,-95.2,-761,-94.2,464,36.2
"13097","5","23817","77","0","2024","4","",5,19,19,18,418010,11670,5,1723,"",1.96,1.33,1.33,1.27,2.13,0.34,0.01,1.63,"",1,25.0,-4,-17.4,-4,-17.4,-5,-21.7,134847,47.6,2978,34.3,-13,-72.2,776,81.9
"13097","5","238171","78","0","2024","4","N",4,0,0,0,0,0,0,0,"N",1.68,0,0,0,0,0,0,0,"N",0,0.0,0,0,0,0,0,0,0,0,0,0,0,0,0,0
"13097","5","238172","78","0","2024","4","N",1,0,0,0,0,0,0,0,"N",5.91,0,0,0,0,0,0,0,"N",1,100.0,0,0,0,0,0,0,0,0,0,0,0,0,0,0
"13097","5","23819","77","0","2024","4","",11,197,197,198,3698805,173189,3720,1442,"",4.51,11.87,11.95,12.01,14.28,5.41,6.83,1.20,"",0,0.0,62,45.9,52,35.9,32,19.3,974471,35.8,-138533,-44.4,181,5.1,32,2.3
"13097","5","238191","78","0","2024","4","N",1,0,0,0,0,0,0,0,"N",0.69,0,0,0,0,0,0,0,"N",0,0.0,0,0,0,0,0,0,0,0,0,0,0,0,0,0
"13097","5","238192","78","0","2024","4","N",10,0,0,0,0,0,0,0,"N",10.12,0,0,0,0,0,0,0,"N",0,0.0,0,0,0,0,0,0,0,0,0,0,0,0,0,0
"13097","5","2382","76","0","2024","4","",99,1158,1205,1217,25858310,1348149,26382,1667,"",1.45,1.39,1.44,1.43,1.73,1.03,1.10,1.22,"",6,6.5,-38,-3.2,44,3.8,28,2.4,3538575,15.9,-65849,-4.7,817,3.2,214,14.7
"13097","5","23821","77","0","2024","4","",39,407,412,431,7028425,528249,12986,1298,"",1.35,1.13,1.14,1.17,1.06,0.88,1.12,0.93,"",3,8.3,51,14.3,93,29.2,108,33.4,1744249,33.0,318568,151.9,9916,323.0,76,6.2
"13097","5","238211","78","0","2024","4","",9,22,22,21,368837,21616,302,1309,"",0.51,0.19,0.19,0.17,0.21,0.10,0.10,1.13,"",1,12.5,0,0.0,-1,-4.3,0,0.0,-4141,-1.1,7003,47.9,129,74.6,5,0.4
"13097","5","238212","78","0","2024","4","",30,385,390,410,6659588,506633,12684,1297,"",2.67,1.59,1.60,1.66,1.38,1.34,1.48,0.86,"",2,7.1,51,15.3,94,31.8,108,35.8,1748390,35.6,311565,159.7,9787,337.8,81,6.7
"13097","5","23822","77","0","2024","4","",53,698,731,724,17408958,713637,10690,1866,"",1.49,1.65,1.72,1.69,2.40,1.14,1.00,1.42,"",3,6.0,-107,-13.3,-76,-9.4,-106,-12.8,1180970,7.3,-483142,-40.4,-11726,-52.3,332,21.6
"13097","5","238221","78","0","2024","4","",32,215,235,234,3696839,227973,3885,1247,"",1.18,0.98,1.06,1.05,1.16,0.65,0.83,1.13,"",3,10.3,-5,-2.3,18,8.3,1,0.4,178741,5.1,77275,51.3,208,5.7,35,2.9
"13097","5","238222","78","0","2024","4","",21,483,496,490,13712119,485664,6805,2154,"",2.46,2.39,2.45,2.39,3.37,1.76,1.13,1.40,"",0,0.0,-102,-17.4,-94,-15.9,-107,-17.9,1002229,7.9,-560417,-53.6,-11934,-63.7,499,30.2
"13097","5","23829","77","0","2024","4","",7,53,62,62,1420927,106263,2706,1853,"",1.91,1.01,1.17,1.16,1.28,1.34,1.53,1.15,"",0,0.0,18,51.4,27,77.1,26,72.2,613356,76.0,98725,1309.7,2627,3325.3,95,5.4
"13097","5","238291","78","0","2024","4","N",2,0,0,0,0,0,0,0,"N",2.13,0,0,0,0,0,0,0,"N",1,100.0,0,0,0,0,0,0,0,0,0,0,0,0,0,0
"13097","5","238292","78","0","2024","4","N",5,0,0,0,0,0,0,0,"N",1.83,0,0,0,0,0,0,0,"N",-1,-16.7,0,0,0,0,0,0,0,0,0,0,0,0,0,0
"13097","5","2383","76","0","2024","4","",55,268,276,275,5786662,371467,2924,1631,"",1.38,0.98,1.01,1.01,1.45,0.73,0.32,1.45,"",3,5.8,0,0.0,10,3.8,17,6.6,1569751,37.2,-480591,-56.4,-10703,-78.5,402,32.7
"13097","5","23831","77","0","2024","4","",15,61,69,71,2418772,88329,217,2777,"",2.34,0.75,0.85,0.87,1.78,0.55,0.07,2.16,"",1,7.1,-2,-3.2,6,9.5,8,12.7,1414185,140.8,50126,131.2,-67,-23.6,1550,126.3
"13097","5","238311","78","0","2024","4","N",11,0,0,0,0,0,0,0,"N",2.36,0,0,0,0,0,0,0,"N",1,10.0,0,0,0,0,0,0,0,0,0,0,0,0,0,0
"13097","5","238312","78","0","2024","4","N",4,0,0,0,0,0,0,0,"N",2.27,0,0,0,0,0,0,0,"N",0,0.0,0,0,0,0,0,0,0,0,0,0,0,0,0,0
"13097","5","23832","77","0","2024","4","N",15,0,0,0,0,0,0,0,"N",1.23,0,0,0,0,0,0,0,"N",2,15.4,0,0,0,0,0,0,0,0,0,0,0,0,0,0
"13097","5","238321","78","0","2024","4","N",14,0,0,0,0,0,0,0,"N",1.37,0,0,0,0,0,0,0,"N",2,16.7,0,0,0,0,0,0,0,0,0,0,0,0,0,0
"13097","5","238322","78","0","2024","4","N",1,0,0,0,0,0,0,0,"N",0.52,0,0,0,0,0,0,0,"N",0,0.0,0,0,0,0,0,0,0,0,0,0,0,0,0,0
"13097","5","23833","77","0","2024","4","",7,37,38,41,1036797,22395,27,2063,"",1.24,1.41,1.45,1.56,2.71,0.51,0.04,1.84,"",0,0.0,-2,-5.1,0,0.0,4,10.8,140103,15.6,-19728,-46.8,-617,-95.8,248,13.7
"13097","5","238331","78","0","2024","4","N",5,0,0,0,0,0,0,0,"N",1.08,0,0,0,0,0,0,0,"N",0,0.0,0,0,0,0,0,0,0,0,0,0,0,0,0,0
"13097","5","238332","78","0","2024","4","N",2,0,0,0,0,0,0,0,"N",2.01,0,0,0,0,0,0,0,"N",0,0.0,0,0,0,0,0,0,0,0,0,0,0,0,0,0
"13097","5","23834","77","0","2024","4","N",1,0,0,0,0,0,0,0,"N",0.33,0,0,0,0,0,0,0,"N",0,0.0,0,0,0,0,0,0,0,0,0,0,0,0,0,0
"13097","5","238341","78","0","2024","4","N",1,0,0,0,0,0,0,0,"N",0.38,0,0,0,0,0,0,0,"N",0,0.0,0,0,0,0,0,0,0,0,0,0,0,0,0,0
"13097","5","23835","77","0","2024","4","",12,121,119,121,1733355,218970,2243,1108,"",1.26,2.31,2.26,2.29,2.34,2.38,1.64,1.02,"",1,9.1,6,5.2,-2,-1.7,8,7.1,-6785,-0.4,-490850,-69.2,-9179,-80.4,-43,-3.7
"13097","5","238351","78","0","2024","4","",9,92,91,93,1322138,174828,2225,1105,"",1.06,2.21,2.17,2.21,2.40,2.34,2.35,1.09,"N",1,12.5,0,0,0,0,0,0,0,0,0,0,0,0,0,0
"13097","5","238352","78","0","2024","4","",3,29,28,28,411217,44142,18,1116,"",2.85,2.72,2.61,2.59,2.18,2.57,0.04,0.82,"N",0,0.0,0,0,0,0,0,0,0,0,0,0,0,0,0,0
"13097","5","23839","77","0","2024","4","N",5,0,0,0,0,0,0,0,"N",1.60,0,0,0,0,0,0,0,"N",-1,-16.7,0,0,0,0,0,0,0,0,0,0,0,0,0,0
"13097","5","238391","78","0","2024","4","N",1,0,0,0,0,0,0,0,"N",0.55,0,0,0,0,0,0,0,"N",0,0.0,0,0,0,0,0,0,0,0,0,0,0,0,0,0
"13097","5","238392","78","0","2024","4","N",4,0,0,0,0,0,0,0,"N",3.05,0,0,0,0,0,0,0,"N",-1,-20.0,0,0,0,0,0,0,0,0,0,0,0,0,0,0
"13097","5","2389","76","0","2024","4","",32,279,275,276,4790009,311373,6685,1332,"",1.11,1.04,1.04,1.07,1.13,0.67,0.67,1.08,"",0,0.0,34,13.9,40,17.0,43,18.5,888018,22.8,55143,21.5,1020,18.0,69,5.5
"13097","5","23891","77","0","2024","4","",12,83,83,79,1572585,65073,1722,1481,"",0.99,0.61,0.61,0.59,0.71,0.27,0.36,1.17,"",-2,-14.3,-10,-10.8,-1,-1.2,-4,-4.8,116014,8.0,-78963,-54.8,-1308,-43.2,188,14.5
"13097","5","238911","78","0","2024","4","N",7,0,0,0,0,0,0,0,"N",0.98,0,0,0,0,0,0,0,"N",0,0.0,0,0,0,0,0,0,0,0,0,0,0,0,0,0
"13097","5","238912","78","0","2024","4","N",5,0,0,0,0,0,0,0,"N",0.99,0,0,0,0,0,0,0,"N",-2,-28.6,0,0,0,0,0,0,0,0,0,0,0,0,0,0
"13097","5","23899","77","0","2024","4","",20,196,192,197,3217424,246300,4963,1269,"",1.20,1.48,1.48,1.58,1.59,1.10,0.95,1.05,"",2,11.1,44,28.9,41,27.2,47,31.3,772004,31.6,134106,119.5,2328,88.3,23,1.8
"13097","5","238991","78","0","2024","4","",9,80,77,77,1026709,29467,539,1013,"",0.81,1.22,1.21,1.27,1.20,0.27,0.23,0.97,"",2,28.6,6,8.1,3,4.1,6,8.5,99621,10.7,7941,36.9,481,829.3,36,3.7
"13097","5","238992","78","0","2024","4","",11,116,115,120,2190715,216833,4424,1440,"",2.01,1.73,1.74,1.88,1.87,1.92,1.50,1.05,"",0,0.0,38,48.7,38,49.4,41,51.9,672383,44.3,126165,139.2,1847,71.7,-57,-3.8
"13097","5","31-33","74","0","2024","4","",123,3151,3165,3188,59812022,1881991,13994,1452,"",1.06,0.77,0.76,0.76,0.82,0.43,0.28,1.08,"",0,0.0,-222,-6.6,-204,-6.1,-174,-5.2,1519605,2.6,-1053684,-35.9,-22800,-62.0,121,9.1
"13097","5","311","75","0","2024","4","",8,442,443,442,9930126,224783,2633,1727,"",0.65,0.76,0.76,0.75,1.34,0.25,0.28,1.76,"",2,33.3,116,35.6,120,37.2,122,38.1,3127402,46.0,34078,17.9,2216,531.4,107,6.6
"13097","5","3116","76","0","2024","4","N",1,0,0,0,0,0,0,0,"N",0.74,0,0,0,0,0,0,0,"N",1,100.0,0,0,0,0,0,0,0,0,0,0,0,0,0,0
"13097","5","31161","77","0","2024","4","N",1,0,0,0,0,0,0,0,"N",0.74,0,0,0,0,0,0,0,"N",1,100.0,0,0,0,0,0,0,0,0,0,0,0,0,0,0
"13097","5","311612","78","0","2024","4","N",1,0,0,0,0,0,0,0,"N",1.75,0,0,0,0,0,0,0,"N",1,100.0,0,0,0,0,0,0,0,0,0,0,0,0,0,0
"13097","5","3118","76","0","2024","4","N",7,0,0,0,0,0,0,0,"N",1.52,0,0,0,0,0,0,0,"N",1,16.7,0,0,0,0,0,0,0,0,0,0,0,0,0,0
"13097","5","31181","77","0","2024","4","N",7,0,0,0,0,0,0,0,"N",1.71,0,0,0,0,0,0,0,"N",1,16.7,0,0,0,0,0,0,0,0,0,0,0,0,0,0
"13097","5","311811","78","0","2024","4","N",1,0,0,0,0,0,0,0,"N",0.36,0,0,0,0,0,0,0,"N",1,100.0,0,0,0,0,0,0,0,0,0,0,0,0,0,0
"13097","5","311812","78","0","2024","4","",6,441,442,441,9841576,224783,2633,1715,"",4.87,9.03,8.98,8.86,16.63,2.92,3.05,1.85,"",0,0.0,115,35.3,119,36.8,121,37.8,3038852,44.7,34078,17.9,2216,531.4,95,5.9
"13097","5","312","75","0","2024","4","N",1,0,0,0,0,0,0,0,"N",0.20,0,0,0,0,0,0,0,"N",0,0.0,0,0,0,0,0,0,0,0,0,0,0,0,0,0
"13097","5","3121","76","0","2024","4","N",1,0,0,0,0,0,0,0,"N",0.21,0,0,0,0,0,0,0,"N",0,0.0,0,0,0,0,0,0,0,0,0,0,0,0,0,0
"13097","5","31212","77","0","2024","4","N",1,0,0,0,0,0,0,0,"N",0.57,0,0,0,0,0,0,0,"N",0,0.0,0,0,0,0,0,0,0,0,0,0,0,0,0,0
"13097","5","312120","78","0","2024","4","N",1,0,0,0,0,0,0,0,"N",0.57,0,0,0,0,0,0,0,"N",0,0.0,0,0,0,0,0,0,0,0,0,0,0,0,0,0
"13097","5","313","75","0","2024","4","N",2,0,0,0,0,0,0,0,"N",2.54,0,0,0,0,0,0,0,"N",0,0.0,0,0,0,0,0,0,0,0,0,0,0,0,0,0
"13097","5","3131","76","0","2024","4","N",1,0,0,0,0,0,0,0,"N",8.91,0,0,0,0,0,0,0,"N",0,0.0,0,0,0,0,0,0,0,0,0,0,0,0,0,0
"13097","5","31311","77","0","2024","4","N",1,0,0,0,0,0,0,0,"N",8.91,0,0,0,0,0,0,0,"N",0,0.0,0,0,0,0,0,0,0,0,0,0,0,0,0,0
"13097","5","313110","78","0","2024","4","N",1,0,0,0,0,0,0,0,"N",8.91,0,0,0,0,0,0,0,"N",0,0.0,0,0,0,0,0,0,0,0,0,0,0,0,0,0
"13097","5","3133","76","0","2024","4","N",1,0,0,0,0,0,0,0,"N",2.74,0,0,0,0,0,0,0,"N",0,0.0,0,0,0,0,0,0,0,0,0,0,0,0,0,0
"13097","5","31331","77","0","2024","4","N",1,0,0,0,0,0,0,0,"N",3.28,0,0,0,0,0,0,0,"N",0,0.0,0,0,0,0,0,0,0,0,0,0,0,0,0,0
"13097","5","313310","78","0","2024","4","N",1,0,0,0,0,0,0,0,"N",3.28,0,0,0,0,0,0,0,"N",0,0.0,0,0,0,0,0,0,0,0,0,0,0,0,0,0
"13097","5","314","75","0","2024","4","",6,31,30,29,500660,26734,205,1284,"",3.33,1.00,0.96,0.91,1.39,0.69,0.56,1.46,"N",2,50.0,0,0,0,0,0,0,0,0,0,0,0,0,0,0
"13097","5","3141","76","0","2024","4","N",4,0,0,0,0,0,0,0,"N",9.16,0,0,0,0,0,0,0,"N",1,33.3,0,0,0,0,0,0,0,0,0,0,0,0,0,0
"13097","5","31411","77","0","2024","4","N",1,0,0,0,0,0,0,0,"N",8.02,0,0,0,0,0,0,0,"N",0,0.0,0,0,0,0,0,0,0,0,0,0,0,0,0,0
"13097","5","314110","78","0","2024","4","N",1,0,0,0,0,0,0,0,"N",8.02,0,0,0,0,0,0,0,"N",0,0.0,0,0,0,0,0,0,0,0,0,0,0,0,0,0
"13097","5","31412","77","0","2024","4","N",3,0,0,0,0,0,0,0,"N",9.62,0,0,0,0,0,0,0,"N",1,50.0,0,0,0,0,0,0,0,0,0,0,0,0,0,0
"13097","5","314120","78","0","2024","4","N",3,0,0,0,0,0,0,0,"N",9.62,0,0,0,0,0,0,0,"N",1,50.0,0,0,0,0,0,0,0,0,0,0,0,0,0,0
"13097","5","3149","76","0","2024","4","N",2,0,0,0,0,0,0,0,"N",1.47,0,0,0,0,0,0,0,"N",1,100.0,0,0,0,0,0,0,0,0,0,0,0,0,0,0
"13097","5","31499","77","0","2024","4","N",2,0,0,0,0,0,0,0,"N",2.22,0,0,0,0,0,0,0,"N",1,100.0,0,0,0,0,0,0,0,0,0,0,0,0,0,0
"13097","5","314999","78","0","2024","4","N",2,0,0,0,0,0,0,0,"N",2.34,0,0,0,0,0,0,0,"N",1,100.0,0,0,0,0,0,0,0,0,0,0,0,0,0,0
"13097","5","315","75","0","2024","4","-",0,0,0,0,0,0,0,0,"N",0.00,0,0,0,0,0,0,0,"N",-1,-100.0,0,0,0,0,0,0,0,0,0,0,0,0,0,0
"13097","5","3152","76","0","2024","4","-",0,0,0,0,0,0,0,0,"N",0.00,0,0,0,0,0,0,0,"N",-1,-100.0,0,0,0,0,0,0,0,0,0,0,0,0,0,0
"13097","5","31525","77","0","2024","4","-",0,0,0,0,0,0,0,0,"N",0.00,0,0,0,0,0,0,0,"N",0,0,0,0,0,0,0,0,0,0,0,0,0,0,0,0
"13097","5","315250","78","0","2024","4","-",0,0,0,0,0,0,0,0,"N",0.00,0,0,0,0,0,0,0,"N",0,0,0,0,0,0,0,0,0,0,0,0,0,0,0,0
"13097","5","322","75","0","2024","4","N",3,0,0,0,0,0,0,0,"N",1.81,0,0,0,0,0,0,0,"N",-1,-25.0,0,0,0,0,0,0,0,0,0,0,0,0,0,0
"13097","5","3222","76","0","2024","4","N",3,0,0,0,0,0,0,0,"N",2.15,0,0,0,0,0,0,0,"N",-1,-25.0,0,0,0,0,0,0,0,0,0,0,0,0,0,0
"13097","5","32221","77","0","2024","4","N",2,0,0,0,0,0,0,0,"N",2.79,0,0,0,0,0,0,0,"N",0,0.0,0,0,0,0,0,0,0,0,0,0,0,0,0,0
"13097","5","322211","78","0","2024","4","N",1,0,0,0,0,0,0,0,"N",2.04,0,0,0,0,0,0,0,"N",0,0.0,0,0,0,0,0,0,0,0,0,0,0,0,0,0
"13097","5","322212","78","0","2024","4","N",1,0,0,0,0,0,0,0,"N",8.73,0,0,0,0,0,0,0,"N",0,0.0,0,0,0,0,0,0,0,0,0,0,0,0,0,0
"13097","5","32222","77","0","2024","4","N",1,0,0,0,0,0,0,0,"N",3.16,0,0,0,0,0,0,0,"N",0,0.0,0,0,0,0,0,0,0,0,0,0,0,0,0,0
"13097","5","322220","78","0","2024","4","N",1,0,0,0,0,0,0,0,"N",3.16,0,0,0,0,0,0,0,"N",0,0.0,0,0,0,0,0,0,0,0,0,0,0,0,0,0
"13097","5","323","75","0","2024","4","N",3,0,0,0,0,0,0,0,"N",0.37,0,0,0,0,0,0,0,"N",0,0.0,0,0,0,0,0,0,0,0,0,0,0,0,0,0
"13097","5","3231","76","0","2024","4","N",3,0,0,0,0,0,0,0,"N",0.37,0,0,0,0,0,0,0,"N",0,0.0,0,0,0,0,0,0,0,0,0,0,0,0,0,0
"13097","5","32311","77","0","2024","4","N",3,0,0,0,0,0,0,0,"N",0.39,0,0,0,0,0,0,0,"N",0,0.0,0,0,0,0,0,0,0,0,0,0,0,0,0,0
"13097","5","323111","78","0","2024","4","N",2,0,0,0,0,0,0,0,"N",0.38,0,0,0,0,0,0,0,"N",0,0.0,0,0,0,0,0,0,0,0,0,0,0,0,0,0
"13097","5","323113","78","0","2024","4","N",1,0,0,0,0,0,0,0,"N",0.45,0,0,0,0,0,0,0,"N",0,0.0,0,0,0,0,0,0,0,0,0,0,0,0,0,0
"13097","5","324","75","0","2024","4","N",1,0,0,0,0,0,0,0,"N",1.32,0,0,0,0,0,0,0,"N",-1,-50.0,0,0,0,0,0,0,0,0,0,0,0,0,0,0
"13097","5","3241","76","0","2024","4","N",1,0,0,0,0,0,0,0,"N",1.32,0,0,0,0,0,0,0,"N",-1,-50.0,0,0,0,0,0,0,0,0,0,0,0,0,0,0
"13097","5","32412","77","0","2024","4","N",1,0,0,0,0,0,0,0,"N",2.52,0,0,0,0,0,0,0,"N",-1,-50.0,0,0,0,0,0,0,0,0,0,0,0,0,0,0
"13097","5","324121","78","0","2024","4","N",1,0,0,0,0,0,0,0,"N",3.29,0,0,0,0,0,0,0,"N",-1,-50.0,0,0,0,0,0,0,0,0,0,0,0,0,0,0
"13097","5","325","75","0","2024","4","N",11,0,0,0,0,0,0,0,"N",1.49,0,0,0,0,0,0,0,"N",1,10.0,0,0,0,0,0,0,0,0,0,0,0,0,0,0
"13097","5","3252","76","0","2024","4","N",1,0,0,0,0,0,0,0,"N",1.68,0,0,0,0,0,0,0,"N",0,0.0,0,0,0,0,0,0,0,0,0,0,0,0,0,0
"13097","5","32521","77","0","2024","4","N",1,0,0,0,0,0,0,0,"N",1.90,0,0,0,0,0,0,0,"N",0,0.0,0,0,0,0,0,0,0,0,0,0,0,0,0,0
"13097","5","325211","78","0","2024","4","N",1,0,0,0,0,0,0,0,"N",2.16,0,0,0,0,0,0,0,"N",0,0.0,0,0,0,0,0,0,0,0,0,0,0,0,0,0
"13097","5","3254","76","0","2024","4","N",1,0,0,0,0,0,0,0,"N",0.45,0,0,0,0,0,0,0,"N",0,0.0,0,0,0,0,0,0,0,0,0,0,0,0,0,0
"13097","5","32541","77","0","2024","4","N",1,0,0,0,0,0,0,0,"N",0.45,0,0,0,0,0,0,0,"N",0,0.0,0,0,0,0,0,0,0,0,0,0,0,0,0,0
"13097","5","325412","78","0","2024","4","N",1,0,0,0,0,0,0,0,"N",0.70,0,0,0,0,0,0,0,"N",0,0.0,0,0,0,0,0,0,0,0,0,0,0,0,0,0
"13097","5","3255","76","0","2024","4","N",6,0,0,0,0,0,0,0,"N",8.10,0,0,0,0,0,0,0,"N",1,20.0,0,0,0,0,0,0,0,0,0,0,0,0,0,0
"13097","5","32551","77","0","2024","4","N",5,0,0,0,0,0,0,0,"N",9.59,0,0,0,0,0,0,0,"N",1,25.0,0,0,0,0,0,0,0,0,0,0,0,0,0,0
"13097","5","325510","78","0","2024","4","N",5,0,0,0,0,0,0,0,"N",9.59,0,0,0,0,0,0,0,"N",1,25.0,0,0,0,0,0,0,0,0,0,0,0,0,0,0
"13097","5","32552","77","0","2024","4","N",1,0,0,0,0,0,0,0,"N",4.57,0,0,0,0,0,0,0,"N",0,0.0,0,0,0,0,0,0,0,0,0,0,0,0,0,0
"13097","5","325520","78","0","2024","4","N",1,0,0,0,0,0,0,0,"N",4.57,0,0,0,0,0,0,0,"N",0,0.0,0,0,0,0,0,0,0,0,0,0,0,0,0,0
"13097","5","3256","76","0","2024","4","N",1,0,0,0,0,0,0,0,"N",0.86,0,0,0,0,0,0,0,"N",0,0.0,0,0,0,0,0,0,0,0,0,0,0,0,0,0
"13097","5","32562","77","0","2024","4","N",1,0,0,0,0,0,0,0,"N",1.91,0,0,0,0,0,0,0,"N",0,0.0,0,0,0,0,0,0,0,0,0,0,0,0,0,0
"13097","5","325620","78","0","2024","4","N",1,0,0,0,0,0,0,0,"N",1.91,0,0,0,0,0,0,0,"N",0,0.0,0,0,0,0,0,0,0,0,0,0,0,0,0,0
"13097","5","3259","76","0","2024","4","N",2,0,0,0,0,0,0,0,"N",1.96,0,0,0,0,0,0,0,"N",0,0.0,0,0,0,0,0,0,0,0,0,0,0,0,0,0
"13097","5","32591","77","0","2024","4","-",0,0,0,0,0,0,0,0,"N",0.00,0,0,0,0,0,0,0,"N",-1,-100.0,0,0,0,0,0,0,0,0,0,0,0,0,0,0
"13097","5","325910","78","0","2024","4","-",0,0,0,0,0,0,0,0,"N",0.00,0,0,0,0,0,0,0,"N",-1,-100.0,0,0,0,0,0,0,0,0,0,0,0,0,0,0
"13097","5","32599","77","0","2024","4","N",2,0,0,0,0,0,0,0,"N",2.32,0,0,0,0,0,0,0,"N",1,100.0,0,0,0,0,0,0,0,0,0,0,0,0,0,0
"13097","5","325998","78","0","2024","4","N",2,0,0,0,0,0,0,0,"N",3.00,0,0,0,0,0,0,0,"N",1,100.0,0,0,0,0,0,0,0,0,0,0,0,0,0,0
"13097","5","326","75","0","2024","4","N",3,0,0,0,0,0,0,0,"N",0.72,0,0,0,0,0,0,0,"N",-1,-25.0,0,0,0,0,0,0,0,0,0,0,0,0,0,0
"13097","5","3261","76","0","2024","4","N",3,0,0,0,0,0,0,0,"N",0.85,0,0,0,0,0,0,0,"N",-1,-25.0,0,0,0,0,0,0,0,0,0,0,0,0,0,0
"13097","5","32611","77","0","2024","4","N",2,0,0,0,0,0,0,0,"N",3.92,0,0,0,0,0,0,0,"N",0,0.0,0,0,0,0,0,0,0,0,0,0,0,0,0,0
"13097","5","326111","78","0","2024","4","N",1,0,0,0,0,0,0,0,"N",6.11,0,0,0,0,0,0,0,"N",0,0.0,0,0,0,0,0,0,0,0,0,0,0,0,0,0
"13097","5","326112","78","0","2024","4","N",1,0,0,0,0,0,0,0,"N",5.33,0,0,0,0,0,0,0,"N",0,0.0,0,0,0,0,0,0,0,0,0,0,0,0,0,0
"13097","5","32619","77","0","2024","4","N",1,0,0,0,0,0,0,0,"N",0.50,0,0,0,0,0,0,0,"N",-1,-50.0,0,0,0,0,0,0,0,0,0,0,0,0,0,0
"13097","5","326199","78","0","2024","4","N",1,0,0,0,0,0,0,0,"N",0.53,0,0,0,0,0,0,0,"N",-1,-50.0,0,0,0,0,0,0,0,0,0,0,0,0,0,0
"13097","5","327","75","0","2024","4","",8,103,104,92,1966463,66024,586,1518,"",1.57,0.76,0.76,0.67,0.91,0.44,0.27,1.25,"",0,0.0,-9,-8.0,-6,-5.5,-10,-9.8,-110621,-5.3,-31242,-32.1,-277,-32.1,39,2.6
"13097","5","3271","76","0","2024","4","N",2,0,0,0,0,0,0,0,"N",4.66,0,0,0,0,0,0,0,"N",0,0.0,0,0,0,0,0,0,0,0,0,0,0,0,0,0
"13097","5","32711","77","0","2024","4","N",1,0,0,0,0,0,0,0,"N",4.31,0,0,0,0,0,0,0,"N",0,0.0,0,0,0,0,0,0,0,0,0,0,0,0,0,0
"13097","5","327110","78","0","2024","4","N",1,0,0,0,0,0,0,0,"N",4.31,0,0,0,0,0,0,0,"N",0,0.0,0,0,0,0,0,0,0,0,0,0,0,0,0,0
"13097","5","32712","77","0","2024","4","N",1,0,0,0,0,0,0,0,"N",5.06,0,0,0,0,0,0,0,"N",0,0.0,0,0,0,0,0,0,0,0,0,0,0,0,0,0
"13097","5","327120","78","0","2024","4","N",1,0,0,0,0,0,0,0,"N",5.06,0,0,0,0,0,0,0,"N",0,0.0,0,0,0,0,0,0,0,0,0,0,0,0,0,0
"13097","5","3273","76","0","2024","4","",4,56,56,56,1210632,25213,90,1663,"",1.48,0.82,0.82,0.82,1.06,0.33,0.07,1.29,"",0,0.0,-9,-13.8,-7,-11.1,-5,-8.2,-55766,-4.4,-32835,-56.6,-349,-79.5,117,7.6
"13097","5","32731","77","0","2024","4","N",2,0,0,0,0,0,0,0,"N",15.29,0,0,0,0,0,0,0,"N",0,0.0,0,0,0,0,0,0,0,0,0,0,0,0,0,0
"13097","5","327310","78","0","2024","4","N",2,0,0,0,0,0,0,0,"N",15.29,0,0,0,0,0,0,0,"N",0,0.0,0,0,0,0,0,0,0,0,0,0,0,0,0,0
"13097","5","32732","77","0","2024","4","N",2,0,0,0,0,0,0,0,"N",1.21,0,0,0,0,0,0,0,"N",0,0.0,0,0,0,0,0,0,0,0,0,0,0,0,0,0
"13097","5","327320","78","0","2024","4","N",2,0,0,0,0,0,0,0,"N",1.21,0,0,0,0,0,0,0,"N",0,0.0,0,0,0,0,0,0,0,0,0,0,0,0,0,0
"13097","5","3279","76","0","2024","4","N",2,0,0,0,0,0,0,0,"N",1.58,0,0,0,0,0,0,0,"N",0,0.0,0,0,0,0,0,0,0,0,0,0,0,0,0,0
"13097","5","32791","77","0","2024","4","N",1,0,0,0,0,0,0,0,"N",8.75,0,0,0,0,0,0,0,"N",0,0.0,0,0,0,0,0,0,0,0,0,0,0,0,0,0
"13097","5","327910","78","0","2024","4","N",1,0,0,0,0,0,0,0,"N",8.75,0,0,0,0,0,0,0,"N",0,0.0,0,0,0,0,0,0,0,0,0,0,0,0,0,0
"13097","5","32799","77","0","2024","4","N",1,0,0,0,0,0,0,0,"N",0.87,0,0,0,0,0,0,0,"N",0,0.0,0,0,0,0,0,0,0,0,0,0,0,0,0,0
"13097","5","327991","78","0","2024","4","N",1,0,0,0,0,0,0,0,"N",1.17,0,0,0,0,0,0,0,"N",0,0.0,0,0,0,0,0,0,0,0,0,0,0,0,0,0
"13097","5","331","75","0","2024","4","N",3,0,0,0,0,0,0,0,"N",1.70,0,0,0,0,0,0,0,"N",1,50.0,0,0,0,0,0,0,0,0,0,0,0,0,0,0
"13097","5","3314","76","0","2024","4","N",3,0,0,0,0,0,0,0,"N",9.23,0,0,0,0,0,0,0,"N",1,50.0,0,0,0,0,0,0,0,0,0,0,0,0,0,0
"13097","5","33142","77","0","2024","4","N",3,0,0,0,0,0,0,0,"N",30.77,0,0,0,0,0,0,0,"N",1,50.0,0,0,0,0,0,0,0,0,0,0,0,0,0,0
"13097","5","331420","78","0","2024","4","N",3,0,0,0,0,0,0,0,"N",30.77,0,0,0,0,0,0,0,"N",1,50.0,0,0,0,0,0,0,0,0,0,0,0,0,0,0
"13097","5","332","75","0","2024","4","",25,570,574,581,9509861,324824,2271,1272,"",1.42,1.23,1.23,1.23,1.29,0.67,0.40,1.05,"",-4,-13.8,-261,-31.4,-267,-31.7,-268,-31.6,-3200321,-25.2,-996519,-75.4,-22206,-90.7,109,9.4
"13097","5","3321","76","0","2024","4","N",3,0,0,0,0,0,0,0,"N",4.54,0,0,0,0,0,0,0,"N",1,50.0,0,0,0,0,0,0,0,0,0,0,0,0,0,0
"13097","5","33211","77","0","2024","4","N",3,0,0,0,0,0,0,0,"N",4.54,0,0,0,0,0,0,0,"N",1,50.0,0,0,0,0,0,0,0,0,0,0,0,0,0,0
"13097","5","332114","78","0","2024","4","N",1,0,0,0,0,0,0,0,"N",14.11,0,0,0,0,0,0,0,"N",0,0.0,0,0,0,0,0,0,0,0,0,0,0,0,0,0
"13097","5","332119","78","0","2024","4","N",2,0,0,0,0,0,0,0,"N",5.51,0,0,0,0,0,0,0,"N",1,100.0,0,0,0,0,0,0,0,0,0,0,0,0,0,0
"13097","5","3323","76","0","2024","4","",10,288,292,296,4752745,109992,942,1252,"",2.06,2.15,2.17,2.17,2.23,0.68,0.50,1.03,"",-3,-23.1,-290,-50.2,-301,-50.8,-311,-51.2,-4398533,-48.1,-1024080,-90.3,-22161,-95.9,64,5.4
"13097","5","33231","77","0","2024","4","N",3,0,0,0,0,0,0,0,"N",1.41,0,0,0,0,0,0,0,"N",-2,-40.0,0,0,0,0,0,0,0,0,0,0,0,0,0,0
"13097","5","332312","78","0","2024","4","N",3,0,0,0,0,0,0,0,"N",2.62,0,0,0,0,0,0,0,"N",0,0.0,0,0,0,0,0,0,0,0,0,0,0,0,0,0
"13097","5","33232","77","0","2024","4","N",7,0,0,0,0,0,0,0,"N",2.58,0,0,0,0,0,0,0,"N",-1,-12.5,0,0,0,0,0,0,0,0,0,0,0,0,0,0
"13097","5","332321","78","0","2024","4","N",2,0,0,0,0,0,0,0,"N",4.43,0,0,0,0,0,0,0,"N",0,0.0,0,0,0,0,0,0,0,0,0,0,0,0,0,0
"13097","5","332322","78","0","2024","4","N",2,0,0,0,0,0,0,0,"N",1.53,0,0,0,0,0,0,0,"N",-1,-33.3,0,0,0,0,0,0,0,0,0,0,0,0,0,0
"13097","5","332323","78","0","2024","4","",3,98,99,103,1590583,14792,27,1224,"",3.13,6.80,6.83,7.04,7.24,0.70,0.10,1.05,"",0,0.0,8,8.9,8,8.8,10,10.8,41618,2.7,4116,38.6,-24,-47.1,-81,-6.2
"13097","5","3327","76","0","2024","4","",7,70,71,74,1504899,60508,147,1615,"",1.15,0.65,0.66,0.68,0.93,0.56,0.12,1.40,"",0,0.0,4,6.1,5,7.6,9,13.8,633273,72.7,31440,108.2,98,200.0,594,58.2
"13097","5","33271","77","0","2024","4","",7,70,71,74,1504899,60508,147,1615,"",1.30,0.84,0.85,0.87,1.20,0.67,0.15,1.41,"",0,0.0,4,6.1,5,7.6,9,13.8,633273,72.7,31440,108.2,98,200.0,594,58.2
"13097","5","332710","78","0","2024","4","",7,70,71,74,1504899,60508,147,1615,"",1.30,0.84,0.85,0.87,1.20,0.67,0.15,1.41,"",0,0.0,4,6.1,5,7.6,9,13.8,633273,72.7,31440,108.2,98,200.0,594,58.2
"13097","5","3328","76","0","2024","4","",4,61,60,58,949344,23393,266,1224,"",2.25,1.46,1.43,1.37,1.65,0.52,0.48,1.16,"",-1,-20.0,-2,-3.2,-4,-6.2,-5,-7.9,-65021,-6.4,-42150,-64.3,-340,-56.1,-8,-0.6
"13097","5","33281","77","0","2024","4","",4,61,60,58,949344,23393,266,1224,"",2.25,1.46,1.43,1.37,1.65,0.52,0.48,1.16,"",-1,-20.0,-2,-3.2,-4,-6.2,-5,-7.9,-65021,-6.4,-42150,-64.3,-340,-56.1,-8,-0.6
"13097","5","332812","78","0","2024","4","N",2,0,0,0,0,0,0,0,"N",2.25,0,0,0,0,0,0,0,"N",0,0.0,0,0,0,0,0,0,0,0,0,0,0,0,0,0
"13097","5","332813","78","0","2024","4","N",2,0,0,0,0,0,0,0,"N",2.91,0,0,0,0,0,0,0,"N",-1,-33.3,0,0,0,0,0,0,0,0,0,0,0,0,0,0
"13097","5","3329","76","0","2024","4","N",1,0,0,0,0,0,0,0,"N",0.38,0,0,0,0,0,0,0,"N",-1,-50.0,0,0,0,0,0,0,0,0,0,0,0,0,0,0
"13097","5","33291","77","0","2024","4","-",0,0,0,0,0,0,0,0,"N",0.00,0,0,0,0,0,0,0,"N",-1,-100.0,0,0,0,0,0,0,0,0,0,0,0,0,0,0
"13097","5","332911","78","0","2024","4","-",0,0,0,0,0,0,0,0,"N",0.00,0,0,0,0,0,0,0,"N",-1,-100.0,0,0,0,0,0,0,0,0,0,0,0,0,0,0
"13097","5","33299","77","0","2024","4","N",1,0,0,0,0,0,0,0,"N",0.48,0,0,0,0,0,0,0,"N",0,0.0,0,0,0,0,0,0,0,0,0,0,0,0,0,0
"13097","5","332999","78","0","2024","4","N",1,0,0,0,0,0,0,0,"N",0.73,0,0,0,0,0,0,0,"N",0,0.0,0,0,0,0,0,0,0,0,0,0,0,0,0,0
"13097","5","333","75","0","2024","4","",15,520,522,516,9967588,535463,2544,1476,"",1.50,1.46,1.46,1.42,1.52,1.69,0.73,1.05,"",1,7.1,13,2.6,17,3.4,8,1.6,355861,3.7,174296,48.3,1036,68.7,17,1.2
"13097","5","3331","76","0","2024","4","N",3,0,0,0,0,0,0,0,"N",2.17,0,0,0,0,0,0,0,"N",0,0.0,0,0,0,0,0,0,0,0,0,0,0,0,0,0
"13097","5","33311","77","0","2024","4","N",1,0,0,0,0,0,0,0,"N",1.76,0,0,0,0,0,0,0,"N",0,0.0,0,0,0,0,0,0,0,0,0,0,0,0,0,0
"13097","5","333111","78","0","2024","4","N",1,0,0,0,0,0,0,0,"N",2.06,0,0,0,0,0,0,0,"N",0,0.0,0,0,0,0,0,0,0,0,0,0,0,0,0,0
"13097","5","33312","77","0","2024","4","N",2,0,0,0,0,0,0,0,"N",5.95,0,0,0,0,0,0,0,"N",0,0.0,0,0,0,0,0,0,0,0,0,0,0,0,0,0
"13097","5","333120","78","0","2024","4","N",2,0,0,0,0,0,0,0,"N",5.95,0,0,0,0,0,0,0,"N",0,0.0,0,0,0,0,0,0,0,0,0,0,0,0,0,0
"13097","5","3333","76","0","2024","4","N",1,0,0,0,0,0,0,0,"N",1.10,0,0,0,0,0,0,0,"N",0,0.0,0,0,0,0,0,0,0,0,0,0,0,0,0,0
"13097","5","33331","77","0","2024","4","N",1,0,0,0,0,0,0,0,"N",1.10,0,0,0,0,0,0,0,"N",0,0.0,0,0,0,0,0,0,0,0,0,0,0,0,0,0
"13097","5","333310","78","0","2024","4","N",1,0,0,0,0,0,0,0,"N",1.10,0,0,0,0,0,0,0,"N",0,0.0,0,0,0,0,0,0,0,0,0,0,0,0,0,0
"13097","5","3334","76","0","2024","4","",5,324,322,316,6305043,138083,444,1512,"",5.63,6.81,6.71,6.48,8.61,2.78,0.77,1.29,"",0,0.0,33,11.3,30,10.3,26,9.0,222299,3.7,-17216,-11.1,-169,-27.6,-96,-6.0
"13097","5","33341","77","0","2024","4","",5,324,322,316,6305043,138083,444,1512,"",5.63,6.81,6.71,6.48,8.61,2.78,0.77,1.29,"",0,0.0,33,11.3,30,10.3,26,9.0,222299,3.7,-17216,-11.1,-169,-27.6,-96,-6.0
"13097","5","333415","78","0","2024","4","",5,324,322,316,6305043,138083,444,1512,"",10.87,10.08,9.90,9.54,12.56,4.39,1.10,1.28,"",0,0.0,33,11.3,30,10.3,26,9.0,222299,3.7,-17216,-11.1,-169,-27.6,-96,-6.0
"13097","5","3336","76","0","2024","4","N",1,0,0,0,0,0,0,0,"N",2.37,0,0,0,0,0,0,0,"N",0,0.0,0,0,0,0,0,0,0,0,0,0,0,0,0,0
"13097","5","33361","77","0","2024","4","N",1,0,0,0,0,0,0,0,"N",2.37,0,0,0,0,0,0,0,"N",0,0.0,0,0,0,0,0,0,0,0,0,0,0,0,0,0
"13097","5","333613","78","0","2024","4","N",1,0,0,0,0,0,0,0,"N",10.23,0,0,0,0,0,0,0,"N",0,0.0,0,0,0,0,0,0,0,0,0,0,0,0,0,0
"13097","5","3339","76","0","2024","4","N",5,0,0,0,0,0,0,0,"N",1.90,0,0,0,0,0,0,0,"N",1,25.0,0,0,0,0,0,0,0,0,0,0,0,0,0,0
"13097","5","33392","77","0","2024","4","N",2,0,0,0,0,0,0,0,"N",2.84,0,0,0,0,0,0,0,"N",0,0.0,0,0,0,0,0,0,0,0,0,0,0,0,0,0
"13097","5","333923","78","0","2024","4","N",1,0,0,0,0,0,0,0,"N",6.97,0,0,0,0,0,0,0,"N",0,0.0,0,0,0,0,0,0,0,0,0,0,0,0,0,0
"13097","5","333924","78","0","2024","4","N",1,0,0,0,0,0,0,0,"N",7.25,0,0,0,0,0,0,0,"N",0,0.0,0,0,0,0,0,0,0,0,0,0,0,0,0,0
"13097","5","33399","77","0","2024","4","N",3,0,0,0,0,0,0,0,"N",1.97,0,0,0,0,0,0,0,"N",1,50.0,0,0,0,0,0,0,0,0,0,0,0,0,0,0
"13097","5","333992","78","0","2024","4","N",2,0,0,0,0,0,0,0,"N",8.27,0,0,0,0,0,0,0,"N",1,100.0,0,0,0,0,0,0,0,0,0,0,0,0,0,0
"13097","5","333995","78","0","2024","4","N",1,0,0,0,0,0,0,0,"N",8.93,0,0,0,0,0,0,0,"N",0,0.0,0,0,0,0,0,0,0,0,0,0,0,0,0,0
"13097","5","334","75","0","2024","4","",6,22,21,22,287216,3620,94,1020,"",0.79,0.07,0.06,0.07,0.03,0.01,0.03,0.41,"N",-1,-14.3,0,0,0,0,0,0,0,0,0,0,0,0,0,0
"13097","5","3341","76","0","2024","4","N",1,0,0,0,0,0,0,0,"N",1.41,0,0,0,0,0,0,0,"N",0,0.0,0,0,0,0,0,0,0,0,0,0,0,0,0,0
"13097","5","33411","77","0","2024","4","N",1,0,0,0,0,0,0,0,"N",1.41,0,0,0,0,0,0,0,"N",0,0.0,0,0,0,0,0,0,0,0,0,0,0,0,0,0
"13097","5","334112","78","0","2024","4","N",1,0,0,0,0,0,0,0,"N",12.17,0,0,0,0,0,0,0,"N",0,0.0,0,0,0,0,0,0,0,0,0,0,0,0,0,0
"13097","5","3342","76","0","2024","4","N",1,0,0,0,0,0,0,0,"N",1.16,0,0,0,0,0,0,0,"N",0,0.0,0,0,0,0,0,0,0,0,0,0,0,0,0,0
"13097","5","33429","77","0","2024","4","N",1,0,0,0,0,0,0,0,"N",4.01,0,0,0,0,0,0,0,"N",0,0.0,0,0,0,0,0,0,0,0,0,0,0,0,0,0
"13097","5","334290","78","0","2024","4","N",1,0,0,0,0,0,0,0,"N",4.01,0,0,0,0,0,0,0,"N",0,0.0,0,0,0,0,0,0,0,0,0,0,0,0,0,0
"13097","5","3345","76","0","2024","4","",4,7,7,7,156983,1620,92,1725,"",1.25,0.05,0.05,0.05,0.05,0.02,0.09,0.89,"N",1,33.3,0,0,0,0,0,0,0,0,0,0,0,0,0,0
"13097","5","33451","77","0","2024","4","",4,7,7,7,156983,1620,92,1725,"",1.25,0.05,0.05,0.05,0.05,0.02,0.09,0.89,"N",1,33.3,0,0,0,0,0,0,0,0,0,0,0,0,0,0
"13097","5","334510","78","0","2024","4","N",1,0,0,0,0,0,0,0,"N",1.56,0,0,0,0,0,0,0,"N",1,100.0,0,0,0,0,0,0,0,0,0,0,0,0,0,0
"13097","5","334512","78","0","2024","4","N",1,0,0,0,0,0,0,0,"N",6.21,0,0,0,0,0,0,0,"N",0,0.0,0,0,0,0,0,0,0,0,0,0,0,0,0,0
"13097","5","334513","78","0","2024","4","N",1,0,0,0,0,0,0,0,"N",1.58,0,0,0,0,0,0,0,"N",0,0.0,0,0,0,0,0,0,0,0,0,0,0,0,0,0
"13097","5","334515","78","0","2024","4","N",1,0,0,0,0,0,0,0,"N",2.64,0,0,0,0,0,0,0,"N",0,0.0,0,0,0,0,0,0,0,0,0,0,0,0,0,0
"13097","5","335","75","0","2024","4","N",3,0,0,0,0,0,0,0,"N",0.96,0,0,0,0,0,0,0,"N",0,0.0,0,0,0,0,0,0,0,0,0,0,0,0,0,0
"13097","5","3351","76","0","2024","4","N",1,0,0,0,0,0,0,0,"N",1.74,0,0,0,0,0,0,0,"N",0,0.0,0,0,0,0,0,0,0,0,0,0,0,0,0,0
"13097","5","33513","77","0","2024","4","N",1,0,0,0,0,0,0,0,"N",1.74,0,0,0,0,0,0,0,"N",0,0.0,0,0,0,0,0,0,0,0,0,0,0,0,0,0
"13097","5","335132","78","0","2024","4","N",1,0,0,0,0,0,0,0,"N",3.88,0,0,0,0,0,0,0,"N",0,0.0,0,0,0,0,0,0,0,0,0,0,0,0,0,0
"13097","5","3353","76","0","2024","4","N",2,0,0,0,0,0,0,0,"N",2.17,0,0,0,0,0,0,0,"N",0,0.0,0,0,0,0,0,0,0,0,0,0,0,0,0,0
"13097","5","33531","77","0","2024","4","N",2,0,0,0,0,0,0,0,"N",2.17,0,0,0,0,0,0,0,"N",0,0.0,0,0,0,0,0,0,0,0,0,0,0,0,0,0
"13097","5","335312","78","0","2024","4","N",1,0,0,0,0,0,0,0,"N",4.32,0,0,0,0,0,0,0,"N",0,0.0,0,0,0,0,0,0,0,0,0,0,0,0,0,0
"13097","5","335313","78","0","2024","4","N",1,0,0,0,0,0,0,0,"N",4.24,0,0,0,0,0,0,0,"N",0,0.0,0,0,0,0,0,0,0,0,0,0,0,0,0,0
"13097","5","336","75","0","2024","4","N",3,0,0,0,0,0,0,0,"N",0.55,0,0,0,0,0,0,0,"N",-1,-25.0,0,0,0,0,0,0,0,0,0,0,0,0,0,0
"13097","5","3362","76","0","2024","4","N",1,0,0,0,0,0,0,0,"N",1.27,0,0,0,0,0,0,0,"N",0,0.0,0,0,0,0,0,0,0,0,0,0,0,0,0,0
"13097","5","33621","77","0","2024","4","N",1,0,0,0,0,0,0,0,"N",1.27,0,0,0,0,0,0,0,"N",0,0.0,0,0,0,0,0,0,0,0,0,0,0,0,0,0
"13097","5","336211","78","0","2024","4","N",1,0,0,0,0,0,0,0,"N",3.61,0,0,0,0,0,0,0,"N",0,0.0,0,0,0,0,0,0,0,0,0,0,0,0,0,0
"13097","5","3363","76","0","2024","4","N",2,0,0,0,0,0,0,0,"N",1.08,0,0,0,0,0,0,0,"N",0,0.0,0,0,0,0,0,0,0,0,0,0,0,0,0,0
"13097","5","33631","77","0","2024","4","N",1,0,0,0,0,0,0,0,"N",3.69,0,0,0,0,0,0,0,"N",0,0.0,0,0,0,0,0,0,0,0,0,0,0,0,0,0
"13097","5","336310","78","0","2024","4","N",1,0,0,0,0,0,0,0,"N",3.69,0,0,0,0,0,0,0,"N",0,0.0,0,0,0,0,0,0,0,0,0,0,0,0,0,0
"13097","5","33633","77","0","2024","4","N",1,0,0,0,0,0,0,0,"N",10.20,0,0,0,0,0,0,0,"N",0,0.0,0,0,0,0,0,0,0,0,0,0,0,0,0,0
"13097","5","336330","78","0","2024","4","N",1,0,0,0,0,0,0,0,"N",10.20,0,0,0,0,0,0,0,"N",0,0.0,0,0,0,0,0,0,0,0,0,0,0,0,0,0
"13097","5","3369","76","0","2024","4","-",0,0,0,0,0,0,0,0,"N",0.00,0,0,0,0,0,0,0,"N",-1,-100.0,0,0,0,0,0,0,0,0,0,0,0,0,0,0
"13097","5","33699","77","0","2024","4","-",0,0,0,0,0,0,0,0,"N",0.00,0,0,0,0,0,0,0,"N",-1,-100.0,0,0,0,0,0,0,0,0,0,0,0,0,0,0
"13097","5","336991","78","0","2024","4","-",0,0,0,0,0,0,0,0,"N",0.00,0,0,0,0,0,0,0,"N",-1,-100.0,0,0,0,0,0,0,0,0,0,0,0,0,0,0
"13097","5","337","75","0","2024","4","N",5,0,0,0,0,0,0,0,"N",0.95,0,0,0,0,0,0,0,"N",-3,-37.5,0,0,0,0,0,0,0,0,0,0,0,0,0,0
"13097","5","3371","76","0","2024","4","N",4,0,0,0,0,0,0,0,"N",1.10,0,0,0,0,0,0,0,"N",-2,-33.3,0,0,0,0,0,0,0,0,0,0,0,0,0,0
"13097","5","33711","77","0","2024","4","N",3,0,0,0,0,0,0,0,"N",1.31,0,0,0,0,0,0,0,"N",-1,-25.0,0,0,0,0,0,0,0,0,0,0,0,0,0,0
"13097","5","337110","78","0","2024","4","N",3,0,0,0,0,0,0,0,"N",1.31,0,0,0,0,0,0,0,"N",-1,-25.0,0,0,0,0,0,0,0,0,0,0,0,0,0,0
"13097","5","33712","77","0","2024","4","N",1,0,0,0,0,0,0,0,"N",0.74,0,0,0,0,0,0,0,"N",-1,-50.0,0,0,0,0,0,0,0,0,0,0,0,0,0,0
"13097","5","337122","78","0","2024","4","N",1,0,0,0,0,0,0,0,"N",1.41,0,0,0,0,0,0,0,"N",-1,-50.0,0,0,0,0,0,0,0,0,0,0,0,0,0,0
"13097","5","3372","76","0","2024","4","N",1,0,0,0,0,0,0,0,"N",0.77,0,0,0,0,0,0,0,"N",-1,-50.0,0,0,0,0,0,0,0,0,0,0,0,0,0,0
"13097","5","33721","77","0","2024","4","N",1,0,0,0,0,0,0,0,"N",0.77,0,0,0,0,0,0,0,"N",-1,-50.0,0,0,0,0,0,0,0,0,0,0,0,0,0,0
"13097","5","337211","78","0","2024","4","-",0,0,0,0,0,0,0,0,"N",0.00,0,0,0,0,0,0,0,"N",-1,-100.0,0,0,0,0,0,0,0,0,0,0,0,0,0,0
"13097","5","337212","78","0","2024","4","N",1,0,0,0,0,0,0,0,"N",1.62,0,0,0,0,0,0,0,"N",0,0.0,0,0,0,0,0,0,0,0,0,0,0,0,0,0
"13097","5","337215","78","0","2024","4","-",0,0,0,0,0,0,0,0,"N",0.00,0,0,0,0,0,0,0,"N",0,0,0,0,0,0,0,0,0,0,0,0,0,0,0,0
"13097","5","339","75","0","2024","4","",17,241,268,269,5695953,101797,900,1690,"",1.56,1.22,1.35,1.33,1.73,0.44,0.37,1.33,"",6,54.5,-23,-8.7,4,1.5,3,1.1,-123571,-2.1,-50239,-33.0,-826,-47.9,-1,-0.1
"13097","5","3391","76","0","2024","4","",5,14,38,39,449561,9047,31,1140,"",1.21,0.13,0.36,0.37,0.24,0.08,0.03,0.81,"",2,66.7,-24,-63.2,1,2.7,1,2.6,-2285,-0.5,6007,197.6,20,181.8,217,23.5
"13097","5","33911","77","0","2024","4","",5,14,38,39,449561,9047,31,1140,"",1.21,0.13,0.36,0.37,0.24,0.08,0.03,0.81,"",2,66.7,-24,-63.2,1,2.7,1,2.6,-2285,-0.5,6007,197.6,20,181.8,217,23.5
"13097","5","339113","78","0","2024","4","N",1,0,0,0,0,0,0,0,"N",0.98,0,0,0,0,0,0,0,"N",1,100.0,0,0,0,0,0,0,0,0,0,0,0,0,0,0
"13097","5","339114","78","0","2024","4","N",1,0,0,0,0,0,0,0,"N",3.84,0,0,0,0,0,0,0,"N",1,100.0,0,0,0,0,0,0,0,0,0,0,0,0,0,0
"13097","5","339115","78","0","2024","4","N",2,0,0,0,0,0,0,0,"N",10.78,0,0,0,0,0,0,0,"N",0,0.0,0,0,0,0,0,0,0,0,0,0,0,0,0,0
"13097","5","339116","78","0","2024","4","N",1,0,0,0,0,0,0,0,"N",0.70,0,0,0,0,0,0,0,"N",0,0.0,0,0,0,0,0,0,0,0,0,0,0,0,0,0
"13097","5","3399","76","0","2024","4","",12,227,230,230,5246392,92750,869,1762,"",1.78,2.43,2.44,2.41,3.78,0.74,0.62,1.56,"",4,50.0,1,0.4,3,1.3,2,0.9,-121286,-2.3,-56246,-37.8,-846,-49.3,-57,-3.1
"13097","5","33991","77","0","2024","4","N",1,0,0,0,0,0,0,0,"N",1.55,0,0,0,0,0,0,0,"N",0,0.0,0,0,0,0,0,0,0,0,0,0,0,0,0,0
"13097","5","339910","78","0","2024","4","N",1,0,0,0,0,0,0,0,"N",1.55,0,0,0,0,0,0,0,"N",0,0.0,0,0,0,0,0,0,0,0,0,0,0,0,0,0
"13097","5","33995","77","0","2024","4","N",5,0,0,0,0,0,0,0,"N",2.27,0,0,0,0,0,0,0,"N",1,25.0,0,0,0,0,0,0,0,0,0,0,0,0,0,0
"13097","5","339950","78","0","2024","4","N",5,0,0,0,0,0,0,0,"N",2.27,0,0,0,0,0,0,0,"N",1,25.0,0,0,0,0,0,0,0,0,0,0,0,0,0,0
"13097","5","33999","77","0","2024","4","",6,46,48,49,818261,28698,639,1320,"",2.12,1.11,1.14,1.15,1.31,0.54,1.00,1.15,"",3,100.0,4,9.5,5,11.6,5,11.4,-33928,-4.0,-23374,-44.9,-569,-47.1,-204,-13.4
"13097","5","339991","78","0","2024","4","N",1,0,0,0,0,0,0,0,"N",4.34,0,0,0,0,0,0,0,"N",0,0.0,0,0,0,0,0,0,0,0,0,0,0,0,0,0
"13097","5","339999","78","0","2024","4","N",5,0,0,0,0,0,0,0,"N",2.23,0,0,0,0,0,0,0,"N",3,150.0,0,0,0,0,0,0,0,0,0,0,0,0,0,0
"13097","5","42","74","0","2024","4","N",172,0,0,0,0,0,0,0,"N",0.93,0,0,0,0,0,0,0,"N",3,1.8,0,0,0,0,0,0,0,0,0,0,0,0,0,0
"13097","5","423","75","0","2024","4","",111,3327,3328,3361,100783674,2471754,23524,2322,"",1.13,3.00,2.99,2.98,4.21,2.07,1.83,1.41,"",6,5.7,79,2.4,28,0.8,39,1.2,2195018,2.2,-312707,-11.2,-5162,-18.0,17,0.7
"13097","5","4231","76","0","2024","4","",15,176,175,175,3737940,75141,709,1640,"",1.91,1.45,1.43,1.42,1.89,0.54,0.47,1.32,"",2,15.4,12,7.3,3,1.7,-1,-0.6,485903,14.9,-124916,-62.4,-519,-42.3,174,11.9
"13097","5","42311","77","0","2024","4","",6,117,116,116,2784706,53700,586,1841,"",2.68,2.59,2.55,2.52,3.43,1.05,1.19,1.34,"",0,0.0,12,11.4,7,6.4,2,1.8,409460,17.2,-84426,-61.1,-365,-38.4,170,10.2
"13097","5","423110","78","0","2024","4","",6,117,116,116,2784706,53700,586,1841,"",2.68,2.59,2.55,2.52,3.43,1.05,1.19,1.34,"",0,0.0,12,11.4,7,6.4,2,1.8,409460,17.2,-84426,-61.1,-365,-38.4,170,10.2
"13097","5","42312","77","0","2024","4","N",8,0,0,0,0,0,0,0,"N",1.87,0,0,0,0,0,0,0,"N",2,33.3,0,0,0,0,0,0,0,0,0,0,0,0,0,0
"13097","5","423120","78","0","2024","4","N",8,0,0,0,0,0,0,0,"N",1.87,0,0,0,0,0,0,0,"N",2,33.3,0,0,0,0,0,0,0,0,0,0,0,0,0,0
"13097","5","42313","77","0","2024","4","N",1,0,0,0,0,0,0,0,"N",1.38,0,0,0,0,0,0,0,"N",0,0.0,0,0,0,0,0,0,0,0,0,0,0,0,0,0
"13097","5","423130","78","0","2024","4","N",1,0,0,0,0,0,0,0,"N",1.38,0,0,0,0,0,0,0,"N",0,0.0,0,0,0,0,0,0,0,0,0,0,0,0,0,0
"13097","5","4232","76","0","2024","4","N",6,0,0,0,0,0,0,0,"N",1.55,0,0,0,0,0,0,0,"N",2,50.0,0,0,0,0,0,0,0,0,0,0,0,0,0,0
"13097","5","42321","77","0","2024","4","N",3,0,0,0,0,0,0,0,"N",1.68,0,0,0,0,0,0,0,"N",1,50.0,0,0,0,0,0,0,0,0,0,0,0,0,0,0
"13097","5","423210","78","0","2024","4","N",3,0,0,0,0,0,0,0,"N",1.68,0,0,0,0,0,0,0,"N",1,50.0,0,0,0,0,0,0,0,0,0,0,0,0,0,0
"13097","5","42322","77","0","2024","4","N",3,0,0,0,0,0,0,0,"N",1.43,0,0,0,0,0,0,0,"N",1,50.0,0,0,0,0,0,0,0,0,0,0,0,0,0,0
"13097","5","423220","78","0","2024","4","N",3,0,0,0,0,0,0,0,"N",1.43,0,0,0,0,0,0,0,"N",1,50.0,0,0,0,0,0,0,0,0,0,0,0,0,0,0
"13097","5","4233","76","0","2024","4","",12,194,191,196,4159154,140162,976,1652,"",1.60,2.25,2.21,2.25,2.70,1.26,0.78,1.21,"",1,9.1,14,7.8,-3,-1.5,1,0.5,-66362,-1.6,18730,15.4,-93,-8.7,-62,-3.6
"13097","5","42331","77","0","2024","4","",5,96,94,98,2088035,94661,569,1673,"",1.77,2.59,2.52,2.60,3.15,1.81,1.10,1.23,"",0,0.0,18,23.1,1,1.1,4,4.3,16229,0.8,9793,11.5,-160,-21.9,-131,-7.3
"13097","5","423310","78","0","2024","4","",5,96,94,98,2088035,94661,569,1673,"",1.77,2.59,2.52,2.60,3.15,1.81,1.10,1.23,"",0,0.0,18,23.1,1,1.1,4,4.3,16229,0.8,9793,11.5,-160,-21.9,-131,-7.3
"13097","5","42332","77","0","2024","4","",3,73,73,73,1487773,31737,327,1568,"",1.57,3.33,3.34,3.32,3.97,1.29,0.97,1.19,"",0,0.0,-2,-2.7,-2,-2.7,-1,-1.4,11664,0.8,4029,14.5,62,23.4,47,3.1
"13097","5","423320","78","0","2024","4","",3,73,73,73,1487773,31737,327,1568,"",1.57,3.33,3.34,3.32,3.97,1.29,0.97,1.19,"",0,0.0,-2,-2.7,-2,-2.7,-1,-1.4,11664,0.8,4029,14.5,62,23.4,47,3.1
"13097","5","42333","77","0","2024","4","N",2,0,0,0,0,0,0,0,"N",1.64,0,0,0,0,0,0,0,"N",0,0.0,0,0,0,0,0,0,0,0,0,0,0,0,0,0
"13097","5","423330","78","0","2024","4","N",2,0,0,0,0,0,0,0,"N",1.64,0,0,0,0,0,0,0,"N",0,0.0,0,0,0,0,0,0,0,0,0,0,0,0,0,0
"13097","5","42339","77","0","2024","4","N",2,0,0,0,0,0,0,0,"N",1.29,0,0,0,0,0,0,0,"N",1,100.0,0,0,0,0,0,0,0,0,0,0,0,0,0,0
"13097","5","423390","78","0","2024","4","N",2,0,0,0,0,0,0,0,"N",1.29,0,0,0,0,0,0,0,"N",1,100.0,0,0,0,0,0,0,0,0,0,0,0,0,0,0
"13097","5","4234","76","0","2024","4","N",10,0,0,0,0,0,0,0,"N",0.47,0,0,0,0,0,0,0,"N",1,11.1,0,0,0,0,0,0,0,0,0,0,0,0,0,0
"13097","5","42342","77","0","2024","4","N",1,0,0,0,0,0,0,0,"N",0.59,0,0,0,0,0,0,0,"N",0,0.0,0,0,0,0,0,0,0,0,0,0,0,0,0,0
"13097","5","423420","78","0","2024","4","N",1,0,0,0,0,0,0,0,"N",0.59,0,0,0,0,0,0,0,"N",0,0.0,0,0,0,0,0,0,0,0,0,0,0,0,0,0
"13097","5","42343","77","0","2024","4","N",2,0,0,0,0,0,0,0,"N",0.40,0,0,0,0,0,0,0,"N",0,0.0,0,0,0,0,0,0,0,0,0,0,0,0,0,0
"13097","5","423430","78","0","2024","4","N",2,0,0,0,0,0,0,0,"N",0.40,0,0,0,0,0,0,0,"N",0,0.0,0,0,0,0,0,0,0,0,0,0,0,0,0,0
"13097","5","42344","77","0","2024","4","N",2,0,0,0,0,0,0,0,"N",1.03,0,0,0,0,0,0,0,"N",-1,-33.3,0,0,0,0,0,0,0,0,0,0,0,0,0,0
"13097","5","423440","78","0","2024","4","N",2,0,0,0,0,0,0,0,"N",1.03,0,0,0,0,0,0,0,"N",-1,-33.3,0,0,0,0,0,0,0,0,0,0,0,0,0,0
"13097","5","42345","77","0","2024","4","N",3,0,0,0,0,0,0,0,"N",0.30,0,0,0,0,0,0,0,"N",2,200.0,0,0,0,0,0,0,0,0,0,0,0,0,0,0
"13097","5","423450","78","0","2024","4","N",3,0,0,0,0,0,0,0,"N",0.30,0,0,0,0,0,0,0,"N",2,200.0,0,0,0,0,0,0,0,0,0,0,0,0,0,0
"13097","5","42346","77","0","2024","4","N",1,0,0,0,0,0,0,0,"N",1.50,0,0,0,0,0,0,0,"N",0,0.0,0,0,0,0,0,0,0,0,0,0,0,0,0,0
"13097","5","423460","78","0","2024","4","N",1,0,0,0,0,0,0,0,"N",1.50,0,0,0,0,0,0,0,"N",0,0.0,0,0,0,0,0,0,0,0,0,0,0,0,0,0
"13097","5","42349","77","0","2024","4","N",1,0,0,0,0,0,0,0,"N",0.71,0,0,0,0,0,0,0,"N",0,0.0,0,0,0,0,0,0,0,0,0,0,0,0,0,0
"13097","5","423490","78","0","2024","4","N",1,0,0,0,0,0,0,0,"N",0.71,0,0,0,0,0,0,0,"N",0,0.0,0,0,0,0,0,0,0,0,0,0,0,0,0,0
"13097","5","4235","76","0","2024","4","",5,51,50,55,867909,56962,259,1284,"",1.50,1.16,1.13,1.23,0.97,1.28,0.51,0.83,"N",1,25.0,0,0,0,0,0,0,0,0,0,0,0,0,0,0
"13097","5","42351","77","0","2024","4","",5,51,50,55,867909,56962,259,1284,"",1.56,1.19,1.16,1.25,1.01,1.29,0.53,0.84,"N",1,25.0,0,0,0,0,0,0,0,0,0,0,0,0,0,0
"13097","5","423510","78","0","2024","4","",5,51,50,55,867909,56962,259,1284,"",1.56,1.19,1.16,1.25,1.01,1.29,0.53,0.84,"N",1,25.0,0,0,0,0,0,0,0,0,0,0,0,0,0,0
"13097","5","4236","76","0","2024","4","",13,163,161,166,3144796,166165,1632,1481,"",1.13,1.33,1.31,1.33,1.07,1.40,1.28,0.81,"",-1,-7.1,2,1.2,0,0.0,4,2.5,244460,8.4,29350,21.5,17,1.1,98,7.1
"13097","5","42361","77","0","2024","4","",9,147,148,153,2882148,151088,1591,1485,"",1.61,2.25,2.25,2.30,2.04,2.27,2.35,0.90,"",-1,-10.0,-2,-1.3,-1,-0.7,3,2.0,252672,9.6,14273,10.4,-24,-1.5,131,9.7
"13097","5","423610","78","0","2024","4","",9,147,148,153,2882148,151088,1591,1485,"",1.61,2.25,2.25,2.30,2.04,2.27,2.35,0.90,"",-1,-10.0,-2,-1.3,-1,-0.7,3,2.0,252672,9.6,14273,10.4,-24,-1.5,131,9.7
"13097","5","42362","77","0","2024","4","-",0,0,0,0,0,0,0,0,"N",0.00,0,0,0,0,0,0,0,"N",-1,-100.0,0,0,0,0,0,0,0,0,0,0,0,0,0,0
"13097","5","423620","78","0","2024","4","-",0,0,0,0,0,0,0,0,"N",0.00,0,0,0,0,0,0,0,"N",-1,-100.0,0,0,0,0,0,0,0,0,0,0,0,0,0,0
"13097","5","42369","77","0","2024","4","",4,16,13,13,262648,15077,41,1443,"",0.89,0.35,0.28,0.28,0.21,0.38,0.09,0.69,"N",1,33.3,0,0,0,0,0,0,0,0,0,0,0,0,0,0
"13097","5","423690","78","0","2024","4","",4,16,13,13,262648,15077,41,1443,"",0.89,0.35,0.28,0.28,0.21,0.38,0.09,0.69,"N",1,33.3,0,0,0,0,0,0,0,0,0,0,0,0,0,0
"13097","5","4237","76","0","2024","4","",12,572,564,559,10035131,446379,2964,1366,"",1.48,5.58,5.47,5.34,4.79,3.78,2.63,0.88,"",-1,-7.7,12,2.1,11,2.0,4,0.7,477649,5.0,-82240,-15.6,-297,-9.1,44,3.3
"13097","5","42372","77","0","2024","4","",6,531,525,518,9198442,418410,2747,1349,"",1.95,13.39,13.15,12.79,11.34,8.50,6.08,0.87,"",-2,-25.0,4,0.8,5,1.0,-4,-0.8,159907,1.8,-104858,-20.0,-494,-15.2,20,1.5
"13097","5","423720","78","0","2024","4","",6,531,525,518,9198442,418410,2747,1349,"",1.95,13.39,13.15,12.79,11.34,8.50,6.08,0.87,"",-2,-25.0,4,0.8,5,1.0,-4,-0.8,159907,1.8,-104858,-20.0,-494,-15.2,20,1.5
"13097","5","42373","77","0","2024","4","",6,41,39,41,836689,27969,217,1596,"",2.81,1.49,1.41,1.46,1.29,0.95,0.76,0.89,"",1,20.0,8,24.2,6,18.2,8,24.2,317742,61.2,22618,422.7,197,985.0,386,31.9
"13097","5","423730","78","0","2024","4","",6,41,39,41,836689,27969,217,1596,"",2.81,1.49,1.41,1.46,1.29,0.95,0.76,0.89,"",1,20.0,8,24.2,6,18.2,8,24.2,317742,61.2,22618,422.7,197,985.0,386,31.9
"13097","5","4238","76","0","2024","4","",31,878,873,874,52703489,204531,805,4633,"",1.37,3.48,3.45,3.40,10.04,0.79,0.32,2.91,"",0,0.0,-27,-3.0,-56,-6.0,-83,-8.7,-2487217,-4.5,-202050,-49.7,-1260,-61.0,70,1.5
"13097","5","42381","77","0","2024","4","N",3,0,0,0,0,0,0,0,"N",1.73,0,0,0,0,0,0,0,"N",-1,-25.0,0,0,0,0,0,0,0,0,0,0,0,0,0,0
"13097","5","423810","78","0","2024","4","N",3,0,0,0,0,0,0,0,"N",1.73,0,0,0,0,0,0,0,"N",-1,-25.0,0,0,0,0,0,0,0,0,0,0,0,0,0,0
"13097","5","42382","77","0","2024","4","N",3,0,0,0,0,0,0,0,"N",1.09,0,0,0,0,0,0,0,"N",0,0.0,0,0,0,0,0,0,0,0,0,0,0,0,0,0
"13097","5","423820","78","0","2024","4","N",3,0,0,0,0,0,0,0,"N",1.09,0,0,0,0,0,0,0,"N",0,0.0,0,0,0,0,0,0,0,0,0,0,0,0,0,0
"13097","5","42383","77","0","2024","4","",11,88,79,86,2093796,18690,45,1910,"",1.02,0.79,0.70,0.75,0.87,0.18,0.04,1.17,"",0,0.0,1,1.1,-8,-9.2,3,3.6,-401135,-16.1,-2031,-9.8,-375,-89.3,-330,-14.7
"13097","5","423830","78","0","2024","4","",11,88,79,86,2093796,18690,45,1910,"",1.02,0.79,0.70,0.75,0.87,0.18,0.04,1.17,"",0,0.0,1,1.1,-8,-9.2,3,3.6,-401135,-16.1,-2031,-9.8,-375,-89.3,-330,-14.7
"13097","5","42384","77","0","2024","4","N",8,0,0,0,0,0,0,0,"N",2.03,0,0,0,0,0,0,0,"N",-1,-11.1,0,0,0,0,0,0,0,0,0,0,0,0,0,0
"13097","5","423840","78","0","2024","4","N",8,0,0,0,0,0,0,0,"N",2.03,0,0,0,0,0,0,0,"N",-1,-11.1,0,0,0,0,0,0,0,0,0,0,0,0,0,0
"13097","5","42385","77","0","2024","4","N",3,0,0,0,0,0,0,0,"N",1.53,0,0,0,0,0,0,0,"N",1,50.0,0,0,0,0,0,0,0,0,0,0,0,0,0,0
"13097","5","423850","78","0","2024","4","N",3,0,0,0,0,0,0,0,"N",1.53,0,0,0,0,0,0,0,"N",1,50.0,0,0,0,0,0,0,0,0,0,0,0,0,0,0
"13097","5","42386","77","0","2024","4","N",3,0,0,0,0,0,0,0,"N",2.12,0,0,0,0,0,0,0,"N",1,50.0,0,0,0,0,0,0,0,0,0,0,0,0,0,0
"13097","5","423860","78","0","2024","4","N",3,0,0,0,0,0,0,0,"N",2.12,0,0,0,0,0,0,0,"N",1,50.0,0,0,0,0,0,0,0,0,0,0,0,0,0,0
"13097","5","4239","76","0","2024","4","",7,58,60,63,1035089,28530,76,1320,"",0.55,0.56,0.57,0.60,0.58,0.22,0.05,1.01,"N",1,16.7,0,0,0,0,0,0,0,0,0,0,0,0,0,0
"13097","5","42391","77","0","2024","4","N",2,0,0,0,0,0,0,0,"N",0.76,0,0,0,0,0,0,0,"N",0,0.0,0,0,0,0,0,0,0,0,0,0,0,0,0,0
"13097","5","423910","78","0","2024","4","N",2,0,0,0,0,0,0,0,"N",0.76,0,0,0,0,0,0,0,"N",0,0.0,0,0,0,0,0,0,0,0,0,0,0,0,0,0
"13097","5","42393","77","0","2024","4","N",2,0,0,0,0,0,0,0,"N",0.87,0,0,0,0,0,0,0,"N",0,0.0,0,0,0,0,0,0,0,0,0,0,0,0,0,0
"13097","5","423930","78","0","2024","4","N",2,0,0,0,0,0,0,0,"N",0.87,0,0,0,0,0,0,0,"N",0,0.0,0,0,0,0,0,0,0,0,0,0,0,0,0,0
"13097","5","42399","77","0","2024","4","N",3,0,0,0,0,0,0,0,"N",0.64,0,0,0,0,0,0,0,"N",1,50.0,0,0,0,0,0,0,0,0,0,0,0,0,0,0
"13097","5","423990","78","0","2024","4","N",3,0,0,0,0,0,0,0,"N",0.64,0,0,0,0,0,0,0,"N",1,50.0,0,0,0,0,0,0,0,0,0,0,0,0,0,0
"13097","5","424","75","0","2024","4","",22,416,416,424,7758593,424078,7861,1426,"",0.42,0.58,0.58,0.58,0.57,0.47,0.81,0.99,"",-1,-4.3,39,10.3,15,3.7,10,2.4,360713,4.9,-49874,-10.5,-3445,-30.5,-6,-0.4
"13097","5","4241","76","0","2024","4","",8,220,221,226,4670808,240369,4895,1616,"",2.88,5.87,5.88,5.96,6.97,5.79,10.96,1.18,"N",3,60.0,0,0,0,0,0,0,0,0,0,0,0,0,0,0
"13097","5","42411","77","0","2024","4","N",1,0,0,0,0,0,0,0,"N",2.61,0,0,0,0,0,0,0,"N",0,0.0,0,0,0,0,0,0,0,0,0,0,0,0,0,0
"13097","5","424110","78","0","2024","4","N",1,0,0,0,0,0,0,0,"N",2.61,0,0,0,0,0,0,0,"N",0,0.0,0,0,0,0,0,0,0,0,0,0,0,0,0,0
"13097","5","42413","77","0","2024","4","N",7,0,0,0,0,0,0,0,"N",4.83,0,0,0,0,0,0,0,"N",3,75.0,0,0,0,0,0,0,0,0,0,0,0,0,0,0
"13097","5","424130","78","0","2024","4","N",7,0,0,0,0,0,0,0,"N",4.83,0,0,0,0,0,0,0,"N",3,75.0,0,0,0,0,0,0,0,0,0,0,0,0,0,0
"13097","5","4242","76","0","2024","4","-",0,0,0,0,0,0,0,0,"N",0.00,0,0,0,0,0,0,0,"N",-1,-100.0,0,0,0,0,0,0,0,0,0,0,0,0,0,0
"13097","5","42421","77","0","2024","4","-",0,0,0,0,0,0,0,0,"N",0.00,0,0,0,0,0,0,0,"N",-1,-100.0,0,0,0,0,0,0,0,0,0,0,0,0,0,0
"13097","5","424210","78","0","2024","4","-",0,0,0,0,0,0,0,0,"N",0.00,0,0,0,0,0,0,0,"N",-1,-100.0,0,0,0,0,0,0,0,0,0,0,0,0,0,0
"13097","5","4244","76","0","2024","4","",6,114,114,115,1920485,111005,1239,1292,"",0.41,0.42,0.42,0.42,0.44,0.30,0.30,1.05,"",-2,-25.0,-18,-13.6,-19,-14.3,-20,-14.8,-451359,-19.0,-44592,-28.7,-408,-24.8,-76,-5.6
"13097","5","42445","77","0","2024","4","N",1,0,0,0,0,0,0,0,"N",0.88,0,0,0,0,0,0,0,"N",0,0.0,0,0,0,0,0,0,0,0,0,0,0,0,0,0
"13097","5","424450","78","0","2024","4","N",1,0,0,0,0,0,0,0,"N",0.88,0,0,0,0,0,0,0,"N",0,0.0,0,0,0,0,0,0,0,0,0,0,0,0,0,0
"13097","5","42447","77","0","2024","4","N",2,0,0,0,0,0,0,0,"N",2.20,0,0,0,0,0,0,0,"N",0,0.0,0,0,0,0,0,0,0,0,0,0,0,0,0,0
"13097","5","424470","78","0","2024","4","N",2,0,0,0,0,0,0,0,"N",2.20,0,0,0,0,0,0,0,"N",0,0.0,0,0,0,0,0,0,0,0,0,0,0,0,0,0
"13097","5","42448","77","0","2024","4","N",1,0,0,0,0,0,0,0,"N",0.65,0,0,0,0,0,0,0,"N",0,0.0,0,0,0,0,0,0,0,0,0,0,0,0,0,0
"13097","5","424480","78","0","2024","4","N",1,0,0,0,0,0,0,0,"N",0.65,0,0,0,0,0,0,0,"N",0,0.0,0,0,0,0,0,0,0,0,0,0,0,0,0,0
"13097","5","42449","77","0","2024","4","N",2,0,0,0,0,0,0,0,"N",0.35,0,0,0,0,0,0,0,"N",-1,-33.3,0,0,0,0,0,0,0,0,0,0,0,0,0,0
"13097","5","424490","78","0","2024","4","N",2,0,0,0,0,0,0,0,"N",0.35,0,0,0,0,0,0,0,"N",-1,-33.3,0,0,0,0,0,0,0,0,0,0,0,0,0,0
"13097","5","4246","76","0","2024","4","N",2,0,0,0,0,0,0,0,"N",0.37,0,0,0,0,0,0,0,"N",-1,-33.3,0,0,0,0,0,0,0,0,0,0,0,0,0,0
"13097","5","42461","77","0","2024","4","N",1,0,0,0,0,0,0,0,"N",0.77,0,0,0,0,0,0,0,"N",0,0.0,0,0,0,0,0,0,0,0,0,0,0,0,0,0
"13097","5","424610","78","0","2024","4","N",1,0,0,0,0,0,0,0,"N",0.77,0,0,0,0,0,0,0,"N",0,0.0,0,0,0,0,0,0,0,0,0,0,0,0,0,0
"13097","5","42469","77","0","2024","4","N",1,0,0,0,0,0,0,0,"N",0.24,0,0,0,0,0,0,0,"N",-1,-50.0,0,0,0,0,0,0,0,0,0,0,0,0,0,0
"13097","5","424690","78","0","2024","4","N",1,0,0,0,0,0,0,0,"N",0.24,0,0,0,0,0,0,0,"N",-1,-50.0,0,0,0,0,0,0,0,0,0,0,0,0,0,0
"13097","5","4247","76","0","2024","4","N",1,0,0,0,0,0,0,0,"N",0.41,0,0,0,0,0,0,0,"N",0,0.0,0,0,0,0,0,0,0,0,0,0,0,0,0,0
"13097","5","42472","77","0","2024","4","N",1,0,0,0,0,0,0,0,"N",0.60,0,0,0,0,0,0,0,"N",0,0.0,0,0,0,0,0,0,0,0,0,0,0,0,0,0
"13097","5","424720","78","0","2024","4","N",1,0,0,0,0,0,0,0,"N",0.60,0,0,0,0,0,0,0,"N",0,0.0,0,0,0,0,0,0,0,0,0,0,0,0,0,0
"13097","5","4249","76","0","2024","4","",5,66,66,67,883087,71072,1719,1024,"",0.44,0.63,0.62,0.63,0.52,0.49,1.10,0.82,"",0,0.0,26,65.0,11,20.0,10,17.5,157805,21.8,-32568,-31.4,-2385,-58.1,-77,-7.0
"13097","5","42491","77","0","2024","4","N",1,0,0,0,0,0,0,0,"N",0.26,0,0,0,0,0,0,0,"N",0,0.0,0,0,0,0,0,0,0,0,0,0,0,0,0,0
"13097","5","424910","78","0","2024","4","N",1,0,0,0,0,0,0,0,"N",0.26,0,0,0,0,0,0,0,"N",0,0.0,0,0,0,0,0,0,0,0,0,0,0,0,0,0
"13097","5","42492","77","0","2024","4","N",2,0,0,0,0,0,0,0,"N",3.67,0,0,0,0,0,0,0,"N",0,0.0,0,0,0,0,0,0,0,0,0,0,0,0,0,0
"13097","5","424920","78","0","2024","4","N",2,0,0,0,0,0,0,0,"N",3.67,0,0,0,0,0,0,0,"N",0,0.0,0,0,0,0,0,0,0,0,0,0,0,0,0,0
"13097","5","42499","77","0","2024","4","N",2,0,0,0,0,0,0,0,"N",0.46,0,0,0,0,0,0,0,"N",0,0.0,0,0,0,0,0,0,0,0,0,0,0,0,0,0
"13097","5","424990","78","0","2024","4","N",2,0,0,0,0,0,0,0,"N",0.46,0,0,0,0,0,0,0,"N",0,0.0,0,0,0,0,0,0,0,0,0,0,0,0,0,0
"13097","5","425","75","0","2024","4","N",39,0,0,0,0,0,0,0,"N",1.17,0,0,0,0,0,0,0,"N",-2,-4.9,0,0,0,0,0,0,0,0,0,0,0,0,0,0
"13097","5","4251","76","0","2024","4","N",39,0,0,0,0,0,0,0,"N",1.17,0,0,0,0,0,0,0,"N",-2,-4.9,0,0,0,0,0,0,0,0,0,0,0,0,0,0
"13097","5","42512","77","0","2024","4","N",39,0,0,0,0,0,0,0,"N",1.17,0,0,0,0,0,0,0,"N",-2,-4.9,0,0,0,0,0,0,0,0,0,0,0,0,0,0
"13097","5","425120","78","0","2024","4","N",39,0,0,0,0,0,0,0,"N",1.17,0,0,0,0,0,0,0,"N",-2,-4.9,0,0,0,0,0,0,0,0,0,0,0,0,0,0
"13097","5","44-45","74","0","2024","4","",472,8341,8459,8672,80975847,9488299,103481,734,"",1.52,1.66,1.64,1.65,1.83,1.25,1.51,1.11,"",11,2.4,9,0.1,-164,-1.9,-19,-0.2,1039543,1.3,-1101861,-10.4,1115,1.1,15,2.1
"13097","5","441","75","0","2024","4","",65,1173,1170,1183,18995304,1181822,12121,1243,"",1.80,1.76,1.75,1.75,1.99,1.19,1.24,1.13,"",-4,-5.8,-125,-9.6,-130,-10.0,-86,-6.8,-943487,-4.7,-187770,-13.7,-4433,-26.8,53,4.5
"13097","5","4411","76","0","2024","4","",30,798,796,808,14990448,849686,10229,1440,"",2.20,1.91,1.89,1.90,2.15,1.41,1.60,1.13,"",-2,-6.2,-112,-12.3,-119,-13.0,-83,-9.3,-948860,-6.0,-176871,-17.2,-4319,-29.7,86,6.4
"13097","5","44111","77","0","2024","4","",10,633,630,638,12489126,700658,8920,1516,"",1.62,1.74,1.72,1.73,2.01,1.35,1.65,1.16,"",0,0.0,-82,-11.5,-86,-12.0,-61,-8.7,-853492,-6.4,-89564,-11.3,-1981,-18.2,70,4.8
"13097","5","441110","78","0","2024","4","",10,633,630,638,12489126,700658,8920,1516,"",1.62,1.74,1.72,1.73,2.01,1.35,1.65,1.16,"",0,0.0,-82,-11.5,-86,-12.0,-61,-8.7,-853492,-6.4,-89564,-11.3,-1981,-18.2,70,4.8
"13097","5","44112","77","0","2024","4","",20,165,166,170,2501322,149028,1309,1152,"",2.67,3.06,3.06,3.11,3.29,1.82,1.28,1.07,"",-2,-9.1,-30,-15.4,-33,-16.6,-22,-11.5,-95368,-3.7,-87307,-36.9,-2338,-64.1,129,12.6
"13097","5","441120","78","0","2024","4","",20,165,166,170,2501322,149028,1309,1152,"",2.67,3.06,3.06,3.11,3.29,1.82,1.28,1.07,"",-2,-9.1,-30,-15.4,-33,-16.6,-22,-11.5,-95368,-3.7,-87307,-36.9,-2338,-64.1,129,12.6
"13097","5","4412","76","0","2024","4","",6,46,45,47,603099,60095,388,1009,"",1.35,0.85,0.84,0.88,0.84,0.75,0.42,0.99,"",-1,-14.3,-30,-39.5,-27,-37.5,-23,-32.9,-266464,-30.6,-25695,-30.0,-192,-33.1,89,9.7
"13097","5","44121","77","0","2024","4","N",2,0,0,0,0,0,0,0,"N",2.22,0,0,0,0,0,0,0,"N",0,0.0,0,0,0,0,0,0,0,0,0,0,0,0,0,0
"13097","5","441210","78","0","2024","4","N",2,0,0,0,0,0,0,0,"N",2.22,0,0,0,0,0,0,0,"N",0,0.0,0,0,0,0,0,0,0,0,0,0,0,0,0,0
"13097","5","44122","77","0","2024","4","N",4,0,0,0,0,0,0,0,"N",1.13,0,0,0,0,0,0,0,"N",-1,-20.0,0,0,0,0,0,0,0,0,0,0,0,0,0,0
"13097","5","441222","78","0","2024","4","N",1,0,0,0,0,0,0,0,"N",0.76,0,0,0,0,0,0,0,"N",0,0.0,0,0,0,0,0,0,0,0,0,0,0,0,0,0
"13097","5","441227","78","0","2024","4","N",3,0,0,0,0,0,0,0,"N",1.34,0,0,0,0,0,0,0,"N",-1,-25.0,0,0,0,0,0,0,0,0,0,0,0,0,0,0
"13097","5","4413","76","0","2024","4","",29,329,329,328,3401757,272041,1504,796,"",1.62,1.71,1.70,1.67,1.85,0.88,0.61,1.09,"",-1,-3.3,17,5.4,16,5.1,20,6.5,271837,8.7,14796,5.8,78,5.5,22,2.8
"13097","5","44133","77","0","2024","4","",18,236,238,233,2229885,165727,533,728,"",1.51,1.82,1.83,1.77,2.01,0.85,0.35,1.11,"",0,0.0,14,6.3,17,7.7,15,6.9,174784,8.5,20237,13.9,41,8.3,11,1.5
"13097","5","441330","78","0","2024","4","",18,236,238,233,2229885,165727,533,728,"",1.51,1.82,1.83,1.77,2.01,0.85,0.35,1.11,"",0,0.0,14,6.3,17,7.7,15,6.9,174784,8.5,20237,13.9,41,8.3,11,1.5
"13097","5","44134","77","0","2024","4","",11,93,91,95,1171872,106314,971,969,"",1.83,1.48,1.43,1.48,1.60,0.94,1.01,1.10,"",-1,-8.3,3,3.3,-1,-1.1,5,5.6,97053,9.0,-5441,-4.9,37,4.0,57,6.2
"13097","5","441340","78","0","2024","4","",11,93,91,95,1171872,106314,971,969,"",1.83,1.48,1.43,1.48,1.60,0.94,1.01,1.10,"",-1,-8.3,3,3.3,-1,-1.1,5,5.6,97053,9.0,-5441,-4.9,37,4.0,57,6.2
"13097","5","444","75","0","2024","4","",27,619,604,610,5136527,450588,8264,647,"",1.28,1.40,1.36,1.37,1.25,0.74,1.55,0.91,"",3,12.5,-38,-5.8,-35,-5.5,-30,-4.7,74534,1.5,36402,8.8,5745,228.1,44,7.3
"13097","5","4441","76","0","2024","4","",22,576,559,574,4756398,425652,7975,642,"",1.38,1.51,1.46,1.48,1.32,0.81,1.89,0.89,"",3,15.8,-27,-4.5,-36,-6.1,-19,-3.2,65024,1.4,44973,11.8,5846,274.6,38,6.3
"13097","5","44411","77","0","2024","4","N",6,0,0,0,0,0,0,0,"N",2.19,0,0,0,0,0,0,0,"N",0,0.0,0,0,0,0,0,0,0,0,0,0,0,0,0,0
"13097","5","444110","78","0","2024","4","N",6,0,0,0,0,0,0,0,"N",2.19,0,0,0,0,0,0,0,"N",0,0.0,0,0,0,0,0,0,0,0,0,0,0,0,0,0
"13097","5","44412","77","0","2024","4","N",3,0,0,0,0,0,0,0,"N",1.53,0,0,0,0,0,0,0,"N",0,0.0,0,0,0,0,0,0,0,0,0,0,0,0,0,0
"13097","5","444120","78","0","2024","4","N",3,0,0,0,0,0,0,0,"N",1.53,0,0,0,0,0,0,0,"N",0,0.0,0,0,0,0,0,0,0,0,0,0,0,0,0,0
"13097","5","44414","77","0","2024","4","",5,92,88,89,879543,102984,1631,755,"",1.11,1.64,1.56,1.55,1.88,1.20,2.48,1.19,"",0,0.0,-6,-6.1,-11,-11.1,-13,-12.7,17435,2.0,-22521,-17.9,-171,-9.5,90,13.5
"13097","5","444140","78","0","2024","4","",5,92,88,89,879543,102984,1631,755,"",1.11,1.64,1.56,1.55,1.88,1.20,2.48,1.19,"",0,0.0,-6,-6.1,-11,-11.1,-13,-12.7,17435,2.0,-22521,-17.9,-171,-9.5,90,13.5
"13097","5","44418","77","0","2024","4","",8,31,31,31,309013,36471,802,767,"",1.19,0.38,0.38,0.38,0.25,0.34,0.75,0.66,"",3,60.0,3,10.7,3,10.7,3,10.7,1782,0.6,30240,485.3,786,4912.5,-77,-9.1
"13097","5","444180","78","0","2024","4","",8,31,31,31,309013,36471,802,767,"",1.19,0.38,0.38,0.38,0.25,0.34,0.75,0.66,"",3,60.0,3,10.7,3,10.7,3,10.7,1782,0.6,30240,485.3,786,4912.5,-77,-9.1
"13097","5","4442","76","0","2024","4","",5,43,45,36,380129,24936,289,707,"",0.98,0.71,0.76,0.61,0.73,0.29,0.26,1.06,"",0,0.0,-11,-20.4,1,2.3,-11,-23.4,9510,2.6,-8571,-25.6,-101,-25.9,117,19.8
"13097","5","44423","77","0","2024","4","N",2,0,0,0,0,0,0,0,"N",1.84,0,0,0,0,0,0,0,"N",0,0.0,0,0,0,0,0,0,0,0,0,0,0,0,0,0
"13097","5","444230","78","0","2024","4","N",2,0,0,0,0,0,0,0,"N",1.84,0,0,0,0,0,0,0,"N",0,0.0,0,0,0,0,0,0,0,0,0,0,0,0,0,0
"13097","5","44424","77","0","2024","4","N",3,0,0,0,0,0,0,0,"N",0.75,0,0,0,0,0,0,0,"N",0,0.0,0,0,0,0,0,0,0,0,0,0,0,0,0,0
"13097","5","444240","78","0","2024","4","N",3,0,0,0,0,0,0,0,"N",0.75,0,0,0,0,0,0,0,"N",0,0.0,0,0,0,0,0,0,0,0,0,0,0,0,0,0
"13097","5","445","75","0","2024","4","",58,1287,1283,1302,10243354,1383658,19884,610,"",1.25,1.23,1.21,1.21,1.40,0.89,1.61,1.15,"",-1,-1.7,-141,-9.9,-185,-12.6,-178,-12.0,-890240,-8.0,-177993,-11.4,12826,181.7,23,3.9
"13097","5","4451","76","0","2024","4","",39,1163,1164,1171,9557386,1199111,18193,631,"",1.38,1.28,1.26,1.25,1.51,0.90,1.85,1.20,"",-1,-2.5,-144,-11.0,-169,-12.7,-178,-13.2,-830393,-8.0,-232351,-16.2,12076,197.4,30,5.0
"13097","5","44511","77","0","2024","4","",21,1126,1126,1133,9134272,1172269,17696,623,"",1.23,1.33,1.31,1.30,1.55,0.96,2.07,1.18,"",2,10.5,-139,-11.0,-164,-12.7,-173,-13.2,-735561,-7.5,-209720,-15.2,12108,216.7,33,5.6
"13097","5","445110","78","0","2024","4","",21,1126,1126,1133,9134272,1172269,17696,623,"",1.23,1.33,1.31,1.30,1.55,0.96,2.07,1.18,"",2,10.5,-139,-11.0,-164,-12.7,-173,-13.2,-735561,-7.5,-209720,-15.2,12108,216.7,33,5.6
"13097","5","44513","77","0","2024","4","",18,37,38,38,423114,26842,497,864,"",1.60,0.56,0.57,0.57,0.93,0.25,0.38,1.64,"",-3,-14.3,-5,-11.9,-5,-11.6,-5,-11.6,-94832,-18.3,-22631,-45.7,-32,-6.0,-70,-7.5
"13097","5","445131","78","0","2024","4","N",15,0,0,0,0,0,0,0,"N",1.47,0,0,0,0,0,0,0,"N",-4,-21.1,0,0,0,0,0,0,0,0,0,0,0,0,0,0
"13097","5","445132","78","0","2024","4","N",3,0,0,0,0,0,0,0,"N",2.98,0,0,0,0,0,0,0,"N",1,50.0,0,0,0,0,0,0,0,0,0,0,0,0,0,0
"13097","5","4452","76","0","2024","4","N",2,0,0,0,0,0,0,0,"N",0.24,0,0,0,0,0,0,0,"N",0,0.0,0,0,0,0,0,0,0,0,0,0,0,0,0,0
"13097","5","44523","77","0","2024","4","N",1,0,0,0,0,0,0,0,"N",1.01,0,0,0,0,0,0,0,"N",0,0.0,0,0,0,0,0,0,0,0,0,0,0,0,0,0
"13097","5","445230","78","0","2024","4","N",1,0,0,0,0,0,0,0,"N",1.01,0,0,0,0,0,0,0,"N",0,0.0,0,0,0,0,0,0,0,0,0,0,0,0,0,0
"13097","5","44529","77","0","2024","4","N",1,0,0,0,0,0,0,0,"N",0.21,0,0,0,0,0,0,0,"N",0,0.0,0,0,0,0,0,0,0,0,0,0,0,0,0,0
"13097","5","445298","78","0","2024","4","N",1,0,0,0,0,0,0,0,"N",0.32,0,0,0,0,0,0,0,"N",0,0.0,0,0,0,0,0,0,0,0,0,0,0,0,0,0
"13097","5","4453","76","0","2024","4","N",17,0,0,0,0,0,0,0,"N",1.71,0,0,0,0,0,0,0,"N",0,0.0,0,0,0,0,0,0,0,0,0,0,0,0,0,0
"13097","5","44532","77","0","2024","4","N",17,0,0,0,0,0,0,0,"N",1.71,0,0,0,0,0,0,0,"N",0,0.0,0,0,0,0,0,0,0,0,0,0,0,0,0,0
"13097","5","445320","78","0","2024","4","N",17,0,0,0,0,0,0,0,"N",1.71,0,0,0,0,0,0,0,"N",0,0.0,0,0,0,0,0,0,0,0,0,0,0,0,0,0
"13097","5","449","75","0","2024","4","",37,253,244,253,2212745,274679,3491,681,"",1.45,0.98,0.92,0.94,0.68,0.74,0.88,0.72,"",-2,-5.1,-24,-8.7,-66,-21.3,-53,-17.3,-284912,-11.4,-99881,-26.7,259,8.0,36,5.6
"13097","5","4491","76","0","2024","4","",18,132,129,126,1110717,136181,1293,662,"",1.34,1.00,0.95,0.91,0.74,0.70,0.64,0.78,"",0,0.0,-8,-5.7,-27,-17.3,-25,-16.6,-89531,-7.5,-46826,-25.6,-451,-25.9,42,6.8
"13097","5","44911","77","0","2024","4","",10,50,47,47,679740,21498,77,1089,"",1.52,0.78,0.73,0.72,0.88,0.24,0.08,1.17,"",-2,-16.7,-13,-20.6,-17,-26.6,-15,-24.2,-90085,-11.7,-31730,-59.6,-140,-64.5,149,15.9
"13097","5","449110","78","0","2024","4","",10,50,47,47,679740,21498,77,1089,"",1.52,0.78,0.73,0.72,0.88,0.24,0.08,1.17,"",-2,-16.7,-13,-20.6,-17,-26.6,-15,-24.2,-90085,-11.7,-31730,-59.6,-140,-64.5,149,15.9
"13097","5","44912","77","0","2024","4","",8,82,82,79,430977,114683,1216,409,"",1.17,1.21,1.15,1.07,0.59,1.07,1.10,0.52,"",2,33.3,5,6.5,-10,-10.9,-10,-11.2,554,0.1,-15096,-11.6,-311,-20.4,24,6.2
"13097","5","449121","78","0","2024","4","N",2,0,0,0,0,0,0,0,"N",0.76,0,0,0,0,0,0,0,"N",1,100.0,0,0,0,0,0,0,0,0,0,0,0,0,0,0
"13097","5","449129","78","0","2024","4","N",6,0,0,0,0,0,0,0,"N",1.77,0,0,0,0,0,0,0,"N",1,20.0,0,0,0,0,0,0,0,0,0,0,0,0,0,0
"13097","5","4492","76","0","2024","4","",19,121,115,127,1102028,138498,2198,701,"",1.58,0.95,0.88,0.97,0.62,0.80,1.13,0.67,"",-2,-9.5,-16,-11.7,-39,-25.3,-28,-18.1,-195381,-15.1,-53055,-27.7,710,47.7,30,4.5
"13097","5","44921","77","0","2024","4","",19,121,115,127,1102028,138498,2198,701,"",1.58,0.95,0.88,0.97,0.62,0.80,1.13,0.67,"",-2,-9.5,-16,-11.7,-39,-25.3,-28,-18.1,-195381,-15.1,-53055,-27.7,710,47.7,30,4.5
"13097","5","449210","78","0","2024","4","",19,121,115,127,1102028,138498,2198,701,"",1.58,0.95,0.88,0.97,0.62,0.80,1.13,0.67,"",-2,-9.5,-16,-11.7,-39,-25.3,-28,-18.1,-195381,-15.1,-53055,-27.7,710,47.7,30,4.5
"13097","5","455","75","0","2024","4","",43,1944,2027,2098,15567385,2351492,17843,592,"",1.79,1.82,1.82,1.84,2.15,1.44,1.39,1.18,"",0,0.0,230,13.4,192,10.5,256,13.9,2276116,17.1,-39595,-1.7,-1598,-8.2,23,4.0
"13097","5","4551","76","0","2024","4","",9,485,541,551,3286515,633044,5042,481,"",2.50,1.45,1.49,1.47,1.62,1.17,1.06,1.10,"",1,12.5,-37,-7.1,-34,-5.9,-26,-4.5,-111481,-3.3,-54288,-7.9,-180,-3.4,13,2.8
"13097","5","45511","77","0","2024","4","",9,485,541,551,3286515,633044,5042,481,"",2.50,1.45,1.49,1.47,1.62,1.17,1.06,1.10,"",1,12.5,-37,-7.1,-34,-5.9,-26,-4.5,-111481,-3.3,-54288,-7.9,-180,-3.4,13,2.8
"13097","5","455110","78","0","2024","4","",9,485,541,551,3286515,633044,5042,481,"",2.50,1.45,1.49,1.47,1.62,1.17,1.06,1.10,"",1,12.5,-37,-7.1,-34,-5.9,-26,-4.5,-111481,-3.3,-54288,-7.9,-180,-3.4,13,2.8
"13097","5","4552","76","0","2024","4","",34,1459,1486,1547,12280870,1718448,12801,631,"",1.67,1.99,1.97,2.02,2.36,1.57,1.60,1.18,"",-1,-2.9,267,22.4,226,17.9,282,22.3,2387597,24.1,14693,0.9,-1418,-10.0,17,2.8
"13097","5","45521","77","0","2024","4","",34,1459,1486,1547,12280870,1718448,12801,631,"",1.67,1.99,1.97,2.02,2.36,1.57,1.60,1.18,"",-1,-2.9,267,22.4,226,17.9,282,22.3,2387597,24.1,14693,0.9,-1418,-10.0,17,2.8
"13097","5","455211","78","0","2024","4","N",3,0,0,0,0,0,0,0,"N",1.62,0,0,0,0,0,0,0,"N",0,0.0,0,0,0,0,0,0,0,0,0,0,0,0,0,0
"13097","5","455219","78","0","2024","4","N",31,0,0,0,0,0,0,0,"N",1.67,0,0,0,0,0,0,0,"N",-1,-3.1,0,0,0,0,0,0,0,0,0,0,0,0,0,0
"13097","5","456","75","0","2024","4","",55,473,485,492,4746496,491120,6312,755,"",1.66,1.34,1.35,1.34,1.27,0.98,1.38,0.94,"",7,14.6,-20,-4.1,-18,-3.6,-14,-2.8,-117017,-2.4,-118360,-19.4,-54,-0.8,8,1.1
"13097","5","4561","76","0","2024","4","",55,473,485,492,4746496,491120,6312,755,"",1.66,1.34,1.35,1.34,1.27,0.98,1.38,0.94,"",7,14.6,-20,-4.1,-18,-3.6,-14,-2.8,-117017,-2.4,-118360,-19.4,-54,-0.8,8,1.1
"13097","5","45611","77","0","2024","4","",24,186,185,190,2141562,186958,1195,881,"",1.34,0.83,0.82,0.82,0.85,0.60,0.47,1.03,"",2,9.1,-30,-13.9,-27,-12.7,-24,-11.2,-334378,-13.5,-71394,-27.6,-670,-35.9,-9,-1.0
"13097","5","456110","78","0","2024","4","",24,186,185,190,2141562,186958,1195,881,"",1.34,0.83,0.82,0.82,0.85,0.60,0.47,1.03,"",2,9.1,-30,-13.9,-27,-12.7,-24,-11.2,-334378,-13.5,-71394,-27.6,-670,-35.9,-9,-1.0
"13097","5","45612","77","0","2024","4","",20,176,185,187,1199515,234890,3251,505,"",3.44,2.67,2.63,2.59,2.61,2.34,3.10,0.99,"",4,25.0,3,1.7,0,0.0,0,0.0,14706,1.2,-15193,-6.1,-492,-13.1,3,0.6
"13097","5","456120","78","0","2024","4","",20,176,185,187,1199515,234890,3251,505,"",3.44,2.67,2.63,2.59,2.61,2.34,3.10,0.99,"",4,25.0,3,1.7,0,0.0,0,0.0,14706,1.2,-15193,-6.1,-492,-13.1,3,0.6
"13097","5","45613","77","0","2024","4","",6,87,89,89,1124451,42143,1234,979,"",1.96,3.73,3.79,3.73,4.50,1.25,4.00,1.20,"N",0,0.0,0,0,0,0,0,0,0,0,0,0,0,0,0,0
"13097","5","456130","78","0","2024","4","",6,87,89,89,1124451,42143,1234,979,"",1.96,3.73,3.79,3.73,4.50,1.25,4.00,1.20,"N",0,0.0,0,0,0,0,0,0,0,0,0,0,0,0,0,0
"13097","5","45619","77","0","2024","4","",5,24,26,26,280968,27129,632,853,"",0.78,0.62,0.67,0.66,0.56,0.47,0.99,0.87,"N",1,25.0,0,0,0,0,0,0,0,0,0,0,0,0,0,0
"13097","5","456191","78","0","2024","4","N",3,0,0,0,0,0,0,0,"N",1.00,0,0,0,0,0,0,0,"N",0,0.0,0,0,0,0,0,0,0,0,0,0,0,0,0,0
"13097","5","456199","78","0","2024","4","N",2,0,0,0,0,0,0,0,"N",0.59,0,0,0,0,0,0,0,"N",1,100.0,0,0,0,0,0,0,0,0,0,0,0,0,0,0
"13097","5","457","75","0","2024","4","",75,482,481,472,3781810,515841,6551,608,"",2.19,1.42,1.41,1.37,1.56,0.89,1.30,1.11,"",2,2.7,25,5.5,51,11.9,22,4.9,134331,3.7,-14199,-2.7,1207,22.6,-22,-3.5
"13097","5","4571","76","0","2024","4","N",72,0,0,0,0,0,0,0,"N",2.24,0,0,0,0,0,0,0,"N",3,4.3,0,0,0,0,0,0,0,0,0,0,0,0,0,0
"13097","5","45711","77","0","2024","4","",68,457,453,444,3400306,472482,5598,580,"",2.31,1.59,1.57,1.53,1.86,0.95,1.34,1.19,"N",0,0.0,0,0,0,0,0,0,0,0,0,0,0,0,0,0
"13097","5","457110","78","0","2024","4","",68,457,453,444,3400306,472482,5598,580,"",2.31,1.59,1.57,1.53,1.86,0.95,1.34,1.19,"N",0,0.0,0,0,0,0,0,0,0,0,0,0,0,0,0,0
"13097","5","45712","77","0","2024","4","N",4,0,0,0,0,0,0,0,"N",1.49,0,0,0,0,0,0,0,"N",3,300.0,0,0,0,0,0,0,0,0,0,0,0,0,0,0
"13097","5","457120","78","0","2024","4","N",4,0,0,0,0,0,0,0,"N",1.49,0,0,0,0,0,0,0,"N",3,300.0,0,0,0,0,0,0,0,0,0,0,0,0,0,0
"13097","5","4572","76","0","2024","4","N",3,0,0,0,0,0,0,0,"N",1.38,0,0,0,0,0,0,0,"N",-1,-25.0,0,0,0,0,0,0,0,0,0,0,0,0,0,0
"13097","5","45721","77","0","2024","4","N",3,0,0,0,0,0,0,0,"N",1.38,0,0,0,0,0,0,0,"N",-1,-25.0,0,0,0,0,0,0,0,0,0,0,0,0,0,0
"13097","5","457210","78","0","2024","4","N",3,0,0,0,0,0,0,0,"N",1.38,0,0,0,0,0,0,0,"N",-1,-25.0,0,0,0,0,0,0,0,0,0,0,0,0,0,0
"13097","5","458","75","0","2024","4","",54,1308,1316,1401,11291016,1906525,22142,647,"",1.56,3.52,3.32,3.38,4.10,3.23,3.46,1.20,"",1,1.9,176,15.5,73,5.9,91,6.9,519206,4.8,-453031,-19.2,-10179,-31.5,-28,-4.1
"13097","5","4581","76","0","2024","4","",36,1157,1152,1229,10297155,1669768,21116,672,"",1.50,4.18,3.89,3.98,5.44,3.72,4.29,1.36,"",-1,-2.7,168,17.0,71,6.6,105,9.3,540117,5.5,-445764,-21.1,-10411,-33.0,-33,-4.7
"13097","5","45811","77","0","2024","4","",36,1157,1152,1229,10297155,1669768,21116,672,"",1.50,4.18,3.89,3.98,5.44,3.72,4.29,1.36,"",-1,-2.7,168,17.0,71,6.6,105,9.3,540117,5.5,-445764,-21.1,-10411,-33.0,-33,-4.7
"13097","5","458110","78","0","2024","4","",36,1157,1152,1229,10297155,1669768,21116,672,"",1.50,4.18,3.89,3.98,5.44,3.72,4.29,1.36,"",-1,-2.7,168,17.0,71,6.6,105,9.3,540117,5.5,-445764,-21.1,-10411,-33.0,-33,-4.7
"13097","5","4582","76","0","2024","4","",8,89,100,103,395415,123694,764,312,"",1.81,1.63,1.72,1.68,1.11,1.51,0.96,0.66,"",1,14.3,13,17.1,10,11.1,-5,-4.6,21420,5.7,-12868,-9.4,153,25.0,-3,-1.0
"13097","5","45821","77","0","2024","4","",8,89,100,103,395415,123694,764,312,"",1.81,1.63,1.72,1.68,1.11,1.51,0.96,0.66,"",1,14.3,13,17.1,10,11.1,-5,-4.6,21420,5.7,-12868,-9.4,153,25.0,-3,-1.0
"13097","5","458210","78","0","2024","4","",8,89,100,103,395415,123694,764,312,"",1.81,1.63,1.72,1.68,1.11,1.51,0.96,0.66,"",1,14.3,13,17.1,10,11.1,-5,-4.6,21420,5.7,-12868,-9.4,153,25.0,-3,-1.0
"13097","5","4583","76","0","2024","4","",10,62,64,69,598446,113063,262,708,"",1.61,1.53,1.51,1.55,1.18,1.88,0.39,0.77,"",1,11.1,-5,-7.5,-8,-11.1,-9,-11.5,-42331,-6.6,5601,5.2,79,43.2,27,4.0
"13097","5","45831","77","0","2024","4","",10,62,64,69,598446,113063,262,708,"",1.71,1.68,1.66,1.71,1.31,2.07,0.44,0.78,"",1,11.1,-5,-7.5,-8,-11.1,-9,-11.5,-42331,-6.6,5601,5.2,79,43.2,27,4.0
"13097","5","458310","78","0","2024","4","",10,62,64,69,598446,113063,262,708,"",1.71,1.68,1.66,1.71,1.31,2.07,0.44,0.78,"",1,11.1,-5,-7.5,-8,-11.1,-9,-11.5,-42331,-6.6,5601,5.2,79,43.2,27,4.0
"13097","5","459","75","0","2024","4","",58,802,849,861,9001210,932574,6873,827,"",1.06,1.63,1.69,1.68,2.33,1.19,0.83,1.40,"",5,9.4,-74,-8.4,-46,-5.1,-27,-3.0,271012,3.1,-47434,-4.8,-2658,-27.9,69,9.1
"13097","5","4591","76","0","2024","4","",12,181,202,209,1284123,238586,823,501,"",0.91,1.15,1.21,1.22,1.21,0.92,0.37,1.01,"",2,20.0,-13,-6.7,-14,-6.5,-15,-6.7,-38621,-2.9,-30482,-11.3,-41,-4.7,20,4.2
"13097","5","45911","77","0","2024","4","N",7,0,0,0,0,0,0,0,"N",0.97,0,0,0,0,0,0,0,"N",2,40.0,0,0,0,0,0,0,0,0,0,0,0,0,0,0
"13097","5","459110","78","0","2024","4","N",7,0,0,0,0,0,0,0,"N",0.97,0,0,0,0,0,0,0,"N",2,40.0,0,0,0,0,0,0,0,0,0,0,0,0,0,0
"13097","5","45912","77","0","2024","4","",4,62,75,79,395931,108848,456,423,"",1.08,1.48,1.64,1.70,1.53,1.40,0.69,0.95,"N",0,0.0,0,0,0,0,0,0,0,0,0,0,0,0,0,0
"13097","5","459120","78","0","2024","4","",4,62,75,79,395931,108848,456,423,"",1.08,1.48,1.64,1.70,1.53,1.40,0.69,0.95,"N",0,0.0,0,0,0,0,0,0,0,0,0,0,0,0,0,0
"13097","5","45914","77","0","2024","4","N",1,0,0,0,0,0,0,0,"N",0.94,0,0,0,0,0,0,0,"N",0,0.0,0,0,0,0,0,0,0,0,0,0,0,0,0,0
"13097","5","459140","78","0","2024","4","N",1,0,0,0,0,0,0,0,"N",0.94,0,0,0,0,0,0,0,"N",0,0.0,0,0,0,0,0,0,0,0,0,0,0,0,0,0
"13097","5","4592","76","0","2024","4","N",3,0,0,0,0,0,0,0,"N",1.32,0,0,0,0,0,0,0,"N",0,0.0,0,0,0,0,0,0,0,0,0,0,0,0,0,0
"13097","5","45921","77","0","2024","4","N",3,0,0,0,0,0,0,0,"N",1.32,0,0,0,0,0,0,0,"N",0,0.0,0,0,0,0,0,0,0,0,0,0,0,0,0,0
"13097","5","459210","78","0","2024","4","N",3,0,0,0,0,0,0,0,"N",1.32,0,0,0,0,0,0,0,"N",0,0.0,0,0,0,0,0,0,0,0,0,0,0,0,0,0
"13097","5","4593","76","0","2024","4","N",1,0,0,0,0,0,0,0,"N",0.28,0,0,0,0,0,0,0,"N",-1,-50.0,0,0,0,0,0,0,0,0,0,0,0,0,0,0
"13097","5","45931","77","0","2024","4","N",1,0,0,0,0,0,0,0,"N",0.28,0,0,0,0,0,0,0,"N",-1,-50.0,0,0,0,0,0,0,0,0,0,0,0,0,0,0
"13097","5","459310","78","0","2024","4","N",1,0,0,0,0,0,0,0,"N",0.28,0,0,0,0,0,0,0,"N",-1,-50.0,0,0,0,0,0,0,0,0,0,0,0,0,0,0
"13097","5","4594","76","0","2024","4","",12,420,437,432,5617003,404371,2322,1006,"",1.65,6.17,6.66,6.54,11.62,3.98,2.14,1.80,"",0,0.0,9,2.2,27,6.6,37,9.4,460379,8.9,127227,45.9,915,65.0,27,2.8
"13097","5","45941","77","0","2024","4","N",5,0,0,0,0,0,0,0,"N",2.87,0,0,0,0,0,0,0,"N",0,0.0,0,0,0,0,0,0,0,0,0,0,0,0,0,0
"13097","5","459410","78","0","2024","4","N",5,0,0,0,0,0,0,0,"N",2.87,0,0,0,0,0,0,0,"N",0,0.0,0,0,0,0,0,0,0,0,0,0,0,0,0,0
"13097","5","45942","77","0","2024","4","N",7,0,0,0,0,0,0,0,"N",1.26,0,0,0,0,0,0,0,"N",0,0.0,0,0,0,0,0,0,0,0,0,0,0,0,0,0
"13097","5","459420","78","0","2024","4","N",7,0,0,0,0,0,0,0,"N",1.26,0,0,0,0,0,0,0,"N",0,0.0,0,0,0,0,0,0,0,0,0,0,0,0,0,0
"13097","5","4595","76","0","2024","4","N",5,0,0,0,0,0,0,0,"N",0.90,0,0,0,0,0,0,0,"N",-3,-37.5,0,0,0,0,0,0,0,0,0,0,0,0,0,0
"13097","5","45951","77","0","2024","4","N",5,0,0,0,0,0,0,0,"N",0.90,0,0,0,0,0,0,0,"N",-3,-37.5,0,0,0,0,0,0,0,0,0,0,0,0,0,0
"13097","5","459510","78","0","2024","4","N",5,0,0,0,0,0,0,0,"N",0.90,0,0,0,0,0,0,0,"N",-3,-37.5,0,0,0,0,0,0,0,0,0,0,0,0,0,0
"13097","5","4599","76","0","2024","4","",25,84,84,86,577773,137206,1834,525,"",1.09,0.53,0.53,0.53,0.35,0.49,0.52,0.67,"",7,38.9,-4,-4.5,2,2.4,2,2.4,27199,4.9,-26,0.0,722,64.9,25,5.0
"13097","5","45991","77","0","2024","4","N",1,0,0,0,0,0,0,0,"N",0.31,0,0,0,0,0,0,0,"N",0,0.0,0,0,0,0,0,0,0,0,0,0,0,0,0,0
"13097","5","459910","78","0","2024","4","N",1,0,0,0,0,0,0,0,"N",0.31,0,0,0,0,0,0,0,"N",0,0.0,0,0,0,0,0,0,0,0,0,0,0,0,0,0
"13097","5","45999","77","0","2024","4","N",24,0,0,0,0,0,0,0,"N",1.36,0,0,0,0,0,0,0,"N",7,41.2,0,0,0,0,0,0,0,0,0,0,0,0,0,0
"13097","5","459991","78","0","2024","4","N",16,0,0,0,0,0,0,0,"N",2.00,0,0,0,0,0,0,0,"N",7,77.8,0,0,0,0,0,0,0,0,0,0,0,0,0,0
"13097","5","459999","78","0","2024","4","N",8,0,0,0,0,0,0,0,"N",0.83,0,0,0,0,0,0,0,"N",0,0.0,0,0,0,0,0,0,0,0,0,0,0,0,0,0
"13097","5","48-49","74","0","2024","4","",175,6655,7035,7139,123033099,13639036,227268,1363,"",1.89,3.09,3.14,3.10,4.02,3.63,4.68,1.29,"",32,22.4,154,2.4,82,1.2,193,2.8,15081484,14.0,-867612,-6.0,151024,198.1,142,11.6
"13097","5","484","75","0","2024","4","",105,1817,1884,1890,31571485,2349454,27596,1303,"",2.06,3.70,3.81,3.80,4.56,3.12,3.15,1.21,"",29,38.2,617,51.4,688,57.5,669,54.8,11522605,57.5,492118,26.5,200,0.7,24,1.9
"13097","5","4841","76","0","2024","4","",77,1713,1784,1778,30104054,2214016,25274,1317,"",2.16,4.97,5.13,5.07,6.24,4.26,4.34,1.23,"",32,71.1,622,57.0,695,63.8,669,60.3,12559187,71.6,595717,36.8,557,2.3,86,7.0
"13097","5","48411","77","0","2024","4","",13,52,51,58,893599,24346,403,1281,"",0.94,0.55,0.53,0.60,0.72,0.15,0.18,1.29,"",2,18.2,-116,-69.0,-102,-66.7,-86,-59.7,-933581,-51.1,-328997,-93.1,-8294,-95.4,374,41.2
"13097","5","484110","78","0","2024","4","",13,52,51,58,893599,24346,403,1281,"",0.94,0.55,0.53,0.60,0.72,0.15,0.18,1.29,"",2,18.2,-116,-69.0,-102,-66.7,-86,-59.7,-933581,-51.1,-328997,-93.1,-8294,-95.4,374,41.2
"13097","5","48412","77","0","2024","4","",64,1661,1733,1720,29210455,2189670,24871,1318,"",2.94,6.65,6.90,6.78,8.14,6.10,7.04,1.20,"",30,88.2,738,80.0,797,85.1,755,78.2,13492768,85.8,924714,73.1,8851,55.2,34,2.6
"13097","5","484121","78","0","2024","4","N",29,0,0,0,0,0,0,0,"N",1.61,0,0,0,0,0,0,0,"N",5,20.8,0,0,0,0,0,0,0,0,0,0,0,0,0,0
"13097","5","484122","78","0","2024","4","N",35,0,0,0,0,0,0,0,"N",9.49,0,0,0,0,0,0,0,"N",25,250.0,0,0,0,0,0,0,0,0,0,0,0,0,0,0
"13097","5","4842","76","0","2024","4","",28,104,100,112,1467431,135438,2322,1072,"",1.82,0.71,0.68,0.76,0.70,0.58,0.79,0.98,"",-3,-9.7,-5,-4.6,-7,-6.5,0,0.0,-1036582,-41.4,-103599,-43.3,-357,-13.3,-690,-39.2
"13097","5","48421","77","0","2024","4","",7,28,25,30,258781,29016,298,720,"",2.45,0.94,0.84,1.02,0.83,0.59,0.50,0.89,"",-1,-12.5,-1,-3.4,-4,-13.8,1,3.4,-14047,-5.1,-355,-1.2,85,39.9,-4,-0.6
"13097","5","484210","78","0","2024","4","",7,28,25,30,258781,29016,298,720,"",2.45,0.94,0.84,1.02,0.83,0.59,0.50,0.89,"",-1,-12.5,-1,-3.4,-4,-13.8,1,3.4,-14047,-5.1,-355,-1.2,85,39.9,-4,-0.6
"13097","5","48422","77","0","2024","4","",14,58,57,57,951851,38829,154,1277,"",1.59,0.78,0.77,0.78,0.89,0.32,0.09,1.14,"",-2,-12.5,-2,-3.3,-3,-5.0,-5,-8.1,99247,11.6,-29805,-43.4,-571,-78.8,196,18.1
"13097","5","484220","78","0","2024","4","",14,58,57,57,951851,38829,154,1277,"",1.59,0.78,0.77,0.78,0.89,0.32,0.09,1.14,"",-2,-12.5,-2,-3.3,-3,-5.0,-5,-8.1,99247,11.6,-29805,-43.4,-571,-78.8,196,18.1
"13097","5","48423","77","0","2024","4","",7,18,18,25,256799,67593,1870,971,"",1.90,0.42,0.42,0.57,0.36,1.06,3.21,0.77,"",0,0.0,-2,-10.0,0,0.0,4,19.0,-1121782,-81.4,-73439,-52.1,129,7.4,-4421,-82.0
"13097","5","484230","78","0","2024","4","",7,18,18,25,256799,67593,1870,971,"",1.90,0.42,0.42,0.57,0.36,1.06,3.21,0.77,"",0,0.0,-2,-10.0,0,0.0,4,19.0,-1121782,-81.4,-73439,-52.1,129,7.4,-4421,-82.0
"13097","5","485","75","0","2024","4","N",3,0,0,0,0,0,0,0,"N",0.46,0,0,0,0,0,0,0,"N",0,0.0,0,0,0,0,0,0,0,0,0,0,0,0,0,0
"13097","5","4853","76","0","2024","4","N",1,0,0,0,0,0,0,0,"N",0.46,0,0,0,0,0,0,0,"N",0,0.0,0,0,0,0,0,0,0,0,0,0,0,0,0,0
"13097","5","48531","77","0","2024","4","N",1,0,0,0,0,0,0,0,"N",1.05,0,0,0,0,0,0,0,"N",0,0.0,0,0,0,0,0,0,0,0,0,0,0,0,0,0
"13097","5","485310","78","0","2024","4","N",1,0,0,0,0,0,0,0,"N",1.05,0,0,0,0,0,0,0,"N",0,0.0,0,0,0,0,0,0,0,0,0,0,0,0,0,0
"13097","5","4859","76","0","2024","4","N",2,0,0,0,0,0,0,0,"N",0.89,0,0,0,0,0,0,0,"N",0,0.0,0,0,0,0,0,0,0,0,0,0,0,0,0,0
"13097","5","48599","77","0","2024","4","N",2,0,0,0,0,0,0,0,"N",0.89,0,0,0,0,0,0,0,"N",0,0.0,0,0,0,0,0,0,0,0,0,0,0,0,0,0
"13097","5","485991","78","0","2024","4","N",2,0,0,0,0,0,0,0,"N",1.57,0,0,0,0,0,0,0,"N",0,0.0,0,0,0,0,0,0,0,0,0,0,0,0,0,0
"13097","5","486","75","0","2024","4","N",2,0,0,0,0,0,0,0,"N",1.99,0,0,0,0,0,0,0,"N",1,100.0,0,0,0,0,0,0,0,0,0,0,0,0,0,0
"13097","5","4869","76","0","2024","4","N",2,0,0,0,0,0,0,0,"N",11.28,0,0,0,0,0,0,0,"N",1,100.0,0,0,0,0,0,0,0,0,0,0,0,0,0,0
"13097","5","48691","77","0","2024","4","N",2,0,0,0,0,0,0,0,"N",12.92,0,0,0,0,0,0,0,"N",1,100.0,0,0,0,0,0,0,0,0,0,0,0,0,0,0
"13097","5","486910","78","0","2024","4","N",2,0,0,0,0,0,0,0,"N",12.92,0,0,0,0,0,0,0,"N",1,100.0,0,0,0,0,0,0,0,0,0,0,0,0,0,0
"13097","5","488","75","0","2024","4","",30,408,433,424,7051152,700344,9471,1286,"",1.79,1.52,1.60,1.54,1.72,1.75,1.89,1.10,"",0,0.0,12,3.0,43,11.0,40,10.4,373187,5.6,258461,58.5,5423,134.0,-31,-2.4
"13097","5","4881","76","0","2024","4","N",1,0,0,0,0,0,0,0,"N",0.37,0,0,0,0,0,0,0,"N",0,0.0,0,0,0,0,0,0,0,0,0,0,0,0,0,0
"13097","5","48811","77","0","2024","4","N",1,0,0,0,0,0,0,0,"N",1.44,0,0,0,0,0,0,0,"N",0,0.0,0,0,0,0,0,0,0,0,0,0,0,0,0,0
"13097","5","488119","78","0","2024","4","N",1,0,0,0,0,0,0,0,"N",1.60,0,0,0,0,0,0,0,"N",0,0.0,0,0,0,0,0,0,0,0,0,0,0,0,0,0
"13097","5","4882","76","0","2024","4","N",2,0,0,0,0,0,0,0,"N",3.47,0,0,0,0,0,0,0,"N",0,0.0,0,0,0,0,0,0,0,0,0,0,0,0,0,0
"13097","5","48821","77","0","2024","4","N",2,0,0,0,0,0,0,0,"N",3.47,0,0,0,0,0,0,0,"N",0,0.0,0,0,0,0,0,0,0,0,0,0,0,0,0,0
"13097","5","488210","78","0","2024","4","N",2,0,0,0,0,0,0,0,"N",3.47,0,0,0,0,0,0,0,"N",0,0.0,0,0,0,0,0,0,0,0,0,0,0,0,0,0
"13097","5","4884","76","0","2024","4","",8,83,105,105,1290931,275460,5017,1017,"",1.84,2.22,2.79,2.75,2.86,4.31,6.31,1.11,"",0,0.0,36,76.6,61,138.6,59,128.3,252012,24.3,252292,1089.0,4813,2359.3,-733,-41.9
"13097","5","48841","77","0","2024","4","N",7,0,0,0,0,0,0,0,"N",2.25,0,0,0,0,0,0,0,"N",0,0.0,0,0,0,0,0,0,0,0,0,0,0,0,0,0
"13097","5","488410","78","0","2024","4","N",7,0,0,0,0,0,0,0,"N",2.25,0,0,0,0,0,0,0,"N",0,0.0,0,0,0,0,0,0,0,0,0,0,0,0,0,0
"13097","5","48849","77","0","2024","4","N",1,0,0,0,0,0,0,0,"N",0.81,0,0,0,0,0,0,0,"N",0,0.0,0,0,0,0,0,0,0,0,0,0,0,0,0,0
"13097","5","488490","78","0","2024","4","N",1,0,0,0,0,0,0,0,"N",0.81,0,0,0,0,0,0,0,"N",0,0.0,0,0,0,0,0,0,0,0,0,0,0,0,0,0
"13097","5","4885","76","0","2024","4","",18,322,325,316,5722531,423144,4450,1371,"",2.50,3.79,3.80,3.64,3.84,4.09,3.45,1.02,"",1,5.9,-23,-6.7,-17,-5.0,-18,-5.4,127995,2.3,16439,4.0,613,16.0,107,8.5
"13097","5","48851","77","0","2024","4","",18,322,325,316,5722531,423144,4450,1371,"",2.50,3.79,3.80,3.64,3.84,4.09,3.45,1.02,"",1,5.9,-23,-6.7,-17,-5.0,-18,-5.4,127995,2.3,16439,4.0,613,16.0,107,8.5
"13097","5","488510","78","0","2024","4","",18,322,325,316,5722531,423144,4450,1371,"",2.50,3.79,3.80,3.64,3.84,4.09,3.45,1.02,"",1,5.9,-23,-6.7,-17,-5.0,-18,-5.4,127995,2.3,16439,4.0,613,16.0,107,8.5
"13097","5","4889","76","0","2024","4","N",1,0,0,0,0,0,0,0,"N",0.94,0,0,0,0,0,0,0,"N",-1,-50.0,0,0,0,0,0,0,0,0,0,0,0,0,0,0
"13097","5","48899","77","0","2024","4","N",1,0,0,0,0,0,0,0,"N",0.94,0,0,0,0,0,0,0,"N",-1,-50.0,0,0,0,0,0,0,0,0,0,0,0,0,0,0
"13097","5","488999","78","0","2024","4","N",1,0,0,0,0,0,0,0,"N",1.51,0,0,0,0,0,0,0,"N",-1,-50.0,0,0,0,0,0,0,0,0,0,0,0,0,0,0
"13097","5","492","75","0","2024","4","",7,176,172,178,2689782,416177,2273,1180,"",1.07,0.50,0.44,0.41,0.62,0.53,0.26,1.37,"N",2,40.0,0,0,0,0,0,0,0,0,0,0,0,0,0,0
"13097","5","4921","76","0","2024","4","N",2,0,0,0,0,0,0,0,"N",0.49,0,0,0,0,0,0,0,"N",0,0.0,0,0,0,0,0,0,0,0,0,0,0,0,0,0
"13097","5","49211","77","0","2024","4","N",2,0,0,0,0,0,0,0,"N",0.49,0,0,0,0,0,0,0,"N",0,0.0,0,0,0,0,0,0,0,0,0,0,0,0,0,0
"13097","5","492110","78","0","2024","4","N",2,0,0,0,0,0,0,0,"N",0.49,0,0,0,0,0,0,0,"N",0,0.0,0,0,0,0,0,0,0,0,0,0,0,0,0,0
"13097","5","4922","76","0","2024","4","N",5,0,0,0,0,0,0,0,"N",2.01,0,0,0,0,0,0,0,"N",2,66.7,0,0,0,0,0,0,0,0,0,0,0,0,0,0
"13097","5","49221","77","0","2024","4","N",5,0,0,0,0,0,0,0,"N",2.01,0,0,0,0,0,0,0,"N",2,66.7,0,0,0,0,0,0,0,0,0,0,0,0,0,0
"13097","5","492210","78","0","2024","4","N",5,0,0,0,0,0,0,0,"N",2.01,0,0,0,0,0,0,0,"N",2,66.7,0,0,0,0,0,0,0,0,0,0,0,0,0,0
"13097","5","493","75","0","2024","4","",28,4201,4492,4595,80812304,10133410,187177,1403,"",4.22,6.75,6.81,6.88,10.48,9.02,13.70,1.54,"",0,0.0,-496,-10.6,-654,-12.7,-523,-10.2,2870359,3.7,-1858802,-15.5,144791,341.6,201,16.7
"13097","5","4931","76","0","2024","4","",28,4201,4492,4595,80812304,10133410,187177,1403,"",4.22,6.75,6.81,6.88,10.48,9.02,13.70,1.54,"",0,0.0,-496,-10.6,-654,-12.7,-523,-10.2,2870359,3.7,-1858802,-15.5,144791,341.6,201,16.7
"13097","5","49311","77","0","2024","4","",23,3546,3843,3946,67187715,9449942,181714,1368,"",4.55,6.14,6.26,6.34,9.47,8.96,14.27,1.51,"",-1,-4.2,-488,-12.1,-657,-14.6,-533,-11.9,2589532,4.0,-1886599,-16.6,145494,401.7,222,19.4
"13097","5","493110","78","0","2024","4","",23,3546,3843,3946,67187715,9449942,181714,1368,"",4.55,6.14,6.26,6.34,9.47,8.96,14.27,1.51,"",-1,-4.2,-488,-12.1,-657,-14.6,-533,-11.9,2589532,4.0,-1886599,-16.6,145494,401.7,222,19.4
"13097","5","49312","77","0","2024","4","N",3,0,0,0,0,0,0,0,"N",5.76,0,0,0,0,0,0,0,"N",0,0.0,0,0,0,0,0,0,0,0,0,0,0,0,0,0
"13097","5","493120","78","0","2024","4","N",3,0,0,0,0,0,0,0,"N",5.76,0,0,0,0,0,0,0,"N",0,0.0,0,0,0,0,0,0,0,0,0,0,0,0,0,0
"13097","5","49319","77","0","2024","4","N",2,0,0,0,0,0,0,0,"N",2.53,0,0,0,0,0,0,0,"N",1,100.0,0,0,0,0,0,0,0,0,0,0,0,0,0,0
"13097","5","493190","78","0","2024","4","N",2,0,0,0,0,0,0,0,"N",2.53,0,0,0,0,0,0,0,"N",1,100.0,0,0,0,0,0,0,0,0,0,0,0,0,0,0
"13097","5","51","74","0","2024","4","",51,373,373,375,11854600,193943,2268,2440,"",0.59,0.40,0.39,0.39,0.35,0.19,0.14,0.89,"",17,50.0,20,5.7,22,6.3,28,8.1,847855,7.7,-63690,-24.7,-735,-24.5,23,1.0
"13097","5","512","75","0","2024","4","",6,57,51,53,613570,49852,393,879,"",0.51,0.49,0.40,0.42,0.23,0.22,0.07,0.53,"",0,0.0,0,0.0,-10,-16.4,-6,-10.2,91236,17.5,-4685,-8.6,228,138.2,198,29.1
"13097","5","5121","76","0","2024","4","N",5,0,0,0,0,0,0,0,"N",0.49,0,0,0,0,0,0,0,"N",0,0.0,0,0,0,0,0,0,0,0,0,0,0,0,0,0
"13097","5","51211","77","0","2024","4","N",4,0,0,0,0,0,0,0,"N",0.54,0,0,0,0,0,0,0,"N",0,0.0,0,0,0,0,0,0,0,0,0,0,0,0,0,0
"13097","5","512110","78","0","2024","4","N",4,0,0,0,0,0,0,0,"N",0.54,0,0,0,0,0,0,0,"N",0,0.0,0,0,0,0,0,0,0,0,0,0,0,0,0,0
"13097","5","51213","77","0","2024","4","N",1,0,0,0,0,0,0,0,"N",0.83,0,0,0,0,0,0,0,"N",0,0.0,0,0,0,0,0,0,0,0,0,0,0,0,0,0
"13097","5","512131","78","0","2024","4","N",1,0,0,0,0,0,0,0,"N",0.87,0,0,0,0,0,0,0,"N",0,0.0,0,0,0,0,0,0,0,0,0,0,0,0,0,0
"13097","5","5122","76","0","2024","4","N",1,0,0,0,0,0,0,0,"N",0.64,0,0,0,0,0,0,0,"N",0,0.0,0,0,0,0,0,0,0,0,0,0,0,0,0,0
"13097","5","51229","77","0","2024","4","N",1,0,0,0,0,0,0,0,"N",4.04,0,0,0,0,0,0,0,"N",0,0.0,0,0,0,0,0,0,0,0,0,0,0,0,0,0
"13097","5","512290","78","0","2024","4","N",1,0,0,0,0,0,0,0,"N",4.04,0,0,0,0,0,0,0,"N",0,0.0,0,0,0,0,0,0,0,0,0,0,0,0,0,0
"13097","5","513","75","0","2024","4","",21,16,16,16,351208,12420,132,1689,"",0.57,0.06,0.06,0.05,0.03,0.04,0.03,0.58,"N",15,250.0,0,0,0,0,0,0,0,0,0,0,0,0,0,0
"13097","5","5131","76","0","2024","4","",4,5,5,5,81053,2157,1,1247,"",0.49,0.06,0.06,0.06,0.04,0.03,0.00,0.75,"",0,0.0,0,0.0,0,0.0,1,25.0,2840,3.6,548,34.1,0,0.0,-42,-3.3
"13097","5","51311","77","0","2024","4","N",1,0,0,0,0,0,0,0,"N",0.48,0,0,0,0,0,0,0,"N",0,0.0,0,0,0,0,0,0,0,0,0,0,0,0,0,0
"13097","5","513110","78","0","2024","4","N",1,0,0,0,0,0,0,0,"N",0.48,0,0,0,0,0,0,0,"N",0,0.0,0,0,0,0,0,0,0,0,0,0,0,0,0,0
"13097","5","51319","77","0","2024","4","N",3,0,0,0,0,0,0,0,"N",1.62,0,0,0,0,0,0,0,"N",0,0.0,0,0,0,0,0,0,0,0,0,0,0,0,0,0
"13097","5","513199","78","0","2024","4","N",3,0,0,0,0,0,0,0,"N",1.65,0,0,0,0,0,0,0,"N",0,0.0,0,0,0,0,0,0,0,0,0,0,0,0,0,0
"13097","5","5132","76","0","2024","4","",17,11,11,11,270155,10263,131,1889,"",0.59,0.05,0.05,0.05,0.03,0.04,0.04,0.55,"N",15,750.0,0,0,0,0,0,0,0,0,0,0,0,0,0,0
"13097","5","51321","77","0","2024","4","",17,11,11,11,270155,10263,131,1889,"",0.59,0.05,0.05,0.05,0.03,0.04,0.04,0.55,"N",15,750.0,0,0,0,0,0,0,0,0,0,0,0,0,0,0
"13097","5","513210","78","0","2024","4","",17,11,11,11,270155,10263,131,1889,"",0.59,0.05,0.05,0.05,0.03,0.04,0.04,0.55,"N",15,750.0,0,0,0,0,0,0,0,0,0,0,0,0,0,0
"13097","5","516","75","0","2024","4","N",3,0,0,0,0,0,0,0,"N",0.49,0,0,0,0,0,0,0,"N",0,0.0,0,0,0,0,0,0,0,0,0,0,0,0,0,0
"13097","5","5161","76","0","2024","4","N",1,0,0,0,0,0,0,0,"N",0.57,0,0,0,0,0,0,0,"N",0,0.0,0,0,0,0,0,0,0,0,0,0,0,0,0,0
"13097","5","51611","77","0","2024","4","N",1,0,0,0,0,0,0,0,"N",0.81,0,0,0,0,0,0,0,"N",0,0.0,0,0,0,0,0,0,0,0,0,0,0,0,0,0
"13097","5","516110","78","0","2024","4","N",1,0,0,0,0,0,0,0,"N",0.81,0,0,0,0,0,0,0,"N",0,0.0,0,0,0,0,0,0,0,0,0,0,0,0,0,0
"13097","5","5162","76","0","2024","4","N",2,0,0,0,0,0,0,0,"N",0.46,0,0,0,0,0,0,0,"N",0,0.0,0,0,0,0,0,0,0,0,0,0,0,0,0,0
"13097","5","51621","77","0","2024","4","N",2,0,0,0,0,0,0,0,"N",0.46,0,0,0,0,0,0,0,"N",0,0.0,0,0,0,0,0,0,0,0,0,0,0,0,0,0
"13097","5","516210","78","0","2024","4","N",2,0,0,0,0,0,0,0,"N",0.46,0,0,0,0,0,0,0,"N",0,0.0,0,0,0,0,0,0,0,0,0,0,0,0,0,0
"13097","5","517","75","0","2024","4","",7,64,64,62,1452705,10826,183,1764,"",0.68,0.32,0.32,0.31,0.33,0.07,0.10,1.02,"",0,0.0,-2,-3.0,1,1.6,2,3.3,293817,25.4,-2424,-18.3,1,0.5,349,24.7
"13097","5","5171","76","0","2024","4","N",6,0,0,0,0,0,0,0,"N",0.71,0,0,0,0,0,0,0,"N",0,0.0,0,0,0,0,0,0,0,0,0,0,0,0,0,0
"13097","5","51711","77","0","2024","4","N",6,0,0,0,0,0,0,0,"N",0.84,0,0,0,0,0,0,0,"N",0,0.0,0,0,0,0,0,0,0,0,0,0,0,0,0,0
"13097","5","517111","78","0","2024","4","N",6,0,0,0,0,0,0,0,"N",1.15,0,0,0,0,0,0,0,"N",1,20.0,0,0,0,0,0,0,0,0,0,0,0,0,0,0
"13097","5","517112","78","0","2024","4","-",0,0,0,0,0,0,0,0,"N",0.00,0,0,0,0,0,0,0,"N",-1,-100.0,0,0,0,0,0,0,0,0,0,0,0,0,0,0
"13097","5","5178","76","0","2024","4","N",1,0,0,0,0,0,0,0,"N",0.66,0,0,0,0,0,0,0,"N",0,0.0,0,0,0,0,0,0,0,0,0,0,0,0,0,0
"13097","5","51781","77","0","2024","4","N",1,0,0,0,0,0,0,0,"N",0.66,0,0,0,0,0,0,0,"N",0,0.0,0,0,0,0,0,0,0,0,0,0,0,0,0,0
"13097","5","517810","78","0","2024","4","N",1,0,0,0,0,0,0,0,"N",0.66,0,0,0,0,0,0,0,"N",0,0.0,0,0,0,0,0,0,0,0,0,0,0,0,0,0
"13097","5","518","75","0","2024","4","",12,181,187,189,7370762,103718,1395,3054,"",0.74,1.15,1.18,1.18,1.12,0.62,0.62,0.95,"",2,20.0,13,7.7,22,13.3,22,13.2,-170088,-2.3,-77029,-42.6,-1105,-44.2,-426,-12.2
"13097","5","5182","76","0","2024","4","",12,181,187,189,7370762,103718,1395,3054,"",0.74,1.15,1.18,1.18,1.12,0.62,0.62,0.95,"",2,20.0,13,7.7,22,13.3,22,13.2,-170088,-2.3,-77029,-42.6,-1105,-44.2,-426,-12.2
"13097","5","51821","77","0","2024","4","",12,181,187,189,7370762,103718,1395,3054,"",0.74,1.15,1.18,1.18,1.12,0.62,0.62,0.95,"",2,20.0,13,7.7,22,13.3,22,13.2,-170088,-2.3,-77029,-42.6,-1105,-44.2,-426,-12.2
"13097","5","518210","78","0","2024","4","",12,181,187,189,7370762,103718,1395,3054,"",0.74,1.15,1.18,1.18,1.12,0.62,0.62,0.95,"",2,20.0,13,7.7,22,13.3,22,13.2,-170088,-2.3,-77029,-42.6,-1105,-44.2,-426,-12.2
"13097","5","519","75","0","2024","4","N",2,0,0,0,0,0,0,0,"N",0.41,0,0,0,0,0,0,0,"N",0,0.0,0,0,0,0,0,0,0,0,0,0,0,0,0,0
"13097","5","5192","76","0","2024","4","N",2,0,0,0,0,0,0,0,"N",0.41,0,0,0,0,0,0,0,"N",0,0.0,0,0,0,0,0,0,0,0,0,0,0,0,0,0
"13097","5","51929","77","0","2024","4","N",2,0,0,0,0,0,0,0,"N",0.47,0,0,0,0,0,0,0,"N",0,0.0,0,0,0,0,0,0,0,0,0,0,0,0,0,0
"13097","5","519290","78","0","2024","4","N",2,0,0,0,0,0,0,0,"N",0.47,0,0,0,0,0,0,0,"N",0,0.0,0,0,0,0,0,0,0,0,0,0,0,0,0,0
"13097","5","52","74","0","2024","4","",130,665,667,675,13008323,400845,4333,1496,"",0.77,0.32,0.32,0.32,0.22,0.21,0.21,0.69,"",-1,-0.8,-5,-0.7,-1,-0.1,11,1.7,1086897,9.1,15191,3.9,728,20.2,122,8.9
"13097","5","522","75","0","2024","4","",54,364,369,374,7700395,201973,1165,1605,"",0.97,0.44,0.44,0.44,0.42,0.28,0.15,0.96,"",0,0.0,9,2.5,15,4.2,28,8.1,922378,13.6,35638,21.4,388,49.9,122,8.2
"13097","5","5221","76","0","2024","4","",26,285,290,294,6502317,139045,664,1727,"",0.84,0.50,0.50,0.50,0.56,0.29,0.17,1.11,"",0,0.0,43,17.8,43,17.4,49,20.0,1592707,32.4,41890,43.1,414,165.6,183,11.9
"13097","5","52211","77","0","2024","4","N",21,0,0,0,0,0,0,0,"N",0.92,0,0,0,0,0,0,0,"N",-2,-8.7,0,0,0,0,0,0,0,0,0,0,0,0,0,0
"13097","5","522110","78","0","2024","4","N",21,0,0,0,0,0,0,0,"N",0.92,0,0,0,0,0,0,0,"N",-2,-8.7,0,0,0,0,0,0,0,0,0,0,0,0,0,0
"13097","5","52213","77","0","2024","4","N",5,0,0,0,0,0,0,0,"N",0.85,0,0,0,0,0,0,0,"N",2,66.7,0,0,0,0,0,0,0,0,0,0,0,0,0,0
"13097","5","522130","78","0","2024","4","N",5,0,0,0,0,0,0,0,"N",0.85,0,0,0,0,0,0,0,"N",2,66.7,0,0,0,0,0,0,0,0,0,0,0,0,0,0
"13097","5","5222","76","0","2024","4","",22,73,72,72,984535,53364,394,1047,"",1.48,0.45,0.44,0.43,0.25,0.33,0.17,0.56,"N",-2,-8.3,0,0,0,0,0,0,0,0,0,0,0,0,0,0
"13097","5","52222","77","0","2024","4","N",1,0,0,0,0,0,0,0,"N",0.54,0,0,0,0,0,0,0,"N",0,0.0,0,0,0,0,0,0,0,0,0,0,0,0,0,0
"13097","5","522220","78","0","2024","4","N",1,0,0,0,0,0,0,0,"N",0.54,0,0,0,0,0,0,0,"N",0,0.0,0,0,0,0,0,0,0,0,0,0,0,0,0,0
"13097","5","52229","77","0","2024","4","N",21,0,0,0,0,0,0,0,"N",1.65,0,0,0,0,0,0,0,"N",-2,-8.7,0,0,0,0,0,0,0,0,0,0,0,0,0,0
"13097","5","522291","78","0","2024","4","",8,39,39,40,488352,20723,53,955,"",1.78,1.35,1.33,1.35,0.75,0.59,0.14,0.56,"",0,0.0,-5,-11.4,-5,-11.4,-5,-11.1,-59931,-10.9,3353,19.3,-8,-13.1,4,0.4
"13097","5","522292","78","0","2024","4","N",5,0,0,0,0,0,0,0,"N",0.94,0,0,0,0,0,0,0,"N",-2,-28.6,0,0,0,0,0,0,0,0,0,0,0,0,0,0
"13097","5","522299","78","0","2024","4","",8,25,25,24,343416,16488,211,1071,"",2.70,0.89,0.88,0.84,0.55,0.61,0.89,0.63,"",0,0.0,-2,-7.4,-1,-3.8,-3,-11.1,59427,20.9,-14086,-46.1,-86,-29.0,252,30.8
"13097","5","5223","76","0","2024","4","",6,6,7,8,213543,9564,107,2347,"",0.60,0.07,0.08,0.09,0.09,0.10,0.07,1.15,"N",2,50.0,0,0,0,0,0,0,0,0,0,0,0,0,0,0
"13097","5","52231","77","0","2024","4","N",4,0,0,0,0,0,0,0,"N",0.79,0,0,0,0,0,0,0,"N",2,100.0,0,0,0,0,0,0,0,0,0,0,0,0,0,0
"13097","5","522310","78","0","2024","4","N",4,0,0,0,0,0,0,0,"N",0.79,0,0,0,0,0,0,0,"N",2,100.0,0,0,0,0,0,0,0,0,0,0,0,0,0,0
"13097","5","52232","77","0","2024","4","N",1,0,0,0,0,0,0,0,"N",0.36,0,0,0,0,0,0,0,"N",0,0.0,0,0,0,0,0,0,0,0,0,0,0,0,0,0
"13097","5","522320","78","0","2024","4","N",1,0,0,0,0,0,0,0,"N",0.36,0,0,0,0,0,0,0,"N",0,0.0,0,0,0,0,0,0,0,0,0,0,0,0,0,0
"13097","5","52239","77","0","2024","4","N",1,0,0,0,0,0,0,0,"N",0.46,0,0,0,0,0,0,0,"N",0,0.0,0,0,0,0,0,0,0,0,0,0,0,0,0,0
"13097","5","522390","78","0","2024","4","N",1,0,0,0,0,0,0,0,"N",0.46,0,0,0,0,0,0,0,"N",0,0.0,0,0,0,0,0,0,0,0,0,0,0,0,0,0
"13097","5","523","75","0","2024","4","N",17,0,0,0,0,0,0,0,"N",0.38,0,0,0,0,0,0,0,"N",0,0.0,0,0,0,0,0,0,0,0,0,0,0,0,0,0
"13097","5","5231","76","0","2024","4","",8,8,8,8,275846,2846,17,2652,"",0.65,0.05,0.05,0.05,0.03,0.03,0.02,0.62,"",1,14.3,-3,-27.3,-3,-27.3,-3,-27.3,105672,62.1,-8836,-75.6,-4,-19.0,1462,122.9
"13097","5","52315","77","0","2024","4","",8,8,8,8,275846,2846,17,2652,"",0.71,0.05,0.05,0.05,0.03,0.03,0.02,0.63,"",1,14.3,-3,-27.3,-3,-27.3,-3,-27.3,105672,62.1,-8836,-75.6,-4,-19.0,1462,122.9
"13097","5","523150","78","0","2024","4","",8,8,8,8,275846,2846,17,2652,"",0.71,0.05,0.05,0.05,0.03,0.03,0.02,0.63,"",1,14.3,-3,-27.3,-3,-27.3,-3,-27.3,105672,62.1,-8836,-75.6,-4,-19.0,1462,122.9
"13097","5","5239","76","0","2024","4","N",9,0,0,0,0,0,0,0,"N",0.28,0,0,0,0,0,0,0,"N",-1,-10.0,0,0,0,0,0,0,0,0,0,0,0,0,0,0
"13097","5","52391","77","0","2024","4","N",1,0,0,0,0,0,0,0,"N",0.35,0,0,0,0,0,0,0,"N",0,0.0,0,0,0,0,0,0,0,0,0,0,0,0,0,0
"13097","5","523910","78","0","2024","4","N",1,0,0,0,0,0,0,0,"N",0.35,0,0,0,0,0,0,0,"N",0,0.0,0,0,0,0,0,0,0,0,0,0,0,0,0,0
"13097","5","52394","77","0","2024","4","",7,6,5,5,120367,0,0,1736,"",0.27,0.04,0.03,0.03,0.01,0.00,0.00,0.34,"N",-1,-12.5,0,0,0,0,0,0,0,0,0,0,0,0,0,0
"13097","5","523940","78","0","2024","4","",7,6,5,5,120367,0,0,1736,"",0.27,0.04,0.03,0.03,0.01,0.00,0.00,0.34,"N",-1,-12.5,0,0,0,0,0,0,0,0,0,0,0,0,0,0
"13097","5","52399","77","0","2024","4","N",1,0,0,0,0,0,0,0,"N",0.31,0,0,0,0,0,0,0,"N",0,0.0,0,0,0,0,0,0,0,0,0,0,0,0,0,0
"13097","5","523999","78","0","2024","4","N",1,0,0,0,0,0,0,0,"N",0.42,0,0,0,0,0,0,0,"N",0,0.0,0,0,0,0,0,0,0,0,0,0,0,0,0,0
"13097","5","524","75","0","2024","4","",58,285,283,285,4854269,196026,3151,1313,"",0.88,0.34,0.33,0.33,0.28,0.25,0.39,0.83,"",-1,-1.7,-10,-3.4,-11,-3.7,-12,-4.0,60880,1.3,-11215,-5.4,348,12.4,65,5.2
"13097","5","5241","76","0","2024","4","",5,43,44,44,685865,6910,34,1208,"",0.49,0.11,0.11,0.11,0.08,0.02,0.01,0.75,"N",0,0.0,0,0,0,0,0,0,0,0,0,0,0,0,0,0
"13097","5","52411","77","0","2024","4","N",1,0,0,0,0,0,0,0,"N",0.25,0,0,0,0,0,0,0,"N",0,0.0,0,0,0,0,0,0,0,0,0,0,0,0,0,0
"13097","5","524113","78","0","2024","4","N",1,0,0,0,0,0,0,0,"N",0.65,0,0,0,0,0,0,0,"N",0,0.0,0,0,0,0,0,0,0,0,0,0,0,0,0,0
"13097","5","52412","77","0","2024","4","N",4,0,0,0,0,0,0,0,"N",0.68,0,0,0,0,0,0,0,"N",0,0.0,0,0,0,0,0,0,0,0,0,0,0,0,0,0
"13097","5","524126","78","0","2024","4","N",4,0,0,0,0,0,0,0,"N",1.10,0,0,0,0,0,0,0,"N",0,0.0,0,0,0,0,0,0,0,0,0,0,0,0,0,0
"13097","5","5242","76","0","2024","4","",53,242,239,241,4168404,189116,3117,1332,"",0.96,0.53,0.52,0.52,0.45,0.39,0.60,0.85,"N",-1,-1.9,0,0,0,0,0,0,0,0,0,0,0,0,0,0
"13097","5","52421","77","0","2024","4","N",51,0,0,0,0,0,0,0,"N",1.09,0,0,0,0,0,0,0,"N",-1,-1.9,0,0,0,0,0,0,0,0,0,0,0,0,0,0
"13097","5","524210","78","0","2024","4","N",51,0,0,0,0,0,0,0,"N",1.09,0,0,0,0,0,0,0,"N",-1,-1.9,0,0,0,0,0,0,0,0,0,0,0,0,0,0
"13097","5","52429","77","0","2024","4","N",2,0,0,0,0,0,0,0,"N",0.23,0,0,0,0,0,0,0,"N",0,0.0,0,0,0,0,0,0,0,0,0,0,0,0,0,0
"13097","5","524292","78","0","2024","4","N",2,0,0,0,0,0,0,0,"N",0.71,0,0,0,0,0,0,0,"N",0,0.0,0,0,0,0,0,0,0,0,0,0,0,0,0,0
"13097","5","525","75","0","2024","4","N",1,0,0,0,0,0,0,0,"N",0.33,0,0,0,0,0,0,0,"N",0,0.0,0,0,0,0,0,0,0,0,0,0,0,0,0,0
"13097","5","5259","76","0","2024","4","N",1,0,0,0,0,0,0,0,"N",0.41,0,0,0,0,0,0,0,"N",0,0.0,0,0,0,0,0,0,0,0,0,0,0,0,0,0
"13097","5","52599","77","0","2024","4","N",1,0,0,0,0,0,0,0,"N",0.98,0,0,0,0,0,0,0,"N",0,0.0,0,0,0,0,0,0,0,0,0,0,0,0,0,0
"13097","5","525990","78","0","2024","4","N",1,0,0,0,0,0,0,0,"N",0.98,0,0,0,0,0,0,0,"N",0,0.0,0,0,0,0,0,0,0,0,0,0,0,0,0,0
"13097","5","53","74","0","2024","4","",139,483,484,487,7320803,575749,6940,1162,"",0.97,0.61,0.61,0.61,0.56,0.51,0.50,0.92,"",18,14.9,87,22.0,86,21.6,82,20.2,1187699,19.4,182951,46.6,3269,89.0,-18,-1.5
"13097","5","531","75","0","2024","4","",108,229,235,234,3921685,342139,4989,1297,"",0.86,0.38,0.39,0.39,0.39,0.39,0.47,1.00,"",17,18.7,47,25.8,51,27.7,43,22.5,781037,24.9,110361,47.6,2634,111.8,-4,-0.3
"13097","5","5311","76","0","2024","4","",25,82,86,89,1350322,176678,2697,1213,"",0.70,0.40,0.41,0.42,0.42,0.64,0.80,1.03,"",1,4.2,14,20.6,16,22.9,13,17.1,310400,29.8,90877,105.9,2126,372.3,92,8.2
"13097","5","53111","77","0","2024","4","N",4,0,0,0,0,0,0,0,"N",0.21,0,0,0,0,0,0,0,"N",-3,-42.9,0,0,0,0,0,0,0,0,0,0,0,0,0,0
"13097","5","531110","78","0","2024","4","N",4,0,0,0,0,0,0,0,"N",0.21,0,0,0,0,0,0,0,"N",-3,-42.9,0,0,0,0,0,0,0,0,0,0,0,0,0,0
"13097","5","53112","77","0","2024","4","",6,23,23,23,500796,49113,989,1675,"",0.76,0.44,0.44,0.43,0.46,0.81,1.25,1.05,"N",1,20.0,0,0,0,0,0,0,0,0,0,0,0,0,0,0
"13097","5","531120","78","0","2024","4","",6,23,23,23,500796,49113,989,1675,"",0.76,0.44,0.44,0.43,0.46,0.81,1.25,1.05,"N",1,20.0,0,0,0,0,0,0,0,0,0,0,0,0,0,0
"13097","5","53113","77","0","2024","4","N",12,0,0,0,0,0,0,0,"N",2.20,0,0,0,0,0,0,0,"N",4,50.0,0,0,0,0,0,0,0,0,0,0,0,0,0,0
"13097","5","531130","78","0","2024","4","N",12,0,0,0,0,0,0,0,"N",2.20,0,0,0,0,0,0,0,"N",4,50.0,0,0,0,0,0,0,0,0,0,0,0,0,0,0
"13097","5","53119","77","0","2024","4","",3,21,21,23,163457,46519,151,580,"",0.98,1.51,1.51,1.64,0.87,2.36,0.62,0.56,"N",-1,-25.0,0,0,0,0,0,0,0,0,0,0,0,0,0,0
"13097","5","531190","78","0","2024","4","",3,21,21,23,163457,46519,151,580,"",0.98,1.51,1.51,1.64,0.87,2.36,0.62,0.56,"N",-1,-25.0,0,0,0,0,0,0,0,0,0,0,0,0,0,0
"13097","5","5312","76","0","2024","4","",43,48,46,46,792508,41407,532,1306,"",0.92,0.41,0.39,0.39,0.33,0.20,0.22,0.83,"",10,30.3,15,45.5,11,31.4,11,31.4,207875,35.6,9369,29.2,200,60.2,-4,-0.3
"13097","5","53121","77","0","2024","4","",43,48,46,46,792508,41407,532,1306,"",0.92,0.41,0.39,0.39,0.33,0.20,0.22,0.83,"",10,30.3,15,45.5,11,31.4,11,31.4,207875,35.6,9369,29.2,200,60.2,-4,-0.3
"13097","5","531210","78","0","2024","4","",43,48,46,46,792508,41407,532,1306,"",0.92,0.41,0.39,0.39,0.33,0.20,0.22,0.83,"",10,30.3,15,45.5,11,31.4,11,31.4,207875,35.6,9369,29.2,200,60.2,-4,-0.3
"13097","5","5313","76","0","2024","4","",40,99,103,99,1778855,124054,1760,1364,"",0.94,0.36,0.38,0.36,0.39,0.31,0.36,1.07,"",6,17.6,18,22.2,24,30.4,19,23.8,262762,17.3,10115,8.9,308,21.2,-94,-6.4
"13097","5","53131","77","0","2024","4","",31,87,91,87,1378774,105626,1651,1201,"",1.05,0.38,0.39,0.37,0.39,0.31,0.40,1.02,"",5,19.2,20,29.9,25,37.9,21,31.8,139797,11.3,23266,28.2,397,31.7,-236,-16.4
"13097","5","531311","78","0","2024","4","",23,78,80,75,1191926,69067,785,1181,"",1.02,0.44,0.45,0.42,0.50,0.25,0.23,1.13,"",4,21.1,21,36.8,24,42.9,22,41.5,140106,13.3,4383,6.8,-344,-30.5,-281,-19.2
"13097","5","531312","78","0","2024","4","",8,9,11,12,186848,36559,866,1347,"",1.17,0.16,0.19,0.21,0.16,0.57,1.14,0.85,"",1,14.3,-1,-10.0,1,10.0,-1,-7.7,-309,-0.2,18883,106.8,741,592.8,38,2.9
"13097","5","53132","77","0","2024","4","N",2,0,0,0,0,0,0,0,"N",0.53,0,0,0,0,0,0,0,"N",-1,-33.3,0,0,0,0,0,0,0,0,0,0,0,0,0,0
"13097","5","531320","78","0","2024","4","N",2,0,0,0,0,0,0,0,"N",0.53,0,0,0,0,0,0,0,"N",-1,-33.3,0,0,0,0,0,0,0,0,0,0,0,0,0,0
"13097","5","53139","77","0","2024","4","N",7,0,0,0,0,0,0,0,"N",0.74,0,0,0,0,0,0,0,"N",2,40.0,0,0,0,0,0,0,0,0,0,0,0,0,0,0
"13097","5","531390","78","0","2024","4","N",7,0,0,0,0,0,0,0,"N",0.74,0,0,0,0,0,0,0,"N",2,40.0,0,0,0,0,0,0,0,0,0,0,0,0,0,0
"13097","5","532","75","0","2024","4","",31,254,249,253,3399118,233610,1951,1038,"",1.82,1.36,1.34,1.35,1.24,0.96,0.64,0.92,"",1,3.3,40,18.7,35,16.4,39,18.2,406662,13.6,72590,45.1,635,48.3,-38,-3.5
"13097","5","5321","76","0","2024","4","",20,152,148,152,2119337,125647,1008,1082,"",3.76,2.19,2.13,2.16,2.46,1.44,1.15,1.14,"",0,0.0,-6,-3.8,-11,-6.9,-10,-6.2,7863,0.4,-3919,-3.0,-169,-14.4,65,6.4
"13097","5","53211","77","0","2024","4","",11,55,56,56,693366,40192,478,958,"",3.54,1.43,1.45,1.44,1.59,0.80,0.95,1.10,"",1,10.0,0,0.0,3,5.7,4,7.7,155827,29.0,472,1.2,-32,-6.3,183,23.6
"13097","5","532111","78","0","2024","4","N",10,0,0,0,0,0,0,0,"N",3.50,0,0,0,0,0,0,0,"N",1,11.1,0,0,0,0,0,0,0,0,0,0,0,0,0,0
"13097","5","532112","78","0","2024","4","N",1,0,0,0,0,0,0,0,"N",3.98,0,0,0,0,0,0,0,"N",0,0.0,0,0,0,0,0,0,0,0,0,0,0,0,0,0
"13097","5","53212","77","0","2024","4","",9,97,92,96,1425971,85455,530,1155,"",4.07,3.15,2.98,3.07,3.35,2.29,1.41,1.09,"",-1,-10.0,-6,-5.8,-14,-13.2,-14,-12.7,-147964,-9.4,-4391,-4.9,-137,-20.5,16,1.4
"13097","5","532120","78","0","2024","4","",9,97,92,96,1425971,85455,530,1155,"",4.07,3.15,2.98,3.07,3.35,2.29,1.41,1.09,"",-1,-10.0,-6,-5.8,-14,-13.2,-14,-12.7,-147964,-9.4,-4391,-4.9,-137,-20.5,16,1.4
"13097","5","5322","76","0","2024","4","N",3,0,0,0,0,0,0,0,"N",0.58,0,0,0,0,0,0,0,"N",1,50.0,0,0,0,0,0,0,0,0,0,0,0,0,0,0
"13097","5","53228","77","0","2024","4","N",3,0,0,0,0,0,0,0,"N",0.63,0,0,0,0,0,0,0,"N",1,50.0,0,0,0,0,0,0,0,0,0,0,0,0,0,0
"13097","5","532281","78","0","2024","4","N",1,0,0,0,0,0,0,0,"N",4.76,0,0,0,0,0,0,0,"N",1,100.0,0,0,0,0,0,0,0,0,0,0,0,0,0,0
"13097","5","532289","78","0","2024","4","N",2,0,0,0,0,0,0,0,"N",0.76,0,0,0,0,0,0,0,"N",0,0.0,0,0,0,0,0,0,0,0,0,0,0,0,0,0
"13097","5","5323","76","0","2024","4","N",2,0,0,0,0,0,0,0,"N",1.98,0,0,0,0,0,0,0,"N",0,0.0,0,0,0,0,0,0,0,0,0,0,0,0,0,0
"13097","5","53231","77","0","2024","4","N",2,0,0,0,0,0,0,0,"N",1.98,0,0,0,0,0,0,0,"N",0,0.0,0,0,0,0,0,0,0,0,0,0,0,0,0,0
"13097","5","532310","78","0","2024","4","N",2,0,0,0,0,0,0,0,"N",1.98,0,0,0,0,0,0,0,"N",0,0.0,0,0,0,0,0,0,0,0,0,0,0,0,0,0
"13097","5","5324","76","0","2024","4","",6,31,29,32,638046,15874,330,1600,"",1.08,0.48,0.45,0.49,0.51,0.20,0.30,1.09,"",0,0.0,-2,-6.1,-4,-12.1,1,3.2,-63242,-9.0,6414,67.8,224,211.3,-68,-4.1
"13097","5","53241","77","0","2024","4","N",4,0,0,0,0,0,0,0,"N",1.63,0,0,0,0,0,0,0,"N",0,0.0,0,0,0,0,0,0,0,0,0,0,0,0,0,0
"13097","5","532412","78","0","2024","4","N",4,0,0,0,0,0,0,0,"N",1.81,0,0,0,0,0,0,0,"N",0,0.0,0,0,0,0,0,0,0,0,0,0,0,0,0,0
"13097","5","53249","77","0","2024","4","N",2,0,0,0,0,0,0,0,"N",0.72,0,0,0,0,0,0,0,"N",0,0.0,0,0,0,0,0,0,0,0,0,0,0,0,0,0
"13097","5","532490","78","0","2024","4","N",2,0,0,0,0,0,0,0,"N",0.72,0,0,0,0,0,0,0,"N",0,0.0,0,0,0,0,0,0,0,0,0,0,0,0,0,0
"13097","5","54","74","0","2024","4","",317,1217,1226,1257,31481526,1198681,13642,1964,"",0.63,0.35,0.35,0.35,0.32,0.30,0.26,0.92,"",38,13.6,36,3.0,39,3.3,40,3.3,4599086,17.1,77860,6.9,730,5.7,234,13.5
"13097","5","541","75","0","2024","4","",317,1217,1226,1257,31481526,1198681,13642,1964,"",0.63,0.35,0.35,0.35,0.32,0.30,0.26,0.92,"",38,13.6,36,3.0,39,3.3,40,3.3,4599086,17.1,77860,6.9,730,5.7,234,13.5
"13097","5","5411","76","0","2024","4","",41,134,131,135,5613604,111222,976,3239,"",0.67,0.34,0.33,0.34,0.40,0.25,0.20,1.19,"",4,10.8,-15,-10.1,-15,-10.3,-16,-10.6,27163,0.5,-5052,-4.3,111,12.8,348,12.0
"13097","5","54111","77","0","2024","4","N",39,0,0,0,0,0,0,0,"N",0.71,0,0,0,0,0,0,0,"N",5,14.7,0,0,0,0,0,0,0,0,0,0,0,0,0,0
"13097","5","541110","78","0","2024","4","N",39,0,0,0,0,0,0,0,"N",0.71,0,0,0,0,0,0,0,"N",5,14.7,0,0,0,0,0,0,0,0,0,0,0,0,0,0
"13097","5","54119","77","0","2024","4","N",2,0,0,0,0,0,0,0,"N",0.32,0,0,0,0,0,0,0,"N",-1,-33.3,0,0,0,0,0,0,0,0,0,0,0,0,0,0
"13097","5","541191","78","0","2024","4","N",2,0,0,0,0,0,0,0,"N",0.69,0,0,0,0,0,0,0,"N",-1,-33.3,0,0,0,0,0,0,0,0,0,0,0,0,0,0
"13097","5","5412","76","0","2024","4","",69,125,136,159,1553141,171499,2826,853,"",1.27,0.34,0.37,0.42,0.19,0.37,0.44,0.50,"",4,6.2,-4,-3.1,-6,-4.2,-11,-6.5,-173356,-10.0,-25582,-13.0,-80,-2.8,-50,-5.5
"13097","5","54121","77","0","2024","4","",69,125,136,159,1553141,171499,2826,853,"",1.27,0.34,0.37,0.42,0.19,0.37,0.44,0.50,"",4,6.2,-4,-3.1,-6,-4.2,-11,-6.5,-173356,-10.0,-25582,-13.0,-80,-2.8,-50,-5.5
"13097","5","541211","78","0","2024","4","N",9,0,0,0,0,0,0,0,"N",0.49,0,0,0,0,0,0,0,"N",0,0.0,0,0,0,0,0,0,0,0,0,0,0,0,0,0
"13097","5","541213","78","0","2024","4","",35,42,54,76,279277,56152,900,375,"",3.20,1.79,1.87,2.17,0.86,1.80,1.48,0.44,"",4,12.9,-7,-14.3,0,0.0,-7,-8.4,-113580,-28.9,-20812,-27.0,-686,-43.3,-112,-23.0
"13097","5","541214","78","0","2024","4","N",1,0,0,0,0,0,0,0,"N",0.26,0,0,0,0,0,0,0,"N",0,0.0,0,0,0,0,0,0,0,0,0,0,0,0,0,0
"13097","5","541219","78","0","2024","4","",24,46,46,45,571071,67351,1314,962,"",1.14,0.50,0.49,0.47,0.35,0.52,0.90,0.71,"N",0,0.0,0,0,0,0,0,0,0,0,0,0,0,0,0,0
"13097","5","5413","76","0","2024","4","",30,106,108,112,2085425,123160,806,1476,"",0.60,0.19,0.19,0.20,0.14,0.22,0.11,0.74,"",-1,-3.2,-10,-8.6,-11,-9.2,-5,-4.3,-101353,-4.6,-12456,-9.2,-45,-5.3,42,2.9
"13097","5","54131","77","0","2024","4","",4,10,14,13,141628,23895,50,883,"",0.46,0.15,0.21,0.19,0.08,0.37,0.07,0.44,"",0,0.0,-1,-9.1,2,16.7,2,18.2,7304,5.4,12125,103.0,-216,-81.2,-29,-3.2
"13097","5","541310","78","0","2024","4","",4,10,14,13,141628,23895,50,883,"",0.46,0.15,0.21,0.19,0.08,0.37,0.07,0.44,"",0,0.0,-1,-9.1,2,16.7,2,18.2,7304,5.4,12125,103.0,-216,-81.2,-29,-3.2
"13097","5","54132","77","0","2024","4","N",1,0,0,0,0,0,0,0,"N",0.45,0,0,0,0,0,0,0,"N",1,100.0,0,0,0,0,0,0,0,0,0,0,0,0,0,0
"13097","5","541320","78","0","2024","4","N",1,0,0,0,0,0,0,0,"N",0.45,0,0,0,0,0,0,0,"N",1,100.0,0,0,0,0,0,0,0,0,0,0,0,0,0,0
"13097","5","54133","77","0","2024","4","",17,50,50,54,1030533,74639,646,1544,"",0.58,0.13,0.13,0.14,0.10,0.20,0.13,0.73,"",-2,-10.5,-6,-10.7,-7,-12.3,-1,-1.8,-14696,-1.4,7292,10.8,513,385.7,108,7.5
"13097","5","541330","78","0","2024","4","",17,50,50,54,1030533,74639,646,1544,"",0.58,0.13,0.13,0.14,0.10,0.20,0.13,0.73,"",-2,-10.5,-6,-10.7,-7,-12.3,-1,-1.8,-14696,-1.4,7292,10.8,513,385.7,108,7.5
"13097","5","54134","77","0","2024","4","N",1,0,0,0,0,0,0,0,"N",0.96,0,0,0,0,0,0,0,"N",0,0.0,0,0,0,0,0,0,0,0,0,0,0,0,0,0
"13097","5","541340","78","0","2024","4","N",1,0,0,0,0,0,0,0,"N",0.96,0,0,0,0,0,0,0,"N",0,0.0,0,0,0,0,0,0,0,0,0,0,0,0,0,0
"13097","5","54135","77","0","2024","4","",5,7,7,8,138137,9500,22,1449,"",2.01,0.77,0.77,0.91,1.03,0.74,0.11,1.26,"",0,0.0,0,0.0,0,0.0,1,14.3,-3845,-2.7,9500,100.0,22,100.0,-111,-7.1
"13097","5","541350","78","0","2024","4","",5,7,7,8,138137,9500,22,1449,"",2.01,0.77,0.77,0.91,1.03,0.74,0.11,1.26,"",0,0.0,0,0.0,0,0.0,1,14.3,-3845,-2.7,9500,100.0,22,100.0,-111,-7.1
"13097","5","54137","77","0","2024","4","N",2,0,0,0,0,0,0,0,"N",0.80,0,0,0,0,0,0,0,"N",0,0.0,0,0,0,0,0,0,0,0,0,0,0,0,0,0
"13097","5","541370","78","0","2024","4","N",2,0,0,0,0,0,0,0,"N",0.80,0,0,0,0,0,0,0,"N",0,0.0,0,0,0,0,0,0,0,0,0,0,0,0,0,0
"13097","5","5414","76","0","2024","4","",13,42,45,44,954261,77476,2047,1681,"",0.92,0.85,0.90,0.87,0.97,1.24,2.40,1.11,"",2,18.2,-1,-2.3,4,9.8,2,4.8,172140,22.0,43854,130.4,1004,96.3,249,17.4
"13097","5","54141","77","0","2024","4","",6,33,35,33,842812,63226,1662,1926,"",1.07,1.81,1.89,1.77,2.72,2.44,4.81,1.49,"N",1,20.0,0,0,0,0,0,0,0,0,0,0,0,0,0,0
"13097","5","541410","78","0","2024","4","",6,33,35,33,842812,63226,1662,1926,"",1.07,1.81,1.89,1.77,2.72,2.44,4.81,1.49,"N",1,20.0,0,0,0,0,0,0,0,0,0,0,0,0,0,0
"13097","5","54143","77","0","2024","4","",7,9,10,11,111449,14250,385,857,"",1.20,0.50,0.55,0.60,0.30,0.64,1.36,0.55,"N",1,16.7,0,0,0,0,0,0,0,0,0,0,0,0,0,0
"13097","5","541430","78","0","2024","4","",7,9,10,11,111449,14250,385,857,"",1.20,0.50,0.55,0.60,0.30,0.64,1.36,0.55,"N",1,16.7,0,0,0,0,0,0,0,0,0,0,0,0,0,0
"13097","5","5415","76","0","2024","4","",57,304,299,301,12128647,212109,1290,3096,"",0.47,0.38,0.37,0.38,0.46,0.26,0.11,1.22,"",8,16.3,58,23.6,53,21.5,56,22.9,2742456,29.2,28963,15.8,-23,-1.8,157,5.3
"13097","5","54151","77","0","2024","4","",57,304,299,301,12128647,212109,1290,3096,"",0.47,0.38,0.37,0.38,0.46,0.26,0.11,1.22,"",8,16.3,58,23.6,53,21.5,56,22.9,2742456,29.2,28963,15.8,-23,-1.8,157,5.3
"13097","5","541511","78","0","2024","4","",20,27,24,25,923096,94238,76,2803,"",0.34,0.08,0.07,0.07,0.07,0.27,0.02,0.99,"",-2,-9.1,2,8.0,-1,-4.0,-1,-3.8,162455,21.4,66859,244.2,-250,-76.7,493,21.3
"13097","5","541512","78","0","2024","4","",29,110,106,107,3338726,66161,891,2385,"",0.56,0.30,0.28,0.29,0.30,0.17,0.17,1.03,"",9,45.0,38,52.8,32,43.2,38,55.1,1404965,72.7,-9106,-12.1,259,41.0,309,14.9
"13097","5","541513","78","0","2024","4","N",1,0,0,0,0,0,0,0,"N",0.51,0,0,0,0,0,0,0,"N",0,0.0,0,0,0,0,0,0,0,0,0,0,0,0,0,0
"13097","5","541519","78","0","2024","4","N",7,0,0,0,0,0,0,0,"N",0.69,0,0,0,0,0,0,0,"N",1,16.7,0,0,0,0,0,0,0,0,0,0,0,0,0,0
"13097","5","5416","76","0","2024","4","",67,340,337,337,6859812,312257,3251,1561,"",0.54,0.55,0.54,0.54,0.43,0.37,0.28,0.79,"",13,24.1,21,6.6,25,8.0,27,8.7,1749960,34.2,116051,59.1,547,20.2,308,24.6
"13097","5","54161","77","0","2024","4","",59,325,323,323,6634705,296255,2819,1577,"",0.58,0.64,0.63,0.62,0.49,0.43,0.29,0.78,"",12,25.5,15,4.8,20,6.6,21,7.0,1628991,32.5,114165,62.7,246,9.6,315,25.0
"13097","5","541611","78","0","2024","4","",32,54,51,50,1694473,54653,307,2523,"",0.62,0.19,0.18,0.18,0.21,0.15,0.06,1.12,"",5,18.5,1,1.9,2,4.1,3,6.4,437959,34.9,508,0.9,-578,-65.3,577,29.7
"13097","5","541612","78","0","2024","4","N",4,0,0,0,0,0,0,0,"N",0.82,0,0,0,0,0,0,0,"N",-1,-20.0,0,0,0,0,0,0,0,0,0,0,0,0,0,0
"13097","5","541613","78","0","2024","4","",10,20,23,22,543913,26045,138,1931,"",0.36,0.19,0.22,0.21,0.23,0.17,0.06,1.12,"N",6,150.0,0,0,0,0,0,0,0,0,0,0,0,0,0,0
"13097","5","541614","78","0","2024","4","N",3,0,0,0,0,0,0,0,"N",0.51,0,0,0,0,0,0,0,"N",-2,-40.0,0,0,0,0,0,0,0,0,0,0,0,0,0,0
"13097","5","541618","78","0","2024","4","N",10,0,0,0,0,0,0,0,"N",0.90,0,0,0,0,0,0,0,"N",4,66.7,0,0,0,0,0,0,0,0,0,0,0,0,0,0
"13097","5","54162","77","0","2024","4","N",5,0,0,0,0,0,0,0,"N",1.10,0,0,0,0,0,0,0,"N",0,0.0,0,0,0,0,0,0,0,0,0,0,0,0,0,0
"13097","5","541620","78","0","2024","4","N",5,0,0,0,0,0,0,0,"N",1.10,0,0,0,0,0,0,0,"N",0,0.0,0,0,0,0,0,0,0,0,0,0,0,0,0,0
"13097","5","54169","77","0","2024","4","N",3,0,0,0,0,0,0,0,"N",0.18,0,0,0,0,0,0,0,"N",1,50.0,0,0,0,0,0,0,0,0,0,0,0,0,0,0
"13097","5","541690","78","0","2024","4","N",3,0,0,0,0,0,0,0,"N",0.18,0,0,0,0,0,0,0,"N",1,50.0,0,0,0,0,0,0,0,0,0,0,0,0,0,0
"13097","5","5417","76","0","2024","4","N",5,0,0,0,0,0,0,0,"N",0.29,0,0,0,0,0,0,0,"N",0,0.0,0,0,0,0,0,0,0,0,0,0,0,0,0,0
"13097","5","54171","77","0","2024","4","N",4,0,0,0,0,0,0,0,"N",0.26,0,0,0,0,0,0,0,"N",0,0.0,0,0,0,0,0,0,0,0,0,0,0,0,0,0
"13097","5","541713","78","0","2024","4","N",1,0,0,0,0,0,0,0,"N",1.32,0,0,0,0,0,0,0,"N",0,0.0,0,0,0,0,0,0,0,0,0,0,0,0,0,0
"13097","5","541714","78","0","2024","4","N",2,0,0,0,0,0,0,0,"N",0.30,0,0,0,0,0,0,0,"N",0,0.0,0,0,0,0,0,0,0,0,0,0,0,0,0,0
"13097","5","541715","78","0","2024","4","N",1,0,0,0,0,0,0,0,"N",0.12,0,0,0,0,0,0,0,"N",0,0.0,0,0,0,0,0,0,0,0,0,0,0,0,0,0
"13097","5","54172","77","0","2024","4","N",1,0,0,0,0,0,0,0,"N",0.55,0,0,0,0,0,0,0,"N",0,0.0,0,0,0,0,0,0,0,0,0,0,0,0,0,0
"13097","5","541720","78","0","2024","4","N",1,0,0,0,0,0,0,0,"N",0.55,0,0,0,0,0,0,0,"N",0,0.0,0,0,0,0,0,0,0,0,0,0,0,0,0,0
"13097","5","5418","76","0","2024","4","N",10,0,0,0,0,0,0,0,"N",0.43,0,0,0,0,0,0,0,"N",2,25.0,0,0,0,0,0,0,0,0,0,0,0,0,0,0
"13097","5","54181","77","0","2024","4","",4,4,4,4,55068,1024,13,1059,"",0.35,0.06,0.06,0.06,0.03,0.01,0.01,0.51,"N",1,33.3,0,0,0,0,0,0,0,0,0,0,0,0,0,0
"13097","5","541810","78","0","2024","4","",4,4,4,4,55068,1024,13,1059,"",0.35,0.06,0.06,0.06,0.03,0.01,0.01,0.51,"N",1,33.3,0,0,0,0,0,0,0,0,0,0,0,0,0,0
"13097","5","54182","77","0","2024","4","N",3,0,0,0,0,0,0,0,"N",0.68,0,0,0,0,0,0,0,"N",0,0.0,0,0,0,0,0,0,0,0,0,0,0,0,0,0
"13097","5","541820","78","0","2024","4","N",3,0,0,0,0,0,0,0,"N",0.68,0,0,0,0,0,0,0,"N",0,0.0,0,0,0,0,0,0,0,0,0,0,0,0,0,0
"13097","5","54185","77","0","2024","4","N",1,0,0,0,0,0,0,0,"N",1.14,0,0,0,0,0,0,0,"N",0,0.0,0,0,0,0,0,0,0,0,0,0,0,0,0,0
"13097","5","541850","78","0","2024","4","N",1,0,0,0,0,0,0,0,"N",1.14,0,0,0,0,0,0,0,"N",0,0.0,0,0,0,0,0,0,0,0,0,0,0,0,0,0
"13097","5","54189","77","0","2024","4","N",2,0,0,0,0,0,0,0,"N",0.66,0,0,0,0,0,0,0,"N",1,100.0,0,0,0,0,0,0,0,0,0,0,0,0,0,0
"13097","5","541890","78","0","2024","4","N",2,0,0,0,0,0,0,0,"N",0.66,0,0,0,0,0,0,0,"N",1,100.0,0,0,0,0,0,0,0,0,0,0,0,0,0,0
"13097","5","5419","76","0","2024","4","",25,151,154,154,1982630,178874,2174,997,"",0.60,0.52,0.53,0.52,0.43,0.41,0.42,0.82,"",6,31.6,-6,-3.8,0,0.0,0,0.0,221644,12.6,-47029,-20.8,-236,-9.8,123,14.1
"13097","5","54191","77","0","2024","4","N",1,0,0,0,0,0,0,0,"N",0.32,0,0,0,0,0,0,0,"N",0,0.0,0,0,0,0,0,0,0,0,0,0,0,0,0,0
"13097","5","541910","78","0","2024","4","N",1,0,0,0,0,0,0,0,"N",0.32,0,0,0,0,0,0,0,"N",0,0.0,0,0,0,0,0,0,0,0,0,0,0,0,0,0
"13097","5","54192","77","0","2024","4","N",6,0,0,0,0,0,0,0,"N",1.21,0,0,0,0,0,0,0,"N",5,500.0,0,0,0,0,0,0,0,0,0,0,0,0,0,0
"13097","5","541921","78","0","2024","4","N",6,0,0,0,0,0,0,0,"N",1.69,0,0,0,0,0,0,0,"N",5,500.0,0,0,0,0,0,0,0,0,0,0,0,0,0,0
"13097","5","54194","77","0","2024","4","",12,116,116,120,1414008,119590,589,927,"",1.15,0.76,0.76,0.77,0.77,0.52,0.29,1.01,"",1,9.1,-9,-7.2,-7,-5.7,-7,-5.5,72671,5.4,-62242,-34.2,-650,-52.5,102,12.4
"13097","5","541940","78","0","2024","4","",12,116,116,120,1414008,119590,589,927,"",1.15,0.76,0.76,0.77,0.77,0.52,0.29,1.01,"",1,9.1,-9,-7.2,-7,-5.7,-7,-5.5,72671,5.4,-62242,-34.2,-650,-52.5,102,12.4
"13097","5","54199","77","0","2024","4","",6,28,28,24,477035,52297,1396,1376,"",0.28,0.33,0.33,0.28,0.25,0.40,0.74,0.78,"",0,0.0,1,3.7,1,3.7,1,4.3,106444,28.7,8472,19.3,232,19.9,265,23.9
"13097","5","541990","78","0","2024","4","",6,28,28,24,477035,52297,1396,1376,"",0.28,0.33,0.33,0.28,0.25,0.40,0.74,0.78,"",0,0.0,1,3.7,1,3.7,1,4.3,106444,28.7,8472,19.3,232,19.9,265,23.9
"13097","5","55","74","0","2024","4","",7,131,128,127,2789364,145446,501,1668,"",0.24,0.15,0.15,0.15,0.10,0.11,0.04,0.66,"",0,0.0,-12,-8.4,2,1.6,-18,-12.4,231754,9.1,-31423,-17.8,-185,-27.0,242,17.0
"13097","5","551","75","0","2024","4","",7,131,128,127,2789364,145446,501,1668,"",0.24,0.15,0.15,0.15,0.10,0.11,0.04,0.66,"",0,0.0,-12,-8.4,2,1.6,-18,-12.4,231754,9.1,-31423,-17.8,-185,-27.0,242,17.0
"13097","5","5511","76","0","2024","4","",7,131,128,127,2789364,145446,501,1668,"",0.24,0.15,0.15,0.15,0.10,0.11,0.04,0.66,"",0,0.0,-12,-8.4,2,1.6,-18,-12.4,231754,9.1,-31423,-17.8,-185,-27.0,242,17.0
"13097","5","55111","77","0","2024","4","",7,131,128,127,2789364,145446,501,1668,"",0.24,0.15,0.15,0.15,0.10,0.11,0.04,0.66,"",0,0.0,-12,-8.4,2,1.6,-18,-12.4,231754,9.1,-31423,-17.8,-185,-27.0,242,17.0
"13097","5","551111","78","0","2024","4","N",1,0,0,0,0,0,0,0,"N",3.44,0,0,0,0,0,0,0,"N",0,0.0,0,0,0,0,0,0,0,0,0,0,0,0,0,0
"13097","5","551112","78","0","2024","4","N",3,0,0,0,0,0,0,0,"N",0.67,0,0,0,0,0,0,0,"N",0,0.0,0,0,0,0,0,0,0,0,0,0,0,0,0,0
"13097","5","551114","78","0","2024","4","",3,116,116,111,2343072,142080,458,1576,"",0.12,0.14,0.14,0.13,0.09,0.12,0.04,0.63,"N",0,0.0,0,0,0,0,0,0,0,0,0,0,0,0,0,0
"13097","5","56","74","0","2024","4","",226,4953,4932,5038,55640908,13463307,119886,860,"",1.12,1.64,1.63,1.67,1.54,2.23,1.36,0.93,"",36,18.9,-12,-0.2,-106,-2.1,-64,-1.3,3751227,7.2,903564,7.2,31619,35.8,67,8.4
"13097","5","561","75","0","2024","4","",207,4696,4670,4779,51211684,13222964,116867,835,"",1.09,1.65,1.64,1.68,1.54,2.28,1.38,0.93,"",35,20.3,-18,-0.4,-118,-2.5,-62,-1.3,3589943,7.5,914520,7.4,31422,36.8,69,9.0
"13097","5","5611","76","0","2024","4","N",17,0,0,0,0,0,0,0,"N",0.68,0,0,0,0,0,0,0,"N",14,466.7,0,0,0,0,0,0,0,0,0,0,0,0,0,0
"13097","5","56111","77","0","2024","4","N",17,0,0,0,0,0,0,0,"N",0.68,0,0,0,0,0,0,0,"N",14,466.7,0,0,0,0,0,0,0,0,0,0,0,0,0,0
"13097","5","561110","78","0","2024","4","N",17,0,0,0,0,0,0,0,"N",0.68,0,0,0,0,0,0,0,"N",14,466.7,0,0,0,0,0,0,0,0,0,0,0,0,0,0
"13097","5","5612","76","0","2024","4","N",1,0,0,0,0,0,0,0,"N",0.43,0,0,0,0,0,0,0,"N",-1,-50.0,0,0,0,0,0,0,0,0,0,0,0,0,0,0
"13097","5","56121","77","0","2024","4","N",1,0,0,0,0,0,0,0,"N",0.43,0,0,0,0,0,0,0,"N",-1,-50.0,0,0,0,0,0,0,0,0,0,0,0,0,0,0
"13097","5","561210","78","0","2024","4","N",1,0,0,0,0,0,0,0,"N",0.43,0,0,0,0,0,0,0,"N",-1,-50.0,0,0,0,0,0,0,0,0,0,0,0,0,0,0
"13097","5","5613","76","0","2024","4","",68,3665,3932,4065,38042875,12125287,79040,753,"",1.53,3.36,3.56,3.67,3.08,4.01,1.67,0.87,"",6,9.7,-296,-7.5,-148,-3.6,-25,-0.6,1525770,4.2,531119,4.6,7350,10.3,58,8.3
"13097","5","56131","77","0","2024","4","N",10,0,0,0,0,0,0,0,"N",0.94,0,0,0,0,0,0,0,"N",3,42.9,0,0,0,0,0,0,0,0,0,0,0,0,0,0
"13097","5","561311","78","0","2024","4","N",8,0,0,0,0,0,0,0,"N",1.00,0,0,0,0,0,0,0,"N",2,33.3,0,0,0,0,0,0,0,0,0,0,0,0,0,0
"13097","5","561312","78","0","2024","4","N",2,0,0,0,0,0,0,0,"N",0.76,0,0,0,0,0,0,0,"N",1,100.0,0,0,0,0,0,0,0,0,0,0,0,0,0,0
"13097","5","56132","77","0","2024","4","",37,2678,2879,2990,25758855,9449598,51264,695,"",1.32,3.13,3.31,3.44,3.01,3.72,1.30,0.91,"",1,2.8,-194,-6.8,-159,-5.2,-51,-1.7,-99091,-0.4,53003,0.6,3328,6.9,28,4.2
"13097","5","561320","78","0","2024","4","",37,2678,2879,2990,25758855,9449598,51264,695,"",1.32,3.13,3.31,3.44,3.01,3.72,1.30,0.91,"",1,2.8,-194,-6.8,-159,-5.2,-51,-1.7,-99091,-0.4,53003,0.6,3328,6.9,28,4.2
"13097","5","56133","77","0","2024","4","N",21,0,0,0,0,0,0,0,"N",3.61,0,0,0,0,0,0,0,"N",2,10.5,0,0,0,0,0,0,0,0,0,0,0,0,0,0
"13097","5","561330","78","0","2024","4","N",21,0,0,0,0,0,0,0,"N",3.61,0,0,0,0,0,0,0,"N",2,10.5,0,0,0,0,0,0,0,0,0,0,0,0,0,0
"13097","5","5614","76","0","2024","4","",20,58,53,52,623114,67606,1231,882,"",1.11,0.26,0.23,0.23,0.21,0.20,0.28,0.87,"",7,53.8,2,3.6,0,0.0,0,0.0,94349,17.8,1311,2.0,-176,-12.5,124,16.4
"13097","5","56141","77","0","2024","4","N",4,0,0,0,0,0,0,0,"N",1.75,0,0,0,0,0,0,0,"N",3,300.0,0,0,0,0,0,0,0,0,0,0,0,0,0,0
"13097","5","561410","78","0","2024","4","N",4,0,0,0,0,0,0,0,"N",1.75,0,0,0,0,0,0,0,"N",3,300.0,0,0,0,0,0,0,0,0,0,0,0,0,0,0
"13097","5","56142","77","0","2024","4","N",3,0,0,0,0,0,0,0,"N",0.66,0,0,0,0,0,0,0,"N",0,0.0,0,0,0,0,0,0,0,0,0,0,0,0,0,0
"13097","5","561422","78","0","2024","4","N",3,0,0,0,0,0,0,0,"N",0.84,0,0,0,0,0,0,0,"N",0,0.0,0,0,0,0,0,0,0,0,0,0,0,0,0,0
"13097","5","56143","77","0","2024","4","",6,15,14,14,130567,24158,135,701,"",1.80,0.60,0.56,0.55,0.54,0.66,0.33,0.95,"",-1,-14.3,-3,-16.7,-4,-22.2,-5,-26.3,-14192,-9.8,1710,7.6,-329,-70.9,94,15.5
"13097","5","561431","78","0","2024","4","N",4,0,0,0,0,0,0,0,"N",2.43,0,0,0,0,0,0,0,"N",0,0.0,0,0,0,0,0,0,0,0,0,0,0,0,0,0
"13097","5","561439","78","0","2024","4","N",2,0,0,0,0,0,0,0,"N",1.18,0,0,0,0,0,0,0,"N",-1,-33.3,0,0,0,0,0,0,0,0,0,0,0,0,0,0
"13097","5","56149","77","0","2024","4","",7,4,4,4,61410,474,6,1181,"",1.23,0.11,0.11,0.11,0.09,0.01,0.01,0.86,"N",5,250.0,0,0,0,0,0,0,0,0,0,0,0,0,0,0
"13097","5","561492","78","0","2024","4","N",2,0,0,0,0,0,0,0,"N",2.13,0,0,0,0,0,0,0,"N",1,100.0,0,0,0,0,0,0,0,0,0,0,0,0,0,0
"13097","5","561499","78","0","2024","4","N",5,0,0,0,0,0,0,0,"N",1.11,0,0,0,0,0,0,0,"N",4,400.0,0,0,0,0,0,0,0,0,0,0,0,0,0,0
"13097","5","5615","76","0","2024","4","N",5,0,0,0,0,0,0,0,"N",0.75,0,0,0,0,0,0,0,"N",3,150.0,0,0,0,0,0,0,0,0,0,0,0,0,0,0
"13097","5","56151","77","0","2024","4","N",3,0,0,0,0,0,0,0,"N",0.76,0,0,0,0,0,0,0,"N",2,200.0,0,0,0,0,0,0,0,0,0,0,0,0,0,0
"13097","5","561510","78","0","2024","4","N",3,0,0,0,0,0,0,0,"N",0.76,0,0,0,0,0,0,0,"N",2,200.0,0,0,0,0,0,0,0,0,0,0,0,0,0,0
"13097","5","56152","77","0","2024","4","N",1,0,0,0,0,0,0,0,"N",0.98,0,0,0,0,0,0,0,"N",1,100.0,0,0,0,0,0,0,0,0,0,0,0,0,0,0
"13097","5","561520","78","0","2024","4","N",1,0,0,0,0,0,0,0,"N",0.98,0,0,0,0,0,0,0,"N",1,100.0,0,0,0,0,0,0,0,0,0,0,0,0,0,0
"13097","5","56159","77","0","2024","4","N",1,0,0,0,0,0,0,0,"N",0.59,0,0,0,0,0,0,0,"N",0,0.0,0,0,0,0,0,0,0,0,0,0,0,0,0,0
"13097","5","561599","78","0","2024","4","N",1,0,0,0,0,0,0,0,"N",0.71,0,0,0,0,0,0,0,"N",0,0.0,0,0,0,0,0,0,0,0,0,0,0,0,0,0
"13097","5","5616","76","0","2024","4","",15,45,46,46,1176354,38501,576,1982,"",1.31,0.13,0.13,0.13,0.36,0.07,0.07,2.69,"",3,25.0,8,21.6,10,27.8,-18,-28.1,383006,48.3,16692,76.5,319,124.1,646,48.4
"13097","5","56161","77","0","2024","4","",10,20,21,21,590369,14259,353,2197,"",1.44,0.07,0.07,0.07,0.24,0.03,0.05,3.42,"",3,42.9,8,66.7,9,75.0,-19,-47.5,333430,129.8,1950,15.8,187,112.7,1271,137.3
"13097","5","561611","78","0","2024","4","N",3,0,0,0,0,0,0,0,"N",1.79,0,0,0,0,0,0,0,"N",2,200.0,0,0,0,0,0,0,0,0,0,0,0,0,0,0
"13097","5","561612","78","0","2024","4","N",7,0,0,0,0,0,0,0,"N",1.39,0,0,0,0,0,0,0,"N",1,16.7,0,0,0,0,0,0,0,0,0,0,0,0,0,0
"13097","5","56162","77","0","2024","4","",5,25,25,25,585985,24242,223,1803,"",1.12,0.48,0.48,0.47,0.69,0.37,0.31,1.43,"",0,0.0,0,0.0,1,4.2,1,4.2,49576,9.2,14742,155.2,132,145.1,107,6.3
"13097","5","561621","78","0","2024","4","N",3,0,0,0,0,0,0,0,"N",0.93,0,0,0,0,0,0,0,"N",0,0.0,0,0,0,0,0,0,0,0,0,0,0,0,0,0
"13097","5","561622","78","0","2024","4","N",2,0,0,0,0,0,0,0,"N",1.61,0,0,0,0,0,0,0,"N",0,0.0,0,0,0,0,0,0,0,0,0,0,0,0,0,0
"13097","5","5617","76","0","2024","4","",71,287,281,283,3055247,408699,4122,829,"",0.97,0.38,0.38,0.39,0.45,0.32,0.24,1.19,"",3,4.4,-17,-5.6,-26,-8.5,-16,-5.4,347520,12.8,110792,37.2,809,24.4,142,20.7
"13097","5","56171","77","0","2024","4","",4,15,16,16,146695,3015,2,720,"",0.78,0.30,0.32,0.33,0.25,0.05,0.00,0.78,"N",0,0.0,0,0,0,0,0,0,0,0,0,0,0,0,0,0
"13097","5","561710","78","0","2024","4","",4,15,16,16,146695,3015,2,720,"",0.78,0.30,0.32,0.33,0.25,0.05,0.00,0.78,"N",0,0.0,0,0,0,0,0,0,0,0,0,0,0,0,0,0
"13097","5","56172","77","0","2024","4","",27,85,83,80,753764,135876,2599,701,"",1.12,0.24,0.24,0.23,0.31,0.22,0.39,1.32,"",1,3.8,-6,-6.6,-11,-11.7,-6,-7.0,63022,9.1,44502,48.7,1524,141.8,113,19.2
"13097","5","561720","78","0","2024","4","",27,85,83,80,753764,135876,2599,701,"",1.12,0.24,0.24,0.23,0.31,0.22,0.39,1.32,"",1,3.8,-6,-6.6,-11,-11.7,-6,-7.0,63022,9.1,44502,48.7,1524,141.8,113,19.2
"13097","5","56173","77","0","2024","4","",31,148,140,138,1628066,130116,1118,882,"",0.87,0.48,0.47,0.50,0.51,0.25,0.12,1.05,"",3,10.7,-14,-8.6,-21,-13.0,-23,-14.3,84470,5.5,-37014,-22.1,-641,-36.4,146,19.8
"13097","5","561730","78","0","2024","4","",31,148,140,138,1628066,130116,1118,882,"",0.87,0.48,0.47,0.50,0.51,0.25,0.12,1.05,"",3,10.7,-14,-8.6,-21,-13.0,-23,-14.3,84470,5.5,-37014,-22.1,-641,-36.4,146,19.8
"13097","5","56174","77","0","2024","4","",4,30,32,39,441406,138832,380,1009,"",2.00,2.55,2.74,3.34,3.83,6.70,1.59,1.33,"",-1,-20.0,5,20.0,7,28.0,13,50.0,189906,75.5,119945,635.1,280,280.0,245,32.1
"13097","5","561740","78","0","2024","4","",4,30,32,39,441406,138832,380,1009,"",2.00,2.55,2.74,3.34,3.83,6.70,1.59,1.33,"",-1,-20.0,5,20.0,7,28.0,13,50.0,189906,75.5,119945,635.1,280,280.0,245,32.1
"13097","5","56179","77","0","2024","4","",5,9,10,10,85316,860,23,679,"",0.81,0.24,0.28,0.28,0.21,0.01,0.02,0.79,"N",0,0.0,0,0,0,0,0,0,0,0,0,0,0,0,0,0
"13097","5","561790","78","0","2024","4","",5,9,10,10,85316,860,23,679,"",0.81,0.24,0.28,0.28,0.21,0.01,0.02,0.79,"N",0,0.0,0,0,0,0,0,0,0,0,0,0,0,0,0,0
"13097","5","5619","76","0","2024","4","",10,553,261,237,5491926,564305,31708,1206,"",1.04,5.04,2.41,2.18,3.89,2.94,10.17,1.21,"",0,0.0,300,118.6,56,27.3,7,3.0,992714,22.1,305645,118.2,23779,299.9,-303,-20.1
"13097","5","56192","77","0","2024","4","N",5,0,0,0,0,0,0,0,"N",2.13,0,0,0,0,0,0,0,"N",0,0.0,0,0,0,0,0,0,0,0,0,0,0,0,0,0
"13097","5","561920","78","0","2024","4","N",5,0,0,0,0,0,0,0,"N",2.13,0,0,0,0,0,0,0,"N",0,0.0,0,0,0,0,0,0,0,0,0,0,0,0,0,0
"13097","5","56199","77","0","2024","4","N",5,0,0,0,0,0,0,0,"N",0.79,0,0,0,0,0,0,0,"N",0,0.0,0,0,0,0,0,0,0,0,0,0,0,0,0,0
"13097","5","561990","78","0","2024","4","N",5,0,0,0,0,0,0,0,"N",0.79,0,0,0,0,0,0,0,"N",0,0.0,0,0,0,0,0,0,0,0,0,0,0,0,0,0
"13097","5","562","75","0","2024","4","",19,257,262,259,4429224,240343,3019,1314,"",1.77,1.54,1.56,1.53,1.54,0.99,0.93,1.00,"",1,5.6,6,2.4,12,4.8,-2,-0.8,161284,3.8,-10956,-4.4,197,7.0,21,1.6
"13097","5","5621","76","0","2024","4","",12,225,229,227,3590434,224524,2765,1217,"",2.91,3.14,3.18,3.12,2.95,2.22,2.37,0.94,"",1,9.1,19,9.2,22,10.6,16,7.6,219007,6.5,27596,14.0,-1,0.0,-30,-2.4
"13097","5","56211","77","0","2024","4","",12,225,229,227,3590434,224524,2765,1217,"",2.91,3.14,3.18,3.12,2.95,2.22,2.37,0.94,"",1,9.1,19,9.2,22,10.6,16,7.6,219007,6.5,27596,14.0,-1,0.0,-30,-2.4
"13097","5","562111","78","0","2024","4","N",10,0,0,0,0,0,0,0,"N",3.14,0,0,0,0,0,0,0,"N",1,11.1,0,0,0,0,0,0,0,0,0,0,0,0,0,0
"13097","5","562119","78","0","2024","4","N",2,0,0,0,0,0,0,0,"N",2.80,0,0,0,0,0,0,0,"N",0,0.0,0,0,0,0,0,0,0,0,0,0,0,0,0,0
"13097","5","5629","76","0","2024","4","",7,32,33,32,838790,15819,254,1996,"",1.33,0.53,0.55,0.53,0.85,0.15,0.15,1.58,"",0,0.0,-13,-28.9,-10,-23.3,-18,-36.0,-57723,-6.4,-38552,-70.9,198,353.6,497,33.2
"13097","5","56291","77","0","2024","4","N",1,0,0,0,0,0,0,0,"N",0.38,0,0,0,0,0,0,0,"N",0,0.0,0,0,0,0,0,0,0,0,0,0,0,0,0,0
"13097","5","562910","78","0","2024","4","N",1,0,0,0,0,0,0,0,"N",0.38,0,0,0,0,0,0,0,"N",0,0.0,0,0,0,0,0,0,0,0,0,0,0,0,0,0
"13097","5","56292","77","0","2024","4","N",1,0,0,0,0,0,0,0,"N",1.91,0,0,0,0,0,0,0,"N",0,0.0,0,0,0,0,0,0,0,0,0,0,0,0,0,0
"13097","5","562920","78","0","2024","4","N",1,0,0,0,0,0,0,0,"N",1.91,0,0,0,0,0,0,0,"N",0,0.0,0,0,0,0,0,0,0,0,0,0,0,0,0,0
"13097","5","56299","77","0","2024","4","N",5,0,0,0,0,0,0,0,"N",2.36,0,0,0,0,0,0,0,"N",0,0.0,0,0,0,0,0,0,0,0,0,0,0,0,0,0
"13097","5","562991","78","0","2024","4","N",2,0,0,0,0,0,0,0,"N",1.51,0,0,0,0,0,0,0,"N",-1,-33.3,0,0,0,0,0,0,0,0,0,0,0,0,0,0
"13097","5","562998","78","0","2024","4","N",3,0,0,0,0,0,0,0,"N",3.77,0,0,0,0,0,0,0,"N",1,50.0,0,0,0,0,0,0,0,0,0,0,0,0,0,0
"13097","5","61","74","0","2024","4","",39,396,388,381,4646768,469456,6880,920,"",0.79,0.37,0.36,0.35,0.33,0.61,0.80,0.92,"",6,18.2,44,12.5,31,8.7,35,10.1,579014,14.2,88835,23.3,2373,52.7,30,3.4
"13097","5","611","75","0","2024","4","",39,396,388,381,4646768,469456,6880,920,"",0.79,0.37,0.36,0.35,0.33,0.61,0.80,0.92,"",6,18.2,44,12.5,31,8.7,35,10.1,579014,14.2,88835,23.3,2373,52.7,30,3.4
"13097","5","6111","76","0","2024","4","",7,231,230,222,2811701,168645,2744,950,"",1.09,0.71,0.70,0.67,0.79,0.64,1.10,1.14,"",1,16.7,7,3.1,5,2.2,7,3.3,144135,5.4,8280,5.2,79,3.0,23,2.5
"13097","5","61111","77","0","2024","4","",7,231,230,222,2811701,168645,2744,950,"",1.09,0.71,0.70,0.67,0.79,0.64,1.10,1.14,"",1,16.7,7,3.1,5,2.2,7,3.3,144135,5.4,8280,5.2,79,3.0,23,2.5
"13097","5","611110","78","0","2024","4","",7,231,230,222,2811701,168645,2744,950,"",1.09,0.71,0.70,0.67,0.79,0.64,1.10,1.14,"",1,16.7,7,3.1,5,2.2,7,3.3,144135,5.4,8280,5.2,79,3.0,23,2.5
"13097","5","6113","76","0","2024","4","N",2,0,0,0,0,0,0,0,"N",0.48,0,0,0,0,0,0,0,"N",1,100.0,0,0,0,0,0,0,0,0,0,0,0,0,0,0
"13097","5","61131","77","0","2024","4","N",2,0,0,0,0,0,0,0,"N",0.48,0,0,0,0,0,0,0,"N",1,100.0,0,0,0,0,0,0,0,0,0,0,0,0,0,0
"13097","5","611310","78","0","2024","4","N",2,0,0,0,0,0,0,0,"N",0.48,0,0,0,0,0,0,0,"N",1,100.0,0,0,0,0,0,0,0,0,0,0,0,0,0,0
"13097","5","6114","76","0","2024","4","",5,13,12,13,259913,5844,32,1578,"",0.85,0.51,0.47,0.50,0.48,0.19,0.08,0.97,"",2,66.7,8,160.0,6,100.0,7,116.7,241639,1322.3,2374,68.4,24,300.0,1330,536.3
"13097","5","61142","77","0","2024","4","N",2,0,0,0,0,0,0,0,"N",1.58,0,0,0,0,0,0,0,"N",0,0.0,0,0,0,0,0,0,0,0,0,0,0,0,0,0
"13097","5","611420","78","0","2024","4","N",2,0,0,0,0,0,0,0,"N",1.58,0,0,0,0,0,0,0,"N",0,0.0,0,0,0,0,0,0,0,0,0,0,0,0,0,0
"13097","5","61143","77","0","2024","4","N",3,0,0,0,0,0,0,0,"N",0.67,0,0,0,0,0,0,0,"N",2,200.0,0,0,0,0,0,0,0,0,0,0,0,0,0,0
"13097","5","611430","78","0","2024","4","N",3,0,0,0,0,0,0,0,"N",0.67,0,0,0,0,0,0,0,"N",2,200.0,0,0,0,0,0,0,0,0,0,0,0,0,0,0
"13097","5","6115","76","0","2024","4","N",4,0,0,0,0,0,0,0,"N",1.12,0,0,0,0,0,0,0,"N",0,0.0,0,0,0,0,0,0,0,0,0,0,0,0,0,0
"13097","5","61151","77","0","2024","4","N",4,0,0,0,0,0,0,0,"N",1.12,0,0,0,0,0,0,0,"N",0,0.0,0,0,0,0,0,0,0,0,0,0,0,0,0,0
"13097","5","611519","78","0","2024","4","N",4,0,0,0,0,0,0,0,"N",2.03,0,0,0,0,0,0,0,"N",0,0.0,0,0,0,0,0,0,0,0,0,0,0,0,0,0
"13097","5","6116","76","0","2024","4","",16,54,53,52,506661,96214,395,735,"",0.83,0.31,0.30,0.29,0.50,0.41,0.14,1.66,"",0,0.0,-24,-30.8,-27,-33.8,-27,-34.2,-162364,-24.3,-31065,-24.4,-253,-39.0,84,12.9
"13097","5","61161","77","0","2024","4","N",3,0,0,0,0,0,0,0,"N",0.64,0,0,0,0,0,0,0,"N",0,0.0,0,0,0,0,0,0,0,0,0,0,0,0,0,0
"13097","5","611610","78","0","2024","4","N",3,0,0,0,0,0,0,0,"N",0.64,0,0,0,0,0,0,0,"N",0,0.0,0,0,0,0,0,0,0,0,0,0,0,0,0,0
"13097","5","61162","77","0","2024","4","",6,30,29,27,355619,68633,377,954,"",0.95,0.51,0.49,0.45,1.20,0.88,0.43,2.49,"",-1,-14.3,1,3.4,0,0.0,0,0.0,15399,4.5,3051,4.7,-6,-1.6,30,3.2
"13097","5","611620","78","0","2024","4","",6,30,29,27,355619,68633,377,954,"",0.95,0.51,0.49,0.45,1.20,0.88,0.43,2.49,"",-1,-14.3,1,3.4,0,0.0,0,0.0,15399,4.5,3051,4.7,-6,-1.6,30,3.2
"13097","5","61169","77","0","2024","4","N",7,0,0,0,0,0,0,0,"N",0.90,0,0,0,0,0,0,0,"N",1,16.7,0,0,0,0,0,0,0,0,0,0,0,0,0,0
"13097","5","611691","78","0","2024","4","N",4,0,0,0,0,0,0,0,"N",1.20,0,0,0,0,0,0,0,"N",1,33.3,0,0,0,0,0,0,0,0,0,0,0,0,0,0
"13097","5","611692","78","0","2024","4","N",1,0,0,0,0,0,0,0,"N",1.24,0,0,0,0,0,0,0,"N",0,0.0,0,0,0,0,0,0,0,0,0,0,0,0,0,0
"13097","5","611699","78","0","2024","4","N",2,0,0,0,0,0,0,0,"N",0.56,0,0,0,0,0,0,0,"N",0,0.0,0,0,0,0,0,0,0,0,0,0,0,0,0,0
"13097","5","6117","76","0","2024","4","N",5,0,0,0,0,0,0,0,"N",0.53,0,0,0,0,0,0,0,"N",2,66.7,0,0,0,0,0,0,0,0,0,0,0,0,0,0
"13097","5","61171","77","0","2024","4","N",5,0,0,0,0,0,0,0,"N",0.53,0,0,0,0,0,0,0,"N",2,66.7,0,0,0,0,0,0,0,0,0,0,0,0,0,0
"13097","5","611710","78","0","2024","4","N",5,0,0,0,0,0,0,0,"N",0.53,0,0,0,0,0,0,0,"N",2,66.7,0,0,0,0,0,0,0,0,0,0,0,0,0,0
"13097","5","62","74","0","2024","4","",387,5149,5112,5096,89910206,4098190,39759,1351,"",0.64,0.70,0.69,0.68,0.90,0.53,0.46,1.31,"",26,7.2,-7,-0.1,-91,-1.7,-102,-2.0,4541260,5.3,-1961347,-32.4,-10504,-20.9,85,6.7
"13097","5","621","75","0","2024","4","",273,3423,3408,3420,71385533,1930909,21023,1607,"",1.26,1.18,1.16,1.15,1.49,0.53,0.53,1.28,"",17,6.6,51,1.5,4,0.1,16,0.5,4609691,6.9,-20647,-1.1,-795,-3.6,93,6.1
"13097","5","6211","76","0","2024","4","",78,1966,1953,2000,51741283,472966,6494,2017,"",1.11,2.03,2.00,2.02,2.18,0.48,0.66,1.08,"",3,4.0,-16,-0.8,-60,-3.0,18,0.9,3609024,7.5,6484,1.4,3601,124.5,159,8.6
"13097","5","62111","77","0","2024","4","",78,1966,1953,2000,51741283,472966,6494,2017,"",1.11,2.03,2.00,2.02,2.18,0.48,0.66,1.08,"",3,4.0,-16,-0.8,-60,-3.0,18,0.9,3609024,7.5,6484,1.4,3601,124.5,159,8.6
"13097","5","621111","78","0","2024","4","N",76,0,0,0,0,0,0,0,"N",1.16,0,0,0,0,0,0,0,"N",2,2.7,0,0,0,0,0,0,0,0,0,0,0,0,0,0
"13097","5","621112","78","0","2024","4","N",2,0,0,0,0,0,0,0,"N",0.42,0,0,0,0,0,0,0,"N",1,100.0,0,0,0,0,0,0,0,0,0,0,0,0,0,0
"13097","5","6212","76","0","2024","4","",46,383,381,351,5309006,399827,5547,1099,"",1.16,1.13,1.11,1.01,1.08,0.73,1.06,1.00,"",2,4.5,3,0.8,-6,-1.6,-53,-13.1,86257,1.7,-215874,-35.1,-2784,-33.4,70,6.8
"13097","5","62121","77","0","2024","4","",46,383,381,351,5309006,399827,5547,1099,"",1.16,1.13,1.11,1.01,1.08,0.73,1.06,1.00,"",2,4.5,3,0.8,-6,-1.6,-53,-13.1,86257,1.7,-215874,-35.1,-2784,-33.4,70,6.8
"13097","5","621210","78","0","2024","4","",46,383,381,351,5309006,399827,5547,1099,"",1.16,1.13,1.11,1.01,1.08,0.73,1.06,1.00,"",2,4.5,3,0.8,-6,-1.6,-53,-13.1,86257,1.7,-215874,-35.1,-2784,-33.4,70,6.8
"13097","5","6213","76","0","2024","4","",67,299,295,293,3243618,369891,3153,844,"",1.11,0.73,0.71,0.70,0.71,0.54,0.41,1.00,"",7,11.7,27,9.9,30,11.3,45,18.1,177358,5.8,25560,7.4,470,17.5,-57,-6.3
"13097","5","62131","77","0","2024","4","",18,70,71,74,833252,70560,474,894,"",1.58,1.48,1.48,1.53,1.87,0.85,0.64,1.25,"",-2,-10.0,-2,-2.8,3,4.4,2,2.8,15187,1.9,13909,24.6,-144,-23.3,4,0.4
"13097","5","621310","78","0","2024","4","",18,70,71,74,833252,70560,474,894,"",1.58,1.48,1.48,1.53,1.87,0.85,0.64,1.25,"",-2,-10.0,-2,-2.8,3,4.4,2,2.8,15187,1.9,13909,24.6,-144,-23.3,4,0.4
"13097","5","62132","77","0","2024","4","N",6,0,0,0,0,0,0,0,"N",0.97,0,0,0,0,0,0,0,"N",1,20.0,0,0,0,0,0,0,0,0,0,0,0,0,0,0
"13097","5","621320","78","0","2024","4","N",6,0,0,0,0,0,0,0,"N",0.97,0,0,0,0,0,0,0,"N",1,20.0,0,0,0,0,0,0,0,0,0,0,0,0,0,0
"13097","5","62133","77","0","2024","4","N",13,0,0,0,0,0,0,0,"N",0.92,0,0,0,0,0,0,0,"N",4,44.4,0,0,0,0,0,0,0,0,0,0,0,0,0,0
"13097","5","621330","78","0","2024","4","N",13,0,0,0,0,0,0,0,"N",0.92,0,0,0,0,0,0,0,"N",4,44.4,0,0,0,0,0,0,0,0,0,0,0,0,0,0
"13097","5","62134","77","0","2024","4","",18,75,76,76,1115694,66693,407,1134,"",1.19,0.46,0.46,0.46,0.63,0.28,0.16,1.37,"",3,20.0,8,11.9,11,16.9,7,10.1,182010,19.5,-10050,-13.1,-449,-52.5,62,5.8
"13097","5","621340","78","0","2024","4","",18,75,76,76,1115694,66693,407,1134,"",1.19,0.46,0.46,0.46,0.63,0.28,0.16,1.37,"",3,20.0,8,11.9,11,16.9,7,10.1,182010,19.5,-10050,-13.1,-449,-52.5,62,5.8
"13097","5","62139","77","0","2024","4","",12,23,20,21,288367,19502,222,1040,"",0.88,0.36,0.31,0.33,0.34,0.17,0.15,1.03,"",1,9.1,-8,-25.8,-6,-23.1,-7,-25.0,-108184,-27.3,-21651,-52.6,-107,-32.5,-37,-3.4
"13097","5","621391","78","0","2024","4","N",3,0,0,0,0,0,0,0,"N",1.56,0,0,0,0,0,0,0,"N",0,0.0,0,0,0,0,0,0,0,0,0,0,0,0,0,0
"13097","5","621399","78","0","2024","4","N",9,0,0,0,0,0,0,0,"N",0.77,0,0,0,0,0,0,0,"N",1,12.5,0,0,0,0,0,0,0,0,0,0,0,0,0,0
"13097","5","6214","76","0","2024","4","N",18,0,0,0,0,0,0,0,"N",1.17,0,0,0,0,0,0,0,"N",6,50.0,0,0,0,0,0,0,0,0,0,0,0,0,0,0
"13097","5","62142","77","0","2024","4","",5,14,13,16,59034,23655,639,317,"",0.96,0.14,0.13,0.15,0.05,0.22,0.48,0.35,"N",3,150.0,0,0,0,0,0,0,0,0,0,0,0,0,0,0
"13097","5","621420","78","0","2024","4","",5,14,13,16,59034,23655,639,317,"",0.96,0.14,0.13,0.15,0.05,0.22,0.48,0.35,"N",3,150.0,0,0,0,0,0,0,0,0,0,0,0,0,0,0
"13097","5","62149","77","0","2024","4","N",13,0,0,0,0,0,0,0,"N",1.41,0,0,0,0,0,0,0,"N",3,30.0,0,0,0,0,0,0,0,0,0,0,0,0,0,0
"13097","5","621491","78","0","2024","4","N",2,0,0,0,0,0,0,0,"N",2.39,0,0,0,0,0,0,0,"N",0,0.0,0,0,0,0,0,0,0,0,0,0,0,0,0,0
"13097","5","621492","78","0","2024","4","",6,67,65,62,1112100,74229,438,1323,"",2.60,1.60,1.54,1.45,1.71,1.60,1.19,1.12,"",1,20.0,4,6.3,-3,-4.4,-9,-12.7,10490,1.0,-887,-1.2,-13,-2.9,64,5.1
"13097","5","621493","78","0","2024","4","N",2,0,0,0,0,0,0,0,"N",0.76,0,0,0,0,0,0,0,"N",1,100.0,0,0,0,0,0,0,0,0,0,0,0,0,0,0
"13097","5","621498","78","0","2024","4","",3,22,21,23,309336,31598,43,1082,"",0.87,0.26,0.25,0.27,0.21,0.44,0.05,0.81,"N",1,50.0,0,0,0,0,0,0,0,0,0,0,0,0,0,0
"13097","5","6215","76","0","2024","4","N",18,0,0,0,0,0,0,0,"N",2.11,0,0,0,0,0,0,0,"N",-2,-10.0,0,0,0,0,0,0,0,0,0,0,0,0,0,0
"13097","5","62151","77","0","2024","4","N",18,0,0,0,0,0,0,0,"N",2.11,0,0,0,0,0,0,0,"N",-2,-10.0,0,0,0,0,0,0,0,0,0,0,0,0,0,0
"13097","5","621511","78","0","2024","4","N",16,0,0,0,0,0,0,0,"N",2.52,0,0,0,0,0,0,0,"N",-1,-5.9,0,0,0,0,0,0,0,0,0,0,0,0,0,0
"13097","5","621512","78","0","2024","4","N",2,0,0,0,0,0,0,0,"N",0.91,0,0,0,0,0,0,0,"N",-1,-33.3,0,0,0,0,0,0,0,0,0,0,0,0,0,0
"13097","5","6216","76","0","2024","4","",34,263,278,281,2659008,446790,3514,746,"",2.22,0.45,0.47,0.46,0.55,0.55,0.34,1.19,"",0,0.0,-7,-2.6,17,6.5,-1,-0.4,149481,6.0,140171,45.7,-1885,-34.9,34,4.8
"13097","5","62161","77","0","2024","4","",34,263,278,281,2659008,446790,3514,746,"",2.22,0.45,0.47,0.46,0.55,0.55,0.34,1.19,"",0,0.0,-7,-2.6,17,6.5,-1,-0.4,149481,6.0,140171,45.7,-1885,-34.9,34,4.8
"13097","5","621610","78","0","2024","4","",34,263,278,281,2659008,446790,3514,746,"",2.22,0.45,0.47,0.46,0.55,0.55,0.34,1.19,"",0,0.0,-7,-2.6,17,6.5,-1,-0.4,149481,6.0,140171,45.7,-1885,-34.9,34,4.8
"13097","5","6219","76","0","2024","4","",12,320,313,305,4982802,64064,818,1226,"",1.90,2.70,2.63,2.54,3.08,0.43,0.50,1.17,"",1,9.1,11,3.6,3,1.0,-9,-2.9,235277,5.0,3047,5.0,80,10.8,52,4.4
"13097","5","62191","77","0","2024","4","N",2,0,0,0,0,0,0,0,"N",1.18,0,0,0,0,0,0,0,"N",0,0.0,0,0,0,0,0,0,0,0,0,0,0,0,0,0
"13097","5","621910","78","0","2024","4","N",2,0,0,0,0,0,0,0,"N",1.18,0,0,0,0,0,0,0,"N",0,0.0,0,0,0,0,0,0,0,0,0,0,0,0,0,0
"13097","5","62199","77","0","2024","4","N",10,0,0,0,0,0,0,0,"N",2.17,0,0,0,0,0,0,0,"N",1,11.1,0,0,0,0,0,0,0,0,0,0,0,0,0,0
"13097","5","621991","78","0","2024","4","N",2,0,0,0,0,0,0,0,"N",2.79,0,0,0,0,0,0,0,"N",0,0.0,0,0,0,0,0,0,0,0,0,0,0,0,0,0
"13097","5","621999","78","0","2024","4","",8,22,22,21,281212,27089,593,998,"",2.06,0.67,0.66,0.63,0.52,0.65,1.06,0.79,"N",1,14.3,0,0,0,0,0,0,0,0,0,0,0,0,0,0
"13097","5","622","75","0","2024","4","N",1,0,0,0,0,0,0,0,"N",0.21,0,0,0,0,0,0,0,"N",0,0.0,0,0,0,0,0,0,0,0,0,0,0,0,0,0
"13097","5","6221","76","0","2024","4","N",1,0,0,0,0,0,0,0,"N",0.29,0,0,0,0,0,0,0,"N",0,0.0,0,0,0,0,0,0,0,0,0,0,0,0,0,0
"13097","5","62211","77","0","2024","4","N",1,0,0,0,0,0,0,0,"N",0.29,0,0,0,0,0,0,0,"N",0,0.0,0,0,0,0,0,0,0,0,0,0,0,0,0,0
"13097","5","622110","78","0","2024","4","N",1,0,0,0,0,0,0,0,"N",0.29,0,0,0,0,0,0,0,"N",0,0.0,0,0,0,0,0,0,0,0,0,0,0,0,0,0
"13097","5","623","75","0","2024","4","",22,830,838,839,11331529,1232666,7774,1043,"",0.82,0.76,0.76,0.75,1.11,0.76,0.46,1.47,"",6,37.5,-86,-9.4,-75,-8.2,-72,-7.9,1019422,9.9,-1769749,-58.9,-4595,-37.1,174,20.0
"13097","5","6231","76","0","2024","4","N",3,0,0,0,0,0,0,0,"N",0.51,0,0,0,0,0,0,0,"N",1,50.0,0,0,0,0,0,0,0,0,0,0,0,0,0,0
"13097","5","62311","77","0","2024","4","N",3,0,0,0,0,0,0,0,"N",0.51,0,0,0,0,0,0,0,"N",1,50.0,0,0,0,0,0,0,0,0,0,0,0,0,0,0
"13097","5","623110","78","0","2024","4","N",3,0,0,0,0,0,0,0,"N",0.51,0,0,0,0,0,0,0,"N",1,50.0,0,0,0,0,0,0,0,0,0,0,0,0,0,0
"13097","5","6232","76","0","2024","4","",4,131,131,138,1601070,98819,537,924,"",0.40,0.60,0.59,0.61,0.76,0.43,0.23,1.26,"",0,0.0,-13,-9.0,-4,-3.0,5,3.8,-42043,-2.6,-21179,-17.6,-381,-41.5,4,0.4
"13097","5","62321","77","0","2024","4","N",2,0,0,0,0,0,0,0,"N",0.28,0,0,0,0,0,0,0,"N",0,0.0,0,0,0,0,0,0,0,0,0,0,0,0,0,0
"13097","5","623210","78","0","2024","4","N",2,0,0,0,0,0,0,0,"N",0.28,0,0,0,0,0,0,0,"N",0,0.0,0,0,0,0,0,0,0,0,0,0,0,0,0,0
"13097","5","62322","77","0","2024","4","N",2,0,0,0,0,0,0,0,"N",0.67,0,0,0,0,0,0,0,"N",0,0.0,0,0,0,0,0,0,0,0,0,0,0,0,0,0
"13097","5","623220","78","0","2024","4","N",2,0,0,0,0,0,0,0,"N",0.67,0,0,0,0,0,0,0,"N",0,0.0,0,0,0,0,0,0,0,0,0,0,0,0,0,0
"13097","5","6233","76","0","2024","4","",13,150,153,146,1331907,244891,4939,685,"",1.53,0.47,0.47,0.44,0.50,0.45,0.85,1.10,"",5,62.5,-3,-2.0,2,1.3,-9,-5.8,-629,0.0,-48436,-16.5,2653,116.1,15,2.2
"13097","5","62331","77","0","2024","4","",13,150,153,146,1331907,244891,4939,685,"",1.53,0.47,0.47,0.44,0.50,0.45,0.85,1.10,"",5,62.5,-3,-2.0,2,1.3,-9,-5.8,-629,0.0,-48436,-16.5,2653,116.1,15,2.2
"13097","5","623311","78","0","2024","4","",3,31,31,28,234779,61847,536,602,"",1.42,0.20,0.19,0.17,0.17,0.30,0.26,0.92,"N",1,50.0,0,0,0,0,0,0,0,0,0,0,0,0,0,0
"13097","5","623312","78","0","2024","4","",10,119,122,118,1097128,183044,4403,705,"",1.57,0.73,0.74,0.70,0.86,0.55,1.17,1.18,"N",4,66.7,0,0,0,0,0,0,0,0,0,0,0,0,0,0
"13097","5","6239","76","0","2024","4","N",2,0,0,0,0,0,0,0,"N",0.92,0,0,0,0,0,0,0,"N",0,0.0,0,0,0,0,0,0,0,0,0,0,0,0,0,0
"13097","5","62399","77","0","2024","4","N",2,0,0,0,0,0,0,0,"N",0.92,0,0,0,0,0,0,0,"N",0,0.0,0,0,0,0,0,0,0,0,0,0,0,0,0,0
"13097","5","623990","78","0","2024","4","N",2,0,0,0,0,0,0,0,"N",0.92,0,0,0,0,0,0,0,"N",0,0.0,0,0,0,0,0,0,0,0,0,0,0,0,0,0
"13097","5","624","75","0","2024","4","N",91,0,0,0,0,0,0,0,"N",0.25,0,0,0,0,0,0,0,"N",3,3.4,0,0,0,0,0,0,0,0,0,0,0,0,0,0
"13097","5","6241","76","0","2024","4","",51,268,270,255,2157209,232733,2884,628,"",0.16,0.25,0.25,0.24,0.30,0.17,0.16,1.21,"",0,0.0,14,5.5,8,3.1,-1,-0.4,147103,7.3,13923,6.4,-1391,-32.5,27,4.5
"13097","5","62411","77","0","2024","4","N",4,0,0,0,0,0,0,0,"N",0.97,0,0,0,0,0,0,0,"N",0,0.0,0,0,0,0,0,0,0,0,0,0,0,0,0,0
"13097","5","624110","78","0","2024","4","N",4,0,0,0,0,0,0,0,"N",0.97,0,0,0,0,0,0,0,"N",0,0.0,0,0,0,0,0,0,0,0,0,0,0,0,0,0
"13097","5","62412","77","0","2024","4","N",31,0,0,0,0,0,0,0,"N",0.10,0,0,0,0,0,0,0,"N",-1,-3.1,0,0,0,0,0,0,0,0,0,0,0,0,0,0
"13097","5","624120","78","0","2024","4","N",31,0,0,0,0,0,0,0,"N",0.10,0,0,0,0,0,0,0,"N",-1,-3.1,0,0,0,0,0,0,0,0,0,0,0,0,0,0
"13097","5","62419","77","0","2024","4","N",16,0,0,0,0,0,0,0,"N",1.21,0,0,0,0,0,0,0,"N",1,6.7,0,0,0,0,0,0,0,0,0,0,0,0,0,0
"13097","5","624190","78","0","2024","4","N",16,0,0,0,0,0,0,0,"N",1.21,0,0,0,0,0,0,0,"N",1,6.7,0,0,0,0,0,0,0,0,0,0,0,0,0,0
"13097","5","6242","76","0","2024","4","N",7,0,0,0,0,0,0,0,"N",1.63,0,0,0,0,0,0,0,"N",1,16.7,0,0,0,0,0,0,0,0,0,0,0,0,0,0
"13097","5","62421","77","0","2024","4","N",1,0,0,0,0,0,0,0,"N",0.84,0,0,0,0,0,0,0,"N",0,0.0,0,0,0,0,0,0,0,0,0,0,0,0,0,0
"13097","5","624210","78","0","2024","4","N",1,0,0,0,0,0,0,0,"N",0.84,0,0,0,0,0,0,0,"N",0,0.0,0,0,0,0,0,0,0,0,0,0,0,0,0,0
"13097","5","62422","77","0","2024","4","N",4,0,0,0,0,0,0,0,"N",1.72,0,0,0,0,0,0,0,"N",1,33.3,0,0,0,0,0,0,0,0,0,0,0,0,0,0
"13097","5","624221","78","0","2024","4","N",2,0,0,0,0,0,0,0,"N",1.61,0,0,0,0,0,0,0,"N",0,0.0,0,0,0,0,0,0,0,0,0,0,0,0,0,0
"13097","5","624229","78","0","2024","4","N",2,0,0,0,0,0,0,0,"N",1.85,0,0,0,0,0,0,0,"N",1,100.0,0,0,0,0,0,0,0,0,0,0,0,0,0,0
"13097","5","62423","77","0","2024","4","N",2,0,0,0,0,0,0,0,"N",2.55,0,0,0,0,0,0,0,"N",0,0.0,0,0,0,0,0,0,0,0,0,0,0,0,0,0
"13097","5","624230","78","0","2024","4","N",2,0,0,0,0,0,0,0,"N",2.55,0,0,0,0,0,0,0,"N",0,0.0,0,0,0,0,0,0,0,0,0,0,0,0,0,0
"13097","5","6244","76","0","2024","4","",33,556,524,509,3783165,669473,7841,549,"",1.44,1.73,1.62,1.56,1.74,1.21,1.27,1.06,"",2,6.5,17,3.2,-24,-4.4,-41,-7.5,26749,0.7,-190293,-22.1,-3809,-32.7,19,3.6
"13097","5","62441","77","0","2024","4","",33,556,524,509,3783165,669473,7841,549,"",1.44,1.73,1.62,1.56,1.74,1.21,1.27,1.06,"",2,6.5,17,3.2,-24,-4.4,-41,-7.5,26749,0.7,-190293,-22.1,-3809,-32.7,19,3.6
"13097","5","624410","78","0","2024","4","",33,556,524,509,3783165,669473,7841,549,"",1.44,1.73,1.62,1.56,1.74,1.21,1.27,1.06,"",2,6.5,17,3.2,-24,-4.4,-41,-7.5,26749,0.7,-190293,-22.1,-3809,-32.7,19,3.6
"13097","5","71","74","0","2024","4","",40,277,276,276,1372762,333386,3199,382,"",0.73,0.33,0.34,0.34,0.14,0.29,0.20,0.41,"",6,17.6,-48,-14.8,-38,-12.1,-3,-1.1,-162144,-10.6,-23272,-6.5,1207,60.6,-4,-1.0
"13097","5","711","75","0","2024","4","N",15,0,0,0,0,0,0,0,"N",0.62,0,0,0,0,0,0,0,"N",5,50.0,0,0,0,0,0,0,0,0,0,0,0,0,0,0
"13097","5","7111","76","0","2024","4","N",4,0,0,0,0,0,0,0,"N",1.03,0,0,0,0,0,0,0,"N",0,0.0,0,0,0,0,0,0,0,0,0,0,0,0,0,0
"13097","5","71112","77","0","2024","4","N",1,0,0,0,0,0,0,0,"N",2.13,0,0,0,0,0,0,0,"N",0,0.0,0,0,0,0,0,0,0,0,0,0,0,0,0,0
"13097","5","711120","78","0","2024","4","N",1,0,0,0,0,0,0,0,"N",2.13,0,0,0,0,0,0,0,"N",0,0.0,0,0,0,0,0,0,0,0,0,0,0,0,0,0
"13097","5","71113","77","0","2024","4","N",3,0,0,0,0,0,0,0,"N",1.68,0,0,0,0,0,0,0,"N",0,0.0,0,0,0,0,0,0,0,0,0,0,0,0,0,0
"13097","5","711130","78","0","2024","4","N",3,0,0,0,0,0,0,0,"N",1.68,0,0,0,0,0,0,0,"N",0,0.0,0,0,0,0,0,0,0,0,0,0,0,0,0,0
"13097","5","7112","76","0","2024","4","N",3,0,0,0,0,0,0,0,"N",1.17,0,0,0,0,0,0,0,"N",0,0.0,0,0,0,0,0,0,0,0,0,0,0,0,0,0
"13097","5","71121","77","0","2024","4","N",3,0,0,0,0,0,0,0,"N",1.17,0,0,0,0,0,0,0,"N",0,0.0,0,0,0,0,0,0,0,0,0,0,0,0,0,0
"13097","5","711211","78","0","2024","4","N",1,0,0,0,0,0,0,0,"N",0.88,0,0,0,0,0,0,0,"N",0,0.0,0,0,0,0,0,0,0,0,0,0,0,0,0,0
"13097","5","711219","78","0","2024","4","N",2,0,0,0,0,0,0,0,"N",1.65,0,0,0,0,0,0,0,"N",0,0.0,0,0,0,0,0,0,0,0,0,0,0,0,0,0
"13097","5","7113","76","0","2024","4","N",1,0,0,0,0,0,0,0,"N",0.30,0,0,0,0,0,0,0,"N",0,0.0,0,0,0,0,0,0,0,0,0,0,0,0,0,0
"13097","5","71131","77","0","2024","4","N",1,0,0,0,0,0,0,0,"N",0.70,0,0,0,0,0,0,0,"N",0,0.0,0,0,0,0,0,0,0,0,0,0,0,0,0,0
"13097","5","711310","78","0","2024","4","N",1,0,0,0,0,0,0,0,"N",0.70,0,0,0,0,0,0,0,"N",0,0.0,0,0,0,0,0,0,0,0,0,0,0,0,0,0
"13097","5","7114","76","0","2024","4","N",1,0,0,0,0,0,0,0,"N",0.48,0,0,0,0,0,0,0,"N",0,0.0,0,0,0,0,0,0,0,0,0,0,0,0,0,0
"13097","5","71141","77","0","2024","4","N",1,0,0,0,0,0,0,0,"N",0.48,0,0,0,0,0,0,0,"N",0,0.0,0,0,0,0,0,0,0,0,0,0,0,0,0,0
"13097","5","711410","78","0","2024","4","N",1,0,0,0,0,0,0,0,"N",0.48,0,0,0,0,0,0,0,"N",0,0.0,0,0,0,0,0,0,0,0,0,0,0,0,0,0
"13097","5","7115","76","0","2024","4","",6,7,6,6,109637,8541,230,1332,"",0.49,0.31,0.28,0.28,0.08,0.16,0.24,0.26,"N",5,500.0,0,0,0,0,0,0,0,0,0,0,0,0,0,0
"13097","5","71151","77","0","2024","4","",6,7,6,6,109637,8541,230,1332,"",0.49,0.31,0.28,0.28,0.08,0.16,0.24,0.26,"N",5,500.0,0,0,0,0,0,0,0,0,0,0,0,0,0,0
"13097","5","711510","78","0","2024","4","",6,7,6,6,109637,8541,230,1332,"",0.49,0.31,0.28,0.28,0.08,0.16,0.24,0.26,"N",5,500.0,0,0,0,0,0,0,0,0,0,0,0,0,0,0
"13097","5","712","75","0","2024","4","N",3,0,0,0,0,0,0,0,"N",1.30,0,0,0,0,0,0,0,"N",0,0.0,0,0,0,0,0,0,0,0,0,0,0,0,0,0
"13097","5","7121","76","0","2024","4","N",3,0,0,0,0,0,0,0,"N",1.30,0,0,0,0,0,0,0,"N",0,0.0,0,0,0,0,0,0,0,0,0,0,0,0,0,0
"13097","5","71211","77","0","2024","4","N",3,0,0,0,0,0,0,0,"N",1.93,0,0,0,0,0,0,0,"N",0,0.0,0,0,0,0,0,0,0,0,0,0,0,0,0,0
"13097","5","712110","78","0","2024","4","N",3,0,0,0,0,0,0,0,"N",1.93,0,0,0,0,0,0,0,"N",0,0.0,0,0,0,0,0,0,0,0,0,0,0,0,0,0
"13097","5","713","75","0","2024","4","",22,241,240,241,1077995,315536,2854,345,"",0.77,0.41,0.42,0.42,0.28,0.40,0.27,0.68,"",1,4.8,-48,-16.6,-41,-14.6,-4,-1.6,-185279,-14.7,-32743,-9.4,1000,53.9,-13,-3.6
"13097","5","7131","76","0","2024","4","N",1,0,0,0,0,0,0,0,"N",0.83,0,0,0,0,0,0,0,"N",0,0.0,0,0,0,0,0,0,0,0,0,0,0,0,0,0
"13097","5","71312","77","0","2024","4","N",1,0,0,0,0,0,0,0,"N",1.23,0,0,0,0,0,0,0,"N",0,0.0,0,0,0,0,0,0,0,0,0,0,0,0,0,0
"13097","5","713120","78","0","2024","4","N",1,0,0,0,0,0,0,0,"N",1.23,0,0,0,0,0,0,0,"N",0,0.0,0,0,0,0,0,0,0,0,0,0,0,0,0,0
"13097","5","7139","76","0","2024","4","N",21,0,0,0,0,0,0,0,"N",0.81,0,0,0,0,0,0,0,"N",1,5.0,0,0,0,0,0,0,0,0,0,0,0,0,0,0
"13097","5","71391","77","0","2024","4","N",2,0,0,0,0,0,0,0,"N",0.62,0,0,0,0,0,0,0,"N",-1,-33.3,0,0,0,0,0,0,0,0,0,0,0,0,0,0
"13097","5","713910","78","0","2024","4","N",2,0,0,0,0,0,0,0,"N",0.62,0,0,0,0,0,0,0,"N",-1,-33.3,0,0,0,0,0,0,0,0,0,0,0,0,0,0
"13097","5","71394","77","0","2024","4","",15,158,158,153,608249,214751,2575,299,"",1.14,0.77,0.76,0.72,0.64,0.84,0.84,0.85,"",2,15.4,-5,-3.1,2,1.3,-5,-3.2,30140,5.2,29536,15.9,960,59.4,19,6.8
"13097","5","713940","78","0","2024","4","",15,158,158,153,608249,214751,2575,299,"",1.14,0.77,0.76,0.72,0.64,0.84,0.84,0.85,"",2,15.4,-5,-3.1,2,1.3,-5,-3.2,30140,5.2,29536,15.9,960,59.4,19,6.8
"13097","5","71395","77","0","2024","4","N",2,0,0,0,0,0,0,0,"N",2.06,0,0,0,0,0,0,0,"N",0,0.0,0,0,0,0,0,0,0,0,0,0,0,0,0,0
"13097","5","713950","78","0","2024","4","N",2,0,0,0,0,0,0,0,"N",2.06,0,0,0,0,0,0,0,"N",0,0.0,0,0,0,0,0,0,0,0,0,0,0,0,0,0
"13097","5","71399","77","0","2024","4","N",2,0,0,0,0,0,0,0,"N",0.27,0,0,0,0,0,0,0,"N",0,0.0,0,0,0,0,0,0,0,0,0,0,0,0,0,0
"13097","5","713990","78","0","2024","4","N",2,0,0,0,0,0,0,0,"N",0.27,0,0,0,0,0,0,0,"N",0,0.0,0,0,0,0,0,0,0,0,0,0,0,0,0,0
"13097","5","72","74","0","2024","4","",288,4923,4879,4886,30486192,7193730,76025,479,"",1.25,1.08,1.07,1.05,1.08,0.91,0.87,1.01,"",2,0.7,-37,-0.7,-103,-2.1,-52,-1.1,1240365,4.2,-343150,-4.6,-272,-0.4,25,5.5
"13097","5","721","75","0","2024","4","",39,470,459,451,3775727,556723,8734,631,"",1.72,0.76,0.75,0.73,0.69,0.47,0.67,0.93,"",0,0.0,45,10.6,26,6.0,23,5.4,586232,18.4,-81448,-12.8,1429,19.6,59,10.3
"13097","5","7211","76","0","2024","4","",39,470,459,451,3775727,556723,8734,631,"",1.99,0.79,0.78,0.75,0.71,0.48,0.69,0.92,"",0,0.0,45,10.6,26,6.0,23,5.4,586232,18.4,-81448,-12.8,1429,19.6,59,10.3
"13097","5","72111","77","0","2024","4","N",37,0,0,0,0,0,0,0,"N",2.07,0,0,0,0,0,0,0,"N",0,0.0,0,0,0,0,0,0,0,0,0,0,0,0,0,0
"13097","5","721110","78","0","2024","4","N",37,0,0,0,0,0,0,0,"N",2.07,0,0,0,0,0,0,0,"N",0,0.0,0,0,0,0,0,0,0,0,0,0,0,0,0,0
"13097","5","72119","77","0","2024","4","N",2,0,0,0,0,0,0,0,"N",1.25,0,0,0,0,0,0,0,"N",0,0.0,0,0,0,0,0,0,0,0,0,0,0,0,0,0
"13097","5","721199","78","0","2024","4","N",2,0,0,0,0,0,0,0,"N",2.15,0,0,0,0,0,0,0,"N",0,0.0,0,0,0,0,0,0,0,0,0,0,0,0,0,0
"13097","5","722","75","0","2024","4","",249,4453,4420,4435,26710465,6637007,67291,463,"",1.20,1.13,1.12,1.10,1.17,0.98,0.90,1.05,"",2,0.8,-82,-1.8,-129,-2.8,-75,-1.7,654133,2.5,-261702,-3.8,-1701,-2.5,21,4.8
"13097","5","7223","76","0","2024","4","N",10,0,0,0,0,0,0,0,"N",0.66,0,0,0,0,0,0,0,"N",0,0.0,0,0,0,0,0,0,0,0,0,0,0,0,0,0
"13097","5","72231","77","0","2024","4","N",3,0,0,0,0,0,0,0,"N",0.40,0,0,0,0,0,0,0,"N",0,0.0,0,0,0,0,0,0,0,0,0,0,0,0,0,0
"13097","5","722310","78","0","2024","4","N",3,0,0,0,0,0,0,0,"N",0.40,0,0,0,0,0,0,0,"N",0,0.0,0,0,0,0,0,0,0,0,0,0,0,0,0,0
"13097","5","72232","77","0","2024","4","N",4,0,0,0,0,0,0,0,"N",0.99,0,0,0,0,0,0,0,"N",0,0.0,0,0,0,0,0,0,0,0,0,0,0,0,0,0
"13097","5","722320","78","0","2024","4","N",4,0,0,0,0,0,0,0,"N",0.99,0,0,0,0,0,0,0,"N",0,0.0,0,0,0,0,0,0,0,0,0,0,0,0,0,0
"13097","5","72233","77","0","2024","4","N",3,0,0,0,0,0,0,0,"N",0.84,0,0,0,0,0,0,0,"N",0,0.0,0,0,0,0,0,0,0,0,0,0,0,0,0,0
"13097","5","722330","78","0","2024","4","N",3,0,0,0,0,0,0,0,"N",0.84,0,0,0,0,0,0,0,"N",0,0.0,0,0,0,0,0,0,0,0,0,0,0,0,0,0
"13097","5","7224","76","0","2024","4","N",5,0,0,0,0,0,0,0,"N",0.40,0,0,0,0,0,0,0,"N",1,25.0,0,0,0,0,0,0,0,0,0,0,0,0,0,0
"13097","5","72241","77","0","2024","4","N",5,0,0,0,0,0,0,0,"N",0.40,0,0,0,0,0,0,0,"N",1,25.0,0,0,0,0,0,0,0,0,0,0,0,0,0,0
"13097","5","722410","78","0","2024","4","N",5,0,0,0,0,0,0,0,"N",0.40,0,0,0,0,0,0,0,"N",1,25.0,0,0,0,0,0,0,0,0,0,0,0,0,0,0
"13097","5","7225","76","0","2024","4","",234,4414,4384,4393,26118126,6580973,67026,457,"",1.29,1.25,1.23,1.21,1.31,1.10,1.11,1.07,"",1,0.4,-53,-1.2,-103,-2.3,-52,-1.2,679840,2.7,-182690,-2.7,-120,-0.2,19,4.3
"13097","5","72251","77","0","2024","4","",234,4414,4384,4393,26118126,6580973,67026,457,"",1.29,1.25,1.23,1.21,1.31,1.10,1.11,1.07,"",1,0.4,-53,-1.2,-103,-2.3,-52,-1.2,679840,2.7,-182690,-2.7,-120,-0.2,19,4.3
"13097","5","722511","78","0","2024","4","",93,1909,1906,1922,12484299,2736514,25024,502,"",1.21,1.11,1.10,1.09,1.15,0.92,0.78,1.04,"",0,0.0,9,0.5,-55,-2.8,28,1.5,468746,3.9,34168,1.3,1844,8.0,20,4.1
"13097","5","722513","78","0","2024","4","",112,2173,2147,2154,12198564,3349403,37094,435,"",1.44,1.46,1.43,1.41,1.65,1.35,1.67,1.15,"",0,0.0,-73,-3.3,-107,-4.7,-88,-3.9,242197,2.0,-251035,-7.0,-2444,-6.2,26,6.4
"13097","5","722514","78","0","2024","4","",3,51,52,52,228426,74306,240,340,"",1.99,2.06,2.08,2.06,1.64,2.06,0.63,0.79,"",-1,-25.0,14,37.8,16,44.4,17,48.6,41449,22.2,24849,50.2,158,192.7,-60,-15.0
"13097","5","722515","78","0","2024","4","",26,281,279,265,1206837,420750,4668,338,"",1.06,0.92,0.91,0.85,0.77,0.81,0.80,0.87,"",2,8.3,-3,-1.1,43,18.2,-9,-3.3,-72552,-5.7,9328,2.3,322,7.4,-34,-9.1
"13097","5","81","74","0","2024","4","",267,1210,1217,1201,15117852,1600431,26787,962,"",1.04,0.79,0.79,0.78,0.90,0.77,1.10,1.14,"",27,11.2,112,10.2,120,10.9,87,7.8,1769920,13.3,193107,13.7,5970,28.7,31,3.3
"13097","5","811","75","0","2024","4","",122,635,644,635,9180945,735528,10883,1107,"",1.70,1.33,1.35,1.32,1.51,1.02,1.33,1.13,"",2,1.7,-25,-3.8,-25,-3.7,-35,-5.2,-25680,-0.3,-117075,-13.7,-1796,-14.2,44,4.1
"13097","5","8111","76","0","2024","4","",93,502,506,502,6713775,620540,9532,1026,"",1.84,1.50,1.50,1.47,1.77,1.18,1.73,1.18,"",5,5.7,-19,-3.6,-23,-4.3,-32,-6.0,38822,0.6,-111152,-15.2,-1965,-17.1,54,5.6
"13097","5","81111","77","0","2024","4","",48,159,162,154,2240950,190326,2568,1089,"",1.72,1.11,1.12,1.05,1.28,0.86,1.10,1.17,"",5,11.6,-2,-1.2,1,0.6,-8,-4.9,227862,11.3,-24699,-11.5,686,36.5,129,13.4
"13097","5","811111","78","0","2024","4","",39,114,117,111,1629121,163990,2273,1099,"",1.57,0.88,0.90,0.84,1.03,0.82,1.07,1.18,"",4,11.4,0,0.0,1,0.9,-2,-1.8,193836,13.5,2755,1.7,1190,109.9,133,13.8
"13097","5","811114","78","0","2024","4","",9,45,45,43,611829,26336,295,1062,"",3.04,3.12,3.10,2.92,3.49,1.29,1.42,1.15,"",1,12.5,-2,-4.3,0,0.0,-6,-12.2,34026,5.9,-27454,-51.0,-504,-63.1,116,12.3
"13097","5","81112","77","0","2024","4","",20,166,165,163,3093862,144305,2327,1445,"",1.62,1.74,1.72,1.69,2.36,1.08,1.67,1.37,"",-1,-4.8,-8,-4.6,-7,-4.1,-11,-6.3,-134814,-4.2,-29683,-17.1,-643,-21.6,12,0.8
"13097","5","811121","78","0","2024","4","",15,134,134,136,2665910,114016,1444,1523,"",1.47,1.62,1.61,1.61,2.28,0.99,1.20,1.42,"",-1,-6.2,-29,-17.8,-27,-16.8,-28,-17.1,-445765,-14.3,-50320,-30.6,-1446,-50.0,52,3.5
"13097","5","811122","78","0","2024","4","",5,32,31,27,427952,30289,883,1097,"",2.40,2.59,2.51,2.19,3.01,1.69,4.65,1.23,"",0,0.0,21,190.9,20,181.8,17,170.0,310951,265.8,20637,213.8,803,1003.8,253,30.0
"13097","5","81119","77","0","2024","4","",25,177,179,185,1378963,285909,4637,588,"",2.39,1.83,1.84,1.89,1.86,1.66,2.57,1.00,"",1,4.2,-9,-4.8,-17,-8.7,-13,-6.6,-54226,-3.8,-56770,-16.6,-2008,-30.2,18,3.2
"13097","5","811191","78","0","2024","4","",10,108,112,117,924215,195978,2898,633,"",4.06,4.37,4.51,4.66,4.44,3.80,5.56,0.98,"",0,0.0,-10,-8.5,-4,-3.4,-2,-1.7,-10263,-1.1,-3443,-1.7,-868,-23.0,22,3.6
"13097","5","811192","78","0","2024","4","N",13,0,0,0,0,0,0,0,"N",2.26,0,0,0,0,0,0,0,"N",1,8.3,0,0,0,0,0,0,0,0,0,0,0,0,0,0
"13097","5","811198","78","0","2024","4","N",2,0,0,0,0,0,0,0,"N",0.89,0,0,0,0,0,0,0,"N",0,0.0,0,0,0,0,0,0,0,0,0,0,0,0,0,0
"13097","5","8112","76","0","2024","4","",8,16,17,12,266155,3255,30,1365,"",1.72,0.48,0.51,0.35,0.47,0.09,0.07,1.07,"",-3,-27.3,-1,-5.9,1,6.2,-5,-29.4,78780,42.0,-4039,-55.4,-28,-48.3,500,57.8
"13097","5","81121","77","0","2024","4","",8,16,17,12,266155,3255,30,1365,"",1.72,0.48,0.51,0.35,0.47,0.09,0.07,1.07,"",-3,-27.3,-1,-5.9,1,6.2,-5,-29.4,78780,42.0,-4039,-55.4,-28,-48.3,500,57.8
"13097","5","811210","78","0","2024","4","",8,16,17,12,266155,3255,30,1365,"",1.72,0.48,0.51,0.35,0.47,0.09,0.07,1.07,"",-3,-27.3,-1,-5.9,1,6.2,-5,-29.4,78780,42.0,-4039,-55.4,-28,-48.3,500,57.8
"13097","5","8113","76","0","2024","4","",11,81,83,83,1679055,86939,1141,1569,"",1.20,1.01,1.05,1.04,1.18,0.74,0.66,1.14,"",0,0.0,15,22.7,13,18.6,13,18.6,48589,3.0,19377,28.7,598,110.1,-258,-14.1
"13097","5","81131","77","0","2024","4","",11,81,83,83,1679055,86939,1141,1569,"",1.20,1.01,1.05,1.04,1.18,0.74,0.66,1.14,"",0,0.0,15,22.7,13,18.6,13,18.6,48589,3.0,19377,28.7,598,110.1,-258,-14.1
"13097","5","811310","78","0","2024","4","",11,81,83,83,1679055,86939,1141,1569,"",1.20,1.01,1.05,1.04,1.18,0.74,0.66,1.14,"",0,0.0,15,22.7,13,18.6,13,18.6,48589,3.0,19377,28.7,598,110.1,-258,-14.1
"13097","5","8114","76","0","2024","4","",10,36,38,38,521960,24794,180,1075,"",1.37,1.30,1.37,1.37,1.76,0.59,0.38,1.30,"",0,0.0,-20,-35.7,-16,-29.6,-11,-22.4,-191871,-26.9,-21261,-46.2,-401,-69.0,39,3.8
"13097","5","81141","77","0","2024","4","N",6,0,0,0,0,0,0,0,"N",2.48,0,0,0,0,0,0,0,"N",0,0.0,0,0,0,0,0,0,0,0,0,0,0,0,0,0
"13097","5","811411","78","0","2024","4","N",1,0,0,0,0,0,0,0,"N",1.70,0,0,0,0,0,0,0,"N",0,0.0,0,0,0,0,0,0,0,0,0,0,0,0,0,0
"13097","5","811412","78","0","2024","4","",5,17,18,16,206107,9901,51,933,"",2.74,2.15,2.26,2.00,2.21,0.80,0.39,1.04,"N",0,0.0,0,0,0,0,0,0,0,0,0,0,0,0,0,0
"13097","5","81142","77","0","2024","4","N",1,0,0,0,0,0,0,0,"N",1.00,0,0,0,0,0,0,0,"N",0,0.0,0,0,0,0,0,0,0,0,0,0,0,0,0,0
"13097","5","811420","78","0","2024","4","N",1,0,0,0,0,0,0,0,"N",1.00,0,0,0,0,0,0,0,"N",0,0.0,0,0,0,0,0,0,0,0,0,0,0,0,0,0
"13097","5","81149","77","0","2024","4","",3,18,19,21,315104,14144,109,1254,"",0.81,1.37,1.45,1.61,2.27,0.69,0.46,1.54,"N",0,0.0,0,0,0,0,0,0,0,0,0,0,0,0,0,0
"13097","5","811490","78","0","2024","4","",3,18,19,21,315104,14144,109,1254,"",0.81,1.37,1.45,1.61,2.27,0.69,0.46,1.54,"N",0,0.0,0,0,0,0,0,0,0,0,0,0,0,0,0,0
"13097","5","812","75","0","2024","4","",102,470,465,458,4317244,720889,13002,715,"",1.31,0.92,0.90,0.88,1.07,0.91,1.45,1.18,"",18,21.4,118,33.5,122,35.6,99,27.6,1209809,38.9,305252,73.4,7530,137.6,35,5.1
"13097","5","8121","76","0","2024","4","",58,150,142,131,1097285,150057,1024,599,"",1.29,0.62,0.58,0.53,0.65,0.39,0.22,1.13,"",8,16.0,-5,-3.2,-10,-6.6,-22,-14.4,-10404,-0.9,2131,1.4,-795,-43.7,43,7.7
"13097","5","81211","77","0","2024","4","",48,129,121,112,960411,138270,886,612,"",1.37,0.72,0.67,0.61,0.78,0.49,0.28,1.17,"",7,17.1,-7,-5.1,-14,-10.4,-24,-17.6,-6357,-0.7,17558,14.5,-489,-35.6,64,11.7
"13097","5","812111","78","0","2024","4","N",5,0,0,0,0,0,0,0,"N",2.07,0,0,0,0,0,0,0,"N",2,66.7,0,0,0,0,0,0,0,0,0,0,0,0,0,0
"13097","5","812112","78","0","2024","4","",31,97,90,82,718455,89057,642,616,"",1.37,0.81,0.75,0.67,0.82,0.49,0.34,1.11,"",1,3.3,-12,-11.0,-19,-17.4,-27,-24.8,-71633,-9.1,-5661,-6.0,-640,-49.9,58,10.4
"13097","5","812113","78","0","2024","4","N",12,0,0,0,0,0,0,0,"N",1.22,0,0,0,0,0,0,0,"N",4,50.0,0,0,0,0,0,0,0,0,0,0,0,0,0,0
"13097","5","81219","77","0","2024","4","",10,21,21,19,136874,11787,138,518,"",0.98,0.34,0.33,0.30,0.30,0.11,0.10,0.93,"",1,11.1,2,10.5,4,23.5,2,11.8,-4047,-2.9,-15427,-56.7,-306,-68.9,-96,-15.6
"13097","5","812191","78","0","2024","4","N",1,0,0,0,0,0,0,0,"N",1.40,0,0,0,0,0,0,0,"N",0,0.0,0,0,0,0,0,0,0,0,0,0,0,0,0,0
"13097","5","812199","78","0","2024","4","N",9,0,0,0,0,0,0,0,"N",0.95,0,0,0,0,0,0,0,"N",1,12.5,0,0,0,0,0,0,0,0,0,0,0,0,0,0
"13097","5","8122","76","0","2024","4","",6,42,43,42,296320,31324,361,538,"",1.13,0.96,0.98,0.94,0.65,0.65,0.86,0.67,"",1,20.0,5,13.5,7,19.4,4,10.5,26368,9.8,-6314,-16.8,-278,-43.5,-23,-4.1
"13097","5","81221","77","0","2024","4","N",4,0,0,0,0,0,0,0,"N",1.00,0,0,0,0,0,0,0,"N",1,33.3,0,0,0,0,0,0,0,0,0,0,0,0,0,0
"13097","5","812210","78","0","2024","4","N",4,0,0,0,0,0,0,0,"N",1.00,0,0,0,0,0,0,0,"N",1,33.3,0,0,0,0,0,0,0,0,0,0,0,0,0,0
"13097","5","81222","77","0","2024","4","N",2,0,0,0,0,0,0,0,"N",1.55,0,0,0,0,0,0,0,"N",0,0.0,0,0,0,0,0,0,0,0,0,0,0,0,0,0
"13097","5","812220","78","0","2024","4","N",2,0,0,0,0,0,0,0,"N",1.55,0,0,0,0,0,0,0,"N",0,0.0,0,0,0,0,0,0,0,0,0,0,0,0,0,0
"13097","5","8123","76","0","2024","4","",16,88,88,89,1221517,65102,656,1064,"",2.01,1.05,1.04,1.04,1.59,0.51,0.52,1.53,"",2,14.3,7,8.6,11,14.3,7,8.5,57846,5.0,10657,19.6,317,93.5,-55,-4.9
"13097","5","81231","77","0","2024","4","",3,10,9,10,35828,11267,266,285,"",1.03,0.78,0.70,0.76,0.47,0.59,1.13,0.62,"",0,0.0,4,66.7,5,125.0,3,42.9,5391,17.7,6842,154.6,161,153.3,-128,-31.0
"13097","5","812310","78","0","2024","4","",3,10,9,10,35828,11267,266,285,"",1.03,0.78,0.70,0.76,0.47,0.59,1.13,0.62,"",0,0.0,4,66.7,5,125.0,3,42.9,5391,17.7,6842,154.6,161,153.3,-128,-31.0
"13097","5","81232","77","0","2024","4","",13,78,79,79,1185689,53835,390,1159,"",3.06,2.71,2.72,2.70,6.12,1.24,0.96,2.26,"",2,18.2,3,4.0,6,8.2,4,5.3,52455,4.6,3815,7.6,156,66.7,-14,-1.2
"13097","5","812320","78","0","2024","4","",13,78,79,79,1185689,53835,390,1159,"",3.06,2.71,2.72,2.70,6.12,1.24,0.96,2.26,"",2,18.2,3,4.0,6,8.2,4,5.3,52455,4.6,3815,7.6,156,66.7,-14,-1.2
"13097","5","8129","76","0","2024","4","",22,190,192,196,1702122,474406,10961,680,"",1.14,1.35,1.36,1.37,1.49,2.08,4.03,1.10,"",7,46.7,111,140.5,114,146.2,110,127.9,1135999,200.7,298778,170.1,8286,309.8,142,26.4
"13097","5","81291","77","0","2024","4","N",7,0,0,0,0,0,0,0,"N",0.88,0,0,0,0,0,0,0,"N",2,40.0,0,0,0,0,0,0,0,0,0,0,0,0,0,0
"13097","5","812910","78","0","2024","4","N",7,0,0,0,0,0,0,0,"N",0.88,0,0,0,0,0,0,0,"N",2,40.0,0,0,0,0,0,0,0,0,0,0,0,0,0,0
"13097","5","81292","77","0","2024","4","N",1,0,0,0,0,0,0,0,"N",5.57,0,0,0,0,0,0,0,"N",0,0.0,0,0,0,0,0,0,0,0,0,0,0,0,0,0
"13097","5","812921","78","0","2024","4","N",1,0,0,0,0,0,0,0,"N",6.94,0,0,0,0,0,0,0,"N",0,0.0,0,0,0,0,0,0,0,0,0,0,0,0,0,0
"13097","5","81293","77","0","2024","4","N",2,0,0,0,0,0,0,0,"N",0.87,0,0,0,0,0,0,0,"N",1,100.0,0,0,0,0,0,0,0,0,0,0,0,0,0,0
"13097","5","812930","78","0","2024","4","N",2,0,0,0,0,0,0,0,"N",0.87,0,0,0,0,0,0,0,"N",1,100.0,0,0,0,0,0,0,0,0,0,0,0,0,0,0
"13097","5","81299","77","0","2024","4","",12,112,116,115,1203292,327880,8089,810,"",1.34,3.45,3.57,3.51,3.13,6.22,11.01,0.89,"",4,50.0,101,918.2,105,954.5,104,945.5,1099651,1061.0,307080,1476.3,8076,62123.1,85,11.7
"13097","5","812990","78","0","2024","4","",12,112,116,115,1203292,327880,8089,810,"",1.34,3.45,3.57,3.51,3.13,6.22,11.01,0.89,"",4,50.0,101,918.2,105,954.5,104,945.5,1099651,1061.0,307080,1476.3,8076,62123.1,85,11.7
"13097","5","813","75","0","2024","4","",24,68,72,72,851662,90708,1628,927,"",0.46,0.14,0.15,0.15,0.14,0.21,0.29,0.93,"",3,14.3,-11,-13.9,-4,-5.3,-5,-6.5,-9911,-1.2,-12026,-11.7,-224,-12.1,70,8.2
"13097","5","8131","76","0","2024","4","",10,24,28,28,256350,58585,1480,739,"",1.32,0.36,0.42,0.41,0.48,1.17,2.40,1.20,"",2,25.0,4,20.0,9,47.4,12,75.0,83408,48.2,37282,175.0,1037,234.1,13,1.8
"13097","5","81311","77","0","2024","4","",10,24,28,28,256350,58585,1480,739,"",1.32,0.36,0.42,0.41,0.48,1.17,2.40,1.20,"",2,25.0,4,20.0,9,47.4,12,75.0,83408,48.2,37282,175.0,1037,234.1,13,1.8
"13097","5","813110","78","0","2024","4","",10,24,28,28,256350,58585,1480,739,"",1.32,0.36,0.42,0.41,0.48,1.17,2.40,1.20,"",2,25.0,4,20.0,9,47.4,12,75.0,83408,48.2,37282,175.0,1037,234.1,13,1.8
"13097","5","8132","76","0","2024","4","N",3,0,0,0,0,0,0,0,"N",0.44,0,0,0,0,0,0,0,"N",1,50.0,0,0,0,0,0,0,0,0,0,0,0,0,0,0
"13097","5","81321","77","0","2024","4","N",3,0,0,0,0,0,0,0,"N",0.44,0,0,0,0,0,0,0,"N",1,50.0,0,0,0,0,0,0,0,0,0,0,0,0,0,0
"13097","5","813211","78","0","2024","4","N",1,0,0,0,0,0,0,0,"N",0.29,0,0,0,0,0,0,0,"N",1,100.0,0,0,0,0,0,0,0,0,0,0,0,0,0,0
"13097","5","813212","78","0","2024","4","N",1,0,0,0,0,0,0,0,"N",0.66,0,0,0,0,0,0,0,"N",0,0.0,0,0,0,0,0,0,0,0,0,0,0,0,0,0
"13097","5","813219","78","0","2024","4","N",1,0,0,0,0,0,0,0,"N",0.55,0,0,0,0,0,0,0,"N",0,0.0,0,0,0,0,0,0,0,0,0,0,0,0,0,0
"13097","5","8133","76","0","2024","4","N",3,0,0,0,0,0,0,0,"N",0.28,0,0,0,0,0,0,0,"N",1,50.0,0,0,0,0,0,0,0,0,0,0,0,0,0,0
"13097","5","81331","77","0","2024","4","N",3,0,0,0,0,0,0,0,"N",0.28,0,0,0,0,0,0,0,"N",1,50.0,0,0,0,0,0,0,0,0,0,0,0,0,0,0
"13097","5","813312","78","0","2024","4","N",2,0,0,0,0,0,0,0,"N",0.70,0,0,0,0,0,0,0,"N",1,100.0,0,0,0,0,0,0,0,0,0,0,0,0,0,0
"13097","5","813319","78","0","2024","4","N",1,0,0,0,0,0,0,0,"N",0.17,0,0,0,0,0,0,0,"N",0,0.0,0,0,0,0,0,0,0,0,0,0,0,0,0,0
"13097","5","8139","76","0","2024","4","",8,22,22,22,343904,24129,117,1202,"",0.42,0.15,0.15,0.15,0.14,0.15,0.06,0.90,"",-1,-11.1,-11,-33.3,-10,-31.2,-13,-37.1,-86589,-20.1,-20481,-45.9,-304,-72.2,209,21.0
"13097","5","81391","77","0","2024","4","",4,14,14,14,204600,10591,71,1124,"",0.63,0.36,0.36,0.36,0.23,0.29,0.18,0.65,"",-1,-20.0,-2,-12.5,-1,-6.7,-4,-22.2,15737,8.3,-18690,-63.8,-263,-78.7,235,26.4
"13097","5","813910","78","0","2024","4","",4,14,14,14,204600,10591,71,1124,"",0.63,0.36,0.36,0.36,0.23,0.29,0.18,0.65,"",-1,-20.0,-2,-12.5,-1,-6.7,-4,-22.2,15737,8.3,-18690,-63.8,-263,-78.7,235,26.4
"13097","5","81392","77","0","2024","4","N",3,0,0,0,0,0,0,0,"N",0.84,0,0,0,0,0,0,0,"N",1,50.0,0,0,0,0,0,0,0,0,0,0,0,0,0,0
"13097","5","813920","78","0","2024","4","N",3,0,0,0,0,0,0,0,"N",0.84,0,0,0,0,0,0,0,"N",1,50.0,0,0,0,0,0,0,0,0,0,0,0,0,0,0
"13097","5","81399","77","0","2024","4","N",1,0,0,0,0,0,0,0,"N",0.23,0,0,0,0,0,0,0,"N",-1,-50.0,0,0,0,0,0,0,0,0,0,0,0,0,0,0
"13097","5","813990","78","0","2024","4","N",1,0,0,0,0,0,0,0,"N",0.23,0,0,0,0,0,0,0,"N",-1,-50.0,0,0,0,0,0,0,0,0,0,0,0,0,0,0
"13097","5","814","75","0","2024","4","",19,37,36,36,768001,53306,1274,1626,"",0.34,0.54,0.52,0.52,1.22,0.47,0.81,2.33,"",4,26.7,30,428.6,27,300.0,28,350.0,595702,345.7,16956,46.6,460,56.5,-31,-1.9
"13097","5","8141","76","0","2024","4","",19,37,36,36,768001,53306,1274,1626,"",0.34,0.54,0.52,0.52,1.22,0.47,0.81,2.33,"",4,26.7,30,428.6,27,300.0,28,350.0,595702,345.7,16956,46.6,460,56.5,-31,-1.9
"13097","5","81411","77","0","2024","4","",19,37,36,36,768001,53306,1274,1626,"",0.34,0.54,0.52,0.52,1.22,0.47,0.81,2.33,"",4,26.7,30,428.6,27,300.0,28,350.0,595702,345.7,16956,46.6,460,56.5,-31,-1.9
"13097","5","814110","78","0","2024","4","",19,37,36,36,768001,53306,1274,1626,"",0.34,0.54,0.52,0.52,1.22,0.47,0.81,2.33,"",4,26.7,30,428.6,27,300.0,28,350.0,595702,345.7,16956,46.6,460,56.5,-31,-1.9
"13097","5","99","74","0","2024","4","",254,110,107,118,1789685,168929,3944,1233,"",3.12,1.51,1.43,1.52,1.31,0.72,0.77,0.88,"",-325,-56.1,-124,-53.0,-112,-51.1,-106,-47.3,-1676577,-48.4,-271780,-61.7,-7178,-64.5,51,4.3
"13097","5","999","75","0","2024","4","",254,110,107,118,1789685,168929,3944,1233,"",3.12,1.51,1.43,1.52,1.31,0.72,0.77,0.88,"",-325,-56.1,-124,-53.0,-112,-51.1,-106,-47.3,-1676577,-48.4,-271780,-61.7,-7178,-64.5,51,4.3
"13097","5","9999","76","0","2024","4","",254,110,107,118,1789685,168929,3944,1233,"",3.12,1.51,1.43,1.52,1.31,0.72,0.77,0.88,"",-325,-56.1,-124,-53.0,-112,-51.1,-106,-47.3,-1676577,-48.4,-271780,-61.7,-7178,-64.5,51,4.3
"13097","5","99999","77","0","2024","4","",254,110,107,118,1789685,168929,3944,1233,"",3.12,1.51,1.43,1.52,1.31,0.72,0.77,0.88,"",-325,-56.1,-124,-53.0,-112,-51.1,-106,-47.3,-1676577,-48.4,-271780,-61.7,-7178,-64.5,51,4.3
"13097","5","999999","78","0","2024","4","",254,110,107,118,1789685,168929,3944,1233,"",3.12,1.51,1.43,1.52,1.31,0.72,0.77,0.88,"",-325,-56.1,-124,-53.0,-112,-51.1,-106,-47.3,-1676577,-48.4,-271780,-61.7,-7178,-64.5,51,4.3
