"area_fips","own_code","industry_code","agglvl_code","size_code","year","qtr","disclosure_code","qtrly_estabs","month1_emplvl","month2_emplvl","month3_emplvl","total_qtrly_wages","taxable_qtrly_wages","qtrly_contributions","avg_wkly_wage","lq_disclosure_code","lq_qtrly_estabs","lq_month1_emplvl","lq_month2_emplvl","lq_month3_emplvl","lq_total_qtrly_wages","lq_taxable_qtrly_wages","lq_qtrly_contributions","lq_avg_wkly_wage","oty_disclosure_code","oty_qtrly_estabs_chg","oty_qtrly_estabs_pct_chg","oty_month1_emplvl_chg","oty_month1_emplvl_pct_chg","oty_month2_emplvl_chg","oty_month2_emplvl_pct_chg","oty_month3_emplvl_chg","oty_month3_emplvl_pct_chg","oty_total_qtrly_wages_chg","oty_total_qtrly_wages_pct_chg","oty_taxable_qtrly_wages_chg","oty_taxable_qtrly_wages_pct_chg","oty_qtrly_contributions_chg","oty_qtrly_contributions_pct_chg","oty_avg_wkly_wage_chg","oty_avg_wkly_wage_pct_chg"
"13151","0","10","70","0","2023","4","",5632,75259,75679,75802,983012047,86298421,1071630,1000,"",1.00,1.00,1.00,1.00,1.00,1.00,1.00,1.00,"",-39,-0.7,2021,2.8,1576,2.1,-798,-1.0,51963534,5.6,-16932837,-16.4,-232054,-17.8,41,4.3
"13151","1","10","71","0","2023","4","",19,1355,1313,1323,44080254,0,0,2549,"",0.66,0.94,0.91,0.91,1.76,0.00,0.00,1.92,"",2,11.8,210,18.3,124,10.4,120,10.0,4397095,11.1,0,0.0,0,0.0,-40,-1.5
"13151","1","102","72","0","2023","4","",19,1355,1313,1323,44080254,0,0,2549,"",0.66,0.96,0.92,0.93,1.79,0.00,0.00,1.92,"",2,11.8,210,18.3,124,10.4,120,10.0,4397095,11.1,0,0.0,0,0.0,-40,-1.5
"13151","1","1021","73","0","2023","4","",4,296,270,276,4100434,0,0,1124,"",0.28,0.91,0.82,0.83,1.04,0.00,0.00,1.22,"",0,0.0,35,13.4,15,5.9,15,5.7,-278283,-6.4,0,0.0,0,0.0,-176,-13.5
"13151","1","1024","73","0","2023","4","",1,4,4,3,109258,0,0,2292,"",1.45,0.11,0.11,0.09,0.17,0.00,0.00,1.62,"",0,0.0,0,0.0,1,33.3,-1,-25.0,-3026,-2.7,0,0.0,0,0.0,-64,-2.7
"13151","1","1028","73","0","2023","4","",14,1055,1039,1044,39870562,0,0,2932,"",1.18,1.32,1.29,1.30,2.54,0.00,0.00,1.95,"",2,16.7,175,19.9,108,11.6,106,11.3,4678404,13.3,0,0.0,0,0.0,-22,-0.7
"13151","1","48-49","74","0","2023","4","",4,296,270,276,4100434,0,0,1124,"",0.29,0.98,0.89,0.90,1.14,0.00,0.00,1.23,"",0,0.0,35,13.4,15,5.9,15,5.7,-278283,-6.4,0,0.0,0,0.0,-176,-13.5
"13151","1","491","75","0","2023","4","",4,296,270,276,4100434,0,0,1124,"",0.29,1.01,0.91,0.92,1.20,0.00,0.00,1.27,"",0,0.0,35,13.4,15,5.9,15,5.7,-278283,-6.4,0,0.0,0,0.0,-176,-13.5
"13151","1","4911","76","0","2023","4","",4,296,270,276,4100434,0,0,1124,"",0.29,1.01,0.91,0.92,1.20,0.00,0.00,1.27,"",0,0.0,35,13.4,15,5.9,15,5.7,-278283,-6.4,0,0.0,0,0.0,-176,-13.5
"13151","1","49111","77","0","2023","4","",4,296,270,276,4100434,0,0,1124,"",0.29,1.01,0.91,0.92,1.20,0.00,0.00,1.27,"",0,0.0,35,13.4,15,5.9,15,5.7,-278283,-6.4,0,0.0,0,0.0,-176,-13.5
"13151","1","491110","78","0","2023","4","",4,296,270,276,4100434,0,0,1124,"",0.29,1.01,0.91,0.92,1.20,0.00,0.00,1.27,"",0,0.0,35,13.4,15,5.9,15,5.7,-278283,-6.4,0,0.0,0,0.0,-176,-13.5
"13151","1","54","74","0","2023","4","",1,4,4,3,109258,0,0,2292,"",1.63,0.12,0.12,0.09,0.17,0.00,0.00,1.60,"",0,0.0,0,0.0,1,33.3,-1,-25.0,-3026,-2.7,0,0.0,0,0.0,-64,-2.7
"13151","1","541","75","0","2023","4","",1,4,4,3,109258,0,0,2292,"",1.63,0.12,0.12,0.09,0.17,0.00,0.00,1.60,"",0,0.0,0,0.0,1,33.3,-1,-25.0,-3026,-2.7,0,0.0,0,0.0,-64,-2.7
"13151","1","5416","76","0","2023","4","",1,4,4,3,109258,0,0,2292,"",30.46,10.30,10.28,7.67,12.41,0.00,0.00,1.32,"",0,0.0,0,0.0,1,33.3,-1,-25.0,-3026,-2.7,0,0.0,0,0.0,-64,-2.7
"13151","1","54162","77","0","2023","4","",1,4,4,3,109258,0,0,2292,"",133.27,13.79,13.80,10.31,15.30,0.00,0.00,1.21,"",0,0.0,0,0.0,1,33.3,-1,-25.0,-3026,-2.7,0,0.0,0,0.0,-64,-2.7
"13151","1","541620","78","0","2023","4","",1,4,4,3,109258,0,0,2292,"",133.27,13.79,13.80,10.31,15.30,0.00,0.00,1.21,"",0,0.0,0,0.0,1,33.3,-1,-25.0,-3026,-2.7,0,0.0,0,0.0,-64,-2.7
"13151","1","92","74","0","2023","4","",14,1055,1039,1044,39870562,0,0,2932,"",1.18,1.32,1.29,1.30,2.54,0.00,0.00,1.95,"",2,16.7,175,19.9,108,11.6,106,11.3,4678404,13.3,0,0.0,0,0.0,-22,-0.7
"13151","1","921","75","0","2023","4","",4,100,100,95,2874080,0,0,2248,"",4.86,1.28,1.28,1.23,1.92,0.00,0.00,1.52,"",2,100.0,70,233.3,70,233.3,65,216.7,2171210,308.9,0,0.0,0,0.0,446,24.8
"13151","1","9211","76","0","2023","4","",4,100,100,95,2874080,0,0,2248,"",4.86,1.28,1.28,1.23,1.92,0.00,0.00,1.52,"",2,100.0,70,233.3,70,233.3,65,216.7,2171210,308.9,0,0.0,0,0.0,446,24.8
"13151","1","92113","77","0","2023","4","",2,64,65,60,1962167,0,0,2396,"",7.33,1.26,1.27,1.18,2.01,0.00,0.00,1.62,"N",2,100.0,0,0,0,0,0,0,0,0,0,0,0,0,0,0
"13151","1","921130","78","0","2023","4","",2,64,65,60,1962167,0,0,2396,"",7.33,1.26,1.27,1.18,2.01,0.00,0.00,1.62,"N",2,100.0,0,0,0,0,0,0,0,0,0,0,0,0,0,0
"13151","1","92119","77","0","2023","4","",2,36,35,35,911913,0,0,1985,"",3.69,2.11,2.05,2.04,2.58,0.00,0.00,1.25,"",0,0.0,6,20.0,5,16.7,5,16.7,209043,29.7,0,0.0,0,0.0,183,10.2
"13151","1","921190","78","0","2023","4","",2,36,35,35,911913,0,0,1985,"",3.69,2.11,2.05,2.04,2.58,0.00,0.00,1.25,"",0,0.0,6,20.0,5,16.7,5,16.7,209043,29.7,0,0.0,0,0.0,183,10.2
"13151","1","922","75","0","2023","4","",1,39,32,36,852885,0,0,1839,"",0.61,0.30,0.24,0.28,0.28,0.00,0.00,1.03,"",0,0.0,6,18.2,-1,-3.0,2,5.9,107171,14.4,0,0.0,0,0.0,118,6.9
"13151","1","9221","76","0","2023","4","",1,39,32,36,852885,0,0,1839,"",0.61,0.30,0.24,0.28,0.28,0.00,0.00,1.03,"",0,0.0,6,18.2,-1,-3.0,2,5.9,107171,14.4,0,0.0,0,0.0,118,6.9
"13151","1","92219","77","0","2023","4","",1,39,32,36,852885,0,0,1839,"",3.74,2.51,2.04,2.31,2.41,0.00,0.00,1.06,"",0,0.0,6,18.2,-1,-3.0,2,5.9,107171,14.4,0,0.0,0,0.0,118,6.9
"13151","1","922190","78","0","2023","4","",1,39,32,36,852885,0,0,1839,"",3.74,2.51,2.04,2.31,2.41,0.00,0.00,1.06,"",0,0.0,6,18.2,-1,-3.0,2,5.9,107171,14.4,0,0.0,0,0.0,118,6.9
"13151","1","923","75","0","2023","4","",3,206,207,206,5567935,0,0,2076,"",2.40,1.80,1.79,1.77,2.56,0.00,0.00,1.43,"",0,0.0,41,24.8,-6,-2.8,-6,-2.8,697121,14.3,0,0.0,0,0.0,171,9.0
"13151","1","9231","76","0","2023","4","",3,206,207,206,5567935,0,0,2076,"",2.40,1.80,1.79,1.77,2.56,0.00,0.00,1.43,"",0,0.0,41,24.8,-6,-2.8,-6,-2.8,697121,14.3,0,0.0,0,0.0,171,9.0
"13151","1","92311","77","0","2023","4","",1,10,10,10,310687,0,0,2390,"",16.79,6.73,6.77,6.79,8.14,0.00,0.00,1.20,"",0,0.0,0,0.0,0,0.0,0,0.0,24795,8.7,0,0.0,0,0.0,191,8.7
"13151","1","923110","78","0","2023","4","",1,10,10,10,310687,0,0,2390,"",16.79,6.73,6.77,6.79,8.14,0.00,0.00,1.20,"",0,0.0,0,0.0,0,0.0,0,0.0,24795,8.7,0,0.0,0,0.0,191,8.7
"13151","1","92312","77","0","2023","4","",2,196,197,196,5257248,0,0,2060,"",5.51,6.30,6.30,6.24,7.86,0.00,0.00,1.25,"",0,0.0,41,26.5,-6,-3.0,-6,-3.0,672326,14.7,0,0.0,0,0.0,171,9.1
"13151","1","923120","78","0","2023","4","",2,196,197,196,5257248,0,0,2060,"",5.51,6.30,6.30,6.24,7.86,0.00,0.00,1.25,"",0,0.0,41,26.5,-6,-3.0,-6,-3.0,672326,14.7,0,0.0,0,0.0,171,9.1
"13151","1","924","75","0","2023","4","",1,7,7,7,184028,0,0,2022,"",0.42,0.14,0.14,0.14,0.20,0.00,0.00,1.40,"",0,0.0,4,133.3,4,133.3,4,133.3,100717,120.9,0,0.0,0,0.0,-114,-5.3
"13151","1","9241","76","0","2023","4","",1,7,7,7,184028,0,0,2022,"",0.42,0.14,0.14,0.14,0.20,0.00,0.00,1.40,"",0,0.0,4,133.3,4,133.3,4,133.3,100717,120.9,0,0.0,0,0.0,-114,-5.3
"13151","1","92412","77","0","2023","4","",1,7,7,7,184028,0,0,2022,"",0.45,0.17,0.17,0.17,0.26,0.00,0.00,1.50,"",0,0.0,4,133.3,4,133.3,4,133.3,100717,120.9,0,0.0,0,0.0,-114,-5.3
"13151","1","924120","78","0","2023","4","",1,7,7,7,184028,0,0,2022,"",0.45,0.17,0.17,0.17,0.26,0.00,0.00,1.50,"",0,0.0,4,133.3,4,133.3,4,133.3,100717,120.9,0,0.0,0,0.0,-114,-5.3
"13151","1","926","75","0","2023","4","",3,682,673,679,29857565,0,0,3388,"",0.68,5.56,5.45,5.46,11.26,0.00,0.00,2.05,"",0,0.0,44,6.9,32,5.0,32,4.9,1294987,4.5,0,0.0,0,0.0,-34,-1.0
"13151","1","9261","76","0","2023","4","",3,682,673,679,29857565,0,0,3388,"",0.68,5.56,5.45,5.46,11.26,0.00,0.00,2.05,"",0,0.0,44,6.9,32,5.0,32,4.9,1294987,4.5,0,0.0,0,0.0,-34,-1.0
"13151","1","92611","77","0","2023","4","",1,35,30,31,589800,0,0,1418,"",0.52,1.46,1.25,1.29,1.12,0.00,0.00,0.84,"",-1,-50.0,15,75.0,10,50.0,7,29.2,237685,67.5,0,0.0,0,0.0,148,11.7
"13151","1","926110","78","0","2023","4","",1,35,30,31,589800,0,0,1418,"",0.52,1.46,1.25,1.29,1.12,0.00,0.00,0.84,"",-1,-50.0,15,75.0,10,50.0,7,29.2,237685,67.5,0,0.0,0,0.0,148,11.7
"13151","1","92612","77","0","2023","4","",1,634,629,634,28946818,0,0,3521,"",2.15,11.77,11.58,11.74,26.58,0.00,0.00,2.27,"",0,0.0,16,2.6,8,1.3,11,1.8,736355,2.6,0,0.0,0,0.0,25,0.7
"13151","1","926120","78","0","2023","4","",1,634,629,634,28946818,0,0,3521,"",2.15,11.77,11.58,11.74,26.58,0.00,0.00,2.27,"",0,0.0,16,2.6,8,1.3,11,1.8,736355,2.6,0,0.0,0,0.0,25,0.7
"13151","1","92614","77","0","2023","4","",1,13,14,14,320947,0,0,1806,"",0.67,0.56,0.59,0.56,0.78,0.00,0.00,1.36,"N",1,100.0,0,0,0,0,0,0,0,0,0,0,0,0,0,0
"13151","1","926140","78","0","2023","4","",1,13,14,14,320947,0,0,1806,"",0.67,0.56,0.59,0.56,0.78,0.00,0.00,1.36,"N",1,100.0,0,0,0,0,0,0,0,0,0,0,0,0,0,0
"13151","1","928","75","0","2023","4","",2,21,20,21,534069,0,0,1988,"",1.68,0.07,0.07,0.07,0.11,0.00,0.00,1.50,"",0,0.0,10,90.9,9,81.8,9,75.0,307198,135.4,0,0.0,0,0.0,448,29.1
"13151","1","9281","76","0","2023","4","",2,21,20,21,534069,0,0,1988,"",1.68,0.07,0.07,0.07,0.11,0.00,0.00,1.50,"",0,0.0,10,90.9,9,81.8,9,75.0,307198,135.4,0,0.0,0,0.0,448,29.1
"13151","1","92811","77","0","2023","4","",1,20,19,20,505467,0,0,1977,"",1.13,0.07,0.07,0.07,0.11,0.00,0.00,1.53,"",0,0.0,10,100.0,9,90.0,9,81.8,305985,153.4,0,0.0,0,0.0,492,33.1
"13151","1","928110","78","0","2023","4","",1,20,19,20,505467,0,0,1977,"",1.13,0.07,0.07,0.07,0.11,0.00,0.00,1.53,"",0,0.0,10,100.0,9,90.0,9,81.8,305985,153.4,0,0.0,0,0.0,492,33.1
"13151","1","92812","77","0","2023","4","",1,1,1,1,28602,0,0,2200,"",3.26,0.05,0.05,0.05,0.06,0.00,0.00,1.24,"",0,0.0,0,0.0,0,0.0,0,0.0,1213,4.4,0,0.0,0,0.0,93,4.4
"13151","1","928120","78","0","2023","4","",1,1,1,1,28602,0,0,2200,"",3.26,0.05,0.05,0.05,0.06,0.00,0.00,1.24,"",0,0.0,0,0.0,0,0.0,0,0.0,1213,4.4,0,0.0,0,0.0,93,4.4
"13151","2","10","71","0","2023","4","",18,227,232,225,2975753,0,0,1004,"",0.53,0.10,0.10,0.10,0.10,0.00,0.00,0.97,"",0,0.0,27,13.5,34,17.2,16,7.7,401253,15.6,0,0.0,0,0.0,25,2.6
"13151","2","102","72","0","2023","4","",18,227,232,225,2975753,0,0,1004,"",0.55,0.10,0.10,0.10,0.10,0.00,0.00,0.97,"",0,0.0,27,13.5,34,17.2,16,7.7,401253,15.6,0,0.0,0,0.0,25,2.6
"13151","2","1021","73","0","2023","4","",1,5,5,5,55953,0,0,861,"",2.21,0.19,0.19,0.19,0.15,0.00,0.00,0.81,"",0,0.0,0,0.0,0,0.0,0,0.0,5754,11.5,0,0.0,0,0.0,89,11.5
"13151","2","1025","73","0","2023","4","",6,66,66,63,777641,0,0,920,"",0.85,0.05,0.05,0.05,0.04,0.00,0.00,0.90,"",0,0.0,3,4.8,4,6.5,0,0.0,57700,8.0,0,0.0,0,0.0,36,4.1
"13151","2","1027","73","0","2023","4","",1,0,0,0,0,0,0,0,"",11.78,0.00,0.00,0.00,0.00,0.00,0.00,0.00,"",0,0.0,0,0.0,0,0.0,0,0.0,0,0.0,0,0.0,0,0.0,0,0.0
"13151","2","1028","73","0","2023","4","",10,156,161,157,2142159,0,0,1043,"",0.41,0.18,0.18,0.18,0.18,0.00,0.00,0.98,"",0,0.0,24,18.2,30,22.9,16,11.3,337799,18.7,0,0.0,0,0.0,12,1.2
"13151","2","48-49","74","0","2023","4","",1,5,5,5,55953,0,0,861,"",4.56,0.25,0.25,0.25,0.19,0.00,0.00,0.76,"",0,0.0,0,0.0,0,0.0,0,0.0,5754,11.5,0,0.0,0,0.0,89,11.5
"13151","2","488","75","0","2023","4","",1,5,5,5,55953,0,0,861,"",5.64,0.66,0.65,0.65,0.58,0.00,0.00,0.89,"",0,0.0,0,0.0,0,0.0,0,0.0,5754,11.5,0,0.0,0,0.0,89,11.5
"13151","2","4881","76","0","2023","4","",1,5,5,5,55953,0,0,861,"",12.25,2.37,2.35,2.35,2.50,0.00,0.00,1.06,"",0,0.0,0,0.0,0,0.0,0,0.0,5754,11.5,0,0.0,0,0.0,89,11.5
"13151","2","48811","77","0","2023","4","",1,5,5,5,55953,0,0,861,"N",12.33,0,0,0,0,0,0,0,"",0,0.0,0,0.0,0,0.0,0,0.0,5754,11.5,0,0.0,0,0.0,89,11.5
"13151","2","488111","78","0","2023","4","",1,5,5,5,55953,0,0,861,"",13.16,2.61,2.59,2.59,2.90,0.00,0.00,1.12,"",0,0.0,0,0.0,0,0.0,0,0.0,5754,11.5,0,0.0,0,0.0,89,11.5
"13151","2","61","74","0","2023","4","",1,6,7,6,61314,0,0,745,"",0.26,0.01,0.01,0.01,0.00,0.00,0.00,0.74,"",0,0.0,1,20.0,2,40.0,0,0.0,2605,4.4,0,0.0,0,0.0,-102,-12.0
"13151","2","611","75","0","2023","4","",1,6,7,6,61314,0,0,745,"",0.26,0.01,0.01,0.01,0.00,0.00,0.00,0.74,"",0,0.0,1,20.0,2,40.0,0,0.0,2605,4.4,0,0.0,0,0.0,-102,-12.0
"13151","2","6112","76","0","2023","4","",1,6,7,6,61314,0,0,745,"",2.44,0.06,0.07,0.06,0.07,0.00,0.00,1.13,"",0,0.0,1,20.0,2,40.0,0,0.0,2605,4.4,0,0.0,0,0.0,-102,-12.0
"13151","2","61121","77","0","2023","4","",1,6,7,6,61314,0,0,745,"",2.44,0.06,0.07,0.06,0.07,0.00,0.00,1.13,"",0,0.0,1,20.0,2,40.0,0,0.0,2605,4.4,0,0.0,0,0.0,-102,-12.0
"13151","2","611210","78","0","2023","4","",1,6,7,6,61314,0,0,745,"",2.44,0.06,0.07,0.06,0.07,0.00,0.00,1.13,"",0,0.0,1,20.0,2,40.0,0,0.0,2605,4.4,0,0.0,0,0.0,-102,-12.0
"13151","2","62","74","0","2023","4","",5,60,59,57,716327,0,0,939,"",1.58,0.19,0.18,0.17,0.15,0.00,0.00,0.86,"",0,0.0,2,3.4,2,3.5,0,0.0,55095,8.3,0,0.0,0,0.0,52,5.9
"13151","2","621","75","0","2023","4","",4,52,51,49,625285,0,0,949,"",7.37,2.69,2.61,2.50,2.39,0.00,0.00,0.92,"",0,0.0,0,0.0,1,2.0,-1,-2.0,34627,5.9,0,0.0,0,0.0,52,5.8
"13151","2","6214","76","0","2023","4","",4,52,51,49,625285,0,0,949,"",9.48,4.79,4.64,4.45,4.71,0.00,0.00,1.02,"",0,0.0,0,0.0,1,2.0,-1,-2.0,34627,5.9,0,0.0,0,0.0,52,5.8
"13151","2","62142","77","0","2023","4","",3,27,26,26,296555,0,0,866,"",11.65,4.45,4.24,4.23,4.15,0.00,0.00,0.96,"",0,0.0,-4,-12.9,-4,-13.3,-4,-13.3,-28305,-8.7,0,0.0,0,0.0,42,5.1
"13151","2","621420","78","0","2023","4","",3,27,26,26,296555,0,0,866,"",11.65,4.45,4.24,4.23,4.15,0.00,0.00,0.96,"",0,0.0,-4,-12.9,-4,-13.3,-4,-13.3,-28305,-8.7,0,0.0,0,0.0,42,5.1
"13151","2","62149","77","0","2023","4","",1,25,25,23,328730,0,0,1039,"",6.15,5.26,5.20,4.77,5.40,0.00,0.00,1.06,"",0,0.0,4,19.0,5,25.0,3,15.0,62932,23.7,0,0.0,0,0.0,33,3.3
"13151","2","621498","78","0","2023","4","",1,25,25,23,328730,0,0,1039,"N",6.71,0,0,0,0,0,0,0,"",0,0.0,4,19.0,5,25.0,3,15.0,62932,23.7,0,0.0,0,0.0,33,3.3
"13151","2","623","75","0","2023","4","",1,8,8,8,91042,0,0,875,"",1.14,0.16,0.15,0.15,0.14,0.00,0.00,0.89,"",0,0.0,2,33.3,1,14.3,1,14.3,20468,29.0,0,0.0,0,0.0,61,7.5
"13151","2","6239","76","0","2023","4","",1,8,8,8,91042,0,0,875,"",6.83,1.70,1.68,1.68,1.41,0.00,0.00,0.83,"",0,0.0,2,33.3,1,14.3,1,14.3,20468,29.0,0,0.0,0,0.0,61,7.5
"13151","2","62399","77","0","2023","4","",1,8,8,8,91042,0,0,875,"",6.83,1.70,1.68,1.68,1.41,0.00,0.00,0.83,"",0,0.0,2,33.3,1,14.3,1,14.3,20468,29.0,0,0.0,0,0.0,61,7.5
"13151","2","623990","78","0","2023","4","",1,8,8,8,91042,0,0,875,"",6.83,1.70,1.68,1.68,1.41,0.00,0.00,0.83,"",0,0.0,2,33.3,1,14.3,1,14.3,20468,29.0,0,0.0,0,0.0,61,7.5
"13151","2","81","74","0","2023","4","",1,0,0,0,0,0,0,0,"",11.78,0.00,0.00,0.00,0.00,0.00,0.00,0.00,"",0,0.0,0,0.0,0,0.0,0,0.0,0,0.0,0,0.0,0,0.0,0,0.0
"13151","2","813","75","0","2023","4","",1,0,0,0,0,0,0,0,"",14.81,0.00,0.00,0.00,0.00,0.00,0.00,0.00,"",0,0.0,0,0.0,0,0.0,0,0.0,0,0.0,0,0.0,0,0.0,0,0.0
"13151","2","8133","76","0","2023","4","",1,0,0,0,0,0,0,0,"N",21.98,0,0,0,0,0,0,0,"",0,0.0,0,0.0,0,0.0,0,0.0,0,0.0,0,0.0,0,0.0,0,0.0
"13151","2","81331","77","0","2023","4","",1,0,0,0,0,0,0,0,"N",21.98,0,0,0,0,0,0,0,"",0,0.0,0,0.0,0,0.0,0,0.0,0,0.0,0,0.0,0,0.0,0,0.0
"13151","2","813319","78","0","2023","4","",1,0,0,0,0,0,0,0,"",23.96,0.00,0.00,0.00,0.00,0.00,0.00,0.00,"",0,0.0,0,0.0,0,0.0,0,0.0,0,0.0,0,0.0,0,0.0,0,0.0
"13151","2","92","74","0","2023","4","",10,156,161,157,2142159,0,0,1043,"",0.41,0.18,0.18,0.18,0.18,0.00,0.00,0.98,"",0,0.0,24,18.2,30,22.9,16,11.3,337799,18.7,0,0.0,0,0.0,12,1.2
"13151","2","921","75","0","2023","4","",1,7,8,7,108883,0,0,1142,"",0.33,0.06,0.07,0.06,0.06,0.00,0.00,0.98,"",0,0.0,2,40.0,3,60.0,2,40.0,25812,31.1,0,0.0,0,0.0,-136,-10.6
"13151","2","9211","76","0","2023","4","",1,7,8,7,108883,0,0,1142,"",0.33,0.06,0.07,0.06,0.06,0.00,0.00,0.98,"",0,0.0,2,40.0,3,60.0,2,40.0,25812,31.1,0,0.0,0,0.0,-136,-10.6
"13151","2","92119","77","0","2023","4","",1,7,8,7,108883,0,0,1142,"",0.75,0.16,0.18,0.16,0.16,0.00,0.00,0.94,"",0,0.0,2,40.0,3,60.0,2,40.0,25812,31.1,0,0.0,0,0.0,-136,-10.6
"13151","2","921190","78","0","2023","4","",1,7,8,7,108883,0,0,1142,"",0.75,0.16,0.18,0.16,0.16,0.00,0.00,0.94,"",0,0.0,2,40.0,3,60.0,2,40.0,25812,31.1,0,0.0,0,0.0,-136,-10.6
"13151","2","922","75","0","2023","4","",5,74,76,72,1273924,0,0,1324,"",0.73,0.23,0.23,0.22,0.27,0.00,0.00,1.21,"",0,0.0,10,15.6,12,18.8,3,4.3,185403,17.0,0,0.0,0,0.0,49,3.8
"13151","2","9221","76","0","2023","4","",5,74,76,72,1273924,0,0,1324,"",0.73,0.23,0.23,0.22,0.27,0.00,0.00,1.21,"",0,0.0,10,15.6,12,18.8,3,4.3,185403,17.0,0,0.0,0,0.0,49,3.8
"13151","2","92211","77","0","2023","4","",2,15,16,15,283398,0,0,1422,"",1.06,0.30,0.32,0.30,0.41,0.00,0.00,1.34,"",0,0.0,0,0.0,1,6.7,-1,-6.2,8446,3.1,0,0.0,0,0.0,43,3.1
"13151","2","922110","78","0","2023","4","",2,15,16,15,283398,0,0,1422,"",1.06,0.30,0.32,0.30,0.41,0.00,0.00,1.34,"",0,0.0,0,0.0,1,6.7,-1,-6.2,8446,3.1,0,0.0,0,0.0,43,3.1
"13151","2","92213","77","0","2023","4","",2,32,31,30,612062,0,0,1519,"",2.09,1.08,1.04,1.01,1.39,0.00,0.00,1.34,"",0,0.0,4,14.3,4,14.8,2,7.1,89108,17.0,0,0.0,0,0.0,65,4.5
"13151","2","922130","78","0","2023","4","",2,32,31,30,612062,0,0,1519,"",2.09,1.08,1.04,1.01,1.39,0.00,0.00,1.34,"",0,0.0,4,14.3,4,14.8,2,7.1,89108,17.0,0,0.0,0,0.0,65,4.5
"13151","2","92215","77","0","2023","4","",1,27,29,27,378464,0,0,1052,"",2.24,2.75,2.94,2.73,3.12,0.00,0.00,1.11,"",0,0.0,6,28.6,7,31.8,2,8.0,87849,30.2,0,0.0,0,0.0,66,6.7
"13151","2","922150","78","0","2023","4","",1,27,29,27,378464,0,0,1052,"",2.24,2.75,2.94,2.73,3.12,0.00,0.00,1.11,"",0,0.0,6,28.6,7,31.8,2,8.0,87849,30.2,0,0.0,0,0.0,66,6.7
"13151","2","923","75","0","2023","4","",1,16,16,16,148976,0,0,716,"",0.19,0.08,0.08,0.08,0.06,0.00,0.00,0.72,"",0,0.0,3,23.1,3,23.1,2,14.3,26946,22.1,0,0.0,0,0.0,12,1.7
"13151","2","9231","76","0","2023","4","",1,16,16,16,148976,0,0,716,"",0.19,0.08,0.08,0.08,0.06,0.00,0.00,0.72,"",0,0.0,3,23.1,3,23.1,2,14.3,26946,22.1,0,0.0,0,0.0,12,1.7
"13151","2","92312","77","0","2023","4","",1,16,16,16,148976,0,0,716,"",0.59,0.23,0.23,0.23,0.16,0.00,0.00,0.70,"",0,0.0,3,23.1,3,23.1,2,14.3,26946,22.1,0,0.0,0,0.0,12,1.7
"13151","2","923120","78","0","2023","4","",1,16,16,16,148976,0,0,716,"",0.59,0.23,0.23,0.23,0.16,0.00,0.00,0.70,"",0,0.0,3,23.1,3,23.1,2,14.3,26946,22.1,0,0.0,0,0.0,12,1.7
"13151","2","924","75","0","2023","4","",1,42,43,45,465589,0,0,826,"",0.30,0.56,0.59,0.62,0.50,0.00,0.00,0.84,"",0,0.0,10,31.2,10,30.3,7,18.4,82644,21.6,0,0.0,0,0.0,-32,-3.7
"13151","2","9241","76","0","2023","4","",1,42,43,45,465589,0,0,826,"",0.30,0.56,0.59,0.62,0.50,0.00,0.00,0.84,"",0,0.0,10,31.2,10,30.3,7,18.4,82644,21.6,0,0.0,0,0.0,-32,-3.7
"13151","2","92412","77","0","2023","4","",1,42,43,45,465589,0,0,826,"",0.38,0.79,0.83,0.88,0.78,0.00,0.00,0.93,"",0,0.0,10,31.2,10,30.3,7,18.4,82644,21.6,0,0.0,0,0.0,-32,-3.7
"13151","2","924120","78","0","2023","4","",1,42,43,45,465589,0,0,826,"",0.38,0.79,0.83,0.88,0.78,0.00,0.00,0.93,"",0,0.0,10,31.2,10,30.3,7,18.4,82644,21.6,0,0.0,0,0.0,-32,-3.7
"13151","2","926","75","0","2023","4","",2,17,18,17,144787,0,0,643,"",0.39,0.11,0.12,0.11,0.07,0.00,0.00,0.62,"",0,0.0,-1,-5.6,2,12.5,2,13.3,16994,13.3,0,0.0,0,0.0,41,6.8
"13151","2","9261","76","0","2023","4","",2,17,18,17,144787,0,0,643,"",0.39,0.11,0.12,0.11,0.07,0.00,0.00,0.62,"",0,0.0,-1,-5.6,2,12.5,2,13.3,16994,13.3,0,0.0,0,0.0,41,6.8
"13151","2","92612","77","0","2023","4","",1,14,15,14,115951,0,0,622,"",0.53,0.16,0.17,0.16,0.09,0.00,0.00,0.58,"",0,0.0,0,0.0,3,25.0,2,16.7,22619,24.2,0,0.0,0,0.0,55,9.7
"13151","2","926120","78","0","2023","4","",1,14,15,14,115951,0,0,622,"",0.53,0.16,0.17,0.16,0.09,0.00,0.00,0.58,"",0,0.0,0,0.0,3,25.0,2,16.7,22619,24.2,0,0.0,0,0.0,55,9.7
"13151","2","92614","77","0","2023","4","",1,3,3,3,28836,0,0,739,"",0.70,0.18,0.18,0.18,0.16,0.00,0.00,0.91,"",0,0.0,-1,-25.0,-1,-25.0,0,0.0,-5625,-16.3,0,0.0,0,0.0,16,2.2
"13151","2","926140","78","0","2023","4","",1,3,3,3,28836,0,0,739,"",0.70,0.18,0.18,0.18,0.16,0.00,0.00,0.91,"",0,0.0,-1,-25.0,-1,-25.0,0,0.0,-5625,-16.3,0,0.0,0,0.0,16,2.2
"13151","3","10","71","0","2023","4","",72,8502,8513,8523,122616042,217181,1609,1108,"",0.89,1.19,1.18,1.18,1.52,0.12,0.27,1.28,"",1,1.4,85,1.0,-300,-3.4,-179,-2.1,7977602,7.0,1861,0.9,1255,354.5,88,8.6
"13151","3","102","72","0","2023","4","",72,8502,8513,8523,122616042,217181,1609,1108,"",0.92,1.20,1.19,1.19,1.53,0.12,0.27,1.28,"",1,1.4,85,1.0,-300,-3.4,-179,-2.1,7977602,7.0,1861,0.9,1255,354.5,88,8.6
"13151","3","1022","73","0","2023","4","",1,65,65,63,536983,45069,54,642,"",0.42,1.08,1.08,1.04,1.21,2.49,1.03,1.14,"",0,0.0,-2,-3.0,-3,-4.4,-5,-7.4,-10841,-2.0,-40568,-47.4,20,58.8,19,3.0
"13151","3","1025","73","0","2023","4","",63,5631,5628,5644,74153706,0,0,1012,"",1.82,1.26,1.25,1.25,1.57,0.00,0.00,1.25,"",1,1.6,-88,-1.5,-114,-2.0,-73,-1.3,3439437,4.9,0,0.0,0,0.0,62,6.5
"13151","3","1028","73","0","2023","4","",8,2806,2820,2816,47925353,172112,1555,1310,"",0.27,1.38,1.38,1.38,1.84,0.22,0.59,1.33,"",0,0.0,175,6.7,-183,-6.1,-101,-3.5,4549006,10.5,42429,32.7,1235,385.9,139,11.9
"13151","3","51","74","0","2023","4","",1,65,65,63,536983,45069,54,642,"",0.42,1.08,1.08,1.04,1.21,2.49,1.03,1.14,"",0,0.0,-2,-3.0,-3,-4.4,-5,-7.4,-10841,-2.0,-40568,-47.4,20,58.8,19,3.0
"13151","3","519","75","0","2023","4","",1,65,65,63,536983,45069,54,642,"",0.43,1.12,1.11,1.08,1.29,2.62,1.09,1.17,"",0,0.0,-2,-3.0,-3,-4.4,-5,-7.4,-10841,-2.0,-40568,-47.4,20,58.8,19,3.0
"13151","3","5192","76","0","2023","4","",1,65,65,63,536983,45069,54,642,"",0.43,1.12,1.11,1.08,1.29,2.62,1.09,1.17,"",0,0.0,-2,-3.0,-3,-4.4,-5,-7.4,-10841,-2.0,-40568,-47.4,20,58.8,19,3.0
"13151","3","51921","77","0","2023","4","",1,65,65,63,536983,45069,54,642,"N",0.43,0,0,0,0,0,0,0,"",0,0.0,-2,-3.0,-3,-4.4,-5,-7.4,-10841,-2.0,-40568,-47.4,20,58.8,19,3.0
"13151","3","519210","78","0","2023","4","",1,65,65,63,536983,45069,54,642,"N",0.43,0,0,0,0,0,0,0,"",0,0.0,-2,-3.0,-3,-4.4,-5,-7.4,-10841,-2.0,-40568,-47.4,20,58.8,19,3.0
"13151","3","61","74","0","2023","4","",63,5631,5628,5644,74153706,0,0,1012,"",2.02,1.41,1.39,1.40,1.80,0.00,0.00,1.29,"",1,1.6,-88,-1.5,-114,-2.0,-73,-1.3,3439437,4.9,0,0.0,0,0.0,62,6.5
"13151","3","611","75","0","2023","4","",63,5631,5628,5644,74153706,0,0,1012,"",2.02,1.41,1.39,1.40,1.80,0.00,0.00,1.29,"",1,1.6,-88,-1.5,-114,-2.0,-73,-1.3,3439437,4.9,0,0.0,0,0.0,62,6.5
"13151","3","6111","76","0","2023","4","",63,5631,5628,5644,74153706,0,0,1012,"",2.11,1.51,1.49,1.50,1.92,0.00,0.00,1.28,"",1,1.6,-88,-1.5,-114,-2.0,-73,-1.3,3439437,4.9,0,0.0,0,0.0,62,6.5
"13151","3","61111","77","0","2023","4","",63,5631,5628,5644,74153706,0,0,1012,"",2.11,1.51,1.49,1.50,1.92,0.00,0.00,1.28,"",1,1.6,-88,-1.5,-114,-2.0,-73,-1.3,3439437,4.9,0,0.0,0,0.0,62,6.5
"13151","3","611110","78","0","2023","4","",63,5631,5628,5644,74153706,0,0,1012,"",2.11,1.51,1.49,1.50,1.92,0.00,0.00,1.28,"",1,1.6,-88,-1.5,-114,-2.0,-73,-1.3,3439437,4.9,0,0.0,0,0.0,62,6.5
"13151","3","92","74","0","2023","4","",8,2806,2820,2816,47925353,172112,1555,1310,"",0.27,1.38,1.38,1.38,1.84,0.22,0.59,1.33,"",0,0.0,175,6.7,-183,-6.1,-101,-3.5,4549006,10.5,42429,32.7,1235,385.9,139,11.9
"13151","3","921","75","0","2023","4","",5,2518,2528,2530,42895480,142960,472,1307,"",0.29,1.87,1.87,1.87,2.75,0.24,0.23,1.47,"",0,0.0,158,6.7,-200,-7.3,-117,-4.4,4028176,10.4,13277,10.2,152,47.5,147,12.7
"13151","3","9211","76","0","2023","4","",5,2518,2528,2530,42895480,142960,472,1307,"",0.29,1.87,1.87,1.87,2.75,0.24,0.23,1.47,"",0,0.0,158,6.7,-200,-7.3,-117,-4.4,4028176,10.4,13277,10.2,152,47.5,147,12.7
"13151","3","92114","77","0","2023","4","",5,2518,2528,2530,42895480,142960,472,1307,"",0.50,2.90,2.90,2.90,4.31,0.37,0.62,1.49,"",0,0.0,158,6.7,-200,-7.3,-117,-4.4,4028176,10.4,13277,10.2,152,47.5,147,12.7
"13151","3","921140","78","0","2023","4","",5,2518,2528,2530,42895480,142960,472,1307,"",0.50,2.90,2.90,2.90,4.31,0.37,0.62,1.49,"",0,0.0,158,6.7,-200,-7.3,-117,-4.4,4028176,10.4,13277,10.2,152,47.5,147,12.7
"13151","3","924","75","0","2023","4","",1,281,285,279,4939756,0,0,1349,"",0.51,5.73,5.89,5.78,8.59,0.00,0.00,1.48,"",0,0.0,15,5.6,15,5.6,14,5.3,509442,11.5,0,0.0,0,0.0,73,5.7
"13151","3","9241","76","0","2023","4","",1,281,285,279,4939756,0,0,1349,"",0.51,5.73,5.89,5.78,8.59,0.00,0.00,1.48,"",0,0.0,15,5.6,15,5.6,14,5.3,509442,11.5,0,0.0,0,0.0,73,5.7
"13151","3","92411","77","0","2023","4","",1,281,285,279,4939756,0,0,1349,"",1.28,9.90,10.00,9.79,11.93,0.00,0.00,1.21,"",0,0.0,15,5.6,15,5.6,14,5.3,509442,11.5,0,0.0,0,0.0,73,5.7
"13151","3","924110","78","0","2023","4","",1,281,285,279,4939756,0,0,1349,"",1.28,9.90,10.00,9.79,11.93,0.00,0.00,1.21,"",0,0.0,15,5.6,15,5.6,14,5.3,509442,11.5,0,0.0,0,0.0,73,5.7
"13151","3","925","75","0","2023","4","",2,7,7,7,90117,29152,1083,990,"",1.14,0.17,0.17,0.17,0.19,0.73,6.38,1.07,"",0,0.0,2,40.0,2,40.0,2,40.0,11388,14.5,29152,100.0,1083,100.0,-221,-18.2
"13151","3","9251","76","0","2023","4","",2,7,7,7,90117,29152,1083,990,"",1.14,0.17,0.17,0.17,0.19,0.73,6.38,1.07,"",0,0.0,2,40.0,2,40.0,2,40.0,11388,14.5,29152,100.0,1083,100.0,-221,-18.2
"13151","3","92511","77","0","2023","4","",2,7,7,7,90117,29152,1083,990,"",1.77,0.28,0.28,0.28,0.29,0.86,8.45,1.02,"",0,0.0,2,40.0,2,40.0,2,40.0,11388,14.5,29152,100.0,1083,100.0,-221,-18.2
"13151","3","925110","78","0","2023","4","",2,7,7,7,90117,29152,1083,990,"",1.77,0.28,0.28,0.28,0.29,0.86,8.45,1.02,"",0,0.0,2,40.0,2,40.0,2,40.0,11388,14.5,29152,100.0,1083,100.0,-221,-18.2
"13151","5","10","71","0","2023","4","",5523,65175,65621,65731,813339998,86081240,1070021,955,"",1.01,1.01,1.01,1.01,0.96,1.03,1.01,0.95,"",-42,-0.8,1699,2.7,1718,2.7,-755,-1.1,39187584,5.1,-16934698,-16.4,-233309,-17.9,33,3.6
"13151","5","101","72","0","2023","4","",518,6396,6302,6368,115101794,6548484,94956,1393,"",0.75,0.57,0.57,0.58,0.70,0.45,0.40,1.23,"",-19,-3.5,195,3.1,212,3.5,226,3.7,12515763,12.2,921819,16.4,16424,20.9,109,8.5
"13151","5","1011","73","0","2023","4","",11,284,134,186,2283344,225290,2018,872,"",0.16,0.30,0.15,0.22,0.20,0.14,0.07,0.91,"",0,0.0,30,11.8,-18,-11.8,11,6.3,383349,20.2,15118,7.2,165,8.9,117,15.5
"13151","5","1012","73","0","2023","4","",391,2322,2317,2269,46463904,2281438,34840,1552,"",0.89,0.58,0.59,0.58,0.80,0.35,0.27,1.37,"",-20,-4.9,25,1.1,63,2.8,19,0.8,7363675,18.8,53711,2.4,3795,12.2,225,17.0
"13151","5","1013","73","0","2023","4","",116,3790,3851,3913,66354546,4041756,58098,1325,"",0.62,0.61,0.62,0.62,0.71,0.62,0.77,1.15,"",1,0.9,140,3.8,167,4.5,196,5.3,4768739,7.7,852990,26.7,12464,27.3,39,3.0
"13151","5","102","72","0","2023","4","",5005,58779,59319,59363,698238204,79532756,975065,908,"",1.04,1.10,1.11,1.10,1.02,1.15,1.18,0.93,"",-23,-0.5,1504,2.6,1506,2.6,-981,-1.6,26671821,4.0,-17856517,-18.3,-249733,-20.4,25,2.8
"13151","5","1021","73","0","2023","4","",1138,23472,23717,23622,266341790,26071963,276814,868,"",1.17,1.68,1.66,1.64,1.74,1.33,1.31,1.05,"",-18,-1.6,10,0.0,-149,-0.6,-561,-2.3,1779276,0.7,-3878757,-13.0,-81406,-22.7,14,1.6
"13151","5","1022","73","0","2023","4","",54,737,648,676,12654523,1779101,15638,1417,"",0.40,0.52,0.45,0.47,0.33,1.34,0.79,0.68,"",-10,-15.6,-1188,-61.7,-1182,-64.6,-767,-53.2,-22156694,-63.6,-3507592,-66.3,-46409,-74.8,-128,-8.3
"13151","5","1023","73","0","2023","4","",466,4409,4471,4546,82405360,4574805,66640,1416,"",0.92,1.04,1.05,1.07,0.96,1.10,1.40,0.91,"",9,2.0,2146,94.8,2208,97.6,2313,103.6,40948725,98.8,2200713,92.7,24447,57.9,1,0.1
"13151","5","1024","73","0","2023","4","",798,7870,8190,7968,103252378,17179024,251626,992,"",0.68,0.71,0.74,0.72,0.52,1.06,1.15,0.73,"",-10,-1.2,-1227,-13.5,-1270,-13.4,-3850,-32.6,-12904676,-11.1,-11707830,-40.5,-139426,-35.7,110,12.5
"13151","5","1025","73","0","2023","4","",687,9724,9765,9772,149371941,10354005,132406,1178,"",0.70,0.80,0.80,0.80,1.08,0.90,1.00,1.35,"",10,1.5,1384,16.6,1563,19.1,1551,18.9,15073309,11.2,290580,2.9,-6343,-4.6,-74,-5.9
"13151","5","1026","73","0","2023","4","",625,10633,10606,10824,59723794,16801920,184601,430,"",1.37,1.33,1.33,1.36,1.27,1.30,1.20,0.95,"",0,0.0,264,2.5,298,2.9,297,2.8,2674195,4.7,-924172,-5.2,-6913,-3.6,8,1.9
"13151","5","1027","73","0","2023","4","",339,1602,1594,1615,19534178,2176345,32325,937,"",0.82,0.72,0.71,0.72,0.94,0.76,0.92,1.32,"",-20,-5.6,130,8.8,71,4.7,92,6.0,3160235,19.3,-11606,-0.5,15172,88.5,101,12.1
"13151","5","1029","73","0","2023","4","",898,332,328,340,4954240,595593,15015,1143,"",5.59,2.48,2.37,2.38,2.27,1.39,1.57,0.94,"",16,1.8,-15,-4.3,-33,-9.1,-56,-14.1,-1902549,-27.7,-317853,-34.8,-8855,-37.1,-290,-20.2
"13151","5","11","74","0","2023","4","N",9,0,0,0,0,0,0,0,"N",0.17,0,0,0,0,0,0,0,"N",0,0.0,0,0,0,0,0,0,0,0,0,0,0,0,0,0
"13151","5","111","75","0","2023","4","",6,213,65,118,622151,174774,1190,363,"",0.25,0.72,0.25,0.49,0.28,0.30,0.12,0.57,"",0,0.0,21,10.9,-23,-26.1,4,3.5,38280,6.6,-13504,-7.2,-190,-13.8,21,6.1
"13151","5","1111","76","0","2023","4","N",1,0,0,0,0,0,0,0,"N",0.15,0,0,0,0,0,0,0,"N",0,0.0,0,0,0,0,0,0,0,0,0,0,0,0,0,0
"13151","5","11115","77","0","2023","4","N",1,0,0,0,0,0,0,0,"N",0.53,0,0,0,0,0,0,0,"N",0,0.0,0,0,0,0,0,0,0,0,0,0,0,0,0,0
"13151","5","111150","78","0","2023","4","N",1,0,0,0,0,0,0,0,"N",0.53,0,0,0,0,0,0,0,"N",0,0.0,0,0,0,0,0,0,0,0,0,0,0,0,0,0
"13151","5","1112","76","0","2023","4","N",1,0,0,0,0,0,0,0,"N",0.39,0,0,0,0,0,0,0,"N",0,0.0,0,0,0,0,0,0,0,0,0,0,0,0,0,0
"13151","5","11121","77","0","2023","4","N",1,0,0,0,0,0,0,0,"N",0.39,0,0,0,0,0,0,0,"N",0,0.0,0,0,0,0,0,0,0,0,0,0,0,0,0,0
"13151","5","111219","78","0","2023","4","N",1,0,0,0,0,0,0,0,"N",0.49,0,0,0,0,0,0,0,"N",0,0.0,0,0,0,0,0,0,0,0,0,0,0,0,0,0
"13151","5","1114","76","0","2023","4","",3,40,41,20,225487,35595,21,515,"",0.63,0.47,0.49,0.25,0.33,0.23,0.01,0.81,"N",1,50.0,0,0,0,0,0,0,0,0,0,0,0,0,0,0
"13151","5","11141","77","0","2023","4","N",1,0,0,0,0,0,0,0,"N",0.76,0,0,0,0,0,0,0,"N",1,100.0,0,0,0,0,0,0,0,0,0,0,0,0,0,0
"13151","5","111419","78","0","2023","4","N",1,0,0,0,0,0,0,0,"N",0.86,0,0,0,0,0,0,0,"N",1,100.0,0,0,0,0,0,0,0,0,0,0,0,0,0,0
"13151","5","11142","77","0","2023","4","N",2,0,0,0,0,0,0,0,"N",0.58,0,0,0,0,0,0,0,"N",0,0.0,0,0,0,0,0,0,0,0,0,0,0,0,0,0
"13151","5","111421","78","0","2023","4","N",2,0,0,0,0,0,0,0,"N",0.82,0,0,0,0,0,0,0,"N",0,0.0,0,0,0,0,0,0,0,0,0,0,0,0,0,0
"13151","5","1119","76","0","2023","4","N",1,0,0,0,0,0,0,0,"N",0.18,0,0,0,0,0,0,0,"N",-1,-50.0,0,0,0,0,0,0,0,0,0,0,0,0,0,0
"13151","5","11199","77","0","2023","4","N",1,0,0,0,0,0,0,0,"N",0.32,0,0,0,0,0,0,0,"N",-1,-50.0,0,0,0,0,0,0,0,0,0,0,0,0,0,0
"13151","5","111998","78","0","2023","4","N",1,0,0,0,0,0,0,0,"N",0.35,0,0,0,0,0,0,0,"N",-1,-50.0,0,0,0,0,0,0,0,0,0,0,0,0,0,0
"13151","5","113","75","0","2023","4","N",2,0,0,0,0,0,0,0,"N",0.48,0,0,0,0,0,0,0,"N",0,0.0,0,0,0,0,0,0,0,0,0,0,0,0,0,0
"13151","5","1133","76","0","2023","4","N",2,0,0,0,0,0,0,0,"N",0.54,0,0,0,0,0,0,0,"N",0,0.0,0,0,0,0,0,0,0,0,0,0,0,0,0,0
"13151","5","11331","77","0","2023","4","N",2,0,0,0,0,0,0,0,"N",0.54,0,0,0,0,0,0,0,"N",0,0.0,0,0,0,0,0,0,0,0,0,0,0,0,0,0
"13151","5","113310","78","0","2023","4","N",2,0,0,0,0,0,0,0,"N",0.54,0,0,0,0,0,0,0,"N",0,0.0,0,0,0,0,0,0,0,0,0,0,0,0,0,0
"13151","5","115","75","0","2023","4","N",1,0,0,0,0,0,0,0,"N",0.10,0,0,0,0,0,0,0,"N",1,100.0,0,0,0,0,0,0,0,0,0,0,0,0,0,0
"13151","5","1151","76","0","2023","4","N",1,0,0,0,0,0,0,0,"N",0.17,0,0,0,0,0,0,0,"N",1,100.0,0,0,0,0,0,0,0,0,0,0,0,0,0,0
"13151","5","11511","77","0","2023","4","N",1,0,0,0,0,0,0,0,"N",0.17,0,0,0,0,0,0,0,"N",1,100.0,0,0,0,0,0,0,0,0,0,0,0,0,0,0
"13151","5","115115","78","0","2023","4","N",1,0,0,0,0,0,0,0,"N",0.68,0,0,0,0,0,0,0,"N",1,100.0,0,0,0,0,0,0,0,0,0,0,0,0,0,0
"13151","5","21","74","0","2023","4","N",2,0,0,0,0,0,0,0,"N",0.14,0,0,0,0,0,0,0,"N",0,0.0,0,0,0,0,0,0,0,0,0,0,0,0,0,0
"13151","5","212","75","0","2023","4","N",1,0,0,0,0,0,0,0,"N",0.29,0,0,0,0,0,0,0,"N",0,0.0,0,0,0,0,0,0,0,0,0,0,0,0,0,0
"13151","5","2123","76","0","2023","4","N",1,0,0,0,0,0,0,0,"N",0.35,0,0,0,0,0,0,0,"N",0,0.0,0,0,0,0,0,0,0,0,0,0,0,0,0,0
"13151","5","21231","77","0","2023","4","N",1,0,0,0,0,0,0,0,"N",0.84,0,0,0,0,0,0,0,"N",0,0.0,0,0,0,0,0,0,0,0,0,0,0,0,0,0
"13151","5","212313","78","0","2023","4","N",1,0,0,0,0,0,0,0,"N",7.23,0,0,0,0,0,0,0,"N",0,0.0,0,0,0,0,0,0,0,0,0,0,0,0,0,0
"13151","5","213","75","0","2023","4","N",1,0,0,0,0,0,0,0,"N",0.12,0,0,0,0,0,0,0,"N",0,0.0,0,0,0,0,0,0,0,0,0,0,0,0,0,0
"13151","5","2131","76","0","2023","4","N",1,0,0,0,0,0,0,0,"N",0.12,0,0,0,0,0,0,0,"N",0,0.0,0,0,0,0,0,0,0,0,0,0,0,0,0,0
"13151","5","21311","77","0","2023","4","N",1,0,0,0,0,0,0,0,"N",0.12,0,0,0,0,0,0,0,"N",0,0.0,0,0,0,0,0,0,0,0,0,0,0,0,0,0
"13151","5","213111","78","0","2023","4","N",1,0,0,0,0,0,0,0,"N",1.01,0,0,0,0,0,0,0,"N",0,0.0,0,0,0,0,0,0,0,0,0,0,0,0,0,0
"13151","5","22","74","0","2023","4","N",5,0,0,0,0,0,0,0,"N",0.44,0,0,0,0,0,0,0,"N",0,0.0,0,0,0,0,0,0,0,0,0,0,0,0,0,0
"13151","5","221","75","0","2023","4","N",5,0,0,0,0,0,0,0,"N",0.44,0,0,0,0,0,0,0,"N",0,0.0,0,0,0,0,0,0,0,0,0,0,0,0,0,0
"13151","5","2211","76","0","2023","4","N",4,0,0,0,0,0,0,0,"N",0.61,0,0,0,0,0,0,0,"N",0,0.0,0,0,0,0,0,0,0,0,0,0,0,0,0,0
"13151","5","22112","77","0","2023","4","N",4,0,0,0,0,0,0,0,"N",1.16,0,0,0,0,0,0,0,"N",0,0.0,0,0,0,0,0,0,0,0,0,0,0,0,0,0
"13151","5","221122","78","0","2023","4","N",4,0,0,0,0,0,0,0,"N",1.32,0,0,0,0,0,0,0,"N",0,0.0,0,0,0,0,0,0,0,0,0,0,0,0,0,0
"13151","5","2213","76","0","2023","4","N",1,0,0,0,0,0,0,0,"N",0.32,0,0,0,0,0,0,0,"N",0,0.0,0,0,0,0,0,0,0,0,0,0,0,0,0,0
"13151","5","22131","77","0","2023","4","N",1,0,0,0,0,0,0,0,"N",0.37,0,0,0,0,0,0,0,"N",0,0.0,0,0,0,0,0,0,0,0,0,0,0,0,0,0
"13151","5","221310","78","0","2023","4","N",1,0,0,0,0,0,0,0,"N",0.37,0,0,0,0,0,0,0,"N",0,0.0,0,0,0,0,0,0,0,0,0,0,0,0,0,0
"13151","5","23","74","0","2023","4","",391,2322,2317,2269,46463904,2281438,34840,1552,"",0.89,0.58,0.59,0.58,0.80,0.35,0.27,1.37,"",-20,-4.9,25,1.1,63,2.8,19,0.8,7363675,18.8,53711,2.4,3795,12.2,225,17.0
"13151","5","236","75","0","2023","4","",116,649,659,659,14268181,785934,12473,1674,"",0.85,0.73,0.74,0.74,0.97,0.53,0.45,1.33,"",-6,-4.9,15,2.4,46,7.5,46,7.5,2687732,23.2,248364,46.2,5425,77.0,237,16.5
"13151","5","2361","76","0","2023","4","",95,548,552,546,11303768,540097,7663,1585,"",0.89,1.20,1.21,1.19,1.77,0.65,0.62,1.48,"",-5,-5.0,19,3.6,42,8.2,37,7.3,2541096,29.0,55006,11.3,1466,23.7,279,21.4
"13151","5","23611","77","0","2023","4","",95,548,552,546,11303768,540097,7663,1585,"",0.89,1.20,1.21,1.19,1.77,0.65,0.62,1.48,"",-5,-5.0,19,3.6,42,8.2,37,7.3,2541096,29.0,55006,11.3,1466,23.7,279,21.4
"13151","5","236115","78","0","2023","4","",46,240,237,232,4724288,244570,2660,1538,"",1.08,1.28,1.26,1.23,1.67,0.67,0.54,1.33,"",-4,-8.0,-41,-14.6,-28,-10.6,-25,-9.7,38525,0.8,59275,32.0,724,37.4,191,14.2
"13151","5","236116","78","0","2023","4","N",4,0,0,0,0,0,0,0,"N",1.67,0,0,0,0,0,0,0,"N",1,33.3,0,0,0,0,0,0,0,0,0,0,0,0,0,0
"13151","5","236117","78","0","2023","4","N",4,0,0,0,0,0,0,0,"N",1.58,0,0,0,0,0,0,0,"N",1,33.3,0,0,0,0,0,0,0,0,0,0,0,0,0,0
"13151","5","236118","78","0","2023","4","",41,199,203,202,2798229,205096,3767,1069,"",0.69,0.90,0.92,0.92,1.10,0.52,0.59,1.21,"",-3,-6.8,1,0.5,10,5.2,3,1.5,124629,4.7,-33502,-14.0,-218,-5.5,23,2.2
"13151","5","2362","76","0","2023","4","",21,101,107,113,2964413,245837,4810,2131,"",0.70,0.23,0.25,0.26,0.36,0.38,0.31,1.46,"",-1,-4.5,-4,-3.8,4,3.9,9,8.7,146636,5.2,193358,368.4,3959,465.2,47,2.3
"13151","5","23621","77","0","2023","4","N",2,0,0,0,0,0,0,0,"N",0.63,0,0,0,0,0,0,0,"N",1,100.0,0,0,0,0,0,0,0,0,0,0,0,0,0,0
"13151","5","236210","78","0","2023","4","N",2,0,0,0,0,0,0,0,"N",0.63,0,0,0,0,0,0,0,"N",1,100.0,0,0,0,0,0,0,0,0,0,0,0,0,0,0
"13151","5","23622","77","0","2023","4","N",19,0,0,0,0,0,0,0,"N",0.71,0,0,0,0,0,0,0,"N",-2,-9.5,0,0,0,0,0,0,0,0,0,0,0,0,0,0
"13151","5","236220","78","0","2023","4","N",19,0,0,0,0,0,0,0,"N",0.71,0,0,0,0,0,0,0,"N",-2,-9.5,0,0,0,0,0,0,0,0,0,0,0,0,0,0
"13151","5","237","75","0","2023","4","",15,123,115,97,2304077,54712,947,1587,"",0.55,0.22,0.21,0.18,0.24,0.06,0.04,1.21,"",1,7.1,32,35.2,26,29.2,8,9.0,782625,51.4,-53988,-49.7,-1001,-51.4,282,21.6
"13151","5","2371","76","0","2023","4","",10,72,75,80,1924736,17342,204,1957,"",0.70,0.24,0.26,0.28,0.39,0.03,0.02,1.50,"",2,25.0,18,33.3,26,53.1,30,60.0,820596,74.3,-25217,-59.3,-3,-1.4,292,17.5
"13151","5","23711","77","0","2023","4","",5,29,29,30,813133,7730,31,2132,"",0.82,0.28,0.29,0.30,0.50,0.05,0.01,1.74,"N",2,66.7,0,0,0,0,0,0,0,0,0,0,0,0,0,0
"13151","5","237110","78","0","2023","4","",5,29,29,30,813133,7730,31,2132,"",0.82,0.28,0.29,0.30,0.50,0.05,0.01,1.74,"N",2,66.7,0,0,0,0,0,0,0,0,0,0,0,0,0,0
"13151","5","23712","77","0","2023","4","N",2,0,0,0,0,0,0,0,"N",0.96,0,0,0,0,0,0,0,"N",0,0.0,0,0,0,0,0,0,0,0,0,0,0,0,0,0
"13151","5","237120","78","0","2023","4","N",2,0,0,0,0,0,0,0,"N",0.96,0,0,0,0,0,0,0,"N",0,0.0,0,0,0,0,0,0,0,0,0,0,0,0,0,0
"13151","5","23713","77","0","2023","4","N",3,0,0,0,0,0,0,0,"N",0.50,0,0,0,0,0,0,0,"N",0,0.0,0,0,0,0,0,0,0,0,0,0,0,0,0,0
"13151","5","237130","78","0","2023","4","N",3,0,0,0,0,0,0,0,"N",0.50,0,0,0,0,0,0,0,"N",0,0.0,0,0,0,0,0,0,0,0,0,0,0,0,0,0
"13151","5","2372","76","0","2023","4","N",2,0,0,0,0,0,0,0,"N",0.72,0,0,0,0,0,0,0,"N",0,0.0,0,0,0,0,0,0,0,0,0,0,0,0,0,0
"13151","5","23721","77","0","2023","4","N",2,0,0,0,0,0,0,0,"N",0.72,0,0,0,0,0,0,0,"N",0,0.0,0,0,0,0,0,0,0,0,0,0,0,0,0,0
"13151","5","237210","78","0","2023","4","N",2,0,0,0,0,0,0,0,"N",0.72,0,0,0,0,0,0,0,"N",0,0.0,0,0,0,0,0,0,0,0,0,0,0,0,0,0
"13151","5","2373","76","0","2023","4","N",1,0,0,0,0,0,0,0,"N",0.18,0,0,0,0,0,0,0,"N",-1,-50.0,0,0,0,0,0,0,0,0,0,0,0,0,0,0
"13151","5","23731","77","0","2023","4","N",1,0,0,0,0,0,0,0,"N",0.18,0,0,0,0,0,0,0,"N",-1,-50.0,0,0,0,0,0,0,0,0,0,0,0,0,0,0
"13151","5","237310","78","0","2023","4","N",1,0,0,0,0,0,0,0,"N",0.18,0,0,0,0,0,0,0,"N",-1,-50.0,0,0,0,0,0,0,0,0,0,0,0,0,0,0
"13151","5","2379","76","0","2023","4","N",2,0,0,0,0,0,0,0,"N",0.44,0,0,0,0,0,0,0,"N",0,0.0,0,0,0,0,0,0,0,0,0,0,0,0,0,0
"13151","5","23799","77","0","2023","4","N",2,0,0,0,0,0,0,0,"N",0.44,0,0,0,0,0,0,0,"N",0,0.0,0,0,0,0,0,0,0,0,0,0,0,0,0,0
"13151","5","237990","78","0","2023","4","N",2,0,0,0,0,0,0,0,"N",0.44,0,0,0,0,0,0,0,"N",0,0.0,0,0,0,0,0,0,0,0,0,0,0,0,0,0
"13151","5","238","75","0","2023","4","",260,1550,1543,1513,29891646,1440792,21420,1498,"",0.95,0.62,0.62,0.61,0.88,0.36,0.27,1.43,"",-15,-5.5,-22,-1.4,-9,-0.6,-35,-2.3,3893318,15.0,-140665,-8.9,-629,-2.9,214,16.7
"13151","5","2381","76","0","2023","4","",54,226,222,214,5036425,130287,1386,1756,"",0.98,0.46,0.46,0.45,0.80,0.15,0.08,1.77,"",-1,-1.8,-30,-11.7,-22,-9.0,-34,-13.7,188394,3.9,-101761,-43.9,-1352,-49.4,260,17.4
"13151","5","23811","77","0","2023","4","",13,60,58,55,1730029,16222,341,2308,"",1.13,0.47,0.46,0.45,1.05,0.07,0.08,2.28,"",0,0.0,-9,-13.0,-10,-14.7,-19,-25.7,258532,17.6,-52292,-76.3,-36,-9.5,699,43.4
"13151","5","238111","78","0","2023","4","",6,29,27,25,475590,2817,7,1355,"",0.71,0.47,0.44,0.42,0.67,0.02,0.00,1.52,"",0,0.0,4,16.0,2,8.0,-3,-10.7,94646,24.8,-24874,-89.8,-125,-94.7,228,20.2
"13151","5","238112","78","0","2023","4","",7,31,31,30,1254439,13405,334,3147,"",2.30,0.47,0.47,0.47,1.32,0.13,0.15,2.80,"",0,0.0,-13,-29.5,-12,-27.9,-16,-34.8,163886,15.0,-27418,-67.2,89,36.3,1255,66.3
"13151","5","23812","77","0","2023","4","N",3,0,0,0,0,0,0,0,"N",1.14,0,0,0,0,0,0,0,"N",0,0.0,0,0,0,0,0,0,0,0,0,0,0,0,0,0
"13151","5","238122","78","0","2023","4","N",3,0,0,0,0,0,0,0,"N",1.58,0,0,0,0,0,0,0,"N",0,0.0,0,0,0,0,0,0,0,0,0,0,0,0,0,0
"13151","5","23813","77","0","2023","4","",7,10,12,11,158342,17204,11,1107,"",1.27,0.23,0.28,0.26,0.34,0.17,0.01,1.31,"",-1,-12.5,-1,-9.1,2,20.0,1,10.0,5992,3.9,17204,100.0,11,100.0,-27,-2.4
"13151","5","238131","78","0","2023","4","N",5,0,0,0,0,0,0,0,"N",1.04,0,0,0,0,0,0,0,"N",-1,-16.7,0,0,0,0,0,0,0,0,0,0,0,0,0,0
"13151","5","238132","78","0","2023","4","N",2,0,0,0,0,0,0,0,"N",2.69,0,0,0,0,0,0,0,"N",0,0.0,0,0,0,0,0,0,0,0,0,0,0,0,0,0
"13151","5","23814","77","0","2023","4","",8,22,21,20,672893,26757,112,2465,"",0.86,0.30,0.30,0.29,0.82,0.21,0.04,2.76,"",0,0.0,-5,-18.5,-8,-27.6,-8,-28.6,159069,31.0,3551,15.3,-198,-63.9,1053,74.6
"13151","5","238141","78","0","2023","4","N",3,0,0,0,0,0,0,0,"N",0.42,0,0,0,0,0,0,0,"N",0,0.0,0,0,0,0,0,0,0,0,0,0,0,0,0,0
"13151","5","238142","78","0","2023","4","N",5,0,0,0,0,0,0,0,"N",2.22,0,0,0,0,0,0,0,"N",0,0.0,0,0,0,0,0,0,0,0,0,0,0,0,0,0
"13151","5","23815","77","0","2023","4","N",4,0,0,0,0,0,0,0,"N",1.09,0,0,0,0,0,0,0,"N",-1,-20.0,0,0,0,0,0,0,0,0,0,0,0,0,0,0
"13151","5","238151","78","0","2023","4","N",2,0,0,0,0,0,0,0,"N",0.93,0,0,0,0,0,0,0,"N",0,0.0,0,0,0,0,0,0,0,0,0,0,0,0,0,0
"13151","5","238152","78","0","2023","4","N",2,0,0,0,0,0,0,0,"N",1.32,0,0,0,0,0,0,0,"N",-1,-33.3,0,0,0,0,0,0,0,0,0,0,0,0,0,0
"13151","5","23816","77","0","2023","4","",12,49,53,53,966931,29635,613,1440,"",0.84,0.40,0.44,0.44,0.60,0.15,0.17,1.40,"",0,0.0,-1,-2.0,3,6.0,3,6.0,58911,6.5,7375,33.1,409,200.5,43,3.1
"13151","5","238161","78","0","2023","4","N",8,0,0,0,0,0,0,0,"N",0.70,0,0,0,0,0,0,0,"N",-1,-11.1,0,0,0,0,0,0,0,0,0,0,0,0,0,0
"13151","5","238162","78","0","2023","4","N",4,0,0,0,0,0,0,0,"N",1.38,0,0,0,0,0,0,0,"N",1,33.3,0,0,0,0,0,0,0,0,0,0,0,0,0,0
"13151","5","23817","77","0","2023","4","",5,20,20,15,220790,1044,1,926,"",1.22,0.94,0.95,0.72,0.89,0.02,0.00,1.03,"",0,0.0,-1,-4.8,0,0.0,-5,-25.0,17867,8.8,-20863,-95.2,-378,-99.7,158,20.6
"13151","5","238171","78","0","2023","4","N",4,0,0,0,0,0,0,0,"N",1.04,0,0,0,0,0,0,0,"N",0,0.0,0,0,0,0,0,0,0,0,0,0,0,0,0,0
"13151","5","238172","78","0","2023","4","N",1,0,0,0,0,0,0,0,"N",3.68,0,0,0,0,0,0,0,"N",0,0.0,0,0,0,0,0,0,0,0,0,0,0,0,0,0
"13151","5","23819","77","0","2023","4","N",2,0,0,0,0,0,0,0,"N",0.52,0,0,0,0,0,0,0,"N",1,100.0,0,0,0,0,0,0,0,0,0,0,0,0,0,0
"13151","5","238192","78","0","2023","4","N",2,0,0,0,0,0,0,0,"N",1.26,0,0,0,0,0,0,0,"N",1,100.0,0,0,0,0,0,0,0,0,0,0,0,0,0,0
"13151","5","2382","76","0","2023","4","",130,829,824,814,16952837,785816,13575,1586,"",1.19,0.68,0.68,0.67,0.96,0.44,0.40,1.42,"",-13,-9.1,-46,-5.3,-47,-5.4,-51,-5.9,3005142,21.5,2416,0.3,1688,14.2,353,28.6
"13151","5","23821","77","0","2023","4","N",50,0,0,0,0,0,0,0,"N",1.08,0,0,0,0,0,0,0,"N",-6,-10.7,0,0,0,0,0,0,0,0,0,0,0,0,0,0
"13151","5","238211","78","0","2023","4","N",15,0,0,0,0,0,0,0,"N",0.53,0,0,0,0,0,0,0,"N",-4,-21.1,0,0,0,0,0,0,0,0,0,0,0,0,0,0
"13151","5","238212","78","0","2023","4","",35,248,250,253,7583410,249488,5840,2330,"",1.94,0.72,0.72,0.72,1.35,0.50,0.51,1.88,"",-2,-5.4,-86,-25.7,-76,-23.3,-74,-22.6,1659473,28.0,-7989,-3.1,732,14.3,945,68.2
"13151","5","23822","77","0","2023","4","",72,459,454,436,6536752,439701,6544,1118,"",1.26,0.74,0.74,0.71,0.76,0.51,0.43,1.04,"N",-6,-7.7,0,0,0,0,0,0,0,0,0,0,0,0,0,0
"13151","5","238221","78","0","2023","4","",53,369,370,346,5088182,325564,4825,1082,"",1.23,1.14,1.14,1.07,1.31,0.68,0.74,1.18,"",-5,-8.6,28,8.2,25,7.2,7,2.1,333777,7.0,-19792,-5.7,-738,-13.3,12,1.1
"13151","5","238222","78","0","2023","4","",19,90,84,90,1448570,114137,1719,1266,"",1.38,0.31,0.29,0.31,0.30,0.29,0.19,1.01,"N",-1,-5.0,0,0,0,0,0,0,0,0,0,0,0,0,0,0
"13151","5","23829","77","0","2023","4","N",8,0,0,0,0,0,0,0,"N",1.37,0,0,0,0,0,0,0,"N",-1,-11.1,0,0,0,0,0,0,0,0,0,0,0,0,0,0
"13151","5","238291","78","0","2023","4","N",2,0,0,0,0,0,0,0,"N",1.36,0,0,0,0,0,0,0,"N",0,0.0,0,0,0,0,0,0,0,0,0,0,0,0,0,0
"13151","5","238292","78","0","2023","4","N",6,0,0,0,0,0,0,0,"N",1.38,0,0,0,0,0,0,0,"N",-1,-14.3,0,0,0,0,0,0,0,0,0,0,0,0,0,0
"13151","5","2383","76","0","2023","4","",39,234,234,223,3222762,229435,3071,1076,"",0.60,0.56,0.57,0.55,0.66,0.31,0.22,1.17,"",-4,-9.3,43,22.5,47,25.1,30,15.5,362351,12.7,-49058,-17.6,-223,-6.8,-80,-6.9
"13151","5","23831","77","0","2023","4","",8,92,93,92,1167548,82497,1365,973,"",0.77,0.75,0.76,0.76,0.74,0.36,0.28,0.97,"",1,14.3,-3,-3.2,1,1.1,-4,-4.2,36675,3.2,-51823,-38.6,-250,-15.5,51,5.5
"13151","5","238311","78","0","2023","4","N",6,0,0,0,0,0,0,0,"N",0.80,0,0,0,0,0,0,0,"N",1,20.0,0,0,0,0,0,0,0,0,0,0,0,0,0,0
"13151","5","238312","78","0","2023","4","N",2,0,0,0,0,0,0,0,"N",0.69,0,0,0,0,0,0,0,"N",0,0.0,0,0,0,0,0,0,0,0,0,0,0,0,0,0
"13151","5","23832","77","0","2023","4","",9,12,12,11,91194,36118,975,601,"",0.45,0.12,0.12,0.11,0.09,0.19,0.28,0.74,"",-3,-25.0,5,71.4,5,71.4,2,22.2,30636,50.6,9025,33.3,243,33.2,-7,-1.2
"13151","5","238321","78","0","2023","4","",9,12,12,11,91194,36118,975,601,"",0.54,0.18,0.19,0.18,0.16,0.28,0.52,0.85,"",-3,-25.0,5,71.4,5,71.4,2,22.2,30636,50.6,9025,33.3,243,33.2,-7,-1.2
"13151","5","23833","77","0","2023","4","N",4,0,0,0,0,0,0,0,"N",0.43,0,0,0,0,0,0,0,"N",-1,-20.0,0,0,0,0,0,0,0,0,0,0,0,0,0,0
"13151","5","238331","78","0","2023","4","N",1,0,0,0,0,0,0,0,"N",0.13,0,0,0,0,0,0,0,"N",-1,-50.0,0,0,0,0,0,0,0,0,0,0,0,0,0,0
"13151","5","238332","78","0","2023","4","N",3,0,0,0,0,0,0,0,"N",1.85,0,0,0,0,0,0,0,"N",0,0.0,0,0,0,0,0,0,0,0,0,0,0,0,0,0
"13151","5","23834","77","0","2023","4","N",1,0,0,0,0,0,0,0,"N",0.20,0,0,0,0,0,0,0,"N",0,0.0,0,0,0,0,0,0,0,0,0,0,0,0,0,0
"13151","5","238341","78","0","2023","4","N",1,0,0,0,0,0,0,0,"N",0.23,0,0,0,0,0,0,0,"N",0,0.0,0,0,0,0,0,0,0,0,0,0,0,0,0,0
"13151","5","23835","77","0","2023","4","",9,53,53,49,874228,35683,140,1302,"",0.58,0.67,0.67,0.62,0.94,0.26,0.07,1.44,"",-1,-10.0,18,51.4,18,51.4,13,36.1,168120,23.8,18051,102.4,81,137.3,-235,-15.3
"13151","5","238351","78","0","2023","4","N",6,0,0,0,0,0,0,0,"N",0.44,0,0,0,0,0,0,0,"N",-1,-14.3,0,0,0,0,0,0,0,0,0,0,0,0,0,0
"13151","5","238352","78","0","2023","4","N",3,0,0,0,0,0,0,0,"N",1.73,0,0,0,0,0,0,0,"N",0,0.0,0,0,0,0,0,0,0,0,0,0,0,0,0,0
"13151","5","23839","77","0","2023","4","",8,70,71,64,1041837,63774,583,1173,"",1.59,1.61,1.66,1.55,1.97,0.93,0.40,1.23,"",0,0.0,25,55.6,22,44.9,18,39.1,111530,12.0,-26420,-29.3,-232,-28.5,-360,-23.5
"13151","5","238391","78","0","2023","4","N",4,0,0,0,0,0,0,0,"N",1.37,0,0,0,0,0,0,0,"N",0,0.0,0,0,0,0,0,0,0,0,0,0,0,0,0,0
"13151","5","238392","78","0","2023","4","N",4,0,0,0,0,0,0,0,"N",1.88,0,0,0,0,0,0,0,"N",0,0.0,0,0,0,0,0,0,0,0,0,0,0,0,0,0
"13151","5","2389","76","0","2023","4","",37,261,263,262,4679622,295254,3388,1374,"",0.81,0.67,0.69,0.71,0.91,0.47,0.24,1.33,"",3,8.8,11,4.4,13,5.2,20,8.3,337431,7.8,7738,2.7,-742,-18.0,24,1.8
"13151","5","23891","77","0","2023","4","",16,136,133,133,2289733,106999,1427,1314,"",0.82,0.70,0.69,0.70,0.87,0.33,0.22,1.25,"",-3,-15.8,1,0.7,-5,-3.6,-2,-1.5,-121524,-5.0,-61600,-36.5,-1434,-50.1,-50,-3.7
"13151","5","238911","78","0","2023","4","",9,107,105,106,1824120,83892,772,1324,"",0.79,1.47,1.46,1.50,2.13,0.60,0.31,1.44,"",-1,-10.0,-2,-1.8,-5,-4.5,-3,-2.8,-162965,-8.2,-54122,-39.2,-1209,-61.0,-74,-5.3
"13151","5","238912","78","0","2023","4","",7,29,28,27,465613,23107,655,1279,"",0.87,0.24,0.23,0.23,0.26,0.13,0.16,1.13,"",-2,-22.2,3,11.5,0,0.0,1,3.8,41441,9.8,-7478,-24.4,-225,-25.6,55,4.5
"13151","5","23899","77","0","2023","4","",21,125,130,129,2389889,188255,1961,1436,"",0.80,0.64,0.69,0.72,0.96,0.61,0.26,1.41,"",6,40.0,10,8.7,18,16.1,22,20.6,458955,23.8,69338,58.3,692,54.5,102,7.6
"13151","5","238991","78","0","2023","4","",14,67,67,68,1266779,64065,336,1447,"",0.79,0.69,0.71,0.77,1.18,0.42,0.10,1.63,"",7,100.0,13,24.1,16,31.4,17,33.3,355028,38.9,22089,52.6,-35,-9.4,98,7.3
"13151","5","238992","78","0","2023","4","",7,58,63,61,1123110,124190,1625,1424,"",0.82,0.59,0.66,0.67,0.79,0.81,0.40,1.24,"",-1,-12.5,-3,-4.9,2,3.3,5,8.9,103927,10.2,47249,61.4,727,81.0,103,7.8
"13151","5","31-33","74","0","2023","4","",116,3790,3851,3913,66354546,4041756,58098,1325,"",0.62,0.61,0.62,0.62,0.71,0.62,0.77,1.15,"",1,0.9,140,3.8,167,4.5,196,5.3,4768739,7.7,852990,26.7,12464,27.3,39,3.0
"13151","5","311","75","0","2023","4","",13,726,739,755,11117741,810422,5875,1156,"",0.67,0.85,0.87,0.88,1.22,0.63,0.41,1.41,"",0,0.0,10,1.4,29,4.1,40,5.6,1154549,11.6,314398,63.4,-485,-7.6,82,7.6
"13151","5","3113","76","0","2023","4","N",2,0,0,0,0,0,0,0,"N",1.83,0,0,0,0,0,0,0,"N",0,0.0,0,0,0,0,0,0,0,0,0,0,0,0,0,0
"13151","5","31134","77","0","2023","4","N",1,0,0,0,0,0,0,0,"N",3.07,0,0,0,0,0,0,0,"N",0,0.0,0,0,0,0,0,0,0,0,0,0,0,0,0,0
"13151","5","311340","78","0","2023","4","N",1,0,0,0,0,0,0,0,"N",3.07,0,0,0,0,0,0,0,"N",0,0.0,0,0,0,0,0,0,0,0,0,0,0,0,0,0
"13151","5","31135","77","0","2023","4","N",1,0,0,0,0,0,0,0,"N",1.40,0,0,0,0,0,0,0,"N",0,0.0,0,0,0,0,0,0,0,0,0,0,0,0,0,0
"13151","5","311352","78","0","2023","4","N",1,0,0,0,0,0,0,0,"N",1.79,0,0,0,0,0,0,0,"N",0,0.0,0,0,0,0,0,0,0,0,0,0,0,0,0,0
"13151","5","3114","76","0","2023","4","N",3,0,0,0,0,0,0,0,"N",2.26,0,0,0,0,0,0,0,"N",1,50.0,0,0,0,0,0,0,0,0,0,0,0,0,0,0
"13151","5","31141","77","0","2023","4","N",2,0,0,0,0,0,0,0,"N",3.65,0,0,0,0,0,0,0,"N",1,100.0,0,0,0,0,0,0,0,0,0,0,0,0,0,0
"13151","5","311412","78","0","2023","4","N",2,0,0,0,0,0,0,0,"N",5.07,0,0,0,0,0,0,0,"N",1,100.0,0,0,0,0,0,0,0,0,0,0,0,0,0,0
"13151","5","31142","77","0","2023","4","N",1,0,0,0,0,0,0,0,"N",1.28,0,0,0,0,0,0,0,"N",0,0.0,0,0,0,0,0,0,0,0,0,0,0,0,0,0
"13151","5","311421","78","0","2023","4","N",1,0,0,0,0,0,0,0,"N",1.84,0,0,0,0,0,0,0,"N",0,0.0,0,0,0,0,0,0,0,0,0,0,0,0,0,0
"13151","5","3118","76","0","2023","4","",6,45,44,49,245299,42735,883,410,"",0.81,0.27,0.26,0.29,0.17,0.16,0.29,0.60,"",-1,-14.3,-4,-8.2,-2,-4.3,-1,-2.0,33750,16.0,5631,15.2,275,45.2,73,21.7
"13151","5","31181","77","0","2023","4","",6,45,44,49,245299,42735,883,410,"",0.92,0.36,0.34,0.38,0.23,0.21,0.36,0.64,"",-1,-14.3,-4,-8.2,-2,-4.3,-1,-2.0,33750,16.0,5631,15.2,275,45.2,73,21.7
"13151","5","311811","78","0","2023","4","",6,45,44,49,245299,42735,883,410,"",1.36,0.91,0.87,0.95,0.91,0.47,0.81,1.00,"N",0,0.0,0,0,0,0,0,0,0,0,0,0,0,0,0,0
"13151","5","3119","76","0","2023","4","N",2,0,0,0,0,0,0,0,"N",0.52,0,0,0,0,0,0,0,"N",0,0.0,0,0,0,0,0,0,0,0,0,0,0,0,0,0
"13151","5","31192","77","0","2023","4","N",1,0,0,0,0,0,0,0,"N",1.29,0,0,0,0,0,0,0,"N",0,0.0,0,0,0,0,0,0,0,0,0,0,0,0,0,0
"13151","5","311920","78","0","2023","4","N",1,0,0,0,0,0,0,0,"N",1.29,0,0,0,0,0,0,0,"N",0,0.0,0,0,0,0,0,0,0,0,0,0,0,0,0,0
"13151","5","31194","77","0","2023","4","N",1,0,0,0,0,0,0,0,"N",1.71,0,0,0,0,0,0,0,"N",0,0.0,0,0,0,0,0,0,0,0,0,0,0,0,0,0
"13151","5","311941","78","0","2023","4","N",1,0,0,0,0,0,0,0,"N",4.20,0,0,0,0,0,0,0,"N",0,0.0,0,0,0,0,0,0,0,0,0,0,0,0,0,0
"13151","5","312","75","0","2023","4","N",2,0,0,0,0,0,0,0,"N",0.25,0,0,0,0,0,0,0,"N",0,0.0,0,0,0,0,0,0,0,0,0,0,0,0,0,0
"13151","5","3121","76","0","2023","4","N",2,0,0,0,0,0,0,0,"N",0.26,0,0,0,0,0,0,0,"N",0,0.0,0,0,0,0,0,0,0,0,0,0,0,0,0,0
"13151","5","31212","77","0","2023","4","N",1,0,0,0,0,0,0,0,"N",0.35,0,0,0,0,0,0,0,"N",0,0.0,0,0,0,0,0,0,0,0,0,0,0,0,0,0
"13151","5","312120","78","0","2023","4","N",1,0,0,0,0,0,0,0,"N",0.35,0,0,0,0,0,0,0,"N",0,0.0,0,0,0,0,0,0,0,0,0,0,0,0,0,0
"13151","5","31213","77","0","2023","4","N",1,0,0,0,0,0,0,0,"N",0.37,0,0,0,0,0,0,0,"N",0,0.0,0,0,0,0,0,0,0,0,0,0,0,0,0,0
"13151","5","312130","78","0","2023","4","N",1,0,0,0,0,0,0,0,"N",0.37,0,0,0,0,0,0,0,"N",0,0.0,0,0,0,0,0,0,0,0,0,0,0,0,0,0
"13151","5","315","75","0","2023","4","",3,140,136,138,2015840,56891,224,1124,"",0.98,3.31,3.21,3.28,4.53,1.12,0.29,1.39,"N",0,0.0,0,0,0,0,0,0,0,0,0,0,0,0,0,0
"13151","5","3152","76","0","2023","4","",3,140,136,138,2015840,56891,224,1124,"",1.31,4.27,4.16,4.24,5.70,1.57,0.36,1.35,"N",0,0.0,0,0,0,0,0,0,0,0,0,0,0,0,0,0
"13151","5","31521","77","0","2023","4","N",1,0,0,0,0,0,0,0,"N",0.92,0,0,0,0,0,0,0,"N",0,0.0,0,0,0,0,0,0,0,0,0,0,0,0,0,0
"13151","5","315210","78","0","2023","4","N",1,0,0,0,0,0,0,0,"N",0.92,0,0,0,0,0,0,0,"N",0,0.0,0,0,0,0,0,0,0,0,0,0,0,0,0,0
"13151","5","31525","77","0","2023","4","N",2,0,0,0,0,0,0,0,"N",1.67,0,0,0,0,0,0,0,"N",0,0.0,0,0,0,0,0,0,0,0,0,0,0,0,0,0
"13151","5","315250","78","0","2023","4","N",2,0,0,0,0,0,0,0,"N",1.67,0,0,0,0,0,0,0,"N",0,0.0,0,0,0,0,0,0,0,0,0,0,0,0,0,0
"13151","5","321","75","0","2023","4","N",4,0,0,0,0,0,0,0,"N",0.53,0,0,0,0,0,0,0,"N",0,0.0,0,0,0,0,0,0,0,0,0,0,0,0,0,0
"13151","5","3219","76","0","2023","4","N",4,0,0,0,0,0,0,0,"N",0.79,0,0,0,0,0,0,0,"N",0,0.0,0,0,0,0,0,0,0,0,0,0,0,0,0,0
"13151","5","32191","77","0","2023","4","N",2,0,0,0,0,0,0,0,"N",1.22,0,0,0,0,0,0,0,"N",-1,-33.3,0,0,0,0,0,0,0,0,0,0,0,0,0,0
"13151","5","321911","78","0","2023","4","N",1,0,0,0,0,0,0,0,"N",1.76,0,0,0,0,0,0,0,"N",0,0.0,0,0,0,0,0,0,0,0,0,0,0,0,0,0
"13151","5","321918","78","0","2023","4","N",1,0,0,0,0,0,0,0,"N",1.24,0,0,0,0,0,0,0,"N",-1,-50.0,0,0,0,0,0,0,0,0,0,0,0,0,0,0
"13151","5","32192","77","0","2023","4","N",1,0,0,0,0,0,0,0,"N",0.67,0,0,0,0,0,0,0,"N",1,100.0,0,0,0,0,0,0,0,0,0,0,0,0,0,0
"13151","5","321920","78","0","2023","4","N",1,0,0,0,0,0,0,0,"N",0.67,0,0,0,0,0,0,0,"N",1,100.0,0,0,0,0,0,0,0,0,0,0,0,0,0,0
"13151","5","32199","77","0","2023","4","N",1,0,0,0,0,0,0,0,"N",0.51,0,0,0,0,0,0,0,"N",0,0.0,0,0,0,0,0,0,0,0,0,0,0,0,0,0
"13151","5","321992","78","0","2023","4","N",1,0,0,0,0,0,0,0,"N",2.25,0,0,0,0,0,0,0,"N",0,0.0,0,0,0,0,0,0,0,0,0,0,0,0,0,0
"13151","5","322","75","0","2023","4","N",4,0,0,0,0,0,0,0,"N",1.51,0,0,0,0,0,0,0,"N",0,0.0,0,0,0,0,0,0,0,0,0,0,0,0,0,0
"13151","5","3222","76","0","2023","4","N",4,0,0,0,0,0,0,0,"N",1.79,0,0,0,0,0,0,0,"N",0,0.0,0,0,0,0,0,0,0,0,0,0,0,0,0,0
"13151","5","32221","77","0","2023","4","N",3,0,0,0,0,0,0,0,"N",2.63,0,0,0,0,0,0,0,"N",0,0.0,0,0,0,0,0,0,0,0,0,0,0,0,0,0
"13151","5","322211","78","0","2023","4","N",2,0,0,0,0,0,0,0,"N",2.61,0,0,0,0,0,0,0,"N",0,0.0,0,0,0,0,0,0,0,0,0,0,0,0,0,0
"13151","5","322212","78","0","2023","4","N",1,0,0,0,0,0,0,0,"N",5.24,0,0,0,0,0,0,0,"N",0,0.0,0,0,0,0,0,0,0,0,0,0,0,0,0,0
"13151","5","32223","77","0","2023","4","N",1,0,0,0,0,0,0,0,"N",5.27,0,0,0,0,0,0,0,"N",0,0.0,0,0,0,0,0,0,0,0,0,0,0,0,0,0
"13151","5","322230","78","0","2023","4","N",1,0,0,0,0,0,0,0,"N",5.27,0,0,0,0,0,0,0,"N",0,0.0,0,0,0,0,0,0,0,0,0,0,0,0,0,0
"13151","5","323","75","0","2023","4","",12,185,181,183,2927718,80032,2343,1231,"",0.91,1.04,1.01,1.02,1.51,0.39,1.08,1.48,"",-1,-7.7,2,1.1,-3,-1.6,2,1.1,-44511,-1.5,-39259,-32.9,928,65.6,-21,-1.7
"13151","5","3231","76","0","2023","4","",12,185,181,183,2927718,80032,2343,1231,"",0.91,1.04,1.01,1.02,1.51,0.39,1.08,1.48,"",-1,-7.7,2,1.1,-3,-1.6,2,1.1,-44511,-1.5,-39259,-32.9,928,65.6,-21,-1.7
"13151","5","32311","77","0","2023","4","N",11,0,0,0,0,0,0,0,"N",0.87,0,0,0,0,0,0,0,"N",-1,-8.3,0,0,0,0,0,0,0,0,0,0,0,0,0,0
"13151","5","323111","78","0","2023","4","",8,169,165,166,2741479,75315,2255,1265,"",0.91,1.35,1.31,1.31,1.88,0.54,1.54,1.42,"N",0,0.0,0,0,0,0,0,0,0,0,0,0,0,0,0,0
"13151","5","323113","78","0","2023","4","N",3,0,0,0,0,0,0,0,"N",0.83,0,0,0,0,0,0,0,"N",-1,-25.0,0,0,0,0,0,0,0,0,0,0,0,0,0,0
"13151","5","32312","77","0","2023","4","N",1,0,0,0,0,0,0,0,"N",1.64,0,0,0,0,0,0,0,"N",0,0.0,0,0,0,0,0,0,0,0,0,0,0,0,0,0
"13151","5","323120","78","0","2023","4","N",1,0,0,0,0,0,0,0,"N",1.64,0,0,0,0,0,0,0,"N",0,0.0,0,0,0,0,0,0,0,0,0,0,0,0,0,0
"13151","5","324","75","0","2023","4","N",2,0,0,0,0,0,0,0,"N",1.68,0,0,0,0,0,0,0,"N",0,0.0,0,0,0,0,0,0,0,0,0,0,0,0,0,0
"13151","5","3241","76","0","2023","4","N",2,0,0,0,0,0,0,0,"N",1.68,0,0,0,0,0,0,0,"N",0,0.0,0,0,0,0,0,0,0,0,0,0,0,0,0,0
"13151","5","32412","77","0","2023","4","N",2,0,0,0,0,0,0,0,"N",3.24,0,0,0,0,0,0,0,"N",0,0.0,0,0,0,0,0,0,0,0,0,0,0,0,0,0
"13151","5","324121","78","0","2023","4","N",1,0,0,0,0,0,0,0,"N",2.11,0,0,0,0,0,0,0,"N",0,0.0,0,0,0,0,0,0,0,0,0,0,0,0,0,0
"13151","5","324122","78","0","2023","4","N",1,0,0,0,0,0,0,0,"N",6.90,0,0,0,0,0,0,0,"N",0,0.0,0,0,0,0,0,0,0,0,0,0,0,0,0,0
"13151","5","325","75","0","2023","4","",8,397,394,398,6095888,224793,3131,1183,"",0.69,0.92,0.91,0.91,0.74,0.65,0.87,0.81,"",0,0.0,30,8.2,16,4.2,20,5.3,83715,1.4,-125280,-35.8,-1877,-37.5,-52,-4.2
"13151","5","3255","76","0","2023","4","N",3,0,0,0,0,0,0,0,"N",2.55,0,0,0,0,0,0,0,"N",0,0.0,0,0,0,0,0,0,0,0,0,0,0,0,0,0
"13151","5","32551","77","0","2023","4","N",3,0,0,0,0,0,0,0,"N",3.63,0,0,0,0,0,0,0,"N",0,0.0,0,0,0,0,0,0,0,0,0,0,0,0,0,0
"13151","5","325510","78","0","2023","4","N",3,0,0,0,0,0,0,0,"N",3.63,0,0,0,0,0,0,0,"N",0,0.0,0,0,0,0,0,0,0,0,0,0,0,0,0,0
"13151","5","3256","76","0","2023","4","",4,245,249,251,3099746,161984,2694,960,"",2.15,4.45,4.51,4.51,3.73,2.95,4.03,0.83,"",0,0.0,42,20.7,34,15.8,40,19.0,349157,12.7,-25182,-13.5,-1217,-31.1,-49,-4.9
"13151","5","32561","77","0","2023","4","N",3,0,0,0,0,0,0,0,"N",2.98,0,0,0,0,0,0,0,"N",0,0.0,0,0,0,0,0,0,0,0,0,0,0,0,0,0
"13151","5","325611","78","0","2023","4","N",3,0,0,0,0,0,0,0,"N",5.48,0,0,0,0,0,0,0,"N",0,0.0,0,0,0,0,0,0,0,0,0,0,0,0,0,0
"13151","5","32562","77","0","2023","4","N",1,0,0,0,0,0,0,0,"N",1.17,0,0,0,0,0,0,0,"N",0,0.0,0,0,0,0,0,0,0,0,0,0,0,0,0,0
"13151","5","325620","78","0","2023","4","N",1,0,0,0,0,0,0,0,"N",1.17,0,0,0,0,0,0,0,"N",0,0.0,0,0,0,0,0,0,0,0,0,0,0,0,0,0
"13151","5","3259","76","0","2023","4","N",1,0,0,0,0,0,0,0,"N",0.62,0,0,0,0,0,0,0,"N",0,0.0,0,0,0,0,0,0,0,0,0,0,0,0,0,0
"13151","5","32599","77","0","2023","4","N",1,0,0,0,0,0,0,0,"N",0.73,0,0,0,0,0,0,0,"N",0,0.0,0,0,0,0,0,0,0,0,0,0,0,0,0,0
"13151","5","325998","78","0","2023","4","N",1,0,0,0,0,0,0,0,"N",0.96,0,0,0,0,0,0,0,"N",0,0.0,0,0,0,0,0,0,0,0,0,0,0,0,0,0
"13151","5","326","75","0","2023","4","",9,573,578,580,11129200,647704,3507,1484,"",1.34,1.62,1.63,1.63,2.52,1.78,0.89,1.55,"",0,0.0,54,10.4,30,5.5,17,3.0,710306,6.8,-65446,-9.2,-3441,-49.5,9,0.6
"13151","5","3261","76","0","2023","4","",6,458,465,468,9226196,552622,3057,1531,"",1.05,1.59,1.61,1.61,2.56,1.75,0.89,1.60,"",0,0.0,59,14.8,46,11.0,38,8.8,784074,9.3,60005,12.2,-2401,-44.0,-30,-1.9
"13151","5","32611","77","0","2023","4","N",1,0,0,0,0,0,0,0,"N",1.25,0,0,0,0,0,0,0,"N",0,0.0,0,0,0,0,0,0,0,0,0,0,0,0,0,0
"13151","5","326113","78","0","2023","4","N",1,0,0,0,0,0,0,0,"N",3.73,0,0,0,0,0,0,0,"N",0,0.0,0,0,0,0,0,0,0,0,0,0,0,0,0,0
"13151","5","32616","77","0","2023","4","N",2,0,0,0,0,0,0,0,"N",7.38,0,0,0,0,0,0,0,"N",0,0.0,0,0,0,0,0,0,0,0,0,0,0,0,0,0
"13151","5","326160","78","0","2023","4","N",2,0,0,0,0,0,0,0,"N",7.38,0,0,0,0,0,0,0,"N",0,0.0,0,0,0,0,0,0,0,0,0,0,0,0,0,0
"13151","5","32619","77","0","2023","4","N",3,0,0,0,0,0,0,0,"N",0.94,0,0,0,0,0,0,0,"N",0,0.0,0,0,0,0,0,0,0,0,0,0,0,0,0,0
"13151","5","326199","78","0","2023","4","N",3,0,0,0,0,0,0,0,"N",0.99,0,0,0,0,0,0,0,"N",0,0.0,0,0,0,0,0,0,0,0,0,0,0,0,0,0
"13151","5","3262","76","0","2023","4","",3,115,113,112,1903004,95082,450,1292,"",2.97,1.77,1.74,1.71,2.35,1.97,0.89,1.35,"",0,0.0,-5,-4.2,-16,-12.4,-21,-15.8,-73768,-3.7,-125451,-56.9,-1040,-69.8,98,8.2
"13151","5","32621","77","0","2023","4","",3,115,113,112,1903004,95082,450,1292,"",13.03,4.07,3.97,3.91,4.91,5.33,3.10,1.23,"",0,0.0,-5,-4.2,-16,-12.4,-21,-15.8,-73768,-3.7,-125451,-56.9,-1040,-69.8,98,8.2
"13151","5","326211","78","0","2023","4","N",2,0,0,0,0,0,0,0,"N",22.81,0,0,0,0,0,0,0,"N",0,0.0,0,0,0,0,0,0,0,0,0,0,0,0,0,0
"13151","5","326212","78","0","2023","4","N",1,0,0,0,0,0,0,0,"N",7.01,0,0,0,0,0,0,0,"N",0,0.0,0,0,0,0,0,0,0,0,0,0,0,0,0,0
"13151","5","327","75","0","2023","4","",11,155,158,162,2721258,276621,3320,1322,"",1.33,0.76,0.78,0.80,1.00,1.29,1.01,1.28,"",0,0.0,-53,-25.5,-48,-23.3,-45,-21.7,-257270,-8.6,91586,49.5,1742,110.4,215,19.4
"13151","5","3273","76","0","2023","4","",8,152,155,159,2692008,269521,3090,1333,"",1.82,1.51,1.54,1.60,1.92,2.48,1.55,1.24,"N",0,0.0,0,0,0,0,0,0,0,0,0,0,0,0,0,0
"13151","5","32731","77","0","2023","4","N",1,0,0,0,0,0,0,0,"N",4.96,0,0,0,0,0,0,0,"N",0,0.0,0,0,0,0,0,0,0,0,0,0,0,0,0,0
"13151","5","327310","78","0","2023","4","N",1,0,0,0,0,0,0,0,"N",4.96,0,0,0,0,0,0,0,"N",0,0.0,0,0,0,0,0,0,0,0,0,0,0,0,0,0
"13151","5","32732","77","0","2023","4","",3,119,121,129,2055484,247569,2915,1285,"",1.11,2.27,2.32,2.51,2.76,4.29,2.24,1.16,"",0,0.0,3,2.6,9,8.0,16,14.2,415628,25.3,126495,104.5,1783,157.5,175,15.8
"13151","5","327320","78","0","2023","4","",3,119,121,129,2055484,247569,2915,1285,"",1.11,2.27,2.32,2.51,2.76,4.29,2.24,1.16,"",0,0.0,3,2.6,9,8.0,16,14.2,415628,25.3,126495,104.5,1783,157.5,175,15.8
"13151","5","32733","77","0","2023","4","N",3,0,0,0,0,0,0,0,"N",5.80,0,0,0,0,0,0,0,"N",0,0.0,0,0,0,0,0,0,0,0,0,0,0,0,0,0
"13151","5","327331","78","0","2023","4","N",2,0,0,0,0,0,0,0,"N",5.03,0,0,0,0,0,0,0,"N",0,0.0,0,0,0,0,0,0,0,0,0,0,0,0,0,0
"13151","5","327332","78","0","2023","4","N",1,0,0,0,0,0,0,0,"N",8.40,0,0,0,0,0,0,0,"N",0,0.0,0,0,0,0,0,0,0,0,0,0,0,0,0,0
"13151","5","32739","77","0","2023","4","N",1,0,0,0,0,0,0,0,"N",1.02,0,0,0,0,0,0,0,"N",0,0.0,0,0,0,0,0,0,0,0,0,0,0,0,0,0
"13151","5","327390","78","0","2023","4","N",1,0,0,0,0,0,0,0,"N",1.02,0,0,0,0,0,0,0,"N",0,0.0,0,0,0,0,0,0,0,0,0,0,0,0,0,0
"13151","5","3274","76","0","2023","4","N",1,0,0,0,0,0,0,0,"N",5.66,0,0,0,0,0,0,0,"N",0,0.0,0,0,0,0,0,0,0,0,0,0,0,0,0,0
"13151","5","32742","77","0","2023","4","N",1,0,0,0,0,0,0,0,"N",7.67,0,0,0,0,0,0,0,"N",0,0.0,0,0,0,0,0,0,0,0,0,0,0,0,0,0
"13151","5","327420","78","0","2023","4","N",1,0,0,0,0,0,0,0,"N",7.67,0,0,0,0,0,0,0,"N",0,0.0,0,0,0,0,0,0,0,0,0,0,0,0,0,0
"13151","5","3279","76","0","2023","4","N",2,0,0,0,0,0,0,0,"N",0.97,0,0,0,0,0,0,0,"N",0,0.0,0,0,0,0,0,0,0,0,0,0,0,0,0,0
"13151","5","32799","77","0","2023","4","N",2,0,0,0,0,0,0,0,"N",1.07,0,0,0,0,0,0,0,"N",0,0.0,0,0,0,0,0,0,0,0,0,0,0,0,0,0
"13151","5","327991","78","0","2023","4","N",2,0,0,0,0,0,0,0,"N",1.45,0,0,0,0,0,0,0,"N",0,0.0,0,0,0,0,0,0,0,0,0,0,0,0,0,0
"13151","5","331","75","0","2023","4","N",1,0,0,0,0,0,0,0,"N",0.36,0,0,0,0,0,0,0,"N",0,0.0,0,0,0,0,0,0,0,0,0,0,0,0,0,0
"13151","5","3311","76","0","2023","4","N",1,0,0,0,0,0,0,0,"N",2.08,0,0,0,0,0,0,0,"N",0,0.0,0,0,0,0,0,0,0,0,0,0,0,0,0,0
"13151","5","33111","77","0","2023","4","N",1,0,0,0,0,0,0,0,"N",2.08,0,0,0,0,0,0,0,"N",0,0.0,0,0,0,0,0,0,0,0,0,0,0,0,0,0
"13151","5","331110","78","0","2023","4","N",1,0,0,0,0,0,0,0,"N",2.08,0,0,0,0,0,0,0,"N",0,0.0,0,0,0,0,0,0,0,0,0,0,0,0,0,0
"13151","5","332","75","0","2023","4","",10,127,123,123,1770391,67454,392,1095,"",0.35,0.18,0.18,0.17,0.19,0.09,0.04,1.09,"",0,0.0,2,1.6,-3,-2.4,-5,-3.9,-74881,-4.1,-24660,-26.8,112,40.0,-29,-2.6
"13151","5","3322","76","0","2023","4","N",1,0,0,0,0,0,0,0,"N",1.50,0,0,0,0,0,0,0,"N",0,0.0,0,0,0,0,0,0,0,0,0,0,0,0,0,0
"13151","5","33221","77","0","2023","4","N",1,0,0,0,0,0,0,0,"N",1.50,0,0,0,0,0,0,0,"N",0,0.0,0,0,0,0,0,0,0,0,0,0,0,0,0,0
"13151","5","332216","78","0","2023","4","N",1,0,0,0,0,0,0,0,"N",2.02,0,0,0,0,0,0,0,"N",0,0.0,0,0,0,0,0,0,0,0,0,0,0,0,0,0
"13151","5","3323","76","0","2023","4","N",2,0,0,0,0,0,0,0,"N",0.26,0,0,0,0,0,0,0,"N",0,0.0,0,0,0,0,0,0,0,0,0,0,0,0,0,0
"13151","5","33231","77","0","2023","4","N",1,0,0,0,0,0,0,0,"N",0.29,0,0,0,0,0,0,0,"N",0,0.0,0,0,0,0,0,0,0,0,0,0,0,0,0,0
"13151","5","332312","78","0","2023","4","N",1,0,0,0,0,0,0,0,"N",0.55,0,0,0,0,0,0,0,"N",0,0.0,0,0,0,0,0,0,0,0,0,0,0,0,0,0
"13151","5","33232","77","0","2023","4","N",1,0,0,0,0,0,0,0,"N",0.23,0,0,0,0,0,0,0,"N",0,0.0,0,0,0,0,0,0,0,0,0,0,0,0,0,0
"13151","5","332322","78","0","2023","4","N",1,0,0,0,0,0,0,0,"N",0.47,0,0,0,0,0,0,0,"N",0,0.0,0,0,0,0,0,0,0,0,0,0,0,0,0,0
"13151","5","3327","76","0","2023","4","N",4,0,0,0,0,0,0,0,"N",0.40,0,0,0,0,0,0,0,"N",0,0.0,0,0,0,0,0,0,0,0,0,0,0,0,0,0
"13151","5","33271","77","0","2023","4","N",4,0,0,0,0,0,0,0,"N",0.45,0,0,0,0,0,0,0,"N",0,0.0,0,0,0,0,0,0,0,0,0,0,0,0,0,0
"13151","5","332710","78","0","2023","4","N",4,0,0,0,0,0,0,0,"N",0.45,0,0,0,0,0,0,0,"N",0,0.0,0,0,0,0,0,0,0,0,0,0,0,0,0,0
"13151","5","3329","76","0","2023","4","N",3,0,0,0,0,0,0,0,"N",0.72,0,0,0,0,0,0,0,"N",0,0.0,0,0,0,0,0,0,0,0,0,0,0,0,0,0
"13151","5","33291","77","0","2023","4","N",1,0,0,0,0,0,0,0,"N",1.11,0,0,0,0,0,0,0,"N",0,0.0,0,0,0,0,0,0,0,0,0,0,0,0,0,0
"13151","5","332919","78","0","2023","4","N",1,0,0,0,0,0,0,0,"N",6.31,0,0,0,0,0,0,0,"N",0,0.0,0,0,0,0,0,0,0,0,0,0,0,0,0,0
"13151","5","33299","77","0","2023","4","N",2,0,0,0,0,0,0,0,"N",0.61,0,0,0,0,0,0,0,"N",0,0.0,0,0,0,0,0,0,0,0,0,0,0,0,0,0
"13151","5","332994","78","0","2023","4","N",1,0,0,0,0,0,0,0,"N",2.57,0,0,0,0,0,0,0,"N",0,0.0,0,0,0,0,0,0,0,0,0,0,0,0,0,0
"13151","5","332999","78","0","2023","4","N",1,0,0,0,0,0,0,0,"N",0.46,0,0,0,0,0,0,0,"N",0,0.0,0,0,0,0,0,0,0,0,0,0,0,0,0,0
"13151","5","333","75","0","2023","4","",9,63,63,60,1341286,73204,1098,1664,"",0.56,0.12,0.12,0.11,0.16,0.15,0.19,1.40,"",3,50.0,22,53.7,24,61.5,22,57.9,700268,109.2,36862,101.4,351,47.0,410,32.7
"13151","5","3332","76","0","2023","4","N",2,0,0,0,0,0,0,0,"N",0.79,0,0,0,0,0,0,0,"N",1,100.0,0,0,0,0,0,0,0,0,0,0,0,0,0,0
"13151","5","33324","77","0","2023","4","N",2,0,0,0,0,0,0,0,"N",0.79,0,0,0,0,0,0,0,"N",1,100.0,0,0,0,0,0,0,0,0,0,0,0,0,0,0
"13151","5","333248","78","0","2023","4","N",2,0,0,0,0,0,0,0,"N",1.21,0,0,0,0,0,0,0,"N",1,100.0,0,0,0,0,0,0,0,0,0,0,0,0,0,0
"13151","5","3334","76","0","2023","4","N",2,0,0,0,0,0,0,0,"N",1.48,0,0,0,0,0,0,0,"N",1,100.0,0,0,0,0,0,0,0,0,0,0,0,0,0,0
"13151","5","33341","77","0","2023","4","N",2,0,0,0,0,0,0,0,"N",1.48,0,0,0,0,0,0,0,"N",1,100.0,0,0,0,0,0,0,0,0,0,0,0,0,0,0
"13151","5","333415","78","0","2023","4","N",2,0,0,0,0,0,0,0,"N",2.87,0,0,0,0,0,0,0,"N",1,100.0,0,0,0,0,0,0,0,0,0,0,0,0,0,0
"13151","5","3336","76","0","2023","4","N",2,0,0,0,0,0,0,0,"N",2.91,0,0,0,0,0,0,0,"N",1,100.0,0,0,0,0,0,0,0,0,0,0,0,0,0,0
"13151","5","33361","77","0","2023","4","N",2,0,0,0,0,0,0,0,"N",2.91,0,0,0,0,0,0,0,"N",1,100.0,0,0,0,0,0,0,0,0,0,0,0,0,0,0
"13151","5","333611","78","0","2023","4","N",1,0,0,0,0,0,0,0,"N",4.86,0,0,0,0,0,0,0,"N",1,100.0,0,0,0,0,0,0,0,0,0,0,0,0,0,0
"13151","5","333618","78","0","2023","4","N",1,0,0,0,0,0,0,0,"N",5.36,0,0,0,0,0,0,0,"N",0,0.0,0,0,0,0,0,0,0,0,0,0,0,0,0,0
"13151","5","3339","76","0","2023","4","N",3,0,0,0,0,0,0,0,"N",0.73,0,0,0,0,0,0,0,"N",0,0.0,0,0,0,0,0,0,0,0,0,0,0,0,0,0
"13151","5","33391","77","0","2023","4","N",1,0,0,0,0,0,0,0,"N",1.58,0,0,0,0,0,0,0,"N",0,0.0,0,0,0,0,0,0,0,0,0,0,0,0,0,0
"13151","5","333914","78","0","2023","4","N",1,0,0,0,0,0,0,0,"N",2.39,0,0,0,0,0,0,0,"N",0,0.0,0,0,0,0,0,0,0,0,0,0,0,0,0,0
"13151","5","33399","77","0","2023","4","N",2,0,0,0,0,0,0,0,"N",0.84,0,0,0,0,0,0,0,"N",0,0.0,0,0,0,0,0,0,0,0,0,0,0,0,0,0
"13151","5","333992","78","0","2023","4","N",1,0,0,0,0,0,0,0,"N",2.67,0,0,0,0,0,0,0,"N",0,0.0,0,0,0,0,0,0,0,0,0,0,0,0,0,0
"13151","5","333993","78","0","2023","4","N",1,0,0,0,0,0,0,0,"N",2.29,0,0,0,0,0,0,0,"N",0,0.0,0,0,0,0,0,0,0,0,0,0,0,0,0,0
"13151","5","334","75","0","2023","4","N",2,0,0,0,0,0,0,0,"N",0.17,0,0,0,0,0,0,0,"N",-1,-33.3,0,0,0,0,0,0,0,0,0,0,0,0,0,0
"13151","5","3345","76","0","2023","4","N",1,0,0,0,0,0,0,0,"N",0.20,0,0,0,0,0,0,0,"N",-1,-50.0,0,0,0,0,0,0,0,0,0,0,0,0,0,0
"13151","5","33451","77","0","2023","4","N",1,0,0,0,0,0,0,0,"N",0.20,0,0,0,0,0,0,0,"N",-1,-50.0,0,0,0,0,0,0,0,0,0,0,0,0,0,0
"13151","5","334511","78","0","2023","4","N",1,0,0,0,0,0,0,0,"N",1.64,0,0,0,0,0,0,0,"N",0,0.0,0,0,0,0,0,0,0,0,0,0,0,0,0,0
"13151","5","3346","76","0","2023","4","N",1,0,0,0,0,0,0,0,"N",1.35,0,0,0,0,0,0,0,"N",1,100.0,0,0,0,0,0,0,0,0,0,0,0,0,0,0
"13151","5","33461","77","0","2023","4","N",1,0,0,0,0,0,0,0,"N",1.35,0,0,0,0,0,0,0,"N",1,100.0,0,0,0,0,0,0,0,0,0,0,0,0,0,0
"13151","5","334610","78","0","2023","4","N",1,0,0,0,0,0,0,0,"N",1.35,0,0,0,0,0,0,0,"N",1,100.0,0,0,0,0,0,0,0,0,0,0,0,0,0,0
"13151","5","335","75","0","2023","4","N",4,0,0,0,0,0,0,0,"N",0.83,0,0,0,0,0,0,0,"N",2,100.0,0,0,0,0,0,0,0,0,0,0,0,0,0,0
"13151","5","3353","76","0","2023","4","N",3,0,0,0,0,0,0,0,"N",2.04,0,0,0,0,0,0,0,"N",1,50.0,0,0,0,0,0,0,0,0,0,0,0,0,0,0
"13151","5","33531","77","0","2023","4","N",3,0,0,0,0,0,0,0,"N",2.04,0,0,0,0,0,0,0,"N",1,50.0,0,0,0,0,0,0,0,0,0,0,0,0,0,0
"13151","5","335313","78","0","2023","4","N",1,0,0,0,0,0,0,0,"N",2.65,0,0,0,0,0,0,0,"N",0,0.0,0,0,0,0,0,0,0,0,0,0,0,0,0,0
"13151","5","335314","78","0","2023","4","N",2,0,0,0,0,0,0,0,"N",4.54,0,0,0,0,0,0,0,"N",1,100.0,0,0,0,0,0,0,0,0,0,0,0,0,0,0
"13151","5","3359","76","0","2023","4","N",1,0,0,0,0,0,0,0,"N",0.48,0,0,0,0,0,0,0,"N",1,100.0,0,0,0,0,0,0,0,0,0,0,0,0,0,0
"13151","5","33591","77","0","2023","4","N",1,0,0,0,0,0,0,0,"N",2.75,0,0,0,0,0,0,0,"N",1,100.0,0,0,0,0,0,0,0,0,0,0,0,0,0,0
"13151","5","335910","78","0","2023","4","N",1,0,0,0,0,0,0,0,"N",2.75,0,0,0,0,0,0,0,"N",1,100.0,0,0,0,0,0,0,0,0,0,0,0,0,0,0
"13151","5","336","75","0","2023","4","N",1,0,0,0,0,0,0,0,"N",0.12,0,0,0,0,0,0,0,"N",0,0.0,0,0,0,0,0,0,0,0,0,0,0,0,0,0
"13151","5","3361","76","0","2023","4","N",1,0,0,0,0,0,0,0,"N",2.46,0,0,0,0,0,0,0,"N",0,0.0,0,0,0,0,0,0,0,0,0,0,0,0,0,0
"13151","5","33611","77","0","2023","4","N",1,0,0,0,0,0,0,0,"N",3.61,0,0,0,0,0,0,0,"N",0,0.0,0,0,0,0,0,0,0,0,0,0,0,0,0,0
"13151","5","336110","78","0","2023","4","N",1,0,0,0,0,0,0,0,"N",3.61,0,0,0,0,0,0,0,"N",0,0.0,0,0,0,0,0,0,0,0,0,0,0,0,0,0
"13151","5","337","75","0","2023","4","",9,536,585,601,8672869,970285,24538,1162,"",1.05,3.15,3.43,3.52,4.86,4.34,10.74,1.44,"",-1,-10.0,-29,-5.1,32,5.8,45,8.1,-345027,-3.8,465727,92.3,13685,126.1,-81,-6.5
"13151","5","3371","76","0","2023","4","",5,101,105,109,1710516,89428,791,1253,"",0.84,0.93,0.97,1.00,1.63,0.58,0.55,1.68,"",-1,-16.7,-57,-36.1,-52,-33.1,-50,-31.4,-1065355,-38.4,-82399,-48.0,-1107,-58.3,-98,-7.3
"13151","5","33711","77","0","2023","4","N",3,0,0,0,0,0,0,0,"N",0.80,0,0,0,0,0,0,0,"N",-1,-25.0,0,0,0,0,0,0,0,0,0,0,0,0,0,0
"13151","5","337110","78","0","2023","4","N",3,0,0,0,0,0,0,0,"N",0.80,0,0,0,0,0,0,0,"N",-1,-25.0,0,0,0,0,0,0,0,0,0,0,0,0,0,0
"13151","5","33712","77","0","2023","4","N",2,0,0,0,0,0,0,0,"N",0.90,0,0,0,0,0,0,0,"N",0,0.0,0,0,0,0,0,0,0,0,0,0,0,0,0,0
"13151","5","337121","78","0","2023","4","-",0,0,0,0,0,0,0,0,"N",0.00,0,0,0,0,0,0,0,"N",0,0,0,0,0,0,0,0,0,0,0,0,0,0,0,0
"13151","5","337122","78","0","2023","4","N",1,0,0,0,0,0,0,0,"N",0.84,0,0,0,0,0,0,0,"N",0,0.0,0,0,0,0,0,0,0,0,0,0,0,0,0,0
"13151","5","337127","78","0","2023","4","N",1,0,0,0,0,0,0,0,"N",2.91,0,0,0,0,0,0,0,"N",0,0.0,0,0,0,0,0,0,0,0,0,0,0,0,0,0
"13151","5","3372","76","0","2023","4","N",2,0,0,0,0,0,0,0,"N",0.96,0,0,0,0,0,0,0,"N",0,0.0,0,0,0,0,0,0,0,0,0,0,0,0,0,0
"13151","5","33721","77","0","2023","4","N",2,0,0,0,0,0,0,0,"N",0.96,0,0,0,0,0,0,0,"N",0,0.0,0,0,0,0,0,0,0,0,0,0,0,0,0,0
"13151","5","337211","78","0","2023","4","N",1,0,0,0,0,0,0,0,"N",3.84,0,0,0,0,0,0,0,"N",0,0.0,0,0,0,0,0,0,0,0,0,0,0,0,0,0
"13151","5","337212","78","0","2023","4","N",1,0,0,0,0,0,0,0,"N",1.04,0,0,0,0,0,0,0,"N",0,0.0,0,0,0,0,0,0,0,0,0,0,0,0,0,0
"13151","5","3379","76","0","2023","4","N",2,0,0,0,0,0,0,0,"N",3.90,0,0,0,0,0,0,0,"N",0,0.0,0,0,0,0,0,0,0,0,0,0,0,0,0,0
"13151","5","33791","77","0","2023","4","N",2,0,0,0,0,0,0,0,"N",7.05,0,0,0,0,0,0,0,"N",0,0.0,0,0,0,0,0,0,0,0,0,0,0,0,0,0
"13151","5","337910","78","0","2023","4","N",2,0,0,0,0,0,0,0,"N",7.05,0,0,0,0,0,0,0,"N",0,0.0,0,0,0,0,0,0,0,0,0,0,0,0,0,0
"13151","5","339","75","0","2023","4","",12,29,26,30,452812,31814,601,1229,"",0.68,0.10,0.09,0.10,0.11,0.09,0.16,1.16,"",-1,-7.7,0,0.0,-4,-13.3,-4,-11.8,-51580,-10.2,-20960,-39.7,-166,-21.6,-23,-1.8
"13151","5","3391","76","0","2023","4","N",2,0,0,0,0,0,0,0,"N",0.30,0,0,0,0,0,0,0,"N",-2,-50.0,0,0,0,0,0,0,0,0,0,0,0,0,0,0
"13151","5","33911","77","0","2023","4","N",2,0,0,0,0,0,0,0,"N",0.30,0,0,0,0,0,0,0,"N",-2,-50.0,0,0,0,0,0,0,0,0,0,0,0,0,0,0
"13151","5","339116","78","0","2023","4","N",2,0,0,0,0,0,0,0,"N",0.84,0,0,0,0,0,0,0,"N",-2,-50.0,0,0,0,0,0,0,0,0,0,0,0,0,0,0
"13151","5","3399","76","0","2023","4","N",10,0,0,0,0,0,0,0,"N",0.91,0,0,0,0,0,0,0,"N",1,11.1,0,0,0,0,0,0,0,0,0,0,0,0,0,0
"13151","5","33992","77","0","2023","4","N",1,0,0,0,0,0,0,0,"N",0.91,0,0,0,0,0,0,0,"N",0,0.0,0,0,0,0,0,0,0,0,0,0,0,0,0,0
"13151","5","339920","78","0","2023","4","N",1,0,0,0,0,0,0,0,"N",0.91,0,0,0,0,0,0,0,"N",0,0.0,0,0,0,0,0,0,0,0,0,0,0,0,0,0
"13151","5","33995","77","0","2023","4","",4,9,9,14,88888,6000,154,641,"",1.13,0.24,0.24,0.37,0.20,0.13,0.29,0.72,"",1,33.3,1,12.5,0,0.0,6,75.0,7672,9.4,-7560,-55.8,140,1000.0,-109,-14.5
"13151","5","339950","78","0","2023","4","",4,9,9,14,88888,6000,154,641,"",1.13,0.24,0.24,0.37,0.20,0.13,0.29,0.72,"",1,33.3,1,12.5,0,0.0,6,75.0,7672,9.4,-7560,-55.8,140,1000.0,-109,-14.5
"13151","5","33999","77","0","2023","4","N",5,0,0,0,0,0,0,0,"N",1.09,0,0,0,0,0,0,0,"N",0,0.0,0,0,0,0,0,0,0,0,0,0,0,0,0,0
"13151","5","339991","78","0","2023","4","N",1,0,0,0,0,0,0,0,"N",2.71,0,0,0,0,0,0,0,"N",0,0.0,0,0,0,0,0,0,0,0,0,0,0,0,0,0
"13151","5","339999","78","0","2023","4","N",4,0,0,0,0,0,0,0,"N",1.10,0,0,0,0,0,0,0,"N",0,0.0,0,0,0,0,0,0,0,0,0,0,0,0,0,0
"13151","5","42","74","0","2023","4","N",165,0,0,0,0,0,0,0,"N",0.55,0,0,0,0,0,0,0,"N",-19,-10.3,0,0,0,0,0,0,0,0,0,0,0,0,0,0
"13151","5","423","75","0","2023","4","",84,811,807,811,15170529,514810,6459,1441,"",0.53,0.49,0.49,0.48,0.51,0.30,0.33,1.04,"",-4,-4.5,34,4.4,21,2.7,36,4.6,72336,0.5,-77909,-13.1,1728,36.5,-49,-3.3
"13151","5","4231","76","0","2023","4","",14,271,266,276,4972872,126221,940,1412,"",1.10,1.49,1.44,1.49,1.96,0.61,0.41,1.33,"",0,0.0,13,5.0,1,0.4,13,4.9,255063,5.4,-39452,-23.8,149,18.8,27,1.9
"13151","5","42311","77","0","2023","4","",6,241,243,247,4471271,119539,914,1412,"",1.67,3.58,3.58,3.60,4.28,1.61,1.16,1.19,"",-1,-14.3,17,7.6,17,7.5,17,7.4,215479,5.1,-30694,-20.4,172,23.2,-32,-2.2
"13151","5","423110","78","0","2023","4","",6,241,243,247,4471271,119539,914,1412,"",1.67,3.58,3.58,3.60,4.28,1.61,1.16,1.19,"",-1,-14.3,17,7.6,17,7.5,17,7.4,215479,5.1,-30694,-20.4,172,23.2,-32,-2.2
"13151","5","42312","77","0","2023","4","",5,17,10,17,363065,1322,23,1904,"",0.71,0.20,0.11,0.19,0.32,0.01,0.02,1.90,"N",1,25.0,0,0,0,0,0,0,0,0,0,0,0,0,0,0
"13151","5","423120","78","0","2023","4","",5,17,10,17,363065,1322,23,1904,"",0.71,0.20,0.11,0.19,0.32,0.01,0.02,1.90,"N",1,25.0,0,0,0,0,0,0,0,0,0,0,0,0,0,0
"13151","5","42313","77","0","2023","4","N",1,0,0,0,0,0,0,0,"N",0.88,0,0,0,0,0,0,0,"N",0,0.0,0,0,0,0,0,0,0,0,0,0,0,0,0,0
"13151","5","423130","78","0","2023","4","N",1,0,0,0,0,0,0,0,"N",0.88,0,0,0,0,0,0,0,"N",0,0.0,0,0,0,0,0,0,0,0,0,0,0,0,0,0
"13151","5","42314","77","0","2023","4","N",2,0,0,0,0,0,0,0,"N",2.01,0,0,0,0,0,0,0,"N",0,0.0,0,0,0,0,0,0,0,0,0,0,0,0,0,0
"13151","5","423140","78","0","2023","4","N",2,0,0,0,0,0,0,0,"N",2.01,0,0,0,0,0,0,0,"N",0,0.0,0,0,0,0,0,0,0,0,0,0,0,0,0,0
"13151","5","4232","76","0","2023","4","N",1,0,0,0,0,0,0,0,"N",0.16,0,0,0,0,0,0,0,"N",-1,-50.0,0,0,0,0,0,0,0,0,0,0,0,0,0,0
"13151","5","42322","77","0","2023","4","N",1,0,0,0,0,0,0,0,"N",0.29,0,0,0,0,0,0,0,"N",0,0.0,0,0,0,0,0,0,0,0,0,0,0,0,0,0
"13151","5","423220","78","0","2023","4","N",1,0,0,0,0,0,0,0,"N",0.29,0,0,0,0,0,0,0,"N",0,0.0,0,0,0,0,0,0,0,0,0,0,0,0,0,0
"13151","5","4233","76","0","2023","4","",9,49,54,52,1109649,49943,428,1652,"",0.76,0.38,0.42,0.40,0.56,0.30,0.22,1.41,"",2,28.6,0,0.0,6,12.5,4,8.3,-207562,-15.8,10457,26.5,234,120.6,-444,-21.2
"13151","5","42331","77","0","2023","4","",6,27,30,30,669205,20139,370,1775,"",1.33,0.49,0.54,0.53,0.78,0.26,0.49,1.50,"",2,50.0,1,3.8,4,15.4,4,15.4,-239631,-26.4,-1450,-6.7,183,97.9,-914,-34.0
"13151","5","423310","78","0","2023","4","",6,27,30,30,669205,20139,370,1775,"",1.33,0.49,0.54,0.53,0.78,0.26,0.49,1.50,"",2,50.0,1,3.8,4,15.4,4,15.4,-239631,-26.4,-1450,-6.7,183,97.9,-914,-34.0
"13151","5","42333","77","0","2023","4","N",2,0,0,0,0,0,0,0,"N",1.04,0,0,0,0,0,0,0,"N",0,0.0,0,0,0,0,0,0,0,0,0,0,0,0,0,0
"13151","5","423330","78","0","2023","4","N",2,0,0,0,0,0,0,0,"N",1.04,0,0,0,0,0,0,0,"N",0,0.0,0,0,0,0,0,0,0,0,0,0,0,0,0,0
"13151","5","42339","77","0","2023","4","N",1,0,0,0,0,0,0,0,"N",0.42,0,0,0,0,0,0,0,"N",0,0.0,0,0,0,0,0,0,0,0,0,0,0,0,0,0
"13151","5","423390","78","0","2023","4","N",1,0,0,0,0,0,0,0,"N",0.42,0,0,0,0,0,0,0,"N",0,0.0,0,0,0,0,0,0,0,0,0,0,0,0,0,0
"13151","5","4234","76","0","2023","4","",9,25,25,25,811632,8998,22,2497,"",0.26,0.07,0.07,0.07,0.10,0.03,0.01,1.40,"",-2,-18.2,0,0.0,-2,-7.4,1,4.2,162259,25.0,6206,222.3,-29,-56.9,525,26.6
"13151","5","42343","77","0","2023","4","N",1,0,0,0,0,0,0,0,"N",0.12,0,0,0,0,0,0,0,"N",-1,-50.0,0,0,0,0,0,0,0,0,0,0,0,0,0,0
"13151","5","423430","78","0","2023","4","N",1,0,0,0,0,0,0,0,"N",0.12,0,0,0,0,0,0,0,"N",-1,-50.0,0,0,0,0,0,0,0,0,0,0,0,0,0,0
"13151","5","42344","77","0","2023","4","N",1,0,0,0,0,0,0,0,"N",0.32,0,0,0,0,0,0,0,"N",0,0.0,0,0,0,0,0,0,0,0,0,0,0,0,0,0
"13151","5","423440","78","0","2023","4","N",1,0,0,0,0,0,0,0,"N",0.32,0,0,0,0,0,0,0,"N",0,0.0,0,0,0,0,0,0,0,0,0,0,0,0,0,0
"13151","5","42345","77","0","2023","4","",7,23,23,23,784882,8998,22,2625,"",0.43,0.15,0.15,0.15,0.24,0.06,0.01,1.55,"",-1,-12.5,0,0.0,-2,-8.0,1,4.5,145809,22.8,6206,222.3,-29,-56.9,518,24.6
"13151","5","423450","78","0","2023","4","",7,23,23,23,784882,8998,22,2625,"",0.43,0.15,0.15,0.15,0.24,0.06,0.01,1.55,"",-1,-12.5,0,0.0,-2,-8.0,1,4.5,145809,22.8,6206,222.3,-29,-56.9,518,24.6
"13151","5","4235","76","0","2023","4","N",1,0,0,0,0,0,0,0,"N",0.19,0,0,0,0,0,0,0,"N",0,0.0,0,0,0,0,0,0,0,0,0,0,0,0,0,0
"13151","5","42351","77","0","2023","4","N",1,0,0,0,0,0,0,0,"N",0.19,0,0,0,0,0,0,0,"N",0,0.0,0,0,0,0,0,0,0,0,0,0,0,0,0,0
"13151","5","423510","78","0","2023","4","N",1,0,0,0,0,0,0,0,"N",0.19,0,0,0,0,0,0,0,"N",0,0.0,0,0,0,0,0,0,0,0,0,0,0,0,0,0
"13151","5","4236","76","0","2023","4","",7,61,60,62,1248496,54680,863,1574,"",0.38,0.33,0.33,0.34,0.34,0.33,0.43,1.04,"",-4,-36.4,-9,-12.9,-6,-9.1,-4,-6.1,-110949,-8.2,15482,39.5,529,158.4,21,1.4
"13151","5","42361","77","0","2023","4","",7,61,60,62,1248496,54680,863,1574,"",0.79,0.64,0.63,0.64,0.72,0.62,0.93,1.14,"N",-3,-30.0,0,0,0,0,0,0,0,0,0,0,0,0,0,0
"13151","5","423610","78","0","2023","4","",7,61,60,62,1248496,54680,863,1574,"",0.79,0.64,0.63,0.64,0.72,0.62,0.93,1.14,"N",-3,-30.0,0,0,0,0,0,0,0,0,0,0,0,0,0,0
"13151","5","4237","76","0","2023","4","",10,87,89,87,1600449,52680,165,1404,"",0.77,0.57,0.59,0.57,0.63,0.33,0.10,1.09,"",1,11.1,34,64.2,35,64.8,32,58.2,700690,77.9,1640,3.2,-416,-71.6,122,9.5
"13151","5","42371","77","0","2023","4","N",4,0,0,0,0,0,0,0,"N",1.04,0,0,0,0,0,0,0,"N",0,0.0,0,0,0,0,0,0,0,0,0,0,0,0,0,0
"13151","5","423710","78","0","2023","4","N",4,0,0,0,0,0,0,0,"N",1.04,0,0,0,0,0,0,0,"N",0,0.0,0,0,0,0,0,0,0,0,0,0,0,0,0,0
"13151","5","42372","77","0","2023","4","N",2,0,0,0,0,0,0,0,"N",0.40,0,0,0,0,0,0,0,"N",0,0.0,0,0,0,0,0,0,0,0,0,0,0,0,0,0
"13151","5","423720","78","0","2023","4","N",2,0,0,0,0,0,0,0,"N",0.40,0,0,0,0,0,0,0,"N",0,0.0,0,0,0,0,0,0,0,0,0,0,0,0,0,0
"13151","5","42373","77","0","2023","4","",4,42,42,40,578467,10412,44,1077,"",1.19,1.03,1.02,0.96,0.75,0.26,0.10,0.74,"",1,33.3,29,223.1,29,223.1,27,207.7,413424,250.5,4563,78.0,24,120.0,100,10.2
"13151","5","423730","78","0","2023","4","",4,42,42,40,578467,10412,44,1077,"",1.19,1.03,1.02,0.96,0.75,0.26,0.10,0.74,"",1,33.3,29,223.1,29,223.1,27,207.7,413424,250.5,4563,78.0,24,120.0,100,10.2
"13151","5","4238","76","0","2023","4","",22,247,242,242,4011668,154521,2913,1266,"",0.61,0.66,0.65,0.64,0.60,0.39,0.70,0.93,"",-1,-4.3,46,22.9,38,18.6,40,19.8,9541,0.2,24296,18.7,2395,462.4,-256,-16.8
"13151","5","42381","77","0","2023","4","N",1,0,0,0,0,0,0,0,"N",0.36,0,0,0,0,0,0,0,"N",0,0.0,0,0,0,0,0,0,0,0,0,0,0,0,0,0
"13151","5","423810","78","0","2023","4","N",1,0,0,0,0,0,0,0,"N",0.36,0,0,0,0,0,0,0,"N",0,0.0,0,0,0,0,0,0,0,0,0,0,0,0,0,0
"13151","5","42382","77","0","2023","4","",3,31,30,29,428509,14185,85,1099,"",0.68,0.54,0.53,0.50,0.43,0.21,0.17,0.81,"N",1,50.0,0,0,0,0,0,0,0,0,0,0,0,0,0,0
"13151","5","423820","78","0","2023","4","",3,31,30,29,428509,14185,85,1099,"",0.68,0.54,0.53,0.50,0.43,0.21,0.17,0.81,"N",1,50.0,0,0,0,0,0,0,0,0,0,0,0,0,0,0
"13151","5","42383","77","0","2023","4","",11,162,160,162,2341486,117441,2608,1116,"",0.64,0.97,0.95,0.96,0.77,0.74,1.49,0.80,"",-2,-15.4,28,20.9,24,17.6,26,19.1,-250837,-9.7,51186,77.3,2421,1294.7,-357,-24.2
"13151","5","423830","78","0","2023","4","",11,162,160,162,2341486,117441,2608,1116,"",0.64,0.97,0.95,0.96,0.77,0.74,1.49,0.80,"",-2,-15.4,28,20.9,24,17.6,26,19.1,-250837,-9.7,51186,77.3,2421,1294.7,-357,-24.2
"13151","5","42384","77","0","2023","4","",3,19,18,17,595773,21797,131,2546,"",0.48,0.37,0.34,0.32,0.64,0.38,0.21,1.85,"N",0,0.0,0,0,0,0,0,0,0,0,0,0,0,0,0,0
"13151","5","423840","78","0","2023","4","",3,19,18,17,595773,21797,131,2546,"",0.48,0.37,0.34,0.32,0.64,0.38,0.21,1.85,"N",0,0.0,0,0,0,0,0,0,0,0,0,0,0,0,0,0
"13151","5","42385","77","0","2023","4","",3,17,17,18,380091,1098,89,1687,"",0.95,0.62,0.61,0.64,0.99,0.03,0.25,1.59,"",0,0.0,0,0.0,0,0.0,1,5.9,22096,6.2,-8402,-88.4,-23,-20.5,67,4.1
"13151","5","423850","78","0","2023","4","",3,17,17,18,380091,1098,89,1687,"",0.95,0.62,0.61,0.64,0.99,0.03,0.25,1.59,"",0,0.0,0,0.0,0,0.0,1,5.9,22096,6.2,-8402,-88.4,-23,-20.5,67,4.1
"13151","5","42386","77","0","2023","4","N",1,0,0,0,0,0,0,0,"N",0.45,0,0,0,0,0,0,0,"N",0,0.0,0,0,0,0,0,0,0,0,0,0,0,0,0,0
"13151","5","423860","78","0","2023","4","N",1,0,0,0,0,0,0,0,"N",0.45,0,0,0,0,0,0,0,"N",0,0.0,0,0,0,0,0,0,0,0,0,0,0,0,0,0
"13151","5","4239","76","0","2023","4","",11,46,46,44,791730,28028,55,1343,"",0.54,0.30,0.30,0.28,0.35,0.15,0.02,1.20,"",1,10.0,-34,-42.5,-35,-43.2,-37,-45.7,-609332,-43.5,-103990,-78.8,-1335,-96.0,7,0.5
"13151","5","42391","77","0","2023","4","N",3,0,0,0,0,0,0,0,"N",0.72,0,0,0,0,0,0,0,"N",2,200.0,0,0,0,0,0,0,0,0,0,0,0,0,0,0
"13151","5","423910","78","0","2023","4","N",3,0,0,0,0,0,0,0,"N",0.72,0,0,0,0,0,0,0,"N",2,200.0,0,0,0,0,0,0,0,0,0,0,0,0,0,0
"13151","5","42392","77","0","2023","4","N",1,0,0,0,0,0,0,0,"N",0.68,0,0,0,0,0,0,0,"N",0,0.0,0,0,0,0,0,0,0,0,0,0,0,0,0,0
"13151","5","423920","78","0","2023","4","N",1,0,0,0,0,0,0,0,"N",0.68,0,0,0,0,0,0,0,"N",0,0.0,0,0,0,0,0,0,0,0,0,0,0,0,0,0
"13151","5","42393","77","0","2023","4","N",5,0,0,0,0,0,0,0,"N",1.32,0,0,0,0,0,0,0,"N",0,0.0,0,0,0,0,0,0,0,0,0,0,0,0,0,0
"13151","5","423930","78","0","2023","4","N",5,0,0,0,0,0,0,0,"N",1.32,0,0,0,0,0,0,0,"N",0,0.0,0,0,0,0,0,0,0,0,0,0,0,0,0,0
"13151","5","42394","77","0","2023","4","N",1,0,0,0,0,0,0,0,"N",0.28,0,0,0,0,0,0,0,"N",0,0.0,0,0,0,0,0,0,0,0,0,0,0,0,0,0
"13151","5","423940","78","0","2023","4","N",1,0,0,0,0,0,0,0,"N",0.28,0,0,0,0,0,0,0,"N",0,0.0,0,0,0,0,0,0,0,0,0,0,0,0,0,0
"13151","5","42399","77","0","2023","4","N",1,0,0,0,0,0,0,0,"N",0.14,0,0,0,0,0,0,0,"N",-1,-50.0,0,0,0,0,0,0,0,0,0,0,0,0,0,0
"13151","5","423990","78","0","2023","4","N",1,0,0,0,0,0,0,0,"N",0.14,0,0,0,0,0,0,0,"N",-1,-50.0,0,0,0,0,0,0,0,0,0,0,0,0,0,0
"13151","5","424","75","0","2023","4","",37,1729,1691,1668,22022620,1930316,22597,999,"",0.43,1.61,1.57,1.54,1.26,1.47,1.52,0.80,"",-2,-5.1,-21,-1.2,-34,-2.0,-87,-5.0,-3069525,-12.2,-584446,-23.2,-6535,-22.4,-108,-9.8
"13151","5","4241","76","0","2023","4","",5,16,18,15,388652,868,23,1830,"",1.09,0.28,0.32,0.26,0.44,0.01,0.03,1.53,"",-1,-16.7,10,166.7,12,200.0,9,150.0,180547,86.8,-69,-7.4,22,2200.0,-838,-31.4
"13151","5","42411","77","0","2023","4","N",1,0,0,0,0,0,0,0,"N",1.60,0,0,0,0,0,0,0,"N",-1,-50.0,0,0,0,0,0,0,0,0,0,0,0,0,0,0
"13151","5","424110","78","0","2023","4","N",1,0,0,0,0,0,0,0,"N",1.60,0,0,0,0,0,0,0,"N",-1,-50.0,0,0,0,0,0,0,0,0,0,0,0,0,0,0
"13151","5","42412","77","0","2023","4","",3,13,13,12,348095,0,0,2114,"",1.88,0.67,0.67,0.61,1.62,0.00,0.00,2.50,"N",1,50.0,0,0,0,0,0,0,0,0,0,0,0,0,0,0
"13151","5","424120","78","0","2023","4","",3,13,13,12,348095,0,0,2114,"",1.88,0.67,0.67,0.61,1.62,0.00,0.00,2.50,"N",1,50.0,0,0,0,0,0,0,0,0,0,0,0,0,0,0
"13151","5","42413","77","0","2023","4","N",1,0,0,0,0,0,0,0,"N",0.42,0,0,0,0,0,0,0,"N",-1,-50.0,0,0,0,0,0,0,0,0,0,0,0,0,0,0
"13151","5","424130","78","0","2023","4","N",1,0,0,0,0,0,0,0,"N",0.42,0,0,0,0,0,0,0,"N",-1,-50.0,0,0,0,0,0,0,0,0,0,0,0,0,0,0
"13151","5","4242","76","0","2023","4","N",3,0,0,0,0,0,0,0,"N",0.27,0,0,0,0,0,0,0,"N",0,0.0,0,0,0,0,0,0,0,0,0,0,0,0,0,0
"13151","5","42421","77","0","2023","4","N",3,0,0,0,0,0,0,0,"N",0.27,0,0,0,0,0,0,0,"N",0,0.0,0,0,0,0,0,0,0,0,0,0,0,0,0,0
"13151","5","424210","78","0","2023","4","N",3,0,0,0,0,0,0,0,"N",0.27,0,0,0,0,0,0,0,"N",0,0.0,0,0,0,0,0,0,0,0,0,0,0,0,0,0
"13151","5","4243","76","0","2023","4","N",5,0,0,0,0,0,0,0,"N",0.63,0,0,0,0,0,0,0,"N",0,0.0,0,0,0,0,0,0,0,0,0,0,0,0,0,0
"13151","5","42435","77","0","2023","4","N",5,0,0,0,0,0,0,0,"N",0.97,0,0,0,0,0,0,0,"N",0,0.0,0,0,0,0,0,0,0,0,0,0,0,0,0,0
"13151","5","424350","78","0","2023","4","N",5,0,0,0,0,0,0,0,"N",0.97,0,0,0,0,0,0,0,"N",0,0.0,0,0,0,0,0,0,0,0,0,0,0,0,0,0
"13151","5","4244","76","0","2023","4","",8,65,69,67,1057936,52743,437,1215,"",0.34,0.16,0.17,0.17,0.19,0.10,0.07,1.16,"",0,0.0,13,25.0,19,38.0,17,34.0,311484,41.7,-3387,-6.0,-66,-13.1,82,7.2
"13151","5","42441","77","0","2023","4","N",4,0,0,0,0,0,0,0,"N",0.96,0,0,0,0,0,0,0,"N",1,33.3,0,0,0,0,0,0,0,0,0,0,0,0,0,0
"13151","5","424410","78","0","2023","4","N",4,0,0,0,0,0,0,0,"N",0.96,0,0,0,0,0,0,0,"N",1,33.3,0,0,0,0,0,0,0,0,0,0,0,0,0,0
"13151","5","42445","77","0","2023","4","N",1,0,0,0,0,0,0,0,"N",0.55,0,0,0,0,0,0,0,"N",0,0.0,0,0,0,0,0,0,0,0,0,0,0,0,0,0
"13151","5","424450","78","0","2023","4","N",1,0,0,0,0,0,0,0,"N",0.55,0,0,0,0,0,0,0,"N",0,0.0,0,0,0,0,0,0,0,0,0,0,0,0,0,0
"13151","5","42446","77","0","2023","4","N",1,0,0,0,0,0,0,0,"N",0.77,0,0,0,0,0,0,0,"N",0,0.0,0,0,0,0,0,0,0,0,0,0,0,0,0,0
"13151","5","424460","78","0","2023","4","N",1,0,0,0,0,0,0,0,"N",0.77,0,0,0,0,0,0,0,"N",0,0.0,0,0,0,0,0,0,0,0,0,0,0,0,0,0
"13151","5","42448","77","0","2023","4","N",1,0,0,0,0,0,0,0,"N",0.40,0,0,0,0,0,0,0,"N",0,0.0,0,0,0,0,0,0,0,0,0,0,0,0,0,0
"13151","5","424480","78","0","2023","4","N",1,0,0,0,0,0,0,0,"N",0.40,0,0,0,0,0,0,0,"N",0,0.0,0,0,0,0,0,0,0,0,0,0,0,0,0,0
"13151","5","42449","77","0","2023","4","N",1,0,0,0,0,0,0,0,"N",0.11,0,0,0,0,0,0,0,"N",-1,-50.0,0,0,0,0,0,0,0,0,0,0,0,0,0,0
"13151","5","424490","78","0","2023","4","N",1,0,0,0,0,0,0,0,"N",0.11,0,0,0,0,0,0,0,"N",-1,-50.0,0,0,0,0,0,0,0,0,0,0,0,0,0,0
"13151","5","4246","76","0","2023","4","N",3,0,0,0,0,0,0,0,"N",0.34,0,0,0,0,0,0,0,"N",0,0.0,0,0,0,0,0,0,0,0,0,0,0,0,0,0
"13151","5","42461","77","0","2023","4","N",1,0,0,0,0,0,0,0,"N",0.47,0,0,0,0,0,0,0,"N",0,0.0,0,0,0,0,0,0,0,0,0,0,0,0,0,0
"13151","5","424610","78","0","2023","4","N",1,0,0,0,0,0,0,0,"N",0.47,0,0,0,0,0,0,0,"N",0,0.0,0,0,0,0,0,0,0,0,0,0,0,0,0,0
"13151","5","42469","77","0","2023","4","N",2,0,0,0,0,0,0,0,"N",0.30,0,0,0,0,0,0,0,"N",0,0.0,0,0,0,0,0,0,0,0,0,0,0,0,0,0
"13151","5","424690","78","0","2023","4","N",2,0,0,0,0,0,0,0,"N",0.30,0,0,0,0,0,0,0,"N",0,0.0,0,0,0,0,0,0,0,0,0,0,0,0,0,0
"13151","5","4247","76","0","2023","4","N",1,0,0,0,0,0,0,0,"N",0.25,0,0,0,0,0,0,0,"N",0,0.0,0,0,0,0,0,0,0,0,0,0,0,0,0,0
"13151","5","42472","77","0","2023","4","N",1,0,0,0,0,0,0,0,"N",0.36,0,0,0,0,0,0,0,"N",0,0.0,0,0,0,0,0,0,0,0,0,0,0,0,0,0
"13151","5","424720","78","0","2023","4","N",1,0,0,0,0,0,0,0,"N",0.36,0,0,0,0,0,0,0,"N",0,0.0,0,0,0,0,0,0,0,0,0,0,0,0,0,0
"13151","5","4248","76","0","2023","4","N",1,0,0,0,0,0,0,0,"N",0.22,0,0,0,0,0,0,0,"N",0,0.0,0,0,0,0,0,0,0,0,0,0,0,0,0,0
"13151","5","42482","77","0","2023","4","N",1,0,0,0,0,0,0,0,"N",0.33,0,0,0,0,0,0,0,"N",0,0.0,0,0,0,0,0,0,0,0,0,0,0,0,0,0
"13151","5","424820","78","0","2023","4","N",1,0,0,0,0,0,0,0,"N",0.33,0,0,0,0,0,0,0,"N",0,0.0,0,0,0,0,0,0,0,0,0,0,0,0,0,0
"13151","5","4249","76","0","2023","4","",11,32,30,33,316831,15645,129,770,"",0.60,0.20,0.19,0.21,0.15,0.07,0.05,0.74,"",-1,-8.3,-41,-56.2,-45,-60.0,-39,-54.2,-1006070,-76.1,-101753,-86.7,-664,-83.7,-618,-44.5
"13151","5","42491","77","0","2023","4","N",2,0,0,0,0,0,0,0,"N",0.33,0,0,0,0,0,0,0,"N",-2,-50.0,0,0,0,0,0,0,0,0,0,0,0,0,0,0
"13151","5","424910","78","0","2023","4","N",2,0,0,0,0,0,0,0,"N",0.33,0,0,0,0,0,0,0,"N",-2,-50.0,0,0,0,0,0,0,0,0,0,0,0,0,0,0
"13151","5","42493","77","0","2023","4","N",2,0,0,0,0,0,0,0,"N",1.11,0,0,0,0,0,0,0,"N",1,100.0,0,0,0,0,0,0,0,0,0,0,0,0,0,0
"13151","5","424930","78","0","2023","4","N",2,0,0,0,0,0,0,0,"N",1.11,0,0,0,0,0,0,0,"N",1,100.0,0,0,0,0,0,0,0,0,0,0,0,0,0,0
"13151","5","42494","77","0","2023","4","N",1,0,0,0,0,0,0,0,"N",0.91,0,0,0,0,0,0,0,"N",0,0.0,0,0,0,0,0,0,0,0,0,0,0,0,0,0
"13151","5","424940","78","0","2023","4","N",1,0,0,0,0,0,0,0,"N",0.91,0,0,0,0,0,0,0,"N",0,0.0,0,0,0,0,0,0,0,0,0,0,0,0,0,0
"13151","5","42495","77","0","2023","4","N",1,0,0,0,0,0,0,0,"N",0.74,0,0,0,0,0,0,0,"N",0,0.0,0,0,0,0,0,0,0,0,0,0,0,0,0,0
"13151","5","424950","78","0","2023","4","N",1,0,0,0,0,0,0,0,"N",0.74,0,0,0,0,0,0,0,"N",0,0.0,0,0,0,0,0,0,0,0,0,0,0,0,0,0
"13151","5","42499","77","0","2023","4","",5,17,16,16,125744,5528,3,592,"",0.71,0.41,0.39,0.39,0.22,0.11,0.00,0.55,"",0,0.0,-1,-5.6,-4,-20.0,-1,-5.9,-25897,-17.1,4089,284.2,2,200.0,-44,-6.9
"13151","5","424990","78","0","2023","4","",5,17,16,16,125744,5528,3,592,"",0.71,0.41,0.39,0.39,0.22,0.11,0.00,0.55,"",0,0.0,-1,-5.6,-4,-20.0,-1,-5.9,-25897,-17.1,4089,284.2,2,200.0,-44,-6.9
"13151","5","425","75","0","2023","4","N",44,0,0,0,0,0,0,0,"N",0.77,0,0,0,0,0,0,0,"N",-13,-22.8,0,0,0,0,0,0,0,0,0,0,0,0,0,0
"13151","5","4251","76","0","2023","4","N",44,0,0,0,0,0,0,0,"N",0.77,0,0,0,0,0,0,0,"N",-13,-22.8,0,0,0,0,0,0,0,0,0,0,0,0,0,0
"13151","5","42512","77","0","2023","4","N",44,0,0,0,0,0,0,0,"N",0.77,0,0,0,0,0,0,0,"N",-13,-22.8,0,0,0,0,0,0,0,0,0,0,0,0,0,0
"13151","5","425120","78","0","2023","4","N",44,0,0,0,0,0,0,0,"N",0.77,0,0,0,0,0,0,0,"N",-13,-22.8,0,0,0,0,0,0,0,0,0,0,0,0,0,0
"13151","5","44-45","74","0","2023","4","",673,11861,12205,12134,102625069,13593218,103371,654,"",1.33,1.56,1.58,1.56,1.83,1.25,1.02,1.17,"",-6,-0.9,490,4.3,457,3.9,113,0.9,2723894,2.7,-983079,-6.7,-22289,-17.7,-2,-0.3
"13151","5","441","75","0","2023","4","",76,1803,1795,1784,25989370,1925596,13379,1114,"",1.31,1.81,1.80,1.79,2.15,1.38,0.93,1.19,"",1,1.3,-28,-1.5,-87,-4.6,-89,-4.8,-1468460,-5.3,-470193,-19.6,-15984,-54.4,-20,-1.8
"13151","5","4411","76","0","2023","4","",20,993,988,998,18034643,1181316,8659,1397,"",0.89,1.59,1.58,1.59,2.03,1.39,0.92,1.28,"",-2,-9.1,32,3.3,-11,-1.1,2,0.2,-362651,-2.0,-175141,-12.9,-12956,-59.9,-39,-2.7
"13151","5","44111","77","0","2023","4","",9,665,663,670,13114628,775992,6445,1515,"",0.90,1.23,1.22,1.23,1.64,1.05,0.80,1.34,"",-1,-10.0,61,10.1,20,3.1,25,3.9,-298182,-2.2,-353947,-31.3,-13729,-68.1,-121,-7.4
"13151","5","441110","78","0","2023","4","",9,665,663,670,13114628,775992,6445,1515,"",0.90,1.23,1.22,1.23,1.64,1.05,0.80,1.34,"",-1,-10.0,61,10.1,20,3.1,25,3.9,-298182,-2.2,-353947,-31.3,-13729,-68.1,-121,-7.4
"13151","5","44112","77","0","2023","4","",11,328,325,328,4920015,405324,2214,1157,"",0.88,3.97,3.95,4.00,5.54,3.57,1.63,1.40,"",-1,-8.3,-29,-8.1,-31,-8.7,-23,-6.6,-64469,-1.3,178806,78.9,773,53.6,76,7.0
"13151","5","441120","78","0","2023","4","",11,328,325,328,4920015,405324,2214,1157,"",0.88,3.97,3.95,4.00,5.54,3.57,1.63,1.40,"",-1,-8.3,-29,-8.1,-31,-8.7,-23,-6.6,-64469,-1.3,178806,78.9,773,53.6,76,7.0
"13151","5","4412","76","0","2023","4","N",4,0,0,0,0,0,0,0,"N",0.55,0,0,0,0,0,0,0,"N",1,33.3,0,0,0,0,0,0,0,0,0,0,0,0,0,0
"13151","5","44121","77","0","2023","4","N",1,0,0,0,0,0,0,0,"N",0.68,0,0,0,0,0,0,0,"N",0,0.0,0,0,0,0,0,0,0,0,0,0,0,0,0,0
"13151","5","441210","78","0","2023","4","N",1,0,0,0,0,0,0,0,"N",0.68,0,0,0,0,0,0,0,"N",0,0.0,0,0,0,0,0,0,0,0,0,0,0,0,0,0
"13151","5","44122","77","0","2023","4","N",3,0,0,0,0,0,0,0,"N",0.52,0,0,0,0,0,0,0,"N",1,50.0,0,0,0,0,0,0,0,0,0,0,0,0,0,0
"13151","5","441222","78","0","2023","4","N",1,0,0,0,0,0,0,0,"N",0.47,0,0,0,0,0,0,0,"N",0,0.0,0,0,0,0,0,0,0,0,0,0,0,0,0,0
"13151","5","441227","78","0","2023","4","N",2,0,0,0,0,0,0,0,"N",0.55,0,0,0,0,0,0,0,"N",1,100.0,0,0,0,0,0,0,0,0,0,0,0,0,0,0
"13151","5","4413","76","0","2023","4","N",52,0,0,0,0,0,0,0,"N",1.83,0,0,0,0,0,0,0,"N",2,4.0,0,0,0,0,0,0,0,0,0,0,0,0,0,0
"13151","5","44133","77","0","2023","4","",39,602,593,579,5281820,355002,1256,687,"",2.08,3.11,3.05,2.99,3.91,1.33,0.58,1.28,"",1,2.6,-23,-3.7,-44,-6.9,-52,-8.2,-585358,-10.0,-200602,-36.1,-2483,-66.4,-28,-3.9
"13151","5","441330","78","0","2023","4","",39,602,593,579,5281820,355002,1256,687,"",2.08,3.11,3.05,2.99,3.91,1.33,0.58,1.28,"",1,2.6,-23,-3.7,-44,-6.9,-52,-8.2,-585358,-10.0,-200602,-36.1,-2483,-66.4,-28,-3.9
"13151","5","44134","77","0","2023","4","N",13,0,0,0,0,0,0,0,"N",1.35,0,0,0,0,0,0,0,"N",1,8.3,0,0,0,0,0,0,0,0,0,0,0,0,0,0
"13151","5","441340","78","0","2023","4","N",13,0,0,0,0,0,0,0,"N",1.35,0,0,0,0,0,0,0,"N",1,8.3,0,0,0,0,0,0,0,0,0,0,0,0,0,0
"13151","5","444","75","0","2023","4","",23,700,683,672,5392268,398428,1800,606,"",0.67,1.04,1.02,1.00,1.02,0.46,0.23,1.00,"",0,0.0,-21,-2.9,-27,-3.8,-29,-4.1,-425220,-7.3,-90709,-18.5,-6327,-77.9,-24,-3.8
"13151","5","4441","76","0","2023","4","",17,656,640,628,5047184,373080,1498,605,"",0.65,1.12,1.10,1.08,1.09,0.50,0.24,0.99,"",1,6.2,-13,-1.9,-19,-2.9,-31,-4.7,-377987,-7.0,-72913,-16.3,-6041,-80.1,-25,-4.0
"13151","5","44411","77","0","2023","4","N",5,0,0,0,0,0,0,0,"N",1.13,0,0,0,0,0,0,0,"N",2,66.7,0,0,0,0,0,0,0,0,0,0,0,0,0,0
"13151","5","444110","78","0","2023","4","N",5,0,0,0,0,0,0,0,"N",1.13,0,0,0,0,0,0,0,"N",2,66.7,0,0,0,0,0,0,0,0,0,0,0,0,0,0
"13151","5","44412","77","0","2023","4","N",3,0,0,0,0,0,0,0,"N",0.93,0,0,0,0,0,0,0,"N",0,0.0,0,0,0,0,0,0,0,0,0,0,0,0,0,0
"13151","5","444120","78","0","2023","4","N",3,0,0,0,0,0,0,0,"N",0.93,0,0,0,0,0,0,0,"N",0,0.0,0,0,0,0,0,0,0,0,0,0,0,0,0,0
"13151","5","44414","77","0","2023","4","",4,62,63,63,477221,46447,345,586,"",0.54,0.73,0.74,0.73,0.80,0.38,0.35,1.09,"",0,0.0,9,17.0,12,23.5,11,21.2,17110,3.7,-30224,-39.4,-102,-22.8,-95,-14.0
"13151","5","444140","78","0","2023","4","",4,62,63,63,477221,46447,345,586,"",0.54,0.73,0.74,0.73,0.80,0.38,0.35,1.09,"",0,0.0,9,17.0,12,23.5,11,21.2,17110,3.7,-30224,-39.4,-102,-22.8,-95,-14.0
"13151","5","44418","77","0","2023","4","N",5,0,0,0,0,0,0,0,"N",0.46,0,0,0,0,0,0,0,"N",-1,-16.7,0,0,0,0,0,0,0,0,0,0,0,0,0,0
"13151","5","444180","78","0","2023","4","N",5,0,0,0,0,0,0,0,"N",0.46,0,0,0,0,0,0,0,"N",-1,-16.7,0,0,0,0,0,0,0,0,0,0,0,0,0,0
"13151","5","4442","76","0","2023","4","",6,44,43,44,345084,25348,302,608,"",0.72,0.49,0.48,0.50,0.53,0.21,0.20,1.08,"",-1,-14.3,-8,-15.4,-8,-15.7,2,4.8,-47233,-12.0,-17796,-41.2,-286,-48.6,-16,-2.6
"13151","5","44423","77","0","2023","4","N",3,0,0,0,0,0,0,0,"N",1.66,0,0,0,0,0,0,0,"N",-1,-25.0,0,0,0,0,0,0,0,0,0,0,0,0,0,0
"13151","5","444230","78","0","2023","4","N",3,0,0,0,0,0,0,0,"N",1.66,0,0,0,0,0,0,0,"N",-1,-25.0,0,0,0,0,0,0,0,0,0,0,0,0,0,0
"13151","5","44424","77","0","2023","4","N",3,0,0,0,0,0,0,0,"N",0.46,0,0,0,0,0,0,0,"N",0,0.0,0,0,0,0,0,0,0,0,0,0,0,0,0,0
"13151","5","444240","78","0","2023","4","N",3,0,0,0,0,0,0,0,"N",0.46,0,0,0,0,0,0,0,"N",0,0.0,0,0,0,0,0,0,0,0,0,0,0,0,0,0
"13151","5","445","75","0","2023","4","",79,2641,2662,2650,18385096,2936005,14909,533,"",1.05,1.69,1.68,1.66,2.01,1.32,0.81,1.20,"",-6,-7.1,98,3.9,25,0.9,-7,-0.3,523403,2.9,-224705,-7.1,1188,8.7,7,1.3
"13151","5","4451","76","0","2023","4","",61,2532,2544,2536,17570360,2794517,13621,533,"",1.34,1.86,1.85,1.83,2.22,1.46,0.93,1.21,"",-6,-9.0,152,6.4,73,3.0,44,1.8,859767,5.1,6096,0.2,1885,16.1,8,1.5
"13151","5","44511","77","0","2023","4","",31,2470,2482,2477,17089553,2700373,12029,531,"",1.13,1.96,1.94,1.93,2.33,1.54,0.95,1.20,"",-2,-6.1,169,7.3,90,3.8,61,2.5,945631,5.9,-8361,-0.3,1809,17.7,7,1.3
"13151","5","445110","78","0","2023","4","",31,2470,2482,2477,17089553,2700373,12029,531,"",1.13,1.96,1.94,1.93,2.33,1.54,0.95,1.20,"",-2,-6.1,169,7.3,90,3.8,61,2.5,945631,5.9,-8361,-0.3,1809,17.7,7,1.3
"13151","5","44513","77","0","2023","4","",30,62,62,59,480807,94144,1592,606,"",1.65,0.62,0.62,0.59,0.83,0.60,0.79,1.37,"",-4,-11.8,-17,-21.5,-17,-21.5,-17,-22.4,-85864,-15.2,14457,18.1,76,5.0,47,8.4
"13151","5","445131","78","0","2023","4","",26,45,45,44,338603,76755,1301,583,"",1.57,0.54,0.55,0.54,0.81,0.58,0.79,1.49,"N",-4,-13.3,0,0,0,0,0,0,0,0,0,0,0,0,0,0
"13151","5","445132","78","0","2023","4","",4,17,17,15,142204,17389,291,670,"",2.48,0.94,0.93,0.83,0.90,0.67,0.82,1.00,"N",0,0.0,0,0,0,0,0,0,0,0,0,0,0,0,0,0
"13151","5","4452","76","0","2023","4","",8,32,36,35,270722,46539,128,607,"",0.59,0.27,0.30,0.29,0.36,0.24,0.05,1.26,"",0,0.0,-20,-38.5,-12,-25.0,-12,-25.5,-7494,-2.7,-13045,-21.9,-667,-83.9,170,38.9
"13151","5","44523","77","0","2023","4","",3,5,5,5,29097,3469,5,448,"",1.86,0.25,0.28,0.29,0.23,0.12,0.01,0.84,"N",1,50.0,0,0,0,0,0,0,0,0,0,0,0,0,0,0
"13151","5","445230","78","0","2023","4","",3,5,5,5,29097,3469,5,448,"",1.86,0.25,0.28,0.29,0.23,0.12,0.01,0.84,"N",1,50.0,0,0,0,0,0,0,0,0,0,0,0,0,0,0
"13151","5","44524","77","0","2023","4","N",1,0,0,0,0,0,0,0,"N",0.31,0,0,0,0,0,0,0,"N",0,0.0,0,0,0,0,0,0,0,0,0,0,0,0,0,0
"13151","5","445240","78","0","2023","4","N",1,0,0,0,0,0,0,0,"N",0.31,0,0,0,0,0,0,0,"N",0,0.0,0,0,0,0,0,0,0,0,0,0,0,0,0,0
"13151","5","44529","77","0","2023","4","N",4,0,0,0,0,0,0,0,"N",0.51,0,0,0,0,0,0,0,"N",-1,-20.0,0,0,0,0,0,0,0,0,0,0,0,0,0,0
"13151","5","445292","78","0","2023","4","N",1,0,0,0,0,0,0,0,"N",0.67,0,0,0,0,0,0,0,"N",0,0.0,0,0,0,0,0,0,0,0,0,0,0,0,0,0
"13151","5","445298","78","0","2023","4","N",3,0,0,0,0,0,0,0,"N",0.60,0,0,0,0,0,0,0,"N",-1,-25.0,0,0,0,0,0,0,0,0,0,0,0,0,0,0
"13151","5","4453","76","0","2023","4","",10,77,82,79,544014,94949,1160,527,"",0.62,0.90,0.95,0.91,1.13,0.75,0.81,1.24,"",0,0.0,-34,-30.6,-36,-30.5,-39,-33.1,-328870,-37.7,-217756,-69.6,-30,-2.5,-54,-9.3
"13151","5","44532","77","0","2023","4","",10,77,82,79,544014,94949,1160,527,"",0.62,0.90,0.95,0.91,1.13,0.75,0.81,1.24,"",0,0.0,-34,-30.6,-36,-30.5,-39,-33.1,-328870,-37.7,-217756,-69.6,-30,-2.5,-54,-9.3
"13151","5","445320","78","0","2023","4","",10,77,82,79,544014,94949,1160,527,"",0.62,0.90,0.95,0.91,1.13,0.75,0.81,1.24,"",0,0.0,-34,-30.6,-36,-30.5,-39,-33.1,-328870,-37.7,-217756,-69.6,-30,-2.5,-54,-9.3
"13151","5","449","75","0","2023","4","",47,431,458,456,4396508,478317,4848,754,"",1.11,1.07,1.11,1.10,1.01,0.90,0.84,0.92,"",-4,-7.8,-15,-3.4,12,2.7,9,2.0,192321,4.6,-137951,-22.4,-528,-9.8,29,4.0
"13151","5","4491","76","0","2023","4","",25,241,255,255,2405910,299736,2793,739,"",1.13,1.18,1.23,1.21,1.21,1.07,0.96,1.00,"",-3,-10.7,-31,-11.4,-11,-4.1,-12,-4.5,-171819,-6.7,-137442,-31.4,-668,-19.3,0,0.0
"13151","5","44911","77","0","2023","4","",13,69,74,73,1134212,54706,307,1212,"",1.19,0.68,0.73,0.72,1.07,0.42,0.22,1.52,"",-1,-7.1,-10,-12.7,-8,-9.8,-8,-9.9,-170436,-13.1,-47339,-46.4,-286,-48.2,-32,-2.6
"13151","5","449110","78","0","2023","4","",13,69,74,73,1134212,54706,307,1212,"",1.19,0.68,0.73,0.72,1.07,0.42,0.22,1.52,"",-1,-7.1,-10,-12.7,-8,-9.8,-8,-9.9,-170436,-13.1,-47339,-46.4,-286,-48.2,-32,-2.6
"13151","5","44912","77","0","2023","4","",12,172,181,182,1271698,245030,2486,549,"",1.06,1.69,1.71,1.68,1.37,1.64,1.60,0.81,"",-2,-14.3,-21,-10.9,-3,-1.6,-4,-2.2,-1383,-0.1,-90103,-26.9,-382,-13.3,27,5.2
"13151","5","449121","78","0","2023","4","",5,61,65,66,617272,23474,108,742,"",1.16,1.80,1.92,1.94,1.47,0.54,0.23,0.78,"",-1,-16.7,-6,-9.0,-2,-3.0,0,0.0,-14773,-2.3,-100132,-81.0,-194,-64.2,13,1.8
"13151","5","449129","78","0","2023","4","",7,111,116,116,654426,221556,2378,440,"",1.25,1.79,1.76,1.70,1.49,2.28,2.44,0.85,"",-1,-12.5,-15,-11.9,-1,-0.9,-4,-3.3,13390,2.1,10029,4.7,-188,-7.3,32,7.8
"13151","5","4492","76","0","2023","4","",22,190,203,201,1990598,178581,2055,773,"",1.08,0.96,1.00,0.99,0.84,0.71,0.72,0.86,"",-1,-4.3,16,9.2,23,12.8,21,11.7,364140,22.4,-509,-0.3,140,7.3,70,10.0
"13151","5","44921","77","0","2023","4","",22,190,203,201,1990598,178581,2055,773,"",1.08,0.96,1.00,0.99,0.84,0.71,0.72,0.86,"",-1,-4.3,16,9.2,23,12.8,21,11.7,364140,22.4,-509,-0.3,140,7.3,70,10.0
"13151","5","449210","78","0","2023","4","",22,190,203,201,1990598,178581,2055,773,"",1.08,0.96,1.00,0.99,0.84,0.71,0.72,0.86,"",-1,-4.3,16,9.2,23,12.8,21,11.7,364140,22.4,-509,-0.3,140,7.3,70,10.0
"13151","5","455","75","0","2023","4","",61,3174,3348,3287,22249972,3927808,30780,523,"",1.60,2.01,2.01,1.96,2.49,1.69,1.55,1.25,"",2,3.4,418,15.2,461,16.0,216,7.0,4056333,22.3,144061,3.8,-3596,-10.5,41,8.5
"13151","5","4551","76","0","2023","4","",10,699,781,784,4249715,1039270,9296,433,"",1.79,1.46,1.50,1.50,1.76,1.41,1.30,1.18,"",0,0.0,15,2.2,4,0.5,-38,-4.6,-135134,-3.1,-172811,-14.3,-81,-0.9,-10,-2.3
"13151","5","45511","77","0","2023","4","",10,699,781,784,4249715,1039270,9296,433,"",1.79,1.46,1.50,1.50,1.76,1.41,1.30,1.18,"",0,0.0,15,2.2,4,0.5,-38,-4.6,-135134,-3.1,-172811,-14.3,-81,-0.9,-10,-2.3
"13151","5","455110","78","0","2023","4","",10,699,781,784,4249715,1039270,9296,433,"",1.79,1.46,1.50,1.50,1.76,1.41,1.30,1.18,"",0,0.0,15,2.2,4,0.5,-38,-4.6,-135134,-3.1,-172811,-14.3,-81,-0.9,-10,-2.3
"13151","5","4552","76","0","2023","4","",51,2475,2567,2503,18000257,2888538,21484,551,"",1.56,2.24,2.25,2.18,2.76,1.83,1.69,1.24,"",2,4.1,403,19.4,457,21.7,254,11.3,4191467,30.4,316872,12.3,-3515,-14.1,55,11.1
"13151","5","45521","77","0","2023","4","",51,2475,2567,2503,18000257,2888538,21484,551,"",1.56,2.24,2.25,2.18,2.76,1.83,1.69,1.24,"",2,4.1,403,19.4,457,21.7,254,11.3,4191467,30.4,316872,12.3,-3515,-14.1,55,11.1
"13151","5","455211","78","0","2023","4","N",8,0,0,0,0,0,0,0,"N",2.68,0,0,0,0,0,0,0,"N",2,33.3,0,0,0,0,0,0,0,0,0,0,0,0,0,0
"13151","5","455219","78","0","2023","4","N",43,0,0,0,0,0,0,0,"N",1.45,0,0,0,0,0,0,0,"N",0,0.0,0,0,0,0,0,0,0,0,0,0,0,0,0,0
"13151","5","456","75","0","2023","4","",84,625,625,640,5267790,767086,6317,643,"",1.52,1.16,1.14,1.16,1.11,1.04,0.91,0.97,"",1,1.2,-24,-3.7,-37,-5.6,-15,-2.3,-283646,-5.1,-182031,-19.2,1214,23.8,-9,-1.4
"13151","5","4561","76","0","2023","4","",84,625,625,640,5267790,767086,6317,643,"",1.52,1.16,1.14,1.16,1.11,1.04,0.91,0.97,"",1,1.2,-24,-3.7,-37,-5.6,-15,-2.3,-283646,-5.1,-182031,-19.2,1214,23.8,-9,-1.4
"13151","5","45611","77","0","2023","4","",42,331,337,340,3844014,375685,2187,880,"",1.40,0.95,0.96,0.96,1.18,0.80,0.54,1.24,"",-1,-2.3,-28,-7.8,-37,-9.9,-26,-7.1,-332724,-8.0,-126915,-25.3,394,22.0,3,0.3
"13151","5","456110","78","0","2023","4","",42,331,337,340,3844014,375685,2187,880,"",1.40,0.95,0.96,0.96,1.18,0.80,0.54,1.24,"",-1,-2.3,-28,-7.8,-37,-9.9,-26,-7.1,-332724,-8.0,-126915,-25.3,394,22.0,3,0.3
"13151","5","45612","77","0","2023","4","",24,244,235,246,1138413,350694,3844,362,"",2.55,2.51,2.28,2.40,1.99,2.50,2.61,0.83,"",4,20.0,17,7.5,10,4.4,20,8.8,101977,9.8,-31464,-8.2,897,30.4,9,2.5
"13151","5","456120","78","0","2023","4","",24,244,235,246,1138413,350694,3844,362,"",2.55,2.51,2.28,2.40,1.99,2.50,2.61,0.83,"",4,20.0,17,7.5,10,4.4,20,8.8,101977,9.8,-31464,-8.2,897,30.4,9,2.5
"13151","5","45613","77","0","2023","4","N",3,0,0,0,0,0,0,0,"N",0.59,0,0,0,0,0,0,0,"N",-3,-50.0,0,0,0,0,0,0,0,0,0,0,0,0,0,0
"13151","5","456130","78","0","2023","4","N",3,0,0,0,0,0,0,0,"N",0.59,0,0,0,0,0,0,0,"N",-3,-50.0,0,0,0,0,0,0,0,0,0,0,0,0,0,0
"13151","5","45619","77","0","2023","4","N",15,0,0,0,0,0,0,0,"N",1.40,0,0,0,0,0,0,0,"N",1,7.1,0,0,0,0,0,0,0,0,0,0,0,0,0,0
"13151","5","456191","78","0","2023","4","",13,26,30,29,105553,33366,230,287,"",2.57,1.11,1.27,1.22,0.55,0.92,0.58,0.46,"",0,0.0,-16,-38.1,-12,-28.6,-13,-31.0,-87320,-45.3,-18035,-35.1,-84,-26.8,-66,-18.7
"13151","5","456199","78","0","2023","4","N",2,0,0,0,0,0,0,0,"N",0.36,0,0,0,0,0,0,0,"N",1,100.0,0,0,0,0,0,0,0,0,0,0,0,0,0,0
"13151","5","457","75","0","2023","4","",123,743,730,730,8595848,941725,12111,900,"",2.21,1.45,1.42,1.42,2.78,1.12,1.67,1.94,"",-5,-3.9,46,6.6,34,4.9,13,1.8,155346,1.8,69881,8.0,1092,9.9,-23,-2.5
"13151","5","4571","76","0","2023","4","N",119,0,0,0,0,0,0,0,"N",2.29,0,0,0,0,0,0,0,"N",-5,-4.0,0,0,0,0,0,0,0,0,0,0,0,0,0,0
"13151","5","45711","77","0","2023","4","",111,698,684,683,7843869,851978,10720,877,"",2.33,1.62,1.58,1.57,3.38,1.18,1.80,2.13,"N",-7,-5.9,0,0,0,0,0,0,0,0,0,0,0,0,0,0
"13151","5","457110","78","0","2023","4","",111,698,684,683,7843869,851978,10720,877,"",2.33,1.62,1.58,1.57,3.38,1.18,1.80,2.13,"N",-7,-5.9,0,0,0,0,0,0,0,0,0,0,0,0,0,0
"13151","5","45712","77","0","2023","4","N",8,0,0,0,0,0,0,0,"N",1.79,0,0,0,0,0,0,0,"N",2,33.3,0,0,0,0,0,0,0,0,0,0,0,0,0,0
"13151","5","457120","78","0","2023","4","N",8,0,0,0,0,0,0,0,"N",1.79,0,0,0,0,0,0,0,"N",2,33.3,0,0,0,0,0,0,0,0,0,0,0,0,0,0
"13151","5","4572","76","0","2023","4","N",4,0,0,0,0,0,0,0,"N",1.11,0,0,0,0,0,0,0,"N",0,0.0,0,0,0,0,0,0,0,0,0,0,0,0,0,0
"13151","5","45721","77","0","2023","4","N",4,0,0,0,0,0,0,0,"N",1.11,0,0,0,0,0,0,0,"N",0,0.0,0,0,0,0,0,0,0,0,0,0,0,0,0,0
"13151","5","457210","78","0","2023","4","N",4,0,0,0,0,0,0,0,"N",1.11,0,0,0,0,0,0,0,"N",0,0.0,0,0,0,0,0,0,0,0,0,0,0,0,0,0
"13151","5","458","75","0","2023","4","",86,1123,1241,1249,7972184,1484543,11394,509,"",1.51,1.99,2.07,2.04,2.30,1.75,1.21,1.13,"",-2,-2.3,46,4.3,86,7.4,31,2.5,-6678,-0.1,60792,4.3,-433,-3.7,-25,-4.7
"13151","5","4581","76","0","2023","4","",66,919,1024,1017,6516597,1242287,10973,508,"",1.67,2.17,2.27,2.23,2.73,1.92,1.52,1.23,"",-1,-1.5,59,6.9,104,11.3,56,5.8,53375,0.8,104896,9.2,2804,34.3,-36,-6.6
"13151","5","45811","77","0","2023","4","",66,919,1024,1017,6516597,1242287,10973,508,"",1.67,2.17,2.27,2.23,2.73,1.92,1.52,1.23,"",-1,-1.5,59,6.9,104,11.3,56,5.8,53375,0.8,104896,9.2,2804,34.3,-36,-6.6
"13151","5","458110","78","0","2023","4","",66,919,1024,1017,6516597,1242287,10973,508,"",1.67,2.17,2.27,2.23,2.73,1.92,1.52,1.23,"",-1,-1.5,59,6.9,104,11.3,56,5.8,53375,0.8,104896,9.2,2804,34.3,-36,-6.6
"13151","5","4582","76","0","2023","4","",11,159,167,179,983536,185363,336,449,"",1.51,1.92,1.91,1.96,2.18,1.55,0.28,1.13,"",-1,-8.3,-14,-8.1,-18,-9.7,-25,-12.3,-13955,-1.4,-43424,-19.0,-3141,-90.3,39,9.5
"13151","5","45821","77","0","2023","4","",11,159,167,179,983536,185363,336,449,"",1.51,1.92,1.91,1.96,2.18,1.55,0.28,1.13,"",-1,-8.3,-14,-8.1,-18,-9.7,-25,-12.3,-13955,-1.4,-43424,-19.0,-3141,-90.3,39,9.5
"13151","5","458210","78","0","2023","4","",11,159,167,179,983536,185363,336,449,"",1.51,1.92,1.91,1.96,2.18,1.55,0.28,1.13,"",-1,-8.3,-14,-8.1,-18,-9.7,-25,-12.3,-13955,-1.4,-43424,-19.0,-3141,-90.3,39,9.5
"13151","5","4583","76","0","2023","4","",9,45,50,53,472051,56893,85,736,"",0.89,0.76,0.80,0.82,0.76,0.67,0.09,0.96,"",0,0.0,1,2.3,0,0.0,0,0.0,-46098,-8.9,-680,-1.2,-96,-53.0,-77,-9.5
"13151","5","45831","77","0","2023","4","N",8,0,0,0,0,0,0,0,"N",0.84,0,0,0,0,0,0,0,"N",0,0.0,0,0,0,0,0,0,0,0,0,0,0,0,0,0
"13151","5","458310","78","0","2023","4","N",8,0,0,0,0,0,0,0,"N",0.84,0,0,0,0,0,0,0,"N",0,0.0,0,0,0,0,0,0,0,0,0,0,0,0,0,0
"13151","5","45832","77","0","2023","4","N",1,0,0,0,0,0,0,0,"N",1.77,0,0,0,0,0,0,0,"N",0,0.0,0,0,0,0,0,0,0,0,0,0,0,0,0,0
"13151","5","458320","78","0","2023","4","N",1,0,0,0,0,0,0,0,"N",1.77,0,0,0,0,0,0,0,"N",0,0.0,0,0,0,0,0,0,0,0,0,0,0,0,0,0
"13151","5","459","75","0","2023","4","",94,621,663,666,4376033,733710,7833,518,"",1.06,0.83,0.87,0.87,0.88,0.66,0.66,1.03,"",7,8.0,-30,-4.6,-10,-1.5,-16,-2.3,-19505,-0.4,-152224,-17.2,1085,16.1,12,2.4
"13151","5","4591","76","0","2023","4","",26,293,335,340,1926027,356680,2304,459,"",1.22,1.22,1.32,1.32,1.42,0.96,0.73,1.11,"",1,4.0,-9,-3.0,-2,-0.6,10,3.0,43102,2.3,-45293,-11.3,530,29.9,11,2.5
"13151","5","45911","77","0","2023","4","",12,184,190,195,1117997,179482,1411,453,"",1.02,1.26,1.25,1.26,1.31,0.80,0.73,1.04,"",0,0.0,18,10.8,6,3.3,17,9.6,43553,4.1,-12014,-6.3,527,59.6,-17,-3.6
"13151","5","459110","78","0","2023","4","",12,184,190,195,1117997,179482,1411,453,"",1.02,1.26,1.25,1.26,1.31,0.80,0.73,1.04,"",0,0.0,18,10.8,6,3.3,17,9.6,43553,4.1,-12014,-6.3,527,59.6,-17,-3.6
"13151","5","45912","77","0","2023","4","",11,93,131,131,757243,175670,852,492,"",1.88,1.49,1.88,1.89,2.35,1.64,0.94,1.33,"",1,10.0,-26,-21.8,-6,-4.4,-4,-3.0,8929,1.2,-24249,-12.1,32,3.9,50,11.3
"13151","5","459120","78","0","2023","4","",11,93,131,131,757243,175670,852,492,"",1.88,1.49,1.88,1.89,2.35,1.64,0.94,1.33,"",1,10.0,-26,-21.8,-6,-4.4,-4,-3.0,8929,1.2,-24249,-12.1,32,3.9,50,11.3
"13151","5","45913","77","0","2023","4","N",1,0,0,0,0,0,0,0,"N",0.50,0,0,0,0,0,0,0,"N",0,0.0,0,0,0,0,0,0,0,0,0,0,0,0,0,0
"13151","5","459130","78","0","2023","4","N",1,0,0,0,0,0,0,0,"N",0.50,0,0,0,0,0,0,0,"N",0,0.0,0,0,0,0,0,0,0,0,0,0,0,0,0,0
"13151","5","45914","77","0","2023","4","N",2,0,0,0,0,0,0,0,"N",1.13,0,0,0,0,0,0,0,"N",0,0.0,0,0,0,0,0,0,0,0,0,0,0,0,0,0
"13151","5","459140","78","0","2023","4","N",2,0,0,0,0,0,0,0,"N",1.13,0,0,0,0,0,0,0,"N",0,0.0,0,0,0,0,0,0,0,0,0,0,0,0,0,0
"13151","5","4592","76","0","2023","4","N",3,0,0,0,0,0,0,0,"N",0.79,0,0,0,0,0,0,0,"N",0,0.0,0,0,0,0,0,0,0,0,0,0,0,0,0,0
"13151","5","45921","77","0","2023","4","N",3,0,0,0,0,0,0,0,"N",0.79,0,0,0,0,0,0,0,"N",0,0.0,0,0,0,0,0,0,0,0,0,0,0,0,0,0
"13151","5","459210","78","0","2023","4","N",3,0,0,0,0,0,0,0,"N",0.79,0,0,0,0,0,0,0,"N",0,0.0,0,0,0,0,0,0,0,0,0,0,0,0,0,0
"13151","5","4593","76","0","2023","4","",6,19,17,17,89019,25739,674,388,"",1.03,0.65,0.58,0.57,0.57,0.54,1.16,0.95,"N",2,50.0,0,0,0,0,0,0,0,0,0,0,0,0,0,0
"13151","5","45931","77","0","2023","4","",6,19,17,17,89019,25739,674,388,"",1.03,0.65,0.58,0.57,0.57,0.54,1.16,0.95,"N",2,50.0,0,0,0,0,0,0,0,0,0,0,0,0,0,0
"13151","5","459310","78","0","2023","4","",6,19,17,17,89019,25739,674,388,"",1.03,0.65,0.58,0.57,0.57,0.54,1.16,0.95,"N",2,50.0,0,0,0,0,0,0,0,0,0,0,0,0,0,0
"13151","5","4594","76","0","2023","4","",10,64,61,59,487950,72316,882,612,"",0.81,0.60,0.60,0.57,0.73,0.48,0.51,1.24,"",0,0.0,0,0.0,-2,-3.2,-5,-7.8,9707,2.0,-41793,-36.6,-434,-33.0,34,5.9
"13151","5","45941","77","0","2023","4","N",1,0,0,0,0,0,0,0,"N",0.33,0,0,0,0,0,0,0,"N",0,0.0,0,0,0,0,0,0,0,0,0,0,0,0,0,0
"13151","5","459410","78","0","2023","4","N",1,0,0,0,0,0,0,0,"N",0.33,0,0,0,0,0,0,0,"N",0,0.0,0,0,0,0,0,0,0,0,0,0,0,0,0,0
"13151","5","45942","77","0","2023","4","N",9,0,0,0,0,0,0,0,"N",0.97,0,0,0,0,0,0,0,"N",0,0.0,0,0,0,0,0,0,0,0,0,0,0,0,0,0
"13151","5","459420","78","0","2023","4","N",9,0,0,0,0,0,0,0,"N",0.97,0,0,0,0,0,0,0,"N",0,0.0,0,0,0,0,0,0,0,0,0,0,0,0,0,0
"13151","5","4595","76","0","2023","4","N",5,0,0,0,0,0,0,0,"N",0.56,0,0,0,0,0,0,0,"N",0,0.0,0,0,0,0,0,0,0,0,0,0,0,0,0,0
"13151","5","45951","77","0","2023","4","N",5,0,0,0,0,0,0,0,"N",0.56,0,0,0,0,0,0,0,"N",0,0.0,0,0,0,0,0,0,0,0,0,0,0,0,0,0
"13151","5","459510","78","0","2023","4","N",5,0,0,0,0,0,0,0,"N",0.56,0,0,0,0,0,0,0,"N",0,0.0,0,0,0,0,0,0,0,0,0,0,0,0,0,0
"13151","5","4599","76","0","2023","4","",44,180,182,179,1522942,251242,3874,650,"",1.20,0.76,0.77,0.75,0.74,0.63,0.80,0.97,"",4,10.0,-5,-2.7,0,0.0,-11,-5.8,-60919,-3.8,52008,26.1,1597,70.1,-6,-0.9
"13151","5","45991","77","0","2023","4","N",6,0,0,0,0,0,0,0,"N",1.13,0,0,0,0,0,0,0,"N",1,20.0,0,0,0,0,0,0,0,0,0,0,0,0,0,0
"13151","5","459910","78","0","2023","4","N",6,0,0,0,0,0,0,0,"N",1.13,0,0,0,0,0,0,0,"N",1,20.0,0,0,0,0,0,0,0,0,0,0,0,0,0,0
"13151","5","45993","77","0","2023","4","N",1,0,0,0,0,0,0,0,"N",1.05,0,0,0,0,0,0,0,"N",1,100.0,0,0,0,0,0,0,0,0,0,0,0,0,0,0
"13151","5","459930","78","0","2023","4","N",1,0,0,0,0,0,0,0,"N",1.05,0,0,0,0,0,0,0,"N",1,100.0,0,0,0,0,0,0,0,0,0,0,0,0,0,0
"13151","5","45999","77","0","2023","4","",37,124,126,123,912313,171219,3269,564,"",1.33,0.80,0.82,0.79,0.65,0.63,0.88,0.81,"",2,5.7,-20,-13.9,-17,-11.9,-22,-15.2,-290452,-24.1,41985,32.5,1426,77.4,-79,-12.3
"13151","5","459991","78","0","2023","4","",24,73,74,75,452804,146227,2995,471,"",2.02,1.14,1.16,1.17,1.17,1.10,1.63,1.01,"",3,14.3,7,10.6,9,13.8,10,15.4,28173,6.6,84234,135.9,1598,114.4,-29,-5.8
"13151","5","459999","78","0","2023","4","",13,51,52,48,459509,24992,274,702,"",0.81,0.56,0.58,0.53,0.45,0.18,0.15,0.82,"",-1,-7.1,-27,-34.6,-26,-33.3,-32,-40.0,-318625,-40.9,-42249,-62.8,-172,-38.6,-59,-7.8
"13151","5","48-49","74","0","2023","4","",295,8169,8093,8086,109328755,9545501,135060,1036,"",1.93,2.58,2.46,2.42,2.91,1.81,1.91,1.17,"",7,2.4,-544,-6.2,-652,-7.5,-675,-7.7,256210,0.2,-2324354,-19.6,-59346,-30.5,76,7.9
"13151","5","481","75","0","2023","4","N",1,0,0,0,0,0,0,0,"N",0.28,0,0,0,0,0,0,0,"N",-1,-50.0,0,0,0,0,0,0,0,0,0,0,0,0,0,0
"13151","5","4812","76","0","2023","4","N",1,0,0,0,0,0,0,0,"N",0.45,0,0,0,0,0,0,0,"N",-1,-50.0,0,0,0,0,0,0,0,0,0,0,0,0,0,0
"13151","5","48121","77","0","2023","4","N",1,0,0,0,0,0,0,0,"N",0.45,0,0,0,0,0,0,0,"N",-1,-50.0,0,0,0,0,0,0,0,0,0,0,0,0,0,0
"13151","5","481211","78","0","2023","4","N",1,0,0,0,0,0,0,0,"N",0.67,0,0,0,0,0,0,0,"N",-1,-50.0,0,0,0,0,0,0,0,0,0,0,0,0,0,0
"13151","5","484","75","0","2023","4","",154,847,827,870,13083956,1499264,23675,1187,"",1.80,1.13,1.10,1.15,1.47,1.35,1.76,1.31,"",-5,-3.1,73,9.4,63,8.2,109,14.3,1514897,13.1,204094,15.8,1443,6.5,26,2.2
"13151","5","4841","76","0","2023","4","",121,710,695,732,10750262,1288471,22106,1161,"",2.02,1.34,1.31,1.37,1.73,1.66,2.46,1.29,"",-5,-4.0,36,5.3,24,3.6,70,10.6,763938,7.6,138989,12.1,341,1.6,13,1.1
"13151","5","48411","77","0","2023","4","",29,189,201,223,2272930,682445,16856,856,"",1.24,1.29,1.36,1.51,1.40,2.89,4.80,1.01,"",-1,-3.3,73,62.9,84,71.8,108,93.9,1016608,80.9,373072,120.6,9862,141.0,23,2.8
"13151","5","484110","78","0","2023","4","",29,189,201,223,2272930,682445,16856,856,"",1.24,1.29,1.36,1.51,1.40,2.89,4.80,1.01,"",-1,-3.3,73,62.9,84,71.8,108,93.9,1016608,80.9,373072,120.6,9862,141.0,23,2.8
"13151","5","48412","77","0","2023","4","",92,521,494,509,8477332,606026,5250,1284,"",2.52,1.36,1.29,1.32,1.84,1.12,0.96,1.39,"",-4,-4.2,-37,-6.6,-60,-10.8,-38,-6.9,-252670,-2.9,-234083,-27.9,-9521,-64.5,70,5.8
"13151","5","484121","78","0","2023","4","",70,376,352,367,5747995,483206,3814,1211,"",2.29,1.44,1.34,1.40,1.91,1.17,0.95,1.37,"",-1,-1.4,-39,-9.4,-62,-15.0,-39,-9.6,-527693,-8.4,-260428,-35.0,-9604,-71.6,38,3.2
"13151","5","484122","78","0","2023","4","",22,145,142,142,2729337,122820,1436,1468,"",3.70,1.20,1.16,1.16,1.72,0.95,0.99,1.46,"",-3,-12.0,2,1.4,2,1.4,1,0.7,275023,11.2,26345,27.3,83,6.1,132,9.9
"13151","5","4842","76","0","2023","4","",33,137,132,138,2333694,210793,1569,1323,"",1.29,0.61,0.60,0.63,0.88,0.63,0.35,1.44,"",0,0.0,37,37.0,39,41.9,39,39.4,750959,47.4,65105,44.7,1102,236.0,72,5.8
"13151","5","48422","77","0","2023","4","",12,8,11,11,119907,21059,569,922,"",0.82,0.07,0.10,0.10,0.09,0.12,0.22,0.98,"N",-3,-20.0,0,0,0,0,0,0,0,0,0,0,0,0,0,0
"13151","5","484220","78","0","2023","4","",12,8,11,11,119907,21059,569,922,"",0.82,0.07,0.10,0.10,0.09,0.12,0.22,0.98,"N",-3,-20.0,0,0,0,0,0,0,0,0,0,0,0,0,0,0
"13151","5","48423","77","0","2023","4","",21,129,121,127,2213787,189734,1000,1355,"",3.44,1.98,1.86,1.94,2.49,2.05,1.09,1.29,"",4,23.5,34,35.8,35,40.7,36,39.6,726560,48.9,57085,43.0,719,255.9,93,7.4
"13151","5","484230","78","0","2023","4","",21,129,121,127,2213787,189734,1000,1355,"",3.44,1.98,1.86,1.94,2.49,2.05,1.09,1.29,"",4,23.5,34,35.8,35,40.7,36,39.6,726560,48.9,57085,43.0,719,255.9,93,7.4
"13151","5","485","75","0","2023","4","N",8,0,0,0,0,0,0,0,"N",0.78,0,0,0,0,0,0,0,"N",-1,-11.1,0,0,0,0,0,0,0,0,0,0,0,0,0,0
"13151","5","4853","76","0","2023","4","N",2,0,0,0,0,0,0,0,"N",0.57,0,0,0,0,0,0,0,"N",0,0.0,0,0,0,0,0,0,0,0,0,0,0,0,0,0
"13151","5","48532","77","0","2023","4","N",2,0,0,0,0,0,0,0,"N",0.98,0,0,0,0,0,0,0,"N",0,0.0,0,0,0,0,0,0,0,0,0,0,0,0,0,0
"13151","5","485320","78","0","2023","4","N",2,0,0,0,0,0,0,0,"N",0.98,0,0,0,0,0,0,0,"N",0,0.0,0,0,0,0,0,0,0,0,0,0,0,0,0,0
"13151","5","4854","76","0","2023","4","N",1,0,0,0,0,0,0,0,"N",0.50,0,0,0,0,0,0,0,"N",0,0.0,0,0,0,0,0,0,0,0,0,0,0,0,0,0
"13151","5","48541","77","0","2023","4","N",1,0,0,0,0,0,0,0,"N",0.50,0,0,0,0,0,0,0,"N",0,0.0,0,0,0,0,0,0,0,0,0,0,0,0,0,0
"13151","5","485410","78","0","2023","4","N",1,0,0,0,0,0,0,0,"N",0.50,0,0,0,0,0,0,0,"N",0,0.0,0,0,0,0,0,0,0,0,0,0,0,0,0,0
"13151","5","4855","76","0","2023","4","N",1,0,0,0,0,0,0,0,"N",1.54,0,0,0,0,0,0,0,"N",0,0.0,0,0,0,0,0,0,0,0,0,0,0,0,0,0
"13151","5","48551","77","0","2023","4","N",1,0,0,0,0,0,0,0,"N",1.54,0,0,0,0,0,0,0,"N",0,0.0,0,0,0,0,0,0,0,0,0,0,0,0,0,0
"13151","5","485510","78","0","2023","4","N",1,0,0,0,0,0,0,0,"N",1.54,0,0,0,0,0,0,0,"N",0,0.0,0,0,0,0,0,0,0,0,0,0,0,0,0,0
"13151","5","4859","76","0","2023","4","N",4,0,0,0,0,0,0,0,"N",1.14,0,0,0,0,0,0,0,"N",-1,-20.0,0,0,0,0,0,0,0,0,0,0,0,0,0,0
"13151","5","48599","77","0","2023","4","N",4,0,0,0,0,0,0,0,"N",1.14,0,0,0,0,0,0,0,"N",-1,-20.0,0,0,0,0,0,0,0,0,0,0,0,0,0,0
"13151","5","485991","78","0","2023","4","N",3,0,0,0,0,0,0,0,"N",1.52,0,0,0,0,0,0,0,"N",-1,-25.0,0,0,0,0,0,0,0,0,0,0,0,0,0,0
"13151","5","485999","78","0","2023","4","N",1,0,0,0,0,0,0,0,"N",0.65,0,0,0,0,0,0,0,"N",0,0.0,0,0,0,0,0,0,0,0,0,0,0,0,0,0
"13151","5","488","75","0","2023","4","",61,1052,1008,1013,13495626,1804938,27327,1013,"",2.26,2.65,2.52,2.51,2.58,3.09,3.61,1.01,"",10,19.6,-96,-8.4,-176,-14.9,-282,-21.8,-1010230,-7.0,-748367,-29.3,-20952,-43.4,90,9.8
"13151","5","4881","76","0","2023","4","",5,29,31,30,520668,39555,356,1335,"",1.16,0.23,0.24,0.23,0.38,0.20,0.14,1.63,"",0,0.0,-3,-9.4,0,0.0,-2,-6.2,5532,1.1,-3589,-8.3,-187,-34.4,84,6.7
"13151","5","48819","77","0","2023","4","",5,29,31,30,520668,39555,356,1335,"",1.57,0.43,0.45,0.43,0.56,0.46,0.35,1.29,"",0,0.0,-3,-9.4,0,0.0,-2,-6.2,5532,1.1,-3589,-8.3,-187,-34.4,84,6.7
"13151","5","488190","78","0","2023","4","",5,29,31,30,520668,39555,356,1335,"",1.57,0.43,0.45,0.43,0.56,0.46,0.35,1.29,"",0,0.0,-3,-9.4,0,0.0,-2,-6.2,5532,1.1,-3589,-8.3,-187,-34.4,84,6.7
"13151","5","4882","76","0","2023","4","N",1,0,0,0,0,0,0,0,"N",1.08,0,0,0,0,0,0,0,"N",0,0.0,0,0,0,0,0,0,0,0,0,0,0,0,0,0
"13151","5","48821","77","0","2023","4","N",1,0,0,0,0,0,0,0,"N",1.08,0,0,0,0,0,0,0,"N",0,0.0,0,0,0,0,0,0,0,0,0,0,0,0,0,0
"13151","5","488210","78","0","2023","4","N",1,0,0,0,0,0,0,0,"N",1.08,0,0,0,0,0,0,0,"N",0,0.0,0,0,0,0,0,0,0,0,0,0,0,0,0,0
"13151","5","4884","76","0","2023","4","",10,201,197,186,2189403,352209,1524,865,"",1.40,3.56,3.47,3.27,3.86,3.64,1.22,1.13,"",2,25.0,24,13.6,23,13.2,12,6.9,263927,13.7,42944,13.9,1263,483.9,19,2.2
"13151","5","48841","77","0","2023","4","N",5,0,0,0,0,0,0,0,"N",0.99,0,0,0,0,0,0,0,"N",1,25.0,0,0,0,0,0,0,0,0,0,0,0,0,0,0
"13151","5","488410","78","0","2023","4","N",5,0,0,0,0,0,0,0,"N",0.99,0,0,0,0,0,0,0,"N",1,25.0,0,0,0,0,0,0,0,0,0,0,0,0,0,0
"13151","5","48849","77","0","2023","4","N",5,0,0,0,0,0,0,0,"N",2.38,0,0,0,0,0,0,0,"N",1,25.0,0,0,0,0,0,0,0,0,0,0,0,0,0,0
"13151","5","488490","78","0","2023","4","N",5,0,0,0,0,0,0,0,"N",2.38,0,0,0,0,0,0,0,"N",1,25.0,0,0,0,0,0,0,0,0,0,0,0,0,0,0
"13151","5","4885","76","0","2023","4","",40,665,616,636,9033991,1233875,23697,1088,"",3.46,5.09,4.71,4.84,4.76,8.10,12.33,0.98,"",8,25.0,-106,-13.7,-185,-23.1,-273,-30.0,-1189400,-11.6,-626868,-33.7,-20426,-46.3,137,14.4
"13151","5","48851","77","0","2023","4","",40,665,616,636,9033991,1233875,23697,1088,"",3.46,5.09,4.71,4.84,4.76,8.10,12.33,0.98,"",8,25.0,-106,-13.7,-185,-23.1,-273,-30.0,-1189400,-11.6,-626868,-33.7,-20426,-46.3,137,14.4
"13151","5","488510","78","0","2023","4","",40,665,616,636,9033991,1233875,23697,1088,"",3.46,5.09,4.71,4.84,4.76,8.10,12.33,0.98,"",8,25.0,-106,-13.7,-185,-23.1,-273,-30.0,-1189400,-11.6,-626868,-33.7,-20426,-46.3,137,14.4
"13151","5","4889","76","0","2023","4","N",5,0,0,0,0,0,0,0,"N",2.96,0,0,0,0,0,0,0,"N",0,0.0,0,0,0,0,0,0,0,0,0,0,0,0,0,0
"13151","5","48899","77","0","2023","4","N",5,0,0,0,0,0,0,0,"N",2.96,0,0,0,0,0,0,0,"N",0,0.0,0,0,0,0,0,0,0,0,0,0,0,0,0,0
"13151","5","488999","78","0","2023","4","N",5,0,0,0,0,0,0,0,"N",4.93,0,0,0,0,0,0,0,"N",0,0.0,0,0,0,0,0,0,0,0,0,0,0,0,0,0
"13151","5","492","75","0","2023","4","",15,88,90,83,1139968,320046,7865,1008,"",1.37,0.17,0.15,0.13,0.21,0.30,0.60,1.40,"",-5,-25.0,3,3.5,-9,-9.1,-21,-20.2,-6451,-0.6,19134,6.4,502,6.8,89,9.7
"13151","5","4921","76","0","2023","4","N",12,0,0,0,0,0,0,0,"N",1.79,0,0,0,0,0,0,0,"N",-2,-14.3,0,0,0,0,0,0,0,0,0,0,0,0,0,0
"13151","5","49211","77","0","2023","4","N",12,0,0,0,0,0,0,0,"N",1.79,0,0,0,0,0,0,0,"N",-2,-14.3,0,0,0,0,0,0,0,0,0,0,0,0,0,0
"13151","5","492110","78","0","2023","4","N",12,0,0,0,0,0,0,0,"N",1.79,0,0,0,0,0,0,0,"N",-2,-14.3,0,0,0,0,0,0,0,0,0,0,0,0,0,0
"13151","5","4922","76","0","2023","4","N",3,0,0,0,0,0,0,0,"N",0.71,0,0,0,0,0,0,0,"N",-3,-50.0,0,0,0,0,0,0,0,0,0,0,0,0,0,0
"13151","5","49221","77","0","2023","4","N",3,0,0,0,0,0,0,0,"N",0.71,0,0,0,0,0,0,0,"N",-3,-50.0,0,0,0,0,0,0,0,0,0,0,0,0,0,0
"13151","5","492210","78","0","2023","4","N",3,0,0,0,0,0,0,0,"N",0.71,0,0,0,0,0,0,0,"N",-3,-50.0,0,0,0,0,0,0,0,0,0,0,0,0,0,0
"13151","5","493","75","0","2023","4","",56,6168,6154,6099,81328273,5873885,74735,1019,"",5.34,6.76,6.29,6.21,9.11,3.58,3.46,1.42,"",9,19.1,-519,-7.8,-526,-7.9,-483,-7.3,-279931,-0.3,-1822123,-23.7,-41562,-35.7,75,7.9
"13151","5","4931","76","0","2023","4","",56,6168,6154,6099,81328273,5873885,74735,1019,"",5.34,6.76,6.29,6.21,9.11,3.58,3.46,1.42,"",9,19.1,-519,-7.8,-526,-7.9,-483,-7.3,-279931,-0.3,-1822123,-23.7,-41562,-35.7,75,7.9
"13151","5","49311","77","0","2023","4","",48,5226,5213,5157,68847082,4685386,45799,1019,"",6.02,6.18,5.72,5.64,8.42,3.03,2.26,1.44,"",9,23.1,-413,-7.3,-430,-7.6,-433,-7.7,192651,0.3,-1342963,-22.3,-33021,-41.9,80,8.5
"13151","5","493110","78","0","2023","4","",48,5226,5213,5157,68847082,4685386,45799,1019,"",6.02,6.18,5.72,5.64,8.42,3.03,2.26,1.44,"",9,23.1,-413,-7.3,-430,-7.6,-433,-7.7,192651,0.3,-1342963,-22.3,-33021,-41.9,80,8.5
"13151","5","49312","77","0","2023","4","N",3,0,0,0,0,0,0,0,"N",3.59,0,0,0,0,0,0,0,"N",0,0.0,0,0,0,0,0,0,0,0,0,0,0,0,0,0
"13151","5","493120","78","0","2023","4","N",3,0,0,0,0,0,0,0,"N",3.59,0,0,0,0,0,0,0,"N",0,0.0,0,0,0,0,0,0,0,0,0,0,0,0,0,0
"13151","5","49313","77","0","2023","4","N",1,0,0,0,0,0,0,0,"N",2.35,0,0,0,0,0,0,0,"N",0,0.0,0,0,0,0,0,0,0,0,0,0,0,0,0,0
"13151","5","493130","78","0","2023","4","N",1,0,0,0,0,0,0,0,"N",2.35,0,0,0,0,0,0,0,"N",0,0.0,0,0,0,0,0,0,0,0,0,0,0,0,0,0
"13151","5","49319","77","0","2023","4","N",4,0,0,0,0,0,0,0,"N",3.21,0,0,0,0,0,0,0,"N",0,0.0,0,0,0,0,0,0,0,0,0,0,0,0,0,0
"13151","5","493190","78","0","2023","4","N",4,0,0,0,0,0,0,0,"N",3.21,0,0,0,0,0,0,0,"N",0,0.0,0,0,0,0,0,0,0,0,0,0,0,0,0,0
"13151","5","51","74","0","2023","4","",54,737,648,676,12654523,1779101,15638,1417,"",0.40,0.52,0.45,0.47,0.33,1.34,0.79,0.68,"",-10,-15.6,-1188,-61.7,-1182,-64.6,-767,-53.2,-22156694,-63.6,-3507592,-66.3,-46409,-74.8,-128,-8.3
"13151","5","512","75","0","2023","4","N",11,0,0,0,0,0,0,0,"N",0.57,0,0,0,0,0,0,0,"N",-3,-21.4,0,0,0,0,0,0,0,0,0,0,0,0,0,0
"13151","5","5121","76","0","2023","4","N",8,0,0,0,0,0,0,0,"N",0.48,0,0,0,0,0,0,0,"N",-2,-20.0,0,0,0,0,0,0,0,0,0,0,0,0,0,0
"13151","5","51211","77","0","2023","4","N",7,0,0,0,0,0,0,0,"N",0.58,0,0,0,0,0,0,0,"N",-2,-22.2,0,0,0,0,0,0,0,0,0,0,0,0,0,0
"13151","5","512110","78","0","2023","4","N",7,0,0,0,0,0,0,0,"N",0.58,0,0,0,0,0,0,0,"N",-2,-22.2,0,0,0,0,0,0,0,0,0,0,0,0,0,0
"13151","5","51213","77","0","2023","4","N",1,0,0,0,0,0,0,0,"N",0.50,0,0,0,0,0,0,0,"N",0,0.0,0,0,0,0,0,0,0,0,0,0,0,0,0,0
"13151","5","512131","78","0","2023","4","N",1,0,0,0,0,0,0,0,"N",0.52,0,0,0,0,0,0,0,"N",0,0.0,0,0,0,0,0,0,0,0,0,0,0,0,0,0
"13151","5","5122","76","0","2023","4","N",3,0,0,0,0,0,0,0,"N",1.18,0,0,0,0,0,0,0,"N",-1,-25.0,0,0,0,0,0,0,0,0,0,0,0,0,0,0
"13151","5","51224","77","0","2023","4","N",1,0,0,0,0,0,0,0,"N",1.08,0,0,0,0,0,0,0,"N",0,0.0,0,0,0,0,0,0,0,0,0,0,0,0,0,0
"13151","5","512240","78","0","2023","4","N",1,0,0,0,0,0,0,0,"N",1.08,0,0,0,0,0,0,0,"N",0,0.0,0,0,0,0,0,0,0,0,0,0,0,0,0,0
"13151","5","51225","77","0","2023","4","N",2,0,0,0,0,0,0,0,"N",3.14,0,0,0,0,0,0,0,"N",0,0.0,0,0,0,0,0,0,0,0,0,0,0,0,0,0
"13151","5","512250","78","0","2023","4","N",2,0,0,0,0,0,0,0,"N",3.14,0,0,0,0,0,0,0,"N",0,0.0,0,0,0,0,0,0,0,0,0,0,0,0,0,0
"13151","5","513","75","0","2023","4","",12,44,47,50,935297,21473,383,1531,"",0.21,0.10,0.11,0.11,0.07,0.05,0.07,0.67,"",2,20.0,-5,-10.2,2,4.4,7,16.3,120640,14.8,-13352,-38.3,-515,-57.3,159,11.6
"13151","5","5131","76","0","2023","4","",6,3,3,3,72365,0,0,1856,"",0.43,0.02,0.02,0.02,0.03,0.00,0.00,1.35,"",0,0.0,-5,-62.5,-5,-62.5,-4,-57.1,19421,36.7,0,0.0,0,0.0,1325,249.5
"13151","5","51312","77","0","2023","4","N",3,0,0,0,0,0,0,0,"N",0.79,0,0,0,0,0,0,0,"N",0,0.0,0,0,0,0,0,0,0,0,0,0,0,0,0,0
"13151","5","513120","78","0","2023","4","N",3,0,0,0,0,0,0,0,"N",0.79,0,0,0,0,0,0,0,"N",0,0.0,0,0,0,0,0,0,0,0,0,0,0,0,0,0
"13151","5","51313","77","0","2023","4","N",1,0,0,0,0,0,0,0,"N",0.40,0,0,0,0,0,0,0,"N",0,0.0,0,0,0,0,0,0,0,0,0,0,0,0,0,0
"13151","5","513130","78","0","2023","4","N",1,0,0,0,0,0,0,0,"N",0.40,0,0,0,0,0,0,0,"N",0,0.0,0,0,0,0,0,0,0,0,0,0,0,0,0,0
"13151","5","51319","77","0","2023","4","N",2,0,0,0,0,0,0,0,"N",0.59,0,0,0,0,0,0,0,"N",0,0.0,0,0,0,0,0,0,0,0,0,0,0,0,0,0
"13151","5","513199","78","0","2023","4","N",2,0,0,0,0,0,0,0,"N",0.60,0,0,0,0,0,0,0,"N",0,0.0,0,0,0,0,0,0,0,0,0,0,0,0,0,0
"13151","5","5132","76","0","2023","4","",6,41,44,47,862932,21473,383,1509,"",0.14,0.13,0.14,0.15,0.08,0.07,0.10,0.56,"",2,50.0,0,0.0,7,18.9,11,30.6,101219,13.3,-13352,-38.3,-515,-57.3,-33,-2.1
"13151","5","51321","77","0","2023","4","",6,41,44,47,862932,21473,383,1509,"",0.14,0.13,0.14,0.15,0.08,0.07,0.10,0.56,"",2,50.0,0,0.0,7,18.9,11,30.6,101219,13.3,-13352,-38.3,-515,-57.3,-33,-2.1
"13151","5","513210","78","0","2023","4","",6,41,44,47,862932,21473,383,1509,"",0.14,0.13,0.14,0.15,0.08,0.07,0.10,0.56,"",2,50.0,0,0.0,7,18.9,11,30.6,101219,13.3,-13352,-38.3,-515,-57.3,-33,-2.1
"13151","5","516","75","0","2023","4","N",4,0,0,0,0,0,0,0,"N",0.41,0,0,0,0,0,0,0,"N",1,33.3,0,0,0,0,0,0,0,0,0,0,0,0,0,0
"13151","5","5161","76","0","2023","4","N",3,0,0,0,0,0,0,0,"N",1.07,0,0,0,0,0,0,0,"N",2,200.0,0,0,0,0,0,0,0,0,0,0,0,0,0,0
"13151","5","51611","77","0","2023","4","N",2,0,0,0,0,0,0,0,"N",0.99,0,0,0,0,0,0,0,"N",2,100.0,0,0,0,0,0,0,0,0,0,0,0,0,0,0
"13151","5","516110","78","0","2023","4","N",2,0,0,0,0,0,0,0,"N",0.99,0,0,0,0,0,0,0,"N",2,100.0,0,0,0,0,0,0,0,0,0,0,0,0,0,0
"13151","5","51612","77","0","2023","4","N",1,0,0,0,0,0,0,0,"N",1.27,0,0,0,0,0,0,0,"N",0,0.0,0,0,0,0,0,0,0,0,0,0,0,0,0,0
"13151","5","516120","78","0","2023","4","N",1,0,0,0,0,0,0,0,"N",1.27,0,0,0,0,0,0,0,"N",0,0.0,0,0,0,0,0,0,0,0,0,0,0,0,0,0
"13151","5","5162","76","0","2023","4","N",1,0,0,0,0,0,0,0,"N",0.15,0,0,0,0,0,0,0,"N",-1,-50.0,0,0,0,0,0,0,0,0,0,0,0,0,0,0
"13151","5","51621","77","0","2023","4","N",1,0,0,0,0,0,0,0,"N",0.15,0,0,0,0,0,0,0,"N",-1,-50.0,0,0,0,0,0,0,0,0,0,0,0,0,0,0
"13151","5","516210","78","0","2023","4","N",1,0,0,0,0,0,0,0,"N",0.15,0,0,0,0,0,0,0,"N",-1,-50.0,0,0,0,0,0,0,0,0,0,0,0,0,0,0
"13151","5","517","75","0","2023","4","",15,348,359,362,5960282,304710,5230,1287,"",0.88,1.11,1.15,1.16,1.02,1.26,1.80,0.90,"",-14,-48.3,-450,-56.4,-410,-53.3,-393,-52.1,-11886414,-66.6,-152104,-33.3,2661,103.6,-487,-27.5
"13151","5","5171","76","0","2023","4","",11,322,333,334,5365693,268920,4091,1252,"",0.78,1.13,1.17,1.17,1.04,1.21,1.54,0.90,"",-15,-57.7,-447,-58.1,-407,-55.0,-393,-54.1,-11653584,-68.5,-130260,-32.6,2444,148.4,-504,-28.7
"13151","5","51711","77","0","2023","4","N",10,0,0,0,0,0,0,0,"N",0.84,0,0,0,0,0,0,0,"N",-15,-60.0,0,0,0,0,0,0,0,0,0,0,0,0,0,0
"13151","5","517111","78","0","2023","4","",9,244,254,256,4300928,134550,517,1316,"",1.03,1.08,1.13,1.14,1.06,0.83,0.27,0.95,"",-15,-62.5,-378,-60.8,-366,-59.0,-357,-58.2,-11285213,-72.4,-91047,-40.4,-225,-30.3,-623,-32.1
"13151","5","517112","78","0","2023","4","N",1,0,0,0,0,0,0,0,"N",0.32,0,0,0,0,0,0,0,"N",0,0.0,0,0,0,0,0,0,0,0,0,0,0,0,0,0
"13151","5","51712","77","0","2023","4","N",1,0,0,0,0,0,0,0,"N",0.47,0,0,0,0,0,0,0,"N",0,0.0,0,0,0,0,0,0,0,0,0,0,0,0,0,0
"13151","5","517121","78","0","2023","4","N",1,0,0,0,0,0,0,0,"N",0.47,0,0,0,0,0,0,0,"N",0,0.0,0,0,0,0,0,0,0,0,0,0,0,0,0,0
"13151","5","5174","76","0","2023","4","N",2,0,0,0,0,0,0,0,"N",4.15,0,0,0,0,0,0,0,"N",1,100.0,0,0,0,0,0,0,0,0,0,0,0,0,0,0
"13151","5","51741","77","0","2023","4","N",2,0,0,0,0,0,0,0,"N",4.15,0,0,0,0,0,0,0,"N",1,100.0,0,0,0,0,0,0,0,0,0,0,0,0,0,0
"13151","5","517410","78","0","2023","4","N",2,0,0,0,0,0,0,0,"N",4.15,0,0,0,0,0,0,0,"N",1,100.0,0,0,0,0,0,0,0,0,0,0,0,0,0,0
"13151","5","5178","76","0","2023","4","N",2,0,0,0,0,0,0,0,"N",0.82,0,0,0,0,0,0,0,"N",0,0.0,0,0,0,0,0,0,0,0,0,0,0,0,0,0
"13151","5","51781","77","0","2023","4","N",2,0,0,0,0,0,0,0,"N",0.82,0,0,0,0,0,0,0,"N",0,0.0,0,0,0,0,0,0,0,0,0,0,0,0,0,0
"13151","5","517810","78","0","2023","4","N",2,0,0,0,0,0,0,0,"N",0.82,0,0,0,0,0,0,0,"N",0,0.0,0,0,0,0,0,0,0,0,0,0,0,0,0,0
"13151","5","518","75","0","2023","4","",11,32,31,35,1063060,69496,1974,2503,"",0.43,0.14,0.13,0.15,0.15,0.33,0.72,1.06,"",3,37.5,-10,-23.8,-15,-32.6,-4,-10.3,-317119,-23.0,5204,8.1,557,39.3,-5,-0.2
"13151","5","5182","76","0","2023","4","",11,32,31,35,1063060,69496,1974,2503,"",0.43,0.14,0.13,0.15,0.15,0.33,0.72,1.06,"",3,37.5,-10,-23.8,-15,-32.6,-4,-10.3,-317119,-23.0,5204,8.1,557,39.3,-5,-0.2
"13151","5","51821","77","0","2023","4","",11,32,31,35,1063060,69496,1974,2503,"",0.43,0.14,0.13,0.15,0.15,0.33,0.72,1.06,"",3,37.5,-10,-23.8,-15,-32.6,-4,-10.3,-317119,-23.0,5204,8.1,557,39.3,-5,-0.2
"13151","5","518210","78","0","2023","4","",11,32,31,35,1063060,69496,1974,2503,"",0.43,0.14,0.13,0.15,0.15,0.33,0.72,1.06,"",3,37.5,-10,-23.8,-15,-32.6,-4,-10.3,-317119,-23.0,5204,8.1,557,39.3,-5,-0.2
"13151","5","519","75","0","2023","4","N",1,0,0,0,0,0,0,0,"N",0.12,0,0,0,0,0,0,0,"N",1,100.0,0,0,0,0,0,0,0,0,0,0,0,0,0,0
"13151","5","5192","76","0","2023","4","N",1,0,0,0,0,0,0,0,"N",0.12,0,0,0,0,0,0,0,"N",1,100.0,0,0,0,0,0,0,0,0,0,0,0,0,0,0
"13151","5","51929","77","0","2023","4","N",1,0,0,0,0,0,0,0,"N",0.14,0,0,0,0,0,0,0,"N",1,100.0,0,0,0,0,0,0,0,0,0,0,0,0,0,0
"13151","5","519290","78","0","2023","4","N",1,0,0,0,0,0,0,0,"N",0.14,0,0,0,0,0,0,0,"N",1,100.0,0,0,0,0,0,0,0,0,0,0,0,0,0,0
"13151","5","52","74","0","2023","4","",224,3217,3313,3405,63866810,3267358,45354,1483,"",0.82,1.05,1.08,1.11,0.91,1.28,1.68,0.85,"",-6,-2.6,2073,181.2,2168,189.3,2267,199.2,39425815,161.3,2357925,259.3,30530,205.9,-163,-9.9
"13151","5","522","75","0","2023","4","",71,442,435,443,6642224,206899,2327,1161,"",0.78,0.35,0.34,0.35,0.29,0.21,0.23,0.84,"",2,2.9,-82,-15.6,-80,-15.5,-70,-13.6,-6627636,-49.9,-62459,-23.2,-373,-13.8,-812,-41.2
"13151","5","5221","76","0","2023","4","",35,260,264,265,3739642,93360,600,1094,"",0.70,0.30,0.30,0.30,0.26,0.14,0.11,0.85,"",-2,-5.4,-60,-18.8,-51,-16.2,-54,-16.9,-6521431,-63.6,-54482,-36.9,-247,-29.2,-1388,-55.9
"13151","5","52211","77","0","2023","4","N",32,0,0,0,0,0,0,0,"N",0.86,0,0,0,0,0,0,0,"N",-3,-8.6,0,0,0,0,0,0,0,0,0,0,0,0,0,0
"13151","5","522110","78","0","2023","4","N",32,0,0,0,0,0,0,0,"N",0.86,0,0,0,0,0,0,0,"N",-3,-8.6,0,0,0,0,0,0,0,0,0,0,0,0,0,0
"13151","5","52213","77","0","2023","4","N",3,0,0,0,0,0,0,0,"N",0.32,0,0,0,0,0,0,0,"N",1,50.0,0,0,0,0,0,0,0,0,0,0,0,0,0,0
"13151","5","522130","78","0","2023","4","N",3,0,0,0,0,0,0,0,"N",0.32,0,0,0,0,0,0,0,"N",1,50.0,0,0,0,0,0,0,0,0,0,0,0,0,0,0
"13151","5","5222","76","0","2023","4","",28,160,151,158,2726767,101313,1666,1342,"",1.12,0.63,0.59,0.62,0.55,0.43,0.58,0.89,"",4,16.7,-18,-10.1,-23,-13.2,-12,-7.1,8664,0.3,-130,-0.1,134,8.7,140,11.6
"13151","5","52222","77","0","2023","4","N",1,0,0,0,0,0,0,0,"N",0.33,0,0,0,0,0,0,0,"N",0,0.0,0,0,0,0,0,0,0,0,0,0,0,0,0,0
"13151","5","522220","78","0","2023","4","N",1,0,0,0,0,0,0,0,"N",0.33,0,0,0,0,0,0,0,"N",0,0.0,0,0,0,0,0,0,0,0,0,0,0,0,0,0
"13151","5","52229","77","0","2023","4","N",27,0,0,0,0,0,0,0,"N",1.26,0,0,0,0,0,0,0,"N",4,17.4,0,0,0,0,0,0,0,0,0,0,0,0,0,0
"13151","5","522291","78","0","2023","4","",9,44,40,43,512871,25175,188,932,"",1.22,0.98,0.90,0.96,0.68,0.42,0.29,0.72,"",1,12.5,4,10.0,-2,-4.8,3,7.5,80246,18.5,-4383,-14.8,-65,-25.7,114,13.9
"13151","5","522292","78","0","2023","4","",7,71,68,72,1744309,54922,1405,1908,"",0.77,0.78,0.75,0.80,1.00,0.64,1.12,1.29,"N",4,133.3,0,0,0,0,0,0,0,0,0,0,0,0,0,0
"13151","5","522299","78","0","2023","4","N",11,0,0,0,0,0,0,0,"N",2.22,0,0,0,0,0,0,0,"N",-1,-8.3,0,0,0,0,0,0,0,0,0,0,0,0,0,0
"13151","5","5223","76","0","2023","4","",8,22,20,20,175815,12226,61,654,"",0.49,0.16,0.14,0.14,0.06,0.10,0.04,0.39,"",0,0.0,-4,-15.4,-6,-23.1,-4,-16.7,-114869,-39.5,-7847,-39.1,-260,-81.0,-229,-25.9
"13151","5","52231","77","0","2023","4","N",3,0,0,0,0,0,0,0,"N",0.36,0,0,0,0,0,0,0,"N",0,0.0,0,0,0,0,0,0,0,0,0,0,0,0,0,0
"13151","5","522310","78","0","2023","4","N",3,0,0,0,0,0,0,0,"N",0.36,0,0,0,0,0,0,0,"N",0,0.0,0,0,0,0,0,0,0,0,0,0,0,0,0,0
"13151","5","52239","77","0","2023","4","N",5,0,0,0,0,0,0,0,"N",1.41,0,0,0,0,0,0,0,"N",0,0.0,0,0,0,0,0,0,0,0,0,0,0,0,0,0
"13151","5","522390","78","0","2023","4","N",5,0,0,0,0,0,0,0,"N",1.41,0,0,0,0,0,0,0,"N",0,0.0,0,0,0,0,0,0,0,0,0,0,0,0,0,0
"13151","5","523","75","0","2023","4","N",43,0,0,0,0,0,0,0,"N",0.61,0,0,0,0,0,0,0,"N",0,0.0,0,0,0,0,0,0,0,0,0,0,0,0,0,0
"13151","5","5231","76","0","2023","4","N",21,0,0,0,0,0,0,0,"N",1.06,0,0,0,0,0,0,0,"N",2,10.5,0,0,0,0,0,0,0,0,0,0,0,0,0,0
"13151","5","52315","77","0","2023","4","N",21,0,0,0,0,0,0,0,"N",1.16,0,0,0,0,0,0,0,"N",2,10.5,0,0,0,0,0,0,0,0,0,0,0,0,0,0
"13151","5","523150","78","0","2023","4","N",21,0,0,0,0,0,0,0,"N",1.16,0,0,0,0,0,0,0,"N",2,10.5,0,0,0,0,0,0,0,0,0,0,0,0,0,0
"13151","5","5239","76","0","2023","4","",22,97,94,91,2228854,82681,914,1824,"",0.44,0.34,0.32,0.31,0.15,0.31,0.26,0.47,"",-2,-8.3,0,0.0,-9,-8.7,-13,-12.5,-49022,-2.2,-37527,-31.2,-1221,-57.2,95,5.5
"13151","5","52391","77","0","2023","4","",4,14,14,13,497578,23500,293,2801,"",0.87,0.83,0.83,0.76,0.55,1.32,1.11,0.68,"",0,0.0,5,55.6,5,55.6,6,85.7,168372,51.1,22070,1543.4,292,29200.0,-238,-7.8
"13151","5","523910","78","0","2023","4","",4,14,14,13,497578,23500,293,2801,"",0.87,0.83,0.83,0.76,0.55,1.32,1.11,0.68,"",0,0.0,5,55.6,5,55.6,6,85.7,168372,51.1,22070,1543.4,292,29200.0,-238,-7.8
"13151","5","52394","77","0","2023","4","",18,83,80,78,1731276,59181,621,1658,"",0.44,0.34,0.33,0.32,0.13,0.27,0.22,0.41,"",-2,-10.0,-5,-5.7,-14,-14.9,-19,-19.6,-217394,-11.2,-59597,-50.2,-1513,-70.9,46,2.9
"13151","5","523940","78","0","2023","4","",18,83,80,78,1731276,59181,621,1658,"",0.44,0.34,0.33,0.32,0.13,0.27,0.22,0.41,"",-2,-10.0,-5,-5.7,-14,-14.9,-19,-19.6,-217394,-11.2,-59597,-50.2,-1513,-70.9,46,2.9
"13151","5","524","75","0","2023","4","",109,2643,2751,2837,54164582,2964432,42057,1519,"",1.04,2.11,2.19,2.25,2.48,2.76,3.87,1.14,"",-7,-6.0,2148,433.9,2252,451.3,2345,476.6,45939561,558.5,2459518,487.1,32138,324.0,242,19.0
"13151","5","5241","76","0","2023","4","",7,63,66,68,1832345,105221,1451,2146,"",0.42,0.11,0.11,0.12,0.17,0.25,0.36,1.56,"",0,0.0,51,425.0,55,500.0,57,518.2,1558381,568.8,89126,553.7,1047,259.2,287,15.4
"13151","5","52411","77","0","2023","4","N",1,0,0,0,0,0,0,0,"N",0.16,0,0,0,0,0,0,0,"N",1,100.0,0,0,0,0,0,0,0,0,0,0,0,0,0,0
"13151","5","524113","78","0","2023","4","N",1,0,0,0,0,0,0,0,"N",0.41,0,0,0,0,0,0,0,"N",1,100.0,0,0,0,0,0,0,0,0,0,0,0,0,0,0
"13151","5","52412","77","0","2023","4","N",4,0,0,0,0,0,0,0,"N",0.42,0,0,0,0,0,0,0,"N",-1,-20.0,0,0,0,0,0,0,0,0,0,0,0,0,0,0
"13151","5","524126","78","0","2023","4","N",4,0,0,0,0,0,0,0,"N",0.68,0,0,0,0,0,0,0,"N",-1,-20.0,0,0,0,0,0,0,0,0,0,0,0,0,0,0
"13151","5","52413","77","0","2023","4","N",2,0,0,0,0,0,0,0,"N",3.59,0,0,0,0,0,0,0,"N",0,0.0,0,0,0,0,0,0,0,0,0,0,0,0,0,0
"13151","5","524130","78","0","2023","4","N",2,0,0,0,0,0,0,0,"N",3.59,0,0,0,0,0,0,0,"N",0,0.0,0,0,0,0,0,0,0,0,0,0,0,0,0,0
"13151","5","5242","76","0","2023","4","",102,2580,2685,2769,52332237,2859211,40606,1503,"",1.15,3.86,4.00,4.12,4.62,4.39,5.91,1.16,"",-7,-6.4,2097,434.2,2197,450.2,2288,475.7,44381180,558.2,2370392,484.9,31091,326.8,239,18.9
"13151","5","52421","77","0","2023","4","",97,2554,2660,2744,51662469,2846788,40073,1498,"",1.29,5.29,5.47,5.64,6.23,5.91,8.16,1.14,"",-5,-4.9,2089,449.2,2189,464.8,2280,491.4,44113285,584.3,2391716,525.6,32103,402.8,254,20.4
"13151","5","524210","78","0","2023","4","",97,2554,2660,2744,51662469,2846788,40073,1498,"",1.29,5.29,5.47,5.64,6.23,5.91,8.16,1.14,"",-5,-4.9,2089,449.2,2189,464.8,2280,491.4,44113285,584.3,2391716,525.6,32103,402.8,254,20.4
"13151","5","52429","77","0","2023","4","",5,26,25,25,669768,12423,533,2034,"",0.37,0.14,0.13,0.13,0.22,0.07,0.27,1.61,"",-2,-28.6,8,44.4,8,47.1,8,47.1,267895,66.7,-21324,-63.2,-1012,-65.5,251,14.1
"13151","5","524291","78","0","2023","4","N",1,0,0,0,0,0,0,0,"N",0.25,0,0,0,0,0,0,0,"N",-1,-50.0,0,0,0,0,0,0,0,0,0,0,0,0,0,0
"13151","5","524292","78","0","2023","4","N",1,0,0,0,0,0,0,0,"N",0.22,0,0,0,0,0,0,0,"N",1,100.0,0,0,0,0,0,0,0,0,0,0,0,0,0,0
"13151","5","524298","78","0","2023","4","N",3,0,0,0,0,0,0,0,"N",0.58,0,0,0,0,0,0,0,"N",-2,-40.0,0,0,0,0,0,0,0,0,0,0,0,0,0,0
"13151","5","525","75","0","2023","4","N",1,0,0,0,0,0,0,0,"N",0.21,0,0,0,0,0,0,0,"N",-1,-50.0,0,0,0,0,0,0,0,0,0,0,0,0,0,0
"13151","5","5251","76","0","2023","4","N",1,0,0,0,0,0,0,0,"N",1.11,0,0,0,0,0,0,0,"N",0,0.0,0,0,0,0,0,0,0,0,0,0,0,0,0,0
"13151","5","52512","77","0","2023","4","N",1,0,0,0,0,0,0,0,"N",3.04,0,0,0,0,0,0,0,"N",0,0.0,0,0,0,0,0,0,0,0,0,0,0,0,0,0
"13151","5","525120","78","0","2023","4","N",1,0,0,0,0,0,0,0,"N",3.04,0,0,0,0,0,0,0,"N",0,0.0,0,0,0,0,0,0,0,0,0,0,0,0,0,0
"13151","5","5259","76","0","2023","4","-",0,0,0,0,0,0,0,0,"N",0.00,0,0,0,0,0,0,0,"N",-1,-100.0,0,0,0,0,0,0,0,0,0,0,0,0,0,0
"13151","5","52599","77","0","2023","4","-",0,0,0,0,0,0,0,0,"N",0.00,0,0,0,0,0,0,0,"N",-1,-100.0,0,0,0,0,0,0,0,0,0,0,0,0,0,0
"13151","5","525990","78","0","2023","4","-",0,0,0,0,0,0,0,0,"N",0.00,0,0,0,0,0,0,0,"N",-1,-100.0,0,0,0,0,0,0,0,0,0,0,0,0,0,0
"13151","5","53","74","0","2023","4","",242,1192,1158,1141,18538550,1307447,21286,1225,"",1.04,1.02,0.99,0.97,1.14,0.82,1.04,1.15,"",15,6.6,73,6.5,40,3.6,46,4.2,1522910,9.0,-157212,-10.7,-6083,-22.2,47,4.0
"13151","5","531","75","0","2023","4","",205,672,655,624,10512457,800199,14565,1243,"",1.01,0.76,0.74,0.70,0.84,0.65,0.94,1.14,"",11,5.7,33,5.2,12,1.9,-2,-0.3,278518,2.7,-244498,-23.4,-7537,-34.1,5,0.4
"13151","5","5311","76","0","2023","4","",58,314,304,283,5404347,368712,8875,1384,"",1.01,1.02,0.99,0.92,1.37,0.94,1.73,1.40,"",8,16.0,-43,-12.0,-56,-15.6,-64,-18.4,-468049,-8.0,-337457,-47.8,-8166,-47.9,110,8.6
"13151","5","53111","77","0","2023","4","",20,241,243,223,4518674,291871,7782,1475,"",0.64,1.35,1.35,1.24,2.22,1.25,2.61,1.70,"",3,17.6,-1,-0.4,-2,-0.8,-12,-5.1,58017,1.3,-271165,-48.2,-7459,-48.9,49,3.4
"13151","5","531110","78","0","2023","4","",20,241,243,223,4518674,291871,7782,1475,"",0.64,1.35,1.35,1.24,2.22,1.25,2.61,1.70,"",3,17.6,-1,-0.4,-2,-0.8,-12,-5.1,58017,1.3,-271165,-48.2,-7459,-48.9,49,3.4
"13151","5","53112","77","0","2023","4","",17,48,35,33,461482,52302,840,918,"",1.33,0.62,0.45,0.43,0.33,0.60,0.68,0.67,"",6,54.5,-33,-40.7,-45,-56.2,-41,-55.4,-363447,-44.1,-59308,-53.1,-863,-50.7,108,13.3
"13151","5","531120","78","0","2023","4","",17,48,35,33,461482,52302,840,918,"",1.33,0.62,0.45,0.43,0.33,0.60,0.68,0.67,"",6,54.5,-33,-40.7,-45,-56.2,-41,-55.4,-363447,-44.1,-59308,-53.1,-863,-50.7,108,13.3
"13151","5","53113","77","0","2023","4","N",20,0,0,0,0,0,0,0,"N",2.28,0,0,0,0,0,0,0,"N",2,11.1,0,0,0,0,0,0,0,0,0,0,0,0,0,0
"13151","5","531130","78","0","2023","4","N",20,0,0,0,0,0,0,0,"N",2.28,0,0,0,0,0,0,0,"N",2,11.1,0,0,0,0,0,0,0,0,0,0,0,0,0,0
"13151","5","53119","77","0","2023","4","N",1,0,0,0,0,0,0,0,"N",0.20,0,0,0,0,0,0,0,"N",-3,-75.0,0,0,0,0,0,0,0,0,0,0,0,0,0,0
"13151","5","531190","78","0","2023","4","N",1,0,0,0,0,0,0,0,"N",0.20,0,0,0,0,0,0,0,"N",-3,-75.0,0,0,0,0,0,0,0,0,0,0,0,0,0,0
"13151","5","5312","76","0","2023","4","",108,184,179,175,2129102,224978,2736,913,"",1.40,1.05,1.02,0.98,0.71,0.80,0.83,0.70,"",-1,-0.9,-3,-1.6,-6,-3.2,-6,-3.3,-354999,-14.3,40052,21.7,16,0.6,-124,-12.0
"13151","5","53121","77","0","2023","4","",108,184,179,175,2129102,224978,2736,913,"",1.40,1.05,1.02,0.98,0.71,0.80,0.83,0.70,"",-1,-0.9,-3,-1.6,-6,-3.2,-6,-3.3,-354999,-14.3,40052,21.7,16,0.6,-124,-12.0
"13151","5","531210","78","0","2023","4","",108,184,179,175,2129102,224978,2736,913,"",1.40,1.05,1.02,0.98,0.71,0.80,0.83,0.70,"",-1,-0.9,-3,-1.6,-6,-3.2,-6,-3.3,-354999,-14.3,40052,21.7,16,0.6,-124,-12.0
"13151","5","5313","76","0","2023","4","",39,174,172,166,2979008,206509,2954,1343,"",0.58,0.44,0.43,0.41,0.54,0.37,0.42,1.26,"",4,11.4,79,83.2,74,75.5,68,69.4,1101566,58.7,52907,34.4,613,26.2,-146,-9.8
"13151","5","53131","77","0","2023","4","",26,166,164,157,2831073,201373,2947,1342,"",0.56,0.49,0.48,0.46,0.64,0.42,0.49,1.35,"",4,18.2,83,100.0,78,90.7,71,82.6,1146001,68.0,53621,36.3,635,27.5,-183,-12.0
"13151","5","531311","78","0","2023","4","",20,110,110,107,1608132,96657,1247,1135,"",0.56,0.43,0.43,0.41,0.54,0.25,0.25,1.29,"N",1,5.3,0,0,0,0,0,0,0,0,0,0,0,0,0,0
"13151","5","531312","78","0","2023","4","",6,56,54,50,1222941,104716,1700,1764,"",0.55,0.67,0.65,0.60,0.83,1.16,1.53,1.31,"N",3,100.0,0,0,0,0,0,0,0,0,0,0,0,0,0,0
"13151","5","53132","77","0","2023","4","",9,5,5,5,70486,3636,3,1084,"",1.39,0.34,0.35,0.35,0.38,0.20,0.02,1.09,"",0,0.0,-4,-44.4,-3,-37.5,-3,-37.5,-39585,-36.0,-1364,-27.3,1,50.0,68,6.7
"13151","5","531320","78","0","2023","4","",9,5,5,5,70486,3636,3,1084,"",1.39,0.34,0.35,0.35,0.38,0.20,0.02,1.09,"",0,0.0,-4,-44.4,-3,-37.5,-3,-37.5,-39585,-36.0,-1364,-27.3,1,50.0,68,6.7
"13151","5","53139","77","0","2023","4","",4,3,3,4,77449,1500,4,1787,"",0.27,0.07,0.07,0.09,0.08,0.02,0.00,1.08,"",0,0.0,0,0.0,-1,-25.0,0,0.0,-4850,-5.9,650,76.5,-23,-85.2,60,3.5
"13151","5","531390","78","0","2023","4","",4,3,3,4,77449,1500,4,1787,"",0.27,0.07,0.07,0.09,0.08,0.02,0.00,1.08,"",0,0.0,0,0.0,-1,-25.0,0,0.0,-4850,-5.9,650,76.5,-23,-85.2,60,3.5
"13151","5","532","75","0","2023","4","N",35,0,0,0,0,0,0,0,"N",1.27,0,0,0,0,0,0,0,"N",4,12.9,0,0,0,0,0,0,0,0,0,0,0,0,0,0
"13151","5","5321","76","0","2023","4","",17,395,378,395,6015570,352086,3941,1189,"",1.98,3.74,3.60,3.74,5.49,2.71,2.75,1.49,"",4,30.8,36,10.0,25,7.1,44,12.5,968912,19.2,45592,14.9,219,5.9,93,8.5
"13151","5","53211","77","0","2023","4","N",3,0,0,0,0,0,0,0,"N",0.60,0,0,0,0,0,0,0,"N",-1,-25.0,0,0,0,0,0,0,0,0,0,0,0,0,0,0
"13151","5","532111","78","0","2023","4","N",2,0,0,0,0,0,0,0,"N",0.44,0,0,0,0,0,0,0,"N",-1,-33.3,0,0,0,0,0,0,0,0,0,0,0,0,0,0
"13151","5","532112","78","0","2023","4","N",1,0,0,0,0,0,0,0,"N",2.46,0,0,0,0,0,0,0,"N",0,0.0,0,0,0,0,0,0,0,0,0,0,0,0,0,0
"13151","5","53212","77","0","2023","4","N",14,0,0,0,0,0,0,0,"N",3.85,0,0,0,0,0,0,0,"N",5,55.6,0,0,0,0,0,0,0,0,0,0,0,0,0,0
"13151","5","532120","78","0","2023","4","N",14,0,0,0,0,0,0,0,"N",3.85,0,0,0,0,0,0,0,"N",5,55.6,0,0,0,0,0,0,0,0,0,0,0,0,0,0
"13151","5","5322","76","0","2023","4","",7,68,68,66,616947,110489,2132,705,"",0.83,1.05,1.10,1.07,0.99,1.20,1.50,0.93,"",0,0.0,2,3.0,1,1.5,0,0.0,57863,10.3,63235,133.8,1605,304.6,57,8.8
"13151","5","53228","77","0","2023","4","",7,68,68,66,616947,110489,2132,705,"",0.90,1.13,1.19,1.16,1.08,1.27,1.58,0.93,"",0,0.0,2,3.0,1,1.5,0,0.0,57863,10.3,63235,133.8,1605,304.6,57,8.8
"13151","5","532283","78","0","2023","4","N",2,0,0,0,0,0,0,0,"N",1.57,0,0,0,0,0,0,0,"N",0,0.0,0,0,0,0,0,0,0,0,0,0,0,0,0,0
"13151","5","532289","78","0","2023","4","N",5,0,0,0,0,0,0,0,"N",1.16,0,0,0,0,0,0,0,"N",0,0.0,0,0,0,0,0,0,0,0,0,0,0,0,0,0
"13151","5","5323","76","0","2023","4","N",2,0,0,0,0,0,0,0,"N",1.15,0,0,0,0,0,0,0,"N",0,0.0,0,0,0,0,0,0,0,0,0,0,0,0,0,0
"13151","5","53231","77","0","2023","4","N",2,0,0,0,0,0,0,0,"N",1.15,0,0,0,0,0,0,0,"N",0,0.0,0,0,0,0,0,0,0,0,0,0,0,0,0,0
"13151","5","532310","78","0","2023","4","N",2,0,0,0,0,0,0,0,"N",1.15,0,0,0,0,0,0,0,"N",0,0.0,0,0,0,0,0,0,0,0,0,0,0,0,0,0
"13151","5","5324","76","0","2023","4","",9,30,30,30,790594,20655,392,2027,"",1.03,0.32,0.32,0.32,0.52,0.18,0.23,1.63,"",0,0.0,-1,-3.2,-1,-3.2,2,7.1,188512,31.3,-19162,-48.1,-364,-48.1,483,31.3
"13151","5","53241","77","0","2023","4","",4,15,15,16,470377,9500,91,2360,"",1.05,0.31,0.30,0.32,0.56,0.17,0.13,1.79,"",0,0.0,3,25.0,3,25.0,4,33.3,208596,79.7,-12028,-55.9,-171,-65.3,682,40.6
"13151","5","532412","78","0","2023","4","",4,15,15,16,470377,9500,91,2360,"",1.18,0.32,0.32,0.34,0.61,0.18,0.14,1.85,"",0,0.0,3,25.0,3,25.0,4,33.3,208596,79.7,-12028,-55.9,-171,-65.3,682,40.6
"13151","5","53249","77","0","2023","4","",5,15,15,14,320217,11155,301,1679,"",1.14,0.38,0.38,0.35,0.55,0.21,0.32,1.48,"",0,0.0,-4,-21.1,-4,-21.1,-2,-12.5,-20084,-5.9,-7134,-39.0,-193,-39.1,225,15.5
"13151","5","532490","78","0","2023","4","",5,15,15,14,320217,11155,301,1679,"",1.14,0.38,0.38,0.35,0.55,0.21,0.32,1.48,"",0,0.0,-4,-21.1,-4,-21.1,-2,-12.5,-20084,-5.9,-7134,-39.0,-193,-39.1,225,15.5
"13151","5","533","75","0","2023","4","N",2,0,0,0,0,0,0,0,"N",1.13,0,0,0,0,0,0,0,"N",0,0.0,0,0,0,0,0,0,0,0,0,0,0,0,0,0
"13151","5","5331","76","0","2023","4","N",2,0,0,0,0,0,0,0,"N",1.13,0,0,0,0,0,0,0,"N",0,0.0,0,0,0,0,0,0,0,0,0,0,0,0,0,0
"13151","5","53311","77","0","2023","4","N",2,0,0,0,0,0,0,0,"N",1.13,0,0,0,0,0,0,0,"N",0,0.0,0,0,0,0,0,0,0,0,0,0,0,0,0,0
"13151","5","533110","78","0","2023","4","N",2,0,0,0,0,0,0,0,"N",1.13,0,0,0,0,0,0,0,"N",0,0.0,0,0,0,0,0,0,0,0,0,0,0,0,0,0
"13151","5","54","74","0","2023","4","",397,1806,1803,1800,31642227,1929676,24413,1350,"",0.50,0.35,0.34,0.34,0.26,0.34,0.33,0.77,"",6,1.5,29,1.6,4,0.2,-14,-0.8,-37522,-0.1,144492,8.1,-4782,-16.4,-6,-0.4
"13151","5","541","75","0","2023","4","",397,1806,1803,1800,31642227,1929676,24413,1350,"",0.50,0.35,0.34,0.34,0.26,0.34,0.33,0.77,"",6,1.5,29,1.6,4,0.2,-14,-0.8,-37522,-0.1,144492,8.1,-4782,-16.4,-6,-0.4
"13151","5","5411","76","0","2023","4","",73,292,287,291,7002610,239462,3828,1857,"",0.74,0.50,0.49,0.50,0.42,0.40,0.57,0.85,"",-1,-1.4,10,3.5,0,0.0,7,2.5,301619,4.5,14159,6.3,505,15.2,44,2.4
"13151","5","54111","77","0","2023","4","",69,288,285,287,6960680,228232,3531,1868,"",0.78,0.54,0.53,0.53,0.44,0.42,0.58,0.82,"N",-4,-5.5,0,0,0,0,0,0,0,0,0,0,0,0,0,0
"13151","5","541110","78","0","2023","4","",69,288,285,287,6960680,228232,3531,1868,"",0.78,0.54,0.53,0.53,0.44,0.42,0.58,0.82,"N",-4,-5.5,0,0,0,0,0,0,0,0,0,0,0,0,0,0
"13151","5","54119","77","0","2023","4","",4,4,2,4,41930,11230,297,968,"",0.41,0.08,0.04,0.08,0.06,0.21,0.44,0.85,"N",3,300.0,0,0,0,0,0,0,0,0,0,0,0,0,0,0
"13151","5","541191","78","0","2023","4","N",1,0,0,0,0,0,0,0,"N",0.21,0,0,0,0,0,0,0,"N",0,0.0,0,0,0,0,0,0,0,0,0,0,0,0,0,0
"13151","5","541199","78","0","2023","4","N",3,0,0,0,0,0,0,0,"N",0.62,0,0,0,0,0,0,0,"N",3,100.0,0,0,0,0,0,0,0,0,0,0,0,0,0,0
"13151","5","5412","76","0","2023","4","",83,221,218,243,3008663,212173,1703,1018,"",0.97,0.41,0.40,0.43,0.30,0.32,0.19,0.74,"",7,9.2,9,4.2,1,0.5,6,2.5,211806,7.6,25998,14.0,-559,-24.7,49,5.1
"13151","5","54121","77","0","2023","4","",83,221,218,243,3008663,212173,1703,1018,"",0.97,0.41,0.40,0.43,0.30,0.32,0.19,0.74,"",7,9.2,9,4.2,1,0.5,6,2.5,211806,7.6,25998,14.0,-559,-24.7,49,5.1
"13151","5","541211","78","0","2023","4","",21,77,74,75,1285987,34807,177,1313,"",0.71,0.29,0.28,0.28,0.22,0.14,0.07,0.78,"",1,5.0,-10,-11.5,-9,-10.8,-6,-7.4,-86867,-6.3,-8292,-19.2,-573,-76.4,51,4.0
"13151","5","541213","78","0","2023","4","",32,41,43,61,401509,46913,571,639,"",1.83,1.22,1.09,1.25,1.04,1.09,0.69,0.88,"",6,23.1,6,17.1,6,16.2,7,13.0,83570,26.3,-14512,-23.6,-229,-28.6,57,9.8
"13151","5","541219","78","0","2023","4","",30,103,101,107,1321167,130453,955,980,"",0.92,0.75,0.73,0.76,0.68,0.73,0.44,0.91,"",0,0.0,13,14.4,4,4.1,5,4.9,215103,19.4,48802,59.8,243,34.1,97,11.0
"13151","5","5413","76","0","2023","4","",34,296,299,290,5756984,173547,2379,1501,"",0.43,0.36,0.37,0.36,0.33,0.22,0.23,0.91,"",4,13.3,24,8.8,23,8.3,20,7.4,379298,7.1,-57277,-24.8,-1422,-37.4,-16,-1.1
"13151","5","54131","77","0","2023","4","N",1,0,0,0,0,0,0,0,"N",0.07,0,0,0,0,0,0,0,"N",1,100.0,0,0,0,0,0,0,0,0,0,0,0,0,0,0
"13151","5","541310","78","0","2023","4","N",1,0,0,0,0,0,0,0,"N",0.07,0,0,0,0,0,0,0,"N",1,100.0,0,0,0,0,0,0,0,0,0,0,0,0,0,0
"13151","5","54132","77","0","2023","4","N",1,0,0,0,0,0,0,0,"N",0.28,0,0,0,0,0,0,0,"N",0,0.0,0,0,0,0,0,0,0,0,0,0,0,0,0,0
"13151","5","541320","78","0","2023","4","N",1,0,0,0,0,0,0,0,"N",0.28,0,0,0,0,0,0,0,"N",0,0.0,0,0,0,0,0,0,0,0,0,0,0,0,0,0
"13151","5","54133","77","0","2023","4","",21,225,226,220,4711392,120237,1414,1620,"",0.46,0.40,0.40,0.39,0.37,0.23,0.20,0.92,"",4,23.5,23,11.4,23,11.3,21,10.6,289055,6.5,-33928,-22.0,-1513,-51.7,-70,-4.1
"13151","5","541330","78","0","2023","4","",21,225,226,220,4711392,120237,1414,1620,"",0.46,0.40,0.40,0.39,0.37,0.23,0.20,0.92,"",4,23.5,23,11.4,23,11.3,21,10.6,289055,6.5,-33928,-22.0,-1513,-51.7,-70,-4.1
"13151","5","54134","77","0","2023","4","N",1,0,0,0,0,0,0,0,"N",0.60,0,0,0,0,0,0,0,"N",0,0.0,0,0,0,0,0,0,0,0,0,0,0,0,0,0
"13151","5","541340","78","0","2023","4","N",1,0,0,0,0,0,0,0,"N",0.60,0,0,0,0,0,0,0,"N",0,0.0,0,0,0,0,0,0,0,0,0,0,0,0,0,0
"13151","5","54135","77","0","2023","4","",4,39,43,41,517033,41377,760,970,"",0.98,2.94,3.29,3.16,3.22,2.52,3.24,1.03,"",-1,-20.0,0,0.0,1,2.4,1,2.5,82323,18.9,3161,8.3,267,54.2,141,17.0
"13151","5","541350","78","0","2023","4","",4,39,43,41,517033,41377,760,970,"",0.98,2.94,3.29,3.16,3.22,2.52,3.24,1.03,"",-1,-20.0,0,0.0,1,2.4,1,2.5,82323,18.9,3161,8.3,267,54.2,141,17.0
"13151","5","54137","77","0","2023","4","",3,17,17,16,331386,6080,73,1529,"",0.75,0.63,0.63,0.59,0.85,0.21,0.19,1.37,"",0,0.0,-2,-10.5,-2,-10.5,-3,-15.8,-16481,-4.7,-24276,-80.0,-108,-59.7,121,8.6
"13151","5","541370","78","0","2023","4","",3,17,17,16,331386,6080,73,1529,"",0.75,0.63,0.63,0.59,0.85,0.21,0.19,1.37,"",0,0.0,-2,-10.5,-2,-10.5,-3,-15.8,-16481,-4.7,-24276,-80.0,-108,-59.7,121,8.6
"13151","5","54138","77","0","2023","4","",3,13,12,12,191058,4149,112,1192,"",0.55,0.15,0.14,0.14,0.14,0.05,0.10,0.94,"N",0,0.0,0,0,0,0,0,0,0,0,0,0,0,0,0,0
"13151","5","541380","78","0","2023","4","",3,13,12,12,191058,4149,112,1192,"",0.55,0.15,0.14,0.14,0.14,0.05,0.10,0.94,"N",0,0.0,0,0,0,0,0,0,0,0,0,0,0,0,0,0
"13151","5","5414","76","0","2023","4","N",7,0,0,0,0,0,0,0,"N",0.31,0,0,0,0,0,0,0,"N",1,16.7,0,0,0,0,0,0,0,0,0,0,0,0,0,0
"13151","5","54141","77","0","2023","4","N",1,0,0,0,0,0,0,0,"N",0.11,0,0,0,0,0,0,0,"N",0,0.0,0,0,0,0,0,0,0,0,0,0,0,0,0,0
"13151","5","541410","78","0","2023","4","N",1,0,0,0,0,0,0,0,"N",0.11,0,0,0,0,0,0,0,"N",0,0.0,0,0,0,0,0,0,0,0,0,0,0,0,0,0
"13151","5","54143","77","0","2023","4","N",6,0,0,0,0,0,0,0,"N",0.63,0,0,0,0,0,0,0,"N",1,20.0,0,0,0,0,0,0,0,0,0,0,0,0,0,0
"13151","5","541430","78","0","2023","4","N",6,0,0,0,0,0,0,0,"N",0.63,0,0,0,0,0,0,0,"N",1,20.0,0,0,0,0,0,0,0,0,0,0,0,0,0,0
"13151","5","5415","76","0","2023","4","",57,134,136,136,3298824,157918,2764,1875,"",0.29,0.11,0.11,0.11,0.10,0.14,0.18,0.92,"",-2,-3.4,-37,-21.6,-30,-18.1,-27,-16.6,-1143844,-25.7,-7703,-4.7,1456,111.3,-175,-8.5
"13151","5","54151","77","0","2023","4","",57,134,136,136,3298824,157918,2764,1875,"",0.29,0.11,0.11,0.11,0.10,0.14,0.18,0.92,"",-2,-3.4,-37,-21.6,-30,-18.1,-27,-16.6,-1143844,-25.7,-7703,-4.7,1456,111.3,-175,-8.5
"13151","5","541511","78","0","2023","4","",21,74,72,74,1993336,40714,239,2091,"",0.23,0.14,0.13,0.14,0.13,0.08,0.04,0.93,"",-1,-4.5,-44,-37.3,-40,-35.7,-37,-33.3,-1201909,-37.6,-56990,-58.3,-375,-61.1,-71,-3.3
"13151","5","541512","78","0","2023","4","",31,49,52,48,1052508,67899,1661,1630,"",0.38,0.09,0.09,0.09,0.08,0.12,0.22,0.86,"",0,0.0,16,48.5,18,52.9,17,54.8,374141,55.2,43630,179.8,1465,747.4,33,2.1
"13151","5","541513","78","0","2023","4","N",3,0,0,0,0,0,0,0,"N",0.97,0,0,0,0,0,0,0,"N",-1,-25.0,0,0,0,0,0,0,0,0,0,0,0,0,0,0
"13151","5","541519","78","0","2023","4","N",2,0,0,0,0,0,0,0,"N",0.13,0,0,0,0,0,0,0,"N",0,0.0,0,0,0,0,0,0,0,0,0,0,0,0,0,0
"13151","5","5416","76","0","2023","4","",88,394,394,372,6090902,683065,10255,1212,"",0.46,0.43,0.43,0.40,0.30,0.60,0.65,0.71,"",-5,-5.4,56,16.6,56,16.6,33,9.7,733630,13.7,211269,44.8,751,7.9,-6,-0.5
"13151","5","54161","77","0","2023","4","",79,357,358,337,5309820,677984,10138,1165,"",0.50,0.47,0.47,0.44,0.31,0.72,0.78,0.68,"",-1,-1.2,68,23.5,71,24.7,47,16.2,825694,18.4,231223,51.8,1066,11.8,-30,-2.5
"13151","5","541611","78","0","2023","4","",35,200,202,196,3126950,214548,3171,1207,"",0.44,0.49,0.49,0.47,0.29,0.44,0.48,0.61,"",1,2.9,47,30.7,45,28.7,41,26.5,638525,25.7,63053,41.6,-475,-13.0,-28,-2.3
"13151","5","541612","78","0","2023","4","N",4,0,0,0,0,0,0,0,"N",0.52,0,0,0,0,0,0,0,"N",0,0.0,0,0,0,0,0,0,0,0,0,0,0,0,0,0
"13151","5","541613","78","0","2023","4","",19,41,43,39,584522,31179,684,1097,"",0.44,0.26,0.27,0.24,0.20,0.14,0.22,0.77,"",-3,-13.6,-3,-6.8,0,0.0,-8,-17.0,-193994,-24.9,-2050,-6.2,-39,-5.4,-244,-18.2
"13151","5","541614","78","0","2023","4","",13,29,25,25,590951,21745,366,1726,"",1.38,0.36,0.31,0.31,0.46,0.22,0.26,1.41,"",1,8.3,4,16.0,1,4.2,0,0.0,66988,12.8,-15772,-42.0,-298,-44.9,92,5.6
"13151","5","541618","78","0","2023","4","N",8,0,0,0,0,0,0,0,"N",0.48,0,0,0,0,0,0,0,"N",0,0.0,0,0,0,0,0,0,0,0,0,0,0,0,0,0
"13151","5","54162","77","0","2023","4","N",2,0,0,0,0,0,0,0,"N",0.28,0,0,0,0,0,0,0,"N",-1,-33.3,0,0,0,0,0,0,0,0,0,0,0,0,0,0
"13151","5","541620","78","0","2023","4","N",2,0,0,0,0,0,0,0,"N",0.28,0,0,0,0,0,0,0,"N",-1,-33.3,0,0,0,0,0,0,0,0,0,0,0,0,0,0
"13151","5","54169","77","0","2023","4","N",7,0,0,0,0,0,0,0,"N",0.26,0,0,0,0,0,0,0,"N",-3,-30.0,0,0,0,0,0,0,0,0,0,0,0,0,0,0
"13151","5","541690","78","0","2023","4","N",7,0,0,0,0,0,0,0,"N",0.26,0,0,0,0,0,0,0,"N",-3,-30.0,0,0,0,0,0,0,0,0,0,0,0,0,0,0
"13151","5","5417","76","0","2023","4","N",6,0,0,0,0,0,0,0,"N",0.22,0,0,0,0,0,0,0,"N",-1,-14.3,0,0,0,0,0,0,0,0,0,0,0,0,0,0
"13151","5","54171","77","0","2023","4","N",5,0,0,0,0,0,0,0,"N",0.21,0,0,0,0,0,0,0,"N",-2,-28.6,0,0,0,0,0,0,0,0,0,0,0,0,0,0
"13151","5","541714","78","0","2023","4","N",2,0,0,0,0,0,0,0,"N",0.20,0,0,0,0,0,0,0,"N",-2,-50.0,0,0,0,0,0,0,0,0,0,0,0,0,0,0
"13151","5","541715","78","0","2023","4","N",3,0,0,0,0,0,0,0,"N",0.24,0,0,0,0,0,0,0,"N",0,0.0,0,0,0,0,0,0,0,0,0,0,0,0,0,0
"13151","5","54172","77","0","2023","4","N",1,0,0,0,0,0,0,0,"N",0.35,0,0,0,0,0,0,0,"N",1,100.0,0,0,0,0,0,0,0,0,0,0,0,0,0,0
"13151","5","541720","78","0","2023","4","N",1,0,0,0,0,0,0,0,"N",0.35,0,0,0,0,0,0,0,"N",1,100.0,0,0,0,0,0,0,0,0,0,0,0,0,0,0
"13151","5","5418","76","0","2023","4","",16,42,42,37,567508,26479,530,1082,"",0.43,0.18,0.17,0.15,0.13,0.11,0.16,0.75,"",0,0.0,5,13.5,6,16.7,-4,-9.8,37495,7.1,-28653,-52.0,-756,-58.8,9,0.8
"13151","5","54181","77","0","2023","4","",7,16,16,16,299376,1368,14,1439,"",0.39,0.15,0.15,0.15,0.13,0.01,0.01,0.86,"",-1,-12.5,1,6.7,1,6.7,1,6.7,20602,7.4,-3103,-69.4,-259,-94.9,9,0.6
"13151","5","541810","78","0","2023","4","",7,16,16,16,299376,1368,14,1439,"",0.39,0.15,0.15,0.15,0.13,0.01,0.01,0.86,"",-1,-12.5,1,6.7,1,6.7,1,6.7,20602,7.4,-3103,-69.4,-259,-94.9,9,0.6
"13151","5","54182","77","0","2023","4","N",3,0,0,0,0,0,0,0,"N",0.42,0,0,0,0,0,0,0,"N",0,0.0,0,0,0,0,0,0,0,0,0,0,0,0,0,0
"13151","5","541820","78","0","2023","4","N",3,0,0,0,0,0,0,0,"N",0.42,0,0,0,0,0,0,0,"N",0,0.0,0,0,0,0,0,0,0,0,0,0,0,0,0,0
"13151","5","54186","77","0","2023","4","N",1,0,0,0,0,0,0,0,"N",0.83,0,0,0,0,0,0,0,"N",0,0.0,0,0,0,0,0,0,0,0,0,0,0,0,0,0
"13151","5","541860","78","0","2023","4","N",1,0,0,0,0,0,0,0,"N",0.83,0,0,0,0,0,0,0,"N",0,0.0,0,0,0,0,0,0,0,0,0,0,0,0,0,0
"13151","5","54187","77","0","2023","4","N",1,0,0,0,0,0,0,0,"N",0.48,0,0,0,0,0,0,0,"N",0,0.0,0,0,0,0,0,0,0,0,0,0,0,0,0,0
"13151","5","541870","78","0","2023","4","N",1,0,0,0,0,0,0,0,"N",0.48,0,0,0,0,0,0,0,"N",0,0.0,0,0,0,0,0,0,0,0,0,0,0,0,0,0
"13151","5","54189","77","0","2023","4","",4,14,13,7,117909,11409,164,800,"",0.82,0.32,0.29,0.16,0.27,0.20,0.23,1.07,"N",1,33.3,0,0,0,0,0,0,0,0,0,0,0,0,0,0
"13151","5","541890","78","0","2023","4","",4,14,13,7,117909,11409,164,800,"",0.82,0.32,0.29,0.16,0.27,0.20,0.23,1.07,"N",1,33.3,0,0,0,0,0,0,0,0,0,0,0,0,0,0
"13151","5","5419","76","0","2023","4","",33,205,201,206,2378773,220961,2303,897,"",0.51,0.48,0.47,0.48,0.42,0.37,0.32,0.89,"",3,10.0,-25,-10.9,-45,-18.3,-47,-18.6,-563704,-19.2,-51197,-18.8,-993,-30.1,-34,-3.7
"13151","5","54191","77","0","2023","4","N",2,0,0,0,0,0,0,0,"N",0.40,0,0,0,0,0,0,0,"N",0,0.0,0,0,0,0,0,0,0,0,0,0,0,0,0,0
"13151","5","541910","78","0","2023","4","N",2,0,0,0,0,0,0,0,"N",0.40,0,0,0,0,0,0,0,"N",0,0.0,0,0,0,0,0,0,0,0,0,0,0,0,0,0
"13151","5","54192","77","0","2023","4","",4,12,9,9,51210,13211,550,394,"",0.51,0.47,0.36,0.34,0.25,0.28,0.59,0.64,"N",1,33.3,0,0,0,0,0,0,0,0,0,0,0,0,0,0
"13151","5","541921","78","0","2023","4","N",3,0,0,0,0,0,0,0,"N",0.54,0,0,0,0,0,0,0,"N",0,0.0,0,0,0,0,0,0,0,0,0,0,0,0,0,0
"13151","5","541922","78","0","2023","4","N",1,0,0,0,0,0,0,0,"N",0.46,0,0,0,0,0,0,0,"N",1,100.0,0,0,0,0,0,0,0,0,0,0,0,0,0,0
"13151","5","54193","77","0","2023","4","N",2,0,0,0,0,0,0,0,"N",0.83,0,0,0,0,0,0,0,"N",0,0.0,0,0,0,0,0,0,0,0,0,0,0,0,0,0
"13151","5","541930","78","0","2023","4","N",2,0,0,0,0,0,0,0,"N",0.83,0,0,0,0,0,0,0,"N",0,0.0,0,0,0,0,0,0,0,0,0,0,0,0,0,0
"13151","5","54194","77","0","2023","4","",15,173,172,175,1970387,197309,1567,874,"",0.91,0.77,0.76,0.77,0.89,0.60,0.53,1.16,"",0,0.0,-24,-12.2,-38,-18.1,-43,-19.7,-492230,-20.0,-29068,-12.8,-876,-35.9,-35,-3.9
"13151","5","541940","78","0","2023","4","",15,173,172,175,1970387,197309,1567,874,"",0.91,0.77,0.76,0.77,0.89,0.60,0.53,1.16,"",0,0.0,-24,-12.2,-38,-18.1,-43,-19.7,-492230,-20.0,-29068,-12.8,-876,-35.9,-35,-3.9
"13151","5","54199","77","0","2023","4","",10,10,10,11,133956,7175,168,997,"",0.30,0.08,0.08,0.09,0.06,0.04,0.06,0.68,"",2,25.0,0,0.0,-1,-9.1,0,0.0,9874,8.0,-21527,-75.0,-132,-44.0,102,11.4
"13151","5","541990","78","0","2023","4","",10,10,10,11,133956,7175,168,997,"",0.30,0.08,0.08,0.09,0.06,0.04,0.06,0.68,"",2,25.0,0,0.0,-1,-9.1,0,0.0,9874,8.0,-21527,-75.0,-132,-44.0,102,11.4
"13151","5","55","74","0","2023","4","",17,546,544,560,13633852,694976,4472,1907,"",0.38,0.44,0.44,0.45,0.44,0.40,0.26,1.00,"",4,30.8,67,14.0,54,11.0,69,14.1,-53587,-0.4,72524,11.7,-3023,-40.3,-256,-11.8
"13151","5","551","75","0","2023","4","",17,546,544,560,13633852,694976,4472,1907,"",0.38,0.44,0.44,0.45,0.44,0.40,0.26,1.00,"",4,30.8,67,14.0,54,11.0,69,14.1,-53587,-0.4,72524,11.7,-3023,-40.3,-256,-11.8
"13151","5","5511","76","0","2023","4","",17,546,544,560,13633852,694976,4472,1907,"",0.38,0.44,0.44,0.45,0.44,0.40,0.26,1.00,"",4,30.8,67,14.0,54,11.0,69,14.1,-53587,-0.4,72524,11.7,-3023,-40.3,-256,-11.8
"13151","5","55111","77","0","2023","4","",17,546,544,560,13633852,694976,4472,1907,"",0.38,0.44,0.44,0.45,0.44,0.40,0.26,1.00,"",4,30.8,67,14.0,54,11.0,69,14.1,-53587,-0.4,72524,11.7,-3023,-40.3,-256,-11.8
"13151","5","551112","78","0","2023","4","N",3,0,0,0,0,0,0,0,"N",0.45,0,0,0,0,0,0,0,"N",1,50.0,0,0,0,0,0,0,0,0,0,0,0,0,0,0
"13151","5","551114","78","0","2023","4","N",14,0,0,0,0,0,0,0,"N",0.37,0,0,0,0,0,0,0,"N",3,27.3,0,0,0,0,0,0,0,0,0,0,0,0,0,0
"13151","5","56","74","0","2023","4","",384,5518,5843,5608,57976299,14554372,222741,788,"",1.18,1.20,1.27,1.24,1.26,1.65,1.74,1.02,"",-20,-5.0,-1323,-19.3,-1328,-18.5,-3905,-41.0,-12813567,-18.1,-11924846,-45.0,-131621,-37.1,94,13.5
"13151","5","561","75","0","2023","4","",371,5277,5610,5369,53903848,14368704,219277,765,"",1.21,1.21,1.29,1.26,1.26,1.70,1.77,1.01,"",-20,-5.1,-1224,-18.8,-1226,-17.9,-3806,-41.5,-11629348,-17.7,-11778255,-45.0,-128530,-37.0,93,13.8
"13151","5","5611","76","0","2023","4","",19,496,491,470,9971558,300777,7208,1579,"",0.50,1.65,1.62,1.55,1.74,0.93,1.71,1.08,"",2,11.8,-22,-4.2,15,3.2,-6,-1.3,813579,8.9,-1805873,-85.7,-48606,-87.1,141,9.8
"13151","5","56111","77","0","2023","4","",19,496,491,470,9971558,300777,7208,1579,"",0.50,1.65,1.62,1.55,1.74,0.93,1.71,1.08,"",2,11.8,-22,-4.2,15,3.2,-6,-1.3,813579,8.9,-1805873,-85.7,-48606,-87.1,141,9.8
"13151","5","561110","78","0","2023","4","",19,496,491,470,9971558,300777,7208,1579,"",0.50,1.65,1.62,1.55,1.74,0.93,1.71,1.08,"",2,11.8,-22,-4.2,15,3.2,-6,-1.3,813579,8.9,-1805873,-85.7,-48606,-87.1,141,9.8
"13151","5","5612","76","0","2023","4","N",2,0,0,0,0,0,0,0,"N",0.54,0,0,0,0,0,0,0,"N",1,100.0,0,0,0,0,0,0,0,0,0,0,0,0,0,0
"13151","5","56121","77","0","2023","4","N",2,0,0,0,0,0,0,0,"N",0.54,0,0,0,0,0,0,0,"N",1,100.0,0,0,0,0,0,0,0,0,0,0,0,0,0,0
"13151","5","561210","78","0","2023","4","N",2,0,0,0,0,0,0,0,"N",0.54,0,0,0,0,0,0,0,"N",1,100.0,0,0,0,0,0,0,0,0,0,0,0,0,0,0
"13151","5","5613","76","0","2023","4","",86,2943,3301,3071,24541645,11522494,184320,608,"",1.16,1.70,1.88,1.78,1.49,2.54,2.68,0.83,"",-6,-6.5,-1116,-27.5,-1149,-25.8,-3745,-54.9,-14500352,-37.1,-10177260,-46.9,-72258,-28.2,20,3.4
"13151","5","56131","77","0","2023","4","",15,307,397,321,2818616,1969341,52583,635,"",0.88,2.05,2.64,2.15,1.42,5.85,9.32,0.62,"",2,15.4,118,62.4,84,26.8,-152,-32.1,44150,1.6,185272,10.4,4311,8.9,-22,-3.3
"13151","5","561311","78","0","2023","4","N",12,0,0,0,0,0,0,0,"N",0.95,0,0,0,0,0,0,0,"N",2,20.0,0,0,0,0,0,0,0,0,0,0,0,0,0,0
"13151","5","561312","78","0","2023","4","N",3,0,0,0,0,0,0,0,"N",0.67,0,0,0,0,0,0,0,"N",0,0.0,0,0,0,0,0,0,0,0,0,0,0,0,0,0
"13151","5","56132","77","0","2023","4","",48,2510,2790,2579,20222580,9218779,126319,592,"",1.03,1.84,2.02,1.90,1.75,2.42,2.19,0.91,"",-12,-20.0,-1295,-34.0,-1276,-31.4,-3694,-58.9,-14979446,-42.6,-10569531,-53.4,-80623,-39.0,18,3.1
"13151","5","561320","78","0","2023","4","",48,2510,2790,2579,20222580,9218779,126319,592,"",1.03,1.84,2.02,1.90,1.75,2.42,2.19,0.91,"",-12,-20.0,-1295,-34.0,-1276,-31.4,-3694,-58.9,-14979446,-42.6,-10569531,-53.4,-80623,-39.0,18,3.1
"13151","5","56133","77","0","2023","4","",23,126,114,171,1500449,334374,5418,842,"",2.25,0.56,0.50,0.76,0.51,0.86,0.97,0.83,"",4,21.1,61,93.8,43,60.6,101,144.3,434944,40.8,206999,162.5,4054,297.2,-352,-29.5
"13151","5","561330","78","0","2023","4","",23,126,114,171,1500449,334374,5418,842,"",2.25,0.56,0.50,0.76,0.51,0.86,0.97,0.83,"",4,21.1,61,93.8,43,60.6,101,144.3,434944,40.8,206999,162.5,4054,297.2,-352,-29.5
"13151","5","5614","76","0","2023","4","",25,56,53,61,549125,66269,1298,745,"",0.86,0.16,0.15,0.17,0.14,0.13,0.20,0.90,"",-9,-26.5,-80,-58.8,-80,-60.2,-79,-56.4,-152281,-21.7,-66185,-50.0,-1919,-59.7,349,88.1
"13151","5","56141","77","0","2023","4","-",0,0,0,0,0,0,0,0,"N",0.00,0,0,0,0,0,0,0,"N",-1,-100.0,0,0,0,0,0,0,0,0,0,0,0,0,0,0
"13151","5","561410","78","0","2023","4","-",0,0,0,0,0,0,0,0,"N",0.00,0,0,0,0,0,0,0,"N",-1,-100.0,0,0,0,0,0,0,0,0,0,0,0,0,0,0
"13151","5","56142","77","0","2023","4","N",2,0,0,0,0,0,0,0,"N",0.28,0,0,0,0,0,0,0,"N",-1,-33.3,0,0,0,0,0,0,0,0,0,0,0,0,0,0
"13151","5","561421","78","0","2023","4","N",1,0,0,0,0,0,0,0,"N",0.67,0,0,0,0,0,0,0,"N",-1,-50.0,0,0,0,0,0,0,0,0,0,0,0,0,0,0
"13151","5","561422","78","0","2023","4","N",1,0,0,0,0,0,0,0,"N",0.17,0,0,0,0,0,0,0,"N",0,0.0,0,0,0,0,0,0,0,0,0,0,0,0,0,0
"13151","5","56143","77","0","2023","4","",11,39,36,42,325967,48455,840,643,"",2.01,1.02,0.93,1.06,1.02,0.86,1.26,1.02,"",-4,-26.7,-73,-65.2,-76,-67.9,-77,-64.7,-113887,-25.9,-67958,-58.4,-1896,-69.3,347,117.2
"13151","5","561431","78","0","2023","4","N",8,0,0,0,0,0,0,0,"N",3.01,0,0,0,0,0,0,0,"N",-4,-33.3,0,0,0,0,0,0,0,0,0,0,0,0,0,0
"13151","5","561439","78","0","2023","4","N",3,0,0,0,0,0,0,0,"N",1.07,0,0,0,0,0,0,0,"N",0,0.0,0,0,0,0,0,0,0,0,0,0,0,0,0,0
"13151","5","56144","77","0","2023","4","-",0,0,0,0,0,0,0,0,"N",0.00,0,0,0,0,0,0,0,"N",-2,-100.0,0,0,0,0,0,0,0,0,0,0,0,0,0,0
"13151","5","561440","78","0","2023","4","-",0,0,0,0,0,0,0,0,"N",0.00,0,0,0,0,0,0,0,"N",-2,-100.0,0,0,0,0,0,0,0,0,0,0,0,0,0,0
"13151","5","56149","77","0","2023","4","N",12,0,0,0,0,0,0,0,"N",1.32,0,0,0,0,0,0,0,"N",-1,-7.7,0,0,0,0,0,0,0,0,0,0,0,0,0,0
"13151","5","561491","78","0","2023","4","N",1,0,0,0,0,0,0,0,"N",2.53,0,0,0,0,0,0,0,"N",0,0.0,0,0,0,0,0,0,0,0,0,0,0,0,0,0
"13151","5","561492","78","0","2023","4","",7,5,5,6,52289,9500,308,754,"",4.58,0.92,0.92,1.10,0.76,1.71,4.18,0.78,"N",-1,-12.5,0,0,0,0,0,0,0,0,0,0,0,0,0,0
"13151","5","561499","78","0","2023","4","N",4,0,0,0,0,0,0,0,"N",0.56,0,0,0,0,0,0,0,"N",0,0.0,0,0,0,0,0,0,0,0,0,0,0,0,0,0
"13151","5","5615","76","0","2023","4","N",4,0,0,0,0,0,0,0,"N",0.38,0,0,0,0,0,0,0,"N",-2,-33.3,0,0,0,0,0,0,0,0,0,0,0,0,0,0
"13151","5","56151","77","0","2023","4","N",4,0,0,0,0,0,0,0,"N",0.64,0,0,0,0,0,0,0,"N",-2,-33.3,0,0,0,0,0,0,0,0,0,0,0,0,0,0
"13151","5","561510","78","0","2023","4","N",4,0,0,0,0,0,0,0,"N",0.64,0,0,0,0,0,0,0,"N",-2,-33.3,0,0,0,0,0,0,0,0,0,0,0,0,0,0
"13151","5","5616","76","0","2023","4","",24,229,231,236,3668433,333475,6257,1216,"",1.30,0.45,0.46,0.48,0.90,0.40,0.56,1.95,"",-3,-11.1,53,30.1,63,37.5,69,41.3,1226344,50.2,147557,79.4,2176,53.3,113,10.2
"13151","5","56161","77","0","2023","4","",12,29,26,28,236839,20688,469,658,"",1.07,0.07,0.06,0.07,0.08,0.03,0.05,1.22,"",-1,-7.7,-11,-27.5,-6,-18.8,-4,-12.5,-26320,-10.0,-25420,-55.1,-760,-61.8,74,12.7
"13151","5","561611","78","0","2023","4","N",3,0,0,0,0,0,0,0,"N",1.11,0,0,0,0,0,0,0,"N",0,0.0,0,0,0,0,0,0,0,0,0,0,0,0,0,0
"13151","5","561612","78","0","2023","4","N",9,0,0,0,0,0,0,0,"N",1.11,0,0,0,0,0,0,0,"N",-1,-10.0,0,0,0,0,0,0,0,0,0,0,0,0,0,0
"13151","5","56162","77","0","2023","4","",12,200,205,208,3431594,312787,5788,1292,"",1.67,2.59,2.66,2.68,3.15,3.40,5.46,1.19,"",-2,-14.3,64,47.1,69,50.7,73,54.1,1252664,57.5,172977,123.7,2936,102.9,57,4.6
"13151","5","561621","78","0","2023","4","",9,194,198,201,3277730,307156,5785,1276,"",1.74,2.82,2.88,2.91,3.28,3.79,6.08,1.14,"",-1,-10.0,66,51.6,70,54.7,74,58.3,1243151,61.1,167346,119.7,2933,102.8,50,4.1
"13151","5","561622","78","0","2023","4","",3,6,7,7,153864,5631,3,1775,"",1.50,0.71,0.82,0.82,1.71,0.51,0.03,2.18,"",-1,-25.0,-2,-25.0,-1,-12.5,-1,-12.5,9513,6.6,5631,100.0,3,100.0,387,27.9
"13151","5","5617","76","0","2023","4","",200,1502,1484,1476,14649716,2064655,18509,758,"",1.69,1.34,1.36,1.40,1.78,1.17,0.74,1.30,"",-1,-0.5,-70,-4.5,-85,-5.4,-59,-3.8,905381,6.6,137443,7.1,-7447,-28.7,80,11.8
"13151","5","56171","77","0","2023","4","N",20,0,0,0,0,0,0,0,"N",2.43,0,0,0,0,0,0,0,"N",-2,-9.1,0,0,0,0,0,0,0,0,0,0,0,0,0,0
"13151","5","561710","78","0","2023","4","N",20,0,0,0,0,0,0,0,"N",2.43,0,0,0,0,0,0,0,"N",-2,-9.1,0,0,0,0,0,0,0,0,0,0,0,0,0,0
"13151","5","56172","77","0","2023","4","",102,686,685,674,4013541,998690,8497,453,"",2.61,1.32,1.32,1.30,1.32,1.17,0.88,1.01,"",1,1.0,-124,-15.3,-145,-17.5,-156,-18.8,-594701,-12.9,-219827,-18.0,-8643,-50.4,22,5.1
"13151","5","561720","78","0","2023","4","",102,686,685,674,4013541,998690,8497,453,"",2.61,1.32,1.32,1.30,1.32,1.17,0.88,1.01,"",1,1.0,-124,-15.3,-145,-17.5,-156,-18.8,-594701,-12.9,-219827,-18.0,-8643,-50.4,22,5.1
"13151","5","56173","77","0","2023","4","",67,309,303,298,3368251,394542,4153,854,"",1.16,0.68,0.70,0.76,0.88,0.55,0.32,1.23,"",0,0.0,-1,-0.3,2,0.7,27,10.0,-267025,-7.3,102806,35.2,-1114,-21.2,-97,-10.2
"13151","5","561730","78","0","2023","4","",67,309,303,298,3368251,394542,4153,854,"",1.16,0.68,0.70,0.76,0.88,0.55,0.32,1.23,"",0,0.0,-1,-0.3,2,0.7,27,10.0,-267025,-7.3,102806,35.2,-1114,-21.2,-97,-10.2
"13151","5","56174","77","0","2023","4","N",5,0,0,0,0,0,0,0,"N",1.49,0,0,0,0,0,0,0,"N",0,0.0,0,0,0,0,0,0,0,0,0,0,0,0,0,0
"13151","5","561740","78","0","2023","4","N",5,0,0,0,0,0,0,0,"N",1.49,0,0,0,0,0,0,0,"N",0,0.0,0,0,0,0,0,0,0,0,0,0,0,0,0,0
"13151","5","56179","77","0","2023","4","N",6,0,0,0,0,0,0,0,"N",0.62,0,0,0,0,0,0,0,"N",0,0.0,0,0,0,0,0,0,0,0,0,0,0,0,0,0
"13151","5","561790","78","0","2023","4","N",6,0,0,0,0,0,0,0,"N",0.62,0,0,0,0,0,0,0,"N",0,0.0,0,0,0,0,0,0,0,0,0,0,0,0,0,0
"13151","5","5619","76","0","2023","4","",11,23,22,24,165668,19137,404,554,"",0.70,0.14,0.13,0.15,0.09,0.07,0.09,0.65,"",-2,-15.4,7,43.8,7,46.7,7,41.2,22376,15.6,14848,346.2,350,648.1,-135,-19.6
"13151","5","56192","77","0","2023","4","N",2,0,0,0,0,0,0,0,"N",0.54,0,0,0,0,0,0,0,"N",0,0.0,0,0,0,0,0,0,0,0,0,0,0,0,0,0
"13151","5","561920","78","0","2023","4","N",2,0,0,0,0,0,0,0,"N",0.54,0,0,0,0,0,0,0,"N",0,0.0,0,0,0,0,0,0,0,0,0,0,0,0,0,0
"13151","5","56199","77","0","2023","4","N",9,0,0,0,0,0,0,0,"N",0.85,0,0,0,0,0,0,0,"N",-1,-10.0,0,0,0,0,0,0,0,0,0,0,0,0,0,0
"13151","5","561990","78","0","2023","4","N",9,0,0,0,0,0,0,0,"N",0.85,0,0,0,0,0,0,0,"N",-1,-10.0,0,0,0,0,0,0,0,0,0,0,0,0,0,0
"13151","5","562","75","0","2023","4","",13,241,233,239,4072451,185668,3464,1318,"",0.77,0.99,0.96,0.98,1.23,0.56,0.75,1.26,"",0,0.0,-99,-29.1,-102,-30.4,-99,-29.3,-1184219,-22.5,-146591,-44.1,-3091,-47.2,120,10.0
"13151","5","5621","76","0","2023","4","",7,178,180,180,2788258,136560,2761,1196,"",1.07,1.71,1.73,1.73,2.14,1.01,1.78,1.24,"N",2,40.0,0,0,0,0,0,0,0,0,0,0,0,0,0,0
"13151","5","56211","77","0","2023","4","",7,178,180,180,2788258,136560,2761,1196,"",1.07,1.71,1.73,1.73,2.14,1.01,1.78,1.24,"N",2,40.0,0,0,0,0,0,0,0,0,0,0,0,0,0,0
"13151","5","562111","78","0","2023","4","",7,178,180,180,2788258,136560,2761,1196,"",1.39,2.00,2.02,2.01,2.55,1.17,2.12,1.27,"N",2,40.0,0,0,0,0,0,0,0,0,0,0,0,0,0,0
"13151","5","562112","78","0","2023","4","-",0,0,0,0,0,0,0,0,"N",0.00,0,0,0,0,0,0,0,"N",0,0,0,0,0,0,0,0,0,0,0,0,0,0,0,0
"13151","5","5622","76","0","2023","4","N",4,0,0,0,0,0,0,0,"N",1.82,0,0,0,0,0,0,0,"N",1,33.3,0,0,0,0,0,0,0,0,0,0,0,0,0,0
"13151","5","56221","77","0","2023","4","N",4,0,0,0,0,0,0,0,"N",1.82,0,0,0,0,0,0,0,"N",1,33.3,0,0,0,0,0,0,0,0,0,0,0,0,0,0
"13151","5","562212","78","0","2023","4","N",4,0,0,0,0,0,0,0,"N",4.93,0,0,0,0,0,0,0,"N",1,33.3,0,0,0,0,0,0,0,0,0,0,0,0,0,0
"13151","5","5629","76","0","2023","4","N",2,0,0,0,0,0,0,0,"N",0.24,0,0,0,0,0,0,0,"N",-3,-60.0,0,0,0,0,0,0,0,0,0,0,0,0,0,0
"13151","5","56299","77","0","2023","4","N",2,0,0,0,0,0,0,0,"N",0.60,0,0,0,0,0,0,0,"N",-2,-50.0,0,0,0,0,0,0,0,0,0,0,0,0,0,0
"13151","5","562991","78","0","2023","4","N",2,0,0,0,0,0,0,0,"N",0.95,0,0,0,0,0,0,0,"N",-2,-50.0,0,0,0,0,0,0,0,0,0,0,0,0,0,0
"13151","5","61","74","0","2023","4","",54,690,667,643,5917632,537093,3166,683,"",0.70,0.44,0.42,0.41,0.34,0.52,0.26,0.81,"",-2,-3.6,-12,-1.7,-20,-2.9,-42,-6.1,26958,0.5,-7235,-1.3,515,19.4,28,4.3
"13151","5","611","75","0","2023","4","",54,690,667,643,5917632,537093,3166,683,"",0.70,0.44,0.42,0.41,0.34,0.52,0.26,0.81,"",-2,-3.6,-12,-1.7,-20,-2.9,-42,-6.1,26958,0.5,-7235,-1.3,515,19.4,28,4.3
"13151","5","6111","76","0","2023","4","",11,554,558,536,4847413,417930,974,679,"",1.09,1.17,1.17,1.12,1.11,1.16,0.27,0.96,"",-3,-21.4,-11,-1.9,2,0.4,-18,-3.2,322809,7.1,39520,10.4,53,5.8,56,9.0
"13151","5","61111","77","0","2023","4","",11,554,558,536,4847413,417930,974,679,"",1.09,1.17,1.17,1.12,1.11,1.16,0.27,0.96,"",-3,-21.4,-11,-1.9,2,0.4,-18,-3.2,322809,7.1,39520,10.4,53,5.8,56,9.0
"13151","5","611110","78","0","2023","4","",11,554,558,536,4847413,417930,974,679,"",1.09,1.17,1.17,1.12,1.11,1.16,0.27,0.96,"",-3,-21.4,-11,-1.9,2,0.4,-18,-3.2,322809,7.1,39520,10.4,53,5.8,56,9.0
"13151","5","6112","76","0","2023","4","N",1,0,0,0,0,0,0,0,"N",2.01,0,0,0,0,0,0,0,"N",0,0.0,0,0,0,0,0,0,0,0,0,0,0,0,0,0
"13151","5","61121","77","0","2023","4","N",1,0,0,0,0,0,0,0,"N",2.01,0,0,0,0,0,0,0,"N",0,0.0,0,0,0,0,0,0,0,0,0,0,0,0,0,0
"13151","5","611210","78","0","2023","4","N",1,0,0,0,0,0,0,0,"N",2.01,0,0,0,0,0,0,0,"N",0,0.0,0,0,0,0,0,0,0,0,0,0,0,0,0,0
"13151","5","6113","76","0","2023","4","",3,5,6,7,56052,16174,194,719,"",0.46,0.01,0.01,0.01,0.01,0.17,0.20,0.67,"N",0,0.0,0,0,0,0,0,0,0,0,0,0,0,0,0,0
"13151","5","61131","77","0","2023","4","",3,5,6,7,56052,16174,194,719,"",0.46,0.01,0.01,0.01,0.01,0.17,0.20,0.67,"N",0,0.0,0,0,0,0,0,0,0,0,0,0,0,0,0,0
"13151","5","611310","78","0","2023","4","",3,5,6,7,56052,16174,194,719,"",0.46,0.01,0.01,0.01,0.01,0.17,0.20,0.67,"N",0,0.0,0,0,0,0,0,0,0,0,0,0,0,0,0,0
"13151","5","6114","76","0","2023","4","",4,9,8,7,221217,4189,71,2127,"",0.44,0.23,0.21,0.18,0.32,0.10,0.12,1.57,"N",0,0.0,0,0,0,0,0,0,0,0,0,0,0,0,0,0
"13151","5","61143","77","0","2023","4","",4,9,8,7,221217,4189,71,2127,"",0.58,0.34,0.30,0.26,0.47,0.14,0.18,1.57,"N",0,0.0,0,0,0,0,0,0,0,0,0,0,0,0,0,0
"13151","5","611430","78","0","2023","4","",4,9,8,7,221217,4189,71,2127,"",0.58,0.34,0.30,0.26,0.47,0.14,0.18,1.57,"N",0,0.0,0,0,0,0,0,0,0,0,0,0,0,0,0,0
"13151","5","6115","76","0","2023","4","",7,14,14,13,144948,6675,4,816,"",1.22,0.23,0.23,0.21,0.22,0.08,0.00,0.99,"",0,0.0,-17,-54.8,-17,-54.8,-17,-56.7,-192300,-57.0,-13338,-66.6,-58,-93.5,-30,-3.5
"13151","5","61151","77","0","2023","4","",7,14,14,13,144948,6675,4,816,"",1.22,0.23,0.23,0.21,0.22,0.08,0.00,0.99,"",0,0.0,-17,-54.8,-17,-54.8,-17,-56.7,-192300,-57.0,-13338,-66.6,-58,-93.5,-30,-3.5
"13151","5","611512","78","0","2023","4","N",1,0,0,0,0,0,0,0,"N",1.22,0,0,0,0,0,0,0,"N",0,0.0,0,0,0,0,0,0,0,0,0,0,0,0,0,0
"13151","5","611513","78","0","2023","4","N",1,0,0,0,0,0,0,0,"N",1.30,0,0,0,0,0,0,0,"N",0,0.0,0,0,0,0,0,0,0,0,0,0,0,0,0,0
"13151","5","611519","78","0","2023","4","",5,13,13,12,127238,6675,4,773,"",1.56,0.42,0.41,0.38,0.40,0.17,0.01,0.99,"",0,0.0,-2,-13.3,-2,-13.3,-2,-14.3,-21381,-14.4,-10938,-62.1,-57,-93.4,-6,-0.8
"13151","5","6116","76","0","2023","4","",23,95,68,71,349803,83292,1637,345,"",0.75,0.38,0.27,0.28,0.28,0.26,0.42,0.91,"",0,0.0,17,21.8,-6,-8.1,-10,-12.3,-18246,-5.0,-37655,-31.1,428,35.4,-20,-5.5
"13151","5","61161","77","0","2023","4","N",5,0,0,0,0,0,0,0,"N",0.67,0,0,0,0,0,0,0,"N",2,66.7,0,0,0,0,0,0,0,0,0,0,0,0,0,0
"13151","5","611610","78","0","2023","4","N",5,0,0,0,0,0,0,0,"N",0.67,0,0,0,0,0,0,0,"N",2,66.7,0,0,0,0,0,0,0,0,0,0,0,0,0,0
"13151","5","61162","77","0","2023","4","",12,55,33,34,209852,54744,1335,397,"",1.23,0.66,0.39,0.41,0.59,0.53,1.13,1.21,"",-1,-7.7,8,17.0,-9,-21.4,-12,-26.1,-18026,-7.9,-511,-0.9,302,29.2,7,1.8
"13151","5","611620","78","0","2023","4","",12,55,33,34,209852,54744,1335,397,"",1.23,0.66,0.39,0.41,0.59,0.53,1.13,1.21,"",-1,-7.7,8,17.0,-9,-21.4,-12,-26.1,-18026,-7.9,-511,-0.9,302,29.2,7,1.8
"13151","5","61163","77","0","2023","4","N",1,0,0,0,0,0,0,0,"N",1.03,0,0,0,0,0,0,0,"N",0,0.0,0,0,0,0,0,0,0,0,0,0,0,0,0,0
"13151","5","611630","78","0","2023","4","N",1,0,0,0,0,0,0,0,"N",1.03,0,0,0,0,0,0,0,"N",0,0.0,0,0,0,0,0,0,0,0,0,0,0,0,0,0
"13151","5","61169","77","0","2023","4","",5,26,21,21,67298,8330,35,228,"",0.40,0.27,0.21,0.21,0.11,0.06,0.02,0.50,"N",-1,-16.7,0,0,0,0,0,0,0,0,0,0,0,0,0,0
"13151","5","611691","78","0","2023","4","N",4,0,0,0,0,0,0,0,"N",0.74,0,0,0,0,0,0,0,"N",-1,-20.0,0,0,0,0,0,0,0,0,0,0,0,0,0,0
"13151","5","611699","78","0","2023","4","N",1,0,0,0,0,0,0,0,"N",0.17,0,0,0,0,0,0,0,"N",0,0.0,0,0,0,0,0,0,0,0,0,0,0,0,0,0
"13151","5","6117","76","0","2023","4","N",5,0,0,0,0,0,0,0,"N",0.34,0,0,0,0,0,0,0,"N",1,25.0,0,0,0,0,0,0,0,0,0,0,0,0,0,0
"13151","5","61171","77","0","2023","4","N",5,0,0,0,0,0,0,0,"N",0.34,0,0,0,0,0,0,0,"N",1,25.0,0,0,0,0,0,0,0,0,0,0,0,0,0,0
"13151","5","611710","78","0","2023","4","N",5,0,0,0,0,0,0,0,"N",0.34,0,0,0,0,0,0,0,"N",1,25.0,0,0,0,0,0,0,0,0,0,0,0,0,0,0
"13151","5","62","74","0","2023","4","",633,9034,9098,9129,143454309,9816912,129240,1214,"",0.70,0.86,0.86,0.86,1.19,0.94,1.08,1.38,"",12,1.9,1396,18.3,1583,21.1,1593,21.1,15046351,11.7,297815,3.1,-6858,-5.0,-92,-7.0
"13151","5","621","75","0","2023","4","",470,4864,4949,4952,90414895,6322872,82309,1413,"",1.39,1.17,1.18,1.17,1.56,1.29,1.47,1.33,"",7,1.5,101,2.1,305,6.6,301,6.5,7654935,9.2,512917,8.8,731,0.9,54,4.0
"13151","5","6211","76","0","2023","4","",174,2433,2475,2492,59203099,3227400,36866,1846,"",1.56,1.71,1.73,1.73,2.03,2.33,2.47,1.18,"",3,1.8,-61,-2.4,73,3.0,63,2.6,3731138,6.7,431996,15.5,293,0.8,98,5.6
"13151","5","62111","77","0","2023","4","",174,2433,2475,2492,59203099,3227400,36866,1846,"",1.56,1.71,1.73,1.73,2.03,2.33,2.47,1.18,"",3,1.8,-61,-2.4,73,3.0,63,2.6,3731138,6.7,431996,15.5,293,0.8,98,5.6
"13151","5","621111","78","0","2023","4","",165,2420,2461,2479,58876459,3198212,36383,1846,"",1.58,1.75,1.77,1.77,2.06,2.40,2.56,1.17,"",2,1.2,-63,-2.5,70,2.9,63,2.6,3749896,6.8,433798,15.7,333,0.9,101,5.8
"13151","5","621112","78","0","2023","4","",9,13,14,13,326640,29188,483,1884,"",1.27,0.33,0.35,0.33,0.58,0.54,0.70,1.73,"",1,12.5,2,18.2,3,27.3,0,0.0,-18758,-5.4,-1802,-5.8,-40,-7.6,-393,-17.3
"13151","5","6212","76","0","2023","4","",65,502,494,516,9217685,526386,6296,1407,"",1.01,1.00,0.98,1.01,1.52,0.68,0.80,1.52,"",0,0.0,26,5.5,40,8.8,63,13.9,1689975,22.5,-66573,-11.2,-2657,-29.7,151,12.0
"13151","5","62121","77","0","2023","4","",65,502,494,516,9217685,526386,6296,1407,"",1.01,1.00,0.98,1.01,1.52,0.68,0.80,1.52,"",0,0.0,26,5.5,40,8.8,63,13.9,1689975,22.5,-66573,-11.2,-2657,-29.7,151,12.0
"13151","5","621210","78","0","2023","4","",65,502,494,516,9217685,526386,6296,1407,"",1.01,1.00,0.98,1.01,1.52,0.68,0.80,1.52,"",0,0.0,26,5.5,40,8.8,63,13.9,1689975,22.5,-66573,-11.2,-2657,-29.7,151,12.0
"13151","5","6213","76","0","2023","4","",90,306,312,311,3759245,371381,4471,934,"",0.98,0.53,0.54,0.53,0.70,0.41,0.43,1.30,"",4,4.7,27,9.7,30,10.6,30,10.7,573166,18.0,97383,35.5,1951,77.4,61,7.0
"13151","5","62131","77","0","2023","4","",26,95,94,100,951461,125318,1163,760,"",1.40,1.32,1.31,1.39,1.69,1.06,1.05,1.26,"",0,0.0,0,0.0,-1,-1.1,4,4.2,109814,13.0,23827,23.5,638,121.5,81,11.9
"13151","5","621310","78","0","2023","4","",26,95,94,100,951461,125318,1163,760,"",1.40,1.32,1.31,1.39,1.69,1.06,1.05,1.26,"",0,0.0,0,0.0,-1,-1.1,4,4.2,109814,13.0,23827,23.5,638,121.5,81,11.9
"13151","5","62132","77","0","2023","4","",11,48,47,51,440576,39961,439,696,"",1.10,0.65,0.64,0.68,0.61,0.36,0.45,0.93,"",1,10.0,1,2.1,0,0.0,3,6.2,-1089,-0.2,7573,23.4,123,38.9,-22,-3.1
"13151","5","621320","78","0","2023","4","",11,48,47,51,440576,39961,439,696,"",1.10,0.65,0.64,0.68,0.61,0.36,0.45,0.93,"",1,10.0,1,2.1,0,0.0,3,6.2,-1089,-0.2,7573,23.4,123,38.9,-22,-3.1
"13151","5","62133","77","0","2023","4","",14,56,56,55,969193,82341,2004,1339,"",0.72,0.53,0.52,0.51,1.00,0.43,0.76,1.93,"",0,0.0,16,40.0,19,51.4,15,37.5,246525,34.1,41589,102.1,1316,191.3,-86,-6.0
"13151","5","621330","78","0","2023","4","",14,56,56,55,969193,82341,2004,1339,"",0.72,0.53,0.52,0.51,1.00,0.43,0.76,1.93,"",0,0.0,16,40.0,19,51.4,15,37.5,246525,34.1,41589,102.1,1316,191.3,-86,-6.0
"13151","5","62134","77","0","2023","4","",20,70,75,69,1028847,72491,370,1109,"",0.85,0.30,0.32,0.29,0.48,0.22,0.10,1.58,"",2,11.1,5,7.7,7,10.3,4,6.2,184020,21.8,8072,12.5,38,11.4,124,12.6
"13151","5","621340","78","0","2023","4","",20,70,75,69,1028847,72491,370,1109,"",0.85,0.30,0.32,0.29,0.48,0.22,0.10,1.58,"",2,11.1,5,7.7,7,10.3,4,6.2,184020,21.8,8072,12.5,38,11.4,124,12.6
"13151","5","62139","77","0","2023","4","",19,37,40,36,369168,51270,495,754,"",0.94,0.41,0.43,0.39,0.36,0.35,0.26,0.89,"",1,5.6,5,15.6,5,14.3,4,12.5,33896,10.1,16322,46.7,-164,-24.9,-28,-3.6
"13151","5","621391","78","0","2023","4","N",2,0,0,0,0,0,0,0,"N",0.63,0,0,0,0,0,0,0,"N",0,0.0,0,0,0,0,0,0,0,0,0,0,0,0,0,0
"13151","5","621399","78","0","2023","4","N",17,0,0,0,0,0,0,0,"N",1.00,0,0,0,0,0,0,0,"N",1,6.2,0,0,0,0,0,0,0,0,0,0,0,0,0,0
"13151","5","6214","76","0","2023","4","",30,220,230,241,3945437,312657,5568,1318,"",1.26,0.42,0.43,0.45,0.52,0.71,1.09,1.20,"",0,0.0,13,6.3,27,13.3,36,17.6,-156137,-3.8,-30605,-8.9,1256,29.1,-221,-14.4
"13151","5","62142","77","0","2023","4","N",7,0,0,0,0,0,0,0,"N",0.91,0,0,0,0,0,0,0,"N",1,16.7,0,0,0,0,0,0,0,0,0,0,0,0,0,0
"13151","5","621420","78","0","2023","4","N",7,0,0,0,0,0,0,0,"N",0.91,0,0,0,0,0,0,0,"N",1,16.7,0,0,0,0,0,0,0,0,0,0,0,0,0,0
"13151","5","62149","77","0","2023","4","N",23,0,0,0,0,0,0,0,"N",1.56,0,0,0,0,0,0,0,"N",-1,-4.2,0,0,0,0,0,0,0,0,0,0,0,0,0,0
"13151","5","621491","78","0","2023","4","N",2,0,0,0,0,0,0,0,"N",1.44,0,0,0,0,0,0,0,"N",0,0.0,0,0,0,0,0,0,0,0,0,0,0,0,0,0
"13151","5","621492","78","0","2023","4","",8,102,100,106,1497832,92208,981,1122,"",2.12,1.63,1.59,1.68,1.83,1.32,1.65,1.12,"",-3,-27.3,-16,-13.6,-16,-13.8,-15,-12.4,-469632,-23.9,-47095,-33.8,85,9.5,-157,-12.3
"13151","5","621493","78","0","2023","4","N",7,0,0,0,0,0,0,0,"N",1.64,0,0,0,0,0,0,0,"N",3,75.0,0,0,0,0,0,0,0,0,0,0,0,0,0,0
"13151","5","621498","78","0","2023","4","N",6,0,0,0,0,0,0,0,"N",1.14,0,0,0,0,0,0,0,"N",-1,-14.3,0,0,0,0,0,0,0,0,0,0,0,0,0,0
"13151","5","6215","76","0","2023","4","",40,151,156,155,1810946,132971,2186,905,"",2.88,0.99,1.02,1.01,0.86,0.79,1.14,0.85,"",-3,-7.0,6,4.1,7,4.7,5,3.3,19750,1.1,16933,14.6,113,5.5,-26,-2.8
"13151","5","62151","77","0","2023","4","",40,151,156,155,1810946,132971,2186,905,"",2.88,0.99,1.02,1.01,0.86,0.79,1.14,0.85,"",-3,-7.0,6,4.1,7,4.7,5,3.3,19750,1.1,16933,14.6,113,5.5,-26,-2.8
"13151","5","621511","78","0","2023","4","",33,57,54,55,528091,59943,1096,734,"",3.16,0.51,0.48,0.49,0.35,0.49,0.81,0.71,"",-4,-10.8,4,7.5,-2,-3.6,1,1.9,-5050,-0.9,27880,87.0,582,113.2,-21,-2.8
"13151","5","621512","78","0","2023","4","",7,94,102,100,1282855,73028,1090,1000,"",2.04,2.31,2.50,2.43,2.11,1.64,1.91,0.87,"",1,16.7,2,2.2,9,9.7,4,4.2,24800,2.0,-10947,-13.0,-469,-30.1,-33,-3.2
"13151","5","6216","76","0","2023","4","",50,1128,1168,1128,11493939,1605795,24643,775,"",2.12,1.39,1.43,1.37,2.01,1.53,1.81,1.44,"",1,2.0,71,6.7,121,11.6,103,10.0,1738491,17.8,111897,7.5,1281,5.5,56,7.8
"13151","5","62161","77","0","2023","4","",50,1128,1168,1128,11493939,1605795,24643,775,"",2.12,1.39,1.43,1.37,2.01,1.53,1.81,1.44,"",1,2.0,71,6.7,121,11.6,103,10.0,1738491,17.8,111897,7.5,1281,5.5,56,7.8
"13151","5","621610","78","0","2023","4","",50,1128,1168,1128,11493939,1605795,24643,775,"",2.12,1.39,1.43,1.37,2.01,1.53,1.81,1.44,"",1,2.0,71,6.7,121,11.6,103,10.0,1738491,17.8,111897,7.5,1281,5.5,56,7.8
"13151","5","6219","76","0","2023","4","",21,124,114,109,984544,146282,2279,655,"",2.17,0.72,0.66,0.63,0.50,0.72,0.97,0.74,"",2,10.5,19,18.1,7,6.5,1,0.9,58552,6.3,-48114,-24.8,-1506,-39.8,-13,-1.9
"13151","5","62191","77","0","2023","4","",12,103,94,90,741575,145008,2245,596,"",4.38,1.26,1.15,1.09,0.87,1.36,2.00,0.75,"",0,0.0,17,19.8,6,6.8,3,3.4,46601,6.7,-49388,-25.4,-1540,-40.7,-18,-2.9
"13151","5","621910","78","0","2023","4","",12,103,94,90,741575,145008,2245,596,"",4.38,1.26,1.15,1.09,0.87,1.36,2.00,0.75,"",0,0.0,17,19.8,6,6.8,3,3.4,46601,6.7,-49388,-25.4,-1540,-40.7,-18,-2.9
"13151","5","62199","77","0","2023","4","",9,21,20,19,242969,1274,34,934,"",1.30,0.23,0.22,0.21,0.22,0.01,0.03,0.97,"",2,28.6,2,10.5,1,5.3,-2,-9.5,11951,5.2,1274,100.0,34,100.0,30,3.3
"13151","5","621991","78","0","2023","4","N",1,0,0,0,0,0,0,0,"N",0.88,0,0,0,0,0,0,0,"N",0,0.0,0,0,0,0,0,0,0,0,0,0,0,0,0,0
"13151","5","621999","78","0","2023","4","N",8,0,0,0,0,0,0,0,"N",1.38,0,0,0,0,0,0,0,"N",2,33.3,0,0,0,0,0,0,0,0,0,0,0,0,0,0
"13151","5","622","75","0","2023","4","",9,2064,2062,2059,35151201,312040,8480,1312,"",1.26,0.79,0.79,0.78,0.95,0.53,2.05,1.20,"",-2,-18.2,1213,142.5,1178,133.3,1165,130.3,6545029,22.9,-171884,-35.5,-4586,-35.1,-1199,-47.7
"13151","5","6221","76","0","2023","4","N",6,0,0,0,0,0,0,0,"N",1.15,0,0,0,0,0,0,0,"N",-2,-25.0,0,0,0,0,0,0,0,0,0,0,0,0,0,0
"13151","5","62211","77","0","2023","4","N",6,0,0,0,0,0,0,0,"N",1.15,0,0,0,0,0,0,0,"N",-2,-25.0,0,0,0,0,0,0,0,0,0,0,0,0,0,0
"13151","5","622110","78","0","2023","4","N",6,0,0,0,0,0,0,0,"N",1.15,0,0,0,0,0,0,0,"N",-2,-25.0,0,0,0,0,0,0,0,0,0,0,0,0,0,0
"13151","5","6222","76","0","2023","4","N",1,0,0,0,0,0,0,0,"N",1.38,0,0,0,0,0,0,0,"N",0,0.0,0,0,0,0,0,0,0,0,0,0,0,0,0,0
"13151","5","62221","77","0","2023","4","N",1,0,0,0,0,0,0,0,"N",1.38,0,0,0,0,0,0,0,"N",0,0.0,0,0,0,0,0,0,0,0,0,0,0,0,0,0
"13151","5","622210","78","0","2023","4","N",1,0,0,0,0,0,0,0,"N",1.38,0,0,0,0,0,0,0,"N",0,0.0,0,0,0,0,0,0,0,0,0,0,0,0,0,0
"13151","5","6223","76","0","2023","4","N",2,0,0,0,0,0,0,0,"N",1.71,0,0,0,0,0,0,0,"N",0,0.0,0,0,0,0,0,0,0,0,0,0,0,0,0,0
"13151","5","62231","77","0","2023","4","N",2,0,0,0,0,0,0,0,"N",1.71,0,0,0,0,0,0,0,"N",0,0.0,0,0,0,0,0,0,0,0,0,0,0,0,0,0
"13151","5","622310","78","0","2023","4","N",2,0,0,0,0,0,0,0,"N",1.71,0,0,0,0,0,0,0,"N",0,0.0,0,0,0,0,0,0,0,0,0,0,0,0,0,0
"13151","5","623","75","0","2023","4","",17,697,692,692,7807370,964298,16198,866,"",0.40,0.45,0.44,0.44,0.64,0.44,0.70,1.44,"",0,0.0,22,3.3,32,4.8,48,7.5,391906,5.3,48323,5.3,796,5.2,1,0.1
"13151","5","6231","76","0","2023","4","",4,436,446,448,5728679,584640,9251,994,"",0.43,0.62,0.63,0.63,0.97,0.57,0.84,1.55,"",-1,-20.0,-5,-1.1,19,4.4,20,4.7,144724,2.6,110213,23.2,2930,46.4,0,0.0
"13151","5","62311","77","0","2023","4","",4,436,446,448,5728679,584640,9251,994,"",0.43,0.62,0.63,0.63,0.97,0.57,0.84,1.55,"",-1,-20.0,-5,-1.1,19,4.4,20,4.7,144724,2.6,110213,23.2,2930,46.4,0,0.0
"13151","5","623110","78","0","2023","4","",4,436,446,448,5728679,584640,9251,994,"",0.43,0.62,0.63,0.63,0.97,0.57,0.84,1.55,"",-1,-20.0,-5,-1.1,19,4.4,20,4.7,144724,2.6,110213,23.2,2930,46.4,0,0.0
"13151","5","6232","76","0","2023","4","N",3,0,0,0,0,0,0,0,"N",0.19,0,0,0,0,0,0,0,"N",2,200.0,0,0,0,0,0,0,0,0,0,0,0,0,0,0
"13151","5","62322","77","0","2023","4","N",3,0,0,0,0,0,0,0,"N",0.65,0,0,0,0,0,0,0,"N",2,200.0,0,0,0,0,0,0,0,0,0,0,0,0,0,0
"13151","5","623220","78","0","2023","4","N",3,0,0,0,0,0,0,0,"N",0.65,0,0,0,0,0,0,0,"N",2,200.0,0,0,0,0,0,0,0,0,0,0,0,0,0,0
"13151","5","6233","76","0","2023","4","N",10,0,0,0,0,0,0,0,"N",0.74,0,0,0,0,0,0,0,"N",-1,-9.1,0,0,0,0,0,0,0,0,0,0,0,0,0,0
"13151","5","62331","77","0","2023","4","N",10,0,0,0,0,0,0,0,"N",0.74,0,0,0,0,0,0,0,"N",-1,-9.1,0,0,0,0,0,0,0,0,0,0,0,0,0,0
"13151","5","623311","78","0","2023","4","N",1,0,0,0,0,0,0,0,"N",0.30,0,0,0,0,0,0,0,"N",-1,-50.0,0,0,0,0,0,0,0,0,0,0,0,0,0,0
"13151","5","623312","78","0","2023","4","",9,181,171,171,1483223,280154,6033,654,"",0.88,0.77,0.72,0.71,0.96,0.61,1.15,1.31,"",0,0.0,17,10.4,5,3.0,33,23.9,175378,13.4,-65734,-19.0,-2342,-28.0,9,1.4
"13151","5","624","75","0","2023","4","",137,1409,1395,1426,10080843,2217702,22253,550,"",0.26,0.65,0.63,0.65,0.77,0.80,0.61,1.20,"",7,5.4,60,4.4,68,5.1,79,5.9,454481,4.7,-91541,-4.0,-3799,-14.6,-2,-0.4
"13151","5","6241","76","0","2023","4","",73,361,346,359,2228631,466474,5597,482,"",0.16,0.25,0.23,0.24,0.27,0.26,0.22,1.11,"",13,21.7,1,0.3,-4,-1.1,9,2.6,-108580,-4.6,-20160,-4.1,147,2.7,-27,-5.3
"13151","5","62411","77","0","2023","4","",5,34,34,33,167467,6750,182,383,"",0.76,0.31,0.31,0.30,0.19,0.07,0.15,0.63,"",0,0.0,1,3.0,-2,-5.6,-1,-2.9,-10321,-5.8,4142,158.8,112,160.0,-15,-3.8
"13151","5","624110","78","0","2023","4","",5,34,34,33,167467,6750,182,383,"",0.76,0.31,0.31,0.30,0.19,0.07,0.15,0.63,"",0,0.0,1,3.0,-2,-5.6,-1,-2.9,-10321,-5.8,4142,158.8,112,160.0,-15,-3.8
"13151","5","62412","77","0","2023","4","",47,220,207,225,1229904,345395,3871,435,"",0.11,0.20,0.19,0.20,0.23,0.24,0.19,1.19,"",13,38.2,5,2.3,-6,-2.8,11,5.1,-22311,-1.8,-6275,-1.8,-600,-13.4,-15,-3.3
"13151","5","624120","78","0","2023","4","",47,220,207,225,1229904,345395,3871,435,"",0.11,0.20,0.19,0.20,0.23,0.24,0.19,1.19,"",13,38.2,5,2.3,-6,-2.8,11,5.1,-22311,-1.8,-6275,-1.8,-600,-13.4,-15,-3.3
"13151","5","62419","77","0","2023","4","",21,107,105,101,831260,114329,1544,613,"",1.02,0.43,0.42,0.40,0.38,0.42,0.40,0.91,"",0,0.0,-5,-4.5,4,4.0,-1,-1.0,-75948,-8.4,-18027,-13.6,635,69.9,-52,-7.8
"13151","5","624190","78","0","2023","4","",21,107,105,101,831260,114329,1544,613,"",1.02,0.43,0.42,0.40,0.38,0.42,0.40,0.91,"",0,0.0,-5,-4.5,4,4.0,-1,-1.0,-75948,-8.4,-18027,-13.6,635,69.9,-52,-7.8
"13151","5","6242","76","0","2023","4","N",4,0,0,0,0,0,0,0,"N",0.59,0,0,0,0,0,0,0,"N",-2,-33.3,0,0,0,0,0,0,0,0,0,0,0,0,0,0
"13151","5","62421","77","0","2023","4","N",3,0,0,0,0,0,0,0,"N",1.59,0,0,0,0,0,0,0,"N",0,0.0,0,0,0,0,0,0,0,0,0,0,0,0,0,0
"13151","5","624210","78","0","2023","4","N",3,0,0,0,0,0,0,0,"N",1.59,0,0,0,0,0,0,0,"N",0,0.0,0,0,0,0,0,0,0,0,0,0,0,0,0,0
"13151","5","62422","77","0","2023","4","N",1,0,0,0,0,0,0,0,"N",0.27,0,0,0,0,0,0,0,"N",-1,-50.0,0,0,0,0,0,0,0,0,0,0,0,0,0,0
"13151","5","624221","78","0","2023","4","N",1,0,0,0,0,0,0,0,"N",0.50,0,0,0,0,0,0,0,"N",-1,-50.0,0,0,0,0,0,0,0,0,0,0,0,0,0,0
"13151","5","62423","77","0","2023","4","-",0,0,0,0,0,0,0,0,"N",0.00,0,0,0,0,0,0,0,"N",-1,-100.0,0,0,0,0,0,0,0,0,0,0,0,0,0,0
"13151","5","624230","78","0","2023","4","-",0,0,0,0,0,0,0,0,"N",0.00,0,0,0,0,0,0,0,"N",-1,-100.0,0,0,0,0,0,0,0,0,0,0,0,0,0,0
"13151","5","6243","76","0","2023","4","N",4,0,0,0,0,0,0,0,"N",0.88,0,0,0,0,0,0,0,"N",0,0.0,0,0,0,0,0,0,0,0,0,0,0,0,0,0
"13151","5","62431","77","0","2023","4","N",4,0,0,0,0,0,0,0,"N",0.88,0,0,0,0,0,0,0,"N",0,0.0,0,0,0,0,0,0,0,0,0,0,0,0,0,0
"13151","5","624310","78","0","2023","4","N",4,0,0,0,0,0,0,0,"N",0.88,0,0,0,0,0,0,0,"N",0,0.0,0,0,0,0,0,0,0,0,0,0,0,0,0,0
"13151","5","6244","76","0","2023","4","",56,934,939,953,6999964,1693245,15966,572,"",1.52,1.98,1.98,1.99,2.56,2.16,1.75,1.29,"",-4,-6.7,50,5.7,72,8.3,67,7.6,541766,8.4,18976,1.1,-3799,-19.2,7,1.2
"13151","5","62441","77","0","2023","4","",56,934,939,953,6999964,1693245,15966,572,"",1.52,1.98,1.98,1.99,2.56,2.16,1.75,1.29,"",-4,-6.7,50,5.7,72,8.3,67,7.6,541766,8.4,18976,1.1,-3799,-19.2,7,1.2
"13151","5","624410","78","0","2023","4","",56,934,939,953,6999964,1693245,15966,572,"",1.52,1.98,1.98,1.99,2.56,2.16,1.75,1.29,"",-4,-6.7,50,5.7,72,8.3,67,7.6,541766,8.4,18976,1.1,-3799,-19.2,7,1.2
"13151","5","71","74","0","2023","4","",66,1053,1014,1041,7951845,1349584,14867,590,"",0.76,0.87,0.87,0.89,0.66,0.86,0.64,0.75,"",-2,-2.9,178,20.3,185,22.3,215,26.0,1196988,17.7,-36052,-2.6,-5723,-27.8,-26,-4.2
"13151","5","711","75","0","2023","4","N",14,0,0,0,0,0,0,0,"N",0.37,0,0,0,0,0,0,0,"N",0,0.0,0,0,0,0,0,0,0,0,0,0,0,0,0,0
"13151","5","7111","76","0","2023","4","",4,26,26,26,376859,22249,373,1115,"",0.66,0.39,0.39,0.39,0.35,0.20,0.14,0.91,"N",2,100.0,0,0,0,0,0,0,0,0,0,0,0,0,0,0
"13151","5","71112","77","0","2023","4","N",1,0,0,0,0,0,0,0,"N",1.43,0,0,0,0,0,0,0,"N",1,100.0,0,0,0,0,0,0,0,0,0,0,0,0,0,0
"13151","5","711120","78","0","2023","4","N",1,0,0,0,0,0,0,0,"N",1.43,0,0,0,0,0,0,0,"N",1,100.0,0,0,0,0,0,0,0,0,0,0,0,0,0,0
"13151","5","71113","77","0","2023","4","N",3,0,0,0,0,0,0,0,"N",1.06,0,0,0,0,0,0,0,"N",1,50.0,0,0,0,0,0,0,0,0,0,0,0,0,0,0
"13151","5","711130","78","0","2023","4","N",3,0,0,0,0,0,0,0,"N",1.06,0,0,0,0,0,0,0,"N",1,50.0,0,0,0,0,0,0,0,0,0,0,0,0,0,0
"13151","5","7112","76","0","2023","4","N",4,0,0,0,0,0,0,0,"N",1.00,0,0,0,0,0,0,0,"N",1,33.3,0,0,0,0,0,0,0,0,0,0,0,0,0,0
"13151","5","71121","77","0","2023","4","N",4,0,0,0,0,0,0,0,"N",1.00,0,0,0,0,0,0,0,"N",1,33.3,0,0,0,0,0,0,0,0,0,0,0,0,0,0
"13151","5","711211","78","0","2023","4","N",2,0,0,0,0,0,0,0,"N",1.18,0,0,0,0,0,0,0,"N",1,100.0,0,0,0,0,0,0,0,0,0,0,0,0,0,0
"13151","5","711212","78","0","2023","4","N",1,0,0,0,0,0,0,0,"N",2.79,0,0,0,0,0,0,0,"N",0,0.0,0,0,0,0,0,0,0,0,0,0,0,0,0,0
"13151","5","711219","78","0","2023","4","N",1,0,0,0,0,0,0,0,"N",0.51,0,0,0,0,0,0,0,"N",0,0.0,0,0,0,0,0,0,0,0,0,0,0,0,0,0
"13151","5","7114","76","0","2023","4","N",1,0,0,0,0,0,0,0,"N",0.31,0,0,0,0,0,0,0,"N",0,0.0,0,0,0,0,0,0,0,0,0,0,0,0,0,0
"13151","5","71141","77","0","2023","4","N",1,0,0,0,0,0,0,0,"N",0.31,0,0,0,0,0,0,0,"N",0,0.0,0,0,0,0,0,0,0,0,0,0,0,0,0,0
"13151","5","711410","78","0","2023","4","N",1,0,0,0,0,0,0,0,"N",0.31,0,0,0,0,0,0,0,"N",0,0.0,0,0,0,0,0,0,0,0,0,0,0,0,0,0
"13151","5","7115","76","0","2023","4","",5,11,15,12,234353,13286,80,1423,"",0.26,0.35,0.48,0.37,0.15,0.19,0.07,0.36,"",-3,-37.5,-6,-35.3,-1,-6.2,-4,-25.0,-37751,-13.9,-4595,-25.7,-400,-83.3,142,11.1
"13151","5","71151","77","0","2023","4","",5,11,15,12,234353,13286,80,1423,"",0.26,0.35,0.48,0.37,0.15,0.19,0.07,0.36,"",-3,-37.5,-6,-35.3,-1,-6.2,-4,-25.0,-37751,-13.9,-4595,-25.7,-400,-83.3,142,11.1
"13151","5","711510","78","0","2023","4","",5,11,15,12,234353,13286,80,1423,"",0.26,0.35,0.48,0.37,0.15,0.19,0.07,0.36,"",-3,-37.5,-6,-35.3,-1,-6.2,-4,-25.0,-37751,-13.9,-4595,-25.7,-400,-83.3,142,11.1
"13151","5","712","75","0","2023","4","N",1,0,0,0,0,0,0,0,"N",0.28,0,0,0,0,0,0,0,"N",0,0.0,0,0,0,0,0,0,0,0,0,0,0,0,0,0
"13151","5","7121","76","0","2023","4","N",1,0,0,0,0,0,0,0,"N",0.28,0,0,0,0,0,0,0,"N",0,0.0,0,0,0,0,0,0,0,0,0,0,0,0,0,0
"13151","5","71211","77","0","2023","4","N",1,0,0,0,0,0,0,0,"N",0.41,0,0,0,0,0,0,0,"N",0,0.0,0,0,0,0,0,0,0,0,0,0,0,0,0,0
"13151","5","712110","78","0","2023","4","N",1,0,0,0,0,0,0,0,"N",0.41,0,0,0,0,0,0,0,"N",0,0.0,0,0,0,0,0,0,0,0,0,0,0,0,0,0
"13151","5","713","75","0","2023","4","",51,937,904,939,6274879,1276138,14328,521,"",1.13,1.10,1.11,1.14,1.36,1.18,0.96,1.22,"",-2,-3.8,228,32.2,183,25.4,206,28.1,1278180,25.6,18226,1.4,-4934,-25.6,-12,-2.3
"13151","5","7131","76","0","2023","4","N",5,0,0,0,0,0,0,0,"N",2.60,0,0,0,0,0,0,0,"N",2,66.7,0,0,0,0,0,0,0,0,0,0,0,0,0,0
"13151","5","71311","77","0","2023","4","N",2,0,0,0,0,0,0,0,"N",3.25,0,0,0,0,0,0,0,"N",1,100.0,0,0,0,0,0,0,0,0,0,0,0,0,0,0
"13151","5","713110","78","0","2023","4","N",2,0,0,0,0,0,0,0,"N",3.25,0,0,0,0,0,0,0,"N",1,100.0,0,0,0,0,0,0,0,0,0,0,0,0,0,0
"13151","5","71312","77","0","2023","4","N",3,0,0,0,0,0,0,0,"N",2.29,0,0,0,0,0,0,0,"N",1,50.0,0,0,0,0,0,0,0,0,0,0,0,0,0,0
"13151","5","713120","78","0","2023","4","N",3,0,0,0,0,0,0,0,"N",2.29,0,0,0,0,0,0,0,"N",1,50.0,0,0,0,0,0,0,0,0,0,0,0,0,0,0
"13151","5","7132","76","0","2023","4","N",1,0,0,0,0,0,0,0,"N",0.50,0,0,0,0,0,0,0,"N",0,0.0,0,0,0,0,0,0,0,0,0,0,0,0,0,0
"13151","5","71329","77","0","2023","4","N",1,0,0,0,0,0,0,0,"N",0.56,0,0,0,0,0,0,0,"N",0,0.0,0,0,0,0,0,0,0,0,0,0,0,0,0,0
"13151","5","713290","78","0","2023","4","N",1,0,0,0,0,0,0,0,"N",0.56,0,0,0,0,0,0,0,"N",0,0.0,0,0,0,0,0,0,0,0,0,0,0,0,0,0
"13151","5","7139","76","0","2023","4","",45,872,846,871,6028302,1182974,12157,537,"",1.09,1.28,1.29,1.31,1.78,1.33,0.96,1.38,"",-4,-8.2,170,24.2,132,18.5,145,20.0,1132310,23.1,-70888,-5.7,-7097,-36.9,10,1.9
"13151","5","71391","77","0","2023","4","N",6,0,0,0,0,0,0,0,"N",1.15,0,0,0,0,0,0,0,"N",0,0.0,0,0,0,0,0,0,0,0,0,0,0,0,0,0
"13151","5","713910","78","0","2023","4","N",6,0,0,0,0,0,0,0,"N",1.15,0,0,0,0,0,0,0,"N",0,0.0,0,0,0,0,0,0,0,0,0,0,0,0,0,0
"13151","5","71394","77","0","2023","4","",25,307,306,305,1506622,395023,3309,379,"",1.20,1.04,1.04,1.02,1.32,1.14,0.76,1.28,"N",-1,-3.8,0,0,0,0,0,0,0,0,0,0,0,0,0,0
"13151","5","713940","78","0","2023","4","",25,307,306,305,1506622,395023,3309,379,"",1.20,1.04,1.04,1.02,1.32,1.14,0.76,1.28,"N",-1,-3.8,0,0,0,0,0,0,0,0,0,0,0,0,0,0
"13151","5","71395","77","0","2023","4","N",1,0,0,0,0,0,0,0,"N",0.62,0,0,0,0,0,0,0,"N",0,0.0,0,0,0,0,0,0,0,0,0,0,0,0,0,0
"13151","5","713950","78","0","2023","4","N",1,0,0,0,0,0,0,0,"N",0.62,0,0,0,0,0,0,0,"N",0,0.0,0,0,0,0,0,0,0,0,0,0,0,0,0,0
"13151","5","71399","77","0","2023","4","",13,251,244,265,3001426,302319,3014,911,"",1.13,2.11,2.25,2.51,5.19,1.72,1.32,2.27,"",-3,-18.8,-21,-7.7,-40,-14.1,-20,-7.0,274765,10.1,-161692,-34.8,-4258,-58.6,163,21.8
"13151","5","713990","78","0","2023","4","",13,251,244,265,3001426,302319,3014,911,"",1.13,2.11,2.25,2.51,5.19,1.72,1.32,2.27,"",-3,-18.8,-21,-7.7,-40,-14.1,-20,-7.0,274765,10.1,-161692,-34.8,-4258,-58.6,163,21.8
"13151","5","72","74","0","2023","4","",559,9580,9592,9783,51771949,15452336,169734,413,"",1.51,1.41,1.41,1.44,1.48,1.37,1.30,1.05,"",2,0.4,86,0.9,113,1.2,82,0.8,1477207,2.9,-888120,-5.4,-1190,-0.7,8,2.0
"13151","5","721","75","0","2023","4","",61,660,640,649,4552730,1084107,17263,539,"",1.66,0.72,0.71,0.72,0.68,0.63,0.81,0.95,"",-3,-4.7,71,12.1,66,11.5,79,13.9,471555,11.6,-41173,-3.7,-2415,-12.3,-4,-0.7
"13151","5","7211","76","0","2023","4","N",60,0,0,0,0,0,0,0,"N",1.89,0,0,0,0,0,0,0,"N",-3,-4.8,0,0,0,0,0,0,0,0,0,0,0,0,0,0
"13151","5","72111","77","0","2023","4","",59,646,625,634,4474481,1071421,17227,542,"",2.04,0.87,0.85,0.86,0.84,0.85,1.05,0.97,"",-3,-4.8,69,12.0,63,11.2,76,13.6,457126,11.4,-38525,-3.5,-2357,-12.0,-4,-0.7
"13151","5","721110","78","0","2023","4","",59,646,625,634,4474481,1071421,17227,542,"",2.04,0.87,0.85,0.86,0.84,0.85,1.05,0.97,"",-3,-4.8,69,12.0,63,11.2,76,13.6,457126,11.4,-38525,-3.5,-2357,-12.0,-4,-0.7
"13151","5","72119","77","0","2023","4","N",1,0,0,0,0,0,0,0,"N",0.39,0,0,0,0,0,0,0,"N",0,0.0,0,0,0,0,0,0,0,0,0,0,0,0,0,0
"13151","5","721191","78","0","2023","4","N",1,0,0,0,0,0,0,0,"N",0.88,0,0,0,0,0,0,0,"N",0,0.0,0,0,0,0,0,0,0,0,0,0,0,0,0,0
"13151","5","7212","76","0","2023","4","N",1,0,0,0,0,0,0,0,"N",0.24,0,0,0,0,0,0,0,"N",0,0.0,0,0,0,0,0,0,0,0,0,0,0,0,0,0
"13151","5","72121","77","0","2023","4","N",1,0,0,0,0,0,0,0,"N",0.24,0,0,0,0,0,0,0,"N",0,0.0,0,0,0,0,0,0,0,0,0,0,0,0,0,0
"13151","5","721211","78","0","2023","4","N",1,0,0,0,0,0,0,0,"N",0.38,0,0,0,0,0,0,0,"N",0,0.0,0,0,0,0,0,0,0,0,0,0,0,0,0,0
"13151","5","722","75","0","2023","4","",498,8920,8952,9134,47219219,14368229,152471,403,"",1.49,1.51,1.52,1.55,1.68,1.50,1.39,1.10,"",5,1.0,15,0.2,47,0.5,3,0.0,1005652,2.2,-846947,-5.6,1225,0.8,7,1.8
"13151","5","7223","76","0","2023","4","",21,111,111,108,806416,172064,3280,564,"",0.88,0.29,0.29,0.29,0.32,0.26,0.21,1.12,"",0,0.0,44,65.7,34,44.2,32,42.1,286908,55.2,61839,56.1,647,24.6,19,3.5
"13151","5","72231","77","0","2023","4","",9,58,61,59,493796,80986,990,640,"",0.75,0.21,0.22,0.22,0.26,0.17,0.08,1.22,"",0,0.0,13,28.9,17,38.6,17,40.5,110623,28.9,20235,33.3,-461,-31.8,-35,-5.2
"13151","5","722310","78","0","2023","4","",9,58,61,59,493796,80986,990,640,"",0.75,0.21,0.22,0.22,0.26,0.17,0.08,1.22,"",0,0.0,13,28.9,17,38.6,17,40.5,110623,28.9,20235,33.3,-461,-31.8,-35,-5.2
"13151","5","72232","77","0","2023","4","N",10,0,0,0,0,0,0,0,"N",1.55,0,0,0,0,0,0,0,"N",1,11.1,0,0,0,0,0,0,0,0,0,0,0,0,0,0
"13151","5","722320","78","0","2023","4","N",10,0,0,0,0,0,0,0,"N",1.55,0,0,0,0,0,0,0,"N",1,11.1,0,0,0,0,0,0,0,0,0,0,0,0,0,0
"13151","5","72233","77","0","2023","4","N",2,0,0,0,0,0,0,0,"N",0.38,0,0,0,0,0,0,0,"N",-1,-33.3,0,0,0,0,0,0,0,0,0,0,0,0,0,0
"13151","5","722330","78","0","2023","4","N",2,0,0,0,0,0,0,0,"N",0.38,0,0,0,0,0,0,0,"N",-1,-33.3,0,0,0,0,0,0,0,0,0,0,0,0,0,0
"13151","5","7224","76","0","2023","4","",10,55,102,118,347626,122272,3136,292,"",0.50,0.27,0.50,0.58,0.37,0.36,0.71,0.82,"",2,25.0,-56,-50.5,-7,-6.4,8,7.3,-121007,-25.8,-134221,-52.3,-3617,-53.6,-36,-11.0
"13151","5","72241","77","0","2023","4","",10,55,102,118,347626,122272,3136,292,"",0.50,0.27,0.50,0.58,0.37,0.36,0.71,0.82,"",2,25.0,-56,-50.5,-7,-6.4,8,7.3,-121007,-25.8,-134221,-52.3,-3617,-53.6,-36,-11.0
"13151","5","722410","78","0","2023","4","",10,55,102,118,347626,122272,3136,292,"",0.50,0.27,0.50,0.58,0.37,0.36,0.71,0.82,"",2,25.0,-56,-50.5,-7,-6.4,8,7.3,-121007,-25.8,-134221,-52.3,-3617,-53.6,-36,-11.0
"13151","5","7225","76","0","2023","4","",467,8754,8739,8908,46065177,14073893,146055,403,"",1.61,1.65,1.64,1.67,1.86,1.64,1.63,1.13,"",3,0.6,27,0.3,20,0.2,-37,-0.4,839751,1.9,-774565,-5.2,4195,3.0,8,2.0
"13151","5","72251","77","0","2023","4","",467,8754,8739,8908,46065177,14073893,146055,403,"",1.61,1.65,1.64,1.67,1.86,1.64,1.63,1.13,"",3,0.6,27,0.3,20,0.2,-37,-0.4,839751,1.9,-774565,-5.2,4195,3.0,8,2.0
"13151","5","722511","78","0","2023","4","",160,3145,3183,3249,19768235,4970964,39908,476,"",1.29,1.22,1.23,1.25,1.45,1.17,0.83,1.18,"",-8,-4.8,-192,-5.8,-196,-5.8,-153,-4.5,-330079,-1.6,-374094,-7.0,-4056,-9.2,18,3.9
"13151","5","722513","78","0","2023","4","",257,5073,5032,5146,23159880,8413948,97032,350,"",2.07,2.27,2.25,2.29,2.57,2.37,2.94,1.13,"",10,4.0,215,4.4,219,4.6,126,2.5,734941,3.3,-320777,-3.7,7370,8.2,-2,-0.6
"13151","5","722514","78","0","2023","4","",8,127,127,120,1070956,94728,986,661,"",3.23,3.44,3.43,3.25,6.23,1.83,1.77,1.85,"",0,0.0,11,9.5,-3,-2.3,-1,-0.8,132534,14.1,-12894,-12.0,386,64.3,71,12.0
"13151","5","722515","78","0","2023","4","",42,409,397,393,2066106,594253,8129,398,"",1.10,0.90,0.88,0.88,1.08,0.82,0.98,1.22,"",1,2.4,-7,-1.7,0,0.0,-9,-2.2,302355,17.1,-66800,-10.1,495,6.5,63,18.8
"13151","5","81","74","0","2023","4","",339,1602,1594,1615,19534178,2176345,32325,937,"",0.82,0.72,0.71,0.72,0.94,0.76,0.92,1.32,"",-20,-5.6,130,8.8,71,4.7,92,6.0,3160235,19.3,-11606,-0.5,15172,88.5,101,12.1
"13151","5","811","75","0","2023","4","",147,836,817,839,12257781,1380089,21209,1135,"",1.27,1.18,1.16,1.18,1.62,1.36,1.78,1.38,"",-9,-5.8,139,19.9,67,8.9,95,12.8,2629449,27.3,73046,5.6,12338,139.1,121,11.9
"13151","5","8111","76","0","2023","4","",116,729,706,727,10524047,1257504,19849,1123,"",1.42,1.47,1.42,1.45,2.22,1.70,2.45,1.54,"",-11,-8.7,130,21.7,47,7.1,75,11.5,2563498,32.2,7856,0.6,11484,137.3,161,16.7
"13151","5","81111","77","0","2023","4","",58,376,363,379,6272291,742412,13106,1295,"",1.28,1.76,1.70,1.76,2.89,2.41,3.91,1.67,"",-9,-13.4,126,50.4,64,21.4,64,20.3,2420272,62.8,12960,1.8,9389,252.6,266,25.9
"13151","5","811111","78","0","2023","4","",50,337,330,335,5798754,636134,11039,1336,"",1.23,1.76,1.72,1.73,2.98,2.28,3.61,1.72,"",-11,-18.0,107,46.5,52,18.7,40,13.6,2175709,60.1,-82171,-11.4,7348,199.1,295,28.3
"13151","5","811114","78","0","2023","4","",8,39,33,44,473537,106278,2067,942,"",1.62,1.78,1.51,2.00,2.14,3.66,6.87,1.22,"",2,33.3,19,95.0,12,57.1,24,120.0,244563,106.8,95131,853.4,2041,7850.0,76,8.8
"13151","5","81112","77","0","2023","4","",24,131,130,129,2208510,215881,2839,1307,"",1.20,0.91,0.90,0.89,1.31,1.08,1.27,1.46,"",-1,-4.0,4,3.1,0,0.0,-4,-3.0,174747,8.6,42198,24.3,810,39.9,104,8.6
"13151","5","811121","78","0","2023","4","",16,107,106,105,1900667,175284,1926,1379,"",0.96,0.85,0.84,0.83,1.27,1.01,1.00,1.50,"",-1,-5.9,16,17.6,12,12.8,7,7.1,363940,23.7,48241,38.0,448,30.3,126,10.1
"13151","5","811122","78","0","2023","4","",8,24,24,24,307843,40597,913,987,"",2.50,1.28,1.29,1.29,1.73,1.49,3.01,1.35,"",0,0.0,-12,-33.3,-12,-33.3,-11,-31.4,-189193,-38.1,-6043,-13.0,362,65.7,-85,-7.9
"13151","5","81119","77","0","2023","4","",34,222,213,219,2043246,299211,3904,721,"",2.09,1.59,1.53,1.57,2.30,1.29,1.54,1.47,"",-1,-2.9,0,0.0,-17,-7.4,15,7.4,-31521,-1.5,-47302,-13.7,1285,49.1,-9,-1.2
"13151","5","811191","78","0","2023","4","",11,90,91,88,1064842,150372,1648,914,"",2.97,2.56,2.58,2.48,4.21,2.18,2.31,1.66,"",-2,-15.4,-10,-10.0,-13,-12.5,6,7.3,-35572,-3.2,-3897,-2.5,961,139.9,26,2.9
"13151","5","811192","78","0","2023","4","",15,107,99,107,712068,132887,2050,525,"",1.65,1.20,1.11,1.20,1.42,0.94,1.32,1.22,"",-1,-6.2,4,3.9,-9,-8.3,2,1.9,14912,2.1,-41692,-23.9,263,14.7,16,3.1
"13151","5","811198","78","0","2023","4","",8,25,23,24,266336,15952,206,854,"",2.29,1.69,1.56,1.62,1.98,0.74,0.80,1.22,"",2,33.3,6,31.6,5,27.8,7,41.2,-10861,-3.9,-1713,-9.7,61,42.1,-331,-27.9
"13151","5","8112","76","0","2023","4","",7,27,30,30,469117,61965,904,1244,"",0.91,0.53,0.58,0.58,0.65,1.11,1.29,1.15,"N",-2,-22.2,0,0,0,0,0,0,0,0,0,0,0,0,0,0
"13151","5","81121","77","0","2023","4","",7,27,30,30,469117,61965,904,1244,"",0.91,0.53,0.58,0.58,0.65,1.11,1.29,1.15,"N",-2,-22.2,0,0,0,0,0,0,0,0,0,0,0,0,0,0
"13151","5","811210","78","0","2023","4","",7,27,30,30,469117,61965,904,1244,"",0.91,0.53,0.58,0.58,0.65,1.11,1.29,1.15,"N",-2,-22.2,0,0,0,0,0,0,0,0,0,0,0,0,0,0
"13151","5","8113","76","0","2023","4","",18,67,68,67,1172338,41012,81,1339,"",1.22,0.57,0.59,0.58,0.67,0.26,0.03,1.16,"",1,5.9,-3,-4.3,2,3.0,1,1.5,-22623,-1.9,-3692,-8.3,-312,-79.4,-26,-1.9
"13151","5","81131","77","0","2023","4","",18,67,68,67,1172338,41012,81,1339,"",1.22,0.57,0.59,0.58,0.67,0.26,0.03,1.16,"",1,5.9,-3,-4.3,2,3.0,1,1.5,-22623,-1.9,-3692,-8.3,-312,-79.4,-26,-1.9
"13151","5","811310","78","0","2023","4","",18,67,68,67,1172338,41012,81,1339,"",1.22,0.57,0.59,0.58,0.67,0.26,0.03,1.16,"",1,5.9,-3,-4.3,2,3.0,1,1.5,-22623,-1.9,-3692,-8.3,-312,-79.4,-26,-1.9
"13151","5","8114","76","0","2023","4","",6,13,13,15,92279,19608,375,519,"",0.50,0.31,0.31,0.36,0.25,0.34,0.53,0.75,"N",3,100.0,0,0,0,0,0,0,0,0,0,0,0,0,0,0
"13151","5","81141","77","0","2023","4","",3,5,4,6,40072,12427,232,616,"",0.77,0.35,0.28,0.42,0.29,0.62,0.95,0.84,"N",1,50.0,0,0,0,0,0,0,0,0,0,0,0,0,0,0
"13151","5","811412","78","0","2023","4","",3,5,4,6,40072,12427,232,616,"",1.02,0.43,0.34,0.52,0.35,0.78,1.22,0.81,"N",1,50.0,0,0,0,0,0,0,0,0,0,0,0,0,0,0
"13151","5","81142","77","0","2023","4","N",1,0,0,0,0,0,0,0,"N",0.59,0,0,0,0,0,0,0,"N",1,100.0,0,0,0,0,0,0,0,0,0,0,0,0,0,0
"13151","5","811420","78","0","2023","4","N",1,0,0,0,0,0,0,0,"N",0.59,0,0,0,0,0,0,0,"N",1,100.0,0,0,0,0,0,0,0,0,0,0,0,0,0,0
"13151","5","81149","77","0","2023","4","N",2,0,0,0,0,0,0,0,"N",0.33,0,0,0,0,0,0,0,"N",1,100.0,0,0,0,0,0,0,0,0,0,0,0,0,0,0
"13151","5","811490","78","0","2023","4","N",2,0,0,0,0,0,0,0,"N",0.33,0,0,0,0,0,0,0,"N",1,100.0,0,0,0,0,0,0,0,0,0,0,0,0,0,0
"13151","5","812","75","0","2023","4","",136,566,570,570,4339278,600451,7545,587,"",1.10,0.75,0.76,0.75,0.86,0.54,0.57,1.15,"",-14,-9.3,37,7.0,40,7.5,35,6.5,759688,21.2,17264,3.0,2102,38.6,69,13.3
"13151","5","8121","76","0","2023","4","",90,351,354,359,2407026,374798,4275,522,"",1.26,0.98,0.99,1.00,1.14,0.70,0.64,1.15,"",-16,-15.1,0,0.0,-6,-1.7,-7,-1.9,83276,3.6,-852,-0.2,146,3.5,24,4.8
"13151","5","81211","77","0","2023","4","",73,264,261,260,1845385,262102,3343,542,"",1.31,0.98,0.97,0.96,1.18,0.66,0.69,1.22,"",-13,-15.1,42,18.9,29,12.5,24,10.2,187121,11.3,46296,21.5,1236,58.7,-13,-2.3
"13151","5","812111","78","0","2023","4","N",2,0,0,0,0,0,0,0,"N",0.54,0,0,0,0,0,0,0,"N",-1,-33.3,0,0,0,0,0,0,0,0,0,0,0,0,0,0
"13151","5","812112","78","0","2023","4","",45,207,204,203,1451441,236902,2862,546,"",1.23,1.16,1.13,1.12,1.30,0.93,1.00,1.15,"",-9,-16.7,36,21.1,23,12.7,16,8.6,139213,10.6,38576,19.5,1053,58.2,-16,-2.8
"13151","5","812113","78","0","2023","4","N",26,0,0,0,0,0,0,0,"N",1.67,0,0,0,0,0,0,0,"N",-3,-10.3,0,0,0,0,0,0,0,0,0,0,0,0,0,0
"13151","5","81219","77","0","2023","4","",17,87,93,99,561641,112696,932,465,"",1.09,0.97,1.03,1.09,1.01,0.79,0.50,0.98,"",-3,-15.0,-42,-32.6,-35,-27.3,-31,-23.8,-103845,-15.6,-47148,-29.5,-1090,-53.9,68,17.1
"13151","5","812191","78","0","2023","4","N",1,0,0,0,0,0,0,0,"N",0.80,0,0,0,0,0,0,0,"N",-1,-50.0,0,0,0,0,0,0,0,0,0,0,0,0,0,0
"13151","5","812199","78","0","2023","4","N",16,0,0,0,0,0,0,0,"N",1.11,0,0,0,0,0,0,0,"N",-2,-11.1,0,0,0,0,0,0,0,0,0,0,0,0,0,0
"13151","5","8122","76","0","2023","4","",6,49,49,51,410919,34459,138,636,"",0.70,0.74,0.74,0.76,0.71,0.51,0.21,0.94,"",-2,-25.0,2,4.3,5,11.4,5,10.9,6374,1.6,-213,-0.6,37,36.6,-45,-6.6
"13151","5","81221","77","0","2023","4","",6,49,49,51,410919,34459,138,636,"",0.92,0.96,0.96,0.98,0.93,0.66,0.32,0.97,"",-2,-25.0,2,4.3,5,11.4,5,10.9,6374,1.6,-213,-0.6,37,36.6,-45,-6.6
"13151","5","812210","78","0","2023","4","",6,49,49,51,410919,34459,138,636,"",0.92,0.96,0.96,0.98,0.93,0.66,0.32,0.97,"",-2,-25.0,2,4.3,5,11.4,5,10.9,6374,1.6,-213,-0.6,37,36.6,-45,-6.6
"13151","5","8123","76","0","2023","4","",18,99,94,94,859457,101807,1477,691,"",1.37,0.79,0.75,0.74,0.90,0.56,0.78,1.18,"",1,5.9,32,47.8,29,44.6,30,46.9,534144,164.2,24646,31.9,1093,284.6,308,80.4
"13151","5","81231","77","0","2023","4","",3,21,20,20,119423,20862,99,452,"",0.65,1.11,1.06,1.05,1.25,0.79,0.29,1.16,"",-1,-25.0,1,5.0,1,5.3,1,5.3,33550,39.1,-23050,-52.5,-19,-16.1,110,32.2
"13151","5","812310","78","0","2023","4","",3,21,20,20,119423,20862,99,452,"",0.65,1.11,1.06,1.05,1.25,0.79,0.29,1.16,"",-1,-25.0,1,5.0,1,5.3,1,5.3,33550,39.1,-23050,-52.5,-19,-16.1,110,32.2
"13151","5","81232","77","0","2023","4","",15,78,74,74,740034,80945,1378,756,"",2.09,1.75,1.66,1.65,2.96,1.28,2.21,1.76,"",2,15.4,31,66.0,28,60.9,29,64.4,500594,209.1,47696,143.5,1112,418.0,356,89.0
"13151","5","812320","78","0","2023","4","",15,78,74,74,740034,80945,1378,756,"",2.09,1.75,1.66,1.65,2.96,1.28,2.21,1.76,"",2,15.4,31,66.0,28,60.9,29,64.4,500594,209.1,47696,143.5,1112,418.0,356,89.0
"13151","5","8129","76","0","2023","4","",22,67,73,66,661876,89387,1655,741,"",0.73,0.33,0.36,0.32,0.49,0.28,0.42,1.44,"",3,15.8,3,4.7,12,19.7,7,11.9,135894,25.8,-6317,-6.6,826,99.6,81,12.3
"13151","5","81291","77","0","2023","4","",14,52,53,52,388548,62163,1088,571,"",1.13,0.58,0.58,0.57,0.80,0.41,0.66,1.39,"",2,16.7,-3,-5.5,0,0.0,1,2.0,4691,1.2,-28270,-31.3,311,40.0,14,2.5
"13151","5","812910","78","0","2023","4","",14,52,53,52,388548,62163,1088,571,"",1.13,0.58,0.58,0.57,0.80,0.41,0.66,1.39,"",2,16.7,-3,-5.5,0,0.0,1,2.0,4691,1.2,-28270,-31.3,311,40.0,14,2.5
"13151","5","81293","77","0","2023","4","N",1,0,0,0,0,0,0,0,"N",0.27,0,0,0,0,0,0,0,"N",0,0.0,0,0,0,0,0,0,0,0,0,0,0,0,0,0
"13151","5","812930","78","0","2023","4","N",1,0,0,0,0,0,0,0,"N",0.27,0,0,0,0,0,0,0,"N",0,0.0,0,0,0,0,0,0,0,0,0,0,0,0,0,0
"13151","5","81299","77","0","2023","4","N",7,0,0,0,0,0,0,0,"N",0.51,0,0,0,0,0,0,0,"N",1,16.7,0,0,0,0,0,0,0,0,0,0,0,0,0,0
"13151","5","812990","78","0","2023","4","N",7,0,0,0,0,0,0,0,"N",0.51,0,0,0,0,0,0,0,"N",1,16.7,0,0,0,0,0,0,0,0,0,0,0,0,0,0
"13151","5","813","75","0","2023","4","",29,166,167,166,2534624,115383,1665,1172,"",0.35,0.24,0.24,0.24,0.35,0.20,0.22,1.42,"",-1,-3.3,6,3.8,11,7.1,10,6.4,-25509,-1.0,14011,13.8,550,49.3,-80,-6.4
"13151","5","8131","76","0","2023","4","",7,6,6,6,65609,20450,663,841,"",0.57,0.06,0.06,0.06,0.10,0.29,0.69,1.62,"",0,0.0,-1,-14.3,-1,-14.3,-1,-14.3,-13539,-17.1,20395,37081.8,662,66200.0,-29,-3.3
"13151","5","81311","77","0","2023","4","",7,6,6,6,65609,20450,663,841,"",0.57,0.06,0.06,0.06,0.10,0.29,0.69,1.62,"",0,0.0,-1,-14.3,-1,-14.3,-1,-14.3,-13539,-17.1,20395,37081.8,662,66200.0,-29,-3.3
"13151","5","813110","78","0","2023","4","",7,6,6,6,65609,20450,663,841,"",0.57,0.06,0.06,0.06,0.10,0.29,0.69,1.62,"",0,0.0,-1,-14.3,-1,-14.3,-1,-14.3,-13539,-17.1,20395,37081.8,662,66200.0,-29,-3.3
"13151","5","8132","76","0","2023","4","",3,13,15,15,70538,29808,730,379,"",0.28,0.16,0.19,0.19,0.06,0.49,0.85,0.31,"",0,0.0,1,8.3,4,36.4,3,25.0,12768,22.1,12086,68.2,252,52.7,-2,-0.5
"13151","5","81321","77","0","2023","4","",3,13,15,15,70538,29808,730,379,"",0.28,0.16,0.19,0.19,0.06,0.49,0.85,0.31,"",0,0.0,1,8.3,4,36.4,3,25.0,12768,22.1,12086,68.2,252,52.7,-2,-0.5
"13151","5","813211","78","0","2023","4","N",2,0,0,0,0,0,0,0,"N",0.37,0,0,0,0,0,0,0,"N",0,0.0,0,0,0,0,0,0,0,0,0,0,0,0,0,0
"13151","5","813212","78","0","2023","4","N",1,0,0,0,0,0,0,0,"N",0.40,0,0,0,0,0,0,0,"N",0,0.0,0,0,0,0,0,0,0,0,0,0,0,0,0,0
"13151","5","8133","76","0","2023","4","",6,30,29,27,270854,31084,69,727,"",0.36,0.23,0.23,0.21,0.18,0.22,0.04,0.80,"",-2,-25.0,1,3.4,1,3.6,2,8.0,4887,1.8,5450,21.3,-28,-28.9,-22,-2.9
"13151","5","81331","77","0","2023","4","",6,30,29,27,270854,31084,69,727,"",0.36,0.23,0.23,0.21,0.18,0.22,0.04,0.80,"",-2,-25.0,1,3.4,1,3.6,2,8.0,4887,1.8,5450,21.3,-28,-28.9,-22,-2.9
"13151","5","813312","78","0","2023","4","N",1,0,0,0,0,0,0,0,"N",0.23,0,0,0,0,0,0,0,"N",0,0.0,0,0,0,0,0,0,0,0,0,0,0,0,0,0
"13151","5","813319","78","0","2023","4","N",5,0,0,0,0,0,0,0,"N",0.55,0,0,0,0,0,0,0,"N",-2,-28.6,0,0,0,0,0,0,0,0,0,0,0,0,0,0
"13151","5","8134","76","0","2023","4","",5,13,13,13,125358,11470,32,742,"",0.38,0.08,0.08,0.08,0.14,0.10,0.02,1.84,"",1,25.0,0,0.0,1,8.3,1,8.3,55805,80.2,-287,-2.4,-289,-90.0,308,71.0
"13151","5","81341","77","0","2023","4","",5,13,13,13,125358,11470,32,742,"",0.38,0.08,0.08,0.08,0.14,0.10,0.02,1.84,"",1,25.0,0,0.0,1,8.3,1,8.3,55805,80.2,-287,-2.4,-289,-90.0,308,71.0
"13151","5","813410","78","0","2023","4","",5,13,13,13,125358,11470,32,742,"",0.38,0.08,0.08,0.08,0.14,0.10,0.02,1.84,"",1,25.0,0,0.0,1,8.3,1,8.3,55805,80.2,-287,-2.4,-289,-90.0,308,71.0
"13151","5","8139","76","0","2023","4","",8,104,104,105,2002265,22571,171,1476,"",0.26,0.50,0.50,0.50,0.67,0.11,0.07,1.33,"",0,0.0,5,5.1,6,6.1,5,5.0,-85430,-4.1,-23633,-51.1,-47,-21.6,-146,-9.0
"13151","5","81391","77","0","2023","4","",4,29,29,30,563711,14310,36,1478,"",0.40,0.51,0.51,0.52,0.52,0.28,0.06,1.02,"",0,0.0,3,11.5,4,16.0,4,15.4,-155928,-21.7,-2964,-17.2,-14,-28.0,-679,-31.5
"13151","5","813910","78","0","2023","4","",4,29,29,30,563711,14310,36,1478,"",0.40,0.51,0.51,0.52,0.52,0.28,0.06,1.02,"",0,0.0,3,11.5,4,16.0,4,15.4,-155928,-21.7,-2964,-17.2,-14,-28.0,-679,-31.5
"13151","5","81393","77","0","2023","4","N",1,0,0,0,0,0,0,0,"N",0.17,0,0,0,0,0,0,0,"N",0,0.0,0,0,0,0,0,0,0,0,0,0,0,0,0,0
"13151","5","813930","78","0","2023","4","N",1,0,0,0,0,0,0,0,"N",0.17,0,0,0,0,0,0,0,"N",0,0.0,0,0,0,0,0,0,0,0,0,0,0,0,0,0
"13151","5","81394","77","0","2023","4","N",1,0,0,0,0,0,0,0,"N",0.56,0,0,0,0,0,0,0,"N",0,0.0,0,0,0,0,0,0,0,0,0,0,0,0,0,0
"13151","5","813940","78","0","2023","4","N",1,0,0,0,0,0,0,0,"N",0.56,0,0,0,0,0,0,0,"N",0,0.0,0,0,0,0,0,0,0,0,0,0,0,0,0,0
"13151","5","81399","77","0","2023","4","N",2,0,0,0,0,0,0,0,"N",0.28,0,0,0,0,0,0,0,"N",0,0.0,0,0,0,0,0,0,0,0,0,0,0,0,0,0
"13151","5","813990","78","0","2023","4","N",2,0,0,0,0,0,0,0,"N",0.28,0,0,0,0,0,0,0,"N",0,0.0,0,0,0,0,0,0,0,0,0,0,0,0,0,0
"13151","5","814","75","0","2023","4","",27,34,40,40,402495,80422,1906,815,"",0.29,0.33,0.39,0.39,0.53,0.50,0.85,1.42,"",4,17.4,-52,-60.5,-47,-54.0,-48,-54.5,-203393,-33.6,-115927,-59.0,182,10.6,279,52.1
"13151","5","8141","76","0","2023","4","",27,34,40,40,402495,80422,1906,815,"",0.29,0.33,0.39,0.39,0.53,0.50,0.85,1.42,"",4,17.4,-52,-60.5,-47,-54.0,-48,-54.5,-203393,-33.6,-115927,-59.0,182,10.6,279,52.1
"13151","5","81411","77","0","2023","4","",27,34,40,40,402495,80422,1906,815,"",0.29,0.33,0.39,0.39,0.53,0.50,0.85,1.42,"",4,17.4,-52,-60.5,-47,-54.0,-48,-54.5,-203393,-33.6,-115927,-59.0,182,10.6,279,52.1
"13151","5","814110","78","0","2023","4","",27,34,40,40,402495,80422,1906,815,"",0.29,0.33,0.39,0.39,0.53,0.50,0.85,1.42,"",4,17.4,-52,-60.5,-47,-54.0,-48,-54.5,-203393,-33.6,-115927,-59.0,182,10.6,279,52.1
"13151","5","99","74","0","2023","4","",898,332,328,340,4954240,595593,15015,1143,"",5.59,2.48,2.37,2.38,2.27,1.39,1.57,0.94,"",16,1.8,-15,-4.3,-33,-9.1,-56,-14.1,-1902549,-27.7,-317853,-34.8,-8855,-37.1,-290,-20.2
"13151","5","999","75","0","2023","4","",898,332,328,340,4954240,595593,15015,1143,"",5.59,2.48,2.37,2.38,2.27,1.39,1.57,0.94,"",16,1.8,-15,-4.3,-33,-9.1,-56,-14.1,-1902549,-27.7,-317853,-34.8,-8855,-37.1,-290,-20.2
"13151","5","9999","76","0","2023","4","",898,332,328,340,4954240,595593,15015,1143,"",5.59,2.48,2.37,2.38,2.27,1.39,1.57,0.94,"",16,1.8,-15,-4.3,-33,-9.1,-56,-14.1,-1902549,-27.7,-317853,-34.8,-8855,-37.1,-290,-20.2
"13151","5","99999","77","0","2023","4","",898,332,328,340,4954240,595593,15015,1143,"",5.59,2.48,2.37,2.38,2.27,1.39,1.57,0.94,"",16,1.8,-15,-4.3,-33,-9.1,-56,-14.1,-1902549,-27.7,-317853,-34.8,-8855,-37.1,-290,-20.2
"13151","5","999999","78","0","2023","4","",898,332,328,340,4954240,595593,15015,1143,"",5.59,2.48,2.37,2.38,2.27,1.39,1.57,0.94,"",16,1.8,-15,-4.3,-33,-9.1,-56,-14.1,-1902549,-27.7,-317853,-34.8,-8855,-37.1,-290,-20.2
