"area_fips","own_code","industry_code","agglvl_code","size_code","year","qtr","disclosure_code","qtrly_estabs","month1_emplvl","month2_emplvl","month3_emplvl","total_qtrly_wages","taxable_qtrly_wages","qtrly_contributions","avg_wkly_wage","lq_disclosure_code","lq_qtrly_estabs","lq_month1_emplvl","lq_month2_emplvl","lq_month3_emplvl","lq_total_qtrly_wages","lq_taxable_qtrly_wages","lq_qtrly_contributions","lq_avg_wkly_wage","oty_disclosure_code","oty_qtrly_estabs_chg","oty_qtrly_estabs_pct_chg","oty_month1_emplvl_chg","oty_month1_emplvl_pct_chg","oty_month2_emplvl_chg","oty_month2_emplvl_pct_chg","oty_month3_emplvl_chg","oty_month3_emplvl_pct_chg","oty_total_qtrly_wages_chg","oty_total_qtrly_wages_pct_chg","oty_taxable_qtrly_wages_chg","oty_taxable_qtrly_wages_pct_chg","oty_qtrly_contributions_chg","oty_qtrly_contributions_pct_chg","oty_avg_wkly_wage_chg","oty_avg_wkly_wage_pct_chg"
"13089","0","10","70","0","2023","4","",23776,314327,316549,316317,5987172933,281125137,3418796,1459,"",1.00,1.00,1.00,1.00,1.00,1.00,1.00,1.00,"",-822,-3.3,6837,2.2,8261,2.7,7849,2.5,411381079,7.4,-12243097,-4.2,-43692,-1.3,67,4.8
"13089","1","10","71","0","2023","4","",60,12599,12616,12559,324554295,0,0,1983,"",0.49,2.09,2.08,2.07,2.13,0.00,0.00,1.02,"",5,9.1,631,5.3,533,4.4,385,3.2,32833771,11.3,0,0.0,0,0.0,125,6.7
"13089","1","102","72","0","2023","4","",60,12599,12616,12559,324554295,0,0,1983,"",0.49,2.13,2.12,2.11,2.16,0.00,0.00,1.02,"",5,9.1,631,5.3,533,4.4,385,3.2,32833771,11.3,0,0.0,0,0.0,125,6.7
"13089","1","1021","73","0","2023","4","",15,445,427,446,7739035,0,0,1355,"",0.25,0.33,0.31,0.32,0.32,0.00,0.00,1.01,"",2,15.4,-20,-4.3,-17,-3.8,-21,-4.5,-1160921,-13.0,0,0.0,0,0.0,-138,-9.2
"13089","1","1023","73","0","2023","4","",3,207,207,206,9521261,0,0,3544,"",1.85,7.94,7.89,7.92,9.61,0.00,0.00,1.21,"",0,0.0,13,6.7,13,6.7,14,7.3,1424013,17.6,0,0.0,0,0.0,322,10.0
"13089","1","1024","73","0","2023","4","",1,15,16,17,504075,0,0,2423,"",0.34,0.10,0.11,0.12,0.13,0.00,0.00,1.17,"",0,0.0,-4,-21.1,-3,-15.8,-1,-5.6,-56229,-10.0,0,0.0,0,0.0,114,4.9
"13089","1","1025","73","0","2023","4","",1,5097,5141,5173,137876659,0,0,2065,"",0.35,5.55,5.55,5.54,5.90,0.00,0.00,1.06,"",0,0.0,318,6.7,346,7.2,358,7.4,17973153,15.0,0,0.0,0,0.0,142,7.4
"13089","1","1026","73","0","2023","4","",1,12,12,12,323498,0,0,2074,"",0.35,0.12,0.13,0.13,0.21,0.00,0.00,1.65,"",0,0.0,2,20.0,2,20.0,4,50.0,102967,46.7,0,0.0,0,0.0,256,14.1
"13089","1","1028","73","0","2023","4","",39,6823,6813,6705,168589767,0,0,1913,"",0.78,2.04,2.03,2.00,1.76,0.00,0.00,0.87,"",3,8.3,322,5.0,192,2.9,31,0.5,14550788,9.4,0,0.0,0,0.0,117,6.5
"13089","1","48-49","74","0","2023","4","",15,445,427,446,7739035,0,0,1355,"",0.25,0.35,0.34,0.35,0.35,0.00,0.00,1.02,"",2,15.4,-20,-4.3,-17,-3.8,-21,-4.5,-1160921,-13.0,0,0.0,0,0.0,-138,-9.2
"13089","1","491","75","0","2023","4","",15,445,427,446,7739035,0,0,1355,"",0.25,0.36,0.35,0.36,0.37,0.00,0.00,1.05,"",2,15.4,-20,-4.3,-17,-3.8,-21,-4.5,-1160921,-13.0,0,0.0,0,0.0,-138,-9.2
"13089","1","4911","76","0","2023","4","",15,445,427,446,7739035,0,0,1355,"",0.25,0.36,0.35,0.36,0.37,0.00,0.00,1.05,"",2,15.4,-20,-4.3,-17,-3.8,-21,-4.5,-1160921,-13.0,0,0.0,0,0.0,-138,-9.2
"13089","1","49111","77","0","2023","4","",15,445,427,446,7739035,0,0,1355,"",0.25,0.36,0.35,0.36,0.37,0.00,0.00,1.05,"",2,15.4,-20,-4.3,-17,-3.8,-21,-4.5,-1160921,-13.0,0,0.0,0,0.0,-138,-9.2
"13089","1","491110","78","0","2023","4","",15,445,427,446,7739035,0,0,1355,"",0.25,0.36,0.35,0.36,0.37,0.00,0.00,1.05,"",2,15.4,-20,-4.3,-17,-3.8,-21,-4.5,-1160921,-13.0,0,0.0,0,0.0,-138,-9.2
"13089","1","52","74","0","2023","4","",3,207,207,206,9521261,0,0,3544,"",1.87,7.95,7.91,7.93,9.62,0.00,0.00,1.21,"",0,0.0,13,6.7,13,6.7,14,7.3,1424013,17.6,0,0.0,0,0.0,322,10.0
"13089","1","522","75","0","2023","4","",2,8,9,10,415366,0,0,3550,"",1.58,0.62,0.70,0.78,1.07,0.00,0.00,1.53,"",0,0.0,0,0.0,1,12.5,2,25.0,67738,19.5,0,0.0,0,0.0,207,6.2
"13089","1","5222","76","0","2023","4","",2,8,9,10,415366,0,0,3550,"",1.59,0.62,0.70,0.78,1.07,0.00,0.00,1.53,"",0,0.0,0,0.0,1,12.5,2,25.0,67738,19.5,0,0.0,0,0.0,207,6.2
"13089","1","52229","77","0","2023","4","",2,8,9,10,415366,0,0,3550,"",1.59,0.62,0.70,0.78,1.07,0.00,0.00,1.53,"",0,0.0,0,0.0,1,12.5,2,25.0,67738,19.5,0,0.0,0,0.0,207,6.2
"13089","1","522299","78","0","2023","4","",2,8,9,10,415366,0,0,3550,"",2.89,1.29,1.44,1.60,1.98,0.00,0.00,1.37,"",0,0.0,0,0.0,1,12.5,2,25.0,67738,19.5,0,0.0,0,0.0,207,6.2
"13089","1","524","75","0","2023","4","",1,199,198,196,9105895,0,0,3544,"",3.01,15.15,14.94,14.89,15.12,0.00,0.00,1.01,"",0,0.0,13,7.0,12,6.5,12,6.5,1356275,17.5,0,0.0,0,0.0,328,10.2
"13089","1","5241","76","0","2023","4","",1,199,198,196,9105895,0,0,3544,"",4.17,15.95,15.74,15.68,15.64,0.00,0.00,0.99,"",0,0.0,13,7.0,12,6.5,12,6.5,1356275,17.5,0,0.0,0,0.0,328,10.2
"13089","1","52412","77","0","2023","4","",1,199,198,196,9105895,0,0,3544,"",4.17,15.95,15.74,15.68,15.64,0.00,0.00,0.99,"",0,0.0,13,7.0,12,6.5,12,6.5,1356275,17.5,0,0.0,0,0.0,328,10.2
"13089","1","524128","78","0","2023","4","",1,199,198,196,9105895,0,0,3544,"",4.24,16.00,15.79,15.73,15.68,0.00,0.00,0.99,"",0,0.0,13,7.0,12,6.5,12,6.5,1356275,17.5,0,0.0,0,0.0,328,10.2
"13089","1","54","74","0","2023","4","",1,15,16,17,504075,0,0,2423,"",0.39,0.11,0.11,0.12,0.13,0.00,0.00,1.16,"",0,0.0,-4,-21.1,-3,-15.8,-1,-5.6,-56229,-10.0,0,0.0,0,0.0,114,4.9
"13089","1","541","75","0","2023","4","",1,15,16,17,504075,0,0,2423,"",0.39,0.11,0.11,0.12,0.13,0.00,0.00,1.16,"",0,0.0,-4,-21.1,-3,-15.8,-1,-5.6,-56229,-10.0,0,0.0,0,0.0,114,4.9
"13089","1","5413","76","0","2023","4","",1,15,16,17,504075,0,0,2423,"",0.62,0.13,0.14,0.15,0.17,0.00,0.00,1.21,"",0,0.0,-4,-21.1,-3,-15.8,-1,-5.6,-56229,-10.0,0,0.0,0,0.0,114,4.9
"13089","1","54133","77","0","2023","4","",1,15,16,17,504075,0,0,2423,"",0.63,0.14,0.15,0.16,0.18,0.00,0.00,1.22,"",0,0.0,-4,-21.1,-3,-15.8,-1,-5.6,-56229,-10.0,0,0.0,0,0.0,114,4.9
"13089","1","541330","78","0","2023","4","",1,15,16,17,504075,0,0,2423,"",0.63,0.14,0.15,0.16,0.18,0.00,0.00,1.22,"",0,0.0,-4,-21.1,-3,-15.8,-1,-5.6,-56229,-10.0,0,0.0,0,0.0,114,4.9
"13089","1","62","74","0","2023","4","",1,5097,5141,5173,137876659,0,0,2065,"",0.40,5.71,5.70,5.70,6.05,0.00,0.00,1.06,"",0,0.0,318,6.7,346,7.2,358,7.4,17973153,15.0,0,0.0,0,0.0,142,7.4
"13089","1","622","75","0","2023","4","",1,5097,5141,5173,137876659,0,0,2065,"",1.18,6.57,6.57,6.56,6.81,0.00,0.00,1.04,"",0,0.0,318,6.7,346,7.2,358,7.4,17973153,15.0,0,0.0,0,0.0,142,7.4
"13089","1","6221","76","0","2023","4","",1,5097,5141,5173,137876659,0,0,2065,"",1.20,6.70,6.69,6.69,6.93,0.00,0.00,1.04,"",0,0.0,318,6.7,346,7.2,358,7.4,17973153,15.0,0,0.0,0,0.0,142,7.4
"13089","1","62211","77","0","2023","4","",1,5097,5141,5173,137876659,0,0,2065,"",1.20,6.70,6.69,6.69,6.93,0.00,0.00,1.04,"",0,0.0,318,6.7,346,7.2,358,7.4,17973153,15.0,0,0.0,0,0.0,142,7.4
"13089","1","622110","78","0","2023","4","",1,5097,5141,5173,137876659,0,0,2065,"",1.20,6.70,6.69,6.69,6.93,0.00,0.00,1.04,"",0,0.0,318,6.7,346,7.2,358,7.4,17973153,15.0,0,0.0,0,0.0,142,7.4
"13089","1","71","74","0","2023","4","",1,12,12,12,323498,0,0,2074,"",0.48,0.15,0.15,0.15,0.23,0.00,0.00,1.52,"",0,0.0,2,20.0,2,20.0,4,50.0,102967,46.7,0,0.0,0,0.0,256,14.1
"13089","1","712","75","0","2023","4","",1,12,12,12,323498,0,0,2074,"",1.02,0.25,0.27,0.27,0.30,0.00,0.00,1.15,"",0,0.0,2,20.0,2,20.0,4,50.0,102967,46.7,0,0.0,0,0.0,256,14.1
"13089","1","7121","76","0","2023","4","",1,12,12,12,323498,0,0,2074,"",1.02,0.25,0.27,0.27,0.30,0.00,0.00,1.15,"",0,0.0,2,20.0,2,20.0,4,50.0,102967,46.7,0,0.0,0,0.0,256,14.1
"13089","1","71219","77","0","2023","4","",1,12,12,12,323498,0,0,2074,"",1.20,0.35,0.39,0.38,0.46,0.00,0.00,1.23,"",0,0.0,2,20.0,2,20.0,4,50.0,102967,46.7,0,0.0,0,0.0,256,14.1
"13089","1","712190","78","0","2023","4","",1,12,12,12,323498,0,0,2074,"",1.20,0.35,0.39,0.38,0.46,0.00,0.00,1.23,"",0,0.0,2,20.0,2,20.0,4,50.0,102967,46.7,0,0.0,0,0.0,256,14.1
"13089","1","92","74","0","2023","4","",39,6823,6813,6705,168589767,0,0,1913,"",0.78,2.04,2.03,2.00,1.76,0.00,0.00,0.87,"",3,8.3,322,5.0,192,2.9,31,0.5,14550788,9.4,0,0.0,0,0.0,117,6.5
"13089","1","921","75","0","2023","4","",6,4093,4100,3986,80345405,0,0,1522,"",1.73,12.58,12.51,12.36,8.81,0.00,0.00,0.71,"",0,0.0,307,8.1,203,5.2,17,0.4,9335261,13.1,0,0.0,0,0.0,116,8.3
"13089","1","9211","76","0","2023","4","",6,4093,4100,3986,80345405,0,0,1522,"",1.73,12.58,12.51,12.36,8.81,0.00,0.00,0.71,"",0,0.0,307,8.1,203,5.2,17,0.4,9335261,13.1,0,0.0,0,0.0,116,8.3
"13089","1","92113","77","0","2023","4","",2,4002,4008,3896,77599619,0,0,1504,"",1.74,18.86,18.70,18.40,13.04,0.00,0.00,0.70,"",0,0.0,289,7.8,189,4.9,5,0.1,8853059,12.9,0,0.0,0,0.0,115,8.3
"13089","1","921130","78","0","2023","4","",2,4002,4008,3896,77599619,0,0,1504,"",1.74,18.86,18.70,18.40,13.04,0.00,0.00,0.70,"",0,0.0,289,7.8,189,4.9,5,0.1,8853059,12.9,0,0.0,0,0.0,115,8.3
"13089","1","92119","77","0","2023","4","",4,91,92,90,2745786,0,0,2321,"",1.75,1.28,1.29,1.26,1.27,0.00,0.00,1.00,"",0,0.0,18,24.7,14,17.9,12,15.4,482202,21.3,0,0.0,0,0.0,40,1.8
"13089","1","921190","78","0","2023","4","",4,91,92,90,2745786,0,0,2321,"",1.75,1.28,1.29,1.26,1.27,0.00,0.00,1.00,"",0,0.0,18,24.7,14,17.9,12,15.4,482202,21.3,0,0.0,0,0.0,40,1.8
"13089","1","922","75","0","2023","4","",8,1454,1447,1452,51037041,0,0,2706,"",1.15,2.66,2.63,2.66,2.75,0.00,0.00,1.04,"",1,14.3,-15,-1.0,-20,-1.4,4,0.3,3367915,7.1,0,0.0,0,0.0,197,7.9
"13089","1","9221","76","0","2023","4","",8,1454,1447,1452,51037041,0,0,2706,"",1.15,2.66,2.63,2.66,2.75,0.00,0.00,1.04,"",1,14.3,-15,-1.0,-20,-1.4,4,0.3,3367915,7.1,0,0.0,0,0.0,197,7.9
"13089","1","92211","77","0","2023","4","",2,2,2,2,46451,0,0,1787,"",1.38,0.03,0.03,0.03,0.03,0.00,0.00,0.89,"",1,100.0,-16,-88.9,-15,-88.2,-14,-87.5,-267015,-85.2,0,0.0,0,0.0,369,26.0
"13089","1","922110","78","0","2023","4","",2,2,2,2,46451,0,0,1787,"",1.38,0.03,0.03,0.03,0.03,0.00,0.00,0.89,"",1,100.0,-16,-88.9,-15,-88.2,-14,-87.5,-267015,-85.2,0,0.0,0,0.0,369,26.0
"13089","1","92212","77","0","2023","4","",4,1332,1333,1331,47531917,0,0,2745,"",1.19,4.49,4.47,4.52,4.38,0.00,0.00,0.98,"",0,0.0,-2,-0.1,5,0.4,12,0.9,3487006,7.9,0,0.0,0,0.0,192,7.5
"13089","1","922120","78","0","2023","4","",4,1332,1333,1331,47531917,0,0,2745,"",1.19,4.49,4.47,4.52,4.38,0.00,0.00,0.98,"",0,0.0,-2,-0.1,5,0.4,12,0.9,3487006,7.9,0,0.0,0,0.0,192,7.5
"13089","1","92213","77","0","2023","4","",1,46,46,48,1675008,0,0,2761,"",1.38,0.98,0.97,1.01,0.95,0.00,0.00,0.96,"",0,0.0,4,9.5,1,2.2,6,14.3,247897,17.4,0,0.0,0,0.0,208,8.1
"13089","1","922130","78","0","2023","4","",1,46,46,48,1675008,0,0,2761,"",1.38,0.98,0.97,1.01,0.95,0.00,0.00,0.96,"",0,0.0,4,9.5,1,2.2,6,14.3,247897,17.4,0,0.0,0,0.0,208,8.1
"13089","1","92219","77","0","2023","4","",1,74,66,71,1783665,0,0,1951,"",0.89,1.14,1.01,1.09,0.83,0.00,0.00,0.77,"",0,0.0,-1,-1.3,-11,-14.3,0,0.0,-99973,-5.3,0,0.0,0,0.0,2,0.1
"13089","1","922190","78","0","2023","4","",1,74,66,71,1783665,0,0,1951,"",0.89,1.14,1.01,1.09,0.83,0.00,0.00,0.77,"",0,0.0,-1,-1.3,-11,-14.3,0,0.0,-99973,-5.3,0,0.0,0,0.0,2,0.1
"13089","1","923","75","0","2023","4","",12,601,603,603,17745521,0,0,2266,"",2.28,1.25,1.25,1.24,1.34,0.00,0.00,1.07,"",1,9.1,1,0.2,5,0.8,12,2.0,897002,5.3,0,0.0,0,0.0,93,4.3
"13089","1","9231","76","0","2023","4","",12,601,603,603,17745521,0,0,2266,"",2.28,1.25,1.25,1.24,1.34,0.00,0.00,1.07,"",1,9.1,1,0.2,5,0.8,12,2.0,897002,5.3,0,0.0,0,0.0,93,4.3
"13089","1","92311","77","0","2023","4","",1,16,16,16,511700,0,0,2460,"",3.98,2.58,2.59,2.60,2.20,0.00,0.00,0.85,"",0,0.0,-5,-23.8,-5,-23.8,-4,-20.0,-116352,-18.5,0,0.0,0,0.0,122,5.2
"13089","1","923110","78","0","2023","4","",1,16,16,16,511700,0,0,2460,"",3.98,2.58,2.59,2.60,2.20,0.00,0.00,0.85,"",0,0.0,-5,-23.8,-5,-23.8,-4,-20.0,-116352,-18.5,0,0.0,0,0.0,122,5.2
"13089","1","92312","77","0","2023","4","",7,447,448,448,13205488,0,0,2269,"",4.57,3.44,3.42,3.42,3.24,0.00,0.00,0.95,"",1,16.7,14,3.2,17,3.9,17,3.9,888120,7.2,0,0.0,0,0.0,74,3.4
"13089","1","923120","78","0","2023","4","",7,447,448,448,13205488,0,0,2269,"",4.57,3.44,3.42,3.42,3.24,0.00,0.00,0.95,"",1,16.7,14,3.2,17,3.9,17,3.9,888120,7.2,0,0.0,0,0.0,74,3.4
"13089","1","92313","77","0","2023","4","",3,88,88,90,2186963,0,0,1897,"",1.08,0.61,0.61,0.63,0.57,0.00,0.00,0.92,"",0,0.0,-9,-9.3,-9,-9.3,-2,-2.2,24509,1.1,0,0.0,0,0.0,152,8.7
"13089","1","923130","78","0","2023","4","",3,88,88,90,2186963,0,0,1897,"",1.08,0.61,0.61,0.63,0.57,0.00,0.00,0.92,"",0,0.0,-9,-9.3,-9,-9.3,-2,-2.2,24509,1.1,0,0.0,0,0.0,152,8.7
"13089","1","92314","77","0","2023","4","",1,50,51,49,1841370,0,0,2833,"",1.38,0.25,0.25,0.24,0.36,0.00,0.00,1.47,"",0,0.0,1,2.0,2,4.1,1,2.1,100725,5.8,0,0.0,0,0.0,82,3.0
"13089","1","923140","78","0","2023","4","",1,50,51,49,1841370,0,0,2833,"",1.38,0.25,0.25,0.24,0.36,0.00,0.00,1.47,"",0,0.0,1,2.0,2,4.1,1,2.1,100725,5.8,0,0.0,0,0.0,82,3.0
"13089","1","924","75","0","2023","4","",2,113,111,111,3572335,0,0,2461,"",0.20,0.54,0.54,0.53,0.63,0.00,0.00,1.17,"",0,0.0,-61,-35.1,-61,-35.5,-60,-35.1,-1768237,-33.1,0,0.0,0,0.0,77,3.2
"13089","1","9241","76","0","2023","4","",2,113,111,111,3572335,0,0,2461,"",0.20,0.54,0.54,0.53,0.63,0.00,0.00,1.17,"",0,0.0,-61,-35.1,-61,-35.5,-60,-35.1,-1768237,-33.1,0,0.0,0,0.0,77,3.2
"13089","1","92412","77","0","2023","4","",2,113,111,111,3572335,0,0,2461,"",0.21,0.66,0.66,0.66,0.82,0.00,0.00,1.25,"",0,0.0,-61,-35.1,-61,-35.5,-60,-35.1,-1768237,-33.1,0,0.0,0,0.0,77,3.2
"13089","1","924120","78","0","2023","4","",2,113,111,111,3572335,0,0,2461,"",0.21,0.66,0.66,0.66,0.82,0.00,0.00,1.25,"",0,0.0,-61,-35.1,-61,-35.5,-60,-35.1,-1768237,-33.1,0,0.0,0,0.0,77,3.2
"13089","1","925","75","0","2023","4","",1,0,0,0,0,0,0,0,"",2.87,0.00,0.00,0.00,0.00,0.00,0.00,0.00,"N",1,100.0,0,0,0,0,0,0,0,0,0,0,0,0,0,0
"13089","1","9251","76","0","2023","4","",1,0,0,0,0,0,0,0,"",2.87,0.00,0.00,0.00,0.00,0.00,0.00,0.00,"N",1,100.0,0,0,0,0,0,0,0,0,0,0,0,0,0,0
"13089","1","92512","77","0","2023","4","",1,0,0,0,0,0,0,0,"",7.65,0.00,0.00,0.00,0.00,0.00,0.00,0.00,"N",1,100.0,0,0,0,0,0,0,0,0,0,0,0,0,0,0
"13089","1","925120","78","0","2023","4","",1,0,0,0,0,0,0,0,"",7.65,0.00,0.00,0.00,0.00,0.00,0.00,0.00,"N",1,100.0,0,0,0,0,0,0,0,0,0,0,0,0,0,0
"13089","1","926","75","0","2023","4","",6,157,154,152,3779676,0,0,1884,"",0.32,0.31,0.30,0.29,0.23,0.00,0.00,0.78,"",0,0.0,30,23.6,19,14.1,12,8.6,520689,16.0,0,0.0,0,0.0,13,0.7
"13089","1","9261","76","0","2023","4","",6,157,154,152,3779676,0,0,1884,"",0.32,0.31,0.30,0.29,0.23,0.00,0.00,0.78,"",0,0.0,30,23.6,19,14.1,12,8.6,520689,16.0,0,0.0,0,0.0,13,0.7
"13089","1","92611","77","0","2023","4","",3,103,102,100,1902072,0,0,1439,"",0.37,1.03,1.02,1.00,0.59,0.00,0.00,0.59,"",-1,-25.0,28,37.3,18,21.4,11,12.4,364999,23.7,0,0.0,0,0.0,9,0.6
"13089","1","926110","78","0","2023","4","",3,103,102,100,1902072,0,0,1439,"",0.37,1.03,1.02,1.00,0.59,0.00,0.00,0.59,"",-1,-25.0,28,37.3,18,21.4,11,12.4,364999,23.7,0,0.0,0,0.0,9,0.6
"13089","1","92612","77","0","2023","4","",1,23,21,21,926351,0,0,3289,"",0.51,0.10,0.09,0.09,0.14,0.00,0.00,1.46,"",0,0.0,-1,-4.2,-2,-8.7,-2,-8.7,111594,13.7,0,0.0,0,0.0,603,22.4
"13089","1","926120","78","0","2023","4","",1,23,21,21,926351,0,0,3289,"",0.51,0.10,0.09,0.09,0.14,0.00,0.00,1.46,"",0,0.0,-1,-4.2,-2,-8.7,-2,-8.7,111594,13.7,0,0.0,0,0.0,603,22.4
"13089","1","92613","77","0","2023","4","",1,0,0,0,0,0,0,0,"",2.32,0.00,0.00,0.00,0.00,0.00,0.00,0.00,"N",1,100.0,0,0,0,0,0,0,0,0,0,0,0,0,0,0
"13089","1","926130","78","0","2023","4","",1,0,0,0,0,0,0,0,"",2.32,0.00,0.00,0.00,0.00,0.00,0.00,0.00,"N",1,100.0,0,0,0,0,0,0,0,0,0,0,0,0,0,0
"13089","1","92614","77","0","2023","4","",1,31,31,31,951253,0,0,2360,"",0.16,0.32,0.31,0.30,0.38,0.00,0.00,1.22,"",0,0.0,3,10.7,3,10.7,3,10.7,44096,4.9,0,0.0,0,0.0,-132,-5.3
"13089","1","926140","78","0","2023","4","",1,31,31,31,951253,0,0,2360,"",0.16,0.32,0.31,0.30,0.38,0.00,0.00,1.22,"",0,0.0,3,10.7,3,10.7,3,10.7,44096,4.9,0,0.0,0,0.0,-132,-5.3
"13089","1","928","75","0","2023","4","",4,405,398,401,12109789,0,0,2321,"",0.80,0.33,0.33,0.33,0.39,0.00,0.00,1.20,"",0,0.0,60,17.4,46,13.1,46,13.0,2198158,22.2,0,0.0,0,0.0,147,6.8
"13089","1","9281","76","0","2023","4","",4,405,398,401,12109789,0,0,2321,"",0.80,0.33,0.33,0.33,0.39,0.00,0.00,1.20,"",0,0.0,60,17.4,46,13.1,46,13.0,2198158,22.2,0,0.0,0,0.0,147,6.8
"13089","1","92811","77","0","2023","4","",1,79,77,80,1837723,0,0,1797,"",0.27,0.07,0.07,0.07,0.07,0.00,0.00,0.95,"",0,0.0,12,17.9,8,11.6,13,19.4,476549,35.0,0,0.0,0,0.0,250,16.2
"13089","1","928110","78","0","2023","4","",1,79,77,80,1837723,0,0,1797,"",0.27,0.07,0.07,0.07,0.07,0.00,0.00,0.95,"",0,0.0,12,17.9,8,11.6,13,19.4,476549,35.0,0,0.0,0,0.0,250,16.2
"13089","1","92812","77","0","2023","4","",3,326,321,321,10272066,0,0,2449,"",2.32,3.75,3.68,3.73,3.51,0.00,0.00,0.94,"",0,0.0,48,17.3,38,13.4,33,11.5,1721609,20.1,0,0.0,0,0.0,125,5.4
"13089","1","928120","78","0","2023","4","",3,326,321,321,10272066,0,0,2449,"",2.32,3.75,3.68,3.73,3.51,0.00,0.00,0.94,"",0,0.0,48,17.3,38,13.4,33,11.5,1721609,20.1,0,0.0,0,0.0,125,5.4
"13089","2","10","71","0","2023","4","",108,9325,9319,9228,111888663,10508,50,926,"",0.75,0.97,0.96,0.95,0.59,0.00,0.01,0.61,"",0,0.0,1003,12.1,1109,13.5,968,11.7,18142438,19.4,-48840,-82.3,49,4900.0,53,6.1
"13089","2","102","72","0","2023","4","",108,9325,9319,9228,111888663,10508,50,926,"",0.78,0.98,0.97,0.96,0.60,0.00,0.01,0.61,"",0,0.0,1003,12.1,1109,13.5,968,11.7,18142438,19.4,-48840,-82.3,49,4900.0,53,6.1
"13089","2","1021","73","0","2023","4","",1,192,191,186,2636500,0,0,1069,"",0.52,1.77,1.74,1.67,1.20,0.00,0.00,0.69,"",0,0.0,13,7.3,14,7.9,3,1.6,351906,15.4,0,0.0,0,0.0,91,9.3
"13089","2","1022","73","0","2023","4","",23,72,73,79,237965,0,0,245,"",37.97,5.71,5.77,6.19,1.19,0.00,0.00,0.20,"",0,0.0,-6,-7.7,-1,-1.4,6,8.2,-5223,-2.1,0,0.0,0,0.0,-4,-1.6
"13089","2","1025","73","0","2023","4","",33,4138,4148,4070,35048441,0,0,655,"",1.11,0.75,0.74,0.73,0.32,0.00,0.00,0.44,"",0,0.0,395,10.6,403,10.8,350,9.4,3050066,9.5,0,0.0,0,0.0,-4,-0.6
"13089","2","1027","73","0","2023","4","",1,307,301,304,4516357,0,0,1143,"",2.79,31.96,30.66,31.60,37.78,0.00,0.00,1.20,"",0,0.0,23,8.1,18,6.4,13,4.5,400235,9.7,0,0.0,0,0.0,36,3.3
"13089","2","1028","73","0","2023","4","",49,4616,4606,4589,69449400,10508,50,1160,"",0.48,1.25,1.24,1.23,0.93,0.01,0.02,0.75,"",0,0.0,578,14.3,675,17.2,596,14.9,14345454,26.0,-48840,-82.3,49,4900.0,97,9.1
"13089","2","1029","73","0","2023","4","",1,0,0,0,0,0,0,0,"",3.74,0.00,0.00,0.00,0.00,0.00,0.00,0.00,"",0,0.0,0,0.0,0,0.0,0,0.0,0,0.0,0,0.0,0,0.0,0,0.0
"13089","2","48-49","74","0","2023","4","",1,192,191,186,2636500,0,0,1069,"",1.08,2.28,2.26,2.18,1.45,0.00,0.00,0.65,"",0,0.0,13,7.3,14,7.9,3,1.6,351906,15.4,0,0.0,0,0.0,91,9.3
"13089","2","488","75","0","2023","4","",1,192,191,186,2636500,0,0,1069,"",1.34,6.05,5.97,5.80,4.48,0.00,0.00,0.75,"",0,0.0,13,7.3,14,7.9,3,1.6,351906,15.4,0,0.0,0,0.0,91,9.3
"13089","2","4881","76","0","2023","4","",1,192,191,186,2636500,0,0,1069,"",2.90,21.80,21.48,20.98,19.36,0.00,0.00,0.90,"",0,0.0,13,7.3,14,7.9,3,1.6,351906,15.4,0,0.0,0,0.0,91,9.3
"13089","2","48811","77","0","2023","4","",1,192,191,186,2636500,0,0,1069,"N",2.92,0,0,0,0,0,0,0,"",0,0.0,13,7.3,14,7.9,3,1.6,351906,15.4,0,0.0,0,0.0,91,9.3
"13089","2","488111","78","0","2023","4","",1,192,191,186,2636500,0,0,1069,"",3.12,23.96,23.62,23.07,22.41,0.00,0.00,0.95,"",0,0.0,13,7.3,14,7.9,3,1.6,351906,15.4,0,0.0,0,0.0,91,9.3
"13089","2","51","74","0","2023","4","",23,72,73,79,237965,0,0,245,"",37.97,5.71,5.77,6.19,1.19,0.00,0.00,0.20,"",0,0.0,-6,-7.7,-1,-1.4,6,8.2,-5223,-2.1,0,0.0,0,0.0,-4,-1.6
"13089","2","519","75","0","2023","4","",23,72,73,79,237965,0,0,245,"",51.86,8.11,8.20,8.80,1.99,0.00,0.00,0.24,"",0,0.0,-6,-7.7,-1,-1.4,6,8.2,-5223,-2.1,0,0.0,0,0.0,-4,-1.6
"13089","2","5192","76","0","2023","4","",23,72,73,79,237965,0,0,245,"",51.86,8.11,8.20,8.80,1.99,0.00,0.00,0.24,"",0,0.0,-6,-7.7,-1,-1.4,6,8.2,-5223,-2.1,0,0.0,0,0.0,-4,-1.6
"13089","2","51921","77","0","2023","4","",23,72,73,79,237965,0,0,245,"",51.86,8.11,8.20,8.80,1.99,0.00,0.00,0.24,"",0,0.0,-6,-7.7,-1,-1.4,6,8.2,-5223,-2.1,0,0.0,0,0.0,-4,-1.6
"13089","2","519210","78","0","2023","4","",23,72,73,79,237965,0,0,245,"",51.86,8.11,8.20,8.80,1.99,0.00,0.00,0.24,"",0,0.0,-6,-7.7,-1,-1.4,6,8.2,-5223,-2.1,0,0.0,0,0.0,-4,-1.6
"13089","2","61","74","0","2023","4","",4,3373,3376,3299,24180063,0,0,555,"",0.24,0.80,0.80,0.78,0.30,0.00,0.00,0.38,"",0,0.0,371,12.4,369,12.3,302,10.1,1811691,8.1,0,0.0,0,0.0,-18,-3.1
"13089","2","611","75","0","2023","4","",4,3373,3376,3299,24180063,0,0,555,"",0.24,0.80,0.80,0.78,0.30,0.00,0.00,0.38,"",0,0.0,371,12.4,369,12.3,302,10.1,1811691,8.1,0,0.0,0,0.0,-18,-3.1
"13089","2","6111","76","0","2023","4","",1,0,0,0,5452,0,0,0,"",0.54,0.00,0.00,0.00,0.00,0.00,0.00,0.00,"",0,0.0,0,0.0,0,0.0,0,0.0,654,13.6,0,0.0,0,0.0,0,0.0
"13089","2","61111","77","0","2023","4","",1,0,0,0,5452,0,0,0,"",0.54,0.00,0.00,0.00,0.00,0.00,0.00,0.00,"",0,0.0,0,0.0,0,0.0,0,0.0,654,13.6,0,0.0,0,0.0,0,0.0
"13089","2","611110","78","0","2023","4","",1,0,0,0,5452,0,0,0,"",0.54,0.00,0.00,0.00,0.00,0.00,0.00,0.00,"",0,0.0,0,0.0,0,0.0,0,0.0,654,13.6,0,0.0,0,0.0,0,0.0
"13089","2","6112","76","0","2023","4","",2,301,298,298,2881136,0,0,741,"",1.16,0.70,0.67,0.69,0.53,0.00,0.00,0.77,"",0,0.0,-32,-9.6,-37,-11.0,-30,-9.1,339909,13.4,0,0.0,0,0.0,152,25.8
"13089","2","61121","77","0","2023","4","",2,301,298,298,2881136,0,0,741,"",1.16,0.70,0.67,0.69,0.53,0.00,0.00,0.77,"",0,0.0,-32,-9.6,-37,-11.0,-30,-9.1,339909,13.4,0,0.0,0,0.0,152,25.8
"13089","2","611210","78","0","2023","4","",2,301,298,298,2881136,0,0,741,"",1.16,0.70,0.67,0.69,0.53,0.00,0.00,0.77,"",0,0.0,-32,-9.6,-37,-11.0,-30,-9.1,339909,13.4,0,0.0,0,0.0,152,25.8
"13089","2","6113","76","0","2023","4","",1,3072,3078,3001,21293475,0,0,537,"",0.08,0.85,0.85,0.83,0.30,0.00,0.00,0.35,"",0,0.0,403,15.1,406,15.2,332,12.4,1471128,7.4,0,0.0,0,0.0,-34,-6.0
"13089","2","61131","77","0","2023","4","",1,3072,3078,3001,21293475,0,0,537,"",0.08,0.85,0.85,0.83,0.30,0.00,0.00,0.35,"",0,0.0,403,15.1,406,15.2,332,12.4,1471128,7.4,0,0.0,0,0.0,-34,-6.0
"13089","2","611310","78","0","2023","4","",1,3072,3078,3001,21293475,0,0,537,"",0.08,0.85,0.85,0.83,0.30,0.00,0.00,0.35,"",0,0.0,403,15.1,406,15.2,332,12.4,1471128,7.4,0,0.0,0,0.0,-34,-6.0
"13089","2","62","74","0","2023","4","",29,765,772,771,10868378,0,0,1087,"",2.17,0.57,0.57,0.57,0.39,0.00,0.00,0.68,"",0,0.0,24,3.2,34,4.6,48,6.6,1238375,12.9,0,0.0,0,0.0,78,7.7
"13089","2","621","75","0","2023","4","",21,466,467,463,6816431,0,0,1127,"",9.17,5.76,5.72,5.66,4.27,0.00,0.00,0.75,"",0,0.0,33,7.6,32,7.4,30,6.9,946157,16.1,0,0.0,0,0.0,86,8.3
"13089","2","6214","76","0","2023","4","",21,466,467,463,6816431,0,0,1127,"",11.79,10.27,10.17,10.07,8.43,0.00,0.00,0.83,"",0,0.0,33,7.6,32,7.4,30,6.9,946157,16.1,0,0.0,0,0.0,86,8.3
"13089","2","62142","77","0","2023","4","",21,466,467,463,6816431,0,0,1127,"",19.32,18.40,18.23,18.07,15.68,0.00,0.00,0.86,"",0,0.0,33,7.6,32,7.4,30,6.9,946157,16.1,0,0.0,0,0.0,86,8.3
"13089","2","621420","78","0","2023","4","",21,466,467,463,6816431,0,0,1127,"",19.32,18.40,18.23,18.07,15.68,0.00,0.00,0.86,"",0,0.0,33,7.6,32,7.4,30,6.9,946157,16.1,0,0.0,0,0.0,86,8.3
"13089","2","622","75","0","2023","4","",1,54,55,59,579707,0,0,796,"",0.45,0.06,0.06,0.07,0.03,0.00,0.00,0.46,"",0,0.0,-2,-3.6,-2,-3.5,4,7.3,53476,10.2,0,0.0,0,0.0,73,10.1
"13089","2","6223","76","0","2023","4","",1,54,55,59,579707,0,0,796,"",16.84,0.72,0.72,0.77,0.24,0.00,0.00,0.32,"",0,0.0,-2,-3.6,-2,-3.5,4,7.3,53476,10.2,0,0.0,0,0.0,73,10.1
"13089","2","62231","77","0","2023","4","",1,54,55,59,579707,0,0,796,"",16.84,0.72,0.72,0.77,0.24,0.00,0.00,0.32,"",0,0.0,-2,-3.6,-2,-3.5,4,7.3,53476,10.2,0,0.0,0,0.0,73,10.1
"13089","2","622310","78","0","2023","4","",1,54,55,59,579707,0,0,796,"",16.84,0.72,0.72,0.77,0.24,0.00,0.00,0.32,"",0,0.0,-2,-3.6,-2,-3.5,4,7.3,53476,10.2,0,0.0,0,0.0,73,10.1
"13089","2","623","75","0","2023","4","",7,245,250,249,3472240,0,0,1077,"",1.90,1.14,1.15,1.14,0.86,0.00,0.00,0.75,"",0,0.0,-7,-2.8,4,1.6,14,6.0,238742,7.4,0,0.0,0,0.0,59,5.8
"13089","2","6239","76","0","2023","4","",7,245,250,249,3472240,0,0,1077,"",11.33,12.47,12.58,12.52,8.80,0.00,0.00,0.70,"",0,0.0,-7,-2.8,4,1.6,14,6.0,238742,7.4,0,0.0,0,0.0,59,5.8
"13089","2","62399","77","0","2023","4","",7,245,250,249,3472240,0,0,1077,"",11.33,12.47,12.58,12.52,8.80,0.00,0.00,0.70,"",0,0.0,-7,-2.8,4,1.6,14,6.0,238742,7.4,0,0.0,0,0.0,59,5.8
"13089","2","623990","78","0","2023","4","",7,245,250,249,3472240,0,0,1077,"",11.33,12.47,12.58,12.52,8.80,0.00,0.00,0.70,"",0,0.0,-7,-2.8,4,1.6,14,6.0,238742,7.4,0,0.0,0,0.0,59,5.8
"13089","2","81","74","0","2023","4","",1,307,301,304,4516357,0,0,1143,"",2.79,31.96,30.66,31.60,37.78,0.00,0.00,1.20,"",0,0.0,23,8.1,18,6.4,13,4.5,400235,9.7,0,0.0,0,0.0,36,3.3
"13089","2","813","75","0","2023","4","",1,307,301,304,4516357,0,0,1143,"",3.51,37.37,35.64,36.43,46.92,0.00,0.00,1.29,"",0,0.0,23,8.1,18,6.4,13,4.5,400235,9.7,0,0.0,0,0.0,36,3.3
"13089","2","8133","76","0","2023","4","",1,307,301,304,4516357,0,0,1143,"N",5.21,0,0,0,0,0,0,0,"",0,0.0,23,8.1,18,6.4,13,4.5,400235,9.7,0,0.0,0,0.0,36,3.3
"13089","2","81331","77","0","2023","4","",1,307,301,304,4516357,0,0,1143,"N",5.21,0,0,0,0,0,0,0,"",0,0.0,23,8.1,18,6.4,13,4.5,400235,9.7,0,0.0,0,0.0,36,3.3
"13089","2","813319","78","0","2023","4","",1,307,301,304,4516357,0,0,1143,"",5.68,128.21,125.18,125.72,144.39,0.00,0.00,1.14,"",0,0.0,23,8.1,18,6.4,13,4.5,400235,9.7,0,0.0,0,0.0,36,3.3
"13089","2","92","74","0","2023","4","",49,4616,4606,4589,69449400,10508,50,1160,"",0.48,1.25,1.24,1.23,0.93,0.01,0.02,0.75,"",0,0.0,578,14.3,675,17.2,596,14.9,14345454,26.0,-48840,-82.3,49,4900.0,97,9.1
"13089","2","921","75","0","2023","4","",8,702,718,712,10537775,10508,50,1141,"",0.63,1.49,1.51,1.50,1.01,0.05,0.16,0.67,"",0,0.0,-155,-18.1,5,0.7,-1,-0.1,517950,5.2,-48840,-82.3,49,4900.0,128,12.6
"13089","2","9211","76","0","2023","4","",8,702,718,712,10537775,10508,50,1141,"",0.63,1.49,1.51,1.50,1.01,0.05,0.16,0.67,"",0,0.0,-155,-18.1,5,0.7,-1,-0.1,517950,5.2,-48840,-82.3,49,4900.0,128,12.6
"13089","2","92112","77","0","2023","4","",1,16,16,17,334920,10508,50,1577,"",0.99,0.30,0.29,0.31,0.32,0.52,1.58,1.06,"",0,0.0,2,14.3,2,14.3,3,21.4,85524,34.3,7925,306.8,49,4900.0,207,15.1
"13089","2","921120","78","0","2023","4","",1,16,16,17,334920,10508,50,1577,"",0.99,0.30,0.29,0.31,0.32,0.52,1.58,1.06,"",0,0.0,2,14.3,2,14.3,3,21.4,85524,34.3,7925,306.8,49,4900.0,207,15.1
"13089","2","92113","77","0","2023","4","",2,496,511,506,7703345,0,0,1175,"",0.42,2.44,2.49,2.47,1.71,0.00,0.00,0.69,"",0,0.0,14,2.9,42,9.0,37,7.9,723164,10.4,0,0.0,0,0.0,41,3.6
"13089","2","921130","78","0","2023","4","",2,496,511,506,7703345,0,0,1175,"",0.42,2.44,2.49,2.47,1.71,0.00,0.00,0.69,"",0,0.0,14,2.9,42,9.0,37,7.9,723164,10.4,0,0.0,0,0.0,41,3.6
"13089","2","92119","77","0","2023","4","",5,190,191,189,2499510,0,0,1012,"",0.89,1.04,1.03,1.02,0.59,0.00,0.00,0.57,"",0,0.0,-171,-47.4,-39,-17.0,-41,-17.8,-290738,-10.4,-56765,-100.0,0,0.0,228,29.1
"13089","2","921190","78","0","2023","4","",5,190,191,189,2499510,0,0,1012,"",0.89,1.04,1.03,1.02,0.59,0.00,0.00,0.57,"",0,0.0,-171,-47.4,-39,-17.0,-41,-17.8,-290738,-10.4,-56765,-100.0,0,0.0,228,29.1
"13089","2","922","75","0","2023","4","",14,1003,979,992,16211910,0,0,1258,"",0.49,0.73,0.71,0.71,0.56,0.00,0.00,0.79,"",0,0.0,75,8.1,51,5.5,63,6.8,2206301,15.8,0,0.0,0,0.0,97,8.4
"13089","2","9221","76","0","2023","4","",14,1003,979,992,16211910,0,0,1258,"",0.49,0.73,0.71,0.71,0.56,0.00,0.00,0.79,"",0,0.0,75,8.1,51,5.5,63,6.8,2206301,15.8,0,0.0,0,0.0,97,8.4
"13089","2","92211","77","0","2023","4","",1,13,14,14,384639,0,0,2165,"",0.13,0.06,0.07,0.07,0.09,0.00,0.00,1.40,"",0,0.0,-1,-7.1,1,7.7,-1,-6.7,7124,1.9,0,0.0,0,0.0,91,4.4
"13089","2","922110","78","0","2023","4","",1,13,14,14,384639,0,0,2165,"",0.13,0.06,0.07,0.07,0.09,0.00,0.00,1.40,"",0,0.0,-1,-7.1,1,7.7,-1,-6.7,7124,1.9,0,0.0,0,0.0,91,4.4
"13089","2","92212","77","0","2023","4","",7,578,545,549,9690161,0,0,1337,"",1.40,2.76,2.58,2.51,1.82,0.00,0.00,0.70,"",0,0.0,4,0.7,-30,-5.2,-20,-3.5,686446,7.6,0,0.0,0,0.0,128,10.6
"13089","2","922120","78","0","2023","4","",7,578,545,549,9690161,0,0,1337,"",1.40,2.76,2.58,2.51,1.82,0.00,0.00,0.70,"",0,0.0,4,0.7,-30,-5.2,-20,-3.5,686446,7.6,0,0.0,0,0.0,128,10.6
"13089","2","92213","77","0","2023","4","",2,29,27,27,638894,0,0,1776,"",0.50,0.23,0.22,0.22,0.24,0.00,0.00,1.07,"",0,0.0,-1,-3.3,0,0.0,-1,-3.6,48340,8.2,0,0.0,0,0.0,173,10.8
"13089","2","922130","78","0","2023","4","",2,29,27,27,638894,0,0,1776,"",0.50,0.23,0.22,0.22,0.24,0.00,0.00,1.07,"",0,0.0,-1,-3.3,0,0.0,-1,-3.6,48340,8.2,0,0.0,0,0.0,173,10.8
"13089","2","92214","77","0","2023","4","",3,326,336,346,4778176,0,0,1094,"",0.36,0.45,0.46,0.47,0.33,0.00,0.00,0.73,"",0,0.0,70,27.3,77,29.7,81,30.6,1370602,40.2,0,0.0,0,0.0,86,8.5
"13089","2","922140","78","0","2023","4","",3,326,336,346,4778176,0,0,1094,"",0.36,0.45,0.46,0.47,0.33,0.00,0.00,0.73,"",0,0.0,70,27.3,77,29.7,81,30.6,1370602,40.2,0,0.0,0,0.0,86,8.5
"13089","2","92215","77","0","2023","4","",1,57,57,56,720040,0,0,977,"",0.53,1.39,1.38,1.36,0.97,0.00,0.00,0.71,"",0,0.0,3,5.6,3,5.6,4,7.7,93789,15.0,0,0.0,0,0.0,74,8.2
"13089","2","922150","78","0","2023","4","",1,57,57,56,720040,0,0,977,"",0.53,1.39,1.38,1.36,0.97,0.00,0.00,0.71,"",0,0.0,3,5.6,3,5.6,4,7.7,93789,15.0,0,0.0,0,0.0,74,8.2
"13089","2","923","75","0","2023","4","",11,2229,2219,2194,32351758,0,0,1124,"",0.50,2.62,2.59,2.55,2.00,0.00,0.00,0.77,"",0,0.0,594,36.3,559,33.7,462,26.7,10382272,47.3,0,0.0,0,0.0,115,11.4
"13089","2","9231","76","0","2023","4","",11,2229,2219,2194,32351758,0,0,1124,"",0.50,2.62,2.59,2.55,2.00,0.00,0.00,0.77,"",0,0.0,594,36.3,559,33.7,462,26.7,10382272,47.3,0,0.0,0,0.0,115,11.4
"13089","2","92311","77","0","2023","4","",4,650,650,648,10935125,0,0,1295,"",1.61,7.01,6.95,6.92,5.48,0.00,0.00,0.79,"",0,0.0,201,44.8,205,46.1,114,21.3,2730903,33.3,0,0.0,0,0.0,-31,-2.3
"13089","2","923110","78","0","2023","4","",4,650,650,648,10935125,0,0,1295,"",1.61,7.01,6.95,6.92,5.48,0.00,0.00,0.79,"",0,0.0,201,44.8,205,46.1,114,21.3,2730903,33.3,0,0.0,0,0.0,-31,-2.3
"13089","2","92312","77","0","2023","4","",5,1560,1551,1529,21241955,0,0,1056,"",0.70,5.44,5.33,5.26,3.78,0.00,0.00,0.71,"",0,0.0,392,33.6,354,29.6,349,29.6,7638774,56.2,0,0.0,0,0.0,170,19.2
"13089","2","923120","78","0","2023","4","",5,1560,1551,1529,21241955,0,0,1056,"",0.70,5.44,5.33,5.26,3.78,0.00,0.00,0.71,"",0,0.0,392,33.6,354,29.6,349,29.6,7638774,56.2,0,0.0,0,0.0,170,19.2
"13089","2","92314","77","0","2023","4","",2,19,18,17,174678,0,0,746,"",1.73,1.26,1.18,1.11,0.70,0.00,0.00,0.59,"",0,0.0,1,5.6,0,0.0,-1,-5.6,12595,7.8,0,0.0,0,0.0,53,7.6
"13089","2","923140","78","0","2023","4","",2,19,18,17,174678,0,0,746,"",1.73,1.26,1.18,1.11,0.70,0.00,0.00,0.59,"",0,0.0,1,5.6,0,0.0,-1,-5.6,12595,7.8,0,0.0,0,0.0,53,7.6
"13089","2","924","75","0","2023","4","",3,96,106,102,1282201,0,0,973,"",0.22,0.31,0.35,0.34,0.23,0.00,0.00,0.68,"",0,0.0,-3,-3.0,11,11.6,10,10.9,117224,10.1,0,0.0,0,0.0,33,3.5
"13089","2","9241","76","0","2023","4","",3,96,106,102,1282201,0,0,973,"",0.22,0.31,0.35,0.34,0.23,0.00,0.00,0.68,"",0,0.0,-3,-3.0,11,11.6,10,10.9,117224,10.1,0,0.0,0,0.0,33,3.5
"13089","2","92412","77","0","2023","4","",3,96,106,102,1282201,0,0,973,"",0.27,0.43,0.49,0.48,0.35,0.00,0.00,0.75,"",0,0.0,-3,-3.0,11,11.6,10,10.9,117224,10.1,0,0.0,0,0.0,33,3.5
"13089","2","924120","78","0","2023","4","",3,96,106,102,1282201,0,0,973,"",0.27,0.43,0.49,0.48,0.35,0.00,0.00,0.75,"",0,0.0,-3,-3.0,11,11.6,10,10.9,117224,10.1,0,0.0,0,0.0,33,3.5
"13089","2","925","75","0","2023","4","",1,476,477,481,7420293,0,0,1194,"N",1.06,0,0,0,0,0,0,0,"",0,0.0,71,17.5,54,12.8,64,15.3,1179338,18.9,0,0.0,0,0.0,37,3.2
"13089","2","9251","76","0","2023","4","",1,476,477,481,7420293,0,0,1194,"N",1.06,0,0,0,0,0,0,0,"",0,0.0,71,17.5,54,12.8,64,15.3,1179338,18.9,0,0.0,0,0.0,37,3.2
"13089","2","92512","77","0","2023","4","",1,476,477,481,7420293,0,0,1194,"",2.36,34.89,34.55,34.54,25.34,0.00,0.00,0.73,"",0,0.0,71,17.5,54,12.8,64,15.3,1179338,18.9,0,0.0,0,0.0,37,3.2
"13089","2","925120","78","0","2023","4","",1,476,477,481,7420293,0,0,1194,"",2.36,34.89,34.55,34.54,25.34,0.00,0.00,0.73,"",0,0.0,71,17.5,54,12.8,64,15.3,1179338,18.9,0,0.0,0,0.0,37,3.2
"13089","2","926","75","0","2023","4","",12,110,107,108,1645463,0,0,1168,"",0.55,0.18,0.17,0.17,0.13,0.00,0.00,0.77,"",0,0.0,-4,-3.5,-5,-4.5,-2,-1.8,-57631,-3.4,0,0.0,0,0.0,-2,-0.2
"13089","2","9261","76","0","2023","4","",12,110,107,108,1645463,0,0,1168,"",0.55,0.18,0.17,0.17,0.13,0.00,0.00,0.77,"",0,0.0,-4,-3.5,-5,-4.5,-2,-1.8,-57631,-3.4,0,0.0,0,0.0,-2,-0.2
"13089","2","92612","77","0","2023","4","",1,31,28,28,243429,0,0,646,"",0.13,0.09,0.08,0.08,0.03,0.00,0.00,0.41,"",0,0.0,0,0.0,-4,-12.5,-3,-9.7,4734,2.0,0,0.0,0,0.0,60,10.2
"13089","2","926120","78","0","2023","4","",1,31,28,28,243429,0,0,646,"",0.13,0.09,0.08,0.08,0.03,0.00,0.00,0.41,"",0,0.0,0,0.0,-4,-12.5,-3,-9.7,4734,2.0,0,0.0,0,0.0,60,10.2
"13089","2","92614","77","0","2023","4","",1,7,7,6,61296,0,0,707,"",0.17,0.10,0.10,0.09,0.06,0.00,0.00,0.59,"",0,0.0,2,40.0,2,40.0,1,20.0,8025,15.1,0,0.0,0,0.0,-113,-13.8
"13089","2","926140","78","0","2023","4","",1,7,7,6,61296,0,0,707,"",0.17,0.10,0.10,0.09,0.06,0.00,0.00,0.59,"",0,0.0,2,40.0,2,40.0,1,20.0,8025,15.1,0,0.0,0,0.0,-113,-13.8
"13089","2","92615","77","0","2023","4","",10,72,72,74,1340738,0,0,1419,"",1.89,0.67,0.66,0.68,0.64,0.00,0.00,0.96,"",0,0.0,-6,-7.7,-3,-4.0,0,0.0,-70390,-5.0,0,0.0,0,0.0,-16,-1.1
"13089","2","926150","78","0","2023","4","",10,72,72,74,1340738,0,0,1419,"",1.89,0.67,0.66,0.68,0.64,0.00,0.00,0.96,"",0,0.0,-6,-7.7,-3,-4.0,0,0.0,-70390,-5.0,0,0.0,0,0.0,-16,-1.1
"13089","2","99","74","0","2023","4","",1,0,0,0,0,0,0,0,"",3.74,0.00,0.00,0.00,0.00,0.00,0.00,0.00,"",0,0.0,0,0.0,0,0.0,0,0.0,0,0.0,0,0.0,0,0.0,0,0.0
"13089","2","999","75","0","2023","4","",1,0,0,0,0,0,0,0,"",3.74,0.00,0.00,0.00,0.00,0.00,0.00,0.00,"",0,0.0,0,0.0,0,0.0,0,0.0,0,0.0,0,0.0,0,0.0,0,0.0
"13089","2","9999","76","0","2023","4","",1,0,0,0,0,0,0,0,"",3.74,0.00,0.00,0.00,0.00,0.00,0.00,0.00,"",0,0.0,0,0.0,0,0.0,0,0.0,0,0.0,0,0.0,0,0.0,0,0.0
"13089","2","99999","77","0","2023","4","",1,0,0,0,0,0,0,0,"",3.74,0.00,0.00,0.00,0.00,0.00,0.00,0.00,"",0,0.0,0,0.0,0,0.0,0,0.0,0,0.0,0,0.0,0,0.0,0,0.0
"13089","2","999999","78","0","2023","4","",1,0,0,0,0,0,0,0,"",3.74,0.00,0.00,0.00,0.00,0.00,0.00,0.00,"",0,0.0,0,0.0,0,0.0,0,0.0,0,0.0,0,0.0,0,0.0,0,0.0
"13089","3","10","71","0","2023","4","",218,22677,22856,22925,372839062,97174,1959,1257,"",0.64,0.76,0.76,0.76,0.76,0.02,0.10,1.00,"",4,1.9,787,3.6,872,4.0,890,4.0,26067331,7.5,27853,40.2,1802,1147.8,43,3.5
"13089","3","102","72","0","2023","4","",218,22677,22856,22925,372839062,97174,1959,1257,"",0.66,0.76,0.76,0.77,0.76,0.02,0.10,1.00,"",4,1.9,787,3.6,872,4.0,890,4.0,26067331,7.5,27853,40.2,1802,1147.8,43,3.5
"13089","3","1021","73","0","2023","4","",2,866,874,885,8352537,0,0,734,"",0.08,0.75,0.76,0.76,0.34,0.00,0.00,0.45,"",0,0.0,19,2.2,19,2.2,26,3.0,-337875,-3.9,0,0.0,0,0.0,-49,-6.3
"13089","3","1022","73","0","2023","4","",1,230,230,230,4317681,0,0,1444,"",0.10,0.92,0.91,0.91,1.60,0.00,0.00,1.75,"",0,0.0,7,3.1,8,3.6,11,5.0,52574,1.2,0,0.0,0,0.0,-38,-2.6
"13089","3","1024","73","0","2023","4","",2,204,205,205,1495324,0,0,562,"",0.21,1.03,1.03,1.03,0.46,0.00,0.00,0.44,"",0,0.0,17,9.1,17,9.0,16,8.5,-1598860,-51.7,0,0.0,0,0.0,-704,-55.6
"13089","3","1025","73","0","2023","4","",193,13813,13917,13949,207496245,0,0,1149,"",1.32,0.74,0.74,0.74,0.72,0.00,0.00,0.98,"",4,2.1,577,4.4,603,4.5,575,4.3,13892620,7.2,0,0.0,0,0.0,30,2.7
"13089","3","1026","73","0","2023","4","",1,36,36,36,431056,0,0,921,"",0.11,0.05,0.05,0.05,0.05,0.00,0.00,1.05,"",0,0.0,4,12.5,4,12.5,4,12.5,-167364,-28.0,0,0.0,0,0.0,-518,-36.0
"13089","3","1027","73","0","2023","4","",2,228,228,228,2894184,0,0,976,"",0.48,3.42,3.40,3.40,2.95,0.00,0.00,0.86,"",0,0.0,19,9.1,16,7.5,12,5.6,-543999,-15.8,0,0.0,0,0.0,-270,-21.7
"13089","3","1028","73","0","2023","4","",17,7300,7366,7392,147852035,97174,1959,1547,"",0.14,0.86,0.86,0.87,0.93,0.04,0.23,1.08,"",0,0.0,144,2.0,205,2.9,246,3.4,14770235,11.1,27853,40.2,1802,1147.8,116,8.1
"13089","3","48-49","74","0","2023","4","",2,866,874,885,8352537,0,0,734,"",0.34,1.41,1.41,1.43,0.68,0.00,0.00,0.48,"",0,0.0,19,2.2,19,2.2,26,3.0,-337875,-3.9,0,0.0,0,0.0,-49,-6.3
"13089","3","485","75","0","2023","4","",2,866,874,885,8352537,0,0,734,"",0.57,1.74,1.74,1.76,0.87,0.00,0.00,0.49,"",0,0.0,19,2.2,19,2.2,26,3.0,-337875,-3.9,0,0.0,0,0.0,-49,-6.3
"13089","3","4854","76","0","2023","4","",2,866,874,885,8352537,0,0,734,"",0.91,6.98,6.98,7.07,6.25,0.00,0.00,0.89,"",0,0.0,19,2.2,19,2.2,26,3.0,-337875,-3.9,0,0.0,0,0.0,-49,-6.3
"13089","3","48541","77","0","2023","4","",2,866,874,885,8352537,0,0,734,"",0.91,6.98,6.98,7.07,6.25,0.00,0.00,0.89,"",0,0.0,19,2.2,19,2.2,26,3.0,-337875,-3.9,0,0.0,0,0.0,-49,-6.3
"13089","3","485410","78","0","2023","4","",2,866,874,885,8352537,0,0,734,"",0.91,6.98,6.98,7.07,6.25,0.00,0.00,0.89,"",0,0.0,19,2.2,19,2.2,26,3.0,-337875,-3.9,0,0.0,0,0.0,-49,-6.3
"13089","3","51","74","0","2023","4","",1,230,230,230,4317681,0,0,1444,"",0.10,0.92,0.91,0.91,1.60,0.00,0.00,1.75,"",0,0.0,7,3.1,8,3.6,11,5.0,52574,1.2,0,0.0,0,0.0,-38,-2.6
"13089","3","519","75","0","2023","4","",1,230,230,230,4317681,0,0,1444,"",0.10,0.95,0.94,0.94,1.71,0.00,0.00,1.81,"",0,0.0,7,3.1,8,3.6,11,5.0,52574,1.2,0,0.0,0,0.0,-38,-2.6
"13089","3","5192","76","0","2023","4","",1,230,230,230,4317681,0,0,1444,"",0.10,0.95,0.94,0.94,1.71,0.00,0.00,1.81,"",0,0.0,7,3.1,8,3.6,11,5.0,52574,1.2,0,0.0,0,0.0,-38,-2.6
"13089","3","51921","77","0","2023","4","",1,230,230,230,4317681,0,0,1444,"N",0.10,0,0,0,0,0,0,0,"",0,0.0,7,3.1,8,3.6,11,5.0,52574,1.2,0,0.0,0,0.0,-38,-2.6
"13089","3","519210","78","0","2023","4","",1,230,230,230,4317681,0,0,1444,"N",0.10,0,0,0,0,0,0,0,"",0,0.0,7,3.1,8,3.6,11,5.0,52574,1.2,0,0.0,0,0.0,-38,-2.6
"13089","3","54","74","0","2023","4","",2,204,205,205,1495324,0,0,562,"",0.82,4.78,4.80,4.79,1.66,0.00,0.00,0.35,"",0,0.0,17,9.1,17,9.0,16,8.5,-1598860,-51.7,0,0.0,0,0.0,-704,-55.6
"13089","3","541","75","0","2023","4","",2,204,205,205,1495324,0,0,562,"",0.82,4.78,4.80,4.79,1.66,0.00,0.00,0.35,"",0,0.0,17,9.1,17,9.0,16,8.5,-1598860,-51.7,0,0.0,0,0.0,-704,-55.6
"13089","3","5412","76","0","2023","4","",1,34,34,34,91587,0,0,207,"",5.32,5.33,5.26,5.28,0.69,0.00,0.00,0.13,"",0,0.0,2,6.2,1,3.0,1,3.0,-367166,-80.0,0,0.0,0,0.0,-873,-80.8
"13089","3","54121","77","0","2023","4","",1,34,34,34,91587,0,0,207,"",5.32,5.33,5.26,5.28,0.69,0.00,0.00,0.13,"",0,0.0,2,6.2,1,3.0,1,3.0,-367166,-80.0,0,0.0,0,0.0,-873,-80.8
"13089","3","541219","78","0","2023","4","",1,34,34,34,91587,0,0,207,"",7.02,6.23,6.11,6.16,0.78,0.00,0.00,0.13,"",0,0.0,2,6.2,1,3.0,1,3.0,-367166,-80.0,0,0.0,0,0.0,-873,-80.8
"13089","3","5415","76","0","2023","4","",1,170,171,171,1403737,0,0,633,"",1.70,18.15,18.26,18.21,7.45,0.00,0.00,0.41,"",0,0.0,15,9.7,16,10.3,15,9.6,-1231694,-46.7,0,0.0,0,0.0,-672,-51.5
"13089","3","54151","77","0","2023","4","",1,170,171,171,1403737,0,0,633,"",1.70,18.15,18.26,18.21,7.45,0.00,0.00,0.41,"",0,0.0,15,9.7,16,10.3,15,9.6,-1231694,-46.7,0,0.0,0,0.0,-672,-51.5
"13089","3","541513","78","0","2023","4","",1,170,171,171,1403737,0,0,633,"",5.43,43.24,43.88,43.74,21.26,0.00,0.00,0.49,"",0,0.0,15,9.7,16,10.3,15,9.6,-1231694,-46.7,0,0.0,0,0.0,-672,-51.5
"13089","3","61","74","0","2023","4","",192,13795,13899,13929,207351835,0,0,1150,"",1.46,0.83,0.82,0.83,0.82,0.00,0.00,1.00,"",4,2.1,569,4.3,596,4.5,567,4.2,13943787,7.2,0,0.0,0,0.0,31,2.8
"13089","3","611","75","0","2023","4","",192,13795,13899,13929,207351835,0,0,1150,"",1.46,0.83,0.82,0.83,0.82,0.00,0.00,1.00,"",4,2.1,569,4.3,596,4.5,567,4.2,13943787,7.2,0,0.0,0,0.0,31,2.8
"13089","3","6111","76","0","2023","4","",192,13795,13899,13929,207351835,0,0,1150,"",1.52,0.88,0.88,0.88,0.88,0.00,0.00,1.00,"",4,2.1,569,4.3,596,4.5,567,4.2,13943787,7.2,0,0.0,0,0.0,31,2.8
"13089","3","61111","77","0","2023","4","",192,13795,13899,13929,207351835,0,0,1150,"",1.52,0.88,0.88,0.88,0.88,0.00,0.00,1.00,"",4,2.1,569,4.3,596,4.5,567,4.2,13943787,7.2,0,0.0,0,0.0,31,2.8
"13089","3","611110","78","0","2023","4","",192,13795,13899,13929,207351835,0,0,1150,"",1.52,0.88,0.88,0.88,0.88,0.00,0.00,1.00,"",4,2.1,569,4.3,596,4.5,567,4.2,13943787,7.2,0,0.0,0,0.0,31,2.8
"13089","3","62","74","0","2023","4","",1,18,18,20,144410,0,0,595,"",0.07,0.01,0.01,0.01,0.00,0.00,0.00,0.41,"",0,0.0,8,80.0,7,63.6,8,66.7,-51167,-26.2,0,0.0,0,0.0,-773,-56.5
"13089","3","624","75","0","2023","4","",1,18,18,20,144410,0,0,595,"",0.18,0.08,0.08,0.08,0.04,0.00,0.00,0.52,"",0,0.0,8,80.0,7,63.6,8,66.7,-51167,-26.2,0,0.0,0,0.0,-773,-56.5
"13089","3","6241","76","0","2023","4","",1,18,18,20,144410,0,0,595,"",0.28,0.09,0.09,0.10,0.05,0.00,0.00,0.50,"",0,0.0,8,80.0,7,63.6,8,66.7,-51167,-26.2,0,0.0,0,0.0,-773,-56.5
"13089","3","62419","77","0","2023","4","",1,18,18,20,144410,0,0,595,"",0.67,0.16,0.16,0.18,0.08,0.00,0.00,0.47,"",0,0.0,8,80.0,7,63.6,8,66.7,-51167,-26.2,0,0.0,0,0.0,-773,-56.5
"13089","3","624190","78","0","2023","4","",1,18,18,20,144410,0,0,595,"",0.67,0.16,0.16,0.18,0.08,0.00,0.00,0.47,"",0,0.0,8,80.0,7,63.6,8,66.7,-51167,-26.2,0,0.0,0,0.0,-773,-56.5
"13089","3","71","74","0","2023","4","",1,36,36,36,431056,0,0,921,"",0.13,0.06,0.06,0.06,0.07,0.00,0.00,1.11,"",0,0.0,4,12.5,4,12.5,4,12.5,-167364,-28.0,0,0.0,0,0.0,-518,-36.0
"13089","3","712","75","0","2023","4","",1,36,36,36,431056,0,0,921,"",0.69,0.45,0.46,0.46,0.56,0.00,0.00,1.23,"",0,0.0,4,12.5,4,12.5,4,12.5,-167364,-28.0,0,0.0,0,0.0,-518,-36.0
"13089","3","7121","76","0","2023","4","",1,36,36,36,431056,0,0,921,"",0.69,0.45,0.46,0.46,0.56,0.00,0.00,1.23,"",0,0.0,4,12.5,4,12.5,4,12.5,-167364,-28.0,0,0.0,0,0.0,-518,-36.0
"13089","3","71211","77","0","2023","4","",1,36,36,36,431056,0,0,921,"",3.04,6.51,6.45,6.42,6.56,0.00,0.00,1.02,"",0,0.0,4,12.5,4,12.5,4,12.5,-167364,-28.0,0,0.0,0,0.0,-518,-36.0
"13089","3","712110","78","0","2023","4","",1,36,36,36,431056,0,0,921,"",3.04,6.51,6.45,6.42,6.56,0.00,0.00,1.02,"",0,0.0,4,12.5,4,12.5,4,12.5,-167364,-28.0,0,0.0,0,0.0,-518,-36.0
"13089","3","81","74","0","2023","4","",2,228,228,228,2894184,0,0,976,"",0.48,3.42,3.40,3.40,2.95,0.00,0.00,0.86,"",0,0.0,19,9.1,16,7.5,12,5.6,-543999,-15.8,0,0.0,0,0.0,-270,-21.7
"13089","3","811","75","0","2023","4","",2,228,228,228,2894184,0,0,976,"",1.69,7.76,7.69,7.66,6.33,0.00,0.00,0.82,"",0,0.0,19,9.1,16,7.5,12,5.6,-543999,-15.8,0,0.0,0,0.0,-270,-21.7
"13089","3","8113","76","0","2023","4","",2,228,228,228,2894184,0,0,976,"",24.64,49.79,49.58,49.22,36.76,0.00,0.00,0.74,"",0,0.0,19,9.1,16,7.5,12,5.6,-543999,-15.8,0,0.0,0,0.0,-270,-21.7
"13089","3","81131","77","0","2023","4","",2,228,228,228,2894184,0,0,976,"",24.64,49.79,49.58,49.22,36.76,0.00,0.00,0.74,"",0,0.0,19,9.1,16,7.5,12,5.6,-543999,-15.8,0,0.0,0,0.0,-270,-21.7
"13089","3","811310","78","0","2023","4","",2,228,228,228,2894184,0,0,976,"",24.64,49.79,49.58,49.22,36.76,0.00,0.00,0.74,"",0,0.0,19,9.1,16,7.5,12,5.6,-543999,-15.8,0,0.0,0,0.0,-270,-21.7
"13089","3","92","74","0","2023","4","",17,7300,7366,7392,147852035,97174,1959,1547,"",0.14,0.86,0.86,0.87,0.93,0.04,0.23,1.08,"",0,0.0,144,2.0,205,2.9,246,3.4,14770235,11.1,27853,40.2,1802,1147.8,116,8.1
"13089","3","921","75","0","2023","4","",13,7252,7316,7340,146790987,93424,1927,1546,"",0.18,1.29,1.29,1.30,1.54,0.05,0.30,1.19,"",0,0.0,146,2.1,206,2.9,245,3.5,14683597,11.1,24103,34.8,1770,1127.4,115,8.0
"13089","3","9211","76","0","2023","4","",13,7252,7316,7340,146790987,93424,1927,1546,"",0.18,1.29,1.29,1.30,1.54,0.05,0.30,1.19,"",0,0.0,146,2.1,206,2.9,245,3.5,14683597,11.1,24103,34.8,1770,1127.4,115,8.0
"13089","3","92111","77","0","2023","4","",3,342,345,349,6429475,0,0,1432,"",0.34,0.85,0.86,0.86,0.93,0.00,0.00,1.09,"",-1,-25.0,20,6.2,22,6.8,30,9.4,944839,17.2,-33919,-100.0,-58,-100.0,119,9.1
"13089","3","921110","78","0","2023","4","",3,342,345,349,6429475,0,0,1432,"",0.34,0.85,0.86,0.86,0.93,0.00,0.00,1.09,"",-1,-25.0,20,6.2,22,6.8,30,9.4,944839,17.2,-33919,-100.0,-58,-100.0,119,9.1
"13089","3","92112","77","0","2023","4","",1,56,70,66,1141117,66594,1798,1372,"",0.18,0.10,0.13,0.12,0.12,2.88,9.23,1.00,"N",1,100.0,0,0,0,0,0,0,0,0,0,0,0,0,0,0
"13089","3","921120","78","0","2023","4","",1,56,70,66,1141117,66594,1798,1372,"",0.18,0.10,0.13,0.12,0.12,2.88,9.23,1.00,"N",1,100.0,0,0,0,0,0,0,0,0,0,0,0,0,0,0
"13089","3","92114","77","0","2023","4","",9,6854,6901,6925,139220395,26830,129,1554,"",0.21,1.89,1.89,1.90,2.30,0.02,0.05,1.21,"",0,0.0,70,1.0,114,1.7,149,2.2,12597641,9.9,-8572,-24.2,30,30.3,118,8.2
"13089","3","921140","78","0","2023","4","",9,6854,6901,6925,139220395,26830,129,1554,"",0.21,1.89,1.89,1.90,2.30,0.02,0.05,1.21,"",0,0.0,70,1.0,114,1.7,149,2.2,12597641,9.9,-8572,-24.2,30,30.3,118,8.2
"13089","3","925","75","0","2023","4","",3,47,49,51,1030087,3750,32,1617,"",0.41,0.28,0.29,0.30,0.35,0.03,0.06,1.20,"",0,0.0,-2,-4.1,-1,-2.0,1,2.0,81253,8.6,3750,100.0,32,100.0,147,10.0
"13089","3","9251","76","0","2023","4","",3,47,49,51,1030087,3750,32,1617,"",0.41,0.28,0.29,0.30,0.35,0.03,0.06,1.20,"",0,0.0,-2,-4.1,-1,-2.0,1,2.0,81253,8.6,3750,100.0,32,100.0,147,10.0
"13089","3","92511","77","0","2023","4","",2,37,38,39,732973,0,0,1484,"",0.42,0.36,0.37,0.37,0.38,0.00,0.00,1.04,"",0,0.0,-1,-2.6,-1,-2.6,0,0.0,89038,13.8,0,0.0,0,0.0,203,15.8
"13089","3","925110","78","0","2023","4","",2,37,38,39,732973,0,0,1484,"",0.42,0.36,0.37,0.37,0.38,0.00,0.00,1.04,"",0,0.0,-1,-2.6,-1,-2.6,0,0.0,89038,13.8,0,0.0,0,0.0,203,15.8
"13089","3","92512","77","0","2023","4","",1,10,11,12,297114,3750,32,2078,"",0.38,0.16,0.17,0.19,0.29,0.19,0.24,1.69,"",0,0.0,-1,-9.1,0,0.0,1,9.1,-7785,-2.6,3750,100.0,32,100.0,-54,-2.5
"13089","3","925120","78","0","2023","4","",1,10,11,12,297114,3750,32,2078,"",0.38,0.16,0.17,0.19,0.29,0.19,0.24,1.69,"",0,0.0,-1,-9.1,0,0.0,1,9.1,-7785,-2.6,3750,100.0,32,100.0,-54,-2.5
"13089","3","926","75","0","2023","4","",1,1,1,1,30961,0,0,2382,"N",0.18,0,0,0,0,0,0,0,"",0,0.0,0,0.0,0,0.0,0,0.0,5385,21.1,0,0.0,0,0.0,415,21.1
"13089","3","9261","76","0","2023","4","",1,1,1,1,30961,0,0,2382,"N",0.18,0,0,0,0,0,0,0,"",0,0.0,0,0.0,0,0.0,0,0.0,5385,21.1,0,0.0,0,0.0,415,21.1
"13089","3","92611","77","0","2023","4","",1,1,1,1,30961,0,0,2382,"",0.81,0.04,0.04,0.04,0.05,0.00,0.00,1.30,"",0,0.0,0,0.0,0,0.0,0,0.0,5385,21.1,0,0.0,0,0.0,415,21.1
"13089","3","926110","78","0","2023","4","",1,1,1,1,30961,0,0,2382,"",0.81,0.04,0.04,0.04,0.05,0.00,0.00,1.30,"",0,0.0,0,0.0,0,0.0,0,0.0,5385,21.1,0,0.0,0,0.0,415,21.1
"13089","5","10","71","0","2023","4","",23390,269726,271758,271605,5177890913,281017455,3416787,1470,"",1.01,1.00,1.00,1.00,1.00,1.03,1.01,1.00,"",-831,-3.4,4416,1.7,5747,2.2,5606,2.1,334337539,6.9,-12222110,-4.2,-45543,-1.3,68,4.9
"13089","5","101","72","0","2023","4","",1599,24249,24227,24198,502611665,24521524,315582,1596,"",0.55,0.52,0.52,0.53,0.50,0.52,0.42,0.97,"",-44,-2.7,850,3.6,919,3.9,1491,6.6,64357722,14.7,-2423613,-9.0,-45482,-12.6,139,9.5
"13089","5","1011","73","0","2023","4","",19,193,194,187,5428614,307806,6669,2183,"",0.07,0.05,0.05,0.05,0.08,0.06,0.07,1.55,"",3,18.8,-29,-13.1,-17,-8.1,6,3.3,670061,14.1,88869,40.6,379,6.0,395,22.1
"13089","5","1012","73","0","2023","4","",981,10192,10212,10193,242571374,11390716,145257,1830,"",0.53,0.61,0.62,0.63,0.69,0.54,0.35,1.11,"",-52,-5.0,155,1.5,219,2.2,627,6.6,24684684,11.3,-3801942,-25.0,-52191,-26.4,131,7.7
"13089","5","1013","73","0","2023","4","",599,13864,13821,13818,254611677,12823002,163656,1416,"",0.76,0.53,0.53,0.53,0.44,0.61,0.68,0.84,"",5,0.8,724,5.5,717,5.5,858,6.6,39002977,18.1,1289460,11.2,6330,4.0,147,11.6
"13089","5","102","72","0","2023","4","",21791,245477,247531,247407,4675279248,256495931,3101205,1457,"",1.08,1.10,1.10,1.10,1.12,1.14,1.17,1.02,"",-787,-3.5,3566,1.5,4828,2.0,4115,1.7,269979817,6.1,-9798497,-3.7,-61,0.0,60,4.3
"13089","5","1021","73","0","2023","4","",3779,57640,59067,59668,889868117,67306934,657129,1164,"",0.92,0.99,0.99,0.99,0.96,1.05,0.97,0.97,"",-280,-6.9,-635,-1.1,-993,-1.7,-908,-1.5,-32159505,-3.5,-888352,-1.3,26129,4.1,-25,-2.1
"13089","5","1022","73","0","2023","4","",488,8252,8501,8256,273002587,6099395,82051,2519,"",0.85,1.40,1.42,1.38,1.16,1.41,1.30,0.82,"",17,3.6,-2483,-23.1,-1676,-16.5,-2027,-19.7,195082,0.1,-1531908,-20.1,20256,32.8,501,24.8
"13089","5","1023","73","0","2023","4","",2074,21494,21610,21649,451371079,18673109,171602,1609,"",0.97,1.22,1.22,1.22,0.86,1.38,1.13,0.71,"",-8,-0.4,715,3.4,757,3.6,693,3.3,28882192,6.8,-3260052,-14.9,-55289,-24.4,51,3.3
"13089","5","1024","73","0","2023","4","",4648,48739,48790,48517,1131291844,65392486,879511,1788,"",0.94,1.05,1.05,1.05,0.94,1.24,1.26,0.90,"",-132,-2.8,1438,3.0,2050,4.4,1841,3.9,127432399,12.7,-190388,-0.3,-31262,-3.4,142,8.6
"13089","5","1025","73","0","2023","4","",2885,72748,73136,72974,1576136457,40582691,516164,1662,"",0.69,1.44,1.44,1.43,1.88,1.08,1.22,1.31,"",24,0.8,3238,4.7,3629,5.2,3756,5.4,132121137,9.1,-2116427,-5.0,-23561,-4.4,62,3.9
"13089","5","1026","73","0","2023","4","",2037,26492,26299,26047,195411808,43864021,551095,572,"",1.06,0.79,0.79,0.78,0.68,1.05,1.12,0.87,"",-43,-2.1,1145,4.5,998,3.9,757,3.0,10161749,5.5,365753,0.8,120492,28.0,9,1.6
"13089","5","1027","73","0","2023","4","",1542,8488,8482,8562,114646712,10477173,146726,1036,"",0.88,0.91,0.90,0.91,0.91,1.12,1.32,1.00,"",-99,-6.0,381,4.7,347,4.3,394,4.8,8821570,8.3,295616,2.9,9132,6.6,36,3.6
"13089","5","1029","73","0","2023","4","",4338,1624,1646,1734,43550644,4100122,96927,2008,"",6.40,2.90,2.85,2.91,3.28,2.95,3.18,1.14,"",-266,-5.8,-233,-12.5,-284,-14.7,-391,-18.4,-5474807,-11.2,-2472739,-37.6,-65958,-40.5,94,4.9
"13089","5","11","74","0","2023","4","",13,128,114,107,3791165,103921,1718,2507,"",0.06,0.05,0.04,0.05,0.12,0.02,0.02,2.63,"",3,30.0,1,0.8,-2,-1.7,21,24.4,729383,23.8,-28998,-21.8,-2397,-58.3,359,16.7
"13089","5","111","75","0","2023","4","",4,12,12,12,286517,16670,412,1837,"",0.04,0.01,0.01,0.01,0.02,0.01,0.01,1.98,"N",2,100.0,0,0,0,0,0,0,0,0,0,0,0,0,0,0
"13089","5","1113","76","0","2023","4","N",1,0,0,0,0,0,0,0,"N",0.05,0,0,0,0,0,0,0,"N",0,0.0,0,0,0,0,0,0,0,0,0,0,0,0,0,0
"13089","5","11133","77","0","2023","4","N",1,0,0,0,0,0,0,0,"N",0.05,0,0,0,0,0,0,0,"N",0,0.0,0,0,0,0,0,0,0,0,0,0,0,0,0,0
"13089","5","111336","78","0","2023","4","N",1,0,0,0,0,0,0,0,"N",1.07,0,0,0,0,0,0,0,"N",0,0.0,0,0,0,0,0,0,0,0,0,0,0,0,0,0
"13089","5","1114","76","0","2023","4","N",2,0,0,0,0,0,0,0,"N",0.10,0,0,0,0,0,0,0,"N",1,100.0,0,0,0,0,0,0,0,0,0,0,0,0,0,0
"13089","5","11142","77","0","2023","4","N",2,0,0,0,0,0,0,0,"N",0.14,0,0,0,0,0,0,0,"N",1,100.0,0,0,0,0,0,0,0,0,0,0,0,0,0,0
"13089","5","111421","78","0","2023","4","N",1,0,0,0,0,0,0,0,"N",0.10,0,0,0,0,0,0,0,"N",0,0.0,0,0,0,0,0,0,0,0,0,0,0,0,0,0
"13089","5","111422","78","0","2023","4","N",1,0,0,0,0,0,0,0,"N",0.23,0,0,0,0,0,0,0,"N",1,100.0,0,0,0,0,0,0,0,0,0,0,0,0,0,0
"13089","5","1119","76","0","2023","4","N",1,0,0,0,0,0,0,0,"N",0.04,0,0,0,0,0,0,0,"N",1,100.0,0,0,0,0,0,0,0,0,0,0,0,0,0,0
"13089","5","11199","77","0","2023","4","N",1,0,0,0,0,0,0,0,"N",0.07,0,0,0,0,0,0,0,"N",1,100.0,0,0,0,0,0,0,0,0,0,0,0,0,0,0
"13089","5","111998","78","0","2023","4","N",1,0,0,0,0,0,0,0,"N",0.08,0,0,0,0,0,0,0,"N",1,100.0,0,0,0,0,0,0,0,0,0,0,0,0,0,0
"13089","5","112","75","0","2023","4","N",1,0,0,0,0,0,0,0,"N",0.02,0,0,0,0,0,0,0,"N",0,0.0,0,0,0,0,0,0,0,0,0,0,0,0,0,0
"13089","5","1124","76","0","2023","4","N",1,0,0,0,0,0,0,0,"N",1.22,0,0,0,0,0,0,0,"N",0,0.0,0,0,0,0,0,0,0,0,0,0,0,0,0,0
"13089","5","11242","77","0","2023","4","N",1,0,0,0,0,0,0,0,"N",3.46,0,0,0,0,0,0,0,"N",0,0.0,0,0,0,0,0,0,0,0,0,0,0,0,0,0
"13089","5","112420","78","0","2023","4","N",1,0,0,0,0,0,0,0,"N",3.46,0,0,0,0,0,0,0,"N",0,0.0,0,0,0,0,0,0,0,0,0,0,0,0,0,0
"13089","5","114","75","0","2023","4","N",1,0,0,0,0,0,0,0,"N",0.18,0,0,0,0,0,0,0,"N",0,0.0,0,0,0,0,0,0,0,0,0,0,0,0,0,0
"13089","5","1141","76","0","2023","4","N",1,0,0,0,0,0,0,0,"N",0.23,0,0,0,0,0,0,0,"N",0,0.0,0,0,0,0,0,0,0,0,0,0,0,0,0,0
"13089","5","11411","77","0","2023","4","N",1,0,0,0,0,0,0,0,"N",0.23,0,0,0,0,0,0,0,"N",0,0.0,0,0,0,0,0,0,0,0,0,0,0,0,0,0
"13089","5","114111","78","0","2023","4","N",1,0,0,0,0,0,0,0,"N",0.51,0,0,0,0,0,0,0,"N",0,0.0,0,0,0,0,0,0,0,0,0,0,0,0,0,0
"13089","5","115","75","0","2023","4","",7,112,99,92,3495610,78332,1065,2662,"",0.16,0.13,0.13,0.13,0.38,0.05,0.03,2.96,"",1,16.7,-2,-1.8,-4,-3.9,18,24.3,571349,19.5,-46009,-37.0,-2899,-73.1,343,14.8
"13089","5","1151","76","0","2023","4","N",2,0,0,0,0,0,0,0,"N",0.08,0,0,0,0,0,0,0,"N",0,0.0,0,0,0,0,0,0,0,0,0,0,0,0,0,0
"13089","5","11511","77","0","2023","4","N",2,0,0,0,0,0,0,0,"N",0.08,0,0,0,0,0,0,0,"N",0,0.0,0,0,0,0,0,0,0,0,0,0,0,0,0,0
"13089","5","115111","78","0","2023","4","N",1,0,0,0,0,0,0,0,"N",0.96,0,0,0,0,0,0,0,"N",0,0.0,0,0,0,0,0,0,0,0,0,0,0,0,0,0
"13089","5","115116","78","0","2023","4","N",1,0,0,0,0,0,0,0,"N",0.28,0,0,0,0,0,0,0,"N",0,0.0,0,0,0,0,0,0,0,0,0,0,0,0,0,0
"13089","5","1152","76","0","2023","4","",4,4,4,4,62175,11700,35,1196,"",0.32,0.06,0.06,0.06,0.08,0.17,0.07,1.25,"",1,33.3,1,33.3,1,33.3,1,33.3,31886,105.3,0,0.0,-10,-22.2,419,53.9
"13089","5","11521","77","0","2023","4","",4,4,4,4,62175,11700,35,1196,"",0.32,0.06,0.06,0.06,0.08,0.17,0.07,1.25,"",1,33.3,1,33.3,1,33.3,1,33.3,31886,105.3,0,0.0,-10,-22.2,419,53.9
"13089","5","115210","78","0","2023","4","",4,4,4,4,62175,11700,35,1196,"",0.32,0.06,0.06,0.06,0.08,0.17,0.07,1.25,"",1,33.3,1,33.3,1,33.3,1,33.3,31886,105.3,0,0.0,-10,-22.2,419,53.9
"13089","5","1153","76","0","2023","4","N",1,0,0,0,0,0,0,0,"N",0.16,0,0,0,0,0,0,0,"N",0,0.0,0,0,0,0,0,0,0,0,0,0,0,0,0,0
"13089","5","11531","77","0","2023","4","N",1,0,0,0,0,0,0,0,"N",0.16,0,0,0,0,0,0,0,"N",0,0.0,0,0,0,0,0,0,0,0,0,0,0,0,0,0
"13089","5","115310","78","0","2023","4","N",1,0,0,0,0,0,0,0,"N",0.16,0,0,0,0,0,0,0,"N",0,0.0,0,0,0,0,0,0,0,0,0,0,0,0,0,0
"13089","5","21","74","0","2023","4","",6,65,80,80,1637449,203885,4951,1679,"",0.10,0.05,0.07,0.07,0.04,0.19,0.29,0.71,"",0,0.0,-30,-31.6,-15,-15.8,-15,-15.8,-59322,-3.5,117867,137.0,2776,127.6,305,22.2
"13089","5","211","75","0","2023","4","N",1,0,0,0,0,0,0,0,"N",0.08,0,0,0,0,0,0,0,"N",1,100.0,0,0,0,0,0,0,0,0,0,0,0,0,0,0
"13089","5","2111","76","0","2023","4","N",1,0,0,0,0,0,0,0,"N",0.08,0,0,0,0,0,0,0,"N",1,100.0,0,0,0,0,0,0,0,0,0,0,0,0,0,0
"13089","5","21113","77","0","2023","4","N",1,0,0,0,0,0,0,0,"N",0.26,0,0,0,0,0,0,0,"N",1,100.0,0,0,0,0,0,0,0,0,0,0,0,0,0,0
"13089","5","211130","78","0","2023","4","N",1,0,0,0,0,0,0,0,"N",0.26,0,0,0,0,0,0,0,"N",1,100.0,0,0,0,0,0,0,0,0,0,0,0,0,0,0
"13089","5","212","75","0","2023","4","N",5,0,0,0,0,0,0,0,"N",0.35,0,0,0,0,0,0,0,"N",0,0.0,0,0,0,0,0,0,0,0,0,0,0,0,0,0
"13089","5","2123","76","0","2023","4","N",5,0,0,0,0,0,0,0,"N",0.42,0,0,0,0,0,0,0,"N",0,0.0,0,0,0,0,0,0,0,0,0,0,0,0,0,0
"13089","5","21231","77","0","2023","4","",3,63,61,60,1361779,39698,518,1708,"",0.60,0.68,0.66,0.66,0.72,0.61,0.40,1.08,"",0,0.0,9,16.7,5,8.9,4,7.1,170956,14.4,-3765,-8.7,-129,-19.9,53,3.2
"13089","5","212311","78","0","2023","4","N",1,0,0,0,0,0,0,0,"N",0.87,0,0,0,0,0,0,0,"N",0,0.0,0,0,0,0,0,0,0,0,0,0,0,0,0,0
"13089","5","212313","78","0","2023","4","N",2,0,0,0,0,0,0,0,"N",3.42,0,0,0,0,0,0,0,"N",0,0.0,0,0,0,0,0,0,0,0,0,0,0,0,0,0
"13089","5","21232","77","0","2023","4","N",1,0,0,0,0,0,0,0,"N",0.17,0,0,0,0,0,0,0,"N",0,0.0,0,0,0,0,0,0,0,0,0,0,0,0,0,0
"13089","5","212322","78","0","2023","4","N",1,0,0,0,0,0,0,0,"N",2.01,0,0,0,0,0,0,0,"N",0,0.0,0,0,0,0,0,0,0,0,0,0,0,0,0,0
"13089","5","21239","77","0","2023","4","N",1,0,0,0,0,0,0,0,"N",1.05,0,0,0,0,0,0,0,"N",0,0.0,0,0,0,0,0,0,0,0,0,0,0,0,0,0
"13089","5","212390","78","0","2023","4","N",1,0,0,0,0,0,0,0,"N",1.05,0,0,0,0,0,0,0,"N",0,0.0,0,0,0,0,0,0,0,0,0,0,0,0,0,0
"13089","5","22","74","0","2023","4","",26,1177,1184,1206,37990856,1857991,41191,2458,"",0.55,1.00,1.00,1.01,1.03,3.81,7.79,1.03,"",0,0.0,204,21.0,206,21.1,211,21.2,6476529,20.6,1499981,419.0,39209,1978.3,-11,-0.4
"13089","5","221","75","0","2023","4","",26,1177,1184,1206,37990856,1857991,41191,2458,"",0.55,1.00,1.00,1.01,1.03,3.81,7.79,1.03,"",0,0.0,204,21.0,206,21.1,211,21.2,6476529,20.6,1499981,419.0,39209,1978.3,-11,-0.4
"13089","5","2211","76","0","2023","4","",21,1071,1078,1100,34895571,1795102,40496,2479,"",0.76,1.29,1.30,1.32,1.30,5.52,11.29,1.00,"",0,0.0,198,22.7,200,22.8,207,23.2,6601189,23.3,1512903,536.1,39895,6638.1,9,0.4
"13089","5","22111","77","0","2023","4","N",2,0,0,0,0,0,0,0,"N",0.15,0,0,0,0,0,0,0,"N",0,0.0,0,0,0,0,0,0,0,0,0,0,0,0,0,0
"13089","5","221113","78","0","2023","4","N",2,0,0,0,0,0,0,0,"N",5.61,0,0,0,0,0,0,0,"N",2,100.0,0,0,0,0,0,0,0,0,0,0,0,0,0,0
"13089","5","221114","78","0","2023","4","-",0,0,0,0,0,0,0,0,"N",0.00,0,0,0,0,0,0,0,"N",-2,-100.0,0,0,0,0,0,0,0,0,0,0,0,0,0,0
"13089","5","22112","77","0","2023","4","N",19,0,0,0,0,0,0,0,"N",1.31,0,0,0,0,0,0,0,"N",0,0.0,0,0,0,0,0,0,0,0,0,0,0,0,0,0
"13089","5","221121","78","0","2023","4","N",2,0,0,0,0,0,0,0,"N",1.19,0,0,0,0,0,0,0,"N",0,0.0,0,0,0,0,0,0,0,0,0,0,0,0,0,0
"13089","5","221122","78","0","2023","4","N",17,0,0,0,0,0,0,0,"N",1.33,0,0,0,0,0,0,0,"N",0,0.0,0,0,0,0,0,0,0,0,0,0,0,0,0,0
"13089","5","2212","76","0","2023","4","N",3,0,0,0,0,0,0,0,"N",0.46,0,0,0,0,0,0,0,"N",0,0.0,0,0,0,0,0,0,0,0,0,0,0,0,0,0
"13089","5","22121","77","0","2023","4","N",3,0,0,0,0,0,0,0,"N",0.46,0,0,0,0,0,0,0,"N",0,0.0,0,0,0,0,0,0,0,0,0,0,0,0,0,0
"13089","5","221210","78","0","2023","4","N",3,0,0,0,0,0,0,0,"N",0.46,0,0,0,0,0,0,0,"N",0,0.0,0,0,0,0,0,0,0,0,0,0,0,0,0,0
"13089","5","2213","76","0","2023","4","N",2,0,0,0,0,0,0,0,"N",0.15,0,0,0,0,0,0,0,"N",0,0.0,0,0,0,0,0,0,0,0,0,0,0,0,0,0
"13089","5","22131","77","0","2023","4","N",2,0,0,0,0,0,0,0,"N",0.18,0,0,0,0,0,0,0,"N",0,0.0,0,0,0,0,0,0,0,0,0,0,0,0,0,0
"13089","5","221310","78","0","2023","4","N",2,0,0,0,0,0,0,0,"N",0.18,0,0,0,0,0,0,0,"N",0,0.0,0,0,0,0,0,0,0,0,0,0,0,0,0,0
"13089","5","23","74","0","2023","4","",981,10192,10212,10193,242571374,11390716,145257,1830,"",0.53,0.61,0.62,0.63,0.69,0.54,0.35,1.11,"",-52,-5.0,155,1.5,219,2.2,627,6.6,24684684,11.3,-3801942,-25.0,-52191,-26.4,131,7.7
"13089","5","236","75","0","2023","4","",400,2440,2418,2407,67043404,2954479,38501,2130,"",0.69,0.65,0.65,0.65,0.75,0.62,0.44,1.16,"",-26,-6.1,108,4.6,61,2.6,36,1.5,-712104,-1.1,521941,21.5,-7034,-15.4,-85,-3.8
"13089","5","2361","76","0","2023","4","",297,1149,1137,1135,29426697,1584560,23541,1985,"",0.66,0.60,0.59,0.59,0.76,0.59,0.60,1.27,"",-28,-8.6,-119,-9.4,-152,-11.8,-160,-12.4,-10729844,-26.7,200102,14.5,2512,11.9,-421,-17.5
"13089","5","23611","77","0","2023","4","",297,1149,1137,1135,29426697,1584560,23541,1985,"",0.66,0.60,0.59,0.59,0.76,0.59,0.60,1.27,"",-28,-8.6,-119,-9.4,-152,-11.8,-160,-12.4,-10729844,-26.7,200102,14.5,2512,11.9,-421,-17.5
"13089","5","236115","78","0","2023","4","",121,532,532,533,17134285,473190,7492,2476,"",0.67,0.68,0.68,0.68,1.00,0.40,0.48,1.47,"",-24,-16.6,-16,-2.9,-19,-3.4,-19,-3.4,1052615,6.5,56890,13.7,-699,-8.5,228,10.1
"13089","5","236116","78","0","2023","4","",3,45,45,45,1371292,24768,106,2344,"",0.30,0.48,0.48,0.48,0.51,0.22,0.06,1.06,"",-2,-40.0,1,2.3,1,2.3,1,2.3,92768,7.3,-13385,-35.1,-115,-52.0,109,4.9
"13089","5","236117","78","0","2023","4","",14,30,30,31,867152,35681,21,2199,"",1.31,0.27,0.27,0.28,0.24,0.31,0.01,0.87,"",-1,-6.7,2,7.1,2,7.1,3,10.7,121404,16.3,-21515,-37.6,-1244,-98.3,150,7.3
"13089","5","236118","78","0","2023","4","",159,542,530,526,10053968,1050921,15922,1452,"",0.64,0.58,0.57,0.57,0.65,0.82,0.79,1.13,"",-1,-0.6,-106,-16.4,-136,-20.4,-145,-21.6,-11996631,-54.4,178112,20.4,4570,40.3,-1112,-43.4
"13089","5","2362","76","0","2023","4","",103,1291,1281,1272,37616707,1369919,14960,2258,"",0.82,0.71,0.71,0.70,0.75,0.65,0.31,1.06,"",2,2.0,227,21.3,213,19.9,196,18.2,10017740,36.3,321839,30.7,-9546,-39.0,273,13.8
"13089","5","23621","77","0","2023","4","N",10,0,0,0,0,0,0,0,"N",0.74,0,0,0,0,0,0,0,"N",3,42.9,0,0,0,0,0,0,0,0,0,0,0,0,0,0
"13089","5","236210","78","0","2023","4","N",10,0,0,0,0,0,0,0,"N",0.74,0,0,0,0,0,0,0,"N",3,42.9,0,0,0,0,0,0,0,0,0,0,0,0,0,0
"13089","5","23622","77","0","2023","4","N",93,0,0,0,0,0,0,0,"N",0.83,0,0,0,0,0,0,0,"N",-1,-1.1,0,0,0,0,0,0,0,0,0,0,0,0,0,0
"13089","5","236220","78","0","2023","4","N",93,0,0,0,0,0,0,0,"N",0.83,0,0,0,0,0,0,0,"N",-1,-1.1,0,0,0,0,0,0,0,0,0,0,0,0,0,0
"13089","5","237","75","0","2023","4","",49,1103,1090,1062,23315641,1208147,14416,1653,"",0.43,0.47,0.47,0.48,0.41,0.41,0.19,0.86,"",3,6.5,-10,-0.9,-9,-0.8,-19,-1.8,1761400,8.2,-27677,-2.2,-7044,-32.8,143,9.5
"13089","5","2371","76","0","2023","4","",28,379,386,381,7793607,425490,3262,1569,"",0.47,0.31,0.32,0.32,0.26,0.25,0.08,0.83,"",3,12.0,-32,-7.8,-10,-2.5,-13,-3.3,1439186,22.6,44559,11.7,-4230,-56.5,348,28.5
"13089","5","23711","77","0","2023","4","",15,274,282,279,5858322,345759,2758,1619,"",0.59,0.64,0.66,0.67,0.60,0.75,0.30,0.91,"",1,7.1,26,10.5,41,17.0,42,17.7,1105283,23.3,55825,19.3,-4062,-59.6,108,7.1
"13089","5","237110","78","0","2023","4","",15,274,282,279,5858322,345759,2758,1619,"",0.59,0.64,0.66,0.67,0.60,0.75,0.30,0.91,"",1,7.1,26,10.5,41,17.0,42,17.7,1105283,23.3,55825,19.3,-4062,-59.6,108,7.1
"13089","5","23713","77","0","2023","4","",13,105,104,102,1935285,79731,504,1436,"",0.51,0.21,0.21,0.21,0.16,0.11,0.03,0.75,"",2,18.2,-58,-35.6,-51,-32.9,-55,-35.0,333903,20.9,-11266,-12.4,-168,-25.0,658,84.6
"13089","5","237130","78","0","2023","4","",13,105,104,102,1935285,79731,504,1436,"",0.51,0.21,0.21,0.21,0.16,0.11,0.03,0.75,"",2,18.2,-58,-35.6,-51,-32.9,-55,-35.0,333903,20.9,-11266,-12.4,-168,-25.0,658,84.6
"13089","5","2372","76","0","2023","4","N",5,0,0,0,0,0,0,0,"N",0.42,0,0,0,0,0,0,0,"N",1,25.0,0,0,0,0,0,0,0,0,0,0,0,0,0,0
"13089","5","23721","77","0","2023","4","N",5,0,0,0,0,0,0,0,"N",0.42,0,0,0,0,0,0,0,"N",1,25.0,0,0,0,0,0,0,0,0,0,0,0,0,0,0
"13089","5","237210","78","0","2023","4","N",5,0,0,0,0,0,0,0,"N",0.42,0,0,0,0,0,0,0,"N",1,25.0,0,0,0,0,0,0,0,0,0,0,0,0,0,0
"13089","5","2373","76","0","2023","4","",15,719,699,676,15451536,782054,11150,1703,"",0.62,0.91,0.92,0.95,0.83,0.96,0.45,0.90,"",1,7.1,55,8.3,34,5.1,30,4.6,1500042,10.8,-46661,-5.6,-2278,-17.0,73,4.5
"13089","5","23731","77","0","2023","4","",15,719,699,676,15451536,782054,11150,1703,"",0.62,0.91,0.92,0.95,0.83,0.96,0.45,0.90,"",1,7.1,55,8.3,34,5.1,30,4.6,1500042,10.8,-46661,-5.6,-2278,-17.0,73,4.5
"13089","5","237310","78","0","2023","4","",15,719,699,676,15451536,782054,11150,1703,"",0.62,0.91,0.92,0.95,0.83,0.96,0.45,0.90,"",1,7.1,55,8.3,34,5.1,30,4.6,1500042,10.8,-46661,-5.6,-2278,-17.0,73,4.5
"13089","5","2379","76","0","2023","4","N",1,0,0,0,0,0,0,0,"N",0.05,0,0,0,0,0,0,0,"N",-2,-66.7,0,0,0,0,0,0,0,0,0,0,0,0,0,0
"13089","5","23799","77","0","2023","4","N",1,0,0,0,0,0,0,0,"N",0.05,0,0,0,0,0,0,0,"N",-2,-66.7,0,0,0,0,0,0,0,0,0,0,0,0,0,0
"13089","5","237990","78","0","2023","4","N",1,0,0,0,0,0,0,0,"N",0.05,0,0,0,0,0,0,0,"N",-2,-66.7,0,0,0,0,0,0,0,0,0,0,0,0,0,0
"13089","5","238","75","0","2023","4","",532,6649,6704,6724,152212329,7228090,92340,1750,"",0.46,0.63,0.64,0.65,0.73,0.55,0.37,1.14,"",-29,-5.2,57,0.9,167,2.6,610,10.0,23635388,18.4,-4296206,-37.3,-38113,-29.2,208,13.5
"13089","5","2381","76","0","2023","4","",94,936,908,910,29073391,656039,9218,2436,"",0.41,0.46,0.45,0.46,0.76,0.23,0.17,1.68,"",-8,-7.8,-39,-4.0,-48,-5.0,-41,-4.3,9706562,50.1,-1840544,-73.7,-18065,-66.2,885,57.1
"13089","5","23811","77","0","2023","4","",20,170,165,163,3576650,137809,2060,1657,"",0.41,0.32,0.31,0.32,0.36,0.19,0.14,1.12,"",3,17.6,84,97.7,80,94.1,80,96.4,2162083,152.8,-5268,-3.7,-2090,-50.4,372,28.9
"13089","5","238111","78","0","2023","4","N",11,0,0,0,0,0,0,0,"N",0.31,0,0,0,0,0,0,0,"N",1,10.0,0,0,0,0,0,0,0,0,0,0,0,0,0,0
"13089","5","238112","78","0","2023","4","N",9,0,0,0,0,0,0,0,"N",0.70,0,0,0,0,0,0,0,"N",2,28.6,0,0,0,0,0,0,0,0,0,0,0,0,0,0
"13089","5","23812","77","0","2023","4","N",4,0,0,0,0,0,0,0,"N",0.36,0,0,0,0,0,0,0,"N",-2,-33.3,0,0,0,0,0,0,0,0,0,0,0,0,0,0
"13089","5","238122","78","0","2023","4","N",4,0,0,0,0,0,0,0,"N",0.50,0,0,0,0,0,0,0,"N",-2,-33.3,0,0,0,0,0,0,0,0,0,0,0,0,0,0
"13089","5","23813","77","0","2023","4","N",3,0,0,0,0,0,0,0,"N",0.13,0,0,0,0,0,0,0,"N",-1,-25.0,0,0,0,0,0,0,0,0,0,0,0,0,0,0
"13089","5","238131","78","0","2023","4","N",2,0,0,0,0,0,0,0,"N",0.10,0,0,0,0,0,0,0,"N",0,0.0,0,0,0,0,0,0,0,0,0,0,0,0,0,0
"13089","5","238132","78","0","2023","4","N",1,0,0,0,0,0,0,0,"N",0.32,0,0,0,0,0,0,0,"N",-1,-50.0,0,0,0,0,0,0,0,0,0,0,0,0,0,0
"13089","5","23814","77","0","2023","4","",12,129,123,124,2689630,60884,3198,1651,"",0.31,0.43,0.41,0.43,0.54,0.14,0.32,1.27,"",-4,-25.0,-3,-2.3,-12,-8.9,-10,-7.5,440617,19.6,-12013,-16.5,-258,-7.5,357,27.6
"13089","5","238141","78","0","2023","4","",3,3,3,3,31000,16000,518,795,"",0.10,0.02,0.02,0.02,0.01,0.07,0.13,0.70,"N",-3,-50.0,0,0,0,0,0,0,0,0,0,0,0,0,0,0
"13089","5","238142","78","0","2023","4","",9,126,120,121,2658630,44884,2680,1672,"",0.95,0.85,0.82,0.86,0.96,0.23,0.44,1.13,"N",-1,-10.0,0,0,0,0,0,0,0,0,0,0,0,0,0,0
"13089","5","23815","77","0","2023","4","",10,237,236,237,6547431,170106,1817,2128,"",0.64,1.58,1.57,1.57,2.18,1.02,0.55,1.39,"",1,11.1,-10,-4.0,-12,-4.8,-2,-0.8,2234695,51.8,-1623830,-90.5,-13322,-88.0,772,56.9
"13089","5","238151","78","0","2023","4","N",5,0,0,0,0,0,0,0,"N",0.55,0,0,0,0,0,0,0,"N",1,25.0,0,0,0,0,0,0,0,0,0,0,0,0,0,0
"13089","5","238152","78","0","2023","4","N",5,0,0,0,0,0,0,0,"N",0.78,0,0,0,0,0,0,0,"N",0,0.0,0,0,0,0,0,0,0,0,0,0,0,0,0,0
"13089","5","23816","77","0","2023","4","",36,252,237,237,13403518,202548,1733,4260,"",0.60,0.50,0.47,0.48,1.36,0.31,0.15,2.83,"",-5,-12.2,-52,-17.1,-60,-20.2,-66,-21.8,6155515,84.9,-108338,-34.8,-2164,-55.5,2410,130.3
"13089","5","238161","78","0","2023","4","",24,110,110,112,4906232,42404,473,3410,"",0.50,0.41,0.41,0.42,1.04,0.11,0.08,2.51,"",-5,-17.2,-18,-14.1,-15,-12.0,-14,-11.1,1178580,31.6,-25063,-37.1,-1020,-68.3,1140,50.2
"13089","5","238162","78","0","2023","4","",12,142,127,125,8497286,160144,1260,4977,"",0.98,0.60,0.54,0.54,1.67,0.64,0.23,2.99,"",0,0.0,-34,-19.3,-45,-26.2,-52,-29.4,4976935,141.4,-83275,-34.2,-1144,-47.6,3430,221.7
"13089","5","23817","77","0","2023","4","N",4,0,0,0,0,0,0,0,"N",0.23,0,0,0,0,0,0,0,"N",1,33.3,0,0,0,0,0,0,0,0,0,0,0,0,0,0
"13089","5","238171","78","0","2023","4","N",3,0,0,0,0,0,0,0,"N",0.19,0,0,0,0,0,0,0,"N",1,50.0,0,0,0,0,0,0,0,0,0,0,0,0,0,0
"13089","5","238172","78","0","2023","4","N",1,0,0,0,0,0,0,0,"N",0.87,0,0,0,0,0,0,0,"N",0,0.0,0,0,0,0,0,0,0,0,0,0,0,0,0,0
"13089","5","23819","77","0","2023","4","N",5,0,0,0,0,0,0,0,"N",0.31,0,0,0,0,0,0,0,"N",-1,-16.7,0,0,0,0,0,0,0,0,0,0,0,0,0,0
"13089","5","238192","78","0","2023","4","N",5,0,0,0,0,0,0,0,"N",0.75,0,0,0,0,0,0,0,"N",-1,-16.7,0,0,0,0,0,0,0,0,0,0,0,0,0,0
"13089","5","2382","76","0","2023","4","",253,4125,4181,4228,92139932,4904764,65095,1696,"",0.55,0.81,0.82,0.83,0.85,0.84,0.60,1.04,"",-16,-5.9,-96,-2.3,-8,-0.2,471,12.5,7820159,9.3,-1847419,-27.4,-5106,-7.3,97,6.1
"13089","5","23821","77","0","2023","4","",110,1036,1056,1058,20753211,1345732,22451,1520,"",0.56,0.48,0.48,0.48,0.44,0.51,0.44,0.91,"",-13,-10.6,-322,-23.7,-257,-19.6,168,18.9,-335694,-1.6,-2471290,-64.7,-4223,-15.8,153,11.2
"13089","5","238211","78","0","2023","4","",45,382,380,385,6837996,474333,5921,1376,"",0.38,0.52,0.51,0.52,0.52,0.47,0.41,1.00,"",-8,-15.1,106,38.4,99,35.2,113,41.5,2276841,49.9,-140049,-22.8,-6444,-52.1,106,8.3
"13089","5","238212","78","0","2023","4","",65,654,676,673,13915215,871399,16530,1603,"",0.85,0.45,0.47,0.46,0.41,0.53,0.45,0.88,"",-5,-7.1,-428,-39.6,-356,-34.5,55,8.9,-2612535,-15.8,-2331241,-72.8,2221,15.5,207,14.8
"13089","5","23822","77","0","2023","4","",125,2815,2850,2842,62189859,3321169,41505,1687,"",0.52,1.09,1.11,1.10,1.18,1.17,0.85,1.07,"",-3,-2.3,227,8.8,265,10.3,248,9.6,8249411,15.3,857440,34.8,1911,4.8,84,5.2
"13089","5","238221","78","0","2023","4","",75,434,435,423,6551575,388056,7487,1170,"",0.41,0.32,0.32,0.31,0.28,0.25,0.36,0.87,"",-4,-5.1,7,1.6,16,3.8,11,2.7,-101119,-1.5,72123,22.8,4094,120.7,-50,-4.1
"13089","5","238222","78","0","2023","4","",50,2381,2415,2419,55638284,2933113,34018,1780,"",0.86,1.95,1.97,1.97,1.91,2.30,1.20,0.97,"",1,2.0,220,10.2,249,11.5,237,10.9,8350530,17.7,785317,36.6,-2183,-6.0,103,6.1
"13089","5","23829","77","0","2023","4","",18,274,275,328,9196862,237863,1139,2420,"",0.73,0.87,0.87,1.04,1.16,0.67,0.14,1.25,"",0,0.0,-1,-0.4,-16,-5.5,55,20.1,-93558,-1.0,-233569,-49.5,-2794,-71.0,-135,-5.3
"13089","5","238291","78","0","2023","4","N",1,0,0,0,0,0,0,0,"N",0.16,0,0,0,0,0,0,0,"N",0,0.0,0,0,0,0,0,0,0,0,0,0,0,0,0,0
"13089","5","238292","78","0","2023","4","N",17,0,0,0,0,0,0,0,"N",0.92,0,0,0,0,0,0,0,"N",0,0.0,0,0,0,0,0,0,0,0,0,0,0,0,0,0
"13089","5","2383","76","0","2023","4","",137,1071,1121,1104,20751541,1067849,6982,1453,"",0.50,0.62,0.65,0.65,0.70,0.44,0.16,1.09,"",-4,-2.8,112,11.7,179,19.0,144,15.0,3840694,22.7,-155946,-12.7,-2427,-25.8,89,6.5
"13089","5","23831","77","0","2023","4","",18,159,165,161,3143885,117380,1115,1496,"",0.41,0.31,0.32,0.32,0.33,0.16,0.07,1.03,"",0,0.0,93,140.9,97,142.6,93,136.8,1726471,121.8,97230,482.5,894,404.5,-123,-7.6
"13089","5","238311","78","0","2023","4","",10,22,25,22,689733,3450,84,2307,"",0.31,0.09,0.10,0.09,0.17,0.01,0.01,1.87,"",1,11.1,-1,-4.3,1,4.2,-2,-8.3,154998,29.0,3450,100.0,84,100.0,569,32.7
"13089","5","238312","78","0","2023","4","",8,137,140,139,2454152,113930,1031,1361,"",0.66,0.52,0.53,0.53,0.43,0.33,0.11,0.82,"",-1,-11.1,94,218.6,96,218.2,95,215.9,1571473,178.0,93780,465.4,810,366.5,-194,-12.5
"13089","5","23832","77","0","2023","4","",49,318,311,311,6778032,271229,3316,1664,"",0.58,0.74,0.74,0.76,1.05,0.43,0.30,1.40,"",-3,-5.8,16,5.3,19,6.5,12,4.0,961057,16.5,38832,16.7,706,27.0,161,10.7
"13089","5","238321","78","0","2023","4","",38,139,134,132,2266374,112712,1326,1291,"",0.54,0.51,0.51,0.51,0.64,0.26,0.22,1.26,"",-4,-9.5,4,3.0,5,3.9,0,0.0,29179,1.3,14747,15.1,392,42.0,-13,-1.0
"13089","5","238322","78","0","2023","4","",11,179,177,179,4511658,158517,1990,1946,"",0.83,1.15,1.15,1.19,1.54,0.78,0.38,1.33,"",1,10.0,12,7.2,14,8.6,12,7.2,931878,26.0,24085,17.9,314,18.7,284,17.1
"13089","5","23833","77","0","2023","4","",20,92,94,92,2048253,63888,374,1700,"",0.51,0.55,0.57,0.56,0.70,0.30,0.11,1.25,"",-1,-4.8,-4,-4.2,-3,-3.1,-10,-9.8,-109653,-5.1,-43392,-40.4,-1597,-81.0,12,0.7
"13089","5","238331","78","0","2023","4","",14,64,66,64,1525653,54499,268,1815,"",0.44,0.58,0.60,0.59,0.91,0.36,0.13,1.54,"",0,0.0,-1,-1.5,3,4.8,-6,-8.6,-29394,-1.9,-12927,-19.2,-1275,-82.6,3,0.2
"13089","5","238332","78","0","2023","4","",6,28,28,28,522600,9389,106,1436,"",0.88,0.49,0.49,0.49,0.42,0.16,0.08,0.84,"",-1,-14.3,-3,-9.7,-6,-17.6,-4,-12.5,-80259,-13.3,-30465,-76.4,-322,-75.2,2,0.1
"13089","5","23834","77","0","2023","4","",10,40,42,42,1036567,18186,48,1929,"",0.47,0.35,0.37,0.37,0.55,0.12,0.02,1.52,"",0,0.0,-7,-14.9,-4,-8.7,-4,-8.7,438738,73.4,-15201,-45.5,-505,-91.3,936,94.3
"13089","5","238341","78","0","2023","4","N",9,0,0,0,0,0,0,0,"N",0.48,0,0,0,0,0,0,0,"N",0,0.0,0,0,0,0,0,0,0,0,0,0,0,0,0,0
"13089","5","238342","78","0","2023","4","N",1,0,0,0,0,0,0,0,"N",0.40,0,0,0,0,0,0,0,"N",0,0.0,0,0,0,0,0,0,0,0,0,0,0,0,0,0
"13089","5","23835","77","0","2023","4","",25,114,113,105,1646028,119304,1609,1144,"",0.38,0.35,0.34,0.32,0.29,0.27,0.24,0.87,"",3,13.6,10,9.6,9,8.7,-7,-6.2,67387,4.3,-45483,-27.6,-481,-23.0,6,0.5
"13089","5","238351","78","0","2023","4","N",23,0,0,0,0,0,0,0,"N",0.40,0,0,0,0,0,0,0,"N",2,9.5,0,0,0,0,0,0,0,0,0,0,0,0,0,0
"13089","5","238352","78","0","2023","4","N",2,0,0,0,0,0,0,0,"N",0.27,0,0,0,0,0,0,0,"N",1,100.0,0,0,0,0,0,0,0,0,0,0,0,0,0,0
"13089","5","23839","77","0","2023","4","",15,348,396,393,6098776,477862,520,1238,"",0.70,1.92,2.21,2.28,1.89,2.14,0.11,0.89,"",-3,-16.7,4,1.2,61,18.2,60,18.0,756694,14.2,-187932,-28.2,-1444,-73.5,20,1.6
"13089","5","238391","78","0","2023","4","",8,102,137,132,1270234,48578,188,790,"",0.65,1.32,1.78,1.76,0.98,0.53,0.14,0.61,"",-2,-20.0,17,20.0,56,69.1,56,73.7,295762,30.4,-33307,-40.7,-339,-64.3,-139,-15.0
"13089","5","238392","78","0","2023","4","",7,246,259,261,4828542,429284,332,1455,"",0.78,2.37,2.53,2.69,2.49,3.28,0.10,0.99,"",-1,-12.5,-13,-5.0,5,2.0,4,1.6,460932,10.6,-154625,-26.5,-1105,-76.9,146,11.2
"13089","5","2389","76","0","2023","4","",48,517,494,482,10247465,599438,11045,1584,"",0.25,0.32,0.31,0.31,0.33,0.29,0.25,1.05,"",-1,-2.0,80,18.3,44,9.8,36,8.1,2267973,28.4,-452297,-43.0,-12515,-53.1,203,14.7
"13089","5","23891","77","0","2023","4","",14,193,187,175,3225436,188908,2626,1341,"",0.17,0.24,0.23,0.22,0.20,0.18,0.13,0.88,"",-4,-22.2,32,19.9,14,8.1,5,2.9,409319,14.5,-177454,-48.4,-4048,-60.7,52,4.0
"13089","5","238911","78","0","2023","4","",5,41,34,36,732185,37715,1208,1522,"",0.10,0.13,0.11,0.12,0.14,0.08,0.15,1.14,"",-1,-16.7,8,24.2,-5,-12.8,1,2.9,154592,26.8,7525,24.9,382,46.2,276,22.2
"13089","5","238912","78","0","2023","4","",9,152,153,139,2493251,151193,1418,1296,"",0.26,0.30,0.30,0.28,0.23,0.26,0.11,0.79,"",-3,-25.0,24,18.8,19,14.2,4,3.0,254727,11.4,-184979,-55.0,-4430,-75.8,-5,-0.4
"13089","5","23899","77","0","2023","4","",34,324,307,307,7022029,410530,8419,1728,"",0.31,0.40,0.39,0.41,0.46,0.41,0.36,1.17,"",3,9.7,48,17.4,30,10.8,31,11.2,1858654,36.0,-274843,-40.1,-8467,-50.1,291,20.3
"13089","5","238991","78","0","2023","4","",16,75,88,90,1601597,179835,3515,1461,"",0.21,0.18,0.22,0.24,0.24,0.36,0.33,1.13,"",3,23.1,12,19.0,27,44.3,32,55.2,479070,42.7,115116,177.9,2203,167.9,38,2.7
"13089","5","238992","78","0","2023","4","",18,249,219,217,5420432,230695,4904,1826,"",0.50,0.61,0.55,0.57,0.63,0.46,0.38,1.09,"",0,0.0,36,16.9,3,1.4,-1,-0.5,1379584,34.1,-389959,-62.8,-10670,-68.5,385,26.7
"13089","5","31-33","74","0","2023","4","",599,13864,13821,13818,254611677,12823002,163656,1416,"",0.76,0.53,0.53,0.53,0.44,0.61,0.68,0.84,"",5,0.8,724,5.5,717,5.5,858,6.6,39002977,18.1,1289460,11.2,6330,4.0,147,11.6
"13089","5","311","75","0","2023","4","",82,3266,3277,3199,45020693,5321406,66051,1066,"",1.00,0.92,0.92,0.90,0.81,1.27,1.46,0.89,"",-2,-2.4,100,3.2,138,4.4,156,5.1,1851459,4.3,1238545,30.3,4482,7.3,0,0.0
"13089","5","3111","76","0","2023","4","",5,37,43,45,427078,53663,1647,788,"",0.89,0.25,0.29,0.30,0.15,0.40,1.34,0.52,"",-1,-16.7,-18,-32.7,-9,-17.3,-13,-22.4,-155203,-26.7,-20052,-27.2,-646,-28.2,-26,-3.2
"13089","5","31111","77","0","2023","4","",5,37,43,45,427078,53663,1647,788,"",0.89,0.25,0.29,0.30,0.15,0.40,1.34,0.52,"",-1,-16.7,-18,-32.7,-9,-17.3,-13,-22.4,-155203,-26.7,-20052,-27.2,-646,-28.2,-26,-3.2
"13089","5","311111","78","0","2023","4","N",2,0,0,0,0,0,0,0,"N",1.10,0,0,0,0,0,0,0,"N",-1,-33.3,0,0,0,0,0,0,0,0,0,0,0,0,0,0
"13089","5","311119","78","0","2023","4","N",3,0,0,0,0,0,0,0,"N",0.78,0,0,0,0,0,0,0,"N",0,0.0,0,0,0,0,0,0,0,0,0,0,0,0,0,0
"13089","5","3112","76","0","2023","4","N",1,0,0,0,0,0,0,0,"N",0.42,0,0,0,0,0,0,0,"N",0,0.0,0,0,0,0,0,0,0,0,0,0,0,0,0,0
"13089","5","31122","77","0","2023","4","N",1,0,0,0,0,0,0,0,"N",0.98,0,0,0,0,0,0,0,"N",0,0.0,0,0,0,0,0,0,0,0,0,0,0,0,0,0
"13089","5","311224","78","0","2023","4","N",1,0,0,0,0,0,0,0,"N",2.03,0,0,0,0,0,0,0,"N",0,0.0,0,0,0,0,0,0,0,0,0,0,0,0,0,0
"13089","5","3113","76","0","2023","4","N",3,0,0,0,0,0,0,0,"N",0.65,0,0,0,0,0,0,0,"N",0,0.0,0,0,0,0,0,0,0,0,0,0,0,0,0,0
"13089","5","31131","77","0","2023","4","N",1,0,0,0,0,0,0,0,"N",4.59,0,0,0,0,0,0,0,"N",0,0.0,0,0,0,0,0,0,0,0,0,0,0,0,0,0
"13089","5","311314","78","0","2023","4","N",1,0,0,0,0,0,0,0,"N",6.56,0,0,0,0,0,0,0,"N",0,0.0,0,0,0,0,0,0,0,0,0,0,0,0,0,0
"13089","5","31135","77","0","2023","4","N",2,0,0,0,0,0,0,0,"N",0.66,0,0,0,0,0,0,0,"N",0,0.0,0,0,0,0,0,0,0,0,0,0,0,0,0,0
"13089","5","311352","78","0","2023","4","N",2,0,0,0,0,0,0,0,"N",0.85,0,0,0,0,0,0,0,"N",0,0.0,0,0,0,0,0,0,0,0,0,0,0,0,0,0
"13089","5","3114","76","0","2023","4","N",3,0,0,0,0,0,0,0,"N",0.54,0,0,0,0,0,0,0,"N",-1,-25.0,0,0,0,0,0,0,0,0,0,0,0,0,0,0
"13089","5","31141","77","0","2023","4","N",1,0,0,0,0,0,0,0,"N",0.43,0,0,0,0,0,0,0,"N",-1,-50.0,0,0,0,0,0,0,0,0,0,0,0,0,0,0
"13089","5","311411","78","0","2023","4","N",1,0,0,0,0,0,0,0,"N",1.55,0,0,0,0,0,0,0,"N",0,0.0,0,0,0,0,0,0,0,0,0,0,0,0,0,0
"13089","5","31142","77","0","2023","4","N",2,0,0,0,0,0,0,0,"N",0.61,0,0,0,0,0,0,0,"N",0,0.0,0,0,0,0,0,0,0,0,0,0,0,0,0,0
"13089","5","311421","78","0","2023","4","N",2,0,0,0,0,0,0,0,"N",0.87,0,0,0,0,0,0,0,"N",0,0.0,0,0,0,0,0,0,0,0,0,0,0,0,0,0
"13089","5","3115","76","0","2023","4","N",4,0,0,0,0,0,0,0,"N",0.76,0,0,0,0,0,0,0,"N",-2,-33.3,0,0,0,0,0,0,0,0,0,0,0,0,0,0
"13089","5","31151","77","0","2023","4","N",2,0,0,0,0,0,0,0,"N",0.57,0,0,0,0,0,0,0,"N",-1,-33.3,0,0,0,0,0,0,0,0,0,0,0,0,0,0
"13089","5","311512","78","0","2023","4","N",1,0,0,0,0,0,0,0,"N",8.02,0,0,0,0,0,0,0,"N",0,0.0,0,0,0,0,0,0,0,0,0,0,0,0,0,0
"13089","5","311514","78","0","2023","4","N",1,0,0,0,0,0,0,0,"N",1.92,0,0,0,0,0,0,0,"N",0,0.0,0,0,0,0,0,0,0,0,0,0,0,0,0,0
"13089","5","31152","77","0","2023","4","N",2,0,0,0,0,0,0,0,"N",1.13,0,0,0,0,0,0,0,"N",-1,-33.3,0,0,0,0,0,0,0,0,0,0,0,0,0,0
"13089","5","311520","78","0","2023","4","N",2,0,0,0,0,0,0,0,"N",1.13,0,0,0,0,0,0,0,"N",-1,-33.3,0,0,0,0,0,0,0,0,0,0,0,0,0,0
"13089","5","3116","76","0","2023","4","N",3,0,0,0,0,0,0,0,"N",0.33,0,0,0,0,0,0,0,"N",0,0.0,0,0,0,0,0,0,0,0,0,0,0,0,0,0
"13089","5","31161","77","0","2023","4","N",3,0,0,0,0,0,0,0,"N",0.33,0,0,0,0,0,0,0,"N",0,0.0,0,0,0,0,0,0,0,0,0,0,0,0,0,0
"13089","5","311611","78","0","2023","4","N",1,0,0,0,0,0,0,0,"N",0.32,0,0,0,0,0,0,0,"N",0,0.0,0,0,0,0,0,0,0,0,0,0,0,0,0,0
"13089","5","311612","78","0","2023","4","N",2,0,0,0,0,0,0,0,"N",0.51,0,0,0,0,0,0,0,"N",0,0.0,0,0,0,0,0,0,0,0,0,0,0,0,0,0
"13089","5","3117","76","0","2023","4","-",0,0,0,0,0,0,0,0,"N",0.00,0,0,0,0,0,0,0,"N",-1,-100.0,0,0,0,0,0,0,0,0,0,0,0,0,0,0
"13089","5","31171","77","0","2023","4","-",0,0,0,0,0,0,0,0,"N",0.00,0,0,0,0,0,0,0,"N",-1,-100.0,0,0,0,0,0,0,0,0,0,0,0,0,0,0
"13089","5","311710","78","0","2023","4","-",0,0,0,0,0,0,0,0,"N",0.00,0,0,0,0,0,0,0,"N",-1,-100.0,0,0,0,0,0,0,0,0,0,0,0,0,0,0
"13089","5","3118","76","0","2023","4","",45,1462,1480,1469,20272379,1511771,10626,1061,"",1.44,2.12,2.12,2.09,2.26,1.77,1.09,1.07,"",3,7.1,26,1.8,76,5.4,70,5.0,-387095,-1.9,164775,12.2,-4571,-30.1,-64,-5.7
"13089","5","31181","77","0","2023","4","N",42,0,0,0,0,0,0,0,"N",1.52,0,0,0,0,0,0,0,"N",3,7.7,0,0,0,0,0,0,0,0,0,0,0,0,0,0
"13089","5","311811","78","0","2023","4","",20,265,269,271,2609485,330421,2047,748,"",1.08,1.28,1.28,1.26,1.59,1.12,0.59,1.25,"",1,5.3,139,110.3,141,110.2,148,120.3,1678949,180.4,205920,165.4,1137,124.9,178,31.2
"13089","5","311812","78","0","2023","4","",21,976,989,977,15087330,995472,3607,1183,"",2.48,3.32,3.33,3.28,3.43,2.81,0.89,1.04,"",2,10.5,-117,-10.7,-83,-7.7,-97,-9.0,-2316217,-13.3,99661,11.1,-1867,-34.1,-57,-4.6
"13089","5","311813","78","0","2023","4","N",1,0,0,0,0,0,0,0,"N",1.68,0,0,0,0,0,0,0,"N",0,0.0,0,0,0,0,0,0,0,0,0,0,0,0,0,0
"13089","5","31182","77","0","2023","4","N",3,0,0,0,0,0,0,0,"N",1.19,0,0,0,0,0,0,0,"N",0,0.0,0,0,0,0,0,0,0,0,0,0,0,0,0,0
"13089","5","311821","78","0","2023","4","N",1,0,0,0,0,0,0,0,"N",0.66,0,0,0,0,0,0,0,"N",0,0.0,0,0,0,0,0,0,0,0,0,0,0,0,0,0
"13089","5","311824","78","0","2023","4","N",2,0,0,0,0,0,0,0,"N",2.00,0,0,0,0,0,0,0,"N",0,0.0,0,0,0,0,0,0,0,0,0,0,0,0,0,0
"13089","5","3119","76","0","2023","4","",18,1207,1190,1139,14535713,3235193,48536,949,"",1.10,2.27,2.22,2.12,1.59,5.28,6.31,0.72,"",0,0.0,97,8.7,92,8.4,109,10.6,1857600,14.7,1074169,49.7,10127,26.4,45,5.0
"13089","5","31191","77","0","2023","4","N",4,0,0,0,0,0,0,0,"N",1.84,0,0,0,0,0,0,0,"N",1,33.3,0,0,0,0,0,0,0,0,0,0,0,0,0,0
"13089","5","311911","78","0","2023","4","N",2,0,0,0,0,0,0,0,"N",2.99,0,0,0,0,0,0,0,"N",0,0.0,0,0,0,0,0,0,0,0,0,0,0,0,0,0
"13089","5","311919","78","0","2023","4","N",2,0,0,0,0,0,0,0,"N",1.33,0,0,0,0,0,0,0,"N",1,100.0,0,0,0,0,0,0,0,0,0,0,0,0,0,0
"13089","5","31192","77","0","2023","4","N",4,0,0,0,0,0,0,0,"N",1.22,0,0,0,0,0,0,0,"N",1,33.3,0,0,0,0,0,0,0,0,0,0,0,0,0,0
"13089","5","311920","78","0","2023","4","N",4,0,0,0,0,0,0,0,"N",1.22,0,0,0,0,0,0,0,"N",1,33.3,0,0,0,0,0,0,0,0,0,0,0,0,0,0
"13089","5","31193","77","0","2023","4","N",1,0,0,0,0,0,0,0,"N",1.52,0,0,0,0,0,0,0,"N",0,0.0,0,0,0,0,0,0,0,0,0,0,0,0,0,0
"13089","5","311930","78","0","2023","4","N",1,0,0,0,0,0,0,0,"N",1.52,0,0,0,0,0,0,0,"N",0,0.0,0,0,0,0,0,0,0,0,0,0,0,0,0,0
"13089","5","31194","77","0","2023","4","N",3,0,0,0,0,0,0,0,"N",1.22,0,0,0,0,0,0,0,"N",1,50.0,0,0,0,0,0,0,0,0,0,0,0,0,0,0
"13089","5","311941","78","0","2023","4","N",1,0,0,0,0,0,0,0,"N",0.99,0,0,0,0,0,0,0,"N",1,100.0,0,0,0,0,0,0,0,0,0,0,0,0,0,0
"13089","5","311942","78","0","2023","4","N",2,0,0,0,0,0,0,0,"N",1.37,0,0,0,0,0,0,0,"N",0,0.0,0,0,0,0,0,0,0,0,0,0,0,0,0,0
"13089","5","31199","77","0","2023","4","N",6,0,0,0,0,0,0,0,"N",0.77,0,0,0,0,0,0,0,"N",-3,-33.3,0,0,0,0,0,0,0,0,0,0,0,0,0,0
"13089","5","311991","78","0","2023","4","N",5,0,0,0,0,0,0,0,"N",1.38,0,0,0,0,0,0,0,"N",-3,-37.5,0,0,0,0,0,0,0,0,0,0,0,0,0,0
"13089","5","311999","78","0","2023","4","N",1,0,0,0,0,0,0,0,"N",0.24,0,0,0,0,0,0,0,"N",0,0.0,0,0,0,0,0,0,0,0,0,0,0,0,0,0
"13089","5","312","75","0","2023","4","",23,792,782,832,12040831,934665,20944,1155,"",0.69,1.13,1.14,1.23,1.18,1.33,2.18,1.01,"",3,15.0,51,6.9,58,8.0,90,12.1,2562300,27.0,116446,14.2,2173,11.6,164,16.5
"13089","5","3121","76","0","2023","4","N",21,0,0,0,0,0,0,0,"N",0.65,0,0,0,0,0,0,0,"N",3,16.7,0,0,0,0,0,0,0,0,0,0,0,0,0,0
"13089","5","31211","77","0","2023","4","",6,581,570,618,9337559,683361,16478,1218,"",1.14,2.57,2.54,2.75,2.47,3.64,6.69,0.94,"",0,0.0,81,16.2,80,16.3,112,22.1,2534366,37.3,172054,33.6,4903,42.4,169,16.1
"13089","5","312111","78","0","2023","4","N",4,0,0,0,0,0,0,0,"N",1.55,0,0,0,0,0,0,0,"N",0,0.0,0,0,0,0,0,0,0,0,0,0,0,0,0,0
"13089","5","312112","78","0","2023","4","N",1,0,0,0,0,0,0,0,"N",0.64,0,0,0,0,0,0,0,"N",0,0.0,0,0,0,0,0,0,0,0,0,0,0,0,0,0
"13089","5","312113","78","0","2023","4","N",1,0,0,0,0,0,0,0,"N",0.91,0,0,0,0,0,0,0,"N",0,0.0,0,0,0,0,0,0,0,0,0,0,0,0,0,0
"13089","5","31212","77","0","2023","4","",11,129,128,129,1112928,182985,3562,665,"",0.91,0.57,0.58,0.58,0.42,0.69,1.12,0.72,"",1,10.0,-35,-21.3,-31,-19.5,-32,-19.9,-195214,-14.9,-83420,-31.3,-3017,-45.9,41,6.6
"13089","5","312120","78","0","2023","4","",11,129,128,129,1112928,182985,3562,665,"",0.91,0.57,0.58,0.58,0.42,0.69,1.12,0.72,"",1,10.0,-35,-21.3,-31,-19.5,-32,-19.9,-195214,-14.9,-83420,-31.3,-3017,-45.9,41,6.6
"13089","5","31213","77","0","2023","4","N",2,0,0,0,0,0,0,0,"N",0.18,0,0,0,0,0,0,0,"N",1,100.0,0,0,0,0,0,0,0,0,0,0,0,0,0,0
"13089","5","312130","78","0","2023","4","N",2,0,0,0,0,0,0,0,"N",0.18,0,0,0,0,0,0,0,"N",1,100.0,0,0,0,0,0,0,0,0,0,0,0,0,0,0
"13089","5","31214","77","0","2023","4","N",2,0,0,0,0,0,0,0,"N",0.56,0,0,0,0,0,0,0,"N",1,100.0,0,0,0,0,0,0,0,0,0,0,0,0,0,0
"13089","5","312140","78","0","2023","4","N",2,0,0,0,0,0,0,0,"N",0.56,0,0,0,0,0,0,0,"N",1,100.0,0,0,0,0,0,0,0,0,0,0,0,0,0,0
"13089","5","3122","76","0","2023","4","N",2,0,0,0,0,0,0,0,"N",2.14,0,0,0,0,0,0,0,"N",0,0.0,0,0,0,0,0,0,0,0,0,0,0,0,0,0
"13089","5","31223","77","0","2023","4","N",2,0,0,0,0,0,0,0,"N",2.14,0,0,0,0,0,0,0,"N",0,0.0,0,0,0,0,0,0,0,0,0,0,0,0,0,0
"13089","5","312230","78","0","2023","4","N",2,0,0,0,0,0,0,0,"N",2.14,0,0,0,0,0,0,0,"N",0,0.0,0,0,0,0,0,0,0,0,0,0,0,0,0,0
"13089","5","313","75","0","2023","4","N",3,0,0,0,0,0,0,0,"N",0.55,0,0,0,0,0,0,0,"N",1,50.0,0,0,0,0,0,0,0,0,0,0,0,0,0,0
"13089","5","3133","76","0","2023","4","N",3,0,0,0,0,0,0,0,"N",1.17,0,0,0,0,0,0,0,"N",1,50.0,0,0,0,0,0,0,0,0,0,0,0,0,0,0
"13089","5","31331","77","0","2023","4","N",3,0,0,0,0,0,0,0,"N",1.39,0,0,0,0,0,0,0,"N",1,50.0,0,0,0,0,0,0,0,0,0,0,0,0,0,0
"13089","5","313310","78","0","2023","4","N",3,0,0,0,0,0,0,0,"N",1.39,0,0,0,0,0,0,0,"N",1,50.0,0,0,0,0,0,0,0,0,0,0,0,0,0,0
"13089","5","314","75","0","2023","4","",14,202,195,191,2474984,133782,1232,971,"",1.11,1.01,0.97,0.95,0.88,0.74,0.69,0.90,"",1,7.7,29,16.8,24,14.0,20,11.7,177229,7.7,-5132,-3.7,-381,-23.6,-59,-5.7
"13089","5","3141","76","0","2023","4","N",4,0,0,0,0,0,0,0,"N",1.28,0,0,0,0,0,0,0,"N",0,0.0,0,0,0,0,0,0,0,0,0,0,0,0,0,0
"13089","5","31411","77","0","2023","4","N",1,0,0,0,0,0,0,0,"N",1.17,0,0,0,0,0,0,0,"N",0,0.0,0,0,0,0,0,0,0,0,0,0,0,0,0,0
"13089","5","314110","78","0","2023","4","N",1,0,0,0,0,0,0,0,"N",1.17,0,0,0,0,0,0,0,"N",0,0.0,0,0,0,0,0,0,0,0,0,0,0,0,0,0
"13089","5","31412","77","0","2023","4","N",3,0,0,0,0,0,0,0,"N",1.32,0,0,0,0,0,0,0,"N",0,0.0,0,0,0,0,0,0,0,0,0,0,0,0,0,0
"13089","5","314120","78","0","2023","4","N",3,0,0,0,0,0,0,0,"N",1.32,0,0,0,0,0,0,0,"N",0,0.0,0,0,0,0,0,0,0,0,0,0,0,0,0,0
"13089","5","3149","76","0","2023","4","N",10,0,0,0,0,0,0,0,"N",1.05,0,0,0,0,0,0,0,"N",1,11.1,0,0,0,0,0,0,0,0,0,0,0,0,0,0
"13089","5","31491","77","0","2023","4","N",2,0,0,0,0,0,0,0,"N",0.60,0,0,0,0,0,0,0,"N",0,0.0,0,0,0,0,0,0,0,0,0,0,0,0,0,0
"13089","5","314910","78","0","2023","4","N",2,0,0,0,0,0,0,0,"N",0.60,0,0,0,0,0,0,0,"N",0,0.0,0,0,0,0,0,0,0,0,0,0,0,0,0,0
"13089","5","31499","77","0","2023","4","",8,149,143,141,1636014,105770,1063,872,"",1.29,2.09,2.00,1.96,1.72,1.34,1.50,0.85,"N",1,14.3,0,0,0,0,0,0,0,0,0,0,0,0,0,0
"13089","5","314999","78","0","2023","4","",8,149,143,141,1636014,105770,1063,872,"",1.36,2.45,2.34,2.28,2.08,1.58,1.71,0.88,"N",1,14.3,0,0,0,0,0,0,0,0,0,0,0,0,0,0
"13089","5","315","75","0","2023","4","",10,206,207,213,2031908,175926,3714,749,"",0.77,1.17,1.17,1.21,0.75,1.06,1.52,0.63,"",-3,-23.1,-89,-30.2,-68,-24.7,-44,-17.1,-453538,-18.2,-114139,-39.3,631,20.5,55,7.9
"13089","5","3152","76","0","2023","4","N",9,0,0,0,0,0,0,0,"N",0.93,0,0,0,0,0,0,0,"N",-3,-25.0,0,0,0,0,0,0,0,0,0,0,0,0,0,0
"13089","5","31521","77","0","2023","4","N",3,0,0,0,0,0,0,0,"N",0.65,0,0,0,0,0,0,0,"N",0,0.0,0,0,0,0,0,0,0,0,0,0,0,0,0,0
"13089","5","315210","78","0","2023","4","N",3,0,0,0,0,0,0,0,"N",0.65,0,0,0,0,0,0,0,"N",0,0.0,0,0,0,0,0,0,0,0,0,0,0,0,0,0
"13089","5","31525","77","0","2023","4","N",6,0,0,0,0,0,0,0,"N",1.19,0,0,0,0,0,0,0,"N",-3,-33.3,0,0,0,0,0,0,0,0,0,0,0,0,0,0
"13089","5","315250","78","0","2023","4","N",6,0,0,0,0,0,0,0,"N",1.19,0,0,0,0,0,0,0,"N",-3,-33.3,0,0,0,0,0,0,0,0,0,0,0,0,0,0
"13089","5","3159","76","0","2023","4","N",1,0,0,0,0,0,0,0,"N",0.36,0,0,0,0,0,0,0,"N",0,0.0,0,0,0,0,0,0,0,0,0,0,0,0,0,0
"13089","5","31599","77","0","2023","4","N",1,0,0,0,0,0,0,0,"N",0.36,0,0,0,0,0,0,0,"N",0,0.0,0,0,0,0,0,0,0,0,0,0,0,0,0,0
"13089","5","315990","78","0","2023","4","N",1,0,0,0,0,0,0,0,"N",0.36,0,0,0,0,0,0,0,"N",0,0.0,0,0,0,0,0,0,0,0,0,0,0,0,0,0
"13089","5","321","75","0","2023","4","",15,694,695,691,10978216,565484,3378,1218,"",0.47,0.82,0.82,0.81,0.80,0.56,0.34,0.98,"",-1,-6.2,166,31.4,173,33.1,173,33.4,2785384,34.0,187223,49.5,2161,177.6,12,1.0
"13089","5","3211","76","0","2023","4","N",5,0,0,0,0,0,0,0,"N",0.72,0,0,0,0,0,0,0,"N",1,25.0,0,0,0,0,0,0,0,0,0,0,0,0,0,0
"13089","5","32111","77","0","2023","4","N",5,0,0,0,0,0,0,0,"N",0.72,0,0,0,0,0,0,0,"N",1,25.0,0,0,0,0,0,0,0,0,0,0,0,0,0,0
"13089","5","321113","78","0","2023","4","N",4,0,0,0,0,0,0,0,"N",0.66,0,0,0,0,0,0,0,"N",0,0.0,0,0,0,0,0,0,0,0,0,0,0,0,0,0
"13089","5","321114","78","0","2023","4","N",1,0,0,0,0,0,0,0,"N",1.13,0,0,0,0,0,0,0,"N",1,100.0,0,0,0,0,0,0,0,0,0,0,0,0,0,0
"13089","5","3219","76","0","2023","4","N",10,0,0,0,0,0,0,0,"N",0.47,0,0,0,0,0,0,0,"N",-2,-16.7,0,0,0,0,0,0,0,0,0,0,0,0,0,0
"13089","5","32191","77","0","2023","4","",4,151,150,153,2501056,93694,896,1271,"",0.58,0.71,0.71,0.72,0.73,0.35,0.38,1.03,"N",-1,-20.0,0,0,0,0,0,0,0,0,0,0,0,0,0,0
"13089","5","321911","78","0","2023","4","N",2,0,0,0,0,0,0,0,"N",0.84,0,0,0,0,0,0,0,"N",0,0.0,0,0,0,0,0,0,0,0,0,0,0,0,0,0
"13089","5","321918","78","0","2023","4","N",2,0,0,0,0,0,0,0,"N",0.59,0,0,0,0,0,0,0,"N",-1,-33.3,0,0,0,0,0,0,0,0,0,0,0,0,0,0
"13089","5","32192","77","0","2023","4","N",2,0,0,0,0,0,0,0,"N",0.32,0,0,0,0,0,0,0,"N",-1,-33.3,0,0,0,0,0,0,0,0,0,0,0,0,0,0
"13089","5","321920","78","0","2023","4","N",2,0,0,0,0,0,0,0,"N",0.32,0,0,0,0,0,0,0,"N",-1,-33.3,0,0,0,0,0,0,0,0,0,0,0,0,0,0
"13089","5","32199","77","0","2023","4","N",4,0,0,0,0,0,0,0,"N",0.49,0,0,0,0,0,0,0,"N",0,0.0,0,0,0,0,0,0,0,0,0,0,0,0,0,0
"13089","5","321992","78","0","2023","4","N",3,0,0,0,0,0,0,0,"N",1.60,0,0,0,0,0,0,0,"N",0,0.0,0,0,0,0,0,0,0,0,0,0,0,0,0,0
"13089","5","321999","78","0","2023","4","N",1,0,0,0,0,0,0,0,"N",0.18,0,0,0,0,0,0,0,"N",0,0.0,0,0,0,0,0,0,0,0,0,0,0,0,0,0
"13089","5","322","75","0","2023","4","",9,376,373,372,6857425,130551,1072,1412,"",0.81,0.52,0.52,0.51,0.46,0.27,0.22,0.89,"",1,12.5,25,7.1,28,8.1,11,3.0,531421,8.4,-32795,-20.1,2,0.2,31,2.2
"13089","5","3221","76","0","2023","4","N",3,0,0,0,0,0,0,0,"N",1.74,0,0,0,0,0,0,0,"N",1,50.0,0,0,0,0,0,0,0,0,0,0,0,0,0,0
"13089","5","32212","77","0","2023","4","N",2,0,0,0,0,0,0,0,"N",1.97,0,0,0,0,0,0,0,"N",1,100.0,0,0,0,0,0,0,0,0,0,0,0,0,0,0
"13089","5","322120","78","0","2023","4","N",2,0,0,0,0,0,0,0,"N",1.97,0,0,0,0,0,0,0,"N",1,100.0,0,0,0,0,0,0,0,0,0,0,0,0,0,0
"13089","5","32213","77","0","2023","4","N",1,0,0,0,0,0,0,0,"N",1.84,0,0,0,0,0,0,0,"N",0,0.0,0,0,0,0,0,0,0,0,0,0,0,0,0,0
"13089","5","322130","78","0","2023","4","N",1,0,0,0,0,0,0,0,"N",1.84,0,0,0,0,0,0,0,"N",0,0.0,0,0,0,0,0,0,0,0,0,0,0,0,0,0
"13089","5","3222","76","0","2023","4","N",6,0,0,0,0,0,0,0,"N",0.64,0,0,0,0,0,0,0,"N",0,0.0,0,0,0,0,0,0,0,0,0,0,0,0,0,0
"13089","5","32221","77","0","2023","4","N",4,0,0,0,0,0,0,0,"N",0.83,0,0,0,0,0,0,0,"N",0,0.0,0,0,0,0,0,0,0,0,0,0,0,0,0,0
"13089","5","322211","78","0","2023","4","N",3,0,0,0,0,0,0,0,"N",0.93,0,0,0,0,0,0,0,"N",0,0.0,0,0,0,0,0,0,0,0,0,0,0,0,0,0
"13089","5","322219","78","0","2023","4","N",1,0,0,0,0,0,0,0,"N",1.28,0,0,0,0,0,0,0,"N",0,0.0,0,0,0,0,0,0,0,0,0,0,0,0,0,0
"13089","5","32222","77","0","2023","4","N",1,0,0,0,0,0,0,0,"N",0.46,0,0,0,0,0,0,0,"N",0,0.0,0,0,0,0,0,0,0,0,0,0,0,0,0,0
"13089","5","322220","78","0","2023","4","N",1,0,0,0,0,0,0,0,"N",0.46,0,0,0,0,0,0,0,"N",0,0.0,0,0,0,0,0,0,0,0,0,0,0,0,0,0
"13089","5","32229","77","0","2023","4","N",1,0,0,0,0,0,0,0,"N",0.62,0,0,0,0,0,0,0,"N",0,0.0,0,0,0,0,0,0,0,0,0,0,0,0,0,0
"13089","5","322299","78","0","2023","4","N",1,0,0,0,0,0,0,0,"N",0.90,0,0,0,0,0,0,0,"N",0,0.0,0,0,0,0,0,0,0,0,0,0,0,0,0,0
"13089","5","323","75","0","2023","4","",72,1017,1005,996,18752082,845587,14665,1434,"",1.29,1.37,1.34,1.33,1.59,1.26,2.12,1.18,"",-5,-6.5,19,1.9,15,1.5,9,0.9,537440,3.0,165332,24.3,5897,67.3,21,1.5
"13089","5","3231","76","0","2023","4","",72,1017,1005,996,18752082,845587,14665,1434,"",1.29,1.37,1.34,1.33,1.59,1.26,2.12,1.18,"",-5,-6.5,19,1.9,15,1.5,9,0.9,537440,3.0,165332,24.3,5897,67.3,21,1.5
"13089","5","32311","77","0","2023","4","",66,973,963,961,18120977,830080,14656,1443,"",1.24,1.37,1.35,1.34,1.61,1.29,2.21,1.19,"",-4,-5.7,24,2.5,21,2.2,21,2.2,604721,3.5,176929,27.1,5898,67.3,15,1.1
"13089","5","323111","78","0","2023","4","",49,803,796,800,15429680,731891,13187,1484,"",1.33,1.53,1.51,1.51,1.74,1.60,2.81,1.15,"",-4,-7.5,-31,-3.7,-31,-3.7,-28,-3.4,-631447,-3.9,189404,34.9,5300,67.2,-5,-0.3
"13089","5","323113","78","0","2023","4","",17,170,167,161,2691297,98189,1469,1247,"",1.12,1.07,1.05,1.02,1.42,0.57,0.83,1.35,"",0,0.0,55,47.8,52,45.2,49,43.8,1236168,85.0,-12475,-11.3,598,68.7,265,27.0
"13089","5","32312","77","0","2023","4","",6,44,42,35,631105,15507,9,1204,"",2.33,1.34,1.28,1.07,1.18,0.53,0.03,0.96,"",-1,-14.3,-5,-10.2,-6,-12.5,-12,-25.5,-67281,-9.6,-11597,-42.8,-1,-10.0,85,7.6
"13089","5","323120","78","0","2023","4","",6,44,42,35,631105,15507,9,1204,"",2.33,1.34,1.28,1.07,1.18,0.53,0.03,0.96,"",-1,-14.3,-5,-10.2,-6,-12.5,-12,-25.5,-67281,-9.6,-11597,-42.8,-1,-10.0,85,7.6
"13089","5","324","75","0","2023","4","",3,10,10,12,226475,14910,9,1633,"",0.60,0.04,0.04,0.05,0.03,0.15,0.01,0.61,"N",1,50.0,0,0,0,0,0,0,0,0,0,0,0,0,0,0
"13089","5","3241","76","0","2023","4","",3,10,10,12,226475,14910,9,1633,"",0.60,0.04,0.04,0.05,0.03,0.15,0.01,0.61,"N",1,50.0,0,0,0,0,0,0,0,0,0,0,0,0,0,0
"13089","5","32411","77","0","2023","4","N",1,0,0,0,0,0,0,0,"N",0.76,0,0,0,0,0,0,0,"N",1,100.0,0,0,0,0,0,0,0,0,0,0,0,0,0,0
"13089","5","324110","78","0","2023","4","N",1,0,0,0,0,0,0,0,"N",0.76,0,0,0,0,0,0,0,"N",1,100.0,0,0,0,0,0,0,0,0,0,0,0,0,0,0
"13089","5","32412","77","0","2023","4","N",2,0,0,0,0,0,0,0,"N",0.77,0,0,0,0,0,0,0,"N",0,0.0,0,0,0,0,0,0,0,0,0,0,0,0,0,0
"13089","5","324121","78","0","2023","4","N",1,0,0,0,0,0,0,0,"N",0.50,0,0,0,0,0,0,0,"N",0,0.0,0,0,0,0,0,0,0,0,0,0,0,0,0,0
"13089","5","324122","78","0","2023","4","N",1,0,0,0,0,0,0,0,"N",1.63,0,0,0,0,0,0,0,"N",0,0.0,0,0,0,0,0,0,0,0,0,0,0,0,0,0
"13089","5","325","75","0","2023","4","",56,768,761,782,13522654,644585,9865,1350,"",1.14,0.42,0.42,0.43,0.27,0.57,0.86,0.64,"",5,9.8,6,0.8,1,0.1,24,3.2,6999,0.1,125111,24.1,1711,21.0,-18,-1.3
"13089","5","3251","76","0","2023","4","N",2,0,0,0,0,0,0,0,"N",0.26,0,0,0,0,0,0,0,"N",0,0.0,0,0,0,0,0,0,0,0,0,0,0,0,0,0
"13089","5","32512","77","0","2023","4","N",1,0,0,0,0,0,0,0,"N",0.57,0,0,0,0,0,0,0,"N",0,0.0,0,0,0,0,0,0,0,0,0,0,0,0,0,0
"13089","5","325120","78","0","2023","4","N",1,0,0,0,0,0,0,0,"N",0.57,0,0,0,0,0,0,0,"N",0,0.0,0,0,0,0,0,0,0,0,0,0,0,0,0,0
"13089","5","32519","77","0","2023","4","N",1,0,0,0,0,0,0,0,"N",0.33,0,0,0,0,0,0,0,"N",0,0.0,0,0,0,0,0,0,0,0,0,0,0,0,0,0
"13089","5","325199","78","0","2023","4","N",1,0,0,0,0,0,0,0,"N",0.43,0,0,0,0,0,0,0,"N",1,100.0,0,0,0,0,0,0,0,0,0,0,0,0,0,0
"13089","5","3252","76","0","2023","4","N",4,0,0,0,0,0,0,0,"N",1.02,0,0,0,0,0,0,0,"N",1,33.3,0,0,0,0,0,0,0,0,0,0,0,0,0,0
"13089","5","32521","77","0","2023","4","N",4,0,0,0,0,0,0,0,"N",1.16,0,0,0,0,0,0,0,"N",1,33.3,0,0,0,0,0,0,0,0,0,0,0,0,0,0
"13089","5","325211","78","0","2023","4","N",4,0,0,0,0,0,0,0,"N",1.33,0,0,0,0,0,0,0,"N",1,33.3,0,0,0,0,0,0,0,0,0,0,0,0,0,0
"13089","5","3254","76","0","2023","4","",12,121,100,105,1728846,32562,621,1224,"",0.81,0.17,0.14,0.15,0.08,0.06,0.13,0.52,"",3,33.3,-1,-0.8,-22,-18.0,-18,-14.6,-250058,-12.6,-19117,-37.0,-565,-47.6,-20,-1.6
"13089","5","32541","77","0","2023","4","",12,121,100,105,1728846,32562,621,1224,"",0.81,0.17,0.14,0.15,0.08,0.06,0.13,0.52,"",3,33.3,-1,-0.8,-22,-18.0,-18,-14.6,-250058,-12.6,-19117,-37.0,-565,-47.6,-20,-1.6
"13089","5","325411","78","0","2023","4","N",1,0,0,0,0,0,0,0,"N",0.34,0,0,0,0,0,0,0,"N",0,0.0,0,0,0,0,0,0,0,0,0,0,0,0,0,0
"13089","5","325412","78","0","2023","4","N",8,0,0,0,0,0,0,0,"N",0.85,0,0,0,0,0,0,0,"N",1,14.3,0,0,0,0,0,0,0,0,0,0,0,0,0,0
"13089","5","325413","78","0","2023","4","N",1,0,0,0,0,0,0,0,"N",1.06,0,0,0,0,0,0,0,"N",1,100.0,0,0,0,0,0,0,0,0,0,0,0,0,0,0
"13089","5","325414","78","0","2023","4","N",2,0,0,0,0,0,0,0,"N",1.31,0,0,0,0,0,0,0,"N",1,100.0,0,0,0,0,0,0,0,0,0,0,0,0,0,0
"13089","5","3255","76","0","2023","4","",19,264,275,281,4975374,249280,2858,1400,"",3.83,2.00,2.08,2.12,1.70,3.51,3.61,0.82,"",-3,-13.6,-6,-2.2,11,4.2,24,9.3,592072,13.5,83775,50.6,1534,115.9,121,9.5
"13089","5","32551","77","0","2023","4","N",15,0,0,0,0,0,0,0,"N",4.30,0,0,0,0,0,0,0,"N",-3,-16.7,0,0,0,0,0,0,0,0,0,0,0,0,0,0
"13089","5","325510","78","0","2023","4","N",15,0,0,0,0,0,0,0,"N",4.30,0,0,0,0,0,0,0,"N",-3,-16.7,0,0,0,0,0,0,0,0,0,0,0,0,0,0
"13089","5","32552","77","0","2023","4","N",4,0,0,0,0,0,0,0,"N",2.72,0,0,0,0,0,0,0,"N",0,0.0,0,0,0,0,0,0,0,0,0,0,0,0,0,0
"13089","5","325520","78","0","2023","4","N",4,0,0,0,0,0,0,0,"N",2.72,0,0,0,0,0,0,0,"N",0,0.0,0,0,0,0,0,0,0,0,0,0,0,0,0,0
"13089","5","3256","76","0","2023","4","",11,194,198,199,3342188,229751,5215,1305,"",1.40,0.84,0.86,0.86,0.66,1.28,2.44,0.77,"",3,37.5,5,2.6,13,7.0,12,6.4,-156978,-4.5,74944,48.4,1787,52.1,-134,-9.3
"13089","5","32561","77","0","2023","4","N",3,0,0,0,0,0,0,0,"N",0.71,0,0,0,0,0,0,0,"N",0,0.0,0,0,0,0,0,0,0,0,0,0,0,0,0,0
"13089","5","325611","78","0","2023","4","N",2,0,0,0,0,0,0,0,"N",0.86,0,0,0,0,0,0,0,"N",1,100.0,0,0,0,0,0,0,0,0,0,0,0,0,0,0
"13089","5","325612","78","0","2023","4","N",1,0,0,0,0,0,0,0,"N",0.60,0,0,0,0,0,0,0,"N",-1,-50.0,0,0,0,0,0,0,0,0,0,0,0,0,0,0
"13089","5","32562","77","0","2023","4","N",8,0,0,0,0,0,0,0,"N",2.22,0,0,0,0,0,0,0,"N",3,60.0,0,0,0,0,0,0,0,0,0,0,0,0,0,0
"13089","5","325620","78","0","2023","4","N",8,0,0,0,0,0,0,0,"N",2.22,0,0,0,0,0,0,0,"N",3,60.0,0,0,0,0,0,0,0,0,0,0,0,0,0,0
"13089","5","3259","76","0","2023","4","",8,136,135,139,2190855,74280,349,1233,"",1.17,0.84,0.83,0.85,0.60,0.80,0.33,0.71,"",1,14.3,-2,-1.4,-4,-2.9,-3,-2.1,-22094,-1.0,-32307,-30.3,-1050,-75.1,14,1.1
"13089","5","32591","77","0","2023","4","N",2,0,0,0,0,0,0,0,"N",2.29,0,0,0,0,0,0,0,"N",0,0.0,0,0,0,0,0,0,0,0,0,0,0,0,0,0
"13089","5","325910","78","0","2023","4","N",2,0,0,0,0,0,0,0,"N",2.29,0,0,0,0,0,0,0,"N",0,0.0,0,0,0,0,0,0,0,0,0,0,0,0,0,0
"13089","5","32599","77","0","2023","4","N",6,0,0,0,0,0,0,0,"N",1.04,0,0,0,0,0,0,0,"N",1,20.0,0,0,0,0,0,0,0,0,0,0,0,0,0,0
"13089","5","325991","78","0","2023","4","N",2,0,0,0,0,0,0,0,"N",2.16,0,0,0,0,0,0,0,"N",0,0.0,0,0,0,0,0,0,0,0,0,0,0,0,0,0
"13089","5","325992","78","0","2023","4","N",1,0,0,0,0,0,0,0,"N",2.34,0,0,0,0,0,0,0,"N",1,100.0,0,0,0,0,0,0,0,0,0,0,0,0,0,0
"13089","5","325998","78","0","2023","4","N",3,0,0,0,0,0,0,0,"N",0.68,0,0,0,0,0,0,0,"N",0,0.0,0,0,0,0,0,0,0,0,0,0,0,0,0,0
"13089","5","326","75","0","2023","4","",18,1116,1116,1143,19533978,878536,13792,1336,"",0.64,0.76,0.75,0.77,0.73,0.74,1.09,0.96,"",0,0.0,-108,-8.8,-146,-11.6,-60,-5.0,464366,2.4,215596,32.5,5294,62.3,143,12.0
"13089","5","3261","76","0","2023","4","",18,1116,1116,1143,19533978,878536,13792,1336,"",0.75,0.93,0.92,0.94,0.89,0.85,1.25,0.96,"N",1,5.9,0,0,0,0,0,0,0,0,0,0,0,0,0,0
"13089","5","32611","77","0","2023","4","N",4,0,0,0,0,0,0,0,"N",1.18,0,0,0,0,0,0,0,"N",1,33.3,0,0,0,0,0,0,0,0,0,0,0,0,0,0
"13089","5","326111","78","0","2023","4","N",2,0,0,0,0,0,0,0,"N",1.89,0,0,0,0,0,0,0,"N",0,0.0,0,0,0,0,0,0,0,0,0,0,0,0,0,0
"13089","5","326112","78","0","2023","4","N",1,0,0,0,0,0,0,0,"N",0.84,0,0,0,0,0,0,0,"N",0,0.0,0,0,0,0,0,0,0,0,0,0,0,0,0,0
"13089","5","326113","78","0","2023","4","N",1,0,0,0,0,0,0,0,"N",0.88,0,0,0,0,0,0,0,"N",1,100.0,0,0,0,0,0,0,0,0,0,0,0,0,0,0
"13089","5","32613","77","0","2023","4","N",1,0,0,0,0,0,0,0,"N",1.15,0,0,0,0,0,0,0,"N",0,0.0,0,0,0,0,0,0,0,0,0,0,0,0,0,0
"13089","5","326130","78","0","2023","4","N",1,0,0,0,0,0,0,0,"N",1.15,0,0,0,0,0,0,0,"N",0,0.0,0,0,0,0,0,0,0,0,0,0,0,0,0,0
"13089","5","32614","77","0","2023","4","",3,783,782,811,13915648,574677,11278,1352,"",2.59,13.15,13.07,13.40,13.96,10.82,22.03,1.06,"",0,0.0,27,3.6,33,4.4,57,7.6,2024771,17.0,206020,55.9,5333,89.7,137,11.3
"13089","5","326140","78","0","2023","4","",3,783,782,811,13915648,574677,11278,1352,"",2.59,13.15,13.07,13.40,13.96,10.82,22.03,1.06,"",0,0.0,27,3.6,33,4.4,57,7.6,2024771,17.0,206020,55.9,5333,89.7,137,11.3
"13089","5","32619","77","0","2023","4","",10,261,262,257,4361985,233597,1468,1291,"",0.74,0.40,0.40,0.40,0.37,0.41,0.24,0.92,"",0,0.0,-124,-32.2,-171,-39.5,-113,-30.5,-1572587,-26.5,-14010,-5.7,-634,-30.2,138,12.0
"13089","5","326191","78","0","2023","4","N",1,0,0,0,0,0,0,0,"N",1.38,0,0,0,0,0,0,0,"N",0,0.0,0,0,0,0,0,0,0,0,0,0,0,0,0,0
"13089","5","326199","78","0","2023","4","N",9,0,0,0,0,0,0,0,"N",0.70,0,0,0,0,0,0,0,"N",0,0.0,0,0,0,0,0,0,0,0,0,0,0,0,0,0
"13089","5","327","75","0","2023","4","",24,400,400,403,11198022,226478,2082,2148,"",0.69,0.47,0.47,0.48,0.68,0.33,0.20,1.43,"",2,9.1,-3,-0.7,3,0.8,12,3.1,4062771,56.9,-151230,-40.0,-1263,-37.8,765,55.3
"13089","5","3271","76","0","2023","4","N",5,0,0,0,0,0,0,0,"N",1.69,0,0,0,0,0,0,0,"N",0,0.0,0,0,0,0,0,0,0,0,0,0,0,0,0,0
"13089","5","32711","77","0","2023","4","N",2,0,0,0,0,0,0,0,"N",1.25,0,0,0,0,0,0,0,"N",0,0.0,0,0,0,0,0,0,0,0,0,0,0,0,0,0
"13089","5","327110","78","0","2023","4","N",2,0,0,0,0,0,0,0,"N",1.25,0,0,0,0,0,0,0,"N",0,0.0,0,0,0,0,0,0,0,0,0,0,0,0,0,0
"13089","5","32712","77","0","2023","4","N",3,0,0,0,0,0,0,0,"N",2.21,0,0,0,0,0,0,0,"N",0,0.0,0,0,0,0,0,0,0,0,0,0,0,0,0,0
"13089","5","327120","78","0","2023","4","N",3,0,0,0,0,0,0,0,"N",2.21,0,0,0,0,0,0,0,"N",0,0.0,0,0,0,0,0,0,0,0,0,0,0,0,0,0
"13089","5","3272","76","0","2023","4","N",2,0,0,0,0,0,0,0,"N",0.50,0,0,0,0,0,0,0,"N",0,0.0,0,0,0,0,0,0,0,0,0,0,0,0,0,0
"13089","5","32721","77","0","2023","4","N",2,0,0,0,0,0,0,0,"N",0.50,0,0,0,0,0,0,0,"N",0,0.0,0,0,0,0,0,0,0,0,0,0,0,0,0,0
"13089","5","327211","78","0","2023","4","N",1,0,0,0,0,0,0,0,"N",2.69,0,0,0,0,0,0,0,"N",0,0.0,0,0,0,0,0,0,0,0,0,0,0,0,0,0
"13089","5","327212","78","0","2023","4","N",1,0,0,0,0,0,0,0,"N",1.16,0,0,0,0,0,0,0,"N",0,0.0,0,0,0,0,0,0,0,0,0,0,0,0,0,0
"13089","5","3273","76","0","2023","4","",5,84,84,87,1818224,91025,1160,1645,"",0.27,0.20,0.20,0.21,0.21,0.26,0.18,1.05,"",0,0.0,0,0.0,-2,-2.3,3,3.6,327013,21.9,37426,69.8,527,83.3,290,21.4
"13089","5","32731","77","0","2023","4","N",1,0,0,0,0,0,0,0,"N",1.17,0,0,0,0,0,0,0,"N",0,0.0,0,0,0,0,0,0,0,0,0,0,0,0,0,0
"13089","5","327310","78","0","2023","4","N",1,0,0,0,0,0,0,0,"N",1.17,0,0,0,0,0,0,0,"N",0,0.0,0,0,0,0,0,0,0,0,0,0,0,0,0,0
"13089","5","32732","77","0","2023","4","N",4,0,0,0,0,0,0,0,"N",0.35,0,0,0,0,0,0,0,"N",1,33.3,0,0,0,0,0,0,0,0,0,0,0,0,0,0
"13089","5","327320","78","0","2023","4","N",4,0,0,0,0,0,0,0,"N",0.35,0,0,0,0,0,0,0,"N",1,33.3,0,0,0,0,0,0,0,0,0,0,0,0,0,0
"13089","5","32739","77","0","2023","4","-",0,0,0,0,0,0,0,0,"N",0.00,0,0,0,0,0,0,0,"N",-1,-100.0,0,0,0,0,0,0,0,0,0,0,0,0,0,0
"13089","5","327390","78","0","2023","4","-",0,0,0,0,0,0,0,0,"N",0.00,0,0,0,0,0,0,0,"N",-1,-100.0,0,0,0,0,0,0,0,0,0,0,0,0,0,0
"13089","5","3274","76","0","2023","4","N",1,0,0,0,0,0,0,0,"N",1.34,0,0,0,0,0,0,0,"N",0,0.0,0,0,0,0,0,0,0,0,0,0,0,0,0,0
"13089","5","32742","77","0","2023","4","N",1,0,0,0,0,0,0,0,"N",1.82,0,0,0,0,0,0,0,"N",0,0.0,0,0,0,0,0,0,0,0,0,0,0,0,0,0
"13089","5","327420","78","0","2023","4","N",1,0,0,0,0,0,0,0,"N",1.82,0,0,0,0,0,0,0,"N",0,0.0,0,0,0,0,0,0,0,0,0,0,0,0,0,0
"13089","5","3279","76","0","2023","4","",11,229,229,229,7649076,106429,682,2569,"",1.27,1.41,1.40,1.40,2.56,0.77,0.41,1.82,"",2,22.2,-6,-2.6,-1,-0.4,5,2.2,3512784,84.9,-134156,-55.8,-1161,-63.0,1184,85.5
"13089","5","32791","77","0","2023","4","N",1,0,0,0,0,0,0,0,"N",1.23,0,0,0,0,0,0,0,"N",1,100.0,0,0,0,0,0,0,0,0,0,0,0,0,0,0
"13089","5","327910","78","0","2023","4","N",1,0,0,0,0,0,0,0,"N",1.23,0,0,0,0,0,0,0,"N",1,100.0,0,0,0,0,0,0,0,0,0,0,0,0,0,0
"13089","5","32799","77","0","2023","4","N",10,0,0,0,0,0,0,0,"N",1.27,0,0,0,0,0,0,0,"N",1,11.1,0,0,0,0,0,0,0,0,0,0,0,0,0,0
"13089","5","327991","78","0","2023","4","N",6,0,0,0,0,0,0,0,"N",1.03,0,0,0,0,0,0,0,"N",1,20.0,0,0,0,0,0,0,0,0,0,0,0,0,0,0
"13089","5","327999","78","0","2023","4","",4,204,204,205,7223580,97917,677,2719,"",3.59,8.46,8.42,8.42,15.19,4.62,3.08,1.80,"",0,0.0,3,1.5,7,3.6,9,4.6,3474844,92.7,-130385,-57.1,-1145,-62.8,1263,86.7
"13089","5","331","75","0","2023","4","N",8,0,0,0,0,0,0,0,"N",0.68,0,0,0,0,0,0,0,"N",3,60.0,0,0,0,0,0,0,0,0,0,0,0,0,0,0
"13089","5","3311","76","0","2023","4","N",2,0,0,0,0,0,0,0,"N",0.98,0,0,0,0,0,0,0,"N",1,100.0,0,0,0,0,0,0,0,0,0,0,0,0,0,0
"13089","5","33111","77","0","2023","4","N",2,0,0,0,0,0,0,0,"N",0.98,0,0,0,0,0,0,0,"N",1,100.0,0,0,0,0,0,0,0,0,0,0,0,0,0,0
"13089","5","331110","78","0","2023","4","N",2,0,0,0,0,0,0,0,"N",0.98,0,0,0,0,0,0,0,"N",1,100.0,0,0,0,0,0,0,0,0,0,0,0,0,0,0
"13089","5","3313","76","0","2023","4","N",2,0,0,0,0,0,0,0,"N",1.29,0,0,0,0,0,0,0,"N",0,0.0,0,0,0,0,0,0,0,0,0,0,0,0,0,0
"13089","5","33131","77","0","2023","4","N",2,0,0,0,0,0,0,0,"N",1.29,0,0,0,0,0,0,0,"N",0,0.0,0,0,0,0,0,0,0,0,0,0,0,0,0,0
"13089","5","331314","78","0","2023","4","N",1,0,0,0,0,0,0,0,"N",4.01,0,0,0,0,0,0,0,"N",0,0.0,0,0,0,0,0,0,0,0,0,0,0,0,0,0
"13089","5","331315","78","0","2023","4","N",1,0,0,0,0,0,0,0,"N",2.73,0,0,0,0,0,0,0,"N",0,0.0,0,0,0,0,0,0,0,0,0,0,0,0,0,0
"13089","5","3314","76","0","2023","4","N",2,0,0,0,0,0,0,0,"N",0.92,0,0,0,0,0,0,0,"N",1,100.0,0,0,0,0,0,0,0,0,0,0,0,0,0,0
"13089","5","33142","77","0","2023","4","N",1,0,0,0,0,0,0,0,"N",1.50,0,0,0,0,0,0,0,"N",0,0.0,0,0,0,0,0,0,0,0,0,0,0,0,0,0
"13089","5","331420","78","0","2023","4","N",1,0,0,0,0,0,0,0,"N",1.50,0,0,0,0,0,0,0,"N",0,0.0,0,0,0,0,0,0,0,0,0,0,0,0,0,0
"13089","5","33149","77","0","2023","4","N",1,0,0,0,0,0,0,0,"N",0.85,0,0,0,0,0,0,0,"N",1,100.0,0,0,0,0,0,0,0,0,0,0,0,0,0,0
"13089","5","331491","78","0","2023","4","N",1,0,0,0,0,0,0,0,"N",1.54,0,0,0,0,0,0,0,"N",1,100.0,0,0,0,0,0,0,0,0,0,0,0,0,0,0
"13089","5","3315","76","0","2023","4","N",2,0,0,0,0,0,0,0,"N",0.60,0,0,0,0,0,0,0,"N",1,100.0,0,0,0,0,0,0,0,0,0,0,0,0,0,0
"13089","5","33151","77","0","2023","4","N",2,0,0,0,0,0,0,0,"N",1.38,0,0,0,0,0,0,0,"N",1,100.0,0,0,0,0,0,0,0,0,0,0,0,0,0,0
"13089","5","331511","78","0","2023","4","N",1,0,0,0,0,0,0,0,"N",1.38,0,0,0,0,0,0,0,"N",0,0.0,0,0,0,0,0,0,0,0,0,0,0,0,0,0
"13089","5","331513","78","0","2023","4","N",1,0,0,0,0,0,0,0,"N",2.06,0,0,0,0,0,0,0,"N",1,100.0,0,0,0,0,0,0,0,0,0,0,0,0,0,0
"13089","5","332","75","0","2023","4","",48,1018,1021,1023,21455579,726667,7005,1617,"",0.40,0.35,0.35,0.35,0.38,0.31,0.25,1.10,"",-3,-5.9,-34,-3.2,-27,-2.6,-24,-2.3,1283900,6.4,-115534,-13.7,-2765,-28.3,138,9.3
"13089","5","3321","76","0","2023","4","N",2,0,0,0,0,0,0,0,"N",0.45,0,0,0,0,0,0,0,"N",-1,-33.3,0,0,0,0,0,0,0,0,0,0,0,0,0,0
"13089","5","33211","77","0","2023","4","N",2,0,0,0,0,0,0,0,"N",0.45,0,0,0,0,0,0,0,"N",-1,-33.3,0,0,0,0,0,0,0,0,0,0,0,0,0,0
"13089","5","332111","78","0","2023","4","-",0,0,0,0,0,0,0,0,"N",0.00,0,0,0,0,0,0,0,"N",-1,-100.0,0,0,0,0,0,0,0,0,0,0,0,0,0,0
"13089","5","332119","78","0","2023","4","N",2,0,0,0,0,0,0,0,"N",0.81,0,0,0,0,0,0,0,"N",0,0.0,0,0,0,0,0,0,0,0,0,0,0,0,0,0
"13089","5","3323","76","0","2023","4","",22,506,506,510,9891448,427846,4626,1500,"",0.67,0.61,0.61,0.61,0.61,0.55,0.49,1.01,"",-2,-8.3,-36,-6.6,-32,-5.9,-31,-5.7,748833,8.2,-76082,-15.1,-2054,-30.7,198,15.2
"13089","5","33231","77","0","2023","4","N",2,0,0,0,0,0,0,0,"N",0.14,0,0,0,0,0,0,0,"N",-3,-60.0,0,0,0,0,0,0,0,0,0,0,0,0,0,0
"13089","5","332312","78","0","2023","4","N",2,0,0,0,0,0,0,0,"N",0.26,0,0,0,0,0,0,0,"N",-1,-33.3,0,0,0,0,0,0,0,0,0,0,0,0,0,0
"13089","5","33232","77","0","2023","4","N",20,0,0,0,0,0,0,0,"N",1.08,0,0,0,0,0,0,0,"N",1,5.3,0,0,0,0,0,0,0,0,0,0,0,0,0,0
"13089","5","332321","78","0","2023","4","N",4,0,0,0,0,0,0,0,"N",1.33,0,0,0,0,0,0,0,"N",0,0.0,0,0,0,0,0,0,0,0,0,0,0,0,0,0
"13089","5","332322","78","0","2023","4","",11,179,172,174,2484167,86267,518,1092,"",1.23,0.77,0.73,0.74,0.57,0.37,0.18,0.77,"",0,0.0,-14,-7.3,-19,-9.9,-23,-11.7,-159370,-6.0,2609,3.1,-88,-14.5,42,4.0
"13089","5","332323","78","0","2023","4","",5,83,82,85,1831880,126553,2209,1691,"",0.77,0.94,0.92,0.95,1.10,1.26,1.79,1.18,"",1,25.0,-7,-7.8,-3,-3.5,-2,-2.3,-205598,-10.1,4240,3.5,234,11.8,-104,-5.8
"13089","5","3326","76","0","2023","4","N",1,0,0,0,0,0,0,0,"N",0.39,0,0,0,0,0,0,0,"N",0,0.0,0,0,0,0,0,0,0,0,0,0,0,0,0,0
"13089","5","33261","77","0","2023","4","N",1,0,0,0,0,0,0,0,"N",0.39,0,0,0,0,0,0,0,"N",0,0.0,0,0,0,0,0,0,0,0,0,0,0,0,0,0
"13089","5","332613","78","0","2023","4","N",1,0,0,0,0,0,0,0,"N",1.26,0,0,0,0,0,0,0,"N",0,0.0,0,0,0,0,0,0,0,0,0,0,0,0,0,0
"13089","5","3327","76","0","2023","4","",14,201,199,197,4668194,105615,1052,1804,"",0.33,0.29,0.29,0.29,0.37,0.20,0.17,1.27,"",1,7.7,-6,-2.9,-6,-2.9,-4,-2.0,-67887,-1.4,-61125,-36.7,-771,-42.3,21,1.2
"13089","5","33271","77","0","2023","4","N",13,0,0,0,0,0,0,0,"N",0.34,0,0,0,0,0,0,0,"N",1,8.3,0,0,0,0,0,0,0,0,0,0,0,0,0,0
"13089","5","332710","78","0","2023","4","N",13,0,0,0,0,0,0,0,"N",0.34,0,0,0,0,0,0,0,"N",1,8.3,0,0,0,0,0,0,0,0,0,0,0,0,0,0
"13089","5","33272","77","0","2023","4","N",1,0,0,0,0,0,0,0,"N",0.22,0,0,0,0,0,0,0,"N",0,0.0,0,0,0,0,0,0,0,0,0,0,0,0,0,0
"13089","5","332722","78","0","2023","4","N",1,0,0,0,0,0,0,0,"N",0.65,0,0,0,0,0,0,0,"N",0,0.0,0,0,0,0,0,0,0,0,0,0,0,0,0,0
"13089","5","3328","76","0","2023","4","",5,97,97,97,1770158,24614,172,1404,"",0.41,0.36,0.36,0.36,0.39,0.12,0.06,1.08,"",0,0.0,4,4.3,1,1.0,1,1.0,166296,10.4,-11688,-32.2,20,13.2,105,8.1
"13089","5","33281","77","0","2023","4","",5,97,97,97,1770158,24614,172,1404,"",0.41,0.36,0.36,0.36,0.39,0.12,0.06,1.08,"",0,0.0,4,4.3,1,1.0,1,1.0,166296,10.4,-11688,-32.2,20,13.2,105,8.1
"13089","5","332812","78","0","2023","4","N",3,0,0,0,0,0,0,0,"N",0.49,0,0,0,0,0,0,0,"N",0,0.0,0,0,0,0,0,0,0,0,0,0,0,0,0,0
"13089","5","332813","78","0","2023","4","N",2,0,0,0,0,0,0,0,"N",0.42,0,0,0,0,0,0,0,"N",0,0.0,0,0,0,0,0,0,0,0,0,0,0,0,0,0
"13089","5","3329","76","0","2023","4","",4,172,177,179,3283119,157017,1132,1435,"",0.23,0.31,0.31,0.32,0.28,0.41,0.24,0.91,"",-1,-20.0,5,3.0,10,6.0,12,7.2,498135,17.9,36275,30.0,67,6.3,152,11.8
"13089","5","33291","77","0","2023","4","N",1,0,0,0,0,0,0,0,"N",0.26,0,0,0,0,0,0,0,"N",0,0.0,0,0,0,0,0,0,0,0,0,0,0,0,0,0
"13089","5","332919","78","0","2023","4","N",1,0,0,0,0,0,0,0,"N",1.49,0,0,0,0,0,0,0,"N",0,0.0,0,0,0,0,0,0,0,0,0,0,0,0,0,0
"13089","5","33299","77","0","2023","4","N",3,0,0,0,0,0,0,0,"N",0.22,0,0,0,0,0,0,0,"N",-1,-25.0,0,0,0,0,0,0,0,0,0,0,0,0,0,0
"13089","5","332994","78","0","2023","4","N",1,0,0,0,0,0,0,0,"N",0.61,0,0,0,0,0,0,0,"N",0,0.0,0,0,0,0,0,0,0,0,0,0,0,0,0,0
"13089","5","332996","78","0","2023","4","N",2,0,0,0,0,0,0,0,"N",1.05,0,0,0,0,0,0,0,"N",0,0.0,0,0,0,0,0,0,0,0,0,0,0,0,0,0
"13089","5","332999","78","0","2023","4","-",0,0,0,0,0,0,0,0,"N",0.00,0,0,0,0,0,0,0,"N",-1,-100.0,0,0,0,0,0,0,0,0,0,0,0,0,0,0
"13089","5","333","75","0","2023","4","",46,966,963,967,16360412,700641,7593,1304,"",0.68,0.43,0.42,0.42,0.32,0.44,0.41,0.75,"",-1,-2.1,91,10.4,68,7.6,61,6.7,1910320,13.2,-23592,-3.3,-1673,-18.1,58,4.7
"13089","5","3332","76","0","2023","4","N",7,0,0,0,0,0,0,0,"N",0.66,0,0,0,0,0,0,0,"N",-2,-22.2,0,0,0,0,0,0,0,0,0,0,0,0,0,0
"13089","5","33324","77","0","2023","4","N",7,0,0,0,0,0,0,0,"N",0.66,0,0,0,0,0,0,0,"N",-2,-22.2,0,0,0,0,0,0,0,0,0,0,0,0,0,0
"13089","5","333241","78","0","2023","4","N",1,0,0,0,0,0,0,0,"N",0.55,0,0,0,0,0,0,0,"N",-1,-50.0,0,0,0,0,0,0,0,0,0,0,0,0,0,0
"13089","5","333242","78","0","2023","4","N",1,0,0,0,0,0,0,0,"N",1.30,0,0,0,0,0,0,0,"N",0,0.0,0,0,0,0,0,0,0,0,0,0,0,0,0,0
"13089","5","333243","78","0","2023","4","N",2,0,0,0,0,0,0,0,"N",1.81,0,0,0,0,0,0,0,"N",1,100.0,0,0,0,0,0,0,0,0,0,0,0,0,0,0
"13089","5","333248","78","0","2023","4","N",3,0,0,0,0,0,0,0,"N",0.43,0,0,0,0,0,0,0,"N",-2,-40.0,0,0,0,0,0,0,0,0,0,0,0,0,0,0
"13089","5","3333","76","0","2023","4","N",4,0,0,0,0,0,0,0,"N",0.64,0,0,0,0,0,0,0,"N",0,0.0,0,0,0,0,0,0,0,0,0,0,0,0,0,0
"13089","5","33331","77","0","2023","4","N",4,0,0,0,0,0,0,0,"N",0.64,0,0,0,0,0,0,0,"N",0,0.0,0,0,0,0,0,0,0,0,0,0,0,0,0,0
"13089","5","333310","78","0","2023","4","N",4,0,0,0,0,0,0,0,"N",0.64,0,0,0,0,0,0,0,"N",0,0.0,0,0,0,0,0,0,0,0,0,0,0,0,0,0
"13089","5","3334","76","0","2023","4","",14,235,238,231,4960932,140655,1774,1626,"",2.45,0.81,0.82,0.79,0.94,0.67,0.78,1.17,"",1,7.7,45,23.7,42,21.4,33,16.7,1056158,27.0,39399,38.9,-676,-27.6,83,5.4
"13089","5","33341","77","0","2023","4","",14,235,238,231,4960932,140655,1774,1626,"",2.45,0.81,0.82,0.79,0.94,0.67,0.78,1.17,"",1,7.7,45,23.7,42,21.4,33,16.7,1056158,27.0,39399,38.9,-676,-27.6,83,5.4
"13089","5","333413","78","0","2023","4","",8,211,215,209,4560103,130626,1737,1657,"",4.65,3.29,3.34,3.25,3.91,2.82,3.47,1.19,"N",1,14.3,0,0,0,0,0,0,0,0,0,0,0,0,0,0
"13089","5","333415","78","0","2023","4","",6,24,23,22,400829,10029,37,1341,"",2.04,0.12,0.12,0.11,0.11,0.08,0.02,0.96,"N",0,0.0,0,0,0,0,0,0,0,0,0,0,0,0,0,0
"13089","5","3335","76","0","2023","4","",8,108,112,110,1817460,42936,118,1271,"",0.52,0.33,0.34,0.34,0.28,0.22,0.05,0.84,"",0,0.0,-37,-25.5,-30,-21.1,-34,-23.6,-114866,-5.9,1736,4.2,73,162.2,236,22.8
"13089","5","33351","77","0","2023","4","",8,108,112,110,1817460,42936,118,1271,"",0.52,0.33,0.34,0.34,0.28,0.22,0.05,0.84,"",0,0.0,-37,-25.5,-30,-21.1,-34,-23.6,-114866,-5.9,1736,4.2,73,162.2,236,22.8
"13089","5","333514","78","0","2023","4","",6,96,101,99,1661938,38815,108,1296,"",1.15,0.91,0.96,0.93,0.79,0.65,0.14,0.84,"",0,0.0,-34,-26.2,-27,-21.1,-31,-23.8,-106050,-6.0,3745,10.7,87,414.3,244,23.2
"13089","5","333515","78","0","2023","4","N",1,0,0,0,0,0,0,0,"N",0.45,0,0,0,0,0,0,0,"N",0,0.0,0,0,0,0,0,0,0,0,0,0,0,0,0,0
"13089","5","333517","78","0","2023","4","N",1,0,0,0,0,0,0,0,"N",0.24,0,0,0,0,0,0,0,"N",0,0.0,0,0,0,0,0,0,0,0,0,0,0,0,0,0
"13089","5","3336","76","0","2023","4","",4,384,384,394,5249665,377504,4511,1043,"",1.38,2.06,2.07,2.09,1.16,3.17,3.50,0.56,"",0,0.0,43,12.6,30,8.5,34,9.4,449305,9.4,-69247,-15.5,-942,-17.3,-7,-0.7
"13089","5","33361","77","0","2023","4","",4,384,384,394,5249665,377504,4511,1043,"",1.38,2.06,2.07,2.09,1.16,3.17,3.50,0.56,"",0,0.0,43,12.6,30,8.5,34,9.4,449305,9.4,-69247,-15.5,-942,-17.3,-7,-0.7
"13089","5","333611","78","0","2023","4","N",1,0,0,0,0,0,0,0,"N",1.15,0,0,0,0,0,0,0,"N",0,0.0,0,0,0,0,0,0,0,0,0,0,0,0,0,0
"13089","5","333612","78","0","2023","4","N",1,0,0,0,0,0,0,0,"N",1.75,0,0,0,0,0,0,0,"N",0,0.0,0,0,0,0,0,0,0,0,0,0,0,0,0,0
"13089","5","333618","78","0","2023","4","N",2,0,0,0,0,0,0,0,"N",2.54,0,0,0,0,0,0,0,"N",0,0.0,0,0,0,0,0,0,0,0,0,0,0,0,0,0
"13089","5","3339","76","0","2023","4","",9,213,203,205,3810986,122428,1164,1416,"",0.52,0.37,0.35,0.35,0.30,0.30,0.25,0.84,"",0,0.0,52,32.3,37,22.3,39,23.5,721417,23.4,23825,24.2,940,419.6,-30,-2.1
"13089","5","33391","77","0","2023","4","N",1,0,0,0,0,0,0,0,"N",0.37,0,0,0,0,0,0,0,"N",1,100.0,0,0,0,0,0,0,0,0,0,0,0,0,0,0
"13089","5","333914","78","0","2023","4","N",1,0,0,0,0,0,0,0,"N",0.57,0,0,0,0,0,0,0,"N",1,100.0,0,0,0,0,0,0,0,0,0,0,0,0,0,0
"13089","5","33392","77","0","2023","4","N",4,0,0,0,0,0,0,0,"N",0.88,0,0,0,0,0,0,0,"N",0,0.0,0,0,0,0,0,0,0,0,0,0,0,0,0,0
"13089","5","333922","78","0","2023","4","N",1,0,0,0,0,0,0,0,"N",0.47,0,0,0,0,0,0,0,"N",0,0.0,0,0,0,0,0,0,0,0,0,0,0,0,0,0
"13089","5","333924","78","0","2023","4","N",3,0,0,0,0,0,0,0,"N",3.38,0,0,0,0,0,0,0,"N",1,50.0,0,0,0,0,0,0,0,0,0,0,0,0,0,0
"13089","5","33399","77","0","2023","4","N",4,0,0,0,0,0,0,0,"N",0.40,0,0,0,0,0,0,0,"N",-1,-20.0,0,0,0,0,0,0,0,0,0,0,0,0,0,0
"13089","5","333993","78","0","2023","4","N",4,0,0,0,0,0,0,0,"N",2.17,0,0,0,0,0,0,0,"N",0,0.0,0,0,0,0,0,0,0,0,0,0,0,0,0,0
"13089","5","333998","78","0","2023","4","-",0,0,0,0,0,0,0,0,"N",0.00,0,0,0,0,0,0,0,"N",-1,-100.0,0,0,0,0,0,0,0,0,0,0,0,0,0,0
"13089","5","334","75","0","2023","4","",28,690,691,689,20910209,131595,1767,2331,"",0.55,0.31,0.31,0.31,0.22,0.11,0.14,0.71,"",5,21.7,553,403.6,554,404.4,558,426.0,17323714,483.0,19710,17.6,248,16.3,287,14.0
"13089","5","3341","76","0","2023","4","",5,5,5,5,138867,4383,81,2136,"",1.05,0.02,0.02,0.02,0.00,0.05,0.07,0.31,"",-1,-16.7,-31,-86.1,-31,-86.1,-30,-85.7,-879943,-86.4,-14308,-76.6,-273,-77.1,-61,-2.8
"13089","5","33411","77","0","2023","4","",5,5,5,5,138867,4383,81,2136,"",1.05,0.02,0.02,0.02,0.00,0.05,0.07,0.31,"",-1,-16.7,-31,-86.1,-31,-86.1,-30,-85.7,-879943,-86.4,-14308,-76.6,-273,-77.1,-61,-2.8
"13089","5","334111","78","0","2023","4","N",1,0,0,0,0,0,0,0,"N",0.48,0,0,0,0,0,0,0,"N",-1,-50.0,0,0,0,0,0,0,0,0,0,0,0,0,0,0
"13089","5","334112","78","0","2023","4","N",1,0,0,0,0,0,0,0,"N",1.84,0,0,0,0,0,0,0,"N",0,0.0,0,0,0,0,0,0,0,0,0,0,0,0,0,0
"13089","5","334118","78","0","2023","4","N",3,0,0,0,0,0,0,0,"N",1.41,0,0,0,0,0,0,0,"N",0,0.0,0,0,0,0,0,0,0,0,0,0,0,0,0,0
"13089","5","3342","76","0","2023","4","",6,31,30,31,934098,41481,1010,2343,"",1.05,0.18,0.17,0.18,0.17,0.51,0.98,0.95,"",2,50.0,-14,-31.1,-15,-33.3,-12,-27.9,-126263,-11.9,1739,4.4,567,128.0,503,27.3
"13089","5","33422","77","0","2023","4","N",5,0,0,0,0,0,0,0,"N",1.58,0,0,0,0,0,0,0,"N",2,66.7,0,0,0,0,0,0,0,0,0,0,0,0,0,0
"13089","5","334220","78","0","2023","4","N",5,0,0,0,0,0,0,0,"N",1.58,0,0,0,0,0,0,0,"N",2,66.7,0,0,0,0,0,0,0,0,0,0,0,0,0,0
"13089","5","33429","77","0","2023","4","N",1,0,0,0,0,0,0,0,"N",0.61,0,0,0,0,0,0,0,"N",0,0.0,0,0,0,0,0,0,0,0,0,0,0,0,0,0
"13089","5","334290","78","0","2023","4","N",1,0,0,0,0,0,0,0,"N",0.61,0,0,0,0,0,0,0,"N",0,0.0,0,0,0,0,0,0,0,0,0,0,0,0,0,0
"13089","5","3343","76","0","2023","4","N",1,0,0,0,0,0,0,0,"N",0.47,0,0,0,0,0,0,0,"N",1,100.0,0,0,0,0,0,0,0,0,0,0,0,0,0,0
"13089","5","33431","77","0","2023","4","N",1,0,0,0,0,0,0,0,"N",0.47,0,0,0,0,0,0,0,"N",1,100.0,0,0,0,0,0,0,0,0,0,0,0,0,0,0
"13089","5","334310","78","0","2023","4","N",1,0,0,0,0,0,0,0,"N",0.47,0,0,0,0,0,0,0,"N",1,100.0,0,0,0,0,0,0,0,0,0,0,0,0,0,0
"13089","5","3344","76","0","2023","4","N",4,0,0,0,0,0,0,0,"N",0.29,0,0,0,0,0,0,0,"N",2,100.0,0,0,0,0,0,0,0,0,0,0,0,0,0,0
"13089","5","33441","77","0","2023","4","N",4,0,0,0,0,0,0,0,"N",0.29,0,0,0,0,0,0,0,"N",2,100.0,0,0,0,0,0,0,0,0,0,0,0,0,0,0
"13089","5","334412","78","0","2023","4","N",2,0,0,0,0,0,0,0,"N",1.90,0,0,0,0,0,0,0,"N",1,100.0,0,0,0,0,0,0,0,0,0,0,0,0,0,0
"13089","5","334413","78","0","2023","4","N",2,0,0,0,0,0,0,0,"N",0.41,0,0,0,0,0,0,0,"N",1,100.0,0,0,0,0,0,0,0,0,0,0,0,0,0,0
"13089","5","3345","76","0","2023","4","N",7,0,0,0,0,0,0,0,"N",0.33,0,0,0,0,0,0,0,"N",1,16.7,0,0,0,0,0,0,0,0,0,0,0,0,0,0
"13089","5","33451","77","0","2023","4","N",7,0,0,0,0,0,0,0,"N",0.33,0,0,0,0,0,0,0,"N",1,16.7,0,0,0,0,0,0,0,0,0,0,0,0,0,0
"13089","5","334510","78","0","2023","4","N",2,0,0,0,0,0,0,0,"N",0.46,0,0,0,0,0,0,0,"N",0,0.0,0,0,0,0,0,0,0,0,0,0,0,0,0,0
"13089","5","334512","78","0","2023","4","N",2,0,0,0,0,0,0,0,"N",1.87,0,0,0,0,0,0,0,"N",0,0.0,0,0,0,0,0,0,0,0,0,0,0,0,0,0
"13089","5","334513","78","0","2023","4","N",1,0,0,0,0,0,0,0,"N",0.23,0,0,0,0,0,0,0,"N",0,0.0,0,0,0,0,0,0,0,0,0,0,0,0,0,0
"13089","5","334515","78","0","2023","4","N",1,0,0,0,0,0,0,0,"N",0.39,0,0,0,0,0,0,0,"N",0,0.0,0,0,0,0,0,0,0,0,0,0,0,0,0,0
"13089","5","334517","78","0","2023","4","N",1,0,0,0,0,0,0,0,"N",1.71,0,0,0,0,0,0,0,"N",1,100.0,0,0,0,0,0,0,0,0,0,0,0,0,0,0
"13089","5","3346","76","0","2023","4","N",5,0,0,0,0,0,0,0,"N",1.59,0,0,0,0,0,0,0,"N",0,0.0,0,0,0,0,0,0,0,0,0,0,0,0,0,0
"13089","5","33461","77","0","2023","4","N",5,0,0,0,0,0,0,0,"N",1.59,0,0,0,0,0,0,0,"N",0,0.0,0,0,0,0,0,0,0,0,0,0,0,0,0,0
"13089","5","334610","78","0","2023","4","N",5,0,0,0,0,0,0,0,"N",1.59,0,0,0,0,0,0,0,"N",0,0.0,0,0,0,0,0,0,0,0,0,0,0,0,0,0
"13089","5","335","75","0","2023","4","",15,746,741,720,22612628,338460,2169,2364,"",0.74,0.89,0.88,0.85,1.24,0.53,0.29,1.42,"",0,0.0,-171,-18.6,-166,-18.3,-211,-22.7,1188896,5.5,-206871,-37.9,-2289,-51.3,569,31.7
"13089","5","3351","76","0","2023","4","N",3,0,0,0,0,0,0,0,"N",0.78,0,0,0,0,0,0,0,"N",-3,-50.0,0,0,0,0,0,0,0,0,0,0,0,0,0,0
"13089","5","33513","77","0","2023","4","N",3,0,0,0,0,0,0,0,"N",0.78,0,0,0,0,0,0,0,"N",-3,-50.0,0,0,0,0,0,0,0,0,0,0,0,0,0,0
"13089","5","335132","78","0","2023","4","N",1,0,0,0,0,0,0,0,"N",0.58,0,0,0,0,0,0,0,"N",-1,-50.0,0,0,0,0,0,0,0,0,0,0,0,0,0,0
"13089","5","335139","78","0","2023","4","N",2,0,0,0,0,0,0,0,"N",1.65,0,0,0,0,0,0,0,"N",-1,-33.3,0,0,0,0,0,0,0,0,0,0,0,0,0,0
"13089","5","3352","76","0","2023","4","N",2,0,0,0,0,0,0,0,"N",1.38,0,0,0,0,0,0,0,"N",0,0.0,0,0,0,0,0,0,0,0,0,0,0,0,0,0
"13089","5","33522","77","0","2023","4","N",2,0,0,0,0,0,0,0,"N",3.10,0,0,0,0,0,0,0,"N",0,0.0,0,0,0,0,0,0,0,0,0,0,0,0,0,0
"13089","5","335220","78","0","2023","4","N",2,0,0,0,0,0,0,0,"N",3.10,0,0,0,0,0,0,0,"N",0,0.0,0,0,0,0,0,0,0,0,0,0,0,0,0,0
"13089","5","3353","76","0","2023","4","",5,100,101,81,2758858,147852,591,2258,"",0.80,0.33,0.33,0.26,0.39,0.62,0.28,1.28,"",2,66.7,2,2.0,3,3.1,-16,-16.5,164587,6.3,133982,966.0,497,528.7,215,10.5
"13089","5","33531","77","0","2023","4","",5,100,101,81,2758858,147852,591,2258,"",0.80,0.33,0.33,0.26,0.39,0.62,0.28,1.28,"",2,66.7,2,2.0,3,3.1,-16,-16.5,164587,6.3,133982,966.0,497,528.7,215,10.5
"13089","5","335311","78","0","2023","4","N",1,0,0,0,0,0,0,0,"N",0.82,0,0,0,0,0,0,0,"N",0,0.0,0,0,0,0,0,0,0,0,0,0,0,0,0,0
"13089","5","335313","78","0","2023","4","N",3,0,0,0,0,0,0,0,"N",1.88,0,0,0,0,0,0,0,"N",1,50.0,0,0,0,0,0,0,0,0,0,0,0,0,0,0
"13089","5","335314","78","0","2023","4","N",1,0,0,0,0,0,0,0,"N",0.54,0,0,0,0,0,0,0,"N",1,100.0,0,0,0,0,0,0,0,0,0,0,0,0,0,0
"13089","5","3359","76","0","2023","4","N",5,0,0,0,0,0,0,0,"N",0.56,0,0,0,0,0,0,0,"N",1,25.0,0,0,0,0,0,0,0,0,0,0,0,0,0,0
"13089","5","33591","77","0","2023","4","N",2,0,0,0,0,0,0,0,"N",1.30,0,0,0,0,0,0,0,"N",0,0.0,0,0,0,0,0,0,0,0,0,0,0,0,0,0
"13089","5","335910","78","0","2023","4","N",2,0,0,0,0,0,0,0,"N",1.30,0,0,0,0,0,0,0,"N",0,0.0,0,0,0,0,0,0,0,0,0,0,0,0,0,0
"13089","5","33593","77","0","2023","4","N",1,0,0,0,0,0,0,0,"N",0.65,0,0,0,0,0,0,0,"N",0,0.0,0,0,0,0,0,0,0,0,0,0,0,0,0,0
"13089","5","335931","78","0","2023","4","N",1,0,0,0,0,0,0,0,"N",0.89,0,0,0,0,0,0,0,"N",0,0.0,0,0,0,0,0,0,0,0,0,0,0,0,0,0
"13089","5","33599","77","0","2023","4","N",2,0,0,0,0,0,0,0,"N",0.43,0,0,0,0,0,0,0,"N",1,100.0,0,0,0,0,0,0,0,0,0,0,0,0,0,0
"13089","5","335999","78","0","2023","4","N",2,0,0,0,0,0,0,0,"N",0.49,0,0,0,0,0,0,0,"N",1,100.0,0,0,0,0,0,0,0,0,0,0,0,0,0,0
"13089","5","336","75","0","2023","4","",19,117,118,121,2947764,47762,739,1911,"",0.52,0.03,0.03,0.03,0.04,0.02,0.02,1.07,"",-1,-5.0,-39,-25.0,-39,-24.8,-34,-21.9,-746070,-20.2,-16301,-25.4,-314,-29.8,90,4.9
"13089","5","3363","76","0","2023","4","",6,7,7,7,68301,4372,121,751,"",0.47,0.01,0.01,0.01,0.00,0.01,0.01,0.53,"",0,0.0,-2,-22.2,-2,-22.2,-1,-12.5,-41092,-37.6,-4890,-52.8,-82,-40.4,-220,-22.7
"13089","5","33632","77","0","2023","4","N",2,0,0,0,0,0,0,0,"N",0.98,0,0,0,0,0,0,0,"N",-1,-33.3,0,0,0,0,0,0,0,0,0,0,0,0,0,0
"13089","5","336320","78","0","2023","4","N",2,0,0,0,0,0,0,0,"N",0.98,0,0,0,0,0,0,0,"N",-1,-33.3,0,0,0,0,0,0,0,0,0,0,0,0,0,0
"13089","5","33637","77","0","2023","4","N",1,0,0,0,0,0,0,0,"N",0.85,0,0,0,0,0,0,0,"N",1,100.0,0,0,0,0,0,0,0,0,0,0,0,0,0,0
"13089","5","336370","78","0","2023","4","N",1,0,0,0,0,0,0,0,"N",0.85,0,0,0,0,0,0,0,"N",1,100.0,0,0,0,0,0,0,0,0,0,0,0,0,0,0
"13089","5","33639","77","0","2023","4","N",3,0,0,0,0,0,0,0,"N",0.75,0,0,0,0,0,0,0,"N",0,0.0,0,0,0,0,0,0,0,0,0,0,0,0,0,0
"13089","5","336390","78","0","2023","4","N",3,0,0,0,0,0,0,0,"N",0.75,0,0,0,0,0,0,0,"N",0,0.0,0,0,0,0,0,0,0,0,0,0,0,0,0,0
"13089","5","3364","76","0","2023","4","N",10,0,0,0,0,0,0,0,"N",1.15,0,0,0,0,0,0,0,"N",-1,-9.1,0,0,0,0,0,0,0,0,0,0,0,0,0,0
"13089","5","33641","77","0","2023","4","N",10,0,0,0,0,0,0,0,"N",1.15,0,0,0,0,0,0,0,"N",-1,-9.1,0,0,0,0,0,0,0,0,0,0,0,0,0,0
"13089","5","336411","78","0","2023","4","N",7,0,0,0,0,0,0,0,"N",2.92,0,0,0,0,0,0,0,"N",0,0.0,0,0,0,0,0,0,0,0,0,0,0,0,0,0
"13089","5","336412","78","0","2023","4","N",2,0,0,0,0,0,0,0,"N",1.12,0,0,0,0,0,0,0,"N",0,0.0,0,0,0,0,0,0,0,0,0,0,0,0,0,0
"13089","5","336413","78","0","2023","4","N",1,0,0,0,0,0,0,0,"N",0.27,0,0,0,0,0,0,0,"N",-1,-50.0,0,0,0,0,0,0,0,0,0,0,0,0,0,0
"13089","5","3366","76","0","2023","4","N",1,0,0,0,0,0,0,0,"N",0.23,0,0,0,0,0,0,0,"N",0,0.0,0,0,0,0,0,0,0,0,0,0,0,0,0,0
"13089","5","33661","77","0","2023","4","N",1,0,0,0,0,0,0,0,"N",0.23,0,0,0,0,0,0,0,"N",0,0.0,0,0,0,0,0,0,0,0,0,0,0,0,0,0
"13089","5","336611","78","0","2023","4","N",1,0,0,0,0,0,0,0,"N",0.48,0,0,0,0,0,0,0,"N",0,0.0,0,0,0,0,0,0,0,0,0,0,0,0,0,0
"13089","5","3369","76","0","2023","4","N",2,0,0,0,0,0,0,0,"N",0.69,0,0,0,0,0,0,0,"N",0,0.0,0,0,0,0,0,0,0,0,0,0,0,0,0,0
"13089","5","33699","77","0","2023","4","N",2,0,0,0,0,0,0,0,"N",0.69,0,0,0,0,0,0,0,"N",0,0.0,0,0,0,0,0,0,0,0,0,0,0,0,0,0
"13089","5","336991","78","0","2023","4","N",2,0,0,0,0,0,0,0,"N",1.66,0,0,0,0,0,0,0,"N",0,0.0,0,0,0,0,0,0,0,0,0,0,0,0,0,0
"13089","5","337","75","0","2023","4","",31,416,415,417,9480114,472526,3594,1753,"",0.86,0.58,0.58,0.59,0.87,0.65,0.49,1.49,"",-1,-3.1,64,18.2,66,18.9,71,20.5,3914278,70.3,233312,97.5,57,1.6,526,42.9
"13089","5","3371","76","0","2023","4","N",18,0,0,0,0,0,0,0,"N",0.71,0,0,0,0,0,0,0,"N",-1,-5.3,0,0,0,0,0,0,0,0,0,0,0,0,0,0
"13089","5","33711","77","0","2023","4","",8,112,113,115,5174230,98212,2098,3512,"",0.50,0.47,0.48,0.49,1.55,0.34,0.74,3.23,"",1,14.3,-8,-6.7,-4,-3.4,1,0.9,3111697,150.9,56382,134.8,1978,1648.3,2156,159.0
"13089","5","337110","78","0","2023","4","",8,112,113,115,5174230,98212,2098,3512,"",0.50,0.47,0.48,0.49,1.55,0.34,0.74,3.23,"",1,14.3,-8,-6.7,-4,-3.4,1,0.9,3111697,150.9,56382,134.8,1978,1648.3,2156,159.0
"13089","5","33712","77","0","2023","4","N",10,0,0,0,0,0,0,0,"N",1.06,0,0,0,0,0,0,0,"N",-2,-16.7,0,0,0,0,0,0,0,0,0,0,0,0,0,0
"13089","5","337121","78","0","2023","4","",4,53,53,54,598714,39688,650,864,"",2.32,0.55,0.55,0.56,0.48,0.37,1.04,0.87,"",0,0.0,5,10.4,6,12.8,8,17.4,56756,10.5,-3625,-8.4,-163,-20.0,-23,-2.6
"13089","5","337122","78","0","2023","4","",5,7,7,7,70192,0,0,771,"",1.00,0.13,0.13,0.13,0.10,0.00,0.00,0.75,"N",-2,-28.6,0,0,0,0,0,0,0,0,0,0,0,0,0,0
"13089","5","337126","78","0","2023","4","N",1,0,0,0,0,0,0,0,"N",0.83,0,0,0,0,0,0,0,"N",0,0.0,0,0,0,0,0,0,0,0,0,0,0,0,0,0
"13089","5","3372","76","0","2023","4","",12,236,234,233,3464861,325265,593,1137,"",1.36,1.19,1.17,1.17,0.96,1.90,0.27,0.82,"",0,0.0,67,39.6,63,36.8,60,34.7,724406,26.4,193180,146.3,-1849,-75.7,-96,-7.8
"13089","5","33721","77","0","2023","4","",12,236,234,233,3464861,325265,593,1137,"",1.36,1.19,1.17,1.17,0.96,1.90,0.27,0.82,"",0,0.0,67,39.6,63,36.8,60,34.7,724406,26.4,193180,146.3,-1849,-75.7,-96,-7.8
"13089","5","337212","78","0","2023","4","",5,13,12,12,129869,15064,407,810,"",1.23,0.24,0.22,0.22,0.13,0.29,0.54,0.58,"",0,0.0,-3,-18.8,-5,-29.4,-4,-25.0,-24376,-15.8,-3002,-16.6,-81,-16.6,84,11.6
"13089","5","337215","78","0","2023","4","",7,223,222,221,3334992,310201,186,1156,"",2.59,2.94,2.92,2.90,2.52,4.67,0.22,0.86,"",0,0.0,70,45.8,68,44.2,64,40.8,748782,29.0,196182,172.1,-1768,-90.5,-130,-10.1
"13089","5","3379","76","0","2023","4","N",1,0,0,0,0,0,0,0,"N",0.46,0,0,0,0,0,0,0,"N",0,0.0,0,0,0,0,0,0,0,0,0,0,0,0,0,0
"13089","5","33791","77","0","2023","4","N",1,0,0,0,0,0,0,0,"N",0.83,0,0,0,0,0,0,0,"N",0,0.0,0,0,0,0,0,0,0,0,0,0,0,0,0,0
"13089","5","337910","78","0","2023","4","N",1,0,0,0,0,0,0,0,"N",0.83,0,0,0,0,0,0,0,"N",0,0.0,0,0,0,0,0,0,0,0,0,0,0,0,0,0
"13089","5","339","75","0","2023","4","",75,884,868,860,12539896,411848,3448,1108,"",1.01,0.70,0.69,0.68,0.50,0.37,0.29,0.72,"",1,1.4,-11,-1.2,-35,-3.9,-24,-2.7,-715183,-5.4,-363864,-46.9,-7109,-67.3,-33,-2.9
"13089","5","3391","76","0","2023","4","",31,232,231,230,3031391,88027,1096,1009,"",1.10,0.35,0.35,0.34,0.21,0.17,0.22,0.60,"",0,0.0,-4,-1.7,-4,-1.7,2,0.9,-341096,-10.1,-262967,-74.9,-5492,-83.4,-104,-9.3
"13089","5","33911","77","0","2023","4","",31,232,231,230,3031391,88027,1096,1009,"",1.10,0.35,0.35,0.34,0.21,0.17,0.22,0.60,"",0,0.0,-4,-1.7,-4,-1.7,2,0.9,-341096,-10.1,-262967,-74.9,-5492,-83.4,-104,-9.3
"13089","5","339112","78","0","2023","4","N",3,0,0,0,0,0,0,0,"N",0.38,0,0,0,0,0,0,0,"N",0,0.0,0,0,0,0,0,0,0,0,0,0,0,0,0,0
"13089","5","339113","78","0","2023","4","",10,29,28,29,454935,25795,70,1221,"",1.43,0.14,0.14,0.14,0.10,0.15,0.04,0.70,"",2,25.0,4,16.0,2,7.7,0,0.0,-66905,-12.8,-20257,-44.0,-196,-73.7,-284,-18.9
"13089","5","339114","78","0","2023","4","",3,7,7,7,64200,4050,9,705,"",1.73,0.21,0.21,0.21,0.10,0.11,0.02,0.45,"N",-1,-25.0,0,0,0,0,0,0,0,0,0,0,0,0,0,0
"13089","5","339115","78","0","2023","4","N",2,0,0,0,0,0,0,0,"N",1.52,0,0,0,0,0,0,0,"N",0,0.0,0,0,0,0,0,0,0,0,0,0,0,0,0,0
"13089","5","339116","78","0","2023","4","",13,74,74,74,1076124,16970,418,1119,"",1.29,0.84,0.84,0.83,0.83,0.22,0.52,0.99,"",-1,-7.1,-13,-14.9,-10,-11.9,-5,-6.3,-98582,-8.4,-194534,-92.0,-5244,-92.6,35,3.2
"13089","5","3399","76","0","2023","4","",44,652,637,630,9508505,323821,2352,1143,"",0.95,1.10,1.07,1.06,0.90,0.55,0.35,0.83,"",1,2.3,-7,-1.1,-31,-4.6,-26,-4.0,-374087,-3.8,-100897,-23.8,-1617,-40.7,-7,-0.6
"13089","5","33991","77","0","2023","4","",4,11,11,11,88271,3380,5,617,"",0.91,0.25,0.24,0.24,0.12,0.07,0.01,0.50,"",0,0.0,-2,-15.4,-2,-15.4,-2,-15.4,-4580,-4.9,-4054,-54.5,-24,-82.8,68,12.4
"13089","5","339910","78","0","2023","4","",4,11,11,11,88271,3380,5,617,"",0.91,0.25,0.24,0.24,0.12,0.07,0.01,0.50,"",0,0.0,-2,-15.4,-2,-15.4,-2,-15.4,-4580,-4.9,-4054,-54.5,-24,-82.8,68,12.4
"13089","5","33993","77","0","2023","4","N",3,0,0,0,0,0,0,0,"N",1.66,0,0,0,0,0,0,0,"N",1,50.0,0,0,0,0,0,0,0,0,0,0,0,0,0,0
"13089","5","339930","78","0","2023","4","N",3,0,0,0,0,0,0,0,"N",1.66,0,0,0,0,0,0,0,"N",1,50.0,0,0,0,0,0,0,0,0,0,0,0,0,0,0
"13089","5","33994","77","0","2023","4","N",2,0,0,0,0,0,0,0,"N",1.97,0,0,0,0,0,0,0,"N",0,0.0,0,0,0,0,0,0,0,0,0,0,0,0,0,0
"13089","5","339940","78","0","2023","4","N",2,0,0,0,0,0,0,0,"N",1.97,0,0,0,0,0,0,0,"N",0,0.0,0,0,0,0,0,0,0,0,0,0,0,0,0,0
"13089","5","33995","77","0","2023","4","",19,303,297,300,5114770,197878,1365,1311,"",1.27,1.95,1.90,1.92,1.93,1.28,0.80,1.01,"",-1,-5.0,3,1.0,-1,-0.3,1,0.3,283047,5.9,8132,4.3,-868,-38.9,68,5.5
"13089","5","339950","78","0","2023","4","",19,303,297,300,5114770,197878,1365,1311,"",1.27,1.95,1.90,1.92,1.93,1.28,0.80,1.01,"",-1,-5.0,3,1.0,-1,-0.3,1,0.3,283047,5.9,8132,4.3,-868,-38.9,68,5.5
"13089","5","33999","77","0","2023","4","",16,62,55,42,960848,70789,609,1395,"",0.83,0.24,0.21,0.16,0.20,0.30,0.22,1.01,"",1,6.7,-6,-8.8,-27,-32.9,-27,-39.1,-312463,-24.5,-105783,-59.9,-643,-51.4,53,3.9
"13089","5","339992","78","0","2023","4","N",1,0,0,0,0,0,0,0,"N",0.69,0,0,0,0,0,0,0,"N",0,0.0,0,0,0,0,0,0,0,0,0,0,0,0,0,0
"13089","5","339994","78","0","2023","4","N",1,0,0,0,0,0,0,0,"N",2.41,0,0,0,0,0,0,0,"N",-1,-50.0,0,0,0,0,0,0,0,0,0,0,0,0,0,0
"13089","5","339999","78","0","2023","4","",14,60,53,40,940848,63789,382,1419,"",0.92,0.41,0.36,0.27,0.35,0.39,0.18,1.00,"",3,27.3,21,53.8,2,3.9,3,8.1,201467,27.2,-81575,-56.1,-611,-61.5,75,5.6
"13089","5","42","74","0","2023","4","",1037,11006,11064,11101,279556622,8296811,98471,1945,"",0.82,0.88,0.88,0.88,0.86,0.77,0.82,0.98,"",-83,-7.4,-302,-2.7,-323,-2.8,-261,-2.3,-18537013,-6.2,-649903,-7.3,1870,1.9,-75,-3.7
"13089","5","423","75","0","2023","4","",465,6202,6224,6261,168930532,4284347,45170,2086,"",0.69,0.90,0.90,0.90,0.93,0.76,0.72,1.03,"",-33,-6.6,-451,-6.8,-467,-7.0,-372,-5.6,-18458594,-9.9,-710651,-14.2,-5813,-11.4,-79,-3.6
"13089","5","4231","76","0","2023","4","",46,959,952,963,23609156,913101,5990,1896,"",0.85,1.26,1.24,1.24,1.53,1.35,0.81,1.23,"",-2,-4.2,58,6.4,46,5.1,38,4.1,1853476,8.5,-226667,-19.9,-1445,-19.4,58,3.2
"13089","5","42311","77","0","2023","4","",13,330,333,339,10689897,428167,3242,2462,"",0.86,1.17,1.17,1.18,1.68,1.77,1.29,1.43,"",-1,-7.1,54,19.6,51,18.1,43,14.5,1678007,18.6,91235,27.1,93,3.0,27,1.1
"13089","5","423110","78","0","2023","4","",13,330,333,339,10689897,428167,3242,2462,"",0.86,1.17,1.17,1.18,1.68,1.77,1.29,1.43,"",-1,-7.1,54,19.6,51,18.1,43,14.5,1678007,18.6,91235,27.1,93,3.0,27,1.1
"13089","5","42312","77","0","2023","4","",22,155,154,158,2315160,168400,840,1144,"",0.74,0.43,0.42,0.42,0.33,0.52,0.22,0.78,"",0,0.0,-5,-3.1,-2,-1.3,2,1.3,-156403,-6.3,-6533,-3.7,130,18.3,-64,-5.3
"13089","5","423120","78","0","2023","4","",22,155,154,158,2315160,168400,840,1144,"",0.74,0.43,0.42,0.42,0.33,0.52,0.22,0.78,"",0,0.0,-5,-3.1,-2,-1.3,2,1.3,-156403,-6.3,-6533,-3.7,130,18.3,-64,-5.3
"13089","5","42313","77","0","2023","4","",7,414,407,408,9571575,300428,1875,1797,"",1.47,5.95,5.83,5.86,7.30,4.89,2.76,1.24,"",0,0.0,20,5.1,11,2.8,5,1.2,472422,5.2,-309661,-50.8,-1662,-47.0,37,2.1
"13089","5","423130","78","0","2023","4","",7,414,407,408,9571575,300428,1875,1797,"",1.47,5.95,5.83,5.86,7.30,4.89,2.76,1.24,"",0,0.0,20,5.1,11,2.8,5,1.2,472422,5.2,-309661,-50.8,-1662,-47.0,37,2.1
"13089","5","42314","77","0","2023","4","",4,60,58,58,1032524,16106,33,1354,"",0.95,1.30,1.25,1.24,1.41,0.33,0.07,1.12,"",-1,-20.0,-11,-15.5,-14,-19.4,-12,-17.1,-140550,-12.0,-1708,-9.6,-6,-15.4,83,6.5
"13089","5","423140","78","0","2023","4","",4,60,58,58,1032524,16106,33,1354,"",0.95,1.30,1.25,1.24,1.41,0.33,0.07,1.12,"",-1,-20.0,-11,-15.5,-14,-19.4,-12,-17.1,-140550,-12.0,-1708,-9.6,-6,-15.4,83,6.5
"13089","5","4232","76","0","2023","4","",36,571,577,587,12244948,341329,1590,1629,"",1.36,2.49,2.52,2.56,2.50,1.63,0.63,0.99,"",2,5.9,44,8.3,40,7.4,59,11.2,2331661,23.5,-42436,-11.1,-3498,-68.8,192,13.4
"13089","5","42321","77","0","2023","4","",16,242,239,249,6673309,122329,777,2110,"",1.32,2.36,2.34,2.43,2.95,1.30,0.69,1.24,"",-1,-5.9,10,4.3,7,3.0,26,11.7,1724921,34.9,-59477,-32.7,-1404,-64.4,448,27.0
"13089","5","423210","78","0","2023","4","",16,242,239,249,6673309,122329,777,2110,"",1.32,2.36,2.34,2.43,2.95,1.30,0.69,1.24,"",-1,-5.9,10,4.3,7,3.0,26,11.7,1724921,34.9,-59477,-32.7,-1404,-64.4,448,27.0
"13089","5","42322","77","0","2023","4","",20,329,338,338,5571639,219000,813,1279,"",1.40,2.60,2.67,2.67,2.11,1.91,0.58,0.80,"",3,17.6,34,11.5,33,10.8,33,10.8,606740,12.2,17041,8.4,-2094,-72.0,13,1.0
"13089","5","423220","78","0","2023","4","",20,329,338,338,5571639,219000,813,1279,"",1.40,2.60,2.67,2.67,2.11,1.91,0.58,0.80,"",3,17.6,34,11.5,33,10.8,33,10.8,606740,12.2,17041,8.4,-2094,-72.0,13,1.0
"13089","5","4233","76","0","2023","4","",39,594,589,598,20335600,454382,8246,2635,"",0.78,1.11,1.10,1.11,1.70,0.84,1.35,1.54,"",0,0.0,90,17.9,91,18.3,100,20.1,1081960,5.6,86115,23.4,1588,23.9,-327,-11.0
"13089","5","42331","77","0","2023","4","",19,353,352,353,10802437,328552,6532,2356,"",1.00,1.52,1.51,1.51,2.06,1.31,2.73,1.36,"",1,5.6,107,43.5,107,43.7,109,44.7,451131,4.4,103562,46.0,1420,27.8,-894,-27.5
"13089","5","423310","78","0","2023","4","",19,353,352,353,10802437,328552,6532,2356,"",1.00,1.52,1.51,1.51,2.06,1.31,2.73,1.36,"",1,5.6,107,43.5,107,43.7,109,44.7,451131,4.4,103562,46.0,1420,27.8,-894,-27.5
"13089","5","42332","77","0","2023","4","",9,59,59,64,1146001,28400,236,1453,"",0.69,0.43,0.43,0.47,0.40,0.24,0.14,0.90,"",-2,-18.2,-17,-22.4,-12,-16.9,-7,-9.9,-10880,-0.9,-47230,-62.4,-645,-73.2,228,18.6
"13089","5","423320","78","0","2023","4","",9,59,59,64,1146001,28400,236,1453,"",0.69,0.43,0.43,0.47,0.40,0.24,0.14,0.90,"",-2,-18.2,-17,-22.4,-12,-16.9,-7,-9.9,-10880,-0.9,-47230,-62.4,-645,-73.2,228,18.6
"13089","5","42333","77","0","2023","4","",6,166,162,165,8037392,59430,452,3762,"",0.74,1.77,1.72,1.75,3.70,0.70,0.43,2.12,"",0,0.0,0,0.0,-4,-2.4,-2,-1.2,531966,7.1,-3017,-4.8,-73,-13.9,291,8.4
"13089","5","423330","78","0","2023","4","",6,166,162,165,8037392,59430,452,3762,"",0.74,1.77,1.72,1.75,3.70,0.70,0.43,2.12,"",0,0.0,0,0.0,-4,-2.4,-2,-1.2,531966,7.1,-3017,-4.8,-73,-13.9,291,8.4
"13089","5","42339","77","0","2023","4","",5,16,16,16,349770,38000,1026,1682,"",0.49,0.22,0.22,0.22,0.21,0.42,1.05,0.95,"",1,25.0,0,0.0,0,0.0,0,0.0,109743,45.7,32800,630.8,886,632.9,528,45.8
"13089","5","423390","78","0","2023","4","",5,16,16,16,349770,38000,1026,1682,"",0.49,0.22,0.22,0.22,0.21,0.42,1.05,0.95,"",1,25.0,0,0.0,0,0.0,0,0.0,109743,45.7,32800,630.8,886,632.9,528,45.8
"13089","5","4234","76","0","2023","4","",84,1267,1246,1246,46119507,461502,6133,2831,"",0.58,0.84,0.82,0.82,0.90,0.45,0.51,1.09,"",-16,-16.0,-677,-34.8,-699,-35.9,-622,-33.3,-26777034,-36.7,-368141,-44.4,-3987,-39.4,-91,-3.1
"13089","5","42341","77","0","2023","4","",3,7,7,8,129009,7048,190,1353,"",1.17,0.28,0.28,0.32,0.17,0.44,0.80,0.58,"",0,0.0,0,0.0,-1,-12.5,0,0.0,13587,11.8,-13081,-65.0,-443,-70.0,195,16.8
"13089","5","423410","78","0","2023","4","",3,7,7,8,129009,7048,190,1353,"",1.17,0.28,0.28,0.32,0.17,0.44,0.80,0.58,"",0,0.0,0,0.0,-1,-12.5,0,0.0,13587,11.8,-13081,-65.0,-443,-70.0,195,16.8
"13089","5","42342","77","0","2023","4","",3,5,5,5,92042,0,0,1416,"",0.25,0.04,0.04,0.04,0.03,0.00,0.00,0.83,"",0,0.0,-1,-16.7,-1,-16.7,-2,-28.6,-31526,-25.5,-900,-100.0,0,0.0,-85,-5.7
"13089","5","423420","78","0","2023","4","",3,5,5,5,92042,0,0,1416,"",0.25,0.04,0.04,0.04,0.03,0.00,0.00,0.83,"",0,0.0,-1,-16.7,-1,-16.7,-2,-28.6,-31526,-25.5,-900,-100.0,0,0.0,-85,-5.7
"13089","5","42343","77","0","2023","4","",27,809,785,779,32849552,175295,3969,3195,"",0.76,1.70,1.65,1.63,1.54,0.71,1.39,0.93,"",-4,-12.9,-514,-38.9,-531,-40.3,-522,-40.1,-23827777,-42.0,-44808,-20.4,-854,-17.7,-125,-3.8
"13089","5","423430","78","0","2023","4","",27,809,785,779,32849552,175295,3969,3195,"",0.76,1.70,1.65,1.63,1.54,0.71,1.39,0.93,"",-4,-12.9,-514,-38.9,-531,-40.3,-522,-40.1,-23827777,-42.0,-44808,-20.4,-854,-17.7,-125,-3.8
"13089","5","42344","77","0","2023","4","",12,78,79,79,988896,102171,460,967,"",0.90,0.65,0.65,0.65,0.37,0.97,0.37,0.58,"",-4,-25.0,-60,-43.5,-60,-43.2,-63,-44.4,-1419291,-58.9,-38849,-27.5,-529,-53.5,-359,-27.1
"13089","5","423440","78","0","2023","4","",12,78,79,79,988896,102171,460,967,"",0.90,0.65,0.65,0.65,0.37,0.97,0.37,0.58,"",-4,-25.0,-60,-43.5,-60,-43.2,-63,-44.4,-1419291,-58.9,-38849,-27.5,-529,-53.5,-359,-27.1
"13089","5","42345","77","0","2023","4","",35,362,364,369,11872842,176988,1514,2502,"",0.51,0.57,0.57,0.58,0.58,0.39,0.29,1.01,"",-5,-12.5,-85,-19.0,-89,-19.6,-18,-4.7,-1191607,-9.1,-260231,-59.5,-1884,-55.4,159,6.8
"13089","5","423450","78","0","2023","4","",35,362,364,369,11872842,176988,1514,2502,"",0.51,0.57,0.57,0.58,0.58,0.39,0.29,1.01,"",-5,-12.5,-85,-19.0,-89,-19.6,-18,-4.7,-1191607,-9.1,-260231,-59.5,-1884,-55.4,159,6.8
"13089","5","42346","77","0","2023","4","N",1,0,0,0,0,0,0,0,"N",0.21,0,0,0,0,0,0,0,"N",-1,-50.0,0,0,0,0,0,0,0,0,0,0,0,0,0,0
"13089","5","423460","78","0","2023","4","N",1,0,0,0,0,0,0,0,"N",0.21,0,0,0,0,0,0,0,"N",-1,-50.0,0,0,0,0,0,0,0,0,0,0,0,0,0,0
"13089","5","42349","77","0","2023","4","N",3,0,0,0,0,0,0,0,"N",0.32,0,0,0,0,0,0,0,"N",-2,-40.0,0,0,0,0,0,0,0,0,0,0,0,0,0,0
"13089","5","423490","78","0","2023","4","N",3,0,0,0,0,0,0,0,"N",0.32,0,0,0,0,0,0,0,"N",-2,-40.0,0,0,0,0,0,0,0,0,0,0,0,0,0,0
"13089","5","4235","76","0","2023","4","",18,259,269,266,6239293,265983,3401,1813,"",0.79,0.95,0.98,0.96,0.88,1.25,1.38,0.91,"",0,0.0,-19,-6.8,-9,-3.2,-6,-2.2,-422189,-6.3,160531,152.2,2999,746.0,-44,-2.4
"13089","5","42351","77","0","2023","4","",18,259,269,266,6239293,265983,3401,1813,"",0.83,0.97,1.00,0.98,0.91,1.27,1.41,0.92,"",0,0.0,-19,-6.8,-9,-3.2,-6,-2.2,-422189,-6.3,160531,152.2,2999,746.0,-44,-2.4
"13089","5","423510","78","0","2023","4","",18,259,269,266,6239293,265983,3401,1813,"",0.83,0.97,1.00,0.98,0.91,1.27,1.41,0.92,"",0,0.0,-19,-6.8,-9,-3.2,-6,-2.2,-422189,-6.3,160531,152.2,2999,746.0,-44,-2.4
"13089","5","4236","76","0","2023","4","",50,314,318,316,9228633,166619,1941,2247,"",0.64,0.41,0.42,0.41,0.42,0.31,0.30,1.01,"",-2,-3.8,77,32.5,90,39.5,91,40.4,3031359,48.9,20506,14.0,517,36.3,174,8.4
"13089","5","42361","77","0","2023","4","",25,149,150,151,3238116,61133,457,1661,"",0.67,0.37,0.37,0.38,0.31,0.21,0.15,0.82,"",1,4.2,45,43.3,48,47.1,51,51.0,1026571,46.4,1610,2.7,-418,-47.8,-7,-0.4
"13089","5","423610","78","0","2023","4","",25,149,150,151,3238116,61133,457,1661,"",0.67,0.37,0.37,0.38,0.31,0.21,0.15,0.82,"",1,4.2,45,43.3,48,47.1,51,51.0,1026571,46.4,1610,2.7,-418,-47.8,-7,-0.4
"13089","5","42362","77","0","2023","4","",8,80,81,81,3068590,44332,1197,2926,"",0.84,1.12,1.13,1.13,1.51,0.77,1.53,1.33,"N",-2,-20.0,0,0,0,0,0,0,0,0,0,0,0,0,0,0
"13089","5","423620","78","0","2023","4","",8,80,81,81,3068590,44332,1197,2926,"",0.84,1.12,1.13,1.13,1.51,0.77,1.53,1.33,"N",-2,-20.0,0,0,0,0,0,0,0,0,0,0,0,0,0,0
"13089","5","42369","77","0","2023","4","",17,85,87,84,2921927,61154,287,2634,"",0.55,0.29,0.30,0.29,0.31,0.31,0.11,1.06,"N",-1,-5.6,0,0,0,0,0,0,0,0,0,0,0,0,0,0
"13089","5","423690","78","0","2023","4","",17,85,87,84,2921927,61154,287,2634,"",0.55,0.29,0.30,0.29,0.31,0.31,0.11,1.06,"N",-1,-5.6,0,0,0,0,0,0,0,0,0,0,0,0,0,0
"13089","5","4237","76","0","2023","4","",42,771,772,783,19989583,435394,5416,1983,"",0.77,1.22,1.22,1.22,1.28,0.83,1.04,1.05,"",-15,-26.3,-169,-18.0,-156,-16.8,-158,-16.8,-1756289,-8.1,-303650,-41.1,-5366,-49.8,197,11.0
"13089","5","42371","77","0","2023","4","N",14,0,0,0,0,0,0,0,"N",0.86,0,0,0,0,0,0,0,"N",-3,-17.6,0,0,0,0,0,0,0,0,0,0,0,0,0,0
"13089","5","423710","78","0","2023","4","N",14,0,0,0,0,0,0,0,"N",0.86,0,0,0,0,0,0,0,"N",-3,-17.6,0,0,0,0,0,0,0,0,0,0,0,0,0,0
"13089","5","42372","77","0","2023","4","",17,333,339,347,10408078,196468,2381,2357,"",0.81,1.36,1.38,1.41,1.71,0.91,1.19,1.24,"",0,0.0,-17,-4.9,5,1.5,17,5.2,233489,2.3,-115467,-37.0,-4276,-64.2,41,1.8
"13089","5","423720","78","0","2023","4","",17,333,339,347,10408078,196468,2381,2357,"",0.81,1.36,1.38,1.41,1.71,0.91,1.19,1.24,"",0,0.0,-17,-4.9,5,1.5,17,5.2,233489,2.3,-115467,-37.0,-4276,-64.2,41,1.8
"13089","5","42373","77","0","2023","4","N",9,0,0,0,0,0,0,0,"N",0.63,0,0,0,0,0,0,0,"N",-12,-57.1,0,0,0,0,0,0,0,0,0,0,0,0,0,0
"13089","5","423730","78","0","2023","4","N",9,0,0,0,0,0,0,0,"N",0.63,0,0,0,0,0,0,0,"N",-12,-57.1,0,0,0,0,0,0,0,0,0,0,0,0,0,0
"13089","5","42374","77","0","2023","4","N",2,0,0,0,0,0,0,0,"N",0.59,0,0,0,0,0,0,0,"N",0,0.0,0,0,0,0,0,0,0,0,0,0,0,0,0,0
"13089","5","423740","78","0","2023","4","N",2,0,0,0,0,0,0,0,"N",0.59,0,0,0,0,0,0,0,"N",0,0.0,0,0,0,0,0,0,0,0,0,0,0,0,0,0
"13089","5","4238","76","0","2023","4","",93,1158,1176,1185,26505153,949277,8037,1738,"",0.61,0.74,0.75,0.75,0.66,0.73,0.61,0.88,"",2,2.2,131,12.8,98,9.1,104,9.6,1818387,7.4,-48537,-4.9,1658,26.0,-50,-2.8
"13089","5","42381","77","0","2023","4","N",4,0,0,0,0,0,0,0,"N",0.34,0,0,0,0,0,0,0,"N",0,0.0,0,0,0,0,0,0,0,0,0,0,0,0,0,0
"13089","5","423810","78","0","2023","4","N",4,0,0,0,0,0,0,0,"N",0.34,0,0,0,0,0,0,0,"N",0,0.0,0,0,0,0,0,0,0,0,0,0,0,0,0,0
"13089","5","42382","77","0","2023","4","N",3,0,0,0,0,0,0,0,"N",0.16,0,0,0,0,0,0,0,"N",0,0.0,0,0,0,0,0,0,0,0,0,0,0,0,0,0
"13089","5","423820","78","0","2023","4","N",3,0,0,0,0,0,0,0,"N",0.16,0,0,0,0,0,0,0,"N",0,0.0,0,0,0,0,0,0,0,0,0,0,0,0,0,0
"13089","5","42383","77","0","2023","4","",42,553,565,570,13787247,452353,2650,1885,"",0.57,0.79,0.81,0.81,0.75,0.87,0.47,0.93,"",-5,-10.6,-10,-1.8,-15,-2.6,-12,-2.1,261225,1.9,37625,9.1,-357,-11.9,75,4.1
"13089","5","423830","78","0","2023","4","",42,553,565,570,13787247,452353,2650,1885,"",0.57,0.79,0.81,0.81,0.75,0.87,0.47,0.93,"",-5,-10.6,-10,-1.8,-15,-2.6,-12,-2.1,261225,1.9,37625,9.1,-357,-11.9,75,4.1
"13089","5","42384","77","0","2023","4","",22,325,333,337,6724559,276136,3633,1560,"",0.83,1.50,1.52,1.54,1.18,1.50,1.86,0.78,"",6,37.5,132,68.4,110,49.3,114,51.1,1539638,29.7,90677,48.9,1844,103.1,-312,-16.7
"13089","5","423840","78","0","2023","4","",22,325,333,337,6724559,276136,3633,1560,"",0.83,1.50,1.52,1.54,1.18,1.50,1.86,0.78,"",6,37.5,132,68.4,110,49.3,114,51.1,1539638,29.7,90677,48.9,1844,103.1,-312,-16.7
"13089","5","42385","77","0","2023","4","",18,121,123,121,2253768,129428,1297,1425,"",1.35,1.05,1.06,1.04,0.96,1.19,1.14,0.92,"",1,5.9,4,3.4,6,5.1,2,1.7,-63369,-2.7,-149795,-53.6,1119,628.7,-90,-5.9
"13089","5","423850","78","0","2023","4","",18,121,123,121,2253768,129428,1297,1425,"",1.35,1.05,1.06,1.04,0.96,1.19,1.14,0.92,"",1,5.9,4,3.4,6,5.1,2,1.7,-63369,-2.7,-149795,-53.6,1119,628.7,-90,-5.9
"13089","5","42386","77","0","2023","4","N",4,0,0,0,0,0,0,0,"N",0.43,0,0,0,0,0,0,0,"N",0,0.0,0,0,0,0,0,0,0,0,0,0,0,0,0,0
"13089","5","423860","78","0","2023","4","N",4,0,0,0,0,0,0,0,"N",0.43,0,0,0,0,0,0,0,"N",0,0.0,0,0,0,0,0,0,0,0,0,0,0,0,0,0
"13089","5","4239","76","0","2023","4","",57,309,325,317,4658659,296760,4416,1130,"",0.66,0.48,0.50,0.48,0.34,0.48,0.59,0.69,"",-2,-3.4,14,4.7,32,10.9,22,7.5,380075,8.9,11628,4.1,1721,63.9,12,1.1
"13089","5","42391","77","0","2023","4","",7,33,34,32,553900,34746,451,1291,"",0.40,0.25,0.26,0.24,0.20,0.28,0.34,0.81,"",1,16.7,10,43.5,9,36.0,8,33.3,256307,86.1,18060,108.2,234,107.8,337,35.3
"13089","5","423910","78","0","2023","4","",7,33,34,32,553900,34746,451,1291,"",0.40,0.25,0.26,0.24,0.20,0.28,0.34,0.81,"",1,16.7,10,43.5,9,36.0,8,33.3,256307,86.1,18060,108.2,234,107.8,337,35.3
"13089","5","42392","77","0","2023","4","",6,27,35,33,338103,64313,1628,821,"",0.97,0.56,0.71,0.66,0.26,1.39,2.83,0.41,"",1,20.0,4,17.4,12,52.2,12,57.1,86483,34.4,51759,412.3,1407,636.7,-46,-5.3
"13089","5","423920","78","0","2023","4","",6,27,35,33,338103,64313,1628,821,"",0.97,0.56,0.71,0.66,0.26,1.39,2.83,0.41,"",1,20.0,4,17.4,12,52.2,12,57.1,86483,34.4,51759,412.3,1407,636.7,-46,-5.3
"13089","5","42393","77","0","2023","4","",16,101,100,95,1717187,66916,825,1339,"",1.00,0.49,0.48,0.46,0.44,0.35,0.37,0.93,"",1,6.7,-10,-9.0,-6,-5.7,-11,-10.4,-135123,-7.3,-18213,-21.4,-219,-21.0,16,1.2
"13089","5","423930","78","0","2023","4","",16,101,100,95,1717187,66916,825,1339,"",1.00,0.49,0.48,0.46,0.44,0.35,0.37,0.93,"",1,6.7,-10,-9.0,-6,-5.7,-11,-10.4,-135123,-7.3,-18213,-21.4,-219,-21.0,16,1.2
"13089","5","42394","77","0","2023","4","",19,75,76,77,1019808,56896,709,1032,"",1.28,1.02,1.02,1.04,0.62,0.86,0.71,0.60,"",-6,-24.0,-16,-17.6,-16,-17.4,-19,-19.8,-316251,-23.7,-72127,-55.9,-174,-19.7,-73,-6.6
"13089","5","423940","78","0","2023","4","",19,75,76,77,1019808,56896,709,1032,"",1.28,1.02,1.02,1.04,0.62,0.86,0.71,0.60,"",-6,-24.0,-16,-17.6,-16,-17.4,-19,-19.8,-316251,-23.7,-72127,-55.9,-174,-19.7,-73,-6.6
"13089","5","42399","77","0","2023","4","",9,73,80,80,1029661,73889,803,1020,"",0.29,0.39,0.42,0.42,0.24,0.38,0.33,0.59,"",1,12.5,26,55.3,33,70.2,32,66.7,488659,90.3,32149,77.0,473,143.3,141,16.0
"13089","5","423990","78","0","2023","4","",9,73,80,80,1029661,73889,803,1020,"",0.29,0.39,0.42,0.42,0.24,0.38,0.33,0.59,"",1,12.5,26,55.3,33,70.2,32,66.7,488659,90.3,32149,77.0,473,143.3,141,16.0
"13089","5","424","75","0","2023","4","",265,3122,3164,3165,62396221,2738015,38088,1524,"",0.73,0.69,0.70,0.70,0.59,0.64,0.81,0.84,"",-6,-2.2,104,3.4,122,4.0,120,3.9,-1834259,-2.9,269687,10.9,11196,41.6,-104,-6.4
"13089","5","4241","76","0","2023","4","",19,97,98,96,1762545,65783,262,1398,"",0.98,0.41,0.41,0.40,0.33,0.33,0.12,0.80,"",-2,-9.5,-8,-7.6,-7,-6.7,-10,-9.4,-105946,-5.7,7292,12.5,-830,-76.0,33,2.4
"13089","5","42412","77","0","2023","4","",9,29,28,24,387394,21456,17,1104,"",1.34,0.36,0.34,0.29,0.30,0.33,0.03,0.89,"",-1,-10.0,-8,-21.6,-8,-22.2,-10,-29.4,-254346,-39.6,-11648,-35.2,-964,-98.3,-280,-20.2
"13089","5","424120","78","0","2023","4","",9,29,28,24,387394,21456,17,1104,"",1.34,0.36,0.34,0.29,0.30,0.33,0.03,0.89,"",-1,-10.0,-8,-21.6,-8,-22.2,-10,-29.4,-254346,-39.6,-11648,-35.2,-964,-98.3,-280,-20.2
"13089","5","42413","77","0","2023","4","",10,68,70,72,1375151,44327,245,1511,"",0.99,0.51,0.53,0.54,0.40,0.39,0.19,0.76,"",-1,-9.1,0,0.0,1,1.4,0,0.0,148400,12.1,18940,74.6,134,120.7,156,11.5
"13089","5","424130","78","0","2023","4","",10,68,70,72,1375151,44327,245,1511,"",0.99,0.51,0.53,0.54,0.40,0.39,0.19,0.76,"",-1,-9.1,0,0.0,1,1.4,0,0.0,148400,12.1,18940,74.6,134,120.7,156,11.5
"13089","5","4242","76","0","2023","4","",26,318,317,316,12330437,228348,4516,2992,"",0.56,0.60,0.60,0.59,0.57,0.60,0.95,0.95,"",-6,-18.8,-23,-6.7,-19,-5.7,-15,-4.5,1575443,14.6,76887,50.8,3330,280.8,530,21.5
"13089","5","42421","77","0","2023","4","",26,318,317,316,12330437,228348,4516,2992,"",0.56,0.60,0.60,0.59,0.57,0.60,0.95,0.95,"",-6,-18.8,-23,-6.7,-19,-5.7,-15,-4.5,1575443,14.6,76887,50.8,3330,280.8,530,21.5
"13089","5","424210","78","0","2023","4","",26,318,317,316,12330437,228348,4516,2992,"",0.56,0.60,0.60,0.59,0.57,0.60,0.95,0.95,"",-6,-18.8,-23,-6.7,-19,-5.7,-15,-4.5,1575443,14.6,76887,50.8,3330,280.8,530,21.5
"13089","5","4243","76","0","2023","4","",40,205,206,208,3004704,139763,843,1120,"",1.20,0.69,0.69,0.70,0.44,0.48,0.22,0.64,"",-2,-4.8,-25,-10.9,-28,-12.0,-34,-14.0,-671615,-18.3,-114231,-45.0,-2210,-72.4,-82,-6.8
"13089","5","42431","77","0","2023","4","",8,36,36,35,662209,10600,86,1428,"",1.05,0.78,0.78,0.76,0.74,0.24,0.16,0.95,"",-3,-27.3,-24,-40.0,-26,-41.9,-26,-42.6,-358252,-35.1,-42445,-80.0,-157,-64.6,141,11.0
"13089","5","424310","78","0","2023","4","",8,36,36,35,662209,10600,86,1428,"",1.05,0.78,0.78,0.76,0.74,0.24,0.16,0.95,"",-3,-27.3,-24,-40.0,-26,-41.9,-26,-42.6,-358252,-35.1,-42445,-80.0,-157,-64.6,141,11.0
"13089","5","42434","77","0","2023","4","",6,27,26,33,509486,24352,162,1367,"",1.55,0.56,0.52,0.67,0.43,0.60,0.30,0.73,"",1,20.0,1,3.8,0,0.0,2,6.5,73135,16.8,9219,60.9,-165,-50.5,154,12.7
"13089","5","424340","78","0","2023","4","",6,27,26,33,509486,24352,162,1367,"",1.55,0.56,0.52,0.67,0.43,0.60,0.30,0.73,"",1,20.0,1,3.8,0,0.0,2,6.5,73135,16.8,9219,60.9,-165,-50.5,154,12.7
"13089","5","42435","77","0","2023","4","",26,142,144,140,1833009,104811,595,993,"",1.19,0.70,0.71,0.69,0.39,0.50,0.21,0.56,"",0,0.0,-2,-1.4,-2,-1.4,-10,-6.7,-386498,-17.4,-81005,-43.6,-1888,-76.0,-171,-14.7
"13089","5","424350","78","0","2023","4","",26,142,144,140,1833009,104811,595,993,"",1.19,0.70,0.71,0.69,0.39,0.50,0.21,0.56,"",0,0.0,-2,-1.4,-2,-1.4,-10,-6.7,-386498,-17.4,-81005,-43.6,-1888,-76.0,-171,-14.7
"13089","5","4244","76","0","2023","4","",79,1532,1546,1531,26529901,1362819,15169,1328,"",0.80,0.92,0.93,0.91,0.80,0.77,0.77,0.87,"",4,5.3,72,4.9,76,5.2,77,5.3,-637965,-2.3,137442,11.2,4130,37.4,-102,-7.1
"13089","5","42441","77","0","2023","4","",22,185,198,185,3607235,99338,296,1466,"",1.26,0.35,0.38,0.35,0.36,0.17,0.05,0.99,"",1,4.8,5,2.8,21,11.9,15,8.8,-2436556,-40.3,-25556,-20.5,-413,-58.3,-1181,-44.6
"13089","5","424410","78","0","2023","4","",22,185,198,185,3607235,99338,296,1466,"",1.26,0.35,0.38,0.35,0.36,0.17,0.05,0.99,"",1,4.8,5,2.8,21,11.9,15,8.8,-2436556,-40.3,-25556,-20.5,-413,-58.3,-1181,-44.6
"13089","5","42442","77","0","2023","4","",6,45,45,43,2098419,25668,38,3641,"",1.09,0.64,0.63,0.60,1.40,0.34,0.04,2.25,"N",1,20.0,0,0,0,0,0,0,0,0,0,0,0,0,0,0
"13089","5","424420","78","0","2023","4","",6,45,45,43,2098419,25668,38,3641,"",1.09,0.64,0.63,0.60,1.40,0.34,0.04,2.25,"N",1,20.0,0,0,0,0,0,0,0,0,0,0,0,0,0,0
"13089","5","42444","77","0","2023","4","N",1,0,0,0,0,0,0,0,"N",0.68,0,0,0,0,0,0,0,"N",0,0.0,0,0,0,0,0,0,0,0,0,0,0,0,0,0
"13089","5","424440","78","0","2023","4","N",1,0,0,0,0,0,0,0,"N",0.68,0,0,0,0,0,0,0,"N",0,0.0,0,0,0,0,0,0,0,0,0,0,0,0,0,0
"13089","5","42445","77","0","2023","4","N",7,0,0,0,0,0,0,0,"N",0.90,0,0,0,0,0,0,0,"N",1,16.7,0,0,0,0,0,0,0,0,0,0,0,0,0,0
"13089","5","424450","78","0","2023","4","N",7,0,0,0,0,0,0,0,"N",0.90,0,0,0,0,0,0,0,"N",1,16.7,0,0,0,0,0,0,0,0,0,0,0,0,0,0
"13089","5","42446","77","0","2023","4","",5,63,61,63,911449,78312,849,1125,"",0.91,1.12,1.08,1.12,0.87,1.21,1.04,0.79,"",0,0.0,-10,-13.7,-9,-12.9,-10,-13.7,-85439,-8.6,20080,34.5,236,38.5,60,5.6
"13089","5","424460","78","0","2023","4","",5,63,61,63,911449,78312,849,1125,"",0.91,1.12,1.08,1.12,0.87,1.21,1.04,0.79,"",0,0.0,-10,-13.7,-9,-12.9,-10,-13.7,-85439,-8.6,20080,34.5,236,38.5,60,5.6
"13089","5","42447","77","0","2023","4","",4,38,36,38,479921,31395,163,989,"",0.65,0.39,0.37,0.39,0.24,0.33,0.15,0.63,"",-1,-20.0,3,8.6,0,0.0,2,5.6,-100980,-17.4,-22410,-41.7,-39,-19.3,-264,-21.1
"13089","5","424470","78","0","2023","4","",4,38,36,38,479921,31395,163,989,"",0.65,0.39,0.37,0.39,0.24,0.33,0.15,0.63,"",-1,-20.0,3,8.6,0,0.0,2,5.6,-100980,-17.4,-22410,-41.7,-39,-19.3,-264,-21.1
"13089","5","42448","77","0","2023","4","",6,33,30,30,408508,4950,55,1014,"",0.57,0.17,0.15,0.15,0.11,0.02,0.02,0.69,"",0,0.0,5,17.9,0,0.0,3,11.1,41372,11.3,-36982,-88.2,-1251,-95.8,17,1.7
"13089","5","424480","78","0","2023","4","",6,33,30,30,408508,4950,55,1014,"",0.57,0.17,0.15,0.15,0.11,0.02,0.02,0.69,"",0,0.0,5,17.9,0,0.0,3,11.1,41372,11.3,-36982,-88.2,-1251,-95.8,17,1.7
"13089","5","42449","77","0","2023","4","",28,855,867,858,13572592,852283,11280,1214,"",0.73,1.73,1.74,1.72,1.34,1.67,2.03,0.77,"",2,7.7,49,6.1,59,7.3,64,8.1,1363465,11.2,217237,34.2,6587,140.4,44,3.8
"13089","5","424490","78","0","2023","4","",28,855,867,858,13572592,852283,11280,1214,"",0.73,1.73,1.74,1.72,1.34,1.67,2.03,0.77,"",2,7.7,49,6.1,59,7.3,64,8.1,1363465,11.2,217237,34.2,6587,140.4,44,3.8
"13089","5","4246","76","0","2023","4","",24,271,295,312,7292478,363476,10804,1917,"",0.65,0.88,0.95,1.00,0.83,1.72,4.64,0.88,"",-3,-11.1,-27,-9.1,-13,-4.2,9,3.0,-2936153,-28.7,182854,101.2,8812,442.4,-680,-26.2
"13089","5","42461","77","0","2023","4","",6,20,20,19,835465,0,0,3268,"",0.67,0.32,0.32,0.30,0.47,0.00,0.00,1.50,"",0,0.0,1,5.3,1,5.3,-1,-5.0,21322,2.6,-18427,-100.0,-174,-100.0,29,0.9
"13089","5","424610","78","0","2023","4","",6,20,20,19,835465,0,0,3268,"",0.67,0.32,0.32,0.30,0.47,0.00,0.00,1.50,"",0,0.0,1,5.3,1,5.3,-1,-5.0,21322,2.6,-18427,-100.0,-174,-100.0,29,0.9
"13089","5","42469","77","0","2023","4","",18,251,275,293,6457013,363476,10804,1819,"",0.64,1.02,1.11,1.17,0.91,2.16,5.95,0.83,"",-3,-14.3,-28,-10.0,-14,-4.8,10,3.5,-2957475,-31.4,201281,124.1,8986,494.3,-734,-28.8
"13089","5","424690","78","0","2023","4","",18,251,275,293,6457013,363476,10804,1819,"",0.64,1.02,1.11,1.17,0.91,2.16,5.95,0.83,"",-3,-14.3,-28,-10.0,-14,-4.8,10,3.5,-2957475,-31.4,201281,124.1,8986,494.3,-734,-28.8
"13089","5","4247","76","0","2023","4","",10,84,84,82,2212259,23749,97,2042,"",0.59,0.40,0.40,0.39,0.38,0.12,0.05,0.94,"",0,0.0,-26,-23.6,-27,-24.3,-31,-27.4,-479848,-17.8,-42177,-64.0,-307,-76.0,182,9.8
"13089","5","42471","77","0","2023","4","",4,37,37,37,972543,15326,92,2022,"",0.74,0.52,0.52,0.52,0.51,0.22,0.15,0.98,"",0,0.0,-20,-35.1,-23,-38.3,-24,-39.3,-583175,-37.5,-38506,-71.5,-293,-76.1,5,0.2
"13089","5","424710","78","0","2023","4","",4,37,37,37,972543,15326,92,2022,"",0.74,0.52,0.52,0.52,0.51,0.22,0.15,0.98,"",0,0.0,-20,-35.1,-23,-38.3,-24,-39.3,-583175,-37.5,-38506,-71.5,-293,-76.1,5,0.2
"13089","5","42472","77","0","2023","4","",6,47,47,45,1239716,8423,5,2058,"",0.52,0.34,0.34,0.32,0.31,0.06,0.00,0.93,"",0,0.0,-6,-11.3,-4,-7.8,-7,-13.5,103327,9.1,-3671,-30.4,-14,-73.7,377,22.4
"13089","5","424720","78","0","2023","4","",6,47,47,45,1239716,8423,5,2058,"",0.52,0.34,0.34,0.32,0.31,0.06,0.00,0.93,"",0,0.0,-6,-11.3,-4,-7.8,-7,-13.5,103327,9.1,-3671,-30.4,-14,-73.7,377,22.4
"13089","5","4248","76","0","2023","4","",12,104,103,104,1987231,61323,508,1475,"",0.63,0.24,0.23,0.24,0.22,0.17,0.15,0.91,"",0,0.0,-8,-7.1,-8,-7.2,-10,-8.8,-112208,-5.3,-28840,-32.0,-332,-39.5,37,2.6
"13089","5","42481","77","0","2023","4","N",2,0,0,0,0,0,0,0,"N",0.33,0,0,0,0,0,0,0,"N",1,100.0,0,0,0,0,0,0,0,0,0,0,0,0,0,0
"13089","5","424810","78","0","2023","4","N",2,0,0,0,0,0,0,0,"N",0.33,0,0,0,0,0,0,0,"N",1,100.0,0,0,0,0,0,0,0,0,0,0,0,0,0,0
"13089","5","42482","77","0","2023","4","N",10,0,0,0,0,0,0,0,"N",0.78,0,0,0,0,0,0,0,"N",-1,-9.1,0,0,0,0,0,0,0,0,0,0,0,0,0,0
"13089","5","424820","78","0","2023","4","N",10,0,0,0,0,0,0,0,"N",0.78,0,0,0,0,0,0,0,"N",-1,-9.1,0,0,0,0,0,0,0,0,0,0,0,0,0,0
"13089","5","4249","76","0","2023","4","",55,511,515,516,7276666,492754,5889,1089,"",0.71,0.77,0.77,0.78,0.55,0.72,0.78,0.71,"",3,5.8,149,41.2,148,40.3,134,35.1,1534033,26.7,50460,11.4,-1397,-19.2,-104,-8.7
"13089","5","42491","77","0","2023","4","N",3,0,0,0,0,0,0,0,"N",0.12,0,0,0,0,0,0,0,"N",-2,-40.0,0,0,0,0,0,0,0,0,0,0,0,0,0,0
"13089","5","424910","78","0","2023","4","N",3,0,0,0,0,0,0,0,"N",0.12,0,0,0,0,0,0,0,"N",-2,-40.0,0,0,0,0,0,0,0,0,0,0,0,0,0,0
"13089","5","42492","77","0","2023","4","",5,48,46,46,1221710,20336,217,2014,"",1.28,0.84,0.80,0.80,1.25,0.32,0.26,1.54,"",1,25.0,14,41.2,13,39.4,9,24.3,176228,16.9,-22455,-52.5,191,734.6,-306,-13.2
"13089","5","424920","78","0","2023","4","",5,48,46,46,1221710,20336,217,2014,"",1.28,0.84,0.80,0.80,1.25,0.32,0.26,1.54,"",1,25.0,14,41.2,13,39.4,9,24.3,176228,16.9,-22455,-52.5,191,734.6,-306,-13.2
"13089","5","42493","77","0","2023","4","",8,150,150,151,1625383,227049,2897,832,"",1.06,1.53,1.53,1.57,1.21,2.12,2.35,0.78,"",3,60.0,105,233.3,104,226.1,104,221.3,1113944,217.8,170377,300.6,1824,170.0,-23,-2.7
"13089","5","424930","78","0","2023","4","",8,150,150,151,1625383,227049,2897,832,"",1.06,1.53,1.53,1.57,1.21,2.12,2.35,0.78,"",3,60.0,105,233.3,104,226.1,104,221.3,1113944,217.8,170377,300.6,1824,170.0,-23,-2.7
"13089","5","42494","77","0","2023","4","N",10,0,0,0,0,0,0,0,"N",2.17,0,0,0,0,0,0,0,"N",3,42.9,0,0,0,0,0,0,0,0,0,0,0,0,0,0
"13089","5","424940","78","0","2023","4","N",10,0,0,0,0,0,0,0,"N",2.17,0,0,0,0,0,0,0,"N",3,42.9,0,0,0,0,0,0,0,0,0,0,0,0,0,0
"13089","5","42495","77","0","2023","4","",4,152,162,159,2217319,134894,1109,1082,"",0.70,3.12,3.33,3.26,2.25,3.66,2.75,0.70,"",-1,-20.0,12,8.6,21,14.9,8,5.3,283477,14.7,-28264,-17.3,-1454,-56.7,49,4.7
"13089","5","424950","78","0","2023","4","",4,152,162,159,2217319,134894,1109,1082,"",0.70,3.12,3.33,3.26,2.25,3.66,2.75,0.70,"",-1,-20.0,12,8.6,21,14.9,8,5.3,283477,14.7,-28264,-17.3,-1454,-56.7,49,4.7
"13089","5","42499","77","0","2023","4","",25,121,118,120,1745716,85349,987,1122,"",0.84,0.71,0.68,0.69,0.49,0.50,0.44,0.71,"",-1,-3.8,10,9.0,4,3.5,9,8.1,-8570,-0.5,-40269,-32.1,-1189,-54.6,-83,-6.9
"13089","5","424990","78","0","2023","4","",25,121,118,120,1745716,85349,987,1122,"",0.84,0.71,0.68,0.69,0.49,0.50,0.44,0.71,"",-1,-3.8,10,9.0,4,3.5,9,8.1,-8570,-0.5,-40269,-32.1,-1189,-54.6,-83,-6.9
"13089","5","425","75","0","2023","4","",307,1682,1676,1675,48229869,1274449,15213,2211,"",1.28,1.61,1.59,1.59,1.38,1.53,1.54,0.86,"",-44,-12.5,45,2.7,22,1.3,-9,-0.5,1755840,3.8,-208939,-14.1,-3513,-18.8,55,2.6
"13089","5","4251","76","0","2023","4","",307,1682,1676,1675,48229869,1274449,15213,2211,"",1.28,1.61,1.59,1.59,1.38,1.53,1.54,0.86,"",-44,-12.5,45,2.7,22,1.3,-9,-0.5,1755840,3.8,-208939,-14.1,-3513,-18.8,55,2.6
"13089","5","42512","77","0","2023","4","",307,1682,1676,1675,48229869,1274449,15213,2211,"",1.28,1.61,1.59,1.59,1.38,1.53,1.54,0.86,"",-44,-12.5,45,2.7,22,1.3,-9,-0.5,1755840,3.8,-208939,-14.1,-3513,-18.8,55,2.6
"13089","5","425120","78","0","2023","4","",307,1682,1676,1675,48229869,1274449,15213,2211,"",1.28,1.61,1.59,1.59,1.38,1.53,1.54,0.86,"",-44,-12.5,45,2.7,22,1.3,-9,-0.5,1755840,3.8,-208939,-14.1,-3513,-18.8,55,2.6
"13089","5","44-45","74","0","2023","4","",2207,32726,33497,33717,356158614,39966868,317776,822,"",1.03,1.03,1.03,1.04,1.04,1.13,0.98,1.01,"",-147,-6.2,505,1.6,448,1.4,372,1.1,-1170315,-0.3,-127309,-0.3,-8008,-2.5,-14,-1.7
"13089","5","441","75","0","2023","4","",208,3817,3787,3793,70405335,4144371,23493,1426,"",0.85,0.92,0.91,0.91,0.95,0.91,0.51,1.05,"",-26,-11.1,-152,-3.8,-214,-5.3,-191,-4.8,-11050739,-13.6,-83510,-2.0,-7698,-24.7,-146,-9.3
"13089","5","4411","76","0","2023","4","",84,2673,2637,2659,57975041,2918411,16048,1679,"",0.88,1.03,1.01,1.02,1.07,1.05,0.54,1.06,"",-10,-10.6,-169,-5.9,-230,-8.0,-213,-7.4,-11052003,-16.0,-69960,-2.3,-7700,-32.4,-177,-9.5
"13089","5","44111","77","0","2023","4","",25,2542,2509,2531,54332212,2782284,15228,1654,"",0.59,1.12,1.10,1.11,1.12,1.16,0.59,1.00,"",2,8.7,-71,-2.7,-118,-4.5,-93,-3.5,-10512681,-16.2,81570,3.0,-4937,-24.5,-249,-13.1
"13089","5","441110","78","0","2023","4","",25,2542,2509,2531,54332212,2782284,15228,1654,"",0.59,1.12,1.10,1.11,1.12,1.16,0.59,1.00,"",2,8.7,-71,-2.7,-118,-4.5,-93,-3.5,-10512681,-16.2,81570,3.0,-4937,-24.5,-249,-13.1
"13089","5","44112","77","0","2023","4","",59,131,128,128,3642829,136127,820,2172,"",1.12,0.38,0.37,0.37,0.67,0.37,0.19,1.80,"",-12,-16.9,-98,-42.8,-112,-46.7,-120,-48.4,-539322,-12.9,-151530,-52.7,-2763,-77.1,826,61.4
"13089","5","441120","78","0","2023","4","",59,131,128,128,3642829,136127,820,2172,"",1.12,0.38,0.37,0.37,0.67,0.37,0.19,1.80,"",-12,-16.9,-98,-42.8,-112,-46.7,-120,-48.4,-539322,-12.9,-151530,-52.7,-2763,-77.1,826,61.4
"13089","5","4412","76","0","2023","4","",7,34,36,33,630438,63365,677,1412,"",0.23,0.10,0.10,0.10,0.11,0.16,0.15,1.09,"",-2,-22.2,-4,-10.5,-2,-5.3,-7,-17.5,-147452,-19.0,1393,2.2,448,195.6,-136,-8.8
"13089","5","44121","77","0","2023","4","N",1,0,0,0,0,0,0,0,"N",0.16,0,0,0,0,0,0,0,"N",0,0.0,0,0,0,0,0,0,0,0,0,0,0,0,0,0
"13089","5","441210","78","0","2023","4","N",1,0,0,0,0,0,0,0,"N",0.16,0,0,0,0,0,0,0,"N",0,0.0,0,0,0,0,0,0,0,0,0,0,0,0,0,0
"13089","5","44122","77","0","2023","4","N",6,0,0,0,0,0,0,0,"N",0.25,0,0,0,0,0,0,0,"N",-2,-25.0,0,0,0,0,0,0,0,0,0,0,0,0,0,0
"13089","5","441222","78","0","2023","4","N",2,0,0,0,0,0,0,0,"N",0.22,0,0,0,0,0,0,0,"N",-2,-50.0,0,0,0,0,0,0,0,0,0,0,0,0,0,0
"13089","5","441227","78","0","2023","4","",4,6,8,7,321936,33388,641,3538,"",0.26,0.04,0.05,0.04,0.13,0.18,0.35,2.94,"N",0,0.0,0,0,0,0,0,0,0,0,0,0,0,0,0,0
"13089","5","4413","76","0","2023","4","",117,1110,1114,1101,11799856,1162595,6768,819,"",0.98,0.93,0.93,0.92,0.86,0.85,0.59,0.93,"",-14,-10.7,21,1.9,18,1.6,29,2.7,148716,1.3,-14943,-1.3,-446,-6.2,-7,-0.8
"13089","5","44133","77","0","2023","4","",71,722,736,720,6786982,639134,3289,719,"",0.90,0.89,0.91,0.89,0.82,0.73,0.47,0.92,"",-8,-10.1,-2,-0.3,7,1.0,7,1.0,-58487,-0.9,-80193,-11.1,-1655,-33.5,-10,-1.4
"13089","5","441330","78","0","2023","4","",71,722,736,720,6786982,639134,3289,719,"",0.90,0.89,0.91,0.89,0.82,0.73,0.47,0.92,"",-8,-10.1,-2,-0.3,7,1.0,7,1.0,-58487,-0.9,-80193,-11.1,-1655,-33.5,-10,-1.4
"13089","5","44134","77","0","2023","4","",46,388,378,381,5012874,523461,3479,1009,"",1.13,1.01,0.97,0.98,0.91,1.04,0.78,0.92,"",-6,-11.5,23,6.3,11,3.0,22,6.1,207203,4.3,65250,14.2,1209,53.3,-7,-0.7
"13089","5","441340","78","0","2023","4","",46,388,378,381,5012874,523461,3479,1009,"",1.13,1.01,0.97,0.98,0.91,1.04,0.78,0.92,"",-6,-11.5,23,6.3,11,3.0,22,6.1,207203,4.3,65250,14.2,1209,53.3,-7,-0.7
"13089","5","444","75","0","2023","4","",74,1706,1707,1705,19873506,1496168,9773,896,"",0.51,0.61,0.61,0.61,0.62,0.53,0.39,1.02,"",6,8.8,-61,-3.5,-15,-0.9,7,0.4,476523,2.5,42418,2.9,-17185,-63.7,33,3.8
"13089","5","4441","76","0","2023","4","",59,1600,1602,1602,18903746,1378456,8205,908,"",0.54,0.66,0.66,0.66,0.67,0.57,0.41,1.02,"",5,9.3,-65,-3.9,-13,-0.8,4,0.3,427533,2.3,32441,2.4,-17829,-68.5,34,3.9
"13089","5","44411","77","0","2023","4","",12,1065,1060,1062,9529554,683994,430,690,"",0.64,0.72,0.72,0.72,0.70,0.47,0.04,0.98,"N",4,50.0,0,0,0,0,0,0,0,0,0,0,0,0,0,0
"13089","5","444110","78","0","2023","4","",12,1065,1060,1062,9529554,683994,430,690,"",0.64,0.72,0.72,0.72,0.70,0.47,0.04,0.98,"N",4,50.0,0,0,0,0,0,0,0,0,0,0,0,0,0,0
"13089","5","44412","77","0","2023","4","",16,111,114,114,1318651,81481,1178,898,"",1.17,1.30,1.33,1.32,1.10,1.18,2.28,0.84,"N",1,6.7,0,0,0,0,0,0,0,0,0,0,0,0,0,0
"13089","5","444120","78","0","2023","4","",16,111,114,114,1318651,81481,1178,898,"",1.17,1.30,1.33,1.32,1.10,1.18,2.28,0.84,"N",1,6.7,0,0,0,0,0,0,0,0,0,0,0,0,0,0
"13089","5","44414","77","0","2023","4","",10,168,169,172,1590884,188878,3127,721,"",0.32,0.47,0.48,0.48,0.44,0.47,1.01,0.92,"",-1,-9.1,22,15.1,19,12.7,25,17.0,345750,27.8,48959,35.0,1195,61.9,72,11.1
"13089","5","444140","78","0","2023","4","",10,168,169,172,1590884,188878,3127,721,"",0.32,0.47,0.48,0.48,0.44,0.47,1.01,0.92,"",-1,-9.1,22,15.1,19,12.7,25,17.0,345750,27.8,48959,35.0,1195,61.9,72,11.1
"13089","5","44418","77","0","2023","4","",21,256,259,254,6464657,424103,3470,1940,"",0.45,0.50,0.50,0.49,0.66,0.84,0.66,1.32,"",1,5.0,2,0.8,13,5.3,23,10.0,556068,9.4,195417,85.5,1518,77.8,75,4.0
"13089","5","444180","78","0","2023","4","",21,256,259,254,6464657,424103,3470,1940,"",0.45,0.50,0.50,0.49,0.66,0.84,0.66,1.32,"",1,5.0,2,0.8,13,5.3,23,10.0,556068,9.4,195417,85.5,1518,77.8,75,4.0
"13089","5","4442","76","0","2023","4","",15,106,105,103,969760,117712,1568,713,"",0.43,0.28,0.28,0.28,0.24,0.30,0.33,0.86,"",1,7.1,4,3.9,-2,-1.9,3,3.0,48990,5.3,9977,9.3,644,69.7,25,3.6
"13089","5","44423","77","0","2023","4","",4,22,21,22,307970,9073,50,1093,"",0.53,0.35,0.33,0.35,0.32,0.17,0.09,0.94,"",0,0.0,0,0.0,-2,-8.7,1,4.8,39642,14.8,-2865,-24.0,16,47.1,155,16.5
"13089","5","444230","78","0","2023","4","",4,22,21,22,307970,9073,50,1093,"",0.53,0.35,0.33,0.35,0.32,0.17,0.09,0.94,"",0,0.0,0,0.0,-2,-8.7,1,4.8,39642,14.8,-2865,-24.0,16,47.1,155,16.5
"13089","5","44424","77","0","2023","4","",11,84,84,81,661790,108639,1518,613,"",0.40,0.27,0.27,0.27,0.22,0.32,0.36,0.81,"",1,10.0,4,5.0,0,0.0,2,2.5,9348,1.4,12842,13.4,628,70.6,-7,-1.1
"13089","5","444240","78","0","2023","4","",11,84,84,81,661790,108639,1518,613,"",0.40,0.27,0.27,0.27,0.22,0.32,0.36,0.81,"",1,10.0,4,5.0,0,0.0,2,2.5,9348,1.4,12842,13.4,628,70.6,-7,-1.1
"13089","5","445","75","0","2023","4","",399,8130,8270,8349,72179830,9175860,52759,673,"",1.25,1.24,1.25,1.25,1.30,1.27,0.90,1.04,"",-43,-9.7,248,3.1,247,3.1,308,3.8,4824982,7.2,-62977,-0.7,5710,12.1,24,3.7
"13089","5","4451","76","0","2023","4","",268,6815,6861,6953,58787257,7707590,39606,658,"",1.39,1.20,1.19,1.20,1.22,1.24,0.85,1.02,"",-38,-12.4,25,0.4,19,0.3,57,0.8,2510461,4.5,-338123,-4.2,3553,9.9,25,3.9
"13089","5","44511","77","0","2023","4","",142,6441,6489,6571,55317413,7288437,34671,655,"",1.22,1.22,1.22,1.22,1.24,1.28,0.86,1.01,"",0,0.0,49,0.8,47,0.7,73,1.1,2577326,4.9,-261389,-3.5,4133,13.5,25,4.0
"13089","5","445110","78","0","2023","4","",142,6441,6489,6571,55317413,7288437,34671,655,"",1.22,1.22,1.22,1.22,1.24,1.28,0.86,1.01,"",0,0.0,49,0.8,47,0.7,73,1.1,2577326,4.9,-261389,-3.5,4133,13.5,25,4.0
"13089","5","44513","77","0","2023","4","",126,374,372,382,3469844,419153,4935,710,"",1.64,0.89,0.89,0.91,0.99,0.81,0.77,1.10,"",-38,-23.2,-24,-6.0,-28,-7.0,-16,-4.0,-66865,-1.9,-76734,-15.5,-580,-10.5,28,4.1
"13089","5","445131","78","0","2023","4","N",119,0,0,0,0,0,0,0,"N",1.70,0,0,0,0,0,0,0,"N",-36,-23.2,0,0,0,0,0,0,0,0,0,0,0,0,0,0
"13089","5","445132","78","0","2023","4","N",7,0,0,0,0,0,0,0,"N",1.03,0,0,0,0,0,0,0,"N",-2,-22.2,0,0,0,0,0,0,0,0,0,0,0,0,0,0
"13089","5","4452","76","0","2023","4","",40,726,794,770,8411654,518779,3359,848,"",0.69,1.46,1.56,1.52,1.82,0.83,0.45,1.20,"",-7,-14.9,49,7.2,45,6.0,30,4.1,719033,9.3,-117205,-18.4,-2225,-39.8,28,3.4
"13089","5","44523","77","0","2023","4","N",6,0,0,0,0,0,0,0,"N",0.88,0,0,0,0,0,0,0,"N",-1,-14.3,0,0,0,0,0,0,0,0,0,0,0,0,0,0
"13089","5","445230","78","0","2023","4","N",6,0,0,0,0,0,0,0,"N",0.88,0,0,0,0,0,0,0,"N",-1,-14.3,0,0,0,0,0,0,0,0,0,0,0,0,0,0
"13089","5","44524","77","0","2023","4","",14,98,165,142,771298,59122,698,439,"",1.04,0.77,1.16,1.01,0.60,0.37,0.43,0.61,"",-1,-6.7,6,6.5,12,7.8,3,2.2,17723,2.4,10710,22.1,329,89.2,-14,-3.1
"13089","5","445240","78","0","2023","4","",14,98,165,142,771298,59122,698,439,"",1.04,0.77,1.16,1.01,0.60,0.37,0.43,0.61,"",-1,-6.7,6,6.5,12,7.8,3,2.2,17723,2.4,10710,22.1,329,89.2,-14,-3.1
"13089","5","44525","77","0","2023","4","N",7,0,0,0,0,0,0,0,"N",1.53,0,0,0,0,0,0,0,"N",0,0.0,0,0,0,0,0,0,0,0,0,0,0,0,0,0
"13089","5","445250","78","0","2023","4","N",7,0,0,0,0,0,0,0,"N",1.53,0,0,0,0,0,0,0,"N",0,0.0,0,0,0,0,0,0,0,0,0,0,0,0,0,0
"13089","5","44529","77","0","2023","4","",13,80,83,88,602236,122201,1472,554,"",0.40,0.31,0.32,0.33,0.27,0.36,0.34,0.83,"",-5,-27.8,-13,-14.0,-13,-13.5,-2,-2.2,-116173,-16.2,-33272,-21.4,-3023,-67.3,-40,-6.7
"13089","5","445291","78","0","2023","4","",5,50,51,50,380697,70016,68,582,"",0.95,1.16,1.18,1.15,1.04,1.37,0.10,0.89,"N",-2,-28.6,0,0,0,0,0,0,0,0,0,0,0,0,0,0
"13089","5","445292","78","0","2023","4","N",1,0,0,0,0,0,0,0,"N",0.16,0,0,0,0,0,0,0,"N",-1,-50.0,0,0,0,0,0,0,0,0,0,0,0,0,0,0
"13089","5","445298","78","0","2023","4","N",7,0,0,0,0,0,0,0,"N",0.33,0,0,0,0,0,0,0,"N",-2,-22.2,0,0,0,0,0,0,0,0,0,0,0,0,0,0
"13089","5","4453","76","0","2023","4","",91,589,615,626,4980919,949491,9794,628,"",1.34,1.65,1.70,1.72,1.71,2.30,2.14,1.01,"",2,2.2,174,41.9,183,42.4,221,54.6,1595488,47.1,392351,70.4,4382,81.0,4,0.6
"13089","5","44532","77","0","2023","4","",91,589,615,626,4980919,949491,9794,628,"",1.34,1.65,1.70,1.72,1.71,2.30,2.14,1.01,"",2,2.2,174,41.9,183,42.4,221,54.6,1595488,47.1,392351,70.4,4382,81.0,4,0.6
"13089","5","445320","78","0","2023","4","",91,589,615,626,4980919,949491,9794,628,"",1.34,1.65,1.70,1.72,1.71,2.30,2.14,1.01,"",2,2.2,174,41.9,183,42.4,221,54.6,1595488,47.1,392351,70.4,4382,81.0,4,0.6
"13089","5","449","75","0","2023","4","",220,3025,3020,3004,61979894,2920375,22664,1581,"",1.23,1.80,1.76,1.74,2.34,1.68,1.23,1.32,"",-12,-5.2,19,0.6,-28,-0.9,-58,-1.9,-2669901,-4.1,368109,14.4,9556,72.9,-56,-3.4
"13089","5","4491","76","0","2023","4","",88,801,811,813,10598647,832124,7053,1009,"",0.94,0.94,0.93,0.93,0.88,0.91,0.76,0.94,"",5,6.0,123,18.1,112,16.0,108,15.3,2902189,37.7,131112,18.7,882,14.3,156,18.3
"13089","5","44911","77","0","2023","4","",48,322,317,327,5567721,318571,2653,1330,"",1.04,0.76,0.74,0.77,0.87,0.75,0.61,1.14,"",4,9.1,88,37.6,75,31.0,81,32.9,2223800,66.5,96435,43.4,1089,69.6,261,24.4
"13089","5","449110","78","0","2023","4","",48,322,317,327,5567721,318571,2653,1330,"",1.04,0.76,0.74,0.77,0.87,0.75,0.61,1.14,"",4,9.1,88,37.6,75,31.0,81,32.9,2223800,66.5,96435,43.4,1089,69.6,261,24.4
"13089","5","44912","77","0","2023","4","",40,479,494,486,5030926,513553,4400,796,"",0.84,1.12,1.11,1.07,0.89,1.06,0.89,0.80,"",1,2.6,35,7.9,37,8.1,27,5.9,678389,15.6,34677,7.2,-207,-4.5,57,7.7
"13089","5","449121","78","0","2023","4","",14,182,180,168,2764819,120500,820,1204,"",0.77,1.29,1.27,1.19,1.08,0.85,0.54,0.87,"",1,7.7,-11,-5.7,-10,-5.3,-20,-10.6,341354,14.1,-5078,-4.0,-183,-18.2,225,23.0
"13089","5","449122","78","0","2023","4","",4,42,39,38,525505,21319,144,1019,"",0.70,1.61,1.49,1.46,1.20,0.78,0.46,0.79,"",0,0.0,-1,-2.3,-2,-4.9,-4,-9.5,-65652,-11.1,-30925,-59.2,-363,-71.6,-64,-5.9
"13089","5","449129","78","0","2023","4","",22,255,275,280,1740602,371734,3436,496,"",0.93,0.98,1.00,0.98,0.65,1.17,1.10,0.66,"",0,0.0,47,22.6,49,21.7,51,22.3,402687,30.1,70680,23.5,339,10.9,30,6.4
"13089","5","4492","76","0","2023","4","",132,2224,2209,2191,51381247,2088251,15611,1790,"",1.54,2.69,2.60,2.58,3.57,2.54,1.71,1.36,"",-17,-11.4,-104,-4.5,-140,-6.0,-166,-7.0,-5572090,-9.8,236997,12.8,8674,125.0,-79,-4.2
"13089","5","44921","77","0","2023","4","",132,2224,2209,2191,51381247,2088251,15611,1790,"",1.54,2.69,2.60,2.58,3.57,2.54,1.71,1.36,"",-17,-11.4,-104,-4.5,-140,-6.0,-166,-7.0,-5572090,-9.8,236997,12.8,8674,125.0,-79,-4.2
"13089","5","449210","78","0","2023","4","",132,2224,2209,2191,51381247,2088251,15611,1790,"",1.54,2.69,2.60,2.58,3.57,2.54,1.71,1.36,"",-17,-11.4,-104,-4.5,-140,-6.0,-166,-7.0,-5572090,-9.8,236997,12.8,8674,125.0,-79,-4.2
"13089","5","455","75","0","2023","4","",164,7517,7951,8013,57611781,10239833,88661,566,"",1.02,1.14,1.14,1.15,1.06,1.36,1.40,0.92,"",-5,-3.0,223,3.1,284,3.7,94,1.2,3874742,7.2,-125032,-1.2,-15339,-14.7,24,4.4
"13089","5","4551","76","0","2023","4","",46,2911,3180,3247,22268881,4535743,45053,550,"",1.95,1.46,1.46,1.49,1.51,1.89,1.97,1.03,"",1,2.2,41,1.4,53,1.7,-13,-0.4,573145,2.6,-500054,-9.9,206,0.5,9,1.7
"13089","5","45511","77","0","2023","4","",46,2911,3180,3247,22268881,4535743,45053,550,"",1.95,1.46,1.46,1.49,1.51,1.89,1.97,1.03,"",1,2.2,41,1.4,53,1.7,-13,-0.4,573145,2.6,-500054,-9.9,206,0.5,9,1.7
"13089","5","455110","78","0","2023","4","",46,2911,3180,3247,22268881,4535743,45053,550,"",1.95,1.46,1.46,1.49,1.51,1.89,1.97,1.03,"",1,2.2,41,1.4,53,1.7,-13,-0.4,573145,2.6,-500054,-9.9,206,0.5,9,1.7
"13089","5","4552","76","0","2023","4","",118,4606,4771,4766,35342900,5704090,43608,577,"",0.86,1.00,1.00,0.99,0.89,1.11,1.08,0.89,"",-6,-4.8,182,4.1,231,5.1,107,2.3,3301597,10.3,375022,7.0,-15545,-26.3,34,6.3
"13089","5","45521","77","0","2023","4","",118,4606,4771,4766,35342900,5704090,43608,577,"",0.86,1.00,1.00,0.99,0.89,1.11,1.08,0.89,"",-6,-4.8,182,4.1,231,5.1,107,2.3,3301597,10.3,375022,7.0,-15545,-26.3,34,6.3
"13089","5","455211","78","0","2023","4","N",15,0,0,0,0,0,0,0,"N",1.19,0,0,0,0,0,0,0,"N",0,0.0,0,0,0,0,0,0,0,0,0,0,0,0,0,0
"13089","5","455219","78","0","2023","4","N",103,0,0,0,0,0,0,0,"N",0.82,0,0,0,0,0,0,0,"N",-6,-5.5,0,0,0,0,0,0,0,0,0,0,0,0,0,0
"13089","5","456","75","0","2023","4","",267,2165,2216,2221,23480162,2579799,21522,821,"",1.15,0.96,0.96,0.96,0.82,1.07,0.98,0.85,"",-14,-5.0,11,0.5,27,1.2,33,1.5,360373,1.6,-378236,-12.8,-1047,-4.6,4,0.5
"13089","5","4561","76","0","2023","4","",267,2165,2216,2221,23480162,2579799,21522,821,"",1.15,0.96,0.96,0.96,0.82,1.07,0.98,0.85,"",-14,-5.0,11,0.5,27,1.2,33,1.5,360373,1.6,-378236,-12.8,-1047,-4.6,4,0.5
"13089","5","45611","77","0","2023","4","",115,1013,1031,1035,12306011,1197314,9182,922,"",0.91,0.70,0.70,0.70,0.62,0.79,0.71,0.89,"",-6,-5.0,-22,-2.1,-7,-0.7,-12,-1.1,208676,1.7,-123176,-9.3,1596,21.0,27,3.0
"13089","5","456110","78","0","2023","4","",115,1013,1031,1035,12306011,1197314,9182,922,"",0.91,0.70,0.70,0.70,0.62,0.79,0.71,0.89,"",-6,-5.0,-22,-2.1,-7,-0.7,-12,-1.1,208676,1.7,-123176,-9.3,1596,21.0,27,3.0
"13089","5","45612","77","0","2023","4","",82,564,599,604,3707135,803437,6811,484,"",2.06,1.39,1.39,1.41,1.06,1.76,1.45,0.76,"",-4,-4.7,9,1.6,32,5.6,49,8.8,14490,0.4,-58177,-6.8,135,2.0,-24,-4.7
"13089","5","456120","78","0","2023","4","",82,564,599,604,3707135,803437,6811,484,"",2.06,1.39,1.39,1.41,1.06,1.76,1.45,0.76,"",-4,-4.7,9,1.6,32,5.6,49,8.8,14490,0.4,-58177,-6.8,135,2.0,-24,-4.7
"13089","5","45613","77","0","2023","4","N",29,0,0,0,0,0,0,0,"N",1.36,0,0,0,0,0,0,0,"N",0,0.0,0,0,0,0,0,0,0,0,0,0,0,0,0,0
"13089","5","456130","78","0","2023","4","N",29,0,0,0,0,0,0,0,"N",1.36,0,0,0,0,0,0,0,"N",0,0.0,0,0,0,0,0,0,0,0,0,0,0,0,0,0
"13089","5","45619","77","0","2023","4","N",41,0,0,0,0,0,0,0,"N",0.91,0,0,0,0,0,0,0,"N",-4,-8.9,0,0,0,0,0,0,0,0,0,0,0,0,0,0
"13089","5","456191","78","0","2023","4","N",22,0,0,0,0,0,0,0,"N",1.03,0,0,0,0,0,0,0,"N",-2,-8.3,0,0,0,0,0,0,0,0,0,0,0,0,0,0
"13089","5","456199","78","0","2023","4","",19,93,94,91,1941166,89853,1187,1611,"",0.80,0.65,0.65,0.63,0.81,0.58,0.68,1.25,"",-2,-9.5,-11,-10.6,-11,-10.5,-12,-11.7,37248,2.0,28605,46.7,509,75.1,203,14.4
"13089","5","457","75","0","2023","4","",301,1648,1621,1587,14275231,2132766,24751,678,"",1.28,0.77,0.76,0.74,0.76,0.78,1.07,1.00,"",-35,-10.4,145,9.6,68,4.4,78,5.2,1003610,7.6,64331,3.1,1272,5.4,7,1.0
"13089","5","4571","76","0","2023","4","N",293,0,0,0,0,0,0,0,"N",1.33,0,0,0,0,0,0,0,"N",-36,-10.9,0,0,0,0,0,0,0,0,0,0,0,0,0,0
"13089","5","45711","77","0","2023","4","",276,1523,1491,1458,12384556,1956116,21561,639,"",1.37,0.85,0.83,0.80,0.88,0.83,1.13,1.06,"",-39,-12.4,143,10.4,62,4.3,74,5.3,1076374,9.5,108176,5.9,1196,5.9,17,2.7
"13089","5","457110","78","0","2023","4","",276,1523,1491,1458,12384556,1956116,21561,639,"",1.37,0.85,0.83,0.80,0.88,0.83,1.13,1.06,"",-39,-12.4,143,10.4,62,4.3,74,5.3,1076374,9.5,108176,5.9,1196,5.9,17,2.7
"13089","5","45712","77","0","2023","4","N",17,0,0,0,0,0,0,0,"N",0.90,0,0,0,0,0,0,0,"N",3,21.4,0,0,0,0,0,0,0,0,0,0,0,0,0,0
"13089","5","457120","78","0","2023","4","N",17,0,0,0,0,0,0,0,"N",0.90,0,0,0,0,0,0,0,"N",3,21.4,0,0,0,0,0,0,0,0,0,0,0,0,0,0
"13089","5","4572","76","0","2023","4","N",8,0,0,0,0,0,0,0,"N",0.53,0,0,0,0,0,0,0,"N",1,14.3,0,0,0,0,0,0,0,0,0,0,0,0,0,0
"13089","5","45721","77","0","2023","4","N",8,0,0,0,0,0,0,0,"N",0.53,0,0,0,0,0,0,0,"N",1,14.3,0,0,0,0,0,0,0,0,0,0,0,0,0,0
"13089","5","457210","78","0","2023","4","N",8,0,0,0,0,0,0,0,"N",0.53,0,0,0,0,0,0,0,"N",1,14.3,0,0,0,0,0,0,0,0,0,0,0,0,0,0
"13089","5","458","75","0","2023","4","",291,2422,2583,2670,17898200,4053703,36091,538,"",1.21,1.03,1.03,1.05,0.85,1.46,1.20,0.82,"",-18,-5.8,84,3.6,86,3.4,59,2.3,920455,5.4,140602,3.6,7547,26.4,12,2.3
"13089","5","4581","76","0","2023","4","",175,1697,1844,1900,12307268,3107042,30727,522,"",1.05,0.96,0.98,1.00,0.85,1.48,1.33,0.86,"",-13,-6.9,94,5.9,136,8.0,124,7.0,989707,8.7,231505,8.1,5393,21.3,9,1.8
"13089","5","45811","77","0","2023","4","",175,1697,1844,1900,12307268,3107042,30727,522,"",1.05,0.96,0.98,1.00,0.85,1.48,1.33,0.86,"",-13,-6.9,94,5.9,136,8.0,124,7.0,989707,8.7,231505,8.1,5393,21.3,9,1.8
"13089","5","458110","78","0","2023","4","",175,1697,1844,1900,12307268,3107042,30727,522,"",1.05,0.96,0.98,1.00,0.85,1.48,1.33,0.86,"",-13,-6.9,94,5.9,136,8.0,124,7.0,989707,8.7,231505,8.1,5393,21.3,9,1.8
"13089","5","4582","76","0","2023","4","",42,447,451,488,2621870,672336,4396,437,"",1.36,1.29,1.24,1.28,0.96,1.73,1.14,0.75,"",-4,-8.7,15,3.5,-23,-4.9,-28,-5.4,102846,4.1,-79062,-10.5,2042,86.7,28,6.8
"13089","5","45821","77","0","2023","4","",42,447,451,488,2621870,672336,4396,437,"",1.36,1.29,1.24,1.28,0.96,1.73,1.14,0.75,"",-4,-8.7,15,3.5,-23,-4.9,-28,-5.4,102846,4.1,-79062,-10.5,2042,86.7,28,6.8
"13089","5","458210","78","0","2023","4","",42,447,451,488,2621870,672336,4396,437,"",1.36,1.29,1.24,1.28,0.96,1.73,1.14,0.75,"",-4,-8.7,15,3.5,-23,-4.9,-28,-5.4,102846,4.1,-79062,-10.5,2042,86.7,28,6.8
"13089","5","4583","76","0","2023","4","",74,278,288,282,2969062,274325,968,808,"",1.74,1.12,1.10,1.05,0.79,1.00,0.31,0.72,"",-1,-1.3,-25,-8.3,-27,-8.6,-37,-11.6,-172098,-5.5,-11841,-4.1,112,13.1,34,4.4
"13089","5","45831","77","0","2023","4","N",71,0,0,0,0,0,0,0,"N",1.77,0,0,0,0,0,0,0,"N",-1,-1.4,0,0,0,0,0,0,0,0,0,0,0,0,0,0
"13089","5","458310","78","0","2023","4","N",71,0,0,0,0,0,0,0,"N",1.77,0,0,0,0,0,0,0,"N",-1,-1.4,0,0,0,0,0,0,0,0,0,0,0,0,0,0
"13089","5","45832","77","0","2023","4","N",3,0,0,0,0,0,0,0,"N",1.26,0,0,0,0,0,0,0,"N",0,0.0,0,0,0,0,0,0,0,0,0,0,0,0,0,0
"13089","5","458320","78","0","2023","4","N",3,0,0,0,0,0,0,0,"N",1.26,0,0,0,0,0,0,0,"N",0,0.0,0,0,0,0,0,0,0,0,0,0,0,0,0,0
"13089","5","459","75","0","2023","4","",283,2296,2342,2375,18454675,3223993,38062,607,"",0.75,0.74,0.74,0.74,0.61,0.89,1.00,0.83,"",0,0.0,-12,-0.5,-7,-0.3,42,1.8,1089640,6.3,-93014,-2.8,9176,31.8,34,5.9
"13089","5","4591","76","0","2023","4","",75,740,793,779,5360778,986980,7325,535,"",0.83,0.74,0.75,0.73,0.65,0.81,0.72,0.88,"",-2,-2.6,-4,-0.5,18,2.3,28,3.7,457888,9.3,-10764,-1.1,2641,56.4,37,7.4
"13089","5","45911","77","0","2023","4","",24,379,403,397,2299835,533403,4554,450,"",0.48,0.62,0.63,0.61,0.44,0.73,0.73,0.71,"",1,4.3,17,4.7,40,11.0,43,12.1,216203,10.4,90597,20.5,1832,67.3,4,0.9
"13089","5","459110","78","0","2023","4","",24,379,403,397,2299835,533403,4554,450,"",0.48,0.62,0.63,0.61,0.44,0.73,0.73,0.71,"",1,4.3,17,4.7,40,11.0,43,12.1,216203,10.4,90597,20.5,1832,67.3,4,0.9
"13089","5","45912","77","0","2023","4","",25,218,242,235,1401635,371733,2266,465,"",1.01,0.84,0.83,0.81,0.71,1.07,0.79,0.86,"",0,0.0,-1,-0.5,-8,-3.2,-2,-0.8,24245,1.8,2935,0.8,907,66.7,15,3.3
"13089","5","459120","78","0","2023","4","",25,218,242,235,1401635,371733,2266,465,"",1.01,0.84,0.83,0.81,0.71,1.07,0.79,0.86,"",0,0.0,-1,-0.5,-8,-3.2,-2,-0.8,24245,1.8,2935,0.8,907,66.7,15,3.3
"13089","5","45913","77","0","2023","4","",10,29,30,29,141985,46634,224,372,"",1.19,0.44,0.44,0.43,0.36,0.66,0.42,0.82,"",-2,-16.7,-11,-27.5,-9,-23.1,-9,-23.7,5165,3.8,-6849,-12.8,-27,-10.8,102,37.8
"13089","5","459130","78","0","2023","4","",10,29,30,29,141985,46634,224,372,"",1.19,0.44,0.44,0.43,0.36,0.66,0.42,0.82,"",-2,-16.7,-11,-27.5,-9,-23.1,-9,-23.7,5165,3.8,-6849,-12.8,-27,-10.8,102,37.8
"13089","5","45914","77","0","2023","4","",16,114,118,118,1517323,35210,281,1000,"",2.14,1.65,1.71,1.71,2.24,0.56,0.53,1.33,"",-1,-5.9,-9,-7.3,-5,-4.1,-4,-3.3,212275,16.3,-97447,-73.5,-71,-20.2,182,22.2
"13089","5","459140","78","0","2023","4","",16,114,118,118,1517323,35210,281,1000,"",2.14,1.65,1.71,1.71,2.24,0.56,0.53,1.33,"",-1,-5.9,-9,-7.3,-5,-4.1,-4,-3.3,212275,16.3,-97447,-73.5,-71,-20.2,182,22.2
"13089","5","4592","76","0","2023","4","",21,81,83,88,434284,37909,648,398,"",1.31,0.59,0.58,0.60,0.39,0.25,0.45,0.66,"",-2,-8.7,-3,-3.6,-5,-5.7,-2,-2.2,9647,2.3,-23920,-38.7,-156,-19.4,24,6.4
"13089","5","45921","77","0","2023","4","",21,81,83,88,434284,37909,648,398,"",1.31,0.59,0.58,0.60,0.39,0.25,0.45,0.66,"",-2,-8.7,-3,-3.6,-5,-5.7,-2,-2.2,9647,2.3,-23920,-38.7,-156,-19.4,24,6.4
"13089","5","459210","78","0","2023","4","",21,81,83,88,434284,37909,648,398,"",1.31,0.59,0.58,0.60,0.39,0.25,0.45,0.66,"",-2,-8.7,-3,-3.6,-5,-5.7,-2,-2.2,9647,2.3,-23920,-38.7,-156,-19.4,24,6.4
"13089","5","4593","76","0","2023","4","",14,66,62,59,437631,61689,911,540,"",0.57,0.54,0.50,0.47,0.46,0.40,0.49,0.90,"",-1,-6.7,-3,-4.3,-7,-10.1,-8,-11.9,-33689,-7.1,-9238,-13.0,-48,-5.0,9,1.7
"13089","5","45931","77","0","2023","4","",14,66,62,59,437631,61689,911,540,"",0.57,0.54,0.50,0.47,0.46,0.40,0.49,0.90,"",-1,-6.7,-3,-4.3,-7,-10.1,-8,-11.9,-33689,-7.1,-9238,-13.0,-48,-5.0,9,1.7
"13089","5","459310","78","0","2023","4","",14,66,62,59,437631,61689,911,540,"",0.57,0.54,0.50,0.47,0.46,0.40,0.49,0.90,"",-1,-6.7,-3,-4.3,-7,-10.1,-8,-11.9,-33689,-7.1,-9238,-13.0,-48,-5.0,9,1.7
"13089","5","4594","76","0","2023","4","",47,349,331,353,2870014,486598,3250,641,"",0.90,0.78,0.77,0.82,0.71,0.99,0.59,0.89,"",2,4.4,4,1.2,-25,-7.0,-15,-4.1,-167841,-5.5,-124091,-20.3,-1023,-23.9,-15,-2.3
"13089","5","45941","77","0","2023","4","",13,109,110,113,1340789,75905,129,932,"",1.01,0.76,0.77,0.79,0.69,0.57,0.10,0.89,"",1,8.3,-14,-11.4,-17,-13.4,-9,-7.4,-117733,-8.1,-36357,-32.4,-118,-47.8,27,3.0
"13089","5","459410","78","0","2023","4","",13,109,110,113,1340789,75905,129,932,"",1.01,0.76,0.77,0.79,0.69,0.57,0.10,0.89,"",1,8.3,-14,-11.4,-17,-13.4,-9,-7.4,-117733,-8.1,-36357,-32.4,-118,-47.8,27,3.0
"13089","5","45942","77","0","2023","4","",34,240,221,240,1529225,410693,3121,503,"",0.87,0.79,0.77,0.83,0.72,1.14,0.74,0.90,"",1,3.0,18,8.1,-8,-3.5,-6,-2.4,-50108,-3.2,-87734,-17.6,-905,-22.5,-20,-3.8
"13089","5","459420","78","0","2023","4","",34,240,221,240,1529225,410693,3121,503,"",0.87,0.79,0.77,0.83,0.72,1.14,0.74,0.90,"",1,3.0,18,8.1,-8,-3.5,-6,-2.4,-50108,-3.2,-87734,-17.6,-905,-22.5,-20,-3.8
"13089","5","4595","76","0","2023","4","",39,456,452,461,3165423,412283,1504,534,"",1.03,1.09,1.08,1.09,0.99,1.23,0.43,0.91,"",1,2.6,-106,-18.9,-92,-16.9,-89,-16.2,-422357,-11.8,-179595,-30.3,-7,-0.5,34,6.8
"13089","5","45951","77","0","2023","4","",39,456,452,461,3165423,412283,1504,534,"",1.03,1.09,1.08,1.09,0.99,1.23,0.43,0.91,"",1,2.6,-106,-18.9,-92,-16.9,-89,-16.2,-422357,-11.8,-179595,-30.3,-7,-0.5,34,6.8
"13089","5","459510","78","0","2023","4","",39,456,452,461,3165423,412283,1504,534,"",1.03,1.09,1.08,1.09,0.99,1.23,0.43,0.91,"",1,2.6,-106,-18.9,-92,-16.9,-89,-16.2,-422357,-11.8,-179595,-30.3,-7,-0.5,34,6.8
"13089","5","4599","76","0","2023","4","",87,604,621,635,6186545,1238534,24424,768,"",0.56,0.61,0.63,0.64,0.49,0.96,1.58,0.79,"",2,2.4,100,19.8,104,20.1,128,25.2,1245992,25.2,254594,25.9,7769,46.6,22,2.9
"13089","5","45991","77","0","2023","4","",14,209,211,214,1805943,339543,3898,657,"",0.63,0.75,0.75,0.75,0.66,1.02,1.35,0.89,"N",0,0.0,0,0,0,0,0,0,0,0,0,0,0,0,0,0
"13089","5","459910","78","0","2023","4","",14,209,211,214,1805943,339543,3898,657,"",0.63,0.75,0.75,0.75,0.66,1.02,1.35,0.89,"N",0,0.0,0,0,0,0,0,0,0,0,0,0,0,0,0,0
"13089","5","45992","77","0","2023","4","",5,8,8,4,68083,3415,79,786,"",0.47,0.22,0.21,0.11,0.09,0.08,0.16,0.49,"N",1,25.0,0,0,0,0,0,0,0,0,0,0,0,0,0,0
"13089","5","459920","78","0","2023","4","",5,8,8,4,68083,3415,79,786,"",0.47,0.22,0.21,0.11,0.09,0.08,0.16,0.49,"N",1,25.0,0,0,0,0,0,0,0,0,0,0,0,0,0,0
"13089","5","45999","77","0","2023","4","",68,387,402,417,4312519,895576,20447,825,"",0.58,0.60,0.62,0.64,0.51,1.00,1.72,0.82,"",1,1.5,56,16.9,58,16.9,80,23.7,798956,22.7,173324,24.0,7253,55.0,24,3.0
"13089","5","459991","78","0","2023","4","",27,95,92,94,617573,194093,4590,507,"",0.54,0.36,0.34,0.35,0.26,0.45,0.78,0.75,"",4,17.4,29,43.9,27,41.5,32,51.6,193431,45.6,58618,43.3,2276,98.4,0,0.0
"13089","5","459999","78","0","2023","4","",41,292,310,323,3694946,701483,15857,922,"",0.61,0.77,0.82,0.85,0.60,1.53,2.65,0.74,"",-3,-6.8,27,10.2,31,11.1,48,17.5,605525,19.6,114706,19.5,4977,45.7,51,5.9
"13089","5","48-49","74","0","2023","4","",509,12731,13322,13644,216162025,17185264,199691,1257,"",0.79,0.96,0.97,0.98,0.95,1.00,0.89,0.98,"",-50,-8.9,-1042,-7.6,-1324,-9.0,-1230,-8.3,-18928706,-8.1,-1611121,-8.6,-6942,-3.4,4,0.3
"13089","5","481","75","0","2023","4","",15,62,61,65,1985666,53946,518,2437,"",1.01,0.05,0.05,0.06,0.06,0.05,0.05,1.06,"",-2,-11.8,4,6.9,3,5.2,3,4.8,194850,10.9,-32402,-37.5,-114,-18.0,115,5.0
"13089","5","4811","76","0","2023","4","N",3,0,0,0,0,0,0,0,"N",0.55,0,0,0,0,0,0,0,"N",0,0.0,0,0,0,0,0,0,0,0,0,0,0,0,0,0
"13089","5","48111","77","0","2023","4","N",3,0,0,0,0,0,0,0,"N",0.55,0,0,0,0,0,0,0,"N",0,0.0,0,0,0,0,0,0,0,0,0,0,0,0,0,0
"13089","5","481111","78","0","2023","4","N",1,0,0,0,0,0,0,0,"N",0.25,0,0,0,0,0,0,0,"N",0,0.0,0,0,0,0,0,0,0,0,0,0,0,0,0,0
"13089","5","481112","78","0","2023","4","N",2,0,0,0,0,0,0,0,"N",1.42,0,0,0,0,0,0,0,"N",0,0.0,0,0,0,0,0,0,0,0,0,0,0,0,0,0
"13089","5","4812","76","0","2023","4","N",12,0,0,0,0,0,0,0,"N",1.27,0,0,0,0,0,0,0,"N",-2,-14.3,0,0,0,0,0,0,0,0,0,0,0,0,0,0
"13089","5","48121","77","0","2023","4","N",12,0,0,0,0,0,0,0,"N",1.27,0,0,0,0,0,0,0,"N",-2,-14.3,0,0,0,0,0,0,0,0,0,0,0,0,0,0
"13089","5","481211","78","0","2023","4","",9,58,57,60,1935599,44446,261,2552,"",1.43,0.70,0.70,0.73,0.69,0.59,0.26,0.98,"N",-3,-25.0,0,0,0,0,0,0,0,0,0,0,0,0,0,0
"13089","5","481212","78","0","2023","4","N",1,0,0,0,0,0,0,0,"N",0.86,0,0,0,0,0,0,0,"N",1,100.0,0,0,0,0,0,0,0,0,0,0,0,0,0,0
"13089","5","481219","78","0","2023","4","N",2,0,0,0,0,0,0,0,"N",1.02,0,0,0,0,0,0,0,"N",0,0.0,0,0,0,0,0,0,0,0,0,0,0,0,0,0
"13089","5","483","75","0","2023","4","N",2,0,0,0,0,0,0,0,"N",0.41,0,0,0,0,0,0,0,"N",0,0.0,0,0,0,0,0,0,0,0,0,0,0,0,0,0
"13089","5","4831","76","0","2023","4","N",2,0,0,0,0,0,0,0,"N",0.65,0,0,0,0,0,0,0,"N",0,0.0,0,0,0,0,0,0,0,0,0,0,0,0,0,0
"13089","5","48311","77","0","2023","4","N",2,0,0,0,0,0,0,0,"N",0.65,0,0,0,0,0,0,0,"N",0,0.0,0,0,0,0,0,0,0,0,0,0,0,0,0,0
"13089","5","483111","78","0","2023","4","N",1,0,0,0,0,0,0,0,"N",0.85,0,0,0,0,0,0,0,"N",0,0.0,0,0,0,0,0,0,0,0,0,0,0,0,0,0
"13089","5","483114","78","0","2023","4","N",1,0,0,0,0,0,0,0,"N",2.60,0,0,0,0,0,0,0,"N",0,0.0,0,0,0,0,0,0,0,0,0,0,0,0,0,0
"13089","5","484","75","0","2023","4","",269,5533,5618,5662,94997616,6878614,69967,1304,"",0.75,1.76,1.78,1.80,1.76,1.90,1.63,0.99,"",-35,-11.5,-652,-10.5,-540,-8.8,-500,-8.1,-3055652,-3.1,-481727,-6.5,-16053,-18.7,81,6.6
"13089","5","4841","76","0","2023","4","",186,4899,4995,5039,87140039,6029455,57127,1347,"",0.74,2.22,2.25,2.26,2.30,2.38,2.00,1.03,"",-19,-9.3,-584,-10.7,-457,-8.4,-392,-7.2,-1691421,-1.9,-27526,-0.5,-2868,-4.8,94,7.5
"13089","5","48411","77","0","2023","4","",60,386,416,434,5513916,1166475,29606,1029,"",0.61,0.63,0.67,0.70,0.56,1.52,2.64,0.84,"",1,1.7,-150,-28.0,-154,-27.0,-142,-24.7,17150,0.3,-174624,-13.0,-3213,-9.8,275,36.5
"13089","5","484110","78","0","2023","4","",60,386,416,434,5513916,1166475,29606,1029,"",0.61,0.63,0.67,0.70,0.56,1.52,2.64,0.84,"",1,1.7,-150,-28.0,-154,-27.0,-142,-24.7,17150,0.3,-174624,-13.0,-3213,-9.8,275,36.5
"13089","5","48412","77","0","2023","4","",126,4513,4579,4605,81626123,4862980,27521,1375,"",0.82,2.82,2.85,2.86,2.91,2.76,1.58,1.02,"",-20,-13.7,-434,-8.8,-303,-6.2,-250,-5.1,-1708571,-2.1,147098,3.1,345,1.3,65,5.0
"13089","5","484121","78","0","2023","4","",91,2586,2639,2656,41581725,3717567,16764,1218,"",0.71,2.37,2.41,2.42,2.27,2.77,1.31,0.95,"",-21,-18.8,5,0.2,103,4.1,137,5.4,1425320,3.5,-81166,-2.1,-3300,-16.4,4,0.3
"13089","5","484122","78","0","2023","4","",35,1927,1940,1949,40044398,1145413,10757,1589,"",1.39,3.81,3.80,3.81,4.14,2.71,2.31,1.09,"",1,2.9,-439,-18.6,-406,-17.3,-387,-16.6,-3133891,-7.3,228264,24.9,3645,51.3,175,12.4
"13089","5","4842","76","0","2023","4","",83,634,623,623,7857577,849159,12840,965,"",0.77,0.68,0.67,0.68,0.49,0.78,0.91,0.72,"",-16,-16.2,-68,-9.7,-83,-11.8,-108,-14.8,-1364231,-14.8,-454201,-34.8,-13185,-50.7,-30,-3.0
"13089","5","48421","77","0","2023","4","",32,342,330,333,3425724,503796,10611,787,"",1.59,1.76,1.73,1.77,1.39,2.19,3.74,0.79,"",-7,-17.9,26,8.2,12,3.8,-1,-0.3,551780,19.2,16804,3.5,-1869,-15.0,102,14.9
"13089","5","484210","78","0","2023","4","",32,342,330,333,3425724,503796,10611,787,"",1.59,1.76,1.73,1.77,1.39,2.19,3.74,0.79,"",-7,-17.9,26,8.2,12,3.8,-1,-0.3,551780,19.2,16804,3.5,-1869,-15.0,102,14.9
"13089","5","48422","77","0","2023","4","",31,223,228,223,3431820,241170,1258,1175,"",0.50,0.48,0.49,0.49,0.41,0.43,0.15,0.85,"",-7,-18.4,-86,-27.8,-75,-24.8,-77,-25.7,-1766623,-34.0,-371564,-60.6,-9443,-88.2,-140,-10.6
"13089","5","484220","78","0","2023","4","",31,223,228,223,3431820,241170,1258,1175,"",0.50,0.48,0.49,0.49,0.41,0.43,0.15,0.85,"",-7,-18.4,-86,-27.8,-75,-24.8,-77,-25.7,-1766623,-34.0,-371564,-60.6,-9443,-88.2,-140,-10.6
"13089","5","48423","77","0","2023","4","",20,69,65,67,1000033,104193,971,1148,"",0.78,0.25,0.24,0.24,0.18,0.35,0.33,0.75,"",-2,-9.1,-8,-10.4,-20,-23.5,-30,-30.9,-149388,-13.0,-99441,-48.8,-1873,-65.9,124,12.1
"13089","5","484230","78","0","2023","4","",20,69,65,67,1000033,104193,971,1148,"",0.78,0.25,0.24,0.24,0.18,0.35,0.33,0.75,"",-2,-9.1,-8,-10.4,-20,-23.5,-30,-30.9,-149388,-13.0,-99441,-48.8,-1873,-65.9,124,12.1
"13089","5","485","75","0","2023","4","",37,194,201,198,3432738,288144,2772,1336,"",0.85,0.21,0.21,0.21,0.28,0.20,0.09,1.33,"",-6,-14.0,-141,-42.1,-139,-40.9,-114,-36.5,-1478778,-30.1,-202669,-41.3,-9227,-76.9,188,16.4
"13089","5","4852","76","0","2023","4","N",1,0,0,0,0,0,0,0,"N",1.00,0,0,0,0,0,0,0,"N",0,0.0,0,0,0,0,0,0,0,0,0,0,0,0,0,0
"13089","5","48521","77","0","2023","4","N",1,0,0,0,0,0,0,0,"N",1.00,0,0,0,0,0,0,0,"N",0,0.0,0,0,0,0,0,0,0,0,0,0,0,0,0,0
"13089","5","485210","78","0","2023","4","N",1,0,0,0,0,0,0,0,"N",1.00,0,0,0,0,0,0,0,"N",0,0.0,0,0,0,0,0,0,0,0,0,0,0,0,0,0
"13089","5","4853","76","0","2023","4","",15,68,74,72,1710694,102496,1038,1845,"",1.02,0.47,0.51,0.50,0.55,0.31,0.32,1.12,"",-3,-16.7,-87,-56.1,-89,-54.6,-75,-51.0,-1372375,-44.5,-144494,-58.5,-5226,-83.4,315,20.6
"13089","5","48531","77","0","2023","4","",7,20,19,19,886218,9337,148,3526,"",1.14,0.24,0.23,0.23,0.36,0.04,0.07,1.59,"",-1,-12.5,-67,-77.0,-70,-78.7,-56,-74.7,-1346588,-60.3,-56456,-85.8,-1643,-91.7,1473,71.7
"13089","5","485310","78","0","2023","4","",7,20,19,19,886218,9337,148,3526,"",1.14,0.24,0.23,0.23,0.36,0.04,0.07,1.59,"",-1,-12.5,-67,-77.0,-70,-78.7,-56,-74.7,-1346588,-60.3,-56456,-85.8,-1643,-91.7,1473,71.7
"13089","5","48532","77","0","2023","4","",8,48,55,53,824476,93159,890,1220,"",0.93,0.79,0.91,0.88,1.21,1.20,0.81,1.41,"",-2,-20.0,-20,-29.4,-19,-25.7,-19,-26.4,-25787,-3.0,-88038,-48.6,-3583,-80.1,303,33.0
"13089","5","485320","78","0","2023","4","",8,48,55,53,824476,93159,890,1220,"",0.93,0.79,0.91,0.88,1.21,1.20,0.81,1.41,"",-2,-20.0,-20,-29.4,-19,-25.7,-19,-26.4,-25787,-3.0,-88038,-48.6,-3583,-80.1,303,33.0
"13089","5","4854","76","0","2023","4","N",1,0,0,0,0,0,0,0,"N",0.12,0,0,0,0,0,0,0,"N",0,0.0,0,0,0,0,0,0,0,0,0,0,0,0,0,0
"13089","5","48541","77","0","2023","4","N",1,0,0,0,0,0,0,0,"N",0.12,0,0,0,0,0,0,0,"N",0,0.0,0,0,0,0,0,0,0,0,0,0,0,0,0,0
"13089","5","485410","78","0","2023","4","N",1,0,0,0,0,0,0,0,"N",0.12,0,0,0,0,0,0,0,"N",0,0.0,0,0,0,0,0,0,0,0,0,0,0,0,0,0
"13089","5","4855","76","0","2023","4","N",6,0,0,0,0,0,0,0,"N",2.18,0,0,0,0,0,0,0,"N",2,50.0,0,0,0,0,0,0,0,0,0,0,0,0,0,0
"13089","5","48551","77","0","2023","4","N",6,0,0,0,0,0,0,0,"N",2.18,0,0,0,0,0,0,0,"N",2,50.0,0,0,0,0,0,0,0,0,0,0,0,0,0,0
"13089","5","485510","78","0","2023","4","N",6,0,0,0,0,0,0,0,"N",2.18,0,0,0,0,0,0,0,"N",2,50.0,0,0,0,0,0,0,0,0,0,0,0,0,0,0
"13089","5","4859","76","0","2023","4","",14,64,63,65,907390,85539,1635,1091,"",0.95,0.30,0.29,0.30,0.36,0.31,0.39,1.21,"",-5,-26.3,-57,-47.1,-55,-46.6,-46,-41.4,-249141,-21.5,-99715,-53.8,-3602,-68.8,328,43.0
"13089","5","48599","77","0","2023","4","",14,64,63,65,907390,85539,1635,1091,"",0.95,0.30,0.29,0.30,0.36,0.31,0.39,1.21,"",-5,-26.3,-57,-47.1,-55,-46.6,-46,-41.4,-249141,-21.5,-99715,-53.8,-3602,-68.8,328,43.0
"13089","5","485991","78","0","2023","4","",11,46,45,46,750925,49672,916,1265,"",1.32,0.32,0.31,0.32,0.47,0.28,0.35,1.49,"N",-3,-21.4,0,0,0,0,0,0,0,0,0,0,0,0,0,0
"13089","5","485999","78","0","2023","4","",3,18,18,19,156465,35867,719,656,"",0.46,0.24,0.24,0.26,0.16,0.35,0.48,0.65,"N",-2,-40.0,0,0,0,0,0,0,0,0,0,0,0,0,0,0
"13089","5","486","75","0","2023","4","N",5,0,0,0,0,0,0,0,"N",0.72,0,0,0,0,0,0,0,"N",1,25.0,0,0,0,0,0,0,0,0,0,0,0,0,0,0
"13089","5","4861","76","0","2023","4","N",1,0,0,0,0,0,0,0,"N",0.85,0,0,0,0,0,0,0,"N",0,0.0,0,0,0,0,0,0,0,0,0,0,0,0,0,0
"13089","5","48611","77","0","2023","4","N",1,0,0,0,0,0,0,0,"N",0.85,0,0,0,0,0,0,0,"N",0,0.0,0,0,0,0,0,0,0,0,0,0,0,0,0,0
"13089","5","486110","78","0","2023","4","N",1,0,0,0,0,0,0,0,"N",0.85,0,0,0,0,0,0,0,"N",0,0.0,0,0,0,0,0,0,0,0,0,0,0,0,0,0
"13089","5","4862","76","0","2023","4","N",1,0,0,0,0,0,0,0,"N",0.23,0,0,0,0,0,0,0,"N",0,0.0,0,0,0,0,0,0,0,0,0,0,0,0,0,0
"13089","5","48621","77","0","2023","4","N",1,0,0,0,0,0,0,0,"N",0.23,0,0,0,0,0,0,0,"N",0,0.0,0,0,0,0,0,0,0,0,0,0,0,0,0,0
"13089","5","486210","78","0","2023","4","N",1,0,0,0,0,0,0,0,"N",0.23,0,0,0,0,0,0,0,"N",0,0.0,0,0,0,0,0,0,0,0,0,0,0,0,0,0
"13089","5","4869","76","0","2023","4","N",3,0,0,0,0,0,0,0,"N",2.26,0,0,0,0,0,0,0,"N",1,50.0,0,0,0,0,0,0,0,0,0,0,0,0,0,0
"13089","5","48691","77","0","2023","4","N",3,0,0,0,0,0,0,0,"N",2.58,0,0,0,0,0,0,0,"N",1,50.0,0,0,0,0,0,0,0,0,0,0,0,0,0,0
"13089","5","486910","78","0","2023","4","N",3,0,0,0,0,0,0,0,"N",2.58,0,0,0,0,0,0,0,"N",1,50.0,0,0,0,0,0,0,0,0,0,0,0,0,0,0
"13089","5","487","75","0","2023","4","N",1,0,0,0,0,0,0,0,"N",0.14,0,0,0,0,0,0,0,"N",0,0.0,0,0,0,0,0,0,0,0,0,0,0,0,0,0
"13089","5","4871","76","0","2023","4","N",1,0,0,0,0,0,0,0,"N",0.57,0,0,0,0,0,0,0,"N",0,0.0,0,0,0,0,0,0,0,0,0,0,0,0,0,0
"13089","5","48711","77","0","2023","4","N",1,0,0,0,0,0,0,0,"N",0.57,0,0,0,0,0,0,0,"N",0,0.0,0,0,0,0,0,0,0,0,0,0,0,0,0,0
"13089","5","487110","78","0","2023","4","N",1,0,0,0,0,0,0,0,"N",0.57,0,0,0,0,0,0,0,"N",0,0.0,0,0,0,0,0,0,0,0,0,0,0,0,0,0
"13089","5","488","75","0","2023","4","",103,1781,1763,1774,38644893,971948,12822,1677,"",0.90,1.07,1.06,1.05,1.21,0.51,0.53,1.14,"",0,0.0,154,9.5,54,3.2,60,3.5,-11109287,-22.3,-1396955,-59.0,-54390,-80.9,-597,-26.3
"13089","5","4881","76","0","2023","4","",12,307,305,313,6874128,199562,1625,1715,"",0.66,0.58,0.57,0.58,0.82,0.31,0.20,1.43,"",2,20.0,89,40.8,58,23.5,59,23.2,1058496,18.2,-43258,-17.8,-1694,-51.0,-152,-8.1
"13089","5","48811","77","0","2023","4","N",2,0,0,0,0,0,0,0,"N",0.43,0,0,0,0,0,0,0,"N",1,100.0,0,0,0,0,0,0,0,0,0,0,0,0,0,0
"13089","5","488111","78","0","2023","4","N",1,0,0,0,0,0,0,0,"N",1.98,0,0,0,0,0,0,0,"N",1,100.0,0,0,0,0,0,0,0,0,0,0,0,0,0,0
"13089","5","488119","78","0","2023","4","N",1,0,0,0,0,0,0,0,"N",0.24,0,0,0,0,0,0,0,"N",0,0.0,0,0,0,0,0,0,0,0,0,0,0,0,0,0
"13089","5","48819","77","0","2023","4","N",10,0,0,0,0,0,0,0,"N",0.74,0,0,0,0,0,0,0,"N",1,11.1,0,0,0,0,0,0,0,0,0,0,0,0,0,0
"13089","5","488190","78","0","2023","4","N",10,0,0,0,0,0,0,0,"N",0.74,0,0,0,0,0,0,0,"N",1,11.1,0,0,0,0,0,0,0,0,0,0,0,0,0,0
"13089","5","4882","76","0","2023","4","N",4,0,0,0,0,0,0,0,"N",1.02,0,0,0,0,0,0,0,"N",0,0.0,0,0,0,0,0,0,0,0,0,0,0,0,0,0
"13089","5","48821","77","0","2023","4","N",4,0,0,0,0,0,0,0,"N",1.02,0,0,0,0,0,0,0,"N",0,0.0,0,0,0,0,0,0,0,0,0,0,0,0,0,0
"13089","5","488210","78","0","2023","4","N",4,0,0,0,0,0,0,0,"N",1.02,0,0,0,0,0,0,0,"N",0,0.0,0,0,0,0,0,0,0,0,0,0,0,0,0,0
"13089","5","4883","76","0","2023","4","N",1,0,0,0,0,0,0,0,"N",0.17,0,0,0,0,0,0,0,"N",0,0.0,0,0,0,0,0,0,0,0,0,0,0,0,0,0
"13089","5","48832","77","0","2023","4","N",1,0,0,0,0,0,0,0,"N",0.60,0,0,0,0,0,0,0,"N",0,0.0,0,0,0,0,0,0,0,0,0,0,0,0,0,0
"13089","5","488320","78","0","2023","4","N",1,0,0,0,0,0,0,0,"N",0.60,0,0,0,0,0,0,0,"N",0,0.0,0,0,0,0,0,0,0,0,0,0,0,0,0,0
"13089","5","4884","76","0","2023","4","",24,128,127,128,1937123,68962,951,1167,"",0.80,0.54,0.53,0.54,0.56,0.22,0.24,1.04,"",-6,-20.0,-10,-7.2,-14,-9.9,-10,-7.2,-191867,-9.0,-21030,-23.4,74,8.4,-11,-0.9
"13089","5","48841","77","0","2023","4","",17,119,119,121,1872328,61942,843,1204,"",0.80,0.79,0.79,0.80,0.87,0.33,0.39,1.10,"",-5,-22.7,-11,-8.5,-13,-9.8,-8,-6.2,-185897,-9.0,-25205,-28.9,-27,-3.1,-11,-0.9
"13089","5","488410","78","0","2023","4","",17,119,119,121,1872328,61942,843,1204,"",0.80,0.79,0.79,0.80,0.87,0.33,0.39,1.10,"",-5,-22.7,-11,-8.5,-13,-9.8,-8,-6.2,-185897,-9.0,-25205,-28.9,-27,-3.1,-11,-0.9
"13089","5","48849","77","0","2023","4","",7,9,8,7,64795,7020,108,623,"",0.79,0.11,0.09,0.08,0.05,0.06,0.06,0.54,"",-1,-12.5,1,12.5,-1,-11.1,-2,-22.2,-5970,-8.4,4175,146.7,101,1442.9,-5,-0.8
"13089","5","488490","78","0","2023","4","",7,9,8,7,64795,7020,108,623,"",0.79,0.11,0.09,0.08,0.05,0.06,0.06,0.54,"",-1,-12.5,1,12.5,-1,-11.1,-2,-22.2,-5970,-8.4,4175,146.7,101,1442.9,-5,-0.8
"13089","5","4885","76","0","2023","4","",52,1291,1273,1279,29061154,559503,7129,1745,"",1.07,2.37,2.33,2.33,2.52,1.13,1.16,1.07,"",0,0.0,61,5.0,-6,-0.5,-2,-0.2,-12228780,-29.6,-1427216,-71.8,-55231,-88.6,-769,-30.6
"13089","5","48851","77","0","2023","4","",52,1291,1273,1279,29061154,559503,7129,1745,"",1.07,2.37,2.33,2.33,2.52,1.13,1.16,1.07,"",0,0.0,61,5.0,-6,-0.5,-2,-0.2,-12228780,-29.6,-1427216,-71.8,-55231,-88.6,-769,-30.6
"13089","5","488510","78","0","2023","4","",52,1291,1273,1279,29061154,559503,7129,1745,"",1.07,2.37,2.33,2.33,2.52,1.13,1.16,1.07,"",0,0.0,61,5.0,-6,-0.5,-2,-0.2,-12228780,-29.6,-1427216,-71.8,-55231,-88.6,-769,-30.6
"13089","5","4889","76","0","2023","4","",10,43,46,43,615151,124569,2681,1075,"",1.40,0.55,0.59,0.55,0.48,1.41,2.30,0.85,"",4,66.7,16,59.3,18,64.3,15,53.6,248624,67.8,99337,393.7,2463,1129.8,56,5.5
"13089","5","48899","77","0","2023","4","",10,43,46,43,615151,124569,2681,1075,"",1.40,0.55,0.59,0.55,0.48,1.41,2.30,0.85,"",4,66.7,16,59.3,18,64.3,15,53.6,248624,67.8,99337,393.7,2463,1129.8,56,5.5
"13089","5","488991","78","0","2023","4","N",5,0,0,0,0,0,0,0,"N",1.76,0,0,0,0,0,0,0,"N",2,66.7,0,0,0,0,0,0,0,0,0,0,0,0,0,0
"13089","5","488999","78","0","2023","4","N",5,0,0,0,0,0,0,0,"N",1.17,0,0,0,0,0,0,0,"N",2,66.7,0,0,0,0,0,0,0,0,0,0,0,0,0,0
"13089","5","491","75","0","2023","4","N",3,0,0,0,0,0,0,0,"N",1.39,0,0,0,0,0,0,0,"N",3,100.0,0,0,0,0,0,0,0,0,0,0,0,0,0,0
"13089","5","4911","76","0","2023","4","N",3,0,0,0,0,0,0,0,"N",1.39,0,0,0,0,0,0,0,"N",3,100.0,0,0,0,0,0,0,0,0,0,0,0,0,0,0
"13089","5","49111","77","0","2023","4","N",3,0,0,0,0,0,0,0,"N",1.39,0,0,0,0,0,0,0,"N",3,100.0,0,0,0,0,0,0,0,0,0,0,0,0,0,0
"13089","5","491110","78","0","2023","4","N",3,0,0,0,0,0,0,0,"N",1.39,0,0,0,0,0,0,0,"N",3,100.0,0,0,0,0,0,0,0,0,0,0,0,0,0,0
"13089","5","492","75","0","2023","4","",35,3094,3617,3906,50823098,6470378,87121,1105,"",0.76,1.42,1.49,1.51,1.55,1.85,2.09,1.05,"",-10,-22.2,-277,-8.2,-543,-13.1,-581,-12.9,-508980,-1.0,8237,0.1,73977,562.8,119,12.1
"13089","5","4921","76","0","2023","4","N",25,0,0,0,0,0,0,0,"N",0.88,0,0,0,0,0,0,0,"N",-5,-16.7,0,0,0,0,0,0,0,0,0,0,0,0,0,0
"13089","5","49211","77","0","2023","4","N",25,0,0,0,0,0,0,0,"N",0.88,0,0,0,0,0,0,0,"N",-5,-16.7,0,0,0,0,0,0,0,0,0,0,0,0,0,0
"13089","5","492110","78","0","2023","4","N",25,0,0,0,0,0,0,0,"N",0.88,0,0,0,0,0,0,0,"N",-5,-16.7,0,0,0,0,0,0,0,0,0,0,0,0,0,0
"13089","5","4922","76","0","2023","4","N",10,0,0,0,0,0,0,0,"N",0.56,0,0,0,0,0,0,0,"N",-5,-33.3,0,0,0,0,0,0,0,0,0,0,0,0,0,0
"13089","5","49221","77","0","2023","4","N",10,0,0,0,0,0,0,0,"N",0.56,0,0,0,0,0,0,0,"N",-5,-33.3,0,0,0,0,0,0,0,0,0,0,0,0,0,0
"13089","5","492210","78","0","2023","4","N",10,0,0,0,0,0,0,0,"N",0.56,0,0,0,0,0,0,0,"N",-5,-33.3,0,0,0,0,0,0,0,0,0,0,0,0,0,0
"13089","5","493","75","0","2023","4","",39,1990,1992,1982,25152734,2452659,24975,973,"",0.88,0.52,0.49,0.48,0.46,0.46,0.36,0.93,"",-1,-2.5,-145,-6.8,-171,-7.9,-110,-5.3,-3105772,-11.0,464001,23.3,-1829,-6.8,-48,-4.7
"13089","5","4931","76","0","2023","4","",39,1990,1992,1982,25152734,2452659,24975,973,"",0.88,0.52,0.49,0.48,0.46,0.46,0.36,0.93,"",-1,-2.5,-145,-6.8,-171,-7.9,-110,-5.3,-3105772,-11.0,464001,23.3,-1829,-6.8,-48,-4.7
"13089","5","49311","77","0","2023","4","",30,1484,1475,1460,17911347,2080855,22325,935,"",0.89,0.42,0.39,0.38,0.36,0.41,0.35,0.91,"",-3,-9.1,-138,-8.5,-188,-11.3,-149,-9.3,-3881647,-17.8,615751,42.0,1330,6.3,-93,-9.0
"13089","5","493110","78","0","2023","4","",30,1484,1475,1460,17911347,2080855,22325,935,"",0.89,0.42,0.39,0.38,0.36,0.41,0.35,0.91,"",-3,-9.1,-138,-8.5,-188,-11.3,-149,-9.3,-3881647,-17.8,615751,42.0,1330,6.3,-93,-9.0
"13089","5","49312","77","0","2023","4","N",3,0,0,0,0,0,0,0,"N",0.85,0,0,0,0,0,0,0,"N",1,50.0,0,0,0,0,0,0,0,0,0,0,0,0,0,0
"13089","5","493120","78","0","2023","4","N",3,0,0,0,0,0,0,0,"N",0.85,0,0,0,0,0,0,0,"N",1,50.0,0,0,0,0,0,0,0,0,0,0,0,0,0,0
"13089","5","49319","77","0","2023","4","N",6,0,0,0,0,0,0,0,"N",1.14,0,0,0,0,0,0,0,"N",1,20.0,0,0,0,0,0,0,0,0,0,0,0,0,0,0
"13089","5","493190","78","0","2023","4","N",6,0,0,0,0,0,0,0,"N",1.14,0,0,0,0,0,0,0,"N",1,20.0,0,0,0,0,0,0,0,0,0,0,0,0,0,0
"13089","5","51","74","0","2023","4","",488,8252,8501,8256,273002587,6099395,82051,2519,"",0.85,1.40,1.42,1.38,1.16,1.41,1.30,0.82,"",17,3.6,-2483,-23.1,-1676,-16.5,-2027,-19.7,195082,0.1,-1531908,-20.1,20256,32.8,501,24.8
"13089","5","512","75","0","2023","4","",145,1029,1292,1061,30046929,2119626,39800,2050,"",1.79,1.49,1.75,1.42,1.68,2.37,1.97,1.08,"",8,5.8,-1559,-60.2,-768,-37.3,-1130,-51.6,7475278,33.1,-1347746,-38.9,25927,186.9,1288,169.0
"13089","5","5121","76","0","2023","4","",129,972,1245,1014,29260783,2082690,38973,2090,"",1.83,1.50,1.79,1.44,1.79,2.42,1.98,1.13,"",9,7.5,-1575,-61.8,-779,-38.5,-1137,-52.9,7185997,32.6,-1367949,-39.6,25272,184.5,1332,175.7
"13089","5","51211","77","0","2023","4","",107,401,663,442,11434903,1539792,33741,1752,"",2.11,1.15,1.68,1.10,0.85,2.56,1.97,0.65,"",11,11.5,-1741,-81.3,-937,-58.6,-1272,-74.2,-3891735,-25.4,-1324850,-46.2,26135,343.6,1104,170.4
"13089","5","512110","78","0","2023","4","",107,401,663,442,11434903,1539792,33741,1752,"",2.11,1.15,1.68,1.10,0.85,2.56,1.97,0.65,"",11,11.5,-1741,-81.3,-937,-58.6,-1272,-74.2,-3891735,-25.4,-1324850,-46.2,26135,343.6,1104,170.4
"13089","5","51212","77","0","2023","4","N",3,0,0,0,0,0,0,0,"N",1.83,0,0,0,0,0,0,0,"N",0,0.0,0,0,0,0,0,0,0,0,0,0,0,0,0,0
"13089","5","512120","78","0","2023","4","N",3,0,0,0,0,0,0,0,"N",1.83,0,0,0,0,0,0,0,"N",0,0.0,0,0,0,0,0,0,0,0,0,0,0,0,0,0
"13089","5","51213","77","0","2023","4","",6,177,178,170,618427,222458,134,272,"",0.71,0.74,0.74,0.70,0.54,1.01,0.07,0.75,"",-1,-14.3,33,22.9,16,9.9,-3,-1.7,96127,18.4,-5233,-2.3,-27,-16.8,20,7.9
"13089","5","512131","78","0","2023","4","N",5,0,0,0,0,0,0,0,"N",0.62,0,0,0,0,0,0,0,"N",-1,-16.7,0,0,0,0,0,0,0,0,0,0,0,0,0,0
"13089","5","512132","78","0","2023","4","N",1,0,0,0,0,0,0,0,"N",2.32,0,0,0,0,0,0,0,"N",0,0.0,0,0,0,0,0,0,0,0,0,0,0,0,0,0
"13089","5","51219","77","0","2023","4","N",13,0,0,0,0,0,0,0,"N",1.37,0,0,0,0,0,0,0,"N",-1,-7.1,0,0,0,0,0,0,0,0,0,0,0,0,0,0
"13089","5","512191","78","0","2023","4","",9,21,22,24,649184,22196,51,2236,"",1.13,0.62,0.65,0.71,0.64,1.00,0.12,0.97,"",-4,-30.8,-7,-25.0,-6,-21.4,-4,-14.3,-361417,-35.8,3196,16.8,43,537.5,-540,-19.5
"13089","5","512199","78","0","2023","4","N",4,0,0,0,0,0,0,0,"N",2.60,0,0,0,0,0,0,0,"N",3,300.0,0,0,0,0,0,0,0,0,0,0,0,0,0,0
"13089","5","5122","76","0","2023","4","",16,57,47,47,786146,36936,827,1201,"",1.49,1.33,1.11,1.12,0.51,1.14,1.61,0.43,"",-1,-5.9,16,39.0,11,30.6,7,17.5,289281,58.2,20203,120.7,655,380.8,221,22.6
"13089","5","51223","77","0","2023","4","N",1,0,0,0,0,0,0,0,"N",0.41,0,0,0,0,0,0,0,"N",1,100.0,0,0,0,0,0,0,0,0,0,0,0,0,0,0
"13089","5","512230","78","0","2023","4","N",1,0,0,0,0,0,0,0,"N",0.41,0,0,0,0,0,0,0,"N",1,100.0,0,0,0,0,0,0,0,0,0,0,0,0,0,0
"13089","5","51224","77","0","2023","4","",12,36,28,29,394799,16045,263,980,"",3.08,3.55,2.78,2.88,1.81,1.72,1.90,0.59,"",-1,-7.7,4,12.5,1,3.7,-2,-6.5,29816,8.2,-688,-4.1,91,52.9,44,4.7
"13089","5","512240","78","0","2023","4","",12,36,28,29,394799,16045,263,980,"",3.08,3.55,2.78,2.88,1.81,1.72,1.90,0.59,"",-1,-7.7,4,12.5,1,3.7,-2,-6.5,29816,8.2,-688,-4.1,91,52.9,44,4.7
"13089","5","51225","77","0","2023","4","N",2,0,0,0,0,0,0,0,"N",0.74,0,0,0,0,0,0,0,"N",-1,-33.3,0,0,0,0,0,0,0,0,0,0,0,0,0,0
"13089","5","512250","78","0","2023","4","N",2,0,0,0,0,0,0,0,"N",0.74,0,0,0,0,0,0,0,"N",-1,-33.3,0,0,0,0,0,0,0,0,0,0,0,0,0,0
"13089","5","51229","77","0","2023","4","N",1,0,0,0,0,0,0,0,"N",0.57,0,0,0,0,0,0,0,"N",0,0.0,0,0,0,0,0,0,0,0,0,0,0,0,0,0
"13089","5","512290","78","0","2023","4","N",1,0,0,0,0,0,0,0,"N",0.57,0,0,0,0,0,0,0,"N",0,0.0,0,0,0,0,0,0,0,0,0,0,0,0,0,0
"13089","5","513","75","0","2023","4","",137,1376,1360,1340,61190617,513559,5540,3464,"",0.57,0.74,0.73,0.71,0.75,0.39,0.33,1.04,"",-5,-3.5,-951,-40.9,-943,-40.9,-933,-41.0,-12734118,-17.2,-623254,-54.8,-11177,-66.9,993,40.2
"13089","5","5131","76","0","2023","4","",51,188,190,187,4503228,86129,679,1839,"",0.88,0.33,0.33,0.33,0.30,0.22,0.13,0.92,"",-5,-8.9,-432,-69.7,-414,-68.5,-405,-68.4,-9201393,-67.1,-149511,-63.4,-2701,-79.9,97,5.6
"13089","5","51311","77","0","2023","4","",8,27,27,27,358852,7719,4,1022,"",0.55,0.14,0.14,0.14,0.10,0.05,0.00,0.72,"",-2,-20.0,-428,-94.1,-419,-93.9,-404,-93.7,-9470960,-96.3,-139718,-94.8,-2187,-99.8,-681,-40.0
"13089","5","513110","78","0","2023","4","",8,27,27,27,358852,7719,4,1022,"",0.55,0.14,0.14,0.14,0.10,0.05,0.00,0.72,"",-2,-20.0,-428,-94.1,-419,-93.9,-404,-93.7,-9470960,-96.3,-139718,-94.8,-2187,-99.8,-681,-40.0
"13089","5","51312","77","0","2023","4","",20,45,46,47,741253,21807,134,1240,"",1.25,0.32,0.33,0.34,0.19,0.30,0.13,0.57,"",2,11.1,-3,-6.2,2,4.5,2,4.4,184664,33.2,-14714,-40.3,-2,-1.5,302,32.2
"13089","5","513120","78","0","2023","4","",20,45,46,47,741253,21807,134,1240,"",1.25,0.32,0.33,0.34,0.19,0.30,0.13,0.57,"",2,11.1,-3,-6.2,2,4.5,2,4.4,184664,33.2,-14714,-40.3,-2,-1.5,302,32.2
"13089","5","51313","77","0","2023","4","",6,34,34,30,1478450,14513,77,3481,"",0.57,0.31,0.31,0.27,0.52,0.25,0.11,1.76,"",-1,-14.3,6,21.4,6,21.4,1,3.4,163610,12.4,9755,205.0,9,13.2,-89,-2.5
"13089","5","513130","78","0","2023","4","",6,34,34,30,1478450,14513,77,3481,"",0.57,0.31,0.31,0.27,0.52,0.25,0.11,1.76,"",-1,-14.3,6,21.4,6,21.4,1,3.4,163610,12.4,9755,205.0,9,13.2,-89,-2.5
"13089","5","51314","77","0","2023","4","N",4,0,0,0,0,0,0,0,"N",1.38,0,0,0,0,0,0,0,"N",-1,-20.0,0,0,0,0,0,0,0,0,0,0,0,0,0,0
"13089","5","513140","78","0","2023","4","N",4,0,0,0,0,0,0,0,"N",1.38,0,0,0,0,0,0,0,"N",-1,-20.0,0,0,0,0,0,0,0,0,0,0,0,0,0,0
"13089","5","51319","77","0","2023","4","N",13,0,0,0,0,0,0,0,"N",0.91,0,0,0,0,0,0,0,"N",-3,-18.8,0,0,0,0,0,0,0,0,0,0,0,0,0,0
"13089","5","513199","78","0","2023","4","N",13,0,0,0,0,0,0,0,"N",0.93,0,0,0,0,0,0,0,"N",-3,-18.8,0,0,0,0,0,0,0,0,0,0,0,0,0,0
"13089","5","5132","76","0","2023","4","",86,1188,1170,1153,56687389,427430,4861,3726,"",0.47,0.92,0.90,0.88,0.86,0.45,0.41,0.95,"",0,0.0,-519,-30.4,-529,-31.1,-528,-31.4,-3532725,-5.9,-473743,-52.6,-8476,-63.6,994,36.4
"13089","5","51321","77","0","2023","4","",86,1188,1170,1153,56687389,427430,4861,3726,"",0.47,0.92,0.90,0.88,0.86,0.45,0.41,0.95,"",0,0.0,-519,-30.4,-529,-31.1,-528,-31.4,-3532725,-5.9,-473743,-52.6,-8476,-63.6,994,36.4
"13089","5","513210","78","0","2023","4","",86,1188,1170,1153,56687389,427430,4861,3726,"",0.47,0.92,0.90,0.88,0.86,0.45,0.41,0.95,"",0,0.0,-519,-30.4,-529,-31.1,-528,-31.4,-3532725,-5.9,-473743,-52.6,-8476,-63.6,994,36.4
"13089","5","516","75","0","2023","4","",35,1091,1106,1109,29825463,663337,9882,2082,"",0.86,1.58,1.59,1.60,0.89,1.56,2.01,0.56,"",-3,-7.9,8,0.7,23,2.1,18,1.6,1103885,3.8,45904,7.4,4625,88.0,47,2.3
"13089","5","5161","76","0","2023","4","",8,290,296,293,10897811,131670,882,2861,"",0.68,1.19,1.21,1.20,1.94,0.84,0.52,1.62,"",1,14.3,-12,-4.0,-4,-1.3,-9,-3.0,-694838,-6.0,2214,1.7,565,178.2,-98,-3.3
"13089","5","51611","77","0","2023","4","",5,12,12,11,483682,9805,79,3189,"",0.59,0.11,0.11,0.10,0.24,0.12,0.10,2.23,"",2,66.7,5,71.4,6,100.0,4,57.1,324220,203.3,9452,2677.6,79,100.0,1349,73.3
"13089","5","516110","78","0","2023","4","",5,12,12,11,483682,9805,79,3189,"",0.59,0.11,0.11,0.10,0.24,0.12,0.10,2.23,"",2,66.7,5,71.4,6,100.0,4,57.1,324220,203.3,9452,2677.6,79,100.0,1349,73.3
"13089","5","51612","77","0","2023","4","",3,278,284,282,10414129,121865,803,2847,"",0.90,2.04,2.07,2.06,2.88,1.56,0.91,1.40,"",-1,-25.0,-17,-5.8,-10,-3.4,-13,-4.4,-1019058,-8.9,-7238,-5.6,486,153.3,-138,-4.6
"13089","5","516120","78","0","2023","4","",3,278,284,282,10414129,121865,803,2847,"",0.90,2.04,2.07,2.06,2.88,1.56,0.91,1.40,"",-1,-25.0,-17,-5.8,-10,-3.4,-13,-4.4,-1019058,-8.9,-7238,-5.6,486,153.3,-138,-4.6
"13089","5","5162","76","0","2023","4","",27,801,810,816,18927652,531667,9000,1800,"",0.93,1.79,1.80,1.81,0.68,1.99,2.78,0.38,"",-4,-12.9,20,2.6,27,3.4,27,3.4,1798723,10.5,43690,9.0,4060,82.2,120,7.1
"13089","5","51621","77","0","2023","4","",27,801,810,816,18927652,531667,9000,1800,"",0.93,1.79,1.80,1.81,0.68,1.99,2.78,0.38,"",-4,-12.9,20,2.6,27,3.4,27,3.4,1798723,10.5,43690,9.0,4060,82.2,120,7.1
"13089","5","516210","78","0","2023","4","",27,801,810,816,18927652,531667,9000,1800,"",0.93,1.79,1.80,1.81,0.68,1.99,2.78,0.38,"",-4,-12.9,20,2.6,27,3.4,27,3.4,1798723,10.5,43690,9.0,4060,82.2,120,7.1
"13089","5","517","75","0","2023","4","",73,3432,3372,3368,117562336,1740219,5680,2667,"",1.02,2.63,2.58,2.59,3.32,2.21,0.61,1.28,"",2,2.8,-192,-5.3,-243,-6.7,-228,-6.3,-159711,-0.1,221759,14.6,-3243,-36.3,160,6.4
"13089","5","5171","76","0","2023","4","",63,3398,3338,3334,116660623,1730719,5674,2673,"",1.06,2.85,2.79,2.80,3.71,2.38,0.67,1.32,"",4,6.8,-197,-5.5,-248,-6.9,-232,-6.5,-440136,-0.4,230750,15.4,-3232,-36.3,159,6.3
"13089","5","51711","77","0","2023","4","",52,3172,3137,3134,109166892,1623189,5431,2668,"",1.03,2.85,2.82,2.82,3.72,2.42,0.70,1.31,"",9,20.9,-370,-10.4,-394,-11.2,-377,-10.7,-6763435,-5.8,191682,13.4,-3175,-36.9,140,5.5
"13089","5","517111","78","0","2023","4","N",44,0,0,0,0,0,0,0,"N",1.19,0,0,0,0,0,0,0,"N",9,25.7,0,0,0,0,0,0,0,0,0,0,0,0,0,0
"13089","5","517112","78","0","2023","4","N",8,0,0,0,0,0,0,0,"N",0.60,0,0,0,0,0,0,0,"N",0,0.0,0,0,0,0,0,0,0,0,0,0,0,0,0,0
"13089","5","51712","77","0","2023","4","",11,226,201,200,7493731,107530,243,2758,"",1.21,2.77,2.48,2.48,3.56,1.92,0.37,1.38,"",-5,-31.2,173,326.4,146,265.5,145,263.6,6323299,540.3,39068,57.1,-57,-19.0,1101,66.4
"13089","5","517121","78","0","2023","4","",11,226,201,200,7493731,107530,243,2758,"",1.21,2.77,2.48,2.48,3.56,1.92,0.37,1.38,"",-5,-31.2,173,326.4,146,265.5,145,263.6,6323299,540.3,39068,57.1,-57,-19.0,1101,66.4
"13089","5","5174","76","0","2023","4","N",4,0,0,0,0,0,0,0,"N",1.97,0,0,0,0,0,0,0,"N",1,33.3,0,0,0,0,0,0,0,0,0,0,0,0,0,0
"13089","5","51741","77","0","2023","4","N",4,0,0,0,0,0,0,0,"N",1.97,0,0,0,0,0,0,0,"N",1,33.3,0,0,0,0,0,0,0,0,0,0,0,0,0,0
"13089","5","517410","78","0","2023","4","N",4,0,0,0,0,0,0,0,"N",1.97,0,0,0,0,0,0,0,"N",1,33.3,0,0,0,0,0,0,0,0,0,0,0,0,0,0
"13089","5","5178","76","0","2023","4","N",6,0,0,0,0,0,0,0,"N",0.58,0,0,0,0,0,0,0,"N",-3,-33.3,0,0,0,0,0,0,0,0,0,0,0,0,0,0
"13089","5","51781","77","0","2023","4","N",6,0,0,0,0,0,0,0,"N",0.58,0,0,0,0,0,0,0,"N",-3,-33.3,0,0,0,0,0,0,0,0,0,0,0,0,0,0
"13089","5","517810","78","0","2023","4","N",6,0,0,0,0,0,0,0,"N",0.58,0,0,0,0,0,0,0,"N",-3,-33.3,0,0,0,0,0,0,0,0,0,0,0,0,0,0
"13089","5","518","75","0","2023","4","",86,1295,1343,1351,33379373,1037264,20804,1931,"",0.80,1.32,1.37,1.38,0.76,1.51,2.38,0.56,"",11,14.7,208,19.1,254,23.3,246,22.3,4373596,15.1,182061,21.3,4483,27.5,-109,-5.3
"13089","5","5182","76","0","2023","4","",86,1295,1343,1351,33379373,1037264,20804,1931,"",0.80,1.32,1.37,1.38,0.76,1.51,2.38,0.56,"",11,14.7,208,19.1,254,23.3,246,22.3,4373596,15.1,182061,21.3,4483,27.5,-109,-5.3
"13089","5","51821","77","0","2023","4","",86,1295,1343,1351,33379373,1037264,20804,1931,"",0.80,1.32,1.37,1.38,0.76,1.51,2.38,0.56,"",11,14.7,208,19.1,254,23.3,246,22.3,4373596,15.1,182061,21.3,4483,27.5,-109,-5.3
"13089","5","518210","78","0","2023","4","",86,1295,1343,1351,33379373,1037264,20804,1931,"",0.80,1.32,1.37,1.38,0.76,1.51,2.38,0.56,"",11,14.7,208,19.1,254,23.3,246,22.3,4373596,15.1,182061,21.3,4483,27.5,-109,-5.3
"13089","5","519","75","0","2023","4","",12,29,28,27,997869,25390,345,2741,"",0.34,0.08,0.07,0.07,0.04,0.13,0.12,0.55,"",4,50.0,3,11.5,1,3.7,0,0.0,136152,15.8,-10632,-29.5,-359,-51.0,255,10.3
"13089","5","5192","76","0","2023","4","",12,29,28,27,997869,25390,345,2741,"",0.34,0.08,0.07,0.07,0.04,0.13,0.12,0.55,"",4,50.0,3,11.5,1,3.7,0,0.0,136152,15.8,-10632,-29.5,-359,-51.0,255,10.3
"13089","5","51921","77","0","2023","4","N",2,0,0,0,0,0,0,0,"N",0.43,0,0,0,0,0,0,0,"N",1,100.0,0,0,0,0,0,0,0,0,0,0,0,0,0,0
"13089","5","519210","78","0","2023","4","N",2,0,0,0,0,0,0,0,"N",0.43,0,0,0,0,0,0,0,"N",1,100.0,0,0,0,0,0,0,0,0,0,0,0,0,0,0
"13089","5","51929","77","0","2023","4","N",10,0,0,0,0,0,0,0,"N",0.33,0,0,0,0,0,0,0,"N",3,42.9,0,0,0,0,0,0,0,0,0,0,0,0,0,0
"13089","5","519290","78","0","2023","4","N",10,0,0,0,0,0,0,0,"N",0.33,0,0,0,0,0,0,0,"N",3,42.9,0,0,0,0,0,0,0,0,0,0,0,0,0,0
"13089","5","52","74","0","2023","4","",970,16894,16963,17036,367051654,12545862,96395,1664,"",0.84,1.32,1.32,1.33,0.86,1.51,1.12,0.65,"",-7,-0.7,1079,6.8,1122,7.1,1109,7.0,35758817,10.8,-2963431,-19.1,-50747,-34.5,57,3.5
"13089","5","522","75","0","2023","4","",343,2692,2665,2655,58220496,2054882,28962,1677,"",0.89,0.51,0.50,0.50,0.42,0.63,0.92,0.84,"",8,2.4,127,5.0,89,3.5,60,2.3,5281897,10.0,-47783,-2.3,-1425,-4.7,98,6.2
"13089","5","5221","76","0","2023","4","",162,1540,1531,1518,36599777,593639,5618,1841,"",0.76,0.43,0.42,0.42,0.41,0.28,0.33,0.98,"",7,4.5,94,6.5,85,5.9,68,4.7,3431584,10.3,-156375,-20.8,-3633,-39.3,78,4.4
"13089","5","52211","77","0","2023","4","",138,1300,1298,1290,32630653,417965,3104,1937,"",0.88,0.46,0.46,0.46,0.45,0.30,0.27,0.97,"",2,1.5,23,1.8,24,1.9,12,0.9,2369297,7.8,-212685,-33.7,-4854,-61.0,113,6.2
"13089","5","522110","78","0","2023","4","",138,1300,1298,1290,32630653,417965,3104,1937,"",0.88,0.46,0.46,0.46,0.45,0.30,0.27,0.97,"",2,1.5,23,1.8,24,1.9,12,0.9,2369297,7.8,-212685,-33.7,-4854,-61.0,113,6.2
"13089","5","52213","77","0","2023","4","N",22,0,0,0,0,0,0,0,"N",0.56,0,0,0,0,0,0,0,"N",5,29.4,0,0,0,0,0,0,0,0,0,0,0,0,0,0
"13089","5","522130","78","0","2023","4","N",22,0,0,0,0,0,0,0,"N",0.56,0,0,0,0,0,0,0,"N",5,29.4,0,0,0,0,0,0,0,0,0,0,0,0,0,0
"13089","5","52218","77","0","2023","4","N",2,0,0,0,0,0,0,0,"N",0.13,0,0,0,0,0,0,0,"N",0,0.0,0,0,0,0,0,0,0,0,0,0,0,0,0,0
"13089","5","522180","78","0","2023","4","N",2,0,0,0,0,0,0,0,"N",0.13,0,0,0,0,0,0,0,"N",0,0.0,0,0,0,0,0,0,0,0,0,0,0,0,0,0
"13089","5","5222","76","0","2023","4","",105,550,547,548,10798635,743475,8981,1515,"",1.00,0.52,0.51,0.52,0.36,0.97,0.98,0.69,"",-4,-3.7,-2,-0.4,-39,-6.7,-42,-7.1,1204216,12.6,36700,5.2,165,1.9,234,18.3
"13089","5","52221","77","0","2023","4","",3,9,7,6,317093,48117,1289,3326,"",1.41,0.06,0.05,0.04,0.06,0.82,2.07,1.18,"N",1,50.0,0,0,0,0,0,0,0,0,0,0,0,0,0,0
"13089","5","522210","78","0","2023","4","",3,9,7,6,317093,48117,1289,3326,"",1.41,0.06,0.05,0.04,0.06,0.82,2.07,1.18,"N",1,50.0,0,0,0,0,0,0,0,0,0,0,0,0,0,0
"13089","5","52222","77","0","2023","4","",9,33,36,36,2473419,35607,961,5436,"",0.70,0.19,0.21,0.21,0.49,0.34,0.73,2.43,"N",0,0.0,0,0,0,0,0,0,0,0,0,0,0,0,0,0
"13089","5","522220","78","0","2023","4","",9,33,36,36,2473419,35607,961,5436,"",0.70,0.19,0.21,0.21,0.49,0.34,0.73,2.43,"N",0,0.0,0,0,0,0,0,0,0,0,0,0,0,0,0,0
"13089","5","52229","77","0","2023","4","",93,508,504,506,8008123,659751,6731,1217,"",1.03,0.68,0.68,0.68,0.40,1.10,0.93,0.59,"",-5,-5.1,-15,-2.9,-55,-9.8,-58,-10.3,-933781,-10.4,-22483,-3.3,-984,-12.8,-37,-3.0
"13089","5","522291","78","0","2023","4","",18,121,121,124,1603760,157136,2459,1011,"",0.58,0.65,0.65,0.66,0.35,0.80,1.19,0.54,"",-3,-14.3,39,47.6,-5,-4.0,-1,-0.8,13758,0.9,-42690,-21.4,-492,-16.7,-91,-8.3
"13089","5","522292","78","0","2023","4","",38,251,248,248,3825665,359600,3908,1182,"",0.99,0.66,0.65,0.66,0.36,1.28,0.98,0.55,"",0,0.0,-61,-19.6,-58,-19.0,-61,-19.7,-1452345,-27.5,638,0.2,171,4.6,-132,-10.0
"13089","5","522299","78","0","2023","4","",37,136,135,134,2578698,143015,364,1469,"",1.77,0.76,0.76,0.75,0.53,1.14,0.31,0.70,"",-2,-5.1,7,5.4,8,6.3,4,3.1,504806,24.3,19569,15.9,-663,-64.6,229,18.5
"13089","5","5223","76","0","2023","4","",76,602,587,589,10822084,717768,14363,1405,"",1.10,1.04,1.01,1.02,0.58,1.84,2.71,0.57,"",5,7.0,35,6.2,43,7.9,34,6.1,646097,6.3,71892,11.1,2043,16.6,-5,-0.4
"13089","5","52231","77","0","2023","4","",33,210,209,214,5456102,197126,3925,1989,"",0.94,1.23,1.23,1.27,1.20,1.28,1.70,0.97,"",6,22.2,60,40.0,65,45.1,68,46.6,856136,18.6,68186,52.9,1652,72.7,-424,-17.6
"13089","5","522310","78","0","2023","4","",33,210,209,214,5456102,197126,3925,1989,"",0.94,1.23,1.23,1.27,1.20,1.28,1.70,0.97,"",6,22.2,60,40.0,65,45.1,68,46.6,856136,18.6,68186,52.9,1652,72.7,-424,-17.6
"13089","5","52232","77","0","2023","4","",23,224,223,222,4120324,267794,4844,1421,"",1.24,0.84,0.84,0.84,0.39,1.83,2.62,0.47,"",0,0.0,-33,-12.8,-34,-13.2,-42,-15.9,-414602,-9.1,48408,22.1,1532,46.3,76,5.7
"13089","5","522320","78","0","2023","4","",23,224,223,222,4120324,267794,4844,1421,"",1.24,0.84,0.84,0.84,0.39,1.83,2.62,0.47,"",0,0.0,-33,-12.8,-34,-13.2,-42,-15.9,-414602,-9.1,48408,22.1,1532,46.3,76,5.7
"13089","5","52239","77","0","2023","4","",20,168,155,153,1245658,252848,5594,604,"",1.33,1.17,1.08,1.06,0.35,2.82,4.89,0.32,"",-1,-4.8,8,5.0,12,8.4,8,5.5,204563,19.6,-44702,-15.0,-1141,-16.9,68,12.7
"13089","5","522390","78","0","2023","4","",20,168,155,153,1245658,252848,5594,604,"",1.33,1.17,1.08,1.06,0.35,2.82,4.89,0.32,"",-1,-4.8,8,5.0,12,8.4,8,5.5,204563,19.6,-44702,-15.0,-1141,-16.9,68,12.7
"13089","5","523","75","0","2023","4","N",227,0,0,0,0,0,0,0,"N",0.77,0,0,0,0,0,0,0,"N",-1,-0.4,0,0,0,0,0,0,0,0,0,0,0,0,0,0
"13089","5","5231","76","0","2023","4","N",69,0,0,0,0,0,0,0,"N",0.83,0,0,0,0,0,0,0,"N",4,6.2,0,0,0,0,0,0,0,0,0,0,0,0,0,0
"13089","5","52315","77","0","2023","4","",66,139,136,134,4899730,42848,366,2765,"",0.87,0.15,0.15,0.15,0.09,0.11,0.09,0.58,"",5,8.2,2,1.5,-4,-2.9,-4,-2.9,221432,4.7,-445906,-91.2,-2355,-86.5,164,6.3
"13089","5","523150","78","0","2023","4","",66,139,136,134,4899730,42848,366,2765,"",0.87,0.15,0.15,0.15,0.09,0.11,0.09,0.58,"",5,8.2,2,1.5,-4,-2.9,-4,-2.9,221432,4.7,-445906,-91.2,-2355,-86.5,164,6.3
"13089","5","52316","77","0","2023","4","N",3,0,0,0,0,0,0,0,"N",0.41,0,0,0,0,0,0,0,"N",-1,-25.0,0,0,0,0,0,0,0,0,0,0,0,0,0,0
"13089","5","523160","78","0","2023","4","N",3,0,0,0,0,0,0,0,"N",0.41,0,0,0,0,0,0,0,"N",-1,-25.0,0,0,0,0,0,0,0,0,0,0,0,0,0,0
"13089","5","5232","76","0","2023","4","N",1,0,0,0,0,0,0,0,"N",0.58,0,0,0,0,0,0,0,"N",-1,-50.0,0,0,0,0,0,0,0,0,0,0,0,0,0,0
"13089","5","52321","77","0","2023","4","N",1,0,0,0,0,0,0,0,"N",0.58,0,0,0,0,0,0,0,"N",-1,-50.0,0,0,0,0,0,0,0,0,0,0,0,0,0,0
"13089","5","523210","78","0","2023","4","N",1,0,0,0,0,0,0,0,"N",0.58,0,0,0,0,0,0,0,"N",-1,-50.0,0,0,0,0,0,0,0,0,0,0,0,0,0,0
"13089","5","5239","76","0","2023","4","",157,449,449,455,23453364,460372,8459,4000,"",0.74,0.37,0.37,0.37,0.26,0.52,0.76,0.70,"",-4,-2.5,20,4.7,14,3.2,9,2.0,5825793,33.0,-140630,-23.4,1308,18.3,895,28.8
"13089","5","52391","77","0","2023","4","",20,24,22,21,962521,33966,801,3315,"",1.03,0.34,0.31,0.30,0.17,0.58,0.95,0.55,"",-2,-9.1,-2,-7.7,-6,-21.4,-7,-25.0,120350,14.3,-8355,-19.7,-181,-18.4,945,39.9
"13089","5","523910","78","0","2023","4","",20,24,22,21,962521,33966,801,3315,"",1.03,0.34,0.31,0.30,0.17,0.58,0.95,0.55,"",-2,-9.1,-2,-7.7,-6,-21.4,-7,-25.0,120350,14.3,-8355,-19.7,-181,-18.4,945,39.9
"13089","5","52394","77","0","2023","4","",127,392,394,399,19950718,401087,7028,3885,"",0.74,0.39,0.38,0.39,0.25,0.56,0.80,0.65,"",-6,-4.5,8,2.1,8,2.1,2,0.5,4228699,26.9,-133261,-24.9,1516,27.5,776,25.0
"13089","5","523940","78","0","2023","4","",127,392,394,399,19950718,401087,7028,3885,"",0.74,0.39,0.38,0.39,0.25,0.56,0.80,0.65,"",-6,-4.5,8,2.1,8,2.1,2,0.5,4228699,26.9,-133261,-24.9,1516,27.5,776,25.0
"13089","5","52399","77","0","2023","4","",10,33,33,35,2540125,25319,630,5804,"",0.48,0.29,0.28,0.30,0.49,0.23,0.42,1.70,"",4,66.7,14,73.7,12,57.1,14,66.7,1476744,138.9,986,4.1,-27,-4.1,1781,44.3
"13089","5","523991","78","0","2023","4","N",2,0,0,0,0,0,0,0,"N",0.33,0,0,0,0,0,0,0,"N",1,100.0,0,0,0,0,0,0,0,0,0,0,0,0,0,0
"13089","5","523999","78","0","2023","4","N",8,0,0,0,0,0,0,0,"N",0.55,0,0,0,0,0,0,0,"N",3,60.0,0,0,0,0,0,0,0,0,0,0,0,0,0,0
"13089","5","524","75","0","2023","4","",394,13590,13682,13763,279469963,9964416,58298,1572,"",0.89,2.60,2.60,2.62,2.10,2.85,1.68,0.81,"",-13,-3.2,936,7.4,1024,8.1,1049,8.3,24575089,9.6,-2328828,-18.9,-48465,-45.4,25,1.6
"13089","5","5241","76","0","2023","4","",35,878,889,890,24682836,680603,3755,2144,"",0.50,0.36,0.36,0.36,0.39,0.50,0.29,1.07,"",3,9.4,304,53.0,317,55.4,317,55.3,7297948,42.0,189657,38.6,1067,39.7,-190,-8.1
"13089","5","52411","77","0","2023","4","",16,228,230,232,6566529,356658,1248,2196,"",0.59,0.17,0.17,0.17,0.19,0.40,0.16,1.12,"",4,33.3,-7,-3.0,-5,-2.1,-9,-3.7,73395,1.1,61769,20.9,-39,-3.0,89,4.2
"13089","5","524113","78","0","2023","4","",9,220,221,223,6242268,347158,1157,2169,"",0.86,0.49,0.49,0.49,0.50,0.78,0.32,1.03,"",3,50.0,-7,-3.1,-6,-2.6,-9,-3.9,-7142,-0.1,58752,20.4,-62,-5.1,67,3.2
"13089","5","524114","78","0","2023","4","",7,8,9,9,324261,9500,91,2878,"",0.42,0.01,0.01,0.01,0.02,0.02,0.02,1.54,"",1,16.7,0,0.0,1,12.5,0,0.0,80537,33.0,3017,46.5,23,33.8,628,27.9
"13089","5","52412","77","0","2023","4","",15,510,517,514,12448969,299369,2270,1864,"",0.37,0.48,0.49,0.49,0.44,0.65,0.51,0.91,"",-1,-6.2,324,174.2,332,179.5,335,187.2,7203379,137.3,149228,99.4,939,70.5,-337,-15.3
"13089","5","524126","78","0","2023","4","N",12,0,0,0,0,0,0,0,"N",0.49,0,0,0,0,0,0,0,"N",-1,-7.7,0,0,0,0,0,0,0,0,0,0,0,0,0,0
"13089","5","524127","78","0","2023","4","N",3,0,0,0,0,0,0,0,"N",0.26,0,0,0,0,0,0,0,"N",0,0.0,0,0,0,0,0,0,0,0,0,0,0,0,0,0
"13089","5","52413","77","0","2023","4","",4,140,142,144,5667338,24576,237,3070,"",1.70,2.21,2.22,2.25,2.74,0.87,0.76,1.23,"",0,0.0,-13,-8.5,-10,-6.6,-9,-5.9,21174,0.4,-21340,-46.5,167,238.6,225,7.9
"13089","5","524130","78","0","2023","4","",4,140,142,144,5667338,24576,237,3070,"",1.70,2.21,2.22,2.25,2.74,0.87,0.76,1.23,"",0,0.0,-13,-8.5,-10,-6.6,-9,-5.9,21174,0.4,-21340,-46.5,167,238.6,225,7.9
"13089","5","5242","76","0","2023","4","",359,12712,12793,12873,254787127,9283813,54543,1532,"",0.96,4.55,4.56,4.59,3.69,4.38,2.49,0.81,"",-16,-4.3,632,5.2,707,5.8,732,6.0,17277141,7.3,-2518485,-21.3,-49532,-47.6,22,1.5
"13089","5","52421","77","0","2023","4","",327,12364,12442,12523,246181843,9030162,50008,1522,"",1.03,6.13,6.12,6.17,4.87,5.76,3.19,0.79,"",-12,-3.5,744,6.4,821,7.1,848,7.3,18743607,8.2,-2330570,-20.5,-47584,-48.8,19,1.3
"13089","5","524210","78","0","2023","4","",327,12364,12442,12523,246181843,9030162,50008,1522,"",1.03,6.13,6.12,6.17,4.87,5.76,3.19,0.79,"",-12,-3.5,744,6.4,821,7.1,848,7.3,18743607,8.2,-2330570,-20.5,-47584,-48.8,19,1.3
"13089","5","52429","77","0","2023","4","",32,348,351,350,8605284,253651,4535,1893,"",0.56,0.45,0.45,0.45,0.46,0.46,0.72,1.03,"",-4,-11.1,-112,-24.3,-114,-24.5,-116,-24.9,-1466466,-14.6,-187915,-42.6,-1948,-30.0,222,13.3
"13089","5","524291","78","0","2023","4","",8,11,10,11,188678,8541,89,1361,"",0.48,0.09,0.08,0.09,0.06,0.10,0.08,0.68,"",-6,-42.9,-99,-90.0,-102,-91.1,-101,-90.2,-1930466,-91.1,-56797,-86.9,-294,-76.8,-103,-7.0
"13089","5","524292","78","0","2023","4","",15,294,298,296,6738267,224519,4082,1751,"",0.80,0.67,0.67,0.67,0.68,0.70,1.16,1.02,"",0,0.0,-13,-4.2,-11,-3.6,-14,-4.5,51479,0.8,-145520,-39.3,-2001,-32.9,85,5.1
"13089","5","524298","78","0","2023","4","",9,43,43,43,1678339,20591,364,3002,"",0.42,0.21,0.21,0.21,0.31,0.14,0.23,1.50,"",2,28.6,0,0.0,-1,-2.3,-1,-2.3,412521,32.6,14402,232.7,347,2041.2,772,34.6
"13089","5","525","75","0","2023","4","N",6,0,0,0,0,0,0,0,"N",0.30,0,0,0,0,0,0,0,"N",-1,-14.3,0,0,0,0,0,0,0,0,0,0,0,0,0,0
"13089","5","5251","76","0","2023","4","N",2,0,0,0,0,0,0,0,"N",0.52,0,0,0,0,0,0,0,"N",0,0.0,0,0,0,0,0,0,0,0,0,0,0,0,0,0
"13089","5","52511","77","0","2023","4","N",1,0,0,0,0,0,0,0,"N",0.58,0,0,0,0,0,0,0,"N",0,0.0,0,0,0,0,0,0,0,0,0,0,0,0,0,0
"13089","5","525110","78","0","2023","4","N",1,0,0,0,0,0,0,0,"N",0.58,0,0,0,0,0,0,0,"N",0,0.0,0,0,0,0,0,0,0,0,0,0,0,0,0,0
"13089","5","52512","77","0","2023","4","N",1,0,0,0,0,0,0,0,"N",0.72,0,0,0,0,0,0,0,"N",0,0.0,0,0,0,0,0,0,0,0,0,0,0,0,0,0
"13089","5","525120","78","0","2023","4","N",1,0,0,0,0,0,0,0,"N",0.72,0,0,0,0,0,0,0,"N",0,0.0,0,0,0,0,0,0,0,0,0,0,0,0,0,0
"13089","5","5259","76","0","2023","4","N",4,0,0,0,0,0,0,0,"N",0.25,0,0,0,0,0,0,0,"N",-1,-20.0,0,0,0,0,0,0,0,0,0,0,0,0,0,0
"13089","5","52592","77","0","2023","4","N",2,0,0,0,0,0,0,0,"N",0.30,0,0,0,0,0,0,0,"N",0,0.0,0,0,0,0,0,0,0,0,0,0,0,0,0,0
"13089","5","525920","78","0","2023","4","N",2,0,0,0,0,0,0,0,"N",0.30,0,0,0,0,0,0,0,"N",0,0.0,0,0,0,0,0,0,0,0,0,0,0,0,0,0
"13089","5","52599","77","0","2023","4","N",2,0,0,0,0,0,0,0,"N",0.30,0,0,0,0,0,0,0,"N",-1,-33.3,0,0,0,0,0,0,0,0,0,0,0,0,0,0
"13089","5","525990","78","0","2023","4","N",2,0,0,0,0,0,0,0,"N",0.30,0,0,0,0,0,0,0,"N",-1,-33.3,0,0,0,0,0,0,0,0,0,0,0,0,0,0
"13089","5","53","74","0","2023","4","",1104,4600,4647,4613,84319425,6127247,75207,1404,"",1.13,0.94,0.95,0.94,0.85,1.17,1.15,0.91,"",-1,-0.1,-364,-7.3,-365,-7.3,-416,-8.3,-6876625,-7.5,-296621,-4.6,-4542,-5.7,1,0.1
"13089","5","531","75","0","2023","4","",1002,3876,3894,3908,72351347,5439179,69035,1430,"",1.17,1.05,1.06,1.05,0.95,1.35,1.40,0.90,"",5,0.5,30,0.8,24,0.6,-46,-1.2,-1472885,-2.0,-46728,-0.9,233,0.3,-30,-2.1
"13089","5","5311","76","0","2023","4","",248,1493,1514,1533,25309160,1880974,27745,1286,"",1.02,1.17,1.18,1.19,1.05,1.46,1.70,0.89,"",6,2.5,-29,-1.9,-2,-0.1,1,0.1,-1518219,-5.7,-278712,-12.9,5202,23.1,-69,-5.1
"13089","5","53111","77","0","2023","4","",105,1024,1040,1058,17044400,1273124,20332,1260,"",0.80,1.37,1.39,1.40,1.38,1.67,2.14,0.99,"",-8,-7.1,-10,-1.0,1,0.1,9,0.9,-3200848,-15.8,-258277,-16.9,3353,19.7,-236,-15.8
"13089","5","531110","78","0","2023","4","",105,1024,1040,1058,17044400,1273124,20332,1260,"",0.80,1.37,1.39,1.40,1.38,1.67,2.14,0.99,"",-8,-7.1,-10,-1.0,1,0.1,9,0.9,-3200848,-15.8,-258277,-16.9,3353,19.7,-236,-15.8
"13089","5","53112","77","0","2023","4","",81,269,268,271,6058535,277507,2386,1730,"",1.50,0.83,0.83,0.84,0.72,0.98,0.61,0.87,"",-3,-3.6,-43,-13.8,-37,-12.1,-40,-12.9,1320302,27.9,-59356,-17.6,-1697,-41.6,552,46.9
"13089","5","531120","78","0","2023","4","",81,269,268,271,6058535,277507,2386,1730,"",1.50,0.83,0.83,0.84,0.72,0.98,0.61,0.87,"",-3,-3.6,-43,-13.8,-37,-12.1,-40,-12.9,1320302,27.9,-59356,-17.6,-1697,-41.6,552,46.9
"13089","5","53113","77","0","2023","4","N",49,0,0,0,0,0,0,0,"N",1.33,0,0,0,0,0,0,0,"N",17,53.1,0,0,0,0,0,0,0,0,0,0,0,0,0,0
"13089","5","531130","78","0","2023","4","N",49,0,0,0,0,0,0,0,"N",1.33,0,0,0,0,0,0,0,"N",17,53.1,0,0,0,0,0,0,0,0,0,0,0,0,0,0
"13089","5","53119","77","0","2023","4","N",13,0,0,0,0,0,0,0,"N",0.62,0,0,0,0,0,0,0,"N",0,0.0,0,0,0,0,0,0,0,0,0,0,0,0,0,0
"13089","5","531190","78","0","2023","4","N",13,0,0,0,0,0,0,0,"N",0.62,0,0,0,0,0,0,0,"N",0,0.0,0,0,0,0,0,0,0,0,0,0,0,0,0,0
"13089","5","5312","76","0","2023","4","",470,791,788,817,19140185,1549000,20435,1843,"",1.44,1.08,1.07,1.09,1.05,1.69,1.94,0.97,"",-6,-1.3,12,1.5,0,0.0,-6,-0.7,-1403572,-6.8,218785,16.4,4789,30.6,-141,-7.1
"13089","5","53121","77","0","2023","4","",470,791,788,817,19140185,1549000,20435,1843,"",1.44,1.08,1.07,1.09,1.05,1.69,1.94,0.97,"",-6,-1.3,12,1.5,0,0.0,-6,-0.7,-1403572,-6.8,218785,16.4,4789,30.6,-141,-7.1
"13089","5","531210","78","0","2023","4","",470,791,788,817,19140185,1549000,20435,1843,"",1.44,1.08,1.07,1.09,1.05,1.69,1.94,0.97,"",-6,-1.3,12,1.5,0,0.0,-6,-0.7,-1403572,-6.8,218785,16.4,4789,30.6,-141,-7.1
"13089","5","5313","76","0","2023","4","",284,1592,1592,1558,27902002,2009205,20855,1358,"",1.00,0.95,0.95,0.93,0.82,1.11,0.93,0.87,"",5,1.8,47,3.0,26,1.7,-41,-2.6,1448906,5.5,13199,0.7,-9758,-31.9,62,4.8
"13089","5","53131","77","0","2023","4","",194,1317,1310,1279,20218931,1709735,17479,1195,"",0.99,0.92,0.92,0.89,0.75,1.10,0.91,0.82,"",5,2.6,49,3.9,37,2.9,-16,-1.2,805204,4.1,149793,9.6,-4673,-21.1,27,2.3
"13089","5","531311","78","0","2023","4","",133,1110,1113,1083,16341082,1425657,13479,1141,"",0.88,1.03,1.03,1.00,0.91,1.13,0.86,0.89,"",0,0.0,77,7.5,73,7.0,32,3.0,1072727,7.0,113979,8.7,-4974,-27.0,13,1.2
"13089","5","531312","78","0","2023","4","",61,207,197,196,3877849,284078,4000,1491,"",1.34,0.59,0.56,0.56,0.43,0.97,1.13,0.76,"",5,8.9,-28,-11.9,-36,-15.5,-48,-19.7,-267523,-6.5,35814,14.4,301,8.1,147,10.9
"13089","5","53132","77","0","2023","4","",36,78,80,71,2705548,69865,1735,2726,"",1.32,1.29,1.33,1.18,2.38,1.18,3.09,1.88,"",-5,-12.2,-6,-7.1,-4,-4.8,-15,-17.4,572581,26.8,-6856,-8.9,-17,-1.0,788,40.7
"13089","5","531320","78","0","2023","4","",36,78,80,71,2705548,69865,1735,2726,"",1.32,1.29,1.33,1.18,2.38,1.18,3.09,1.88,"",-5,-12.2,-6,-7.1,-4,-4.8,-15,-17.4,572581,26.8,-6856,-8.9,-17,-1.0,788,40.7
"13089","5","53139","77","0","2023","4","",54,197,202,208,4977523,229605,1641,1892,"",0.87,1.08,1.10,1.12,0.86,1.15,0.61,0.78,"",5,10.2,4,2.1,-7,-3.3,-10,-4.6,71121,1.4,-129738,-36.1,-5068,-75.5,66,3.6
"13089","5","531390","78","0","2023","4","",54,197,202,208,4977523,229605,1641,1892,"",0.87,1.08,1.10,1.12,0.86,1.15,0.61,0.78,"",5,10.2,4,2.1,-7,-3.3,-10,-4.6,71121,1.4,-129738,-36.1,-5068,-75.5,66,3.6
"13089","5","532","75","0","2023","4","",91,659,688,655,10894688,622392,4918,1256,"",0.78,0.56,0.59,0.57,0.52,0.53,0.32,0.91,"",-8,-8.1,-396,-37.5,-390,-36.2,-364,-35.7,-5373730,-33.0,-210151,-25.2,-3803,-43.6,65,5.5
"13089","5","5321","76","0","2023","4","",37,302,310,306,4125998,296738,2059,1037,"",1.02,0.68,0.71,0.69,0.62,0.70,0.45,0.89,"",-2,-5.1,-269,-47.1,-262,-45.8,-244,-44.4,-3500412,-45.9,-214172,-41.9,-3169,-60.6,-3,-0.3
"13089","5","53211","77","0","2023","4","",20,120,123,122,1371472,93102,519,867,"",0.95,0.49,0.50,0.49,0.39,0.37,0.19,0.79,"",-1,-4.8,-1,-0.8,0,0.0,-2,-1.6,12053,0.9,9527,11.4,41,8.6,15,1.8
"13089","5","532111","78","0","2023","4","",20,120,123,122,1371472,93102,519,867,"",1.04,0.54,0.56,0.55,0.47,0.40,0.20,0.87,"",-1,-4.8,-1,-0.8,0,0.0,-2,-1.6,12053,0.9,9527,11.4,41,8.6,15,1.8
"13089","5","53212","77","0","2023","4","",17,182,187,184,2754526,203636,1540,1149,"",1.11,0.94,0.96,0.95,0.87,1.18,0.87,0.91,"",-1,-5.6,-268,-59.6,-262,-58.4,-242,-56.8,-3512465,-56.0,-223699,-52.3,-3210,-67.6,58,5.3
"13089","5","532120","78","0","2023","4","",17,182,187,184,2754526,203636,1540,1149,"",1.11,0.94,0.96,0.95,0.87,1.18,0.87,0.91,"",-1,-5.6,-268,-59.6,-262,-58.4,-242,-56.8,-3512465,-56.0,-223699,-52.3,-3210,-67.6,58,5.3
"13089","5","5322","76","0","2023","4","",22,189,203,177,2619382,152423,956,1062,"",0.62,0.70,0.78,0.69,0.69,0.51,0.21,0.96,"N",-2,-8.3,0,0,0,0,0,0,0,0,0,0,0,0,0,0
"13089","5","53221","77","0","2023","4","N",1,0,0,0,0,0,0,0,"N",0.34,0,0,0,0,0,0,0,"N",-1,-50.0,0,0,0,0,0,0,0,0,0,0,0,0,0,0
"13089","5","532210","78","0","2023","4","N",1,0,0,0,0,0,0,0,"N",0.34,0,0,0,0,0,0,0,"N",-1,-50.0,0,0,0,0,0,0,0,0,0,0,0,0,0,0
"13089","5","53228","77","0","2023","4","N",21,0,0,0,0,0,0,0,"N",0.64,0,0,0,0,0,0,0,"N",-1,-4.5,0,0,0,0,0,0,0,0,0,0,0,0,0,0
"13089","5","532282","78","0","2023","4","N",1,0,0,0,0,0,0,0,"N",0.94,0,0,0,0,0,0,0,"N",0,0.0,0,0,0,0,0,0,0,0,0,0,0,0,0,0
"13089","5","532283","78","0","2023","4","N",2,0,0,0,0,0,0,0,"N",0.37,0,0,0,0,0,0,0,"N",0,0.0,0,0,0,0,0,0,0,0,0,0,0,0,0,0
"13089","5","532289","78","0","2023","4","",18,119,124,117,1483997,144054,903,951,"",0.99,0.92,1.00,0.96,0.87,0.95,0.36,0.90,"",0,0.0,17,16.7,18,17.0,13,12.5,165894,12.6,65928,84.4,157,21.0,-24,-2.5
"13089","5","5323","76","0","2023","4","N",1,0,0,0,0,0,0,0,"N",0.14,0,0,0,0,0,0,0,"N",-1,-50.0,0,0,0,0,0,0,0,0,0,0,0,0,0,0
"13089","5","53231","77","0","2023","4","N",1,0,0,0,0,0,0,0,"N",0.14,0,0,0,0,0,0,0,"N",-1,-50.0,0,0,0,0,0,0,0,0,0,0,0,0,0,0
"13089","5","532310","78","0","2023","4","N",1,0,0,0,0,0,0,0,"N",0.14,0,0,0,0,0,0,0,"N",-1,-50.0,0,0,0,0,0,0,0,0,0,0,0,0,0,0
"13089","5","5324","76","0","2023","4","N",31,0,0,0,0,0,0,0,"N",0.84,0,0,0,0,0,0,0,"N",-3,-8.8,0,0,0,0,0,0,0,0,0,0,0,0,0,0
"13089","5","53241","77","0","2023","4","",6,66,69,69,1928877,52748,360,2182,"",0.37,0.32,0.34,0.33,0.37,0.29,0.16,1.13,"N",-2,-25.0,0,0,0,0,0,0,0,0,0,0,0,0,0,0
"13089","5","532411","78","0","2023","4","N",1,0,0,0,0,0,0,0,"N",0.59,0,0,0,0,0,0,0,"N",0,0.0,0,0,0,0,0,0,0,0,0,0,0,0,0,0
"13089","5","532412","78","0","2023","4","N",5,0,0,0,0,0,0,0,"N",0.35,0,0,0,0,0,0,0,"N",-2,-28.6,0,0,0,0,0,0,0,0,0,0,0,0,0,0
"13089","5","53242","77","0","2023","4","N",1,0,0,0,0,0,0,0,"N",0.43,0,0,0,0,0,0,0,"N",0,0.0,0,0,0,0,0,0,0,0,0,0,0,0,0,0
"13089","5","532420","78","0","2023","4","N",1,0,0,0,0,0,0,0,"N",0.43,0,0,0,0,0,0,0,"N",0,0.0,0,0,0,0,0,0,0,0,0,0,0,0,0,0
"13089","5","53249","77","0","2023","4","",24,90,95,96,2071871,114010,1539,1702,"",1.30,0.54,0.57,0.58,0.58,0.65,0.52,1.03,"",-1,-4.0,-99,-52.4,-95,-50.0,-94,-49.5,-1406539,-40.4,-2285,-2.0,-390,-20.2,291,20.6
"13089","5","532490","78","0","2023","4","",24,90,95,96,2071871,114010,1539,1702,"",1.30,0.54,0.57,0.58,0.58,0.65,0.52,1.03,"",-1,-4.0,-99,-52.4,-95,-50.0,-94,-49.5,-1406539,-40.4,-2285,-2.0,-390,-20.2,291,20.6
"13089","5","533","75","0","2023","4","",11,65,65,50,1073390,65676,1254,1376,"",1.47,1.41,1.41,1.08,0.66,1.57,1.74,0.51,"",2,22.2,2,3.2,1,1.6,-6,-10.7,-30010,-2.7,-39742,-37.7,-972,-43.7,-15,-1.1
"13089","5","5331","76","0","2023","4","",11,65,65,50,1073390,65676,1254,1376,"",1.47,1.41,1.41,1.08,0.66,1.57,1.74,0.51,"",2,22.2,2,3.2,1,1.6,-6,-10.7,-30010,-2.7,-39742,-37.7,-972,-43.7,-15,-1.1
"13089","5","53311","77","0","2023","4","",11,65,65,50,1073390,65676,1254,1376,"",1.47,1.41,1.41,1.08,0.66,1.57,1.74,0.51,"",2,22.2,2,3.2,1,1.6,-6,-10.7,-30010,-2.7,-39742,-37.7,-972,-43.7,-15,-1.1
"13089","5","533110","78","0","2023","4","",11,65,65,50,1073390,65676,1254,1376,"",1.47,1.41,1.41,1.08,0.66,1.57,1.74,0.51,"",2,22.2,2,3.2,1,1.6,-6,-10.7,-30010,-2.7,-39742,-37.7,-972,-43.7,-15,-1.1
"13089","5","54","74","0","2023","4","",3401,21051,21127,21098,595131113,22277378,344742,2170,"",1.01,0.96,0.96,0.96,0.81,1.22,1.48,0.85,"",-27,-0.8,1072,5.4,1210,6.1,1140,5.7,91231122,18.1,1970703,9.7,61191,21.6,227,11.7
"13089","5","541","75","0","2023","4","",3401,21051,21127,21098,595131113,22277378,344742,2170,"",1.01,0.96,0.96,0.96,0.81,1.22,1.48,0.85,"",-27,-0.8,1072,5.4,1210,6.1,1140,5.7,91231122,18.1,1970703,9.7,61191,21.6,227,11.7
"13089","5","5411","76","0","2023","4","",633,2455,2458,2404,67302275,2551434,35387,2123,"",1.53,1.02,1.01,0.98,0.67,1.31,1.64,0.67,"",-36,-5.4,167,7.3,188,8.3,96,4.2,8834897,15.1,-80189,-3.0,3455,10.8,158,8.0
"13089","5","54111","77","0","2023","4","",606,2300,2289,2278,65379740,2108698,26375,2197,"",1.62,1.04,1.02,1.01,0.68,1.18,1.36,0.66,"",-40,-6.2,140,6.5,150,7.0,104,4.8,8471424,14.9,-350976,-14.3,-3026,-10.3,168,8.3
"13089","5","541110","78","0","2023","4","",606,2300,2289,2278,65379740,2108698,26375,2197,"",1.62,1.04,1.02,1.01,0.68,1.18,1.36,0.66,"",-40,-6.2,140,6.5,150,7.0,104,4.8,8471424,14.9,-350976,-14.3,-3026,-10.3,168,8.3
"13089","5","54119","77","0","2023","4","",27,155,169,126,1922535,442736,9012,986,"",0.66,0.78,0.85,0.64,0.45,2.59,4.21,0.59,"",4,17.4,27,21.1,38,29.0,-8,-6.0,363473,23.3,270787,157.5,6481,256.1,71,7.8
"13089","5","541191","78","0","2023","4","",8,13,13,13,366819,19704,13,2171,"",0.40,0.11,0.11,0.11,0.16,0.23,0.01,1.47,"",-1,-11.1,-26,-66.7,-27,-67.5,-24,-64.9,-499214,-57.6,-3763,-16.0,-151,-92.1,448,26.0
"13089","5","541199","78","0","2023","4","",19,142,156,113,1555716,423032,8999,874,"",0.93,1.75,1.89,1.37,0.76,4.97,7.76,0.45,"",5,35.7,53,59.6,65,71.4,16,16.5,862687,124.5,274550,184.9,6632,280.2,297,51.5
"13089","5","5412","76","0","2023","4","",389,1498,1487,1584,34258571,1672229,24481,1730,"",1.07,0.66,0.64,0.67,0.56,0.78,0.85,0.86,"",-17,-4.2,151,11.2,144,10.7,171,12.1,5725665,20.1,-4976,-0.3,5728,30.5,125,7.8
"13089","5","54121","77","0","2023","4","",389,1498,1487,1584,34258571,1672229,24481,1730,"",1.07,0.66,0.64,0.67,0.56,0.78,0.85,0.86,"",-17,-4.2,151,11.2,144,10.7,171,12.1,5725665,20.1,-4976,-0.3,5728,30.5,125,7.8
"13089","5","541211","78","0","2023","4","",153,872,864,874,20590293,737649,4559,1821,"",1.22,0.80,0.79,0.79,0.59,0.88,0.56,0.75,"",5,3.4,192,28.2,182,26.7,197,29.1,5387811,35.4,120173,19.5,-1023,-18.3,100,5.8
"13089","5","541213","78","0","2023","4","",104,143,147,212,1918677,163896,4748,882,"",1.41,1.02,0.89,1.04,0.82,1.17,1.79,0.83,"",-16,-13.3,-39,-21.4,-42,-22.2,-40,-15.9,-847194,-30.6,-49118,-23.1,720,17.9,-143,-14.0
"13089","5","541214","78","0","2023","4","",18,173,172,170,3381746,488738,12415,1515,"",0.70,0.37,0.37,0.35,0.29,0.84,1.12,0.79,"",3,20.0,17,10.9,22,14.7,19,12.6,504531,17.5,76318,18.5,8582,223.9,62,4.3
"13089","5","541219","78","0","2023","4","",114,310,304,328,8367855,281946,2759,2050,"",0.83,0.54,0.53,0.56,0.70,0.48,0.40,1.30,"",-9,-7.3,-19,-5.8,-18,-5.6,-5,-1.5,680517,8.9,-152349,-35.1,-2551,-48.0,247,13.7
"13089","5","5413","76","0","2023","4","",299,3001,3034,3002,79560457,1889069,22240,2032,"",0.89,0.89,0.89,0.88,0.75,0.74,0.67,0.85,"",-16,-5.1,-63,-2.1,-8,-0.3,-8,-0.3,-3798740,-4.6,-380108,-16.8,-9042,-28.9,-78,-3.7
"13089","5","54131","77","0","2023","4","",73,286,283,289,9087658,268080,5047,2444,"",1.25,0.69,0.68,0.69,0.67,0.90,1.52,0.98,"",-4,-5.2,9,3.2,15,5.6,33,12.9,-1839349,-16.8,56734,26.8,1324,35.6,-704,-22.4
"13089","5","541310","78","0","2023","4","",73,286,283,289,9087658,268080,5047,2444,"",1.25,0.69,0.68,0.69,0.67,0.90,1.52,0.98,"",-4,-5.2,9,3.2,15,5.6,33,12.9,-1839349,-16.8,56734,26.8,1324,35.6,-704,-22.4
"13089","5","54132","77","0","2023","4","",29,104,101,99,2241746,107193,1141,1702,"",1.92,1.41,1.39,1.42,1.40,1.61,1.11,1.00,"",0,0.0,14,15.6,13,14.8,8,8.8,589525,35.7,-16884,-13.6,286,33.5,285,20.1
"13089","5","541320","78","0","2023","4","",29,104,101,99,2241746,107193,1141,1702,"",1.92,1.41,1.39,1.42,1.40,1.61,1.11,1.00,"",0,0.0,14,15.6,13,14.8,8,8.8,589525,35.7,-16884,-13.6,286,33.5,285,20.1
"13089","5","54133","77","0","2023","4","",161,2175,2210,2181,60726144,1226597,12955,2134,"",0.83,0.93,0.94,0.93,0.78,0.72,0.58,0.83,"",-8,-4.7,-107,-4.7,-69,-3.0,-75,-3.3,-3390490,-5.3,-394890,-24.4,-10039,-43.7,-36,-1.7
"13089","5","541330","78","0","2023","4","",161,2175,2210,2181,60726144,1226597,12955,2134,"",0.83,0.93,0.94,0.93,0.78,0.72,0.58,0.83,"",-8,-4.7,-107,-4.7,-69,-3.0,-75,-3.3,-3390490,-5.3,-394890,-24.4,-10039,-43.7,-36,-1.7
"13089","5","54134","77","0","2023","4","",5,6,6,6,101230,4139,2,1298,"",0.71,0.31,0.30,0.30,0.26,0.22,0.01,0.84,"",0,0.0,-1,-14.3,-1,-14.3,-1,-14.3,40825,67.6,875,26.8,1,100.0,634,95.5
"13089","5","541340","78","0","2023","4","",5,6,6,6,101230,4139,2,1298,"",0.71,0.31,0.30,0.30,0.26,0.22,0.01,0.84,"",0,0.0,-1,-14.3,-1,-14.3,-1,-14.3,40825,67.6,875,26.8,1,100.0,634,95.5
"13089","5","54135","77","0","2023","4","",12,70,69,61,1056904,31038,701,1220,"",0.69,1.27,1.26,1.13,1.08,0.58,0.94,0.89,"",-2,-14.3,8,12.9,8,13.1,3,5.2,-519976,-33.0,10404,50.4,450,179.3,-790,-39.3
"13089","5","541350","78","0","2023","4","",12,70,69,61,1056904,31038,701,1220,"",0.69,1.27,1.26,1.13,1.08,0.58,0.94,0.89,"",-2,-14.3,8,12.9,8,13.1,3,5.2,-519976,-33.0,10404,50.4,450,179.3,-790,-39.3
"13089","5","54136","77","0","2023","4","-",0,0,0,0,0,0,0,0,"N",0.00,0,0,0,0,0,0,0,"N",-2,-100.0,0,0,0,0,0,0,0,0,0,0,0,0,0,0
"13089","5","541360","78","0","2023","4","-",0,0,0,0,0,0,0,0,"N",0.00,0,0,0,0,0,0,0,"N",-2,-100.0,0,0,0,0,0,0,0,0,0,0,0,0,0,0
"13089","5","54137","77","0","2023","4","",3,10,10,12,229382,18530,262,1654,"",0.18,0.09,0.09,0.11,0.10,0.19,0.22,1.02,"N",1,50.0,0,0,0,0,0,0,0,0,0,0,0,0,0,0
"13089","5","541370","78","0","2023","4","",3,10,10,12,229382,18530,262,1654,"",0.18,0.09,0.09,0.11,0.10,0.19,0.22,1.02,"N",1,50.0,0,0,0,0,0,0,0,0,0,0,0,0,0,0
"13089","5","54138","77","0","2023","4","",16,350,355,354,6117393,233492,2132,1333,"",0.70,0.98,1.00,0.99,0.72,0.81,0.57,0.72,"",-1,-5.9,14,4.2,25,7.6,21,6.3,1242666,25.5,-50551,-17.8,-1324,-38.3,207,18.4
"13089","5","541380","78","0","2023","4","",16,350,355,354,6117393,233492,2132,1333,"",0.70,0.98,1.00,0.99,0.72,0.81,0.57,0.72,"",-1,-5.9,14,4.2,25,7.6,21,6.3,1242666,25.5,-50551,-17.8,-1324,-38.3,207,18.4
"13089","5","5414","76","0","2023","4","",186,344,333,344,7773156,319452,2855,1757,"",1.94,1.10,1.06,1.10,1.05,1.08,0.71,0.97,"",0,0.0,-36,-9.5,-46,-12.1,-46,-11.8,179086,2.4,-65023,-16.9,-2493,-46.6,232,15.2
"13089","5","54141","77","0","2023","4","",73,154,156,171,3327242,185859,1942,1596,"",1.96,1.34,1.35,1.49,1.40,1.58,1.25,1.00,"",-3,-3.9,-12,-7.2,-4,-2.5,9,5.6,362522,12.2,47226,34.1,608,45.6,194,13.8
"13089","5","541410","78","0","2023","4","",73,154,156,171,3327242,185859,1942,1596,"",1.96,1.34,1.35,1.49,1.40,1.58,1.25,1.00,"",-3,-3.9,-12,-7.2,-4,-2.5,9,5.6,362522,12.2,47226,34.1,608,45.6,194,13.8
"13089","5","54142","77","0","2023","4","",6,6,6,5,134740,10500,16,1829,"",1.05,0.15,0.15,0.13,0.11,0.42,0.04,0.78,"",-1,-14.3,2,50.0,3,100.0,2,66.7,27763,26.0,-8500,-44.7,-478,-96.8,-640,-25.9
"13089","5","541420","78","0","2023","4","",6,6,6,5,134740,10500,16,1829,"",1.05,0.15,0.15,0.13,0.11,0.42,0.04,0.78,"",-1,-14.3,2,50.0,3,100.0,2,66.7,27763,26.0,-8500,-44.7,-478,-96.8,-640,-25.9
"13089","5","54143","77","0","2023","4","",95,169,154,149,3931970,116048,885,1922,"",2.37,1.43,1.30,1.25,1.41,1.05,0.64,1.06,"",3,3.3,-24,-12.4,-46,-23.0,-63,-29.7,-452702,-10.3,-101865,-46.7,-2601,-74.6,250,15.0
"13089","5","541430","78","0","2023","4","",95,169,154,149,3931970,116048,885,1922,"",2.37,1.43,1.30,1.25,1.41,1.05,0.64,1.06,"",3,3.3,-24,-12.4,-46,-23.0,-63,-29.7,-452702,-10.3,-101865,-46.7,-2601,-74.6,250,15.0
"13089","5","54149","77","0","2023","4","",12,15,17,19,379204,7045,12,1716,"",0.93,0.37,0.41,0.46,0.36,0.17,0.02,0.87,"",1,9.1,-2,-11.8,1,6.2,6,46.2,241503,175.4,-1884,-21.1,-22,-64.7,1025,148.3
"13089","5","541490","78","0","2023","4","",12,15,17,19,379204,7045,12,1716,"",0.93,0.37,0.41,0.46,0.36,0.17,0.02,0.87,"",1,9.1,-2,-11.8,1,6.2,6,46.2,241503,175.4,-1884,-21.1,-22,-64.7,1025,148.3
"13089","5","5415","76","0","2023","4","",647,5768,5742,5684,195118954,7226031,134206,2619,"",0.79,1.16,1.15,1.15,1.01,1.91,2.74,0.88,"",-21,-3.1,-210,-3.5,-219,-3.7,-282,-4.7,33012075,20.4,2045787,39.5,62974,88.4,530,25.4
"13089","5","54151","77","0","2023","4","",647,5768,5742,5684,195118954,7226031,134206,2619,"",0.79,1.16,1.15,1.15,1.01,1.91,2.74,0.88,"",-21,-3.1,-210,-3.5,-219,-3.7,-282,-4.7,33012075,20.4,2045787,39.5,62974,88.4,530,25.4
"13089","5","541511","78","0","2023","4","",287,1747,1741,1727,80224662,2862363,34383,3550,"",0.73,0.78,0.78,0.78,0.85,1.82,1.66,1.09,"",1,0.3,-318,-15.4,-305,-14.9,-321,-15.7,21154595,35.8,1258900,78.5,8403,32.3,1337,60.4
"13089","5","541512","78","0","2023","4","",298,3636,3615,3566,103205003,3592384,82985,2202,"",0.86,1.57,1.55,1.55,1.24,1.93,3.51,0.80,"",-27,-8.3,161,4.6,131,3.8,86,2.5,12390328,13.6,366692,11.4,41810,101.5,194,9.7
"13089","5","541513","78","0","2023","4","",13,32,33,34,1073180,35361,459,2502,"",1.00,0.20,0.20,0.20,0.20,0.32,0.34,0.98,"",0,0.0,-53,-62.4,-49,-59.8,-50,-59.5,-770636,-41.8,-4218,-10.7,7,1.5,807,47.6
"13089","5","541519","78","0","2023","4","",49,353,353,357,10616109,735923,16379,2305,"",0.75,1.32,1.31,1.33,1.12,3.02,4.95,0.85,"",5,11.4,0,0.0,4,1.1,3,0.8,237788,2.3,424413,136.2,12754,351.8,37,1.6
"13089","5","5416","76","0","2023","4","",762,3915,3940,3942,108139911,4975008,84814,2115,"",0.95,1.03,1.03,1.03,0.88,1.34,1.68,0.85,"",34,4.7,-281,-6.7,-244,-5.8,-219,-5.3,655793,0.6,-617324,-11.0,-7597,-8.2,137,6.9
"13089","5","54161","77","0","2023","4","",697,3451,3472,3471,97757982,4684499,79782,2170,"",1.05,1.09,1.09,1.09,0.94,1.54,1.91,0.86,"",35,5.3,-90,-2.5,-61,-1.7,-38,-1.1,3930058,4.2,-365705,-7.2,-3437,-4.1,124,6.1
"13089","5","541611","78","0","2023","4","",350,2028,2048,2039,61039582,2697374,49998,2304,"",1.03,1.18,1.18,1.17,0.94,1.70,2.36,0.80,"",1,0.3,-61,-2.9,-43,-2.1,-41,-2.0,808776,1.3,494232,22.4,17657,54.6,84,3.8
"13089","5","541612","78","0","2023","4","",48,373,366,375,12138591,435024,3248,2515,"",1.47,1.92,1.87,1.93,2.12,2.29,1.21,1.11,"",9,23.1,-90,-19.4,-98,-21.1,-65,-14.8,-436724,-3.5,-628004,-59.1,-13510,-80.6,392,18.5
"13089","5","541613","78","0","2023","4","",192,684,701,700,15694808,1192191,19985,1737,"",1.06,1.04,1.05,1.05,0.88,1.70,2.02,0.84,"",8,4.3,46,7.2,80,12.9,64,10.1,2062779,15.1,43317,3.8,-2667,-11.8,77,4.6
"13089","5","541614","78","0","2023","4","",51,260,258,262,5520794,206706,3313,1633,"",1.28,0.78,0.76,0.77,0.71,0.63,0.73,0.92,"",9,21.4,23,9.7,14,5.7,23,9.6,1317867,31.4,-230658,-52.7,-6907,-67.6,286,21.2
"13089","5","541618","78","0","2023","4","",56,106,99,95,3364207,153204,3238,2588,"",0.79,0.41,0.38,0.37,0.42,0.63,0.97,1.09,"",8,16.7,-8,-7.0,-14,-12.4,-19,-16.7,177360,5.6,-44592,-22.5,1990,159.5,431,20.0
"13089","5","54162","77","0","2023","4","",19,246,243,243,5339070,117691,2040,1683,"",0.63,1.21,1.19,1.20,1.06,0.58,0.79,0.88,"",1,5.6,-93,-27.4,-97,-28.5,-99,-28.9,-1808300,-25.3,-139271,-54.2,-648,-24.1,68,4.2
"13089","5","541620","78","0","2023","4","",19,246,243,243,5339070,117691,2040,1683,"",0.63,1.21,1.19,1.20,1.06,0.58,0.79,0.88,"",1,5.6,-93,-27.4,-97,-28.5,-99,-28.9,-1808300,-25.3,-139271,-54.2,-648,-24.1,68,4.2
"13089","5","54169","77","0","2023","4","",46,218,225,228,5042859,172818,2992,1734,"",0.41,0.49,0.51,0.52,0.36,0.37,0.47,0.70,"",-2,-4.2,-98,-31.0,-86,-27.7,-82,-26.5,-1465965,-22.5,-112348,-39.4,-3512,-54.0,131,8.2
"13089","5","541690","78","0","2023","4","",46,218,225,228,5042859,172818,2992,1734,"",0.41,0.49,0.51,0.52,0.36,0.37,0.47,0.70,"",-2,-4.2,-98,-31.0,-86,-27.7,-82,-26.5,-1465965,-22.5,-112348,-39.4,-3512,-54.0,131,8.2
"13089","5","5417","76","0","2023","4","",68,719,732,731,17579603,676157,6652,1859,"",0.60,0.38,0.39,0.39,0.22,0.64,0.53,0.58,"",-4,-5.6,117,19.4,124,20.4,143,24.3,3638236,26.1,227440,50.7,1297,24.2,70,3.9
"13089","5","54171","77","0","2023","4","",54,391,385,387,10660165,250874,3519,2115,"",0.54,0.23,0.22,0.22,0.14,0.25,0.30,0.63,"",-4,-6.9,83,26.9,76,24.6,84,27.7,2340895,28.1,29506,13.3,949,36.9,28,1.3
"13089","5","541713","78","0","2023","4","N",2,0,0,0,0,0,0,0,"N",0.38,0,0,0,0,0,0,0,"N",0,0.0,0,0,0,0,0,0,0,0,0,0,0,0,0,0
"13089","5","541714","78","0","2023","4","N",19,0,0,0,0,0,0,0,"N",0.44,0,0,0,0,0,0,0,"N",-1,-5.0,0,0,0,0,0,0,0,0,0,0,0,0,0,0
"13089","5","541715","78","0","2023","4","",33,327,323,323,8513608,163662,2408,2019,"",0.63,0.30,0.29,0.29,0.20,0.29,0.38,0.67,"",-3,-8.3,61,22.9,55,20.5,57,21.4,1506447,21.5,-40971,-20.0,132,5.8,-2,-0.1
"13089","5","54172","77","0","2023","4","",14,328,347,344,6919438,425283,3133,1567,"",1.15,2.38,2.46,2.45,2.07,5.37,3.09,0.85,"",0,0.0,34,11.6,48,16.1,59,20.7,1297341,23.1,197934,87.1,348,12.5,89,6.0
"13089","5","541720","78","0","2023","4","",14,328,347,344,6919438,425283,3133,1567,"",1.15,2.38,2.46,2.45,2.07,5.37,3.09,0.85,"",0,0.0,34,11.6,48,16.1,59,20.7,1297341,23.1,197934,87.1,348,12.5,89,6.0
"13089","5","5418","76","0","2023","4","",177,1409,1418,1405,49374944,785286,4919,2692,"",1.12,1.41,1.41,1.40,1.79,0.97,0.45,1.28,"",8,4.7,893,173.1,904,175.9,897,176.6,35999879,269.2,323420,70.0,-755,-13.3,685,34.1
"13089","5","54181","77","0","2023","4","",75,168,167,162,4914921,138609,1692,2282,"",0.99,0.38,0.37,0.36,0.34,0.43,0.35,0.93,"",13,21.0,-77,-31.4,-75,-31.0,-74,-31.4,-2104160,-30.0,-92819,-40.1,-1854,-52.3,42,1.9
"13089","5","541810","78","0","2023","4","",75,168,167,162,4914921,138609,1692,2282,"",0.99,0.38,0.37,0.36,0.34,0.43,0.35,0.93,"",13,21.0,-77,-31.4,-75,-31.0,-74,-31.4,-2104160,-30.0,-92819,-40.1,-1854,-52.3,42,1.9
"13089","5","54182","77","0","2023","4","",44,69,66,67,1548783,83823,611,1769,"",1.47,0.52,0.49,0.50,0.31,0.85,0.44,0.61,"",0,0.0,9,15.0,4,6.5,-1,-1.5,251106,19.4,1346,1.6,197,47.6,193,12.2
"13089","5","541820","78","0","2023","4","",44,69,66,67,1548783,83823,611,1769,"",1.47,0.52,0.49,0.50,0.31,0.85,0.44,0.61,"",0,0.0,9,15.0,4,6.5,-1,-1.5,251106,19.4,1346,1.6,197,47.6,193,12.2
"13089","5","54183","77","0","2023","4","N",3,0,0,0,0,0,0,0,"N",0.95,0,0,0,0,0,0,0,"N",0,0.0,0,0,0,0,0,0,0,0,0,0,0,0,0,0
"13089","5","541830","78","0","2023","4","N",3,0,0,0,0,0,0,0,"N",0.95,0,0,0,0,0,0,0,"N",0,0.0,0,0,0,0,0,0,0,0,0,0,0,0,0,0
"13089","5","54184","77","0","2023","4","N",4,0,0,0,0,0,0,0,"N",0.51,0,0,0,0,0,0,0,"N",-2,-33.3,0,0,0,0,0,0,0,0,0,0,0,0,0,0
"13089","5","541840","78","0","2023","4","N",4,0,0,0,0,0,0,0,"N",0.51,0,0,0,0,0,0,0,"N",-2,-33.3,0,0,0,0,0,0,0,0,0,0,0,0,0,0
"13089","5","54185","77","0","2023","4","N",11,0,0,0,0,0,0,0,"N",1.82,0,0,0,0,0,0,0,"N",0,0.0,0,0,0,0,0,0,0,0,0,0,0,0,0,0
"13089","5","541850","78","0","2023","4","N",11,0,0,0,0,0,0,0,"N",1.82,0,0,0,0,0,0,0,"N",0,0.0,0,0,0,0,0,0,0,0,0,0,0,0,0,0
"13089","5","54186","77","0","2023","4","",7,76,71,75,2245623,17993,213,2334,"",1.37,1.14,1.07,1.13,1.70,0.34,0.34,1.52,"",-2,-22.2,-3,-3.8,-6,-7.8,-1,-1.3,160134,7.7,3838,27.1,55,34.8,260,12.5
"13089","5","541860","78","0","2023","4","",7,76,71,75,2245623,17993,213,2334,"",1.37,1.14,1.07,1.13,1.70,0.34,0.34,1.52,"",-2,-22.2,-3,-3.8,-6,-7.8,-1,-1.3,160134,7.7,3838,27.1,55,34.8,260,12.5
"13089","5","54187","77","0","2023","4","N",4,0,0,0,0,0,0,0,"N",0.46,0,0,0,0,0,0,0,"N",-1,-20.0,0,0,0,0,0,0,0,0,0,0,0,0,0,0
"13089","5","541870","78","0","2023","4","N",4,0,0,0,0,0,0,0,"N",0.46,0,0,0,0,0,0,0,"N",-1,-20.0,0,0,0,0,0,0,0,0,0,0,0,0,0,0
"13089","5","54189","77","0","2023","4","",29,102,112,96,2411018,131025,1832,1795,"",1.40,0.55,0.60,0.51,0.92,0.69,0.82,1.65,"",0,0.0,-1,-1.0,9,8.7,-5,-5.0,163141,7.3,50976,63.7,667,57.3,105,6.2
"13089","5","541890","78","0","2023","4","",29,102,112,96,2411018,131025,1832,1795,"",1.40,0.55,0.60,0.51,0.92,0.69,0.82,1.65,"",0,0.0,-1,-1.0,9,8.7,-5,-5.0,163141,7.3,50976,63.7,667,57.3,105,6.2
"13089","5","5419","76","0","2023","4","",240,1942,1983,2002,36023242,2182712,29188,1403,"",0.88,1.09,1.11,1.12,1.05,1.11,1.26,0.95,"",25,11.6,334,20.8,367,22.7,388,24.0,6984231,24.1,521676,31.4,7624,35.4,18,1.3
"13089","5","54191","77","0","2023","4","",28,223,231,234,7053269,199474,3019,2366,"",1.33,1.51,1.56,1.58,1.70,1.91,1.97,1.10,"",-1,-3.4,-38,-14.6,-24,-9.4,-28,-10.7,-260996,-3.6,73809,58.7,1914,173.2,196,9.0
"13089","5","541910","78","0","2023","4","",28,223,231,234,7053269,199474,3019,2366,"",1.33,1.51,1.56,1.58,1.70,1.91,1.97,1.10,"",-1,-3.4,-38,-14.6,-24,-9.4,-28,-10.7,-260996,-3.6,73809,58.7,1914,173.2,196,9.0
"13089","5","54192","77","0","2023","4","",54,67,70,71,1240320,138925,1647,1376,"",1.64,0.63,0.66,0.64,0.99,0.89,0.56,1.54,"",-1,-1.8,1,1.5,12,20.7,13,22.4,-72501,-5.5,16003,13.0,586,55.2,-289,-17.4
"13089","5","541921","78","0","2023","4","",33,38,40,41,760187,94776,1173,1474,"",1.40,0.46,0.49,0.48,0.92,0.74,0.46,1.94,"",-3,-8.3,0,0.0,0,0.0,2,5.1,-45760,-5.7,-6127,-6.1,405,52.7,-116,-7.3
"13089","5","541922","78","0","2023","4","",21,29,30,30,480133,44149,474,1245,"",2.26,1.21,1.25,1.20,1.12,1.60,1.22,0.92,"",2,10.5,1,3.6,12,66.7,11,57.9,-26741,-5.3,22130,100.5,181,61.8,-555,-30.8
"13089","5","54193","77","0","2023","4","",10,118,141,118,1338956,158807,2254,820,"",0.98,1.52,1.79,1.50,1.10,2.14,2.44,0.68,"",-1,-9.1,6,5.4,20,16.5,12,11.3,70649,5.6,-26661,-14.4,325,16.8,-43,-5.0
"13089","5","541930","78","0","2023","4","",10,118,141,118,1338956,158807,2254,820,"",0.98,1.52,1.79,1.50,1.10,2.14,2.44,0.68,"",-1,-9.1,6,5.4,20,16.5,12,11.3,70649,5.6,-26661,-14.4,325,16.8,-43,-5.0
"13089","5","54194","77","0","2023","4","",63,1091,1083,1107,13064422,930333,11123,919,"",0.90,1.16,1.15,1.17,0.97,0.87,1.18,0.83,"",5,8.6,190,21.1,176,19.4,189,20.6,2950550,29.2,162678,21.2,3357,43.2,63,7.4
"13089","5","541940","78","0","2023","4","",63,1091,1083,1107,13064422,930333,11123,919,"",0.90,1.16,1.15,1.17,0.97,0.87,1.18,0.83,"",5,8.6,190,21.1,176,19.4,189,20.6,2950550,29.2,162678,21.2,3357,43.2,63,7.4
"13089","5","54199","77","0","2023","4","",85,443,458,472,13326275,755173,11145,2240,"",0.61,0.88,0.90,0.93,0.94,1.32,1.35,1.04,"",23,37.1,175,65.3,183,66.5,202,74.8,4296529,47.6,295847,64.4,1442,14.9,-323,-12.6
"13089","5","541990","78","0","2023","4","",85,443,458,472,13326275,755173,11145,2240,"",0.61,0.88,0.90,0.93,0.94,1.32,1.35,1.04,"",23,37.1,175,65.3,183,66.5,202,74.8,4296529,47.6,295847,64.4,1442,14.9,-323,-12.6
"13089","5","55","74","0","2023","4","",84,4766,4755,4756,156889795,3209222,25237,2536,"",0.44,0.92,0.91,0.91,0.83,0.57,0.45,0.91,"",-13,-13.4,-228,-4.6,-294,-5.8,-280,-5.6,11240720,7.7,-3992087,-55.4,-9059,-26.4,307,13.8
"13089","5","551","75","0","2023","4","",84,4766,4755,4756,156889795,3209222,25237,2536,"",0.44,0.92,0.91,0.91,0.83,0.57,0.45,0.91,"",-13,-13.4,-228,-4.6,-294,-5.8,-280,-5.6,11240720,7.7,-3992087,-55.4,-9059,-26.4,307,13.8
"13089","5","5511","76","0","2023","4","",84,4766,4755,4756,156889795,3209222,25237,2536,"",0.44,0.92,0.91,0.91,0.83,0.57,0.45,0.91,"",-13,-13.4,-228,-4.6,-294,-5.8,-280,-5.6,11240720,7.7,-3992087,-55.4,-9059,-26.4,307,13.8
"13089","5","55111","77","0","2023","4","",84,4766,4755,4756,156889795,3209222,25237,2536,"",0.44,0.92,0.91,0.91,0.83,0.57,0.45,0.91,"",-13,-13.4,-228,-4.6,-294,-5.8,-280,-5.6,11240720,7.7,-3992087,-55.4,-9059,-26.4,307,13.8
"13089","5","551111","78","0","2023","4","N",1,0,0,0,0,0,0,0,"N",0.51,0,0,0,0,0,0,0,"N",0,0.0,0,0,0,0,0,0,0,0,0,0,0,0,0,0
"13089","5","551112","78","0","2023","4","N",17,0,0,0,0,0,0,0,"N",0.60,0,0,0,0,0,0,0,"N",1,6.2,0,0,0,0,0,0,0,0,0,0,0,0,0,0
"13089","5","551114","78","0","2023","4","",66,4515,4498,4507,142038293,3009966,20983,2424,"",0.41,0.91,0.90,0.90,0.80,0.55,0.39,0.89,"",-14,-17.5,-389,-7.9,-459,-9.3,-434,-8.8,1900656,1.4,-4137841,-57.9,-12555,-37.4,239,10.9
"13089","5","56","74","0","2023","4","",1163,22922,22908,22663,379270936,39905886,509532,1278,"",0.85,1.19,1.19,1.20,1.36,1.39,1.25,1.13,"",-92,-7.3,594,2.7,1134,5.2,981,4.5,24960557,7.0,1830996,4.8,-83394,-14.1,35,2.8
"13089","5","561","75","0","2023","4","",1132,22177,22175,21922,365407977,39087524,493735,1272,"",0.87,1.22,1.22,1.23,1.41,1.42,1.25,1.15,"",-86,-7.1,546,2.5,1090,5.2,914,4.4,22810452,6.7,1997341,5.4,-79946,-13.9,31,2.5
"13089","5","5611","76","0","2023","4","",87,450,453,424,16014734,476310,6250,2785,"",0.54,0.36,0.36,0.33,0.46,0.45,0.47,1.31,"",-3,-3.3,4,0.9,-1,-0.2,-31,-6.8,3075596,23.8,-65751,-12.1,-1681,-21.2,581,26.4
"13089","5","56111","77","0","2023","4","",87,450,453,424,16014734,476310,6250,2785,"",0.54,0.36,0.36,0.33,0.46,0.45,0.47,1.31,"",-3,-3.3,4,0.9,-1,-0.2,-31,-6.8,3075596,23.8,-65751,-12.1,-1681,-21.2,581,26.4
"13089","5","561110","78","0","2023","4","",87,450,453,424,16014734,476310,6250,2785,"",0.54,0.36,0.36,0.33,0.46,0.45,0.47,1.31,"",-3,-3.3,4,0.9,-1,-0.2,-31,-6.8,3075596,23.8,-65751,-12.1,-1681,-21.2,581,26.4
"13089","5","5612","76","0","2023","4","",16,385,383,384,6278951,1078025,23250,1258,"",1.03,1.11,1.10,1.11,1.15,2.95,4.41,1.04,"",-4,-20.0,13,3.5,8,2.1,3,0.8,909905,16.9,685552,174.7,17443,300.4,160,14.6
"13089","5","56121","77","0","2023","4","",16,385,383,384,6278951,1078025,23250,1258,"",1.03,1.11,1.10,1.11,1.15,2.95,4.41,1.04,"",-4,-20.0,13,3.5,8,2.1,3,0.8,909905,16.9,685552,174.7,17443,300.4,160,14.6
"13089","5","561210","78","0","2023","4","",16,385,383,384,6278951,1078025,23250,1258,"",1.03,1.11,1.10,1.11,1.15,2.95,4.41,1.04,"",-4,-20.0,13,3.5,8,2.1,3,0.8,909905,16.9,685552,174.7,17443,300.4,160,14.6
"13089","5","5613","76","0","2023","4","",342,9962,10414,10250,172098441,24557772,255024,1297,"",1.10,1.37,1.42,1.42,1.71,1.66,1.16,1.22,"",-31,-8.3,-269,-2.6,441,4.4,448,4.6,-3481667,-2.0,1030263,4.4,-103007,-28.8,-53,-3.9
"13089","5","56131","77","0","2023","4","",98,433,411,407,7940402,1113301,21686,1465,"",1.36,0.69,0.65,0.65,0.66,1.01,1.20,0.98,"",-7,-6.7,-39,-8.3,-45,-9.9,-14,-3.3,-329084,-4.0,-26358,-2.3,1680,8.4,50,3.5
"13089","5","561311","78","0","2023","4","",70,332,322,315,5336058,894016,18701,1271,"",1.32,0.62,0.59,0.59,0.61,0.90,1.15,1.01,"",-6,-7.9,-33,-9.0,-28,-8.0,5,1.6,-220725,-4.0,21947,2.5,3962,26.9,20,1.6
"13089","5","561312","78","0","2023","4","",28,101,89,92,2604344,219285,2985,2131,"",1.49,1.18,1.03,1.09,0.79,2.13,1.68,0.72,"",-1,-3.4,-6,-5.6,-17,-16.0,-19,-17.1,-108359,-4.0,-48305,-18.1,-2282,-43.3,199,10.3
"13089","5","56132","77","0","2023","4","",143,7920,8426,8366,141762456,20559719,187515,1324,"",0.73,1.39,1.46,1.48,2.01,1.65,1.02,1.39,"",-37,-20.6,-399,-4.8,328,4.1,417,5.2,-3347149,-2.3,649031,3.3,-132356,-41.4,-50,-3.6
"13089","5","561320","78","0","2023","4","",143,7920,8426,8366,141762456,20559719,187515,1324,"",0.73,1.39,1.46,1.48,2.01,1.65,1.02,1.39,"",-37,-20.6,-399,-4.8,328,4.1,417,5.2,-3347149,-2.3,649031,3.3,-132356,-41.4,-50,-3.6
"13089","5","56133","77","0","2023","4","",101,1609,1577,1477,22395583,2884752,45823,1108,"",2.34,1.72,1.67,1.57,1.24,2.28,2.57,0.75,"",13,14.8,169,11.7,158,11.1,45,3.1,194566,0.9,407590,16.5,27669,152.4,-86,-7.2
"13089","5","561330","78","0","2023","4","",101,1609,1577,1477,22395583,2884752,45823,1108,"",2.34,1.72,1.67,1.57,1.24,2.28,2.57,0.75,"",13,14.8,169,11.7,158,11.1,45,3.1,194566,0.9,407590,16.5,27669,152.4,-86,-7.2
"13089","5","5614","76","0","2023","4","",138,4004,4061,4105,88619083,3399128,67119,1680,"",1.12,2.70,2.72,2.75,3.77,2.05,3.29,1.39,"",-17,-11.0,-236,-5.6,-159,-3.8,-256,-5.9,6259312,7.6,-446966,-11.6,-2143,-3.1,198,13.4
"13089","5","56141","77","0","2023","4","N",13,0,0,0,0,0,0,0,"N",0.82,0,0,0,0,0,0,0,"N",-2,-13.3,0,0,0,0,0,0,0,0,0,0,0,0,0,0
"13089","5","561410","78","0","2023","4","N",13,0,0,0,0,0,0,0,"N",0.82,0,0,0,0,0,0,0,"N",-2,-13.3,0,0,0,0,0,0,0,0,0,0,0,0,0,0
"13089","5","56142","77","0","2023","4","",22,658,725,723,11683277,2296233,47604,1280,"",0.72,0.83,0.91,0.91,1.08,2.39,4.14,1.22,"",-6,-21.4,-648,-49.6,-568,-43.9,-619,-46.1,-4301355,-26.9,-636649,-21.7,-58,-0.1,344,36.8
"13089","5","561421","78","0","2023","4","N",1,0,0,0,0,0,0,0,"N",0.16,0,0,0,0,0,0,0,"N",-1,-50.0,0,0,0,0,0,0,0,0,0,0,0,0,0,0
"13089","5","561422","78","0","2023","4","N",21,0,0,0,0,0,0,0,"N",0.86,0,0,0,0,0,0,0,"N",-5,-19.2,0,0,0,0,0,0,0,0,0,0,0,0,0,0
"13089","5","56143","77","0","2023","4","",41,448,451,461,7209602,312203,1852,1223,"",1.78,2.79,2.77,2.78,3.71,1.69,0.87,1.34,"",-5,-10.9,-15,-3.2,-13,-2.8,-19,-4.0,-51111,-0.7,-23330,-7.0,65,3.6,32,2.7
"13089","5","561431","78","0","2023","4","",18,101,105,115,844090,177810,1584,607,"",1.60,1.38,1.40,1.50,1.25,1.79,1.35,0.87,"",-2,-10.0,9,9.8,11,11.7,2,1.8,-18907,-2.2,-11548,-6.1,69,4.6,-59,-8.9
"13089","5","561439","78","0","2023","4","",23,347,346,346,6365512,134393,268,1414,"",1.94,3.97,3.95,3.87,5.03,1.58,0.28,1.28,"",-3,-11.5,-24,-6.5,-24,-6.5,-21,-5.7,-32204,-0.5,-11782,-8.1,-4,-1.5,82,6.2
"13089","5","56144","77","0","2023","4","",16,135,134,134,2109324,178059,6456,1208,"",1.28,0.72,0.72,0.72,0.68,0.93,2.77,0.94,"",-3,-15.8,-14,-9.4,-10,-6.9,-24,-15.2,230925,12.3,-105419,-37.2,-11054,-63.1,247,25.7
"13089","5","561440","78","0","2023","4","",16,135,134,134,2109324,178059,6456,1208,"",1.28,0.72,0.72,0.72,0.68,0.93,2.77,0.94,"",-3,-15.8,-14,-9.4,-10,-6.9,-24,-15.2,230925,12.3,-105419,-37.2,-11054,-63.1,247,25.7
"13089","5","56145","77","0","2023","4","N",4,0,0,0,0,0,0,0,"N",1.54,0,0,0,0,0,0,0,"N",0,0.0,0,0,0,0,0,0,0,0,0,0,0,0,0,0
"13089","5","561450","78","0","2023","4","N",4,0,0,0,0,0,0,0,"N",1.54,0,0,0,0,0,0,0,"N",0,0.0,0,0,0,0,0,0,0,0,0,0,0,0,0,0
"13089","5","56149","77","0","2023","4","",42,2709,2696,2727,66761073,360429,4715,1895,"",1.10,12.57,12.37,12.51,14.50,1.67,1.42,1.16,"N",-1,-2.3,0,0,0,0,0,0,0,0,0,0,0,0,0,0
"13089","5","561491","78","0","2023","4","N",5,0,0,0,0,0,0,0,"N",2.99,0,0,0,0,0,0,0,"N",1,25.0,0,0,0,0,0,0,0,0,0,0,0,0,0,0
"13089","5","561492","78","0","2023","4","",6,93,73,77,1151425,55524,1157,1093,"",0.93,4.08,3.20,3.37,2.74,3.06,4.92,0.77,"",1,20.0,64,220.7,44,151.7,50,185.2,632856,122.0,45300,443.1,1133,4720.8,-315,-22.4
"13089","5","561499","78","0","2023","4","N",31,0,0,0,0,0,0,0,"N",1.03,0,0,0,0,0,0,0,"N",-3,-8.8,0,0,0,0,0,0,0,0,0,0,0,0,0,0
"13089","5","5615","76","0","2023","4","",62,356,361,356,6286026,410603,4049,1352,"",1.39,0.94,0.95,0.95,0.69,1.17,0.87,0.72,"",-3,-4.6,18,5.3,16,4.6,21,6.3,874296,16.2,-113042,-21.6,-5623,-58.1,125,10.2
"13089","5","56151","77","0","2023","4","",40,117,120,123,2327616,86546,903,1492,"",1.52,0.74,0.76,0.78,0.62,0.60,0.47,0.81,"",1,2.6,17,17.0,18,17.6,17,16.0,589663,33.9,-27213,-23.9,479,113.0,190,14.6
"13089","5","561510","78","0","2023","4","",40,117,120,123,2327616,86546,903,1492,"",1.52,0.74,0.76,0.78,0.62,0.60,0.47,0.81,"",1,2.6,17,17.0,18,17.6,17,16.0,589663,33.9,-27213,-23.9,479,113.0,190,14.6
"13089","5","56152","77","0","2023","4","",8,27,27,27,484405,39047,913,1380,"",1.19,0.57,0.58,0.61,0.61,0.60,0.95,1.04,"",-1,-11.1,7,35.0,7,35.0,7,35.0,228076,89.0,22858,141.2,652,249.8,394,40.0
"13089","5","561520","78","0","2023","4","",8,27,27,27,484405,39047,913,1380,"",1.19,0.57,0.58,0.61,0.61,0.60,0.95,1.04,"",-1,-11.1,7,35.0,7,35.0,7,35.0,228076,89.0,22858,141.2,652,249.8,394,40.0
"13089","5","56159","77","0","2023","4","",14,212,214,206,3474005,285010,2233,1269,"",1.22,1.21,1.22,1.18,0.76,2.00,1.26,0.63,"",-3,-17.6,-6,-2.8,-9,-4.0,-3,-1.4,56557,1.7,-108687,-27.6,-6754,-75.2,56,4.6
"13089","5","561591","78","0","2023","4","",7,54,50,49,1041128,71187,176,1570,"",3.49,2.93,2.71,2.68,2.87,4.46,0.75,1.03,"N",0,0.0,0,0,0,0,0,0,0,0,0,0,0,0,0,0
"13089","5","561599","78","0","2023","4","",7,158,164,157,2432877,213823,2057,1172,"",0.74,1.01,1.05,1.01,0.57,1.69,1.33,0.56,"N",-3,-30.0,0,0,0,0,0,0,0,0,0,0,0,0,0,0
"13089","5","5616","76","0","2023","4","",82,2739,2680,2661,27234742,4531873,62741,778,"",1.06,1.30,1.27,1.29,1.10,1.67,1.74,0.86,"",4,5.1,849,44.9,777,40.8,727,37.6,8737286,47.2,1405703,45.0,16854,36.7,33,4.4
"13089","5","56161","77","0","2023","4","",52,2436,2380,2366,21278797,4372314,59132,684,"",1.10,1.37,1.34,1.35,1.18,1.81,1.81,0.87,"",5,10.6,843,52.9,763,47.2,715,43.3,8056740,60.9,1457773,50.0,15440,35.3,56,8.9
"13089","5","561611","78","0","2023","4","",6,5,6,3,107051,0,0,1765,"",0.52,0.06,0.07,0.04,0.08,0.00,0.00,1.50,"",-1,-14.3,-5,-50.0,-3,-33.3,-3,-50.0,-69321,-39.3,-19500,-100.0,-7,-100.0,137,8.4
"13089","5","561612","78","0","2023","4","",46,2431,2374,2363,21171746,4372314,59132,682,"",1.35,1.48,1.44,1.47,1.32,1.93,1.94,0.91,"",6,15.0,848,53.6,766,47.6,718,43.6,8126061,62.3,1477273,51.0,15447,35.4,59,9.5
"13089","5","56162","77","0","2023","4","",30,303,300,295,5955945,159559,3609,1531,"",0.99,0.94,0.93,0.91,0.90,0.53,1.07,0.97,"",-1,-3.2,6,2.0,14,4.9,12,4.2,680546,12.9,-52070,-24.6,1414,64.4,125,8.9
"13089","5","561621","78","0","2023","4","",22,288,286,281,5766523,111758,2062,1556,"",1.01,1.00,1.00,0.97,0.95,0.42,0.68,0.95,"",0,0.0,3,1.1,13,4.8,9,3.3,628532,12.2,-88365,-44.2,98,5.0,127,8.9
"13089","5","561622","78","0","2023","4","",8,15,14,14,189422,47801,1547,1017,"",0.94,0.42,0.39,0.39,0.35,1.33,4.46,0.86,"",-1,-11.1,3,25.0,1,7.7,3,27.3,52014,37.9,36295,315.4,1316,569.7,136,15.4
"13089","5","5617","76","0","2023","4","",344,3397,2977,2881,38575829,3535784,60193,962,"",0.69,0.73,0.65,0.66,0.77,0.62,0.75,1.13,"",-36,-9.5,98,3.0,-27,-0.9,-55,-1.9,4775203,14.1,-565561,-13.8,-2417,-3.9,118,14.0
"13089","5","56171","77","0","2023","4","N",31,0,0,0,0,0,0,0,"N",0.89,0,0,0,0,0,0,0,"N",0,0.0,0,0,0,0,0,0,0,0,0,0,0,0,0,0
"13089","5","561710","78","0","2023","4","N",31,0,0,0,0,0,0,0,"N",0.89,0,0,0,0,0,0,0,"N",0,0.0,0,0,0,0,0,0,0,0,0,0,0,0,0,0
"13089","5","56172","77","0","2023","4","",134,1124,1131,1119,10128910,1894342,46146,693,"",0.81,0.52,0.52,0.52,0.55,0.68,1.50,1.06,"",-20,-13.0,65,6.1,34,3.1,2,0.2,682356,7.2,-292047,-13.4,4952,12.0,27,4.1
"13089","5","561720","78","0","2023","4","",134,1124,1131,1119,10128910,1894342,46146,693,"",0.81,0.52,0.52,0.52,0.55,0.68,1.50,1.06,"",-20,-13.0,65,6.1,34,3.1,2,0.2,682356,7.2,-292047,-13.4,4952,12.0,27,4.1
"13089","5","56173","77","0","2023","4","",149,1246,1232,1180,19976677,1075895,9028,1260,"",0.61,0.66,0.68,0.72,0.85,0.46,0.22,1.25,"",-15,-9.1,-102,-7.6,-6,-0.5,-27,-2.2,4014997,25.2,-196178,-15.4,-5926,-39.6,289,29.8
"13089","5","561730","78","0","2023","4","",149,1246,1232,1180,19976677,1075895,9028,1260,"",0.61,0.66,0.68,0.72,0.85,0.46,0.22,1.25,"",-15,-9.1,-102,-7.6,-6,-0.5,-27,-2.2,4014997,25.2,-196178,-15.4,-5926,-39.6,289,29.8
"13089","5","56174","77","0","2023","4","N",7,0,0,0,0,0,0,0,"N",0.49,0,0,0,0,0,0,0,"N",0,0.0,0,0,0,0,0,0,0,0,0,0,0,0,0,0
"13089","5","561740","78","0","2023","4","N",7,0,0,0,0,0,0,0,"N",0.49,0,0,0,0,0,0,0,"N",0,0.0,0,0,0,0,0,0,0,0,0,0,0,0,0,0
"13089","5","56179","77","0","2023","4","",23,460,115,102,1422708,165255,2038,485,"",0.56,2.04,0.53,0.48,0.47,0.62,0.48,0.46,"",-1,-4.2,132,40.2,-19,-14.2,-23,-18.4,-99545,-6.5,-10485,-6.0,44,2.2,-113,-18.9
"13089","5","561790","78","0","2023","4","",23,460,115,102,1422708,165255,2038,485,"",0.56,2.04,0.53,0.48,0.47,0.62,0.48,0.46,"",-1,-4.2,132,40.2,-19,-14.2,-23,-18.4,-99545,-6.5,-10485,-6.0,44,2.2,-113,-18.9
"13089","5","5619","76","0","2023","4","",61,884,846,861,10300171,1098029,15109,917,"",0.92,1.26,1.23,1.27,0.92,1.24,1.03,0.74,"",4,7.0,69,8.5,35,4.3,57,7.1,1660521,19.2,67143,6.5,628,4.3,97,11.8
"13089","5","56191","77","0","2023","4","N",2,0,0,0,0,0,0,0,"N",0.33,0,0,0,0,0,0,0,"N",0,0.0,0,0,0,0,0,0,0,0,0,0,0,0,0,0
"13089","5","561910","78","0","2023","4","N",2,0,0,0,0,0,0,0,"N",0.33,0,0,0,0,0,0,0,"N",0,0.0,0,0,0,0,0,0,0,0,0,0,0,0,0,0
"13089","5","56192","77","0","2023","4","N",29,0,0,0,0,0,0,0,"N",1.87,0,0,0,0,0,0,0,"N",0,0.0,0,0,0,0,0,0,0,0,0,0,0,0,0,0
"13089","5","561920","78","0","2023","4","N",29,0,0,0,0,0,0,0,"N",1.87,0,0,0,0,0,0,0,"N",0,0.0,0,0,0,0,0,0,0,0,0,0,0,0,0,0
"13089","5","56199","77","0","2023","4","",30,643,624,634,5371788,786819,12109,652,"",0.67,1.43,1.41,1.44,0.78,1.38,1.38,0.54,"",4,15.4,95,17.3,63,11.2,100,18.7,1700817,46.3,124763,18.8,2625,27.7,136,26.4
"13089","5","561990","78","0","2023","4","",30,643,624,634,5371788,786819,12109,652,"",0.67,1.43,1.41,1.44,0.78,1.38,1.38,0.54,"",4,15.4,95,17.3,63,11.2,100,18.7,1700817,46.3,124763,18.8,2625,27.7,136,26.4
"13089","5","562","75","0","2023","4","",31,745,733,741,13862959,818362,15797,1442,"",0.43,0.73,0.72,0.73,0.69,0.76,1.08,0.95,"",-6,-16.2,48,6.9,44,6.4,67,9.9,2150105,18.4,-166345,-16.9,-3448,-17.9,130,9.9
"13089","5","5621","76","0","2023","4","",8,478,468,468,8250833,471802,7559,1347,"",0.29,1.10,1.08,1.08,1.04,1.08,1.53,0.96,"",-1,-11.1,18,3.9,21,4.7,33,7.6,1247512,17.8,-58236,-11.0,-3313,-30.5,143,11.9
"13089","5","56211","77","0","2023","4","",8,478,468,468,8250833,471802,7559,1347,"",0.29,1.10,1.08,1.08,1.04,1.08,1.53,0.96,"",-1,-11.1,18,3.9,21,4.7,33,7.6,1247512,17.8,-58236,-11.0,-3313,-30.5,143,11.9
"13089","5","562111","78","0","2023","4","",8,478,468,468,8250833,471802,7559,1347,"",0.38,1.28,1.25,1.25,1.24,1.24,1.82,0.98,"N",0,0.0,0,0,0,0,0,0,0,0,0,0,0,0,0,0
"13089","5","5622","76","0","2023","4","N",5,0,0,0,0,0,0,0,"N",0.54,0,0,0,0,0,0,0,"N",-1,-16.7,0,0,0,0,0,0,0,0,0,0,0,0,0,0
"13089","5","56221","77","0","2023","4","N",5,0,0,0,0,0,0,0,"N",0.54,0,0,0,0,0,0,0,"N",-1,-16.7,0,0,0,0,0,0,0,0,0,0,0,0,0,0
"13089","5","562211","78","0","2023","4","",3,3,3,3,86874,580,3,2228,"",1.10,0.03,0.03,0.03,0.04,0.01,0.00,1.26,"",0,0.0,0,0.0,0,0.0,0,0.0,2887,3.4,-54,-8.5,1,50.0,74,3.4
"13089","5","562212","78","0","2023","4","N",1,0,0,0,0,0,0,0,"N",0.29,0,0,0,0,0,0,0,"N",-1,-50.0,0,0,0,0,0,0,0,0,0,0,0,0,0,0
"13089","5","562219","78","0","2023","4","N",1,0,0,0,0,0,0,0,"N",0.36,0,0,0,0,0,0,0,"N",0,0.0,0,0,0,0,0,0,0,0,0,0,0,0,0,0
"13089","5","5629","76","0","2023","4","N",18,0,0,0,0,0,0,0,"N",0.52,0,0,0,0,0,0,0,"N",-4,-18.2,0,0,0,0,0,0,0,0,0,0,0,0,0,0
"13089","5","56291","77","0","2023","4","",8,113,117,108,2410713,238256,6759,1646,"",0.46,0.56,0.58,0.54,0.55,0.88,1.32,0.97,"",-3,-27.3,23,25.6,22,23.2,14,14.9,670550,38.5,-74766,-23.9,870,14.8,207,14.4
"13089","5","562910","78","0","2023","4","",8,113,117,108,2410713,238256,6759,1646,"",0.46,0.56,0.58,0.54,0.55,0.88,1.32,0.97,"",-3,-27.3,23,25.6,22,23.2,14,14.9,670550,38.5,-74766,-23.9,870,14.8,207,14.4
"13089","5","56292","77","0","2023","4","N",3,0,0,0,0,0,0,0,"N",0.89,0,0,0,0,0,0,0,"N",0,0.0,0,0,0,0,0,0,0,0,0,0,0,0,0,0
"13089","5","562920","78","0","2023","4","N",3,0,0,0,0,0,0,0,"N",0.89,0,0,0,0,0,0,0,"N",0,0.0,0,0,0,0,0,0,0,0,0,0,0,0,0,0
"13089","5","56299","77","0","2023","4","",7,48,47,47,827582,32344,810,1345,"",0.50,0.41,0.40,0.40,0.40,0.23,0.43,0.98,"",-1,-12.5,-1,-2.0,-4,-7.8,-2,-4.1,-254,0.0,-43273,-57.2,-957,-54.2,63,4.9
"13089","5","562991","78","0","2023","4","N",3,0,0,0,0,0,0,0,"N",0.34,0,0,0,0,0,0,0,"N",0,0.0,0,0,0,0,0,0,0,0,0,0,0,0,0,0
"13089","5","562998","78","0","2023","4","N",4,0,0,0,0,0,0,0,"N",0.78,0,0,0,0,0,0,0,"N",-1,-20.0,0,0,0,0,0,0,0,0,0,0,0,0,0,0
"13089","5","61","74","0","2023","4","",361,22751,22813,22668,683423150,5745307,77426,2311,"",1.11,3.45,3.42,3.45,6.50,1.69,1.98,1.89,"",-1,-0.3,1178,5.5,1176,5.4,1242,5.8,56635213,9.0,960632,20.1,17655,29.5,73,3.3
"13089","5","611","75","0","2023","4","",361,22751,22813,22668,683423150,5745307,77426,2311,"",1.11,3.45,3.42,3.45,6.50,1.69,1.98,1.89,"",-1,-0.3,1178,5.5,1176,5.4,1242,5.8,56635213,9.0,960632,20.1,17655,29.5,73,3.3
"13089","5","6111","76","0","2023","4","",74,2732,2775,2757,38562596,2284470,27703,1077,"",1.73,1.38,1.39,1.39,1.45,1.94,2.42,1.05,"",1,1.4,246,9.9,308,12.5,258,10.3,5738802,17.5,248522,12.2,4116,17.5,61,6.0
"13089","5","61111","77","0","2023","4","",74,2732,2775,2757,38562596,2284470,27703,1077,"",1.73,1.38,1.39,1.39,1.45,1.94,2.42,1.05,"",1,1.4,246,9.9,308,12.5,258,10.3,5738802,17.5,248522,12.2,4116,17.5,61,6.0
"13089","5","611110","78","0","2023","4","",74,2732,2775,2757,38562596,2284470,27703,1077,"",1.73,1.38,1.39,1.39,1.45,1.94,2.42,1.05,"",1,1.4,246,9.9,308,12.5,258,10.3,5738802,17.5,248522,12.2,4116,17.5,61,6.0
"13089","5","6112","76","0","2023","4","N",4,0,0,0,0,0,0,0,"N",1.90,0,0,0,0,0,0,0,"N",0,0.0,0,0,0,0,0,0,0,0,0,0,0,0,0,0
"13089","5","61121","77","0","2023","4","N",4,0,0,0,0,0,0,0,"N",1.90,0,0,0,0,0,0,0,"N",0,0.0,0,0,0,0,0,0,0,0,0,0,0,0,0,0
"13089","5","611210","78","0","2023","4","N",4,0,0,0,0,0,0,0,"N",1.90,0,0,0,0,0,0,0,"N",0,0.0,0,0,0,0,0,0,0,0,0,0,0,0,0,0
"13089","5","6113","76","0","2023","4","",16,18032,18036,17958,621597813,1174568,20923,2655,"",0.59,6.68,6.62,6.77,11.27,3.77,6.91,1.69,"",-2,-11.1,661,3.8,583,3.3,696,4.0,48073140,8.4,284966,32.0,9868,89.3,114,4.5
"13089","5","61131","77","0","2023","4","",16,18032,18036,17958,621597813,1174568,20923,2655,"",0.59,6.68,6.62,6.77,11.27,3.77,6.91,1.69,"",-2,-11.1,661,3.8,583,3.3,696,4.0,48073140,8.4,284966,32.0,9868,89.3,114,4.5
"13089","5","611310","78","0","2023","4","",16,18032,18036,17958,621597813,1174568,20923,2655,"",0.59,6.68,6.62,6.77,11.27,3.77,6.91,1.69,"",-2,-11.1,661,3.8,583,3.3,696,4.0,48073140,8.4,284966,32.0,9868,89.3,114,4.5
"13089","5","6114","76","0","2023","4","",59,233,228,214,5108468,223372,3682,1746,"",1.53,1.44,1.40,1.32,1.23,1.61,1.96,0.88,"",9,18.0,-6,-2.5,-11,-4.6,-34,-13.7,-866968,-14.5,-9313,-4.0,903,32.5,-153,-8.1
"13089","5","61141","77","0","2023","4","N",2,0,0,0,0,0,0,0,"N",2.49,0,0,0,0,0,0,0,"N",0,0.0,0,0,0,0,0,0,0,0,0,0,0,0,0,0
"13089","5","611410","78","0","2023","4","N",2,0,0,0,0,0,0,0,"N",2.49,0,0,0,0,0,0,0,"N",0,0.0,0,0,0,0,0,0,0,0,0,0,0,0,0,0
"13089","5","61142","77","0","2023","4","",17,131,125,124,3307399,64600,801,2009,"",1.98,3.04,2.91,2.91,2.77,1.81,1.57,0.94,"",0,0.0,-39,-22.9,-40,-24.2,-43,-25.7,-1014782,-23.5,-40153,-38.3,-690,-46.3,22,1.1
"13089","5","611420","78","0","2023","4","",17,131,125,124,3307399,64600,801,2009,"",1.98,3.04,2.91,2.91,2.77,1.81,1.57,0.94,"",0,0.0,-39,-22.9,-40,-24.2,-43,-25.7,-1014782,-23.5,-40153,-38.3,-690,-46.3,22,1.1
"13089","5","61143","77","0","2023","4","N",40,0,0,0,0,0,0,0,"N",1.37,0,0,0,0,0,0,0,"N",9,29.0,0,0,0,0,0,0,0,0,0,0,0,0,0,0
"13089","5","611430","78","0","2023","4","N",40,0,0,0,0,0,0,0,"N",1.37,0,0,0,0,0,0,0,"N",9,29.0,0,0,0,0,0,0,0,0,0,0,0,0,0,0
"13089","5","6115","76","0","2023","4","N",21,0,0,0,0,0,0,0,"N",0.87,0,0,0,0,0,0,0,"N",3,16.7,0,0,0,0,0,0,0,0,0,0,0,0,0,0
"13089","5","61151","77","0","2023","4","N",21,0,0,0,0,0,0,0,"N",0.87,0,0,0,0,0,0,0,"N",3,16.7,0,0,0,0,0,0,0,0,0,0,0,0,0,0
"13089","5","611511","78","0","2023","4","",6,30,31,30,281654,34276,895,714,"",1.52,0.79,0.81,0.78,0.65,0.73,1.47,0.82,"",2,50.0,14,87.5,16,106.7,16,114.3,82800,41.6,23491,217.8,615,219.6,-306,-30.0
"13089","5","611512","78","0","2023","4","N",4,0,0,0,0,0,0,0,"N",1.15,0,0,0,0,0,0,0,"N",-1,-20.0,0,0,0,0,0,0,0,0,0,0,0,0,0,0
"13089","5","611513","78","0","2023","4","N",1,0,0,0,0,0,0,0,"N",0.31,0,0,0,0,0,0,0,"N",0,0.0,0,0,0,0,0,0,0,0,0,0,0,0,0,0
"13089","5","611519","78","0","2023","4","",10,127,122,122,1331976,117548,1959,829,"",0.74,0.97,0.93,0.93,0.68,0.90,1.02,0.72,"",2,25.0,27,27.0,26,27.1,25,25.8,365584,37.8,-11068,-8.6,-329,-14.4,68,8.9
"13089","5","6116","76","0","2023","4","",139,1261,1277,1269,10429775,1502460,16463,632,"",1.07,1.21,1.21,1.21,1.38,1.46,1.31,1.14,"",-14,-9.2,201,19.0,215,20.2,235,22.7,2698739,34.9,326854,27.8,2507,18.0,67,11.9
"13089","5","61161","77","0","2023","4","N",30,0,0,0,0,0,0,0,"N",0.95,0,0,0,0,0,0,0,"N",-3,-9.1,0,0,0,0,0,0,0,0,0,0,0,0,0,0
"13089","5","611610","78","0","2023","4","N",30,0,0,0,0,0,0,0,"N",0.95,0,0,0,0,0,0,0,"N",-3,-9.1,0,0,0,0,0,0,0,0,0,0,0,0,0,0
"13089","5","61162","77","0","2023","4","",35,359,355,349,3293162,415435,4923,715,"",0.85,1.03,1.01,1.00,1.52,1.24,1.31,1.49,"",-4,-10.3,76,26.9,64,22.0,67,23.8,1276801,63.3,52393,14.4,444,9.9,171,31.4
"13089","5","611620","78","0","2023","4","",35,359,355,349,3293162,415435,4923,715,"",0.85,1.03,1.01,1.00,1.52,1.24,1.31,1.49,"",-4,-10.3,76,26.9,64,22.0,67,23.8,1276801,63.3,52393,14.4,444,9.9,171,31.4
"13089","5","61163","77","0","2023","4","N",6,0,0,0,0,0,0,0,"N",1.46,0,0,0,0,0,0,0,"N",0,0.0,0,0,0,0,0,0,0,0,0,0,0,0,0,0
"13089","5","611630","78","0","2023","4","N",6,0,0,0,0,0,0,0,"N",1.46,0,0,0,0,0,0,0,"N",0,0.0,0,0,0,0,0,0,0,0,0,0,0,0,0,0
"13089","5","61169","77","0","2023","4","",68,493,514,529,3206983,582757,8904,482,"",1.29,1.21,1.24,1.29,0.90,1.38,1.61,0.72,"",-7,-9.3,117,31.1,128,33.2,160,43.4,1227520,62.0,146716,33.6,1188,15.4,78,19.3
"13089","5","611691","78","0","2023","4","",38,413,431,429,2599337,465607,7487,471,"",1.67,1.96,2.00,2.00,1.52,2.25,2.59,0.76,"",-6,-13.6,118,40.0,127,41.8,140,48.4,1157120,80.2,147842,46.5,1245,19.9,96,25.6
"13089","5","611692","78","0","2023","4","",8,24,23,24,266338,38773,598,866,"",1.45,0.72,0.69,0.74,1.08,1.03,1.53,1.51,"",-1,-11.1,0,0.0,-2,-8.0,-2,-7.7,-16565,-5.9,-19694,-33.7,-75,-11.1,-4,-0.5
"13089","5","611699","78","0","2023","4","",22,56,60,76,341308,78377,819,410,"",0.90,0.34,0.36,0.47,0.21,0.44,0.36,0.54,"",0,0.0,-1,-1.8,3,5.3,22,40.7,86965,34.2,18568,31.0,18,2.2,61,17.5
"13089","5","6117","76","0","2023","4","N",48,0,0,0,0,0,0,0,"N",0.77,0,0,0,0,0,0,0,"N",2,4.3,0,0,0,0,0,0,0,0,0,0,0,0,0,0
"13089","5","61171","77","0","2023","4","N",48,0,0,0,0,0,0,0,"N",0.77,0,0,0,0,0,0,0,"N",2,4.3,0,0,0,0,0,0,0,0,0,0,0,0,0,0
"13089","5","611710","78","0","2023","4","N",48,0,0,0,0,0,0,0,"N",0.77,0,0,0,0,0,0,0,"N",2,4.3,0,0,0,0,0,0,0,0,0,0,0,0,0,0
"13089","5","62","74","0","2023","4","",2524,49997,50323,50306,892713307,34837384,438738,1368,"",0.66,1.14,1.14,1.13,1.22,1.02,1.15,1.07,"",25,1.0,2060,4.3,2453,5.1,2514,5.3,75485924,9.2,-3077059,-8.1,-41216,-8.6,55,4.2
"13089","5","621","75","0","2023","4","",1752,22455,22543,22546,412344718,20300950,284823,1409,"",1.23,1.29,1.29,1.28,1.17,1.27,1.59,0.91,"",27,1.6,1332,6.3,1508,7.2,1531,7.3,36544530,9.7,-1449028,-6.7,-12573,-4.2,36,2.6
"13089","5","6211","76","0","2023","4","",536,7347,7402,7363,177071778,4637238,63810,1848,"",1.14,1.24,1.24,1.22,1.00,1.03,1.34,0.81,"",-1,-0.2,-58,-0.8,11,0.1,68,0.9,10410074,6.2,-966857,-17.3,-14925,-19.0,107,6.1
"13089","5","62111","77","0","2023","4","",536,7347,7402,7363,177071778,4637238,63810,1848,"",1.14,1.24,1.24,1.22,1.00,1.03,1.34,0.81,"",-1,-0.2,-58,-0.8,11,0.1,68,0.9,10410074,6.2,-966857,-17.3,-14925,-19.0,107,6.1
"13089","5","621111","78","0","2023","4","",489,7127,7177,7131,172841576,4317951,58797,1861,"",1.11,1.23,1.23,1.22,0.99,1.00,1.30,0.81,"",-1,-0.2,-80,-1.1,-11,-0.2,30,0.4,10619035,6.5,-635677,-12.8,-10216,-14.8,119,6.8
"13089","5","621112","78","0","2023","4","",47,220,225,232,4230202,319287,5013,1442,"",1.57,1.34,1.36,1.40,1.24,1.82,2.26,0.91,"",0,0.0,22,11.1,22,10.8,38,19.6,-208961,-4.7,-331180,-50.9,-4709,-48.4,-280,-16.3
"13089","5","6212","76","0","2023","4","",291,1916,1891,1890,31833194,2362273,26182,1289,"",1.07,0.91,0.89,0.89,0.86,0.94,1.05,0.96,"",-8,-2.7,222,13.1,221,13.2,223,13.4,4251314,15.4,157257,7.1,-1308,-4.8,24,1.9
"13089","5","62121","77","0","2023","4","",291,1916,1891,1890,31833194,2362273,26182,1289,"",1.07,0.91,0.89,0.89,0.86,0.94,1.05,0.96,"",-8,-2.7,222,13.1,221,13.2,223,13.4,4251314,15.4,157257,7.1,-1308,-4.8,24,1.9
"13089","5","621210","78","0","2023","4","",291,1916,1891,1890,31833194,2362273,26182,1289,"",1.07,0.91,0.89,0.89,0.86,0.94,1.05,0.96,"",-8,-2.7,222,13.1,221,13.2,223,13.4,4251314,15.4,157257,7.1,-1308,-4.8,24,1.9
"13089","5","6213","76","0","2023","4","",502,6516,6516,6530,115915403,4442058,70718,1367,"",1.29,2.71,2.68,2.68,3.52,1.52,2.15,1.31,"",21,4.4,1288,24.6,1271,24.2,1252,23.7,24201862,26.4,-1313137,-22.8,-3271,-4.4,23,1.7
"13089","5","62131","77","0","2023","4","",107,388,381,375,4318573,492016,5288,871,"",1.36,1.30,1.27,1.25,1.26,1.28,1.49,0.99,"",6,5.9,19,5.1,41,12.1,38,11.3,334321,8.4,38589,8.5,-735,-12.2,-8,-0.9
"13089","5","621310","78","0","2023","4","",107,388,381,375,4318573,492016,5288,871,"",1.36,1.30,1.27,1.25,1.26,1.28,1.49,0.99,"",6,5.9,19,5.1,41,12.1,38,11.3,334321,8.4,38589,8.5,-735,-12.2,-8,-0.9
"13089","5","62132","77","0","2023","4","N",41,0,0,0,0,0,0,0,"N",0.97,0,0,0,0,0,0,0,"N",-3,-6.8,0,0,0,0,0,0,0,0,0,0,0,0,0,0
"13089","5","621320","78","0","2023","4","N",41,0,0,0,0,0,0,0,"N",0.97,0,0,0,0,0,0,0,"N",-3,-6.8,0,0,0,0,0,0,0,0,0,0,0,0,0,0
"13089","5","62133","77","0","2023","4","",172,455,463,448,6764680,579489,11475,1143,"",2.09,1.02,1.03,0.99,1.14,0.94,1.36,1.13,"",14,8.9,20,4.6,9,2.0,19,4.4,524003,8.4,-583244,-50.2,-16289,-58.7,50,4.6
"13089","5","621330","78","0","2023","4","",172,455,463,448,6764680,579489,11475,1143,"",2.09,1.02,1.03,0.99,1.14,0.94,1.36,1.13,"",14,8.9,20,4.6,9,2.0,19,4.4,524003,8.4,-583244,-50.2,-16289,-58.7,50,4.6
"13089","5","62134","77","0","2023","4","",105,874,899,934,11683310,1413358,34253,996,"",1.06,0.90,0.92,0.95,0.90,1.31,2.90,0.97,"",5,5.0,252,40.5,264,41.6,294,45.9,3157997,37.0,392690,38.5,20364,146.6,-41,-4.0
"13089","5","621340","78","0","2023","4","",105,874,899,934,11683310,1413358,34253,996,"",1.06,0.90,0.92,0.95,0.90,1.31,2.90,0.97,"",5,5.0,252,40.5,264,41.6,294,45.9,3157997,37.0,392690,38.5,20364,146.6,-41,-4.0
"13089","5","62139","77","0","2023","4","N",77,0,0,0,0,0,0,0,"N",0.90,0,0,0,0,0,0,0,"N",-1,-1.3,0,0,0,0,0,0,0,0,0,0,0,0,0,0
"13089","5","621391","78","0","2023","4","",9,23,24,23,699477,12181,177,2306,"",0.67,0.34,0.35,0.33,0.62,0.17,0.22,1.82,"",-1,-10.0,-7,-23.3,-4,-14.3,-5,-17.9,-2858,-0.4,-9190,-43.0,-111,-38.5,421,22.3
"13089","5","621399","78","0","2023","4","N",68,0,0,0,0,0,0,0,"N",0.95,0,0,0,0,0,0,0,"N",0,0.0,0,0,0,0,0,0,0,0,0,0,0,0,0,0
"13089","5","6214","76","0","2023","4","",113,1281,1293,1316,24989351,1484550,25887,1482,"",1.13,0.58,0.58,0.59,0.54,1.04,1.59,0.93,"",3,2.7,-283,-18.1,-235,-15.4,-222,-14.4,-1803038,-6.7,-414198,-21.8,-3000,-10.4,147,11.0
"13089","5","62141","77","0","2023","4","",3,29,30,28,836693,46368,949,2219,"",0.52,0.49,0.50,0.47,0.80,1.13,1.87,1.64,"",0,0.0,9,45.0,9,42.9,6,27.3,-90123,-9.7,28440,158.6,725,323.7,-1176,-34.6
"13089","5","621410","78","0","2023","4","",3,29,30,28,836693,46368,949,2219,"",0.52,0.49,0.50,0.47,0.80,1.13,1.87,1.64,"",0,0.0,9,45.0,9,42.9,6,27.3,-90123,-9.7,28440,158.6,725,323.7,-1176,-34.6
"13089","5","62142","77","0","2023","4","",43,430,432,435,5942724,647958,14710,1057,"",1.33,0.71,0.70,0.71,0.67,1.42,2.65,0.95,"",6,16.2,22,5.4,22,5.4,32,7.9,473073,8.6,37008,6.1,1241,9.2,23,2.2
"13089","5","621420","78","0","2023","4","",43,430,432,435,5942724,647958,14710,1057,"",1.33,0.71,0.70,0.71,0.67,1.42,2.65,0.95,"",6,16.2,22,5.4,22,5.4,32,7.9,473073,8.6,37008,6.1,1241,9.2,23,2.2
"13089","5","62149","77","0","2023","4","",67,822,831,853,18209934,790224,10228,1677,"",1.08,0.54,0.54,0.55,0.50,0.84,1.01,0.93,"",-3,-4.3,-314,-27.6,-266,-24.2,-260,-23.4,-2185988,-10.7,-479646,-37.8,-4966,-32.7,270,19.2
"13089","5","621491","78","0","2023","4","",10,267,268,267,8671113,188623,683,2495,"",1.71,0.62,0.61,0.61,0.60,2.70,0.86,0.99,"",-3,-23.1,-289,-52.0,-258,-49.0,-278,-51.0,-2580889,-22.9,-300183,-61.4,-8334,-92.4,899,56.3
"13089","5","621492","78","0","2023","4","",23,303,301,316,5187049,320898,2024,1301,"",1.44,1.16,1.14,1.20,1.04,1.41,1.07,0.89,"",-4,-14.8,-22,-6.8,-17,-5.3,0,0.0,23406,0.5,-115293,-26.4,-1238,-38.0,58,4.7
"13089","5","621493","78","0","2023","4","",14,90,92,98,1048628,95715,1941,864,"",0.78,0.25,0.25,0.27,0.15,0.29,0.52,0.59,"",1,7.7,45,100.0,47,104.4,62,172.2,530362,102.3,49933,109.1,1815,1440.5,-85,-9.0
"13089","5","621498","78","0","2023","4","",20,162,170,172,3303144,184988,5580,1512,"",0.90,0.34,0.35,0.35,0.33,0.61,1.49,0.96,"",3,17.6,-48,-22.9,-38,-18.3,-44,-20.4,-158867,-4.6,-114103,-38.1,2791,100.1,252,20.0
"13089","5","6215","76","0","2023","4","",115,1692,1665,1675,26656783,1306462,10248,1222,"",1.96,2.66,2.61,2.63,2.07,2.39,1.68,0.79,"",7,6.5,-69,-3.9,-108,-6.1,-97,-5.5,-570153,-2.1,-127992,-8.9,-6071,-37.2,38,3.2
"13089","5","62151","77","0","2023","4","",115,1692,1665,1675,26656783,1306462,10248,1222,"",1.96,2.66,2.61,2.63,2.07,2.39,1.68,0.79,"",7,6.5,-69,-3.9,-108,-6.1,-97,-5.5,-570153,-2.1,-127992,-8.9,-6071,-37.2,38,3.2
"13089","5","621511","78","0","2023","4","",104,1461,1430,1436,22687592,1064702,8103,1210,"",2.36,3.14,3.06,3.08,2.48,2.65,1.89,0.80,"",9,9.5,-14,-0.9,-51,-3.4,-34,-2.3,-143239,-0.6,17806,1.7,25,0.3,20,1.7
"13089","5","621512","78","0","2023","4","",11,231,235,239,3969191,241760,2145,1299,"",0.76,1.36,1.38,1.39,1.07,1.66,1.18,0.78,"",-2,-15.4,-55,-19.2,-57,-19.5,-63,-20.9,-426914,-9.7,-145798,-37.6,-6096,-74.0,146,12.7
"13089","5","6216","76","0","2023","4","",141,3109,3172,3179,26366864,5320402,79049,643,"",1.42,0.92,0.93,0.93,0.76,1.56,1.82,0.82,"",-1,-0.7,789,34.0,864,37.4,819,34.7,6214099,30.8,1699809,46.9,14702,22.8,-23,-3.5
"13089","5","62161","77","0","2023","4","",141,3109,3172,3179,26366864,5320402,79049,643,"",1.42,0.92,0.93,0.93,0.76,1.56,1.82,0.82,"",-1,-0.7,789,34.0,864,37.4,819,34.7,6214099,30.8,1699809,46.9,14702,22.8,-23,-3.5
"13089","5","621610","78","0","2023","4","",141,3109,3172,3179,26366864,5320402,79049,643,"",1.42,0.92,0.93,0.93,0.76,1.56,1.82,0.82,"",-1,-0.7,789,34.0,864,37.4,819,34.7,6214099,30.8,1699809,46.9,14702,22.8,-23,-3.5
"13089","5","6219","76","0","2023","4","",54,594,604,593,9511345,747967,8929,1226,"",1.32,0.83,0.84,0.82,0.79,1.12,1.20,0.95,"",6,12.5,-557,-48.4,-516,-46.1,-512,-46.3,-6159628,-39.3,-483910,-39.3,1300,17.0,155,14.5
"13089","5","62191","77","0","2023","4","",17,408,416,409,6490473,460755,3566,1215,"",1.47,1.20,1.21,1.19,1.25,1.33,0.99,1.04,"",-3,-15.0,-524,-56.2,-482,-53.7,-466,-53.3,-5674492,-46.6,-545031,-54.2,-960,-21.2,177,17.1
"13089","5","621910","78","0","2023","4","",17,408,416,409,6490473,460755,3566,1215,"",1.47,1.20,1.21,1.19,1.25,1.33,0.99,1.04,"",-3,-15.0,-524,-56.2,-482,-53.7,-466,-53.3,-5674492,-46.6,-545031,-54.2,-960,-21.2,177,17.1
"13089","5","62199","77","0","2023","4","",37,186,188,184,3020872,287212,5363,1249,"",1.27,0.50,0.50,0.49,0.44,0.90,1.38,0.89,"",9,32.1,-33,-15.1,-34,-15.3,-46,-20.0,-485136,-13.8,61121,27.0,2260,72.8,43,3.6
"13089","5","621991","78","0","2023","4","",7,136,135,133,2236821,146931,1933,1278,"",1.46,0.77,0.76,0.74,0.80,1.01,1.25,1.06,"",0,0.0,-46,-25.3,-50,-27.0,-60,-31.1,-672758,-23.1,-42633,-22.5,-797,-29.2,79,6.6
"13089","5","621999","78","0","2023","4","",30,50,53,51,784051,140281,3430,1175,"",1.23,0.25,0.27,0.26,0.19,0.81,1.47,0.75,"",9,42.9,13,35.1,16,43.2,14,37.8,187622,31.5,103754,284.0,3057,819.6,-65,-5.2
"13089","5","622","75","0","2023","4","",35,16129,16379,16430,358696219,1053961,4992,1691,"",1.16,1.49,1.50,1.49,1.58,0.55,0.38,1.06,"",1,2.9,1082,7.2,1293,8.6,1291,8.5,35219791,10.9,-149264,-12.4,-740,-12.9,42,2.5
"13089","5","6221","76","0","2023","4","N",22,0,0,0,0,0,0,0,"N",1.00,0,0,0,0,0,0,0,"N",-1,-4.3,0,0,0,0,0,0,0,0,0,0,0,0,0,0
"13089","5","62211","77","0","2023","4","N",22,0,0,0,0,0,0,0,"N",1.00,0,0,0,0,0,0,0,"N",-1,-4.3,0,0,0,0,0,0,0,0,0,0,0,0,0,0
"13089","5","622110","78","0","2023","4","N",22,0,0,0,0,0,0,0,"N",1.00,0,0,0,0,0,0,0,"N",-1,-4.3,0,0,0,0,0,0,0,0,0,0,0,0,0,0
"13089","5","6222","76","0","2023","4","",9,729,755,743,9790963,837864,2899,1015,"",2.95,2.81,2.87,2.81,2.41,3.96,1.35,0.85,"",2,28.6,5,0.7,5,0.7,16,2.2,373680,4.0,-138491,-14.2,-983,-25.3,28,2.8
"13089","5","62221","77","0","2023","4","",9,729,755,743,9790963,837864,2899,1015,"",2.95,2.81,2.87,2.81,2.41,3.96,1.35,0.85,"",2,28.6,5,0.7,5,0.7,16,2.2,373680,4.0,-138491,-14.2,-983,-25.3,28,2.8
"13089","5","622210","78","0","2023","4","",9,729,755,743,9790963,837864,2899,1015,"",2.95,2.81,2.87,2.81,2.41,3.96,1.35,0.85,"",2,28.6,5,0.7,5,0.7,16,2.2,373680,4.0,-138491,-14.2,-983,-25.3,28,2.8
"13089","5","6223","76","0","2023","4","N",4,0,0,0,0,0,0,0,"N",0.81,0,0,0,0,0,0,0,"N",0,0.0,0,0,0,0,0,0,0,0,0,0,0,0,0,0
"13089","5","62231","77","0","2023","4","N",4,0,0,0,0,0,0,0,"N",0.81,0,0,0,0,0,0,0,"N",0,0.0,0,0,0,0,0,0,0,0,0,0,0,0,0,0
"13089","5","622310","78","0","2023","4","N",4,0,0,0,0,0,0,0,"N",0.81,0,0,0,0,0,0,0,"N",0,0.0,0,0,0,0,0,0,0,0,0,0,0,0,0,0
"13089","5","623","75","0","2023","4","",126,4111,4116,4102,50032181,5393188,69007,936,"",0.70,0.63,0.63,0.62,0.67,0.76,0.93,1.07,"",-3,-2.3,40,1.0,42,1.0,41,1.0,3020533,6.4,-40271,-0.7,7236,11.7,47,5.3
"13089","5","6231","76","0","2023","4","",29,1826,1833,1837,22666855,2898249,41215,952,"",0.73,0.62,0.62,0.62,0.63,0.86,1.18,1.02,"",1,3.6,108,6.3,142,8.4,161,9.6,1734133,8.3,436963,17.8,21191,105.8,2,0.2
"13089","5","62311","77","0","2023","4","",29,1826,1833,1837,22666855,2898249,41215,952,"",0.73,0.62,0.62,0.62,0.63,0.86,1.18,1.02,"",1,3.6,108,6.3,142,8.4,161,9.6,1734133,8.3,436963,17.8,21191,105.8,2,0.2
"13089","5","623110","78","0","2023","4","",29,1826,1833,1837,22666855,2898249,41215,952,"",0.73,0.62,0.62,0.62,0.63,0.86,1.18,1.02,"",1,3.6,108,6.3,142,8.4,161,9.6,1734133,8.3,436963,17.8,21191,105.8,2,0.2
"13089","5","6232","76","0","2023","4","",40,936,933,918,12616734,1107772,13971,1045,"",0.59,0.72,0.71,0.70,0.82,1.10,1.34,1.16,"",1,2.6,-7,-0.7,1,0.1,-26,-2.8,435366,3.6,-234107,-17.4,-7015,-33.4,48,4.8
"13089","5","62321","77","0","2023","4","",10,141,133,121,1295833,184364,1894,757,"",0.21,0.18,0.17,0.15,0.15,0.33,0.38,0.89,"",-1,-9.1,3,2.2,-8,-5.7,-25,-17.1,-122579,-8.6,-36412,-16.5,-330,-14.8,-13,-1.7
"13089","5","623210","78","0","2023","4","",10,141,133,121,1295833,184364,1894,757,"",0.21,0.18,0.17,0.15,0.15,0.33,0.38,0.89,"",-1,-9.1,3,2.2,-8,-5.7,-25,-17.1,-122579,-8.6,-36412,-16.5,-330,-14.8,-13,-1.7
"13089","5","62322","77","0","2023","4","",30,795,800,797,11320901,923408,12077,1092,"",1.53,1.55,1.54,1.53,1.70,2.05,2.22,1.10,"",2,7.1,-10,-1.2,9,1.1,-1,-0.1,557945,5.2,-197695,-17.6,-6685,-35.6,55,5.3
"13089","5","623220","78","0","2023","4","",30,795,800,797,11320901,923408,12077,1092,"",1.53,1.55,1.54,1.53,1.70,2.05,2.22,1.10,"",2,7.1,-10,-1.2,9,1.1,-1,-0.1,557945,5.2,-197695,-17.6,-6685,-35.6,55,5.3
"13089","5","6233","76","0","2023","4","",49,1128,1123,1136,11731822,1260586,13043,799,"",0.85,0.58,0.57,0.57,0.60,0.52,0.50,1.04,"",-3,-5.8,-166,-12.8,-212,-15.9,-188,-14.2,-824048,-6.6,-190847,-13.1,-4464,-25.5,66,9.0
"13089","5","62331","77","0","2023","4","",49,1128,1123,1136,11731822,1260586,13043,799,"",0.85,0.58,0.57,0.57,0.60,0.52,0.50,1.04,"",-3,-5.8,-166,-12.8,-212,-15.9,-188,-14.2,-824048,-6.6,-190847,-13.1,-4464,-25.5,66,9.0
"13089","5","623311","78","0","2023","4","",10,441,452,455,5220635,477461,1467,894,"",0.70,0.46,0.47,0.46,0.52,0.51,0.16,1.11,"",0,0.0,74,20.2,69,18.0,67,17.3,777509,17.5,1180,0.2,-1262,-46.2,-7,-0.8
"13089","5","623312","78","0","2023","4","",39,687,671,681,6511187,783125,11576,737,"",0.91,0.70,0.68,0.68,0.69,0.53,0.69,1.01,"",-3,-7.1,-240,-25.9,-281,-29.5,-255,-27.2,-1601557,-19.7,-192027,-19.7,-3202,-21.7,72,10.8
"13089","5","6239","76","0","2023","4","",8,221,227,211,3016770,126581,778,1056,"",0.54,0.67,0.69,0.64,0.77,0.45,0.29,1.16,"",-2,-20.0,105,90.5,111,95.7,94,80.3,1675082,124.8,-52280,-29.2,-2476,-76.1,169,19.1
"13089","5","62399","77","0","2023","4","",8,221,227,211,3016770,126581,778,1056,"",0.54,0.67,0.69,0.64,0.77,0.45,0.29,1.16,"",-2,-20.0,105,90.5,111,95.7,94,80.3,1675082,124.8,-52280,-29.2,-2476,-76.1,169,19.1
"13089","5","623990","78","0","2023","4","",8,221,227,211,3016770,126581,778,1056,"",0.54,0.67,0.69,0.64,0.77,0.45,0.29,1.16,"",-2,-20.0,105,90.5,111,95.7,94,80.3,1675082,124.8,-52280,-29.2,-2476,-76.1,169,19.1
"13089","5","624","75","0","2023","4","",611,7302,7285,7228,71640189,8089285,79916,758,"",0.28,0.80,0.79,0.78,0.90,0.89,0.68,1.14,"",0,0.0,-394,-5.1,-390,-5.1,-349,-4.6,701070,1.0,-1438496,-15.1,-35139,-30.5,45,6.3
"13089","5","6241","76","0","2023","4","",341,3813,3792,3771,39170176,3849552,39354,795,"",0.17,0.62,0.61,0.61,0.77,0.66,0.49,1.25,"",9,2.7,-219,-5.4,-249,-6.2,-150,-3.8,1206451,3.2,-445388,-10.4,-12103,-23.5,65,8.9
"13089","5","62411","77","0","2023","4","",42,353,359,349,4165377,291690,4022,906,"",1.52,0.77,0.77,0.75,0.78,0.93,1.01,1.02,"",4,10.5,-43,-10.9,-23,-6.0,-26,-6.9,-108605,-2.5,-333,-0.1,22,0.6,51,6.0
"13089","5","624110","78","0","2023","4","",42,353,359,349,4165377,291690,4022,906,"",1.52,0.77,0.77,0.75,0.78,0.93,1.01,1.02,"",4,10.5,-43,-10.9,-23,-6.0,-26,-6.9,-108605,-2.5,-333,-0.1,22,0.6,51,6.0
"13089","5","62412","77","0","2023","4","",189,2501,2479,2478,22835796,2734521,28999,707,"",0.10,0.54,0.53,0.53,0.71,0.59,0.46,1.33,"",8,4.4,-64,-2.5,-110,-4.2,-45,-1.8,1057720,4.9,-350846,-11.4,-9763,-25.2,52,7.9
"13089","5","624120","78","0","2023","4","",189,2501,2479,2478,22835796,2734521,28999,707,"",0.10,0.54,0.53,0.53,0.71,0.59,0.46,1.33,"",8,4.4,-64,-2.5,-110,-4.2,-45,-1.8,1057720,4.9,-350846,-11.4,-9763,-25.2,52,7.9
"13089","5","62419","77","0","2023","4","",110,959,954,944,12169003,823341,6333,983,"",1.27,0.93,0.91,0.90,0.91,0.92,0.52,1.00,"",-3,-2.7,-112,-10.5,-116,-10.8,-79,-7.7,257336,2.2,-94209,-10.3,-2362,-27.2,114,13.1
"13089","5","624190","78","0","2023","4","",110,959,954,944,12169003,823341,6333,983,"",1.27,0.93,0.91,0.90,0.91,0.92,0.52,1.00,"",-3,-2.7,-112,-10.5,-116,-10.8,-79,-7.7,257336,2.2,-94209,-10.3,-2362,-27.2,114,13.1
"13089","5","6242","76","0","2023","4","N",32,0,0,0,0,0,0,0,"N",1.12,0,0,0,0,0,0,0,"N",1,3.2,0,0,0,0,0,0,0,0,0,0,0,0,0,0
"13089","5","62421","77","0","2023","4","N",5,0,0,0,0,0,0,0,"N",0.63,0,0,0,0,0,0,0,"N",1,25.0,0,0,0,0,0,0,0,0,0,0,0,0,0,0
"13089","5","624210","78","0","2023","4","N",5,0,0,0,0,0,0,0,"N",0.63,0,0,0,0,0,0,0,"N",1,25.0,0,0,0,0,0,0,0,0,0,0,0,0,0,0
"13089","5","62422","77","0","2023","4","",17,178,172,165,2490062,135185,1000,1116,"",1.11,0.64,0.61,0.58,0.68,0.58,0.31,1.12,"N",0,0.0,0,0,0,0,0,0,0,0,0,0,0,0,0,0
"13089","5","624221","78","0","2023","4","",10,132,128,119,1841104,102233,667,1121,"",1.19,0.72,0.69,0.63,0.84,0.70,0.34,1.23,"",0,0.0,-44,-25.0,-48,-27.3,-51,-30.0,-391843,-17.5,19332,23.3,-27,-3.9,134,13.6
"13089","5","624229","78","0","2023","4","",7,46,44,46,648958,32952,333,1101,"",1.01,0.47,0.45,0.47,0.44,0.38,0.26,0.94,"N",0,0.0,0,0,0,0,0,0,0,0,0,0,0,0,0,0
"13089","5","62423","77","0","2023","4","",10,381,375,376,4057828,308870,1690,827,"",1.95,5.11,4.91,4.78,3.01,6.73,2.85,0.61,"",0,0.0,57,17.6,60,19.0,62,19.7,948757,30.5,-8048,-2.5,280,19.9,74,9.8
"13089","5","624230","78","0","2023","4","",10,381,375,376,4057828,308870,1690,827,"",1.95,5.11,4.91,4.78,3.01,6.73,2.85,0.61,"",0,0.0,57,17.6,60,19.0,62,19.7,948757,30.5,-8048,-2.5,280,19.9,74,9.8
"13089","5","6243","76","0","2023","4","N",21,0,0,0,0,0,0,0,"N",1.10,0,0,0,0,0,0,0,"N",-3,-12.5,0,0,0,0,0,0,0,0,0,0,0,0,0,0
"13089","5","62431","77","0","2023","4","N",21,0,0,0,0,0,0,0,"N",1.10,0,0,0,0,0,0,0,"N",-3,-12.5,0,0,0,0,0,0,0,0,0,0,0,0,0,0
"13089","5","624310","78","0","2023","4","N",21,0,0,0,0,0,0,0,"N",1.10,0,0,0,0,0,0,0,"N",-3,-12.5,0,0,0,0,0,0,0,0,0,0,0,0,0,0
"13089","5","6244","76","0","2023","4","",217,2623,2623,2579,22710730,3759262,37371,670,"",1.39,1.33,1.32,1.29,1.36,1.48,1.28,1.04,"",-7,-3.1,38,1.5,74,2.9,8,0.3,1809729,8.7,-259035,-6.4,-17167,-31.5,44,7.0
"13089","5","62441","77","0","2023","4","",217,2623,2623,2579,22710730,3759262,37371,670,"",1.39,1.33,1.32,1.29,1.36,1.48,1.28,1.04,"",-7,-3.1,38,1.5,74,2.9,8,0.3,1809729,8.7,-259035,-6.4,-17167,-31.5,44,7.0
"13089","5","624410","78","0","2023","4","",217,2623,2623,2579,22710730,3759262,37371,670,"",1.39,1.33,1.32,1.29,1.36,1.48,1.28,1.04,"",-7,-3.1,38,1.5,74,2.9,8,0.3,1809729,8.7,-259035,-6.4,-17167,-31.5,44,7.0
"13089","5","71","74","0","2023","4","",353,2905,2900,2831,26892007,3886545,54892,719,"",0.97,0.57,0.59,0.58,0.36,0.76,0.74,0.63,"",1,0.3,-136,-4.5,-179,-5.8,-254,-8.2,45430,0.2,-428941,-9.9,33751,159.6,46,6.8
"13089","5","711","75","0","2023","4","",165,212,228,217,4224064,354603,6289,1484,"",1.04,0.18,0.20,0.20,0.10,0.26,0.27,0.52,"",5,3.1,39,22.5,43,23.2,12,5.9,525611,14.2,107914,43.7,1874,42.4,-32,-2.1
"13089","5","7111","76","0","2023","4","",28,60,71,50,1116832,53514,601,1424,"",1.10,0.21,0.25,0.18,0.17,0.15,0.07,0.80,"",1,3.7,15,33.3,14,24.6,-14,-21.9,-131251,-10.5,-33083,-38.2,-976,-61.9,-311,-17.9
"13089","5","71111","77","0","2023","4","",4,8,16,15,79100,27566,19,468,"",0.50,0.05,0.11,0.10,0.05,0.14,0.00,0.52,"",-1,-20.0,2,33.3,2,14.3,-2,-11.8,7207,10.0,7955,40.6,-358,-95.0,20,4.5
"13089","5","711110","78","0","2023","4","",4,8,16,15,79100,27566,19,468,"",0.50,0.05,0.11,0.10,0.05,0.14,0.00,0.52,"",-1,-20.0,2,33.3,2,14.3,-2,-11.8,7207,10.0,7955,40.6,-358,-95.0,20,4.5
"13089","5","71112","77","0","2023","4","N",2,0,0,0,0,0,0,0,"N",0.68,0,0,0,0,0,0,0,"N",1,100.0,0,0,0,0,0,0,0,0,0,0,0,0,0,0
"13089","5","711120","78","0","2023","4","N",2,0,0,0,0,0,0,0,"N",0.68,0,0,0,0,0,0,0,"N",1,100.0,0,0,0,0,0,0,0,0,0,0,0,0,0,0
"13089","5","71113","77","0","2023","4","",17,44,47,27,851275,21518,494,1665,"",1.42,0.53,0.57,0.33,0.21,0.23,0.26,0.44,"",2,13.3,12,37.5,12,34.3,-12,-30.8,-243221,-22.2,-29900,-58.2,-172,-25.8,-718,-30.1
"13089","5","711130","78","0","2023","4","",17,44,47,27,851275,21518,494,1665,"",1.42,0.53,0.57,0.33,0.21,0.23,0.26,0.44,"",2,13.3,12,37.5,12,34.3,-12,-30.8,-243221,-22.2,-29900,-58.2,-172,-25.8,-718,-30.1
"13089","5","71119","77","0","2023","4","N",5,0,0,0,0,0,0,0,"N",1.93,0,0,0,0,0,0,0,"N",-1,-16.7,0,0,0,0,0,0,0,0,0,0,0,0,0,0
"13089","5","711190","78","0","2023","4","N",5,0,0,0,0,0,0,0,"N",1.93,0,0,0,0,0,0,0,"N",-1,-16.7,0,0,0,0,0,0,0,0,0,0,0,0,0,0
"13089","5","7112","76","0","2023","4","",12,26,27,26,423430,45700,635,1237,"",0.71,0.08,0.09,0.09,0.02,0.15,0.18,0.27,"",3,33.3,6,30.0,7,35.0,3,13.0,168714,66.2,17834,64.0,74,13.2,304,32.6
"13089","5","71121","77","0","2023","4","",12,26,27,26,423430,45700,635,1237,"",0.71,0.08,0.09,0.09,0.02,0.15,0.18,0.27,"",3,33.3,6,30.0,7,35.0,3,13.0,168714,66.2,17834,64.0,74,13.2,304,32.6
"13089","5","711211","78","0","2023","4","N",5,0,0,0,0,0,0,0,"N",0.70,0,0,0,0,0,0,0,"N",2,66.7,0,0,0,0,0,0,0,0,0,0,0,0,0,0
"13089","5","711219","78","0","2023","4","N",7,0,0,0,0,0,0,0,"N",0.85,0,0,0,0,0,0,0,"N",1,16.7,0,0,0,0,0,0,0,0,0,0,0,0,0,0
"13089","5","7113","76","0","2023","4","",19,26,30,27,493491,17540,261,1372,"",0.87,0.07,0.08,0.08,0.10,0.04,0.04,1.27,"N",0,0.0,0,0,0,0,0,0,0,0,0,0,0,0,0,0
"13089","5","71131","77","0","2023","4","N",3,0,0,0,0,0,0,0,"N",0.32,0,0,0,0,0,0,0,"N",-1,-25.0,0,0,0,0,0,0,0,0,0,0,0,0,0,0
"13089","5","711310","78","0","2023","4","N",3,0,0,0,0,0,0,0,"N",0.32,0,0,0,0,0,0,0,"N",-1,-25.0,0,0,0,0,0,0,0,0,0,0,0,0,0,0
"13089","5","71132","77","0","2023","4","N",16,0,0,0,0,0,0,0,"N",1.27,0,0,0,0,0,0,0,"N",1,6.7,0,0,0,0,0,0,0,0,0,0,0,0,0,0
"13089","5","711320","78","0","2023","4","N",16,0,0,0,0,0,0,0,"N",1.27,0,0,0,0,0,0,0,"N",1,6.7,0,0,0,0,0,0,0,0,0,0,0,0,0,0
"13089","5","7114","76","0","2023","4","",10,14,13,13,209698,23375,515,1210,"",0.74,0.23,0.21,0.21,0.08,0.44,0.42,0.34,"N",1,11.1,0,0,0,0,0,0,0,0,0,0,0,0,0,0
"13089","5","71141","77","0","2023","4","",10,14,13,13,209698,23375,515,1210,"",0.74,0.23,0.21,0.21,0.08,0.44,0.42,0.34,"N",1,11.1,0,0,0,0,0,0,0,0,0,0,0,0,0,0
"13089","5","711410","78","0","2023","4","",10,14,13,13,209698,23375,515,1210,"",0.74,0.23,0.21,0.21,0.08,0.44,0.42,0.34,"N",1,11.1,0,0,0,0,0,0,0,0,0,0,0,0,0,0
"13089","5","7115","76","0","2023","4","",96,86,87,101,1980613,214474,4277,1668,"",1.20,0.65,0.67,0.75,0.20,0.94,1.09,0.29,"",0,0.0,14,19.4,11,14.5,19,23.2,371428,23.1,119093,124.9,2670,166.1,53,3.3
"13089","5","71151","77","0","2023","4","",96,86,87,101,1980613,214474,4277,1668,"",1.20,0.65,0.67,0.75,0.20,0.94,1.09,0.29,"",0,0.0,14,19.4,11,14.5,19,23.2,371428,23.1,119093,124.9,2670,166.1,53,3.3
"13089","5","711510","78","0","2023","4","",96,86,87,101,1980613,214474,4277,1668,"",1.20,0.65,0.67,0.75,0.20,0.94,1.09,0.29,"",0,0.0,14,19.4,11,14.5,19,23.2,371428,23.1,119093,124.9,2670,166.1,53,3.3
"13089","5","712","75","0","2023","4","",17,214,202,105,2088211,218406,1291,925,"",1.11,0.60,0.57,0.30,0.50,1.06,0.55,1.01,"",2,13.3,9,4.4,-15,-6.9,-94,-47.2,86622,4.3,-45019,-17.1,-367,-22.1,181,24.3
"13089","5","7121","76","0","2023","4","",17,214,202,105,2088211,218406,1291,925,"",1.11,0.60,0.57,0.30,0.50,1.06,0.55,1.01,"",2,13.3,9,4.4,-15,-6.9,-94,-47.2,86622,4.3,-45019,-17.1,-367,-22.1,181,24.3
"13089","5","71211","77","0","2023","4","",12,153,146,71,1676735,154620,225,1046,"",1.16,0.76,0.72,0.35,0.66,1.36,0.16,1.07,"",1,9.1,-6,-3.8,-19,-11.5,-101,-58.7,14445,0.9,-19949,-11.4,-583,-72.2,273,35.3
"13089","5","712110","78","0","2023","4","",12,153,146,71,1676735,154620,225,1046,"",1.16,0.76,0.72,0.35,0.66,1.36,0.16,1.07,"",1,9.1,-6,-3.8,-19,-11.5,-101,-58.7,14445,0.9,-19949,-11.4,-583,-72.2,273,35.3
"13089","5","71212","77","0","2023","4","N",2,0,0,0,0,0,0,0,"N",1.47,0,0,0,0,0,0,0,"N",0,0.0,0,0,0,0,0,0,0,0,0,0,0,0,0,0
"13089","5","712120","78","0","2023","4","N",2,0,0,0,0,0,0,0,"N",1.47,0,0,0,0,0,0,0,"N",0,0.0,0,0,0,0,0,0,0,0,0,0,0,0,0,0
"13089","5","71213","77","0","2023","4","N",1,0,0,0,0,0,0,0,"N",0.56,0,0,0,0,0,0,0,"N",0,0.0,0,0,0,0,0,0,0,0,0,0,0,0,0,0
"13089","5","712130","78","0","2023","4","N",1,0,0,0,0,0,0,0,"N",0.56,0,0,0,0,0,0,0,"N",0,0.0,0,0,0,0,0,0,0,0,0,0,0,0,0,0
"13089","5","71219","77","0","2023","4","N",2,0,0,0,0,0,0,0,"N",1.09,0,0,0,0,0,0,0,"N",1,100.0,0,0,0,0,0,0,0,0,0,0,0,0,0,0
"13089","5","712190","78","0","2023","4","N",2,0,0,0,0,0,0,0,"N",1.09,0,0,0,0,0,0,0,"N",1,100.0,0,0,0,0,0,0,0,0,0,0,0,0,0,0
"13089","5","713","75","0","2023","4","",171,2479,2470,2509,20579732,3313536,47312,637,"",0.90,0.70,0.72,0.73,0.73,0.94,0.99,1.02,"",-6,-3.4,-184,-6.9,-207,-7.7,-172,-6.4,-566803,-2.7,-491836,-12.9,32244,214.0,29,4.8
"13089","5","7131","76","0","2023","4","N",11,0,0,0,0,0,0,0,"N",1.35,0,0,0,0,0,0,0,"N",0,0.0,0,0,0,0,0,0,0,0,0,0,0,0,0,0
"13089","5","71311","77","0","2023","4","N",2,0,0,0,0,0,0,0,"N",0.77,0,0,0,0,0,0,0,"N",0,0.0,0,0,0,0,0,0,0,0,0,0,0,0,0,0
"13089","5","713110","78","0","2023","4","N",2,0,0,0,0,0,0,0,"N",0.77,0,0,0,0,0,0,0,"N",0,0.0,0,0,0,0,0,0,0,0,0,0,0,0,0,0
"13089","5","71312","77","0","2023","4","",9,65,59,58,759609,83070,1586,963,"",1.63,1.03,0.94,0.89,1.90,1.14,1.66,1.99,"",0,0.0,24,58.5,19,47.5,18,45.0,166800,28.1,37197,81.1,1000,170.6,-168,-14.9
"13089","5","713120","78","0","2023","4","",9,65,59,58,759609,83070,1586,963,"",1.63,1.03,0.94,0.89,1.90,1.14,1.66,1.99,"",0,0.0,24,58.5,19,47.5,18,45.0,166800,28.1,37197,81.1,1000,170.6,-168,-14.9
"13089","5","7132","76","0","2023","4","N",2,0,0,0,0,0,0,0,"N",0.24,0,0,0,0,0,0,0,"N",0,0.0,0,0,0,0,0,0,0,0,0,0,0,0,0,0
"13089","5","71329","77","0","2023","4","N",2,0,0,0,0,0,0,0,"N",0.27,0,0,0,0,0,0,0,"N",0,0.0,0,0,0,0,0,0,0,0,0,0,0,0,0,0
"13089","5","713290","78","0","2023","4","N",2,0,0,0,0,0,0,0,"N",0.27,0,0,0,0,0,0,0,"N",0,0.0,0,0,0,0,0,0,0,0,0,0,0,0,0,0
"13089","5","7139","76","0","2023","4","",158,2398,2393,2442,19624047,3211956,45393,626,"",0.91,0.84,0.87,0.88,0.95,1.11,1.13,1.10,"",-6,-3.7,-209,-8.0,-229,-8.7,-191,-7.3,-762138,-3.7,-539724,-14.4,31003,215.4,28,4.7
"13089","5","71391","77","0","2023","4","",6,363,354,388,4540296,420127,3396,948,"",0.27,0.42,0.46,0.53,0.60,0.51,0.24,1.28,"",2,50.0,-65,-15.2,-65,-15.5,-37,-8.7,154795,3.5,-3104,-0.7,2238,193.3,152,19.1
"13089","5","713910","78","0","2023","4","",6,363,354,388,4540296,420127,3396,948,"",0.27,0.42,0.46,0.53,0.60,0.51,0.24,1.28,"",2,50.0,-65,-15.2,-65,-15.5,-37,-8.7,154795,3.5,-3104,-0.7,2238,193.3,152,19.1
"13089","5","71394","77","0","2023","4","",105,831,817,790,5136973,1301582,14017,486,"",1.19,0.68,0.66,0.63,0.74,1.15,1.01,1.12,"",-2,-1.9,-192,-18.8,-204,-20.0,-192,-19.6,-2395637,-31.8,-31232,-2.3,4542,47.9,-88,-15.3
"13089","5","713940","78","0","2023","4","",105,831,817,790,5136973,1301582,14017,486,"",1.19,0.68,0.66,0.63,0.74,1.15,1.01,1.12,"",-2,-1.9,-192,-18.8,-204,-20.0,-192,-19.6,-2395637,-31.8,-31232,-2.3,4542,47.9,-88,-15.3
"13089","5","71395","77","0","2023","4","",4,149,161,173,1189454,238818,4787,568,"",0.59,1.09,1.15,1.20,1.31,1.36,2.45,1.14,"",-1,-20.0,-45,-23.2,-27,-14.4,-21,-10.8,-148467,-11.1,-69224,-22.5,4126,624.2,32,6.0
"13089","5","713950","78","0","2023","4","",4,149,161,173,1189454,238818,4787,568,"",0.59,1.09,1.15,1.20,1.31,1.36,2.45,1.14,"",-1,-20.0,-45,-23.2,-27,-14.4,-21,-10.8,-148467,-11.1,-69224,-22.5,4126,624.2,32,6.0
"13089","5","71399","77","0","2023","4","",43,1055,1061,1091,8757324,1251429,23193,630,"",0.88,2.13,2.34,2.48,2.49,2.19,3.17,1.08,"",-5,-10.4,93,9.7,67,6.7,59,5.7,1627171,22.8,-436164,-25.8,20097,649.1,79,14.3
"13089","5","713990","78","0","2023","4","",43,1055,1061,1091,8757324,1251429,23193,630,"",0.88,2.13,2.34,2.48,2.49,2.19,3.17,1.08,"",-5,-10.4,93,9.7,67,6.7,59,5.7,1627171,22.8,-436164,-25.8,20097,649.1,79,14.3
"13089","5","72","74","0","2023","4","",1684,23587,23399,23216,168519801,39977476,496203,554,"",1.08,0.83,0.82,0.82,0.79,1.08,1.19,0.96,"",-44,-2.5,1281,5.7,1177,5.3,1011,4.6,10116319,6.4,794694,2.0,86741,21.2,6,1.1
"13089","5","721","75","0","2023","4","",97,1273,1289,1275,15603158,2194850,30573,938,"",0.63,0.33,0.34,0.34,0.38,0.39,0.45,1.13,"",-4,-4.0,-43,-3.3,-39,-2.9,-59,-4.4,703604,4.7,-1193208,-35.2,-3199,-9.5,74,8.6
"13089","5","7211","76","0","2023","4","",95,1273,1289,1274,15592758,2194850,30573,938,"",0.71,0.35,0.36,0.35,0.40,0.40,0.47,1.12,"N",-5,-5.0,0,0,0,0,0,0,0,0,0,0,0,0,0,0
"13089","5","72111","77","0","2023","4","",92,1264,1281,1266,15532074,2189029,30528,941,"",0.75,0.41,0.42,0.41,0.48,0.53,0.58,1.16,"",-5,-5.2,-42,-3.2,-38,-2.9,-59,-4.5,705701,4.8,-1197465,-35.4,-3202,-9.5,75,8.7
"13089","5","721110","78","0","2023","4","",92,1264,1281,1266,15532074,2189029,30528,941,"",0.75,0.41,0.42,0.41,0.48,0.53,0.58,1.16,"",-5,-5.2,-42,-3.2,-38,-2.9,-59,-4.5,705701,4.8,-1197465,-35.4,-3202,-9.5,75,8.7
"13089","5","72119","77","0","2023","4","",3,9,8,8,60684,5821,45,560,"",0.27,0.14,0.13,0.13,0.09,0.07,0.04,0.70,"N",0,0.0,0,0,0,0,0,0,0,0,0,0,0,0,0,0
"13089","5","721191","78","0","2023","4","N",1,0,0,0,0,0,0,0,"N",0.21,0,0,0,0,0,0,0,"N",0,0.0,0,0,0,0,0,0,0,0,0,0,0,0,0,0
"13089","5","721199","78","0","2023","4","N",2,0,0,0,0,0,0,0,"N",0.33,0,0,0,0,0,0,0,"N",0,0.0,0,0,0,0,0,0,0,0,0,0,0,0,0,0
"13089","5","7212","76","0","2023","4","N",1,0,0,0,0,0,0,0,"N",0.06,0,0,0,0,0,0,0,"N",1,100.0,0,0,0,0,0,0,0,0,0,0,0,0,0,0
"13089","5","72121","77","0","2023","4","N",1,0,0,0,0,0,0,0,"N",0.06,0,0,0,0,0,0,0,"N",1,100.0,0,0,0,0,0,0,0,0,0,0,0,0,0,0
"13089","5","721214","78","0","2023","4","N",1,0,0,0,0,0,0,0,"N",0.15,0,0,0,0,0,0,0,"N",1,100.0,0,0,0,0,0,0,0,0,0,0,0,0,0,0
"13089","5","7213","76","0","2023","4","N",1,0,0,0,0,0,0,0,"N",0.28,0,0,0,0,0,0,0,"N",0,0.0,0,0,0,0,0,0,0,0,0,0,0,0,0,0
"13089","5","72131","77","0","2023","4","N",1,0,0,0,0,0,0,0,"N",0.28,0,0,0,0,0,0,0,"N",0,0.0,0,0,0,0,0,0,0,0,0,0,0,0,0,0
"13089","5","721310","78","0","2023","4","N",1,0,0,0,0,0,0,0,"N",0.28,0,0,0,0,0,0,0,"N",0,0.0,0,0,0,0,0,0,0,0,0,0,0,0,0,0
"13089","5","722","75","0","2023","4","",1587,22314,22110,21941,152916643,37782626,465630,532,"",1.13,0.91,0.90,0.89,0.89,1.21,1.33,0.99,"",-40,-2.5,1324,6.3,1216,5.8,1070,5.1,9412715,6.6,1987902,5.6,89940,23.9,4,0.8
"13089","5","7223","76","0","2023","4","",102,687,676,647,7276031,1229455,33461,835,"",1.02,0.43,0.43,0.42,0.48,0.56,0.69,1.13,"",8,8.5,110,19.1,82,13.8,44,7.3,1067034,17.2,273402,28.6,9681,40.7,27,3.3
"13089","5","72231","77","0","2023","4","",45,316,320,314,3708454,572794,20503,901,"",0.89,0.27,0.28,0.28,0.33,0.36,0.51,1.18,"",7,18.4,36,12.9,35,12.3,33,11.7,499858,15.6,48588,9.3,2346,12.9,26,3.0
"13089","5","722310","78","0","2023","4","",45,316,320,314,3708454,572794,20503,901,"",0.89,0.27,0.28,0.28,0.33,0.36,0.51,1.18,"",7,18.4,36,12.9,35,12.3,33,11.7,499858,15.6,48588,9.3,2346,12.9,26,3.0
"13089","5","72232","77","0","2023","4","",46,343,321,309,3343465,568762,10585,793,"",1.68,0.94,0.92,0.88,1.05,1.22,1.48,1.15,"",2,4.5,66,23.8,33,11.5,17,5.8,534882,19.0,182150,47.1,6185,140.6,37,4.9
"13089","5","722320","78","0","2023","4","",46,343,321,309,3343465,568762,10585,793,"",1.68,0.94,0.92,0.88,1.05,1.22,1.48,1.15,"",2,4.5,66,23.8,33,11.5,17,5.8,534882,19.0,182150,47.1,6185,140.6,37,4.9
"13089","5","72233","77","0","2023","4","",11,28,35,24,224112,87899,2373,594,"",0.49,0.33,0.44,0.32,0.40,0.72,1.35,1.11,"",-1,-8.3,8,40.0,14,66.7,-6,-20.0,32294,16.8,42664,94.3,1150,94.0,-29,-4.7
"13089","5","722330","78","0","2023","4","",11,28,35,24,224112,87899,2373,594,"",0.49,0.33,0.44,0.32,0.40,0.72,1.35,1.11,"",-1,-8.3,8,40.0,14,66.7,-6,-20.0,32294,16.8,42664,94.3,1150,94.0,-29,-4.7
"13089","5","7224","76","0","2023","4","",28,250,260,228,2080187,350469,7608,650,"",0.33,0.29,0.30,0.27,0.36,0.31,0.54,1.25,"",-7,-20.0,-75,-23.1,-33,-11.3,-73,-24.3,-722033,-25.8,-74599,-17.5,-1210,-13.7,-54,-7.7
"13089","5","72241","77","0","2023","4","",28,250,260,228,2080187,350469,7608,650,"",0.33,0.29,0.30,0.27,0.36,0.31,0.54,1.25,"",-7,-20.0,-75,-23.1,-33,-11.3,-73,-24.3,-722033,-25.8,-74599,-17.5,-1210,-13.7,-54,-7.7
"13089","5","722410","78","0","2023","4","",28,250,260,228,2080187,350469,7608,650,"",0.33,0.29,0.30,0.27,0.36,0.31,0.54,1.25,"",-7,-20.0,-75,-23.1,-33,-11.3,-73,-24.3,-722033,-25.8,-74599,-17.5,-1210,-13.7,-54,-7.7
"13089","5","7225","76","0","2023","4","",1457,21377,21174,21066,143560425,36202702,424561,521,"",1.19,0.96,0.95,0.95,0.95,1.30,1.48,1.00,"",-41,-2.7,1289,6.4,1167,5.8,1099,5.5,9067714,6.7,1789099,5.2,81469,23.7,4,0.8
"13089","5","72251","77","0","2023","4","",1457,21377,21174,21066,143560425,36202702,424561,521,"",1.19,0.96,0.95,0.95,0.95,1.30,1.48,1.00,"",-41,-2.7,1289,6.4,1167,5.8,1099,5.5,9067714,6.7,1789099,5.2,81469,23.7,4,0.8
"13089","5","722511","78","0","2023","4","",602,9587,9570,9610,72984207,15269572,161282,585,"",1.15,0.89,0.88,0.89,0.88,1.10,1.05,0.99,"",-18,-2.9,226,2.4,305,3.3,374,4.0,3039606,4.3,151604,1.0,22170,15.9,6,1.0
"13089","5","722513","78","0","2023","4","",682,10088,9896,9816,57341363,18106303,229749,444,"",1.30,1.08,1.06,1.05,1.04,1.57,2.18,0.98,"",-16,-2.3,1142,12.8,924,10.3,831,9.2,4209324,7.9,2088379,13.0,63651,38.3,-12,-2.6
"13089","5","722514","78","0","2023","4","",16,184,192,194,1335523,211849,1085,541,"",1.53,1.19,1.24,1.26,1.28,1.26,0.61,1.04,"",-4,-20.0,9,5.1,6,3.2,8,4.3,134583,11.2,-121548,-36.5,-171,-13.6,34,6.7
"13089","5","722515","78","0","2023","4","",157,1518,1516,1446,11899332,2614978,32445,613,"",0.97,0.80,0.81,0.77,1.02,1.11,1.23,1.28,"",-3,-1.9,-88,-5.5,-68,-4.3,-114,-7.3,1684201,16.5,-329336,-11.2,-4181,-11.4,117,23.6
"13089","5","81","74","0","2023","4","",1542,8488,8482,8562,114646712,10477173,146726,1036,"",0.88,0.91,0.90,0.91,0.91,1.12,1.32,1.00,"",-99,-6.0,381,4.7,347,4.3,394,4.8,8821570,8.3,295616,2.9,9132,6.6,36,3.6
"13089","5","811","75","0","2023","4","",406,2950,2923,2950,44493397,3543355,56904,1164,"",0.83,1.00,0.99,1.00,0.96,1.07,1.49,0.97,"",-38,-8.6,352,13.5,330,12.7,368,14.3,8243146,22.7,269333,8.2,7942,16.2,88,8.2
"13089","5","8111","76","0","2023","4","",316,2550,2512,2528,36722397,3091550,50627,1117,"",0.92,1.23,1.21,1.21,1.27,1.28,1.96,1.05,"",-35,-10.0,339,15.3,313,14.2,319,14.4,6988211,23.5,462790,17.6,9933,24.4,80,7.7
"13089","5","81111","77","0","2023","4","",177,1098,1119,1119,16961019,1058361,10268,1173,"",0.92,1.23,1.25,1.25,1.28,1.05,0.96,1.03,"",-24,-11.9,171,18.4,192,20.7,181,19.3,3632240,27.3,139544,15.2,961,10.3,71,6.4
"13089","5","811111","78","0","2023","4","",162,1020,1040,1041,15985763,998754,9460,1190,"",0.95,1.27,1.29,1.29,1.35,1.10,0.97,1.05,"",-19,-10.5,176,20.9,197,23.4,188,22.0,3730459,30.4,170917,20.6,1254,15.3,77,6.9
"13089","5","811114","78","0","2023","4","",15,78,79,78,975256,59607,808,958,"",0.72,0.85,0.86,0.85,0.72,0.63,0.84,0.85,"",-5,-25.0,-5,-6.0,-5,-6.0,-7,-8.2,-98219,-9.1,-31373,-34.5,-293,-26.6,-25,-2.5
"13089","5","81112","77","0","2023","4","",73,1144,1094,1117,17225961,1561414,31230,1185,"",0.87,1.90,1.81,1.84,1.68,2.40,4.39,0.91,"",-1,-1.4,219,23.7,168,18.1,199,21.7,3541136,25.9,303981,24.2,6046,24.0,45,3.9
"13089","5","811121","78","0","2023","4","N",66,0,0,0,0,0,0,0,"N",0.93,0,0,0,0,0,0,0,"N",0,0.0,0,0,0,0,0,0,0,0,0,0,0,0,0,0
"13089","5","811122","78","0","2023","4","N",7,0,0,0,0,0,0,0,"N",0.52,0,0,0,0,0,0,0,"N",-1,-12.5,0,0,0,0,0,0,0,0,0,0,0,0,0,0
"13089","5","81119","77","0","2023","4","",66,308,299,292,2535417,471775,9129,651,"",0.96,0.53,0.51,0.50,0.47,0.63,1.13,0.91,"",-10,-13.2,-51,-14.2,-47,-13.6,-61,-17.3,-185165,-6.8,19265,4.3,2926,47.2,58,9.8
"13089","5","811191","78","0","2023","4","",13,85,81,82,801787,181927,3894,746,"",0.83,0.58,0.55,0.55,0.52,0.81,1.71,0.93,"",-1,-7.1,0,0.0,-1,-1.2,-5,-5.7,19116,2.4,6018,3.4,2749,240.1,35,4.9
"13089","5","811192","78","0","2023","4","",35,171,169,165,1257022,246458,4557,574,"",0.91,0.46,0.45,0.44,0.41,0.54,0.92,0.91,"",-10,-22.2,-63,-26.9,-58,-25.6,-62,-27.3,-339821,-21.3,-17570,-6.7,-267,-5.5,38,7.1
"13089","5","811198","78","0","2023","4","",18,52,49,45,476608,43390,678,753,"",1.22,0.84,0.79,0.73,0.58,0.62,0.83,0.74,"",1,5.9,12,30.0,12,32.4,6,15.4,135540,39.7,30817,245.1,444,189.7,74,10.9
"13089","5","8112","76","0","2023","4","",32,102,108,113,2200421,170651,3232,1572,"",0.98,0.48,0.50,0.52,0.50,0.94,1.44,1.00,"",-1,-3.0,3,3.0,8,8.0,30,36.1,669597,43.7,-72888,-29.9,-1749,-35.1,319,25.5
"13089","5","81121","77","0","2023","4","",32,102,108,113,2200421,170651,3232,1572,"",0.98,0.48,0.50,0.52,0.50,0.94,1.44,1.00,"",-1,-3.0,3,3.0,8,8.0,30,36.1,669597,43.7,-72888,-29.9,-1749,-35.1,319,25.5
"13089","5","811210","78","0","2023","4","",32,102,108,113,2200421,170651,3232,1572,"",0.98,0.48,0.50,0.52,0.50,0.94,1.44,1.00,"",-1,-3.0,3,3.0,8,8.0,30,36.1,669597,43.7,-72888,-29.9,-1749,-35.1,319,25.5
"13089","5","8113","76","0","2023","4","",20,205,208,214,4273738,186448,1992,1573,"",0.32,0.42,0.43,0.44,0.40,0.36,0.26,0.94,"",-1,-4.8,60,41.4,60,40.5,68,46.6,1374339,47.4,18676,11.1,1593,399.2,49,3.2
"13089","5","81131","77","0","2023","4","",20,205,208,214,4273738,186448,1992,1573,"",0.32,0.42,0.43,0.44,0.40,0.36,0.26,0.94,"",-1,-4.8,60,41.4,60,40.5,68,46.6,1374339,47.4,18676,11.1,1593,399.2,49,3.2
"13089","5","811310","78","0","2023","4","",20,205,208,214,4273738,186448,1992,1573,"",0.32,0.42,0.43,0.44,0.40,0.36,0.26,0.94,"",-1,-4.8,60,41.4,60,40.5,68,46.6,1374339,47.4,18676,11.1,1593,399.2,49,3.2
"13089","5","8114","76","0","2023","4","",38,93,95,95,1296841,94706,1053,1057,"",0.76,0.53,0.55,0.55,0.57,0.50,0.47,1.05,"",-1,-2.6,-50,-35.0,-51,-34.9,-49,-34.0,-789001,-37.8,-139245,-59.5,-1835,-63.5,-55,-4.9
"13089","5","81141","77","0","2023","4","N",9,0,0,0,0,0,0,0,"N",0.55,0,0,0,0,0,0,0,"N",2,28.6,0,0,0,0,0,0,0,0,0,0,0,0,0,0
"13089","5","811412","78","0","2023","4","N",9,0,0,0,0,0,0,0,"N",0.73,0,0,0,0,0,0,0,"N",2,28.6,0,0,0,0,0,0,0,0,0,0,0,0,0,0
"13089","5","81142","77","0","2023","4","",12,47,47,46,727453,20901,14,1199,"",1.68,1.76,1.76,1.74,2.20,0.78,0.05,1.26,"",-4,-25.0,-7,-13.0,-7,-13.0,-7,-13.2,-1014,-0.1,-62776,-75.0,-2391,-99.4,155,14.8
"13089","5","811420","78","0","2023","4","",12,47,47,46,727453,20901,14,1199,"",1.68,1.76,1.76,1.74,2.20,0.78,0.05,1.26,"",-4,-25.0,-7,-13.0,-7,-13.0,-7,-13.2,-1014,-0.1,-62776,-75.0,-2391,-99.4,155,14.8
"13089","5","81143","77","0","2023","4","N",2,0,0,0,0,0,0,0,"N",1.41,0,0,0,0,0,0,0,"N",-1,-33.3,0,0,0,0,0,0,0,0,0,0,0,0,0,0
"13089","5","811430","78","0","2023","4","N",2,0,0,0,0,0,0,0,"N",1.41,0,0,0,0,0,0,0,"N",-1,-33.3,0,0,0,0,0,0,0,0,0,0,0,0,0,0
"13089","5","81149","77","0","2023","4","",15,34,36,37,432411,62005,725,933,"",0.59,0.41,0.43,0.45,0.41,0.65,0.64,0.94,"N",2,15.4,0,0,0,0,0,0,0,0,0,0,0,0,0,0
"13089","5","811490","78","0","2023","4","",15,34,36,37,432411,62005,725,933,"",0.59,0.41,0.43,0.45,0.41,0.65,0.64,0.94,"N",2,15.4,0,0,0,0,0,0,0,0,0,0,0,0,0,0
"13089","5","812","75","0","2023","4","",602,3540,3540,3569,33971757,5386951,64120,736,"",1.15,1.13,1.12,1.13,1.11,1.49,1.53,0.99,"",-24,-3.8,295,9.1,301,9.3,285,8.7,1171920,3.6,297803,5.9,5895,10.1,-39,-5.0
"13089","5","8121","76","0","2023","4","",341,1156,1151,1160,11236713,1362265,18073,748,"",1.13,0.77,0.77,0.77,0.87,0.78,0.84,1.13,"",-17,-4.7,25,2.2,26,2.3,3,0.3,-166686,-1.5,-297454,-17.9,-6306,-25.9,-23,-3.0
"13089","5","81211","77","0","2023","4","",253,644,635,643,5747207,569321,6591,690,"",1.07,0.58,0.56,0.57,0.60,0.44,0.43,1.06,"",-23,-8.3,-17,-2.6,-16,-2.5,-29,-4.3,-557133,-8.8,-206387,-26.6,-2343,-26.2,-43,-5.9
"13089","5","812111","78","0","2023","4","",16,33,33,36,373628,27604,324,845,"",1.02,0.48,0.47,0.52,0.55,0.30,0.31,1.12,"",-1,-5.9,-7,-17.5,-9,-21.4,-4,-10.0,-12367,-3.2,-36237,-56.8,-1278,-79.8,115,15.8
"13089","5","812112","78","0","2023","4","",185,528,520,521,4736441,490107,5364,697,"",1.20,0.71,0.69,0.69,0.70,0.59,0.59,1.00,"",-22,-10.6,4,0.8,4,0.8,-15,-2.8,-439674,-8.5,-166037,-25.3,-1506,-21.9,-61,-8.0
"13089","5","812113","78","0","2023","4","",52,83,82,86,637138,51610,903,586,"",0.79,0.27,0.27,0.29,0.31,0.14,0.17,1.13,"",0,0.0,-14,-14.4,-11,-11.8,-10,-10.4,-105092,-14.2,-4113,-7.4,441,95.5,-13,-2.2
"13089","5","81219","77","0","2023","4","",88,512,516,517,5489506,792944,11482,820,"",1.33,1.37,1.37,1.37,1.62,1.71,1.92,1.18,"",6,7.3,42,8.9,42,8.9,32,6.6,390447,7.7,-91067,-10.3,-3963,-25.7,-3,-0.4
"13089","5","812191","78","0","2023","4","N",6,0,0,0,0,0,0,0,"N",1.14,0,0,0,0,0,0,0,"N",-2,-25.0,0,0,0,0,0,0,0,0,0,0,0,0,0,0
"13089","5","812199","78","0","2023","4","N",82,0,0,0,0,0,0,0,"N",1.35,0,0,0,0,0,0,0,"N",8,10.8,0,0,0,0,0,0,0,0,0,0,0,0,0,0
"13089","5","8122","76","0","2023","4","",23,248,259,259,3555256,246080,2483,1071,"",0.63,0.90,0.94,0.93,1.00,1.12,1.19,1.09,"",1,4.5,-29,-10.5,-18,-6.5,-18,-6.5,-82482,-2.3,-71624,-22.5,-672,-21.3,61,6.0
"13089","5","81221","77","0","2023","4","",15,142,150,145,2136855,131102,1273,1128,"",0.54,0.67,0.70,0.67,0.80,0.77,0.92,1.17,"",2,15.4,5,3.6,10,7.1,7,5.1,321532,17.7,11060,9.2,318,33.3,119,11.8
"13089","5","812210","78","0","2023","4","",15,142,150,145,2136855,131102,1273,1128,"",0.54,0.67,0.70,0.67,0.80,0.77,0.92,1.17,"",2,15.4,5,3.6,10,7.1,7,5.1,321532,17.7,11060,9.2,318,33.3,119,11.8
"13089","5","81222","77","0","2023","4","",8,106,109,114,1418401,114978,1210,995,"",0.92,1.65,1.74,1.85,1.63,2.30,1.69,0.94,"",-1,-11.1,-34,-24.3,-28,-20.4,-25,-18.0,-404014,-22.2,-82684,-41.8,-990,-45.0,-16,-1.6
"13089","5","812220","78","0","2023","4","",8,106,109,114,1418401,114978,1210,995,"",0.92,1.65,1.74,1.85,1.63,2.30,1.69,0.94,"",-1,-11.1,-34,-24.3,-28,-20.4,-25,-18.0,-404014,-22.2,-82684,-41.8,-990,-45.0,-16,-1.6
"13089","5","8123","76","0","2023","4","",95,682,699,681,8057822,634543,3538,902,"",1.71,1.30,1.33,1.29,1.38,1.06,0.59,1.06,"",-22,-18.8,-22,-3.1,7,1.0,0,0.0,357874,4.6,-46201,-6.8,-1516,-30.0,46,5.4
"13089","5","81231","77","0","2023","4","",34,67,70,71,376552,86960,969,418,"",1.73,0.85,0.88,0.89,0.65,1.01,0.90,0.74,"",-4,-10.5,-7,-9.5,-5,-6.7,0,0.0,34860,10.2,-2423,-2.7,-323,-25.0,60,16.8
"13089","5","812310","78","0","2023","4","",34,67,70,71,376552,86960,969,418,"",1.73,0.85,0.88,0.89,0.65,1.01,0.90,0.74,"",-4,-10.5,-7,-9.5,-5,-6.7,0,0.0,34860,10.2,-2423,-2.7,-323,-25.0,60,16.8
"13089","5","81232","77","0","2023","4","",54,208,209,187,1853730,233845,1683,708,"",1.78,1.12,1.12,1.00,1.22,1.14,0.85,1.13,"",-16,-22.9,-32,-13.3,-19,-8.3,-29,-13.4,-163262,-8.1,-10258,-4.2,-366,-17.9,28,4.1
"13089","5","812320","78","0","2023","4","",54,208,209,187,1853730,233845,1683,708,"",1.78,1.12,1.12,1.00,1.22,1.14,0.85,1.13,"",-16,-22.9,-32,-13.3,-19,-8.3,-29,-13.4,-163262,-8.1,-10258,-4.2,-366,-17.9,28,4.1
"13089","5","81233","77","0","2023","4","",7,407,420,423,5827540,313738,886,1076,"",1.24,1.58,1.62,1.62,1.57,1.03,0.30,0.98,"",-2,-22.2,17,4.4,31,8.0,29,7.4,486276,9.1,-33520,-9.7,-827,-48.3,25,2.4
"13089","5","812331","78","0","2023","4","N",4,0,0,0,0,0,0,0,"N",1.40,0,0,0,0,0,0,0,"N",-1,-20.0,0,0,0,0,0,0,0,0,0,0,0,0,0,0
"13089","5","812332","78","0","2023","4","N",3,0,0,0,0,0,0,0,"N",1.07,0,0,0,0,0,0,0,"N",-1,-25.0,0,0,0,0,0,0,0,0,0,0,0,0,0,0
"13089","5","8129","76","0","2023","4","",143,1454,1431,1469,11121966,3144063,40026,589,"",1.12,1.72,1.68,1.72,1.34,3.04,3.20,0.78,"",14,10.9,321,28.3,286,25.0,300,25.7,1063214,10.6,713082,29.3,14389,56.1,-84,-12.5
"13089","5","81291","77","0","2023","4","",45,752,721,758,4860063,1412305,19094,503,"",0.86,1.99,1.89,1.98,1.64,2.89,3.64,0.84,"",-2,-4.3,291,63.1,261,56.7,279,58.2,1465805,43.2,495070,54.0,6413,50.6,-56,-10.0
"13089","5","812910","78","0","2023","4","",45,752,721,758,4860063,1412305,19094,503,"",0.86,1.99,1.89,1.98,1.64,2.89,3.64,0.84,"",-2,-4.3,291,63.1,261,56.7,279,58.2,1465805,43.2,495070,54.0,6413,50.6,-56,-10.0
"13089","5","81292","77","0","2023","4","",4,6,6,6,40432,21018,172,518,"",3.13,0.46,0.47,0.48,0.21,1.47,0.67,0.45,"N",0,0.0,0,0,0,0,0,0,0,0,0,0,0,0,0,0
"13089","5","812921","78","0","2023","4","N",2,0,0,0,0,0,0,0,"N",1.97,0,0,0,0,0,0,0,"N",0,0.0,0,0,0,0,0,0,0,0,0,0,0,0,0,0
"13089","5","812922","78","0","2023","4","N",2,0,0,0,0,0,0,0,"N",7.60,0,0,0,0,0,0,0,"N",0,0.0,0,0,0,0,0,0,0,0,0,0,0,0,0,0
"13089","5","81293","77","0","2023","4","",21,478,488,493,3115020,1039389,6287,493,"",1.36,1.83,1.85,1.86,1.28,3.57,1.76,0.69,"",-1,-4.5,35,7.9,39,8.7,40,8.8,206599,7.1,-45093,-4.2,-486,-7.2,-6,-1.2
"13089","5","812930","78","0","2023","4","",21,478,488,493,3115020,1039389,6287,493,"",1.36,1.83,1.85,1.86,1.28,3.57,1.76,0.69,"",-1,-4.5,35,7.9,39,8.7,40,8.8,206599,7.1,-45093,-4.2,-486,-7.2,-6,-1.2
"13089","5","81299","77","0","2023","4","",73,218,216,212,3106451,671351,14473,1110,"",1.25,1.13,1.12,1.10,1.15,2.79,4.22,1.03,"N",17,30.4,0,0,0,0,0,0,0,0,0,0,0,0,0,0
"13089","5","812990","78","0","2023","4","",73,218,216,212,3106451,671351,14473,1110,"",1.25,1.13,1.12,1.10,1.15,2.79,4.22,1.03,"N",17,30.4,0,0,0,0,0,0,0,0,0,0,0,0,0,0
"13089","5","813","75","0","2023","4","",241,1889,1905,1926,33570579,1178372,18132,1354,"",0.68,0.67,0.67,0.67,0.75,0.62,0.75,1.12,"",-8,-3.2,-260,-12.1,-287,-13.1,-268,-12.2,-1255386,-3.6,-324762,-21.6,-6641,-26.8,124,10.1
"13089","5","8131","76","0","2023","4","",45,251,252,242,3328576,215105,2332,1031,"",0.87,0.62,0.61,0.59,0.82,0.93,0.76,1.36,"",3,7.1,-14,-5.3,-13,-4.9,-17,-6.6,539131,19.3,58628,37.5,204,9.6,215,26.3
"13089","5","81311","77","0","2023","4","",45,251,252,242,3328576,215105,2332,1031,"",0.87,0.62,0.61,0.59,0.82,0.93,0.76,1.36,"",3,7.1,-14,-5.3,-13,-4.9,-17,-6.6,539131,19.3,58628,37.5,204,9.6,215,26.3
"13089","5","813110","78","0","2023","4","",45,251,252,242,3328576,215105,2332,1031,"",0.87,0.62,0.61,0.59,0.82,0.93,0.76,1.36,"",3,7.1,-14,-5.3,-13,-4.9,-17,-6.6,539131,19.3,58628,37.5,204,9.6,215,26.3
"13089","5","8132","76","0","2023","4","",23,212,217,222,4479139,126287,1730,1588,"",0.51,0.64,0.65,0.67,0.58,0.64,0.63,0.89,"",-4,-14.8,-40,-15.9,-37,-14.6,-33,-12.9,-698509,-13.5,-86511,-40.7,-1591,-47.9,18,1.1
"13089","5","81321","77","0","2023","4","",23,212,217,222,4479139,126287,1730,1588,"",0.51,0.64,0.65,0.67,0.58,0.64,0.63,0.89,"",-4,-14.8,-40,-15.9,-37,-14.6,-33,-12.9,-698509,-13.5,-86511,-40.7,-1591,-47.9,18,1.1
"13089","5","813211","78","0","2023","4","N",8,0,0,0,0,0,0,0,"N",0.35,0,0,0,0,0,0,0,"N",-4,-33.3,0,0,0,0,0,0,0,0,0,0,0,0,0,0
"13089","5","813212","78","0","2023","4","",14,175,178,183,3761583,91217,1112,1620,"",1.33,2.13,2.16,2.22,1.96,1.81,1.39,0.90,"",0,0.0,-32,-15.5,-31,-14.8,-26,-12.4,-525739,-12.3,-79911,-46.7,-1390,-55.6,37,2.3
"13089","5","813219","78","0","2023","4","N",1,0,0,0,0,0,0,0,"N",0.08,0,0,0,0,0,0,0,"N",0,0.0,0,0,0,0,0,0,0,0,0,0,0,0,0,0
"13089","5","8133","76","0","2023","4","",64,396,428,420,6444740,346911,9532,1196,"",0.91,0.74,0.80,0.79,0.70,0.76,1.57,0.90,"",3,4.9,-3,-0.8,14,3.4,6,1.4,600582,10.3,-13545,-3.8,1278,15.5,97,8.8
"13089","5","81331","77","0","2023","4","",64,396,428,420,6444740,346911,9532,1196,"",0.91,0.74,0.80,0.79,0.70,0.76,1.57,0.90,"",3,4.9,-3,-0.8,14,3.4,6,1.4,600582,10.3,-13545,-3.8,1278,15.5,97,8.8
"13089","5","813311","78","0","2023","4","",20,190,190,179,3137437,131485,1933,1295,"",1.48,1.60,1.58,1.50,1.52,1.54,1.64,0.97,"",-1,-4.8,4,2.2,4,2.2,-5,-2.7,348255,12.5,-82569,-38.6,-1630,-45.7,137,11.8
"13089","5","813312","78","0","2023","4","",10,55,53,54,693067,13312,47,987,"",0.54,0.34,0.33,0.34,0.25,0.10,0.03,0.75,"",2,25.0,-3,-5.2,-5,-8.6,-4,-6.9,-125352,-15.3,-9435,-41.5,-116,-71.2,-98,-9.0
"13089","5","813319","78","0","2023","4","",34,151,185,187,2614236,202114,7552,1154,"",0.89,0.60,0.72,0.73,0.59,0.87,2.29,0.86,"",2,6.2,-4,-2.6,15,8.8,15,8.7,377679,16.9,78459,63.4,3024,66.8,116,11.2
"13089","5","8134","76","0","2023","4","",26,334,321,329,2424487,138953,1602,569,"",0.47,0.48,0.46,0.47,0.45,0.39,0.37,0.96,"",0,0.0,-115,-25.6,-155,-32.6,-156,-32.2,-1051623,-30.3,43413,45.4,665,71.0,0,0.0
"13089","5","81341","77","0","2023","4","",26,334,321,329,2424487,138953,1602,569,"",0.47,0.48,0.46,0.47,0.45,0.39,0.37,0.96,"",0,0.0,-115,-25.6,-155,-32.6,-156,-32.2,-1051623,-30.3,43413,45.4,665,71.0,0,0.0
"13089","5","813410","78","0","2023","4","",26,334,321,329,2424487,138953,1602,569,"",0.47,0.48,0.46,0.47,0.45,0.39,0.37,0.96,"",0,0.0,-115,-25.6,-155,-32.6,-156,-32.2,-1051623,-30.3,43413,45.4,665,71.0,0,0.0
"13089","5","8139","76","0","2023","4","",83,696,687,713,16893637,351116,2936,1860,"",0.64,0.80,0.79,0.82,0.92,0.52,0.36,1.15,"",-10,-10.8,-88,-11.2,-96,-12.3,-68,-8.7,-644967,-3.7,-326747,-48.2,-7197,-71.0,136,7.9
"13089","5","81391","77","0","2023","4","",36,207,200,209,6045596,136744,1392,2265,"",0.84,0.87,0.84,0.87,0.92,0.82,0.76,1.07,"",-2,-5.3,11,5.6,4,2.0,12,6.1,621968,11.5,-27227,-16.6,458,49.0,140,6.6
"13089","5","813910","78","0","2023","4","",36,207,200,209,6045596,136744,1392,2265,"",0.84,0.87,0.84,0.87,0.92,0.82,0.76,1.07,"",-2,-5.3,11,5.6,4,2.0,12,6.1,621968,11.5,-27227,-16.6,458,49.0,140,6.6
"13089","5","81392","77","0","2023","4","",24,352,350,354,9078879,121212,651,1984,"",1.02,1.98,1.95,1.97,1.89,1.27,0.58,0.96,"",-2,-7.7,7,2.0,2,0.6,3,0.9,330166,3.8,11857,10.8,-147,-18.4,50,2.6
"13089","5","813920","78","0","2023","4","",24,352,350,354,9078879,121212,651,1984,"",1.02,1.98,1.95,1.97,1.89,1.27,0.58,0.96,"",-2,-7.7,7,2.0,2,0.6,3,0.9,330166,3.8,11857,10.8,-147,-18.4,50,2.6
"13089","5","81393","77","0","2023","4","N",8,0,0,0,0,0,0,0,"N",0.31,0,0,0,0,0,0,0,"N",-2,-20.0,0,0,0,0,0,0,0,0,0,0,0,0,0,0
"13089","5","813930","78","0","2023","4","N",8,0,0,0,0,0,0,0,"N",0.31,0,0,0,0,0,0,0,"N",-2,-20.0,0,0,0,0,0,0,0,0,0,0,0,0,0,0
"13089","5","81394","77","0","2023","4","N",4,0,0,0,0,0,0,0,"N",0.53,0,0,0,0,0,0,0,"N",-2,-33.3,0,0,0,0,0,0,0,0,0,0,0,0,0,0
"13089","5","813940","78","0","2023","4","N",4,0,0,0,0,0,0,0,"N",0.53,0,0,0,0,0,0,0,"N",-2,-33.3,0,0,0,0,0,0,0,0,0,0,0,0,0,0
"13089","5","81399","77","0","2023","4","N",11,0,0,0,0,0,0,0,"N",0.36,0,0,0,0,0,0,0,"N",-2,-15.4,0,0,0,0,0,0,0,0,0,0,0,0,0,0
"13089","5","813990","78","0","2023","4","N",11,0,0,0,0,0,0,0,"N",0.36,0,0,0,0,0,0,0,"N",-2,-15.4,0,0,0,0,0,0,0,0,0,0,0,0,0,0
"13089","5","814","75","0","2023","4","",293,109,114,117,2610979,368495,7570,1772,"",0.75,0.26,0.27,0.28,0.56,0.70,1.06,2.11,"",-29,-9.0,-6,-5.2,3,2.7,9,8.3,661890,34.0,53242,16.9,1936,34.4,425,31.6
"13089","5","8141","76","0","2023","4","",293,109,114,117,2610979,368495,7570,1772,"",0.75,0.26,0.27,0.28,0.56,0.70,1.06,2.11,"",-29,-9.0,-6,-5.2,3,2.7,9,8.3,661890,34.0,53242,16.9,1936,34.4,425,31.6
"13089","5","81411","77","0","2023","4","",293,109,114,117,2610979,368495,7570,1772,"",0.75,0.26,0.27,0.28,0.56,0.70,1.06,2.11,"",-29,-9.0,-6,-5.2,3,2.7,9,8.3,661890,34.0,53242,16.9,1936,34.4,425,31.6
"13089","5","814110","78","0","2023","4","",293,109,114,117,2610979,368495,7570,1772,"",0.75,0.26,0.27,0.28,0.56,0.70,1.06,2.11,"",-29,-9.0,-6,-5.2,3,2.7,9,8.3,661890,34.0,53242,16.9,1936,34.4,425,31.6
"13089","5","99","74","0","2023","4","",4338,1624,1646,1734,43550644,4100122,96927,2008,"",6.40,2.90,2.85,2.91,3.28,2.95,3.18,1.14,"",-266,-5.8,-233,-12.5,-284,-14.7,-391,-18.4,-5474807,-11.2,-2472739,-37.6,-65958,-40.5,94,4.9
"13089","5","999","75","0","2023","4","",4338,1624,1646,1734,43550644,4100122,96927,2008,"",6.40,2.90,2.85,2.91,3.28,2.95,3.18,1.14,"",-266,-5.8,-233,-12.5,-284,-14.7,-391,-18.4,-5474807,-11.2,-2472739,-37.6,-65958,-40.5,94,4.9
"13089","5","9999","76","0","2023","4","",4338,1624,1646,1734,43550644,4100122,96927,2008,"",6.40,2.90,2.85,2.91,3.28,2.95,3.18,1.14,"",-266,-5.8,-233,-12.5,-284,-14.7,-391,-18.4,-5474807,-11.2,-2472739,-37.6,-65958,-40.5,94,4.9
"13089","5","99999","77","0","2023","4","",4338,1624,1646,1734,43550644,4100122,96927,2008,"",6.40,2.90,2.85,2.91,3.28,2.95,3.18,1.14,"",-266,-5.8,-233,-12.5,-284,-14.7,-391,-18.4,-5474807,-11.2,-2472739,-37.6,-65958,-40.5,94,4.9
"13089","5","999999","78","0","2023","4","",4338,1624,1646,1734,43550644,4100122,96927,2008,"",6.40,2.90,2.85,2.91,3.28,2.95,3.18,1.14,"",-266,-5.8,-233,-12.5,-284,-14.7,-391,-18.4,-5474807,-11.2,-2472739,-37.6,-65958,-40.5,94,4.9
