"area_fips","own_code","industry_code","agglvl_code","size_code","year","qtr","disclosure_code","qtrly_estabs","month1_emplvl","month2_emplvl","month3_emplvl","total_qtrly_wages","taxable_qtrly_wages","qtrly_contributions","avg_wkly_wage","lq_disclosure_code","lq_qtrly_estabs","lq_month1_emplvl","lq_month2_emplvl","lq_month3_emplvl","lq_total_qtrly_wages","lq_taxable_qtrly_wages","lq_qtrly_contributions","lq_avg_wkly_wage","oty_disclosure_code","oty_qtrly_estabs_chg","oty_qtrly_estabs_pct_chg","oty_month1_emplvl_chg","oty_month1_emplvl_pct_chg","oty_month2_emplvl_chg","oty_month2_emplvl_pct_chg","oty_month3_emplvl_chg","oty_month3_emplvl_pct_chg","oty_total_qtrly_wages_chg","oty_total_qtrly_wages_pct_chg","oty_taxable_qtrly_wages_chg","oty_taxable_qtrly_wages_pct_chg","oty_qtrly_contributions_chg","oty_qtrly_contributions_pct_chg","oty_avg_wkly_wage_chg","oty_avg_wkly_wage_pct_chg"
"13089","0","10","70","0","2024","4","",23593,312068,312842,313179,6224973029,250028648,2977709,1531,"",1.00,1.00,1.00,1.00,1.00,1.00,1.00,1.00,"",-183,-0.8,-2259,-0.7,-3707,-1.2,-3138,-1.0,237800096,4.0,-31096489,-11.1,-441087,-12.9,72,4.9
"13089","1","10","71","0","2024","4","",58,13476,13483,13747,335377733,0,0,1901,"",0.49,2.24,2.24,2.27,2.21,0.00,0.00,0.98,"",-2,-3.3,877,7.0,867,6.9,1188,9.5,10823438,3.3,0,0.0,0,0.0,-82,-4.1
"13089","1","102","72","0","2024","4","",58,13476,13483,13747,335377733,0,0,1901,"",0.49,2.28,2.28,2.31,2.25,0.00,0.00,0.98,"",-2,-3.3,877,7.0,867,6.9,1188,9.5,10823438,3.3,0,0.0,0,0.0,-82,-4.1
"13089","1","1021","73","0","2024","4","",15,446,449,450,8066214,0,0,1384,"",0.25,0.33,0.34,0.34,0.34,0.00,0.00,1.01,"",0,0.0,1,0.2,22,5.2,4,0.9,327179,4.2,0,0.0,0,0.0,29,2.1
"13089","1","1023","73","0","2024","4","",3,212,210,209,8594766,0,0,3143,"",1.87,7.84,7.68,7.63,8.95,0.00,0.00,1.16,"",0,0.0,5,2.4,3,1.4,3,1.5,-926495,-9.7,0,0.0,0,0.0,-401,-11.3
"13089","1","1024","73","0","2024","4","",1,16,16,16,521821,0,0,2509,"",0.34,0.11,0.11,0.11,0.14,0.00,0.00,1.29,"",0,0.0,1,6.7,0,0.0,-1,-5.9,17746,3.5,0,0.0,0,0.0,86,3.5
"13089","1","1025","73","0","2024","4","",1,5137,5163,5157,144343507,0,0,2155,"",0.35,5.68,5.73,5.71,6.10,0.00,0.00,1.07,"",0,0.0,40,0.8,22,0.4,-16,-0.3,6466848,4.7,0,0.0,0,0.0,90,4.4
"13089","1","1026","73","0","2024","4","",1,17,19,19,524684,0,0,2201,"",0.36,0.17,0.20,0.20,0.33,0.00,0.00,1.73,"",0,0.0,5,41.7,7,58.3,7,58.3,201186,62.2,0,0.0,0,0.0,127,6.1
"13089","1","1028","73","0","2024","4","",37,7648,7626,7896,173326741,0,0,1726,"",0.78,2.26,2.25,2.31,1.82,0.00,0.00,0.80,"",-2,-5.1,825,12.1,813,11.9,1191,17.8,4736974,2.8,0,0.0,0,0.0,-187,-9.8
"13089","1","48-49","74","0","2024","4","",15,446,449,450,8066214,0,0,1384,"",0.26,0.36,0.36,0.36,0.37,0.00,0.00,1.02,"",0,0.0,1,0.2,22,5.2,4,0.9,327179,4.2,0,0.0,0,0.0,29,2.1
"13089","1","491","75","0","2024","4","",15,446,449,450,8066214,0,0,1384,"",0.26,0.37,0.37,0.37,0.39,0.00,0.00,1.05,"",0,0.0,1,0.2,22,5.2,4,0.9,327179,4.2,0,0.0,0,0.0,29,2.1
"13089","1","4911","76","0","2024","4","",15,446,449,450,8066214,0,0,1384,"",0.26,0.37,0.37,0.37,0.39,0.00,0.00,1.05,"",0,0.0,1,0.2,22,5.2,4,0.9,327179,4.2,0,0.0,0,0.0,29,2.1
"13089","1","49111","77","0","2024","4","",15,446,449,450,8066214,0,0,1384,"",0.26,0.37,0.37,0.37,0.39,0.00,0.00,1.05,"",0,0.0,1,0.2,22,5.2,4,0.9,327179,4.2,0,0.0,0,0.0,29,2.1
"13089","1","491110","78","0","2024","4","",15,446,449,450,8066214,0,0,1384,"",0.26,0.37,0.37,0.37,0.39,0.00,0.00,1.05,"",0,0.0,1,0.2,22,5.2,4,0.9,327179,4.2,0,0.0,0,0.0,29,2.1
"13089","1","52","74","0","2024","4","",3,212,210,209,8594766,0,0,3143,"",1.89,7.85,7.70,7.65,8.96,0.00,0.00,1.16,"",0,0.0,5,2.4,3,1.4,3,1.5,-926495,-9.7,0,0.0,0,0.0,-401,-11.3
"13089","1","522","75","0","2024","4","",2,9,10,10,377066,0,0,3001,"",1.61,0.68,0.75,0.75,0.99,0.00,0.00,1.37,"",0,0.0,1,12.5,1,11.1,0,0.0,-38300,-9.2,0,0.0,0,0.0,-549,-15.5
"13089","1","5222","76","0","2024","4","",2,9,10,10,377066,0,0,3001,"",1.62,0.68,0.75,0.75,0.99,0.00,0.00,1.37,"",0,0.0,1,12.5,1,11.1,0,0.0,-38300,-9.2,0,0.0,0,0.0,-549,-15.5
"13089","1","52229","77","0","2024","4","",2,9,10,10,377066,0,0,3001,"",1.62,0.68,0.75,0.75,0.99,0.00,0.00,1.37,"",0,0.0,1,12.5,1,11.1,0,0.0,-38300,-9.2,0,0.0,0,0.0,-549,-15.5
"13089","1","522299","78","0","2024","4","",2,9,10,10,377066,0,0,3001,"",2.95,1.43,1.57,1.57,1.77,0.00,0.00,1.16,"",0,0.0,1,12.5,1,11.1,0,0.0,-38300,-9.2,0,0.0,0,0.0,-549,-15.5
"13089","1","524","75","0","2024","4","",1,203,200,199,8217700,0,0,3150,"",2.95,14.74,14.43,14.31,14.20,0.00,0.00,0.98,"",0,0.0,4,2.0,2,1.0,3,1.5,-888195,-9.8,0,0.0,0,0.0,-394,-11.1
"13089","1","5241","76","0","2024","4","",1,203,200,199,8217700,0,0,3150,"",4.10,15.49,15.17,15.03,14.68,0.00,0.00,0.96,"",0,0.0,4,2.0,2,1.0,3,1.5,-888195,-9.8,0,0.0,0,0.0,-394,-11.1
"13089","1","52412","77","0","2024","4","",1,203,200,199,8217700,0,0,3150,"",4.10,15.49,15.17,15.03,14.68,0.00,0.00,0.96,"",0,0.0,4,2.0,2,1.0,3,1.5,-888195,-9.8,0,0.0,0,0.0,-394,-11.1
"13089","1","524128","78","0","2024","4","",1,203,200,199,8217700,0,0,3150,"",4.17,15.53,15.21,15.07,14.70,0.00,0.00,0.96,"",0,0.0,4,2.0,2,1.0,3,1.5,-888195,-9.8,0,0.0,0,0.0,-394,-11.1
"13089","1","54","74","0","2024","4","",1,16,16,16,521821,0,0,2509,"",0.38,0.11,0.11,0.11,0.14,0.00,0.00,1.28,"",0,0.0,1,6.7,0,0.0,-1,-5.9,17746,3.5,0,0.0,0,0.0,86,3.5
"13089","1","541","75","0","2024","4","",1,16,16,16,521821,0,0,2509,"",0.38,0.11,0.11,0.11,0.14,0.00,0.00,1.28,"",0,0.0,1,6.7,0,0.0,-1,-5.9,17746,3.5,0,0.0,0,0.0,86,3.5
"13089","1","5413","76","0","2024","4","",1,16,16,16,521821,0,0,2509,"",0.61,0.14,0.14,0.14,0.19,0.00,0.00,1.34,"",0,0.0,1,6.7,0,0.0,-1,-5.9,17746,3.5,0,0.0,0,0.0,86,3.5
"13089","1","54133","77","0","2024","4","",1,16,16,16,521821,0,0,2509,"",0.62,0.15,0.15,0.15,0.20,0.00,0.00,1.34,"",0,0.0,1,6.7,0,0.0,-1,-5.9,17746,3.5,0,0.0,0,0.0,86,3.5
"13089","1","541330","78","0","2024","4","",1,16,16,16,521821,0,0,2509,"",0.62,0.15,0.15,0.15,0.20,0.00,0.00,1.34,"",0,0.0,1,6.7,0,0.0,-1,-5.9,17746,3.5,0,0.0,0,0.0,86,3.5
"13089","1","62","74","0","2024","4","",1,5137,5163,5157,144343507,0,0,2155,"",0.41,5.85,5.90,5.87,6.25,0.00,0.00,1.06,"",0,0.0,40,0.8,22,0.4,-16,-0.3,6466848,4.7,0,0.0,0,0.0,90,4.4
"13089","1","622","75","0","2024","4","",1,5137,5163,5157,144343507,0,0,2155,"",1.15,6.75,6.81,6.79,7.06,0.00,0.00,1.04,"",0,0.0,40,0.8,22,0.4,-16,-0.3,6466848,4.7,0,0.0,0,0.0,90,4.4
"13089","1","6221","76","0","2024","4","",1,5137,5163,5157,144343507,0,0,2155,"",1.17,6.88,6.95,6.92,7.18,0.00,0.00,1.04,"",0,0.0,40,0.8,22,0.4,-16,-0.3,6466848,4.7,0,0.0,0,0.0,90,4.4
"13089","1","62211","77","0","2024","4","",1,5137,5163,5157,144343507,0,0,2155,"",1.17,6.88,6.95,6.92,7.18,0.00,0.00,1.04,"",0,0.0,40,0.8,22,0.4,-16,-0.3,6466848,4.7,0,0.0,0,0.0,90,4.4
"13089","1","622110","78","0","2024","4","",1,5137,5163,5157,144343507,0,0,2155,"",1.17,6.88,6.95,6.92,7.18,0.00,0.00,1.04,"",0,0.0,40,0.8,22,0.4,-16,-0.3,6466848,4.7,0,0.0,0,0.0,90,4.4
"13089","1","71","74","0","2024","4","",1,17,19,19,524684,0,0,2201,"",0.49,0.21,0.24,0.24,0.37,0.00,0.00,1.60,"",0,0.0,5,41.7,7,58.3,7,58.3,201186,62.2,0,0.0,0,0.0,127,6.1
"13089","1","712","75","0","2024","4","",1,17,19,19,524684,0,0,2201,"",1.03,0.36,0.43,0.42,0.49,0.00,0.00,1.22,"",0,0.0,5,41.7,7,58.3,7,58.3,201186,62.2,0,0.0,0,0.0,127,6.1
"13089","1","7121","76","0","2024","4","",1,17,19,19,524684,0,0,2201,"",1.03,0.36,0.43,0.42,0.49,0.00,0.00,1.22,"",0,0.0,5,41.7,7,58.3,7,58.3,201186,62.2,0,0.0,0,0.0,127,6.1
"13089","1","71219","77","0","2024","4","",1,17,19,19,524684,0,0,2201,"",1.22,0.49,0.61,0.60,0.71,0.00,0.00,1.25,"",0,0.0,5,41.7,7,58.3,7,58.3,201186,62.2,0,0.0,0,0.0,127,6.1
"13089","1","712190","78","0","2024","4","",1,17,19,19,524684,0,0,2201,"",1.22,0.49,0.61,0.60,0.71,0.00,0.00,1.25,"",0,0.0,5,41.7,7,58.3,7,58.3,201186,62.2,0,0.0,0,0.0,127,6.1
"13089","1","92","74","0","2024","4","",37,7648,7626,7896,173326741,0,0,1726,"",0.78,2.26,2.25,2.31,1.82,0.00,0.00,0.80,"",-2,-5.1,825,12.1,813,11.9,1191,17.8,4736974,2.8,0,0.0,0,0.0,-187,-9.8
"13089","1","921","75","0","2024","4","",6,4764,4725,4992,85193362,0,0,1358,"",1.73,14.21,14.10,14.83,9.79,0.00,0.00,0.68,"",0,0.0,671,16.4,625,15.2,1006,25.2,4847957,6.0,0,0.0,0,0.0,-164,-10.8
"13089","1","9211","76","0","2024","4","",6,4764,4725,4992,85193362,0,0,1358,"",1.73,14.21,14.10,14.83,9.79,0.00,0.00,0.68,"",0,0.0,671,16.4,625,15.2,1006,25.2,4847957,6.0,0,0.0,0,0.0,-164,-10.8
"13089","1","92113","77","0","2024","4","",2,4668,4629,4895,82280137,0,0,1338,"",1.79,20.56,20.38,21.17,14.36,0.00,0.00,0.69,"",0,0.0,666,16.6,621,15.5,999,25.6,4680518,6.0,0,0.0,0,0.0,-166,-11.0
"13089","1","921130","78","0","2024","4","",2,4668,4629,4895,82280137,0,0,1338,"",1.79,20.56,20.38,21.17,14.36,0.00,0.00,0.69,"",0,0.0,666,16.6,621,15.5,999,25.6,4680518,6.0,0,0.0,0,0.0,-166,-11.0
"13089","1","92119","77","0","2024","4","",4,96,96,97,2913225,0,0,2326,"",1.72,1.43,1.43,1.44,1.50,0.00,0.00,1.04,"",0,0.0,5,5.5,4,4.3,7,7.8,167439,6.1,0,0.0,0,0.0,5,0.2
"13089","1","921190","78","0","2024","4","",4,96,96,97,2913225,0,0,2326,"",1.72,1.43,1.43,1.44,1.50,0.00,0.00,1.04,"",0,0.0,5,5.5,4,4.3,7,7.8,167439,6.1,0,0.0,0,0.0,5,0.2
"13089","1","922","75","0","2024","4","",8,1546,1556,1553,48293873,0,0,2394,"",1.18,2.81,2.82,2.80,2.80,0.00,0.00,1.00,"",0,0.0,92,6.3,109,7.5,101,7.0,-2743168,-5.4,0,0.0,0,0.0,-312,-11.5
"13089","1","9221","76","0","2024","4","",8,1546,1556,1553,48293873,0,0,2394,"",1.18,2.81,2.82,2.80,2.80,0.00,0.00,1.00,"",0,0.0,92,6.3,109,7.5,101,7.0,-2743168,-5.4,0,0.0,0,0.0,-312,-11.5
"13089","1","92211","77","0","2024","4","",2,20,20,20,437753,0,0,1684,"",1.46,0.30,0.30,0.30,0.24,0.00,0.00,0.80,"",0,0.0,18,900.0,18,900.0,18,900.0,391302,842.4,0,0.0,0,0.0,-103,-5.8
"13089","1","922110","78","0","2024","4","",2,20,20,20,437753,0,0,1684,"",1.46,0.30,0.30,0.30,0.24,0.00,0.00,0.80,"",0,0.0,18,900.0,18,900.0,18,900.0,391302,842.4,0,0.0,0,0.0,-103,-5.8
"13089","1","92212","77","0","2024","4","",4,1387,1387,1388,44032948,0,0,2441,"",1.22,4.68,4.68,4.66,4.49,0.00,0.00,0.96,"",0,0.0,55,4.1,54,4.1,57,4.3,-3498969,-7.4,0,0.0,0,0.0,-304,-11.1
"13089","1","922120","78","0","2024","4","",4,1387,1387,1388,44032948,0,0,2441,"",1.22,4.68,4.68,4.66,4.49,0.00,0.00,0.96,"",0,0.0,55,4.1,54,4.1,57,4.3,-3498969,-7.4,0,0.0,0,0.0,-304,-11.1
"13089","1","92213","77","0","2024","4","",1,49,48,47,1443850,0,0,2314,"",1.41,1.07,1.04,1.02,0.93,0.00,0.00,0.89,"",0,0.0,3,6.5,2,4.3,-1,-2.1,-231158,-13.8,0,0.0,0,0.0,-447,-16.2
"13089","1","922130","78","0","2024","4","",1,49,48,47,1443850,0,0,2314,"",1.41,1.07,1.04,1.02,0.93,0.00,0.00,0.89,"",0,0.0,3,6.5,2,4.3,-1,-2.1,-231158,-13.8,0,0.0,0,0.0,-447,-16.2
"13089","1","92219","77","0","2024","4","",1,90,101,98,2379322,0,0,1900,"",0.90,1.29,1.43,1.37,1.07,0.00,0.00,0.78,"",0,0.0,16,21.6,35,53.0,27,38.0,595657,33.4,0,0.0,0,0.0,-51,-2.6
"13089","1","922190","78","0","2024","4","",1,90,101,98,2379322,0,0,1900,"",0.90,1.29,1.43,1.37,1.07,0.00,0.00,0.78,"",0,0.0,16,21.6,35,53.0,27,38.0,595657,33.4,0,0.0,0,0.0,-51,-2.6
"13089","1","923","75","0","2024","4","",12,644,643,644,19918143,0,0,2380,"",2.30,1.32,1.31,1.30,1.41,0.00,0.00,1.08,"",0,0.0,43,7.2,40,6.6,41,6.8,2172622,12.2,0,0.0,0,0.0,114,5.0
"13089","1","9231","76","0","2024","4","",12,644,643,644,19918143,0,0,2380,"",2.30,1.32,1.31,1.30,1.41,0.00,0.00,1.08,"",0,0.0,43,7.2,40,6.6,41,6.8,2172622,12.2,0,0.0,0,0.0,114,5.0
"13089","1","92311","77","0","2024","4","",1,17,17,17,599566,0,0,2713,"",4.24,2.72,2.72,2.71,2.54,0.00,0.00,0.94,"",0,0.0,1,6.2,1,6.2,1,6.2,87866,17.2,0,0.0,0,0.0,253,10.3
"13089","1","923110","78","0","2024","4","",1,17,17,17,599566,0,0,2713,"",4.24,2.72,2.72,2.71,2.54,0.00,0.00,0.94,"",0,0.0,1,6.2,1,6.2,1,6.2,87866,17.2,0,0.0,0,0.0,253,10.3
"13089","1","92312","77","0","2024","4","",7,496,495,496,15572142,0,0,2417,"",4.50,3.80,3.81,3.79,3.62,0.00,0.00,0.95,"",0,0.0,49,11.0,47,10.5,48,10.7,2366654,17.9,0,0.0,0,0.0,148,6.5
"13089","1","923120","78","0","2024","4","",7,496,495,496,15572142,0,0,2417,"",4.50,3.80,3.81,3.79,3.62,0.00,0.00,0.95,"",0,0.0,49,11.0,47,10.5,48,10.7,2366654,17.9,0,0.0,0,0.0,148,6.5
"13089","1","92313","77","0","2024","4","",3,78,79,79,2002082,0,0,1958,"",1.10,0.57,0.58,0.58,0.53,0.00,0.00,0.91,"",0,0.0,-10,-11.4,-9,-10.2,-11,-12.2,-184881,-8.5,0,0.0,0,0.0,61,3.2
"13089","1","923130","78","0","2024","4","",3,78,79,79,2002082,0,0,1958,"",1.10,0.57,0.58,0.58,0.53,0.00,0.00,0.91,"",0,0.0,-10,-11.4,-9,-10.2,-11,-12.2,-184881,-8.5,0,0.0,0,0.0,61,3.2
"13089","1","92314","77","0","2024","4","",1,53,52,52,1744353,0,0,2564,"",1.45,0.25,0.24,0.23,0.30,0.00,0.00,1.26,"",0,0.0,3,6.0,1,2.0,3,6.1,-97017,-5.3,0,0.0,0,0.0,-269,-9.5
"13089","1","923140","78","0","2024","4","",1,53,52,52,1744353,0,0,2564,"",1.45,0.25,0.24,0.23,0.30,0.00,0.00,1.26,"",0,0.0,3,6.0,1,2.0,3,6.1,-97017,-5.3,0,0.0,0,0.0,-269,-9.5
"13089","1","924","75","0","2024","4","",2,107,104,106,3568378,0,0,2598,"",0.20,0.50,0.50,0.51,0.63,0.00,0.00,1.26,"",0,0.0,-6,-5.3,-7,-6.3,-5,-4.5,-3957,-0.1,0,0.0,0,0.0,137,5.6
"13089","1","9241","76","0","2024","4","",2,107,104,106,3568378,0,0,2598,"",0.20,0.50,0.50,0.51,0.63,0.00,0.00,1.26,"",0,0.0,-6,-5.3,-7,-6.3,-5,-4.5,-3957,-0.1,0,0.0,0,0.0,137,5.6
"13089","1","92412","77","0","2024","4","",2,107,104,106,3568378,0,0,2598,"",0.22,0.62,0.61,0.63,0.84,0.00,0.00,1.36,"",0,0.0,-6,-5.3,-7,-6.3,-5,-4.5,-3957,-0.1,0,0.0,0,0.0,137,5.6
"13089","1","924120","78","0","2024","4","",2,107,104,106,3568378,0,0,2598,"",0.22,0.62,0.61,0.63,0.84,0.00,0.00,1.36,"",0,0.0,-6,-5.3,-7,-6.3,-5,-4.5,-3957,-0.1,0,0.0,0,0.0,137,5.6
"13089","1","926","75","0","2024","4","",5,144,154,156,3623783,0,0,1842,"",0.30,0.28,0.29,0.29,0.22,0.00,0.00,0.77,"",-1,-16.7,-13,-8.3,0,0.0,4,2.6,-155893,-4.1,0,0.0,0,0.0,-42,-2.2
"13089","1","9261","76","0","2024","4","",5,144,154,156,3623783,0,0,1842,"",0.30,0.28,0.29,0.29,0.22,0.00,0.00,0.77,"",-1,-16.7,-13,-8.3,0,0.0,4,2.6,-155893,-4.1,0,0.0,0,0.0,-42,-2.2
"13089","1","92611","77","0","2024","4","",3,98,107,109,2141376,0,0,1574,"",0.45,1.00,1.08,1.09,0.71,0.00,0.00,0.67,"",0,0.0,-5,-4.9,5,4.9,9,9.0,239304,12.6,0,0.0,0,0.0,135,9.4
"13089","1","926110","78","0","2024","4","",3,98,107,109,2141376,0,0,1574,"",0.45,1.00,1.08,1.09,0.71,0.00,0.00,0.67,"",0,0.0,-5,-4.9,5,4.9,9,9.0,239304,12.6,0,0.0,0,0.0,135,9.4
"13089","1","92612","77","0","2024","4","",1,22,20,22,805238,0,0,2904,"",0.52,0.10,0.09,0.09,0.12,0.00,0.00,1.30,"",0,0.0,-1,-4.3,-1,-4.8,1,4.8,-121113,-13.1,0,0.0,0,0.0,-385,-11.7
"13089","1","926120","78","0","2024","4","",1,22,20,22,805238,0,0,2904,"",0.52,0.10,0.09,0.09,0.12,0.00,0.00,1.30,"",0,0.0,-1,-4.3,-1,-4.8,1,4.8,-121113,-13.1,0,0.0,0,0.0,-385,-11.7
"13089","1","92614","77","0","2024","4","",1,24,27,25,677169,0,0,2056,"",0.17,0.25,0.27,0.24,0.29,0.00,0.00,1.14,"",0,0.0,-7,-22.6,-4,-12.9,-6,-19.4,-274084,-28.8,0,0.0,0,0.0,-304,-12.9
"13089","1","926140","78","0","2024","4","",1,24,27,25,677169,0,0,2056,"",0.17,0.25,0.27,0.24,0.29,0.00,0.00,1.14,"",0,0.0,-7,-22.6,-4,-12.9,-6,-19.4,-274084,-28.8,0,0.0,0,0.0,-304,-12.9
"13089","1","928","75","0","2024","4","",4,443,444,445,12729202,0,0,2205,"",0.82,0.36,0.37,0.36,0.41,0.00,0.00,1.14,"",0,0.0,38,9.4,46,11.6,44,11.0,619413,5.1,0,0.0,0,0.0,-116,-5.0
"13089","1","9281","76","0","2024","4","",4,443,444,445,12729202,0,0,2205,"",0.82,0.36,0.37,0.36,0.41,0.00,0.00,1.14,"",0,0.0,38,9.4,46,11.6,44,11.0,619413,5.1,0,0.0,0,0.0,-116,-5.0
"13089","1","92811","77","0","2024","4","",1,80,81,81,1902419,0,0,1814,"",0.27,0.07,0.07,0.07,0.07,0.00,0.00,0.96,"",0,0.0,1,1.3,4,5.2,1,1.2,64696,3.5,0,0.0,0,0.0,17,0.9
"13089","1","928110","78","0","2024","4","",1,80,81,81,1902419,0,0,1814,"",0.27,0.07,0.07,0.07,0.07,0.00,0.00,0.96,"",0,0.0,1,1.3,4,5.2,1,1.2,64696,3.5,0,0.0,0,0.0,17,0.9
"13089","1","92812","77","0","2024","4","",3,363,363,364,10826783,0,0,2292,"",2.67,4.05,4.06,4.04,3.69,0.00,0.00,0.91,"",0,0.0,37,11.3,42,13.1,43,13.4,554717,5.4,0,0.0,0,0.0,-157,-6.4
"13089","1","928120","78","0","2024","4","",3,363,363,364,10826783,0,0,2292,"",2.67,4.05,4.06,4.04,3.69,0.00,0.00,0.91,"",0,0.0,37,11.3,42,13.1,43,13.4,554717,5.4,0,0.0,0,0.0,-157,-6.4
"13089","2","10","71","0","2024","4","",108,8571,8618,8528,119049808,10729,83,1068,"",0.76,0.88,0.88,0.87,0.58,0.00,0.02,0.66,"",0,0.0,-754,-8.1,-701,-7.5,-700,-7.6,7161145,6.4,221,2.1,33,66.0,142,15.3
"13089","2","102","72","0","2024","4","",108,8571,8618,8528,119049808,10729,83,1068,"",0.78,0.89,0.89,0.88,0.58,0.00,0.02,0.66,"",0,0.0,-754,-8.1,-701,-7.5,-700,-7.6,7161145,6.4,221,2.1,33,66.0,142,15.3
"13089","2","1021","73","0","2024","4","",1,195,198,202,2822761,0,0,1095,"",0.54,1.68,1.69,1.71,1.13,0.00,0.00,0.67,"",0,0.0,3,1.6,7,3.7,16,8.6,186261,7.1,0,0.0,0,0.0,26,2.4
"13089","2","1022","73","0","2024","4","",23,66,67,73,260306,0,0,292,"",38.86,5.24,5.30,5.75,1.23,0.00,0.00,0.23,"",0,0.0,-6,-8.3,-6,-8.2,-6,-7.6,22341,9.4,0,0.0,0,0.0,47,19.2
"13089","2","1024","73","0","2024","4","",1,1,1,1,15837,0,0,1218,"",0.41,0.01,0.01,0.01,0.01,0.00,0.00,0.72,"N",1,100.0,0,0,0,0,0,0,0,0,0,0,0,0,0,0
"13089","2","1025","73","0","2024","4","",33,3188,3210,3177,35376953,0,0,853,"",1.10,0.57,0.57,0.57,0.30,0.00,0.00,0.53,"",0,0.0,-950,-23.0,-938,-22.6,-893,-21.9,328512,0.9,0,0.0,0,0.0,198,30.2
"13089","2","1027","73","0","2024","4","",1,320,320,321,5008476,0,0,1203,"",2.95,33.04,32.71,32.78,37.26,0.00,0.00,1.13,"",0,0.0,13,4.2,19,6.3,17,5.6,492119,10.9,0,0.0,0,0.0,60,5.2
"13089","2","1028","73","0","2024","4","",49,4801,4822,4754,75565475,10729,83,1213,"",0.49,1.27,1.28,1.26,0.94,0.01,0.03,0.74,"",0,0.0,185,4.0,216,4.7,165,3.6,6116075,8.8,221,2.1,33,66.0,53,4.6
"13089","2","48-49","74","0","2024","4","",1,195,198,202,2822761,0,0,1095,"",1.11,2.13,2.15,2.20,1.35,0.00,0.00,0.62,"",0,0.0,3,1.6,7,3.7,16,8.6,186261,7.1,0,0.0,0,0.0,26,2.4
"13089","2","488","75","0","2024","4","",1,195,198,202,2822761,0,0,1095,"",1.39,6.08,6.16,6.26,4.36,0.00,0.00,0.71,"",0,0.0,3,1.6,7,3.7,16,8.6,186261,7.1,0,0.0,0,0.0,26,2.4
"13089","2","4881","76","0","2024","4","",1,195,198,202,2822761,0,0,1095,"",3.06,21.99,22.36,22.51,19.41,0.00,0.00,0.87,"",0,0.0,3,1.6,7,3.7,16,8.6,186261,7.1,0,0.0,0,0.0,26,2.4
"13089","2","48811","77","0","2024","4","",1,195,198,202,2822761,0,0,1095,"N",3.08,0,0,0,0,0,0,0,"",0,0.0,3,1.6,7,3.7,16,8.6,186261,7.1,0,0.0,0,0.0,26,2.4
"13089","2","488111","78","0","2024","4","",1,195,198,202,2822761,0,0,1095,"",3.23,24.13,24.53,24.68,22.46,0.00,0.00,0.92,"",0,0.0,3,1.6,7,3.7,16,8.6,186261,7.1,0,0.0,0,0.0,26,2.4
"13089","2","51","74","0","2024","4","",23,66,67,73,260306,0,0,292,"",38.86,5.24,5.30,5.75,1.23,0.00,0.00,0.23,"",0,0.0,-6,-8.3,-6,-8.2,-6,-7.6,22341,9.4,0,0.0,0,0.0,47,19.2
"13089","2","519","75","0","2024","4","",23,66,67,73,260306,0,0,292,"",52.85,7.45,7.52,8.20,2.04,0.00,0.00,0.26,"",0,0.0,-6,-8.3,-6,-8.2,-6,-7.6,22341,9.4,0,0.0,0,0.0,47,19.2
"13089","2","5192","76","0","2024","4","",23,66,67,73,260306,0,0,292,"",52.85,7.45,7.52,8.20,2.04,0.00,0.00,0.26,"",0,0.0,-6,-8.3,-6,-8.2,-6,-7.6,22341,9.4,0,0.0,0,0.0,47,19.2
"13089","2","51921","77","0","2024","4","",23,66,67,73,260306,0,0,292,"",52.85,7.45,7.52,8.20,2.04,0.00,0.00,0.26,"",0,0.0,-6,-8.3,-6,-8.2,-6,-7.6,22341,9.4,0,0.0,0,0.0,47,19.2
"13089","2","519210","78","0","2024","4","",23,66,67,73,260306,0,0,292,"",52.85,7.45,7.52,8.20,2.04,0.00,0.00,0.26,"",0,0.0,-6,-8.3,-6,-8.2,-6,-7.6,22341,9.4,0,0.0,0,0.0,47,19.2
"13089","2","56","74","0","2024","4","",1,1,1,1,15837,0,0,1218,"",0.91,0.05,0.05,0.05,0.04,0.00,0.00,0.89,"N",1,100.0,0,0,0,0,0,0,0,0,0,0,0,0,0,0
"13089","2","561","75","0","2024","4","",1,1,1,1,15837,0,0,1218,"",0.92,0.05,0.05,0.05,0.04,0.00,0.00,0.89,"N",1,100.0,0,0,0,0,0,0,0,0,0,0,0,0,0,0
"13089","2","5616","76","0","2024","4","",1,1,1,1,15837,0,0,1218,"",36.93,4.51,4.18,4.54,4.06,0.00,0.00,0.92,"N",1,100.0,0,0,0,0,0,0,0,0,0,0,0,0,0,0
"13089","2","56161","77","0","2024","4","",1,1,1,1,15837,0,0,1218,"",36.93,4.51,4.18,4.54,4.06,0.00,0.00,0.92,"N",1,100.0,0,0,0,0,0,0,0,0,0,0,0,0,0,0
"13089","2","561611","78","0","2024","4","",1,1,1,1,15837,0,0,1218,"N",47.00,0,0,0,0,0,0,0,"N",1,100.0,0,0,0,0,0,0,0,0,0,0,0,0,0,0
"13089","2","61","74","0","2024","4","",4,2379,2389,2358,23585407,0,0,764,"",0.24,0.57,0.57,0.56,0.27,0.00,0.00,0.48,"",0,0.0,-994,-29.5,-987,-29.2,-941,-28.5,-594656,-2.5,0,0.0,0,0.0,209,37.7
"13089","2","611","75","0","2024","4","",4,2379,2389,2358,23585407,0,0,764,"",0.24,0.57,0.57,0.56,0.27,0.00,0.00,0.48,"",0,0.0,-994,-29.5,-987,-29.2,-941,-28.5,-594656,-2.5,0,0.0,0,0.0,209,37.7
"13089","2","6111","76","0","2024","4","",1,0,0,0,5867,0,0,0,"",0.55,0.00,0.00,0.00,0.00,0.00,0.00,0.00,"",0,0.0,0,0.0,0,0.0,0,0.0,415,7.6,0,0.0,0,0.0,0,0.0
"13089","2","61111","77","0","2024","4","",1,0,0,0,5867,0,0,0,"",0.55,0.00,0.00,0.00,0.00,0.00,0.00,0.00,"",0,0.0,0,0.0,0,0.0,0,0.0,415,7.6,0,0.0,0,0.0,0,0.0
"13089","2","611110","78","0","2024","4","",1,0,0,0,5867,0,0,0,"",0.55,0.00,0.00,0.00,0.00,0.00,0.00,0.00,"",0,0.0,0,0.0,0,0.0,0,0.0,415,7.6,0,0.0,0,0.0,0,0.0
"13089","2","6112","76","0","2024","4","",2,294,299,307,3100840,0,0,795,"",1.18,0.68,0.68,0.71,0.54,0.00,0.00,0.79,"",0,0.0,-7,-2.3,1,0.3,9,3.0,219704,7.6,0,0.0,0,0.0,54,7.3
"13089","2","61121","77","0","2024","4","",2,294,299,307,3100840,0,0,795,"",1.18,0.68,0.68,0.71,0.54,0.00,0.00,0.79,"",0,0.0,-7,-2.3,1,0.3,9,3.0,219704,7.6,0,0.0,0,0.0,54,7.3
"13089","2","611210","78","0","2024","4","",2,294,299,307,3100840,0,0,795,"",1.18,0.68,0.68,0.71,0.54,0.00,0.00,0.79,"",0,0.0,-7,-2.3,1,0.3,9,3.0,219704,7.6,0,0.0,0,0.0,54,7.3
"13089","2","6113","76","0","2024","4","",1,2085,2090,2051,20478700,0,0,759,"",0.08,0.58,0.58,0.57,0.26,0.00,0.00,0.46,"",0,0.0,-987,-32.1,-988,-32.1,-950,-31.7,-814775,-3.8,0,0.0,0,0.0,222,41.3
"13089","2","61131","77","0","2024","4","",1,2085,2090,2051,20478700,0,0,759,"",0.08,0.58,0.58,0.57,0.26,0.00,0.00,0.46,"",0,0.0,-987,-32.1,-988,-32.1,-950,-31.7,-814775,-3.8,0,0.0,0,0.0,222,41.3
"13089","2","611310","78","0","2024","4","",1,2085,2090,2051,20478700,0,0,759,"",0.08,0.58,0.58,0.57,0.26,0.00,0.00,0.46,"",0,0.0,-987,-32.1,-988,-32.1,-950,-31.7,-814775,-3.8,0,0.0,0,0.0,222,41.3
"13089","2","62","74","0","2024","4","",29,809,821,819,11791546,0,0,1111,"",2.15,0.58,0.58,0.58,0.37,0.00,0.00,0.64,"",0,0.0,44,5.8,49,6.3,48,6.2,923168,8.5,0,0.0,0,0.0,24,2.2
"13089","2","621","75","0","2024","4","",21,460,469,471,6877589,0,0,1134,"",8.95,5.49,5.58,5.61,4.29,0.00,0.00,0.77,"",0,0.0,-6,-1.3,2,0.4,8,1.7,61158,0.9,0,0.0,0,0.0,7,0.6
"13089","2","6214","76","0","2024","4","",21,460,469,471,6877589,0,0,1134,"",12.19,9.95,10.12,10.17,8.41,0.00,0.00,0.83,"",0,0.0,-6,-1.3,2,0.4,8,1.7,61158,0.9,0,0.0,0,0.0,7,0.6
"13089","2","62142","77","0","2024","4","",21,460,469,471,6877589,0,0,1134,"",20.76,17.48,17.79,17.87,15.20,0.00,0.00,0.86,"",0,0.0,-6,-1.3,2,0.4,8,1.7,61158,0.9,0,0.0,0,0.0,7,0.6
"13089","2","621420","78","0","2024","4","",21,460,469,471,6877589,0,0,1134,"",20.76,17.48,17.79,17.87,15.20,0.00,0.00,0.86,"",0,0.0,-6,-1.3,2,0.4,8,1.7,61158,0.9,0,0.0,0,0.0,7,0.6
"13089","2","622","75","0","2024","4","",1,60,59,62,665519,0,0,849,"",0.37,0.07,0.07,0.07,0.03,0.00,0.00,0.45,"",0,0.0,6,11.1,4,7.3,3,5.1,85812,14.8,0,0.0,0,0.0,53,6.7
"13089","2","6223","76","0","2024","4","",1,60,59,62,665519,0,0,849,"",17.23,0.77,0.75,0.79,0.25,0.00,0.00,0.33,"",0,0.0,6,11.1,4,7.3,3,5.1,85812,14.8,0,0.0,0,0.0,53,6.7
"13089","2","62231","77","0","2024","4","",1,60,59,62,665519,0,0,849,"",17.23,0.77,0.75,0.79,0.25,0.00,0.00,0.33,"",0,0.0,6,11.1,4,7.3,3,5.1,85812,14.8,0,0.0,0,0.0,53,6.7
"13089","2","622310","78","0","2024","4","",1,60,59,62,665519,0,0,849,"",17.23,0.77,0.75,0.79,0.25,0.00,0.00,0.33,"",0,0.0,6,11.1,4,7.3,3,5.1,85812,14.8,0,0.0,0,0.0,53,6.7
"13089","2","623","75","0","2024","4","",7,289,293,286,4248438,0,0,1130,"",1.97,1.33,1.34,1.31,1.00,0.00,0.00,0.75,"",0,0.0,44,18.0,43,17.2,37,14.9,776198,22.4,0,0.0,0,0.0,53,4.9
"13089","2","6239","76","0","2024","4","",7,289,293,286,4248438,0,0,1130,"",12.44,16.82,17.05,16.55,10.66,0.00,0.00,0.63,"",0,0.0,44,18.0,43,17.2,37,14.9,776198,22.4,0,0.0,0,0.0,53,4.9
"13089","2","62399","77","0","2024","4","",7,289,293,286,4248438,0,0,1130,"",12.44,16.82,17.05,16.55,10.66,0.00,0.00,0.63,"",0,0.0,44,18.0,43,17.2,37,14.9,776198,22.4,0,0.0,0,0.0,53,4.9
"13089","2","623990","78","0","2024","4","",7,289,293,286,4248438,0,0,1130,"",12.44,16.82,17.05,16.55,10.66,0.00,0.00,0.63,"",0,0.0,44,18.0,43,17.2,37,14.9,776198,22.4,0,0.0,0,0.0,53,4.9
"13089","2","81","74","0","2024","4","",1,320,320,321,5008476,0,0,1203,"",2.95,33.04,32.71,32.78,37.26,0.00,0.00,1.13,"",0,0.0,13,4.2,19,6.3,17,5.6,492119,10.9,0,0.0,0,0.0,60,5.2
"13089","2","813","75","0","2024","4","",1,320,320,321,5008476,0,0,1203,"",3.72,38.43,38.25,38.16,46.22,0.00,0.00,1.21,"",0,0.0,13,4.2,19,6.3,17,5.6,492119,10.9,0,0.0,0,0.0,60,5.2
"13089","2","8133","76","0","2024","4","",1,320,320,321,5008476,0,0,1203,"N",5.39,0,0,0,0,0,0,0,"",0,0.0,13,4.2,19,6.3,17,5.6,492119,10.9,0,0.0,0,0.0,60,5.2
"13089","2","81331","77","0","2024","4","",1,320,320,321,5008476,0,0,1203,"N",5.39,0,0,0,0,0,0,0,"",0,0.0,13,4.2,19,6.3,17,5.6,492119,10.9,0,0.0,0,0.0,60,5.2
"13089","2","813319","78","0","2024","4","",1,320,320,321,5008476,0,0,1203,"",5.81,129.51,128.18,128.04,143.09,0.00,0.00,1.11,"",0,0.0,13,4.2,19,6.3,17,5.6,492119,10.9,0,0.0,0,0.0,60,5.2
"13089","2","92","74","0","2024","4","",49,4801,4822,4754,75565475,10729,83,1213,"",0.49,1.27,1.28,1.26,0.94,0.01,0.03,0.74,"",0,0.0,185,4.0,216,4.7,165,3.6,6116075,8.8,221,2.1,33,66.0,53,4.6
"13089","2","921","75","0","2024","4","",8,734,727,723,11260085,10729,83,1190,"",0.62,1.51,1.50,1.48,0.99,0.06,0.29,0.66,"",0,0.0,32,4.6,9,1.3,11,1.5,722310,6.9,221,2.1,33,66.0,49,4.3
"13089","2","9211","76","0","2024","4","",8,734,727,723,11260085,10729,83,1190,"",0.62,1.51,1.50,1.48,0.99,0.06,0.29,0.66,"",0,0.0,32,4.6,9,1.3,11,1.5,722310,6.9,221,2.1,33,66.0,49,4.3
"13089","2","92112","77","0","2024","4","",1,20,19,19,406672,10729,83,1618,"",1.04,0.37,0.35,0.34,0.36,0.54,3.02,1.02,"",0,0.0,4,25.0,3,18.8,2,11.8,71752,21.4,221,2.1,33,66.0,41,2.6
"13089","2","921120","78","0","2024","4","",1,20,19,19,406672,10729,83,1618,"",1.04,0.37,0.35,0.34,0.36,0.54,3.02,1.02,"",0,0.0,4,25.0,3,18.8,2,11.8,71752,21.4,221,2.1,33,66.0,41,2.6
"13089","2","92113","77","0","2024","4","",2,517,515,512,8179339,0,0,1222,"",0.41,2.50,2.49,2.47,1.69,0.00,0.00,0.68,"",0,0.0,21,4.2,4,0.8,6,1.2,475994,6.2,0,0.0,0,0.0,47,4.0
"13089","2","921130","78","0","2024","4","",2,517,515,512,8179339,0,0,1222,"",0.41,2.50,2.49,2.47,1.69,0.00,0.00,0.68,"",0,0.0,21,4.2,4,0.8,6,1.2,475994,6.2,0,0.0,0,0.0,47,4.0
"13089","2","92119","77","0","2024","4","",5,197,193,192,2674074,0,0,1060,"",0.87,1.03,1.01,1.00,0.58,0.00,0.00,0.57,"",0,0.0,7,3.7,2,1.0,3,1.6,174564,7.0,0,0.0,0,0.0,48,4.7
"13089","2","921190","78","0","2024","4","",5,197,193,192,2674074,0,0,1060,"",0.87,1.03,1.01,1.00,0.58,0.00,0.00,0.57,"",0,0.0,7,3.7,2,1.0,3,1.6,174564,7.0,0,0.0,0,0.0,48,4.7
"13089","2","922","75","0","2024","4","",14,1068,1041,1024,18186612,0,0,1340,"",0.49,0.77,0.75,0.74,0.59,0.00,0.00,0.79,"",0,0.0,65,6.5,62,6.3,32,3.2,1974702,12.2,0,0.0,0,0.0,82,6.5
"13089","2","9221","76","0","2024","4","",14,1068,1041,1024,18186612,0,0,1340,"",0.49,0.77,0.75,0.74,0.59,0.00,0.00,0.79,"",0,0.0,65,6.5,62,6.3,32,3.2,1974702,12.2,0,0.0,0,0.0,82,6.5
"13089","2","92211","77","0","2024","4","",1,14,12,14,389228,0,0,2246,"",0.13,0.07,0.06,0.07,0.08,0.00,0.00,1.30,"",0,0.0,1,7.7,-2,-14.3,0,0.0,4589,1.2,0,0.0,0,0.0,81,3.7
"13089","2","922110","78","0","2024","4","",1,14,12,14,389228,0,0,2246,"",0.13,0.07,0.06,0.07,0.08,0.00,0.00,1.30,"",0,0.0,1,7.7,-2,-14.3,0,0.0,4589,1.2,0,0.0,0,0.0,81,3.7
"13089","2","92212","77","0","2024","4","",7,609,586,563,10757214,0,0,1412,"",1.39,2.87,2.75,2.63,1.85,0.00,0.00,0.67,"",0,0.0,31,5.4,41,7.5,14,2.6,1067053,11.0,0,0.0,0,0.0,75,5.6
"13089","2","922120","78","0","2024","4","",7,609,586,563,10757214,0,0,1412,"",1.39,2.87,2.75,2.63,1.85,0.00,0.00,0.67,"",0,0.0,31,5.4,41,7.5,14,2.6,1067053,11.0,0,0.0,0,0.0,75,5.6
"13089","2","92213","77","0","2024","4","",2,30,29,29,687149,0,0,1802,"",0.49,0.24,0.23,0.23,0.23,0.00,0.00,1.01,"",0,0.0,1,3.4,2,7.4,2,7.4,48255,7.6,0,0.0,0,0.0,26,1.5
"13089","2","922130","78","0","2024","4","",2,30,29,29,687149,0,0,1802,"",0.49,0.24,0.23,0.23,0.23,0.00,0.00,1.01,"",0,0.0,1,3.4,2,7.4,2,7.4,48255,7.6,0,0.0,0,0.0,26,1.5
"13089","2","92214","77","0","2024","4","",3,366,362,367,5627449,0,0,1186,"",0.36,0.50,0.49,0.50,0.38,0.00,0.00,0.76,"",0,0.0,40,12.3,26,7.7,21,6.1,849273,17.8,0,0.0,0,0.0,92,8.4
"13089","2","922140","78","0","2024","4","",3,366,362,367,5627449,0,0,1186,"",0.36,0.50,0.49,0.50,0.38,0.00,0.00,0.76,"",0,0.0,40,12.3,26,7.7,21,6.1,849273,17.8,0,0.0,0,0.0,92,8.4
"13089","2","92215","77","0","2024","4","",1,49,52,51,725572,0,0,1102,"",0.55,1.18,1.26,1.23,0.92,0.00,0.00,0.75,"",0,0.0,-8,-14.0,-5,-8.8,-5,-8.9,5532,0.8,0,0.0,0,0.0,125,12.8
"13089","2","922150","78","0","2024","4","",1,49,52,51,725572,0,0,1102,"",0.55,1.18,1.26,1.23,0.92,0.00,0.00,0.75,"",0,0.0,-8,-14.0,-5,-8.8,-5,-8.9,5532,0.8,0,0.0,0,0.0,125,12.8
"13089","2","923","75","0","2024","4","",11,2250,2287,2269,34400958,0,0,1166,"",0.52,2.56,2.60,2.56,1.94,0.00,0.00,0.76,"",0,0.0,21,0.9,68,3.1,75,3.4,2049200,6.3,0,0.0,0,0.0,42,3.7
"13089","2","9231","76","0","2024","4","",11,2250,2287,2269,34400958,0,0,1166,"",0.52,2.56,2.60,2.56,1.94,0.00,0.00,0.76,"",0,0.0,21,0.9,68,3.1,75,3.4,2049200,6.3,0,0.0,0,0.0,42,3.7
"13089","2","92311","77","0","2024","4","",4,674,674,667,11560480,0,0,1324,"",1.64,7.18,7.17,7.07,5.27,0.00,0.00,0.74,"",0,0.0,24,3.7,24,3.7,19,2.9,625355,5.7,0,0.0,0,0.0,29,2.2
"13089","2","923110","78","0","2024","4","",4,674,674,667,11560480,0,0,1324,"",1.64,7.18,7.17,7.07,5.27,0.00,0.00,0.74,"",0,0.0,24,3.7,24,3.7,19,2.9,625355,5.7,0,0.0,0,0.0,29,2.2
"13089","2","92312","77","0","2024","4","",5,1562,1599,1588,22697889,0,0,1103,"",0.71,5.37,5.47,5.42,3.72,0.00,0.00,0.69,"",0,0.0,2,0.1,48,3.1,59,3.9,1455934,6.9,0,0.0,0,0.0,47,4.5
"13089","2","923120","78","0","2024","4","",5,1562,1599,1588,22697889,0,0,1103,"",0.71,5.37,5.47,5.42,3.72,0.00,0.00,0.69,"",0,0.0,2,0.1,48,3.1,59,3.9,1455934,6.9,0,0.0,0,0.0,47,4.5
"13089","2","92314","77","0","2024","4","",2,14,14,14,142589,0,0,783,"",1.75,0.92,0.91,0.91,0.54,0.00,0.00,0.59,"",0,0.0,-5,-26.3,-4,-22.2,-3,-17.6,-32089,-18.4,0,0.0,0,0.0,37,5.0
"13089","2","923140","78","0","2024","4","",2,14,14,14,142589,0,0,783,"",1.75,0.92,0.91,0.91,0.54,0.00,0.00,0.59,"",0,0.0,-5,-26.3,-4,-22.2,-3,-17.6,-32089,-18.4,0,0.0,0,0.0,37,5.0
"13089","2","924","75","0","2024","4","",3,101,124,97,1424259,0,0,1021,"",0.22,0.31,0.40,0.31,0.22,0.00,0.00,0.66,"",0,0.0,5,5.2,18,17.0,-5,-4.9,142058,11.1,0,0.0,0,0.0,48,4.9
"13089","2","9241","76","0","2024","4","",3,101,124,97,1424259,0,0,1021,"",0.22,0.31,0.40,0.31,0.22,0.00,0.00,0.66,"",0,0.0,5,5.2,18,17.0,-5,-4.9,142058,11.1,0,0.0,0,0.0,48,4.9
"13089","2","92412","77","0","2024","4","",3,101,124,97,1424259,0,0,1021,"",0.27,0.44,0.56,0.44,0.35,0.00,0.00,0.72,"",0,0.0,5,5.2,18,17.0,-5,-4.9,142058,11.1,0,0.0,0,0.0,48,4.9
"13089","2","924120","78","0","2024","4","",3,101,124,97,1424259,0,0,1021,"",0.27,0.44,0.56,0.44,0.35,0.00,0.00,0.72,"",0,0.0,5,5.2,18,17.0,-5,-4.9,142058,11.1,0,0.0,0,0.0,48,4.9
"13089","2","925","75","0","2024","4","",1,535,530,529,8474355,0,0,1227,"N",1.05,0,0,0,0,0,0,0,"",0,0.0,59,12.4,53,11.1,48,10.0,1054062,14.2,0,0.0,0,0.0,33,2.8
"13089","2","9251","76","0","2024","4","",1,535,530,529,8474355,0,0,1227,"N",1.05,0,0,0,0,0,0,0,"",0,0.0,59,12.4,53,11.1,48,10.0,1054062,14.2,0,0.0,0,0.0,33,2.8
"13089","2","92512","77","0","2024","4","",1,535,530,529,8474355,0,0,1227,"",2.40,36.79,36.44,36.30,25.42,0.00,0.00,0.70,"",0,0.0,59,12.4,53,11.1,48,10.0,1054062,14.2,0,0.0,0,0.0,33,2.8
"13089","2","925120","78","0","2024","4","",1,535,530,529,8474355,0,0,1227,"",2.40,36.79,36.44,36.30,25.42,0.00,0.00,0.70,"",0,0.0,59,12.4,53,11.1,48,10.0,1054062,14.2,0,0.0,0,0.0,33,2.8
"13089","2","926","75","0","2024","4","",12,113,113,112,1819206,0,0,1242,"",0.56,0.18,0.18,0.18,0.14,0.00,0.00,0.76,"",0,0.0,3,2.7,6,5.6,4,3.7,173743,10.6,0,0.0,0,0.0,74,6.3
"13089","2","9261","76","0","2024","4","",12,113,113,112,1819206,0,0,1242,"",0.56,0.18,0.18,0.18,0.14,0.00,0.00,0.76,"",0,0.0,3,2.7,6,5.6,4,3.7,173743,10.6,0,0.0,0,0.0,74,6.3
"13089","2","92612","77","0","2024","4","",1,28,28,27,273466,0,0,760,"",0.13,0.08,0.08,0.07,0.03,0.00,0.00,0.45,"",0,0.0,-3,-9.7,0,0.0,-1,-3.6,30037,12.3,0,0.0,0,0.0,114,17.6
"13089","2","926120","78","0","2024","4","",1,28,28,27,273466,0,0,760,"",0.13,0.08,0.08,0.07,0.03,0.00,0.00,0.45,"",0,0.0,-3,-9.7,0,0.0,-1,-3.6,30037,12.3,0,0.0,0,0.0,114,17.6
"13089","2","92614","77","0","2024","4","",1,6,6,6,66353,0,0,851,"",0.17,0.09,0.08,0.09,0.06,0.00,0.00,0.68,"",0,0.0,-1,-14.3,-1,-14.3,0,0.0,5057,8.3,0,0.0,0,0.0,144,20.4
"13089","2","926140","78","0","2024","4","",1,6,6,6,66353,0,0,851,"",0.17,0.09,0.08,0.09,0.06,0.00,0.00,0.68,"",0,0.0,-1,-14.3,-1,-14.3,0,0.0,5057,8.3,0,0.0,0,0.0,144,20.4
"13089","2","92615","77","0","2024","4","",10,79,79,79,1479387,0,0,1440,"",1.92,0.72,0.71,0.71,0.64,0.00,0.00,0.90,"",0,0.0,7,9.7,7,9.7,5,6.8,138649,10.3,0,0.0,0,0.0,21,1.5
"13089","2","926150","78","0","2024","4","",10,79,79,79,1479387,0,0,1440,"",1.92,0.72,0.71,0.71,0.64,0.00,0.00,0.90,"",0,0.0,7,9.7,7,9.7,5,6.8,138649,10.3,0,0.0,0,0.0,21,1.5
"13089","3","10","71","0","2024","4","",229,23979,24101,24083,420790536,234896,4065,1346,"",0.69,0.80,0.80,0.80,0.82,0.04,0.23,1.03,"",11,5.0,1302,5.7,1245,5.4,1158,5.1,47951474,12.9,137722,141.7,2106,107.5,89,7.1
"13089","3","102","72","0","2024","4","",229,23979,24101,24083,420790536,234896,4065,1346,"",0.70,0.81,0.81,0.81,0.83,0.04,0.23,1.03,"",11,5.0,1302,5.7,1245,5.4,1158,5.1,47951474,12.9,137722,141.7,2106,107.5,89,7.1
"13089","3","1021","73","0","2024","4","",2,848,848,855,9987790,0,0,904,"",0.09,0.73,0.73,0.73,0.38,0.00,0.00,0.52,"",0,0.0,-18,-2.1,-26,-3.0,-30,-3.4,1635253,19.6,0,0.0,0,0.0,170,23.2
"13089","3","1022","73","0","2024","4","",1,234,235,236,4976632,0,0,1629,"",0.10,0.93,0.93,0.93,1.75,0.00,0.00,1.88,"",0,0.0,4,1.7,5,2.2,6,2.6,658951,15.3,0,0.0,0,0.0,185,12.8
"13089","3","1024","73","0","2024","4","",5,237,237,236,4488039,0,0,1459,"",0.54,1.18,1.18,1.18,1.29,0.00,0.00,1.10,"",3,150.0,33,16.2,32,15.6,31,15.1,2992715,200.1,0,0.0,0,0.0,897,159.6
"13089","3","1025","73","0","2024","4","",201,14714,14857,14813,240181273,0,0,1249,"",1.41,0.79,0.79,0.80,0.82,0.00,0.00,1.03,"",8,4.1,901,6.5,940,6.8,864,6.2,32685028,15.8,0,0.0,0,0.0,100,8.7
"13089","3","1026","73","0","2024","4","",1,39,39,39,850506,0,0,1678,"",0.11,0.05,0.05,0.05,0.09,0.00,0.00,1.88,"",0,0.0,3,8.3,3,8.3,3,8.3,419450,97.3,0,0.0,0,0.0,757,82.2
"13089","3","1027","73","0","2024","4","",2,107,107,103,1732969,0,0,1262,"",0.50,1.58,1.58,1.52,1.63,0.00,0.00,1.04,"",0,0.0,-121,-53.1,-121,-53.1,-125,-54.8,-1161215,-40.1,0,0.0,0,0.0,286,29.3
"13089","3","1028","73","0","2024","4","",17,7800,7778,7801,158573327,234896,4065,1565,"",0.14,0.91,0.90,0.91,0.94,0.10,0.51,1.04,"",0,0.0,500,6.8,412,5.6,409,5.5,10721292,7.3,137722,141.7,2106,107.5,18,1.2
"13089","3","48-49","74","0","2024","4","",2,848,848,855,9987790,0,0,904,"",0.35,1.37,1.36,1.37,0.76,0.00,0.00,0.56,"",0,0.0,-18,-2.1,-26,-3.0,-30,-3.4,1635253,19.6,0,0.0,0,0.0,170,23.2
"13089","3","485","75","0","2024","4","",2,848,848,855,9987790,0,0,904,"",0.58,1.70,1.69,1.69,0.97,0.00,0.00,0.58,"",0,0.0,-18,-2.1,-26,-3.0,-30,-3.4,1635253,19.6,0,0.0,0,0.0,170,23.2
"13089","3","4854","76","0","2024","4","",2,848,848,855,9987790,0,0,904,"",0.93,6.84,6.81,6.89,7.20,0.00,0.00,1.05,"",0,0.0,-18,-2.1,-26,-3.0,-30,-3.4,1635253,19.6,0,0.0,0,0.0,170,23.2
"13089","3","48541","77","0","2024","4","",2,848,848,855,9987790,0,0,904,"",0.93,6.84,6.81,6.89,7.20,0.00,0.00,1.05,"",0,0.0,-18,-2.1,-26,-3.0,-30,-3.4,1635253,19.6,0,0.0,0,0.0,170,23.2
"13089","3","485410","78","0","2024","4","",2,848,848,855,9987790,0,0,904,"",0.93,6.84,6.81,6.89,7.20,0.00,0.00,1.05,"",0,0.0,-18,-2.1,-26,-3.0,-30,-3.4,1635253,19.6,0,0.0,0,0.0,170,23.2
"13089","3","51","74","0","2024","4","",1,234,235,236,4976632,0,0,1629,"",0.10,0.93,0.93,0.93,1.75,0.00,0.00,1.88,"",0,0.0,4,1.7,5,2.2,6,2.6,658951,15.3,0,0.0,0,0.0,185,12.8
"13089","3","519","75","0","2024","4","",1,234,235,236,4976632,0,0,1629,"",0.10,0.96,0.96,0.96,1.84,0.00,0.00,1.92,"",0,0.0,4,1.7,5,2.2,6,2.6,658951,15.3,0,0.0,0,0.0,185,12.8
"13089","3","5192","76","0","2024","4","",1,234,235,236,4976632,0,0,1629,"",0.10,0.96,0.96,0.96,1.84,0.00,0.00,1.92,"",0,0.0,4,1.7,5,2.2,6,2.6,658951,15.3,0,0.0,0,0.0,185,12.8
"13089","3","51921","77","0","2024","4","",1,234,235,236,4976632,0,0,1629,"N",0.10,0,0,0,0,0,0,0,"",0,0.0,4,1.7,5,2.2,6,2.6,658951,15.3,0,0.0,0,0.0,185,12.8
"13089","3","519210","78","0","2024","4","",1,234,235,236,4976632,0,0,1629,"N",0.10,0,0,0,0,0,0,0,"",0,0.0,4,1.7,5,2.2,6,2.6,658951,15.3,0,0.0,0,0.0,185,12.8
"13089","3","54","74","0","2024","4","",5,237,237,236,4488039,0,0,1459,"",2.00,5.47,5.45,5.41,4.52,0.00,0.00,0.83,"",3,150.0,33,16.2,32,15.6,31,15.1,2992715,200.1,0,0.0,0,0.0,897,159.6
"13089","3","541","75","0","2024","4","",5,237,237,236,4488039,0,0,1459,"",2.00,5.47,5.45,5.41,4.52,0.00,0.00,0.83,"",3,150.0,33,16.2,32,15.6,31,15.1,2992715,200.1,0,0.0,0,0.0,897,159.6
"13089","3","5412","76","0","2024","4","",3,44,44,44,807401,0,0,1412,"",16.33,7.40,7.35,7.33,6.02,0.00,0.00,0.82,"",2,200.0,10,29.4,10,29.4,10,29.4,715814,781.6,0,0.0,0,0.0,1205,582.1
"13089","3","54121","77","0","2024","4","",3,44,44,44,807401,0,0,1412,"",16.33,7.40,7.35,7.33,6.02,0.00,0.00,0.82,"",2,200.0,10,29.4,10,29.4,10,29.4,715814,781.6,0,0.0,0,0.0,1205,582.1
"13089","3","541219","78","0","2024","4","",3,44,44,44,807401,0,0,1412,"",21.54,8.60,8.55,8.57,6.82,0.00,0.00,0.80,"",2,200.0,10,29.4,10,29.4,10,29.4,715814,781.6,0,0.0,0,0.0,1205,582.1
"13089","3","5415","76","0","2024","4","",2,193,193,192,3680638,0,0,1470,"",3.24,18.73,18.59,18.50,15.96,0.00,0.00,0.86,"",1,100.0,23,13.5,22,12.9,21,12.3,2276901,162.2,0,0.0,0,0.0,837,132.2
"13089","3","54151","77","0","2024","4","",2,193,193,192,3680638,0,0,1470,"",3.24,18.73,18.59,18.50,15.96,0.00,0.00,0.86,"",1,100.0,23,13.5,22,12.9,21,12.3,2276901,162.2,0,0.0,0,0.0,837,132.2
"13089","3","541513","78","0","2024","4","",2,193,193,192,3680638,0,0,1470,"",10.66,46.45,46.59,45.92,46.95,0.00,0.00,1.01,"",1,100.0,23,13.5,22,12.9,21,12.3,2276901,162.2,0,0.0,0,0.0,837,132.2
"13089","3","61","74","0","2024","4","",198,14687,14829,14784,239650236,0,0,1248,"",1.54,0.88,0.88,0.89,0.94,0.00,0.00,1.06,"",6,3.1,892,6.5,930,6.7,855,6.1,32298401,15.6,0,0.0,0,0.0,98,8.5
"13089","3","611","75","0","2024","4","",198,14687,14829,14784,239650236,0,0,1248,"",1.54,0.88,0.88,0.89,0.94,0.00,0.00,1.06,"",6,3.1,892,6.5,930,6.7,855,6.1,32298401,15.6,0,0.0,0,0.0,98,8.5
"13089","3","6111","76","0","2024","4","",198,14687,14829,14784,239650236,0,0,1248,"",1.61,0.95,0.95,0.95,1.00,0.00,0.00,1.06,"",6,3.1,892,6.5,930,6.7,855,6.1,32298401,15.6,0,0.0,0,0.0,98,8.5
"13089","3","61111","77","0","2024","4","",198,14687,14829,14784,239650236,0,0,1248,"",1.61,0.95,0.95,0.95,1.00,0.00,0.00,1.06,"",6,3.1,892,6.5,930,6.7,855,6.1,32298401,15.6,0,0.0,0,0.0,98,8.5
"13089","3","611110","78","0","2024","4","",198,14687,14829,14784,239650236,0,0,1248,"",1.61,0.95,0.95,0.95,1.00,0.00,0.00,1.06,"",6,3.1,892,6.5,930,6.7,855,6.1,32298401,15.6,0,0.0,0,0.0,98,8.5
"13089","3","62","74","0","2024","4","",3,27,28,29,531037,0,0,1459,"",0.21,0.01,0.01,0.02,0.01,0.00,0.00,0.96,"",2,200.0,9,50.0,10,55.6,9,45.0,386627,267.7,0,0.0,0,0.0,864,145.2
"13089","3","624","75","0","2024","4","",3,27,28,29,531037,0,0,1459,"",0.54,0.11,0.12,0.12,0.14,0.00,0.00,1.23,"",2,200.0,9,50.0,10,55.6,9,45.0,386627,267.7,0,0.0,0,0.0,864,145.2
"13089","3","6241","76","0","2024","4","",3,27,28,29,531037,0,0,1459,"",0.85,0.14,0.14,0.15,0.17,0.00,0.00,1.18,"",2,200.0,9,50.0,10,55.6,9,45.0,386627,267.7,0,0.0,0,0.0,864,145.2
"13089","3","62419","77","0","2024","4","",3,27,28,29,531037,0,0,1459,"",1.95,0.24,0.25,0.25,0.27,0.00,0.00,1.12,"",2,200.0,9,50.0,10,55.6,9,45.0,386627,267.7,0,0.0,0,0.0,864,145.2
"13089","3","624190","78","0","2024","4","",3,27,28,29,531037,0,0,1459,"",1.95,0.24,0.25,0.25,0.27,0.00,0.00,1.12,"",2,200.0,9,50.0,10,55.6,9,45.0,386627,267.7,0,0.0,0,0.0,864,145.2
"13089","3","71","74","0","2024","4","",1,39,39,39,850506,0,0,1678,"",0.13,0.07,0.07,0.07,0.13,0.00,0.00,1.99,"",0,0.0,3,8.3,3,8.3,3,8.3,419450,97.3,0,0.0,0,0.0,757,82.2
"13089","3","712","75","0","2024","4","",1,39,39,39,850506,0,0,1678,"",0.70,0.48,0.49,0.49,1.05,0.00,0.00,2.16,"",0,0.0,3,8.3,3,8.3,3,8.3,419450,97.3,0,0.0,0,0.0,757,82.2
"13089","3","7121","76","0","2024","4","",1,39,39,39,850506,0,0,1678,"",0.70,0.48,0.49,0.49,1.05,0.00,0.00,2.16,"",0,0.0,3,8.3,3,8.3,3,8.3,419450,97.3,0,0.0,0,0.0,757,82.2
"13089","3","71211","77","0","2024","4","",1,39,39,39,850506,0,0,1678,"",3.08,6.71,6.79,6.87,11.73,0.00,0.00,1.73,"",0,0.0,3,8.3,3,8.3,3,8.3,419450,97.3,0,0.0,0,0.0,757,82.2
"13089","3","712110","78","0","2024","4","",1,39,39,39,850506,0,0,1678,"",3.08,6.71,6.79,6.87,11.73,0.00,0.00,1.73,"",0,0.0,3,8.3,3,8.3,3,8.3,419450,97.3,0,0.0,0,0.0,757,82.2
"13089","3","81","74","0","2024","4","",2,107,107,103,1732969,0,0,1262,"",0.50,1.58,1.58,1.52,1.63,0.00,0.00,1.04,"",0,0.0,-121,-53.1,-121,-53.1,-125,-54.8,-1161215,-40.1,0,0.0,0,0.0,286,29.3
"13089","3","811","75","0","2024","4","",2,107,107,103,1732969,0,0,1262,"",1.73,3.57,3.57,3.43,3.46,0.00,0.00,0.98,"",0,0.0,-121,-53.1,-121,-53.1,-125,-54.8,-1161215,-40.1,0,0.0,0,0.0,286,29.3
"13089","3","8113","76","0","2024","4","",2,107,107,103,1732969,0,0,1262,"",25.22,24.53,24.42,23.55,20.57,0.00,0.00,0.85,"",0,0.0,-121,-53.1,-121,-53.1,-125,-54.8,-1161215,-40.1,0,0.0,0,0.0,286,29.3
"13089","3","81131","77","0","2024","4","",2,107,107,103,1732969,0,0,1262,"",25.22,24.53,24.42,23.55,20.57,0.00,0.00,0.85,"",0,0.0,-121,-53.1,-121,-53.1,-125,-54.8,-1161215,-40.1,0,0.0,0,0.0,286,29.3
"13089","3","811310","78","0","2024","4","",2,107,107,103,1732969,0,0,1262,"",25.22,24.53,24.42,23.55,20.57,0.00,0.00,0.85,"",0,0.0,-121,-53.1,-121,-53.1,-125,-54.8,-1161215,-40.1,0,0.0,0,0.0,286,29.3
"13089","3","92","74","0","2024","4","",17,7800,7778,7801,158573327,234896,4065,1565,"",0.14,0.91,0.90,0.91,0.94,0.10,0.51,1.04,"",0,0.0,500,6.8,412,5.6,409,5.5,10721292,7.3,137722,141.7,2106,107.5,18,1.2
"13089","3","921","75","0","2024","4","",13,7746,7723,7746,157418760,222335,3968,1565,"",0.18,1.36,1.34,1.37,1.57,0.12,0.67,1.16,"",0,0.0,494,6.8,407,5.6,406,5.5,10627773,7.2,128911,138.0,2041,105.9,19,1.2
"13089","3","9211","76","0","2024","4","",13,7746,7723,7746,157418760,222335,3968,1565,"",0.18,1.36,1.34,1.37,1.57,0.12,0.67,1.16,"",0,0.0,494,6.8,407,5.6,406,5.5,10627773,7.2,128911,138.0,2041,105.9,19,1.2
"13089","3","92111","77","0","2024","4","",3,386,386,405,7237918,0,0,1419,"",0.34,1.00,0.99,1.04,1.12,0.00,0.00,1.11,"",0,0.0,44,12.9,41,11.9,56,16.0,808443,12.6,0,0.0,0,0.0,-13,-0.9
"13089","3","921110","78","0","2024","4","",3,386,386,405,7237918,0,0,1419,"",0.34,1.00,0.99,1.04,1.12,0.00,0.00,1.11,"",0,0.0,44,12.9,41,11.9,56,16.0,808443,12.6,0,0.0,0,0.0,-13,-0.9
"13089","3","92112","77","0","2024","4","",1,63,68,72,1119005,132637,3502,1272,"",0.19,0.11,0.12,0.13,0.11,6.48,19.83,0.88,"",0,0.0,7,12.5,-2,-2.9,6,9.1,-22112,-1.9,66043,99.2,1704,94.8,-100,-7.3
"13089","3","921120","78","0","2024","4","",1,63,68,72,1119005,132637,3502,1272,"",0.19,0.11,0.12,0.13,0.11,6.48,19.83,0.88,"",0,0.0,7,12.5,-2,-2.9,6,9.1,-22112,-1.9,66043,99.2,1704,94.8,-100,-7.3
"13089","3","92114","77","0","2024","4","",9,7297,7269,7269,149061837,89698,466,1575,"",0.22,1.98,1.95,1.98,2.31,0.08,0.21,1.17,"",0,0.0,443,6.5,368,5.3,344,5.0,9841442,7.1,62868,234.3,337,261.2,21,1.4
"13089","3","921140","78","0","2024","4","",9,7297,7269,7269,149061837,89698,466,1575,"",0.22,1.98,1.95,1.98,2.31,0.08,0.21,1.17,"",0,0.0,443,6.5,368,5.3,344,5.0,9841442,7.1,62868,234.3,337,261.2,21,1.4
"13089","3","925","75","0","2024","4","",3,53,54,54,1123606,12561,97,1611,"",0.42,0.31,0.32,0.32,0.36,0.10,0.17,1.14,"",0,0.0,6,12.8,5,10.2,3,5.9,93519,9.1,8811,235.0,65,203.1,-6,-0.4
"13089","3","9251","76","0","2024","4","",3,53,54,54,1123606,12561,97,1611,"",0.42,0.31,0.32,0.32,0.36,0.10,0.17,1.14,"",0,0.0,6,12.8,5,10.2,3,5.9,93519,9.1,8811,235.0,65,203.1,-6,-0.4
"13089","3","92511","77","0","2024","4","",2,39,40,40,732235,0,0,1420,"",0.43,0.38,0.39,0.39,0.37,0.00,0.00,0.96,"",0,0.0,2,5.4,2,5.3,1,2.6,-738,-0.1,0,0.0,0,0.0,-64,-4.3
"13089","3","925110","78","0","2024","4","",2,39,40,40,732235,0,0,1420,"",0.43,0.38,0.39,0.39,0.37,0.00,0.00,0.96,"",0,0.0,2,5.4,2,5.3,1,2.6,-738,-0.1,0,0.0,0,0.0,-64,-4.3
"13089","3","92512","77","0","2024","4","",1,14,14,14,391371,12561,97,2150,"",0.39,0.21,0.21,0.21,0.34,0.49,0.64,1.64,"",0,0.0,4,40.0,3,27.3,2,16.7,94257,31.7,8811,235.0,65,203.1,72,3.5
"13089","3","925120","78","0","2024","4","",1,14,14,14,391371,12561,97,2150,"",0.39,0.21,0.21,0.21,0.34,0.49,0.64,1.64,"",0,0.0,4,40.0,3,27.3,2,16.7,94257,31.7,8811,235.0,65,203.1,72,3.5
"13089","3","926","75","0","2024","4","",1,1,1,1,30961,0,0,2382,"",0.18,0.01,0.01,0.01,0.01,0.00,0.00,1.37,"",0,0.0,0,0.0,0,0.0,0,0.0,0,0.0,0,0.0,0,0.0,0,0.0
"13089","3","9261","76","0","2024","4","",1,1,1,1,30961,0,0,2382,"",0.18,0.01,0.01,0.01,0.01,0.00,0.00,1.37,"",0,0.0,0,0.0,0,0.0,0,0.0,0,0.0,0,0.0,0,0.0,0,0.0
"13089","3","92611","77","0","2024","4","",1,1,1,1,30961,0,0,2382,"",0.82,0.04,0.04,0.04,0.05,0.00,0.00,1.30,"",0,0.0,0,0.0,0,0.0,0,0.0,0,0.0,0,0.0,0,0.0,0,0.0
"13089","3","926110","78","0","2024","4","",1,1,1,1,30961,0,0,2382,"",0.82,0.04,0.04,0.04,0.05,0.00,0.00,1.30,"",0,0.0,0,0.0,0,0.0,0,0.0,0,0.0,0,0.0,0,0.0,0,0.0
"13089","5","10","71","0","2024","4","",23198,266042,266640,266821,5349754952,249783023,2973561,1544,"",1.01,1.00,1.00,1.00,1.00,1.03,1.01,1.00,"",-192,-0.8,-3684,-1.4,-5118,-1.9,-4784,-1.8,171864039,3.3,-31234432,-11.1,-443226,-13.0,74,5.0
"13089","5","101","72","0","2024","4","",1739,23179,22920,22914,497922214,19147178,243016,1665,"",0.60,0.51,0.51,0.51,0.49,0.46,0.38,0.97,"",140,8.8,-1070,-4.4,-1307,-5.4,-1284,-5.3,-4689451,-0.9,-5374346,-21.9,-72566,-23.0,69,4.3
"13089","5","1011","73","0","2024","4","",23,309,284,283,9306851,324911,5074,2452,"",0.08,0.08,0.08,0.08,0.13,0.07,0.07,1.65,"",4,21.1,116,60.1,90,46.4,96,51.3,3878237,71.4,17105,5.6,-1595,-23.9,269,12.3
"13089","5","1012","73","0","2024","4","",1080,9964,9813,9806,243332587,10298737,140120,1898,"",0.59,0.60,0.60,0.60,0.65,0.55,0.39,1.08,"",99,10.1,-228,-2.2,-399,-3.9,-387,-3.8,761213,0.3,-1091979,-9.6,-5137,-3.5,68,3.7
"13089","5","1013","73","0","2024","4","",636,12906,12823,12825,245282776,8523530,97822,1468,"",0.82,0.51,0.51,0.51,0.43,0.47,0.49,0.85,"",37,6.2,-958,-6.9,-998,-7.2,-993,-7.2,-9328901,-3.7,-4299472,-33.5,-65834,-40.2,52,3.7
"13089","5","102","72","0","2024","4","",21459,242863,243720,243907,4851832738,230635845,2730545,1533,"",1.07,1.10,1.10,1.10,1.12,1.15,1.18,1.02,"",-332,-1.5,-2614,-1.1,-3811,-1.5,-3500,-1.4,176553490,3.8,-25860086,-10.1,-370660,-12.0,76,5.2
"13089","5","1021","73","0","2024","4","",3990,57680,58384,58578,913963693,61071475,629044,1208,"",1.00,1.00,1.00,0.99,0.97,1.09,1.09,0.97,"",211,5.6,40,0.1,-683,-1.2,-1090,-1.8,24095576,2.7,-6235459,-9.3,-28085,-4.3,44,3.8
"13089","5","1022","73","0","2024","4","",706,8173,8132,8177,272037799,4744825,66079,2564,"",1.22,1.43,1.41,1.42,1.04,1.16,1.03,0.74,"",218,44.7,-79,-1.0,-369,-4.3,-79,-1.0,-964788,-0.4,-1354570,-22.2,-15972,-19.5,45,1.8
"13089","5","1023","73","0","2024","4","",2234,22386,22340,22427,470908312,18569539,180180,1618,"",1.07,1.28,1.28,1.28,0.85,1.51,1.31,0.66,"",160,7.7,892,4.1,730,3.4,778,3.6,19537233,4.3,-103570,-0.6,8578,5.0,9,0.6
"13089","5","1024","73","0","2024","4","",5362,47378,46759,46606,1134298094,55753256,674126,1860,"",1.09,1.05,1.03,1.03,0.90,1.20,1.09,0.87,"",714,15.4,-1361,-2.8,-2031,-4.2,-1911,-3.9,3006250,0.3,-9639230,-14.7,-205385,-23.4,72,4.0
"13089","5","1025","73","0","2024","4","",3070,72372,72801,72547,1722684151,38336721,466509,1826,"",0.70,1.40,1.40,1.40,1.95,1.10,1.22,1.39,"",185,6.4,-376,-0.5,-335,-0.5,-427,-0.6,146547694,9.3,-2245970,-5.5,-49655,-9.6,164,9.9
"13089","5","1026","73","0","2024","4","",2175,26274,26704,26825,204466691,40849812,528247,591,"",1.14,0.79,0.81,0.81,0.69,1.10,1.26,0.85,"",138,6.8,-218,-0.8,405,1.5,778,3.0,9054883,4.6,-3014209,-6.9,-22848,-4.1,19,3.3
"13089","5","1027","73","0","2024","4","",1681,7694,7714,7804,107683092,8491360,118069,1071,"",0.98,0.82,0.82,0.84,0.82,1.01,1.21,0.99,"",139,9.0,-794,-9.4,-768,-9.1,-758,-8.9,-6963620,-6.1,-1985813,-19.0,-28657,-19.5,35,3.4
"13089","5","1029","73","0","2024","4","",2241,906,886,943,25790906,2818857,68291,2176,"",4.12,2.03,1.94,2.01,2.43,2.96,3.32,1.22,"",-2097,-48.3,-718,-44.2,-760,-46.2,-791,-45.6,-17759738,-40.8,-1281265,-31.2,-28636,-29.5,168,8.4
"13089","5","11","74","0","2024","4","",17,229,206,203,7614407,262227,3992,2754,"",0.08,0.08,0.08,0.09,0.24,0.07,0.06,2.76,"",4,30.8,101,78.9,92,80.7,96,89.7,3823242,100.8,158306,152.3,2274,132.4,247,9.9
"13089","5","111","75","0","2024","4","",6,24,21,18,235559,18519,455,863,"",0.06,0.02,0.02,0.02,0.02,0.01,0.02,0.91,"",2,50.0,12,100.0,9,75.0,6,50.0,-50958,-17.8,1849,11.1,43,10.4,-974,-53.0
"13089","5","1113","76","0","2024","4","N",1,0,0,0,0,0,0,0,"N",0.05,0,0,0,0,0,0,0,"N",0,0.0,0,0,0,0,0,0,0,0,0,0,0,0,0,0
"13089","5","11133","77","0","2024","4","N",1,0,0,0,0,0,0,0,"N",0.06,0,0,0,0,0,0,0,"N",0,0.0,0,0,0,0,0,0,0,0,0,0,0,0,0,0
"13089","5","111336","78","0","2024","4","N",1,0,0,0,0,0,0,0,"N",1.14,0,0,0,0,0,0,0,"N",0,0.0,0,0,0,0,0,0,0,0,0,0,0,0,0,0
"13089","5","1114","76","0","2024","4","N",3,0,0,0,0,0,0,0,"N",0.15,0,0,0,0,0,0,0,"N",1,50.0,0,0,0,0,0,0,0,0,0,0,0,0,0,0
"13089","5","11141","77","0","2024","4","N",1,0,0,0,0,0,0,0,"N",0.18,0,0,0,0,0,0,0,"N",1,100.0,0,0,0,0,0,0,0,0,0,0,0,0,0,0
"13089","5","111419","78","0","2024","4","N",1,0,0,0,0,0,0,0,"N",0.21,0,0,0,0,0,0,0,"N",1,100.0,0,0,0,0,0,0,0,0,0,0,0,0,0,0
"13089","5","11142","77","0","2024","4","N",2,0,0,0,0,0,0,0,"N",0.14,0,0,0,0,0,0,0,"N",0,0.0,0,0,0,0,0,0,0,0,0,0,0,0,0,0
"13089","5","111421","78","0","2024","4","N",1,0,0,0,0,0,0,0,"N",0.10,0,0,0,0,0,0,0,"N",0,0.0,0,0,0,0,0,0,0,0,0,0,0,0,0,0
"13089","5","111422","78","0","2024","4","N",1,0,0,0,0,0,0,0,"N",0.24,0,0,0,0,0,0,0,"N",0,0.0,0,0,0,0,0,0,0,0,0,0,0,0,0,0
"13089","5","1119","76","0","2024","4","N",2,0,0,0,0,0,0,0,"N",0.09,0,0,0,0,0,0,0,"N",1,100.0,0,0,0,0,0,0,0,0,0,0,0,0,0,0
"13089","5","11199","77","0","2024","4","N",2,0,0,0,0,0,0,0,"N",0.16,0,0,0,0,0,0,0,"N",1,100.0,0,0,0,0,0,0,0,0,0,0,0,0,0,0
"13089","5","111998","78","0","2024","4","N",2,0,0,0,0,0,0,0,"N",0.17,0,0,0,0,0,0,0,"N",1,100.0,0,0,0,0,0,0,0,0,0,0,0,0,0,0
"13089","5","112","75","0","2024","4","",3,18,20,20,186436,49529,1328,742,"",0.05,0.03,0.04,0.04,0.02,0.07,0.31,0.68,"N",2,200.0,0,0,0,0,0,0,0,0,0,0,0,0,0,0
"13089","5","1124","76","0","2024","4","N",1,0,0,0,0,0,0,0,"N",1.27,0,0,0,0,0,0,0,"N",0,0.0,0,0,0,0,0,0,0,0,0,0,0,0,0,0
"13089","5","11242","77","0","2024","4","N",1,0,0,0,0,0,0,0,"N",3.64,0,0,0,0,0,0,0,"N",0,0.0,0,0,0,0,0,0,0,0,0,0,0,0,0,0
"13089","5","112420","78","0","2024","4","N",1,0,0,0,0,0,0,0,"N",3.64,0,0,0,0,0,0,0,"N",0,0.0,0,0,0,0,0,0,0,0,0,0,0,0,0,0
"13089","5","1129","76","0","2024","4","N",2,0,0,0,0,0,0,0,"N",0.24,0,0,0,0,0,0,0,"N",2,100.0,0,0,0,0,0,0,0,0,0,0,0,0,0,0
"13089","5","11291","77","0","2024","4","N",1,0,0,0,0,0,0,0,"N",0.57,0,0,0,0,0,0,0,"N",1,100.0,0,0,0,0,0,0,0,0,0,0,0,0,0,0
"13089","5","112910","78","0","2024","4","N",1,0,0,0,0,0,0,0,"N",0.57,0,0,0,0,0,0,0,"N",1,100.0,0,0,0,0,0,0,0,0,0,0,0,0,0,0
"13089","5","11299","77","0","2024","4","N",1,0,0,0,0,0,0,0,"N",0.30,0,0,0,0,0,0,0,"N",1,100.0,0,0,0,0,0,0,0,0,0,0,0,0,0,0
"13089","5","112990","78","0","2024","4","N",1,0,0,0,0,0,0,0,"N",0.30,0,0,0,0,0,0,0,"N",1,100.0,0,0,0,0,0,0,0,0,0,0,0,0,0,0
"13089","5","114","75","0","2024","4","N",1,0,0,0,0,0,0,0,"N",0.18,0,0,0,0,0,0,0,"N",0,0.0,0,0,0,0,0,0,0,0,0,0,0,0,0,0
"13089","5","1141","76","0","2024","4","N",1,0,0,0,0,0,0,0,"N",0.24,0,0,0,0,0,0,0,"N",0,0.0,0,0,0,0,0,0,0,0,0,0,0,0,0,0
"13089","5","11411","77","0","2024","4","N",1,0,0,0,0,0,0,0,"N",0.24,0,0,0,0,0,0,0,"N",0,0.0,0,0,0,0,0,0,0,0,0,0,0,0,0,0
"13089","5","114111","78","0","2024","4","N",1,0,0,0,0,0,0,0,"N",0.53,0,0,0,0,0,0,0,"N",0,0.0,0,0,0,0,0,0,0,0,0,0,0,0,0,0
"13089","5","115","75","0","2024","4","N",7,0,0,0,0,0,0,0,"N",0.16,0,0,0,0,0,0,0,"N",0,0.0,0,0,0,0,0,0,0,0,0,0,0,0,0,0
"13089","5","1151","76","0","2024","4","N",2,0,0,0,0,0,0,0,"N",0.08,0,0,0,0,0,0,0,"N",0,0.0,0,0,0,0,0,0,0,0,0,0,0,0,0,0
"13089","5","11511","77","0","2024","4","N",2,0,0,0,0,0,0,0,"N",0.08,0,0,0,0,0,0,0,"N",0,0.0,0,0,0,0,0,0,0,0,0,0,0,0,0,0
"13089","5","115111","78","0","2024","4","N",1,0,0,0,0,0,0,0,"N",1.01,0,0,0,0,0,0,0,"N",0,0.0,0,0,0,0,0,0,0,0,0,0,0,0,0,0
"13089","5","115116","78","0","2024","4","N",1,0,0,0,0,0,0,0,"N",0.28,0,0,0,0,0,0,0,"N",0,0.0,0,0,0,0,0,0,0,0,0,0,0,0,0,0
"13089","5","1152","76","0","2024","4","",4,4,4,4,59097,11700,23,1136,"",0.33,0.06,0.06,0.06,0.07,0.19,0.05,1.13,"",0,0.0,0,0.0,0,0.0,0,0.0,-3078,-5.0,0,0.0,-12,-34.3,-60,-5.0
"13089","5","11521","77","0","2024","4","",4,4,4,4,59097,11700,23,1136,"",0.33,0.06,0.06,0.06,0.07,0.19,0.05,1.13,"",0,0.0,0,0.0,0,0.0,0,0.0,-3078,-5.0,0,0.0,-12,-34.3,-60,-5.0
"13089","5","115210","78","0","2024","4","",4,4,4,4,59097,11700,23,1136,"",0.33,0.06,0.06,0.06,0.07,0.19,0.05,1.13,"",0,0.0,0,0.0,0,0.0,0,0.0,-3078,-5.0,0,0.0,-12,-34.3,-60,-5.0
"13089","5","1153","76","0","2024","4","N",1,0,0,0,0,0,0,0,"N",0.16,0,0,0,0,0,0,0,"N",0,0.0,0,0,0,0,0,0,0,0,0,0,0,0,0,0
"13089","5","11531","77","0","2024","4","N",1,0,0,0,0,0,0,0,"N",0.16,0,0,0,0,0,0,0,"N",0,0.0,0,0,0,0,0,0,0,0,0,0,0,0,0,0
"13089","5","115310","78","0","2024","4","N",1,0,0,0,0,0,0,0,"N",0.16,0,0,0,0,0,0,0,"N",0,0.0,0,0,0,0,0,0,0,0,0,0,0,0,0,0
"13089","5","21","74","0","2024","4","",6,80,78,80,1692444,62684,1082,1641,"",0.10,0.07,0.07,0.07,0.04,0.07,0.09,0.65,"",0,0.0,15,23.1,-2,-2.5,0,0.0,54995,3.4,-141201,-69.3,-3869,-78.1,-38,-2.3
"13089","5","211","75","0","2024","4","N",1,0,0,0,0,0,0,0,"N",0.08,0,0,0,0,0,0,0,"N",0,0.0,0,0,0,0,0,0,0,0,0,0,0,0,0,0
"13089","5","2111","76","0","2024","4","N",1,0,0,0,0,0,0,0,"N",0.08,0,0,0,0,0,0,0,"N",0,0.0,0,0,0,0,0,0,0,0,0,0,0,0,0,0
"13089","5","21113","77","0","2024","4","N",1,0,0,0,0,0,0,0,"N",0.27,0,0,0,0,0,0,0,"N",0,0.0,0,0,0,0,0,0,0,0,0,0,0,0,0,0
"13089","5","211130","78","0","2024","4","N",1,0,0,0,0,0,0,0,"N",0.27,0,0,0,0,0,0,0,"N",0,0.0,0,0,0,0,0,0,0,0,0,0,0,0,0,0
"13089","5","212","75","0","2024","4","N",5,0,0,0,0,0,0,0,"N",0.35,0,0,0,0,0,0,0,"N",0,0.0,0,0,0,0,0,0,0,0,0,0,0,0,0,0
"13089","5","2123","76","0","2024","4","N",5,0,0,0,0,0,0,0,"N",0.42,0,0,0,0,0,0,0,"N",0,0.0,0,0,0,0,0,0,0,0,0,0,0,0,0,0
"13089","5","21231","77","0","2024","4","",3,60,57,59,1249403,29596,189,1638,"",0.61,0.65,0.63,0.66,0.57,0.52,0.17,0.89,"",0,0.0,-3,-4.8,-4,-6.6,-1,-1.7,-112376,-8.3,-10102,-25.4,-329,-63.5,-70,-4.1
"13089","5","212311","78","0","2024","4","N",1,0,0,0,0,0,0,0,"N",0.89,0,0,0,0,0,0,0,"N",0,0.0,0,0,0,0,0,0,0,0,0,0,0,0,0,0
"13089","5","212313","78","0","2024","4","N",2,0,0,0,0,0,0,0,"N",3.46,0,0,0,0,0,0,0,"N",0,0.0,0,0,0,0,0,0,0,0,0,0,0,0,0,0
"13089","5","21232","77","0","2024","4","N",1,0,0,0,0,0,0,0,"N",0.17,0,0,0,0,0,0,0,"N",0,0.0,0,0,0,0,0,0,0,0,0,0,0,0,0,0
"13089","5","212322","78","0","2024","4","N",1,0,0,0,0,0,0,0,"N",2.05,0,0,0,0,0,0,0,"N",0,0.0,0,0,0,0,0,0,0,0,0,0,0,0,0,0
"13089","5","21239","77","0","2024","4","N",1,0,0,0,0,0,0,0,"N",1.06,0,0,0,0,0,0,0,"N",0,0.0,0,0,0,0,0,0,0,0,0,0,0,0,0,0
"13089","5","212390","78","0","2024","4","N",1,0,0,0,0,0,0,0,"N",1.06,0,0,0,0,0,0,0,"N",0,0.0,0,0,0,0,0,0,0,0,0,0,0,0,0,0
"13089","5","22","74","0","2024","4","",31,1272,1279,1296,44593723,397002,1192,2675,"",0.65,1.08,1.08,1.09,1.13,0.89,0.28,1.05,"",5,19.2,95,8.1,95,8.0,90,7.5,6602867,17.4,-1460989,-78.6,-39999,-97.1,217,8.8
"13089","5","221","75","0","2024","4","",31,1272,1279,1296,44593723,397002,1192,2675,"",0.65,1.08,1.08,1.09,1.13,0.89,0.28,1.05,"",5,19.2,95,8.1,95,8.0,90,7.5,6602867,17.4,-1460989,-78.6,-39999,-97.1,217,8.8
"13089","5","2211","76","0","2024","4","",22,968,977,987,35184010,279196,459,2769,"",0.78,1.17,1.18,1.19,1.23,0.94,0.16,1.04,"",1,4.8,-103,-9.6,-101,-9.4,-113,-10.3,288439,0.8,-1515906,-84.4,-40037,-98.9,290,11.7
"13089","5","22111","77","0","2024","4","N",1,0,0,0,0,0,0,0,"N",0.07,0,0,0,0,0,0,0,"N",-1,-50.0,0,0,0,0,0,0,0,0,0,0,0,0,0,0
"13089","5","221113","78","0","2024","4","N",1,0,0,0,0,0,0,0,"N",2.81,0,0,0,0,0,0,0,"N",-1,-50.0,0,0,0,0,0,0,0,0,0,0,0,0,0,0
"13089","5","22112","77","0","2024","4","N",21,0,0,0,0,0,0,0,"N",1.48,0,0,0,0,0,0,0,"N",2,10.5,0,0,0,0,0,0,0,0,0,0,0,0,0,0
"13089","5","221121","78","0","2024","4","N",2,0,0,0,0,0,0,0,"N",1.15,0,0,0,0,0,0,0,"N",0,0.0,0,0,0,0,0,0,0,0,0,0,0,0,0,0
"13089","5","221122","78","0","2024","4","N",19,0,0,0,0,0,0,0,"N",1.53,0,0,0,0,0,0,0,"N",2,11.8,0,0,0,0,0,0,0,0,0,0,0,0,0,0
"13089","5","2212","76","0","2024","4","N",6,0,0,0,0,0,0,0,"N",0.93,0,0,0,0,0,0,0,"N",3,100.0,0,0,0,0,0,0,0,0,0,0,0,0,0,0
"13089","5","22121","77","0","2024","4","N",6,0,0,0,0,0,0,0,"N",0.93,0,0,0,0,0,0,0,"N",3,100.0,0,0,0,0,0,0,0,0,0,0,0,0,0,0
"13089","5","221210","78","0","2024","4","N",6,0,0,0,0,0,0,0,"N",0.93,0,0,0,0,0,0,0,"N",3,100.0,0,0,0,0,0,0,0,0,0,0,0,0,0,0
"13089","5","2213","76","0","2024","4","N",3,0,0,0,0,0,0,0,"N",0.23,0,0,0,0,0,0,0,"N",1,50.0,0,0,0,0,0,0,0,0,0,0,0,0,0,0
"13089","5","22131","77","0","2024","4","N",3,0,0,0,0,0,0,0,"N",0.26,0,0,0,0,0,0,0,"N",1,50.0,0,0,0,0,0,0,0,0,0,0,0,0,0,0
"13089","5","221310","78","0","2024","4","N",3,0,0,0,0,0,0,0,"N",0.26,0,0,0,0,0,0,0,"N",1,50.0,0,0,0,0,0,0,0,0,0,0,0,0,0,0
"13089","5","23","74","0","2024","4","",1080,9964,9813,9806,243332587,10298737,140120,1898,"",0.59,0.60,0.60,0.60,0.65,0.55,0.39,1.08,"",99,10.1,-228,-2.2,-399,-3.9,-387,-3.8,761213,0.3,-1091979,-9.6,-5137,-3.5,68,3.7
"13089","5","236","75","0","2024","4","",441,2442,2343,2276,75034361,2822021,40750,2452,"",0.78,0.66,0.63,0.62,0.80,0.67,0.54,1.26,"",41,10.2,2,0.1,-75,-3.1,-131,-5.4,7990957,11.9,-132458,-4.5,2249,5.8,322,15.1
"13089","5","2361","76","0","2024","4","",336,1268,1178,1102,40641950,1748396,32616,2643,"",0.76,0.67,0.62,0.59,1.02,0.74,0.97,1.62,"",39,13.1,119,10.4,41,3.6,-33,-2.9,11215253,38.1,163836,10.3,9075,38.5,658,33.1
"13089","5","23611","77","0","2024","4","",336,1268,1178,1102,40641950,1748396,32616,2643,"",0.76,0.67,0.62,0.59,1.02,0.74,0.97,1.62,"",39,13.1,119,10.4,41,3.6,-33,-2.9,11215253,38.1,163836,10.3,9075,38.5,658,33.1
"13089","5","236115","78","0","2024","4","",154,720,635,563,29347555,1158190,25506,3531,"",0.88,0.95,0.84,0.74,1.69,1.12,1.90,2.01,"",33,27.3,188,35.3,103,19.4,30,5.6,12213270,71.3,685000,144.8,18014,240.4,1055,42.6
"13089","5","236116","78","0","2024","4","",3,42,42,42,1398171,6916,64,2561,"",0.30,0.46,0.46,0.46,0.51,0.07,0.04,1.12,"",0,0.0,-3,-6.7,-3,-6.7,-3,-6.7,26879,2.0,-17852,-72.1,-42,-39.6,217,9.3
"13089","5","236117","78","0","2024","4","",13,17,17,18,815753,38000,269,3620,"",1.21,0.15,0.15,0.15,0.20,0.39,0.23,1.37,"",-1,-7.1,-13,-43.3,-13,-43.3,-13,-41.9,-51399,-5.9,2319,6.5,248,1181.0,1421,64.6
"13089","5","236118","78","0","2024","4","",166,489,484,479,9080471,545290,6777,1443,"",0.67,0.53,0.53,0.53,0.57,0.48,0.39,1.08,"",7,4.4,-53,-9.8,-46,-8.7,-47,-8.9,-973497,-9.7,-505631,-48.1,-9145,-57.4,-9,-0.6
"13089","5","2362","76","0","2024","4","",105,1174,1165,1174,34392411,1073625,8134,2259,"",0.84,0.64,0.64,0.65,0.64,0.58,0.19,1.00,"",2,1.9,-117,-9.1,-116,-9.1,-98,-7.7,-3224296,-8.6,-296294,-21.6,-6826,-45.6,1,0.0
"13089","5","23621","77","0","2024","4","N",10,0,0,0,0,0,0,0,"N",0.73,0,0,0,0,0,0,0,"N",0,0.0,0,0,0,0,0,0,0,0,0,0,0,0,0,0
"13089","5","236210","78","0","2024","4","N",10,0,0,0,0,0,0,0,"N",0.73,0,0,0,0,0,0,0,"N",0,0.0,0,0,0,0,0,0,0,0,0,0,0,0,0,0
"13089","5","23622","77","0","2024","4","N",95,0,0,0,0,0,0,0,"N",0.85,0,0,0,0,0,0,0,"N",2,2.2,0,0,0,0,0,0,0,0,0,0,0,0,0,0
"13089","5","236220","78","0","2024","4","N",95,0,0,0,0,0,0,0,"N",0.85,0,0,0,0,0,0,0,"N",2,2.2,0,0,0,0,0,0,0,0,0,0,0,0,0,0
"13089","5","237","75","0","2024","4","",53,839,831,834,17813056,799957,7615,1642,"",0.47,0.35,0.36,0.37,0.29,0.30,0.11,0.80,"",4,8.2,-264,-23.9,-259,-23.8,-228,-21.5,-5502585,-23.6,-408190,-33.8,-6801,-47.2,-11,-0.7
"13089","5","2371","76","0","2024","4","",31,457,448,453,9521866,417740,3243,1618,"",0.52,0.37,0.37,0.38,0.30,0.27,0.09,0.80,"",3,10.7,78,20.6,62,16.1,72,18.9,1728259,22.2,-7750,-1.8,-19,-0.6,49,3.1
"13089","5","23711","77","0","2024","4","",17,267,261,263,6037810,277182,1129,1761,"",0.68,0.61,0.60,0.61,0.56,0.65,0.14,0.92,"",2,13.3,-7,-2.6,-21,-7.4,-16,-5.7,179488,3.1,-68577,-19.8,-1629,-59.1,142,8.8
"13089","5","237110","78","0","2024","4","",17,267,261,263,6037810,277182,1129,1761,"",0.68,0.61,0.60,0.61,0.56,0.65,0.14,0.92,"",2,13.3,-7,-2.6,-21,-7.4,-16,-5.7,179488,3.1,-68577,-19.8,-1629,-59.1,142,8.8
"13089","5","23713","77","0","2024","4","",14,190,187,190,3484056,140558,2114,1418,"",0.54,0.38,0.38,0.39,0.26,0.20,0.13,0.67,"",1,7.7,85,81.0,83,79.8,88,86.3,1548771,80.0,60827,76.3,1610,319.4,-18,-1.3
"13089","5","237130","78","0","2024","4","",14,190,187,190,3484056,140558,2114,1418,"",0.54,0.38,0.38,0.39,0.26,0.20,0.13,0.67,"",1,7.7,85,81.0,83,79.8,88,86.3,1548771,80.0,60827,76.3,1610,319.4,-18,-1.3
"13089","5","2372","76","0","2024","4","N",5,0,0,0,0,0,0,0,"N",0.44,0,0,0,0,0,0,0,"N",0,0.0,0,0,0,0,0,0,0,0,0,0,0,0,0,0
"13089","5","23721","77","0","2024","4","N",5,0,0,0,0,0,0,0,"N",0.44,0,0,0,0,0,0,0,"N",0,0.0,0,0,0,0,0,0,0,0,0,0,0,0,0,0
"13089","5","237210","78","0","2024","4","N",5,0,0,0,0,0,0,0,"N",0.44,0,0,0,0,0,0,0,"N",0,0.0,0,0,0,0,0,0,0,0,0,0,0,0,0,0
"13089","5","2373","76","0","2024","4","",15,363,365,363,7624208,356589,4289,1613,"",0.63,0.45,0.47,0.51,0.38,0.50,0.20,0.79,"",0,0.0,-356,-49.5,-334,-47.8,-313,-46.3,-7827328,-50.7,-425465,-54.4,-6861,-61.5,-90,-5.3
"13089","5","23731","77","0","2024","4","",15,363,365,363,7624208,356589,4289,1613,"",0.63,0.45,0.47,0.51,0.38,0.50,0.20,0.79,"",0,0.0,-356,-49.5,-334,-47.8,-313,-46.3,-7827328,-50.7,-425465,-54.4,-6861,-61.5,-90,-5.3
"13089","5","237310","78","0","2024","4","",15,363,365,363,7624208,356589,4289,1613,"",0.63,0.45,0.47,0.51,0.38,0.50,0.20,0.79,"",0,0.0,-356,-49.5,-334,-47.8,-313,-46.3,-7827328,-50.7,-425465,-54.4,-6861,-61.5,-90,-5.3
"13089","5","2379","76","0","2024","4","N",2,0,0,0,0,0,0,0,"N",0.10,0,0,0,0,0,0,0,"N",1,100.0,0,0,0,0,0,0,0,0,0,0,0,0,0,0
"13089","5","23799","77","0","2024","4","N",2,0,0,0,0,0,0,0,"N",0.10,0,0,0,0,0,0,0,"N",1,100.0,0,0,0,0,0,0,0,0,0,0,0,0,0,0
"13089","5","237990","78","0","2024","4","N",2,0,0,0,0,0,0,0,"N",0.10,0,0,0,0,0,0,0,"N",1,100.0,0,0,0,0,0,0,0,0,0,0,0,0,0,0
"13089","5","238","75","0","2024","4","",586,6683,6639,6696,150485170,6676759,91755,1735,"",0.51,0.64,0.64,0.65,0.69,0.57,0.41,1.07,"",54,10.2,34,0.5,-65,-1.0,-28,-0.4,-1727159,-1.1,-551331,-7.6,-585,-0.6,-15,-0.9
"13089","5","2381","76","0","2024","4","",102,804,793,794,18317976,450833,6912,1768,"",0.44,0.40,0.40,0.41,0.47,0.18,0.15,1.17,"",8,8.5,-132,-14.1,-115,-12.7,-116,-12.7,-10755415,-37.0,-205206,-31.3,-2306,-25.0,-668,-27.4
"13089","5","23811","77","0","2024","4","",18,150,145,141,3347703,74283,1464,1772,"",0.38,0.29,0.28,0.28,0.33,0.12,0.12,1.16,"",-2,-10.0,-20,-11.8,-20,-12.1,-22,-13.5,-228947,-6.4,-63526,-46.1,-596,-28.9,115,6.9
"13089","5","238111","78","0","2024","4","N",11,0,0,0,0,0,0,0,"N",0.31,0,0,0,0,0,0,0,"N",0,0.0,0,0,0,0,0,0,0,0,0,0,0,0,0,0
"13089","5","238112","78","0","2024","4","N",7,0,0,0,0,0,0,0,"N",0.55,0,0,0,0,0,0,0,"N",-2,-22.2,0,0,0,0,0,0,0,0,0,0,0,0,0,0
"13089","5","23812","77","0","2024","4","N",3,0,0,0,0,0,0,0,"N",0.27,0,0,0,0,0,0,0,"N",-1,-25.0,0,0,0,0,0,0,0,0,0,0,0,0,0,0
"13089","5","238122","78","0","2024","4","N",3,0,0,0,0,0,0,0,"N",0.38,0,0,0,0,0,0,0,"N",-1,-25.0,0,0,0,0,0,0,0,0,0,0,0,0,0,0
"13089","5","23813","77","0","2024","4","N",4,0,0,0,0,0,0,0,"N",0.18,0,0,0,0,0,0,0,"N",1,33.3,0,0,0,0,0,0,0,0,0,0,0,0,0,0
"13089","5","238131","78","0","2024","4","N",3,0,0,0,0,0,0,0,"N",0.15,0,0,0,0,0,0,0,"N",1,50.0,0,0,0,0,0,0,0,0,0,0,0,0,0,0
"13089","5","238132","78","0","2024","4","N",1,0,0,0,0,0,0,0,"N",0.32,0,0,0,0,0,0,0,"N",0,0.0,0,0,0,0,0,0,0,0,0,0,0,0,0,0
"13089","5","23814","77","0","2024","4","",12,106,104,112,2605422,34629,676,1867,"",0.32,0.37,0.37,0.41,0.52,0.10,0.08,1.37,"",0,0.0,-23,-17.8,-19,-15.4,-12,-9.7,-84208,-3.1,-26255,-43.1,-2522,-78.9,216,13.1
"13089","5","238141","78","0","2024","4","N",3,0,0,0,0,0,0,0,"N",0.11,0,0,0,0,0,0,0,"N",0,0.0,0,0,0,0,0,0,0,0,0,0,0,0,0,0
"13089","5","238142","78","0","2024","4","N",9,0,0,0,0,0,0,0,"N",1.00,0,0,0,0,0,0,0,"N",0,0.0,0,0,0,0,0,0,0,0,0,0,0,0,0,0
"13089","5","23815","77","0","2024","4","",10,253,249,246,5221993,120306,3066,1611,"",0.65,1.71,1.69,1.66,1.71,0.86,1.18,1.01,"",0,0.0,16,6.8,13,5.5,9,3.8,-1325438,-20.2,-49800,-29.3,1249,68.7,-517,-24.3
"13089","5","238151","78","0","2024","4","",5,134,134,133,2619385,89784,2120,1507,"",0.55,2.36,2.35,2.33,2.67,1.54,2.59,1.14,"N",0,0.0,0,0,0,0,0,0,0,0,0,0,0,0,0,0
"13089","5","238152","78","0","2024","4","",5,119,115,113,2602608,30522,946,1731,"",0.80,1.31,1.27,1.25,1.25,0.37,0.53,0.98,"N",0,0.0,0,0,0,0,0,0,0,0,0,0,0,0,0,0
"13089","5","23816","77","0","2024","4","",44,227,228,227,5388848,176347,1408,1823,"",0.71,0.45,0.45,0.45,0.52,0.30,0.14,1.17,"",8,22.2,-25,-9.9,-9,-3.8,-10,-4.2,-8014670,-59.8,-26201,-12.9,-325,-18.8,-2437,-57.2
"13089","5","238161","78","0","2024","4","",34,76,73,72,1494996,71451,528,1561,"",0.68,0.28,0.26,0.26,0.29,0.19,0.10,1.10,"",10,41.7,-34,-30.9,-37,-33.6,-40,-35.7,-3411236,-69.5,29047,68.5,55,11.6,-1849,-54.2
"13089","5","238162","78","0","2024","4","",10,151,155,155,3893852,104896,880,1949,"",0.82,0.64,0.67,0.68,0.74,0.50,0.20,1.12,"",-2,-16.7,9,6.3,28,22.0,30,24.0,-4603434,-54.2,-55248,-34.5,-380,-30.2,-3028,-60.8
"13089","5","23817","77","0","2024","4","N",4,0,0,0,0,0,0,0,"N",0.23,0,0,0,0,0,0,0,"N",0,0.0,0,0,0,0,0,0,0,0,0,0,0,0,0,0
"13089","5","238171","78","0","2024","4","N",3,0,0,0,0,0,0,0,"N",0.19,0,0,0,0,0,0,0,"N",0,0.0,0,0,0,0,0,0,0,0,0,0,0,0,0,0
"13089","5","238172","78","0","2024","4","N",1,0,0,0,0,0,0,0,"N",0.88,0,0,0,0,0,0,0,"N",0,0.0,0,0,0,0,0,0,0,0,0,0,0,0,0,0
"13089","5","23819","77","0","2024","4","",7,46,45,46,1451684,29018,252,2445,"",0.43,0.45,0.45,0.46,0.72,0.22,0.11,1.59,"N",2,40.0,0,0,0,0,0,0,0,0,0,0,0,0,0,0
"13089","5","238191","78","0","2024","4","N",3,0,0,0,0,0,0,0,"N",0.31,0,0,0,0,0,0,0,"N",3,100.0,0,0,0,0,0,0,0,0,0,0,0,0,0,0
"13089","5","238192","78","0","2024","4","N",4,0,0,0,0,0,0,0,"N",0.61,0,0,0,0,0,0,0,"N",-1,-20.0,0,0,0,0,0,0,0,0,0,0,0,0,0,0
"13089","5","2382","76","0","2024","4","",273,4287,4198,4269,99583854,4484736,65500,1802,"",0.60,0.84,0.82,0.83,0.86,0.84,0.67,1.03,"",20,7.9,162,3.9,17,0.4,41,1.0,7443922,8.1,-420028,-8.6,405,0.6,106,6.2
"13089","5","23821","77","0","2024","4","",118,985,943,930,20186885,934813,14200,1630,"",0.61,0.45,0.43,0.42,0.39,0.38,0.30,0.91,"",8,7.3,-51,-4.9,-113,-10.7,-128,-12.1,-566326,-2.7,-410919,-30.5,-8251,-36.8,110,7.2
"13089","5","238211","78","0","2024","4","",54,335,319,288,5153672,383582,4686,1263,"",0.46,0.46,0.44,0.40,0.37,0.43,0.38,0.86,"",9,20.0,-47,-12.3,-61,-16.1,-97,-25.2,-1684324,-24.6,-90751,-19.1,-1235,-20.9,-113,-8.2
"13089","5","238212","78","0","2024","4","",64,650,624,642,15033213,551231,9514,1811,"",0.85,0.44,0.42,0.43,0.40,0.36,0.28,0.94,"",-1,-1.5,-4,-0.6,-52,-7.7,-31,-4.6,1117998,8.0,-320168,-36.7,-7016,-42.4,208,13.0
"13089","5","23822","77","0","2024","4","",132,3024,3003,3088,69223732,3145048,49505,1753,"",0.55,1.17,1.16,1.19,1.23,1.23,1.15,1.05,"",7,5.6,209,7.4,153,5.4,246,8.7,7033873,11.3,-176121,-5.3,8000,19.3,66,3.9
"13089","5","238221","78","0","2024","4","",84,452,451,450,8063884,508763,8974,1375,"",0.46,0.33,0.33,0.33,0.33,0.36,0.48,0.98,"",9,12.0,18,4.1,16,3.7,27,6.4,1512309,23.1,120707,31.1,1487,19.9,205,17.5
"13089","5","238222","78","0","2024","4","",48,2572,2552,2638,61159848,2636285,40531,1818,"",0.84,2.08,2.06,2.12,1.93,2.34,1.67,0.93,"",-2,-4.0,191,8.0,137,5.7,219,9.1,5521564,9.9,-296828,-10.1,6513,19.1,38,2.1
"13089","5","23829","77","0","2024","4","",23,278,252,251,10173237,404875,1795,3006,"",0.94,0.86,0.78,0.78,1.18,1.25,0.25,1.47,"",5,27.8,4,1.5,-23,-8.4,-77,-23.5,976375,10.6,167012,70.2,656,57.6,586,24.2
"13089","5","238291","78","0","2024","4","N",1,0,0,0,0,0,0,0,"N",0.16,0,0,0,0,0,0,0,"N",0,0.0,0,0,0,0,0,0,0,0,0,0,0,0,0,0
"13089","5","238292","78","0","2024","4","N",22,0,0,0,0,0,0,0,"N",1.21,0,0,0,0,0,0,0,"N",5,29.4,0,0,0,0,0,0,0,0,0,0,0,0,0,0
"13089","5","2383","76","0","2024","4","",159,1129,1178,1166,21742834,1278927,13908,1445,"",0.60,0.67,0.71,0.71,0.70,0.61,0.37,1.01,"",22,16.1,58,5.4,57,5.1,62,5.6,991293,4.8,211078,19.8,6926,99.2,-8,-0.6
"13089","5","23831","77","0","2024","4","",18,155,174,175,3649347,199481,4352,1671,"",0.42,0.31,0.35,0.35,0.35,0.30,0.33,1.02,"",0,0.0,-4,-2.5,9,5.5,14,8.7,505462,16.1,82101,69.9,3237,290.3,175,11.7
"13089","5","238311","78","0","2024","4","",11,25,26,26,845300,11088,273,2533,"",0.35,0.10,0.11,0.11,0.21,0.03,0.06,1.97,"",1,10.0,3,13.6,1,4.0,4,18.2,155567,22.6,7638,221.4,189,225.0,226,9.8
"13089","5","238312","78","0","2024","4","",7,130,148,149,2804047,188393,4079,1515,"",0.59,0.50,0.57,0.57,0.42,0.60,0.47,0.77,"",-1,-12.5,-7,-5.1,8,5.7,10,7.2,349895,14.3,74463,65.4,3048,295.6,154,11.3
"13089","5","23832","77","0","2024","4","",54,284,285,281,5787217,131757,1316,1571,"",0.66,0.68,0.69,0.71,0.87,0.24,0.14,1.26,"",5,10.2,-34,-10.7,-26,-8.4,-30,-9.6,-990815,-14.6,-139472,-51.4,-2000,-60.3,-93,-5.6
"13089","5","238321","78","0","2024","4","",42,122,126,121,2087872,61321,778,1306,"",0.61,0.46,0.49,0.48,0.58,0.16,0.15,1.22,"",4,10.5,-17,-12.2,-8,-6.0,-11,-8.3,-178502,-7.9,-51391,-45.6,-548,-41.3,15,1.2
"13089","5","238322","78","0","2024","4","",12,162,159,160,3699345,70436,538,1775,"",0.93,1.05,1.05,1.08,1.22,0.39,0.12,1.15,"",1,9.1,-17,-9.5,-18,-10.2,-19,-10.6,-812313,-18.0,-88081,-55.6,-1452,-73.0,-171,-8.8
"13089","5","23833","77","0","2024","4","",27,96,97,94,1749685,70453,916,1407,"",0.72,0.60,0.61,0.59,0.59,0.40,0.32,0.98,"",7,35.0,4,4.3,3,3.2,2,2.2,-298568,-14.6,6565,10.3,542,144.9,-293,-17.2
"13089","5","238331","78","0","2024","4","",19,65,64,61,1190249,43078,638,1446,"",0.61,0.62,0.61,0.58,0.71,0.34,0.39,1.17,"",5,35.7,1,1.6,-2,-3.0,-3,-4.7,-335404,-22.0,-11421,-21.0,370,138.1,-369,-20.3
"13089","5","238332","78","0","2024","4","",8,31,33,33,559436,27375,278,1331,"",1.20,0.56,0.61,0.61,0.43,0.52,0.23,0.73,"",2,33.3,3,10.7,5,17.9,5,17.9,36836,7.0,17986,191.6,172,162.3,-105,-7.3
"13089","5","23834","77","0","2024","4","",12,35,35,37,611293,46776,128,1318,"",0.60,0.33,0.33,0.35,0.34,0.36,0.06,1.02,"",2,20.0,-5,-12.5,-7,-16.7,-5,-11.9,-425274,-41.0,28590,157.2,80,166.7,-611,-31.7
"13089","5","238341","78","0","2024","4","N",11,0,0,0,0,0,0,0,"N",0.62,0,0,0,0,0,0,0,"N",2,22.2,0,0,0,0,0,0,0,0,0,0,0,0,0,0
"13089","5","238342","78","0","2024","4","N",1,0,0,0,0,0,0,0,"N",0.43,0,0,0,0,0,0,0,"N",0,0.0,0,0,0,0,0,0,0,0,0,0,0,0,0,0
"13089","5","23835","77","0","2024","4","",25,84,86,78,1281877,143958,1297,1193,"",0.39,0.26,0.27,0.24,0.22,0.38,0.23,0.86,"",0,0.0,-30,-26.3,-27,-23.9,-27,-25.7,-364151,-22.1,24654,20.7,-312,-19.4,49,4.3
"13089","5","238351","78","0","2024","4","N",23,0,0,0,0,0,0,0,"N",0.41,0,0,0,0,0,0,0,"N",0,0.0,0,0,0,0,0,0,0,0,0,0,0,0,0,0
"13089","5","238352","78","0","2024","4","N",2,0,0,0,0,0,0,0,"N",0.28,0,0,0,0,0,0,0,"N",0,0.0,0,0,0,0,0,0,0,0,0,0,0,0,0,0
"13089","5","23839","77","0","2024","4","",23,475,501,501,8663415,686502,5899,1354,"",1.10,2.65,2.84,2.92,2.59,3.52,1.49,0.92,"",8,53.3,127,36.5,105,26.5,108,27.5,2564639,42.1,208640,43.7,5379,1034.4,116,9.4
"13089","5","238391","78","0","2024","4","",12,80,102,89,1502751,107345,1026,1280,"",0.99,1.04,1.34,1.19,1.13,1.29,0.82,0.95,"",4,50.0,-22,-21.6,-35,-25.5,-43,-32.6,232517,18.3,58767,121.0,838,445.7,490,62.0
"13089","5","238392","78","0","2024","4","",11,395,399,412,7160664,579157,4873,1370,"",1.25,3.87,3.98,4.26,3.55,5.18,1.79,0.88,"",4,57.1,149,60.6,140,54.1,151,57.9,2332122,48.3,149873,34.9,4541,1367.8,-85,-5.8
"13089","5","2389","76","0","2024","4","",52,463,470,467,10840506,462263,5435,1787,"",0.27,0.28,0.29,0.30,0.33,0.24,0.13,1.13,"",4,8.3,-54,-10.4,-24,-4.9,-15,-3.1,593041,5.8,-137175,-22.9,-5610,-50.8,203,12.8
"13089","5","23891","77","0","2024","4","",12,172,176,174,3555650,189903,1894,1572,"",0.15,0.21,0.21,0.21,0.21,0.19,0.10,0.98,"",-2,-14.3,-21,-10.9,-11,-5.9,-1,-0.6,330214,10.2,995,0.5,-732,-27.9,231,17.2
"13089","5","238911","78","0","2024","4","",4,25,29,30,593231,7056,169,1630,"",0.08,0.08,0.09,0.10,0.11,0.02,0.02,1.17,"",-1,-20.0,-16,-39.0,-5,-14.7,-6,-16.7,-138954,-19.0,-30659,-81.3,-1039,-86.0,108,7.1
"13089","5","238912","78","0","2024","4","",8,147,147,144,2962419,182847,1725,1561,"",0.24,0.28,0.28,0.28,0.25,0.33,0.14,0.90,"",-1,-11.1,-5,-3.3,-6,-3.9,5,3.6,469168,18.8,31654,20.9,307,21.7,265,20.4
"13089","5","23899","77","0","2024","4","",40,291,294,293,7284856,272360,3541,1915,"",0.36,0.36,0.37,0.39,0.46,0.30,0.17,1.24,"",6,17.6,-33,-10.2,-13,-4.2,-14,-4.6,262827,3.7,-138170,-33.7,-4878,-57.9,187,10.8
"13089","5","238991","78","0","2024","4","",20,80,83,86,1641183,121057,1799,1521,"",0.27,0.20,0.21,0.23,0.25,0.27,0.19,1.15,"",4,25.0,5,6.7,-5,-5.7,-4,-4.4,39586,2.5,-58778,-32.7,-1716,-48.8,60,4.1
"13089","5","238992","78","0","2024","4","",20,211,211,207,5643673,151303,1742,2071,"",0.55,0.51,0.52,0.54,0.62,0.33,0.15,1.18,"",2,11.1,-38,-15.3,-8,-3.7,-10,-4.6,223241,4.1,-79392,-34.4,-3162,-64.5,245,13.4
"13089","5","31-33","74","0","2024","4","",636,12906,12823,12825,245282776,8523530,97822,1468,"",0.82,0.51,0.51,0.51,0.43,0.47,0.49,0.85,"",37,6.2,-958,-6.9,-998,-7.2,-993,-7.2,-9328901,-3.7,-4299472,-33.5,-65834,-40.2,52,3.7
"13089","5","311","75","0","2024","4","",84,2753,2751,2757,41683763,2436791,24200,1164,"",1.02,0.77,0.78,0.78,0.72,0.67,0.63,0.93,"",2,2.4,-513,-15.7,-526,-16.1,-442,-13.8,-3336930,-7.4,-2884615,-54.2,-41851,-63.4,98,9.2
"13089","5","3111","76","0","2024","4","",6,51,53,56,499040,101266,1820,720,"",1.06,0.34,0.35,0.37,0.16,0.86,1.76,0.46,"",1,20.0,14,37.8,10,23.3,11,24.4,71962,16.8,47603,88.7,173,10.5,-68,-8.6
"13089","5","31111","77","0","2024","4","",6,51,53,56,499040,101266,1820,720,"",1.06,0.34,0.35,0.37,0.16,0.86,1.76,0.46,"",1,20.0,14,37.8,10,23.3,11,24.4,71962,16.8,47603,88.7,173,10.5,-68,-8.6
"13089","5","311111","78","0","2024","4","N",4,0,0,0,0,0,0,0,"N",2.12,0,0,0,0,0,0,0,"N",2,100.0,0,0,0,0,0,0,0,0,0,0,0,0,0,0
"13089","5","311119","78","0","2024","4","N",2,0,0,0,0,0,0,0,"N",0.53,0,0,0,0,0,0,0,"N",-1,-33.3,0,0,0,0,0,0,0,0,0,0,0,0,0,0
"13089","5","3112","76","0","2024","4","N",1,0,0,0,0,0,0,0,"N",0.41,0,0,0,0,0,0,0,"N",0,0.0,0,0,0,0,0,0,0,0,0,0,0,0,0,0
"13089","5","31122","77","0","2024","4","N",1,0,0,0,0,0,0,0,"N",0.97,0,0,0,0,0,0,0,"N",0,0.0,0,0,0,0,0,0,0,0,0,0,0,0,0,0
"13089","5","311224","78","0","2024","4","N",1,0,0,0,0,0,0,0,"N",2.11,0,0,0,0,0,0,0,"N",0,0.0,0,0,0,0,0,0,0,0,0,0,0,0,0,0
"13089","5","3113","76","0","2024","4","N",3,0,0,0,0,0,0,0,"N",0.65,0,0,0,0,0,0,0,"N",0,0.0,0,0,0,0,0,0,0,0,0,0,0,0,0,0
"13089","5","31131","77","0","2024","4","N",1,0,0,0,0,0,0,0,"N",4.70,0,0,0,0,0,0,0,"N",0,0.0,0,0,0,0,0,0,0,0,0,0,0,0,0,0
"13089","5","311314","78","0","2024","4","N",1,0,0,0,0,0,0,0,"N",6.80,0,0,0,0,0,0,0,"N",0,0.0,0,0,0,0,0,0,0,0,0,0,0,0,0,0
"13089","5","31135","77","0","2024","4","N",2,0,0,0,0,0,0,0,"N",0.67,0,0,0,0,0,0,0,"N",0,0.0,0,0,0,0,0,0,0,0,0,0,0,0,0,0
"13089","5","311352","78","0","2024","4","N",2,0,0,0,0,0,0,0,"N",0.88,0,0,0,0,0,0,0,"N",0,0.0,0,0,0,0,0,0,0,0,0,0,0,0,0,0
"13089","5","3114","76","0","2024","4","",6,130,128,131,2074157,150900,2602,1230,"",1.07,0.36,0.37,0.39,0.35,0.31,0.35,0.93,"N",3,100.0,0,0,0,0,0,0,0,0,0,0,0,0,0,0
"13089","5","31141","77","0","2024","4","N",3,0,0,0,0,0,0,0,"N",1.27,0,0,0,0,0,0,0,"N",2,200.0,0,0,0,0,0,0,0,0,0,0,0,0,0,0
"13089","5","311411","78","0","2024","4","N",2,0,0,0,0,0,0,0,"N",2.95,0,0,0,0,0,0,0,"N",1,100.0,0,0,0,0,0,0,0,0,0,0,0,0,0,0
"13089","5","311412","78","0","2024","4","N",1,0,0,0,0,0,0,0,"N",0.59,0,0,0,0,0,0,0,"N",1,100.0,0,0,0,0,0,0,0,0,0,0,0,0,0,0
"13089","5","31142","77","0","2024","4","N",3,0,0,0,0,0,0,0,"N",0.93,0,0,0,0,0,0,0,"N",1,50.0,0,0,0,0,0,0,0,0,0,0,0,0,0,0
"13089","5","311421","78","0","2024","4","N",3,0,0,0,0,0,0,0,"N",1.35,0,0,0,0,0,0,0,"N",1,50.0,0,0,0,0,0,0,0,0,0,0,0,0,0,0
"13089","5","3115","76","0","2024","4","N",4,0,0,0,0,0,0,0,"N",0.72,0,0,0,0,0,0,0,"N",0,0.0,0,0,0,0,0,0,0,0,0,0,0,0,0,0
"13089","5","31151","77","0","2024","4","N",2,0,0,0,0,0,0,0,"N",0.56,0,0,0,0,0,0,0,"N",0,0.0,0,0,0,0,0,0,0,0,0,0,0,0,0,0
"13089","5","311512","78","0","2024","4","N",1,0,0,0,0,0,0,0,"N",8.34,0,0,0,0,0,0,0,"N",0,0.0,0,0,0,0,0,0,0,0,0,0,0,0,0,0
"13089","5","311514","78","0","2024","4","N",1,0,0,0,0,0,0,0,"N",1.75,0,0,0,0,0,0,0,"N",0,0.0,0,0,0,0,0,0,0,0,0,0,0,0,0,0
"13089","5","31152","77","0","2024","4","N",2,0,0,0,0,0,0,0,"N",1.00,0,0,0,0,0,0,0,"N",0,0.0,0,0,0,0,0,0,0,0,0,0,0,0,0,0
"13089","5","311520","78","0","2024","4","N",2,0,0,0,0,0,0,0,"N",1.00,0,0,0,0,0,0,0,"N",0,0.0,0,0,0,0,0,0,0,0,0,0,0,0,0,0
"13089","5","3116","76","0","2024","4","N",3,0,0,0,0,0,0,0,"N",0.33,0,0,0,0,0,0,0,"N",0,0.0,0,0,0,0,0,0,0,0,0,0,0,0,0,0
"13089","5","31161","77","0","2024","4","N",3,0,0,0,0,0,0,0,"N",0.33,0,0,0,0,0,0,0,"N",0,0.0,0,0,0,0,0,0,0,0,0,0,0,0,0,0
"13089","5","311611","78","0","2024","4","N",1,0,0,0,0,0,0,0,"N",0.31,0,0,0,0,0,0,0,"N",0,0.0,0,0,0,0,0,0,0,0,0,0,0,0,0,0
"13089","5","311612","78","0","2024","4","N",2,0,0,0,0,0,0,0,"N",0.52,0,0,0,0,0,0,0,"N",0,0.0,0,0,0,0,0,0,0,0,0,0,0,0,0,0
"13089","5","3118","76","0","2024","4","",43,1403,1404,1431,21162601,986999,6744,1152,"",1.40,2.00,1.99,2.01,2.26,1.28,0.79,1.13,"",-2,-4.4,-59,-4.0,-76,-5.1,-38,-2.6,890222,4.4,-524772,-34.7,-3882,-36.5,91,8.6
"13089","5","31181","77","0","2024","4","N",39,0,0,0,0,0,0,0,"N",1.43,0,0,0,0,0,0,0,"N",-3,-7.1,0,0,0,0,0,0,0,0,0,0,0,0,0,0
"13089","5","311811","78","0","2024","4","",17,259,269,292,2807218,323368,2222,790,"",0.92,1.23,1.26,1.35,1.65,1.19,0.71,1.29,"",-3,-15.0,-6,-2.3,0,0.0,21,7.7,197733,7.6,-7053,-2.1,175,8.5,42,5.6
"13089","5","311812","78","0","2024","4","",21,949,940,948,16126700,614825,4013,1312,"",2.55,3.17,3.13,3.15,3.50,1.96,1.15,1.11,"",0,0.0,-27,-2.8,-49,-5.0,-29,-3.0,1039370,6.9,-380647,-38.2,406,11.3,129,10.9
"13089","5","311813","78","0","2024","4","N",1,0,0,0,0,0,0,0,"N",1.70,0,0,0,0,0,0,0,"N",0,0.0,0,0,0,0,0,0,0,0,0,0,0,0,0,0
"13089","5","31182","77","0","2024","4","N",4,0,0,0,0,0,0,0,"N",1.63,0,0,0,0,0,0,0,"N",1,33.3,0,0,0,0,0,0,0,0,0,0,0,0,0,0
"13089","5","311821","78","0","2024","4","N",1,0,0,0,0,0,0,0,"N",0.68,0,0,0,0,0,0,0,"N",0,0.0,0,0,0,0,0,0,0,0,0,0,0,0,0,0
"13089","5","311824","78","0","2024","4","",3,14,15,14,105379,5400,33,566,"",3.06,0.33,0.35,0.33,0.13,0.14,0.08,0.38,"N",1,50.0,0,0,0,0,0,0,0,0,0,0,0,0,0,0
"13089","5","3119","76","0","2024","4","",18,783,762,742,10310373,762222,9457,1040,"",1.08,1.46,1.41,1.37,1.08,1.38,1.43,0.77,"",0,0.0,-424,-35.1,-428,-36.0,-397,-34.9,-4225340,-29.1,-2472971,-76.4,-39079,-80.5,91,9.6
"13089","5","31191","77","0","2024","4","N",3,0,0,0,0,0,0,0,"N",1.33,0,0,0,0,0,0,0,"N",-1,-25.0,0,0,0,0,0,0,0,0,0,0,0,0,0,0
"13089","5","311911","78","0","2024","4","N",1,0,0,0,0,0,0,0,"N",1.52,0,0,0,0,0,0,0,"N",-1,-50.0,0,0,0,0,0,0,0,0,0,0,0,0,0,0
"13089","5","311919","78","0","2024","4","N",2,0,0,0,0,0,0,0,"N",1.25,0,0,0,0,0,0,0,"N",0,0.0,0,0,0,0,0,0,0,0,0,0,0,0,0,0
"13089","5","31192","77","0","2024","4","N",4,0,0,0,0,0,0,0,"N",1.18,0,0,0,0,0,0,0,"N",0,0.0,0,0,0,0,0,0,0,0,0,0,0,0,0,0
"13089","5","311920","78","0","2024","4","N",4,0,0,0,0,0,0,0,"N",1.18,0,0,0,0,0,0,0,"N",0,0.0,0,0,0,0,0,0,0,0,0,0,0,0,0,0
"13089","5","31193","77","0","2024","4","N",1,0,0,0,0,0,0,0,"N",1.42,0,0,0,0,0,0,0,"N",0,0.0,0,0,0,0,0,0,0,0,0,0,0,0,0,0
"13089","5","311930","78","0","2024","4","N",1,0,0,0,0,0,0,0,"N",1.42,0,0,0,0,0,0,0,"N",0,0.0,0,0,0,0,0,0,0,0,0,0,0,0,0,0
"13089","5","31194","77","0","2024","4","N",3,0,0,0,0,0,0,0,"N",1.26,0,0,0,0,0,0,0,"N",0,0.0,0,0,0,0,0,0,0,0,0,0,0,0,0,0
"13089","5","311941","78","0","2024","4","N",1,0,0,0,0,0,0,0,"N",1.03,0,0,0,0,0,0,0,"N",0,0.0,0,0,0,0,0,0,0,0,0,0,0,0,0,0
"13089","5","311942","78","0","2024","4","N",2,0,0,0,0,0,0,0,"N",1.42,0,0,0,0,0,0,0,"N",0,0.0,0,0,0,0,0,0,0,0,0,0,0,0,0,0
"13089","5","31199","77","0","2024","4","N",7,0,0,0,0,0,0,0,"N",0.88,0,0,0,0,0,0,0,"N",1,16.7,0,0,0,0,0,0,0,0,0,0,0,0,0,0
"13089","5","311991","78","0","2024","4","N",6,0,0,0,0,0,0,0,"N",1.63,0,0,0,0,0,0,0,"N",1,20.0,0,0,0,0,0,0,0,0,0,0,0,0,0,0
"13089","5","311999","78","0","2024","4","N",1,0,0,0,0,0,0,0,"N",0.23,0,0,0,0,0,0,0,"N",0,0.0,0,0,0,0,0,0,0,0,0,0,0,0,0,0
"13089","5","312","75","0","2024","4","",24,628,623,611,10352122,561535,9948,1283,"",0.73,0.93,0.95,0.94,1.00,0.94,1.28,1.07,"",1,4.3,-164,-20.7,-159,-20.3,-221,-26.6,-1688709,-14.0,-373130,-39.9,-10996,-52.5,128,11.1
"13089","5","3121","76","0","2024","4","N",22,0,0,0,0,0,0,0,"N",0.69,0,0,0,0,0,0,0,"N",1,4.8,0,0,0,0,0,0,0,0,0,0,0,0,0,0
"13089","5","31211","77","0","2024","4","N",7,0,0,0,0,0,0,0,"N",1.31,0,0,0,0,0,0,0,"N",1,16.7,0,0,0,0,0,0,0,0,0,0,0,0,0,0
"13089","5","312111","78","0","2024","4","N",5,0,0,0,0,0,0,0,"N",1.84,0,0,0,0,0,0,0,"N",1,25.0,0,0,0,0,0,0,0,0,0,0,0,0,0,0
"13089","5","312112","78","0","2024","4","N",1,0,0,0,0,0,0,0,"N",0.64,0,0,0,0,0,0,0,"N",0,0.0,0,0,0,0,0,0,0,0,0,0,0,0,0,0
"13089","5","312113","78","0","2024","4","N",1,0,0,0,0,0,0,0,"N",0.94,0,0,0,0,0,0,0,"N",0,0.0,0,0,0,0,0,0,0,0,0,0,0,0,0,0
"13089","5","31212","77","0","2024","4","",11,143,140,137,1167979,236929,2251,642,"",0.94,0.66,0.66,0.65,0.44,1.05,0.84,0.67,"",0,0.0,14,10.9,12,9.4,8,6.2,55051,4.9,53944,29.5,-1311,-36.8,-23,-3.5
"13089","5","312120","78","0","2024","4","",11,143,140,137,1167979,236929,2251,642,"",0.94,0.66,0.66,0.65,0.44,1.05,0.84,0.67,"",0,0.0,14,10.9,12,9.4,8,6.2,55051,4.9,53944,29.5,-1311,-36.8,-23,-3.5
"13089","5","31213","77","0","2024","4","",3,6,6,6,106031,2617,15,1359,"",0.27,0.04,0.04,0.04,0.05,0.02,0.01,1.22,"N",1,50.0,0,0,0,0,0,0,0,0,0,0,0,0,0,0
"13089","5","312130","78","0","2024","4","",3,6,6,6,106031,2617,15,1359,"",0.27,0.04,0.04,0.04,0.05,0.02,0.01,1.22,"N",1,50.0,0,0,0,0,0,0,0,0,0,0,0,0,0,0
"13089","5","31214","77","0","2024","4","N",1,0,0,0,0,0,0,0,"N",0.27,0,0,0,0,0,0,0,"N",-1,-50.0,0,0,0,0,0,0,0,0,0,0,0,0,0,0
"13089","5","312140","78","0","2024","4","N",1,0,0,0,0,0,0,0,"N",0.27,0,0,0,0,0,0,0,"N",-1,-50.0,0,0,0,0,0,0,0,0,0,0,0,0,0,0
"13089","5","3122","76","0","2024","4","N",2,0,0,0,0,0,0,0,"N",2.35,0,0,0,0,0,0,0,"N",0,0.0,0,0,0,0,0,0,0,0,0,0,0,0,0,0
"13089","5","31223","77","0","2024","4","N",2,0,0,0,0,0,0,0,"N",2.35,0,0,0,0,0,0,0,"N",0,0.0,0,0,0,0,0,0,0,0,0,0,0,0,0,0
"13089","5","312230","78","0","2024","4","N",2,0,0,0,0,0,0,0,"N",2.35,0,0,0,0,0,0,0,"N",0,0.0,0,0,0,0,0,0,0,0,0,0,0,0,0,0
"13089","5","313","75","0","2024","4","N",3,0,0,0,0,0,0,0,"N",0.57,0,0,0,0,0,0,0,"N",0,0.0,0,0,0,0,0,0,0,0,0,0,0,0,0,0
"13089","5","3133","76","0","2024","4","N",3,0,0,0,0,0,0,0,"N",1.23,0,0,0,0,0,0,0,"N",0,0.0,0,0,0,0,0,0,0,0,0,0,0,0,0,0
"13089","5","31331","77","0","2024","4","N",3,0,0,0,0,0,0,0,"N",1.47,0,0,0,0,0,0,0,"N",0,0.0,0,0,0,0,0,0,0,0,0,0,0,0,0,0
"13089","5","313310","78","0","2024","4","N",3,0,0,0,0,0,0,0,"N",1.47,0,0,0,0,0,0,0,"N",0,0.0,0,0,0,0,0,0,0,0,0,0,0,0,0,0
"13089","5","314","75","0","2024","4","",14,218,218,214,2866675,134060,1693,1018,"",1.16,1.14,1.14,1.11,1.03,0.85,1.15,0.91,"",0,0.0,16,7.9,23,11.8,23,12.0,391691,15.8,278,0.2,461,37.4,47,4.8
"13089","5","3141","76","0","2024","4","N",4,0,0,0,0,0,0,0,"N",1.37,0,0,0,0,0,0,0,"N",0,0.0,0,0,0,0,0,0,0,0,0,0,0,0,0,0
"13089","5","31411","77","0","2024","4","N",2,0,0,0,0,0,0,0,"N",2.40,0,0,0,0,0,0,0,"N",1,100.0,0,0,0,0,0,0,0,0,0,0,0,0,0,0
"13089","5","314110","78","0","2024","4","N",2,0,0,0,0,0,0,0,"N",2.40,0,0,0,0,0,0,0,"N",1,100.0,0,0,0,0,0,0,0,0,0,0,0,0,0,0
"13089","5","31412","77","0","2024","4","N",2,0,0,0,0,0,0,0,"N",0.96,0,0,0,0,0,0,0,"N",-1,-33.3,0,0,0,0,0,0,0,0,0,0,0,0,0,0
"13089","5","314120","78","0","2024","4","N",2,0,0,0,0,0,0,0,"N",0.96,0,0,0,0,0,0,0,"N",-1,-33.3,0,0,0,0,0,0,0,0,0,0,0,0,0,0
"13089","5","3149","76","0","2024","4","N",10,0,0,0,0,0,0,0,"N",1.10,0,0,0,0,0,0,0,"N",0,0.0,0,0,0,0,0,0,0,0,0,0,0,0,0,0
"13089","5","31491","77","0","2024","4","N",2,0,0,0,0,0,0,0,"N",0.64,0,0,0,0,0,0,0,"N",0,0.0,0,0,0,0,0,0,0,0,0,0,0,0,0,0
"13089","5","314910","78","0","2024","4","N",2,0,0,0,0,0,0,0,"N",0.64,0,0,0,0,0,0,0,"N",0,0.0,0,0,0,0,0,0,0,0,0,0,0,0,0,0
"13089","5","31499","77","0","2024","4","N",8,0,0,0,0,0,0,0,"N",1.33,0,0,0,0,0,0,0,"N",0,0.0,0,0,0,0,0,0,0,0,0,0,0,0,0,0
"13089","5","314999","78","0","2024","4","N",8,0,0,0,0,0,0,0,"N",1.40,0,0,0,0,0,0,0,"N",0,0.0,0,0,0,0,0,0,0,0,0,0,0,0,0,0
"13089","5","315","75","0","2024","4","",11,228,248,242,2161697,254015,6401,695,"",0.90,1.40,1.53,1.49,0.84,1.84,3.31,0.57,"",1,10.0,22,10.7,41,19.8,29,13.6,129789,6.4,78089,44.4,2687,72.3,-54,-7.2
"13089","5","3152","76","0","2024","4","N",10,0,0,0,0,0,0,0,"N",1.11,0,0,0,0,0,0,0,"N",1,11.1,0,0,0,0,0,0,0,0,0,0,0,0,0,0
"13089","5","31521","77","0","2024","4","",4,18,20,20,203570,12376,781,810,"",0.96,0.45,0.50,0.50,0.39,0.36,1.18,0.80,"N",1,33.3,0,0,0,0,0,0,0,0,0,0,0,0,0,0
"13089","5","315210","78","0","2024","4","",4,18,20,20,203570,12376,781,810,"",0.96,0.45,0.50,0.50,0.39,0.36,1.18,0.80,"N",1,33.3,0,0,0,0,0,0,0,0,0,0,0,0,0,0
"13089","5","31525","77","0","2024","4","N",6,0,0,0,0,0,0,0,"N",1.24,0,0,0,0,0,0,0,"N",0,0.0,0,0,0,0,0,0,0,0,0,0,0,0,0,0
"13089","5","315250","78","0","2024","4","N",6,0,0,0,0,0,0,0,"N",1.24,0,0,0,0,0,0,0,"N",0,0.0,0,0,0,0,0,0,0,0,0,0,0,0,0,0
"13089","5","3159","76","0","2024","4","N",1,0,0,0,0,0,0,0,"N",0.36,0,0,0,0,0,0,0,"N",0,0.0,0,0,0,0,0,0,0,0,0,0,0,0,0,0
"13089","5","31599","77","0","2024","4","N",1,0,0,0,0,0,0,0,"N",0.36,0,0,0,0,0,0,0,"N",0,0.0,0,0,0,0,0,0,0,0,0,0,0,0,0,0
"13089","5","315990","78","0","2024","4","N",1,0,0,0,0,0,0,0,"N",0.36,0,0,0,0,0,0,0,"N",0,0.0,0,0,0,0,0,0,0,0,0,0,0,0,0,0
"13089","5","316","75","0","2024","4","N",1,0,0,0,0,0,0,0,"N",0.33,0,0,0,0,0,0,0,"N",1,100.0,0,0,0,0,0,0,0,0,0,0,0,0,0,0
"13089","5","3162","76","0","2024","4","N",1,0,0,0,0,0,0,0,"N",1.29,0,0,0,0,0,0,0,"N",1,100.0,0,0,0,0,0,0,0,0,0,0,0,0,0,0
"13089","5","31621","77","0","2024","4","N",1,0,0,0,0,0,0,0,"N",1.29,0,0,0,0,0,0,0,"N",1,100.0,0,0,0,0,0,0,0,0,0,0,0,0,0,0
"13089","5","316210","78","0","2024","4","N",1,0,0,0,0,0,0,0,"N",1.29,0,0,0,0,0,0,0,"N",1,100.0,0,0,0,0,0,0,0,0,0,0,0,0,0,0
"13089","5","321","75","0","2024","4","",16,646,644,644,10759631,399616,4631,1284,"",0.51,0.79,0.79,0.79,0.79,0.45,0.51,1.00,"",1,6.7,-48,-6.9,-51,-7.3,-47,-6.8,-218585,-2.0,-165868,-29.3,1253,37.1,66,5.4
"13089","5","3211","76","0","2024","4","N",5,0,0,0,0,0,0,0,"N",0.76,0,0,0,0,0,0,0,"N",0,0.0,0,0,0,0,0,0,0,0,0,0,0,0,0,0
"13089","5","32111","77","0","2024","4","N",5,0,0,0,0,0,0,0,"N",0.76,0,0,0,0,0,0,0,"N",0,0.0,0,0,0,0,0,0,0,0,0,0,0,0,0,0
"13089","5","321113","78","0","2024","4","N",4,0,0,0,0,0,0,0,"N",0.71,0,0,0,0,0,0,0,"N",0,0.0,0,0,0,0,0,0,0,0,0,0,0,0,0,0
"13089","5","321114","78","0","2024","4","N",1,0,0,0,0,0,0,0,"N",1.13,0,0,0,0,0,0,0,"N",0,0.0,0,0,0,0,0,0,0,0,0,0,0,0,0,0
"13089","5","3219","76","0","2024","4","N",11,0,0,0,0,0,0,0,"N",0.52,0,0,0,0,0,0,0,"N",1,10.0,0,0,0,0,0,0,0,0,0,0,0,0,0,0
"13089","5","32191","77","0","2024","4","N",3,0,0,0,0,0,0,0,"N",0.44,0,0,0,0,0,0,0,"N",-1,-25.0,0,0,0,0,0,0,0,0,0,0,0,0,0,0
"13089","5","321911","78","0","2024","4","N",1,0,0,0,0,0,0,0,"N",0.42,0,0,0,0,0,0,0,"N",-1,-50.0,0,0,0,0,0,0,0,0,0,0,0,0,0,0
"13089","5","321918","78","0","2024","4","N",2,0,0,0,0,0,0,0,"N",0.61,0,0,0,0,0,0,0,"N",0,0.0,0,0,0,0,0,0,0,0,0,0,0,0,0,0
"13089","5","32192","77","0","2024","4","N",3,0,0,0,0,0,0,0,"N",0.49,0,0,0,0,0,0,0,"N",1,50.0,0,0,0,0,0,0,0,0,0,0,0,0,0,0
"13089","5","321920","78","0","2024","4","N",3,0,0,0,0,0,0,0,"N",0.49,0,0,0,0,0,0,0,"N",1,50.0,0,0,0,0,0,0,0,0,0,0,0,0,0,0
"13089","5","32199","77","0","2024","4","",5,72,69,62,1564456,64196,841,1778,"",0.61,0.48,0.46,0.41,0.63,0.45,0.46,1.40,"N",1,25.0,0,0,0,0,0,0,0,0,0,0,0,0,0,0
"13089","5","321992","78","0","2024","4","N",3,0,0,0,0,0,0,0,"N",1.55,0,0,0,0,0,0,0,"N",0,0.0,0,0,0,0,0,0,0,0,0,0,0,0,0,0
"13089","5","321999","78","0","2024","4","N",2,0,0,0,0,0,0,0,"N",0.37,0,0,0,0,0,0,0,"N",1,100.0,0,0,0,0,0,0,0,0,0,0,0,0,0,0
"13089","5","322","75","0","2024","4","",11,413,427,430,8934958,218058,2175,1624,"",0.99,0.59,0.61,0.61,0.59,0.50,0.49,0.99,"",2,22.2,37,9.8,54,14.5,58,15.6,2077533,30.3,87507,67.0,1103,102.9,212,15.0
"13089","5","3221","76","0","2024","4","N",3,0,0,0,0,0,0,0,"N",1.71,0,0,0,0,0,0,0,"N",0,0.0,0,0,0,0,0,0,0,0,0,0,0,0,0,0
"13089","5","32212","77","0","2024","4","N",2,0,0,0,0,0,0,0,"N",1.91,0,0,0,0,0,0,0,"N",0,0.0,0,0,0,0,0,0,0,0,0,0,0,0,0,0
"13089","5","322120","78","0","2024","4","N",2,0,0,0,0,0,0,0,"N",1.91,0,0,0,0,0,0,0,"N",0,0.0,0,0,0,0,0,0,0,0,0,0,0,0,0,0
"13089","5","32213","77","0","2024","4","N",1,0,0,0,0,0,0,0,"N",1.84,0,0,0,0,0,0,0,"N",0,0.0,0,0,0,0,0,0,0,0,0,0,0,0,0,0
"13089","5","322130","78","0","2024","4","N",1,0,0,0,0,0,0,0,"N",1.84,0,0,0,0,0,0,0,"N",0,0.0,0,0,0,0,0,0,0,0,0,0,0,0,0,0
"13089","5","3222","76","0","2024","4","N",8,0,0,0,0,0,0,0,"N",0.86,0,0,0,0,0,0,0,"N",2,33.3,0,0,0,0,0,0,0,0,0,0,0,0,0,0
"13089","5","32221","77","0","2024","4","",6,386,400,403,8426476,187698,1714,1635,"",1.25,1.22,1.27,1.27,1.32,0.95,0.85,1.05,"N",2,50.0,0,0,0,0,0,0,0,0,0,0,0,0,0,0
"13089","5","322211","78","0","2024","4","N",5,0,0,0,0,0,0,0,"N",1.53,0,0,0,0,0,0,0,"N",2,66.7,0,0,0,0,0,0,0,0,0,0,0,0,0,0
"13089","5","322219","78","0","2024","4","N",1,0,0,0,0,0,0,0,"N",1.32,0,0,0,0,0,0,0,"N",0,0.0,0,0,0,0,0,0,0,0,0,0,0,0,0,0
"13089","5","32222","77","0","2024","4","N",2,0,0,0,0,0,0,0,"N",0.94,0,0,0,0,0,0,0,"N",1,100.0,0,0,0,0,0,0,0,0,0,0,0,0,0,0
"13089","5","322220","78","0","2024","4","N",2,0,0,0,0,0,0,0,"N",0.94,0,0,0,0,0,0,0,"N",1,100.0,0,0,0,0,0,0,0,0,0,0,0,0,0,0
"13089","5","32229","77","0","2024","4","-",0,0,0,0,0,0,0,0,"N",0.00,0,0,0,0,0,0,0,"N",-1,-100.0,0,0,0,0,0,0,0,0,0,0,0,0,0,0
"13089","5","322299","78","0","2024","4","-",0,0,0,0,0,0,0,0,"N",0.00,0,0,0,0,0,0,0,"N",-1,-100.0,0,0,0,0,0,0,0,0,0,0,0,0,0,0
"13089","5","323","75","0","2024","4","",71,686,675,658,14313430,309581,5325,1636,"",1.32,0.97,0.95,0.93,1.22,0.52,0.91,1.29,"",-1,-1.4,-331,-32.5,-330,-32.8,-338,-33.9,-4438652,-23.7,-536006,-63.4,-9340,-63.7,202,14.1
"13089","5","3231","76","0","2024","4","",71,686,675,658,14313430,309581,5325,1636,"",1.32,0.97,0.95,0.93,1.22,0.52,0.91,1.29,"",-1,-1.4,-331,-32.5,-330,-32.8,-338,-33.9,-4438652,-23.7,-536006,-63.4,-9340,-63.7,202,14.1
"13089","5","32311","77","0","2024","4","N",65,0,0,0,0,0,0,0,"N",1.27,0,0,0,0,0,0,0,"N",-1,-1.5,0,0,0,0,0,0,0,0,0,0,0,0,0,0
"13089","5","323111","78","0","2024","4","",50,496,491,477,11561460,235800,4503,1822,"",1.42,0.99,0.98,0.95,1.30,0.58,1.15,1.33,"",1,2.0,-307,-38.2,-305,-38.3,-323,-40.4,-3868220,-25.1,-496091,-67.8,-8684,-65.9,338,22.8
"13089","5","323113","78","0","2024","4","N",15,0,0,0,0,0,0,0,"N",1.01,0,0,0,0,0,0,0,"N",-2,-11.8,0,0,0,0,0,0,0,0,0,0,0,0,0,0
"13089","5","32312","77","0","2024","4","N",6,0,0,0,0,0,0,0,"N",2.49,0,0,0,0,0,0,0,"N",0,0.0,0,0,0,0,0,0,0,0,0,0,0,0,0,0
"13089","5","323120","78","0","2024","4","N",6,0,0,0,0,0,0,0,"N",2.49,0,0,0,0,0,0,0,"N",0,0.0,0,0,0,0,0,0,0,0,0,0,0,0,0,0
"13089","5","324","75","0","2024","4","N",2,0,0,0,0,0,0,0,"N",0.39,0,0,0,0,0,0,0,"N",-1,-33.3,0,0,0,0,0,0,0,0,0,0,0,0,0,0
"13089","5","3241","76","0","2024","4","N",2,0,0,0,0,0,0,0,"N",0.39,0,0,0,0,0,0,0,"N",-1,-33.3,0,0,0,0,0,0,0,0,0,0,0,0,0,0
"13089","5","32411","77","0","2024","4","-",0,0,0,0,0,0,0,0,"N",0.00,0,0,0,0,0,0,0,"N",-1,-100.0,0,0,0,0,0,0,0,0,0,0,0,0,0,0
"13089","5","324110","78","0","2024","4","-",0,0,0,0,0,0,0,0,"N",0.00,0,0,0,0,0,0,0,"N",-1,-100.0,0,0,0,0,0,0,0,0,0,0,0,0,0,0
"13089","5","32412","77","0","2024","4","N",2,0,0,0,0,0,0,0,"N",0.75,0,0,0,0,0,0,0,"N",0,0.0,0,0,0,0,0,0,0,0,0,0,0,0,0,0
"13089","5","324121","78","0","2024","4","N",1,0,0,0,0,0,0,0,"N",0.49,0,0,0,0,0,0,0,"N",0,0.0,0,0,0,0,0,0,0,0,0,0,0,0,0,0
"13089","5","324122","78","0","2024","4","N",1,0,0,0,0,0,0,0,"N",1.61,0,0,0,0,0,0,0,"N",0,0.0,0,0,0,0,0,0,0,0,0,0,0,0,0,0
"13089","5","325","75","0","2024","4","",59,969,983,981,19253021,488002,5813,1515,"",1.20,0.54,0.55,0.55,0.37,0.50,0.55,0.68,"",3,5.4,201,26.2,222,29.2,199,25.4,5730367,42.4,-156583,-24.3,-4052,-41.1,165,12.2
"13089","5","3251","76","0","2024","4","",4,67,69,66,1456250,29146,151,1664,"",0.51,0.22,0.22,0.21,0.15,0.25,0.13,0.70,"N",2,100.0,0,0,0,0,0,0,0,0,0,0,0,0,0,0
"13089","5","32512","77","0","2024","4","N",1,0,0,0,0,0,0,0,"N",0.55,0,0,0,0,0,0,0,"N",0,0.0,0,0,0,0,0,0,0,0,0,0,0,0,0,0
"13089","5","325120","78","0","2024","4","N",1,0,0,0,0,0,0,0,"N",0.55,0,0,0,0,0,0,0,"N",0,0.0,0,0,0,0,0,0,0,0,0,0,0,0,0,0
"13089","5","32518","77","0","2024","4","N",1,0,0,0,0,0,0,0,"N",0.50,0,0,0,0,0,0,0,"N",1,100.0,0,0,0,0,0,0,0,0,0,0,0,0,0,0
"13089","5","325180","78","0","2024","4","N",1,0,0,0,0,0,0,0,"N",0.50,0,0,0,0,0,0,0,"N",1,100.0,0,0,0,0,0,0,0,0,0,0,0,0,0,0
"13089","5","32519","77","0","2024","4","N",2,0,0,0,0,0,0,0,"N",0.65,0,0,0,0,0,0,0,"N",1,100.0,0,0,0,0,0,0,0,0,0,0,0,0,0,0
"13089","5","325199","78","0","2024","4","N",2,0,0,0,0,0,0,0,"N",0.84,0,0,0,0,0,0,0,"N",1,100.0,0,0,0,0,0,0,0,0,0,0,0,0,0,0
"13089","5","3252","76","0","2024","4","N",5,0,0,0,0,0,0,0,"N",1.26,0,0,0,0,0,0,0,"N",1,25.0,0,0,0,0,0,0,0,0,0,0,0,0,0,0
"13089","5","32521","77","0","2024","4","N",5,0,0,0,0,0,0,0,"N",1.42,0,0,0,0,0,0,0,"N",1,25.0,0,0,0,0,0,0,0,0,0,0,0,0,0,0
"13089","5","325211","78","0","2024","4","N",5,0,0,0,0,0,0,0,"N",1.61,0,0,0,0,0,0,0,"N",1,25.0,0,0,0,0,0,0,0,0,0,0,0,0,0,0
"13089","5","3253","76","0","2024","4","N",1,0,0,0,0,0,0,0,"N",0.33,0,0,0,0,0,0,0,"N",1,100.0,0,0,0,0,0,0,0,0,0,0,0,0,0,0
"13089","5","32531","77","0","2024","4","N",1,0,0,0,0,0,0,0,"N",0.49,0,0,0,0,0,0,0,"N",1,100.0,0,0,0,0,0,0,0,0,0,0,0,0,0,0
"13089","5","325315","78","0","2024","4","N",1,0,0,0,0,0,0,0,"N",5.39,0,0,0,0,0,0,0,"N",1,100.0,0,0,0,0,0,0,0,0,0,0,0,0,0,0
"13089","5","3254","76","0","2024","4","",12,108,111,111,1901947,27716,464,1330,"",0.80,0.16,0.16,0.16,0.08,0.06,0.10,0.53,"",0,0.0,-13,-10.7,11,11.0,6,5.7,173101,10.0,-4846,-14.9,-157,-25.3,106,8.7
"13089","5","32541","77","0","2024","4","",12,108,111,111,1901947,27716,464,1330,"",0.80,0.16,0.16,0.16,0.08,0.06,0.10,0.53,"",0,0.0,-13,-10.7,11,11.0,6,5.7,173101,10.0,-4846,-14.9,-157,-25.3,106,8.7
"13089","5","325411","78","0","2024","4","N",1,0,0,0,0,0,0,0,"N",0.35,0,0,0,0,0,0,0,"N",0,0.0,0,0,0,0,0,0,0,0,0,0,0,0,0,0
"13089","5","325412","78","0","2024","4","N",7,0,0,0,0,0,0,0,"N",0.73,0,0,0,0,0,0,0,"N",-1,-12.5,0,0,0,0,0,0,0,0,0,0,0,0,0,0
"13089","5","325413","78","0","2024","4","N",1,0,0,0,0,0,0,0,"N",1.04,0,0,0,0,0,0,0,"N",0,0.0,0,0,0,0,0,0,0,0,0,0,0,0,0,0
"13089","5","325414","78","0","2024","4","N",3,0,0,0,0,0,0,0,"N",1.92,0,0,0,0,0,0,0,"N",1,50.0,0,0,0,0,0,0,0,0,0,0,0,0,0,0
"13089","5","3255","76","0","2024","4","",19,344,341,343,6965280,193207,1424,1564,"",3.84,2.64,2.62,2.62,2.32,3.08,2.00,0.88,"",0,0.0,80,30.3,66,24.0,62,22.1,1989906,40.0,-56073,-22.5,-1434,-50.2,164,11.7
"13089","5","32551","77","0","2024","4","",15,138,137,138,2338306,82220,730,1307,"",4.30,1.66,1.65,1.66,1.26,2.11,1.56,0.76,"N",0,0.0,0,0,0,0,0,0,0,0,0,0,0,0,0,0
"13089","5","325510","78","0","2024","4","",15,138,137,138,2338306,82220,730,1307,"",4.30,1.66,1.65,1.66,1.26,2.11,1.56,0.76,"N",0,0.0,0,0,0,0,0,0,0,0,0,0,0,0,0,0
"13089","5","32552","77","0","2024","4","",4,206,204,205,4626974,110987,694,1736,"",2.73,4.34,4.30,4.29,4.06,4.69,2.81,0.94,"N",0,0.0,0,0,0,0,0,0,0,0,0,0,0,0,0,0
"13089","5","325520","78","0","2024","4","",4,206,204,205,4626974,110987,694,1736,"",2.73,4.34,4.30,4.29,4.06,4.69,2.81,0.94,"N",0,0.0,0,0,0,0,0,0,0,0,0,0,0,0,0,0
"13089","5","3256","76","0","2024","4","",11,257,268,266,4445200,169920,3396,1297,"",1.42,1.13,1.17,1.16,0.82,1.06,1.90,0.71,"",0,0.0,63,32.5,70,35.4,67,33.7,1103012,33.0,-59831,-26.0,-1819,-34.9,-8,-0.6
"13089","5","32561","77","0","2024","4","N",3,0,0,0,0,0,0,0,"N",0.71,0,0,0,0,0,0,0,"N",0,0.0,0,0,0,0,0,0,0,0,0,0,0,0,0,0
"13089","5","325611","78","0","2024","4","N",1,0,0,0,0,0,0,0,"N",0.44,0,0,0,0,0,0,0,"N",-1,-50.0,0,0,0,0,0,0,0,0,0,0,0,0,0,0
"13089","5","325612","78","0","2024","4","N",2,0,0,0,0,0,0,0,"N",1.21,0,0,0,0,0,0,0,"N",1,100.0,0,0,0,0,0,0,0,0,0,0,0,0,0,0
"13089","5","32562","77","0","2024","4","N",8,0,0,0,0,0,0,0,"N",2.29,0,0,0,0,0,0,0,"N",0,0.0,0,0,0,0,0,0,0,0,0,0,0,0,0,0
"13089","5","325620","78","0","2024","4","N",8,0,0,0,0,0,0,0,"N",2.29,0,0,0,0,0,0,0,"N",0,0.0,0,0,0,0,0,0,0,0,0,0,0,0,0,0
"13089","5","3259","76","0","2024","4","",7,139,141,141,3043465,54206,185,1668,"",1.03,0.87,0.89,0.88,0.81,0.60,0.17,0.92,"",-1,-12.5,3,2.2,6,4.4,2,1.4,852610,38.9,-20074,-27.0,-164,-47.0,435,35.3
"13089","5","32591","77","0","2024","4","N",1,0,0,0,0,0,0,0,"N",1.17,0,0,0,0,0,0,0,"N",-1,-50.0,0,0,0,0,0,0,0,0,0,0,0,0,0,0
"13089","5","325910","78","0","2024","4","N",1,0,0,0,0,0,0,0,"N",1.17,0,0,0,0,0,0,0,"N",-1,-50.0,0,0,0,0,0,0,0,0,0,0,0,0,0,0
"13089","5","32599","77","0","2024","4","N",6,0,0,0,0,0,0,0,"N",1.04,0,0,0,0,0,0,0,"N",0,0.0,0,0,0,0,0,0,0,0,0,0,0,0,0,0
"13089","5","325991","78","0","2024","4","N",2,0,0,0,0,0,0,0,"N",2.20,0,0,0,0,0,0,0,"N",0,0.0,0,0,0,0,0,0,0,0,0,0,0,0,0,0
"13089","5","325992","78","0","2024","4","N",1,0,0,0,0,0,0,0,"N",2.55,0,0,0,0,0,0,0,"N",0,0.0,0,0,0,0,0,0,0,0,0,0,0,0,0,0
"13089","5","325998","78","0","2024","4","N",3,0,0,0,0,0,0,0,"N",0.67,0,0,0,0,0,0,0,"N",0,0.0,0,0,0,0,0,0,0,0,0,0,0,0,0,0
"13089","5","326","75","0","2024","4","",17,1166,1093,1167,18943881,788617,5349,1276,"",0.61,0.82,0.77,0.82,0.73,0.77,0.51,0.91,"",-1,-5.6,50,4.5,-23,-2.1,24,2.1,-590097,-3.0,-89919,-10.2,-8443,-61.2,-60,-4.5
"13089","5","3261","76","0","2024","4","",17,1166,1093,1167,18943881,788617,5349,1276,"",0.72,1.00,0.94,1.00,0.90,0.88,0.58,0.92,"",-1,-5.6,50,4.5,-23,-2.1,24,2.1,-590097,-3.0,-89919,-10.2,-8443,-61.2,-60,-4.5
"13089","5","32611","77","0","2024","4","N",4,0,0,0,0,0,0,0,"N",1.17,0,0,0,0,0,0,0,"N",0,0.0,0,0,0,0,0,0,0,0,0,0,0,0,0,0
"13089","5","326111","78","0","2024","4","N",2,0,0,0,0,0,0,0,"N",1.83,0,0,0,0,0,0,0,"N",0,0.0,0,0,0,0,0,0,0,0,0,0,0,0,0,0
"13089","5","326112","78","0","2024","4","N",1,0,0,0,0,0,0,0,"N",0.80,0,0,0,0,0,0,0,"N",0,0.0,0,0,0,0,0,0,0,0,0,0,0,0,0,0
"13089","5","326113","78","0","2024","4","N",1,0,0,0,0,0,0,0,"N",0.94,0,0,0,0,0,0,0,"N",0,0.0,0,0,0,0,0,0,0,0,0,0,0,0,0,0
"13089","5","32613","77","0","2024","4","N",1,0,0,0,0,0,0,0,"N",1.19,0,0,0,0,0,0,0,"N",0,0.0,0,0,0,0,0,0,0,0,0,0,0,0,0,0
"13089","5","326130","78","0","2024","4","N",1,0,0,0,0,0,0,0,"N",1.19,0,0,0,0,0,0,0,"N",0,0.0,0,0,0,0,0,0,0,0,0,0,0,0,0,0
"13089","5","32614","77","0","2024","4","",3,806,739,809,13005289,501447,4101,1275,"",2.64,14.04,12.94,14.08,12.96,10.27,8.49,0.95,"",0,0.0,23,2.9,-43,-5.5,-2,-0.2,-910359,-6.5,-73230,-12.7,-7177,-63.6,-77,-5.7
"13089","5","326140","78","0","2024","4","",3,806,739,809,13005289,501447,4101,1275,"",2.64,14.04,12.94,14.08,12.96,10.27,8.49,0.95,"",0,0.0,23,2.9,-43,-5.5,-2,-0.2,-910359,-6.5,-73230,-12.7,-7177,-63.6,-77,-5.7
"13089","5","32619","77","0","2024","4","",9,277,270,269,4492210,256321,1060,1270,"",0.68,0.45,0.44,0.44,0.42,0.54,0.21,0.94,"",-1,-10.0,16,6.1,8,3.1,12,4.7,130225,3.0,22724,9.7,-408,-27.8,-21,-1.6
"13089","5","326191","78","0","2024","4","N",1,0,0,0,0,0,0,0,"N",1.35,0,0,0,0,0,0,0,"N",0,0.0,0,0,0,0,0,0,0,0,0,0,0,0,0,0
"13089","5","326199","78","0","2024","4","N",8,0,0,0,0,0,0,0,"N",0.64,0,0,0,0,0,0,0,"N",-1,-11.1,0,0,0,0,0,0,0,0,0,0,0,0,0,0
"13089","5","327","75","0","2024","4","",27,393,381,380,7689498,111853,654,1538,"",0.79,0.47,0.46,0.46,0.46,0.18,0.07,0.99,"",3,12.5,-7,-1.8,-19,-4.8,-23,-5.7,-3508524,-31.3,-114625,-50.6,-1428,-68.6,-610,-28.4
"13089","5","3271","76","0","2024","4","N",5,0,0,0,0,0,0,0,"N",1.74,0,0,0,0,0,0,0,"N",0,0.0,0,0,0,0,0,0,0,0,0,0,0,0,0,0
"13089","5","32711","77","0","2024","4","N",2,0,0,0,0,0,0,0,"N",1.29,0,0,0,0,0,0,0,"N",0,0.0,0,0,0,0,0,0,0,0,0,0,0,0,0,0
"13089","5","327110","78","0","2024","4","N",2,0,0,0,0,0,0,0,"N",1.29,0,0,0,0,0,0,0,"N",0,0.0,0,0,0,0,0,0,0,0,0,0,0,0,0,0
"13089","5","32712","77","0","2024","4","N",3,0,0,0,0,0,0,0,"N",2.27,0,0,0,0,0,0,0,"N",0,0.0,0,0,0,0,0,0,0,0,0,0,0,0,0,0
"13089","5","327120","78","0","2024","4","N",3,0,0,0,0,0,0,0,"N",2.27,0,0,0,0,0,0,0,"N",0,0.0,0,0,0,0,0,0,0,0,0,0,0,0,0,0
"13089","5","3272","76","0","2024","4","N",2,0,0,0,0,0,0,0,"N",0.52,0,0,0,0,0,0,0,"N",0,0.0,0,0,0,0,0,0,0,0,0,0,0,0,0,0
"13089","5","32721","77","0","2024","4","N",2,0,0,0,0,0,0,0,"N",0.52,0,0,0,0,0,0,0,"N",0,0.0,0,0,0,0,0,0,0,0,0,0,0,0,0,0
"13089","5","327211","78","0","2024","4","N",1,0,0,0,0,0,0,0,"N",2.66,0,0,0,0,0,0,0,"N",0,0.0,0,0,0,0,0,0,0,0,0,0,0,0,0,0
"13089","5","327212","78","0","2024","4","N",1,0,0,0,0,0,0,0,"N",1.22,0,0,0,0,0,0,0,"N",0,0.0,0,0,0,0,0,0,0,0,0,0,0,0,0,0
"13089","5","3273","76","0","2024","4","",7,84,79,81,1627031,32926,271,1539,"",0.39,0.20,0.19,0.20,0.18,0.10,0.05,0.94,"",2,40.0,0,0.0,-5,-6.0,-6,-6.9,-191193,-10.5,-58099,-63.8,-889,-76.6,-106,-6.4
"13089","5","32731","77","0","2024","4","N",2,0,0,0,0,0,0,0,"N",2.29,0,0,0,0,0,0,0,"N",1,100.0,0,0,0,0,0,0,0,0,0,0,0,0,0,0
"13089","5","327310","78","0","2024","4","N",2,0,0,0,0,0,0,0,"N",2.29,0,0,0,0,0,0,0,"N",1,100.0,0,0,0,0,0,0,0,0,0,0,0,0,0,0
"13089","5","32732","77","0","2024","4","N",5,0,0,0,0,0,0,0,"N",0.45,0,0,0,0,0,0,0,"N",1,25.0,0,0,0,0,0,0,0,0,0,0,0,0,0,0
"13089","5","327320","78","0","2024","4","N",5,0,0,0,0,0,0,0,"N",0.45,0,0,0,0,0,0,0,"N",1,25.0,0,0,0,0,0,0,0,0,0,0,0,0,0,0
"13089","5","3274","76","0","2024","4","N",1,0,0,0,0,0,0,0,"N",1.39,0,0,0,0,0,0,0,"N",0,0.0,0,0,0,0,0,0,0,0,0,0,0,0,0,0
"13089","5","32742","77","0","2024","4","N",1,0,0,0,0,0,0,0,"N",1.91,0,0,0,0,0,0,0,"N",0,0.0,0,0,0,0,0,0,0,0,0,0,0,0,0,0
"13089","5","327420","78","0","2024","4","N",1,0,0,0,0,0,0,0,"N",1.91,0,0,0,0,0,0,0,"N",0,0.0,0,0,0,0,0,0,0,0,0,0,0,0,0,0
"13089","5","3279","76","0","2024","4","",12,227,220,215,4453186,63173,238,1552,"",1.42,1.42,1.37,1.34,1.46,0.53,0.18,1.06,"",1,9.1,-2,-0.9,-9,-3.9,-14,-6.1,-3195890,-41.8,-43256,-40.6,-444,-65.1,-1017,-39.6
"13089","5","32791","77","0","2024","4","N",1,0,0,0,0,0,0,0,"N",1.31,0,0,0,0,0,0,0,"N",0,0.0,0,0,0,0,0,0,0,0,0,0,0,0,0,0
"13089","5","327910","78","0","2024","4","N",1,0,0,0,0,0,0,0,"N",1.31,0,0,0,0,0,0,0,"N",0,0.0,0,0,0,0,0,0,0,0,0,0,0,0,0,0
"13089","5","32799","77","0","2024","4","N",11,0,0,0,0,0,0,0,"N",1.43,0,0,0,0,0,0,0,"N",1,10.0,0,0,0,0,0,0,0,0,0,0,0,0,0,0
"13089","5","327991","78","0","2024","4","N",6,0,0,0,0,0,0,0,"N",1.05,0,0,0,0,0,0,0,"N",0,0.0,0,0,0,0,0,0,0,0,0,0,0,0,0,0
"13089","5","327999","78","0","2024","4","",5,201,194,189,4030627,63173,238,1593,"",4.46,8.12,7.84,7.55,7.91,3.35,1.19,1.01,"",1,25.0,-3,-1.5,-10,-4.9,-16,-7.8,-3192953,-44.2,-34744,-35.5,-439,-64.8,-1126,-41.4
"13089","5","331","75","0","2024","4","N",9,0,0,0,0,0,0,0,"N",0.76,0,0,0,0,0,0,0,"N",1,12.5,0,0,0,0,0,0,0,0,0,0,0,0,0,0
"13089","5","3311","76","0","2024","4","N",3,0,0,0,0,0,0,0,"N",1.46,0,0,0,0,0,0,0,"N",1,50.0,0,0,0,0,0,0,0,0,0,0,0,0,0,0
"13089","5","33111","77","0","2024","4","N",3,0,0,0,0,0,0,0,"N",1.46,0,0,0,0,0,0,0,"N",1,50.0,0,0,0,0,0,0,0,0,0,0,0,0,0,0
"13089","5","331110","78","0","2024","4","N",3,0,0,0,0,0,0,0,"N",1.46,0,0,0,0,0,0,0,"N",1,50.0,0,0,0,0,0,0,0,0,0,0,0,0,0,0
"13089","5","3313","76","0","2024","4","N",2,0,0,0,0,0,0,0,"N",1.25,0,0,0,0,0,0,0,"N",0,0.0,0,0,0,0,0,0,0,0,0,0,0,0,0,0
"13089","5","33131","77","0","2024","4","N",2,0,0,0,0,0,0,0,"N",1.25,0,0,0,0,0,0,0,"N",0,0.0,0,0,0,0,0,0,0,0,0,0,0,0,0,0
"13089","5","331314","78","0","2024","4","N",1,0,0,0,0,0,0,0,"N",3.83,0,0,0,0,0,0,0,"N",0,0.0,0,0,0,0,0,0,0,0,0,0,0,0,0,0
"13089","5","331315","78","0","2024","4","N",1,0,0,0,0,0,0,0,"N",2.72,0,0,0,0,0,0,0,"N",0,0.0,0,0,0,0,0,0,0,0,0,0,0,0,0,0
"13089","5","3314","76","0","2024","4","N",2,0,0,0,0,0,0,0,"N",0.92,0,0,0,0,0,0,0,"N",0,0.0,0,0,0,0,0,0,0,0,0,0,0,0,0,0
"13089","5","33142","77","0","2024","4","N",1,0,0,0,0,0,0,0,"N",1.53,0,0,0,0,0,0,0,"N",0,0.0,0,0,0,0,0,0,0,0,0,0,0,0,0,0
"13089","5","331420","78","0","2024","4","N",1,0,0,0,0,0,0,0,"N",1.53,0,0,0,0,0,0,0,"N",0,0.0,0,0,0,0,0,0,0,0,0,0,0,0,0,0
"13089","5","33149","77","0","2024","4","N",1,0,0,0,0,0,0,0,"N",0.85,0,0,0,0,0,0,0,"N",0,0.0,0,0,0,0,0,0,0,0,0,0,0,0,0,0
"13089","5","331491","78","0","2024","4","N",1,0,0,0,0,0,0,0,"N",1.49,0,0,0,0,0,0,0,"N",0,0.0,0,0,0,0,0,0,0,0,0,0,0,0,0,0
"13089","5","3315","76","0","2024","4","N",2,0,0,0,0,0,0,0,"N",0.62,0,0,0,0,0,0,0,"N",0,0.0,0,0,0,0,0,0,0,0,0,0,0,0,0,0
"13089","5","33151","77","0","2024","4","N",2,0,0,0,0,0,0,0,"N",1.40,0,0,0,0,0,0,0,"N",0,0.0,0,0,0,0,0,0,0,0,0,0,0,0,0,0
"13089","5","331511","78","0","2024","4","N",1,0,0,0,0,0,0,0,"N",1.40,0,0,0,0,0,0,0,"N",0,0.0,0,0,0,0,0,0,0,0,0,0,0,0,0,0
"13089","5","331513","78","0","2024","4","N",1,0,0,0,0,0,0,0,"N",2.05,0,0,0,0,0,0,0,"N",0,0.0,0,0,0,0,0,0,0,0,0,0,0,0,0,0
"13089","5","332","75","0","2024","4","",47,1159,1132,1114,24665851,672568,5330,1672,"",0.40,0.41,0.40,0.39,0.43,0.34,0.23,1.09,"",-1,-2.1,141,13.9,111,10.9,91,8.9,3210272,15.0,-54099,-7.4,-1675,-23.9,55,3.4
"13089","5","3321","76","0","2024","4","N",2,0,0,0,0,0,0,0,"N",0.45,0,0,0,0,0,0,0,"N",0,0.0,0,0,0,0,0,0,0,0,0,0,0,0,0,0
"13089","5","33211","77","0","2024","4","N",2,0,0,0,0,0,0,0,"N",0.45,0,0,0,0,0,0,0,"N",0,0.0,0,0,0,0,0,0,0,0,0,0,0,0,0,0
"13089","5","332119","78","0","2024","4","N",2,0,0,0,0,0,0,0,"N",0.82,0,0,0,0,0,0,0,"N",0,0.0,0,0,0,0,0,0,0,0,0,0,0,0,0,0
"13089","5","3323","76","0","2024","4","",21,566,566,573,13234073,465290,3782,1791,"",0.65,0.69,0.69,0.69,0.80,0.71,0.50,1.16,"",-1,-4.5,60,11.9,60,11.9,63,12.4,3342625,33.8,37444,8.8,-844,-18.2,291,19.4
"13089","5","33231","77","0","2024","4","N",2,0,0,0,0,0,0,0,"N",0.14,0,0,0,0,0,0,0,"N",0,0.0,0,0,0,0,0,0,0,0,0,0,0,0,0,0
"13089","5","332312","78","0","2024","4","N",2,0,0,0,0,0,0,0,"N",0.26,0,0,0,0,0,0,0,"N",0,0.0,0,0,0,0,0,0,0,0,0,0,0,0,0,0
"13089","5","33232","77","0","2024","4","N",19,0,0,0,0,0,0,0,"N",1.05,0,0,0,0,0,0,0,"N",-1,-5.0,0,0,0,0,0,0,0,0,0,0,0,0,0,0
"13089","5","332321","78","0","2024","4","",5,111,110,109,1538554,67371,706,1076,"",1.66,0.82,0.82,0.81,0.64,0.83,0.81,0.79,"N",1,25.0,0,0,0,0,0,0,0,0,0,0,0,0,0,0
"13089","5","332322","78","0","2024","4","",10,171,174,172,2757827,111351,371,1231,"",1.14,0.75,0.76,0.75,0.63,0.58,0.16,0.84,"",-1,-9.1,-8,-4.5,2,1.2,-2,-1.1,273660,11.0,25084,29.1,-147,-28.4,139,12.7
"13089","5","332323","78","0","2024","4","N",4,0,0,0,0,0,0,0,"N",0.62,0,0,0,0,0,0,0,"N",-1,-20.0,0,0,0,0,0,0,0,0,0,0,0,0,0,0
"13089","5","3326","76","0","2024","4","N",1,0,0,0,0,0,0,0,"N",0.40,0,0,0,0,0,0,0,"N",0,0.0,0,0,0,0,0,0,0,0,0,0,0,0,0,0
"13089","5","33261","77","0","2024","4","N",1,0,0,0,0,0,0,0,"N",0.40,0,0,0,0,0,0,0,"N",0,0.0,0,0,0,0,0,0,0,0,0,0,0,0,0,0
"13089","5","332613","78","0","2024","4","N",1,0,0,0,0,0,0,0,"N",1.28,0,0,0,0,0,0,0,"N",0,0.0,0,0,0,0,0,0,0,0,0,0,0,0,0,0
"13089","5","3327","76","0","2024","4","",14,190,184,180,4342599,69803,417,1809,"",0.34,0.29,0.28,0.27,0.35,0.16,0.08,1.23,"",0,0.0,-11,-5.5,-15,-7.5,-17,-8.6,-325595,-7.0,-35812,-33.9,-635,-60.4,5,0.3
"13089","5","33271","77","0","2024","4","N",13,0,0,0,0,0,0,0,"N",0.36,0,0,0,0,0,0,0,"N",0,0.0,0,0,0,0,0,0,0,0,0,0,0,0,0,0
"13089","5","332710","78","0","2024","4","N",13,0,0,0,0,0,0,0,"N",0.36,0,0,0,0,0,0,0,"N",0,0.0,0,0,0,0,0,0,0,0,0,0,0,0,0,0
"13089","5","33272","77","0","2024","4","N",1,0,0,0,0,0,0,0,"N",0.22,0,0,0,0,0,0,0,"N",0,0.0,0,0,0,0,0,0,0,0,0,0,0,0,0,0
"13089","5","332722","78","0","2024","4","N",1,0,0,0,0,0,0,0,"N",0.66,0,0,0,0,0,0,0,"N",0,0.0,0,0,0,0,0,0,0,0,0,0,0,0,0,0
"13089","5","3328","76","0","2024","4","",5,97,95,96,1860454,17944,61,1491,"",0.42,0.38,0.37,0.37,0.41,0.10,0.03,1.11,"",0,0.0,0,0.0,-2,-2.1,-1,-1.0,90296,5.1,-6670,-27.1,-111,-64.5,87,6.2
"13089","5","33281","77","0","2024","4","",5,97,95,96,1860454,17944,61,1491,"",0.42,0.38,0.37,0.37,0.41,0.10,0.03,1.11,"",0,0.0,0,0.0,-2,-2.1,-1,-1.0,90296,5.1,-6670,-27.1,-111,-64.5,87,6.2
"13089","5","332812","78","0","2024","4","N",3,0,0,0,0,0,0,0,"N",0.50,0,0,0,0,0,0,0,"N",0,0.0,0,0,0,0,0,0,0,0,0,0,0,0,0,0
"13089","5","332813","78","0","2024","4","N",2,0,0,0,0,0,0,0,"N",0.44,0,0,0,0,0,0,0,"N",0,0.0,0,0,0,0,0,0,0,0,0,0,0,0,0,0
"13089","5","3329","76","0","2024","4","",4,267,251,230,3213073,111796,836,991,"",0.23,0.48,0.45,0.41,0.26,0.32,0.22,0.59,"",0,0.0,95,55.2,74,41.8,51,28.5,-70046,-2.1,-45221,-28.8,-296,-26.1,-444,-30.9
"13089","5","33299","77","0","2024","4","",4,267,251,230,3213073,111796,836,991,"",0.29,0.70,0.66,0.60,0.40,0.43,0.28,0.61,"N",1,33.3,0,0,0,0,0,0,0,0,0,0,0,0,0,0
"13089","5","332994","78","0","2024","4","N",1,0,0,0,0,0,0,0,"N",0.60,0,0,0,0,0,0,0,"N",0,0.0,0,0,0,0,0,0,0,0,0,0,0,0,0,0
"13089","5","332996","78","0","2024","4","N",2,0,0,0,0,0,0,0,"N",1.07,0,0,0,0,0,0,0,"N",0,0.0,0,0,0,0,0,0,0,0,0,0,0,0,0,0
"13089","5","332999","78","0","2024","4","N",1,0,0,0,0,0,0,0,"N",0.11,0,0,0,0,0,0,0,"N",1,100.0,0,0,0,0,0,0,0,0,0,0,0,0,0,0
"13089","5","333","75","0","2024","4","",47,687,678,684,15658427,572093,10912,1764,"",0.70,0.31,0.31,0.31,0.31,0.44,0.78,0.98,"",1,2.2,-279,-28.9,-285,-29.6,-283,-29.3,-701985,-4.3,-128548,-18.3,3319,43.7,460,35.3
"13089","5","3332","76","0","2024","4","",8,41,41,43,904040,21252,72,1669,"",0.75,0.16,0.16,0.17,0.11,0.12,0.04,0.71,"N",1,14.3,0,0,0,0,0,0,0,0,0,0,0,0,0,0
"13089","5","33324","77","0","2024","4","",8,41,41,43,904040,21252,72,1669,"",0.75,0.16,0.16,0.17,0.11,0.12,0.04,0.71,"N",1,14.3,0,0,0,0,0,0,0,0,0,0,0,0,0,0
"13089","5","333241","78","0","2024","4","N",2,0,0,0,0,0,0,0,"N",1.08,0,0,0,0,0,0,0,"N",1,100.0,0,0,0,0,0,0,0,0,0,0,0,0,0,0
"13089","5","333242","78","0","2024","4","N",1,0,0,0,0,0,0,0,"N",1.22,0,0,0,0,0,0,0,"N",0,0.0,0,0,0,0,0,0,0,0,0,0,0,0,0,0
"13089","5","333243","78","0","2024","4","N",2,0,0,0,0,0,0,0,"N",1.87,0,0,0,0,0,0,0,"N",0,0.0,0,0,0,0,0,0,0,0,0,0,0,0,0,0
"13089","5","333248","78","0","2024","4","N",3,0,0,0,0,0,0,0,"N",0.43,0,0,0,0,0,0,0,"N",0,0.0,0,0,0,0,0,0,0,0,0,0,0,0,0,0
"13089","5","3333","76","0","2024","4","",6,10,10,10,177844,3469,39,1368,"",0.98,0.06,0.06,0.06,0.04,0.03,0.03,0.74,"N",2,50.0,0,0,0,0,0,0,0,0,0,0,0,0,0,0
"13089","5","33331","77","0","2024","4","",6,10,10,10,177844,3469,39,1368,"",0.98,0.06,0.06,0.06,0.04,0.03,0.03,0.74,"N",2,50.0,0,0,0,0,0,0,0,0,0,0,0,0,0,0
"13089","5","333310","78","0","2024","4","",6,10,10,10,177844,3469,39,1368,"",0.98,0.06,0.06,0.06,0.04,0.03,0.03,0.74,"N",2,50.0,0,0,0,0,0,0,0,0,0,0,0,0,0,0
"13089","5","3334","76","0","2024","4","",12,218,225,230,5252686,159047,3610,1801,"",2.02,0.75,0.77,0.78,0.92,0.79,1.55,1.21,"",-2,-14.3,-17,-7.2,-13,-5.5,-1,-0.4,291754,5.9,18392,13.1,1836,103.5,175,10.8
"13089","5","33341","77","0","2024","4","",12,218,225,230,5252686,159047,3610,1801,"",2.02,0.75,0.77,0.78,0.92,0.79,1.55,1.21,"",-2,-14.3,-17,-7.2,-13,-5.5,-1,-0.4,291754,5.9,18392,13.1,1836,103.5,175,10.8
"13089","5","333413","78","0","2024","4","",7,207,204,208,4670401,152754,3557,1741,"",3.94,3.22,3.18,3.22,3.84,3.58,8.42,1.20,"",-1,-12.5,-4,-1.9,-11,-5.1,-1,-0.5,110298,2.4,22128,16.9,1820,104.8,84,5.1
"13089","5","333415","78","0","2024","4","",5,11,21,22,582285,6293,53,2488,"",1.63,0.06,0.11,0.11,0.15,0.05,0.03,1.65,"",-1,-16.7,-13,-54.2,-2,-8.7,0,0.0,181456,45.3,-3736,-37.3,16,43.2,1147,85.5
"13089","5","3335","76","0","2024","4","",7,80,80,79,1475572,23371,154,1425,"",0.48,0.26,0.26,0.26,0.24,0.14,0.08,0.91,"",-1,-12.5,-28,-25.9,-32,-28.6,-31,-28.2,-341888,-18.8,-19565,-45.6,36,30.5,154,12.1
"13089","5","33351","77","0","2024","4","",7,80,80,79,1475572,23371,154,1425,"",0.48,0.26,0.26,0.26,0.24,0.14,0.08,0.91,"",-1,-12.5,-28,-25.9,-32,-28.6,-31,-28.2,-341888,-18.8,-19565,-45.6,36,30.5,154,12.1
"13089","5","333514","78","0","2024","4","",5,68,68,67,1297064,18753,152,1474,"",1.04,0.68,0.68,0.67,0.63,0.35,0.27,0.93,"",-1,-16.7,-28,-29.2,-33,-32.7,-32,-32.3,-364874,-22.0,-20062,-51.7,44,40.7,178,13.7
"13089","5","333515","78","0","2024","4","N",1,0,0,0,0,0,0,0,"N",0.47,0,0,0,0,0,0,0,"N",0,0.0,0,0,0,0,0,0,0,0,0,0,0,0,0,0
"13089","5","333517","78","0","2024","4","N",1,0,0,0,0,0,0,0,"N",0.25,0,0,0,0,0,0,0,"N",0,0.0,0,0,0,0,0,0,0,0,0,0,0,0,0,0
"13089","5","3336","76","0","2024","4","",3,194,191,194,3078026,139515,1610,1227,"",1.06,1.06,1.04,1.05,0.68,1.68,1.84,0.64,"",-1,-25.0,-190,-49.5,-193,-50.3,-200,-50.8,-2171639,-41.4,-237989,-63.0,-2901,-64.3,184,17.6
"13089","5","33361","77","0","2024","4","",3,194,191,194,3078026,139515,1610,1227,"",1.06,1.06,1.04,1.05,0.68,1.68,1.84,0.64,"",-1,-25.0,-190,-49.5,-193,-50.3,-200,-50.8,-2171639,-41.4,-237989,-63.0,-2901,-64.3,184,17.6
"13089","5","333611","78","0","2024","4","N",1,0,0,0,0,0,0,0,"N",1.25,0,0,0,0,0,0,0,"N",0,0.0,0,0,0,0,0,0,0,0,0,0,0,0,0,0
"13089","5","333612","78","0","2024","4","N",1,0,0,0,0,0,0,0,"N",1.83,0,0,0,0,0,0,0,"N",0,0.0,0,0,0,0,0,0,0,0,0,0,0,0,0,0
"13089","5","333618","78","0","2024","4","N",1,0,0,0,0,0,0,0,"N",1.22,0,0,0,0,0,0,0,"N",-1,-50.0,0,0,0,0,0,0,0,0,0,0,0,0,0,0
"13089","5","3339","76","0","2024","4","",11,144,131,128,4770259,225439,5427,2732,"",0.63,0.26,0.24,0.23,0.37,0.69,1.48,1.55,"",2,22.2,-69,-32.4,-72,-35.5,-77,-37.6,959273,25.2,103011,84.1,4263,366.2,1316,92.9
"13089","5","33392","77","0","2024","4","N",5,0,0,0,0,0,0,0,"N",1.06,0,0,0,0,0,0,0,"N",1,25.0,0,0,0,0,0,0,0,0,0,0,0,0,0,0
"13089","5","333922","78","0","2024","4","N",1,0,0,0,0,0,0,0,"N",0.45,0,0,0,0,0,0,0,"N",0,0.0,0,0,0,0,0,0,0,0,0,0,0,0,0,0
"13089","5","333924","78","0","2024","4","N",4,0,0,0,0,0,0,0,"N",4.34,0,0,0,0,0,0,0,"N",1,33.3,0,0,0,0,0,0,0,0,0,0,0,0,0,0
"13089","5","33399","77","0","2024","4","N",6,0,0,0,0,0,0,0,"N",0.59,0,0,0,0,0,0,0,"N",2,50.0,0,0,0,0,0,0,0,0,0,0,0,0,0,0
"13089","5","333993","78","0","2024","4","N",6,0,0,0,0,0,0,0,"N",3.11,0,0,0,0,0,0,0,"N",2,50.0,0,0,0,0,0,0,0,0,0,0,0,0,0,0
"13089","5","334","75","0","2024","4","",25,694,691,689,20905664,207406,2688,2326,"",0.49,0.34,0.34,0.34,0.25,0.19,0.23,0.73,"",-3,-10.7,4,0.6,0,0.0,0,0.0,-4545,0.0,75811,57.6,921,52.1,-5,-0.2
"13089","5","3341","76","0","2024","4","",4,4,4,4,144580,9500,10,2780,"",0.84,0.02,0.02,0.02,0.01,0.10,0.01,0.65,"",-1,-20.0,-1,-20.0,-1,-20.0,-1,-20.0,5713,4.1,5117,116.7,-71,-87.7,644,30.1
"13089","5","33411","77","0","2024","4","",4,4,4,4,144580,9500,10,2780,"",0.84,0.02,0.02,0.02,0.01,0.10,0.01,0.65,"",-1,-20.0,-1,-20.0,-1,-20.0,-1,-20.0,5713,4.1,5117,116.7,-71,-87.7,644,30.1
"13089","5","334111","78","0","2024","4","N",1,0,0,0,0,0,0,0,"N",0.48,0,0,0,0,0,0,0,"N",0,0.0,0,0,0,0,0,0,0,0,0,0,0,0,0,0
"13089","5","334112","78","0","2024","4","-",0,0,0,0,0,0,0,0,"N",0.00,0,0,0,0,0,0,0,"N",-1,-100.0,0,0,0,0,0,0,0,0,0,0,0,0,0,0
"13089","5","334118","78","0","2024","4","N",3,0,0,0,0,0,0,0,"N",1.40,0,0,0,0,0,0,0,"N",0,0.0,0,0,0,0,0,0,0,0,0,0,0,0,0,0
"13089","5","3342","76","0","2024","4","",5,31,31,32,927928,20498,359,2278,"",0.87,0.19,0.19,0.20,0.17,0.31,0.48,0.87,"",-1,-16.7,0,0.0,1,3.3,1,3.2,-6170,-0.7,-20983,-50.6,-651,-64.5,-65,-2.8
"13089","5","33422","77","0","2024","4","N",4,0,0,0,0,0,0,0,"N",1.24,0,0,0,0,0,0,0,"N",-1,-20.0,0,0,0,0,0,0,0,0,0,0,0,0,0,0
"13089","5","334220","78","0","2024","4","N",4,0,0,0,0,0,0,0,"N",1.24,0,0,0,0,0,0,0,"N",-1,-20.0,0,0,0,0,0,0,0,0,0,0,0,0,0,0
"13089","5","33429","77","0","2024","4","N",1,0,0,0,0,0,0,0,"N",0.60,0,0,0,0,0,0,0,"N",0,0.0,0,0,0,0,0,0,0,0,0,0,0,0,0,0
"13089","5","334290","78","0","2024","4","N",1,0,0,0,0,0,0,0,"N",0.60,0,0,0,0,0,0,0,"N",0,0.0,0,0,0,0,0,0,0,0,0,0,0,0,0,0
"13089","5","3343","76","0","2024","4","N",2,0,0,0,0,0,0,0,"N",0.92,0,0,0,0,0,0,0,"N",1,100.0,0,0,0,0,0,0,0,0,0,0,0,0,0,0
"13089","5","33431","77","0","2024","4","N",2,0,0,0,0,0,0,0,"N",0.92,0,0,0,0,0,0,0,"N",1,100.0,0,0,0,0,0,0,0,0,0,0,0,0,0,0
"13089","5","334310","78","0","2024","4","N",2,0,0,0,0,0,0,0,"N",0.92,0,0,0,0,0,0,0,"N",1,100.0,0,0,0,0,0,0,0,0,0,0,0,0,0,0
"13089","5","3344","76","0","2024","4","N",3,0,0,0,0,0,0,0,"N",0.22,0,0,0,0,0,0,0,"N",-1,-25.0,0,0,0,0,0,0,0,0,0,0,0,0,0,0
"13089","5","33441","77","0","2024","4","N",3,0,0,0,0,0,0,0,"N",0.22,0,0,0,0,0,0,0,"N",-1,-25.0,0,0,0,0,0,0,0,0,0,0,0,0,0,0
"13089","5","334412","78","0","2024","4","N",2,0,0,0,0,0,0,0,"N",1.98,0,0,0,0,0,0,0,"N",0,0.0,0,0,0,0,0,0,0,0,0,0,0,0,0,0
"13089","5","334413","78","0","2024","4","N",1,0,0,0,0,0,0,0,"N",0.21,0,0,0,0,0,0,0,"N",-1,-50.0,0,0,0,0,0,0,0,0,0,0,0,0,0,0
"13089","5","3345","76","0","2024","4","N",7,0,0,0,0,0,0,0,"N",0.33,0,0,0,0,0,0,0,"N",0,0.0,0,0,0,0,0,0,0,0,0,0,0,0,0,0
"13089","5","33451","77","0","2024","4","N",7,0,0,0,0,0,0,0,"N",0.33,0,0,0,0,0,0,0,"N",0,0.0,0,0,0,0,0,0,0,0,0,0,0,0,0,0
"13089","5","334510","78","0","2024","4","N",1,0,0,0,0,0,0,0,"N",0.23,0,0,0,0,0,0,0,"N",-1,-50.0,0,0,0,0,0,0,0,0,0,0,0,0,0,0
"13089","5","334512","78","0","2024","4","N",2,0,0,0,0,0,0,0,"N",1.86,0,0,0,0,0,0,0,"N",0,0.0,0,0,0,0,0,0,0,0,0,0,0,0,0,0
"13089","5","334513","78","0","2024","4","N",2,0,0,0,0,0,0,0,"N",0.47,0,0,0,0,0,0,0,"N",1,100.0,0,0,0,0,0,0,0,0,0,0,0,0,0,0
"13089","5","334515","78","0","2024","4","N",1,0,0,0,0,0,0,0,"N",0.39,0,0,0,0,0,0,0,"N",0,0.0,0,0,0,0,0,0,0,0,0,0,0,0,0,0
"13089","5","334517","78","0","2024","4","N",1,0,0,0,0,0,0,0,"N",1.81,0,0,0,0,0,0,0,"N",0,0.0,0,0,0,0,0,0,0,0,0,0,0,0,0,0
"13089","5","3346","76","0","2024","4","N",4,0,0,0,0,0,0,0,"N",1.39,0,0,0,0,0,0,0,"N",-1,-20.0,0,0,0,0,0,0,0,0,0,0,0,0,0,0
"13089","5","33461","77","0","2024","4","N",4,0,0,0,0,0,0,0,"N",1.39,0,0,0,0,0,0,0,"N",-1,-20.0,0,0,0,0,0,0,0,0,0,0,0,0,0,0
"13089","5","334610","78","0","2024","4","N",4,0,0,0,0,0,0,0,"N",1.39,0,0,0,0,0,0,0,"N",-1,-20.0,0,0,0,0,0,0,0,0,0,0,0,0,0,0
"13089","5","335","75","0","2024","4","",31,636,625,614,12748924,346370,3157,1569,"",1.48,0.76,0.74,0.72,0.67,0.58,0.49,0.90,"",16,106.7,-110,-14.7,-116,-15.7,-106,-14.7,-9863704,-43.6,7910,2.3,988,45.6,-795,-33.6
"13089","5","3351","76","0","2024","4","N",5,0,0,0,0,0,0,0,"N",1.30,0,0,0,0,0,0,0,"N",2,66.7,0,0,0,0,0,0,0,0,0,0,0,0,0,0
"13089","5","33513","77","0","2024","4","N",5,0,0,0,0,0,0,0,"N",1.30,0,0,0,0,0,0,0,"N",2,66.7,0,0,0,0,0,0,0,0,0,0,0,0,0,0
"13089","5","335131","78","0","2024","4","N",1,0,0,0,0,0,0,0,"N",1.04,0,0,0,0,0,0,0,"N",1,100.0,0,0,0,0,0,0,0,0,0,0,0,0,0,0
"13089","5","335132","78","0","2024","4","N",2,0,0,0,0,0,0,0,"N",1.16,0,0,0,0,0,0,0,"N",1,100.0,0,0,0,0,0,0,0,0,0,0,0,0,0,0
"13089","5","335139","78","0","2024","4","N",2,0,0,0,0,0,0,0,"N",1.73,0,0,0,0,0,0,0,"N",0,0.0,0,0,0,0,0,0,0,0,0,0,0,0,0,0
"13089","5","3352","76","0","2024","4","N",3,0,0,0,0,0,0,0,"N",2.09,0,0,0,0,0,0,0,"N",1,50.0,0,0,0,0,0,0,0,0,0,0,0,0,0,0
"13089","5","33521","77","0","2024","4","N",1,0,0,0,0,0,0,0,"N",1.22,0,0,0,0,0,0,0,"N",1,100.0,0,0,0,0,0,0,0,0,0,0,0,0,0,0
"13089","5","335210","78","0","2024","4","N",1,0,0,0,0,0,0,0,"N",1.22,0,0,0,0,0,0,0,"N",1,100.0,0,0,0,0,0,0,0,0,0,0,0,0,0,0
"13089","5","33522","77","0","2024","4","N",2,0,0,0,0,0,0,0,"N",3.24,0,0,0,0,0,0,0,"N",0,0.0,0,0,0,0,0,0,0,0,0,0,0,0,0,0
"13089","5","335220","78","0","2024","4","N",2,0,0,0,0,0,0,0,"N",3.24,0,0,0,0,0,0,0,"N",0,0.0,0,0,0,0,0,0,0,0,0,0,0,0,0,0
"13089","5","3353","76","0","2024","4","",6,91,91,82,2275840,20748,245,1989,"",0.97,0.29,0.29,0.26,0.31,0.10,0.14,1.11,"",1,20.0,-9,-9.0,-10,-9.9,1,1.2,-483018,-17.5,-127104,-86.0,-346,-58.5,-269,-11.9
"13089","5","33531","77","0","2024","4","",6,91,91,82,2275840,20748,245,1989,"",0.97,0.29,0.29,0.26,0.31,0.10,0.14,1.11,"",1,20.0,-9,-9.0,-10,-9.9,1,1.2,-483018,-17.5,-127104,-86.0,-346,-58.5,-269,-11.9
"13089","5","335311","78","0","2024","4","N",2,0,0,0,0,0,0,0,"N",1.58,0,0,0,0,0,0,0,"N",1,100.0,0,0,0,0,0,0,0,0,0,0,0,0,0,0
"13089","5","335313","78","0","2024","4","N",3,0,0,0,0,0,0,0,"N",1.90,0,0,0,0,0,0,0,"N",0,0.0,0,0,0,0,0,0,0,0,0,0,0,0,0,0
"13089","5","335314","78","0","2024","4","N",1,0,0,0,0,0,0,0,"N",0.56,0,0,0,0,0,0,0,"N",0,0.0,0,0,0,0,0,0,0,0,0,0,0,0,0,0
"13089","5","3359","76","0","2024","4","N",17,0,0,0,0,0,0,0,"N",1.79,0,0,0,0,0,0,0,"N",12,240.0,0,0,0,0,0,0,0,0,0,0,0,0,0,0
"13089","5","33591","77","0","2024","4","N",4,0,0,0,0,0,0,0,"N",2.18,0,0,0,0,0,0,0,"N",2,100.0,0,0,0,0,0,0,0,0,0,0,0,0,0,0
"13089","5","335910","78","0","2024","4","N",4,0,0,0,0,0,0,0,"N",2.18,0,0,0,0,0,0,0,"N",2,100.0,0,0,0,0,0,0,0,0,0,0,0,0,0,0
"13089","5","33593","77","0","2024","4","N",1,0,0,0,0,0,0,0,"N",0.67,0,0,0,0,0,0,0,"N",0,0.0,0,0,0,0,0,0,0,0,0,0,0,0,0,0
"13089","5","335931","78","0","2024","4","N",1,0,0,0,0,0,0,0,"N",0.91,0,0,0,0,0,0,0,"N",0,0.0,0,0,0,0,0,0,0,0,0,0,0,0,0,0
"13089","5","33599","77","0","2024","4","",12,9,9,9,199307,23370,306,1703,"",2.42,0.09,0.09,0.09,0.08,0.34,0.39,0.91,"N",10,500.0,0,0,0,0,0,0,0,0,0,0,0,0,0,0
"13089","5","335999","78","0","2024","4","",12,9,9,9,199307,23370,306,1703,"",2.72,0.12,0.12,0.12,0.10,0.43,0.48,0.88,"N",10,500.0,0,0,0,0,0,0,0,0,0,0,0,0,0,0
"13089","5","336","75","0","2024","4","",23,289,297,292,8756843,181932,1056,2302,"",0.63,0.08,0.08,0.08,0.11,0.11,0.05,1.26,"",4,21.1,172,147.0,179,151.7,171,141.3,5809079,197.1,134170,280.9,317,42.9,391,20.5
"13089","5","3362","76","0","2024","4","N",1,0,0,0,0,0,0,0,"N",0.19,0,0,0,0,0,0,0,"N",1,100.0,0,0,0,0,0,0,0,0,0,0,0,0,0,0
"13089","5","33621","77","0","2024","4","N",1,0,0,0,0,0,0,0,"N",0.19,0,0,0,0,0,0,0,"N",1,100.0,0,0,0,0,0,0,0,0,0,0,0,0,0,0
"13089","5","336211","78","0","2024","4","N",1,0,0,0,0,0,0,0,"N",0.54,0,0,0,0,0,0,0,"N",1,100.0,0,0,0,0,0,0,0,0,0,0,0,0,0,0
"13089","5","3363","76","0","2024","4","",6,7,7,7,78433,1000,13,862,"",0.48,0.01,0.01,0.01,0.00,0.00,0.00,0.60,"",0,0.0,0,0.0,0,0.0,0,0.0,10132,14.8,-3372,-77.1,-108,-89.3,111,14.8
"13089","5","33631","77","0","2024","4","N",1,0,0,0,0,0,0,0,"N",0.55,0,0,0,0,0,0,0,"N",1,100.0,0,0,0,0,0,0,0,0,0,0,0,0,0,0
"13089","5","336310","78","0","2024","4","N",1,0,0,0,0,0,0,0,"N",0.55,0,0,0,0,0,0,0,"N",1,100.0,0,0,0,0,0,0,0,0,0,0,0,0,0,0
"13089","5","33632","77","0","2024","4","N",2,0,0,0,0,0,0,0,"N",0.98,0,0,0,0,0,0,0,"N",0,0.0,0,0,0,0,0,0,0,0,0,0,0,0,0,0
"13089","5","336320","78","0","2024","4","N",2,0,0,0,0,0,0,0,"N",0.98,0,0,0,0,0,0,0,"N",0,0.0,0,0,0,0,0,0,0,0,0,0,0,0,0,0
"13089","5","33637","77","0","2024","4","-",0,0,0,0,0,0,0,0,"N",0.00,0,0,0,0,0,0,0,"N",-1,-100.0,0,0,0,0,0,0,0,0,0,0,0,0,0,0
"13089","5","336370","78","0","2024","4","-",0,0,0,0,0,0,0,0,"N",0.00,0,0,0,0,0,0,0,"N",-1,-100.0,0,0,0,0,0,0,0,0,0,0,0,0,0,0
"13089","5","33639","77","0","2024","4","",3,4,4,4,44144,0,0,849,"",0.76,0.01,0.01,0.01,0.01,0.00,0.00,0.63,"N",0,0.0,0,0,0,0,0,0,0,0,0,0,0,0,0,0
"13089","5","336390","78","0","2024","4","",3,4,4,4,44144,0,0,849,"",0.76,0.01,0.01,0.01,0.01,0.00,0.00,0.63,"N",0,0.0,0,0,0,0,0,0,0,0,0,0,0,0,0,0
"13089","5","3364","76","0","2024","4","",13,276,282,277,8603360,171002,775,2378,"",1.45,0.26,0.25,0.24,0.25,0.25,0.11,1.00,"N",3,30.0,0,0,0,0,0,0,0,0,0,0,0,0,0,0
"13089","5","33641","77","0","2024","4","",13,276,282,277,8603360,171002,775,2378,"",1.45,0.26,0.25,0.24,0.25,0.25,0.11,1.00,"N",3,30.0,0,0,0,0,0,0,0,0,0,0,0,0,0,0
"13089","5","336411","78","0","2024","4","N",9,0,0,0,0,0,0,0,"N",3.49,0,0,0,0,0,0,0,"N",2,28.6,0,0,0,0,0,0,0,0,0,0,0,0,0,0
"13089","5","336412","78","0","2024","4","N",2,0,0,0,0,0,0,0,"N",1.09,0,0,0,0,0,0,0,"N",0,0.0,0,0,0,0,0,0,0,0,0,0,0,0,0,0
"13089","5","336413","78","0","2024","4","N",2,0,0,0,0,0,0,0,"N",0.54,0,0,0,0,0,0,0,"N",1,100.0,0,0,0,0,0,0,0,0,0,0,0,0,0,0
"13089","5","3366","76","0","2024","4","N",1,0,0,0,0,0,0,0,"N",0.23,0,0,0,0,0,0,0,"N",0,0.0,0,0,0,0,0,0,0,0,0,0,0,0,0,0
"13089","5","33661","77","0","2024","4","N",1,0,0,0,0,0,0,0,"N",0.23,0,0,0,0,0,0,0,"N",0,0.0,0,0,0,0,0,0,0,0,0,0,0,0,0,0
"13089","5","336611","78","0","2024","4","N",1,0,0,0,0,0,0,0,"N",0.47,0,0,0,0,0,0,0,"N",0,0.0,0,0,0,0,0,0,0,0,0,0,0,0,0,0
"13089","5","3369","76","0","2024","4","N",2,0,0,0,0,0,0,0,"N",0.70,0,0,0,0,0,0,0,"N",0,0.0,0,0,0,0,0,0,0,0,0,0,0,0,0,0
"13089","5","33699","77","0","2024","4","N",2,0,0,0,0,0,0,0,"N",0.70,0,0,0,0,0,0,0,"N",0,0.0,0,0,0,0,0,0,0,0,0,0,0,0,0,0
"13089","5","336991","78","0","2024","4","N",1,0,0,0,0,0,0,0,"N",0.92,0,0,0,0,0,0,0,"N",-1,-50.0,0,0,0,0,0,0,0,0,0,0,0,0,0,0
"13089","5","336999","78","0","2024","4","N",1,0,0,0,0,0,0,0,"N",0.65,0,0,0,0,0,0,0,"N",1,100.0,0,0,0,0,0,0,0,0,0,0,0,0,0,0
"13089","5","337","75","0","2024","4","",33,372,378,370,6769823,295027,3884,1395,"",0.94,0.55,0.56,0.55,0.63,0.48,0.66,1.13,"",2,6.5,-44,-10.6,-37,-8.9,-47,-11.3,-2710291,-28.6,-177499,-37.6,290,8.1,-358,-20.4
"13089","5","3371","76","0","2024","4","N",23,0,0,0,0,0,0,0,"N",0.94,0,0,0,0,0,0,0,"N",5,27.8,0,0,0,0,0,0,0,0,0,0,0,0,0,0
"13089","5","33711","77","0","2024","4","",9,131,128,128,2951499,130627,3527,1760,"",0.59,0.58,0.57,0.57,0.88,0.53,1.59,1.54,"",1,12.5,19,17.0,15,13.3,13,11.3,-2222731,-43.0,32415,33.0,1429,68.1,-1752,-49.9
"13089","5","337110","78","0","2024","4","",9,131,128,128,2951499,130627,3527,1760,"",0.59,0.58,0.57,0.57,0.88,0.53,1.59,1.54,"",1,12.5,19,17.0,15,13.3,13,11.3,-2222731,-43.0,32415,33.0,1429,68.1,-1752,-49.9
"13089","5","33712","77","0","2024","4","N",14,0,0,0,0,0,0,0,"N",1.55,0,0,0,0,0,0,0,"N",4,40.0,0,0,0,0,0,0,0,0,0,0,0,0,0,0
"13089","5","337121","78","0","2024","4","",5,53,52,53,784521,12140,296,1146,"",2.99,0.59,0.58,0.59,0.66,0.13,0.57,1.12,"",1,25.0,0,0.0,-1,-1.9,-1,-1.9,185807,31.0,-27548,-69.4,-354,-54.5,282,32.6
"13089","5","337122","78","0","2024","4","",6,8,8,8,82276,0,0,791,"",1.27,0.16,0.16,0.16,0.12,0.00,0.00,0.73,"",1,20.0,1,14.3,1,14.3,1,14.3,12084,17.2,0,0.0,0,0.0,20,2.6
"13089","5","337126","78","0","2024","4","N",3,0,0,0,0,0,0,0,"N",2.51,0,0,0,0,0,0,0,"N",2,200.0,0,0,0,0,0,0,0,0,0,0,0,0,0,0
"13089","5","3372","76","0","2024","4","N",9,0,0,0,0,0,0,0,"N",1.04,0,0,0,0,0,0,0,"N",-3,-25.0,0,0,0,0,0,0,0,0,0,0,0,0,0,0
"13089","5","33721","77","0","2024","4","N",9,0,0,0,0,0,0,0,"N",1.04,0,0,0,0,0,0,0,"N",-3,-25.0,0,0,0,0,0,0,0,0,0,0,0,0,0,0
"13089","5","337212","78","0","2024","4","N",5,0,0,0,0,0,0,0,"N",1.21,0,0,0,0,0,0,0,"N",0,0.0,0,0,0,0,0,0,0,0,0,0,0,0,0,0
"13089","5","337215","78","0","2024","4","N",4,0,0,0,0,0,0,0,"N",1.56,0,0,0,0,0,0,0,"N",-3,-42.9,0,0,0,0,0,0,0,0,0,0,0,0,0,0
"13089","5","3379","76","0","2024","4","N",1,0,0,0,0,0,0,0,"N",0.48,0,0,0,0,0,0,0,"N",0,0.0,0,0,0,0,0,0,0,0,0,0,0,0,0,0
"13089","5","33791","77","0","2024","4","N",1,0,0,0,0,0,0,0,"N",0.87,0,0,0,0,0,0,0,"N",0,0.0,0,0,0,0,0,0,0,0,0,0,0,0,0,0
"13089","5","337910","78","0","2024","4","N",1,0,0,0,0,0,0,0,"N",0.87,0,0,0,0,0,0,0,"N",0,0.0,0,0,0,0,0,0,0,0,0,0,0,0,0,0
"13089","5","339","75","0","2024","4","",81,762,770,770,12179207,365363,3612,1221,"",1.11,0.63,0.63,0.63,0.47,0.38,0.37,0.75,"",6,8.0,-122,-13.8,-98,-11.3,-90,-10.5,-360689,-2.9,-46485,-11.3,164,4.8,113,10.2
"13089","5","3391","76","0","2024","4","",33,127,127,128,2013367,94902,962,1216,"",1.19,0.20,0.20,0.20,0.14,0.22,0.23,0.68,"",2,6.5,-105,-45.3,-104,-45.0,-102,-44.3,-1018024,-33.6,6875,7.8,-134,-12.2,207,20.5
"13089","5","33911","77","0","2024","4","",33,127,127,128,2013367,94902,962,1216,"",1.19,0.20,0.20,0.20,0.14,0.22,0.23,0.68,"",2,6.5,-105,-45.3,-104,-45.0,-102,-44.3,-1018024,-33.6,6875,7.8,-134,-12.2,207,20.5
"13089","5","339112","78","0","2024","4","N",6,0,0,0,0,0,0,0,"N",0.72,0,0,0,0,0,0,0,"N",3,100.0,0,0,0,0,0,0,0,0,0,0,0,0,0,0
"13089","5","339113","78","0","2024","4","",11,30,30,30,441024,26555,50,1131,"",1.61,0.15,0.15,0.15,0.09,0.21,0.04,0.61,"",1,10.0,1,3.4,2,7.1,1,3.4,-13911,-3.1,760,2.9,-20,-28.6,-90,-7.4
"13089","5","339114","78","0","2024","4","N",2,0,0,0,0,0,0,0,"N",1.15,0,0,0,0,0,0,0,"N",-1,-33.3,0,0,0,0,0,0,0,0,0,0,0,0,0,0
"13089","5","339115","78","0","2024","4","N",1,0,0,0,0,0,0,0,"N",0.81,0,0,0,0,0,0,0,"N",-1,-50.0,0,0,0,0,0,0,0,0,0,0,0,0,0,0
"13089","5","339116","78","0","2024","4","",13,63,62,63,987729,7470,36,1212,"",1.36,0.75,0.74,0.76,0.78,0.11,0.05,1.03,"",0,0.0,-11,-14.9,-12,-16.2,-11,-14.9,-88395,-8.2,-9500,-56.0,-382,-91.4,93,8.3
"13089","5","3399","76","0","2024","4","",48,635,643,642,10165840,270461,2650,1222,"",1.06,1.11,1.12,1.11,0.94,0.53,0.47,0.85,"",4,9.1,-17,-2.6,6,0.9,12,1.9,657335,6.9,-53360,-16.5,298,12.7,79,6.9
"13089","5","33991","77","0","2024","4","",5,24,23,23,188326,15333,319,621,"",1.16,0.57,0.54,0.53,0.26,0.37,0.66,0.48,"",1,25.0,13,118.2,12,109.1,12,109.1,100055,113.3,11953,353.6,314,6280.0,4,0.6
"13089","5","339910","78","0","2024","4","",5,24,23,23,188326,15333,319,621,"",1.16,0.57,0.54,0.53,0.26,0.37,0.66,0.48,"",1,25.0,13,118.2,12,109.1,12,109.1,100055,113.3,11953,353.6,314,6280.0,4,0.6
"13089","5","33992","77","0","2024","4","N",2,0,0,0,0,0,0,0,"N",0.45,0,0,0,0,0,0,0,"N",2,100.0,0,0,0,0,0,0,0,0,0,0,0,0,0,0
"13089","5","339920","78","0","2024","4","N",2,0,0,0,0,0,0,0,"N",0.45,0,0,0,0,0,0,0,"N",2,100.0,0,0,0,0,0,0,0,0,0,0,0,0,0,0
"13089","5","33993","77","0","2024","4","",3,11,11,11,300182,1217,1,2099,"",1.66,0.50,0.50,0.50,0.48,0.06,0.00,0.95,"N",0,0.0,0,0,0,0,0,0,0,0,0,0,0,0,0,0
"13089","5","339930","78","0","2024","4","",3,11,11,11,300182,1217,1,2099,"",1.66,0.50,0.50,0.50,0.48,0.06,0.00,0.95,"N",0,0.0,0,0,0,0,0,0,0,0,0,0,0,0,0,0
"13089","5","33994","77","0","2024","4","N",2,0,0,0,0,0,0,0,"N",2.12,0,0,0,0,0,0,0,"N",0,0.0,0,0,0,0,0,0,0,0,0,0,0,0,0,0
"13089","5","339940","78","0","2024","4","N",2,0,0,0,0,0,0,0,"N",2.12,0,0,0,0,0,0,0,"N",0,0.0,0,0,0,0,0,0,0,0,0,0,0,0,0,0
"13089","5","33995","77","0","2024","4","",21,274,271,277,4840286,129791,1355,1359,"",1.43,1.80,1.78,1.81,1.80,0.99,0.96,1.00,"",2,10.5,-29,-9.6,-26,-8.8,-23,-7.7,-274484,-5.4,-68087,-34.4,-10,-0.7,48,3.7
"13089","5","339950","78","0","2024","4","",21,274,271,277,4840286,129791,1355,1359,"",1.43,1.80,1.78,1.81,1.80,0.99,0.96,1.00,"",2,10.5,-29,-9.6,-26,-8.8,-23,-7.7,-274484,-5.4,-68087,-34.4,-10,-0.7,48,3.7
"13089","5","33999","77","0","2024","4","",15,56,60,59,1038416,60873,684,1369,"",0.79,0.22,0.23,0.23,0.21,0.28,0.27,0.94,"",-1,-6.2,-6,-9.7,5,9.1,17,40.5,77568,8.1,-9916,-14.0,75,12.3,-26,-1.9
"13089","5","339992","78","0","2024","4","N",1,0,0,0,0,0,0,0,"N",0.70,0,0,0,0,0,0,0,"N",0,0.0,0,0,0,0,0,0,0,0,0,0,0,0,0,0
"13089","5","339994","78","0","2024","4","N",1,0,0,0,0,0,0,0,"N",2.53,0,0,0,0,0,0,0,"N",0,0.0,0,0,0,0,0,0,0,0,0,0,0,0,0,0
"13089","5","339999","78","0","2024","4","",13,54,58,57,1030166,52623,681,1407,"",0.87,0.37,0.39,0.39,0.36,0.33,0.34,0.93,"",-1,-7.1,-6,-10.0,5,9.4,17,42.5,89318,9.5,-11166,-17.5,299,78.3,-12,-0.8
"13089","5","42","74","0","2024","4","",1066,11127,11076,11118,275703369,7599046,76047,1909,"",0.86,0.91,0.91,0.91,0.85,0.82,0.76,0.93,"",29,2.8,121,1.1,12,0.1,17,0.2,-3853253,-1.4,-697765,-8.4,-22424,-22.8,-36,-1.9
"13089","5","423","75","0","2024","4","",478,5849,5786,5831,155833170,3641684,37404,2059,"",0.72,0.86,0.85,0.85,0.84,0.75,0.72,0.98,"",13,2.8,-353,-5.7,-438,-7.0,-430,-6.9,-13097362,-7.8,-642663,-15.0,-7766,-17.2,-27,-1.3
"13089","5","4231","76","0","2024","4","",50,1048,1049,1048,28014301,618239,4150,2056,"",0.95,1.41,1.41,1.40,1.82,1.08,0.68,1.30,"",4,8.7,89,9.3,97,10.2,85,8.8,4405145,18.7,-294862,-32.3,-1840,-30.7,160,8.4
"13089","5","42311","77","0","2024","4","",15,483,473,471,15755078,275128,1405,2548,"",1.00,1.74,1.71,1.69,2.49,1.32,0.71,1.45,"",2,15.4,153,46.4,140,42.0,132,38.9,5065181,47.4,-153039,-35.7,-1837,-56.7,86,3.5
"13089","5","423110","78","0","2024","4","",15,483,473,471,15755078,275128,1405,2548,"",1.00,1.74,1.71,1.69,2.49,1.32,0.71,1.45,"",2,15.4,153,46.4,140,42.0,132,38.9,5065181,47.4,-153039,-35.7,-1837,-56.7,86,3.5
"13089","5","42312","77","0","2024","4","N",21,0,0,0,0,0,0,0,"N",0.73,0,0,0,0,0,0,0,"N",-1,-4.5,0,0,0,0,0,0,0,0,0,0,0,0,0,0
"13089","5","423120","78","0","2024","4","N",21,0,0,0,0,0,0,0,"N",0.73,0,0,0,0,0,0,0,"N",-1,-4.5,0,0,0,0,0,0,0,0,0,0,0,0,0,0
"13089","5","42313","77","0","2024","4","",10,373,377,377,9056700,214877,2100,1854,"",2.07,5.42,5.50,5.48,6.69,4.00,3.60,1.22,"",3,42.9,-41,-9.9,-30,-7.4,-31,-7.6,-514875,-5.4,-85551,-28.5,225,12.0,57,3.2
"13089","5","423130","78","0","2024","4","",10,373,377,377,9056700,214877,2100,1854,"",2.07,5.42,5.50,5.48,6.69,4.00,3.60,1.22,"",3,42.9,-41,-9.9,-30,-7.4,-31,-7.6,-514875,-5.4,-85551,-28.5,225,12.0,57,3.2
"13089","5","42314","77","0","2024","4","N",4,0,0,0,0,0,0,0,"N",0.98,0,0,0,0,0,0,0,"N",0,0.0,0,0,0,0,0,0,0,0,0,0,0,0,0,0
"13089","5","423140","78","0","2024","4","N",4,0,0,0,0,0,0,0,"N",0.98,0,0,0,0,0,0,0,"N",0,0.0,0,0,0,0,0,0,0,0,0,0,0,0,0,0
"13089","5","4232","76","0","2024","4","",35,559,548,564,11380164,203695,929,1572,"",1.35,2.55,2.51,2.57,2.33,1.11,0.41,0.92,"",-1,-2.8,-12,-2.1,-29,-5.0,-23,-3.9,-864784,-7.1,-137634,-40.3,-661,-41.6,-57,-3.5
"13089","5","42321","77","0","2024","4","",14,243,243,245,5831560,113124,559,1841,"",1.18,2.47,2.49,2.50,2.59,1.38,0.58,1.04,"",-2,-12.5,1,0.4,4,1.7,-4,-1.6,-841749,-12.6,-9205,-7.5,-218,-28.1,-269,-12.7
"13089","5","423210","78","0","2024","4","",14,243,243,245,5831560,113124,559,1841,"",1.18,2.47,2.49,2.50,2.59,1.38,0.58,1.04,"",-2,-12.5,1,0.4,4,1.7,-4,-1.6,-841749,-12.6,-9205,-7.5,-218,-28.1,-269,-12.7
"13089","5","42322","77","0","2024","4","",21,316,305,319,5548604,90571,370,1362,"",1.50,2.61,2.52,2.64,2.11,0.89,0.29,0.81,"",1,5.0,-13,-4.0,-33,-9.8,-19,-5.6,-23035,-0.4,-128429,-58.6,-443,-54.5,83,6.5
"13089","5","423220","78","0","2024","4","",21,316,305,319,5548604,90571,370,1362,"",1.50,2.61,2.52,2.64,2.11,0.89,0.29,0.81,"",1,5.0,-13,-4.0,-33,-9.8,-19,-5.6,-23035,-0.4,-128429,-58.6,-443,-54.5,83,6.5
"13089","5","4233","76","0","2024","4","",37,612,608,615,18758399,281332,3655,2359,"",0.74,1.16,1.15,1.17,1.56,0.62,0.72,1.35,"",-2,-5.1,18,3.0,19,3.2,17,2.8,-1577201,-7.8,-173050,-38.1,-4591,-55.7,-276,-10.5
"13089","5","42331","77","0","2024","4","",17,342,345,351,9618896,201189,3095,2138,"",0.90,1.50,1.52,1.54,1.86,0.95,1.48,1.23,"",-2,-10.5,-11,-3.1,-7,-2.0,-2,-0.6,-1183541,-11.0,-127363,-38.8,-3437,-52.6,-218,-9.3
"13089","5","423310","78","0","2024","4","",17,342,345,351,9618896,201189,3095,2138,"",0.90,1.50,1.52,1.54,1.86,0.95,1.48,1.23,"",-2,-10.5,-11,-3.1,-7,-2.0,-2,-0.6,-1183541,-11.0,-127363,-38.8,-3437,-52.6,-218,-9.3
"13089","5","42332","77","0","2024","4","",8,68,69,70,1192469,20518,133,1329,"",0.63,0.51,0.52,0.53,0.41,0.20,0.10,0.79,"",-1,-11.1,9,15.3,10,16.9,6,9.4,46468,4.1,-7882,-27.8,-103,-43.6,-124,-8.5
"13089","5","423320","78","0","2024","4","",8,68,69,70,1192469,20518,133,1329,"",0.63,0.51,0.52,0.53,0.41,0.20,0.10,0.79,"",-1,-11.1,9,15.3,10,16.9,6,9.4,46468,4.1,-7882,-27.8,-103,-43.6,-124,-8.5
"13089","5","42333","77","0","2024","4","",6,168,161,161,7542250,48517,244,3552,"",0.74,1.81,1.74,1.74,3.44,0.77,0.30,1.95,"",0,0.0,2,1.2,-1,-0.6,-4,-2.4,-495142,-6.2,-10913,-18.4,-208,-46.0,-210,-5.6
"13089","5","423330","78","0","2024","4","",6,168,161,161,7542250,48517,244,3552,"",0.74,1.81,1.74,1.74,3.44,0.77,0.30,1.95,"",0,0.0,2,1.2,-1,-0.6,-4,-2.4,-495142,-6.2,-10913,-18.4,-208,-46.0,-210,-5.6
"13089","5","42339","77","0","2024","4","",6,34,33,33,404784,11108,183,934,"",0.58,0.46,0.45,0.45,0.23,0.14,0.22,0.52,"",1,20.0,18,112.5,17,106.2,17,106.2,55014,15.7,-26892,-70.8,-843,-82.2,-748,-44.5
"13089","5","423390","78","0","2024","4","",6,34,33,33,404784,11108,183,934,"",0.58,0.46,0.45,0.45,0.23,0.14,0.22,0.52,"",1,20.0,18,112.5,17,106.2,17,106.2,55014,15.7,-26892,-70.8,-843,-82.2,-748,-44.5
"13089","5","4234","76","0","2024","4","",84,1135,1102,1112,39213153,389041,2308,2702,"",0.59,0.77,0.75,0.75,0.74,0.42,0.22,0.98,"",0,0.0,-132,-10.4,-144,-11.6,-134,-10.8,-6906354,-15.0,-72461,-15.7,-3825,-62.4,-129,-4.6
"13089","5","42341","77","0","2024","4","",3,7,7,7,139500,0,0,1533,"",1.24,0.31,0.31,0.31,0.19,0.00,0.00,0.61,"",0,0.0,0,0.0,0,0.0,-1,-12.5,10491,8.1,-7048,-100.0,-190,-100.0,180,13.3
"13089","5","423410","78","0","2024","4","",3,7,7,7,139500,0,0,1533,"",1.24,0.31,0.31,0.31,0.19,0.00,0.00,0.61,"",0,0.0,0,0.0,0,0.0,-1,-12.5,10491,8.1,-7048,-100.0,-190,-100.0,180,13.3
"13089","5","42342","77","0","2024","4","N",3,0,0,0,0,0,0,0,"N",0.27,0,0,0,0,0,0,0,"N",0,0.0,0,0,0,0,0,0,0,0,0,0,0,0,0,0
"13089","5","423420","78","0","2024","4","N",3,0,0,0,0,0,0,0,"N",0.27,0,0,0,0,0,0,0,"N",0,0.0,0,0,0,0,0,0,0,0,0,0,0,0,0,0
"13089","5","42343","77","0","2024","4","",25,655,630,641,25054392,119466,892,3002,"",0.75,1.45,1.40,1.42,1.13,0.49,0.30,0.79,"",-2,-7.4,-154,-19.0,-155,-19.7,-138,-17.7,-7795160,-23.7,-55829,-31.8,-3077,-77.5,-193,-6.0
"13089","5","423430","78","0","2024","4","",25,655,630,641,25054392,119466,892,3002,"",0.75,1.45,1.40,1.42,1.13,0.49,0.30,0.79,"",-2,-7.4,-154,-19.0,-155,-19.7,-138,-17.7,-7795160,-23.7,-55829,-31.8,-3077,-77.5,-193,-6.0
"13089","5","42344","77","0","2024","4","",14,83,83,82,1177266,109844,360,1095,"",1.08,0.71,0.71,0.70,0.45,1.30,0.37,0.64,"",2,16.7,5,6.4,4,5.1,3,3.8,188370,19.0,7673,7.5,-100,-21.7,128,13.2
"13089","5","423440","78","0","2024","4","",14,83,83,82,1177266,109844,360,1095,"",1.08,0.71,0.71,0.70,0.45,1.30,0.37,0.64,"",2,16.7,5,6.4,4,5.1,3,3.8,188370,19.0,7673,7.5,-100,-21.7,128,13.2
"13089","5","42345","77","0","2024","4","",35,379,371,371,12576064,159731,1056,2589,"",0.51,0.60,0.58,0.58,0.59,0.40,0.23,1.00,"",0,0.0,17,4.7,7,1.9,2,0.5,703222,5.9,-17257,-9.8,-458,-30.3,87,3.5
"13089","5","423450","78","0","2024","4","",35,379,371,371,12576064,159731,1056,2589,"",0.51,0.60,0.58,0.58,0.59,0.40,0.23,1.00,"",0,0.0,17,4.7,7,1.9,2,0.5,703222,5.9,-17257,-9.8,-458,-30.3,87,3.5
"13089","5","42346","77","0","2024","4","N",1,0,0,0,0,0,0,0,"N",0.22,0,0,0,0,0,0,0,"N",0,0.0,0,0,0,0,0,0,0,0,0,0,0,0,0,0
"13089","5","423460","78","0","2024","4","N",1,0,0,0,0,0,0,0,"N",0.22,0,0,0,0,0,0,0,"N",0,0.0,0,0,0,0,0,0,0,0,0,0,0,0,0,0
"13089","5","42349","77","0","2024","4","N",3,0,0,0,0,0,0,0,"N",0.32,0,0,0,0,0,0,0,"N",0,0.0,0,0,0,0,0,0,0,0,0,0,0,0,0,0
"13089","5","423490","78","0","2024","4","N",3,0,0,0,0,0,0,0,"N",0.32,0,0,0,0,0,0,0,"N",0,0.0,0,0,0,0,0,0,0,0,0,0,0,0,0,0
"13089","5","4235","76","0","2024","4","",22,261,264,271,6622652,163975,555,1920,"",0.99,0.97,0.98,1.00,0.95,0.90,0.27,0.97,"",4,22.2,2,0.8,-5,-1.9,5,1.9,383359,6.1,-102008,-38.4,-2846,-83.7,107,5.9
"13089","5","42351","77","0","2024","4","",22,261,264,271,6622652,163975,555,1920,"",1.03,0.99,1.00,1.02,0.99,0.91,0.28,0.98,"",4,22.2,2,0.8,-5,-1.9,5,1.9,383359,6.1,-102008,-38.4,-2846,-83.7,107,5.9
"13089","5","423510","78","0","2024","4","",22,261,264,271,6622652,163975,555,1920,"",1.03,0.99,1.00,1.02,0.99,0.91,0.28,0.98,"",4,22.2,2,0.8,-5,-1.9,5,1.9,383359,6.1,-102008,-38.4,-2846,-83.7,107,5.9
"13089","5","4236","76","0","2024","4","",48,319,320,320,7971827,185582,2942,1918,"",0.63,0.42,0.43,0.43,0.35,0.38,0.57,0.82,"",-2,-4.0,5,1.6,2,0.6,4,1.3,-1256806,-13.6,18963,11.4,1001,51.6,-329,-14.6
"13089","5","42361","77","0","2024","4","",24,150,154,154,3146329,76484,790,1585,"",0.64,0.37,0.38,0.38,0.29,0.28,0.29,0.75,"",-1,-4.0,1,0.7,4,2.7,3,2.0,-91787,-2.8,15351,25.1,333,72.9,-76,-4.6
"13089","5","423610","78","0","2024","4","",24,150,154,154,3146329,76484,790,1585,"",0.64,0.37,0.38,0.38,0.29,0.28,0.29,0.75,"",-1,-4.0,1,0.7,4,2.7,3,2.0,-91787,-2.8,15351,25.1,333,72.9,-76,-4.6
"13089","5","42362","77","0","2024","4","",9,95,92,91,1704058,74722,1763,1415,"",0.96,1.34,1.29,1.28,0.79,1.46,2.58,0.60,"",1,12.5,15,18.8,11,13.6,10,12.3,-1364532,-44.5,30390,68.6,566,47.3,-1511,-51.6
"13089","5","423620","78","0","2024","4","",9,95,92,91,1704058,74722,1763,1415,"",0.96,1.34,1.29,1.28,0.79,1.46,2.58,0.60,"",1,12.5,15,18.8,11,13.6,10,12.3,-1364532,-44.5,30390,68.6,566,47.3,-1511,-51.6
"13089","5","42369","77","0","2024","4","",15,74,74,75,3121440,34376,389,3230,"",0.50,0.26,0.27,0.27,0.32,0.21,0.22,1.22,"",-2,-11.8,-11,-12.9,-13,-14.9,-9,-10.7,199513,6.8,-26778,-43.8,102,35.5,596,22.6
"13089","5","423690","78","0","2024","4","",15,74,74,75,3121440,34376,389,3230,"",0.50,0.26,0.27,0.27,0.32,0.21,0.22,1.22,"",-2,-11.8,-11,-12.9,-13,-14.9,-9,-10.7,199513,6.8,-26778,-43.8,102,35.5,596,22.6
"13089","5","4237","76","0","2024","4","",41,625,621,622,18760823,602242,6979,2318,"",0.76,0.99,0.99,0.98,1.15,1.25,1.53,1.17,"",-1,-2.4,-146,-18.9,-151,-19.6,-161,-20.6,-1228760,-6.1,166848,38.3,1563,28.9,335,16.9
"13089","5","42371","77","0","2024","4","",12,220,213,216,5980600,201940,1160,2127,"",0.75,1.19,1.16,1.17,1.45,1.42,0.83,1.23,"N",-2,-14.3,0,0,0,0,0,0,0,0,0,0,0,0,0,0
"13089","5","423710","78","0","2024","4","",12,220,213,216,5980600,201940,1160,2127,"",0.75,1.19,1.16,1.17,1.45,1.42,0.83,1.23,"N",-2,-14.3,0,0,0,0,0,0,0,0,0,0,0,0,0,0
"13089","5","42372","77","0","2024","4","",16,224,221,219,8340593,262314,3772,2899,"",0.78,0.92,0.91,0.89,1.32,1.31,2.07,1.46,"",-1,-5.9,-109,-32.7,-118,-34.8,-128,-36.9,-2067485,-19.9,65846,33.5,1391,58.4,542,23.0
"13089","5","423720","78","0","2024","4","",16,224,221,219,8340593,262314,3772,2899,"",0.78,0.92,0.91,0.89,1.32,1.31,2.07,1.46,"",-1,-5.9,-109,-32.7,-118,-34.8,-128,-36.9,-2067485,-19.9,65846,33.5,1391,58.4,542,23.0
"13089","5","42373","77","0","2024","4","N",11,0,0,0,0,0,0,0,"N",0.77,0,0,0,0,0,0,0,"N",2,22.2,0,0,0,0,0,0,0,0,0,0,0,0,0,0
"13089","5","423730","78","0","2024","4","N",11,0,0,0,0,0,0,0,"N",0.77,0,0,0,0,0,0,0,"N",2,22.2,0,0,0,0,0,0,0,0,0,0,0,0,0,0
"13089","5","42374","77","0","2024","4","N",2,0,0,0,0,0,0,0,"N",0.60,0,0,0,0,0,0,0,"N",0,0.0,0,0,0,0,0,0,0,0,0,0,0,0,0,0
"13089","5","423740","78","0","2024","4","N",2,0,0,0,0,0,0,0,"N",0.60,0,0,0,0,0,0,0,"N",0,0.0,0,0,0,0,0,0,0,0,0,0,0,0,0,0
"13089","5","4238","76","0","2024","4","",99,1003,979,983,20521600,954684,12477,1597,"",0.66,0.65,0.63,0.63,0.50,0.91,1.24,0.79,"",6,6.5,-155,-13.4,-197,-16.8,-202,-17.0,-5983553,-22.6,5407,0.6,4440,55.2,-141,-8.1
"13089","5","42381","77","0","2024","4","",4,67,64,66,1424264,40511,417,1668,"",0.34,0.31,0.29,0.30,0.25,0.27,0.29,0.82,"N",0,0.0,0,0,0,0,0,0,0,0,0,0,0,0,0,0
"13089","5","423810","78","0","2024","4","",4,67,64,66,1424264,40511,417,1668,"",0.34,0.31,0.29,0.30,0.25,0.27,0.29,0.82,"N",0,0.0,0,0,0,0,0,0,0,0,0,0,0,0,0,0
"13089","5","42382","77","0","2024","4","N",3,0,0,0,0,0,0,0,"N",0.16,0,0,0,0,0,0,0,"N",0,0.0,0,0,0,0,0,0,0,0,0,0,0,0,0,0
"13089","5","423820","78","0","2024","4","N",3,0,0,0,0,0,0,0,"N",0.16,0,0,0,0,0,0,0,"N",0,0.0,0,0,0,0,0,0,0,0,0,0,0,0,0,0
"13089","5","42383","77","0","2024","4","",41,307,309,307,6529377,273831,3831,1632,"",0.57,0.45,0.45,0.44,0.35,0.63,0.89,0.79,"",-1,-2.4,-246,-44.5,-256,-45.3,-263,-46.1,-7257870,-52.6,-178522,-39.5,1181,44.6,-253,-13.4
"13089","5","423830","78","0","2024","4","",41,307,309,307,6529377,273831,3831,1632,"",0.57,0.45,0.45,0.44,0.35,0.63,0.89,0.79,"",-1,-2.4,-246,-44.5,-256,-45.3,-263,-46.1,-7257870,-52.6,-178522,-39.5,1181,44.6,-253,-13.4
"13089","5","42384","77","0","2024","4","",24,348,334,337,6728126,319889,3276,1524,"",0.91,1.62,1.55,1.56,1.16,2.02,2.05,0.74,"",2,9.1,23,7.1,1,0.3,0,0.0,3567,0.1,43753,15.8,-357,-9.8,-36,-2.3
"13089","5","423840","78","0","2024","4","",24,348,334,337,6728126,319889,3276,1524,"",0.91,1.62,1.55,1.56,1.16,2.02,2.05,0.74,"",2,9.1,23,7.1,1,0.3,0,0.0,3567,0.1,43753,15.8,-357,-9.8,-36,-2.3
"13089","5","42385","77","0","2024","4","",21,190,197,200,4163261,276095,4857,1637,"",1.60,1.66,1.71,1.73,1.80,2.92,5.27,1.06,"",3,16.7,69,57.0,74,60.2,79,65.3,1909493,84.7,146667,113.3,3560,274.5,212,14.9
"13089","5","423850","78","0","2024","4","",21,190,197,200,4163261,276095,4857,1637,"",1.60,1.66,1.71,1.73,1.80,2.92,5.27,1.06,"",3,16.7,69,57.0,74,60.2,79,65.3,1909493,84.7,146667,113.3,3560,274.5,212,14.9
"13089","5","42386","77","0","2024","4","N",6,0,0,0,0,0,0,0,"N",0.63,0,0,0,0,0,0,0,"N",2,50.0,0,0,0,0,0,0,0,0,0,0,0,0,0,0
"13089","5","423860","78","0","2024","4","N",6,0,0,0,0,0,0,0,"N",0.63,0,0,0,0,0,0,0,"N",2,50.0,0,0,0,0,0,0,0,0,0,0,0,0,0,0
"13089","5","4239","76","0","2024","4","",62,287,295,296,4590251,242894,3409,1206,"",0.73,0.45,0.46,0.46,0.33,0.46,0.56,0.72,"",5,8.8,-22,-7.1,-30,-9.2,-21,-6.6,-68408,-1.5,-53866,-18.2,-1007,-22.8,76,6.7
"13089","5","42391","77","0","2024","4","",9,48,51,51,913832,89500,1103,1406,"",0.51,0.38,0.40,0.40,0.34,0.82,0.96,0.86,"",2,28.6,15,45.5,17,50.0,19,59.4,359932,65.0,54754,157.6,652,144.6,115,8.9
"13089","5","423910","78","0","2024","4","",9,48,51,51,913832,89500,1103,1406,"",0.51,0.38,0.40,0.40,0.34,0.82,0.96,0.86,"",2,28.6,15,45.5,17,50.0,19,59.4,359932,65.0,54754,157.6,652,144.6,115,8.9
"13089","5","42392","77","0","2024","4","",6,28,29,27,312036,17018,439,857,"",0.96,0.58,0.59,0.54,0.24,0.42,0.88,0.42,"",0,0.0,1,3.7,-6,-17.1,-6,-18.2,-26067,-7.7,-47295,-73.5,-1189,-73.0,36,4.4
"13089","5","423920","78","0","2024","4","",6,28,29,27,312036,17018,439,857,"",0.96,0.58,0.59,0.54,0.24,0.42,0.88,0.42,"",0,0.0,1,3.7,-6,-17.1,-6,-18.2,-26067,-7.7,-47295,-73.5,-1189,-73.0,36,4.4
"13089","5","42393","77","0","2024","4","",16,92,92,96,1655728,59363,571,1365,"",1.04,0.46,0.46,0.48,0.43,0.36,0.35,0.93,"",0,0.0,-9,-8.9,-8,-8.0,1,1.1,-61459,-3.6,-7553,-11.3,-254,-30.8,26,1.9
"13089","5","423930","78","0","2024","4","",16,92,92,96,1655728,59363,571,1365,"",1.04,0.46,0.46,0.48,0.43,0.36,0.35,0.93,"",0,0.0,-9,-8.9,-8,-8.0,1,1.1,-61459,-3.6,-7553,-11.3,-254,-30.8,26,1.9
"13089","5","42394","77","0","2024","4","",21,85,88,88,1214327,69472,1145,1074,"",1.45,1.16,1.20,1.19,0.73,1.17,1.35,0.62,"",2,10.5,10,13.3,12,15.8,11,14.3,194519,19.1,12576,22.1,436,61.5,42,4.1
"13089","5","423940","78","0","2024","4","",21,85,88,88,1214327,69472,1145,1074,"",1.45,1.16,1.20,1.19,0.73,1.17,1.35,0.62,"",2,10.5,10,13.3,12,15.8,11,14.3,194519,19.1,12576,22.1,436,61.5,42,4.1
"13089","5","42399","77","0","2024","4","",10,34,35,34,494328,7541,151,1108,"",0.32,0.18,0.19,0.18,0.11,0.05,0.08,0.62,"",1,11.1,-39,-53.4,-45,-56.2,-46,-57.5,-535333,-52.0,-66348,-89.8,-652,-81.2,88,8.6
"13089","5","423990","78","0","2024","4","",10,34,35,34,494328,7541,151,1108,"",0.32,0.18,0.19,0.18,0.11,0.05,0.08,0.62,"",1,11.1,-39,-53.4,-45,-56.2,-46,-57.5,-535333,-52.0,-66348,-89.8,-652,-81.2,88,8.6
"13089","5","424","75","0","2024","4","",288,3659,3665,3665,69704364,2907842,29197,1464,"",0.82,0.83,0.83,0.83,0.66,0.79,0.74,0.80,"",23,8.7,537,17.2,501,15.8,500,15.8,7308143,11.7,169827,6.2,-8891,-23.3,-60,-3.9
"13089","5","4241","76","0","2024","4","",22,122,118,123,2266792,73005,448,1441,"",1.18,0.53,0.51,0.54,0.43,0.43,0.25,0.83,"",3,15.8,25,25.8,20,20.4,27,28.1,504247,28.6,7222,11.0,186,71.0,43,3.1
"13089","5","42412","77","0","2024","4","",9,30,27,28,378921,26799,39,1029,"",1.42,0.39,0.35,0.36,0.30,0.49,0.07,0.81,"",0,0.0,1,3.4,-1,-3.6,4,16.7,-8473,-2.2,5343,24.9,22,129.4,-75,-6.8
"13089","5","424120","78","0","2024","4","",9,30,27,28,378921,26799,39,1029,"",1.42,0.39,0.35,0.36,0.30,0.49,0.07,0.81,"",0,0.0,1,3.4,-1,-3.6,4,16.7,-8473,-2.2,5343,24.9,22,129.4,-75,-6.8
"13089","5","42413","77","0","2024","4","",13,92,91,95,1887871,46206,409,1567,"",1.34,0.71,0.70,0.73,0.58,0.48,0.39,0.80,"",3,30.0,24,35.3,21,30.0,23,31.9,512720,37.3,1879,4.2,164,66.9,56,3.7
"13089","5","424130","78","0","2024","4","",13,92,91,95,1887871,46206,409,1567,"",1.34,0.71,0.70,0.73,0.58,0.48,0.39,0.80,"",3,30.0,24,35.3,21,30.0,23,31.9,512720,37.3,1879,4.2,164,66.9,56,3.7
"13089","5","4242","76","0","2024","4","",24,318,320,325,12348316,150438,1115,2959,"",0.54,0.62,0.62,0.62,0.62,0.45,0.28,0.99,"",-2,-7.7,0,0.0,3,0.9,9,2.8,17879,0.1,-77910,-34.1,-3401,-75.3,-33,-1.1
"13089","5","42421","77","0","2024","4","",24,318,320,325,12348316,150438,1115,2959,"",0.54,0.62,0.62,0.62,0.62,0.45,0.28,0.99,"",-2,-7.7,0,0.0,3,0.9,9,2.8,17879,0.1,-77910,-34.1,-3401,-75.3,-33,-1.1
"13089","5","424210","78","0","2024","4","",24,318,320,325,12348316,150438,1115,2959,"",0.54,0.62,0.62,0.62,0.62,0.45,0.28,0.99,"",-2,-7.7,0,0.0,3,0.9,9,2.8,17879,0.1,-77910,-34.1,-3401,-75.3,-33,-1.1
"13089","5","4243","76","0","2024","4","",43,183,192,205,3142286,128166,1275,1250,"",1.33,0.66,0.69,0.73,0.48,0.54,0.41,0.69,"",3,7.5,-22,-10.7,-14,-6.8,-3,-1.4,137582,4.6,-11597,-8.3,432,51.2,130,11.6
"13089","5","42431","77","0","2024","4","",9,39,39,40,759092,19116,81,1485,"",1.23,0.91,0.91,0.92,0.84,0.55,0.20,0.92,"",1,12.5,3,8.3,3,8.3,5,14.3,96883,14.6,8516,80.3,-5,-5.8,57,4.0
"13089","5","424310","78","0","2024","4","",9,39,39,40,759092,19116,81,1485,"",1.23,0.91,0.91,0.92,0.84,0.55,0.20,0.92,"",1,12.5,3,8.3,3,8.3,5,14.3,96883,14.6,8516,80.3,-5,-5.8,57,4.0
"13089","5","42434","77","0","2024","4","",5,23,23,32,477980,11900,176,1414,"",1.34,0.52,0.52,0.71,0.45,0.37,0.42,0.77,"",-1,-16.7,-4,-14.8,-3,-11.5,-1,-3.0,-31506,-6.2,-12452,-51.1,14,8.6,47,3.4
"13089","5","424340","78","0","2024","4","",5,23,23,32,477980,11900,176,1414,"",1.34,0.52,0.52,0.71,0.45,0.37,0.42,0.77,"",-1,-16.7,-4,-14.8,-3,-11.5,-1,-3.0,-31506,-6.2,-12452,-51.1,14,8.6,47,3.4
"13089","5","42435","77","0","2024","4","",29,121,130,133,1905214,97150,1018,1145,"",1.36,0.64,0.68,0.70,0.42,0.57,0.44,0.62,"",3,11.5,-21,-14.8,-14,-9.7,-7,-5.0,72205,3.9,-7661,-7.3,423,71.1,152,15.3
"13089","5","424350","78","0","2024","4","",29,121,130,133,1905214,97150,1018,1145,"",1.36,0.64,0.68,0.70,0.42,0.57,0.44,0.62,"",3,11.5,-21,-14.8,-14,-9.7,-7,-5.0,72205,3.9,-7661,-7.3,423,71.1,152,15.3
"13089","5","4244","76","0","2024","4","",82,1871,1873,1855,31820175,1224055,9156,1312,"",0.85,1.13,1.13,1.12,0.94,0.80,0.56,0.83,"",3,3.8,339,22.1,327,21.2,324,21.2,5290274,19.9,-138764,-10.2,-6013,-39.6,-16,-1.2
"13089","5","42441","77","0","2024","4","",22,197,199,197,3860738,95325,896,1502,"",1.27,0.38,0.39,0.38,0.37,0.20,0.18,0.97,"",0,0.0,12,6.5,1,0.5,12,6.5,253503,7.0,-4013,-4.0,600,202.7,36,2.5
"13089","5","424410","78","0","2024","4","",22,197,199,197,3860738,95325,896,1502,"",1.27,0.38,0.39,0.38,0.37,0.20,0.18,0.97,"",0,0.0,12,6.5,1,0.5,12,6.5,253503,7.0,-4013,-4.0,600,202.7,36,2.5
"13089","5","42442","77","0","2024","4","",6,37,37,35,1669882,6896,186,3535,"",1.10,0.53,0.53,0.49,1.06,0.11,0.25,2.06,"",0,0.0,-8,-17.8,-8,-17.8,-8,-18.6,-428537,-20.4,-18772,-73.1,148,389.5,-106,-2.9
"13089","5","424420","78","0","2024","4","",6,37,37,35,1669882,6896,186,3535,"",1.10,0.53,0.53,0.49,1.06,0.11,0.25,2.06,"",0,0.0,-8,-17.8,-8,-17.8,-8,-18.6,-428537,-20.4,-18772,-73.1,148,389.5,-106,-2.9
"13089","5","42443","77","0","2024","4","-",0,0,0,0,0,0,0,0,"N",0.00,0,0,0,0,0,0,0,"N",0,0,0,0,0,0,0,0,0,0,0,0,0,0,0,0
"13089","5","424430","78","0","2024","4","-",0,0,0,0,0,0,0,0,"N",0.00,0,0,0,0,0,0,0,"N",0,0,0,0,0,0,0,0,0,0,0,0,0,0,0,0
"13089","5","42444","77","0","2024","4","N",1,0,0,0,0,0,0,0,"N",0.68,0,0,0,0,0,0,0,"N",0,0.0,0,0,0,0,0,0,0,0,0,0,0,0,0,0
"13089","5","424440","78","0","2024","4","N",1,0,0,0,0,0,0,0,"N",0.68,0,0,0,0,0,0,0,"N",0,0.0,0,0,0,0,0,0,0,0,0,0,0,0,0,0
"13089","5","42445","77","0","2024","4","N",8,0,0,0,0,0,0,0,"N",1.05,0,0,0,0,0,0,0,"N",1,14.3,0,0,0,0,0,0,0,0,0,0,0,0,0,0
"13089","5","424450","78","0","2024","4","N",8,0,0,0,0,0,0,0,"N",1.05,0,0,0,0,0,0,0,"N",1,14.3,0,0,0,0,0,0,0,0,0,0,0,0,0,0
"13089","5","42446","77","0","2024","4","",6,433,432,421,6561359,334567,644,1177,"",1.12,7.76,7.77,7.57,6.18,6.03,1.01,0.80,"",1,20.0,370,587.3,371,608.2,358,568.3,5649910,619.9,256255,327.2,-205,-24.1,52,4.6
"13089","5","424460","78","0","2024","4","",6,433,432,421,6561359,334567,644,1177,"",1.12,7.76,7.77,7.57,6.18,6.03,1.01,0.80,"",1,20.0,370,587.3,371,608.2,358,568.3,5649910,619.9,256255,327.2,-205,-24.1,52,4.6
"13089","5","42447","77","0","2024","4","",4,116,118,118,1272629,116017,2206,834,"",0.66,1.21,1.23,1.22,0.59,1.36,2.30,0.49,"",0,0.0,78,205.3,82,227.8,80,210.5,792708,165.2,84622,269.5,2043,1253.4,-155,-15.7
"13089","5","424470","78","0","2024","4","",4,116,118,118,1272629,116017,2206,834,"",0.66,1.21,1.23,1.22,0.59,1.36,2.30,0.49,"",0,0.0,78,205.3,82,227.8,80,210.5,792708,165.2,84622,269.5,2043,1253.4,-155,-15.7
"13089","5","42448","77","0","2024","4","",7,39,41,38,482648,21016,48,944,"",0.68,0.20,0.21,0.19,0.13,0.10,0.02,0.64,"",1,16.7,6,18.2,11,36.7,8,26.7,74140,18.1,16066,324.6,-7,-12.7,-70,-6.9
"13089","5","424480","78","0","2024","4","",7,39,41,38,482648,21016,48,944,"",0.68,0.20,0.21,0.19,0.13,0.10,0.02,0.64,"",1,16.7,6,18.2,11,36.7,8,26.7,74140,18.1,16066,324.6,-7,-12.7,-70,-6.9
"13089","5","42449","77","0","2024","4","",28,737,732,728,12316703,471270,3810,1294,"",0.73,1.49,1.48,1.47,1.21,1.07,0.83,0.82,"",0,0.0,-118,-13.8,-135,-15.6,-130,-15.2,-1255889,-9.3,-381013,-44.7,-7470,-66.2,80,6.6
"13089","5","424490","78","0","2024","4","",28,737,732,728,12316703,471270,3810,1294,"",0.73,1.49,1.48,1.47,1.21,1.07,0.83,0.82,"",0,0.0,-118,-13.8,-135,-15.6,-130,-15.2,-1255889,-9.3,-381013,-44.7,-7470,-66.2,80,6.6
"13089","5","4246","76","0","2024","4","",24,313,312,314,7103692,398368,5934,1746,"",0.66,1.03,1.03,1.03,0.82,2.18,3.20,0.79,"",0,0.0,42,15.5,17,5.8,2,0.6,-188786,-2.6,34892,9.6,-4870,-45.1,-171,-8.9
"13089","5","42461","77","0","2024","4","",6,22,21,20,633100,224949,1867,2319,"",0.70,0.36,0.34,0.32,0.36,6.20,4.52,1.06,"",0,0.0,2,10.0,1,5.0,1,5.3,-202365,-24.2,224949,100.0,1867,100.0,-949,-29.0
"13089","5","424610","78","0","2024","4","",6,22,21,20,633100,224949,1867,2319,"",0.70,0.36,0.34,0.32,0.36,6.20,4.52,1.06,"",0,0.0,2,10.0,1,5.0,1,5.3,-202365,-24.2,224949,100.0,1867,100.0,-949,-29.0
"13089","5","42469","77","0","2024","4","",18,291,291,294,6470592,173419,4067,1705,"",0.65,1.20,1.20,1.21,0.93,1.18,2.82,0.77,"",0,0.0,40,15.9,16,5.8,1,0.3,13579,0.2,-190057,-52.3,-6737,-62.4,-114,-6.3
"13089","5","424690","78","0","2024","4","",18,291,291,294,6470592,173419,4067,1705,"",0.65,1.20,1.20,1.21,0.93,1.18,2.82,0.77,"",0,0.0,40,15.9,16,5.8,1,0.3,13579,0.2,-190057,-52.3,-6737,-62.4,-114,-6.3
"13089","5","4247","76","0","2024","4","",9,61,59,60,1607638,35074,153,2061,"",0.55,0.30,0.29,0.29,0.28,0.21,0.10,0.93,"",-1,-10.0,-23,-27.4,-25,-29.8,-22,-26.8,-604621,-27.3,11325,47.7,56,57.7,19,0.9
"13089","5","42471","77","0","2024","4","",3,35,33,34,1045240,23704,109,2365,"",0.58,0.52,0.49,0.50,0.58,0.40,0.21,1.15,"",-1,-25.0,-2,-5.4,-4,-10.8,-3,-8.1,72697,7.5,8378,54.7,17,18.5,343,17.0
"13089","5","424710","78","0","2024","4","",3,35,33,34,1045240,23704,109,2365,"",0.58,0.52,0.49,0.50,0.58,0.40,0.21,1.15,"",-1,-25.0,-2,-5.4,-4,-10.8,-3,-8.1,72697,7.5,8378,54.7,17,18.5,343,17.0
"13089","5","42472","77","0","2024","4","",6,26,26,26,562398,11370,44,1664,"",0.54,0.19,0.19,0.19,0.14,0.10,0.04,0.73,"",0,0.0,-21,-44.7,-21,-44.7,-19,-42.2,-677318,-54.6,2947,35.0,39,780.0,-394,-19.1
"13089","5","424720","78","0","2024","4","",6,26,26,26,562398,11370,44,1664,"",0.54,0.19,0.19,0.19,0.14,0.10,0.04,0.73,"",0,0.0,-21,-44.7,-21,-44.7,-19,-42.2,-677318,-54.6,2947,35.0,39,780.0,-394,-19.1
"13089","5","4248","76","0","2024","4","",12,105,101,101,2003821,64836,538,1506,"",0.64,0.25,0.24,0.24,0.22,0.21,0.19,0.90,"",0,0.0,1,1.0,-2,-1.9,-3,-2.9,16590,0.8,3513,5.7,30,5.9,31,2.1
"13089","5","42481","77","0","2024","4","N",2,0,0,0,0,0,0,0,"N",0.35,0,0,0,0,0,0,0,"N",0,0.0,0,0,0,0,0,0,0,0,0,0,0,0,0,0
"13089","5","424810","78","0","2024","4","N",2,0,0,0,0,0,0,0,"N",0.35,0,0,0,0,0,0,0,"N",0,0.0,0,0,0,0,0,0,0,0,0,0,0,0,0,0
"13089","5","42482","77","0","2024","4","N",10,0,0,0,0,0,0,0,"N",0.78,0,0,0,0,0,0,0,"N",0,0.0,0,0,0,0,0,0,0,0,0,0,0,0,0,0
"13089","5","424820","78","0","2024","4","N",10,0,0,0,0,0,0,0,"N",0.78,0,0,0,0,0,0,0,"N",0,0.0,0,0,0,0,0,0,0,0,0,0,0,0,0,0
"13089","5","4249","76","0","2024","4","",72,686,690,682,9411644,833900,10578,1055,"",0.95,1.06,1.07,1.06,0.71,1.41,1.68,0.66,"",17,30.9,175,34.2,175,34.0,166,32.2,2134978,29.3,341146,69.2,4689,79.6,-34,-3.1
"13089","5","42491","77","0","2024","4","N",4,0,0,0,0,0,0,0,"N",0.16,0,0,0,0,0,0,0,"N",1,33.3,0,0,0,0,0,0,0,0,0,0,0,0,0,0
"13089","5","424910","78","0","2024","4","N",4,0,0,0,0,0,0,0,"N",0.16,0,0,0,0,0,0,0,"N",1,33.3,0,0,0,0,0,0,0,0,0,0,0,0,0,0
"13089","5","42492","77","0","2024","4","N",5,0,0,0,0,0,0,0,"N",1.37,0,0,0,0,0,0,0,"N",0,0.0,0,0,0,0,0,0,0,0,0,0,0,0,0,0
"13089","5","424920","78","0","2024","4","N",5,0,0,0,0,0,0,0,"N",1.37,0,0,0,0,0,0,0,"N",0,0.0,0,0,0,0,0,0,0,0,0,0,0,0,0,0
"13089","5","42493","77","0","2024","4","",8,170,171,171,1868627,161982,3762,842,"",1.08,1.76,1.78,1.82,1.38,1.77,3.50,0.77,"",0,0.0,20,13.3,21,14.0,20,13.2,243244,15.0,-65067,-28.7,865,29.9,10,1.2
"13089","5","424930","78","0","2024","4","",8,170,171,171,1868627,161982,3762,842,"",1.08,1.76,1.78,1.82,1.38,1.77,3.50,0.77,"",0,0.0,20,13.3,21,14.0,20,13.2,243244,15.0,-65067,-28.7,865,29.9,10,1.2
"13089","5","42494","77","0","2024","4","",14,43,40,38,384618,30909,758,734,"",3.01,0.88,0.82,0.77,0.40,0.75,1.85,0.48,"N",4,40.0,0,0,0,0,0,0,0,0,0,0,0,0,0,0
"13089","5","424940","78","0","2024","4","",14,43,40,38,384618,30909,758,734,"",3.01,0.88,0.82,0.77,0.40,0.75,1.85,0.48,"N",4,40.0,0,0,0,0,0,0,0,0,0,0,0,0,0,0
"13089","5","42495","77","0","2024","4","",6,165,166,166,2388262,145589,913,1109,"",1.09,3.53,3.55,3.54,2.47,4.28,2.68,0.70,"",2,50.0,13,8.6,4,2.5,7,4.4,170943,7.7,10695,7.9,-196,-17.7,27,2.5
"13089","5","424950","78","0","2024","4","",6,165,166,166,2388262,145589,913,1109,"",1.09,3.53,3.55,3.54,2.47,4.28,2.68,0.70,"",2,50.0,13,8.6,4,2.5,7,4.4,170943,7.7,10695,7.9,-196,-17.7,27,2.5
"13089","5","42499","77","0","2024","4","",35,248,254,248,3294411,455963,4884,1014,"",1.19,1.49,1.52,1.48,0.92,3.07,2.57,0.61,"",10,40.0,127,105.0,136,115.3,128,106.7,1548695,88.7,370614,434.2,3897,394.8,-108,-9.6
"13089","5","424990","78","0","2024","4","",35,248,254,248,3294411,455963,4884,1014,"",1.19,1.49,1.52,1.48,0.92,3.07,2.57,0.61,"",10,40.0,127,105.0,136,115.3,128,106.7,1548695,88.7,370614,434.2,3897,394.8,-108,-9.6
"13089","5","425","75","0","2024","4","",300,1619,1625,1622,50165835,1049520,9446,2379,"",1.34,1.64,1.65,1.64,1.48,1.49,1.14,0.90,"",-7,-2.3,-63,-3.7,-51,-3.0,-53,-3.2,1935966,4.0,-224929,-17.6,-5767,-37.9,168,7.6
"13089","5","4251","76","0","2024","4","",300,1619,1625,1622,50165835,1049520,9446,2379,"",1.34,1.64,1.65,1.64,1.48,1.49,1.14,0.90,"",-7,-2.3,-63,-3.7,-51,-3.0,-53,-3.2,1935966,4.0,-224929,-17.6,-5767,-37.9,168,7.6
"13089","5","42512","77","0","2024","4","",300,1619,1625,1622,50165835,1049520,9446,2379,"",1.34,1.64,1.65,1.64,1.48,1.49,1.14,0.90,"",-7,-2.3,-63,-3.7,-51,-3.0,-53,-3.2,1935966,4.0,-224929,-17.6,-5767,-37.9,168,7.6
"13089","5","425120","78","0","2024","4","",300,1619,1625,1622,50165835,1049520,9446,2379,"",1.34,1.64,1.65,1.64,1.48,1.49,1.14,0.90,"",-7,-2.3,-63,-3.7,-51,-3.0,-53,-3.2,1935966,4.0,-224929,-17.6,-5767,-37.9,168,7.6
"13089","5","44-45","74","0","2024","4","",2297,33585,34131,34267,386848622,38386449,401050,875,"",1.11,1.09,1.08,1.08,1.12,1.24,1.45,1.04,"",90,4.1,859,2.6,634,1.9,550,1.6,30690008,8.6,-1580419,-4.0,83274,26.2,53,6.4
"13089","5","441","75","0","2024","4","",214,4740,4697,4692,94141815,4927408,40824,1538,"",0.89,1.16,1.15,1.15,1.27,1.22,1.03,1.10,"",6,2.9,923,24.2,910,24.0,899,23.7,23736480,33.7,783037,18.9,17331,73.8,112,7.9
"13089","5","4411","76","0","2024","4","",86,3492,3442,3450,79186322,3637603,31639,1760,"",0.94,1.36,1.34,1.34,1.46,1.48,1.22,1.08,"",2,2.4,819,30.6,805,30.5,791,29.7,21211281,36.6,719192,24.6,15591,97.2,81,4.8
"13089","5","44111","77","0","2024","4","",30,3345,3298,3305,75311102,3507802,30332,1747,"",0.73,1.50,1.48,1.48,1.56,1.65,1.39,1.05,"",5,20.0,803,31.6,789,31.4,774,30.6,20978890,38.6,725518,26.1,15104,99.2,93,5.6
"13089","5","441110","78","0","2024","4","",30,3345,3298,3305,75311102,3507802,30332,1747,"",0.73,1.50,1.48,1.48,1.56,1.65,1.39,1.05,"",5,20.0,803,31.6,789,31.4,774,30.6,20978890,38.6,725518,26.1,15104,99.2,93,5.6
"13089","5","44112","77","0","2024","4","",56,147,144,145,3875220,129801,1307,2051,"",1.12,0.44,0.43,0.44,0.66,0.39,0.32,1.49,"",-3,-5.1,16,12.2,16,12.5,17,13.3,232391,6.4,-6326,-4.6,487,59.4,-121,-5.6
"13089","5","441120","78","0","2024","4","",56,147,144,145,3875220,129801,1307,2051,"",1.12,0.44,0.43,0.44,0.66,0.39,0.32,1.49,"",-3,-5.1,16,12.2,16,12.5,17,13.3,232391,6.4,-6326,-4.6,487,59.4,-121,-5.6
"13089","5","4412","76","0","2024","4","",6,28,35,33,446078,103619,1221,1072,"",0.20,0.08,0.11,0.10,0.08,0.32,0.33,0.82,"",-1,-14.3,-6,-17.6,-1,-2.8,0,0.0,-184360,-29.2,40254,63.5,544,80.4,-340,-24.1
"13089","5","44121","77","0","2024","4","N",1,0,0,0,0,0,0,0,"N",0.17,0,0,0,0,0,0,0,"N",0,0.0,0,0,0,0,0,0,0,0,0,0,0,0,0,0
"13089","5","441210","78","0","2024","4","N",1,0,0,0,0,0,0,0,"N",0.17,0,0,0,0,0,0,0,"N",0,0.0,0,0,0,0,0,0,0,0,0,0,0,0,0,0
"13089","5","44122","77","0","2024","4","N",5,0,0,0,0,0,0,0,"N",0.21,0,0,0,0,0,0,0,"N",-1,-16.7,0,0,0,0,0,0,0,0,0,0,0,0,0,0
"13089","5","441222","78","0","2024","4","N",2,0,0,0,0,0,0,0,"N",0.23,0,0,0,0,0,0,0,"N",0,0.0,0,0,0,0,0,0,0,0,0,0,0,0,0,0
"13089","5","441227","78","0","2024","4","N",3,0,0,0,0,0,0,0,"N",0.20,0,0,0,0,0,0,0,"N",-1,-25.0,0,0,0,0,0,0,0,0,0,0,0,0,0,0
"13089","5","4413","76","0","2024","4","",122,1220,1220,1209,14509415,1186186,7964,918,"",1.02,1.03,1.03,1.02,1.01,0.94,0.80,0.99,"",5,4.3,110,9.9,106,9.5,108,9.8,2709559,23.0,23591,2.0,1196,17.7,99,12.1
"13089","5","44133","77","0","2024","4","",74,840,833,825,9386984,698413,3722,867,"",0.93,1.06,1.05,1.03,1.09,0.88,0.61,1.04,"",3,4.2,118,16.3,97,13.2,105,14.6,2600002,38.3,59279,9.3,433,13.2,148,20.6
"13089","5","441330","78","0","2024","4","",74,840,833,825,9386984,698413,3722,867,"",0.93,1.06,1.05,1.03,1.09,0.88,0.61,1.04,"",3,4.2,118,16.3,97,13.2,105,14.6,2600002,38.3,59279,9.3,433,13.2,148,20.6
"13089","5","44134","77","0","2024","4","",48,380,387,384,5122431,487773,4242,1027,"",1.20,0.98,1.00,0.99,0.90,1.06,1.10,0.91,"",2,4.3,-8,-2.1,9,2.4,3,0.8,109557,2.2,-35688,-6.8,763,21.9,18,1.8
"13089","5","441340","78","0","2024","4","",48,380,387,384,5122431,487773,4242,1027,"",1.20,0.98,1.00,0.99,0.90,1.06,1.10,0.91,"",2,4.3,-8,-2.1,9,2.4,3,0.8,109557,2.2,-35688,-6.8,763,21.9,18,1.8
"13089","5","444","75","0","2024","4","",70,1696,1707,1735,19689208,1496236,18387,884,"",0.50,0.62,0.63,0.64,0.62,0.60,0.85,0.97,"",-4,-5.4,-10,-0.6,0,0.0,30,1.8,-184298,-0.9,68,0.0,8614,88.1,-12,-1.3
"13089","5","4441","76","0","2024","4","",53,1571,1589,1585,18690371,1283959,14976,909,"",0.50,0.67,0.68,0.68,0.67,0.60,0.88,0.99,"",-6,-10.2,-29,-1.8,-13,-0.8,-17,-1.1,-213375,-1.1,-94497,-6.9,6771,82.5,1,0.1
"13089","5","44411","77","0","2024","4","",12,1048,1080,1064,9783913,745138,10261,707,"",0.66,0.74,0.76,0.75,0.73,0.58,1.07,0.97,"",0,0.0,-17,-1.6,20,1.9,2,0.2,254359,2.7,61144,8.9,9831,2286.3,17,2.5
"13089","5","444110","78","0","2024","4","",12,1048,1080,1064,9783913,745138,10261,707,"",0.66,0.74,0.76,0.75,0.73,0.58,1.07,0.97,"",0,0.0,-17,-1.6,20,1.9,2,0.2,254359,2.7,61144,8.9,9831,2286.3,17,2.5
"13089","5","44412","77","0","2024","4","",11,104,102,104,1238901,59362,759,922,"",0.84,1.27,1.25,1.27,1.04,0.96,1.53,0.83,"",-5,-31.2,-7,-6.3,-12,-10.5,-10,-8.8,-79750,-6.0,-22119,-27.1,-419,-35.6,24,2.7
"13089","5","444120","78","0","2024","4","",11,104,102,104,1238901,59362,759,922,"",0.84,1.27,1.25,1.27,1.04,0.96,1.53,0.83,"",-5,-31.2,-7,-6.3,-12,-10.5,-10,-8.8,-79750,-6.0,-22119,-27.1,-419,-35.6,24,2.7
"13089","5","44414","77","0","2024","4","",10,195,192,206,1879007,203177,1139,731,"",0.33,0.57,0.56,0.59,0.52,0.58,0.43,0.90,"",0,0.0,27,16.1,23,13.6,34,19.8,288123,18.1,14299,7.6,-1988,-63.6,10,1.4
"13089","5","444140","78","0","2024","4","",10,195,192,206,1879007,203177,1139,731,"",0.33,0.57,0.56,0.59,0.52,0.58,0.43,0.90,"",0,0.0,27,16.1,23,13.6,34,19.8,288123,18.1,14299,7.6,-1988,-63.6,10,1.4
"13089","5","44418","77","0","2024","4","",20,224,215,211,5788550,276282,2817,2055,"",0.44,0.45,0.43,0.42,0.60,0.64,0.66,1.38,"",-1,-4.8,-32,-12.5,-44,-17.0,-43,-16.9,-676107,-10.5,-147821,-34.9,-653,-18.8,115,5.9
"13089","5","444180","78","0","2024","4","",20,224,215,211,5788550,276282,2817,2055,"",0.44,0.45,0.43,0.42,0.60,0.64,0.66,1.38,"",-1,-4.8,-32,-12.5,-44,-17.0,-43,-16.9,-676107,-10.5,-147821,-34.9,-653,-18.8,115,5.9
"13089","5","4442","76","0","2024","4","",17,125,118,150,998837,212277,3411,587,"",0.50,0.34,0.33,0.42,0.25,0.60,0.76,0.69,"",2,13.3,19,17.9,13,12.4,47,45.6,29077,3.0,94565,80.3,1843,117.5,-126,-17.7
"13089","5","44423","77","0","2024","4","",4,23,25,24,287596,5586,39,922,"",0.55,0.37,0.41,0.39,0.31,0.13,0.09,0.78,"",0,0.0,1,4.5,4,19.0,2,9.1,-20374,-6.6,-3487,-38.4,-11,-22.0,-171,-15.6
"13089","5","444230","78","0","2024","4","",4,23,25,24,287596,5586,39,922,"",0.55,0.37,0.41,0.39,0.31,0.13,0.09,0.78,"",0,0.0,1,4.5,4,19.0,2,9.1,-20374,-6.6,-3487,-38.4,-11,-22.0,-171,-15.6
"13089","5","44424","77","0","2024","4","",13,102,93,126,711241,206691,3372,511,"",0.48,0.33,0.31,0.42,0.23,0.67,0.83,0.65,"",2,18.2,18,21.4,9,10.7,45,55.6,49451,7.5,98052,90.3,1854,122.1,-102,-16.6
"13089","5","444240","78","0","2024","4","",13,102,93,126,711241,206691,3372,511,"",0.48,0.33,0.31,0.42,0.23,0.67,0.83,0.65,"",2,18.2,18,21.4,9,10.7,45,55.6,49451,7.5,98052,90.3,1854,122.1,-102,-16.6
"13089","5","445","75","0","2024","4","",428,7717,7832,7798,71589084,8041068,110877,708,"",1.38,1.20,1.21,1.19,1.26,1.27,2.23,1.05,"",29,7.3,-413,-5.1,-438,-5.3,-551,-6.6,-590746,-0.8,-1134792,-12.4,58118,110.2,35,5.2
"13089","5","4451","76","0","2024","4","",288,6398,6462,6448,57639065,6728489,98118,689,"",1.53,1.14,1.15,1.13,1.17,1.24,2.47,1.02,"",20,7.5,-417,-6.1,-399,-5.8,-505,-7.3,-1148192,-2.0,-979101,-12.7,58512,147.7,31,4.7
"13089","5","44511","77","0","2024","4","",142,5954,6026,6009,53798930,6137037,88693,690,"",1.25,1.15,1.15,1.14,1.17,1.23,2.57,1.03,"",0,0.0,-487,-7.6,-463,-7.1,-562,-8.6,-1518483,-2.7,-1151400,-15.8,54022,155.8,35,5.3
"13089","5","445110","78","0","2024","4","",142,5954,6026,6009,53798930,6137037,88693,690,"",1.25,1.15,1.15,1.14,1.17,1.23,2.57,1.03,"",0,0.0,-487,-7.6,-463,-7.1,-562,-8.6,-1518483,-2.7,-1151400,-15.8,54022,155.8,35,5.3
"13089","5","44513","77","0","2024","4","",146,444,436,439,3840135,591452,9425,672,"",1.95,1.10,1.08,1.09,1.09,1.33,1.79,1.00,"",20,15.9,70,18.7,64,17.2,57,14.9,370291,10.7,172299,41.1,4490,91.0,-38,-5.4
"13089","5","445131","78","0","2024","4","",132,341,330,333,2659094,419523,6689,611,"",1.93,1.04,1.01,1.02,1.05,1.15,1.60,1.03,"N",13,10.9,0,0,0,0,0,0,0,0,0,0,0,0,0,0
"13089","5","445132","78","0","2024","4","",14,103,106,106,1181041,171929,2736,865,"",2.08,1.36,1.39,1.40,1.17,2.19,2.54,0.85,"N",7,100.0,0,0,0,0,0,0,0,0,0,0,0,0,0,0
"13089","5","4452","76","0","2024","4","",43,751,796,781,9346029,612280,4233,926,"",0.77,1.55,1.62,1.58,1.98,1.12,0.67,1.25,"",3,7.5,25,3.4,2,0.3,11,1.4,934375,11.1,93501,18.0,874,26.0,78,9.2
"13089","5","44523","77","0","2024","4","N",5,0,0,0,0,0,0,0,"N",0.76,0,0,0,0,0,0,0,"N",-1,-16.7,0,0,0,0,0,0,0,0,0,0,0,0,0,0
"13089","5","445230","78","0","2024","4","N",5,0,0,0,0,0,0,0,"N",0.76,0,0,0,0,0,0,0,"N",-1,-16.7,0,0,0,0,0,0,0,0,0,0,0,0,0,0
"13089","5","44524","77","0","2024","4","",14,107,141,111,1161462,102549,1668,747,"",1.06,0.84,1.04,0.81,0.85,0.73,1.24,0.95,"",0,0.0,9,9.2,-24,-14.5,-31,-21.8,390164,50.6,43427,73.5,970,139.0,308,70.2
"13089","5","445240","78","0","2024","4","",14,107,141,111,1161462,102549,1668,747,"",1.06,0.84,1.04,0.81,0.85,0.73,1.24,0.95,"",0,0.0,9,9.2,-24,-14.5,-31,-21.8,390164,50.6,43427,73.5,970,139.0,308,70.2
"13089","5","44525","77","0","2024","4","N",10,0,0,0,0,0,0,0,"N",2.30,0,0,0,0,0,0,0,"N",3,42.9,0,0,0,0,0,0,0,0,0,0,0,0,0,0
"13089","5","445250","78","0","2024","4","N",10,0,0,0,0,0,0,0,"N",2.30,0,0,0,0,0,0,0,"N",3,42.9,0,0,0,0,0,0,0,0,0,0,0,0,0,0
"13089","5","44529","77","0","2024","4","",14,56,56,61,378557,76827,1524,505,"",0.44,0.23,0.22,0.24,0.17,0.26,0.42,0.73,"",1,7.7,-24,-30.0,-27,-32.5,-27,-30.7,-223679,-37.1,-45374,-37.1,52,3.5,-49,-8.8
"13089","5","445291","78","0","2024","4","N",3,0,0,0,0,0,0,0,"N",0.58,0,0,0,0,0,0,0,"N",-2,-40.0,0,0,0,0,0,0,0,0,0,0,0,0,0,0
"13089","5","445292","78","0","2024","4","N",3,0,0,0,0,0,0,0,"N",0.49,0,0,0,0,0,0,0,"N",2,200.0,0,0,0,0,0,0,0,0,0,0,0,0,0,0
"13089","5","445298","78","0","2024","4","",8,33,35,37,236074,63933,1470,519,"",0.39,0.20,0.21,0.22,0.15,0.32,0.65,0.71,"N",1,14.3,0,0,0,0,0,0,0,0,0,0,0,0,0,0
"13089","5","4453","76","0","2024","4","",97,568,574,569,4603990,700299,8526,621,"",1.46,1.66,1.66,1.63,1.62,1.98,2.27,0.98,"",6,6.6,-21,-3.6,-41,-6.7,-57,-9.1,-376929,-7.6,-249192,-26.2,-1268,-12.9,-7,-1.1
"13089","5","44532","77","0","2024","4","",97,568,574,569,4603990,700299,8526,621,"",1.46,1.66,1.66,1.63,1.62,1.98,2.27,0.98,"",6,6.6,-21,-3.6,-41,-6.7,-57,-9.1,-376929,-7.6,-249192,-26.2,-1268,-12.9,-7,-1.1
"13089","5","445320","78","0","2024","4","",97,568,574,569,4603990,700299,8526,621,"",1.46,1.66,1.66,1.63,1.62,1.98,2.27,0.98,"",6,6.6,-21,-3.6,-41,-6.7,-57,-9.1,-376929,-7.6,-249192,-26.2,-1268,-12.9,-7,-1.1
"13089","5","449","75","0","2024","4","",215,2936,2921,2899,61549080,2862782,24153,1622,"",1.26,1.84,1.80,1.78,2.42,1.90,1.51,1.34,"",-5,-2.3,-89,-2.9,-99,-3.3,-105,-3.5,-430814,-0.7,-57593,-2.0,1489,6.6,41,2.6
"13089","5","4491","76","0","2024","4","",91,839,852,846,11888602,897594,7718,1081,"",1.02,1.04,1.03,1.01,1.02,1.13,0.95,0.99,"",3,3.4,38,4.7,41,5.1,33,4.1,1289955,12.2,65470,7.9,665,9.4,72,7.1
"13089","5","44911","77","0","2024","4","",54,403,406,397,7161632,420380,2400,1370,"",1.23,1.02,1.03,1.01,1.19,1.17,0.66,1.16,"",6,12.5,81,25.2,89,28.1,70,21.4,1593911,28.6,101809,32.0,-253,-9.5,40,3.0
"13089","5","449110","78","0","2024","4","",54,403,406,397,7161632,420380,2400,1370,"",1.23,1.02,1.03,1.01,1.19,1.17,0.66,1.16,"",6,12.5,81,25.2,89,28.1,70,21.4,1593911,28.6,101809,32.0,-253,-9.5,40,3.0
"13089","5","44912","77","0","2024","4","",37,436,446,449,4726970,477214,5318,820,"",0.81,1.05,1.02,1.01,0.84,1.09,1.20,0.82,"",-3,-7.5,-43,-9.0,-48,-9.7,-37,-7.6,-303956,-6.0,-36339,-7.1,918,20.9,24,3.0
"13089","5","449121","78","0","2024","4","",14,155,154,154,2432492,88611,695,1212,"",0.80,1.14,1.13,1.13,0.96,0.70,0.53,0.84,"",0,0.0,-27,-14.8,-26,-14.4,-14,-8.3,-332327,-12.0,-31889,-26.5,-125,-15.2,8,0.7
"13089","5","449122","78","0","2024","4","",4,41,36,29,437979,10324,63,954,"",0.71,1.55,1.36,1.10,0.96,0.41,0.22,0.72,"",0,0.0,-1,-2.4,-3,-7.7,-9,-23.7,-87526,-16.7,-10995,-51.6,-81,-56.2,-65,-6.4
"13089","5","449129","78","0","2024","4","",19,240,256,266,1856499,378279,4560,562,"",0.84,0.94,0.93,0.94,0.70,1.33,1.60,0.74,"",-3,-13.6,-15,-5.9,-19,-6.9,-14,-5.0,115897,6.7,6545,1.8,1124,32.7,66,13.3
"13089","5","4492","76","0","2024","4","",124,2097,2069,2053,49660478,1965188,16435,1843,"",1.54,2.68,2.61,2.58,3.60,2.77,2.09,1.37,"",-8,-6.1,-127,-5.7,-140,-6.3,-138,-6.3,-1720769,-3.3,-123063,-5.9,824,5.3,53,3.0
"13089","5","44921","77","0","2024","4","",124,2097,2069,2053,49660478,1965188,16435,1843,"",1.54,2.68,2.61,2.58,3.60,2.77,2.09,1.37,"",-8,-6.1,-127,-5.7,-140,-6.3,-138,-6.3,-1720769,-3.3,-123063,-5.9,824,5.3,53,3.0
"13089","5","449210","78","0","2024","4","",124,2097,2069,2053,49660478,1965188,16435,1843,"",1.54,2.68,2.61,2.58,3.60,2.77,2.09,1.37,"",-8,-6.1,-127,-5.7,-140,-6.3,-138,-6.3,-1720769,-3.3,-123063,-5.9,824,5.3,53,3.0
"13089","5","455","75","0","2024","4","",167,7246,7531,7622,58803481,9198187,72029,606,"",1.04,1.11,1.10,1.10,1.05,1.38,1.39,0.95,"",3,1.8,-271,-3.6,-420,-5.3,-391,-4.9,1191700,2.1,-1041646,-10.2,-16632,-18.8,40,7.1
"13089","5","4551","76","0","2024","4","",45,3007,3264,3327,23633271,4679338,43140,568,"",1.87,1.47,1.48,1.47,1.50,2.12,2.24,1.02,"",-1,-2.2,96,3.3,84,2.6,80,2.5,1364390,6.1,143595,3.2,-1913,-4.2,18,3.3
"13089","5","45511","77","0","2024","4","",45,3007,3264,3327,23633271,4679338,43140,568,"",1.87,1.47,1.48,1.47,1.50,2.12,2.24,1.02,"",-1,-2.2,96,3.3,84,2.6,80,2.5,1364390,6.1,143595,3.2,-1913,-4.2,18,3.3
"13089","5","455110","78","0","2024","4","",45,3007,3264,3327,23633271,4679338,43140,568,"",1.87,1.47,1.48,1.47,1.50,2.12,2.24,1.02,"",-1,-2.2,96,3.3,84,2.6,80,2.5,1364390,6.1,143595,3.2,-1913,-4.2,18,3.3
"13089","5","4552","76","0","2024","4","",122,4239,4267,4295,35170210,4518849,28889,634,"",0.89,0.94,0.93,0.93,0.87,1.01,0.89,0.93,"",4,3.4,-367,-8.0,-504,-10.6,-471,-9.9,-172690,-0.5,-1185241,-20.8,-14719,-33.8,57,9.9
"13089","5","45521","77","0","2024","4","",122,4239,4267,4295,35170210,4518849,28889,634,"",0.89,0.94,0.93,0.93,0.87,1.01,0.89,0.93,"",4,3.4,-367,-8.0,-504,-10.6,-471,-9.9,-172690,-0.5,-1185241,-20.8,-14719,-33.8,57,9.9
"13089","5","455211","78","0","2024","4","N",15,0,0,0,0,0,0,0,"N",1.22,0,0,0,0,0,0,0,"N",0,0.0,0,0,0,0,0,0,0,0,0,0,0,0,0,0
"13089","5","455219","78","0","2024","4","N",107,0,0,0,0,0,0,0,"N",0.86,0,0,0,0,0,0,0,"N",4,3.9,0,0,0,0,0,0,0,0,0,0,0,0,0,0
"13089","5","456","75","0","2024","4","",270,2118,2109,2125,23869283,2091343,22248,867,"",1.22,0.98,0.96,0.96,0.82,1.02,1.21,0.85,"",3,1.1,-47,-2.2,-107,-4.8,-96,-4.3,389121,1.7,-488456,-18.9,726,3.4,46,5.6
"13089","5","4561","76","0","2024","4","",270,2118,2109,2125,23869283,2091343,22248,867,"",1.22,0.98,0.96,0.96,0.82,1.02,1.21,0.85,"",3,1.1,-47,-2.2,-107,-4.8,-96,-4.3,389121,1.7,-488456,-18.9,726,3.4,46,5.6
"13089","5","45611","77","0","2024","4","",117,1007,1002,1019,12610413,997442,6594,961,"",0.98,0.73,0.73,0.73,0.64,0.79,0.64,0.88,"",2,1.7,-6,-0.6,-29,-2.8,-16,-1.5,304402,2.5,-199872,-16.7,-2588,-28.2,39,4.2
"13089","5","456110","78","0","2024","4","",117,1007,1002,1019,12610413,997442,6594,961,"",0.98,0.73,0.73,0.73,0.64,0.79,0.64,0.88,"",2,1.7,-6,-0.6,-29,-2.8,-16,-1.5,304402,2.5,-199872,-16.7,-2588,-28.2,39,4.2
"13089","5","45612","77","0","2024","4","",85,558,553,557,3731768,715547,7745,516,"",2.19,1.38,1.29,1.28,1.04,1.74,1.83,0.79,"",3,3.7,-6,-1.1,-46,-7.7,-47,-7.8,24633,0.7,-87890,-10.9,934,13.7,32,6.6
"13089","5","456120","78","0","2024","4","",85,558,553,557,3731768,715547,7745,516,"",2.19,1.38,1.29,1.28,1.04,1.74,1.83,0.79,"",3,3.7,-6,-1.1,-46,-7.7,-47,-7.8,24633,0.7,-87890,-10.9,934,13.7,32,6.6
"13089","5","45613","77","0","2024","4","N",26,0,0,0,0,0,0,0,"N",1.27,0,0,0,0,0,0,0,"N",-3,-10.3,0,0,0,0,0,0,0,0,0,0,0,0,0,0
"13089","5","456130","78","0","2024","4","N",26,0,0,0,0,0,0,0,"N",1.27,0,0,0,0,0,0,0,"N",-3,-10.3,0,0,0,0,0,0,0,0,0,0,0,0,0,0
"13089","5","45619","77","0","2024","4","N",42,0,0,0,0,0,0,0,"N",0.98,0,0,0,0,0,0,0,"N",1,2.4,0,0,0,0,0,0,0,0,0,0,0,0,0,0
"13089","5","456191","78","0","2024","4","",24,88,90,89,641308,96492,905,554,"",1.19,0.93,0.96,0.94,0.49,1.01,0.89,0.52,"N",2,9.1,0,0,0,0,0,0,0,0,0,0,0,0,0,0
"13089","5","456199","78","0","2024","4","N",18,0,0,0,0,0,0,0,"N",0.79,0,0,0,0,0,0,0,"N",-1,-5.3,0,0,0,0,0,0,0,0,0,0,0,0,0,0
"13089","5","457","75","0","2024","4","",316,1609,1612,1559,14144407,1660477,20823,683,"",1.38,0.77,0.77,0.75,0.75,0.70,1.03,0.98,"",15,5.0,-39,-2.4,-9,-0.6,-28,-1.8,-130824,-0.9,-472289,-22.1,-3928,-15.9,5,0.7
"13089","5","4571","76","0","2024","4","N",309,0,0,0,0,0,0,0,"N",1.44,0,0,0,0,0,0,0,"N",16,5.5,0,0,0,0,0,0,0,0,0,0,0,0,0,0
"13089","5","45711","77","0","2024","4","",285,1468,1469,1415,12002178,1463595,16646,636,"",1.45,0.83,0.84,0.80,0.85,0.72,0.99,1.03,"",9,3.3,-55,-3.6,-22,-1.5,-43,-2.9,-382378,-3.1,-492521,-25.2,-4915,-22.8,-3,-0.5
"13089","5","457110","78","0","2024","4","",285,1468,1469,1415,12002178,1463595,16646,636,"",1.45,0.83,0.84,0.80,0.85,0.72,0.99,1.03,"",9,3.3,-55,-3.6,-22,-1.5,-43,-2.9,-382378,-3.1,-492521,-25.2,-4915,-22.8,-3,-0.5
"13089","5","45712","77","0","2024","4","N",24,0,0,0,0,0,0,0,"N",1.34,0,0,0,0,0,0,0,"N",7,41.2,0,0,0,0,0,0,0,0,0,0,0,0,0,0
"13089","5","457120","78","0","2024","4","N",24,0,0,0,0,0,0,0,"N",1.34,0,0,0,0,0,0,0,"N",7,41.2,0,0,0,0,0,0,0,0,0,0,0,0,0,0
"13089","5","4572","76","0","2024","4","N",7,0,0,0,0,0,0,0,"N",0.48,0,0,0,0,0,0,0,"N",-1,-12.5,0,0,0,0,0,0,0,0,0,0,0,0,0,0
"13089","5","45721","77","0","2024","4","N",7,0,0,0,0,0,0,0,"N",0.48,0,0,0,0,0,0,0,"N",-1,-12.5,0,0,0,0,0,0,0,0,0,0,0,0,0,0
"13089","5","457210","78","0","2024","4","N",7,0,0,0,0,0,0,0,"N",0.48,0,0,0,0,0,0,0,"N",-1,-12.5,0,0,0,0,0,0,0,0,0,0,0,0,0,0
"13089","5","458","75","0","2024","4","",303,3095,3286,3427,23018958,5009610,57565,542,"",1.31,1.35,1.36,1.37,1.07,2.08,2.23,0.79,"",12,4.1,673,27.8,703,27.2,757,28.4,5120758,28.6,955907,23.6,21474,59.5,4,0.7
"13089","5","4581","76","0","2024","4","",183,2322,2450,2540,16688829,3938252,49446,527,"",1.14,1.37,1.35,1.36,1.13,2.15,2.49,0.83,"",8,4.6,625,36.8,606,32.9,640,33.7,4381561,35.6,831210,26.8,18719,60.9,5,1.0
"13089","5","45811","77","0","2024","4","",183,2322,2450,2540,16688829,3938252,49446,527,"",1.14,1.37,1.35,1.36,1.13,2.15,2.49,0.83,"",8,4.6,625,36.8,606,32.9,640,33.7,4381561,35.6,831210,26.8,18719,60.9,5,1.0
"13089","5","458110","78","0","2024","4","",183,2322,2450,2540,16688829,3938252,49446,527,"",1.14,1.37,1.35,1.36,1.13,2.15,2.49,0.83,"",8,4.6,625,36.8,606,32.9,640,33.7,4381561,35.6,831210,26.8,18719,60.9,5,1.0
"13089","5","4582","76","0","2024","4","",45,469,513,562,2749393,646096,4859,411,"",1.52,1.40,1.45,1.52,0.99,1.93,1.52,0.68,"",3,7.1,22,4.9,62,13.7,74,15.2,127523,4.9,-26240,-3.9,463,10.5,-26,-5.9
"13089","5","45821","77","0","2024","4","",45,469,513,562,2749393,646096,4859,411,"",1.52,1.40,1.45,1.52,0.99,1.93,1.52,0.68,"",3,7.1,22,4.9,62,13.7,74,15.2,127523,4.9,-26240,-3.9,463,10.5,-26,-5.9
"13089","5","458210","78","0","2024","4","",45,469,513,562,2749393,646096,4859,411,"",1.52,1.40,1.45,1.52,0.99,1.93,1.52,0.68,"",3,7.1,22,4.9,62,13.7,74,15.2,127523,4.9,-26240,-3.9,463,10.5,-26,-5.9
"13089","5","4583","76","0","2024","4","",75,304,323,325,3580736,425262,3260,868,"",1.81,1.22,1.25,1.21,0.91,1.73,1.20,0.74,"",1,1.4,26,9.4,35,12.2,43,15.2,611674,20.6,150937,55.0,2292,236.8,60,7.4
"13089","5","45831","77","0","2024","4","N",71,0,0,0,0,0,0,0,"N",1.81,0,0,0,0,0,0,0,"N",0,0.0,0,0,0,0,0,0,0,0,0,0,0,0,0,0
"13089","5","458310","78","0","2024","4","N",71,0,0,0,0,0,0,0,"N",1.81,0,0,0,0,0,0,0,"N",0,0.0,0,0,0,0,0,0,0,0,0,0,0,0,0,0
"13089","5","45832","77","0","2024","4","N",4,0,0,0,0,0,0,0,"N",1.70,0,0,0,0,0,0,0,"N",1,33.3,0,0,0,0,0,0,0,0,0,0,0,0,0,0
"13089","5","458320","78","0","2024","4","N",4,0,0,0,0,0,0,0,"N",1.70,0,0,0,0,0,0,0,"N",1,33.3,0,0,0,0,0,0,0,0,0,0,0,0,0,0
"13089","5","459","75","0","2024","4","",314,2428,2436,2410,20043306,3099338,34144,636,"",0.86,0.80,0.79,0.78,0.67,0.97,1.02,0.84,"",31,11.0,132,5.7,94,4.0,35,1.5,1588631,8.6,-124655,-3.9,-3918,-10.3,29,4.8
"13089","5","4591","76","0","2024","4","",79,780,810,810,5375700,1053294,7403,517,"",0.90,0.81,0.80,0.78,0.65,0.99,0.83,0.82,"",4,5.3,40,5.4,17,2.1,31,4.0,14922,0.3,66314,6.7,78,1.1,-18,-3.4
"13089","5","45911","77","0","2024","4","",26,412,413,421,2301640,527659,3385,426,"",0.54,0.71,0.68,0.67,0.45,0.84,0.63,0.65,"",2,8.3,33,8.7,10,2.5,24,6.0,1805,0.1,-5744,-1.1,-1169,-25.7,-24,-5.3
"13089","5","459110","78","0","2024","4","",26,412,413,421,2301640,527659,3385,426,"",0.54,0.71,0.68,0.67,0.45,0.84,0.63,0.65,"",2,8.3,33,8.7,10,2.5,24,6.0,1805,0.1,-5744,-1.1,-1169,-25.7,-24,-5.3
"13089","5","45912","77","0","2024","4","",30,206,237,230,1598455,382945,2816,548,"",1.21,0.80,0.85,0.82,0.79,1.21,1.06,0.96,"",5,20.0,-12,-5.5,-5,-2.1,-5,-2.1,196820,14.0,11212,3.0,550,24.3,83,17.8
"13089","5","459120","78","0","2024","4","",30,206,237,230,1598455,382945,2816,548,"",1.21,0.80,0.85,0.82,0.79,1.21,1.06,0.96,"",5,20.0,-12,-5.5,-5,-2.1,-5,-2.1,196820,14.0,11212,3.0,550,24.3,83,17.8
"13089","5","45913","77","0","2024","4","",8,37,31,32,122759,42819,191,283,"",1.02,0.61,0.50,0.51,0.33,0.72,0.43,0.61,"",-2,-20.0,8,27.6,1,3.3,3,10.3,-19226,-13.5,-3815,-8.2,-33,-14.7,-89,-23.9
"13089","5","459130","78","0","2024","4","",8,37,31,32,122759,42819,191,283,"",1.02,0.61,0.50,0.51,0.33,0.72,0.43,0.61,"",-2,-20.0,8,27.6,1,3.3,3,10.3,-19226,-13.5,-3815,-8.2,-33,-14.7,-89,-23.9
"13089","5","45914","77","0","2024","4","",15,125,129,127,1352846,99871,1011,819,"",2.11,1.90,1.96,1.92,2.02,1.90,2.32,1.05,"",-1,-6.2,11,9.6,11,9.3,9,7.6,-164477,-10.8,64661,183.6,730,259.8,-181,-18.1
"13089","5","459140","78","0","2024","4","",15,125,129,127,1352846,99871,1011,819,"",2.11,1.90,1.96,1.92,2.02,1.90,2.32,1.05,"",-1,-6.2,11,9.6,11,9.3,9,7.6,-164477,-10.8,64661,183.6,730,259.8,-181,-18.1
"13089","5","4592","76","0","2024","4","",21,113,115,121,677981,174576,4829,448,"",1.38,0.86,0.84,0.85,0.62,1.26,3.39,0.73,"",0,0.0,32,39.5,32,38.6,33,37.5,243697,56.1,136667,360.5,4181,645.2,50,12.6
"13089","5","45921","77","0","2024","4","",21,113,115,121,677981,174576,4829,448,"",1.38,0.86,0.84,0.85,0.62,1.26,3.39,0.73,"",0,0.0,32,39.5,32,38.6,33,37.5,243697,56.1,136667,360.5,4181,645.2,50,12.6
"13089","5","459210","78","0","2024","4","",21,113,115,121,677981,174576,4829,448,"",1.38,0.86,0.84,0.85,0.62,1.26,3.39,0.73,"",0,0.0,32,39.5,32,38.6,33,37.5,243697,56.1,136667,360.5,4181,645.2,50,12.6
"13089","5","4593","76","0","2024","4","",17,65,74,71,497812,110744,1830,547,"",0.72,0.56,0.64,0.60,0.53,0.86,1.18,0.89,"",3,21.4,-1,-1.5,12,19.4,12,20.3,60181,13.8,49055,79.5,919,100.9,7,1.3
"13089","5","45931","77","0","2024","4","",17,65,74,71,497812,110744,1830,547,"",0.72,0.56,0.64,0.60,0.53,0.86,1.18,0.89,"",3,21.4,-1,-1.5,12,19.4,12,20.3,60181,13.8,49055,79.5,919,100.9,7,1.3
"13089","5","459310","78","0","2024","4","",17,65,74,71,497812,110744,1830,547,"",0.72,0.56,0.64,0.60,0.53,0.86,1.18,0.89,"",3,21.4,-1,-1.5,12,19.4,12,20.3,60181,13.8,49055,79.5,919,100.9,7,1.3
"13089","5","4594","76","0","2024","4","",45,298,288,300,2991831,408217,2757,779,"",0.92,0.71,0.72,0.75,0.80,0.99,0.63,1.09,"",-2,-4.3,-51,-14.6,-43,-13.0,-53,-15.0,121817,4.2,-78381,-16.1,-493,-15.2,138,21.5
"13089","5","45941","77","0","2024","4","",10,104,100,97,1301199,82824,521,998,"",0.86,0.82,0.79,0.77,0.79,0.77,0.57,1.00,"",-3,-23.1,-5,-4.6,-10,-9.1,-16,-14.2,-39590,-3.0,6919,9.1,392,303.9,66,7.1
"13089","5","459410","78","0","2024","4","",10,104,100,97,1301199,82824,521,998,"",0.86,0.82,0.79,0.77,0.79,0.77,0.57,1.00,"",-3,-23.1,-5,-4.6,-10,-9.1,-16,-14.2,-39590,-3.0,6919,9.1,392,303.9,66,7.1
"13089","5","45942","77","0","2024","4","",35,194,188,203,1690632,325393,2236,667,"",0.94,0.67,0.69,0.74,0.80,1.06,0.65,1.15,"",1,2.9,-46,-19.2,-33,-14.9,-37,-15.4,161407,10.6,-85300,-20.8,-885,-28.4,164,32.6
"13089","5","459420","78","0","2024","4","",35,194,188,203,1690632,325393,2236,667,"",0.94,0.67,0.69,0.74,0.80,1.06,0.65,1.15,"",1,2.9,-46,-19.2,-33,-14.9,-37,-15.4,161407,10.6,-85300,-20.8,-885,-28.4,164,32.6
"13089","5","4595","76","0","2024","4","",48,490,484,476,3605735,422049,2110,574,"",1.30,1.16,1.14,1.12,1.08,1.40,0.70,0.95,"",9,23.1,34,7.5,32,7.1,15,3.3,440312,13.9,9766,2.4,606,40.3,40,7.5
"13089","5","45951","77","0","2024","4","",48,490,484,476,3605735,422049,2110,574,"",1.30,1.16,1.14,1.12,1.08,1.40,0.70,0.95,"",9,23.1,34,7.5,32,7.1,15,3.3,440312,13.9,9766,2.4,606,40.3,40,7.5
"13089","5","459510","78","0","2024","4","",48,490,484,476,3605735,422049,2110,574,"",1.30,1.16,1.14,1.12,1.08,1.40,0.70,0.95,"",9,23.1,34,7.5,32,7.1,15,3.3,440312,13.9,9766,2.4,606,40.3,40,7.5
"13089","5","4599","76","0","2024","4","",104,682,665,632,6894247,930458,15215,804,"",0.68,0.70,0.68,0.65,0.54,0.81,1.08,0.80,"",17,19.5,78,12.9,44,7.1,-3,-0.5,707702,11.4,-308076,-24.9,-9209,-37.7,36,4.7
"13089","5","45991","77","0","2024","4","",14,199,198,174,1787742,272549,1210,723,"",0.65,0.73,0.73,0.64,0.65,0.95,0.50,0.93,"",0,0.0,-10,-4.8,-13,-6.2,-40,-18.7,-18201,-1.0,-66994,-19.7,-2688,-69.0,66,10.0
"13089","5","459910","78","0","2024","4","",14,199,198,174,1787742,272549,1210,723,"",0.65,0.73,0.73,0.64,0.65,0.95,0.50,0.93,"",0,0.0,-10,-4.8,-13,-6.2,-40,-18.7,-18201,-1.0,-66994,-19.7,-2688,-69.0,66,10.0
"13089","5","45992","77","0","2024","4","",7,11,12,11,168324,5355,131,1142,"",0.70,0.32,0.35,0.32,0.24,0.16,0.33,0.72,"",2,40.0,3,37.5,4,50.0,7,175.0,100241,147.2,1940,56.8,52,65.8,356,45.3
"13089","5","459920","78","0","2024","4","",7,11,12,11,168324,5355,131,1142,"",0.70,0.32,0.35,0.32,0.24,0.16,0.33,0.72,"",2,40.0,3,37.5,4,50.0,7,175.0,100241,147.2,1940,56.8,52,65.8,356,45.3
"13089","5","45999","77","0","2024","4","",83,472,455,447,4938181,652554,13874,829,"",0.71,0.73,0.71,0.70,0.57,0.81,1.25,0.80,"",15,22.1,85,22.0,53,13.2,30,7.2,625662,14.5,-243022,-27.1,-6573,-32.1,4,0.5
"13089","5","459991","78","0","2024","4","",40,108,104,105,725266,171291,3116,528,"",0.75,0.38,0.37,0.37,0.28,0.42,0.54,0.75,"",13,48.1,13,13.7,12,13.0,11,11.7,107693,17.4,-22802,-11.7,-1474,-32.1,21,4.1
"13089","5","459999","78","0","2024","4","",43,364,351,342,4212915,481263,10758,920,"",0.67,1.00,0.98,0.95,0.70,1.22,2.03,0.71,"",2,4.9,72,24.7,41,13.2,19,5.9,517969,14.0,-220220,-31.4,-5099,-32.2,-2,-0.2
"13089","5","48-49","74","0","2024","4","",596,11696,11898,11897,206817979,14688978,150755,1345,"",0.96,0.88,0.87,0.85,0.87,0.96,0.77,1.00,"",87,17.1,-1035,-8.1,-1424,-10.7,-1747,-12.8,-9344046,-4.3,-2496286,-14.5,-48936,-24.5,88,7.0
"13089","5","481","75","0","2024","4","",15,81,79,80,2158574,189103,2692,2076,"",0.99,0.07,0.07,0.07,0.06,0.25,0.40,0.90,"",0,0.0,19,30.6,18,29.5,15,23.1,172908,8.7,135157,250.5,2174,419.7,-361,-14.8
"13089","5","4811","76","0","2024","4","N",3,0,0,0,0,0,0,0,"N",0.55,0,0,0,0,0,0,0,"N",0,0.0,0,0,0,0,0,0,0,0,0,0,0,0,0,0
"13089","5","48111","77","0","2024","4","N",3,0,0,0,0,0,0,0,"N",0.55,0,0,0,0,0,0,0,"N",0,0.0,0,0,0,0,0,0,0,0,0,0,0,0,0,0
"13089","5","481111","78","0","2024","4","N",2,0,0,0,0,0,0,0,"N",0.49,0,0,0,0,0,0,0,"N",1,100.0,0,0,0,0,0,0,0,0,0,0,0,0,0,0
"13089","5","481112","78","0","2024","4","N",1,0,0,0,0,0,0,0,"N",0.70,0,0,0,0,0,0,0,"N",-1,-50.0,0,0,0,0,0,0,0,0,0,0,0,0,0,0
"13089","5","4812","76","0","2024","4","N",12,0,0,0,0,0,0,0,"N",1.24,0,0,0,0,0,0,0,"N",0,0.0,0,0,0,0,0,0,0,0,0,0,0,0,0,0
"13089","5","48121","77","0","2024","4","N",12,0,0,0,0,0,0,0,"N",1.24,0,0,0,0,0,0,0,"N",0,0.0,0,0,0,0,0,0,0,0,0,0,0,0,0,0
"13089","5","481211","78","0","2024","4","",9,73,71,71,2085088,168540,2176,2238,"",1.41,0.91,0.89,0.88,0.70,2.96,3.24,0.78,"",0,0.0,15,25.9,14,24.6,11,18.3,149489,7.7,124094,279.2,1915,733.7,-314,-12.3
"13089","5","481212","78","0","2024","4","N",1,0,0,0,0,0,0,0,"N",0.84,0,0,0,0,0,0,0,"N",0,0.0,0,0,0,0,0,0,0,0,0,0,0,0,0,0
"13089","5","481219","78","0","2024","4","N",2,0,0,0,0,0,0,0,"N",0.96,0,0,0,0,0,0,0,"N",0,0.0,0,0,0,0,0,0,0,0,0,0,0,0,0,0
"13089","5","483","75","0","2024","4","N",4,0,0,0,0,0,0,0,"N",0.81,0,0,0,0,0,0,0,"N",2,100.0,0,0,0,0,0,0,0,0,0,0,0,0,0,0
"13089","5","4831","76","0","2024","4","N",4,0,0,0,0,0,0,0,"N",1.30,0,0,0,0,0,0,0,"N",2,100.0,0,0,0,0,0,0,0,0,0,0,0,0,0,0
"13089","5","48311","77","0","2024","4","N",4,0,0,0,0,0,0,0,"N",1.30,0,0,0,0,0,0,0,"N",2,100.0,0,0,0,0,0,0,0,0,0,0,0,0,0,0
"13089","5","483111","78","0","2024","4","N",1,0,0,0,0,0,0,0,"N",0.85,0,0,0,0,0,0,0,"N",0,0.0,0,0,0,0,0,0,0,0,0,0,0,0,0,0
"13089","5","483113","78","0","2024","4","N",2,0,0,0,0,0,0,0,"N",1.86,0,0,0,0,0,0,0,"N",2,100.0,0,0,0,0,0,0,0,0,0,0,0,0,0,0
"13089","5","483114","78","0","2024","4","N",1,0,0,0,0,0,0,0,"N",2.65,0,0,0,0,0,0,0,"N",0,0.0,0,0,0,0,0,0,0,0,0,0,0,0,0,0
"13089","5","484","75","0","2024","4","",334,5809,5892,5858,102335667,7059307,49565,1345,"",0.98,1.92,1.95,1.95,1.90,2.30,1.40,0.98,"",65,24.2,276,5.0,274,4.9,196,3.5,7338051,7.7,180693,2.6,-20402,-29.2,41,3.1
"13089","5","4841","76","0","2024","4","",255,5224,5292,5267,95005165,6297028,43277,1389,"",1.07,2.47,2.49,2.48,2.53,2.97,1.84,1.02,"",69,37.1,325,6.6,297,5.9,228,4.5,7865126,9.0,267573,4.4,-13850,-24.2,42,3.1
"13089","5","48411","77","0","2024","4","",57,387,406,401,6285356,785528,12920,1215,"",0.61,0.66,0.69,0.68,0.65,1.20,1.39,0.96,"",-3,-5.0,1,0.3,-10,-2.4,-33,-7.6,771440,14.0,-380947,-32.7,-16686,-56.4,186,18.1
"13089","5","484110","78","0","2024","4","",57,387,406,401,6285356,785528,12920,1215,"",0.61,0.66,0.69,0.68,0.65,1.20,1.39,0.96,"",-3,-5.0,1,0.3,-10,-2.4,-33,-7.6,771440,14.0,-380947,-32.7,-16686,-56.4,186,18.1
"13089","5","48412","77","0","2024","4","",198,4837,4886,4866,88719809,5511500,30357,1403,"",1.36,3.15,3.19,3.17,3.18,3.76,2.13,1.00,"",72,57.1,324,7.2,307,6.7,261,5.7,7093686,8.7,648520,13.3,2836,10.3,28,2.0
"13089","5","484121","78","0","2024","4","",93,3056,3098,3096,51290460,4806184,25341,1280,"",0.77,2.95,2.99,2.99,2.89,4.24,2.42,0.97,"",2,2.2,470,18.2,459,17.4,440,16.6,9708735,23.3,1088617,29.3,8577,51.2,62,5.1
"13089","5","484122","78","0","2024","4","",105,1781,1788,1770,37429349,705316,5016,1618,"",4.26,3.57,3.58,3.54,3.69,2.13,1.33,1.04,"",70,200.0,-146,-7.6,-152,-7.8,-179,-9.2,-2615049,-6.5,-440097,-38.4,-5741,-53.4,29,1.8
"13089","5","4842","76","0","2024","4","",79,585,600,591,7330502,762279,6288,953,"",0.77,0.65,0.67,0.67,0.45,0.80,0.53,0.68,"",-4,-4.8,-49,-7.7,-23,-3.7,-32,-5.1,-527075,-6.7,-86880,-10.2,-6552,-51.0,-12,-1.2
"13089","5","48421","77","0","2024","4","",30,333,347,341,3329123,529748,4313,752,"",1.57,1.82,1.92,1.91,1.37,2.64,1.79,0.73,"",-2,-6.2,-9,-2.6,17,5.2,8,2.4,-96601,-2.8,25952,5.2,-6298,-59.4,-35,-4.4
"13089","5","484210","78","0","2024","4","",30,333,347,341,3329123,529748,4313,752,"",1.57,1.82,1.92,1.91,1.37,2.64,1.79,0.73,"",-2,-6.2,-9,-2.6,17,5.2,8,2.4,-96601,-2.8,25952,5.2,-6298,-59.4,-35,-4.4
"13089","5","48422","77","0","2024","4","",32,198,197,197,3217998,138183,521,1254,"",0.54,0.43,0.44,0.44,0.39,0.28,0.07,0.88,"",1,3.2,-25,-11.2,-31,-13.6,-26,-11.7,-213822,-6.2,-102987,-42.7,-737,-58.6,79,6.7
"13089","5","484220","78","0","2024","4","",32,198,197,197,3217998,138183,521,1254,"",0.54,0.43,0.44,0.44,0.39,0.28,0.07,0.88,"",1,3.2,-25,-11.2,-31,-13.6,-26,-11.7,-213822,-6.2,-102987,-42.7,-737,-58.6,79,6.7
"13089","5","48423","77","0","2024","4","",17,54,56,53,783381,94348,1454,1109,"",0.69,0.21,0.21,0.20,0.14,0.36,0.62,0.69,"",-3,-15.0,-15,-21.7,-9,-13.8,-14,-20.9,-216652,-21.7,-9845,-9.4,483,49.7,-39,-3.4
"13089","5","484230","78","0","2024","4","",17,54,56,53,783381,94348,1454,1109,"",0.69,0.21,0.21,0.20,0.14,0.36,0.62,0.69,"",-3,-15.0,-15,-21.7,-9,-13.8,-14,-20.9,-216652,-21.7,-9845,-9.4,483,49.7,-39,-3.4
"13089","5","485","75","0","2024","4","",42,220,214,208,3825680,248154,2402,1375,"",0.97,0.19,0.19,0.18,0.25,0.14,0.06,1.33,"",5,13.5,26,13.4,13,6.5,10,5.1,392942,11.4,-39990,-13.9,-370,-13.3,39,2.9
"13089","5","4852","76","0","2024","4","N",1,0,0,0,0,0,0,0,"N",1.05,0,0,0,0,0,0,0,"N",0,0.0,0,0,0,0,0,0,0,0,0,0,0,0,0,0
"13089","5","48521","77","0","2024","4","N",1,0,0,0,0,0,0,0,"N",1.05,0,0,0,0,0,0,0,"N",0,0.0,0,0,0,0,0,0,0,0,0,0,0,0,0,0
"13089","5","485210","78","0","2024","4","N",1,0,0,0,0,0,0,0,"N",1.05,0,0,0,0,0,0,0,"N",0,0.0,0,0,0,0,0,0,0,0,0,0,0,0,0,0
"13089","5","4853","76","0","2024","4","",19,80,81,79,2045645,114510,1666,1967,"",1.30,0.25,0.25,0.25,0.38,0.15,0.15,1.51,"",4,26.7,12,17.6,7,9.5,7,9.7,334951,19.6,12014,11.7,628,60.5,122,6.6
"13089","5","48531","77","0","2024","4","",9,24,23,24,1059510,18347,504,3444,"",1.42,0.09,0.09,0.09,0.22,0.03,0.05,2.46,"",2,28.6,4,20.0,4,21.1,5,26.3,173292,19.6,9010,96.5,356,240.5,-82,-2.3
"13089","5","485310","78","0","2024","4","",9,24,23,24,1059510,18347,504,3444,"",1.42,0.09,0.09,0.09,0.22,0.03,0.05,2.46,"",2,28.6,4,20.0,4,21.1,5,26.3,173292,19.6,9010,96.5,356,240.5,-82,-2.3
"13089","5","48532","77","0","2024","4","",10,56,58,55,986135,96163,1162,1347,"",1.20,0.94,0.99,0.93,1.46,1.41,1.14,1.52,"",2,25.0,8,16.7,3,5.5,2,3.8,161659,19.6,3004,3.2,272,30.6,127,10.4
"13089","5","485320","78","0","2024","4","",10,56,58,55,986135,96163,1162,1347,"",1.20,0.94,0.99,0.93,1.46,1.41,1.14,1.52,"",2,25.0,8,16.7,3,5.5,2,3.8,161659,19.6,3004,3.2,272,30.6,127,10.4
"13089","5","4854","76","0","2024","4","N",1,0,0,0,0,0,0,0,"N",0.12,0,0,0,0,0,0,0,"N",0,0.0,0,0,0,0,0,0,0,0,0,0,0,0,0,0
"13089","5","48541","77","0","2024","4","N",1,0,0,0,0,0,0,0,"N",0.12,0,0,0,0,0,0,0,"N",0,0.0,0,0,0,0,0,0,0,0,0,0,0,0,0,0
"13089","5","485410","78","0","2024","4","N",1,0,0,0,0,0,0,0,"N",0.12,0,0,0,0,0,0,0,"N",0,0.0,0,0,0,0,0,0,0,0,0,0,0,0,0,0
"13089","5","4855","76","0","2024","4","",7,78,76,68,994810,96289,60,1034,"",2.57,1.67,1.65,1.51,1.53,1.58,0.07,0.95,"N",1,16.7,0,0,0,0,0,0,0,0,0,0,0,0,0,0
"13089","5","48551","77","0","2024","4","",7,78,76,68,994810,96289,60,1034,"",2.57,1.67,1.65,1.51,1.53,1.58,0.07,0.95,"N",1,16.7,0,0,0,0,0,0,0,0,0,0,0,0,0,0
"13089","5","485510","78","0","2024","4","",7,78,76,68,994810,96289,60,1034,"",2.57,1.67,1.65,1.51,1.53,1.58,0.07,0.95,"N",1,16.7,0,0,0,0,0,0,0,0,0,0,0,0,0,0
"13089","5","4859","76","0","2024","4","",14,60,55,59,773225,36855,662,1025,"",0.93,0.27,0.24,0.26,0.27,0.14,0.16,1.05,"",0,0.0,-4,-6.2,-8,-12.7,-6,-9.2,-134165,-14.8,-48684,-56.9,-973,-59.5,-66,-6.0
"13089","5","48599","77","0","2024","4","",14,60,55,59,773225,36855,662,1025,"",0.93,0.27,0.24,0.26,0.27,0.14,0.16,1.05,"",0,0.0,-4,-6.2,-8,-12.7,-6,-9.2,-134165,-14.8,-48684,-56.9,-973,-59.5,-66,-6.0
"13089","5","485991","78","0","2024","4","N",10,0,0,0,0,0,0,0,"N",1.17,0,0,0,0,0,0,0,"N",-1,-9.1,0,0,0,0,0,0,0,0,0,0,0,0,0,0
"13089","5","485999","78","0","2024","4","N",4,0,0,0,0,0,0,0,"N",0.61,0,0,0,0,0,0,0,"N",1,33.3,0,0,0,0,0,0,0,0,0,0,0,0,0,0
"13089","5","486","75","0","2024","4","N",5,0,0,0,0,0,0,0,"N",0.75,0,0,0,0,0,0,0,"N",0,0.0,0,0,0,0,0,0,0,0,0,0,0,0,0,0
"13089","5","4861","76","0","2024","4","N",1,0,0,0,0,0,0,0,"N",0.90,0,0,0,0,0,0,0,"N",0,0.0,0,0,0,0,0,0,0,0,0,0,0,0,0,0
"13089","5","48611","77","0","2024","4","N",1,0,0,0,0,0,0,0,"N",0.90,0,0,0,0,0,0,0,"N",0,0.0,0,0,0,0,0,0,0,0,0,0,0,0,0,0
"13089","5","486110","78","0","2024","4","N",1,0,0,0,0,0,0,0,"N",0.90,0,0,0,0,0,0,0,"N",0,0.0,0,0,0,0,0,0,0,0,0,0,0,0,0,0
"13089","5","4862","76","0","2024","4","N",1,0,0,0,0,0,0,0,"N",0.23,0,0,0,0,0,0,0,"N",0,0.0,0,0,0,0,0,0,0,0,0,0,0,0,0,0
"13089","5","48621","77","0","2024","4","N",1,0,0,0,0,0,0,0,"N",0.23,0,0,0,0,0,0,0,"N",0,0.0,0,0,0,0,0,0,0,0,0,0,0,0,0,0
"13089","5","486210","78","0","2024","4","N",1,0,0,0,0,0,0,0,"N",0.23,0,0,0,0,0,0,0,"N",0,0.0,0,0,0,0,0,0,0,0,0,0,0,0,0,0
"13089","5","4869","76","0","2024","4","N",3,0,0,0,0,0,0,0,"N",2.53,0,0,0,0,0,0,0,"N",0,0.0,0,0,0,0,0,0,0,0,0,0,0,0,0,0
"13089","5","48691","77","0","2024","4","N",3,0,0,0,0,0,0,0,"N",2.90,0,0,0,0,0,0,0,"N",0,0.0,0,0,0,0,0,0,0,0,0,0,0,0,0,0
"13089","5","486910","78","0","2024","4","N",3,0,0,0,0,0,0,0,"N",2.90,0,0,0,0,0,0,0,"N",0,0.0,0,0,0,0,0,0,0,0,0,0,0,0,0,0
"13089","5","487","75","0","2024","4","N",1,0,0,0,0,0,0,0,"N",0.14,0,0,0,0,0,0,0,"N",0,0.0,0,0,0,0,0,0,0,0,0,0,0,0,0,0
"13089","5","4871","76","0","2024","4","N",1,0,0,0,0,0,0,0,"N",0.62,0,0,0,0,0,0,0,"N",0,0.0,0,0,0,0,0,0,0,0,0,0,0,0,0,0
"13089","5","48711","77","0","2024","4","N",1,0,0,0,0,0,0,0,"N",0.62,0,0,0,0,0,0,0,"N",0,0.0,0,0,0,0,0,0,0,0,0,0,0,0,0,0
"13089","5","487110","78","0","2024","4","N",1,0,0,0,0,0,0,0,"N",0.62,0,0,0,0,0,0,0,"N",0,0.0,0,0,0,0,0,0,0,0,0,0,0,0,0,0
"13089","5","488","75","0","2024","4","",112,1706,1710,1728,39134121,1600652,24208,1756,"",1.00,1.04,1.04,1.04,1.22,0.98,1.20,1.18,"",9,8.7,-75,-4.2,-53,-3.0,-46,-2.6,489228,1.3,628704,64.7,11386,88.8,79,4.7
"13089","5","4881","76","0","2024","4","",13,298,295,299,7743679,507670,10948,2003,"",0.72,0.55,0.54,0.54,0.89,0.88,1.55,1.63,"",1,8.3,-9,-2.9,-10,-3.3,-14,-4.5,869551,12.6,308108,154.4,9323,573.7,288,16.8
"13089","5","48811","77","0","2024","4","N",3,0,0,0,0,0,0,0,"N",0.64,0,0,0,0,0,0,0,"N",1,50.0,0,0,0,0,0,0,0,0,0,0,0,0,0,0
"13089","5","488111","78","0","2024","4","N",1,0,0,0,0,0,0,0,"N",2.05,0,0,0,0,0,0,0,"N",0,0.0,0,0,0,0,0,0,0,0,0,0,0,0,0,0
"13089","5","488119","78","0","2024","4","N",2,0,0,0,0,0,0,0,"N",0.48,0,0,0,0,0,0,0,"N",1,100.0,0,0,0,0,0,0,0,0,0,0,0,0,0,0
"13089","5","48819","77","0","2024","4","N",10,0,0,0,0,0,0,0,"N",0.74,0,0,0,0,0,0,0,"N",0,0.0,0,0,0,0,0,0,0,0,0,0,0,0,0,0
"13089","5","488190","78","0","2024","4","N",10,0,0,0,0,0,0,0,"N",0.74,0,0,0,0,0,0,0,"N",0,0.0,0,0,0,0,0,0,0,0,0,0,0,0,0,0
"13089","5","4882","76","0","2024","4","N",4,0,0,0,0,0,0,0,"N",1.04,0,0,0,0,0,0,0,"N",0,0.0,0,0,0,0,0,0,0,0,0,0,0,0,0,0
"13089","5","48821","77","0","2024","4","N",4,0,0,0,0,0,0,0,"N",1.04,0,0,0,0,0,0,0,"N",0,0.0,0,0,0,0,0,0,0,0,0,0,0,0,0,0
"13089","5","488210","78","0","2024","4","N",4,0,0,0,0,0,0,0,"N",1.04,0,0,0,0,0,0,0,"N",0,0.0,0,0,0,0,0,0,0,0,0,0,0,0,0,0
"13089","5","4883","76","0","2024","4","N",1,0,0,0,0,0,0,0,"N",0.17,0,0,0,0,0,0,0,"N",0,0.0,0,0,0,0,0,0,0,0,0,0,0,0,0,0
"13089","5","48832","77","0","2024","4","N",1,0,0,0,0,0,0,0,"N",0.63,0,0,0,0,0,0,0,"N",0,0.0,0,0,0,0,0,0,0,0,0,0,0,0,0,0
"13089","5","488320","78","0","2024","4","N",1,0,0,0,0,0,0,0,"N",0.63,0,0,0,0,0,0,0,"N",0,0.0,0,0,0,0,0,0,0,0,0,0,0,0,0,0
"13089","5","4884","76","0","2024","4","",26,115,110,115,1922123,100015,2412,1305,"",0.90,0.50,0.48,0.50,0.55,0.38,0.75,1.11,"",2,8.3,-13,-10.2,-17,-13.4,-13,-10.2,-15000,-0.8,31053,45.0,1461,153.6,138,11.8
"13089","5","48841","77","0","2024","4","N",20,0,0,0,0,0,0,0,"N",0.96,0,0,0,0,0,0,0,"N",3,17.6,0,0,0,0,0,0,0,0,0,0,0,0,0,0
"13089","5","488410","78","0","2024","4","N",20,0,0,0,0,0,0,0,"N",0.96,0,0,0,0,0,0,0,"N",3,17.6,0,0,0,0,0,0,0,0,0,0,0,0,0,0
"13089","5","48849","77","0","2024","4","N",6,0,0,0,0,0,0,0,"N",0.72,0,0,0,0,0,0,0,"N",-1,-14.3,0,0,0,0,0,0,0,0,0,0,0,0,0,0
"13089","5","488490","78","0","2024","4","N",6,0,0,0,0,0,0,0,"N",0.72,0,0,0,0,0,0,0,"N",-1,-14.3,0,0,0,0,0,0,0,0,0,0,0,0,0,0
"13089","5","4885","76","0","2024","4","",58,1255,1259,1267,28798850,844934,10070,1758,"",1.21,2.41,2.41,2.41,2.48,2.00,1.93,1.03,"",6,11.5,-36,-2.8,-14,-1.1,-12,-0.9,-262304,-0.9,285431,51.0,2941,41.3,13,0.7
"13089","5","48851","77","0","2024","4","",58,1255,1259,1267,28798850,844934,10070,1758,"",1.21,2.41,2.41,2.41,2.48,2.00,1.93,1.03,"",6,11.5,-36,-2.8,-14,-1.1,-12,-0.9,-262304,-0.9,285431,51.0,2941,41.3,13,0.7
"13089","5","488510","78","0","2024","4","",58,1255,1259,1267,28798850,844934,10070,1758,"",1.21,2.41,2.41,2.41,2.48,2.00,1.93,1.03,"",6,11.5,-36,-2.8,-14,-1.1,-12,-0.9,-262304,-0.9,285431,51.0,2941,41.3,13,0.7
"13089","5","4889","76","0","2024","4","",10,27,27,27,423696,48911,73,1207,"",1.40,0.35,0.35,0.35,0.34,0.60,0.07,0.95,"",0,0.0,-16,-37.2,-19,-41.3,-16,-37.2,-191455,-31.1,-75658,-60.7,-2608,-97.3,132,12.3
"13089","5","48899","77","0","2024","4","",10,27,27,27,423696,48911,73,1207,"",1.40,0.35,0.35,0.35,0.34,0.60,0.07,0.95,"",0,0.0,-16,-37.2,-19,-41.3,-16,-37.2,-191455,-31.1,-75658,-60.7,-2608,-97.3,132,12.3
"13089","5","488991","78","0","2024","4","N",5,0,0,0,0,0,0,0,"N",1.84,0,0,0,0,0,0,0,"N",0,0.0,0,0,0,0,0,0,0,0,0,0,0,0,0,0
"13089","5","488999","78","0","2024","4","N",5,0,0,0,0,0,0,0,"N",1.13,0,0,0,0,0,0,0,"N",0,0.0,0,0,0,0,0,0,0,0,0,0,0,0,0,0
"13089","5","491","75","0","2024","4","N",3,0,0,0,0,0,0,0,"N",1.52,0,0,0,0,0,0,0,"N",0,0.0,0,0,0,0,0,0,0,0,0,0,0,0,0,0
"13089","5","4911","76","0","2024","4","N",3,0,0,0,0,0,0,0,"N",1.52,0,0,0,0,0,0,0,"N",0,0.0,0,0,0,0,0,0,0,0,0,0,0,0,0,0
"13089","5","49111","77","0","2024","4","N",3,0,0,0,0,0,0,0,"N",1.52,0,0,0,0,0,0,0,"N",0,0.0,0,0,0,0,0,0,0,0,0,0,0,0,0,0
"13089","5","491110","78","0","2024","4","N",3,0,0,0,0,0,0,0,"N",1.52,0,0,0,0,0,0,0,"N",0,0.0,0,0,0,0,0,0,0,0,0,0,0,0,0,0
"13089","5","492","75","0","2024","4","",40,1586,1783,1855,27419075,3863478,50972,1211,"",0.91,0.74,0.75,0.71,0.81,1.21,1.46,1.11,"",5,14.3,-1508,-48.7,-1834,-50.7,-2051,-52.5,-23404023,-46.0,-2606900,-40.3,-36149,-41.5,106,9.6
"13089","5","4921","76","0","2024","4","",31,1280,1453,1519,23974258,2924441,27801,1301,"",1.14,0.72,0.73,0.69,0.87,1.20,1.17,1.22,"N",6,24.0,0,0,0,0,0,0,0,0,0,0,0,0,0,0
"13089","5","49211","77","0","2024","4","",31,1280,1453,1519,23974258,2924441,27801,1301,"",1.14,0.72,0.73,0.69,0.87,1.20,1.17,1.22,"N",6,24.0,0,0,0,0,0,0,0,0,0,0,0,0,0,0
"13089","5","492110","78","0","2024","4","",31,1280,1453,1519,23974258,2924441,27801,1301,"",1.14,0.72,0.73,0.69,0.87,1.20,1.17,1.22,"N",6,24.0,0,0,0,0,0,0,0,0,0,0,0,0,0,0
"13089","5","4922","76","0","2024","4","",9,306,330,336,3444817,939037,23171,818,"",0.54,0.85,0.85,0.82,0.55,1.22,2.09,0.65,"N",-1,-10.0,0,0,0,0,0,0,0,0,0,0,0,0,0,0
"13089","5","49221","77","0","2024","4","",9,306,330,336,3444817,939037,23171,818,"",0.54,0.85,0.85,0.82,0.55,1.22,2.09,0.65,"N",-1,-10.0,0,0,0,0,0,0,0,0,0,0,0,0,0,0
"13089","5","492210","78","0","2024","4","",9,306,330,336,3444817,939037,23171,818,"",0.54,0.85,0.85,0.82,0.55,1.22,2.09,0.65,"N",-1,-10.0,0,0,0,0,0,0,0,0,0,0,0,0,0,0
"13089","5","493","75","0","2024","4","",40,2220,2151,2113,30865580,1693686,20074,1099,"",0.90,0.58,0.53,0.52,0.51,0.37,0.36,0.94,"",1,2.6,230,11.6,159,8.0,131,6.6,5712846,22.7,-758973,-30.9,-4901,-19.6,126,12.9
"13089","5","4931","76","0","2024","4","",40,2220,2151,2113,30865580,1693686,20074,1099,"",0.90,0.58,0.53,0.52,0.51,0.37,0.36,0.94,"",1,2.6,230,11.6,159,8.0,131,6.6,5712846,22.7,-758973,-30.9,-4901,-19.6,126,12.9
"13089","5","49311","77","0","2024","4","",31,1701,1641,1593,23193423,1296991,10177,1085,"",0.92,0.48,0.44,0.42,0.42,0.30,0.20,0.94,"",1,3.3,217,14.6,166,11.3,133,9.1,5282076,29.5,-783864,-37.7,-12148,-54.4,150,16.0
"13089","5","493110","78","0","2024","4","",31,1701,1641,1593,23193423,1296991,10177,1085,"",0.92,0.48,0.44,0.42,0.42,0.30,0.20,0.94,"",1,3.3,217,14.6,166,11.3,133,9.1,5282076,29.5,-783864,-37.7,-12148,-54.4,150,16.0
"13089","5","49312","77","0","2024","4","N",3,0,0,0,0,0,0,0,"N",0.86,0,0,0,0,0,0,0,"N",0,0.0,0,0,0,0,0,0,0,0,0,0,0,0,0,0
"13089","5","493120","78","0","2024","4","N",3,0,0,0,0,0,0,0,"N",0.86,0,0,0,0,0,0,0,"N",0,0.0,0,0,0,0,0,0,0,0,0,0,0,0,0,0
"13089","5","49319","77","0","2024","4","N",6,0,0,0,0,0,0,0,"N",1.14,0,0,0,0,0,0,0,"N",0,0.0,0,0,0,0,0,0,0,0,0,0,0,0,0,0
"13089","5","493190","78","0","2024","4","N",6,0,0,0,0,0,0,0,"N",1.14,0,0,0,0,0,0,0,"N",0,0.0,0,0,0,0,0,0,0,0,0,0,0,0,0,0
"13089","5","51","74","0","2024","4","",706,8173,8132,8177,272037799,4744825,66079,2564,"",1.22,1.43,1.41,1.42,1.04,1.16,1.03,0.74,"",218,44.7,-79,-1.0,-369,-4.3,-79,-1.0,-964788,-0.4,-1354570,-22.2,-15972,-19.5,45,1.8
"13089","5","512","75","0","2024","4","",166,991,1001,1031,21050682,1583261,33648,1607,"",2.10,1.38,1.28,1.36,1.02,1.75,1.41,0.76,"",21,14.5,-38,-3.7,-291,-22.5,-30,-2.8,-8996247,-29.9,-536365,-25.3,-6152,-15.5,-443,-21.6
"13089","5","5121","76","0","2024","4","",147,952,963,989,20322449,1532321,32597,1615,"",2.14,1.41,1.30,1.38,1.07,1.75,1.39,0.79,"",18,14.0,-20,-2.1,-282,-22.7,-25,-2.5,-8938334,-30.5,-550369,-26.4,-6376,-16.4,-475,-22.7
"13089","5","51211","77","0","2024","4","",125,440,455,469,11264837,1040825,25107,1906,"",2.53,1.11,1.00,1.12,0.71,1.62,1.19,0.66,"",18,16.8,39,9.7,-208,-31.4,27,6.1,-170066,-1.5,-498967,-32.4,-8634,-25.6,154,8.8
"13089","5","512110","78","0","2024","4","",125,440,455,469,11264837,1040825,25107,1906,"",2.53,1.11,1.00,1.12,0.71,1.62,1.19,0.66,"",18,16.8,39,9.7,-208,-31.4,27,6.1,-170066,-1.5,-498967,-32.4,-8634,-25.6,154,8.8
"13089","5","51212","77","0","2024","4","N",3,0,0,0,0,0,0,0,"N",1.85,0,0,0,0,0,0,0,"N",0,0.0,0,0,0,0,0,0,0,0,0,0,0,0,0,0
"13089","5","512120","78","0","2024","4","N",3,0,0,0,0,0,0,0,"N",1.85,0,0,0,0,0,0,0,"N",0,0.0,0,0,0,0,0,0,0,0,0,0,0,0,0,0
"13089","5","51213","77","0","2024","4","",6,150,145,157,534536,164915,2914,273,"",0.74,0.66,0.63,0.65,0.45,0.81,1.72,0.70,"",0,0.0,-27,-15.3,-33,-18.5,-13,-7.6,-83891,-13.6,-57543,-25.9,2780,2074.6,1,0.4
"13089","5","512131","78","0","2024","4","N",5,0,0,0,0,0,0,0,"N",0.65,0,0,0,0,0,0,0,"N",0,0.0,0,0,0,0,0,0,0,0,0,0,0,0,0,0
"13089","5","512132","78","0","2024","4","N",1,0,0,0,0,0,0,0,"N",2.53,0,0,0,0,0,0,0,"N",0,0.0,0,0,0,0,0,0,0,0,0,0,0,0,0,0
"13089","5","51219","77","0","2024","4","N",13,0,0,0,0,0,0,0,"N",1.37,0,0,0,0,0,0,0,"N",0,0.0,0,0,0,0,0,0,0,0,0,0,0,0,0,0
"13089","5","512191","78","0","2024","4","N",9,0,0,0,0,0,0,0,"N",1.14,0,0,0,0,0,0,0,"N",0,0.0,0,0,0,0,0,0,0,0,0,0,0,0,0,0
"13089","5","512199","78","0","2024","4","",4,21,20,20,596454,27307,400,2256,"",2.57,3.34,2.53,2.92,3.47,4.45,4.67,1.20,"N",0,0.0,0,0,0,0,0,0,0,0,0,0,0,0,0,0
"13089","5","5122","76","0","2024","4","",19,39,38,42,728233,50940,1051,1412,"",1.81,0.92,0.93,1.02,0.42,1.76,2.23,0.43,"",3,18.8,-18,-31.6,-9,-19.1,-5,-10.6,-57913,-7.4,14004,37.9,224,27.1,211,17.6
"13089","5","51223","77","0","2024","4","N",1,0,0,0,0,0,0,0,"N",0.42,0,0,0,0,0,0,0,"N",0,0.0,0,0,0,0,0,0,0,0,0,0,0,0,0,0
"13089","5","512230","78","0","2024","4","N",1,0,0,0,0,0,0,0,"N",0.42,0,0,0,0,0,0,0,"N",0,0.0,0,0,0,0,0,0,0,0,0,0,0,0,0,0
"13089","5","51224","77","0","2024","4","",14,18,17,19,299987,25367,371,1282,"",3.67,1.86,1.78,1.99,1.32,3.24,3.13,0.70,"",2,16.7,-18,-50.0,-11,-39.3,-10,-34.5,-94812,-24.0,9322,58.1,108,41.1,302,30.8
"13089","5","512240","78","0","2024","4","",14,18,17,19,299987,25367,371,1282,"",3.67,1.86,1.78,1.99,1.32,3.24,3.13,0.70,"",2,16.7,-18,-50.0,-11,-39.3,-10,-34.5,-94812,-24.0,9322,58.1,108,41.1,302,30.8
"13089","5","51225","77","0","2024","4","N",1,0,0,0,0,0,0,0,"N",0.38,0,0,0,0,0,0,0,"N",-1,-50.0,0,0,0,0,0,0,0,0,0,0,0,0,0,0
"13089","5","512250","78","0","2024","4","N",1,0,0,0,0,0,0,0,"N",0.38,0,0,0,0,0,0,0,"N",-1,-50.0,0,0,0,0,0,0,0,0,0,0,0,0,0,0
"13089","5","51229","77","0","2024","4","N",3,0,0,0,0,0,0,0,"N",1.81,0,0,0,0,0,0,0,"N",2,200.0,0,0,0,0,0,0,0,0,0,0,0,0,0,0
"13089","5","512290","78","0","2024","4","N",3,0,0,0,0,0,0,0,"N",1.81,0,0,0,0,0,0,0,"N",2,200.0,0,0,0,0,0,0,0,0,0,0,0,0,0,0
"13089","5","513","75","0","2024","4","",293,1294,1283,1264,69788939,545592,5677,4193,"",1.18,0.73,0.72,0.71,0.81,0.43,0.34,1.13,"",156,113.9,-82,-6.0,-77,-5.7,-76,-5.7,8598322,14.1,32033,6.2,137,2.5,729,21.0
"13089","5","5131","76","0","2024","4","",57,163,162,157,4085059,106351,396,1956,"",1.04,0.31,0.31,0.30,0.29,0.34,0.10,0.92,"",6,11.8,-25,-13.3,-28,-14.7,-30,-16.0,-418169,-9.3,20222,23.5,-283,-41.7,117,6.4
"13089","5","51311","77","0","2024","4","",9,26,26,25,410681,7574,10,1231,"",0.64,0.15,0.15,0.14,0.12,0.06,0.01,0.82,"",1,12.5,-1,-3.7,-1,-3.7,-2,-7.4,51829,14.4,-145,-1.9,6,150.0,209,20.5
"13089","5","513110","78","0","2024","4","",9,26,26,25,410681,7574,10,1231,"",0.64,0.15,0.15,0.14,0.12,0.06,0.01,0.82,"",1,12.5,-1,-3.7,-1,-3.7,-2,-7.4,51829,14.4,-145,-1.9,6,150.0,209,20.5
"13089","5","51312","77","0","2024","4","",19,38,38,37,489728,43928,53,1000,"",1.23,0.30,0.30,0.29,0.13,0.71,0.06,0.42,"",-1,-5.0,-7,-15.6,-8,-17.4,-10,-21.3,-251525,-33.9,22121,101.4,-81,-60.4,-240,-19.4
"13089","5","513120","78","0","2024","4","",19,38,38,37,489728,43928,53,1000,"",1.23,0.30,0.30,0.29,0.13,0.71,0.06,0.42,"",-1,-5.0,-7,-15.6,-8,-17.4,-10,-21.3,-251525,-33.9,22121,101.4,-81,-60.4,-240,-19.4
"13089","5","51313","77","0","2024","4","",12,34,35,33,1621198,27011,157,3668,"",1.14,0.32,0.33,0.31,0.58,0.47,0.24,1.82,"",6,100.0,0,0.0,1,2.9,3,10.0,142748,9.7,12498,86.1,80,103.9,187,5.4
"13089","5","513130","78","0","2024","4","",12,34,35,33,1621198,27011,157,3668,"",1.14,0.32,0.33,0.31,0.58,0.47,0.24,1.82,"",6,100.0,0,0.0,1,2.9,3,10.0,142748,9.7,12498,86.1,80,103.9,187,5.4
"13089","5","51314","77","0","2024","4","N",4,0,0,0,0,0,0,0,"N",1.51,0,0,0,0,0,0,0,"N",0,0.0,0,0,0,0,0,0,0,0,0,0,0,0,0,0
"13089","5","513140","78","0","2024","4","N",4,0,0,0,0,0,0,0,"N",1.51,0,0,0,0,0,0,0,"N",0,0.0,0,0,0,0,0,0,0,0,0,0,0,0,0,0
"13089","5","51319","77","0","2024","4","N",13,0,0,0,0,0,0,0,"N",1.05,0,0,0,0,0,0,0,"N",0,0.0,0,0,0,0,0,0,0,0,0,0,0,0,0,0
"13089","5","513199","78","0","2024","4","N",13,0,0,0,0,0,0,0,"N",1.07,0,0,0,0,0,0,0,"N",0,0.0,0,0,0,0,0,0,0,0,0,0,0,0,0,0
"13089","5","5132","76","0","2024","4","",236,1131,1121,1107,65703880,439241,5281,4514,"",1.23,0.90,0.89,0.87,0.91,0.46,0.42,1.03,"",150,174.4,-57,-4.8,-49,-4.2,-46,-4.0,9016491,15.9,11811,2.8,420,8.6,788,21.1
"13089","5","51321","77","0","2024","4","",236,1131,1121,1107,65703880,439241,5281,4514,"",1.23,0.90,0.89,0.87,0.91,0.46,0.42,1.03,"",150,174.4,-57,-4.8,-49,-4.2,-46,-4.0,9016491,15.9,11811,2.8,420,8.6,788,21.1
"13089","5","513210","78","0","2024","4","",236,1131,1121,1107,65703880,439241,5281,4514,"",1.23,0.90,0.89,0.87,0.91,0.46,0.42,1.03,"",150,174.4,-57,-4.8,-49,-4.2,-46,-4.0,9016491,15.9,11811,2.8,420,8.6,788,21.1
"13089","5","516","75","0","2024","4","",35,1061,1058,1050,26462273,356547,3297,1927,"",0.86,1.54,1.54,1.53,0.62,0.90,0.69,0.40,"",0,0.0,-30,-2.7,-48,-4.3,-59,-5.3,-3363190,-11.3,-306790,-46.2,-6585,-66.6,-155,-7.4
"13089","5","5161","76","0","2024","4","N",6,0,0,0,0,0,0,0,"N",0.51,0,0,0,0,0,0,0,"N",-2,-25.0,0,0,0,0,0,0,0,0,0,0,0,0,0,0
"13089","5","51611","77","0","2024","4","",4,10,11,10,147021,38565,824,1094,"",0.48,0.10,0.11,0.10,0.07,0.57,1.31,0.75,"",-1,-20.0,-2,-16.7,-1,-8.3,-1,-9.1,-336661,-69.6,28760,293.3,745,943.0,-2095,-65.7
"13089","5","516110","78","0","2024","4","",4,10,11,10,147021,38565,824,1094,"",0.48,0.10,0.11,0.10,0.07,0.57,1.31,0.75,"",-1,-20.0,-2,-16.7,-1,-8.3,-1,-9.1,-336661,-69.6,28760,293.3,745,943.0,-2095,-65.7
"13089","5","51612","77","0","2024","4","N",2,0,0,0,0,0,0,0,"N",0.59,0,0,0,0,0,0,0,"N",-1,-33.3,0,0,0,0,0,0,0,0,0,0,0,0,0,0
"13089","5","516120","78","0","2024","4","N",2,0,0,0,0,0,0,0,"N",0.59,0,0,0,0,0,0,0,"N",-1,-33.3,0,0,0,0,0,0,0,0,0,0,0,0,0,0
"13089","5","5162","76","0","2024","4","N",29,0,0,0,0,0,0,0,"N",1.00,0,0,0,0,0,0,0,"N",2,7.4,0,0,0,0,0,0,0,0,0,0,0,0,0,0
"13089","5","51621","77","0","2024","4","N",29,0,0,0,0,0,0,0,"N",1.00,0,0,0,0,0,0,0,"N",2,7.4,0,0,0,0,0,0,0,0,0,0,0,0,0,0
"13089","5","516210","78","0","2024","4","N",29,0,0,0,0,0,0,0,"N",1.00,0,0,0,0,0,0,0,"N",2,7.4,0,0,0,0,0,0,0,0,0,0,0,0,0,0
"13089","5","517","75","0","2024","4","",80,3463,3454,3450,120887885,1140262,3276,2691,"",1.17,2.86,2.85,2.85,3.49,1.73,0.45,1.23,"",7,9.6,31,0.9,82,2.4,82,2.4,3325549,2.8,-599957,-34.5,-2404,-42.3,24,0.9
"13089","5","5171","76","0","2024","4","",70,3456,3446,3442,120719710,1121262,3160,2693,"",1.25,3.13,3.12,3.12,3.96,1.86,0.49,1.27,"",7,11.1,58,1.7,108,3.2,108,3.2,4059087,3.5,-609457,-35.2,-2514,-44.3,20,0.7
"13089","5","51711","77","0","2024","4","",57,3273,3262,3257,113850786,1059755,3112,2683,"",1.20,3.18,3.16,3.16,4.00,1.91,0.53,1.26,"",5,9.6,101,3.2,125,4.0,123,3.9,4683894,4.3,-563434,-34.7,-2319,-42.7,15,0.6
"13089","5","517111","78","0","2024","4","N",50,0,0,0,0,0,0,0,"N",1.43,0,0,0,0,0,0,0,"N",6,13.6,0,0,0,0,0,0,0,0,0,0,0,0,0,0
"13089","5","517112","78","0","2024","4","N",7,0,0,0,0,0,0,0,"N",0.56,0,0,0,0,0,0,0,"N",-1,-12.5,0,0,0,0,0,0,0,0,0,0,0,0,0,0
"13089","5","51712","77","0","2024","4","",13,183,184,185,6868924,61507,48,2872,"",1.50,2.48,2.49,2.51,3.43,1.28,0.08,1.38,"",2,18.2,-43,-19.0,-17,-8.5,-15,-7.5,-624807,-8.3,-46023,-42.8,-195,-80.2,114,4.1
"13089","5","517121","78","0","2024","4","",13,183,184,185,6868924,61507,48,2872,"",1.50,2.48,2.49,2.51,3.43,1.28,0.08,1.38,"",2,18.2,-43,-19.0,-17,-8.5,-15,-7.5,-624807,-8.3,-46023,-42.8,-195,-80.2,114,4.1
"13089","5","5174","76","0","2024","4","N",4,0,0,0,0,0,0,0,"N",1.99,0,0,0,0,0,0,0,"N",0,0.0,0,0,0,0,0,0,0,0,0,0,0,0,0,0
"13089","5","51741","77","0","2024","4","N",4,0,0,0,0,0,0,0,"N",1.99,0,0,0,0,0,0,0,"N",0,0.0,0,0,0,0,0,0,0,0,0,0,0,0,0,0
"13089","5","517410","78","0","2024","4","N",4,0,0,0,0,0,0,0,"N",1.99,0,0,0,0,0,0,0,"N",0,0.0,0,0,0,0,0,0,0,0,0,0,0,0,0,0
"13089","5","5178","76","0","2024","4","N",6,0,0,0,0,0,0,0,"N",0.59,0,0,0,0,0,0,0,"N",0,0.0,0,0,0,0,0,0,0,0,0,0,0,0,0,0
"13089","5","51781","77","0","2024","4","N",6,0,0,0,0,0,0,0,"N",0.59,0,0,0,0,0,0,0,"N",0,0.0,0,0,0,0,0,0,0,0,0,0,0,0,0,0
"13089","5","517810","78","0","2024","4","N",6,0,0,0,0,0,0,0,"N",0.59,0,0,0,0,0,0,0,"N",0,0.0,0,0,0,0,0,0,0,0,0,0,0,0,0,0
"13089","5","518","75","0","2024","4","",111,1331,1303,1351,32562879,1088392,19618,1886,"",1.03,1.38,1.35,1.40,0.63,1.58,2.17,0.46,"",25,29.1,36,2.8,-40,-3.0,0,0.0,-816494,-2.4,51128,4.9,-1186,-5.7,-45,-2.3
"13089","5","5182","76","0","2024","4","",111,1331,1303,1351,32562879,1088392,19618,1886,"",1.03,1.38,1.35,1.40,0.63,1.58,2.17,0.46,"",25,29.1,36,2.8,-40,-3.0,0,0.0,-816494,-2.4,51128,4.9,-1186,-5.7,-45,-2.3
"13089","5","51821","77","0","2024","4","",111,1331,1303,1351,32562879,1088392,19618,1886,"",1.03,1.38,1.35,1.40,0.63,1.58,2.17,0.46,"",25,29.1,36,2.8,-40,-3.0,0,0.0,-816494,-2.4,51128,4.9,-1186,-5.7,-45,-2.3
"13089","5","518210","78","0","2024","4","",111,1331,1303,1351,32562879,1088392,19618,1886,"",1.03,1.38,1.35,1.40,0.63,1.58,2.17,0.46,"",25,29.1,36,2.8,-40,-3.0,0,0.0,-816494,-2.4,51128,4.9,-1186,-5.7,-45,-2.3
"13089","5","519","75","0","2024","4","",21,33,33,31,1285141,30771,563,3057,"",0.64,0.09,0.09,0.09,0.05,0.17,0.21,0.56,"",9,75.0,4,13.8,5,17.9,4,14.8,287272,28.8,5381,21.2,218,63.2,316,11.5
"13089","5","5192","76","0","2024","4","",21,33,33,31,1285141,30771,563,3057,"",0.64,0.09,0.09,0.09,0.05,0.17,0.21,0.56,"",9,75.0,4,13.8,5,17.9,4,14.8,287272,28.8,5381,21.2,218,63.2,316,11.5
"13089","5","51921","77","0","2024","4","N",2,0,0,0,0,0,0,0,"N",0.43,0,0,0,0,0,0,0,"N",0,0.0,0,0,0,0,0,0,0,0,0,0,0,0,0,0
"13089","5","519210","78","0","2024","4","N",2,0,0,0,0,0,0,0,"N",0.43,0,0,0,0,0,0,0,"N",0,0.0,0,0,0,0,0,0,0,0,0,0,0,0,0,0
"13089","5","51929","77","0","2024","4","N",19,0,0,0,0,0,0,0,"N",0.67,0,0,0,0,0,0,0,"N",9,90.0,0,0,0,0,0,0,0,0,0,0,0,0,0,0
"13089","5","519290","78","0","2024","4","N",19,0,0,0,0,0,0,0,"N",0.67,0,0,0,0,0,0,0,"N",9,90.0,0,0,0,0,0,0,0,0,0,0,0,0,0,0
"13089","5","52","74","0","2024","4","",1039,17431,17311,17293,376380766,12209383,116358,1669,"",0.92,1.39,1.38,1.37,0.84,1.60,1.42,0.61,"",69,7.1,537,3.2,348,2.1,257,1.5,9329112,2.5,-336479,-2.7,19963,20.7,5,0.3
"13089","5","522","75","0","2024","4","",356,2578,2565,2599,58905732,1851752,21968,1756,"",0.95,0.51,0.50,0.51,0.42,0.62,0.71,0.83,"",13,3.8,-114,-4.2,-100,-3.8,-56,-2.1,685236,1.2,-203130,-9.9,-6994,-24.1,79,4.7
"13089","5","5221","76","0","2024","4","",166,1450,1454,1452,36253875,808816,10005,1921,"",0.80,0.41,0.41,0.41,0.40,0.42,0.64,0.97,"",4,2.5,-90,-5.8,-77,-5.0,-66,-4.3,-345902,-0.9,215177,36.2,4387,78.1,80,4.3
"13089","5","52211","77","0","2024","4","",137,1158,1162,1161,30674439,446520,4515,2034,"",0.90,0.43,0.43,0.43,0.41,0.34,0.42,0.97,"",-1,-0.7,-142,-10.9,-136,-10.5,-129,-10.0,-1956214,-6.0,28555,6.8,1411,45.5,97,5.0
"13089","5","522110","78","0","2024","4","",137,1158,1162,1161,30674439,446520,4515,2034,"",0.90,0.43,0.43,0.43,0.41,0.34,0.42,0.97,"",-1,-0.7,-142,-10.9,-136,-10.5,-129,-10.0,-1956214,-6.0,28555,6.8,1411,45.5,97,5.0
"13089","5","52213","77","0","2024","4","N",27,0,0,0,0,0,0,0,"N",0.69,0,0,0,0,0,0,0,"N",5,22.7,0,0,0,0,0,0,0,0,0,0,0,0,0,0
"13089","5","522130","78","0","2024","4","N",27,0,0,0,0,0,0,0,"N",0.69,0,0,0,0,0,0,0,"N",5,22.7,0,0,0,0,0,0,0,0,0,0,0,0,0,0
"13089","5","52218","77","0","2024","4","N",2,0,0,0,0,0,0,0,"N",0.14,0,0,0,0,0,0,0,"N",0,0.0,0,0,0,0,0,0,0,0,0,0,0,0,0,0
"13089","5","522180","78","0","2024","4","N",2,0,0,0,0,0,0,0,"N",0.14,0,0,0,0,0,0,0,"N",0,0.0,0,0,0,0,0,0,0,0,0,0,0,0,0,0
"13089","5","5222","76","0","2024","4","",108,552,539,546,11111507,536151,4953,1566,"",1.08,0.55,0.54,0.54,0.36,0.81,0.53,0.66,"",3,2.9,2,0.4,-8,-1.5,-2,-0.4,312872,2.9,-207324,-27.9,-4028,-44.9,51,3.4
"13089","5","52221","77","0","2024","4","N",3,0,0,0,0,0,0,0,"N",1.51,0,0,0,0,0,0,0,"N",0,0.0,0,0,0,0,0,0,0,0,0,0,0,0,0,0
"13089","5","522210","78","0","2024","4","N",3,0,0,0,0,0,0,0,"N",1.51,0,0,0,0,0,0,0,"N",0,0.0,0,0,0,0,0,0,0,0,0,0,0,0,0,0
"13089","5","52222","77","0","2024","4","N",9,0,0,0,0,0,0,0,"N",0.72,0,0,0,0,0,0,0,"N",0,0.0,0,0,0,0,0,0,0,0,0,0,0,0,0,0
"13089","5","522220","78","0","2024","4","N",9,0,0,0,0,0,0,0,"N",0.72,0,0,0,0,0,0,0,"N",0,0.0,0,0,0,0,0,0,0,0,0,0,0,0,0,0
"13089","5","52229","77","0","2024","4","",96,525,511,520,9048782,517140,4692,1342,"",1.13,0.74,0.72,0.73,0.43,0.97,0.59,0.58,"",3,3.2,17,3.3,7,1.4,14,2.8,1040659,13.0,-142611,-21.6,-2039,-30.3,125,10.3
"13089","5","522291","78","0","2024","4","",19,113,112,111,1751452,98696,995,1203,"",0.63,0.64,0.63,0.62,0.35,0.69,0.64,0.55,"",1,5.6,-8,-6.6,-9,-7.4,-13,-10.5,147692,9.2,-58440,-37.2,-1464,-59.5,192,19.0
"13089","5","522292","78","0","2024","4","",41,277,261,271,4645879,303550,2626,1325,"",1.16,0.78,0.73,0.76,0.41,1.08,0.49,0.54,"",3,7.9,26,10.4,13,5.2,23,9.3,820214,21.4,-56050,-15.6,-1282,-32.8,143,12.1
"13089","5","522299","78","0","2024","4","",36,135,138,138,2651451,114894,1071,1489,"",1.82,0.78,0.80,0.80,0.54,1.04,1.12,0.69,"",-1,-2.7,-1,-0.7,3,2.2,4,3.0,72753,2.8,-28121,-19.7,707,194.2,20,1.4
"13089","5","5223","76","0","2024","4","",82,576,572,601,11540350,506785,7010,1523,"",1.23,1.02,1.02,1.07,0.61,1.35,1.16,0.59,"",6,7.9,-26,-4.3,-15,-2.6,12,2.0,718266,6.6,-210983,-29.4,-7353,-51.2,118,8.4
"13089","5","52231","77","0","2024","4","",38,189,192,196,5861903,130282,2075,2344,"",1.13,1.11,1.12,1.15,1.11,0.80,0.66,0.99,"",5,15.2,-21,-10.0,-17,-8.1,-18,-8.4,405801,7.4,-66844,-33.9,-1850,-47.1,355,17.8
"13089","5","522310","78","0","2024","4","",38,189,192,196,5861903,130282,2075,2344,"",1.13,1.11,1.12,1.15,1.11,0.80,0.66,0.99,"",5,15.2,-21,-10.0,-17,-8.1,-18,-8.4,405801,7.4,-66844,-33.9,-1850,-47.1,355,17.8
"13089","5","52232","77","0","2024","4","",27,241,241,236,4435101,207509,4273,1425,"",1.45,0.95,0.95,0.93,0.44,1.64,2.49,0.47,"",4,17.4,17,7.6,18,8.1,14,6.3,314777,7.6,-60285,-22.5,-571,-11.8,4,0.3
"13089","5","522320","78","0","2024","4","",27,241,241,236,4435101,207509,4273,1425,"",1.45,0.95,0.95,0.93,0.44,1.64,2.49,0.47,"",4,17.4,17,7.6,18,8.1,14,6.3,314777,7.6,-60285,-22.5,-571,-11.8,4,0.3
"13089","5","52239","77","0","2024","4","",17,146,139,169,1243346,168994,662,632,"",1.18,1.06,1.01,1.22,0.33,2.00,0.55,0.30,"",-3,-15.0,-22,-13.1,-16,-10.3,16,10.5,-2312,-0.2,-83854,-33.2,-4932,-88.2,28,4.6
"13089","5","522390","78","0","2024","4","",17,146,139,169,1243346,168994,662,632,"",1.18,1.06,1.01,1.22,0.33,2.00,0.55,0.30,"",-3,-15.0,-22,-13.1,-16,-10.3,16,10.5,-2312,-0.2,-83854,-33.2,-4932,-88.2,28,4.6
"13089","5","523","75","0","2024","4","N",258,0,0,0,0,0,0,0,"N",0.87,0,0,0,0,0,0,0,"N",31,13.7,0,0,0,0,0,0,0,0,0,0,0,0,0,0
"13089","5","5231","76","0","2024","4","N",80,0,0,0,0,0,0,0,"N",0.97,0,0,0,0,0,0,0,"N",11,15.9,0,0,0,0,0,0,0,0,0,0,0,0,0,0
"13089","5","52315","77","0","2024","4","N",75,0,0,0,0,0,0,0,"N",0.99,0,0,0,0,0,0,0,"N",9,13.6,0,0,0,0,0,0,0,0,0,0,0,0,0,0
"13089","5","523150","78","0","2024","4","N",75,0,0,0,0,0,0,0,"N",0.99,0,0,0,0,0,0,0,"N",9,13.6,0,0,0,0,0,0,0,0,0,0,0,0,0,0
"13089","5","52316","77","0","2024","4","N",5,0,0,0,0,0,0,0,"N",0.72,0,0,0,0,0,0,0,"N",2,66.7,0,0,0,0,0,0,0,0,0,0,0,0,0,0
"13089","5","523160","78","0","2024","4","N",5,0,0,0,0,0,0,0,"N",0.72,0,0,0,0,0,0,0,"N",2,66.7,0,0,0,0,0,0,0,0,0,0,0,0,0,0
"13089","5","5232","76","0","2024","4","N",1,0,0,0,0,0,0,0,"N",0.52,0,0,0,0,0,0,0,"N",0,0.0,0,0,0,0,0,0,0,0,0,0,0,0,0,0
"13089","5","52321","77","0","2024","4","N",1,0,0,0,0,0,0,0,"N",0.52,0,0,0,0,0,0,0,"N",0,0.0,0,0,0,0,0,0,0,0,0,0,0,0,0,0
"13089","5","523210","78","0","2024","4","N",1,0,0,0,0,0,0,0,"N",0.52,0,0,0,0,0,0,0,"N",0,0.0,0,0,0,0,0,0,0,0,0,0,0,0,0,0
"13089","5","5239","76","0","2024","4","",177,443,439,454,19956078,454888,5618,3447,"",0.83,0.37,0.36,0.37,0.20,0.56,0.53,0.55,"",20,12.7,-6,-1.3,-10,-2.2,-1,-0.2,-3497286,-14.9,-5484,-1.2,-2841,-33.6,-553,-13.8
"13089","5","52391","77","0","2024","4","",18,16,17,18,464756,22178,556,2103,"",0.95,0.23,0.25,0.26,0.08,0.44,0.72,0.34,"",-2,-10.0,-8,-33.3,-5,-22.7,-3,-14.3,-497765,-51.7,-11788,-34.7,-245,-30.6,-1212,-36.6
"13089","5","523910","78","0","2024","4","",18,16,17,18,464756,22178,556,2103,"",0.95,0.23,0.25,0.26,0.08,0.44,0.72,0.34,"",-2,-10.0,-8,-33.3,-5,-22.7,-3,-14.3,-497765,-51.7,-11788,-34.7,-245,-30.6,-1212,-36.6
"13089","5","52394","77","0","2024","4","",145,389,385,399,17996554,418210,4670,3541,"",0.84,0.38,0.38,0.39,0.21,0.62,0.54,0.54,"",18,14.2,-3,-0.8,-9,-2.3,0,0.0,-1954164,-9.8,17123,4.3,-2358,-33.6,-344,-8.9
"13089","5","523940","78","0","2024","4","",145,389,385,399,17996554,418210,4670,3541,"",0.84,0.38,0.38,0.39,0.21,0.62,0.54,0.54,"",18,14.2,-3,-0.8,-9,-2.3,0,0.0,-1954164,-9.8,17123,4.3,-2358,-33.6,-344,-8.9
"13089","5","52399","77","0","2024","4","",14,38,37,37,1494768,14500,392,3080,"",0.65,0.32,0.31,0.31,0.26,0.16,0.32,0.84,"",4,40.0,5,15.2,4,12.1,2,5.7,-1045357,-41.2,-10819,-42.7,-238,-37.8,-2724,-46.9
"13089","5","523991","78","0","2024","4","N",2,0,0,0,0,0,0,0,"N",0.34,0,0,0,0,0,0,0,"N",0,0.0,0,0,0,0,0,0,0,0,0,0,0,0,0,0
"13089","5","523999","78","0","2024","4","N",12,0,0,0,0,0,0,0,"N",0.76,0,0,0,0,0,0,0,"N",4,50.0,0,0,0,0,0,0,0,0,0,0,0,0,0,0
"13089","5","524","75","0","2024","4","",415,14152,14051,13985,288818224,9702518,84452,1580,"",0.95,2.72,2.70,2.68,2.11,3.03,2.61,0.78,"",21,5.3,562,4.1,369,2.7,222,1.6,9348261,3.3,-261898,-2.6,26154,44.9,8,0.5
"13089","5","5241","76","0","2024","4","",34,922,1012,1051,25381117,1080149,7196,1962,"",0.50,0.38,0.42,0.43,0.39,0.89,0.62,0.95,"",-1,-2.9,44,5.0,123,13.8,161,18.1,698281,2.8,399546,58.7,3441,91.6,-182,-8.5
"13089","5","52411","77","0","2024","4","N",14,0,0,0,0,0,0,0,"N",0.52,0,0,0,0,0,0,0,"N",-2,-12.5,0,0,0,0,0,0,0,0,0,0,0,0,0,0
"13089","5","524113","78","0","2024","4","N",8,0,0,0,0,0,0,0,"N",0.78,0,0,0,0,0,0,0,"N",-1,-11.1,0,0,0,0,0,0,0,0,0,0,0,0,0,0
"13089","5","524114","78","0","2024","4","",6,12,13,12,494217,10328,89,3082,"",0.36,0.01,0.01,0.01,0.02,0.03,0.03,1.68,"",-1,-14.3,4,50.0,4,44.4,3,33.3,169956,52.4,828,8.7,-2,-2.2,204,7.1
"13089","5","52412","77","0","2024","4","",17,709,798,834,18492092,964250,6869,1823,"",0.43,0.68,0.77,0.80,0.63,2.15,1.44,0.84,"",2,13.3,199,39.0,281,54.4,320,62.3,6043123,48.5,664881,222.1,4599,202.6,-41,-2.2
"13089","5","524126","78","0","2024","4","N",16,0,0,0,0,0,0,0,"N",0.66,0,0,0,0,0,0,0,"N",4,33.3,0,0,0,0,0,0,0,0,0,0,0,0,0,0
"13089","5","524127","78","0","2024","4","N",1,0,0,0,0,0,0,0,"N",0.09,0,0,0,0,0,0,0,"N",-2,-66.7,0,0,0,0,0,0,0,0,0,0,0,0,0,0
"13089","5","52413","77","0","2024","4","N",3,0,0,0,0,0,0,0,"N",1.30,0,0,0,0,0,0,0,"N",-1,-25.0,0,0,0,0,0,0,0,0,0,0,0,0,0,0
"13089","5","524130","78","0","2024","4","N",3,0,0,0,0,0,0,0,"N",1.30,0,0,0,0,0,0,0,"N",-1,-25.0,0,0,0,0,0,0,0,0,0,0,0,0,0,0
"13089","5","5242","76","0","2024","4","",381,13230,13039,12934,263437107,8622369,77256,1551,"",1.03,4.74,4.67,4.63,3.64,4.33,3.70,0.78,"",22,6.1,518,4.1,246,1.9,61,0.5,8649980,3.4,-661444,-7.1,22713,41.6,19,1.2
"13089","5","52421","77","0","2024","4","",345,12942,12756,12645,256474046,8409076,73085,1544,"",1.10,6.43,6.32,6.26,4.84,5.79,5.10,0.76,"",18,5.5,578,4.7,314,2.5,122,1.0,10292203,4.2,-621086,-6.9,23077,46.1,22,1.4
"13089","5","524210","78","0","2024","4","",345,12942,12756,12645,256474046,8409076,73085,1544,"",1.10,6.43,6.32,6.26,4.84,5.79,5.10,0.76,"",18,5.5,578,4.7,314,2.5,122,1.0,10292203,4.2,-621086,-6.9,23077,46.1,22,1.4
"13089","5","52429","77","0","2024","4","",36,288,283,289,6963061,213293,4171,1868,"",0.62,0.37,0.37,0.37,0.36,0.40,0.64,0.97,"",4,12.5,-60,-17.2,-68,-19.4,-61,-17.4,-1642223,-19.1,-40358,-15.9,-364,-8.0,-25,-1.3
"13089","5","524291","78","0","2024","4","",10,11,11,12,165119,4343,25,1121,"",0.60,0.08,0.09,0.10,0.05,0.04,0.01,0.54,"",2,25.0,0,0.0,1,10.0,1,9.1,-23559,-12.5,-4198,-49.2,-64,-71.9,-240,-17.6
"13089","5","524292","78","0","2024","4","",15,191,186,192,3499585,131372,2501,1419,"",0.79,0.43,0.42,0.43,0.34,0.46,0.81,0.79,"",0,0.0,-103,-35.0,-112,-37.6,-104,-35.1,-3238682,-48.1,-93147,-41.5,-1581,-38.7,-332,-19.0
"13089","5","524298","78","0","2024","4","",11,86,86,85,3298357,77578,1645,2962,"",0.49,0.42,0.42,0.42,0.59,0.59,1.09,1.39,"",2,22.2,43,100.0,43,100.0,42,97.7,1620018,96.5,56987,276.8,1281,351.9,-40,-1.3
"13089","5","525","75","0","2024","4","N",10,0,0,0,0,0,0,0,"N",0.49,0,0,0,0,0,0,0,"N",4,66.7,0,0,0,0,0,0,0,0,0,0,0,0,0,0
"13089","5","5251","76","0","2024","4","N",2,0,0,0,0,0,0,0,"N",0.49,0,0,0,0,0,0,0,"N",0,0.0,0,0,0,0,0,0,0,0,0,0,0,0,0,0
"13089","5","52511","77","0","2024","4","-",0,0,0,0,0,0,0,0,"N",0.00,0,0,0,0,0,0,0,"N",-1,-100.0,0,0,0,0,0,0,0,0,0,0,0,0,0,0
"13089","5","525110","78","0","2024","4","-",0,0,0,0,0,0,0,0,"N",0.00,0,0,0,0,0,0,0,"N",-1,-100.0,0,0,0,0,0,0,0,0,0,0,0,0,0,0
"13089","5","52512","77","0","2024","4","N",2,0,0,0,0,0,0,0,"N",1.38,0,0,0,0,0,0,0,"N",1,100.0,0,0,0,0,0,0,0,0,0,0,0,0,0,0
"13089","5","525120","78","0","2024","4","N",2,0,0,0,0,0,0,0,"N",1.38,0,0,0,0,0,0,0,"N",1,100.0,0,0,0,0,0,0,0,0,0,0,0,0,0,0
"13089","5","5259","76","0","2024","4","N",8,0,0,0,0,0,0,0,"N",0.49,0,0,0,0,0,0,0,"N",4,100.0,0,0,0,0,0,0,0,0,0,0,0,0,0,0
"13089","5","52591","77","0","2024","4","",3,8,7,8,406605,16723,205,4080,"",1.06,0.99,0.87,0.96,0.66,1.51,1.11,0.70,"N",3,100.0,0,0,0,0,0,0,0,0,0,0,0,0,0,0
"13089","5","525910","78","0","2024","4","",3,8,7,8,406605,16723,205,4080,"",1.06,0.99,0.87,0.96,0.66,1.51,1.11,0.70,"N",3,100.0,0,0,0,0,0,0,0,0,0,0,0,0,0,0
"13089","5","52592","77","0","2024","4","N",3,0,0,0,0,0,0,0,"N",0.46,0,0,0,0,0,0,0,"N",1,50.0,0,0,0,0,0,0,0,0,0,0,0,0,0,0
"13089","5","525920","78","0","2024","4","N",3,0,0,0,0,0,0,0,"N",0.46,0,0,0,0,0,0,0,"N",1,50.0,0,0,0,0,0,0,0,0,0,0,0,0,0,0
"13089","5","52599","77","0","2024","4","N",2,0,0,0,0,0,0,0,"N",0.29,0,0,0,0,0,0,0,"N",0,0.0,0,0,0,0,0,0,0,0,0,0,0,0,0,0
"13089","5","525990","78","0","2024","4","N",2,0,0,0,0,0,0,0,"N",0.29,0,0,0,0,0,0,0,"N",0,0.0,0,0,0,0,0,0,0,0,0,0,0,0,0,0
"13089","5","53","74","0","2024","4","",1195,4955,5029,5134,94527546,6360156,63822,1443,"",1.25,1.02,1.04,1.06,0.93,1.37,1.14,0.89,"",91,8.2,355,7.7,382,8.2,521,11.3,10208121,12.1,232909,3.8,-11385,-15.1,39,2.8
"13089","5","531","75","0","2024","4","",1094,4214,4263,4403,81736873,5687036,59691,1464,"",1.31,1.15,1.17,1.20,1.04,1.58,1.38,0.88,"",92,9.2,338,8.7,369,9.5,495,12.7,9385526,13.0,247857,4.6,-9344,-13.5,34,2.4
"13089","5","5311","76","0","2024","4","",274,1724,1729,1757,29977533,1737226,17671,1328,"",1.15,1.35,1.36,1.38,1.21,1.55,1.30,0.89,"",26,10.5,231,15.5,215,14.2,224,14.6,4668373,18.4,-143748,-7.6,-10074,-36.3,42,3.3
"13089","5","53111","77","0","2024","4","",116,1192,1196,1201,20351890,1157802,10379,1309,"",0.90,1.60,1.61,1.61,1.58,1.73,1.29,0.98,"",11,10.5,168,16.4,156,15.0,143,13.5,3307490,19.4,-115322,-9.1,-9953,-49.0,49,3.9
"13089","5","531110","78","0","2024","4","",116,1192,1196,1201,20351890,1157802,10379,1309,"",0.90,1.60,1.61,1.61,1.58,1.73,1.29,0.98,"",11,10.5,168,16.4,156,15.0,143,13.5,3307490,19.4,-115322,-9.1,-9953,-49.0,49,3.9
"13089","5","53112","77","0","2024","4","",85,326,329,352,7168334,352062,5100,1643,"",1.61,1.01,1.03,1.09,0.84,1.42,1.60,0.81,"",4,4.9,57,21.2,61,22.8,81,29.9,1109799,18.3,74555,26.9,2714,113.7,-87,-5.0
"13089","5","531120","78","0","2024","4","",85,326,329,352,7168334,352062,5100,1643,"",1.61,1.01,1.03,1.09,0.84,1.42,1.60,0.81,"",4,4.9,57,21.2,61,22.8,81,29.9,1109799,18.3,74555,26.9,2714,113.7,-87,-5.0
"13089","5","53113","77","0","2024","4","",54,78,74,79,736975,60359,585,736,"",1.48,0.65,0.61,0.65,0.39,0.49,0.43,0.61,"N",5,10.2,0,0,0,0,0,0,0,0,0,0,0,0,0,0
"13089","5","531130","78","0","2024","4","",54,78,74,79,736975,60359,585,736,"",1.48,0.65,0.61,0.65,0.39,0.49,0.43,0.61,"N",5,10.2,0,0,0,0,0,0,0,0,0,0,0,0,0,0
"13089","5","53119","77","0","2024","4","",19,128,130,125,1720334,167003,1607,1037,"",0.93,1.50,1.53,1.47,1.18,2.08,1.63,0.79,"N",6,46.2,0,0,0,0,0,0,0,0,0,0,0,0,0,0
"13089","5","531190","78","0","2024","4","",19,128,130,125,1720334,167003,1607,1037,"",0.93,1.50,1.53,1.47,1.18,2.08,1.63,0.79,"N",6,46.2,0,0,0,0,0,0,0,0,0,0,0,0,0,0
"13089","5","5312","76","0","2024","4","",513,841,843,878,21977945,1626528,19989,1980,"",1.63,1.18,1.18,1.22,1.17,1.91,2.03,0.98,"",43,9.1,50,6.3,55,7.0,61,7.5,2837760,14.8,77528,5.0,-446,-2.2,137,7.4
"13089","5","53121","77","0","2024","4","",513,841,843,878,21977945,1626528,19989,1980,"",1.63,1.18,1.18,1.22,1.17,1.91,2.03,0.98,"",43,9.1,50,6.3,55,7.0,61,7.5,2837760,14.8,77528,5.0,-446,-2.2,137,7.4
"13089","5","531210","78","0","2024","4","",513,841,843,878,21977945,1626528,19989,1980,"",1.63,1.18,1.18,1.22,1.17,1.91,2.03,0.98,"",43,9.1,50,6.3,55,7.0,61,7.5,2837760,14.8,77528,5.0,-446,-2.2,137,7.4
"13089","5","5313","76","0","2024","4","",307,1649,1691,1768,29781395,2323282,22031,1345,"",1.08,0.99,1.01,1.05,0.84,1.42,1.11,0.83,"",23,8.1,57,3.6,99,6.2,210,13.5,1879393,6.7,314077,15.6,1176,5.6,-13,-1.0
"13089","5","53131","77","0","2024","4","",208,1389,1429,1500,22710738,2007581,17396,1214,"",1.06,0.98,1.00,1.05,0.82,1.44,1.04,0.81,"",14,7.2,72,5.5,119,9.1,221,17.3,2491807,12.3,297846,17.4,-83,-0.5,19,1.6
"13089","5","531311","78","0","2024","4","",148,1216,1247,1317,18679936,1703129,12687,1140,"",0.98,1.13,1.16,1.22,1.00,1.51,0.93,0.85,"",15,11.3,106,9.5,134,12.0,234,21.6,2338854,14.3,277472,19.5,-792,-5.9,-1,-0.1
"13089","5","531312","78","0","2024","4","",60,173,182,183,4030802,304452,4709,1729,"",1.32,0.50,0.53,0.53,0.44,1.16,1.54,0.85,"",-1,-1.6,-34,-16.4,-15,-7.6,-13,-6.6,152953,3.9,20374,7.2,709,17.7,238,16.0
"13089","5","53132","77","0","2024","4","",38,82,82,82,2315570,43577,749,2172,"",1.52,1.45,1.46,1.45,1.96,0.84,1.47,1.35,"",2,5.6,4,5.1,2,2.5,11,15.5,-389978,-14.4,-26288,-37.6,-986,-56.8,-554,-20.3
"13089","5","531320","78","0","2024","4","",38,82,82,82,2315570,43577,749,2172,"",1.52,1.45,1.46,1.45,1.96,0.84,1.47,1.35,"",2,5.6,4,5.1,2,2.5,11,15.5,-389978,-14.4,-26288,-37.6,-986,-56.8,-554,-20.3
"13089","5","53139","77","0","2024","4","",61,178,180,186,4755087,272124,3886,2017,"",0.96,0.94,0.96,0.98,0.75,1.46,1.50,0.78,"",7,13.0,-19,-9.6,-22,-10.9,-22,-10.6,-222436,-4.5,42519,18.5,2245,136.8,125,6.6
"13089","5","531390","78","0","2024","4","",61,178,180,186,4755087,272124,3886,2017,"",0.96,0.94,0.96,0.98,0.75,1.46,1.50,0.78,"",7,13.0,-19,-9.6,-22,-10.9,-22,-10.6,-222436,-4.5,42519,18.5,2245,136.8,125,6.6
"13089","5","532","75","0","2024","4","",90,675,700,671,11792807,563393,3845,1330,"",0.79,0.59,0.62,0.59,0.56,0.57,0.31,0.93,"",-1,-1.1,16,2.4,12,1.7,16,2.4,898119,8.2,-58999,-9.5,-1073,-21.8,74,5.9
"13089","5","5321","76","0","2024","4","",37,303,304,302,4313770,344025,1709,1095,"",1.04,0.71,0.72,0.71,0.64,0.96,0.48,0.90,"",0,0.0,1,0.3,-6,-1.9,-4,-1.3,187772,4.6,47287,15.9,-350,-17.0,58,5.6
"13089","5","53211","77","0","2024","4","",21,126,128,127,1627846,92156,185,986,"",1.01,0.53,0.54,0.54,0.48,0.45,0.09,0.89,"",1,5.0,6,5.0,5,4.1,5,4.1,256374,18.7,-946,-1.0,-334,-64.4,119,13.7
"13089","5","532111","78","0","2024","4","",21,126,128,127,1627846,92156,185,986,"",1.10,0.59,0.60,0.60,0.58,0.48,0.10,0.97,"",1,5.0,6,5.0,5,4.1,5,4.1,256374,18.7,-946,-1.0,-334,-64.4,119,13.7
"13089","5","53212","77","0","2024","4","",16,177,176,175,2685924,251869,1524,1174,"",1.08,0.94,0.93,0.93,0.81,1.66,1.00,0.87,"",-1,-5.9,-5,-2.7,-11,-5.9,-9,-4.9,-68602,-2.5,48233,23.7,-16,-1.0,25,2.2
"13089","5","532120","78","0","2024","4","",16,177,176,175,2685924,251869,1524,1174,"",1.08,0.94,0.93,0.93,0.81,1.66,1.00,0.87,"",-1,-5.9,-5,-2.7,-11,-5.9,-9,-4.9,-68602,-2.5,48233,23.7,-16,-1.0,25,2.2
"13089","5","5322","76","0","2024","4","N",22,0,0,0,0,0,0,0,"N",0.64,0,0,0,0,0,0,0,"N",0,0.0,0,0,0,0,0,0,0,0,0,0,0,0,0,0
"13089","5","53221","77","0","2024","4","N",1,0,0,0,0,0,0,0,"N",0.35,0,0,0,0,0,0,0,"N",0,0.0,0,0,0,0,0,0,0,0,0,0,0,0,0,0
"13089","5","532210","78","0","2024","4","N",1,0,0,0,0,0,0,0,"N",0.35,0,0,0,0,0,0,0,"N",0,0.0,0,0,0,0,0,0,0,0,0,0,0,0,0,0
"13089","5","53228","77","0","2024","4","N",21,0,0,0,0,0,0,0,"N",0.66,0,0,0,0,0,0,0,"N",0,0.0,0,0,0,0,0,0,0,0,0,0,0,0,0,0
"13089","5","532282","78","0","2024","4","N",1,0,0,0,0,0,0,0,"N",1.11,0,0,0,0,0,0,0,"N",0,0.0,0,0,0,0,0,0,0,0,0,0,0,0,0,0
"13089","5","532283","78","0","2024","4","N",3,0,0,0,0,0,0,0,"N",0.57,0,0,0,0,0,0,0,"N",1,50.0,0,0,0,0,0,0,0,0,0,0,0,0,0,0
"13089","5","532289","78","0","2024","4","",17,104,106,105,1545091,76710,729,1132,"",0.96,0.81,0.87,0.87,0.88,0.57,0.35,1.04,"",-1,-5.6,-15,-12.6,-18,-14.5,-12,-10.3,61094,4.1,-67344,-46.7,-174,-19.3,181,19.0
"13089","5","5323","76","0","2024","4","N",1,0,0,0,0,0,0,0,"N",0.15,0,0,0,0,0,0,0,"N",0,0.0,0,0,0,0,0,0,0,0,0,0,0,0,0,0
"13089","5","53231","77","0","2024","4","N",1,0,0,0,0,0,0,0,"N",0.15,0,0,0,0,0,0,0,"N",0,0.0,0,0,0,0,0,0,0,0,0,0,0,0,0,0
"13089","5","532310","78","0","2024","4","N",1,0,0,0,0,0,0,0,"N",0.15,0,0,0,0,0,0,0,"N",0,0.0,0,0,0,0,0,0,0,0,0,0,0,0,0,0
"13089","5","5324","76","0","2024","4","N",30,0,0,0,0,0,0,0,"N",0.81,0,0,0,0,0,0,0,"N",-1,-3.2,0,0,0,0,0,0,0,0,0,0,0,0,0,0
"13089","5","53241","77","0","2024","4","N",6,0,0,0,0,0,0,0,"N",0.37,0,0,0,0,0,0,0,"N",0,0.0,0,0,0,0,0,0,0,0,0,0,0,0,0,0
"13089","5","532411","78","0","2024","4","N",1,0,0,0,0,0,0,0,"N",0.61,0,0,0,0,0,0,0,"N",0,0.0,0,0,0,0,0,0,0,0,0,0,0,0,0,0
"13089","5","532412","78","0","2024","4","N",5,0,0,0,0,0,0,0,"N",0.34,0,0,0,0,0,0,0,"N",0,0.0,0,0,0,0,0,0,0,0,0,0,0,0,0,0
"13089","5","53242","77","0","2024","4","N",1,0,0,0,0,0,0,0,"N",0.44,0,0,0,0,0,0,0,"N",0,0.0,0,0,0,0,0,0,0,0,0,0,0,0,0,0
"13089","5","532420","78","0","2024","4","N",1,0,0,0,0,0,0,0,"N",0.44,0,0,0,0,0,0,0,"N",0,0.0,0,0,0,0,0,0,0,0,0,0,0,0,0,0
"13089","5","53249","77","0","2024","4","",23,113,114,114,2407737,67617,674,1629,"",1.24,0.67,0.68,0.68,0.64,0.44,0.27,0.95,"",-1,-4.2,23,25.6,19,20.0,18,18.8,335866,16.2,-46393,-40.7,-865,-56.2,-73,-4.3
"13089","5","532490","78","0","2024","4","",23,113,114,114,2407737,67617,674,1629,"",1.24,0.67,0.68,0.68,0.64,0.44,0.27,0.95,"",-1,-4.2,23,25.6,19,20.0,18,18.8,335866,16.2,-46393,-40.7,-865,-56.2,-73,-4.3
"13089","5","533","75","0","2024","4","",11,66,66,60,997866,109727,286,1199,"",1.49,1.48,1.49,1.35,0.57,3.13,0.64,0.40,"",0,0.0,1,1.5,1,1.5,10,20.0,-75524,-7.0,44051,67.1,-968,-77.2,-177,-12.9
"13089","5","5331","76","0","2024","4","",11,66,66,60,997866,109727,286,1199,"",1.49,1.48,1.49,1.35,0.57,3.13,0.64,0.40,"",0,0.0,1,1.5,1,1.5,10,20.0,-75524,-7.0,44051,67.1,-968,-77.2,-177,-12.9
"13089","5","53311","77","0","2024","4","",11,66,66,60,997866,109727,286,1199,"",1.49,1.48,1.49,1.35,0.57,3.13,0.64,0.40,"",0,0.0,1,1.5,1,1.5,10,20.0,-75524,-7.0,44051,67.1,-968,-77.2,-177,-12.9
"13089","5","533110","78","0","2024","4","",11,66,66,60,997866,109727,286,1199,"",1.49,1.48,1.49,1.35,0.57,3.13,0.64,0.40,"",0,0.0,1,1.5,1,1.5,10,20.0,-75524,-7.0,44051,67.1,-968,-77.2,-177,-12.9
"13089","5","54","74","0","2024","4","",3884,22244,22161,22188,627621879,19290369,272896,2175,"",1.15,1.03,1.02,1.02,0.82,1.17,1.28,0.80,"",483,14.2,1193,5.7,1034,4.9,1090,5.2,32490766,5.5,-2987009,-13.4,-71846,-20.8,5,0.2
"13089","5","541","75","0","2024","4","",3884,22244,22161,22188,627621879,19290369,272896,2175,"",1.15,1.03,1.02,1.02,0.82,1.17,1.28,0.80,"",483,14.2,1193,5.7,1034,4.9,1090,5.2,32490766,5.5,-2987009,-13.4,-71846,-20.8,5,0.2
"13089","5","5411","76","0","2024","4","",694,2351,2360,2382,73408455,2216742,26837,2388,"",1.70,0.98,0.98,0.98,0.68,1.23,1.34,0.69,"",61,9.6,-104,-4.2,-98,-4.0,-22,-0.9,6106180,9.1,-334692,-13.1,-8550,-24.2,265,12.5
"13089","5","54111","77","0","2024","4","",657,2279,2281,2295,72321647,2094433,24316,2435,"",1.79,1.03,1.03,1.03,0.69,1.28,1.38,0.68,"",51,8.4,-21,-0.9,-8,-0.3,17,0.7,6941907,10.6,-14265,-0.7,-2059,-7.8,238,10.8
"13089","5","541110","78","0","2024","4","",657,2279,2281,2295,72321647,2094433,24316,2435,"",1.79,1.03,1.03,1.03,0.69,1.28,1.38,0.68,"",51,8.4,-21,-0.9,-8,-0.3,17,0.7,6941907,10.6,-14265,-0.7,-2059,-7.8,238,10.8
"13089","5","54119","77","0","2024","4","",37,72,79,87,1086808,122309,2521,1054,"",0.89,0.37,0.40,0.44,0.24,0.75,1.05,0.59,"",10,37.0,-83,-53.5,-90,-53.3,-39,-31.0,-835727,-43.5,-320427,-72.4,-6491,-72.0,68,6.9
"13089","5","541191","78","0","2024","4","",9,9,7,9,116788,25305,10,1078,"",0.46,0.08,0.06,0.08,0.05,0.29,0.01,0.69,"",1,12.5,-4,-30.8,-6,-46.2,-4,-30.8,-250031,-68.2,5601,28.4,-3,-23.1,-1093,-50.3
"13089","5","541199","78","0","2024","4","",28,63,72,78,970020,97004,2511,1051,"",1.28,0.75,0.85,0.92,0.42,1.25,2.38,0.50,"",9,47.4,-79,-55.6,-84,-53.8,-35,-31.0,-585696,-37.6,-326028,-77.1,-6488,-72.1,177,20.3
"13089","5","5412","76","0","2024","4","",416,1884,1922,1948,52288497,1597189,20885,2097,"",1.15,0.84,0.85,0.84,0.82,0.84,0.81,0.97,"",27,6.9,386,25.8,435,29.3,364,23.0,18029926,52.6,-75040,-4.5,-3596,-14.7,367,21.2
"13089","5","54121","77","0","2024","4","",416,1884,1922,1948,52288497,1597189,20885,2097,"",1.15,0.84,0.85,0.84,0.82,0.84,0.81,0.97,"",27,6.9,386,25.8,435,29.3,364,23.0,18029926,52.6,-75040,-4.5,-3596,-14.7,367,21.2
"13089","5","541211","78","0","2024","4","",156,849,845,833,23372992,535188,4824,2134,"",1.27,0.80,0.80,0.78,0.65,0.75,0.70,0.82,"",3,2.0,-23,-2.6,-19,-2.2,-41,-4.7,2782699,13.5,-202461,-27.4,265,5.8,313,17.2
"13089","5","541213","78","0","2024","4","",112,154,163,192,2334302,221017,3205,1058,"",1.53,1.07,0.92,0.91,0.92,1.74,1.31,0.96,"",8,7.7,11,7.7,16,10.9,-20,-9.4,415625,21.7,57121,34.9,-1543,-32.5,176,20.0
"13089","5","541214","78","0","2024","4","",26,122,128,128,2530186,204852,4686,1545,"",1.00,0.26,0.27,0.28,0.20,0.38,0.45,0.73,"",8,44.4,-51,-29.5,-44,-25.6,-42,-24.7,-851560,-25.2,-283886,-58.1,-7729,-62.3,30,2.0
"13089","5","541219","78","0","2024","4","",122,759,786,795,24051017,636132,8170,2372,"",0.87,1.33,1.38,1.38,1.88,1.21,1.39,1.37,"",8,7.0,449,144.8,482,158.6,467,142.4,15683162,187.4,354186,125.6,5411,196.1,322,15.7
"13089","5","5413","76","0","2024","4","",322,2974,2950,2968,95122049,2168924,23665,2469,"",0.96,0.87,0.87,0.87,0.85,0.94,0.83,0.97,"",23,7.7,-27,-0.9,-84,-2.8,-34,-1.1,15561592,19.6,279855,14.8,1425,6.4,437,21.5
"13089","5","54131","77","0","2024","4","",80,269,267,265,8023034,333299,4893,2311,"",1.38,0.66,0.66,0.65,0.59,1.26,1.69,0.89,"",7,9.6,-17,-5.9,-16,-5.7,-24,-8.3,-1064624,-11.7,65219,24.3,-154,-3.1,-133,-5.4
"13089","5","541310","78","0","2024","4","",80,269,267,265,8023034,333299,4893,2311,"",1.38,0.66,0.66,0.65,0.59,1.26,1.69,0.89,"",7,9.6,-17,-5.9,-16,-5.7,-24,-8.3,-1064624,-11.7,65219,24.3,-154,-3.1,-133,-5.4
"13089","5","54132","77","0","2024","4","",29,55,51,47,1311592,75689,705,1978,"",1.96,0.77,0.73,0.70,0.82,1.25,0.79,1.11,"",0,0.0,-49,-47.1,-50,-49.5,-52,-52.5,-930154,-41.5,-31504,-29.4,-436,-38.2,276,16.2
"13089","5","541320","78","0","2024","4","",29,55,51,47,1311592,75689,705,1978,"",1.96,0.77,0.73,0.70,0.82,1.25,0.79,1.11,"",0,0.0,-49,-47.1,-50,-49.5,-52,-52.5,-930154,-41.5,-31504,-29.4,-436,-38.2,276,16.2
"13089","5","54133","77","0","2024","4","",172,2180,2169,2204,78059801,1527923,15200,2749,"",0.88,0.92,0.92,0.93,0.94,0.98,0.79,1.01,"",11,6.8,5,0.2,-41,-1.9,23,1.1,17333657,28.5,301326,24.6,2245,17.3,615,28.8
"13089","5","541330","78","0","2024","4","",172,2180,2169,2204,78059801,1527923,15200,2749,"",0.88,0.92,0.92,0.93,0.94,0.98,0.79,1.01,"",11,6.8,5,0.2,-41,-1.9,23,1.1,17333657,28.5,301326,24.6,2245,17.3,615,28.8
"13089","5","54134","77","0","2024","4","N",6,0,0,0,0,0,0,0,"N",0.86,0,0,0,0,0,0,0,"N",1,20.0,0,0,0,0,0,0,0,0,0,0,0,0,0,0
"13089","5","541340","78","0","2024","4","N",6,0,0,0,0,0,0,0,"N",0.86,0,0,0,0,0,0,0,"N",1,20.0,0,0,0,0,0,0,0,0,0,0,0,0,0,0
"13089","5","54135","77","0","2024","4","",12,59,58,58,1282928,49106,1043,1692,"",0.72,1.06,1.05,1.09,1.23,0.93,1.30,1.15,"",0,0.0,-11,-15.7,-11,-15.9,-3,-4.9,226024,21.4,18068,58.2,342,48.8,472,38.7
"13089","5","541350","78","0","2024","4","",12,59,58,58,1282928,49106,1043,1692,"",0.72,1.06,1.05,1.09,1.23,0.93,1.30,1.15,"",0,0.0,-11,-15.7,-11,-15.9,-3,-4.9,226024,21.4,18068,58.2,342,48.8,472,38.7
"13089","5","54136","77","0","2024","4","N",1,0,0,0,0,0,0,0,"N",0.20,0,0,0,0,0,0,0,"N",1,100.0,0,0,0,0,0,0,0,0,0,0,0,0,0,0
"13089","5","541360","78","0","2024","4","N",1,0,0,0,0,0,0,0,"N",0.20,0,0,0,0,0,0,0,"N",1,100.0,0,0,0,0,0,0,0,0,0,0,0,0,0,0
"13089","5","54137","77","0","2024","4","",3,11,11,11,205832,8023,3,1439,"",0.18,0.10,0.10,0.10,0.08,0.09,0.00,0.85,"",0,0.0,1,10.0,1,10.0,-1,-8.3,-23550,-10.3,-10507,-56.7,-259,-98.9,-215,-13.0
"13089","5","541370","78","0","2024","4","",3,11,11,11,205832,8023,3,1439,"",0.18,0.10,0.10,0.10,0.08,0.09,0.00,0.85,"",0,0.0,1,10.0,1,10.0,-1,-8.3,-23550,-10.3,-10507,-56.7,-259,-98.9,-215,-13.0
"13089","5","54138","77","0","2024","4","",19,359,354,343,5456159,156144,1806,1192,"",0.85,1.03,1.01,0.98,0.62,0.63,0.58,0.61,"",3,18.8,9,2.6,-1,-0.3,-11,-3.1,-661234,-10.8,-77348,-33.1,-326,-15.3,-141,-10.6
"13089","5","541380","78","0","2024","4","",19,359,354,343,5456159,156144,1806,1192,"",0.85,1.03,1.01,0.98,0.62,0.63,0.58,0.61,"",3,18.8,9,2.6,-1,-0.3,-11,-3.1,-661234,-10.8,-77348,-33.1,-326,-15.3,-141,-10.6
"13089","5","5414","76","0","2024","4","",188,298,296,300,6421464,398587,3750,1658,"",1.98,0.98,0.97,0.99,0.84,1.57,1.09,0.86,"",2,1.1,-46,-13.4,-37,-11.1,-44,-12.8,-1351692,-17.4,79135,24.8,895,31.3,-99,-5.6
"13089","5","54141","77","0","2024","4","",75,148,145,148,2918425,195972,1845,1527,"",2.01,1.32,1.28,1.31,1.21,1.85,1.32,0.93,"",2,2.7,-6,-3.9,-11,-7.1,-23,-13.5,-408817,-12.3,10113,5.4,-97,-5.0,-69,-4.3
"13089","5","541410","78","0","2024","4","",75,148,145,148,2918425,195972,1845,1527,"",2.01,1.32,1.28,1.31,1.21,1.85,1.32,0.93,"",2,2.7,-6,-3.9,-11,-7.1,-23,-13.5,-408817,-12.3,10113,5.4,-97,-5.0,-69,-4.3
"13089","5","54142","77","0","2024","4","",7,7,6,8,177575,28807,212,1951,"",1.25,0.18,0.15,0.20,0.14,1.43,0.78,0.78,"",1,16.7,1,16.7,0,0.0,3,60.0,42835,31.8,18307,174.4,196,1225.0,122,6.7
"13089","5","541420","78","0","2024","4","",7,7,6,8,177575,28807,212,1951,"",1.25,0.18,0.15,0.20,0.14,1.43,0.78,0.78,"",1,16.7,1,16.7,0,0.0,3,60.0,42835,31.8,18307,174.4,196,1225.0,122,6.7
"13089","5","54143","77","0","2024","4","",94,127,125,125,3061249,150928,1264,1874,"",2.41,1.15,1.13,1.14,1.07,1.67,1.10,0.94,"",-1,-1.1,-42,-24.9,-29,-18.8,-24,-16.1,-870721,-22.1,34880,30.1,379,42.8,-48,-2.5
"13089","5","541430","78","0","2024","4","",94,127,125,125,3061249,150928,1264,1874,"",2.41,1.15,1.13,1.14,1.07,1.67,1.10,0.94,"",-1,-1.1,-42,-24.9,-29,-18.8,-24,-16.1,-870721,-22.1,34880,30.1,379,42.8,-48,-2.5
"13089","5","54149","77","0","2024","4","",12,16,20,19,264215,22880,429,1109,"",0.93,0.38,0.48,0.45,0.24,0.60,0.68,0.55,"",0,0.0,1,6.7,3,17.6,0,0.0,-114989,-30.3,15835,224.8,417,3475.0,-607,-35.4
"13089","5","541490","78","0","2024","4","",12,16,20,19,264215,22880,429,1109,"",0.93,0.38,0.48,0.45,0.24,0.60,0.68,0.55,"",0,0.0,1,6.7,3,17.6,0,0.0,-114989,-30.3,15835,224.8,417,3475.0,-607,-35.4
"13089","5","5415","76","0","2024","4","",775,6665,6566,6402,183685490,4337764,72189,2159,"",0.95,1.37,1.35,1.33,0.90,1.29,1.57,0.67,"",128,19.8,897,15.6,824,14.4,718,12.6,-11433464,-5.9,-2888267,-40.0,-62017,-46.2,-460,-17.6
"13089","5","54151","77","0","2024","4","",775,6665,6566,6402,183685490,4337764,72189,2159,"",0.95,1.37,1.35,1.33,0.90,1.29,1.57,0.67,"",128,19.8,897,15.6,824,14.4,718,12.6,-11433464,-5.9,-2888267,-40.0,-62017,-46.2,-460,-17.6
"13089","5","541511","78","0","2024","4","",335,2455,2462,2350,70602621,2099631,33262,2242,"",0.86,1.14,1.14,1.10,0.70,1.48,1.64,0.62,"",48,16.7,708,40.5,721,41.4,623,36.1,-9622041,-12.0,-762732,-26.6,-1121,-3.3,-1308,-36.8
"13089","5","541512","78","0","2024","4","",367,3725,3622,3576,97476638,1878802,33742,2059,"",1.05,1.63,1.59,1.58,1.12,1.15,1.57,0.70,"",69,23.2,89,2.4,7,0.2,10,0.3,-5728365,-5.6,-1713582,-47.7,-49243,-59.3,-143,-6.5
"13089","5","541513","78","0","2024","4","",17,34,34,33,893181,23563,340,2041,"",1.29,0.22,0.22,0.21,0.16,0.26,0.29,0.74,"",4,30.8,2,6.2,1,3.0,-1,-2.9,-179999,-16.8,-11798,-33.4,-119,-25.9,-461,-18.4
"13089","5","541519","78","0","2024","4","",56,451,448,443,14713050,335768,4845,2530,"",0.83,1.65,1.64,1.63,1.43,1.46,1.53,0.87,"",7,14.3,98,27.8,95,26.9,86,24.1,4096941,38.6,-400155,-54.4,-11534,-70.4,225,9.8
"13089","5","5416","76","0","2024","4","",912,3593,3591,3741,100449367,4610004,60675,2122,"",1.11,0.95,0.95,0.99,0.81,1.35,1.28,0.84,"",150,19.7,-322,-8.2,-349,-8.9,-201,-5.1,-7690544,-7.1,-365004,-7.3,-24139,-28.5,7,0.3
"13089","5","54161","77","0","2024","4","",829,3091,3084,3224,88487016,4113188,53516,2173,"",1.22,0.99,0.98,1.03,0.85,1.46,1.37,0.85,"",132,18.9,-360,-10.4,-388,-11.2,-247,-7.1,-9270966,-9.5,-571311,-12.2,-26266,-32.9,3,0.1
"13089","5","541611","78","0","2024","4","",351,1822,1837,1915,59610412,2106156,26956,2468,"",1.01,1.07,1.07,1.11,0.93,1.41,1.33,0.86,"",1,0.3,-206,-10.2,-211,-10.3,-124,-6.1,-1429170,-2.3,-591218,-21.9,-23042,-46.1,164,7.1
"13089","5","541612","78","0","2024","4","",49,192,178,230,3660946,443721,3377,1408,"",1.50,1.03,0.95,1.23,0.63,2.65,1.38,0.59,"",1,2.1,-181,-48.5,-188,-51.4,-145,-38.7,-8477645,-69.8,8697,2.0,129,4.0,-1107,-44.0
"13089","5","541613","78","0","2024","4","",268,746,737,745,16841056,1142693,15859,1744,"",1.44,1.16,1.15,1.16,0.92,1.81,1.72,0.79,"",76,39.6,62,9.1,36,5.1,45,6.4,1146248,7.3,-49498,-4.2,-4126,-20.6,7,0.4
"13089","5","541614","78","0","2024","4","",49,185,187,191,4101990,226097,3029,1681,"",1.25,0.57,0.57,0.58,0.53,0.81,0.80,0.92,"",-2,-3.9,-75,-28.8,-71,-27.5,-71,-27.1,-1418804,-25.7,19391,9.4,-284,-8.6,48,2.9
"13089","5","541618","78","0","2024","4","",112,146,145,143,4272612,194521,4295,2272,"",1.51,0.56,0.55,0.54,0.51,0.83,1.31,0.93,"",56,100.0,40,37.7,46,46.5,48,50.5,908405,27.0,41317,27.0,1057,32.6,-316,-12.2
"13089","5","54162","77","0","2024","4","",28,236,241,242,5573400,202636,2263,1789,"",0.92,1.14,1.17,1.17,1.04,1.11,1.06,0.89,"",9,47.4,-10,-4.1,-2,-0.8,-1,-0.4,234330,4.4,84945,72.2,223,10.9,106,6.3
"13089","5","541620","78","0","2024","4","",28,236,241,242,5573400,202636,2263,1789,"",0.92,1.14,1.17,1.17,1.04,1.11,1.06,0.89,"",9,47.4,-10,-4.1,-2,-0.8,-1,-0.4,234330,4.4,84945,72.2,223,10.9,106,6.3
"13089","5","54169","77","0","2024","4","",55,266,266,275,6388951,294180,4896,1827,"",0.49,0.61,0.61,0.63,0.44,0.70,0.81,0.72,"",9,19.6,48,22.0,41,18.2,47,20.6,1346092,26.7,121362,70.2,1904,63.6,93,5.4
"13089","5","541690","78","0","2024","4","",55,266,266,275,6388951,294180,4896,1827,"",0.49,0.61,0.61,0.63,0.44,0.70,0.81,0.72,"",9,19.6,48,22.0,41,18.2,47,20.6,1346092,26.7,121362,70.2,1904,63.6,93,5.4
"13089","5","5417","76","0","2024","4","",84,658,652,642,18848904,433621,9220,2228,"",0.73,0.36,0.35,0.35,0.24,0.48,0.83,0.68,"",16,23.5,-61,-8.5,-80,-10.9,-89,-12.2,1269301,7.2,-242536,-35.9,2568,38.6,369,19.8
"13089","5","54171","77","0","2024","4","",72,436,428,420,12925939,280817,5180,2323,"",0.70,0.26,0.25,0.25,0.17,0.34,0.50,0.69,"",18,33.3,45,11.5,43,11.2,33,8.5,2265774,21.3,29943,11.9,1661,47.2,208,9.8
"13089","5","541713","78","0","2024","4","N",2,0,0,0,0,0,0,0,"N",0.39,0,0,0,0,0,0,0,"N",0,0.0,0,0,0,0,0,0,0,0,0,0,0,0,0,0
"13089","5","541714","78","0","2024","4","N",25,0,0,0,0,0,0,0,"N",0.57,0,0,0,0,0,0,0,"N",6,31.6,0,0,0,0,0,0,0,0,0,0,0,0,0,0
"13089","5","541715","78","0","2024","4","",45,369,362,354,10151510,226776,4376,2159,"",0.84,0.34,0.33,0.32,0.22,0.47,0.76,0.68,"",12,36.4,42,12.8,39,12.1,31,9.6,1637902,19.2,63114,38.6,1968,81.7,140,6.9
"13089","5","54172","77","0","2024","4","",12,222,224,222,5922965,152804,4040,2046,"",0.99,1.64,1.66,1.64,1.75,2.35,5.18,1.06,"",-2,-14.3,-106,-32.3,-123,-35.4,-122,-35.5,-996473,-14.4,-272479,-64.1,907,28.9,479,30.6
"13089","5","541720","78","0","2024","4","",12,222,224,222,5922965,152804,4040,2046,"",0.99,1.64,1.66,1.64,1.75,2.35,5.18,1.06,"",-2,-14.3,-106,-32.3,-123,-35.4,-122,-35.5,-996473,-14.4,-272479,-64.1,907,28.9,479,30.6
"13089","5","5418","76","0","2024","4","",204,1552,1547,1540,53613530,1202662,14783,2667,"",1.31,1.59,1.60,1.60,1.91,1.61,1.41,1.20,"",27,15.3,143,10.1,129,9.1,135,9.6,4238586,8.6,417376,53.1,9864,200.5,-25,-0.9
"13089","5","54181","77","0","2024","4","",90,221,216,218,6751992,521041,11949,2379,"",1.18,0.52,0.51,0.52,0.47,1.80,2.64,0.90,"",15,20.0,53,31.5,49,29.3,56,34.6,1837071,37.4,382432,275.9,10257,606.2,97,4.3
"13089","5","541810","78","0","2024","4","",90,221,216,218,6751992,521041,11949,2379,"",1.18,0.52,0.51,0.52,0.47,1.80,2.64,0.90,"",15,20.0,53,31.5,49,29.3,56,34.6,1837071,37.4,382432,275.9,10257,606.2,97,4.3
"13089","5","54182","77","0","2024","4","",47,86,86,85,2111664,102541,1111,1896,"",1.58,0.62,0.67,0.67,0.41,1.00,0.64,0.63,"",3,6.8,17,24.6,20,30.3,18,26.9,562881,36.3,18718,22.3,500,81.8,127,7.2
"13089","5","541820","78","0","2024","4","",47,86,86,85,2111664,102541,1111,1896,"",1.58,0.62,0.67,0.67,0.41,1.00,0.64,0.63,"",3,6.8,17,24.6,20,30.3,18,26.9,562881,36.3,18718,22.3,500,81.8,127,7.2
"13089","5","54183","77","0","2024","4","N",3,0,0,0,0,0,0,0,"N",0.96,0,0,0,0,0,0,0,"N",0,0.0,0,0,0,0,0,0,0,0,0,0,0,0,0,0
"13089","5","541830","78","0","2024","4","N",3,0,0,0,0,0,0,0,"N",0.96,0,0,0,0,0,0,0,"N",0,0.0,0,0,0,0,0,0,0,0,0,0,0,0,0,0
"13089","5","54184","77","0","2024","4","N",8,0,0,0,0,0,0,0,"N",1.07,0,0,0,0,0,0,0,"N",4,100.0,0,0,0,0,0,0,0,0,0,0,0,0,0,0
"13089","5","541840","78","0","2024","4","N",8,0,0,0,0,0,0,0,"N",1.07,0,0,0,0,0,0,0,"N",4,100.0,0,0,0,0,0,0,0,0,0,0,0,0,0,0
"13089","5","54185","77","0","2024","4","N",11,0,0,0,0,0,0,0,"N",1.88,0,0,0,0,0,0,0,"N",0,0.0,0,0,0,0,0,0,0,0,0,0,0,0,0,0
"13089","5","541850","78","0","2024","4","N",11,0,0,0,0,0,0,0,"N",1.88,0,0,0,0,0,0,0,"N",0,0.0,0,0,0,0,0,0,0,0,0,0,0,0,0,0
"13089","5","54186","77","0","2024","4","N",8,0,0,0,0,0,0,0,"N",1.58,0,0,0,0,0,0,0,"N",1,14.3,0,0,0,0,0,0,0,0,0,0,0,0,0,0
"13089","5","541860","78","0","2024","4","N",8,0,0,0,0,0,0,0,"N",1.58,0,0,0,0,0,0,0,"N",1,14.3,0,0,0,0,0,0,0,0,0,0,0,0,0,0
"13089","5","54187","77","0","2024","4","N",5,0,0,0,0,0,0,0,"N",0.60,0,0,0,0,0,0,0,"N",1,25.0,0,0,0,0,0,0,0,0,0,0,0,0,0,0
"13089","5","541870","78","0","2024","4","N",5,0,0,0,0,0,0,0,"N",0.60,0,0,0,0,0,0,0,"N",1,25.0,0,0,0,0,0,0,0,0,0,0,0,0,0,0
"13089","5","54189","77","0","2024","4","",32,116,118,116,2706579,118480,708,1785,"",1.58,0.63,0.63,0.62,1.00,0.66,0.36,1.59,"",3,10.3,14,13.7,6,5.4,20,20.8,295561,12.3,-12545,-9.6,-1124,-61.4,-10,-0.6
"13089","5","541890","78","0","2024","4","",32,116,118,116,2706579,118480,708,1785,"",1.58,0.63,0.63,0.62,1.00,0.66,0.36,1.59,"",3,10.3,14,13.7,6,5.4,20,20.8,295561,12.3,-12545,-9.6,-1124,-61.4,-10,-0.6
"13089","5","5419","76","0","2024","4","",289,2269,2277,2265,43784123,2324876,40892,1483,"",1.05,1.28,1.28,1.27,1.22,1.31,1.98,0.95,"",49,20.4,327,16.8,294,14.8,263,13.1,7760881,21.5,142164,6.5,11704,40.1,80,5.7
"13089","5","54191","77","0","2024","4","",29,223,218,215,6804058,55012,316,2394,"",1.40,1.57,1.58,1.58,1.64,0.62,0.24,1.04,"",1,3.6,0,0.0,-13,-5.6,-19,-8.1,-249211,-3.5,-144462,-72.4,-2703,-89.5,28,1.2
"13089","5","541910","78","0","2024","4","",29,223,218,215,6804058,55012,316,2394,"",1.40,1.57,1.58,1.58,1.64,0.62,0.24,1.04,"",1,3.6,0,0.0,-13,-5.6,-19,-8.1,-249211,-3.5,-144462,-72.4,-2703,-89.5,28,1.2
"13089","5","54192","77","0","2024","4","",67,81,83,81,1405634,161180,2158,1324,"",2.02,0.78,0.79,0.75,1.12,1.15,0.84,1.45,"",13,24.1,14,20.9,13,18.6,10,14.1,165314,13.3,22255,16.0,511,31.0,-52,-3.8
"13089","5","541921","78","0","2024","4","",49,58,61,59,1018873,150076,2079,1321,"",2.06,0.72,0.75,0.70,1.23,1.31,0.95,1.70,"",16,48.5,20,52.6,21,52.5,18,43.9,258686,34.0,55300,58.3,906,77.2,-153,-10.4
"13089","5","541922","78","0","2024","4","",18,23,22,22,386761,11104,79,1332,"",1.90,0.96,0.92,0.89,0.89,0.43,0.22,0.97,"",-3,-14.3,-6,-20.7,-8,-26.7,-8,-26.7,-93372,-19.4,-33045,-74.8,-395,-83.3,87,7.0
"13089","5","54193","77","0","2024","4","",14,143,147,148,1635527,148117,1973,862,"",1.39,1.75,1.80,1.83,1.29,2.09,1.93,0.72,"",4,40.0,25,21.2,6,4.3,30,25.4,296571,22.1,-10690,-6.7,-281,-12.5,42,5.1
"13089","5","541930","78","0","2024","4","",14,143,147,148,1635527,148117,1973,862,"",1.39,1.75,1.80,1.83,1.29,2.09,1.93,0.72,"",4,40.0,25,21.2,6,4.3,30,25.4,296571,22.1,-10690,-6.7,-281,-12.5,42,5.1
"13089","5","54194","77","0","2024","4","",69,1255,1263,1255,16376841,1337165,23600,1002,"",0.99,1.34,1.35,1.33,1.15,1.42,2.88,0.86,"",6,9.5,164,15.0,180,16.6,148,13.4,3312419,25.4,406832,43.7,12477,112.2,83,9.0
"13089","5","541940","78","0","2024","4","",69,1255,1263,1255,16376841,1337165,23600,1002,"",0.99,1.34,1.35,1.33,1.15,1.42,2.88,0.86,"",6,9.5,164,15.0,180,16.6,148,13.4,3312419,25.4,406832,43.7,12477,112.2,83,9.0
"13089","5","54199","77","0","2024","4","",110,567,566,566,17562063,623402,12845,2385,"",0.77,1.10,1.10,1.10,1.17,1.16,1.70,1.06,"",25,29.4,124,28.0,108,23.6,94,19.9,4235788,31.8,-131771,-17.4,1700,15.3,145,6.5
"13089","5","541990","78","0","2024","4","",110,567,566,566,17562063,623402,12845,2385,"",0.77,1.10,1.10,1.10,1.17,1.16,1.70,1.06,"",25,29.4,124,28.0,108,23.6,94,19.9,4235788,31.8,-131771,-17.4,1700,15.3,145,6.5
"13089","5","55","74","0","2024","4","",112,4092,4083,4084,134857584,3234769,16629,2539,"",0.57,0.78,0.78,0.78,0.62,0.62,0.33,0.79,"",28,33.3,-674,-14.1,-672,-14.1,-672,-14.1,-22032211,-14.0,25547,0.8,-8608,-34.1,3,0.1
"13089","5","551","75","0","2024","4","",112,4092,4083,4084,134857584,3234769,16629,2539,"",0.57,0.78,0.78,0.78,0.62,0.62,0.33,0.79,"",28,33.3,-674,-14.1,-672,-14.1,-672,-14.1,-22032211,-14.0,25547,0.8,-8608,-34.1,3,0.1
"13089","5","5511","76","0","2024","4","",112,4092,4083,4084,134857584,3234769,16629,2539,"",0.57,0.78,0.78,0.78,0.62,0.62,0.33,0.79,"",28,33.3,-674,-14.1,-672,-14.1,-672,-14.1,-22032211,-14.0,25547,0.8,-8608,-34.1,3,0.1
"13089","5","55111","77","0","2024","4","",112,4092,4083,4084,134857584,3234769,16629,2539,"",0.57,0.78,0.78,0.78,0.62,0.62,0.33,0.79,"",28,33.3,-674,-14.1,-672,-14.1,-672,-14.1,-22032211,-14.0,25547,0.8,-8608,-34.1,3,0.1
"13089","5","551111","78","0","2024","4","N",1,0,0,0,0,0,0,0,"N",0.51,0,0,0,0,0,0,0,"N",0,0.0,0,0,0,0,0,0,0,0,0,0,0,0,0,0
"13089","5","551112","78","0","2024","4","N",39,0,0,0,0,0,0,0,"N",1.30,0,0,0,0,0,0,0,"N",22,129.4,0,0,0,0,0,0,0,0,0,0,0,0,0,0
"13089","5","551114","78","0","2024","4","",72,3825,3819,3829,125870178,3049303,14473,2532,"",0.44,0.76,0.76,0.76,0.60,0.61,0.30,0.79,"",6,9.1,-690,-15.3,-679,-15.1,-678,-15.0,-16168115,-11.4,39337,1.3,-6510,-31.0,108,4.5
"13089","5","56","74","0","2024","4","",1366,21042,20515,20334,371818631,33228118,384601,1386,"",1.01,1.14,1.11,1.12,1.32,1.35,1.08,1.18,"",203,17.5,-1880,-8.2,-2393,-10.4,-2329,-10.3,-7452305,-2.0,-6677768,-16.7,-124931,-24.5,108,8.5
"13089","5","561","75","0","2024","4","",1326,20114,19614,19450,354847119,32251239,368335,1384,"",1.04,1.15,1.13,1.13,1.37,1.36,1.08,1.20,"",194,17.1,-2063,-9.3,-2561,-11.5,-2472,-11.3,-10560858,-2.9,-6836285,-17.5,-125400,-25.4,112,8.8
"13089","5","5611","76","0","2024","4","",156,501,498,507,20370486,563537,7221,3121,"",0.93,0.40,0.40,0.40,0.57,0.59,0.62,1.43,"",69,79.3,51,11.3,45,9.9,83,19.6,4355752,27.2,87227,18.3,971,15.5,336,12.1
"13089","5","56111","77","0","2024","4","",156,501,498,507,20370486,563537,7221,3121,"",0.93,0.40,0.40,0.40,0.57,0.59,0.62,1.43,"",69,79.3,51,11.3,45,9.9,83,19.6,4355752,27.2,87227,18.3,971,15.5,336,12.1
"13089","5","561110","78","0","2024","4","",156,501,498,507,20370486,563537,7221,3121,"",0.93,0.40,0.40,0.40,0.57,0.59,0.62,1.43,"",69,79.3,51,11.3,45,9.9,83,19.6,4355752,27.2,87227,18.3,971,15.5,336,12.1
"13089","5","5612","76","0","2024","4","",23,324,317,315,6689769,221495,1503,1615,"",1.47,0.91,0.90,0.89,1.15,0.69,0.38,1.28,"",7,43.8,-61,-15.8,-66,-17.2,-69,-18.0,410818,6.5,-856530,-79.5,-21747,-93.5,357,28.4
"13089","5","56121","77","0","2024","4","",23,324,317,315,6689769,221495,1503,1615,"",1.47,0.91,0.90,0.89,1.15,0.69,0.38,1.28,"",7,43.8,-61,-15.8,-66,-17.2,-69,-18.0,410818,6.5,-856530,-79.5,-21747,-93.5,357,28.4
"13089","5","561210","78","0","2024","4","",23,324,317,315,6689769,221495,1503,1615,"",1.47,0.91,0.90,0.89,1.15,0.69,0.38,1.28,"",7,43.8,-61,-15.8,-66,-17.2,-69,-18.0,410818,6.5,-856530,-79.5,-21747,-93.5,357,28.4
"13089","5","5613","76","0","2024","4","",391,9445,9257,9226,171679564,22156508,250213,1419,"",1.32,1.41,1.37,1.38,1.79,1.80,1.31,1.29,"",49,14.3,-517,-5.2,-1157,-11.1,-1024,-10.0,-418877,-0.2,-2401264,-9.8,-4811,-1.9,122,9.4
"13089","5","56131","77","0","2024","4","",109,485,516,497,9718335,1566542,30403,1497,"",1.53,0.83,0.88,0.85,0.83,1.71,1.95,0.97,"",11,11.2,52,12.0,105,25.5,90,22.1,1777933,22.4,453241,40.7,8717,40.2,32,2.2
"13089","5","561311","78","0","2024","4","",74,277,306,288,5272021,820885,17311,1397,"",1.38,0.55,0.60,0.57,0.61,0.99,1.24,1.07,"",4,5.7,-55,-16.6,-16,-5.0,-27,-8.6,-64037,-1.2,-73131,-8.2,-1390,-7.4,126,9.9
"13089","5","561312","78","0","2024","4","",35,208,210,209,4446314,745657,13092,1636,"",1.99,2.69,2.72,2.72,1.43,8.33,8.10,0.53,"",7,25.0,107,105.9,121,136.0,117,127.2,1841970,70.7,526372,240.0,10107,338.6,-495,-23.2
"13089","5","56132","77","0","2024","4","",157,8228,8023,8009,147952336,19495428,207183,1407,"",0.84,1.57,1.51,1.52,2.23,1.88,1.30,1.45,"",14,9.8,308,3.9,-403,-4.8,-357,-4.3,6189880,4.4,-1064291,-5.2,19668,10.5,83,6.3
"13089","5","561320","78","0","2024","4","",157,8228,8023,8009,147952336,19495428,207183,1407,"",0.84,1.57,1.51,1.52,2.23,1.88,1.30,1.45,"",14,9.8,308,3.9,-403,-4.8,-357,-4.3,6189880,4.4,-1064291,-5.2,19668,10.5,83,6.3
"13089","5","56133","77","0","2024","4","",125,732,718,720,14008893,1094538,12627,1490,"",3.22,0.86,0.83,0.84,0.79,1.03,0.78,0.93,"",24,23.8,-877,-54.5,-859,-54.5,-757,-51.3,-8386690,-37.4,-1790214,-62.1,-33196,-72.4,382,34.5
"13089","5","561330","78","0","2024","4","",125,732,718,720,14008893,1094538,12627,1490,"",3.22,0.86,0.83,0.84,0.79,1.03,0.78,0.93,"",24,23.8,-877,-54.5,-859,-54.5,-757,-51.3,-8386690,-37.4,-1790214,-62.1,-33196,-72.4,382,34.5
"13089","5","5614","76","0","2024","4","",170,3612,3639,3626,83893943,1282909,31924,1780,"",1.41,2.63,2.64,2.63,3.62,0.92,1.82,1.38,"",32,23.2,-392,-9.8,-422,-10.4,-479,-11.7,-4725140,-5.3,-2116219,-62.3,-35195,-52.4,100,6.0
"13089","5","56141","77","0","2024","4","",25,40,39,32,665147,54221,315,1383,"",1.64,0.53,0.52,0.43,0.61,0.81,0.47,1.25,"N",12,92.3,0,0,0,0,0,0,0,0,0,0,0,0,0,0
"13089","5","561410","78","0","2024","4","",25,40,39,32,665147,54221,315,1383,"",1.64,0.53,0.52,0.43,0.61,0.81,0.47,1.25,"N",12,92.3,0,0,0,0,0,0,0,0,0,0,0,0,0,0
"13089","5","56142","77","0","2024","4","",21,241,245,231,3830477,462305,18992,1233,"",0.69,0.34,0.34,0.33,0.38,0.59,1.90,1.12,"",-1,-4.5,-417,-63.4,-480,-66.2,-492,-68.0,-7852800,-67.2,-1833928,-79.9,-28612,-60.1,-47,-3.7
"13089","5","561421","78","0","2024","4","N",2,0,0,0,0,0,0,0,"N",0.31,0,0,0,0,0,0,0,"N",1,100.0,0,0,0,0,0,0,0,0,0,0,0,0,0,0
"13089","5","561422","78","0","2024","4","N",19,0,0,0,0,0,0,0,"N",0.79,0,0,0,0,0,0,0,"N",-2,-9.5,0,0,0,0,0,0,0,0,0,0,0,0,0,0
"13089","5","56143","77","0","2024","4","",41,187,188,197,1727663,179602,1437,697,"",1.84,1.22,1.23,1.27,0.92,1.20,0.87,0.74,"",0,0.0,-261,-58.3,-263,-58.3,-264,-57.3,-5481939,-76.0,-132601,-42.5,-415,-22.4,-526,-43.0
"13089","5","561431","78","0","2024","4","",13,85,83,95,691204,121566,1195,606,"",1.18,1.20,1.16,1.30,1.05,1.48,1.32,0.86,"",-5,-27.8,-16,-15.8,-22,-21.0,-20,-17.4,-152886,-18.1,-56244,-31.6,-389,-24.6,-1,-0.2
"13089","5","561439","78","0","2024","4","",28,102,105,102,1036459,58036,242,774,"",2.47,1.24,1.29,1.24,0.84,0.85,0.32,0.67,"",5,21.7,-245,-70.6,-241,-69.7,-244,-70.5,-5329053,-83.7,-76357,-56.8,-26,-9.7,-640,-45.3
"13089","5","56144","77","0","2024","4","",15,125,133,131,1804934,187380,7393,1071,"",1.24,0.72,0.76,0.75,0.57,1.22,4.11,0.77,"",-1,-6.2,-10,-7.4,-1,-0.7,-3,-2.2,-304390,-14.4,9321,5.2,937,14.5,-137,-11.3
"13089","5","561440","78","0","2024","4","",15,125,133,131,1804934,187380,7393,1071,"",1.24,0.72,0.76,0.75,0.57,1.22,4.11,0.77,"",-1,-6.2,-10,-7.4,-1,-0.7,-3,-2.2,-304390,-14.4,9321,5.2,937,14.5,-137,-11.3
"13089","5","56145","77","0","2024","4","",4,24,24,24,579297,15045,406,1857,"",1.59,0.56,0.56,0.56,0.31,0.80,1.69,0.56,"N",0,0.0,0,0,0,0,0,0,0,0,0,0,0,0,0,0
"13089","5","561450","78","0","2024","4","",4,24,24,24,579297,15045,406,1857,"",1.59,0.56,0.56,0.56,0.31,0.80,1.69,0.56,"N",0,0.0,0,0,0,0,0,0,0,0,0,0,0,0,0,0
"13089","5","56149","77","0","2024","4","",64,2995,3010,3011,75286425,384356,3381,1927,"",1.69,13.25,13.75,13.80,14.96,1.80,1.06,1.10,"",22,52.4,286,10.6,314,11.6,284,10.4,8525352,12.8,23927,6.6,-1334,-28.3,32,1.7
"13089","5","561491","78","0","2024","4","",5,108,120,111,1886043,210392,786,1284,"",3.02,7.34,8.10,7.43,8.53,14.07,3.86,1.12,"N",0,0.0,0,0,0,0,0,0,0,0,0,0,0,0,0,0
"13089","5","561492","78","0","2024","4","N",8,0,0,0,0,0,0,0,"N",1.28,0,0,0,0,0,0,0,"N",2,33.3,0,0,0,0,0,0,0,0,0,0,0,0,0,0
"13089","5","561499","78","0","2024","4","N",51,0,0,0,0,0,0,0,"N",1.70,0,0,0,0,0,0,0,"N",20,64.5,0,0,0,0,0,0,0,0,0,0,0,0,0,0
"13089","5","5615","76","0","2024","4","",67,331,318,308,5483271,261415,2954,1322,"",1.50,0.88,0.86,0.83,0.57,0.87,0.82,0.66,"",5,8.1,-25,-7.0,-43,-11.9,-48,-13.5,-802755,-12.8,-149188,-36.3,-1095,-27.0,-30,-2.2
"13089","5","56151","77","0","2024","4","",46,125,118,117,2242645,33884,136,1438,"",1.74,0.82,0.77,0.77,0.55,0.29,0.10,0.70,"",6,15.0,8,6.8,-2,-1.7,-6,-4.9,-84971,-3.7,-52662,-60.8,-767,-84.9,-54,-3.6
"13089","5","561510","78","0","2024","4","",46,125,118,117,2242645,33884,136,1438,"",1.74,0.82,0.77,0.77,0.55,0.29,0.10,0.70,"",6,15.0,8,6.8,-2,-1.7,-6,-4.9,-84971,-3.7,-52662,-60.8,-767,-84.9,-54,-3.6
"13089","5","56152","77","0","2024","4","",9,36,35,34,628473,50127,500,1381,"",1.31,0.72,0.75,0.74,0.72,0.82,0.66,0.97,"",1,12.5,9,33.3,8,29.6,7,25.9,144068,29.7,11080,28.4,-413,-45.2,1,0.1
"13089","5","561520","78","0","2024","4","",9,36,35,34,628473,50127,500,1381,"",1.31,0.72,0.75,0.74,0.72,0.82,0.66,0.97,"",1,12.5,9,33.3,8,29.6,7,25.9,144068,29.7,11080,28.4,-413,-45.2,1,0.1
"13089","5","56159","77","0","2024","4","",12,170,165,157,2612153,177404,2318,1225,"",1.06,0.99,0.96,0.91,0.56,1.43,1.56,0.59,"",-2,-14.3,-42,-19.8,-49,-22.9,-49,-23.8,-861852,-24.8,-107606,-37.8,85,3.8,-44,-3.5
"13089","5","561591","78","0","2024","4","",4,15,15,16,234372,18139,157,1176,"",2.03,0.80,0.81,0.86,0.61,1.33,0.84,0.75,"",-3,-42.9,-39,-72.2,-35,-70.0,-33,-67.3,-806756,-77.5,-53048,-74.5,-19,-10.8,-394,-25.1
"13089","5","561599","78","0","2024","4","",8,155,150,141,2377781,159265,2161,1230,"",0.85,1.01,0.98,0.92,0.55,1.44,1.66,0.57,"",1,14.3,-3,-1.9,-14,-8.5,-16,-10.2,-55096,-2.3,-54558,-25.5,104,5.1,58,4.9
"13089","5","5616","76","0","2024","4","",86,1789,1797,1776,18926023,2734307,18616,815,"",1.12,0.84,0.85,0.85,0.74,1.14,0.60,0.87,"",4,4.9,-950,-34.7,-883,-32.9,-885,-33.3,-8308719,-30.5,-1797566,-39.7,-44125,-70.3,37,4.8
"13089","5","56161","77","0","2024","4","",53,1573,1582,1563,14284939,2611535,17185,699,"",1.14,0.87,0.88,0.89,0.75,1.22,0.61,0.85,"",1,1.9,-863,-35.4,-798,-33.5,-803,-33.9,-6993858,-32.9,-1760779,-40.3,-41947,-70.9,15,2.2
"13089","5","561611","78","0","2024","4","",6,9,8,4,207632,15900,7,2282,"",0.54,0.11,0.10,0.05,0.14,0.20,0.01,1.67,"",0,0.0,4,80.0,2,33.3,1,33.3,100581,94.0,15900,100.0,7,100.0,517,29.3
"13089","5","561612","78","0","2024","4","",47,1564,1574,1559,14077307,2595635,17178,692,"",1.40,0.94,0.95,0.96,0.84,1.29,0.65,0.89,"",1,2.2,-867,-35.7,-800,-33.7,-804,-34.0,-7094439,-33.5,-1776679,-40.6,-41954,-70.9,10,1.5
"13089","5","56162","77","0","2024","4","",33,216,215,213,4641084,122772,1431,1663,"",1.10,0.68,0.68,0.67,0.70,0.46,0.49,1.04,"",3,10.0,-87,-28.7,-85,-28.3,-82,-27.8,-1314861,-22.1,-36787,-23.1,-2178,-60.3,132,8.6
"13089","5","561621","78","0","2024","4","",21,197,197,195,4364875,108239,1185,1710,"",0.97,0.70,0.70,0.68,0.72,0.46,0.45,1.04,"",-1,-4.5,-91,-31.6,-89,-31.1,-86,-30.6,-1401648,-24.3,-3519,-3.1,-877,-42.5,154,9.9
"13089","5","561622","78","0","2024","4","",12,19,18,18,276209,14533,246,1159,"",1.45,0.55,0.52,0.52,0.50,0.49,0.90,0.94,"",4,50.0,4,26.7,4,28.6,4,28.6,86787,45.8,-33268,-69.6,-1301,-84.1,142,14.0
"13089","5","5617","76","0","2024","4","",373,3233,2942,2874,39026280,3819487,46121,995,"",0.76,0.70,0.65,0.66,0.75,0.74,0.65,1.12,"",29,8.4,-164,-4.8,-35,-1.2,-7,-0.2,450451,1.2,283703,8.0,-14072,-23.4,33,3.4
"13089","5","56171","77","0","2024","4","",32,477,446,419,5658639,431143,4526,973,"",0.94,1.55,1.48,1.41,1.23,1.68,1.61,0.83,"N",1,3.2,0,0,0,0,0,0,0,0,0,0,0,0,0,0
"13089","5","561710","78","0","2024","4","",32,477,446,419,5658639,431143,4526,973,"",0.94,1.55,1.48,1.41,1.23,1.68,1.61,0.83,"N",1,3.2,0,0,0,0,0,0,0,0,0,0,0,0,0,0
"13089","5","56172","77","0","2024","4","",143,993,1037,1024,9608595,1648267,24286,726,"",0.88,0.46,0.49,0.48,0.51,0.66,0.91,1.07,"",9,6.7,-131,-11.7,-94,-8.3,-95,-8.5,-520315,-5.1,-246075,-13.0,-21860,-47.4,33,4.8
"13089","5","561720","78","0","2024","4","",143,993,1037,1024,9608595,1648267,24286,726,"",0.88,0.46,0.49,0.48,0.51,0.66,0.91,1.07,"",9,6.7,-131,-11.7,-94,-8.3,-95,-8.5,-520315,-5.1,-246075,-13.0,-21860,-47.4,33,4.8
"13089","5","56173","77","0","2024","4","",169,1177,1197,1175,19742819,1494538,15214,1284,"",0.71,0.62,0.66,0.71,0.79,0.70,0.42,1.20,"",20,13.4,-69,-5.5,-35,-2.8,-5,-0.4,-233858,-1.2,418643,38.9,6186,68.5,24,1.9
"13089","5","561730","78","0","2024","4","",169,1177,1197,1175,19742819,1494538,15214,1284,"",0.71,0.62,0.66,0.71,0.79,0.70,0.42,1.20,"",20,13.4,-69,-5.5,-35,-2.8,-5,-0.4,-233858,-1.2,418643,38.9,6186,68.5,24,1.9
"13089","5","56174","77","0","2024","4","",6,125,123,125,2354046,103608,326,1456,"",0.45,1.73,1.72,1.77,2.63,1.23,0.34,1.51,"N",-1,-14.3,0,0,0,0,0,0,0,0,0,0,0,0,0,0
"13089","5","561740","78","0","2024","4","",6,125,123,125,2354046,103608,326,1456,"",0.45,1.73,1.72,1.77,2.63,1.23,0.34,1.51,"N",-1,-14.3,0,0,0,0,0,0,0,0,0,0,0,0,0,0
"13089","5","56179","77","0","2024","4","",23,461,139,131,1662181,141931,1769,525,"",0.56,2.04,0.63,0.61,0.53,0.59,0.46,0.48,"",0,0.0,1,0.2,24,20.9,29,28.4,239473,16.8,-23324,-14.1,-269,-13.2,40,8.2
"13089","5","561790","78","0","2024","4","",23,461,139,131,1662181,141931,1769,525,"",0.56,2.04,0.63,0.61,0.53,0.59,0.46,0.48,"",0,0.0,1,0.2,24,20.9,29,28.4,239473,16.8,-23324,-14.1,-269,-13.2,40,8.2
"13089","5","5619","76","0","2024","4","",60,879,846,818,8777783,1211581,9783,797,"",0.94,1.30,1.28,1.24,0.80,1.55,0.78,0.63,"",-1,-1.6,-5,-0.6,0,0.0,-43,-5.0,-1522388,-14.8,113552,10.3,-5326,-35.3,-120,-13.1
"13089","5","56191","77","0","2024","4","N",1,0,0,0,0,0,0,0,"N",0.17,0,0,0,0,0,0,0,"N",-1,-50.0,0,0,0,0,0,0,0,0,0,0,0,0,0,0
"13089","5","561910","78","0","2024","4","N",1,0,0,0,0,0,0,0,"N",0.17,0,0,0,0,0,0,0,"N",-1,-50.0,0,0,0,0,0,0,0,0,0,0,0,0,0,0
"13089","5","56192","77","0","2024","4","N",26,0,0,0,0,0,0,0,"N",1.66,0,0,0,0,0,0,0,"N",-3,-10.3,0,0,0,0,0,0,0,0,0,0,0,0,0,0
"13089","5","561920","78","0","2024","4","N",26,0,0,0,0,0,0,0,"N",1.66,0,0,0,0,0,0,0,"N",-3,-10.3,0,0,0,0,0,0,0,0,0,0,0,0,0,0
"13089","5","56199","77","0","2024","4","",33,685,671,647,6045329,846939,6769,696,"",0.78,1.62,1.60,1.54,0.93,1.66,0.89,0.58,"",3,10.0,42,6.5,47,7.5,13,2.1,673541,12.5,60120,7.6,-5340,-44.1,44,6.7
"13089","5","561990","78","0","2024","4","",33,685,671,647,6045329,846939,6769,696,"",0.78,1.62,1.60,1.54,0.93,1.66,0.89,0.58,"",3,10.0,42,6.5,47,7.5,13,2.1,673541,12.5,60120,7.6,-5340,-44.1,44,6.7
"13089","5","562","75","0","2024","4","",40,928,901,884,16971512,976879,16266,1444,"",0.56,0.90,0.88,0.86,0.76,0.99,1.24,0.86,"",9,29.0,183,24.6,168,22.9,143,19.3,3108553,22.4,158517,19.4,469,3.0,2,0.1
"13089","5","5621","76","0","2024","4","",13,543,547,535,9712723,609490,8852,1379,"",0.47,1.24,1.24,1.22,1.03,1.47,1.88,0.83,"",5,62.5,65,13.6,79,16.9,67,14.3,1461890,17.7,137688,29.2,1293,17.1,32,2.4
"13089","5","56211","77","0","2024","4","",13,543,547,535,9712723,609490,8852,1379,"",0.47,1.24,1.24,1.22,1.03,1.47,1.88,0.83,"",5,62.5,65,13.6,79,16.9,67,14.3,1461890,17.7,137688,29.2,1293,17.1,32,2.4
"13089","5","562111","78","0","2024","4","N",10,0,0,0,0,0,0,0,"N",0.47,0,0,0,0,0,0,0,"N",2,25.0,0,0,0,0,0,0,0,0,0,0,0,0,0,0
"13089","5","562119","78","0","2024","4","N",3,0,0,0,0,0,0,0,"N",0.63,0,0,0,0,0,0,0,"N",3,100.0,0,0,0,0,0,0,0,0,0,0,0,0,0,0
"13089","5","5622","76","0","2024","4","N",6,0,0,0,0,0,0,0,"N",0.66,0,0,0,0,0,0,0,"N",1,20.0,0,0,0,0,0,0,0,0,0,0,0,0,0,0
"13089","5","56221","77","0","2024","4","N",6,0,0,0,0,0,0,0,"N",0.66,0,0,0,0,0,0,0,"N",1,20.0,0,0,0,0,0,0,0,0,0,0,0,0,0,0
"13089","5","562211","78","0","2024","4","N",3,0,0,0,0,0,0,0,"N",1.08,0,0,0,0,0,0,0,"N",0,0.0,0,0,0,0,0,0,0,0,0,0,0,0,0,0
"13089","5","562212","78","0","2024","4","N",2,0,0,0,0,0,0,0,"N",0.61,0,0,0,0,0,0,0,"N",1,100.0,0,0,0,0,0,0,0,0,0,0,0,0,0,0
"13089","5","562219","78","0","2024","4","N",1,0,0,0,0,0,0,0,"N",0.37,0,0,0,0,0,0,0,"N",0,0.0,0,0,0,0,0,0,0,0,0,0,0,0,0,0
"13089","5","5629","76","0","2024","4","N",21,0,0,0,0,0,0,0,"N",0.60,0,0,0,0,0,0,0,"N",3,16.7,0,0,0,0,0,0,0,0,0,0,0,0,0,0
"13089","5","56291","77","0","2024","4","",9,109,112,107,2240616,194164,4530,1576,"",0.51,0.55,0.57,0.54,0.50,0.83,1.04,0.90,"",1,12.5,-4,-3.5,-5,-4.3,-1,-0.9,-170097,-7.1,-44092,-18.5,-2229,-33.0,-70,-4.3
"13089","5","562910","78","0","2024","4","",9,109,112,107,2240616,194164,4530,1576,"",0.51,0.55,0.57,0.54,0.50,0.83,1.04,0.90,"",1,12.5,-4,-3.5,-5,-4.3,-1,-0.9,-170097,-7.1,-44092,-18.5,-2229,-33.0,-70,-4.3
"13089","5","56292","77","0","2024","4","N",4,0,0,0,0,0,0,0,"N",1.14,0,0,0,0,0,0,0,"N",1,33.3,0,0,0,0,0,0,0,0,0,0,0,0,0,0
"13089","5","562920","78","0","2024","4","N",4,0,0,0,0,0,0,0,"N",1.14,0,0,0,0,0,0,0,"N",1,33.3,0,0,0,0,0,0,0,0,0,0,0,0,0,0
"13089","5","56299","77","0","2024","4","",8,137,128,126,2327360,84339,2085,1374,"",0.56,1.15,1.08,1.07,1.04,0.63,1.16,0.95,"",1,14.3,89,185.4,81,172.3,79,168.1,1499778,181.2,51995,160.8,1275,157.4,29,2.2
"13089","5","562991","78","0","2024","4","N",4,0,0,0,0,0,0,0,"N",0.45,0,0,0,0,0,0,0,"N",1,33.3,0,0,0,0,0,0,0,0,0,0,0,0,0,0
"13089","5","562998","78","0","2024","4","N",4,0,0,0,0,0,0,0,"N",0.75,0,0,0,0,0,0,0,"N",0,0.0,0,0,0,0,0,0,0,0,0,0,0,0,0,0
"13089","5","61","74","0","2024","4","",400,23061,23151,22948,784149922,5414318,68140,2617,"",1.22,3.48,3.47,3.48,7.16,1.74,1.95,2.06,"",39,10.8,310,1.4,338,1.5,280,1.2,100726772,14.7,-330989,-5.8,-9286,-12.0,306,13.2
"13089","5","611","75","0","2024","4","",400,23061,23151,22948,784149922,5414318,68140,2617,"",1.22,3.48,3.47,3.48,7.16,1.74,1.95,2.06,"",39,10.8,310,1.4,338,1.5,280,1.2,100726772,14.7,-330989,-5.8,-9286,-12.0,306,13.2
"13089","5","6111","76","0","2024","4","",76,2742,2707,2710,41117150,1693046,16125,1163,"",1.78,1.37,1.35,1.35,1.48,1.59,1.60,1.09,"",2,2.7,10,0.4,-68,-2.5,-47,-1.7,2554554,6.6,-591424,-25.9,-11578,-41.8,86,8.0
"13089","5","61111","77","0","2024","4","",76,2742,2707,2710,41117150,1693046,16125,1163,"",1.78,1.37,1.35,1.35,1.48,1.59,1.60,1.09,"",2,2.7,10,0.4,-68,-2.5,-47,-1.7,2554554,6.6,-591424,-25.9,-11578,-41.8,86,8.0
"13089","5","611110","78","0","2024","4","",76,2742,2707,2710,41117150,1693046,16125,1163,"",1.78,1.37,1.35,1.35,1.48,1.59,1.60,1.09,"",2,2.7,10,0.4,-68,-2.5,-47,-1.7,2554554,6.6,-591424,-25.9,-11578,-41.8,86,8.0
"13089","5","6112","76","0","2024","4","N",3,0,0,0,0,0,0,0,"N",1.40,0,0,0,0,0,0,0,"N",-1,-25.0,0,0,0,0,0,0,0,0,0,0,0,0,0,0
"13089","5","61121","77","0","2024","4","N",3,0,0,0,0,0,0,0,"N",1.40,0,0,0,0,0,0,0,"N",-1,-25.0,0,0,0,0,0,0,0,0,0,0,0,0,0,0
"13089","5","611210","78","0","2024","4","N",3,0,0,0,0,0,0,0,"N",1.40,0,0,0,0,0,0,0,"N",-1,-25.0,0,0,0,0,0,0,0,0,0,0,0,0,0,0
"13089","5","6113","76","0","2024","4","",20,18292,18371,18269,721173158,1347806,23000,3030,"",0.73,6.83,6.81,6.93,12.56,4.26,7.73,1.83,"",4,25.0,260,1.4,335,1.9,311,1.7,99575345,16.0,173238,14.7,2077,9.9,375,14.1
"13089","5","61131","77","0","2024","4","",20,18292,18371,18269,721173158,1347806,23000,3030,"",0.73,6.83,6.81,6.93,12.56,4.26,7.73,1.83,"",4,25.0,260,1.4,335,1.9,311,1.7,99575345,16.0,173238,14.7,2077,9.9,375,14.1
"13089","5","611310","78","0","2024","4","",20,18292,18371,18269,721173158,1347806,23000,3030,"",0.73,6.83,6.81,6.93,12.56,4.26,7.73,1.83,"",4,25.0,260,1.4,335,1.9,311,1.7,99575345,16.0,173238,14.7,2077,9.9,375,14.1
"13089","5","6114","76","0","2024","4","",75,201,211,203,3565341,233297,3335,1338,"",1.91,1.28,1.35,1.30,0.84,1.90,1.96,0.64,"",16,27.1,-32,-13.7,-17,-7.5,-11,-5.1,-1543127,-30.2,9925,4.4,-347,-9.4,-408,-23.4
"13089","5","61141","77","0","2024","4","N",2,0,0,0,0,0,0,0,"N",2.50,0,0,0,0,0,0,0,"N",0,0.0,0,0,0,0,0,0,0,0,0,0,0,0,0,0
"13089","5","611410","78","0","2024","4","N",2,0,0,0,0,0,0,0,"N",2.50,0,0,0,0,0,0,0,"N",0,0.0,0,0,0,0,0,0,0,0,0,0,0,0,0,0
"13089","5","61142","77","0","2024","4","N",22,0,0,0,0,0,0,0,"N",2.60,0,0,0,0,0,0,0,"N",5,29.4,0,0,0,0,0,0,0,0,0,0,0,0,0,0
"13089","5","611420","78","0","2024","4","N",22,0,0,0,0,0,0,0,"N",2.60,0,0,0,0,0,0,0,"N",5,29.4,0,0,0,0,0,0,0,0,0,0,0,0,0,0
"13089","5","61143","77","0","2024","4","",51,114,122,115,2144640,138735,2281,1410,"",1.70,1.02,1.09,1.04,0.72,1.59,1.96,0.69,"N",11,27.5,0,0,0,0,0,0,0,0,0,0,0,0,0,0
"13089","5","611430","78","0","2024","4","",51,114,122,115,2144640,138735,2281,1410,"",1.70,1.02,1.09,1.04,0.72,1.59,1.96,0.69,"N",11,27.5,0,0,0,0,0,0,0,0,0,0,0,0,0,0
"13089","5","6115","76","0","2024","4","N",25,0,0,0,0,0,0,0,"N",1.05,0,0,0,0,0,0,0,"N",4,19.0,0,0,0,0,0,0,0,0,0,0,0,0,0,0
"13089","5","61151","77","0","2024","4","N",25,0,0,0,0,0,0,0,"N",1.05,0,0,0,0,0,0,0,"N",4,19.0,0,0,0,0,0,0,0,0,0,0,0,0,0,0
"13089","5","611511","78","0","2024","4","",7,40,40,20,362377,39839,875,836,"",1.80,1.07,1.07,0.53,0.82,0.98,1.64,0.92,"",1,16.7,10,33.3,9,29.0,-10,-33.3,80723,28.7,5563,16.2,-20,-2.2,122,17.1
"13089","5","611512","78","0","2024","4","",4,8,9,8,92942,3658,1,858,"",1.14,0.14,0.16,0.14,0.08,0.07,0.00,0.54,"N",0,0.0,0,0,0,0,0,0,0,0,0,0,0,0,0,0
"13089","5","611513","78","0","2024","4","N",1,0,0,0,0,0,0,0,"N",0.31,0,0,0,0,0,0,0,"N",0,0.0,0,0,0,0,0,0,0,0,0,0,0,0,0,0
"13089","5","611519","78","0","2024","4","",13,84,117,119,1343412,193816,4802,969,"",0.99,0.65,0.90,0.93,0.66,1.68,2.97,0.80,"",3,30.0,-43,-33.9,-5,-4.1,-3,-2.5,11436,0.9,76268,64.9,2843,145.1,140,16.9
"13089","5","6116","76","0","2024","4","",142,1350,1359,1324,10608447,1542914,15041,607,"",1.10,1.26,1.25,1.23,1.34,1.62,1.32,1.07,"",3,2.2,89,7.1,82,6.4,55,4.3,178672,1.7,40454,2.7,-1422,-8.6,-25,-4.0
"13089","5","61161","77","0","2024","4","N",32,0,0,0,0,0,0,0,"N",1.02,0,0,0,0,0,0,0,"N",2,6.7,0,0,0,0,0,0,0,0,0,0,0,0,0,0
"13089","5","611610","78","0","2024","4","N",32,0,0,0,0,0,0,0,"N",1.02,0,0,0,0,0,0,0,"N",2,6.7,0,0,0,0,0,0,0,0,0,0,0,0,0,0
"13089","5","61162","77","0","2024","4","",40,413,412,407,3738672,486803,4930,700,"",0.95,1.14,1.13,1.12,1.62,1.54,1.39,1.43,"",5,14.3,54,15.0,57,16.1,58,16.6,445510,13.5,71368,17.2,7,0.1,-15,-2.1
"13089","5","611620","78","0","2024","4","",40,413,412,407,3738672,486803,4930,700,"",0.95,1.14,1.13,1.12,1.62,1.54,1.39,1.43,"",5,14.3,54,15.0,57,16.1,58,16.6,445510,13.5,71368,17.2,7,0.1,-15,-2.1
"13089","5","61163","77","0","2024","4","N",6,0,0,0,0,0,0,0,"N",1.50,0,0,0,0,0,0,0,"N",0,0.0,0,0,0,0,0,0,0,0,0,0,0,0,0,0
"13089","5","611630","78","0","2024","4","N",6,0,0,0,0,0,0,0,"N",1.50,0,0,0,0,0,0,0,"N",0,0.0,0,0,0,0,0,0,0,0,0,0,0,0,0,0
"13089","5","61169","77","0","2024","4","",64,507,516,507,3226446,577317,7680,487,"",1.24,1.22,1.23,1.22,0.87,1.49,1.53,0.71,"",-4,-5.9,14,2.8,2,0.4,-22,-4.2,19463,0.6,-5440,-0.9,-1224,-13.7,5,1.0
"13089","5","611691","78","0","2024","4","",36,409,422,407,2524101,469322,6851,471,"",1.61,1.92,1.94,1.89,1.44,2.56,2.68,0.75,"",-2,-5.3,-4,-1.0,-9,-2.1,-22,-5.1,-75236,-2.9,3715,0.8,-636,-8.5,0,0.0
"13089","5","611692","78","0","2024","4","",9,24,24,26,280692,42115,154,875,"",1.67,0.73,0.73,0.80,1.10,1.20,0.42,1.46,"",1,12.5,0,0.0,1,4.3,2,8.3,14354,5.4,3342,8.6,-444,-74.2,9,1.0
"13089","5","611699","78","0","2024","4","",19,74,70,74,421653,65880,675,446,"",0.79,0.44,0.41,0.44,0.25,0.39,0.32,0.58,"",-3,-13.6,18,32.1,10,16.7,-2,-2.6,80345,23.5,-12497,-15.9,-144,-17.6,36,8.8
"13089","5","6117","76","0","2024","4","",59,249,242,242,4575728,318417,3620,1441,"",0.93,0.60,0.58,0.58,0.62,0.83,0.71,1.06,"N",11,22.9,0,0,0,0,0,0,0,0,0,0,0,0,0,0
"13089","5","61171","77","0","2024","4","",59,249,242,242,4575728,318417,3620,1441,"",0.93,0.60,0.58,0.58,0.62,0.83,0.71,1.06,"N",11,22.9,0,0,0,0,0,0,0,0,0,0,0,0,0,0
"13089","5","611710","78","0","2024","4","",59,249,242,242,4575728,318417,3620,1441,"",0.93,0.60,0.58,0.58,0.62,0.83,0.71,1.06,"N",11,22.9,0,0,0,0,0,0,0,0,0,0,0,0,0,0
"13089","5","62","74","0","2024","4","",2670,49311,49650,49599,938534229,32922403,398369,1458,"",0.66,1.10,1.10,1.09,1.21,1.04,1.15,1.11,"",146,5.8,-686,-1.4,-673,-1.3,-707,-1.4,45820922,5.1,-1914981,-5.5,-40369,-9.2,90,6.6
"13089","5","621","75","0","2024","4","",1882,18734,18745,18700,342158555,18025794,211975,1406,"",1.30,1.05,1.05,1.04,0.92,1.22,1.33,0.88,"",130,7.4,-3721,-16.6,-3798,-16.8,-3846,-17.1,-70186163,-17.0,-2275156,-11.2,-72848,-25.6,-3,-0.2
"13089","5","6211","76","0","2024","4","",580,7179,7229,7152,178575235,3807174,47332,1911,"",1.24,1.21,1.21,1.19,0.97,0.95,1.19,0.80,"",44,8.2,-168,-2.3,-173,-2.3,-211,-2.9,1503457,0.8,-830064,-17.9,-16478,-25.8,63,3.4
"13089","5","62111","77","0","2024","4","",580,7179,7229,7152,178575235,3807174,47332,1911,"",1.24,1.21,1.21,1.19,0.97,0.95,1.19,0.80,"",44,8.2,-168,-2.3,-173,-2.3,-211,-2.9,1503457,0.8,-830064,-17.9,-16478,-25.8,63,3.4
"13089","5","621111","78","0","2024","4","",528,6959,7002,6930,174527403,3452715,41575,1928,"",1.21,1.20,1.21,1.19,0.96,0.90,1.10,0.80,"",39,8.0,-168,-2.4,-175,-2.4,-201,-2.8,1685827,1.0,-865236,-20.0,-17222,-29.3,67,3.6
"13089","5","621112","78","0","2024","4","",52,220,227,222,4047832,354459,5757,1396,"",1.64,1.30,1.34,1.31,1.12,2.22,2.84,0.85,"",5,10.6,0,0.0,2,0.9,-10,-4.3,-182370,-4.3,35172,11.0,744,14.8,-46,-3.2
"13089","5","6212","76","0","2024","4","",303,1936,1875,1895,33914610,1890516,21753,1372,"",1.14,0.93,0.89,0.90,0.89,0.85,1.03,0.98,"",12,4.1,20,1.0,-16,-0.8,5,0.3,2081416,6.5,-471757,-20.0,-4429,-16.9,83,6.4
"13089","5","62121","77","0","2024","4","",303,1936,1875,1895,33914610,1890516,21753,1372,"",1.14,0.93,0.89,0.90,0.89,0.85,1.03,0.98,"",12,4.1,20,1.0,-16,-0.8,5,0.3,2081416,6.5,-471757,-20.0,-4429,-16.9,83,6.4
"13089","5","621210","78","0","2024","4","",303,1936,1875,1895,33914610,1890516,21753,1372,"",1.14,0.93,0.89,0.90,0.89,0.85,1.03,0.98,"",12,4.1,20,1.0,-16,-0.8,5,0.3,2081416,6.5,-471757,-20.0,-4429,-16.9,83,6.4
"13089","5","6213","76","0","2024","4","",563,2472,2490,2464,33805884,3260969,48116,1051,"",1.39,0.99,0.99,0.97,0.96,1.17,1.55,0.97,"",61,12.2,-4044,-62.1,-4026,-61.8,-4066,-62.3,-82109519,-70.8,-1181089,-26.6,-22602,-32.0,-316,-23.1
"13089","5","62131","77","0","2024","4","",115,392,382,376,4474882,548312,7414,898,"",1.51,1.35,1.31,1.29,1.29,1.62,2.48,0.98,"",8,7.5,4,1.0,1,0.3,1,0.3,156309,3.6,56296,11.4,2126,40.2,27,3.1
"13089","5","621310","78","0","2024","4","",115,392,382,376,4474882,548312,7414,898,"",1.51,1.35,1.31,1.29,1.29,1.62,2.48,0.98,"",8,7.5,4,1.0,1,0.3,1,0.3,156309,3.6,56296,11.4,2126,40.2,27,3.1
"13089","5","62132","77","0","2024","4","",44,286,289,292,4519956,383726,2979,1203,"",1.06,0.93,0.94,0.94,1.00,1.18,1.09,1.06,"N",3,7.3,0,0,0,0,0,0,0,0,0,0,0,0,0,0
"13089","5","621320","78","0","2024","4","",44,286,289,292,4519956,383726,2979,1203,"",1.06,0.93,0.94,0.94,1.00,1.18,1.09,1.06,"N",3,7.3,0,0,0,0,0,0,0,0,0,0,0,0,0,0
"13089","5","62133","77","0","2024","4","",199,475,486,464,7173514,538033,9968,1162,"",2.10,0.90,0.91,0.87,1.01,0.81,1.09,1.13,"",27,15.7,20,4.4,23,5.0,16,3.6,408834,6.0,-41456,-7.2,-1507,-13.1,19,1.7
"13089","5","621330","78","0","2024","4","",199,475,486,464,7173514,538033,9968,1162,"",2.10,0.90,0.91,0.87,1.01,0.81,1.09,1.13,"",27,15.7,20,4.4,23,5.0,16,3.6,408834,6.0,-41456,-7.2,-1507,-13.1,19,1.7
"13089","5","62134","77","0","2024","4","",122,1105,1124,1127,14664055,1501670,22500,1008,"",1.20,1.11,1.12,1.12,1.07,1.53,2.19,0.96,"",17,16.2,231,26.4,225,25.0,193,20.7,2980745,25.5,88312,6.2,-11753,-34.3,12,1.2
"13089","5","621340","78","0","2024","4","",122,1105,1124,1127,14664055,1501670,22500,1008,"",1.20,1.11,1.12,1.12,1.07,1.53,2.19,0.96,"",17,16.2,231,26.4,225,25.0,193,20.7,2980745,25.5,88312,6.2,-11753,-34.3,12,1.2
"13089","5","62139","77","0","2024","4","",83,214,209,205,2973477,289228,5255,1093,"",0.91,0.55,0.54,0.52,0.46,0.61,0.89,0.85,"N",6,7.8,0,0,0,0,0,0,0,0,0,0,0,0,0,0
"13089","5","621391","78","0","2024","4","",10,25,25,25,634470,12686,104,1952,"",0.78,0.38,0.38,0.38,0.55,0.19,0.15,1.44,"",1,11.1,2,8.7,1,4.2,2,8.7,-65007,-9.3,505,4.1,-73,-41.2,-354,-15.4
"13089","5","621399","78","0","2024","4","",73,189,184,180,2339007,276542,5151,976,"",0.93,0.59,0.57,0.55,0.44,0.67,1.00,0.77,"N",5,7.4,0,0,0,0,0,0,0,0,0,0,0,0,0,0
"13089","5","6214","76","0","2024","4","",115,1280,1315,1353,26598784,1303820,15114,1555,"",1.12,0.56,0.57,0.59,0.53,0.99,1.04,0.93,"",2,1.8,-1,-0.1,22,1.7,37,2.8,1609433,6.4,-180730,-12.2,-10773,-41.6,73,4.9
"13089","5","62141","77","0","2024","4","N",3,0,0,0,0,0,0,0,"N",0.50,0,0,0,0,0,0,0,"N",0,0.0,0,0,0,0,0,0,0,0,0,0,0,0,0,0
"13089","5","621410","78","0","2024","4","N",3,0,0,0,0,0,0,0,"N",0.50,0,0,0,0,0,0,0,"N",0,0.0,0,0,0,0,0,0,0,0,0,0,0,0,0,0
"13089","5","62142","77","0","2024","4","N",46,0,0,0,0,0,0,0,"N",1.31,0,0,0,0,0,0,0,"N",3,7.0,0,0,0,0,0,0,0,0,0,0,0,0,0,0
"13089","5","621420","78","0","2024","4","N",46,0,0,0,0,0,0,0,"N",1.31,0,0,0,0,0,0,0,"N",3,7.0,0,0,0,0,0,0,0,0,0,0,0,0,0,0
"13089","5","62149","77","0","2024","4","",66,935,964,1004,21767627,834483,6102,1730,"",1.07,0.59,0.60,0.62,0.55,1.00,0.71,0.91,"",-1,-1.5,113,13.7,133,16.0,151,17.7,3557693,19.5,44259,5.6,-4126,-40.3,53,3.2
"13089","5","621491","78","0","2024","4","",9,306,332,361,10374479,186675,770,2397,"",1.61,0.65,0.71,0.76,0.66,3.60,1.30,0.93,"",-1,-10.0,39,14.6,64,23.9,94,35.2,1703366,19.6,-1948,-1.0,87,12.7,-98,-3.9
"13089","5","621492","78","0","2024","4","",23,312,305,305,5437041,312973,1554,1361,"",1.49,1.22,1.18,1.18,1.08,1.65,1.04,0.90,"",0,0.0,9,3.0,4,1.3,-11,-3.5,249992,4.8,-7925,-2.5,-470,-23.2,60,4.6
"13089","5","621493","78","0","2024","4","",8,40,40,39,397084,66165,885,770,"",0.46,0.11,0.11,0.11,0.06,0.22,0.26,0.50,"",-6,-42.9,-50,-55.6,-52,-56.5,-59,-60.2,-651544,-62.1,-29550,-30.9,-1056,-54.4,-94,-10.9
"13089","5","621498","78","0","2024","4","",26,277,287,299,5559023,268670,2893,1487,"",1.13,0.54,0.56,0.58,0.49,0.92,0.91,0.87,"",6,30.0,115,71.0,117,68.8,127,73.8,2255879,68.3,83682,45.2,-2687,-48.2,-25,-1.7
"13089","5","6215","76","0","2024","4","",110,1637,1602,1602,25767806,1172592,6608,1228,"",1.93,2.64,2.59,2.58,1.98,2.30,1.32,0.76,"",-5,-4.3,-55,-3.3,-63,-3.8,-73,-4.4,-888977,-3.3,-133870,-10.2,-3640,-35.5,6,0.5
"13089","5","62151","77","0","2024","4","",110,1637,1602,1602,25767806,1172592,6608,1228,"",1.93,2.64,2.59,2.58,1.98,2.30,1.32,0.76,"",-5,-4.3,-55,-3.3,-63,-3.8,-73,-4.4,-888977,-3.3,-133870,-10.2,-3640,-35.5,6,0.5
"13089","5","621511","78","0","2024","4","",97,1442,1404,1411,22775454,1015595,4957,1235,"",2.29,3.21,3.14,3.15,2.48,2.75,1.40,0.78,"",-7,-6.7,-19,-1.3,-26,-1.8,-25,-1.7,87862,0.4,-49107,-4.6,-3146,-38.8,25,2.1
"13089","5","621512","78","0","2024","4","",13,195,198,191,2992352,156997,1651,1182,"",0.89,1.14,1.15,1.11,0.78,1.13,1.11,0.69,"",2,18.2,-36,-15.6,-37,-15.7,-48,-20.1,-976839,-24.6,-84763,-35.1,-494,-23.0,-117,-9.0
"13089","5","6216","76","0","2024","4","",150,3333,3371,3375,29205920,5455257,60857,669,"",1.47,0.92,0.92,0.92,0.77,1.63,1.47,0.84,"",9,6.4,224,7.2,199,6.3,196,6.2,2839056,10.8,134855,2.5,-18192,-23.0,26,4.0
"13089","5","62161","77","0","2024","4","",150,3333,3371,3375,29205920,5455257,60857,669,"",1.47,0.92,0.92,0.92,0.77,1.63,1.47,0.84,"",9,6.4,224,7.2,199,6.3,196,6.2,2839056,10.8,134855,2.5,-18192,-23.0,26,4.0
"13089","5","621610","78","0","2024","4","",150,3333,3371,3375,29205920,5455257,60857,669,"",1.47,0.92,0.92,0.92,0.77,1.63,1.47,0.84,"",9,6.4,224,7.2,199,6.3,196,6.2,2839056,10.8,134855,2.5,-18192,-23.0,26,4.0
"13089","5","6219","76","0","2024","4","",61,897,863,859,14290316,1135466,12195,1259,"",1.45,1.23,1.19,1.18,1.14,1.85,1.83,0.95,"",7,13.0,303,51.0,259,42.9,266,44.9,4778971,50.2,387499,51.8,3266,36.6,33,2.7
"13089","5","62191","77","0","2024","4","",20,679,654,649,10421035,867562,7806,1213,"",1.77,1.96,1.88,1.86,1.92,2.72,2.49,1.01,"",3,17.6,271,66.4,238,57.2,240,58.7,3930562,60.6,406807,88.3,4240,118.9,-2,-0.2
"13089","5","621910","78","0","2024","4","",20,679,654,649,10421035,867562,7806,1213,"",1.77,1.96,1.88,1.86,1.92,2.72,2.49,1.01,"",3,17.6,271,66.4,238,57.2,240,58.7,3930562,60.6,406807,88.3,4240,118.9,-2,-0.2
"13089","5","62199","77","0","2024","4","",41,218,209,210,3869281,267904,4389,1402,"",1.33,0.57,0.55,0.56,0.54,0.91,1.25,0.97,"",4,10.8,32,17.2,21,11.2,26,14.1,848409,28.1,-19308,-6.7,-974,-18.2,153,12.2
"13089","5","621991","78","0","2024","4","",6,134,121,123,2409594,116220,1000,1471,"",1.25,0.75,0.68,0.70,0.83,0.94,0.79,1.16,"",-1,-14.3,-2,-1.5,-14,-10.4,-10,-7.5,172773,7.7,-30711,-20.9,-933,-48.3,193,15.1
"13089","5","621999","78","0","2024","4","",35,84,88,87,1459687,151684,3389,1301,"",1.35,0.42,0.43,0.43,0.34,0.90,1.50,0.81,"",5,16.7,34,68.0,35,66.0,36,70.6,675636,86.2,11403,8.1,-41,-1.2,126,10.7
"13089","5","622","75","0","2024","4","",40,18948,19208,19285,467866075,1544406,7941,1880,"",1.27,1.73,1.74,1.74,1.97,0.85,0.60,1.14,"",5,14.3,2819,17.5,2829,17.3,2855,17.4,109169856,30.4,490445,46.5,2949,59.1,189,11.2
"13089","5","6221","76","0","2024","4","N",25,0,0,0,0,0,0,0,"N",1.07,0,0,0,0,0,0,0,"N",3,13.6,0,0,0,0,0,0,0,0,0,0,0,0,0,0
"13089","5","62211","77","0","2024","4","N",25,0,0,0,0,0,0,0,"N",1.07,0,0,0,0,0,0,0,"N",3,13.6,0,0,0,0,0,0,0,0,0,0,0,0,0,0
"13089","5","622110","78","0","2024","4","N",25,0,0,0,0,0,0,0,"N",1.07,0,0,0,0,0,0,0,"N",3,13.6,0,0,0,0,0,0,0,0,0,0,0,0,0,0
"13089","5","6222","76","0","2024","4","",10,937,932,925,13355168,1088394,5386,1103,"",3.27,3.52,3.49,3.46,3.14,5.81,2.96,0.90,"",1,11.1,208,28.5,177,23.4,182,24.5,3564205,36.4,250530,29.9,2487,85.8,88,8.7
"13089","5","62221","77","0","2024","4","",10,937,932,925,13355168,1088394,5386,1103,"",3.27,3.52,3.49,3.46,3.14,5.81,2.96,0.90,"",1,11.1,208,28.5,177,23.4,182,24.5,3564205,36.4,250530,29.9,2487,85.8,88,8.7
"13089","5","622210","78","0","2024","4","",10,937,932,925,13355168,1088394,5386,1103,"",3.27,3.52,3.49,3.46,3.14,5.81,2.96,0.90,"",1,11.1,208,28.5,177,23.4,182,24.5,3564205,36.4,250530,29.9,2487,85.8,88,8.7
"13089","5","6223","76","0","2024","4","N",5,0,0,0,0,0,0,0,"N",0.98,0,0,0,0,0,0,0,"N",1,25.0,0,0,0,0,0,0,0,0,0,0,0,0,0,0
"13089","5","62231","77","0","2024","4","N",5,0,0,0,0,0,0,0,"N",0.98,0,0,0,0,0,0,0,"N",1,25.0,0,0,0,0,0,0,0,0,0,0,0,0,0,0
"13089","5","622310","78","0","2024","4","N",5,0,0,0,0,0,0,0,"N",0.98,0,0,0,0,0,0,0,"N",1,25.0,0,0,0,0,0,0,0,0,0,0,0,0,0,0
"13089","5","623","75","0","2024","4","",133,4278,4328,4307,54056082,5806318,88392,966,"",0.75,0.64,0.64,0.64,0.68,0.88,1.30,1.07,"",7,5.6,167,4.1,212,5.2,205,5.0,4023901,8.0,413130,7.7,19385,28.1,30,3.2
"13089","5","6231","76","0","2024","4","",33,2013,2052,2071,26080609,3488908,61302,981,"",0.84,0.67,0.67,0.68,0.69,1.09,1.88,1.02,"",4,13.8,187,10.2,219,11.9,234,12.7,3413754,15.1,590659,20.4,20087,48.7,29,3.0
"13089","5","62311","77","0","2024","4","",33,2013,2052,2071,26080609,3488908,61302,981,"",0.84,0.67,0.67,0.68,0.69,1.09,1.88,1.02,"",4,13.8,187,10.2,219,11.9,234,12.7,3413754,15.1,590659,20.4,20087,48.7,29,3.0
"13089","5","623110","78","0","2024","4","",33,2013,2052,2071,26080609,3488908,61302,981,"",0.84,0.67,0.67,0.68,0.69,1.09,1.88,1.02,"",4,13.8,187,10.2,219,11.9,234,12.7,3413754,15.1,590659,20.4,20087,48.7,29,3.0
"13089","5","6232","76","0","2024","4","",43,897,903,894,12398499,1030351,13404,1062,"",0.64,0.67,0.67,0.66,0.75,1.10,1.44,1.13,"",3,7.5,-39,-4.2,-30,-3.2,-24,-2.6,-218235,-1.7,-77421,-7.0,-567,-4.1,17,1.6
"13089","5","62321","77","0","2024","4","",12,128,124,123,1200328,144385,1834,739,"",0.25,0.16,0.15,0.15,0.13,0.27,0.41,0.85,"",2,20.0,-13,-9.2,-9,-6.8,2,1.7,-95505,-7.4,-39979,-21.7,-60,-3.2,-18,-2.4
"13089","5","623210","78","0","2024","4","",12,128,124,123,1200328,144385,1834,739,"",0.25,0.16,0.15,0.15,0.13,0.27,0.41,0.85,"",2,20.0,-13,-9.2,-9,-6.8,2,1.7,-95505,-7.4,-39979,-21.7,-60,-3.2,-18,-2.4
"13089","5","62322","77","0","2024","4","",31,769,779,771,11198171,885966,11570,1114,"",1.56,1.45,1.47,1.44,1.57,2.16,2.37,1.08,"",1,3.3,-26,-3.3,-21,-2.6,-26,-3.3,-122730,-1.1,-37442,-4.1,-507,-4.2,22,2.0
"13089","5","623220","78","0","2024","4","",31,769,779,771,11198171,885966,11570,1114,"",1.56,1.45,1.47,1.44,1.57,2.16,2.37,1.08,"",1,3.3,-26,-3.3,-21,-2.6,-26,-3.3,-122730,-1.1,-37442,-4.1,-507,-4.2,22,2.0
"13089","5","6233","76","0","2024","4","",49,1125,1130,1110,12267162,1174887,13020,841,"",0.86,0.57,0.57,0.55,0.60,0.53,0.55,1.06,"",0,0.0,-3,-0.3,7,0.6,-26,-2.3,535340,4.6,-85699,-6.8,-23,-0.2,42,5.3
"13089","5","62331","77","0","2024","4","",49,1125,1130,1110,12267162,1174887,13020,841,"",0.86,0.57,0.57,0.55,0.60,0.53,0.55,1.06,"",0,0.0,-3,-0.3,7,0.6,-26,-2.3,535340,4.6,-85699,-6.8,-23,-0.2,42,5.3
"13089","5","623311","78","0","2024","4","",10,450,448,448,5134573,351964,1017,880,"",0.71,0.46,0.46,0.45,0.49,0.41,0.12,1.06,"",0,0.0,9,2.0,-4,-0.9,-7,-1.5,-86062,-1.6,-125497,-26.3,-450,-30.7,-14,-1.6
"13089","5","623312","78","0","2024","4","",39,675,682,662,7132589,822923,12003,815,"",0.92,0.67,0.68,0.65,0.72,0.60,0.79,1.07,"",0,0.0,-12,-1.7,11,1.6,-19,-2.8,621402,9.5,39798,5.1,427,3.7,78,10.6
"13089","5","6239","76","0","2024","4","",8,243,243,232,3309812,112172,666,1064,"",0.55,0.73,0.72,0.69,0.80,0.42,0.27,1.12,"",0,0.0,22,10.0,16,7.0,21,10.0,293042,9.7,-14409,-11.4,-112,-14.4,8,0.8
"13089","5","62399","77","0","2024","4","",8,243,243,232,3309812,112172,666,1064,"",0.55,0.73,0.72,0.69,0.80,0.42,0.27,1.12,"",0,0.0,22,10.0,16,7.0,21,10.0,293042,9.7,-14409,-11.4,-112,-14.4,8,0.8
"13089","5","623990","78","0","2024","4","",8,243,243,232,3309812,112172,666,1064,"",0.55,0.73,0.72,0.69,0.80,0.42,0.27,1.12,"",0,0.0,22,10.0,16,7.0,21,10.0,293042,9.7,-14409,-11.4,-112,-14.4,8,0.8
"13089","5","624","75","0","2024","4","",615,7351,7369,7307,74453517,7545885,90061,780,"",0.26,0.77,0.77,0.76,0.87,0.88,0.85,1.13,"",4,0.7,49,0.7,84,1.2,79,1.1,2813328,3.9,-543400,-6.7,10145,12.7,22,2.9
"13089","5","6241","76","0","2024","4","",336,3988,4014,3956,41980407,3794963,51148,810,"",0.15,0.61,0.62,0.60,0.75,0.67,0.69,1.23,"",-5,-1.5,175,4.6,222,5.9,185,4.9,2810231,7.2,-54589,-1.4,11794,30.0,15,1.9
"13089","5","62411","77","0","2024","4","",44,365,372,371,4238120,193212,2243,883,"",1.59,0.78,0.79,0.79,0.76,0.69,0.66,0.96,"",2,4.8,12,3.4,13,3.6,22,6.3,72743,1.7,-98478,-33.8,-1779,-44.2,-23,-2.5
"13089","5","624110","78","0","2024","4","",44,365,372,371,4238120,193212,2243,883,"",1.59,0.78,0.79,0.79,0.76,0.69,0.66,0.96,"",2,4.8,12,3.4,13,3.6,22,6.3,72743,1.7,-98478,-33.8,-1779,-44.2,-23,-2.5
"13089","5","62412","77","0","2024","4","",173,2705,2713,2697,24709146,2818085,41016,703,"",0.08,0.54,0.54,0.54,0.68,0.62,0.68,1.26,"",-16,-8.5,204,8.2,234,9.4,219,8.8,1873350,8.2,83564,3.1,12017,41.4,-4,-0.6
"13089","5","624120","78","0","2024","4","",173,2705,2713,2697,24709146,2818085,41016,703,"",0.08,0.54,0.54,0.54,0.68,0.62,0.68,1.26,"",-16,-8.5,204,8.2,234,9.4,219,8.8,1873350,8.2,83564,3.1,12017,41.4,-4,-0.6
"13089","5","62419","77","0","2024","4","",119,918,929,888,13033141,783666,7889,1100,"",1.35,0.87,0.88,0.84,0.93,0.93,0.72,1.08,"",9,8.2,-41,-4.3,-25,-2.6,-56,-5.9,864138,7.1,-39675,-4.8,1556,24.6,117,11.9
"13089","5","624190","78","0","2024","4","",119,918,929,888,13033141,783666,7889,1100,"",1.35,0.87,0.88,0.84,0.93,0.93,0.72,1.08,"",9,8.2,-41,-4.3,-25,-2.6,-56,-5.9,864138,7.1,-39675,-4.8,1556,24.6,117,11.9
"13089","5","6242","76","0","2024","4","N",30,0,0,0,0,0,0,0,"N",1.04,0,0,0,0,0,0,0,"N",-2,-6.2,0,0,0,0,0,0,0,0,0,0,0,0,0,0
"13089","5","62421","77","0","2024","4","N",5,0,0,0,0,0,0,0,"N",0.63,0,0,0,0,0,0,0,"N",0,0.0,0,0,0,0,0,0,0,0,0,0,0,0,0,0
"13089","5","624210","78","0","2024","4","N",5,0,0,0,0,0,0,0,"N",0.63,0,0,0,0,0,0,0,"N",0,0.0,0,0,0,0,0,0,0,0,0,0,0,0,0,0
"13089","5","62422","77","0","2024","4","",17,119,114,122,1901566,72904,301,1236,"",1.09,0.41,0.39,0.42,0.49,0.34,0.10,1.19,"",0,0.0,-59,-33.1,-58,-33.7,-43,-26.1,-588496,-23.6,-62281,-46.1,-699,-69.9,120,10.8
"13089","5","624221","78","0","2024","4","",10,79,76,83,1276004,60600,163,1237,"",1.20,0.42,0.40,0.43,0.54,0.44,0.09,1.30,"",0,0.0,-53,-40.2,-52,-40.6,-36,-30.3,-565100,-30.7,-41633,-40.7,-504,-75.6,116,10.3
"13089","5","624229","78","0","2024","4","",7,40,38,39,625562,12304,138,1234,"",0.97,0.40,0.38,0.39,0.40,0.16,0.12,1.02,"",0,0.0,-6,-13.0,-6,-13.6,-7,-15.2,-23396,-3.6,-20648,-62.7,-195,-58.6,133,12.1
"13089","5","62423","77","0","2024","4","",8,390,387,386,4583644,318571,3515,910,"",1.53,5.17,5.15,5.05,3.19,7.98,7.23,0.62,"",-2,-20.0,9,2.4,12,3.2,10,2.7,525816,13.0,9701,3.1,1825,108.0,83,10.0
"13089","5","624230","78","0","2024","4","",8,390,387,386,4583644,318571,3515,910,"",1.53,5.17,5.15,5.05,3.19,7.98,7.23,0.62,"",-2,-20.0,9,2.4,12,3.2,10,2.7,525816,13.0,9701,3.1,1825,108.0,83,10.0
"13089","5","6243","76","0","2024","4","N",21,0,0,0,0,0,0,0,"N",1.12,0,0,0,0,0,0,0,"N",0,0.0,0,0,0,0,0,0,0,0,0,0,0,0,0,0
"13089","5","62431","77","0","2024","4","N",21,0,0,0,0,0,0,0,"N",1.12,0,0,0,0,0,0,0,"N",0,0.0,0,0,0,0,0,0,0,0,0,0,0,0,0,0
"13089","5","624310","78","0","2024","4","N",21,0,0,0,0,0,0,0,"N",1.12,0,0,0,0,0,0,0,"N",0,0.0,0,0,0,0,0,0,0,0,0,0,0,0,0,0
"13089","5","6244","76","0","2024","4","",228,2528,2524,2513,22327354,3320633,34448,681,"",1.49,1.28,1.28,1.27,1.32,1.47,1.38,1.04,"",11,5.1,-95,-3.6,-99,-3.8,-66,-2.6,-383376,-1.7,-438629,-11.7,-2923,-7.8,11,1.6
"13089","5","62441","77","0","2024","4","",228,2528,2524,2513,22327354,3320633,34448,681,"",1.49,1.28,1.28,1.27,1.32,1.47,1.38,1.04,"",11,5.1,-95,-3.6,-99,-3.8,-66,-2.6,-383376,-1.7,-438629,-11.7,-2923,-7.8,11,1.6
"13089","5","624410","78","0","2024","4","",228,2528,2524,2513,22327354,3320633,34448,681,"",1.49,1.28,1.28,1.27,1.32,1.47,1.38,1.04,"",11,5.1,-95,-3.6,-99,-3.8,-66,-2.6,-383376,-1.7,-438629,-11.7,-2923,-7.8,11,1.6
"13089","5","71","74","0","2024","4","",395,3088,3190,3162,29343457,3957014,51950,717,"",1.08,0.59,0.64,0.64,0.38,0.84,0.78,0.60,"",42,11.9,183,6.3,290,10.0,331,11.7,2451450,9.1,70469,1.8,-2942,-5.4,-2,-0.3
"13089","5","711","75","0","2024","4","",181,263,282,278,5104989,408825,6568,1431,"",1.13,0.22,0.25,0.25,0.12,0.33,0.31,0.49,"",16,9.7,51,24.1,54,23.7,61,28.1,880925,20.9,54222,15.3,279,4.4,-53,-3.6
"13089","5","7111","76","0","2024","4","",36,78,92,82,1135142,117361,2102,1040,"",1.39,0.27,0.32,0.29,0.18,0.36,0.29,0.60,"",8,28.6,18,30.0,21,29.6,32,64.0,18310,1.6,63847,119.3,1501,249.8,-384,-27.0
"13089","5","71111","77","0","2024","4","",5,28,29,32,121606,40875,303,315,"",0.62,0.19,0.19,0.22,0.07,0.23,0.07,0.33,"",1,25.0,20,250.0,13,81.2,17,113.3,42506,53.7,13309,48.3,284,1494.7,-153,-32.7
"13089","5","711110","78","0","2024","4","",5,28,29,32,121606,40875,303,315,"",0.62,0.19,0.19,0.22,0.07,0.23,0.07,0.33,"",1,25.0,20,250.0,13,81.2,17,113.3,42506,53.7,13309,48.3,284,1494.7,-153,-32.7
"13089","5","71112","77","0","2024","4","N",3,0,0,0,0,0,0,0,"N",0.96,0,0,0,0,0,0,0,"N",1,50.0,0,0,0,0,0,0,0,0,0,0,0,0,0,0
"13089","5","711120","78","0","2024","4","N",3,0,0,0,0,0,0,0,"N",0.96,0,0,0,0,0,0,0,"N",1,50.0,0,0,0,0,0,0,0,0,0,0,0,0,0,0
"13089","5","71113","77","0","2024","4","",22,35,47,34,894300,57837,1327,1779,"",1.85,0.43,0.58,0.40,0.23,0.67,0.84,0.50,"",5,29.4,-9,-20.5,0,0.0,7,25.9,43025,5.1,36319,168.8,833,168.6,114,6.8
"13089","5","711130","78","0","2024","4","",22,35,47,34,894300,57837,1327,1779,"",1.85,0.43,0.58,0.40,0.23,0.67,0.84,0.50,"",5,29.4,-9,-20.5,0,0.0,7,25.9,43025,5.1,36319,168.8,833,168.6,114,6.8
"13089","5","71119","77","0","2024","4","N",6,0,0,0,0,0,0,0,"N",2.14,0,0,0,0,0,0,0,"N",1,20.0,0,0,0,0,0,0,0,0,0,0,0,0,0,0
"13089","5","711190","78","0","2024","4","N",6,0,0,0,0,0,0,0,"N",2.14,0,0,0,0,0,0,0,"N",1,20.0,0,0,0,0,0,0,0,0,0,0,0,0,0,0
"13089","5","7112","76","0","2024","4","",12,23,24,25,353113,63131,474,1132,"",0.70,0.07,0.08,0.09,0.02,0.23,0.14,0.25,"",0,0.0,-3,-11.5,-3,-11.1,-1,-3.8,-70317,-16.6,17431,38.1,-161,-25.4,-105,-8.5
"13089","5","71121","77","0","2024","4","",12,23,24,25,353113,63131,474,1132,"",0.70,0.07,0.08,0.09,0.02,0.23,0.14,0.25,"",0,0.0,-3,-11.5,-3,-11.1,-1,-3.8,-70317,-16.6,17431,38.1,-161,-25.4,-105,-8.5
"13089","5","711211","78","0","2024","4","N",3,0,0,0,0,0,0,0,"N",0.40,0,0,0,0,0,0,0,"N",-2,-40.0,0,0,0,0,0,0,0,0,0,0,0,0,0,0
"13089","5","711212","78","0","2024","4","N",1,0,0,0,0,0,0,0,"N",0.69,0,0,0,0,0,0,0,"N",1,100.0,0,0,0,0,0,0,0,0,0,0,0,0,0,0
"13089","5","711219","78","0","2024","4","",8,17,14,18,248604,47340,47,1171,"",0.98,0.37,0.30,0.40,0.23,0.99,0.09,0.64,"N",1,14.3,0,0,0,0,0,0,0,0,0,0,0,0,0,0
"13089","5","7113","76","0","2024","4","",27,39,38,41,776144,24869,512,1518,"",1.21,0.10,0.10,0.11,0.14,0.07,0.09,1.38,"",8,42.1,13,50.0,8,26.7,14,51.9,282653,57.3,7329,41.8,251,96.2,146,10.6
"13089","5","71131","77","0","2024","4","N",3,0,0,0,0,0,0,0,"N",0.31,0,0,0,0,0,0,0,"N",0,0.0,0,0,0,0,0,0,0,0,0,0,0,0,0,0
"13089","5","711310","78","0","2024","4","N",3,0,0,0,0,0,0,0,"N",0.31,0,0,0,0,0,0,0,"N",0,0.0,0,0,0,0,0,0,0,0,0,0,0,0,0,0
"13089","5","71132","77","0","2024","4","N",24,0,0,0,0,0,0,0,"N",1.88,0,0,0,0,0,0,0,"N",8,50.0,0,0,0,0,0,0,0,0,0,0,0,0,0,0
"13089","5","711320","78","0","2024","4","N",24,0,0,0,0,0,0,0,"N",1.88,0,0,0,0,0,0,0,"N",8,50.0,0,0,0,0,0,0,0,0,0,0,0,0,0,0
"13089","5","7114","76","0","2024","4","",11,13,15,16,232697,13373,358,1220,"",0.79,0.21,0.25,0.27,0.07,0.27,0.33,0.30,"",1,10.0,-1,-7.1,2,15.4,3,23.1,22999,11.0,-10002,-42.8,-157,-30.5,10,0.8
"13089","5","71141","77","0","2024","4","",11,13,15,16,232697,13373,358,1220,"",0.79,0.21,0.25,0.27,0.07,0.27,0.33,0.30,"",1,10.0,-1,-7.1,2,15.4,3,23.1,22999,11.0,-10002,-42.8,-157,-30.5,10,0.8
"13089","5","711410","78","0","2024","4","",11,13,15,16,232697,13373,358,1220,"",0.79,0.21,0.25,0.27,0.07,0.27,0.33,0.30,"",1,10.0,-1,-7.1,2,15.4,3,23.1,22999,11.0,-10002,-42.8,-157,-30.5,10,0.8
"13089","5","7115","76","0","2024","4","",95,110,113,114,2607893,190091,3122,1786,"",1.17,0.80,0.85,0.89,0.23,0.85,0.80,0.28,"",-1,-1.0,24,27.9,26,29.9,13,12.9,627280,31.7,-24383,-11.4,-1155,-27.0,118,7.1
"13089","5","71151","77","0","2024","4","",95,110,113,114,2607893,190091,3122,1786,"",1.17,0.80,0.85,0.89,0.23,0.85,0.80,0.28,"",-1,-1.0,24,27.9,26,29.9,13,12.9,627280,31.7,-24383,-11.4,-1155,-27.0,118,7.1
"13089","5","711510","78","0","2024","4","",95,110,113,114,2607893,190091,3122,1786,"",1.17,0.80,0.85,0.89,0.23,0.85,0.80,0.28,"",-1,-1.0,24,27.9,26,29.9,13,12.9,627280,31.7,-24383,-11.4,-1155,-27.0,118,7.1
"13089","5","712","75","0","2024","4","",19,188,196,127,2278232,166278,745,1029,"",1.24,0.52,0.56,0.36,0.52,0.91,0.38,1.07,"",2,11.8,-26,-12.1,-6,-3.0,22,21.0,190021,9.1,-52128,-23.9,-546,-42.3,104,11.2
"13089","5","7121","76","0","2024","4","",19,188,196,127,2278232,166278,745,1029,"",1.24,0.52,0.56,0.36,0.52,0.91,0.38,1.07,"",2,11.8,-26,-12.1,-6,-3.0,22,21.0,190021,9.1,-52128,-23.9,-546,-42.3,104,11.2
"13089","5","71211","77","0","2024","4","",14,156,164,95,1966509,141991,539,1094,"",1.35,0.77,0.82,0.47,0.73,1.38,0.46,1.07,"",2,16.7,3,2.0,18,12.3,24,33.8,289774,17.3,-12629,-8.2,314,139.6,48,4.6
"13089","5","712110","78","0","2024","4","",14,156,164,95,1966509,141991,539,1094,"",1.35,0.77,0.82,0.47,0.73,1.38,0.46,1.07,"",2,16.7,3,2.0,18,12.3,24,33.8,289774,17.3,-12629,-8.2,314,139.6,48,4.6
"13089","5","71212","77","0","2024","4","N",2,0,0,0,0,0,0,0,"N",1.47,0,0,0,0,0,0,0,"N",0,0.0,0,0,0,0,0,0,0,0,0,0,0,0,0,0
"13089","5","712120","78","0","2024","4","N",2,0,0,0,0,0,0,0,"N",1.47,0,0,0,0,0,0,0,"N",0,0.0,0,0,0,0,0,0,0,0,0,0,0,0,0,0
"13089","5","71213","77","0","2024","4","N",1,0,0,0,0,0,0,0,"N",0.55,0,0,0,0,0,0,0,"N",0,0.0,0,0,0,0,0,0,0,0,0,0,0,0,0,0
"13089","5","712130","78","0","2024","4","N",1,0,0,0,0,0,0,0,"N",0.55,0,0,0,0,0,0,0,"N",0,0.0,0,0,0,0,0,0,0,0,0,0,0,0,0,0
"13089","5","71219","77","0","2024","4","N",2,0,0,0,0,0,0,0,"N",1.09,0,0,0,0,0,0,0,"N",0,0.0,0,0,0,0,0,0,0,0,0,0,0,0,0,0
"13089","5","712190","78","0","2024","4","N",2,0,0,0,0,0,0,0,"N",1.09,0,0,0,0,0,0,0,"N",0,0.0,0,0,0,0,0,0,0,0,0,0,0,0,0,0
"13089","5","713","75","0","2024","4","",195,2637,2712,2757,21960236,3381911,44637,625,"",1.03,0.72,0.78,0.79,0.74,1.04,1.04,0.97,"",24,14.0,158,6.4,242,9.8,248,9.9,1380504,6.7,68375,2.1,-2675,-5.7,-12,-1.9
"13089","5","7131","76","0","2024","4","N",13,0,0,0,0,0,0,0,"N",1.61,0,0,0,0,0,0,0,"N",2,18.2,0,0,0,0,0,0,0,0,0,0,0,0,0,0
"13089","5","71311","77","0","2024","4","N",3,0,0,0,0,0,0,0,"N",1.15,0,0,0,0,0,0,0,"N",1,50.0,0,0,0,0,0,0,0,0,0,0,0,0,0,0
"13089","5","713110","78","0","2024","4","N",3,0,0,0,0,0,0,0,"N",1.15,0,0,0,0,0,0,0,"N",1,50.0,0,0,0,0,0,0,0,0,0,0,0,0,0,0
"13089","5","71312","77","0","2024","4","",10,101,107,112,1123250,105075,1064,810,"",1.84,1.53,1.64,1.70,2.62,1.55,1.23,1.62,"",1,11.1,36,55.4,48,81.4,54,93.1,363641,47.9,22005,26.5,-522,-32.9,-153,-15.9
"13089","5","713120","78","0","2024","4","",10,101,107,112,1123250,105075,1064,810,"",1.84,1.53,1.64,1.70,2.62,1.55,1.23,1.62,"",1,11.1,36,55.4,48,81.4,54,93.1,363641,47.9,22005,26.5,-522,-32.9,-153,-15.9
"13089","5","7132","76","0","2024","4","N",1,0,0,0,0,0,0,0,"N",0.12,0,0,0,0,0,0,0,"N",-1,-50.0,0,0,0,0,0,0,0,0,0,0,0,0,0,0
"13089","5","71329","77","0","2024","4","N",1,0,0,0,0,0,0,0,"N",0.13,0,0,0,0,0,0,0,"N",-1,-50.0,0,0,0,0,0,0,0,0,0,0,0,0,0,0
"13089","5","713290","78","0","2024","4","N",1,0,0,0,0,0,0,0,"N",0.13,0,0,0,0,0,0,0,"N",-1,-50.0,0,0,0,0,0,0,0,0,0,0,0,0,0,0
"13089","5","7139","76","0","2024","4","",181,2520,2591,2630,20629838,3263821,43482,615,"",1.04,0.87,0.92,0.93,0.95,1.22,1.20,1.04,"",23,14.6,122,5.1,198,8.3,188,7.7,1005791,5.1,51865,1.6,-1911,-4.2,-11,-1.8
"13089","5","71391","77","0","2024","4","",8,457,478,486,5918073,604137,3603,961,"",0.37,0.52,0.60,0.65,0.73,0.78,0.28,1.24,"",2,33.3,94,25.9,124,35.0,98,25.3,1377777,30.3,184010,43.8,207,6.1,13,1.4
"13089","5","713910","78","0","2024","4","",8,457,478,486,5918073,604137,3603,961,"",0.37,0.52,0.60,0.65,0.73,0.78,0.28,1.24,"",2,33.3,94,25.9,124,35.0,98,25.3,1377777,30.3,184010,43.8,207,6.1,13,1.4
"13089","5","71393","77","0","2024","4","N",1,0,0,0,0,0,0,0,"N",0.13,0,0,0,0,0,0,0,"N",1,100.0,0,0,0,0,0,0,0,0,0,0,0,0,0,0
"13089","5","713930","78","0","2024","4","N",1,0,0,0,0,0,0,0,"N",0.13,0,0,0,0,0,0,0,"N",1,100.0,0,0,0,0,0,0,0,0,0,0,0,0,0,0
"13089","5","71394","77","0","2024","4","",117,810,836,824,5046555,1119349,12115,471,"",1.33,0.64,0.66,0.64,0.69,1.07,0.98,1.06,"",12,11.4,-21,-2.5,19,2.3,34,4.3,-90418,-1.8,-182233,-14.0,-1902,-13.6,-15,-3.1
"13089","5","713940","78","0","2024","4","",117,810,836,824,5046555,1119349,12115,471,"",1.33,0.64,0.66,0.64,0.69,1.07,0.98,1.06,"",12,11.4,-21,-2.5,19,2.3,34,4.3,-90418,-1.8,-182233,-14.0,-1902,-13.6,-15,-3.1
"13089","5","71395","77","0","2024","4","N",4,0,0,0,0,0,0,0,"N",0.62,0,0,0,0,0,0,0,"N",0,0.0,0,0,0,0,0,0,0,0,0,0,0,0,0,0
"13089","5","713950","78","0","2024","4","N",4,0,0,0,0,0,0,0,"N",0.62,0,0,0,0,0,0,0,"N",0,0.0,0,0,0,0,0,0,0,0,0,0,0,0,0,0
"13089","5","71399","77","0","2024","4","",51,1063,1079,1116,8327911,1182558,22677,590,"",1.05,2.09,2.37,2.50,2.28,2.27,3.50,0.99,"",8,18.6,8,0.8,18,1.7,25,2.3,-429413,-4.9,-68871,-5.5,-516,-2.2,-40,-6.3
"13089","5","713990","78","0","2024","4","",51,1063,1079,1116,8327911,1182558,22677,590,"",1.05,2.09,2.37,2.50,2.28,2.27,3.50,0.99,"",8,18.6,8,0.8,18,1.7,25,2.3,-429413,-4.9,-68871,-5.5,-516,-2.2,-40,-6.3
"13089","5","72","74","0","2024","4","",1780,23186,23514,23663,175123234,36892798,476297,574,"",1.15,0.83,0.84,0.84,0.80,1.14,1.35,0.95,"",96,5.7,-401,-1.7,115,0.5,447,1.9,6603433,3.9,-3084678,-7.7,-19906,-4.0,20,3.6
"13089","5","721","75","0","2024","4","",114,1475,1491,1473,18339513,2240103,27757,953,"",0.75,0.39,0.40,0.39,0.43,0.46,0.53,1.10,"",17,17.5,202,15.9,202,15.7,198,15.5,2736355,17.5,45253,2.1,-2816,-9.2,15,1.6
"13089","5","7211","76","0","2024","4","",110,1472,1488,1471,18303093,2238902,27742,953,"",0.84,0.40,0.41,0.41,0.45,0.48,0.55,1.09,"",15,15.8,199,15.6,199,15.4,197,15.5,2710335,17.4,44052,2.0,-2831,-9.3,15,1.6
"13089","5","72111","77","0","2024","4","",106,1464,1480,1463,18227708,2225090,27386,954,"",0.89,0.48,0.49,0.48,0.54,0.61,0.66,1.12,"",14,15.2,200,15.8,199,15.5,197,15.6,2695634,17.4,36061,1.6,-3142,-10.3,13,1.4
"13089","5","721110","78","0","2024","4","",106,1464,1480,1463,18227708,2225090,27386,954,"",0.89,0.48,0.49,0.48,0.54,0.61,0.66,1.12,"",14,15.2,200,15.8,199,15.5,197,15.6,2695634,17.4,36061,1.6,-3142,-10.3,13,1.4
"13089","5","72119","77","0","2024","4","",4,8,8,8,75385,13812,356,725,"",0.37,0.12,0.13,0.13,0.11,0.18,0.32,0.87,"",1,33.3,-1,-11.1,0,0.0,0,0.0,14701,24.2,7991,137.3,311,691.1,165,29.5
"13089","5","721191","78","0","2024","4","N",1,0,0,0,0,0,0,0,"N",0.22,0,0,0,0,0,0,0,"N",0,0.0,0,0,0,0,0,0,0,0,0,0,0,0,0,0
"13089","5","721199","78","0","2024","4","N",3,0,0,0,0,0,0,0,"N",0.48,0,0,0,0,0,0,0,"N",1,50.0,0,0,0,0,0,0,0,0,0,0,0,0,0,0
"13089","5","7212","76","0","2024","4","N",3,0,0,0,0,0,0,0,"N",0.17,0,0,0,0,0,0,0,"N",2,200.0,0,0,0,0,0,0,0,0,0,0,0,0,0,0
"13089","5","72121","77","0","2024","4","N",3,0,0,0,0,0,0,0,"N",0.17,0,0,0,0,0,0,0,"N",2,200.0,0,0,0,0,0,0,0,0,0,0,0,0,0,0
"13089","5","721214","78","0","2024","4","N",3,0,0,0,0,0,0,0,"N",0.47,0,0,0,0,0,0,0,"N",2,200.0,0,0,0,0,0,0,0,0,0,0,0,0,0,0
"13089","5","7213","76","0","2024","4","N",1,0,0,0,0,0,0,0,"N",0.29,0,0,0,0,0,0,0,"N",0,0.0,0,0,0,0,0,0,0,0,0,0,0,0,0,0
"13089","5","72131","77","0","2024","4","N",1,0,0,0,0,0,0,0,"N",0.29,0,0,0,0,0,0,0,"N",0,0.0,0,0,0,0,0,0,0,0,0,0,0,0,0,0
"13089","5","721310","78","0","2024","4","N",1,0,0,0,0,0,0,0,"N",0.29,0,0,0,0,0,0,0,"N",0,0.0,0,0,0,0,0,0,0,0,0,0,0,0,0,0
"13089","5","722","75","0","2024","4","",1666,21711,22023,22190,156783721,34652695,448540,549,"",1.20,0.90,0.91,0.91,0.89,1.26,1.49,0.98,"",79,5.0,-603,-2.7,-87,-0.4,249,1.1,3867078,2.5,-3129931,-8.3,-17090,-3.7,17,3.2
"13089","5","7223","76","0","2024","4","",115,708,692,658,7803907,1057558,25020,875,"",1.14,0.43,0.43,0.41,0.48,0.53,0.56,1.13,"",13,12.7,21,3.1,16,2.4,11,1.7,527876,7.3,-171897,-14.0,-8441,-25.2,40,4.8
"13089","5","72231","77","0","2024","4","",56,339,331,318,4157463,583179,18882,971,"",1.12,0.28,0.28,0.28,0.33,0.40,0.52,1.20,"",11,24.4,23,7.3,11,3.4,4,1.3,449009,12.1,10385,1.8,-1621,-7.9,70,7.8
"13089","5","722310","78","0","2024","4","",56,339,331,318,4157463,583179,18882,971,"",1.12,0.28,0.28,0.28,0.33,0.40,0.52,1.20,"",11,24.4,23,7.3,11,3.4,4,1.3,449009,12.1,10385,1.8,-1621,-7.9,70,7.8
"13089","5","72232","77","0","2024","4","",47,344,341,322,3487528,430835,5049,799,"",1.74,0.94,0.98,0.89,1.05,1.01,0.76,1.12,"",1,2.2,1,0.3,20,6.2,13,4.2,144063,4.3,-137927,-24.3,-5536,-52.3,6,0.8
"13089","5","722320","78","0","2024","4","",47,344,341,322,3487528,430835,5049,799,"",1.74,0.94,0.98,0.89,1.05,1.01,0.76,1.12,"",1,2.2,1,0.3,20,6.2,13,4.2,144063,4.3,-137927,-24.3,-5536,-52.3,6,0.8
"13089","5","72233","77","0","2024","4","",12,25,20,18,158916,43544,1089,582,"",0.50,0.27,0.24,0.22,0.26,0.36,0.65,1.06,"",1,9.1,-3,-10.7,-15,-42.9,-6,-25.0,-65196,-29.1,-44355,-50.5,-1284,-54.1,-12,-2.0
"13089","5","722330","78","0","2024","4","",12,25,20,18,158916,43544,1089,582,"",0.50,0.27,0.24,0.22,0.26,0.36,0.65,1.06,"",1,9.1,-3,-10.7,-15,-42.9,-6,-25.0,-65196,-29.1,-44355,-50.5,-1284,-54.1,-12,-2.0
"13089","5","7224","76","0","2024","4","",33,271,276,269,2073058,375670,8226,586,"",0.40,0.33,0.33,0.33,0.36,0.38,0.69,1.09,"",5,17.9,21,8.4,16,6.2,41,18.0,-7129,-0.3,25201,7.2,618,8.1,-64,-9.8
"13089","5","72241","77","0","2024","4","",33,271,276,269,2073058,375670,8226,586,"",0.40,0.33,0.33,0.33,0.36,0.38,0.69,1.09,"",5,17.9,21,8.4,16,6.2,41,18.0,-7129,-0.3,25201,7.2,618,8.1,-64,-9.8
"13089","5","722410","78","0","2024","4","",33,271,276,269,2073058,375670,8226,586,"",0.40,0.33,0.33,0.33,0.36,0.38,0.69,1.09,"",5,17.9,21,8.4,16,6.2,41,18.0,-7129,-0.3,25201,7.2,618,8.1,-64,-9.8
"13089","5","7225","76","0","2024","4","",1518,20732,21055,21263,146906756,33219467,415294,538,"",1.26,0.95,0.97,0.97,0.95,1.36,1.70,0.98,"",61,4.2,-645,-3.0,-119,-0.6,197,0.9,3346331,2.3,-2983235,-8.2,-9267,-2.2,17,3.3
"13089","5","72251","77","0","2024","4","",1518,20732,21055,21263,146906756,33219467,415294,538,"",1.26,0.95,0.97,0.97,0.95,1.36,1.70,0.98,"",61,4.2,-645,-3.0,-119,-0.6,197,0.9,3346331,2.3,-2983235,-8.2,-9267,-2.2,17,3.3
"13089","5","722511","78","0","2024","4","",623,9440,9685,9719,75050050,13978810,175434,600,"",1.21,0.89,0.92,0.91,0.89,1.15,1.35,0.98,"",21,3.5,-147,-1.5,115,1.2,109,1.1,2065843,2.8,-1290762,-8.5,14152,8.8,15,2.6
"13089","5","722513","78","0","2024","4","",717,9527,9645,9814,58776064,16407997,203456,468,"",1.38,1.04,1.05,1.06,1.02,1.63,2.27,0.97,"",35,5.1,-561,-5.6,-251,-2.5,-2,0.0,1434701,2.5,-1698306,-9.4,-26293,-11.4,24,5.4
"13089","5","722514","78","0","2024","4","",17,228,226,225,1427108,373447,5308,485,"",1.69,1.50,1.48,1.47,1.32,2.54,3.43,0.89,"",1,6.2,44,23.9,34,17.7,31,16.0,91585,6.9,161598,76.3,4223,389.2,-56,-10.4
"13089","5","722515","78","0","2024","4","",161,1537,1499,1505,11653534,2459213,31096,592,"",0.98,0.82,0.80,0.80,0.96,1.16,1.32,1.19,"",4,2.5,19,1.3,-17,-1.1,59,4.1,-245798,-2.1,-155765,-6.0,-1349,-4.2,-21,-3.4
"13089","5","81","74","0","2024","4","",1681,7694,7714,7804,107683092,8491360,118069,1071,"",0.98,0.82,0.82,0.84,0.82,1.01,1.21,0.99,"",139,9.0,-794,-9.4,-768,-9.1,-758,-8.9,-6963620,-6.1,-1985813,-19.0,-28657,-19.5,35,3.4
"13089","5","811","75","0","2024","4","",407,2342,2342,2326,35718367,2464470,35839,1176,"",0.85,0.80,0.80,0.80,0.76,0.84,1.08,0.94,"",1,0.2,-608,-20.6,-581,-19.9,-624,-21.2,-8775030,-19.7,-1078885,-30.4,-21065,-37.0,12,1.0
"13089","5","8111","76","0","2024","4","",324,2032,2032,2011,30340055,2030532,27709,1153,"",0.96,0.99,0.99,0.98,1.03,0.95,1.24,1.04,"",8,2.5,-518,-20.3,-480,-19.1,-517,-20.5,-6382342,-17.4,-1061018,-34.3,-22918,-45.3,36,3.2
"13089","5","81111","77","0","2024","4","",183,1085,1092,1081,17067681,1044676,11762,1209,"",0.98,1.23,1.24,1.22,1.25,1.16,1.25,1.02,"",6,3.4,-13,-1.2,-27,-2.4,-38,-3.4,106662,0.6,-13685,-1.3,1494,14.6,36,3.1
"13089","5","811111","78","0","2024","4","",168,1049,1054,1044,16627514,1034532,11718,1219,"",1.01,1.32,1.33,1.31,1.36,1.27,1.37,1.02,"",6,3.7,29,2.8,14,1.3,3,0.3,641751,4.0,35778,3.6,2258,23.9,29,2.4
"13089","5","811114","78","0","2024","4","",15,36,38,37,440167,10144,44,915,"",0.76,0.41,0.43,0.42,0.32,0.12,0.05,0.77,"",0,0.0,-42,-53.8,-41,-51.9,-41,-52.6,-535089,-54.9,-49463,-83.0,-764,-94.6,-43,-4.5
"13089","5","81112","77","0","2024","4","",69,622,621,615,10458056,555142,8068,1299,"",0.84,1.06,1.06,1.05,1.03,1.02,1.44,0.97,"",-4,-5.5,-522,-45.6,-473,-43.2,-502,-44.9,-6767905,-39.3,-1006272,-64.4,-23162,-74.2,114,9.6
"13089","5","811121","78","0","2024","4","N",62,0,0,0,0,0,0,0,"N",0.91,0,0,0,0,0,0,0,"N",-4,-6.1,0,0,0,0,0,0,0,0,0,0,0,0,0,0
"13089","5","811122","78","0","2024","4","N",7,0,0,0,0,0,0,0,"N",0.50,0,0,0,0,0,0,0,"N",0,0.0,0,0,0,0,0,0,0,0,0,0,0,0,0,0
"13089","5","81119","77","0","2024","4","",72,325,319,315,2814318,430714,7879,677,"",1.03,0.55,0.54,0.53,0.49,0.61,1.08,0.90,"",6,9.1,17,5.5,20,6.7,23,7.9,278901,11.0,-41061,-8.7,-1250,-13.7,26,4.0
"13089","5","811191","78","0","2024","4","",13,82,80,79,852828,167502,3658,817,"",0.79,0.54,0.53,0.52,0.53,0.80,1.74,1.00,"",0,0.0,-3,-3.5,-1,-1.2,-3,-3.7,51041,6.4,-14425,-7.9,-236,-6.1,71,9.5
"13089","5","811192","78","0","2024","4","",38,192,188,186,1508117,229611,3596,615,"",0.99,0.51,0.50,0.50,0.46,0.54,0.81,0.93,"",3,8.6,21,12.3,19,11.2,21,12.7,251095,20.0,-16847,-6.8,-961,-21.1,41,7.1
"13089","5","811198","78","0","2024","4","",21,51,51,50,453373,33601,625,688,"",1.40,0.79,0.79,0.77,0.50,0.53,0.85,0.64,"",3,16.7,-1,-1.9,2,4.1,5,11.1,-23235,-4.9,-9789,-22.6,-53,-7.8,-65,-8.6
"13089","5","8112","76","0","2024","4","",32,77,77,77,759125,147223,3399,758,"",1.03,0.37,0.37,0.37,0.17,0.96,1.83,0.46,"",0,0.0,-25,-24.5,-31,-28.7,-36,-31.9,-1441296,-65.5,-23428,-13.7,167,5.2,-814,-51.8
"13089","5","81121","77","0","2024","4","",32,77,77,77,759125,147223,3399,758,"",1.03,0.37,0.37,0.37,0.17,0.96,1.83,0.46,"",0,0.0,-25,-24.5,-31,-28.7,-36,-31.9,-1441296,-65.5,-23428,-13.7,167,5.2,-814,-51.8
"13089","5","811210","78","0","2024","4","",32,77,77,77,759125,147223,3399,758,"",1.03,0.37,0.37,0.37,0.17,0.96,1.83,0.46,"",0,0.0,-25,-24.5,-31,-28.7,-36,-31.9,-1441296,-65.5,-23428,-13.7,167,5.2,-814,-51.8
"13089","5","8113","76","0","2024","4","",17,166,167,166,3553733,195282,3597,1643,"",0.28,0.34,0.35,0.35,0.32,0.41,0.52,0.94,"",-3,-15.0,-39,-19.0,-41,-19.7,-48,-22.4,-720005,-16.8,8834,4.7,1605,80.6,70,4.5
"13089","5","81131","77","0","2024","4","",17,166,167,166,3553733,195282,3597,1643,"",0.28,0.34,0.35,0.35,0.32,0.41,0.52,0.94,"",-3,-15.0,-39,-19.0,-41,-19.7,-48,-22.4,-720005,-16.8,8834,4.7,1605,80.6,70,4.5
"13089","5","811310","78","0","2024","4","",17,166,167,166,3553733,195282,3597,1643,"",0.28,0.34,0.35,0.35,0.32,0.41,0.52,0.94,"",-3,-15.0,-39,-19.0,-41,-19.7,-48,-22.4,-720005,-16.8,8834,4.7,1605,80.6,70,4.5
"13089","5","8114","76","0","2024","4","",34,67,66,72,1065454,91433,1134,1199,"",0.70,0.39,0.39,0.43,0.46,0.53,0.59,1.14,"",-4,-10.5,-26,-28.0,-29,-30.5,-23,-24.2,-231387,-17.8,-3273,-3.5,81,7.7,142,13.4
"13089","5","81141","77","0","2024","4","N",10,0,0,0,0,0,0,0,"N",0.62,0,0,0,0,0,0,0,"N",1,11.1,0,0,0,0,0,0,0,0,0,0,0,0,0,0
"13089","5","811412","78","0","2024","4","N",10,0,0,0,0,0,0,0,"N",0.82,0,0,0,0,0,0,0,"N",1,11.1,0,0,0,0,0,0,0,0,0,0,0,0,0,0
"13089","5","81142","77","0","2024","4","",9,39,38,43,743872,41744,144,1431,"",1.34,1.56,1.51,1.73,2.33,1.80,0.58,1.46,"",-3,-25.0,-8,-17.0,-9,-19.1,-3,-6.5,16419,2.3,20843,99.7,130,928.6,232,19.3
"13089","5","811420","78","0","2024","4","",9,39,38,43,743872,41744,144,1431,"",1.34,1.56,1.51,1.73,2.33,1.80,0.58,1.46,"",-3,-25.0,-8,-17.0,-9,-19.1,-3,-6.5,16419,2.3,20843,99.7,130,928.6,232,19.3
"13089","5","81143","77","0","2024","4","N",1,0,0,0,0,0,0,0,"N",0.74,0,0,0,0,0,0,0,"N",-1,-50.0,0,0,0,0,0,0,0,0,0,0,0,0,0,0
"13089","5","811430","78","0","2024","4","N",1,0,0,0,0,0,0,0,"N",0.74,0,0,0,0,0,0,0,"N",-1,-50.0,0,0,0,0,0,0,0,0,0,0,0,0,0,0
"13089","5","81149","77","0","2024","4","",14,16,16,18,189161,37689,678,873,"",0.57,0.20,0.20,0.23,0.18,0.45,0.70,0.84,"",-1,-6.7,-18,-52.9,-20,-55.6,-19,-51.4,-243250,-56.3,-24316,-39.2,-47,-6.5,-60,-6.4
"13089","5","811490","78","0","2024","4","",14,16,16,18,189161,37689,678,873,"",0.57,0.20,0.20,0.23,0.18,0.45,0.70,0.84,"",-1,-6.7,-18,-52.9,-20,-55.6,-19,-51.4,-243250,-56.3,-24316,-39.2,-47,-6.5,-60,-6.4
"13089","5","812","75","0","2024","4","",666,3152,3226,3253,32326511,4476942,61901,775,"",1.28,1.01,1.03,1.03,1.03,1.39,1.71,1.00,"",64,10.6,-388,-11.0,-314,-8.9,-316,-8.9,-1645246,-4.8,-910009,-16.9,-2219,-3.5,39,5.3
"13089","5","8121","76","0","2024","4","",369,1081,1079,1071,11226098,1173444,17889,802,"",1.22,0.73,0.72,0.72,0.85,0.74,0.97,1.18,"",28,8.2,-75,-6.5,-72,-6.3,-89,-7.7,-10615,-0.1,-188821,-13.9,-184,-1.0,54,7.2
"13089","5","81211","77","0","2024","4","",275,598,585,584,5752062,526433,5844,751,"",1.18,0.54,0.53,0.53,0.60,0.45,0.45,1.13,"",22,8.7,-46,-7.1,-50,-7.9,-59,-9.2,4855,0.1,-42888,-7.5,-747,-11.3,61,8.8
"13089","5","812111","78","0","2024","4","",19,32,33,32,409519,33608,255,974,"",1.18,0.46,0.47,0.45,0.58,0.40,0.29,1.25,"",3,18.8,-1,-3.0,0,0.0,-4,-11.1,35891,9.6,6004,21.8,-69,-21.3,129,15.3
"13089","5","812112","78","0","2024","4","",200,469,457,455,4566416,441044,5023,763,"",1.32,0.64,0.62,0.62,0.67,0.60,0.67,1.07,"",15,8.1,-59,-11.2,-63,-12.1,-66,-12.7,-170025,-3.6,-49063,-10.0,-341,-6.4,66,9.5
"13089","5","812113","78","0","2024","4","",56,97,95,97,776127,51781,566,620,"",0.85,0.32,0.32,0.32,0.37,0.15,0.12,1.16,"",4,7.7,14,16.9,13,15.9,11,12.8,138989,21.8,171,0.3,-337,-37.3,34,5.8
"13089","5","81219","77","0","2024","4","",94,483,494,487,5474036,647011,12045,863,"",1.38,1.26,1.29,1.26,1.55,1.53,2.23,1.22,"",6,6.8,-29,-5.7,-22,-4.3,-30,-5.8,-15470,-0.3,-145933,-18.4,563,4.9,43,5.2
"13089","5","812191","78","0","2024","4","N",7,0,0,0,0,0,0,0,"N",1.47,0,0,0,0,0,0,0,"N",1,16.7,0,0,0,0,0,0,0,0,0,0,0,0,0,0
"13089","5","812199","78","0","2024","4","N",87,0,0,0,0,0,0,0,"N",1.38,0,0,0,0,0,0,0,"N",5,6.1,0,0,0,0,0,0,0,0,0,0,0,0,0,0
"13089","5","8122","76","0","2024","4","",22,251,244,254,3161263,366729,7602,974,"",0.62,0.94,0.91,0.94,0.89,1.86,4.46,0.96,"",-1,-4.3,3,1.2,-15,-5.8,-5,-1.9,-393993,-11.1,120649,49.0,5119,206.2,-97,-9.1
"13089","5","81221","77","0","2024","4","",14,139,134,142,1621639,91469,842,902,"",0.52,0.68,0.65,0.68,0.61,0.61,0.76,0.91,"",-1,-6.7,-3,-2.1,-16,-10.7,-3,-2.1,-515216,-24.1,-39633,-30.2,-431,-33.9,-226,-20.0
"13089","5","812210","78","0","2024","4","",14,139,134,142,1621639,91469,842,902,"",0.52,0.68,0.65,0.68,0.61,0.61,0.76,0.91,"",-1,-6.7,-3,-2.1,-16,-10.7,-3,-2.1,-515216,-24.1,-39633,-30.2,-431,-33.9,-226,-20.0
"13089","5","81222","77","0","2024","4","",8,112,110,112,1539624,275260,6760,1064,"",0.93,1.76,1.78,1.84,1.74,6.03,11.28,0.97,"",0,0.0,6,5.7,1,0.9,-2,-1.8,121223,8.5,160282,139.4,5550,458.7,69,6.9
"13089","5","812220","78","0","2024","4","",8,112,110,112,1539624,275260,6760,1064,"",0.93,1.76,1.78,1.84,1.74,6.03,11.28,0.97,"",0,0.0,6,5.7,1,0.9,-2,-1.8,121223,8.5,160282,139.4,5550,458.7,69,6.9
"13089","5","8123","76","0","2024","4","",100,655,659,657,7739013,578185,4238,906,"",1.88,1.27,1.28,1.27,1.30,1.11,0.84,1.02,"",5,5.3,-27,-4.0,-40,-5.7,-24,-3.5,-318809,-4.0,-56358,-8.9,700,19.8,4,0.4
"13089","5","81231","77","0","2024","4","",38,72,77,78,363146,90804,1400,369,"",1.96,0.91,0.98,0.99,0.61,1.17,1.48,0.63,"",4,11.8,5,7.5,7,10.0,7,9.9,-13406,-3.6,3844,4.4,431,44.5,-49,-11.7
"13089","5","812310","78","0","2024","4","",38,72,77,78,363146,90804,1400,369,"",1.96,0.91,0.98,0.99,0.61,1.17,1.48,0.63,"",4,11.8,5,7.5,7,10.0,7,9.9,-13406,-3.6,3844,4.4,431,44.5,-49,-11.7
"13089","5","81232","77","0","2024","4","",55,198,195,193,1817610,246434,2011,716,"",1.94,1.12,1.10,1.09,1.21,1.39,1.22,1.09,"",1,1.9,-10,-4.8,-14,-6.7,6,3.2,-36120,-1.9,12589,5.4,328,19.5,8,1.1
"13089","5","812320","78","0","2024","4","",55,198,195,193,1817610,246434,2011,716,"",1.94,1.12,1.10,1.09,1.21,1.39,1.22,1.09,"",1,1.9,-10,-4.8,-14,-6.7,6,3.2,-36120,-1.9,12589,5.4,328,19.5,8,1.1
"13089","5","81233","77","0","2024","4","",7,385,387,386,5558257,240947,827,1108,"",1.29,1.48,1.49,1.48,1.44,0.90,0.34,0.97,"",0,0.0,-22,-5.4,-33,-7.9,-37,-8.7,-269283,-4.6,-72791,-23.2,-59,-6.7,32,3.0
"13089","5","812331","78","0","2024","4","N",4,0,0,0,0,0,0,0,"N",1.46,0,0,0,0,0,0,0,"N",0,0.0,0,0,0,0,0,0,0,0,0,0,0,0,0,0
"13089","5","812332","78","0","2024","4","N",3,0,0,0,0,0,0,0,"N",1.12,0,0,0,0,0,0,0,"N",0,0.0,0,0,0,0,0,0,0,0,0,0,0,0,0,0
"13089","5","8129","76","0","2024","4","",175,1165,1244,1271,10200137,2358584,32172,640,"",1.35,1.35,1.44,1.47,1.15,2.54,2.93,0.81,"",32,22.4,-289,-19.9,-187,-13.1,-198,-13.5,-921829,-8.3,-785479,-25.0,-7854,-19.6,51,8.7
"13089","5","81291","77","0","2024","4","",55,480,538,573,3795254,1096936,17806,550,"",1.03,1.25,1.40,1.48,1.21,2.48,3.80,0.88,"",10,22.2,-272,-36.2,-183,-25.4,-185,-24.4,-1064809,-21.9,-315369,-22.3,-1288,-6.7,47,9.3
"13089","5","812910","78","0","2024","4","",55,480,538,573,3795254,1096936,17806,550,"",1.03,1.25,1.40,1.48,1.21,2.48,3.80,0.88,"",10,22.2,-272,-36.2,-183,-25.4,-185,-24.4,-1064809,-21.9,-315369,-22.3,-1288,-6.7,47,9.3
"13089","5","81292","77","0","2024","4","",4,7,7,6,42234,20572,237,487,"",3.33,0.59,0.60,0.52,0.22,1.69,1.18,0.39,"",0,0.0,1,16.7,1,16.7,0,0.0,1802,4.5,-446,-2.1,65,37.8,-31,-6.0
"13089","5","812921","78","0","2024","4","N",2,0,0,0,0,0,0,0,"N",2.08,0,0,0,0,0,0,0,"N",0,0.0,0,0,0,0,0,0,0,0,0,0,0,0,0,0
"13089","5","812922","78","0","2024","4","N",2,0,0,0,0,0,0,0,"N",8.41,0,0,0,0,0,0,0,"N",0,0.0,0,0,0,0,0,0,0,0,0,0,0,0,0,0
"13089","5","81293","77","0","2024","4","",26,483,492,492,3487130,946389,8572,549,"",1.70,1.80,1.83,1.83,1.36,3.62,2.74,0.75,"",5,23.8,5,1.0,4,0.8,-1,-0.2,372110,11.9,-93000,-8.9,2285,36.3,56,11.4
"13089","5","812930","78","0","2024","4","",26,483,492,492,3487130,946389,8572,549,"",1.70,1.80,1.83,1.83,1.36,3.62,2.74,0.75,"",5,23.8,5,1.0,4,0.8,-1,-0.2,372110,11.9,-93000,-8.9,2285,36.3,56,11.4
"13089","5","81299","77","0","2024","4","",90,195,207,200,2875519,294687,5557,1102,"",1.51,0.98,1.04,1.01,0.96,1.37,1.87,0.95,"",17,23.3,-23,-10.6,-9,-4.2,-12,-5.7,-230932,-7.4,-376664,-56.1,-8916,-61.6,-8,-0.7
"13089","5","812990","78","0","2024","4","",90,195,207,200,2875519,294687,5557,1102,"",1.51,0.98,1.04,1.01,0.96,1.37,1.87,0.95,"",17,23.3,-23,-10.6,-9,-4.2,-12,-5.7,-230932,-7.4,-376664,-56.1,-8916,-61.6,-8,-0.7
"13089","5","813","75","0","2024","4","",274,2012,1967,2045,36819033,1196204,13676,1410,"",0.78,0.69,0.68,0.71,0.78,0.67,0.61,1.11,"",33,13.7,123,6.5,62,3.3,119,6.2,3248454,9.7,17832,1.5,-4456,-24.6,56,4.1
"13089","5","8131","76","0","2024","4","",57,291,293,289,3908162,199126,1682,1033,"",1.13,0.72,0.72,0.70,0.93,0.97,0.68,1.31,"",12,26.7,40,15.9,41,16.3,47,19.4,579586,17.4,-15979,-7.4,-650,-27.9,2,0.2
"13089","5","81311","77","0","2024","4","",57,291,293,289,3908162,199126,1682,1033,"",1.13,0.72,0.72,0.70,0.93,0.97,0.68,1.31,"",12,26.7,40,15.9,41,16.3,47,19.4,579586,17.4,-15979,-7.4,-650,-27.9,2,0.2
"13089","5","813110","78","0","2024","4","",57,291,293,289,3908162,199126,1682,1033,"",1.13,0.72,0.72,0.70,0.93,0.97,0.68,1.31,"",12,26.7,40,15.9,41,16.3,47,19.4,579586,17.4,-15979,-7.4,-650,-27.9,2,0.2
"13089","5","8132","76","0","2024","4","",29,229,228,234,4949471,101569,1265,1653,"",0.64,0.69,0.69,0.71,0.61,0.58,0.56,0.88,"",6,26.1,17,8.0,11,5.1,12,5.4,470332,10.5,-24718,-19.6,-465,-26.9,65,4.1
"13089","5","81321","77","0","2024","4","",29,229,228,234,4949471,101569,1265,1653,"",0.64,0.69,0.69,0.71,0.61,0.58,0.56,0.88,"",6,26.1,17,8.0,11,5.1,12,5.4,470332,10.5,-24718,-19.6,-465,-26.9,65,4.1
"13089","5","813211","78","0","2024","4","N",13,0,0,0,0,0,0,0,"N",0.56,0,0,0,0,0,0,0,"N",5,62.5,0,0,0,0,0,0,0,0,0,0,0,0,0,0
"13089","5","813212","78","0","2024","4","",14,189,188,193,4148915,71561,718,1680,"",1.38,2.39,2.35,2.40,2.09,1.70,1.18,0.88,"",0,0.0,14,8.0,10,5.6,10,5.5,387332,10.3,-19656,-21.5,-394,-35.4,60,3.7
"13089","5","813219","78","0","2024","4","N",2,0,0,0,0,0,0,0,"N",0.16,0,0,0,0,0,0,0,"N",1,100.0,0,0,0,0,0,0,0,0,0,0,0,0,0,0
"13089","5","8133","76","0","2024","4","",77,458,437,434,7805019,396777,7172,1355,"",1.06,0.83,0.81,0.81,0.80,0.92,1.23,0.98,"",13,20.3,62,15.7,9,2.1,14,3.3,1360279,21.1,49866,14.4,-2360,-24.8,159,13.3
"13089","5","81331","77","0","2024","4","",77,458,437,434,7805019,396777,7172,1355,"",1.06,0.83,0.81,0.81,0.80,0.92,1.23,0.98,"",13,20.3,62,15.7,9,2.1,14,3.3,1360279,21.1,49866,14.4,-2360,-24.8,159,13.3
"13089","5","813311","78","0","2024","4","",26,222,216,216,3859801,158835,2584,1362,"",1.89,1.84,1.84,1.88,1.85,1.89,2.01,1.00,"",6,30.0,32,16.8,26,13.7,37,20.7,722364,23.0,27350,20.8,651,33.7,67,5.2
"13089","5","813312","78","0","2024","4","",10,33,33,35,485711,55953,254,1110,"",0.53,0.20,0.21,0.22,0.17,0.46,0.19,0.80,"",0,0.0,-22,-40.0,-20,-37.7,-19,-35.2,-207356,-29.9,42641,320.3,207,440.4,123,12.5
"13089","5","813319","78","0","2024","4","",41,203,188,183,3459507,181989,4334,1391,"",1.02,0.76,0.71,0.70,0.72,0.81,1.35,0.99,"",7,20.6,52,34.4,3,1.6,-4,-2.1,845271,32.3,-20125,-10.0,-3218,-42.6,237,20.5
"13089","5","8134","76","0","2024","4","",27,334,331,336,2548623,94429,491,588,"",0.49,0.47,0.47,0.47,0.45,0.29,0.13,0.95,"",1,3.8,0,0.0,10,3.1,7,2.1,124136,5.1,-44524,-32.0,-1111,-69.4,19,3.3
"13089","5","81341","77","0","2024","4","",27,334,331,336,2548623,94429,491,588,"",0.49,0.47,0.47,0.47,0.45,0.29,0.13,0.95,"",1,3.8,0,0.0,10,3.1,7,2.1,124136,5.1,-44524,-32.0,-1111,-69.4,19,3.3
"13089","5","813410","78","0","2024","4","",27,334,331,336,2548623,94429,491,588,"",0.49,0.47,0.47,0.47,0.45,0.29,0.13,0.95,"",1,3.8,0,0.0,10,3.1,7,2.1,124136,5.1,-44524,-32.0,-1111,-69.4,19,3.3
"13089","5","8139","76","0","2024","4","",84,700,678,752,17607758,404303,3066,1908,"",0.66,0.78,0.77,0.86,0.90,0.61,0.38,1.12,"",1,1.2,4,0.6,-9,-1.3,39,5.5,714121,4.2,53187,15.1,130,4.4,48,2.6
"13089","5","81391","77","0","2024","4","",36,202,199,238,6244413,203404,1542,2255,"",0.85,0.85,0.84,1.00,0.92,1.36,0.99,1.03,"",0,0.0,-5,-2.4,-1,-0.5,29,13.9,198817,3.3,66660,48.7,150,10.8,-10,-0.4
"13089","5","813910","78","0","2024","4","",36,202,199,238,6244413,203404,1542,2255,"",0.85,0.85,0.84,1.00,0.92,1.36,0.99,1.03,"",0,0.0,-5,-2.4,-1,-0.5,29,13.9,198817,3.3,66660,48.7,150,10.8,-10,-0.4
"13089","5","81392","77","0","2024","4","",26,351,349,354,9552832,107313,899,2092,"",1.09,1.96,1.94,1.96,1.87,1.27,0.97,0.96,"",2,8.3,-1,-0.3,-1,-0.3,0,0.0,473953,5.2,-13899,-11.5,248,38.1,108,5.4
"13089","5","813920","78","0","2024","4","",26,351,349,354,9552832,107313,899,2092,"",1.09,1.96,1.94,1.96,1.87,1.27,0.97,0.96,"",2,8.3,-1,-0.3,-1,-0.3,0,0.0,473953,5.2,-13899,-11.5,248,38.1,108,5.4
"13089","5","81393","77","0","2024","4","",9,76,68,106,1240084,42623,171,1145,"",0.36,0.35,0.32,0.48,0.36,0.27,0.10,0.95,"N",1,12.5,0,0,0,0,0,0,0,0,0,0,0,0,0,0
"13089","5","813930","78","0","2024","4","",9,76,68,106,1240084,42623,171,1145,"",0.36,0.35,0.32,0.48,0.36,0.27,0.10,0.95,"N",1,12.5,0,0,0,0,0,0,0,0,0,0,0,0,0,0
"13089","5","81394","77","0","2024","4","N",1,0,0,0,0,0,0,0,"N",0.14,0,0,0,0,0,0,0,"N",-3,-75.0,0,0,0,0,0,0,0,0,0,0,0,0,0,0
"13089","5","813940","78","0","2024","4","N",1,0,0,0,0,0,0,0,"N",0.14,0,0,0,0,0,0,0,"N",-3,-75.0,0,0,0,0,0,0,0,0,0,0,0,0,0,0
"13089","5","81399","77","0","2024","4","N",12,0,0,0,0,0,0,0,"N",0.41,0,0,0,0,0,0,0,"N",1,9.1,0,0,0,0,0,0,0,0,0,0,0,0,0,0
"13089","5","813990","78","0","2024","4","N",12,0,0,0,0,0,0,0,"N",0.41,0,0,0,0,0,0,0,"N",1,9.1,0,0,0,0,0,0,0,0,0,0,0,0,0,0
"13089","5","814","75","0","2024","4","",334,188,179,180,2819181,353744,6653,1189,"",0.90,0.44,0.43,0.43,0.58,0.77,1.04,1.34,"",41,14.0,79,72.5,65,57.0,63,53.8,208202,8.0,-14751,-4.0,-917,-12.1,-583,-32.9
"13089","5","8141","76","0","2024","4","",334,188,179,180,2819181,353744,6653,1189,"",0.90,0.44,0.43,0.43,0.58,0.77,1.04,1.34,"",41,14.0,79,72.5,65,57.0,63,53.8,208202,8.0,-14751,-4.0,-917,-12.1,-583,-32.9
"13089","5","81411","77","0","2024","4","",334,188,179,180,2819181,353744,6653,1189,"",0.90,0.44,0.43,0.43,0.58,0.77,1.04,1.34,"",41,14.0,79,72.5,65,57.0,63,53.8,208202,8.0,-14751,-4.0,-917,-12.1,-583,-32.9
"13089","5","814110","78","0","2024","4","",334,188,179,180,2819181,353744,6653,1189,"",0.90,0.44,0.43,0.43,0.58,0.77,1.04,1.34,"",41,14.0,79,72.5,65,57.0,63,53.8,208202,8.0,-14751,-4.0,-917,-12.1,-583,-32.9
"13089","5","99","74","0","2024","4","",2241,906,886,943,25790906,2818857,68291,2176,"",4.12,2.03,1.94,2.01,2.43,2.96,3.32,1.22,"",-2097,-48.3,-718,-44.2,-760,-46.2,-791,-45.6,-17759738,-40.8,-1281265,-31.2,-28636,-29.5,168,8.4
"13089","5","999","75","0","2024","4","",2241,906,886,943,25790906,2818857,68291,2176,"",4.12,2.03,1.94,2.01,2.43,2.96,3.32,1.22,"",-2097,-48.3,-718,-44.2,-760,-46.2,-791,-45.6,-17759738,-40.8,-1281265,-31.2,-28636,-29.5,168,8.4
"13089","5","9999","76","0","2024","4","",2241,906,886,943,25790906,2818857,68291,2176,"",4.12,2.03,1.94,2.01,2.43,2.96,3.32,1.22,"",-2097,-48.3,-718,-44.2,-760,-46.2,-791,-45.6,-17759738,-40.8,-1281265,-31.2,-28636,-29.5,168,8.4
"13089","5","99999","77","0","2024","4","",2241,906,886,943,25790906,2818857,68291,2176,"",4.12,2.03,1.94,2.01,2.43,2.96,3.32,1.22,"",-2097,-48.3,-718,-44.2,-760,-46.2,-791,-45.6,-17759738,-40.8,-1281265,-31.2,-28636,-29.5,168,8.4
"13089","5","999999","78","0","2024","4","",2241,906,886,943,25790906,2818857,68291,2176,"",4.12,2.03,1.94,2.01,2.43,2.96,3.32,1.22,"",-2097,-48.3,-718,-44.2,-760,-46.2,-791,-45.6,-17759738,-40.8,-1281265,-31.2,-28636,-29.5,168,8.4
