"area_fips","own_code","industry_code","agglvl_code","size_code","year","qtr","disclosure_code","qtrly_estabs","month1_emplvl","month2_emplvl","month3_emplvl","total_qtrly_wages","taxable_qtrly_wages","qtrly_contributions","avg_wkly_wage","lq_disclosure_code","lq_qtrly_estabs","lq_month1_emplvl","lq_month2_emplvl","lq_month3_emplvl","lq_total_qtrly_wages","lq_taxable_qtrly_wages","lq_qtrly_contributions","lq_avg_wkly_wage","oty_disclosure_code","oty_qtrly_estabs_chg","oty_qtrly_estabs_pct_chg","oty_month1_emplvl_chg","oty_month1_emplvl_pct_chg","oty_month2_emplvl_chg","oty_month2_emplvl_pct_chg","oty_month3_emplvl_chg","oty_month3_emplvl_pct_chg","oty_total_qtrly_wages_chg","oty_total_qtrly_wages_pct_chg","oty_taxable_qtrly_wages_chg","oty_taxable_qtrly_wages_pct_chg","oty_qtrly_contributions_chg","oty_qtrly_contributions_pct_chg","oty_avg_wkly_wage_chg","oty_avg_wkly_wage_pct_chg"
"13097","0","10","70","0","2023","4","",3595,50651,51529,51742,747859257,66650040,606266,1121,"",1.00,1.00,1.00,1.00,1.00,1.00,1.00,1.00,"",-30,-0.8,2518,5.2,2987,6.2,3014,6.2,74378415,11.0,7024231,11.8,-263017,-30.3,52,4.9
"13097","1","10","71","0","2023","4","",10,293,280,289,5589573,0,0,1496,"",0.54,0.30,0.28,0.29,0.29,0.00,0.00,1.00,"",0,0.0,40,15.8,17,6.5,7,2.5,827256,17.4,0,0.0,0,0.0,119,8.6
"13097","1","102","72","0","2023","4","",10,293,280,289,5589573,0,0,1496,"",0.54,0.31,0.29,0.30,0.30,0.00,0.00,1.00,"",0,0.0,40,15.8,17,6.5,7,2.5,827256,17.4,0,0.0,0,0.0,119,8.6
"13097","1","1021","73","0","2023","4","",4,175,164,164,2378743,0,0,1091,"",0.43,0.80,0.73,0.72,0.79,0.00,0.00,1.06,"",0,0.0,7,4.2,-8,-4.7,-23,-12.3,-296796,-11.1,0,0.0,0,0.0,-81,-6.9
"13097","1","1028","73","0","2023","4","",6,118,116,125,3210830,0,0,2064,"",0.79,0.22,0.21,0.23,0.27,0.00,0.00,1.22,"",0,0.0,33,38.8,25,27.5,30,31.6,1124052,53.9,0,0.0,0,0.0,287,16.2
"13097","1","48-49","74","0","2023","4","",4,175,164,164,2378743,0,0,1091,"",0.45,0.86,0.80,0.78,0.87,0.00,0.00,1.07,"",0,0.0,7,4.2,-8,-4.7,-23,-12.3,-296796,-11.1,0,0.0,0,0.0,-81,-6.9
"13097","1","491","75","0","2023","4","",4,175,164,164,2378743,0,0,1091,"",0.45,0.88,0.81,0.80,0.91,0.00,0.00,1.10,"",0,0.0,7,4.2,-8,-4.7,-23,-12.3,-296796,-11.1,0,0.0,0,0.0,-81,-6.9
"13097","1","4911","76","0","2023","4","",4,175,164,164,2378743,0,0,1091,"",0.45,0.88,0.81,0.80,0.91,0.00,0.00,1.10,"",0,0.0,7,4.2,-8,-4.7,-23,-12.3,-296796,-11.1,0,0.0,0,0.0,-81,-6.9
"13097","1","49111","77","0","2023","4","",4,175,164,164,2378743,0,0,1091,"",0.45,0.88,0.81,0.80,0.91,0.00,0.00,1.10,"",0,0.0,7,4.2,-8,-4.7,-23,-12.3,-296796,-11.1,0,0.0,0,0.0,-81,-6.9
"13097","1","491110","78","0","2023","4","",4,175,164,164,2378743,0,0,1091,"",0.45,0.88,0.81,0.80,0.91,0.00,0.00,1.10,"",0,0.0,7,4.2,-8,-4.7,-23,-12.3,-296796,-11.1,0,0.0,0,0.0,-81,-6.9
"13097","1","92","74","0","2023","4","",6,118,116,125,3210830,0,0,2064,"",0.79,0.22,0.21,0.23,0.27,0.00,0.00,1.22,"",0,0.0,33,38.8,25,27.5,30,31.6,1124052,53.9,0,0.0,0,0.0,287,16.2
"13097","1","921","75","0","2023","4","",2,39,39,38,1303736,0,0,2594,"",3.81,0.74,0.73,0.72,1.14,0.00,0.00,1.56,"",1,100.0,29,290.0,29,290.0,28,280.0,1036767,388.3,0,0.0,0,0.0,540,26.3
"13097","1","9211","76","0","2023","4","",2,39,39,38,1303736,0,0,2594,"",3.81,0.74,0.73,0.72,1.14,0.00,0.00,1.56,"",1,100.0,29,290.0,29,290.0,28,280.0,1036767,388.3,0,0.0,0,0.0,540,26.3
"13097","1","92113","77","0","2023","4","",1,26,26,24,922726,0,0,2802,"",5.74,0.76,0.75,0.69,1.24,0.00,0.00,1.69,"N",1,100.0,0,0,0,0,0,0,0,0,0,0,0,0,0,0
"13097","1","921130","78","0","2023","4","",1,26,26,24,922726,0,0,2802,"",5.74,0.76,0.75,0.69,1.24,0.00,0.00,1.69,"N",1,100.0,0,0,0,0,0,0,0,0,0,0,0,0,0,0
"13097","1","92119","77","0","2023","4","",1,13,13,14,381010,0,0,2198,"",2.89,1.13,1.12,1.19,1.42,0.00,0.00,1.23,"",0,0.0,3,30.0,3,30.0,4,40.0,114041,42.7,0,0.0,0,0.0,144,7.0
"13097","1","921190","78","0","2023","4","",1,13,13,14,381010,0,0,2198,"",2.89,1.13,1.12,1.19,1.42,0.00,0.00,1.23,"",0,0.0,3,30.0,3,30.0,4,40.0,114041,42.7,0,0.0,0,0.0,144,7.0
"13097","1","922","75","0","2023","4","",1,15,12,20,369950,0,0,1816,"",0.95,0.17,0.13,0.22,0.16,0.00,0.00,0.91,"",0,0.0,-1,-6.2,-3,-20.0,2,11.1,67959,22.5,0,0.0,0,0.0,394,27.7
"13097","1","9221","76","0","2023","4","",1,15,12,20,369950,0,0,1816,"",0.95,0.17,0.13,0.22,0.16,0.00,0.00,0.91,"",0,0.0,-1,-6.2,-3,-20.0,2,11.1,67959,22.5,0,0.0,0,0.0,394,27.7
"13097","1","92219","77","0","2023","4","",1,15,12,20,369950,0,0,1816,"",5.86,1.43,1.13,1.88,1.38,0.00,0.00,0.93,"",0,0.0,-1,-6.2,-3,-20.0,2,11.1,67959,22.5,0,0.0,0,0.0,394,27.7
"13097","1","922190","78","0","2023","4","",1,15,12,20,369950,0,0,1816,"",5.86,1.43,1.13,1.88,1.38,0.00,0.00,0.93,"",0,0.0,-1,-6.2,-3,-20.0,2,11.1,67959,22.5,0,0.0,0,0.0,394,27.7
"13097","1","923","75","0","2023","4","",1,48,49,49,1291932,0,0,2042,"",1.25,0.62,0.62,0.62,0.78,0.00,0.00,1.26,"",0,0.0,3,6.7,-4,-7.5,-4,-7.5,52368,4.2,0,0.0,0,0.0,148,7.8
"13097","1","9231","76","0","2023","4","",1,48,49,49,1291932,0,0,2042,"",1.25,0.62,0.62,0.62,0.78,0.00,0.00,1.26,"",0,0.0,3,6.7,-4,-7.5,-4,-7.5,52368,4.2,0,0.0,0,0.0,148,7.8
"13097","1","92312","77","0","2023","4","",1,48,49,49,1291932,0,0,2042,"",4.32,2.29,2.30,2.29,2.54,0.00,0.00,1.11,"",0,0.0,3,6.7,-4,-7.5,-4,-7.5,52368,4.2,0,0.0,0,0.0,148,7.8
"13097","1","923120","78","0","2023","4","",1,48,49,49,1291932,0,0,2042,"",4.32,2.29,2.30,2.29,2.54,0.00,0.00,1.11,"",0,0.0,3,6.7,-4,-7.5,-4,-7.5,52368,4.2,0,0.0,0,0.0,148,7.8
"13097","1","926","75","0","2023","4","",1,16,16,18,245212,0,0,1132,"",0.36,0.19,0.19,0.21,0.12,0.00,0.00,0.61,"",-1,-50.0,3,23.1,4,33.3,5,38.5,-8143,-3.2,0,0.0,0,0.0,-407,-26.4
"13097","1","9261","76","0","2023","4","",1,16,16,18,245212,0,0,1132,"",0.36,0.19,0.19,0.21,0.12,0.00,0.00,0.61,"",-1,-50.0,3,23.1,4,33.3,5,38.5,-8143,-3.2,0,0.0,0,0.0,-407,-26.4
"13097","1","92611","77","0","2023","4","",1,16,16,18,245212,0,0,1132,"",0.82,0.99,0.98,1.10,0.61,0.00,0.00,0.60,"",-1,-50.0,3,23.1,4,33.3,5,38.5,-8143,-3.2,0,0.0,0,0.0,-407,-26.4
"13097","1","926110","78","0","2023","4","",1,16,16,18,245212,0,0,1132,"",0.82,0.99,0.98,1.10,0.61,0.00,0.00,0.60,"",-1,-50.0,3,23.1,4,33.3,5,38.5,-8143,-3.2,0,0.0,0,0.0,-407,-26.4
"13097","1","928","75","0","2023","4","",1,0,0,0,0,0,0,0,"",1.32,0.00,0.00,0.00,0.00,0.00,0.00,0.00,"",0,0.0,-1,-100.0,-1,-100.0,-1,-100.0,-24899,-100.0,0,0.0,0,0.0,-1915,-100.0
"13097","1","9281","76","0","2023","4","",1,0,0,0,0,0,0,0,"",1.32,0.00,0.00,0.00,0.00,0.00,0.00,0.00,"",0,0.0,-1,-100.0,-1,-100.0,-1,-100.0,-24899,-100.0,0,0.0,0,0.0,-1915,-100.0
"13097","1","92812","77","0","2023","4","",1,0,0,0,0,0,0,0,"",5.11,0.00,0.00,0.00,0.00,0.00,0.00,0.00,"",0,0.0,-1,-100.0,-1,-100.0,-1,-100.0,-24899,-100.0,0,0.0,0,0.0,-1915,-100.0
"13097","1","928120","78","0","2023","4","",1,0,0,0,0,0,0,0,"",5.11,0.00,0.00,0.00,0.00,0.00,0.00,0.00,"",0,0.0,-1,-100.0,-1,-100.0,-1,-100.0,-24899,-100.0,0,0.0,0,0.0,-1915,-100.0
"13097","2","10","71","0","2023","4","",18,271,275,282,2929167,0,0,816,"",0.83,0.17,0.17,0.18,0.12,0.00,0.00,0.70,"",0,0.0,14,5.4,13,5.0,21,8.0,344304,13.3,0,0.0,0,0.0,51,6.7
"13097","2","102","72","0","2023","4","",18,271,275,282,2929167,0,0,816,"",0.85,0.18,0.18,0.18,0.12,0.00,0.00,0.70,"",0,0.0,14,5.4,13,5.0,21,8.0,344304,13.3,0,0.0,0,0.0,51,6.7
"13097","2","1021","73","0","2023","4","",1,0,0,0,0,0,0,0,"",3.45,0.00,0.00,0.00,0.00,0.00,0.00,0.00,"",0,0.0,0,0.0,0,0.0,0,0.0,0,0.0,0,0.0,0,0.0,0,0.0
"13097","2","1025","73","0","2023","4","",6,202,206,209,2132757,0,0,798,"",1.33,0.23,0.23,0.23,0.16,0.00,0.00,0.69,"",0,0.0,10,5.2,10,5.1,10,5.0,295269,16.1,0,0.0,0,0.0,76,10.5
"13097","2","1027","73","0","2023","4","",1,10,11,11,117097,0,0,844,"",18.46,6.46,6.88,6.99,7.84,0.00,0.00,1.16,"",0,0.0,2,25.0,2,22.2,2,22.2,34145,41.2,0,0.0,0,0.0,108,14.7
"13097","2","1028","73","0","2023","4","",10,59,58,62,679313,0,0,876,"",0.65,0.10,0.10,0.10,0.07,0.00,0.00,0.74,"",0,0.0,2,3.5,1,1.8,9,17.0,14890,2.2,0,0.0,0,0.0,-42,-4.6
"13097","2","48-49","74","0","2023","4","",1,0,0,0,0,0,0,0,"",7.14,0.00,0.00,0.00,0.00,0.00,0.00,0.00,"",0,0.0,0,0.0,0,0.0,0,0.0,0,0.0,0,0.0,0,0.0,0,0.0
"13097","2","488","75","0","2023","4","",1,0,0,0,0,0,0,0,"",8.84,0.00,0.00,0.00,0.00,0.00,0.00,0.00,"",0,0.0,0,0.0,0,0.0,0,0.0,0,0.0,0,0.0,0,0.0,0,0.0
"13097","2","4881","76","0","2023","4","",1,0,0,0,0,0,0,0,"",19.20,0.00,0.00,0.00,0.00,0.00,0.00,0.00,"",0,0.0,0,0.0,0,0.0,0,0.0,0,0.0,0,0.0,0,0.0,0,0.0
"13097","2","48811","77","0","2023","4","",1,0,0,0,0,0,0,0,"N",19.31,0,0,0,0,0,0,0,"",0,0.0,0,0.0,0,0.0,0,0.0,0,0.0,0,0.0,0,0.0,0,0.0
"13097","2","488111","78","0","2023","4","",1,0,0,0,0,0,0,0,"",20.62,0.00,0.00,0.00,0.00,0.00,0.00,0.00,"",0,0.0,0,0.0,0,0.0,0,0.0,0,0.0,0,0.0,0,0.0,0,0.0
"13097","2","61","74","0","2023","4","",2,134,134,135,1124239,0,0,644,"",0.80,0.20,0.19,0.20,0.11,0.00,0.00,0.57,"",0,0.0,5,3.9,-1,-0.7,0,0.0,71302,6.8,0,0.0,0,0.0,35,5.7
"13097","2","611","75","0","2023","4","",2,134,134,135,1124239,0,0,644,"",0.80,0.20,0.19,0.20,0.11,0.00,0.00,0.57,"",0,0.0,5,3.9,-1,-0.7,0,0.0,71302,6.8,0,0.0,0,0.0,35,5.7
"13097","2","6113","76","0","2023","4","",1,29,28,28,322256,0,0,875,"",0.54,0.05,0.05,0.05,0.04,0.00,0.00,0.74,"",0,0.0,0,0.0,-1,-3.4,0,0.0,31137,10.7,0,0.0,0,0.0,94,12.0
"13097","2","61131","77","0","2023","4","",1,29,28,28,322256,0,0,875,"",0.54,0.05,0.05,0.05,0.04,0.00,0.00,0.74,"",0,0.0,0,0.0,-1,-3.4,0,0.0,31137,10.7,0,0.0,0,0.0,94,12.0
"13097","2","611310","78","0","2023","4","",1,29,28,28,322256,0,0,875,"",0.54,0.05,0.05,0.05,0.04,0.00,0.00,0.74,"",0,0.0,0,0.0,-1,-3.4,0,0.0,31137,10.7,0,0.0,0,0.0,94,12.0
"13097","2","6115","76","0","2023","4","",1,105,106,107,801983,0,0,582,"",12.61,27.85,27.43,27.83,24.75,0.00,0.00,0.89,"",0,0.0,5,5.0,0,0.0,0,0.0,40165,5.3,0,0.0,0,0.0,20,3.6
"13097","2","61151","77","0","2023","4","",1,105,106,107,801983,0,0,582,"",12.61,27.85,27.43,27.83,24.75,0.00,0.00,0.89,"",0,0.0,5,5.0,0,0.0,0,0.0,40165,5.3,0,0.0,0,0.0,20,3.6
"13097","2","611519","78","0","2023","4","",1,105,106,107,801983,0,0,582,"",12.90,28.90,28.45,28.89,25.88,0.00,0.00,0.90,"",0,0.0,5,5.0,0,0.0,0,0.0,40165,5.3,0,0.0,0,0.0,20,3.6
"13097","2","62","74","0","2023","4","",4,68,72,74,1008518,0,0,1088,"",1.98,0.31,0.33,0.33,0.29,0.00,0.00,0.88,"",0,0.0,5,7.9,11,18.0,10,15.6,223967,28.5,0,0.0,0,0.0,125,13.0
"13097","2","621","75","0","2023","4","",4,68,72,74,1008518,0,0,1088,"",11.55,5.22,5.42,5.53,5.06,0.00,0.00,0.94,"",0,0.0,5,7.9,11,18.0,10,15.6,223967,28.5,0,0.0,0,0.0,125,13.0
"13097","2","6214","76","0","2023","4","",4,68,72,74,1008518,0,0,1088,"",14.85,9.30,9.63,9.84,9.99,0.00,0.00,1.04,"",0,0.0,5,7.9,11,18.0,10,15.6,223967,28.5,0,0.0,0,0.0,125,13.0
"13097","2","62142","77","0","2023","4","",1,0,0,0,0,0,0,0,"",6.08,0.00,0.00,0.00,0.00,0.00,0.00,0.00,"",0,0.0,-1,-100.0,-1,-100.0,-1,-100.0,-9367,-100.0,0,0.0,0,0.0,-721,-100.0
"13097","2","621420","78","0","2023","4","",1,0,0,0,0,0,0,0,"",6.08,0.00,0.00,0.00,0.00,0.00,0.00,0.00,"",0,0.0,-1,-100.0,-1,-100.0,-1,-100.0,-9367,-100.0,0,0.0,0,0.0,-721,-100.0
"13097","2","62149","77","0","2023","4","",3,68,72,74,1008518,0,0,1088,"",28.88,21.26,22.00,22.47,21.76,0.00,0.00,0.99,"",0,0.0,6,9.7,12,20.0,11,17.5,233334,30.1,0,0.0,0,0.0,121,12.5
"13097","2","621498","78","0","2023","4","",3,68,72,74,1008518,0,0,1088,"N",31.52,0,0,0,0,0,0,0,"",0,0.0,6,9.7,12,20.0,11,17.5,233334,30.1,0,0.0,0,0.0,121,12.5
"13097","2","81","74","0","2023","4","",1,10,11,11,117097,0,0,844,"",18.46,6.46,6.88,6.99,7.84,0.00,0.00,1.16,"",0,0.0,2,25.0,2,22.2,2,22.2,34145,41.2,0,0.0,0,0.0,108,14.7
"13097","2","813","75","0","2023","4","",1,10,11,11,117097,0,0,844,"",23.20,7.55,8.00,8.06,9.74,0.00,0.00,1.24,"",0,0.0,2,25.0,2,22.2,2,22.2,34145,41.2,0,0.0,0,0.0,108,14.7
"13097","2","8133","76","0","2023","4","",1,10,11,11,117097,0,0,844,"N",34.44,0,0,0,0,0,0,0,"",0,0.0,2,25.0,2,22.2,2,22.2,34145,41.2,0,0.0,0,0.0,108,14.7
"13097","2","81331","77","0","2023","4","",1,10,11,11,117097,0,0,844,"N",34.44,0,0,0,0,0,0,0,"",0,0.0,2,25.0,2,22.2,2,22.2,34145,41.2,0,0.0,0,0.0,108,14.7
"13097","2","813319","78","0","2023","4","",1,10,11,11,117097,0,0,844,"",37.53,25.92,28.10,27.81,29.97,0.00,0.00,1.10,"",0,0.0,2,25.0,2,22.2,2,22.2,34145,41.2,0,0.0,0,0.0,108,14.7
"13097","2","92","74","0","2023","4","",10,59,58,62,679313,0,0,876,"",0.65,0.10,0.10,0.10,0.07,0.00,0.00,0.74,"",0,0.0,2,3.5,1,1.8,9,17.0,14890,2.2,0,0.0,0,0.0,-42,-4.6
"13097","2","921","75","0","2023","4","",2,5,5,6,76360,0,0,1101,"",1.04,0.07,0.06,0.08,0.06,0.00,0.00,0.85,"",0,0.0,0,0.0,1,25.0,2,50.0,10450,15.9,0,0.0,0,0.0,-69,-5.9
"13097","2","9211","76","0","2023","4","",2,5,5,6,76360,0,0,1101,"",1.04,0.07,0.06,0.08,0.06,0.00,0.00,0.85,"",0,0.0,0,0.0,1,25.0,2,50.0,10450,15.9,0,0.0,0,0.0,-69,-5.9
"13097","2","92113","77","0","2023","4","",1,2,2,2,31354,0,0,1206,"",1.38,0.06,0.06,0.06,0.06,0.00,0.00,0.92,"",0,0.0,1,100.0,1,100.0,1,100.0,9974,46.7,0,0.0,0,0.0,-439,-26.7
"13097","2","921130","78","0","2023","4","",1,2,2,2,31354,0,0,1206,"",1.38,0.06,0.06,0.06,0.06,0.00,0.00,0.92,"",0,0.0,1,100.0,1,100.0,1,100.0,9974,46.7,0,0.0,0,0.0,-439,-26.7
"13097","2","92119","77","0","2023","4","",1,3,3,4,45006,0,0,1039,"",1.17,0.10,0.10,0.13,0.08,0.00,0.00,0.76,"",0,0.0,-1,-25.0,0,0.0,1,33.3,476,1.1,0,0.0,0,0.0,11,1.1
"13097","2","921190","78","0","2023","4","",1,3,3,4,45006,0,0,1039,"",1.17,0.10,0.10,0.13,0.08,0.00,0.00,0.76,"",0,0.0,-1,-25.0,0,0.0,1,33.3,476,1.1,0,0.0,0,0.0,11,1.1
"13097","2","922","75","0","2023","4","",4,22,23,23,415832,0,0,1411,"",0.92,0.10,0.10,0.10,0.12,0.00,0.00,1.15,"",0,0.0,-1,-4.3,-1,-4.2,-1,-4.2,-15511,-3.6,0,0.0,0,0.0,9,0.6
"13097","2","9221","76","0","2023","4","",4,22,23,23,415832,0,0,1411,"",0.92,0.10,0.10,0.10,0.12,0.00,0.00,1.15,"",0,0.0,-1,-4.3,-1,-4.2,-1,-4.2,-15511,-3.6,0,0.0,0,0.0,9,0.6
"13097","2","92211","77","0","2023","4","",1,9,10,10,175061,0,0,1393,"",0.83,0.27,0.29,0.29,0.33,0.00,0.00,1.17,"",0,0.0,-1,-10.0,0,0.0,0,0.0,-792,-0.5,0,0.0,0,0.0,40,3.0
"13097","2","922110","78","0","2023","4","",1,9,10,10,175061,0,0,1393,"",0.83,0.27,0.29,0.29,0.33,0.00,0.00,1.17,"",0,0.0,-1,-10.0,0,0.0,0,0.0,-792,-0.5,0,0.0,0,0.0,40,3.0
"13097","2","92212","77","0","2023","4","",1,0,0,0,0,0,0,0,"",1.32,0.00,0.00,0.00,0.00,0.00,0.00,0.00,"",0,0.0,-1,-100.0,-1,-100.0,-1,-100.0,-21562,-100.0,0,0.0,0,0.0,-1659,-100.0
"13097","2","922120","78","0","2023","4","",1,0,0,0,0,0,0,0,"",1.32,0.00,0.00,0.00,0.00,0.00,0.00,0.00,"",0,0.0,-1,-100.0,-1,-100.0,-1,-100.0,-21562,-100.0,0,0.0,0,0.0,-1659,-100.0
"13097","2","92213","77","0","2023","4","",1,11,11,11,221177,0,0,1547,"",1.64,0.55,0.54,0.54,0.66,0.00,0.00,1.21,"",0,0.0,1,10.0,0,0.0,0,0.0,6409,3.0,0,0.0,0,0.0,-2,-0.1
"13097","2","922130","78","0","2023","4","",1,11,11,11,221177,0,0,1547,"",1.64,0.55,0.54,0.54,0.66,0.00,0.00,1.21,"",0,0.0,1,10.0,0,0.0,0,0.0,6409,3.0,0,0.0,0,0.0,-2,-0.1
"13097","2","92215","77","0","2023","4","",1,2,2,2,19594,0,0,754,"",3.51,0.30,0.30,0.30,0.21,0.00,0.00,0.71,"",0,0.0,0,0.0,0,0.0,0,0.0,434,2.3,0,0.0,0,0.0,17,2.3
"13097","2","922150","78","0","2023","4","",1,2,2,2,19594,0,0,754,"",3.51,0.30,0.30,0.30,0.21,0.00,0.00,0.71,"",0,0.0,0,0.0,0,0.0,0,0.0,434,2.3,0,0.0,0,0.0,17,2.3
"13097","2","923","75","0","2023","4","",2,8,8,8,73158,0,0,703,"",0.60,0.06,0.06,0.06,0.04,0.00,0.00,0.63,"",0,0.0,2,33.3,1,14.3,1,14.3,9656,15.2,0,0.0,0,0.0,-30,-4.1
"13097","2","9231","76","0","2023","4","",2,8,8,8,73158,0,0,703,"",0.60,0.06,0.06,0.06,0.04,0.00,0.00,0.63,"",0,0.0,2,33.3,1,14.3,1,14.3,9656,15.2,0,0.0,0,0.0,-30,-4.1
"13097","2","92312","77","0","2023","4","",2,8,8,8,73158,0,0,703,"",1.86,0.17,0.17,0.17,0.10,0.00,0.00,0.61,"",0,0.0,2,33.3,1,14.3,1,14.3,9656,15.2,0,0.0,0,0.0,-30,-4.1
"13097","2","923120","78","0","2023","4","",2,8,8,8,73158,0,0,703,"",1.86,0.17,0.17,0.17,0.10,0.00,0.00,0.61,"",0,0.0,2,33.3,1,14.3,1,14.3,9656,15.2,0,0.0,0,0.0,-30,-4.1
"13097","2","924","75","0","2023","4","",1,24,22,25,113963,0,0,370,"",0.48,0.48,0.44,0.51,0.16,0.00,0.00,0.34,"",0,0.0,2,9.1,1,4.8,7,38.9,15814,16.1,0,0.0,0,0.0,-1,-0.3
"13097","2","9241","76","0","2023","4","",1,24,22,25,113963,0,0,370,"",0.48,0.48,0.44,0.51,0.16,0.00,0.00,0.34,"",0,0.0,2,9.1,1,4.8,7,38.9,15814,16.1,0,0.0,0,0.0,-1,-0.3
"13097","2","92412","77","0","2023","4","",1,24,22,25,113963,0,0,370,"",0.59,0.67,0.63,0.72,0.25,0.00,0.00,0.37,"",0,0.0,2,9.1,1,4.8,7,38.9,15814,16.1,0,0.0,0,0.0,-1,-0.3
"13097","2","924120","78","0","2023","4","",1,24,22,25,113963,0,0,370,"",0.59,0.67,0.63,0.72,0.25,0.00,0.00,0.37,"",0,0.0,2,9.1,1,4.8,7,38.9,15814,16.1,0,0.0,0,0.0,-1,-0.3
"13097","2","926","75","0","2023","4","",1,0,0,0,0,0,0,0,"",0.30,0.00,0.00,0.00,0.00,0.00,0.00,0.00,"",0,0.0,-1,-100.0,-1,-100.0,0,0.0,-5519,-100.0,0,0.0,0,0.0,-637,-100.0
"13097","2","9261","76","0","2023","4","",1,0,0,0,0,0,0,0,"",0.30,0.00,0.00,0.00,0.00,0.00,0.00,0.00,"",0,0.0,-1,-100.0,-1,-100.0,0,0.0,-5519,-100.0,0,0.0,0,0.0,-637,-100.0
"13097","2","92614","77","0","2023","4","",1,0,0,0,0,0,0,0,"",1.10,0.00,0.00,0.00,0.00,0.00,0.00,0.00,"",0,0.0,-1,-100.0,-1,-100.0,0,0.0,-5519,-100.0,0,0.0,0,0.0,-637,-100.0
"13097","2","926140","78","0","2023","4","",1,0,0,0,0,0,0,0,"",1.10,0.00,0.00,0.00,0.00,0.00,0.00,0.00,"",0,0.0,-1,-100.0,-1,-100.0,0,0.0,-5519,-100.0,0,0.0,0,0.0,-637,-100.0
"13097","3","10","71","0","2023","4","",45,5137,5119,5139,78226177,57569,138,1173,"",0.87,1.07,1.04,1.04,1.27,0.04,0.04,1.21,"",0,0.0,48,0.9,-43,-0.8,32,0.6,4452688,6.0,-7067,-10.9,112,430.8,64,5.8
"13097","3","102","72","0","2023","4","",45,5137,5119,5139,78226177,57569,138,1173,"",0.90,1.07,1.05,1.05,1.28,0.04,0.04,1.21,"",0,0.0,48,0.9,-43,-0.8,32,0.6,4452688,6.0,-7067,-10.9,112,430.8,64,5.8
"13097","3","1025","73","0","2023","4","",40,3330,3310,3325,48662003,0,0,1127,"",1.81,1.11,1.08,1.08,1.35,0.00,0.00,1.24,"",0,0.0,-52,-1.5,-83,-2.4,-51,-1.5,1104561,2.3,0,0.0,0,0.0,46,4.3
"13097","3","1028","73","0","2023","4","",5,1807,1809,1814,29564174,57569,138,1256,"",0.26,1.32,1.30,1.30,1.49,0.10,0.09,1.14,"",0,0.0,100,5.9,40,2.3,83,4.8,3348127,12.8,-7067,-10.9,112,430.8,94,8.1
"13097","3","61","74","0","2023","4","",40,3330,3310,3325,48662003,0,0,1127,"",2.01,1.24,1.20,1.21,1.55,0.00,0.00,1.28,"",0,0.0,-52,-1.5,-83,-2.4,-51,-1.5,1104561,2.3,0,0.0,0,0.0,46,4.3
"13097","3","611","75","0","2023","4","",40,3330,3310,3325,48662003,0,0,1127,"",2.01,1.24,1.20,1.21,1.55,0.00,0.00,1.28,"",0,0.0,-52,-1.5,-83,-2.4,-51,-1.5,1104561,2.3,0,0.0,0,0.0,46,4.3
"13097","3","6111","76","0","2023","4","",40,3330,3310,3325,48662003,0,0,1127,"",2.10,1.32,1.28,1.29,1.66,0.00,0.00,1.28,"",0,0.0,-52,-1.5,-83,-2.4,-51,-1.5,1104561,2.3,0,0.0,0,0.0,46,4.3
"13097","3","61111","77","0","2023","4","",40,3330,3310,3325,48662003,0,0,1127,"",2.10,1.32,1.28,1.29,1.66,0.00,0.00,1.28,"",0,0.0,-52,-1.5,-83,-2.4,-51,-1.5,1104561,2.3,0,0.0,0,0.0,46,4.3
"13097","3","611110","78","0","2023","4","",40,3330,3310,3325,48662003,0,0,1127,"",2.10,1.32,1.28,1.29,1.66,0.00,0.00,1.28,"",0,0.0,-52,-1.5,-83,-2.4,-51,-1.5,1104561,2.3,0,0.0,0,0.0,46,4.3
"13097","3","92","74","0","2023","4","",5,1807,1809,1814,29564174,57569,138,1256,"",0.26,1.32,1.30,1.30,1.49,0.10,0.09,1.14,"",0,0.0,100,5.9,40,2.3,83,4.8,3348127,12.8,-7067,-10.9,112,430.8,94,8.1
"13097","3","921","75","0","2023","4","",2,1597,1597,1601,26283491,0,0,1265,"",0.18,1.76,1.73,1.73,2.21,0.00,0.00,1.27,"",0,0.0,97,6.5,48,3.1,84,5.5,3621638,16.0,0,0.0,0,0.0,120,10.5
"13097","3","9211","76","0","2023","4","",2,1597,1597,1601,26283491,0,0,1265,"",0.18,1.76,1.73,1.73,2.21,0.00,0.00,1.27,"",0,0.0,97,6.5,48,3.1,84,5.5,3621638,16.0,0,0.0,0,0.0,120,10.5
"13097","3","92114","77","0","2023","4","",2,1597,1597,1601,26283491,0,0,1265,"",0.32,2.73,2.69,2.69,3.47,0.00,0.00,1.29,"",0,0.0,97,6.5,48,3.1,84,5.5,3621638,16.0,0,0.0,0,0.0,120,10.5
"13097","3","921140","78","0","2023","4","",2,1597,1597,1601,26283491,0,0,1265,"",0.32,2.73,2.69,2.69,3.47,0.00,0.00,1.29,"",0,0.0,97,6.5,48,3.1,84,5.5,3621638,16.0,0,0.0,0,0.0,120,10.5
"13097","3","924","75","0","2023","4","",1,198,200,200,2905496,57569,138,1121,"",0.80,6.00,6.07,6.07,6.64,6.25,3.57,1.10,"",0,0.0,3,1.5,-8,-3.8,-2,-1.0,-308953,-9.6,-7067,-10.9,112,430.8,-105,-8.6
"13097","3","9241","76","0","2023","4","",1,198,200,200,2905496,57569,138,1121,"",0.80,6.00,6.07,6.07,6.64,6.25,3.57,1.10,"",0,0.0,3,1.5,-8,-3.8,-2,-1.0,-308953,-9.6,-7067,-10.9,112,430.8,-105,-8.6
"13097","3","92411","77","0","2023","4","",1,198,200,200,2905496,57569,138,1121,"",2.00,10.36,10.31,10.28,9.22,16.58,11.76,0.89,"",0,0.0,3,1.5,-8,-3.8,-2,-1.0,-308953,-9.6,-7067,-10.9,112,430.8,-105,-8.6
"13097","3","924110","78","0","2023","4","",1,198,200,200,2905496,57569,138,1121,"",2.00,10.36,10.31,10.28,9.22,16.58,11.76,0.89,"",0,0.0,3,1.5,-8,-3.8,-2,-1.0,-308953,-9.6,-7067,-10.9,112,430.8,-105,-8.6
"13097","3","925","75","0","2023","4","",2,12,12,13,375187,0,0,2340,"",1.79,0.44,0.44,0.47,1.02,0.00,0.00,2.26,"",0,0.0,0,0.0,0,0.0,1,8.3,35442,10.4,0,0.0,0,0.0,162,7.4
"13097","3","9251","76","0","2023","4","",2,12,12,13,375187,0,0,2340,"",1.79,0.44,0.44,0.47,1.02,0.00,0.00,2.26,"",0,0.0,0,0.0,0,0.0,1,8.3,35442,10.4,0,0.0,0,0.0,162,7.4
"13097","3","92511","77","0","2023","4","",2,12,12,13,375187,0,0,2340,"",2.77,0.72,0.71,0.76,1.57,0.00,0.00,2.14,"",0,0.0,0,0.0,0,0.0,1,8.3,35442,10.4,0,0.0,0,0.0,162,7.4
"13097","3","925110","78","0","2023","4","",2,12,12,13,375187,0,0,2340,"",2.77,0.72,0.71,0.76,1.57,0.00,0.00,2.14,"",0,0.0,0,0.0,0,0.0,1,8.3,35442,10.4,0,0.0,0,0.0,162,7.4
"13097","5","10","71","0","2023","4","",3522,44950,45855,46032,661114340,66592471,606128,1115,"",1.01,1.04,1.04,1.04,1.03,1.03,1.01,0.99,"",-30,-0.8,2416,5.7,3000,7.0,2954,6.9,68754167,11.6,7031298,11.8,-263129,-30.3,51,4.8
"13097","5","101","72","0","2023","4","",452,5988,5950,5993,105954809,6550590,102041,1364,"",1.02,0.80,0.79,0.80,0.85,0.58,0.77,1.07,"",-17,-3.6,-364,-5.7,-416,-6.5,-377,-5.9,8137557,8.3,670183,11.4,25987,34.2,181,15.3
"13097","5","1011","73","0","2023","4","",4,70,70,67,1340920,46794,596,1495,"",0.09,0.11,0.12,0.12,0.16,0.04,0.04,1.38,"",-2,-33.3,4,6.1,1,1.4,1,1.5,-10820,-0.8,16899,56.5,40,7.2,-57,-3.7
"13097","5","1012","73","0","2023","4","",325,2545,2511,2564,46321472,3568121,64651,1403,"",1.16,0.95,0.94,0.96,1.05,0.72,0.87,1.10,"",-13,-3.8,393,18.3,360,16.7,419,19.5,12724242,37.9,1000294,39.0,22689,54.1,201,16.7
"13097","5","1013","73","0","2023","4","",123,3373,3369,3362,58292417,2935675,36794,1331,"",1.04,0.80,0.79,0.78,0.81,0.59,0.86,1.03,"",-2,-1.6,-761,-18.4,-777,-18.7,-797,-19.2,-4575865,-7.3,-347010,-10.6,3258,9.7,165,14.2
"13097","5","102","72","0","2023","4","",3070,38962,39905,40039,555159531,60041881,504087,1077,"",1.00,1.09,1.09,1.09,1.07,1.13,1.08,0.98,"",-13,-0.4,2780,7.7,3416,9.4,3331,9.1,60616610,12.3,6361115,11.8,-289116,-36.4,34,3.3
"13097","5","1021","73","0","2023","4","",775,19129,19965,20060,307736898,28966634,226945,1201,"",1.25,2.03,2.05,2.04,2.65,1.91,1.89,1.30,"",-12,-1.5,247,1.3,663,3.4,723,3.7,28025649,10.0,2291543,8.6,-259617,-53.4,79,7.0
"13097","5","1022","73","0","2023","4","",34,353,351,347,11006745,257633,3003,2417,"",0.39,0.37,0.36,0.35,0.37,0.25,0.27,1.03,"",4,13.3,162,84.8,159,82.8,146,72.6,7661851,229.1,63557,32.7,1059,54.5,1095,82.8
"13097","5","1023","73","0","2023","4","",252,1066,1066,1069,18054530,778452,7276,1302,"",0.78,0.37,0.37,0.37,0.28,0.24,0.27,0.74,"",-10,-3.8,132,14.1,136,14.6,128,13.6,2721529,17.7,37880,5.1,-939,-11.4,41,3.3
"13097","5","1024","73","0","2023","4","",476,6289,6351,6464,81329731,13857433,101865,982,"",0.64,0.84,0.84,0.86,0.54,1.11,0.82,0.64,"",-11,-2.3,1711,37.4,2019,46.6,2018,45.4,16417424,25.3,3579480,34.8,-25077,-19.8,-140,-12.5
"13097","5","1025","73","0","2023","4","",394,5508,5560,5544,89436700,6440158,54770,1242,"",0.63,0.68,0.67,0.66,0.85,0.73,0.73,1.27,"",1,0.3,442,8.7,466,9.1,478,9.4,6639704,8.0,1488287,30.1,4066,8.0,-13,-1.0
"13097","5","1026","73","0","2023","4","",320,5285,5296,5217,30780733,7893538,78289,450,"",1.10,0.98,0.98,0.96,0.86,0.79,0.90,0.89,"",-15,-4.5,-41,-0.8,-133,-2.4,-236,-4.3,261895,0.9,-813563,-9.3,-248,-0.3,15,3.4
"13097","5","1027","73","0","2023","4","",240,1098,1097,1114,13347932,1407324,20817,931,"",0.91,0.73,0.72,0.72,0.85,0.63,1.05,1.17,"",14,6.2,102,10.2,98,9.8,91,8.9,1681691,14.4,-42168,-2.9,-834,-3.9,39,4.4
"13097","5","1029","73","0","2023","4","",579,234,219,224,3466262,440709,11122,1182,"",5.65,2.59,2.33,2.30,2.09,1.34,2.06,0.87,"",16,2.8,25,12.0,8,3.8,-17,-7.1,-2793133,-44.6,-243901,-35.6,-7526,-40.4,-1003,-45.9
"13097","5","11","74","0","2023","4","N",2,0,0,0,0,0,0,0,"N",0.06,0,0,0,0,0,0,0,"N",-2,-50.0,0,0,0,0,0,0,0,0,0,0,0,0,0,0
"13097","5","112","75","0","2023","4","N",1,0,0,0,0,0,0,0,"N",0.12,0,0,0,0,0,0,0,"N",0,0.0,0,0,0,0,0,0,0,0,0,0,0,0,0,0
"13097","5","1129","76","0","2023","4","N",1,0,0,0,0,0,0,0,"N",0.77,0,0,0,0,0,0,0,"N",0,0.0,0,0,0,0,0,0,0,0,0,0,0,0,0,0
"13097","5","11291","77","0","2023","4","N",1,0,0,0,0,0,0,0,"N",3.91,0,0,0,0,0,0,0,"N",0,0.0,0,0,0,0,0,0,0,0,0,0,0,0,0,0
"13097","5","112910","78","0","2023","4","N",1,0,0,0,0,0,0,0,"N",3.91,0,0,0,0,0,0,0,"N",0,0.0,0,0,0,0,0,0,0,0,0,0,0,0,0,0
"13097","5","113","75","0","2023","4","N",1,0,0,0,0,0,0,0,"N",0.37,0,0,0,0,0,0,0,"N",0,0.0,0,0,0,0,0,0,0,0,0,0,0,0,0,0
"13097","5","1133","76","0","2023","4","N",1,0,0,0,0,0,0,0,"N",0.42,0,0,0,0,0,0,0,"N",0,0.0,0,0,0,0,0,0,0,0,0,0,0,0,0,0
"13097","5","11331","77","0","2023","4","N",1,0,0,0,0,0,0,0,"N",0.42,0,0,0,0,0,0,0,"N",0,0.0,0,0,0,0,0,0,0,0,0,0,0,0,0,0
"13097","5","113310","78","0","2023","4","N",1,0,0,0,0,0,0,0,"N",0.42,0,0,0,0,0,0,0,"N",0,0.0,0,0,0,0,0,0,0,0,0,0,0,0,0,0
"13097","5","114","75","0","2023","4","-",0,0,0,0,0,0,0,0,"N",0.00,0,0,0,0,0,0,0,"N",0,0,0,0,0,0,0,0,0,0,0,0,0,0,0,0
"13097","5","1142","76","0","2023","4","-",0,0,0,0,0,0,0,0,"N",0.00,0,0,0,0,0,0,0,"N",0,0,0,0,0,0,0,0,0,0,0,0,0,0,0,0
"13097","5","11421","77","0","2023","4","-",0,0,0,0,0,0,0,0,"N",0.00,0,0,0,0,0,0,0,"N",0,0,0,0,0,0,0,0,0,0,0,0,0,0,0,0
"13097","5","114210","78","0","2023","4","-",0,0,0,0,0,0,0,0,"N",0.00,0,0,0,0,0,0,0,"N",0,0,0,0,0,0,0,0,0,0,0,0,0,0,0,0
"13097","5","21","74","0","2023","4","N",2,0,0,0,0,0,0,0,"N",0.22,0,0,0,0,0,0,0,"N",0,0.0,0,0,0,0,0,0,0,0,0,0,0,0,0,0
"13097","5","212","75","0","2023","4","N",2,0,0,0,0,0,0,0,"N",0.91,0,0,0,0,0,0,0,"N",0,0.0,0,0,0,0,0,0,0,0,0,0,0,0,0,0
"13097","5","2123","76","0","2023","4","N",2,0,0,0,0,0,0,0,"N",1.10,0,0,0,0,0,0,0,"N",0,0.0,0,0,0,0,0,0,0,0,0,0,0,0,0,0
"13097","5","21231","77","0","2023","4","N",2,0,0,0,0,0,0,0,"N",2.63,0,0,0,0,0,0,0,"N",0,0.0,0,0,0,0,0,0,0,0,0,0,0,0,0,0
"13097","5","212312","78","0","2023","4","N",1,0,0,0,0,0,0,0,"N",2.87,0,0,0,0,0,0,0,"N",0,0.0,0,0,0,0,0,0,0,0,0,0,0,0,0,0
"13097","5","212313","78","0","2023","4","N",1,0,0,0,0,0,0,0,"N",11.32,0,0,0,0,0,0,0,"N",0,0.0,0,0,0,0,0,0,0,0,0,0,0,0,0,0
"13097","5","22","74","0","2023","4","N",2,0,0,0,0,0,0,0,"N",0.28,0,0,0,0,0,0,0,"N",0,0.0,0,0,0,0,0,0,0,0,0,0,0,0,0,0
"13097","5","221","75","0","2023","4","N",2,0,0,0,0,0,0,0,"N",0.28,0,0,0,0,0,0,0,"N",0,0.0,0,0,0,0,0,0,0,0,0,0,0,0,0,0
"13097","5","2211","76","0","2023","4","N",2,0,0,0,0,0,0,0,"N",0.48,0,0,0,0,0,0,0,"N",0,0.0,0,0,0,0,0,0,0,0,0,0,0,0,0,0
"13097","5","22111","77","0","2023","4","N",1,0,0,0,0,0,0,0,"N",0.50,0,0,0,0,0,0,0,"N",0,0.0,0,0,0,0,0,0,0,0,0,0,0,0,0,0
"13097","5","221111","78","0","2023","4","N",1,0,0,0,0,0,0,0,"N",4.83,0,0,0,0,0,0,0,"N",0,0.0,0,0,0,0,0,0,0,0,0,0,0,0,0,0
"13097","5","22112","77","0","2023","4","N",1,0,0,0,0,0,0,0,"N",0.46,0,0,0,0,0,0,0,"N",0,0.0,0,0,0,0,0,0,0,0,0,0,0,0,0,0
"13097","5","221122","78","0","2023","4","N",1,0,0,0,0,0,0,0,"N",0.52,0,0,0,0,0,0,0,"N",0,0.0,0,0,0,0,0,0,0,0,0,0,0,0,0,0
"13097","5","23","74","0","2023","4","",325,2545,2511,2564,46321472,3568121,64651,1403,"",1.16,0.95,0.94,0.96,1.05,0.72,0.87,1.10,"",-13,-3.8,393,18.3,360,16.7,419,19.5,12724242,37.9,1000294,39.0,22689,54.1,201,16.7
"13097","5","236","75","0","2023","4","",81,238,230,239,3789025,220149,6200,1237,"",0.93,0.40,0.38,0.39,0.34,0.19,0.40,0.87,"",-9,-10.0,-4,-1.7,-11,-4.6,-10,-4.0,-46420,-1.2,-29131,-11.7,2145,52.9,28,2.3
"13097","5","2361","76","0","2023","4","",68,152,153,153,2237907,155865,5480,1128,"",1.00,0.49,0.49,0.49,0.46,0.24,0.79,0.94,"",-9,-11.7,2,1.3,1,0.7,-5,-3.2,29770,1.3,-4882,-3.0,2308,72.8,20,1.8
"13097","5","23611","77","0","2023","4","",68,152,153,153,2237907,155865,5480,1128,"",1.00,0.49,0.49,0.49,0.46,0.24,0.79,0.94,"",-9,-11.7,2,1.3,1,0.7,-5,-3.2,29770,1.3,-4882,-3.0,2308,72.8,20,1.8
"13097","5","236115","78","0","2023","4","",27,37,42,43,796851,36226,408,1507,"",0.99,0.29,0.33,0.33,0.37,0.13,0.15,1.16,"N",-3,-10.0,0,0,0,0,0,0,0,0,0,0,0,0,0,0
"13097","5","236117","78","0","2023","4","",5,8,8,9,106409,36000,2916,982,"",3.09,0.45,0.45,0.49,0.23,1.31,11.52,0.50,"N",0,0.0,0,0,0,0,0,0,0,0,0,0,0,0,0,0
"13097","5","236118","78","0","2023","4","",36,107,103,101,1334647,83639,2156,990,"",0.95,0.72,0.68,0.67,0.69,0.28,0.60,1.00,"",-6,-14.3,-2,-1.8,-4,-3.7,-9,-8.2,-28111,-2.1,-27276,-24.6,310,16.8,25,2.6
"13097","5","2362","76","0","2023","4","",13,86,77,86,1551118,64284,720,1438,"",0.68,0.29,0.26,0.29,0.25,0.13,0.08,0.88,"",0,0.0,-6,-6.5,-12,-13.5,-5,-5.5,-76190,-4.7,-24249,-27.4,-163,-18.5,57,4.1
"13097","5","23621","77","0","2023","4","N",1,0,0,0,0,0,0,0,"N",0.49,0,0,0,0,0,0,0,"N",0,0.0,0,0,0,0,0,0,0,0,0,0,0,0,0,0
"13097","5","236210","78","0","2023","4","N",1,0,0,0,0,0,0,0,"N",0.49,0,0,0,0,0,0,0,"N",0,0.0,0,0,0,0,0,0,0,0,0,0,0,0,0,0
"13097","5","23622","77","0","2023","4","N",12,0,0,0,0,0,0,0,"N",0.70,0,0,0,0,0,0,0,"N",0,0.0,0,0,0,0,0,0,0,0,0,0,0,0,0,0
"13097","5","236220","78","0","2023","4","N",12,0,0,0,0,0,0,0,"N",0.70,0,0,0,0,0,0,0,"N",0,0.0,0,0,0,0,0,0,0,0,0,0,0,0,0,0
"13097","5","237","75","0","2023","4","",17,200,197,198,3416754,252911,4639,1325,"",0.98,0.52,0.52,0.54,0.48,0.36,0.34,0.90,"",0,0.0,18,9.9,15,8.2,18,10.0,675374,24.6,90824,56.0,668,16.8,162,13.9
"13097","5","2371","76","0","2023","4","",11,126,126,124,2191593,200558,3573,1345,"",1.21,0.64,0.64,0.64,0.59,0.49,0.48,0.92,"",1,10.0,13,11.5,11,9.6,12,10.7,667874,43.8,78599,64.4,1649,85.7,311,30.1
"13097","5","23711","77","0","2023","4","",5,70,70,65,1379049,149030,3203,1552,"",1.29,1.02,1.01,0.95,1.12,1.37,1.95,1.13,"",1,25.0,29,70.7,27,62.8,21,47.7,742003,116.5,93776,169.7,1939,153.4,403,35.1
"13097","5","237110","78","0","2023","4","",5,70,70,65,1379049,149030,3203,1552,"",1.29,1.02,1.01,0.95,1.12,1.37,1.95,1.13,"",1,25.0,29,70.7,27,62.8,21,47.7,742003,116.5,93776,169.7,1939,153.4,403,35.1
"13097","5","23713","77","0","2023","4","",6,56,56,59,812544,51528,370,1097,"",1.56,0.70,0.69,0.74,0.53,0.30,0.13,0.74,"",0,0.0,-16,-22.2,-16,-22.2,-9,-13.2,-74129,-8.4,-15177,-22.8,-290,-43.9,132,13.7
"13097","5","237130","78","0","2023","4","",6,56,56,59,812544,51528,370,1097,"",1.56,0.70,0.69,0.74,0.53,0.30,0.13,0.74,"",0,0.0,-16,-22.2,-16,-22.2,-9,-13.2,-74129,-8.4,-15177,-22.8,-290,-43.9,132,13.7
"13097","5","2372","76","0","2023","4","N",2,0,0,0,0,0,0,0,"N",1.12,0,0,0,0,0,0,0,"N",0,0.0,0,0,0,0,0,0,0,0,0,0,0,0,0,0
"13097","5","23721","77","0","2023","4","N",2,0,0,0,0,0,0,0,"N",1.12,0,0,0,0,0,0,0,"N",0,0.0,0,0,0,0,0,0,0,0,0,0,0,0,0,0
"13097","5","237210","78","0","2023","4","N",2,0,0,0,0,0,0,0,"N",1.12,0,0,0,0,0,0,0,"N",0,0.0,0,0,0,0,0,0,0,0,0,0,0,0,0,0
"13097","5","2373","76","0","2023","4","N",3,0,0,0,0,0,0,0,"N",0.83,0,0,0,0,0,0,0,"N",-1,-25.0,0,0,0,0,0,0,0,0,0,0,0,0,0,0
"13097","5","23731","77","0","2023","4","N",3,0,0,0,0,0,0,0,"N",0.83,0,0,0,0,0,0,0,"N",-1,-25.0,0,0,0,0,0,0,0,0,0,0,0,0,0,0
"13097","5","237310","78","0","2023","4","N",3,0,0,0,0,0,0,0,"N",0.83,0,0,0,0,0,0,0,"N",-1,-25.0,0,0,0,0,0,0,0,0,0,0,0,0,0,0
"13097","5","2379","76","0","2023","4","N",1,0,0,0,0,0,0,0,"N",0.34,0,0,0,0,0,0,0,"N",0,0.0,0,0,0,0,0,0,0,0,0,0,0,0,0,0
"13097","5","23799","77","0","2023","4","N",1,0,0,0,0,0,0,0,"N",0.34,0,0,0,0,0,0,0,"N",0,0.0,0,0,0,0,0,0,0,0,0,0,0,0,0,0
"13097","5","237990","78","0","2023","4","N",1,0,0,0,0,0,0,0,"N",0.34,0,0,0,0,0,0,0,"N",0,0.0,0,0,0,0,0,0,0,0,0,0,0,0,0,0
"13097","5","238","75","0","2023","4","",227,2107,2084,2127,39115693,3095061,53812,1429,"",1.30,1.25,1.23,1.26,1.51,0.99,1.21,1.22,"",-4,-1.7,379,21.9,356,20.6,411,24.0,12095288,44.8,938601,43.5,19876,58.6,223,18.5
"13097","5","2381","76","0","2023","4","",50,398,422,447,8677056,572775,8955,1580,"",1.43,1.20,1.28,1.37,1.82,0.83,0.91,1.42,"",-3,-5.7,-35,-8.1,10,2.4,40,9.8,536885,6.6,-83538,-12.7,1810,25.3,80,5.3
"13097","5","23811","77","0","2023","4","",8,79,80,83,1366550,46194,81,1303,"",1.09,0.92,0.93,0.99,1.09,0.26,0.03,1.15,"",-1,-11.1,4,5.3,-1,-1.2,6,7.8,62663,4.8,-70702,-60.5,-894,-91.7,12,0.9
"13097","5","238111","78","0","2023","4","",4,37,38,39,656148,17771,64,1328,"",0.74,0.88,0.91,0.96,1.22,0.19,0.05,1.33,"",1,33.3,4,12.1,4,11.8,8,25.8,123368,23.2,-16483,-48.1,-765,-92.3,73,5.8
"13097","5","238112","78","0","2023","4","",4,42,42,44,710402,28423,17,1281,"",2.06,0.95,0.94,1.01,0.98,0.35,0.01,1.02,"",-2,-33.3,0,0.0,-5,-10.6,-2,-4.3,-60705,-7.9,-54219,-65.6,-129,-88.4,-37,-2.8
"13097","5","23812","77","0","2023","4","N",1,0,0,0,0,0,0,0,"N",0.60,0,0,0,0,0,0,0,"N",0,0.0,0,0,0,0,0,0,0,0,0,0,0,0,0,0
"13097","5","238122","78","0","2023","4","N",1,0,0,0,0,0,0,0,"N",0.82,0,0,0,0,0,0,0,"N",0,0.0,0,0,0,0,0,0,0,0,0,0,0,0,0,0
"13097","5","23813","77","0","2023","4","N",5,0,0,0,0,0,0,0,"N",1.42,0,0,0,0,0,0,0,"N",2,66.7,0,0,0,0,0,0,0,0,0,0,0,0,0,0
"13097","5","238131","78","0","2023","4","N",3,0,0,0,0,0,0,0,"N",0.98,0,0,0,0,0,0,0,"N",0,0.0,0,0,0,0,0,0,0,0,0,0,0,0,0,0
"13097","5","238132","78","0","2023","4","N",2,0,0,0,0,0,0,0,"N",4.21,0,0,0,0,0,0,0,"N",2,100.0,0,0,0,0,0,0,0,0,0,0,0,0,0,0
"13097","5","23814","77","0","2023","4","",5,14,12,13,272685,13100,310,1614,"",0.84,0.29,0.25,0.28,0.44,0.13,0.17,1.61,"",-1,-16.7,4,40.0,2,20.0,3,30.0,85940,46.0,-1200,-8.4,1,0.3,177,12.3
"13097","5","238141","78","0","2023","4","N",1,0,0,0,0,0,0,0,"N",0.22,0,0,0,0,0,0,0,"N",-1,-50.0,0,0,0,0,0,0,0,0,0,0,0,0,0,0
"13097","5","238142","78","0","2023","4","N",4,0,0,0,0,0,0,0,"N",2.78,0,0,0,0,0,0,0,"N",0,0.0,0,0,0,0,0,0,0,0,0,0,0,0,0,0
"13097","5","23815","77","0","2023","4","",5,91,104,104,3003304,146878,3927,2318,"",2.13,3.77,4.24,4.21,8.02,3.71,6.68,1.97,"",0,0.0,-23,-20.2,15,16.9,11,11.8,696304,30.2,86749,144.3,3087,367.5,519,28.8
"13097","5","238151","78","0","2023","4","N",2,0,0,0,0,0,0,0,"N",1.45,0,0,0,0,0,0,0,"N",0,0.0,0,0,0,0,0,0,0,0,0,0,0,0,0,0
"13097","5","238152","78","0","2023","4","N",3,0,0,0,0,0,0,0,"N",3.09,0,0,0,0,0,0,0,"N",0,0.0,0,0,0,0,0,0,0,0,0,0,0,0,0,0
"13097","5","23816","77","0","2023","4","",11,54,56,54,967039,39439,898,1361,"",1.21,0.66,0.68,0.66,0.79,0.26,0.45,1.18,"",-3,-21.4,-22,-28.9,-20,-26.3,-25,-31.6,-812279,-45.7,-44683,-53.1,-392,-30.4,-417,-23.5
"13097","5","238161","78","0","2023","4","",8,6,7,5,156116,3253,90,2001,"",1.10,0.14,0.16,0.12,0.26,0.03,0.09,1.91,"",-3,-27.3,-8,-57.1,-8,-53.3,-10,-66.7,-133085,-46.0,-16575,-83.6,-270,-75.0,484,31.9
"13097","5","238162","78","0","2023","4","",3,48,49,49,810923,36186,808,1282,"",1.63,1.25,1.28,1.29,1.28,0.61,0.82,1.00,"",0,0.0,-14,-22.6,-12,-19.7,-15,-23.4,-679194,-45.6,-28108,-43.7,-122,-13.1,-557,-30.3
"13097","5","23817","77","0","2023","4","",4,23,23,23,283163,8692,18,947,"",1.53,1.61,1.60,1.61,1.51,0.23,0.05,0.94,"",0,0.0,6,35.3,6,35.3,7,43.8,42662,17.7,1966,29.2,16,800.0,-163,-14.7
"13097","5","238171","78","0","2023","4","",4,23,23,23,283163,8692,18,947,"",1.63,1.83,1.82,1.83,1.81,0.26,0.05,0.99,"",0,0.0,6,35.3,6,35.3,7,43.8,42662,17.7,1966,29.2,16,800.0,-163,-14.7
"13097","5","23819","77","0","2023","4","",11,135,145,166,2724334,311722,3539,1410,"",4.48,7.77,8.36,9.74,10.70,7.84,6.31,1.24,"",0,0.0,2,1.5,8,5.8,41,32.8,467733,20.7,-52380,-14.4,81,2.3,92,7.0
"13097","5","238191","78","0","2023","4","N",1,0,0,0,0,0,0,0,"N",0.69,0,0,0,0,0,0,0,"N",0,0.0,0,0,0,0,0,0,0,0,0,0,0,0,0,0
"13097","5","238192","78","0","2023","4","N",10,0,0,0,0,0,0,0,"N",9.90,0,0,0,0,0,0,0,"N",0,0.0,0,0,0,0,0,0,0,0,0,0,0,0,0,0
"13097","5","2382","76","0","2023","4","",93,1196,1161,1189,22319735,1413998,25565,1453,"",1.34,1.46,1.40,1.43,1.65,1.02,1.34,1.16,"",-2,-2.1,351,41.5,298,34.5,330,38.4,9816024,78.5,383885,37.3,7390,40.7,329,29.3
"13097","5","23821","77","0","2023","4","",36,356,319,323,5284176,209681,3070,1222,"",1.22,1.01,0.89,0.90,0.89,0.33,0.34,0.96,"",-1,-2.7,118,49.6,59,22.7,67,26.2,1816796,52.4,47804,29.5,1066,53.2,161,15.2
"13097","5","238211","78","0","2023","4","",8,22,23,21,372978,14613,173,1304,"",0.44,0.18,0.19,0.17,0.23,0.06,0.07,1.24,"",-1,-11.1,-2,-8.3,0,0.0,-1,-4.5,90228,31.9,-3732,-20.3,129,293.2,358,37.8
"13097","5","238212","78","0","2023","4","",28,334,296,302,4911198,195068,2897,1216,"",2.43,1.44,1.25,1.27,1.15,0.50,0.45,0.87,"",0,0.0,120,56.1,59,24.9,68,29.1,1726568,54.2,51536,35.9,937,47.8,143,13.3
"13097","5","23822","77","0","2023","4","",50,805,807,830,16227988,1196779,22416,1534,"",1.38,1.94,1.92,1.97,2.46,1.78,2.58,1.27,"",-1,-2.0,239,42.2,247,44.1,269,48.0,7930747,95.6,360485,43.1,6274,38.9,399,35.2
"13097","5","238221","78","0","2023","4","",29,220,217,233,3518098,150698,3677,1212,"",1.05,1.01,0.98,1.05,1.19,0.41,1.00,1.18,"",-4,-12.1,-23,-9.5,-22,-9.2,6,2.6,16620,0.5,-104502,-40.9,-819,-18.2,72,6.3
"13097","5","238222","78","0","2023","4","",21,585,590,597,12709890,1046081,18739,1655,"",2.38,2.98,2.96,2.98,3.50,3.46,3.72,1.18,"",3,16.7,262,81.1,269,83.8,263,78.7,7914127,165.0,464987,80.0,7093,60.9,523,46.2
"13097","5","23829","77","0","2023","4","",7,35,35,36,807571,7538,79,1758,"",1.88,0.69,0.68,0.70,0.81,0.09,0.06,1.18,"",0,0.0,-6,-14.6,-8,-18.6,-6,-14.3,68481,9.3,-24404,-76.4,50,172.4,404,29.8
"13097","5","238291","78","0","2023","4","N",1,0,0,0,0,0,0,0,"N",1.06,0,0,0,0,0,0,0,"N",1,100.0,0,0,0,0,0,0,0,0,0,0,0,0,0,0
"13097","5","238292","78","0","2023","4","N",6,0,0,0,0,0,0,0,"N",2.16,0,0,0,0,0,0,0,"N",-1,-14.3,0,0,0,0,0,0,0,0,0,0,0,0,0,0
"13097","5","2383","76","0","2023","4","",52,268,266,258,4216911,852058,13627,1229,"",1.25,0.96,0.95,0.93,1.13,1.49,1.75,1.20,"",2,4.0,37,16.0,28,11.8,30,13.2,1133051,36.7,700664,462.8,11550,556.1,208,20.4
"13097","5","23831","77","0","2023","4","",14,63,63,63,1004587,38203,284,1227,"",2.11,0.77,0.76,0.76,0.83,0.21,0.10,1.09,"",1,7.7,7,12.5,3,5.0,2,3.3,234782,30.5,-16059,-29.6,-158,-35.7,223,22.2
"13097","5","238311","78","0","2023","4","",10,23,22,23,376220,8374,14,1277,"",2.08,0.58,0.55,0.57,0.76,0.09,0.01,1.35,"N",0,0.0,0,0,0,0,0,0,0,0,0,0,0,0,0,0
"13097","5","238312","78","0","2023","4","",4,40,41,40,628367,29829,270,1198,"",2.17,0.94,0.95,0.93,0.88,0.36,0.16,0.93,"N",1,33.3,0,0,0,0,0,0,0,0,0,0,0,0,0,0
"13097","5","23832","77","0","2023","4","N",13,0,0,0,0,0,0,0,"N",1.03,0,0,0,0,0,0,0,"N",0,0.0,0,0,0,0,0,0,0,0,0,0,0,0,0,0
"13097","5","238321","78","0","2023","4","N",12,0,0,0,0,0,0,0,"N",1.12,0,0,0,0,0,0,0,"N",0,0.0,0,0,0,0,0,0,0,0,0,0,0,0,0,0
"13097","5","238322","78","0","2023","4","N",1,0,0,0,0,0,0,0,"N",0.50,0,0,0,0,0,0,0,"N",0,0.0,0,0,0,0,0,0,0,0,0,0,0,0,0,0
"13097","5","23833","77","0","2023","4","",7,39,38,37,896694,42123,644,1815,"",1.19,1.45,1.41,1.37,2.45,0.85,1.07,1.74,"",-1,-12.5,-6,-13.3,-7,-15.6,-5,-11.9,243768,37.3,18443,77.9,299,86.7,674,59.1
"13097","5","238331","78","0","2023","4","N",5,0,0,0,0,0,0,0,"N",1.03,0,0,0,0,0,0,0,"N",0,0.0,0,0,0,0,0,0,0,0,0,0,0,0,0,0
"13097","5","238332","78","0","2023","4","N",2,0,0,0,0,0,0,0,"N",1.93,0,0,0,0,0,0,0,"N",-1,-33.3,0,0,0,0,0,0,0,0,0,0,0,0,0,0
"13097","5","23834","77","0","2023","4","N",1,0,0,0,0,0,0,0,"N",0.31,0,0,0,0,0,0,0,"N",0,0.0,0,0,0,0,0,0,0,0,0,0,0,0,0,0
"13097","5","238341","78","0","2023","4","N",1,0,0,0,0,0,0,0,"N",0.36,0,0,0,0,0,0,0,"N",0,0.0,0,0,0,0,0,0,0,0,0,0,0,0,0,0
"13097","5","23835","77","0","2023","4","",11,115,121,113,1740140,709820,11422,1151,"",1.12,2.16,2.25,2.09,2.46,6.83,9.72,1.14,"",0,0.0,28,32.2,35,40.7,26,29.9,505647,41.0,669623,1665.9,10383,999.3,55,5.0
"13097","5","238351","78","0","2023","4","N",8,0,0,0,0,0,0,0,"N",0.91,0,0,0,0,0,0,0,"N",0,0.0,0,0,0,0,0,0,0,0,0,0,0,0,0,0
"13097","5","238352","78","0","2023","4","N",3,0,0,0,0,0,0,0,"N",2.70,0,0,0,0,0,0,0,"N",0,0.0,0,0,0,0,0,0,0,0,0,0,0,0,0,0
"13097","5","23839","77","0","2023","4","N",6,0,0,0,0,0,0,0,"N",1.86,0,0,0,0,0,0,0,"N",2,50.0,0,0,0,0,0,0,0,0,0,0,0,0,0,0
"13097","5","238391","78","0","2023","4","N",1,0,0,0,0,0,0,0,"N",0.54,0,0,0,0,0,0,0,"N",0,0.0,0,0,0,0,0,0,0,0,0,0,0,0,0,0
"13097","5","238392","78","0","2023","4","",5,15,14,12,185961,33191,920,1047,"",3.68,0.90,0.84,0.76,0.77,1.07,1.56,0.93,"N",2,66.7,0,0,0,0,0,0,0,0,0,0,0,0,0,0
"13097","5","2389","76","0","2023","4","",32,245,235,233,3901991,256230,5665,1263,"",1.10,0.93,0.90,0.92,1.00,0.53,0.72,1.09,"",-1,-3.0,26,11.9,20,9.3,11,5.0,609328,18.5,-62410,-19.6,-874,-13.4,105,9.1
"13097","5","23891","77","0","2023","4","",14,93,84,83,1456571,144036,3030,1293,"",1.13,0.71,0.64,0.64,0.73,0.58,0.82,1.10,"",-1,-6.7,-4,-4.1,-10,-10.6,-18,-17.8,-284337,-16.3,-47440,-24.8,-2244,-42.5,-83,-6.0
"13097","5","238911","78","0","2023","4","",7,23,22,22,311644,28392,129,1073,"",0.96,0.47,0.45,0.46,0.48,0.26,0.09,1.04,"",-1,-12.5,-1,-4.2,-2,-8.3,-1,-4.3,57082,22.4,-22615,-44.3,-1549,-92.3,246,29.7
"13097","5","238912","78","0","2023","4","",7,70,62,61,1144927,115644,2901,1369,"",1.36,0.85,0.75,0.75,0.85,0.83,1.25,1.08,"",0,0.0,-3,-4.1,-8,-11.4,-17,-21.8,-341419,-23.0,-24825,-17.7,-695,-19.3,-183,-11.8
"13097","5","23899","77","0","2023","4","",18,152,151,150,2445420,112194,2635,1246,"",1.08,1.16,1.17,1.22,1.29,0.47,0.63,1.09,"",0,0.0,30,24.6,30,24.8,29,24.0,893665,57.6,-14970,-11.8,1370,108.3,262,26.6
"13097","5","238991","78","0","2023","4","",7,74,74,71,927088,21526,58,977,"",0.62,1.13,1.16,1.17,1.13,0.18,0.03,0.98,"N",-1,-12.5,0,0,0,0,0,0,0,0,0,0,0,0,0,0
"13097","5","238992","78","0","2023","4","",11,78,77,79,1518332,90668,2577,1497,"",2.02,1.18,1.18,1.27,1.41,0.77,1.13,1.17,"N",1,10.0,0,0,0,0,0,0,0,0,0,0,0,0,0,0
"13097","5","31-33","74","0","2023","4","",123,3373,3369,3362,58292417,2935675,36794,1331,"",1.04,0.80,0.79,0.78,0.81,0.59,0.86,1.03,"",-2,-1.6,-761,-18.4,-777,-18.7,-797,-19.2,-4575865,-7.3,-347010,-10.6,3258,9.7,165,14.2
"13097","5","311","75","0","2023","4","",6,326,323,320,6802724,190705,417,1620,"",0.48,0.57,0.56,0.55,0.98,0.19,0.05,1.76,"N",-1,-14.3,0,0,0,0,0,0,0,0,0,0,0,0,0,0
"13097","5","3118","76","0","2023","4","",6,326,323,320,6802724,190705,417,1620,"",1.27,2.93,2.84,2.78,6.07,0.94,0.24,2.13,"N",1,20.0,0,0,0,0,0,0,0,0,0,0,0,0,0,0
"13097","5","31181","77","0","2023","4","",6,326,323,320,6802724,190705,417,1620,"",1.43,3.83,3.71,3.63,8.42,1.19,0.30,2.26,"N",1,20.0,0,0,0,0,0,0,0,0,0,0,0,0,0,0
"13097","5","311812","78","0","2023","4","",6,326,323,320,6802724,190705,417,1620,"",4.68,6.88,6.68,6.56,12.38,2.27,0.58,1.84,"N",1,20.0,0,0,0,0,0,0,0,0,0,0,0,0,0,0
"13097","5","312","75","0","2023","4","N",1,0,0,0,0,0,0,0,"N",0.20,0,0,0,0,0,0,0,"N",-1,-50.0,0,0,0,0,0,0,0,0,0,0,0,0,0,0
"13097","5","3121","76","0","2023","4","N",1,0,0,0,0,0,0,0,"N",0.20,0,0,0,0,0,0,0,"N",-1,-50.0,0,0,0,0,0,0,0,0,0,0,0,0,0,0
"13097","5","31212","77","0","2023","4","N",1,0,0,0,0,0,0,0,"N",0.55,0,0,0,0,0,0,0,"N",0,0.0,0,0,0,0,0,0,0,0,0,0,0,0,0,0
"13097","5","312120","78","0","2023","4","N",1,0,0,0,0,0,0,0,"N",0.55,0,0,0,0,0,0,0,"N",0,0.0,0,0,0,0,0,0,0,0,0,0,0,0,0,0
"13097","5","313","75","0","2023","4","N",2,0,0,0,0,0,0,0,"N",2.41,0,0,0,0,0,0,0,"N",0,0.0,0,0,0,0,0,0,0,0,0,0,0,0,0,0
"13097","5","3131","76","0","2023","4","N",1,0,0,0,0,0,0,0,"N",8.54,0,0,0,0,0,0,0,"N",0,0.0,0,0,0,0,0,0,0,0,0,0,0,0,0,0
"13097","5","31311","77","0","2023","4","N",1,0,0,0,0,0,0,0,"N",8.54,0,0,0,0,0,0,0,"N",0,0.0,0,0,0,0,0,0,0,0,0,0,0,0,0,0
"13097","5","313110","78","0","2023","4","N",1,0,0,0,0,0,0,0,"N",8.54,0,0,0,0,0,0,0,"N",0,0.0,0,0,0,0,0,0,0,0,0,0,0,0,0,0
"13097","5","3133","76","0","2023","4","N",1,0,0,0,0,0,0,0,"N",2.58,0,0,0,0,0,0,0,"N",0,0.0,0,0,0,0,0,0,0,0,0,0,0,0,0,0
"13097","5","31331","77","0","2023","4","N",1,0,0,0,0,0,0,0,"N",3.07,0,0,0,0,0,0,0,"N",0,0.0,0,0,0,0,0,0,0,0,0,0,0,0,0,0
"13097","5","313310","78","0","2023","4","N",1,0,0,0,0,0,0,0,"N",3.07,0,0,0,0,0,0,0,"N",0,0.0,0,0,0,0,0,0,0,0,0,0,0,0,0,0
"13097","5","314","75","0","2023","4","N",4,0,0,0,0,0,0,0,"N",2.10,0,0,0,0,0,0,0,"N",0,0.0,0,0,0,0,0,0,0,0,0,0,0,0,0,0
"13097","5","3141","76","0","2023","4","N",3,0,0,0,0,0,0,0,"N",6.36,0,0,0,0,0,0,0,"N",0,0.0,0,0,0,0,0,0,0,0,0,0,0,0,0,0
"13097","5","31411","77","0","2023","4","N",1,0,0,0,0,0,0,0,"N",7.73,0,0,0,0,0,0,0,"N",0,0.0,0,0,0,0,0,0,0,0,0,0,0,0,0,0
"13097","5","314110","78","0","2023","4","N",1,0,0,0,0,0,0,0,"N",7.73,0,0,0,0,0,0,0,"N",0,0.0,0,0,0,0,0,0,0,0,0,0,0,0,0,0
"13097","5","31412","77","0","2023","4","N",2,0,0,0,0,0,0,0,"N",5.84,0,0,0,0,0,0,0,"N",0,0.0,0,0,0,0,0,0,0,0,0,0,0,0,0,0
"13097","5","314120","78","0","2023","4","N",2,0,0,0,0,0,0,0,"N",5.84,0,0,0,0,0,0,0,"N",0,0.0,0,0,0,0,0,0,0,0,0,0,0,0,0,0
"13097","5","3149","76","0","2023","4","N",1,0,0,0,0,0,0,0,"N",0.70,0,0,0,0,0,0,0,"N",0,0.0,0,0,0,0,0,0,0,0,0,0,0,0,0,0
"13097","5","31499","77","0","2023","4","N",1,0,0,0,0,0,0,0,"N",1.07,0,0,0,0,0,0,0,"N",0,0.0,0,0,0,0,0,0,0,0,0,0,0,0,0,0
"13097","5","314999","78","0","2023","4","N",1,0,0,0,0,0,0,0,"N",1.13,0,0,0,0,0,0,0,"N",0,0.0,0,0,0,0,0,0,0,0,0,0,0,0,0,0
"13097","5","315","75","0","2023","4","N",1,0,0,0,0,0,0,0,"N",0.51,0,0,0,0,0,0,0,"N",0,0.0,0,0,0,0,0,0,0,0,0,0,0,0,0,0
"13097","5","3152","76","0","2023","4","N",1,0,0,0,0,0,0,0,"N",0.68,0,0,0,0,0,0,0,"N",0,0.0,0,0,0,0,0,0,0,0,0,0,0,0,0,0
"13097","5","31521","77","0","2023","4","N",1,0,0,0,0,0,0,0,"N",1.44,0,0,0,0,0,0,0,"N",0,0.0,0,0,0,0,0,0,0,0,0,0,0,0,0,0
"13097","5","315210","78","0","2023","4","N",1,0,0,0,0,0,0,0,"N",1.44,0,0,0,0,0,0,0,"N",0,0.0,0,0,0,0,0,0,0,0,0,0,0,0,0,0
"13097","5","322","75","0","2023","4","N",4,0,0,0,0,0,0,0,"N",2.37,0,0,0,0,0,0,0,"N",-2,-33.3,0,0,0,0,0,0,0,0,0,0,0,0,0,0
"13097","5","3222","76","0","2023","4","N",4,0,0,0,0,0,0,0,"N",2.81,0,0,0,0,0,0,0,"N",-2,-33.3,0,0,0,0,0,0,0,0,0,0,0,0,0,0
"13097","5","32221","77","0","2023","4","N",2,0,0,0,0,0,0,0,"N",2.75,0,0,0,0,0,0,0,"N",-2,-50.0,0,0,0,0,0,0,0,0,0,0,0,0,0,0
"13097","5","322211","78","0","2023","4","N",1,0,0,0,0,0,0,0,"N",2.05,0,0,0,0,0,0,0,"N",-1,-50.0,0,0,0,0,0,0,0,0,0,0,0,0,0,0
"13097","5","322212","78","0","2023","4","N",1,0,0,0,0,0,0,0,"N",8.21,0,0,0,0,0,0,0,"N",-1,-50.0,0,0,0,0,0,0,0,0,0,0,0,0,0,0
"13097","5","32222","77","0","2023","4","N",1,0,0,0,0,0,0,0,"N",3.04,0,0,0,0,0,0,0,"N",0,0.0,0,0,0,0,0,0,0,0,0,0,0,0,0,0
"13097","5","322220","78","0","2023","4","N",1,0,0,0,0,0,0,0,"N",3.04,0,0,0,0,0,0,0,"N",0,0.0,0,0,0,0,0,0,0,0,0,0,0,0,0,0
"13097","5","32229","77","0","2023","4","N",1,0,0,0,0,0,0,0,"N",4.07,0,0,0,0,0,0,0,"N",0,0.0,0,0,0,0,0,0,0,0,0,0,0,0,0,0
"13097","5","322299","78","0","2023","4","N",1,0,0,0,0,0,0,0,"N",5.92,0,0,0,0,0,0,0,"N",0,0.0,0,0,0,0,0,0,0,0,0,0,0,0,0,0
"13097","5","323","75","0","2023","4","N",3,0,0,0,0,0,0,0,"N",0.36,0,0,0,0,0,0,0,"N",-2,-40.0,0,0,0,0,0,0,0,0,0,0,0,0,0,0
"13097","5","3231","76","0","2023","4","N",3,0,0,0,0,0,0,0,"N",0.36,0,0,0,0,0,0,0,"N",-2,-40.0,0,0,0,0,0,0,0,0,0,0,0,0,0,0
"13097","5","32311","77","0","2023","4","N",3,0,0,0,0,0,0,0,"N",0.37,0,0,0,0,0,0,0,"N",-2,-40.0,0,0,0,0,0,0,0,0,0,0,0,0,0,0
"13097","5","323111","78","0","2023","4","N",2,0,0,0,0,0,0,0,"N",0.36,0,0,0,0,0,0,0,"N",0,0.0,0,0,0,0,0,0,0,0,0,0,0,0,0,0
"13097","5","323113","78","0","2023","4","N",1,0,0,0,0,0,0,0,"N",0.43,0,0,0,0,0,0,0,"N",-2,-66.7,0,0,0,0,0,0,0,0,0,0,0,0,0,0
"13097","5","324","75","0","2023","4","N",2,0,0,0,0,0,0,0,"N",2.63,0,0,0,0,0,0,0,"N",0,0.0,0,0,0,0,0,0,0,0,0,0,0,0,0,0
"13097","5","3241","76","0","2023","4","N",2,0,0,0,0,0,0,0,"N",2.63,0,0,0,0,0,0,0,"N",0,0.0,0,0,0,0,0,0,0,0,0,0,0,0,0,0
"13097","5","32412","77","0","2023","4","N",2,0,0,0,0,0,0,0,"N",5.07,0,0,0,0,0,0,0,"N",0,0.0,0,0,0,0,0,0,0,0,0,0,0,0,0,0
"13097","5","324121","78","0","2023","4","N",2,0,0,0,0,0,0,0,"N",6.62,0,0,0,0,0,0,0,"N",0,0.0,0,0,0,0,0,0,0,0,0,0,0,0,0,0
"13097","5","325","75","0","2023","4","N",10,0,0,0,0,0,0,0,"N",1.34,0,0,0,0,0,0,0,"N",3,42.9,0,0,0,0,0,0,0,0,0,0,0,0,0,0
"13097","5","3252","76","0","2023","4","N",1,0,0,0,0,0,0,0,"N",1.69,0,0,0,0,0,0,0,"N",0,0.0,0,0,0,0,0,0,0,0,0,0,0,0,0,0
"13097","5","32521","77","0","2023","4","N",1,0,0,0,0,0,0,0,"N",1.92,0,0,0,0,0,0,0,"N",0,0.0,0,0,0,0,0,0,0,0,0,0,0,0,0,0
"13097","5","325211","78","0","2023","4","N",1,0,0,0,0,0,0,0,"N",2.19,0,0,0,0,0,0,0,"N",0,0.0,0,0,0,0,0,0,0,0,0,0,0,0,0,0
"13097","5","3254","76","0","2023","4","N",1,0,0,0,0,0,0,0,"N",0.45,0,0,0,0,0,0,0,"N",0,0.0,0,0,0,0,0,0,0,0,0,0,0,0,0,0
"13097","5","32541","77","0","2023","4","N",1,0,0,0,0,0,0,0,"N",0.45,0,0,0,0,0,0,0,"N",0,0.0,0,0,0,0,0,0,0,0,0,0,0,0,0,0
"13097","5","325412","78","0","2023","4","N",1,0,0,0,0,0,0,0,"N",0.70,0,0,0,0,0,0,0,"N",0,0.0,0,0,0,0,0,0,0,0,0,0,0,0,0,0
"13097","5","3255","76","0","2023","4","N",5,0,0,0,0,0,0,0,"N",6.66,0,0,0,0,0,0,0,"N",2,66.7,0,0,0,0,0,0,0,0,0,0,0,0,0,0
"13097","5","32551","77","0","2023","4","N",4,0,0,0,0,0,0,0,"N",7.58,0,0,0,0,0,0,0,"N",2,100.0,0,0,0,0,0,0,0,0,0,0,0,0,0,0
"13097","5","325510","78","0","2023","4","N",4,0,0,0,0,0,0,0,"N",7.58,0,0,0,0,0,0,0,"N",2,100.0,0,0,0,0,0,0,0,0,0,0,0,0,0,0
"13097","5","32552","77","0","2023","4","N",1,0,0,0,0,0,0,0,"N",4.49,0,0,0,0,0,0,0,"N",0,0.0,0,0,0,0,0,0,0,0,0,0,0,0,0,0
"13097","5","325520","78","0","2023","4","N",1,0,0,0,0,0,0,0,"N",4.49,0,0,0,0,0,0,0,"N",0,0.0,0,0,0,0,0,0,0,0,0,0,0,0,0,0
"13097","5","3256","76","0","2023","4","N",1,0,0,0,0,0,0,0,"N",0.84,0,0,0,0,0,0,0,"N",0,0.0,0,0,0,0,0,0,0,0,0,0,0,0,0,0
"13097","5","32562","77","0","2023","4","N",1,0,0,0,0,0,0,0,"N",1.84,0,0,0,0,0,0,0,"N",0,0.0,0,0,0,0,0,0,0,0,0,0,0,0,0,0
"13097","5","325620","78","0","2023","4","N",1,0,0,0,0,0,0,0,"N",1.84,0,0,0,0,0,0,0,"N",0,0.0,0,0,0,0,0,0,0,0,0,0,0,0,0,0
"13097","5","3259","76","0","2023","4","N",2,0,0,0,0,0,0,0,"N",1.93,0,0,0,0,0,0,0,"N",1,100.0,0,0,0,0,0,0,0,0,0,0,0,0,0,0
"13097","5","32591","77","0","2023","4","N",1,0,0,0,0,0,0,0,"N",7.56,0,0,0,0,0,0,0,"N",1,100.0,0,0,0,0,0,0,0,0,0,0,0,0,0,0
"13097","5","325910","78","0","2023","4","N",1,0,0,0,0,0,0,0,"N",7.56,0,0,0,0,0,0,0,"N",1,100.0,0,0,0,0,0,0,0,0,0,0,0,0,0,0
"13097","5","32599","77","0","2023","4","N",1,0,0,0,0,0,0,0,"N",1.15,0,0,0,0,0,0,0,"N",0,0.0,0,0,0,0,0,0,0,0,0,0,0,0,0,0
"13097","5","325998","78","0","2023","4","N",1,0,0,0,0,0,0,0,"N",1.50,0,0,0,0,0,0,0,"N",0,0.0,0,0,0,0,0,0,0,0,0,0,0,0,0,0
"13097","5","326","75","0","2023","4","N",4,0,0,0,0,0,0,0,"N",0.93,0,0,0,0,0,0,0,"N",-4,-50.0,0,0,0,0,0,0,0,0,0,0,0,0,0,0
"13097","5","3261","76","0","2023","4","N",4,0,0,0,0,0,0,0,"N",1.10,0,0,0,0,0,0,0,"N",-4,-50.0,0,0,0,0,0,0,0,0,0,0,0,0,0,0
"13097","5","32611","77","0","2023","4","N",2,0,0,0,0,0,0,0,"N",3.91,0,0,0,0,0,0,0,"N",0,0.0,0,0,0,0,0,0,0,0,0,0,0,0,0,0
"13097","5","326111","78","0","2023","4","N",1,0,0,0,0,0,0,0,"N",6.24,0,0,0,0,0,0,0,"N",0,0.0,0,0,0,0,0,0,0,0,0,0,0,0,0,0
"13097","5","326112","78","0","2023","4","N",1,0,0,0,0,0,0,0,"N",5.57,0,0,0,0,0,0,0,"N",0,0.0,0,0,0,0,0,0,0,0,0,0,0,0,0,0
"13097","5","32619","77","0","2023","4","N",2,0,0,0,0,0,0,0,"N",0.98,0,0,0,0,0,0,0,"N",-4,-66.7,0,0,0,0,0,0,0,0,0,0,0,0,0,0
"13097","5","326191","78","0","2023","4","-",0,0,0,0,0,0,0,0,"N",0.00,0,0,0,0,0,0,0,"N",-2,-100.0,0,0,0,0,0,0,0,0,0,0,0,0,0,0
"13097","5","326199","78","0","2023","4","N",2,0,0,0,0,0,0,0,"N",1.03,0,0,0,0,0,0,0,"N",-2,-50.0,0,0,0,0,0,0,0,0,0,0,0,0,0,0
"13097","5","327","75","0","2023","4","",8,112,110,102,2077084,97266,863,1479,"",1.52,0.82,0.80,0.74,1.00,0.59,0.47,1.28,"",1,14.3,-28,-20.0,-28,-20.3,-43,-29.7,-205754,-9.0,-281054,-74.3,-784,-47.6,234,18.8
"13097","5","3271","76","0","2023","4","N",2,0,0,0,0,0,0,0,"N",4.48,0,0,0,0,0,0,0,"N",1,100.0,0,0,0,0,0,0,0,0,0,0,0,0,0,0
"13097","5","32711","77","0","2023","4","N",1,0,0,0,0,0,0,0,"N",4.13,0,0,0,0,0,0,0,"N",1,100.0,0,0,0,0,0,0,0,0,0,0,0,0,0,0
"13097","5","327110","78","0","2023","4","N",1,0,0,0,0,0,0,0,"N",4.13,0,0,0,0,0,0,0,"N",1,100.0,0,0,0,0,0,0,0,0,0,0,0,0,0,0
"13097","5","32712","77","0","2023","4","N",1,0,0,0,0,0,0,0,"N",4.88,0,0,0,0,0,0,0,"N",0,0.0,0,0,0,0,0,0,0,0,0,0,0,0,0,0
"13097","5","327120","78","0","2023","4","N",1,0,0,0,0,0,0,0,"N",4.88,0,0,0,0,0,0,0,"N",0,0.0,0,0,0,0,0,0,0,0,0,0,0,0,0,0
"13097","5","3273","76","0","2023","4","",4,65,63,61,1266398,58048,439,1546,"",1.43,0.96,0.92,0.90,1.19,0.69,0.39,1.28,"",0,0.0,-2,-3.0,-5,-7.4,-8,-11.6,25199,2.0,9236,18.9,80,22.3,142,10.1
"13097","5","32731","77","0","2023","4","N",2,0,0,0,0,0,0,0,"N",15.54,0,0,0,0,0,0,0,"N",0,0.0,0,0,0,0,0,0,0,0,0,0,0,0,0,0
"13097","5","327310","78","0","2023","4","N",2,0,0,0,0,0,0,0,"N",15.54,0,0,0,0,0,0,0,"N",0,0.0,0,0,0,0,0,0,0,0,0,0,0,0,0,0
"13097","5","32732","77","0","2023","4","N",2,0,0,0,0,0,0,0,"N",1.16,0,0,0,0,0,0,0,"N",0,0.0,0,0,0,0,0,0,0,0,0,0,0,0,0,0
"13097","5","327320","78","0","2023","4","N",2,0,0,0,0,0,0,0,"N",1.16,0,0,0,0,0,0,0,"N",0,0.0,0,0,0,0,0,0,0,0,0,0,0,0,0,0
"13097","5","3279","76","0","2023","4","N",2,0,0,0,0,0,0,0,"N",1.52,0,0,0,0,0,0,0,"N",0,0.0,0,0,0,0,0,0,0,0,0,0,0,0,0,0
"13097","5","32791","77","0","2023","4","N",1,0,0,0,0,0,0,0,"N",8.15,0,0,0,0,0,0,0,"N",0,0.0,0,0,0,0,0,0,0,0,0,0,0,0,0,0
"13097","5","327910","78","0","2023","4","N",1,0,0,0,0,0,0,0,"N",8.15,0,0,0,0,0,0,0,"N",0,0.0,0,0,0,0,0,0,0,0,0,0,0,0,0,0
"13097","5","32799","77","0","2023","4","N",1,0,0,0,0,0,0,0,"N",0.84,0,0,0,0,0,0,0,"N",0,0.0,0,0,0,0,0,0,0,0,0,0,0,0,0,0
"13097","5","327991","78","0","2023","4","N",1,0,0,0,0,0,0,0,"N",1.13,0,0,0,0,0,0,0,"N",0,0.0,0,0,0,0,0,0,0,0,0,0,0,0,0,0
"13097","5","331","75","0","2023","4","N",2,0,0,0,0,0,0,0,"N",1.12,0,0,0,0,0,0,0,"N",0,0.0,0,0,0,0,0,0,0,0,0,0,0,0,0,0
"13097","5","3314","76","0","2023","4","N",2,0,0,0,0,0,0,0,"N",6.11,0,0,0,0,0,0,0,"N",0,0.0,0,0,0,0,0,0,0,0,0,0,0,0,0,0
"13097","5","33142","77","0","2023","4","N",2,0,0,0,0,0,0,0,"N",19.88,0,0,0,0,0,0,0,"N",0,0.0,0,0,0,0,0,0,0,0,0,0,0,0,0,0
"13097","5","331420","78","0","2023","4","N",2,0,0,0,0,0,0,0,"N",19.88,0,0,0,0,0,0,0,"N",0,0.0,0,0,0,0,0,0,0,0,0,0,0,0,0,0
"13097","5","332","75","0","2023","4","",29,831,841,849,12710182,1321343,24477,1163,"",1.59,1.77,1.76,1.77,1.82,2.40,4.85,1.03,"",-1,-3.3,104,14.3,95,12.7,92,12.2,1575104,14.1,648079,96.3,11445,87.8,11,1.0
"13097","5","3321","76","0","2023","4","N",2,0,0,0,0,0,0,0,"N",2.96,0,0,0,0,0,0,0,"N",0,0.0,0,0,0,0,0,0,0,0,0,0,0,0,0,0
"13097","5","33211","77","0","2023","4","N",2,0,0,0,0,0,0,0,"N",2.96,0,0,0,0,0,0,0,"N",0,0.0,0,0,0,0,0,0,0,0,0,0,0,0,0,0
"13097","5","332114","78","0","2023","4","N",1,0,0,0,0,0,0,0,"N",14.98,0,0,0,0,0,0,0,"N",0,0.0,0,0,0,0,0,0,0,0,0,0,0,0,0,0
"13097","5","332119","78","0","2023","4","N",1,0,0,0,0,0,0,0,"N",2.67,0,0,0,0,0,0,0,"N",0,0.0,0,0,0,0,0,0,0,0,0,0,0,0,0,0
"13097","5","3323","76","0","2023","4","",13,578,593,607,9151278,1134072,23103,1188,"",2.62,4.33,4.37,4.43,4.55,6.13,13.70,1.04,"",-1,-7.1,92,18.9,100,20.3,109,21.9,1244861,15.7,665852,142.2,11762,103.7,-47,-3.8
"13097","5","33231","77","0","2023","4","",5,397,413,429,6214618,1109100,22966,1158,"",2.31,6.68,6.83,7.03,6.45,13.63,30.94,0.94,"",0,0.0,102,34.6,111,36.8,123,40.2,1198910,23.9,741817,202.0,13447,141.3,-124,-9.7
"13097","5","332311","78","0","2023","4","N",2,0,0,0,0,0,0,0,"N",4.62,0,0,0,0,0,0,0,"N",0,0.0,0,0,0,0,0,0,0,0,0,0,0,0,0,0
"13097","5","332312","78","0","2023","4","N",3,0,0,0,0,0,0,0,"N",2.58,0,0,0,0,0,0,0,"N",0,0.0,0,0,0,0,0,0,0,0,0,0,0,0,0,0
"13097","5","33232","77","0","2023","4","",8,181,180,178,2936660,24972,137,1257,"",2.87,2.44,2.39,2.35,2.80,0.24,0.15,1.17,"",-1,-11.1,-10,-5.2,-11,-5.8,-14,-7.3,45951,1.6,-75965,-75.3,-1685,-92.5,95,8.2
"13097","5","332321","78","0","2023","4","N",2,0,0,0,0,0,0,0,"N",4.39,0,0,0,0,0,0,0,"N",0,0.0,0,0,0,0,0,0,0,0,0,0,0,0,0,0
"13097","5","332322","78","0","2023","4","N",3,0,0,0,0,0,0,0,"N",2.21,0,0,0,0,0,0,0,"N",0,0.0,0,0,0,0,0,0,0,0,0,0,0,0,0,0
"13097","5","332323","78","0","2023","4","",3,90,91,93,1548965,10676,51,1305,"",3.07,6.30,6.27,6.33,7.44,0.45,0.23,1.18,"",-1,-25.0,-12,-11.8,-11,-10.8,-8,-7.9,184466,13.5,-67946,-86.4,-660,-92.8,273,26.5
"13097","5","3327","76","0","2023","4","",7,66,66,65,871626,29068,49,1021,"",1.09,0.60,0.59,0.58,0.55,0.24,0.04,0.94,"",0,0.0,11,20.0,10,17.9,5,8.3,143037,19.6,8613,42.1,-68,-58.1,38,3.9
"13097","5","33271","77","0","2023","4","",7,66,66,65,871626,29068,49,1021,"",1.23,0.77,0.76,0.75,0.71,0.29,0.06,0.94,"",0,0.0,11,20.0,10,17.9,5,8.3,143037,19.6,8613,42.1,-68,-58.1,38,3.9
"13097","5","332710","78","0","2023","4","",7,66,66,65,871626,29068,49,1021,"",1.23,0.77,0.76,0.75,0.71,0.29,0.06,0.94,"",0,0.0,11,20.0,10,17.9,5,8.3,143037,19.6,8613,42.1,-68,-58.1,38,3.9
"13097","5","3328","76","0","2023","4","",5,63,64,63,1014365,65543,606,1232,"",2.68,1.47,1.48,1.45,1.81,1.30,1.27,1.24,"",0,0.0,-1,-1.6,-2,-3.0,-4,-6.0,124093,13.9,37364,132.6,409,207.6,189,18.1
"13097","5","33281","77","0","2023","4","",5,63,64,63,1014365,65543,606,1232,"",2.68,1.47,1.48,1.45,1.81,1.30,1.27,1.24,"",0,0.0,-1,-1.6,-2,-3.0,-4,-6.0,124093,13.9,37364,132.6,409,207.6,189,18.1
"13097","5","332812","78","0","2023","4","N",2,0,0,0,0,0,0,0,"N",2.14,0,0,0,0,0,0,0,"N",0,0.0,0,0,0,0,0,0,0,0,0,0,0,0,0,0
"13097","5","332813","78","0","2023","4","N",3,0,0,0,0,0,0,0,"N",4.12,0,0,0,0,0,0,0,"N",0,0.0,0,0,0,0,0,0,0,0,0,0,0,0,0,0
"13097","5","3329","76","0","2023","4","N",2,0,0,0,0,0,0,0,"N",0.75,0,0,0,0,0,0,0,"N",0,0.0,0,0,0,0,0,0,0,0,0,0,0,0,0,0
"13097","5","33291","77","0","2023","4","N",1,0,0,0,0,0,0,0,"N",1.73,0,0,0,0,0,0,0,"N",0,0.0,0,0,0,0,0,0,0,0,0,0,0,0,0,0
"13097","5","332911","78","0","2023","4","N",1,0,0,0,0,0,0,0,"N",4.60,0,0,0,0,0,0,0,"N",0,0.0,0,0,0,0,0,0,0,0,0,0,0,0,0,0
"13097","5","33299","77","0","2023","4","N",1,0,0,0,0,0,0,0,"N",0.48,0,0,0,0,0,0,0,"N",0,0.0,0,0,0,0,0,0,0,0,0,0,0,0,0,0
"13097","5","332999","78","0","2023","4","N",1,0,0,0,0,0,0,0,"N",0.72,0,0,0,0,0,0,0,"N",0,0.0,0,0,0,0,0,0,0,0,0,0,0,0,0,0
"13097","5","333","75","0","2023","4","",14,507,505,508,9611727,361167,1508,1459,"",1.37,1.39,1.36,1.36,1.50,0.96,0.46,1.10,"",-1,-6.7,-21,-4.0,-26,-4.9,-29,-5.4,2044103,27.0,68186,23.3,-422,-21.9,365,33.4
"13097","5","3331","76","0","2023","4","N",3,0,0,0,0,0,0,0,"N",2.11,0,0,0,0,0,0,0,"N",0,0.0,0,0,0,0,0,0,0,0,0,0,0,0,0,0
"13097","5","33311","77","0","2023","4","N",1,0,0,0,0,0,0,0,"N",1.73,0,0,0,0,0,0,0,"N",0,0.0,0,0,0,0,0,0,0,0,0,0,0,0,0,0
"13097","5","333111","78","0","2023","4","N",1,0,0,0,0,0,0,0,"N",2.02,0,0,0,0,0,0,0,"N",0,0.0,0,0,0,0,0,0,0,0,0,0,0,0,0,0
"13097","5","33312","77","0","2023","4","N",2,0,0,0,0,0,0,0,"N",5.95,0,0,0,0,0,0,0,"N",0,0.0,0,0,0,0,0,0,0,0,0,0,0,0,0,0
"13097","5","333120","78","0","2023","4","N",2,0,0,0,0,0,0,0,"N",5.95,0,0,0,0,0,0,0,"N",0,0.0,0,0,0,0,0,0,0,0,0,0,0,0,0,0
"13097","5","3333","76","0","2023","4","N",1,0,0,0,0,0,0,0,"N",1.06,0,0,0,0,0,0,0,"N",-1,-50.0,0,0,0,0,0,0,0,0,0,0,0,0,0,0
"13097","5","33331","77","0","2023","4","N",1,0,0,0,0,0,0,0,"N",1.06,0,0,0,0,0,0,0,"N",-1,-50.0,0,0,0,0,0,0,0,0,0,0,0,0,0,0
"13097","5","333310","78","0","2023","4","N",1,0,0,0,0,0,0,0,"N",1.06,0,0,0,0,0,0,0,"N",-1,-50.0,0,0,0,0,0,0,0,0,0,0,0,0,0,0
"13097","5","3334","76","0","2023","4","",5,291,292,290,6082744,155299,613,1608,"",5.79,6.22,6.15,6.03,9.24,3.13,1.51,1.51,"",0,0.0,-19,-6.1,-23,-7.3,-26,-8.2,1887452,45.0,-23034,-12.9,-177,-22.4,579,56.3
"13097","5","33341","77","0","2023","4","",5,291,292,290,6082744,155299,613,1608,"",5.79,6.22,6.15,6.03,9.24,3.13,1.51,1.51,"",0,0.0,-19,-6.1,-23,-7.3,-26,-8.2,1887452,45.0,-23034,-12.9,-177,-22.4,579,56.3
"13097","5","333415","78","0","2023","4","",5,291,292,290,6082744,155299,613,1608,"",11.24,9.30,9.18,8.97,13.73,5.09,2.30,1.50,"",0,0.0,-19,-6.1,-23,-7.3,-26,-8.2,1887452,45.0,-23034,-12.9,-177,-22.4,579,56.3
"13097","5","3336","76","0","2023","4","N",1,0,0,0,0,0,0,0,"N",2.28,0,0,0,0,0,0,0,"N",0,0.0,0,0,0,0,0,0,0,0,0,0,0,0,0,0
"13097","5","33361","77","0","2023","4","N",1,0,0,0,0,0,0,0,"N",2.28,0,0,0,0,0,0,0,"N",0,0.0,0,0,0,0,0,0,0,0,0,0,0,0,0,0
"13097","5","333613","78","0","2023","4","N",1,0,0,0,0,0,0,0,"N",9.80,0,0,0,0,0,0,0,"N",0,0.0,0,0,0,0,0,0,0,0,0,0,0,0,0,0
"13097","5","3339","76","0","2023","4","N",4,0,0,0,0,0,0,0,"N",1.53,0,0,0,0,0,0,0,"N",0,0.0,0,0,0,0,0,0,0,0,0,0,0,0,0,0
"13097","5","33392","77","0","2023","4","N",2,0,0,0,0,0,0,0,"N",2.92,0,0,0,0,0,0,0,"N",0,0.0,0,0,0,0,0,0,0,0,0,0,0,0,0,0
"13097","5","333923","78","0","2023","4","N",1,0,0,0,0,0,0,0,"N",6.96,0,0,0,0,0,0,0,"N",0,0.0,0,0,0,0,0,0,0,0,0,0,0,0,0,0
"13097","5","333924","78","0","2023","4","N",1,0,0,0,0,0,0,0,"N",7.46,0,0,0,0,0,0,0,"N",0,0.0,0,0,0,0,0,0,0,0,0,0,0,0,0,0
"13097","5","33399","77","0","2023","4","N",2,0,0,0,0,0,0,0,"N",1.31,0,0,0,0,0,0,0,"N",0,0.0,0,0,0,0,0,0,0,0,0,0,0,0,0,0
"13097","5","333992","78","0","2023","4","N",1,0,0,0,0,0,0,0,"N",4.18,0,0,0,0,0,0,0,"N",0,0.0,0,0,0,0,0,0,0,0,0,0,0,0,0,0
"13097","5","333995","78","0","2023","4","N",1,0,0,0,0,0,0,0,"N",8.70,0,0,0,0,0,0,0,"N",0,0.0,0,0,0,0,0,0,0,0,0,0,0,0,0,0
"13097","5","334","75","0","2023","4","N",7,0,0,0,0,0,0,0,"N",0.91,0,0,0,0,0,0,0,"N",2,40.0,0,0,0,0,0,0,0,0,0,0,0,0,0,0
"13097","5","3341","76","0","2023","4","N",1,0,0,0,0,0,0,0,"N",1.39,0,0,0,0,0,0,0,"N",1,100.0,0,0,0,0,0,0,0,0,0,0,0,0,0,0
"13097","5","33411","77","0","2023","4","N",1,0,0,0,0,0,0,0,"N",1.39,0,0,0,0,0,0,0,"N",1,100.0,0,0,0,0,0,0,0,0,0,0,0,0,0,0
"13097","5","334112","78","0","2023","4","N",1,0,0,0,0,0,0,0,"N",12.19,0,0,0,0,0,0,0,"N",1,100.0,0,0,0,0,0,0,0,0,0,0,0,0,0,0
"13097","5","3342","76","0","2023","4","N",1,0,0,0,0,0,0,0,"N",1.16,0,0,0,0,0,0,0,"N",0,0.0,0,0,0,0,0,0,0,0,0,0,0,0,0,0
"13097","5","33429","77","0","2023","4","N",1,0,0,0,0,0,0,0,"N",4.06,0,0,0,0,0,0,0,"N",0,0.0,0,0,0,0,0,0,0,0,0,0,0,0,0,0
"13097","5","334290","78","0","2023","4","N",1,0,0,0,0,0,0,0,"N",4.06,0,0,0,0,0,0,0,"N",0,0.0,0,0,0,0,0,0,0,0,0,0,0,0,0,0
"13097","5","3344","76","0","2023","4","N",1,0,0,0,0,0,0,0,"N",0.48,0,0,0,0,0,0,0,"N",0,0.0,0,0,0,0,0,0,0,0,0,0,0,0,0,0
"13097","5","33441","77","0","2023","4","N",1,0,0,0,0,0,0,0,"N",0.48,0,0,0,0,0,0,0,"N",0,0.0,0,0,0,0,0,0,0,0,0,0,0,0,0,0
"13097","5","334418","78","0","2023","4","N",1,0,0,0,0,0,0,0,"N",2.69,0,0,0,0,0,0,0,"N",0,0.0,0,0,0,0,0,0,0,0,0,0,0,0,0,0
"13097","5","3345","76","0","2023","4","N",3,0,0,0,0,0,0,0,"N",0.93,0,0,0,0,0,0,0,"N",1,50.0,0,0,0,0,0,0,0,0,0,0,0,0,0,0
"13097","5","33451","77","0","2023","4","N",3,0,0,0,0,0,0,0,"N",0.93,0,0,0,0,0,0,0,"N",1,50.0,0,0,0,0,0,0,0,0,0,0,0,0,0,0
"13097","5","334512","78","0","2023","4","N",1,0,0,0,0,0,0,0,"N",6.19,0,0,0,0,0,0,0,"N",1,100.0,0,0,0,0,0,0,0,0,0,0,0,0,0,0
"13097","5","334513","78","0","2023","4","N",1,0,0,0,0,0,0,0,"N",1.54,0,0,0,0,0,0,0,"N",-1,-50.0,0,0,0,0,0,0,0,0,0,0,0,0,0,0
"13097","5","334515","78","0","2023","4","N",1,0,0,0,0,0,0,0,"N",2.58,0,0,0,0,0,0,0,"N",1,100.0,0,0,0,0,0,0,0,0,0,0,0,0,0,0
"13097","5","3346","76","0","2023","4","N",1,0,0,0,0,0,0,0,"N",2.11,0,0,0,0,0,0,0,"N",0,0.0,0,0,0,0,0,0,0,0,0,0,0,0,0,0
"13097","5","33461","77","0","2023","4","N",1,0,0,0,0,0,0,0,"N",2.11,0,0,0,0,0,0,0,"N",0,0.0,0,0,0,0,0,0,0,0,0,0,0,0,0,0
"13097","5","334610","78","0","2023","4","N",1,0,0,0,0,0,0,0,"N",2.11,0,0,0,0,0,0,0,"N",0,0.0,0,0,0,0,0,0,0,0,0,0,0,0,0,0
"13097","5","335","75","0","2023","4","N",3,0,0,0,0,0,0,0,"N",0.97,0,0,0,0,0,0,0,"N",0,0.0,0,0,0,0,0,0,0,0,0,0,0,0,0,0
"13097","5","3351","76","0","2023","4","N",1,0,0,0,0,0,0,0,"N",1.72,0,0,0,0,0,0,0,"N",0,0.0,0,0,0,0,0,0,0,0,0,0,0,0,0,0
"13097","5","33513","77","0","2023","4","N",1,0,0,0,0,0,0,0,"N",1.72,0,0,0,0,0,0,0,"N",0,0.0,0,0,0,0,0,0,0,0,0,0,0,0,0,0
"13097","5","335132","78","0","2023","4","N",1,0,0,0,0,0,0,0,"N",3.85,0,0,0,0,0,0,0,"N",0,0.0,0,0,0,0,0,0,0,0,0,0,0,0,0,0
"13097","5","3353","76","0","2023","4","N",2,0,0,0,0,0,0,0,"N",2.13,0,0,0,0,0,0,0,"N",0,0.0,0,0,0,0,0,0,0,0,0,0,0,0,0,0
"13097","5","33531","77","0","2023","4","N",2,0,0,0,0,0,0,0,"N",2.13,0,0,0,0,0,0,0,"N",0,0.0,0,0,0,0,0,0,0,0,0,0,0,0,0,0
"13097","5","335312","78","0","2023","4","N",1,0,0,0,0,0,0,0,"N",4.29,0,0,0,0,0,0,0,"N",0,0.0,0,0,0,0,0,0,0,0,0,0,0,0,0,0
"13097","5","335313","78","0","2023","4","N",1,0,0,0,0,0,0,0,"N",4.15,0,0,0,0,0,0,0,"N",1,100.0,0,0,0,0,0,0,0,0,0,0,0,0,0,0
"13097","5","336","75","0","2023","4","N",4,0,0,0,0,0,0,0,"N",0.73,0,0,0,0,0,0,0,"N",1,33.3,0,0,0,0,0,0,0,0,0,0,0,0,0,0
"13097","5","3362","76","0","2023","4","N",1,0,0,0,0,0,0,0,"N",1.27,0,0,0,0,0,0,0,"N",0,0.0,0,0,0,0,0,0,0,0,0,0,0,0,0,0
"13097","5","33621","77","0","2023","4","N",1,0,0,0,0,0,0,0,"N",1.27,0,0,0,0,0,0,0,"N",0,0.0,0,0,0,0,0,0,0,0,0,0,0,0,0,0
"13097","5","336211","78","0","2023","4","N",1,0,0,0,0,0,0,0,"N",3.64,0,0,0,0,0,0,0,"N",0,0.0,0,0,0,0,0,0,0,0,0,0,0,0,0,0
"13097","5","3363","76","0","2023","4","N",2,0,0,0,0,0,0,0,"N",1.04,0,0,0,0,0,0,0,"N",0,0.0,0,0,0,0,0,0,0,0,0,0,0,0,0,0
"13097","5","33631","77","0","2023","4","N",1,0,0,0,0,0,0,0,"N",3.62,0,0,0,0,0,0,0,"N",0,0.0,0,0,0,0,0,0,0,0,0,0,0,0,0,0
"13097","5","336310","78","0","2023","4","N",1,0,0,0,0,0,0,0,"N",3.62,0,0,0,0,0,0,0,"N",0,0.0,0,0,0,0,0,0,0,0,0,0,0,0,0,0
"13097","5","33633","77","0","2023","4","N",1,0,0,0,0,0,0,0,"N",10.12,0,0,0,0,0,0,0,"N",0,0.0,0,0,0,0,0,0,0,0,0,0,0,0,0,0
"13097","5","336330","78","0","2023","4","N",1,0,0,0,0,0,0,0,"N",10.12,0,0,0,0,0,0,0,"N",0,0.0,0,0,0,0,0,0,0,0,0,0,0,0,0,0
"13097","5","3369","76","0","2023","4","N",1,0,0,0,0,0,0,0,"N",2.29,0,0,0,0,0,0,0,"N",1,100.0,0,0,0,0,0,0,0,0,0,0,0,0,0,0
"13097","5","33699","77","0","2023","4","N",1,0,0,0,0,0,0,0,"N",2.29,0,0,0,0,0,0,0,"N",1,100.0,0,0,0,0,0,0,0,0,0,0,0,0,0,0
"13097","5","336991","78","0","2023","4","N",1,0,0,0,0,0,0,0,"N",5.50,0,0,0,0,0,0,0,"N",1,100.0,0,0,0,0,0,0,0,0,0,0,0,0,0,0
"13097","5","337","75","0","2023","4","",8,28,27,24,318794,8831,10,931,"",1.46,0.24,0.23,0.21,0.23,0.05,0.01,1.03,"N",1,14.3,0,0,0,0,0,0,0,0,0,0,0,0,0,0
"13097","5","3371","76","0","2023","4","N",6,0,0,0,0,0,0,0,"N",1.57,0,0,0,0,0,0,0,"N",2,50.0,0,0,0,0,0,0,0,0,0,0,0,0,0,0
"13097","5","33711","77","0","2023","4","N",4,0,0,0,0,0,0,0,"N",1.67,0,0,0,0,0,0,0,"N",2,100.0,0,0,0,0,0,0,0,0,0,0,0,0,0,0
"13097","5","337110","78","0","2023","4","N",4,0,0,0,0,0,0,0,"N",1.67,0,0,0,0,0,0,0,"N",2,100.0,0,0,0,0,0,0,0,0,0,0,0,0,0,0
"13097","5","33712","77","0","2023","4","N",2,0,0,0,0,0,0,0,"N",1.41,0,0,0,0,0,0,0,"N",0,0.0,0,0,0,0,0,0,0,0,0,0,0,0,0,0
"13097","5","337122","78","0","2023","4","N",2,0,0,0,0,0,0,0,"N",2.64,0,0,0,0,0,0,0,"N",0,0.0,0,0,0,0,0,0,0,0,0,0,0,0,0,0
"13097","5","3372","76","0","2023","4","N",2,0,0,0,0,0,0,0,"N",1.50,0,0,0,0,0,0,0,"N",-1,-33.3,0,0,0,0,0,0,0,0,0,0,0,0,0,0
"13097","5","33721","77","0","2023","4","N",2,0,0,0,0,0,0,0,"N",1.50,0,0,0,0,0,0,0,"N",-1,-33.3,0,0,0,0,0,0,0,0,0,0,0,0,0,0
"13097","5","337211","78","0","2023","4","N",1,0,0,0,0,0,0,0,"N",6.02,0,0,0,0,0,0,0,"N",-1,-50.0,0,0,0,0,0,0,0,0,0,0,0,0,0,0
"13097","5","337212","78","0","2023","4","N",1,0,0,0,0,0,0,0,"N",1.63,0,0,0,0,0,0,0,"N",0,0.0,0,0,0,0,0,0,0,0,0,0,0,0,0,0
"13097","5","339","75","0","2023","4","",11,264,264,266,5819524,152036,1726,1691,"",0.98,1.30,1.28,1.29,1.84,0.57,0.83,1.43,"",2,22.2,34,14.8,32,13.8,34,14.7,1531234,35.7,39900,35.6,1134,191.6,265,18.6
"13097","5","3391","76","0","2023","4","",3,38,37,38,451846,3040,11,923,"",0.71,0.35,0.34,0.35,0.25,0.02,0.01,0.71,"",0,0.0,-3,-7.3,-4,-9.8,-3,-7.3,-13869,-3.0,-1763,-36.7,0,0.0,49,5.6
"13097","5","33911","77","0","2023","4","",3,38,37,38,451846,3040,11,923,"",0.71,0.35,0.34,0.35,0.25,0.02,0.01,0.71,"",0,0.0,-3,-7.3,-4,-9.8,-3,-7.3,-13869,-3.0,-1763,-36.7,0,0.0,49,5.6
"13097","5","339115","78","0","2023","4","N",2,0,0,0,0,0,0,0,"N",10.08,0,0,0,0,0,0,0,"N",0,0.0,0,0,0,0,0,0,0,0,0,0,0,0,0,0
"13097","5","339116","78","0","2023","4","N",1,0,0,0,0,0,0,0,"N",0.66,0,0,0,0,0,0,0,"N",0,0.0,0,0,0,0,0,0,0,0,0,0,0,0,0,0
"13097","5","3399","76","0","2023","4","",8,226,227,228,5367678,148996,1715,1819,"",1.15,2.37,2.35,2.34,4.06,1.06,1.44,1.72,"",2,33.3,37,19.6,36,18.8,37,19.4,1545103,40.4,41663,38.8,1134,195.2,274,17.7
"13097","5","33991","77","0","2023","4","N",1,0,0,0,0,0,0,0,"N",1.50,0,0,0,0,0,0,0,"N",1,100.0,0,0,0,0,0,0,0,0,0,0,0,0,0,0
"13097","5","339910","78","0","2023","4","N",1,0,0,0,0,0,0,0,"N",1.50,0,0,0,0,0,0,0,"N",1,100.0,0,0,0,0,0,0,0,0,0,0,0,0,0,0
"13097","5","33995","77","0","2023","4","N",4,0,0,0,0,0,0,0,"N",1.77,0,0,0,0,0,0,0,"N",1,33.3,0,0,0,0,0,0,0,0,0,0,0,0,0,0
"13097","5","339950","78","0","2023","4","N",4,0,0,0,0,0,0,0,"N",1.77,0,0,0,0,0,0,0,"N",1,33.3,0,0,0,0,0,0,0,0,0,0,0,0,0,0
"13097","5","33999","77","0","2023","4","",3,42,43,44,852189,52072,1208,1524,"",1.03,1.00,1.01,1.03,1.45,0.93,2.42,1.43,"N",0,0.0,0,0,0,0,0,0,0,0,0,0,0,0,0,0
"13097","5","339991","78","0","2023","4","N",1,0,0,0,0,0,0,0,"N",4.24,0,0,0,0,0,0,0,"N",0,0.0,0,0,0,0,0,0,0,0,0,0,0,0,0,0
"13097","5","339999","78","0","2023","4","N",2,0,0,0,0,0,0,0,"N",0.86,0,0,0,0,0,0,0,"N",0,0.0,0,0,0,0,0,0,0,0,0,0,0,0,0,0
"13097","5","42","74","0","2023","4","N",169,0,0,0,0,0,0,0,"N",0.88,0,0,0,0,0,0,0,"N",-10,-5.6,0,0,0,0,0,0,0,0,0,0,0,0,0,0
"13097","5","423","75","0","2023","4","",105,3248,3300,3322,98588656,2784461,28686,2305,"",1.04,2.92,2.92,2.91,4.32,2.08,2.57,1.48,"",-3,-2.8,168,5.5,181,5.8,183,5.8,16295510,19.8,-331738,-10.6,-16610,-36.7,271,13.3
"13097","5","4231","76","0","2023","4","",13,164,172,176,3252037,200057,1228,1466,"",1.60,1.34,1.37,1.39,1.69,1.25,0.94,1.24,"",1,8.3,16,10.8,21,13.9,24,15.8,214983,7.1,75136,60.1,205,20.0,-88,-5.7
"13097","5","42311","77","0","2023","4","",6,105,109,114,2375246,138126,951,1671,"",2.61,2.31,2.36,2.43,2.99,2.40,2.13,1.26,"",1,20.0,16,18.0,16,17.2,20,21.3,166093,7.5,44732,47.9,80,9.2,-176,-9.5
"13097","5","423110","78","0","2023","4","",6,105,109,114,2375246,138126,951,1671,"",2.61,2.31,2.36,2.43,2.99,2.40,2.13,1.26,"",1,20.0,16,18.0,16,17.2,20,21.3,166093,7.5,44732,47.9,80,9.2,-176,-9.5
"13097","5","42312","77","0","2023","4","N",6,0,0,0,0,0,0,0,"N",1.34,0,0,0,0,0,0,0,"N",0,0.0,0,0,0,0,0,0,0,0,0,0,0,0,0,0
"13097","5","423120","78","0","2023","4","N",6,0,0,0,0,0,0,0,"N",1.34,0,0,0,0,0,0,0,"N",0,0.0,0,0,0,0,0,0,0,0,0,0,0,0,0,0
"13097","5","42313","77","0","2023","4","N",1,0,0,0,0,0,0,0,"N",1.38,0,0,0,0,0,0,0,"N",0,0.0,0,0,0,0,0,0,0,0,0,0,0,0,0,0
"13097","5","423130","78","0","2023","4","N",1,0,0,0,0,0,0,0,"N",1.38,0,0,0,0,0,0,0,"N",0,0.0,0,0,0,0,0,0,0,0,0,0,0,0,0,0
"13097","5","4232","76","0","2023","4","N",4,0,0,0,0,0,0,0,"N",1.00,0,0,0,0,0,0,0,"N",0,0.0,0,0,0,0,0,0,0,0,0,0,0,0,0,0
"13097","5","42321","77","0","2023","4","N",2,0,0,0,0,0,0,0,"N",1.09,0,0,0,0,0,0,0,"N",0,0.0,0,0,0,0,0,0,0,0,0,0,0,0,0,0
"13097","5","423210","78","0","2023","4","N",2,0,0,0,0,0,0,0,"N",1.09,0,0,0,0,0,0,0,"N",0,0.0,0,0,0,0,0,0,0,0,0,0,0,0,0,0
"13097","5","42322","77","0","2023","4","N",2,0,0,0,0,0,0,0,"N",0.92,0,0,0,0,0,0,0,"N",0,0.0,0,0,0,0,0,0,0,0,0,0,0,0,0,0
"13097","5","423220","78","0","2023","4","N",2,0,0,0,0,0,0,0,"N",0.92,0,0,0,0,0,0,0,"N",0,0.0,0,0,0,0,0,0,0,0,0,0,0,0,0,0
"13097","5","4233","76","0","2023","4","",11,180,194,195,4225516,121432,1069,1714,"",1.45,2.09,2.22,2.21,2.83,0.94,0.99,1.30,"",-1,-8.3,-4,-2.2,8,4.3,2,1.0,280688,7.1,-38289,-24.0,-743,-41.0,97,6.0
"13097","5","42331","77","0","2023","4","",5,78,93,94,2071806,84868,729,1804,"",1.74,2.08,2.45,2.45,3.16,1.43,1.72,1.36,"",1,25.0,1,1.3,15,19.2,11,13.3,344877,20.0,12480,17.2,-403,-35.6,130,7.8
"13097","5","423310","78","0","2023","4","",5,78,93,94,2071806,84868,729,1804,"",1.74,2.08,2.45,2.45,3.16,1.43,1.72,1.36,"",1,25.0,1,1.3,15,19.2,11,13.3,344877,20.0,12480,17.2,-403,-35.6,130,7.8
"13097","5","42332","77","0","2023","4","",3,75,75,74,1476109,27708,265,1521,"",1.53,3.41,3.37,3.32,4.15,0.98,0.90,1.23,"",-2,-40.0,0,0.0,-1,-1.3,-5,-6.3,60751,4.3,-49981,-64.3,-330,-55.5,101,7.1
"13097","5","423320","78","0","2023","4","",3,75,75,74,1476109,27708,265,1521,"",1.53,3.41,3.37,3.32,4.15,0.98,0.90,1.23,"",-2,-40.0,0,0.0,-1,-1.3,-5,-6.3,60751,4.3,-49981,-64.3,-330,-55.5,101,7.1
"13097","5","42333","77","0","2023","4","N",2,0,0,0,0,0,0,0,"N",1.62,0,0,0,0,0,0,0,"N",0,0.0,0,0,0,0,0,0,0,0,0,0,0,0,0,0
"13097","5","423330","78","0","2023","4","N",2,0,0,0,0,0,0,0,"N",1.62,0,0,0,0,0,0,0,"N",0,0.0,0,0,0,0,0,0,0,0,0,0,0,0,0,0
"13097","5","42339","77","0","2023","4","N",1,0,0,0,0,0,0,0,"N",0.65,0,0,0,0,0,0,0,"N",0,0.0,0,0,0,0,0,0,0,0,0,0,0,0,0,0
"13097","5","423390","78","0","2023","4","N",1,0,0,0,0,0,0,0,"N",0.65,0,0,0,0,0,0,0,"N",0,0.0,0,0,0,0,0,0,0,0,0,0,0,0,0,0
"13097","5","4234","76","0","2023","4","N",9,0,0,0,0,0,0,0,"N",0.41,0,0,0,0,0,0,0,"N",-4,-30.8,0,0,0,0,0,0,0,0,0,0,0,0,0,0
"13097","5","42342","77","0","2023","4","N",1,0,0,0,0,0,0,0,"N",0.56,0,0,0,0,0,0,0,"N",0,0.0,0,0,0,0,0,0,0,0,0,0,0,0,0,0
"13097","5","423420","78","0","2023","4","N",1,0,0,0,0,0,0,0,"N",0.56,0,0,0,0,0,0,0,"N",0,0.0,0,0,0,0,0,0,0,0,0,0,0,0,0,0
"13097","5","42343","77","0","2023","4","N",2,0,0,0,0,0,0,0,"N",0.37,0,0,0,0,0,0,0,"N",-1,-33.3,0,0,0,0,0,0,0,0,0,0,0,0,0,0
"13097","5","423430","78","0","2023","4","N",2,0,0,0,0,0,0,0,"N",0.37,0,0,0,0,0,0,0,"N",-1,-33.3,0,0,0,0,0,0,0,0,0,0,0,0,0,0
"13097","5","42344","77","0","2023","4","N",3,0,0,0,0,0,0,0,"N",1.48,0,0,0,0,0,0,0,"N",-1,-25.0,0,0,0,0,0,0,0,0,0,0,0,0,0,0
"13097","5","423440","78","0","2023","4","N",3,0,0,0,0,0,0,0,"N",1.48,0,0,0,0,0,0,0,"N",-1,-25.0,0,0,0,0,0,0,0,0,0,0,0,0,0,0
"13097","5","42345","77","0","2023","4","N",1,0,0,0,0,0,0,0,"N",0.10,0,0,0,0,0,0,0,"N",-2,-66.7,0,0,0,0,0,0,0,0,0,0,0,0,0,0
"13097","5","423450","78","0","2023","4","N",1,0,0,0,0,0,0,0,"N",0.10,0,0,0,0,0,0,0,"N",-2,-66.7,0,0,0,0,0,0,0,0,0,0,0,0,0,0
"13097","5","42346","77","0","2023","4","N",1,0,0,0,0,0,0,0,"N",1.41,0,0,0,0,0,0,0,"N",0,0.0,0,0,0,0,0,0,0,0,0,0,0,0,0,0
"13097","5","423460","78","0","2023","4","N",1,0,0,0,0,0,0,0,"N",1.41,0,0,0,0,0,0,0,"N",0,0.0,0,0,0,0,0,0,0,0,0,0,0,0,0,0
"13097","5","42349","77","0","2023","4","N",1,0,0,0,0,0,0,0,"N",0.70,0,0,0,0,0,0,0,"N",0,0.0,0,0,0,0,0,0,0,0,0,0,0,0,0,0
"13097","5","423490","78","0","2023","4","N",1,0,0,0,0,0,0,0,"N",0.70,0,0,0,0,0,0,0,"N",0,0.0,0,0,0,0,0,0,0,0,0,0,0,0,0,0
"13097","5","4235","76","0","2023","4","N",4,0,0,0,0,0,0,0,"N",1.16,0,0,0,0,0,0,0,"N",0,0.0,0,0,0,0,0,0,0,0,0,0,0,0,0,0
"13097","5","42351","77","0","2023","4","N",4,0,0,0,0,0,0,0,"N",1.21,0,0,0,0,0,0,0,"N",0,0.0,0,0,0,0,0,0,0,0,0,0,0,0,0,0
"13097","5","423510","78","0","2023","4","N",4,0,0,0,0,0,0,0,"N",1.21,0,0,0,0,0,0,0,"N",0,0.0,0,0,0,0,0,0,0,0,0,0,0,0,0,0
"13097","5","4236","76","0","2023","4","",14,161,161,162,2900336,136815,1615,1383,"",1.19,1.31,1.29,1.29,1.05,1.07,1.43,0.81,"",0,0.0,24,17.5,22,15.8,18,12.5,579085,24.9,38175,38.7,495,44.2,108,8.5
"13097","5","42361","77","0","2023","4","",10,149,149,150,2629476,136815,1615,1354,"",1.77,2.32,2.28,2.28,2.00,2.02,3.06,0.87,"",0,0.0,23,18.3,20,15.5,17,12.8,509774,24.0,45578,50.0,502,45.1,93,7.4
"13097","5","423610","78","0","2023","4","",10,149,149,150,2629476,136815,1615,1354,"",1.77,2.32,2.28,2.28,2.00,2.02,3.06,0.87,"",0,0.0,23,18.3,20,15.5,17,12.8,509774,24.0,45578,50.0,502,45.1,93,7.4
"13097","5","42362","77","0","2023","4","N",1,0,0,0,0,0,0,0,"N",0.70,0,0,0,0,0,0,0,"N",0,0.0,0,0,0,0,0,0,0,0,0,0,0,0,0,0
"13097","5","423620","78","0","2023","4","N",1,0,0,0,0,0,0,0,"N",0.70,0,0,0,0,0,0,0,"N",0,0.0,0,0,0,0,0,0,0,0,0,0,0,0,0,0
"13097","5","42369","77","0","2023","4","N",3,0,0,0,0,0,0,0,"N",0.65,0,0,0,0,0,0,0,"N",0,0.0,0,0,0,0,0,0,0,0,0,0,0,0,0,0
"13097","5","423690","78","0","2023","4","N",3,0,0,0,0,0,0,0,"N",0.65,0,0,0,0,0,0,0,"N",0,0.0,0,0,0,0,0,0,0,0,0,0,0,0,0,0
"13097","5","4237","76","0","2023","4","",13,560,553,555,9557482,528619,3261,1322,"",1.57,5.50,5.35,5.31,4.91,4.25,3.52,0.91,"",2,18.2,43,8.3,32,6.1,31,5.9,801149,9.1,-178507,-25.2,-8954,-73.3,28,2.2
"13097","5","42372","77","0","2023","4","",8,527,520,522,9038535,523268,3241,1329,"",2.53,13.38,13.01,12.95,11.89,10.26,9.11,0.91,"",1,14.3,39,8.0,29,5.9,28,5.7,754017,9.1,-151713,-22.5,-8337,-72.0,31,2.4
"13097","5","423720","78","0","2023","4","",8,527,520,522,9038535,523268,3241,1329,"",2.53,13.38,13.01,12.95,11.89,10.26,9.11,0.91,"",1,14.3,39,8.0,29,5.9,28,5.7,754017,9.1,-151713,-22.5,-8337,-72.0,31,2.4
"13097","5","42373","77","0","2023","4","",5,33,33,33,518947,5351,20,1210,"",2.33,1.20,1.18,1.16,0.88,0.17,0.08,0.75,"",1,25.0,4,13.8,3,10.0,3,10.0,47132,10.0,-26794,-83.4,-617,-96.9,-13,-1.1
"13097","5","423730","78","0","2023","4","",5,33,33,33,518947,5351,20,1210,"",2.33,1.20,1.18,1.16,0.88,0.17,0.08,0.75,"",1,25.0,4,13.8,3,10.0,3,10.0,47132,10.0,-26794,-83.4,-617,-96.9,-13,-1.1
"13097","5","4238","76","0","2023","4","",31,905,929,957,55190706,406581,2065,4563,"",1.34,3.61,3.64,3.71,10.93,1.32,0.88,2.99,"",0,0.0,-31,-3.3,-28,-2.9,-2,-0.2,12074724,28.0,-209092,-34.0,-1456,-41.4,1074,30.8
"13097","5","42381","77","0","2023","4","",4,7,8,8,145089,12500,105,1456,"",2.25,0.20,0.23,0.23,0.21,0.26,0.26,0.96,"",0,0.0,-3,-30.0,-3,-27.3,-2,-20.0,-56201,-27.9,1945,18.4,0,0.0,-42,-2.8
"13097","5","423810","78","0","2023","4","",4,7,8,8,145089,12500,105,1456,"",2.25,0.20,0.23,0.23,0.21,0.26,0.26,0.96,"",0,0.0,-3,-30.0,-3,-27.3,-2,-20.0,-56201,-27.9,1945,18.4,0,0.0,-42,-2.8
"13097","5","42382","77","0","2023","4","N",3,0,0,0,0,0,0,0,"N",1.06,0,0,0,0,0,0,0,"N",-1,-25.0,0,0,0,0,0,0,0,0,0,0,0,0,0,0
"13097","5","423820","78","0","2023","4","N",3,0,0,0,0,0,0,0,"N",1.06,0,0,0,0,0,0,0,"N",-1,-25.0,0,0,0,0,0,0,0,0,0,0,0,0,0,0
"13097","5","42383","77","0","2023","4","",11,87,87,83,2494931,20721,420,2240,"",1.00,0.78,0.76,0.72,1.08,0.17,0.42,1.44,"",-1,-8.3,8,10.1,5,6.1,6,7.8,398505,19.0,-38755,-65.2,-947,-69.3,207,10.2
"13097","5","423830","78","0","2023","4","",11,87,87,83,2494931,20721,420,2240,"",1.00,0.78,0.76,0.72,1.08,0.17,0.42,1.44,"",-1,-8.3,8,10.1,5,6.1,6,7.8,398505,19.0,-38755,-65.2,-947,-69.3,207,10.2
"13097","5","42384","77","0","2023","4","N",9,0,0,0,0,0,0,0,"N",2.24,0,0,0,0,0,0,0,"N",2,28.6,0,0,0,0,0,0,0,0,0,0,0,0,0,0
"13097","5","423840","78","0","2023","4","N",9,0,0,0,0,0,0,0,"N",2.24,0,0,0,0,0,0,0,"N",2,28.6,0,0,0,0,0,0,0,0,0,0,0,0,0,0
"13097","5","42385","77","0","2023","4","N",2,0,0,0,0,0,0,0,"N",0.99,0,0,0,0,0,0,0,"N",0,0.0,0,0,0,0,0,0,0,0,0,0,0,0,0,0
"13097","5","423850","78","0","2023","4","N",2,0,0,0,0,0,0,0,"N",0.99,0,0,0,0,0,0,0,"N",0,0.0,0,0,0,0,0,0,0,0,0,0,0,0,0,0
"13097","5","42386","77","0","2023","4","N",2,0,0,0,0,0,0,0,"N",1.42,0,0,0,0,0,0,0,"N",0,0.0,0,0,0,0,0,0,0,0,0,0,0,0,0,0
"13097","5","423860","78","0","2023","4","N",2,0,0,0,0,0,0,0,"N",1.42,0,0,0,0,0,0,0,"N",0,0.0,0,0,0,0,0,0,0,0,0,0,0,0,0,0
"13097","5","4239","76","0","2023","4","N",6,0,0,0,0,0,0,0,"N",0.46,0,0,0,0,0,0,0,"N",-1,-14.3,0,0,0,0,0,0,0,0,0,0,0,0,0,0
"13097","5","42391","77","0","2023","4","N",2,0,0,0,0,0,0,0,"N",0.75,0,0,0,0,0,0,0,"N",0,0.0,0,0,0,0,0,0,0,0,0,0,0,0,0,0
"13097","5","423910","78","0","2023","4","N",2,0,0,0,0,0,0,0,"N",0.75,0,0,0,0,0,0,0,"N",0,0.0,0,0,0,0,0,0,0,0,0,0,0,0,0,0
"13097","5","42393","77","0","2023","4","N",2,0,0,0,0,0,0,0,"N",0.83,0,0,0,0,0,0,0,"N",-1,-33.3,0,0,0,0,0,0,0,0,0,0,0,0,0,0
"13097","5","423930","78","0","2023","4","N",2,0,0,0,0,0,0,0,"N",0.83,0,0,0,0,0,0,0,"N",-1,-33.3,0,0,0,0,0,0,0,0,0,0,0,0,0,0
"13097","5","42399","77","0","2023","4","N",2,0,0,0,0,0,0,0,"N",0.42,0,0,0,0,0,0,0,"N",0,0.0,0,0,0,0,0,0,0,0,0,0,0,0,0,0
"13097","5","423990","78","0","2023","4","N",2,0,0,0,0,0,0,0,"N",0.42,0,0,0,0,0,0,0,"N",0,0.0,0,0,0,0,0,0,0,0,0,0,0,0,0,0
"13097","5","424","75","0","2023","4","",23,377,401,414,7397880,473952,11306,1432,"",0.42,0.52,0.55,0.56,0.56,0.47,1.35,1.02,"",-2,-8.0,-76,-16.8,-57,-12.4,-33,-7.4,-1016057,-12.1,-3907,-0.8,4613,68.9,2,0.1
"13097","5","4241","76","0","2023","4","N",5,0,0,0,0,0,0,0,"N",1.70,0,0,0,0,0,0,0,"N",1,25.0,0,0,0,0,0,0,0,0,0,0,0,0,0,0
"13097","5","42411","77","0","2023","4","N",1,0,0,0,0,0,0,0,"N",2.50,0,0,0,0,0,0,0,"N",0,0.0,0,0,0,0,0,0,0,0,0,0,0,0,0,0
"13097","5","424110","78","0","2023","4","N",1,0,0,0,0,0,0,0,"N",2.50,0,0,0,0,0,0,0,"N",0,0.0,0,0,0,0,0,0,0,0,0,0,0,0,0,0
"13097","5","42413","77","0","2023","4","N",4,0,0,0,0,0,0,0,"N",2.63,0,0,0,0,0,0,0,"N",1,33.3,0,0,0,0,0,0,0,0,0,0,0,0,0,0
"13097","5","424130","78","0","2023","4","N",4,0,0,0,0,0,0,0,"N",2.63,0,0,0,0,0,0,0,"N",1,33.3,0,0,0,0,0,0,0,0,0,0,0,0,0,0
"13097","5","4242","76","0","2023","4","N",1,0,0,0,0,0,0,0,"N",0.14,0,0,0,0,0,0,0,"N",0,0.0,0,0,0,0,0,0,0,0,0,0,0,0,0,0
"13097","5","42421","77","0","2023","4","N",1,0,0,0,0,0,0,0,"N",0.14,0,0,0,0,0,0,0,"N",0,0.0,0,0,0,0,0,0,0,0,0,0,0,0,0,0
"13097","5","424210","78","0","2023","4","N",1,0,0,0,0,0,0,0,"N",0.14,0,0,0,0,0,0,0,"N",0,0.0,0,0,0,0,0,0,0,0,0,0,0,0,0,0
"13097","5","4244","76","0","2023","4","",8,132,133,135,2371844,155597,1647,1368,"",0.54,0.49,0.49,0.49,0.57,0.37,0.47,1.17,"",0,0.0,-19,-12.6,-16,-10.7,-12,-8.2,-20818,-0.9,-52324,-25.2,-387,-19.0,133,10.8
"13097","5","42441","77","0","2023","4","N",1,0,0,0,0,0,0,0,"N",0.38,0,0,0,0,0,0,0,"N",0,0.0,0,0,0,0,0,0,0,0,0,0,0,0,0,0
"13097","5","424410","78","0","2023","4","N",1,0,0,0,0,0,0,0,"N",0.38,0,0,0,0,0,0,0,"N",0,0.0,0,0,0,0,0,0,0,0,0,0,0,0,0,0
"13097","5","42445","77","0","2023","4","N",1,0,0,0,0,0,0,0,"N",0.85,0,0,0,0,0,0,0,"N",0,0.0,0,0,0,0,0,0,0,0,0,0,0,0,0,0
"13097","5","424450","78","0","2023","4","N",1,0,0,0,0,0,0,0,"N",0.85,0,0,0,0,0,0,0,"N",0,0.0,0,0,0,0,0,0,0,0,0,0,0,0,0,0
"13097","5","42447","77","0","2023","4","N",2,0,0,0,0,0,0,0,"N",2.14,0,0,0,0,0,0,0,"N",0,0.0,0,0,0,0,0,0,0,0,0,0,0,0,0,0
"13097","5","424470","78","0","2023","4","N",2,0,0,0,0,0,0,0,"N",2.14,0,0,0,0,0,0,0,"N",0,0.0,0,0,0,0,0,0,0,0,0,0,0,0,0,0
"13097","5","42448","77","0","2023","4","N",1,0,0,0,0,0,0,0,"N",0.62,0,0,0,0,0,0,0,"N",0,0.0,0,0,0,0,0,0,0,0,0,0,0,0,0,0
"13097","5","424480","78","0","2023","4","N",1,0,0,0,0,0,0,0,"N",0.62,0,0,0,0,0,0,0,"N",0,0.0,0,0,0,0,0,0,0,0,0,0,0,0,0,0
"13097","5","42449","77","0","2023","4","N",3,0,0,0,0,0,0,0,"N",0.51,0,0,0,0,0,0,0,"N",0,0.0,0,0,0,0,0,0,0,0,0,0,0,0,0,0
"13097","5","424490","78","0","2023","4","N",3,0,0,0,0,0,0,0,"N",0.51,0,0,0,0,0,0,0,"N",0,0.0,0,0,0,0,0,0,0,0,0,0,0,0,0,0
"13097","5","4246","76","0","2023","4","",3,19,18,19,370691,2565,16,1528,"",0.53,0.38,0.36,0.37,0.34,0.05,0.04,0.91,"",-3,-50.0,-16,-45.7,-17,-48.6,-15,-44.1,-459387,-55.3,-29316,-92.0,-255,-94.1,-314,-17.0
"13097","5","42461","77","0","2023","4","N",1,0,0,0,0,0,0,0,"N",0.74,0,0,0,0,0,0,0,"N",0,0.0,0,0,0,0,0,0,0,0,0,0,0,0,0,0
"13097","5","424610","78","0","2023","4","N",1,0,0,0,0,0,0,0,"N",0.74,0,0,0,0,0,0,0,"N",0,0.0,0,0,0,0,0,0,0,0,0,0,0,0,0,0
"13097","5","42469","77","0","2023","4","N",2,0,0,0,0,0,0,0,"N",0.47,0,0,0,0,0,0,0,"N",-3,-60.0,0,0,0,0,0,0,0,0,0,0,0,0,0,0
"13097","5","424690","78","0","2023","4","N",2,0,0,0,0,0,0,0,"N",0.47,0,0,0,0,0,0,0,"N",-3,-60.0,0,0,0,0,0,0,0,0,0,0,0,0,0,0
"13097","5","4247","76","0","2023","4","N",1,0,0,0,0,0,0,0,"N",0.39,0,0,0,0,0,0,0,"N",0,0.0,0,0,0,0,0,0,0,0,0,0,0,0,0,0
"13097","5","42472","77","0","2023","4","N",1,0,0,0,0,0,0,0,"N",0.57,0,0,0,0,0,0,0,"N",0,0.0,0,0,0,0,0,0,0,0,0,0,0,0,0,0
"13097","5","424720","78","0","2023","4","N",1,0,0,0,0,0,0,0,"N",0.57,0,0,0,0,0,0,0,"N",0,0.0,0,0,0,0,0,0,0,0,0,0,0,0,0,0
"13097","5","4249","76","0","2023","4","",5,40,55,57,725282,103640,4104,1101,"",0.43,0.37,0.51,0.52,0.44,0.64,3.05,0.94,"",0,0.0,-23,-36.5,-12,-17.9,-8,-12.3,-191149,-20.9,53326,106.0,1030,33.5,16,1.5
"13097","5","42491","77","0","2023","4","N",1,0,0,0,0,0,0,0,"N",0.26,0,0,0,0,0,0,0,"N",0,0.0,0,0,0,0,0,0,0,0,0,0,0,0,0,0
"13097","5","424910","78","0","2023","4","N",1,0,0,0,0,0,0,0,"N",0.26,0,0,0,0,0,0,0,"N",0,0.0,0,0,0,0,0,0,0,0,0,0,0,0,0,0
"13097","5","42492","77","0","2023","4","N",2,0,0,0,0,0,0,0,"N",3.38,0,0,0,0,0,0,0,"N",0,0.0,0,0,0,0,0,0,0,0,0,0,0,0,0,0
"13097","5","424920","78","0","2023","4","N",2,0,0,0,0,0,0,0,"N",3.38,0,0,0,0,0,0,0,"N",0,0.0,0,0,0,0,0,0,0,0,0,0,0,0,0,0
"13097","5","42499","77","0","2023","4","N",2,0,0,0,0,0,0,0,"N",0.45,0,0,0,0,0,0,0,"N",0,0.0,0,0,0,0,0,0,0,0,0,0,0,0,0,0
"13097","5","424990","78","0","2023","4","N",2,0,0,0,0,0,0,0,"N",0.45,0,0,0,0,0,0,0,"N",0,0.0,0,0,0,0,0,0,0,0,0,0,0,0,0,0
"13097","5","425","75","0","2023","4","N",41,0,0,0,0,0,0,0,"N",1.13,0,0,0,0,0,0,0,"N",-5,-10.9,0,0,0,0,0,0,0,0,0,0,0,0,0,0
"13097","5","4251","76","0","2023","4","N",41,0,0,0,0,0,0,0,"N",1.13,0,0,0,0,0,0,0,"N",-5,-10.9,0,0,0,0,0,0,0,0,0,0,0,0,0,0
"13097","5","42512","77","0","2023","4","N",41,0,0,0,0,0,0,0,"N",1.13,0,0,0,0,0,0,0,"N",-5,-10.9,0,0,0,0,0,0,0,0,0,0,0,0,0,0
"13097","5","425120","78","0","2023","4","N",41,0,0,0,0,0,0,0,"N",1.13,0,0,0,0,0,0,0,"N",-5,-10.9,0,0,0,0,0,0,0,0,0,0,0,0,0,0
"13097","5","44-45","74","0","2023","4","",461,8332,8623,8691,79936304,10590160,102366,719,"",1.43,1.63,1.63,1.63,1.87,1.26,1.78,1.15,"",4,0.9,320,4.0,414,5.0,500,6.1,3759162,4.9,1708165,19.2,28262,38.1,-1,-0.1
"13097","5","441","75","0","2023","4","",69,1298,1300,1269,19938791,1369592,16554,1190,"",1.86,1.94,1.91,1.86,2.17,1.27,2.03,1.14,"",-2,-2.8,-75,-5.5,-77,-5.6,-77,-5.7,-3269155,-14.1,-10042,-0.7,-256,-1.5,-118,-9.0
"13097","5","4411","76","0","2023","4","",32,910,915,891,15939308,1026557,14548,1354,"",2.23,2.17,2.15,2.08,2.36,1.56,2.74,1.11,"",-1,-3.0,-69,-7.0,-64,-6.5,-68,-7.1,-2641438,-14.2,33433,3.4,622,4.5,-116,-7.9
"13097","5","44111","77","0","2023","4","",10,715,716,699,13342618,790222,10901,1446,"",1.57,1.96,1.93,1.88,2.19,1.39,2.39,1.14,"",0,0.0,-48,-6.3,-49,-6.4,-55,-7.3,-2550702,-16.0,-14313,-1.8,-353,-3.1,-161,-10.0
"13097","5","441110","78","0","2023","4","",10,715,716,699,13342618,790222,10901,1446,"",1.57,1.96,1.93,1.88,2.19,1.39,2.39,1.14,"",0,0.0,-48,-6.3,-49,-6.4,-55,-7.3,-2550702,-16.0,-14313,-1.8,-353,-3.1,-161,-10.0
"13097","5","44112","77","0","2023","4","",22,195,199,192,2596690,236335,3647,1023,"",2.75,3.51,3.55,3.43,3.84,2.70,4.76,1.10,"",-1,-4.3,-21,-9.7,-15,-7.0,-13,-6.3,-90736,-3.4,47746,25.3,975,36.5,46,4.7
"13097","5","441120","78","0","2023","4","",22,195,199,192,2596690,236335,3647,1023,"",2.75,3.51,3.55,3.43,3.84,2.70,4.76,1.10,"",-1,-4.3,-21,-9.7,-15,-7.0,-13,-6.3,-90736,-3.4,47746,25.3,975,36.5,46,4.7
"13097","5","4412","76","0","2023","4","",7,76,72,70,869563,85790,580,920,"",1.51,1.32,1.26,1.24,1.18,0.90,0.71,0.93,"",0,0.0,-15,-16.5,-18,-20.0,-15,-17.6,-174618,-16.7,3821,4.7,-411,-41.5,14,1.5
"13097","5","44121","77","0","2023","4","N",2,0,0,0,0,0,0,0,"N",2.12,0,0,0,0,0,0,0,"N",0,0.0,0,0,0,0,0,0,0,0,0,0,0,0,0,0
"13097","5","441210","78","0","2023","4","N",2,0,0,0,0,0,0,0,"N",2.12,0,0,0,0,0,0,0,"N",0,0.0,0,0,0,0,0,0,0,0,0,0,0,0,0,0
"13097","5","44122","77","0","2023","4","N",5,0,0,0,0,0,0,0,"N",1.35,0,0,0,0,0,0,0,"N",0,0.0,0,0,0,0,0,0,0,0,0,0,0,0,0,0
"13097","5","441222","78","0","2023","4","N",1,0,0,0,0,0,0,0,"N",0.73,0,0,0,0,0,0,0,"N",0,0.0,0,0,0,0,0,0,0,0,0,0,0,0,0,0
"13097","5","441227","78","0","2023","4","",4,54,51,48,659918,61408,367,995,"",1.72,2.05,1.93,1.83,2.08,1.43,1.12,1.08,"",0,0.0,-6,-10.0,-7,-12.1,-9,-15.8,-145059,-18.0,12976,26.8,109,42.2,-67,-6.3
"13097","5","4413","76","0","2023","4","",30,312,313,308,3129920,257245,1426,774,"",1.65,1.62,1.60,1.57,1.82,0.79,0.71,1.14,"",-1,-3.2,9,3.0,5,1.6,6,2.0,-453099,-12.6,-47296,-15.5,-467,-24.7,-132,-14.6
"13097","5","44133","77","0","2023","4","",18,222,221,218,2055101,145490,492,717,"",1.50,1.70,1.67,1.65,2.00,0.70,0.40,1.19,"",-1,-5.3,3,1.4,-3,-1.3,-1,-0.5,-540985,-20.8,-50298,-25.7,-736,-59.9,-188,-20.8
"13097","5","441330","78","0","2023","4","",18,222,221,218,2055101,145490,492,717,"",1.50,1.70,1.67,1.65,2.00,0.70,0.40,1.19,"",-1,-5.3,3,1.4,-3,-1.3,-1,-0.5,-540985,-20.8,-50298,-25.7,-736,-59.9,-188,-20.8
"13097","5","44134","77","0","2023","4","",12,90,92,90,1074819,111755,934,912,"",1.95,1.45,1.45,1.41,1.56,0.94,1.18,1.09,"",0,0.0,6,7.1,8,9.5,7,8.4,87886,8.9,3002,2.8,269,40.5,5,0.6
"13097","5","441340","78","0","2023","4","",12,90,92,90,1074819,111755,934,912,"",1.95,1.45,1.45,1.41,1.56,0.94,1.18,1.09,"",0,0.0,6,7.1,8,9.5,7,8.4,87886,8.9,3002,2.8,269,40.5,5,0.6
"13097","5","444","75","0","2023","4","",24,657,639,640,5061993,414186,2519,603,"",1.10,1.45,1.40,1.40,1.26,0.62,0.57,0.89,"",0,0.0,-47,-6.7,-52,-7.5,7,1.1,99813,2.0,-71658,-14.7,-5346,-68.0,38,6.7
"13097","5","4441","76","0","2023","4","",19,603,595,593,4691374,380679,2129,604,"",1.15,1.53,1.50,1.49,1.33,0.67,0.60,0.88,"",0,0.0,-45,-6.9,-45,-7.0,7,1.2,57839,1.2,-63962,-14.4,-5315,-71.4,33,5.8
"13097","5","44411","77","0","2023","4","N",6,0,0,0,0,0,0,0,"N",2.12,0,0,0,0,0,0,0,"N",2,50.0,0,0,0,0,0,0,0,0,0,0,0,0,0,0
"13097","5","444110","78","0","2023","4","N",6,0,0,0,0,0,0,0,"N",2.12,0,0,0,0,0,0,0,"N",2,50.0,0,0,0,0,0,0,0,0,0,0,0,0,0,0
"13097","5","44412","77","0","2023","4","N",3,0,0,0,0,0,0,0,"N",1.45,0,0,0,0,0,0,0,"N",0,0.0,0,0,0,0,0,0,0,0,0,0,0,0,0,0
"13097","5","444120","78","0","2023","4","N",3,0,0,0,0,0,0,0,"N",1.45,0,0,0,0,0,0,0,"N",0,0.0,0,0,0,0,0,0,0,0,0,0,0,0,0,0
"13097","5","44414","77","0","2023","4","",5,98,99,102,862108,125505,1802,665,"",1.07,1.72,1.71,1.74,1.91,1.33,3.27,1.11,"N",-2,-28.6,0,0,0,0,0,0,0,0,0,0,0,0,0,0
"13097","5","444140","78","0","2023","4","",5,98,99,102,862108,125505,1802,665,"",1.07,1.72,1.71,1.74,1.91,1.33,3.27,1.11,"N",-2,-28.6,0,0,0,0,0,0,0,0,0,0,0,0,0,0
"13097","5","44418","77","0","2023","4","",5,28,28,28,307231,6231,16,844,"",0.71,0.34,0.33,0.33,0.25,0.05,0.02,0.75,"",0,0.0,-1,-3.4,-2,-6.7,-1,-3.4,-16634,-5.1,-15217,-70.9,-8,-33.3,-5,-0.6
"13097","5","444180","78","0","2023","4","",5,28,28,28,307231,6231,16,844,"",0.71,0.34,0.33,0.33,0.25,0.05,0.02,0.75,"",0,0.0,-1,-3.4,-2,-6.7,-1,-3.4,-16634,-5.1,-15217,-70.9,-8,-33.3,-5,-0.6
"13097","5","4442","76","0","2023","4","",5,54,44,47,370619,33507,390,590,"",0.94,0.89,0.73,0.79,0.75,0.37,0.46,0.93,"",0,0.0,-2,-3.6,-7,-13.7,0,0.0,41974,12.8,-7696,-18.7,-31,-7.4,98,19.9
"13097","5","44423","77","0","2023","4","N",2,0,0,0,0,0,0,0,"N",1.74,0,0,0,0,0,0,0,"N",0,0.0,0,0,0,0,0,0,0,0,0,0,0,0,0,0
"13097","5","444230","78","0","2023","4","N",2,0,0,0,0,0,0,0,"N",1.74,0,0,0,0,0,0,0,"N",0,0.0,0,0,0,0,0,0,0,0,0,0,0,0,0,0
"13097","5","44424","77","0","2023","4","N",3,0,0,0,0,0,0,0,"N",0.72,0,0,0,0,0,0,0,"N",0,0.0,0,0,0,0,0,0,0,0,0,0,0,0,0,0
"13097","5","444240","78","0","2023","4","N",3,0,0,0,0,0,0,0,"N",0.72,0,0,0,0,0,0,0,"N",0,0.0,0,0,0,0,0,0,0,0,0,0,0,0,0,0
"13097","5","445","75","0","2023","4","",59,1428,1468,1480,11133594,1561651,7058,587,"",1.23,1.36,1.36,1.36,1.60,0.91,0.68,1.18,"",-1,-1.7,-8,-0.6,34,2.4,41,2.8,474191,4.4,-110645,-6.6,-814,-10.3,16,2.8
"13097","5","4451","76","0","2023","4","",40,1307,1333,1349,10387779,1431462,6117,601,"",1.37,1.43,1.42,1.43,1.73,0.97,0.74,1.21,"",-1,-2.4,-9,-0.7,24,1.8,34,2.6,450384,4.5,-88210,-5.8,-565,-8.5,19,3.3
"13097","5","44511","77","0","2023","4","",19,1265,1290,1306,9869833,1381989,5588,590,"",1.08,1.49,1.48,1.49,1.77,1.02,0.78,1.19,"",0,0.0,-9,-0.7,25,2.0,37,2.9,250870,2.6,-67801,-4.7,205,3.8,7,1.2
"13097","5","445110","78","0","2023","4","",19,1265,1290,1306,9869833,1381989,5588,590,"",1.08,1.49,1.48,1.49,1.77,1.02,0.78,1.19,"",0,0.0,-9,-0.7,25,2.0,37,2.9,250870,2.6,-67801,-4.7,205,3.8,7,1.2
"13097","5","44513","77","0","2023","4","",21,42,43,43,517946,49473,529,934,"",1.81,0.62,0.63,0.63,1.18,0.41,0.47,1.89,"",-1,-4.5,0,0.0,-1,-2.3,-3,-6.5,199514,62.7,-20409,-29.2,-770,-59.3,377,67.7
"13097","5","445131","78","0","2023","4","N",19,0,0,0,0,0,0,0,"N",1.80,0,0,0,0,0,0,0,"N",-2,-9.5,0,0,0,0,0,0,0,0,0,0,0,0,0,0
"13097","5","445132","78","0","2023","4","N",2,0,0,0,0,0,0,0,"N",1.94,0,0,0,0,0,0,0,"N",1,100.0,0,0,0,0,0,0,0,0,0,0,0,0,0,0
"13097","5","4452","76","0","2023","4","N",2,0,0,0,0,0,0,0,"N",0.23,0,0,0,0,0,0,0,"N",0,0.0,0,0,0,0,0,0,0,0,0,0,0,0,0,0
"13097","5","44523","77","0","2023","4","N",1,0,0,0,0,0,0,0,"N",0.97,0,0,0,0,0,0,0,"N",0,0.0,0,0,0,0,0,0,0,0,0,0,0,0,0,0
"13097","5","445230","78","0","2023","4","N",1,0,0,0,0,0,0,0,"N",0.97,0,0,0,0,0,0,0,"N",0,0.0,0,0,0,0,0,0,0,0,0,0,0,0,0,0
"13097","5","44529","77","0","2023","4","N",1,0,0,0,0,0,0,0,"N",0.20,0,0,0,0,0,0,0,"N",0,0.0,0,0,0,0,0,0,0,0,0,0,0,0,0,0
"13097","5","445298","78","0","2023","4","N",1,0,0,0,0,0,0,0,"N",0.31,0,0,0,0,0,0,0,"N",0,0.0,0,0,0,0,0,0,0,0,0,0,0,0,0,0
"13097","5","4453","76","0","2023","4","N",17,0,0,0,0,0,0,0,"N",1.66,0,0,0,0,0,0,0,"N",0,0.0,0,0,0,0,0,0,0,0,0,0,0,0,0,0
"13097","5","44532","77","0","2023","4","N",17,0,0,0,0,0,0,0,"N",1.66,0,0,0,0,0,0,0,"N",0,0.0,0,0,0,0,0,0,0,0,0,0,0,0,0,0
"13097","5","445320","78","0","2023","4","N",17,0,0,0,0,0,0,0,"N",1.66,0,0,0,0,0,0,0,"N",0,0.0,0,0,0,0,0,0,0,0,0,0,0,0,0,0
"13097","5","449","75","0","2023","4","",39,277,310,306,2497657,374560,3232,645,"",1.44,1.03,1.11,1.08,0.75,0.91,0.99,0.70,"",0,0.0,23,9.1,57,22.5,41,15.5,200081,8.7,83804,28.8,702,27.7,-42,-6.1
"13097","5","4491","76","0","2023","4","",18,140,156,151,1200248,183007,1744,620,"",1.27,1.02,1.10,1.05,0.79,0.85,1.06,0.75,"",1,5.9,4,2.9,22,16.4,10,7.1,-7402,-0.6,17742,10.7,10,0.6,-58,-8.6
"13097","5","44911","77","0","2023","4","",12,63,64,62,769825,53228,217,940,"",1.73,0.92,0.92,0.89,0.96,0.53,0.28,1.05,"",2,20.0,13,26.0,13,25.5,13,26.5,-879,-0.1,11244,26.8,77,55.0,-246,-20.7
"13097","5","449110","78","0","2023","4","",12,63,64,62,769825,53228,217,940,"",1.73,0.92,0.92,0.89,0.96,0.53,0.28,1.05,"",2,20.0,13,26.0,13,25.5,13,26.5,-879,-0.1,11244,26.8,77,55.0,-246,-20.7
"13097","5","44912","77","0","2023","4","",6,77,92,89,430423,129779,1527,385,"",0.83,1.12,1.27,1.20,0.61,1.13,1.74,0.51,"",-1,-14.3,-9,-10.5,9,10.8,-3,-3.3,-6523,-1.5,6498,5.3,-67,-4.2,-1,-0.3
"13097","5","449121","78","0","2023","4","N",1,0,0,0,0,0,0,0,"N",0.36,0,0,0,0,0,0,0,"N",0,0.0,0,0,0,0,0,0,0,0,0,0,0,0,0,0
"13097","5","449129","78","0","2023","4","N",5,0,0,0,0,0,0,0,"N",1.40,0,0,0,0,0,0,0,"N",-1,-16.7,0,0,0,0,0,0,0,0,0,0,0,0,0,0
"13097","5","4492","76","0","2023","4","",21,137,154,155,1297409,191553,1488,671,"",1.62,1.03,1.11,1.12,0.72,0.98,0.92,0.66,"",-1,-4.5,19,16.1,35,29.4,31,25.0,207483,19.0,66062,52.6,692,86.9,-26,-3.7
"13097","5","44921","77","0","2023","4","",21,137,154,155,1297409,191553,1488,671,"",1.62,1.03,1.11,1.12,0.72,0.98,0.92,0.66,"",-1,-4.5,19,16.1,35,29.4,31,25.0,207483,19.0,66062,52.6,692,86.9,-26,-3.7
"13097","5","449210","78","0","2023","4","",21,137,154,155,1297409,191553,1488,671,"",1.62,1.03,1.11,1.12,0.72,0.98,0.92,0.66,"",-1,-4.5,19,16.1,35,29.4,31,25.0,207483,19.0,66062,52.6,692,86.9,-26,-3.7
"13097","5","455","75","0","2023","4","",43,1714,1835,1842,13291269,2391087,19441,569,"",1.76,1.61,1.62,1.61,1.95,1.34,1.73,1.21,"",4,10.3,277,19.3,279,17.9,238,14.8,3896209,41.5,392077,19.6,1626,9.1,97,20.6
"13097","5","4551","76","0","2023","4","",8,522,575,577,3397996,687332,5222,468,"",2.24,1.62,1.63,1.61,1.85,1.21,1.29,1.14,"",0,0.0,2,0.4,0,0.0,-26,-4.3,85065,2.6,-109540,-13.7,-505,-8.8,18,4.0
"13097","5","45511","77","0","2023","4","",8,522,575,577,3397996,687332,5222,468,"",2.24,1.62,1.63,1.61,1.85,1.21,1.29,1.14,"",0,0.0,2,0.4,0,0.0,-26,-4.3,85065,2.6,-109540,-13.7,-505,-8.8,18,4.0
"13097","5","455110","78","0","2023","4","",8,522,575,577,3397996,687332,5222,468,"",2.24,1.62,1.63,1.61,1.85,1.21,1.29,1.14,"",0,0.0,2,0.4,0,0.0,-26,-4.3,85065,2.6,-109540,-13.7,-505,-8.8,18,4.0
"13097","5","4552","76","0","2023","4","",35,1192,1260,1265,9893273,1703755,14219,614,"",1.68,1.61,1.62,1.61,1.99,1.39,1.98,1.23,"",4,12.9,275,30.0,279,28.4,264,26.4,3811144,62.7,501617,41.7,2131,17.6,130,26.9
"13097","5","45521","77","0","2023","4","",35,1192,1260,1265,9893273,1703755,14219,614,"",1.68,1.61,1.62,1.61,1.99,1.39,1.98,1.23,"",4,12.9,275,30.0,279,28.4,264,26.4,3811144,62.7,501617,41.7,2131,17.6,130,26.9
"13097","5","455211","78","0","2023","4","N",3,0,0,0,0,0,0,0,"N",1.57,0,0,0,0,0,0,0,"N",1,50.0,0,0,0,0,0,0,0,0,0,0,0,0,0,0
"13097","5","455219","78","0","2023","4","N",32,0,0,0,0,0,0,0,"N",1.69,0,0,0,0,0,0,0,"N",3,10.3,0,0,0,0,0,0,0,0,0,0,0,0,0,0
"13097","5","456","75","0","2023","4","",48,493,503,506,4863513,609480,6366,747,"",1.36,1.36,1.35,1.34,1.35,1.07,1.63,1.00,"",-3,-5.9,-6,-1.2,-21,-4.0,-22,-4.2,-147888,-3.0,-140230,-18.7,-876,-12.1,1,0.1
"13097","5","4561","76","0","2023","4","",48,493,503,506,4863513,609480,6366,747,"",1.36,1.36,1.35,1.34,1.35,1.07,1.63,1.00,"",-3,-5.9,-6,-1.2,-21,-4.0,-22,-4.2,-147888,-3.0,-140230,-18.7,-876,-12.1,1,0.1
"13097","5","45611","77","0","2023","4","",22,216,212,214,2475940,258352,1865,890,"",1.15,0.92,0.88,0.88,1.00,0.72,0.82,1.11,"",-4,-15.4,-12,-5.3,-21,-9.0,-20,-8.5,-291639,-10.5,-57287,-18.1,-198,-9.6,-29,-3.2
"13097","5","456110","78","0","2023","4","",22,216,212,214,2475940,258352,1865,890,"",1.15,0.92,0.88,0.88,1.00,0.72,0.82,1.11,"",-4,-15.4,-12,-5.3,-21,-9.0,-20,-8.5,-291639,-10.5,-57287,-18.1,-198,-9.6,-29,-3.2
"13097","5","45612","77","0","2023","4","",16,173,185,187,1184809,250083,3743,502,"",2.66,2.64,2.63,2.67,2.72,2.31,4.49,1.03,"",0,0.0,-3,-1.7,-9,-4.6,-9,-4.6,40819,3.6,-36717,-12.8,69,1.9,36,7.7
"13097","5","456120","78","0","2023","4","",16,173,185,187,1184809,250083,3743,502,"",2.66,2.64,2.63,2.67,2.72,2.31,4.49,1.03,"",0,0.0,-3,-1.7,-9,-4.6,-9,-4.6,40819,3.6,-36717,-12.8,69,1.9,36,7.7
"13097","5","45613","77","0","2023","4","N",6,0,0,0,0,0,0,0,"N",1.86,0,0,0,0,0,0,0,"N",0,0.0,0,0,0,0,0,0,0,0,0,0,0,0,0,0
"13097","5","456130","78","0","2023","4","N",6,0,0,0,0,0,0,0,"N",1.86,0,0,0,0,0,0,0,"N",0,0.0,0,0,0,0,0,0,0,0,0,0,0,0,0,0
"13097","5","45619","77","0","2023","4","N",4,0,0,0,0,0,0,0,"N",0.59,0,0,0,0,0,0,0,"N",1,33.3,0,0,0,0,0,0,0,0,0,0,0,0,0,0
"13097","5","456191","78","0","2023","4","",3,8,9,9,61572,11474,11,546,"",0.93,0.51,0.56,0.56,0.42,0.41,0.05,0.78,"N",0,0.0,0,0,0,0,0,0,0,0,0,0,0,0,0,0
"13097","5","456199","78","0","2023","4","N",1,0,0,0,0,0,0,0,"N",0.28,0,0,0,0,0,0,0,"N",1,100.0,0,0,0,0,0,0,0,0,0,0,0,0,0,0
"13097","5","457","75","0","2023","4","",73,457,430,450,3647479,530040,5344,630,"",2.05,1.33,1.23,1.28,1.55,0.82,1.30,1.21,"",2,2.8,11,2.5,6,1.4,20,4.7,231761,6.8,-46937,-8.1,-159,-2.9,24,4.0
"13097","5","4571","76","0","2023","4","N",69,0,0,0,0,0,0,0,"N",2.08,0,0,0,0,0,0,0,"N",2,3.0,0,0,0,0,0,0,0,0,0,0,0,0,0,0
"13097","5","45711","77","0","2023","4","N",68,0,0,0,0,0,0,0,"N",2.24,0,0,0,0,0,0,0,"N",2,3.0,0,0,0,0,0,0,0,0,0,0,0,0,0,0
"13097","5","457110","78","0","2023","4","N",68,0,0,0,0,0,0,0,"N",2.24,0,0,0,0,0,0,0,"N",2,3.0,0,0,0,0,0,0,0,0,0,0,0,0,0,0
"13097","5","45712","77","0","2023","4","N",1,0,0,0,0,0,0,0,"N",0.35,0,0,0,0,0,0,0,"N",0,0.0,0,0,0,0,0,0,0,0,0,0,0,0,0,0
"13097","5","457120","78","0","2023","4","N",1,0,0,0,0,0,0,0,"N",0.35,0,0,0,0,0,0,0,"N",0,0.0,0,0,0,0,0,0,0,0,0,0,0,0,0,0
"13097","5","4572","76","0","2023","4","N",4,0,0,0,0,0,0,0,"N",1.74,0,0,0,0,0,0,0,"N",0,0.0,0,0,0,0,0,0,0,0,0,0,0,0,0,0
"13097","5","45721","77","0","2023","4","N",4,0,0,0,0,0,0,0,"N",1.74,0,0,0,0,0,0,0,"N",0,0.0,0,0,0,0,0,0,0,0,0,0,0,0,0,0
"13097","5","457210","78","0","2023","4","N",4,0,0,0,0,0,0,0,"N",1.74,0,0,0,0,0,0,0,"N",0,0.0,0,0,0,0,0,0,0,0,0,0,0,0,0,0
"13097","5","458","75","0","2023","4","",53,1132,1243,1310,10771810,2359556,32321,675,"",1.46,2.97,3.04,3.14,4.09,3.59,6.07,1.34,"",1,1.9,54,5.0,102,8.9,168,14.7,1455061,15.6,1486122,170.1,28117,668.8,35,5.5
"13097","5","4581","76","0","2023","4","",37,989,1081,1124,9757038,2115532,31527,705,"",1.47,3.47,3.52,3.61,5.37,4.24,7.72,1.52,"",2,5.7,60,6.5,105,10.8,160,16.6,1492946,18.1,1505461,246.8,28127,827.3,40,6.0
"13097","5","45811","77","0","2023","4","",37,989,1081,1124,9757038,2115532,31527,705,"",1.47,3.47,3.52,3.61,5.37,4.24,7.72,1.52,"",2,5.7,60,6.5,105,10.8,160,16.6,1492946,18.1,1505461,246.8,28127,827.3,40,6.0
"13097","5","458110","78","0","2023","4","",37,989,1081,1124,9757038,2115532,31527,705,"",1.47,3.47,3.52,3.61,5.37,4.24,7.72,1.52,"",2,5.7,60,6.5,105,10.8,160,16.6,1492946,18.1,1505461,246.8,28127,827.3,40,6.0
"13097","5","4582","76","0","2023","4","",7,76,90,108,373995,136562,611,315,"",1.50,1.37,1.51,1.73,1.09,1.48,0.89,0.71,"",-1,-12.5,-15,-16.5,-8,-8.2,-2,-1.8,-32652,-8.0,-17549,-11.4,210,52.4,1,0.3
"13097","5","45821","77","0","2023","4","",7,76,90,108,373995,136562,611,315,"",1.50,1.37,1.51,1.73,1.09,1.48,0.89,0.71,"",-1,-12.5,-15,-16.5,-8,-8.2,-2,-1.8,-32652,-8.0,-17549,-11.4,210,52.4,1,0.3
"13097","5","458210","78","0","2023","4","",7,76,90,108,373995,136562,611,315,"",1.50,1.37,1.51,1.73,1.09,1.48,0.89,0.71,"",-1,-12.5,-15,-16.5,-8,-8.2,-2,-1.8,-32652,-8.0,-17549,-11.4,210,52.4,1,0.3
"13097","5","4583","76","0","2023","4","",9,67,72,78,640777,107462,183,681,"",1.40,1.67,1.69,1.77,1.36,1.65,0.33,0.79,"",0,0.0,9,15.5,5,7.5,10,14.7,-5233,-0.8,-1790,-1.6,-220,-54.6,-91,-11.8
"13097","5","45831","77","0","2023","4","",9,67,72,78,640777,107462,183,681,"",1.49,1.84,1.87,1.96,1.51,1.83,0.37,0.79,"",0,0.0,9,15.5,5,7.5,10,14.7,-5233,-0.8,-1790,-1.6,-220,-54.6,-91,-11.8
"13097","5","458310","78","0","2023","4","",9,67,72,78,640777,107462,183,681,"",1.49,1.84,1.87,1.96,1.51,1.83,0.37,0.79,"",0,0.0,9,15.5,5,7.5,10,14.7,-5233,-0.8,-1790,-1.6,-220,-54.6,-91,-11.8
"13097","5","459","75","0","2023","4","",53,876,895,888,8730198,980008,9531,758,"",0.93,1.74,1.73,1.70,2.32,1.13,1.42,1.34,"",3,6.0,91,11.6,86,10.6,84,10.4,819089,10.4,125674,14.7,5268,123.6,-3,-0.4
"13097","5","4591","76","0","2023","4","",10,194,216,224,1322744,269068,864,481,"",0.73,1.20,1.25,1.28,1.29,0.94,0.48,1.03,"",0,0.0,-5,-2.5,11,5.4,12,5.7,-18294,-1.4,-56937,-17.5,58,7.2,-21,-4.2
"13097","5","45911","77","0","2023","4","",5,75,88,89,440465,93761,414,403,"",0.66,0.77,0.85,0.84,0.68,0.54,0.38,0.83,"",0,0.0,-9,-10.7,6,7.3,4,4.7,-27239,-5.8,-22642,-19.5,7,1.7,-27,-6.3
"13097","5","459110","78","0","2023","4","",5,75,88,89,440465,93761,414,403,"",0.66,0.77,0.85,0.84,0.68,0.54,0.38,0.83,"",0,0.0,-9,-10.7,6,7.3,4,4.7,-27239,-5.8,-22642,-19.5,7,1.7,-27,-6.3
"13097","5","45912","77","0","2023","4","N",4,0,0,0,0,0,0,0,"N",1.07,0,0,0,0,0,0,0,"N",0,0.0,0,0,0,0,0,0,0,0,0,0,0,0,0,0
"13097","5","459120","78","0","2023","4","N",4,0,0,0,0,0,0,0,"N",1.07,0,0,0,0,0,0,0,"N",0,0.0,0,0,0,0,0,0,0,0,0,0,0,0,0,0
"13097","5","45914","77","0","2023","4","N",1,0,0,0,0,0,0,0,"N",0.89,0,0,0,0,0,0,0,"N",0,0.0,0,0,0,0,0,0,0,0,0,0,0,0,0,0
"13097","5","459140","78","0","2023","4","N",1,0,0,0,0,0,0,0,"N",0.89,0,0,0,0,0,0,0,"N",0,0.0,0,0,0,0,0,0,0,0,0,0,0,0,0,0
"13097","5","4592","76","0","2023","4","N",3,0,0,0,0,0,0,0,"N",1.24,0,0,0,0,0,0,0,"N",1,50.0,0,0,0,0,0,0,0,0,0,0,0,0,0,0
"13097","5","45921","77","0","2023","4","N",3,0,0,0,0,0,0,0,"N",1.24,0,0,0,0,0,0,0,"N",1,50.0,0,0,0,0,0,0,0,0,0,0,0,0,0,0
"13097","5","459210","78","0","2023","4","N",3,0,0,0,0,0,0,0,"N",1.24,0,0,0,0,0,0,0,"N",1,50.0,0,0,0,0,0,0,0,0,0,0,0,0,0,0
"13097","5","4593","76","0","2023","4","N",2,0,0,0,0,0,0,0,"N",0.54,0,0,0,0,0,0,0,"N",0,0.0,0,0,0,0,0,0,0,0,0,0,0,0,0,0
"13097","5","45931","77","0","2023","4","N",2,0,0,0,0,0,0,0,"N",0.54,0,0,0,0,0,0,0,"N",0,0.0,0,0,0,0,0,0,0,0,0,0,0,0,0,0
"13097","5","459310","78","0","2023","4","N",2,0,0,0,0,0,0,0,"N",0.54,0,0,0,0,0,0,0,"N",0,0.0,0,0,0,0,0,0,0,0,0,0,0,0,0,0
"13097","5","4594","76","0","2023","4","",12,411,410,395,5156624,277144,1407,979,"",1.53,5.71,5.88,5.62,10.16,2.37,1.44,1.77,"",-1,-7.7,-21,-4.9,-38,-8.5,-41,-9.4,-540811,-9.5,-20120,-6.8,-1228,-46.6,-20,-2.0
"13097","5","45941","77","0","2023","4","N",5,0,0,0,0,0,0,0,"N",2.58,0,0,0,0,0,0,0,"N",0,0.0,0,0,0,0,0,0,0,0,0,0,0,0,0,0
"13097","5","459410","78","0","2023","4","N",5,0,0,0,0,0,0,0,"N",2.58,0,0,0,0,0,0,0,"N",0,0.0,0,0,0,0,0,0,0,0,0,0,0,0,0,0
"13097","5","45942","77","0","2023","4","N",7,0,0,0,0,0,0,0,"N",1.18,0,0,0,0,0,0,0,"N",-1,-12.5,0,0,0,0,0,0,0,0,0,0,0,0,0,0
"13097","5","459420","78","0","2023","4","N",7,0,0,0,0,0,0,0,"N",1.18,0,0,0,0,0,0,0,"N",-1,-12.5,0,0,0,0,0,0,0,0,0,0,0,0,0,0
"13097","5","4595","76","0","2023","4","",8,172,178,176,1651861,285579,6129,725,"",1.40,2.55,2.60,2.55,4.13,3.59,9.80,1.61,"",2,33.3,109,173.0,109,158.0,104,144.4,1348251,444.1,207108,263.9,6097,19053.1,382,111.4
"13097","5","45951","77","0","2023","4","",8,172,178,176,1651861,285579,6129,725,"",1.40,2.55,2.60,2.55,4.13,3.59,9.80,1.61,"",2,33.3,109,173.0,109,158.0,104,144.4,1348251,444.1,207108,263.9,6097,19053.1,382,111.4
"13097","5","459510","78","0","2023","4","",8,172,178,176,1651861,285579,6129,725,"",1.40,2.55,2.60,2.55,4.13,3.59,9.80,1.61,"",2,33.3,109,173.0,109,158.0,104,144.4,1348251,444.1,207108,263.9,6097,19053.1,382,111.4
"13097","5","4599","76","0","2023","4","",18,88,82,84,550574,137232,1112,500,"",0.77,0.55,0.51,0.52,0.35,0.45,0.40,0.67,"",1,5.9,17,23.9,10,13.9,15,21.7,46733,9.3,21930,19.0,337,43.5,-48,-8.8
"13097","5","45991","77","0","2023","4","N",1,0,0,0,0,0,0,0,"N",0.30,0,0,0,0,0,0,0,"N",0,0.0,0,0,0,0,0,0,0,0,0,0,0,0,0,0
"13097","5","459910","78","0","2023","4","N",1,0,0,0,0,0,0,0,"N",0.30,0,0,0,0,0,0,0,"N",0,0.0,0,0,0,0,0,0,0,0,0,0,0,0,0,0
"13097","5","45999","77","0","2023","4","N",17,0,0,0,0,0,0,0,"N",0.95,0,0,0,0,0,0,0,"N",1,6.2,0,0,0,0,0,0,0,0,0,0,0,0,0,0
"13097","5","459991","78","0","2023","4","N",9,0,0,0,0,0,0,0,"N",1.19,0,0,0,0,0,0,0,"N",1,12.5,0,0,0,0,0,0,0,0,0,0,0,0,0,0
"13097","5","459999","78","0","2023","4","",8,31,29,28,199066,56410,186,522,"",0.78,0.51,0.47,0.45,0.26,0.52,0.18,0.55,"N",0,0.0,0,0,0,0,0,0,0,0,0,0,0,0,0,0
"13097","5","48-49","74","0","2023","4","",143,6501,6953,6946,107951615,14506648,76244,1221,"",1.47,3.05,3.10,3.05,3.78,3.57,1.91,1.23,"",-6,-4.0,-173,-2.6,97,1.4,62,0.9,8125058,8.1,680175,4.9,-279778,-78.6,93,8.2
"13097","5","484","75","0","2023","4","",76,1200,1196,1221,20048880,1857336,27396,1279,"",1.39,2.37,2.33,2.37,2.97,2.16,3.61,1.26,"",-11,-12.6,-321,-21.1,-279,-18.9,-250,-17.0,-4989807,-19.9,466370,33.5,9224,50.8,-15,-1.2
"13097","5","4841","76","0","2023","4","",45,1091,1089,1109,17544867,1618299,24717,1231,"",1.18,3.06,3.01,3.05,3.71,2.69,4.87,1.22,"",-10,-18.2,-312,-22.2,-275,-20.2,-248,-18.3,-6136160,-25.9,313959,24.1,7754,45.7,-94,-7.1
"13097","5","48411","77","0","2023","4","",11,168,153,144,1827180,353343,8697,907,"",0.74,1.70,1.52,1.43,1.48,1.94,4.38,0.96,"",-1,-8.3,-9,-5.1,10,7.0,-14,-8.9,-89837,-4.7,-127244,-26.5,-2695,-23.7,-18,-1.9
"13097","5","484110","78","0","2023","4","",11,168,153,144,1827180,353343,8697,907,"",0.74,1.70,1.52,1.43,1.48,1.94,4.38,0.96,"",-1,-8.3,-9,-5.1,10,7.0,-14,-8.9,-89837,-4.7,-127244,-26.5,-2695,-23.7,-18,-1.9
"13097","5","48412","77","0","2023","4","",34,923,936,965,15717687,1264956,16020,1284,"",1.46,3.58,3.58,3.67,4.49,3.03,5.18,1.24,"",-9,-20.9,-303,-24.7,-285,-23.3,-234,-19.5,-6046323,-27.8,441203,53.6,10449,187.6,-94,-6.8
"13097","5","484121","78","0","2023","4","N",24,0,0,0,0,0,0,0,"N",1.23,0,0,0,0,0,0,0,"N",-5,-17.2,0,0,0,0,0,0,0,0,0,0,0,0,0,0
"13097","5","484122","78","0","2023","4","N",10,0,0,0,0,0,0,0,"N",2.63,0,0,0,0,0,0,0,"N",-4,-28.6,0,0,0,0,0,0,0,0,0,0,0,0,0,0
"13097","5","4842","76","0","2023","4","",31,109,107,112,2504013,239037,2679,1762,"",1.90,0.72,0.71,0.75,1.24,0.92,1.06,1.71,"",-1,-3.1,-9,-7.6,-4,-3.6,-2,-1.8,1146353,84.4,152411,175.9,1470,121.6,849,93.0
"13097","5","48421","77","0","2023","4","",8,29,29,29,272828,29371,213,724,"",2.63,0.93,0.93,0.94,0.88,0.54,0.42,0.95,"",0,0.0,-6,-17.1,-4,-12.1,-5,-14.7,-30089,-9.9,-8873,-23.2,-8,-3.6,39,5.7
"13097","5","484210","78","0","2023","4","",8,29,29,29,272828,29371,213,724,"",2.63,0.93,0.93,0.94,0.88,0.54,0.42,0.95,"",0,0.0,-6,-17.1,-4,-12.1,-5,-14.7,-30089,-9.9,-8873,-23.2,-8,-3.6,39,5.7
"13097","5","48422","77","0","2023","4","",16,60,60,62,852604,68634,725,1081,"",1.71,0.80,0.79,0.83,0.82,0.52,0.48,1.02,"",0,0.0,-11,-15.5,-8,-11.8,-6,-8.8,-39790,-4.5,35786,108.9,156,27.4,86,8.6
"13097","5","484220","78","0","2023","4","",16,60,60,62,852604,68634,725,1081,"",1.71,0.80,0.79,0.83,0.82,0.52,0.48,1.02,"",0,0.0,-11,-15.5,-8,-11.8,-6,-8.8,-39790,-4.5,35786,108.9,156,27.4,86,8.6
"13097","5","48423","77","0","2023","4","",7,20,18,21,1378581,141032,1741,5392,"",1.79,0.46,0.41,0.47,2.04,1.97,3.37,4.59,"",-1,-12.5,8,66.7,8,80.0,9,75.0,1216232,749.1,125498,807.9,1322,315.5,4290,389.3
"13097","5","484230","78","0","2023","4","",7,20,18,21,1378581,141032,1741,5392,"",1.79,0.46,0.41,0.47,2.04,1.97,3.37,4.59,"",-1,-12.5,8,66.7,8,80.0,9,75.0,1216232,749.1,125498,807.9,1322,315.5,4290,389.3
"13097","5","485","75","0","2023","4","N",3,0,0,0,0,0,0,0,"N",0.46,0,0,0,0,0,0,0,"N",0,0.0,0,0,0,0,0,0,0,0,0,0,0,0,0,0
"13097","5","4853","76","0","2023","4","N",1,0,0,0,0,0,0,0,"N",0.45,0,0,0,0,0,0,0,"N",0,0.0,0,0,0,0,0,0,0,0,0,0,0,0,0,0
"13097","5","48531","77","0","2023","4","N",1,0,0,0,0,0,0,0,"N",1.07,0,0,0,0,0,0,0,"N",0,0.0,0,0,0,0,0,0,0,0,0,0,0,0,0,0
"13097","5","485310","78","0","2023","4","N",1,0,0,0,0,0,0,0,"N",1.07,0,0,0,0,0,0,0,"N",0,0.0,0,0,0,0,0,0,0,0,0,0,0,0,0,0
"13097","5","4859","76","0","2023","4","N",2,0,0,0,0,0,0,0,"N",0.89,0,0,0,0,0,0,0,"N",1,100.0,0,0,0,0,0,0,0,0,0,0,0,0,0,0
"13097","5","48599","77","0","2023","4","N",2,0,0,0,0,0,0,0,"N",0.89,0,0,0,0,0,0,0,"N",1,100.0,0,0,0,0,0,0,0,0,0,0,0,0,0,0
"13097","5","485991","78","0","2023","4","N",2,0,0,0,0,0,0,0,"N",1.59,0,0,0,0,0,0,0,"N",1,100.0,0,0,0,0,0,0,0,0,0,0,0,0,0,0
"13097","5","486","75","0","2023","4","N",1,0,0,0,0,0,0,0,"N",0.96,0,0,0,0,0,0,0,"N",0,0.0,0,0,0,0,0,0,0,0,0,0,0,0,0,0
"13097","5","4869","76","0","2023","4","N",1,0,0,0,0,0,0,0,"N",4.98,0,0,0,0,0,0,0,"N",0,0.0,0,0,0,0,0,0,0,0,0,0,0,0,0,0
"13097","5","48691","77","0","2023","4","N",1,0,0,0,0,0,0,0,"N",5.68,0,0,0,0,0,0,0,"N",0,0.0,0,0,0,0,0,0,0,0,0,0,0,0,0,0
"13097","5","486910","78","0","2023","4","N",1,0,0,0,0,0,0,0,"N",5.68,0,0,0,0,0,0,0,"N",0,0.0,0,0,0,0,0,0,0,0,0,0,0,0,0,0
"13097","5","488","75","0","2023","4","",30,396,390,384,6677965,441883,4048,1317,"",1.74,1.48,1.43,1.39,1.68,0.98,0.95,1.17,"",1,3.4,-74,-15.7,-96,-19.8,-118,-23.5,-724639,-9.8,-411559,-48.2,-7935,-66.2,145,12.4
"13097","5","4881","76","0","2023","4","N",1,0,0,0,0,0,0,0,"N",0.36,0,0,0,0,0,0,0,"N",0,0.0,0,0,0,0,0,0,0,0,0,0,0,0,0,0
"13097","5","48811","77","0","2023","4","N",1,0,0,0,0,0,0,0,"N",1.41,0,0,0,0,0,0,0,"N",0,0.0,0,0,0,0,0,0,0,0,0,0,0,0,0,0
"13097","5","488119","78","0","2023","4","N",1,0,0,0,0,0,0,0,"N",1.58,0,0,0,0,0,0,0,"N",0,0.0,0,0,0,0,0,0,0,0,0,0,0,0,0,0
"13097","5","4882","76","0","2023","4","N",2,0,0,0,0,0,0,0,"N",3.39,0,0,0,0,0,0,0,"N",0,0.0,0,0,0,0,0,0,0,0,0,0,0,0,0,0
"13097","5","48821","77","0","2023","4","N",2,0,0,0,0,0,0,0,"N",3.39,0,0,0,0,0,0,0,"N",0,0.0,0,0,0,0,0,0,0,0,0,0,0,0,0,0
"13097","5","488210","78","0","2023","4","N",2,0,0,0,0,0,0,0,"N",3.39,0,0,0,0,0,0,0,"N",0,0.0,0,0,0,0,0,0,0,0,0,0,0,0,0,0
"13097","5","4884","76","0","2023","4","",8,47,44,46,1038919,23168,204,1750,"",1.75,1.24,1.14,1.18,2.41,0.31,0.29,2.03,"",0,0.0,-50,-51.5,-66,-60.0,-73,-61.3,-117019,-10.1,-262151,-91.9,-3936,-95.1,932,113.9
"13097","5","48841","77","0","2023","4","N",7,0,0,0,0,0,0,0,"N",2.17,0,0,0,0,0,0,0,"N",0,0.0,0,0,0,0,0,0,0,0,0,0,0,0,0,0
"13097","5","488410","78","0","2023","4","N",7,0,0,0,0,0,0,0,"N",2.17,0,0,0,0,0,0,0,"N",0,0.0,0,0,0,0,0,0,0,0,0,0,0,0,0,0
"13097","5","48849","77","0","2023","4","N",1,0,0,0,0,0,0,0,"N",0.75,0,0,0,0,0,0,0,"N",0,0.0,0,0,0,0,0,0,0,0,0,0,0,0,0,0
"13097","5","488490","78","0","2023","4","N",1,0,0,0,0,0,0,0,"N",0.75,0,0,0,0,0,0,0,"N",0,0.0,0,0,0,0,0,0,0,0,0,0,0,0,0,0
"13097","5","4885","76","0","2023","4","",17,345,342,334,5594536,406705,3837,1264,"",2.31,3.93,3.84,3.72,3.88,3.46,3.53,1.01,"",1,6.2,-24,-6.5,-30,-8.1,-45,-11.9,-599620,-9.7,-157448,-27.9,-4004,-51.1,-12,-0.9
"13097","5","48851","77","0","2023","4","",17,345,342,334,5594536,406705,3837,1264,"",2.31,3.93,3.84,3.72,3.88,3.46,3.53,1.01,"",1,6.2,-24,-6.5,-30,-8.1,-45,-11.9,-599620,-9.7,-157448,-27.9,-4004,-51.1,-12,-0.9
"13097","5","488510","78","0","2023","4","",17,345,342,334,5594536,406705,3837,1264,"",2.31,3.93,3.84,3.72,3.88,3.46,3.53,1.01,"",1,6.2,-24,-6.5,-30,-8.1,-45,-11.9,-599620,-9.7,-157448,-27.9,-4004,-51.1,-12,-0.9
"13097","5","4889","76","0","2023","4","N",2,0,0,0,0,0,0,0,"N",1.86,0,0,0,0,0,0,0,"N",0,0.0,0,0,0,0,0,0,0,0,0,0,0,0,0,0
"13097","5","48899","77","0","2023","4","N",2,0,0,0,0,0,0,0,"N",1.86,0,0,0,0,0,0,0,"N",0,0.0,0,0,0,0,0,0,0,0,0,0,0,0,0,0
"13097","5","488999","78","0","2023","4","N",2,0,0,0,0,0,0,0,"N",3.09,0,0,0,0,0,0,0,"N",0,0.0,0,0,0,0,0,0,0,0,0,0,0,0,0,0
"13097","5","492","75","0","2023","4","N",5,0,0,0,0,0,0,0,"N",0.72,0,0,0,0,0,0,0,"N",-1,-16.7,0,0,0,0,0,0,0,0,0,0,0,0,0,0
"13097","5","4921","76","0","2023","4","N",2,0,0,0,0,0,0,0,"N",0.47,0,0,0,0,0,0,0,"N",-2,-50.0,0,0,0,0,0,0,0,0,0,0,0,0,0,0
"13097","5","49211","77","0","2023","4","N",2,0,0,0,0,0,0,0,"N",0.47,0,0,0,0,0,0,0,"N",-2,-50.0,0,0,0,0,0,0,0,0,0,0,0,0,0,0
"13097","5","492110","78","0","2023","4","N",2,0,0,0,0,0,0,0,"N",0.47,0,0,0,0,0,0,0,"N",-2,-50.0,0,0,0,0,0,0,0,0,0,0,0,0,0,0
"13097","5","4922","76","0","2023","4","N",3,0,0,0,0,0,0,0,"N",1.11,0,0,0,0,0,0,0,"N",1,50.0,0,0,0,0,0,0,0,0,0,0,0,0,0,0
"13097","5","49221","77","0","2023","4","N",3,0,0,0,0,0,0,0,"N",1.11,0,0,0,0,0,0,0,"N",1,50.0,0,0,0,0,0,0,0,0,0,0,0,0,0,0
"13097","5","492210","78","0","2023","4","N",3,0,0,0,0,0,0,0,"N",1.11,0,0,0,0,0,0,0,"N",1,50.0,0,0,0,0,0,0,0,0,0,0,0,0,0,0
"13097","5","493","75","0","2023","4","",28,4697,5146,5118,77941945,11992212,42386,1202,"",4.19,7.65,7.73,7.64,11.47,9.45,3.47,1.49,"",5,21.7,285,6.5,523,11.3,484,10.4,13799029,21.5,705451,6.3,-280276,-86.9,119,11.0
"13097","5","4931","76","0","2023","4","",28,4697,5146,5118,77941945,11992212,42386,1202,"",4.19,7.65,7.73,7.64,11.47,9.45,3.47,1.49,"",5,21.7,285,6.5,523,11.3,484,10.4,13799029,21.5,705451,6.3,-280276,-86.9,119,11.0
"13097","5","49311","77","0","2023","4","",24,4034,4500,4479,64598183,11336541,36220,1146,"",4.72,7.09,7.25,7.17,10.38,9.50,3.16,1.45,"",5,26.3,196,5.1,469,11.6,434,10.7,12807504,24.7,881200,8.4,-279088,-88.5,143,14.3
"13097","5","493110","78","0","2023","4","",24,4034,4500,4479,64598183,11336541,36220,1146,"",4.72,7.09,7.25,7.17,10.38,9.50,3.16,1.45,"",5,26.3,196,5.1,469,11.6,434,10.7,12807504,24.7,881200,8.4,-279088,-88.5,143,14.3
"13097","5","49312","77","0","2023","4","N",3,0,0,0,0,0,0,0,"N",5.62,0,0,0,0,0,0,0,"N",0,0.0,0,0,0,0,0,0,0,0,0,0,0,0,0,0
"13097","5","493120","78","0","2023","4","N",3,0,0,0,0,0,0,0,"N",5.62,0,0,0,0,0,0,0,"N",0,0.0,0,0,0,0,0,0,0,0,0,0,0,0,0,0
"13097","5","49319","77","0","2023","4","N",1,0,0,0,0,0,0,0,"N",1.26,0,0,0,0,0,0,0,"N",0,0.0,0,0,0,0,0,0,0,0,0,0,0,0,0,0
"13097","5","493190","78","0","2023","4","N",1,0,0,0,0,0,0,0,"N",1.26,0,0,0,0,0,0,0,"N",0,0.0,0,0,0,0,0,0,0,0,0,0,0,0,0,0
"13097","5","51","74","0","2023","4","",34,353,351,347,11006745,257633,3003,2417,"",0.39,0.37,0.36,0.35,0.37,0.25,0.27,1.03,"",4,13.3,162,84.8,159,82.8,146,72.6,7661851,229.1,63557,32.7,1059,54.5,1095,82.8
"13097","5","512","75","0","2023","4","",6,57,61,59,522334,54537,165,681,"",0.49,0.51,0.51,0.48,0.23,0.26,0.05,0.47,"N",-1,-14.3,0,0,0,0,0,0,0,0,0,0,0,0,0,0
"13097","5","5121","76","0","2023","4","N",5,0,0,0,0,0,0,0,"N",0.47,0,0,0,0,0,0,0,"N",-1,-16.7,0,0,0,0,0,0,0,0,0,0,0,0,0,0
"13097","5","51211","77","0","2023","4","N",4,0,0,0,0,0,0,0,"N",0.52,0,0,0,0,0,0,0,"N",1,33.3,0,0,0,0,0,0,0,0,0,0,0,0,0,0
"13097","5","512110","78","0","2023","4","N",4,0,0,0,0,0,0,0,"N",0.52,0,0,0,0,0,0,0,"N",1,33.3,0,0,0,0,0,0,0,0,0,0,0,0,0,0
"13097","5","51213","77","0","2023","4","N",1,0,0,0,0,0,0,0,"N",0.78,0,0,0,0,0,0,0,"N",0,0.0,0,0,0,0,0,0,0,0,0,0,0,0,0,0
"13097","5","512131","78","0","2023","4","N",1,0,0,0,0,0,0,0,"N",0.82,0,0,0,0,0,0,0,"N",0,0.0,0,0,0,0,0,0,0,0,0,0,0,0,0,0
"13097","5","51219","77","0","2023","4","-",0,0,0,0,0,0,0,0,"N",0.00,0,0,0,0,0,0,0,"N",-2,-100.0,0,0,0,0,0,0,0,0,0,0,0,0,0,0
"13097","5","512191","78","0","2023","4","-",0,0,0,0,0,0,0,0,"N",0.00,0,0,0,0,0,0,0,"N",-2,-100.0,0,0,0,0,0,0,0,0,0,0,0,0,0,0
"13097","5","5122","76","0","2023","4","N",1,0,0,0,0,0,0,0,"N",0.61,0,0,0,0,0,0,0,"N",0,0.0,0,0,0,0,0,0,0,0,0,0,0,0,0,0
"13097","5","51229","77","0","2023","4","N",1,0,0,0,0,0,0,0,"N",3.80,0,0,0,0,0,0,0,"N",0,0.0,0,0,0,0,0,0,0,0,0,0,0,0,0,0
"13097","5","512290","78","0","2023","4","N",1,0,0,0,0,0,0,0,"N",3.80,0,0,0,0,0,0,0,"N",0,0.0,0,0,0,0,0,0,0,0,0,0,0,0,0,0
"13097","5","513","75","0","2023","4","N",6,0,0,0,0,0,0,0,"N",0.17,0,0,0,0,0,0,0,"N",1,20.0,0,0,0,0,0,0,0,0,0,0,0,0,0,0
"13097","5","5131","76","0","2023","4","",4,5,5,4,78213,1609,1,1289,"",0.45,0.05,0.05,0.04,0.04,0.02,0.00,0.84,"N",0,0.0,0,0,0,0,0,0,0,0,0,0,0,0,0,0
"13097","5","51311","77","0","2023","4","N",1,0,0,0,0,0,0,0,"N",0.46,0,0,0,0,0,0,0,"N",0,0.0,0,0,0,0,0,0,0,0,0,0,0,0,0,0
"13097","5","513110","78","0","2023","4","N",1,0,0,0,0,0,0,0,"N",0.46,0,0,0,0,0,0,0,"N",0,0.0,0,0,0,0,0,0,0,0,0,0,0,0,0,0
"13097","5","51319","77","0","2023","4","N",3,0,0,0,0,0,0,0,"N",1.39,0,0,0,0,0,0,0,"N",0,0.0,0,0,0,0,0,0,0,0,0,0,0,0,0,0
"13097","5","513199","78","0","2023","4","N",3,0,0,0,0,0,0,0,"N",1.42,0,0,0,0,0,0,0,"N",0,0.0,0,0,0,0,0,0,0,0,0,0,0,0,0,0
"13097","5","5132","76","0","2023","4","N",2,0,0,0,0,0,0,0,"N",0.07,0,0,0,0,0,0,0,"N",1,100.0,0,0,0,0,0,0,0,0,0,0,0,0,0,0
"13097","5","51321","77","0","2023","4","N",2,0,0,0,0,0,0,0,"N",0.07,0,0,0,0,0,0,0,"N",1,100.0,0,0,0,0,0,0,0,0,0,0,0,0,0,0
"13097","5","513210","78","0","2023","4","N",2,0,0,0,0,0,0,0,"N",0.07,0,0,0,0,0,0,0,"N",1,100.0,0,0,0,0,0,0,0,0,0,0,0,0,0,0
"13097","5","516","75","0","2023","4","",3,8,8,8,153350,7490,155,1475,"",0.49,0.07,0.07,0.07,0.04,0.07,0.18,0.52,"N",0,0.0,0,0,0,0,0,0,0,0,0,0,0,0,0,0
"13097","5","5161","76","0","2023","4","N",1,0,0,0,0,0,0,0,"N",0.56,0,0,0,0,0,0,0,"N",0,0.0,0,0,0,0,0,0,0,0,0,0,0,0,0,0
"13097","5","51611","77","0","2023","4","N",1,0,0,0,0,0,0,0,"N",0.78,0,0,0,0,0,0,0,"N",0,0.0,0,0,0,0,0,0,0,0,0,0,0,0,0,0
"13097","5","516110","78","0","2023","4","N",1,0,0,0,0,0,0,0,"N",0.78,0,0,0,0,0,0,0,"N",0,0.0,0,0,0,0,0,0,0,0,0,0,0,0,0,0
"13097","5","5162","76","0","2023","4","N",2,0,0,0,0,0,0,0,"N",0.46,0,0,0,0,0,0,0,"N",0,0.0,0,0,0,0,0,0,0,0,0,0,0,0,0,0
"13097","5","51621","77","0","2023","4","N",2,0,0,0,0,0,0,0,"N",0.46,0,0,0,0,0,0,0,"N",0,0.0,0,0,0,0,0,0,0,0,0,0,0,0,0,0
"13097","5","516210","78","0","2023","4","N",2,0,0,0,0,0,0,0,"N",0.46,0,0,0,0,0,0,0,"N",0,0.0,0,0,0,0,0,0,0,0,0,0,0,0,0,0
"13097","5","517","75","0","2023","4","",7,66,63,60,1158888,13250,182,1415,"",0.65,0.31,0.30,0.28,0.26,0.07,0.11,0.88,"",1,16.7,12,22.2,8,14.5,-1,-1.6,119718,11.5,-47325,-78.1,-1329,-88.0,4,0.3
"13097","5","5171","76","0","2023","4","N",6,0,0,0,0,0,0,0,"N",0.67,0,0,0,0,0,0,0,"N",0,0.0,0,0,0,0,0,0,0,0,0,0,0,0,0,0
"13097","5","51711","77","0","2023","4","N",6,0,0,0,0,0,0,0,"N",0.79,0,0,0,0,0,0,0,"N",0,0.0,0,0,0,0,0,0,0,0,0,0,0,0,0,0
"13097","5","517111","78","0","2023","4","",5,65,62,59,1157589,11951,147,1436,"",0.90,0.43,0.40,0.38,0.38,0.10,0.13,0.92,"N",0,0.0,0,0,0,0,0,0,0,0,0,0,0,0,0,0
"13097","5","517112","78","0","2023","4","N",1,0,0,0,0,0,0,0,"N",0.50,0,0,0,0,0,0,0,"N",0,0.0,0,0,0,0,0,0,0,0,0,0,0,0,0,0
"13097","5","5178","76","0","2023","4","N",1,0,0,0,0,0,0,0,"N",0.64,0,0,0,0,0,0,0,"N",1,100.0,0,0,0,0,0,0,0,0,0,0,0,0,0,0
"13097","5","51781","77","0","2023","4","N",1,0,0,0,0,0,0,0,"N",0.64,0,0,0,0,0,0,0,"N",1,100.0,0,0,0,0,0,0,0,0,0,0,0,0,0,0
"13097","5","517810","78","0","2023","4","N",1,0,0,0,0,0,0,0,"N",0.64,0,0,0,0,0,0,0,"N",1,100.0,0,0,0,0,0,0,0,0,0,0,0,0,0,0
"13097","5","518","75","0","2023","4","",10,168,165,167,7540850,180747,2500,3480,"",0.62,1.07,1.03,1.04,1.38,1.11,1.61,1.31,"",3,42.9,142,546.2,134,432.3,142,568.0,7266649,2650.1,152868,548.3,2388,2132.1,2708,350.8
"13097","5","5182","76","0","2023","4","",10,168,165,167,7540850,180747,2500,3480,"",0.62,1.07,1.03,1.04,1.38,1.11,1.61,1.31,"",3,42.9,142,546.2,134,432.3,142,568.0,7266649,2650.1,152868,548.3,2388,2132.1,2708,350.8
"13097","5","51821","77","0","2023","4","",10,168,165,167,7540850,180747,2500,3480,"",0.62,1.07,1.03,1.04,1.38,1.11,1.61,1.31,"",3,42.9,142,546.2,134,432.3,142,568.0,7266649,2650.1,152868,548.3,2388,2132.1,2708,350.8
"13097","5","518210","78","0","2023","4","",10,168,165,167,7540850,180747,2500,3480,"",0.62,1.07,1.03,1.04,1.38,1.11,1.61,1.31,"",3,42.9,142,546.2,134,432.3,142,568.0,7266649,2650.1,152868,548.3,2388,2132.1,2708,350.8
"13097","5","519","75","0","2023","4","N",2,0,0,0,0,0,0,0,"N",0.38,0,0,0,0,0,0,0,"N",0,0.0,0,0,0,0,0,0,0,0,0,0,0,0,0,0
"13097","5","5192","76","0","2023","4","N",2,0,0,0,0,0,0,0,"N",0.38,0,0,0,0,0,0,0,"N",0,0.0,0,0,0,0,0,0,0,0,0,0,0,0,0,0
"13097","5","51929","77","0","2023","4","N",2,0,0,0,0,0,0,0,"N",0.44,0,0,0,0,0,0,0,"N",0,0.0,0,0,0,0,0,0,0,0,0,0,0,0,0,0
"13097","5","519290","78","0","2023","4","N",2,0,0,0,0,0,0,0,"N",0.44,0,0,0,0,0,0,0,"N",0,0.0,0,0,0,0,0,0,0,0,0,0,0,0,0,0
"13097","5","52","74","0","2023","4","",131,670,668,664,11921426,385654,3605,1374,"",0.75,0.33,0.32,0.32,0.22,0.20,0.24,0.70,"",-2,-1.5,104,18.4,107,19.1,101,17.9,2059369,20.9,20090,5.5,407,12.7,27,2.0
"13097","5","522","75","0","2023","4","",54,355,354,346,6778017,166335,777,1483,"",0.92,0.42,0.41,0.40,0.39,0.21,0.14,0.96,"",-2,-3.6,1,0.3,2,0.6,-9,-2.5,197270,3.0,-33288,-16.7,-617,-44.3,52,3.6
"13097","5","5221","76","0","2023","4","",26,242,247,245,4909610,97155,250,1544,"",0.81,0.41,0.42,0.41,0.44,0.19,0.08,1.07,"",-2,-7.1,-3,-1.2,2,0.8,-3,-1.2,305641,6.6,-34464,-26.2,-336,-57.3,104,7.2
"13097","5","52211","77","0","2023","4","",23,230,235,233,4788105,94368,227,1583,"",0.97,0.51,0.51,0.51,0.53,0.28,0.11,1.03,"N",-3,-11.5,0,0,0,0,0,0,0,0,0,0,0,0,0,0
"13097","5","522110","78","0","2023","4","",23,230,235,233,4788105,94368,227,1583,"",0.97,0.51,0.51,0.51,0.53,0.28,0.11,1.03,"N",-3,-11.5,0,0,0,0,0,0,0,0,0,0,0,0,0,0
"13097","5","52213","77","0","2023","4","",3,12,12,12,121505,2787,23,779,"",0.50,0.12,0.12,0.12,0.09,0.02,0.03,0.73,"N",1,50.0,0,0,0,0,0,0,0,0,0,0,0,0,0,0
"13097","5","522130","78","0","2023","4","",3,12,12,12,121505,2787,23,779,"",0.50,0.12,0.12,0.12,0.09,0.02,0.03,0.73,"N",1,50.0,0,0,0,0,0,0,0,0,0,0,0,0,0,0
"13097","5","5222","76","0","2023","4","N",24,0,0,0,0,0,0,0,"N",1.51,0,0,0,0,0,0,0,"N",0,0.0,0,0,0,0,0,0,0,0,0,0,0,0,0,0
"13097","5","52222","77","0","2023","4","N",1,0,0,0,0,0,0,0,"N",0.51,0,0,0,0,0,0,0,"N",-2,-66.7,0,0,0,0,0,0,0,0,0,0,0,0,0,0
"13097","5","522220","78","0","2023","4","N",1,0,0,0,0,0,0,0,"N",0.51,0,0,0,0,0,0,0,"N",-2,-66.7,0,0,0,0,0,0,0,0,0,0,0,0,0,0
"13097","5","52229","77","0","2023","4","",23,77,76,77,1164535,52087,411,1168,"",1.68,0.64,0.63,0.63,0.46,0.36,0.32,0.73,"",2,9.5,-21,-21.4,-20,-20.8,-19,-19.8,-586820,-33.5,-8270,-13.7,-329,-44.5,-226,-16.2
"13097","5","522291","78","0","2023","4","",8,44,44,45,548283,17370,61,951,"",1.70,1.46,1.45,1.47,0.96,0.37,0.17,0.66,"",2,33.3,8,22.2,9,25.7,8,21.6,139859,34.2,2986,20.8,-16,-20.8,78,8.9
"13097","5","522292","78","0","2023","4","",7,6,6,5,332263,4143,53,4510,"",1.21,0.10,0.10,0.08,0.25,0.06,0.07,2.73,"",0,0.0,-27,-81.8,-27,-81.8,-27,-84.4,-711297,-68.2,-4321,-51.1,-12,-18.5,2053,83.6
"13097","5","522299","78","0","2023","4","",8,27,26,27,283989,30574,297,819,"",2.54,0.94,0.90,0.93,0.47,1.03,1.43,0.51,"",0,0.0,-2,-6.9,-2,-7.1,0,0.0,-15382,-5.1,-6935,-18.5,-301,-50.3,-3,-0.4
"13097","5","5223","76","0","2023","4","N",4,0,0,0,0,0,0,0,"N",0.38,0,0,0,0,0,0,0,"N",0,0.0,0,0,0,0,0,0,0,0,0,0,0,0,0,0
"13097","5","52231","77","0","2023","4","N",2,0,0,0,0,0,0,0,"N",0.38,0,0,0,0,0,0,0,"N",0,0.0,0,0,0,0,0,0,0,0,0,0,0,0,0,0
"13097","5","522310","78","0","2023","4","N",2,0,0,0,0,0,0,0,"N",0.38,0,0,0,0,0,0,0,"N",0,0.0,0,0,0,0,0,0,0,0,0,0,0,0,0,0
"13097","5","52232","77","0","2023","4","N",1,0,0,0,0,0,0,0,"N",0.36,0,0,0,0,0,0,0,"N",0,0.0,0,0,0,0,0,0,0,0,0,0,0,0,0,0
"13097","5","522320","78","0","2023","4","N",1,0,0,0,0,0,0,0,"N",0.36,0,0,0,0,0,0,0,"N",0,0.0,0,0,0,0,0,0,0,0,0,0,0,0,0,0
"13097","5","52239","77","0","2023","4","N",1,0,0,0,0,0,0,0,"N",0.44,0,0,0,0,0,0,0,"N",0,0.0,0,0,0,0,0,0,0,0,0,0,0,0,0,0
"13097","5","522390","78","0","2023","4","N",1,0,0,0,0,0,0,0,"N",0.44,0,0,0,0,0,0,0,"N",0,0.0,0,0,0,0,0,0,0,0,0,0,0,0,0,0
"13097","5","523","75","0","2023","4","N",17,0,0,0,0,0,0,0,"N",0.38,0,0,0,0,0,0,0,"N",1,6.2,0,0,0,0,0,0,0,0,0,0,0,0,0,0
"13097","5","5231","76","0","2023","4","",7,11,11,11,170174,11682,21,1190,"",0.56,0.07,0.07,0.07,0.02,0.11,0.03,0.32,"",0,0.0,-1,-8.3,-1,-8.3,-2,-15.4,-127970,-42.9,-15594,-57.2,-62,-74.7,-670,-36.0
"13097","5","52315","77","0","2023","4","",7,11,11,11,170174,11682,21,1190,"",0.61,0.07,0.07,0.07,0.02,0.12,0.03,0.33,"",0,0.0,-1,-8.3,-1,-8.3,-2,-15.4,-127970,-42.9,-15594,-57.2,-62,-74.7,-670,-36.0
"13097","5","523150","78","0","2023","4","",7,11,11,11,170174,11682,21,1190,"",0.61,0.07,0.07,0.07,0.02,0.12,0.03,0.33,"",0,0.0,-1,-8.3,-1,-8.3,-2,-15.4,-127970,-42.9,-15594,-57.2,-62,-74.7,-670,-36.0
"13097","5","5239","76","0","2023","4","N",10,0,0,0,0,0,0,0,"N",0.31,0,0,0,0,0,0,0,"N",1,11.1,0,0,0,0,0,0,0,0,0,0,0,0,0,0
"13097","5","52391","77","0","2023","4","N",1,0,0,0,0,0,0,0,"N",0.34,0,0,0,0,0,0,0,"N",-1,-50.0,0,0,0,0,0,0,0,0,0,0,0,0,0,0
"13097","5","523910","78","0","2023","4","N",1,0,0,0,0,0,0,0,"N",0.34,0,0,0,0,0,0,0,"N",-1,-50.0,0,0,0,0,0,0,0,0,0,0,0,0,0,0
"13097","5","52394","77","0","2023","4","N",8,0,0,0,0,0,0,0,"N",0.31,0,0,0,0,0,0,0,"N",1,14.3,0,0,0,0,0,0,0,0,0,0,0,0,0,0
"13097","5","523940","78","0","2023","4","N",8,0,0,0,0,0,0,0,"N",0.31,0,0,0,0,0,0,0,"N",1,14.3,0,0,0,0,0,0,0,0,0,0,0,0,0,0
"13097","5","52399","77","0","2023","4","N",1,0,0,0,0,0,0,0,"N",0.32,0,0,0,0,0,0,0,"N",1,100.0,0,0,0,0,0,0,0,0,0,0,0,0,0,0
"13097","5","523999","78","0","2023","4","N",1,0,0,0,0,0,0,0,"N",0.45,0,0,0,0,0,0,0,"N",1,100.0,0,0,0,0,0,0,0,0,0,0,0,0,0,0
"13097","5","524","75","0","2023","4","",59,295,294,297,4793389,207241,2803,1248,"",0.88,0.35,0.34,0.35,0.29,0.25,0.46,0.83,"",-2,-3.3,105,55.3,105,55.6,110,58.8,1938813,67.9,75417,57.2,1262,81.9,84,7.2
"13097","5","5241","76","0","2023","4","N",5,0,0,0,0,0,0,0,"N",0.47,0,0,0,0,0,0,0,"N",1,25.0,0,0,0,0,0,0,0,0,0,0,0,0,0,0
"13097","5","52411","77","0","2023","4","N",1,0,0,0,0,0,0,0,"N",0.24,0,0,0,0,0,0,0,"N",0,0.0,0,0,0,0,0,0,0,0,0,0,0,0,0,0
"13097","5","524113","78","0","2023","4","N",1,0,0,0,0,0,0,0,"N",0.63,0,0,0,0,0,0,0,"N",0,0.0,0,0,0,0,0,0,0,0,0,0,0,0,0,0
"13097","5","52412","77","0","2023","4","N",4,0,0,0,0,0,0,0,"N",0.65,0,0,0,0,0,0,0,"N",1,33.3,0,0,0,0,0,0,0,0,0,0,0,0,0,0
"13097","5","524126","78","0","2023","4","N",4,0,0,0,0,0,0,0,"N",1.07,0,0,0,0,0,0,0,"N",1,33.3,0,0,0,0,0,0,0,0,0,0,0,0,0,0
"13097","5","5242","76","0","2023","4","N",54,0,0,0,0,0,0,0,"N",0.95,0,0,0,0,0,0,0,"N",-3,-5.3,0,0,0,0,0,0,0,0,0,0,0,0,0,0
"13097","5","52421","77","0","2023","4","N",52,0,0,0,0,0,0,0,"N",1.08,0,0,0,0,0,0,0,"N",-3,-5.5,0,0,0,0,0,0,0,0,0,0,0,0,0,0
"13097","5","524210","78","0","2023","4","N",52,0,0,0,0,0,0,0,"N",1.08,0,0,0,0,0,0,0,"N",-3,-5.5,0,0,0,0,0,0,0,0,0,0,0,0,0,0
"13097","5","52429","77","0","2023","4","N",2,0,0,0,0,0,0,0,"N",0.23,0,0,0,0,0,0,0,"N",0,0.0,0,0,0,0,0,0,0,0,0,0,0,0,0,0
"13097","5","524292","78","0","2023","4","N",2,0,0,0,0,0,0,0,"N",0.70,0,0,0,0,0,0,0,"N",0,0.0,0,0,0,0,0,0,0,0,0,0,0,0,0,0
"13097","5","525","75","0","2023","4","N",1,0,0,0,0,0,0,0,"N",0.33,0,0,0,0,0,0,0,"N",1,100.0,0,0,0,0,0,0,0,0,0,0,0,0,0,0
"13097","5","5259","76","0","2023","4","N",1,0,0,0,0,0,0,0,"N",0.41,0,0,0,0,0,0,0,"N",1,100.0,0,0,0,0,0,0,0,0,0,0,0,0,0,0
"13097","5","52599","77","0","2023","4","N",1,0,0,0,0,0,0,0,"N",0.98,0,0,0,0,0,0,0,"N",1,100.0,0,0,0,0,0,0,0,0,0,0,0,0,0,0
"13097","5","525990","78","0","2023","4","N",1,0,0,0,0,0,0,0,"N",0.98,0,0,0,0,0,0,0,"N",1,100.0,0,0,0,0,0,0,0,0,0,0,0,0,0,0
"13097","5","53","74","0","2023","4","",121,396,398,405,6133104,392798,3671,1180,"",0.82,0.50,0.50,0.50,0.50,0.32,0.32,0.99,"",-8,-6.2,28,7.6,29,7.9,27,7.1,662160,12.1,17790,4.7,-1346,-26.8,48,4.2
"13097","5","531","75","0","2023","4","",91,182,184,191,3140648,231778,2355,1301,"",0.70,0.31,0.31,0.31,0.33,0.24,0.27,1.07,"",-9,-9.0,-21,-10.3,-14,-7.1,-16,-7.7,-188409,-5.7,5202,2.3,-1126,-32.3,37,2.9
"13097","5","5311","76","0","2023","4","",24,68,70,76,1039922,85801,571,1121,"",0.65,0.33,0.34,0.36,0.35,0.28,0.20,1.01,"",1,4.3,9,15.3,11,18.6,18,31.0,152653,17.2,31345,57.6,-7,-1.2,-42,-3.6
"13097","5","53111","77","0","2023","4","N",7,0,0,0,0,0,0,0,"N",0.35,0,0,0,0,0,0,0,"N",0,0.0,0,0,0,0,0,0,0,0,0,0,0,0,0,0
"13097","5","531110","78","0","2023","4","N",7,0,0,0,0,0,0,0,"N",0.35,0,0,0,0,0,0,0,"N",0,0.0,0,0,0,0,0,0,0,0,0,0,0,0,0,0
"13097","5","53112","77","0","2023","4","N",5,0,0,0,0,0,0,0,"N",0.61,0,0,0,0,0,0,0,"N",1,25.0,0,0,0,0,0,0,0,0,0,0,0,0,0,0
"13097","5","531120","78","0","2023","4","N",5,0,0,0,0,0,0,0,"N",0.61,0,0,0,0,0,0,0,"N",1,25.0,0,0,0,0,0,0,0,0,0,0,0,0,0,0
"13097","5","53113","77","0","2023","4","",8,19,19,18,211046,23037,166,870,"",1.43,0.98,0.96,0.90,0.93,0.67,0.55,0.98,"",0,0.0,3,18.8,3,18.8,3,20.0,-14709,-6.5,12077,110.2,71,74.7,-238,-21.5
"13097","5","531130","78","0","2023","4","",8,19,19,18,211046,23037,166,870,"",1.43,0.98,0.96,0.90,0.93,0.67,0.55,0.98,"",0,0.0,3,18.8,3,18.8,3,20.0,-14709,-6.5,12077,110.2,71,74.7,-238,-21.5
"13097","5","53119","77","0","2023","4","N",4,0,0,0,0,0,0,0,"N",1.26,0,0,0,0,0,0,0,"N",0,0.0,0,0,0,0,0,0,0,0,0,0,0,0,0,0
"13097","5","531190","78","0","2023","4","N",4,0,0,0,0,0,0,0,"N",1.26,0,0,0,0,0,0,0,"N",0,0.0,0,0,0,0,0,0,0,0,0,0,0,0,0,0
"13097","5","5312","76","0","2023","4","",33,33,35,35,584633,32038,332,1310,"",0.67,0.28,0.29,0.29,0.26,0.15,0.18,0.90,"",-7,-17.5,-15,-31.2,-10,-22.2,-16,-31.4,-157951,-21.3,10008,45.4,134,67.7,120,10.1
"13097","5","53121","77","0","2023","4","",33,33,35,35,584633,32038,332,1310,"",0.67,0.28,0.29,0.29,0.26,0.15,0.18,0.90,"",-7,-17.5,-15,-31.2,-10,-22.2,-16,-31.4,-157951,-21.3,10008,45.4,134,67.7,120,10.1
"13097","5","531210","78","0","2023","4","",33,33,35,35,584633,32038,332,1310,"",0.67,0.28,0.29,0.29,0.26,0.15,0.18,0.90,"",-7,-17.5,-15,-31.2,-10,-22.2,-16,-31.4,-157951,-21.3,10008,45.4,134,67.7,120,10.1
"13097","5","5313","76","0","2023","4","",34,81,79,80,1516093,113939,1452,1458,"",0.79,0.30,0.29,0.29,0.36,0.26,0.36,1.22,"",-3,-8.1,-15,-15.6,-15,-16.0,-18,-18.4,-183111,-10.8,-36151,-24.1,-1253,-46.3,96,7.0
"13097","5","53131","77","0","2023","4","",26,67,66,66,1238977,82360,1254,1437,"",0.88,0.29,0.28,0.28,0.37,0.22,0.37,1.29,"",-3,-10.3,-13,-16.2,-14,-17.5,-16,-19.5,-69006,-5.3,-29850,-26.6,-731,-36.8,190,15.2
"13097","5","531311","78","0","2023","4","",19,57,56,53,1051820,64684,1129,1462,"",0.83,0.33,0.32,0.30,0.47,0.22,0.40,1.48,"",-3,-13.6,-6,-9.5,-7,-11.1,-14,-20.9,-54443,-4.9,-22400,-25.7,-580,-33.9,139,10.5
"13097","5","531312","78","0","2023","4","",7,10,10,13,187157,17676,125,1309,"",1.01,0.18,0.18,0.23,0.17,0.25,0.20,0.87,"",0,0.0,-7,-41.2,-7,-41.2,-2,-13.3,-14563,-7.2,-7450,-29.7,-151,-54.7,359,37.8
"13097","5","53132","77","0","2023","4","N",3,0,0,0,0,0,0,0,"N",0.73,0,0,0,0,0,0,0,"N",0,0.0,0,0,0,0,0,0,0,0,0,0,0,0,0,0
"13097","5","531320","78","0","2023","4","N",3,0,0,0,0,0,0,0,"N",0.73,0,0,0,0,0,0,0,"N",0,0.0,0,0,0,0,0,0,0,0,0,0,0,0,0,0
"13097","5","53139","77","0","2023","4","N",5,0,0,0,0,0,0,0,"N",0.53,0,0,0,0,0,0,0,"N",0,0.0,0,0,0,0,0,0,0,0,0,0,0,0,0,0
"13097","5","531390","78","0","2023","4","N",5,0,0,0,0,0,0,0,"N",0.53,0,0,0,0,0,0,0,"N",0,0.0,0,0,0,0,0,0,0,0,0,0,0,0,0,0
"13097","5","532","75","0","2023","4","",30,214,214,214,2992456,161020,1316,1076,"",1.71,1.13,1.14,1.13,1.15,0.58,0.48,1.01,"",1,3.4,49,29.7,43,25.1,43,25.1,850569,39.7,12588,8.5,-220,-14.3,101,10.4
"13097","5","5321","76","0","2023","4","",20,158,159,162,2111474,129566,1177,1017,"",3.64,2.22,2.22,2.25,2.53,1.29,1.45,1.13,"",2,11.1,49,45.0,45,39.5,46,39.7,778828,58.4,33198,34.4,353,42.8,110,12.1
"13097","5","53211","77","0","2023","4","",10,55,53,52,537539,39720,510,775,"",3.15,1.38,1.33,1.29,1.23,0.67,1.03,0.92,"",0,0.0,5,10.0,-1,-1.9,0,0.0,-24533,-4.4,-6019,-13.2,85,20.0,-56,-6.7
"13097","5","532111","78","0","2023","4","N",9,0,0,0,0,0,0,0,"N",3.09,0,0,0,0,0,0,0,"N",0,0.0,0,0,0,0,0,0,0,0,0,0,0,0,0,0
"13097","5","532112","78","0","2023","4","N",1,0,0,0,0,0,0,0,"N",3.85,0,0,0,0,0,0,0,"N",0,0.0,0,0,0,0,0,0,0,0,0,0,0,0,0,0
"13097","5","53212","77","0","2023","4","",10,103,106,110,1573935,89846,667,1139,"",4.30,3.29,3.35,3.47,3.97,2.20,2.13,1.18,"",2,25.0,44,74.6,46,76.7,46,71.9,803361,104.3,39217,77.5,268,67.2,167,17.2
"13097","5","532120","78","0","2023","4","",10,103,106,110,1573935,89846,667,1139,"",4.30,3.29,3.35,3.47,3.97,2.20,2.13,1.18,"",2,25.0,44,74.6,46,76.7,46,71.9,803361,104.3,39217,77.5,268,67.2,167,17.2
"13097","5","5322","76","0","2023","4","N",2,0,0,0,0,0,0,0,"N",0.37,0,0,0,0,0,0,0,"N",-2,-50.0,0,0,0,0,0,0,0,0,0,0,0,0,0,0
"13097","5","53228","77","0","2023","4","N",2,0,0,0,0,0,0,0,"N",0.40,0,0,0,0,0,0,0,"N",-2,-50.0,0,0,0,0,0,0,0,0,0,0,0,0,0,0
"13097","5","532289","78","0","2023","4","N",2,0,0,0,0,0,0,0,"N",0.73,0,0,0,0,0,0,0,"N",0,0.0,0,0,0,0,0,0,0,0,0,0,0,0,0,0
"13097","5","5323","76","0","2023","4","N",2,0,0,0,0,0,0,0,"N",1.80,0,0,0,0,0,0,0,"N",0,0.0,0,0,0,0,0,0,0,0,0,0,0,0,0,0
"13097","5","53231","77","0","2023","4","N",2,0,0,0,0,0,0,0,"N",1.80,0,0,0,0,0,0,0,"N",0,0.0,0,0,0,0,0,0,0,0,0,0,0,0,0,0
"13097","5","532310","78","0","2023","4","N",2,0,0,0,0,0,0,0,"N",1.80,0,0,0,0,0,0,0,"N",0,0.0,0,0,0,0,0,0,0,0,0,0,0,0,0,0
"13097","5","5324","76","0","2023","4","",6,33,33,31,701288,9460,106,1668,"",1.08,0.52,0.51,0.48,0.60,0.11,0.11,1.20,"",1,20.0,3,10.0,3,10.0,2,6.9,111436,18.9,-7854,-45.4,-77,-42.1,139,9.1
"13097","5","53241","77","0","2023","4","N",4,0,0,0,0,0,0,0,"N",1.65,0,0,0,0,0,0,0,"N",1,33.3,0,0,0,0,0,0,0,0,0,0,0,0,0,0
"13097","5","532412","78","0","2023","4","N",4,0,0,0,0,0,0,0,"N",1.84,0,0,0,0,0,0,0,"N",1,33.3,0,0,0,0,0,0,0,0,0,0,0,0,0,0
"13097","5","53249","77","0","2023","4","N",2,0,0,0,0,0,0,0,"N",0.71,0,0,0,0,0,0,0,"N",0,0.0,0,0,0,0,0,0,0,0,0,0,0,0,0,0
"13097","5","532490","78","0","2023","4","N",2,0,0,0,0,0,0,0,"N",0.71,0,0,0,0,0,0,0,"N",0,0.0,0,0,0,0,0,0,0,0,0,0,0,0,0,0
"13097","5","54","74","0","2023","4","",279,1181,1187,1217,26882440,1120821,12912,1730,"",0.55,0.34,0.33,0.34,0.29,0.26,0.31,0.88,"",-3,-1.1,-87,-6.9,-89,-7.0,-91,-7.0,-4528749,-14.4,16679,1.5,-1233,-8.7,-152,-8.1
"13097","5","541","75","0","2023","4","",279,1181,1187,1217,26882440,1120821,12912,1730,"",0.55,0.34,0.33,0.34,0.29,0.26,0.31,0.88,"",-3,-1.1,-87,-6.9,-89,-7.0,-91,-7.0,-4528749,-14.4,16679,1.5,-1233,-8.7,-152,-8.1
"13097","5","5411","76","0","2023","4","",37,149,146,151,5586441,116274,865,2891,"",0.59,0.38,0.37,0.38,0.44,0.25,0.23,1.18,"",-7,-15.9,0,0.0,-1,-0.7,4,2.7,377492,7.2,30558,35.7,-735,-45.9,178,6.6
"13097","5","54111","77","0","2023","4","N",34,0,0,0,0,0,0,0,"N",0.60,0,0,0,0,0,0,0,"N",-6,-15.0,0,0,0,0,0,0,0,0,0,0,0,0,0,0
"13097","5","541110","78","0","2023","4","N",34,0,0,0,0,0,0,0,"N",0.60,0,0,0,0,0,0,0,"N",-6,-15.0,0,0,0,0,0,0,0,0,0,0,0,0,0,0
"13097","5","54119","77","0","2023","4","N",3,0,0,0,0,0,0,0,"N",0.49,0,0,0,0,0,0,0,"N",-1,-25.0,0,0,0,0,0,0,0,0,0,0,0,0,0,0
"13097","5","541191","78","0","2023","4","N",3,0,0,0,0,0,0,0,"N",0.98,0,0,0,0,0,0,0,"N",0,0.0,0,0,0,0,0,0,0,0,0,0,0,0,0,0
"13097","5","541199","78","0","2023","4","-",0,0,0,0,0,0,0,0,"N",0.00,0,0,0,0,0,0,0,"N",-1,-100.0,0,0,0,0,0,0,0,0,0,0,0,0,0,0
"13097","5","5412","76","0","2023","4","",65,129,142,170,1726497,197081,2906,903,"",1.19,0.35,0.38,0.44,0.23,0.39,0.57,0.58,"",8,14.0,2,1.6,13,10.1,18,11.8,-7723,-0.4,81587,70.6,521,21.8,-78,-8.0
"13097","5","54121","77","0","2023","4","",65,129,142,170,1726497,197081,2906,903,"",1.19,0.35,0.38,0.44,0.23,0.39,0.57,0.58,"",8,14.0,2,1.6,13,10.1,18,11.8,-7723,-0.4,81587,70.6,521,21.8,-78,-8.0
"13097","5","541211","78","0","2023","4","N",9,0,0,0,0,0,0,0,"N",0.48,0,0,0,0,0,0,0,"N",0,0.0,0,0,0,0,0,0,0,0,0,0,0,0,0,0
"13097","5","541213","78","0","2023","4","",31,49,54,83,392857,76964,1586,487,"",2.77,2.16,2.01,2.50,1.34,2.32,3.37,0.60,"",2,6.9,11,28.9,13,31.7,18,27.7,140417,55.6,38793,101.6,411,35.0,82,20.2
"13097","5","541214","78","0","2023","4","N",1,0,0,0,0,0,0,0,"N",0.26,0,0,0,0,0,0,0,"N",1,100.0,0,0,0,0,0,0,0,0,0,0,0,0,0,0
"13097","5","541219","78","0","2023","4","N",24,0,0,0,0,0,0,0,"N",1.15,0,0,0,0,0,0,0,"N",5,26.3,0,0,0,0,0,0,0,0,0,0,0,0,0,0
"13097","5","5413","76","0","2023","4","",31,116,119,117,2186778,135616,851,1434,"",0.61,0.21,0.21,0.21,0.16,0.22,0.15,0.78,"",-3,-8.8,-55,-32.2,-52,-30.4,-57,-32.8,-1097076,-33.4,-121448,-47.2,-1182,-58.1,-35,-2.4
"13097","5","54131","77","0","2023","4","",4,11,12,11,134324,11770,266,912,"",0.45,0.16,0.18,0.16,0.08,0.17,0.45,0.47,"",-1,-20.0,-1,-8.3,4,50.0,1,10.0,38914,40.8,-7746,-39.7,-143,-35.0,178,24.3
"13097","5","541310","78","0","2023","4","",4,11,12,11,134324,11770,266,912,"",0.45,0.16,0.18,0.16,0.08,0.17,0.45,0.47,"",-1,-20.0,-1,-8.3,4,50.0,1,10.0,38914,40.8,-7746,-39.7,-143,-35.0,178,24.3
"13097","5","54133","77","0","2023","4","",19,56,57,55,1045229,67347,133,1436,"",0.65,0.15,0.15,0.14,0.11,0.17,0.03,0.73,"",-2,-9.5,-41,-42.3,-42,-42.4,-42,-43.3,-1001205,-48.9,-87248,-56.4,-371,-73.6,-176,-10.9
"13097","5","541330","78","0","2023","4","",19,56,57,55,1045229,67347,133,1436,"",0.65,0.15,0.15,0.14,0.11,0.17,0.03,0.73,"",-2,-9.5,-41,-42.3,-42,-42.4,-42,-43.3,-1001205,-48.9,-87248,-56.4,-371,-73.6,-176,-10.9
"13097","5","54134","77","0","2023","4","N",1,0,0,0,0,0,0,0,"N",0.94,0,0,0,0,0,0,0,"N",0,0.0,0,0,0,0,0,0,0,0,0,0,0,0,0,0
"13097","5","541340","78","0","2023","4","N",1,0,0,0,0,0,0,0,"N",0.94,0,0,0,0,0,0,0,"N",0,0.0,0,0,0,0,0,0,0,0,0,0,0,0,0,0
"13097","5","54135","77","0","2023","4","",5,7,7,7,141982,0,0,1560,"",1.91,0.79,0.79,0.79,1.16,0.00,0.00,1.47,"N",1,25.0,0,0,0,0,0,0,0,0,0,0,0,0,0,0
"13097","5","541350","78","0","2023","4","",5,7,7,7,141982,0,0,1560,"",1.91,0.79,0.79,0.79,1.16,0.00,0.00,1.47,"N",1,25.0,0,0,0,0,0,0,0,0,0,0,0,0,0,0
"13097","5","54137","77","0","2023","4","N",2,0,0,0,0,0,0,0,"N",0.78,0,0,0,0,0,0,0,"N",-1,-33.3,0,0,0,0,0,0,0,0,0,0,0,0,0,0
"13097","5","541370","78","0","2023","4","N",2,0,0,0,0,0,0,0,"N",0.78,0,0,0,0,0,0,0,"N",-1,-33.3,0,0,0,0,0,0,0,0,0,0,0,0,0,0
"13097","5","5414","76","0","2023","4","",11,43,41,42,782121,33622,1043,1432,"",0.76,0.85,0.80,0.82,0.84,0.48,1.47,1.02,"N",0,0.0,0,0,0,0,0,0,0,0,0,0,0,0,0,0
"13097","5","54141","77","0","2023","4","N",5,0,0,0,0,0,0,0,"N",0.89,0,0,0,0,0,0,0,"N",0,0.0,0,0,0,0,0,0,0,0,0,0,0,0,0,0
"13097","5","541410","78","0","2023","4","N",5,0,0,0,0,0,0,0,"N",0.89,0,0,0,0,0,0,0,"N",0,0.0,0,0,0,0,0,0,0,0,0,0,0,0,0,0
"13097","5","54143","77","0","2023","4","N",6,0,0,0,0,0,0,0,"N",0.99,0,0,0,0,0,0,0,"N",0,0.0,0,0,0,0,0,0,0,0,0,0,0,0,0,0
"13097","5","541430","78","0","2023","4","N",6,0,0,0,0,0,0,0,"N",0.99,0,0,0,0,0,0,0,"N",0,0.0,0,0,0,0,0,0,0,0,0,0,0,0,0,0
"13097","5","5415","76","0","2023","4","",49,246,246,245,9386191,183146,1313,2939,"",0.40,0.31,0.30,0.30,0.39,0.20,0.15,1.28,"",-2,-3.9,-26,-9.6,-30,-10.9,-49,-16.7,-4009288,-29.9,-11934,-6.1,-1589,-54.8,-732,-19.9
"13097","5","54151","77","0","2023","4","",49,246,246,245,9386191,183146,1313,2939,"",0.40,0.31,0.30,0.30,0.39,0.20,0.15,1.28,"",-2,-3.9,-26,-9.6,-30,-10.9,-49,-16.7,-4009288,-29.9,-11934,-6.1,-1589,-54.8,-732,-19.9
"13097","5","541511","78","0","2023","4","",22,25,25,26,760641,27379,326,2310,"",0.37,0.07,0.07,0.07,0.06,0.07,0.09,0.92,"",0,0.0,-35,-58.3,-39,-60.9,-46,-63.9,-856623,-53.0,-92965,-77.2,-1576,-82.9,406,21.3
"13097","5","541512","78","0","2023","4","",20,72,74,69,1933761,75267,632,2076,"",0.38,0.19,0.20,0.18,0.19,0.17,0.15,0.98,"",-5,-20.0,7,10.8,9,13.8,-6,-8.0,200893,11.6,19028,33.8,-70,-10.0,125,6.4
"13097","5","541513","78","0","2023","4","N",1,0,0,0,0,0,0,0,"N",0.51,0,0,0,0,0,0,0,"N",0,0.0,0,0,0,0,0,0,0,0,0,0,0,0,0,0
"13097","5","541519","78","0","2023","4","N",6,0,0,0,0,0,0,0,"N",0.61,0,0,0,0,0,0,0,"N",3,100.0,0,0,0,0,0,0,0,0,0,0,0,0,0,0
"13097","5","5416","76","0","2023","4","",54,319,312,310,5109852,196206,2704,1253,"",0.44,0.52,0.50,0.49,0.33,0.22,0.30,0.66,"",5,10.2,-12,-3.6,-24,-7.1,-19,-5.8,32238,0.6,-11188,-5.4,-37,-1.3,77,6.5
"13097","5","54161","77","0","2023","4","",47,310,303,302,5005714,182090,2573,1262,"",0.47,0.61,0.58,0.58,0.39,0.25,0.35,0.65,"",5,11.9,-12,-3.7,-23,-7.1,-18,-5.6,38803,0.8,1102,0.6,292,12.8,78,6.6
"13097","5","541611","78","0","2023","4","",27,53,49,47,1256514,54145,885,1946,"",0.53,0.19,0.17,0.17,0.16,0.14,0.24,0.88,"",4,17.4,19,55.9,17,53.1,13,38.2,608079,93.8,24199,80.8,246,38.5,450,30.1
"13097","5","541612","78","0","2023","4","N",5,0,0,0,0,0,0,0,"N",1.01,0,0,0,0,0,0,0,"N",1,25.0,0,0,0,0,0,0,0,0,0,0,0,0,0,0
"13097","5","541613","78","0","2023","4","N",4,0,0,0,0,0,0,0,"N",0.15,0,0,0,0,0,0,0,"N",0,0.0,0,0,0,0,0,0,0,0,0,0,0,0,0,0
"13097","5","541614","78","0","2023","4","N",5,0,0,0,0,0,0,0,"N",0.83,0,0,0,0,0,0,0,"N",1,25.0,0,0,0,0,0,0,0,0,0,0,0,0,0,0
"13097","5","541618","78","0","2023","4","N",6,0,0,0,0,0,0,0,"N",0.56,0,0,0,0,0,0,0,"N",-1,-14.3,0,0,0,0,0,0,0,0,0,0,0,0,0,0
"13097","5","54162","77","0","2023","4","N",5,0,0,0,0,0,0,0,"N",1.10,0,0,0,0,0,0,0,"N",0,0.0,0,0,0,0,0,0,0,0,0,0,0,0,0,0
"13097","5","541620","78","0","2023","4","N",5,0,0,0,0,0,0,0,"N",1.10,0,0,0,0,0,0,0,"N",0,0.0,0,0,0,0,0,0,0,0,0,0,0,0,0,0
"13097","5","54169","77","0","2023","4","N",2,0,0,0,0,0,0,0,"N",0.12,0,0,0,0,0,0,0,"N",0,0.0,0,0,0,0,0,0,0,0,0,0,0,0,0,0
"13097","5","541690","78","0","2023","4","N",2,0,0,0,0,0,0,0,"N",0.12,0,0,0,0,0,0,0,"N",0,0.0,0,0,0,0,0,0,0,0,0,0,0,0,0,0
"13097","5","5417","76","0","2023","4","",5,8,8,9,87454,2752,17,807,"",0.29,0.03,0.03,0.03,0.01,0.01,0.01,0.33,"N",0,0.0,0,0,0,0,0,0,0,0,0,0,0,0,0,0
"13097","5","54171","77","0","2023","4","N",4,0,0,0,0,0,0,0,"N",0.26,0,0,0,0,0,0,0,"N",0,0.0,0,0,0,0,0,0,0,0,0,0,0,0,0,0
"13097","5","541713","78","0","2023","4","N",1,0,0,0,0,0,0,0,"N",1.26,0,0,0,0,0,0,0,"N",0,0.0,0,0,0,0,0,0,0,0,0,0,0,0,0,0
"13097","5","541714","78","0","2023","4","N",2,0,0,0,0,0,0,0,"N",0.31,0,0,0,0,0,0,0,"N",0,0.0,0,0,0,0,0,0,0,0,0,0,0,0,0,0
"13097","5","541715","78","0","2023","4","N",1,0,0,0,0,0,0,0,"N",0.13,0,0,0,0,0,0,0,"N",0,0.0,0,0,0,0,0,0,0,0,0,0,0,0,0,0
"13097","5","54172","77","0","2023","4","N",1,0,0,0,0,0,0,0,"N",0.54,0,0,0,0,0,0,0,"N",0,0.0,0,0,0,0,0,0,0,0,0,0,0,0,0,0
"13097","5","541720","78","0","2023","4","N",1,0,0,0,0,0,0,0,"N",0.54,0,0,0,0,0,0,0,"N",0,0.0,0,0,0,0,0,0,0,0,0,0,0,0,0,0
"13097","5","5418","76","0","2023","4","",8,14,19,19,256120,30221,803,1137,"",0.34,0.09,0.12,0.12,0.07,0.16,0.42,0.70,"",-3,-27.3,-28,-66.7,-25,-56.8,-22,-53.7,-199543,-43.8,-415,-1.4,619,336.4,309,37.3
"13097","5","54181","77","0","2023","4","N",3,0,0,0,0,0,0,0,"N",0.26,0,0,0,0,0,0,0,"N",-1,-25.0,0,0,0,0,0,0,0,0,0,0,0,0,0,0
"13097","5","541810","78","0","2023","4","N",3,0,0,0,0,0,0,0,"N",0.26,0,0,0,0,0,0,0,"N",-1,-25.0,0,0,0,0,0,0,0,0,0,0,0,0,0,0
"13097","5","54182","77","0","2023","4","",3,4,9,9,117656,29753,803,1234,"",0.66,0.19,0.41,0.41,0.19,1.27,3.28,0.55,"N",1,50.0,0,0,0,0,0,0,0,0,0,0,0,0,0,0
"13097","5","541820","78","0","2023","4","",3,4,9,9,117656,29753,803,1234,"",0.66,0.19,0.41,0.41,0.19,1.27,3.28,0.55,"N",1,50.0,0,0,0,0,0,0,0,0,0,0,0,0,0,0
"13097","5","54185","77","0","2023","4","N",1,0,0,0,0,0,0,0,"N",1.09,0,0,0,0,0,0,0,"N",0,0.0,0,0,0,0,0,0,0,0,0,0,0,0,0,0
"13097","5","541850","78","0","2023","4","N",1,0,0,0,0,0,0,0,"N",1.09,0,0,0,0,0,0,0,"N",0,0.0,0,0,0,0,0,0,0,0,0,0,0,0,0,0
"13097","5","54189","77","0","2023","4","N",1,0,0,0,0,0,0,0,"N",0.32,0,0,0,0,0,0,0,"N",-3,-75.0,0,0,0,0,0,0,0,0,0,0,0,0,0,0
"13097","5","541890","78","0","2023","4","N",1,0,0,0,0,0,0,0,"N",0.32,0,0,0,0,0,0,0,"N",-3,-75.0,0,0,0,0,0,0,0,0,0,0,0,0,0,0
"13097","5","5419","76","0","2023","4","",19,157,154,154,1760986,225903,2410,874,"",0.46,0.55,0.53,0.52,0.41,0.48,0.59,0.77,"",-1,-5.0,27,20.8,25,19.4,26,20.3,379117,27.4,51683,29.7,1280,113.3,50,6.1
"13097","5","54191","77","0","2023","4","N",1,0,0,0,0,0,0,0,"N",0.31,0,0,0,0,0,0,0,"N",1,100.0,0,0,0,0,0,0,0,0,0,0,0,0,0,0
"13097","5","541910","78","0","2023","4","N",1,0,0,0,0,0,0,0,"N",0.31,0,0,0,0,0,0,0,"N",1,100.0,0,0,0,0,0,0,0,0,0,0,0,0,0,0
"13097","5","54192","77","0","2023","4","N",1,0,0,0,0,0,0,0,"N",0.20,0,0,0,0,0,0,0,"N",0,0.0,0,0,0,0,0,0,0,0,0,0,0,0,0,0
"13097","5","541921","78","0","2023","4","N",1,0,0,0,0,0,0,0,"N",0.28,0,0,0,0,0,0,0,"N",0,0.0,0,0,0,0,0,0,0,0,0,0,0,0,0,0
"13097","5","54194","77","0","2023","4","",11,125,123,127,1341337,181832,1239,825,"",1.04,0.83,0.80,0.82,0.80,0.72,0.74,0.98,"",-2,-15.4,2,1.6,1,0.8,6,5.0,61985,4.8,15729,9.5,303,32.4,18,2.2
"13097","5","541940","78","0","2023","4","",11,125,123,127,1341337,181832,1239,825,"",1.04,0.83,0.80,0.82,0.80,0.72,0.74,0.98,"",-2,-15.4,2,1.6,1,0.8,6,5.0,61985,4.8,15729,9.5,303,32.4,18,2.2
"13097","5","54199","77","0","2023","4","",6,27,27,23,370591,43825,1164,1111,"",0.29,0.33,0.33,0.28,0.21,0.32,0.80,0.67,"N",1,20.0,0,0,0,0,0,0,0,0,0,0,0,0,0,0
"13097","5","541990","78","0","2023","4","",6,27,27,23,370591,43825,1164,1111,"",0.29,0.33,0.33,0.28,0.21,0.32,0.80,0.67,"N",1,20.0,0,0,0,0,0,0,0,0,0,0,0,0,0,0
"13097","5","55","74","0","2023","4","",7,143,126,145,2557610,176869,686,1426,"",0.24,0.17,0.15,0.17,0.11,0.13,0.07,0.67,"",-2,-22.2,-14,-8.9,-36,-22.2,-13,-8.2,-521995,-17.0,-65807,-27.1,-132,-16.1,-64,-4.3
"13097","5","551","75","0","2023","4","",7,143,126,145,2557610,176869,686,1426,"",0.24,0.17,0.15,0.17,0.11,0.13,0.07,0.67,"",-2,-22.2,-14,-8.9,-36,-22.2,-13,-8.2,-521995,-17.0,-65807,-27.1,-132,-16.1,-64,-4.3
"13097","5","5511","76","0","2023","4","",7,143,126,145,2557610,176869,686,1426,"",0.24,0.17,0.15,0.17,0.11,0.13,0.07,0.67,"",-2,-22.2,-14,-8.9,-36,-22.2,-13,-8.2,-521995,-17.0,-65807,-27.1,-132,-16.1,-64,-4.3
"13097","5","55111","77","0","2023","4","",7,143,126,145,2557610,176869,686,1426,"",0.24,0.17,0.15,0.17,0.11,0.13,0.07,0.67,"",-2,-22.2,-14,-8.9,-36,-22.2,-13,-8.2,-521995,-17.0,-65807,-27.1,-132,-16.1,-64,-4.3
"13097","5","551111","78","0","2023","4","N",1,0,0,0,0,0,0,0,"N",3.38,0,0,0,0,0,0,0,"N",-1,-50.0,0,0,0,0,0,0,0,0,0,0,0,0,0,0
"13097","5","551112","78","0","2023","4","N",3,0,0,0,0,0,0,0,"N",0.70,0,0,0,0,0,0,0,"N",1,50.0,0,0,0,0,0,0,0,0,0,0,0,0,0,0
"13097","5","551114","78","0","2023","4","N",3,0,0,0,0,0,0,0,"N",0.12,0,0,0,0,0,0,0,"N",-2,-40.0,0,0,0,0,0,0,0,0,0,0,0,0,0,0
"13097","5","56","74","0","2023","4","",190,4965,5038,5102,51889681,12559743,88267,793,"",0.92,1.60,1.61,1.65,1.48,1.85,1.22,0.92,"",-6,-3.1,1812,57.5,2144,74.1,2122,71.2,21468168,70.6,3628608,40.6,-23712,-21.2,15,1.9
"13097","5","561","75","0","2023","4","",172,4714,4788,4841,47621741,12308444,85445,766,"",0.88,1.61,1.62,1.66,1.47,1.88,1.22,0.90,"",-7,-3.9,1731,58.0,2066,75.9,2028,72.1,19673628,70.4,3757659,43.9,-19975,-18.9,9,1.2
"13097","5","5611","76","0","2023","4","N",3,0,0,0,0,0,0,0,"N",0.12,0,0,0,0,0,0,0,"N",-1,-25.0,0,0,0,0,0,0,0,0,0,0,0,0,0,0
"13097","5","56111","77","0","2023","4","N",3,0,0,0,0,0,0,0,"N",0.12,0,0,0,0,0,0,0,"N",-1,-25.0,0,0,0,0,0,0,0,0,0,0,0,0,0,0
"13097","5","561110","78","0","2023","4","N",3,0,0,0,0,0,0,0,"N",0.12,0,0,0,0,0,0,0,"N",-1,-25.0,0,0,0,0,0,0,0,0,0,0,0,0,0,0
"13097","5","5612","76","0","2023","4","N",2,0,0,0,0,0,0,0,"N",0.85,0,0,0,0,0,0,0,"N",0,0.0,0,0,0,0,0,0,0,0,0,0,0,0,0,0
"13097","5","56121","77","0","2023","4","N",2,0,0,0,0,0,0,0,"N",0.85,0,0,0,0,0,0,0,"N",0,0.0,0,0,0,0,0,0,0,0,0,0,0,0,0,0
"13097","5","561210","78","0","2023","4","N",2,0,0,0,0,0,0,0,"N",0.85,0,0,0,0,0,0,0,"N",0,0.0,0,0,0,0,0,0,0,0,0,0,0,0,0,0
"13097","5","5613","76","0","2023","4","",62,3961,4080,4090,36517105,11594168,71690,695,"",1.31,3.39,3.42,3.46,2.91,3.31,1.84,0.85,"",-4,-6.1,1788,82.3,2054,101.4,1992,94.9,18121056,98.5,3978729,52.2,-14732,-17.0,21,3.1
"13097","5","56131","77","0","2023","4","N",7,0,0,0,0,0,0,0,"N",0.64,0,0,0,0,0,0,0,"N",0,0.0,0,0,0,0,0,0,0,0,0,0,0,0,0,0
"13097","5","561311","78","0","2023","4","N",6,0,0,0,0,0,0,0,"N",0.75,0,0,0,0,0,0,0,"N",0,0.0,0,0,0,0,0,0,0,0,0,0,0,0,0,0
"13097","5","561312","78","0","2023","4","N",1,0,0,0,0,0,0,0,"N",0.35,0,0,0,0,0,0,0,"N",0,0.0,0,0,0,0,0,0,0,0,0,0,0,0,0,0
"13097","5","56132","77","0","2023","4","",36,2872,3038,3041,25857946,9396595,47936,667,"",1.21,3.13,3.24,3.29,2.94,3.19,1.47,0.91,"",-3,-7.7,1512,111.2,1802,145.8,1766,138.5,14802578,133.9,3789437,67.6,-1767,-3.6,8,1.2
"13097","5","561320","78","0","2023","4","",36,2872,3038,3041,25857946,9396595,47936,667,"",1.21,3.13,3.24,3.29,2.94,3.19,1.47,0.91,"",-3,-7.7,1512,111.2,1802,145.8,1766,138.5,14802578,133.9,3789437,67.6,-1767,-3.6,8,1.2
"13097","5","56133","77","0","2023","4","N",19,0,0,0,0,0,0,0,"N",2.91,0,0,0,0,0,0,0,"N",-1,-5.0,0,0,0,0,0,0,0,0,0,0,0,0,0,0
"13097","5","561330","78","0","2023","4","N",19,0,0,0,0,0,0,0,"N",2.91,0,0,0,0,0,0,0,"N",-1,-5.0,0,0,0,0,0,0,0,0,0,0,0,0,0,0
"13097","5","5614","76","0","2023","4","",13,56,53,52,528765,66295,1407,758,"",0.70,0.23,0.22,0.21,0.18,0.17,0.39,0.81,"",-1,-7.1,0,0.0,-2,-3.6,4,8.3,180810,52.0,-7388,-10.0,319,29.3,253,50.1
"13097","5","56141","77","0","2023","4","N",1,0,0,0,0,0,0,0,"N",0.42,0,0,0,0,0,0,0,"N",-1,-50.0,0,0,0,0,0,0,0,0,0,0,0,0,0,0
"13097","5","561410","78","0","2023","4","N",1,0,0,0,0,0,0,0,"N",0.42,0,0,0,0,0,0,0,"N",-1,-50.0,0,0,0,0,0,0,0,0,0,0,0,0,0,0
"13097","5","56142","77","0","2023","4","N",3,0,0,0,0,0,0,0,"N",0.65,0,0,0,0,0,0,0,"N",1,50.0,0,0,0,0,0,0,0,0,0,0,0,0,0,0
"13097","5","561422","78","0","2023","4","N",3,0,0,0,0,0,0,0,"N",0.81,0,0,0,0,0,0,0,"N",1,50.0,0,0,0,0,0,0,0,0,0,0,0,0,0,0
"13097","5","56143","77","0","2023","4","",7,18,18,19,144759,22448,464,607,"",2.00,0.70,0.68,0.70,0.60,0.51,1.23,0.86,"",0,0.0,0,0.0,-1,-5.3,1,5.6,5646,4.1,-13702,-37.9,-123,-21.0,23,3.9
"13097","5","561431","78","0","2023","4","N",4,0,0,0,0,0,0,0,"N",2.36,0,0,0,0,0,0,0,"N",1,33.3,0,0,0,0,0,0,0,0,0,0,0,0,0,0
"13097","5","561439","78","0","2023","4","N",3,0,0,0,0,0,0,0,"N",1.67,0,0,0,0,0,0,0,"N",-1,-25.0,0,0,0,0,0,0,0,0,0,0,0,0,0,0
"13097","5","56149","77","0","2023","4","N",2,0,0,0,0,0,0,0,"N",0.35,0,0,0,0,0,0,0,"N",0,0.0,0,0,0,0,0,0,0,0,0,0,0,0,0,0
"13097","5","561492","78","0","2023","4","N",1,0,0,0,0,0,0,0,"N",1.02,0,0,0,0,0,0,0,"N",0,0.0,0,0,0,0,0,0,0,0,0,0,0,0,0,0
"13097","5","561499","78","0","2023","4","N",1,0,0,0,0,0,0,0,"N",0.22,0,0,0,0,0,0,0,"N",0,0.0,0,0,0,0,0,0,0,0,0,0,0,0,0,0
"13097","5","5615","76","0","2023","4","N",2,0,0,0,0,0,0,0,"N",0.30,0,0,0,0,0,0,0,"N",1,100.0,0,0,0,0,0,0,0,0,0,0,0,0,0,0
"13097","5","56151","77","0","2023","4","N",1,0,0,0,0,0,0,0,"N",0.25,0,0,0,0,0,0,0,"N",0,0.0,0,0,0,0,0,0,0,0,0,0,0,0,0,0
"13097","5","561510","78","0","2023","4","N",1,0,0,0,0,0,0,0,"N",0.25,0,0,0,0,0,0,0,"N",0,0.0,0,0,0,0,0,0,0,0,0,0,0,0,0,0
"13097","5","56159","77","0","2023","4","N",1,0,0,0,0,0,0,0,"N",0.58,0,0,0,0,0,0,0,"N",1,100.0,0,0,0,0,0,0,0,0,0,0,0,0,0,0
"13097","5","561599","78","0","2023","4","N",1,0,0,0,0,0,0,0,"N",0.70,0,0,0,0,0,0,0,"N",1,100.0,0,0,0,0,0,0,0,0,0,0,0,0,0,0
"13097","5","5616","76","0","2023","4","",12,37,36,64,793348,21809,257,1336,"",1.02,0.11,0.11,0.19,0.26,0.03,0.04,1.91,"",2,20.0,-24,-39.3,-26,-41.9,3,4.9,-40363,-4.8,-50691,-69.9,-639,-71.3,290,27.7
"13097","5","56161","77","0","2023","4","",7,12,12,40,256939,12309,166,926,"",0.98,0.04,0.04,0.14,0.11,0.02,0.03,1.53,"",1,16.7,-24,-66.7,-25,-67.6,5,14.3,-172584,-40.2,-39991,-76.5,-437,-72.5,8,0.9
"13097","5","561611","78","0","2023","4","N",1,0,0,0,0,0,0,0,"N",0.58,0,0,0,0,0,0,0,"N",0,0.0,0,0,0,0,0,0,0,0,0,0,0,0,0,0
"13097","5","561612","78","0","2023","4","N",6,0,0,0,0,0,0,0,"N",1.16,0,0,0,0,0,0,0,"N",1,20.0,0,0,0,0,0,0,0,0,0,0,0,0,0,0
"13097","5","56162","77","0","2023","4","",5,25,24,24,536409,9500,91,1696,"",1.09,0.48,0.46,0.45,0.65,0.13,0.15,1.40,"",1,25.0,0,0.0,-1,-4.0,-2,-7.7,132221,32.7,-10700,-53.0,-202,-68.9,469,38.2
"13097","5","561621","78","0","2023","4","N",3,0,0,0,0,0,0,0,"N",0.91,0,0,0,0,0,0,0,"N",1,50.0,0,0,0,0,0,0,0,0,0,0,0,0,0,0
"13097","5","561622","78","0","2023","4","N",2,0,0,0,0,0,0,0,"N",1.56,0,0,0,0,0,0,0,"N",0,0.0,0,0,0,0,0,0,0,0,0,0,0,0,0,0
"13097","5","5617","76","0","2023","4","",68,304,307,299,2707727,297907,3313,687,"",0.90,0.40,0.41,0.42,0.43,0.22,0.23,1.05,"",-5,-6.8,-36,-10.6,-12,-3.8,-9,-2.9,-6888,-0.3,-135373,-31.2,-5102,-60.6,39,6.0
"13097","5","56171","77","0","2023","4","N",4,0,0,0,0,0,0,0,"N",0.76,0,0,0,0,0,0,0,"N",-1,-20.0,0,0,0,0,0,0,0,0,0,0,0,0,0,0
"13097","5","561710","78","0","2023","4","N",4,0,0,0,0,0,0,0,"N",0.76,0,0,0,0,0,0,0,"N",-1,-20.0,0,0,0,0,0,0,0,0,0,0,0,0,0,0
"13097","5","56172","77","0","2023","4","",26,91,94,86,690742,91374,1075,588,"",1.04,0.26,0.27,0.24,0.30,0.14,0.20,1.17,"",-4,-13.3,-18,-16.5,0,0.0,-5,-5.5,-199690,-22.4,-90751,-49.8,-3004,-73.6,-111,-15.9
"13097","5","561720","78","0","2023","4","",26,91,94,86,690742,91374,1075,588,"",1.04,0.26,0.27,0.24,0.30,0.14,0.20,1.17,"",-4,-13.3,-18,-16.5,0,0.0,-5,-5.5,-199690,-22.4,-90751,-49.8,-3004,-73.6,-111,-15.9
"13097","5","56173","77","0","2023","4","",28,162,161,161,1543596,167130,1759,736,"",0.76,0.53,0.55,0.60,0.53,0.30,0.24,0.95,"",-2,-6.7,-15,-8.5,-10,-5.8,-3,-1.8,183599,13.5,-21918,-11.6,-1441,-45.0,123,20.1
"13097","5","561730","78","0","2023","4","",28,162,161,161,1543596,167130,1759,736,"",0.76,0.53,0.55,0.60,0.53,0.30,0.24,0.95,"",-2,-6.7,-15,-8.5,-10,-5.8,-3,-1.8,183599,13.5,-21918,-11.6,-1441,-45.0,123,20.1
"13097","5","56174","77","0","2023","4","",5,25,25,26,251500,18887,100,764,"",2.33,2.04,2.03,2.12,2.20,0.81,0.49,1.07,"",0,0.0,-3,-10.7,1,4.2,4,18.2,48235,23.7,-21942,-53.7,-771,-88.5,130,20.5
"13097","5","561740","78","0","2023","4","",5,25,25,26,251500,18887,100,764,"",2.33,2.04,2.03,2.12,2.20,0.81,0.49,1.07,"",0,0.0,-3,-10.7,1,4.2,4,18.2,48235,23.7,-21942,-53.7,-771,-88.5,130,20.5
"13097","5","56179","77","0","2023","4","N",5,0,0,0,0,0,0,0,"N",0.81,0,0,0,0,0,0,0,"N",2,66.7,0,0,0,0,0,0,0,0,0,0,0,0,0,0
"13097","5","561790","78","0","2023","4","N",5,0,0,0,0,0,0,0,"N",0.81,0,0,0,0,0,0,0,"N",2,66.7,0,0,0,0,0,0,0,0,0,0,0,0,0,0
"13097","5","5619","76","0","2023","4","",10,253,205,230,4499212,258660,7929,1509,"",1.00,2.25,1.83,2.07,3.23,1.23,3.05,1.57,"",1,11.1,-13,-4.9,24,13.3,11,5.0,336353,8.1,3577,1.4,958,13.7,67,4.6
"13097","5","56192","77","0","2023","4","",5,171,118,153,3395890,152236,6930,1773,"",2.13,8.85,6.39,8.85,11.97,3.87,9.76,1.49,"N",0,0.0,0,0,0,0,0,0,0,0,0,0,0,0,0,0
"13097","5","561920","78","0","2023","4","",5,171,118,153,3395890,152236,6930,1773,"",2.13,8.85,6.39,8.85,11.97,3.87,9.76,1.49,"N",0,0.0,0,0,0,0,0,0,0,0,0,0,0,0,0,0
"13097","5","56199","77","0","2023","4","",5,82,87,77,1103322,106424,999,1035,"",0.74,1.13,1.21,1.07,1.28,0.79,0.64,1.13,"N",1,25.0,0,0,0,0,0,0,0,0,0,0,0,0,0,0
"13097","5","561990","78","0","2023","4","",5,82,87,77,1103322,106424,999,1035,"",0.74,1.13,1.21,1.07,1.28,0.79,0.64,1.13,"N",1,25.0,0,0,0,0,0,0,0,0,0,0,0,0,0,0
"13097","5","562","75","0","2023","4","",18,251,250,261,4267940,251299,2822,1293,"",1.66,1.53,1.51,1.56,1.69,0.98,1.09,1.10,"",1,5.9,81,47.6,78,45.3,94,56.3,1794540,72.6,-129051,-33.9,-3737,-57.0,172,15.3
"13097","5","5621","76","0","2023","4","",11,206,207,211,3371427,196928,2766,1247,"",2.63,2.95,2.93,2.97,3.41,1.89,3.15,1.16,"",0,0.0,63,44.1,66,46.8,68,47.6,1357184,67.4,-133054,-40.3,-3355,-54.8,158,14.5
"13097","5","56211","77","0","2023","4","",11,206,207,211,3371427,196928,2766,1247,"",2.63,2.95,2.93,2.97,3.41,1.89,3.15,1.16,"",0,0.0,63,44.1,66,46.8,68,47.6,1357184,67.4,-133054,-40.3,-3355,-54.8,158,14.5
"13097","5","562111","78","0","2023","4","N",9,0,0,0,0,0,0,0,"N",2.79,0,0,0,0,0,0,0,"N",-1,-10.0,0,0,0,0,0,0,0,0,0,0,0,0,0,0
"13097","5","562119","78","0","2023","4","N",2,0,0,0,0,0,0,0,"N",2.78,0,0,0,0,0,0,0,"N",1,100.0,0,0,0,0,0,0,0,0,0,0,0,0,0,0
"13097","5","5629","76","0","2023","4","",7,45,43,50,896513,54371,56,1499,"",1.33,0.76,0.72,0.83,0.97,0.49,0.04,1.27,"",1,16.7,18,66.7,12,38.7,26,108.3,437356,95.3,4003,7.9,-382,-87.2,207,16.0
"13097","5","56291","77","0","2023","4","N",1,0,0,0,0,0,0,0,"N",0.38,0,0,0,0,0,0,0,"N",0,0.0,0,0,0,0,0,0,0,0,0,0,0,0,0,0
"13097","5","562910","78","0","2023","4","N",1,0,0,0,0,0,0,0,"N",0.38,0,0,0,0,0,0,0,"N",0,0.0,0,0,0,0,0,0,0,0,0,0,0,0,0,0
"13097","5","56292","77","0","2023","4","N",1,0,0,0,0,0,0,0,"N",1.95,0,0,0,0,0,0,0,"N",0,0.0,0,0,0,0,0,0,0,0,0,0,0,0,0,0
"13097","5","562920","78","0","2023","4","N",1,0,0,0,0,0,0,0,"N",1.95,0,0,0,0,0,0,0,"N",0,0.0,0,0,0,0,0,0,0,0,0,0,0,0,0,0
"13097","5","56299","77","0","2023","4","",5,19,19,19,278193,13441,31,1126,"",2.36,1.00,1.00,1.00,1.07,0.40,0.09,1.07,"",1,25.0,5,35.7,4,26.7,12,171.4,135579,95.1,291,2.2,-12,-27.9,212,23.2
"13097","5","562991","78","0","2023","4","N",3,0,0,0,0,0,0,0,"N",2.24,0,0,0,0,0,0,0,"N",0,0.0,0,0,0,0,0,0,0,0,0,0,0,0,0,0
"13097","5","562998","78","0","2023","4","N",2,0,0,0,0,0,0,0,"N",2.58,0,0,0,0,0,0,0,"N",1,100.0,0,0,0,0,0,0,0,0,0,0,0,0,0,0
"13097","5","61","74","0","2023","4","",33,352,357,346,4067754,380621,4507,890,"",0.67,0.33,0.33,0.32,0.31,0.47,0.65,0.95,"",-1,-2.9,-19,-5.1,-8,-2.2,-13,-3.6,92928,2.3,-106884,-21.9,-395,-8.1,52,6.2
"13097","5","611","75","0","2023","4","",33,352,357,346,4067754,380621,4507,890,"",0.67,0.33,0.33,0.32,0.31,0.47,0.65,0.95,"",-1,-2.9,-19,-5.1,-8,-2.2,-13,-3.6,92928,2.3,-106884,-21.9,-395,-8.1,52,6.2
"13097","5","6111","76","0","2023","4","",6,224,225,215,2667566,160365,2665,927,"",0.93,0.70,0.69,0.66,0.80,0.58,1.31,1.17,"",-1,-14.3,10,4.7,11,5.1,6,2.9,431207,19.3,-76247,-32.2,-513,-16.1,117,14.4
"13097","5","61111","77","0","2023","4","",6,224,225,215,2667566,160365,2665,927,"",0.93,0.70,0.69,0.66,0.80,0.58,1.31,1.17,"",-1,-14.3,10,4.7,11,5.1,6,2.9,431207,19.3,-76247,-32.2,-513,-16.1,117,14.4
"13097","5","611110","78","0","2023","4","",6,224,225,215,2667566,160365,2665,927,"",0.93,0.70,0.69,0.66,0.80,0.58,1.31,1.17,"",-1,-14.3,10,4.7,11,5.1,6,2.9,431207,19.3,-76247,-32.2,-513,-16.1,117,14.4
"13097","5","6113","76","0","2023","4","N",1,0,0,0,0,0,0,0,"N",0.24,0,0,0,0,0,0,0,"N",0,0.0,0,0,0,0,0,0,0,0,0,0,0,0,0,0
"13097","5","61131","77","0","2023","4","N",1,0,0,0,0,0,0,0,"N",0.24,0,0,0,0,0,0,0,"N",0,0.0,0,0,0,0,0,0,0,0,0,0,0,0,0,0
"13097","5","611310","78","0","2023","4","N",1,0,0,0,0,0,0,0,"N",0.24,0,0,0,0,0,0,0,"N",0,0.0,0,0,0,0,0,0,0,0,0,0,0,0,0,0
"13097","5","6114","76","0","2023","4","",3,5,6,6,18274,3470,8,248,"",0.52,0.19,0.23,0.23,0.04,0.11,0.02,0.16,"N",1,50.0,0,0,0,0,0,0,0,0,0,0,0,0,0,0
"13097","5","61142","77","0","2023","4","N",2,0,0,0,0,0,0,0,"N",1.54,0,0,0,0,0,0,0,"N",0,0.0,0,0,0,0,0,0,0,0,0,0,0,0,0,0
"13097","5","611420","78","0","2023","4","N",2,0,0,0,0,0,0,0,"N",1.54,0,0,0,0,0,0,0,"N",0,0.0,0,0,0,0,0,0,0,0,0,0,0,0,0,0
"13097","5","61143","77","0","2023","4","N",1,0,0,0,0,0,0,0,"N",0.23,0,0,0,0,0,0,0,"N",1,100.0,0,0,0,0,0,0,0,0,0,0,0,0,0,0
"13097","5","611430","78","0","2023","4","N",1,0,0,0,0,0,0,0,"N",0.23,0,0,0,0,0,0,0,"N",1,100.0,0,0,0,0,0,0,0,0,0,0,0,0,0,0
"13097","5","6115","76","0","2023","4","N",4,0,0,0,0,0,0,0,"N",1.09,0,0,0,0,0,0,0,"N",1,33.3,0,0,0,0,0,0,0,0,0,0,0,0,0,0
"13097","5","61151","77","0","2023","4","N",4,0,0,0,0,0,0,0,"N",1.09,0,0,0,0,0,0,0,"N",1,33.3,0,0,0,0,0,0,0,0,0,0,0,0,0,0
"13097","5","611519","78","0","2023","4","N",4,0,0,0,0,0,0,0,"N",1.96,0,0,0,0,0,0,0,"N",1,33.3,0,0,0,0,0,0,0,0,0,0,0,0,0,0
"13097","5","6116","76","0","2023","4","",16,78,80,79,669025,127279,648,651,"",0.82,0.46,0.46,0.46,0.71,0.52,0.29,1.53,"",-1,-5.9,-25,-24.3,-18,-18.4,-21,-21.0,-332115,-33.2,-67698,-34.7,186,40.3,-117,-15.2
"13097","5","61161","77","0","2023","4","",3,22,22,23,80675,34399,249,278,"",0.63,0.54,0.53,0.56,0.42,0.62,0.51,0.78,"",-1,-25.0,0,0.0,1,4.8,3,15.0,22370,38.4,19109,125.0,84,50.9,64,29.9
"13097","5","611610","78","0","2023","4","",3,22,22,23,80675,34399,249,278,"",0.63,0.54,0.53,0.56,0.42,0.62,0.51,0.78,"",-1,-25.0,0,0.0,1,4.8,3,15.0,22370,38.4,19109,125.0,84,50.9,64,29.9
"13097","5","61162","77","0","2023","4","",7,29,29,27,340220,65582,383,924,"",1.12,0.52,0.51,0.47,1.25,0.82,0.57,2.51,"",1,16.7,4,16.0,6,26.1,2,8.0,27275,8.7,2973,4.7,226,143.9,-65,-6.6
"13097","5","611620","78","0","2023","4","",7,29,29,27,340220,65582,383,924,"",1.12,0.52,0.51,0.47,1.25,0.82,0.57,2.51,"",1,16.7,4,16.0,6,26.1,2,8.0,27275,8.7,2973,4.7,226,143.9,-65,-6.6
"13097","5","61169","77","0","2023","4","",6,27,29,29,248130,27298,16,674,"",0.75,0.41,0.43,0.43,0.56,0.27,0.02,1.31,"",-1,-14.3,-29,-51.8,-25,-46.3,-26,-47.3,-381760,-60.6,-89780,-76.7,-124,-88.6,-207,-23.5
"13097","5","611691","78","0","2023","4","N",3,0,0,0,0,0,0,0,"N",0.87,0,0,0,0,0,0,0,"N",0,0.0,0,0,0,0,0,0,0,0,0,0,0,0,0,0
"13097","5","611692","78","0","2023","4","N",1,0,0,0,0,0,0,0,"N",1.20,0,0,0,0,0,0,0,"N",0,0.0,0,0,0,0,0,0,0,0,0,0,0,0,0,0
"13097","5","611699","78","0","2023","4","N",2,0,0,0,0,0,0,0,"N",0.54,0,0,0,0,0,0,0,"N",-1,-33.3,0,0,0,0,0,0,0,0,0,0,0,0,0,0
"13097","5","6117","76","0","2023","4","N",3,0,0,0,0,0,0,0,"N",0.32,0,0,0,0,0,0,0,"N",-1,-25.0,0,0,0,0,0,0,0,0,0,0,0,0,0,0
"13097","5","61171","77","0","2023","4","N",3,0,0,0,0,0,0,0,"N",0.32,0,0,0,0,0,0,0,"N",-1,-25.0,0,0,0,0,0,0,0,0,0,0,0,0,0,0
"13097","5","611710","78","0","2023","4","N",3,0,0,0,0,0,0,0,"N",0.32,0,0,0,0,0,0,0,"N",-1,-25.0,0,0,0,0,0,0,0,0,0,0,0,0,0,0
"13097","5","62","74","0","2023","4","",361,5156,5203,5198,85368946,6059537,50263,1266,"",0.62,0.73,0.72,0.72,0.93,0.75,0.74,1.29,"",2,0.6,461,9.8,474,10.0,491,10.4,6546776,8.3,1595171,35.7,4461,9.7,-21,-1.6
"13097","5","621","75","0","2023","4","",256,3372,3404,3404,66775842,1951556,21818,1514,"",1.18,1.20,1.19,1.18,1.51,0.51,0.69,1.27,"",1,0.4,228,7.3,283,9.1,350,11.5,5986993,9.8,42220,2.2,1398,6.8,9,0.6
"13097","5","6211","76","0","2023","4","",75,1982,2013,1982,48132259,466482,2893,1858,"",1.05,2.07,2.06,2.01,2.17,0.44,0.34,1.06,"",-1,-1.3,168,9.3,227,12.7,211,11.9,4465604,10.2,134926,40.7,-1648,-36.3,-18,-1.0
"13097","5","62111","77","0","2023","4","",75,1982,2013,1982,48132259,466482,2893,1858,"",1.05,2.07,2.06,2.01,2.17,0.44,0.34,1.06,"",-1,-1.3,168,9.3,227,12.7,211,11.9,4465604,10.2,134926,40.7,-1648,-36.3,-18,-1.0
"13097","5","621111","78","0","2023","4","N",74,0,0,0,0,0,0,0,"N",1.11,0,0,0,0,0,0,0,"N",-1,-1.3,0,0,0,0,0,0,0,0,0,0,0,0,0,0
"13097","5","621112","78","0","2023","4","N",1,0,0,0,0,0,0,0,"N",0.22,0,0,0,0,0,0,0,"N",0,0.0,0,0,0,0,0,0,0,0,0,0,0,0,0,0
"13097","5","6212","76","0","2023","4","",44,380,387,404,5222749,615701,8331,1029,"",1.07,1.12,1.12,1.16,1.13,1.04,1.88,0.99,"",0,0.0,9,2.4,10,2.7,45,12.5,310331,6.3,124945,25.5,3354,67.4,5,0.5
"13097","5","62121","77","0","2023","4","",44,380,387,404,5222749,615701,8331,1029,"",1.07,1.12,1.12,1.16,1.13,1.04,1.88,0.99,"",0,0.0,9,2.4,10,2.7,45,12.5,310331,6.3,124945,25.5,3354,67.4,5,0.5
"13097","5","621210","78","0","2023","4","",44,380,387,404,5222749,615701,8331,1029,"",1.07,1.12,1.12,1.16,1.13,1.04,1.88,0.99,"",0,0.0,9,2.4,10,2.7,45,12.5,310331,6.3,124945,25.5,3354,67.4,5,0.5
"13097","5","6213","76","0","2023","4","",60,272,265,248,3066260,344331,2683,901,"",1.02,0.70,0.67,0.62,0.75,0.50,0.46,1.12,"",-2,-3.2,25,10.1,19,7.7,22,9.7,316475,11.5,-29148,-7.8,400,17.5,18,2.0
"13097","5","62131","77","0","2023","4","",20,72,68,72,818065,56651,618,890,"",1.68,1.49,1.39,1.46,1.91,0.62,0.99,1.32,"",0,0.0,-2,-2.7,-5,-6.8,-5,-6.5,28903,3.7,-46566,-45.1,-222,-26.4,77,9.5
"13097","5","621310","78","0","2023","4","",20,72,68,72,818065,56651,618,890,"",1.68,1.49,1.39,1.46,1.91,0.62,0.99,1.32,"",0,0.0,-2,-2.7,-5,-6.8,-5,-6.5,28903,3.7,-46566,-45.1,-222,-26.4,77,9.5
"13097","5","62132","77","0","2023","4","N",5,0,0,0,0,0,0,0,"N",0.78,0,0,0,0,0,0,0,"N",-1,-16.7,0,0,0,0,0,0,0,0,0,0,0,0,0,0
"13097","5","621320","78","0","2023","4","N",5,0,0,0,0,0,0,0,"N",0.78,0,0,0,0,0,0,0,"N",-1,-16.7,0,0,0,0,0,0,0,0,0,0,0,0,0,0
"13097","5","62133","77","0","2023","4","N",9,0,0,0,0,0,0,0,"N",0.72,0,0,0,0,0,0,0,"N",2,28.6,0,0,0,0,0,0,0,0,0,0,0,0,0,0
"13097","5","621330","78","0","2023","4","N",9,0,0,0,0,0,0,0,"N",0.72,0,0,0,0,0,0,0,"N",2,28.6,0,0,0,0,0,0,0,0,0,0,0,0,0,0
"13097","5","62134","77","0","2023","4","",15,67,65,69,933684,76743,856,1072,"",1.00,0.43,0.41,0.43,0.57,0.30,0.41,1.37,"",-3,-16.7,13,24.1,10,18.2,13,23.2,133982,16.8,8565,12.6,387,82.5,-46,-4.1
"13097","5","621340","78","0","2023","4","",15,67,65,69,933684,76743,856,1072,"",1.00,0.43,0.41,0.43,0.57,0.30,0.41,1.37,"",-3,-16.7,13,24.1,10,18.2,13,23.2,133982,16.8,8565,12.6,387,82.5,-46,-4.1
"13097","5","62139","77","0","2023","4","",11,31,26,28,396551,41153,329,1077,"",0.85,0.50,0.41,0.44,0.51,0.36,0.31,1.13,"",0,0.0,4,14.8,-4,-13.3,-3,-9.7,11133,2.9,-16352,-28.4,-464,-58.5,66,6.5
"13097","5","621391","78","0","2023","4","",3,12,11,12,248752,26185,105,1640,"",1.49,1.09,0.99,1.06,1.76,1.51,0.73,1.68,"",0,0.0,0,0.0,-1,-8.3,-1,-7.7,9180,3.8,5252,25.1,47,81.0,146,9.8
"13097","5","621399","78","0","2023","4","",8,19,15,16,147799,14968,224,682,"",0.74,0.38,0.29,0.31,0.23,0.15,0.24,0.72,"",0,0.0,4,26.7,-3,-16.7,-2,-11.1,1953,1.3,-21604,-59.1,-511,-69.5,22,3.3
"13097","5","6214","76","0","2023","4","",12,100,107,118,2417924,113896,1319,1717,"",0.79,0.28,0.30,0.32,0.42,0.34,0.46,1.40,"",3,33.3,12,13.6,20,23.0,36,43.9,322867,15.4,-9669,-7.8,589,80.7,-164,-8.7
"13097","5","62142","77","0","2023","4","N",2,0,0,0,0,0,0,0,"N",0.41,0,0,0,0,0,0,0,"N",2,100.0,0,0,0,0,0,0,0,0,0,0,0,0,0,0
"13097","5","621420","78","0","2023","4","N",2,0,0,0,0,0,0,0,"N",0.41,0,0,0,0,0,0,0,"N",2,100.0,0,0,0,0,0,0,0,0,0,0,0,0,0,0
"13097","5","62149","77","0","2023","4","N",10,0,0,0,0,0,0,0,"N",1.07,0,0,0,0,0,0,0,"N",1,11.1,0,0,0,0,0,0,0,0,0,0,0,0,0,0
"13097","5","621491","78","0","2023","4","N",2,0,0,0,0,0,0,0,"N",2.26,0,0,0,0,0,0,0,"N",0,0.0,0,0,0,0,0,0,0,0,0,0,0,0,0,0
"13097","5","621492","78","0","2023","4","",5,63,68,71,1101610,75116,451,1259,"",2.08,1.50,1.59,1.64,1.77,1.40,1.34,1.12,"",0,0.0,-10,-13.7,-6,-8.1,2,2.9,-134797,-10.9,-39332,-34.4,-245,-35.2,-62,-4.7
"13097","5","621493","78","0","2023","4","N",1,0,0,0,0,0,0,0,"N",0.37,0,0,0,0,0,0,0,"N",0,0.0,0,0,0,0,0,0,0,0,0,0,0,0,0,0
"13097","5","621498","78","0","2023","4","N",2,0,0,0,0,0,0,0,"N",0.59,0,0,0,0,0,0,0,"N",1,100.0,0,0,0,0,0,0,0,0,0,0,0,0,0,0
"13097","5","6215","76","0","2023","4","",20,59,61,56,679598,43510,455,891,"",2.26,0.58,0.59,0.54,0.42,0.34,0.42,0.75,"",1,5.3,24,68.6,26,74.3,19,51.4,275260,68.1,7663,21.4,163,55.8,19,2.2
"13097","5","62151","77","0","2023","4","",20,59,61,56,679598,43510,455,891,"",2.26,0.58,0.59,0.54,0.42,0.34,0.42,0.75,"",1,5.3,24,68.6,26,74.3,19,51.4,275260,68.1,7663,21.4,163,55.8,19,2.2
"13097","5","621511","78","0","2023","4","N",17,0,0,0,0,0,0,0,"N",2.55,0,0,0,0,0,0,0,"N",0,0.0,0,0,0,0,0,0,0,0,0,0,0,0,0,0
"13097","5","621512","78","0","2023","4","N",3,0,0,0,0,0,0,0,"N",1.37,0,0,0,0,0,0,0,"N",1,50.0,0,0,0,0,0,0,0,0,0,0,0,0,0,0
"13097","5","6216","76","0","2023","4","",34,270,261,282,2509527,306619,5399,712,"",2.26,0.49,0.47,0.50,0.58,0.38,0.70,1.18,"",0,0.0,2,0.7,-6,-2.2,23,8.9,289959,13.1,-66840,-17.9,2,0.0,67,10.4
"13097","5","62161","77","0","2023","4","",34,270,261,282,2509527,306619,5399,712,"",2.26,0.49,0.47,0.50,0.58,0.38,0.70,1.18,"",0,0.0,2,0.7,-6,-2.2,23,8.9,289959,13.1,-66840,-17.9,2,0.0,67,10.4
"13097","5","621610","78","0","2023","4","",34,270,261,282,2509527,306619,5399,712,"",2.26,0.49,0.47,0.50,0.58,0.38,0.70,1.18,"",0,0.0,2,0.7,-6,-2.2,23,8.9,289959,13.1,-66840,-17.9,2,0.0,67,10.4
"13097","5","6219","76","0","2023","4","",11,309,310,314,4747525,61017,738,1174,"",1.78,2.68,2.64,2.65,3.15,0.39,0.56,1.19,"",0,0.0,-12,-3.7,-13,-4.0,-6,-1.9,6497,0.1,-119657,-66.2,-1462,-66.5,39,3.4
"13097","5","62191","77","0","2023","4","N",2,0,0,0,0,0,0,0,"N",1.14,0,0,0,0,0,0,0,"N",0,0.0,0,0,0,0,0,0,0,0,0,0,0,0,0,0
"13097","5","621910","78","0","2023","4","N",2,0,0,0,0,0,0,0,"N",1.14,0,0,0,0,0,0,0,"N",0,0.0,0,0,0,0,0,0,0,0,0,0,0,0,0,0
"13097","5","62199","77","0","2023","4","N",9,0,0,0,0,0,0,0,"N",2.04,0,0,0,0,0,0,0,"N",0,0.0,0,0,0,0,0,0,0,0,0,0,0,0,0,0
"13097","5","621991","78","0","2023","4","N",2,0,0,0,0,0,0,0,"N",2.77,0,0,0,0,0,0,0,"N",-1,-33.3,0,0,0,0,0,0,0,0,0,0,0,0,0,0
"13097","5","621999","78","0","2023","4","N",7,0,0,0,0,0,0,0,"N",1.90,0,0,0,0,0,0,0,"N",1,16.7,0,0,0,0,0,0,0,0,0,0,0,0,0,0
"13097","5","622","75","0","2023","4","N",1,0,0,0,0,0,0,0,"N",0.22,0,0,0,0,0,0,0,"N",0,0.0,0,0,0,0,0,0,0,0,0,0,0,0,0,0
"13097","5","6221","76","0","2023","4","N",1,0,0,0,0,0,0,0,"N",0.30,0,0,0,0,0,0,0,"N",0,0.0,0,0,0,0,0,0,0,0,0,0,0,0,0,0
"13097","5","62211","77","0","2023","4","N",1,0,0,0,0,0,0,0,"N",0.30,0,0,0,0,0,0,0,"N",0,0.0,0,0,0,0,0,0,0,0,0,0,0,0,0,0
"13097","5","622110","78","0","2023","4","N",1,0,0,0,0,0,0,0,"N",0.30,0,0,0,0,0,0,0,"N",0,0.0,0,0,0,0,0,0,0,0,0,0,0,0,0,0
"13097","5","623","75","0","2023","4","",16,916,913,911,10312107,3002415,12369,869,"",0.59,0.87,0.85,0.84,1.10,1.79,0.94,1.29,"",-1,-5.9,17,1.9,-2,-0.2,-2,-0.2,975690,10.5,1474195,96.5,1247,11.2,79,10.0
"13097","5","6231","76","0","2023","4","N",2,0,0,0,0,0,0,0,"N",0.33,0,0,0,0,0,0,0,"N",0,0.0,0,0,0,0,0,0,0,0,0,0,0,0,0,0
"13097","5","62311","77","0","2023","4","N",2,0,0,0,0,0,0,0,"N",0.33,0,0,0,0,0,0,0,"N",0,0.0,0,0,0,0,0,0,0,0,0,0,0,0,0,0
"13097","5","623110","78","0","2023","4","N",2,0,0,0,0,0,0,0,"N",0.33,0,0,0,0,0,0,0,"N",0,0.0,0,0,0,0,0,0,0,0,0,0,0,0,0,0
"13097","5","6232","76","0","2023","4","",4,144,135,133,1643113,119998,918,920,"",0.39,0.69,0.63,0.62,0.85,0.50,0.50,1.32,"",1,33.3,73,102.8,66,95.7,64,92.8,997204,154.4,62298,108.0,-41,-4.3,207,29.0
"13097","5","62321","77","0","2023","4","N",2,0,0,0,0,0,0,0,"N",0.28,0,0,0,0,0,0,0,"N",1,100.0,0,0,0,0,0,0,0,0,0,0,0,0,0,0
"13097","5","623210","78","0","2023","4","N",2,0,0,0,0,0,0,0,"N",0.28,0,0,0,0,0,0,0,"N",1,100.0,0,0,0,0,0,0,0,0,0,0,0,0,0,0
"13097","5","62322","77","0","2023","4","N",2,0,0,0,0,0,0,0,"N",0.67,0,0,0,0,0,0,0,"N",0,0.0,0,0,0,0,0,0,0,0,0,0,0,0,0,0
"13097","5","623220","78","0","2023","4","N",2,0,0,0,0,0,0,0,"N",0.67,0,0,0,0,0,0,0,"N",0,0.0,0,0,0,0,0,0,0,0,0,0,0,0,0,0
"13097","5","6233","76","0","2023","4","",8,153,151,155,1332536,293327,2286,670,"",0.92,0.49,0.47,0.48,0.55,0.51,0.49,1.14,"",-1,-11.1,-71,-31.7,-71,-32.0,-52,-25.1,-652303,-32.9,-155500,-34.6,-3701,-61.8,-31,-4.4
"13097","5","62331","77","0","2023","4","",8,153,151,155,1332536,293327,2286,670,"",0.92,0.49,0.47,0.48,0.55,0.51,0.49,1.14,"",-1,-11.1,-71,-31.7,-71,-32.0,-52,-25.1,-652303,-32.9,-155500,-34.6,-3701,-61.8,-31,-4.4
"13097","5","623311","78","0","2023","4","N",2,0,0,0,0,0,0,0,"N",0.92,0,0,0,0,0,0,0,"N",0,0.0,0,0,0,0,0,0,0,0,0,0,0,0,0,0
"13097","5","623312","78","0","2023","4","N",6,0,0,0,0,0,0,0,"N",0.92,0,0,0,0,0,0,0,"N",-1,-14.3,0,0,0,0,0,0,0,0,0,0,0,0,0,0
"13097","5","6239","76","0","2023","4","N",2,0,0,0,0,0,0,0,"N",0.89,0,0,0,0,0,0,0,"N",-1,-33.3,0,0,0,0,0,0,0,0,0,0,0,0,0,0
"13097","5","62399","77","0","2023","4","N",2,0,0,0,0,0,0,0,"N",0.89,0,0,0,0,0,0,0,"N",-1,-33.3,0,0,0,0,0,0,0,0,0,0,0,0,0,0
"13097","5","623990","78","0","2023","4","N",2,0,0,0,0,0,0,0,"N",0.89,0,0,0,0,0,0,0,"N",-1,-33.3,0,0,0,0,0,0,0,0,0,0,0,0,0,0
"13097","5","624","75","0","2023","4","N",88,0,0,0,0,0,0,0,"N",0.27,0,0,0,0,0,0,0,"N",2,2.3,0,0,0,0,0,0,0,0,0,0,0,0,0,0
"13097","5","6241","76","0","2023","4","",51,254,262,256,2010106,218810,4275,601,"",0.17,0.26,0.26,0.25,0.32,0.16,0.30,1.23,"N",3,6.2,0,0,0,0,0,0,0,0,0,0,0,0,0,0
"13097","5","62411","77","0","2023","4","N",4,0,0,0,0,0,0,0,"N",0.96,0,0,0,0,0,0,0,"N",0,0.0,0,0,0,0,0,0,0,0,0,0,0,0,0,0
"13097","5","624110","78","0","2023","4","N",4,0,0,0,0,0,0,0,"N",0.96,0,0,0,0,0,0,0,"N",0,0.0,0,0,0,0,0,0,0,0,0,0,0,0,0,0
"13097","5","62412","77","0","2023","4","",32,79,85,73,551667,161870,3792,537,"",0.11,0.11,0.11,0.10,0.14,0.15,0.34,1.31,"N",2,6.7,0,0,0,0,0,0,0,0,0,0,0,0,0,0
"13097","5","624120","78","0","2023","4","",32,79,85,73,551667,161870,3792,537,"",0.11,0.11,0.11,0.10,0.14,0.15,0.34,1.31,"N",2,6.7,0,0,0,0,0,0,0,0,0,0,0,0,0,0
"13097","5","62419","77","0","2023","4","N",15,0,0,0,0,0,0,0,"N",1.15,0,0,0,0,0,0,0,"N",1,7.1,0,0,0,0,0,0,0,0,0,0,0,0,0,0
"13097","5","624190","78","0","2023","4","N",15,0,0,0,0,0,0,0,"N",1.15,0,0,0,0,0,0,0,"N",1,7.1,0,0,0,0,0,0,0,0,0,0,0,0,0,0
"13097","5","6242","76","0","2023","4","N",6,0,0,0,0,0,0,0,"N",1.39,0,0,0,0,0,0,0,"N",0,0.0,0,0,0,0,0,0,0,0,0,0,0,0,0,0
"13097","5","62421","77","0","2023","4","N",1,0,0,0,0,0,0,0,"N",0.83,0,0,0,0,0,0,0,"N",0,0.0,0,0,0,0,0,0,0,0,0,0,0,0,0,0
"13097","5","624210","78","0","2023","4","N",1,0,0,0,0,0,0,0,"N",0.83,0,0,0,0,0,0,0,"N",0,0.0,0,0,0,0,0,0,0,0,0,0,0,0,0,0
"13097","5","62422","77","0","2023","4","N",3,0,0,0,0,0,0,0,"N",1.29,0,0,0,0,0,0,0,"N",0,0.0,0,0,0,0,0,0,0,0,0,0,0,0,0,0
"13097","5","624221","78","0","2023","4","N",2,0,0,0,0,0,0,0,"N",1.57,0,0,0,0,0,0,0,"N",0,0.0,0,0,0,0,0,0,0,0,0,0,0,0,0,0
"13097","5","624229","78","0","2023","4","N",1,0,0,0,0,0,0,0,"N",0.95,0,0,0,0,0,0,0,"N",0,0.0,0,0,0,0,0,0,0,0,0,0,0,0,0,0
"13097","5","62423","77","0","2023","4","N",2,0,0,0,0,0,0,0,"N",2.58,0,0,0,0,0,0,0,"N",0,0.0,0,0,0,0,0,0,0,0,0,0,0,0,0,0
"13097","5","624230","78","0","2023","4","N",2,0,0,0,0,0,0,0,"N",2.58,0,0,0,0,0,0,0,"N",0,0.0,0,0,0,0,0,0,0,0,0,0,0,0,0,0
"13097","5","6244","76","0","2023","4","",31,539,548,550,3756416,859766,11650,530,"",1.32,1.70,1.70,1.69,1.81,1.42,2.25,1.07,"",-1,-3.1,151,38.9,121,28.3,86,18.5,572671,18.0,77327,9.9,464,4.1,-44,-7.7
"13097","5","62441","77","0","2023","4","",31,539,548,550,3756416,859766,11650,530,"",1.32,1.70,1.70,1.69,1.81,1.42,2.25,1.07,"",-1,-3.1,151,38.9,121,28.3,86,18.5,572671,18.0,77327,9.9,464,4.1,-44,-7.7
"13097","5","624410","78","0","2023","4","",31,539,548,550,3756416,859766,11650,530,"",1.32,1.70,1.70,1.69,1.81,1.42,2.25,1.07,"",-1,-3.1,151,38.9,121,28.3,86,18.5,572671,18.0,77327,9.9,464,4.1,-44,-7.7
"13097","5","71","74","0","2023","4","",34,325,314,279,1534906,356658,1992,386,"",0.62,0.40,0.39,0.35,0.17,0.30,0.15,0.44,"",-5,-12.8,-6,-1.8,-20,-6.0,-34,-10.9,-123961,-7.5,-35817,-9.1,-64,-3.1,-5,-1.3
"13097","5","711","75","0","2023","4","N",10,0,0,0,0,0,0,0,"N",0.42,0,0,0,0,0,0,0,"N",-2,-16.7,0,0,0,0,0,0,0,0,0,0,0,0,0,0
"13097","5","7111","76","0","2023","4","",4,16,16,16,178272,600,19,857,"",1.04,0.35,0.35,0.35,0.22,0.01,0.01,0.63,"",0,0.0,1,6.7,1,6.7,1,6.7,18400,11.5,-700,-53.8,-16,-45.7,37,4.5
"13097","5","71112","77","0","2023","4","N",1,0,0,0,0,0,0,0,"N",2.25,0,0,0,0,0,0,0,"N",0,0.0,0,0,0,0,0,0,0,0,0,0,0,0,0,0
"13097","5","711120","78","0","2023","4","N",1,0,0,0,0,0,0,0,"N",2.25,0,0,0,0,0,0,0,"N",0,0.0,0,0,0,0,0,0,0,0,0,0,0,0,0,0
"13097","5","71113","77","0","2023","4","N",3,0,0,0,0,0,0,0,"N",1.66,0,0,0,0,0,0,0,"N",0,0.0,0,0,0,0,0,0,0,0,0,0,0,0,0,0
"13097","5","711130","78","0","2023","4","N",3,0,0,0,0,0,0,0,"N",1.66,0,0,0,0,0,0,0,"N",0,0.0,0,0,0,0,0,0,0,0,0,0,0,0,0,0
"13097","5","7112","76","0","2023","4","N",3,0,0,0,0,0,0,0,"N",1.18,0,0,0,0,0,0,0,"N",1,50.0,0,0,0,0,0,0,0,0,0,0,0,0,0,0
"13097","5","71121","77","0","2023","4","N",3,0,0,0,0,0,0,0,"N",1.18,0,0,0,0,0,0,0,"N",1,50.0,0,0,0,0,0,0,0,0,0,0,0,0,0,0
"13097","5","711211","78","0","2023","4","N",1,0,0,0,0,0,0,0,"N",0.93,0,0,0,0,0,0,0,"N",0,0.0,0,0,0,0,0,0,0,0,0,0,0,0,0,0
"13097","5","711219","78","0","2023","4","N",2,0,0,0,0,0,0,0,"N",1.61,0,0,0,0,0,0,0,"N",1,100.0,0,0,0,0,0,0,0,0,0,0,0,0,0,0
"13097","5","7113","76","0","2023","4","N",1,0,0,0,0,0,0,0,"N",0.30,0,0,0,0,0,0,0,"N",0,0.0,0,0,0,0,0,0,0,0,0,0,0,0,0,0
"13097","5","71131","77","0","2023","4","N",1,0,0,0,0,0,0,0,"N",0.71,0,0,0,0,0,0,0,"N",0,0.0,0,0,0,0,0,0,0,0,0,0,0,0,0,0
"13097","5","711310","78","0","2023","4","N",1,0,0,0,0,0,0,0,"N",0.71,0,0,0,0,0,0,0,"N",0,0.0,0,0,0,0,0,0,0,0,0,0,0,0,0,0
"13097","5","7114","76","0","2023","4","N",1,0,0,0,0,0,0,0,"N",0.49,0,0,0,0,0,0,0,"N",-1,-50.0,0,0,0,0,0,0,0,0,0,0,0,0,0,0
"13097","5","71141","77","0","2023","4","N",1,0,0,0,0,0,0,0,"N",0.49,0,0,0,0,0,0,0,"N",-1,-50.0,0,0,0,0,0,0,0,0,0,0,0,0,0,0
"13097","5","711410","78","0","2023","4","N",1,0,0,0,0,0,0,0,"N",0.49,0,0,0,0,0,0,0,"N",-1,-50.0,0,0,0,0,0,0,0,0,0,0,0,0,0,0
"13097","5","7115","76","0","2023","4","N",1,0,0,0,0,0,0,0,"N",0.08,0,0,0,0,0,0,0,"N",-2,-66.7,0,0,0,0,0,0,0,0,0,0,0,0,0,0
"13097","5","71151","77","0","2023","4","N",1,0,0,0,0,0,0,0,"N",0.08,0,0,0,0,0,0,0,"N",-2,-66.7,0,0,0,0,0,0,0,0,0,0,0,0,0,0
"13097","5","711510","78","0","2023","4","N",1,0,0,0,0,0,0,0,"N",0.08,0,0,0,0,0,0,0,"N",-2,-66.7,0,0,0,0,0,0,0,0,0,0,0,0,0,0
"13097","5","712","75","0","2023","4","N",3,0,0,0,0,0,0,0,"N",1.29,0,0,0,0,0,0,0,"N",0,0.0,0,0,0,0,0,0,0,0,0,0,0,0,0,0
"13097","5","7121","76","0","2023","4","N",3,0,0,0,0,0,0,0,"N",1.29,0,0,0,0,0,0,0,"N",0,0.0,0,0,0,0,0,0,0,0,0,0,0,0,0,0
"13097","5","71211","77","0","2023","4","N",3,0,0,0,0,0,0,0,"N",1.92,0,0,0,0,0,0,0,"N",0,0.0,0,0,0,0,0,0,0,0,0,0,0,0,0,0
"13097","5","712110","78","0","2023","4","N",3,0,0,0,0,0,0,0,"N",1.92,0,0,0,0,0,0,0,"N",0,0.0,0,0,0,0,0,0,0,0,0,0,0,0,0,0
"13097","5","713","75","0","2023","4","",21,289,281,245,1263274,348279,1854,358,"",0.73,0.50,0.51,0.43,0.36,0.42,0.22,0.75,"",-3,-12.5,-4,-1.4,-16,-5.4,-32,-11.6,-127641,-9.2,-30416,-8.0,64,3.6,-12,-3.2
"13097","5","7131","76","0","2023","4","N",1,0,0,0,0,0,0,0,"N",0.81,0,0,0,0,0,0,0,"N",-2,-66.7,0,0,0,0,0,0,0,0,0,0,0,0,0,0
"13097","5","71311","77","0","2023","4","-",0,0,0,0,0,0,0,0,"N",0.00,0,0,0,0,0,0,0,"N",-1,-100.0,0,0,0,0,0,0,0,0,0,0,0,0,0,0
"13097","5","713110","78","0","2023","4","-",0,0,0,0,0,0,0,0,"N",0.00,0,0,0,0,0,0,0,"N",-1,-100.0,0,0,0,0,0,0,0,0,0,0,0,0,0,0
"13097","5","71312","77","0","2023","4","N",1,0,0,0,0,0,0,0,"N",1.20,0,0,0,0,0,0,0,"N",-1,-50.0,0,0,0,0,0,0,0,0,0,0,0,0,0,0
"13097","5","713120","78","0","2023","4","N",1,0,0,0,0,0,0,0,"N",1.20,0,0,0,0,0,0,0,"N",-1,-50.0,0,0,0,0,0,0,0,0,0,0,0,0,0,0
"13097","5","7139","76","0","2023","4","N",20,0,0,0,0,0,0,0,"N",0.76,0,0,0,0,0,0,0,"N",-1,-4.8,0,0,0,0,0,0,0,0,0,0,0,0,0,0
"13097","5","71391","77","0","2023","4","N",3,0,0,0,0,0,0,0,"N",0.90,0,0,0,0,0,0,0,"N",0,0.0,0,0,0,0,0,0,0,0,0,0,0,0,0,0
"13097","5","713910","78","0","2023","4","N",3,0,0,0,0,0,0,0,"N",0.90,0,0,0,0,0,0,0,"N",0,0.0,0,0,0,0,0,0,0,0,0,0,0,0,0,0
"13097","5","71394","77","0","2023","4","",13,163,156,158,578109,185215,1615,280,"",0.97,0.82,0.78,0.77,0.66,0.69,0.66,0.84,"",-1,-7.1,26,19.0,9,6.1,16,11.3,72020,14.2,18875,11.3,163,11.2,6,2.2
"13097","5","713940","78","0","2023","4","",13,163,156,158,578109,185215,1615,280,"",0.97,0.82,0.78,0.77,0.66,0.69,0.66,0.84,"",-1,-7.1,26,19.0,9,6.1,16,11.3,72020,14.2,18875,11.3,163,11.2,6,2.2
"13097","5","71395","77","0","2023","4","N",2,0,0,0,0,0,0,0,"N",1.94,0,0,0,0,0,0,0,"N",0,0.0,0,0,0,0,0,0,0,0,0,0,0,0,0,0
"13097","5","713950","78","0","2023","4","N",2,0,0,0,0,0,0,0,"N",1.94,0,0,0,0,0,0,0,"N",0,0.0,0,0,0,0,0,0,0,0,0,0,0,0,0,0
"13097","5","71399","77","0","2023","4","N",2,0,0,0,0,0,0,0,"N",0.27,0,0,0,0,0,0,0,"N",0,0.0,0,0,0,0,0,0,0,0,0,0,0,0,0,0
"13097","5","713990","78","0","2023","4","N",2,0,0,0,0,0,0,0,"N",0.27,0,0,0,0,0,0,0,"N",0,0.0,0,0,0,0,0,0,0,0,0,0,0,0,0,0
"13097","5","72","74","0","2023","4","",286,4960,4982,4938,29245827,7536880,76297,454,"",1.21,1.08,1.08,1.06,1.10,0.86,1.03,1.03,"",-10,-3.4,-35,-0.7,-113,-2.2,-202,-3.9,385856,1.3,-777746,-9.4,-184,-0.2,17,3.9
"13097","5","721","75","0","2023","4","",39,425,433,428,3189495,638171,7305,572,"",1.67,0.69,0.71,0.70,0.63,0.48,0.61,0.90,"",-3,-7.1,-40,-8.6,-26,-5.7,-21,-4.7,-255499,-7.4,-411586,-39.2,-8808,-54.7,-7,-1.2
"13097","5","7211","76","0","2023","4","",39,425,433,428,3189495,638171,7305,572,"",1.93,0.72,0.74,0.72,0.65,0.49,0.63,0.89,"",-3,-7.1,-40,-8.6,-26,-5.7,-21,-4.7,-255499,-7.4,-411586,-39.2,-8808,-54.7,-7,-1.2
"13097","5","72111","77","0","2023","4","N",37,0,0,0,0,0,0,0,"N",2.01,0,0,0,0,0,0,0,"N",-3,-7.5,0,0,0,0,0,0,0,0,0,0,0,0,0,0
"13097","5","721110","78","0","2023","4","N",37,0,0,0,0,0,0,0,"N",2.01,0,0,0,0,0,0,0,"N",-3,-7.5,0,0,0,0,0,0,0,0,0,0,0,0,0,0
"13097","5","72119","77","0","2023","4","N",2,0,0,0,0,0,0,0,"N",1.21,0,0,0,0,0,0,0,"N",0,0.0,0,0,0,0,0,0,0,0,0,0,0,0,0,0
"13097","5","721191","78","0","2023","4","-",0,0,0,0,0,0,0,0,"N",0.00,0,0,0,0,0,0,0,"N",0,0,0,0,0,0,0,0,0,0,0,0,0,0,0,0
"13097","5","721199","78","0","2023","4","N",2,0,0,0,0,0,0,0,"N",2.16,0,0,0,0,0,0,0,"N",0,0.0,0,0,0,0,0,0,0,0,0,0,0,0,0,0
"13097","5","722","75","0","2023","4","",247,4535,4549,4510,26056332,6898709,68992,442,"",1.16,1.14,1.13,1.12,1.22,0.93,1.11,1.07,"",-7,-2.8,5,0.1,-87,-1.9,-181,-3.9,641355,2.5,-366160,-5.0,8624,14.3,19,4.5
"13097","5","7223","76","0","2023","4","",10,38,38,38,513910,60079,138,1040,"",0.66,0.15,0.15,0.15,0.27,0.12,0.02,1.84,"N",-1,-9.1,0,0,0,0,0,0,0,0,0,0,0,0,0,0
"13097","5","72231","77","0","2023","4","N",3,0,0,0,0,0,0,0,"N",0.39,0,0,0,0,0,0,0,"N",0,0.0,0,0,0,0,0,0,0,0,0,0,0,0,0,0
"13097","5","722310","78","0","2023","4","N",3,0,0,0,0,0,0,0,"N",0.39,0,0,0,0,0,0,0,"N",0,0.0,0,0,0,0,0,0,0,0,0,0,0,0,0,0
"13097","5","72232","77","0","2023","4","N",4,0,0,0,0,0,0,0,"N",0.97,0,0,0,0,0,0,0,"N",-1,-20.0,0,0,0,0,0,0,0,0,0,0,0,0,0,0
"13097","5","722320","78","0","2023","4","N",4,0,0,0,0,0,0,0,"N",0.97,0,0,0,0,0,0,0,"N",-1,-20.0,0,0,0,0,0,0,0,0,0,0,0,0,0,0
"13097","5","72233","77","0","2023","4","N",3,0,0,0,0,0,0,0,"N",0.88,0,0,0,0,0,0,0,"N",0,0.0,0,0,0,0,0,0,0,0,0,0,0,0,0,0
"13097","5","722330","78","0","2023","4","N",3,0,0,0,0,0,0,0,"N",0.88,0,0,0,0,0,0,0,"N",0,0.0,0,0,0,0,0,0,0,0,0,0,0,0,0,0
"13097","5","7224","76","0","2023","4","",4,30,24,27,104136,74967,1708,297,"",0.31,0.22,0.17,0.20,0.15,0.28,0.69,0.75,"N",1,33.3,0,0,0,0,0,0,0,0,0,0,0,0,0,0
"13097","5","72241","77","0","2023","4","",4,30,24,27,104136,74967,1708,297,"",0.31,0.22,0.17,0.20,0.15,0.28,0.69,0.75,"N",1,33.3,0,0,0,0,0,0,0,0,0,0,0,0,0,0
"13097","5","722410","78","0","2023","4","",4,30,24,27,104136,74967,1708,297,"",0.31,0.22,0.17,0.20,0.15,0.28,0.69,0.75,"N",1,33.3,0,0,0,0,0,0,0,0,0,0,0,0,0,0
"13097","5","7225","76","0","2023","4","",233,4467,4487,4445,25438286,6763663,67146,438,"",1.26,1.25,1.24,1.22,1.35,1.02,1.32,1.09,"",-7,-2.9,-6,-0.1,-90,-2.0,-185,-4.0,451936,1.8,-404944,-5.6,7652,12.9,17,4.0
"13097","5","72251","77","0","2023","4","",233,4467,4487,4445,25438286,6763663,67146,438,"",1.26,1.25,1.24,1.22,1.35,1.02,1.32,1.09,"",-7,-2.9,-6,-0.1,-90,-2.0,-185,-4.0,451936,1.8,-404944,-5.6,7652,12.9,17,4.0
"13097","5","722511","78","0","2023","4","",93,1900,1961,1894,12015553,2702346,23180,482,"",1.17,1.09,1.11,1.07,1.16,0.82,0.85,1.06,"",-5,-5.1,-53,-2.7,-20,-1.0,-38,-2.0,416645,3.6,-20331,-0.7,4471,23.9,26,5.7
"13097","5","722513","78","0","2023","4","",112,2246,2254,2242,11956367,3600438,39538,409,"",1.41,1.50,1.48,1.46,1.74,1.31,2.12,1.18,"",-1,-0.9,36,1.6,-14,-0.6,-127,-5.4,82521,0.7,-311112,-8.0,3325,9.2,9,2.2
"13097","5","722514","78","0","2023","4","",4,37,36,35,186977,49457,82,400,"",2.53,1.49,1.43,1.39,1.43,1.24,0.26,1.00,"",-1,-20.0,8,27.6,-20,-35.7,-15,-30.0,-45131,-19.4,-16593,-25.1,-141,-63.2,3,0.8
"13097","5","722515","78","0","2023","4","",24,284,236,274,1279389,411422,4346,372,"",0.98,0.93,0.77,0.89,0.88,0.74,0.93,1.01,"",0,0.0,3,1.1,-36,-13.2,-5,-1.8,-2099,-0.2,-56908,-12.2,-3,-0.1,17,4.8
"13097","5","81","74","0","2023","4","",240,1098,1097,1114,13347932,1407324,20817,931,"",0.91,0.73,0.72,0.72,0.85,0.63,1.05,1.17,"",14,6.2,102,10.2,98,9.8,91,8.9,1681691,14.4,-42168,-2.9,-834,-3.9,39,4.4
"13097","5","811","75","0","2023","4","",120,660,669,670,9206625,852603,12679,1063,"",1.62,1.38,1.39,1.38,1.60,1.09,1.88,1.15,"",4,3.4,84,14.6,91,15.7,82,13.9,1580769,20.7,46033,5.7,1780,16.3,53,5.2
"13097","5","8111","76","0","2023","4","",88,521,529,534,6674953,731692,11497,972,"",1.69,1.56,1.56,1.56,1.85,1.28,2.51,1.19,"",3,3.5,79,17.9,84,18.9,95,21.6,1228685,22.6,47219,6.9,1420,14.1,24,2.5
"13097","5","81111","77","0","2023","4","",43,161,161,162,2013088,215025,1882,960,"",1.48,1.12,1.11,1.10,1.22,0.90,0.99,1.10,"",2,4.9,30,22.9,22,15.8,28,20.9,396823,24.6,24037,12.6,736,64.2,37,4.0
"13097","5","811111","78","0","2023","4","",35,114,116,113,1435285,161235,1083,966,"",1.35,0.88,0.89,0.86,0.97,0.75,0.63,1.11,"",2,6.1,21,22.6,21,22.1,14,14.1,299701,26.4,18967,13.3,197,22.2,53,5.8
"13097","5","811114","78","0","2023","4","",8,47,45,49,577803,53790,799,946,"",2.55,3.19,3.02,3.25,3.44,2.40,4.69,1.09,"",0,0.0,9,23.7,1,2.3,14,40.0,97122,20.2,5070,10.4,539,207.3,-2,-0.2
"13097","5","81112","77","0","2023","4","",21,174,172,174,3228676,173988,2970,1433,"",1.65,1.79,1.75,1.75,2.53,1.13,2.35,1.43,"",0,0.0,19,12.3,22,14.7,20,13.0,541126,20.1,24692,16.5,910,44.2,82,6.1
"13097","5","811121","78","0","2023","4","",16,163,161,164,3111675,164336,2890,1471,"",1.50,1.93,1.88,1.90,2.72,1.23,2.65,1.43,"",0,0.0,16,10.9,19,13.4,19,13.1,537241,20.9,18780,12.9,844,41.3,102,7.5
"13097","5","811122","78","0","2023","4","",5,11,11,10,117001,9652,80,844,"",2.45,0.87,0.87,0.79,0.87,0.46,0.47,1.03,"",0,0.0,3,37.5,3,37.5,1,11.1,3885,3.4,5912,158.1,66,471.4,-200,-19.2
"13097","5","81119","77","0","2023","4","",24,186,196,198,1433189,342679,6645,570,"",2.31,1.98,2.06,2.08,2.12,1.92,4.65,1.04,"",1,4.3,30,19.2,40,25.6,47,31.1,290736,25.4,-1510,-0.4,-226,-3.3,1,0.2
"13097","5","811191","78","0","2023","4","",10,118,116,119,934478,199421,3766,611,"",4.23,4.98,4.83,4.92,4.85,3.75,9.32,0.99,"",2,25.0,4,3.5,3,2.7,6,5.3,79843,9.3,-5487,-2.7,-201,-5.1,31,5.3
"13097","5","811192","78","0","2023","4","N",12,0,0,0,0,0,0,0,"N",2.06,0,0,0,0,0,0,0,"N",2,20.0,0,0,0,0,0,0,0,0,0,0,0,0,0,0
"13097","5","811198","78","0","2023","4","N",2,0,0,0,0,0,0,0,"N",0.90,0,0,0,0,0,0,0,"N",-3,-60.0,0,0,0,0,0,0,0,0,0,0,0,0,0,0
"13097","5","8112","76","0","2023","4","",11,17,16,17,187375,7294,58,865,"",2.24,0.49,0.46,0.48,0.34,0.17,0.15,0.71,"",0,0.0,1,6.2,0,0.0,-1,-5.6,-14012,-7.0,-776,-9.6,8,16.0,-64,-6.9
"13097","5","81121","77","0","2023","4","",11,17,16,17,187375,7294,58,865,"",2.24,0.49,0.46,0.48,0.34,0.17,0.15,0.71,"",0,0.0,1,6.2,0,0.0,-1,-5.6,-14012,-7.0,-776,-9.6,8,16.0,-64,-6.9
"13097","5","811210","78","0","2023","4","",11,17,16,17,187375,7294,58,865,"",2.24,0.49,0.46,0.48,0.34,0.17,0.15,0.71,"",0,0.0,1,6.2,0,0.0,-1,-5.6,-14012,-7.0,-776,-9.6,8,16.0,-64,-6.9
"13097","5","8113","76","0","2023","4","",11,66,70,70,1630466,67562,543,1827,"",1.16,0.83,0.89,0.89,1.23,0.54,0.40,1.42,"",1,10.0,-7,-9.6,-1,-1.4,-2,-2.8,290076,21.6,-12728,-15.9,83,18.0,395,27.6
"13097","5","81131","77","0","2023","4","",11,66,70,70,1630466,67562,543,1827,"",1.16,0.83,0.89,0.89,1.23,0.54,0.40,1.42,"",1,10.0,-7,-9.6,-1,-1.4,-2,-2.8,290076,21.6,-12728,-15.9,83,18.0,395,27.6
"13097","5","811310","78","0","2023","4","",11,66,70,70,1630466,67562,543,1827,"",1.16,0.83,0.89,0.89,1.23,0.54,0.40,1.42,"",1,10.0,-7,-9.6,-1,-1.4,-2,-2.8,290076,21.6,-12728,-15.9,83,18.0,395,27.6
"13097","5","8114","76","0","2023","4","",10,56,54,49,713831,46055,581,1036,"",1.32,1.99,1.91,1.74,2.51,1.02,1.46,1.34,"",0,0.0,11,24.4,8,17.4,-10,-16.9,76020,11.9,12318,36.5,269,86.2,55,5.6
"13097","5","81141","77","0","2023","4","",6,35,33,24,340001,30372,441,853,"",2.41,3.59,3.34,2.44,3.25,1.97,3.20,1.04,"",1,20.0,12,52.2,8,32.0,-7,-22.6,55455,19.5,13918,84.6,275,165.7,22,2.6
"13097","5","811411","78","0","2023","4","N",1,0,0,0,0,0,0,0,"N",1.62,0,0,0,0,0,0,0,"N",1,100.0,0,0,0,0,0,0,0,0,0,0,0,0,0,0
"13097","5","811412","78","0","2023","4","N",5,0,0,0,0,0,0,0,"N",2.67,0,0,0,0,0,0,0,"N",0,0.0,0,0,0,0,0,0,0,0,0,0,0,0,0,0
"13097","5","81142","77","0","2023","4","N",1,0,0,0,0,0,0,0,"N",0.93,0,0,0,0,0,0,0,"N",-1,-50.0,0,0,0,0,0,0,0,0,0,0,0,0,0,0
"13097","5","811420","78","0","2023","4","N",1,0,0,0,0,0,0,0,"N",0.93,0,0,0,0,0,0,0,"N",-1,-50.0,0,0,0,0,0,0,0,0,0,0,0,0,0,0
"13097","5","81149","77","0","2023","4","N",3,0,0,0,0,0,0,0,"N",0.79,0,0,0,0,0,0,0,"N",0,0.0,0,0,0,0,0,0,0,0,0,0,0,0,0,0
"13097","5","811490","78","0","2023","4","N",3,0,0,0,0,0,0,0,"N",0.79,0,0,0,0,0,0,0,"N",0,0.0,0,0,0,0,0,0,0,0,0,0,0,0,0,0
"13097","5","812","75","0","2023","4","",84,352,343,359,3107435,415637,5472,680,"",1.07,0.70,0.67,0.69,0.81,0.49,0.73,1.19,"",5,6.3,3,0.9,-4,-1.2,11,3.2,-122292,-3.8,-129774,-23.8,-3780,-40.9,-34,-4.8
"13097","5","8121","76","0","2023","4","",50,155,152,153,1107689,147926,1819,556,"",1.10,0.64,0.62,0.62,0.69,0.36,0.48,1.09,"",4,8.7,12,8.4,9,6.3,15,10.9,146238,15.2,20993,16.5,-49,-2.6,33,6.3
"13097","5","81211","77","0","2023","4","",41,136,135,136,966768,120712,1375,548,"",1.15,0.75,0.74,0.74,0.81,0.39,0.50,1.10,"",3,7.9,16,13.3,16,13.4,19,16.2,128693,15.4,18744,18.4,-193,-12.3,5,0.9
"13097","5","812111","78","0","2023","4","N",3,0,0,0,0,0,0,0,"N",1.27,0,0,0,0,0,0,0,"N",1,50.0,0,0,0,0,0,0,0,0,0,0,0,0,0,0
"13097","5","812112","78","0","2023","4","",30,109,109,109,790088,94718,1282,558,"",1.28,0.90,0.89,0.88,0.93,0.48,0.79,1.05,"",1,3.4,-2,-1.8,-3,-2.7,0,0.0,1381,0.2,-2150,-2.2,-265,-17.1,10,1.8
"13097","5","812113","78","0","2023","4","N",8,0,0,0,0,0,0,0,"N",0.81,0,0,0,0,0,0,0,"N",1,14.3,0,0,0,0,0,0,0,0,0,0,0,0,0,0
"13097","5","81219","77","0","2023","4","",9,19,17,17,140921,27214,444,614,"",0.90,0.31,0.28,0.28,0.33,0.25,0.42,1.15,"",1,12.5,-4,-17.4,-7,-29.2,-4,-19.0,17545,14.2,2249,9.0,144,48.0,195,46.5
"13097","5","812191","78","0","2023","4","N",1,0,0,0,0,0,0,0,"N",1.25,0,0,0,0,0,0,0,"N",0,0.0,0,0,0,0,0,0,0,0,0,0,0,0,0,0
"13097","5","812199","78","0","2023","4","N",8,0,0,0,0,0,0,0,"N",0.87,0,0,0,0,0,0,0,"N",1,14.3,0,0,0,0,0,0,0,0,0,0,0,0,0,0
"13097","5","8122","76","0","2023","4","",5,37,36,38,269952,37638,639,561,"",0.91,0.83,0.80,0.83,0.61,0.72,1.72,0.74,"",-1,-16.7,2,5.7,-1,-2.7,-2,-5.0,51773,23.7,5421,16.8,13,2.1,111,24.7
"13097","5","81221","77","0","2023","4","N",3,0,0,0,0,0,0,0,"N",0.72,0,0,0,0,0,0,0,"N",0,0.0,0,0,0,0,0,0,0,0,0,0,0,0,0,0
"13097","5","812210","78","0","2023","4","N",3,0,0,0,0,0,0,0,"N",0.72,0,0,0,0,0,0,0,"N",0,0.0,0,0,0,0,0,0,0,0,0,0,0,0,0,0
"13097","5","81222","77","0","2023","4","N",2,0,0,0,0,0,0,0,"N",1.51,0,0,0,0,0,0,0,"N",-1,-33.3,0,0,0,0,0,0,0,0,0,0,0,0,0,0
"13097","5","812220","78","0","2023","4","N",2,0,0,0,0,0,0,0,"N",1.51,0,0,0,0,0,0,0,"N",-1,-33.3,0,0,0,0,0,0,0,0,0,0,0,0,0,0
"13097","5","8123","76","0","2023","4","",14,81,77,82,1163671,54445,339,1119,"",1.67,0.96,0.90,0.95,1.60,0.38,0.32,1.71,"",0,0.0,6,8.0,5,6.9,10,13.9,-98534,-7.8,-26064,-32.4,-168,-33.1,-211,-15.9
"13097","5","81231","77","0","2023","4","",3,6,4,7,30437,4425,105,413,"",1.01,0.47,0.31,0.54,0.42,0.22,0.55,0.95,"N",0,0.0,0,0,0,0,0,0,0,0,0,0,0,0,0,0
"13097","5","812310","78","0","2023","4","",3,6,4,7,30437,4425,105,413,"",1.01,0.47,0.31,0.54,0.42,0.22,0.55,0.95,"N",0,0.0,0,0,0,0,0,0,0,0,0,0,0,0,0,0
"13097","5","81232","77","0","2023","4","",11,75,73,75,1133234,50020,234,1173,"",2.40,2.50,2.40,2.45,5.95,1.02,0.66,2.43,"N",0,0.0,0,0,0,0,0,0,0,0,0,0,0,0,0,0
"13097","5","812320","78","0","2023","4","",11,75,73,75,1133234,50020,234,1173,"",2.40,2.50,2.40,2.45,5.95,1.02,0.66,2.43,"N",0,0.0,0,0,0,0,0,0,0,0,0,0,0,0,0,0
"13097","5","8129","76","0","2023","4","",15,79,78,86,566123,175628,2675,538,"",0.78,0.58,0.56,0.62,0.55,0.72,1.21,0.93,"",2,15.4,-17,-17.7,-17,-17.9,-12,-12.2,-221769,-28.1,-130124,-42.6,-3576,-57.2,-91,-14.5
"13097","5","81291","77","0","2023","4","N",5,0,0,0,0,0,0,0,"N",0.63,0,0,0,0,0,0,0,"N",1,25.0,0,0,0,0,0,0,0,0,0,0,0,0,0,0
"13097","5","812910","78","0","2023","4","N",5,0,0,0,0,0,0,0,"N",0.63,0,0,0,0,0,0,0,"N",1,25.0,0,0,0,0,0,0,0,0,0,0,0,0,0,0
"13097","5","81292","77","0","2023","4","N",1,0,0,0,0,0,0,0,"N",5.17,0,0,0,0,0,0,0,"N",0,0.0,0,0,0,0,0,0,0,0,0,0,0,0,0,0
"13097","5","812921","78","0","2023","4","N",1,0,0,0,0,0,0,0,"N",6.51,0,0,0,0,0,0,0,"N",0,0.0,0,0,0,0,0,0,0,0,0,0,0,0,0,0
"13097","5","81293","77","0","2023","4","N",1,0,0,0,0,0,0,0,"N",0.43,0,0,0,0,0,0,0,"N",0,0.0,0,0,0,0,0,0,0,0,0,0,0,0,0,0
"13097","5","812930","78","0","2023","4","N",1,0,0,0,0,0,0,0,"N",0.43,0,0,0,0,0,0,0,"N",0,0.0,0,0,0,0,0,0,0,0,0,0,0,0,0,0
"13097","5","81299","77","0","2023","4","",8,11,11,11,103641,20800,13,725,"",0.90,0.35,0.35,0.35,0.31,0.36,0.02,0.88,"",1,14.3,-9,-45.0,-9,-45.0,-9,-45.0,-180237,-63.5,-4889,-19.0,-618,-97.9,-367,-33.6
"13097","5","812990","78","0","2023","4","",8,11,11,11,103641,20800,13,725,"",0.90,0.35,0.35,0.35,0.31,0.36,0.02,0.88,"",1,14.3,-9,-45.0,-9,-45.0,-9,-45.0,-180237,-63.5,-4889,-19.0,-618,-97.9,-367,-33.6
"13097","5","813","75","0","2023","4","",21,79,76,77,861573,102734,1852,857,"",0.39,0.17,0.16,0.16,0.15,0.23,0.43,0.92,"",1,5.0,14,21.5,8,11.8,-4,-4.9,160642,22.9,10936,11.9,392,26.8,101,13.4
"13097","5","8131","76","0","2023","4","",8,20,19,16,172942,21303,443,726,"",1.03,0.30,0.28,0.24,0.34,0.39,0.82,1.25,"N",2,33.3,0,0,0,0,0,0,0,0,0,0,0,0,0,0
"13097","5","81311","77","0","2023","4","",8,20,19,16,172942,21303,443,726,"",1.03,0.30,0.28,0.24,0.34,0.39,0.82,1.25,"N",2,33.3,0,0,0,0,0,0,0,0,0,0,0,0,0,0
"13097","5","813110","78","0","2023","4","",8,20,19,16,172942,21303,443,726,"",1.03,0.30,0.28,0.24,0.34,0.39,0.82,1.25,"N",2,33.3,0,0,0,0,0,0,0,0,0,0,0,0,0,0
"13097","5","8132","76","0","2023","4","N",2,0,0,0,0,0,0,0,"N",0.29,0,0,0,0,0,0,0,"N",-1,-33.3,0,0,0,0,0,0,0,0,0,0,0,0,0,0
"13097","5","81321","77","0","2023","4","N",2,0,0,0,0,0,0,0,"N",0.29,0,0,0,0,0,0,0,"N",-1,-33.3,0,0,0,0,0,0,0,0,0,0,0,0,0,0
"13097","5","813212","78","0","2023","4","N",1,0,0,0,0,0,0,0,"N",0.63,0,0,0,0,0,0,0,"N",-2,-66.7,0,0,0,0,0,0,0,0,0,0,0,0,0,0
"13097","5","813219","78","0","2023","4","N",1,0,0,0,0,0,0,0,"N",0.55,0,0,0,0,0,0,0,"N",1,100.0,0,0,0,0,0,0,0,0,0,0,0,0,0,0
"13097","5","8133","76","0","2023","4","N",2,0,0,0,0,0,0,0,"N",0.19,0,0,0,0,0,0,0,"N",-1,-33.3,0,0,0,0,0,0,0,0,0,0,0,0,0,0
"13097","5","81331","77","0","2023","4","N",2,0,0,0,0,0,0,0,"N",0.19,0,0,0,0,0,0,0,"N",-1,-33.3,0,0,0,0,0,0,0,0,0,0,0,0,0,0
"13097","5","813312","78","0","2023","4","N",1,0,0,0,0,0,0,0,"N",0.36,0,0,0,0,0,0,0,"N",0,0.0,0,0,0,0,0,0,0,0,0,0,0,0,0,0
"13097","5","813319","78","0","2023","4","N",1,0,0,0,0,0,0,0,"N",0.17,0,0,0,0,0,0,0,"N",-1,-50.0,0,0,0,0,0,0,0,0,0,0,0,0,0,0
"13097","5","8139","76","0","2023","4","",9,33,32,35,430493,44610,421,993,"",0.46,0.24,0.23,0.24,0.19,0.28,0.29,0.80,"",1,12.5,9,37.5,7,28.0,10,40.0,118803,38.1,9321,26.4,-83,-16.5,21,2.2
"13097","5","81391","77","0","2023","4","",5,16,15,18,188863,29281,334,889,"",0.78,0.42,0.39,0.46,0.23,0.74,1.02,0.55,"",-1,-16.7,1,6.7,0,0.0,2,12.5,-5550,-2.9,10525,56.1,-142,-29.8,-86,-8.8
"13097","5","813910","78","0","2023","4","",5,16,15,18,188863,29281,334,889,"",0.78,0.42,0.39,0.46,0.23,0.74,1.02,0.55,"",-1,-16.7,1,6.7,0,0.0,2,12.5,-5550,-2.9,10525,56.1,-142,-29.8,-86,-8.8
"13097","5","81392","77","0","2023","4","N",2,0,0,0,0,0,0,0,"N",0.56,0,0,0,0,0,0,0,"N",1,100.0,0,0,0,0,0,0,0,0,0,0,0,0,0,0
"13097","5","813920","78","0","2023","4","N",2,0,0,0,0,0,0,0,"N",0.56,0,0,0,0,0,0,0,"N",1,100.0,0,0,0,0,0,0,0,0,0,0,0,0,0,0
"13097","5","81399","77","0","2023","4","N",2,0,0,0,0,0,0,0,"N",0.43,0,0,0,0,0,0,0,"N",1,100.0,0,0,0,0,0,0,0,0,0,0,0,0,0,0
"13097","5","813990","78","0","2023","4","N",2,0,0,0,0,0,0,0,"N",0.43,0,0,0,0,0,0,0,"N",1,100.0,0,0,0,0,0,0,0,0,0,0,0,0,0,0
"13097","5","814","75","0","2023","4","",15,7,9,8,172299,36350,814,1657,"",0.25,0.10,0.13,0.12,0.30,0.29,0.64,2.57,"",4,36.4,1,16.7,3,50.0,2,33.3,62572,57.0,30637,536.3,774,1935.0,250,17.8
"13097","5","8141","76","0","2023","4","",15,7,9,8,172299,36350,814,1657,"",0.25,0.10,0.13,0.12,0.30,0.29,0.64,2.57,"",4,36.4,1,16.7,3,50.0,2,33.3,62572,57.0,30637,536.3,774,1935.0,250,17.8
"13097","5","81411","77","0","2023","4","",15,7,9,8,172299,36350,814,1657,"",0.25,0.10,0.13,0.12,0.30,0.29,0.64,2.57,"",4,36.4,1,16.7,3,50.0,2,33.3,62572,57.0,30637,536.3,774,1935.0,250,17.8
"13097","5","814110","78","0","2023","4","",15,7,9,8,172299,36350,814,1657,"",0.25,0.10,0.13,0.12,0.30,0.29,0.64,2.57,"",4,36.4,1,16.7,3,50.0,2,33.3,62572,57.0,30637,536.3,774,1935.0,250,17.8
"13097","5","99","74","0","2023","4","",579,234,219,224,3466262,440709,11122,1182,"",5.65,2.59,2.33,2.30,2.09,1.34,2.06,0.87,"",16,2.8,25,12.0,8,3.8,-17,-7.1,-2793133,-44.6,-243901,-35.6,-7526,-40.4,-1003,-45.9
"13097","5","999","75","0","2023","4","",579,234,219,224,3466262,440709,11122,1182,"",5.65,2.59,2.33,2.30,2.09,1.34,2.06,0.87,"",16,2.8,25,12.0,8,3.8,-17,-7.1,-2793133,-44.6,-243901,-35.6,-7526,-40.4,-1003,-45.9
"13097","5","9999","76","0","2023","4","",579,234,219,224,3466262,440709,11122,1182,"",5.65,2.59,2.33,2.30,2.09,1.34,2.06,0.87,"",16,2.8,25,12.0,8,3.8,-17,-7.1,-2793133,-44.6,-243901,-35.6,-7526,-40.4,-1003,-45.9
"13097","5","99999","77","0","2023","4","",579,234,219,224,3466262,440709,11122,1182,"",5.65,2.59,2.33,2.30,2.09,1.34,2.06,0.87,"",16,2.8,25,12.0,8,3.8,-17,-7.1,-2793133,-44.6,-243901,-35.6,-7526,-40.4,-1003,-45.9
"13097","5","999999","78","0","2023","4","",579,234,219,224,3466262,440709,11122,1182,"",5.65,2.59,2.33,2.30,2.09,1.34,2.06,0.87,"",16,2.8,25,12.0,8,3.8,-17,-7.1,-2793133,-44.6,-243901,-35.6,-7526,-40.4,-1003,-45.9
