"area_fips","own_code","industry_code","agglvl_code","size_code","year","qtr","disclosure_code","qtrly_estabs","month1_emplvl","month2_emplvl","month3_emplvl","total_qtrly_wages","taxable_qtrly_wages","qtrly_contributions","avg_wkly_wage","lq_disclosure_code","lq_qtrly_estabs","lq_month1_emplvl","lq_month2_emplvl","lq_month3_emplvl","lq_total_qtrly_wages","lq_taxable_qtrly_wages","lq_qtrly_contributions","lq_avg_wkly_wage","oty_disclosure_code","oty_qtrly_estabs_chg","oty_qtrly_estabs_pct_chg","oty_month1_emplvl_chg","oty_month1_emplvl_pct_chg","oty_month2_emplvl_chg","oty_month2_emplvl_pct_chg","oty_month3_emplvl_chg","oty_month3_emplvl_pct_chg","oty_total_qtrly_wages_chg","oty_total_qtrly_wages_pct_chg","oty_taxable_qtrly_wages_chg","oty_taxable_qtrly_wages_pct_chg","oty_qtrly_contributions_chg","oty_qtrly_contributions_pct_chg","oty_avg_wkly_wage_chg","oty_avg_wkly_wage_pct_chg"
"13121","0","10","70","0","2025","4","",84196,947718,952523,954955,24673227795,918523411,12024910,1994,"",1.00,1.00,1.00,1.00,1.00,1.00,1.00,1.00,"",7698,10.1,-5611,-0.6,-9078,-0.9,-6098,-0.6,657271264,2.7,19169840,2.1,-469516,-3.8,67,3.5
"13121","1","10","71","0","2025","4","",142,28301,28399,28450,778321875,0,0,2109,"",0.34,1.68,1.68,1.68,1.43,0.00,0.00,0.85,"",-2,-1.4,-1753,-5.8,-1972,-6.5,-2203,-7.2,-45303676,-5.5,0,0.0,0,0.0,22,1.1
"13121","1","102","72","0","2025","4","",142,28301,28399,28450,778321875,0,0,2109,"",0.34,1.72,1.71,1.71,1.46,0.00,0.00,0.85,"",-2,-1.4,-1753,-5.8,-1972,-6.5,-2203,-7.2,-45303676,-5.5,0,0.0,0,0.0,22,1.1
"13121","1","1021","73","0","2025","4","",51,5189,5265,5405,87688463,0,0,1276,"",0.25,1.32,1.32,1.34,0.96,0.00,0.00,0.72,"",1,2.0,57,1.1,48,0.9,98,1.8,-1096883,-1.2,0,0.0,0,0.0,-33,-2.5
"13121","1","1022","73","0","2025","4","",2,30,30,30,866217,0,0,2221,"",1.91,0.81,0.81,0.80,0.74,0.00,0.00,0.92,"",0,0.0,-10,-25.0,-9,-23.1,-9,-23.1,-208000,-19.4,0,0.0,0,0.0,120,5.7
"13121","1","1023","73","0","2025","4","",1,12,12,12,771022,0,0,4942,"",0.18,0.19,0.19,0.19,0.23,0.00,0.00,1.25,"",0,0.0,-11,-47.8,-11,-47.8,-9,-42.9,37039,5.0,0,0.0,0,0.0,2414,95.5
"13121","1","1024","73","0","2025","4","",2,110,108,104,3696986,0,0,2650,"",0.19,0.27,0.27,0.26,0.29,0.00,0.00,1.10,"",0,0.0,-17,-13.4,-19,-15.0,-23,-18.1,-106573,-2.8,0,0.0,0,0.0,346,15.0
"13121","1","1025","73","0","2025","4","",2,4580,4603,4608,115692530,0,0,1936,"",0.19,1.79,1.79,1.78,1.34,0.00,0.00,0.75,"",0,0.0,-195,-4.1,-258,-5.3,-323,-6.6,-5439322,-4.5,0,0.0,0,0.0,17,0.9
"13121","1","1026","73","0","2025","4","",1,120,120,117,3289290,0,0,2126,"",0.10,0.44,0.44,0.43,0.61,0.00,0.00,1.40,"",0,0.0,-18,-13.0,-23,-16.1,-22,-15.8,-610014,-15.6,0,0.0,0,0.0,-16,-0.7
"13121","1","1027","73","0","2025","4","-",0,0,0,0,0,0,0,0,"N",0.00,0,0,0,0,0,0,0,"N",-1,-100.0,0,0,0,0,0,0,0,0,0,0,0,0,0,0
"13121","1","1028","73","0","2025","4","",83,18260,18261,18174,566317367,0,0,2389,"",0.50,1.98,1.98,1.97,1.69,0.00,0.00,0.86,"",-2,-2.4,-1559,-7.9,-1700,-8.5,-1915,-9.5,-37879923,-6.3,0,0.0,0,0.0,60,2.6
"13121","1","44-45","74","0","2025","4","",1,265,265,265,1219783,0,0,354,"",0.21,1.14,1.13,1.13,0.40,0.00,0.00,0.36,"",0,0.0,5,1.9,5,1.9,5,1.9,69380,6.0,0,0.0,0,0.0,14,4.1
"13121","1","449","75","0","2025","4","",1,265,265,265,1219783,0,0,354,"",2.28,25.68,25.53,25.38,19.67,0.00,0.00,0.77,"",0,0.0,5,1.9,5,1.9,5,1.9,69380,6.0,0,0.0,0,0.0,14,4.1
"13121","1","4492","76","0","2025","4","",1,265,265,265,1219783,0,0,354,"",20.85,28.88,28.78,28.67,25.79,0.00,0.00,0.90,"",0,0.0,5,1.9,5,1.9,5,1.9,69380,6.0,0,0.0,0,0.0,14,4.1
"13121","1","44921","77","0","2025","4","",1,265,265,265,1219783,0,0,354,"",20.85,28.88,28.78,28.67,25.79,0.00,0.00,0.90,"",0,0.0,5,1.9,5,1.9,5,1.9,69380,6.0,0,0.0,0,0.0,14,4.1
"13121","1","449210","78","0","2025","4","",1,265,265,265,1219783,0,0,354,"",20.85,28.88,28.78,28.67,25.79,0.00,0.00,0.90,"",0,0.0,5,1.9,5,1.9,5,1.9,69380,6.0,0,0.0,0,0.0,14,4.1
"13121","1","48-49","74","0","2025","4","",50,4924,5000,5140,86468680,0,0,1325,"",0.25,1.35,1.36,1.37,1.03,0.00,0.00,0.75,"",1,2.0,52,1.1,43,0.9,93,1.8,-1166263,-1.3,0,0.0,0,0.0,-34,-2.5
"13121","1","484","75","0","2025","4","",1,2,2,2,90574,0,0,3484,"",72.98,110.43,109.96,109.50,94.81,0.00,0.00,0.86,"",0,0.0,0,0.0,0,0.0,0,0.0,4650,5.4,0,0.0,0,0.0,179,5.4
"13121","1","4841","76","0","2025","4","",1,2,2,2,90574,0,0,3484,"",72.98,110.43,109.96,109.50,94.81,0.00,0.00,0.86,"",0,0.0,0,0.0,0,0.0,0,0.0,4650,5.4,0,0.0,0,0.0,179,5.4
"13121","1","48412","77","0","2025","4","",1,2,2,2,90574,0,0,3484,"",72.98,110.43,109.96,109.50,94.81,0.00,0.00,0.86,"",0,0.0,0,0.0,0,0.0,0,0.0,4650,5.4,0,0.0,0,0.0,179,5.4
"13121","1","484121","78","0","2025","4","",1,2,2,2,90574,0,0,3484,"",72.98,110.43,109.96,109.50,94.81,0.00,0.00,0.86,"",0,0.0,0,0.0,0,0.0,0,0.0,4650,5.4,0,0.0,0,0.0,179,5.4
"13121","1","488","75","0","2025","4","",2,76,76,75,2533482,0,0,2576,"",2.25,1.01,1.00,0.98,0.62,0.00,0.00,0.62,"",0,0.0,-4,-5.0,-6,-7.3,-7,-8.5,-433650,-14.6,0,0.0,0,0.0,-230,-8.2
"13121","1","4881","76","0","2025","4","",2,76,76,75,2533482,0,0,2576,"",2.25,1.01,1.00,0.98,0.62,0.00,0.00,0.62,"",0,0.0,-4,-5.0,-6,-7.3,-7,-8.5,-433650,-14.6,0,0.0,0,0.0,-230,-8.2
"13121","1","48811","77","0","2025","4","",2,76,76,75,2533482,0,0,2576,"",2.25,1.01,1.00,0.98,0.62,0.00,0.00,0.62,"",0,0.0,-4,-5.0,-6,-7.3,-7,-8.5,-433650,-14.6,0,0.0,0,0.0,-230,-8.2
"13121","1","488111","78","0","2025","4","",2,76,76,75,2533482,0,0,2576,"",2.26,1.01,1.00,0.99,0.62,0.00,0.00,0.62,"",0,0.0,-4,-5.0,-6,-7.3,-7,-8.5,-433650,-14.6,0,0.0,0,0.0,-230,-8.2
"13121","1","491","75","0","2025","4","",47,4846,4922,5063,83844624,0,0,1305,"",0.23,1.36,1.37,1.38,1.05,0.00,0.00,0.76,"",1,2.2,56,1.2,49,1.0,100,2.0,-737263,-0.9,0,0.0,0,0.0,-30,-2.2
"13121","1","4911","76","0","2025","4","",47,4846,4922,5063,83844624,0,0,1305,"",0.23,1.36,1.37,1.38,1.05,0.00,0.00,0.76,"",1,2.2,56,1.2,49,1.0,100,2.0,-737263,-0.9,0,0.0,0,0.0,-30,-2.2
"13121","1","49111","77","0","2025","4","",47,4846,4922,5063,83844624,0,0,1305,"",0.23,1.36,1.37,1.38,1.05,0.00,0.00,0.76,"",1,2.2,56,1.2,49,1.0,100,2.0,-737263,-0.9,0,0.0,0,0.0,-30,-2.2
"13121","1","491110","78","0","2025","4","",47,4846,4922,5063,83844624,0,0,1305,"",0.23,1.36,1.37,1.38,1.05,0.00,0.00,0.76,"",1,2.2,56,1.2,49,1.0,100,2.0,-737263,-0.9,0,0.0,0,0.0,-30,-2.2
"13121","1","51","74","0","2025","4","",2,30,30,30,866217,0,0,2221,"",1.91,0.81,0.81,0.80,0.74,0.00,0.00,0.92,"",0,0.0,-10,-25.0,-9,-23.1,-9,-23.1,-208000,-19.4,0,0.0,0,0.0,120,5.7
"13121","1","513","75","0","2025","4","",1,14,14,14,467932,0,0,2571,"",20.85,19.65,19.57,19.00,20.45,0.00,0.00,1.05,"",0,0.0,0,0.0,0,0.0,0,0.0,24380,5.5,0,0.0,0,0.0,134,5.5
"13121","1","5131","76","0","2025","4","",1,14,14,14,467932,0,0,2571,"",20.85,19.65,19.57,19.00,20.45,0.00,0.00,1.05,"",0,0.0,0,0.0,0,0.0,0,0.0,24380,5.5,0,0.0,0,0.0,134,5.5
"13121","1","51313","77","0","2025","4","",1,14,14,14,467932,0,0,2571,"",36.49,52.70,52.48,49.99,53.64,0.00,0.00,1.04,"",0,0.0,0,0.0,0,0.0,0,0.0,24380,5.5,0,0.0,0,0.0,134,5.5
"13121","1","513130","78","0","2025","4","",1,14,14,14,467932,0,0,2571,"",36.49,52.70,52.48,49.99,53.64,0.00,0.00,1.04,"",0,0.0,0,0.0,0,0.0,0,0.0,24380,5.5,0,0.0,0,0.0,134,5.5
"13121","1","519","75","0","2025","4","",1,16,16,16,398285,0,0,1915,"",1.05,0.54,0.53,0.53,0.41,0.00,0.00,0.77,"",0,0.0,-10,-38.5,-9,-36.0,-9,-36.0,-232380,-36.8,0,0.0,0,0.0,0,0.0
"13121","1","5192","76","0","2025","4","",1,16,16,16,398285,0,0,1915,"",1.05,0.54,0.53,0.53,0.41,0.00,0.00,0.77,"",0,0.0,-10,-38.5,-9,-36.0,-9,-36.0,-232380,-36.8,0,0.0,0,0.0,0,0.0
"13121","1","51921","77","0","2025","4","",1,16,16,16,398285,0,0,1915,"",1.05,0.54,0.53,0.53,0.41,0.00,0.00,0.77,"",0,0.0,-10,-38.5,-9,-36.0,-9,-36.0,-232380,-36.8,0,0.0,0,0.0,0,0.0
"13121","1","519210","78","0","2025","4","",1,16,16,16,398285,0,0,1915,"",1.05,0.54,0.53,0.53,0.41,0.00,0.00,0.77,"",0,0.0,-10,-38.5,-9,-36.0,-9,-36.0,-232380,-36.8,0,0.0,0,0.0,0,0.0
"13121","1","52","74","0","2025","4","",1,12,12,12,771022,0,0,4942,"",0.18,0.19,0.19,0.19,0.23,0.00,0.00,1.25,"",0,0.0,-11,-47.8,-11,-47.8,-9,-42.9,37039,5.0,0,0.0,0,0.0,2414,95.5
"13121","1","522","75","0","2025","4","",1,12,12,12,771022,0,0,4942,"",0.23,0.43,0.43,0.43,0.62,0.00,0.00,1.45,"",0,0.0,-11,-47.8,-11,-47.8,-9,-42.9,37039,5.0,0,0.0,0,0.0,2414,95.5
"13121","1","5222","76","0","2025","4","",1,12,12,12,771022,0,0,4942,"",0.23,0.43,0.43,0.43,0.63,0.00,0.00,1.45,"",0,0.0,-11,-47.8,-11,-47.8,-9,-42.9,37039,5.0,0,0.0,0,0.0,2414,95.5
"13121","1","52229","77","0","2025","4","",1,12,12,12,771022,0,0,4942,"",0.23,0.43,0.43,0.43,0.63,0.00,0.00,1.45,"",0,0.0,-11,-47.8,-11,-47.8,-9,-42.9,37039,5.0,0,0.0,0,0.0,2414,95.5
"13121","1","522299","78","0","2025","4","",1,12,12,12,771022,0,0,4942,"",0.42,0.87,0.87,0.87,1.17,0.00,0.00,1.34,"",0,0.0,-11,-47.8,-11,-47.8,-9,-42.9,37039,5.0,0,0.0,0,0.0,2414,95.5
"13121","1","54","74","0","2025","4","",2,110,108,104,3696986,0,0,2650,"",0.21,0.28,0.27,0.27,0.30,0.00,0.00,1.09,"",0,0.0,-17,-13.4,-19,-15.0,-23,-18.1,-106573,-2.8,0,0.0,0,0.0,346,15.0
"13121","1","541","75","0","2025","4","",2,110,108,104,3696986,0,0,2650,"",0.21,0.28,0.27,0.27,0.30,0.00,0.00,1.09,"",0,0.0,-17,-13.4,-19,-15.0,-23,-18.1,-106573,-2.8,0,0.0,0,0.0,346,15.0
"13121","1","5413","76","0","2025","4","",1,107,105,102,3609918,0,0,2653,"",0.17,0.34,0.33,0.33,0.37,0.00,0.00,1.12,"",0,0.0,-13,-10.8,-16,-13.2,-19,-15.7,-19073,-0.5,0,0.0,0,0.0,340,14.7
"13121","1","54133","77","0","2025","4","",1,107,105,102,3609918,0,0,2653,"",0.17,0.36,0.35,0.34,0.39,0.00,0.00,1.12,"",0,0.0,-13,-10.8,-16,-13.2,-19,-15.7,-19073,-0.5,0,0.0,0,0.0,340,14.7
"13121","1","541330","78","0","2025","4","",1,107,105,102,3609918,0,0,2653,"",0.17,0.36,0.35,0.34,0.39,0.00,0.00,1.12,"",0,0.0,-13,-10.8,-16,-13.2,-19,-15.7,-19073,-0.5,0,0.0,0,0.0,340,14.7
"13121","1","5416","76","0","2025","4","",1,3,3,2,87068,0,0,2512,"",1.85,0.70,0.70,0.46,0.55,0.00,0.00,0.89,"",0,0.0,-4,-57.1,-3,-50.0,-4,-66.7,-87500,-50.1,0,0.0,0,0.0,392,18.5
"13121","1","54162","77","0","2025","4","",1,3,3,2,87068,0,0,2512,"",8.59,0.97,0.97,0.65,0.71,0.00,0.00,0.82,"",0,0.0,-4,-57.1,-3,-50.0,-4,-66.7,-87500,-50.1,0,0.0,0,0.0,392,18.5
"13121","1","541620","78","0","2025","4","",1,3,3,2,87068,0,0,2512,"",8.59,0.97,0.97,0.65,0.71,0.00,0.00,0.82,"",0,0.0,-4,-57.1,-3,-50.0,-4,-66.7,-87500,-50.1,0,0.0,0,0.0,392,18.5
"13121","1","62","74","0","2025","4","",2,4580,4603,4608,115692530,0,0,1936,"",0.23,1.84,1.84,1.84,1.38,0.00,0.00,0.75,"",0,0.0,-195,-4.1,-258,-5.3,-323,-6.6,-5439322,-4.5,0,0.0,0,0.0,17,0.9
"13121","1","622","75","0","2025","4","",2,4580,4603,4608,115692530,0,0,1936,"",0.62,2.13,2.13,2.12,1.56,0.00,0.00,0.73,"",0,0.0,-195,-4.1,-258,-5.3,-323,-6.6,-5439322,-4.5,0,0.0,0,0.0,17,0.9
"13121","1","6221","76","0","2025","4","",2,4580,4603,4608,115692530,0,0,1936,"",0.63,2.17,2.17,2.16,1.59,0.00,0.00,0.73,"",0,0.0,-195,-4.1,-258,-5.3,-323,-6.6,-5439322,-4.5,0,0.0,0,0.0,17,0.9
"13121","1","62211","77","0","2025","4","",2,4580,4603,4608,115692530,0,0,1936,"",0.63,2.17,2.17,2.16,1.59,0.00,0.00,0.73,"",0,0.0,-195,-4.1,-258,-5.3,-323,-6.6,-5439322,-4.5,0,0.0,0,0.0,17,0.9
"13121","1","622110","78","0","2025","4","",2,4580,4603,4608,115692530,0,0,1936,"",0.63,2.17,2.17,2.16,1.59,0.00,0.00,0.73,"",0,0.0,-195,-4.1,-258,-5.3,-323,-6.6,-5439322,-4.5,0,0.0,0,0.0,17,0.9
"13121","1","71","74","0","2025","4","",1,120,120,117,3289290,0,0,2126,"",0.14,0.53,0.53,0.54,0.69,0.00,0.00,1.30,"",0,0.0,-18,-13.0,-23,-16.1,-22,-15.8,-610014,-15.6,0,0.0,0,0.0,-16,-0.7
"13121","1","712","75","0","2025","4","",1,120,120,117,3289290,0,0,2126,"",0.29,0.95,0.94,0.97,0.96,0.00,0.00,1.01,"",0,0.0,-18,-13.0,-23,-16.1,-22,-15.8,-610014,-15.6,0,0.0,0,0.0,-16,-0.7
"13121","1","7121","76","0","2025","4","",1,120,120,117,3289290,0,0,2126,"",0.29,0.95,0.94,0.97,0.96,0.00,0.00,1.01,"",0,0.0,-18,-13.0,-23,-16.1,-22,-15.8,-610014,-15.6,0,0.0,0,0.0,-16,-0.7
"13121","1","71219","77","0","2025","4","",1,120,120,117,3289290,0,0,2126,"",0.35,1.36,1.35,1.43,1.50,0.00,0.00,1.08,"",0,0.0,-18,-13.0,-23,-16.1,-22,-15.8,-610014,-15.6,0,0.0,0,0.0,-16,-0.7
"13121","1","712190","78","0","2025","4","",1,120,120,117,3289290,0,0,2126,"",0.35,1.36,1.35,1.43,1.50,0.00,0.00,1.08,"",0,0.0,-18,-13.0,-23,-16.1,-22,-15.8,-610014,-15.6,0,0.0,0,0.0,-16,-0.7
"13121","1","81","74","0","2025","4","-",0,0,0,0,0,0,0,0,"N",0.00,0,0,0,0,0,0,0,"N",-1,-100.0,0,0,0,0,0,0,0,0,0,0,0,0,0,0
"13121","1","813","75","0","2025","4","-",0,0,0,0,0,0,0,0,"N",0.00,0,0,0,0,0,0,0,"N",-1,-100.0,0,0,0,0,0,0,0,0,0,0,0,0,0,0
"13121","1","8133","76","0","2025","4","-",0,0,0,0,0,0,0,0,"N",0.00,0,0,0,0,0,0,0,"N",-1,-100.0,0,0,0,0,0,0,0,0,0,0,0,0,0,0
"13121","1","81331","77","0","2025","4","-",0,0,0,0,0,0,0,0,"N",0.00,0,0,0,0,0,0,0,"N",-1,-100.0,0,0,0,0,0,0,0,0,0,0,0,0,0,0
"13121","1","813311","78","0","2025","4","-",0,0,0,0,0,0,0,0,"N",0.00,0,0,0,0,0,0,0,"N",-1,-100.0,0,0,0,0,0,0,0,0,0,0,0,0,0,0
"13121","1","92","74","0","2025","4","",83,18260,18261,18174,566317367,0,0,2389,"",0.50,1.98,1.98,1.97,1.69,0.00,0.00,0.86,"",-2,-2.4,-1559,-7.9,-1700,-8.5,-1915,-9.5,-37879923,-6.3,0,0.0,0,0.0,60,2.6
"13121","1","921","75","0","2025","4","",15,2009,2009,1995,63066127,0,0,2420,"",1.22,2.35,2.35,2.39,2.18,0.00,0.00,0.92,"",0,0.0,-60,-2.9,-82,-3.9,-117,-5.5,856170,1.4,0,0.0,0,0.0,131,5.7
"13121","1","9211","76","0","2025","4","",15,2009,2009,1995,63066127,0,0,2420,"",1.22,2.35,2.35,2.39,2.18,0.00,0.00,0.92,"",0,0.0,-60,-2.9,-82,-3.9,-117,-5.5,856170,1.4,0,0.0,0,0.0,131,5.7
"13121","1","92113","77","0","2025","4","",4,1227,1227,1208,37425506,0,0,2358,"",1.03,2.21,2.21,2.23,2.01,0.00,0.00,0.91,"",0,0.0,-78,-6.0,-100,-7.5,-149,-11.0,-540541,-1.4,0,0.0,0,0.0,162,7.4
"13121","1","921130","78","0","2025","4","",4,1227,1227,1208,37425506,0,0,2358,"",1.03,2.21,2.21,2.23,2.01,0.00,0.00,0.91,"",0,0.0,-78,-6.0,-100,-7.5,-149,-11.0,-540541,-1.4,0,0.0,0,0.0,162,7.4
"13121","1","92119","77","0","2025","4","",11,782,782,787,25640621,0,0,2517,"",1.32,4.43,4.40,4.45,4.05,0.00,0.00,0.92,"",0,0.0,18,2.4,18,2.4,32,4.2,1396711,5.8,0,0.0,0,0.0,66,2.7
"13121","1","921190","78","0","2025","4","",11,782,782,787,25640621,0,0,2517,"",1.32,4.43,4.40,4.45,4.05,0.00,0.00,0.92,"",0,0.0,18,2.4,18,2.4,32,4.2,1396711,5.8,0,0.0,0,0.0,66,2.7
"13121","1","922","75","0","2025","4","",18,2272,2272,2273,65978056,0,0,2233,"",0.74,1.42,1.42,1.41,0.99,0.00,0.00,0.70,"",0,0.0,-159,-6.5,-173,-7.1,-190,-7.7,-5818188,-8.1,0,0.0,0,0.0,-25,-1.1
"13121","1","9221","76","0","2025","4","",18,2272,2272,2273,65978056,0,0,2233,"",0.74,1.42,1.42,1.41,0.99,0.00,0.00,0.70,"",0,0.0,-159,-6.5,-173,-7.1,-190,-7.7,-5818188,-8.1,0,0.0,0,0.0,-25,-1.1
"13121","1","92211","77","0","2025","4","",2,484,484,485,12285612,0,0,1951,"",0.38,2.46,2.46,2.45,1.78,0.00,0.00,0.72,"",0,0.0,-17,-3.4,-13,-2.6,-11,-2.2,201677,1.7,0,0.0,0,0.0,84,4.5
"13121","1","922110","78","0","2025","4","",2,484,484,485,12285612,0,0,1951,"",0.38,2.46,2.46,2.45,1.78,0.00,0.00,0.72,"",0,0.0,-17,-3.4,-13,-2.6,-11,-2.2,201677,1.7,0,0.0,0,0.0,84,4.5
"13121","1","92212","77","0","2025","4","",9,654,654,650,21905450,0,0,2582,"",0.78,0.73,0.72,0.71,0.54,0.00,0.00,0.75,"",0,0.0,-54,-7.6,-59,-8.3,-62,-8.7,-926588,-4.1,0,0.0,0,0.0,112,4.5
"13121","1","922120","78","0","2025","4","",9,654,654,650,21905450,0,0,2582,"",0.78,0.73,0.72,0.71,0.54,0.00,0.00,0.75,"",0,0.0,-54,-7.6,-59,-8.3,-62,-8.7,-926588,-4.1,0,0.0,0,0.0,112,4.5
"13121","1","92213","77","0","2025","4","",1,3,3,1,45386,0,0,1496,"",0.40,0.03,0.03,0.01,0.01,0.00,0.00,0.43,"",0,0.0,-1,-25.0,-1,-25.0,-3,-75.0,-92657,-67.1,0,0.0,0,0.0,-1159,-43.7
"13121","1","922130","78","0","2025","4","",1,3,3,1,45386,0,0,1496,"",0.40,0.03,0.03,0.01,0.01,0.00,0.00,0.43,"",0,0.0,-1,-25.0,-1,-25.0,-3,-75.0,-92657,-67.1,0,0.0,0,0.0,-1159,-43.7
"13121","1","92214","77","0","2025","4","",1,445,445,441,12728616,0,0,2207,"",1.00,2.20,2.19,2.19,2.01,0.00,0.00,0.92,"",0,0.0,-17,-3.7,-22,-4.7,-27,-5.8,-418384,-3.2,0,0.0,0,0.0,35,1.6
"13121","1","922140","78","0","2025","4","",1,445,445,441,12728616,0,0,2207,"",1.00,2.20,2.19,2.19,2.01,0.00,0.00,0.92,"",0,0.0,-17,-3.7,-22,-4.7,-27,-5.8,-418384,-3.2,0,0.0,0,0.0,35,1.6
"13121","1","92219","77","0","2025","4","",5,686,686,696,19012992,0,0,2122,"",1.29,3.87,3.85,3.87,2.65,0.00,0.00,0.69,"",0,0.0,-70,-9.3,-78,-10.2,-87,-11.1,-4582236,-19.4,0,0.0,0,0.0,-242,-10.2
"13121","1","922190","78","0","2025","4","",5,686,686,696,19012992,0,0,2122,"",1.29,3.87,3.85,3.87,2.65,0.00,0.00,0.69,"",0,0.0,-70,-9.3,-78,-10.2,-87,-11.1,-4582236,-19.4,0,0.0,0,0.0,-242,-10.2
"13121","1","923","75","0","2025","4","",17,8315,8315,8269,266759480,0,0,2472,"",0.93,6.34,6.31,6.25,5.45,0.00,0.00,0.86,"",-2,-10.5,-892,-9.7,-952,-10.3,-1032,-11.1,-17818106,-6.3,0,0.0,0,0.0,108,4.6
"13121","1","9231","76","0","2025","4","",17,8315,8315,8269,266759480,0,0,2472,"",0.93,6.34,6.31,6.25,5.45,0.00,0.00,0.86,"",-2,-10.5,-892,-9.7,-952,-10.3,-1032,-11.1,-17818106,-6.3,0,0.0,0,0.0,108,4.6
"13121","1","92311","77","0","2025","4","",1,58,58,57,2366115,0,0,3156,"",1.21,6.07,6.04,6.02,4.87,0.00,0.00,0.81,"",0,0.0,-20,-25.6,-20,-25.6,-22,-27.8,-732396,-23.6,0,0.0,0,0.0,113,3.7
"13121","1","923110","78","0","2025","4","",1,58,58,57,2366115,0,0,3156,"",1.21,6.07,6.04,6.02,4.87,0.00,0.00,0.81,"",0,0.0,-20,-25.6,-20,-25.6,-22,-27.8,-732396,-23.6,0,0.0,0,0.0,113,3.7
"13121","1","92312","77","0","2025","4","",8,7515,7515,7462,239377410,0,0,2456,"",1.47,23.57,23.48,23.34,17.30,0.00,0.00,0.74,"",-1,-11.1,-655,-8.0,-710,-8.6,-798,-9.7,-12292695,-4.9,0,0.0,0,0.0,100,4.2
"13121","1","923120","78","0","2025","4","",8,7515,7515,7462,239377410,0,0,2456,"",1.47,23.57,23.48,23.34,17.30,0.00,0.00,0.74,"",-1,-11.1,-655,-8.0,-710,-8.6,-798,-9.7,-12292695,-4.9,0,0.0,0,0.0,100,4.2
"13121","1","92313","77","0","2025","4","",7,728,728,736,24543806,0,0,2584,"",0.73,2.06,2.05,2.07,1.84,0.00,0.00,0.89,"",-1,-12.5,-217,-23.0,-222,-23.4,-212,-22.4,-4822322,-16.4,0,0.0,0,0.0,200,8.4
"13121","1","923130","78","0","2025","4","",7,728,728,736,24543806,0,0,2584,"",0.73,2.06,2.05,2.07,1.84,0.00,0.00,0.89,"",-1,-12.5,-217,-23.0,-222,-23.4,-212,-22.4,-4822322,-16.4,0,0.0,0,0.0,200,8.4
"13121","1","92314","77","0","2025","4","",1,14,14,14,472149,0,0,2594,"",0.41,0.02,0.02,0.02,0.02,0.00,0.00,1.00,"",0,0.0,0,0.0,0,0.0,0,0.0,29307,6.6,0,0.0,0,0.0,161,6.6
"13121","1","923140","78","0","2025","4","",1,14,14,14,472149,0,0,2594,"",0.41,0.02,0.02,0.02,0.02,0.00,0.00,1.00,"",0,0.0,0,0.0,0,0.0,0,0.0,29307,6.6,0,0.0,0,0.0,161,6.6
"13121","1","924","75","0","2025","4","",7,952,952,949,28751147,0,0,2326,"",0.20,1.74,1.73,1.72,1.54,0.00,0.00,0.89,"",0,0.0,-75,-7.3,-75,-7.3,-80,-7.8,-4454599,-13.4,0,0.0,0,0.0,-160,-6.4
"13121","1","9241","76","0","2025","4","",7,952,952,949,28751147,0,0,2326,"",0.20,1.74,1.73,1.72,1.54,0.00,0.00,0.89,"",0,0.0,-75,-7.3,-75,-7.3,-80,-7.8,-4454599,-13.4,0,0.0,0,0.0,-160,-6.4
"13121","1","92411","77","0","2025","4","",2,769,769,769,22922689,0,0,2293,"",0.85,7.39,7.36,7.38,5.30,0.00,0.00,0.72,"",0,0.0,-51,-6.2,-56,-6.8,-57,-6.9,-4144081,-15.3,0,0.0,0,0.0,-235,-9.3
"13121","1","924110","78","0","2025","4","",2,769,769,769,22922689,0,0,2293,"",0.85,7.39,7.36,7.38,5.30,0.00,0.00,0.72,"",0,0.0,-51,-6.2,-56,-6.8,-57,-6.9,-4144081,-15.3,0,0.0,0,0.0,-235,-9.3
"13121","1","92412","77","0","2025","4","",5,183,183,180,5828458,0,0,2463,"",0.15,0.41,0.41,0.40,0.41,0.00,0.00,0.99,"",0,0.0,-24,-11.6,-19,-9.4,-23,-11.3,-310518,-5.1,0,0.0,0,0.0,148,6.4
"13121","1","924120","78","0","2025","4","",5,183,183,180,5828458,0,0,2463,"",0.15,0.41,0.41,0.40,0.41,0.00,0.00,0.99,"",0,0.0,-24,-11.6,-19,-9.4,-23,-11.3,-310518,-5.1,0,0.0,0,0.0,148,6.4
"13121","1","925","75","0","2025","4","",2,368,368,362,11840245,0,0,2488,"",1.74,8.20,8.16,8.10,5.32,0.00,0.00,0.65,"",0,0.0,-97,-20.9,-95,-20.5,-102,-22.0,-1856485,-13.6,0,0.0,0,0.0,217,9.6
"13121","1","9251","76","0","2025","4","",2,368,368,362,11840245,0,0,2488,"",1.74,8.20,8.16,8.10,5.32,0.00,0.00,0.65,"",0,0.0,-97,-20.9,-95,-20.5,-102,-22.0,-1856485,-13.6,0,0.0,0,0.0,217,9.6
"13121","1","92511","77","0","2025","4","",1,362,362,356,11713177,0,0,2503,"",1.34,9.26,9.23,9.15,5.83,0.00,0.00,0.63,"",0,0.0,-97,-21.1,-95,-20.8,-102,-22.3,-1857111,-13.7,0,0.0,0,0.0,224,9.8
"13121","1","925110","78","0","2025","4","",1,362,362,356,11713177,0,0,2503,"",1.34,9.26,9.23,9.15,5.83,0.00,0.00,0.63,"",0,0.0,-97,-21.1,-95,-20.8,-102,-22.3,-1857111,-13.7,0,0.0,0,0.0,224,9.8
"13121","1","92512","77","0","2025","4","",1,6,6,6,127068,0,0,1629,"",2.47,1.03,1.03,1.04,0.58,0.00,0.00,0.56,"",0,0.0,0,0.0,0,0.0,0,0.0,626,0.5,0,0.0,0,0.0,8,0.5
"13121","1","925120","78","0","2025","4","",1,6,6,6,127068,0,0,1629,"",2.47,1.03,1.03,1.04,0.58,0.00,0.00,0.56,"",0,0.0,0,0.0,0,0.0,0,0.0,626,0.5,0,0.0,0,0.0,8,0.5
"13121","1","926","75","0","2025","4","",20,3999,3999,3981,120948476,0,0,2330,"",0.35,2.88,2.87,2.83,2.14,0.00,0.00,0.75,"",0,0.0,-297,-6.9,-339,-7.8,-410,-9.3,-9786219,-7.5,0,0.0,0,0.0,14,0.6
"13121","1","9261","76","0","2025","4","",20,3999,3999,3981,120948476,0,0,2330,"",0.35,2.88,2.87,2.83,2.14,0.00,0.00,0.75,"",0,0.0,-297,-6.9,-339,-7.8,-410,-9.3,-9786219,-7.5,0,0.0,0,0.0,14,0.6
"13121","1","92611","77","0","2025","4","",6,302,302,304,8432966,0,0,2143,"",0.28,1.33,1.32,1.35,0.92,0.00,0.00,0.69,"",0,0.0,-40,-11.7,-52,-14.7,-57,-15.8,-1249181,-12.9,0,0.0,0,0.0,29,1.4
"13121","1","926110","78","0","2025","4","",6,302,302,304,8432966,0,0,2143,"",0.28,1.33,1.32,1.35,0.92,0.00,0.00,0.69,"",0,0.0,-40,-11.7,-52,-14.7,-57,-15.8,-1249181,-12.9,0,0.0,0,0.0,29,1.4
"13121","1","92612","77","0","2025","4","",3,3205,3205,3193,91825639,0,0,2207,"",0.44,4.85,4.83,4.82,3.84,0.00,0.00,0.79,"",0,0.0,-187,-5.5,-211,-6.2,-273,-7.9,-6743506,-6.8,0,0.0,0,0.0,-7,-0.3
"13121","1","926120","78","0","2025","4","",3,3205,3205,3193,91825639,0,0,2207,"",0.44,4.85,4.83,4.82,3.84,0.00,0.00,0.79,"",0,0.0,-187,-5.5,-211,-6.2,-273,-7.9,-6743506,-6.8,0,0.0,0,0.0,-7,-0.3
"13121","1","92613","77","0","2025","4","",1,154,154,152,6027385,0,0,3024,"",0.63,1.93,1.95,1.92,1.15,0.00,0.00,0.59,"",0,0.0,-23,-13.0,-24,-13.5,-24,-13.6,-702729,-10.4,0,0.0,0,0.0,99,3.4
"13121","1","926130","78","0","2025","4","",1,154,154,152,6027385,0,0,3024,"",0.63,1.93,1.95,1.92,1.15,0.00,0.00,0.59,"",0,0.0,-23,-13.0,-24,-13.5,-24,-13.6,-702729,-10.4,0,0.0,0,0.0,99,3.4
"13121","1","92614","77","0","2025","4","",1,82,82,85,2765469,0,0,2563,"",0.05,0.35,0.35,0.34,0.34,0.00,0.00,0.98,"",0,0.0,-24,-22.6,-28,-25.5,-22,-20.6,-213270,-7.2,0,0.0,0,0.0,435,20.4
"13121","1","926140","78","0","2025","4","",1,82,82,85,2765469,0,0,2563,"",0.05,0.35,0.35,0.34,0.34,0.00,0.00,0.98,"",0,0.0,-24,-22.6,-28,-25.5,-22,-20.6,-213270,-7.2,0,0.0,0,0.0,435,20.4
"13121","1","92615","77","0","2025","4","",9,256,256,247,11897017,0,0,3617,"",1.38,1.36,1.36,1.31,1.18,0.00,0.00,0.88,"",0,0.0,-23,-8.2,-24,-8.6,-34,-12.1,-877533,-6.9,0,0.0,0,0.0,108,3.1
"13121","1","926150","78","0","2025","4","",9,256,256,247,11897017,0,0,3617,"",1.38,1.36,1.36,1.31,1.18,0.00,0.00,0.88,"",0,0.0,-23,-8.2,-24,-8.6,-34,-12.1,-877533,-6.9,0,0.0,0,0.0,108,3.1
"13121","1","928","75","0","2025","4","",4,345,346,345,8973836,0,0,1999,"",0.23,0.10,0.10,0.10,0.08,0.00,0.00,0.81,"",0,0.0,21,6.5,16,4.8,16,4.9,997504,12.5,0,0.0,0,0.0,126,6.7
"13121","1","9281","76","0","2025","4","",4,345,346,345,8973836,0,0,1999,"",0.23,0.10,0.10,0.10,0.08,0.00,0.00,0.81,"",0,0.0,21,6.5,16,4.8,16,4.9,997504,12.5,0,0.0,0,0.0,126,6.7
"13121","1","92811","77","0","2025","4","",2,202,203,201,4915475,0,0,1872,"",0.15,0.06,0.07,0.07,0.05,0.00,0.00,0.79,"",0,0.0,-19,-8.6,-18,-8.1,-20,-9.0,-487405,-9.0,0,0.0,0,0.0,-9,-0.5
"13121","1","928110","78","0","2025","4","",2,202,203,201,4915475,0,0,1872,"",0.15,0.06,0.07,0.07,0.05,0.00,0.00,0.79,"",0,0.0,-19,-8.6,-18,-8.1,-20,-9.0,-487405,-9.0,0,0.0,0,0.0,-9,-0.5
"13121","1","92812","77","0","2025","4","",2,143,143,144,4058361,0,0,2178,"",0.57,0.57,0.56,0.56,0.37,0.00,0.00,0.65,"",0,0.0,40,38.8,34,31.2,36,33.3,1484909,57.7,0,0.0,0,0.0,322,17.3
"13121","1","928120","78","0","2025","4","",2,143,143,144,4058361,0,0,2178,"",0.57,0.57,0.56,0.56,0.37,0.00,0.00,0.65,"",0,0.0,40,38.8,34,31.2,36,33.3,1484909,57.7,0,0.0,0,0.0,322,17.3
"13121","2","10","71","0","2025","4","",178,32960,32911,32772,697944050,101832,407,1633,"",0.36,1.10,1.10,1.09,0.85,0.01,0.02,0.77,"",-6,-3.3,2,0.0,-9,0.0,48,0.1,1845659,0.3,23428,29.9,187,85.0,4,0.2
"13121","2","102","72","0","2025","4","",178,32960,32911,32772,697944050,101832,407,1633,"",0.37,1.12,1.11,1.11,0.86,0.01,0.02,0.77,"",-6,-3.3,2,0.0,-9,0.0,48,0.1,1845659,0.3,23428,29.9,187,85.0,4,0.2
"13121","2","1021","73","0","2025","4","",1,1192,1177,1180,23523294,0,0,1530,"",0.15,3.33,3.26,3.24,2.32,0.00,0.00,0.71,"",0,0.0,43,3.7,32,2.8,-4,-0.3,755641,3.3,0,0.0,0,0.0,19,1.3
"13121","2","1025","73","0","2025","4","",10,17390,17342,17262,419827494,0,0,1863,"",0.10,1.02,1.01,1.00,0.90,0.00,0.00,0.89,"",0,0.0,-26,-0.1,-120,-0.7,-85,-0.5,4443571,1.1,0,0.0,0,0.0,28,1.5
"13121","2","1027","73","0","2025","4","",1,105,97,91,1104907,0,0,870,"N",0.82,0,0,0,0,0,0,0,"",0,0.0,39,59.1,24,32.9,20,28.2,224248,25.5,0,0.0,0,0.0,-98,-10.1
"13121","2","1028","73","0","2025","4","",165,14273,14295,14239,253488355,101832,407,1367,"",0.47,1.25,1.24,1.24,0.79,0.02,0.04,0.63,"",-6,-3.5,-54,-0.4,55,0.4,117,0.8,-3577801,-1.4,23428,29.9,187,85.0,-23,-1.7
"13121","2","1029","73","0","2025","4","",1,0,0,0,0,0,0,0,"N",1.78,0,0,0,0,0,0,0,"",0,0.0,0,0.0,0,0.0,0,0.0,0,0.0,0,0.0,0,0.0,0,0.0
"13121","2","48-49","74","0","2025","4","",1,1192,1177,1180,23523294,0,0,1530,"",0.31,4.22,4.13,4.12,2.75,0.00,0.00,0.66,"",0,0.0,43,3.7,32,2.8,-4,-0.3,755641,3.3,0,0.0,0,0.0,19,1.3
"13121","2","488","75","0","2025","4","",1,1192,1177,1180,23523294,0,0,1530,"",0.40,12.39,12.13,12.13,9.03,0.00,0.00,0.74,"",0,0.0,43,3.7,32,2.8,-4,-0.3,755641,3.3,0,0.0,0,0.0,19,1.3
"13121","2","4881","76","0","2025","4","",1,1192,1177,1180,23523294,0,0,1530,"",0.87,44.27,43.37,43.24,42.31,0.00,0.00,0.97,"",0,0.0,43,3.7,32,2.8,-4,-0.3,755641,3.3,0,0.0,0,0.0,19,1.3
"13121","2","48811","77","0","2025","4","",1,1192,1177,1180,23523294,0,0,1530,"N",0.87,0,0,0,0,0,0,0,"",0,0.0,43,3.7,32,2.8,-4,-0.3,755641,3.3,0,0.0,0,0.0,19,1.3
"13121","2","488111","78","0","2025","4","",1,1192,1177,1180,23523294,0,0,1530,"",0.92,48.45,47.41,47.20,49.42,0.00,0.00,1.04,"",0,0.0,43,3.7,32,2.8,-4,-0.3,755641,3.3,0,0.0,0,0.0,19,1.3
"13121","2","61","74","0","2025","4","",5,14951,14914,14838,388161106,0,0,2004,"",0.09,1.17,1.16,1.16,1.15,0.00,0.00,0.99,"",0,0.0,-23,-0.2,-115,-0.8,-68,-0.5,3956741,1.0,0,0.0,0,0.0,30,1.5
"13121","2","611","75","0","2025","4","",5,14951,14914,14838,388161106,0,0,2004,"",0.09,1.17,1.16,1.16,1.15,0.00,0.00,0.99,"",0,0.0,-23,-0.2,-115,-0.8,-68,-0.5,3956741,1.0,0,0.0,0,0.0,30,1.5
"13121","2","6112","76","0","2025","4","",3,641,645,649,7114964,0,0,849,"",0.50,0.48,0.48,0.50,0.32,0.00,0.00,0.65,"",0,0.0,4,0.6,-3,-0.5,19,3.0,-244823,-3.3,0,0.0,0,0.0,-38,-4.3
"13121","2","61121","77","0","2025","4","",3,641,645,649,7114964,0,0,849,"",0.50,0.48,0.48,0.50,0.32,0.00,0.00,0.65,"",0,0.0,4,0.6,-3,-0.5,19,3.0,-244823,-3.3,0,0.0,0,0.0,-38,-4.3
"13121","2","611210","78","0","2025","4","",3,641,645,649,7114964,0,0,849,"",0.50,0.48,0.48,0.50,0.32,0.00,0.00,0.65,"",0,0.0,4,0.6,-3,-0.5,19,3.0,-244823,-3.3,0,0.0,0,0.0,-38,-4.3
"13121","2","6113","76","0","2025","4","",2,14310,14269,14189,381046142,0,0,2056,"",0.05,1.31,1.29,1.29,1.25,0.00,0.00,0.96,"",0,0.0,-27,-0.2,-112,-0.8,-87,-0.6,4201564,1.1,0,0.0,0,0.0,33,1.6
"13121","2","61131","77","0","2025","4","",2,14310,14269,14189,381046142,0,0,2056,"",0.05,1.31,1.29,1.29,1.25,0.00,0.00,0.96,"",0,0.0,-27,-0.2,-112,-0.8,-87,-0.6,4201564,1.1,0,0.0,0,0.0,33,1.6
"13121","2","611310","78","0","2025","4","",2,14310,14269,14189,381046142,0,0,2056,"",0.05,1.31,1.29,1.29,1.25,0.00,0.00,0.96,"",0,0.0,-27,-0.2,-112,-0.8,-87,-0.6,4201564,1.1,0,0.0,0,0.0,33,1.6
"13121","2","62","74","0","2025","4","",5,2439,2428,2424,31666388,0,0,1002,"",0.11,0.56,0.56,0.55,0.24,0.00,0.00,0.44,"",0,0.0,-3,-0.1,-5,-0.2,-17,-0.7,486830,1.6,0,0.0,0,0.0,19,1.9
"13121","2","621","75","0","2025","4","",1,32,33,33,487750,0,0,1149,"",0.11,0.12,0.12,0.12,0.06,0.00,0.00,0.55,"",0,0.0,-4,-11.1,-2,-5.7,-4,-10.8,-42334,-8.0,0,0.0,0,0.0,16,1.4
"13121","2","6214","76","0","2025","4","",1,32,33,33,487750,0,0,1149,"",0.17,0.22,0.23,0.23,0.15,0.00,0.00,0.64,"",0,0.0,-4,-11.1,-2,-5.7,-4,-10.8,-42334,-8.0,0,0.0,0,0.0,16,1.4
"13121","2","62142","77","0","2025","4","",1,32,33,33,487750,0,0,1149,"",0.29,0.41,0.43,0.42,0.28,0.00,0.00,0.67,"",0,0.0,-4,-11.1,-2,-5.7,-4,-10.8,-42334,-8.0,0,0.0,0,0.0,16,1.4
"13121","2","621420","78","0","2025","4","",1,32,33,33,487750,0,0,1149,"",0.29,0.41,0.43,0.42,0.28,0.00,0.00,0.67,"",0,0.0,-4,-11.1,-2,-5.7,-4,-10.8,-42334,-8.0,0,0.0,0,0.0,16,1.4
"13121","2","623","75","0","2025","4","",1,24,27,27,246831,0,0,730,"",0.08,0.04,0.04,0.04,0.02,0.00,0.00,0.38,"",0,0.0,-5,-17.2,1,3.8,1,3.8,-47864,-16.2,0,0.0,0,0.0,-110,-13.1
"13121","2","6239","76","0","2025","4","",1,24,27,27,246831,0,0,730,"",0.40,0.40,0.45,0.44,0.14,0.00,0.00,0.32,"",0,0.0,-5,-17.2,1,3.8,1,3.8,-47864,-16.2,0,0.0,0,0.0,-110,-13.1
"13121","2","62399","77","0","2025","4","",1,24,27,27,246831,0,0,730,"",0.40,0.40,0.45,0.44,0.14,0.00,0.00,0.32,"",0,0.0,-5,-17.2,1,3.8,1,3.8,-47864,-16.2,0,0.0,0,0.0,-110,-13.1
"13121","2","623990","78","0","2025","4","",1,24,27,27,246831,0,0,730,"",0.40,0.40,0.45,0.44,0.14,0.00,0.00,0.32,"",0,0.0,-5,-17.2,1,3.8,1,3.8,-47864,-16.2,0,0.0,0,0.0,-110,-13.1
"13121","2","624","75","0","2025","4","",3,2383,2368,2364,30931807,0,0,1003,"",0.17,4.03,3.98,3.96,2.40,0.00,0.00,0.60,"",0,0.0,6,0.3,-4,-0.2,-14,-0.6,577028,1.9,0,0.0,0,0.0,20,2.0
"13121","2","6241","76","0","2025","4","",2,1609,1597,1591,20756642,0,0,999,"",0.15,3.14,3.10,3.07,1.84,0.00,0.00,0.59,"",0,0.0,6,0.4,-15,-0.9,-31,-1.9,356540,1.7,0,0.0,0,0.0,26,2.7
"13121","2","62419","77","0","2025","4","",2,1609,1597,1591,20756642,0,0,999,"",0.26,5.04,4.98,4.95,2.96,0.00,0.00,0.59,"",0,0.0,6,0.4,-15,-0.9,-31,-1.9,356540,1.7,0,0.0,0,0.0,26,2.7
"13121","2","624190","78","0","2025","4","",2,1609,1597,1591,20756642,0,0,999,"",0.26,5.04,4.98,4.95,2.96,0.00,0.00,0.59,"",0,0.0,6,0.4,-15,-0.9,-31,-1.9,356540,1.7,0,0.0,0,0.0,26,2.7
"13121","2","6244","76","0","2025","4","",1,774,771,773,10175165,0,0,1013,"",6.35,95.32,93.58,93.57,88.54,0.00,0.00,0.94,"",0,0.0,0,0.0,11,1.4,17,2.2,220488,2.2,0,0.0,0,0.0,10,1.0
"13121","2","62441","77","0","2025","4","",1,774,771,773,10175165,0,0,1013,"",6.35,95.32,93.58,93.57,88.54,0.00,0.00,0.94,"",0,0.0,0,0.0,11,1.4,17,2.2,220488,2.2,0,0.0,0,0.0,10,1.0
"13121","2","624410","78","0","2025","4","",1,774,771,773,10175165,0,0,1013,"",6.35,95.32,93.58,93.57,88.54,0.00,0.00,0.94,"",0,0.0,0,0.0,11,1.4,17,2.2,220488,2.2,0,0.0,0,0.0,10,1.0
"13121","2","81","74","0","2025","4","",1,105,97,91,1104907,0,0,870,"N",0.82,0,0,0,0,0,0,0,"",0,0.0,39,59.1,24,32.9,20,28.2,224248,25.5,0,0.0,0,0.0,-98,-10.1
"13121","2","813","75","0","2025","4","",1,105,97,91,1104907,0,0,870,"",1.04,4.05,3.76,3.56,2.53,0.00,0.00,0.67,"",0,0.0,39,59.1,24,32.9,20,28.2,224248,25.5,0,0.0,0,0.0,-98,-10.1
"13121","2","8133","76","0","2025","4","",1,105,97,91,1104907,0,0,870,"N",1.52,0,0,0,0,0,0,0,"",0,0.0,39,59.1,24,32.9,20,28.2,224248,25.5,0,0.0,0,0.0,-98,-10.1
"13121","2","81331","77","0","2025","4","",1,105,97,91,1104907,0,0,870,"N",1.52,0,0,0,0,0,0,0,"",0,0.0,39,59.1,24,32.9,20,28.2,224248,25.5,0,0.0,0,0.0,-98,-10.1
"13121","2","813319","78","0","2025","4","",1,105,97,91,1104907,0,0,870,"",1.64,11.19,10.21,9.81,8.12,0.00,0.00,0.78,"",0,0.0,39,59.1,24,32.9,20,28.2,224248,25.5,0,0.0,0,0.0,-98,-10.1
"13121","2","92","74","0","2025","4","",165,14273,14295,14239,253488355,101832,407,1367,"",0.47,1.25,1.24,1.24,0.79,0.02,0.04,0.63,"",-6,-3.5,-54,-0.4,55,0.4,117,0.8,-3577801,-1.4,23428,29.9,187,85.0,-23,-1.7
"13121","2","921","75","0","2025","4","",24,4812,4811,4828,83377794,101832,407,1331,"",0.53,3.28,3.25,3.24,1.87,0.14,0.30,0.58,"",-1,-4.0,-34,-0.7,-20,-0.4,43,0.9,-5681114,-6.4,23428,29.9,187,85.0,-90,-6.3
"13121","2","9211","76","0","2025","4","",24,4812,4811,4828,83377794,101832,407,1331,"",0.53,3.28,3.25,3.24,1.87,0.14,0.30,0.58,"",-1,-4.0,-34,-0.7,-20,-0.4,43,0.9,-5681114,-6.4,23428,29.9,187,85.0,-90,-6.3
"13121","2","92111","77","0","2025","4","",1,199,196,199,4504384,101832,407,1750,"",0.25,2.35,2.33,2.37,1.82,2.73,6.25,0.77,"",0,0.0,6,3.1,6,3.2,7,3.6,130483,3.0,23428,29.9,187,85.0,-5,-0.3
"13121","2","921110","78","0","2025","4","",1,199,196,199,4504384,101832,407,1750,"",0.25,2.35,2.33,2.37,1.82,2.73,6.25,0.77,"",0,0.0,6,3.1,6,3.2,7,3.6,130483,3.0,23428,29.9,187,85.0,-5,-0.3
"13121","2","92112","77","0","2025","4","",1,257,265,281,5169244,0,0,1486,"",0.32,1.50,1.54,1.62,1.12,0.00,0.00,0.72,"",0,0.0,13,5.3,16,6.4,33,13.3,482945,10.3,0,0.0,0,0.0,27,1.9
"13121","2","921120","78","0","2025","4","",1,257,265,281,5169244,0,0,1486,"",0.32,1.50,1.54,1.62,1.12,0.00,0.00,0.72,"",0,0.0,13,5.3,16,6.4,33,13.3,482945,10.3,0,0.0,0,0.0,27,1.9
"13121","2","92113","77","0","2025","4","",8,1113,1105,1116,22338420,0,0,1546,"",0.47,1.78,1.76,1.77,1.17,0.00,0.00,0.66,"",0,0.0,-2,-0.2,0,0.0,14,1.3,-50813,-0.2,0,0.0,0,0.0,-9,-0.6
"13121","2","921130","78","0","2025","4","",8,1113,1105,1116,22338420,0,0,1546,"",0.47,1.78,1.76,1.77,1.17,0.00,0.00,0.66,"",0,0.0,-2,-0.2,0,0.0,14,1.3,-50813,-0.2,0,0.0,0,0.0,-9,-0.6
"13121","2","92119","77","0","2025","4","",14,3243,3245,3232,51365746,0,0,1220,"",0.69,5.69,5.58,5.53,2.88,0.00,0.00,0.51,"",-1,-6.7,-51,-1.5,-42,-1.3,-11,-0.3,-6243729,-10.8,0,0.0,0,0.0,-133,-9.8
"13121","2","921190","78","0","2025","4","",14,3243,3245,3232,51365746,0,0,1220,"",0.69,5.69,5.58,5.53,2.88,0.00,0.00,0.51,"",-1,-6.7,-51,-1.5,-42,-1.3,-11,-0.3,-6243729,-10.8,0,0.0,0,0.0,-133,-9.8
"13121","2","922","75","0","2025","4","",79,3188,3177,3156,57686995,0,0,1398,"",0.79,0.76,0.75,0.74,0.47,0.00,0.00,0.62,"",-3,-3.7,-26,-0.8,-11,-0.3,-15,-0.5,613951,1.1,0,0.0,0,0.0,22,1.6
"13121","2","9221","76","0","2025","4","",79,3188,3177,3156,57686995,0,0,1398,"",0.79,0.76,0.75,0.74,0.47,0.00,0.00,0.62,"",-3,-3.7,-26,-0.8,-11,-0.3,-15,-0.5,613951,1.1,0,0.0,0,0.0,22,1.6
"13121","2","92211","77","0","2025","4","",20,387,385,374,9210364,0,0,1855,"",0.74,0.60,0.59,0.58,0.48,0.00,0.00,0.82,"",-1,-4.8,10,2.7,10,2.7,2,0.5,245234,2.7,0,0.0,0,0.0,14,0.8
"13121","2","922110","78","0","2025","4","",20,387,385,374,9210364,0,0,1855,"",0.74,0.60,0.59,0.58,0.48,0.00,0.00,0.82,"",-1,-4.8,10,2.7,10,2.7,2,0.5,245234,2.7,0,0.0,0,0.0,14,0.8
"13121","2","92212","77","0","2025","4","",41,1487,1482,1476,25634835,0,0,1331,"",2.24,2.22,2.20,2.18,1.04,0.00,0.00,0.47,"",-2,-4.7,3,0.2,0,0.0,8,0.5,218801,0.9,0,0.0,0,0.0,8,0.6
"13121","2","922120","78","0","2025","4","",41,1487,1482,1476,25634835,0,0,1331,"",2.24,2.22,2.20,2.18,1.04,0.00,0.00,0.47,"",-2,-4.7,3,0.2,0,0.0,8,0.5,218801,0.9,0,0.0,0,0.0,8,0.6
"13121","2","92213","77","0","2025","4","",3,562,560,549,11512378,0,0,1590,"",0.21,1.44,1.43,1.40,0.98,0.00,0.00,0.69,"",0,0.0,9,1.6,5,0.9,1,0.2,271774,2.4,0,0.0,0,0.0,24,1.5
"13121","2","922130","78","0","2025","4","",3,562,560,549,11512378,0,0,1590,"",0.21,1.44,1.43,1.40,0.98,0.00,0.00,0.69,"",0,0.0,9,1.6,5,0.9,1,0.2,271774,2.4,0,0.0,0,0.0,24,1.5
"13121","2","92214","77","0","2025","4","",2,246,247,250,3539410,0,0,1099,"",0.07,0.11,0.11,0.11,0.06,0.00,0.00,0.54,"",0,0.0,-6,-2.4,-6,-2.4,-3,-1.2,-15969,-0.4,0,0.0,0,0.0,17,1.6
"13121","2","922140","78","0","2025","4","",2,246,247,250,3539410,0,0,1099,"",0.07,0.11,0.11,0.11,0.06,0.00,0.00,0.54,"",0,0.0,-6,-2.4,-6,-2.4,-3,-1.2,-15969,-0.4,0,0.0,0,0.0,17,1.6
"13121","2","92215","77","0","2025","4","",13,506,503,507,7790008,0,0,1186,"",2.01,4.13,4.08,4.09,2.51,0.00,0.00,0.61,"",0,0.0,-42,-7.7,-20,-3.8,-23,-4.3,-105889,-1.3,0,0.0,0,0.0,48,4.2
"13121","2","922150","78","0","2025","4","",13,506,503,507,7790008,0,0,1186,"",2.01,4.13,4.08,4.09,2.51,0.00,0.00,0.61,"",0,0.0,-42,-7.7,-20,-3.8,-23,-4.3,-105889,-1.3,0,0.0,0,0.0,48,4.2
"13121","2","923","75","0","2025","4","",21,4836,4850,4797,86701782,0,0,1381,"",0.28,1.82,1.82,1.79,1.23,0.00,0.00,0.68,"",-1,-4.5,51,1.1,40,0.8,49,1.0,749810,0.9,0,0.0,0,0.0,-2,-0.1
"13121","2","9231","76","0","2025","4","",21,4836,4850,4797,86701782,0,0,1381,"",0.28,1.82,1.82,1.79,1.23,0.00,0.00,0.68,"",-1,-4.5,51,1.1,40,0.8,49,1.0,749810,0.9,0,0.0,0,0.0,-2,-0.1
"13121","2","92311","77","0","2025","4","",8,1623,1623,1650,34242827,0,0,1614,"",0.89,5.76,5.72,5.80,3.97,0.00,0.00,0.69,"",0,0.0,-101,-5.9,-105,-6.1,-55,-3.2,-1590378,-4.4,0,0.0,0,0.0,11,0.7
"13121","2","923110","78","0","2025","4","",8,1623,1623,1650,34242827,0,0,1614,"",0.89,5.76,5.72,5.80,3.97,0.00,0.00,0.69,"",0,0.0,-101,-5.9,-105,-6.1,-55,-3.2,-1590378,-4.4,0,0.0,0,0.0,11,0.7
"13121","2","92312","77","0","2025","4","",10,3080,3096,3017,50003064,0,0,1255,"",0.38,3.30,3.31,3.21,1.94,0.00,0.00,0.59,"",-1,-9.1,153,5.2,148,5.0,108,3.7,2317175,4.9,0,0.0,0,0.0,2,0.2
"13121","2","923120","78","0","2025","4","",10,3080,3096,3017,50003064,0,0,1255,"",0.38,3.30,3.31,3.21,1.94,0.00,0.00,0.59,"",-1,-9.1,153,5.2,148,5.0,108,3.7,2317175,4.9,0,0.0,0,0.0,2,0.2
"13121","2","92313","77","0","2025","4","",1,92,90,90,1821746,0,0,1546,"",0.03,0.07,0.06,0.06,0.05,0.00,0.00,0.81,"",0,0.0,-3,-3.2,-5,-5.3,-6,-6.2,-11725,-0.6,0,0.0,0,0.0,67,4.5
"13121","2","923130","78","0","2025","4","",1,92,90,90,1821746,0,0,1546,"",0.03,0.07,0.06,0.06,0.05,0.00,0.00,0.81,"",0,0.0,-3,-3.2,-5,-5.3,-6,-6.2,-11725,-0.6,0,0.0,0,0.0,67,4.5
"13121","2","92314","77","0","2025","4","",2,41,41,40,634145,0,0,1200,"",0.49,0.83,0.83,0.81,0.58,0.00,0.00,0.71,"",0,0.0,2,5.1,2,5.1,2,5.3,34738,5.8,0,0.0,0,0.0,8,0.7
"13121","2","923140","78","0","2025","4","",2,41,41,40,634145,0,0,1200,"",0.49,0.83,0.83,0.81,0.58,0.00,0.00,0.71,"",0,0.0,2,5.1,2,5.1,2,5.3,34738,5.8,0,0.0,0,0.0,8,0.7
"13121","2","924","75","0","2025","4","",5,378,383,383,5987261,0,0,1208,"",0.10,0.38,0.40,0.40,0.24,0.00,0.00,0.60,"",0,0.0,-6,-1.6,11,3.0,9,2.4,72847,1.2,0,0.0,0,0.0,0,0.0
"13121","2","9241","76","0","2025","4","",5,378,383,383,5987261,0,0,1208,"",0.10,0.38,0.40,0.40,0.24,0.00,0.00,0.60,"",0,0.0,-6,-1.6,11,3.0,9,2.4,72847,1.2,0,0.0,0,0.0,0,0.0
"13121","2","92412","77","0","2025","4","",5,378,383,383,5987261,0,0,1208,"",0.13,0.53,0.56,0.57,0.36,0.00,0.00,0.66,"",0,0.0,-6,-1.6,11,3.0,9,2.4,72847,1.2,0,0.0,0,0.0,0,0.0
"13121","2","924120","78","0","2025","4","",5,378,383,383,5987261,0,0,1208,"",0.13,0.53,0.56,0.57,0.36,0.00,0.00,0.66,"",0,0.0,-6,-1.6,11,3.0,9,2.4,72847,1.2,0,0.0,0,0.0,0,0.0
"13121","2","925","75","0","2025","4","",2,271,271,274,6290503,0,0,1779,"N",0.58,0,0,0,0,0,0,0,"",0,0.0,-7,-2.5,-6,-2.2,-5,-1.8,70508,1.1,0,0.0,0,0.0,58,3.4
"13121","2","9251","76","0","2025","4","",2,271,271,274,6290503,0,0,1779,"N",0.58,0,0,0,0,0,0,0,"",0,0.0,-7,-2.5,-6,-2.2,-5,-1.8,70508,1.1,0,0.0,0,0.0,58,3.4
"13121","2","92512","77","0","2025","4","",2,271,271,274,6290503,0,0,1779,"",1.35,6.03,5.98,6.05,4.66,0.00,0.00,0.78,"",0,0.0,-7,-2.5,-6,-2.2,-5,-1.8,70508,1.1,0,0.0,0,0.0,58,3.4
"13121","2","925120","78","0","2025","4","",2,271,271,274,6290503,0,0,1779,"",1.35,6.03,5.98,6.05,4.66,0.00,0.00,0.78,"",0,0.0,-7,-2.5,-6,-2.2,-5,-1.8,70508,1.1,0,0.0,0,0.0,58,3.4
"13121","2","926","75","0","2025","4","",30,763,778,777,13145308,0,0,1309,"",0.40,0.40,0.40,0.40,0.25,0.00,0.00,0.62,"",-1,-3.2,33,4.5,44,6.0,37,5.0,758343,6.1,0,0.0,0,0.0,12,0.9
"13121","2","9261","76","0","2025","4","",30,763,778,777,13145308,0,0,1309,"",0.40,0.40,0.40,0.40,0.25,0.00,0.00,0.62,"",-1,-3.2,33,4.5,44,6.0,37,5.0,758343,6.1,0,0.0,0,0.0,12,0.9
"13121","2","92611","77","0","2025","4","",1,112,114,116,2340059,0,0,1579,"",0.15,0.59,0.60,0.61,0.49,0.00,0.00,0.82,"",0,0.0,-3,-2.6,0,0.0,0,0.0,-5007,-0.2,0,0.0,0,0.0,10,0.6
"13121","2","926110","78","0","2025","4","",1,112,114,116,2340059,0,0,1579,"",0.15,0.59,0.60,0.61,0.49,0.00,0.00,0.82,"",0,0.0,-3,-2.6,0,0.0,0,0.0,-5007,-0.2,0,0.0,0,0.0,10,0.6
"13121","2","92612","77","0","2025","4","-",0,0,0,0,0,0,0,0,"N",0.00,0,0,0,0,0,0,0,"N",-1,-100.0,0,0,0,0,0,0,0,0,0,0,0,0,0,0
"13121","2","926120","78","0","2025","4","-",0,0,0,0,0,0,0,0,"N",0.00,0,0,0,0,0,0,0,"N",-1,-100.0,0,0,0,0,0,0,0,0,0,0,0,0,0,0
"13121","2","92613","77","0","2025","4","",1,86,86,88,1711397,0,0,1519,"",0.42,1.46,1.46,1.48,0.72,0.00,0.00,0.49,"",0,0.0,2,2.4,3,3.6,5,6.0,97970,6.1,0,0.0,0,0.0,30,2.0
"13121","2","926130","78","0","2025","4","",1,86,86,88,1711397,0,0,1519,"",0.42,1.46,1.46,1.48,0.72,0.00,0.00,0.49,"",0,0.0,2,2.4,3,3.6,5,6.0,97970,6.1,0,0.0,0,0.0,30,2.0
"13121","2","92614","77","0","2025","4","",25,255,256,249,3662871,0,0,1112,"",1.21,1.21,1.22,1.22,0.83,0.00,0.00,0.68,"",0,0.0,8,3.2,7,2.8,-4,-1.6,52811,1.5,0,0.0,0,0.0,0,0.0
"13121","2","926140","78","0","2025","4","",25,255,256,249,3662871,0,0,1112,"",1.21,1.21,1.22,1.22,0.83,0.00,0.00,0.68,"",0,0.0,8,3.2,7,2.8,-4,-1.6,52811,1.5,0,0.0,0,0.0,0,0.0
"13121","2","92615","77","0","2025","4","",3,310,322,324,5430981,0,0,1311,"",0.17,0.91,0.94,0.94,0.59,0.00,0.00,0.63,"",0,0.0,26,9.2,34,11.8,36,12.5,612569,12.7,0,0.0,0,0.0,18,1.4
"13121","2","926150","78","0","2025","4","",3,310,322,324,5430981,0,0,1311,"",0.17,0.91,0.94,0.94,0.59,0.00,0.00,0.63,"",0,0.0,26,9.2,34,11.8,36,12.5,612569,12.7,0,0.0,0,0.0,18,1.4
"13121","2","928","75","0","2025","4","",4,25,25,24,298712,0,0,932,"",0.73,0.22,0.21,0.21,0.12,0.00,0.00,0.58,"",0,0.0,-65,-72.2,-3,-10.7,-1,-4.0,-162146,-35.2,0,0.0,0,0.0,188,25.3
"13121","2","9281","76","0","2025","4","",4,25,25,24,298712,0,0,932,"",0.73,0.22,0.21,0.21,0.12,0.00,0.00,0.58,"",0,0.0,-65,-72.2,-3,-10.7,-1,-4.0,-162146,-35.2,0,0.0,0,0.0,188,25.3
"13121","2","92811","77","0","2025","4","",4,25,25,24,298712,0,0,932,"",0.74,0.22,0.21,0.21,0.12,0.00,0.00,0.58,"",0,0.0,-65,-72.2,-3,-10.7,-1,-4.0,-162146,-35.2,0,0.0,0,0.0,188,25.3
"13121","2","928110","78","0","2025","4","",4,25,25,24,298712,0,0,932,"",0.74,0.22,0.21,0.21,0.12,0.00,0.00,0.58,"",0,0.0,-65,-72.2,-3,-10.7,-1,-4.0,-162146,-35.2,0,0.0,0,0.0,188,25.3
"13121","2","99","74","0","2025","4","",1,0,0,0,0,0,0,0,"N",1.78,0,0,0,0,0,0,0,"",0,0.0,0,0.0,0,0.0,0,0.0,0,0.0,0,0.0,0,0.0,0,0.0
"13121","2","999","75","0","2025","4","",1,0,0,0,0,0,0,0,"N",1.78,0,0,0,0,0,0,0,"",0,0.0,0,0.0,0,0.0,0,0.0,0,0.0,0,0.0,0,0.0,0,0.0
"13121","2","9999","76","0","2025","4","",1,0,0,0,0,0,0,0,"N",1.78,0,0,0,0,0,0,0,"",0,0.0,0,0.0,0,0.0,0,0.0,0,0.0,0,0.0,0,0.0,0,0.0
"13121","2","99999","77","0","2025","4","",1,0,0,0,0,0,0,0,"N",1.78,0,0,0,0,0,0,0,"",0,0.0,0,0.0,0,0.0,0,0.0,0,0.0,0,0.0,0,0.0,0,0.0
"13121","2","999999","78","0","2025","4","",1,0,0,0,0,0,0,0,"N",1.78,0,0,0,0,0,0,0,"",0,0.0,0,0.0,0,0.0,0,0.0,0,0.0,0,0.0,0,0.0,0,0.0
"13121","3","10","71","0","2025","4","",227,45801,45810,45762,842354611,3089416,13528,1415,"",0.19,0.50,0.50,0.50,0.41,0.15,0.20,0.83,"",-2,-0.9,-133,-0.3,-764,-1.6,-444,-1.0,10347692,1.2,-475488,-13.3,-5201,-27.8,31,2.2
"13121","3","102","72","0","2025","4","",227,45801,45810,45762,842354611,3089416,13528,1415,"",0.20,0.50,0.50,0.50,0.42,0.15,0.20,0.83,"",-2,-0.9,-133,-0.3,-764,-1.6,-444,-1.0,10347692,1.2,-475488,-13.3,-5201,-27.8,31,2.2
"13121","3","1021","73","0","2025","4","",1,4182,4236,4284,89299144,1617029,4528,1622,"",0.01,1.17,1.18,1.19,0.85,2.14,1.48,0.72,"",0,0.0,-103,-2.4,-120,-2.8,-154,-3.5,11403773,14.6,-284176,-14.9,1296,40.1,248,18.0
"13121","3","1025","73","0","2025","4","",193,21853,21709,21742,353086258,0,0,1248,"",0.38,0.39,0.38,0.38,0.30,0.00,0.00,0.80,"",-1,-0.5,-664,-2.9,-1318,-5.7,-767,-3.4,-10891713,-3.0,0,0.0,0,0.0,14,1.1
"13121","3","1028","73","0","2025","4","",33,19766,19865,19736,399969209,1472387,9000,1555,"",0.08,0.75,0.75,0.75,0.59,0.17,0.30,0.79,"",-1,-2.9,634,3.3,674,3.5,477,2.5,9835632,2.5,-191312,-11.5,-6497,-41.9,-9,-0.6
"13121","3","48-49","74","0","2025","4","",1,4182,4236,4284,89299144,1617029,4528,1622,"",0.05,2.18,2.19,2.21,1.69,7.24,4.11,0.77,"",0,0.0,-103,-2.4,-120,-2.8,-154,-3.5,11403773,14.6,-284176,-14.9,1296,40.1,248,18.0
"13121","3","485","75","0","2025","4","",1,4182,4236,4284,89299144,1617029,4528,1622,"",0.08,2.72,2.73,2.75,2.18,11.58,6.14,0.80,"",0,0.0,-103,-2.4,-120,-2.8,-154,-3.5,11403773,14.6,-284176,-14.9,1296,40.1,248,18.0
"13121","3","4851","76","0","2025","4","",1,4182,4236,4284,89299144,1617029,4528,1622,"",0.29,3.77,3.79,3.81,2.61,17.68,8.89,0.69,"",0,0.0,-103,-2.4,-120,-2.8,-154,-3.5,11403773,14.6,-284176,-14.9,1296,40.1,248,18.0
"13121","3","48511","77","0","2025","4","",1,4182,4236,4284,89299144,1617029,4528,1622,"",0.29,3.77,3.79,3.81,2.61,17.68,8.89,0.69,"",0,0.0,-103,-2.4,-120,-2.8,-154,-3.5,11403773,14.6,-284176,-14.9,1296,40.1,248,18.0
"13121","3","485111","78","0","2025","4","",1,4182,4236,4284,89299144,1617029,4528,1622,"",1.15,6.66,6.70,6.74,4.58,57.39,56.79,0.68,"",0,0.0,-103,-2.4,-120,-2.8,-154,-3.5,11403773,14.6,-284176,-14.9,1296,40.1,248,18.0
"13121","3","61","74","0","2025","4","",193,21853,21709,21742,353086258,0,0,1248,"",0.42,0.43,0.42,0.43,0.35,0.00,0.00,0.82,"",-1,-0.5,-664,-2.9,-1318,-5.7,-767,-3.4,-10891713,-3.0,0,0.0,0,0.0,14,1.1
"13121","3","611","75","0","2025","4","",193,21853,21709,21742,353086258,0,0,1248,"",0.42,0.43,0.42,0.43,0.35,0.00,0.00,0.82,"",-1,-0.5,-664,-2.9,-1318,-5.7,-767,-3.4,-10891713,-3.0,0,0.0,0,0.0,14,1.1
"13121","3","6111","76","0","2025","4","",193,21853,21709,21742,353086258,0,0,1248,"",0.44,0.46,0.45,0.46,0.38,0.00,0.00,0.82,"",-1,-0.5,-664,-2.9,-1318,-5.7,-767,-3.4,-10891713,-3.0,0,0.0,0,0.0,14,1.1
"13121","3","61111","77","0","2025","4","",193,21853,21709,21742,353086258,0,0,1248,"",0.44,0.46,0.45,0.46,0.38,0.00,0.00,0.82,"",-1,-0.5,-664,-2.9,-1318,-5.7,-767,-3.4,-10891713,-3.0,0,0.0,0,0.0,14,1.1
"13121","3","611110","78","0","2025","4","",193,21853,21709,21742,353086258,0,0,1248,"",0.44,0.46,0.45,0.46,0.38,0.00,0.00,0.82,"",-1,-0.5,-664,-2.9,-1318,-5.7,-767,-3.4,-10891713,-3.0,0,0.0,0,0.0,14,1.1
"13121","3","92","74","0","2025","4","",33,19766,19865,19736,399969209,1472387,9000,1555,"",0.08,0.75,0.75,0.75,0.59,0.17,0.30,0.79,"",-1,-2.9,634,3.3,674,3.5,477,2.5,9835632,2.5,-191312,-11.5,-6497,-41.9,-9,-0.6
"13121","3","921","75","0","2025","4","",17,18857,18945,18818,380228111,1065745,7316,1550,"",0.07,1.09,1.09,1.08,0.94,0.15,0.32,0.87,"",-1,-5.6,644,3.5,677,3.7,489,2.7,9417884,2.5,-161705,-13.2,-37,-0.5,-11,-0.7
"13121","3","9211","76","0","2025","4","",17,18857,18945,18818,380228111,1065745,7316,1550,"",0.07,1.09,1.09,1.08,0.94,0.15,0.32,0.87,"",-1,-5.6,644,3.5,677,3.7,489,2.7,9417884,2.5,-161705,-13.2,-37,-0.5,-11,-0.7
"13121","3","92111","77","0","2025","4","",3,954,958,948,22422769,295982,1498,1809,"",0.10,0.80,0.80,0.78,0.83,1.46,1.18,1.05,"",0,0.0,50,5.5,43,4.7,29,3.2,894322,4.2,-47097,-13.7,-219,-12.8,-6,-0.3
"13121","3","921110","78","0","2025","4","",3,954,958,948,22422769,295982,1498,1809,"",0.10,0.80,0.80,0.78,0.83,1.46,1.18,1.05,"",0,0.0,50,5.5,43,4.7,29,3.2,894322,4.2,-47097,-13.7,-219,-12.8,-6,-0.3
"13121","3","92112","77","0","2025","4","",2,867,881,873,17403686,497245,4674,1532,"",0.10,0.51,0.51,0.51,0.42,6.32,5.78,0.83,"",-1,-33.3,98,12.7,112,14.6,104,13.5,1348934,8.4,-49174,-9.0,139,3.1,-74,-4.6
"13121","3","921120","78","0","2025","4","",2,867,881,873,17403686,497245,4674,1532,"",0.10,0.51,0.51,0.51,0.42,6.32,5.78,0.83,"",-1,-33.3,98,12.7,112,14.6,104,13.5,1348934,8.4,-49174,-9.0,139,3.1,-74,-4.6
"13121","3","92113","77","0","2025","4","",1,6,6,6,163561,0,0,2097,"",0.06,0.01,0.01,0.01,0.01,0.00,0.00,1.06,"",0,0.0,1,20.0,1,20.0,1,20.0,26238,19.1,0,0.0,0,0.0,-16,-0.8
"13121","3","921130","78","0","2025","4","",1,6,6,6,163561,0,0,2097,"",0.06,0.01,0.01,0.01,0.01,0.00,0.00,1.06,"",0,0.0,1,20.0,1,20.0,1,20.0,26238,19.1,0,0.0,0,0.0,-16,-0.8
"13121","3","92114","77","0","2025","4","",11,17030,17100,16991,340238095,272518,1144,1536,"",0.08,1.52,1.52,1.51,1.31,0.06,0.13,0.87,"",0,0.0,495,3.0,521,3.1,355,2.1,7148390,2.1,-65434,-19.4,43,3.9,-9,-0.6
"13121","3","921140","78","0","2025","4","",11,17030,17100,16991,340238095,272518,1144,1536,"",0.08,1.52,1.52,1.51,1.31,0.06,0.13,0.87,"",0,0.0,495,3.0,521,3.1,355,2.1,7148390,2.1,-65434,-19.4,43,3.9,-9,-0.6
"13121","3","922","75","0","2025","4","",1,4,4,4,74124,0,0,1425,"",0.01,0.00,0.00,0.00,0.00,0.00,0.00,0.57,"",0,0.0,1,33.3,1,33.3,1,33.3,23180,45.5,-9500,-100.0,-38,-100.0,119,9.1
"13121","3","9221","76","0","2025","4","",1,4,4,4,74124,0,0,1425,"",0.01,0.00,0.00,0.00,0.00,0.00,0.00,0.57,"",0,0.0,1,33.3,1,33.3,1,33.3,23180,45.5,-9500,-100.0,-38,-100.0,119,9.1
"13121","3","92219","77","0","2025","4","",1,4,4,4,74124,0,0,1425,"",0.18,0.01,0.01,0.01,0.00,0.00,0.00,0.41,"",0,0.0,1,33.3,1,33.3,1,33.3,23180,45.5,-9500,-100.0,-38,-100.0,119,9.1
"13121","3","922190","78","0","2025","4","",1,4,4,4,74124,0,0,1425,"",0.18,0.01,0.01,0.01,0.00,0.00,0.00,0.41,"",0,0.0,1,33.3,1,33.3,1,33.3,23180,45.5,-9500,-100.0,-38,-100.0,119,9.1
"13121","3","924","75","0","2025","4","",1,4,4,4,221423,0,0,4258,"",0.03,0.01,0.01,0.01,0.01,0.00,0.00,2.31,"",0,0.0,0,0.0,1,33.3,1,33.3,53529,31.9,0,0.0,0,0.0,384,9.9
"13121","3","9241","76","0","2025","4","",1,4,4,4,221423,0,0,4258,"",0.03,0.01,0.01,0.01,0.01,0.00,0.00,2.31,"",0,0.0,0,0.0,1,33.3,1,33.3,53529,31.9,0,0.0,0,0.0,384,9.9
"13121","3","92412","77","0","2025","4","",1,4,4,4,221423,0,0,4258,"",0.06,0.01,0.01,0.01,0.05,0.00,0.00,3.50,"",0,0.0,0,0.0,1,33.3,1,33.3,53529,31.9,0,0.0,0,0.0,384,9.9
"13121","3","924120","78","0","2025","4","",1,4,4,4,221423,0,0,4258,"",0.06,0.01,0.01,0.01,0.05,0.00,0.00,3.50,"",0,0.0,0,0.0,1,33.3,1,33.3,53529,31.9,0,0.0,0,0.0,384,9.9
"13121","3","925","75","0","2025","4","",8,484,485,482,11901053,170656,568,1893,"",0.31,0.92,0.92,0.92,0.95,0.35,0.28,1.03,"",0,0.0,-2,-0.4,-10,-2.0,-13,-2.6,182772,1.6,-109189,-39.0,-4521,-88.8,61,3.3
"13121","3","9251","76","0","2025","4","",8,484,485,482,11901053,170656,568,1893,"",0.31,0.92,0.92,0.92,0.95,0.35,0.28,1.03,"",0,0.0,-2,-0.4,-10,-2.0,-13,-2.6,182772,1.6,-109189,-39.0,-4521,-88.8,61,3.3
"13121","3","92511","77","0","2025","4","",4,361,371,365,8517756,156990,502,1792,"",0.24,1.14,1.17,1.15,1.10,0.40,0.32,0.95,"",0,0.0,-10,-2.7,-3,-0.8,-9,-2.4,10361,0.1,-115147,-42.3,-4569,-90.1,38,2.2
"13121","3","925110","78","0","2025","4","",4,361,371,365,8517756,156990,502,1792,"",0.24,1.14,1.17,1.15,1.10,0.40,0.32,0.95,"",0,0.0,-10,-2.7,-3,-0.8,-9,-2.4,10361,0.1,-115147,-42.3,-4569,-90.1,38,2.2
"13121","3","92512","77","0","2025","4","",4,123,114,117,3383297,13666,66,2206,"",0.44,0.59,0.54,0.56,0.71,0.14,0.15,1.26,"",0,0.0,8,7.0,-7,-5.8,-4,-3.3,172411,5.4,5958,77.3,48,266.7,130,6.3
"13121","3","925120","78","0","2025","4","",4,123,114,117,3383297,13666,66,2206,"",0.44,0.59,0.54,0.56,0.71,0.14,0.15,1.26,"",0,0.0,8,7.0,-7,-5.8,-4,-3.3,172411,5.4,5958,77.3,48,266.7,130,6.3
"13121","3","926","75","0","2025","4","",6,417,427,428,7544498,235986,1116,1369,"",0.31,0.94,0.96,0.96,0.57,2.32,2.04,0.59,"",0,0.0,-9,-2.1,5,1.2,-1,-0.2,158267,2.1,89082,60.6,-1901,-63.0,34,2.5
"13121","3","9261","76","0","2025","4","",6,417,427,428,7544498,235986,1116,1369,"",0.31,0.94,0.96,0.96,0.57,2.32,2.04,0.59,"",0,0.0,-9,-2.1,5,1.2,-1,-0.2,158267,2.1,89082,60.6,-1901,-63.0,34,2.5
"13121","3","92611","77","0","2025","4","",3,85,85,86,2464676,43244,228,2222,"",0.69,1.02,1.03,1.03,0.92,1.15,1.53,0.89,"",0,0.0,10,13.3,9,11.8,14,19.4,349954,16.5,11613,36.7,64,39.0,34,1.6
"13121","3","926110","78","0","2025","4","",3,85,85,86,2464676,43244,228,2222,"",0.69,1.02,1.03,1.03,0.92,1.15,1.53,0.89,"",0,0.0,10,13.3,9,11.8,14,19.4,349954,16.5,11613,36.7,64,39.0,34,1.6
"13121","3","92612","77","0","2025","4","",1,41,43,43,752637,0,0,1368,"",0.35,0.24,0.25,0.25,0.13,0.00,0.00,0.54,"",0,0.0,9,28.1,15,53.6,6,16.2,127074,20.3,0,0.0,0,0.0,-120,-8.1
"13121","3","926120","78","0","2025","4","",1,41,43,43,752637,0,0,1368,"",0.35,0.24,0.25,0.25,0.13,0.00,0.00,0.54,"",0,0.0,9,28.1,15,53.6,6,16.2,127074,20.3,0,0.0,0,0.0,-120,-8.1
"13121","3","92614","77","0","2025","4","",1,4,4,4,37256,874,5,716,"",0.29,0.25,0.25,0.25,0.14,0.09,0.06,0.56,"",0,0.0,-2,-33.3,-1,-20.0,-2,-33.3,-12747,-25.5,-8870,-91.0,1,25.0,37,5.4
"13121","3","926140","78","0","2025","4","",1,4,4,4,37256,874,5,716,"",0.29,0.25,0.25,0.25,0.14,0.09,0.06,0.56,"",0,0.0,-2,-33.3,-1,-20.0,-2,-33.3,-12747,-25.5,-8870,-91.0,1,25.0,37,5.4
"13121","3","92615","77","0","2025","4","",1,287,295,295,4289929,191868,883,1129,"",0.17,3.08,3.14,3.14,1.89,22.66,20.53,0.61,"",0,0.0,-26,-8.3,-18,-5.8,-19,-6.1,-306014,-6.7,86339,81.8,-1966,-69.0,1,0.1
"13121","3","926150","78","0","2025","4","",1,287,295,295,4289929,191868,883,1129,"",0.17,3.08,3.14,3.14,1.89,22.66,20.53,0.61,"",0,0.0,-26,-8.3,-18,-5.8,-19,-6.1,-306014,-6.7,86339,81.8,-1966,-69.0,1,0.1
"13121","5","10","71","0","2025","4","",83649,840656,845403,847971,22354607259,915332163,12010975,2036,"",1.02,1.04,1.04,1.04,1.05,1.03,1.01,1.01,"",7708,10.1,-3727,-0.4,-6333,-0.7,-3499,-0.4,690381589,3.2,19621900,2.2,-464502,-3.7,74,3.8
"13121","5","101","72","0","2025","4","",5861,51761,51724,51967,1461994444,54376221,778981,2170,"",0.57,0.38,0.38,0.38,0.36,0.36,0.30,0.96,"",631,12.1,-624,-1.2,-565,-1.1,-444,-0.8,82295182,6.0,1976608,3.8,27355,3.6,143,7.1
"13121","5","1011","73","0","2025","4","",129,752,752,751,18424724,683969,7749,1886,"",0.13,0.07,0.07,0.07,0.07,0.04,0.03,0.98,"",16,14.2,76,11.2,54,7.7,64,9.3,1486759,8.8,122252,21.8,-304,-3.8,-11,-0.6
"13121","5","1012","73","0","2025","4","",3631,24465,24345,24608,739966509,33179625,504271,2326,"",0.56,0.48,0.48,0.49,0.49,0.48,0.34,1.01,"",441,13.8,544,2.3,556,2.3,819,3.4,49508306,7.2,3773234,12.8,33023,7.0,97,4.4
"13121","5","1013","73","0","2025","4","",2101,26544,26627,26608,703603211,20512627,266961,2035,"",0.76,0.35,0.35,0.35,0.31,0.31,0.33,0.90,"",174,9.0,-1244,-4.5,-1175,-4.2,-1327,-4.8,31300117,4.7,-1918878,-8.6,-5364,-2.0,178,9.6
"13121","5","102","72","0","2025","4","",77788,788895,793679,796004,20892612815,860955942,11231994,2027,"",1.08,1.17,1.17,1.17,1.21,1.17,1.20,1.03,"",7077,10.0,-3103,-0.4,-5768,-0.7,-3055,-0.4,608086407,3.0,17645292,2.1,-491857,-4.2,69,3.5
"13121","5","1021","73","0","2025","4","",9771,141629,146428,147599,2825146090,165618079,1912226,1496,"",0.70,0.82,0.83,0.83,0.76,0.81,0.84,0.93,"",512,5.5,-10385,-6.8,-11431,-7.2,-11076,-7.0,-29355834,-1.0,-15263008,-8.4,-447787,-19.0,90,6.4
"13121","5","1022","73","0","2025","4","",2924,52864,52156,52644,2228422554,47044894,674669,3262,"",1.43,3.08,3.02,3.05,2.14,3.16,2.46,0.70,"",336,13.0,531,1.0,-1442,-2.7,-400,-0.8,7052572,0.3,8245694,21.3,113790,20.3,37,1.1
"13121","5","1023","73","0","2025","4","",9466,91067,91168,91380,3333123268,66456590,840228,2811,"",1.27,1.72,1.72,1.71,1.50,1.51,1.50,0.87,"",809,9.3,1334,1.5,1037,1.2,1146,1.3,104219127,3.2,-7004581,-9.5,-134196,-13.8,52,1.9
"13121","5","1024","73","0","2025","4","",25122,231062,231121,230849,7877507725,238854964,3237644,2623,"",1.42,1.69,1.69,1.69,1.57,1.41,1.27,0.93,"",2486,11.0,-1305,-0.6,-1799,-0.8,-854,-0.4,241226954,3.2,-10537975,-4.2,-364453,-10.1,95,3.8
"13121","5","1025","73","0","2025","4","",8847,139023,139807,139695,2954316235,142973710,1409093,1629,"",0.56,0.87,0.86,0.86,0.83,1.08,0.89,0.96,"",754,9.3,5366,4.0,5698,4.2,5725,4.3,189736262,6.9,46862673,48.8,154397,12.3,41,2.6
"13121","5","1026","73","0","2025","4","",6004,101162,100883,101141,1064509296,154720039,2277649,810,"",0.88,1.00,1.00,1.00,0.91,1.14,1.38,0.91,"",156,2.7,-373,-0.4,262,0.3,280,0.3,36721619,3.6,-2069521,-1.3,203944,9.8,27,3.4
"13121","5","1027","73","0","2025","4","",4926,26235,26078,26388,413569087,27855300,434713,1213,"",0.81,0.93,0.92,0.93,0.80,0.92,1.14,0.87,"",201,4.3,-66,-0.3,117,0.5,386,1.5,1246161,0.3,-4926542,-15.0,-77900,-15.2,-3,-0.2
"13121","5","1029","73","0","2025","4","",10728,5853,6038,6308,196018560,17432366,445772,2486,"",5.80,4.34,4.37,4.33,4.56,4.76,5.32,1.05,"",1823,20.5,1795,44.2,1790,42.1,1738,38.0,57239546,41.2,2338552,15.5,60348,15.7,-1,0.0
"13121","5","11","74","0","2025","4","",92,229,229,227,4429895,293196,4861,1492,"",0.12,0.03,0.03,0.03,0.04,0.02,0.02,1.15,"",6,7.0,55,31.6,44,23.8,42,22.7,1005032,29.3,21376,7.9,446,10.1,39,2.7
"13121","5","111","75","0","2025","4","",20,54,52,48,730023,42567,84,1094,"",0.06,0.02,0.02,0.02,0.01,0.01,0.00,0.88,"",-4,-16.7,10,22.7,4,8.3,0,0.0,2850,0.4,6230,17.1,-793,-90.4,-105,-8.8
"13121","5","1111","76","0","2025","4","N",1,0,0,0,0,0,0,0,"N",0.01,0,0,0,0,0,0,0,"N",0,0.0,0,0,0,0,0,0,0,0,0,0,0,0,0,0
"13121","5","11115","77","0","2025","4","N",1,0,0,0,0,0,0,0,"N",0.03,0,0,0,0,0,0,0,"N",0,0.0,0,0,0,0,0,0,0,0,0,0,0,0,0,0
"13121","5","111150","78","0","2025","4","N",1,0,0,0,0,0,0,0,"N",0.03,0,0,0,0,0,0,0,"N",0,0.0,0,0,0,0,0,0,0,0,0,0,0,0,0,0
"13121","5","1112","76","0","2025","4","N",4,0,0,0,0,0,0,0,"N",0.11,0,0,0,0,0,0,0,"N",0,0.0,0,0,0,0,0,0,0,0,0,0,0,0,0,0
"13121","5","11121","77","0","2025","4","N",4,0,0,0,0,0,0,0,"N",0.11,0,0,0,0,0,0,0,"N",0,0.0,0,0,0,0,0,0,0,0,0,0,0,0,0,0
"13121","5","111219","78","0","2025","4","N",4,0,0,0,0,0,0,0,"N",0.13,0,0,0,0,0,0,0,"N",0,0.0,0,0,0,0,0,0,0,0,0,0,0,0,0,0
"13121","5","1113","76","0","2025","4","N",1,0,0,0,0,0,0,0,"N",0.01,0,0,0,0,0,0,0,"N",-1,-50.0,0,0,0,0,0,0,0,0,0,0,0,0,0,0
"13121","5","11133","77","0","2025","4","N",1,0,0,0,0,0,0,0,"N",0.02,0,0,0,0,0,0,0,"N",-1,-50.0,0,0,0,0,0,0,0,0,0,0,0,0,0,0
"13121","5","111335","78","0","2025","4","-",0,0,0,0,0,0,0,0,"N",0.00,0,0,0,0,0,0,0,"N",-1,-100.0,0,0,0,0,0,0,0,0,0,0,0,0,0,0
"13121","5","111336","78","0","2025","4","N",1,0,0,0,0,0,0,0,"N",0.31,0,0,0,0,0,0,0,"N",0,0.0,0,0,0,0,0,0,0,0,0,0,0,0,0,0
"13121","5","1114","76","0","2025","4","N",2,0,0,0,0,0,0,0,"N",0.03,0,0,0,0,0,0,0,"N",-1,-33.3,0,0,0,0,0,0,0,0,0,0,0,0,0,0
"13121","5","11141","77","0","2025","4","N",1,0,0,0,0,0,0,0,"N",0.05,0,0,0,0,0,0,0,"N",-1,-50.0,0,0,0,0,0,0,0,0,0,0,0,0,0,0
"13121","5","111411","78","0","2025","4","N",1,0,0,0,0,0,0,0,"N",0.43,0,0,0,0,0,0,0,"N",0,0.0,0,0,0,0,0,0,0,0,0,0,0,0,0,0
"13121","5","11142","77","0","2025","4","N",1,0,0,0,0,0,0,0,"N",0.02,0,0,0,0,0,0,0,"N",0,0.0,0,0,0,0,0,0,0,0,0,0,0,0,0,0
"13121","5","111421","78","0","2025","4","N",1,0,0,0,0,0,0,0,"N",0.03,0,0,0,0,0,0,0,"N",0,0.0,0,0,0,0,0,0,0,0,0,0,0,0,0,0
"13121","5","1119","76","0","2025","4","",12,46,46,43,615876,36945,58,1053,"",0.16,0.11,0.12,0.12,0.09,0.04,0.00,0.77,"",-2,-14.3,8,21.1,6,15.0,4,10.3,-3421,-0.6,16502,80.7,-389,-87.0,-168,-13.8
"13121","5","11192","77","0","2025","4","N",2,0,0,0,0,0,0,0,"N",0.13,0,0,0,0,0,0,0,"N",0,0.0,0,0,0,0,0,0,0,0,0,0,0,0,0,0
"13121","5","111920","78","0","2025","4","N",2,0,0,0,0,0,0,0,"N",0.13,0,0,0,0,0,0,0,"N",0,0.0,0,0,0,0,0,0,0,0,0,0,0,0,0,0
"13121","5","11193","77","0","2025","4","N",1,0,0,0,0,0,0,0,"N",0.57,0,0,0,0,0,0,0,"N",0,0.0,0,0,0,0,0,0,0,0,0,0,0,0,0,0
"13121","5","111930","78","0","2025","4","N",1,0,0,0,0,0,0,0,"N",0.57,0,0,0,0,0,0,0,"N",0,0.0,0,0,0,0,0,0,0,0,0,0,0,0,0,0
"13121","5","11194","77","0","2025","4","N",1,0,0,0,0,0,0,0,"N",0.08,0,0,0,0,0,0,0,"N",0,0.0,0,0,0,0,0,0,0,0,0,0,0,0,0,0
"13121","5","111940","78","0","2025","4","N",1,0,0,0,0,0,0,0,"N",0.08,0,0,0,0,0,0,0,"N",0,0.0,0,0,0,0,0,0,0,0,0,0,0,0,0,0
"13121","5","11199","77","0","2025","4","",8,29,30,27,324834,24244,10,872,"",0.18,0.10,0.12,0.11,0.08,0.03,0.00,0.70,"",-2,-20.0,7,31.8,6,25.0,5,22.7,14858,4.8,7833,47.7,-433,-97.7,-180,-17.1
"13121","5","111998","78","0","2025","4","",8,29,30,27,324834,24244,10,872,"",0.20,0.11,0.13,0.12,0.08,0.04,0.00,0.70,"",-2,-20.0,7,31.8,6,25.0,5,22.7,14858,4.8,7833,47.7,-433,-97.7,-180,-17.1
"13121","5","112","75","0","2025","4","N",17,0,0,0,0,0,0,0,"N",0.08,0,0,0,0,0,0,0,"N",2,13.3,0,0,0,0,0,0,0,0,0,0,0,0,0,0
"13121","5","1121","76","0","2025","4","",3,6,6,6,169893,1868,50,2178,"",0.02,0.01,0.01,0.01,0.01,0.00,0.00,1.60,"",0,0.0,0,0.0,-5,-45.5,-2,-25.0,4323,2.6,-30723,-94.3,-666,-93.0,650,42.5
"13121","5","11211","77","0","2025","4","N",2,0,0,0,0,0,0,0,"N",0.02,0,0,0,0,0,0,0,"N",0,0.0,0,0,0,0,0,0,0,0,0,0,0,0,0,0
"13121","5","112111","78","0","2025","4","N",2,0,0,0,0,0,0,0,"N",0.03,0,0,0,0,0,0,0,"N",0,0.0,0,0,0,0,0,0,0,0,0,0,0,0,0,0
"13121","5","11212","77","0","2025","4","N",1,0,0,0,0,0,0,0,"N",0.02,0,0,0,0,0,0,0,"N",0,0.0,0,0,0,0,0,0,0,0,0,0,0,0,0,0
"13121","5","112120","78","0","2025","4","N",1,0,0,0,0,0,0,0,"N",0.02,0,0,0,0,0,0,0,"N",0,0.0,0,0,0,0,0,0,0,0,0,0,0,0,0,0
"13121","5","1122","76","0","2025","4","N",1,0,0,0,0,0,0,0,"N",0.07,0,0,0,0,0,0,0,"N",0,0.0,0,0,0,0,0,0,0,0,0,0,0,0,0,0
"13121","5","11221","77","0","2025","4","N",1,0,0,0,0,0,0,0,"N",0.07,0,0,0,0,0,0,0,"N",0,0.0,0,0,0,0,0,0,0,0,0,0,0,0,0,0
"13121","5","112210","78","0","2025","4","N",1,0,0,0,0,0,0,0,"N",0.07,0,0,0,0,0,0,0,"N",0,0.0,0,0,0,0,0,0,0,0,0,0,0,0,0,0
"13121","5","1123","76","0","2025","4","N",3,0,0,0,0,0,0,0,"N",0.16,0,0,0,0,0,0,0,"N",0,0.0,0,0,0,0,0,0,0,0,0,0,0,0,0,0
"13121","5","11231","77","0","2025","4","N",1,0,0,0,0,0,0,0,"N",0.17,0,0,0,0,0,0,0,"N",0,0.0,0,0,0,0,0,0,0,0,0,0,0,0,0,0
"13121","5","112310","78","0","2025","4","N",1,0,0,0,0,0,0,0,"N",0.17,0,0,0,0,0,0,0,"N",0,0.0,0,0,0,0,0,0,0,0,0,0,0,0,0,0
"13121","5","11234","77","0","2025","4","N",1,0,0,0,0,0,0,0,"N",0.29,0,0,0,0,0,0,0,"N",0,0.0,0,0,0,0,0,0,0,0,0,0,0,0,0,0
"13121","5","112340","78","0","2025","4","N",1,0,0,0,0,0,0,0,"N",0.29,0,0,0,0,0,0,0,"N",0,0.0,0,0,0,0,0,0,0,0,0,0,0,0,0,0
"13121","5","11239","77","0","2025","4","N",1,0,0,0,0,0,0,0,"N",0.66,0,0,0,0,0,0,0,"N",0,0.0,0,0,0,0,0,0,0,0,0,0,0,0,0,0
"13121","5","112390","78","0","2025","4","N",1,0,0,0,0,0,0,0,"N",0.66,0,0,0,0,0,0,0,"N",0,0.0,0,0,0,0,0,0,0,0,0,0,0,0,0,0
"13121","5","1125","76","0","2025","4","N",2,0,0,0,0,0,0,0,"N",0.28,0,0,0,0,0,0,0,"N",1,100.0,0,0,0,0,0,0,0,0,0,0,0,0,0,0
"13121","5","11251","77","0","2025","4","N",2,0,0,0,0,0,0,0,"N",0.28,0,0,0,0,0,0,0,"N",1,100.0,0,0,0,0,0,0,0,0,0,0,0,0,0,0
"13121","5","112511","78","0","2025","4","N",2,0,0,0,0,0,0,0,"N",0.62,0,0,0,0,0,0,0,"N",1,100.0,0,0,0,0,0,0,0,0,0,0,0,0,0,0
"13121","5","1129","76","0","2025","4","",8,16,16,18,210568,20903,558,972,"",0.26,0.12,0.12,0.14,0.09,0.14,0.36,0.69,"",1,14.3,6,60.0,6,60.0,8,80.0,85761,68.7,13439,180.1,365,189.1,12,1.2
"13121","5","11291","77","0","2025","4","N",4,0,0,0,0,0,0,0,"N",0.64,0,0,0,0,0,0,0,"N",0,0.0,0,0,0,0,0,0,0,0,0,0,0,0,0,0
"13121","5","112910","78","0","2025","4","N",4,0,0,0,0,0,0,0,"N",0.64,0,0,0,0,0,0,0,"N",0,0.0,0,0,0,0,0,0,0,0,0,0,0,0,0,0
"13121","5","11292","77","0","2025","4","N",2,0,0,0,0,0,0,0,"N",0.17,0,0,0,0,0,0,0,"N",1,100.0,0,0,0,0,0,0,0,0,0,0,0,0,0,0
"13121","5","112920","78","0","2025","4","N",2,0,0,0,0,0,0,0,"N",0.17,0,0,0,0,0,0,0,"N",1,100.0,0,0,0,0,0,0,0,0,0,0,0,0,0,0
"13121","5","11299","77","0","2025","4","N",2,0,0,0,0,0,0,0,"N",0.17,0,0,0,0,0,0,0,"N",0,0.0,0,0,0,0,0,0,0,0,0,0,0,0,0,0
"13121","5","112990","78","0","2025","4","N",2,0,0,0,0,0,0,0,"N",0.17,0,0,0,0,0,0,0,"N",0,0.0,0,0,0,0,0,0,0,0,0,0,0,0,0,0
"13121","5","113","75","0","2025","4","",20,53,53,52,765237,92189,2215,1118,"",0.34,0.19,0.19,0.19,0.13,0.20,0.29,0.69,"",2,11.1,9,20.5,9,20.5,9,20.9,5022,0.7,25438,38.1,1244,128.1,-221,-16.5
"13121","5","1131","76","0","2025","4","",5,9,9,10,242516,1999,2,1999,"",1.03,0.51,0.49,0.54,0.49,0.10,0.01,0.95,"N",0,0.0,0,0,0,0,0,0,0,0,0,0,0,0,0,0
"13121","5","11311","77","0","2025","4","",5,9,9,10,242516,1999,2,1999,"",1.03,0.51,0.49,0.54,0.49,0.10,0.01,0.95,"N",0,0.0,0,0,0,0,0,0,0,0,0,0,0,0,0,0
"13121","5","113110","78","0","2025","4","",5,9,9,10,242516,1999,2,1999,"",1.03,0.51,0.49,0.54,0.49,0.10,0.01,0.95,"N",0,0.0,0,0,0,0,0,0,0,0,0,0,0,0,0,0
"13121","5","1132","76","0","2025","4","",5,2,2,3,30073,26062,704,991,"",2.07,0.18,0.18,0.27,0.15,1.28,1.93,0.72,"N",1,25.0,0,0,0,0,0,0,0,0,0,0,0,0,0,0
"13121","5","11321","77","0","2025","4","",5,2,2,3,30073,26062,704,991,"",2.07,0.18,0.18,0.27,0.15,1.28,1.93,0.72,"N",1,25.0,0,0,0,0,0,0,0,0,0,0,0,0,0,0
"13121","5","113210","78","0","2025","4","",5,2,2,3,30073,26062,704,991,"",2.07,0.18,0.18,0.27,0.15,1.28,1.93,0.72,"N",1,25.0,0,0,0,0,0,0,0,0,0,0,0,0,0,0
"13121","5","1133","76","0","2025","4","",10,42,42,39,492648,64128,1509,924,"",0.20,0.17,0.17,0.16,0.10,0.16,0.21,0.58,"",1,11.1,5,13.5,5,13.5,3,8.3,14413,3.0,3223,5.3,540,55.7,-79,-7.9
"13121","5","11331","77","0","2025","4","",10,42,42,39,492648,64128,1509,924,"",0.20,0.17,0.17,0.16,0.10,0.16,0.21,0.58,"",1,11.1,5,13.5,5,13.5,3,8.3,14413,3.0,3223,5.3,540,55.7,-79,-7.9
"13121","5","113310","78","0","2025","4","",10,42,42,39,492648,64128,1509,924,"",0.20,0.17,0.17,0.16,0.10,0.16,0.21,0.58,"",1,11.1,5,13.5,5,13.5,3,8.3,14413,3.0,3223,5.3,540,55.7,-79,-7.9
"13121","5","114","75","0","2025","4","N",2,0,0,0,0,0,0,0,"N",0.11,0,0,0,0,0,0,0,"N",1,100.0,0,0,0,0,0,0,0,0,0,0,0,0,0,0
"13121","5","1142","76","0","2025","4","N",2,0,0,0,0,0,0,0,"N",0.46,0,0,0,0,0,0,0,"N",1,100.0,0,0,0,0,0,0,0,0,0,0,0,0,0,0
"13121","5","11421","77","0","2025","4","N",2,0,0,0,0,0,0,0,"N",0.46,0,0,0,0,0,0,0,"N",1,100.0,0,0,0,0,0,0,0,0,0,0,0,0,0,0
"13121","5","114210","78","0","2025","4","N",2,0,0,0,0,0,0,0,"N",0.46,0,0,0,0,0,0,0,"N",1,100.0,0,0,0,0,0,0,0,0,0,0,0,0,0,0
"13121","5","115","75","0","2025","4","",33,92,95,95,2424855,128905,1771,1984,"",0.21,0.04,0.04,0.05,0.07,0.03,0.02,1.62,"",5,17.9,29,46.0,31,48.4,27,39.7,876873,56.6,4378,3.5,226,14.6,152,8.3
"13121","5","1151","76","0","2025","4","",11,13,13,13,363963,14985,405,2154,"",0.12,0.01,0.01,0.01,0.01,0.00,0.00,1.84,"N",3,37.5,0,0,0,0,0,0,0,0,0,0,0,0,0,0
"13121","5","11511","77","0","2025","4","",11,13,13,13,363963,14985,405,2154,"",0.12,0.01,0.01,0.01,0.01,0.00,0.00,1.84,"N",3,37.5,0,0,0,0,0,0,0,0,0,0,0,0,0,0
"13121","5","115112","78","0","2025","4","N",2,0,0,0,0,0,0,0,"N",0.07,0,0,0,0,0,0,0,"N",1,100.0,0,0,0,0,0,0,0,0,0,0,0,0,0,0
"13121","5","115114","78","0","2025","4","N",2,0,0,0,0,0,0,0,"N",0.14,0,0,0,0,0,0,0,"N",1,100.0,0,0,0,0,0,0,0,0,0,0,0,0,0,0
"13121","5","115115","78","0","2025","4","N",3,0,0,0,0,0,0,0,"N",0.13,0,0,0,0,0,0,0,"N",0,0.0,0,0,0,0,0,0,0,0,0,0,0,0,0,0
"13121","5","115116","78","0","2025","4","",4,9,10,9,222669,14985,405,1835,"",0.31,0.07,0.09,0.09,0.10,0.08,0.13,1.28,"N",1,33.3,0,0,0,0,0,0,0,0,0,0,0,0,0,0
"13121","5","1152","76","0","2025","4","",13,50,51,50,1181308,88369,745,1805,"",0.30,0.26,0.27,0.26,0.36,0.40,0.41,1.37,"",-2,-13.3,0,0.0,1,2.0,-2,-3.8,25529,2.2,-34610,-28.1,-793,-51.6,50,2.8
"13121","5","11521","77","0","2025","4","",13,50,51,50,1181308,88369,745,1805,"",0.30,0.26,0.27,0.26,0.36,0.40,0.41,1.37,"",-2,-13.3,0,0.0,1,2.0,-2,-3.8,25529,2.2,-34610,-28.1,-793,-51.6,50,2.8
"13121","5","115210","78","0","2025","4","",13,50,51,50,1181308,88369,745,1805,"",0.30,0.26,0.27,0.26,0.36,0.40,0.41,1.37,"",-2,-13.3,0,0.0,1,2.0,-2,-3.8,25529,2.2,-34610,-28.1,-793,-51.6,50,2.8
"13121","5","1153","76","0","2025","4","",9,29,31,32,879584,25551,621,2206,"",0.40,0.21,0.26,0.27,0.28,0.06,0.08,1.12,"N",4,80.0,0,0,0,0,0,0,0,0,0,0,0,0,0,0
"13121","5","11531","77","0","2025","4","",9,29,31,32,879584,25551,621,2206,"",0.40,0.21,0.26,0.27,0.28,0.06,0.08,1.12,"N",4,80.0,0,0,0,0,0,0,0,0,0,0,0,0,0,0
"13121","5","115310","78","0","2025","4","",9,29,31,32,879584,25551,621,2206,"",0.40,0.21,0.26,0.27,0.28,0.06,0.08,1.12,"N",4,80.0,0,0,0,0,0,0,0,0,0,0,0,0,0,0
"13121","5","21","74","0","2025","4","",37,523,523,524,13994829,390773,2888,2057,"",0.18,0.15,0.15,0.15,0.10,0.12,0.06,0.63,"",10,37.0,21,4.2,10,1.9,22,4.4,481727,3.6,100876,34.8,-750,-20.6,1,0.0
"13121","5","211","75","0","2025","4","N",1,0,0,0,0,0,0,0,"N",0.02,0,0,0,0,0,0,0,"N",0,0.0,0,0,0,0,0,0,0,0,0,0,0,0,0,0
"13121","5","2111","76","0","2025","4","N",1,0,0,0,0,0,0,0,"N",0.02,0,0,0,0,0,0,0,"N",0,0.0,0,0,0,0,0,0,0,0,0,0,0,0,0,0
"13121","5","21112","77","0","2025","4","N",1,0,0,0,0,0,0,0,"N",0.03,0,0,0,0,0,0,0,"N",0,0.0,0,0,0,0,0,0,0,0,0,0,0,0,0,0
"13121","5","211120","78","0","2025","4","N",1,0,0,0,0,0,0,0,"N",0.03,0,0,0,0,0,0,0,"N",0,0.0,0,0,0,0,0,0,0,0,0,0,0,0,0,0
"13121","5","212","75","0","2025","4","",18,480,479,479,12894500,289970,2548,2069,"",0.36,0.42,0.42,0.42,0.34,0.26,0.14,0.81,"",6,50.0,16,3.4,5,1.1,15,3.2,308552,2.5,77425,36.4,-746,-22.6,-3,-0.1
"13121","5","2122","76","0","2025","4","N",1,0,0,0,0,0,0,0,"N",0.27,0,0,0,0,0,0,0,"N",1,100.0,0,0,0,0,0,0,0,0,0,0,0,0,0,0
"13121","5","21222","77","0","2025","4","N",1,0,0,0,0,0,0,0,"N",0.59,0,0,0,0,0,0,0,"N",1,100.0,0,0,0,0,0,0,0,0,0,0,0,0,0,0
"13121","5","212220","78","0","2025","4","N",1,0,0,0,0,0,0,0,"N",0.59,0,0,0,0,0,0,0,"N",1,100.0,0,0,0,0,0,0,0,0,0,0,0,0,0,0
"13121","5","2123","76","0","2025","4","N",17,0,0,0,0,0,0,0,"N",0.40,0,0,0,0,0,0,0,"N",5,41.7,0,0,0,0,0,0,0,0,0,0,0,0,0,0
"13121","5","21231","77","0","2025","4","",7,134,137,136,4264888,136506,1975,2418,"",0.40,0.48,0.49,0.49,0.53,0.66,0.50,1.09,"N",2,40.0,0,0,0,0,0,0,0,0,0,0,0,0,0,0
"13121","5","212311","78","0","2025","4","N",2,0,0,0,0,0,0,0,"N",0.50,0,0,0,0,0,0,0,"N",1,100.0,0,0,0,0,0,0,0,0,0,0,0,0,0,0
"13121","5","212313","78","0","2025","4","N",3,0,0,0,0,0,0,0,"N",1.39,0,0,0,0,0,0,0,"N",0,0.0,0,0,0,0,0,0,0,0,0,0,0,0,0,0
"13121","5","212319","78","0","2025","4","N",2,0,0,0,0,0,0,0,"N",0.56,0,0,0,0,0,0,0,"N",1,100.0,0,0,0,0,0,0,0,0,0,0,0,0,0,0
"13121","5","21232","77","0","2025","4","N",7,0,0,0,0,0,0,0,"N",0.32,0,0,0,0,0,0,0,"N",1,16.7,0,0,0,0,0,0,0,0,0,0,0,0,0,0
"13121","5","212321","78","0","2025","4","N",1,0,0,0,0,0,0,0,"N",0.05,0,0,0,0,0,0,0,"N",1,100.0,0,0,0,0,0,0,0,0,0,0,0,0,0,0
"13121","5","212322","78","0","2025","4","N",1,0,0,0,0,0,0,0,"N",0.55,0,0,0,0,0,0,0,"N",0,0.0,0,0,0,0,0,0,0,0,0,0,0,0,0,0
"13121","5","212323","78","0","2025","4","N",5,0,0,0,0,0,0,0,"N",4.15,0,0,0,0,0,0,0,"N",0,0.0,0,0,0,0,0,0,0,0,0,0,0,0,0,0
"13121","5","21239","77","0","2025","4","N",3,0,0,0,0,0,0,0,"N",0.90,0,0,0,0,0,0,0,"N",2,200.0,0,0,0,0,0,0,0,0,0,0,0,0,0,0
"13121","5","212390","78","0","2025","4","N",3,0,0,0,0,0,0,0,"N",0.90,0,0,0,0,0,0,0,"N",2,200.0,0,0,0,0,0,0,0,0,0,0,0,0,0,0
"13121","5","213","75","0","2025","4","N",18,0,0,0,0,0,0,0,"N",0.16,0,0,0,0,0,0,0,"N",4,28.6,0,0,0,0,0,0,0,0,0,0,0,0,0,0
"13121","5","2131","76","0","2025","4","N",18,0,0,0,0,0,0,0,"N",0.16,0,0,0,0,0,0,0,"N",4,28.6,0,0,0,0,0,0,0,0,0,0,0,0,0,0
"13121","5","21311","77","0","2025","4","N",18,0,0,0,0,0,0,0,"N",0.16,0,0,0,0,0,0,0,"N",4,28.6,0,0,0,0,0,0,0,0,0,0,0,0,0,0
"13121","5","213111","78","0","2025","4","N",3,0,0,0,0,0,0,0,"N",0.22,0,0,0,0,0,0,0,"N",1,50.0,0,0,0,0,0,0,0,0,0,0,0,0,0,0
"13121","5","213112","78","0","2025","4","",12,38,38,40,991071,100534,333,1972,"",0.13,0.03,0.03,0.03,0.02,0.07,0.02,0.70,"",2,20.0,5,15.2,6,18.8,9,29.0,188729,23.5,33375,49.7,265,389.7,43,2.2
"13121","5","213114","78","0","2025","4","N",2,0,0,0,0,0,0,0,"N",0.67,0,0,0,0,0,0,0,"N",0,0.0,0,0,0,0,0,0,0,0,0,0,0,0,0,0
"13121","5","213115","78","0","2025","4","N",1,0,0,0,0,0,0,0,"N",0.44,0,0,0,0,0,0,0,"N",1,100.0,0,0,0,0,0,0,0,0,0,0,0,0,0,0
"13121","5","22","74","0","2025","4","",95,3318,3333,3389,121594533,2077178,9231,2795,"",0.55,0.91,0.91,0.92,0.77,1.28,0.50,0.84,"",4,4.4,229,7.4,227,7.3,221,7.0,4962976,4.3,451738,27.8,1395,17.8,-80,-2.8
"13121","5","221","75","0","2025","4","",95,3318,3333,3389,121594533,2077178,9231,2795,"",0.55,0.91,0.91,0.92,0.77,1.28,0.50,0.84,"",4,4.4,229,7.4,227,7.3,221,7.0,4962976,4.3,451738,27.8,1395,17.8,-80,-2.8
"13121","5","2211","76","0","2025","4","",57,1976,1990,2041,80461029,1520600,5032,3091,"",0.56,0.77,0.77,0.79,0.70,1.35,0.38,0.90,"",1,1.8,250,14.5,259,15.0,261,14.7,3914192,5.1,517876,51.6,1226,32.2,-282,-8.4
"13121","5","22111","77","0","2025","4","N",24,0,0,0,0,0,0,0,"N",0.46,0,0,0,0,0,0,0,"N",1,4.3,0,0,0,0,0,0,0,0,0,0,0,0,0,0
"13121","5","221111","78","0","2025","4","N",1,0,0,0,0,0,0,0,"N",0.22,0,0,0,0,0,0,0,"N",-1,-50.0,0,0,0,0,0,0,0,0,0,0,0,0,0,0
"13121","5","221112","78","0","2025","4","N",3,0,0,0,0,0,0,0,"N",0.23,0,0,0,0,0,0,0,"N",1,50.0,0,0,0,0,0,0,0,0,0,0,0,0,0,0
"13121","5","221113","78","0","2025","4","N",1,0,0,0,0,0,0,0,"N",0.71,0,0,0,0,0,0,0,"N",0,0.0,0,0,0,0,0,0,0,0,0,0,0,0,0,0
"13121","5","221114","78","0","2025","4","",13,75,73,74,2379720,75214,235,2474,"",0.68,0.72,0.71,0.71,0.54,0.55,0.10,0.75,"N",1,8.3,0,0,0,0,0,0,0,0,0,0,0,0,0,0
"13121","5","221117","78","0","2025","4","N",1,0,0,0,0,0,0,0,"N",0.65,0,0,0,0,0,0,0,"N",0,0.0,0,0,0,0,0,0,0,0,0,0,0,0,0,0
"13121","5","221118","78","0","2025","4","",5,41,41,42,1431147,1820,22,2663,"",0.79,1.27,1.25,1.26,0.85,0.07,0.05,0.67,"N",0,0.0,0,0,0,0,0,0,0,0,0,0,0,0,0,0
"13121","5","22112","77","0","2025","4","N",33,0,0,0,0,0,0,0,"N",0.65,0,0,0,0,0,0,0,"N",0,0.0,0,0,0,0,0,0,0,0,0,0,0,0,0,0
"13121","5","221121","78","0","2025","4","",6,22,21,21,903286,32332,873,3257,"",0.94,0.12,0.11,0.11,0.11,0.49,1.62,0.94,"",0,0.0,4,22.2,1,5.0,3,16.7,221666,32.5,32332,100.0,873,100.0,448,15.9
"13121","5","221122","78","0","2025","4","N",27,0,0,0,0,0,0,0,"N",0.61,0,0,0,0,0,0,0,"N",0,0.0,0,0,0,0,0,0,0,0,0,0,0,0,0,0
"13121","5","2212","76","0","2025","4","",17,1176,1179,1184,37948926,390064,2480,2475,"",0.74,1.66,1.65,1.65,1.19,1.98,1.36,0.72,"",0,0.0,0,0.0,-7,-0.6,-10,-0.8,1388532,3.8,-70787,-15.4,-26,-1.0,102,4.3
"13121","5","22121","77","0","2025","4","",17,1176,1179,1184,37948926,390064,2480,2475,"",0.74,1.66,1.65,1.65,1.19,1.98,1.36,0.72,"",0,0.0,0,0.0,-7,-0.6,-10,-0.8,1388532,3.8,-70787,-15.4,-26,-1.0,102,4.3
"13121","5","221210","78","0","2025","4","",17,1176,1179,1184,37948926,390064,2480,2475,"",0.74,1.66,1.65,1.65,1.19,1.98,1.36,0.72,"",0,0.0,0,0.0,-7,-0.6,-10,-0.8,1388532,3.8,-70787,-15.4,-26,-1.0,102,4.3
"13121","5","2213","76","0","2025","4","",21,166,164,164,3184578,166514,1719,1488,"",0.44,0.43,0.43,0.43,0.28,0.55,0.52,0.66,"",3,16.7,-21,-11.2,-25,-13.2,-30,-15.5,-339748,-9.6,4649,2.9,195,12.8,61,4.3
"13121","5","22131","77","0","2025","4","",21,166,164,164,3184578,166514,1719,1488,"",0.51,0.50,0.50,0.50,0.33,0.65,0.61,0.65,"",3,16.7,-21,-11.2,-25,-13.2,-30,-15.5,-339748,-9.6,4649,2.9,195,12.8,61,4.3
"13121","5","221310","78","0","2025","4","",21,166,164,164,3184578,166514,1719,1488,"",0.51,0.50,0.50,0.50,0.33,0.65,0.61,0.65,"",3,16.7,-21,-11.2,-25,-13.2,-30,-15.5,-339748,-9.6,4649,2.9,195,12.8,61,4.3
"13121","5","23","74","0","2025","4","",3631,24465,24345,24608,739966509,33179625,504271,2326,"",0.56,0.48,0.48,0.49,0.49,0.48,0.34,1.01,"",441,13.8,544,2.3,556,2.3,819,3.4,49508306,7.2,3773234,12.8,33023,7.0,97,4.4
"13121","5","236","75","0","2025","4","",1533,9768,9710,9791,351248897,10143808,170613,2769,"",0.76,0.86,0.86,0.86,0.93,0.65,0.57,1.08,"",127,9.0,101,1.0,18,0.2,32,0.3,8541757,2.5,2185,0.0,35096,25.9,53,2.0
"13121","5","2361","76","0","2025","4","",1039,4048,4035,4089,130952582,4221566,62953,2483,"",0.66,0.72,0.72,0.73,0.85,0.50,0.48,1.18,"",81,8.5,-64,-1.6,-88,-2.1,-99,-2.4,-2477357,-1.9,-35746,-0.8,-3221,-4.9,4,0.2
"13121","5","23611","77","0","2025","4","",1039,4048,4035,4089,130952582,4221566,62953,2483,"",0.66,0.72,0.72,0.73,0.85,0.50,0.48,1.18,"",81,8.5,-64,-1.6,-88,-2.1,-99,-2.4,-2477357,-1.9,-35746,-0.8,-3221,-4.9,4,0.2
"13121","5","236115","78","0","2025","4","",442,1978,1961,1968,67432124,1641976,20645,2634,"",0.73,0.89,0.89,0.89,1.04,0.45,0.43,1.17,"",3,0.7,-13,-0.7,-23,-1.2,-44,-2.2,-418316,-0.6,-364641,-18.2,-5747,-21.8,19,0.7
"13121","5","236116","78","0","2025","4","",49,401,397,386,16918220,274869,2870,3297,"",1.34,1.51,1.49,1.45,1.51,0.79,0.50,1.02,"",8,19.5,-27,-6.3,-26,-6.1,-34,-8.1,-133347,-0.8,-59734,-17.9,-319,-10.0,201,6.5
"13121","5","236117","78","0","2025","4","",59,642,645,640,23298197,423825,4849,2790,"",1.51,1.82,1.84,1.82,1.53,1.27,1.12,0.84,"",7,13.5,5,0.8,11,1.7,15,2.4,-1127839,-4.6,28583,7.2,-1124,-18.8,-183,-6.2
"13121","5","236118","78","0","2025","4","",489,1027,1032,1095,23304041,1880896,34589,1705,"",0.55,0.36,0.37,0.39,0.37,0.45,0.48,0.98,"",63,14.8,-29,-2.7,-50,-4.6,-36,-3.2,-797855,-3.3,360046,23.7,3969,13.0,4,0.2
"13121","5","2362","76","0","2025","4","",494,5720,5675,5702,220296315,5922242,107660,2973,"",1.09,1.00,1.00,1.00,0.98,0.83,0.63,0.98,"",46,10.3,165,3.0,106,1.9,131,2.4,11019114,5.3,37931,0.6,38317,55.3,80,2.8
"13121","5","23621","77","0","2025","4","",54,516,499,481,20714660,465424,7688,3195,"",1.07,0.49,0.48,0.47,0.54,0.31,0.16,1.13,"",12,28.6,10,2.0,15,3.1,-9,-1.8,-1553300,-7.0,-710540,-60.4,-614,-7.4,-277,-8.0
"13121","5","236210","78","0","2025","4","",54,516,499,481,20714660,465424,7688,3195,"",1.07,0.49,0.48,0.47,0.54,0.31,0.16,1.13,"",12,28.6,10,2.0,15,3.1,-9,-1.8,-1553300,-7.0,-710540,-60.4,-614,-7.4,-277,-8.0
"13121","5","23622","77","0","2025","4","",440,5204,5176,5221,199581655,5456818,99972,2952,"",1.09,1.12,1.11,1.12,1.07,0.97,0.81,0.96,"",34,8.4,155,3.1,91,1.8,140,2.8,12572414,6.7,748471,15.9,38931,63.8,116,4.1
"13121","5","236220","78","0","2025","4","",440,5204,5176,5221,199581655,5456818,99972,2952,"",1.09,1.12,1.11,1.12,1.07,0.97,0.81,0.96,"",34,8.4,155,3.1,91,1.8,140,2.8,12572414,6.7,748471,15.9,38931,63.8,116,4.1
"13121","5","237","75","0","2025","4","",273,3245,3263,3236,96070675,4676518,54283,2275,"",0.67,0.43,0.44,0.45,0.38,0.45,0.19,0.86,"",24,9.6,-265,-7.5,-208,-6.0,-220,-6.4,9042978,10.4,1002188,27.3,7248,15.4,351,18.2
"13121","5","2371","76","0","2025","4","",120,1776,1815,1835,47121968,2728900,37421,2004,"",0.56,0.46,0.47,0.48,0.36,0.46,0.24,0.77,"",20,20.0,-59,-3.2,5,0.3,19,1.0,5846128,14.2,567769,26.3,8508,29.4,260,14.9
"13121","5","23711","77","0","2025","4","",27,1151,1183,1186,31065792,1607512,12377,2037,"",0.30,0.84,0.87,0.87,0.70,1.00,0.36,0.81,"",0,0.0,102,9.7,133,12.7,117,10.9,6908555,28.6,477610,42.3,2093,20.4,277,15.7
"13121","5","237110","78","0","2025","4","",27,1151,1183,1186,31065792,1607512,12377,2037,"",0.30,0.84,0.87,0.87,0.70,1.00,0.36,0.81,"",0,0.0,102,9.7,133,12.7,117,10.9,6908555,28.6,477610,42.3,2093,20.4,277,15.7
"13121","5","23712","77","0","2025","4","",11,14,15,14,257050,36489,985,1380,"",0.36,0.02,0.02,0.02,0.01,0.02,0.02,0.54,"",3,37.5,-14,-50.0,-15,-50.0,-10,-41.7,-175976,-40.6,9792,36.7,248,33.6,161,13.2
"13121","5","237120","78","0","2025","4","",11,14,15,14,257050,36489,985,1380,"",0.36,0.02,0.02,0.02,0.01,0.02,0.02,0.54,"",3,37.5,-14,-50.0,-15,-50.0,-10,-41.7,-175976,-40.6,9792,36.7,248,33.6,161,13.2
"13121","5","23713","77","0","2025","4","",82,611,617,635,15799126,1084899,24059,1957,"",0.86,0.38,0.39,0.40,0.28,0.40,0.35,0.73,"",17,26.2,-147,-19.4,-113,-15.5,-88,-12.2,-886451,-5.3,80367,8.0,6167,34.5,215,12.3
"13121","5","237130","78","0","2025","4","",82,611,617,635,15799126,1084899,24059,1957,"",0.86,0.38,0.39,0.40,0.28,0.40,0.35,0.73,"",17,26.2,-147,-19.4,-113,-15.5,-88,-12.2,-886451,-5.3,80367,8.0,6167,34.5,215,12.3
"13121","5","2372","76","0","2025","4","",61,320,326,326,14859452,347839,3499,3528,"",1.58,1.46,1.49,1.48,1.67,1.38,1.11,1.13,"",-7,-10.3,29,10.0,37,12.8,22,7.2,1903096,14.7,9834,2.9,-526,-13.1,146,4.3
"13121","5","23721","77","0","2025","4","",61,320,326,326,14859452,347839,3499,3528,"",1.58,1.46,1.49,1.48,1.67,1.38,1.11,1.13,"",-7,-10.3,29,10.0,37,12.8,22,7.2,1903096,14.7,9834,2.9,-526,-13.1,146,4.3
"13121","5","237210","78","0","2025","4","",61,320,326,326,14859452,347839,3499,3528,"",1.58,1.46,1.49,1.48,1.67,1.38,1.11,1.13,"",-7,-10.3,29,10.0,37,12.8,22,7.2,1903096,14.7,9834,2.9,-526,-13.1,146,4.3
"13121","5","2373","76","0","2025","4","",48,988,959,903,30372733,1292124,7027,2459,"",0.56,0.40,0.40,0.41,0.37,0.46,0.08,0.93,"",6,14.3,-212,-17.7,-233,-19.5,-246,-21.4,1279747,4.4,355021,37.9,-1761,-20.0,563,29.7
"13121","5","23731","77","0","2025","4","",48,988,959,903,30372733,1292124,7027,2459,"",0.56,0.40,0.40,0.41,0.37,0.46,0.08,0.93,"",6,14.3,-212,-17.7,-233,-19.5,-246,-21.4,1279747,4.4,355021,37.9,-1761,-20.0,563,29.7
"13121","5","237310","78","0","2025","4","",48,988,959,903,30372733,1292124,7027,2459,"",0.56,0.40,0.40,0.41,0.37,0.46,0.08,0.93,"",6,14.3,-212,-17.7,-233,-19.5,-246,-21.4,1279747,4.4,355021,37.9,-1761,-20.0,563,29.7
"13121","5","2379","76","0","2025","4","",44,161,163,172,3716522,307655,6336,1729,"",0.62,0.18,0.18,0.19,0.12,0.23,0.18,0.63,"",5,12.8,-23,-12.5,-17,-9.4,-15,-8.0,14007,0.4,69564,29.2,1027,19.3,178,11.5
"13121","5","23799","77","0","2025","4","",44,161,163,172,3716522,307655,6336,1729,"",0.62,0.18,0.18,0.19,0.12,0.23,0.18,0.63,"",5,12.8,-23,-12.5,-17,-9.4,-15,-8.0,14007,0.4,69564,29.2,1027,19.3,178,11.5
"13121","5","237990","78","0","2025","4","",44,161,163,172,3716522,307655,6336,1729,"",0.62,0.18,0.18,0.19,0.12,0.23,0.18,0.63,"",5,12.8,-23,-12.5,-17,-9.4,-15,-8.0,14007,0.4,69564,29.2,1027,19.3,178,11.5
"13121","5","238","75","0","2025","4","",1825,11452,11372,11581,292646937,18359299,279375,1963,"",0.45,0.36,0.36,0.37,0.33,0.42,0.31,0.92,"",290,18.9,708,6.6,746,7.0,1007,9.5,31923571,12.2,2768861,17.8,-9321,-3.2,79,4.2
"13121","5","2381","76","0","2025","4","",447,1446,1418,1434,32757321,3009550,41530,1759,"",0.54,0.24,0.24,0.25,0.22,0.33,0.22,0.90,"",88,24.5,-56,-3.7,-84,-5.6,-89,-5.8,-1284182,-3.8,650693,27.6,-1185,-2.8,24,1.4
"13121","5","23811","77","0","2025","4","",61,421,380,381,8041927,500482,8732,1570,"",0.36,0.27,0.24,0.25,0.20,0.21,0.17,0.79,"",6,10.9,-58,-12.1,-98,-20.5,-101,-21.0,-2099167,-20.7,-159156,-24.1,-1657,-15.9,-56,-3.4
"13121","5","238111","78","0","2025","4","",32,103,104,104,2122981,122708,2604,1575,"",0.26,0.13,0.14,0.14,0.12,0.10,0.10,0.90,"",4,14.3,-18,-14.9,-15,-12.6,-17,-14.0,-529129,-20.0,40232,48.8,394,17.8,-120,-7.1
"13121","5","238112","78","0","2025","4","",29,318,276,277,5918946,377774,6128,1568,"",0.63,0.39,0.34,0.35,0.25,0.34,0.24,0.71,"",2,7.4,-40,-11.2,-83,-23.1,-84,-23.3,-1570038,-21.0,-199388,-34.5,-2051,-25.1,-35,-2.2
"13121","5","23812","77","0","2025","4","",25,37,41,43,917864,102208,2115,1751,"",0.64,0.07,0.08,0.08,0.06,0.11,0.08,0.77,"",2,8.7,-57,-60.6,-61,-59.8,-66,-60.6,-1276312,-58.2,-152238,-59.8,-3732,-63.8,91,5.5
"13121","5","238121","78","0","2025","4","N",2,0,0,0,0,0,0,0,"N",0.18,0,0,0,0,0,0,0,"N",1,100.0,0,0,0,0,0,0,0,0,0,0,0,0,0,0
"13121","5","238122","78","0","2025","4","N",23,0,0,0,0,0,0,0,"N",0.81,0,0,0,0,0,0,0,"N",1,4.5,0,0,0,0,0,0,0,0,0,0,0,0,0,0
"13121","5","23813","77","0","2025","4","",27,68,66,66,1358885,140207,3586,1568,"",0.34,0.14,0.14,0.14,0.13,0.15,0.27,0.94,"",6,28.6,37,119.4,33,100.0,30,83.3,905246,199.6,102435,271.2,2835,377.5,521,49.8
"13121","5","238131","78","0","2025","4","",16,14,15,15,189399,34153,884,993,"",0.24,0.04,0.04,0.04,0.03,0.05,0.09,0.65,"",4,33.3,1,7.7,1,7.1,1,7.1,87366,85.6,26271,333.3,711,411.0,419,73.0
"13121","5","238132","78","0","2025","4","",11,54,51,51,1169486,106054,2702,1730,"",1.01,0.51,0.48,0.47,0.40,0.55,0.72,0.82,"",2,22.2,36,200.0,32,168.4,29,131.8,817880,232.6,76164,254.8,2124,367.5,355,25.8
"13121","5","23814","77","0","2025","4","",37,139,138,133,2762611,942128,6136,1555,"",0.29,0.17,0.17,0.17,0.14,0.76,0.19,0.86,"",3,8.8,3,2.2,8,6.2,9,7.3,-819609,-22.9,724817,333.5,1297,26.8,-565,-26.7
"13121","5","238141","78","0","2025","4","",15,32,32,28,441442,31533,745,1107,"",0.15,0.08,0.08,0.07,0.05,0.05,0.06,0.71,"",2,15.4,10,45.5,8,33.3,7,33.3,-1152720,-72.3,-11467,-26.7,65,9.6,-4384,-79.8
"13121","5","238142","78","0","2025","4","",22,107,106,105,2321169,910595,5391,1684,"",0.71,0.26,0.26,0.27,0.21,1.57,0.28,0.82,"",1,4.8,-7,-6.1,0,0.0,2,1.9,333111,16.8,736284,422.4,1232,29.6,264,18.6
"13121","5","23815","77","0","2025","4","",30,108,108,107,2387111,138851,2287,1705,"",0.54,0.25,0.25,0.24,0.20,0.28,0.23,0.83,"",4,15.4,3,2.9,4,3.8,1,0.9,25063,1.1,49007,54.5,513,28.9,-25,-1.4
"13121","5","238151","78","0","2025","4","",14,31,31,31,535418,36290,337,1329,"",0.42,0.18,0.18,0.18,0.14,0.17,0.11,0.78,"",3,27.3,-7,-18.4,-7,-18.4,-6,-16.2,-134434,-20.1,-3510,-8.8,-565,-62.6,-39,-2.9
"13121","5","238152","78","0","2025","4","",16,77,77,76,1851693,102561,1950,1858,"",0.71,0.29,0.29,0.28,0.23,0.36,0.28,0.81,"",1,6.7,10,14.9,11,16.7,7,10.1,159497,9.4,52517,104.9,1078,123.6,-75,-3.9
"13121","5","23816","77","0","2025","4","",200,531,544,554,14348333,935544,13879,2033,"",0.87,0.35,0.36,0.38,0.37,0.46,0.37,1.01,"",53,36.1,-2,-0.4,10,1.9,10,1.8,1621723,12.7,-494,-0.1,-2332,-14.4,210,11.5
"13121","5","238161","78","0","2025","4","",156,327,341,348,8839364,688662,10912,2008,"",0.84,0.39,0.41,0.43,0.46,0.53,0.53,1.11,"",43,38.1,44,15.5,61,21.8,70,25.2,2370396,36.6,42289,6.5,-1820,-14.3,233,13.1
"13121","5","238162","78","0","2025","4","",44,204,203,206,5508969,246882,2967,2074,"",1.00,0.29,0.30,0.31,0.28,0.33,0.17,0.93,"",10,29.4,-46,-18.4,-51,-20.1,-60,-22.6,-748673,-12.0,-42783,-14.8,-512,-14.7,199,10.6
"13121","5","23817","77","0","2025","4","",17,23,21,22,570531,11069,53,1995,"",0.28,0.09,0.08,0.09,0.10,0.02,0.01,1.14,"",5,41.7,-3,-11.5,-4,-16.0,-1,-4.3,-69462,-10.9,-7411,-40.1,-179,-77.2,-1,-0.1
"13121","5","238171","78","0","2025","4","N",16,0,0,0,0,0,0,0,"N",0.28,0,0,0,0,0,0,0,"N",5,45.5,0,0,0,0,0,0,0,0,0,0,0,0,0,0
"13121","5","238172","78","0","2025","4","N",1,0,0,0,0,0,0,0,"N",0.25,0,0,0,0,0,0,0,"N",0,0.0,0,0,0,0,0,0,0,0,0,0,0,0,0,0
"13121","5","23819","77","0","2025","4","",50,119,120,128,2370059,239061,4742,1490,"",0.85,0.38,0.39,0.42,0.29,0.44,0.45,0.74,"",9,22.0,21,21.4,24,25.0,29,29.3,428336,22.1,93733,64.5,2070,77.5,-39,-2.6
"13121","5","238191","78","0","2025","4","",31,81,76,81,1509638,118037,2226,1464,"",0.88,0.57,0.54,0.58,0.46,0.49,0.53,0.81,"",7,29.2,23,39.7,21,38.2,24,42.1,557024,58.5,18365,18.4,120,5.7,171,13.2
"13121","5","238192","78","0","2025","4","",19,38,44,47,860421,121024,2516,1539,"",0.81,0.22,0.27,0.29,0.18,0.41,0.40,0.70,"",2,11.8,-2,-5.0,3,7.3,5,11.9,-128688,-13.0,75368,165.1,1950,344.5,-317,-17.1
"13121","5","2382","76","0","2025","4","",656,6978,7060,7241,196429580,11920567,176837,2130,"",0.40,0.44,0.44,0.45,0.41,0.59,0.43,0.92,"",101,18.2,944,15.6,1073,17.9,1199,19.8,35911804,22.4,2973488,33.2,11337,6.9,79,3.9
"13121","5","23821","77","0","2025","4","",305,4428,4505,4679,124910124,8178500,132123,2118,"",0.44,0.64,0.65,0.67,0.58,0.86,0.65,0.89,"",43,16.4,804,22.2,898,24.9,985,26.7,29269162,30.6,1510476,22.7,5290,4.2,98,4.9
"13121","5","238211","78","0","2025","4","",137,1242,1272,1299,28851414,1720778,25249,1746,"",0.32,0.58,0.59,0.60,0.55,0.54,0.52,0.93,"",19,16.1,310,33.3,337,36.0,342,35.7,8348217,40.7,-277672,-13.9,-15888,-38.6,71,4.2
"13121","5","238212","78","0","2025","4","",168,3186,3233,3380,96058710,6457722,106874,2262,"",0.62,0.67,0.68,0.70,0.59,1.03,0.69,0.87,"",24,16.7,494,18.4,561,21.0,643,23.5,20920945,27.8,1788148,38.3,21178,24.7,122,5.7
"13121","5","23822","77","0","2025","4","",302,1855,1863,1874,48826668,3396832,39363,2015,"",0.35,0.23,0.23,0.23,0.21,0.35,0.22,0.91,"",52,20.8,151,8.9,196,11.8,237,14.5,7848706,19.2,1539516,82.9,7684,24.3,127,6.7
"13121","5","238221","78","0","2025","4","",207,640,642,647,14262205,881032,16404,1706,"",0.32,0.15,0.16,0.16,0.14,0.17,0.22,0.93,"",50,31.8,84,15.1,90,16.3,101,18.5,775669,5.8,399364,82.9,7582,85.9,-176,-9.4
"13121","5","238222","78","0","2025","4","",95,1215,1221,1227,34564463,2515800,22959,2178,"",0.47,0.31,0.32,0.31,0.26,0.58,0.23,0.83,"",2,2.2,67,5.8,106,9.5,136,12.5,7073037,25.7,1140152,82.9,102,0.4,286,15.1
"13121","5","23829","77","0","2025","4","",49,695,692,688,22692788,345235,5351,2524,"",0.56,0.70,0.70,0.69,0.66,0.29,0.18,0.94,"",6,14.0,-11,-1.6,-21,-2.9,-23,-3.2,-1206064,-5.0,-76504,-18.1,-1637,-23.4,-65,-2.5
"13121","5","238291","78","0","2025","4","",13,16,21,19,394859,33630,730,1627,"",0.56,0.16,0.21,0.19,0.16,0.26,0.36,0.88,"",3,30.0,3,23.1,5,31.2,9,90.0,195071,97.6,1696,5.3,33,4.7,445,37.6
"13121","5","238292","78","0","2025","4","",36,679,671,669,22297929,311605,4621,2549,"",0.55,0.77,0.76,0.75,0.69,0.29,0.16,0.92,"",3,9.1,-14,-2.0,-26,-3.7,-32,-4.6,-1401135,-5.9,-78200,-20.1,-1670,-26.5,-67,-2.6
"13121","5","2383","76","0","2025","4","",435,1587,1547,1566,31888006,1398270,27319,1566,"",0.47,0.32,0.31,0.32,0.27,0.19,0.19,0.86,"",46,11.8,48,3.1,-1,-0.1,30,2.0,1297630,4.2,-157203,-10.1,1206,4.6,39,2.6
"13121","5","23831","77","0","2025","4","",44,393,388,404,8262384,233187,3810,1609,"",0.29,0.27,0.26,0.28,0.22,0.10,0.07,0.81,"",4,10.0,-65,-14.2,-67,-14.7,-53,-11.6,-987013,-10.7,-161261,-40.9,1370,56.1,51,3.3
"13121","5","238311","78","0","2025","4","",28,77,83,89,1338810,95239,2209,1241,"",0.26,0.11,0.12,0.13,0.09,0.08,0.13,0.76,"",4,16.7,5,6.9,9,12.2,14,18.7,307402,29.8,29662,45.2,1464,196.5,164,15.2
"13121","5","238312","78","0","2025","4","",16,316,305,315,6923574,137948,1601,1707,"",0.39,0.40,0.38,0.40,0.29,0.12,0.04,0.75,"",0,0.0,-70,-18.1,-76,-19.9,-67,-17.5,-1294415,-15.8,-190923,-58.1,-94,-5.5,56,3.4
"13121","5","23832","77","0","2025","4","",140,432,434,428,9328392,279963,4396,1664,"",0.49,0.35,0.36,0.37,0.36,0.14,0.12,1.01,"",15,12.0,-8,-1.8,-12,-2.7,-20,-4.5,-509517,-5.2,-14796,-5.0,-1886,-30.0,-38,-2.2
"13121","5","238321","78","0","2025","4","",111,162,160,157,2787880,131463,3023,1343,"",0.46,0.21,0.21,0.22,0.20,0.10,0.16,0.96,"",12,12.1,-11,-6.4,-16,-9.1,-18,-10.3,-369178,-11.7,39361,42.7,847,38.9,-47,-3.4
"13121","5","238322","78","0","2025","4","",29,270,274,271,6540512,148500,1373,1852,"",0.64,0.59,0.61,0.62,0.54,0.23,0.08,0.89,"",3,11.5,3,1.1,4,1.5,-2,-0.7,-140339,-2.1,-54157,-26.7,-2733,-66.6,-51,-2.7
"13121","5","23833","77","0","2025","4","",69,158,157,151,2995453,162371,2965,1483,"",0.52,0.33,0.33,0.32,0.26,0.25,0.28,0.81,"",4,6.2,-7,-4.2,-10,-6.0,-10,-6.2,-192309,-6.0,-48326,-22.9,-1462,-33.0,-9,-0.6
"13121","5","238331","78","0","2025","4","",55,73,73,69,824571,86118,1962,885,"",0.51,0.23,0.23,0.22,0.13,0.19,0.31,0.56,"",5,10.0,-41,-36.0,-46,-38.7,-44,-38.9,-1389162,-62.8,-89077,-50.8,-1627,-45.3,-591,-40.0
"13121","5","238332","78","0","2025","4","",14,85,84,82,2170882,76253,1003,1996,"",0.60,0.50,0.51,0.49,0.43,0.41,0.22,0.87,"",-1,-6.7,34,66.7,36,75.0,34,70.8,1196853,122.9,40751,114.8,165,19.7,467,30.5
"13121","5","23834","77","0","2025","4","",21,42,42,49,863578,74454,1759,1498,"",0.30,0.13,0.13,0.16,0.12,0.16,0.22,0.88,"",0,0.0,4,10.5,3,7.7,8,19.5,133869,18.3,57965,351.5,1522,642.2,71,5.0
"13121","5","238341","78","0","2025","4","",15,29,29,38,546882,74454,1759,1315,"",0.24,0.12,0.12,0.16,0.11,0.21,0.34,0.84,"",2,15.4,4,16.0,3,11.5,10,35.7,115027,26.6,58475,365.9,1536,688.8,53,4.2
"13121","5","238342","78","0","2025","4","",6,13,13,11,316696,0,0,1975,"",0.75,0.18,0.18,0.15,0.16,0.00,0.00,0.93,"",-2,-25.0,0,0.0,0,0.0,-2,-15.4,18842,6.3,-510,-100.0,-14,-100.0,213,12.1
"13121","5","23835","77","0","2025","4","",84,248,249,257,5652777,298527,3381,1730,"",0.38,0.26,0.26,0.27,0.25,0.22,0.16,0.96,"",8,10.5,21,9.3,18,7.8,22,9.4,1490689,35.8,-37985,-11.3,-3237,-48.9,344,24.8
"13121","5","238351","78","0","2025","4","",74,212,215,221,4827354,290142,3354,1719,"",0.37,0.28,0.28,0.29,0.29,0.26,0.22,1.02,"",8,12.1,20,10.4,19,9.7,20,10.0,1430630,42.1,-15894,-5.2,-3073,-47.8,388,29.2
"13121","5","238352","78","0","2025","4","",10,36,34,36,825423,8385,27,1797,"",0.42,0.19,0.18,0.19,0.15,0.03,0.00,0.79,"",0,0.0,1,2.9,-1,-2.9,2,5.9,60059,7.8,-22091,-72.5,-164,-85.9,99,5.8
"13121","5","23839","77","0","2025","4","",77,314,277,277,4785422,349768,11008,1272,"",1.03,0.57,0.51,0.53,0.36,0.48,0.69,0.67,"",15,24.2,103,48.8,67,31.9,83,42.8,1361911,39.8,47200,15.6,4899,80.2,-13,-1.0
"13121","5","238391","78","0","2025","4","",46,169,157,154,2190336,230715,5696,1053,"",1.05,0.71,0.67,0.66,0.42,0.74,1.18,0.61,"",11,31.4,44,35.2,32,25.6,36,30.5,672529,44.3,3648,1.6,687,13.7,101,10.6
"13121","5","238392","78","0","2025","4","",31,145,120,123,2595086,119053,5312,1543,"",0.99,0.46,0.39,0.42,0.32,0.29,0.48,0.75,"",4,14.8,59,68.6,35,41.2,47,61.8,689382,36.2,43552,57.7,4212,382.9,-237,-13.3
"13121","5","2389","76","0","2025","4","",287,1441,1347,1340,31572030,2030912,33689,1765,"",0.41,0.28,0.27,0.28,0.23,0.29,0.20,0.85,"",55,23.7,-228,-13.7,-242,-15.2,-133,-9.0,-4001681,-11.2,-698117,-25.6,-20679,-38.0,30,1.7
"13121","5","23891","77","0","2025","4","",82,460,441,426,9166800,480324,11372,1594,"",0.28,0.18,0.17,0.17,0.13,0.13,0.14,0.75,"",12,17.1,-41,-8.2,-63,-12.5,-37,-8.0,-4600,-0.1,-188372,-28.2,-1566,-12.1,152,10.5
"13121","5","238911","78","0","2025","4","",32,162,164,166,3469715,172355,4673,1627,"",0.19,0.17,0.17,0.18,0.15,0.11,0.16,0.89,"",10,45.5,20,14.1,22,15.5,22,15.3,460691,15.3,13836,8.7,342,7.9,5,0.3
"13121","5","238912","78","0","2025","4","",50,298,277,260,5697085,307969,6699,1575,"",0.42,0.18,0.17,0.16,0.12,0.15,0.13,0.69,"",2,4.2,-61,-17.0,-85,-23.5,-59,-18.5,-465291,-7.6,-202208,-39.6,-1908,-22.2,208,15.2
"13121","5","23899","77","0","2025","4","",205,981,906,914,22405230,1550588,22317,1846,"",0.51,0.39,0.37,0.39,0.35,0.46,0.26,0.91,"",43,26.5,-187,-16.0,-179,-16.5,-96,-9.5,-3997081,-15.1,-509745,-24.7,-19113,-46.1,-21,-1.1
"13121","5","238991","78","0","2025","4","",105,191,195,208,3960707,362448,7439,1539,"",0.39,0.15,0.16,0.19,0.15,0.22,0.20,0.89,"",25,31.2,53,38.4,55,39.3,67,47.5,1563009,65.2,129448,55.6,1646,28.4,218,16.5
"13121","5","238992","78","0","2025","4","",100,790,711,706,18444523,1188140,14878,1929,"",0.75,0.62,0.57,0.59,0.50,0.70,0.32,0.84,"",18,22.0,-240,-23.3,-234,-24.8,-163,-18.8,-5560090,-23.2,-639193,-35.0,-20759,-58.3,-19,-1.0
"13121","5","31-33","74","0","2025","4","",2101,26544,26627,26608,703603211,20512627,266961,2035,"",0.76,0.35,0.35,0.35,0.31,0.31,0.33,0.90,"",174,9.0,-1244,-4.5,-1175,-4.2,-1327,-4.8,31300117,4.7,-1918878,-8.6,-5364,-2.0,178,9.6
"13121","5","311","75","0","2025","4","",218,4296,4307,4260,86249038,3622586,62515,1547,"",0.74,0.40,0.40,0.39,0.38,0.27,0.40,0.96,"",0,0.0,-158,-3.5,-117,-2.6,-178,-4.0,9709824,12.7,-854792,-19.1,1863,3.1,221,16.7
"13121","5","3111","76","0","2025","4","N",12,0,0,0,0,0,0,0,"N",0.59,0,0,0,0,0,0,0,"N",-1,-7.7,0,0,0,0,0,0,0,0,0,0,0,0,0,0
"13121","5","31111","77","0","2025","4","N",12,0,0,0,0,0,0,0,"N",0.59,0,0,0,0,0,0,0,"N",-1,-7.7,0,0,0,0,0,0,0,0,0,0,0,0,0,0
"13121","5","311111","78","0","2025","4","N",6,0,0,0,0,0,0,0,"N",0.89,0,0,0,0,0,0,0,"N",-1,-14.3,0,0,0,0,0,0,0,0,0,0,0,0,0,0
"13121","5","311119","78","0","2025","4","",6,7,7,7,252510,1639,19,2775,"",0.44,0.03,0.03,0.03,0.04,0.01,0.01,1.38,"",0,0.0,-1,-12.5,-2,-22.2,-1,-12.5,-3106,-1.2,-206,-11.2,-3,-13.6,415,17.6
"13121","5","3112","76","0","2025","4","",7,23,25,24,456342,51101,831,1463,"",0.82,0.06,0.06,0.06,0.04,0.15,0.22,0.62,"",1,16.7,-1,-4.2,21,525.0,-1,-4.0,60223,15.2,-2348,-4.4,588,242.0,-262,-15.2
"13121","5","31121","77","0","2025","4","N",3,0,0,0,0,0,0,0,"N",0.78,0,0,0,0,0,0,0,"N",1,50.0,0,0,0,0,0,0,0,0,0,0,0,0,0,0
"13121","5","311211","78","0","2025","4","N",3,0,0,0,0,0,0,0,"N",1.11,0,0,0,0,0,0,0,"N",1,50.0,0,0,0,0,0,0,0,0,0,0,0,0,0,0
"13121","5","31122","77","0","2025","4","N",3,0,0,0,0,0,0,0,"N",0.84,0,0,0,0,0,0,0,"N",-1,-25.0,0,0,0,0,0,0,0,0,0,0,0,0,0,0
"13121","5","311225","78","0","2025","4","N",3,0,0,0,0,0,0,0,"N",2.13,0,0,0,0,0,0,0,"N",-1,-25.0,0,0,0,0,0,0,0,0,0,0,0,0,0,0
"13121","5","31123","77","0","2025","4","N",1,0,0,0,0,0,0,0,"N",0.90,0,0,0,0,0,0,0,"N",1,100.0,0,0,0,0,0,0,0,0,0,0,0,0,0,0
"13121","5","311230","78","0","2025","4","N",1,0,0,0,0,0,0,0,"N",0.90,0,0,0,0,0,0,0,"N",1,100.0,0,0,0,0,0,0,0,0,0,0,0,0,0,0
"13121","5","3113","76","0","2025","4","",9,73,72,70,376873,100829,1331,405,"",0.54,0.14,0.14,0.13,0.03,0.15,0.12,0.22,"",-1,-10.0,5,7.4,5,7.5,8,12.9,-3953,-1.0,24906,32.8,400,43.0,-41,-9.2
"13121","5","31134","77","0","2025","4","N",2,0,0,0,0,0,0,0,"N",0.40,0,0,0,0,0,0,0,"N",0,0.0,0,0,0,0,0,0,0,0,0,0,0,0,0,0
"13121","5","311340","78","0","2025","4","N",2,0,0,0,0,0,0,0,"N",0.40,0,0,0,0,0,0,0,"N",0,0.0,0,0,0,0,0,0,0,0,0,0,0,0,0,0
"13121","5","31135","77","0","2025","4","N",7,0,0,0,0,0,0,0,"N",0.65,0,0,0,0,0,0,0,"N",-1,-12.5,0,0,0,0,0,0,0,0,0,0,0,0,0,0
"13121","5","311351","78","0","2025","4","N",4,0,0,0,0,0,0,0,"N",1.65,0,0,0,0,0,0,0,"N",0,0.0,0,0,0,0,0,0,0,0,0,0,0,0,0,0
"13121","5","311352","78","0","2025","4","N",3,0,0,0,0,0,0,0,"N",0.36,0,0,0,0,0,0,0,"N",-1,-25.0,0,0,0,0,0,0,0,0,0,0,0,0,0,0
"13121","5","3114","76","0","2025","4","",22,359,352,353,6707673,73910,2066,1455,"",1.09,0.33,0.34,0.35,0.28,0.04,0.07,0.84,"",3,15.8,-34,-8.7,-38,-9.7,-39,-9.9,375154,5.9,-153841,-67.5,-193,-8.5,211,17.0
"13121","5","31141","77","0","2025","4","N",5,0,0,0,0,0,0,0,"N",0.58,0,0,0,0,0,0,0,"N",0,0.0,0,0,0,0,0,0,0,0,0,0,0,0,0,0
"13121","5","311411","78","0","2025","4","N",1,0,0,0,0,0,0,0,"N",0.40,0,0,0,0,0,0,0,"N",0,0.0,0,0,0,0,0,0,0,0,0,0,0,0,0,0
"13121","5","311412","78","0","2025","4","N",4,0,0,0,0,0,0,0,"N",0.65,0,0,0,0,0,0,0,"N",0,0.0,0,0,0,0,0,0,0,0,0,0,0,0,0,0
"13121","5","31142","77","0","2025","4","N",17,0,0,0,0,0,0,0,"N",1.48,0,0,0,0,0,0,0,"N",3,21.4,0,0,0,0,0,0,0,0,0,0,0,0,0,0
"13121","5","311421","78","0","2025","4","N",17,0,0,0,0,0,0,0,"N",2.17,0,0,0,0,0,0,0,"N",3,21.4,0,0,0,0,0,0,0,0,0,0,0,0,0,0
"13121","5","3115","76","0","2025","4","",14,66,60,60,722218,99334,1133,896,"",0.72,0.06,0.06,0.06,0.03,0.10,0.10,0.47,"",4,40.0,-9,-12.0,-3,-4.8,-9,-13.0,56051,8.4,28613,40.5,-644,-36.2,153,20.6
"13121","5","31151","77","0","2025","4","",8,9,9,9,385230,3730,101,3293,"",0.64,0.01,0.01,0.01,0.02,0.00,0.01,1.67,"N",2,33.3,0,0,0,0,0,0,0,0,0,0,0,0,0,0
"13121","5","311511","78","0","2025","4","N",2,0,0,0,0,0,0,0,"N",0.40,0,0,0,0,0,0,0,"N",1,100.0,0,0,0,0,0,0,0,0,0,0,0,0,0,0
"13121","5","311513","78","0","2025","4","N",3,0,0,0,0,0,0,0,"N",0.60,0,0,0,0,0,0,0,"N",1,50.0,0,0,0,0,0,0,0,0,0,0,0,0,0,0
"13121","5","311514","78","0","2025","4","",3,3,3,3,95815,0,0,2457,"",1.49,0.02,0.02,0.02,0.03,0.00,0.00,1.09,"",0,0.0,1,50.0,0,0.0,0,0.0,21394,28.7,-18788,-100.0,-508,-100.0,310,14.4
"13121","5","31152","77","0","2025","4","",6,57,51,51,336988,95604,1032,489,"",0.87,0.38,0.35,0.35,0.11,0.51,0.38,0.32,"N",2,50.0,0,0,0,0,0,0,0,0,0,0,0,0,0,0
"13121","5","311520","78","0","2025","4","",6,57,51,51,336988,95604,1032,489,"",0.87,0.38,0.35,0.35,0.11,0.51,0.38,0.32,"N",2,50.0,0,0,0,0,0,0,0,0,0,0,0,0,0,0
"13121","5","3116","76","0","2025","4","",11,176,167,160,2931509,170070,2323,1345,"",0.34,0.05,0.05,0.05,0.05,0.04,0.09,0.93,"",3,37.5,-7,-3.8,5,3.1,4,2.6,155792,5.6,15640,10.1,1473,173.3,66,5.2
"13121","5","31161","77","0","2025","4","",11,176,167,160,2931509,170070,2323,1345,"",0.34,0.05,0.05,0.05,0.05,0.04,0.09,0.93,"",3,37.5,-7,-3.8,5,3.1,4,2.6,155792,5.6,15640,10.1,1473,173.3,66,5.2
"13121","5","311612","78","0","2025","4","N",8,0,0,0,0,0,0,0,"N",0.59,0,0,0,0,0,0,0,"N",1,14.3,0,0,0,0,0,0,0,0,0,0,0,0,0,0
"13121","5","311615","78","0","2025","4","N",3,0,0,0,0,0,0,0,"N",0.52,0,0,0,0,0,0,0,"N",2,200.0,0,0,0,0,0,0,0,0,0,0,0,0,0,0
"13121","5","3117","76","0","2025","4","N",3,0,0,0,0,0,0,0,"N",0.52,0,0,0,0,0,0,0,"N",0,0.0,0,0,0,0,0,0,0,0,0,0,0,0,0,0
"13121","5","31171","77","0","2025","4","N",3,0,0,0,0,0,0,0,"N",0.52,0,0,0,0,0,0,0,"N",0,0.0,0,0,0,0,0,0,0,0,0,0,0,0,0,0
"13121","5","311710","78","0","2025","4","N",3,0,0,0,0,0,0,0,"N",0.52,0,0,0,0,0,0,0,"N",0,0.0,0,0,0,0,0,0,0,0,0,0,0,0,0,0
"13121","5","3118","76","0","2025","4","",76,1515,1543,1553,25132893,1888936,30321,1258,"",0.69,0.72,0.73,0.73,0.70,0.68,0.91,0.97,"",-9,-10.6,-372,-19.7,-364,-19.1,-357,-18.7,-3224556,-11.4,-564640,-23.0,8391,38.3,111,9.7
"13121","5","31181","77","0","2025","4","",70,1118,1120,1127,18355629,1547706,27920,1259,"",0.71,0.68,0.67,0.67,0.70,0.69,1.01,1.03,"",-7,-9.1,-381,-25.4,-393,-26.0,-384,-25.4,-4034466,-18.0,-473230,-23.4,7513,36.8,117,10.2
"13121","5","311811","78","0","2025","4","",45,663,654,662,7745937,908331,21744,903,"",0.67,1.02,0.99,0.98,1.14,0.91,1.76,1.14,"",-7,-13.5,-101,-13.2,-112,-14.6,-104,-13.6,-722639,-8.5,-83370,-8.4,11173,105.7,52,6.1
"13121","5","311812","78","0","2025","4","N",22,0,0,0,0,0,0,0,"N",0.77,0,0,0,0,0,0,0,"N",0,0.0,0,0,0,0,0,0,0,0,0,0,0,0,0,0
"13121","5","311813","78","0","2025","4","N",3,0,0,0,0,0,0,0,"N",1.41,0,0,0,0,0,0,0,"N",0,0.0,0,0,0,0,0,0,0,0,0,0,0,0,0,0
"13121","5","31182","77","0","2025","4","N",4,0,0,0,0,0,0,0,"N",0.46,0,0,0,0,0,0,0,"N",-2,-33.3,0,0,0,0,0,0,0,0,0,0,0,0,0,0
"13121","5","311821","78","0","2025","4","N",3,0,0,0,0,0,0,0,"N",0.59,0,0,0,0,0,0,0,"N",-1,-25.0,0,0,0,0,0,0,0,0,0,0,0,0,0,0
"13121","5","311824","78","0","2025","4","N",1,0,0,0,0,0,0,0,"N",0.27,0,0,0,0,0,0,0,"N",-1,-50.0,0,0,0,0,0,0,0,0,0,0,0,0,0,0
"13121","5","31183","77","0","2025","4","N",2,0,0,0,0,0,0,0,"N",0.56,0,0,0,0,0,0,0,"N",0,0.0,0,0,0,0,0,0,0,0,0,0,0,0,0,0
"13121","5","311830","78","0","2025","4","N",2,0,0,0,0,0,0,0,"N",0.56,0,0,0,0,0,0,0,"N",0,0.0,0,0,0,0,0,0,0,0,0,0,0,0,0,0
"13121","5","3119","76","0","2025","4","",64,1281,1291,1249,29896244,692574,13925,1806,"",1.03,0.79,0.79,0.76,0.80,0.35,0.55,1.03,"",0,0.0,219,20.6,228,21.4,194,18.4,11209389,60.0,-122783,-15.1,-7719,-35.7,450,33.2
"13121","5","31191","77","0","2025","4","",10,14,14,14,391386,0,0,2150,"",1.18,0.04,0.04,0.04,0.05,0.00,0.00,1.27,"N",2,25.0,0,0,0,0,0,0,0,0,0,0,0,0,0,0
"13121","5","311919","78","0","2025","4","",10,14,14,14,391386,0,0,2150,"",1.66,0.05,0.05,0.05,0.06,0.00,0.00,1.30,"N",2,25.0,0,0,0,0,0,0,0,0,0,0,0,0,0,0
"13121","5","31192","77","0","2025","4","N",12,0,0,0,0,0,0,0,"N",0.95,0,0,0,0,0,0,0,"N",2,20.0,0,0,0,0,0,0,0,0,0,0,0,0,0,0
"13121","5","311920","78","0","2025","4","N",12,0,0,0,0,0,0,0,"N",0.95,0,0,0,0,0,0,0,"N",2,20.0,0,0,0,0,0,0,0,0,0,0,0,0,0,0
"13121","5","31193","77","0","2025","4","N",14,0,0,0,0,0,0,0,"N",5.74,0,0,0,0,0,0,0,"N",0,0.0,0,0,0,0,0,0,0,0,0,0,0,0,0,0
"13121","5","311930","78","0","2025","4","N",14,0,0,0,0,0,0,0,"N",5.74,0,0,0,0,0,0,0,"N",0,0.0,0,0,0,0,0,0,0,0,0,0,0,0,0,0
"13121","5","31194","77","0","2025","4","",8,279,285,272,5632372,134727,5556,1555,"",0.93,0.90,0.92,0.88,0.68,0.50,1.48,0.76,"",-2,-20.0,-18,-6.1,-11,-3.7,-26,-8.7,295005,5.5,-202188,-60.0,-7076,-56.0,173,12.5
"13121","5","311941","78","0","2025","4","N",4,0,0,0,0,0,0,0,"N",1.16,0,0,0,0,0,0,0,"N",-1,-20.0,0,0,0,0,0,0,0,0,0,0,0,0,0,0
"13121","5","311942","78","0","2025","4","N",4,0,0,0,0,0,0,0,"N",0.77,0,0,0,0,0,0,0,"N",-1,-20.0,0,0,0,0,0,0,0,0,0,0,0,0,0,0
"13121","5","31199","77","0","2025","4","",20,109,111,108,1090712,244988,6306,767,"",0.67,0.16,0.16,0.15,0.08,0.25,0.52,0.48,"",-2,-9.1,18,19.8,14,14.4,22,25.6,-37112,-3.3,1096,0.4,-83,-1.3,-183,-19.3
"13121","5","311991","78","0","2025","4","N",13,0,0,0,0,0,0,0,"N",0.95,0,0,0,0,0,0,0,"N",-2,-13.3,0,0,0,0,0,0,0,0,0,0,0,0,0,0
"13121","5","311999","78","0","2025","4","N",7,0,0,0,0,0,0,0,"N",0.43,0,0,0,0,0,0,0,"N",0,0.0,0,0,0,0,0,0,0,0,0,0,0,0,0,0
"13121","5","312","75","0","2025","4","",89,2449,2414,2373,37247635,1941575,32787,1188,"",0.78,1.22,1.23,1.22,0.93,0.91,1.10,0.76,"",8,9.9,-21,-0.9,-30,-1.2,-61,-2.5,-1242612,-3.2,-189776,-8.9,361,1.1,-21,-1.7
"13121","5","3121","76","0","2025","4","",89,2449,2414,2373,37247635,1941575,32787,1188,"",0.80,1.26,1.28,1.27,0.98,0.95,1.18,0.77,"",8,9.9,-21,-0.9,-30,-1.2,-61,-2.5,-1242612,-3.2,-189776,-8.9,361,1.1,-21,-1.7
"13121","5","31211","77","0","2025","4","",28,1767,1735,1717,29733977,939276,9650,1315,"",1.45,2.62,2.59,2.56,1.88,1.67,1.44,0.73,"",4,16.7,20,1.1,-6,-0.3,-30,-1.7,-542012,-1.8,-159009,-14.5,-1192,-11.0,-20,-1.5
"13121","5","312111","78","0","2025","4","N",25,0,0,0,0,0,0,0,"N",2.48,0,0,0,0,0,0,0,"N",5,25.0,0,0,0,0,0,0,0,0,0,0,0,0,0,0
"13121","5","312112","78","0","2025","4","N",1,0,0,0,0,0,0,0,"N",0.19,0,0,0,0,0,0,0,"N",-1,-50.0,0,0,0,0,0,0,0,0,0,0,0,0,0,0
"13121","5","312113","78","0","2025","4","N",2,0,0,0,0,0,0,0,"N",0.53,0,0,0,0,0,0,0,"N",0,0.0,0,0,0,0,0,0,0,0,0,0,0,0,0,0
"13121","5","31212","77","0","2025","4","",36,619,611,589,6543760,933434,22336,830,"",0.90,0.97,0.98,0.95,0.64,1.16,2.20,0.66,"",2,5.9,-45,-6.8,-35,-5.4,-34,-5.5,-771040,-10.5,-36608,-3.8,2582,13.1,-43,-4.9
"13121","5","312120","78","0","2025","4","",36,619,611,589,6543760,933434,22336,830,"",0.90,0.97,0.98,0.95,0.64,1.16,2.20,0.66,"",2,5.9,-45,-6.8,-35,-5.4,-34,-5.5,-771040,-10.5,-36608,-3.8,2582,13.1,-43,-4.9
"13121","5","31213","77","0","2025","4","",13,10,10,10,351396,0,0,2703,"",0.33,0.02,0.02,0.02,0.04,0.00,0.00,1.90,"",2,18.2,3,42.9,3,42.9,2,25.0,136100,63.2,-9476,-100.0,-256,-100.0,445,19.7
"13121","5","312130","78","0","2025","4","",13,10,10,10,351396,0,0,2703,"",0.33,0.02,0.02,0.02,0.04,0.00,0.00,1.90,"",2,18.2,3,42.9,3,42.9,2,25.0,136100,63.2,-9476,-100.0,-256,-100.0,445,19.7
"13121","5","31214","77","0","2025","4","",12,53,58,57,618502,68865,801,850,"",0.93,0.34,0.37,0.36,0.17,0.48,0.38,0.48,"",0,0.0,1,1.9,8,16.0,1,1.8,-65660,-9.6,15317,28.6,-773,-49.1,-149,-14.9
"13121","5","312140","78","0","2025","4","",12,53,58,57,618502,68865,801,850,"",0.93,0.34,0.37,0.36,0.17,0.48,0.38,0.48,"",0,0.0,1,1.9,8,16.0,1,1.8,-65660,-9.6,15317,28.6,-773,-49.1,-149,-14.9
"13121","5","313","75","0","2025","4","",16,170,177,175,5773965,136185,1302,2553,"",0.89,0.35,0.36,0.36,0.56,0.29,0.33,1.57,"",-1,-5.9,1,0.6,10,6.0,5,2.9,209564,3.8,-115267,-45.8,-82,-5.9,15,0.6
"13121","5","3131","76","0","2025","4","N",2,0,0,0,0,0,0,0,"N",0.75,0,0,0,0,0,0,0,"N",0,0.0,0,0,0,0,0,0,0,0,0,0,0,0,0,0
"13121","5","31311","77","0","2025","4","N",2,0,0,0,0,0,0,0,"N",0.75,0,0,0,0,0,0,0,"N",0,0.0,0,0,0,0,0,0,0,0,0,0,0,0,0,0
"13121","5","313110","78","0","2025","4","N",2,0,0,0,0,0,0,0,"N",0.75,0,0,0,0,0,0,0,"N",0,0.0,0,0,0,0,0,0,0,0,0,0,0,0,0,0
"13121","5","3132","76","0","2025","4","N",3,0,0,0,0,0,0,0,"N",0.43,0,0,0,0,0,0,0,"N",0,0.0,0,0,0,0,0,0,0,0,0,0,0,0,0,0
"13121","5","31321","77","0","2025","4","N",1,0,0,0,0,0,0,0,"N",0.41,0,0,0,0,0,0,0,"N",0,0.0,0,0,0,0,0,0,0,0,0,0,0,0,0,0
"13121","5","313210","78","0","2025","4","N",1,0,0,0,0,0,0,0,"N",0.41,0,0,0,0,0,0,0,"N",0,0.0,0,0,0,0,0,0,0,0,0,0,0,0,0,0
"13121","5","31323","77","0","2025","4","N",1,0,0,0,0,0,0,0,"N",0.47,0,0,0,0,0,0,0,"N",0,0.0,0,0,0,0,0,0,0,0,0,0,0,0,0,0
"13121","5","313230","78","0","2025","4","N",1,0,0,0,0,0,0,0,"N",0.47,0,0,0,0,0,0,0,"N",0,0.0,0,0,0,0,0,0,0,0,0,0,0,0,0,0
"13121","5","31324","77","0","2025","4","N",1,0,0,0,0,0,0,0,"N",1.12,0,0,0,0,0,0,0,"N",0,0.0,0,0,0,0,0,0,0,0,0,0,0,0,0,0
"13121","5","313240","78","0","2025","4","N",1,0,0,0,0,0,0,0,"N",1.12,0,0,0,0,0,0,0,"N",0,0.0,0,0,0,0,0,0,0,0,0,0,0,0,0,0
"13121","5","3133","76","0","2025","4","N",11,0,0,0,0,0,0,0,"N",1.32,0,0,0,0,0,0,0,"N",-1,-8.3,0,0,0,0,0,0,0,0,0,0,0,0,0,0
"13121","5","31331","77","0","2025","4","N",7,0,0,0,0,0,0,0,"N",1.01,0,0,0,0,0,0,0,"N",1,16.7,0,0,0,0,0,0,0,0,0,0,0,0,0,0
"13121","5","313310","78","0","2025","4","N",7,0,0,0,0,0,0,0,"N",1.01,0,0,0,0,0,0,0,"N",1,16.7,0,0,0,0,0,0,0,0,0,0,0,0,0,0
"13121","5","31332","77","0","2025","4","N",4,0,0,0,0,0,0,0,"N",2.82,0,0,0,0,0,0,0,"N",-2,-33.3,0,0,0,0,0,0,0,0,0,0,0,0,0,0
"13121","5","313320","78","0","2025","4","N",4,0,0,0,0,0,0,0,"N",2.82,0,0,0,0,0,0,0,"N",-2,-33.3,0,0,0,0,0,0,0,0,0,0,0,0,0,0
"13121","5","314","75","0","2025","4","",20,356,363,392,4735260,297115,2175,984,"",0.48,0.64,0.65,0.70,0.44,0.52,0.39,0.66,"",1,5.3,-92,-20.5,-109,-23.1,-80,-16.9,-2925052,-38.2,-167272,-36.0,1250,135.1,-286,-22.5
"13121","5","3141","76","0","2025","4","",5,127,139,163,1168344,205159,1488,628,"",0.50,0.58,0.63,0.73,0.27,1.44,1.08,0.42,"",0,0.0,10,8.5,-2,-1.4,24,17.3,-50672,-4.2,-64943,-24.0,937,170.1,-81,-11.4
"13121","5","31412","77","0","2025","4","",5,127,139,163,1168344,205159,1488,628,"",0.71,1.81,1.94,2.26,0.90,2.34,1.60,0.45,"",0,0.0,10,8.5,-2,-1.4,24,17.3,-50672,-4.2,-64943,-24.0,937,170.1,-81,-11.4
"13121","5","314120","78","0","2025","4","",5,127,139,163,1168344,205159,1488,628,"",0.71,1.81,1.94,2.26,0.90,2.34,1.60,0.45,"",0,0.0,10,8.5,-2,-1.4,24,17.3,-50672,-4.2,-64943,-24.0,937,170.1,-81,-11.4
"13121","5","3149","76","0","2025","4","",15,229,224,229,3566916,91956,687,1207,"",0.47,0.68,0.66,0.67,0.55,0.22,0.16,0.81,"",1,7.1,-102,-30.8,-107,-32.3,-104,-31.2,-2874380,-44.6,-102329,-52.7,313,83.7,-287,-19.2
"13121","5","31491","77","0","2025","4","N",2,0,0,0,0,0,0,0,"N",0.19,0,0,0,0,0,0,0,"N",0,0.0,0,0,0,0,0,0,0,0,0,0,0,0,0,0
"13121","5","314910","78","0","2025","4","N",2,0,0,0,0,0,0,0,"N",0.19,0,0,0,0,0,0,0,"N",0,0.0,0,0,0,0,0,0,0,0,0,0,0,0,0,0
"13121","5","31499","77","0","2025","4","N",13,0,0,0,0,0,0,0,"N",0.61,0,0,0,0,0,0,0,"N",1,8.3,0,0,0,0,0,0,0,0,0,0,0,0,0,0
"13121","5","314999","78","0","2025","4","N",13,0,0,0,0,0,0,0,"N",0.65,0,0,0,0,0,0,0,"N",1,8.3,0,0,0,0,0,0,0,0,0,0,0,0,0,0
"13121","5","315","75","0","2025","4","N",22,0,0,0,0,0,0,0,"N",0.52,0,0,0,0,0,0,0,"N",-1,-4.3,0,0,0,0,0,0,0,0,0,0,0,0,0,0
"13121","5","3152","76","0","2025","4","N",19,0,0,0,0,0,0,0,"N",0.62,0,0,0,0,0,0,0,"N",-1,-5.0,0,0,0,0,0,0,0,0,0,0,0,0,0,0
"13121","5","31521","77","0","2025","4","N",4,0,0,0,0,0,0,0,"N",0.29,0,0,0,0,0,0,0,"N",1,33.3,0,0,0,0,0,0,0,0,0,0,0,0,0,0
"13121","5","315210","78","0","2025","4","N",4,0,0,0,0,0,0,0,"N",0.29,0,0,0,0,0,0,0,"N",1,33.3,0,0,0,0,0,0,0,0,0,0,0,0,0,0
"13121","5","31525","77","0","2025","4","N",15,0,0,0,0,0,0,0,"N",0.88,0,0,0,0,0,0,0,"N",-2,-11.8,0,0,0,0,0,0,0,0,0,0,0,0,0,0
"13121","5","315250","78","0","2025","4","N",15,0,0,0,0,0,0,0,"N",0.88,0,0,0,0,0,0,0,"N",-2,-11.8,0,0,0,0,0,0,0,0,0,0,0,0,0,0
"13121","5","3159","76","0","2025","4","N",3,0,0,0,0,0,0,0,"N",0.29,0,0,0,0,0,0,0,"N",0,0.0,0,0,0,0,0,0,0,0,0,0,0,0,0,0
"13121","5","31599","77","0","2025","4","N",3,0,0,0,0,0,0,0,"N",0.29,0,0,0,0,0,0,0,"N",0,0.0,0,0,0,0,0,0,0,0,0,0,0,0,0,0
"13121","5","315990","78","0","2025","4","N",3,0,0,0,0,0,0,0,"N",0.29,0,0,0,0,0,0,0,"N",0,0.0,0,0,0,0,0,0,0,0,0,0,0,0,0,0
"13121","5","316","75","0","2025","4","N",8,0,0,0,0,0,0,0,"N",0.76,0,0,0,0,0,0,0,"N",0,0.0,0,0,0,0,0,0,0,0,0,0,0,0,0,0
"13121","5","3161","76","0","2025","4","N",3,0,0,0,0,0,0,0,"N",2.26,0,0,0,0,0,0,0,"N",0,0.0,0,0,0,0,0,0,0,0,0,0,0,0,0,0
"13121","5","31611","77","0","2025","4","N",3,0,0,0,0,0,0,0,"N",2.26,0,0,0,0,0,0,0,"N",0,0.0,0,0,0,0,0,0,0,0,0,0,0,0,0,0
"13121","5","316110","78","0","2025","4","N",3,0,0,0,0,0,0,0,"N",2.26,0,0,0,0,0,0,0,"N",0,0.0,0,0,0,0,0,0,0,0,0,0,0,0,0,0
"13121","5","3162","76","0","2025","4","N",3,0,0,0,0,0,0,0,"N",1.14,0,0,0,0,0,0,0,"N",0,0.0,0,0,0,0,0,0,0,0,0,0,0,0,0,0
"13121","5","31621","77","0","2025","4","N",3,0,0,0,0,0,0,0,"N",1.14,0,0,0,0,0,0,0,"N",0,0.0,0,0,0,0,0,0,0,0,0,0,0,0,0,0
"13121","5","316210","78","0","2025","4","N",3,0,0,0,0,0,0,0,"N",1.14,0,0,0,0,0,0,0,"N",0,0.0,0,0,0,0,0,0,0,0,0,0,0,0,0,0
"13121","5","3169","76","0","2025","4","N",2,0,0,0,0,0,0,0,"N",0.31,0,0,0,0,0,0,0,"N",0,0.0,0,0,0,0,0,0,0,0,0,0,0,0,0,0
"13121","5","31699","77","0","2025","4","N",2,0,0,0,0,0,0,0,"N",0.31,0,0,0,0,0,0,0,"N",0,0.0,0,0,0,0,0,0,0,0,0,0,0,0,0,0
"13121","5","316990","78","0","2025","4","N",2,0,0,0,0,0,0,0,"N",0.31,0,0,0,0,0,0,0,"N",0,0.0,0,0,0,0,0,0,0,0,0,0,0,0,0,0
"13121","5","321","75","0","2025","4","",64,1176,1179,1168,41259057,989345,17271,2703,"",0.58,0.49,0.49,0.48,0.80,0.31,0.51,1.64,"",15,30.6,-172,-12.8,-181,-13.3,-182,-13.5,-1781782,-4.1,-101015,-9.3,-545,-3.1,255,10.4
"13121","5","3211","76","0","2025","4","",8,47,50,52,1514436,42104,831,2346,"",0.35,0.09,0.10,0.10,0.14,0.06,0.12,1.37,"",2,33.3,-6,-11.3,-4,-7.4,-2,-3.7,237844,18.6,-2575,-5.8,169,25.5,516,28.2
"13121","5","32111","77","0","2025","4","",8,47,50,52,1514436,42104,831,2346,"",0.35,0.09,0.10,0.10,0.14,0.06,0.12,1.37,"",2,33.3,-6,-11.3,-4,-7.4,-2,-3.7,237844,18.6,-2575,-5.8,169,25.5,516,28.2
"13121","5","321113","78","0","2025","4","N",6,0,0,0,0,0,0,0,"N",0.31,0,0,0,0,0,0,0,"N",2,50.0,0,0,0,0,0,0,0,0,0,0,0,0,0,0
"13121","5","321114","78","0","2025","4","N",2,0,0,0,0,0,0,0,"N",0.62,0,0,0,0,0,0,0,"N",0,0.0,0,0,0,0,0,0,0,0,0,0,0,0,0,0
"13121","5","3212","76","0","2025","4","",13,463,461,462,16100988,158421,451,2681,"",1.00,0.98,0.97,0.97,1.47,0.23,0.06,1.51,"",3,30.0,-113,-19.6,-111,-19.4,-108,-18.9,-3350794,-17.2,-21138,-11.8,130,40.5,68,2.6
"13121","5","32121","77","0","2025","4","",13,463,461,462,16100988,158421,451,2681,"",1.00,0.98,0.97,0.97,1.47,0.23,0.06,1.51,"",3,30.0,-113,-19.6,-111,-19.4,-108,-18.9,-3350794,-17.2,-21138,-11.8,130,40.5,68,2.6
"13121","5","321211","78","0","2025","4","",6,342,341,341,13146890,122616,149,2963,"",2.47,4.49,4.44,4.40,7.46,1.05,0.10,1.68,"N",0,0.0,0,0,0,0,0,0,0,0,0,0,0,0,0,0
"13121","5","321212","78","0","2025","4","N",1,0,0,0,0,0,0,0,"N",1.19,0,0,0,0,0,0,0,"N",0,0.0,0,0,0,0,0,0,0,0,0,0,0,0,0,0
"13121","5","321215","78","0","2025","4","N",6,0,0,0,0,0,0,0,"N",0.74,0,0,0,0,0,0,0,"N",3,100.0,0,0,0,0,0,0,0,0,0,0,0,0,0,0
"13121","5","3219","76","0","2025","4","",43,666,668,654,23643633,788820,15989,2745,"",0.58,0.47,0.47,0.46,0.80,0.45,0.86,1.73,"",10,30.3,-53,-7.4,-66,-9.0,-72,-9.9,1331168,6.0,-77302,-8.9,-844,-5.0,382,16.2
"13121","5","32191","77","0","2025","4","",17,180,181,175,4072356,194051,2807,1753,"",0.71,0.30,0.31,0.29,0.32,0.24,0.41,1.05,"N",7,70.0,0,0,0,0,0,0,0,0,0,0,0,0,0,0
"13121","5","321911","78","0","2025","4","",5,112,112,109,2652577,78284,523,1838,"",0.58,0.34,0.34,0.33,0.35,0.17,0.15,1.06,"",1,25.0,-18,-13.8,-19,-14.5,-20,-15.5,-1069600,-28.7,10254,15.1,229,77.9,-364,-16.5
"13121","5","321912","78","0","2025","4","N",1,0,0,0,0,0,0,0,"N",0.26,0,0,0,0,0,0,0,"N",0,0.0,0,0,0,0,0,0,0,0,0,0,0,0,0,0
"13121","5","321918","78","0","2025","4","N",11,0,0,0,0,0,0,0,"N",0.96,0,0,0,0,0,0,0,"N",6,120.0,0,0,0,0,0,0,0,0,0,0,0,0,0,0
"13121","5","32192","77","0","2025","4","",11,395,398,387,17825333,482944,11836,3486,"",0.51,1.07,1.08,1.05,2.59,1.12,2.76,2.43,"",0,0.0,-94,-19.2,-102,-20.4,-114,-22.8,1362659,8.3,-239246,-33.1,-3571,-23.2,936,36.7
"13121","5","321920","78","0","2025","4","",11,395,398,387,17825333,482944,11836,3486,"",0.51,1.07,1.08,1.05,2.59,1.12,2.76,2.43,"",0,0.0,-94,-19.2,-102,-20.4,-114,-22.8,1362659,8.3,-239246,-33.1,-3571,-23.2,936,36.7
"13121","5","32199","77","0","2025","4","",15,91,89,92,1745944,111825,1346,1481,"",0.51,0.20,0.19,0.20,0.18,0.21,0.18,0.91,"N",3,25.0,0,0,0,0,0,0,0,0,0,0,0,0,0,0
"13121","5","321991","78","0","2025","4","N",1,0,0,0,0,0,0,0,"N",0.34,0,0,0,0,0,0,0,"N",0,0.0,0,0,0,0,0,0,0,0,0,0,0,0,0,0
"13121","5","321992","78","0","2025","4","",4,3,3,3,74318,0,0,1906,"",0.56,0.03,0.03,0.03,0.03,0.00,0.00,1.15,"N",3,300.0,0,0,0,0,0,0,0,0,0,0,0,0,0,0
"13121","5","321999","78","0","2025","4","N",10,0,0,0,0,0,0,0,"N",0.52,0,0,0,0,0,0,0,"N",0,0.0,0,0,0,0,0,0,0,0,0,0,0,0,0,0
"13121","5","322","75","0","2025","4","",42,1141,1140,1141,43040738,693107,6376,2903,"",1.06,0.54,0.54,0.54,0.74,0.45,0.38,1.37,"",2,5.0,-155,-12.0,-160,-12.3,-167,-12.8,158363,0.4,-121019,-14.9,1573,32.8,368,14.5
"13121","5","3221","76","0","2025","4","",8,97,94,107,7706284,113074,815,5968,"",1.28,0.20,0.19,0.22,0.48,0.31,0.24,2.32,"",-2,-20.0,-27,-21.8,-34,-26.6,-27,-20.1,1373397,21.7,-29222,-20.5,-566,-41.0,2182,57.6
"13121","5","32211","77","0","2025","4","N",2,0,0,0,0,0,0,0,"N",3.07,0,0,0,0,0,0,0,"N",0,0.0,0,0,0,0,0,0,0,0,0,0,0,0,0,0
"13121","5","322110","78","0","2025","4","N",2,0,0,0,0,0,0,0,"N",3.07,0,0,0,0,0,0,0,"N",0,0.0,0,0,0,0,0,0,0,0,0,0,0,0,0,0
"13121","5","32212","77","0","2025","4","N",1,0,0,0,0,0,0,0,"N",0.27,0,0,0,0,0,0,0,"N",-2,-66.7,0,0,0,0,0,0,0,0,0,0,0,0,0,0
"13121","5","322120","78","0","2025","4","N",1,0,0,0,0,0,0,0,"N",0.27,0,0,0,0,0,0,0,"N",-2,-66.7,0,0,0,0,0,0,0,0,0,0,0,0,0,0
"13121","5","32213","77","0","2025","4","N",5,0,0,0,0,0,0,0,"N",2.60,0,0,0,0,0,0,0,"N",0,0.0,0,0,0,0,0,0,0,0,0,0,0,0,0,0
"13121","5","322130","78","0","2025","4","N",5,0,0,0,0,0,0,0,"N",2.60,0,0,0,0,0,0,0,"N",0,0.0,0,0,0,0,0,0,0,0,0,0,0,0,0,0
"13121","5","3222","76","0","2025","4","",34,1044,1046,1034,35334454,580033,5561,2610,"",1.02,0.65,0.65,0.64,0.84,0.50,0.42,1.31,"",4,13.3,-128,-10.9,-126,-10.8,-140,-11.9,-1215034,-3.3,-91797,-13.7,2139,62.5,212,8.8
"13121","5","32221","77","0","2025","4","",18,978,978,966,33436430,497581,4463,2641,"",1.05,1.04,1.04,1.02,1.35,0.72,0.57,1.31,"",-2,-10.0,-137,-12.3,-140,-12.5,-153,-13.7,-1589531,-4.5,-146847,-22.8,1488,50.0,230,9.5
"13121","5","322211","78","0","2025","4","",9,734,731,726,26356824,412184,3748,2776,"",0.78,1.19,1.18,1.16,1.56,0.87,0.68,1.33,"",-1,-10.0,-133,-15.3,-141,-16.2,-141,-16.3,-2899232,-9.9,-136107,-24.8,1474,64.8,185,7.1
"13121","5","322212","78","0","2025","4","N",7,0,0,0,0,0,0,0,"N",2.50,0,0,0,0,0,0,0,"N",-1,-12.5,0,0,0,0,0,0,0,0,0,0,0,0,0,0
"13121","5","322219","78","0","2025","4","N",2,0,0,0,0,0,0,0,"N",0.74,0,0,0,0,0,0,0,"N",0,0.0,0,0,0,0,0,0,0,0,0,0,0,0,0,0
"13121","5","32222","77","0","2025","4","N",1,0,0,0,0,0,0,0,"N",0.14,0,0,0,0,0,0,0,"N",0,0.0,0,0,0,0,0,0,0,0,0,0,0,0,0,0
"13121","5","322220","78","0","2025","4","N",1,0,0,0,0,0,0,0,"N",0.14,0,0,0,0,0,0,0,"N",0,0.0,0,0,0,0,0,0,0,0,0,0,0,0,0,0
"13121","5","32223","77","0","2025","4","N",3,0,0,0,0,0,0,0,"N",1.10,0,0,0,0,0,0,0,"N",0,0.0,0,0,0,0,0,0,0,0,0,0,0,0,0,0
"13121","5","322230","78","0","2025","4","N",3,0,0,0,0,0,0,0,"N",1.10,0,0,0,0,0,0,0,"N",0,0.0,0,0,0,0,0,0,0,0,0,0,0,0,0,0
"13121","5","32229","77","0","2025","4","",12,63,66,66,1290507,72952,841,1527,"",1.98,0.23,0.24,0.23,0.18,0.42,0.41,0.78,"N",6,100.0,0,0,0,0,0,0,0,0,0,0,0,0,0,0
"13121","5","322291","78","0","2025","4","N",1,0,0,0,0,0,0,0,"N",0.54,0,0,0,0,0,0,0,"N",1,100.0,0,0,0,0,0,0,0,0,0,0,0,0,0,0
"13121","5","322299","78","0","2025","4","N",11,0,0,0,0,0,0,0,"N",2.62,0,0,0,0,0,0,0,"N",5,83.3,0,0,0,0,0,0,0,0,0,0,0,0,0,0
"13121","5","323","75","0","2025","4","",124,1166,1147,1139,25615625,674557,7827,1712,"",0.66,0.56,0.55,0.54,0.58,0.31,0.32,1.04,"",-6,-4.6,-72,-5.8,-87,-7.1,-73,-6.0,2586087,11.2,107369,18.9,2579,49.1,269,18.6
"13121","5","3231","76","0","2025","4","",124,1166,1147,1139,25615625,674557,7827,1712,"",0.66,0.56,0.55,0.54,0.58,0.31,0.32,1.04,"",-6,-4.6,-72,-5.8,-87,-7.1,-73,-6.0,2586087,11.2,107369,18.9,2579,49.1,269,18.6
"13121","5","32311","77","0","2025","4","",119,1111,1091,1083,24542578,654131,7644,1724,"",0.66,0.56,0.55,0.54,0.58,0.32,0.33,1.05,"",-6,-4.8,-49,-4.2,-65,-5.6,-53,-4.7,3213252,15.1,118427,22.1,2709,54.9,298,20.9
"13121","5","323111","78","0","2025","4","",82,755,739,734,14048185,443334,4903,1455,"",0.67,0.52,0.50,0.50,0.42,0.30,0.30,0.82,"",-8,-8.9,-48,-6.0,-56,-7.0,-49,-6.3,809151,6.1,36148,8.9,1087,28.5,172,13.4
"13121","5","323113","78","0","2025","4","",29,348,344,340,10308017,191797,2227,2305,"",0.55,0.77,0.76,0.75,1.40,0.34,0.34,1.84,"",1,3.6,3,0.9,-5,-1.4,-1,-0.3,2451990,31.2,85234,80.0,1117,100.6,553,31.6
"13121","5","323117","78","0","2025","4","",8,8,8,9,186376,19000,514,1720,"",2.19,0.11,0.11,0.12,0.12,0.35,0.75,1.12,"",1,14.3,-4,-33.3,-4,-33.3,-3,-25.0,-47889,-20.4,-2955,-13.5,505,5611.1,218,14.5
"13121","5","32312","77","0","2025","4","",5,55,56,56,1073047,20426,183,1483,"",0.59,0.61,0.61,0.61,0.55,0.22,0.19,0.89,"",0,0.0,-23,-29.5,-22,-28.2,-20,-26.3,-627165,-36.9,-11058,-35.1,-130,-41.5,-208,-12.3
"13121","5","323120","78","0","2025","4","",5,55,56,56,1073047,20426,183,1483,"",0.59,0.61,0.61,0.61,0.55,0.22,0.19,0.89,"",0,0.0,-23,-29.5,-22,-28.2,-20,-26.3,-627165,-36.9,-11058,-35.1,-130,-41.5,-208,-12.3
"13121","5","324","75","0","2025","4","",9,398,393,394,11045738,274908,4343,2151,"",0.48,0.60,0.60,0.61,0.37,0.95,0.76,0.61,"",2,28.6,12,3.1,5,1.3,2,0.5,-487606,-4.2,-45651,-14.2,1058,32.2,-132,-5.8
"13121","5","3241","76","0","2025","4","",9,398,393,394,11045738,274908,4343,2151,"",0.48,0.60,0.60,0.61,0.37,0.95,0.76,0.61,"",2,28.6,12,3.1,5,1.3,2,0.5,-487606,-4.2,-45651,-14.2,1058,32.2,-132,-5.8
"13121","5","32411","77","0","2025","4","N",1,0,0,0,0,0,0,0,"N",0.21,0,0,0,0,0,0,0,"N",0,0.0,0,0,0,0,0,0,0,0,0,0,0,0,0,0
"13121","5","324110","78","0","2025","4","N",1,0,0,0,0,0,0,0,"N",0.21,0,0,0,0,0,0,0,"N",0,0.0,0,0,0,0,0,0,0,0,0,0,0,0,0,0
"13121","5","32412","77","0","2025","4","",4,258,256,256,7045621,148508,2687,2112,"",0.41,1.32,1.35,1.40,1.09,1.10,0.76,0.81,"",0,0.0,5,2.0,4,1.6,0,0.0,-620286,-8.1,-31817,-17.6,1295,93.0,-213,-9.2
"13121","5","324121","78","0","2025","4","N",2,0,0,0,0,0,0,0,"N",0.28,0,0,0,0,0,0,0,"N",-1,-33.3,0,0,0,0,0,0,0,0,0,0,0,0,0,0
"13121","5","324122","78","0","2025","4","N",2,0,0,0,0,0,0,0,"N",0.80,0,0,0,0,0,0,0,"N",1,100.0,0,0,0,0,0,0,0,0,0,0,0,0,0,0
"13121","5","32419","77","0","2025","4","N",4,0,0,0,0,0,0,0,"N",0.97,0,0,0,0,0,0,0,"N",2,100.0,0,0,0,0,0,0,0,0,0,0,0,0,0,0
"13121","5","324191","78","0","2025","4","N",2,0,0,0,0,0,0,0,"N",0.67,0,0,0,0,0,0,0,"N",1,100.0,0,0,0,0,0,0,0,0,0,0,0,0,0,0
"13121","5","324199","78","0","2025","4","N",2,0,0,0,0,0,0,0,"N",1.79,0,0,0,0,0,0,0,"N",1,100.0,0,0,0,0,0,0,0,0,0,0,0,0,0,0
"13121","5","325","75","0","2025","4","",201,1918,1974,2001,73538788,1855539,24051,2880,"",1.13,0.36,0.37,0.37,0.36,0.53,0.60,1.00,"",7,3.6,35,1.9,90,4.8,129,6.9,21122824,40.3,291513,18.6,10648,79.4,735,34.3
"13121","5","3251","76","0","2025","4","",16,388,388,382,19751912,249884,1344,3936,"",0.56,0.42,0.42,0.41,0.52,0.58,0.31,1.26,"",3,23.1,-9,-2.3,-12,-3.0,-19,-4.7,2558104,14.9,-48539,-16.3,-399,-22.9,624,18.8
"13121","5","32512","77","0","2025","4","N",2,0,0,0,0,0,0,0,"N",0.30,0,0,0,0,0,0,0,"N",0,0.0,0,0,0,0,0,0,0,0,0,0,0,0,0,0
"13121","5","325120","78","0","2025","4","N",2,0,0,0,0,0,0,0,"N",0.30,0,0,0,0,0,0,0,"N",0,0.0,0,0,0,0,0,0,0,0,0,0,0,0,0,0
"13121","5","32513","77","0","2025","4","N",2,0,0,0,0,0,0,0,"N",0.99,0,0,0,0,0,0,0,"N",0,0.0,0,0,0,0,0,0,0,0,0,0,0,0,0,0
"13121","5","325130","78","0","2025","4","N",2,0,0,0,0,0,0,0,"N",0.99,0,0,0,0,0,0,0,"N",0,0.0,0,0,0,0,0,0,0,0,0,0,0,0,0,0
"13121","5","32518","77","0","2025","4","",5,373,373,366,18850477,240063,1078,3912,"",0.70,1.51,1.50,1.47,2.00,1.71,0.86,1.33,"",0,0.0,-13,-3.4,-15,-3.9,-23,-5.9,2238889,13.5,-44913,-15.8,-315,-22.6,616,18.7
"13121","5","325180","78","0","2025","4","",5,373,373,366,18850477,240063,1078,3912,"",0.70,1.51,1.50,1.47,2.00,1.71,0.86,1.33,"",0,0.0,-13,-3.4,-15,-3.9,-23,-5.9,2238889,13.5,-44913,-15.8,-315,-22.6,616,18.7
"13121","5","32519","77","0","2025","4","",7,6,6,7,647161,9821,266,7860,"",0.63,0.02,0.02,0.02,0.05,0.06,0.16,2.68,"N",3,75.0,0,0,0,0,0,0,0,0,0,0,0,0,0,0
"13121","5","325193","78","0","2025","4","N",2,0,0,0,0,0,0,0,"N",1.18,0,0,0,0,0,0,0,"N",1,100.0,0,0,0,0,0,0,0,0,0,0,0,0,0,0
"13121","5","325199","78","0","2025","4","N",5,0,0,0,0,0,0,0,"N",0.57,0,0,0,0,0,0,0,"N",2,66.7,0,0,0,0,0,0,0,0,0,0,0,0,0,0
"13121","5","3252","76","0","2025","4","N",6,0,0,0,0,0,0,0,"N",0.41,0,0,0,0,0,0,0,"N",-1,-14.3,0,0,0,0,0,0,0,0,0,0,0,0,0,0
"13121","5","32521","77","0","2025","4","N",6,0,0,0,0,0,0,0,"N",0.46,0,0,0,0,0,0,0,"N",-1,-14.3,0,0,0,0,0,0,0,0,0,0,0,0,0,0
"13121","5","325211","78","0","2025","4","N",6,0,0,0,0,0,0,0,"N",0.53,0,0,0,0,0,0,0,"N",-1,-14.3,0,0,0,0,0,0,0,0,0,0,0,0,0,0
"13121","5","3253","76","0","2025","4","N",4,0,0,0,0,0,0,0,"N",0.36,0,0,0,0,0,0,0,"N",2,100.0,0,0,0,0,0,0,0,0,0,0,0,0,0,0
"13121","5","32532","77","0","2025","4","N",4,0,0,0,0,0,0,0,"N",1.05,0,0,0,0,0,0,0,"N",2,100.0,0,0,0,0,0,0,0,0,0,0,0,0,0,0
"13121","5","325320","78","0","2025","4","N",4,0,0,0,0,0,0,0,"N",1.05,0,0,0,0,0,0,0,"N",2,100.0,0,0,0,0,0,0,0,0,0,0,0,0,0,0
"13121","5","3254","76","0","2025","4","",62,422,468,477,13184660,710680,12804,2226,"",1.15,0.20,0.22,0.22,0.15,0.46,0.73,0.69,"",8,14.8,3,0.7,63,15.6,75,18.7,2566649,24.2,293742,70.5,9914,343.0,227,11.4
"13121","5","32541","77","0","2025","4","",62,422,468,477,13184660,710680,12804,2226,"",1.15,0.20,0.22,0.22,0.15,0.46,0.73,0.69,"",8,14.8,3,0.7,63,15.6,75,18.7,2566649,24.2,293742,70.5,9914,343.0,227,11.4
"13121","5","325411","78","0","2025","4","",9,28,28,27,1253482,55230,989,3485,"",0.91,0.10,0.10,0.10,0.11,0.17,0.27,1.16,"",-1,-10.0,-4,-12.5,-4,-12.5,-4,-12.9,109018,9.5,263,0.5,152,18.2,705,25.4
"13121","5","325412","78","0","2025","4","",41,342,389,400,9856974,644001,11576,2011,"",1.18,0.25,0.28,0.29,0.16,0.72,1.08,0.60,"",8,24.2,-15,-4.2,45,13.1,59,17.3,1246299,14.5,408414,173.4,10026,646.8,104,5.5
"13121","5","325413","78","0","2025","4","",5,44,44,43,1691216,7560,193,2979,"",1.48,0.26,0.26,0.26,0.28,0.09,0.18,1.06,"",1,25.0,23,109.5,23,109.5,22,104.8,1137142,205.2,-100629,-93.0,134,227.1,949,46.7
"13121","5","325414","78","0","2025","4","",7,8,7,7,382988,3889,46,4017,"",1.22,0.03,0.02,0.02,0.03,0.02,0.02,1.27,"",0,0.0,-1,-11.1,-1,-12.5,-2,-22.2,74190,24.0,-14306,-78.6,-398,-89.6,1276,46.6
"13121","5","3255","76","0","2025","4","",39,209,210,214,3667793,77487,407,1337,"",2.17,0.53,0.54,0.54,0.32,0.38,0.17,0.59,"",-3,-7.1,-12,-5.4,-11,-5.0,-5,-2.3,-20028,-0.5,-85204,-52.4,-489,-54.6,50,3.9
"13121","5","32551","77","0","2025","4","",35,204,205,209,3351678,74570,372,1252,"",2.77,0.83,0.84,0.85,0.47,0.57,0.24,0.56,"N",-3,-7.9,0,0,0,0,0,0,0,0,0,0,0,0,0,0
"13121","5","325510","78","0","2025","4","",35,204,205,209,3351678,74570,372,1252,"",2.77,0.83,0.84,0.85,0.47,0.57,0.24,0.56,"N",-3,-7.9,0,0,0,0,0,0,0,0,0,0,0,0,0,0
"13121","5","32552","77","0","2025","4","",4,5,5,5,316115,2917,35,4863,"",0.75,0.03,0.03,0.03,0.07,0.04,0.04,2.05,"N",0,0.0,0,0,0,0,0,0,0,0,0,0,0,0,0,0
"13121","5","325520","78","0","2025","4","",4,5,5,5,316115,2917,35,4863,"",0.75,0.03,0.03,0.03,0.07,0.04,0.04,2.05,"N",0,0.0,0,0,0,0,0,0,0,0,0,0,0,0,0,0
"13121","5","3256","76","0","2025","4","",35,455,445,458,12093946,293878,1855,2055,"",1.25,0.67,0.66,0.67,0.58,0.55,0.29,0.87,"",-3,-7.9,23,5.3,1,0.2,26,6.0,2608102,27.5,-51252,-14.9,-2351,-55.9,381,22.8
"13121","5","32561","77","0","2025","4","",23,414,408,418,10989413,259780,1671,2045,"",1.51,1.18,1.15,1.17,0.91,1.14,0.62,0.78,"",-2,-8.0,30,7.8,12,3.0,34,8.9,2899476,35.8,-56043,-17.7,-1951,-53.9,441,27.5
"13121","5","325611","78","0","2025","4","",12,262,256,265,8681503,172401,970,2559,"",1.45,1.50,1.45,1.48,1.53,1.46,0.66,1.04,"",-1,-7.7,9,3.6,-8,-3.0,10,3.9,2828650,48.3,-39757,-18.7,-1310,-57.5,809,46.2
"13121","5","325612","78","0","2025","4","N",10,0,0,0,0,0,0,0,"N",1.71,0,0,0,0,0,0,0,"N",-1,-9.1,0,0,0,0,0,0,0,0,0,0,0,0,0,0
"13121","5","325613","78","0","2025","4","N",1,0,0,0,0,0,0,0,"N",0.95,0,0,0,0,0,0,0,"N",0,0.0,0,0,0,0,0,0,0,0,0,0,0,0,0,0
"13121","5","32562","77","0","2025","4","",12,41,37,40,1104533,34098,184,2160,"",0.93,0.13,0.11,0.12,0.13,0.11,0.05,1.04,"",-1,-7.7,-7,-14.6,-11,-22.9,-8,-16.7,-291374,-20.9,4791,16.3,-400,-68.5,-77,-3.4
"13121","5","325620","78","0","2025","4","",12,41,37,40,1104533,34098,184,2160,"",0.93,0.13,0.11,0.12,0.13,0.11,0.05,1.04,"",-1,-7.7,-7,-14.6,-11,-22.9,-8,-16.7,-291374,-20.9,4791,16.3,-400,-68.5,-77,-3.4
"13121","5","3259","76","0","2025","4","",39,347,365,372,18708083,461024,6941,3983,"",1.59,0.72,0.75,0.76,1.25,1.46,1.58,1.67,"",1,2.6,34,10.9,54,17.4,58,18.5,12424455,197.7,206039,80.8,4787,222.2,2437,157.6
"13121","5","32591","77","0","2025","4","",11,223,220,224,4655323,191434,2707,1611,"",3.64,5.05,4.97,5.01,3.87,7.97,10.47,0.77,"",-1,-8.3,8,3.7,9,4.3,15,7.2,776741,20.0,66662,53.4,2286,543.0,201,14.3
"13121","5","325910","78","0","2025","4","",11,223,220,224,4655323,191434,2707,1611,"",3.64,5.05,4.97,5.01,3.87,7.97,10.47,0.77,"",-1,-8.3,8,3.7,9,4.3,15,7.2,776741,20.0,66662,53.4,2286,543.0,201,14.3
"13121","5","32592","77","0","2025","4","N",1,0,0,0,0,0,0,0,"N",1.36,0,0,0,0,0,0,0,"N",0,0.0,0,0,0,0,0,0,0,0,0,0,0,0,0,0
"13121","5","325920","78","0","2025","4","N",1,0,0,0,0,0,0,0,"N",1.36,0,0,0,0,0,0,0,"N",0,0.0,0,0,0,0,0,0,0,0,0,0,0,0,0,0
"13121","5","32599","77","0","2025","4","N",27,0,0,0,0,0,0,0,"N",1.30,0,0,0,0,0,0,0,"N",2,8.0,0,0,0,0,0,0,0,0,0,0,0,0,0,0
"13121","5","325991","78","0","2025","4","N",2,0,0,0,0,0,0,0,"N",0.61,0,0,0,0,0,0,0,"N",0,0.0,0,0,0,0,0,0,0,0,0,0,0,0,0,0
"13121","5","325992","78","0","2025","4","N",4,0,0,0,0,0,0,0,"N",3.07,0,0,0,0,0,0,0,"N",0,0.0,0,0,0,0,0,0,0,0,0,0,0,0,0,0
"13121","5","325998","78","0","2025","4","",21,103,107,108,13300887,159696,3322,9652,"",1.30,0.39,0.40,0.41,1.50,0.86,1.26,3.75,"",2,10.5,54,110.2,58,118.4,59,120.4,11650089,705.7,79120,98.2,1957,143.4,7060,272.4
"13121","5","326","75","0","2025","4","",114,2110,2146,2123,42854083,1143070,10846,1550,"",1.14,0.50,0.51,0.50,0.43,0.32,0.28,0.86,"",21,22.6,-314,-13.0,-317,-12.9,-512,-19.4,-3463730,-7.5,-981944,-46.2,-10011,-48.0,129,9.1
"13121","5","3261","76","0","2025","4","",96,2045,2074,2052,41431625,1105402,10359,1549,"",1.13,0.59,0.60,0.59,0.51,0.36,0.30,0.86,"",18,23.1,-103,-4.8,-110,-5.0,-291,-12.4,-141631,-0.3,-720266,-39.5,-9071,-46.7,112,7.8
"13121","5","32611","77","0","2025","4","",14,74,77,75,1990524,59582,1444,2033,"",1.14,0.12,0.13,0.12,0.13,0.12,0.28,1.06,"",4,40.0,1,1.4,-3,-3.8,-5,-6.2,-164224,-7.6,-15388,-20.5,384,36.2,-101,-4.7
"13121","5","326111","78","0","2025","4","N",4,0,0,0,0,0,0,0,"N",0.98,0,0,0,0,0,0,0,"N",0,0.0,0,0,0,0,0,0,0,0,0,0,0,0,0,0
"13121","5","326112","78","0","2025","4","",7,18,22,22,388172,52900,1429,1445,"",1.53,0.12,0.15,0.14,0.10,0.46,1.14,0.70,"N",2,40.0,0,0,0,0,0,0,0,0,0,0,0,0,0,0
"13121","5","326113","78","0","2025","4","N",3,0,0,0,0,0,0,0,"N",0.82,0,0,0,0,0,0,0,"N",2,200.0,0,0,0,0,0,0,0,0,0,0,0,0,0,0
"13121","5","32612","77","0","2025","4","",4,67,68,68,1736931,20096,84,1975,"",0.53,0.21,0.21,0.21,0.22,0.07,0.03,1.02,"N",-1,-20.0,0,0,0,0,0,0,0,0,0,0,0,0,0,0
"13121","5","326121","78","0","2025","4","N",2,0,0,0,0,0,0,0,"N",0.65,0,0,0,0,0,0,0,"N",0,0.0,0,0,0,0,0,0,0,0,0,0,0,0,0,0
"13121","5","326122","78","0","2025","4","N",2,0,0,0,0,0,0,0,"N",0.45,0,0,0,0,0,0,0,"N",-1,-33.3,0,0,0,0,0,0,0,0,0,0,0,0,0,0
"13121","5","32613","77","0","2025","4","N",2,0,0,0,0,0,0,0,"N",0.68,0,0,0,0,0,0,0,"N",2,100.0,0,0,0,0,0,0,0,0,0,0,0,0,0,0
"13121","5","326130","78","0","2025","4","N",2,0,0,0,0,0,0,0,"N",0.68,0,0,0,0,0,0,0,"N",2,100.0,0,0,0,0,0,0,0,0,0,0,0,0,0,0
"13121","5","32614","77","0","2025","4","N",3,0,0,0,0,0,0,0,"N",0.74,0,0,0,0,0,0,0,"N",0,0.0,0,0,0,0,0,0,0,0,0,0,0,0,0,0
"13121","5","326140","78","0","2025","4","N",3,0,0,0,0,0,0,0,"N",0.74,0,0,0,0,0,0,0,"N",0,0.0,0,0,0,0,0,0,0,0,0,0,0,0,0,0
"13121","5","32615","77","0","2025","4","N",6,0,0,0,0,0,0,0,"N",0.94,0,0,0,0,0,0,0,"N",2,50.0,0,0,0,0,0,0,0,0,0,0,0,0,0,0
"13121","5","326150","78","0","2025","4","N",6,0,0,0,0,0,0,0,"N",0.94,0,0,0,0,0,0,0,"N",2,50.0,0,0,0,0,0,0,0,0,0,0,0,0,0,0
"13121","5","32616","77","0","2025","4","",19,1282,1295,1269,21640314,535875,3314,1298,"",4.67,5.92,5.95,5.79,4.14,3.04,1.68,0.70,"",1,5.6,-57,-4.3,-75,-5.5,-207,-14.0,76819,0.4,-484350,-47.5,-3090,-48.3,109,9.2
"13121","5","326160","78","0","2025","4","",19,1282,1295,1269,21640314,535875,3314,1298,"",4.67,5.92,5.95,5.79,4.14,3.04,1.68,0.70,"",1,5.6,-57,-4.3,-75,-5.5,-207,-14.0,76819,0.4,-484350,-47.5,-3090,-48.3,109,9.2
"13121","5","32619","77","0","2025","4","",48,565,574,574,14775765,437892,4742,1991,"",1.00,0.31,0.32,0.32,0.36,0.26,0.24,1.15,"",10,26.3,-36,-6.0,-28,-4.7,-76,-11.7,-79202,-0.5,-244746,-35.9,-6888,-59.2,141,7.6
"13121","5","326191","78","0","2025","4","",5,12,13,13,429461,12416,336,2608,"",1.85,0.14,0.15,0.15,0.24,0.14,0.41,1.59,"",1,25.0,0,0.0,1,8.3,1,8.3,-180641,-29.6,-13086,-51.3,-354,-51.3,-1303,-33.3
"13121","5","326199","78","0","2025","4","",43,553,561,561,14346304,425476,4406,1977,"",0.95,0.32,0.32,0.32,0.37,0.27,0.23,1.13,"",9,26.5,-36,-6.1,-29,-4.9,-77,-12.1,101439,0.7,-231660,-35.3,-6534,-59.7,168,9.3
"13121","5","3262","76","0","2025","4","",18,65,72,71,1422458,37668,487,1578,"",1.20,0.09,0.10,0.10,0.08,0.09,0.11,0.85,"",3,20.0,-211,-76.4,-207,-74.2,-221,-75.7,-3322099,-70.0,-261678,-87.4,-940,-65.9,285,22.0
"13121","5","32621","77","0","2025","4","N",2,0,0,0,0,0,0,0,"N",0.65,0,0,0,0,0,0,0,"N",0,0.0,0,0,0,0,0,0,0,0,0,0,0,0,0,0
"13121","5","326211","78","0","2025","4","N",1,0,0,0,0,0,0,0,"N",0.76,0,0,0,0,0,0,0,"N",1,100.0,0,0,0,0,0,0,0,0,0,0,0,0,0,0
"13121","5","326212","78","0","2025","4","N",1,0,0,0,0,0,0,0,"N",0.57,0,0,0,0,0,0,0,"N",-1,-50.0,0,0,0,0,0,0,0,0,0,0,0,0,0,0
"13121","5","32622","77","0","2025","4","-",0,0,0,0,0,0,0,0,"N",0.00,0,0,0,0,0,0,0,"N",-1,-100.0,0,0,0,0,0,0,0,0,0,0,0,0,0,0
"13121","5","326220","78","0","2025","4","-",0,0,0,0,0,0,0,0,"N",0.00,0,0,0,0,0,0,0,"N",-1,-100.0,0,0,0,0,0,0,0,0,0,0,0,0,0,0
"13121","5","32629","77","0","2025","4","N",16,0,0,0,0,0,0,0,"N",1.90,0,0,0,0,0,0,0,"N",4,33.3,0,0,0,0,0,0,0,0,0,0,0,0,0,0
"13121","5","326291","78","0","2025","4","N",3,0,0,0,0,0,0,0,"N",0.89,0,0,0,0,0,0,0,"N",3,100.0,0,0,0,0,0,0,0,0,0,0,0,0,0,0
"13121","5","326299","78","0","2025","4","",13,41,49,48,976773,37668,487,1633,"",2.57,0.29,0.35,0.34,0.30,0.38,0.43,0.92,"N",1,8.3,0,0,0,0,0,0,0,0,0,0,0,0,0,0
"13121","5","327","75","0","2025","4","",70,1079,1086,1086,24256205,583239,3883,1722,"",0.58,0.43,0.43,0.43,0.37,0.25,0.11,0.85,"",-4,-5.4,-64,-5.6,-57,-5.0,-42,-3.7,2721356,12.6,27200,4.9,-1236,-24.1,266,18.3
"13121","5","3271","76","0","2025","4","",11,158,158,157,2417458,31814,220,1179,"",1.08,0.78,0.79,0.78,0.51,0.22,0.11,0.65,"N",-2,-15.4,0,0,0,0,0,0,0,0,0,0,0,0,0,0
"13121","5","32711","77","0","2025","4","N",7,0,0,0,0,0,0,0,"N",1.26,0,0,0,0,0,0,0,"N",-1,-12.5,0,0,0,0,0,0,0,0,0,0,0,0,0,0
"13121","5","327110","78","0","2025","4","N",7,0,0,0,0,0,0,0,"N",1.26,0,0,0,0,0,0,0,"N",-1,-12.5,0,0,0,0,0,0,0,0,0,0,0,0,0,0
"13121","5","32712","77","0","2025","4","N",4,0,0,0,0,0,0,0,"N",0.86,0,0,0,0,0,0,0,"N",-1,-20.0,0,0,0,0,0,0,0,0,0,0,0,0,0,0
"13121","5","327120","78","0","2025","4","N",4,0,0,0,0,0,0,0,"N",0.86,0,0,0,0,0,0,0,"N",-1,-20.0,0,0,0,0,0,0,0,0,0,0,0,0,0,0
"13121","5","3272","76","0","2025","4","",8,56,56,56,1606306,31795,119,2206,"",0.60,0.12,0.12,0.12,0.14,0.07,0.02,1.18,"N",-1,-11.1,0,0,0,0,0,0,0,0,0,0,0,0,0,0
"13121","5","32721","77","0","2025","4","",8,56,56,56,1606306,31795,119,2206,"",0.60,0.12,0.12,0.12,0.14,0.07,0.02,1.18,"N",-1,-11.1,0,0,0,0,0,0,0,0,0,0,0,0,0,0
"13121","5","327211","78","0","2025","4","N",1,0,0,0,0,0,0,0,"N",0.73,0,0,0,0,0,0,0,"N",0,0.0,0,0,0,0,0,0,0,0,0,0,0,0,0,0
"13121","5","327213","78","0","2025","4","N",3,0,0,0,0,0,0,0,"N",2.86,0,0,0,0,0,0,0,"N",0,0.0,0,0,0,0,0,0,0,0,0,0,0,0,0,0
"13121","5","327215","78","0","2025","4","",4,24,24,24,409620,2986,21,1313,"",0.48,0.09,0.09,0.09,0.07,0.01,0.01,0.77,"",0,0.0,-3,-11.1,-3,-11.1,-1,-4.0,-50077,-10.9,-3679,-55.2,-50,-70.4,-30,-2.2
"13121","5","3273","76","0","2025","4","",34,519,524,530,12541870,325827,1929,1840,"",0.52,0.41,0.41,0.42,0.36,0.26,0.08,0.86,"",1,3.0,-33,-6.0,-29,-5.2,-11,-2.0,1684577,15.5,-38201,-10.5,-947,-32.9,318,20.9
"13121","5","32731","77","0","2025","4","N",9,0,0,0,0,0,0,0,"N",2.73,0,0,0,0,0,0,0,"N",1,12.5,0,0,0,0,0,0,0,0,0,0,0,0,0,0
"13121","5","327310","78","0","2025","4","N",9,0,0,0,0,0,0,0,"N",2.73,0,0,0,0,0,0,0,"N",1,12.5,0,0,0,0,0,0,0,0,0,0,0,0,0,0
"13121","5","32732","77","0","2025","4","",16,291,296,297,8080994,226654,1640,2110,"",0.40,0.45,0.46,0.47,0.44,0.34,0.10,0.97,"",0,0.0,11,3.9,16,5.7,29,10.8,2103120,35.2,82280,57.0,188,12.9,444,26.7
"13121","5","327320","78","0","2025","4","",16,291,296,297,8080994,226654,1640,2110,"",0.40,0.45,0.46,0.47,0.44,0.34,0.10,0.97,"",0,0.0,11,3.9,16,5.7,29,10.8,2103120,35.2,82280,57.0,188,12.9,444,26.7
"13121","5","32733","77","0","2025","4","N",3,0,0,0,0,0,0,0,"N",0.40,0,0,0,0,0,0,0,"N",0,0.0,0,0,0,0,0,0,0,0,0,0,0,0,0,0
"13121","5","327331","78","0","2025","4","N",3,0,0,0,0,0,0,0,"N",0.52,0,0,0,0,0,0,0,"N",0,0.0,0,0,0,0,0,0,0,0,0,0,0,0,0,0
"13121","5","32739","77","0","2025","4","",6,146,149,150,2651862,55924,46,1375,"",0.41,0.42,0.43,0.43,0.29,0.15,0.01,0.67,"",0,0.0,-22,-13.1,-19,-11.3,-19,-11.2,-132614,-4.8,-91895,-62.2,-651,-93.4,103,8.1
"13121","5","327390","78","0","2025","4","",6,146,149,150,2651862,55924,46,1375,"",0.41,0.42,0.43,0.43,0.29,0.15,0.01,0.67,"",0,0.0,-22,-13.1,-19,-11.3,-19,-11.2,-132614,-4.8,-91895,-62.2,-651,-93.4,103,8.1
"13121","5","3274","76","0","2025","4","",4,63,62,62,1597867,23473,10,1972,"",1.60,0.63,0.62,0.62,0.53,0.39,0.02,0.84,"",0,0.0,8,14.5,9,17.0,6,10.7,208734,15.0,17635,302.1,8,400.0,17,0.9
"13121","5","32742","77","0","2025","4","",4,63,62,62,1597867,23473,10,1972,"",2.20,0.86,0.84,0.85,0.73,0.47,0.02,0.85,"",0,0.0,8,14.5,9,17.0,6,10.7,208734,15.0,17635,302.1,8,400.0,17,0.9
"13121","5","327420","78","0","2025","4","",4,63,62,62,1597867,23473,10,1972,"",2.20,0.86,0.84,0.85,0.73,0.47,0.02,0.85,"",0,0.0,8,14.5,9,17.0,6,10.7,208734,15.0,17635,302.1,8,400.0,17,0.9
"13121","5","3279","76","0","2025","4","",13,283,286,281,6092704,170330,1605,1654,"",0.43,0.59,0.60,0.59,0.52,0.42,0.34,0.87,"",-2,-13.3,0,0.0,3,1.1,2,0.7,516117,9.3,57107,50.4,622,63.3,131,8.6
"13121","5","32791","77","0","2025","4","N",2,0,0,0,0,0,0,0,"N",0.74,0,0,0,0,0,0,0,"N",-1,-33.3,0,0,0,0,0,0,0,0,0,0,0,0,0,0
"13121","5","327910","78","0","2025","4","N",2,0,0,0,0,0,0,0,"N",0.74,0,0,0,0,0,0,0,"N",-1,-33.3,0,0,0,0,0,0,0,0,0,0,0,0,0,0
"13121","5","32799","77","0","2025","4","N",11,0,0,0,0,0,0,0,"N",0.40,0,0,0,0,0,0,0,"N",-1,-8.3,0,0,0,0,0,0,0,0,0,0,0,0,0,0
"13121","5","327991","78","0","2025","4","",7,87,93,88,1729142,77724,1145,1489,"",0.35,0.43,0.46,0.44,0.41,0.33,0.44,0.92,"",-1,-12.5,-2,-2.2,4,4.5,2,2.3,5106,0.3,41055,112.0,519,82.9,-18,-1.2
"13121","5","327993","78","0","2025","4","N",1,0,0,0,0,0,0,0,"N",0.51,0,0,0,0,0,0,0,"N",0,0.0,0,0,0,0,0,0,0,0,0,0,0,0,0,0
"13121","5","327999","78","0","2025","4","N",3,0,0,0,0,0,0,0,"N",0.73,0,0,0,0,0,0,0,"N",0,0.0,0,0,0,0,0,0,0,0,0,0,0,0,0,0
"13121","5","331","75","0","2025","4","",22,147,146,150,4757474,196691,2198,2478,"",0.52,0.07,0.07,0.07,0.07,0.14,0.11,1.05,"",-1,-4.3,-94,-39.0,-98,-40.2,-98,-39.5,-1552579,-24.6,-255125,-56.5,-211,-8.8,491,24.7
"13121","5","3311","76","0","2025","4","N",1,0,0,0,0,0,0,0,"N",0.14,0,0,0,0,0,0,0,"N",0,0.0,0,0,0,0,0,0,0,0,0,0,0,0,0,0
"13121","5","33111","77","0","2025","4","N",1,0,0,0,0,0,0,0,"N",0.14,0,0,0,0,0,0,0,"N",0,0.0,0,0,0,0,0,0,0,0,0,0,0,0,0,0
"13121","5","331110","78","0","2025","4","N",1,0,0,0,0,0,0,0,"N",0.14,0,0,0,0,0,0,0,"N",0,0.0,0,0,0,0,0,0,0,0,0,0,0,0,0,0
"13121","5","3312","76","0","2025","4","N",4,0,0,0,0,0,0,0,"N",0.40,0,0,0,0,0,0,0,"N",0,0.0,0,0,0,0,0,0,0,0,0,0,0,0,0,0
"13121","5","33121","77","0","2025","4","N",1,0,0,0,0,0,0,0,"N",0.22,0,0,0,0,0,0,0,"N",0,0.0,0,0,0,0,0,0,0,0,0,0,0,0,0,0
"13121","5","331210","78","0","2025","4","N",1,0,0,0,0,0,0,0,"N",0.22,0,0,0,0,0,0,0,"N",0,0.0,0,0,0,0,0,0,0,0,0,0,0,0,0,0
"13121","5","33122","77","0","2025","4","N",3,0,0,0,0,0,0,0,"N",0.56,0,0,0,0,0,0,0,"N",0,0.0,0,0,0,0,0,0,0,0,0,0,0,0,0,0
"13121","5","331221","78","0","2025","4","N",1,0,0,0,0,0,0,0,"N",0.27,0,0,0,0,0,0,0,"N",0,0.0,0,0,0,0,0,0,0,0,0,0,0,0,0,0
"13121","5","331222","78","0","2025","4","N",2,0,0,0,0,0,0,0,"N",1.14,0,0,0,0,0,0,0,"N",0,0.0,0,0,0,0,0,0,0,0,0,0,0,0,0,0
"13121","5","3313","76","0","2025","4","",7,79,77,77,3756096,60808,948,3720,"",1.21,0.22,0.22,0.21,0.36,0.24,0.29,1.66,"N",-2,-22.2,0,0,0,0,0,0,0,0,0,0,0,0,0,0
"13121","5","33131","77","0","2025","4","",7,79,77,77,3756096,60808,948,3720,"",1.21,0.22,0.22,0.21,0.36,0.24,0.29,1.66,"N",-2,-22.2,0,0,0,0,0,0,0,0,0,0,0,0,0,0
"13121","5","331314","78","0","2025","4","-",0,0,0,0,0,0,0,0,"N",0.00,0,0,0,0,0,0,0,"N",-1,-100.0,0,0,0,0,0,0,0,0,0,0,0,0,0,0
"13121","5","331315","78","0","2025","4","N",6,0,0,0,0,0,0,0,"N",4.45,0,0,0,0,0,0,0,"N",-1,-14.3,0,0,0,0,0,0,0,0,0,0,0,0,0,0
"13121","5","331318","78","0","2025","4","N",1,0,0,0,0,0,0,0,"N",0.39,0,0,0,0,0,0,0,"N",0,0.0,0,0,0,0,0,0,0,0,0,0,0,0,0,0
"13121","5","3314","76","0","2025","4","",5,9,8,8,128702,4085,43,1188,"",0.64,0.02,0.02,0.02,0.01,0.02,0.02,0.52,"",1,25.0,1,12.5,0,0.0,0,0.0,45381,54.5,-3062,-42.8,-3,-6.5,387,48.3
"13121","5","33142","77","0","2025","4","N",1,0,0,0,0,0,0,0,"N",0.42,0,0,0,0,0,0,0,"N",0,0.0,0,0,0,0,0,0,0,0,0,0,0,0,0,0
"13121","5","331420","78","0","2025","4","N",1,0,0,0,0,0,0,0,"N",0.42,0,0,0,0,0,0,0,"N",0,0.0,0,0,0,0,0,0,0,0,0,0,0,0,0,0
"13121","5","33149","77","0","2025","4","N",4,0,0,0,0,0,0,0,"N",0.96,0,0,0,0,0,0,0,"N",1,33.3,0,0,0,0,0,0,0,0,0,0,0,0,0,0
"13121","5","331491","78","0","2025","4","N",4,0,0,0,0,0,0,0,"N",1.70,0,0,0,0,0,0,0,"N",1,33.3,0,0,0,0,0,0,0,0,0,0,0,0,0,0
"13121","5","3315","76","0","2025","4","",5,24,24,25,277912,39251,439,879,"",0.44,0.04,0.04,0.04,0.02,0.07,0.06,0.43,"",0,0.0,-9,-27.3,-7,-22.6,-11,-30.6,-154136,-35.7,-51904,-56.9,-781,-64.0,-118,-11.8
"13121","5","33151","77","0","2025","4","N",3,0,0,0,0,0,0,0,"N",0.60,0,0,0,0,0,0,0,"N",0,0.0,0,0,0,0,0,0,0,0,0,0,0,0,0,0
"13121","5","331511","78","0","2025","4","N",1,0,0,0,0,0,0,0,"N",0.41,0,0,0,0,0,0,0,"N",0,0.0,0,0,0,0,0,0,0,0,0,0,0,0,0,0
"13121","5","331513","78","0","2025","4","N",2,0,0,0,0,0,0,0,"N",1.15,0,0,0,0,0,0,0,"N",0,0.0,0,0,0,0,0,0,0,0,0,0,0,0,0,0
"13121","5","33152","77","0","2025","4","N",2,0,0,0,0,0,0,0,"N",0.32,0,0,0,0,0,0,0,"N",0,0.0,0,0,0,0,0,0,0,0,0,0,0,0,0,0
"13121","5","331529","78","0","2025","4","N",2,0,0,0,0,0,0,0,"N",1.02,0,0,0,0,0,0,0,"N",0,0.0,0,0,0,0,0,0,0,0,0,0,0,0,0,0
"13121","5","332","75","0","2025","4","",186,2356,2359,2359,72264285,2236684,14676,2357,"",0.44,0.27,0.27,0.27,0.32,0.30,0.16,1.16,"",24,14.8,1,0.0,-11,-0.5,-20,-0.8,5775899,8.7,86109,4.0,-11121,-43.1,197,9.1
"13121","5","3321","76","0","2025","4","",8,174,178,177,3378864,98060,513,1474,"",0.52,0.34,0.35,0.35,0.26,0.28,0.11,0.76,"N",1,14.3,0,0,0,0,0,0,0,0,0,0,0,0,0,0
"13121","5","33211","77","0","2025","4","",8,174,178,177,3378864,98060,513,1474,"",0.52,0.34,0.35,0.35,0.26,0.28,0.11,0.76,"N",1,14.3,0,0,0,0,0,0,0,0,0,0,0,0,0,0
"13121","5","332111","78","0","2025","4","N",3,0,0,0,0,0,0,0,"N",0.86,0,0,0,0,0,0,0,"N",0,0.0,0,0,0,0,0,0,0,0,0,0,0,0,0,0
"13121","5","332112","78","0","2025","4","N",1,0,0,0,0,0,0,0,"N",1.59,0,0,0,0,0,0,0,"N",0,0.0,0,0,0,0,0,0,0,0,0,0,0,0,0,0
"13121","5","332119","78","0","2025","4","N",4,0,0,0,0,0,0,0,"N",0.48,0,0,0,0,0,0,0,"N",1,33.3,0,0,0,0,0,0,0,0,0,0,0,0,0,0
"13121","5","3322","76","0","2025","4","N",5,0,0,0,0,0,0,0,"N",0.55,0,0,0,0,0,0,0,"N",0,0.0,0,0,0,0,0,0,0,0,0,0,0,0,0,0
"13121","5","33221","77","0","2025","4","N",5,0,0,0,0,0,0,0,"N",0.55,0,0,0,0,0,0,0,"N",0,0.0,0,0,0,0,0,0,0,0,0,0,0,0,0,0
"13121","5","332215","78","0","2025","4","N",2,0,0,0,0,0,0,0,"N",0.82,0,0,0,0,0,0,0,"N",0,0.0,0,0,0,0,0,0,0,0,0,0,0,0,0,0
"13121","5","332216","78","0","2025","4","N",3,0,0,0,0,0,0,0,"N",0.45,0,0,0,0,0,0,0,"N",0,0.0,0,0,0,0,0,0,0,0,0,0,0,0,0,0
"13121","5","3323","76","0","2025","4","",57,617,611,610,13807852,504005,5133,1734,"",0.49,0.25,0.24,0.24,0.21,0.20,0.16,0.85,"",7,14.0,62,11.2,45,8.0,42,7.4,3036060,28.2,-211760,-29.6,-6483,-55.8,262,17.8
"13121","5","33231","77","0","2025","4","",20,133,123,119,2760881,61715,1092,1699,"",0.39,0.12,0.11,0.10,0.08,0.05,0.08,0.77,"",5,33.3,29,27.9,8,7.0,5,4.4,1078875,64.1,-227676,-78.7,-6296,-85.2,533,45.7
"13121","5","332311","78","0","2025","4","N",3,0,0,0,0,0,0,0,"N",0.28,0,0,0,0,0,0,0,"N",1,50.0,0,0,0,0,0,0,0,0,0,0,0,0,0,0
"13121","5","332312","78","0","2025","4","",16,129,119,115,2619662,60803,1067,1665,"",0.58,0.21,0.19,0.19,0.15,0.09,0.13,0.75,"",4,33.3,27,26.5,6,5.3,3,2.7,997838,61.5,-209588,-77.5,-5807,-84.5,520,45.4
"13121","5","332313","78","0","2025","4","N",1,0,0,0,0,0,0,0,"N",0.08,0,0,0,0,0,0,0,"N",0,0.0,0,0,0,0,0,0,0,0,0,0,0,0,0,0
"13121","5","33232","77","0","2025","4","",37,484,488,491,11046971,442290,4041,1743,"",0.57,0.36,0.36,0.36,0.33,0.33,0.23,0.92,"",2,5.7,33,7.3,37,8.2,37,8.1,1957185,21.5,15916,3.7,-187,-4.4,196,12.7
"13121","5","332321","78","0","2025","4","",8,79,81,80,2691299,110211,995,2588,"",0.73,0.20,0.20,0.20,0.29,0.37,0.29,1.45,"",1,14.3,-2,-2.5,1,1.2,1,1.3,347490,14.8,80671,273.1,756,316.3,334,14.8
"13121","5","332322","78","0","2025","4","",14,119,125,126,1938132,118643,1702,1209,"",0.45,0.17,0.18,0.18,0.11,0.16,0.17,0.62,"",1,7.7,-8,-6.3,-3,-2.3,-7,-5.3,37860,2.0,-45988,-27.9,-813,-32.3,79,7.0
"13121","5","332323","78","0","2025","4","",15,286,282,285,6417540,213436,1344,1736,"",0.66,1.07,1.05,1.06,0.95,0.66,0.30,0.89,"",0,0.0,43,17.7,39,16.0,43,17.8,1571835,32.4,-18767,-8.1,-130,-8.8,200,13.0
"13121","5","3324","76","0","2025","4","",8,5,5,4,290444,9500,257,4788,"",0.54,0.01,0.01,0.01,0.02,0.02,0.04,2.15,"N",3,60.0,0,0,0,0,0,0,0,0,0,0,0,0,0,0
"13121","5","33242","77","0","2025","4","N",4,0,0,0,0,0,0,0,"N",0.58,0,0,0,0,0,0,0,"N",2,100.0,0,0,0,0,0,0,0,0,0,0,0,0,0,0
"13121","5","332420","78","0","2025","4","N",4,0,0,0,0,0,0,0,"N",0.58,0,0,0,0,0,0,0,"N",2,100.0,0,0,0,0,0,0,0,0,0,0,0,0,0,0
"13121","5","33243","77","0","2025","4","N",4,0,0,0,0,0,0,0,"N",0.79,0,0,0,0,0,0,0,"N",1,33.3,0,0,0,0,0,0,0,0,0,0,0,0,0,0
"13121","5","332431","78","0","2025","4","N",1,0,0,0,0,0,0,0,"N",0.60,0,0,0,0,0,0,0,"N",0,0.0,0,0,0,0,0,0,0,0,0,0,0,0,0,0
"13121","5","332439","78","0","2025","4","N",3,0,0,0,0,0,0,0,"N",0.89,0,0,0,0,0,0,0,"N",1,50.0,0,0,0,0,0,0,0,0,0,0,0,0,0,0
"13121","5","3325","76","0","2025","4","N",14,0,0,0,0,0,0,0,"N",2.34,0,0,0,0,0,0,0,"N",0,0.0,0,0,0,0,0,0,0,0,0,0,0,0,0,0
"13121","5","33251","77","0","2025","4","N",14,0,0,0,0,0,0,0,"N",2.34,0,0,0,0,0,0,0,"N",0,0.0,0,0,0,0,0,0,0,0,0,0,0,0,0,0
"13121","5","332510","78","0","2025","4","N",14,0,0,0,0,0,0,0,"N",2.34,0,0,0,0,0,0,0,"N",0,0.0,0,0,0,0,0,0,0,0,0,0,0,0,0,0
"13121","5","3326","76","0","2025","4","",5,30,30,29,461813,23882,395,1197,"",0.56,0.13,0.13,0.13,0.08,0.13,0.18,0.63,"",-1,-16.7,-3,-9.1,-3,-9.1,-6,-17.1,-43566,-8.6,-76609,-76.2,-192,-32.7,42,3.6
"13121","5","33261","77","0","2025","4","",5,30,30,29,461813,23882,395,1197,"",0.56,0.13,0.13,0.13,0.08,0.13,0.18,0.63,"",-1,-16.7,-3,-9.1,-3,-9.1,-6,-17.1,-43566,-8.6,-76609,-76.2,-192,-32.7,42,3.6
"13121","5","332618","78","0","2025","4","",5,30,30,29,461813,23882,395,1197,"",0.82,0.22,0.22,0.21,0.14,0.18,0.27,0.63,"",-1,-16.7,-3,-9.1,-3,-9.1,-6,-17.1,-43566,-8.6,-76609,-76.2,-192,-32.7,42,3.6
"13121","5","3327","76","0","2025","4","",22,48,48,50,1081449,26591,555,1709,"",0.16,0.02,0.02,0.03,0.02,0.02,0.03,0.87,"",3,15.8,14,41.2,15,45.5,15,42.9,360400,50.0,3980,17.6,-22,-3.8,78,4.8
"13121","5","33271","77","0","2025","4","",13,42,42,44,955128,16255,275,1722,"",0.10,0.03,0.03,0.03,0.02,0.01,0.02,0.89,"",0,0.0,14,50.0,15,55.6,17,63.0,415438,77.0,5917,57.2,30,12.2,203,13.4
"13121","5","332710","78","0","2025","4","",13,42,42,44,955128,16255,275,1722,"",0.10,0.03,0.03,0.03,0.02,0.01,0.02,0.89,"",0,0.0,14,50.0,15,55.6,17,63.0,415438,77.0,5917,57.2,30,12.2,203,13.4
"13121","5","33272","77","0","2025","4","",9,6,6,6,126321,10336,280,1620,"",0.56,0.01,0.01,0.01,0.01,0.04,0.07,0.80,"",3,50.0,0,0.0,0,0.0,-2,-25.0,-55038,-30.3,-1937,-15.8,-52,-15.7,-473,-22.6
"13121","5","332721","78","0","2025","4","",3,3,3,3,60210,10336,280,1544,"",0.28,0.01,0.01,0.01,0.01,0.06,0.13,0.79,"N",0,0.0,0,0,0,0,0,0,0,0,0,0,0,0,0,0
"13121","5","332722","78","0","2025","4","",6,3,3,3,66111,0,0,1695,"",1.13,0.01,0.01,0.01,0.01,0.00,0.00,0.80,"N",3,100.0,0,0,0,0,0,0,0,0,0,0,0,0,0,0
"13121","5","3328","76","0","2025","4","",19,718,720,725,18459253,400657,3648,1969,"",0.45,0.93,0.94,0.94,1.03,0.58,0.41,1.10,"",2,11.8,-25,-3.4,-21,-2.8,-22,-2.9,2130170,13.0,-90339,-18.4,-962,-20.9,280,16.6
"13121","5","33281","77","0","2025","4","",19,718,720,725,18459253,400657,3648,1969,"",0.45,0.93,0.94,0.94,1.03,0.58,0.41,1.10,"",2,11.8,-25,-3.4,-21,-2.8,-22,-2.9,2130170,13.0,-90339,-18.4,-962,-20.9,280,16.6
"13121","5","332811","78","0","2025","4","N",4,0,0,0,0,0,0,0,"N",0.84,0,0,0,0,0,0,0,"N",2,100.0,0,0,0,0,0,0,0,0,0,0,0,0,0,0
"13121","5","332812","78","0","2025","4","",9,405,408,414,8272456,295201,2986,1556,"",0.43,1.16,1.16,1.18,1.06,0.86,0.73,0.91,"",-1,-10.0,-32,-7.3,-25,-5.8,-25,-5.7,375187,4.8,-110771,-27.3,-1322,-30.7,164,11.8
"13121","5","332813","78","0","2025","4","N",6,0,0,0,0,0,0,0,"N",0.37,0,0,0,0,0,0,0,"N",1,20.0,0,0,0,0,0,0,0,0,0,0,0,0,0,0
"13121","5","3329","76","0","2025","4","",48,433,434,437,29036944,1032502,3826,5139,"",0.74,0.26,0.26,0.26,0.60,0.81,0.27,2.36,"",9,23.1,-9,-2.0,-7,-1.6,-12,-2.7,302030,1.1,543821,111.3,-2975,-43.7,161,3.2
"13121","5","33291","77","0","2025","4","",15,237,237,238,24764782,182991,2838,8027,"",1.07,0.44,0.44,0.44,1.54,0.59,0.90,3.49,"",5,50.0,9,3.9,11,4.9,5,2.1,774201,3.2,-124877,-40.6,-2425,-46.1,-32,-0.4
"13121","5","332911","78","0","2025","4","",7,221,220,222,24391725,144010,2165,8490,"",1.25,1.31,1.30,1.30,4.54,1.42,1.77,3.48,"",2,40.0,2,0.9,3,1.4,-2,-0.9,608033,2.6,-163858,-53.2,-3098,-58.9,174,2.1
"13121","5","332912","78","0","2025","4","",4,3,3,3,84433,9500,257,2165,"",1.02,0.01,0.01,0.01,0.01,0.09,0.26,0.89,"N",2,100.0,0,0,0,0,0,0,0,0,0,0,0,0,0,0
"13121","5","332913","78","0","2025","4","N",1,0,0,0,0,0,0,0,"N",0.48,0,0,0,0,0,0,0,"N",0,0.0,0,0,0,0,0,0,0,0,0,0,0,0,0,0
"13121","5","332919","78","0","2025","4","N",3,0,0,0,0,0,0,0,"N",1.26,0,0,0,0,0,0,0,"N",1,50.0,0,0,0,0,0,0,0,0,0,0,0,0,0,0
"13121","5","33299","77","0","2025","4","",33,196,197,199,4272162,849511,988,1665,"",0.65,0.17,0.17,0.17,0.13,0.89,0.09,0.78,"",4,13.8,-18,-8.4,-18,-8.4,-17,-7.9,-472171,-10.0,668698,369.8,-550,-35.8,-32,-1.9
"13121","5","332991","78","0","2025","4","N",3,0,0,0,0,0,0,0,"N",1.61,0,0,0,0,0,0,0,"N",0,0.0,0,0,0,0,0,0,0,0,0,0,0,0,0,0
"13121","5","332994","78","0","2025","4","",7,40,41,41,1143604,0,0,2163,"",1.13,0.27,0.27,0.27,0.24,0.00,0.00,0.89,"",0,0.0,-11,-21.6,-10,-19.6,-10,-19.6,-414307,-26.6,-11282,-100.0,-305,-100.0,-187,-8.0
"13121","5","332996","78","0","2025","4","N",2,0,0,0,0,0,0,0,"N",0.30,0,0,0,0,0,0,0,"N",1,100.0,0,0,0,0,0,0,0,0,0,0,0,0,0,0
"13121","5","332999","78","0","2025","4","",21,146,145,146,2653787,832989,728,1401,"",0.62,0.28,0.28,0.28,0.20,1.66,0.13,0.71,"",3,16.7,-7,-4.6,-9,-5.8,-9,-5.8,-119583,-4.3,667618,403.7,-393,-35.1,16,1.2
"13121","5","333","75","0","2025","4","",111,1395,1408,1426,28750258,1372143,19293,1569,"",0.46,0.21,0.21,0.22,0.14,0.29,0.34,0.66,"",-2,-1.8,65,4.9,53,3.9,79,5.9,4342576,17.8,269785,24.5,2078,12.1,172,12.3
"13121","5","3331","76","0","2025","4","",20,89,84,90,1661062,49873,1478,1457,"",0.61,0.07,0.07,0.07,0.05,0.06,0.15,0.62,"",0,0.0,26,41.3,16,23.5,18,25.0,202637,13.9,-28649,-36.5,-1134,-43.4,-201,-12.1
"13121","5","33311","77","0","2025","4","N",8,0,0,0,0,0,0,0,"N",0.60,0,0,0,0,0,0,0,"N",0,0.0,0,0,0,0,0,0,0,0,0,0,0,0,0,0
"13121","5","333111","78","0","2025","4","",6,5,4,4,195332,0,0,3467,"",0.53,0.01,0.01,0.01,0.02,0.00,0.00,1.58,"N",0,0.0,0,0,0,0,0,0,0,0,0,0,0,0,0,0
"13121","5","333112","78","0","2025","4","N",2,0,0,0,0,0,0,0,"N",1.04,0,0,0,0,0,0,0,"N",0,0.0,0,0,0,0,0,0,0,0,0,0,0,0,0,0
"13121","5","33312","77","0","2025","4","N",7,0,0,0,0,0,0,0,"N",0.87,0,0,0,0,0,0,0,"N",-1,-12.5,0,0,0,0,0,0,0,0,0,0,0,0,0,0
"13121","5","333120","78","0","2025","4","N",7,0,0,0,0,0,0,0,"N",0.87,0,0,0,0,0,0,0,"N",-1,-12.5,0,0,0,0,0,0,0,0,0,0,0,0,0,0
"13121","5","33313","77","0","2025","4","",5,4,4,4,128588,19000,513,2473,"",0.43,0.01,0.01,0.01,0.01,0.12,0.23,0.95,"N",1,25.0,0,0,0,0,0,0,0,0,0,0,0,0,0,0
"13121","5","333131","78","0","2025","4","N",4,0,0,0,0,0,0,0,"N",1.61,0,0,0,0,0,0,0,"N",2,100.0,0,0,0,0,0,0,0,0,0,0,0,0,0,0
"13121","5","333132","78","0","2025","4","N",1,0,0,0,0,0,0,0,"N",0.11,0,0,0,0,0,0,0,"N",-1,-50.0,0,0,0,0,0,0,0,0,0,0,0,0,0,0
"13121","5","3332","76","0","2025","4","N",16,0,0,0,0,0,0,0,"N",0.41,0,0,0,0,0,0,0,"N",-1,-5.9,0,0,0,0,0,0,0,0,0,0,0,0,0,0
"13121","5","33324","77","0","2025","4","N",16,0,0,0,0,0,0,0,"N",0.41,0,0,0,0,0,0,0,"N",-1,-5.9,0,0,0,0,0,0,0,0,0,0,0,0,0,0
"13121","5","333241","78","0","2025","4","N",3,0,0,0,0,0,0,0,"N",0.44,0,0,0,0,0,0,0,"N",-1,-25.0,0,0,0,0,0,0,0,0,0,0,0,0,0,0
"13121","5","333242","78","0","2025","4","N",1,0,0,0,0,0,0,0,"N",0.33,0,0,0,0,0,0,0,"N",0,0.0,0,0,0,0,0,0,0,0,0,0,0,0,0,0
"13121","5","333243","78","0","2025","4","N",3,0,0,0,0,0,0,0,"N",0.79,0,0,0,0,0,0,0,"N",0,0.0,0,0,0,0,0,0,0,0,0,0,0,0,0,0
"13121","5","333248","78","0","2025","4","N",9,0,0,0,0,0,0,0,"N",0.36,0,0,0,0,0,0,0,"N",0,0.0,0,0,0,0,0,0,0,0,0,0,0,0,0,0
"13121","5","3333","76","0","2025","4","",13,46,47,46,1140452,33918,73,1893,"",0.60,0.09,0.09,0.09,0.07,0.09,0.02,0.75,"",-4,-23.5,-30,-39.5,-27,-36.5,-26,-36.1,-543035,-32.3,8386,32.8,-248,-77.3,143,8.2
"13121","5","33331","77","0","2025","4","",13,46,47,46,1140452,33918,73,1893,"",0.60,0.09,0.09,0.09,0.07,0.09,0.02,0.75,"",-4,-23.5,-30,-39.5,-27,-36.5,-26,-36.1,-543035,-32.3,8386,32.8,-248,-77.3,143,8.2
"13121","5","333310","78","0","2025","4","",13,46,47,46,1140452,33918,73,1893,"",0.60,0.09,0.09,0.09,0.07,0.09,0.02,0.75,"",-4,-23.5,-30,-39.5,-27,-36.5,-26,-36.1,-543035,-32.3,8386,32.8,-248,-77.3,143,8.2
"13121","5","3334","76","0","2025","4","",17,132,125,122,2290771,54045,772,1395,"",0.78,0.15,0.14,0.13,0.10,0.07,0.09,0.74,"",-2,-10.5,-21,-13.7,-20,-13.8,-29,-19.2,-423340,-15.6,-35696,-39.8,-333,-30.1,0,0.0
"13121","5","33341","77","0","2025","4","",17,132,125,122,2290771,54045,772,1395,"",0.78,0.15,0.14,0.13,0.10,0.07,0.09,0.74,"",-2,-10.5,-21,-13.7,-20,-13.8,-29,-19.2,-423340,-15.6,-35696,-39.8,-333,-30.1,0,0.0
"13121","5","333414","78","0","2025","4","N",1,0,0,0,0,0,0,0,"N",0.27,0,0,0,0,0,0,0,"N",-1,-50.0,0,0,0,0,0,0,0,0,0,0,0,0,0,0
"13121","5","333415","78","0","2025","4","N",16,0,0,0,0,0,0,0,"N",1.42,0,0,0,0,0,0,0,"N",-1,-5.9,0,0,0,0,0,0,0,0,0,0,0,0,0,0
"13121","5","3335","76","0","2025","4","",12,54,57,53,1166686,44503,503,1642,"",0.24,0.06,0.06,0.06,0.05,0.07,0.07,0.80,"",0,0.0,1,1.9,3,5.6,3,6.0,23071,2.0,4696,11.8,-250,-33.2,-39,-2.3
"13121","5","33351","77","0","2025","4","",12,54,57,53,1166686,44503,503,1642,"",0.24,0.06,0.06,0.06,0.05,0.07,0.07,0.80,"",0,0.0,1,1.9,3,5.6,3,6.0,23071,2.0,4696,11.8,-250,-33.2,-39,-2.3
"13121","5","333511","78","0","2025","4","N",2,0,0,0,0,0,0,0,"N",0.21,0,0,0,0,0,0,0,"N",0,0.0,0,0,0,0,0,0,0,0,0,0,0,0,0,0
"13121","5","333514","78","0","2025","4","N",1,0,0,0,0,0,0,0,"N",0.06,0,0,0,0,0,0,0,"N",0,0.0,0,0,0,0,0,0,0,0,0,0,0,0,0,0
"13121","5","333515","78","0","2025","4","N",2,0,0,0,0,0,0,0,"N",0.26,0,0,0,0,0,0,0,"N",1,100.0,0,0,0,0,0,0,0,0,0,0,0,0,0,0
"13121","5","333517","78","0","2025","4","",6,12,12,8,297761,10592,270,2147,"",0.42,0.05,0.05,0.03,0.04,0.07,0.15,1.02,"",-1,-14.3,0,0.0,0,0.0,0,0.0,-58146,-16.3,9797,1232.3,261,2900.0,-420,-16.4
"13121","5","333519","78","0","2025","4","N",1,0,0,0,0,0,0,0,"N",0.37,0,0,0,0,0,0,0,"N",0,0.0,0,0,0,0,0,0,0,0,0,0,0,0,0,0
"13121","5","3336","76","0","2025","4","N",2,0,0,0,0,0,0,0,"N",0.20,0,0,0,0,0,0,0,"N",0,0.0,0,0,0,0,0,0,0,0,0,0,0,0,0,0
"13121","5","33361","77","0","2025","4","N",2,0,0,0,0,0,0,0,"N",0.20,0,0,0,0,0,0,0,"N",0,0.0,0,0,0,0,0,0,0,0,0,0,0,0,0,0
"13121","5","333611","78","0","2025","4","N",1,0,0,0,0,0,0,0,"N",0.35,0,0,0,0,0,0,0,"N",-1,-50.0,0,0,0,0,0,0,0,0,0,0,0,0,0,0
"13121","5","333618","78","0","2025","4","N",1,0,0,0,0,0,0,0,"N",0.34,0,0,0,0,0,0,0,"N",1,100.0,0,0,0,0,0,0,0,0,0,0,0,0,0,0
"13121","5","3339","76","0","2025","4","",31,135,126,124,7312585,76101,1147,4383,"",0.48,0.08,0.08,0.07,0.15,0.07,0.08,1.90,"",5,19.2,-66,-32.8,-75,-37.3,-63,-33.7,2708631,58.8,-58855,-43.6,-395,-25.6,2579,143.0
"13121","5","33392","77","0","2025","4","",9,35,28,27,825523,19000,514,2117,"",0.52,0.06,0.05,0.05,0.05,0.04,0.10,0.95,"",2,28.6,2,6.1,-5,-15.2,-5,-15.6,-81228,-9.0,-10016,-34.5,-7,-1.3,-18,-0.8
"13121","5","333921","78","0","2025","4","N",2,0,0,0,0,0,0,0,"N",0.93,0,0,0,0,0,0,0,"N",0,0.0,0,0,0,0,0,0,0,0,0,0,0,0,0,0
"13121","5","333922","78","0","2025","4","N",3,0,0,0,0,0,0,0,"N",0.36,0,0,0,0,0,0,0,"N",2,200.0,0,0,0,0,0,0,0,0,0,0,0,0,0,0
"13121","5","333923","78","0","2025","4","N",2,0,0,0,0,0,0,0,"N",0.59,0,0,0,0,0,0,0,"N",0,0.0,0,0,0,0,0,0,0,0,0,0,0,0,0,0
"13121","5","333924","78","0","2025","4","N",2,0,0,0,0,0,0,0,"N",0.58,0,0,0,0,0,0,0,"N",0,0.0,0,0,0,0,0,0,0,0,0,0,0,0,0,0
"13121","5","33399","77","0","2025","4","",22,100,98,97,6487062,57101,633,5075,"",0.59,0.12,0.12,0.12,0.26,0.10,0.10,2.21,"",3,15.8,-68,-40.5,-70,-41.7,-58,-37.4,2789859,75.5,-48839,-46.1,-388,-38.0,3337,192.0
"13121","5","333991","78","0","2025","4","N",1,0,0,0,0,0,0,0,"N",0.57,0,0,0,0,0,0,0,"N",0,0.0,0,0,0,0,0,0,0,0,0,0,0,0,0,0
"13121","5","333992","78","0","2025","4","N",1,0,0,0,0,0,0,0,"N",0.16,0,0,0,0,0,0,0,"N",0,0.0,0,0,0,0,0,0,0,0,0,0,0,0,0,0
"13121","5","333993","78","0","2025","4","",8,23,23,22,847300,16648,186,2875,"",1.13,0.17,0.16,0.16,0.20,0.15,0.19,1.24,"N",3,60.0,0,0,0,0,0,0,0,0,0,0,0,0,0,0
"13121","5","333994","78","0","2025","4","",5,17,16,16,445896,0,0,2100,"",1.97,0.29,0.27,0.27,0.25,0.00,0.00,0.90,"",0,0.0,-5,-22.7,-6,-27.3,-6,-27.3,-223588,-33.4,-18125,-100.0,-329,-100.0,-241,-10.3
"13121","5","333995","78","0","2025","4","N",1,0,0,0,0,0,0,0,"N",0.37,0,0,0,0,0,0,0,"N",0,0.0,0,0,0,0,0,0,0,0,0,0,0,0,0,0
"13121","5","333998","78","0","2025","4","N",6,0,0,0,0,0,0,0,"N",0.40,0,0,0,0,0,0,0,"N",0,0.0,0,0,0,0,0,0,0,0,0,0,0,0,0,0
"13121","5","334","75","0","2025","4","",141,1159,1153,1172,45242119,536975,6798,2997,"",0.78,0.19,0.19,0.19,0.14,0.14,0.14,0.71,"",-2,-1.4,-123,-9.6,-127,-9.9,-130,-10.0,-2044828,-4.3,-278913,-34.2,-4953,-42.1,173,6.1
"13121","5","3341","76","0","2025","4","",20,340,338,341,18847672,59720,511,4268,"",1.17,0.57,0.56,0.56,0.41,0.18,0.11,0.73,"",-2,-9.1,-131,-27.8,-130,-27.8,-140,-29.1,-2013172,-9.7,-237356,-79.9,-4824,-90.4,878,25.9
"13121","5","33411","77","0","2025","4","",20,340,338,341,18847672,59720,511,4268,"",1.17,0.57,0.56,0.56,0.41,0.18,0.11,0.73,"",-2,-9.1,-131,-27.8,-130,-27.8,-140,-29.1,-2013172,-9.7,-237356,-79.9,-4824,-90.4,878,25.9
"13121","5","334111","78","0","2025","4","N",8,0,0,0,0,0,0,0,"N",1.03,0,0,0,0,0,0,0,"N",1,14.3,0,0,0,0,0,0,0,0,0,0,0,0,0,0
"13121","5","334112","78","0","2025","4","N",4,0,0,0,0,0,0,0,"N",2.05,0,0,0,0,0,0,0,"N",0,0.0,0,0,0,0,0,0,0,0,0,0,0,0,0,0
"13121","5","334118","78","0","2025","4","",8,179,178,182,4518089,50762,344,1934,"",1.08,1.04,1.03,1.05,0.50,0.38,0.23,0.48,"",-3,-27.3,-132,-42.4,-129,-42.0,-129,-41.5,-2136902,-32.1,-53291,-51.2,-67,-16.3,281,17.0
"13121","5","3342","76","0","2025","4","",27,147,139,138,5432975,112235,2028,2957,"",1.31,0.31,0.29,0.29,0.25,0.43,0.53,0.86,"",3,12.5,56,61.5,47,51.1,47,51.6,2318242,74.4,76527,214.3,1503,286.3,334,12.7
"13121","5","33421","77","0","2025","4","N",4,0,0,0,0,0,0,0,"N",1.32,0,0,0,0,0,0,0,"N",1,33.3,0,0,0,0,0,0,0,0,0,0,0,0,0,0
"13121","5","334210","78","0","2025","4","N",4,0,0,0,0,0,0,0,"N",1.32,0,0,0,0,0,0,0,"N",1,33.3,0,0,0,0,0,0,0,0,0,0,0,0,0,0
"13121","5","33422","77","0","2025","4","N",11,0,0,0,0,0,0,0,"N",0.97,0,0,0,0,0,0,0,"N",-2,-15.4,0,0,0,0,0,0,0,0,0,0,0,0,0,0
"13121","5","334220","78","0","2025","4","N",11,0,0,0,0,0,0,0,"N",0.97,0,0,0,0,0,0,0,"N",-2,-15.4,0,0,0,0,0,0,0,0,0,0,0,0,0,0
"13121","5","33429","77","0","2025","4","",12,77,68,68,3065730,59055,659,3321,"",1.92,0.70,0.62,0.62,0.74,0.72,0.57,1.14,"N",4,50.0,0,0,0,0,0,0,0,0,0,0,0,0,0,0
"13121","5","334290","78","0","2025","4","",12,77,68,68,3065730,59055,659,3321,"",1.92,0.70,0.62,0.62,0.74,0.72,0.57,1.14,"N",4,50.0,0,0,0,0,0,0,0,0,0,0,0,0,0,0
"13121","5","3343","76","0","2025","4","",12,2,3,4,125705,11168,277,3223,"",1.45,0.02,0.03,0.04,0.02,0.16,0.26,0.84,"",2,20.0,-4,-66.7,-4,-57.1,-3,-42.9,-83408,-39.9,-9069,-44.8,-246,-47.0,810,33.6
"13121","5","33431","77","0","2025","4","",12,2,3,4,125705,11168,277,3223,"",1.45,0.02,0.03,0.04,0.02,0.16,0.26,0.84,"",2,20.0,-4,-66.7,-4,-57.1,-3,-42.9,-83408,-39.9,-9069,-44.8,-246,-47.0,810,33.6
"13121","5","334310","78","0","2025","4","",12,2,3,4,125705,11168,277,3223,"",1.45,0.02,0.03,0.04,0.02,0.16,0.26,0.84,"",2,20.0,-4,-66.7,-4,-57.1,-3,-42.9,-83408,-39.9,-9069,-44.8,-246,-47.0,810,33.6
"13121","5","3344","76","0","2025","4","",19,91,91,92,2540580,44673,593,2140,"",0.39,0.04,0.04,0.04,0.02,0.03,0.03,0.43,"",2,11.8,-8,-8.1,-4,-4.2,-3,-3.2,18514,0.7,7113,18.9,347,141.1,126,6.3
"13121","5","33441","77","0","2025","4","",19,91,91,92,2540580,44673,593,2140,"",0.39,0.04,0.04,0.04,0.02,0.03,0.03,0.43,"",2,11.8,-8,-8.1,-4,-4.2,-3,-3.2,18514,0.7,7113,18.9,347,141.1,126,6.3
"13121","5","334413","78","0","2025","4","",13,18,18,18,1178990,14597,354,5038,"",0.74,0.02,0.02,0.02,0.01,0.02,0.03,0.67,"N",3,30.0,0,0,0,0,0,0,0,0,0,0,0,0,0,0
"13121","5","334418","78","0","2025","4","N",2,0,0,0,0,0,0,0,"N",0.23,0,0,0,0,0,0,0,"N",0,0.0,0,0,0,0,0,0,0,0,0,0,0,0,0,0
"13121","5","334419","78","0","2025","4","N",4,0,0,0,0,0,0,0,"N",0.29,0,0,0,0,0,0,0,"N",-1,-20.0,0,0,0,0,0,0,0,0,0,0,0,0,0,0
"13121","5","3345","76","0","2025","4","",48,531,533,549,16497862,237785,2410,2360,"",0.62,0.22,0.22,0.22,0.16,0.15,0.13,0.72,"",-3,-5.9,-39,-6.8,-39,-6.8,-32,-5.5,-2500653,-13.2,-126643,-34.8,-1989,-45.2,-185,-7.3
"13121","5","33451","77","0","2025","4","",48,531,533,549,16497862,237785,2410,2360,"",0.62,0.22,0.22,0.22,0.16,0.15,0.13,0.72,"",-3,-5.9,-39,-6.8,-39,-6.8,-32,-5.5,-2500653,-13.2,-126643,-34.8,-1989,-45.2,-185,-7.3
"13121","5","334510","78","0","2025","4","",12,234,235,235,5940427,69455,580,1947,"",0.78,0.54,0.54,0.53,0.33,0.18,0.15,0.62,"",-2,-14.3,-23,-8.9,-22,-8.6,-21,-8.2,-3157822,-34.7,-127535,-64.7,-1698,-74.5,-780,-28.6
"13121","5","334511","78","0","2025","4","",7,131,130,143,4337478,55876,663,2478,"",0.68,0.18,0.18,0.19,0.14,0.17,0.20,0.76,"",0,0.0,-4,-3.0,-8,-5.8,-4,-2.7,399617,10.1,-2841,-4.8,257,63.3,314,14.5
"13121","5","334512","78","0","2025","4","N",1,0,0,0,0,0,0,0,"N",0.26,0,0,0,0,0,0,0,"N",-1,-50.0,0,0,0,0,0,0,0,0,0,0,0,0,0,0
"13121","5","334513","78","0","2025","4","",9,45,46,46,1149749,19000,44,1937,"",0.58,0.13,0.13,0.13,0.11,0.07,0.02,0.79,"",0,0.0,-4,-8.2,-2,-4.2,-3,-6.1,-77927,-6.3,14939,367.9,34,340.0,-3,-0.2
"13121","5","334515","78","0","2025","4","",6,20,20,20,799915,3250,1,3077,"",0.67,0.09,0.09,0.09,0.07,0.02,0.00,0.78,"N",-1,-14.3,0,0,0,0,0,0,0,0,0,0,0,0,0,0
"13121","5","334516","78","0","2025","4","",9,57,58,60,1890107,80704,1043,2492,"",0.99,0.22,0.23,0.24,0.20,0.61,0.51,0.85,"",2,28.6,-1,-1.7,-2,-3.3,2,3.4,53939,2.9,-9021,-10.1,70,7.2,84,3.5
"13121","5","334519","78","0","2025","4","N",4,0,0,0,0,0,0,0,"N",0.40,0,0,0,0,0,0,0,"N",-1,-20.0,0,0,0,0,0,0,0,0,0,0,0,0,0,0
"13121","5","3346","76","0","2025","4","",15,48,49,48,1797325,71394,979,2860,"",1.65,0.84,0.86,0.84,0.55,2.04,1.64,0.65,"",-4,-21.1,3,6.7,3,6.5,1,2.1,215649,13.6,10515,17.3,256,35.4,215,8.1
"13121","5","33461","77","0","2025","4","",15,48,49,48,1797325,71394,979,2860,"",1.65,0.84,0.86,0.84,0.55,2.04,1.64,0.65,"",-4,-21.1,3,6.7,3,6.5,1,2.1,215649,13.6,10515,17.3,256,35.4,215,8.1
"13121","5","334610","78","0","2025","4","",15,48,49,48,1797325,71394,979,2860,"",1.65,0.84,0.86,0.84,0.55,2.04,1.64,0.65,"",-4,-21.1,3,6.7,3,6.5,1,2.1,215649,13.6,10515,17.3,256,35.4,215,8.1
"13121","5","335","75","0","2025","4","",112,611,664,663,17805140,1412153,12991,2120,"",1.46,0.23,0.25,0.25,0.22,0.64,0.47,0.91,"",24,27.3,173,39.5,218,48.9,224,51.0,4682150,35.7,1052142,292.3,8081,164.6,-169,-7.4
"13121","5","3351","76","0","2025","4","",14,33,37,35,998333,100621,353,2194,"",1.01,0.16,0.18,0.17,0.16,0.69,0.18,0.97,"",5,55.6,9,37.5,13,54.2,12,52.2,421845,73.2,55479,122.9,185,110.1,320,17.1
"13121","5","33513","77","0","2025","4","",14,33,37,35,998333,100621,353,2194,"",1.01,0.16,0.18,0.17,0.16,0.69,0.18,0.97,"",5,55.6,9,37.5,13,54.2,12,52.2,421845,73.2,55479,122.9,185,110.1,320,17.1
"13121","5","335131","78","0","2025","4","N",1,0,0,0,0,0,0,0,"N",0.29,0,0,0,0,0,0,0,"N",1,100.0,0,0,0,0,0,0,0,0,0,0,0,0,0,0
"13121","5","335132","78","0","2025","4","N",9,0,0,0,0,0,0,0,"N",1.45,0,0,0,0,0,0,0,"N",2,28.6,0,0,0,0,0,0,0,0,0,0,0,0,0,0
"13121","5","335139","78","0","2025","4","N",4,0,0,0,0,0,0,0,"N",0.96,0,0,0,0,0,0,0,"N",2,100.0,0,0,0,0,0,0,0,0,0,0,0,0,0,0
"13121","5","3352","76","0","2025","4","",3,10,10,10,154267,0,0,1187,"",0.60,0.03,0.03,0.03,0.02,0.00,0.00,0.68,"",0,0.0,-1,-9.1,-1,-9.1,-1,-9.1,-14433,-8.6,-8568,-100.0,-231,-100.0,7,0.6
"13121","5","33521","77","0","2025","4","",3,10,10,10,154267,0,0,1187,"",1.06,0.19,0.19,0.19,0.10,0.00,0.00,0.55,"",0,0.0,-1,-9.1,-1,-9.1,-1,-9.1,-14433,-8.6,-8568,-100.0,-231,-100.0,7,0.6
"13121","5","335210","78","0","2025","4","",3,10,10,10,154267,0,0,1187,"",1.06,0.19,0.19,0.19,0.10,0.00,0.00,0.55,"",0,0.0,-1,-9.1,-1,-9.1,-1,-9.1,-14433,-8.6,-8568,-100.0,-231,-100.0,7,0.6
"13121","5","3353","76","0","2025","4","",24,269,289,283,8063300,257271,2538,2213,"",1.07,0.27,0.29,0.28,0.25,0.30,0.32,0.91,"",3,14.3,3,1.1,21,7.8,16,6.0,1108948,15.9,168978,191.4,1803,245.3,209,10.4
"13121","5","33531","77","0","2025","4","",24,269,289,283,8063300,257271,2538,2213,"",1.07,0.27,0.29,0.28,0.25,0.30,0.32,0.91,"",3,14.3,3,1.1,21,7.8,16,6.0,1108948,15.9,168978,191.4,1803,245.3,209,10.4
"13121","5","335311","78","0","2025","4","",14,15,15,14,791308,23964,395,4150,"",3.03,0.07,0.07,0.06,0.12,0.10,0.22,1.81,"N",3,27.3,0,0,0,0,0,0,0,0,0,0,0,0,0,0
"13121","5","335312","78","0","2025","4","N",2,0,0,0,0,0,0,0,"N",0.36,0,0,0,0,0,0,0,"N",1,100.0,0,0,0,0,0,0,0,0,0,0,0,0,0,0
"13121","5","335313","78","0","2025","4","N",5,0,0,0,0,0,0,0,"N",0.85,0,0,0,0,0,0,0,"N",0,0.0,0,0,0,0,0,0,0,0,0,0,0,0,0,0
"13121","5","335314","78","0","2025","4","N",3,0,0,0,0,0,0,0,"N",0.48,0,0,0,0,0,0,0,"N",-1,-25.0,0,0,0,0,0,0,0,0,0,0,0,0,0,0
"13121","5","3359","76","0","2025","4","",71,299,328,335,8589240,1054261,10100,2060,"",2.01,0.28,0.30,0.30,0.25,1.04,0.67,0.86,"",16,29.1,162,118.2,185,129.4,197,142.8,3165790,58.4,836253,383.6,6324,167.5,-934,-31.2
"13121","5","33591","77","0","2025","4","",8,66,66,64,2565897,47795,457,3021,"",1.16,0.17,0.17,0.16,0.21,0.10,0.05,1.25,"",2,33.3,4,6.5,3,4.8,-1,-1.5,-282846,-9.9,-51034,-51.6,-1635,-78.2,-439,-12.7
"13121","5","335910","78","0","2025","4","",8,66,66,64,2565897,47795,457,3021,"",1.16,0.17,0.17,0.16,0.21,0.10,0.05,1.25,"",2,33.3,4,6.5,3,4.8,-1,-1.5,-282846,-9.9,-51034,-51.6,-1635,-78.2,-439,-12.7
"13121","5","33592","77","0","2025","4","N",8,0,0,0,0,0,0,0,"N",1.74,0,0,0,0,0,0,0,"N",3,60.0,0,0,0,0,0,0,0,0,0,0,0,0,0,0
"13121","5","335921","78","0","2025","4","N",3,0,0,0,0,0,0,0,"N",1.37,0,0,0,0,0,0,0,"N",0,0.0,0,0,0,0,0,0,0,0,0,0,0,0,0,0
"13121","5","335929","78","0","2025","4","N",5,0,0,0,0,0,0,0,"N",2.08,0,0,0,0,0,0,0,"N",3,150.0,0,0,0,0,0,0,0,0,0,0,0,0,0,0
"13121","5","33593","77","0","2025","4","N",3,0,0,0,0,0,0,0,"N",0.56,0,0,0,0,0,0,0,"N",0,0.0,0,0,0,0,0,0,0,0,0,0,0,0,0,0
"13121","5","335931","78","0","2025","4","N",2,0,0,0,0,0,0,0,"N",0.52,0,0,0,0,0,0,0,"N",0,0.0,0,0,0,0,0,0,0,0,0,0,0,0,0,0
"13121","5","335932","78","0","2025","4","N",1,0,0,0,0,0,0,0,"N",0.68,0,0,0,0,0,0,0,"N",0,0.0,0,0,0,0,0,0,0,0,0,0,0,0,0,0
"13121","5","33599","77","0","2025","4","",52,204,234,243,5158111,981827,9488,1748,"",2.83,0.68,0.77,0.79,0.50,3.66,3.06,0.67,"",11,26.8,150,277.8,176,303.4,191,367.3,3416788,196.2,873634,807.5,7878,489.3,-702,-28.7
"13121","5","335999","78","0","2025","4","",52,204,234,243,5158111,981827,9488,1748,"",3.16,0.84,0.96,0.98,0.60,4.54,3.83,0.65,"",11,26.8,150,277.8,176,303.4,191,367.3,3416788,196.2,873634,807.5,7878,489.3,-702,-28.7
"13121","5","336","75","0","2025","4","",104,1288,1251,1255,61384280,695088,10013,3734,"",0.79,0.12,0.12,0.12,0.18,0.11,0.11,1.50,"",21,25.3,-24,-1.8,-25,-2.0,6,0.5,-5491901,-8.2,-39371,-5.4,3876,63.2,-288,-7.2
"13121","5","3361","76","0","2025","4","",10,17,17,15,619938,887,72,2920,"",1.55,0.01,0.01,0.01,0.01,0.00,0.01,1.09,"",3,42.9,-18,-51.4,-18,-51.4,-20,-57.1,-765044,-55.2,-15979,-94.7,-782,-91.6,-124,-4.1
"13121","5","33611","77","0","2025","4","N",7,0,0,0,0,0,0,0,"N",1.63,0,0,0,0,0,0,0,"N",3,75.0,0,0,0,0,0,0,0,0,0,0,0,0,0,0
"13121","5","336110","78","0","2025","4","N",7,0,0,0,0,0,0,0,"N",1.63,0,0,0,0,0,0,0,"N",3,75.0,0,0,0,0,0,0,0,0,0,0,0,0,0,0
"13121","5","33612","77","0","2025","4","N",3,0,0,0,0,0,0,0,"N",1.39,0,0,0,0,0,0,0,"N",0,0.0,0,0,0,0,0,0,0,0,0,0,0,0,0,0
"13121","5","336120","78","0","2025","4","N",3,0,0,0,0,0,0,0,"N",1.39,0,0,0,0,0,0,0,"N",0,0.0,0,0,0,0,0,0,0,0,0,0,0,0,0,0
"13121","5","3362","76","0","2025","4","",19,33,31,32,849407,9530,4,2042,"",1.00,0.04,0.03,0.03,0.04,0.01,0.00,1.16,"",7,58.3,5,17.9,3,10.7,4,14.3,384855,82.8,-20438,-68.2,-561,-99.3,766,60.0
"13121","5","33621","77","0","2025","4","",19,33,31,32,849407,9530,4,2042,"",1.00,0.04,0.03,0.03,0.04,0.01,0.00,1.16,"",7,58.3,5,17.9,3,10.7,4,14.3,384855,82.8,-20438,-68.2,-561,-99.3,766,60.0
"13121","5","336211","78","0","2025","4","N",4,0,0,0,0,0,0,0,"N",0.59,0,0,0,0,0,0,0,"N",1,33.3,0,0,0,0,0,0,0,0,0,0,0,0,0,0
"13121","5","336212","78","0","2025","4","",8,8,7,7,295319,0,0,3098,"",1.49,0.04,0.03,0.03,0.06,0.00,0.00,1.89,"",4,100.0,3,60.0,2,40.0,2,40.0,207929,237.9,-8361,-100.0,-226,-100.0,1754,130.5
"13121","5","336213","78","0","2025","4","N",1,0,0,0,0,0,0,0,"N",1.76,0,0,0,0,0,0,0,"N",1,100.0,0,0,0,0,0,0,0,0,0,0,0,0,0,0
"13121","5","336214","78","0","2025","4","",6,4,4,4,239670,0,0,4609,"",0.96,0.02,0.02,0.02,0.04,0.00,0.00,2.67,"N",1,20.0,0,0,0,0,0,0,0,0,0,0,0,0,0,0
"13121","5","3363","76","0","2025","4","N",19,0,0,0,0,0,0,0,"N",0.43,0,0,0,0,0,0,0,"N",1,5.6,0,0,0,0,0,0,0,0,0,0,0,0,0,0
"13121","5","33631","77","0","2025","4","N",2,0,0,0,0,0,0,0,"N",0.31,0,0,0,0,0,0,0,"N",0,0.0,0,0,0,0,0,0,0,0,0,0,0,0,0,0
"13121","5","336310","78","0","2025","4","N",2,0,0,0,0,0,0,0,"N",0.31,0,0,0,0,0,0,0,"N",0,0.0,0,0,0,0,0,0,0,0,0,0,0,0,0,0
"13121","5","33632","77","0","2025","4","N",3,0,0,0,0,0,0,0,"N",0.42,0,0,0,0,0,0,0,"N",0,0.0,0,0,0,0,0,0,0,0,0,0,0,0,0,0
"13121","5","336320","78","0","2025","4","N",3,0,0,0,0,0,0,0,"N",0.42,0,0,0,0,0,0,0,"N",0,0.0,0,0,0,0,0,0,0,0,0,0,0,0,0,0
"13121","5","33633","77","0","2025","4","N",1,0,0,0,0,0,0,0,"N",0.43,0,0,0,0,0,0,0,"N",0,0.0,0,0,0,0,0,0,0,0,0,0,0,0,0,0
"13121","5","336330","78","0","2025","4","N",1,0,0,0,0,0,0,0,"N",0.43,0,0,0,0,0,0,0,"N",0,0.0,0,0,0,0,0,0,0,0,0,0,0,0,0,0
"13121","5","33635","77","0","2025","4","N",4,0,0,0,0,0,0,0,"N",0.90,0,0,0,0,0,0,0,"N",1,33.3,0,0,0,0,0,0,0,0,0,0,0,0,0,0
"13121","5","336350","78","0","2025","4","N",4,0,0,0,0,0,0,0,"N",0.90,0,0,0,0,0,0,0,"N",1,33.3,0,0,0,0,0,0,0,0,0,0,0,0,0,0
"13121","5","33636","77","0","2025","4","",5,8,7,7,210817,768,9,2211,"",1.13,0.02,0.02,0.02,0.02,0.00,0.00,1.27,"",0,0.0,2,33.3,2,40.0,2,40.0,31776,17.7,-10099,-92.9,-261,-96.7,-371,-14.4
"13121","5","336360","78","0","2025","4","",5,8,7,7,210817,768,9,2211,"",1.13,0.02,0.02,0.02,0.02,0.00,0.00,1.27,"",0,0.0,2,33.3,2,40.0,2,40.0,31776,17.7,-10099,-92.9,-261,-96.7,-371,-14.4
"13121","5","33637","77","0","2025","4","N",3,0,0,0,0,0,0,0,"N",0.79,0,0,0,0,0,0,0,"N",0,0.0,0,0,0,0,0,0,0,0,0,0,0,0,0,0
"13121","5","336370","78","0","2025","4","N",3,0,0,0,0,0,0,0,"N",0.79,0,0,0,0,0,0,0,"N",0,0.0,0,0,0,0,0,0,0,0,0,0,0,0,0,0
"13121","5","33639","77","0","2025","4","N",1,0,0,0,0,0,0,0,"N",0.07,0,0,0,0,0,0,0,"N",0,0.0,0,0,0,0,0,0,0,0,0,0,0,0,0,0
"13121","5","336390","78","0","2025","4","N",1,0,0,0,0,0,0,0,"N",0.07,0,0,0,0,0,0,0,"N",0,0.0,0,0,0,0,0,0,0,0,0,0,0,0,0,0
"13121","5","3364","76","0","2025","4","",36,200,194,198,13972490,176589,3933,5447,"",1.09,0.06,0.06,0.06,0.10,0.07,0.14,1.69,"",7,24.1,-30,-13.0,-37,-16.0,-30,-13.2,-4826766,-25.7,-65530,-27.1,1053,36.6,-850,-13.5
"13121","5","33641","77","0","2025","4","",36,200,194,198,13972490,176589,3933,5447,"",1.09,0.06,0.06,0.06,0.10,0.07,0.14,1.69,"",7,24.1,-30,-13.0,-37,-16.0,-30,-13.2,-4826766,-25.7,-65530,-27.1,1053,36.6,-850,-13.5
"13121","5","336411","78","0","2025","4","",14,68,70,75,3411005,140108,2955,3696,"",1.41,0.04,0.04,0.05,0.05,0.11,0.24,1.11,"",1,7.7,10,17.2,16,29.6,23,44.2,1062577,45.2,55055,64.7,1787,153.0,391,11.8
"13121","5","336412","78","0","2025","4","N",6,0,0,0,0,0,0,0,"N",0.94,0,0,0,0,0,0,0,"N",2,50.0,0,0,0,0,0,0,0,0,0,0,0,0,0,0
"13121","5","336413","78","0","2025","4","",15,126,117,114,10231814,12269,332,6614,"",1.13,0.20,0.18,0.18,0.51,0.02,0.03,2.70,"N",3,25.0,0,0,0,0,0,0,0,0,0,0,0,0,0,0
"13121","5","336419","78","0","2025","4","N",1,0,0,0,0,0,0,0,"N",1.64,0,0,0,0,0,0,0,"N",1,100.0,0,0,0,0,0,0,0,0,0,0,0,0,0,0
"13121","5","3365","76","0","2025","4","N",1,0,0,0,0,0,0,0,"N",0.36,0,0,0,0,0,0,0,"N",0,0.0,0,0,0,0,0,0,0,0,0,0,0,0,0,0
"13121","5","33651","77","0","2025","4","N",1,0,0,0,0,0,0,0,"N",0.36,0,0,0,0,0,0,0,"N",0,0.0,0,0,0,0,0,0,0,0,0,0,0,0,0,0
"13121","5","336510","78","0","2025","4","N",1,0,0,0,0,0,0,0,"N",0.36,0,0,0,0,0,0,0,"N",0,0.0,0,0,0,0,0,0,0,0,0,0,0,0,0,0
"13121","5","3366","76","0","2025","4","",7,7,8,8,278257,8500,230,2792,"",0.43,0.01,0.01,0.01,0.01,0.01,0.02,1.27,"N",3,75.0,0,0,0,0,0,0,0,0,0,0,0,0,0,0
"13121","5","33661","77","0","2025","4","",7,7,8,8,278257,8500,230,2792,"",0.43,0.01,0.01,0.01,0.01,0.01,0.02,1.27,"N",3,75.0,0,0,0,0,0,0,0,0,0,0,0,0,0,0
"13121","5","336611","78","0","2025","4","N",5,0,0,0,0,0,0,0,"N",0.62,0,0,0,0,0,0,0,"N",2,66.7,0,0,0,0,0,0,0,0,0,0,0,0,0,0
"13121","5","336612","78","0","2025","4","N",2,0,0,0,0,0,0,0,"N",0.24,0,0,0,0,0,0,0,"N",1,100.0,0,0,0,0,0,0,0,0,0,0,0,0,0,0
"13121","5","3369","76","0","2025","4","",12,30,36,44,773044,200121,5403,1622,"",1.19,0.14,0.17,0.21,0.14,1.45,2.39,0.82,"N",0,0.0,0,0,0,0,0,0,0,0,0,0,0,0,0,0
"13121","5","33699","77","0","2025","4","",12,30,36,44,773044,200121,5403,1622,"",1.19,0.14,0.17,0.21,0.14,1.45,2.39,0.82,"N",0,0.0,0,0,0,0,0,0,0,0,0,0,0,0,0,0
"13121","5","336991","78","0","2025","4","N",2,0,0,0,0,0,0,0,"N",0.54,0,0,0,0,0,0,0,"N",1,100.0,0,0,0,0,0,0,0,0,0,0,0,0,0,0
"13121","5","336992","78","0","2025","4","N",1,0,0,0,0,0,0,0,"N",1.32,0,0,0,0,0,0,0,"N",0,0.0,0,0,0,0,0,0,0,0,0,0,0,0,0,0
"13121","5","336999","78","0","2025","4","N",9,0,0,0,0,0,0,0,"N",1.61,0,0,0,0,0,0,0,"N",-1,-10.0,0,0,0,0,0,0,0,0,0,0,0,0,0,0
"13121","5","337","75","0","2025","4","",84,916,913,936,19732969,607129,6062,1647,"",0.68,0.46,0.46,0.47,0.47,0.27,0.27,1.01,"",9,12.0,-152,-14.2,-153,-14.4,-130,-12.2,-2501687,-11.3,-232260,-27.7,-6720,-52.6,44,2.7
"13121","5","3371","76","0","2025","4","",44,266,265,271,5570988,255178,3348,1603,"",0.52,0.21,0.21,0.22,0.23,0.17,0.25,1.08,"",7,18.9,-63,-19.1,-66,-19.9,-59,-17.9,-1712271,-23.5,-58043,-18.5,-1354,-28.8,-95,-5.6
"13121","5","33711","77","0","2025","4","",20,170,174,178,3098982,191130,2313,1370,"",0.37,0.26,0.26,0.27,0.24,0.22,0.28,0.92,"",2,11.1,-103,-37.7,-101,-36.7,-96,-35.0,-3185678,-50.7,-53261,-21.8,-1177,-33.7,-394,-22.3
"13121","5","337110","78","0","2025","4","",20,170,174,178,3098982,191130,2313,1370,"",0.37,0.26,0.26,0.27,0.24,0.22,0.28,0.92,"",2,11.1,-103,-37.7,-101,-36.7,-96,-35.0,-3185678,-50.7,-53261,-21.8,-1177,-33.7,-394,-22.3
"13121","5","33712","77","0","2025","4","",24,96,91,93,2472006,64048,1035,2037,"",0.77,0.16,0.15,0.16,0.22,0.10,0.19,1.37,"",5,26.3,40,71.4,35,62.5,37,66.1,1473407,147.5,-4782,-6.9,-177,-14.6,665,48.5
"13121","5","337121","78","0","2025","4","N",3,0,0,0,0,0,0,0,"N",0.51,0,0,0,0,0,0,0,"N",0,0.0,0,0,0,0,0,0,0,0,0,0,0,0,0,0
"13121","5","337122","78","0","2025","4","N",7,0,0,0,0,0,0,0,"N",0.43,0,0,0,0,0,0,0,"N",1,16.7,0,0,0,0,0,0,0,0,0,0,0,0,0,0
"13121","5","337126","78","0","2025","4","",5,27,26,25,651421,11785,77,1927,"",1.23,0.52,0.50,0.48,0.59,0.39,0.21,1.18,"",1,25.0,5,22.7,3,13.0,2,8.7,234044,56.1,-21358,-64.4,-170,-68.8,511,36.1
"13121","5","337127","78","0","2025","4","",9,54,50,51,1469345,26573,264,2188,"",1.74,0.40,0.37,0.38,0.48,0.23,0.19,1.24,"N",3,50.0,0,0,0,0,0,0,0,0,0,0,0,0,0,0
"13121","5","3372","76","0","2025","4","",31,448,448,464,9320342,211941,1910,1582,"",1.01,0.78,0.77,0.79,0.63,0.39,0.25,0.81,"",2,6.9,-45,-9.1,-45,-9.1,-26,-5.3,-330826,-3.4,-126100,-37.3,-435,-18.6,73,4.8
"13121","5","33721","77","0","2025","4","",31,448,448,464,9320342,211941,1910,1582,"",1.01,0.78,0.77,0.79,0.63,0.39,0.25,0.81,"",2,6.9,-45,-9.1,-45,-9.1,-26,-5.3,-330826,-3.4,-126100,-37.3,-435,-18.6,73,4.8
"13121","5","337211","78","0","2025","4","N",3,0,0,0,0,0,0,0,"N",0.81,0,0,0,0,0,0,0,"N",1,50.0,0,0,0,0,0,0,0,0,0,0,0,0,0,0
"13121","5","337212","78","0","2025","4","",17,146,146,147,2624693,85391,1133,1380,"",1.16,0.89,0.89,0.89,0.63,0.47,0.40,0.70,"",0,0.0,-20,-12.0,-21,-12.6,-22,-13.0,-1148982,-30.4,-43354,-33.7,-972,-46.2,-355,-20.5
"13121","5","337214","78","0","2025","4","N",5,0,0,0,0,0,0,0,"N",1.56,0,0,0,0,0,0,0,"N",3,150.0,0,0,0,0,0,0,0,0,0,0,0,0,0,0
"13121","5","337215","78","0","2025","4","",6,82,84,93,2242164,41728,273,1998,"",0.66,0.37,0.38,0.42,0.42,0.20,0.10,1.08,"",-2,-25.0,-57,-41.0,-53,-38.7,-42,-31.1,-508811,-18.5,-77692,-65.1,140,105.3,453,29.3
"13121","5","3379","76","0","2025","4","",9,202,200,201,4841639,140010,804,1853,"",1.22,1.26,1.26,1.27,1.53,0.85,0.51,1.21,"",0,0.0,-44,-17.9,-42,-17.4,-45,-18.3,-458590,-8.7,-48117,-25.6,-4931,-86.0,187,11.2
"13121","5","33791","77","0","2025","4","N",6,0,0,0,0,0,0,0,"N",1.46,0,0,0,0,0,0,0,"N",0,0.0,0,0,0,0,0,0,0,0,0,0,0,0,0,0
"13121","5","337910","78","0","2025","4","N",6,0,0,0,0,0,0,0,"N",1.46,0,0,0,0,0,0,0,"N",0,0.0,0,0,0,0,0,0,0,0,0,0,0,0,0,0
"13121","5","33792","77","0","2025","4","N",3,0,0,0,0,0,0,0,"N",0.91,0,0,0,0,0,0,0,"N",0,0.0,0,0,0,0,0,0,0,0,0,0,0,0,0,0
"13121","5","337920","78","0","2025","4","N",3,0,0,0,0,0,0,0,"N",0.91,0,0,0,0,0,0,0,"N",0,0.0,0,0,0,0,0,0,0,0,0,0,0,0,0,0
"13121","5","339","75","0","2025","4","",344,2265,2259,2247,54464068,1076473,19754,1856,"",1.31,0.62,0.61,0.61,0.53,0.31,0.50,0.86,"",57,19.9,-71,-3.0,-55,-2.4,-78,-3.4,1949578,3.7,-112164,-9.4,-2020,-9.3,119,6.9
"13121","5","3391","76","0","2025","4","",153,1527,1528,1520,38024345,448440,8175,1918,"",1.53,0.78,0.78,0.77,0.63,0.29,0.49,0.81,"",26,20.5,-62,-3.9,-35,-2.2,-39,-2.5,1141118,3.1,-1045,-0.2,-1641,-16.7,111,6.1
"13121","5","33911","77","0","2025","4","",153,1527,1528,1520,38024345,448440,8175,1918,"",1.53,0.78,0.78,0.77,0.63,0.29,0.49,0.81,"",26,20.5,-62,-3.9,-35,-2.2,-39,-2.5,1141118,3.1,-1045,-0.2,-1641,-16.7,111,6.1
"13121","5","339112","78","0","2025","4","",69,454,453,447,14901449,180425,3391,2540,"",2.16,0.54,0.53,0.52,0.53,0.28,0.56,1.01,"",13,23.2,-16,-3.4,0,0.0,-10,-2.2,752462,5.3,-410,-0.2,-992,-22.6,174,7.4
"13121","5","339113","78","0","2025","4","",41,64,63,63,1780107,55258,986,2162,"",1.68,0.10,0.10,0.10,0.08,0.11,0.19,0.84,"",9,28.1,-50,-43.9,-45,-41.7,-42,-40.0,-788345,-30.7,-67879,-55.1,-1325,-57.3,349,19.2
"13121","5","339114","78","0","2025","4","N",9,0,0,0,0,0,0,0,"N",1.41,0,0,0,0,0,0,0,"N",3,50.0,0,0,0,0,0,0,0,0,0,0,0,0,0,0
"13121","5","339115","78","0","2025","4","N",11,0,0,0,0,0,0,0,"N",2.44,0,0,0,0,0,0,0,"N",0,0.0,0,0,0,0,0,0,0,0,0,0,0,0,0,0
"13121","5","339116","78","0","2025","4","",23,51,50,49,944941,13129,109,1454,"",0.70,0.22,0.21,0.21,0.20,0.05,0.04,0.96,"",1,4.5,8,18.6,7,16.3,4,8.9,186233,24.5,-12688,-49.1,-431,-79.8,117,8.8
"13121","5","3399","76","0","2025","4","",191,738,731,727,16439723,628033,11579,1728,"",1.18,0.43,0.42,0.42,0.38,0.32,0.50,0.91,"",31,19.4,-9,-1.2,-20,-2.7,-39,-5.1,808460,5.2,-111119,-15.0,-379,-3.2,135,8.5
"13121","5","33991","77","0","2025","4","N",7,0,0,0,0,0,0,0,"N",0.48,0,0,0,0,0,0,0,"N",-3,-30.0,0,0,0,0,0,0,0,0,0,0,0,0,0,0
"13121","5","339910","78","0","2025","4","N",7,0,0,0,0,0,0,0,"N",0.48,0,0,0,0,0,0,0,"N",-3,-30.0,0,0,0,0,0,0,0,0,0,0,0,0,0,0
"13121","5","33992","77","0","2025","4","",10,42,41,41,826310,36250,552,1538,"",0.64,0.17,0.16,0.16,0.13,0.11,0.18,0.82,"",4,66.7,4,10.5,1,2.5,0,0.0,93782,12.8,3028,9.1,50,10.0,117,8.2
"13121","5","339920","78","0","2025","4","",10,42,41,41,826310,36250,552,1538,"",0.64,0.17,0.16,0.16,0.13,0.11,0.18,0.82,"",4,66.7,4,10.5,1,2.5,0,0.0,93782,12.8,3028,9.1,50,10.0,117,8.2
"13121","5","33993","77","0","2025","4","N",3,0,0,0,0,0,0,0,"N",0.46,0,0,0,0,0,0,0,"N",0,0.0,0,0,0,0,0,0,0,0,0,0,0,0,0,0
"13121","5","339930","78","0","2025","4","N",3,0,0,0,0,0,0,0,"N",0.46,0,0,0,0,0,0,0,"N",0,0.0,0,0,0,0,0,0,0,0,0,0,0,0,0,0
"13121","5","33995","77","0","2025","4","",57,263,254,250,3824462,150581,2867,1151,"",1.08,0.57,0.55,0.54,0.36,0.31,0.50,0.66,"",8,16.3,-2,-0.8,-12,-4.5,-21,-7.7,-210086,-5.2,-23872,-13.7,1408,96.5,-10,-0.9
"13121","5","339950","78","0","2025","4","",57,263,254,250,3824462,150581,2867,1151,"",1.08,0.57,0.55,0.54,0.36,0.31,0.50,0.66,"",8,16.3,-2,-0.8,-12,-4.5,-21,-7.7,-210086,-5.2,-23872,-13.7,1408,96.5,-10,-0.9
"13121","5","33999","77","0","2025","4","",114,282,289,286,7374822,278814,6148,1986,"",1.65,0.37,0.37,0.36,0.38,0.33,0.57,1.03,"",22,23.9,21,8.0,29,11.2,19,7.1,1648871,28.8,-83344,-23.0,-1075,-14.9,309,18.4
"13121","5","339991","78","0","2025","4","N",2,0,0,0,0,0,0,0,"N",0.36,0,0,0,0,0,0,0,"N",-1,-33.3,0,0,0,0,0,0,0,0,0,0,0,0,0,0
"13121","5","339992","78","0","2025","4","N",1,0,0,0,0,0,0,0,"N",0.20,0,0,0,0,0,0,0,"N",0,0.0,0,0,0,0,0,0,0,0,0,0,0,0,0,0
"13121","5","339993","78","0","2025","4","N",1,0,0,0,0,0,0,0,"N",0.78,0,0,0,0,0,0,0,"N",0,0.0,0,0,0,0,0,0,0,0,0,0,0,0,0,0
"13121","5","339994","78","0","2025","4","N",3,0,0,0,0,0,0,0,"N",2.11,0,0,0,0,0,0,0,"N",1,50.0,0,0,0,0,0,0,0,0,0,0,0,0,0,0
"13121","5","339999","78","0","2025","4","",107,240,248,246,5866466,268974,6091,1844,"",1.93,0.53,0.54,0.53,0.49,0.42,0.74,0.92,"",22,25.9,29,13.7,38,18.1,29,13.4,1584760,37.0,-73186,-21.4,-992,-14.0,295,19.0
"13121","5","42","74","0","2025","4","",3335,36624,36653,36739,1224164142,28256749,322256,2568,"",0.77,1.01,1.00,1.00,0.96,0.85,0.82,0.96,"",151,4.7,-300,-0.8,-286,-0.8,-130,-0.4,49763824,4.2,2224174,8.5,55181,20.7,121,4.9
"13121","5","423","75","0","2025","4","",1660,19987,20000,20003,732815821,13226355,165057,2819,"",0.71,0.97,0.97,0.97,0.99,0.75,0.79,1.02,"",134,8.8,156,0.8,176,0.9,191,1.0,29136659,4.1,1844238,16.2,39080,31.0,88,3.2
"13121","5","4231","76","0","2025","4","",130,2704,2706,2709,73542495,1384020,13573,2090,"",0.70,1.23,1.22,1.22,1.25,0.69,0.59,1.02,"",-3,-2.3,-115,-4.1,-97,-3.5,-121,-4.3,1962074,2.7,189132,15.8,-711,-5.0,136,7.0
"13121","5","42311","77","0","2025","4","",56,2182,2180,2182,59700244,817713,7450,2105,"",1.06,2.62,2.61,2.60,2.50,1.08,0.92,0.96,"",-2,-3.4,-84,-3.7,-84,-3.7,-117,-5.1,1580908,2.7,-30065,-3.5,-479,-6.0,141,7.2
"13121","5","423110","78","0","2025","4","",56,2182,2180,2182,59700244,817713,7450,2105,"",1.06,2.62,2.61,2.60,2.50,1.08,0.92,0.96,"",-2,-3.4,-84,-3.7,-84,-3.7,-117,-5.1,1580908,2.7,-30065,-3.5,-479,-6.0,141,7.2
"13121","5","42312","77","0","2025","4","",57,455,458,458,12271981,498555,5404,2066,"",0.57,0.44,0.44,0.44,0.45,0.55,0.50,1.04,"",-2,-3.4,-20,-4.2,-3,-0.7,4,0.9,396749,3.3,215212,76.0,-74,-1.4,94,4.8
"13121","5","423120","78","0","2025","4","",57,455,458,458,12271981,498555,5404,2066,"",0.57,0.44,0.44,0.44,0.45,0.55,0.50,1.04,"",-2,-3.4,-20,-4.2,-3,-0.7,4,0.9,396749,3.3,215212,76.0,-74,-1.4,94,4.8
"13121","5","42313","77","0","2025","4","",11,55,56,56,1393360,57894,531,1925,"",0.64,0.27,0.27,0.27,0.26,0.29,0.23,0.97,"",0,0.0,-7,-11.3,-7,-11.1,-6,-9.7,20142,1.5,7943,15.9,-87,-14.1,230,13.6
"13121","5","423130","78","0","2025","4","",11,55,56,56,1393360,57894,531,1925,"",0.64,0.27,0.27,0.27,0.26,0.29,0.23,0.97,"",0,0.0,-7,-11.3,-7,-11.1,-6,-9.7,20142,1.5,7943,15.9,-87,-14.1,230,13.6
"13121","5","42314","77","0","2025","4","",6,12,12,13,176910,9858,188,1103,"",0.42,0.09,0.09,0.10,0.07,0.06,0.12,0.70,"",1,20.0,-4,-25.0,-3,-20.0,-2,-13.3,-35725,-16.8,-3958,-28.6,-71,-27.4,36,3.4
"13121","5","423140","78","0","2025","4","",6,12,12,13,176910,9858,188,1103,"",0.42,0.09,0.09,0.10,0.07,0.06,0.12,0.70,"",1,20.0,-4,-25.0,-3,-20.0,-2,-13.3,-35725,-16.8,-3958,-28.6,-71,-27.4,36,3.4
"13121","5","4232","76","0","2025","4","",167,963,956,967,21039494,1127449,21378,1682,"",1.82,1.51,1.50,1.51,1.13,1.81,2.52,0.75,"",9,5.7,-4,-0.4,-21,-2.1,-9,-0.9,375661,1.8,268262,31.2,6220,41.0,49,3.0
"13121","5","42321","77","0","2025","4","",91,633,619,626,14129928,504285,6697,1736,"",2.14,2.20,2.15,2.16,1.61,1.79,1.79,0.74,"",10,12.3,-20,-3.1,-41,-6.2,-25,-3.8,256706,1.9,-98144,-16.3,-4535,-40.4,106,6.5
"13121","5","423210","78","0","2025","4","",91,633,619,626,14129928,504285,6697,1736,"",2.14,2.20,2.15,2.16,1.61,1.79,1.79,0.74,"",10,12.3,-20,-3.1,-41,-6.2,-25,-3.8,256706,1.9,-98144,-16.3,-4535,-40.4,106,6.5
"13121","5","42322","77","0","2025","4","",76,330,337,341,6909566,623164,14681,1582,"",1.55,0.94,0.96,0.97,0.70,1.83,3.11,0.73,"",-1,-1.3,16,5.1,20,6.3,16,4.9,118955,1.8,366406,142.7,10755,273.9,-57,-3.5
"13121","5","423220","78","0","2025","4","",76,330,337,341,6909566,623164,14681,1582,"",1.55,0.94,0.96,0.97,0.70,1.83,3.11,0.73,"",-1,-1.3,16,5.1,20,6.3,16,4.9,118955,1.8,366406,142.7,10755,273.9,-57,-3.5
"13121","5","4233","76","0","2025","4","",132,1302,1320,1304,33002252,1043757,13896,1940,"",0.73,0.81,0.82,0.81,0.70,0.63,0.67,0.86,"",17,14.8,34,2.7,36,2.8,37,2.9,1107098,3.5,-5535,-0.5,862,6.6,13,0.7
"13121","5","42331","77","0","2025","4","",42,300,305,307,7926246,202117,2631,2006,"",0.62,0.44,0.44,0.45,0.40,0.26,0.32,0.90,"",11,35.5,-13,-4.2,-9,-2.9,-5,-1.6,-1130698,-12.5,-5009,-2.4,1315,99.9,-220,-9.9
"13121","5","423310","78","0","2025","4","",42,300,305,307,7926246,202117,2631,2006,"",0.62,0.44,0.44,0.45,0.40,0.26,0.32,0.90,"",11,35.5,-13,-4.2,-9,-2.9,-5,-1.6,-1130698,-12.5,-5009,-2.4,1315,99.9,-220,-9.9
"13121","5","42332","77","0","2025","4","",22,477,489,476,9571039,430435,5561,1532,"",0.48,1.19,1.22,1.19,0.85,1.18,1.04,0.71,"",-1,-4.3,13,2.8,24,5.2,17,3.7,676994,7.6,15458,3.7,1103,24.7,53,3.6
"13121","5","423320","78","0","2025","4","",22,477,489,476,9571039,430435,5561,1532,"",0.48,1.19,1.22,1.19,0.85,1.18,1.04,0.71,"",-1,-4.3,13,2.8,24,5.2,17,3.7,676994,7.6,15458,3.7,1103,24.7,53,3.6
"13121","5","42333","77","0","2025","4","",20,355,349,351,10876086,226255,1651,2379,"",0.67,1.24,1.22,1.23,1.27,0.97,0.50,1.03,"",-3,-13.0,14,4.1,5,1.5,3,0.9,770892,7.6,32596,16.8,-63,-3.7,122,5.4
"13121","5","423330","78","0","2025","4","",20,355,349,351,10876086,226255,1651,2379,"",0.67,1.24,1.22,1.23,1.27,0.97,0.50,1.03,"",-3,-13.0,14,4.1,5,1.5,3,0.9,770892,7.6,32596,16.8,-63,-3.7,122,5.4
"13121","5","42339","77","0","2025","4","",48,170,177,170,4628881,184950,4053,2066,"",1.25,0.74,0.77,0.74,0.63,0.65,1.06,0.84,"",10,26.3,20,13.3,16,9.9,22,14.9,789910,20.6,-48580,-20.8,-1493,-26.9,136,7.0
"13121","5","423390","78","0","2025","4","",48,170,177,170,4628881,184950,4053,2066,"",1.25,0.74,0.77,0.74,0.63,0.65,1.06,0.84,"",10,26.3,20,13.3,16,9.9,22,14.9,789910,20.6,-48580,-20.8,-1493,-26.9,136,7.0
"13121","5","4234","76","0","2025","4","",358,7770,7769,7754,357350125,4638748,56522,3540,"",0.72,1.73,1.73,1.71,1.68,1.38,1.28,0.97,"",7,2.0,-146,-1.8,-102,-1.3,-116,-1.5,-10805742,-2.9,1068088,29.9,17928,46.5,-51,-1.4
"13121","5","42341","77","0","2025","4","",13,204,205,200,6133526,31153,337,2324,"",1.54,3.15,3.13,3.05,2.21,0.61,0.41,0.71,"",1,8.3,-11,-5.1,-9,-4.2,-13,-6.1,410580,7.2,-109276,-77.8,-2719,-89.0,267,13.0
"13121","5","423410","78","0","2025","4","",13,204,205,200,6133526,31153,337,2324,"",1.54,3.15,3.13,3.05,2.21,0.61,0.41,0.71,"",1,8.3,-11,-5.1,-9,-4.2,-13,-6.1,410580,7.2,-109276,-77.8,-2719,-89.0,267,13.0
"13121","5","42342","77","0","2025","4","",18,77,77,77,1690118,93658,978,1688,"",0.47,0.20,0.20,0.20,0.15,0.28,0.24,0.76,"",1,5.9,-2,-2.5,-5,-6.1,0,0.0,22799,1.4,-14122,-13.1,-813,-45.4,71,4.4
"13121","5","423420","78","0","2025","4","",18,77,77,77,1690118,93658,978,1688,"",0.47,0.20,0.20,0.20,0.15,0.28,0.24,0.76,"",1,5.9,-2,-2.5,-5,-6.1,0,0.0,22799,1.4,-14122,-13.1,-813,-45.4,71,4.4
"13121","5","42343","77","0","2025","4","",109,5361,5341,5339,257918889,2958714,37752,3710,"",0.97,3.97,3.95,3.93,2.95,3.75,3.06,0.75,"",-4,-3.5,-214,-3.8,-157,-2.9,-177,-3.2,-15677859,-5.7,1076784,57.2,25032,196.8,-96,-2.5
"13121","5","423430","78","0","2025","4","",109,5361,5341,5339,257918889,2958714,37752,3710,"",0.97,3.97,3.95,3.93,2.95,3.75,3.06,0.75,"",-4,-3.5,-214,-3.8,-157,-2.9,-177,-3.2,-15677859,-5.7,1076784,57.2,25032,196.8,-96,-2.5
"13121","5","42344","77","0","2025","4","",30,109,117,112,4529714,161723,3731,3093,"",0.66,0.31,0.33,0.32,0.45,0.52,0.97,1.40,"",4,15.4,-19,-14.8,-12,-9.3,-14,-11.1,287907,6.8,69181,74.8,1631,77.7,537,21.0
"13121","5","423440","78","0","2025","4","",30,109,117,112,4529714,161723,3731,3093,"",0.66,0.31,0.33,0.32,0.45,0.52,0.97,1.40,"",4,15.4,-19,-14.8,-12,-9.3,-14,-11.1,287907,6.8,69181,74.8,1631,77.7,537,21.0
"13121","5","42345","77","0","2025","4","",150,1857,1864,1874,79202448,1295667,12884,3267,"",0.61,0.93,0.93,0.93,0.90,0.83,0.66,0.96,"",0,0.0,98,5.6,79,4.4,97,5.5,3358320,4.4,10391,0.8,-5201,-28.8,-22,-0.7
"13121","5","423450","78","0","2025","4","",150,1857,1864,1874,79202448,1295667,12884,3267,"",0.61,0.93,0.93,0.93,0.90,0.83,0.66,0.96,"",0,0.0,98,5.6,79,4.4,97,5.5,3358320,4.4,10391,0.8,-5201,-28.8,-22,-0.7
"13121","5","42346","77","0","2025","4","",11,18,18,17,755055,13264,285,3288,"",0.69,0.15,0.15,0.14,0.14,0.10,0.20,0.97,"",2,22.2,-3,-14.3,-5,-21.7,-6,-26.1,-7849,-1.0,-12025,-47.6,209,275.0,660,25.1
"13121","5","423460","78","0","2025","4","",11,18,18,17,755055,13264,285,3288,"",0.69,0.15,0.15,0.14,0.14,0.10,0.20,0.97,"",2,22.2,-3,-14.3,-5,-21.7,-6,-26.1,-7849,-1.0,-12025,-47.6,209,275.0,660,25.1
"13121","5","42349","77","0","2025","4","",27,144,147,135,7120375,84569,555,3857,"",0.81,0.65,0.66,0.60,0.87,0.48,0.27,1.36,"",3,12.5,5,3.6,7,5.0,-3,-2.2,800360,12.7,47155,126.0,-211,-27.5,359,10.3
"13121","5","423490","78","0","2025","4","",27,144,147,135,7120375,84569,555,3857,"",0.81,0.65,0.66,0.60,0.87,0.48,0.27,1.36,"",3,12.5,5,3.6,7,5.0,-3,-2.2,800360,12.7,47155,126.0,-211,-27.5,359,10.3
"13121","5","4235","76","0","2025","4","",37,478,483,481,13635925,246762,1107,2182,"",0.47,0.59,0.59,0.58,0.50,0.35,0.13,0.85,"",0,0.0,-64,-11.8,-63,-11.5,-37,-7.1,-919041,-6.3,-124911,-33.6,-4200,-79.1,91,4.4
"13121","5","42351","77","0","2025","4","N",35,0,0,0,0,0,0,0,"N",0.46,0,0,0,0,0,0,0,"N",-1,-2.8,0,0,0,0,0,0,0,0,0,0,0,0,0,0
"13121","5","423510","78","0","2025","4","N",35,0,0,0,0,0,0,0,"N",0.46,0,0,0,0,0,0,0,"N",-1,-2.8,0,0,0,0,0,0,0,0,0,0,0,0,0,0
"13121","5","42352","77","0","2025","4","N",2,0,0,0,0,0,0,0,"N",0.61,0,0,0,0,0,0,0,"N",1,100.0,0,0,0,0,0,0,0,0,0,0,0,0,0,0
"13121","5","423520","78","0","2025","4","N",2,0,0,0,0,0,0,0,"N",0.61,0,0,0,0,0,0,0,"N",1,100.0,0,0,0,0,0,0,0,0,0,0,0,0,0,0
"13121","5","4236","76","0","2025","4","",192,1992,1974,1999,71650334,1322546,15374,2772,"",0.71,0.88,0.86,0.87,0.79,0.73,0.70,0.91,"",26,15.7,358,21.9,307,18.4,307,18.1,18854487,35.7,1385,0.1,4914,47.0,332,13.6
"13121","5","42361","77","0","2025","4","",82,807,801,829,23524529,702480,10706,2228,"",0.61,0.65,0.64,0.66,0.52,0.69,0.94,0.81,"",12,17.1,93,13.0,74,10.2,87,11.7,1654901,7.6,242614,52.8,6066,130.7,-84,-3.6
"13121","5","423610","78","0","2025","4","",82,807,801,829,23524529,702480,10706,2228,"",0.61,0.65,0.64,0.66,0.52,0.69,0.94,0.81,"",12,17.1,93,13.0,74,10.2,87,11.7,1654901,7.6,242614,52.8,6066,130.7,-84,-3.6
"13121","5","42362","77","0","2025","4","",27,308,307,303,10313549,201178,1658,2593,"",0.82,1.48,1.48,1.45,1.35,1.20,0.63,0.92,"",9,50.0,91,41.9,70,29.5,53,21.2,1966186,23.6,-202215,-50.1,20,1.2,-143,-5.2
"13121","5","423620","78","0","2025","4","",27,308,307,303,10313549,201178,1658,2593,"",0.82,1.48,1.48,1.45,1.35,1.20,0.63,0.92,"",9,50.0,91,41.9,70,29.5,53,21.2,1966186,23.6,-202215,-50.1,20,1.2,-143,-5.2
"13121","5","42369","77","0","2025","4","",83,877,866,867,37812256,418888,3010,3343,"",0.79,1.06,1.05,1.04,0.99,0.68,0.39,0.94,"",5,6.4,174,24.8,163,23.2,167,23.9,15233400,67.5,-39014,-8.5,-1172,-28.0,869,35.1
"13121","5","423690","78","0","2025","4","",83,877,866,867,37812256,418888,3010,3343,"",0.79,1.06,1.05,1.04,0.99,0.68,0.39,0.94,"",5,6.4,174,24.8,163,23.2,167,23.9,15233400,67.5,-39014,-8.5,-1172,-28.0,869,35.1
"13121","5","4237","76","0","2025","4","",103,1105,1108,1111,47936092,701431,7516,3328,"",0.53,0.58,0.58,0.58,0.75,0.42,0.43,1.29,"",13,14.4,-12,-1.1,-9,-0.8,-15,-1.3,4127836,9.4,19198,2.8,1766,30.7,319,10.6
"13121","5","42371","77","0","2025","4","",35,169,175,177,4625452,147657,1306,2049,"",0.62,0.31,0.32,0.32,0.29,0.30,0.27,0.91,"",6,20.7,-12,-6.6,-12,-6.4,-12,-6.3,187320,4.2,-9511,-6.1,-1133,-46.5,210,11.4
"13121","5","423710","78","0","2025","4","",35,169,175,177,4625452,147657,1306,2049,"",0.62,0.31,0.32,0.32,0.29,0.30,0.27,0.91,"",6,20.7,-12,-6.6,-12,-6.4,-12,-6.3,187320,4.2,-9511,-6.1,-1133,-46.5,210,11.4
"13121","5","42372","77","0","2025","4","",35,515,515,510,25783406,325331,2880,3864,"",0.48,0.70,0.69,0.68,1.04,0.46,0.40,1.50,"",0,0.0,-33,-6.0,-23,-4.3,-30,-5.6,2695200,11.7,82475,34.0,1015,54.4,587,17.9
"13121","5","423720","78","0","2025","4","",35,515,515,510,25783406,325331,2880,3864,"",0.48,0.70,0.69,0.68,1.04,0.46,0.40,1.50,"",0,0.0,-33,-6.0,-23,-4.3,-30,-5.6,2695200,11.7,82475,34.0,1015,54.4,587,17.9
"13121","5","42373","77","0","2025","4","",25,404,402,408,17210206,218961,3129,3271,"",0.48,0.77,0.77,0.78,0.86,0.51,0.66,1.11,"",4,19.0,33,8.9,26,6.9,28,7.4,1180847,7.4,-60077,-21.5,1701,119.1,-11,-0.3
"13121","5","423730","78","0","2025","4","",25,404,402,408,17210206,218961,3129,3271,"",0.48,0.77,0.77,0.78,0.86,0.51,0.66,1.11,"",4,19.0,33,8.9,26,6.9,28,7.4,1180847,7.4,-60077,-21.5,1701,119.1,-11,-0.3
"13121","5","42374","77","0","2025","4","",8,17,16,16,317028,9482,201,1493,"",0.66,0.18,0.17,0.17,0.10,0.15,0.28,0.60,"",3,60.0,0,0.0,0,0.0,-1,-5.9,64469,25.5,6311,199.0,183,1016.7,327,28.0
"13121","5","423740","78","0","2025","4","",8,17,16,16,317028,9482,201,1493,"",0.66,0.18,0.17,0.17,0.10,0.15,0.28,0.60,"",3,60.0,0,0.0,0,0.0,-1,-5.9,64469,25.5,6311,199.0,183,1016.7,327,28.0
"13121","5","4238","76","0","2025","4","",256,2077,2064,2060,64299097,1450204,19503,2393,"",0.48,0.44,0.44,0.44,0.40,0.37,0.47,0.90,"",28,12.3,203,10.8,198,10.6,196,10.5,11138174,21.0,449612,44.9,7376,60.8,204,9.3
"13121","5","42381","77","0","2025","4","",15,127,126,124,3846432,72162,773,2354,"",0.36,0.19,0.19,0.19,0.17,0.13,0.13,0.88,"",0,0.0,4,3.3,-2,-1.6,-6,-4.6,-313000,-7.5,-51045,-41.4,-822,-51.5,-165,-6.6
"13121","5","423810","78","0","2025","4","",15,127,126,124,3846432,72162,773,2354,"",0.36,0.19,0.19,0.19,0.17,0.13,0.13,0.88,"",0,0.0,4,3.3,-2,-1.6,-6,-4.6,-313000,-7.5,-51045,-41.4,-822,-51.5,-165,-6.6
"13121","5","42382","77","0","2025","4","",11,9,9,10,333067,23187,441,2745,"",0.17,0.01,0.01,0.01,0.02,0.04,0.09,1.11,"",1,10.0,2,28.6,2,28.6,2,25.0,117171,54.3,2100,10.0,-24,-5.2,480,21.2
"13121","5","423820","78","0","2025","4","",11,9,9,10,333067,23187,441,2745,"",0.17,0.01,0.01,0.01,0.02,0.04,0.09,1.11,"",1,10.0,2,28.6,2,28.6,2,25.0,117171,54.3,2100,10.0,-24,-5.2,480,21.2
"13121","5","42383","77","0","2025","4","",126,1280,1273,1268,37105444,834112,12598,2241,"",0.49,0.62,0.61,0.61,0.50,0.53,0.72,0.82,"",17,15.6,80,6.7,78,6.5,77,6.5,6515860,21.3,292052,53.9,5320,73.1,272,13.8
"13121","5","423830","78","0","2025","4","",126,1280,1273,1268,37105444,834112,12598,2241,"",0.49,0.62,0.61,0.61,0.50,0.53,0.72,0.82,"",17,15.6,80,6.7,78,6.5,77,6.5,6515860,21.3,292052,53.9,5320,73.1,272,13.8
"13121","5","42384","77","0","2025","4","",59,365,355,351,14251101,179135,1402,3071,"",0.62,0.56,0.54,0.53,0.63,0.30,0.21,1.15,"",6,11.3,49,15.5,43,13.8,37,11.8,2278718,19.0,54842,44.1,176,14.4,138,4.7
"13121","5","423840","78","0","2025","4","",59,365,355,351,14251101,179135,1402,3071,"",0.62,0.56,0.54,0.53,0.63,0.30,0.21,1.15,"",6,11.3,49,15.5,43,13.8,37,11.8,2278718,19.0,54842,44.1,176,14.4,138,4.7
"13121","5","42385","77","0","2025","4","",26,157,158,161,3717173,155710,1756,1802,"",0.56,0.45,0.45,0.46,0.37,0.44,0.46,0.82,"",2,8.3,-13,-7.6,-9,-5.4,-3,-1.8,85045,2.3,9062,6.2,424,31.8,129,7.7
"13121","5","423850","78","0","2025","4","",26,157,158,161,3717173,155710,1756,1802,"",0.56,0.45,0.45,0.46,0.37,0.44,0.46,0.82,"",2,8.3,-13,-7.6,-9,-5.4,-3,-1.8,85045,2.3,9062,6.2,424,31.8,129,7.7
"13121","5","42386","77","0","2025","4","",19,139,143,146,5045880,185898,2533,2721,"",0.55,0.53,0.54,0.54,0.47,0.91,1.06,0.88,"",2,11.8,81,139.7,86,150.9,89,156.1,2454380,94.7,142601,329.4,2302,996.5,-756,-21.7
"13121","5","423860","78","0","2025","4","",19,139,143,146,5045880,185898,2533,2721,"",0.55,0.53,0.54,0.54,0.47,0.91,1.06,0.88,"",2,11.8,81,139.7,86,150.9,89,156.1,2454380,94.7,142601,329.4,2302,996.5,-756,-21.7
"13121","5","4239","76","0","2025","4","",285,1596,1620,1618,50360007,1311438,16188,2404,"",0.93,0.83,0.84,0.83,0.91,0.67,0.67,1.09,"",37,14.9,-98,-5.8,-73,-4.3,-51,-3.1,3296112,7.0,-20993,-1.6,4925,43.7,256,11.9
"13121","5","42391","77","0","2025","4","",34,196,196,199,5471202,141874,752,2136,"",0.54,0.51,0.51,0.51,0.53,0.37,0.16,1.03,"",12,54.5,-36,-15.5,-33,-14.4,-32,-13.9,-331719,-5.7,20281,16.7,-97,-11.4,201,10.4
"13121","5","423910","78","0","2025","4","",34,196,196,199,5471202,141874,752,2136,"",0.54,0.51,0.51,0.51,0.53,0.37,0.16,1.03,"",12,54.5,-36,-15.5,-33,-14.4,-32,-13.9,-331719,-5.7,20281,16.7,-97,-11.4,201,10.4
"13121","5","42392","77","0","2025","4","",19,52,64,71,1430389,148089,2193,1765,"",0.84,0.35,0.43,0.47,0.26,1.02,1.12,0.63,"",6,46.2,2,4.0,10,18.5,8,12.7,380431,36.2,68579,86.3,1211,123.3,314,21.6
"13121","5","423920","78","0","2025","4","",19,52,64,71,1430389,148089,2193,1765,"",0.84,0.35,0.43,0.47,0.26,1.02,1.12,0.63,"",6,46.2,2,4.0,10,18.5,8,12.7,380431,36.2,68579,86.3,1211,123.3,314,21.6
"13121","5","42393","77","0","2025","4","",51,839,844,837,31387575,551317,8336,2874,"",0.94,1.39,1.39,1.37,2.05,0.93,1.31,1.48,"",2,4.1,-49,-5.5,-41,-4.6,-43,-4.9,2973698,10.5,-182863,-24.9,3055,57.8,402,16.3
"13121","5","423930","78","0","2025","4","",51,839,844,837,31387575,551317,8336,2874,"",0.94,1.39,1.39,1.37,2.05,0.93,1.31,1.48,"",2,4.1,-49,-5.5,-41,-4.6,-43,-4.9,2973698,10.5,-182863,-24.9,3055,57.8,402,16.3
"13121","5","42394","77","0","2025","4","",94,377,379,381,7286779,298551,2294,1479,"",1.82,1.72,1.71,1.70,1.11,1.31,0.67,0.65,"",0,0.0,-6,-1.6,-5,-1.3,20,5.5,-11012,-0.2,31690,11.9,231,11.2,-14,-0.9
"13121","5","423940","78","0","2025","4","",94,377,379,381,7286779,298551,2294,1479,"",1.82,1.72,1.71,1.70,1.11,1.31,0.67,0.65,"",0,0.0,-6,-1.6,-5,-1.3,20,5.5,-11012,-0.2,31690,11.9,231,11.2,-14,-0.9
"13121","5","42399","77","0","2025","4","",87,132,137,130,4784062,171607,2613,2767,"",0.77,0.24,0.24,0.23,0.27,0.29,0.35,1.15,"",17,24.3,-9,-6.4,-4,-2.8,-4,-3.0,284714,6.3,41320,31.7,525,25.1,271,10.9
"13121","5","423990","78","0","2025","4","",87,132,137,130,4784062,171607,2613,2767,"",0.77,0.24,0.24,0.23,0.27,0.29,0.35,1.15,"",17,24.3,-9,-6.4,-4,-2.8,-4,-3.0,284714,6.3,41320,31.7,525,25.1,271,10.9
"13121","5","424","75","0","2025","4","",800,11765,11752,11847,312190648,10252145,96596,2037,"",0.64,0.89,0.89,0.89,0.76,0.77,0.62,0.85,"",85,11.9,-310,-2.6,-356,-2.9,-202,-1.7,13301739,4.5,-153352,-1.5,5197,5.7,133,7.0
"13121","5","4241","76","0","2025","4","",58,778,775,754,21488228,584520,5405,2149,"",0.90,1.15,1.14,1.11,1.06,1.00,0.79,0.94,"",4,7.4,30,4.0,28,3.7,42,5.9,651548,3.1,144143,32.7,710,15.1,-30,-1.4
"13121","5","42411","77","0","2025","4","",8,27,31,30,716152,50735,1331,1878,"",0.92,0.41,0.47,0.46,0.30,0.96,2.16,0.67,"",1,14.3,2,8.0,7,29.2,6,25.0,-340857,-32.2,21862,75.7,588,79.1,-1463,-43.8
"13121","5","424110","78","0","2025","4","",8,27,31,30,716152,50735,1331,1878,"",0.92,0.41,0.47,0.46,0.30,0.96,2.16,0.67,"",1,14.3,2,8.0,7,29.2,6,25.0,-340857,-32.2,21862,75.7,588,79.1,-1463,-43.8
"13121","5","42412","77","0","2025","4","",17,80,80,85,1315601,84713,1150,1239,"",0.79,0.36,0.36,0.38,0.28,0.44,0.54,0.76,"",2,13.3,-10,-11.1,-7,-8.0,-1,-1.2,73087,5.9,13964,19.7,129,12.6,149,13.7
"13121","5","424120","78","0","2025","4","",17,80,80,85,1315601,84713,1150,1239,"",0.79,0.36,0.36,0.38,0.28,0.44,0.54,0.76,"",2,13.3,-10,-11.1,-7,-8.0,-1,-1.2,73087,5.9,13964,19.7,129,12.6,149,13.7
"13121","5","42413","77","0","2025","4","",33,671,664,639,19456475,449072,2924,2275,"",0.97,1.72,1.70,1.63,1.48,1.32,0.71,0.88,"",1,3.1,38,6.0,28,4.4,37,6.1,919318,5.0,108317,31.8,-7,-0.2,-11,-0.5
"13121","5","424130","78","0","2025","4","",33,671,664,639,19456475,449072,2924,2275,"",0.97,1.72,1.70,1.63,1.48,1.32,0.71,0.88,"",1,3.1,38,6.0,28,4.4,37,6.1,919318,5.0,108317,31.8,-7,-0.2,-11,-0.5
"13121","5","4242","76","0","2025","4","",77,987,990,1006,48591076,509873,3835,3759,"",0.49,0.63,0.63,0.63,0.59,0.42,0.23,0.94,"",12,18.5,1,0.1,-8,-0.8,7,0.7,3014948,6.6,130456,34.4,-102,-2.6,233,6.6
"13121","5","42421","77","0","2025","4","",77,987,990,1006,48591076,509873,3835,3759,"",0.49,0.63,0.63,0.63,0.59,0.42,0.23,0.94,"",12,18.5,1,0.1,-8,-0.8,7,0.7,3014948,6.6,130456,34.4,-102,-2.6,233,6.6
"13121","5","424210","78","0","2025","4","",77,987,990,1006,48591076,509873,3835,3759,"",0.49,0.63,0.63,0.63,0.59,0.42,0.23,0.94,"",12,18.5,1,0.1,-8,-0.8,7,0.7,3014948,6.6,130456,34.4,-102,-2.6,233,6.6
"13121","5","4243","76","0","2025","4","",118,855,843,840,21346115,469790,5472,1941,"",1.03,1.05,1.03,1.02,0.84,0.55,0.43,0.81,"",9,8.3,-69,-7.5,-65,-7.2,-53,-5.9,1524994,7.7,-253042,-35.0,-3473,-38.8,262,15.6
"13121","5","42431","77","0","2025","4","",25,137,136,134,3440198,58152,734,1951,"",0.98,1.10,1.08,1.07,1.02,0.46,0.48,0.94,"",1,4.2,-1,-0.7,1,0.7,-8,-5.6,477264,16.1,14168,32.2,41,5.9,303,18.4
"13121","5","424310","78","0","2025","4","",25,137,136,134,3440198,58152,734,1951,"",0.98,1.10,1.08,1.07,1.02,0.46,0.48,0.94,"",1,4.2,-1,-0.7,1,0.7,-8,-5.6,477264,16.1,14168,32.2,41,5.9,303,18.4
"13121","5","42434","77","0","2025","4","",4,4,3,4,116744,0,0,2449,"",0.31,0.03,0.02,0.03,0.03,0.00,0.00,1.03,"",0,0.0,1,33.3,0,0.0,0,0.0,45529,63.9,-12817,-100.0,-346,-100.0,806,49.1
"13121","5","424340","78","0","2025","4","",4,4,3,4,116744,0,0,2449,"",0.31,0.03,0.02,0.03,0.03,0.00,0.00,1.03,"",0,0.0,1,33.3,0,0.0,0,0.0,45529,63.9,-12817,-100.0,-346,-100.0,806,49.1
"13121","5","42435","77","0","2025","4","",89,714,704,702,17789173,411638,4738,1936,"",1.17,1.28,1.25,1.24,0.99,0.67,0.50,0.79,"",8,9.9,-69,-8.8,-66,-8.6,-45,-6.0,1002201,6.0,-254393,-38.2,-3168,-40.1,252,15.0
"13121","5","424350","78","0","2025","4","",89,714,704,702,17789173,411638,4738,1936,"",1.17,1.28,1.25,1.24,0.99,0.67,0.50,0.79,"",8,9.9,-69,-8.8,-66,-8.6,-45,-6.0,1002201,6.0,-254393,-38.2,-3168,-40.1,252,15.0
"13121","5","4244","76","0","2025","4","",203,5193,5161,5256,121872854,5776866,54712,1802,"",0.59,1.04,1.03,1.04,0.91,1.04,0.84,0.88,"",23,12.8,-30,-0.6,-85,-1.6,2,0.0,5294078,4.5,-111752,-1.9,6823,14.2,91,5.3
"13121","5","42441","77","0","2025","4","",34,1925,1926,1955,51485449,2062797,16742,2046,"",0.55,1.23,1.23,1.24,1.26,1.18,0.81,1.02,"",3,9.7,-174,-8.3,-179,-8.5,-166,-7.8,22328,0.0,-366038,-15.1,-5701,-25.4,168,8.9
"13121","5","424410","78","0","2025","4","",34,1925,1926,1955,51485449,2062797,16742,2046,"",0.55,1.23,1.23,1.24,1.26,1.18,0.81,1.02,"",3,9.7,-174,-8.3,-179,-8.5,-166,-7.8,22328,0.0,-366038,-15.1,-5701,-25.4,168,8.9
"13121","5","42442","77","0","2025","4","",16,476,466,509,11299929,479140,5410,1797,"",0.82,2.19,2.14,2.31,1.80,2.03,1.79,0.82,"",3,23.1,27,6.0,13,2.9,64,14.4,820930,7.8,135081,39.3,2477,84.5,2,0.1
"13121","5","424420","78","0","2025","4","",16,476,466,509,11299929,479140,5410,1797,"",0.82,2.19,2.14,2.31,1.80,2.03,1.79,0.82,"",3,23.1,27,6.0,13,2.9,64,14.4,820930,7.8,135081,39.3,2477,84.5,2,0.1
"13121","5","42443","77","0","2025","4","",6,67,68,70,1117005,69078,878,1257,"",0.34,0.32,0.32,0.33,0.19,0.36,0.35,0.59,"",0,0.0,-6,-8.2,-2,-2.9,-2,-2.8,116341,11.6,-369,-0.5,535,156.0,183,17.0
"13121","5","424430","78","0","2025","4","",6,67,68,70,1117005,69078,878,1257,"",0.34,0.32,0.32,0.33,0.19,0.36,0.35,0.59,"",0,0.0,-6,-8.2,-2,-2.9,-2,-2.8,116341,11.6,-369,-0.5,535,156.0,183,17.0
"13121","5","42444","77","0","2025","4","",5,32,33,33,925294,38328,589,2179,"",0.96,0.39,0.39,0.39,0.40,0.38,0.51,1.03,"",0,0.0,-2,-5.9,-1,-2.9,-1,-2.9,222408,31.6,970,2.6,123,26.4,589,37.0
"13121","5","424440","78","0","2025","4","",5,32,33,33,925294,38328,589,2179,"",0.96,0.39,0.39,0.39,0.40,0.38,0.51,1.03,"",0,0.0,-2,-5.9,-1,-2.9,-1,-2.9,222408,31.6,970,2.6,123,26.4,589,37.0
"13121","5","42445","77","0","2025","4","N",17,0,0,0,0,0,0,0,"N",0.64,0,0,0,0,0,0,0,"N",2,13.3,0,0,0,0,0,0,0,0,0,0,0,0,0,0
"13121","5","424450","78","0","2025","4","N",17,0,0,0,0,0,0,0,"N",0.64,0,0,0,0,0,0,0,"N",2,13.3,0,0,0,0,0,0,0,0,0,0,0,0,0,0
"13121","5","42446","77","0","2025","4","N",12,0,0,0,0,0,0,0,"N",0.63,0,0,0,0,0,0,0,"N",2,20.0,0,0,0,0,0,0,0,0,0,0,0,0,0,0
"13121","5","424460","78","0","2025","4","N",12,0,0,0,0,0,0,0,"N",0.63,0,0,0,0,0,0,0,"N",2,20.0,0,0,0,0,0,0,0,0,0,0,0,0,0,0
"13121","5","42447","77","0","2025","4","",15,908,909,912,20407053,983999,9475,1726,"",0.69,3.05,3.03,3.02,2.44,3.09,2.50,0.80,"",0,0.0,43,5.0,49,5.7,46,5.3,1604896,8.5,300646,44.0,6874,264.3,51,3.0
"13121","5","424470","78","0","2025","4","",15,908,909,912,20407053,983999,9475,1726,"",0.69,3.05,3.03,3.02,2.44,3.09,2.50,0.80,"",0,0.0,43,5.0,49,5.7,46,5.3,1604896,8.5,300646,44.0,6874,264.3,51,3.0
"13121","5","42448","77","0","2025","4","",21,642,645,646,12879934,975659,6558,1538,"",0.56,1.08,1.08,1.08,0.87,1.24,0.69,0.80,"",5,31.2,65,11.3,32,5.2,35,5.7,1587484,14.1,-245898,-20.1,-1349,-17.1,91,6.3
"13121","5","424480","78","0","2025","4","",21,642,645,646,12879934,975659,6558,1538,"",0.56,1.08,1.08,1.08,0.87,1.24,0.69,0.80,"",5,31.2,65,11.3,32,5.2,35,5.7,1587484,14.1,-245898,-20.1,-1349,-17.1,91,6.3
"13121","5","42449","77","0","2025","4","",77,922,889,904,18514353,993247,13639,1574,"",0.57,0.62,0.59,0.60,0.46,0.61,0.75,0.76,"",8,11.6,59,6.8,38,4.5,61,7.2,1325718,7.7,66405,7.2,3921,40.3,23,1.5
"13121","5","424490","78","0","2025","4","",77,922,889,904,18514353,993247,13639,1574,"",0.57,0.62,0.59,0.60,0.46,0.61,0.75,0.76,"",8,11.6,59,6.8,38,4.5,61,7.2,1325718,7.7,66405,7.2,3921,40.3,23,1.5
"13121","5","4245","76","0","2025","4","",14,17,21,18,787156,21375,577,3244,"",0.28,0.04,0.05,0.04,0.08,0.04,0.12,1.84,"",3,27.3,0,0.0,4,23.5,-1,-5.3,80546,11.4,-779,-3.5,-21,-3.5,167,5.4
"13121","5","42451","77","0","2025","4","",6,11,15,13,577644,21375,577,3418,"",0.23,0.04,0.06,0.05,0.08,0.07,0.26,1.59,"",2,50.0,1,10.0,5,50.0,1,8.3,23140,4.2,2375,12.5,64,12.5,-581,-14.5
"13121","5","424510","78","0","2025","4","",6,11,15,13,577644,21375,577,3418,"",0.23,0.04,0.06,0.05,0.08,0.07,0.26,1.59,"",2,50.0,1,10.0,5,50.0,1,8.3,23140,4.2,2375,12.5,64,12.5,-581,-14.5
"13121","5","42452","77","0","2025","4","N",1,0,0,0,0,0,0,0,"N",0.12,0,0,0,0,0,0,0,"N",1,100.0,0,0,0,0,0,0,0,0,0,0,0,0,0,0
"13121","5","424520","78","0","2025","4","N",1,0,0,0,0,0,0,0,"N",0.12,0,0,0,0,0,0,0,"N",1,100.0,0,0,0,0,0,0,0,0,0,0,0,0,0,0
"13121","5","42459","77","0","2025","4","N",7,0,0,0,0,0,0,0,"N",0.48,0,0,0,0,0,0,0,"N",0,0.0,0,0,0,0,0,0,0,0,0,0,0,0,0,0
"13121","5","424590","78","0","2025","4","N",7,0,0,0,0,0,0,0,"N",0.48,0,0,0,0,0,0,0,"N",0,0.0,0,0,0,0,0,0,0,0,0,0,0,0,0,0
"13121","5","4246","76","0","2025","4","",91,837,834,844,29184570,531385,4098,2678,"",0.71,0.93,0.92,0.93,0.87,0.83,0.57,0.94,"",7,8.3,-21,-2.4,-22,-2.6,-11,-1.3,2537925,9.5,92134,21.0,970,31.0,284,11.9
"13121","5","42461","77","0","2025","4","",22,209,212,213,9932008,171000,1197,3615,"",0.74,1.19,1.20,1.20,1.55,1.31,0.78,1.30,"",-3,-12.0,20,10.6,22,11.6,24,12.7,3007226,43.4,31803,22.8,-20,-1.6,802,28.5
"13121","5","424610","78","0","2025","4","",22,209,212,213,9932008,171000,1197,3615,"",0.74,1.19,1.20,1.20,1.55,1.31,0.78,1.30,"",-3,-12.0,20,10.6,22,11.6,24,12.7,3007226,43.4,31803,22.8,-20,-1.6,802,28.5
"13121","5","42469","77","0","2025","4","",69,628,622,631,19252562,360385,2901,2362,"",0.70,0.87,0.86,0.86,0.71,0.70,0.51,0.82,"",10,16.9,-41,-6.1,-44,-6.6,-35,-5.3,-469301,-2.4,60331,20.1,990,51.8,88,3.9
"13121","5","424690","78","0","2025","4","",69,628,622,631,19252562,360385,2901,2362,"",0.70,0.87,0.86,0.86,0.71,0.70,0.51,0.82,"",10,16.9,-41,-6.1,-44,-6.6,-35,-5.3,-469301,-2.4,60331,20.1,990,51.8,88,3.9
"13121","5","4247","76","0","2025","4","",21,196,201,200,5922969,107873,1591,2290,"",0.37,0.32,0.33,0.33,0.26,0.17,0.27,0.79,"",1,5.0,-56,-22.2,-47,-19.0,-51,-20.3,-246651,-4.0,-114109,-51.4,-1480,-48.2,394,20.8
"13121","5","42471","77","0","2025","4","",7,106,108,108,3081761,32665,511,2209,"",0.39,0.53,0.54,0.53,0.44,0.15,0.25,0.82,"",1,16.7,31,41.3,32,42.1,28,35.0,892990,40.8,-32846,-50.1,10,2.0,22,1.0
"13121","5","424710","78","0","2025","4","",7,106,108,108,3081761,32665,511,2209,"",0.39,0.53,0.54,0.53,0.44,0.15,0.25,0.82,"",1,16.7,31,41.3,32,42.1,28,35.0,892990,40.8,-32846,-50.1,10,2.0,22,1.0
"13121","5","42472","77","0","2025","4","",14,90,93,92,2841208,75208,1080,2384,"",0.35,0.22,0.23,0.22,0.18,0.19,0.27,0.80,"",0,0.0,-87,-49.2,-79,-45.9,-79,-46.2,-1139641,-28.6,-81263,-51.9,-1490,-58.0,617,34.9
"13121","5","424720","78","0","2025","4","",14,90,93,92,2841208,75208,1080,2384,"",0.35,0.22,0.23,0.22,0.18,0.19,0.27,0.80,"",0,0.0,-87,-49.2,-79,-45.9,-79,-46.2,-1139641,-28.6,-81263,-51.9,-1490,-58.0,617,34.9
"13121","5","4248","76","0","2025","4","",70,1667,1672,1665,35583678,1056527,8172,1641,"",1.07,1.33,1.33,1.32,1.02,0.93,0.71,0.77,"",10,16.7,-106,-6.0,-96,-5.4,-99,-5.6,-1386055,-3.7,-300900,-22.2,-2085,-20.3,33,2.1
"13121","5","42481","77","0","2025","4","",12,22,22,22,712118,9500,257,2490,"",0.60,0.03,0.03,0.03,0.04,0.01,0.04,1.36,"",3,33.3,5,29.4,5,29.4,6,37.5,115709,19.4,-19000,-66.7,-513,-66.6,-263,-9.6
"13121","5","424810","78","0","2025","4","",12,22,22,22,712118,9500,257,2490,"",0.60,0.03,0.03,0.03,0.04,0.01,0.04,1.36,"",3,33.3,5,29.4,5,29.4,6,37.5,115709,19.4,-19000,-66.7,-513,-66.6,-263,-9.6
"13121","5","42482","77","0","2025","4","",58,1645,1650,1643,34871560,1047027,7915,1630,"",1.28,2.84,2.84,2.81,1.86,2.45,1.61,0.66,"",7,13.7,-111,-6.3,-101,-5.8,-105,-6.0,-1501764,-4.1,-281900,-21.2,-1572,-16.6,33,2.1
"13121","5","424820","78","0","2025","4","",58,1645,1650,1643,34871560,1047027,7915,1630,"",1.28,2.84,2.84,2.81,1.86,2.45,1.61,0.66,"",7,13.7,-111,-6.3,-101,-5.8,-105,-6.0,-1501764,-4.1,-281900,-21.2,-1572,-16.6,33,2.1
"13121","5","4249","76","0","2025","4","",148,1235,1255,1264,27414002,1193936,12734,1685,"",0.55,0.64,0.65,0.66,0.54,0.56,0.53,0.84,"",16,12.1,-59,-4.6,-65,-4.9,-38,-2.9,1830406,7.2,260497,27.9,3855,43.4,177,11.7
"13121","5","42491","77","0","2025","4","",18,82,82,79,3003684,89314,617,2853,"",0.20,0.12,0.12,0.11,0.14,0.11,0.08,1.25,"N",3,20.0,0,0,0,0,0,0,0,0,0,0,0,0,0,0
"13121","5","424910","78","0","2025","4","",18,82,82,79,3003684,89314,617,2853,"",0.20,0.12,0.12,0.11,0.14,0.11,0.08,1.25,"N",3,20.0,0,0,0,0,0,0,0,0,0,0,0,0,0,0
"13121","5","42492","77","0","2025","4","N",9,0,0,0,0,0,0,0,"N",0.73,0,0,0,0,0,0,0,"N",1,12.5,0,0,0,0,0,0,0,0,0,0,0,0,0,0
"13121","5","424920","78","0","2025","4","N",9,0,0,0,0,0,0,0,"N",0.73,0,0,0,0,0,0,0,"N",1,12.5,0,0,0,0,0,0,0,0,0,0,0,0,0,0
"13121","5","42493","77","0","2025","4","",23,207,215,227,5333416,178341,3870,1896,"",0.87,0.70,0.73,0.78,0.97,0.50,0.88,1.32,"",3,15.0,7,3.5,18,9.1,29,14.6,138023,2.7,93166,109.4,2112,120.1,-119,-5.9
"13121","5","424930","78","0","2025","4","",23,207,215,227,5333416,178341,3870,1896,"",0.87,0.70,0.73,0.78,0.97,0.50,0.88,1.32,"",3,15.0,7,3.5,18,9.1,29,14.6,138023,2.7,93166,109.4,2112,120.1,-119,-5.9
"13121","5","42494","77","0","2025","4","N",5,0,0,0,0,0,0,0,"N",0.30,0,0,0,0,0,0,0,"N",1,25.0,0,0,0,0,0,0,0,0,0,0,0,0,0,0
"13121","5","424940","78","0","2025","4","N",5,0,0,0,0,0,0,0,"N",0.30,0,0,0,0,0,0,0,"N",1,25.0,0,0,0,0,0,0,0,0,0,0,0,0,0,0
"13121","5","42495","77","0","2025","4","",10,92,92,93,2028745,319779,143,1690,"",0.51,0.66,0.66,0.66,0.54,2.95,0.12,0.83,"",2,25.0,15,19.5,14,17.9,13,16.2,596869,41.7,286036,847.7,87,155.4,284,20.2
"13121","5","424950","78","0","2025","4","",10,92,92,93,2028745,319779,143,1690,"",0.51,0.66,0.66,0.66,0.54,2.95,0.12,0.83,"",2,25.0,15,19.5,14,17.9,13,16.2,596869,41.7,286036,847.7,87,155.4,284,20.2
"13121","5","42499","77","0","2025","4","",83,695,707,723,13203053,573725,8057,1434,"",0.81,1.41,1.42,1.44,0.99,1.10,1.12,0.70,"",6,7.8,48,7.4,21,3.1,38,5.5,997666,8.2,62529,12.2,2413,42.8,38,2.7
"13121","5","424990","78","0","2025","4","",83,695,707,723,13203053,573725,8057,1434,"",0.81,1.41,1.42,1.44,0.99,1.10,1.12,0.70,"",6,7.8,48,7.4,21,3.1,38,5.5,997666,8.2,62529,12.2,2413,42.8,38,2.7
"13121","5","425","75","0","2025","4","",875,4872,4901,4889,179157673,4778249,60603,2820,"",1.20,1.81,1.81,1.80,1.49,2.10,2.05,0.82,"",-68,-7.2,-146,-2.9,-106,-2.1,-119,-2.4,7325426,4.3,533288,12.6,10904,21.9,182,6.9
"13121","5","4251","76","0","2025","4","",875,4872,4901,4889,179157673,4778249,60603,2820,"",1.20,1.81,1.81,1.80,1.49,2.10,2.05,0.82,"",-68,-7.2,-146,-2.9,-106,-2.1,-119,-2.4,7325426,4.3,533288,12.6,10904,21.9,182,6.9
"13121","5","42512","77","0","2025","4","",875,4872,4901,4889,179157673,4778249,60603,2820,"",1.20,1.81,1.81,1.80,1.49,2.10,2.05,0.82,"",-68,-7.2,-146,-2.9,-106,-2.1,-119,-2.4,7325426,4.3,533288,12.6,10904,21.9,182,6.9
"13121","5","425120","78","0","2025","4","",875,4872,4901,4889,179157673,4778249,60603,2820,"",1.20,1.81,1.81,1.80,1.49,2.10,2.05,0.82,"",-68,-7.2,-146,-2.9,-106,-2.1,-119,-2.4,7325426,4.3,533288,12.6,10904,21.9,182,6.9
"13121","5","44-45","74","0","2025","4","",4344,55544,57072,57696,725821781,66526305,638802,983,"",0.60,0.60,0.60,0.60,0.54,0.58,0.58,0.90,"",189,4.5,-1995,-3.5,-2188,-3.7,-2158,-3.6,-18499968,-2.5,-1856218,-2.7,-138022,-17.8,11,1.1
"13121","5","441","75","0","2025","4","",332,5513,5519,5506,116054181,6011507,66827,1619,"",0.39,0.45,0.45,0.45,0.40,0.41,0.42,0.90,"",9,2.8,-235,-4.1,-261,-4.5,-250,-4.3,65235,0.1,-812348,-11.9,-5464,-7.6,70,4.5
"13121","5","4411","76","0","2025","4","",142,3816,3807,3782,92845314,4004821,46463,1879,"",0.44,0.49,0.49,0.48,0.44,0.45,0.44,0.91,"",-3,-2.1,-290,-7.1,-328,-7.9,-332,-8.1,-1660860,-1.8,-970275,-19.5,-5873,-11.2,114,6.5
"13121","5","44111","77","0","2025","4","",54,3114,3114,3089,81154128,3386153,41600,2010,"",0.37,0.46,0.46,0.45,0.43,0.44,0.47,0.95,"",1,1.9,-367,-10.5,-396,-11.3,-405,-11.6,-3621645,-4.3,-936272,-21.7,-2347,-5.3,144,7.7
"13121","5","441110","78","0","2025","4","",54,3114,3114,3089,81154128,3386153,41600,2010,"",0.37,0.46,0.46,0.45,0.43,0.44,0.47,0.95,"",1,1.9,-367,-10.5,-396,-11.3,-405,-11.6,-3621645,-4.3,-936272,-21.7,-2347,-5.3,144,7.7
"13121","5","44112","77","0","2025","4","",88,702,693,693,11691186,618668,4863,1292,"",0.51,0.69,0.68,0.68,0.50,0.51,0.29,0.73,"",-4,-4.3,77,12.3,68,10.9,73,11.8,1960785,20.2,-34003,-5.2,-3526,-42.0,91,7.6
"13121","5","441120","78","0","2025","4","",88,702,693,693,11691186,618668,4863,1292,"",0.51,0.69,0.68,0.68,0.50,0.51,0.29,0.73,"",-4,-4.3,77,12.3,68,10.9,73,11.8,1960785,20.2,-34003,-5.2,-3526,-42.0,91,7.6
"13121","5","4412","76","0","2025","4","",28,203,207,204,4152533,207479,3501,1561,"",0.27,0.21,0.21,0.21,0.19,0.17,0.23,0.92,"",-1,-3.4,2,1.0,6,3.0,5,2.5,-33952,-0.8,19570,10.4,-188,-5.1,-47,-2.9
"13121","5","44121","77","0","2025","4","",5,14,15,15,253046,17076,462,1327,"",0.24,0.05,0.05,0.05,0.04,0.04,0.08,0.73,"",1,25.0,2,16.7,3,25.0,3,25.0,93439,58.5,-1620,-8.7,-43,-8.5,304,29.7
"13121","5","441210","78","0","2025","4","",5,14,15,15,253046,17076,462,1327,"",0.24,0.05,0.05,0.05,0.04,0.04,0.08,0.73,"",1,25.0,2,16.7,3,25.0,3,25.0,93439,58.5,-1620,-8.7,-43,-8.5,304,29.7
"13121","5","44122","77","0","2025","4","",23,189,192,189,3899487,190403,3039,1579,"",0.28,0.28,0.29,0.29,0.27,0.24,0.31,0.95,"",-2,-8.0,0,0.0,3,1.6,2,1.1,-127391,-3.2,21190,12.5,-145,-4.6,-66,-4.0
"13121","5","441222","78","0","2025","4","",6,14,14,14,557961,22413,85,3066,"",0.20,0.06,0.06,0.06,0.11,0.09,0.02,1.68,"N",2,50.0,0,0,0,0,0,0,0,0,0,0,0,0,0,0
"13121","5","441227","78","0","2025","4","",17,175,178,175,3341526,167990,2954,1460,"",0.33,0.39,0.40,0.40,0.37,0.30,0.47,0.93,"N",-4,-19.0,0,0,0,0,0,0,0,0,0,0,0,0,0,0
"13121","5","4413","76","0","2025","4","",162,1494,1505,1520,19056334,1799207,16863,973,"",0.38,0.42,0.42,0.43,0.34,0.39,0.43,0.81,"",13,8.7,53,3.7,61,4.2,77,5.3,1760047,10.2,138357,8.3,597,3.7,51,5.5
"13121","5","44133","77","0","2025","4","",106,1032,1044,1046,11630673,1045671,11621,860,"",0.37,0.44,0.44,0.44,0.35,0.37,0.49,0.81,"",7,7.1,33,3.3,29,2.9,30,3.0,342657,3.0,-1244,-0.1,1011,9.5,0,0.0
"13121","5","441330","78","0","2025","4","",106,1032,1044,1046,11630673,1045671,11621,860,"",0.37,0.44,0.44,0.44,0.35,0.37,0.49,0.81,"",7,7.1,33,3.3,29,2.9,30,3.0,342657,3.0,-1244,-0.1,1011,9.5,0,0.0
"13121","5","44134","77","0","2025","4","",56,462,461,474,7425661,753536,5242,1227,"",0.39,0.39,0.39,0.40,0.33,0.43,0.33,0.83,"",6,12.0,20,4.5,32,7.5,47,11.0,1417390,23.6,139601,22.7,-414,-7.3,159,14.9
"13121","5","441340","78","0","2025","4","",56,462,461,474,7425661,753536,5242,1227,"",0.39,0.39,0.39,0.40,0.33,0.43,0.33,0.83,"",6,12.0,20,4.5,32,7.5,47,11.0,1417390,23.6,139601,22.7,-414,-7.3,159,14.9
"13121","5","444","75","0","2025","4","",192,3723,3725,3791,42757526,3414831,17512,878,"",0.39,0.46,0.46,0.47,0.35,0.39,0.22,0.75,"",14,7.9,-103,-2.7,-103,-2.7,-55,-1.4,-994559,-2.3,-13342,-0.4,-32583,-65.0,0,0.0
"13121","5","4441","76","0","2025","4","",165,3288,3297,3303,38898799,2553794,10523,908,"",0.44,0.47,0.47,0.47,0.36,0.34,0.17,0.77,"",10,6.5,-119,-3.5,-97,-2.9,-64,-1.9,-1045131,-2.6,-72314,-2.8,-32933,-75.8,1,0.1
"13121","5","44411","77","0","2025","4","N",33,0,0,0,0,0,0,0,"N",0.51,0,0,0,0,0,0,0,"N",0,0.0,0,0,0,0,0,0,0,0,0,0,0,0,0,0
"13121","5","444110","78","0","2025","4","N",33,0,0,0,0,0,0,0,"N",0.51,0,0,0,0,0,0,0,"N",0,0.0,0,0,0,0,0,0,0,0,0,0,0,0,0,0
"13121","5","44412","77","0","2025","4","N",20,0,0,0,0,0,0,0,"N",0.44,0,0,0,0,0,0,0,"N",-2,-9.1,0,0,0,0,0,0,0,0,0,0,0,0,0,0
"13121","5","444120","78","0","2025","4","N",20,0,0,0,0,0,0,0,"N",0.44,0,0,0,0,0,0,0,"N",-2,-9.1,0,0,0,0,0,0,0,0,0,0,0,0,0,0
"13121","5","44414","77","0","2025","4","",29,296,300,308,2765202,285233,1088,706,"",0.27,0.29,0.29,0.30,0.20,0.23,0.11,0.67,"",5,20.8,-9,-3.0,-9,-2.9,-9,-2.8,261979,10.5,-44239,-13.4,-1445,-57.0,86,13.9
"13121","5","444140","78","0","2025","4","",29,296,300,308,2765202,285233,1088,706,"",0.27,0.29,0.29,0.30,0.20,0.23,0.11,0.67,"",5,20.8,-9,-3.0,-9,-2.9,-9,-2.8,261979,10.5,-44239,-13.4,-1445,-57.0,86,13.9
"13121","5","44418","77","0","2025","4","",83,546,553,545,12365337,752760,8351,1736,"",0.54,0.37,0.38,0.37,0.34,0.49,0.50,0.90,"",7,9.2,-12,-2.2,0,0.0,-11,-2.0,-415682,-3.3,167345,28.6,-1541,-15.6,-33,-1.9
"13121","5","444180","78","0","2025","4","",83,546,553,545,12365337,752760,8351,1736,"",0.54,0.37,0.38,0.37,0.34,0.49,0.50,0.90,"",7,9.2,-12,-2.2,0,0.0,-11,-2.0,-415682,-3.3,167345,28.6,-1541,-15.6,-33,-1.9
"13121","5","4442","76","0","2025","4","",27,435,428,488,3858727,861037,6989,659,"",0.22,0.39,0.39,0.45,0.25,0.67,0.40,0.60,"",4,17.4,16,3.8,-6,-1.4,9,1.9,50572,1.3,58972,7.4,350,5.3,-1,-0.2
"13121","5","44423","77","0","2025","4","N",2,0,0,0,0,0,0,0,"N",0.08,0,0,0,0,0,0,0,"N",0,0.0,0,0,0,0,0,0,0,0,0,0,0,0,0,0
"13121","5","444230","78","0","2025","4","N",2,0,0,0,0,0,0,0,"N",0.08,0,0,0,0,0,0,0,"N",0,0.0,0,0,0,0,0,0,0,0,0,0,0,0,0,0
"13121","5","44424","77","0","2025","4","N",25,0,0,0,0,0,0,0,"N",0.26,0,0,0,0,0,0,0,"N",4,19.0,0,0,0,0,0,0,0,0,0,0,0,0,0,0
"13121","5","444240","78","0","2025","4","N",25,0,0,0,0,0,0,0,"N",0.26,0,0,0,0,0,0,0,"N",4,19.0,0,0,0,0,0,0,0,0,0,0,0,0,0,0
"13121","5","445","75","0","2025","4","",717,13099,13407,13325,126943870,14358717,95680,735,"",0.65,0.67,0.68,0.67,0.56,0.61,0.49,0.83,"",41,6.1,-10,-0.1,28,0.2,-33,-0.2,6088036,5.0,123433,0.9,-76119,-44.3,35,5.0
"13121","5","4451","76","0","2025","4","",455,11878,12107,12044,113929411,12691653,73934,730,"",0.67,0.69,0.70,0.69,0.57,0.62,0.47,0.82,"",45,11.0,52,0.4,33,0.3,-3,0.0,7040294,6.6,41794,0.3,-79971,-52.0,44,6.4
"13121","5","44511","77","0","2025","4","",206,11140,11350,11288,102198743,11539057,54539,698,"",0.51,0.70,0.71,0.70,0.55,0.61,0.40,0.79,"",5,2.5,-24,-0.2,-89,-0.8,-130,-1.1,3522431,3.6,-251921,-2.1,-90475,-62.4,29,4.3
"13121","5","445110","78","0","2025","4","",206,11140,11350,11288,102198743,11539057,54539,698,"",0.51,0.70,0.71,0.70,0.55,0.61,0.40,0.79,"",5,2.5,-24,-0.2,-89,-0.8,-130,-1.1,3522431,3.6,-251921,-2.1,-90475,-62.4,29,4.3
"13121","5","44513","77","0","2025","4","",249,738,757,756,11730668,1152596,19395,1203,"",0.92,0.59,0.61,0.61,0.83,0.69,0.91,1.38,"",40,19.1,76,11.5,122,19.2,127,20.2,3517863,42.8,293715,34.2,10504,118.1,219,22.3
"13121","5","445131","78","0","2025","4","",227,658,677,674,10460405,1018854,16867,1202,"",0.92,0.65,0.67,0.67,1.04,0.73,0.98,1.57,"",39,20.7,45,7.3,86,14.6,93,16.0,2665831,34.2,245088,31.7,8667,105.7,194,19.2
"13121","5","445132","78","0","2025","4","",22,80,80,82,1270263,133742,2528,1211,"",0.92,0.35,0.35,0.36,0.32,0.47,0.61,0.91,"",1,4.8,31,63.3,36,81.8,34,70.8,852032,203.7,48627,57.1,1837,265.8,526,76.8
"13121","5","4452","76","0","2025","4","",103,396,474,448,4510667,527095,8969,790,"",0.52,0.27,0.32,0.30,0.25,0.26,0.36,0.85,"",-5,-4.6,-38,-8.8,-11,-2.3,-17,-3.7,-1337869,-22.9,-61415,-10.4,-250,-2.7,-185,-19.0
"13121","5","44523","77","0","2025","4","",12,23,47,42,426087,48562,1155,878,"",0.53,0.09,0.22,0.21,0.14,0.18,0.30,0.85,"",1,9.1,-20,-46.5,5,11.9,7,20.0,104847,32.6,-27275,-36.0,-483,-29.5,260,42.1
"13121","5","445230","78","0","2025","4","",12,23,47,42,426087,48562,1155,878,"",0.53,0.09,0.22,0.21,0.14,0.18,0.30,0.85,"",1,9.1,-20,-46.5,5,11.9,7,20.0,104847,32.6,-27275,-36.0,-483,-29.5,260,42.1
"13121","5","44524","77","0","2025","4","",28,161,202,174,1963697,100787,2370,844,"",0.60,0.41,0.48,0.42,0.38,0.20,0.45,0.87,"",-3,-9.7,-3,-1.8,-14,-6.5,-27,-13.4,24257,1.3,-92197,-47.8,-1158,-32.8,74,9.6
"13121","5","445240","78","0","2025","4","",28,161,202,174,1963697,100787,2370,844,"",0.60,0.41,0.48,0.42,0.38,0.20,0.45,0.87,"",-3,-9.7,-3,-1.8,-14,-6.5,-27,-13.4,24257,1.3,-92197,-47.8,-1158,-32.8,74,9.6
"13121","5","44525","77","0","2025","4","",11,36,36,33,240558,28682,312,529,"",0.73,0.42,0.43,0.39,0.21,0.30,0.25,0.51,"",0,0.0,4,12.5,2,5.9,4,13.8,10803,4.7,-9229,-24.3,-104,-25.0,-29,-5.2
"13121","5","445250","78","0","2025","4","",11,36,36,33,240558,28682,312,529,"",0.73,0.42,0.43,0.39,0.21,0.30,0.25,0.51,"",0,0.0,4,12.5,2,5.9,4,13.8,10803,4.7,-9229,-24.3,-104,-25.0,-29,-5.2
"13121","5","44529","77","0","2025","4","",52,176,189,199,1880325,349064,5132,769,"",0.46,0.23,0.25,0.25,0.21,0.32,0.36,0.87,"",-3,-5.5,-19,-9.7,-4,-2.1,-1,-0.5,-1477776,-44.0,67286,23.9,1495,41.1,-549,-41.7
"13121","5","445291","78","0","2025","4","",6,8,9,10,220308,11039,299,1883,"",0.33,0.06,0.07,0.07,0.15,0.06,0.14,2.22,"N",0,0.0,0,0,0,0,0,0,0,0,0,0,0,0,0,0
"13121","5","445292","78","0","2025","4","",13,31,41,43,238050,75361,626,478,"",0.60,0.24,0.30,0.29,0.19,0.39,0.21,0.67,"N",-3,-18.8,0,0,0,0,0,0,0,0,0,0,0,0,0,0
"13121","5","445298","78","0","2025","4","",33,137,139,146,1421967,262664,4207,778,"",0.45,0.28,0.28,0.29,0.24,0.36,0.46,0.83,"",0,0.0,-8,-5.5,0,0.0,0,0.0,-7958,-0.6,69785,36.2,1651,64.6,11,1.4
"13121","5","4453","76","0","2025","4","",159,825,826,833,8503792,1139969,12777,790,"",0.67,0.80,0.80,0.80,0.78,0.90,0.87,0.98,"",1,0.6,-24,-2.8,6,0.7,-13,-1.5,385611,4.7,143054,14.3,4102,47.3,45,6.0
"13121","5","44532","77","0","2025","4","",159,825,826,833,8503792,1139969,12777,790,"",0.67,0.80,0.80,0.80,0.78,0.90,0.87,0.98,"",1,0.6,-24,-2.8,6,0.7,-13,-1.5,385611,4.7,143054,14.3,4102,47.3,45,6.0
"13121","5","445320","78","0","2025","4","",159,825,826,833,8503792,1139969,12777,790,"",0.67,0.80,0.80,0.80,0.78,0.90,0.87,0.98,"",1,0.6,-24,-2.8,6,0.7,-13,-1.5,385611,4.7,143054,14.3,4102,47.3,45,6.0
"13121","5","449","75","0","2025","4","",428,5011,5049,5094,95595327,4886106,43198,1456,"",0.74,1.08,1.06,1.06,1.00,0.92,0.69,0.93,"",9,2.1,-132,-2.6,-201,-3.8,-45,-0.9,-2079343,-2.1,287637,6.3,5334,14.1,5,0.3
"13121","5","4491","76","0","2025","4","",256,2550,2578,2590,39788489,2948177,33308,1190,"",0.83,1.07,1.06,1.05,0.89,1.03,1.06,0.84,"",13,5.3,115,4.7,54,2.1,69,2.7,1158608,3.0,506940,20.8,5671,20.5,-2,-0.2
"13121","5","44911","77","0","2025","4","",148,1080,1066,1067,22319365,1163697,12372,1603,"",0.99,0.95,0.93,0.93,0.97,0.89,0.85,1.03,"",7,5.0,2,0.2,-12,-1.1,3,0.3,-505503,-2.2,372925,47.2,4479,56.7,-33,-2.0
"13121","5","449110","78","0","2025","4","",148,1080,1066,1067,22319365,1163697,12372,1603,"",0.99,0.95,0.93,0.93,0.97,0.89,0.85,1.03,"",7,5.0,2,0.2,-12,-1.1,3,0.3,-505503,-2.2,372925,47.2,4479,56.7,-33,-2.0
"13121","5","44912","77","0","2025","4","",108,1470,1512,1523,17469124,1784480,20936,895,"",0.68,1.19,1.17,1.16,0.80,1.15,1.24,0.68,"",6,5.9,113,8.3,66,4.6,66,4.5,1664111,10.5,134015,8.1,1192,6.0,39,4.6
"13121","5","449121","78","0","2025","4","",31,322,313,320,4997707,209432,1250,1208,"",0.51,0.80,0.78,0.79,0.51,0.47,0.24,0.65,"",1,3.3,47,17.1,35,12.6,51,19.0,1127037,29.1,77919,59.2,530,73.6,121,11.1
"13121","5","449122","78","0","2025","4","",10,49,50,48,860966,34785,160,1352,"",0.50,0.62,0.63,0.61,0.48,0.39,0.13,0.78,"",2,25.0,-17,-25.8,-15,-23.1,-16,-25.0,-156441,-15.4,-18584,-34.8,-205,-56.2,148,12.3
"13121","5","449129","78","0","2025","4","",67,1099,1149,1155,11610451,1540263,19526,787,"",0.86,1.46,1.43,1.40,1.14,1.52,1.86,0.80,"",3,4.7,83,8.2,46,4.2,31,2.8,693515,6.4,74680,5.1,867,4.6,10,1.3
"13121","5","4492","76","0","2025","4","",172,2461,2471,2504,55806838,1937929,9890,1732,"",0.63,1.09,1.06,1.07,1.09,0.79,0.31,1.02,"",-4,-2.3,-247,-9.1,-255,-9.4,-114,-4.4,-3237951,-5.5,-219303,-10.2,-337,-3.3,40,2.4
"13121","5","44921","77","0","2025","4","",172,2461,2471,2504,55806838,1937929,9890,1732,"",0.63,1.09,1.06,1.07,1.09,0.79,0.31,1.02,"",-4,-2.3,-247,-9.1,-255,-9.4,-114,-4.4,-3237951,-5.5,-219303,-10.2,-337,-3.3,40,2.4
"13121","5","449210","78","0","2025","4","",172,2461,2471,2504,55806838,1937929,9890,1732,"",0.63,1.09,1.06,1.07,1.09,0.79,0.31,1.02,"",-4,-2.3,-247,-9.1,-255,-9.4,-114,-4.4,-3237951,-5.5,-219303,-10.2,-337,-3.3,40,2.4
"13121","5","455","75","0","2025","4","",245,9760,10434,10734,101533305,13998982,102197,758,"",0.43,0.50,0.51,0.52,0.44,0.56,0.52,0.87,"",-4,-1.6,-1733,-15.1,-1684,-13.9,-1771,-14.2,-34427394,-25.3,-943091,-6.3,-20092,-16.4,-111,-12.8
"13121","5","4551","76","0","2025","4","",56,4067,4327,4430,37949439,6023952,42167,683,"",0.67,0.73,0.71,0.71,0.68,0.82,0.65,0.95,"",0,0.0,-1044,-20.4,-1063,-19.7,-1049,-19.1,-34547300,-47.7,-383548,-6.0,-9074,-17.7,-364,-34.8
"13121","5","45511","77","0","2025","4","",56,4067,4327,4430,37949439,6023952,42167,683,"",0.67,0.73,0.71,0.71,0.68,0.82,0.65,0.95,"",0,0.0,-1044,-20.4,-1063,-19.7,-1049,-19.1,-34547300,-47.7,-383548,-6.0,-9074,-17.7,-364,-34.8
"13121","5","455110","78","0","2025","4","",56,4067,4327,4430,37949439,6023952,42167,683,"",0.67,0.73,0.71,0.71,0.68,0.82,0.65,0.95,"",0,0.0,-1044,-20.4,-1063,-19.7,-1049,-19.1,-34547300,-47.7,-383548,-6.0,-9074,-17.7,-364,-34.8
"13121","5","4552","76","0","2025","4","",189,5693,6107,6304,63583866,7975030,60030,810,"",0.39,0.41,0.43,0.44,0.37,0.46,0.46,0.87,"",-4,-2.1,-689,-10.8,-621,-9.2,-722,-10.3,119906,0.2,-559543,-6.6,-11018,-15.5,83,11.4
"13121","5","45521","77","0","2025","4","",189,5693,6107,6304,63583866,7975030,60030,810,"",0.39,0.41,0.43,0.44,0.37,0.46,0.46,0.87,"",-4,-2.1,-689,-10.8,-621,-9.2,-722,-10.3,119906,0.2,-559543,-6.6,-11018,-15.5,83,11.4
"13121","5","455211","78","0","2025","4","",17,3263,3329,3309,34282342,3401479,17595,799,"",0.38,0.31,0.31,0.31,0.25,0.27,0.21,0.82,"",-3,-15.0,-587,-15.2,-605,-15.4,-673,-16.9,-1901049,-5.3,-282045,-7.7,-9090,-34.1,89,12.5
"13121","5","455219","78","0","2025","4","",172,2430,2778,2995,29301524,4573551,42435,824,"",0.39,0.70,0.77,0.81,0.78,0.96,0.91,1.02,"",-1,-0.6,-102,-4.0,-16,-0.6,-49,-1.6,2020955,7.4,-277498,-5.7,-1928,-4.3,72,9.6
"13121","5","456","75","0","2025","4","",518,4471,4476,4507,70682673,4857194,53706,1212,"",0.67,0.69,0.69,0.68,0.63,0.63,0.70,0.92,"",33,6.8,86,2.0,55,1.2,-35,-0.8,543597,0.8,-43768,-0.9,-6192,-10.3,-1,-0.1
"13121","5","4561","76","0","2025","4","",518,4471,4476,4507,70682673,4857194,53706,1212,"",0.67,0.69,0.69,0.68,0.63,0.63,0.70,0.92,"",33,6.8,86,2.0,55,1.2,-35,-0.8,543597,0.8,-43768,-0.9,-6192,-10.3,-1,-0.1
"13121","5","45611","77","0","2025","4","",234,2454,2404,2412,50002727,2256883,20288,1587,"",0.57,0.62,0.60,0.60,0.67,0.47,0.45,1.10,"",15,6.8,-88,-3.5,-119,-4.7,-145,-5.7,-691085,-1.4,-211279,-8.6,-6980,-25.6,52,3.4
"13121","5","456110","78","0","2025","4","",234,2454,2404,2412,50002727,2256883,20288,1587,"",0.57,0.62,0.60,0.60,0.67,0.47,0.45,1.10,"",15,6.8,-88,-3.5,-119,-4.7,-145,-5.7,-691085,-1.4,-211279,-8.6,-6980,-25.6,52,3.4
"13121","5","45612","77","0","2025","4","",136,1120,1184,1218,8532598,1693957,18540,559,"",0.97,0.83,0.85,0.86,0.60,1.07,1.09,0.71,"",16,13.3,125,12.6,148,14.3,122,11.1,692751,8.8,57860,3.5,-966,-5.0,-20,-3.5
"13121","5","456120","78","0","2025","4","",136,1120,1184,1218,8532598,1693957,18540,559,"",0.97,0.83,0.85,0.86,0.60,1.07,1.09,0.71,"",16,13.3,125,12.6,148,14.3,122,11.1,692751,8.8,57860,3.5,-966,-5.0,-20,-3.5
"13121","5","45613","77","0","2025","4","",54,503,507,500,7442353,393121,7734,1137,"",0.78,1.15,1.15,1.12,0.94,0.87,1.64,0.82,"",-2,-3.6,21,4.4,13,2.6,1,0.2,-161914,-2.1,55047,16.3,1023,15.2,-53,-4.5
"13121","5","456130","78","0","2025","4","",54,503,507,500,7442353,393121,7734,1137,"",0.78,1.15,1.15,1.12,0.94,0.87,1.64,0.82,"",-2,-3.6,21,4.4,13,2.6,1,0.2,-161914,-2.1,55047,16.3,1023,15.2,-53,-4.5
"13121","5","45619","77","0","2025","4","",94,394,381,377,4704995,513233,7144,943,"",0.62,0.56,0.54,0.53,0.31,0.60,0.69,0.58,"",4,4.4,28,7.7,13,3.5,-13,-3.3,703845,17.6,54604,11.9,731,11.4,122,14.9
"13121","5","456191","78","0","2025","4","",54,213,205,201,2000472,376693,4726,746,"",0.77,0.76,0.73,0.71,0.39,1.03,1.03,0.53,"",1,1.9,36,20.3,21,11.4,-7,-3.4,562975,39.2,82302,28.0,885,23.0,163,28.0
"13121","5","456199","78","0","2025","4","",40,181,176,176,2704523,136540,2418,1171,"",0.50,0.43,0.41,0.41,0.28,0.28,0.42,0.66,"",3,8.1,-8,-4.2,-8,-4.3,-6,-3.3,140870,5.5,-27698,-16.9,-154,-6.0,105,9.8
"13121","5","457","75","0","2025","4","",408,1883,1878,1878,18726284,1933446,23599,766,"",0.50,0.30,0.29,0.29,0.25,0.22,0.29,0.85,"",6,1.5,-72,-3.7,-212,-10.1,-183,-8.9,-476851,-2.5,-676235,-25.9,-15573,-39.8,40,5.5
"13121","5","4571","76","0","2025","4","",403,1843,1838,1837,17896193,1904451,23154,748,"",0.53,0.31,0.31,0.31,0.28,0.23,0.31,0.92,"",6,1.5,-76,-4.0,-216,-10.5,-188,-9.3,-610599,-3.3,-665778,-25.9,-15530,-40.1,36,5.1
"13121","5","45711","77","0","2025","4","",356,1619,1612,1614,15128665,1476180,18645,721,"",0.51,0.30,0.30,0.30,0.27,0.20,0.28,0.90,"",-3,-0.8,-66,-3.9,-209,-11.5,-169,-9.5,-760081,-4.8,-721367,-32.8,-16895,-47.5,28,4.0
"13121","5","457110","78","0","2025","4","",356,1619,1612,1614,15128665,1476180,18645,721,"",0.51,0.30,0.30,0.30,0.27,0.20,0.28,0.90,"",-3,-0.8,-66,-3.9,-209,-11.5,-169,-9.5,-760081,-4.8,-721367,-32.8,-16895,-47.5,28,4.0
"13121","5","45712","77","0","2025","4","",47,224,226,223,2767528,428271,4509,949,"",0.76,0.41,0.41,0.40,0.39,0.56,0.59,0.95,"",9,23.7,-10,-4.3,-7,-3.0,-19,-7.9,149482,5.7,55589,14.9,1365,43.4,97,11.4
"13121","5","457120","78","0","2025","4","",47,224,226,223,2767528,428271,4509,949,"",0.76,0.41,0.41,0.40,0.39,0.56,0.59,0.95,"",9,23.7,-10,-4.3,-7,-3.0,-19,-7.9,149482,5.7,55589,14.9,1365,43.4,97,11.4
"13121","5","4572","76","0","2025","4","",5,40,40,41,830091,28995,445,1583,"",0.10,0.10,0.09,0.09,0.07,0.06,0.06,0.77,"",0,0.0,4,11.1,4,11.1,5,13.9,133748,19.2,-10457,-26.5,-43,-8.8,95,6.4
"13121","5","45721","77","0","2025","4","",5,40,40,41,830091,28995,445,1583,"",0.10,0.10,0.09,0.09,0.07,0.06,0.06,0.77,"",0,0.0,4,11.1,4,11.1,5,13.9,133748,19.2,-10457,-26.5,-43,-8.8,95,6.4
"13121","5","457210","78","0","2025","4","",5,40,40,41,830091,28995,445,1583,"",0.10,0.10,0.09,0.09,0.07,0.06,0.06,0.77,"",0,0.0,4,11.1,4,11.1,5,13.9,133748,19.2,-10457,-26.5,-43,-8.8,95,6.4
"13121","5","458","75","0","2025","4","",746,6947,7269,7502,84031245,10756103,163666,893,"",0.92,0.99,0.98,0.98,1.00,1.21,1.53,1.02,"",53,7.6,426,6.5,313,4.5,305,4.2,9355455,12.5,620657,6.1,24958,18.0,59,7.1
"13121","5","4581","76","0","2025","4","",527,4947,5207,5373,53408928,7887403,125155,794,"",0.94,0.94,0.94,0.94,0.92,1.16,1.50,0.98,"",34,6.9,316,6.8,254,5.1,219,4.2,6645753,14.2,506342,6.9,16165,14.8,62,8.5
"13121","5","45811","77","0","2025","4","",527,4947,5207,5373,53408928,7887403,125155,794,"",0.94,0.94,0.94,0.94,0.92,1.16,1.50,0.98,"",34,6.9,316,6.8,254,5.1,219,4.2,6645753,14.2,506342,6.9,16165,14.8,62,8.5
"13121","5","458110","78","0","2025","4","",527,4947,5207,5373,53408928,7887403,125155,794,"",0.94,0.94,0.94,0.94,0.92,1.16,1.50,0.98,"",34,6.9,316,6.8,254,5.1,219,4.2,6645753,14.2,506342,6.9,16165,14.8,62,8.5
"13121","5","4582","76","0","2025","4","",85,1028,1082,1112,9430521,1426342,15995,675,"",0.82,1.02,1.02,1.01,0.92,1.24,1.30,0.90,"",8,10.4,31,3.1,15,1.4,38,3.5,-603400,-6.0,-34561,-2.4,1084,7.3,-63,-8.5
"13121","5","45821","77","0","2025","4","",85,1028,1082,1112,9430521,1426342,15995,675,"",0.82,1.02,1.02,1.01,0.92,1.24,1.30,0.90,"",8,10.4,31,3.1,15,1.4,38,3.5,-603400,-6.0,-34561,-2.4,1084,7.3,-63,-8.5
"13121","5","458210","78","0","2025","4","",85,1028,1082,1112,9430521,1426342,15995,675,"",0.82,1.02,1.02,1.01,0.92,1.24,1.30,0.90,"",8,10.4,31,3.1,15,1.4,38,3.5,-603400,-6.0,-34561,-2.4,1084,7.3,-63,-8.5
"13121","5","4583","76","0","2025","4","",134,972,980,1017,21191796,1442358,22516,1647,"",0.90,1.25,1.21,1.21,1.33,1.52,1.98,1.09,"",11,8.9,79,8.8,44,4.7,48,5.0,3313102,18.5,148876,11.5,7709,52.1,172,11.7
"13121","5","45831","77","0","2025","4","",127,828,837,875,18605028,1310123,21434,1690,"",0.91,1.17,1.13,1.15,1.29,1.55,2.17,1.12,"",11,9.5,59,7.7,42,5.3,47,5.7,3093600,19.9,110030,9.2,7266,51.3,194,13.0
"13121","5","458310","78","0","2025","4","",127,828,837,875,18605028,1310123,21434,1690,"",0.91,1.17,1.13,1.15,1.29,1.55,2.17,1.12,"",11,9.5,59,7.7,42,5.3,47,5.7,3093600,19.9,110030,9.2,7266,51.3,194,13.0
"13121","5","45832","77","0","2025","4","",7,144,143,142,2586768,132235,1082,1391,"",0.83,2.07,1.90,1.76,1.66,1.30,0.71,0.87,"",0,0.0,20,16.1,2,1.4,1,0.7,219502,9.3,38846,41.6,443,69.3,45,3.3
"13121","5","458320","78","0","2025","4","",7,144,143,142,2586768,132235,1082,1391,"",0.83,2.07,1.90,1.76,1.66,1.30,0.71,0.87,"",0,0.0,20,16.1,2,1.4,1,0.7,219502,9.3,38846,41.6,443,69.3,45,3.3
"13121","5","459","75","0","2025","4","",758,5137,5315,5359,69497370,6309419,72417,1014,"",0.59,0.57,0.58,0.58,0.60,0.55,0.55,1.04,"",28,3.8,-222,-4.1,-123,-2.3,-91,-1.7,3425856,5.2,-399161,-6.0,-12291,-14.5,76,8.1
"13121","5","4591","76","0","2025","4","",186,1622,1705,1727,19018636,1978859,22147,868,"",0.62,0.57,0.56,0.56,0.60,0.52,0.63,1.07,"",13,7.5,-44,-2.6,-13,-0.8,-53,-3.0,26847,0.1,-105383,-5.1,-3696,-14.3,19,2.2
"13121","5","45911","77","0","2025","4","",106,1085,1141,1179,14260287,1206106,16341,966,"",0.63,0.63,0.62,0.63,0.72,0.54,0.78,1.16,"",9,9.3,-39,-3.5,-11,-1.0,-41,-3.4,-79964,-0.6,-168917,-12.3,-3566,-17.9,19,2.0
"13121","5","459110","78","0","2025","4","",106,1085,1141,1179,14260287,1206106,16341,966,"",0.63,0.63,0.62,0.63,0.72,0.54,0.78,1.16,"",9,9.3,-39,-3.5,-11,-1.0,-41,-3.4,-79964,-0.6,-168917,-12.3,-3566,-17.9,19,2.0
"13121","5","45912","77","0","2025","4","",43,347,370,362,2891089,638324,4549,618,"",0.50,0.41,0.42,0.41,0.35,0.50,0.39,0.85,"",0,0.0,35,11.2,38,11.4,22,6.5,484389,20.1,107708,20.3,-221,-4.6,54,9.6
"13121","5","459120","78","0","2025","4","",43,347,370,362,2891089,638324,4549,618,"",0.50,0.41,0.42,0.41,0.35,0.50,0.39,0.85,"",0,0.0,35,11.2,38,11.4,22,6.5,484389,20.1,107708,20.3,-221,-4.6,54,9.6
"13121","5","45913","77","0","2025","4","",18,79,79,70,808372,46666,166,818,"",0.78,0.80,0.79,0.69,0.82,0.37,0.14,1.07,"",3,20.0,-40,-33.6,-43,-35.2,-42,-37.5,-497369,-38.1,-47649,-50.5,39,30.7,-36,-4.2
"13121","5","459130","78","0","2025","4","",18,79,79,70,808372,46666,166,818,"",0.78,0.80,0.79,0.69,0.82,0.37,0.14,1.07,"",3,20.0,-40,-33.6,-43,-35.2,-42,-37.5,-497369,-38.1,-47649,-50.5,39,30.7,-36,-4.2
"13121","5","45914","77","0","2025","4","",19,111,115,116,1058888,87763,1091,714,"",0.77,0.57,0.58,0.58,0.40,0.44,0.64,0.70,"",1,5.6,0,0.0,3,2.7,8,7.4,119791,12.8,3475,4.1,52,5.0,59,9.0
"13121","5","459140","78","0","2025","4","",19,111,115,116,1058888,87763,1091,714,"",0.77,0.57,0.58,0.58,0.40,0.44,0.64,0.70,"",1,5.6,0,0.0,3,2.7,8,7.4,119791,12.8,3475,4.1,52,5.0,59,9.0
"13121","5","4592","76","0","2025","4","",44,361,378,395,2684765,419535,4430,546,"",0.81,0.88,0.89,0.89,0.61,0.83,0.83,0.69,"",8,22.2,13,3.7,24,6.8,33,9.1,417831,18.4,-226090,-35.0,-6578,-59.8,54,11.0
"13121","5","45921","77","0","2025","4","",44,361,378,395,2684765,419535,4430,546,"",0.81,0.88,0.89,0.89,0.61,0.83,0.83,0.69,"",8,22.2,13,3.7,24,6.8,33,9.1,417831,18.4,-226090,-35.0,-6578,-59.8,54,11.0
"13121","5","459210","78","0","2025","4","",44,361,378,395,2684765,419535,4430,546,"",0.81,0.88,0.89,0.89,0.61,0.83,0.83,0.69,"",8,22.2,13,3.7,24,6.8,33,9.1,417831,18.4,-226090,-35.0,-6578,-59.8,54,11.0
"13121","5","4593","76","0","2025","4","",51,143,146,145,1274029,130020,1318,677,"",0.63,0.42,0.43,0.42,0.36,0.29,0.23,0.85,"",3,6.2,-5,-3.4,-7,-4.6,5,3.6,-33769,-2.6,-25634,-16.5,-216,-14.1,-7,-1.0
"13121","5","45931","77","0","2025","4","",51,143,146,145,1274029,130020,1318,677,"",0.63,0.42,0.43,0.42,0.36,0.29,0.23,0.85,"",3,6.2,-5,-3.4,-7,-4.6,5,3.6,-33769,-2.6,-25634,-16.5,-216,-14.1,-7,-1.0
"13121","5","459310","78","0","2025","4","",51,143,146,145,1274029,130020,1318,677,"",0.63,0.42,0.43,0.42,0.36,0.29,0.23,0.85,"",3,6.2,-5,-3.4,-7,-4.6,5,3.6,-33769,-2.6,-25634,-16.5,-216,-14.1,-7,-1.0
"13121","5","4594","76","0","2025","4","",122,1079,1120,1141,24397046,1227727,11855,1686,"",0.75,0.94,1.02,1.03,1.79,0.85,0.70,1.80,"",-1,-0.8,-48,-4.3,-29,-2.5,-15,-1.3,2954858,13.8,-64115,-5.0,135,1.2,244,16.9
"13121","5","45941","77","0","2025","4","",19,391,393,391,11173033,242928,3120,2194,"",0.49,1.09,1.09,1.08,1.83,0.62,0.90,1.68,"",0,0.0,16,4.3,26,7.1,30,8.3,1086259,10.8,-42918,-15.0,373,13.6,84,4.0
"13121","5","459410","78","0","2025","4","",19,391,393,391,11173033,242928,3120,2194,"",0.49,1.09,1.09,1.08,1.83,0.62,0.90,1.68,"",0,0.0,16,4.3,26,7.1,30,8.3,1086259,10.8,-42918,-15.0,373,13.6,84,4.0
"13121","5","45942","77","0","2025","4","",103,688,727,750,13224013,984799,8735,1410,"",0.83,0.88,0.98,1.00,1.76,0.94,0.65,1.85,"",-1,-1.0,-64,-8.5,-55,-7.0,-45,-5.7,1868599,16.5,-21197,-2.1,-238,-2.7,285,25.3
"13121","5","459420","78","0","2025","4","",103,688,727,750,13224013,984799,8735,1410,"",0.83,0.88,0.98,1.00,1.76,0.94,0.65,1.85,"",-1,-1.0,-64,-8.5,-55,-7.0,-45,-5.7,1868599,16.5,-21197,-2.1,-238,-2.7,285,25.3
"13121","5","4595","76","0","2025","4","",95,659,664,663,6905795,687556,10523,802,"",0.72,0.50,0.50,0.49,0.49,0.61,0.86,0.98,"",-8,-7.8,-77,-10.5,-69,-9.4,-63,-8.7,-316404,-4.4,-68305,-9.0,-1775,-14.4,43,5.7
"13121","5","45951","77","0","2025","4","",95,659,664,663,6905795,687556,10523,802,"",0.72,0.50,0.50,0.49,0.49,0.61,0.86,0.98,"",-8,-7.8,-77,-10.5,-69,-9.4,-63,-8.7,-316404,-4.4,-68305,-9.0,-1775,-14.4,43,5.7
"13121","5","459510","78","0","2025","4","",95,659,664,663,6905795,687556,10523,802,"",0.72,0.50,0.50,0.49,0.49,0.61,0.86,0.98,"",-8,-7.8,-77,-10.5,-69,-9.4,-63,-8.7,-316404,-4.4,-68305,-9.0,-1775,-14.4,43,5.7
"13121","5","4599","76","0","2025","4","",260,1273,1302,1288,15217099,1865722,22144,909,"",0.48,0.43,0.44,0.44,0.31,0.45,0.39,0.71,"",13,5.3,-61,-4.6,-29,-2.2,2,0.2,376493,2.5,90366,5.1,-161,-0.7,42,4.8
"13121","5","45991","77","0","2025","4","",34,452,473,476,4570364,715105,7424,753,"",0.45,0.56,0.58,0.58,0.43,0.70,0.78,0.76,"",1,3.0,-18,-3.8,-4,-0.8,15,3.3,249754,5.8,146578,25.8,4073,121.5,45,6.4
"13121","5","459910","78","0","2025","4","",34,452,473,476,4570364,715105,7424,753,"",0.45,0.56,0.58,0.58,0.43,0.70,0.78,0.76,"",1,3.0,-18,-3.8,-4,-0.8,15,3.3,249754,5.8,146578,25.8,4073,121.5,45,6.4
"13121","5","45992","77","0","2025","4","",42,90,87,88,2007105,138527,1777,1748,"",1.24,0.91,0.88,0.88,0.74,1.14,1.15,0.83,"",1,2.4,-4,-4.3,-13,-13.0,-11,-11.1,294723,17.2,5326,4.0,-91,-4.9,399,29.6
"13121","5","459920","78","0","2025","4","",42,90,87,88,2007105,138527,1777,1748,"",1.24,0.91,0.88,0.88,0.74,1.14,1.15,0.83,"",1,2.4,-4,-4.3,-13,-13.0,-11,-11.1,294723,17.2,5326,4.0,-91,-4.9,399,29.6
"13121","5","45999","77","0","2025","4","",184,731,742,724,8639630,1012090,12943,907,"",0.44,0.37,0.38,0.37,0.26,0.35,0.29,0.69,"",11,6.4,-39,-5.1,-12,-1.6,-2,-0.3,-167984,-1.9,-61538,-5.7,-4143,-24.2,4,0.4
"13121","5","459991","78","0","2025","4","",95,275,276,267,2006466,491198,8309,566,"",0.47,0.31,0.31,0.30,0.19,0.33,0.35,0.61,"",8,9.2,-26,-8.6,-5,-1.8,9,3.5,29184,1.5,-81209,-14.2,-3118,-27.3,23,4.2
"13121","5","459999","78","0","2025","4","",89,456,466,457,6633164,520892,4634,1110,"",0.40,0.43,0.45,0.43,0.29,0.37,0.23,0.67,"",3,3.5,-13,-2.8,-7,-1.5,-11,-2.4,-197168,-2.9,19671,3.9,-1025,-18.1,-8,-0.7
"13121","5","48-49","74","0","2025","4","",1997,46143,49370,49775,753565634,68757847,941937,1197,"",0.92,1.15,1.18,1.17,0.82,1.24,1.24,0.70,"",168,9.2,-8319,-15.3,-9184,-15.7,-9009,-15.3,-65582666,-8.0,-16082702,-19.0,-366341,-28.0,97,8.8
"13121","5","481","75","0","2025","4","",59,637,640,654,15731006,249793,2325,1880,"",1.08,0.18,0.18,0.19,0.12,0.09,0.09,0.63,"",8,15.7,36,6.0,39,6.5,56,9.4,1045166,7.1,16468,7.1,824,54.9,-3,-0.2
"13121","5","4811","76","0","2025","4","",27,568,572,584,13647593,227614,2096,1827,"",1.36,0.18,0.18,0.19,0.12,0.09,0.10,0.63,"",4,17.4,27,5.0,35,6.5,49,9.2,863632,6.8,47222,26.2,1878,861.5,-2,-0.1
"13121","5","48111","77","0","2025","4","",27,568,572,584,13647593,227614,2096,1827,"",1.36,0.18,0.18,0.19,0.12,0.09,0.10,0.63,"",4,17.4,27,5.0,35,6.5,49,9.2,863632,6.8,47222,26.2,1878,861.5,-2,-0.1
"13121","5","481111","78","0","2025","4","",13,391,394,406,9228574,161253,1213,1788,"",0.88,0.13,0.13,0.13,0.08,0.06,0.06,0.61,"",2,18.2,19,5.1,23,6.2,33,8.8,427084,4.9,33873,26.6,1074,772.7,-32,-1.8
"13121","5","481112","78","0","2025","4","",14,177,178,178,4419019,66361,883,1913,"",2.74,2.11,2.09,2.08,1.77,0.66,0.80,0.84,"",2,16.7,8,4.7,12,7.2,16,9.9,436548,11.0,13349,25.2,804,1017.7,64,3.5
"13121","5","4812","76","0","2025","4","",32,69,68,70,2083413,22179,229,2323,"",0.92,0.19,0.19,0.19,0.12,0.07,0.05,0.62,"",4,14.3,9,15.0,4,6.2,7,11.1,181534,9.5,-30754,-58.1,-1054,-82.2,-24,-1.0
"13121","5","48121","77","0","2025","4","",32,69,68,70,2083413,22179,229,2323,"",0.92,0.19,0.19,0.19,0.12,0.07,0.05,0.62,"",4,14.3,9,15.0,4,6.2,7,11.1,181534,9.5,-30754,-58.1,-1054,-82.2,-24,-1.0
"13121","5","481211","78","0","2025","4","",17,47,46,48,1545597,17679,159,2530,"",0.74,0.19,0.19,0.20,0.13,0.09,0.06,0.66,"",3,21.4,8,20.5,5,12.2,6,14.3,163538,11.8,-5742,-24.5,-375,-70.2,-84,-3.2
"13121","5","481212","78","0","2025","4","",7,6,8,8,155920,4500,70,1636,"",1.68,0.09,0.12,0.12,0.06,0.07,0.08,0.51,"",0,0.0,-2,-25.0,-1,-11.1,-1,-11.1,7914,5.3,1525,51.3,38,118.8,322,24.5
"13121","5","481219","78","0","2025","4","",8,16,14,14,381896,0,0,2003,"",1.04,0.33,0.28,0.28,0.15,0.00,0.00,0.49,"",1,14.3,3,23.1,0,0.0,2,16.7,10082,2.7,-26537,-100.0,-717,-100.0,-197,-9.0
"13121","5","482","75","0","2025","4","N",2,0,0,0,0,0,0,0,"N",1.71,0,0,0,0,0,0,0,"N",1,100.0,0,0,0,0,0,0,0,0,0,0,0,0,0,0
"13121","5","4821","76","0","2025","4","N",2,0,0,0,0,0,0,0,"N",1.71,0,0,0,0,0,0,0,"N",1,100.0,0,0,0,0,0,0,0,0,0,0,0,0,0,0
"13121","5","48211","77","0","2025","4","N",2,0,0,0,0,0,0,0,"N",1.71,0,0,0,0,0,0,0,"N",1,100.0,0,0,0,0,0,0,0,0,0,0,0,0,0,0
"13121","5","482111","78","0","2025","4","N",2,0,0,0,0,0,0,0,"N",2.50,0,0,0,0,0,0,0,"N",1,100.0,0,0,0,0,0,0,0,0,0,0,0,0,0,0
"13121","5","483","75","0","2025","4","",8,30,31,28,927400,15474,500,2405,"",0.46,0.07,0.07,0.07,0.06,0.04,0.07,0.85,"",0,0.0,-1,-3.2,-1,-3.1,-3,-9.7,132851,16.7,-22569,-59.3,-723,-59.1,454,23.3
"13121","5","4831","76","0","2025","4","",8,30,31,28,927400,15474,500,2405,"",0.74,0.12,0.13,0.11,0.10,0.05,0.09,0.83,"",0,0.0,-1,-3.2,-1,-3.1,-3,-9.7,132851,16.7,-22569,-59.3,-723,-59.1,454,23.3
"13121","5","48311","77","0","2025","4","",8,30,31,28,927400,15474,500,2405,"",0.74,0.12,0.13,0.11,0.10,0.05,0.09,0.83,"",0,0.0,-1,-3.2,-1,-3.1,-3,-9.7,132851,16.7,-22569,-59.3,-723,-59.1,454,23.3
"13121","5","483111","78","0","2025","4","N",4,0,0,0,0,0,0,0,"N",0.95,0,0,0,0,0,0,0,"N",0,0.0,0,0,0,0,0,0,0,0,0,0,0,0,0,0
"13121","5","483112","78","0","2025","4","N",1,0,0,0,0,0,0,0,"N",0.64,0,0,0,0,0,0,0,"N",0,0.0,0,0,0,0,0,0,0,0,0,0,0,0,0,0
"13121","5","483113","78","0","2025","4","N",3,0,0,0,0,0,0,0,"N",0.83,0,0,0,0,0,0,0,"N",0,0.0,0,0,0,0,0,0,0,0,0,0,0,0,0,0
"13121","5","484","75","0","2025","4","",890,8306,8445,8487,140899562,13323657,227981,1288,"",0.76,0.93,0.94,0.95,0.69,1.21,1.62,0.73,"",27,3.1,239,3.0,341,4.2,382,4.7,4391892,3.2,1720083,14.8,23066,11.3,-10,-0.8
"13121","5","4841","76","0","2025","4","",699,6827,6923,6964,121818507,10503846,178051,1357,"",0.86,1.09,1.11,1.11,0.86,1.39,1.94,0.78,"",9,1.3,32,0.5,90,1.3,134,2.0,2987270,2.5,1131243,12.1,19526,12.3,17,1.3
"13121","5","48411","77","0","2025","4","",187,1604,1698,1761,23540458,3939356,81744,1073,"",0.58,0.92,0.97,1.00,0.64,1.70,2.36,0.66,"",4,2.2,159,11.0,222,15.0,219,14.2,3703436,18.7,445133,12.7,1142,1.4,47,4.6
"13121","5","484110","78","0","2025","4","",187,1604,1698,1761,23540458,3939356,81744,1073,"",0.58,0.92,0.97,1.00,0.64,1.70,2.36,0.66,"",4,2.2,159,11.0,222,15.0,219,14.2,3703436,18.7,445133,12.7,1142,1.4,47,4.6
"13121","5","48412","77","0","2025","4","",512,5223,5225,5203,98278049,6564490,96307,1449,"",1.03,1.16,1.16,1.15,0.94,1.26,1.68,0.81,"",5,1.0,-127,-2.4,-132,-2.5,-85,-1.6,-716166,-0.7,686110,11.7,18384,23.6,21,1.5
"13121","5","484121","78","0","2025","4","",312,2911,2930,2924,53864097,4845677,71873,1418,"",0.76,0.96,0.97,0.96,0.80,1.20,1.73,0.83,"",30,10.6,-155,-5.1,-126,-4.1,-83,-2.8,-111832,-0.2,848668,21.2,14405,25.1,54,4.0
"13121","5","484122","78","0","2025","4","",200,2312,2295,2279,44413952,1718813,24434,1488,"",2.42,1.56,1.54,1.53,1.19,1.44,1.54,0.77,"",-25,-11.1,28,1.2,-6,-0.3,-2,-0.1,-604334,-1.3,-162558,-8.6,3979,19.5,-25,-1.7
"13121","5","4842","76","0","2025","4","",191,1479,1522,1523,19081055,2819811,49930,973,"",0.53,0.55,0.57,0.57,0.30,0.81,1.02,0.54,"",18,10.4,207,16.3,251,19.7,248,19.5,1404622,7.9,588840,26.4,3540,7.6,-95,-8.9
"13121","5","48421","77","0","2025","4","",59,529,523,529,7577457,594736,6127,1106,"",0.88,0.97,0.98,1.00,0.82,0.81,0.65,0.83,"",-1,-1.7,-102,-16.2,-85,-14.0,-81,-13.3,-646827,-7.9,-229278,-27.8,-8940,-59.3,80,7.8
"13121","5","484210","78","0","2025","4","",59,529,523,529,7577457,594736,6127,1106,"",0.88,0.97,0.98,1.00,0.82,0.81,0.65,0.83,"",-1,-1.7,-102,-16.2,-85,-14.0,-81,-13.3,-646827,-7.9,-229278,-27.8,-8940,-59.3,80,7.8
"13121","5","48422","77","0","2025","4","",66,548,611,590,5644394,1255137,22556,745,"",0.32,0.40,0.44,0.44,0.17,0.69,0.75,0.40,"",11,20.0,233,74.0,275,81.8,252,74.6,1020730,22.1,526878,72.3,4072,22.0,-334,-31.0
"13121","5","484220","78","0","2025","4","",66,548,611,590,5644394,1255137,22556,745,"",0.32,0.40,0.44,0.44,0.17,0.69,0.75,0.40,"",11,20.0,233,74.0,275,81.8,252,74.6,1020730,22.1,526878,72.3,4072,22.0,-334,-31.0
"13121","5","48423","77","0","2025","4","",66,402,388,404,5859204,969938,21247,1132,"",0.76,0.52,0.50,0.52,0.28,1.03,2.21,0.55,"",8,13.8,76,23.3,61,18.7,77,23.5,1030719,21.3,291240,42.9,8408,65.5,-5,-0.4
"13121","5","484230","78","0","2025","4","",66,402,388,404,5859204,969938,21247,1132,"",0.76,0.52,0.50,0.52,0.28,1.03,2.21,0.55,"",8,13.8,76,23.3,61,18.7,77,23.5,1030719,21.3,291240,42.9,8408,65.5,-5,-0.4
"13121","5","485","75","0","2025","4","",146,2044,2054,2017,28130608,2526038,33083,1062,"",0.94,0.57,0.57,0.56,0.46,0.44,0.24,0.81,"",22,17.7,128,6.7,140,7.3,270,15.5,4159605,17.4,231222,10.1,11024,50.0,70,7.1
"13121","5","4851","76","0","2025","4","",15,595,599,598,7452102,581949,8051,960,"",2.53,2.05,2.05,2.03,1.11,1.74,1.98,0.55,"N",3,25.0,0,0,0,0,0,0,0,0,0,0,0,0,0,0
"13121","5","48511","77","0","2025","4","",15,595,599,598,7452102,581949,8051,960,"",2.53,2.05,2.05,2.03,1.11,1.74,1.98,0.55,"N",3,25.0,0,0,0,0,0,0,0,0,0,0,0,0,0,0
"13121","5","485111","78","0","2025","4","N",2,0,0,0,0,0,0,0,"N",3.07,0,0,0,0,0,0,0,"N",0,0.0,0,0,0,0,0,0,0,0,0,0,0,0,0,0
"13121","5","485113","78","0","2025","4","",11,229,235,233,3279873,274398,3315,1086,"",2.46,0.96,0.98,0.97,0.67,1.05,0.93,0.69,"N",3,37.5,0,0,0,0,0,0,0,0,0,0,0,0,0,0
"13121","5","485119","78","0","2025","4","N",2,0,0,0,0,0,0,0,"N",3.04,0,0,0,0,0,0,0,"N",0,0.0,0,0,0,0,0,0,0,0,0,0,0,0,0,0
"13121","5","4852","76","0","2025","4","N",2,0,0,0,0,0,0,0,"N",0.59,0,0,0,0,0,0,0,"N",0,0.0,0,0,0,0,0,0,0,0,0,0,0,0,0,0
"13121","5","48521","77","0","2025","4","N",2,0,0,0,0,0,0,0,"N",0.59,0,0,0,0,0,0,0,"N",0,0.0,0,0,0,0,0,0,0,0,0,0,0,0,0,0
"13121","5","485210","78","0","2025","4","N",2,0,0,0,0,0,0,0,"N",0.59,0,0,0,0,0,0,0,"N",0,0.0,0,0,0,0,0,0,0,0,0,0,0,0,0,0
"13121","5","4853","76","0","2025","4","",53,429,426,430,7350598,654626,11387,1320,"",1.02,0.42,0.41,0.41,0.34,0.34,0.43,0.82,"",13,32.5,193,81.8,189,79.7,203,89.4,4607871,168.0,307169,88.4,9584,531.6,416,46.0
"13121","5","48531","77","0","2025","4","N",14,0,0,0,0,0,0,0,"N",0.61,0,0,0,0,0,0,0,"N",7,100.0,0,0,0,0,0,0,0,0,0,0,0,0,0,0
"13121","5","485310","78","0","2025","4","N",14,0,0,0,0,0,0,0,"N",0.61,0,0,0,0,0,0,0,"N",7,100.0,0,0,0,0,0,0,0,0,0,0,0,0,0,0
"13121","5","48532","77","0","2025","4","N",39,0,0,0,0,0,0,0,"N",1.33,0,0,0,0,0,0,0,"N",6,18.2,0,0,0,0,0,0,0,0,0,0,0,0,0,0
"13121","5","485320","78","0","2025","4","N",39,0,0,0,0,0,0,0,"N",1.33,0,0,0,0,0,0,0,"N",6,18.2,0,0,0,0,0,0,0,0,0,0,0,0,0,0
"13121","5","4854","76","0","2025","4","N",6,0,0,0,0,0,0,0,"N",0.21,0,0,0,0,0,0,0,"N",2,50.0,0,0,0,0,0,0,0,0,0,0,0,0,0,0
"13121","5","48541","77","0","2025","4","N",6,0,0,0,0,0,0,0,"N",0.21,0,0,0,0,0,0,0,"N",2,50.0,0,0,0,0,0,0,0,0,0,0,0,0,0,0
"13121","5","485410","78","0","2025","4","N",6,0,0,0,0,0,0,0,"N",0.21,0,0,0,0,0,0,0,"N",2,50.0,0,0,0,0,0,0,0,0,0,0,0,0,0,0
"13121","5","4855","76","0","2025","4","",9,96,67,54,1277785,49733,1279,1359,"",0.95,0.67,0.48,0.39,0.49,0.24,0.40,0.96,"",0,0.0,-15,-13.5,-33,-33.0,-32,-37.2,-374138,-22.6,-69248,-58.2,-2207,-63.3,75,5.8
"13121","5","48551","77","0","2025","4","",9,96,67,54,1277785,49733,1279,1359,"",0.95,0.67,0.48,0.39,0.49,0.24,0.40,0.96,"",0,0.0,-15,-13.5,-33,-33.0,-32,-37.2,-374138,-22.6,-69248,-58.2,-2207,-63.3,75,5.8
"13121","5","485510","78","0","2025","4","",9,96,67,54,1277785,49733,1279,1359,"",0.95,0.67,0.48,0.39,0.49,0.24,0.40,0.96,"",0,0.0,-15,-13.5,-33,-33.0,-32,-37.2,-374138,-22.6,-69248,-58.2,-2207,-63.3,75,5.8
"13121","5","4859","76","0","2025","4","",61,793,832,846,9782740,1104482,12020,914,"",1.12,1.14,1.19,1.21,0.92,1.10,0.69,0.78,"",4,7.0,-58,-6.8,-36,-4.1,39,4.8,-718874,-6.8,122866,12.5,2201,22.4,-45,-4.7
"13121","5","48599","77","0","2025","4","",61,793,832,846,9782740,1104482,12020,914,"",1.12,1.14,1.19,1.21,0.92,1.10,0.69,0.78,"",4,7.0,-58,-6.8,-36,-4.1,39,4.8,-718874,-6.8,122866,12.5,2201,22.4,-45,-4.7
"13121","5","485991","78","0","2025","4","",16,487,516,510,6824970,637459,7775,1041,"",0.51,1.06,1.11,1.09,0.98,0.99,0.69,0.90,"",3,23.1,-30,-5.8,-14,-2.6,-7,-1.4,-764929,-10.1,143345,29.0,2150,38.2,-79,-7.1
"13121","5","485999","78","0","2025","4","",45,306,316,336,2957770,467023,4245,712,"",1.92,1.31,1.35,1.45,0.80,1.27,0.69,0.58,"",1,2.3,-28,-8.4,-22,-6.5,46,15.9,46055,1.6,-20479,-4.2,51,1.2,14,2.0
"13121","5","486","75","0","2025","4","",11,110,103,101,4532715,42367,554,3331,"",0.47,0.32,0.30,0.29,0.27,0.30,0.33,0.87,"",1,10.0,-72,-39.6,-77,-42.8,-74,-42.3,-1864749,-29.1,-4385,-9.4,117,26.8,582,21.2
"13121","5","4861","76","0","2025","4","N",2,0,0,0,0,0,0,0,"N",0.51,0,0,0,0,0,0,0,"N",0,0.0,0,0,0,0,0,0,0,0,0,0,0,0,0,0
"13121","5","48611","77","0","2025","4","N",2,0,0,0,0,0,0,0,"N",0.51,0,0,0,0,0,0,0,"N",0,0.0,0,0,0,0,0,0,0,0,0,0,0,0,0,0
"13121","5","486110","78","0","2025","4","N",2,0,0,0,0,0,0,0,"N",0.51,0,0,0,0,0,0,0,"N",0,0.0,0,0,0,0,0,0,0,0,0,0,0,0,0,0
"13121","5","4862","76","0","2025","4","",5,88,82,80,3863260,23010,52,3566,"",0.32,0.39,0.36,0.35,0.32,0.27,0.06,0.87,"",-1,-16.7,-74,-45.7,-77,-48.4,-75,-48.4,-1938897,-33.4,-18287,-44.3,-345,-86.9,753,26.8
"13121","5","48621","77","0","2025","4","",5,88,82,80,3863260,23010,52,3566,"",0.32,0.39,0.36,0.35,0.32,0.27,0.06,0.87,"",-1,-16.7,-74,-45.7,-77,-48.4,-75,-48.4,-1938897,-33.4,-18287,-44.3,-345,-86.9,753,26.8
"13121","5","486210","78","0","2025","4","",5,88,82,80,3863260,23010,52,3566,"",0.32,0.39,0.36,0.35,0.32,0.27,0.06,0.87,"",-1,-16.7,-74,-45.7,-77,-48.4,-75,-48.4,-1938897,-33.4,-18287,-44.3,-345,-86.9,753,26.8
"13121","5","4869","76","0","2025","4","N",4,0,0,0,0,0,0,0,"N",0.98,0,0,0,0,0,0,0,"N",2,100.0,0,0,0,0,0,0,0,0,0,0,0,0,0,0
"13121","5","48691","77","0","2025","4","N",4,0,0,0,0,0,0,0,"N",1.12,0,0,0,0,0,0,0,"N",2,100.0,0,0,0,0,0,0,0,0,0,0,0,0,0,0
"13121","5","486910","78","0","2025","4","N",4,0,0,0,0,0,0,0,"N",1.12,0,0,0,0,0,0,0,"N",2,100.0,0,0,0,0,0,0,0,0,0,0,0,0,0,0
"13121","5","487","75","0","2025","4","N",2,0,0,0,0,0,0,0,"N",0.08,0,0,0,0,0,0,0,"N",-1,-33.3,0,0,0,0,0,0,0,0,0,0,0,0,0,0
"13121","5","4871","76","0","2025","4","N",2,0,0,0,0,0,0,0,"N",0.36,0,0,0,0,0,0,0,"N",0,0.0,0,0,0,0,0,0,0,0,0,0,0,0,0,0
"13121","5","48711","77","0","2025","4","N",2,0,0,0,0,0,0,0,"N",0.36,0,0,0,0,0,0,0,"N",0,0.0,0,0,0,0,0,0,0,0,0,0,0,0,0,0
"13121","5","487110","78","0","2025","4","N",2,0,0,0,0,0,0,0,"N",0.36,0,0,0,0,0,0,0,"N",0,0.0,0,0,0,0,0,0,0,0,0,0,0,0,0,0
"13121","5","4872","76","0","2025","4","-",0,0,0,0,0,0,0,0,"N",0.00,0,0,0,0,0,0,0,"N",-1,-100.0,0,0,0,0,0,0,0,0,0,0,0,0,0,0
"13121","5","48721","77","0","2025","4","-",0,0,0,0,0,0,0,0,"N",0.00,0,0,0,0,0,0,0,"N",-1,-100.0,0,0,0,0,0,0,0,0,0,0,0,0,0,0
"13121","5","487210","78","0","2025","4","-",0,0,0,0,0,0,0,0,"N",0.00,0,0,0,0,0,0,0,"N",-1,-100.0,0,0,0,0,0,0,0,0,0,0,0,0,0,0
"13121","5","488","75","0","2025","4","",513,8479,8494,8385,141686148,10506458,240415,1289,"",1.28,1.72,1.71,1.68,1.13,1.77,2.91,0.66,"",51,11.0,-1312,-13.4,-1458,-14.7,-1515,-15.3,-2141697,-1.5,-3262799,-23.7,38916,19.3,169,15.1
"13121","5","4881","76","0","2025","4","",48,3694,3703,3593,32918548,5434445,149822,691,"",0.73,2.26,2.25,2.16,0.96,2.55,5.32,0.43,"",-4,-7.7,-1220,-24.8,-1341,-26.6,-1375,-27.7,-6546459,-16.6,-2421692,-30.8,48976,48.6,81,13.3
"13121","5","48811","77","0","2025","4","",12,1168,1192,1158,11325723,2118034,46508,743,"",0.71,1.50,1.52,1.46,0.97,1.71,2.71,0.65,"N",-4,-25.0,0,0,0,0,0,0,0,0,0,0,0,0,0,0
"13121","5","488119","78","0","2025","4","",12,1168,1192,1158,11325723,2118034,46508,743,"",0.79,1.53,1.54,1.49,1.00,1.73,2.74,0.66,"",-3,-20.0,-149,-11.3,-180,-13.1,-206,-15.1,-736089,-6.1,-26672,-1.2,19843,74.4,56,8.2
"13121","5","48819","77","0","2025","4","",36,2526,2511,2435,21592825,3316411,103314,667,"",0.74,2.95,2.91,2.80,0.95,3.71,9.41,0.33,"N",0,0.0,0,0,0,0,0,0,0,0,0,0,0,0,0,0
"13121","5","488190","78","0","2025","4","",36,2526,2511,2435,21592825,3316411,103314,667,"",0.74,2.95,2.91,2.80,0.95,3.71,9.41,0.33,"N",0,0.0,0,0,0,0,0,0,0,0,0,0,0,0,0,0
"13121","5","4882","76","0","2025","4","",17,247,246,249,4236019,205477,1360,1317,"",1.24,1.04,1.04,1.04,0.70,0.83,0.35,0.67,"N",-3,-15.0,0,0,0,0,0,0,0,0,0,0,0,0,0,0
"13121","5","48821","77","0","2025","4","",17,247,246,249,4236019,205477,1360,1317,"",1.24,1.04,1.04,1.04,0.70,0.83,0.35,0.67,"N",-3,-15.0,0,0,0,0,0,0,0,0,0,0,0,0,0,0
"13121","5","488210","78","0","2025","4","",17,247,246,249,4236019,205477,1360,1317,"",1.24,1.04,1.04,1.04,0.70,0.83,0.35,0.67,"N",-3,-15.0,0,0,0,0,0,0,0,0,0,0,0,0,0,0
"13121","5","4883","76","0","2025","4","",6,31,29,27,499683,26191,164,1325,"",0.29,0.05,0.05,0.05,0.02,0.04,0.02,0.47,"N",3,100.0,0,0,0,0,0,0,0,0,0,0,0,0,0,0
"13121","5","48832","77","0","2025","4","N",2,0,0,0,0,0,0,0,"N",0.36,0,0,0,0,0,0,0,"N",1,100.0,0,0,0,0,0,0,0,0,0,0,0,0,0,0
"13121","5","488320","78","0","2025","4","N",2,0,0,0,0,0,0,0,"N",0.36,0,0,0,0,0,0,0,"N",1,100.0,0,0,0,0,0,0,0,0,0,0,0,0,0,0
"13121","5","48833","77","0","2025","4","N",2,0,0,0,0,0,0,0,"N",0.31,0,0,0,0,0,0,0,"N",1,100.0,0,0,0,0,0,0,0,0,0,0,0,0,0,0
"13121","5","488330","78","0","2025","4","N",2,0,0,0,0,0,0,0,"N",0.31,0,0,0,0,0,0,0,"N",1,100.0,0,0,0,0,0,0,0,0,0,0,0,0,0,0
"13121","5","48839","77","0","2025","4","N",2,0,0,0,0,0,0,0,"N",0.33,0,0,0,0,0,0,0,"N",1,100.0,0,0,0,0,0,0,0,0,0,0,0,0,0,0
"13121","5","488390","78","0","2025","4","N",2,0,0,0,0,0,0,0,"N",0.33,0,0,0,0,0,0,0,"N",1,100.0,0,0,0,0,0,0,0,0,0,0,0,0,0,0
"13121","5","4884","76","0","2025","4","",75,256,255,269,5402148,464011,5968,1598,"",0.73,0.37,0.37,0.39,0.39,0.47,0.46,1.05,"",12,19.0,-13,-4.8,-35,-12.1,-41,-13.2,259543,5.0,-239397,-34.0,-4439,-42.7,232,17.0
"13121","5","48841","77","0","2025","4","",49,184,182,198,3168056,253134,5424,1296,"",0.67,0.41,0.41,0.44,0.37,0.44,0.77,0.87,"",8,19.5,-16,-8.0,-35,-16.1,-39,-16.5,-130533,-4.0,-128907,-33.7,-4003,-42.5,132,11.3
"13121","5","488410","78","0","2025","4","",49,184,182,198,3168056,253134,5424,1296,"",0.67,0.41,0.41,0.44,0.37,0.44,0.77,0.87,"",8,19.5,-16,-8.0,-35,-16.1,-39,-16.5,-130533,-4.0,-128907,-33.7,-4003,-42.5,132,11.3
"13121","5","48849","77","0","2025","4","",26,72,73,71,2234092,210877,544,2387,"",0.91,0.29,0.29,0.28,0.43,0.53,0.09,1.51,"",4,18.2,3,4.3,0,0.0,-2,-2.7,390076,21.2,-110490,-34.4,-436,-44.5,408,20.6
"13121","5","488490","78","0","2025","4","",26,72,73,71,2234092,210877,544,2387,"",0.91,0.29,0.29,0.28,0.43,0.53,0.09,1.51,"",4,18.2,3,4.3,0,0.0,-2,-2.7,390076,21.2,-110490,-34.4,-436,-44.5,408,20.6
"13121","5","4885","76","0","2025","4","",313,3749,3761,3757,91059463,3383342,71133,1865,"",1.82,2.40,2.39,2.38,2.04,2.17,3.10,0.85,"",32,11.4,-123,-3.2,-118,-3.0,-102,-2.6,2840500,3.2,-542454,-13.8,-5748,-7.5,111,6.3
"13121","5","48851","77","0","2025","4","",313,3749,3761,3757,91059463,3383342,71133,1865,"",1.82,2.40,2.39,2.38,2.04,2.17,3.10,0.85,"",32,11.4,-123,-3.2,-118,-3.0,-102,-2.6,2840500,3.2,-542454,-13.8,-5748,-7.5,111,6.3
"13121","5","488510","78","0","2025","4","",313,3749,3761,3757,91059463,3383342,71133,1865,"",1.82,2.40,2.39,2.38,2.04,2.17,3.10,0.85,"",32,11.4,-123,-3.2,-118,-3.0,-102,-2.6,2840500,3.2,-542454,-13.8,-5748,-7.5,111,6.3
"13121","5","4889","76","0","2025","4","",54,502,500,490,7570287,992992,11968,1171,"",2.08,2.23,2.19,2.13,1.56,3.40,2.94,0.71,"",11,25.6,78,18.4,73,17.1,37,8.2,1239634,19.6,41052,4.3,2405,25.1,51,4.6
"13121","5","48899","77","0","2025","4","",54,502,500,490,7570287,992992,11968,1171,"",2.08,2.23,2.19,2.13,1.56,3.40,2.94,0.71,"",11,25.6,78,18.4,73,17.1,37,8.2,1239634,19.6,41052,4.3,2405,25.1,51,4.6
"13121","5","488991","78","0","2025","4","N",12,0,0,0,0,0,0,0,"N",1.27,0,0,0,0,0,0,0,"N",1,9.1,0,0,0,0,0,0,0,0,0,0,0,0,0,0
"13121","5","488999","78","0","2025","4","N",42,0,0,0,0,0,0,0,"N",2.55,0,0,0,0,0,0,0,"N",10,31.2,0,0,0,0,0,0,0,0,0,0,0,0,0,0
"13121","5","491","75","0","2025","4","N",1,0,0,0,0,0,0,0,"N",0.15,0,0,0,0,0,0,0,"N",1,100.0,0,0,0,0,0,0,0,0,0,0,0,0,0,0
"13121","5","4911","76","0","2025","4","N",1,0,0,0,0,0,0,0,"N",0.15,0,0,0,0,0,0,0,"N",1,100.0,0,0,0,0,0,0,0,0,0,0,0,0,0,0
"13121","5","49111","77","0","2025","4","N",1,0,0,0,0,0,0,0,"N",0.15,0,0,0,0,0,0,0,"N",1,100.0,0,0,0,0,0,0,0,0,0,0,0,0,0,0
"13121","5","491110","78","0","2025","4","N",1,0,0,0,0,0,0,0,"N",0.15,0,0,0,0,0,0,0,"N",1,100.0,0,0,0,0,0,0,0,0,0,0,0,0,0,0
"13121","5","492","75","0","2025","4","",122,12772,15300,15898,206013153,21899797,235872,1081,"",0.80,1.87,1.99,1.89,1.49,1.80,1.52,0.78,"",16,15.1,2696,26.8,3372,28.3,4029,33.9,28038259,15.8,3688837,20.3,27168,13.0,-132,-10.9
"13121","5","4921","76","0","2025","4","",86,12116,14585,15157,195415917,20371829,204789,1077,"",0.88,2.14,2.27,2.15,1.73,2.21,1.95,0.79,"",16,22.9,2772,29.7,3347,29.8,4014,36.0,28064669,16.8,3433724,20.3,23086,12.7,-140,-11.5
"13121","5","49211","77","0","2025","4","",86,12116,14585,15157,195415917,20371829,204789,1077,"",0.88,2.14,2.27,2.15,1.73,2.21,1.95,0.79,"",16,22.9,2772,29.7,3347,29.8,4014,36.0,28064669,16.8,3433724,20.3,23086,12.7,-140,-11.5
"13121","5","492110","78","0","2025","4","",86,12116,14585,15157,195415917,20371829,204789,1077,"",0.88,2.14,2.27,2.15,1.73,2.21,1.95,0.79,"",16,22.9,2772,29.7,3347,29.8,4014,36.0,28064669,16.8,3433724,20.3,23086,12.7,-140,-11.5
"13121","5","4922","76","0","2025","4","",36,656,715,741,10597236,1527968,31083,1158,"",0.64,0.56,0.56,0.55,0.42,0.52,0.62,0.75,"",0,0.0,-76,-10.4,25,3.6,15,2.1,-26410,-0.2,255113,20.0,4082,15.1,17,1.5
"13121","5","49221","77","0","2025","4","",36,656,715,741,10597236,1527968,31083,1158,"",0.64,0.56,0.56,0.55,0.42,0.52,0.62,0.75,"",0,0.0,-76,-10.4,25,3.6,15,2.1,-26410,-0.2,255113,20.0,4082,15.1,17,1.5
"13121","5","492210","78","0","2025","4","",36,656,715,741,10597236,1527968,31083,1158,"",0.64,0.56,0.56,0.55,0.42,0.52,0.62,0.75,"",0,0.0,-76,-10.4,25,3.6,15,2.1,-26410,-0.2,255113,20.0,4082,15.1,17,1.5
"13121","5","493","75","0","2025","4","",243,13760,14299,14202,215606444,20176102,200716,1177,"",1.50,1.20,1.18,1.17,0.98,1.22,1.00,0.83,"",42,20.9,-10033,-42.2,-11539,-44.7,-12152,-46.1,-99355508,-31.5,-18457044,-47.8,-466936,-69.9,220,23.0
"13121","5","4931","76","0","2025","4","",243,13760,14299,14202,215606444,20176102,200716,1177,"",1.50,1.20,1.18,1.17,0.98,1.22,1.00,0.83,"",42,20.9,-10033,-42.2,-11539,-44.7,-12152,-46.1,-99355508,-31.5,-18457044,-47.8,-466936,-69.9,220,23.0
"13121","5","49311","77","0","2025","4","",187,12857,13362,13261,200473482,19240361,186006,1172,"",1.51,1.21,1.19,1.17,1.00,1.24,1.00,0.84,"",35,23.0,-9925,-43.6,-11457,-46.2,-12069,-47.6,-98144192,-32.9,-18113330,-48.5,-451013,-70.8,227,24.0
"13121","5","493110","78","0","2025","4","",187,12857,13362,13261,200473482,19240361,186006,1172,"",1.51,1.21,1.19,1.17,1.00,1.24,1.00,0.84,"",35,23.0,-9925,-43.6,-11457,-46.2,-12069,-47.6,-98144192,-32.9,-18113330,-48.5,-451013,-70.8,227,24.0
"13121","5","49312","77","0","2025","4","",14,560,562,558,9982807,421928,7462,1371,"",1.09,1.28,1.27,1.26,1.02,0.70,0.84,0.80,"",3,27.3,-60,-9.7,-61,-9.8,-56,-9.1,86731,0.9,-139666,-24.9,-4250,-36.3,141,11.5
"13121","5","493120","78","0","2025","4","",14,560,562,558,9982807,421928,7462,1371,"",1.09,1.28,1.27,1.26,1.02,0.70,0.84,0.80,"",3,27.3,-60,-9.7,-61,-9.8,-56,-9.1,86731,0.9,-139666,-24.9,-4250,-36.3,141,11.5
"13121","5","49313","77","0","2025","4","N",1,0,0,0,0,0,0,0,"N",0.16,0,0,0,0,0,0,0,"N",0,0.0,0,0,0,0,0,0,0,0,0,0,0,0,0,0
"13121","5","493130","78","0","2025","4","N",1,0,0,0,0,0,0,0,"N",0.16,0,0,0,0,0,0,0,"N",0,0.0,0,0,0,0,0,0,0,0,0,0,0,0,0,0
"13121","5","49319","77","0","2025","4","N",41,0,0,0,0,0,0,0,"N",2.13,0,0,0,0,0,0,0,"N",4,10.8,0,0,0,0,0,0,0,0,0,0,0,0,0,0
"13121","5","493190","78","0","2025","4","N",41,0,0,0,0,0,0,0,"N",2.13,0,0,0,0,0,0,0,"N",4,10.8,0,0,0,0,0,0,0,0,0,0,0,0,0,0
"13121","5","51","74","0","2025","4","",2924,52864,52156,52644,2228422554,47044894,674669,3262,"",1.43,3.08,3.02,3.05,2.14,3.16,2.46,0.70,"",336,13.0,531,1.0,-1442,-2.7,-400,-0.8,7052572,0.3,8245694,21.3,113790,20.3,37,1.1
"13121","5","512","75","0","2025","4","",545,6140,5518,6088,158379472,24545879,325493,2060,"",1.99,2.77,2.38,2.75,2.03,7.20,3.29,0.77,"",36,7.1,1713,38.7,-243,-4.2,588,10.7,6721368,4.4,6722800,37.7,74104,29.5,-171,-7.7
"13121","5","5121","76","0","2025","4","",466,6022,5401,5970,155582008,24449514,323782,2064,"",1.97,2.88,2.47,2.86,2.21,7.41,3.34,0.81,"",35,8.1,1718,39.9,-244,-4.3,593,11.0,7679683,5.2,6753461,38.2,74640,30.0,-163,-7.3
"13121","5","51211","77","0","2025","4","",343,4985,4309,4804,143382425,22945882,306996,2347,"",2.03,3.93,3.20,4.00,2.43,9.35,3.48,0.66,"",21,6.5,1673,50.5,-332,-7.2,487,11.3,6535953,4.8,6402420,38.7,80571,35.6,-227,-8.8
"13121","5","512110","78","0","2025","4","",343,4985,4309,4804,143382425,22945882,306996,2347,"",2.03,3.93,3.20,4.00,2.43,9.35,3.48,0.66,"",21,6.5,1673,50.5,-332,-7.2,487,11.3,6535953,4.8,6402420,38.7,80571,35.6,-227,-8.8
"13121","5","51212","77","0","2025","4","",16,15,19,25,771051,137753,3467,3016,"",2.83,0.37,0.46,0.59,0.34,5.42,5.94,0.71,"N",4,33.3,0,0,0,0,0,0,0,0,0,0,0,0,0,0
"13121","5","512120","78","0","2025","4","",16,15,19,25,771051,137753,3467,3016,"",2.83,0.37,0.46,0.59,0.34,5.42,5.94,0.71,"N",4,33.3,0,0,0,0,0,0,0,0,0,0,0,0,0,0
"13121","5","51213","77","0","2025","4","",22,756,802,861,5310411,1024627,7167,507,"",0.78,1.13,1.15,1.17,1.10,1.40,1.16,0.95,"",2,10.0,12,1.6,43,5.7,46,5.6,536909,11.2,109805,12.0,-11168,-60.9,32,6.7
"13121","5","512131","78","0","2025","4","",22,756,802,861,5310411,1024627,7167,507,"",0.82,1.15,1.17,1.18,1.11,1.41,1.18,0.95,"",2,10.0,12,1.6,43,5.7,46,5.6,536909,11.2,109805,12.0,-11168,-60.9,32,6.7
"13121","5","51219","77","0","2025","4","",85,266,271,280,6118121,341252,6152,1728,"",2.53,2.42,2.57,2.67,1.44,3.88,3.09,0.56,"N",8,10.4,0,0,0,0,0,0,0,0,0,0,0,0,0,0
"13121","5","512191","78","0","2025","4","",50,153,153,156,3657288,158341,2434,1827,"",1.80,1.73,1.75,1.76,1.01,2.40,1.44,0.58,"",0,0.0,-26,-14.5,-23,-13.1,-20,-11.4,-756956,-17.1,53953,51.7,849,53.6,-91,-4.7
"13121","5","512199","78","0","2025","4","",35,113,118,124,2460833,182911,3718,1600,"",6.01,5.32,6.65,7.53,3.82,8.32,12.35,0.60,"N",8,29.6,0,0,0,0,0,0,0,0,0,0,0,0,0,0
"13121","5","5122","76","0","2025","4","",79,118,117,118,2797464,96365,1711,1829,"",2.15,0.92,0.93,0.92,0.37,0.88,0.85,0.40,"",1,1.3,-5,-4.1,1,0.9,-5,-4.1,-958315,-25.5,-30661,-24.1,-536,-23.9,-565,-23.6
"13121","5","51223","77","0","2025","4","",18,19,18,19,683540,18666,278,2817,"",2.17,0.54,0.51,0.53,0.44,0.76,0.84,0.83,"",-2,-10.0,-1,-5.0,-1,-5.3,-3,-13.6,-234559,-25.5,-22334,-54.5,-670,-70.7,-656,-18.9
"13121","5","512230","78","0","2025","4","",18,19,18,19,683540,18666,278,2817,"",2.17,0.54,0.51,0.53,0.44,0.76,0.84,0.83,"",-2,-10.0,-1,-5.0,-1,-5.3,-3,-13.6,-234559,-25.5,-22334,-54.5,-670,-70.7,-656,-18.9
"13121","5","51224","77","0","2025","4","",39,74,74,73,1457677,60367,1058,1522,"",2.88,2.59,2.58,2.51,1.56,1.83,1.59,0.61,"",1,2.6,7,10.4,8,12.1,4,5.8,-405110,-21.7,15085,33.3,557,111.2,-606,-28.5
"13121","5","512240","78","0","2025","4","",39,74,74,73,1457677,60367,1058,1522,"",2.88,2.59,2.58,2.51,1.56,1.83,1.59,0.61,"",1,2.6,7,10.4,8,12.1,4,5.8,-405110,-21.7,15085,33.3,557,111.2,-606,-28.5
"13121","5","51225","77","0","2025","4","",7,7,7,7,322564,0,0,3545,"",0.75,0.15,0.15,0.15,0.07,0.00,0.00,0.47,"",-1,-12.5,-6,-46.2,-4,-36.4,-4,-36.4,-180582,-35.9,0,0.0,0,0.0,228,6.9
"13121","5","512250","78","0","2025","4","",7,7,7,7,322564,0,0,3545,"",0.75,0.15,0.15,0.15,0.07,0.00,0.00,0.47,"",-1,-12.5,-6,-46.2,-4,-36.4,-4,-36.4,-180582,-35.9,0,0.0,0,0.0,228,6.9
"13121","5","51229","77","0","2025","4","",15,18,18,19,333683,17332,375,1400,"",2.66,1.03,1.13,1.14,0.64,0.96,0.93,0.58,"",3,25.0,-5,-21.7,-2,-10.0,-2,-9.5,-138064,-29.3,-23412,-57.5,-423,-53.0,-301,-17.7
"13121","5","512290","78","0","2025","4","",15,18,18,19,333683,17332,375,1400,"",2.66,1.03,1.13,1.14,0.64,0.96,0.93,0.58,"",3,25.0,-5,-21.7,-2,-10.0,-2,-9.5,-138064,-29.3,-23412,-57.5,-423,-53.0,-301,-17.7
"13121","5","513","75","0","2025","4","",1144,17245,17197,17227,745788133,8442628,107284,3331,"",1.27,3.23,3.20,3.19,2.15,1.79,1.42,0.67,"",127,12.5,-667,-3.7,-695,-3.9,-638,-3.6,5987871,0.8,692259,8.9,2338,2.2,150,4.7
"13121","5","5131","76","0","2025","4","",194,3082,3066,3085,121770076,1402247,20827,3044,"",1.04,2.09,2.08,2.09,2.28,1.34,1.34,1.10,"",-8,-4.0,-253,-7.6,-248,-7.5,-229,-6.9,-6770998,-5.3,-208352,-12.9,110,0.5,67,2.3
"13121","5","51311","77","0","2025","4","",38,1669,1661,1654,77913431,338684,5260,3608,"",0.79,3.44,3.42,3.40,5.98,0.83,1.07,1.75,"",1,2.7,-44,-2.6,-47,-2.8,-54,-3.2,6053839,8.4,-251014,-42.6,101,2.0,375,11.6
"13121","5","513110","78","0","2025","4","",38,1669,1661,1654,77913431,338684,5260,3608,"",0.79,3.44,3.42,3.40,5.98,0.83,1.07,1.75,"",1,2.7,-44,-2.6,-47,-2.8,-54,-3.2,6053839,8.4,-251014,-42.6,101,2.0,375,11.6
"13121","5","51312","77","0","2025","4","",49,314,316,313,9486409,147238,1380,2321,"",0.93,0.87,0.88,0.87,0.68,0.68,0.39,0.78,"",-3,-5.8,-152,-32.6,-144,-31.3,-144,-31.5,-4826456,-33.7,11408,8.4,-732,-34.7,-67,-2.8
"13121","5","513120","78","0","2025","4","",49,314,316,313,9486409,147238,1380,2321,"",0.93,0.87,0.88,0.87,0.68,0.68,0.39,0.78,"",-3,-5.8,-152,-32.6,-144,-31.3,-144,-31.5,-4826456,-33.7,11408,8.4,-732,-34.7,-67,-2.8
"13121","5","51313","77","0","2025","4","",20,55,57,56,1191699,32300,446,1637,"",0.53,0.17,0.18,0.18,0.11,0.17,0.18,0.63,"",0,0.0,-6,-9.8,3,5.6,5,9.8,93586,8.5,-15336,-32.2,-152,-25.4,110,7.2
"13121","5","513130","78","0","2025","4","",20,55,57,56,1191699,32300,446,1637,"",0.53,0.17,0.18,0.18,0.11,0.17,0.18,0.63,"",0,0.0,-6,-9.8,3,5.6,5,9.8,93586,8.5,-15336,-32.2,-152,-25.4,110,7.2
"13121","5","51314","77","0","2025","4","",24,221,216,225,6391875,275648,2615,2228,"",2.70,2.70,2.64,2.76,1.72,4.84,2.13,0.64,"",3,14.3,-16,-6.8,-22,-9.2,-10,-4.3,-7356571,-53.5,39948,16.9,-665,-20.3,-2241,-50.1
"13121","5","513140","78","0","2025","4","",24,221,216,225,6391875,275648,2615,2228,"",2.70,2.70,2.64,2.76,1.72,4.84,2.13,0.64,"",3,14.3,-16,-6.8,-22,-9.2,-10,-4.3,-7356571,-53.5,39948,16.9,-665,-20.3,-2241,-50.1
"13121","5","51319","77","0","2025","4","",63,823,816,837,26786662,608377,11126,2497,"",1.58,3.58,3.56,3.64,2.23,3.49,3.24,0.62,"",-9,-12.5,-35,-4.1,-38,-4.4,-26,-3.0,-735396,-2.7,6642,1.1,1558,16.3,30,1.2
"13121","5","513199","78","0","2025","4","",63,823,816,837,26786662,608377,11126,2497,"",1.62,3.82,3.79,3.88,2.28,3.79,3.34,0.60,"",-9,-12.5,-35,-4.1,-38,-4.4,-26,-3.0,-735396,-2.7,6642,1.1,1558,16.3,30,1.2
"13121","5","5132","76","0","2025","4","",950,14163,14131,14142,624018057,7040381,86457,3393,"",1.34,3.66,3.63,3.60,2.12,1.92,1.45,0.59,"",135,16.6,-414,-2.8,-447,-3.1,-409,-2.8,12758869,2.1,900611,14.7,2228,2.6,166,5.1
"13121","5","51321","77","0","2025","4","",950,14163,14131,14142,624018057,7040381,86457,3393,"",1.34,3.66,3.63,3.60,2.12,1.92,1.45,0.59,"",135,16.6,-414,-2.8,-447,-3.1,-409,-2.8,12758869,2.1,900611,14.7,2228,2.6,166,5.1
"13121","5","513210","78","0","2025","4","",950,14163,14131,14142,624018057,7040381,86457,3393,"",1.34,3.66,3.63,3.60,2.12,1.92,1.45,0.59,"",135,16.6,-414,-2.8,-447,-3.1,-409,-2.8,12758869,2.1,900611,14.7,2228,2.6,166,5.1
"13121","5","516","75","0","2025","4","",166,4310,4319,4341,170706426,1735573,31825,3037,"",1.15,2.08,2.09,2.09,0.97,1.23,1.64,0.47,"",-3,-1.8,-321,-6.9,-315,-6.8,-219,-4.8,2374857,1.4,-28059,-1.6,-5013,-13.6,227,8.1
"13121","5","5161","76","0","2025","4","",52,3061,3066,3089,127416984,995792,23373,3191,"",1.27,4.55,4.56,4.58,6.14,2.09,4.44,1.35,"",8,18.2,-297,-8.8,-288,-8.6,-197,-6.0,463599,0.4,-14552,-1.4,-3587,-13.3,261,8.9
"13121","5","51611","77","0","2025","4","",38,406,402,398,8906333,245334,2238,1704,"",1.32,1.38,1.37,1.36,1.26,1.08,0.94,0.92,"",8,26.7,-1,-0.2,-3,-0.7,-13,-3.2,-82642,-0.9,15333,6.7,-2617,-53.9,8,0.5
"13121","5","516110","78","0","2025","4","",38,406,402,398,8906333,245334,2238,1704,"",1.32,1.38,1.37,1.36,1.26,1.08,0.94,0.92,"",8,26.7,-1,-0.2,-3,-0.7,-13,-3.2,-82642,-0.9,15333,6.7,-2617,-53.9,8,0.5
"13121","5","51612","77","0","2025","4","",14,2655,2664,2691,118510651,750458,21135,3414,"",1.15,7.02,7.01,7.06,8.66,3.01,7.33,1.23,"",0,0.0,-296,-10.0,-285,-9.7,-184,-6.4,546241,0.5,-29885,-3.8,-970,-4.4,312,10.1
"13121","5","516120","78","0","2025","4","",14,2655,2664,2691,118510651,750458,21135,3414,"",1.15,7.02,7.01,7.06,8.66,3.01,7.33,1.23,"",0,0.0,-296,-10.0,-285,-9.7,-184,-6.4,546241,0.5,-29885,-3.8,-970,-4.4,312,10.1
"13121","5","5162","76","0","2025","4","",114,1249,1253,1252,43289442,739781,8452,2661,"",1.10,0.89,0.90,0.89,0.28,0.79,0.60,0.31,"",-11,-8.8,-24,-1.9,-27,-2.1,-22,-1.7,1911258,4.6,-13507,-1.8,-1426,-14.4,166,6.7
"13121","5","51621","77","0","2025","4","",114,1249,1253,1252,43289442,739781,8452,2661,"",1.10,0.89,0.90,0.89,0.28,0.79,0.60,0.31,"",-11,-8.8,-24,-1.9,-27,-2.1,-22,-1.7,1911258,4.6,-13507,-1.8,-1426,-14.4,166,6.7
"13121","5","516210","78","0","2025","4","",114,1249,1253,1252,43289442,739781,8452,2661,"",1.10,0.89,0.90,0.89,0.28,0.79,0.60,0.31,"",-11,-8.8,-24,-1.9,-27,-2.1,-22,-1.7,1911258,4.6,-13507,-1.8,-1426,-14.4,166,6.7
"13121","5","517","75","0","2025","4","",218,11519,11448,11336,432392522,3199415,49348,2909,"",0.91,3.23,3.21,3.18,3.27,1.41,1.60,1.02,"",-11,-4.8,-697,-5.7,-774,-6.3,-837,-6.9,-28987734,-6.3,-318115,-9.0,17633,55.6,1,0.0
"13121","5","5171","76","0","2025","4","",159,7316,7252,7194,239584936,1839303,31394,2541,"",0.81,2.26,2.24,2.22,2.08,0.90,1.15,0.93,"",-26,-14.1,-561,-7.1,-637,-8.1,-667,-8.5,-36281287,-13.2,-610262,-24.9,11141,55.0,-153,-5.7
"13121","5","51711","77","0","2025","4","",127,6643,6576,6520,221012180,1503836,29259,2584,"",0.77,2.20,2.17,2.16,2.05,0.80,1.19,0.94,"",-7,-5.2,-523,-7.3,-590,-8.2,-612,-8.6,-34508134,-13.5,-543638,-26.6,11714,66.8,-163,-5.9
"13121","5","517111","78","0","2025","4","",95,6271,6206,6155,211641970,1323161,25544,2621,"",0.79,2.44,2.42,2.40,2.32,0.93,1.42,0.96,"",-5,-5.0,-502,-7.4,-567,-8.4,-585,-8.7,-27076749,-11.3,-271111,-17.0,13456,111.3,-95,-3.5
"13121","5","517112","78","0","2025","4","",32,372,370,365,9370210,180675,3715,1953,"",0.72,0.81,0.81,0.80,0.57,0.38,0.56,0.70,"",-2,-5.9,-21,-5.3,-23,-5.9,-27,-6.9,-7431385,-44.2,-272527,-60.1,-1742,-31.9,-1338,-40.7
"13121","5","51712","77","0","2025","4","",32,673,676,674,18572756,335467,2135,2119,"",1.05,3.17,3.17,3.17,2.54,2.06,0.83,0.80,"",-19,-37.3,-38,-5.3,-47,-6.5,-55,-7.5,-1773153,-8.7,-66624,-16.6,-573,-21.2,-52,-2.4
"13121","5","517121","78","0","2025","4","",32,673,676,674,18572756,335467,2135,2119,"",1.05,3.17,3.17,3.17,2.54,2.06,0.83,0.80,"",-19,-37.3,-38,-5.3,-47,-6.5,-55,-7.5,-1773153,-8.7,-66624,-16.6,-573,-21.2,-52,-2.4
"13121","5","5174","76","0","2025","4","",7,8,8,10,297009,24400,659,2636,"",0.95,0.14,0.14,0.18,0.09,0.64,0.96,0.61,"",3,75.0,5,166.7,4,100.0,6,150.0,170554,134.9,5400,28.4,145,28.2,-17,-0.6
"13121","5","51741","77","0","2025","4","",7,8,8,10,297009,24400,659,2636,"",0.95,0.14,0.14,0.18,0.09,0.64,0.96,0.61,"",3,75.0,5,166.7,4,100.0,6,150.0,170554,134.9,5400,28.4,145,28.2,-17,-0.6
"13121","5","517410","78","0","2025","4","",7,8,8,10,297009,24400,659,2636,"",0.95,0.14,0.14,0.18,0.09,0.64,0.96,0.61,"",3,75.0,5,166.7,4,100.0,6,150.0,170554,134.9,5400,28.4,145,28.2,-17,-0.6
"13121","5","5178","76","0","2025","4","",52,4195,4188,4132,192510577,1335712,17295,3550,"",1.42,15.22,15.18,15.01,13.76,7.24,5.83,0.91,"",12,30.0,-141,-3.3,-141,-3.3,-176,-4.1,7122999,3.8,286747,27.3,6347,58.0,252,7.6
"13121","5","51781","77","0","2025","4","",52,4195,4188,4132,192510577,1335712,17295,3550,"",1.42,15.22,15.18,15.01,13.76,7.24,5.83,0.91,"",12,30.0,-141,-3.3,-141,-3.3,-176,-4.1,7122999,3.8,286747,27.3,6347,58.0,252,7.6
"13121","5","517810","78","0","2025","4","",52,4195,4188,4132,192510577,1335712,17295,3550,"",1.42,15.22,15.18,15.01,13.76,7.24,5.83,0.91,"",12,30.0,-141,-3.3,-141,-3.3,-176,-4.1,7122999,3.8,286747,27.3,6347,58.0,252,7.6
"13121","5","518","75","0","2025","4","",651,12031,12048,12032,622039411,8141205,150921,3975,"",1.70,4.11,4.09,4.07,3.30,3.36,3.78,0.81,"",60,10.2,521,4.5,606,5.3,692,6.1,29904632,5.1,2049769,33.7,30153,25.0,-10,-0.3
"13121","5","5182","76","0","2025","4","",651,12031,12048,12032,622039411,8141205,150921,3975,"",1.70,4.11,4.09,4.07,3.30,3.36,3.78,0.81,"",60,10.2,521,4.5,606,5.3,692,6.1,29904632,5.1,2049769,33.7,30153,25.0,-10,-0.3
"13121","5","51821","77","0","2025","4","",651,12031,12048,12032,622039411,8141205,150921,3975,"",1.70,4.11,4.09,4.07,3.30,3.36,3.78,0.81,"",60,10.2,521,4.5,606,5.3,692,6.1,29904632,5.1,2049769,33.7,30153,25.0,-10,-0.3
"13121","5","518210","78","0","2025","4","",651,12031,12048,12032,622039411,8141205,150921,3975,"",1.70,4.11,4.09,4.07,3.30,3.36,3.78,0.81,"",60,10.2,521,4.5,606,5.3,692,6.1,29904632,5.1,2049769,33.7,30153,25.0,-10,-0.3
"13121","5","519","75","0","2025","4","",200,1619,1626,1620,99116590,980194,9798,4702,"",1.76,1.57,1.57,1.56,0.82,1.58,1.01,0.52,"",127,174.0,-18,-1.1,-21,-1.3,14,0.9,-8948422,-8.3,-872960,-47.1,-5425,-35.6,-398,-7.8
"13121","5","5192","76","0","2025","4","",200,1619,1626,1620,99116590,980194,9798,4702,"",1.76,1.57,1.57,1.56,0.82,1.58,1.01,0.52,"",127,174.0,-18,-1.1,-21,-1.3,14,0.9,-8948422,-8.3,-872960,-47.1,-5425,-35.6,-398,-7.8
"13121","5","51921","77","0","2025","4","N",5,0,0,0,0,0,0,0,"N",0.29,0,0,0,0,0,0,0,"N",1,25.0,0,0,0,0,0,0,0,0,0,0,0,0,0,0
"13121","5","519210","78","0","2025","4","N",5,0,0,0,0,0,0,0,"N",0.29,0,0,0,0,0,0,0,"N",1,25.0,0,0,0,0,0,0,0,0,0,0,0,0,0,0
"13121","5","51929","77","0","2025","4","N",195,0,0,0,0,0,0,0,"N",2.02,0,0,0,0,0,0,0,"N",126,182.6,0,0,0,0,0,0,0,0,0,0,0,0,0,0
"13121","5","519290","78","0","2025","4","N",195,0,0,0,0,0,0,0,"N",2.02,0,0,0,0,0,0,0,"N",126,182.6,0,0,0,0,0,0,0,0,0,0,0,0,0,0
"13121","5","52","74","0","2025","4","",4957,63839,63939,63908,2607311934,36420675,435836,3139,"",1.23,1.67,1.67,1.66,1.44,1.34,1.31,0.86,"",563,12.8,469,0.7,221,0.3,263,0.4,56349941,2.2,-6246055,-14.6,-97749,-18.3,53,1.7
"13121","5","521","75","0","2025","4","N",5,0,0,0,0,0,0,0,"N",1.23,0,0,0,0,0,0,0,"N",1,25.0,0,0,0,0,0,0,0,0,0,0,0,0,0,0
"13121","5","5211","76","0","2025","4","N",5,0,0,0,0,0,0,0,"N",1.23,0,0,0,0,0,0,0,"N",1,25.0,0,0,0,0,0,0,0,0,0,0,0,0,0,0
"13121","5","52111","77","0","2025","4","N",5,0,0,0,0,0,0,0,"N",1.23,0,0,0,0,0,0,0,"N",1,25.0,0,0,0,0,0,0,0,0,0,0,0,0,0,0
"13121","5","521110","78","0","2025","4","N",5,0,0,0,0,0,0,0,"N",1.23,0,0,0,0,0,0,0,"N",1,25.0,0,0,0,0,0,0,0,0,0,0,0,0,0,0
"13121","5","522","75","0","2025","4","",1320,21062,21049,21041,766249173,12061074,138093,2800,"",1.01,1.36,1.35,1.34,1.33,1.08,1.03,0.98,"",109,9.0,-1123,-5.1,-1329,-5.9,-1197,-5.4,-15803000,-2.0,-931155,-7.2,-14910,-9.7,98,3.6
"13121","5","5221","76","0","2025","4","",471,11387,11358,11359,405325870,5690843,54857,2743,"",0.65,1.06,1.06,1.05,1.10,0.77,0.79,1.05,"",19,4.2,-490,-4.1,-735,-6.1,-625,-5.2,-15849422,-3.8,-873794,-13.3,-4536,-7.6,40,1.5
"13121","5","52211","77","0","2025","4","",388,10583,10553,10551,387035332,5287924,51247,2819,"",0.72,1.28,1.27,1.27,1.29,1.07,1.06,1.01,"",16,4.3,-410,-3.7,-653,-5.8,-548,-4.9,-11078118,-2.8,-732920,-12.2,-2059,-3.9,60,2.2
"13121","5","522110","78","0","2025","4","",388,10583,10553,10551,387035332,5287924,51247,2819,"",0.72,1.28,1.27,1.27,1.29,1.07,1.06,1.01,"",16,4.3,-410,-3.7,-653,-5.8,-548,-4.9,-11078118,-2.8,-732920,-12.2,-2059,-3.9,60,2.2
"13121","5","52213","77","0","2025","4","",71,666,669,673,13810035,368027,3314,1587,"",0.50,0.35,0.35,0.35,0.28,0.19,0.21,0.81,"",2,2.9,-89,-11.8,-90,-11.9,-87,-11.4,-5189883,-27.3,-122119,-24.9,-2247,-40.4,-341,-17.7
"13121","5","522130","78","0","2025","4","",71,666,669,673,13810035,368027,3314,1587,"",0.50,0.35,0.35,0.35,0.28,0.19,0.21,0.81,"",2,2.9,-89,-11.8,-90,-11.9,-87,-11.4,-5189883,-27.3,-122119,-24.9,-2247,-40.4,-341,-17.7
"13121","5","52218","77","0","2025","4","",12,138,136,135,4480503,34892,296,2528,"",0.25,0.25,0.24,0.24,0.25,0.07,0.05,1.03,"",1,9.1,9,7.0,8,6.2,10,8.0,418579,10.3,-18755,-35.0,-230,-43.7,74,3.0
"13121","5","522180","78","0","2025","4","",12,138,136,135,4480503,34892,296,2528,"",0.25,0.25,0.24,0.24,0.25,0.07,0.05,1.03,"",1,9.1,9,7.0,8,6.2,10,8.0,418579,10.3,-18755,-35.0,-230,-43.7,74,3.0
"13121","5","5222","76","0","2025","4","",473,5581,5602,5579,224047062,3751639,40787,3085,"",1.36,1.83,1.83,1.81,1.73,1.56,1.07,0.95,"",25,5.6,49,0.9,58,1.0,30,0.5,17973325,8.7,-48213,-1.3,-6671,-14.1,225,7.9
"13121","5","52221","77","0","2025","4","",15,808,821,834,58842328,566475,7929,5513,"",2.21,2.08,2.11,2.12,2.99,3.59,4.41,1.42,"",-1,-6.2,154,23.5,152,22.7,169,25.4,13555100,29.9,222140,64.5,2411,43.7,256,4.9
"13121","5","522210","78","0","2025","4","",15,808,821,834,58842328,566475,7929,5513,"",2.21,2.08,2.11,2.12,2.99,3.59,4.41,1.42,"",-1,-6.2,154,23.5,152,22.7,169,25.4,13555100,29.9,222140,64.5,2411,43.7,256,4.9
"13121","5","52222","77","0","2025","4","",67,957,957,945,27548127,396540,4713,2224,"",1.55,1.94,1.93,1.89,1.36,1.28,1.02,0.71,"",4,6.3,1,0.1,13,1.4,-23,-2.4,950019,3.6,-232079,-36.9,-1286,-21.4,84,3.9
"13121","5","522220","78","0","2025","4","",67,957,957,945,27548127,396540,4713,2224,"",1.55,1.94,1.93,1.89,1.36,1.28,1.02,0.71,"",4,6.3,1,0.1,13,1.4,-23,-2.4,950019,3.6,-232079,-36.9,-1286,-21.4,84,3.9
"13121","5","52229","77","0","2025","4","",391,3816,3824,3800,137656607,2788624,28145,2777,"",1.32,1.76,1.76,1.73,1.54,1.44,0.89,0.88,"",22,6.0,-106,-2.7,-107,-2.7,-116,-3.0,3468206,2.6,-38274,-1.4,-7796,-21.7,146,5.5
"13121","5","522291","78","0","2025","4","",81,349,356,350,9262266,366054,5770,2026,"",0.76,0.64,0.65,0.63,0.43,0.67,0.82,0.67,"",0,0.0,-83,-19.2,-82,-18.7,-91,-20.6,-3734908,-28.7,-231821,-38.8,-3499,-37.7,-262,-11.5
"13121","5","522292","78","0","2025","4","",217,2061,2080,2058,78822037,1811615,15095,2934,"",1.79,1.88,1.88,1.85,1.63,1.87,0.74,0.87,"",12,5.9,21,1.0,38,1.9,35,1.7,6137756,8.4,274226,17.8,-2254,-13.0,187,6.8
"13121","5","522299","78","0","2025","4","",93,1406,1388,1392,49572304,610955,7280,2733,"",1.34,2.70,2.65,2.65,2.52,1.45,1.67,0.95,"",10,12.0,-44,-3.0,-63,-4.3,-60,-4.1,1065358,2.2,-80679,-11.7,-2043,-21.9,161,6.3
"13121","5","5223","76","0","2025","4","",376,4094,4089,4103,136876241,2618592,42449,2571,"",1.60,2.40,2.39,2.38,1.74,1.87,1.65,0.73,"",65,20.9,-682,-14.3,-652,-13.8,-602,-12.8,-17926903,-11.6,-9148,-0.3,-3703,-8.0,59,2.3
"13121","5","52231","77","0","2025","4","",195,616,612,623,22678760,784015,15244,2827,"",1.64,1.19,1.18,1.19,1.01,1.34,1.25,0.85,"",36,22.6,-9,-1.4,-36,-5.6,-15,-2.4,-312590,-1.4,-254041,-24.5,-3539,-18.8,51,1.8
"13121","5","522310","78","0","2025","4","",195,616,612,623,22678760,784015,15244,2827,"",1.64,1.19,1.18,1.19,1.01,1.34,1.25,0.85,"",36,22.6,-9,-1.4,-36,-5.6,-15,-2.4,-312590,-1.4,-254041,-24.5,-3539,-18.8,51,1.8
"13121","5","52232","77","0","2025","4","",130,3350,3351,3355,111646898,1748169,25261,2562,"",1.97,4.35,4.34,4.33,2.73,3.64,3.22,0.63,"",20,18.2,-675,-16.8,-616,-15.5,-587,-14.9,-16866315,-13.1,223217,14.6,-1281,-4.8,77,3.1
"13121","5","522320","78","0","2025","4","",130,3350,3351,3355,111646898,1748169,25261,2562,"",1.97,4.35,4.34,4.33,2.73,3.64,3.22,0.63,"",20,18.2,-675,-16.8,-616,-15.5,-587,-14.9,-16866315,-13.1,223217,14.6,-1281,-4.8,77,3.1
"13121","5","52239","77","0","2025","4","",51,128,126,125,2550583,86408,1944,1553,"",1.02,0.30,0.30,0.30,0.17,0.25,0.35,0.56,"",9,21.4,2,1.6,0,0.0,0,0.0,-747998,-22.7,21676,33.5,1117,135.1,-466,-23.1
"13121","5","522390","78","0","2025","4","",51,128,126,125,2550583,86408,1944,1553,"",1.02,0.30,0.30,0.30,0.17,0.25,0.35,0.56,"",9,21.4,2,1.6,0,0.0,0,0.0,-747998,-22.7,21676,33.5,1117,135.1,-466,-23.1
"13121","5","523","75","0","2025","4","",1589,14237,14248,14278,892132272,7519243,98686,4814,"",1.48,2.12,2.11,2.10,1.31,1.63,1.51,0.62,"",197,14.2,466,3.4,445,3.2,561,4.1,31116632,3.6,448884,6.3,6946,7.6,2,0.0
"13121","5","5231","76","0","2025","4","",312,5280,5290,5277,379807750,2263435,22298,5531,"",1.11,1.83,1.82,1.81,1.33,1.55,1.25,0.73,"",-4,-1.3,2,0.0,17,0.3,97,1.9,23774293,6.7,78583,3.6,2883,14.8,308,5.9
"13121","5","52315","77","0","2025","4","",289,5194,5203,5187,370366085,2185307,21181,5484,"",1.13,1.90,1.90,1.88,1.37,1.62,1.32,0.73,"",-4,-1.4,5,0.1,16,0.3,97,1.9,19610165,5.6,76976,3.7,3253,18.1,250,4.8
"13121","5","523150","78","0","2025","4","",289,5194,5203,5187,370366085,2185307,21181,5484,"",1.13,1.90,1.90,1.88,1.37,1.62,1.32,0.73,"",-4,-1.4,5,0.1,16,0.3,97,1.9,19610165,5.6,76976,3.7,3253,18.1,250,4.8
"13121","5","52316","77","0","2025","4","",23,86,87,90,9441665,78128,1117,8285,"",0.95,0.54,0.55,0.57,0.55,0.69,0.60,1.00,"",0,0.0,-3,-3.4,1,1.2,0,0.0,4164128,78.9,1607,2.1,-370,-24.9,3689,80.3
"13121","5","523160","78","0","2025","4","",23,86,87,90,9441665,78128,1117,8285,"",0.95,0.54,0.55,0.57,0.55,0.69,0.60,1.00,"",0,0.0,-3,-3.4,1,1.2,0,0.0,4164128,78.9,1607,2.1,-370,-24.9,3689,80.3
"13121","5","5232","76","0","2025","4","",21,93,92,96,4090046,86659,1449,3359,"",2.71,1.77,1.75,1.80,1.23,3.09,2.54,0.69,"",7,50.0,31,50.0,27,41.5,26,37.1,1247596,43.9,-29975,-25.7,-255,-15.0,29,0.9
"13121","5","52321","77","0","2025","4","",21,93,92,96,4090046,86659,1449,3359,"",2.71,1.77,1.75,1.80,1.23,3.09,2.54,0.69,"",7,50.0,31,50.0,27,41.5,26,37.1,1247596,43.9,-29975,-25.7,-255,-15.0,29,0.9
"13121","5","523210","78","0","2025","4","",21,93,92,96,4090046,86659,1449,3359,"",2.71,1.77,1.75,1.80,1.23,3.09,2.54,0.69,"",7,50.0,31,50.0,27,41.5,26,37.1,1247596,43.9,-29975,-25.7,-255,-15.0,29,0.9
"13121","5","5239","76","0","2025","4","",1256,8864,8866,8905,508234476,5169149,74939,4403,"",1.60,2.35,2.34,2.33,1.31,1.65,1.60,0.56,"",194,18.3,433,5.1,401,4.7,438,5.2,6094743,1.2,400276,8.4,4318,6.1,-166,-3.6
"13121","5","52391","77","0","2025","4","",131,368,368,366,26089837,458780,5116,5463,"",1.90,1.77,1.76,1.73,1.09,2.30,1.46,0.62,"",1,0.8,-2,-0.5,-5,-1.3,5,1.4,222174,0.9,-29470,-6.0,-685,-11.8,56,1.0
"13121","5","523910","78","0","2025","4","",131,368,368,366,26089837,458780,5116,5463,"",1.90,1.77,1.76,1.73,1.09,2.30,1.46,0.62,"",1,0.8,-2,-0.5,-5,-1.3,5,1.4,222174,0.9,-29470,-6.0,-685,-11.8,56,1.0
"13121","5","52394","77","0","2025","4","",963,6837,6830,6841,414822827,3683890,56350,4668,"",1.52,2.14,2.13,2.11,1.21,1.41,1.46,0.57,"",153,18.9,275,4.2,237,3.6,249,3.8,-2023539,-0.5,91563,2.5,541,1.0,-203,-4.2
"13121","5","523940","78","0","2025","4","",963,6837,6830,6841,414822827,3683890,56350,4668,"",1.52,2.14,2.13,2.11,1.21,1.41,1.46,0.57,"",153,18.9,275,4.2,237,3.6,249,3.8,-2023539,-0.5,91563,2.5,541,1.0,-203,-4.2
"13121","5","52399","77","0","2025","4","",162,1659,1668,1698,67321812,1026479,13473,3092,"",1.98,4.46,4.45,4.48,2.88,3.24,2.78,0.65,"",40,32.8,160,10.7,169,11.3,184,12.2,7896108,13.3,338183,49.1,4462,49.5,53,1.7
"13121","5","523991","78","0","2025","4","",41,224,225,238,13466557,198214,4179,4524,"",1.99,1.68,1.68,1.76,2.06,1.89,3.25,1.21,"",8,24.2,13,6.2,19,9.2,34,16.7,1738202,14.8,128810,185.6,2784,199.6,166,3.8
"13121","5","523999","78","0","2025","4","",121,1435,1443,1460,53855255,828265,9294,2865,"",1.97,6.01,6.00,6.00,3.20,3.92,2.60,0.53,"",32,36.0,147,11.4,150,11.6,150,11.5,6157906,12.9,209373,33.8,1678,22.0,36,1.3
"13121","5","524","75","0","2025","4","",1928,26647,26760,26711,808817977,15940012,188765,2330,"",1.22,1.70,1.70,1.69,1.50,1.50,1.55,0.89,"",241,14.3,1140,4.5,1136,4.4,991,3.9,36071100,4.7,-5533079,-25.8,-86937,-31.5,10,0.4
"13121","5","5241","76","0","2025","4","",285,10535,10635,10644,279802363,5742369,66981,2030,"",1.18,1.47,1.47,1.46,1.11,1.53,1.51,0.75,"",27,10.5,625,6.3,661,6.6,549,5.4,26228334,10.3,450707,8.5,-2456,-3.5,78,4.0
"13121","5","52411","77","0","2025","4","",101,5308,5354,5316,118739587,3295492,46586,1715,"",1.08,1.38,1.39,1.36,0.94,1.60,2.12,0.68,"",4,4.1,-163,-3.0,-161,-2.9,-266,-4.8,-79924,-0.1,75392,2.3,-1204,-2.5,60,3.6
"13121","5","524113","78","0","2025","4","",45,3658,3732,3729,83183447,2526658,34940,1726,"",1.26,2.93,2.97,2.90,1.81,3.93,5.54,0.62,"",-3,-6.2,-311,-7.8,-276,-6.9,-346,-8.5,-3212577,-3.7,-16750,-0.7,-3058,-8.0,72,4.4
"13121","5","524114","78","0","2025","4","",56,1650,1622,1587,35556140,768834,11646,1689,"",0.97,0.64,0.62,0.61,0.44,0.54,0.75,0.71,"",7,14.3,148,9.9,115,7.6,80,5.3,3132653,9.7,92142,13.6,1854,18.9,32,1.9
"13121","5","52412","77","0","2025","4","",160,5004,5053,5101,152271794,2318878,19046,2318,"",1.14,1.59,1.59,1.60,1.30,1.45,0.89,0.81,"",18,12.7,765,18.0,794,18.6,789,18.3,25284813,19.9,297978,14.7,-1830,-8.8,30,1.3
"13121","5","524126","78","0","2025","4","",119,4257,4311,4333,133576385,1832335,11898,2389,"",1.36,1.57,1.58,1.58,1.33,1.56,0.90,0.84,"",10,9.2,719,20.3,753,21.2,761,21.3,23782881,21.7,167034,10.0,-4497,-27.4,14,0.6
"13121","5","524127","78","0","2025","4","",11,136,137,136,4572633,58050,529,2580,"",0.29,0.41,0.41,0.41,0.36,0.19,0.08,0.86,"N",1,10.0,0,0,0,0,0,0,0,0,0,0,0,0,0,0
"13121","5","524128","78","0","2025","4","",30,611,605,632,14122776,428493,6619,1764,"",1.99,5.26,5.19,5.34,3.70,3.59,3.62,0.70,"N",7,30.4,0,0,0,0,0,0,0,0,0,0,0,0,0,0
"13121","5","52413","77","0","2025","4","",24,223,228,227,8790982,127999,1349,2992,"",2.88,1.21,1.23,1.21,1.05,1.24,1.20,0.86,"",5,26.3,23,11.5,28,14.0,26,12.9,1023445,13.2,77337,152.7,578,75.0,9,0.3
"13121","5","524130","78","0","2025","4","",24,223,228,227,8790982,127999,1349,2992,"",2.88,1.21,1.23,1.21,1.05,1.24,1.20,0.86,"",5,26.3,23,11.5,28,14.0,26,12.9,1023445,13.2,77337,152.7,578,75.0,9,0.3
"13121","5","5242","76","0","2025","4","",1643,16112,16125,16067,529015614,10197643,121784,2527,"",1.23,1.89,1.89,1.88,1.85,1.49,1.58,0.98,"",214,15.0,515,3.3,475,3.0,442,2.8,9842766,1.9,-5983786,-37.0,-84481,-41.0,-29,-1.1
"13121","5","52421","77","0","2025","4","",1340,11494,11477,11405,399369447,7303441,87923,2681,"",1.19,1.87,1.86,1.84,1.89,1.43,1.58,1.02,"",177,15.2,252,2.2,185,1.6,152,1.4,12812632,3.3,-3083917,-29.7,-28177,-24.3,41,1.6
"13121","5","524210","78","0","2025","4","",1340,11494,11477,11405,399369447,7303441,87923,2681,"",1.19,1.87,1.86,1.84,1.89,1.43,1.58,1.02,"",177,15.2,252,2.2,185,1.6,152,1.4,12812632,3.3,-3083917,-29.7,-28177,-24.3,41,1.6
"13121","5","52429","77","0","2025","4","",303,4618,4648,4662,129646167,2894202,33861,2148,"",1.44,1.96,1.97,1.96,1.73,1.67,1.59,0.88,"",37,13.9,263,6.0,290,6.7,290,6.6,-2969866,-2.2,-2899869,-50.0,-56304,-62.4,-191,-8.2
"13121","5","524291","78","0","2025","4","",84,1026,1011,990,30159818,514937,5653,2299,"",1.42,2.75,2.72,2.68,2.47,2.12,1.87,0.91,"",11,15.1,47,4.8,74,7.9,82,9.0,-10642504,-26.1,-2976040,-85.2,-54790,-90.6,-1035,-31.0
"13121","5","524292","78","0","2025","4","",77,2523,2559,2599,61575261,1620729,18102,1850,"",1.12,1.85,1.87,1.88,1.53,1.56,1.46,0.82,"",9,13.2,137,5.7,146,6.1,160,6.6,4481831,7.8,212632,15.1,335,1.9,30,1.6
"13121","5","524298","78","0","2025","4","",142,1069,1078,1073,37911088,758536,10106,2717,"",1.73,1.71,1.73,1.71,1.69,1.66,1.71,0.98,"",17,13.6,79,8.0,70,6.9,48,4.7,3190807,9.2,-136461,-15.2,-1849,-15.5,67,2.5
"13121","5","525","75","0","2025","4","N",115,0,0,0,0,0,0,0,"N",1.59,0,0,0,0,0,0,0,"N",15,15.0,0,0,0,0,0,0,0,0,0,0,0,0,0,0
"13121","5","5251","76","0","2025","4","",31,518,525,527,15109041,346416,1507,2221,"",2.07,6.43,6.50,6.22,5.04,2.16,0.46,0.79,"",5,19.2,-38,-6.8,-28,-5.1,-24,-4.4,-1133255,-7.0,-11333,-3.2,-2344,-60.9,-37,-1.6
"13121","5","52511","77","0","2025","4","N",8,0,0,0,0,0,0,0,"N",1.17,0,0,0,0,0,0,0,"N",0,0.0,0,0,0,0,0,0,0,0,0,0,0,0,0,0
"13121","5","525110","78","0","2025","4","N",8,0,0,0,0,0,0,0,"N",1.17,0,0,0,0,0,0,0,"N",0,0.0,0,0,0,0,0,0,0,0,0,0,0,0,0,0
"13121","5","52512","77","0","2025","4","",14,105,107,104,2854956,48712,629,2085,"",2.65,3.27,3.32,2.90,2.95,0.42,0.26,0.94,"",3,27.3,-59,-36.0,-65,-37.8,-65,-38.5,-2023518,-41.5,-175388,-78.3,-2464,-79.7,-144,-6.5
"13121","5","525120","78","0","2025","4","",14,105,107,104,2854956,48712,629,2085,"",2.65,3.27,3.32,2.90,2.95,0.42,0.26,0.94,"",3,27.3,-59,-36.0,-65,-37.8,-65,-38.5,-2023518,-41.5,-175388,-78.3,-2464,-79.7,-144,-6.5
"13121","5","52519","77","0","2025","4","N",9,0,0,0,0,0,0,0,"N",3.17,0,0,0,0,0,0,0,"N",2,28.6,0,0,0,0,0,0,0,0,0,0,0,0,0,0
"13121","5","525190","78","0","2025","4","N",9,0,0,0,0,0,0,0,"N",3.17,0,0,0,0,0,0,0,"N",2,28.6,0,0,0,0,0,0,0,0,0,0,0,0,0,0
"13121","5","5259","76","0","2025","4","N",84,0,0,0,0,0,0,0,"N",1.46,0,0,0,0,0,0,0,"N",10,13.5,0,0,0,0,0,0,0,0,0,0,0,0,0,0
"13121","5","52591","77","0","2025","4","",16,93,98,98,8104197,333986,4867,6471,"",1.48,3.43,3.58,3.53,3.03,6.34,5.27,0.86,"",2,14.3,22,31.0,25,34.2,25,34.2,2531594,45.4,116170,53.3,2814,137.1,545,9.2
"13121","5","525910","78","0","2025","4","",16,93,98,98,8104197,333986,4867,6471,"",1.48,3.43,3.58,3.53,3.03,6.34,5.27,0.86,"",2,14.3,22,31.0,25,34.2,25,34.2,2531594,45.4,116170,53.3,2814,137.1,545,9.2
"13121","5","52592","77","0","2025","4","N",34,0,0,0,0,0,0,0,"N",1.51,0,0,0,0,0,0,0,"N",8,30.8,0,0,0,0,0,0,0,0,0,0,0,0,0,0
"13121","5","525920","78","0","2025","4","N",34,0,0,0,0,0,0,0,"N",1.51,0,0,0,0,0,0,0,"N",8,30.8,0,0,0,0,0,0,0,0,0,0,0,0,0,0
"13121","5","52599","77","0","2025","4","",34,177,179,183,67208562,107535,2334,28775,"",1.41,2.35,2.37,2.40,9.96,1.41,1.74,4.19,"",0,0.0,8,4.7,6,3.5,7,4.0,3711330,5.8,19495,22.1,1229,111.2,487,1.7
"13121","5","525990","78","0","2025","4","",34,177,179,183,67208562,107535,2334,28775,"",1.41,2.35,2.37,2.40,9.96,1.41,1.74,4.19,"",0,0.0,8,4.7,6,3.5,7,4.0,3711330,5.8,19495,22.1,1229,111.2,487,1.7
"13121","5","53","74","0","2025","4","",4509,27228,27229,27472,725811334,30035915,404392,2044,"",1.32,1.85,1.85,1.86,1.80,1.76,1.79,0.97,"",246,5.8,865,3.3,816,3.1,883,3.3,47869186,7.1,-758526,-2.5,-36447,-8.3,73,3.7
"13121","5","531","75","0","2025","4","",4104,21938,21973,22230,625795329,25371370,358655,2183,"",1.37,1.98,1.98,1.98,1.99,1.91,2.05,1.00,"",217,5.6,1002,4.8,969,4.6,1056,5.0,51133686,8.9,-827097,-3.2,-49069,-12.0,82,3.9
"13121","5","5311","76","0","2025","4","",928,7432,7488,7538,196343879,8516730,110818,2018,"",1.10,1.94,1.95,1.95,1.99,2.07,2.00,1.03,"",17,1.9,487,7.0,542,7.8,610,8.8,13095821,7.1,911602,12.0,3044,2.8,-13,-0.6
"13121","5","53111","77","0","2025","4","",429,3650,3688,3686,87680084,4450804,57806,1835,"",0.94,1.62,1.64,1.63,1.69,1.80,1.77,1.04,"",25,6.2,169,4.9,138,3.9,101,2.8,5884122,7.2,291727,7.0,2071,3.7,57,3.2
"13121","5","531110","78","0","2025","4","",429,3650,3688,3686,87680084,4450804,57806,1835,"",0.94,1.62,1.64,1.63,1.69,1.80,1.77,1.04,"",25,6.2,169,4.9,138,3.9,101,2.8,5884122,7.2,291727,7.0,2071,3.7,57,3.2
"13121","5","53112","77","0","2025","4","",351,3001,3024,3061,92864392,2958236,42984,2359,"",1.89,3.10,3.12,3.15,2.81,3.38,3.46,0.90,"",-12,-3.3,310,11.5,391,14.8,455,17.5,5797827,6.7,349636,13.4,923,2.2,-175,-6.9
"13121","5","531120","78","0","2025","4","",351,3001,3024,3061,92864392,2958236,42984,2359,"",1.89,3.10,3.12,3.15,2.81,3.38,3.46,0.90,"",-12,-3.3,310,11.5,391,14.8,455,17.5,5797827,6.7,349636,13.4,923,2.2,-175,-6.9
"13121","5","53113","77","0","2025","4","",105,607,608,623,12565070,926250,8641,1578,"",0.81,1.64,1.64,1.68,1.68,1.97,1.38,1.02,"",3,2.9,-5,-0.8,10,1.7,51,8.9,690262,5.8,267152,40.5,874,11.3,40,2.6
"13121","5","531130","78","0","2025","4","",105,607,608,623,12565070,926250,8641,1578,"",0.81,1.64,1.64,1.68,1.68,1.97,1.38,1.02,"",3,2.9,-5,-0.8,10,1.7,51,8.9,690262,5.8,267152,40.5,874,11.3,40,2.6
"13121","5","53119","77","0","2025","4","",43,174,168,168,3234333,181440,1387,1463,"",0.59,0.68,0.66,0.66,0.54,0.62,0.35,0.81,"",1,2.4,13,8.1,3,1.8,3,1.8,723610,28.8,3087,1.7,-824,-37.3,283,24.0
"13121","5","531190","78","0","2025","4","",43,174,168,168,3234333,181440,1387,1463,"",0.59,0.68,0.66,0.66,0.54,0.62,0.35,0.81,"",1,2.4,13,8.1,3,1.8,3,1.8,723610,28.8,3087,1.7,-824,-37.3,283,24.0
"13121","5","5312","76","0","2025","4","",1784,4132,4104,4274,141950390,6399234,105681,2619,"",1.62,1.97,1.96,1.98,1.96,2.08,2.73,0.99,"",67,3.9,-251,-5.7,-276,-6.3,-282,-6.2,-4483323,-3.1,-320759,-4.8,864,0.8,82,3.2
"13121","5","53121","77","0","2025","4","",1784,4132,4104,4274,141950390,6399234,105681,2619,"",1.62,1.97,1.96,1.98,1.96,2.08,2.73,0.99,"",67,3.9,-251,-5.7,-276,-6.3,-282,-6.2,-4483323,-3.1,-320759,-4.8,864,0.8,82,3.2
"13121","5","531210","78","0","2025","4","",1784,4132,4104,4274,141950390,6399234,105681,2619,"",1.62,1.97,1.96,1.98,1.96,2.08,2.73,0.99,"",67,3.9,-251,-5.7,-276,-6.3,-282,-6.2,-4483323,-3.1,-320759,-4.8,864,0.8,82,3.2
"13121","5","5313","76","0","2025","4","",1392,10374,10381,10418,287501060,10455406,142156,2128,"",1.34,2.01,2.01,2.00,2.00,1.71,1.75,1.00,"",133,10.6,766,8.0,703,7.3,728,7.5,42521188,17.4,-1417940,-11.9,-52977,-27.1,177,9.1
"13121","5","53131","77","0","2025","4","",852,8585,8623,8620,210716719,8546705,107733,1883,"",1.19,1.96,1.96,1.95,1.88,1.64,1.58,0.96,"",55,6.9,696,8.8,688,8.7,683,8.6,25764229,13.9,-1042223,-10.9,-44860,-29.4,87,4.8
"13121","5","531311","78","0","2025","4","",497,4576,4609,4585,88161941,5532939,70540,1477,"",0.90,1.37,1.38,1.37,1.16,1.31,1.28,0.84,"",46,10.2,368,8.7,376,8.9,336,7.9,8969906,11.3,-1512401,-21.5,-57209,-44.8,37,2.6
"13121","5","531312","78","0","2025","4","",355,4009,4014,4035,122554778,3013766,37193,2345,"",2.18,3.83,3.82,3.80,3.37,3.01,2.89,0.88,"",9,2.6,328,8.9,312,8.4,347,9.4,16794323,15.9,470178,18.5,12349,49.7,140,6.3
"13121","5","53132","77","0","2025","4","",61,163,138,139,4561375,140030,2516,2392,"",0.72,0.97,0.82,0.82,0.94,0.77,1.20,1.08,"",4,7.0,27,19.9,-1,-0.7,2,1.5,840335,22.6,-82826,-37.2,-1055,-29.5,308,14.8
"13121","5","531320","78","0","2025","4","",61,163,138,139,4561375,140030,2516,2392,"",0.72,0.97,0.82,0.82,0.94,0.77,1.20,1.08,"",4,7.0,27,19.9,-1,-0.7,2,1.5,840335,22.6,-82826,-37.2,-1055,-29.5,308,14.8
"13121","5","53139","77","0","2025","4","",479,1626,1620,1659,72222966,1768671,31907,3398,"",2.01,2.66,2.65,2.66,2.72,2.45,2.88,1.02,"",74,18.3,43,2.7,16,1.0,43,2.7,15916624,28.3,-292891,-14.2,-7062,-18.1,693,25.6
"13121","5","531390","78","0","2025","4","",479,1626,1620,1659,72222966,1768671,31907,3398,"",2.01,2.66,2.65,2.66,2.72,2.45,2.88,1.02,"",74,18.3,43,2.7,16,1.0,43,2.7,15916624,28.3,-292891,-14.2,-7062,-18.1,693,25.6
"13121","5","532","75","0","2025","4","",367,5131,5097,5079,95088650,4560527,44796,1434,"",0.91,1.47,1.48,1.48,1.16,1.26,0.91,0.78,"",26,7.6,-111,-2.1,-124,-2.4,-143,-2.7,-1878053,-1.9,135468,3.1,12955,40.7,7,0.5
"13121","5","5321","76","0","2025","4","",149,3465,3440,3422,54721693,2970041,24849,1223,"",1.15,2.70,2.69,2.69,2.17,2.29,1.72,0.81,"",6,4.2,-135,-3.8,-139,-3.9,-152,-4.3,-5006774,-8.4,245754,9.0,8325,50.4,-59,-4.6
"13121","5","53211","77","0","2025","4","",95,2017,2028,2032,33865848,1989928,17829,1286,"",1.24,2.79,2.82,2.84,2.58,2.54,2.05,0.92,"",2,2.2,20,1.0,45,2.3,36,1.8,-2900994,-7.9,611373,44.3,10661,148.7,-134,-9.4
"13121","5","532111","78","0","2025","4","N",88,0,0,0,0,0,0,0,"N",1.25,0,0,0,0,0,0,0,"N",1,1.1,0,0,0,0,0,0,0,0,0,0,0,0,0,0
"13121","5","532112","78","0","2025","4","N",7,0,0,0,0,0,0,0,"N",1.16,0,0,0,0,0,0,0,"N",1,16.7,0,0,0,0,0,0,0,0,0,0,0,0,0,0
"13121","5","53212","77","0","2025","4","",54,1448,1412,1390,20855845,980113,7020,1132,"",1.02,2.58,2.53,2.49,1.72,1.91,1.22,0.68,"",4,8.0,-155,-9.7,-184,-11.5,-188,-11.9,-2105780,-9.2,-365619,-27.2,-2336,-25.0,23,2.1
"13121","5","532120","78","0","2025","4","",54,1448,1412,1390,20855845,980113,7020,1132,"",1.02,2.58,2.53,2.49,1.72,1.91,1.22,0.68,"",4,8.0,-155,-9.7,-184,-11.5,-188,-11.9,-2105780,-9.2,-365619,-27.2,-2336,-25.0,23,2.1
"13121","5","5322","76","0","2025","4","",53,354,339,358,6540798,396457,4525,1436,"",0.45,0.46,0.46,0.49,0.47,0.44,0.32,1.01,"",-2,-3.6,-19,-5.1,-35,-9.4,-26,-6.8,-632180,-8.8,-274964,-41.0,-194,-4.1,-28,-1.9
"13121","5","53221","77","0","2025","4","",4,9,8,7,131182,1722,1,1261,"",0.43,0.18,0.16,0.14,0.13,0.04,0.00,0.83,"",-1,-20.0,-11,-55.0,-13,-61.9,-14,-66.7,-368284,-73.7,-6335,-78.6,-30,-96.8,-598,-32.2
"13121","5","532210","78","0","2025","4","",4,9,8,7,131182,1722,1,1261,"",0.43,0.18,0.16,0.14,0.13,0.04,0.00,0.83,"",-1,-20.0,-11,-55.0,-13,-61.9,-14,-66.7,-368284,-73.7,-6335,-78.6,-30,-96.8,-598,-32.2
"13121","5","53228","77","0","2025","4","",49,345,331,351,6409616,394735,4524,1440,"",0.46,0.47,0.48,0.51,0.50,0.46,0.33,1.02,"",-1,-2.0,-8,-2.3,-22,-6.2,-12,-3.3,-263896,-4.0,-268629,-40.5,-164,-3.5,-1,-0.1
"13121","5","532281","78","0","2025","4","N",3,0,0,0,0,0,0,0,"N",0.62,0,0,0,0,0,0,0,"N",-1,-25.0,0,0,0,0,0,0,0,0,0,0,0,0,0,0
"13121","5","532282","78","0","2025","4","N",1,0,0,0,0,0,0,0,"N",0.36,0,0,0,0,0,0,0,"N",0,0.0,0,0,0,0,0,0,0,0,0,0,0,0,0,0
"13121","5","532283","78","0","2025","4","N",4,0,0,0,0,0,0,0,"N",0.22,0,0,0,0,0,0,0,"N",-2,-33.3,0,0,0,0,0,0,0,0,0,0,0,0,0,0
"13121","5","532284","78","0","2025","4","N",2,0,0,0,0,0,0,0,"N",0.09,0,0,0,0,0,0,0,"N",1,100.0,0,0,0,0,0,0,0,0,0,0,0,0,0,0
"13121","5","532289","78","0","2025","4","",39,283,278,302,4626222,314564,3457,1237,"",0.66,0.74,0.76,0.83,0.68,0.66,0.41,0.88,"",1,2.6,2,0.7,-6,-2.1,12,4.1,-186533,-3.9,-248350,-44.1,219,6.8,-62,-4.8
"13121","5","5323","76","0","2025","4","",11,38,37,34,887797,35774,608,1880,"",0.47,0.21,0.21,0.19,0.21,0.18,0.24,1.04,"",2,22.2,5,15.2,1,2.8,-1,-2.9,170698,23.8,-24411,-40.6,-246,-28.8,289,18.2
"13121","5","53231","77","0","2025","4","",11,38,37,34,887797,35774,608,1880,"",0.47,0.21,0.21,0.19,0.21,0.18,0.24,1.04,"",2,22.2,5,15.2,1,2.8,-1,-2.9,170698,23.8,-24411,-40.6,-246,-28.8,289,18.2
"13121","5","532310","78","0","2025","4","",11,38,37,34,887797,35774,608,1880,"",0.47,0.21,0.21,0.19,0.21,0.18,0.24,1.04,"",2,22.2,5,15.2,1,2.8,-1,-2.9,170698,23.8,-24411,-40.6,-246,-28.8,289,18.2
"13121","5","5324","76","0","2025","4","",154,1274,1281,1265,32938362,1158255,14814,1990,"",1.15,1.03,1.03,1.02,0.85,0.95,0.81,0.83,"",20,14.9,38,3.1,49,4.0,36,2.9,3590203,12.2,189089,19.5,5070,52.0,158,8.6
"13121","5","53241","77","0","2025","4","",39,375,376,368,11023752,335938,5421,2273,"",0.65,0.58,0.58,0.56,0.51,0.55,0.71,0.89,"",2,5.4,59,18.7,67,21.7,57,18.3,1368504,14.2,132683,65.3,1396,34.7,-107,-4.5
"13121","5","532411","78","0","2025","4","",8,32,30,30,1245322,21000,568,3124,"",1.39,1.06,1.01,1.00,0.90,1.01,2.09,0.88,"",0,0.0,2,6.7,1,3.4,1,3.4,1900,0.2,21000,100.0,568,100.0,-137,-4.2
"13121","5","532412","78","0","2025","4","",31,343,346,338,9778430,314938,4853,2197,"",0.57,0.56,0.56,0.54,0.48,0.54,0.66,0.88,"",2,6.9,57,19.9,66,23.6,56,19.9,1366604,16.2,111683,54.9,828,20.6,-92,-4.0
"13121","5","53242","77","0","2025","4","",13,45,46,48,3579329,37684,273,5942,"",1.63,0.74,0.75,0.78,1.74,0.88,0.44,2.30,"",-1,-7.1,-107,-70.4,-101,-68.7,-100,-67.6,-1264262,-26.1,-73200,-66.0,15,5.8,3441,137.6
"13121","5","532420","78","0","2025","4","",13,45,46,48,3579329,37684,273,5942,"",1.63,0.74,0.75,0.78,1.74,0.88,0.44,2.30,"",-1,-7.1,-107,-70.4,-101,-68.7,-100,-67.6,-1264262,-26.1,-73200,-66.0,15,5.8,3441,137.6
"13121","5","53249","77","0","2025","4","",102,854,859,849,18335281,784633,9120,1652,"",1.53,1.61,1.62,1.62,1.21,1.38,0.91,0.75,"",19,22.9,86,11.2,83,10.7,79,10.3,3485961,23.5,129606,19.8,3659,67.0,171,11.5
"13121","5","532490","78","0","2025","4","",102,854,859,849,18335281,784633,9120,1652,"",1.53,1.61,1.62,1.62,1.21,1.38,0.91,0.75,"",19,22.9,86,11.2,83,10.7,79,10.3,3485961,23.5,129606,19.8,3659,67.0,171,11.5
"13121","5","533","75","0","2025","4","",38,159,159,163,4927355,104018,941,2364,"",1.43,1.20,1.20,1.22,0.77,0.83,0.53,0.64,"",3,8.6,-26,-14.1,-29,-15.4,-30,-15.5,-1386447,-22.0,-66897,-39.1,-333,-26.1,-210,-8.2
"13121","5","5331","76","0","2025","4","",38,159,159,163,4927355,104018,941,2364,"",1.43,1.20,1.20,1.22,0.77,0.83,0.53,0.64,"",3,8.6,-26,-14.1,-29,-15.4,-30,-15.5,-1386447,-22.0,-66897,-39.1,-333,-26.1,-210,-8.2
"13121","5","53311","77","0","2025","4","",38,159,159,163,4927355,104018,941,2364,"",1.43,1.20,1.20,1.22,0.77,0.83,0.53,0.64,"",3,8.6,-26,-14.1,-29,-15.4,-30,-15.5,-1386447,-22.0,-66897,-39.1,-333,-26.1,-210,-8.2
"13121","5","533110","78","0","2025","4","",38,159,159,163,4927355,104018,941,2364,"",1.43,1.20,1.20,1.22,0.77,0.83,0.53,0.64,"",3,8.6,-26,-14.1,-29,-15.4,-30,-15.5,-1386447,-22.0,-66897,-39.1,-333,-26.1,-210,-8.2
"13121","5","54","74","0","2025","4","",19627,121489,121986,121520,4709553113,102179379,1673942,2978,"",1.61,1.87,1.87,1.85,1.54,1.70,1.87,0.83,"",2131,12.2,2894,2.4,3190,2.7,3201,2.7,210988340,4.7,5462434,5.6,97290,6.2,60,2.1
"13121","5","541","75","0","2025","4","",19627,121489,121986,121520,4709553113,102179379,1673942,2978,"",1.61,1.87,1.87,1.85,1.54,1.70,1.87,0.83,"",2131,12.2,2894,2.4,3190,2.7,3201,2.7,210988340,4.7,5462434,5.6,97290,6.2,60,2.1
"13121","5","5411","76","0","2025","4","",2641,18016,18093,18202,843656882,15870577,219041,3585,"",1.80,2.42,2.41,2.41,1.89,2.36,2.66,0.78,"",210,8.6,681,3.9,551,3.1,545,3.1,53555370,6.8,794482,5.3,31576,16.8,114,3.3
"13121","5","54111","77","0","2025","4","",2130,16949,16998,17074,812476251,13467152,165293,3675,"",1.62,2.48,2.47,2.46,1.90,2.20,2.29,0.77,"",99,4.9,347,2.1,211,1.3,178,1.1,41980975,5.4,392,0.0,13087,8.6,139,3.9
"13121","5","541110","78","0","2025","4","",2130,16949,16998,17074,812476251,13467152,165293,3675,"",1.62,2.48,2.47,2.46,1.90,2.20,2.29,0.77,"",99,4.9,347,2.1,211,1.3,178,1.1,41980975,5.4,392,0.0,13087,8.6,139,3.9
"13121","5","54119","77","0","2025","4","",511,1067,1095,1128,31180631,2403425,53748,2187,"",3.36,1.73,1.77,1.81,1.58,3.84,5.38,0.89,"",111,27.8,334,45.6,340,45.0,367,48.2,11574395,59.0,794090,49.3,18489,52.4,175,8.7
"13121","5","541191","78","0","2025","4","",37,103,104,105,1910608,75627,1725,1413,"",0.54,0.30,0.30,0.30,0.20,0.24,0.32,0.68,"",7,23.3,12,13.2,16,18.2,16,18.0,296623,18.4,59185,360.0,1447,520.5,23,1.7
"13121","5","541199","78","0","2025","4","",474,964,991,1023,29270023,2327798,52023,2268,"",5.69,3.55,3.62,3.70,2.81,7.52,11.13,0.78,"",104,28.1,322,50.2,324,48.6,351,52.2,11277772,62.7,734905,46.1,17042,48.7,172,8.2
"13121","5","5412","76","0","2025","4","",1544,15320,15539,15526,567960958,12844281,215034,2826,"",1.19,2.32,2.31,2.25,2.30,1.92,2.06,1.00,"",172,12.5,-62,-0.4,32,0.2,-28,-0.2,9519810,1.7,820029,6.8,25357,13.4,51,1.8
"13121","5","54121","77","0","2025","4","",1544,15320,15539,15526,567960958,12844281,215034,2826,"",1.19,2.32,2.31,2.25,2.30,1.92,2.06,1.00,"",172,12.5,-62,-0.4,32,0.2,-28,-0.2,9519810,1.7,820029,6.8,25357,13.4,51,1.8
"13121","5","541211","78","0","2025","4","",400,8256,8240,8189,352869509,4765230,99574,3299,"",0.92,2.65,2.65,2.61,2.61,1.91,3.46,0.99,"",11,2.8,-350,-4.1,-322,-3.8,-310,-3.6,8863889,2.6,-61732,-1.3,3310,3.4,206,6.7
"13121","5","541213","78","0","2025","4","",238,410,449,568,8221891,653769,13299,1330,"",0.92,0.91,0.83,0.88,0.80,1.36,1.32,0.92,"",12,5.3,40,10.8,39,9.5,100,21.4,532208,6.9,341174,109.1,4860,57.6,-92,-6.5
"13121","5","541214","78","0","2025","4","",130,3961,4164,4052,128395521,5186801,60386,2433,"",1.45,2.99,3.12,3.00,2.45,2.84,1.45,0.81,"",9,7.4,154,4.0,216,5.5,65,1.6,17547017,15.8,904239,21.1,9428,18.5,254,11.7
"13121","5","541219","78","0","2025","4","",776,2693,2686,2717,78474037,2238481,41775,2237,"",1.51,1.56,1.56,1.55,1.58,1.18,1.74,1.01,"",140,22.0,94,3.6,99,3.8,117,4.5,-17423304,-18.2,-363652,-14.0,7759,22.8,-605,-21.3
"13121","5","5413","76","0","2025","4","",1487,14180,14232,14302,502623252,10013222,124664,2716,"",1.23,1.36,1.36,1.36,1.12,1.18,1.06,0.82,"",121,8.9,456,3.3,474,3.4,594,4.3,23633214,4.9,1311259,15.1,6530,5.5,32,1.2
"13121","5","54131","77","0","2025","4","",337,3215,3208,3222,125604430,1715385,18241,3005,"",1.63,2.65,2.64,2.63,2.38,1.78,1.48,0.90,"",16,5.0,-49,-1.5,-67,-2.0,-40,-1.2,2087786,1.7,88711,5.5,-392,-2.1,97,3.3
"13121","5","541310","78","0","2025","4","",337,3215,3208,3222,125604430,1715385,18241,3005,"",1.63,2.65,2.64,2.63,2.38,1.78,1.48,0.90,"",16,5.0,-49,-1.5,-67,-2.0,-40,-1.2,2087786,1.7,88711,5.5,-392,-2.1,97,3.3
"13121","5","54132","77","0","2025","4","",104,592,581,575,15114928,799098,11952,1995,"",2.02,2.74,2.73,2.82,2.41,3.65,3.43,0.87,"",12,13.0,-3,-0.5,-14,-2.4,-19,-3.2,1015198,7.2,137681,20.8,2660,28.6,171,9.4
"13121","5","541320","78","0","2025","4","",104,592,581,575,15114928,799098,11952,1995,"",2.02,2.74,2.73,2.82,2.41,3.65,3.43,0.87,"",12,13.0,-3,-0.5,-14,-2.4,-19,-3.2,1015198,7.2,137681,20.8,2660,28.6,171,9.4
"13121","5","54133","77","0","2025","4","",878,9363,9430,9479,332242114,6371806,78999,2712,"",1.24,1.28,1.29,1.28,0.98,1.12,1.00,0.76,"",68,8.4,451,5.1,495,5.5,568,6.4,14074073,4.4,631676,11.0,-264,-0.3,-32,-1.2
"13121","5","541330","78","0","2025","4","",878,9363,9430,9479,332242114,6371806,78999,2712,"",1.24,1.28,1.29,1.28,0.98,1.12,1.00,0.76,"",68,8.4,451,5.1,495,5.5,568,6.4,14074073,4.4,631676,11.0,-264,-0.3,-32,-1.2
"13121","5","54134","77","0","2025","4","",13,15,17,17,257116,26442,566,1211,"",0.52,0.26,0.30,0.30,0.17,0.43,0.78,0.58,"",-1,-7.1,-10,-40.0,-9,-34.6,-7,-29.2,-395901,-60.6,24058,1009.1,535,1725.8,-798,-39.7
"13121","5","541340","78","0","2025","4","",13,15,17,17,257116,26442,566,1211,"",0.52,0.26,0.30,0.30,0.17,0.43,0.78,0.58,"",-1,-7.1,-10,-40.0,-9,-34.6,-7,-29.2,-395901,-60.6,24058,1009.1,535,1725.8,-798,-39.7
"13121","5","54135","77","0","2025","4","",53,199,192,192,3314760,131913,2673,1312,"",0.91,1.21,1.18,1.18,0.82,0.78,1.02,0.69,"",13,32.5,4,2.1,1,0.5,1,0.5,208340,6.7,50189,61.4,1327,98.6,70,5.6
"13121","5","541350","78","0","2025","4","",53,199,192,192,3314760,131913,2673,1312,"",0.91,1.21,1.18,1.18,0.82,0.78,1.02,0.69,"",13,32.5,4,2.1,1,0.5,1,0.5,208340,6.7,50189,61.4,1327,98.6,70,5.6
"13121","5","54136","77","0","2025","4","",18,36,36,34,894203,36730,992,1947,"",1.04,0.40,0.40,0.37,0.26,0.36,0.61,0.66,"",7,63.6,11,44.0,11,44.0,8,30.8,299384,50.3,6552,21.7,176,21.6,141,7.8
"13121","5","541360","78","0","2025","4","",18,36,36,34,894203,36730,992,1947,"",1.04,0.40,0.40,0.37,0.26,0.36,0.61,0.66,"",7,63.6,11,44.0,11,44.0,8,30.8,299384,50.3,6552,21.7,176,21.6,141,7.8
"13121","5","54137","77","0","2025","4","",36,514,521,530,8939431,788540,8855,1318,"",0.61,1.52,1.54,1.56,0.93,2.43,2.15,0.60,"",-1,-2.7,36,7.5,44,9.2,61,13.0,708124,8.6,358694,83.4,2330,35.7,-16,-1.2
"13121","5","541370","78","0","2025","4","",36,514,521,530,8939431,788540,8855,1318,"",0.61,1.52,1.54,1.56,0.93,2.43,2.15,0.60,"",-1,-2.7,36,7.5,44,9.2,61,13.0,708124,8.6,358694,83.4,2330,35.7,-16,-1.2
"13121","5","54138","77","0","2025","4","",48,246,247,253,16256270,143308,2386,5029,"",0.61,0.23,0.23,0.23,0.47,0.15,0.17,2.05,"",7,17.1,16,7.0,13,5.6,22,9.5,5636210,53.1,13698,10.6,158,7.1,1503,42.6
"13121","5","541380","78","0","2025","4","",48,246,247,253,16256270,143308,2386,5029,"",0.61,0.23,0.23,0.23,0.47,0.15,0.17,2.05,"",7,17.1,16,7.0,13,5.6,22,9.5,5636210,53.1,13698,10.6,158,7.1,1503,42.6
"13121","5","5414","76","0","2025","4","",613,1982,1970,2017,58493210,1759701,26764,2261,"",1.83,2.21,2.19,2.21,1.97,1.87,1.83,0.90,"",20,3.4,6,0.3,-7,-0.4,35,1.8,789870,1.4,-419673,-19.3,-5691,-17.5,17,0.8
"13121","5","54141","77","0","2025","4","",311,1045,1049,1068,26207963,778963,11271,1913,"",2.31,3.05,3.04,3.06,2.69,1.91,1.77,0.88,"",25,8.7,-15,-1.4,-14,-1.3,45,4.4,943118,3.7,90963,13.2,1374,13.9,60,3.2
"13121","5","541410","78","0","2025","4","",311,1045,1049,1068,26207963,778963,11271,1913,"",2.31,3.05,3.04,3.06,2.69,1.91,1.77,0.88,"",25,8.7,-15,-1.4,-14,-1.3,45,4.4,943118,3.7,90963,13.2,1374,13.9,60,3.2
"13121","5","54142","77","0","2025","4","",25,52,52,50,1122198,104794,2058,1682,"",1.30,0.44,0.44,0.42,0.22,1.43,1.77,0.51,"",0,0.0,-2,-3.7,-1,-1.9,-5,-9.1,-230089,-17.0,39897,61.5,1392,209.0,-244,-12.7
"13121","5","541420","78","0","2025","4","",25,52,52,50,1122198,104794,2058,1682,"",1.30,0.44,0.44,0.42,0.22,1.43,1.77,0.51,"",0,0.0,-2,-3.7,-1,-1.9,-5,-9.1,-230089,-17.0,39897,61.5,1392,209.0,-244,-12.7
"13121","5","54143","77","0","2025","4","",209,484,469,486,14631424,574465,8155,2346,"",1.54,1.54,1.51,1.53,1.38,1.81,1.81,0.90,"",-6,-2.8,-57,-10.5,-44,-8.6,-33,-6.4,-169997,-1.1,-18213,-3.1,1536,23.2,175,8.1
"13121","5","541430","78","0","2025","4","",209,484,469,486,14631424,574465,8155,2346,"",1.54,1.54,1.51,1.53,1.38,1.81,1.81,0.90,"",-6,-2.8,-57,-10.5,-44,-8.6,-33,-6.4,-169997,-1.1,-18213,-3.1,1536,23.2,175,8.1
"13121","5","54149","77","0","2025","4","",68,401,400,413,16531625,301479,5280,3142,"",1.50,3.22,3.20,3.29,3.94,2.16,2.05,1.22,"",1,1.5,80,24.9,52,14.9,28,7.3,246838,1.5,-532320,-63.8,-9993,-65.4,-423,-11.9
"13121","5","541490","78","0","2025","4","",68,401,400,413,16531625,301479,5280,3142,"",1.50,3.22,3.20,3.29,3.94,2.16,2.05,1.22,"",1,1.5,80,24.9,52,14.9,28,7.3,246838,1.5,-532320,-63.8,-9993,-65.4,-423,-11.9
"13121","5","5415","76","0","2025","4","",5059,29489,29512,29077,1112285202,23446489,395182,2914,"",1.74,2.04,2.04,2.01,1.37,1.89,1.88,0.67,"",531,11.7,864,3.0,1020,3.6,1080,3.9,55489388,5.3,727513,3.2,15742,4.1,49,1.7
"13121","5","54151","77","0","2025","4","",5059,29489,29512,29077,1112285202,23446489,395182,2914,"",1.74,2.04,2.04,2.01,1.37,1.89,1.88,0.67,"",531,11.7,864,3.0,1020,3.6,1080,3.9,55489388,5.3,727513,3.2,15742,4.1,49,1.7
"13121","5","541511","78","0","2025","4","",2322,13734,13777,13541,517850227,10233220,171181,2911,"",1.68,2.13,2.13,2.10,1.26,1.98,1.84,0.60,"",241,11.6,-167,-1.2,-44,-0.3,-68,-0.5,26352965,5.4,-318660,-3.0,-32537,-16.0,167,6.1
"13121","5","541512","78","0","2025","4","",1925,11379,11331,11150,452277503,9162293,152735,3082,"",1.57,1.70,1.69,1.67,1.33,1.52,1.56,0.79,"",132,7.4,3,0.0,37,0.3,154,1.4,-8840222,-1.9,273650,3.1,35792,30.6,-79,-2.5
"13121","5","541513","78","0","2025","4","",87,1963,1962,1975,67073748,1162741,10480,2623,"",1.83,4.27,4.25,4.29,3.26,3.39,2.18,0.76,"",10,13.0,172,9.6,166,9.2,158,8.7,7261523,12.1,143442,14.1,-3229,-23.6,69,2.7
"13121","5","541519","78","0","2025","4","",725,2413,2442,2411,75083724,2888235,60786,2385,"",2.93,2.79,2.81,2.77,1.70,3.35,4.19,0.61,"",148,25.6,856,55.0,861,54.5,836,53.1,30715122,69.2,629081,27.8,15716,34.9,213,9.8
"13121","5","5416","76","0","2025","4","",5334,27634,27726,27881,1196832560,24931487,464937,3318,"",1.78,2.45,2.45,2.44,2.47,2.04,2.41,1.01,"",693,14.9,268,1.0,465,1.7,614,2.3,49113975,4.3,1243604,5.2,20451,4.6,84,2.6
"13121","5","54161","77","0","2025","4","",4557,25859,25941,26086,1143622123,22869316,420227,3388,"",1.84,2.76,2.76,2.75,2.81,2.27,2.61,1.02,"",540,13.4,83,0.3,274,1.1,410,1.6,41128429,3.7,1311059,6.1,19159,4.8,89,2.7
"13121","5","541611","78","0","2025","4","",1715,16990,17003,17033,893343051,11444974,206700,4040,"",1.34,3.33,3.32,3.29,3.58,2.18,2.53,1.08,"",106,6.6,98,0.6,-1,0.0,15,0.1,31046808,3.6,-286984,-2.4,-9902,-4.6,132,3.4
"13121","5","541612","78","0","2025","4","",312,1261,1271,1297,45575411,1257199,22884,2747,"",2.70,2.28,2.29,2.34,2.04,2.14,2.50,0.88,"",35,12.6,19,1.5,6,0.5,34,2.7,-1294987,-2.8,100233,8.7,5762,33.7,-122,-4.3
"13121","5","541613","78","0","2025","4","",1298,3783,3782,3761,97068203,5061140,98080,1978,"",1.93,1.94,1.94,1.92,1.35,2.14,2.43,0.70,"",173,15.4,-62,-1.6,23,0.6,11,0.3,3330305,3.6,601941,13.5,10458,11.9,73,3.8
"13121","5","541614","78","0","2025","4","",195,1278,1392,1425,37557162,1933334,27861,2116,"",1.40,1.32,1.41,1.42,1.24,1.88,1.75,0.90,"",-4,-2.0,57,4.7,289,26.2,337,31.0,3229603,9.4,1161501,150.5,16957,155.5,-206,-8.9
"13121","5","541618","78","0","2025","4","",1037,2547,2493,2570,70078296,3172669,64702,2125,"",3.80,3.24,3.17,3.23,2.14,3.80,4.68,0.67,"",230,28.5,-29,-1.1,-43,-1.7,13,0.5,4816700,7.4,-265632,-7.7,-4116,-6.0,161,8.2
"13121","5","54162","77","0","2025","4","",99,435,420,431,11484072,176216,2498,2061,"",0.91,0.69,0.67,0.68,0.54,0.29,0.31,0.79,"",15,17.9,47,12.1,29,7.4,27,6.7,1456107,14.5,-165690,-48.5,-842,-25.2,105,5.4
"13121","5","541620","78","0","2025","4","",99,435,420,431,11484072,176216,2498,2061,"",0.91,0.69,0.67,0.68,0.54,0.29,0.31,0.79,"",15,17.9,47,12.1,29,7.4,27,6.7,1456107,14.5,-165690,-48.5,-842,-25.2,105,5.4
"13121","5","54169","77","0","2025","4","",678,1340,1365,1364,41726365,1885955,42212,2366,"",1.67,1.03,1.05,1.04,0.73,1.23,1.77,0.71,"",138,25.6,138,11.5,162,13.5,177,14.9,6529439,18.6,98235,5.5,2134,5.3,105,4.6
"13121","5","541690","78","0","2025","4","",678,1340,1365,1364,41726365,1885955,42212,2366,"",1.67,1.03,1.05,1.04,0.73,1.23,1.77,0.71,"",138,25.6,138,11.5,162,13.5,177,14.9,6529439,18.6,98235,5.5,2134,5.3,105,4.6
"13121","5","5417","76","0","2025","4","",226,2431,2458,2172,76850671,1491563,27212,2512,"",0.54,0.44,0.44,0.39,0.24,0.44,0.54,0.55,"",-5,-2.2,-88,-3.5,-165,-6.3,-281,-11.5,528785,0.7,705026,89.6,7558,38.5,193,8.3
"13121","5","54171","77","0","2025","4","",188,2207,2217,1930,71916420,1361279,25095,2612,"",0.50,0.43,0.43,0.37,0.23,0.43,0.53,0.56,"",-12,-6.0,-152,-6.4,-247,-10.0,-375,-16.3,-407429,-0.6,621698,84.1,6259,33.2,271,11.6
"13121","5","541713","78","0","2025","4","",15,15,15,12,539446,2202,26,2964,"",0.86,0.11,0.11,0.09,0.09,0.02,0.02,0.81,"",1,7.1,1,7.1,1,7.1,0,0.0,-13815,-2.5,-6562,-74.9,-38,-59.4,-228,-7.1
"13121","5","541714","78","0","2025","4","",68,339,344,343,11048493,351484,8798,2485,"",0.43,0.20,0.20,0.20,0.09,0.30,0.45,0.45,"",-4,-5.6,20,6.3,26,8.2,27,8.5,1077262,10.8,180903,106.1,5107,138.4,70,2.9
"13121","5","541715","78","0","2025","4","",105,1853,1858,1575,60328481,1007593,16271,2634,"",0.53,0.56,0.56,0.47,0.33,0.53,0.62,0.61,"",-9,-7.9,-173,-8.5,-274,-12.9,-402,-20.3,-1470876,-2.4,447357,79.9,1190,7.9,309,13.3
"13121","5","54172","77","0","2025","4","",38,224,241,242,4934251,130284,2117,1611,"",0.89,0.59,0.64,0.64,0.41,0.58,0.67,0.66,"",7,22.6,64,40.0,82,51.6,94,63.5,936214,23.4,83328,177.5,1299,158.8,-365,-18.5
"13121","5","541720","78","0","2025","4","",38,224,241,242,4934251,130284,2117,1611,"",0.89,0.59,0.64,0.64,0.41,0.58,0.67,0.66,"",7,22.6,64,40.0,82,51.6,94,63.5,936214,23.4,83328,177.5,1299,158.8,-365,-18.5
"13121","5","5418","76","0","2025","4","",999,5785,5715,5681,203503927,3672909,42097,2733,"",1.83,2.00,1.97,1.95,1.88,1.40,1.01,0.95,"",89,9.8,-16,-0.3,-42,-0.7,-38,-0.7,-1529311,-0.7,-371223,-9.2,-15864,-27.4,-6,-0.2
"13121","5","54181","77","0","2025","4","",462,2930,2895,2861,122072271,1662393,21129,3243,"",1.71,2.34,2.31,2.28,2.21,1.65,1.11,0.96,"",42,10.0,121,4.3,73,2.6,68,2.4,3750619,3.2,-203032,-10.9,-8197,-28.0,2,0.1
"13121","5","541810","78","0","2025","4","",462,2930,2895,2861,122072271,1662393,21129,3243,"",1.71,2.34,2.31,2.28,2.21,1.65,1.11,0.96,"",42,10.0,121,4.3,73,2.6,68,2.4,3750619,3.2,-203032,-10.9,-8197,-28.0,2,0.1
"13121","5","54182","77","0","2025","4","",236,928,877,898,27166685,652620,8681,2319,"",2.25,2.45,2.33,2.38,1.33,2.09,1.53,0.56,"",26,12.4,-101,-9.8,-91,-9.4,-68,-7.0,-4749638,-14.9,-296264,-31.2,-8243,-48.7,-167,-6.7
"13121","5","541820","78","0","2025","4","",236,928,877,898,27166685,652620,8681,2319,"",2.25,2.45,2.33,2.38,1.33,2.09,1.53,0.56,"",26,12.4,-101,-9.8,-91,-9.4,-68,-7.0,-4749638,-14.9,-296264,-31.2,-8243,-48.7,-167,-6.7
"13121","5","54183","77","0","2025","4","",25,81,79,79,2028623,70642,583,1959,"",2.30,0.78,0.76,0.76,0.43,1.52,0.66,0.57,"",3,13.6,-6,-6.9,-10,-11.2,-10,-11.2,-79470,-3.8,215,0.3,473,430.0,123,6.7
"13121","5","541830","78","0","2025","4","",25,81,79,79,2028623,70642,583,1959,"",2.30,0.78,0.76,0.76,0.43,1.52,0.66,0.57,"",3,13.6,-6,-6.9,-10,-11.2,-10,-11.2,-79470,-3.8,215,0.3,473,430.0,123,6.7
"13121","5","54184","77","0","2025","4","",62,832,832,808,26610548,288280,2449,2484,"",2.55,8.34,8.35,8.09,6.44,3.52,2.13,0.78,"",6,10.7,-33,-3.8,-18,-2.1,-27,-3.2,-596031,-2.2,34478,13.6,-1150,-32.0,22,0.9
"13121","5","541840","78","0","2025","4","",62,832,832,808,26610548,288280,2449,2484,"",2.55,8.34,8.35,8.09,6.44,3.52,2.13,0.78,"",6,10.7,-33,-3.8,-18,-2.1,-27,-3.2,-596031,-2.2,34478,13.6,-1150,-32.0,22,0.9
"13121","5","54185","77","0","2025","4","",32,340,349,343,6087905,295766,810,1361,"",1.58,1.87,1.93,1.90,1.22,1.64,0.34,0.64,"",0,0.0,1,0.3,-2,-0.6,-11,-3.1,16277,0.3,23137,8.5,121,17.6,19,1.4
"13121","5","541850","78","0","2025","4","",32,340,349,343,6087905,295766,810,1361,"",1.58,1.87,1.93,1.90,1.22,1.64,0.34,0.64,"",0,0.0,1,0.3,-2,-0.6,-11,-3.1,16277,0.3,23137,8.5,121,17.6,19,1.4
"13121","5","54186","77","0","2025","4","",27,177,176,175,5007593,127438,1454,2189,"",1.59,0.96,0.96,0.95,0.99,0.78,0.61,1.03,"",4,17.4,-13,-6.8,-13,-6.9,-10,-5.4,-95475,-1.9,-11796,-8.5,138,10.5,101,4.8
"13121","5","541860","78","0","2025","4","",27,177,176,175,5007593,127438,1454,2189,"",1.59,0.96,0.96,0.95,0.99,0.78,0.61,1.03,"",4,17.4,-13,-6.8,-13,-6.9,-10,-5.4,-95475,-1.9,-11796,-8.5,138,10.5,101,4.8
"13121","5","54187","77","0","2025","4","",19,23,23,24,417762,6798,4,1377,"",0.73,0.22,0.21,0.22,0.16,0.05,0.00,0.72,"",-3,-13.6,-9,-28.1,-10,-30.3,-7,-22.6,-1285478,-75.5,-60607,-89.9,-779,-99.5,-2717,-66.4
"13121","5","541870","78","0","2025","4","",19,23,23,24,417762,6798,4,1377,"",0.73,0.22,0.21,0.22,0.16,0.05,0.00,0.72,"",-3,-13.6,-9,-28.1,-10,-30.3,-7,-22.6,-1285478,-75.5,-60607,-89.9,-779,-99.5,-2717,-66.4
"13121","5","54189","77","0","2025","4","",136,474,484,493,14112540,568972,6987,2244,"",1.87,0.81,0.81,0.83,1.30,0.82,0.86,1.59,"",11,8.8,24,5.3,29,6.4,27,5.8,1509885,12.0,142646,33.5,1773,34.0,123,5.8
"13121","5","541890","78","0","2025","4","",136,474,484,493,14112540,568972,6987,2244,"",1.87,0.81,0.81,0.83,1.30,0.82,0.86,1.59,"",11,8.8,24,5.3,29,6.4,27,5.8,1509885,12.0,142646,33.5,1773,34.0,123,5.8
"13121","5","5419","76","0","2025","4","",1724,6652,6741,6662,147346451,8149150,159011,1695,"",1.71,1.23,1.24,1.22,1.03,1.27,1.97,0.83,"",300,21.1,785,13.4,862,14.7,680,11.4,19887239,15.6,651417,8.7,11631,7.9,36,2.2
"13121","5","54191","77","0","2025","4","",115,584,580,581,16638158,311029,4091,2200,"",1.62,1.54,1.52,1.52,1.13,1.04,0.83,0.74,"",15,15.0,-43,-6.9,-40,-6.5,-44,-7.0,-1031531,-5.8,-83765,-21.2,-2063,-33.5,22,1.0
"13121","5","541910","78","0","2025","4","",115,584,580,581,16638158,311029,4091,2200,"",1.62,1.54,1.52,1.52,1.13,1.04,0.83,0.74,"",15,15.0,-43,-6.9,-40,-6.5,-44,-7.0,-1031531,-5.8,-83765,-21.2,-2063,-33.5,22,1.0
"13121","5","54192","77","0","2025","4","",168,569,589,601,6382202,1234056,18059,837,"",1.40,1.81,1.85,1.80,1.33,2.43,1.75,0.73,"",1,0.6,53,10.3,85,16.9,59,10.9,246706,4.0,12329,1.0,-1587,-8.1,-69,-7.6
"13121","5","541921","78","0","2025","4","",122,528,547,557,5659588,1149315,16908,800,"",1.44,2.19,2.25,2.18,1.79,2.79,1.95,0.81,"",-4,-3.2,47,9.8,81,17.4,52,10.3,456195,8.8,-10281,-0.9,-1914,-10.2,-27,-3.3
"13121","5","541922","78","0","2025","4","",46,41,42,44,722614,84741,1151,1313,"",1.29,0.55,0.56,0.57,0.44,0.87,0.70,0.78,"",5,12.2,6,17.1,4,10.5,7,18.9,-209489,-22.5,22610,36.4,327,39.7,-642,-32.8
"13121","5","54193","77","0","2025","4","",43,293,295,298,5946702,262641,3978,1549,"",1.19,1.30,1.32,1.36,1.34,1.34,1.48,1.01,"",0,0.0,53,22.1,56,23.4,44,17.3,372748,6.7,24692,10.4,238,6.4,-206,-11.7
"13121","5","541930","78","0","2025","4","",43,293,295,298,5946702,262641,3978,1549,"",1.19,1.30,1.32,1.36,1.34,1.34,1.48,1.01,"",0,0.0,53,22.1,56,23.4,44,17.3,372748,6.7,24692,10.4,238,6.4,-206,-11.7
"13121","5","54194","77","0","2025","4","",172,2112,2144,2183,36878690,2183433,35311,1322,"",0.69,0.74,0.75,0.75,0.65,0.63,1.11,0.87,"",12,7.5,246,13.2,284,15.3,291,15.4,6554751,21.6,341667,18.6,5495,18.4,76,6.1
"13121","5","541940","78","0","2025","4","",172,2112,2144,2183,36878690,2183433,35311,1322,"",0.69,0.74,0.75,0.75,0.65,0.63,1.11,0.87,"",12,7.5,246,13.2,284,15.3,291,15.4,6554751,21.6,341667,18.6,5495,18.4,76,6.1
"13121","5","54199","77","0","2025","4","",1226,3094,3133,2999,81500699,4157991,97572,2039,"",2.32,1.91,1.92,1.84,1.30,2.11,3.16,0.69,"",272,28.5,476,18.2,477,18.0,330,12.4,13744565,20.3,356494,9.4,9548,10.8,70,3.6
"13121","5","541990","78","0","2025","4","",1226,3094,3133,2999,81500699,4157991,97572,2039,"",2.32,1.91,1.92,1.84,1.30,2.11,3.16,0.69,"",272,28.5,476,18.2,477,18.0,330,12.4,13744565,20.3,356494,9.4,9548,10.8,70,3.6
"13121","5","55","74","0","2025","4","",708,47271,47056,47122,1931383355,29216700,366049,3151,"",0.97,3.00,2.97,2.95,2.27,1.54,1.77,0.76,"",75,11.8,96,0.2,-573,-1.2,-1030,-2.1,27678268,1.5,-1541944,-5.0,-76298,-17.2,78,2.5
"13121","5","551","75","0","2025","4","",708,47271,47056,47122,1931383355,29216700,366049,3151,"",0.97,3.00,2.97,2.95,2.27,1.54,1.77,0.76,"",75,11.8,96,0.2,-573,-1.2,-1030,-2.1,27678268,1.5,-1541944,-5.0,-76298,-17.2,78,2.5
"13121","5","5511","76","0","2025","4","",708,47271,47056,47122,1931383355,29216700,366049,3151,"",0.97,3.00,2.97,2.95,2.27,1.54,1.77,0.76,"",75,11.8,96,0.2,-573,-1.2,-1030,-2.1,27678268,1.5,-1541944,-5.0,-76298,-17.2,78,2.5
"13121","5","55111","77","0","2025","4","",708,47271,47056,47122,1931383355,29216700,366049,3151,"",0.97,3.00,2.97,2.95,2.27,1.54,1.77,0.76,"",75,11.8,96,0.2,-573,-1.2,-1030,-2.1,27678268,1.5,-1541944,-5.0,-76298,-17.2,78,2.5
"13121","5","551111","78","0","2025","4","",6,53,52,52,1672094,28376,440,2458,"",0.88,1.02,1.00,0.99,0.55,0.66,1.15,0.55,"",-2,-25.0,12,29.3,9,20.9,4,8.3,39119,2.4,3517,14.1,150,51.7,-397,-13.9
"13121","5","551112","78","0","2025","4","",259,1176,1182,1197,44190178,1308117,24097,2869,"",2.26,2.09,2.09,2.09,1.38,2.50,3.44,0.66,"",20,8.4,125,11.9,127,12.0,162,15.7,2914405,7.1,396325,43.5,1248,5.5,-164,-5.4
"13121","5","551114","78","0","2025","4","",443,46042,45822,45873,1885521083,27880207,341512,3159,"",0.72,3.04,3.00,2.99,2.31,1.51,1.71,0.77,"",57,14.8,-41,-0.1,-709,-1.5,-1196,-2.5,24724744,1.3,-1941786,-6.5,-77696,-18.5,85,2.8
"13121","5","56","74","0","2025","4","",4787,62302,62079,62207,1236571257,107458885,1197653,1529,"",1.00,1.12,1.11,1.13,1.12,1.19,0.83,1.00,"",280,6.2,-4295,-6.4,-4416,-6.6,-3025,-4.6,2560346,0.2,-14458465,-11.9,-385445,-24.3,93,6.5
"13121","5","561","75","0","2025","4","",4649,60659,60441,60566,1209432884,105821853,1183860,1536,"",1.03,1.15,1.15,1.16,1.19,1.22,0.85,1.03,"",280,6.4,-4332,-6.7,-4438,-6.8,-3050,-4.8,1837863,0.2,-14376148,-12.0,-363387,-23.5,96,6.7
"13121","5","5611","76","0","2025","4","",620,4118,4149,4097,129511675,4121786,55800,2417,"",1.05,1.08,1.08,1.07,0.91,1.18,1.23,0.84,"",65,11.7,-1075,-20.7,-349,-7.8,-350,-7.9,-758424,-0.6,-2849846,-40.9,-60981,-52.2,291,13.7
"13121","5","56111","77","0","2025","4","",620,4118,4149,4097,129511675,4121786,55800,2417,"",1.05,1.08,1.08,1.07,0.91,1.18,1.23,0.84,"",65,11.7,-1075,-20.7,-349,-7.8,-350,-7.9,-758424,-0.6,-2849846,-40.9,-60981,-52.2,291,13.7
"13121","5","561110","78","0","2025","4","",620,4118,4149,4097,129511675,4121786,55800,2417,"",1.05,1.08,1.08,1.07,0.91,1.18,1.23,0.84,"",65,11.7,-1075,-20.7,-349,-7.8,-350,-7.9,-758424,-0.6,-2849846,-40.9,-60981,-52.2,291,13.7
"13121","5","5612","76","0","2025","4","",61,1430,1418,1406,25317389,1290213,12051,1373,"",1.07,1.30,1.29,1.27,1.09,1.04,0.65,0.85,"",3,5.2,-80,-5.3,-71,-4.8,5,0.4,1114328,4.6,-132447,-9.3,-2791,-18.8,104,8.2
"13121","5","56121","77","0","2025","4","",61,1430,1418,1406,25317389,1290213,12051,1373,"",1.07,1.30,1.29,1.27,1.09,1.04,0.65,0.85,"",3,5.2,-80,-5.3,-71,-4.8,5,0.4,1114328,4.6,-132447,-9.3,-2791,-18.8,104,8.2
"13121","5","561210","78","0","2025","4","",61,1430,1418,1406,25317389,1290213,12051,1373,"",1.07,1.30,1.29,1.27,1.09,1.04,0.65,0.85,"",3,5.2,-80,-5.3,-71,-4.8,5,0.4,1114328,4.6,-132447,-9.3,-2791,-18.8,104,8.2
"13121","5","5613","76","0","2025","4","",1727,26678,26724,26756,536716791,67770185,606998,1545,"",1.67,1.33,1.31,1.32,1.44,1.50,0.78,1.09,"",46,2.7,-2996,-10.1,-3485,-11.5,-2700,-9.2,-14910249,-2.7,-9419869,-12.2,-369077,-37.8,120,8.4
"13121","5","56131","77","0","2025","4","",331,4750,4816,4907,127232853,8906234,111510,2029,"",1.32,2.61,2.61,2.65,2.69,2.46,1.63,1.02,"",-11,-3.2,-362,-7.1,85,1.8,105,2.2,808825,0.6,307733,3.6,-33765,-23.2,37,1.9
"13121","5","561311","78","0","2025","4","",246,4126,4193,4273,93514435,8000921,104704,1714,"",1.28,2.58,2.59,2.63,2.72,2.42,1.70,1.05,"",-2,-0.8,-285,-6.5,150,3.7,172,4.2,-1370966,-1.4,570721,7.7,-25941,-19.9,-30,-1.7
"13121","5","561312","78","0","2025","4","",85,624,623,634,33718418,905313,6806,4137,"",1.43,2.78,2.76,2.80,2.59,2.87,1.02,0.93,"",-9,-9.6,-77,-11.0,-65,-9.4,-67,-9.6,2179791,6.9,-262988,-22.5,-7824,-53.5,655,18.8
"13121","5","56132","77","0","2025","4","",718,17957,17876,17842,320879093,50850318,380177,1380,"",1.10,1.15,1.12,1.13,1.26,1.35,0.59,1.12,"",10,1.4,-1164,-6.1,-2399,-11.8,-1827,-9.3,-13200333,-4.0,-8611568,-14.5,-315689,-45.4,75,5.7
"13121","5","561320","78","0","2025","4","",718,17957,17876,17842,320879093,50850318,380177,1380,"",1.10,1.15,1.12,1.13,1.26,1.35,0.59,1.12,"",10,1.4,-1164,-6.1,-2399,-11.8,-1827,-9.3,-13200333,-4.0,-8611568,-14.5,-315689,-45.4,75,5.7
"13121","5","56133","77","0","2025","4","",678,3971,4032,4007,88604845,8013633,115311,1703,"",5.10,1.56,1.57,1.56,1.23,2.05,1.71,0.79,"",47,7.4,-1470,-27.0,-1171,-22.5,-978,-19.6,-2518741,-2.8,-1116034,-12.2,-19623,-14.5,358,26.6
"13121","5","561330","78","0","2025","4","",678,3971,4032,4007,88604845,8013633,115311,1703,"",5.10,1.56,1.57,1.56,1.23,2.05,1.71,0.79,"",47,7.4,-1470,-27.0,-1171,-22.5,-978,-19.6,-2518741,-2.8,-1116034,-12.2,-19623,-14.5,358,26.6
"13121","5","5614","76","0","2025","4","",735,8677,8887,8967,255036332,7592543,155599,2218,"",1.76,2.19,2.22,2.23,2.84,1.60,2.26,1.28,"",71,10.7,115,1.3,-13,-0.1,-59,-0.7,14608202,6.1,-597570,-7.3,49079,46.1,123,5.9
"13121","5","56141","77","0","2025","4","",74,136,136,136,4153948,142111,1332,2350,"",1.45,0.69,0.70,0.70,1.07,0.73,0.59,1.54,"",10,15.6,-48,-26.1,-50,-26.9,-55,-28.8,-2589523,-38.4,-58562,-29.2,-2155,-61.8,-424,-15.3
"13121","5","561410","78","0","2025","4","",74,136,136,136,4153948,142111,1332,2350,"",1.45,0.69,0.70,0.70,1.07,0.73,0.59,1.54,"",10,15.6,-48,-26.1,-50,-26.9,-55,-28.8,-2589523,-38.4,-58562,-29.2,-2155,-61.8,-424,-15.3
"13121","5","56142","77","0","2025","4","",100,1900,2083,2234,20846495,3496662,98421,774,"",0.99,0.96,1.03,1.11,0.55,1.31,2.48,0.54,"",7,7.5,99,5.5,-28,-1.3,5,0.2,-1470510,-6.6,-787606,-18.4,38916,65.4,-65,-7.7
"13121","5","561421","78","0","2025","4","N",10,0,0,0,0,0,0,0,"N",0.46,0,0,0,0,0,0,0,"N",-2,-16.7,0,0,0,0,0,0,0,0,0,0,0,0,0,0
"13121","5","561422","78","0","2025","4","N",90,0,0,0,0,0,0,0,"N",1.13,0,0,0,0,0,0,0,"N",9,11.1,0,0,0,0,0,0,0,0,0,0,0,0,0,0
"13121","5","56143","77","0","2025","4","",167,940,944,939,10644716,650376,7065,870,"",2.09,2.11,2.09,2.04,1.51,1.21,1.11,0.73,"",4,2.5,-19,-2.0,-30,-3.1,-33,-3.4,89123,0.8,-256877,-28.3,-4257,-37.6,31,3.7
"13121","5","561431","78","0","2025","4","",56,277,277,285,2435742,295188,4213,670,"",1.39,1.32,1.29,1.30,1.00,0.99,1.20,0.76,"",-1,-1.8,11,4.1,-1,-0.4,8,2.9,129991,5.6,-131558,-30.8,-4739,-52.9,22,3.4
"13121","5","561439","78","0","2025","4","",111,663,667,654,8208974,355188,2852,955,"",2.80,2.81,2.80,2.70,1.79,1.49,0.99,0.65,"",5,4.7,-30,-4.3,-29,-4.2,-41,-5.9,-40868,-0.5,-125319,-26.1,482,20.3,41,4.5
"13121","5","56144","77","0","2025","4","",41,374,380,380,10252397,387122,10775,2086,"",0.97,0.74,0.75,0.74,0.82,0.72,1.45,1.10,"",2,5.1,-37,-9.0,-53,-12.2,-62,-14.0,1956526,23.6,-20287,-5.0,1552,16.8,597,40.1
"13121","5","561440","78","0","2025","4","",41,374,380,380,10252397,387122,10775,2086,"",0.97,0.74,0.75,0.74,0.82,0.72,1.45,1.10,"",2,5.1,-37,-9.0,-53,-12.2,-62,-14.0,1956526,23.6,-20287,-5.0,1552,16.8,597,40.1
"13121","5","56145","77","0","2025","4","",20,3811,3826,3764,172068777,1046640,4789,3483,"",2.30,30.11,30.18,29.75,24.69,17.07,4.91,0.82,"",-2,-9.1,59,1.6,73,1.9,23,0.6,16144418,10.4,95101,10.0,-137,-2.8,283,8.8
"13121","5","561450","78","0","2025","4","",20,3811,3826,3764,172068777,1046640,4789,3483,"",2.30,30.11,30.18,29.75,24.69,17.07,4.91,0.82,"",-2,-9.1,59,1.6,73,1.9,23,0.6,16144418,10.4,95101,10.0,-137,-2.8,283,8.8
"13121","5","56149","77","0","2025","4","",333,1516,1518,1514,37069999,1869632,33217,1881,"",2.47,2.15,2.15,2.14,1.71,2.48,2.75,0.80,"",50,17.7,61,4.2,75,5.2,63,4.3,478168,1.3,430661,29.9,15160,84.0,-61,-3.1
"13121","5","561491","78","0","2025","4","",9,166,164,164,2451163,213795,1032,1145,"",1.49,3.46,3.42,3.38,2.65,3.53,1.26,0.77,"",1,12.5,14,9.2,14,9.3,14,9.3,13014,0.5,-8730,-3.9,104,11.2,-100,-8.0
"13121","5","561492","78","0","2025","4","",30,267,262,266,5035811,68547,849,1462,"",1.35,3.88,3.80,3.82,2.97,1.31,1.40,0.77,"",2,7.1,-4,-1.5,-4,-1.5,1,0.4,67980,1.4,-11253,-14.1,-186,-18.0,33,2.3
"13121","5","561499","78","0","2025","4","",294,1083,1092,1084,29583025,1587290,31336,2095,"",2.76,1.84,1.86,1.84,1.55,2.48,2.94,0.84,"",47,19.0,51,4.9,65,6.3,48,4.6,397174,1.4,450644,39.6,15242,94.7,-81,-3.7
"13121","5","5615","76","0","2025","4","",201,1339,1338,1325,29086737,731921,10837,1677,"",1.25,1.20,1.20,1.20,0.79,0.68,0.78,0.66,"",36,21.8,-72,-5.1,-56,-4.0,-69,-4.9,2075548,7.7,52126,7.7,1635,17.8,193,13.0
"13121","5","56151","77","0","2025","4","",141,807,800,801,15423426,434846,6840,1478,"",1.48,1.79,1.77,1.77,0.95,1.06,1.26,0.53,"",34,31.8,-66,-7.6,-60,-7.0,-60,-7.0,657419,4.5,112560,34.9,2883,72.9,164,12.5
"13121","5","561510","78","0","2025","4","",141,807,800,801,15423426,434846,6840,1478,"",1.48,1.79,1.77,1.77,0.95,1.06,1.26,0.53,"",34,31.8,-66,-7.6,-60,-7.0,-60,-7.0,657419,4.5,112560,34.9,2883,72.9,164,12.5
"13121","5","56152","77","0","2025","4","",13,163,163,160,4623232,62723,861,2195,"",0.53,1.08,1.14,1.16,1.29,0.29,0.30,1.15,"",0,0.0,1,0.6,3,1.9,0,0.0,449878,10.8,18011,40.3,537,165.7,197,9.9
"13121","5","561520","78","0","2025","4","",13,163,163,160,4623232,62723,861,2195,"",0.53,1.08,1.14,1.16,1.29,0.29,0.30,1.15,"",0,0.0,1,0.6,3,1.9,0,0.0,449878,10.8,18011,40.3,537,165.7,197,9.9
"13121","5","56159","77","0","2025","4","",47,369,375,364,9040079,234352,3136,1883,"",1.15,0.71,0.72,0.70,0.53,0.53,0.56,0.74,"",2,4.4,-7,-1.9,1,0.3,-9,-2.4,968251,12.0,-78445,-25.1,-1785,-36.3,224,13.5
"13121","5","561591","78","0","2025","4","",16,147,143,141,4277893,124655,829,2291,"",2.31,2.52,2.47,2.44,2.76,2.59,1.47,1.11,"",0,0.0,3,2.1,-3,-2.1,-4,-2.8,324128,8.2,29472,31.0,490,144.5,194,9.3
"13121","5","561599","78","0","2025","4","",31,222,232,223,4762186,109697,2307,1623,"",0.92,0.48,0.50,0.48,0.30,0.28,0.46,0.62,"",2,6.9,-10,-4.3,4,1.8,-5,-2.2,644123,15.6,-107917,-49.6,-2275,-49.7,242,17.5
"13121","5","5616","76","0","2025","4","",256,10343,10117,10276,101155805,14719558,175892,759,"",0.93,1.61,1.58,1.63,0.98,1.64,1.35,0.61,"",20,8.5,288,2.9,153,1.5,572,5.9,-783212,-0.8,-76355,-0.5,38243,27.8,-32,-4.0
"13121","5","56161","77","0","2025","4","",183,9749,9510,9667,86955532,14073375,166625,694,"",1.09,1.78,1.75,1.81,1.15,1.76,1.40,0.65,"",20,12.3,513,5.6,358,3.9,765,8.6,6448358,8.0,32049,0.2,43108,34.9,13,1.9
"13121","5","561611","78","0","2025","4","N",29,0,0,0,0,0,0,0,"N",0.73,0,0,0,0,0,0,0,"N",2,7.4,0,0,0,0,0,0,0,0,0,0,0,0,0,0
"13121","5","561612","78","0","2025","4","",148,9246,9013,9179,78713338,13743013,164297,662,"",1.21,1.82,1.78,1.85,1.16,1.83,1.46,0.64,"",18,13.8,449,5.1,305,3.5,720,8.5,4905119,6.6,139613,1.0,44231,36.8,6,0.9
"13121","5","561613","78","0","2025","4","N",6,0,0,0,0,0,0,0,"N",0.97,0,0,0,0,0,0,0,"N",0,0.0,0,0,0,0,0,0,0,0,0,0,0,0,0,0
"13121","5","56162","77","0","2025","4","",73,594,607,609,14200273,646183,9267,1810,"",0.68,0.62,0.64,0.63,0.52,0.66,0.82,0.83,"",0,0.0,-225,-27.5,-205,-25.2,-193,-24.1,-7231570,-33.7,-108404,-14.4,-4865,-34.4,-223,-11.0
"13121","5","561621","78","0","2025","4","",55,543,554,554,13537917,606071,8876,1892,"",0.71,0.63,0.65,0.64,0.54,0.69,0.87,0.84,"",-2,-3.5,-228,-29.6,-212,-27.7,-201,-26.6,-7188296,-34.7,-52257,-7.9,-3766,-29.8,-195,-9.3
"13121","5","561622","78","0","2025","4","",18,51,53,55,662356,40112,391,961,"",0.61,0.50,0.52,0.54,0.31,0.37,0.35,0.60,"",2,12.5,3,6.2,7,15.2,8,17.0,-43274,-6.1,-56147,-58.3,-1099,-73.8,-194,-16.8
"13121","5","5617","76","0","2025","4","",819,6378,6148,6170,98388705,7597722,110543,1214,"",0.47,0.45,0.44,0.46,0.48,0.40,0.39,1.05,"",56,7.3,-288,-4.3,-147,-2.3,-83,-1.3,48061,0.0,-807522,-9.6,-13577,-10.9,33,2.8
"13121","5","56171","77","0","2025","4","",76,805,776,792,19653040,587060,4620,1911,"",0.62,0.85,0.83,0.85,1.07,0.62,0.42,1.26,"",9,13.4,44,5.8,18,2.4,36,4.8,988716,5.3,-2449,-0.4,-571,-11.0,18,1.0
"13121","5","561710","78","0","2025","4","",76,805,776,792,19653040,587060,4620,1911,"",0.62,0.85,0.83,0.85,1.07,0.62,0.42,1.26,"",9,13.4,44,5.8,18,2.4,36,4.8,988716,5.3,-2449,-0.4,-571,-11.0,18,1.0
"13121","5","56172","77","0","2025","4","",364,2518,2506,2485,27404863,3774409,51042,842,"",0.64,0.39,0.38,0.38,0.37,0.42,0.49,0.96,"",31,9.3,-503,-16.7,-275,-9.9,-268,-9.7,-4079031,-13.0,-730171,-16.2,-14757,-22.4,-7,-0.8
"13121","5","561720","78","0","2025","4","",364,2518,2506,2485,27404863,3774409,51042,842,"",0.64,0.39,0.38,0.38,0.37,0.42,0.49,0.96,"",31,9.3,-503,-16.7,-275,-9.9,-268,-9.7,-4079031,-13.0,-730171,-16.2,-14757,-22.4,-7,-0.8
"13121","5","56173","77","0","2025","4","",308,2354,2322,2338,43011273,2408353,47337,1415,"",0.36,0.41,0.42,0.45,0.44,0.30,0.32,1.03,"",11,3.7,138,6.2,78,3.5,97,4.3,1984749,4.8,-169273,-6.6,4634,10.9,2,0.1
"13121","5","561730","78","0","2025","4","",308,2354,2322,2338,43011273,2408353,47337,1415,"",0.36,0.41,0.42,0.45,0.44,0.30,0.32,1.03,"",11,3.7,138,6.2,78,3.5,97,4.3,1984749,4.8,-169273,-6.6,4634,10.9,2,0.1
"13121","5","56174","77","0","2025","4","",12,55,55,56,843371,34367,927,1172,"",0.26,0.27,0.27,0.28,0.25,0.11,0.26,0.94,"",-1,-7.7,5,10.0,6,12.2,5,9.8,115226,15.8,24368,243.7,729,368.2,52,4.6
"13121","5","561740","78","0","2025","4","",12,55,55,56,843371,34367,927,1172,"",0.26,0.27,0.27,0.28,0.25,0.11,0.26,0.94,"",-1,-7.7,5,10.0,6,12.2,5,9.8,115226,15.8,24368,243.7,729,368.2,52,4.6
"13121","5","56179","77","0","2025","4","",59,646,489,499,7476158,793533,6617,1056,"",0.39,0.92,0.71,0.73,0.59,0.86,0.42,0.75,"",6,11.3,28,4.5,26,5.6,47,10.4,1038401,16.1,70003,9.7,-3612,-35.3,87,9.0
"13121","5","561790","78","0","2025","4","",59,646,489,499,7476158,793533,6617,1056,"",0.39,0.92,0.71,0.73,0.59,0.86,0.42,0.75,"",6,11.3,28,4.5,26,5.6,47,10.4,1038401,16.1,70003,9.7,-3612,-35.3,87,9.0
"13121","5","5619","76","0","2025","4","",230,1696,1660,1569,34219450,1997925,56140,1603,"",1.02,0.83,0.83,0.79,0.79,0.69,1.06,0.97,"",-17,-6.9,-224,-11.7,-470,-22.1,-366,-18.9,443609,1.3,-544665,-21.4,-5918,-9.5,301,23.1
"13121","5","56191","77","0","2025","4","",12,38,38,40,468179,166591,4107,931,"",0.57,0.10,0.10,0.11,0.06,0.39,0.75,0.58,"",-4,-25.0,-42,-52.5,-37,-49.3,-33,-45.2,-329279,-41.3,86367,107.7,2974,262.5,124,15.4
"13121","5","561910","78","0","2025","4","",12,38,38,40,468179,166591,4107,931,"",0.57,0.10,0.10,0.11,0.06,0.39,0.75,0.58,"",-4,-25.0,-42,-52.5,-37,-49.3,-33,-45.2,-329279,-41.3,86367,107.7,2974,262.5,124,15.4
"13121","5","56192","77","0","2025","4","",114,949,939,852,22231217,900433,40306,1872,"",1.99,2.37,2.47,2.34,2.23,1.57,2.77,0.93,"",-8,-6.6,85,9.8,-120,-11.3,-23,-2.6,-540496,-2.4,-104835,-10.4,-8427,-17.3,-6,-0.3
"13121","5","561920","78","0","2025","4","",114,949,939,852,22231217,900433,40306,1872,"",1.99,2.37,2.47,2.34,2.23,1.57,2.77,0.93,"",-8,-6.6,85,9.8,-120,-11.3,-23,-2.6,-540496,-2.4,-104835,-10.4,-8427,-17.3,-6,-0.3
"13121","5","56199","77","0","2025","4","",104,709,683,677,11520054,930901,11727,1285,"",0.71,0.56,0.54,0.54,0.45,0.49,0.36,0.83,"",-5,-4.6,-267,-27.4,-313,-31.4,-310,-31.4,1313384,12.9,-526197,-36.1,-465,-3.8,489,61.4
"13121","5","561990","78","0","2025","4","",104,709,683,677,11520054,930901,11727,1285,"",0.71,0.56,0.54,0.54,0.45,0.49,0.36,0.83,"",-5,-4.6,-267,-27.4,-313,-31.4,-310,-31.4,1313384,12.9,-526197,-36.1,-465,-3.8,489,61.4
"13121","5","562","75","0","2025","4","",138,1643,1638,1641,27138373,1637032,13793,1272,"",0.53,0.52,0.52,0.52,0.32,0.46,0.26,0.62,"",0,0.0,37,2.3,22,1.4,25,1.5,722483,2.7,-82317,-4.8,-22058,-61.5,12,1.0
"13121","5","5621","76","0","2025","4","",71,1179,1166,1176,16875332,1273964,9327,1106,"",0.71,0.87,0.86,0.87,0.51,0.87,0.50,0.59,"",6,9.2,100,9.3,78,7.2,80,7.3,1620163,10.6,23810,1.9,-20132,-68.3,27,2.5
"13121","5","56211","77","0","2025","4","",71,1179,1166,1176,16875332,1273964,9327,1106,"",0.71,0.87,0.86,0.87,0.51,0.87,0.50,0.59,"",6,9.2,100,9.3,78,7.2,80,7.3,1620163,10.6,23810,1.9,-20132,-68.3,27,2.5
"13121","5","562111","78","0","2025","4","",62,1000,990,1006,13363007,1171684,8819,1029,"",0.81,0.86,0.85,0.86,0.47,0.95,0.59,0.55,"",7,12.7,15,1.5,-2,-0.2,3,0.3,37503,0.3,-16437,-1.4,-19474,-68.8,-3,-0.3
"13121","5","562112","78","0","2025","4","N",2,0,0,0,0,0,0,0,"N",0.38,0,0,0,0,0,0,0,"N",0,0.0,0,0,0,0,0,0,0,0,0,0,0,0,0,0
"13121","5","562119","78","0","2025","4","N",7,0,0,0,0,0,0,0,"N",0.40,0,0,0,0,0,0,0,"N",-1,-12.5,0,0,0,0,0,0,0,0,0,0,0,0,0,0
"13121","5","5622","76","0","2025","4","",21,194,194,193,4362725,73222,552,1733,"",0.64,0.29,0.29,0.29,0.22,0.13,0.08,0.75,"",0,0.0,3,1.6,6,3.2,6,3.2,139030,3.3,-66029,-47.4,-445,-44.6,11,0.6
"13121","5","56221","77","0","2025","4","",21,194,194,193,4362725,73222,552,1733,"",0.64,0.29,0.29,0.29,0.22,0.13,0.08,0.75,"",0,0.0,3,1.6,6,3.2,6,3.2,139030,3.3,-66029,-47.4,-445,-44.6,11,0.6
"13121","5","562211","78","0","2025","4","",4,22,22,24,674465,500,0,2289,"",0.39,0.08,0.08,0.09,0.08,0.00,0.00,0.96,"N",0,0.0,0,0,0,0,0,0,0,0,0,0,0,0,0,0
"13121","5","562212","78","0","2025","4","",8,36,36,35,687533,880,7,1483,"",0.70,0.15,0.15,0.15,0.10,0.00,0.00,0.66,"",0,0.0,1,2.9,0,0.0,-2,-5.4,-129936,-15.9,-16602,-95.0,-77,-91.7,-264,-15.1
"13121","5","562213","78","0","2025","4","N",3,0,0,0,0,0,0,0,"N",2.43,0,0,0,0,0,0,0,"N",0,0.0,0,0,0,0,0,0,0,0,0,0,0,0,0,0
"13121","5","562219","78","0","2025","4","N",6,0,0,0,0,0,0,0,"N",0.61,0,0,0,0,0,0,0,"N",0,0.0,0,0,0,0,0,0,0,0,0,0,0,0,0,0
"13121","5","5629","76","0","2025","4","",46,270,278,272,5900316,289846,3914,1661,"",0.36,0.24,0.25,0.24,0.19,0.19,0.14,0.78,"",-6,-11.5,-66,-19.6,-62,-18.2,-61,-18.3,-1036710,-14.9,-40098,-12.2,-1481,-27.5,74,4.7
"13121","5","56291","77","0","2025","4","",31,191,198,198,4052489,154707,2194,1593,"",0.49,0.31,0.33,0.33,0.22,0.17,0.12,0.68,"",-4,-11.4,-7,-3.5,-6,-2.9,0,0.0,346024,9.3,-93407,-37.6,-1890,-46.3,167,11.7
"13121","5","562910","78","0","2025","4","",31,191,198,198,4052489,154707,2194,1593,"",0.49,0.31,0.33,0.33,0.22,0.17,0.12,0.68,"",-4,-11.4,-7,-3.5,-6,-2.9,0,0.0,346024,9.3,-93407,-37.6,-1890,-46.3,167,11.7
"13121","5","56292","77","0","2025","4","",5,25,27,24,676436,19942,63,2054,"",0.38,0.16,0.17,0.15,0.18,0.11,0.02,1.11,"",-2,-28.6,-47,-65.3,-46,-63.0,-49,-67.1,-1027071,-60.3,-12012,-37.6,-747,-92.2,251,13.9
"13121","5","562920","78","0","2025","4","",5,25,27,24,676436,19942,63,2054,"",0.38,0.16,0.17,0.15,0.18,0.11,0.02,1.11,"",-2,-28.6,-47,-65.3,-46,-63.0,-49,-67.1,-1027071,-60.3,-12012,-37.6,-747,-92.2,251,13.9
"13121","5","56299","77","0","2025","4","",10,54,53,50,1171391,115197,1657,1722,"",0.19,0.15,0.14,0.14,0.13,0.24,0.25,0.92,"",0,0.0,-12,-18.2,-10,-15.9,-12,-19.4,-355663,-23.3,65321,131.0,1156,230.7,-123,-6.7
"13121","5","562991","78","0","2025","4","",4,15,15,15,153295,29238,789,786,"",0.12,0.07,0.07,0.07,0.03,0.10,0.18,0.45,"",1,33.3,6,66.7,6,66.7,5,50.0,83002,118.1,17479,148.6,472,148.9,207,35.8
"13121","5","562998","78","0","2025","4","",6,39,38,35,1018096,85959,868,2098,"",0.30,0.26,0.25,0.23,0.25,0.50,0.36,1.02,"",-1,-14.3,-18,-31.6,-16,-29.6,-17,-32.7,-438665,-30.1,47842,125.5,684,371.7,36,1.7
"13121","5","61","74","0","2025","4","",1281,20536,20553,20287,358706353,56029048,186215,1349,"",1.08,1.02,1.01,1.01,0.83,4.91,1.34,0.82,"",83,6.9,-57,-0.3,-70,-0.3,67,0.3,5304771,1.5,42859489,325.4,36800,24.6,22,1.7
"13121","5","611","75","0","2025","4","",1281,20536,20553,20287,358706353,56029048,186215,1349,"",1.08,1.02,1.01,1.01,0.83,4.91,1.34,0.82,"",83,6.9,-57,-0.3,-70,-0.3,67,0.3,5304771,1.5,42859489,325.4,36800,24.6,22,1.7
"13121","5","6111","76","0","2025","4","",166,10313,10311,10152,170172800,3247656,27506,1276,"",1.08,1.68,1.67,1.64,1.54,0.84,0.69,0.93,"",13,8.5,237,2.4,163,1.6,176,1.8,5337269,3.2,-472053,-12.7,-6209,-18.4,16,1.3
"13121","5","61111","77","0","2025","4","",166,10313,10311,10152,170172800,3247656,27506,1276,"",1.08,1.68,1.67,1.64,1.54,0.84,0.69,0.93,"",13,8.5,237,2.4,163,1.6,176,1.8,5337269,3.2,-472053,-12.7,-6209,-18.4,16,1.3
"13121","5","611110","78","0","2025","4","",166,10313,10311,10152,170172800,3247656,27506,1276,"",1.08,1.68,1.67,1.64,1.54,0.84,0.69,0.93,"",13,8.5,237,2.4,163,1.6,176,1.8,5337269,3.2,-472053,-12.7,-6209,-18.4,16,1.3
"13121","5","6112","76","0","2025","4","",12,149,156,152,2852806,156566,1829,1441,"",1.64,1.21,1.26,1.26,1.32,1.67,1.21,1.06,"",-3,-20.0,7,4.9,11,7.6,4,2.7,501727,21.3,-27065,-14.7,447,32.3,194,15.6
"13121","5","61121","77","0","2025","4","",12,149,156,152,2852806,156566,1829,1441,"",1.64,1.21,1.26,1.26,1.32,1.67,1.21,1.06,"",-3,-20.0,7,4.9,11,7.6,4,2.7,501727,21.3,-27065,-14.7,447,32.3,194,15.6
"13121","5","611210","78","0","2025","4","",12,149,156,152,2852806,156566,1829,1441,"",1.64,1.21,1.26,1.26,1.32,1.67,1.21,1.06,"",-3,-20.0,7,4.9,11,7.6,4,2.7,501727,21.3,-27065,-14.7,447,32.3,194,15.6
"13121","5","6113","76","0","2025","4","",72,4589,4622,4631,103354657,45946054,49300,1723,"",0.72,0.57,0.57,0.58,0.46,34.62,4.21,0.80,"",12,20.0,-174,-3.7,-105,-2.2,-42,-0.9,326672,0.3,43092783,1510.3,20989,74.1,44,2.6
"13121","5","61131","77","0","2025","4","",72,4589,4622,4631,103354657,45946054,49300,1723,"",0.72,0.57,0.57,0.58,0.46,34.62,4.21,0.80,"",12,20.0,-174,-3.7,-105,-2.2,-42,-0.9,326672,0.3,43092783,1510.3,20989,74.1,44,2.6
"13121","5","611310","78","0","2025","4","",72,4589,4622,4631,103354657,45946054,49300,1723,"",0.72,0.57,0.57,0.58,0.46,34.62,4.21,0.80,"",12,20.0,-174,-3.7,-105,-2.2,-42,-0.9,326672,0.3,43092783,1510.3,20989,74.1,44,2.6
"13121","5","6114","76","0","2025","4","",183,316,296,290,8208543,309679,4526,2100,"",1.30,0.68,0.64,0.62,0.51,0.74,0.68,0.79,"",-1,-0.5,-51,-13.9,-65,-18.0,-51,-15.0,-954492,-10.4,-74268,-19.3,-699,-13.4,122,6.2
"13121","5","61141","77","0","2025","4","N",4,0,0,0,0,0,0,0,"N",1.57,0,0,0,0,0,0,0,"N",1,33.3,0,0,0,0,0,0,0,0,0,0,0,0,0,0
"13121","5","611410","78","0","2025","4","N",4,0,0,0,0,0,0,0,"N",1.57,0,0,0,0,0,0,0,"N",1,33.3,0,0,0,0,0,0,0,0,0,0,0,0,0,0
"13121","5","61142","77","0","2025","4","N",37,0,0,0,0,0,0,0,"N",1.30,0,0,0,0,0,0,0,"N",0,0.0,0,0,0,0,0,0,0,0,0,0,0,0,0,0
"13121","5","611420","78","0","2025","4","N",37,0,0,0,0,0,0,0,"N",1.30,0,0,0,0,0,0,0,"N",0,0.0,0,0,0,0,0,0,0,0,0,0,0,0,0,0
"13121","5","61143","77","0","2025","4","",142,240,233,216,6623877,237746,3987,2219,"",1.29,0.71,0.69,0.64,0.57,0.78,0.86,0.85,"",-2,-1.4,-27,-10.1,-44,-15.9,-51,-19.1,-1036502,-13.5,-36167,-13.2,428,12.0,39,1.8
"13121","5","611430","78","0","2025","4","",142,240,233,216,6623877,237746,3987,2219,"",1.29,0.71,0.69,0.64,0.57,0.78,0.86,0.85,"",-2,-1.4,-27,-10.1,-44,-15.9,-51,-19.1,-1036502,-13.5,-36167,-13.2,428,12.0,39,1.8
"13121","5","6115","76","0","2025","4","",67,934,902,910,20244874,836486,9825,1701,"",0.80,1.17,1.12,1.14,1.19,0.94,0.79,1.04,"",-1,-1.5,44,4.9,44,5.1,86,10.4,844193,4.4,-34214,-3.9,-131,-1.3,-40,-2.3
"13121","5","61151","77","0","2025","4","",67,934,902,910,20244874,836486,9825,1701,"",0.80,1.17,1.12,1.14,1.19,0.94,0.79,1.04,"",-1,-1.5,44,4.9,44,5.1,86,10.4,844193,4.4,-34214,-3.9,-131,-1.3,-40,-2.3
"13121","5","611511","78","0","2025","4","N",13,0,0,0,0,0,0,0,"N",0.96,0,0,0,0,0,0,0,"N",-2,-13.3,0,0,0,0,0,0,0,0,0,0,0,0,0,0
"13121","5","611512","78","0","2025","4","",11,521,506,520,12574145,287004,3347,1876,"",0.84,2.95,2.84,2.91,2.61,1.52,1.71,0.90,"",2,22.2,12,2.4,22,4.5,23,4.6,-366828,-2.8,-53092,-15.6,2030,154.1,-128,-6.4
"13121","5","611513","78","0","2025","4","N",4,0,0,0,0,0,0,0,"N",0.35,0,0,0,0,0,0,0,"N",1,33.3,0,0,0,0,0,0,0,0,0,0,0,0,0,0
"13121","5","611519","78","0","2025","4","",39,207,201,197,5145454,344035,4750,1963,"",0.85,0.52,0.50,0.49,0.62,0.81,0.70,1.24,"N",-2,-4.9,0,0,0,0,0,0,0,0,0,0,0,0,0,0
"13121","5","6116","76","0","2025","4","",451,2782,2820,2696,25664857,3628656,54604,714,"",0.97,0.85,0.85,0.82,0.83,1.05,1.21,0.99,"",14,3.2,-11,-0.4,8,0.3,0,0.0,572537,2.3,-11352,-0.3,8322,18.0,16,2.3
"13121","5","61161","77","0","2025","4","",105,485,514,462,3890662,666523,12416,615,"",0.93,0.59,0.62,0.57,0.60,0.81,1.20,1.02,"",3,2.9,-17,-3.4,3,0.6,-34,-6.9,455212,13.3,-49954,-7.0,2292,22.6,90,17.1
"13121","5","611610","78","0","2025","4","",105,485,514,462,3890662,666523,12416,615,"",0.93,0.59,0.62,0.57,0.60,0.81,1.20,1.02,"",3,2.9,-17,-3.4,3,0.6,-34,-6.9,455212,13.3,-49954,-7.0,2292,22.6,90,17.1
"13121","5","61162","77","0","2025","4","",124,888,891,880,8028713,1419037,21680,697,"",0.81,0.78,0.78,0.77,0.85,1.19,1.45,1.09,"",-2,-1.6,-33,-3.6,-16,-1.8,-33,-3.6,31082,0.4,212361,17.6,10628,96.2,24,3.6
"13121","5","611620","78","0","2025","4","",124,888,891,880,8028713,1419037,21680,697,"",0.81,0.78,0.78,0.77,0.85,1.19,1.45,1.09,"",-2,-1.6,-33,-3.6,-16,-1.8,-33,-3.6,31082,0.4,212361,17.6,10628,96.2,24,3.6
"13121","5","61163","77","0","2025","4","",21,143,146,127,1268588,170629,909,704,"",1.52,1.33,1.37,1.22,1.16,1.47,0.68,0.89,"",-2,-8.7,-25,-14.9,-21,-12.6,-7,-5.2,-241190,-16.0,27990,19.6,103,12.8,-39,-5.2
"13121","5","611630","78","0","2025","4","",21,143,146,127,1268588,170629,909,704,"",1.52,1.33,1.37,1.22,1.16,1.47,0.68,0.89,"",-2,-8.7,-25,-14.9,-21,-12.6,-7,-5.2,-241190,-16.0,27990,19.6,103,12.8,-39,-5.2
"13121","5","61169","77","0","2025","4","",201,1266,1269,1227,12476894,1372467,19599,765,"",1.10,1.04,1.03,1.00,0.90,1.04,1.06,0.87,"",15,8.1,64,5.3,42,3.4,74,6.4,327433,2.7,-201749,-12.8,-4701,-19.3,-18,-2.3
"13121","5","611691","78","0","2025","4","",121,843,825,774,8669489,830307,10815,819,"",1.54,1.40,1.34,1.27,1.36,1.36,1.16,1.01,"",4,3.4,-9,-1.1,-42,-4.8,-25,-3.1,-542323,-5.9,-230650,-21.7,-3764,-25.8,-25,-3.0
"13121","5","611692","78","0","2025","4","N",4,0,0,0,0,0,0,0,"N",0.21,0,0,0,0,0,0,0,"N",1,33.3,0,0,0,0,0,0,0,0,0,0,0,0,0,0
"13121","5","611699","78","0","2025","4","N",76,0,0,0,0,0,0,0,"N",0.89,0,0,0,0,0,0,0,"N",10,15.2,0,0,0,0,0,0,0,0,0,0,0,0,0,0
"13121","5","6117","76","0","2025","4","",330,1453,1446,1456,28207816,1903951,38625,1495,"",1.42,1.13,1.11,1.11,1.00,1.40,1.79,0.90,"",49,17.4,-109,-7.0,-126,-8.0,-106,-6.8,-1323135,-4.5,385658,25.4,14081,57.4,44,3.0
"13121","5","61171","77","0","2025","4","",330,1453,1446,1456,28207816,1903951,38625,1495,"",1.42,1.13,1.11,1.11,1.00,1.40,1.79,0.90,"",49,17.4,-109,-7.0,-126,-8.0,-106,-6.8,-1323135,-4.5,385658,25.4,14081,57.4,44,3.0
"13121","5","611710","78","0","2025","4","",330,1453,1446,1456,28207816,1903951,38625,1495,"",1.42,1.13,1.11,1.11,1.00,1.40,1.79,0.90,"",49,17.4,-109,-7.0,-126,-8.0,-106,-6.8,-1323135,-4.5,385658,25.4,14081,57.4,44,3.0
"13121","5","62","74","0","2025","4","",7566,118487,119254,119408,2595609882,86944662,1222878,1677,"",0.51,0.84,0.84,0.84,0.83,0.72,0.85,0.99,"",671,9.7,5423,4.8,5768,5.1,5658,5.0,184431491,7.6,4003184,4.8,117597,10.6,42,2.6
"13121","5","621","75","0","2025","4","",5837,50456,50863,51147,1224253450,56045302,791299,1853,"",1.10,0.92,0.92,0.92,0.82,1.01,1.23,0.89,"",591,11.3,3570,7.6,3624,7.7,3800,8.0,61120252,5.3,2767669,5.2,49003,6.6,-44,-2.3
"13121","5","6211","76","0","2025","4","",2100,22903,23037,23098,761447095,18948287,203172,2545,"",1.24,1.26,1.26,1.25,1.03,1.29,1.29,0.82,"",192,10.1,1174,5.4,1284,5.9,1293,5.9,31701275,4.3,97485,0.5,-8209,-3.9,-34,-1.3
"13121","5","62111","77","0","2025","4","",2100,22903,23037,23098,761447095,18948287,203172,2545,"",1.24,1.26,1.26,1.25,1.03,1.29,1.29,0.82,"",192,10.1,1174,5.4,1284,5.9,1293,5.9,31701275,4.3,97485,0.5,-8209,-3.9,-34,-1.3
"13121","5","621111","78","0","2025","4","",1911,22329,22454,22535,747667086,18098394,189187,2563,"",1.22,1.26,1.26,1.26,1.03,1.29,1.28,0.82,"",167,9.6,992,4.6,1104,5.2,1144,5.3,28221762,3.9,-29276,-0.2,-9886,-5.0,-28,-1.1
"13121","5","621112","78","0","2025","4","",189,574,583,563,13780009,849893,13985,1849,"",1.60,1.05,1.06,1.01,0.91,1.41,1.52,0.87,"",25,15.2,182,46.4,180,44.7,149,36.0,3479513,33.8,126761,17.5,1677,13.6,-117,-6.0
"13121","5","6212","76","0","2025","4","",764,4514,4509,4477,88664510,5066041,69358,1516,"",0.80,0.71,0.70,0.69,0.59,0.61,0.82,0.84,"",45,6.3,197,4.6,178,4.1,181,4.2,4217904,5.0,-273215,-5.1,-350,-0.5,10,0.7
"13121","5","62121","77","0","2025","4","",764,4514,4509,4477,88664510,5066041,69358,1516,"",0.80,0.71,0.70,0.69,0.59,0.61,0.82,0.84,"",45,6.3,197,4.6,178,4.1,181,4.2,4217904,5.0,-273215,-5.1,-350,-0.5,10,0.7
"13121","5","621210","78","0","2025","4","",764,4514,4509,4477,88664510,5066041,69358,1516,"",0.80,0.71,0.70,0.69,0.59,0.61,0.82,0.84,"",45,6.3,197,4.6,178,4.1,181,4.2,4217904,5.0,-273215,-5.1,-350,-0.5,10,0.7
"13121","5","6213","76","0","2025","4","",1569,8028,8111,8168,111922828,11864616,196147,1063,"",1.02,0.99,0.99,0.99,0.76,1.09,1.50,0.77,"",172,12.3,1098,15.8,1047,14.8,1016,14.2,15920561,16.6,328530,2.8,-4331,-2.2,15,1.4
"13121","5","62131","77","0","2025","4","",247,597,588,589,7805758,684481,7132,1015,"",0.92,0.68,0.67,0.67,0.58,0.56,0.63,0.86,"",6,2.5,-38,-6.0,-52,-8.1,-31,-5.0,5037,0.1,-52587,-7.1,-1657,-18.9,65,6.8
"13121","5","621310","78","0","2025","4","",247,597,588,589,7805758,684481,7132,1015,"",0.92,0.68,0.67,0.67,0.58,0.56,0.63,0.86,"",6,2.5,-38,-6.0,-52,-8.1,-31,-5.0,5037,0.1,-52587,-7.1,-1657,-18.9,65,6.8
"13121","5","62132","77","0","2025","4","",100,459,465,462,7117223,459540,3323,1185,"",0.68,0.49,0.49,0.49,0.39,0.39,0.32,0.80,"",4,4.2,53,13.1,53,12.9,38,9.0,948487,15.4,-40524,-8.1,-2798,-45.7,39,3.4
"13121","5","621320","78","0","2025","4","",100,459,465,462,7117223,459540,3323,1185,"",0.68,0.49,0.49,0.49,0.39,0.39,0.32,0.80,"",4,4.2,53,13.1,53,12.9,38,9.0,948487,15.4,-40524,-8.1,-2798,-45.7,39,3.4
"13121","5","62133","77","0","2025","4","",501,1756,1757,1787,22967876,3083096,62835,1000,"",1.28,0.94,0.93,0.94,0.72,1.12,1.54,0.77,"",78,18.4,587,50.2,557,46.4,573,47.2,6278905,37.6,800004,35.0,17473,38.5,-75,-7.0
"13121","5","621330","78","0","2025","4","",501,1756,1757,1787,22967876,3083096,62835,1000,"",1.28,0.94,0.93,0.94,0.72,1.12,1.54,0.77,"",78,18.4,587,50.2,557,46.4,573,47.2,6278905,37.6,800004,35.0,17473,38.5,-75,-7.0
"13121","5","62134","77","0","2025","4","",386,3689,3753,3758,46186791,5711070,93574,952,"",1.02,1.16,1.17,1.17,0.83,1.49,2.19,0.71,"",38,10.9,394,12.0,371,11.0,276,7.9,3274630,7.6,34657,0.6,-8653,-8.5,-23,-2.4
"13121","5","621340","78","0","2025","4","",386,3689,3753,3758,46186791,5711070,93574,952,"",1.02,1.16,1.17,1.17,0.83,1.49,2.19,0.71,"",38,10.9,394,12.0,371,11.0,276,7.9,3274630,7.6,34657,0.6,-8653,-8.5,-23,-2.4
"13121","5","62139","77","0","2025","4","",335,1527,1548,1572,27845180,1926429,29283,1383,"",0.94,1.18,1.19,1.19,0.98,1.02,1.16,0.82,"",46,15.9,102,7.2,118,8.3,160,11.3,5413502,24.1,-413020,-17.7,-8696,-22.9,170,14.0
"13121","5","621391","78","0","2025","4","",30,158,153,155,3088669,81100,986,1530,"",0.67,0.82,0.79,0.79,0.68,0.35,0.38,0.85,"",-1,-3.2,-110,-41.0,-123,-44.6,-111,-41.7,-1115456,-26.5,-278281,-77.4,-5350,-84.4,332,27.7
"13121","5","621399","78","0","2025","4","",305,1369,1395,1417,24756511,1845329,28297,1366,"",0.98,1.25,1.26,1.26,1.03,1.11,1.25,0.82,"",47,18.2,212,18.3,241,20.9,271,23.6,6528958,35.8,-134739,-6.8,-3346,-10.6,149,12.2
"13121","5","6214","76","0","2025","4","",397,4463,4544,4590,112964264,4419444,62703,1917,"",1.05,0.63,0.63,0.64,0.56,0.90,1.06,0.89,"",6,1.5,-413,-8.5,-354,-7.2,-284,-5.8,-12331833,-9.8,-7209,-0.2,4890,8.5,-57,-2.9
"13121","5","62141","77","0","2025","4","",27,293,295,314,5692002,233068,3029,1456,"",1.26,1.71,1.61,1.81,1.34,1.62,1.65,0.78,"",3,12.5,-21,-6.7,-14,-4.5,11,3.6,370462,7.0,11391,5.1,555,22.4,130,9.8
"13121","5","621410","78","0","2025","4","",27,293,295,314,5692002,233068,3029,1456,"",1.26,1.71,1.61,1.81,1.34,1.62,1.65,0.78,"",3,12.5,-21,-6.7,-14,-4.5,11,3.6,370462,7.0,11391,5.1,555,22.4,130,9.8
"13121","5","62142","77","0","2025","4","",139,1040,1103,1114,14407533,1536913,28978,1021,"",1.06,0.52,0.55,0.55,0.37,0.91,1.28,0.68,"",-10,-6.7,139,15.4,193,21.2,211,23.4,2785167,24.0,307183,25.0,6978,31.7,33,3.3
"13121","5","621420","78","0","2025","4","",139,1040,1103,1114,14407533,1536913,28978,1021,"",1.06,0.52,0.55,0.55,0.37,0.91,1.28,0.68,"",-10,-6.7,139,15.4,193,21.2,211,23.4,2785167,24.0,307183,25.0,6978,31.7,33,3.3
"13121","5","62149","77","0","2025","4","",231,3130,3146,3162,92864729,2649463,30696,2271,"",1.03,0.63,0.63,0.63,0.59,0.86,0.88,0.93,"",13,6.0,-531,-14.5,-533,-14.5,-506,-13.8,-15487462,-14.3,-325783,-10.9,-2643,-7.9,0,0.0
"13121","5","621491","78","0","2025","4","",37,1168,1173,1169,58091513,564807,2807,3819,"",1.92,0.83,0.83,0.82,0.94,2.85,1.02,1.15,"",5,15.6,-482,-29.2,-486,-29.3,-524,-31.0,-14245362,-19.7,18324,3.4,444,18.8,482,14.4
"13121","5","621492","78","0","2025","4","",44,524,519,545,9529570,612773,4036,1385,"",0.80,0.67,0.66,0.69,0.48,0.87,0.64,0.72,"",0,0.0,-65,-11.0,-80,-13.4,-17,-3.0,-1179702,-11.0,-35629,-5.5,-799,-16.5,-27,-1.9
"13121","5","621493","78","0","2025","4","",44,595,610,615,12475117,548616,5432,1582,"",0.70,0.54,0.54,0.54,0.43,0.50,0.42,0.80,"",-5,-10.2,-49,-7.6,-36,-5.6,-35,-5.4,-1907256,-13.3,-10140,-1.8,-1297,-19.3,-129,-7.5
"13121","5","621498","78","0","2025","4","",106,843,844,833,12768529,923267,18421,1169,"",1.22,0.51,0.51,0.50,0.27,0.86,1.45,0.53,"",13,14.0,65,8.4,69,8.9,70,9.2,1844858,16.9,-298338,-24.4,-991,-5.1,81,7.4
"13121","5","6215","76","0","2025","4","",290,1553,1552,1515,41295669,1291180,17525,2063,"",1.39,0.82,0.81,0.79,0.77,0.67,0.87,0.95,"",17,6.2,22,1.4,14,0.9,-14,-0.9,3943228,10.6,80255,6.6,3443,24.4,188,10.0
"13121","5","62151","77","0","2025","4","",290,1553,1552,1515,41295669,1291180,17525,2063,"",1.39,0.82,0.81,0.79,0.77,0.67,0.87,0.95,"",17,6.2,22,1.4,14,0.9,-14,-0.9,3943228,10.6,80255,6.6,3443,24.4,188,10.0
"13121","5","621511","78","0","2025","4","",224,934,939,891,21199841,723881,10353,1770,"",1.45,0.69,0.69,0.65,0.56,0.51,0.74,0.82,"",2,0.9,-72,-7.2,-74,-7.3,-117,-11.6,-359054,-1.7,-35732,-4.7,1760,20.5,126,7.7
"13121","5","621512","78","0","2025","4","",66,619,613,624,20095828,567299,7172,2499,"",1.22,1.14,1.12,1.13,1.27,1.10,1.19,1.13,"",15,29.4,94,17.9,88,16.8,103,19.8,4302282,27.2,115987,25.7,1683,30.7,179,7.7
"13121","5","6216","76","0","2025","4","",464,6892,6999,7169,72808891,12030408,208032,798,"",1.20,0.62,0.63,0.64,0.48,0.95,1.27,0.76,"",116,33.3,1719,33.2,1694,31.9,1829,34.3,15859185,27.8,3165958,35.7,59916,40.5,-33,-4.0
"13121","5","62161","77","0","2025","4","",464,6892,6999,7169,72808891,12030408,208032,798,"",1.20,0.62,0.63,0.64,0.48,0.95,1.27,0.76,"",116,33.3,1719,33.2,1694,31.9,1829,34.3,15859185,27.8,3165958,35.7,59916,40.5,-33,-4.0
"13121","5","621610","78","0","2025","4","",464,6892,6999,7169,72808891,12030408,208032,798,"",1.20,0.62,0.63,0.64,0.48,0.95,1.27,0.76,"",116,33.3,1719,33.2,1694,31.9,1829,34.3,15859185,27.8,3165958,35.7,59916,40.5,-33,-4.0
"13121","5","6219","76","0","2025","4","",253,2103,2111,2130,35150193,2425326,34362,1279,"",1.61,0.94,0.94,0.95,0.70,1.09,1.28,0.74,"",43,20.5,-227,-9.7,-239,-10.2,-221,-9.4,1809932,5.4,-624135,-20.5,-6356,-15.6,185,16.9
"13121","5","62191","77","0","2025","4","",37,968,976,990,14570232,1104749,16122,1146,"",0.92,0.89,0.89,0.90,0.66,0.95,1.27,0.74,"",5,15.6,-82,-7.8,-88,-8.3,-82,-7.6,588153,4.2,-202741,-15.5,-3353,-17.2,133,13.1
"13121","5","621910","78","0","2025","4","",37,968,976,990,14570232,1104749,16122,1146,"",0.92,0.89,0.89,0.90,0.66,0.95,1.27,0.74,"",5,15.6,-82,-7.8,-88,-8.3,-82,-7.6,588153,4.2,-202741,-15.5,-3353,-17.2,133,13.1
"13121","5","62199","77","0","2025","4","",216,1135,1135,1140,20579961,1320577,18240,1393,"",1.85,1.00,0.99,0.99,0.72,1.26,1.30,0.73,"",38,21.3,-145,-11.3,-151,-11.7,-139,-10.9,1221779,6.3,-421394,-24.2,-3003,-14.1,231,19.9
"13121","5","621991","78","0","2025","4","",24,551,557,565,7072476,491586,875,976,"",1.30,1.06,1.06,1.07,0.61,1.13,0.17,0.58,"",14,140.0,-151,-21.5,-143,-20.4,-132,-18.9,-781573,-10.0,-480866,-49.4,-5086,-85.3,113,13.1
"13121","5","621999","78","0","2025","4","",192,584,578,575,13507485,828991,17365,1795,"",1.95,0.94,0.92,0.92,0.80,1.35,1.94,0.86,"",24,14.3,6,1.0,-8,-1.4,-7,-1.2,2003352,17.4,59472,7.7,2083,13.6,274,18.0
"13121","5","622","75","0","2025","4","",170,43291,43621,43568,1070714604,1060518,23293,1894,"",1.38,1.28,1.28,1.27,1.12,0.16,0.46,0.88,"",22,14.9,1131,2.7,1310,3.1,1186,2.8,103942560,10.8,-128434,-10.8,-1305,-5.3,135,7.7
"13121","5","6221","76","0","2025","4","",107,41185,41513,41450,1018731536,314697,6908,1894,"",1.15,1.31,1.32,1.30,1.14,0.06,0.19,0.87,"",11,11.5,1091,2.7,1259,3.1,1105,2.7,91140788,9.8,-65955,-17.3,-2163,-23.8,120,6.8
"13121","5","62211","77","0","2025","4","",107,41185,41513,41450,1018731536,314697,6908,1894,"",1.15,1.31,1.32,1.30,1.14,0.06,0.19,0.87,"",11,11.5,1091,2.7,1259,3.1,1105,2.7,91140788,9.8,-65955,-17.3,-2163,-23.8,120,6.8
"13121","5","622110","78","0","2025","4","",107,41185,41513,41450,1018731536,314697,6908,1894,"",1.15,1.31,1.32,1.30,1.14,0.06,0.19,0.87,"",11,11.5,1091,2.7,1259,3.1,1105,2.7,91140788,9.8,-65955,-17.3,-2163,-23.8,120,6.8
"13121","5","6222","76","0","2025","4","N",26,0,0,0,0,0,0,0,"N",2.35,0,0,0,0,0,0,0,"N",2,8.3,0,0,0,0,0,0,0,0,0,0,0,0,0,0
"13121","5","62221","77","0","2025","4","N",26,0,0,0,0,0,0,0,"N",2.35,0,0,0,0,0,0,0,"N",2,8.3,0,0,0,0,0,0,0,0,0,0,0,0,0,0
"13121","5","622210","78","0","2025","4","N",26,0,0,0,0,0,0,0,"N",2.35,0,0,0,0,0,0,0,"N",2,8.3,0,0,0,0,0,0,0,0,0,0,0,0,0,0
"13121","5","6223","76","0","2025","4","N",37,0,0,0,0,0,0,0,"N",1.93,0,0,0,0,0,0,0,"N",9,32.1,0,0,0,0,0,0,0,0,0,0,0,0,0,0
"13121","5","62231","77","0","2025","4","N",37,0,0,0,0,0,0,0,"N",1.93,0,0,0,0,0,0,0,"N",9,32.1,0,0,0,0,0,0,0,0,0,0,0,0,0,0
"13121","5","622310","78","0","2025","4","N",37,0,0,0,0,0,0,0,"N",1.93,0,0,0,0,0,0,0,"N",9,32.1,0,0,0,0,0,0,0,0,0,0,0,0,0,0
"13121","5","623","75","0","2025","4","",270,9082,9164,9147,111459942,13136455,184956,939,"",0.42,0.44,0.44,0.43,0.35,0.53,0.67,0.80,"",26,10.7,691,8.2,851,10.2,630,7.4,11433415,11.4,1338501,11.3,56581,44.1,24,2.6
"13121","5","6231","76","0","2025","4","",91,4122,4147,4178,54399493,6667002,98840,1009,"",0.66,0.44,0.44,0.44,0.36,0.56,0.76,0.81,"",12,15.2,417,11.3,474,12.9,420,11.2,6175133,12.8,853115,14.7,30683,45.0,10,1.0
"13121","5","62311","77","0","2025","4","",91,4122,4147,4178,54399493,6667002,98840,1009,"",0.66,0.44,0.44,0.44,0.36,0.56,0.76,0.81,"",12,15.2,417,11.3,474,12.9,420,11.2,6175133,12.8,853115,14.7,30683,45.0,10,1.0
"13121","5","623110","78","0","2025","4","",91,4122,4147,4178,54399493,6667002,98840,1009,"",0.66,0.44,0.44,0.44,0.36,0.56,0.76,0.81,"",12,15.2,417,11.3,474,12.9,420,11.2,6175133,12.8,853115,14.7,30683,45.0,10,1.0
"13121","5","6232","76","0","2025","4","",64,839,849,859,12718015,673690,6813,1152,"",0.26,0.20,0.20,0.20,0.19,0.19,0.17,0.95,"",9,16.4,18,2.2,41,5.1,59,7.4,1640498,14.8,129373,23.8,4273,168.2,100,9.5
"13121","5","62321","77","0","2025","4","",27,188,190,191,2996924,204739,747,1215,"",0.16,0.07,0.07,0.07,0.08,0.10,0.04,1.07,"",-2,-6.9,23,13.9,26,15.9,24,14.4,913229,43.8,65229,46.8,149,24.9,246,25.4
"13121","5","623210","78","0","2025","4","",27,188,190,191,2996924,204739,747,1215,"",0.16,0.07,0.07,0.07,0.08,0.10,0.04,1.07,"",-2,-6.9,23,13.9,26,15.9,24,14.4,913229,43.8,65229,46.8,149,24.9,246,25.4
"13121","5","62322","77","0","2025","4","",37,651,659,668,9721091,468951,6066,1134,"",0.52,0.40,0.40,0.40,0.34,0.30,0.29,0.85,"",11,42.3,-5,-0.8,15,2.3,35,5.5,727269,8.1,64144,15.8,4124,212.4,60,5.6
"13121","5","623220","78","0","2025","4","",37,651,659,668,9721091,468951,6066,1134,"",0.52,0.40,0.40,0.40,0.34,0.30,0.29,0.85,"",11,42.3,-5,-0.8,15,2.3,35,5.5,727269,8.1,64144,15.8,4124,212.4,60,5.6
"13121","5","6233","76","0","2025","4","",88,3682,3734,3695,38812513,5182104,68442,806,"",0.43,0.59,0.60,0.59,0.47,0.61,0.70,0.79,"",-1,-1.1,238,6.9,330,9.7,152,4.3,3068053,8.6,126768,2.5,15060,28.2,12,1.5
"13121","5","62331","77","0","2025","4","",88,3682,3734,3695,38812513,5182104,68442,806,"",0.43,0.59,0.60,0.59,0.47,0.61,0.70,0.79,"",-1,-1.1,238,6.9,330,9.7,152,4.3,3068053,8.6,126768,2.5,15060,28.2,12,1.5
"13121","5","623311","78","0","2025","4","",32,1760,1753,1724,18877521,2529408,35638,832,"",0.65,0.59,0.58,0.56,0.45,0.79,1.06,0.77,"",0,0.0,184,11.7,275,18.6,208,13.7,1939266,11.4,441362,21.1,8627,31.9,-23,-2.7
"13121","5","623312","78","0","2025","4","",56,1922,1981,1971,19934992,2652696,32804,783,"",0.36,0.60,0.61,0.60,0.49,0.50,0.51,0.81,"",-1,-1.8,54,2.9,55,2.9,-56,-2.8,1128787,6.0,-314594,-10.6,6433,24.4,37,5.0
"13121","5","6239","76","0","2025","4","",27,439,434,415,5529921,613659,10861,991,"",0.51,0.43,0.43,0.41,0.35,0.61,1.13,0.82,"",6,28.6,18,4.3,6,1.4,-1,-0.2,549731,11.0,229245,59.6,6565,152.8,82,9.0
"13121","5","62399","77","0","2025","4","",27,439,434,415,5529921,613659,10861,991,"",0.51,0.43,0.43,0.41,0.35,0.61,1.13,0.82,"",6,28.6,18,4.3,6,1.4,-1,-0.2,549731,11.0,229245,59.6,6565,152.8,82,9.0
"13121","5","623990","78","0","2025","4","",27,439,434,415,5529921,613659,10861,991,"",0.51,0.43,0.43,0.41,0.35,0.61,1.13,0.82,"",6,28.6,18,4.3,6,1.4,-1,-0.2,549731,11.0,229245,59.6,6565,152.8,82,9.0
"13121","5","624","75","0","2025","4","",1289,15658,15606,15546,189181886,16702387,223330,933,"",0.15,0.51,0.51,0.50,0.54,0.50,0.47,1.06,"",32,2.5,31,0.2,-17,-0.1,42,0.3,7935264,4.4,25448,0.2,13318,6.3,38,4.2
"13121","5","6241","76","0","2025","4","",674,6958,7006,6982,85893971,8444932,113302,946,"",0.09,0.32,0.32,0.32,0.36,0.36,0.32,1.12,"",39,6.1,-100,-1.4,-52,-0.7,-62,-0.9,1145473,1.4,168584,2.0,11872,11.7,22,2.4
"13121","5","62411","77","0","2025","4","",131,2170,2183,2151,33038738,1843425,25021,1172,"",1.31,1.54,1.53,1.50,1.51,1.81,1.83,0.99,"",9,7.4,-16,-0.7,-12,-0.5,-60,-2.7,1127225,3.5,-343487,-15.7,-37,-0.1,55,4.9
"13121","5","624110","78","0","2025","4","",131,2170,2183,2151,33038738,1843425,25021,1172,"",1.31,1.54,1.53,1.50,1.51,1.81,1.83,0.99,"",9,7.4,-16,-0.7,-12,-0.5,-60,-2.7,1127225,3.5,-343487,-15.7,-37,-0.1,55,4.9
"13121","5","62412","77","0","2025","4","",276,2468,2508,2502,19607964,4096085,47731,605,"",0.04,0.15,0.15,0.15,0.12,0.21,0.16,0.83,"",10,3.8,-138,-5.3,-101,-3.9,-95,-3.7,-1091679,-5.3,270236,7.1,5275,12.4,-6,-1.0
"13121","5","624120","78","0","2025","4","",276,2468,2508,2502,19607964,4096085,47731,605,"",0.04,0.15,0.15,0.15,0.12,0.21,0.16,0.83,"",10,3.8,-138,-5.3,-101,-3.9,-95,-3.7,-1091679,-5.3,270236,7.1,5275,12.4,-6,-1.0
"13121","5","62419","77","0","2025","4","",267,2320,2315,2329,33247269,2505422,40550,1102,"",0.83,0.73,0.72,0.72,0.61,0.82,0.97,0.83,"",20,8.1,54,2.4,61,2.7,93,4.2,1109927,3.5,241835,10.7,6634,19.6,4,0.4
"13121","5","624190","78","0","2025","4","",267,2320,2315,2329,33247269,2505422,40550,1102,"",0.83,0.73,0.72,0.72,0.61,0.82,0.97,0.83,"",20,8.1,54,2.4,61,2.7,93,4.2,1109927,3.5,241835,10.7,6634,19.6,4,0.4
"13121","5","6242","76","0","2025","4","",98,2068,2061,2056,40505852,1003763,8774,1511,"",0.94,1.49,1.48,1.46,1.55,0.85,0.50,1.05,"",8,8.9,386,22.9,368,21.7,357,21.0,7859689,24.1,113258,12.7,-1008,-10.3,26,1.8
"13121","5","62421","77","0","2025","4","",23,385,385,382,6603454,143553,2529,1323,"",0.80,1.27,1.26,1.24,1.25,0.53,0.74,0.99,"",1,4.5,275,250.0,273,243.8,271,244.1,4792324,264.6,-19303,-11.9,-345,-12.0,68,5.4
"13121","5","624210","78","0","2025","4","",23,385,385,382,6603454,143553,2529,1323,"",0.80,1.27,1.26,1.24,1.25,0.53,0.74,0.99,"",1,4.5,275,250.0,273,243.8,271,244.1,4792324,264.6,-19303,-11.9,-345,-12.0,68,5.4
"13121","5","62422","77","0","2025","4","",49,1097,1096,1092,19798707,692068,5614,1391,"",0.87,1.26,1.24,1.23,1.27,0.87,0.45,1.02,"",7,16.7,188,20.7,185,20.3,177,19.3,4700431,31.1,229829,49.7,2288,68.8,117,9.2
"13121","5","624221","78","0","2025","4","",14,471,468,474,5317734,539982,4843,868,"",0.47,0.84,0.82,0.82,0.58,1.08,0.64,0.70,"",0,0.0,102,27.6,98,26.5,105,28.5,1338669,33.6,183253,51.4,2589,114.9,39,4.7
"13121","5","624229","78","0","2025","4","",35,626,628,618,14480973,152086,771,1785,"",1.31,2.02,2.02,1.97,2.26,0.52,0.16,1.13,"",7,25.0,86,15.9,87,16.1,72,13.2,3361762,30.2,46576,44.1,-301,-28.1,208,13.2
"13121","5","62423","77","0","2025","4","",26,586,580,582,14103691,168142,631,1862,"",1.33,2.82,2.78,2.73,2.69,1.47,0.40,0.97,"",0,0.0,-77,-11.6,-90,-13.4,-91,-13.5,-1633066,-10.4,-97268,-36.6,-2951,-82.4,52,2.9
"13121","5","624230","78","0","2025","4","",26,586,580,582,14103691,168142,631,1862,"",1.33,2.82,2.78,2.73,2.69,1.47,0.40,0.97,"",0,0.0,-77,-11.6,-90,-13.4,-91,-13.5,-1633066,-10.4,-97268,-36.6,-2951,-82.4,52,2.9
"13121","5","6243","76","0","2025","4","",59,857,855,850,9983320,460632,4449,899,"",0.89,0.51,0.50,0.50,0.45,0.46,0.41,0.89,"",3,5.4,11,1.3,8,0.9,18,2.2,1222253,14.0,221119,92.3,3178,250.0,98,12.2
"13121","5","62431","77","0","2025","4","",59,857,855,850,9983320,460632,4449,899,"",0.89,0.51,0.50,0.50,0.45,0.46,0.41,0.89,"",3,5.4,11,1.3,8,0.9,18,2.2,1222253,14.0,221119,92.3,3178,250.0,98,12.2
"13121","5","624310","78","0","2025","4","",59,857,855,850,9983320,460632,4449,899,"",0.89,0.51,0.50,0.50,0.45,0.46,0.41,0.89,"",3,5.4,11,1.3,8,0.9,18,2.2,1222253,14.0,221119,92.3,3178,250.0,98,12.2
"13121","5","6244","76","0","2025","4","",458,5775,5684,5658,52798743,6793060,96805,712,"",0.84,0.97,0.95,0.94,0.80,0.84,1.00,0.84,"",-18,-3.8,-266,-4.4,-341,-5.7,-271,-4.6,-2292151,-4.2,-477513,-6.6,-724,-0.7,6,0.8
"13121","5","62441","77","0","2025","4","",458,5775,5684,5658,52798743,6793060,96805,712,"",0.84,0.97,0.95,0.94,0.80,0.84,1.00,0.84,"",-18,-3.8,-266,-4.4,-341,-5.7,-271,-4.6,-2292151,-4.2,-477513,-6.6,-724,-0.7,6,0.8
"13121","5","624410","78","0","2025","4","",458,5775,5684,5658,52798743,6793060,96805,712,"",0.84,0.97,0.95,0.94,0.80,0.84,1.00,0.84,"",-18,-3.8,-266,-4.4,-341,-5.7,-271,-4.6,-2292151,-4.2,-477513,-6.6,-724,-0.7,6,0.8
"13121","5","71","74","0","2025","4","",1528,18926,18712,18907,279983160,23566684,379672,1143,"",1.16,1.17,1.21,1.22,0.90,1.35,1.42,0.75,"",91,6.3,-322,-1.7,752,4.2,857,4.7,17121451,6.5,478624,2.1,97364,34.5,45,4.1
"13121","5","711","75","0","2025","4","",882,7497,7214,7279,167674524,9983676,174067,1760,"",1.52,2.06,2.05,2.09,0.97,2.17,2.03,0.47,"",95,12.1,-258,-3.3,466,6.9,516,7.6,13308794,8.6,270184,2.8,25674,17.3,85,5.1
"13121","5","7111","76","0","2025","4","",183,1549,1639,1610,27288386,1808303,34535,1312,"",1.98,1.81,1.91,1.84,1.37,1.54,1.23,0.74,"",13,7.6,-128,-7.6,-15,-0.9,-94,-5.5,4521401,19.9,205179,12.8,6356,22.6,269,25.8
"13121","5","71111","77","0","2025","4","",41,1163,1241,1199,14548924,1097479,22931,932,"",1.43,2.53,2.64,2.57,1.93,1.59,1.26,0.75,"",1,2.5,-133,-10.3,-43,-3.3,-54,-4.3,263668,1.8,68015,6.6,4791,26.4,72,8.4
"13121","5","711110","78","0","2025","4","",41,1163,1241,1199,14548924,1097479,22931,932,"",1.43,2.53,2.64,2.57,1.93,1.59,1.26,0.75,"",1,2.5,-133,-10.3,-43,-3.3,-54,-4.3,263668,1.8,68015,6.6,4791,26.4,72,8.4
"13121","5","71112","77","0","2025","4","",19,152,154,151,1823259,110845,2160,921,"",1.63,1.48,1.50,1.40,1.39,0.82,0.58,0.95,"",2,11.8,16,11.8,17,12.4,-61,-28.8,30708,1.7,-50327,-31.2,-1182,-35.4,68,8.0
"13121","5","711120","78","0","2025","4","",19,152,154,151,1823259,110845,2160,921,"",1.63,1.48,1.50,1.40,1.39,0.82,0.58,0.95,"",2,11.8,16,11.8,17,12.4,-61,-28.8,30708,1.7,-50327,-31.2,-1182,-35.4,68,8.0
"13121","5","71113","77","0","2025","4","",83,169,155,171,8215239,338558,2386,3830,"",1.98,0.75,0.69,0.72,0.83,1.29,0.52,1.16,"",3,3.8,-10,-5.6,-12,-7.2,-2,-1.2,2348538,40.0,34361,11.3,-1385,-36.7,1221,46.8
"13121","5","711130","78","0","2025","4","",83,169,155,171,8215239,338558,2386,3830,"",1.98,0.75,0.69,0.72,0.83,1.29,0.52,1.16,"",3,3.8,-10,-5.6,-12,-7.2,-2,-1.2,2348538,40.0,34361,11.3,-1385,-36.7,1221,46.8
"13121","5","71119","77","0","2025","4","",40,65,89,89,2700964,261421,7058,2565,"",3.91,0.97,1.46,1.39,2.15,3.06,4.71,1.70,"",7,21.2,-1,-1.5,23,34.8,23,34.8,1878487,228.4,153130,141.4,4132,141.2,1606,167.5
"13121","5","711190","78","0","2025","4","",40,65,89,89,2700964,261421,7058,2565,"",3.91,0.97,1.46,1.39,2.15,3.06,4.71,1.70,"",7,21.2,-1,-1.5,23,34.8,23,34.8,1878487,228.4,153130,141.4,4132,141.2,1606,167.5
"13121","5","7112","76","0","2025","4","",95,1872,2102,1910,73050666,2532561,75745,2865,"",1.50,1.91,2.22,2.13,0.95,2.45,5.77,0.45,"",23,31.9,331,21.5,562,36.5,409,27.2,8722196,13.6,308405,13.9,7311,10.7,-375,-11.6
"13121","5","71121","77","0","2025","4","",95,1872,2102,1910,73050666,2532561,75745,2865,"",1.50,1.91,2.22,2.13,0.95,2.45,5.77,0.45,"",23,31.9,331,21.5,562,36.5,409,27.2,8722196,13.6,308405,13.9,7311,10.7,-375,-11.6
"13121","5","711211","78","0","2025","4","",63,1826,2050,1856,71515839,2447121,73530,2879,"",2.18,2.62,3.04,2.91,1.02,3.38,8.24,0.36,"N",16,34.0,0,0,0,0,0,0,0,0,0,0,0,0,0,0
"13121","5","711212","78","0","2025","4","N",3,0,0,0,0,0,0,0,"N",0.58,0,0,0,0,0,0,0,"N",1,50.0,0,0,0,0,0,0,0,0,0,0,0,0,0,0
"13121","5","711219","78","0","2025","4","N",29,0,0,0,0,0,0,0,"N",0.99,0,0,0,0,0,0,0,"N",6,26.1,0,0,0,0,0,0,0,0,0,0,0,0,0,0
"13121","5","7113","76","0","2025","4","",94,3369,2777,3016,35217126,4260480,36942,887,"",1.14,2.78,2.42,2.69,1.61,3.00,1.49,0.61,"",-1,-1.1,-504,-13.0,-126,-4.3,138,4.8,558808,1.6,-134864,-3.1,15054,68.8,59,7.1
"13121","5","71131","77","0","2025","4","",28,2124,2068,2326,20611571,2542575,11941,730,"",0.81,2.27,2.34,2.67,1.37,2.40,0.65,0.56,"",0,0.0,-29,-1.3,-33,-1.6,195,9.2,971602,4.9,-303387,-10.7,1197,11.1,20,2.8
"13121","5","711310","78","0","2025","4","",28,2124,2068,2326,20611571,2542575,11941,730,"",0.81,2.27,2.34,2.67,1.37,2.40,0.65,0.56,"",0,0.0,-29,-1.3,-33,-1.6,195,9.2,971602,4.9,-303387,-10.7,1197,11.1,20,2.8
"13121","5","71132","77","0","2025","4","",66,1245,709,690,14605555,1717905,25001,1275,"",1.38,4.54,2.68,2.72,2.13,4.74,3.84,0.64,"",-1,-1.5,-475,-27.6,-93,-11.6,-57,-7.6,-412794,-2.7,168523,10.9,13857,124.3,215,20.3
"13121","5","711320","78","0","2025","4","",66,1245,709,690,14605555,1717905,25001,1275,"",1.38,4.54,2.68,2.72,2.13,4.74,3.84,0.64,"",-1,-1.5,-475,-27.6,-93,-11.6,-57,-7.6,-412794,-2.7,168523,10.9,13857,124.3,215,20.3
"13121","5","7114","76","0","2025","4","",108,265,258,264,8573714,284082,3018,2514,"",2.10,1.47,1.46,1.46,0.73,1.60,0.72,0.50,"",6,5.9,22,9.1,9,3.6,22,9.1,-203064,-2.3,-669,-0.2,-788,-20.7,-245,-8.9
"13121","5","71141","77","0","2025","4","",108,265,258,264,8573714,284082,3018,2514,"",2.10,1.47,1.46,1.46,0.73,1.60,0.72,0.50,"",6,5.9,22,9.1,9,3.6,22,9.1,-203064,-2.3,-669,-0.2,-788,-20.7,-245,-8.9
"13121","5","711410","78","0","2025","4","",108,265,258,264,8573714,284082,3018,2514,"",2.10,1.47,1.46,1.46,0.73,1.60,0.72,0.50,"",6,5.9,22,9.1,9,3.6,22,9.1,-203064,-2.3,-669,-0.2,-788,-20.7,-245,-8.9
"13121","5","7115","76","0","2025","4","",402,442,438,479,23544632,1098250,23827,3998,"",1.38,1.10,1.12,1.17,0.55,1.38,1.54,0.49,"",54,15.5,21,5.0,36,9.0,41,9.4,-290547,-1.2,-107867,-8.9,-2259,-8.7,-364,-8.3
"13121","5","71151","77","0","2025","4","",402,442,438,479,23544632,1098250,23827,3998,"",1.38,1.10,1.12,1.17,0.55,1.38,1.54,0.49,"",54,15.5,21,5.0,36,9.0,41,9.4,-290547,-1.2,-107867,-8.9,-2259,-8.7,-364,-8.3
"13121","5","711510","78","0","2025","4","",402,442,438,479,23544632,1098250,23827,3998,"",1.38,1.10,1.12,1.17,0.55,1.38,1.54,0.49,"",54,15.5,21,5.0,36,9.0,41,9.4,-290547,-1.2,-107867,-8.9,-2259,-8.7,-364,-8.3
"13121","5","712","75","0","2025","4","",47,1835,1887,1883,21860089,874971,8358,900,"",0.85,1.67,1.75,1.75,1.24,1.28,1.06,0.72,"",-3,-6.0,67,3.8,52,2.8,57,3.1,1119096,5.4,-160813,-15.5,1545,22.7,18,2.0
"13121","5","7121","76","0","2025","4","",47,1835,1887,1883,21860089,874971,8358,900,"",0.85,1.67,1.75,1.75,1.24,1.28,1.06,0.72,"",-3,-6.0,67,3.8,52,2.8,57,3.1,1119096,5.4,-160813,-15.5,1545,22.7,18,2.0
"13121","5","71211","77","0","2025","4","",30,291,304,305,3407648,207597,2300,874,"",0.81,0.47,0.49,0.49,0.32,0.55,0.48,0.65,"",-2,-6.2,-26,-8.2,-17,-5.3,-9,-2.9,126789,3.9,-38257,-15.6,395,20.7,79,9.9
"13121","5","712110","78","0","2025","4","",30,291,304,305,3407648,207597,2300,874,"",0.81,0.47,0.49,0.49,0.32,0.55,0.48,0.65,"",-2,-6.2,-26,-8.2,-17,-5.3,-9,-2.9,126789,3.9,-38257,-15.6,395,20.7,79,9.9
"13121","5","71212","77","0","2025","4","N",2,0,0,0,0,0,0,0,"N",0.41,0,0,0,0,0,0,0,"N",-1,-33.3,0,0,0,0,0,0,0,0,0,0,0,0,0,0
"13121","5","712120","78","0","2025","4","N",2,0,0,0,0,0,0,0,"N",0.41,0,0,0,0,0,0,0,"N",-1,-33.3,0,0,0,0,0,0,0,0,0,0,0,0,0,0
"13121","5","71213","77","0","2025","4","",4,1390,1432,1427,16737131,582139,5123,909,"",0.60,4.60,4.91,4.88,3.76,3.57,3.20,0.79,"",0,0.0,98,7.6,74,5.4,76,5.6,996831,6.3,-95787,-14.1,784,18.1,1,0.1
"13121","5","712130","78","0","2025","4","",4,1390,1432,1427,16737131,582139,5123,909,"",0.60,4.60,4.91,4.88,3.76,3.57,3.20,0.79,"",0,0.0,98,7.6,74,5.4,76,5.6,996831,6.3,-95787,-14.1,784,18.1,1,0.1
"13121","5","71219","77","0","2025","4","N",11,0,0,0,0,0,0,0,"N",1.68,0,0,0,0,0,0,0,"N",0,0.0,0,0,0,0,0,0,0,0,0,0,0,0,0,0
"13121","5","712190","78","0","2025","4","N",11,0,0,0,0,0,0,0,"N",1.68,0,0,0,0,0,0,0,"N",0,0.0,0,0,0,0,0,0,0,0,0,0,0,0,0,0
"13121","5","713","75","0","2025","4","",599,9594,9611,9745,90448547,12708037,197247,721,"",0.87,0.84,0.88,0.89,0.75,1.05,1.14,0.86,"",-1,-0.2,-131,-1.3,234,2.5,284,3.0,2693561,3.1,369253,3.0,70145,55.2,12,1.7
"13121","5","7131","76","0","2025","4","",24,257,245,254,2298140,351622,8191,702,"",0.80,0.17,0.18,0.19,0.12,0.34,0.67,0.66,"",-1,-4.0,-9,-3.4,-13,-5.0,-4,-1.6,-12718,-0.6,-72094,-17.0,-973,-10.6,20,2.9
"13121","5","71311","77","0","2025","4","",5,15,18,23,130769,33943,917,539,"",0.52,0.01,0.02,0.02,0.01,0.04,0.11,0.48,"N",-1,-16.7,0,0,0,0,0,0,0,0,0,0,0,0,0,0
"13121","5","713110","78","0","2025","4","",5,15,18,23,130769,33943,917,539,"",0.52,0.01,0.02,0.02,0.01,0.04,0.11,0.48,"N",-1,-16.7,0,0,0,0,0,0,0,0,0,0,0,0,0,0
"13121","5","71312","77","0","2025","4","",19,242,227,231,2167371,317679,7274,715,"",0.93,1.15,1.09,1.09,1.27,1.23,1.98,1.15,"N",0,0.0,0,0,0,0,0,0,0,0,0,0,0,0,0,0
"13121","5","713120","78","0","2025","4","",19,242,227,231,2167371,317679,7274,715,"",0.93,1.15,1.09,1.09,1.27,1.23,1.98,1.15,"N",0,0.0,0,0,0,0,0,0,0,0,0,0,0,0,0,0
"13121","5","7132","76","0","2025","4","",16,198,196,199,4724926,125825,842,1839,"",0.53,0.25,0.25,0.25,0.34,0.12,0.06,1.35,"",0,0.0,6,3.1,0,0.0,3,1.5,-1196298,-20.2,22318,21.6,-78,-8.5,-501,-21.4
"13121","5","71321","77","0","2025","4","N",1,0,0,0,0,0,0,0,"N",0.31,0,0,0,0,0,0,0,"N",1,100.0,0,0,0,0,0,0,0,0,0,0,0,0,0,0
"13121","5","713210","78","0","2025","4","N",1,0,0,0,0,0,0,0,"N",0.31,0,0,0,0,0,0,0,"N",1,100.0,0,0,0,0,0,0,0,0,0,0,0,0,0,0
"13121","5","71329","77","0","2025","4","N",15,0,0,0,0,0,0,0,"N",0.55,0,0,0,0,0,0,0,"N",-1,-6.2,0,0,0,0,0,0,0,0,0,0,0,0,0,0
"13121","5","713290","78","0","2025","4","N",15,0,0,0,0,0,0,0,"N",0.55,0,0,0,0,0,0,0,"N",-1,-6.2,0,0,0,0,0,0,0,0,0,0,0,0,0,0
"13121","5","7139","76","0","2025","4","",559,9139,9170,9292,83425481,12230590,188214,698,"",0.90,1.00,1.05,1.05,0.95,1.22,1.28,0.92,"",0,0.0,-128,-1.4,247,2.8,285,3.2,3902577,4.9,419029,3.5,71196,60.8,23,3.4
"13121","5","71391","77","0","2025","4","",36,1771,1768,1818,22894842,2049072,10180,986,"",0.47,0.64,0.72,0.78,0.69,0.71,0.20,0.97,"",2,5.9,-324,-15.5,-302,-14.6,-254,-12.3,-1156240,-4.8,-202598,-9.0,-6084,-37.4,96,10.8
"13121","5","713910","78","0","2025","4","",36,1771,1768,1818,22894842,2049072,10180,986,"",0.47,0.64,0.72,0.78,0.69,0.71,0.20,0.97,"",2,5.9,-324,-15.5,-302,-14.6,-254,-12.3,-1156240,-4.8,-202598,-9.0,-6084,-37.4,96,10.8
"13121","5","71393","77","0","2025","4","",3,10,7,7,167061,11068,71,1606,"",0.11,0.04,0.03,0.03,0.04,0.05,0.02,1.16,"N",1,50.0,0,0,0,0,0,0,0,0,0,0,0,0,0,0
"13121","5","713930","78","0","2025","4","",3,10,7,7,167061,11068,71,1606,"",0.11,0.04,0.03,0.03,0.04,0.05,0.02,1.16,"N",1,50.0,0,0,0,0,0,0,0,0,0,0,0,0,0,0
"13121","5","71394","77","0","2025","4","",361,5395,5423,5556,43067358,7488908,139553,607,"",1.13,1.36,1.36,1.37,1.43,1.88,2.71,1.05,"",-13,-3.5,268,5.2,637,13.3,700,14.4,6249515,17.0,996797,15.4,86595,163.5,32,5.6
"13121","5","713940","78","0","2025","4","",361,5395,5423,5556,43067358,7488908,139553,607,"",1.13,1.36,1.36,1.37,1.43,1.88,2.71,1.05,"",-13,-3.5,268,5.2,637,13.3,700,14.4,6249515,17.0,996797,15.4,86595,163.5,32,5.6
"13121","5","71395","77","0","2025","4","",10,297,302,310,2665510,441326,6114,677,"",0.44,0.74,0.74,0.73,0.75,0.80,1.00,1.02,"N",0,0.0,0,0,0,0,0,0,0,0,0,0,0,0,0,0
"13121","5","713950","78","0","2025","4","",10,297,302,310,2665510,441326,6114,677,"",0.44,0.74,0.74,0.73,0.75,0.80,1.00,1.02,"N",0,0.0,0,0,0,0,0,0,0,0,0,0,0,0,0,0
"13121","5","71399","77","0","2025","4","",149,1666,1670,1601,14630710,2240216,32296,684,"",0.85,1.05,1.17,1.15,1.01,1.14,1.20,0.90,"",10,7.2,-35,-2.1,-61,-3.5,-140,-8.0,-1179234,-7.5,-400097,-15.2,-12469,-27.9,-21,-3.0
"13121","5","713990","78","0","2025","4","",149,1666,1670,1601,14630710,2240216,32296,684,"",0.85,1.05,1.17,1.15,1.01,1.14,1.20,0.90,"",10,7.2,-35,-2.1,-61,-3.5,-140,-8.0,-1179234,-7.5,-400097,-15.2,-12469,-27.9,-21,-3.0
"13121","5","72","74","0","2025","4","",4476,82236,82171,82234,784526136,131153355,1897977,734,"",0.81,0.96,0.96,0.96,0.91,1.11,1.37,0.95,"",65,1.5,-51,-0.1,-490,-0.6,-577,-0.7,19600168,2.6,-2548145,-1.9,106580,5.9,22,3.1
"13121","5","721","75","0","2025","4","",441,12021,11947,12031,163343089,14005549,186802,1047,"",0.82,1.04,1.05,1.06,0.96,0.80,0.89,0.92,"",26,6.3,-354,-2.9,-437,-3.5,-304,-2.5,3331711,2.1,-121266,-0.9,44652,31.4,52,5.2
"13121","5","7211","76","0","2025","4","",424,11954,11879,11958,162688703,13931080,185215,1049,"",0.91,1.08,1.09,1.09,0.99,0.82,0.92,0.91,"",20,5.0,-346,-2.8,-435,-3.5,-300,-2.4,3344303,2.1,-136646,-1.0,43896,31.1,52,5.2
"13121","5","72111","77","0","2025","4","",395,11813,11751,11826,160751576,13690743,180811,1048,"",0.93,1.26,1.27,1.27,1.18,1.04,1.13,0.93,"",16,4.2,-335,-2.8,-411,-3.4,-274,-2.3,3757409,2.4,-81625,-0.6,43048,31.2,53,5.3
"13121","5","721110","78","0","2025","4","",395,11813,11751,11826,160751576,13690743,180811,1048,"",0.93,1.26,1.27,1.27,1.18,1.04,1.13,0.93,"",16,4.2,-335,-2.8,-411,-3.4,-274,-2.3,3757409,2.4,-81625,-0.6,43048,31.2,53,5.3
"13121","5","72112","77","0","2025","4","N",1,0,0,0,0,0,0,0,"N",0.35,0,0,0,0,0,0,0,"N",0,0.0,0,0,0,0,0,0,0,0,0,0,0,0,0,0
"13121","5","721120","78","0","2025","4","N",1,0,0,0,0,0,0,0,"N",0.35,0,0,0,0,0,0,0,"N",0,0.0,0,0,0,0,0,0,0,0,0,0,0,0,0,0
"13121","5","72119","77","0","2025","4","N",28,0,0,0,0,0,0,0,"N",0.74,0,0,0,0,0,0,0,"N",4,16.7,0,0,0,0,0,0,0,0,0,0,0,0,0,0
"13121","5","721191","78","0","2025","4","N",7,0,0,0,0,0,0,0,"N",0.45,0,0,0,0,0,0,0,"N",0,0.0,0,0,0,0,0,0,0,0,0,0,0,0,0,0
"13121","5","721199","78","0","2025","4","N",21,0,0,0,0,0,0,0,"N",0.95,0,0,0,0,0,0,0,"N",4,23.5,0,0,0,0,0,0,0,0,0,0,0,0,0,0
"13121","5","7212","76","0","2025","4","",12,57,55,60,566222,65514,1524,760,"",0.19,0.14,0.16,0.19,0.12,0.14,0.23,0.76,"N",5,71.4,0,0,0,0,0,0,0,0,0,0,0,0,0,0
"13121","5","72121","77","0","2025","4","",12,57,55,60,566222,65514,1524,760,"",0.19,0.14,0.16,0.19,0.12,0.14,0.23,0.76,"N",5,71.4,0,0,0,0,0,0,0,0,0,0,0,0,0,0
"13121","5","721211","78","0","2025","4","",7,8,8,8,106530,6370,172,1024,"",0.18,0.03,0.04,0.05,0.05,0.03,0.04,1.16,"N",4,133.3,0,0,0,0,0,0,0,0,0,0,0,0,0,0
"13121","5","721214","78","0","2025","4","",5,49,47,52,459692,59144,1352,717,"",0.22,0.26,0.29,0.34,0.19,0.28,0.53,0.64,"N",1,25.0,0,0,0,0,0,0,0,0,0,0,0,0,0,0
"13121","5","7213","76","0","2025","4","",5,10,13,13,88164,8955,63,565,"",0.42,0.16,0.20,0.21,0.10,0.10,0.05,0.51,"N",1,25.0,0,0,0,0,0,0,0,0,0,0,0,0,0,0
"13121","5","72131","77","0","2025","4","",5,10,13,13,88164,8955,63,565,"",0.42,0.16,0.20,0.21,0.10,0.10,0.05,0.51,"N",1,25.0,0,0,0,0,0,0,0,0,0,0,0,0,0,0
"13121","5","721310","78","0","2025","4","",5,10,13,13,88164,8955,63,565,"",0.42,0.16,0.20,0.21,0.10,0.10,0.05,0.51,"N",1,25.0,0,0,0,0,0,0,0,0,0,0,0,0,0,0
"13121","5","722","75","0","2025","4","",4035,70215,70224,70203,621183047,117147806,1711175,681,"",0.81,0.95,0.95,0.95,0.90,1.17,1.45,0.95,"",39,1.0,303,0.4,-53,-0.1,-273,-0.4,16268457,2.7,-2426879,-2.0,61928,3.8,18,2.7
"13121","5","7223","76","0","2025","4","",409,7355,7054,6981,89676707,10039761,160621,967,"",1.12,1.43,1.40,1.45,1.33,1.34,0.90,0.93,"",22,5.7,-312,-4.1,-300,-4.1,-327,-4.5,2935829,3.4,-1070605,-9.6,18957,13.4,71,7.9
"13121","5","72231","77","0","2025","4","",255,5239,4845,4776,64188359,6517589,102050,997,"",1.43,1.41,1.32,1.38,1.25,1.20,0.71,0.91,"",16,6.7,-193,-3.6,-200,-4.0,-244,-4.9,2027150,3.3,-1143822,-14.9,-6825,-6.3,71,7.7
"13121","5","722310","78","0","2025","4","",255,5239,4845,4776,64188359,6517589,102050,997,"",1.43,1.41,1.32,1.38,1.25,1.20,0.71,0.91,"",16,6.7,-193,-3.6,-200,-4.0,-244,-4.9,2027150,3.3,-1143822,-14.9,-6825,-6.3,71,7.7
"13121","5","72232","77","0","2025","4","",115,1944,2023,2026,24342080,3235602,53010,937,"",1.19,1.73,1.88,1.83,1.84,2.05,1.94,1.02,"",-1,-0.9,-210,-9.7,-188,-8.5,-140,-6.5,199965,0.8,-38157,-1.2,23141,77.5,84,9.8
"13121","5","722320","78","0","2025","4","",115,1944,2023,2026,24342080,3235602,53010,937,"",1.19,1.73,1.88,1.83,1.84,2.05,1.94,1.02,"",-1,-0.9,-210,-9.7,-188,-8.5,-140,-6.5,199965,0.8,-38157,-1.2,23141,77.5,84,9.8
"13121","5","72233","77","0","2025","4","",39,172,186,179,1146268,286570,5561,493,"",0.43,0.57,0.68,0.68,0.44,0.62,0.81,0.70,"",7,21.9,91,112.3,88,89.8,57,46.7,708714,162.0,111374,63.6,2641,90.4,158,47.2
"13121","5","722330","78","0","2025","4","",39,172,186,179,1146268,286570,5561,493,"",0.43,0.57,0.68,0.68,0.44,0.62,0.81,0.70,"",7,21.9,91,112.3,88,89.8,57,46.7,708714,162.0,111374,63.6,2641,90.4,158,47.2
"13121","5","7224","76","0","2025","4","",181,2836,2987,2888,25467944,4564795,69631,675,"",0.62,1.13,1.20,1.17,1.15,1.29,1.52,0.98,"",-10,-5.2,-18,-0.6,193,6.9,87,3.1,2495438,10.9,87137,1.9,-17583,-20.2,48,7.7
"13121","5","72241","77","0","2025","4","",181,2836,2987,2888,25467944,4564795,69631,675,"",0.62,1.13,1.20,1.17,1.15,1.29,1.52,0.98,"",-10,-5.2,-18,-0.6,193,6.9,87,3.1,2495438,10.9,87137,1.9,-17583,-20.2,48,7.7
"13121","5","722410","78","0","2025","4","",181,2836,2987,2888,25467944,4564795,69631,675,"",0.62,1.13,1.20,1.17,1.15,1.29,1.52,0.98,"",-10,-5.2,-18,-0.6,193,6.9,87,3.1,2495438,10.9,87137,1.9,-17583,-20.2,48,7.7
"13121","5","7225","76","0","2025","4","",3445,60024,60183,60334,506038396,102543250,1480923,647,"",0.79,0.91,0.91,0.90,0.84,1.15,1.55,0.93,"",27,0.8,633,1.1,54,0.1,-33,-0.1,10837190,2.2,-1443411,-1.4,60554,4.3,12,1.9
"13121","5","72251","77","0","2025","4","",3445,60024,60183,60334,506038396,102543250,1480923,647,"",0.79,0.91,0.91,0.90,0.84,1.15,1.55,0.93,"",27,0.8,633,1.1,54,0.1,-33,-0.1,10837190,2.2,-1443411,-1.4,60554,4.3,12,1.9
"13121","5","722511","78","0","2025","4","",1577,33248,33543,33525,299967768,55003846,818734,690,"",0.86,1.04,1.04,1.04,0.91,1.24,1.61,0.88,"",0,0.0,201,0.6,-200,-0.6,-571,-1.7,6998266,2.4,-1215664,-2.2,40429,5.2,20,3.0
"13121","5","722513","78","0","2025","4","",1399,20937,20854,21094,147745776,37554612,489483,542,"",0.75,0.76,0.75,0.76,0.68,1.04,1.44,0.90,"",15,1.1,177,0.9,-50,-0.2,195,0.9,1575164,1.1,-1654629,-4.2,-26912,-5.2,3,0.6
"13121","5","722514","78","0","2025","4","",22,319,323,309,2707849,375936,1779,657,"",0.61,0.71,0.72,0.69,0.64,0.71,0.30,0.91,"",-7,-24.1,-24,-7.0,-9,-2.7,-28,-8.3,3120,0.1,31121,9.0,-623,-25.9,40,6.5
"13121","5","722515","78","0","2025","4","",447,5520,5463,5406,55617003,9608856,170927,783,"",0.73,0.91,0.91,0.90,1.10,1.15,1.70,1.22,"",19,4.4,279,5.3,313,6.1,371,7.4,2260640,4.2,1395761,17.0,47660,38.7,-15,-1.9
"13121","5","81","74","0","2025","4","",4926,26235,26078,26388,413569087,27855300,434713,1213,"",0.81,0.93,0.92,0.93,0.80,0.92,1.14,0.87,"",201,4.3,-66,-0.3,117,0.5,386,1.5,1246161,0.3,-4926542,-15.0,-77900,-15.2,-3,-0.2
"13121","5","811","75","0","2025","4","",792,5023,5023,4984,89740433,6363697,98548,1378,"",0.46,0.57,0.57,0.56,0.48,0.60,0.75,0.85,"",59,8.0,146,3.0,148,3.0,140,2.9,5672082,6.7,451442,7.6,10028,11.3,49,3.7
"13121","5","8111","76","0","2025","4","",522,3969,3957,3927,68698234,5180686,81095,1338,"",0.43,0.64,0.63,0.63,0.59,0.67,0.93,0.94,"",39,8.1,107,2.8,102,2.6,87,2.3,4411584,6.9,114797,2.3,5196,6.8,54,4.2
"13121","5","81111","77","0","2025","4","",235,1162,1163,1162,24455754,1382647,17994,1618,"",0.36,0.43,0.43,0.43,0.45,0.42,0.49,1.04,"",12,5.4,29,2.6,14,1.2,12,1.0,1718685,7.6,-93388,-6.3,-2348,-11.5,89,5.8
"13121","5","811111","78","0","2025","4","",212,1117,1119,1121,23771222,1361727,17974,1634,"",0.36,0.46,0.46,0.46,0.49,0.46,0.54,1.05,"",10,5.0,41,3.8,30,2.8,31,2.8,1798354,8.2,-67103,-4.7,-1643,-8.4,76,4.9
"13121","5","811114","78","0","2025","4","",23,45,44,41,684532,20920,20,1215,"",0.33,0.17,0.16,0.15,0.13,0.07,0.01,0.79,"",2,9.5,-12,-21.1,-16,-26.7,-19,-31.7,-79669,-10.4,-26285,-55.7,-705,-97.2,219,22.0
"13121","5","81112","77","0","2025","4","",102,1328,1322,1320,27171181,1270075,21753,1579,"",0.35,0.78,0.77,0.77,0.70,0.69,1.06,0.91,"",6,6.2,22,1.7,12,0.9,9,0.7,639006,2.4,-7196,-0.6,5323,32.4,20,1.3
"13121","5","811121","78","0","2025","4","",89,1239,1245,1246,25979388,1235014,20868,1607,"",0.37,0.83,0.84,0.83,0.76,0.78,1.18,0.91,"",4,4.7,0,0.0,0,0.0,1,0.1,550195,2.2,25212,2.1,5835,38.8,33,2.1
"13121","5","811122","78","0","2025","4","",13,89,77,74,1191793,35061,885,1146,"",0.26,0.40,0.34,0.33,0.27,0.14,0.31,0.77,"",2,18.2,22,32.8,12,18.5,8,12.1,88811,8.1,-32408,-48.0,-512,-36.6,-140,-10.9
"13121","5","81119","77","0","2025","4","",185,1479,1472,1445,17071299,2527964,41348,896,"",0.73,0.81,0.80,0.79,0.74,0.96,1.38,0.93,"",21,12.8,56,3.9,76,5.4,66,4.8,2053893,13.7,215381,9.3,2221,5.7,70,8.5
"13121","5","811191","78","0","2025","4","",37,326,323,324,4379917,820742,9150,1039,"",0.62,0.70,0.70,0.70,0.70,1.06,1.13,1.00,"",4,12.1,0,0.0,-10,-3.0,-5,-1.5,873242,24.9,230259,39.0,-1694,-15.6,220,26.9
"13121","5","811192","78","0","2025","4","",107,1040,1033,1001,10888949,1569143,29538,817,"",0.78,0.89,0.88,0.86,0.84,0.97,1.57,0.96,"",12,12.6,36,3.6,60,6.2,40,4.2,563218,5.5,61409,4.1,5816,24.5,6,0.7
"13121","5","811198","78","0","2025","4","",41,113,116,120,1802433,138079,2660,1192,"",0.75,0.56,0.57,0.59,0.48,0.57,0.87,0.83,"",5,13.9,20,21.5,26,28.9,31,34.8,617433,52.1,-76287,-35.6,-1901,-41.7,187,18.6
"13121","5","8112","76","0","2025","4","",74,196,199,195,5299059,200641,2913,2073,"",0.68,0.32,0.33,0.32,0.31,0.36,0.38,0.98,"",6,8.8,-11,-5.3,-6,-2.9,-8,-3.9,-454200,-7.9,17600,9.6,-82,-2.7,-86,-4.0
"13121","5","81121","77","0","2025","4","",74,196,199,195,5299059,200641,2913,2073,"",0.68,0.32,0.33,0.32,0.31,0.36,0.38,0.98,"",6,8.8,-11,-5.3,-6,-2.9,-8,-3.9,-454200,-7.9,17600,9.6,-82,-2.7,-86,-4.0
"13121","5","811210","78","0","2025","4","",74,196,199,195,5299059,200641,2913,2073,"",0.68,0.32,0.33,0.32,0.31,0.36,0.38,0.98,"",6,8.8,-11,-5.3,-6,-2.9,-8,-3.9,-454200,-7.9,17600,9.6,-82,-2.7,-86,-4.0
"13121","5","8113","76","0","2025","4","",61,528,545,536,11532832,627113,9674,1654,"",0.28,0.35,0.37,0.37,0.26,0.36,0.33,0.71,"",3,5.2,53,11.2,62,12.8,60,12.6,1802360,18.5,318558,103.2,5690,142.8,88,5.6
"13121","5","81131","77","0","2025","4","",61,528,545,536,11532832,627113,9674,1654,"",0.28,0.35,0.37,0.37,0.26,0.36,0.33,0.71,"",3,5.2,53,11.2,62,12.8,60,12.6,1802360,18.5,318558,103.2,5690,142.8,88,5.6
"13121","5","811310","78","0","2025","4","",61,528,545,536,11532832,627113,9674,1654,"",0.28,0.35,0.37,0.37,0.26,0.36,0.33,0.71,"",3,5.2,53,11.2,62,12.8,60,12.6,1802360,18.5,318558,103.2,5690,142.8,88,5.6
"13121","5","8114","76","0","2025","4","",135,330,322,326,4210308,355257,4866,993,"",0.78,0.65,0.63,0.65,0.47,0.57,0.61,0.73,"",11,8.9,-3,-0.9,-10,-3.0,1,0.3,-87662,-2.0,487,0.1,-776,-13.8,-9,-0.9
"13121","5","81141","77","0","2025","4","",54,147,140,144,1686121,180928,2168,903,"",0.93,0.81,0.76,0.79,0.49,0.81,0.71,0.63,"",7,14.9,-6,-3.9,-17,-10.8,-3,-2.0,-159632,-8.6,38266,26.8,-147,-6.3,-29,-3.1
"13121","5","811411","78","0","2025","4","",13,33,25,26,317910,33853,916,873,"",0.92,0.92,0.71,0.76,0.57,0.88,1.55,0.72,"",5,62.5,8,32.0,0,0.0,7,36.8,105902,50.0,-15676,-31.7,-422,-31.5,164,23.1
"13121","5","811412","78","0","2025","4","",41,114,115,118,1368211,147075,1252,910,"",0.93,0.78,0.78,0.80,0.48,0.79,0.51,0.61,"",2,5.1,-14,-10.9,-17,-12.9,-10,-7.8,-265534,-16.3,53942,57.9,275,28.1,-62,-6.4
"13121","5","81142","77","0","2025","4","",19,50,48,47,548658,46601,405,873,"",0.84,0.68,0.65,0.64,0.45,0.58,0.45,0.69,"N",0,0.0,0,0,0,0,0,0,0,0,0,0,0,0,0,0
"13121","5","811420","78","0","2025","4","",19,50,48,47,548658,46601,405,873,"",0.84,0.68,0.65,0.64,0.45,0.58,0.45,0.69,"N",0,0.0,0,0,0,0,0,0,0,0,0,0,0,0,0,0
"13121","5","81143","77","0","2025","4","",5,5,5,5,116043,0,0,1785,"",1.12,0.48,0.47,0.46,0.75,0.00,0.00,1.59,"N",2,66.7,0,0,0,0,0,0,0,0,0,0,0,0,0,0
"13121","5","811430","78","0","2025","4","",5,5,5,5,116043,0,0,1785,"",1.12,0.48,0.47,0.46,0.75,0.00,0.00,1.59,"N",2,66.7,0,0,0,0,0,0,0,0,0,0,0,0,0,0
"13121","5","81149","77","0","2025","4","",57,128,129,130,1859486,127728,2293,1109,"",0.65,0.53,0.54,0.55,0.45,0.42,0.60,0.83,"",2,3.6,-7,-5.2,1,0.8,-2,-1.5,-31682,-1.7,-15600,-10.9,336,17.2,4,0.4
"13121","5","811490","78","0","2025","4","",57,128,129,130,1859486,127728,2293,1109,"",0.65,0.53,0.54,0.55,0.45,0.42,0.60,0.83,"",2,3.6,-7,-5.2,1,0.8,-2,-1.5,-31682,-1.7,-15600,-10.9,336,17.2,4,0.4
"13121","5","812","75","0","2025","4","",2199,11708,11602,11699,126754137,15141854,239725,836,"",1.18,1.22,1.20,1.21,1.02,1.26,1.64,0.85,"",141,6.9,140,1.2,33,0.3,63,0.5,4132509,3.4,-1623302,-9.7,-27431,-10.3,22,2.7
"13121","5","8121","76","0","2025","4","",1188,4664,4625,4640,51420515,5652197,91054,852,"",1.10,1.02,1.01,1.01,1.00,0.96,1.27,0.99,"",14,1.2,-106,-2.2,-215,-4.4,-218,-4.5,-2112143,-3.9,-1729246,-23.4,-47846,-34.4,-2,-0.2
"13121","5","81211","77","0","2025","4","",856,3054,3026,3033,33741939,3317490,49256,854,"",1.03,0.91,0.90,0.89,0.90,0.78,0.98,1.00,"",-6,-0.7,-119,-3.8,-210,-6.5,-172,-5.4,-2343751,-6.5,-903871,-21.4,-14002,-22.1,-12,-1.4
"13121","5","812111","78","0","2025","4","",63,156,157,157,1955778,194985,1930,960,"",1.06,0.73,0.73,0.72,0.70,0.65,0.59,0.96,"",2,3.3,-27,-14.8,-65,-29.3,-62,-28.3,-367470,-15.8,-394321,-66.9,-9761,-83.5,101,11.8
"13121","5","812112","78","0","2025","4","",649,2616,2630,2636,29723971,2866064,42422,870,"",1.22,1.19,1.19,1.19,1.13,1.07,1.51,0.95,"",-3,-0.5,-125,-4.6,-132,-4.8,-98,-3.6,-2025393,-6.4,-575528,-16.7,-5763,-12.0,-19,-2.1
"13121","5","812113","78","0","2025","4","",144,282,239,240,2062190,256441,4904,625,"",0.61,0.29,0.25,0.25,0.25,0.20,0.26,0.93,"",-5,-3.4,33,13.3,-13,-5.2,-12,-4.8,49112,2.4,65978,34.6,1522,45.0,8,1.3
"13121","5","81219","77","0","2025","4","",332,1610,1599,1607,17678576,2334707,41798,847,"",1.33,1.34,1.32,1.32,1.24,1.47,1.93,0.94,"",20,6.4,13,0.8,-5,-0.3,-46,-2.8,231608,1.3,-825375,-26.1,-33844,-44.7,18,2.2
"13121","5","812191","78","0","2025","4","",27,49,42,43,453095,53323,1092,780,"",1.67,0.79,0.69,0.71,0.45,0.84,1.37,0.62,"",-5,-15.6,-116,-70.3,-116,-73.4,-108,-71.5,-535787,-54.2,-142298,-72.7,-1034,-48.6,299,62.2
"13121","5","812199","78","0","2025","4","",305,1561,1557,1564,17225481,2281384,40706,849,"",1.31,1.37,1.36,1.36,1.30,1.49,1.95,0.96,"",25,8.9,129,9.0,111,7.7,62,4.1,767395,4.7,-683077,-23.0,-32810,-44.6,-18,-2.1
"13121","5","8122","76","0","2025","4","",44,296,297,302,4847578,273428,2493,1250,"",0.35,0.37,0.37,0.37,0.35,0.38,0.36,0.94,"",6,15.8,19,6.9,26,9.6,20,7.1,536752,12.5,24092,9.7,564,29.2,51,4.3
"13121","5","81221","77","0","2025","4","",30,187,191,195,2736804,179088,1759,1102,"",0.32,0.31,0.31,0.31,0.27,0.33,0.39,0.86,"",5,20.0,21,12.7,29,17.9,29,17.5,753090,38.0,43209,31.8,537,43.9,175,18.9
"13121","5","812210","78","0","2025","4","",30,187,191,195,2736804,179088,1759,1102,"",0.32,0.31,0.31,0.31,0.27,0.33,0.39,0.86,"",5,20.0,21,12.7,29,17.9,29,17.5,753090,38.0,43209,31.8,537,43.9,175,18.9
"13121","5","81222","77","0","2025","4","",14,109,106,107,2110774,94340,734,1513,"",0.46,0.56,0.56,0.58,0.59,0.57,0.30,1.04,"",1,7.7,-2,-1.8,-3,-2.8,-9,-7.8,-216338,-9.3,-19117,-16.8,27,3.8,-85,-5.3
"13121","5","812220","78","0","2025","4","",14,109,106,107,2110774,94340,734,1513,"",0.46,0.56,0.56,0.58,0.59,0.57,0.30,1.04,"",1,7.7,-2,-1.8,-3,-2.8,-9,-7.8,-216338,-9.3,-19117,-16.8,27,3.8,-85,-5.3
"13121","5","8123","76","0","2025","4","",175,1382,1365,1343,16529484,1575332,16741,933,"",0.94,0.89,0.88,0.86,0.70,0.82,0.80,0.80,"",-11,-5.9,161,13.2,176,14.8,153,12.9,2580043,18.5,233308,17.4,3895,30.3,39,4.4
"13121","5","81231","77","0","2025","4","",36,124,135,142,1102461,236792,5005,634,"",0.52,0.50,0.55,0.57,0.45,0.79,1.25,0.83,"",4,12.5,-2,-1.6,5,3.8,18,14.5,134254,13.9,91527,63.0,2331,87.2,46,7.8
"13121","5","812310","78","0","2025","4","",36,124,135,142,1102461,236792,5005,634,"",0.52,0.50,0.55,0.57,0.45,0.79,1.25,0.83,"",4,12.5,-2,-1.6,5,3.8,18,14.5,134254,13.9,91527,63.0,2331,87.2,46,7.8
"13121","5","81232","77","0","2025","4","",120,500,494,488,5423875,402889,4958,845,"",1.23,0.94,0.93,0.92,0.92,0.63,0.72,0.98,"",-16,-11.8,32,6.8,55,12.5,36,8.0,725692,15.4,25474,6.7,1431,40.6,47,5.9
"13121","5","812320","78","0","2025","4","",120,500,494,488,5423875,402889,4958,845,"",1.23,0.94,0.93,0.92,0.92,0.63,0.72,0.98,"",-16,-11.8,32,6.8,55,12.5,36,8.0,725692,15.4,25474,6.7,1431,40.6,47,5.9
"13121","5","81233","77","0","2025","4","",19,758,736,713,10003148,935651,6778,1046,"",1.00,0.97,0.94,0.91,0.66,0.95,0.68,0.70,"",1,5.6,131,20.9,116,18.7,99,16.1,1720097,20.8,116307,14.2,133,2.0,19,1.9
"13121","5","812331","78","0","2025","4","",12,451,433,409,5066034,735739,4599,904,"",1.23,1.16,1.11,1.05,0.73,1.21,0.71,0.66,"",1,9.1,130,40.5,120,38.3,103,33.7,1448845,40.1,107115,17.0,-1017,-18.1,16,1.8
"13121","5","812332","78","0","2025","4","",7,307,303,304,4937114,199912,2179,1247,"",0.75,0.79,0.77,0.78,0.59,0.53,0.61,0.76,"",0,0.0,1,0.3,-4,-1.3,-4,-1.3,271252,5.8,9192,4.8,1150,111.8,78,6.7
"13121","5","8129","76","0","2025","4","",792,5366,5315,5414,53956560,7640897,129437,774,"",1.67,1.99,1.97,2.00,1.54,2.18,2.80,0.77,"",132,20.0,66,1.2,46,0.9,108,2.0,3127857,6.2,-151456,-1.9,15956,14.1,35,4.7
"13121","5","81291","77","0","2025","4","",166,1414,1418,1435,12209828,2203823,43562,660,"",0.85,1.17,1.17,1.17,0.96,1.31,2.21,0.82,"",13,8.5,14,1.0,-24,-1.7,15,1.1,223860,1.9,-183302,-7.7,3308,8.2,11,1.7
"13121","5","812910","78","0","2025","4","",166,1414,1418,1435,12209828,2203823,43562,660,"",0.85,1.17,1.17,1.17,0.96,1.31,2.21,0.82,"",13,8.5,14,1.0,-24,-1.7,15,1.1,223860,1.9,-183302,-7.7,3308,8.2,11,1.7
"13121","5","81292","77","0","2025","4","",5,12,12,13,223285,18605,86,1393,"",1.21,0.36,0.36,0.41,0.33,0.47,0.11,0.88,"",0,0.0,0,0.0,-1,-7.7,0,0.0,16740,8.1,-10231,-35.5,-117,-57.6,139,11.1
"13121","5","812921","78","0","2025","4","",5,12,12,13,223285,18605,86,1393,"",1.52,0.39,0.39,0.45,0.34,0.52,0.12,0.85,"",0,0.0,0,0.0,-1,-7.7,0,0.0,16740,8.1,-10231,-35.5,-117,-57.6,139,11.1
"13121","5","81293","77","0","2025","4","",94,2871,2847,2901,24973241,3466783,41515,669,"",1.74,3.44,3.42,3.48,2.44,3.50,3.02,0.71,"",3,3.3,-112,-3.8,-49,-1.7,-64,-2.2,78190,0.3,-236274,-6.4,6884,19.9,19,2.9
"13121","5","812930","78","0","2025","4","",94,2871,2847,2901,24973241,3466783,41515,669,"",1.74,3.44,3.42,3.48,2.44,3.50,3.02,0.71,"",3,3.3,-112,-3.8,-49,-1.7,-64,-2.2,78190,0.3,-236274,-6.4,6884,19.9,19,2.9
"13121","5","81299","77","0","2025","4","",527,1069,1038,1065,16550206,1951686,44274,1204,"",2.38,1.72,1.68,1.72,1.46,2.44,3.66,0.85,"",116,28.2,164,18.1,120,13.1,157,17.3,2809067,20.4,278351,16.6,5881,15.3,43,3.7
"13121","5","812990","78","0","2025","4","",527,1069,1038,1065,16550206,1951686,44274,1204,"",2.38,1.72,1.68,1.72,1.46,2.44,3.66,0.85,"",116,28.2,164,18.1,120,13.1,157,17.3,2809067,20.4,278351,16.6,5881,15.3,43,3.7
"13121","5","813","75","0","2025","4","",838,8771,8688,8944,183890555,4977196,70284,1607,"",0.67,1.02,1.01,1.03,1.00,0.82,0.89,0.97,"",-16,-1.9,-315,-3.5,-48,-0.5,202,2.3,-6491326,-3.4,-3278668,-39.7,-46068,-39.6,-47,-2.8
"13121","5","8131","76","0","2025","4","",91,1103,1126,1406,19062133,292580,4086,1210,"",0.50,0.89,0.90,1.11,1.16,0.39,0.42,1.20,"",-6,-6.2,-12,-1.1,12,1.1,25,1.8,1911441,11.1,6205,2.2,-498,-10.9,114,10.4
"13121","5","81311","77","0","2025","4","",91,1103,1126,1406,19062133,292580,4086,1210,"",0.50,0.89,0.90,1.11,1.16,0.39,0.42,1.20,"",-6,-6.2,-12,-1.1,12,1.1,25,1.8,1911441,11.1,6205,2.2,-498,-10.9,114,10.4
"13121","5","813110","78","0","2025","4","",91,1103,1126,1406,19062133,292580,4086,1210,"",0.50,0.89,0.90,1.11,1.16,0.39,0.42,1.20,"",-6,-6.2,-12,-1.1,12,1.1,25,1.8,1911441,11.1,6205,2.2,-498,-10.9,114,10.4
"13121","5","8132","76","0","2025","4","",126,1594,1574,1581,46397185,908555,9579,2255,"",0.78,1.59,1.57,1.57,1.43,1.51,1.08,0.90,"",-1,-0.8,-8,-0.5,-54,-3.3,-60,-3.7,1164042,2.6,130260,16.7,-1285,-11.8,112,5.2
"13121","5","81321","77","0","2025","4","",126,1594,1574,1581,46397185,908555,9579,2255,"",0.78,1.59,1.57,1.57,1.43,1.51,1.08,0.90,"",-1,-0.8,-8,-0.5,-54,-3.3,-60,-3.7,1164042,2.6,130260,16.7,-1285,-11.8,112,5.2
"13121","5","813211","78","0","2025","4","",65,530,537,541,17314088,279304,2955,2485,"",0.79,1.11,1.12,1.12,0.99,1.00,0.74,0.88,"",3,4.8,7,1.3,9,1.7,11,2.1,955324,5.8,108949,64.0,1926,187.2,97,4.1
"13121","5","813212","78","0","2025","4","",36,805,804,807,23176626,304486,2965,2214,"",0.97,3.33,3.32,3.33,2.97,2.17,1.29,0.89,"",-1,-2.7,-15,-1.8,-29,-3.5,-42,-4.9,101309,0.4,23853,8.5,438,17.3,86,4.0
"13121","5","813219","78","0","2025","4","",25,259,233,233,5906471,324765,3659,1880,"",0.58,0.92,0.83,0.83,0.82,1.81,1.44,0.96,"",-3,-10.7,0,0.0,-34,-12.7,-29,-11.1,107409,1.9,-2542,-0.8,-3649,-49.9,182,10.7
"13121","5","8133","76","0","2025","4","",255,1751,1696,1684,36852548,1085722,15966,1657,"",0.98,1.11,1.08,1.07,0.98,0.78,0.83,0.90,"",8,3.2,-386,-18.1,-344,-16.9,-161,-8.7,-2553433,-6.5,-983014,-47.5,-13309,-45.5,147,9.7
"13121","5","81331","77","0","2025","4","",255,1751,1696,1684,36852548,1085722,15966,1657,"",0.98,1.11,1.08,1.07,0.98,0.78,0.83,0.90,"",8,3.2,-386,-18.1,-344,-16.9,-161,-8.7,-2553433,-6.5,-983014,-47.5,-13309,-45.5,147,9.7
"13121","5","813311","78","0","2025","4","",70,425,401,406,9013836,276102,4286,1688,"",1.45,1.31,1.23,1.25,1.17,1.14,1.19,0.92,"",-1,-1.4,-412,-49.2,-330,-45.1,-128,-24.0,-2102619,-18.9,-664490,-70.6,-6998,-62.0,468,38.4
"13121","5","813312","78","0","2025","4","",40,450,447,454,9857814,159041,1886,1684,"",0.60,0.92,0.92,0.94,0.84,0.36,0.37,0.91,"",0,0.0,-7,-1.5,-11,-2.4,-19,-4.0,-604483,-5.8,-110815,-41.1,-1007,-34.8,-55,-3.2
"13121","5","813319","78","0","2025","4","",145,876,848,824,17980898,650579,9794,1629,"",1.00,1.15,1.11,1.08,0.98,0.90,0.93,0.88,"",9,6.6,33,3.9,-3,-0.4,-14,-1.7,153669,0.9,-207709,-24.2,-5304,-35.1,4,0.2
"13121","5","8134","76","0","2025","4","",80,1522,1542,1575,14296432,331443,3515,711,"",0.41,0.71,0.71,0.72,0.64,0.29,0.24,0.90,"",-3,-3.6,767,101.6,781,102.6,795,101.9,1841650,14.8,-92479,-21.8,-1823,-34.2,-541,-43.2
"13121","5","81341","77","0","2025","4","",80,1522,1542,1575,14296432,331443,3515,711,"",0.41,0.71,0.71,0.72,0.64,0.29,0.24,0.90,"",-3,-3.6,767,101.6,781,102.6,795,101.9,1841650,14.8,-92479,-21.8,-1823,-34.2,-541,-43.2
"13121","5","813410","78","0","2025","4","",80,1522,1542,1575,14296432,331443,3515,711,"",0.41,0.71,0.71,0.72,0.64,0.29,0.24,0.90,"",-3,-3.6,767,101.6,781,102.6,795,101.9,1841650,14.8,-92479,-21.8,-1823,-34.2,-541,-43.2
"13121","5","8139","76","0","2025","4","",286,2801,2750,2698,67282257,2358896,37138,1882,"",0.63,1.08,1.06,1.03,0.89,1.08,1.41,0.84,"",-14,-4.7,-676,-19.4,-443,-13.9,-397,-12.8,-8855026,-11.6,-2339640,-49.8,-29153,-44.0,83,4.6
"13121","5","81391","77","0","2025","4","",111,796,794,810,26553254,498121,5291,2553,"",0.74,1.12,1.12,1.14,1.00,0.97,0.90,0.89,"",-5,-4.3,-259,-24.5,-263,-24.9,-256,-24.0,-6295672,-19.2,-327763,-39.7,-2841,-34.9,168,7.0
"13121","5","813910","78","0","2025","4","",111,796,794,810,26553254,498121,5291,2553,"",0.74,1.12,1.12,1.14,1.00,0.97,0.90,0.89,"",-5,-4.3,-259,-24.5,-263,-24.9,-256,-24.0,-6295672,-19.2,-327763,-39.7,-2841,-34.9,168,7.0
"13121","5","81392","77","0","2025","4","",66,689,691,683,17865108,324480,3365,1998,"",0.77,1.29,1.29,1.26,0.90,1.10,0.92,0.70,"",-4,-5.7,11,1.6,26,3.9,20,3.0,1150634,6.9,-147059,-31.2,-3495,-50.9,75,3.9
"13121","5","813920","78","0","2025","4","",66,689,691,683,17865108,324480,3365,1998,"",0.77,1.29,1.29,1.26,0.90,1.10,0.92,0.70,"",-4,-5.7,11,1.6,26,3.9,20,3.0,1150634,6.9,-147059,-31.2,-3495,-50.9,75,3.9
"13121","5","81393","77","0","2025","4","",43,427,408,390,7763190,525967,9916,1462,"",0.50,0.65,0.63,0.59,0.57,0.93,1.42,0.91,"",-4,-8.5,-42,-9.0,-19,-4.4,6,1.6,-282314,-3.5,-169423,-24.4,4048,69.0,11,0.8
"13121","5","813930","78","0","2025","4","",43,427,408,390,7763190,525967,9916,1462,"",0.50,0.65,0.63,0.59,0.57,0.93,1.42,0.91,"",-4,-8.5,-42,-9.0,-19,-4.4,6,1.6,-282314,-3.5,-169423,-24.4,4048,69.0,11,0.8
"13121","5","81394","77","0","2025","4","",30,316,301,258,3358486,649706,15020,886,"",1.23,5.10,4.90,4.31,1.85,6.46,7.53,0.39,"",1,3.4,-369,-53.9,-180,-37.4,-167,-39.3,-3071859,-47.8,-1518091,-70.0,-27649,-64.8,-47,-5.0
"13121","5","813940","78","0","2025","4","",30,316,301,258,3358486,649706,15020,886,"",1.23,5.10,4.90,4.31,1.85,6.46,7.53,0.39,"",1,3.4,-369,-53.9,-180,-37.4,-167,-39.3,-3071859,-47.8,-1518091,-70.0,-27649,-64.8,-47,-5.0
"13121","5","81399","77","0","2025","4","",36,573,556,557,11742219,360622,3546,1607,"",0.35,0.90,0.87,0.87,0.86,0.51,0.45,0.98,"",-2,-5.3,-17,-2.9,-7,-1.2,0,0.0,-355815,-2.9,-177304,-33.0,784,28.4,-26,-1.6
"13121","5","813990","78","0","2025","4","",36,573,556,557,11742219,360622,3546,1607,"",0.35,0.90,0.87,0.87,0.86,0.51,0.45,0.98,"",-2,-5.3,-17,-2.9,-7,-1.2,0,0.0,-355815,-2.9,-177304,-33.0,784,28.4,-26,-1.6
"13121","5","814","75","0","2025","4","",1097,733,765,761,13183962,1372553,26156,1347,"",0.86,0.58,0.61,0.60,0.69,0.84,1.05,1.16,"",17,1.6,-37,-4.8,-16,-2.0,-19,-2.4,-2067104,-13.6,-476014,-25.8,-14429,-35.6,-163,-10.8
"13121","5","8141","76","0","2025","4","",1097,733,765,761,13183962,1372553,26156,1347,"",0.86,0.58,0.61,0.60,0.69,0.84,1.05,1.16,"",17,1.6,-37,-4.8,-16,-2.0,-19,-2.4,-2067104,-13.6,-476014,-25.8,-14429,-35.6,-163,-10.8
"13121","5","81411","77","0","2025","4","",1097,733,765,761,13183962,1372553,26156,1347,"",0.86,0.58,0.61,0.60,0.69,0.84,1.05,1.16,"",17,1.6,-37,-4.8,-16,-2.0,-19,-2.4,-2067104,-13.6,-476014,-25.8,-14429,-35.6,-163,-10.8
"13121","5","814110","78","0","2025","4","",1097,733,765,761,13183962,1372553,26156,1347,"",0.86,0.58,0.61,0.60,0.69,0.84,1.05,1.16,"",17,1.6,-37,-4.8,-16,-2.0,-19,-2.4,-2067104,-13.6,-476014,-25.8,-14429,-35.6,-163,-10.8
"13121","5","99","74","0","2025","4","",10728,5853,6038,6308,196018560,17432366,445772,2486,"",5.80,4.34,4.37,4.33,4.56,4.76,5.32,1.05,"",1823,20.5,1795,44.2,1790,42.1,1738,38.0,57239546,41.2,2338552,15.5,60348,15.7,-1,0.0
"13121","5","999","75","0","2025","4","",10728,5853,6038,6308,196018560,17432366,445772,2486,"",5.80,4.34,4.37,4.33,4.56,4.76,5.32,1.05,"",1823,20.5,1795,44.2,1790,42.1,1738,38.0,57239546,41.2,2338552,15.5,60348,15.7,-1,0.0
"13121","5","9999","76","0","2025","4","",10728,5853,6038,6308,196018560,17432366,445772,2486,"",5.80,4.34,4.37,4.33,4.56,4.76,5.32,1.05,"",1823,20.5,1795,44.2,1790,42.1,1738,38.0,57239546,41.2,2338552,15.5,60348,15.7,-1,0.0
"13121","5","99999","77","0","2025","4","",10728,5853,6038,6308,196018560,17432366,445772,2486,"",5.80,4.34,4.37,4.33,4.56,4.76,5.32,1.05,"",1823,20.5,1795,44.2,1790,42.1,1738,38.0,57239546,41.2,2338552,15.5,60348,15.7,-1,0.0
"13121","5","999999","78","0","2025","4","",10728,5853,6038,6308,196018560,17432366,445772,2486,"",5.80,4.34,4.37,4.33,4.56,4.76,5.32,1.05,"",1823,20.5,1795,44.2,1790,42.1,1738,38.0,57239546,41.2,2338552,15.5,60348,15.7,-1,0.0
