"area_fips","own_code","industry_code","agglvl_code","size_code","year","qtr","disclosure_code","qtrly_estabs","month1_emplvl","month2_emplvl","month3_emplvl","total_qtrly_wages","taxable_qtrly_wages","qtrly_contributions","avg_wkly_wage","lq_disclosure_code","lq_qtrly_estabs","lq_month1_emplvl","lq_month2_emplvl","lq_month3_emplvl","lq_total_qtrly_wages","lq_taxable_qtrly_wages","lq_qtrly_contributions","lq_avg_wkly_wage","oty_disclosure_code","oty_qtrly_estabs_chg","oty_qtrly_estabs_pct_chg","oty_month1_emplvl_chg","oty_month1_emplvl_pct_chg","oty_month2_emplvl_chg","oty_month2_emplvl_pct_chg","oty_month3_emplvl_chg","oty_month3_emplvl_pct_chg","oty_total_qtrly_wages_chg","oty_total_qtrly_wages_pct_chg","oty_taxable_qtrly_wages_chg","oty_taxable_qtrly_wages_pct_chg","oty_qtrly_contributions_chg","oty_qtrly_contributions_pct_chg","oty_avg_wkly_wage_chg","oty_avg_wkly_wage_pct_chg"
"13063","0","10","70","0","2024","4","",5199,129013,130668,130886,2425880994,121062466,1388374,1433,"",1.00,1.00,1.00,1.00,1.00,1.00,1.00,1.00,"",-235,-4.3,-2723,-2.1,-1591,-1.2,-1973,-1.5,83288859,3.6,-8871176,-6.8,-67752,-4.7,71,5.2
"13063","1","10","71","0","2024","4","",29,1083,1100,1106,27504054,0,0,1930,"",1.11,0.44,0.44,0.44,0.46,0.00,0.00,1.06,"",0,0.0,-602,-35.7,-612,-35.7,-605,-35.4,-10809312,-28.2,0,0.0,0,0.0,199,11.5
"13063","1","102","72","0","2024","4","",29,1083,1100,1106,27504054,0,0,1930,"",1.12,0.44,0.45,0.44,0.47,0.00,0.00,1.06,"",0,0.0,-602,-35.7,-612,-35.7,-605,-35.4,-10809312,-28.2,0,0.0,0,0.0,199,11.5
"13063","1","1021","73","0","2024","4","",13,264,272,276,4692205,0,0,1334,"",0.99,0.48,0.49,0.49,0.51,0.00,0.00,1.04,"",0,0.0,-544,-67.3,-564,-67.5,-556,-66.8,-9017046,-65.8,0,0.0,0,0.0,56,4.4
"13063","1","1022","73","0","2024","4","",1,39,39,39,964461,0,0,1902,"",15.44,7.06,7.00,6.98,7.54,0.00,0.00,1.07,"",0,0.0,-5,-11.4,-5,-11.4,-5,-11.4,-64926,-6.3,0,0.0,0,0.0,102,5.7
"13063","1","1024","73","0","2024","4","",1,8,8,8,198673,0,0,1910,"",1.54,0.13,0.13,0.13,0.14,0.00,0.00,1.05,"",0,0.0,1,14.3,1,14.3,1,14.3,6756,3.5,0,0.0,0,0.0,-199,-9.4
"13063","1","1028","73","0","2024","4","",14,772,781,783,21648715,0,0,2139,"",1.33,0.55,0.55,0.55,0.58,0.00,0.00,1.06,"",0,0.0,-54,-6.5,-44,-5.3,-45,-5.4,-1734096,-7.4,0,0.0,0,0.0,-38,-1.7
"13063","1","44-45","74","0","2024","4","",2,15,15,15,404405,0,0,2074,"",6.56,0.45,0.45,0.45,1.30,0.00,0.00,2.89,"",0,0.0,-1,-6.2,-1,-6.2,-1,-6.2,6276,1.6,0,0.0,0,0.0,160,8.4
"13063","1","449","75","0","2024","4","",2,15,15,15,404405,0,0,2074,"",74.48,10.75,10.64,10.59,65.36,0.00,0.00,6.14,"",0,0.0,-1,-6.2,-1,-6.2,-1,-6.2,6276,1.6,0,0.0,0,0.0,160,8.4
"13063","1","4492","76","0","2024","4","",2,15,15,15,404405,0,0,2074,"",670.33,12.17,12.06,12.02,88.25,0.00,0.00,7.31,"",0,0.0,-1,-6.2,-1,-6.2,-1,-6.2,6276,1.6,0,0.0,0,0.0,160,8.4
"13063","1","44921","77","0","2024","4","",2,15,15,15,404405,0,0,2074,"",670.33,12.17,12.06,12.02,88.25,0.00,0.00,7.31,"",0,0.0,-1,-6.2,-1,-6.2,-1,-6.2,6276,1.6,0,0.0,0,0.0,160,8.4
"13063","1","449210","78","0","2024","4","",2,15,15,15,404405,0,0,2074,"",670.33,12.17,12.06,12.02,88.25,0.00,0.00,7.31,"",0,0.0,-1,-6.2,-1,-6.2,-1,-6.2,6276,1.6,0,0.0,0,0.0,160,8.4
"13063","1","48-49","74","0","2024","4","",11,249,257,261,4287800,0,0,1290,"",0.87,0.49,0.50,0.50,0.50,0.00,0.00,1.01,"",0,0.0,-543,-68.6,-563,-68.7,-555,-68.0,-9023322,-67.8,0,0.0,0,0.0,25,2.0
"13063","1","491","75","0","2024","4","",11,249,257,261,4287800,0,0,1290,"",0.87,0.50,0.51,0.51,0.53,0.00,0.00,1.04,"",0,0.0,-543,-68.6,-563,-68.7,-555,-68.0,-9023322,-67.8,0,0.0,0,0.0,25,2.0
"13063","1","4911","76","0","2024","4","",11,249,257,261,4287800,0,0,1290,"",0.87,0.50,0.51,0.51,0.53,0.00,0.00,1.04,"",0,0.0,-543,-68.6,-563,-68.7,-555,-68.0,-9023322,-67.8,0,0.0,0,0.0,25,2.0
"13063","1","49111","77","0","2024","4","",11,249,257,261,4287800,0,0,1290,"",0.87,0.50,0.51,0.51,0.53,0.00,0.00,1.04,"",0,0.0,-543,-68.6,-563,-68.7,-555,-68.0,-9023322,-67.8,0,0.0,0,0.0,25,2.0
"13063","1","491110","78","0","2024","4","",11,249,257,261,4287800,0,0,1290,"",0.87,0.50,0.51,0.51,0.53,0.00,0.00,1.04,"",0,0.0,-543,-68.6,-563,-68.7,-555,-68.0,-9023322,-67.8,0,0.0,0,0.0,25,2.0
"13063","1","51","74","0","2024","4","",1,39,39,39,964461,0,0,1902,"",15.44,7.06,7.00,6.98,7.54,0.00,0.00,1.07,"",0,0.0,-5,-11.4,-5,-11.4,-5,-11.4,-64926,-6.3,0,0.0,0,0.0,102,5.7
"13063","1","519","75","0","2024","4","",1,39,39,39,964461,0,0,1902,"",17.25,8.99,8.90,8.88,9.16,0.00,0.00,1.03,"",0,0.0,-5,-11.4,-5,-11.4,-5,-11.4,-64926,-6.3,0,0.0,0,0.0,102,5.7
"13063","1","5192","76","0","2024","4","",1,39,39,39,964461,0,0,1902,"",17.25,8.99,8.90,8.88,9.16,0.00,0.00,1.03,"",0,0.0,-5,-11.4,-5,-11.4,-5,-11.4,-64926,-6.3,0,0.0,0,0.0,102,5.7
"13063","1","51921","77","0","2024","4","",1,39,39,39,964461,0,0,1902,"",17.25,8.99,8.90,8.88,9.16,0.00,0.00,1.03,"",0,0.0,-5,-11.4,-5,-11.4,-5,-11.4,-64926,-6.3,0,0.0,0,0.0,102,5.7
"13063","1","519210","78","0","2024","4","",1,39,39,39,964461,0,0,1902,"",17.25,8.99,8.90,8.88,9.16,0.00,0.00,1.03,"",0,0.0,-5,-11.4,-5,-11.4,-5,-11.4,-64926,-6.3,0,0.0,0,0.0,102,5.7
"13063","1","54","74","0","2024","4","",1,8,8,8,198673,0,0,1910,"",1.72,0.14,0.13,0.13,0.14,0.00,0.00,1.04,"",0,0.0,1,14.3,1,14.3,1,14.3,6756,3.5,0,0.0,0,0.0,-199,-9.4
"13063","1","541","75","0","2024","4","",1,8,8,8,198673,0,0,1910,"",1.72,0.14,0.13,0.13,0.14,0.00,0.00,1.04,"",0,0.0,1,14.3,1,14.3,1,14.3,6756,3.5,0,0.0,0,0.0,-199,-9.4
"13063","1","5413","76","0","2024","4","",1,8,8,8,198673,0,0,1910,"",2.77,0.17,0.17,0.17,0.18,0.00,0.00,1.09,"",0,0.0,1,14.3,1,14.3,1,14.3,6756,3.5,0,0.0,0,0.0,-199,-9.4
"13063","1","54133","77","0","2024","4","",1,8,8,8,198673,0,0,1910,"",2.82,0.18,0.18,0.18,0.19,0.00,0.00,1.09,"",0,0.0,1,14.3,1,14.3,1,14.3,6756,3.5,0,0.0,0,0.0,-199,-9.4
"13063","1","541330","78","0","2024","4","",1,8,8,8,198673,0,0,1910,"",2.82,0.18,0.18,0.18,0.19,0.00,0.00,1.09,"",0,0.0,1,14.3,1,14.3,1,14.3,6756,3.5,0,0.0,0,0.0,-199,-9.4
"13063","1","92","74","0","2024","4","",14,772,781,783,21648715,0,0,2139,"",1.33,0.55,0.55,0.55,0.58,0.00,0.00,1.06,"",0,0.0,-54,-6.5,-44,-5.3,-45,-5.4,-1734096,-7.4,0,0.0,0,0.0,-38,-1.7
"13063","1","921","75","0","2024","4","",2,47,47,47,1389302,0,0,2274,"",2.62,0.34,0.34,0.33,0.41,0.00,0.00,1.22,"",0,0.0,0,0.0,-1,-2.1,2,4.4,-7701,-0.6,0,0.0,0,0.0,-29,-1.3
"13063","1","9211","76","0","2024","4","",2,47,47,47,1389302,0,0,2274,"",2.62,0.34,0.34,0.33,0.41,0.00,0.00,1.22,"",0,0.0,0,0.0,-1,-2.1,2,4.4,-7701,-0.6,0,0.0,0,0.0,-29,-1.3
"13063","1","92113","77","0","2024","4","",1,33,33,33,951214,0,0,2217,"",4.05,0.35,0.35,0.34,0.43,0.00,0.00,1.23,"",0,0.0,1,3.1,0,0.0,3,10.0,13576,1.4,0,0.0,0,0.0,-61,-2.7
"13063","1","921130","78","0","2024","4","",1,33,33,33,951214,0,0,2217,"",4.05,0.35,0.35,0.34,0.43,0.00,0.00,1.23,"",0,0.0,1,3.1,0,0.0,3,10.0,13576,1.4,0,0.0,0,0.0,-61,-2.7
"13063","1","92119","77","0","2024","4","",1,14,14,14,438088,0,0,2407,"",1.96,0.51,0.50,0.50,0.58,0.00,0.00,1.16,"",0,0.0,-1,-6.7,-1,-6.7,-1,-6.7,-21277,-4.6,0,0.0,0,0.0,51,2.2
"13063","1","921190","78","0","2024","4","",1,14,14,14,438088,0,0,2407,"",1.96,0.51,0.50,0.50,0.58,0.00,0.00,1.16,"",0,0.0,-1,-6.7,-1,-6.7,-1,-6.7,-21277,-4.6,0,0.0,0,0.0,51,2.2
"13063","1","922","75","0","2024","4","",2,43,45,47,1034219,0,0,1768,"",1.34,0.19,0.20,0.20,0.15,0.00,0.00,0.79,"",0,0.0,10,30.3,10,28.6,13,38.2,-878195,-45.9,0,0.0,0,0.0,-2559,-59.1
"13063","1","9221","76","0","2024","4","",2,43,45,47,1034219,0,0,1768,"",1.34,0.19,0.20,0.20,0.15,0.00,0.00,0.79,"",0,0.0,10,30.3,10,28.6,13,38.2,-878195,-45.9,0,0.0,0,0.0,-2559,-59.1
"13063","1","92212","77","0","2024","4","",1,3,3,3,95352,0,0,2445,"",1.38,0.02,0.02,0.02,0.02,0.00,0.00,1.03,"",0,0.0,-2,-40.0,-1,-25.0,-1,-25.0,-1115527,-92.1,0,0.0,0,0.0,-19050,-88.6
"13063","1","922120","78","0","2024","4","",1,3,3,3,95352,0,0,2445,"",1.38,0.02,0.02,0.02,0.02,0.00,0.00,1.03,"",0,0.0,-2,-40.0,-1,-25.0,-1,-25.0,-1115527,-92.1,0,0.0,0,0.0,-19050,-88.6
"13063","1","92219","77","0","2024","4","",1,40,42,44,938867,0,0,1720,"",4.10,1.39,1.42,1.47,1.08,0.00,0.00,0.76,"",0,0.0,12,42.9,11,35.5,14,46.7,237332,33.8,0,0.0,0,0.0,-99,-5.4
"13063","1","922190","78","0","2024","4","",1,40,42,44,938867,0,0,1720,"",4.10,1.39,1.42,1.47,1.08,0.00,0.00,0.76,"",0,0.0,12,42.9,11,35.5,14,46.7,237332,33.8,0,0.0,0,0.0,-99,-5.4
"13063","1","923","75","0","2024","4","",2,94,95,95,2406458,0,0,1955,"",1.74,0.47,0.46,0.46,0.44,0.00,0.00,0.94,"",0,0.0,-67,-41.6,-66,-41.0,-67,-41.4,-1544073,-39.1,0,0.0,0,0.0,71,3.8
"13063","1","9231","76","0","2024","4","",2,94,95,95,2406458,0,0,1955,"",1.74,0.47,0.46,0.46,0.44,0.00,0.00,0.94,"",0,0.0,-67,-41.6,-66,-41.0,-67,-41.4,-1544073,-39.1,0,0.0,0,0.0,71,3.8
"13063","1","92312","77","0","2024","4","",1,49,49,49,1312295,0,0,2060,"",2.91,0.91,0.90,0.90,0.78,0.00,0.00,0.87,"",0,0.0,-60,-55.0,-60,-55.0,-61,-55.5,-1505102,-53.4,0,0.0,0,0.0,78,3.9
"13063","1","923120","78","0","2024","4","",1,49,49,49,1312295,0,0,2060,"",2.91,0.91,0.90,0.90,0.78,0.00,0.00,0.87,"",0,0.0,-60,-55.0,-60,-55.0,-61,-55.5,-1505102,-53.4,0,0.0,0,0.0,78,3.9
"13063","1","92313","77","0","2024","4","",1,45,46,46,1094163,0,0,1843,"",1.66,0.80,0.81,0.81,0.74,0.00,0.00,0.91,"",0,0.0,-7,-13.5,-6,-11.5,-6,-11.5,-38971,-3.4,0,0.0,0,0.0,167,10.0
"13063","1","923130","78","0","2024","4","",1,45,46,46,1094163,0,0,1843,"",1.66,0.80,0.81,0.81,0.74,0.00,0.00,0.91,"",0,0.0,-7,-13.5,-6,-11.5,-6,-11.5,-38971,-3.4,0,0.0,0,0.0,167,10.0
"13063","1","926","75","0","2024","4","",5,97,100,100,2498775,0,0,1942,"",1.34,0.45,0.46,0.45,0.39,0.00,0.00,0.86,"",0,0.0,5,5.4,11,12.4,8,8.7,208890,9.1,0,0.0,0,0.0,6,0.3
"13063","1","9261","76","0","2024","4","",5,97,100,100,2498775,0,0,1942,"",1.34,0.45,0.46,0.45,0.39,0.00,0.00,0.86,"",0,0.0,5,5.4,11,12.4,8,8.7,208890,9.1,0,0.0,0,0.0,6,0.3
"13063","1","92611","77","0","2024","4","",1,35,36,37,620394,0,0,1326,"",0.69,0.86,0.87,0.89,0.53,0.00,0.00,0.60,"",0,0.0,9,34.6,11,44.0,8,27.6,201035,47.9,0,0.0,0,0.0,116,9.6
"13063","1","926110","78","0","2024","4","",1,35,36,37,620394,0,0,1326,"",0.69,0.86,0.87,0.89,0.53,0.00,0.00,0.60,"",0,0.0,9,34.6,11,44.0,8,27.6,201035,47.9,0,0.0,0,0.0,116,9.6
"13063","1","92612","77","0","2024","4","",2,32,32,32,1146949,0,0,2757,"",4.75,0.34,0.33,0.33,0.44,0.00,0.00,1.32,"",0,0.0,-1,-3.0,0,0.0,0,0.0,43393,3.9,0,0.0,0,0.0,132,5.0
"13063","1","926120","78","0","2024","4","",2,32,32,32,1146949,0,0,2757,"",4.75,0.34,0.33,0.33,0.44,0.00,0.00,1.32,"",0,0.0,-1,-3.0,0,0.0,0,0.0,43393,3.9,0,0.0,0,0.0,132,5.0
"13063","1","92614","77","0","2024","4","",2,30,32,31,731432,0,0,1815,"",1.50,0.75,0.78,0.71,0.80,0.00,0.00,1.08,"",0,0.0,-3,-9.1,0,0.0,0,0.0,-35538,-4.6,0,0.0,0,0.0,-29,-1.6
"13063","1","926140","78","0","2024","4","",2,30,32,31,731432,0,0,1815,"",1.50,0.75,0.78,0.71,0.80,0.00,0.00,1.08,"",0,0.0,-3,-9.1,0,0.0,0,0.0,-35538,-4.6,0,0.0,0,0.0,-29,-1.6
"13063","1","928","75","0","2024","4","",3,491,494,494,14319961,0,0,2234,"",2.80,0.98,0.97,0.97,1.20,0.00,0.00,1.23,"",0,0.0,-2,-0.4,2,0.4,-1,-0.2,486983,3.5,0,0.0,0,0.0,77,3.6
"13063","1","9281","76","0","2024","4","",3,491,494,494,14319961,0,0,2234,"",2.80,0.98,0.97,0.97,1.20,0.00,0.00,1.23,"",0,0.0,-2,-0.4,2,0.4,-1,-0.2,486983,3.5,0,0.0,0,0.0,77,3.6
"13063","1","92811","77","0","2024","4","",3,491,494,494,14319961,0,0,2234,"",3.65,1.06,1.05,1.04,1.32,0.00,0.00,1.26,"",0,0.0,-2,-0.4,2,0.4,-1,-0.2,486983,3.5,0,0.0,0,0.0,77,3.6
"13063","1","928110","78","0","2024","4","",3,491,494,494,14319961,0,0,2234,"",3.65,1.06,1.05,1.04,1.32,0.00,0.00,1.26,"",0,0.0,-2,-0.4,2,0.4,-1,-0.2,486983,3.5,0,0.0,0,0.0,77,3.6
"13063","2","10","71","0","2024","4","",26,1645,1649,1655,25010015,0,0,1166,"",0.83,0.41,0.40,0.40,0.31,0.00,0.00,0.77,"",0,0.0,-40,-2.4,-41,-2.4,-24,-1.4,-143098,-0.6,0,0.0,0,0.0,17,1.5
"13063","2","102","72","0","2024","4","",26,1645,1649,1655,25010015,0,0,1166,"",0.85,0.41,0.41,0.41,0.31,0.00,0.00,0.77,"",0,0.0,-40,-2.4,-41,-2.4,-24,-1.4,-143098,-0.6,0,0.0,0,0.0,17,1.5
"13063","2","1021","73","0","2024","4","",1,167,168,168,2533259,0,0,1162,"",2.44,3.48,3.43,3.40,2.60,0.00,0.00,0.76,"",0,0.0,5,3.1,12,7.7,10,6.3,234888,10.2,0,0.0,0,0.0,48,4.3
"13063","2","1025","73","0","2024","4","",7,737,744,751,11728338,0,0,1213,"",1.06,0.32,0.32,0.32,0.26,0.00,0.00,0.80,"",0,0.0,-45,-5.8,-48,-6.1,-33,-4.2,-961043,-7.6,0,0.0,0,0.0,-29,-2.3
"13063","2","1027","73","0","2024","4","",1,49,47,45,584919,0,0,957,"",13.41,12.24,11.50,10.99,11.16,0.00,0.00,0.96,"",0,0.0,3,6.5,-2,-4.1,-2,-4.3,55409,10.5,0,0.0,0,0.0,96,11.1
"13063","2","1028","73","0","2024","4","",17,692,690,691,10163499,0,0,1131,"",0.77,0.44,0.44,0.44,0.32,0.00,0.00,0.73,"",0,0.0,-3,-0.4,-3,-0.4,1,0.1,527648,5.5,0,0.0,0,0.0,61,5.7
"13063","2","48-49","74","0","2024","4","",1,167,168,168,2533259,0,0,1162,"",5.05,4.42,4.38,4.37,3.10,0.00,0.00,0.71,"",0,0.0,5,3.1,12,7.7,10,6.3,234888,10.2,0,0.0,0,0.0,48,4.3
"13063","2","488","75","0","2024","4","",1,167,168,168,2533259,0,0,1162,"",6.31,12.60,12.52,12.46,10.05,0.00,0.00,0.80,"",0,0.0,5,3.1,12,7.7,10,6.3,234888,10.2,0,0.0,0,0.0,48,4.3
"13063","2","4881","76","0","2024","4","",1,167,168,168,2533259,0,0,1162,"",13.88,45.56,45.43,44.79,44.70,0.00,0.00,0.99,"",0,0.0,5,3.1,12,7.7,10,6.3,234888,10.2,0,0.0,0,0.0,48,4.3
"13063","2","48811","77","0","2024","4","",1,167,168,168,2533259,0,0,1162,"N",13.97,0,0,0,0,0,0,0,"",0,0.0,5,3.1,12,7.7,10,6.3,234888,10.2,0,0.0,0,0.0,48,4.3
"13063","2","488111","78","0","2024","4","",1,167,168,168,2533259,0,0,1162,"",14.66,49.99,49.84,49.12,51.73,0.00,0.00,1.04,"",0,0.0,5,3.1,12,7.7,10,6.3,234888,10.2,0,0.0,0,0.0,48,4.3
"13063","2","61","74","0","2024","4","",1,598,603,609,10112912,0,0,1289,"",0.28,0.35,0.34,0.35,0.30,0.00,0.00,0.87,"",0,0.0,-38,-6.0,-34,-5.3,-24,-3.8,-851752,-7.8,0,0.0,0,0.0,-39,-2.9
"13063","2","611","75","0","2024","4","",1,598,603,609,10112912,0,0,1289,"",0.28,0.35,0.34,0.35,0.30,0.00,0.00,0.87,"",0,0.0,-38,-6.0,-34,-5.3,-24,-3.8,-851752,-7.8,0,0.0,0,0.0,-39,-2.9
"13063","2","6113","76","0","2024","4","",1,598,603,609,10112912,0,0,1289,"",0.37,0.40,0.40,0.41,0.33,0.00,0.00,0.83,"",0,0.0,-38,-6.0,-34,-5.3,-24,-3.8,-851752,-7.8,0,0.0,0,0.0,-39,-2.9
"13063","2","61131","77","0","2024","4","",1,598,603,609,10112912,0,0,1289,"",0.37,0.40,0.40,0.41,0.33,0.00,0.00,0.83,"",0,0.0,-38,-6.0,-34,-5.3,-24,-3.8,-851752,-7.8,0,0.0,0,0.0,-39,-2.9
"13063","2","611310","78","0","2024","4","",1,598,603,609,10112912,0,0,1289,"",0.37,0.40,0.40,0.41,0.33,0.00,0.00,0.83,"",0,0.0,-38,-6.0,-34,-5.3,-24,-3.8,-851752,-7.8,0,0.0,0,0.0,-39,-2.9
"13063","2","62","74","0","2024","4","",6,139,141,142,1615426,0,0,883,"",2.01,0.24,0.24,0.24,0.13,0.00,0.00,0.55,"",0,0.0,-7,-4.8,-14,-9.0,-9,-6.0,-109291,-6.3,0,0.0,0,0.0,2,0.2
"13063","2","621","75","0","2024","4","",5,115,117,117,1326770,0,0,877,"",9.67,3.32,3.34,3.33,2.12,0.00,0.00,0.64,"",0,0.0,-8,-6.5,-13,-10.0,-12,-9.3,-132495,-9.1,0,0.0,0,0.0,-5,-0.6
"13063","2","6214","76","0","2024","4","",5,115,117,117,1326770,0,0,877,"",13.17,6.02,6.04,6.04,4.16,0.00,0.00,0.69,"",0,0.0,-8,-6.5,-13,-10.0,-12,-9.3,-132495,-9.1,0,0.0,0,0.0,-5,-0.6
"13063","2","62142","77","0","2024","4","",5,115,117,117,1326770,0,0,877,"",22.43,10.57,10.62,10.62,7.53,0.00,0.00,0.71,"",0,0.0,-8,-6.5,-13,-10.0,-12,-9.3,-132495,-9.1,0,0.0,0,0.0,-5,-0.6
"13063","2","621420","78","0","2024","4","",5,115,117,117,1326770,0,0,877,"",22.43,10.57,10.62,10.62,7.53,0.00,0.00,0.71,"",0,0.0,-8,-6.5,-13,-10.0,-12,-9.3,-132495,-9.1,0,0.0,0,0.0,-5,-0.6
"13063","2","623","75","0","2024","4","",1,24,24,25,288656,0,0,913,"",1.28,0.27,0.26,0.27,0.17,0.00,0.00,0.65,"",0,0.0,1,4.3,-1,-4.0,3,13.6,23204,8.7,0,0.0,0,0.0,38,4.3
"13063","2","6239","76","0","2024","4","",1,24,24,25,288656,0,0,913,"",8.06,3.38,3.34,3.46,1.86,0.00,0.00,0.55,"",0,0.0,1,4.3,-1,-4.0,3,13.6,23204,8.7,0,0.0,0,0.0,38,4.3
"13063","2","62399","77","0","2024","4","",1,24,24,25,288656,0,0,913,"",8.06,3.38,3.34,3.46,1.86,0.00,0.00,0.55,"",0,0.0,1,4.3,-1,-4.0,3,13.6,23204,8.7,0,0.0,0,0.0,38,4.3
"13063","2","623990","78","0","2024","4","",1,24,24,25,288656,0,0,913,"",8.06,3.38,3.34,3.46,1.86,0.00,0.00,0.55,"",0,0.0,1,4.3,-1,-4.0,3,13.6,23204,8.7,0,0.0,0,0.0,38,4.3
"13063","2","81","74","0","2024","4","",1,49,47,45,584919,0,0,957,"",13.41,12.24,11.50,10.99,11.16,0.00,0.00,0.96,"",0,0.0,3,6.5,-2,-4.1,-2,-4.3,55409,10.5,0,0.0,0,0.0,96,11.1
"13063","2","813","75","0","2024","4","",1,49,47,45,584919,0,0,957,"",16.88,14.23,13.45,12.80,13.85,0.00,0.00,1.03,"",0,0.0,3,6.5,-2,-4.1,-2,-4.3,55409,10.5,0,0.0,0,0.0,96,11.1
"13063","2","8133","76","0","2024","4","",1,49,47,45,584919,0,0,957,"N",24.44,0,0,0,0,0,0,0,"",0,0.0,3,6.5,-2,-4.1,-2,-4.3,55409,10.5,0,0.0,0,0.0,96,11.1
"13063","2","81331","77","0","2024","4","",1,49,47,45,584919,0,0,957,"N",24.44,0,0,0,0,0,0,0,"",0,0.0,3,6.5,-2,-4.1,-2,-4.3,55409,10.5,0,0.0,0,0.0,96,11.1
"13063","2","813319","78","0","2024","4","",1,49,47,45,584919,0,0,957,"",26.36,47.97,45.07,42.95,42.88,0.00,0.00,0.95,"",0,0.0,3,6.5,-2,-4.1,-2,-4.3,55409,10.5,0,0.0,0,0.0,96,11.1
"13063","2","92","74","0","2024","4","",17,692,690,691,10163499,0,0,1131,"",0.77,0.44,0.44,0.44,0.32,0.00,0.00,0.73,"",0,0.0,-3,-0.4,-3,-0.4,1,0.1,527648,5.5,0,0.0,0,0.0,61,5.7
"13063","2","921","75","0","2024","4","",4,32,29,28,470868,0,0,1221,"",1.42,0.16,0.14,0.14,0.11,0.00,0.00,0.73,"",0,0.0,5,18.5,2,7.4,1,3.7,87975,23.0,0,0.0,0,0.0,130,11.9
"13063","2","9211","76","0","2024","4","",4,32,29,28,470868,0,0,1221,"",1.42,0.16,0.14,0.14,0.11,0.00,0.00,0.73,"",0,0.0,5,18.5,2,7.4,1,3.7,87975,23.0,0,0.0,0,0.0,130,11.9
"13063","2","92113","77","0","2024","4","",1,2,2,2,24519,0,0,943,"",0.94,0.02,0.02,0.02,0.01,0.00,0.00,0.56,"",0,0.0,-1,-33.3,-1,-33.3,-1,-33.3,-7837,-24.2,0,0.0,0,0.0,113,13.6
"13063","2","921130","78","0","2024","4","",1,2,2,2,24519,0,0,943,"",0.94,0.02,0.02,0.02,0.01,0.00,0.00,0.56,"",0,0.0,-1,-33.3,-1,-33.3,-1,-33.3,-7837,-24.2,0,0.0,0,0.0,113,13.6
"13063","2","92119","77","0","2024","4","",3,30,27,26,446349,0,0,1241,"",2.38,0.38,0.34,0.32,0.25,0.00,0.00,0.71,"",0,0.0,6,25.0,3,12.5,2,8.3,95812,27.3,0,0.0,0,0.0,117,10.4
"13063","2","921190","78","0","2024","4","",3,30,27,26,446349,0,0,1241,"",2.38,0.38,0.34,0.32,0.25,0.00,0.00,0.71,"",0,0.0,6,25.0,3,12.5,2,8.3,95812,27.3,0,0.0,0,0.0,117,10.4
"13063","2","922","75","0","2024","4","",6,191,192,193,3250318,0,0,1302,"",0.95,0.33,0.33,0.33,0.27,0.00,0.00,0.82,"",0,0.0,-3,-1.5,0,0.0,1,0.5,265641,8.9,0,0.0,0,0.0,110,9.2
"13063","2","9221","76","0","2024","4","",6,191,192,193,3250318,0,0,1302,"",0.95,0.33,0.33,0.33,0.27,0.00,0.00,0.82,"",0,0.0,-3,-1.5,0,0.0,1,0.5,265641,8.9,0,0.0,0,0.0,110,9.2
"13063","2","92211","77","0","2024","4","",1,10,9,9,225994,0,0,1863,"",0.58,0.12,0.10,0.10,0.12,0.00,0.00,1.16,"",0,0.0,1,11.1,0,0.0,-1,-10.0,9824,4.5,0,0.0,0,0.0,81,4.5
"13063","2","922110","78","0","2024","4","",1,10,9,9,225994,0,0,1863,"",0.58,0.12,0.10,0.10,0.12,0.00,0.00,1.16,"",0,0.0,1,11.1,0,0.0,-1,-10.0,9824,4.5,0,0.0,0,0.0,81,4.5
"13063","2","92212","77","0","2024","4","",1,18,18,19,370261,0,0,1554,"",0.90,0.20,0.20,0.21,0.16,0.00,0.00,0.79,"",0,0.0,0,0.0,0,0.0,1,5.6,21538,6.2,0,0.0,0,0.0,64,4.3
"13063","2","922120","78","0","2024","4","",1,18,18,19,370261,0,0,1554,"",0.90,0.20,0.20,0.21,0.16,0.00,0.00,0.79,"",0,0.0,0,0.0,0,0.0,1,5.6,21538,6.2,0,0.0,0,0.0,64,4.3
"13063","2","92213","77","0","2024","4","",2,75,72,72,1449013,0,0,1527,"",2.24,1.43,1.36,1.35,1.26,0.00,0.00,0.91,"",0,0.0,7,10.3,4,5.9,4,5.9,213458,17.3,0,0.0,0,0.0,129,9.2
"13063","2","922130","78","0","2024","4","",2,75,72,72,1449013,0,0,1527,"",2.24,1.43,1.36,1.35,1.26,0.00,0.00,0.91,"",0,0.0,7,10.3,4,5.9,4,5.9,213458,17.3,0,0.0,0,0.0,129,9.2
"13063","2","92214","77","0","2024","4","",1,33,38,38,441362,0,0,934,"",0.55,0.11,0.12,0.12,0.08,0.00,0.00,0.64,"",0,0.0,-11,-25.0,-5,-11.6,-4,-9.5,-53815,-10.9,0,0.0,0,0.0,48,5.4
"13063","2","922140","78","0","2024","4","",1,33,38,38,441362,0,0,934,"",0.55,0.11,0.12,0.12,0.08,0.00,0.00,0.64,"",0,0.0,-11,-25.0,-5,-11.6,-4,-9.5,-53815,-10.9,0,0.0,0,0.0,48,5.4
"13063","2","92215","77","0","2024","4","",1,55,55,55,763688,0,0,1068,"",2.48,3.21,3.20,3.18,2.48,0.00,0.00,0.78,"",0,0.0,0,0.0,1,1.9,1,1.9,74636,10.8,0,0.0,0,0.0,92,9.4
"13063","2","922150","78","0","2024","4","",1,55,55,55,763688,0,0,1068,"",2.48,3.21,3.20,3.18,2.48,0.00,0.00,0.78,"",0,0.0,0,0.0,1,1.9,1,1.9,74636,10.8,0,0.0,0,0.0,92,9.4
"13063","2","923","75","0","2024","4","",4,157,155,151,1964614,0,0,979,"",0.85,0.43,0.42,0.41,0.28,0.00,0.00,0.68,"",0,0.0,-11,-6.5,-11,-6.6,-15,-9.0,-112046,-5.4,0,0.0,0,0.0,21,2.2
"13063","2","9231","76","0","2024","4","",4,157,155,151,1964614,0,0,979,"",0.85,0.43,0.42,0.41,0.28,0.00,0.00,0.68,"",0,0.0,-11,-6.5,-11,-6.6,-15,-9.0,-112046,-5.4,0,0.0,0,0.0,21,2.2
"13063","2","92312","77","0","2024","4","",4,157,155,151,1964614,0,0,979,"",2.57,1.30,1.27,1.23,0.83,0.00,0.00,0.65,"",0,0.0,-11,-6.5,-11,-6.6,-15,-9.0,-112046,-5.4,0,0.0,0,0.0,21,2.2
"13063","2","923120","78","0","2024","4","",4,157,155,151,1964614,0,0,979,"",2.57,1.30,1.27,1.23,0.83,0.00,0.00,0.65,"",0,0.0,-11,-6.5,-11,-6.6,-15,-9.0,-112046,-5.4,0,0.0,0,0.0,21,2.2
"13063","2","924","75","0","2024","4","",1,277,279,283,4077055,0,0,1121,"",0.33,2.08,2.14,2.20,1.65,0.00,0.00,0.77,"",0,0.0,5,1.8,5,1.8,12,4.4,227591,5.9,0,0.0,0,0.0,34,3.1
"13063","2","9241","76","0","2024","4","",1,277,279,283,4077055,0,0,1121,"",0.33,2.08,2.14,2.20,1.65,0.00,0.00,0.77,"",0,0.0,5,1.8,5,1.8,12,4.4,227591,5.9,0,0.0,0,0.0,34,3.1
"13063","2","92412","77","0","2024","4","",1,277,279,283,4077055,0,0,1121,"",0.41,2.89,3.01,3.09,2.53,0.00,0.00,0.85,"",0,0.0,5,1.8,5,1.8,12,4.4,227591,5.9,0,0.0,0,0.0,34,3.1
"13063","2","924120","78","0","2024","4","",1,277,279,283,4077055,0,0,1121,"",0.41,2.89,3.01,3.09,2.53,0.00,0.00,0.85,"",0,0.0,5,1.8,5,1.8,12,4.4,227591,5.9,0,0.0,0,0.0,34,3.1
"13063","2","926","75","0","2024","4","",2,35,35,36,400644,0,0,872,"",0.42,0.13,0.13,0.14,0.08,0.00,0.00,0.57,"",0,0.0,1,2.9,1,2.9,2,5.9,58487,17.1,0,0.0,0,0.0,98,12.7
"13063","2","9261","76","0","2024","4","",2,35,35,36,400644,0,0,872,"",0.42,0.13,0.13,0.14,0.08,0.00,0.00,0.57,"",0,0.0,1,2.9,1,2.9,2,5.9,58487,17.1,0,0.0,0,0.0,98,12.7
"13063","2","92612","77","0","2024","4","",1,16,16,17,161648,0,0,761,"",0.58,0.11,0.10,0.11,0.05,0.00,0.00,0.48,"",0,0.0,-1,-5.9,-1,-5.9,0,0.0,14041,9.5,0,0.0,0,0.0,93,13.9
"13063","2","926120","78","0","2024","4","",1,16,16,17,161648,0,0,761,"",0.58,0.11,0.10,0.11,0.05,0.00,0.00,0.48,"",0,0.0,-1,-5.9,-1,-5.9,0,0.0,14041,9.5,0,0.0,0,0.0,93,13.9
"13063","2","92614","77","0","2024","4","",1,19,19,19,238996,0,0,968,"",0.76,0.66,0.64,0.66,0.54,0.00,0.00,0.82,"",0,0.0,2,11.8,2,11.8,2,11.8,44446,22.8,0,0.0,0,0.0,88,10.0
"13063","2","926140","78","0","2024","4","",1,19,19,19,238996,0,0,968,"",0.76,0.66,0.64,0.66,0.54,0.00,0.00,0.82,"",0,0.0,2,11.8,2,11.8,2,11.8,44446,22.8,0,0.0,0,0.0,88,10.0
"13063","3","10","71","0","2024","4","",97,11800,11738,11613,181881023,59365,269,1194,"",1.32,0.95,0.93,0.93,0.91,0.02,0.03,0.98,"",1,1.0,470,4.1,316,2.8,300,2.7,229692,0.1,27951,89.0,-20,-6.9,-37,-3.0
"13063","3","102","72","0","2024","4","",97,11800,11738,11613,181881023,59365,269,1194,"",1.35,0.96,0.94,0.93,0.92,0.02,0.03,0.98,"",1,1.0,470,4.1,316,2.8,300,2.7,229692,0.1,27951,89.0,-20,-6.9,-37,-3.0
"13063","3","1025","73","0","2024","4","",85,7696,7757,7698,115003845,0,0,1146,"",2.71,1.00,0.99,0.99,1.00,0.00,0.00,1.01,"",0,0.0,211,2.8,207,2.7,253,3.4,-5477716,-4.5,0,0.0,0,0.0,-91,-7.4
"13063","3","1028","73","0","2024","4","",12,4104,3981,3915,66877178,59365,269,1286,"",0.44,1.16,1.10,1.09,1.02,0.05,0.07,0.92,"",1,9.1,259,6.7,109,2.8,47,1.2,5707408,9.3,27951,89.0,-20,-6.9,68,5.6
"13063","3","61","74","0","2024","4","",85,7696,7757,7698,115003845,0,0,1146,"",3.01,1.12,1.11,1.10,1.15,0.00,0.00,1.04,"",0,0.0,211,2.8,207,2.7,253,3.4,-5477716,-4.5,0,0.0,0,0.0,-91,-7.4
"13063","3","611","75","0","2024","4","",85,7696,7757,7698,115003845,0,0,1146,"",3.01,1.12,1.11,1.10,1.15,0.00,0.00,1.04,"",0,0.0,211,2.8,207,2.7,253,3.4,-5477716,-4.5,0,0.0,0,0.0,-91,-7.4
"13063","3","6111","76","0","2024","4","",85,7696,7757,7698,115003845,0,0,1146,"",3.14,1.20,1.19,1.18,1.24,0.00,0.00,1.04,"",0,0.0,211,2.8,207,2.7,253,3.4,-5477716,-4.5,0,0.0,0,0.0,-91,-7.4
"13063","3","61111","77","0","2024","4","",85,7696,7757,7698,115003845,0,0,1146,"",3.14,1.20,1.19,1.18,1.24,0.00,0.00,1.04,"",0,0.0,211,2.8,207,2.7,253,3.4,-5477716,-4.5,0,0.0,0,0.0,-91,-7.4
"13063","3","611110","78","0","2024","4","",85,7696,7757,7698,115003845,0,0,1146,"",3.14,1.20,1.19,1.18,1.24,0.00,0.00,1.04,"",0,0.0,211,2.8,207,2.7,253,3.4,-5477716,-4.5,0,0.0,0,0.0,-91,-7.4
"13063","3","92","74","0","2024","4","",12,4104,3981,3915,66877178,59365,269,1286,"",0.44,1.16,1.10,1.09,1.02,0.05,0.07,0.92,"",1,9.1,259,6.7,109,2.8,47,1.2,5707408,9.3,27951,89.0,-20,-6.9,68,5.6
"13063","3","921","75","0","2024","4","",9,4082,3959,3893,66492841,34507,97,1286,"",0.57,1.74,1.65,1.65,1.70,0.04,0.04,1.02,"",0,0.0,255,6.7,106,2.8,44,1.1,5676147,9.3,12276,55.2,17,21.2,69,5.7
"13063","3","9211","76","0","2024","4","",9,4082,3959,3893,66492841,34507,97,1286,"",0.57,1.74,1.65,1.65,1.70,0.04,0.04,1.02,"",0,0.0,255,6.7,106,2.8,44,1.1,5676147,9.3,12276,55.2,17,21.2,69,5.7
"13063","3","92114","77","0","2024","4","",8,3662,3540,3469,59228705,34507,97,1281,"",0.89,2.40,2.27,2.26,2.35,0.06,0.10,1.02,"",0,0.0,243,7.1,94,2.7,28,0.8,5293034,9.8,12276,55.2,17,21.2,73,6.0
"13063","3","921140","78","0","2024","4","",8,3662,3540,3469,59228705,34507,97,1281,"",0.89,2.40,2.27,2.26,2.35,0.06,0.10,1.02,"",0,0.0,243,7.1,94,2.7,28,0.8,5293034,9.8,12276,55.2,17,21.2,73,6.0
"13063","3","92119","77","0","2024","4","",1,420,419,424,7264136,0,0,1327,"",0.49,1.55,1.46,1.56,1.60,0.00,0.00,1.05,"",0,0.0,12,2.9,12,2.9,16,3.9,383113,5.6,0,0.0,0,0.0,29,2.2
"13063","3","921190","78","0","2024","4","",1,420,419,424,7264136,0,0,1327,"",0.49,1.55,1.46,1.56,1.60,0.00,0.00,1.05,"",0,0.0,12,2.9,12,2.9,16,3.9,383113,5.6,0,0.0,0,0.0,29,2.2
"13063","3","925","75","0","2024","4","",2,22,22,22,384337,24858,172,1344,"",1.26,0.31,0.31,0.31,0.32,0.40,0.64,1.02,"",0,0.0,4,22.2,3,15.8,3,15.8,31261,8.9,15675,170.7,-37,-17.7,-111,-7.6
"13063","3","9251","76","0","2024","4","",2,22,22,22,384337,24858,172,1344,"",1.26,0.31,0.31,0.31,0.32,0.40,0.64,1.02,"",0,0.0,4,22.2,3,15.8,3,15.8,31261,8.9,15675,170.7,-37,-17.7,-111,-7.6
"13063","3","92511","77","0","2024","4","",2,22,22,22,384337,24858,172,1344,"",1.96,0.52,0.51,0.51,0.50,0.49,0.86,0.97,"",0,0.0,4,22.2,3,15.8,3,15.8,31261,8.9,15675,170.7,-37,-17.7,-111,-7.6
"13063","3","925110","78","0","2024","4","",2,22,22,22,384337,24858,172,1344,"",1.96,0.52,0.51,0.51,0.50,0.49,0.86,0.97,"",0,0.0,4,22.2,3,15.8,3,15.8,31261,8.9,15675,170.7,-37,-17.7,-111,-7.6
"13063","3","926","75","0","2024","4","",1,0,0,0,0,0,0,0,"",0.82,0.00,0.00,0.00,0.00,0.00,0.00,0.00,"N",1,100.0,0,0,0,0,0,0,0,0,0,0,0,0,0,0
"13063","3","9261","76","0","2024","4","",1,0,0,0,0,0,0,0,"",0.82,0.00,0.00,0.00,0.00,0.00,0.00,0.00,"N",1,100.0,0,0,0,0,0,0,0,0,0,0,0,0,0,0
"13063","3","92611","77","0","2024","4","",1,0,0,0,0,0,0,0,"",3.73,0.00,0.00,0.00,0.00,0.00,0.00,0.00,"N",1,100.0,0,0,0,0,0,0,0,0,0,0,0,0,0,0
"13063","3","926110","78","0","2024","4","",1,0,0,0,0,0,0,0,"",3.73,0.00,0.00,0.00,0.00,0.00,0.00,0.00,"N",1,100.0,0,0,0,0,0,0,0,0,0,0,0,0,0,0
"13063","5","10","71","0","2024","4","",5047,114485,116181,116512,2191485902,121003101,1388105,1457,"",1.00,1.04,1.04,1.04,1.05,1.03,1.01,1.01,"",-236,-4.5,-2551,-2.2,-1254,-1.1,-1644,-1.4,94011577,4.5,-8899127,-6.9,-67732,-4.7,84,6.1
"13063","5","101","72","0","2024","4","",414,9375,9457,9465,186612472,8867987,75994,1522,"",0.65,0.50,0.50,0.50,0.47,0.44,0.26,0.95,"",25,6.4,133,1.4,176,1.9,195,2.1,15394845,9.0,-791858,-8.2,-58523,-43.5,100,7.0
"13063","5","1011","73","0","2024","4","",6,47,47,46,1106563,37421,320,1824,"",0.10,0.03,0.03,0.03,0.04,0.02,0.01,1.31,"N",0,0.0,0,0,0,0,0,0,0,0,0,0,0,0,0,0
"13063","5","1012","73","0","2024","4","",279,3945,4009,4025,90238616,4577840,39653,1738,"",0.69,0.58,0.58,0.59,0.62,0.51,0.23,1.06,"N",31,12.5,0,0,0,0,0,0,0,0,0,0,0,0,0,0
"13063","5","1013","73","0","2024","4","",129,5383,5401,5394,95267293,4252726,36021,1359,"",0.76,0.52,0.51,0.51,0.43,0.49,0.39,0.84,"",-6,-4.4,-122,-2.2,-87,-1.6,-125,-2.3,2307187,2.5,-518184,-10.9,-37355,-50.9,60,4.6
"13063","5","102","72","0","2024","4","",4633,105110,106724,107047,2004873430,112135114,1312111,1451,"",1.05,1.15,1.15,1.15,1.18,1.16,1.21,1.03,"",-261,-5.3,-2684,-2.5,-1430,-1.3,-1839,-1.7,78616732,4.1,-8107269,-6.7,-9209,-0.7,83,6.1
"13063","5","1021","73","0","2024","4","",1608,69144,70505,70462,1573848753,52926846,734384,1729,"",1.84,2.91,2.89,2.85,4.26,1.95,2.73,1.48,"",114,7.6,-2387,-3.3,-1571,-2.2,-2192,-3.0,69473001,4.6,-10657559,-16.8,95834,15.0,124,7.7
"13063","5","1022","73","0","2024","4","",58,608,612,611,13002384,473194,4957,1639,"",0.46,0.26,0.25,0.25,0.13,0.24,0.17,0.50,"",11,23.4,-30,-4.7,-23,-3.6,-20,-3.2,1078789,9.0,37855,8.7,548,12.4,194,13.4
"13063","5","1023","73","0","2024","4","",428,2953,2982,2967,49059818,2654927,25919,1272,"",0.93,0.41,0.41,0.41,0.23,0.45,0.40,0.56,"",13,3.1,10,0.3,-15,-0.5,-31,-1.0,3053205,6.6,-177750,-6.3,-3927,-13.2,84,7.1
"13063","5","1024","73","0","2024","4","",684,9226,9504,9778,114984389,24495767,244922,931,"",0.63,0.49,0.50,0.52,0.23,1.09,0.85,0.46,"",84,14.0,-363,-3.8,57,0.6,244,2.6,-219882,-0.2,3853237,18.7,-24522,-9.1,0,0.0
"13063","5","1025","73","0","2024","4","",581,10125,10073,10101,149741508,12674311,117758,1140,"",0.60,0.47,0.47,0.47,0.44,0.75,0.66,0.93,"",29,5.3,-107,-1.0,-125,-1.2,-46,-0.5,3681775,2.5,455122,3.7,-16555,-12.3,38,3.4
"13063","5","1026","73","0","2024","4","",564,10732,10735,10774,76334647,16492358,152053,546,"",1.34,0.78,0.78,0.78,0.66,0.92,0.78,0.84,"",24,4.4,213,2.0,325,3.1,287,2.7,2932626,4.0,-969723,-5.6,-58154,-27.7,7,1.3
"13063","5","1027","73","0","2024","4","",350,2204,2189,2220,26175311,2256494,27631,913,"",0.92,0.57,0.56,0.57,0.51,0.55,0.61,0.91,"",20,6.1,134,6.5,77,3.6,67,3.1,910117,3.6,-397306,-15.0,3413,14.1,-7,-0.8
"13063","5","1029","73","0","2024","4","",360,118,124,134,1726620,161217,4487,1060,"",3.00,0.64,0.65,0.68,0.42,0.35,0.47,0.64,"",-556,-60.7,-154,-56.6,-155,-55.6,-148,-52.5,-2292899,-57.0,-251145,-60.9,-5846,-56.6,-54,-4.8
"13063","5","11","74","0","2024","4","N",5,0,0,0,0,0,0,0,"N",0.10,0,0,0,0,0,0,0,"N",0,0.0,0,0,0,0,0,0,0,0,0,0,0,0,0,0
"13063","5","111","75","0","2024","4","N",3,0,0,0,0,0,0,0,"N",0.14,0,0,0,0,0,0,0,"N",0,0.0,0,0,0,0,0,0,0,0,0,0,0,0,0,0
"13063","5","1114","76","0","2024","4","N",3,0,0,0,0,0,0,0,"N",0.69,0,0,0,0,0,0,0,"N",0,0.0,0,0,0,0,0,0,0,0,0,0,0,0,0,0
"13063","5","11141","77","0","2024","4","N",2,0,0,0,0,0,0,0,"N",1.65,0,0,0,0,0,0,0,"N",0,0.0,0,0,0,0,0,0,0,0,0,0,0,0,0,0
"13063","5","111419","78","0","2024","4","N",2,0,0,0,0,0,0,0,"N",1.87,0,0,0,0,0,0,0,"N",0,0.0,0,0,0,0,0,0,0,0,0,0,0,0,0,0
"13063","5","11142","77","0","2024","4","N",1,0,0,0,0,0,0,0,"N",0.32,0,0,0,0,0,0,0,"N",0,0.0,0,0,0,0,0,0,0,0,0,0,0,0,0,0
"13063","5","111421","78","0","2024","4","N",1,0,0,0,0,0,0,0,"N",0.46,0,0,0,0,0,0,0,"N",0,0.0,0,0,0,0,0,0,0,0,0,0,0,0,0,0
"13063","5","113","75","0","2024","4","N",1,0,0,0,0,0,0,0,"N",0.27,0,0,0,0,0,0,0,"N",0,0.0,0,0,0,0,0,0,0,0,0,0,0,0,0,0
"13063","5","1133","76","0","2024","4","N",1,0,0,0,0,0,0,0,"N",0.31,0,0,0,0,0,0,0,"N",0,0.0,0,0,0,0,0,0,0,0,0,0,0,0,0,0
"13063","5","11331","77","0","2024","4","N",1,0,0,0,0,0,0,0,"N",0.31,0,0,0,0,0,0,0,"N",0,0.0,0,0,0,0,0,0,0,0,0,0,0,0,0,0
"13063","5","113310","78","0","2024","4","N",1,0,0,0,0,0,0,0,"N",0.31,0,0,0,0,0,0,0,"N",0,0.0,0,0,0,0,0,0,0,0,0,0,0,0,0,0
"13063","5","115","75","0","2024","4","N",1,0,0,0,0,0,0,0,"N",0.10,0,0,0,0,0,0,0,"N",0,0.0,0,0,0,0,0,0,0,0,0,0,0,0,0,0
"13063","5","1151","76","0","2024","4","N",1,0,0,0,0,0,0,0,"N",0.18,0,0,0,0,0,0,0,"N",0,0.0,0,0,0,0,0,0,0,0,0,0,0,0,0,0
"13063","5","11511","77","0","2024","4","N",1,0,0,0,0,0,0,0,"N",0.18,0,0,0,0,0,0,0,"N",0,0.0,0,0,0,0,0,0,0,0,0,0,0,0,0,0
"13063","5","115114","78","0","2024","4","N",1,0,0,0,0,0,0,0,"N",1.08,0,0,0,0,0,0,0,"N",0,0.0,0,0,0,0,0,0,0,0,0,0,0,0,0,0
"13063","5","21","74","0","2024","4","N",1,0,0,0,0,0,0,0,"N",0.08,0,0,0,0,0,0,0,"N",0,0.0,0,0,0,0,0,0,0,0,0,0,0,0,0,0
"13063","5","212","75","0","2024","4","N",1,0,0,0,0,0,0,0,"N",0.32,0,0,0,0,0,0,0,"N",0,0.0,0,0,0,0,0,0,0,0,0,0,0,0,0,0
"13063","5","2123","76","0","2024","4","N",1,0,0,0,0,0,0,0,"N",0.38,0,0,0,0,0,0,0,"N",0,0.0,0,0,0,0,0,0,0,0,0,0,0,0,0,0
"13063","5","21231","77","0","2024","4","N",1,0,0,0,0,0,0,0,"N",0.92,0,0,0,0,0,0,0,"N",0,0.0,0,0,0,0,0,0,0,0,0,0,0,0,0,0
"13063","5","212313","78","0","2024","4","N",1,0,0,0,0,0,0,0,"N",7.85,0,0,0,0,0,0,0,"N",0,0.0,0,0,0,0,0,0,0,0,0,0,0,0,0,0
"13063","5","22","74","0","2024","4","",15,906,911,934,27065022,343173,474,2270,"",1.42,1.85,1.85,1.88,1.77,1.59,0.24,0.95,"N",1,7.1,0,0,0,0,0,0,0,0,0,0,0,0,0,0
"13063","5","221","75","0","2024","4","",15,906,911,934,27065022,343173,474,2270,"",1.42,1.85,1.85,1.88,1.77,1.59,0.24,0.95,"N",1,7.1,0,0,0,0,0,0,0,0,0,0,0,0,0,0
"13063","5","2211","76","0","2024","4","N",10,0,0,0,0,0,0,0,"N",1.62,0,0,0,0,0,0,0,"N",0,0.0,0,0,0,0,0,0,0,0,0,0,0,0,0,0
"13063","5","22111","77","0","2024","4","N",1,0,0,0,0,0,0,0,"N",0.33,0,0,0,0,0,0,0,"N",0,0.0,0,0,0,0,0,0,0,0,0,0,0,0,0,0
"13063","5","221118","78","0","2024","4","N",1,0,0,0,0,0,0,0,"N",2.80,0,0,0,0,0,0,0,"N",0,0.0,0,0,0,0,0,0,0,0,0,0,0,0,0,0
"13063","5","22112","77","0","2024","4","N",9,0,0,0,0,0,0,0,"N",2.88,0,0,0,0,0,0,0,"N",0,0.0,0,0,0,0,0,0,0,0,0,0,0,0,0,0
"13063","5","221121","78","0","2024","4","N",1,0,0,0,0,0,0,0,"N",2.60,0,0,0,0,0,0,0,"N",0,0.0,0,0,0,0,0,0,0,0,0,0,0,0,0,0
"13063","5","221122","78","0","2024","4","N",8,0,0,0,0,0,0,0,"N",2.92,0,0,0,0,0,0,0,"N",0,0.0,0,0,0,0,0,0,0,0,0,0,0,0,0,0
"13063","5","2212","76","0","2024","4","N",2,0,0,0,0,0,0,0,"N",1.41,0,0,0,0,0,0,0,"N",0,0.0,0,0,0,0,0,0,0,0,0,0,0,0,0,0
"13063","5","22121","77","0","2024","4","N",2,0,0,0,0,0,0,0,"N",1.41,0,0,0,0,0,0,0,"N",0,0.0,0,0,0,0,0,0,0,0,0,0,0,0,0,0
"13063","5","221210","78","0","2024","4","N",2,0,0,0,0,0,0,0,"N",1.41,0,0,0,0,0,0,0,"N",0,0.0,0,0,0,0,0,0,0,0,0,0,0,0,0,0
"13063","5","2213","76","0","2024","4","N",3,0,0,0,0,0,0,0,"N",1.03,0,0,0,0,0,0,0,"N",1,50.0,0,0,0,0,0,0,0,0,0,0,0,0,0,0
"13063","5","22131","77","0","2024","4","N",2,0,0,0,0,0,0,0,"N",0.79,0,0,0,0,0,0,0,"N",1,100.0,0,0,0,0,0,0,0,0,0,0,0,0,0,0
"13063","5","221310","78","0","2024","4","N",2,0,0,0,0,0,0,0,"N",0.79,0,0,0,0,0,0,0,"N",1,100.0,0,0,0,0,0,0,0,0,0,0,0,0,0,0
"13063","5","22132","77","0","2024","4","N",1,0,0,0,0,0,0,0,"N",3.00,0,0,0,0,0,0,0,"N",0,0.0,0,0,0,0,0,0,0,0,0,0,0,0,0,0
"13063","5","221320","78","0","2024","4","N",1,0,0,0,0,0,0,0,"N",3.00,0,0,0,0,0,0,0,"N",0,0.0,0,0,0,0,0,0,0,0,0,0,0,0,0,0
"13063","5","23","74","0","2024","4","",279,3945,4009,4025,90238616,4577840,39653,1738,"",0.69,0.58,0.58,0.59,0.62,0.51,0.23,1.06,"N",31,12.5,0,0,0,0,0,0,0,0,0,0,0,0,0,0
"13063","5","236","75","0","2024","4","",72,248,258,258,5658294,223363,2200,1709,"",0.57,0.16,0.17,0.17,0.16,0.11,0.06,0.94,"N",0,0.0,0,0,0,0,0,0,0,0,0,0,0,0,0,0
"13063","5","2361","76","0","2024","4","",57,77,84,83,1364444,80345,1564,1290,"",0.58,0.10,0.11,0.11,0.09,0.07,0.10,0.84,"N",1,1.8,0,0,0,0,0,0,0,0,0,0,0,0,0,0
"13063","5","23611","77","0","2024","4","",57,77,84,83,1364444,80345,1564,1290,"",0.58,0.10,0.11,0.11,0.09,0.07,0.10,0.84,"N",1,1.8,0,0,0,0,0,0,0,0,0,0,0,0,0,0
"13063","5","236115","78","0","2024","4","",35,59,65,64,1125301,64570,1418,1381,"",0.91,0.19,0.21,0.20,0.17,0.13,0.23,0.84,"",2,6.1,-10,-14.5,0,0.0,-3,-4.5,-163467,-12.7,-9291,-12.6,365,34.7,-99,-6.7
"13063","5","236116","78","0","2024","4","N",1,0,0,0,0,0,0,0,"N",0.45,0,0,0,0,0,0,0,"N",0,0.0,0,0,0,0,0,0,0,0,0,0,0,0,0,0
"13063","5","236117","78","0","2024","4","N",1,0,0,0,0,0,0,0,"N",0.42,0,0,0,0,0,0,0,"N",1,100.0,0,0,0,0,0,0,0,0,0,0,0,0,0,0
"13063","5","236118","78","0","2024","4","",20,15,16,16,205859,14975,124,1011,"",0.37,0.04,0.04,0.04,0.03,0.03,0.02,0.81,"N",-2,-9.1,0,0,0,0,0,0,0,0,0,0,0,0,0,0
"13063","5","2362","76","0","2024","4","",15,171,174,175,4293850,143018,636,1906,"",0.54,0.23,0.23,0.23,0.21,0.16,0.03,0.90,"",-1,-6.2,17,11.0,3,1.8,3,1.7,622130,16.9,-38088,-21.0,-782,-55.1,201,11.8
"13063","5","23622","77","0","2024","4","",15,171,174,175,4293850,143018,636,1906,"",0.61,0.28,0.28,0.28,0.25,0.20,0.05,0.89,"",-1,-6.2,17,11.0,3,1.8,3,1.7,622130,16.9,-38088,-21.0,-782,-55.1,201,11.8
"13063","5","236220","78","0","2024","4","",15,171,174,175,4293850,143018,636,1906,"",0.61,0.28,0.28,0.28,0.25,0.20,0.05,0.89,"",-1,-6.2,17,11.0,3,1.8,3,1.7,622130,16.9,-38088,-21.0,-782,-55.1,201,11.8
"13063","5","237","75","0","2024","4","",14,1035,1070,1034,25048628,1273241,13255,1841,"",0.56,1.04,1.10,1.10,1.03,0.98,0.42,0.96,"",0,0.0,-51,-4.7,-52,-4.6,-50,-4.6,1301106,5.5,-217835,-14.6,-4332,-24.6,176,10.6
"13063","5","2371","76","0","2024","4","",9,1003,1038,1000,24491274,1246994,12507,1859,"",0.69,1.97,2.05,2.01,1.97,1.66,0.74,0.98,"",0,0.0,-20,-2.0,-21,-2.0,-18,-1.8,1807145,8.0,-218098,-14.9,-4166,-25.0,170,10.1
"13063","5","23711","77","0","2024","4","",5,39,39,37,845830,97808,1262,1697,"",0.90,0.22,0.22,0.21,0.20,0.48,0.33,0.95,"",0,0.0,2,5.4,2,5.4,-1,-2.6,-133844,-13.7,-17412,-15.1,-1639,-56.5,-322,-15.9
"13063","5","237110","78","0","2024","4","",5,39,39,37,845830,97808,1262,1697,"",0.90,0.22,0.22,0.21,0.20,0.48,0.33,0.95,"",0,0.0,2,5.4,2,5.4,-1,-2.6,-133844,-13.7,-17412,-15.1,-1639,-56.5,-322,-15.9
"13063","5","23713","77","0","2024","4","",4,964,999,963,23645444,1149186,11245,1865,"",0.70,4.68,4.91,4.79,4.50,3.41,1.54,0.94,"",0,0.0,-22,-2.2,-23,-2.3,-17,-1.7,1940989,8.9,-200686,-14.9,-2527,-18.3,189,11.3
"13063","5","237130","78","0","2024","4","",4,964,999,963,23645444,1149186,11245,1865,"",0.70,4.68,4.91,4.79,4.50,3.41,1.54,0.94,"",0,0.0,-22,-2.2,-23,-2.3,-17,-1.7,1940989,8.9,-200686,-14.9,-2527,-18.3,189,11.3
"13063","5","2373","76","0","2024","4","N",3,0,0,0,0,0,0,0,"N",0.57,0,0,0,0,0,0,0,"N",0,0.0,0,0,0,0,0,0,0,0,0,0,0,0,0,0
"13063","5","23731","77","0","2024","4","N",3,0,0,0,0,0,0,0,"N",0.57,0,0,0,0,0,0,0,"N",0,0.0,0,0,0,0,0,0,0,0,0,0,0,0,0,0
"13063","5","237310","78","0","2024","4","N",3,0,0,0,0,0,0,0,"N",0.57,0,0,0,0,0,0,0,"N",0,0.0,0,0,0,0,0,0,0,0,0,0,0,0,0,0
"13063","5","2379","76","0","2024","4","N",2,0,0,0,0,0,0,0,"N",0.47,0,0,0,0,0,0,0,"N",0,0.0,0,0,0,0,0,0,0,0,0,0,0,0,0,0
"13063","5","23799","77","0","2024","4","N",2,0,0,0,0,0,0,0,"N",0.47,0,0,0,0,0,0,0,"N",0,0.0,0,0,0,0,0,0,0,0,0,0,0,0,0,0
"13063","5","237990","78","0","2024","4","N",2,0,0,0,0,0,0,0,"N",0.47,0,0,0,0,0,0,0,"N",0,0.0,0,0,0,0,0,0,0,0,0,0,0,0,0,0
"13063","5","238","75","0","2024","4","",193,2662,2681,2733,59531694,3081236,24198,1701,"",0.77,0.62,0.62,0.63,0.70,0.54,0.23,1.12,"",31,19.1,376,16.4,393,17.2,453,19.9,12394035,26.3,505842,19.6,-10605,-30.5,114,7.2
"13063","5","2381","76","0","2024","4","",62,788,752,794,15332064,793011,7831,1516,"",1.23,0.95,0.91,0.98,1.02,0.66,0.36,1.07,"",17,37.8,134,20.5,61,8.8,85,12.0,1575340,11.5,-121212,-13.3,2861,57.6,-30,-1.9
"13063","5","23811","77","0","2024","4","N",12,0,0,0,0,0,0,0,"N",1.14,0,0,0,0,0,0,0,"N",6,100.0,0,0,0,0,0,0,0,0,0,0,0,0,0,0
"13063","5","238111","78","0","2024","4","",7,9,9,8,111940,1200,6,994,"",0.90,0.08,0.08,0.08,0.07,0.01,0.00,0.79,"N",6,600.0,0,0,0,0,0,0,0,0,0,0,0,0,0,0
"13063","5","238112","78","0","2024","4","N",5,0,0,0,0,0,0,0,"N",1.79,0,0,0,0,0,0,0,"N",0,0.0,0,0,0,0,0,0,0,0,0,0,0,0,0,0
"13063","5","23812","77","0","2024","4","N",3,0,0,0,0,0,0,0,"N",1.24,0,0,0,0,0,0,0,"N",0,0.0,0,0,0,0,0,0,0,0,0,0,0,0,0,0
"13063","5","238122","78","0","2024","4","N",3,0,0,0,0,0,0,0,"N",1.71,0,0,0,0,0,0,0,"N",0,0.0,0,0,0,0,0,0,0,0,0,0,0,0,0,0
"13063","5","23813","77","0","2024","4","N",3,0,0,0,0,0,0,0,"N",0.60,0,0,0,0,0,0,0,"N",1,50.0,0,0,0,0,0,0,0,0,0,0,0,0,0,0
"13063","5","238131","78","0","2024","4","N",2,0,0,0,0,0,0,0,"N",0.46,0,0,0,0,0,0,0,"N",1,100.0,0,0,0,0,0,0,0,0,0,0,0,0,0,0
"13063","5","238132","78","0","2024","4","N",1,0,0,0,0,0,0,0,"N",1.46,0,0,0,0,0,0,0,"N",0,0.0,0,0,0,0,0,0,0,0,0,0,0,0,0,0
"13063","5","23814","77","0","2024","4","",9,9,7,8,41270,9723,230,397,"",1.10,0.08,0.06,0.07,0.02,0.06,0.06,0.31,"",2,28.6,4,80.0,2,40.0,3,60.0,970,2.4,7823,411.7,229,22900.0,-223,-36.0
"13063","5","238141","78","0","2024","4","N",5,0,0,0,0,0,0,0,"N",0.80,0,0,0,0,0,0,0,"N",2,66.7,0,0,0,0,0,0,0,0,0,0,0,0,0,0
"13063","5","238142","78","0","2024","4","N",4,0,0,0,0,0,0,0,"N",2.02,0,0,0,0,0,0,0,"N",0,0.0,0,0,0,0,0,0,0,0,0,0,0,0,0,0
"13063","5","23815","77","0","2024","4","",8,121,120,123,1905879,119193,1509,1208,"",2.36,1.98,1.95,1.99,1.60,1.75,1.24,0.81,"",0,0.0,12,11.0,11,10.1,16,15.0,32429,1.7,51342,75.7,839,125.2,-122,-9.2
"13063","5","238151","78","0","2024","4","N",3,0,0,0,0,0,0,0,"N",1.49,0,0,0,0,0,0,0,"N",0,0.0,0,0,0,0,0,0,0,0,0,0,0,0,0,0
"13063","5","238152","78","0","2024","4","N",5,0,0,0,0,0,0,0,"N",3.62,0,0,0,0,0,0,0,"N",0,0.0,0,0,0,0,0,0,0,0,0,0,0,0,0,0
"13063","5","23816","77","0","2024","4","",14,319,287,316,7084226,197414,1113,1773,"",1.03,1.51,1.35,1.51,1.76,0.70,0.24,1.21,"",4,40.0,4,1.3,-36,-11.1,-11,-3.4,-493126,-6.5,25222,14.6,110,11.0,-39,-2.2
"13063","5","238161","78","0","2024","4","",10,8,9,8,89050,27000,37,822,"",0.91,0.07,0.08,0.07,0.05,0.15,0.01,0.62,"",4,66.7,-3,-27.3,-1,-10.0,-2,-20.0,-6950,-7.2,27000,100.0,37,100.0,107,15.0
"13063","5","238162","78","0","2024","4","",4,311,278,308,6995176,170414,1076,1800,"",1.49,3.21,2.86,3.22,3.42,1.66,0.52,1.11,"",0,0.0,7,2.3,-35,-11.2,-9,-2.8,-486176,-6.5,-1778,-1.0,73,7.3,-48,-2.6
"13063","5","23817","77","0","2024","4","N",3,0,0,0,0,0,0,0,"N",0.80,0,0,0,0,0,0,0,"N",1,50.0,0,0,0,0,0,0,0,0,0,0,0,0,0,0
"13063","5","238171","78","0","2024","4","N",2,0,0,0,0,0,0,0,"N",0.57,0,0,0,0,0,0,0,"N",1,100.0,0,0,0,0,0,0,0,0,0,0,0,0,0,0
"13063","5","238172","78","0","2024","4","N",1,0,0,0,0,0,0,0,"N",4.01,0,0,0,0,0,0,0,"N",0,0.0,0,0,0,0,0,0,0,0,0,0,0,0,0,0
"13063","5","23819","77","0","2024","4","",10,43,40,42,981368,30016,810,1812,"",2.78,1.02,0.95,1.01,1.25,0.47,0.79,1.26,"",3,42.9,34,377.8,31,344.4,33,366.7,828073,540.2,29116,3235.1,809,80900.0,502,38.3
"13063","5","238191","78","0","2024","4","N",3,0,0,0,0,0,0,0,"N",1.40,0,0,0,0,0,0,0,"N",1,50.0,0,0,0,0,0,0,0,0,0,0,0,0,0,0
"13063","5","238192","78","0","2024","4","N",7,0,0,0,0,0,0,0,"N",4.81,0,0,0,0,0,0,0,"N",2,40.0,0,0,0,0,0,0,0,0,0,0,0,0,0,0
"13063","5","2382","76","0","2024","4","",76,1177,1235,1233,25736364,1820666,11830,1629,"",0.76,0.56,0.58,0.57,0.57,0.71,0.26,1.00,"",6,8.6,197,20.1,303,32.5,313,34.0,7407273,40.4,790684,76.8,-9502,-44.5,135,9.0
"13063","5","23821","77","0","2024","4","",29,565,625,623,13268460,1353300,8722,1689,"",0.68,0.62,0.68,0.67,0.66,1.14,0.40,1.01,"",3,11.5,178,46.0,261,71.7,276,79.5,5995878,82.4,795910,142.8,-2185,-20.0,161,10.5
"13063","5","238211","78","0","2024","4","",14,19,24,23,322323,23558,336,1127,"",0.54,0.06,0.08,0.08,0.06,0.05,0.06,0.82,"",4,40.0,-6,-24.0,-1,-4.0,-3,-11.5,-14695,-4.4,-28150,-54.4,-1131,-77.1,104,10.2
"13063","5","238212","78","0","2024","4","",15,546,601,600,12946137,1329742,8386,1710,"",0.91,0.89,0.97,0.96,0.89,1.78,0.52,0.94,"",-1,-6.2,184,50.8,262,77.3,279,86.9,6010573,86.7,824060,163.0,-1054,-11.2,144,9.2
"13063","5","23822","77","0","2024","4","N",41,0,0,0,0,0,0,0,"N",0.78,0,0,0,0,0,0,0,"N",2,5.1,0,0,0,0,0,0,0,0,0,0,0,0,0,0
"13063","5","238221","78","0","2024","4","N",20,0,0,0,0,0,0,0,"N",0.50,0,0,0,0,0,0,0,"N",1,5.3,0,0,0,0,0,0,0,0,0,0,0,0,0,0
"13063","5","238222","78","0","2024","4","",21,310,300,297,6309947,187868,2396,1605,"",1.67,0.61,0.58,0.57,0.51,0.34,0.21,0.87,"",1,5.0,47,17.9,46,18.1,43,16.9,1112820,21.4,30641,19.5,-1805,-43.0,49,3.1
"13063","5","23829","77","0","2024","4","N",6,0,0,0,0,0,0,0,"N",1.11,0,0,0,0,0,0,0,"N",1,20.0,0,0,0,0,0,0,0,0,0,0,0,0,0,0
"13063","5","238291","78","0","2024","4","N",1,0,0,0,0,0,0,0,"N",0.72,0,0,0,0,0,0,0,"N",0,0.0,0,0,0,0,0,0,0,0,0,0,0,0,0,0
"13063","5","238292","78","0","2024","4","N",5,0,0,0,0,0,0,0,"N",1.25,0,0,0,0,0,0,0,"N",1,25.0,0,0,0,0,0,0,0,0,0,0,0,0,0,0
"13063","5","2383","76","0","2024","4","",29,268,269,276,7612936,142980,1611,2161,"",0.49,0.38,0.39,0.40,0.63,0.14,0.09,1.61,"",4,16.0,46,20.7,48,21.7,52,23.2,1940383,34.2,34615,31.9,778,93.4,198,10.1
"13063","5","23831","77","0","2024","4","",8,27,27,27,329589,20332,177,939,"",0.85,0.13,0.13,0.13,0.08,0.06,0.03,0.61,"",3,60.0,6,28.6,5,22.7,7,35.0,72593,28.2,-109,-0.5,-102,-36.6,-2,-0.2
"13063","5","238311","78","0","2024","4","N",7,0,0,0,0,0,0,0,"N",1.02,0,0,0,0,0,0,0,"N",2,40.0,0,0,0,0,0,0,0,0,0,0,0,0,0,0
"13063","5","238312","78","0","2024","4","N",1,0,0,0,0,0,0,0,"N",0.39,0,0,0,0,0,0,0,"N",1,100.0,0,0,0,0,0,0,0,0,0,0,0,0,0,0
"13063","5","23832","77","0","2024","4","",6,6,5,6,80621,193,0,1094,"",0.33,0.03,0.03,0.04,0.03,0.00,0.00,0.94,"",-1,-14.3,3,100.0,2,66.7,1,20.0,19124,31.1,-4607,-96.0,-130,-100.0,-196,-15.2
"13063","5","238321","78","0","2024","4","",6,6,5,6,80621,193,0,1094,"",0.40,0.05,0.05,0.06,0.06,0.00,0.00,1.09,"",-1,-14.3,3,100.0,2,66.7,1,20.0,19124,31.1,-4607,-96.0,-130,-100.0,-196,-15.2
"13063","5","23833","77","0","2024","4","N",3,0,0,0,0,0,0,0,"N",0.36,0,0,0,0,0,0,0,"N",1,50.0,0,0,0,0,0,0,0,0,0,0,0,0,0,0
"13063","5","238331","78","0","2024","4","N",3,0,0,0,0,0,0,0,"N",0.44,0,0,0,0,0,0,0,"N",1,50.0,0,0,0,0,0,0,0,0,0,0,0,0,0,0
"13063","5","23834","77","0","2024","4","N",3,0,0,0,0,0,0,0,"N",0.68,0,0,0,0,0,0,0,"N",1,50.0,0,0,0,0,0,0,0,0,0,0,0,0,0,0
"13063","5","238341","78","0","2024","4","N",2,0,0,0,0,0,0,0,"N",0.51,0,0,0,0,0,0,0,"N",1,100.0,0,0,0,0,0,0,0,0,0,0,0,0,0,0
"13063","5","238342","78","0","2024","4","N",1,0,0,0,0,0,0,0,"N",1.94,0,0,0,0,0,0,0,"N",0,0.0,0,0,0,0,0,0,0,0,0,0,0,0,0,0
"13063","5","23835","77","0","2024","4","",4,11,11,12,205688,21644,653,1396,"",0.29,0.08,0.08,0.09,0.09,0.12,0.25,1.08,"",-2,-33.3,0,0.0,0,0.0,0,0.0,22116,12.0,18914,692.8,564,633.7,150,12.0
"13063","5","238351","78","0","2024","4","N",3,0,0,0,0,0,0,0,"N",0.24,0,0,0,0,0,0,0,"N",-2,-40.0,0,0,0,0,0,0,0,0,0,0,0,0,0,0
"13063","5","238352","78","0","2024","4","N",1,0,0,0,0,0,0,0,"N",0.65,0,0,0,0,0,0,0,"N",0,0.0,0,0,0,0,0,0,0,0,0,0,0,0,0,0
"13063","5","23839","77","0","2024","4","N",5,0,0,0,0,0,0,0,"N",1.09,0,0,0,0,0,0,0,"N",2,66.7,0,0,0,0,0,0,0,0,0,0,0,0,0,0
"13063","5","238391","78","0","2024","4","N",2,0,0,0,0,0,0,0,"N",0.75,0,0,0,0,0,0,0,"N",1,100.0,0,0,0,0,0,0,0,0,0,0,0,0,0,0
"13063","5","238392","78","0","2024","4","N",3,0,0,0,0,0,0,0,"N",1.55,0,0,0,0,0,0,0,"N",1,50.0,0,0,0,0,0,0,0,0,0,0,0,0,0,0
"13063","5","2389","76","0","2024","4","",26,429,425,430,10850330,324579,2926,1950,"",0.61,0.63,0.63,0.66,0.84,0.35,0.15,1.32,"",4,18.2,-1,-0.2,-19,-4.3,3,0.7,1471039,15.7,-198245,-37.9,-4742,-61.8,286,17.2
"13063","5","23891","77","0","2024","4","",9,164,164,162,5106874,131033,1192,2405,"",0.50,0.48,0.48,0.48,0.76,0.28,0.13,1.60,"",1,12.5,-31,-15.9,-41,-20.0,-30,-15.6,1380171,37.0,-193817,-59.7,-4301,-78.3,952,65.5
"13063","5","238911","78","0","2024","4","N",1,0,0,0,0,0,0,0,"N",0.10,0,0,0,0,0,0,0,"N",0,0.0,0,0,0,0,0,0,0,0,0,0,0,0,0,0
"13063","5","238912","78","0","2024","4","N",8,0,0,0,0,0,0,0,"N",1.08,0,0,0,0,0,0,0,"N",1,14.3,0,0,0,0,0,0,0,0,0,0,0,0,0,0
"13063","5","23899","77","0","2024","4","",17,265,261,268,5743456,193546,1734,1669,"",0.69,0.79,0.79,0.85,0.93,0.44,0.18,1.15,"",3,21.4,30,12.8,22,9.2,33,14.0,90868,1.6,-4428,-2.2,-441,-20.3,-171,-9.3
"13063","5","238991","78","0","2024","4","",9,160,156,157,3421113,67253,1003,1669,"",0.55,0.96,0.96,1.02,1.32,0.31,0.23,1.34,"N",1,12.5,0,0,0,0,0,0,0,0,0,0,0,0,0,0
"13063","5","238992","78","0","2024","4","",8,105,105,111,2322343,126293,731,1670,"",0.99,0.62,0.62,0.69,0.65,0.57,0.13,1.02,"N",2,33.3,0,0,0,0,0,0,0,0,0,0,0,0,0,0
"13063","5","31-33","74","0","2024","4","",129,5383,5401,5394,95267293,4252726,36021,1359,"",0.76,0.52,0.51,0.51,0.43,0.49,0.39,0.84,"",-6,-4.4,-122,-2.2,-87,-1.6,-125,-2.3,2307187,2.5,-518184,-10.9,-37355,-50.9,60,4.6
"13063","5","311","75","0","2024","4","",13,1773,1788,1795,23184337,2478216,23004,999,"",0.72,1.20,1.21,1.21,1.03,1.40,1.28,0.85,"",1,8.3,-60,-3.3,-40,-2.2,-49,-2.7,-1699519,-6.8,520738,26.6,-14699,-39.0,-44,-4.2
"13063","5","3111","76","0","2024","4","N",1,0,0,0,0,0,0,0,"N",0.80,0,0,0,0,0,0,0,"N",1,100.0,0,0,0,0,0,0,0,0,0,0,0,0,0,0
"13063","5","31111","77","0","2024","4","N",1,0,0,0,0,0,0,0,"N",0.80,0,0,0,0,0,0,0,"N",1,100.0,0,0,0,0,0,0,0,0,0,0,0,0,0,0
"13063","5","311111","78","0","2024","4","N",1,0,0,0,0,0,0,0,"N",2.41,0,0,0,0,0,0,0,"N",1,100.0,0,0,0,0,0,0,0,0,0,0,0,0,0,0
"13063","5","3116","76","0","2024","4","",3,336,358,389,4413935,1592851,1658,941,"",1.50,0.73,0.77,0.83,0.70,3.10,0.53,0.90,"",0,0.0,-8,-2.3,-18,-4.8,10,2.6,-780640,-15.0,938648,143.5,-334,-16.8,-150,-13.7
"13063","5","31161","77","0","2024","4","",3,336,358,389,4413935,1592851,1658,941,"",1.50,0.73,0.77,0.83,0.70,3.10,0.53,0.90,"",0,0.0,-8,-2.3,-18,-4.8,10,2.6,-780640,-15.0,938648,143.5,-334,-16.8,-150,-13.7
"13063","5","311612","78","0","2024","4","N",1,0,0,0,0,0,0,0,"N",1.19,0,0,0,0,0,0,0,"N",0,0.0,0,0,0,0,0,0,0,0,0,0,0,0,0,0
"13063","5","311615","78","0","2024","4","N",2,0,0,0,0,0,0,0,"N",5.61,0,0,0,0,0,0,0,"N",0,0.0,0,0,0,0,0,0,0,0,0,0,0,0,0,0
"13063","5","3118","76","0","2024","4","N",7,0,0,0,0,0,0,0,"N",1.03,0,0,0,0,0,0,0,"N",0,0.0,0,0,0,0,0,0,0,0,0,0,0,0,0,0
"13063","5","31181","77","0","2024","4","N",5,0,0,0,0,0,0,0,"N",0.83,0,0,0,0,0,0,0,"N",1,25.0,0,0,0,0,0,0,0,0,0,0,0,0,0,0
"13063","5","311811","78","0","2024","4","N",4,0,0,0,0,0,0,0,"N",0.98,0,0,0,0,0,0,0,"N",0,0.0,0,0,0,0,0,0,0,0,0,0,0,0,0,0
"13063","5","311812","78","0","2024","4","N",1,0,0,0,0,0,0,0,"N",0.55,0,0,0,0,0,0,0,"N",1,100.0,0,0,0,0,0,0,0,0,0,0,0,0,0,0
"13063","5","31182","77","0","2024","4","N",2,0,0,0,0,0,0,0,"N",3.70,0,0,0,0,0,0,0,"N",-1,-33.3,0,0,0,0,0,0,0,0,0,0,0,0,0,0
"13063","5","311824","78","0","2024","4","N",2,0,0,0,0,0,0,0,"N",9.26,0,0,0,0,0,0,0,"N",-1,-33.3,0,0,0,0,0,0,0,0,0,0,0,0,0,0
"13063","5","3119","76","0","2024","4","N",2,0,0,0,0,0,0,0,"N",0.54,0,0,0,0,0,0,0,"N",0,0.0,0,0,0,0,0,0,0,0,0,0,0,0,0,0
"13063","5","31199","77","0","2024","4","N",2,0,0,0,0,0,0,0,"N",1.14,0,0,0,0,0,0,0,"N",0,0.0,0,0,0,0,0,0,0,0,0,0,0,0,0,0
"13063","5","311991","78","0","2024","4","N",2,0,0,0,0,0,0,0,"N",2.46,0,0,0,0,0,0,0,"N",0,0.0,0,0,0,0,0,0,0,0,0,0,0,0,0,0
"13063","5","312","75","0","2024","4","N",1,0,0,0,0,0,0,0,"N",0.14,0,0,0,0,0,0,0,"N",0,0.0,0,0,0,0,0,0,0,0,0,0,0,0,0,0
"13063","5","3121","76","0","2024","4","N",1,0,0,0,0,0,0,0,"N",0.14,0,0,0,0,0,0,0,"N",0,0.0,0,0,0,0,0,0,0,0,0,0,0,0,0,0
"13063","5","31211","77","0","2024","4","N",1,0,0,0,0,0,0,0,"N",0.85,0,0,0,0,0,0,0,"N",0,0.0,0,0,0,0,0,0,0,0,0,0,0,0,0,0
"13063","5","312111","78","0","2024","4","N",1,0,0,0,0,0,0,0,"N",1.67,0,0,0,0,0,0,0,"N",0,0.0,0,0,0,0,0,0,0,0,0,0,0,0,0,0
"13063","5","313","75","0","2024","4","N",2,0,0,0,0,0,0,0,"N",1.73,0,0,0,0,0,0,0,"N",0,0.0,0,0,0,0,0,0,0,0,0,0,0,0,0,0
"13063","5","3133","76","0","2024","4","N",2,0,0,0,0,0,0,0,"N",3.72,0,0,0,0,0,0,0,"N",0,0.0,0,0,0,0,0,0,0,0,0,0,0,0,0,0
"13063","5","31331","77","0","2024","4","N",2,0,0,0,0,0,0,0,"N",4.45,0,0,0,0,0,0,0,"N",0,0.0,0,0,0,0,0,0,0,0,0,0,0,0,0,0
"13063","5","313310","78","0","2024","4","N",2,0,0,0,0,0,0,0,"N",4.45,0,0,0,0,0,0,0,"N",0,0.0,0,0,0,0,0,0,0,0,0,0,0,0,0,0
"13063","5","314","75","0","2024","4","N",2,0,0,0,0,0,0,0,"N",0.75,0,0,0,0,0,0,0,"N",0,0.0,0,0,0,0,0,0,0,0,0,0,0,0,0,0
"13063","5","3149","76","0","2024","4","N",2,0,0,0,0,0,0,0,"N",0.99,0,0,0,0,0,0,0,"N",0,0.0,0,0,0,0,0,0,0,0,0,0,0,0,0,0
"13063","5","31499","77","0","2024","4","N",2,0,0,0,0,0,0,0,"N",1.51,0,0,0,0,0,0,0,"N",0,0.0,0,0,0,0,0,0,0,0,0,0,0,0,0,0
"13063","5","314999","78","0","2024","4","N",2,0,0,0,0,0,0,0,"N",1.59,0,0,0,0,0,0,0,"N",0,0.0,0,0,0,0,0,0,0,0,0,0,0,0,0,0
"13063","5","315","75","0","2024","4","N",1,0,0,0,0,0,0,0,"N",0.37,0,0,0,0,0,0,0,"N",1,100.0,0,0,0,0,0,0,0,0,0,0,0,0,0,0
"13063","5","3152","76","0","2024","4","N",1,0,0,0,0,0,0,0,"N",0.50,0,0,0,0,0,0,0,"N",1,100.0,0,0,0,0,0,0,0,0,0,0,0,0,0,0
"13063","5","31525","77","0","2024","4","N",1,0,0,0,0,0,0,0,"N",0.93,0,0,0,0,0,0,0,"N",1,100.0,0,0,0,0,0,0,0,0,0,0,0,0,0,0
"13063","5","315250","78","0","2024","4","N",1,0,0,0,0,0,0,0,"N",0.93,0,0,0,0,0,0,0,"N",1,100.0,0,0,0,0,0,0,0,0,0,0,0,0,0,0
"13063","5","321","75","0","2024","4","",7,107,101,107,1391293,61789,73,1019,"",1.02,0.32,0.30,0.31,0.26,0.14,0.02,0.85,"",0,0.0,-10,-8.5,-10,-9.0,-8,-7.0,-143695,-9.4,39149,172.9,52,247.6,-14,-1.4
"13063","5","3212","76","0","2024","4","N",1,0,0,0,0,0,0,0,"N",1.28,0,0,0,0,0,0,0,"N",0,0.0,0,0,0,0,0,0,0,0,0,0,0,0,0,0
"13063","5","32121","77","0","2024","4","N",1,0,0,0,0,0,0,0,"N",1.28,0,0,0,0,0,0,0,"N",0,0.0,0,0,0,0,0,0,0,0,0,0,0,0,0,0
"13063","5","321215","78","0","2024","4","N",1,0,0,0,0,0,0,0,"N",2.04,0,0,0,0,0,0,0,"N",0,0.0,0,0,0,0,0,0,0,0,0,0,0,0,0,0
"13063","5","3219","76","0","2024","4","N",6,0,0,0,0,0,0,0,"N",1.29,0,0,0,0,0,0,0,"N",0,0.0,0,0,0,0,0,0,0,0,0,0,0,0,0,0
"13063","5","32191","77","0","2024","4","N",2,0,0,0,0,0,0,0,"N",1.34,0,0,0,0,0,0,0,"N",0,0.0,0,0,0,0,0,0,0,0,0,0,0,0,0,0
"13063","5","321918","78","0","2024","4","N",2,0,0,0,0,0,0,0,"N",2.75,0,0,0,0,0,0,0,"N",0,0.0,0,0,0,0,0,0,0,0,0,0,0,0,0,0
"13063","5","32192","77","0","2024","4","N",3,0,0,0,0,0,0,0,"N",2.22,0,0,0,0,0,0,0,"N",0,0.0,0,0,0,0,0,0,0,0,0,0,0,0,0,0
"13063","5","321920","78","0","2024","4","N",3,0,0,0,0,0,0,0,"N",2.22,0,0,0,0,0,0,0,"N",0,0.0,0,0,0,0,0,0,0,0,0,0,0,0,0,0
"13063","5","32199","77","0","2024","4","N",1,0,0,0,0,0,0,0,"N",0.55,0,0,0,0,0,0,0,"N",0,0.0,0,0,0,0,0,0,0,0,0,0,0,0,0,0
"13063","5","321999","78","0","2024","4","N",1,0,0,0,0,0,0,0,"N",0.83,0,0,0,0,0,0,0,"N",0,0.0,0,0,0,0,0,0,0,0,0,0,0,0,0,0
"13063","5","322","75","0","2024","4","",5,172,171,168,3644284,85197,655,1646,"",2.05,0.59,0.58,0.57,0.62,0.40,0.32,1.07,"",0,0.0,-1,-0.6,4,2.4,0,0.0,323579,9.7,-13050,-13.3,-666,-50.4,138,9.2
"13063","5","3221","76","0","2024","4","N",1,0,0,0,0,0,0,0,"N",2.58,0,0,0,0,0,0,0,"N",0,0.0,0,0,0,0,0,0,0,0,0,0,0,0,0,0
"13063","5","32212","77","0","2024","4","N",1,0,0,0,0,0,0,0,"N",4.34,0,0,0,0,0,0,0,"N",0,0.0,0,0,0,0,0,0,0,0,0,0,0,0,0,0
"13063","5","322120","78","0","2024","4","N",1,0,0,0,0,0,0,0,"N",4.34,0,0,0,0,0,0,0,"N",0,0.0,0,0,0,0,0,0,0,0,0,0,0,0,0,0
"13063","5","3222","76","0","2024","4","N",4,0,0,0,0,0,0,0,"N",1.95,0,0,0,0,0,0,0,"N",0,0.0,0,0,0,0,0,0,0,0,0,0,0,0,0,0
"13063","5","32221","77","0","2024","4","N",4,0,0,0,0,0,0,0,"N",3.79,0,0,0,0,0,0,0,"N",0,0.0,0,0,0,0,0,0,0,0,0,0,0,0,0,0
"13063","5","322211","78","0","2024","4","",3,141,140,136,2785721,44003,466,1542,"",4.16,1.64,1.61,1.55,1.64,0.67,0.74,1.03,"N",0,0.0,0,0,0,0,0,0,0,0,0,0,0,0,0,0
"13063","5","322219","78","0","2024","4","N",1,0,0,0,0,0,0,0,"N",6.00,0,0,0,0,0,0,0,"N",0,0.0,0,0,0,0,0,0,0,0,0,0,0,0,0,0
"13063","5","323","75","0","2024","4","",14,37,35,35,435173,12030,114,939,"",1.18,0.13,0.12,0.12,0.10,0.04,0.04,0.79,"",-4,-22.2,-4,-9.8,-2,-5.4,-5,-12.5,-4065,-0.9,-20827,-63.4,-265,-69.9,80,9.3
"13063","5","3231","76","0","2024","4","",14,37,35,35,435173,12030,114,939,"",1.18,0.13,0.12,0.12,0.10,0.04,0.04,0.79,"",-4,-22.2,-4,-9.8,-2,-5.4,-5,-12.5,-4065,-0.9,-20827,-63.4,-265,-69.9,80,9.3
"13063","5","32311","77","0","2024","4","",14,37,35,35,435173,12030,114,939,"",1.24,0.13,0.12,0.12,0.10,0.04,0.04,0.79,"N",-3,-17.6,0,0,0,0,0,0,0,0,0,0,0,0,0,0
"13063","5","323111","78","0","2024","4","N",13,0,0,0,0,0,0,0,"N",1.67,0,0,0,0,0,0,0,"N",-3,-18.8,0,0,0,0,0,0,0,0,0,0,0,0,0,0
"13063","5","323113","78","0","2024","4","N",1,0,0,0,0,0,0,0,"N",0.30,0,0,0,0,0,0,0,"N",0,0.0,0,0,0,0,0,0,0,0,0,0,0,0,0,0
"13063","5","324","75","0","2024","4","N",1,0,0,0,0,0,0,0,"N",0.90,0,0,0,0,0,0,0,"N",0,0.0,0,0,0,0,0,0,0,0,0,0,0,0,0,0
"13063","5","3241","76","0","2024","4","N",1,0,0,0,0,0,0,0,"N",0.90,0,0,0,0,0,0,0,"N",0,0.0,0,0,0,0,0,0,0,0,0,0,0,0,0,0
"13063","5","32412","77","0","2024","4","N",1,0,0,0,0,0,0,0,"N",1.71,0,0,0,0,0,0,0,"N",0,0.0,0,0,0,0,0,0,0,0,0,0,0,0,0,0
"13063","5","324121","78","0","2024","4","N",1,0,0,0,0,0,0,0,"N",2.23,0,0,0,0,0,0,0,"N",0,0.0,0,0,0,0,0,0,0,0,0,0,0,0,0,0
"13063","5","325","75","0","2024","4","",11,749,755,761,16479415,276388,2151,1679,"",1.01,1.02,1.02,1.02,0.82,0.59,0.43,0.81,"",-2,-15.4,-8,-1.1,-8,-1.0,-8,-1.0,636707,4.0,-114951,-29.4,-1210,-36.0,82,5.1
"13063","5","3251","76","0","2024","4","N",1,0,0,0,0,0,0,0,"N",0.58,0,0,0,0,0,0,0,"N",0,0.0,0,0,0,0,0,0,0,0,0,0,0,0,0,0
"13063","5","32518","77","0","2024","4","N",1,0,0,0,0,0,0,0,"N",2.28,0,0,0,0,0,0,0,"N",0,0.0,0,0,0,0,0,0,0,0,0,0,0,0,0,0
"13063","5","325180","78","0","2024","4","N",1,0,0,0,0,0,0,0,"N",2.28,0,0,0,0,0,0,0,"N",0,0.0,0,0,0,0,0,0,0,0,0,0,0,0,0,0
"13063","5","3252","76","0","2024","4","N",1,0,0,0,0,0,0,0,"N",1.14,0,0,0,0,0,0,0,"N",0,0.0,0,0,0,0,0,0,0,0,0,0,0,0,0,0
"13063","5","32521","77","0","2024","4","N",1,0,0,0,0,0,0,0,"N",1.29,0,0,0,0,0,0,0,"N",0,0.0,0,0,0,0,0,0,0,0,0,0,0,0,0,0
"13063","5","325211","78","0","2024","4","N",1,0,0,0,0,0,0,0,"N",1.47,0,0,0,0,0,0,0,"N",0,0.0,0,0,0,0,0,0,0,0,0,0,0,0,0,0
"13063","5","3254","76","0","2024","4","N",1,0,0,0,0,0,0,0,"N",0.30,0,0,0,0,0,0,0,"N",0,0.0,0,0,0,0,0,0,0,0,0,0,0,0,0,0
"13063","5","32541","77","0","2024","4","N",1,0,0,0,0,0,0,0,"N",0.30,0,0,0,0,0,0,0,"N",0,0.0,0,0,0,0,0,0,0,0,0,0,0,0,0,0
"13063","5","325412","78","0","2024","4","N",1,0,0,0,0,0,0,0,"N",0.48,0,0,0,0,0,0,0,"N",0,0.0,0,0,0,0,0,0,0,0,0,0,0,0,0,0
"13063","5","3255","76","0","2024","4","N",4,0,0,0,0,0,0,0,"N",3.67,0,0,0,0,0,0,0,"N",-1,-20.0,0,0,0,0,0,0,0,0,0,0,0,0,0,0
"13063","5","32551","77","0","2024","4","N",4,0,0,0,0,0,0,0,"N",5.21,0,0,0,0,0,0,0,"N",-1,-20.0,0,0,0,0,0,0,0,0,0,0,0,0,0,0
"13063","5","325510","78","0","2024","4","N",4,0,0,0,0,0,0,0,"N",5.21,0,0,0,0,0,0,0,"N",-1,-20.0,0,0,0,0,0,0,0,0,0,0,0,0,0,0
"13063","5","3256","76","0","2024","4","N",4,0,0,0,0,0,0,0,"N",2.35,0,0,0,0,0,0,0,"N",-1,-20.0,0,0,0,0,0,0,0,0,0,0,0,0,0,0
"13063","5","32561","77","0","2024","4","N",4,0,0,0,0,0,0,0,"N",4.29,0,0,0,0,0,0,0,"N",-1,-20.0,0,0,0,0,0,0,0,0,0,0,0,0,0,0
"13063","5","325611","78","0","2024","4","N",1,0,0,0,0,0,0,0,"N",2.00,0,0,0,0,0,0,0,"N",0,0.0,0,0,0,0,0,0,0,0,0,0,0,0,0,0
"13063","5","325612","78","0","2024","4","N",3,0,0,0,0,0,0,0,"N",8.20,0,0,0,0,0,0,0,"N",-1,-25.0,0,0,0,0,0,0,0,0,0,0,0,0,0,0
"13063","5","326","75","0","2024","4","",9,590,596,580,10382639,390057,1831,1357,"",1.46,1.00,1.00,0.97,1.03,0.79,0.38,1.04,"",0,0.0,-8,-1.3,-8,-1.3,-18,-3.0,395481,4.0,-283278,-42.1,-7743,-80.9,77,6.0
"13063","5","3261","76","0","2024","4","",5,358,359,349,5862777,193910,921,1269,"",0.96,0.74,0.74,0.72,0.72,0.45,0.22,0.98,"N",-1,-16.7,0,0,0,0,0,0,0,0,0,0,0,0,0,0
"13063","5","32611","77","0","2024","4","N",2,0,0,0,0,0,0,0,"N",2.66,0,0,0,0,0,0,0,"N",-1,-33.3,0,0,0,0,0,0,0,0,0,0,0,0,0,0
"13063","5","326111","78","0","2024","4","N",1,0,0,0,0,0,0,0,"N",4.15,0,0,0,0,0,0,0,"N",0,0.0,0,0,0,0,0,0,0,0,0,0,0,0,0,0
"13063","5","326113","78","0","2024","4","N",1,0,0,0,0,0,0,0,"N",4.27,0,0,0,0,0,0,0,"N",-1,-50.0,0,0,0,0,0,0,0,0,0,0,0,0,0,0
"13063","5","32616","77","0","2024","4","N",1,0,0,0,0,0,0,0,"N",3.97,0,0,0,0,0,0,0,"N",0,0.0,0,0,0,0,0,0,0,0,0,0,0,0,0,0
"13063","5","326160","78","0","2024","4","N",1,0,0,0,0,0,0,0,"N",3.97,0,0,0,0,0,0,0,"N",0,0.0,0,0,0,0,0,0,0,0,0,0,0,0,0,0
"13063","5","32619","77","0","2024","4","N",2,0,0,0,0,0,0,0,"N",0.68,0,0,0,0,0,0,0,"N",0,0.0,0,0,0,0,0,0,0,0,0,0,0,0,0,0
"13063","5","326199","78","0","2024","4","N",2,0,0,0,0,0,0,0,"N",0.72,0,0,0,0,0,0,0,"N",0,0.0,0,0,0,0,0,0,0,0,0,0,0,0,0,0
"13063","5","3262","76","0","2024","4","",4,232,237,231,4519862,196147,910,1490,"",4.34,2.15,2.18,2.12,2.38,3.18,1.53,1.11,"N",1,33.3,0,0,0,0,0,0,0,0,0,0,0,0,0,0
"13063","5","32621","77","0","2024","4","N",3,0,0,0,0,0,0,0,"N",14.72,0,0,0,0,0,0,0,"N",0,0.0,0,0,0,0,0,0,0,0,0,0,0,0,0,0
"13063","5","326212","78","0","2024","4","N",3,0,0,0,0,0,0,0,"N",24.52,0,0,0,0,0,0,0,"N",0,0.0,0,0,0,0,0,0,0,0,0,0,0,0,0,0
"13063","5","32622","77","0","2024","4","N",1,0,0,0,0,0,0,0,"N",4.88,0,0,0,0,0,0,0,"N",1,100.0,0,0,0,0,0,0,0,0,0,0,0,0,0,0
"13063","5","326220","78","0","2024","4","N",1,0,0,0,0,0,0,0,"N",4.88,0,0,0,0,0,0,0,"N",1,100.0,0,0,0,0,0,0,0,0,0,0,0,0,0,0
"13063","5","327","75","0","2024","4","",11,750,754,751,14863591,378590,2282,1521,"",1.47,2.17,2.17,2.16,2.27,1.27,0.55,1.05,"",0,0.0,-14,-1.8,-1,-0.1,-10,-1.3,1973202,15.3,-196649,-34.2,-2377,-51.0,216,16.6
"13063","5","3271","76","0","2024","4","N",3,0,0,0,0,0,0,0,"N",4.74,0,0,0,0,0,0,0,"N",0,0.0,0,0,0,0,0,0,0,0,0,0,0,0,0,0
"13063","5","32711","77","0","2024","4","N",2,0,0,0,0,0,0,0,"N",5.85,0,0,0,0,0,0,0,"N",0,0.0,0,0,0,0,0,0,0,0,0,0,0,0,0,0
"13063","5","327110","78","0","2024","4","N",2,0,0,0,0,0,0,0,"N",5.85,0,0,0,0,0,0,0,"N",0,0.0,0,0,0,0,0,0,0,0,0,0,0,0,0,0
"13063","5","32712","77","0","2024","4","N",1,0,0,0,0,0,0,0,"N",3.44,0,0,0,0,0,0,0,"N",0,0.0,0,0,0,0,0,0,0,0,0,0,0,0,0,0
"13063","5","327120","78","0","2024","4","N",1,0,0,0,0,0,0,0,"N",3.44,0,0,0,0,0,0,0,"N",0,0.0,0,0,0,0,0,0,0,0,0,0,0,0,0,0
"13063","5","3272","76","0","2024","4","N",1,0,0,0,0,0,0,0,"N",1.18,0,0,0,0,0,0,0,"N",0,0.0,0,0,0,0,0,0,0,0,0,0,0,0,0,0
"13063","5","32721","77","0","2024","4","N",1,0,0,0,0,0,0,0,"N",1.18,0,0,0,0,0,0,0,"N",0,0.0,0,0,0,0,0,0,0,0,0,0,0,0,0,0
"13063","5","327215","78","0","2024","4","N",1,0,0,0,0,0,0,0,"N",1.92,0,0,0,0,0,0,0,"N",0,0.0,0,0,0,0,0,0,0,0,0,0,0,0,0,0
"13063","5","3273","76","0","2024","4","",4,266,267,261,4864258,131585,721,1414,"",1.00,1.53,1.53,1.51,1.41,0.86,0.28,0.92,"",0,0.0,-3,-1.1,-6,-2.2,-11,-4.0,-108898,-2.2,-162910,-55.3,-1481,-67.3,4,0.3
"13063","5","32731","77","0","2024","4","N",1,0,0,0,0,0,0,0,"N",5.19,0,0,0,0,0,0,0,"N",0,0.0,0,0,0,0,0,0,0,0,0,0,0,0,0,0
"13063","5","327310","78","0","2024","4","N",1,0,0,0,0,0,0,0,"N",5.19,0,0,0,0,0,0,0,"N",0,0.0,0,0,0,0,0,0,0,0,0,0,0,0,0,0
"13063","5","32732","77","0","2024","4","N",1,0,0,0,0,0,0,0,"N",0.41,0,0,0,0,0,0,0,"N",0,0.0,0,0,0,0,0,0,0,0,0,0,0,0,0,0
"13063","5","327320","78","0","2024","4","N",1,0,0,0,0,0,0,0,"N",0.41,0,0,0,0,0,0,0,"N",0,0.0,0,0,0,0,0,0,0,0,0,0,0,0,0,0
"13063","5","32739","77","0","2024","4","N",2,0,0,0,0,0,0,0,"N",2.23,0,0,0,0,0,0,0,"N",0,0.0,0,0,0,0,0,0,0,0,0,0,0,0,0,0
"13063","5","327390","78","0","2024","4","N",2,0,0,0,0,0,0,0,"N",2.23,0,0,0,0,0,0,0,"N",0,0.0,0,0,0,0,0,0,0,0,0,0,0,0,0,0
"13063","5","3279","76","0","2024","4","N",3,0,0,0,0,0,0,0,"N",1.61,0,0,0,0,0,0,0,"N",0,0.0,0,0,0,0,0,0,0,0,0,0,0,0,0,0
"13063","5","32799","77","0","2024","4","N",3,0,0,0,0,0,0,0,"N",1.76,0,0,0,0,0,0,0,"N",0,0.0,0,0,0,0,0,0,0,0,0,0,0,0,0,0
"13063","5","327991","78","0","2024","4","N",1,0,0,0,0,0,0,0,"N",0.80,0,0,0,0,0,0,0,"N",0,0.0,0,0,0,0,0,0,0,0,0,0,0,0,0,0
"13063","5","327999","78","0","2024","4","N",2,0,0,0,0,0,0,0,"N",8.10,0,0,0,0,0,0,0,"N",0,0.0,0,0,0,0,0,0,0,0,0,0,0,0,0,0
"13063","5","331","75","0","2024","4","N",2,0,0,0,0,0,0,0,"N",0.77,0,0,0,0,0,0,0,"N",0,0.0,0,0,0,0,0,0,0,0,0,0,0,0,0,0
"13063","5","3312","76","0","2024","4","N",1,0,0,0,0,0,0,0,"N",1.67,0,0,0,0,0,0,0,"N",0,0.0,0,0,0,0,0,0,0,0,0,0,0,0,0,0
"13063","5","33122","77","0","2024","4","N",1,0,0,0,0,0,0,0,"N",3.02,0,0,0,0,0,0,0,"N",0,0.0,0,0,0,0,0,0,0,0,0,0,0,0,0,0
"13063","5","331221","78","0","2024","4","N",1,0,0,0,0,0,0,0,"N",4.51,0,0,0,0,0,0,0,"N",0,0.0,0,0,0,0,0,0,0,0,0,0,0,0,0,0
"13063","5","3314","76","0","2024","4","N",1,0,0,0,0,0,0,0,"N",2.09,0,0,0,0,0,0,0,"N",0,0.0,0,0,0,0,0,0,0,0,0,0,0,0,0,0
"13063","5","33149","77","0","2024","4","N",1,0,0,0,0,0,0,0,"N",3.84,0,0,0,0,0,0,0,"N",0,0.0,0,0,0,0,0,0,0,0,0,0,0,0,0,0
"13063","5","331491","78","0","2024","4","N",1,0,0,0,0,0,0,0,"N",6.78,0,0,0,0,0,0,0,"N",0,0.0,0,0,0,0,0,0,0,0,0,0,0,0,0,0
"13063","5","332","75","0","2024","4","",19,211,214,210,4785216,245724,3682,1739,"",0.73,0.18,0.18,0.18,0.21,0.26,0.35,1.21,"",-3,-13.6,-33,-13.5,-30,-12.3,-39,-15.7,-136746,-2.8,-16405,-6.3,-79,-2.1,198,12.8
"13063","5","3323","76","0","2024","4","",8,164,166,163,3943826,164763,1596,1846,"",1.12,0.48,0.48,0.47,0.61,0.52,0.45,1.27,"",0,0.0,-1,-0.6,4,2.5,0,0.0,790060,25.1,16384,11.0,33,2.1,361,24.3
"13063","5","33231","77","0","2024","4","N",1,0,0,0,0,0,0,0,"N",0.32,0,0,0,0,0,0,0,"N",0,0.0,0,0,0,0,0,0,0,0,0,0,0,0,0,0
"13063","5","332312","78","0","2024","4","N",1,0,0,0,0,0,0,0,"N",0.59,0,0,0,0,0,0,0,"N",0,0.0,0,0,0,0,0,0,0,0,0,0,0,0,0,0
"13063","5","33232","77","0","2024","4","N",7,0,0,0,0,0,0,0,"N",1.75,0,0,0,0,0,0,0,"N",0,0.0,0,0,0,0,0,0,0,0,0,0,0,0,0,0
"13063","5","332321","78","0","2024","4","N",1,0,0,0,0,0,0,0,"N",1.50,0,0,0,0,0,0,0,"N",0,0.0,0,0,0,0,0,0,0,0,0,0,0,0,0,0
"13063","5","332322","78","0","2024","4","",4,98,99,98,1533362,119843,1282,1200,"",2.07,1.03,1.03,1.02,0.90,1.29,1.18,0.87,"",0,0.0,13,15.3,16,19.3,14,16.7,162385,11.8,23386,24.2,147,13.0,-55,-4.4
"13063","5","332323","78","0","2024","4","N",2,0,0,0,0,0,0,0,"N",1.42,0,0,0,0,0,0,0,"N",0,0.0,0,0,0,0,0,0,0,0,0,0,0,0,0,0
"13063","5","3324","76","0","2024","4","N",2,0,0,0,0,0,0,0,"N",2.16,0,0,0,0,0,0,0,"N",0,0.0,0,0,0,0,0,0,0,0,0,0,0,0,0,0
"13063","5","33242","77","0","2024","4","N",1,0,0,0,0,0,0,0,"N",2.34,0,0,0,0,0,0,0,"N",0,0.0,0,0,0,0,0,0,0,0,0,0,0,0,0,0
"13063","5","332420","78","0","2024","4","N",1,0,0,0,0,0,0,0,"N",2.34,0,0,0,0,0,0,0,"N",0,0.0,0,0,0,0,0,0,0,0,0,0,0,0,0,0
"13063","5","33243","77","0","2024","4","N",1,0,0,0,0,0,0,0,"N",3.17,0,0,0,0,0,0,0,"N",0,0.0,0,0,0,0,0,0,0,0,0,0,0,0,0,0
"13063","5","332439","78","0","2024","4","N",1,0,0,0,0,0,0,0,"N",4.73,0,0,0,0,0,0,0,"N",0,0.0,0,0,0,0,0,0,0,0,0,0,0,0,0,0
"13063","5","3327","76","0","2024","4","N",2,0,0,0,0,0,0,0,"N",0.22,0,0,0,0,0,0,0,"N",-2,-50.0,0,0,0,0,0,0,0,0,0,0,0,0,0,0
"13063","5","33271","77","0","2024","4","N",2,0,0,0,0,0,0,0,"N",0.25,0,0,0,0,0,0,0,"N",-2,-50.0,0,0,0,0,0,0,0,0,0,0,0,0,0,0
"13063","5","332710","78","0","2024","4","N",2,0,0,0,0,0,0,0,"N",0.25,0,0,0,0,0,0,0,"N",-2,-50.0,0,0,0,0,0,0,0,0,0,0,0,0,0,0
"13063","5","3328","76","0","2024","4","N",2,0,0,0,0,0,0,0,"N",0.76,0,0,0,0,0,0,0,"N",0,0.0,0,0,0,0,0,0,0,0,0,0,0,0,0,0
"13063","5","33281","77","0","2024","4","N",2,0,0,0,0,0,0,0,"N",0.76,0,0,0,0,0,0,0,"N",0,0.0,0,0,0,0,0,0,0,0,0,0,0,0,0,0
"13063","5","332812","78","0","2024","4","N",2,0,0,0,0,0,0,0,"N",1.53,0,0,0,0,0,0,0,"N",0,0.0,0,0,0,0,0,0,0,0,0,0,0,0,0,0
"13063","5","3329","76","0","2024","4","N",5,0,0,0,0,0,0,0,"N",1.29,0,0,0,0,0,0,0,"N",-1,-16.7,0,0,0,0,0,0,0,0,0,0,0,0,0,0
"13063","5","33291","77","0","2024","4","N",2,0,0,0,0,0,0,0,"N",2.37,0,0,0,0,0,0,0,"N",-1,-33.3,0,0,0,0,0,0,0,0,0,0,0,0,0,0
"13063","5","332912","78","0","2024","4","N",2,0,0,0,0,0,0,0,"N",8.15,0,0,0,0,0,0,0,"N",-1,-33.3,0,0,0,0,0,0,0,0,0,0,0,0,0,0
"13063","5","33299","77","0","2024","4","N",3,0,0,0,0,0,0,0,"N",0.99,0,0,0,0,0,0,0,"N",0,0.0,0,0,0,0,0,0,0,0,0,0,0,0,0,0
"13063","5","332991","78","0","2024","4","N",2,0,0,0,0,0,0,0,"N",18.05,0,0,0,0,0,0,0,"N",0,0.0,0,0,0,0,0,0,0,0,0,0,0,0,0,0
"13063","5","332999","78","0","2024","4","N",1,0,0,0,0,0,0,0,"N",0.49,0,0,0,0,0,0,0,"N",0,0.0,0,0,0,0,0,0,0,0,0,0,0,0,0,0
"13063","5","333","75","0","2024","4","",9,314,313,317,6774272,65690,622,1656,"",0.61,0.35,0.34,0.35,0.34,0.11,0.09,0.98,"",0,0.0,-4,-1.3,0,0.0,-3,-0.9,44848,0.7,-65432,-49.9,275,79.3,23,1.4
"13063","5","3331","76","0","2024","4","N",1,0,0,0,0,0,0,0,"N",0.49,0,0,0,0,0,0,0,"N",0,0.0,0,0,0,0,0,0,0,0,0,0,0,0,0,0
"13063","5","33312","77","0","2024","4","N",1,0,0,0,0,0,0,0,"N",2.02,0,0,0,0,0,0,0,"N",0,0.0,0,0,0,0,0,0,0,0,0,0,0,0,0,0
"13063","5","333120","78","0","2024","4","N",1,0,0,0,0,0,0,0,"N",2.02,0,0,0,0,0,0,0,"N",0,0.0,0,0,0,0,0,0,0,0,0,0,0,0,0,0
"13063","5","3333","76","0","2024","4","N",1,0,0,0,0,0,0,0,"N",0.74,0,0,0,0,0,0,0,"N",0,0.0,0,0,0,0,0,0,0,0,0,0,0,0,0,0
"13063","5","33331","77","0","2024","4","N",1,0,0,0,0,0,0,0,"N",0.74,0,0,0,0,0,0,0,"N",0,0.0,0,0,0,0,0,0,0,0,0,0,0,0,0,0
"13063","5","333310","78","0","2024","4","N",1,0,0,0,0,0,0,0,"N",0.74,0,0,0,0,0,0,0,"N",0,0.0,0,0,0,0,0,0,0,0,0,0,0,0,0,0
"13063","5","3334","76","0","2024","4","N",2,0,0,0,0,0,0,0,"N",1.53,0,0,0,0,0,0,0,"N",0,0.0,0,0,0,0,0,0,0,0,0,0,0,0,0,0
"13063","5","33341","77","0","2024","4","N",2,0,0,0,0,0,0,0,"N",1.53,0,0,0,0,0,0,0,"N",0,0.0,0,0,0,0,0,0,0,0,0,0,0,0,0,0
"13063","5","333415","78","0","2024","4","N",2,0,0,0,0,0,0,0,"N",2.95,0,0,0,0,0,0,0,"N",0,0.0,0,0,0,0,0,0,0,0,0,0,0,0,0,0
"13063","5","3336","76","0","2024","4","N",1,0,0,0,0,0,0,0,"N",1.61,0,0,0,0,0,0,0,"N",0,0.0,0,0,0,0,0,0,0,0,0,0,0,0,0,0
"13063","5","33361","77","0","2024","4","N",1,0,0,0,0,0,0,0,"N",1.61,0,0,0,0,0,0,0,"N",0,0.0,0,0,0,0,0,0,0,0,0,0,0,0,0,0
"13063","5","333612","78","0","2024","4","N",1,0,0,0,0,0,0,0,"N",8.29,0,0,0,0,0,0,0,"N",0,0.0,0,0,0,0,0,0,0,0,0,0,0,0,0,0
"13063","5","3339","76","0","2024","4","",4,91,91,91,1177332,24232,469,995,"",1.03,0.39,0.39,0.39,0.24,0.15,0.27,0.60,"",0,0.0,2,2.2,3,3.4,3,3.4,-7521,-0.6,-22523,-48.2,316,206.5,-37,-3.6
"13063","5","33392","77","0","2024","4","N",1,0,0,0,0,0,0,0,"N",0.96,0,0,0,0,0,0,0,"N",0,0.0,0,0,0,0,0,0,0,0,0,0,0,0,0,0
"13063","5","333921","78","0","2024","4","N",1,0,0,0,0,0,0,0,"N",7.67,0,0,0,0,0,0,0,"N",0,0.0,0,0,0,0,0,0,0,0,0,0,0,0,0,0
"13063","5","33399","77","0","2024","4","N",3,0,0,0,0,0,0,0,"N",1.34,0,0,0,0,0,0,0,"N",0,0.0,0,0,0,0,0,0,0,0,0,0,0,0,0,0
"13063","5","333993","78","0","2024","4","N",2,0,0,0,0,0,0,0,"N",4.71,0,0,0,0,0,0,0,"N",0,0.0,0,0,0,0,0,0,0,0,0,0,0,0,0,0
"13063","5","333995","78","0","2024","4","N",1,0,0,0,0,0,0,0,"N",6.06,0,0,0,0,0,0,0,"N",0,0.0,0,0,0,0,0,0,0,0,0,0,0,0,0,0
"13063","5","334","75","0","2024","4","N",2,0,0,0,0,0,0,0,"N",0.18,0,0,0,0,0,0,0,"N",1,100.0,0,0,0,0,0,0,0,0,0,0,0,0,0,0
"13063","5","3344","76","0","2024","4","N",1,0,0,0,0,0,0,0,"N",0.33,0,0,0,0,0,0,0,"N",0,0.0,0,0,0,0,0,0,0,0,0,0,0,0,0,0
"13063","5","33441","77","0","2024","4","N",1,0,0,0,0,0,0,0,"N",0.33,0,0,0,0,0,0,0,"N",0,0.0,0,0,0,0,0,0,0,0,0,0,0,0,0,0
"13063","5","334419","78","0","2024","4","N",1,0,0,0,0,0,0,0,"N",1.20,0,0,0,0,0,0,0,"N",0,0.0,0,0,0,0,0,0,0,0,0,0,0,0,0,0
"13063","5","3345","76","0","2024","4","N",1,0,0,0,0,0,0,0,"N",0.21,0,0,0,0,0,0,0,"N",1,100.0,0,0,0,0,0,0,0,0,0,0,0,0,0,0
"13063","5","33451","77","0","2024","4","N",1,0,0,0,0,0,0,0,"N",0.21,0,0,0,0,0,0,0,"N",1,100.0,0,0,0,0,0,0,0,0,0,0,0,0,0,0
"13063","5","334510","78","0","2024","4","N",1,0,0,0,0,0,0,0,"N",1.06,0,0,0,0,0,0,0,"N",1,100.0,0,0,0,0,0,0,0,0,0,0,0,0,0,0
"13063","5","335","75","0","2024","4","N",1,0,0,0,0,0,0,0,"N",0.22,0,0,0,0,0,0,0,"N",0,0.0,0,0,0,0,0,0,0,0,0,0,0,0,0,0
"13063","5","3359","76","0","2024","4","N",1,0,0,0,0,0,0,0,"N",0.48,0,0,0,0,0,0,0,"N",0,0.0,0,0,0,0,0,0,0,0,0,0,0,0,0,0
"13063","5","33591","77","0","2024","4","N",1,0,0,0,0,0,0,0,"N",2.47,0,0,0,0,0,0,0,"N",0,0.0,0,0,0,0,0,0,0,0,0,0,0,0,0,0
"13063","5","335910","78","0","2024","4","N",1,0,0,0,0,0,0,0,"N",2.47,0,0,0,0,0,0,0,"N",0,0.0,0,0,0,0,0,0,0,0,0,0,0,0,0,0
"13063","5","336","75","0","2024","4","N",7,0,0,0,0,0,0,0,"N",0.87,0,0,0,0,0,0,0,"N",1,16.7,0,0,0,0,0,0,0,0,0,0,0,0,0,0
"13063","5","3362","76","0","2024","4","N",3,0,0,0,0,0,0,0,"N",2.58,0,0,0,0,0,0,0,"N",0,0.0,0,0,0,0,0,0,0,0,0,0,0,0,0,0
"13063","5","33621","77","0","2024","4","N",3,0,0,0,0,0,0,0,"N",2.58,0,0,0,0,0,0,0,"N",0,0.0,0,0,0,0,0,0,0,0,0,0,0,0,0,0
"13063","5","336212","78","0","2024","4","N",2,0,0,0,0,0,0,0,"N",6.21,0,0,0,0,0,0,0,"N",0,0.0,0,0,0,0,0,0,0,0,0,0,0,0,0,0
"13063","5","336214","78","0","2024","4","N",1,0,0,0,0,0,0,0,"N",2.52,0,0,0,0,0,0,0,"N",0,0.0,0,0,0,0,0,0,0,0,0,0,0,0,0,0
"13063","5","3363","76","0","2024","4","N",1,0,0,0,0,0,0,0,"N",0.36,0,0,0,0,0,0,0,"N",0,0.0,0,0,0,0,0,0,0,0,0,0,0,0,0,0
"13063","5","33637","77","0","2024","4","N",1,0,0,0,0,0,0,0,"N",4.13,0,0,0,0,0,0,0,"N",0,0.0,0,0,0,0,0,0,0,0,0,0,0,0,0,0
"13063","5","336370","78","0","2024","4","N",1,0,0,0,0,0,0,0,"N",4.13,0,0,0,0,0,0,0,"N",0,0.0,0,0,0,0,0,0,0,0,0,0,0,0,0,0
"13063","5","3364","76","0","2024","4","N",1,0,0,0,0,0,0,0,"N",0.50,0,0,0,0,0,0,0,"N",0,0.0,0,0,0,0,0,0,0,0,0,0,0,0,0,0
"13063","5","33641","77","0","2024","4","N",1,0,0,0,0,0,0,0,"N",0.50,0,0,0,0,0,0,0,"N",0,0.0,0,0,0,0,0,0,0,0,0,0,0,0,0,0
"13063","5","336412","78","0","2024","4","N",1,0,0,0,0,0,0,0,"N",2.47,0,0,0,0,0,0,0,"N",0,0.0,0,0,0,0,0,0,0,0,0,0,0,0,0,0
"13063","5","3366","76","0","2024","4","N",1,0,0,0,0,0,0,0,"N",1.04,0,0,0,0,0,0,0,"N",1,100.0,0,0,0,0,0,0,0,0,0,0,0,0,0,0
"13063","5","33661","77","0","2024","4","N",1,0,0,0,0,0,0,0,"N",1.04,0,0,0,0,0,0,0,"N",1,100.0,0,0,0,0,0,0,0,0,0,0,0,0,0,0
"13063","5","336612","78","0","2024","4","N",1,0,0,0,0,0,0,0,"N",2.02,0,0,0,0,0,0,0,"N",1,100.0,0,0,0,0,0,0,0,0,0,0,0,0,0,0
"13063","5","3369","76","0","2024","4","N",1,0,0,0,0,0,0,0,"N",1.60,0,0,0,0,0,0,0,"N",0,0.0,0,0,0,0,0,0,0,0,0,0,0,0,0,0
"13063","5","33699","77","0","2024","4","N",1,0,0,0,0,0,0,0,"N",1.60,0,0,0,0,0,0,0,"N",0,0.0,0,0,0,0,0,0,0,0,0,0,0,0,0,0
"13063","5","336999","78","0","2024","4","N",1,0,0,0,0,0,0,0,"N",2.96,0,0,0,0,0,0,0,"N",0,0.0,0,0,0,0,0,0,0,0,0,0,0,0,0,0
"13063","5","337","75","0","2024","4","N",6,0,0,0,0,0,0,0,"N",0.77,0,0,0,0,0,0,0,"N",0,0.0,0,0,0,0,0,0,0,0,0,0,0,0,0,0
"13063","5","3371","76","0","2024","4","N",5,0,0,0,0,0,0,0,"N",0.93,0,0,0,0,0,0,0,"N",0,0.0,0,0,0,0,0,0,0,0,0,0,0,0,0,0
"13063","5","33711","77","0","2024","4","N",3,0,0,0,0,0,0,0,"N",0.89,0,0,0,0,0,0,0,"N",0,0.0,0,0,0,0,0,0,0,0,0,0,0,0,0,0
"13063","5","337110","78","0","2024","4","N",3,0,0,0,0,0,0,0,"N",0.89,0,0,0,0,0,0,0,"N",0,0.0,0,0,0,0,0,0,0,0,0,0,0,0,0,0
"13063","5","33712","77","0","2024","4","N",2,0,0,0,0,0,0,0,"N",1.00,0,0,0,0,0,0,0,"N",0,0.0,0,0,0,0,0,0,0,0,0,0,0,0,0,0
"13063","5","337127","78","0","2024","4","N",2,0,0,0,0,0,0,0,"N",6.28,0,0,0,0,0,0,0,"N",0,0.0,0,0,0,0,0,0,0,0,0,0,0,0,0,0
"13063","5","3372","76","0","2024","4","N",1,0,0,0,0,0,0,0,"N",0.52,0,0,0,0,0,0,0,"N",0,0.0,0,0,0,0,0,0,0,0,0,0,0,0,0,0
"13063","5","33721","77","0","2024","4","N",1,0,0,0,0,0,0,0,"N",0.52,0,0,0,0,0,0,0,"N",0,0.0,0,0,0,0,0,0,0,0,0,0,0,0,0,0
"13063","5","337211","78","0","2024","4","N",1,0,0,0,0,0,0,0,"N",4.20,0,0,0,0,0,0,0,"N",0,0.0,0,0,0,0,0,0,0,0,0,0,0,0,0,0
"13063","5","339","75","0","2024","4","",6,185,183,185,3595686,67086,441,1500,"",0.37,0.37,0.36,0.36,0.36,0.15,0.10,0.99,"",-1,-14.3,9,5.1,7,4.0,10,5.7,380275,11.8,-28106,-29.5,-196,-30.8,92,6.5
"13063","5","3391","76","0","2024","4","N",2,0,0,0,0,0,0,0,"N",0.33,0,0,0,0,0,0,0,"N",0,0.0,0,0,0,0,0,0,0,0,0,0,0,0,0,0
"13063","5","33911","77","0","2024","4","N",2,0,0,0,0,0,0,0,"N",0.33,0,0,0,0,0,0,0,"N",0,0.0,0,0,0,0,0,0,0,0,0,0,0,0,0,0
"13063","5","339116","78","0","2024","4","N",2,0,0,0,0,0,0,0,"N",0.95,0,0,0,0,0,0,0,"N",0,0.0,0,0,0,0,0,0,0,0,0,0,0,0,0,0
"13063","5","3399","76","0","2024","4","N",4,0,0,0,0,0,0,0,"N",0.40,0,0,0,0,0,0,0,"N",-1,-20.0,0,0,0,0,0,0,0,0,0,0,0,0,0,0
"13063","5","33995","77","0","2024","4","",3,89,87,90,2236908,26534,119,1941,"",0.92,1.41,1.37,1.41,2.14,0.42,0.18,1.53,"",0,0.0,7,8.5,4,4.8,7,8.4,328756,17.2,-38106,-59.0,-230,-65.9,165,9.3
"13063","5","339950","78","0","2024","4","",3,89,87,90,2236908,26534,119,1941,"",0.92,1.41,1.37,1.41,2.14,0.42,0.18,1.53,"",0,0.0,7,8.5,4,4.8,7,8.4,328756,17.2,-38106,-59.0,-230,-65.9,165,9.3
"13063","5","33999","77","0","2024","4","N",1,0,0,0,0,0,0,0,"N",0.24,0,0,0,0,0,0,0,"N",-1,-50.0,0,0,0,0,0,0,0,0,0,0,0,0,0,0
"13063","5","339999","78","0","2024","4","N",1,0,0,0,0,0,0,0,"N",0.30,0,0,0,0,0,0,0,"N",-1,-50.0,0,0,0,0,0,0,0,0,0,0,0,0,0,0
"13063","5","42","74","0","2024","4","",265,5386,5473,5542,108275970,7037501,105499,1523,"",0.97,1.07,1.07,1.08,0.85,1.57,2.27,0.79,"N",22,9.1,0,0,0,0,0,0,0,0,0,0,0,0,0,0
"13063","5","423","75","0","2024","4","",130,2589,2635,2664,59039118,3276372,75488,1727,"",0.89,0.92,0.93,0.93,0.81,1.39,3.12,0.88,"",10,8.3,100,4.0,155,6.2,188,7.6,5774961,10.8,880081,36.7,29394,63.8,76,4.6
"13063","5","4231","76","0","2024","4","",28,1047,1108,1134,18447343,1999325,57180,1294,"",2.42,3.40,3.56,3.63,3.08,7.21,20.12,0.87,"",-1,-3.4,102,10.8,183,19.8,223,24.5,2920999,18.8,1039101,108.2,32315,130.0,6,0.5
"13063","5","42311","77","0","2024","4","",8,124,125,129,4279179,130889,2551,2612,"",2.43,1.08,1.08,1.11,1.74,1.30,2.75,1.59,"",-1,-11.1,-18,-12.7,-10,-7.4,-9,-6.5,551569,14.8,-26341,-16.8,-613,-19.4,539,26.0
"13063","5","423110","78","0","2024","4","",8,124,125,129,4279179,130889,2551,2612,"",2.43,1.08,1.08,1.11,1.74,1.30,2.75,1.59,"",-1,-11.1,-18,-12.7,-10,-7.4,-9,-6.5,551569,14.8,-26341,-16.8,-613,-19.4,539,26.0
"13063","5","42312","77","0","2024","4","",16,763,824,842,10738110,1792747,54429,1020,"",2.54,5.20,5.57,5.68,3.96,13.83,37.21,0.72,"",-1,-5.9,114,17.6,191,30.2,224,36.2,2089377,24.2,1063013,145.7,33019,154.2,-30,-2.9
"13063","5","423120","78","0","2024","4","",16,763,824,842,10738110,1792747,54429,1020,"",2.54,5.20,5.57,5.68,3.96,13.83,37.21,0.72,"",-1,-5.9,114,17.6,191,30.2,224,36.2,2089377,24.2,1063013,145.7,33019,154.2,-30,-2.9
"13063","5","42313","77","0","2024","4","N",3,0,0,0,0,0,0,0,"N",2.81,0,0,0,0,0,0,0,"N",1,50.0,0,0,0,0,0,0,0,0,0,0,0,0,0,0
"13063","5","423130","78","0","2024","4","N",3,0,0,0,0,0,0,0,"N",2.81,0,0,0,0,0,0,0,"N",1,50.0,0,0,0,0,0,0,0,0,0,0,0,0,0,0
"13063","5","42314","77","0","2024","4","N",1,0,0,0,0,0,0,0,"N",1.11,0,0,0,0,0,0,0,"N",0,0.0,0,0,0,0,0,0,0,0,0,0,0,0,0,0
"13063","5","423140","78","0","2024","4","N",1,0,0,0,0,0,0,0,"N",1.11,0,0,0,0,0,0,0,"N",0,0.0,0,0,0,0,0,0,0,0,0,0,0,0,0,0
"13063","5","4232","76","0","2024","4","N",6,0,0,0,0,0,0,0,"N",1.05,0,0,0,0,0,0,0,"N",1,20.0,0,0,0,0,0,0,0,0,0,0,0,0,0,0
"13063","5","42321","77","0","2024","4","N",1,0,0,0,0,0,0,0,"N",0.38,0,0,0,0,0,0,0,"N",0,0.0,0,0,0,0,0,0,0,0,0,0,0,0,0,0
"13063","5","423210","78","0","2024","4","N",1,0,0,0,0,0,0,0,"N",0.38,0,0,0,0,0,0,0,"N",0,0.0,0,0,0,0,0,0,0,0,0,0,0,0,0,0
"13063","5","42322","77","0","2024","4","",5,26,26,27,467987,66500,1796,1367,"",1.62,0.52,0.52,0.53,0.46,1.35,3.02,0.87,"",1,25.0,6,30.0,5,23.8,8,42.1,157026,50.5,-8185,-11.0,-220,-10.9,171,14.3
"13063","5","423220","78","0","2024","4","",5,26,26,27,467987,66500,1796,1367,"",1.62,0.52,0.52,0.53,0.46,1.35,3.02,0.87,"",1,25.0,6,30.0,5,23.8,8,42.1,157026,50.5,-8185,-11.0,-220,-10.9,171,14.3
"13063","5","4233","76","0","2024","4","",15,391,391,393,11411827,159567,867,2241,"",1.36,1.79,1.78,1.78,2.44,0.73,0.37,1.37,"",0,0.0,10,2.6,9,2.4,14,3.7,3271740,40.2,-74627,-31.9,-2158,-71.3,596,36.2
"13063","5","42331","77","0","2024","4","",6,242,244,247,8624417,100284,450,2715,"",1.44,2.57,2.57,2.59,4.29,0.97,0.46,1.67,"",-1,-14.3,-21,-8.0,-21,-7.9,-21,-7.8,2739435,46.5,-65728,-39.6,-2173,-82.8,1009,59.1
"13063","5","423310","78","0","2024","4","",6,242,244,247,8624417,100284,450,2715,"",1.44,2.57,2.57,2.59,4.29,0.97,0.46,1.67,"",-1,-14.3,-21,-8.0,-21,-7.9,-21,-7.8,2739435,46.5,-65728,-39.6,-2173,-82.8,1009,59.1
"13063","5","42332","77","0","2024","4","N",3,0,0,0,0,0,0,0,"N",1.07,0,0,0,0,0,0,0,"N",0,0.0,0,0,0,0,0,0,0,0,0,0,0,0,0,0
"13063","5","423320","78","0","2024","4","N",3,0,0,0,0,0,0,0,"N",1.07,0,0,0,0,0,0,0,"N",0,0.0,0,0,0,0,0,0,0,0,0,0,0,0,0,0
"13063","5","42333","77","0","2024","4","",5,85,83,82,1557966,27807,330,1438,"",2.78,2.21,2.15,2.12,1.82,0.91,0.88,0.85,"N",1,25.0,0,0,0,0,0,0,0,0,0,0,0,0,0,0
"13063","5","423330","78","0","2024","4","",5,85,83,82,1557966,27807,330,1438,"",2.78,2.21,2.15,2.12,1.82,0.91,0.88,0.85,"N",1,25.0,0,0,0,0,0,0,0,0,0,0,0,0,0,0
"13063","5","42339","77","0","2024","4","N",1,0,0,0,0,0,0,0,"N",0.44,0,0,0,0,0,0,0,"N",0,0.0,0,0,0,0,0,0,0,0,0,0,0,0,0,0
"13063","5","423390","78","0","2024","4","N",1,0,0,0,0,0,0,0,"N",0.44,0,0,0,0,0,0,0,"N",0,0.0,0,0,0,0,0,0,0,0,0,0,0,0,0,0
"13063","5","4234","76","0","2024","4","",10,49,49,49,970447,43199,550,1523,"",0.32,0.08,0.08,0.08,0.05,0.10,0.11,0.59,"",3,42.9,-3,-5.8,-6,-10.9,-4,-7.5,-35818,-3.6,-52488,-54.9,-1026,-65.1,72,5.0
"13063","5","42341","77","0","2024","4","N",1,0,0,0,0,0,0,0,"N",1.87,0,0,0,0,0,0,0,"N",1,100.0,0,0,0,0,0,0,0,0,0,0,0,0,0,0
"13063","5","423410","78","0","2024","4","N",1,0,0,0,0,0,0,0,"N",1.87,0,0,0,0,0,0,0,"N",1,100.0,0,0,0,0,0,0,0,0,0,0,0,0,0,0
"13063","5","42343","77","0","2024","4","",3,14,14,13,395278,21590,215,2225,"",0.41,0.08,0.07,0.07,0.05,0.18,0.16,0.63,"N",0,0.0,0,0,0,0,0,0,0,0,0,0,0,0,0,0
"13063","5","423430","78","0","2024","4","",3,14,14,13,395278,21590,215,2225,"",0.41,0.08,0.07,0.07,0.05,0.18,0.16,0.63,"N",0,0.0,0,0,0,0,0,0,0,0,0,0,0,0,0,0
"13063","5","42344","77","0","2024","4","N",1,0,0,0,0,0,0,0,"N",0.35,0,0,0,0,0,0,0,"N",0,0.0,0,0,0,0,0,0,0,0,0,0,0,0,0,0
"13063","5","423440","78","0","2024","4","N",1,0,0,0,0,0,0,0,"N",0.35,0,0,0,0,0,0,0,"N",0,0.0,0,0,0,0,0,0,0,0,0,0,0,0,0,0
"13063","5","42345","77","0","2024","4","",4,18,18,19,279147,10720,41,1171,"",0.27,0.07,0.07,0.07,0.03,0.06,0.02,0.48,"",1,33.3,0,0.0,-2,-10.0,0,0.0,-1639,-0.6,-11249,-51.2,-399,-90.7,34,3.0
"13063","5","423450","78","0","2024","4","",4,18,18,19,279147,10720,41,1171,"",0.27,0.07,0.07,0.07,0.03,0.06,0.02,0.48,"",1,33.3,0,0.0,-2,-10.0,0,0.0,-1639,-0.6,-11249,-51.2,-399,-90.7,34,3.0
"13063","5","42349","77","0","2024","4","N",1,0,0,0,0,0,0,0,"N",0.48,0,0,0,0,0,0,0,"N",1,100.0,0,0,0,0,0,0,0,0,0,0,0,0,0,0
"13063","5","423490","78","0","2024","4","N",1,0,0,0,0,0,0,0,"N",0.48,0,0,0,0,0,0,0,"N",1,100.0,0,0,0,0,0,0,0,0,0,0,0,0,0,0
"13063","5","4235","76","0","2024","4","N",2,0,0,0,0,0,0,0,"N",0.41,0,0,0,0,0,0,0,"N",1,100.0,0,0,0,0,0,0,0,0,0,0,0,0,0,0
"13063","5","42351","77","0","2024","4","N",2,0,0,0,0,0,0,0,"N",0.42,0,0,0,0,0,0,0,"N",1,100.0,0,0,0,0,0,0,0,0,0,0,0,0,0,0
"13063","5","423510","78","0","2024","4","N",2,0,0,0,0,0,0,0,"N",0.42,0,0,0,0,0,0,0,"N",1,100.0,0,0,0,0,0,0,0,0,0,0,0,0,0,0
"13063","5","4236","76","0","2024","4","",14,191,191,191,4422773,118972,1177,1781,"",0.83,0.61,0.61,0.61,0.50,0.51,0.49,0.82,"",2,16.7,-9,-4.5,-7,-3.5,-4,-2.1,229848,5.5,37022,45.2,685,139.2,149,9.1
"13063","5","42361","77","0","2024","4","",10,73,73,74,1996874,62201,1121,2095,"",1.21,0.44,0.44,0.44,0.47,0.47,0.88,1.06,"",1,11.1,2,2.8,3,4.3,5,7.2,26309,1.3,26324,73.4,881,367.1,-70,-3.2
"13063","5","423610","78","0","2024","4","",10,73,73,74,1996874,62201,1121,2095,"",1.21,0.44,0.44,0.44,0.47,0.47,0.88,1.06,"",1,11.1,2,2.8,3,4.3,5,7.2,26309,1.3,26324,73.4,881,367.1,-70,-3.2
"13063","5","42362","77","0","2024","4","N",3,0,0,0,0,0,0,0,"N",1.45,0,0,0,0,0,0,0,"N",1,50.0,0,0,0,0,0,0,0,0,0,0,0,0,0,0
"13063","5","423620","78","0","2024","4","N",3,0,0,0,0,0,0,0,"N",1.45,0,0,0,0,0,0,0,"N",1,50.0,0,0,0,0,0,0,0,0,0,0,0,0,0,0
"13063","5","42369","77","0","2024","4","N",1,0,0,0,0,0,0,0,"N",0.15,0,0,0,0,0,0,0,"N",0,0.0,0,0,0,0,0,0,0,0,0,0,0,0,0,0
"13063","5","423690","78","0","2024","4","N",1,0,0,0,0,0,0,0,"N",0.15,0,0,0,0,0,0,0,"N",0,0.0,0,0,0,0,0,0,0,0,0,0,0,0,0,0
"13063","5","4237","76","0","2024","4","",14,276,265,261,4174209,352642,6463,1201,"",1.17,1.06,1.01,0.99,0.66,1.51,3.04,0.65,"",1,7.7,-27,-8.9,-41,-13.4,-53,-16.9,-428453,-9.3,-39781,-10.1,-1003,-13.4,50,4.3
"13063","5","42371","77","0","2024","4","N",3,0,0,0,0,0,0,0,"N",0.85,0,0,0,0,0,0,0,"N",0,0.0,0,0,0,0,0,0,0,0,0,0,0,0,0,0
"13063","5","423710","78","0","2024","4","N",3,0,0,0,0,0,0,0,"N",0.85,0,0,0,0,0,0,0,"N",0,0.0,0,0,0,0,0,0,0,0,0,0,0,0,0,0
"13063","5","42372","77","0","2024","4","N",3,0,0,0,0,0,0,0,"N",0.66,0,0,0,0,0,0,0,"N",1,50.0,0,0,0,0,0,0,0,0,0,0,0,0,0,0
"13063","5","423720","78","0","2024","4","N",3,0,0,0,0,0,0,0,"N",0.66,0,0,0,0,0,0,0,"N",1,50.0,0,0,0,0,0,0,0,0,0,0,0,0,0,0
"13063","5","42373","77","0","2024","4","",7,52,53,54,861331,19176,98,1250,"",2.23,0.74,0.75,0.76,0.44,0.33,0.18,0.58,"",0,0.0,6,13.0,7,15.2,7,14.9,100236,13.2,4200,28.0,21,27.3,-14,-1.1
"13063","5","423730","78","0","2024","4","",7,52,53,54,861331,19176,98,1250,"",2.23,0.74,0.75,0.76,0.44,0.33,0.18,0.58,"",0,0.0,6,13.0,7,15.2,7,14.9,100236,13.2,4200,28.0,21,27.3,-14,-1.1
"13063","5","42374","77","0","2024","4","N",1,0,0,0,0,0,0,0,"N",1.37,0,0,0,0,0,0,0,"N",0,0.0,0,0,0,0,0,0,0,0,0,0,0,0,0,0
"13063","5","423740","78","0","2024","4","N",1,0,0,0,0,0,0,0,"N",1.37,0,0,0,0,0,0,0,"N",0,0.0,0,0,0,0,0,0,0,0,0,0,0,0,0,0
"13063","5","4238","76","0","2024","4","",30,470,471,469,16207215,274933,2048,2653,"",0.90,0.73,0.73,0.72,1.02,0.54,0.44,1.40,"",1,3.4,-26,-5.2,-29,-5.8,-33,-6.6,-1074590,-6.2,-94948,-25.7,-376,-15.5,-9,-0.3
"13063","5","42381","77","0","2024","4","",4,126,127,131,4302280,105489,482,2586,"",1.56,1.40,1.40,1.43,1.92,1.47,0.73,1.36,"",0,0.0,-14,-10.0,-13,-9.3,-11,-7.7,-474074,-9.9,-13166,-11.1,-149,-23.6,-26,-1.0
"13063","5","423810","78","0","2024","4","",4,126,127,131,4302280,105489,482,2586,"",1.56,1.40,1.40,1.43,1.92,1.47,0.73,1.36,"",0,0.0,-14,-10.0,-13,-9.3,-11,-7.7,-474074,-9.9,-13166,-11.1,-149,-23.6,-26,-1.0
"13063","5","42382","77","0","2024","4","N",1,0,0,0,0,0,0,0,"N",0.25,0,0,0,0,0,0,0,"N",0,0.0,0,0,0,0,0,0,0,0,0,0,0,0,0,0
"13063","5","423820","78","0","2024","4","N",1,0,0,0,0,0,0,0,"N",0.25,0,0,0,0,0,0,0,"N",0,0.0,0,0,0,0,0,0,0,0,0,0,0,0,0,0
"13063","5","42383","77","0","2024","4","",11,132,132,128,2984535,65601,333,1757,"",0.69,0.46,0.46,0.44,0.41,0.31,0.17,0.90,"",0,0.0,-13,-9.0,-18,-12.0,-21,-14.1,-117114,-3.8,-86956,-57.0,-813,-70.9,145,9.0
"13063","5","423830","78","0","2024","4","",11,132,132,128,2984535,65601,333,1757,"",0.69,0.46,0.46,0.44,0.41,0.31,0.17,0.90,"",0,0.0,-13,-9.0,-18,-12.0,-21,-14.1,-117114,-3.8,-86956,-57.0,-813,-70.9,145,9.0
"13063","5","42384","77","0","2024","4","",5,69,68,67,5160514,20777,59,5838,"",0.86,0.78,0.76,0.74,2.29,0.27,0.08,3.01,"",0,0.0,1,1.5,0,0.0,1,1.5,3149252,156.6,-1221,-5.6,-20,-25.3,3540,154.0
"13063","5","423840","78","0","2024","4","",5,69,68,67,5160514,20777,59,5838,"",0.86,0.78,0.76,0.74,2.29,0.27,0.08,3.01,"",0,0.0,1,1.5,0,0.0,1,1.5,3149252,156.6,-1221,-5.6,-20,-25.3,3540,154.0
"13063","5","42385","77","0","2024","4","N",3,0,0,0,0,0,0,0,"N",1.04,0,0,0,0,0,0,0,"N",1,50.0,0,0,0,0,0,0,0,0,0,0,0,0,0,0
"13063","5","423850","78","0","2024","4","N",3,0,0,0,0,0,0,0,"N",1.04,0,0,0,0,0,0,0,"N",1,50.0,0,0,0,0,0,0,0,0,0,0,0,0,0,0
"13063","5","42386","77","0","2024","4","",6,88,89,91,2973083,48135,423,2560,"",2.88,2.61,2.60,2.64,3.08,1.95,1.59,1.18,"",0,0.0,1,1.1,1,1.1,0,0.0,-3572923,-54.6,16980,54.5,305,258.5,-3119,-54.9
"13063","5","423860","78","0","2024","4","",6,88,89,91,2973083,48135,423,2560,"",2.88,2.61,2.60,2.64,3.08,1.95,1.59,1.18,"",0,0.0,1,1.1,1,1.1,0,0.0,-3572923,-54.6,16980,54.5,305,258.5,-3119,-54.9
"13063","5","4239","76","0","2024","4","",11,134,129,135,2871913,261234,5407,1665,"",0.59,0.51,0.48,0.50,0.53,1.01,1.92,1.06,"",2,22.2,46,52.3,42,48.3,38,39.2,749405,35.3,74205,39.7,1184,28.0,-136,-7.6
"13063","5","42391","77","0","2024","4","N",1,0,0,0,0,0,0,0,"N",0.26,0,0,0,0,0,0,0,"N",1,100.0,0,0,0,0,0,0,0,0,0,0,0,0,0,0
"13063","5","423910","78","0","2024","4","N",1,0,0,0,0,0,0,0,"N",0.26,0,0,0,0,0,0,0,"N",1,100.0,0,0,0,0,0,0,0,0,0,0,0,0,0,0
"13063","5","42392","77","0","2024","4","N",1,0,0,0,0,0,0,0,"N",0.73,0,0,0,0,0,0,0,"N",0,0.0,0,0,0,0,0,0,0,0,0,0,0,0,0,0
"13063","5","423920","78","0","2024","4","N",1,0,0,0,0,0,0,0,"N",0.73,0,0,0,0,0,0,0,"N",0,0.0,0,0,0,0,0,0,0,0,0,0,0,0,0,0
"13063","5","42393","77","0","2024","4","",5,68,59,59,991919,78736,1739,1231,"",1.47,0.82,0.70,0.70,0.66,0.99,2.27,0.90,"",1,25.0,13,23.6,5,9.3,6,11.3,10144,1.0,-69572,-46.9,-2212,-56.0,-168,-12.0
"13063","5","423930","78","0","2024","4","",5,68,59,59,991919,78736,1739,1231,"",1.47,0.82,0.70,0.70,0.66,0.99,2.27,0.90,"",1,25.0,13,23.6,5,9.3,6,11.3,10144,1.0,-69572,-46.9,-2212,-56.0,-168,-12.0
"13063","5","42399","77","0","2024","4","",4,34,37,41,1347070,167529,3655,2776,"",0.58,0.44,0.48,0.53,0.79,2.16,4.12,1.65,"N",0,0.0,0,0,0,0,0,0,0,0,0,0,0,0,0,0
"13063","5","423990","78","0","2024","4","",4,34,37,41,1347070,167529,3655,2776,"",0.58,0.44,0.48,0.53,0.79,2.16,4.12,1.65,"N",0,0.0,0,0,0,0,0,0,0,0,0,0,0,0,0,0
"13063","5","424","75","0","2024","4","",100,2476,2517,2558,43723818,3543656,28509,1336,"",1.28,1.36,1.37,1.39,1.06,1.99,1.56,0.78,"",15,17.6,36,1.5,88,3.6,75,3.0,-690033,-1.6,734285,26.1,3380,13.5,-58,-4.2
"13063","5","4241","76","0","2024","4","N",3,0,0,0,0,0,0,0,"N",0.73,0,0,0,0,0,0,0,"N",0,0.0,0,0,0,0,0,0,0,0,0,0,0,0,0,0
"13063","5","42413","77","0","2024","4","N",3,0,0,0,0,0,0,0,"N",1.41,0,0,0,0,0,0,0,"N",1,50.0,0,0,0,0,0,0,0,0,0,0,0,0,0,0
"13063","5","424130","78","0","2024","4","N",3,0,0,0,0,0,0,0,"N",1.41,0,0,0,0,0,0,0,"N",1,50.0,0,0,0,0,0,0,0,0,0,0,0,0,0,0
"13063","5","4242","76","0","2024","4","",8,189,194,193,9448854,43804,160,3786,"",0.82,0.89,0.90,0.88,1.21,0.27,0.08,1.36,"",3,60.0,13,7.4,18,10.2,19,10.9,854382,9.9,-42709,-49.4,-191,-54.4,15,0.4
"13063","5","42421","77","0","2024","4","",8,189,194,193,9448854,43804,160,3786,"",0.82,0.89,0.90,0.88,1.21,0.27,0.08,1.36,"",3,60.0,13,7.4,18,10.2,19,10.9,854382,9.9,-42709,-49.4,-191,-54.4,15,0.4
"13063","5","424210","78","0","2024","4","",8,189,194,193,9448854,43804,160,3786,"",0.82,0.89,0.90,0.88,1.21,0.27,0.08,1.36,"",3,60.0,13,7.4,18,10.2,19,10.9,854382,9.9,-42709,-49.4,-191,-54.4,15,0.4
"13063","5","4243","76","0","2024","4","",4,247,247,253,2853045,283276,527,881,"",0.56,2.16,2.13,2.17,1.12,2.47,0.36,0.52,"",0,0.0,38,18.2,40,19.3,43,20.5,771871,37.1,82357,41.0,-792,-60.0,114,14.9
"13063","5","42431","77","0","2024","4","N",3,0,0,0,0,0,0,0,"N",1.86,0,0,0,0,0,0,0,"N",0,0.0,0,0,0,0,0,0,0,0,0,0,0,0,0,0
"13063","5","424310","78","0","2024","4","N",3,0,0,0,0,0,0,0,"N",1.86,0,0,0,0,0,0,0,"N",0,0.0,0,0,0,0,0,0,0,0,0,0,0,0,0,0
"13063","5","42435","77","0","2024","4","N",1,0,0,0,0,0,0,0,"N",0.21,0,0,0,0,0,0,0,"N",0,0.0,0,0,0,0,0,0,0,0,0,0,0,0,0,0
"13063","5","424350","78","0","2024","4","N",1,0,0,0,0,0,0,0,"N",0.21,0,0,0,0,0,0,0,"N",0,0.0,0,0,0,0,0,0,0,0,0,0,0,0,0,0
"13063","5","4244","76","0","2024","4","",60,1694,1749,1782,25824858,2894999,25082,1141,"",2.81,2.48,2.53,2.57,1.96,3.91,3.28,0.78,"",9,17.6,10,0.6,58,3.4,34,1.9,-2261329,-8.1,657630,29.4,3784,17.8,-124,-9.8
"13063","5","42441","77","0","2024","4","",16,529,584,539,7964984,712507,6294,1113,"",4.18,2.48,2.71,2.49,1.96,3.06,2.66,0.77,"",2,14.3,19,3.7,61,11.7,-38,-6.6,444168,5.9,-188338,-20.9,-908,-12.6,35,3.2
"13063","5","424410","78","0","2024","4","",16,529,584,539,7964984,712507,6294,1113,"",4.18,2.48,2.71,2.49,1.96,3.06,2.66,0.77,"",2,14.3,19,3.7,61,11.7,-38,-6.6,444168,5.9,-188338,-20.9,-908,-12.6,35,3.2
"13063","5","42442","77","0","2024","4","N",2,0,0,0,0,0,0,0,"N",1.67,0,0,0,0,0,0,0,"N",2,100.0,0,0,0,0,0,0,0,0,0,0,0,0,0,0
"13063","5","424420","78","0","2024","4","N",2,0,0,0,0,0,0,0,"N",1.67,0,0,0,0,0,0,0,"N",2,100.0,0,0,0,0,0,0,0,0,0,0,0,0,0,0
"13063","5","42443","77","0","2024","4","N",2,0,0,0,0,0,0,0,"N",1.80,0,0,0,0,0,0,0,"N",0,0.0,0,0,0,0,0,0,0,0,0,0,0,0,0,0
"13063","5","424430","78","0","2024","4","N",2,0,0,0,0,0,0,0,"N",1.80,0,0,0,0,0,0,0,"N",0,0.0,0,0,0,0,0,0,0,0,0,0,0,0,0,0
"13063","5","42444","77","0","2024","4","N",3,0,0,0,0,0,0,0,"N",9.22,0,0,0,0,0,0,0,"N",0,0.0,0,0,0,0,0,0,0,0,0,0,0,0,0,0
"13063","5","424440","78","0","2024","4","N",3,0,0,0,0,0,0,0,"N",9.22,0,0,0,0,0,0,0,"N",0,0.0,0,0,0,0,0,0,0,0,0,0,0,0,0,0
"13063","5","42447","77","0","2024","4","N",2,0,0,0,0,0,0,0,"N",1.50,0,0,0,0,0,0,0,"N",1,100.0,0,0,0,0,0,0,0,0,0,0,0,0,0,0
"13063","5","424470","78","0","2024","4","N",2,0,0,0,0,0,0,0,"N",1.50,0,0,0,0,0,0,0,"N",1,100.0,0,0,0,0,0,0,0,0,0,0,0,0,0,0
"13063","5","42448","77","0","2024","4","",30,890,893,891,14015384,1695259,11032,1210,"",13.20,10.95,10.93,10.91,9.63,16.46,9.66,0.88,"",1,3.4,-34,-3.7,-19,-2.1,-16,-1.8,-3079839,-18.0,752575,79.8,2457,28.7,-228,-15.9
"13063","5","424480","78","0","2024","4","",30,890,893,891,14015384,1695259,11032,1210,"",13.20,10.95,10.93,10.91,9.63,16.46,9.66,0.88,"",1,3.4,-34,-3.7,-19,-2.1,-16,-1.8,-3079839,-18.0,752575,79.8,2457,28.7,-228,-15.9
"13063","5","42449","77","0","2024","4","N",5,0,0,0,0,0,0,0,"N",0.60,0,0,0,0,0,0,0,"N",3,150.0,0,0,0,0,0,0,0,0,0,0,0,0,0,0
"13063","5","424490","78","0","2024","4","N",5,0,0,0,0,0,0,0,"N",0.60,0,0,0,0,0,0,0,"N",3,150.0,0,0,0,0,0,0,0,0,0,0,0,0,0,0
"13063","5","4246","76","0","2024","4","",8,109,103,102,2251745,100962,1016,1655,"",1.00,0.87,0.81,0.80,0.66,1.14,1.18,0.80,"",0,0.0,4,3.8,3,3.0,4,4.1,122354,5.7,57205,130.7,481,89.9,33,2.0
"13063","5","42461","77","0","2024","4","N",1,0,0,0,0,0,0,0,"N",0.53,0,0,0,0,0,0,0,"N",0,0.0,0,0,0,0,0,0,0,0,0,0,0,0,0,0
"13063","5","424610","78","0","2024","4","N",1,0,0,0,0,0,0,0,"N",0.53,0,0,0,0,0,0,0,"N",0,0.0,0,0,0,0,0,0,0,0,0,0,0,0,0,0
"13063","5","42469","77","0","2024","4","N",7,0,0,0,0,0,0,0,"N",1.15,0,0,0,0,0,0,0,"N",0,0.0,0,0,0,0,0,0,0,0,0,0,0,0,0,0
"13063","5","424690","78","0","2024","4","N",7,0,0,0,0,0,0,0,"N",1.15,0,0,0,0,0,0,0,"N",0,0.0,0,0,0,0,0,0,0,0,0,0,0,0,0,0
"13063","5","4247","76","0","2024","4","N",1,0,0,0,0,0,0,0,"N",0.28,0,0,0,0,0,0,0,"N",0,0.0,0,0,0,0,0,0,0,0,0,0,0,0,0,0
"13063","5","42472","77","0","2024","4","N",1,0,0,0,0,0,0,0,"N",0.41,0,0,0,0,0,0,0,"N",0,0.0,0,0,0,0,0,0,0,0,0,0,0,0,0,0
"13063","5","424720","78","0","2024","4","N",1,0,0,0,0,0,0,0,"N",0.41,0,0,0,0,0,0,0,"N",0,0.0,0,0,0,0,0,0,0,0,0,0,0,0,0,0
"13063","5","4248","76","0","2024","4","N",1,0,0,0,0,0,0,0,"N",0.24,0,0,0,0,0,0,0,"N",0,0.0,0,0,0,0,0,0,0,0,0,0,0,0,0,0
"13063","5","42481","77","0","2024","4","N",1,0,0,0,0,0,0,0,"N",0.79,0,0,0,0,0,0,0,"N",0,0.0,0,0,0,0,0,0,0,0,0,0,0,0,0,0
"13063","5","424810","78","0","2024","4","N",1,0,0,0,0,0,0,0,"N",0.79,0,0,0,0,0,0,0,"N",0,0.0,0,0,0,0,0,0,0,0,0,0,0,0,0,0
"13063","5","4249","76","0","2024","4","",15,214,203,206,2940106,196722,1442,1089,"",0.90,0.80,0.75,0.77,0.57,0.69,0.49,0.73,"",3,25.0,-9,-4.0,-10,-4.7,-5,-2.4,88055,3.1,-15039,-7.1,269,22.9,72,7.1
"13063","5","42491","77","0","2024","4","",3,32,33,31,740541,9064,88,1780,"",0.54,0.33,0.34,0.32,0.35,0.08,0.10,1.07,"",0,0.0,3,10.3,3,10.0,2,6.9,66045,9.8,-7588,-45.6,-30,-25.4,11,0.6
"13063","5","424910","78","0","2024","4","",3,32,33,31,740541,9064,88,1780,"",0.54,0.33,0.34,0.32,0.35,0.08,0.10,1.07,"",0,0.0,3,10.3,3,10.0,2,6.9,66045,9.8,-7588,-45.6,-30,-25.4,11,0.6
"13063","5","42493","77","0","2024","4","N",1,0,0,0,0,0,0,0,"N",0.61,0,0,0,0,0,0,0,"N",0,0.0,0,0,0,0,0,0,0,0,0,0,0,0,0,0
"13063","5","424930","78","0","2024","4","N",1,0,0,0,0,0,0,0,"N",0.61,0,0,0,0,0,0,0,"N",0,0.0,0,0,0,0,0,0,0,0,0,0,0,0,0,0
"13063","5","42494","77","0","2024","4","N",2,0,0,0,0,0,0,0,"N",1.95,0,0,0,0,0,0,0,"N",0,0.0,0,0,0,0,0,0,0,0,0,0,0,0,0,0
"13063","5","424940","78","0","2024","4","N",2,0,0,0,0,0,0,0,"N",1.95,0,0,0,0,0,0,0,"N",0,0.0,0,0,0,0,0,0,0,0,0,0,0,0,0,0
"13063","5","42495","77","0","2024","4","N",5,0,0,0,0,0,0,0,"N",4.12,0,0,0,0,0,0,0,"N",3,150.0,0,0,0,0,0,0,0,0,0,0,0,0,0,0
"13063","5","424950","78","0","2024","4","N",5,0,0,0,0,0,0,0,"N",4.12,0,0,0,0,0,0,0,"N",3,150.0,0,0,0,0,0,0,0,0,0,0,0,0,0,0
"13063","5","42499","77","0","2024","4","",4,16,15,15,169352,34196,159,850,"",0.62,0.23,0.22,0.21,0.12,0.48,0.18,0.55,"",0,0.0,-5,-23.8,-5,-25.0,-3,-16.7,8428,5.2,-7482,-18.0,-39,-19.7,221,35.1
"13063","5","424990","78","0","2024","4","",4,16,15,15,169352,34196,159,850,"",0.62,0.23,0.22,0.21,0.12,0.48,0.18,0.55,"",0,0.0,-5,-23.8,-5,-25.0,-3,-16.7,8428,5.2,-7482,-18.0,-39,-19.7,221,35.1
"13063","5","425","75","0","2024","4","",35,321,321,320,5513034,217473,1502,1322,"",0.71,0.79,0.78,0.77,0.42,0.64,0.39,0.53,"N",-3,-7.9,0,0,0,0,0,0,0,0,0,0,0,0,0,0
"13063","5","4251","76","0","2024","4","",35,321,321,320,5513034,217473,1502,1322,"",0.71,0.79,0.78,0.77,0.42,0.64,0.39,0.53,"N",-3,-7.9,0,0,0,0,0,0,0,0,0,0,0,0,0,0
"13063","5","42512","77","0","2024","4","",35,321,321,320,5513034,217473,1502,1322,"",0.71,0.79,0.78,0.77,0.42,0.64,0.39,0.53,"N",-3,-7.9,0,0,0,0,0,0,0,0,0,0,0,0,0,0
"13063","5","425120","78","0","2024","4","",35,321,321,320,5513034,217473,1502,1322,"",0.71,0.79,0.78,0.77,0.42,0.64,0.39,0.53,"N",-3,-7.9,0,0,0,0,0,0,0,0,0,0,0,0,0,0
"13063","5","44-45","74","0","2024","4","",820,11403,11348,11387,113638822,12819649,115524,768,"",1.80,0.89,0.86,0.86,0.85,0.85,0.90,0.97,"",41,5.3,-517,-4.3,-804,-6.6,-725,-6.0,-5140460,-4.3,-1466816,-10.3,5199,4.7,10,1.3
"13063","5","441","75","0","2024","4","",122,2083,2072,2058,32899091,2543080,21843,1222,"",2.30,1.23,1.22,1.21,1.14,1.30,1.19,0.93,"",-1,-0.8,64,3.2,59,2.9,56,2.8,-3513680,-9.6,389055,18.1,-1353,-5.8,-171,-12.3
"13063","5","4411","76","0","2024","4","",43,1091,1090,1084,17887966,1574945,14007,1264,"",2.14,1.03,1.02,1.01,0.85,1.32,1.16,0.83,"",1,2.4,52,5.0,49,4.7,46,4.4,-3430371,-16.1,375305,31.3,285,2.1,-314,-19.9
"13063","5","44111","77","0","2024","4","",15,936,936,932,16136453,1478590,13700,1328,"",1.65,1.01,1.00,1.00,0.86,1.44,1.35,0.85,"",2,15.4,60,6.8,57,6.5,56,6.4,-3494049,-17.8,409516,38.3,1473,12.0,-394,-22.9
"13063","5","441110","78","0","2024","4","",15,936,936,932,16136453,1478590,13700,1328,"",1.65,1.01,1.00,1.00,0.86,1.44,1.35,0.85,"",2,15.4,60,6.8,57,6.5,56,6.4,-3494049,-17.8,409516,38.3,1473,12.0,-394,-22.9
"13063","5","44112","77","0","2024","4","",28,155,154,152,1751513,96355,307,877,"",2.54,1.13,1.11,1.10,0.76,0.60,0.16,0.68,"",-1,-3.4,-8,-4.9,-8,-4.9,-10,-6.2,63678,3.8,-34211,-26.2,-1188,-79.5,77,9.6
"13063","5","441120","78","0","2024","4","",28,155,154,152,1751513,96355,307,877,"",2.54,1.13,1.11,1.10,0.76,0.60,0.16,0.68,"",-1,-3.4,-8,-4.9,-8,-4.9,-10,-6.2,63678,3.8,-34211,-26.2,-1188,-79.5,77,9.6
"13063","5","4412","76","0","2024","4","",5,64,62,61,906331,70559,917,1118,"",0.76,0.46,0.45,0.45,0.42,0.45,0.53,0.92,"",0,0.0,-2,-3.0,-3,-4.6,0,0.0,-131361,-12.7,-19744,-21.9,19,2.1,-129,-10.3
"13063","5","44121","77","0","2024","4","N",1,0,0,0,0,0,0,0,"N",0.75,0,0,0,0,0,0,0,"N",0,0.0,0,0,0,0,0,0,0,0,0,0,0,0,0,0
"13063","5","441210","78","0","2024","4","N",1,0,0,0,0,0,0,0,"N",0.75,0,0,0,0,0,0,0,"N",0,0.0,0,0,0,0,0,0,0,0,0,0,0,0,0,0
"13063","5","44122","77","0","2024","4","N",4,0,0,0,0,0,0,0,"N",0.77,0,0,0,0,0,0,0,"N",0,0.0,0,0,0,0,0,0,0,0,0,0,0,0,0,0
"13063","5","441227","78","0","2024","4","N",4,0,0,0,0,0,0,0,"N",1.21,0,0,0,0,0,0,0,"N",0,0.0,0,0,0,0,0,0,0,0,0,0,0,0,0,0
"13063","5","4413","76","0","2024","4","",74,928,920,913,14104794,897576,6919,1179,"",2.80,1.90,1.86,1.84,2.53,1.48,1.49,1.35,"",-2,-2.6,14,1.5,13,1.4,10,1.1,48052,0.3,33494,3.9,-1657,-19.3,-12,-1.0
"13063","5","44133","77","0","2024","4","",46,655,646,634,9515348,565055,4472,1135,"",2.62,1.99,1.94,1.90,2.83,1.46,1.58,1.45,"",-1,-2.1,9,1.4,3,0.5,-2,-0.3,-110042,-1.1,6136,1.1,-1297,-22.5,-19,-1.6
"13063","5","441330","78","0","2024","4","",46,655,646,634,9515348,565055,4472,1135,"",2.62,1.99,1.94,1.90,2.83,1.46,1.58,1.45,"",-1,-2.1,9,1.4,3,0.5,-2,-0.3,-110042,-1.1,6136,1.1,-1297,-22.5,-19,-1.6
"13063","5","44134","77","0","2024","4","",28,273,274,279,4589446,332521,2447,1282,"",3.17,1.71,1.69,1.71,2.07,1.49,1.36,1.21,"",-1,-3.4,5,1.9,10,3.8,12,4.5,158094,3.6,27358,9.0,-360,-12.8,2,0.2
"13063","5","441340","78","0","2024","4","",28,273,274,279,4589446,332521,2447,1282,"",3.17,1.71,1.69,1.71,2.07,1.49,1.36,1.21,"",-1,-3.4,5,1.9,10,3.8,12,4.5,158094,3.6,27358,9.0,-360,-12.8,2,0.2
"13063","5","444","75","0","2024","4","",25,1163,1103,1120,12920919,571546,8829,881,"",0.81,1.04,0.98,0.99,1.04,0.47,0.88,1.04,"",2,8.7,-30,-2.5,-97,-8.1,-62,-5.2,-91497,-0.7,-141011,-19.8,6033,215.8,41,4.9
"13063","5","4441","76","0","2024","4","",21,1088,1029,1047,11726961,562765,8613,855,"",0.89,1.12,1.05,1.07,1.08,0.54,1.08,1.00,"",2,10.5,-57,-5.0,-123,-10.7,-89,-7.8,-464994,-3.8,-106321,-15.9,5976,226.6,35,4.3
"13063","5","44411","77","0","2024","4","N",9,0,0,0,0,0,0,0,"N",2.23,0,0,0,0,0,0,0,"N",0,0.0,0,0,0,0,0,0,0,0,0,0,0,0,0,0
"13063","5","444110","78","0","2024","4","N",9,0,0,0,0,0,0,0,"N",2.23,0,0,0,0,0,0,0,"N",0,0.0,0,0,0,0,0,0,0,0,0,0,0,0,0,0
"13063","5","44412","77","0","2024","4","N",4,0,0,0,0,0,0,0,"N",1.39,0,0,0,0,0,0,0,"N",1,33.3,0,0,0,0,0,0,0,0,0,0,0,0,0,0
"13063","5","444120","78","0","2024","4","N",4,0,0,0,0,0,0,0,"N",1.39,0,0,0,0,0,0,0,"N",1,33.3,0,0,0,0,0,0,0,0,0,0,0,0,0,0
"13063","5","44414","77","0","2024","4","N",3,0,0,0,0,0,0,0,"N",0.45,0,0,0,0,0,0,0,"N",1,50.0,0,0,0,0,0,0,0,0,0,0,0,0,0,0
"13063","5","444140","78","0","2024","4","N",3,0,0,0,0,0,0,0,"N",0.45,0,0,0,0,0,0,0,"N",1,50.0,0,0,0,0,0,0,0,0,0,0,0,0,0,0
"13063","5","44418","77","0","2024","4","",5,478,428,451,6734697,176596,1261,1145,"",0.50,2.32,2.06,2.16,1.79,0.84,0.63,0.82,"N",0,0.0,0,0,0,0,0,0,0,0,0,0,0,0,0,0
"13063","5","444180","78","0","2024","4","",5,478,428,451,6734697,176596,1261,1145,"",0.50,2.32,2.06,2.16,1.79,0.84,0.63,0.82,"N",0,0.0,0,0,0,0,0,0,0,0,0,0,0,0,0,0
"13063","5","4442","76","0","2024","4","",4,75,74,73,1193958,8781,216,1241,"",0.53,0.49,0.49,0.49,0.76,0.05,0.10,1.56,"",0,0.0,27,56.2,26,54.2,27,58.7,373497,45.5,-34690,-79.8,57,35.8,-92,-6.9
"13063","5","44423","77","0","2024","4","N",1,0,0,0,0,0,0,0,"N",0.62,0,0,0,0,0,0,0,"N",0,0.0,0,0,0,0,0,0,0,0,0,0,0,0,0,0
"13063","5","444230","78","0","2024","4","N",1,0,0,0,0,0,0,0,"N",0.62,0,0,0,0,0,0,0,"N",0,0.0,0,0,0,0,0,0,0,0,0,0,0,0,0,0
"13063","5","44424","77","0","2024","4","N",3,0,0,0,0,0,0,0,"N",0.51,0,0,0,0,0,0,0,"N",0,0.0,0,0,0,0,0,0,0,0,0,0,0,0,0,0
"13063","5","444240","78","0","2024","4","N",3,0,0,0,0,0,0,0,"N",0.51,0,0,0,0,0,0,0,"N",0,0.0,0,0,0,0,0,0,0,0,0,0,0,0,0,0
"13063","5","445","75","0","2024","4","",145,1714,1719,1734,13706824,1868885,28900,612,"",2.11,0.65,0.64,0.64,0.62,0.61,1.24,0.97,"",13,9.8,-232,-11.9,-283,-14.1,-231,-11.8,-724932,-5.0,-311921,-14.3,14481,100.4,49,8.7
"13063","5","4451","76","0","2024","4","",115,1547,1547,1563,11686633,1675415,26223,579,"",2.76,0.67,0.66,0.66,0.61,0.64,1.42,0.92,"",11,10.6,-138,-8.2,-122,-7.3,-107,-6.4,11605,0.1,-203381,-10.8,14653,126.6,43,8.0
"13063","5","44511","77","0","2024","4","",58,1435,1438,1454,10941759,1546224,23263,584,"",2.31,0.67,0.66,0.66,0.61,0.64,1.45,0.93,"",7,13.7,-143,-9.1,-124,-7.9,-107,-6.9,15688,0.1,-182515,-10.6,14701,171.7,48,9.0
"13063","5","445110","78","0","2024","4","",58,1435,1438,1454,10941759,1546224,23263,584,"",2.31,0.67,0.66,0.66,0.61,0.64,1.45,0.93,"",7,13.7,-143,-9.1,-124,-7.9,-107,-6.9,15688,0.1,-182515,-10.6,14701,171.7,48,9.0
"13063","5","44513","77","0","2024","4","",57,112,109,109,744874,129191,2960,521,"",3.45,0.67,0.65,0.65,0.54,0.60,1.21,0.83,"",4,7.5,5,4.7,2,1.9,0,0.0,-4083,-0.5,-20866,-13.9,-48,-1.6,-14,-2.6
"13063","5","445131","78","0","2024","4","N",54,0,0,0,0,0,0,0,"N",3.59,0,0,0,0,0,0,0,"N",3,5.9,0,0,0,0,0,0,0,0,0,0,0,0,0,0
"13063","5","445132","78","0","2024","4","N",3,0,0,0,0,0,0,0,"N",2.02,0,0,0,0,0,0,0,"N",1,50.0,0,0,0,0,0,0,0,0,0,0,0,0,0,0
"13063","5","4452","76","0","2024","4","",13,74,74,73,1172103,85296,666,1224,"",1.05,0.37,0.36,0.35,0.64,0.32,0.23,1.76,"",0,0.0,-101,-57.7,-171,-69.8,-133,-64.6,-920814,-44.0,-128548,-60.1,-653,-49.5,452,58.5
"13063","5","44523","77","0","2024","4","",5,45,43,43,863847,77173,636,1522,"",3.44,1.32,1.41,1.47,2.82,1.99,1.27,2.02,"",0,0.0,-49,-52.1,-46,-51.7,-44,-50.6,-530850,-38.1,-34418,-30.8,287,82.2,330,27.7
"13063","5","445230","78","0","2024","4","",5,45,43,43,863847,77173,636,1522,"",3.44,1.32,1.41,1.47,2.82,1.99,1.27,2.02,"",0,0.0,-49,-52.1,-46,-51.7,-44,-50.6,-530850,-38.1,-34418,-30.8,287,82.2,330,27.7
"13063","5","44525","77","0","2024","4","",5,20,22,22,210199,1920,13,758,"",5.23,1.69,1.86,1.85,1.80,0.14,0.08,1.00,"N",0,0.0,0,0,0,0,0,0,0,0,0,0,0,0,0,0
"13063","5","445250","78","0","2024","4","",5,20,22,22,210199,1920,13,758,"",5.23,1.69,1.86,1.85,1.80,0.14,0.08,1.00,"N",0,0.0,0,0,0,0,0,0,0,0,0,0,0,0,0,0
"13063","5","44529","77","0","2024","4","",3,9,9,8,98057,6203,17,870,"",0.43,0.09,0.09,0.07,0.11,0.04,0.01,1.34,"N",0,0.0,0,0,0,0,0,0,0,0,0,0,0,0,0,0
"13063","5","445291","78","0","2024","4","N",1,0,0,0,0,0,0,0,"N",0.88,0,0,0,0,0,0,0,"N",0,0.0,0,0,0,0,0,0,0,0,0,0,0,0,0,0
"13063","5","445292","78","0","2024","4","N",1,0,0,0,0,0,0,0,"N",0.75,0,0,0,0,0,0,0,"N",0,0.0,0,0,0,0,0,0,0,0,0,0,0,0,0,0
"13063","5","445298","78","0","2024","4","N",1,0,0,0,0,0,0,0,"N",0.22,0,0,0,0,0,0,0,"N",0,0.0,0,0,0,0,0,0,0,0,0,0,0,0,0,0
"13063","5","4453","76","0","2024","4","",17,93,98,98,848088,108174,2011,677,"",1.16,0.66,0.68,0.67,0.76,0.63,1.15,1.14,"",2,13.3,7,8.1,10,11.4,9,10.1,184277,27.8,20008,22.7,481,31.4,95,16.3
"13063","5","44532","77","0","2024","4","",17,93,98,98,848088,108174,2011,677,"",1.16,0.66,0.68,0.67,0.76,0.63,1.15,1.14,"",2,13.3,7,8.1,10,11.4,9,10.1,184277,27.8,20008,22.7,481,31.4,95,16.3
"13063","5","445320","78","0","2024","4","",17,93,98,98,848088,108174,2011,677,"",1.16,0.66,0.68,0.67,0.76,0.63,1.15,1.14,"",2,13.3,7,8.1,10,11.4,9,10.1,184277,27.8,20008,22.7,481,31.4,95,16.3
"13063","5","449","75","0","2024","4","",54,479,458,457,7857913,373839,2106,1301,"",1.44,0.73,0.68,0.67,0.79,0.51,0.28,1.15,"",-5,-8.5,-35,-6.8,-59,-11.4,-62,-11.9,-313741,-3.8,-97132,-20.6,-2270,-51.9,84,6.9
"13063","5","4491","76","0","2024","4","",27,120,104,107,1523768,67905,270,1062,"",1.37,0.36,0.30,0.31,0.33,0.18,0.07,1.04,"",-3,-10.0,-26,-17.8,-38,-26.8,-34,-24.1,-55515,-3.5,-26292,-27.9,-517,-65.7,212,24.9
"13063","5","44911","77","0","2024","4","",22,108,92,94,1325402,51021,176,1040,"",2.27,0.66,0.56,0.57,0.56,0.29,0.10,0.94,"",-3,-12.0,-28,-20.6,-40,-30.3,-37,-28.2,-101115,-7.1,-43176,-45.8,-611,-77.6,215,26.1
"13063","5","449110","78","0","2024","4","",22,108,92,94,1325402,51021,176,1040,"",2.27,0.66,0.56,0.57,0.56,0.29,0.10,0.94,"",-3,-12.0,-28,-20.6,-40,-30.3,-37,-28.2,-101115,-7.1,-43176,-45.8,-611,-77.6,215,26.1
"13063","5","44912","77","0","2024","4","",5,12,12,13,198366,16884,94,1237,"",0.50,0.07,0.07,0.07,0.09,0.08,0.05,1.32,"",0,0.0,2,20.0,2,20.0,3,30.0,45600,29.8,16884,100.0,94,100.0,62,5.3
"13063","5","449121","78","0","2024","4","",5,12,12,13,198366,16884,94,1237,"",1.30,0.21,0.21,0.23,0.20,0.28,0.15,0.92,"",0,0.0,2,20.0,2,20.0,3,30.0,45600,29.8,16884,100.0,94,100.0,62,5.3
"13063","5","4492","76","0","2024","4","",27,359,354,350,6334145,305934,1836,1375,"",1.52,1.11,1.07,1.05,1.18,0.89,0.50,1.09,"",-2,-6.9,-9,-2.4,-21,-5.6,-28,-7.4,-258226,-3.9,-70840,-18.8,-1753,-48.8,18,1.3
"13063","5","44921","77","0","2024","4","",27,359,354,350,6334145,305934,1836,1375,"",1.52,1.11,1.07,1.05,1.18,0.89,0.50,1.09,"",-2,-6.9,-9,-2.4,-21,-5.6,-28,-7.4,-258226,-3.9,-70840,-18.8,-1753,-48.8,18,1.3
"13063","5","449210","78","0","2024","4","",27,359,354,350,6334145,305934,1836,1375,"",1.52,1.11,1.07,1.05,1.18,0.89,0.50,1.09,"",-2,-6.9,-9,-2.4,-21,-5.6,-28,-7.4,-258226,-3.9,-70840,-18.8,-1753,-48.8,18,1.3
"13063","5","455","75","0","2024","4","",75,3135,3180,3189,24549022,3980495,23287,596,"",2.12,1.16,1.12,1.10,1.12,1.23,0.97,0.99,"",2,2.7,4,0.1,-43,-1.3,-19,-0.6,1200425,5.1,-448809,-10.1,-4732,-16.9,33,5.9
"13063","5","4551","76","0","2024","4","",10,737,733,739,6564070,1261728,6262,686,"",1.88,0.87,0.79,0.78,1.07,1.18,0.70,1.31,"",0,0.0,-87,-10.6,-106,-12.6,-74,-9.1,-363670,-5.2,-264783,-17.3,-892,-12.5,40,6.2
"13063","5","45511","77","0","2024","4","",10,737,733,739,6564070,1261728,6262,686,"",1.88,0.87,0.79,0.78,1.07,1.18,0.70,1.31,"",0,0.0,-87,-10.6,-106,-12.6,-74,-9.1,-363670,-5.2,-264783,-17.3,-892,-12.5,40,6.2
"13063","5","455110","78","0","2024","4","",10,737,733,739,6564070,1261728,6262,686,"",1.88,0.87,0.79,0.78,1.07,1.18,0.70,1.31,"",0,0.0,-87,-10.6,-106,-12.6,-74,-9.1,-363670,-5.2,-264783,-17.3,-892,-12.5,40,6.2
"13063","5","4552","76","0","2024","4","",65,2398,2447,2450,17984952,2718767,17025,569,"",2.16,1.29,1.27,1.26,1.14,1.26,1.13,0.90,"",2,3.2,91,3.9,63,2.6,55,2.3,1564095,9.5,-184026,-6.3,-3840,-18.4,34,6.4
"13063","5","45521","77","0","2024","4","",65,2398,2447,2450,17984952,2718767,17025,569,"",2.16,1.29,1.27,1.26,1.14,1.26,1.13,0.90,"",2,3.2,91,3.9,63,2.6,55,2.3,1564095,9.5,-184026,-6.3,-3840,-18.4,34,6.4
"13063","5","455211","78","0","2024","4","N",5,0,0,0,0,0,0,0,"N",1.84,0,0,0,0,0,0,0,"N",0,0.0,0,0,0,0,0,0,0,0,0,0,0,0,0,0
"13063","5","455219","78","0","2024","4","N",60,0,0,0,0,0,0,0,"N",2.19,0,0,0,0,0,0,0,"N",2,3.4,0,0,0,0,0,0,0,0,0,0,0,0,0,0
"13063","5","456","75","0","2024","4","",89,652,642,658,6230018,722256,7643,737,"",1.82,0.73,0.70,0.71,0.55,0.73,0.89,0.77,"",6,7.2,-86,-11.7,-107,-14.3,-81,-11.0,-304713,-4.7,-137369,-16.0,501,7.0,60,8.9
"13063","5","4561","76","0","2024","4","",89,652,642,658,6230018,722256,7643,737,"",1.82,0.73,0.70,0.71,0.55,0.73,0.89,0.77,"",6,7.2,-86,-11.7,-107,-14.3,-81,-11.0,-304713,-4.7,-137369,-16.0,501,7.0,60,8.9
"13063","5","45611","77","0","2024","4","",27,202,190,195,2235664,187097,981,879,"",1.03,0.35,0.33,0.33,0.29,0.31,0.20,0.86,"",-2,-6.9,-12,-5.6,-24,-11.2,-15,-7.1,-387464,-14.8,-64015,-25.5,-947,-49.1,-70,-7.4
"13063","5","456110","78","0","2024","4","",27,202,190,195,2235664,187097,981,879,"",1.03,0.35,0.33,0.33,0.29,0.31,0.20,0.86,"",-2,-6.9,-12,-5.6,-24,-11.2,-15,-7.1,-387464,-14.8,-64015,-25.5,-947,-49.1,-70,-7.4
"13063","5","45612","77","0","2024","4","",35,257,257,266,1846801,398346,4248,546,"",4.09,1.53,1.43,1.46,1.32,2.01,2.15,0.90,"",3,9.4,-12,-4.5,-17,-6.2,-4,-1.5,107469,6.2,-9095,-2.2,989,30.3,52,10.5
"13063","5","456120","78","0","2024","4","",35,257,257,266,1846801,398346,4248,546,"",4.09,1.53,1.43,1.46,1.32,2.01,2.15,0.90,"",3,9.4,-12,-4.5,-17,-6.2,-4,-1.5,107469,6.2,-9095,-2.2,989,30.3,52,10.5
"13063","5","45613","77","0","2024","4","",13,125,125,126,1678552,74576,1575,1030,"",2.89,2.11,2.09,2.09,2.22,1.12,2.71,1.06,"",1,8.3,-10,-7.4,-11,-8.1,-9,-6.7,-9205,-0.5,-40378,-35.1,628,66.3,71,7.4
"13063","5","456130","78","0","2024","4","",13,125,125,126,1678552,74576,1575,1030,"",2.89,2.11,2.09,2.09,2.22,1.12,2.71,1.06,"",1,8.3,-10,-7.4,-11,-8.1,-9,-6.7,-9205,-0.5,-40378,-35.1,628,66.3,71,7.4
"13063","5","45619","77","0","2024","4","",14,68,70,71,469001,62237,839,518,"",1.48,0.69,0.70,0.71,0.31,0.54,0.70,0.44,"",4,40.0,-52,-43.3,-55,-44.0,-53,-42.7,-15513,-3.2,-23881,-27.7,-169,-16.8,215,71.0
"13063","5","456191","78","0","2024","4","N",9,0,0,0,0,0,0,0,"N",2.03,0,0,0,0,0,0,0,"N",2,28.6,0,0,0,0,0,0,0,0,0,0,0,0,0,0
"13063","5","456199","78","0","2024","4","N",5,0,0,0,0,0,0,0,"N",0.99,0,0,0,0,0,0,0,"N",2,66.7,0,0,0,0,0,0,0,0,0,0,0,0,0,0
"13063","5","457","75","0","2024","4","",159,710,725,703,5344680,662331,8063,577,"",3.15,0.82,0.83,0.81,0.73,0.58,0.85,0.89,"",13,8.9,4,0.6,14,2.0,2,0.3,-304314,-5.4,-180248,-21.4,82,1.0,-38,-6.2
"13063","5","4571","76","0","2024","4","N",157,0,0,0,0,0,0,0,"N",3.32,0,0,0,0,0,0,0,"N",13,9.0,0,0,0,0,0,0,0,0,0,0,0,0,0,0
"13063","5","45711","77","0","2024","4","",139,643,660,638,4726202,606930,7023,562,"",3.21,0.88,0.90,0.87,0.85,0.62,0.90,0.97,"",11,8.6,0,0.0,9,1.4,-5,-0.8,-349865,-6.9,-173970,-22.3,197,2.9,-43,-7.1
"13063","5","457110","78","0","2024","4","",139,643,660,638,4726202,606930,7023,562,"",3.21,0.88,0.90,0.87,0.85,0.62,0.90,0.97,"",11,8.6,0,0.0,9,1.4,-5,-0.8,-349865,-6.9,-173970,-22.3,197,2.9,-43,-7.1
"13063","5","45712","77","0","2024","4","N",18,0,0,0,0,0,0,0,"N",4.55,0,0,0,0,0,0,0,"N",2,12.5,0,0,0,0,0,0,0,0,0,0,0,0,0,0
"13063","5","457120","78","0","2024","4","N",18,0,0,0,0,0,0,0,"N",4.55,0,0,0,0,0,0,0,"N",2,12.5,0,0,0,0,0,0,0,0,0,0,0,0,0,0
"13063","5","4572","76","0","2024","4","N",2,0,0,0,0,0,0,0,"N",0.62,0,0,0,0,0,0,0,"N",0,0.0,0,0,0,0,0,0,0,0,0,0,0,0,0,0
"13063","5","45721","77","0","2024","4","N",2,0,0,0,0,0,0,0,"N",0.62,0,0,0,0,0,0,0,"N",0,0.0,0,0,0,0,0,0,0,0,0,0,0,0,0,0
"13063","5","457210","78","0","2024","4","N",2,0,0,0,0,0,0,0,"N",0.62,0,0,0,0,0,0,0,"N",0,0.0,0,0,0,0,0,0,0,0,0,0,0,0,0,0
"13063","5","458","75","0","2024","4","",80,633,663,686,3722418,945172,6699,433,"",1.57,0.67,0.66,0.66,0.45,0.81,0.56,0.68,"",7,9.6,-18,-2.8,-44,-6.2,-51,-6.9,310826,9.1,-21298,-2.2,1391,26.2,57,15.2
"13063","5","4581","76","0","2024","4","",60,485,498,513,2871922,706619,5269,443,"",1.70,0.69,0.66,0.66,0.50,0.80,0.57,0.75,"",6,11.1,16,3.4,-15,-2.9,-25,-4.6,389380,15.7,-9726,-1.4,903,20.7,66,17.5
"13063","5","45811","77","0","2024","4","",60,485,498,513,2871922,706619,5269,443,"",1.70,0.69,0.66,0.66,0.50,0.80,0.57,0.75,"",6,11.1,16,3.4,-15,-2.9,-25,-4.6,389380,15.7,-9726,-1.4,903,20.7,66,17.5
"13063","5","458110","78","0","2024","4","",60,485,498,513,2871922,706619,5269,443,"",1.70,0.69,0.66,0.66,0.50,0.80,0.57,0.75,"",6,11.1,16,3.4,-15,-2.9,-25,-4.6,389380,15.7,-9726,-1.4,903,20.7,66,17.5
"13063","5","4582","76","0","2024","4","",12,120,139,148,601982,194973,811,341,"",1.84,0.87,0.94,0.96,0.56,1.21,0.54,0.61,"",0,0.0,-31,-20.5,-24,-14.7,-19,-11.4,-71616,-10.6,-45553,-18.9,-36,-4.3,18,5.6
"13063","5","45821","77","0","2024","4","",12,120,139,148,601982,194973,811,341,"",1.84,0.87,0.94,0.96,0.56,1.21,0.54,0.61,"",0,0.0,-31,-20.5,-24,-14.7,-19,-11.4,-71616,-10.6,-45553,-18.9,-36,-4.3,18,5.6
"13063","5","458210","78","0","2024","4","",12,120,139,148,601982,194973,811,341,"",1.84,0.87,0.94,0.96,0.56,1.21,0.54,0.61,"",0,0.0,-31,-20.5,-24,-14.7,-19,-11.4,-71616,-10.6,-45553,-18.9,-36,-4.3,18,5.6
"13063","5","4583","76","0","2024","4","",8,28,26,25,248514,43580,619,726,"",0.88,0.27,0.24,0.22,0.16,0.37,0.49,0.66,"",1,14.3,-3,-9.7,-5,-16.1,-7,-21.9,-6938,-2.7,33981,354.0,524,551.6,99,15.8
"13063","5","45831","77","0","2024","4","N",7,0,0,0,0,0,0,0,"N",0.81,0,0,0,0,0,0,0,"N",1,16.7,0,0,0,0,0,0,0,0,0,0,0,0,0,0
"13063","5","458310","78","0","2024","4","N",7,0,0,0,0,0,0,0,"N",0.81,0,0,0,0,0,0,0,"N",1,16.7,0,0,0,0,0,0,0,0,0,0,0,0,0,0
"13063","5","45832","77","0","2024","4","N",1,0,0,0,0,0,0,0,"N",1.93,0,0,0,0,0,0,0,"N",0,0.0,0,0,0,0,0,0,0,0,0,0,0,0,0,0
"13063","5","458320","78","0","2024","4","N",1,0,0,0,0,0,0,0,"N",1.93,0,0,0,0,0,0,0,"N",0,0.0,0,0,0,0,0,0,0,0,0,0,0,0,0,0
"13063","5","459","75","0","2024","4","",71,834,786,782,6407937,1152045,8154,616,"",0.88,0.67,0.61,0.60,0.55,0.75,0.52,0.87,"",4,6.0,-188,-18.4,-244,-23.7,-277,-26.2,-1398834,-17.9,-518083,-31.0,-8934,-52.3,37,6.4
"13063","5","4591","76","0","2024","4","",22,130,126,128,875119,143240,773,526,"",1.14,0.33,0.30,0.30,0.27,0.28,0.19,0.89,"",2,10.0,12,10.2,1,0.8,-3,-2.3,108741,14.2,9415,7.0,175,29.3,53,11.2
"13063","5","45911","77","0","2024","4","",12,98,95,98,609972,126252,753,484,"",1.13,0.41,0.37,0.37,0.30,0.41,0.30,0.79,"",1,9.1,15,18.1,12,14.5,2,2.1,133365,28.0,22798,22.0,187,33.0,64,15.2
"13063","5","459110","78","0","2024","4","",12,98,95,98,609972,126252,753,484,"",1.13,0.41,0.37,0.37,0.30,0.41,0.30,0.79,"",1,9.1,15,18.1,12,14.5,2,2.1,133365,28.0,22798,22.0,187,33.0,64,15.2
"13063","5","45912","77","0","2024","4","",8,30,29,28,228027,16988,20,605,"",1.47,0.28,0.25,0.24,0.29,0.11,0.02,1.14,"",1,14.3,-1,-3.2,-9,-23.7,-4,-12.5,-25684,-10.1,-13383,-44.1,-12,-37.5,25,4.3
"13063","5","459120","78","0","2024","4","",8,30,29,28,228027,16988,20,605,"",1.47,0.28,0.25,0.24,0.29,0.11,0.02,1.14,"",1,14.3,-1,-3.2,-9,-23.7,-4,-12.5,-25684,-10.1,-13383,-44.1,-12,-37.5,25,4.3
"13063","5","45913","77","0","2024","4","N",1,0,0,0,0,0,0,0,"N",0.58,0,0,0,0,0,0,0,"N",0,0.0,0,0,0,0,0,0,0,0,0,0,0,0,0,0
"13063","5","459130","78","0","2024","4","N",1,0,0,0,0,0,0,0,"N",0.58,0,0,0,0,0,0,0,"N",0,0.0,0,0,0,0,0,0,0,0,0,0,0,0,0,0
"13063","5","45914","77","0","2024","4","N",1,0,0,0,0,0,0,0,"N",0.64,0,0,0,0,0,0,0,"N",0,0.0,0,0,0,0,0,0,0,0,0,0,0,0,0,0
"13063","5","459140","78","0","2024","4","N",1,0,0,0,0,0,0,0,"N",0.64,0,0,0,0,0,0,0,"N",0,0.0,0,0,0,0,0,0,0,0,0,0,0,0,0,0
"13063","5","4592","76","0","2024","4","N",1,0,0,0,0,0,0,0,"N",0.30,0,0,0,0,0,0,0,"N",-1,-50.0,0,0,0,0,0,0,0,0,0,0,0,0,0,0
"13063","5","45921","77","0","2024","4","N",1,0,0,0,0,0,0,0,"N",0.30,0,0,0,0,0,0,0,"N",-1,-50.0,0,0,0,0,0,0,0,0,0,0,0,0,0,0
"13063","5","459210","78","0","2024","4","N",1,0,0,0,0,0,0,0,"N",0.30,0,0,0,0,0,0,0,"N",-1,-50.0,0,0,0,0,0,0,0,0,0,0,0,0,0,0
"13063","5","4593","76","0","2024","4","N",6,0,0,0,0,0,0,0,"N",1.16,0,0,0,0,0,0,0,"N",0,0.0,0,0,0,0,0,0,0,0,0,0,0,0,0,0
"13063","5","45931","77","0","2024","4","N",6,0,0,0,0,0,0,0,"N",1.16,0,0,0,0,0,0,0,"N",0,0.0,0,0,0,0,0,0,0,0,0,0,0,0,0,0
"13063","5","459310","78","0","2024","4","N",6,0,0,0,0,0,0,0,"N",1.16,0,0,0,0,0,0,0,"N",0,0.0,0,0,0,0,0,0,0,0,0,0,0,0,0,0
"13063","5","4594","76","0","2024","4","",11,386,363,364,3479729,557741,1357,721,"",1.02,2.23,2.17,2.18,2.38,2.78,0.66,1.08,"",-1,-8.3,-167,-30.2,-184,-33.6,-204,-35.9,-1409383,-28.8,-498150,-47.2,-9925,-88.0,45,6.7
"13063","5","45941","77","0","2024","4","N",2,0,0,0,0,0,0,0,"N",0.78,0,0,0,0,0,0,0,"N",0,0.0,0,0,0,0,0,0,0,0,0,0,0,0,0,0
"13063","5","459410","78","0","2024","4","N",2,0,0,0,0,0,0,0,"N",0.78,0,0,0,0,0,0,0,"N",0,0.0,0,0,0,0,0,0,0,0,0,0,0,0,0,0
"13063","5","45942","77","0","2024","4","N",9,0,0,0,0,0,0,0,"N",1.10,0,0,0,0,0,0,0,"N",-1,-10.0,0,0,0,0,0,0,0,0,0,0,0,0,0,0
"13063","5","459420","78","0","2024","4","N",9,0,0,0,0,0,0,0,"N",1.10,0,0,0,0,0,0,0,"N",-1,-10.0,0,0,0,0,0,0,0,0,0,0,0,0,0,0
"13063","5","4595","76","0","2024","4","",6,181,166,168,1029485,191566,160,461,"",0.74,1.04,0.94,0.94,0.79,1.32,0.11,0.82,"",-1,-14.3,-32,-15.0,-48,-22.4,-36,-17.6,-72523,-6.6,-66782,-25.8,-86,-35.0,58,14.4
"13063","5","45951","77","0","2024","4","",6,181,166,168,1029485,191566,160,461,"",0.74,1.04,0.94,0.94,0.79,1.32,0.11,0.82,"",-1,-14.3,-32,-15.0,-48,-22.4,-36,-17.6,-72523,-6.6,-66782,-25.8,-86,-35.0,58,14.4
"13063","5","459510","78","0","2024","4","",6,181,166,168,1029485,191566,160,461,"",0.74,1.04,0.94,0.94,0.79,1.32,0.11,0.82,"",-1,-14.3,-32,-15.0,-48,-22.4,-36,-17.6,-72523,-6.6,-66782,-25.8,-86,-35.0,58,14.4
"13063","5","4599","76","0","2024","4","",25,103,97,91,699538,215613,4586,555,"",0.74,0.26,0.24,0.22,0.14,0.39,0.70,0.59,"",5,25.0,11,12.0,3,3.2,-12,-11.7,25375,3.8,-393,-0.2,-361,-7.3,17,3.2
"13063","5","45991","77","0","2024","4","N",1,0,0,0,0,0,0,0,"N",0.21,0,0,0,0,0,0,0,"N",0,0.0,0,0,0,0,0,0,0,0,0,0,0,0,0,0
"13063","5","459910","78","0","2024","4","N",1,0,0,0,0,0,0,0,"N",0.21,0,0,0,0,0,0,0,"N",0,0.0,0,0,0,0,0,0,0,0,0,0,0,0,0,0
"13063","5","45992","77","0","2024","4","N",2,0,0,0,0,0,0,0,"N",0.90,0,0,0,0,0,0,0,"N",0,0.0,0,0,0,0,0,0,0,0,0,0,0,0,0,0
"13063","5","459920","78","0","2024","4","N",2,0,0,0,0,0,0,0,"N",0.90,0,0,0,0,0,0,0,"N",0,0.0,0,0,0,0,0,0,0,0,0,0,0,0,0,0
"13063","5","45999","77","0","2024","4","",22,69,68,62,454919,168963,4564,528,"",0.85,0.26,0.25,0.23,0.14,0.44,0.88,0.55,"",5,29.4,10,16.9,10,17.2,-3,-4.6,86041,23.3,-6736,-3.8,-181,-3.8,60,12.8
"13063","5","459991","78","0","2024","4","",16,42,43,41,235345,113496,3066,431,"",1.36,0.36,0.37,0.35,0.23,0.58,1.13,0.65,"N",4,33.3,0,0,0,0,0,0,0,0,0,0,0,0,0,0
"13063","5","459999","78","0","2024","4","",6,27,25,21,219574,55467,1498,694,"",0.42,0.18,0.17,0.14,0.09,0.29,0.61,0.58,"N",1,20.0,0,0,0,0,0,0,0,0,0,0,0,0,0,0
"13063","5","48-49","74","0","2024","4","",508,51449,52773,52599,1324868939,32726523,512887,1950,"",3.72,9.41,9.24,9.04,14.29,4.40,5.61,1.55,"",50,10.9,-2028,-3.8,-1033,-1.9,-1767,-3.3,64778491,5.1,-10803083,-24.8,58690,12.9,151,8.4
"13063","5","481","75","0","2024","4","",21,33971,34267,34066,1053691712,7454272,39374,2377,"",6.31,73.09,72.80,72.25,79.92,20.01,12.57,1.10,"",0,0.0,-1311,-3.7,-819,-2.3,-1501,-4.2,64377174,6.5,-8738566,-54.0,-14250,-26.6,222,10.3
"13063","5","4811","76","0","2024","4","",17,33961,34258,34057,1053511449,7454272,39374,2377,"",14.10,81.57,81.14,80.59,91.29,22.87,15.22,1.13,"N",-1,-5.6,0,0,0,0,0,0,0,0,0,0,0,0,0,0
"13063","5","48111","77","0","2024","4","",17,33961,34258,34057,1053511449,7454272,39374,2377,"",14.10,81.57,81.14,80.59,91.29,22.87,15.22,1.13,"N",-1,-5.6,0,0,0,0,0,0,0,0,0,0,0,0,0,0
"13063","5","481111","78","0","2024","4","",14,33944,34241,34040,1053251560,7454272,39374,2378,"",15.72,83.73,83.31,82.77,93.11,23.92,15.92,1.12,"",0,0.0,-1306,-3.7,-814,-2.3,-1496,-4.2,64492594,6.5,-8730124,-53.9,-14159,-26.4,222,10.3
"13063","5","481112","78","0","2024","4","",3,17,17,17,259889,0,0,1176,"",9.54,1.55,1.52,1.50,1.14,0.00,0.00,0.75,"N",-1,-25.0,0,0,0,0,0,0,0,0,0,0,0,0,0,0
"13063","5","4812","76","0","2024","4","",4,10,9,9,180263,0,0,1486,"",1.88,0.21,0.19,0.18,0.11,0.00,0.00,0.57,"N",1,33.3,0,0,0,0,0,0,0,0,0,0,0,0,0,0
"13063","5","48121","77","0","2024","4","",4,10,9,9,180263,0,0,1486,"",1.88,0.21,0.19,0.18,0.11,0.00,0.00,0.57,"N",1,33.3,0,0,0,0,0,0,0,0,0,0,0,0,0,0
"13063","5","481211","78","0","2024","4","N",1,0,0,0,0,0,0,0,"N",0.71,0,0,0,0,0,0,0,"N",0,0.0,0,0,0,0,0,0,0,0,0,0,0,0,0,0
"13063","5","481212","78","0","2024","4","N",3,0,0,0,0,0,0,0,"N",11.44,0,0,0,0,0,0,0,"N",1,50.0,0,0,0,0,0,0,0,0,0,0,0,0,0,0
"13063","5","483","75","0","2024","4","N",2,0,0,0,0,0,0,0,"N",1.84,0,0,0,0,0,0,0,"N",0,0.0,0,0,0,0,0,0,0,0,0,0,0,0,0,0
"13063","5","4831","76","0","2024","4","N",2,0,0,0,0,0,0,0,"N",2.95,0,0,0,0,0,0,0,"N",0,0.0,0,0,0,0,0,0,0,0,0,0,0,0,0,0
"13063","5","48311","77","0","2024","4","N",2,0,0,0,0,0,0,0,"N",2.95,0,0,0,0,0,0,0,"N",0,0.0,0,0,0,0,0,0,0,0,0,0,0,0,0,0
"13063","5","483111","78","0","2024","4","N",1,0,0,0,0,0,0,0,"N",3.88,0,0,0,0,0,0,0,"N",0,0.0,0,0,0,0,0,0,0,0,0,0,0,0,0,0
"13063","5","483113","78","0","2024","4","N",1,0,0,0,0,0,0,0,"N",4.22,0,0,0,0,0,0,0,"N",0,0.0,0,0,0,0,0,0,0,0,0,0,0,0,0,0
"13063","5","484","75","0","2024","4","",222,4570,4581,4575,81999203,4367386,38644,1379,"",2.95,3.66,3.64,3.64,3.91,2.94,2.34,1.07,"",32,16.8,-464,-9.2,-504,-9.9,-526,-10.3,-3451809,-4.0,-1750144,-28.6,-28224,-42.2,83,6.4
"13063","5","4841","76","0","2024","4","",194,4240,4269,4272,77219359,4109886,37797,1394,"",3.70,4.84,4.82,4.81,5.28,4.01,3.45,1.09,"",35,22.0,-269,-6.0,-303,-6.6,-337,-7.3,464308,0.6,-1649174,-28.6,-26281,-41.0,100,7.7
"13063","5","48411","77","0","2024","4","",42,244,264,289,3348611,608269,15276,970,"",2.05,1.01,1.08,1.18,0.89,1.92,3.54,0.82,"",3,7.7,-60,-19.7,-57,-17.8,-70,-19.5,-1127008,-25.2,-445031,-42.3,-6742,-30.6,-80,-7.6
"13063","5","484110","78","0","2024","4","",42,244,264,289,3348611,608269,15276,970,"",2.05,1.01,1.08,1.18,0.89,1.92,3.54,0.82,"",3,7.7,-60,-19.7,-57,-17.8,-70,-19.5,-1127008,-25.2,-445031,-42.3,-6742,-30.6,-80,-7.6
"13063","5","48412","77","0","2024","4","",152,3996,4005,3983,73870748,3501617,22521,1422,"",4.74,6.30,6.25,6.21,6.79,4.94,3.39,1.09,"",32,26.7,-209,-5.0,-246,-5.8,-267,-6.3,1591316,2.2,-1204143,-25.6,-19539,-46.5,109,8.3
"13063","5","484121","78","0","2024","4","",72,1702,1704,1697,29270308,2061497,12397,1324,"",2.71,3.98,3.94,3.92,4.23,3.76,2.53,1.07,"",-5,-6.5,-197,-10.4,-204,-10.7,-205,-10.8,-2549585,-8.0,-616261,-23.0,-7723,-38.4,38,3.0
"13063","5","484122","78","0","2024","4","",80,2294,2301,2286,44600440,1440120,10124,1496,"",14.72,11.12,11.03,10.94,11.29,8.99,5.77,1.02,"",37,86.0,-12,-0.5,-42,-1.8,-62,-2.6,4140901,10.2,-587882,-29.0,-11816,-53.9,162,12.1
"13063","5","4842","76","0","2024","4","",28,330,312,303,4779844,257500,847,1167,"",1.24,0.89,0.83,0.82,0.75,0.56,0.15,0.89,"",-3,-9.7,-195,-37.1,-201,-39.2,-189,-38.4,-3916117,-45.0,-100970,-28.2,-1943,-69.6,-145,-11.1
"13063","5","48421","77","0","2024","4","N",4,0,0,0,0,0,0,0,"N",0.95,0,0,0,0,0,0,0,"N",1,33.3,0,0,0,0,0,0,0,0,0,0,0,0,0,0
"13063","5","484210","78","0","2024","4","N",4,0,0,0,0,0,0,0,"N",0.95,0,0,0,0,0,0,0,"N",1,33.3,0,0,0,0,0,0,0,0,0,0,0,0,0,0
"13063","5","48422","77","0","2024","4","N",8,0,0,0,0,0,0,0,"N",0.62,0,0,0,0,0,0,0,"N",0,0.0,0,0,0,0,0,0,0,0,0,0,0,0,0,0
"13063","5","484220","78","0","2024","4","N",8,0,0,0,0,0,0,0,"N",0.62,0,0,0,0,0,0,0,"N",0,0.0,0,0,0,0,0,0,0,0,0,0,0,0,0,0
"13063","5","48423","77","0","2024","4","",16,238,218,212,3704342,163018,447,1280,"",2.95,2.19,1.99,1.93,1.73,1.29,0.41,0.85,"",-4,-20.0,-193,-44.8,-202,-48.1,-188,-47.0,-4031797,-52.1,-110911,-40.5,-1797,-80.1,-147,-10.3
"13063","5","484230","78","0","2024","4","",16,238,218,212,3704342,163018,447,1280,"",2.95,2.19,1.99,1.93,1.73,1.29,0.41,0.85,"",-4,-20.0,-193,-44.8,-202,-48.1,-188,-47.0,-4031797,-52.1,-110911,-40.5,-1797,-80.1,-147,-10.3
"13063","5","485","75","0","2024","4","",21,387,394,396,5865948,404232,3967,1150,"",2.20,0.82,0.82,0.82,0.97,0.46,0.21,1.19,"",3,16.7,-130,-25.1,-110,-21.8,-95,-19.3,-837873,-12.5,-255002,-38.7,-5316,-57.3,127,12.4
"13063","5","4851","76","0","2024","4","N",3,0,0,0,0,0,0,0,"N",8.28,0,0,0,0,0,0,0,"N",1,50.0,0,0,0,0,0,0,0,0,0,0,0,0,0,0
"13063","5","48511","77","0","2024","4","N",3,0,0,0,0,0,0,0,"N",8.28,0,0,0,0,0,0,0,"N",1,50.0,0,0,0,0,0,0,0,0,0,0,0,0,0,0
"13063","5","485113","78","0","2024","4","N",2,0,0,0,0,0,0,0,"N",7.31,0,0,0,0,0,0,0,"N",1,100.0,0,0,0,0,0,0,0,0,0,0,0,0,0,0
"13063","5","485119","78","0","2024","4","N",1,0,0,0,0,0,0,0,"N",26.36,0,0,0,0,0,0,0,"N",0,0.0,0,0,0,0,0,0,0,0,0,0,0,0,0,0
"13063","5","4853","76","0","2024","4","",4,3,3,3,32538,8250,223,834,"",1.24,0.02,0.02,0.02,0.02,0.02,0.04,0.68,"N",2,100.0,0,0,0,0,0,0,0,0,0,0,0,0,0,0
"13063","5","48531","77","0","2024","4","N",1,0,0,0,0,0,0,0,"N",0.71,0,0,0,0,0,0,0,"N",0,0.0,0,0,0,0,0,0,0,0,0,0,0,0,0,0
"13063","5","485310","78","0","2024","4","N",1,0,0,0,0,0,0,0,"N",0.71,0,0,0,0,0,0,0,"N",0,0.0,0,0,0,0,0,0,0,0,0,0,0,0,0,0
"13063","5","48532","77","0","2024","4","N",3,0,0,0,0,0,0,0,"N",1.64,0,0,0,0,0,0,0,"N",2,200.0,0,0,0,0,0,0,0,0,0,0,0,0,0,0
"13063","5","485320","78","0","2024","4","N",3,0,0,0,0,0,0,0,"N",1.64,0,0,0,0,0,0,0,"N",2,200.0,0,0,0,0,0,0,0,0,0,0,0,0,0,0
"13063","5","4855","76","0","2024","4","N",1,0,0,0,0,0,0,0,"N",1.67,0,0,0,0,0,0,0,"N",-1,-50.0,0,0,0,0,0,0,0,0,0,0,0,0,0,0
"13063","5","48551","77","0","2024","4","N",1,0,0,0,0,0,0,0,"N",1.67,0,0,0,0,0,0,0,"N",-1,-50.0,0,0,0,0,0,0,0,0,0,0,0,0,0,0
"13063","5","485510","78","0","2024","4","N",1,0,0,0,0,0,0,0,"N",1.67,0,0,0,0,0,0,0,"N",-1,-50.0,0,0,0,0,0,0,0,0,0,0,0,0,0,0
"13063","5","4859","76","0","2024","4","",13,253,258,258,2990334,247051,2880,897,"",3.92,2.72,2.75,2.74,2.70,1.93,1.54,0.99,"",1,8.3,-134,-34.6,-118,-31.4,-100,-27.9,-1142103,-27.6,-298615,-54.7,-5797,-66.8,46,5.4
"13063","5","48599","77","0","2024","4","",13,253,258,258,2990334,247051,2880,897,"",3.92,2.72,2.75,2.74,2.70,1.93,1.54,0.99,"",1,8.3,-134,-34.6,-118,-31.4,-100,-27.9,-1142103,-27.6,-298615,-54.7,-5797,-66.8,46,5.4
"13063","5","485991","78","0","2024","4","N",8,0,0,0,0,0,0,0,"N",4.26,0,0,0,0,0,0,0,"N",2,33.3,0,0,0,0,0,0,0,0,0,0,0,0,0,0
"13063","5","485999","78","0","2024","4","N",5,0,0,0,0,0,0,0,"N",3.48,0,0,0,0,0,0,0,"N",-1,-16.7,0,0,0,0,0,0,0,0,0,0,0,0,0,0
"13063","5","486","75","0","2024","4","N",1,0,0,0,0,0,0,0,"N",0.68,0,0,0,0,0,0,0,"N",0,0.0,0,0,0,0,0,0,0,0,0,0,0,0,0,0
"13063","5","4862","76","0","2024","4","N",1,0,0,0,0,0,0,0,"N",1.03,0,0,0,0,0,0,0,"N",0,0.0,0,0,0,0,0,0,0,0,0,0,0,0,0,0
"13063","5","48621","77","0","2024","4","N",1,0,0,0,0,0,0,0,"N",1.03,0,0,0,0,0,0,0,"N",0,0.0,0,0,0,0,0,0,0,0,0,0,0,0,0,0
"13063","5","486210","78","0","2024","4","N",1,0,0,0,0,0,0,0,"N",1.03,0,0,0,0,0,0,0,"N",0,0.0,0,0,0,0,0,0,0,0,0,0,0,0,0,0
"13063","5","488","75","0","2024","4","",171,5177,5368,5326,83718226,7032624,109403,1217,"",6.93,7.62,7.78,7.66,6.72,8.87,11.61,0.87,"",7,4.3,-353,-6.4,-250,-4.4,-330,-5.8,-3216504,-3.7,-597798,-7.8,12064,12.4,23,1.9
"13063","5","4881","76","0","2024","4","",22,1975,2081,2040,23543819,3435576,41177,891,"",5.52,8.80,9.11,8.86,6.93,12.27,12.51,0.78,"",1,4.8,-20,-1.0,48,2.4,-46,-2.2,309324,1.3,-305072,-8.2,-3572,-8.0,14,1.6
"13063","5","48811","77","0","2024","4","",9,690,755,733,8182793,1194480,12555,867,"",8.78,6.42,6.91,6.65,7.17,7.17,6.12,1.08,"",2,28.6,107,18.4,156,26.0,140,23.6,1787204,27.9,473776,65.7,9825,359.9,36,4.3
"13063","5","488119","78","0","2024","4","",9,690,755,733,8182793,1194480,12555,867,"",9.80,6.53,7.03,6.76,7.42,7.24,6.17,1.10,"",2,28.6,107,18.4,156,26.0,140,23.6,1787204,27.9,473776,65.7,9825,359.9,36,4.3
"13063","5","48819","77","0","2024","4","",13,1285,1326,1307,15361026,2241096,28622,905,"",4.39,10.98,11.13,10.90,6.80,19.78,23.12,0.62,"",-1,-7.1,-127,-9.0,-108,-7.5,-186,-12.5,-1477880,-8.8,-778848,-25.8,-13397,-31.9,9,1.0
"13063","5","488190","78","0","2024","4","",13,1285,1326,1307,15361026,2241096,28622,905,"",4.39,10.98,11.13,10.90,6.80,19.78,23.12,0.62,"",-1,-7.1,-127,-9.0,-108,-7.5,-186,-12.5,-1477880,-8.8,-778848,-25.8,-13397,-31.9,9,1.0
"13063","5","4882","76","0","2024","4","N",2,0,0,0,0,0,0,0,"N",2.35,0,0,0,0,0,0,0,"N",0,0.0,0,0,0,0,0,0,0,0,0,0,0,0,0,0
"13063","5","48821","77","0","2024","4","N",2,0,0,0,0,0,0,0,"N",2.35,0,0,0,0,0,0,0,"N",0,0.0,0,0,0,0,0,0,0,0,0,0,0,0,0,0
"13063","5","488210","78","0","2024","4","N",2,0,0,0,0,0,0,0,"N",2.35,0,0,0,0,0,0,0,"N",0,0.0,0,0,0,0,0,0,0,0,0,0,0,0,0,0
"13063","5","4884","76","0","2024","4","",12,187,224,219,2787057,574800,8478,1021,"",1.87,1.97,2.33,2.27,2.04,4.56,5.67,0.93,"",4,50.0,12,6.9,-4,-1.8,-2,-0.9,113710,4.3,-410710,-41.7,-5025,-37.2,32,3.2
"13063","5","48841","77","0","2024","4","N",10,0,0,0,0,0,0,0,"N",2.19,0,0,0,0,0,0,0,"N",4,66.7,0,0,0,0,0,0,0,0,0,0,0,0,0,0
"13063","5","488410","78","0","2024","4","N",10,0,0,0,0,0,0,0,"N",2.19,0,0,0,0,0,0,0,"N",4,66.7,0,0,0,0,0,0,0,0,0,0,0,0,0,0
"13063","5","48849","77","0","2024","4","N",2,0,0,0,0,0,0,0,"N",1.10,0,0,0,0,0,0,0,"N",0,0.0,0,0,0,0,0,0,0,0,0,0,0,0,0,0
"13063","5","488490","78","0","2024","4","N",2,0,0,0,0,0,0,0,"N",1.10,0,0,0,0,0,0,0,"N",0,0.0,0,0,0,0,0,0,0,0,0,0,0,0,0,0
"13063","5","4885","76","0","2024","4","",130,2964,3012,3015,56523810,2982277,58890,1451,"",12.27,13.76,13.82,13.73,12.51,14.59,24.25,0.91,"",3,2.4,-330,-10.0,-280,-8.5,-263,-8.0,-3283641,-5.5,101015,3.5,20031,51.5,52,3.7
"13063","5","48851","77","0","2024","4","",130,2964,3012,3015,56523810,2982277,58890,1451,"",12.27,13.76,13.82,13.73,12.51,14.59,24.25,0.91,"",3,2.4,-330,-10.0,-280,-8.5,-263,-8.0,-3283641,-5.5,101015,3.5,20031,51.5,52,3.7
"13063","5","488510","78","0","2024","4","",130,2964,3012,3015,56523810,2982277,58890,1451,"",12.27,13.76,13.82,13.73,12.51,14.59,24.25,0.91,"",3,2.4,-330,-10.0,-280,-8.5,-263,-8.0,-3283641,-5.5,101015,3.5,20031,51.5,52,3.7
"13063","5","4889","76","0","2024","4","N",5,0,0,0,0,0,0,0,"N",3.18,0,0,0,0,0,0,0,"N",-1,-16.7,0,0,0,0,0,0,0,0,0,0,0,0,0,0
"13063","5","48899","77","0","2024","4","N",5,0,0,0,0,0,0,0,"N",3.18,0,0,0,0,0,0,0,"N",-1,-16.7,0,0,0,0,0,0,0,0,0,0,0,0,0,0
"13063","5","488991","78","0","2024","4","N",1,0,0,0,0,0,0,0,"N",1.67,0,0,0,0,0,0,0,"N",-2,-66.7,0,0,0,0,0,0,0,0,0,0,0,0,0,0
"13063","5","488999","78","0","2024","4","",4,8,8,8,57072,31155,817,549,"",4.11,0.58,0.58,0.57,0.24,1.67,3.42,0.42,"N",1,33.3,0,0,0,0,0,0,0,0,0,0,0,0,0,0
"13063","5","492","75","0","2024","4","N",27,0,0,0,0,0,0,0,"N",2.80,0,0,0,0,0,0,0,"N",8,42.1,0,0,0,0,0,0,0,0,0,0,0,0,0,0
"13063","5","4921","76","0","2024","4","N",20,0,0,0,0,0,0,0,"N",3.34,0,0,0,0,0,0,0,"N",4,25.0,0,0,0,0,0,0,0,0,0,0,0,0,0,0
"13063","5","49211","77","0","2024","4","N",20,0,0,0,0,0,0,0,"N",3.34,0,0,0,0,0,0,0,"N",4,25.0,0,0,0,0,0,0,0,0,0,0,0,0,0,0
"13063","5","492110","78","0","2024","4","N",20,0,0,0,0,0,0,0,"N",3.34,0,0,0,0,0,0,0,"N",4,25.0,0,0,0,0,0,0,0,0,0,0,0,0,0,0
"13063","5","4922","76","0","2024","4","N",7,0,0,0,0,0,0,0,"N",1.91,0,0,0,0,0,0,0,"N",4,133.3,0,0,0,0,0,0,0,0,0,0,0,0,0,0
"13063","5","49221","77","0","2024","4","N",7,0,0,0,0,0,0,0,"N",1.91,0,0,0,0,0,0,0,"N",4,133.3,0,0,0,0,0,0,0,0,0,0,0,0,0,0
"13063","5","492210","78","0","2024","4","N",7,0,0,0,0,0,0,0,"N",1.91,0,0,0,0,0,0,0,"N",4,133.3,0,0,0,0,0,0,0,0,0,0,0,0,0,0
"13063","5","493","75","0","2024","4","",43,3065,3099,3048,50707594,6083513,277754,1270,"",4.40,1.94,1.84,1.81,2.17,2.74,10.80,1.17,"",0,0.0,27,0.9,101,3.4,70,2.4,2640861,5.5,1428605,30.7,167356,151.6,39,3.2
"13063","5","4931","76","0","2024","4","",43,3065,3099,3048,50707594,6083513,277754,1270,"",4.40,1.94,1.84,1.81,2.17,2.74,10.80,1.17,"",0,0.0,27,0.9,101,3.4,70,2.4,2640861,5.5,1428605,30.7,167356,151.6,39,3.2
"13063","5","49311","77","0","2024","4","",29,1099,1079,1083,16757360,1000802,17121,1186,"",3.90,0.75,0.69,0.69,0.78,0.48,0.71,1.10,"",-1,-3.3,41,3.9,32,3.1,66,6.5,1349150,8.8,171895,20.7,2255,15.2,47,4.1
"13063","5","493110","78","0","2024","4","",29,1099,1079,1083,16757360,1000802,17121,1186,"",3.90,0.75,0.69,0.69,0.78,0.48,0.71,1.10,"",-1,-3.3,41,3.9,32,3.1,66,6.5,1349150,8.8,171895,20.7,2255,15.2,47,4.1
"13063","5","49312","77","0","2024","4","N",2,0,0,0,0,0,0,0,"N",2.61,0,0,0,0,0,0,0,"N",0,0.0,0,0,0,0,0,0,0,0,0,0,0,0,0,0
"13063","5","493120","78","0","2024","4","N",2,0,0,0,0,0,0,0,"N",2.61,0,0,0,0,0,0,0,"N",0,0.0,0,0,0,0,0,0,0,0,0,0,0,0,0,0
"13063","5","49313","77","0","2024","4","N",3,0,0,0,0,0,0,0,"N",7.54,0,0,0,0,0,0,0,"N",0,0.0,0,0,0,0,0,0,0,0,0,0,0,0,0,0
"13063","5","493130","78","0","2024","4","N",3,0,0,0,0,0,0,0,"N",7.54,0,0,0,0,0,0,0,"N",0,0.0,0,0,0,0,0,0,0,0,0,0,0,0,0,0
"13063","5","49319","77","0","2024","4","N",9,0,0,0,0,0,0,0,"N",7.73,0,0,0,0,0,0,0,"N",1,12.5,0,0,0,0,0,0,0,0,0,0,0,0,0,0
"13063","5","493190","78","0","2024","4","N",9,0,0,0,0,0,0,0,"N",7.73,0,0,0,0,0,0,0,"N",1,12.5,0,0,0,0,0,0,0,0,0,0,0,0,0,0
"13063","5","51","74","0","2024","4","",58,608,612,611,13002384,473194,4957,1639,"",0.46,0.26,0.25,0.25,0.13,0.24,0.17,0.50,"",11,23.4,-30,-4.7,-23,-3.6,-20,-3.2,1078789,9.0,37855,8.7,548,12.4,194,13.4
"13063","5","512","75","0","2024","4","",10,65,75,65,376891,74907,2397,424,"",0.57,0.22,0.23,0.21,0.05,0.17,0.22,0.21,"",2,25.0,1,1.6,4,5.6,-9,-12.2,23671,6.7,-30543,-29.0,1629,212.1,34,8.7
"13063","5","5121","76","0","2024","4","N",9,0,0,0,0,0,0,0,"N",0.60,0,0,0,0,0,0,0,"N",2,28.6,0,0,0,0,0,0,0,0,0,0,0,0,0,0
"13063","5","51211","77","0","2024","4","",7,6,6,6,111596,500,0,1431,"",0.64,0.04,0.03,0.03,0.02,0.00,0.00,0.53,"",2,40.0,-1,-14.3,-10,-62.5,-2,-25.0,4087,3.8,-13898,-96.5,-359,-100.0,631,78.9
"13063","5","512110","78","0","2024","4","",7,6,6,6,111596,500,0,1431,"",0.64,0.04,0.03,0.03,0.02,0.00,0.00,0.53,"",2,40.0,-1,-14.3,-10,-62.5,-2,-25.0,4087,3.8,-13898,-96.5,-359,-100.0,631,78.9
"13063","5","51213","77","0","2024","4","N",1,0,0,0,0,0,0,0,"N",0.56,0,0,0,0,0,0,0,"N",0,0.0,0,0,0,0,0,0,0,0,0,0,0,0,0,0
"13063","5","512131","78","0","2024","4","N",1,0,0,0,0,0,0,0,"N",0.59,0,0,0,0,0,0,0,"N",0,0.0,0,0,0,0,0,0,0,0,0,0,0,0,0,0
"13063","5","51219","77","0","2024","4","N",1,0,0,0,0,0,0,0,"N",0.48,0,0,0,0,0,0,0,"N",0,0.0,0,0,0,0,0,0,0,0,0,0,0,0,0,0
"13063","5","512199","78","0","2024","4","N",1,0,0,0,0,0,0,0,"N",2.92,0,0,0,0,0,0,0,"N",0,0.0,0,0,0,0,0,0,0,0,0,0,0,0,0,0
"13063","5","5122","76","0","2024","4","N",1,0,0,0,0,0,0,0,"N",0.43,0,0,0,0,0,0,0,"N",0,0.0,0,0,0,0,0,0,0,0,0,0,0,0,0,0
"13063","5","51224","77","0","2024","4","N",1,0,0,0,0,0,0,0,"N",1.19,0,0,0,0,0,0,0,"N",0,0.0,0,0,0,0,0,0,0,0,0,0,0,0,0,0
"13063","5","512240","78","0","2024","4","N",1,0,0,0,0,0,0,0,"N",1.19,0,0,0,0,0,0,0,"N",0,0.0,0,0,0,0,0,0,0,0,0,0,0,0,0,0
"13063","5","513","75","0","2024","4","",11,28,28,28,1301564,3110,41,3576,"",0.20,0.04,0.04,0.04,0.04,0.01,0.01,1.03,"N",7,175.0,0,0,0,0,0,0,0,0,0,0,0,0,0,0
"13063","5","5131","76","0","2024","4","N",3,0,0,0,0,0,0,0,"N",0.25,0,0,0,0,0,0,0,"N",0,0.0,0,0,0,0,0,0,0,0,0,0,0,0,0,0
"13063","5","51314","77","0","2024","4","N",1,0,0,0,0,0,0,0,"N",1.71,0,0,0,0,0,0,0,"N",0,0.0,0,0,0,0,0,0,0,0,0,0,0,0,0,0
"13063","5","513140","78","0","2024","4","N",1,0,0,0,0,0,0,0,"N",1.71,0,0,0,0,0,0,0,"N",0,0.0,0,0,0,0,0,0,0,0,0,0,0,0,0,0
"13063","5","51319","77","0","2024","4","N",2,0,0,0,0,0,0,0,"N",0.73,0,0,0,0,0,0,0,"N",0,0.0,0,0,0,0,0,0,0,0,0,0,0,0,0,0
"13063","5","513199","78","0","2024","4","N",2,0,0,0,0,0,0,0,"N",0.75,0,0,0,0,0,0,0,"N",0,0.0,0,0,0,0,0,0,0,0,0,0,0,0,0,0
"13063","5","5132","76","0","2024","4","N",8,0,0,0,0,0,0,0,"N",0.19,0,0,0,0,0,0,0,"N",7,700.0,0,0,0,0,0,0,0,0,0,0,0,0,0,0
"13063","5","51321","77","0","2024","4","N",8,0,0,0,0,0,0,0,"N",0.19,0,0,0,0,0,0,0,"N",7,700.0,0,0,0,0,0,0,0,0,0,0,0,0,0,0
"13063","5","513210","78","0","2024","4","N",8,0,0,0,0,0,0,0,"N",0.19,0,0,0,0,0,0,0,"N",7,700.0,0,0,0,0,0,0,0,0,0,0,0,0,0,0
"13063","5","516","75","0","2024","4","N",5,0,0,0,0,0,0,0,"N",0.56,0,0,0,0,0,0,0,"N",1,25.0,0,0,0,0,0,0,0,0,0,0,0,0,0,0
"13063","5","5162","76","0","2024","4","N",5,0,0,0,0,0,0,0,"N",0.78,0,0,0,0,0,0,0,"N",1,25.0,0,0,0,0,0,0,0,0,0,0,0,0,0,0
"13063","5","51621","77","0","2024","4","N",5,0,0,0,0,0,0,0,"N",0.78,0,0,0,0,0,0,0,"N",1,25.0,0,0,0,0,0,0,0,0,0,0,0,0,0,0
"13063","5","516210","78","0","2024","4","N",5,0,0,0,0,0,0,0,"N",0.78,0,0,0,0,0,0,0,"N",1,25.0,0,0,0,0,0,0,0,0,0,0,0,0,0,0
"13063","5","517","75","0","2024","4","",19,220,211,219,4856124,61667,232,1724,"",1.26,0.44,0.42,0.43,0.36,0.19,0.07,0.84,"",1,5.6,-43,-16.3,-44,-17.3,-38,-14.8,188179,4.0,-51912,-45.7,-402,-63.4,334,24.0
"13063","5","5171","76","0","2024","4","",15,199,192,200,4540843,53769,177,1773,"",1.21,0.44,0.42,0.43,0.38,0.18,0.06,0.89,"N",0,0.0,0,0,0,0,0,0,0,0,0,0,0,0,0,0
"13063","5","51711","77","0","2024","4","N",12,0,0,0,0,0,0,0,"N",1.15,0,0,0,0,0,0,0,"N",0,0.0,0,0,0,0,0,0,0,0,0,0,0,0,0,0
"13063","5","517111","78","0","2024","4","",6,168,163,168,4142958,35940,153,1916,"",0.78,0.46,0.44,0.46,0.44,0.17,0.07,0.96,"",0,0.0,-22,-11.6,-21,-11.4,-20,-10.6,325742,8.5,-15620,-30.3,-115,-42.9,349,22.3
"13063","5","517112","78","0","2024","4","N",6,0,0,0,0,0,0,0,"N",2.16,0,0,0,0,0,0,0,"N",0,0.0,0,0,0,0,0,0,0,0,0,0,0,0,0,0
"13063","5","51712","77","0","2024","4","N",3,0,0,0,0,0,0,0,"N",1.58,0,0,0,0,0,0,0,"N",0,0.0,0,0,0,0,0,0,0,0,0,0,0,0,0,0
"13063","5","517121","78","0","2024","4","N",3,0,0,0,0,0,0,0,"N",1.58,0,0,0,0,0,0,0,"N",0,0.0,0,0,0,0,0,0,0,0,0,0,0,0,0,0
"13063","5","5178","76","0","2024","4","",4,21,19,19,315281,7898,55,1233,"",1.79,0.56,0.51,0.51,0.23,0.35,0.20,0.44,"N",1,33.3,0,0,0,0,0,0,0,0,0,0,0,0,0,0
"13063","5","51781","77","0","2024","4","",4,21,19,19,315281,7898,55,1233,"",1.79,0.56,0.51,0.51,0.23,0.35,0.20,0.44,"N",1,33.3,0,0,0,0,0,0,0,0,0,0,0,0,0,0
"13063","5","517810","78","0","2024","4","",4,21,19,19,315281,7898,55,1233,"",1.79,0.56,0.51,0.51,0.23,0.35,0.20,0.44,"N",1,33.3,0,0,0,0,0,0,0,0,0,0,0,0,0,0
"13063","5","518","75","0","2024","4","",12,188,190,192,2999895,196504,546,1215,"",0.50,0.47,0.47,0.48,0.15,0.59,0.13,0.32,"",0,0.0,-6,-3.1,0,0.0,11,6.1,2478,0.1,119245,154.3,-1081,-66.4,-9,-0.7
"13063","5","5182","76","0","2024","4","",12,188,190,192,2999895,196504,546,1215,"",0.50,0.47,0.47,0.48,0.15,0.59,0.13,0.32,"",0,0.0,-6,-3.1,0,0.0,11,6.1,2478,0.1,119245,154.3,-1081,-66.4,-9,-0.7
"13063","5","51821","77","0","2024","4","",12,188,190,192,2999895,196504,546,1215,"",0.50,0.47,0.47,0.48,0.15,0.59,0.13,0.32,"",0,0.0,-6,-3.1,0,0.0,11,6.1,2478,0.1,119245,154.3,-1081,-66.4,-9,-0.7
"13063","5","518210","78","0","2024","4","",12,188,190,192,2999895,196504,546,1215,"",0.50,0.47,0.47,0.48,0.15,0.59,0.13,0.32,"",0,0.0,-6,-3.1,0,0.0,11,6.1,2478,0.1,119245,154.3,-1081,-66.4,-9,-0.7
"13063","5","519","75","0","2024","4","N",1,0,0,0,0,0,0,0,"N",0.14,0,0,0,0,0,0,0,"N",0,0.0,0,0,0,0,0,0,0,0,0,0,0,0,0,0
"13063","5","5192","76","0","2024","4","N",1,0,0,0,0,0,0,0,"N",0.14,0,0,0,0,0,0,0,"N",0,0.0,0,0,0,0,0,0,0,0,0,0,0,0,0,0
"13063","5","51929","77","0","2024","4","N",1,0,0,0,0,0,0,0,"N",0.16,0,0,0,0,0,0,0,"N",0,0.0,0,0,0,0,0,0,0,0,0,0,0,0,0,0
"13063","5","519290","78","0","2024","4","N",1,0,0,0,0,0,0,0,"N",0.16,0,0,0,0,0,0,0,"N",0,0.0,0,0,0,0,0,0,0,0,0,0,0,0,0,0
"13063","5","52","74","0","2024","4","",187,1136,1135,1125,16730498,738228,8170,1137,"",0.75,0.22,0.22,0.21,0.10,0.20,0.21,0.44,"",2,1.1,-109,-8.8,-131,-10.3,-160,-12.5,-1857212,-10.0,-262812,-26.3,-816,-9.1,7,0.6
"13063","5","522","75","0","2024","4","",90,666,668,669,9761698,422335,4960,1125,"",1.10,0.32,0.31,0.31,0.18,0.29,0.34,0.57,"",-3,-3.2,-66,-9.0,-61,-8.4,-67,-9.1,-1069840,-9.9,-58510,-12.2,1046,26.7,-13,-1.1
"13063","5","5221","76","0","2024","4","",35,332,336,338,4427901,104712,648,1016,"",0.77,0.23,0.23,0.23,0.13,0.11,0.09,0.55,"",-2,-5.4,-14,-4.0,-14,-4.0,-13,-3.7,-564284,-11.3,-700,-0.7,137,26.8,-84,-7.6
"13063","5","52211","77","0","2024","4","",30,298,301,303,3944894,97937,631,1009,"",0.89,0.27,0.26,0.27,0.14,0.16,0.13,0.51,"",0,0.0,-7,-2.3,-8,-2.6,-6,-1.9,-483231,-10.9,4502,4.8,206,48.5,-98,-8.9
"13063","5","522110","78","0","2024","4","",30,298,301,303,3944894,97937,631,1009,"",0.89,0.27,0.26,0.27,0.14,0.16,0.13,0.51,"",0,0.0,-7,-2.3,-8,-2.6,-6,-1.9,-483231,-10.9,4502,4.8,206,48.5,-98,-8.9
"13063","5","52213","77","0","2024","4","N",4,0,0,0,0,0,0,0,"N",0.46,0,0,0,0,0,0,0,"N",0,0.0,0,0,0,0,0,0,0,0,0,0,0,0,0,0
"13063","5","522130","78","0","2024","4","N",4,0,0,0,0,0,0,0,"N",0.46,0,0,0,0,0,0,0,"N",0,0.0,0,0,0,0,0,0,0,0,0,0,0,0,0,0
"13063","5","52218","77","0","2024","4","N",1,0,0,0,0,0,0,0,"N",0.31,0,0,0,0,0,0,0,"N",-2,-66.7,0,0,0,0,0,0,0,0,0,0,0,0,0,0
"13063","5","522180","78","0","2024","4","N",1,0,0,0,0,0,0,0,"N",0.31,0,0,0,0,0,0,0,"N",-2,-66.7,0,0,0,0,0,0,0,0,0,0,0,0,0,0
"13063","5","5222","76","0","2024","4","",41,306,305,306,4777479,296635,4252,1202,"",1.87,0.74,0.73,0.73,0.39,0.92,0.98,0.54,"",0,0.0,-44,-12.6,-39,-11.3,-42,-12.1,-369353,-7.2,-36162,-10.9,1724,68.2,62,5.4
"13063","5","52222","77","0","2024","4","N",3,0,0,0,0,0,0,0,"N",1.09,0,0,0,0,0,0,0,"N",0,0.0,0,0,0,0,0,0,0,0,0,0,0,0,0,0
"13063","5","522220","78","0","2024","4","N",3,0,0,0,0,0,0,0,"N",1.09,0,0,0,0,0,0,0,"N",0,0.0,0,0,0,0,0,0,0,0,0,0,0,0,0,0
"13063","5","52229","77","0","2024","4","N",38,0,0,0,0,0,0,0,"N",2.02,0,0,0,0,0,0,0,"N",0,0.0,0,0,0,0,0,0,0,0,0,0,0,0,0,0
"13063","5","522291","78","0","2024","4","",9,51,49,49,562063,33996,176,871,"",1.36,0.69,0.66,0.65,0.28,0.49,0.24,0.43,"",0,0.0,-2,-3.8,-4,-7.5,-3,-5.8,34315,6.5,-44521,-56.7,-759,-81.2,100,13.0
"13063","5","522292","78","0","2024","4","N",4,0,0,0,0,0,0,0,"N",0.51,0,0,0,0,0,0,0,"N",0,0.0,0,0,0,0,0,0,0,0,0,0,0,0,0,0
"13063","5","522299","78","0","2024","4","",25,114,112,115,1185243,132449,1348,802,"",5.74,1.60,1.55,1.59,0.62,2.48,3.02,0.39,"",0,0.0,-10,-8.1,-12,-9.7,-8,-6.5,-200386,-14.5,-17202,-11.5,600,80.2,-60,-7.0
"13063","5","5223","76","0","2024","4","",14,28,27,25,556318,20988,60,1605,"",0.95,0.12,0.11,0.11,0.08,0.12,0.02,0.66,"",-1,-6.7,-8,-22.2,-8,-22.9,-12,-32.4,-136203,-19.7,-21648,-50.8,-815,-93.1,125,8.4
"13063","5","52231","77","0","2024","4","N",5,0,0,0,0,0,0,0,"N",0.67,0,0,0,0,0,0,0,"N",-1,-16.7,0,0,0,0,0,0,0,0,0,0,0,0,0,0
"13063","5","522310","78","0","2024","4","N",5,0,0,0,0,0,0,0,"N",0.67,0,0,0,0,0,0,0,"N",-1,-16.7,0,0,0,0,0,0,0,0,0,0,0,0,0,0
"13063","5","52232","77","0","2024","4","N",2,0,0,0,0,0,0,0,"N",0.49,0,0,0,0,0,0,0,"N",0,0.0,0,0,0,0,0,0,0,0,0,0,0,0,0,0
"13063","5","522320","78","0","2024","4","N",2,0,0,0,0,0,0,0,"N",0.49,0,0,0,0,0,0,0,"N",0,0.0,0,0,0,0,0,0,0,0,0,0,0,0,0,0
"13063","5","52239","77","0","2024","4","",7,22,21,19,250878,20988,60,934,"",2.21,0.39,0.36,0.33,0.17,0.51,0.11,0.48,"",0,0.0,-5,-18.5,-5,-19.2,-3,-13.6,45572,22.2,-10089,-32.5,-68,-53.1,302,47.8
"13063","5","522390","78","0","2024","4","",7,22,21,19,250878,20988,60,934,"",2.21,0.39,0.36,0.33,0.17,0.51,0.11,0.48,"",0,0.0,-5,-18.5,-5,-19.2,-3,-13.6,45572,22.2,-10089,-32.5,-68,-53.1,302,47.8
"13063","5","523","75","0","2024","4","N",14,0,0,0,0,0,0,0,"N",0.21,0,0,0,0,0,0,0,"N",0,0.0,0,0,0,0,0,0,0,0,0,0,0,0,0,0
"13063","5","5231","76","0","2024","4","N",5,0,0,0,0,0,0,0,"N",0.27,0,0,0,0,0,0,0,"N",0,0.0,0,0,0,0,0,0,0,0,0,0,0,0,0,0
"13063","5","52315","77","0","2024","4","",4,7,7,7,197994,75,0,2176,"",0.24,0.02,0.02,0.02,0.01,0.00,0.00,0.43,"N",0,0.0,0,0,0,0,0,0,0,0,0,0,0,0,0,0
"13063","5","523150","78","0","2024","4","",4,7,7,7,197994,75,0,2176,"",0.24,0.02,0.02,0.02,0.01,0.00,0.00,0.43,"N",0,0.0,0,0,0,0,0,0,0,0,0,0,0,0,0,0
"13063","5","52316","77","0","2024","4","N",1,0,0,0,0,0,0,0,"N",0.66,0,0,0,0,0,0,0,"N",0,0.0,0,0,0,0,0,0,0,0,0,0,0,0,0,0
"13063","5","523160","78","0","2024","4","N",1,0,0,0,0,0,0,0,"N",0.66,0,0,0,0,0,0,0,"N",0,0.0,0,0,0,0,0,0,0,0,0,0,0,0,0,0
"13063","5","5239","76","0","2024","4","",9,13,14,15,257959,2593,57,1417,"",0.19,0.03,0.03,0.03,0.01,0.01,0.01,0.24,"N",0,0.0,0,0,0,0,0,0,0,0,0,0,0,0,0,0
"13063","5","52391","77","0","2024","4","N",2,0,0,0,0,0,0,0,"N",0.48,0,0,0,0,0,0,0,"N",0,0.0,0,0,0,0,0,0,0,0,0,0,0,0,0,0
"13063","5","523910","78","0","2024","4","N",2,0,0,0,0,0,0,0,"N",0.48,0,0,0,0,0,0,0,"N",0,0.0,0,0,0,0,0,0,0,0,0,0,0,0,0,0
"13063","5","52394","77","0","2024","4","",6,6,6,6,189118,2593,57,2425,"",0.16,0.01,0.01,0.01,0.01,0.01,0.01,0.40,"",0,0.0,1,20.0,1,20.0,2,50.0,40618,27.4,-5407,-67.6,-1,-1.7,-23,-0.9
"13063","5","523940","78","0","2024","4","",6,6,6,6,189118,2593,57,2425,"",0.16,0.01,0.01,0.01,0.01,0.01,0.01,0.40,"",0,0.0,1,20.0,1,20.0,2,50.0,40618,27.4,-5407,-67.6,-1,-1.7,-23,-0.9
"13063","5","52399","77","0","2024","4","N",1,0,0,0,0,0,0,0,"N",0.21,0,0,0,0,0,0,0,"N",0,0.0,0,0,0,0,0,0,0,0,0,0,0,0,0,0
"13063","5","523991","78","0","2024","4","N",1,0,0,0,0,0,0,0,"N",0.78,0,0,0,0,0,0,0,"N",0,0.0,0,0,0,0,0,0,0,0,0,0,0,0,0,0
"13063","5","524","75","0","2024","4","",81,387,384,373,5458781,292876,3123,1101,"",0.84,0.18,0.18,0.17,0.10,0.19,0.21,0.58,"",4,5.2,-55,-12.4,-78,-16.9,-98,-20.8,-959495,-14.9,-191228,-39.5,-1756,-36.0,24,2.2
"13063","5","5241","76","0","2024","4","",4,10,9,9,180485,3449,10,1488,"",0.26,0.01,0.01,0.01,0.01,0.01,0.00,0.77,"",-2,-33.3,-40,-80.0,-39,-81.2,-39,-81.2,-574338,-76.1,-44403,-92.8,-387,-97.5,295,24.7
"13063","5","52411","77","0","2024","4","N",3,0,0,0,0,0,0,0,"N",0.51,0,0,0,0,0,0,0,"N",-2,-40.0,0,0,0,0,0,0,0,0,0,0,0,0,0,0
"13063","5","524113","78","0","2024","4","N",2,0,0,0,0,0,0,0,"N",0.89,0,0,0,0,0,0,0,"N",-1,-33.3,0,0,0,0,0,0,0,0,0,0,0,0,0,0
"13063","5","524114","78","0","2024","4","N",1,0,0,0,0,0,0,0,"N",0.27,0,0,0,0,0,0,0,"N",-1,-50.0,0,0,0,0,0,0,0,0,0,0,0,0,0,0
"13063","5","52412","77","0","2024","4","N",1,0,0,0,0,0,0,0,"N",0.12,0,0,0,0,0,0,0,"N",0,0.0,0,0,0,0,0,0,0,0,0,0,0,0,0,0
"13063","5","524126","78","0","2024","4","N",1,0,0,0,0,0,0,0,"N",0.19,0,0,0,0,0,0,0,"N",0,0.0,0,0,0,0,0,0,0,0,0,0,0,0,0,0
"13063","5","5242","76","0","2024","4","",77,377,375,364,5278296,289427,3113,1091,"",0.94,0.33,0.32,0.31,0.19,0.30,0.32,0.58,"",6,8.5,-15,-3.8,-39,-9.4,-59,-13.9,-385157,-6.8,-146825,-33.7,-1369,-30.5,28,2.6
"13063","5","52421","77","0","2024","4","N",73,0,0,0,0,0,0,0,"N",1.06,0,0,0,0,0,0,0,"N",3,4.3,0,0,0,0,0,0,0,0,0,0,0,0,0,0
"13063","5","524210","78","0","2024","4","N",73,0,0,0,0,0,0,0,"N",1.06,0,0,0,0,0,0,0,"N",3,4.3,0,0,0,0,0,0,0,0,0,0,0,0,0,0
"13063","5","52429","77","0","2024","4","N",4,0,0,0,0,0,0,0,"N",0.31,0,0,0,0,0,0,0,"N",3,300.0,0,0,0,0,0,0,0,0,0,0,0,0,0,0
"13063","5","524291","78","0","2024","4","N",1,0,0,0,0,0,0,0,"N",0.27,0,0,0,0,0,0,0,"N",1,100.0,0,0,0,0,0,0,0,0,0,0,0,0,0,0
"13063","5","524292","78","0","2024","4","N",1,0,0,0,0,0,0,0,"N",0.24,0,0,0,0,0,0,0,"N",0,0.0,0,0,0,0,0,0,0,0,0,0,0,0,0,0
"13063","5","524298","78","0","2024","4","N",2,0,0,0,0,0,0,0,"N",0.41,0,0,0,0,0,0,0,"N",2,100.0,0,0,0,0,0,0,0,0,0,0,0,0,0,0
"13063","5","525","75","0","2024","4","N",2,0,0,0,0,0,0,0,"N",0.45,0,0,0,0,0,0,0,"N",1,100.0,0,0,0,0,0,0,0,0,0,0,0,0,0,0
"13063","5","5251","76","0","2024","4","N",1,0,0,0,0,0,0,0,"N",1.12,0,0,0,0,0,0,0,"N",0,0.0,0,0,0,0,0,0,0,0,0,0,0,0,0,0
"13063","5","52511","77","0","2024","4","N",1,0,0,0,0,0,0,0,"N",2.50,0,0,0,0,0,0,0,"N",0,0.0,0,0,0,0,0,0,0,0,0,0,0,0,0,0
"13063","5","525110","78","0","2024","4","N",1,0,0,0,0,0,0,0,"N",2.50,0,0,0,0,0,0,0,"N",0,0.0,0,0,0,0,0,0,0,0,0,0,0,0,0,0
"13063","5","5259","76","0","2024","4","N",1,0,0,0,0,0,0,0,"N",0.28,0,0,0,0,0,0,0,"N",1,100.0,0,0,0,0,0,0,0,0,0,0,0,0,0,0
"13063","5","52592","77","0","2024","4","N",1,0,0,0,0,0,0,0,"N",0.69,0,0,0,0,0,0,0,"N",1,100.0,0,0,0,0,0,0,0,0,0,0,0,0,0,0
"13063","5","525920","78","0","2024","4","N",1,0,0,0,0,0,0,0,"N",0.69,0,0,0,0,0,0,0,"N",1,100.0,0,0,0,0,0,0,0,0,0,0,0,0,0,0
"13063","5","53","74","0","2024","4","",241,1817,1847,1842,32329320,1916699,17749,1355,"",1.14,0.91,0.92,0.91,0.81,0.86,0.68,0.89,"",11,4.8,119,7.0,116,6.7,129,7.5,4910417,17.9,85062,4.6,-3111,-14.9,124,10.1
"13063","5","531","75","0","2024","4","N",156,0,0,0,0,0,0,0,"N",0.85,0,0,0,0,0,0,0,"N",11,7.6,0,0,0,0,0,0,0,0,0,0,0,0,0,0
"13063","5","5311","76","0","2024","4","",89,623,625,623,8069337,670695,5171,995,"",1.70,1.18,1.18,1.17,0.84,1.23,0.82,0.71,"",8,9.9,20,3.3,11,1.8,13,2.1,380166,4.9,-118600,-15.0,-1156,-18.3,24,2.5
"13063","5","53111","77","0","2024","4","",35,306,312,313,4632150,363641,4225,1148,"",1.24,0.99,1.00,1.00,0.92,1.12,1.13,0.92,"",7,25.0,-3,-1.0,2,0.6,5,1.6,261060,6.0,51422,16.5,-405,-8.7,60,5.5
"13063","5","531110","78","0","2024","4","",35,306,312,313,4632150,363641,4225,1148,"",1.24,0.99,1.00,1.00,0.92,1.12,1.13,0.92,"",7,25.0,-3,-1.0,2,0.6,5,1.6,261060,6.0,51422,16.5,-405,-8.7,60,5.5
"13063","5","53112","77","0","2024","4","",18,205,202,205,2394963,205747,230,903,"",1.55,1.54,1.51,1.52,0.72,1.71,0.15,0.47,"",0,0.0,15,7.9,9,4.7,12,6.2,76503,3.3,-130492,-38.8,-447,-66.0,-26,-2.8
"13063","5","531120","78","0","2024","4","",18,205,202,205,2394963,205747,230,903,"",1.55,1.54,1.51,1.52,0.72,1.71,0.15,0.47,"",0,0.0,15,7.9,9,4.7,12,6.2,76503,3.3,-130492,-38.8,-447,-66.0,-26,-2.8
"13063","5","53113","77","0","2024","4","",23,37,36,32,339654,23249,170,746,"",2.87,0.74,0.72,0.63,0.46,0.39,0.27,0.66,"",1,4.5,0,0.0,0,0.0,-5,-13.5,-1159,-0.3,-25871,-52.7,-190,-52.8,31,4.3
"13063","5","531130","78","0","2024","4","",23,37,36,32,339654,23249,170,746,"",2.87,0.74,0.72,0.63,0.46,0.39,0.27,0.66,"",1,4.5,0,0.0,0,0.0,-5,-13.5,-1159,-0.3,-25871,-52.7,-190,-52.8,31,4.3
"13063","5","53119","77","0","2024","4","",13,75,75,73,702570,78058,546,727,"",2.88,2.13,2.12,2.05,1.24,2.00,1.19,0.59,"",0,0.0,8,11.9,0,0.0,1,1.4,43762,6.6,-13659,-14.9,-114,-17.3,17,2.4
"13063","5","531190","78","0","2024","4","",13,75,75,73,702570,78058,546,727,"",2.88,2.13,2.12,2.05,1.24,2.00,1.19,0.59,"",0,0.0,8,11.9,0,0.0,1,1.4,43762,6.6,-13659,-14.9,-114,-17.3,17,2.4
"13063","5","5312","76","0","2024","4","N",30,0,0,0,0,0,0,0,"N",0.43,0,0,0,0,0,0,0,"N",5,20.0,0,0,0,0,0,0,0,0,0,0,0,0,0,0
"13063","5","53121","77","0","2024","4","N",30,0,0,0,0,0,0,0,"N",0.43,0,0,0,0,0,0,0,"N",5,20.0,0,0,0,0,0,0,0,0,0,0,0,0,0,0
"13063","5","531210","78","0","2024","4","N",30,0,0,0,0,0,0,0,"N",0.43,0,0,0,0,0,0,0,"N",5,20.0,0,0,0,0,0,0,0,0,0,0,0,0,0,0
"13063","5","5313","76","0","2024","4","",37,223,226,228,4203112,458055,4518,1433,"",0.59,0.32,0.32,0.33,0.31,0.58,0.49,0.94,"",-2,-5.1,76,51.7,75,49.7,87,61.7,2192771,109.1,252228,122.5,1084,31.6,376,35.6
"13063","5","53131","77","0","2024","4","",32,217,220,222,4148295,426355,3913,1453,"",0.74,0.37,0.37,0.37,0.38,0.63,0.50,1.03,"",-3,-8.6,71,48.6,70,46.7,82,58.6,2143954,107.0,226528,113.4,483,14.1,392,36.9
"13063","5","531311","78","0","2024","4","",25,197,200,202,3835202,401147,3776,1478,"",0.75,0.44,0.44,0.45,0.53,0.73,0.59,1.18,"",0,0.0,72,57.6,71,55.0,82,68.3,2111218,122.5,220165,121.7,772,25.7,414,38.9
"13063","5","531312","78","0","2024","4","",7,20,20,20,313093,25208,137,1204,"",0.70,0.14,0.14,0.14,0.09,0.20,0.10,0.63,"",-3,-30.0,-1,-4.8,-1,-4.8,0,0.0,32736,11.7,6363,33.8,-289,-67.8,160,15.3
"13063","5","53139","77","0","2024","4","",5,6,6,6,54817,31700,605,703,"",0.36,0.08,0.08,0.08,0.02,0.35,0.50,0.29,"N",3,150.0,0,0,0,0,0,0,0,0,0,0,0,0,0,0
"13063","5","531390","78","0","2024","4","",5,6,6,6,54817,31700,605,703,"",0.36,0.08,0.08,0.08,0.02,0.35,0.50,0.29,"N",3,150.0,0,0,0,0,0,0,0,0,0,0,0,0,0,0
"13063","5","532","75","0","2024","4","",82,906,924,930,18811350,748757,7551,1573,"",3.26,1.91,1.95,1.97,2.27,1.56,1.31,1.17,"",-1,-1.2,23,2.6,19,2.1,30,3.3,2268784,13.7,-44121,-5.6,-2971,-28.2,153,10.8
"13063","5","5321","76","0","2024","4","",43,460,466,479,8589617,312668,3090,1411,"",5.49,2.61,2.63,2.70,3.29,1.81,1.87,1.24,"",1,2.4,-34,-6.9,-51,-9.9,-31,-6.1,-340819,-3.8,-61648,-16.5,-230,-6.9,56,4.1
"13063","5","53211","77","0","2024","4","",17,130,129,130,2454612,86949,408,1456,"",3.71,1.33,1.31,1.32,1.85,0.88,0.43,1.40,"",0,0.0,6,4.8,-3,-2.3,1,0.8,127431,5.5,-27739,-24.2,-85,-17.2,61,4.4
"13063","5","532111","78","0","2024","4","",17,130,129,130,2454612,86949,408,1456,"",4.04,1.48,1.46,1.47,2.26,0.93,0.46,1.54,"",0,0.0,6,4.8,-3,-2.3,1,0.8,127431,5.5,-27739,-24.2,-85,-17.2,61,4.4
"13063","5","53212","77","0","2024","4","",26,330,337,349,6135005,225719,2682,1393,"",7.99,4.22,4.28,4.42,4.76,3.07,3.79,1.10,"",1,4.0,-40,-10.8,-48,-12.5,-32,-8.4,-468250,-7.1,-33909,-13.1,-145,-5.1,52,3.9
"13063","5","532120","78","0","2024","4","",26,330,337,349,6135005,225719,2682,1393,"",7.99,4.22,4.28,4.42,4.76,3.07,3.79,1.10,"",1,4.0,-40,-10.8,-48,-12.5,-32,-8.4,-468250,-7.1,-33909,-13.1,-145,-5.1,52,3.9
"13063","5","5322","76","0","2024","4","N",11,0,0,0,0,0,0,0,"N",1.44,0,0,0,0,0,0,0,"N",-1,-8.3,0,0,0,0,0,0,0,0,0,0,0,0,0,0
"13063","5","53221","77","0","2024","4","N",1,0,0,0,0,0,0,0,"N",1.61,0,0,0,0,0,0,0,"N",0,0.0,0,0,0,0,0,0,0,0,0,0,0,0,0,0
"13063","5","532210","78","0","2024","4","N",1,0,0,0,0,0,0,0,"N",1.61,0,0,0,0,0,0,0,"N",0,0.0,0,0,0,0,0,0,0,0,0,0,0,0,0,0
"13063","5","53228","77","0","2024","4","",10,86,87,86,1159863,122446,2339,1033,"",1.43,0.85,0.89,0.89,0.85,1.03,1.40,0.97,"",-1,-9.1,-15,-14.9,-9,-9.4,-12,-12.2,-134818,-10.4,-32727,-21.1,-1045,-30.9,20,2.0
"13063","5","532283","78","0","2024","4","N",2,0,0,0,0,0,0,0,"N",1.71,0,0,0,0,0,0,0,"N",0,0.0,0,0,0,0,0,0,0,0,0,0,0,0,0,0
"13063","5","532289","78","0","2024","4","N",8,0,0,0,0,0,0,0,"N",2.05,0,0,0,0,0,0,0,"N",-1,-11.1,0,0,0,0,0,0,0,0,0,0,0,0,0,0
"13063","5","5323","76","0","2024","4","N",1,0,0,0,0,0,0,0,"N",0.67,0,0,0,0,0,0,0,"N",-2,-66.7,0,0,0,0,0,0,0,0,0,0,0,0,0,0
"13063","5","53231","77","0","2024","4","N",1,0,0,0,0,0,0,0,"N",0.67,0,0,0,0,0,0,0,"N",-2,-66.7,0,0,0,0,0,0,0,0,0,0,0,0,0,0
"13063","5","532310","78","0","2024","4","N",1,0,0,0,0,0,0,0,"N",0.67,0,0,0,0,0,0,0,"N",-2,-66.7,0,0,0,0,0,0,0,0,0,0,0,0,0,0
"13063","5","5324","76","0","2024","4","",27,352,364,357,9006303,312019,2113,1937,"",3.29,2.14,2.20,2.15,2.39,2.02,1.03,1.11,"",1,3.8,72,25.7,80,28.2,73,25.7,2748960,43.9,48630,18.5,-1705,-44.7,234,13.7
"13063","5","53241","77","0","2024","4","",15,247,255,250,6544800,167063,1670,2008,"",4.14,2.87,2.95,2.86,3.14,2.27,2.09,1.09,"",-1,-6.2,15,6.5,18,7.6,13,5.5,1206716,22.6,-62171,-27.1,-1717,-50.7,263,15.1
"13063","5","532412","78","0","2024","4","",15,247,255,250,6544800,167063,1670,2008,"",4.60,3.03,3.10,3.01,3.36,2.36,2.20,1.10,"",-1,-6.2,15,6.5,18,7.6,13,5.5,1206716,22.6,-62171,-27.1,-1717,-50.7,263,15.1
"13063","5","53249","77","0","2024","4","",12,105,109,107,2461503,144956,443,1770,"",2.95,1.50,1.56,1.53,1.69,1.94,0.38,1.10,"",2,20.0,57,118.8,62,131.9,60,127.7,1542244,167.8,110801,324.4,12,2.8,276,18.5
"13063","5","532490","78","0","2024","4","",12,105,109,107,2461503,144956,443,1770,"",2.95,1.50,1.56,1.53,1.69,1.94,0.38,1.10,"",2,20.0,57,118.8,62,131.9,60,127.7,1542244,167.8,110801,324.4,12,2.8,276,18.5
"13063","5","533","75","0","2024","4","N",3,0,0,0,0,0,0,0,"N",1.85,0,0,0,0,0,0,0,"N",1,50.0,0,0,0,0,0,0,0,0,0,0,0,0,0,0
"13063","5","5331","76","0","2024","4","N",3,0,0,0,0,0,0,0,"N",1.85,0,0,0,0,0,0,0,"N",1,50.0,0,0,0,0,0,0,0,0,0,0,0,0,0,0
"13063","5","53311","77","0","2024","4","N",3,0,0,0,0,0,0,0,"N",1.85,0,0,0,0,0,0,0,"N",1,50.0,0,0,0,0,0,0,0,0,0,0,0,0,0,0
"13063","5","533110","78","0","2024","4","N",3,0,0,0,0,0,0,0,"N",1.85,0,0,0,0,0,0,0,"N",1,50.0,0,0,0,0,0,0,0,0,0,0,0,0,0,0
"13063","5","54","74","0","2024","4","",331,2037,2130,2163,34187176,6775819,55572,1246,"",0.44,0.23,0.24,0.24,0.11,0.85,0.56,0.49,"",32,10.7,-10,-0.5,114,5.7,101,4.9,1113882,3.4,3297805,94.8,-580,-1.0,0,0.0
"13063","5","541","75","0","2024","4","",331,2037,2130,2163,34187176,6775819,55572,1246,"",0.44,0.23,0.24,0.24,0.11,0.85,0.56,0.49,"",32,10.7,-10,-0.5,114,5.7,101,4.9,1113882,3.4,3297805,94.8,-580,-1.0,0,0.0
"13063","5","5411","76","0","2024","4","",47,162,162,156,3385765,208411,1878,1628,"",0.52,0.16,0.16,0.15,0.08,0.24,0.20,0.50,"",-2,-4.1,9,5.9,13,8.7,-1,-0.6,376920,12.5,2004,1.0,-615,-24.7,115,7.6
"13063","5","54111","77","0","2024","4","N",46,0,0,0,0,0,0,0,"N",0.57,0,0,0,0,0,0,0,"N",-2,-4.2,0,0,0,0,0,0,0,0,0,0,0,0,0,0
"13063","5","541110","78","0","2024","4","N",46,0,0,0,0,0,0,0,"N",0.57,0,0,0,0,0,0,0,"N",-2,-4.2,0,0,0,0,0,0,0,0,0,0,0,0,0,0
"13063","5","54119","77","0","2024","4","N",1,0,0,0,0,0,0,0,"N",0.11,0,0,0,0,0,0,0,"N",0,0.0,0,0,0,0,0,0,0,0,0,0,0,0,0,0
"13063","5","541191","78","0","2024","4","-",0,0,0,0,0,0,0,0,"N",0.00,0,0,0,0,0,0,0,"N",-1,-100.0,0,0,0,0,0,0,0,0,0,0,0,0,0,0
"13063","5","541199","78","0","2024","4","N",1,0,0,0,0,0,0,0,"N",0.21,0,0,0,0,0,0,0,"N",1,100.0,0,0,0,0,0,0,0,0,0,0,0,0,0,0
"13063","5","5412","76","0","2024","4","",90,208,223,250,2502086,233264,4452,848,"",1.13,0.22,0.24,0.26,0.10,0.25,0.37,0.42,"",9,11.1,-13,-5.9,-5,-2.2,-9,-3.5,-21390,-0.8,23991,11.5,584,15.1,25,3.0
"13063","5","54121","77","0","2024","4","",90,208,223,250,2502086,233264,4452,848,"",1.13,0.22,0.24,0.26,0.10,0.25,0.37,0.42,"",9,11.1,-13,-5.9,-5,-2.2,-9,-3.5,-21390,-0.8,23991,11.5,584,15.1,25,3.0
"13063","5","541211","78","0","2024","4","",17,80,80,81,1250244,69110,870,1197,"",0.63,0.18,0.18,0.18,0.09,0.20,0.27,0.49,"",2,13.3,9,12.7,9,12.7,11,15.7,177818,16.6,6744,10.8,24,2.8,30,2.6
"13063","5","541213","78","0","2024","4","",47,40,51,75,395644,51671,2043,550,"",2.92,0.67,0.69,0.85,0.40,0.84,1.79,0.54,"",2,4.4,7,21.2,10,24.4,5,7.1,67497,20.6,4747,10.1,816,66.5,24,4.6
"13063","5","541214","78","0","2024","4","",4,51,52,53,408623,94048,1119,604,"",0.70,0.26,0.27,0.27,0.08,0.36,0.23,0.31,"",0,0.0,-30,-37.0,-29,-35.8,-32,-37.6,-397045,-49.3,4855,5.4,-620,-35.7,-149,-19.8
"13063","5","541219","78","0","2024","4","",22,37,40,41,447575,18435,420,875,"",0.71,0.16,0.17,0.17,0.09,0.07,0.15,0.54,"",5,29.4,1,2.8,5,14.3,7,20.6,130340,41.1,7645,70.9,364,650.0,178,25.5
"13063","5","5413","76","0","2024","4","",25,256,253,260,9406982,3399185,1707,2823,"",0.34,0.18,0.18,0.18,0.22,3.03,0.13,1.19,"",4,19.0,27,11.8,9,3.7,8,3.2,185938,2.0,3232323,1937.1,-1236,-42.0,-112,-3.8
"13063","5","54132","77","0","2024","4","N",1,0,0,0,0,0,0,0,"N",0.31,0,0,0,0,0,0,0,"N",0,0.0,0,0,0,0,0,0,0,0,0,0,0,0,0,0
"13063","5","541320","78","0","2024","4","N",1,0,0,0,0,0,0,0,"N",0.31,0,0,0,0,0,0,0,"N",0,0.0,0,0,0,0,0,0,0,0,0,0,0,0,0,0
"13063","5","54133","77","0","2024","4","",17,249,246,251,9296584,3393007,1664,2876,"",0.39,0.25,0.25,0.25,0.29,4.49,0.18,1.13,"",0,0.0,25,11.2,7,2.9,4,1.6,111336,1.2,3227245,1946.9,-1278,-43.4,-109,-3.7
"13063","5","541330","78","0","2024","4","",17,249,246,251,9296584,3393007,1664,2876,"",0.39,0.25,0.25,0.25,0.29,4.49,0.18,1.13,"",0,0.0,25,11.2,7,2.9,4,1.6,111336,1.2,3227245,1946.9,-1278,-43.4,-109,-3.7
"13063","5","54134","77","0","2024","4","N",1,0,0,0,0,0,0,0,"N",0.65,0,0,0,0,0,0,0,"N",0,0.0,0,0,0,0,0,0,0,0,0,0,0,0,0,0
"13063","5","541340","78","0","2024","4","N",1,0,0,0,0,0,0,0,"N",0.65,0,0,0,0,0,0,0,"N",0,0.0,0,0,0,0,0,0,0,0,0,0,0,0,0,0
"13063","5","54135","77","0","2024","4","N",1,0,0,0,0,0,0,0,"N",0.27,0,0,0,0,0,0,0,"N",1,100.0,0,0,0,0,0,0,0,0,0,0,0,0,0,0
"13063","5","541350","78","0","2024","4","N",1,0,0,0,0,0,0,0,"N",0.27,0,0,0,0,0,0,0,"N",1,100.0,0,0,0,0,0,0,0,0,0,0,0,0,0,0
"13063","5","54137","77","0","2024","4","N",2,0,0,0,0,0,0,0,"N",0.55,0,0,0,0,0,0,0,"N",0,0.0,0,0,0,0,0,0,0,0,0,0,0,0,0,0
"13063","5","541370","78","0","2024","4","N",2,0,0,0,0,0,0,0,"N",0.55,0,0,0,0,0,0,0,"N",0,0.0,0,0,0,0,0,0,0,0,0,0,0,0,0,0
"13063","5","54138","77","0","2024","4","",3,4,4,4,86275,2428,41,1659,"",0.61,0.03,0.03,0.03,0.03,0.02,0.03,0.91,"N",3,100.0,0,0,0,0,0,0,0,0,0,0,0,0,0,0
"13063","5","541380","78","0","2024","4","",3,4,4,4,86275,2428,41,1659,"",0.61,0.03,0.03,0.03,0.03,0.02,0.03,0.91,"N",3,100.0,0,0,0,0,0,0,0,0,0,0,0,0,0,0
"13063","5","5414","76","0","2024","4","N",2,0,0,0,0,0,0,0,"N",0.10,0,0,0,0,0,0,0,"N",0,0.0,0,0,0,0,0,0,0,0,0,0,0,0,0,0
"13063","5","54141","77","0","2024","4","N",1,0,0,0,0,0,0,0,"N",0.12,0,0,0,0,0,0,0,"N",0,0.0,0,0,0,0,0,0,0,0,0,0,0,0,0,0
"13063","5","541410","78","0","2024","4","N",1,0,0,0,0,0,0,0,"N",0.12,0,0,0,0,0,0,0,"N",0,0.0,0,0,0,0,0,0,0,0,0,0,0,0,0,0
"13063","5","54143","77","0","2024","4","N",1,0,0,0,0,0,0,0,"N",0.12,0,0,0,0,0,0,0,"N",0,0.0,0,0,0,0,0,0,0,0,0,0,0,0,0,0
"13063","5","541430","78","0","2024","4","N",1,0,0,0,0,0,0,0,"N",0.12,0,0,0,0,0,0,0,"N",0,0.0,0,0,0,0,0,0,0,0,0,0,0,0,0,0
"13063","5","5415","76","0","2024","4","",46,815,888,897,9028522,2240647,37133,801,"",0.26,0.40,0.44,0.44,0.11,1.37,1.73,0.26,"",10,27.8,-20,-2.4,92,11.6,124,16.0,1029204,12.9,-2749,-0.1,1997,5.7,33,4.3
"13063","5","54151","77","0","2024","4","",46,815,888,897,9028522,2240647,37133,801,"",0.26,0.40,0.44,0.44,0.11,1.37,1.73,0.26,"",10,27.8,-20,-2.4,92,11.6,124,16.0,1029204,12.9,-2749,-0.1,1997,5.7,33,4.3
"13063","5","541511","78","0","2024","4","",11,18,20,20,890055,39196,865,3541,"",0.13,0.02,0.02,0.02,0.02,0.06,0.09,1.05,"N",0,0.0,0,0,0,0,0,0,0,0,0,0,0,0,0,0
"13063","5","541512","78","0","2024","4","N",24,0,0,0,0,0,0,0,"N",0.31,0,0,0,0,0,0,0,"N",7,41.2,0,0,0,0,0,0,0,0,0,0,0,0,0,0
"13063","5","541513","78","0","2024","4","",9,20,21,21,494805,18816,137,1842,"",3.10,0.31,0.33,0.33,0.23,0.43,0.25,0.71,"",1,12.5,-2,-9.1,-1,-4.5,-2,-8.7,15097,3.1,-281,-1.5,-190,-58.1,190,11.5
"13063","5","541519","78","0","2024","4","N",2,0,0,0,0,0,0,0,"N",0.13,0,0,0,0,0,0,0,"N",2,100.0,0,0,0,0,0,0,0,0,0,0,0,0,0,0
"13063","5","5416","76","0","2024","4","",80,431,430,426,8020243,543936,7878,1438,"",0.44,0.28,0.27,0.27,0.17,0.33,0.36,0.61,"",4,5.3,-26,-5.7,-29,-6.3,-33,-7.2,-633737,-7.3,40622,8.1,-1072,-12.0,-14,-1.0
"13063","5","54161","77","0","2024","4","",67,380,378,381,6884780,465538,7841,1395,"",0.45,0.29,0.29,0.29,0.17,0.34,0.43,0.58,"",4,6.3,-3,-0.8,-8,-2.1,-21,-5.2,-630807,-8.4,21500,4.8,-232,-2.9,-86,-5.8
"13063","5","541611","78","0","2024","4","",30,89,89,91,1336867,103812,1718,1147,"",0.39,0.13,0.12,0.13,0.05,0.14,0.18,0.43,"",-2,-6.2,-1,-1.1,3,3.5,13,16.7,-170608,-11.3,41180,65.7,1237,257.2,-223,-16.3
"13063","5","541612","78","0","2024","4","",5,4,4,3,127855,3400,2,2682,"",0.69,0.05,0.05,0.04,0.06,0.04,0.00,1.19,"N",0,0.0,0,0,0,0,0,0,0,0,0,0,0,0,0,0
"13063","5","541613","78","0","2024","4","",10,57,53,54,732615,146758,3837,1031,"",0.24,0.21,0.20,0.20,0.10,0.48,0.89,0.50,"N",3,42.9,0,0,0,0,0,0,0,0,0,0,0,0,0,0
"13063","5","541614","78","0","2024","4","",14,223,224,225,4575704,202843,2267,1571,"",1.63,1.66,1.64,1.63,1.51,1.50,1.29,0.92,"",0,0.0,-14,-5.9,-14,-5.9,-36,-13.8,-711753,-13.5,19371,10.6,-150,-6.2,-87,-5.2
"13063","5","541618","78","0","2024","4","",8,7,8,8,111739,8725,17,1121,"",0.49,0.06,0.07,0.07,0.03,0.08,0.01,0.49,"",3,60.0,1,16.7,2,33.3,3,60.0,25867,30.1,8725,100.0,17,100.0,-45,-3.9
"13063","5","54162","77","0","2024","4","",3,12,14,17,164243,37461,15,881,"",0.45,0.14,0.16,0.20,0.08,0.43,0.02,0.47,"N",0,0.0,0,0,0,0,0,0,0,0,0,0,0,0,0,0
"13063","5","541620","78","0","2024","4","",3,12,14,17,164243,37461,15,881,"",0.45,0.14,0.16,0.20,0.08,0.43,0.02,0.47,"N",0,0.0,0,0,0,0,0,0,0,0,0,0,0,0,0,0
"13063","5","54169","77","0","2024","4","",10,39,38,28,971220,40937,22,2135,"",0.40,0.22,0.21,0.15,0.17,0.20,0.01,0.89,"N",0,0.0,0,0,0,0,0,0,0,0,0,0,0,0,0,0
"13063","5","541690","78","0","2024","4","",10,39,38,28,971220,40937,22,2135,"",0.40,0.22,0.21,0.15,0.17,0.20,0.01,0.89,"N",0,0.0,0,0,0,0,0,0,0,0,0,0,0,0,0,0
"13063","5","5417","76","0","2024","4","N",5,0,0,0,0,0,0,0,"N",0.20,0,0,0,0,0,0,0,"N",0,0.0,0,0,0,0,0,0,0,0,0,0,0,0,0,0
"13063","5","54171","77","0","2024","4","N",5,0,0,0,0,0,0,0,"N",0.22,0,0,0,0,0,0,0,"N",0,0.0,0,0,0,0,0,0,0,0,0,0,0,0,0,0
"13063","5","541714","78","0","2024","4","N",1,0,0,0,0,0,0,0,"N",0.10,0,0,0,0,0,0,0,"N",0,0.0,0,0,0,0,0,0,0,0,0,0,0,0,0,0
"13063","5","541715","78","0","2024","4","N",4,0,0,0,0,0,0,0,"N",0.34,0,0,0,0,0,0,0,"N",0,0.0,0,0,0,0,0,0,0,0,0,0,0,0,0,0
"13063","5","5418","76","0","2024","4","",9,19,18,18,211777,50794,1359,889,"",0.26,0.05,0.04,0.04,0.02,0.14,0.28,0.43,"",3,50.0,11,137.5,9,100.0,10,125.0,109808,107.7,50341,11112.8,1347,11225.0,-52,-5.5
"13063","5","54181","77","0","2024","4","N",1,0,0,0,0,0,0,0,"N",0.06,0,0,0,0,0,0,0,"N",1,100.0,0,0,0,0,0,0,0,0,0,0,0,0,0,0
"13063","5","541810","78","0","2024","4","N",1,0,0,0,0,0,0,0,"N",0.06,0,0,0,0,0,0,0,"N",1,100.0,0,0,0,0,0,0,0,0,0,0,0,0,0,0
"13063","5","54182","77","0","2024","4","N",1,0,0,0,0,0,0,0,"N",0.15,0,0,0,0,0,0,0,"N",-1,-50.0,0,0,0,0,0,0,0,0,0,0,0,0,0,0
"13063","5","541820","78","0","2024","4","N",1,0,0,0,0,0,0,0,"N",0.15,0,0,0,0,0,0,0,"N",-1,-50.0,0,0,0,0,0,0,0,0,0,0,0,0,0,0
"13063","5","54184","77","0","2024","4","N",3,0,0,0,0,0,0,0,"N",1.81,0,0,0,0,0,0,0,"N",3,100.0,0,0,0,0,0,0,0,0,0,0,0,0,0,0
"13063","5","541840","78","0","2024","4","N",3,0,0,0,0,0,0,0,"N",1.81,0,0,0,0,0,0,0,"N",3,100.0,0,0,0,0,0,0,0,0,0,0,0,0,0,0
"13063","5","54187","77","0","2024","4","N",2,0,0,0,0,0,0,0,"N",1.09,0,0,0,0,0,0,0,"N",0,0.0,0,0,0,0,0,0,0,0,0,0,0,0,0,0
"13063","5","541870","78","0","2024","4","N",2,0,0,0,0,0,0,0,"N",1.09,0,0,0,0,0,0,0,"N",0,0.0,0,0,0,0,0,0,0,0,0,0,0,0,0,0
"13063","5","54189","77","0","2024","4","N",2,0,0,0,0,0,0,0,"N",0.45,0,0,0,0,0,0,0,"N",0,0.0,0,0,0,0,0,0,0,0,0,0,0,0,0,0
"13063","5","541890","78","0","2024","4","N",2,0,0,0,0,0,0,0,"N",0.45,0,0,0,0,0,0,0,"N",0,0.0,0,0,0,0,0,0,0,0,0,0,0,0,0,0
"13063","5","5419","76","0","2024","4","",27,134,145,145,1447720,96124,1148,788,"",0.44,0.18,0.20,0.19,0.10,0.11,0.12,0.54,"",4,17.4,4,3.1,28,23.9,5,3.6,188031,14.9,-50094,-34.3,-1588,-58.0,37,4.9
"13063","5","54192","77","0","2024","4","N",2,0,0,0,0,0,0,0,"N",0.27,0,0,0,0,0,0,0,"N",1,100.0,0,0,0,0,0,0,0,0,0,0,0,0,0,0
"13063","5","541921","78","0","2024","4","N",1,0,0,0,0,0,0,0,"N",0.19,0,0,0,0,0,0,0,"N",1,100.0,0,0,0,0,0,0,0,0,0,0,0,0,0,0
"13063","5","541922","78","0","2024","4","N",1,0,0,0,0,0,0,0,"N",0.48,0,0,0,0,0,0,0,"N",0,0.0,0,0,0,0,0,0,0,0,0,0,0,0,0,0
"13063","5","54193","77","0","2024","4","N",3,0,0,0,0,0,0,0,"N",1.35,0,0,0,0,0,0,0,"N",2,200.0,0,0,0,0,0,0,0,0,0,0,0,0,0,0
"13063","5","541930","78","0","2024","4","N",3,0,0,0,0,0,0,0,"N",1.35,0,0,0,0,0,0,0,"N",2,200.0,0,0,0,0,0,0,0,0,0,0,0,0,0,0
"13063","5","54194","77","0","2024","4","",9,44,47,48,430346,21816,46,714,"",0.59,0.11,0.12,0.12,0.08,0.05,0.01,0.65,"",0,0.0,-7,-13.7,-2,-4.1,-6,-11.1,-53534,-11.1,-10405,-32.3,-173,-79.0,-11,-1.5
"13063","5","541940","78","0","2024","4","",9,44,47,48,430346,21816,46,714,"",0.59,0.11,0.12,0.12,0.08,0.05,0.01,0.65,"",0,0.0,-7,-13.7,-2,-4.1,-6,-11.1,-53534,-11.1,-10405,-32.3,-173,-79.0,-11,-1.5
"13063","5","54199","77","0","2024","4","",13,81,89,88,833247,72359,1098,745,"",0.41,0.38,0.41,0.41,0.14,0.28,0.31,0.35,"",1,8.3,10,14.1,28,45.9,9,11.4,181933,27.9,-38551,-34.8,-1382,-55.7,33,4.6
"13063","5","541990","78","0","2024","4","",13,81,89,88,833247,72359,1098,745,"",0.41,0.38,0.41,0.41,0.14,0.28,0.31,0.35,"",1,8.3,10,14.1,28,45.9,9,11.4,181933,27.9,-38551,-34.8,-1382,-55.7,33,4.6
"13063","5","55","74","0","2024","4","",13,179,175,177,5113234,139432,5872,2222,"",0.30,0.08,0.08,0.08,0.06,0.06,0.25,0.74,"",6,85.7,12,7.2,6,3.6,9,5.4,258700,5.3,64104,85.1,5756,4962.1,-1,0.0
"13063","5","551","75","0","2024","4","",13,179,175,177,5113234,139432,5872,2222,"",0.30,0.08,0.08,0.08,0.06,0.06,0.25,0.74,"",6,85.7,12,7.2,6,3.6,9,5.4,258700,5.3,64104,85.1,5756,4962.1,-1,0.0
"13063","5","5511","76","0","2024","4","",13,179,175,177,5113234,139432,5872,2222,"",0.30,0.08,0.08,0.08,0.06,0.06,0.25,0.74,"",6,85.7,12,7.2,6,3.6,9,5.4,258700,5.3,64104,85.1,5756,4962.1,-1,0.0
"13063","5","55111","77","0","2024","4","",13,179,175,177,5113234,139432,5872,2222,"",0.30,0.08,0.08,0.08,0.06,0.06,0.25,0.74,"",6,85.7,12,7.2,6,3.6,9,5.4,258700,5.3,64104,85.1,5756,4962.1,-1,0.0
"13063","5","551112","78","0","2024","4","",7,18,18,19,493815,73918,5737,2072,"",1.06,0.24,0.24,0.25,0.16,1.10,6.82,0.66,"N",6,600.0,0,0,0,0,0,0,0,0,0,0,0,0,0,0
"13063","5","551114","78","0","2024","4","",6,161,157,158,4619419,65514,135,2240,"",0.17,0.08,0.07,0.07,0.06,0.03,0.01,0.74,"N",0,0.0,0,0,0,0,0,0,0,0,0,0,0,0,0,0
"13063","5","56","74","0","2024","4","",340,7010,7199,7438,75683979,17580516,183478,807,"",1.15,0.92,0.93,0.98,0.69,1.47,1.11,0.73,"",46,15.6,-365,-4.9,-63,-0.9,134,1.8,-1592464,-2.1,491328,2.9,-29698,-13.9,-6,-0.7
"13063","5","561","75","0","2024","4","",309,6568,6752,6988,67053491,17279787,178646,762,"",1.10,0.91,0.93,0.97,0.66,1.51,1.12,0.71,"",44,16.6,-213,-3.1,79,1.2,293,4.4,1242012,1.9,707760,4.3,-25935,-12.7,8,1.1
"13063","5","5611","76","0","2024","4","",15,225,231,228,1867052,684787,3383,630,"",0.41,0.43,0.44,0.43,0.13,1.48,0.62,0.31,"",2,15.4,70,45.2,73,46.2,84,58.3,169463,10.0,328443,92.2,736,27.8,-227,-26.5
"13063","5","56111","77","0","2024","4","",15,225,231,228,1867052,684787,3383,630,"",0.41,0.43,0.44,0.43,0.13,1.48,0.62,0.31,"",2,15.4,70,45.2,73,46.2,84,58.3,169463,10.0,328443,92.2,736,27.8,-227,-26.5
"13063","5","561110","78","0","2024","4","",15,225,231,228,1867052,684787,3383,630,"",0.41,0.43,0.44,0.43,0.13,1.48,0.62,0.31,"",2,15.4,70,45.2,73,46.2,84,58.3,169463,10.0,328443,92.2,736,27.8,-227,-26.5
"13063","5","5612","76","0","2024","4","",7,503,508,512,8478348,620830,5530,1285,"",2.03,3.43,3.45,3.47,3.75,3.98,3.00,1.09,"",-2,-22.2,-38,-7.0,-51,-9.1,-42,-7.6,518405,6.5,-105698,-14.5,1133,25.8,174,15.7
"13063","5","56121","77","0","2024","4","",7,503,508,512,8478348,620830,5530,1285,"",2.03,3.43,3.45,3.47,3.75,3.98,3.00,1.09,"",-2,-22.2,-38,-7.0,-51,-9.1,-42,-7.6,518405,6.5,-105698,-14.5,1133,25.8,174,15.7
"13063","5","561210","78","0","2024","4","",7,503,508,512,8478348,620830,5530,1285,"",2.03,3.43,3.45,3.47,3.75,3.98,3.00,1.09,"",-2,-22.2,-38,-7.0,-51,-9.1,-42,-7.6,518405,6.5,-105698,-14.5,1133,25.8,174,15.7
"13063","5","5613","76","0","2024","4","",115,3510,3608,3793,32427054,11604863,109433,686,"",1.76,1.27,1.28,1.35,0.87,1.94,1.23,0.67,"",20,21.1,-380,-9.8,-431,-10.7,-263,-6.5,-2407246,-6.9,-1150728,-9.0,-49472,-31.1,15,2.2
"13063","5","56131","77","0","2024","4","",16,165,168,169,2173289,301060,5219,999,"",1.02,0.69,0.69,0.69,0.48,0.68,0.72,0.69,"",3,23.1,-15,-8.3,-16,-8.7,-30,-15.1,182880,9.2,-136131,-31.1,-4821,-48.0,183,22.4
"13063","5","561311","78","0","2024","4","N",15,0,0,0,0,0,0,0,"N",1.27,0,0,0,0,0,0,0,"N",3,25.0,0,0,0,0,0,0,0,0,0,0,0,0,0,0
"13063","5","561312","78","0","2024","4","N",1,0,0,0,0,0,0,0,"N",0.26,0,0,0,0,0,0,0,"N",0,0.0,0,0,0,0,0,0,0,0,0,0,0,0,0,0
"13063","5","56132","77","0","2024","4","",73,2784,2740,2822,26621222,9860080,68612,736,"",1.77,1.28,1.24,1.28,1.03,1.97,0.93,0.81,"",12,19.7,-303,-9.8,-302,-9.9,-26,-0.9,-155881,-0.6,-497157,-4.8,-35844,-34.3,48,7.0
"13063","5","561320","78","0","2024","4","",73,2784,2740,2822,26621222,9860080,68612,736,"",1.77,1.28,1.24,1.28,1.03,1.97,0.93,0.81,"",12,19.7,-303,-9.8,-302,-9.9,-26,-0.9,-155881,-0.6,-497157,-4.8,-35844,-34.3,48,7.0
"13063","5","56133","77","0","2024","4","",26,561,700,802,3632543,1443723,35602,406,"",3.04,1.59,1.95,2.23,0.52,2.80,4.74,0.27,"",5,23.8,-62,-10.0,-113,-13.9,-207,-20.5,-2434245,-40.1,-517440,-26.4,-8807,-19.8,-167,-29.1
"13063","5","561330","78","0","2024","4","",26,561,700,802,3632543,1443723,35602,406,"",3.04,1.59,1.95,2.23,0.52,2.80,4.74,0.27,"",5,23.8,-62,-10.0,-113,-13.9,-207,-20.5,-2434245,-40.1,-517440,-26.4,-8807,-19.8,-167,-29.1
"13063","5","5614","76","0","2024","4","",38,551,589,603,5171939,1715478,44289,685,"",1.43,0.97,1.02,1.05,0.57,2.55,5.41,0.57,"",11,40.7,335,155.1,370,168.9,386,177.9,2695825,108.9,1383619,416.9,37120,517.8,-191,-21.8
"13063","5","56141","77","0","2024","4","N",4,0,0,0,0,0,0,0,"N",1.19,0,0,0,0,0,0,0,"N",3,300.0,0,0,0,0,0,0,0,0,0,0,0,0,0,0
"13063","5","561410","78","0","2024","4","N",4,0,0,0,0,0,0,0,"N",1.19,0,0,0,0,0,0,0,"N",3,300.0,0,0,0,0,0,0,0,0,0,0,0,0,0,0
"13063","5","56142","77","0","2024","4","",12,416,451,471,3334630,1540713,40747,575,"",1.79,1.44,1.51,1.59,0.85,4.06,8.76,0.56,"N",2,20.0,0,0,0,0,0,0,0,0,0,0,0,0,0,0
"13063","5","561421","78","0","2024","4","N",2,0,0,0,0,0,0,0,"N",1.42,0,0,0,0,0,0,0,"N",-1,-33.3,0,0,0,0,0,0,0,0,0,0,0,0,0,0
"13063","5","561422","78","0","2024","4","N",10,0,0,0,0,0,0,0,"N",1.89,0,0,0,0,0,0,0,"N",3,42.9,0,0,0,0,0,0,0,0,0,0,0,0,0,0
"13063","5","56143","77","0","2024","4","",7,67,67,67,943221,48751,538,1083,"",1.42,1.06,1.05,1.03,1.28,0.67,0.70,1.23,"",-1,-12.5,11,19.6,3,4.7,1,1.5,46690,5.2,-21520,-30.6,-1067,-66.5,-29,-2.6
"13063","5","561431","78","0","2024","4","",4,28,29,28,156680,42509,533,425,"",1.65,0.96,0.97,0.92,0.61,1.07,1.27,0.65,"",-1,-20.0,1,3.7,-6,-17.1,-7,-20.0,-36175,-18.8,-19908,-31.9,-1036,-66.0,-34,-7.4
"13063","5","561439","78","0","2024","4","",3,39,38,39,786541,6242,5,1565,"",1.20,1.15,1.12,1.14,1.64,0.19,0.01,1.45,"",0,0.0,10,34.5,9,31.0,8,25.8,82865,11.8,-1612,-20.5,-31,-86.1,-260,-14.2
"13063","5","56144","77","0","2024","4","N",1,0,0,0,0,0,0,0,"N",0.38,0,0,0,0,0,0,0,"N",-1,-50.0,0,0,0,0,0,0,0,0,0,0,0,0,0,0
"13063","5","561440","78","0","2024","4","N",1,0,0,0,0,0,0,0,"N",0.38,0,0,0,0,0,0,0,"N",-1,-50.0,0,0,0,0,0,0,0,0,0,0,0,0,0,0
"13063","5","56149","77","0","2024","4","",14,65,68,62,842268,124589,2986,997,"",1.67,0.70,0.74,0.68,0.43,1.20,2.00,0.61,"",8,133.3,9,16.1,11,19.3,6,10.7,103663,14.0,-13591,-9.8,-102,-3.3,-12,-1.2
"13063","5","561491","78","0","2024","4","N",2,0,0,0,0,0,0,0,"N",5.48,0,0,0,0,0,0,0,"N",0,0.0,0,0,0,0,0,0,0,0,0,0,0,0,0,0
"13063","5","561492","78","0","2024","4","N",1,0,0,0,0,0,0,0,"N",0.72,0,0,0,0,0,0,0,"N",0,0.0,0,0,0,0,0,0,0,0,0,0,0,0,0,0
"13063","5","561499","78","0","2024","4","N",11,0,0,0,0,0,0,0,"N",1.66,0,0,0,0,0,0,0,"N",8,266.7,0,0,0,0,0,0,0,0,0,0,0,0,0,0
"13063","5","5615","76","0","2024","4","",4,22,21,21,382553,4541,147,1379,"",0.41,0.14,0.14,0.14,0.10,0.03,0.09,0.74,"",-1,-20.0,-3,-12.0,-4,-16.0,-3,-12.5,-76271,-16.6,-10095,-69.0,-265,-64.3,-52,-3.6
"13063","5","56151","77","0","2024","4","N",2,0,0,0,0,0,0,0,"N",0.34,0,0,0,0,0,0,0,"N",0,0.0,0,0,0,0,0,0,0,0,0,0,0,0,0,0
"13063","5","561510","78","0","2024","4","N",2,0,0,0,0,0,0,0,"N",0.34,0,0,0,0,0,0,0,"N",0,0.0,0,0,0,0,0,0,0,0,0,0,0,0,0,0
"13063","5","56159","77","0","2024","4","N",2,0,0,0,0,0,0,0,"N",0.80,0,0,0,0,0,0,0,"N",-1,-33.3,0,0,0,0,0,0,0,0,0,0,0,0,0,0
"13063","5","561599","78","0","2024","4","N",2,0,0,0,0,0,0,0,"N",0.97,0,0,0,0,0,0,0,"N",-1,-33.3,0,0,0,0,0,0,0,0,0,0,0,0,0,0
"13063","5","5616","76","0","2024","4","",37,744,751,746,9194044,1257090,7216,947,"",2.20,0.85,0.85,0.86,0.92,1.08,0.49,1.08,"",8,27.6,203,37.5,189,33.6,180,31.8,2900871,46.1,316158,33.6,-3161,-30.5,77,8.9
"13063","5","56161","77","0","2024","4","",27,603,606,603,6138995,1080961,4516,782,"",2.63,0.81,0.81,0.82,0.83,1.04,0.34,1.02,"",5,22.7,216,55.8,200,49.3,184,43.9,2712412,79.2,365658,51.1,-2824,-38.5,130,19.9
"13063","5","561611","78","0","2024","4","N",2,0,0,0,0,0,0,0,"N",0.81,0,0,0,0,0,0,0,"N",0,0.0,0,0,0,0,0,0,0,0,0,0,0,0,0,0
"13063","5","561612","78","0","2024","4","",24,546,548,543,5146964,1004331,3955,726,"",3.24,0.79,0.79,0.80,0.79,1.03,0.32,0.99,"",5,26.3,198,56.9,179,48.5,161,42.1,2358429,84.6,314635,45.6,-3147,-44.3,140,23.9
"13063","5","561613","78","0","2024","4","N",1,0,0,0,0,0,0,0,"N",2.58,0,0,0,0,0,0,0,"N",0,0.0,0,0,0,0,0,0,0,0,0,0,0,0,0,0
"13063","5","56162","77","0","2024","4","",10,141,145,143,3055049,176129,2700,1643,"",1.52,1.08,1.10,1.07,1.19,1.37,1.97,1.09,"",3,42.9,-13,-8.4,-11,-7.1,-4,-2.7,188459,6.6,-49500,-21.9,-337,-11.1,195,13.5
"13063","5","561621","78","0","2024","4","N",5,0,0,0,0,0,0,0,"N",1.05,0,0,0,0,0,0,0,"N",1,25.0,0,0,0,0,0,0,0,0,0,0,0,0,0,0
"13063","5","561622","78","0","2024","4","N",5,0,0,0,0,0,0,0,"N",2.74,0,0,0,0,0,0,0,"N",2,66.7,0,0,0,0,0,0,0,0,0,0,0,0,0,0
"13063","5","5617","76","0","2024","4","",80,836,872,877,7652924,1175026,7870,683,"",0.74,0.44,0.46,0.48,0.38,0.47,0.24,0.82,"",8,11.1,35,4.4,72,9.0,76,9.5,-545604,-6.7,324120,38.1,-2120,-21.2,-105,-13.3
"13063","5","56171","77","0","2024","4","N",4,0,0,0,0,0,0,0,"N",0.53,0,0,0,0,0,0,0,"N",-1,-20.0,0,0,0,0,0,0,0,0,0,0,0,0,0,0
"13063","5","561710","78","0","2024","4","N",4,0,0,0,0,0,0,0,"N",0.53,0,0,0,0,0,0,0,"N",-1,-20.0,0,0,0,0,0,0,0,0,0,0,0,0,0,0
"13063","5","56172","77","0","2024","4","",43,513,563,578,3600180,873503,5014,502,"",1.21,0.58,0.63,0.65,0.49,0.73,0.40,0.79,"",9,26.5,97,23.3,132,30.6,145,33.5,559706,18.4,313337,55.9,580,13.1,-46,-8.4
"13063","5","561720","78","0","2024","4","",43,513,563,578,3600180,873503,5014,502,"",1.21,0.58,0.63,0.65,0.49,0.73,0.40,0.79,"",9,26.5,97,23.3,132,30.6,145,33.5,559706,18.4,313337,55.9,580,13.1,-46,-8.4
"13063","5","56173","77","0","2024","4","",24,184,173,176,2352528,82859,990,1019,"",0.46,0.23,0.23,0.25,0.24,0.08,0.06,1.02,"",0,0.0,-68,-27.0,-67,-27.9,-62,-26.1,-1194991,-33.7,-125071,-60.2,-4129,-80.7,-102,-9.1
"13063","5","561730","78","0","2024","4","",24,184,173,176,2352528,82859,990,1019,"",0.46,0.23,0.23,0.25,0.24,0.08,0.06,1.02,"",0,0.0,-68,-27.0,-67,-27.9,-62,-26.1,-1194991,-33.7,-125071,-60.2,-4129,-80.7,-102,-9.1
"13063","5","56174","77","0","2024","4","N",1,0,0,0,0,0,0,0,"N",0.34,0,0,0,0,0,0,0,"N",0,0.0,0,0,0,0,0,0,0,0,0,0,0,0,0,0
"13063","5","561740","78","0","2024","4","N",1,0,0,0,0,0,0,0,"N",0.34,0,0,0,0,0,0,0,"N",0,0.0,0,0,0,0,0,0,0,0,0,0,0,0,0,0
"13063","5","56179","77","0","2024","4","",8,56,55,40,632392,127552,1421,966,"",0.88,0.60,0.60,0.44,0.52,1.10,0.80,0.95,"",0,0.0,11,24.4,10,22.2,-6,-13.0,96601,18.0,101460,388.9,1242,693.9,57,6.3
"13063","5","561790","78","0","2024","4","",8,56,55,40,632392,127552,1421,966,"",0.88,0.60,0.60,0.44,0.52,1.10,0.80,0.95,"",0,0.0,11,24.4,10,22.2,-6,-13.0,96601,18.0,101460,388.9,1242,693.9,57,6.3
"13063","5","5619","76","0","2024","4","",13,177,172,208,1879577,217172,778,779,"",0.92,0.64,0.62,0.76,0.44,0.57,0.13,0.66,"",-2,-13.3,-435,-71.1,-139,-44.7,-125,-37.5,-2013431,-51.7,-378059,-63.5,-9906,-92.7,64,9.0
"13063","5","56191","77","0","2024","4","N",1,0,0,0,0,0,0,0,"N",0.77,0,0,0,0,0,0,0,"N",0,0.0,0,0,0,0,0,0,0,0,0,0,0,0,0,0
"13063","5","561910","78","0","2024","4","N",1,0,0,0,0,0,0,0,"N",0.77,0,0,0,0,0,0,0,"N",0,0.0,0,0,0,0,0,0,0,0,0,0,0,0,0,0
"13063","5","56192","77","0","2024","4","N",2,0,0,0,0,0,0,0,"N",0.58,0,0,0,0,0,0,0,"N",-1,-33.3,0,0,0,0,0,0,0,0,0,0,0,0,0,0
"13063","5","561920","78","0","2024","4","N",2,0,0,0,0,0,0,0,"N",0.58,0,0,0,0,0,0,0,"N",-1,-33.3,0,0,0,0,0,0,0,0,0,0,0,0,0,0
"13063","5","56199","77","0","2024","4","",10,120,108,119,646818,82004,670,430,"",1.07,0.68,0.62,0.68,0.25,0.33,0.19,0.39,"",-1,-9.1,-442,-78.6,-144,-57.1,-149,-55.6,-2165140,-77.0,-383390,-82.4,-9853,-93.6,-170,-28.3
"13063","5","561990","78","0","2024","4","",10,120,108,119,646818,82004,670,430,"",1.07,0.68,0.62,0.68,0.25,0.33,0.19,0.39,"",-1,-9.1,-442,-78.6,-144,-57.1,-149,-55.6,-2165140,-77.0,-383390,-82.4,-9853,-93.6,-170,-28.3
"13063","5","562","75","0","2024","4","",31,442,447,450,8630488,300729,4832,1487,"",1.96,1.04,1.04,1.05,0.99,0.63,0.79,0.95,"",2,6.9,-152,-25.6,-142,-24.1,-159,-26.1,-2834476,-24.7,-216432,-41.9,-3763,-43.8,11,0.7
"13063","5","5621","76","0","2024","4","",13,91,95,97,1622020,171757,3430,1323,"",2.14,0.50,0.52,0.53,0.44,0.86,1.56,0.85,"",2,18.2,14,18.2,20,26.7,19,24.4,311528,23.8,55019,47.1,1810,111.7,8,0.6
"13063","5","56211","77","0","2024","4","",13,91,95,97,1622020,171757,3430,1323,"",2.14,0.50,0.52,0.53,0.44,0.86,1.56,0.85,"",2,18.2,14,18.2,20,26.7,19,24.4,311528,23.8,55019,47.1,1810,111.7,8,0.6
"13063","5","562111","78","0","2024","4","N",9,0,0,0,0,0,0,0,"N",1.92,0,0,0,0,0,0,0,"N",3,50.0,0,0,0,0,0,0,0,0,0,0,0,0,0,0
"13063","5","562112","78","0","2024","4","",3,66,69,72,1253015,133159,2466,1397,"",8.99,6.14,6.37,6.55,1.72,16.02,21.90,0.27,"",0,0.0,7,11.9,10,16.9,10,16.1,175570,16.3,43084,47.8,1108,81.6,16,1.2
"13063","5","562119","78","0","2024","4","N",1,0,0,0,0,0,0,0,"N",0.95,0,0,0,0,0,0,0,"N",-1,-50.0,0,0,0,0,0,0,0,0,0,0,0,0,0,0
"13063","5","5622","76","0","2024","4","",7,146,145,140,3113033,72034,1018,1667,"",3.48,1.63,1.60,1.53,1.53,0.96,1.35,0.97,"",-1,-12.5,-39,-21.1,-35,-19.4,-38,-21.3,-1141072,-26.8,-4043,-5.3,412,68.0,-141,-7.8
"13063","5","56221","77","0","2024","4","",7,146,145,140,3113033,72034,1018,1667,"",3.48,1.63,1.60,1.53,1.53,0.96,1.35,0.97,"",-1,-12.5,-39,-21.1,-35,-19.4,-38,-21.3,-1141072,-26.8,-4043,-5.3,412,68.0,-141,-7.8
"13063","5","562211","78","0","2024","4","N",1,0,0,0,0,0,0,0,"N",1.64,0,0,0,0,0,0,0,"N",0,0.0,0,0,0,0,0,0,0,0,0,0,0,0,0,0
"13063","5","562212","78","0","2024","4","N",5,0,0,0,0,0,0,0,"N",6.94,0,0,0,0,0,0,0,"N",0,0.0,0,0,0,0,0,0,0,0,0,0,0,0,0,0
"13063","5","562219","78","0","2024","4","N",1,0,0,0,0,0,0,0,"N",1.67,0,0,0,0,0,0,0,"N",-1,-50.0,0,0,0,0,0,0,0,0,0,0,0,0,0,0
"13063","5","5629","76","0","2024","4","",11,205,207,213,3895435,56938,384,1438,"",1.42,1.34,1.35,1.39,1.30,0.28,0.12,0.95,"",1,10.0,-127,-38.3,-127,-38.0,-140,-39.7,-2004932,-34.0,-267408,-82.4,-5985,-94.0,102,7.6
"13063","5","56291","77","0","2024","4","N",4,0,0,0,0,0,0,0,"N",1.04,0,0,0,0,0,0,0,"N",1,33.3,0,0,0,0,0,0,0,0,0,0,0,0,0,0
"13063","5","562910","78","0","2024","4","N",4,0,0,0,0,0,0,0,"N",1.04,0,0,0,0,0,0,0,"N",1,33.3,0,0,0,0,0,0,0,0,0,0,0,0,0,0
"13063","5","56292","77","0","2024","4","N",1,0,0,0,0,0,0,0,"N",1.30,0,0,0,0,0,0,0,"N",0,0.0,0,0,0,0,0,0,0,0,0,0,0,0,0,0
"13063","5","562920","78","0","2024","4","N",1,0,0,0,0,0,0,0,"N",1.30,0,0,0,0,0,0,0,"N",0,0.0,0,0,0,0,0,0,0,0,0,0,0,0,0,0
"13063","5","56299","77","0","2024","4","N",6,0,0,0,0,0,0,0,"N",1.92,0,0,0,0,0,0,0,"N",0,0.0,0,0,0,0,0,0,0,0,0,0,0,0,0,0
"13063","5","562998","78","0","2024","4","N",6,0,0,0,0,0,0,0,"N",5.11,0,0,0,0,0,0,0,"N",1,20.0,0,0,0,0,0,0,0,0,0,0,0,0,0,0
"13063","5","61","74","0","2024","4","",38,1750,1714,1712,22068834,1788794,21332,984,"",0.53,0.64,0.62,0.62,0.52,1.19,1.31,0.83,"",5,15.2,107,6.5,71,4.3,88,5.4,2095170,10.5,280544,18.6,-8318,-28.1,45,4.8
"13063","5","611","75","0","2024","4","",38,1750,1714,1712,22068834,1788794,21332,984,"",0.53,0.64,0.62,0.62,0.52,1.19,1.31,0.83,"",5,15.2,107,6.5,71,4.3,88,5.4,2095170,10.5,280544,18.6,-8318,-28.1,45,4.8
"13063","5","6111","76","0","2024","4","",8,1369,1347,1356,18054795,1055604,10697,1023,"",0.85,1.66,1.60,1.62,1.67,2.04,2.28,1.02,"",0,0.0,4,0.3,-22,-1.6,-2,-0.1,1026015,6.0,-33397,-3.1,-8746,-45.0,63,6.6
"13063","5","61111","77","0","2024","4","",8,1369,1347,1356,18054795,1055604,10697,1023,"",0.85,1.66,1.60,1.62,1.67,2.04,2.28,1.02,"",0,0.0,4,0.3,-22,-1.6,-2,-0.1,1026015,6.0,-33397,-3.1,-8746,-45.0,63,6.6
"13063","5","611110","78","0","2024","4","",8,1369,1347,1356,18054795,1055604,10697,1023,"",0.85,1.66,1.60,1.62,1.67,2.04,2.28,1.02,"",0,0.0,4,0.3,-22,-1.6,-2,-0.1,1026015,6.0,-33397,-3.1,-8746,-45.0,63,6.6
"13063","5","6112","76","0","2024","4","N",1,0,0,0,0,0,0,0,"N",2.12,0,0,0,0,0,0,0,"N",0,0.0,0,0,0,0,0,0,0,0,0,0,0,0,0,0
"13063","5","61121","77","0","2024","4","N",1,0,0,0,0,0,0,0,"N",2.12,0,0,0,0,0,0,0,"N",0,0.0,0,0,0,0,0,0,0,0,0,0,0,0,0,0
"13063","5","611210","78","0","2024","4","N",1,0,0,0,0,0,0,0,"N",2.12,0,0,0,0,0,0,0,"N",0,0.0,0,0,0,0,0,0,0,0,0,0,0,0,0,0
"13063","5","6113","76","0","2024","4","N",3,0,0,0,0,0,0,0,"N",0.49,0,0,0,0,0,0,0,"N",2,200.0,0,0,0,0,0,0,0,0,0,0,0,0,0,0
"13063","5","61131","77","0","2024","4","N",3,0,0,0,0,0,0,0,"N",0.49,0,0,0,0,0,0,0,"N",2,200.0,0,0,0,0,0,0,0,0,0,0,0,0,0,0
"13063","5","611310","78","0","2024","4","N",3,0,0,0,0,0,0,0,"N",0.49,0,0,0,0,0,0,0,"N",2,200.0,0,0,0,0,0,0,0,0,0,0,0,0,0,0
"13063","5","6114","76","0","2024","4","N",7,0,0,0,0,0,0,0,"N",0.81,0,0,0,0,0,0,0,"N",1,16.7,0,0,0,0,0,0,0,0,0,0,0,0,0,0
"13063","5","61142","77","0","2024","4","N",4,0,0,0,0,0,0,0,"N",2.15,0,0,0,0,0,0,0,"N",1,33.3,0,0,0,0,0,0,0,0,0,0,0,0,0,0
"13063","5","611420","78","0","2024","4","N",4,0,0,0,0,0,0,0,"N",2.15,0,0,0,0,0,0,0,"N",1,33.3,0,0,0,0,0,0,0,0,0,0,0,0,0,0
"13063","5","61143","77","0","2024","4","N",3,0,0,0,0,0,0,0,"N",0.45,0,0,0,0,0,0,0,"N",0,0.0,0,0,0,0,0,0,0,0,0,0,0,0,0,0
"13063","5","611430","78","0","2024","4","N",3,0,0,0,0,0,0,0,"N",0.45,0,0,0,0,0,0,0,"N",0,0.0,0,0,0,0,0,0,0,0,0,0,0,0,0,0
"13063","5","6115","76","0","2024","4","",6,265,256,252,2562419,497215,4405,765,"",1.14,2.47,2.36,2.34,1.57,4.17,2.97,0.66,"",2,50.0,137,107.0,130,103.2,127,101.6,1080460,72.9,279701,128.6,-620,-12.3,-137,-15.2
"13063","5","61151","77","0","2024","4","",6,265,256,252,2562419,497215,4405,765,"",1.14,2.47,2.36,2.34,1.57,4.17,2.97,0.66,"",2,50.0,137,107.0,130,103.2,127,101.6,1080460,72.9,279701,128.6,-620,-12.3,-137,-15.2
"13063","5","611511","78","0","2024","4","N",2,0,0,0,0,0,0,0,"N",2.33,0,0,0,0,0,0,0,"N",0,0.0,0,0,0,0,0,0,0,0,0,0,0,0,0,0
"13063","5","611519","78","0","2024","4","N",4,0,0,0,0,0,0,0,"N",1.38,0,0,0,0,0,0,0,"N",2,100.0,0,0,0,0,0,0,0,0,0,0,0,0,0,0
"13063","5","6116","76","0","2024","4","",9,15,14,7,118366,17186,442,759,"",0.32,0.03,0.03,0.02,0.04,0.04,0.08,1.43,"",0,0.0,-46,-75.4,-46,-76.7,-48,-87.3,-167761,-58.6,-60212,-77.8,-1588,-78.2,384,102.4
"13063","5","61161","77","0","2024","4","-",0,0,0,0,0,0,0,0,"N",0.00,0,0,0,0,0,0,0,"N",0,0,0,0,0,0,0,0,0,0,0,0,0,0,0,0
"13063","5","611610","78","0","2024","4","-",0,0,0,0,0,0,0,0,"N",0.00,0,0,0,0,0,0,0,"N",0,0,0,0,0,0,0,0,0,0,0,0,0,0,0,0
"13063","5","61162","77","0","2024","4","N",3,0,0,0,0,0,0,0,"N",0.32,0,0,0,0,0,0,0,"N",0,0.0,0,0,0,0,0,0,0,0,0,0,0,0,0,0
"13063","5","611620","78","0","2024","4","N",3,0,0,0,0,0,0,0,"N",0.32,0,0,0,0,0,0,0,"N",0,0.0,0,0,0,0,0,0,0,0,0,0,0,0,0,0
"13063","5","61169","77","0","2024","4","N",6,0,0,0,0,0,0,0,"N",0.53,0,0,0,0,0,0,0,"N",0,0.0,0,0,0,0,0,0,0,0,0,0,0,0,0,0
"13063","5","611691","78","0","2024","4","N",4,0,0,0,0,0,0,0,"N",0.81,0,0,0,0,0,0,0,"N",-1,-20.0,0,0,0,0,0,0,0,0,0,0,0,0,0,0
"13063","5","611692","78","0","2024","4","N",1,0,0,0,0,0,0,0,"N",0.84,0,0,0,0,0,0,0,"N",1,100.0,0,0,0,0,0,0,0,0,0,0,0,0,0,0
"13063","5","611699","78","0","2024","4","N",1,0,0,0,0,0,0,0,"N",0.19,0,0,0,0,0,0,0,"N",0,0.0,0,0,0,0,0,0,0,0,0,0,0,0,0,0
"13063","5","6117","76","0","2024","4","N",4,0,0,0,0,0,0,0,"N",0.29,0,0,0,0,0,0,0,"N",0,0.0,0,0,0,0,0,0,0,0,0,0,0,0,0,0
"13063","5","61171","77","0","2024","4","N",4,0,0,0,0,0,0,0,"N",0.29,0,0,0,0,0,0,0,"N",0,0.0,0,0,0,0,0,0,0,0,0,0,0,0,0,0
"13063","5","611710","78","0","2024","4","N",4,0,0,0,0,0,0,0,"N",0.29,0,0,0,0,0,0,0,"N",0,0.0,0,0,0,0,0,0,0,0,0,0,0,0,0,0
"13063","5","62","74","0","2024","4","",543,8375,8359,8389,127672674,10885517,96426,1173,"",0.61,0.45,0.44,0.44,0.42,0.71,0.60,0.95,"",24,4.6,-214,-2.5,-196,-2.3,-134,-1.6,1586605,1.3,174578,1.6,-8237,-7.9,39,3.4
"13063","5","621","75","0","2024","4","",357,4830,4850,4894,88649822,5606136,54247,1404,"",1.12,0.66,0.65,0.65,0.61,0.78,0.73,0.94,"",20,5.9,-359,-6.9,-301,-5.8,-220,-4.3,-237029,-0.3,-43330,-0.8,-694,-1.3,77,5.8
"13063","5","6211","76","0","2024","4","",116,1574,1580,1587,34676062,1981394,16748,1688,"",1.12,0.64,0.63,0.63,0.48,1.02,0.90,0.76,"",4,3.6,-142,-8.3,-109,-6.5,-77,-4.6,-65038,-0.2,331881,20.1,850,5.3,106,6.7
"13063","5","62111","77","0","2024","4","",116,1574,1580,1587,34676062,1981394,16748,1688,"",1.12,0.64,0.63,0.63,0.48,1.02,0.90,0.76,"",4,3.6,-142,-8.3,-109,-6.5,-77,-4.6,-65038,-0.2,331881,20.1,850,5.3,106,6.7
"13063","5","621111","78","0","2024","4","",106,1092,1095,1099,27292238,1037256,9362,1917,"",1.10,0.46,0.45,0.45,0.39,0.56,0.53,0.85,"",4,3.9,-86,-7.3,-63,-5.4,-68,-5.8,242917,0.9,103902,11.1,1798,23.8,135,7.6
"13063","5","621112","78","0","2024","4","",10,482,485,488,7383824,944138,7386,1171,"",1.43,6.88,6.83,6.88,5.22,12.23,7.82,0.76,"",0,0.0,-56,-10.4,-46,-8.7,-9,-1.8,-307955,-4.0,227979,31.8,-948,-11.4,38,3.4
"13063","5","6212","76","0","2024","4","",45,333,327,326,4821050,257254,1987,1128,"",0.77,0.39,0.37,0.37,0.32,0.24,0.20,0.86,"",-2,-4.3,-9,-2.6,-8,-2.4,-10,-3.0,-42840,-0.9,-38799,-13.1,334,20.2,20,1.8
"13063","5","62121","77","0","2024","4","",45,333,327,326,4821050,257254,1987,1128,"",0.77,0.39,0.37,0.37,0.32,0.24,0.20,0.86,"",-2,-4.3,-9,-2.6,-8,-2.4,-10,-3.0,-42840,-0.9,-38799,-13.1,334,20.2,20,1.8
"13063","5","621210","78","0","2024","4","",45,333,327,326,4821050,257254,1987,1128,"",0.77,0.39,0.37,0.37,0.32,0.24,0.20,0.86,"",-2,-4.3,-9,-2.6,-8,-2.4,-10,-3.0,-42840,-0.9,-38799,-13.1,334,20.2,20,1.8
"13063","5","6213","76","0","2024","4","",71,1395,1388,1390,18568237,1364607,11579,1027,"",0.79,1.35,1.32,1.31,1.35,1.01,0.80,1.02,"",9,14.5,55,4.1,46,3.4,44,3.3,843021,4.8,-79497,-5.5,-301,-2.5,11,1.1
"13063","5","62131","77","0","2024","4","",18,50,55,54,614486,103750,1036,892,"",1.07,0.42,0.45,0.44,0.45,0.63,0.74,1.04,"",3,20.0,-1,-2.0,6,12.2,3,5.9,-437358,-41.6,-8393,-7.5,-109,-9.5,-716,-44.5
"13063","5","621310","78","0","2024","4","",18,50,55,54,614486,103750,1036,892,"",1.07,0.42,0.45,0.44,0.45,0.63,0.74,1.04,"",3,20.0,-1,-2.0,6,12.2,3,5.9,-437358,-41.6,-8393,-7.5,-109,-9.5,-716,-44.5
"13063","5","62132","77","0","2024","4","",12,135,137,134,1595784,192912,2291,907,"",1.31,1.07,1.07,1.03,0.90,1.23,1.80,0.85,"",2,20.0,16,13.4,16,13.2,14,11.7,303085,23.4,47508,32.7,462,25.3,78,9.4
"13063","5","621320","78","0","2024","4","",12,135,137,134,1595784,192912,2291,907,"",1.31,1.07,1.07,1.03,0.90,1.23,1.80,0.85,"",2,20.0,16,13.4,16,13.2,14,11.7,303085,23.4,47508,32.7,462,25.3,78,9.4
"13063","5","62133","77","0","2024","4","",10,36,36,37,424752,39904,1004,899,"",0.48,0.17,0.16,0.17,0.15,0.12,0.24,0.94,"",2,25.0,5,16.1,5,16.1,6,19.4,70170,19.8,-25554,-39.0,-320,-24.2,19,2.2
"13063","5","621330","78","0","2024","4","",10,36,36,37,424752,39904,1004,899,"",0.48,0.17,0.16,0.17,0.15,0.12,0.24,0.94,"",2,25.0,5,16.1,5,16.1,6,19.4,70170,19.8,-25554,-39.0,-320,-24.2,19,2.2
"13063","5","62134","77","0","2024","4","N",23,0,0,0,0,0,0,0,"N",1.03,0,0,0,0,0,0,0,"N",3,15.0,0,0,0,0,0,0,0,0,0,0,0,0,0,0
"13063","5","621340","78","0","2024","4","N",23,0,0,0,0,0,0,0,"N",1.03,0,0,0,0,0,0,0,"N",3,15.0,0,0,0,0,0,0,0,0,0,0,0,0,0,0
"13063","5","62139","77","0","2024","4","N",8,0,0,0,0,0,0,0,"N",0.40,0,0,0,0,0,0,0,"N",-1,-11.1,0,0,0,0,0,0,0,0,0,0,0,0,0,0
"13063","5","621391","78","0","2024","4","N",3,0,0,0,0,0,0,0,"N",1.06,0,0,0,0,0,0,0,"N",0,0.0,0,0,0,0,0,0,0,0,0,0,0,0,0,0
"13063","5","621399","78","0","2024","4","",5,11,10,10,208940,934,25,1555,"",0.29,0.08,0.07,0.07,0.10,0.00,0.01,1.31,"",-1,-16.7,1,10.0,-1,-9.1,1,11.1,87618,72.2,-13426,-93.5,-6,-19.4,622,66.7
"13063","5","6214","76","0","2024","4","",31,769,777,831,24364491,480863,2939,2365,"",1.37,0.81,0.81,0.86,1.25,0.76,0.44,1.51,"",2,6.9,-20,-2.5,-13,-1.6,41,5.2,851536,3.6,-158246,-24.8,-711,-19.5,75,3.3
"13063","5","62141","77","0","2024","4","N",1,0,0,0,0,0,0,0,"N",0.75,0,0,0,0,0,0,0,"N",0,0.0,0,0,0,0,0,0,0,0,0,0,0,0,0,0
"13063","5","621410","78","0","2024","4","N",1,0,0,0,0,0,0,0,"N",0.75,0,0,0,0,0,0,0,"N",0,0.0,0,0,0,0,0,0,0,0,0,0,0,0,0,0
"13063","5","62142","77","0","2024","4","N",6,0,0,0,0,0,0,0,"N",0.78,0,0,0,0,0,0,0,"N",2,50.0,0,0,0,0,0,0,0,0,0,0,0,0,0,0
"13063","5","621420","78","0","2024","4","N",6,0,0,0,0,0,0,0,"N",0.78,0,0,0,0,0,0,0,"N",2,50.0,0,0,0,0,0,0,0,0,0,0,0,0,0,0
"13063","5","62149","77","0","2024","4","",24,743,747,800,24051451,470705,2896,2424,"",1.77,1.12,1.11,1.18,1.56,1.16,0.72,1.37,"",0,0.0,1,0.1,6,0.8,60,8.1,1119721,4.9,-49827,-9.6,-399,-12.1,43,1.8
"13063","5","621491","78","0","2024","4","N",4,0,0,0,0,0,0,0,"N",3.25,0,0,0,0,0,0,0,"N",0,0.0,0,0,0,0,0,0,0,0,0,0,0,0,0,0
"13063","5","621492","78","0","2024","4","",11,155,151,160,2507010,172410,1170,1242,"",3.23,1.46,1.40,1.48,1.27,1.88,1.69,0.88,"",0,0.0,-6,-3.7,-4,-2.6,6,3.9,188789,8.1,6533,3.9,-8,-0.7,104,9.1
"13063","5","621493","78","0","2024","4","",6,56,57,55,860460,43576,495,1182,"",1.55,0.38,0.38,0.36,0.31,0.30,0.32,0.83,"",-1,-14.3,1,1.8,2,3.6,1,1.9,32840,4.0,2978,7.3,-229,-31.6,17,1.5
"13063","5","621498","78","0","2024","4","N",3,0,0,0,0,0,0,0,"N",0.59,0,0,0,0,0,0,0,"N",1,50.0,0,0,0,0,0,0,0,0,0,0,0,0,0,0
"13063","5","6215","76","0","2024","4","",28,59,58,60,990143,54535,970,1291,"",2.23,0.23,0.22,0.23,0.19,0.22,0.41,0.85,"",-1,-3.4,0,0.0,0,0.0,4,7.1,206091,26.3,7594,16.2,263,37.2,245,23.4
"13063","5","62151","77","0","2024","4","",28,59,58,60,990143,54535,970,1291,"",2.23,0.23,0.22,0.23,0.19,0.22,0.41,0.85,"",-1,-3.4,0,0.0,0,0.0,4,7.1,206091,26.3,7594,16.2,263,37.2,245,23.4
"13063","5","621511","78","0","2024","4","N",27,0,0,0,0,0,0,0,"N",2.89,0,0,0,0,0,0,0,"N",0,0.0,0,0,0,0,0,0,0,0,0,0,0,0,0,0
"13063","5","621512","78","0","2024","4","N",1,0,0,0,0,0,0,0,"N",0.31,0,0,0,0,0,0,0,"N",-1,-50.0,0,0,0,0,0,0,0,0,0,0,0,0,0,0
"13063","5","6216","76","0","2024","4","",46,555,577,573,3508821,1122578,16550,475,"",2.04,0.37,0.38,0.37,0.24,0.69,0.86,0.64,"",6,15.0,-10,-1.8,38,7.1,36,6.7,530859,17.8,333030,42.2,4305,35.2,56,13.4
"13063","5","62161","77","0","2024","4","",46,555,577,573,3508821,1122578,16550,475,"",2.04,0.37,0.38,0.37,0.24,0.69,0.86,0.64,"",6,15.0,-10,-1.8,38,7.1,36,6.7,530859,17.8,333030,42.2,4305,35.2,56,13.4
"13063","5","621610","78","0","2024","4","",46,555,577,573,3508821,1122578,16550,475,"",2.04,0.37,0.38,0.37,0.24,0.69,0.86,0.64,"",6,15.0,-10,-1.8,38,7.1,36,6.7,530859,17.8,333030,42.2,4305,35.2,56,13.4
"13063","5","6219","76","0","2024","4","",20,145,143,127,1721018,344905,3474,957,"",2.15,0.48,0.47,0.42,0.35,1.16,1.12,0.77,"",2,11.1,-233,-61.6,-255,-64.1,-258,-67.0,-2560658,-59.8,-439293,-56.0,-5434,-61.0,106,12.5
"13063","5","62191","77","0","2024","4","",10,124,127,111,1537196,291023,2153,980,"",4.01,0.86,0.88,0.76,0.73,1.88,1.48,0.87,"",0,0.0,-236,-65.6,-253,-66.6,-256,-69.8,-2595201,-62.8,-469331,-61.7,-6024,-73.7,119,13.8
"13063","5","621910","78","0","2024","4","",10,124,127,111,1537196,291023,2153,980,"",4.01,0.86,0.88,0.76,0.73,1.88,1.48,0.87,"",0,0.0,-236,-65.6,-253,-66.6,-256,-69.8,-2595201,-62.8,-469331,-61.7,-6024,-73.7,119,13.8
"13063","5","62199","77","0","2024","4","",10,21,16,16,183822,53882,1321,800,"",1.47,0.13,0.10,0.10,0.07,0.38,0.81,0.59,"",2,25.0,3,16.7,-2,-11.1,-2,-11.1,34543,23.1,30038,126.0,590,80.7,162,25.4
"13063","5","621991","78","0","2024","4","N",1,0,0,0,0,0,0,0,"N",0.95,0,0,0,0,0,0,0,"N",1,100.0,0,0,0,0,0,0,0,0,0,0,0,0,0,0
"13063","5","621999","78","0","2024","4","N",9,0,0,0,0,0,0,0,"N",1.57,0,0,0,0,0,0,0,"N",1,12.5,0,0,0,0,0,0,0,0,0,0,0,0,0,0
"13063","5","622","75","0","2024","4","N",5,0,0,0,0,0,0,0,"N",0.72,0,0,0,0,0,0,0,"N",0,0.0,0,0,0,0,0,0,0,0,0,0,0,0,0,0
"13063","5","6221","76","0","2024","4","N",3,0,0,0,0,0,0,0,"N",0.58,0,0,0,0,0,0,0,"N",0,0.0,0,0,0,0,0,0,0,0,0,0,0,0,0,0
"13063","5","62211","77","0","2024","4","N",3,0,0,0,0,0,0,0,"N",0.58,0,0,0,0,0,0,0,"N",0,0.0,0,0,0,0,0,0,0,0,0,0,0,0,0,0
"13063","5","622110","78","0","2024","4","N",3,0,0,0,0,0,0,0,"N",0.58,0,0,0,0,0,0,0,"N",0,0.0,0,0,0,0,0,0,0,0,0,0,0,0,0,0
"13063","5","6222","76","0","2024","4","N",1,0,0,0,0,0,0,0,"N",1.48,0,0,0,0,0,0,0,"N",0,0.0,0,0,0,0,0,0,0,0,0,0,0,0,0,0
"13063","5","62221","77","0","2024","4","N",1,0,0,0,0,0,0,0,"N",1.48,0,0,0,0,0,0,0,"N",0,0.0,0,0,0,0,0,0,0,0,0,0,0,0,0,0
"13063","5","622210","78","0","2024","4","N",1,0,0,0,0,0,0,0,"N",1.48,0,0,0,0,0,0,0,"N",0,0.0,0,0,0,0,0,0,0,0,0,0,0,0,0,0
"13063","5","6223","76","0","2024","4","N",1,0,0,0,0,0,0,0,"N",0.89,0,0,0,0,0,0,0,"N",0,0.0,0,0,0,0,0,0,0,0,0,0,0,0,0,0
"13063","5","62231","77","0","2024","4","N",1,0,0,0,0,0,0,0,"N",0.89,0,0,0,0,0,0,0,"N",0,0.0,0,0,0,0,0,0,0,0,0,0,0,0,0,0
"13063","5","622310","78","0","2024","4","N",1,0,0,0,0,0,0,0,"N",0.89,0,0,0,0,0,0,0,"N",0,0.0,0,0,0,0,0,0,0,0,0,0,0,0,0,0
"13063","5","623","75","0","2024","4","N",31,0,0,0,0,0,0,0,"N",0.79,0,0,0,0,0,0,0,"N",1,3.3,0,0,0,0,0,0,0,0,0,0,0,0,0,0
"13063","5","6231","76","0","2024","4","",7,621,634,641,6214145,1026031,1316,756,"",0.81,0.50,0.50,0.50,0.42,0.66,0.09,0.84,"",1,16.7,73,13.3,68,12.0,72,12.7,635929,11.4,287501,38.9,-4710,-78.2,-9,-1.2
"13063","5","62311","77","0","2024","4","",7,621,634,641,6214145,1026031,1316,756,"",0.81,0.50,0.50,0.50,0.42,0.66,0.09,0.84,"",1,16.7,73,13.3,68,12.0,72,12.7,635929,11.4,287501,38.9,-4710,-78.2,-9,-1.2
"13063","5","623110","78","0","2024","4","",7,621,634,641,6214145,1026031,1316,756,"",0.81,0.50,0.50,0.50,0.42,0.66,0.09,0.84,"",1,16.7,73,13.3,68,12.0,72,12.7,635929,11.4,287501,38.9,-4710,-78.2,-9,-1.2
"13063","5","6232","76","0","2024","4","",8,95,95,78,966285,132377,3005,832,"",0.54,0.17,0.17,0.14,0.15,0.29,0.69,0.95,"",0,0.0,16,20.3,18,23.4,-1,-1.3,184844,23.7,42424,47.2,1489,98.2,65,8.5
"13063","5","62321","77","0","2024","4","",4,40,37,38,506288,38845,553,1016,"",0.38,0.12,0.11,0.11,0.14,0.15,0.27,1.24,"N",0,0.0,0,0,0,0,0,0,0,0,0,0,0,0,0,0
"13063","5","623210","78","0","2024","4","",4,40,37,38,506288,38845,553,1016,"",0.38,0.12,0.11,0.11,0.14,0.15,0.27,1.24,"N",0,0.0,0,0,0,0,0,0,0,0,0,0,0,0,0,0
"13063","5","62322","77","0","2024","4","",4,55,58,40,459997,93532,2452,694,"",0.91,0.25,0.26,0.18,0.17,0.47,1.08,0.72,"N",0,0.0,0,0,0,0,0,0,0,0,0,0,0,0,0,0
"13063","5","623220","78","0","2024","4","",4,55,58,40,459997,93532,2452,694,"",0.91,0.25,0.26,0.18,0.17,0.47,1.08,0.72,"N",0,0.0,0,0,0,0,0,0,0,0,0,0,0,0,0,0
"13063","5","6233","76","0","2024","4","",10,230,229,240,2286501,372124,4832,755,"",0.80,0.28,0.28,0.29,0.29,0.35,0.44,1.01,"",-2,-16.7,16,7.5,16,7.5,29,13.7,334277,17.1,-48500,-11.5,-1775,-26.9,49,6.9
"13063","5","62331","77","0","2024","4","",10,230,229,240,2286501,372124,4832,755,"",0.80,0.28,0.28,0.29,0.29,0.35,0.44,1.01,"",-2,-16.7,16,7.5,16,7.5,29,13.7,334277,17.1,-48500,-11.5,-1775,-26.9,49,6.9
"13063","5","623311","78","0","2024","4","N",2,0,0,0,0,0,0,0,"N",0.64,0,0,0,0,0,0,0,"N",0,0.0,0,0,0,0,0,0,0,0,0,0,0,0,0,0
"13063","5","623312","78","0","2024","4","N",8,0,0,0,0,0,0,0,"N",0.85,0,0,0,0,0,0,0,"N",-2,-20.0,0,0,0,0,0,0,0,0,0,0,0,0,0,0
"13063","5","6239","76","0","2024","4","N",6,0,0,0,0,0,0,0,"N",1.87,0,0,0,0,0,0,0,"N",2,50.0,0,0,0,0,0,0,0,0,0,0,0,0,0,0
"13063","5","62399","77","0","2024","4","N",6,0,0,0,0,0,0,0,"N",1.87,0,0,0,0,0,0,0,"N",2,50.0,0,0,0,0,0,0,0,0,0,0,0,0,0,0
"13063","5","623990","78","0","2024","4","N",6,0,0,0,0,0,0,0,"N",1.87,0,0,0,0,0,0,0,"N",2,50.0,0,0,0,0,0,0,0,0,0,0,0,0,0,0
"13063","5","624","75","0","2024","4","",150,1461,1414,1395,11443743,2329061,29366,618,"",0.28,0.37,0.36,0.35,0.34,0.56,0.59,0.96,"",3,2.0,104,7.7,43,3.1,-21,-1.5,230671,2.1,-49630,-2.1,-4553,-13.4,-6,-1.0
"13063","5","6241","76","0","2024","4","",58,559,585,562,4671420,804100,13436,632,"",0.12,0.21,0.21,0.21,0.21,0.29,0.39,1.02,"",2,3.6,111,24.8,144,32.7,51,10.0,548589,13.3,23247,3.0,-4652,-25.7,-48,-7.1
"13063","5","62411","77","0","2024","4","",9,85,88,94,876709,100870,1969,758,"",1.48,0.44,0.45,0.48,0.40,0.75,1.24,0.88,"",0,0.0,12,16.4,22,33.3,28,42.4,139605,18.9,10714,11.9,333,20.4,-72,-8.7
"13063","5","624110","78","0","2024","4","",9,85,88,94,876709,100870,1969,758,"",1.48,0.44,0.45,0.48,0.40,0.75,1.24,0.88,"",0,0.0,12,16.4,22,33.3,28,42.4,139605,18.9,10714,11.9,333,20.4,-72,-8.7
"13063","5","62412","77","0","2024","4","",36,359,380,364,2636090,538167,6019,552,"",0.08,0.17,0.18,0.17,0.19,0.24,0.21,1.05,"",4,12.5,79,28.2,101,36.2,35,10.6,207126,8.5,25092,4.9,-3371,-35.9,-79,-12.5
"13063","5","624120","78","0","2024","4","",36,359,380,364,2636090,538167,6019,552,"",0.08,0.17,0.18,0.17,0.19,0.24,0.21,1.05,"",4,12.5,79,28.2,101,36.2,35,10.6,207126,8.5,25092,4.9,-3371,-35.9,-79,-12.5
"13063","5","62419","77","0","2024","4","",13,115,117,104,1158621,165063,5448,796,"",0.67,0.26,0.26,0.23,0.21,0.41,1.06,0.84,"",-2,-13.3,20,21.1,21,21.9,-12,-10.3,201858,21.1,-12559,-7.1,-1614,-22.9,77,10.7
"13063","5","624190","78","0","2024","4","",13,115,117,104,1158621,165063,5448,796,"",0.67,0.26,0.26,0.23,0.21,0.41,1.06,0.84,"",-2,-13.3,20,21.1,21,21.9,-12,-10.3,201858,21.1,-12559,-7.1,-1614,-22.9,77,10.7
"13063","5","6242","76","0","2024","4","N",4,0,0,0,0,0,0,0,"N",0.63,0,0,0,0,0,0,0,"N",0,0.0,0,0,0,0,0,0,0,0,0,0,0,0,0,0
"13063","5","62422","77","0","2024","4","N",3,0,0,0,0,0,0,0,"N",0.88,0,0,0,0,0,0,0,"N",0,0.0,0,0,0,0,0,0,0,0,0,0,0,0,0,0
"13063","5","624221","78","0","2024","4","N",2,0,0,0,0,0,0,0,"N",1.09,0,0,0,0,0,0,0,"N",0,0.0,0,0,0,0,0,0,0,0,0,0,0,0,0,0
"13063","5","624229","78","0","2024","4","N",1,0,0,0,0,0,0,0,"N",0.63,0,0,0,0,0,0,0,"N",0,0.0,0,0,0,0,0,0,0,0,0,0,0,0,0,0
"13063","5","62423","77","0","2024","4","N",1,0,0,0,0,0,0,0,"N",0.87,0,0,0,0,0,0,0,"N",0,0.0,0,0,0,0,0,0,0,0,0,0,0,0,0,0
"13063","5","624230","78","0","2024","4","N",1,0,0,0,0,0,0,0,"N",0.87,0,0,0,0,0,0,0,"N",0,0.0,0,0,0,0,0,0,0,0,0,0,0,0,0,0
"13063","5","6243","76","0","2024","4","N",2,0,0,0,0,0,0,0,"N",0.48,0,0,0,0,0,0,0,"N",-1,-33.3,0,0,0,0,0,0,0,0,0,0,0,0,0,0
"13063","5","62431","77","0","2024","4","N",2,0,0,0,0,0,0,0,"N",0.48,0,0,0,0,0,0,0,"N",-1,-33.3,0,0,0,0,0,0,0,0,0,0,0,0,0,0
"13063","5","624310","78","0","2024","4","N",2,0,0,0,0,0,0,0,"N",0.48,0,0,0,0,0,0,0,"N",-1,-33.3,0,0,0,0,0,0,0,0,0,0,0,0,0,0
"13063","5","6244","76","0","2024","4","",86,858,780,782,6393016,1486777,15547,610,"",2.55,1.05,0.95,0.95,0.97,1.36,1.34,0.99,"",2,2.4,-2,-0.2,-102,-11.6,-74,-8.6,-333613,-5.0,-41719,-2.7,394,2.6,13,2.2
"13063","5","62441","77","0","2024","4","",86,858,780,782,6393016,1486777,15547,610,"",2.55,1.05,0.95,0.95,0.97,1.36,1.34,0.99,"",2,2.4,-2,-0.2,-102,-11.6,-74,-8.6,-333613,-5.0,-41719,-2.7,394,2.6,13,2.2
"13063","5","624410","78","0","2024","4","",86,858,780,782,6393016,1486777,15547,610,"",2.55,1.05,0.95,0.95,0.97,1.36,1.34,0.99,"",2,2.4,-2,-0.2,-102,-11.6,-74,-8.6,-333613,-5.0,-41719,-2.7,394,2.6,13,2.2
"13063","5","71","74","0","2024","4","",43,300,290,278,1480859,452484,6231,394,"",0.53,0.14,0.14,0.13,0.05,0.20,0.20,0.35,"",9,26.5,83,38.2,59,25.5,35,14.4,210468,16.6,99735,28.3,705,12.8,-30,-7.1
"13063","5","711","75","0","2024","4","N",12,0,0,0,0,0,0,0,"N",0.34,0,0,0,0,0,0,0,"N",2,20.0,0,0,0,0,0,0,0,0,0,0,0,0,0,0
"13063","5","7111","76","0","2024","4","N",3,0,0,0,0,0,0,0,"N",0.53,0,0,0,0,0,0,0,"N",0,0.0,0,0,0,0,0,0,0,0,0,0,0,0,0,0
"13063","5","71113","77","0","2024","4","N",3,0,0,0,0,0,0,0,"N",1.14,0,0,0,0,0,0,0,"N",0,0.0,0,0,0,0,0,0,0,0,0,0,0,0,0,0
"13063","5","711130","78","0","2024","4","N",3,0,0,0,0,0,0,0,"N",1.14,0,0,0,0,0,0,0,"N",0,0.0,0,0,0,0,0,0,0,0,0,0,0,0,0,0
"13063","5","7112","76","0","2024","4","N",1,0,0,0,0,0,0,0,"N",0.26,0,0,0,0,0,0,0,"N",0,0.0,0,0,0,0,0,0,0,0,0,0,0,0,0,0
"13063","5","71121","77","0","2024","4","N",1,0,0,0,0,0,0,0,"N",0.26,0,0,0,0,0,0,0,"N",0,0.0,0,0,0,0,0,0,0,0,0,0,0,0,0,0
"13063","5","711211","78","0","2024","4","N",1,0,0,0,0,0,0,0,"N",0.60,0,0,0,0,0,0,0,"N",0,0.0,0,0,0,0,0,0,0,0,0,0,0,0,0,0
"13063","5","7113","76","0","2024","4","N",3,0,0,0,0,0,0,0,"N",0.61,0,0,0,0,0,0,0,"N",1,50.0,0,0,0,0,0,0,0,0,0,0,0,0,0,0
"13063","5","71131","77","0","2024","4","N",1,0,0,0,0,0,0,0,"N",0.48,0,0,0,0,0,0,0,"N",0,0.0,0,0,0,0,0,0,0,0,0,0,0,0,0,0
"13063","5","711310","78","0","2024","4","N",1,0,0,0,0,0,0,0,"N",0.48,0,0,0,0,0,0,0,"N",0,0.0,0,0,0,0,0,0,0,0,0,0,0,0,0,0
"13063","5","71132","77","0","2024","4","N",2,0,0,0,0,0,0,0,"N",0.71,0,0,0,0,0,0,0,"N",1,100.0,0,0,0,0,0,0,0,0,0,0,0,0,0,0
"13063","5","711320","78","0","2024","4","N",2,0,0,0,0,0,0,0,"N",0.71,0,0,0,0,0,0,0,"N",1,100.0,0,0,0,0,0,0,0,0,0,0,0,0,0,0
"13063","5","7114","76","0","2024","4","N",1,0,0,0,0,0,0,0,"N",0.33,0,0,0,0,0,0,0,"N",1,100.0,0,0,0,0,0,0,0,0,0,0,0,0,0,0
"13063","5","71141","77","0","2024","4","N",1,0,0,0,0,0,0,0,"N",0.33,0,0,0,0,0,0,0,"N",1,100.0,0,0,0,0,0,0,0,0,0,0,0,0,0,0
"13063","5","711410","78","0","2024","4","N",1,0,0,0,0,0,0,0,"N",0.33,0,0,0,0,0,0,0,"N",1,100.0,0,0,0,0,0,0,0,0,0,0,0,0,0,0
"13063","5","7115","76","0","2024","4","",4,2,4,5,64400,4650,49,1351,"",0.22,0.04,0.07,0.09,0.01,0.04,0.03,0.22,"",0,0.0,-3,-60.0,-1,-20.0,1,25.0,4120,6.8,-8380,-64.3,-498,-91.0,357,35.9
"13063","5","71151","77","0","2024","4","",4,2,4,5,64400,4650,49,1351,"",0.22,0.04,0.07,0.09,0.01,0.04,0.03,0.22,"",0,0.0,-3,-60.0,-1,-20.0,1,25.0,4120,6.8,-8380,-64.3,-498,-91.0,357,35.9
"13063","5","711510","78","0","2024","4","",4,2,4,5,64400,4650,49,1351,"",0.22,0.04,0.07,0.09,0.01,0.04,0.03,0.22,"",0,0.0,-3,-60.0,-1,-20.0,1,25.0,4120,6.8,-8380,-64.3,-498,-91.0,357,35.9
"13063","5","712","75","0","2024","4","N",1,0,0,0,0,0,0,0,"N",0.30,0,0,0,0,0,0,0,"N",1,100.0,0,0,0,0,0,0,0,0,0,0,0,0,0,0
"13063","5","7121","76","0","2024","4","N",1,0,0,0,0,0,0,0,"N",0.30,0,0,0,0,0,0,0,"N",1,100.0,0,0,0,0,0,0,0,0,0,0,0,0,0,0
"13063","5","71211","77","0","2024","4","N",1,0,0,0,0,0,0,0,"N",0.44,0,0,0,0,0,0,0,"N",1,100.0,0,0,0,0,0,0,0,0,0,0,0,0,0,0
"13063","5","712110","78","0","2024","4","N",1,0,0,0,0,0,0,0,"N",0.44,0,0,0,0,0,0,0,"N",1,100.0,0,0,0,0,0,0,0,0,0,0,0,0,0,0
"13063","5","713","75","0","2024","4","",30,280,267,256,1318941,427303,5628,379,"",0.72,0.19,0.18,0.17,0.11,0.27,0.28,0.63,"",6,25.0,88,45.8,61,29.6,35,15.8,225012,20.6,102362,31.5,1048,22.9,-29,-7.1
"13063","5","7131","76","0","2024","4","N",1,0,0,0,0,0,0,0,"N",0.56,0,0,0,0,0,0,0,"N",0,0.0,0,0,0,0,0,0,0,0,0,0,0,0,0,0
"13063","5","71312","77","0","2024","4","N",1,0,0,0,0,0,0,0,"N",0.83,0,0,0,0,0,0,0,"N",0,0.0,0,0,0,0,0,0,0,0,0,0,0,0,0,0
"13063","5","713120","78","0","2024","4","N",1,0,0,0,0,0,0,0,"N",0.83,0,0,0,0,0,0,0,"N",0,0.0,0,0,0,0,0,0,0,0,0,0,0,0,0,0
"13063","5","7132","76","0","2024","4","N",1,0,0,0,0,0,0,0,"N",0.53,0,0,0,0,0,0,0,"N",0,0.0,0,0,0,0,0,0,0,0,0,0,0,0,0,0
"13063","5","71329","77","0","2024","4","N",1,0,0,0,0,0,0,0,"N",0.59,0,0,0,0,0,0,0,"N",0,0.0,0,0,0,0,0,0,0,0,0,0,0,0,0,0
"13063","5","713290","78","0","2024","4","N",1,0,0,0,0,0,0,0,"N",0.59,0,0,0,0,0,0,0,"N",0,0.0,0,0,0,0,0,0,0,0,0,0,0,0,0,0
"13063","5","7139","76","0","2024","4","",28,277,264,253,1308541,426903,5628,380,"",0.73,0.23,0.23,0.21,0.15,0.33,0.33,0.69,"",6,27.3,91,48.9,64,32.0,54,27.1,242812,22.8,103162,31.9,1049,22.9,-40,-9.5
"13063","5","71391","77","0","2024","4","N",1,0,0,0,0,0,0,0,"N",0.21,0,0,0,0,0,0,0,"N",0,0.0,0,0,0,0,0,0,0,0,0,0,0,0,0,0
"13063","5","713910","78","0","2024","4","N",1,0,0,0,0,0,0,0,"N",0.21,0,0,0,0,0,0,0,"N",0,0.0,0,0,0,0,0,0,0,0,0,0,0,0,0,0
"13063","5","71393","77","0","2024","4","N",1,0,0,0,0,0,0,0,"N",0.58,0,0,0,0,0,0,0,"N",0,0.0,0,0,0,0,0,0,0,0,0,0,0,0,0,0
"13063","5","713930","78","0","2024","4","N",1,0,0,0,0,0,0,0,"N",0.58,0,0,0,0,0,0,0,"N",0,0.0,0,0,0,0,0,0,0,0,0,0,0,0,0,0
"13063","5","71394","77","0","2024","4","",19,178,166,149,625273,327673,4935,293,"",0.98,0.34,0.31,0.28,0.22,0.65,0.86,0.70,"",5,35.7,92,107.0,73,78.5,50,50.5,198400,46.5,106027,47.8,1296,35.6,-61,-17.2
"13063","5","713940","78","0","2024","4","",19,178,166,149,625273,327673,4935,293,"",0.98,0.34,0.31,0.28,0.22,0.65,0.86,0.70,"",5,35.7,92,107.0,73,78.5,50,50.5,198400,46.5,106027,47.8,1296,35.6,-61,-17.2
"13063","5","71395","77","0","2024","4","N",2,0,0,0,0,0,0,0,"N",1.40,0,0,0,0,0,0,0,"N",0,0.0,0,0,0,0,0,0,0,0,0,0,0,0,0,0
"13063","5","713950","78","0","2024","4","N",2,0,0,0,0,0,0,0,"N",1.40,0,0,0,0,0,0,0,"N",0,0.0,0,0,0,0,0,0,0,0,0,0,0,0,0,0
"13063","5","71399","77","0","2024","4","N",5,0,0,0,0,0,0,0,"N",0.47,0,0,0,0,0,0,0,"N",1,25.0,0,0,0,0,0,0,0,0,0,0,0,0,0,0
"13063","5","713990","78","0","2024","4","N",5,0,0,0,0,0,0,0,"N",0.47,0,0,0,0,0,0,0,"N",1,25.0,0,0,0,0,0,0,0,0,0,0,0,0,0,0
"13063","5","72","74","0","2024","4","",521,10432,10445,10496,74853788,16039874,145822,551,"",1.53,0.90,0.90,0.89,0.87,1.02,0.88,0.98,"",15,3.0,130,1.3,266,2.6,252,2.5,2722158,3.8,-1069458,-6.3,-58859,-28.8,9,1.7
"13063","5","721","75","0","2024","4","",67,799,757,743,6906721,911918,7617,693,"",2.00,0.51,0.49,0.48,0.42,0.39,0.31,0.85,"",-5,-6.9,-42,-5.0,-68,-8.2,-75,-9.2,-253292,-3.5,-138664,-13.2,-2900,-27.6,28,4.2
"13063","5","7211","76","0","2024","4","",67,799,757,743,6906721,911918,7617,693,"",2.32,0.53,0.50,0.49,0.43,0.40,0.32,0.85,"",-5,-6.9,-42,-5.0,-68,-8.2,-75,-9.2,-253292,-3.5,-138664,-13.2,-2900,-27.6,28,4.2
"13063","5","72111","77","0","2024","4","N",66,0,0,0,0,0,0,0,"N",2.50,0,0,0,0,0,0,0,"N",-5,-7.0,0,0,0,0,0,0,0,0,0,0,0,0,0,0
"13063","5","721110","78","0","2024","4","N",66,0,0,0,0,0,0,0,"N",2.50,0,0,0,0,0,0,0,"N",-5,-7.0,0,0,0,0,0,0,0,0,0,0,0,0,0,0
"13063","5","72119","77","0","2024","4","N",1,0,0,0,0,0,0,0,"N",0.42,0,0,0,0,0,0,0,"N",0,0.0,0,0,0,0,0,0,0,0,0,0,0,0,0,0
"13063","5","721199","78","0","2024","4","N",1,0,0,0,0,0,0,0,"N",0.73,0,0,0,0,0,0,0,"N",0,0.0,0,0,0,0,0,0,0,0,0,0,0,0,0,0
"13063","5","722","75","0","2024","4","",454,9633,9688,9753,67947067,15127956,138205,539,"",1.48,0.96,0.96,0.96,0.98,1.14,0.98,1.02,"",20,4.6,172,1.8,334,3.6,327,3.5,2975450,4.6,-930794,-5.8,-55959,-28.8,8,1.5
"13063","5","7223","76","0","2024","4","N",20,0,0,0,0,0,0,0,"N",0.90,0,0,0,0,0,0,0,"N",-1,-4.8,0,0,0,0,0,0,0,0,0,0,0,0,0,0
"13063","5","72231","77","0","2024","4","",12,2048,2076,2047,23107546,2921338,22178,864,"",1.09,4.13,4.19,4.25,4.76,4.13,1.32,1.14,"",-3,-20.0,-209,-9.3,-117,-5.3,-147,-6.7,-1774167,-7.1,-853320,-22.6,-72837,-76.7,0,0.0
"13063","5","722310","78","0","2024","4","",12,2048,2076,2047,23107546,2921338,22178,864,"",1.09,4.13,4.19,4.25,4.76,4.13,1.32,1.14,"",-3,-20.0,-209,-9.3,-117,-5.3,-147,-6.7,-1774167,-7.1,-853320,-22.6,-72837,-76.7,0,0.0
"13063","5","72232","77","0","2024","4","",7,68,69,61,572525,140524,2232,667,"",1.18,0.45,0.47,0.40,0.44,0.68,0.72,1.00,"N",1,16.7,0,0,0,0,0,0,0,0,0,0,0,0,0,0
"13063","5","722320","78","0","2024","4","",7,68,69,61,572525,140524,2232,667,"",1.18,0.45,0.47,0.40,0.44,0.68,0.72,1.00,"N",1,16.7,0,0,0,0,0,0,0,0,0,0,0,0,0,0
"13063","5","72233","77","0","2024","4","N",1,0,0,0,0,0,0,0,"N",0.19,0,0,0,0,0,0,0,"N",1,100.0,0,0,0,0,0,0,0,0,0,0,0,0,0,0
"13063","5","722330","78","0","2024","4","N",1,0,0,0,0,0,0,0,"N",0.19,0,0,0,0,0,0,0,"N",1,100.0,0,0,0,0,0,0,0,0,0,0,0,0,0,0
"13063","5","7224","76","0","2024","4","N",6,0,0,0,0,0,0,0,"N",0.33,0,0,0,0,0,0,0,"N",-1,-14.3,0,0,0,0,0,0,0,0,0,0,0,0,0,0
"13063","5","72241","77","0","2024","4","N",6,0,0,0,0,0,0,0,"N",0.33,0,0,0,0,0,0,0,"N",-1,-14.3,0,0,0,0,0,0,0,0,0,0,0,0,0,0
"13063","5","722410","78","0","2024","4","N",6,0,0,0,0,0,0,0,"N",0.33,0,0,0,0,0,0,0,"N",-1,-14.3,0,0,0,0,0,0,0,0,0,0,0,0,0,0
"13063","5","7225","76","0","2024","4","",428,7458,7489,7590,43929855,11992308,112809,450,"",1.61,0.83,0.82,0.83,0.73,1.01,0.99,0.88,"",22,5.4,482,6.9,558,8.1,569,8.1,5260212,13.6,147559,1.2,21335,23.3,24,5.6
"13063","5","72251","77","0","2024","4","",428,7458,7489,7590,43929855,11992308,112809,450,"",1.61,0.83,0.82,0.83,0.73,1.01,0.99,0.88,"",22,5.4,482,6.9,558,8.1,569,8.1,5260212,13.6,147559,1.2,21335,23.3,24,5.6
"13063","5","722511","78","0","2024","4","",134,3016,3097,3124,20575551,4499899,43917,514,"",1.18,0.69,0.70,0.70,0.63,0.76,0.73,0.90,"",8,6.3,142,4.9,163,5.6,164,5.5,2472259,13.7,151369,3.5,13862,46.1,38,8.0
"13063","5","722513","78","0","2024","4","",259,3948,3888,3946,20315171,6632792,59705,398,"",2.26,1.04,1.02,1.02,0.91,1.36,1.43,0.88,"",12,4.9,361,10.1,399,11.4,421,11.9,2742419,15.6,57370,0.9,6439,12.1,15,3.9
"13063","5","722514","78","0","2024","4","",7,147,145,158,843076,244621,1664,432,"",3.15,2.34,2.28,2.48,2.00,3.43,2.30,0.84,"",-1,-12.5,-42,-22.2,-40,-21.6,-20,-11.2,-93389,-10.0,-15326,-5.9,-21,-1.2,41,10.5
"13063","5","722515","78","0","2024","4","",28,347,359,362,2196057,614996,7523,475,"",0.77,0.45,0.46,0.46,0.46,0.60,0.68,1.02,"",3,12.0,21,6.4,36,11.1,4,1.1,138923,6.8,-45854,-6.9,1055,16.3,4,0.8
"13063","5","81","74","0","2024","4","",350,2204,2189,2220,26175311,2256494,27631,913,"",0.92,0.57,0.56,0.57,0.51,0.55,0.61,0.91,"",20,6.1,134,6.5,77,3.6,67,3.1,910117,3.6,-397306,-15.0,3413,14.1,-7,-0.8
"13063","5","811","75","0","2024","4","",162,1064,1051,1026,15001702,975879,13291,1102,"",1.53,0.88,0.86,0.84,0.81,0.68,0.86,0.94,"",-1,-0.6,-23,-2.1,-35,-3.2,-53,-4.9,-276846,-1.8,-191796,-16.4,526,4.1,18,1.7
"13063","5","8111","76","0","2024","4","",135,792,780,760,10711282,724977,10358,1060,"",1.81,0.93,0.91,0.88,0.93,0.70,1.00,1.02,"",1,0.7,-35,-4.2,-36,-4.4,-49,-6.1,-398856,-3.6,-144629,-16.6,244,2.4,14,1.3
"13063","5","81111","77","0","2024","4","",73,350,345,336,5930735,184499,2105,1327,"",1.78,0.96,0.94,0.91,1.12,0.42,0.48,1.19,"",-4,-5.2,-41,-10.5,-47,-12.0,-50,-13.0,-240985,-3.9,-129147,-41.2,-1153,-35.4,109,8.9
"13063","5","811111","78","0","2024","4","",60,307,303,294,5420541,161438,1708,1384,"",1.64,0.94,0.91,0.88,1.13,0.41,0.43,1.24,"",-3,-4.8,-39,-11.3,-45,-12.9,-47,-13.8,-233057,-4.1,-120312,-42.7,-1295,-43.1,123,9.8
"13063","5","811114","78","0","2024","4","",13,43,42,42,510194,23061,397,927,"",2.98,1.17,1.13,1.13,0.96,0.57,1.01,0.84,"",-1,-7.1,-2,-4.4,-2,-4.5,-3,-6.7,-7928,-1.5,-8835,-27.7,142,55.7,35,3.9
"13063","5","81112","77","0","2024","4","",33,158,155,153,2269550,107739,1659,1124,"",1.82,0.65,0.64,0.63,0.57,0.41,0.63,0.90,"",2,6.5,-21,-11.7,-19,-10.9,-17,-10.0,-402923,-15.1,-55735,-34.1,-523,-24.0,-55,-4.7
"13063","5","811121","78","0","2024","4","",25,142,140,140,2107470,91751,1393,1152,"",1.66,0.67,0.66,0.66,0.60,0.40,0.62,0.90,"N",-2,-7.4,0,0,0,0,0,0,0,0,0,0,0,0,0,0
"13063","5","811122","78","0","2024","4","",8,16,15,13,162080,15988,266,850,"",2.61,0.51,0.48,0.42,0.38,0.45,0.74,0.80,"N",4,100.0,0,0,0,0,0,0,0,0,0,0,0,0,0,0
"13063","5","81119","77","0","2024","4","",29,284,280,271,2510997,432739,6594,694,"",1.88,1.16,1.13,1.10,1.12,1.28,1.94,0.99,"",3,11.5,27,10.5,30,12.0,18,7.1,245052,10.8,40253,10.3,1920,41.1,6,0.9
"13063","5","811191","78","0","2024","4","N",10,0,0,0,0,0,0,0,"N",2.76,0,0,0,0,0,0,0,"N",0,0.0,0,0,0,0,0,0,0,0,0,0,0,0,0,0
"13063","5","811192","78","0","2024","4","",16,151,148,139,1224262,280165,4480,645,"",1.89,0.97,0.94,0.89,0.97,1.35,2.16,1.04,"",3,23.1,33,28.0,34,29.8,17,13.9,259225,26.9,60135,27.3,1757,64.5,16,2.5
"13063","5","811198","78","0","2024","4","N",3,0,0,0,0,0,0,0,"N",0.91,0,0,0,0,0,0,0,"N",0,0.0,0,0,0,0,0,0,0,0,0,0,0,0,0,0
"13063","5","8112","76","0","2024","4","N",5,0,0,0,0,0,0,0,"N",0.73,0,0,0,0,0,0,0,"N",-1,-16.7,0,0,0,0,0,0,0,0,0,0,0,0,0,0
"13063","5","81121","77","0","2024","4","N",5,0,0,0,0,0,0,0,"N",0.73,0,0,0,0,0,0,0,"N",-1,-16.7,0,0,0,0,0,0,0,0,0,0,0,0,0,0
"13063","5","811210","78","0","2024","4","N",5,0,0,0,0,0,0,0,"N",0.73,0,0,0,0,0,0,0,"N",-1,-16.7,0,0,0,0,0,0,0,0,0,0,0,0,0,0
"13063","5","8113","76","0","2024","4","",13,112,111,109,1890303,139364,1382,1314,"",0.96,0.55,0.55,0.54,0.44,0.60,0.43,0.80,"",-1,-7.1,11,10.9,5,4.7,1,0.9,142618,8.2,-12688,-8.3,172,14.2,34,2.7
"13063","5","81131","77","0","2024","4","",13,112,111,109,1890303,139364,1382,1314,"",0.96,0.55,0.55,0.54,0.44,0.60,0.43,0.80,"",-1,-7.1,11,10.9,5,4.7,1,0.9,142618,8.2,-12688,-8.3,172,14.2,34,2.7
"13063","5","811310","78","0","2024","4","",13,112,111,109,1890303,139364,1382,1314,"",0.96,0.55,0.55,0.54,0.44,0.60,0.43,0.80,"",-1,-7.1,11,10.9,5,4.7,1,0.9,142618,8.2,-12688,-8.3,172,14.2,34,2.7
"13063","5","8114","76","0","2024","4","N",9,0,0,0,0,0,0,0,"N",0.84,0,0,0,0,0,0,0,"N",0,0.0,0,0,0,0,0,0,0,0,0,0,0,0,0,0
"13063","5","81141","77","0","2024","4","",6,25,25,26,471686,25757,463,1432,"",1.69,1.00,0.99,1.04,1.40,0.86,1.46,1.38,"",0,0.0,-6,-19.4,-5,-16.7,-5,-16.1,-19439,-4.0,7599,41.8,371,403.3,200,16.2
"13063","5","811412","78","0","2024","4","",6,25,25,26,471686,25757,463,1432,"",2.23,1.25,1.23,1.28,1.67,1.06,1.87,1.33,"",0,0.0,-6,-19.4,-5,-16.7,-5,-16.1,-19439,-4.0,7599,41.8,371,403.3,200,16.2
"13063","5","81142","77","0","2024","4","N",1,0,0,0,0,0,0,0,"N",0.68,0,0,0,0,0,0,0,"N",0,0.0,0,0,0,0,0,0,0,0,0,0,0,0,0,0
"13063","5","811420","78","0","2024","4","N",1,0,0,0,0,0,0,0,"N",0.68,0,0,0,0,0,0,0,"N",0,0.0,0,0,0,0,0,0,0,0,0,0,0,0,0,0
"13063","5","81143","77","0","2024","4","N",1,0,0,0,0,0,0,0,"N",3.37,0,0,0,0,0,0,0,"N",0,0.0,0,0,0,0,0,0,0,0,0,0,0,0,0,0
"13063","5","811430","78","0","2024","4","N",1,0,0,0,0,0,0,0,"N",3.37,0,0,0,0,0,0,0,"N",0,0.0,0,0,0,0,0,0,0,0,0,0,0,0,0,0
"13063","5","81149","77","0","2024","4","N",1,0,0,0,0,0,0,0,"N",0.18,0,0,0,0,0,0,0,"N",0,0.0,0,0,0,0,0,0,0,0,0,0,0,0,0,0
"13063","5","811490","78","0","2024","4","N",1,0,0,0,0,0,0,0,"N",0.18,0,0,0,0,0,0,0,"N",0,0.0,0,0,0,0,0,0,0,0,0,0,0,0,0,0
"13063","5","812","75","0","2024","4","",142,957,963,1023,8382062,1044252,8664,657,"",1.24,0.74,0.73,0.78,0.68,0.67,0.51,0.91,"",18,14.5,120,14.3,89,10.2,103,11.2,695715,9.1,-235864,-18.4,32,0.4,-17,-2.5
"13063","5","8121","76","0","2024","4","",76,159,161,162,1294326,156858,2152,620,"",1.14,0.26,0.26,0.26,0.25,0.20,0.25,0.98,"",11,16.9,9,6.0,4,2.5,7,4.5,21159,1.7,-6443,-3.9,-379,-15.0,-16,-2.5
"13063","5","81211","77","0","2024","4","",69,148,144,145,1114956,153617,2128,589,"",1.34,0.32,0.31,0.31,0.30,0.27,0.35,0.94,"",10,16.9,11,8.0,7,5.1,9,6.6,2084,0.2,-535,-0.3,-169,-7.4,-37,-5.9
"13063","5","812111","78","0","2024","4","N",4,0,0,0,0,0,0,0,"N",1.12,0,0,0,0,0,0,0,"N",1,33.3,0,0,0,0,0,0,0,0,0,0,0,0,0,0
"13063","5","812112","78","0","2024","4","",40,106,101,103,833687,140750,1852,621,"",1.20,0.35,0.33,0.33,0.31,0.39,0.53,0.93,"",4,11.1,-4,-3.6,-9,-8.2,-5,-4.6,-78170,-8.6,2248,1.6,-102,-5.2,-21,-3.3
"13063","5","812113","78","0","2024","4","N",25,0,0,0,0,0,0,0,"N",1.73,0,0,0,0,0,0,0,"N",5,25.0,0,0,0,0,0,0,0,0,0,0,0,0,0,0
"13063","5","81219","77","0","2024","4","",7,11,17,17,179370,3241,24,920,"",0.47,0.07,0.11,0.11,0.13,0.02,0.01,1.39,"",1,16.7,-2,-15.4,-3,-15.0,-2,-10.5,19075,11.9,-5908,-64.6,-210,-89.7,209,29.4
"13063","5","812191","78","0","2024","4","N",1,0,0,0,0,0,0,0,"N",0.95,0,0,0,0,0,0,0,"N",0,0.0,0,0,0,0,0,0,0,0,0,0,0,0,0,0
"13063","5","812199","78","0","2024","4","N",6,0,0,0,0,0,0,0,"N",0.43,0,0,0,0,0,0,0,"N",1,20.0,0,0,0,0,0,0,0,0,0,0,0,0,0,0
"13063","5","8122","76","0","2024","4","",11,48,48,50,546842,45998,697,864,"",1.41,0.43,0.43,0.44,0.40,0.48,0.88,0.91,"",0,0.0,10,26.3,6,14.3,8,19.0,166123,43.6,1431,3.2,-173,-19.9,144,20.0
"13063","5","81221","77","0","2024","4","N",8,0,0,0,0,0,0,0,"N",1.36,0,0,0,0,0,0,0,"N",0,0.0,0,0,0,0,0,0,0,0,0,0,0,0,0,0
"13063","5","812210","78","0","2024","4","N",8,0,0,0,0,0,0,0,"N",1.36,0,0,0,0,0,0,0,"N",0,0.0,0,0,0,0,0,0,0,0,0,0,0,0,0,0
"13063","5","81222","77","0","2024","4","N",3,0,0,0,0,0,0,0,"N",1.58,0,0,0,0,0,0,0,"N",0,0.0,0,0,0,0,0,0,0,0,0,0,0,0,0,0
"13063","5","812220","78","0","2024","4","N",3,0,0,0,0,0,0,0,"N",1.58,0,0,0,0,0,0,0,"N",0,0.0,0,0,0,0,0,0,0,0,0,0,0,0,0,0
"13063","5","8123","76","0","2024","4","",27,92,92,101,558560,96073,717,452,"",2.30,0.43,0.43,0.47,0.24,0.38,0.30,0.54,"",-2,-6.9,-4,-4.2,-3,-3.2,7,7.4,18491,3.4,-41295,-30.1,-387,-35.1,15,3.4
"13063","5","81231","77","0","2024","4","N",10,0,0,0,0,0,0,0,"N",2.34,0,0,0,0,0,0,0,"N",-2,-16.7,0,0,0,0,0,0,0,0,0,0,0,0,0,0
"13063","5","812310","78","0","2024","4","N",10,0,0,0,0,0,0,0,"N",2.34,0,0,0,0,0,0,0,"N",-2,-16.7,0,0,0,0,0,0,0,0,0,0,0,0,0,0
"13063","5","81232","77","0","2024","4","",16,56,58,60,351534,57327,635,466,"",2.56,0.77,0.78,0.81,0.60,0.67,0.83,0.76,"",0,0.0,-2,-3.4,1,1.8,7,13.2,-10128,-2.8,-32488,-36.2,-263,-29.3,-31,-6.2
"13063","5","812320","78","0","2024","4","",16,56,58,60,351534,57327,635,466,"",2.56,0.77,0.78,0.81,0.60,0.67,0.83,0.76,"",0,0.0,-2,-3.4,1,1.8,7,13.2,-10128,-2.8,-32488,-36.2,-263,-29.3,-31,-6.2
"13063","5","81233","77","0","2024","4","N",1,0,0,0,0,0,0,0,"N",0.84,0,0,0,0,0,0,0,"N",0,0.0,0,0,0,0,0,0,0,0,0,0,0,0,0,0
"13063","5","812331","78","0","2024","4","N",1,0,0,0,0,0,0,0,"N",1.66,0,0,0,0,0,0,0,"N",0,0.0,0,0,0,0,0,0,0,0,0,0,0,0,0,0
"13063","5","8129","76","0","2024","4","",28,658,662,710,5982334,745323,5098,680,"",0.98,1.85,1.84,1.96,1.73,1.65,1.00,0.92,"",9,47.4,105,19.0,82,14.1,81,12.9,489942,8.9,-189557,-20.3,971,23.5,-39,-5.4
"13063","5","81291","77","0","2024","4","N",6,0,0,0,0,0,0,0,"N",0.51,0,0,0,0,0,0,0,"N",-1,-14.3,0,0,0,0,0,0,0,0,0,0,0,0,0,0
"13063","5","812910","78","0","2024","4","N",6,0,0,0,0,0,0,0,"N",0.51,0,0,0,0,0,0,0,"N",-1,-14.3,0,0,0,0,0,0,0,0,0,0,0,0,0,0
"13063","5","81293","77","0","2024","4","N",12,0,0,0,0,0,0,0,"N",3.56,0,0,0,0,0,0,0,"N",6,100.0,0,0,0,0,0,0,0,0,0,0,0,0,0,0
"13063","5","812930","78","0","2024","4","N",12,0,0,0,0,0,0,0,"N",3.56,0,0,0,0,0,0,0,"N",6,100.0,0,0,0,0,0,0,0,0,0,0,0,0,0,0
"13063","5","81299","77","0","2024","4","",10,188,195,248,2334475,348698,3153,854,"",0.76,2.28,2.36,2.99,2.00,3.35,2.28,0.79,"",4,66.7,18,10.6,6,3.2,37,17.5,329790,16.5,-111844,-24.3,1021,47.9,42,5.2
"13063","5","812990","78","0","2024","4","",10,188,195,248,2334475,348698,3153,854,"",0.76,2.28,2.36,2.99,2.00,3.35,2.28,0.79,"",4,66.7,18,10.6,6,3.2,37,17.5,329790,16.5,-111844,-24.3,1021,47.9,42,5.2
"13063","5","813","75","0","2024","4","",38,167,160,156,2588458,212407,5364,1237,"",0.49,0.14,0.13,0.13,0.14,0.25,0.51,1.04,"",5,15.2,31,22.8,18,12.7,12,8.3,413738,19.0,23541,12.5,2969,124.0,48,4.0
"13063","5","8131","76","0","2024","4","",9,16,16,16,203300,73075,2337,977,"",0.81,0.10,0.09,0.09,0.12,0.74,2.01,1.33,"N",1,12.5,0,0,0,0,0,0,0,0,0,0,0,0,0,0
"13063","5","81311","77","0","2024","4","",9,16,16,16,203300,73075,2337,977,"",0.81,0.10,0.09,0.09,0.12,0.74,2.01,1.33,"N",1,12.5,0,0,0,0,0,0,0,0,0,0,0,0,0,0
"13063","5","813110","78","0","2024","4","",9,16,16,16,203300,73075,2337,977,"",0.81,0.10,0.09,0.09,0.12,0.74,2.01,1.33,"N",1,12.5,0,0,0,0,0,0,0,0,0,0,0,0,0,0
"13063","5","8132","76","0","2024","4","N",2,0,0,0,0,0,0,0,"N",0.20,0,0,0,0,0,0,0,"N",2,100.0,0,0,0,0,0,0,0,0,0,0,0,0,0,0
"13063","5","81321","77","0","2024","4","N",2,0,0,0,0,0,0,0,"N",0.20,0,0,0,0,0,0,0,"N",2,100.0,0,0,0,0,0,0,0,0,0,0,0,0,0,0
"13063","5","813211","78","0","2024","4","N",1,0,0,0,0,0,0,0,"N",0.20,0,0,0,0,0,0,0,"N",1,100.0,0,0,0,0,0,0,0,0,0,0,0,0,0,0
"13063","5","813219","78","0","2024","4","N",1,0,0,0,0,0,0,0,"N",0.37,0,0,0,0,0,0,0,"N",1,100.0,0,0,0,0,0,0,0,0,0,0,0,0,0,0
"13063","5","8133","76","0","2024","4","",10,25,29,26,339508,27916,736,979,"",0.62,0.11,0.13,0.12,0.09,0.13,0.27,0.75,"",4,66.7,-9,-26.5,-6,-17.1,-11,-29.7,69667,25.8,-20401,-42.2,-557,-43.1,392,66.8
"13063","5","81331","77","0","2024","4","",10,25,29,26,339508,27916,736,979,"",0.62,0.11,0.13,0.12,0.09,0.13,0.27,0.75,"",4,66.7,-9,-26.5,-6,-17.1,-11,-29.7,69667,25.8,-20401,-42.2,-557,-43.1,392,66.8
"13063","5","813311","78","0","2024","4","N",4,0,0,0,0,0,0,0,"N",1.32,0,0,0,0,0,0,0,"N",1,33.3,0,0,0,0,0,0,0,0,0,0,0,0,0,0
"13063","5","813312","78","0","2024","4","N",1,0,0,0,0,0,0,0,"N",0.24,0,0,0,0,0,0,0,"N",0,0.0,0,0,0,0,0,0,0,0,0,0,0,0,0,0
"13063","5","813319","78","0","2024","4","",5,13,16,13,152866,24516,651,840,"",0.57,0.12,0.15,0.12,0.08,0.23,0.43,0.64,"N",3,150.0,0,0,0,0,0,0,0,0,0,0,0,0,0,0
"13063","5","8134","76","0","2024","4","N",2,0,0,0,0,0,0,0,"N",0.16,0,0,0,0,0,0,0,"N",0,0.0,0,0,0,0,0,0,0,0,0,0,0,0,0,0
"13063","5","81341","77","0","2024","4","N",2,0,0,0,0,0,0,0,"N",0.16,0,0,0,0,0,0,0,"N",0,0.0,0,0,0,0,0,0,0,0,0,0,0,0,0,0
"13063","5","813410","78","0","2024","4","N",2,0,0,0,0,0,0,0,"N",0.16,0,0,0,0,0,0,0,"N",0,0.0,0,0,0,0,0,0,0,0,0,0,0,0,0,0
"13063","5","8139","76","0","2024","4","",15,99,88,88,1785123,64196,1126,1498,"",0.53,0.27,0.24,0.24,0.23,0.20,0.30,0.94,"",-2,-11.8,16,19.3,0,0.0,0,0.0,45249,2.6,6033,10.4,689,157.7,-52,-3.4
"13063","5","81391","77","0","2024","4","",7,35,35,35,748244,3943,21,1644,"",0.75,0.36,0.35,0.35,0.28,0.05,0.03,0.80,"",0,0.0,-1,-2.8,-1,-2.8,0,0.0,-62998,-7.8,-16341,-80.6,1,5.0,-106,-6.1
"13063","5","813910","78","0","2024","4","",7,35,35,35,748244,3943,21,1644,"",0.75,0.36,0.35,0.35,0.28,0.05,0.03,0.80,"",0,0.0,-1,-2.8,-1,-2.8,0,0.0,-62998,-7.8,-16341,-80.6,1,5.0,-106,-6.1
"13063","5","81392","77","0","2024","4","N",1,0,0,0,0,0,0,0,"N",0.19,0,0,0,0,0,0,0,"N",0,0.0,0,0,0,0,0,0,0,0,0,0,0,0,0,0
"13063","5","813920","78","0","2024","4","N",1,0,0,0,0,0,0,0,"N",0.19,0,0,0,0,0,0,0,"N",0,0.0,0,0,0,0,0,0,0,0,0,0,0,0,0,0
"13063","5","81393","77","0","2024","4","",6,62,51,51,976737,58400,1083,1374,"",1.10,0.68,0.57,0.55,0.74,0.76,1.33,1.22,"",0,0.0,19,44.2,3,6.2,2,4.1,136137,16.2,23068,65.3,690,175.6,-12,-0.9
"13063","5","813930","78","0","2024","4","",6,62,51,51,976737,58400,1083,1374,"",1.10,0.68,0.57,0.55,0.74,0.76,1.33,1.22,"",0,0.0,19,44.2,3,6.2,2,4.1,136137,16.2,23068,65.3,690,175.6,-12,-0.9
"13063","5","81394","77","0","2024","4","N",1,0,0,0,0,0,0,0,"N",0.62,0,0,0,0,0,0,0,"N",0,0.0,0,0,0,0,0,0,0,0,0,0,0,0,0,0
"13063","5","813940","78","0","2024","4","N",1,0,0,0,0,0,0,0,"N",0.62,0,0,0,0,0,0,0,"N",0,0.0,0,0,0,0,0,0,0,0,0,0,0,0,0,0
"13063","5","814","75","0","2024","4","",8,16,15,15,203089,23956,312,1019,"",0.10,0.09,0.09,0.09,0.11,0.11,0.10,1.22,"",-2,-20.0,6,60.0,5,50.0,5,50.0,77510,61.7,6813,39.7,-114,-26.8,53,5.5
"13063","5","8141","76","0","2024","4","",8,16,15,15,203089,23956,312,1019,"",0.10,0.09,0.09,0.09,0.11,0.11,0.10,1.22,"",-2,-20.0,6,60.0,5,50.0,5,50.0,77510,61.7,6813,39.7,-114,-26.8,53,5.5
"13063","5","81411","77","0","2024","4","",8,16,15,15,203089,23956,312,1019,"",0.10,0.09,0.09,0.09,0.11,0.11,0.10,1.22,"",-2,-20.0,6,60.0,5,50.0,5,50.0,77510,61.7,6813,39.7,-114,-26.8,53,5.5
"13063","5","814110","78","0","2024","4","",8,16,15,15,203089,23956,312,1019,"",0.10,0.09,0.09,0.09,0.11,0.11,0.10,1.22,"",-2,-20.0,6,60.0,5,50.0,5,50.0,77510,61.7,6813,39.7,-114,-26.8,53,5.5
"13063","5","99","74","0","2024","4","",360,118,124,134,1726620,161217,4487,1060,"",3.00,0.64,0.65,0.68,0.42,0.35,0.47,0.64,"",-556,-60.7,-154,-56.6,-155,-55.6,-148,-52.5,-2292899,-57.0,-251145,-60.9,-5846,-56.6,-54,-4.8
"13063","5","999","75","0","2024","4","",360,118,124,134,1726620,161217,4487,1060,"",3.00,0.64,0.65,0.68,0.42,0.35,0.47,0.64,"",-556,-60.7,-154,-56.6,-155,-55.6,-148,-52.5,-2292899,-57.0,-251145,-60.9,-5846,-56.6,-54,-4.8
"13063","5","9999","76","0","2024","4","",360,118,124,134,1726620,161217,4487,1060,"",3.00,0.64,0.65,0.68,0.42,0.35,0.47,0.64,"",-556,-60.7,-154,-56.6,-155,-55.6,-148,-52.5,-2292899,-57.0,-251145,-60.9,-5846,-56.6,-54,-4.8
"13063","5","99999","77","0","2024","4","",360,118,124,134,1726620,161217,4487,1060,"",3.00,0.64,0.65,0.68,0.42,0.35,0.47,0.64,"",-556,-60.7,-154,-56.6,-155,-55.6,-148,-52.5,-2292899,-57.0,-251145,-60.9,-5846,-56.6,-54,-4.8
"13063","5","999999","78","0","2024","4","",360,118,124,134,1726620,161217,4487,1060,"",3.00,0.64,0.65,0.68,0.42,0.35,0.47,0.64,"",-556,-60.7,-154,-56.6,-155,-55.6,-148,-52.5,-2292899,-57.0,-251145,-60.9,-5846,-56.6,-54,-4.8
