"area_fips","own_code","industry_code","agglvl_code","size_code","year","qtr","disclosure_code","qtrly_estabs","month1_emplvl","month2_emplvl","month3_emplvl","total_qtrly_wages","taxable_qtrly_wages","qtrly_contributions","avg_wkly_wage","lq_disclosure_code","lq_qtrly_estabs","lq_month1_emplvl","lq_month2_emplvl","lq_month3_emplvl","lq_total_qtrly_wages","lq_taxable_qtrly_wages","lq_qtrly_contributions","lq_avg_wkly_wage","oty_disclosure_code","oty_qtrly_estabs_chg","oty_qtrly_estabs_pct_chg","oty_month1_emplvl_chg","oty_month1_emplvl_pct_chg","oty_month2_emplvl_chg","oty_month2_emplvl_pct_chg","oty_month3_emplvl_chg","oty_month3_emplvl_pct_chg","oty_total_qtrly_wages_chg","oty_total_qtrly_wages_pct_chg","oty_taxable_qtrly_wages_chg","oty_taxable_qtrly_wages_pct_chg","oty_qtrly_contributions_chg","oty_qtrly_contributions_pct_chg","oty_avg_wkly_wage_chg","oty_avg_wkly_wage_pct_chg"
"13121","0","10","70","0","2023","4","",67500,939242,949908,950556,22565603993,932227884,11958113,1834,"",1.00,1.00,1.00,1.00,1.00,1.00,1.00,1.00,"",4564,7.3,-9801,-1.0,-5041,-0.5,-2130,-0.2,551262344,2.5,-132103414,-12.4,-3066582,-20.4,56,3.1
"13121","1","10","71","0","2023","4","",147,26835,27811,27828,738554571,0,0,2067,"",0.42,1.49,1.53,1.52,1.28,0.00,0.00,0.85,"",2,1.4,272,1.0,1570,6.0,1493,5.7,45999310,6.6,0,0.0,0,0.0,48,2.4
"13121","1","102","72","0","2023","4","",147,26835,27811,27828,738554571,0,0,2067,"",0.43,1.52,1.56,1.55,1.31,0.00,0.00,0.85,"",2,1.4,272,1.0,1570,6.0,1493,5.7,45999310,6.6,0,0.0,0,0.0,48,2.4
"13121","1","1021","73","0","2023","4","",51,4000,4818,4857,73804132,0,0,1245,"",0.29,0.98,1.17,1.17,0.82,0.00,0.00,0.74,"",2,4.1,-25,-0.6,736,18.0,686,16.4,3359435,4.8,0,0.0,0,0.0,-79,-6.0
"13121","1","1022","73","0","2023","4","",2,40,40,41,1092473,0,0,2084,"",2.44,0.99,0.98,1.00,0.82,0.00,0.00,0.83,"",0,0.0,8,25.0,9,29.0,10,32.3,219280,25.1,0,0.0,0,0.0,-60,-2.8
"13121","1","1023","73","0","2023","4","",1,20,20,22,650500,0,0,2421,"",0.22,0.26,0.25,0.28,0.17,0.00,0.00,0.66,"",0,0.0,2,11.1,2,11.1,4,22.2,71486,12.3,0,0.0,0,0.0,-53,-2.1
"13121","1","1024","73","0","2023","4","",2,119,120,121,4199703,0,0,2692,"",0.24,0.27,0.27,0.28,0.28,0.00,0.00,1.04,"",0,0.0,-7,-5.6,-6,-4.8,1,0.8,543452,14.9,0,0.0,0,0.0,424,18.7
"13121","1","1025","73","0","2023","4","",2,3987,4075,4139,97164333,0,0,1838,"",0.25,1.45,1.46,1.48,1.10,0.00,0.00,0.75,"",0,0.0,708,21.6,746,22.4,736,21.6,19695036,25.4,0,0.0,0,0.0,52,2.9
"13121","1","1026","73","0","2023","4","",1,150,147,149,4117650,0,0,2131,"",0.12,0.51,0.52,0.52,0.70,0.00,0.00,1.35,"",0,0.0,-40,-21.1,-41,-21.8,-39,-20.7,-836696,-16.9,0,0.0,0,0.0,111,5.5
"13121","1","1028","73","0","2023","4","",88,18519,18591,18499,557525780,0,0,2314,"",0.62,1.85,1.84,1.83,1.55,0.00,0.00,0.84,"",0,0.0,-374,-2.0,124,0.7,95,0.5,22947317,4.3,0,0.0,0,0.0,102,4.6
"13121","1","44-45","74","0","2023","4","",1,254,254,254,1074696,0,0,325,"",0.25,1.05,1.04,1.04,0.36,0.00,0.00,0.35,"",0,0.0,5,2.0,5,2.0,5,2.0,32571,3.1,0,0.0,0,0.0,3,0.9
"13121","1","449","75","0","2023","4","",1,254,254,254,1074696,0,0,325,"",2.82,24.79,24.59,24.83,18.58,0.00,0.00,0.75,"",0,0.0,5,2.0,5,2.0,5,2.0,32571,3.1,0,0.0,0,0.0,3,0.9
"13121","1","4492","76","0","2023","4","",1,254,254,254,1074696,0,0,325,"",22.24,28.57,28.38,28.37,25.32,0.00,0.00,0.89,"",0,0.0,5,2.0,5,2.0,5,2.0,32571,3.1,0,0.0,0,0.0,3,0.9
"13121","1","44921","77","0","2023","4","",1,254,254,254,1074696,0,0,325,"",22.24,28.57,28.38,28.37,25.32,0.00,0.00,0.89,"",0,0.0,5,2.0,5,2.0,5,2.0,32571,3.1,0,0.0,0,0.0,3,0.9
"13121","1","449210","78","0","2023","4","",1,254,254,254,1074696,0,0,325,"",22.24,28.57,28.38,28.37,25.32,0.00,0.00,0.89,"",0,0.0,5,2.0,5,2.0,5,2.0,32571,3.1,0,0.0,0,0.0,3,0.9
"13121","1","48-49","74","0","2023","4","",50,3746,4564,4603,72729436,0,0,1300,"",0.30,1.00,1.20,1.20,0.88,0.00,0.00,0.78,"",2,4.2,-30,-0.8,731,19.1,681,17.4,3326864,4.8,0,0.0,0,0.0,-89,-6.4
"13121","1","484","75","0","2023","4","",1,2,2,2,80579,0,0,3099,"",88.96,109.76,108.84,108.72,88.98,0.00,0.00,0.82,"",0,0.0,0,0.0,0,0.0,0,0.0,1794,2.3,0,0.0,0,0.0,69,2.3
"13121","1","4841","76","0","2023","4","",1,2,2,2,80579,0,0,3099,"",88.96,109.76,108.84,108.72,88.98,0.00,0.00,0.82,"",0,0.0,0,0.0,0,0.0,0,0.0,1794,2.3,0,0.0,0,0.0,69,2.3
"13121","1","48412","77","0","2023","4","",1,2,2,2,80579,0,0,3099,"",88.96,109.76,108.84,108.72,88.98,0.00,0.00,0.82,"",0,0.0,0,0.0,0,0.0,0,0.0,1794,2.3,0,0.0,0,0.0,69,2.3
"13121","1","484121","78","0","2023","4","",1,2,2,2,80579,0,0,3099,"",88.96,109.76,108.84,108.72,88.98,0.00,0.00,0.82,"",0,0.0,0,0.0,0,0.0,0,0.0,1794,2.3,0,0.0,0,0.0,69,2.3
"13121","1","488","75","0","2023","4","",2,82,84,84,2829133,0,0,2612,"",2.76,1.08,1.09,1.08,0.70,0.00,0.00,0.65,"",0,0.0,8,10.8,11,15.1,10,13.5,317301,12.6,0,0.0,0,0.0,-11,-0.4
"13121","1","4881","76","0","2023","4","",2,82,84,84,2829133,0,0,2612,"",2.76,1.08,1.09,1.08,0.70,0.00,0.00,0.65,"",0,0.0,8,10.8,11,15.1,10,13.5,317301,12.6,0,0.0,0,0.0,-11,-0.4
"13121","1","48811","77","0","2023","4","",2,82,84,84,2829133,0,0,2612,"",2.76,1.08,1.09,1.08,0.70,0.00,0.00,0.65,"",0,0.0,8,10.8,11,15.1,10,13.5,317301,12.6,0,0.0,0,0.0,-11,-0.4
"13121","1","488111","78","0","2023","4","",2,82,84,84,2829133,0,0,2612,"",2.78,1.08,1.09,1.09,0.70,0.00,0.00,0.65,"",0,0.0,8,10.8,11,15.1,10,13.5,317301,12.6,0,0.0,0,0.0,-11,-0.4
"13121","1","491","75","0","2023","4","",47,3662,4478,4517,69819724,0,0,1273,"",0.28,1.00,1.21,1.20,0.89,0.00,0.00,0.78,"",2,4.4,-38,-1.0,720,19.2,671,17.4,3007769,4.5,0,0.0,0,0.0,-91,-6.7
"13121","1","4911","76","0","2023","4","",47,3662,4478,4517,69819724,0,0,1273,"",0.28,1.00,1.21,1.20,0.89,0.00,0.00,0.78,"",2,4.4,-38,-1.0,720,19.2,671,17.4,3007769,4.5,0,0.0,0,0.0,-91,-6.7
"13121","1","49111","77","0","2023","4","",47,3662,4478,4517,69819724,0,0,1273,"",0.28,1.00,1.21,1.20,0.89,0.00,0.00,0.78,"",2,4.4,-38,-1.0,720,19.2,671,17.4,3007769,4.5,0,0.0,0,0.0,-91,-6.7
"13121","1","491110","78","0","2023","4","",47,3662,4478,4517,69819724,0,0,1273,"",0.28,1.00,1.21,1.20,0.89,0.00,0.00,0.78,"",2,4.4,-38,-1.0,720,19.2,671,17.4,3007769,4.5,0,0.0,0,0.0,-91,-6.7
"13121","1","51","74","0","2023","4","",2,40,40,41,1092473,0,0,2084,"",2.44,0.99,0.98,1.00,0.82,0.00,0.00,0.83,"",0,0.0,8,25.0,9,29.0,10,32.3,219280,25.1,0,0.0,0,0.0,-60,-2.8
"13121","1","513","75","0","2023","4","",1,15,15,16,490084,0,0,2459,"",25.42,21.29,20.58,21.21,19.18,0.00,0.00,0.91,"",0,0.0,4,36.4,4,36.4,5,45.5,139420,39.8,0,0.0,0,0.0,7,0.3
"13121","1","5131","76","0","2023","4","",1,15,15,16,490084,0,0,2459,"",25.42,21.29,20.58,21.21,19.18,0.00,0.00,0.91,"",0,0.0,4,36.4,4,36.4,5,45.5,139420,39.8,0,0.0,0,0.0,7,0.3
"13121","1","51313","77","0","2023","4","",1,15,15,16,490084,0,0,2459,"",44.48,57.43,56.95,57.98,51.44,0.00,0.00,0.90,"",0,0.0,4,36.4,4,36.4,5,45.5,139420,39.8,0,0.0,0,0.0,7,0.3
"13121","1","513130","78","0","2023","4","",1,15,15,16,490084,0,0,2459,"",44.48,57.43,56.95,57.98,51.44,0.00,0.00,0.90,"",0,0.0,4,36.4,4,36.4,5,45.5,139420,39.8,0,0.0,0,0.0,7,0.3
"13121","1","519","75","0","2023","4","",1,25,25,25,602389,0,0,1854,"",1.37,0.79,0.78,0.78,0.54,0.00,0.00,0.70,"",0,0.0,4,19.0,5,25.0,5,25.0,79860,15.3,0,0.0,0,0.0,-123,-6.2
"13121","1","5192","76","0","2023","4","",1,25,25,25,602389,0,0,1854,"",1.37,0.79,0.78,0.78,0.54,0.00,0.00,0.70,"",0,0.0,4,19.0,5,25.0,5,25.0,79860,15.3,0,0.0,0,0.0,-123,-6.2
"13121","1","51921","77","0","2023","4","",1,25,25,25,602389,0,0,1854,"",1.37,0.79,0.78,0.78,0.54,0.00,0.00,0.70,"",0,0.0,4,19.0,5,25.0,5,25.0,79860,15.3,0,0.0,0,0.0,-123,-6.2
"13121","1","519210","78","0","2023","4","",1,25,25,25,602389,0,0,1854,"",1.37,0.79,0.78,0.78,0.54,0.00,0.00,0.70,"",0,0.0,4,19.0,5,25.0,5,25.0,79860,15.3,0,0.0,0,0.0,-123,-6.2
"13121","1","52","74","0","2023","4","",1,20,20,22,650500,0,0,2421,"",0.22,0.26,0.25,0.28,0.17,0.00,0.00,0.66,"",0,0.0,2,11.1,2,11.1,4,22.2,71486,12.3,0,0.0,0,0.0,-53,-2.1
"13121","1","522","75","0","2023","4","",1,20,20,22,650500,0,0,2421,"",0.28,0.52,0.52,0.57,0.45,0.00,0.00,0.83,"",0,0.0,2,11.1,2,11.1,4,22.2,71486,12.3,0,0.0,0,0.0,-53,-2.1
"13121","1","5222","76","0","2023","4","",1,20,20,22,650500,0,0,2421,"",0.28,0.52,0.52,0.57,0.45,0.00,0.00,0.83,"",0,0.0,2,11.1,2,11.1,4,22.2,71486,12.3,0,0.0,0,0.0,-53,-2.1
"13121","1","52229","77","0","2023","4","",1,20,20,22,650500,0,0,2421,"",0.28,0.52,0.52,0.57,0.45,0.00,0.00,0.83,"",0,0.0,2,11.1,2,11.1,4,22.2,71486,12.3,0,0.0,0,0.0,-53,-2.1
"13121","1","522299","78","0","2023","4","",1,20,20,22,650500,0,0,2421,"",0.51,1.08,1.07,1.17,0.82,0.00,0.00,0.74,"",0,0.0,2,11.1,2,11.1,4,22.2,71486,12.3,0,0.0,0,0.0,-53,-2.1
"13121","1","54","74","0","2023","4","",2,119,120,121,4199703,0,0,2692,"",0.27,0.28,0.28,0.28,0.29,0.00,0.00,1.02,"",0,0.0,-7,-5.6,-6,-4.8,1,0.8,543452,14.9,0,0.0,0,0.0,424,18.7
"13121","1","541","75","0","2023","4","",2,119,120,121,4199703,0,0,2692,"",0.27,0.28,0.28,0.28,0.29,0.00,0.00,1.02,"",0,0.0,-7,-5.6,-6,-4.8,1,0.8,543452,14.9,0,0.0,0,0.0,424,18.7
"13121","1","5413","76","0","2023","4","",1,114,115,116,4026316,0,0,2693,"",0.22,0.34,0.34,0.34,0.36,0.00,0.00,1.07,"",0,0.0,-8,-6.6,-7,-5.7,0,0.0,512879,14.6,0,0.0,0,0.0,441,19.6
"13121","1","54133","77","0","2023","4","",1,114,115,116,4026316,0,0,2693,"",0.22,0.35,0.35,0.35,0.38,0.00,0.00,1.07,"",0,0.0,-8,-6.6,-7,-5.7,0,0.0,512879,14.6,0,0.0,0,0.0,441,19.6
"13121","1","541330","78","0","2023","4","",1,114,115,116,4026316,0,0,2693,"",0.22,0.35,0.35,0.35,0.38,0.00,0.00,1.07,"",0,0.0,-8,-6.6,-7,-5.7,0,0.0,512879,14.6,0,0.0,0,0.0,441,19.6
"13121","1","5416","76","0","2023","4","",1,5,5,5,173387,0,0,2667,"",2.54,1.03,1.02,1.02,0.86,0.00,0.00,0.84,"",0,0.0,1,25.0,1,25.0,1,25.0,30573,21.4,0,0.0,0,0.0,-79,-2.9
"13121","1","54162","77","0","2023","4","",1,5,5,5,173387,0,0,2667,"",11.12,1.38,1.37,1.37,1.06,0.00,0.00,0.77,"",0,0.0,1,25.0,1,25.0,1,25.0,30573,21.4,0,0.0,0,0.0,-79,-2.9
"13121","1","541620","78","0","2023","4","",1,5,5,5,173387,0,0,2667,"",11.12,1.38,1.37,1.37,1.06,0.00,0.00,0.77,"",0,0.0,1,25.0,1,25.0,1,25.0,30573,21.4,0,0.0,0,0.0,-79,-2.9
"13121","1","62","74","0","2023","4","",2,3987,4075,4139,97164333,0,0,1838,"",0.28,1.49,1.51,1.52,1.13,0.00,0.00,0.75,"",0,0.0,708,21.6,746,22.4,736,21.6,19695036,25.4,0,0.0,0,0.0,52,2.9
"13121","1","622","75","0","2023","4","",2,3987,4075,4139,97164333,0,0,1838,"",0.83,1.72,1.74,1.75,1.27,0.00,0.00,0.73,"",0,0.0,708,21.6,746,22.4,736,21.6,19695036,25.4,0,0.0,0,0.0,52,2.9
"13121","1","6221","76","0","2023","4","",2,3987,4075,4139,97164333,0,0,1838,"",0.84,1.75,1.77,1.78,1.30,0.00,0.00,0.73,"",0,0.0,708,21.6,746,22.4,736,21.6,19695036,25.4,0,0.0,0,0.0,52,2.9
"13121","1","62211","77","0","2023","4","",2,3987,4075,4139,97164333,0,0,1838,"",0.84,1.75,1.77,1.78,1.30,0.00,0.00,0.73,"",0,0.0,708,21.6,746,22.4,736,21.6,19695036,25.4,0,0.0,0,0.0,52,2.9
"13121","1","622110","78","0","2023","4","",2,3987,4075,4139,97164333,0,0,1838,"",0.84,1.75,1.77,1.78,1.30,0.00,0.00,0.73,"",0,0.0,708,21.6,746,22.4,736,21.6,19695036,25.4,0,0.0,0,0.0,52,2.9
"13121","1","71","74","0","2023","4","",1,150,147,149,4117650,0,0,2131,"",0.17,0.62,0.63,0.64,0.78,0.00,0.00,1.25,"",0,0.0,-40,-21.1,-41,-21.8,-39,-20.7,-836696,-16.9,0,0.0,0,0.0,111,5.5
"13121","1","712","75","0","2023","4","",1,150,147,149,4117650,0,0,2131,"",0.36,1.07,1.11,1.12,1.03,0.00,0.00,0.94,"",0,0.0,-40,-21.1,-41,-21.8,-39,-20.7,-836696,-16.9,0,0.0,0,0.0,111,5.5
"13121","1","7121","76","0","2023","4","",1,150,147,149,4117650,0,0,2131,"",0.36,1.07,1.11,1.12,1.03,0.00,0.00,0.94,"",0,0.0,-40,-21.1,-41,-21.8,-39,-20.7,-836696,-16.9,0,0.0,0,0.0,111,5.5
"13121","1","71219","77","0","2023","4","",1,150,147,149,4117650,0,0,2131,"",0.42,1.47,1.59,1.58,1.55,0.00,0.00,1.00,"",0,0.0,-40,-21.1,-41,-21.8,-39,-20.7,-836696,-16.9,0,0.0,0,0.0,111,5.5
"13121","1","712190","78","0","2023","4","",1,150,147,149,4117650,0,0,2131,"",0.42,1.47,1.59,1.58,1.55,0.00,0.00,1.00,"",0,0.0,-40,-21.1,-41,-21.8,-39,-20.7,-836696,-16.9,0,0.0,0,0.0,111,5.5
"13121","1","92","74","0","2023","4","",88,18519,18591,18499,557525780,0,0,2314,"",0.62,1.85,1.84,1.83,1.55,0.00,0.00,0.84,"",0,0.0,-374,-2.0,124,0.7,95,0.5,22947317,4.3,0,0.0,0,0.0,102,4.6
"13121","1","921","75","0","2023","4","",15,1963,1980,1970,64408523,0,0,2514,"",1.52,2.02,2.01,2.03,1.87,0.00,0.00,0.93,"",0,0.0,-233,-10.6,-215,-9.8,-207,-9.5,-5529867,-7.9,0,0.0,0,0.0,57,2.3
"13121","1","9211","76","0","2023","4","",15,1963,1980,1970,64408523,0,0,2514,"",1.52,2.02,2.01,2.03,1.87,0.00,0.00,0.93,"",0,0.0,-233,-10.6,-215,-9.8,-207,-9.5,-5529867,-7.9,0,0.0,0,0.0,57,2.3
"13121","1","92113","77","0","2023","4","",4,1139,1159,1153,37700562,0,0,2521,"",1.22,1.80,1.80,1.81,1.68,0.00,0.00,0.93,"",0,0.0,-223,-16.4,-201,-14.8,-192,-14.3,-6646841,-15.0,0,0.0,0,0.0,5,0.2
"13121","1","921130","78","0","2023","4","",4,1139,1159,1153,37700562,0,0,2521,"",1.22,1.80,1.80,1.81,1.68,0.00,0.00,0.93,"",0,0.0,-223,-16.4,-201,-14.8,-192,-14.3,-6646841,-15.0,0,0.0,0,0.0,5,0.2
"13121","1","92119","77","0","2023","4","",11,824,821,817,26707961,0,0,2503,"",1.69,3.87,3.82,3.79,3.29,0.00,0.00,0.86,"",0,0.0,-10,-1.2,-14,-1.7,-15,-1.8,1116974,4.4,0,0.0,0,0.0,142,6.0
"13121","1","921190","78","0","2023","4","",11,824,821,817,26707961,0,0,2503,"",1.69,3.87,3.82,3.79,3.29,0.00,0.00,0.86,"",0,0.0,-10,-1.2,-14,-1.7,-15,-1.8,1116974,4.4,0,0.0,0,0.0,142,6.0
"13121","1","922","75","0","2023","4","",18,2353,2364,2322,69905497,0,0,2292,"",0.91,1.44,1.43,1.42,1.00,0.00,0.00,0.70,"",1,5.9,90,4.0,129,5.8,93,4.2,5866425,9.2,0,0.0,0,0.0,95,4.3
"13121","1","9221","76","0","2023","4","",18,2353,2364,2322,69905497,0,0,2292,"",0.91,1.44,1.43,1.42,1.00,0.00,0.00,0.70,"",1,5.9,90,4.0,129,5.8,93,4.2,5866425,9.2,0,0.0,0,0.0,95,4.3
"13121","1","92211","77","0","2023","4","",2,529,530,532,12110709,0,0,1757,"",0.49,2.63,2.61,2.62,1.83,0.00,0.00,0.70,"",1,100.0,20,3.9,24,4.7,26,5.1,1388673,13.0,0,0.0,0,0.0,130,8.0
"13121","1","922110","78","0","2023","4","",2,529,530,532,12110709,0,0,1757,"",0.49,2.63,2.61,2.62,1.83,0.00,0.00,0.70,"",1,100.0,20,3.9,24,4.7,26,5.1,1388673,13.0,0,0.0,0,0.0,130,8.0
"13121","1","92212","77","0","2023","4","",9,680,687,650,22981641,0,0,2629,"",0.94,0.77,0.77,0.73,0.56,0.00,0.00,0.74,"",0,0.0,48,7.6,60,9.6,23,3.7,2032136,9.7,0,0.0,0,0.0,66,2.6
"13121","1","922120","78","0","2023","4","",9,680,687,650,22981641,0,0,2629,"",0.94,0.77,0.77,0.73,0.56,0.00,0.00,0.74,"",0,0.0,48,7.6,60,9.6,23,3.7,2032136,9.7,0,0.0,0,0.0,66,2.6
"13121","1","92213","77","0","2023","4","",1,3,3,3,131708,0,0,3377,"",0.49,0.02,0.02,0.02,0.02,0.00,0.00,0.93,"",0,0.0,1,50.0,1,50.0,1,50.0,57665,77.9,0,0.0,0,0.0,529,18.6
"13121","1","922130","78","0","2023","4","",1,3,3,3,131708,0,0,3377,"",0.49,0.02,0.02,0.02,0.02,0.00,0.00,0.93,"",0,0.0,1,50.0,1,50.0,1,50.0,57665,77.9,0,0.0,0,0.0,529,18.6
"13121","1","92214","77","0","2023","4","",1,455,457,461,14777963,0,0,2484,"",1.28,2.23,2.22,2.24,2.01,0.00,0.00,0.90,"",0,0.0,-13,-2.8,1,0.2,-3,-0.6,1929615,15.0,0,0.0,0,0.0,348,16.3
"13121","1","922140","78","0","2023","4","",1,455,457,461,14777963,0,0,2484,"",1.28,2.23,2.22,2.24,2.01,0.00,0.00,0.90,"",0,0.0,-13,-2.8,1,0.2,-3,-0.6,1929615,15.0,0,0.0,0,0.0,348,16.3
"13121","1","92219","77","0","2023","4","",5,686,687,676,19903476,0,0,2242,"",1.56,3.54,3.50,3.45,2.45,0.00,0.00,0.70,"",0,0.0,34,5.2,43,6.7,46,7.3,458336,2.4,0,0.0,0,0.0,-88,-3.8
"13121","1","922190","78","0","2023","4","",5,686,687,676,19903476,0,0,2242,"",1.56,3.54,3.50,3.45,2.45,0.00,0.00,0.70,"",0,0.0,34,5.2,43,6.7,46,7.3,458336,2.4,0,0.0,0,0.0,-88,-3.8
"13121","1","923","75","0","2023","4","",21,8332,8348,8359,244146604,0,0,2250,"",1.40,5.82,5.76,5.72,4.89,0.00,0.00,0.85,"",2,10.5,-197,-2.3,236,2.9,267,3.3,11457843,4.9,0,0.0,0,0.0,79,3.6
"13121","1","9231","76","0","2023","4","",21,8332,8348,8359,244146604,0,0,2250,"",1.40,5.82,5.76,5.72,4.89,0.00,0.00,0.85,"",2,10.5,-197,-2.3,236,2.9,267,3.3,11457843,4.9,0,0.0,0,0.0,79,3.6
"13121","1","92311","77","0","2023","4","",2,84,84,84,3067310,0,0,2809,"",2.80,4.53,4.53,4.55,3.50,0.00,0.00,0.77,"",1,100.0,6,7.7,4,5.0,3,3.7,325482,11.9,0,0.0,0,0.0,162,6.1
"13121","1","923110","78","0","2023","4","",2,84,84,84,3067310,0,0,2809,"",2.80,4.53,4.53,4.55,3.50,0.00,0.00,0.77,"",1,100.0,6,7.7,4,5.0,3,3.7,325482,11.9,0,0.0,0,0.0,162,6.1
"13121","1","92312","77","0","2023","4","",9,7250,7271,7279,210303151,0,0,2226,"",2.07,18.68,18.51,18.48,13.69,0.00,0.00,0.74,"",1,12.5,-243,-3.2,183,2.6,188,2.7,9258038,4.6,0,0.0,0,0.0,85,4.0
"13121","1","923120","78","0","2023","4","",9,7250,7271,7279,210303151,0,0,2226,"",2.07,18.68,18.51,18.48,13.69,0.00,0.00,0.74,"",1,12.5,-243,-3.2,183,2.6,188,2.7,9258038,4.6,0,0.0,0,0.0,85,4.0
"13121","1","92313","77","0","2023","4","",9,991,985,988,30517843,0,0,2376,"",1.15,2.31,2.29,2.30,2.10,0.00,0.00,0.91,"",0,0.0,46,4.9,53,5.7,80,8.8,2089183,7.3,0,0.0,0,0.0,20,0.8
"13121","1","923130","78","0","2023","4","",9,991,985,988,30517843,0,0,2376,"",1.15,2.31,2.29,2.30,2.10,0.00,0.00,0.91,"",0,0.0,46,4.9,53,5.7,80,8.8,2089183,7.3,0,0.0,0,0.0,20,0.8
"13121","1","92314","77","0","2023","4","",1,7,8,8,258300,0,0,2592,"",0.49,0.01,0.01,0.01,0.01,0.00,0.00,1.07,"",0,0.0,-6,-46.2,-4,-33.3,-4,-33.3,-214860,-45.4,0,0.0,0,0.0,-359,-12.2
"13121","1","923140","78","0","2023","4","",1,7,8,8,258300,0,0,2592,"",0.49,0.01,0.01,0.01,0.01,0.00,0.00,1.07,"",0,0.0,-6,-46.2,-4,-33.3,-4,-33.3,-214860,-45.4,0,0.0,0,0.0,-359,-12.2
"13121","1","924","75","0","2023","4","",7,1015,1023,1021,31991576,0,0,2413,"",0.24,1.62,1.65,1.64,1.49,0.00,0.00,0.91,"",0,0.0,-19,-1.8,-15,-1.4,-20,-1.9,231676,0.7,0,0.0,0,0.0,59,2.5
"13121","1","9241","76","0","2023","4","",7,1015,1023,1021,31991576,0,0,2413,"",0.24,1.62,1.65,1.64,1.49,0.00,0.00,0.91,"",0,0.0,-19,-1.8,-15,-1.4,-20,-1.9,231676,0.7,0,0.0,0,0.0,59,2.5
"13121","1","92411","77","0","2023","4","",2,803,809,810,25263041,0,0,2407,"",1.04,7.07,7.01,6.92,5.01,0.00,0.00,0.72,"",0,0.0,18,2.3,21,2.7,17,2.1,1229360,5.1,0,0.0,0,0.0,63,2.7
"13121","1","924110","78","0","2023","4","",2,803,809,810,25263041,0,0,2407,"",1.04,7.07,7.01,6.92,5.01,0.00,0.00,0.72,"",0,0.0,18,2.3,21,2.7,17,2.1,1229360,5.1,0,0.0,0,0.0,63,2.7
"13121","1","92412","77","0","2023","4","",5,212,214,211,6728535,0,0,2438,"",0.19,0.41,0.42,0.42,0.41,0.00,0.00,0.98,"",0,0.0,-37,-14.9,-36,-14.4,-37,-14.9,-997684,-12.9,0,0.0,0,0.0,51,2.1
"13121","1","924120","78","0","2023","4","",5,212,214,211,6728535,0,0,2438,"",0.19,0.41,0.42,0.42,0.41,0.00,0.00,0.98,"",0,0.0,-37,-14.9,-36,-14.4,-37,-14.9,-997684,-12.9,0,0.0,0,0.0,51,2.1
"13121","1","925","75","0","2023","4","",2,470,472,466,15014020,0,0,2461,"",2.02,7.79,7.69,7.64,5.13,0.00,0.00,0.67,"",0,0.0,20,4.4,23,5.1,18,4.0,1250114,9.1,0,0.0,0,0.0,103,4.4
"13121","1","9251","76","0","2023","4","",2,470,472,466,15014020,0,0,2461,"",2.02,7.79,7.69,7.64,5.13,0.00,0.00,0.67,"",0,0.0,20,4.4,23,5.1,18,4.0,1250114,9.1,0,0.0,0,0.0,103,4.4
"13121","1","92511","77","0","2023","4","",1,464,466,460,14886929,0,0,2472,"",1.62,8.72,8.61,8.55,5.59,0.00,0.00,0.65,"",0,0.0,20,4.5,23,5.2,18,4.1,1247646,9.1,0,0.0,0,0.0,104,4.4
"13121","1","925110","78","0","2023","4","",1,464,466,460,14886929,0,0,2472,"",1.62,8.72,8.61,8.55,5.59,0.00,0.00,0.65,"",0,0.0,20,4.5,23,5.2,18,4.1,1247646,9.1,0,0.0,0,0.0,104,4.4
"13121","1","92512","77","0","2023","4","",1,6,6,6,127091,0,0,1629,"",2.70,0.84,0.83,0.84,0.48,0.00,0.00,0.58,"",0,0.0,0,0.0,0,0.0,0,0.0,2468,2.0,0,0.0,0,0.0,31,1.9
"13121","1","925120","78","0","2023","4","",1,6,6,6,127091,0,0,1629,"",2.70,0.84,0.83,0.84,0.48,0.00,0.00,0.58,"",0,0.0,0,0.0,0,0.0,0,0.0,2468,2.0,0,0.0,0,0.0,31,1.9
"13121","1","926","75","0","2023","4","",21,4092,4111,4068,124862669,0,0,2348,"",0.40,2.67,2.65,2.61,2.05,0.00,0.00,0.78,"",-1,-4.5,-45,-1.1,-44,-1.1,-72,-1.7,8592449,7.4,0,0.0,0,0.0,190,8.8
"13121","1","9261","76","0","2023","4","",21,4092,4111,4068,124862669,0,0,2348,"",0.40,2.67,2.65,2.61,2.05,0.00,0.00,0.78,"",-1,-4.5,-45,-1.1,-44,-1.1,-72,-1.7,8592449,7.4,0,0.0,0,0.0,190,8.8
"13121","1","92611","77","0","2023","4","",6,356,355,351,9696628,0,0,2107,"",0.26,1.19,1.18,1.17,0.80,0.00,0.00,0.68,"",-2,-25.0,5,1.4,-5,-1.4,-16,-4.4,-152734,-1.6,0,0.0,0,0.0,-1,0.0
"13121","1","926110","78","0","2023","4","",6,356,355,351,9696628,0,0,2107,"",0.26,1.19,1.18,1.17,0.80,0.00,0.00,0.68,"",-2,-25.0,5,1.4,-5,-1.4,-16,-4.4,-152734,-1.6,0,0.0,0,0.0,-1,0.0
"13121","1","92612","77","0","2023","4","",3,3177,3194,3157,92652384,0,0,2244,"",0.54,4.73,4.68,4.66,3.71,0.00,0.00,0.79,"",0,0.0,-40,-1.2,-30,-0.9,-57,-1.8,7856496,9.3,0,0.0,0,0.0,217,10.7
"13121","1","926120","78","0","2023","4","",3,3177,3194,3157,92652384,0,0,2244,"",0.54,4.73,4.68,4.66,3.71,0.00,0.00,0.79,"",0,0.0,-40,-1.2,-30,-0.9,-57,-1.8,7856496,9.3,0,0.0,0,0.0,217,10.7
"13121","1","92613","77","0","2023","4","",1,173,177,177,6560165,0,0,2873,"",0.82,3.10,3.12,3.10,2.30,0.00,0.00,0.74,"",0,0.0,-4,-2.3,1,0.6,3,1.7,389482,6.3,0,0.0,0,0.0,171,6.3
"13121","1","926130","78","0","2023","4","",1,173,177,177,6560165,0,0,2873,"",0.82,3.10,3.12,3.10,2.30,0.00,0.00,0.74,"",0,0.0,-4,-2.3,1,0.6,3,1.7,389482,6.3,0,0.0,0,0.0,171,6.3
"13121","1","92614","77","0","2023","4","",2,107,105,103,3380139,0,0,2476,"",0.11,0.37,0.35,0.33,0.36,0.00,0.00,1.02,"",1,100.0,-1,-0.9,-6,-5.4,-7,-6.4,69317,2.1,0,0.0,0,0.0,154,6.6
"13121","1","926140","78","0","2023","4","",2,107,105,103,3380139,0,0,2476,"",0.11,0.37,0.35,0.33,0.36,0.00,0.00,1.02,"",1,100.0,-1,-0.9,-6,-5.4,-7,-6.4,69317,2.1,0,0.0,0,0.0,154,6.6
"13121","1","92615","77","0","2023","4","",9,279,280,280,12573353,0,0,3458,"",1.71,1.31,1.31,1.32,1.09,0.00,0.00,0.83,"",0,0.0,-5,-1.8,-4,-1.4,5,1.8,429888,3.5,0,0.0,0,0.0,134,4.0
"13121","1","926150","78","0","2023","4","",9,279,280,280,12573353,0,0,3458,"",1.71,1.31,1.31,1.32,1.09,0.00,0.00,0.83,"",0,0.0,-5,-1.8,-4,-1.4,5,1.8,429888,3.5,0,0.0,0,0.0,134,4.0
"13121","1","928","75","0","2023","4","",4,294,293,293,7196891,0,0,1887,"",0.28,0.08,0.08,0.08,0.06,0.00,0.00,0.77,"",-2,-33.3,10,3.5,10,3.5,16,5.8,1078677,17.6,0,0.0,0,0.0,214,12.8
"13121","1","9281","76","0","2023","4","",4,294,293,293,7196891,0,0,1887,"",0.28,0.08,0.08,0.08,0.06,0.00,0.00,0.77,"",-2,-33.3,10,3.5,10,3.5,16,5.8,1078677,17.6,0,0.0,0,0.0,214,12.8
"13121","1","92811","77","0","2023","4","",2,232,233,229,5219143,0,0,1735,"",0.19,0.07,0.07,0.07,0.05,0.00,0.00,0.73,"",-1,-33.3,14,6.4,15,6.9,15,7.0,945036,22.1,0,0.0,0,0.0,218,14.4
"13121","1","928110","78","0","2023","4","",2,232,233,229,5219143,0,0,1735,"",0.19,0.07,0.07,0.07,0.05,0.00,0.00,0.73,"",-1,-33.3,14,6.4,15,6.9,15,7.0,945036,22.1,0,0.0,0,0.0,218,14.4
"13121","1","92812","77","0","2023","4","",2,62,60,64,1977748,0,0,2454,"",0.54,0.24,0.23,0.25,0.18,0.00,0.00,0.75,"",-1,-33.3,-4,-6.1,-5,-7.7,1,1.6,133641,7.2,0,0.0,0,0.0,260,11.9
"13121","1","928120","78","0","2023","4","",2,62,60,64,1977748,0,0,2454,"",0.54,0.24,0.23,0.25,0.18,0.00,0.00,0.75,"",-1,-33.3,-4,-6.1,-5,-7.7,1,1.6,133641,7.2,0,0.0,0,0.0,260,11.9
"13121","2","10","71","0","2023","4","",187,33712,33938,33801,666528561,99454,477,1516,"",0.46,1.17,1.16,1.16,0.93,0.01,0.03,0.80,"",-1,-0.5,1754,5.5,1770,5.5,1743,5.4,56766428,9.3,-338909,-77.3,223,87.8,53,3.6
"13121","2","102","72","0","2023","4","",187,33712,33938,33801,666528561,99454,477,1516,"",0.47,1.19,1.18,1.18,0.94,0.01,0.03,0.80,"",-1,-0.5,1754,5.5,1770,5.5,1743,5.4,56766428,9.3,-338909,-77.3,223,87.8,53,3.6
"13121","2","1021","73","0","2023","4","",1,1141,1148,1131,21392984,0,0,1444,"",0.18,3.51,3.48,3.39,2.58,0.00,0.00,0.75,"",0,0.0,113,11.0,115,11.1,91,8.8,3363562,18.7,0,0.0,0,0.0,102,7.6
"13121","2","1025","73","0","2023","4","",12,18892,18957,18777,406268785,0,0,1656,"",0.14,1.14,1.13,1.12,1.00,0.00,0.00,0.88,"",0,0.0,1188,6.7,1136,6.4,972,5.5,34031716,9.1,0,0.0,0,0.0,45,2.8
"13121","2","1027","73","0","2023","4","",1,45,48,54,621098,0,0,975,"",0.98,1.57,1.63,1.87,1.38,0.00,0.00,0.82,"",0,0.0,-17,-27.4,-12,-20.0,-3,-5.3,-96750,-13.5,0,0.0,0,0.0,50,5.4
"13121","2","1028","73","0","2023","4","",171,13634,13785,13839,238245694,99454,477,1333,"",0.59,1.24,1.24,1.24,0.85,0.02,0.05,0.69,"",1,0.6,472,3.6,533,4.0,685,5.2,19486534,8.9,-338909,-77.3,223,87.8,57,4.5
"13121","2","1029","73","0","2023","4","",2,0,0,0,0,0,0,0,"",2.64,0.00,0.00,0.00,0.00,0.00,0.00,0.00,"",-2,-50.0,-2,-100.0,-2,-100.0,-2,-100.0,-18634,-100.0,0,0.0,0,0.0,-717,-100.0
"13121","2","48-49","74","0","2023","4","",1,1141,1148,1131,21392984,0,0,1444,"",0.38,4.53,4.54,4.42,3.12,0.00,0.00,0.69,"",0,0.0,113,11.0,115,11.1,91,8.8,3363562,18.7,0,0.0,0,0.0,102,7.6
"13121","2","488","75","0","2023","4","",1,1141,1148,1131,21392984,0,0,1444,"",0.47,12.04,11.97,11.74,9.65,0.00,0.00,0.81,"",0,0.0,113,11.0,115,11.1,91,8.8,3363562,18.7,0,0.0,0,0.0,102,7.6
"13121","2","4881","76","0","2023","4","",1,1141,1148,1131,21392984,0,0,1444,"",1.02,43.36,43.03,42.45,41.67,0.00,0.00,0.97,"",0,0.0,113,11.0,115,11.1,91,8.8,3363562,18.7,0,0.0,0,0.0,102,7.6
"13121","2","48811","77","0","2023","4","",1,1141,1148,1131,21392984,0,0,1444,"N",1.03,0,0,0,0,0,0,0,"",0,0.0,113,11.0,115,11.1,91,8.8,3363562,18.7,0,0.0,0,0.0,102,7.6
"13121","2","488111","78","0","2023","4","",1,1141,1148,1131,21392984,0,0,1444,"",1.10,47.66,47.30,46.68,48.24,0.00,0.00,1.02,"",0,0.0,113,11.0,115,11.1,91,8.8,3363562,18.7,0,0.0,0,0.0,102,7.6
"13121","2","61","74","0","2023","4","",5,16643,16676,16498,377500509,0,0,1749,"",0.11,1.33,1.31,1.31,1.25,0.00,0.00,0.95,"",0,0.0,1545,10.2,1499,9.9,1319,8.7,38306483,11.3,0,0.0,0,0.0,27,1.6
"13121","2","611","75","0","2023","4","",5,16643,16676,16498,377500509,0,0,1749,"",0.11,1.33,1.31,1.31,1.25,0.00,0.00,0.95,"",0,0.0,1545,10.2,1499,9.9,1319,8.7,38306483,11.3,0,0.0,0,0.0,27,1.6
"13121","2","6112","76","0","2023","4","",3,623,631,608,7060836,0,0,875,"",0.61,0.48,0.48,0.47,0.35,0.00,0.00,0.73,"",0,0.0,33,5.6,27,4.5,8,1.3,471176,7.2,0,0.0,0,0.0,27,3.2
"13121","2","61121","77","0","2023","4","",3,623,631,608,7060836,0,0,875,"",0.61,0.48,0.48,0.47,0.35,0.00,0.00,0.73,"",0,0.0,33,5.6,27,4.5,8,1.3,471176,7.2,0,0.0,0,0.0,27,3.2
"13121","2","611210","78","0","2023","4","",3,623,631,608,7060836,0,0,875,"",0.61,0.48,0.48,0.47,0.35,0.00,0.00,0.73,"",0,0.0,33,5.6,27,4.5,8,1.3,471176,7.2,0,0.0,0,0.0,27,3.2
"13121","2","6113","76","0","2023","4","",2,16020,16045,15890,370439673,0,0,1783,"",0.06,1.49,1.47,1.47,1.37,0.00,0.00,0.93,"",0,0.0,1512,10.4,1472,10.1,1311,9.0,37835307,11.4,0,0.0,0,0.0,25,1.4
"13121","2","61131","77","0","2023","4","",2,16020,16045,15890,370439673,0,0,1783,"",0.06,1.49,1.47,1.47,1.37,0.00,0.00,0.93,"",0,0.0,1512,10.4,1472,10.1,1311,9.0,37835307,11.4,0,0.0,0,0.0,25,1.4
"13121","2","611310","78","0","2023","4","",2,16020,16045,15890,370439673,0,0,1783,"",0.06,1.49,1.47,1.47,1.37,0.00,0.00,0.93,"",0,0.0,1512,10.4,1472,10.1,1311,9.0,37835307,11.4,0,0.0,0,0.0,25,1.4
"13121","2","62","74","0","2023","4","",7,2249,2281,2279,28768276,0,0,975,"",0.18,0.56,0.56,0.56,0.27,0.00,0.00,0.48,"",0,0.0,-357,-13.7,-363,-13.7,-347,-13.2,-4274767,-12.9,0,0.0,0,0.0,7,0.7
"13121","2","621","75","0","2023","4","",1,29,30,30,419267,0,0,1087,"",0.15,0.12,0.12,0.12,0.07,0.00,0.00,0.57,"",0,0.0,25,625.0,26,650.0,26,650.0,296678,242.0,0,0.0,0,0.0,-1270,-53.9
"13121","2","6214","76","0","2023","4","",1,29,30,30,419267,0,0,1087,"",0.20,0.21,0.22,0.22,0.14,0.00,0.00,0.64,"",0,0.0,25,625.0,26,650.0,26,650.0,296678,242.0,0,0.0,0,0.0,-1270,-53.9
"13121","2","62142","77","0","2023","4","",1,29,30,30,419267,0,0,1087,"",0.32,0.38,0.39,0.39,0.26,0.00,0.00,0.66,"",0,0.0,25,625.0,26,650.0,26,650.0,296678,242.0,0,0.0,0,0.0,-1270,-53.9
"13121","2","621420","78","0","2023","4","",1,29,30,30,419267,0,0,1087,"",0.32,0.38,0.39,0.39,0.26,0.00,0.00,0.66,"",0,0.0,25,625.0,26,650.0,26,650.0,296678,242.0,0,0.0,0,0.0,-1270,-53.9
"13121","2","622","75","0","2023","4","",2,0,0,0,0,0,0,0,"",0.31,0.00,0.00,0.00,0.00,0.00,0.00,0.00,"",0,0.0,-514,-100.0,-524,-100.0,-529,-100.0,-8538426,-100.0,0,0.0,0,0.0,-1257,-100.0
"13121","2","6222","76","0","2023","4","",2,0,0,0,0,0,0,0,"",0.36,0.00,0.00,0.00,0.00,0.00,0.00,0.00,"",0,0.0,-514,-100.0,-524,-100.0,-529,-100.0,-8538426,-100.0,0,0.0,0,0.0,-1257,-100.0
"13121","2","62221","77","0","2023","4","",2,0,0,0,0,0,0,0,"",0.36,0.00,0.00,0.00,0.00,0.00,0.00,0.00,"",0,0.0,-514,-100.0,-524,-100.0,-529,-100.0,-8538426,-100.0,0,0.0,0,0.0,-1257,-100.0
"13121","2","622210","78","0","2023","4","",2,0,0,0,0,0,0,0,"",0.36,0.00,0.00,0.00,0.00,0.00,0.00,0.00,"",0,0.0,-514,-100.0,-524,-100.0,-529,-100.0,-8538426,-100.0,0,0.0,0,0.0,-1257,-100.0
"13121","2","623","75","0","2023","4","",1,24,25,25,256948,0,0,801,"",0.10,0.04,0.04,0.04,0.02,0.00,0.00,0.44,"",0,0.0,-2,-7.7,1,4.2,0,0.0,6461,2.6,0,0.0,0,0.0,30,3.9
"13121","2","6239","76","0","2023","4","",1,24,25,25,256948,0,0,801,"",0.57,0.41,0.42,0.42,0.17,0.00,0.00,0.42,"",0,0.0,-2,-7.7,1,4.2,0,0.0,6461,2.6,0,0.0,0,0.0,30,3.9
"13121","2","62399","77","0","2023","4","",1,24,25,25,256948,0,0,801,"",0.57,0.41,0.42,0.42,0.17,0.00,0.00,0.42,"",0,0.0,-2,-7.7,1,4.2,0,0.0,6461,2.6,0,0.0,0,0.0,30,3.9
"13121","2","623990","78","0","2023","4","",1,24,25,25,256948,0,0,801,"",0.57,0.41,0.42,0.42,0.17,0.00,0.00,0.42,"",0,0.0,-2,-7.7,1,4.2,0,0.0,6461,2.6,0,0.0,0,0.0,30,3.9
"13121","2","624","75","0","2023","4","",3,2196,2226,2224,28092061,0,0,975,"",0.20,3.56,3.57,3.55,2.28,0.00,0.00,0.64,"",0,0.0,134,6.5,134,6.4,156,7.5,3960520,16.4,0,0.0,0,0.0,80,8.9
"13121","2","6241","76","0","2023","4","",2,1487,1515,1516,18929201,0,0,967,"",0.18,2.78,2.80,2.79,1.76,0.00,0.00,0.63,"",0,0.0,97,7.0,118,8.4,132,9.5,3252760,20.7,0,0.0,0,0.0,100,11.5
"13121","2","62419","77","0","2023","4","",2,1487,1515,1516,18929201,0,0,967,"",0.32,4.41,4.43,4.41,2.91,0.00,0.00,0.66,"",0,0.0,97,7.0,118,8.4,132,9.5,3252760,20.7,0,0.0,0,0.0,100,11.5
"13121","2","624190","78","0","2023","4","",2,1487,1515,1516,18929201,0,0,967,"",0.32,4.41,4.43,4.41,2.91,0.00,0.00,0.66,"",0,0.0,97,7.0,118,8.4,132,9.5,3252760,20.7,0,0.0,0,0.0,100,11.5
"13121","2","6244","76","0","2023","4","",1,709,711,708,9162860,0,0,994,"N",7.41,0,0,0,0,0,0,0,"",0,0.0,37,5.5,16,2.3,24,3.5,707760,8.4,0,0.0,0,0.0,43,4.5
"13121","2","62441","77","0","2023","4","",1,709,711,708,9162860,0,0,994,"N",7.41,0,0,0,0,0,0,0,"",0,0.0,37,5.5,16,2.3,24,3.5,707760,8.4,0,0.0,0,0.0,43,4.5
"13121","2","624410","78","0","2023","4","",1,709,711,708,9162860,0,0,994,"N",7.41,0,0,0,0,0,0,0,"",0,0.0,37,5.5,16,2.3,24,3.5,707760,8.4,0,0.0,0,0.0,43,4.5
"13121","2","81","74","0","2023","4","",1,45,48,54,621098,0,0,975,"",0.98,1.57,1.63,1.87,1.38,0.00,0.00,0.82,"",0,0.0,-17,-27.4,-12,-20.0,-3,-5.3,-96750,-13.5,0,0.0,0,0.0,50,5.4
"13121","2","813","75","0","2023","4","",1,45,48,54,621098,0,0,975,"",1.24,1.83,1.89,2.15,1.71,0.00,0.00,0.87,"",0,0.0,-17,-27.4,-12,-20.0,-3,-5.3,-96750,-13.5,0,0.0,0,0.0,50,5.4
"13121","2","8133","76","0","2023","4","",1,45,48,54,621098,0,0,975,"N",1.83,0,0,0,0,0,0,0,"",0,0.0,-17,-27.4,-12,-20.0,-3,-5.3,-96750,-13.5,0,0.0,0,0.0,50,5.4
"13121","2","81331","77","0","2023","4","",1,45,48,54,621098,0,0,975,"N",1.83,0,0,0,0,0,0,0,"",0,0.0,-17,-27.4,-12,-20.0,-3,-5.3,-96750,-13.5,0,0.0,0,0.0,50,5.4
"13121","2","813319","78","0","2023","4","",1,45,48,54,621098,0,0,975,"",2.00,6.29,6.65,7.43,5.27,0.00,0.00,0.78,"",0,0.0,-17,-27.4,-12,-20.0,-3,-5.3,-96750,-13.5,0,0.0,0,0.0,50,5.4
"13121","2","92","74","0","2023","4","",171,13634,13785,13839,238245694,99454,477,1333,"",0.59,1.24,1.24,1.24,0.85,0.02,0.05,0.69,"",1,0.6,472,3.6,533,4.0,685,5.2,19486534,8.9,-338909,-77.3,223,87.8,57,4.5
"13121","2","921","75","0","2023","4","",25,4594,4659,4713,83222044,99454,477,1375,"",0.69,3.26,3.27,3.29,2.11,0.15,0.42,0.65,"",0,0.0,-53,-1.1,-48,-1.0,93,2.0,4196201,5.3,-338909,-77.3,223,87.8,70,5.4
"13121","2","9211","76","0","2023","4","",25,4594,4659,4713,83222044,99454,477,1375,"",0.69,3.26,3.27,3.29,2.11,0.15,0.42,0.65,"",0,0.0,-53,-1.1,-48,-1.0,93,2.0,4196201,5.3,-338909,-77.3,223,87.8,70,5.4
"13121","2","92111","77","0","2023","4","",1,203,223,189,4179908,99454,477,1568,"",0.31,2.54,2.78,2.37,2.00,3.11,5.40,0.78,"",0,0.0,34,20.1,52,30.4,19,11.2,700061,20.1,8571,9.4,223,87.8,-7,-0.4
"13121","2","921110","78","0","2023","4","",1,203,223,189,4179908,99454,477,1568,"",0.31,2.54,2.78,2.37,2.00,3.11,5.40,0.78,"",0,0.0,34,20.1,52,30.4,19,11.2,700061,20.1,8571,9.4,223,87.8,-7,-0.4
"13121","2","92112","77","0","2023","4","",1,225,232,268,4179485,0,0,1330,"",0.35,1.39,1.42,1.62,1.05,0.00,0.00,0.71,"",0,0.0,14,6.6,19,8.9,50,22.9,526138,14.4,0,0.0,0,0.0,17,1.3
"13121","2","921120","78","0","2023","4","",1,225,232,268,4179485,0,0,1330,"",0.35,1.39,1.42,1.62,1.05,0.00,0.00,0.71,"",0,0.0,14,6.6,19,8.9,50,22.9,526138,14.4,0,0.0,0,0.0,17,1.3
"13121","2","92113","77","0","2023","4","",8,1067,1063,1068,21785064,0,0,1572,"",0.59,1.76,1.73,1.73,1.28,0.00,0.00,0.74,"",0,0.0,19,1.8,20,1.9,26,2.5,1780004,8.9,0,0.0,0,0.0,98,6.6
"13121","2","921130","78","0","2023","4","",8,1067,1063,1068,21785064,0,0,1572,"",0.59,1.76,1.73,1.73,1.28,0.00,0.00,0.74,"",0,0.0,19,1.8,20,1.9,26,2.5,1780004,8.9,0,0.0,0,0.0,98,6.6
"13121","2","92119","77","0","2023","4","",15,3099,3141,3188,53077587,0,0,1299,"",0.94,5.67,5.67,5.74,3.32,0.00,0.00,0.58,"",0,0.0,-120,-3.7,-139,-4.2,-2,-0.1,1189998,2.3,-347480,-100.0,0,0.0,63,5.1
"13121","2","921190","78","0","2023","4","",15,3099,3141,3188,53077587,0,0,1299,"",0.94,5.67,5.67,5.74,3.32,0.00,0.00,0.58,"",0,0.0,-120,-3.7,-139,-4.2,-2,-0.1,1189998,2.3,-347480,-100.0,0,0.0,63,5.1
"13121","2","922","75","0","2023","4","",83,3107,3113,3098,52965799,0,0,1312,"",1.02,0.76,0.75,0.74,0.49,0.00,0.00,0.65,"",0,0.0,184,6.3,178,6.1,148,5.0,5467470,11.5,0,0.0,0,0.0,68,5.5
"13121","2","9221","76","0","2023","4","",83,3107,3113,3098,52965799,0,0,1312,"",1.02,0.76,0.75,0.74,0.49,0.00,0.00,0.65,"",0,0.0,184,6.3,178,6.1,148,5.0,5467470,11.5,0,0.0,0,0.0,68,5.5
"13121","2","92211","77","0","2023","4","",21,365,362,366,8563550,0,0,1808,"",0.93,0.59,0.58,0.58,0.54,0.00,0.00,0.93,"",0,0.0,12,3.4,5,1.4,10,2.8,352221,4.3,0,0.0,0,0.0,30,1.7
"13121","2","922110","78","0","2023","4","",21,365,362,366,8563550,0,0,1808,"",0.93,0.59,0.58,0.58,0.54,0.00,0.00,0.93,"",0,0.0,12,3.4,5,1.4,10,2.8,352221,4.3,0,0.0,0,0.0,30,1.7
"13121","2","92212","77","0","2023","4","",44,1466,1467,1467,23827663,0,0,1250,"",3.10,2.35,2.31,2.23,1.19,0.00,0.00,0.52,"",0,0.0,72,5.2,73,5.2,53,3.7,2719719,12.9,0,0.0,0,0.0,91,7.9
"13121","2","922120","78","0","2023","4","",44,1466,1467,1467,23827663,0,0,1250,"",3.10,2.35,2.31,2.23,1.19,0.00,0.00,0.52,"",0,0.0,72,5.2,73,5.2,53,3.7,2719719,12.9,0,0.0,0,0.0,91,7.9
"13121","2","92213","77","0","2023","4","",3,549,546,543,10569271,0,0,1489,"",0.26,1.49,1.46,1.45,1.05,0.00,0.00,0.71,"",0,0.0,44,8.7,40,7.9,35,6.9,1137391,12.1,0,0.0,0,0.0,56,3.9
"13121","2","922130","78","0","2023","4","",3,549,546,543,10569271,0,0,1489,"",0.26,1.49,1.46,1.45,1.05,0.00,0.00,0.71,"",0,0.0,44,8.7,40,7.9,35,6.9,1137391,12.1,0,0.0,0,0.0,56,3.9
"13121","2","92214","77","0","2023","4","",2,236,236,232,3086880,0,0,1012,"",0.08,0.11,0.11,0.10,0.06,0.00,0.00,0.53,"",0,0.0,10,4.4,7,3.1,6,2.7,286254,10.2,0,0.0,0,0.0,63,6.6
"13121","2","922140","78","0","2023","4","",2,236,236,232,3086880,0,0,1012,"",0.08,0.11,0.11,0.10,0.06,0.00,0.00,0.53,"",0,0.0,10,4.4,7,3.1,6,2.7,286254,10.2,0,0.0,0,0.0,63,6.6
"13121","2","92215","77","0","2023","4","",13,491,502,490,6918435,0,0,1077,"",2.43,4.00,4.05,3.95,2.48,0.00,0.00,0.62,"",0,0.0,46,10.3,53,11.8,44,9.9,971885,16.3,0,0.0,0,0.0,53,5.2
"13121","2","922150","78","0","2023","4","",13,491,502,490,6918435,0,0,1077,"",2.43,4.00,4.05,3.95,2.48,0.00,0.00,0.62,"",0,0.0,46,10.3,53,11.8,44,9.9,971885,16.3,0,0.0,0,0.0,53,5.2
"13121","2","923","75","0","2023","4","",22,4614,4687,4706,79870794,0,0,1316,"",0.35,1.82,1.82,1.82,1.31,0.00,0.00,0.72,"",-1,-4.3,267,6.1,324,7.4,365,8.4,7564660,10.5,0,0.0,0,0.0,37,2.9
"13121","2","9231","76","0","2023","4","",22,4614,4687,4706,79870794,0,0,1316,"",0.35,1.82,1.82,1.82,1.31,0.00,0.00,0.72,"",-1,-4.3,267,6.1,324,7.4,365,8.4,7564660,10.5,0,0.0,0,0.0,37,2.9
"13121","2","92311","77","0","2023","4","",8,1714,1726,1731,34883655,0,0,1557,"",1.13,6.19,6.15,6.15,4.64,0.00,0.00,0.75,"",0,0.0,-31,-1.8,-14,-0.8,4,0.2,1152775,3.4,0,0.0,0,0.0,64,4.3
"13121","2","923110","78","0","2023","4","",8,1714,1726,1731,34883655,0,0,1557,"",1.13,6.19,6.15,6.15,4.64,0.00,0.00,0.75,"",0,0.0,-31,-1.8,-14,-0.8,4,0.2,1152775,3.4,0,0.0,0,0.0,64,4.3
"13121","2","92312","77","0","2023","4","",11,2762,2824,2838,42563781,0,0,1166,"",0.54,3.22,3.24,3.25,2.01,0.00,0.00,0.62,"",0,0.0,290,11.7,330,13.2,356,14.3,6216245,17.1,0,0.0,0,0.0,40,3.6
"13121","2","923120","78","0","2023","4","",11,2762,2824,2838,42563781,0,0,1166,"",0.54,3.22,3.24,3.25,2.01,0.00,0.00,0.62,"",0,0.0,290,11.7,330,13.2,356,14.3,6216245,17.1,0,0.0,0,0.0,40,3.6
"13121","2","92313","77","0","2023","4","",1,99,99,99,1826840,0,0,1419,"",0.03,0.07,0.07,0.07,0.06,0.00,0.00,0.81,"",-1,-50.0,6,6.5,7,7.6,5,5.3,161005,9.7,0,0.0,0,0.0,41,3.0
"13121","2","923130","78","0","2023","4","",1,99,99,99,1826840,0,0,1419,"",0.03,0.07,0.07,0.07,0.06,0.00,0.00,0.81,"",-1,-50.0,6,6.5,7,7.6,5,5.3,161005,9.7,0,0.0,0,0.0,41,3.0
"13121","2","92314","77","0","2023","4","",2,39,38,38,596518,0,0,1197,"",0.61,0.86,0.83,0.82,0.64,0.00,0.00,0.76,"",0,0.0,2,5.4,1,2.7,0,0.0,34635,6.2,0,0.0,0,0.0,39,3.4
"13121","2","923140","78","0","2023","4","",2,39,38,38,596518,0,0,1197,"",0.61,0.86,0.83,0.82,0.64,0.00,0.00,0.76,"",0,0.0,2,5.4,1,2.7,0,0.0,34635,6.2,0,0.0,0,0.0,39,3.4
"13121","2","924","75","0","2023","4","",5,344,344,343,5337582,0,0,1195,"",0.13,0.37,0.38,0.38,0.25,0.00,0.00,0.67,"",0,0.0,13,3.9,13,3.9,19,5.9,508905,10.5,0,0.0,0,0.0,65,5.8
"13121","2","9241","76","0","2023","4","",5,344,344,343,5337582,0,0,1195,"",0.13,0.37,0.38,0.38,0.25,0.00,0.00,0.67,"",0,0.0,13,3.9,13,3.9,19,5.9,508905,10.5,0,0.0,0,0.0,65,5.8
"13121","2","92412","77","0","2023","4","",5,344,344,343,5337582,0,0,1195,"",0.16,0.52,0.53,0.54,0.39,0.00,0.00,0.74,"",0,0.0,13,3.9,13,3.9,19,5.9,508905,10.5,0,0.0,0,0.0,65,5.8
"13121","2","924120","78","0","2023","4","",5,344,344,343,5337582,0,0,1195,"",0.16,0.52,0.53,0.54,0.39,0.00,0.00,0.74,"",0,0.0,13,3.9,13,3.9,19,5.9,508905,10.5,0,0.0,0,0.0,65,5.8
"13121","2","925","75","0","2023","4","",2,277,282,286,5915677,0,0,1616,"N",0.75,0,0,0,0,0,0,0,"",0,0.0,17,6.5,22,8.5,22,8.3,623631,11.8,0,0.0,0,0.0,58,3.7
"13121","2","9251","76","0","2023","4","",2,277,282,286,5915677,0,0,1616,"N",0.75,0,0,0,0,0,0,0,"",0,0.0,17,6.5,22,8.5,22,8.3,623631,11.8,0,0.0,0,0.0,58,3.7
"13121","2","92512","77","0","2023","4","",2,277,282,286,5915677,0,0,1616,"",1.66,6.79,6.81,6.83,5.36,0.00,0.00,0.79,"",0,0.0,17,6.5,22,8.5,22,8.3,623631,11.8,0,0.0,0,0.0,58,3.7
"13121","2","925120","78","0","2023","4","",2,277,282,286,5915677,0,0,1616,"",1.66,6.79,6.81,6.83,5.36,0.00,0.00,0.79,"",0,0.0,17,6.5,22,8.5,22,8.3,623631,11.8,0,0.0,0,0.0,58,3.7
"13121","2","926","75","0","2023","4","",30,671,673,666,10637597,0,0,1221,"",0.48,0.36,0.36,0.35,0.23,0.00,0.00,0.64,"",2,7.1,42,6.7,42,6.7,37,5.9,1098003,11.5,0,0.0,0,0.0,56,4.8
"13121","2","9261","76","0","2023","4","",30,671,673,666,10637597,0,0,1221,"",0.48,0.36,0.36,0.35,0.23,0.00,0.00,0.64,"",2,7.1,42,6.7,42,6.7,37,5.9,1098003,11.5,0,0.0,0,0.0,56,4.8
"13121","2","92611","77","0","2023","4","",1,106,109,109,2157840,0,0,1537,"",0.20,0.57,0.58,0.58,0.50,0.00,0.00,0.87,"",0,0.0,-6,-5.4,-1,-0.9,1,0.9,-40421,-1.8,0,0.0,0,0.0,0,0.0
"13121","2","926110","78","0","2023","4","",1,106,109,109,2157840,0,0,1537,"",0.20,0.57,0.58,0.58,0.50,0.00,0.00,0.87,"",0,0.0,-6,-5.4,-1,-0.9,1,0.9,-40421,-1.8,0,0.0,0,0.0,0,0.0
"13121","2","92612","77","0","2023","4","",1,17,18,15,257246,0,0,1187,"",0.04,0.02,0.02,0.01,0.01,0.00,0.00,0.60,"",0,0.0,-2,-10.5,-1,-5.3,-4,-21.1,-30739,-10.7,0,0.0,0,0.0,21,1.8
"13121","2","926120","78","0","2023","4","",1,17,18,15,257246,0,0,1187,"",0.04,0.02,0.02,0.01,0.01,0.00,0.00,0.60,"",0,0.0,-2,-10.5,-1,-5.3,-4,-21.1,-30739,-10.7,0,0.0,0,0.0,21,1.8
"13121","2","92613","77","0","2023","4","",1,83,82,83,1541667,0,0,1435,"",0.41,1.52,1.49,1.49,0.79,0.00,0.00,0.53,"",0,0.0,2,2.5,1,1.2,0,0.0,57632,3.9,0,0.0,0,0.0,37,2.6
"13121","2","926130","78","0","2023","4","",1,83,82,83,1541667,0,0,1435,"",0.41,1.52,1.49,1.49,0.79,0.00,0.00,0.53,"",0,0.0,2,2.5,1,1.2,0,0.0,57632,3.9,0,0.0,0,0.0,37,2.6
"13121","2","92614","77","0","2023","4","",24,230,230,223,3058311,0,0,1033,"",1.40,1.11,1.10,1.08,0.76,0.00,0.00,0.69,"",2,9.1,13,6.0,8,3.6,2,0.9,364212,13.5,0,0.0,0,0.0,91,9.7
"13121","2","926140","78","0","2023","4","",24,230,230,223,3058311,0,0,1033,"",1.40,1.11,1.10,1.08,0.76,0.00,0.00,0.69,"",2,9.1,13,6.0,8,3.6,2,0.9,364212,13.5,0,0.0,0,0.0,91,9.7
"13121","2","92615","77","0","2023","4","",3,235,234,236,3622533,0,0,1186,"",0.20,0.73,0.72,0.72,0.46,0.00,0.00,0.64,"",0,0.0,35,17.5,35,17.6,38,19.2,747319,26.0,0,0.0,0,0.0,75,6.8
"13121","2","926150","78","0","2023","4","",3,235,234,236,3622533,0,0,1186,"",0.20,0.73,0.72,0.72,0.46,0.00,0.00,0.64,"",0,0.0,35,17.5,35,17.6,38,19.2,747319,26.0,0,0.0,0,0.0,75,6.8
"13121","2","928","75","0","2023","4","",4,27,27,27,296201,0,0,844,"",0.91,0.23,0.22,0.22,0.13,0.00,0.00,0.57,"",0,0.0,2,8.0,2,8.0,1,3.8,27664,10.3,0,0.0,0,0.0,29,3.6
"13121","2","9281","76","0","2023","4","",4,27,27,27,296201,0,0,844,"",0.91,0.23,0.22,0.22,0.13,0.00,0.00,0.57,"",0,0.0,2,8.0,2,8.0,1,3.8,27664,10.3,0,0.0,0,0.0,29,3.6
"13121","2","92811","77","0","2023","4","",4,27,27,27,296201,0,0,844,"N",0.91,0,0,0,0,0,0,0,"",0,0.0,2,8.0,2,8.0,1,3.8,27664,10.3,0,0.0,0,0.0,29,3.6
"13121","2","928110","78","0","2023","4","",4,27,27,27,296201,0,0,844,"N",0.91,0,0,0,0,0,0,0,"",0,0.0,2,8.0,2,8.0,1,3.8,27664,10.3,0,0.0,0,0.0,29,3.6
"13121","2","99","74","0","2023","4","",2,0,0,0,0,0,0,0,"",2.64,0.00,0.00,0.00,0.00,0.00,0.00,0.00,"",-2,-50.0,-2,-100.0,-2,-100.0,-2,-100.0,-18634,-100.0,0,0.0,0,0.0,-717,-100.0
"13121","2","999","75","0","2023","4","",2,0,0,0,0,0,0,0,"",2.64,0.00,0.00,0.00,0.00,0.00,0.00,0.00,"",-2,-50.0,-2,-100.0,-2,-100.0,-2,-100.0,-18634,-100.0,0,0.0,0,0.0,-717,-100.0
"13121","2","9999","76","0","2023","4","",2,0,0,0,0,0,0,0,"",2.64,0.00,0.00,0.00,0.00,0.00,0.00,0.00,"",-2,-50.0,-2,-100.0,-2,-100.0,-2,-100.0,-18634,-100.0,0,0.0,0,0.0,-717,-100.0
"13121","2","99999","77","0","2023","4","",2,0,0,0,0,0,0,0,"",2.64,0.00,0.00,0.00,0.00,0.00,0.00,0.00,"",-2,-50.0,-2,-100.0,-2,-100.0,-2,-100.0,-18634,-100.0,0,0.0,0,0.0,-717,-100.0
"13121","2","999999","78","0","2023","4","",2,0,0,0,0,0,0,0,"",2.64,0.00,0.00,0.00,0.00,0.00,0.00,0.00,"",-2,-50.0,-2,-100.0,-2,-100.0,-2,-100.0,-18634,-100.0,0,0.0,0,0.0,-717,-100.0
"13121","3","10","71","0","2023","4","",227,44048,44486,44517,768162120,3232868,20364,1332,"",0.23,0.49,0.49,0.49,0.41,0.16,0.30,0.84,"",1,0.4,1965,4.7,2148,5.1,2033,4.8,84681817,12.4,-605271,-15.8,-5616,-21.6,89,7.2
"13121","3","102","72","0","2023","4","",227,44048,44486,44517,768162120,3232868,20364,1332,"",0.24,0.50,0.49,0.50,0.42,0.16,0.31,0.84,"",1,0.4,1965,4.7,2148,5.1,2033,4.8,84681817,12.4,-605271,-15.8,-5616,-21.6,89,7.2
"13121","3","1021","73","0","2023","4","",1,4513,4391,4467,75156533,1928289,4628,1297,"",0.01,1.32,1.27,1.28,0.82,2.61,1.57,0.63,"",0,0.0,439,10.8,254,6.1,297,7.1,11862717,18.7,-453831,-19.1,-2042,-30.6,117,9.9
"13121","3","1025","73","0","2023","4","",192,21213,21659,21533,342093875,0,0,1226,"",0.46,0.38,0.38,0.38,0.32,0.00,0.00,0.83,"",2,1.1,958,4.7,1233,6.0,1062,5.2,35764300,11.7,0,0.0,0,0.0,70,6.1
"13121","3","1028","73","0","2023","4","",34,18322,18436,18517,350911712,1304579,15736,1465,"",0.10,0.72,0.72,0.72,0.59,0.16,0.53,0.81,"",-1,-2.9,568,3.2,661,3.7,674,3.8,37054800,11.8,-151440,-10.4,-3574,-18.5,108,8.0
"13121","3","48-49","74","0","2023","4","",1,4513,4391,4467,75156533,1928289,4628,1297,"",0.06,2.46,2.37,2.40,1.62,8.76,4.43,0.67,"",0,0.0,439,10.8,254,6.1,297,7.1,11862717,18.7,-453831,-19.1,-2042,-30.6,117,9.9
"13121","3","485","75","0","2023","4","",1,4513,4391,4467,75156533,1928289,4628,1297,"",0.10,3.04,2.92,2.96,2.07,14.09,6.00,0.69,"",0,0.0,439,10.8,254,6.1,297,7.1,11862717,18.7,-453831,-19.1,-2042,-30.6,117,9.9
"13121","3","4851","76","0","2023","4","",1,4513,4391,4467,75156533,1928289,4628,1297,"",0.35,4.22,4.06,4.11,2.48,20.12,8.26,0.60,"",0,0.0,439,10.8,254,6.1,297,7.1,11862717,18.7,-453831,-19.1,-2042,-30.6,117,9.9
"13121","3","48511","77","0","2023","4","",1,4513,4391,4467,75156533,1928289,4628,1297,"",0.35,4.22,4.06,4.11,2.48,20.12,8.26,0.60,"",0,0.0,439,10.8,254,6.1,297,7.1,11862717,18.7,-453831,-19.1,-2042,-30.6,117,9.9
"13121","3","485111","78","0","2023","4","",1,4513,4391,4467,75156533,1928289,4628,1297,"",1.40,7.38,7.10,7.19,4.27,66.14,65.99,0.59,"",0,0.0,439,10.8,254,6.1,297,7.1,11862717,18.7,-453831,-19.1,-2042,-30.6,117,9.9
"13121","3","61","74","0","2023","4","",192,21213,21659,21533,342093875,0,0,1226,"",0.51,0.42,0.43,0.43,0.36,0.00,0.00,0.85,"",2,1.1,958,4.7,1233,6.0,1062,5.2,35764300,11.7,0,0.0,0,0.0,70,6.1
"13121","3","611","75","0","2023","4","",192,21213,21659,21533,342093875,0,0,1226,"",0.51,0.42,0.43,0.43,0.36,0.00,0.00,0.85,"",2,1.1,958,4.7,1233,6.0,1062,5.2,35764300,11.7,0,0.0,0,0.0,70,6.1
"13121","3","6111","76","0","2023","4","",192,21213,21659,21533,342093875,0,0,1226,"",0.54,0.45,0.46,0.45,0.39,0.00,0.00,0.85,"",2,1.1,958,4.7,1233,6.0,1062,5.2,35764300,11.7,0,0.0,0,0.0,70,6.1
"13121","3","61111","77","0","2023","4","",192,21213,21659,21533,342093875,0,0,1226,"",0.54,0.45,0.46,0.45,0.39,0.00,0.00,0.85,"",2,1.1,958,4.7,1233,6.0,1062,5.2,35764300,11.7,0,0.0,0,0.0,70,6.1
"13121","3","611110","78","0","2023","4","",192,21213,21659,21533,342093875,0,0,1226,"",0.54,0.45,0.46,0.45,0.39,0.00,0.00,0.85,"",2,1.1,958,4.7,1233,6.0,1062,5.2,35764300,11.7,0,0.0,0,0.0,70,6.1
"13121","3","92","74","0","2023","4","",34,18322,18436,18517,350911712,1304579,15736,1465,"",0.10,0.72,0.72,0.72,0.59,0.16,0.53,0.81,"",-1,-2.9,568,3.2,661,3.7,674,3.8,37054800,11.8,-151440,-10.4,-3574,-18.5,108,8.0
"13121","3","921","75","0","2023","4","",17,17430,17543,17624,332288987,980413,8025,1458,"",0.08,1.04,1.03,1.04,0.93,0.15,0.36,0.90,"",-1,-5.6,513,3.0,627,3.7,642,3.8,36191510,12.2,-11317,-1.1,633,8.6,113,8.4
"13121","3","9211","76","0","2023","4","",17,17430,17543,17624,332288987,980413,8025,1458,"",0.08,1.04,1.03,1.04,0.93,0.15,0.36,0.90,"",-1,-5.6,513,3.0,627,3.7,642,3.8,36191510,12.2,-11317,-1.1,633,8.6,113,8.4
"13121","3","92111","77","0","2023","4","",3,867,890,890,19172023,367376,3269,1671,"",0.12,0.72,0.74,0.73,0.74,1.81,2.36,1.01,"",-1,-25.0,42,5.1,69,8.4,73,8.9,2499693,15.0,-98190,-21.1,-63,-1.9,109,7.0
"13121","3","921110","78","0","2023","4","",3,867,890,890,19172023,367376,3269,1671,"",0.12,0.72,0.74,0.73,0.74,1.81,2.36,1.01,"",-1,-25.0,42,5.1,69,8.4,73,8.9,2499693,15.0,-98190,-21.1,-63,-1.9,109,7.0
"13121","3","92112","77","0","2023","4","",2,654,657,663,12462212,358375,3440,1457,"",0.13,0.40,0.40,0.40,0.34,4.67,5.05,0.84,"",0,0.0,91,16.2,88,15.5,89,15.5,2403082,23.9,15731,4.6,596,21.0,96,7.1
"13121","3","921120","78","0","2023","4","",2,654,657,663,12462212,358375,3440,1457,"",0.13,0.40,0.40,0.40,0.34,4.67,5.05,0.84,"",0,0.0,91,16.2,88,15.5,89,15.5,2403082,23.9,15731,4.6,596,21.0,96,7.1
"13121","3","92113","77","0","2023","4","",1,5,5,5,130749,0,0,2012,"",0.07,0.01,0.01,0.01,0.01,0.00,0.00,1.13,"",0,0.0,0,0.0,0,0.0,0,0.0,11043,9.2,0,0.0,0,0.0,170,9.2
"13121","3","921130","78","0","2023","4","",1,5,5,5,130749,0,0,2012,"",0.07,0.01,0.01,0.01,0.01,0.00,0.00,1.13,"",0,0.0,0,0.0,0,0.0,0,0.0,11043,9.2,0,0.0,0,0.0,170,9.2
"13121","3","92114","77","0","2023","4","",11,15904,15991,16066,300524003,254662,1316,1446,"",0.09,1.47,1.46,1.47,1.32,0.06,0.15,0.90,"",0,0.0,380,2.4,470,3.0,480,3.1,31277692,11.6,71142,38.8,100,8.2,114,8.6
"13121","3","921140","78","0","2023","4","",11,15904,15991,16066,300524003,254662,1316,1446,"",0.09,1.47,1.46,1.47,1.32,0.06,0.15,0.90,"",0,0.0,380,2.4,470,3.0,480,3.1,31277692,11.6,71142,38.8,100,8.2,114,8.6
"13121","3","922","75","0","2023","4","",1,5,4,3,85123,0,0,1637,"",0.01,0.00,0.00,0.00,0.00,0.00,0.00,0.71,"",0,0.0,0,0.0,0,0.0,-1,-25.0,9103,12.0,-7391,-100.0,-92,-100.0,288,21.3
"13121","3","9221","76","0","2023","4","",1,5,4,3,85123,0,0,1637,"",0.01,0.00,0.00,0.00,0.00,0.00,0.00,0.71,"",0,0.0,0,0.0,0,0.0,-1,-25.0,9103,12.0,-7391,-100.0,-92,-100.0,288,21.3
"13121","3","92219","77","0","2023","4","",1,5,4,3,85123,0,0,1637,"",0.23,0.01,0.01,0.00,0.00,0.00,0.00,0.52,"",0,0.0,0,0.0,0,0.0,-1,-25.0,9103,12.0,-7391,-100.0,-92,-100.0,288,21.3
"13121","3","922190","78","0","2023","4","",1,5,4,3,85123,0,0,1637,"",0.23,0.01,0.01,0.00,0.00,0.00,0.00,0.52,"",0,0.0,0,0.0,0,0.0,-1,-25.0,9103,12.0,-7391,-100.0,-92,-100.0,288,21.3
"13121","3","924","75","0","2023","4","",1,3,3,3,126520,0,0,3244,"",0.04,0.00,0.00,0.00,0.01,0.00,0.00,1.94,"",0,0.0,0,0.0,0,0.0,0,0.0,22235,21.3,0,0.0,0,0.0,570,21.3
"13121","3","9241","76","0","2023","4","",1,3,3,3,126520,0,0,3244,"",0.04,0.00,0.00,0.00,0.01,0.00,0.00,1.94,"",0,0.0,0,0.0,0,0.0,0,0.0,22235,21.3,0,0.0,0,0.0,570,21.3
"13121","3","92412","77","0","2023","4","",1,3,3,3,126520,0,0,3244,"",0.07,0.01,0.01,0.01,0.03,0.00,0.00,2.88,"",0,0.0,0,0.0,0,0.0,0,0.0,22235,21.3,0,0.0,0,0.0,570,21.3
"13121","3","924120","78","0","2023","4","",1,3,3,3,126520,0,0,3244,"",0.07,0.01,0.01,0.01,0.03,0.00,0.00,2.88,"",0,0.0,0,0.0,0,0.0,0,0.0,22235,21.3,0,0.0,0,0.0,570,21.3
"13121","3","925","75","0","2023","4","",9,466,465,459,11139151,101452,2407,1849,"",0.43,0.93,0.92,0.91,1.01,0.24,1.27,1.09,"",0,0.0,2,0.4,-5,-1.1,-13,-2.8,-115123,-1.0,-32735,-24.4,-2054,-46.0,2,0.1
"13121","3","9251","76","0","2023","4","",9,466,465,459,11139151,101452,2407,1849,"",0.43,0.93,0.92,0.91,1.01,0.24,1.27,1.09,"",0,0.0,2,0.4,-5,-1.1,-13,-2.8,-115123,-1.0,-32735,-24.4,-2054,-46.0,2,0.1
"13121","3","92511","77","0","2023","4","",4,339,337,333,7825928,86440,2389,1790,"",0.30,1.10,1.08,1.06,1.08,0.24,1.67,1.00,"",0,0.0,-7,-2.0,-13,-3.7,-17,-4.9,-281990,-3.5,-45668,-34.6,-2064,-46.4,1,0.1
"13121","3","925110","78","0","2023","4","",4,339,337,333,7825928,86440,2389,1790,"",0.30,1.10,1.08,1.06,1.08,0.24,1.67,1.00,"",0,0.0,-7,-2.0,-13,-3.7,-17,-4.9,-281990,-3.5,-45668,-34.6,-2064,-46.4,1,0.1
"13121","3","92512","77","0","2023","4","",5,127,128,126,3313223,15012,18,2007,"",0.67,0.66,0.66,0.65,0.86,0.23,0.04,1.30,"",0,0.0,9,7.6,8,6.7,4,3.3,166867,5.3,12933,622.1,10,125.0,-10,-0.5
"13121","3","925120","78","0","2023","4","",5,127,128,126,3313223,15012,18,2007,"",0.67,0.66,0.66,0.65,0.86,0.23,0.04,1.30,"",0,0.0,9,7.6,8,6.7,4,3.3,166867,5.3,12933,622.1,10,125.0,-10,-0.5
"13121","3","926","75","0","2023","4","",6,418,421,428,7271931,222714,5304,1324,"N",0.37,0,0,0,0,0,0,0,"",0,0.0,53,14.5,39,10.2,46,12.0,947075,15.0,-99997,-31.0,-2061,-28.0,31,2.4
"13121","3","9261","76","0","2023","4","",6,418,421,428,7271931,222714,5304,1324,"N",0.37,0,0,0,0,0,0,0,"",0,0.0,53,14.5,39,10.2,46,12.0,947075,15.0,-99997,-31.0,-2061,-28.0,31,2.4
"13121","3","92611","77","0","2023","4","",3,66,66,66,1957691,7974,38,2282,"",0.85,0.85,0.85,0.85,0.84,0.20,0.19,0.99,"",0,0.0,8,13.8,3,4.8,3,4.8,174192,9.8,-49578,-86.1,-261,-87.3,45,2.0
"13121","3","926110","78","0","2023","4","",3,66,66,66,1957691,7974,38,2282,"",0.85,0.85,0.85,0.85,0.84,0.20,0.19,0.99,"",0,0.0,8,13.8,3,4.8,3,4.8,174192,9.8,-49578,-86.1,-261,-87.3,45,2.0
"13121","3","92612","77","0","2023","4","",1,34,32,34,573502,0,0,1323,"",0.44,0.21,0.20,0.21,0.12,0.00,0.00,0.58,"",0,0.0,-2,-5.6,-5,-13.5,5,17.2,-13458,-2.3,0,0.0,0,0.0,-5,-0.4
"13121","3","926120","78","0","2023","4","",1,34,32,34,573502,0,0,1323,"",0.44,0.21,0.20,0.21,0.12,0.00,0.00,0.58,"",0,0.0,-2,-5.6,-5,-13.5,5,17.2,-13458,-2.3,0,0.0,0,0.0,-5,-0.4
"13121","3","92614","77","0","2023","4","",1,3,5,6,52072,20614,25,858,"N",0.35,0,0,0,0,0,0,0,"",0,0.0,-2,-40.0,0,0.0,1,20.0,-27248,-34.4,16941,461.2,19,316.7,-362,-29.7
"13121","3","926140","78","0","2023","4","",1,3,5,6,52072,20614,25,858,"N",0.35,0,0,0,0,0,0,0,"",0,0.0,-2,-40.0,0,0.0,1,20.0,-27248,-34.4,16941,461.2,19,316.7,-362,-29.7
"13121","3","92615","77","0","2023","4","",1,315,318,322,4688666,194126,5241,1133,"",0.21,3.46,3.47,3.51,2.24,25.11,126.56,0.64,"",0,0.0,49,18.4,41,14.8,37,13.0,813589,21.0,-67360,-25.8,-1819,-25.8,53,4.9
"13121","3","926150","78","0","2023","4","",1,315,318,322,4688666,194126,5241,1133,"",0.21,3.46,3.47,3.51,2.24,25.11,126.56,0.64,"",0,0.0,49,18.4,41,14.8,37,13.0,813589,21.0,-67360,-25.8,-1819,-25.8,53,4.9
"13121","5","10","71","0","2023","4","",66939,834647,843673,844410,20392358741,928895562,11937272,1865,"",1.02,1.04,1.04,1.04,1.05,1.03,1.01,1.01,"",4562,7.3,-13792,-1.6,-10529,-1.2,-7399,-0.9,363814789,1.8,-131159234,-12.4,-3061189,-20.4,56,3.1
"13121","5","101","72","0","2023","4","",3996,52030,52158,52146,1335214848,59130241,976573,1971,"",0.48,0.37,0.37,0.38,0.36,0.38,0.37,0.95,"",467,13.2,2429,4.9,2471,5.0,2232,4.5,97651024,7.9,4350010,7.9,137850,16.4,57,3.0
"13121","5","1011","73","0","2023","4","",86,654,673,689,15993052,576915,9058,1831,"",0.10,0.06,0.06,0.06,0.06,0.03,0.03,1.04,"",21,32.3,166,34.0,181,36.8,202,41.5,3027804,23.4,151079,35.5,3454,61.6,-209,-10.2
"13121","5","1012","73","0","2023","4","",2440,22832,22888,22809,669936358,35041918,672910,2256,"",0.46,0.46,0.46,0.47,0.50,0.50,0.46,1.08,"",264,12.1,1025,4.7,1062,4.9,923,4.2,53059695,8.6,7573499,27.6,155609,30.1,83,3.8
"13121","5","1013","73","0","2023","4","",1470,28544,28597,28648,649285438,23511408,294605,1747,"",0.66,0.37,0.36,0.36,0.30,0.34,0.35,0.82,"",182,14.1,1238,4.5,1228,4.5,1107,4.0,41563525,6.8,-3374568,-12.6,-21213,-6.7,41,2.4
"13121","5","102","72","0","2023","4","",62943,782617,791515,792264,19057143893,869765321,10960699,1858,"",1.10,1.18,1.18,1.18,1.22,1.17,1.19,1.03,"",4095,7.0,-16221,-2.0,-13000,-1.6,-9631,-1.2,266163765,1.4,-135509244,-13.5,-3199039,-22.6,55,3.1
"13121","5","1021","73","0","2023","4","",8245,156549,162338,163461,2795419862,198057242,1955828,1337,"",0.71,0.90,0.90,0.90,0.80,0.94,0.83,0.88,"",-53,-0.6,-4013,-2.5,-2720,-1.6,-1974,-1.2,82974425,3.1,-13956712,-6.6,-1136046,-36.7,62,4.9
"13121","5","1022","73","0","2023","4","",1840,51130,52596,52908,1981485849,39080640,570488,2919,"",1.13,2.90,2.94,2.94,2.23,2.73,2.59,0.76,"",97,5.6,-8319,-14.0,-8358,-13.7,-6319,-10.7,-304887243,-13.3,-30179718,-43.6,-630430,-52.5,-18,-0.6
"13121","5","1023","73","0","2023","4","",7367,87804,87533,87453,2898601966,62898614,784755,2545,"",1.22,1.66,1.65,1.64,1.47,1.40,1.48,0.89,"",394,5.7,-4583,-5.0,-4983,-5.4,-4871,-5.3,-42006960,-1.4,-21455477,-25.4,-317945,-28.8,97,4.0
"13121","5","1024","73","0","2023","4","",17150,234049,234545,233526,7347753273,268604501,3673402,2415,"",1.22,1.69,1.68,1.69,1.62,1.54,1.50,0.96,"",1588,10.2,-12131,-4.9,-10759,-4.4,-10732,-4.4,132467170,1.8,-57683602,-17.7,-751274,-17.0,152,6.7
"13121","5","1025","73","0","2023","4","",6672,123309,124129,124475,2497813491,90869970,1161871,1550,"",0.57,0.82,0.81,0.81,0.79,0.73,0.79,0.97,"",579,9.5,6391,5.5,6838,5.8,7296,6.2,275646337,12.4,-1957427,-2.1,-173712,-13.0,91,6.2
"13121","5","1026","73","0","2023","4","",5315,99943,100124,99991,977394487,161395180,1910825,752,"",0.97,1.00,1.00,1.00,0.91,1.16,1.11,0.91,"",-96,-1.8,6257,6.7,6266,6.7,5966,6.3,99039163,11.3,-7310309,-4.3,-153079,-7.4,32,4.4
"13121","5","1027","73","0","2023","4","",3958,24156,24330,24206,377179896,29816102,424484,1197,"",0.80,0.86,0.86,0.86,0.79,0.96,1.09,0.92,"",-51,-1.3,-416,-1.7,20,0.1,337,1.4,24817661,7.0,-3169485,-9.6,-36806,-8.0,79,7.1
"13121","5","1029","73","0","2023","4","",12396,5677,5920,6244,181495069,19043072,479046,2348,"",6.44,3.39,3.41,3.49,3.63,4.13,4.49,1.06,"",1637,15.2,593,11.7,696,13.3,666,11.9,-1886788,-1.0,203486,1.1,253,0.1,-316,-11.9
"13121","5","11","74","0","2023","4","",62,153,156,159,2848509,207707,4042,1405,"",0.10,0.02,0.02,0.02,0.02,0.01,0.02,1.17,"",8,14.8,-2,-1.3,-1,-0.6,5,3.2,43269,1.5,-23032,-10.0,994,32.6,16,1.2
"13121","5","111","75","0","2023","4","",20,38,40,40,545698,39682,826,1067,"",0.07,0.01,0.01,0.01,0.01,0.01,0.01,0.92,"",0,0.0,-12,-24.0,-11,-21.6,-8,-16.7,-116980,-17.7,-4796,-10.8,168,25.5,41,4.0
"13121","5","1112","76","0","2023","4","N",4,0,0,0,0,0,0,0,"N",0.13,0,0,0,0,0,0,0,"N",-1,-20.0,0,0,0,0,0,0,0,0,0,0,0,0,0,0
"13121","5","11121","77","0","2023","4","N",4,0,0,0,0,0,0,0,"N",0.13,0,0,0,0,0,0,0,"N",-1,-20.0,0,0,0,0,0,0,0,0,0,0,0,0,0,0
"13121","5","111219","78","0","2023","4","N",4,0,0,0,0,0,0,0,"N",0.16,0,0,0,0,0,0,0,"N",-1,-20.0,0,0,0,0,0,0,0,0,0,0,0,0,0,0
"13121","5","1113","76","0","2023","4","N",2,0,0,0,0,0,0,0,"N",0.03,0,0,0,0,0,0,0,"N",1,100.0,0,0,0,0,0,0,0,0,0,0,0,0,0,0
"13121","5","11133","77","0","2023","4","N",2,0,0,0,0,0,0,0,"N",0.04,0,0,0,0,0,0,0,"N",1,100.0,0,0,0,0,0,0,0,0,0,0,0,0,0,0
"13121","5","111335","78","0","2023","4","N",1,0,0,0,0,0,0,0,"N",0.08,0,0,0,0,0,0,0,"N",0,0.0,0,0,0,0,0,0,0,0,0,0,0,0,0,0
"13121","5","111336","78","0","2023","4","N",1,0,0,0,0,0,0,0,"N",0.38,0,0,0,0,0,0,0,"N",1,100.0,0,0,0,0,0,0,0,0,0,0,0,0,0,0
"13121","5","1114","76","0","2023","4","N",2,0,0,0,0,0,0,0,"N",0.04,0,0,0,0,0,0,0,"N",-2,-50.0,0,0,0,0,0,0,0,0,0,0,0,0,0,0
"13121","5","11141","77","0","2023","4","N",1,0,0,0,0,0,0,0,"N",0.06,0,0,0,0,0,0,0,"N",-1,-50.0,0,0,0,0,0,0,0,0,0,0,0,0,0,0
"13121","5","111419","78","0","2023","4","N",1,0,0,0,0,0,0,0,"N",0.07,0,0,0,0,0,0,0,"N",-1,-50.0,0,0,0,0,0,0,0,0,0,0,0,0,0,0
"13121","5","11142","77","0","2023","4","N",1,0,0,0,0,0,0,0,"N",0.02,0,0,0,0,0,0,0,"N",-1,-50.0,0,0,0,0,0,0,0,0,0,0,0,0,0,0
"13121","5","111421","78","0","2023","4","N",1,0,0,0,0,0,0,0,"N",0.03,0,0,0,0,0,0,0,"N",-1,-50.0,0,0,0,0,0,0,0,0,0,0,0,0,0,0
"13121","5","1119","76","0","2023","4","",12,31,33,33,449734,39425,819,1070,"",0.18,0.07,0.08,0.09,0.06,0.04,0.06,0.82,"",2,20.0,4,14.8,6,22.2,7,26.9,97267,27.6,11572,41.5,328,66.8,53,5.2
"13121","5","11192","77","0","2023","4","N",1,0,0,0,0,0,0,0,"N",0.07,0,0,0,0,0,0,0,"N",1,100.0,0,0,0,0,0,0,0,0,0,0,0,0,0,0
"13121","5","111920","78","0","2023","4","N",1,0,0,0,0,0,0,0,"N",0.07,0,0,0,0,0,0,0,"N",1,100.0,0,0,0,0,0,0,0,0,0,0,0,0,0,0
"13121","5","11193","77","0","2023","4","N",1,0,0,0,0,0,0,0,"N",0.67,0,0,0,0,0,0,0,"N",0,0.0,0,0,0,0,0,0,0,0,0,0,0,0,0,0
"13121","5","111930","78","0","2023","4","N",1,0,0,0,0,0,0,0,"N",0.67,0,0,0,0,0,0,0,"N",0,0.0,0,0,0,0,0,0,0,0,0,0,0,0,0,0
"13121","5","11194","77","0","2023","4","N",1,0,0,0,0,0,0,0,"N",0.10,0,0,0,0,0,0,0,"N",0,0.0,0,0,0,0,0,0,0,0,0,0,0,0,0,0
"13121","5","111940","78","0","2023","4","N",1,0,0,0,0,0,0,0,"N",0.10,0,0,0,0,0,0,0,"N",0,0.0,0,0,0,0,0,0,0,0,0,0,0,0,0,0
"13121","5","11199","77","0","2023","4","",9,19,20,20,217365,32042,620,850,"",0.24,0.06,0.08,0.08,0.05,0.04,0.05,0.72,"",1,12.5,-1,-5.0,0,0.0,1,5.3,-33649,-13.4,4189,15.0,129,26.3,-132,-13.4
"13121","5","111998","78","0","2023","4","",9,19,20,20,217365,32042,620,850,"",0.26,0.07,0.08,0.09,0.06,0.05,0.06,0.72,"",1,12.5,-1,-5.0,0,0.0,1,5.3,-33649,-13.4,4189,15.0,129,26.3,-132,-13.4
"13121","5","112","75","0","2023","4","N",6,0,0,0,0,0,0,0,"N",0.04,0,0,0,0,0,0,0,"N",-1,-14.3,0,0,0,0,0,0,0,0,0,0,0,0,0,0
"13121","5","1121","76","0","2023","4","N",1,0,0,0,0,0,0,0,"N",0.01,0,0,0,0,0,0,0,"N",0,0.0,0,0,0,0,0,0,0,0,0,0,0,0,0,0
"13121","5","11211","77","0","2023","4","N",1,0,0,0,0,0,0,0,"N",0.02,0,0,0,0,0,0,0,"N",0,0.0,0,0,0,0,0,0,0,0,0,0,0,0,0,0
"13121","5","112111","78","0","2023","4","N",1,0,0,0,0,0,0,0,"N",0.02,0,0,0,0,0,0,0,"N",0,0.0,0,0,0,0,0,0,0,0,0,0,0,0,0,0
"13121","5","1123","76","0","2023","4","N",2,0,0,0,0,0,0,0,"N",0.14,0,0,0,0,0,0,0,"N",-1,-33.3,0,0,0,0,0,0,0,0,0,0,0,0,0,0
"13121","5","11231","77","0","2023","4","N",1,0,0,0,0,0,0,0,"N",0.21,0,0,0,0,0,0,0,"N",0,0.0,0,0,0,0,0,0,0,0,0,0,0,0,0,0
"13121","5","112310","78","0","2023","4","N",1,0,0,0,0,0,0,0,"N",0.21,0,0,0,0,0,0,0,"N",0,0.0,0,0,0,0,0,0,0,0,0,0,0,0,0,0
"13121","5","11234","77","0","2023","4","N",1,0,0,0,0,0,0,0,"N",0.38,0,0,0,0,0,0,0,"N",-1,-50.0,0,0,0,0,0,0,0,0,0,0,0,0,0,0
"13121","5","112340","78","0","2023","4","N",1,0,0,0,0,0,0,0,"N",0.38,0,0,0,0,0,0,0,"N",-1,-50.0,0,0,0,0,0,0,0,0,0,0,0,0,0,0
"13121","5","1129","76","0","2023","4","N",3,0,0,0,0,0,0,0,"N",0.12,0,0,0,0,0,0,0,"N",0,0.0,0,0,0,0,0,0,0,0,0,0,0,0,0,0
"13121","5","11291","77","0","2023","4","-",0,0,0,0,0,0,0,0,"N",0.00,0,0,0,0,0,0,0,"N",-1,-100.0,0,0,0,0,0,0,0,0,0,0,0,0,0,0
"13121","5","112910","78","0","2023","4","-",0,0,0,0,0,0,0,0,"N",0.00,0,0,0,0,0,0,0,"N",-1,-100.0,0,0,0,0,0,0,0,0,0,0,0,0,0,0
"13121","5","11292","77","0","2023","4","N",1,0,0,0,0,0,0,0,"N",0.11,0,0,0,0,0,0,0,"N",0,0.0,0,0,0,0,0,0,0,0,0,0,0,0,0,0
"13121","5","112920","78","0","2023","4","N",1,0,0,0,0,0,0,0,"N",0.11,0,0,0,0,0,0,0,"N",0,0.0,0,0,0,0,0,0,0,0,0,0,0,0,0,0
"13121","5","11299","77","0","2023","4","N",2,0,0,0,0,0,0,0,"N",0.20,0,0,0,0,0,0,0,"N",1,100.0,0,0,0,0,0,0,0,0,0,0,0,0,0,0
"13121","5","112990","78","0","2023","4","N",2,0,0,0,0,0,0,0,"N",0.20,0,0,0,0,0,0,0,"N",1,100.0,0,0,0,0,0,0,0,0,0,0,0,0,0,0
"13121","5","113","75","0","2023","4","",12,42,45,45,693949,59548,1601,1213,"",0.24,0.14,0.15,0.15,0.12,0.12,0.19,0.80,"",4,50.0,4,10.5,4,9.8,4,9.8,72617,11.7,17724,42.4,986,160.3,18,1.5
"13121","5","1131","76","0","2023","4","N",4,0,0,0,0,0,0,0,"N",1.05,0,0,0,0,0,0,0,"N",2,100.0,0,0,0,0,0,0,0,0,0,0,0,0,0,0
"13121","5","11311","77","0","2023","4","N",4,0,0,0,0,0,0,0,"N",1.05,0,0,0,0,0,0,0,"N",2,100.0,0,0,0,0,0,0,0,0,0,0,0,0,0,0
"13121","5","113110","78","0","2023","4","N",4,0,0,0,0,0,0,0,"N",1.05,0,0,0,0,0,0,0,"N",2,100.0,0,0,0,0,0,0,0,0,0,0,0,0,0,0
"13121","5","1132","76","0","2023","4","N",2,0,0,0,0,0,0,0,"N",1.00,0,0,0,0,0,0,0,"N",1,100.0,0,0,0,0,0,0,0,0,0,0,0,0,0,0
"13121","5","11321","77","0","2023","4","N",2,0,0,0,0,0,0,0,"N",1.00,0,0,0,0,0,0,0,"N",1,100.0,0,0,0,0,0,0,0,0,0,0,0,0,0,0
"13121","5","113210","78","0","2023","4","N",2,0,0,0,0,0,0,0,"N",1.00,0,0,0,0,0,0,0,"N",1,100.0,0,0,0,0,0,0,0,0,0,0,0,0,0,0
"13121","5","1133","76","0","2023","4","",6,30,32,31,353175,40548,1087,876,"",0.13,0.11,0.12,0.12,0.07,0.09,0.14,0.59,"N",1,20.0,0,0,0,0,0,0,0,0,0,0,0,0,0,0
"13121","5","11331","77","0","2023","4","",6,30,32,31,353175,40548,1087,876,"",0.13,0.11,0.12,0.12,0.07,0.09,0.14,0.59,"N",1,20.0,0,0,0,0,0,0,0,0,0,0,0,0,0,0
"13121","5","113310","78","0","2023","4","",6,30,32,31,353175,40548,1087,876,"",0.13,0.11,0.12,0.12,0.07,0.09,0.14,0.59,"N",1,20.0,0,0,0,0,0,0,0,0,0,0,0,0,0,0
"13121","5","114","75","0","2023","4","N",1,0,0,0,0,0,0,0,"N",0.06,0,0,0,0,0,0,0,"N",1,100.0,0,0,0,0,0,0,0,0,0,0,0,0,0,0
"13121","5","1142","76","0","2023","4","N",1,0,0,0,0,0,0,0,"N",0.29,0,0,0,0,0,0,0,"N",1,100.0,0,0,0,0,0,0,0,0,0,0,0,0,0,0
"13121","5","11421","77","0","2023","4","N",1,0,0,0,0,0,0,0,"N",0.29,0,0,0,0,0,0,0,"N",1,100.0,0,0,0,0,0,0,0,0,0,0,0,0,0,0
"13121","5","114210","78","0","2023","4","N",1,0,0,0,0,0,0,0,"N",0.29,0,0,0,0,0,0,0,"N",1,100.0,0,0,0,0,0,0,0,0,0,0,0,0,0,0
"13121","5","115","75","0","2023","4","",23,58,56,59,1413266,103316,1475,1885,"",0.18,0.02,0.02,0.03,0.04,0.02,0.01,1.66,"",4,21.1,5,9.4,3,5.7,7,13.5,73794,5.5,-23755,-18.7,48,3.4,-71,-3.6
"13121","5","1151","76","0","2023","4","N",6,0,0,0,0,0,0,0,"N",0.08,0,0,0,0,0,0,0,"N",3,100.0,0,0,0,0,0,0,0,0,0,0,0,0,0,0
"13121","5","11511","77","0","2023","4","N",6,0,0,0,0,0,0,0,"N",0.08,0,0,0,0,0,0,0,"N",3,100.0,0,0,0,0,0,0,0,0,0,0,0,0,0,0
"13121","5","115112","78","0","2023","4","N",2,0,0,0,0,0,0,0,"N",0.09,0,0,0,0,0,0,0,"N",0,0.0,0,0,0,0,0,0,0,0,0,0,0,0,0,0
"13121","5","115114","78","0","2023","4","N",1,0,0,0,0,0,0,0,"N",0.08,0,0,0,0,0,0,0,"N",0,0.0,0,0,0,0,0,0,0,0,0,0,0,0,0,0
"13121","5","115115","78","0","2023","4","N",1,0,0,0,0,0,0,0,"N",0.06,0,0,0,0,0,0,0,"N",1,100.0,0,0,0,0,0,0,0,0,0,0,0,0,0,0
"13121","5","115116","78","0","2023","4","N",2,0,0,0,0,0,0,0,"N",0.20,0,0,0,0,0,0,0,"N",2,100.0,0,0,0,0,0,0,0,0,0,0,0,0,0,0
"13121","5","1152","76","0","2023","4","",14,48,46,47,1080361,84498,1060,1768,"",0.39,0.25,0.24,0.25,0.37,0.38,0.58,1.47,"",1,7.7,0,0.0,-2,-4.2,0,0.0,-28721,-2.6,-40744,-32.5,-366,-25.7,-22,-1.2
"13121","5","11521","77","0","2023","4","",14,48,46,47,1080361,84498,1060,1768,"",0.39,0.25,0.24,0.25,0.37,0.38,0.58,1.47,"",1,7.7,0,0.0,-2,-4.2,0,0.0,-28721,-2.6,-40744,-32.5,-366,-25.7,-22,-1.2
"13121","5","115210","78","0","2023","4","",14,48,46,47,1080361,84498,1060,1768,"",0.39,0.25,0.24,0.25,0.37,0.38,0.58,1.47,"",1,7.7,0,0.0,-2,-4.2,0,0.0,-28721,-2.6,-40744,-32.5,-366,-25.7,-22,-1.2
"13121","5","1153","76","0","2023","4","N",3,0,0,0,0,0,0,0,"N",0.17,0,0,0,0,0,0,0,"N",0,0.0,0,0,0,0,0,0,0,0,0,0,0,0,0,0
"13121","5","11531","77","0","2023","4","N",3,0,0,0,0,0,0,0,"N",0.17,0,0,0,0,0,0,0,"N",0,0.0,0,0,0,0,0,0,0,0,0,0,0,0,0,0
"13121","5","115310","78","0","2023","4","N",3,0,0,0,0,0,0,0,"N",0.17,0,0,0,0,0,0,0,"N",0,0.0,0,0,0,0,0,0,0,0,0,0,0,0,0,0
"13121","5","21","74","0","2023","4","",24,501,517,530,13144543,369208,5016,1960,"",0.14,0.14,0.14,0.15,0.10,0.10,0.08,0.66,"",13,118.2,168,50.5,182,54.3,197,59.2,2984535,29.4,174111,89.2,2460,96.2,-382,-16.3
"13121","5","211","75","0","2023","4","N",1,0,0,0,0,0,0,0,"N",0.03,0,0,0,0,0,0,0,"N",1,100.0,0,0,0,0,0,0,0,0,0,0,0,0,0,0
"13121","5","2111","76","0","2023","4","N",1,0,0,0,0,0,0,0,"N",0.03,0,0,0,0,0,0,0,"N",1,100.0,0,0,0,0,0,0,0,0,0,0,0,0,0,0
"13121","5","21112","77","0","2023","4","N",1,0,0,0,0,0,0,0,"N",0.04,0,0,0,0,0,0,0,"N",1,100.0,0,0,0,0,0,0,0,0,0,0,0,0,0,0
"13121","5","211120","78","0","2023","4","N",1,0,0,0,0,0,0,0,"N",0.04,0,0,0,0,0,0,0,"N",1,100.0,0,0,0,0,0,0,0,0,0,0,0,0,0,0
"13121","5","212","75","0","2023","4","N",10,0,0,0,0,0,0,0,"N",0.24,0,0,0,0,0,0,0,"N",3,42.9,0,0,0,0,0,0,0,0,0,0,0,0,0,0
"13121","5","2123","76","0","2023","4","N",10,0,0,0,0,0,0,0,"N",0.29,0,0,0,0,0,0,0,"N",3,42.9,0,0,0,0,0,0,0,0,0,0,0,0,0,0
"13121","5","21231","77","0","2023","4","N",4,0,0,0,0,0,0,0,"N",0.28,0,0,0,0,0,0,0,"N",0,0.0,0,0,0,0,0,0,0,0,0,0,0,0,0,0
"13121","5","212313","78","0","2023","4","N",3,0,0,0,0,0,0,0,"N",1.81,0,0,0,0,0,0,0,"N",0,0.0,0,0,0,0,0,0,0,0,0,0,0,0,0,0
"13121","5","212319","78","0","2023","4","N",1,0,0,0,0,0,0,0,"N",0.35,0,0,0,0,0,0,0,"N",0,0.0,0,0,0,0,0,0,0,0,0,0,0,0,0,0
"13121","5","21232","77","0","2023","4","",5,322,322,326,8128873,87756,748,1934,"",0.29,1.14,1.14,1.16,1.06,0.24,0.08,0.92,"N",3,150.0,0,0,0,0,0,0,0,0,0,0,0,0,0,0
"13121","5","212323","78","0","2023","4","",5,322,322,326,8128873,87756,748,1934,"",4.73,8.67,8.68,8.77,7.99,3.30,2.77,0.92,"N",3,150.0,0,0,0,0,0,0,0,0,0,0,0,0,0,0
"13121","5","21239","77","0","2023","4","N",1,0,0,0,0,0,0,0,"N",0.37,0,0,0,0,0,0,0,"N",0,0.0,0,0,0,0,0,0,0,0,0,0,0,0,0,0
"13121","5","212390","78","0","2023","4","N",1,0,0,0,0,0,0,0,"N",0.37,0,0,0,0,0,0,0,"N",0,0.0,0,0,0,0,0,0,0,0,0,0,0,0,0,0
"13121","5","213","75","0","2023","4","N",13,0,0,0,0,0,0,0,"N",0.13,0,0,0,0,0,0,0,"N",9,225.0,0,0,0,0,0,0,0,0,0,0,0,0,0,0
"13121","5","2131","76","0","2023","4","N",13,0,0,0,0,0,0,0,"N",0.13,0,0,0,0,0,0,0,"N",9,225.0,0,0,0,0,0,0,0,0,0,0,0,0,0,0
"13121","5","21311","77","0","2023","4","N",13,0,0,0,0,0,0,0,"N",0.13,0,0,0,0,0,0,0,"N",9,225.0,0,0,0,0,0,0,0,0,0,0,0,0,0,0
"13121","5","213111","78","0","2023","4","N",2,0,0,0,0,0,0,0,"N",0.17,0,0,0,0,0,0,0,"N",2,100.0,0,0,0,0,0,0,0,0,0,0,0,0,0,0
"13121","5","213112","78","0","2023","4","",11,38,41,57,1037162,135611,1726,1760,"",0.14,0.03,0.03,0.04,0.02,0.08,0.07,0.66,"N",7,175.0,0,0,0,0,0,0,0,0,0,0,0,0,0,0
"13121","5","22","74","0","2023","4","",81,3196,3190,3225,104667305,1443735,13882,2513,"",0.60,0.90,0.90,0.90,0.76,0.89,0.75,0.84,"",9,12.5,105,3.4,80,2.6,59,1.9,4939809,5.0,-90728,-5.9,5668,69.0,56,2.3
"13121","5","221","75","0","2023","4","",81,3196,3190,3225,104667305,1443735,13882,2513,"",0.60,0.90,0.90,0.90,0.76,0.89,0.75,0.84,"",9,12.5,105,3.4,80,2.6,59,1.9,4939809,5.0,-90728,-5.9,5668,69.0,56,2.3
"13121","5","2211","76","0","2023","4","",50,1761,1749,1779,65913544,515969,2261,2876,"",0.64,0.71,0.70,0.71,0.65,0.48,0.18,0.92,"",9,22.0,58,3.4,32,1.9,13,0.7,3331634,5.3,-318175,-38.1,-942,-29.4,91,3.3
"13121","5","22111","77","0","2023","4","N",19,0,0,0,0,0,0,0,"N",0.51,0,0,0,0,0,0,0,"N",4,26.7,0,0,0,0,0,0,0,0,0,0,0,0,0,0
"13121","5","221111","78","0","2023","4","N",2,0,0,0,0,0,0,0,"N",0.51,0,0,0,0,0,0,0,"N",0,0.0,0,0,0,0,0,0,0,0,0,0,0,0,0,0
"13121","5","221112","78","0","2023","4","N",2,0,0,0,0,0,0,0,"N",0.18,0,0,0,0,0,0,0,"N",1,100.0,0,0,0,0,0,0,0,0,0,0,0,0,0,0
"13121","5","221114","78","0","2023","4","N",10,0,0,0,0,0,0,0,"N",0.79,0,0,0,0,0,0,0,"N",1,11.1,0,0,0,0,0,0,0,0,0,0,0,0,0,0
"13121","5","221117","78","0","2023","4","N",1,0,0,0,0,0,0,0,"N",0.85,0,0,0,0,0,0,0,"N",0,0.0,0,0,0,0,0,0,0,0,0,0,0,0,0,0
"13121","5","221118","78","0","2023","4","N",4,0,0,0,0,0,0,0,"N",1.05,0,0,0,0,0,0,0,"N",2,100.0,0,0,0,0,0,0,0,0,0,0,0,0,0,0
"13121","5","22112","77","0","2023","4","N",31,0,0,0,0,0,0,0,"N",0.75,0,0,0,0,0,0,0,"N",5,19.2,0,0,0,0,0,0,0,0,0,0,0,0,0,0
"13121","5","221121","78","0","2023","4","N",4,0,0,0,0,0,0,0,"N",0.84,0,0,0,0,0,0,0,"N",3,300.0,0,0,0,0,0,0,0,0,0,0,0,0,0,0
"13121","5","221122","78","0","2023","4","N",27,0,0,0,0,0,0,0,"N",0.74,0,0,0,0,0,0,0,"N",2,8.0,0,0,0,0,0,0,0,0,0,0,0,0,0,0
"13121","5","2212","76","0","2023","4","",17,1253,1261,1263,35802971,715966,8235,2188,"",0.91,1.79,1.79,1.78,1.26,2.78,2.85,0.70,"",0,0.0,20,1.6,25,2.0,28,2.3,1148304,3.3,180979,33.8,5870,248.2,29,1.3
"13121","5","22121","77","0","2023","4","",17,1253,1261,1263,35802971,715966,8235,2188,"",0.91,1.79,1.79,1.78,1.26,2.78,2.85,0.70,"",0,0.0,20,1.6,25,2.0,28,2.3,1148304,3.3,180979,33.8,5870,248.2,29,1.3
"13121","5","221210","78","0","2023","4","",17,1253,1261,1263,35802971,715966,8235,2188,"",0.91,1.79,1.79,1.78,1.26,2.78,2.85,0.70,"",0,0.0,20,1.6,25,2.0,28,2.3,1148304,3.3,180979,33.8,5870,248.2,29,1.3
"13121","5","2213","76","0","2023","4","",14,182,180,183,2950790,211800,3386,1249,"",0.37,0.50,0.50,0.51,0.33,0.75,1.11,0.65,"",0,0.0,27,17.4,23,14.6,18,10.9,459871,18.5,46468,28.1,740,28.0,44,3.7
"13121","5","22131","77","0","2023","4","",14,182,180,183,2950790,211800,3386,1249,"",0.43,0.59,0.58,0.59,0.38,0.91,1.33,0.65,"N",1,7.7,0,0,0,0,0,0,0,0,0,0,0,0,0,0
"13121","5","221310","78","0","2023","4","",14,182,180,183,2950790,211800,3386,1249,"",0.43,0.59,0.58,0.59,0.38,0.91,1.33,0.65,"N",1,7.7,0,0,0,0,0,0,0,0,0,0,0,0,0,0
"13121","5","22132","77","0","2023","4","-",0,0,0,0,0,0,0,0,"N",0.00,0,0,0,0,0,0,0,"N",-1,-100.0,0,0,0,0,0,0,0,0,0,0,0,0,0,0
"13121","5","221320","78","0","2023","4","-",0,0,0,0,0,0,0,0,"N",0.00,0,0,0,0,0,0,0,"N",-1,-100.0,0,0,0,0,0,0,0,0,0,0,0,0,0,0
"13121","5","23","74","0","2023","4","",2440,22832,22888,22809,669936358,35041918,672910,2256,"",0.46,0.46,0.46,0.47,0.50,0.50,0.46,1.08,"",264,12.1,1025,4.7,1062,4.9,923,4.2,53059695,8.6,7573499,27.6,155609,30.1,83,3.8
"13121","5","236","75","0","2023","4","",1137,9200,9264,9363,339861130,12320227,161542,2818,"",0.69,0.83,0.83,0.84,1.01,0.77,0.52,1.22,"",87,8.3,398,4.5,407,4.6,450,5.0,14441631,4.4,3519043,40.0,14988,10.2,-8,-0.3
"13121","5","2361","76","0","2023","4","",756,3961,3973,4058,144766785,5805141,85462,2786,"",0.59,0.69,0.69,0.71,0.99,0.65,0.62,1.41,"",33,4.6,62,1.6,51,1.3,128,3.3,11560833,8.7,2083532,56.0,15403,22.0,170,6.5
"13121","5","23611","77","0","2023","4","",756,3961,3973,4058,144766785,5805141,85462,2786,"",0.59,0.69,0.69,0.71,0.99,0.65,0.62,1.41,"",33,4.6,62,1.6,51,1.3,128,3.3,11560833,8.7,2083532,56.0,15403,22.0,170,6.5
"13121","5","236115","78","0","2023","4","",345,1820,1847,1859,78100274,2124438,31926,3262,"",0.67,0.78,0.79,0.79,1.20,0.54,0.58,1.54,"",-5,-1.4,-56,-3.0,-49,-2.6,-28,-1.5,1891917,2.5,325343,18.1,-5455,-14.6,154,5.0
"13121","5","236116","78","0","2023","4","",41,426,421,424,17909920,463187,6058,3252,"",1.42,1.53,1.50,1.50,1.77,1.23,0.91,1.17,"",-1,-2.4,-58,-12.0,-57,-11.9,-50,-10.5,364401,2.1,80726,21.1,-1194,-16.5,432,15.3
"13121","5","236117","78","0","2023","4","",48,656,665,671,24641601,566714,9788,2855,"",1.58,2.01,2.01,2.01,1.79,1.47,1.96,0.89,"",2,4.3,163,33.1,166,33.3,172,34.5,7248048,41.7,174368,44.4,4790,95.8,163,6.1
"13121","5","236118","78","0","2023","4","",322,1059,1040,1104,24114990,2650802,37690,1737,"",0.45,0.38,0.37,0.40,0.41,0.63,0.53,1.08,"",37,13.0,13,1.2,-9,-0.9,34,3.2,2056467,9.3,1503095,131.0,17262,84.5,129,8.0
"13121","5","2362","76","0","2023","4","",381,5239,5291,5305,195094345,6515086,76080,2843,"",1.06,0.97,0.97,0.98,1.03,0.93,0.44,1.06,"",54,16.5,336,6.9,356,7.2,322,6.5,2880798,1.5,1435511,28.3,-415,-0.5,-150,-5.0
"13121","5","23621","77","0","2023","4","",31,484,495,496,22597951,688346,5497,3536,"",0.81,0.50,0.51,0.51,0.70,0.45,0.11,1.38,"",5,19.2,103,27.0,100,25.3,118,31.2,-13138051,-36.8,-192716,-21.9,-6967,-55.9,-3610,-50.5
"13121","5","236210","78","0","2023","4","",31,484,495,496,22597951,688346,5497,3536,"",0.81,0.50,0.51,0.51,0.70,0.45,0.11,1.38,"",5,19.2,103,27.0,100,25.3,118,31.2,-13138051,-36.8,-192716,-21.9,-6967,-55.9,-3610,-50.5
"13121","5","23622","77","0","2023","4","",350,4755,4796,4809,172496394,5826740,70583,2772,"",1.10,1.07,1.07,1.08,1.10,1.07,0.58,1.02,"",49,16.3,233,5.2,256,5.6,204,4.4,16018849,10.2,1628227,38.8,6552,10.2,130,4.9
"13121","5","236220","78","0","2023","4","",350,4755,4796,4809,172496394,5826740,70583,2772,"",1.10,1.07,1.07,1.08,1.10,1.07,0.58,1.02,"",49,16.3,233,5.2,256,5.6,204,4.4,16018849,10.2,1628227,38.8,6552,10.2,130,4.9
"13121","5","237","75","0","2023","4","",207,3304,3198,3198,84099728,3787212,51578,2001,"",0.63,0.47,0.46,0.48,0.39,0.39,0.19,0.83,"",27,15.0,221,7.2,86,2.8,53,1.7,12390786,17.3,-370926,-8.9,-5476,-9.6,229,12.9
"13121","5","2371","76","0","2023","4","",76,1875,1783,1800,44001782,1933786,25835,1860,"",0.45,0.51,0.49,0.51,0.39,0.34,0.17,0.78,"",18,31.0,117,6.7,-18,-1.0,-44,-2.4,5492421,14.3,-1042176,-35.0,-13328,-34.0,215,13.1
"13121","5","23711","77","0","2023","4","",25,1002,986,998,23446193,1191665,14048,1812,"",0.34,0.79,0.77,0.79,0.63,0.78,0.43,0.81,"",3,13.6,72,7.7,55,5.9,86,9.4,3225528,16.0,-511439,-30.0,-7196,-33.9,129,7.7
"13121","5","237110","78","0","2023","4","",25,1002,986,998,23446193,1191665,14048,1812,"",0.34,0.79,0.77,0.79,0.63,0.78,0.43,0.81,"",3,13.6,72,7.7,55,5.9,86,9.4,3225528,16.0,-511439,-30.0,-7196,-33.9,129,7.7
"13121","5","23712","77","0","2023","4","N",6,0,0,0,0,0,0,0,"N",0.24,0,0,0,0,0,0,0,"N",1,20.0,0,0,0,0,0,0,0,0,0,0,0,0,0,0
"13121","5","237120","78","0","2023","4","N",6,0,0,0,0,0,0,0,"N",0.24,0,0,0,0,0,0,0,"N",1,20.0,0,0,0,0,0,0,0,0,0,0,0,0,0,0
"13121","5","23713","77","0","2023","4","N",45,0,0,0,0,0,0,0,"N",0.62,0,0,0,0,0,0,0,"N",14,45.2,0,0,0,0,0,0,0,0,0,0,0,0,0,0
"13121","5","237130","78","0","2023","4","N",45,0,0,0,0,0,0,0,"N",0.62,0,0,0,0,0,0,0,"N",14,45.2,0,0,0,0,0,0,0,0,0,0,0,0,0,0
"13121","5","2372","76","0","2023","4","",66,332,328,331,14472118,269758,3966,3370,"",1.98,1.45,1.43,1.44,1.59,0.98,1.18,1.10,"",-2,-2.9,-175,-34.5,-164,-33.3,-166,-33.4,-468073,-3.1,-77724,-22.4,-822,-17.2,1065,46.2
"13121","5","23721","77","0","2023","4","",66,332,328,331,14472118,269758,3966,3370,"",1.98,1.45,1.43,1.44,1.59,0.98,1.18,1.10,"",-2,-2.9,-175,-34.5,-164,-33.3,-166,-33.4,-468073,-3.1,-77724,-22.4,-822,-17.2,1065,46.2
"13121","5","237210","78","0","2023","4","",66,332,328,331,14472118,269758,3966,3370,"",1.98,1.45,1.43,1.44,1.59,0.98,1.18,1.10,"",-2,-2.9,-175,-34.5,-164,-33.3,-166,-33.4,-468073,-3.1,-77724,-22.4,-822,-17.2,1065,46.2
"13121","5","2373","76","0","2023","4","",34,890,887,889,22134977,1023345,9242,1916,"",0.50,0.38,0.39,0.42,0.32,0.38,0.11,0.81,"",4,13.3,191,27.3,188,26.9,195,28.1,6427757,40.9,399810,64.1,-842,-8.3,183,10.6
"13121","5","23731","77","0","2023","4","",34,890,887,889,22134977,1023345,9242,1916,"",0.50,0.38,0.39,0.42,0.32,0.38,0.11,0.81,"",4,13.3,191,27.3,188,26.9,195,28.1,6427757,40.9,399810,64.1,-842,-8.3,183,10.6
"13121","5","237310","78","0","2023","4","",34,890,887,889,22134977,1023345,9242,1916,"",0.50,0.38,0.39,0.42,0.32,0.38,0.11,0.81,"",4,13.3,191,27.3,188,26.9,195,28.1,6427757,40.9,399810,64.1,-842,-8.3,183,10.6
"13121","5","2379","76","0","2023","4","",31,207,200,178,3490851,560323,12535,1377,"",0.56,0.26,0.25,0.23,0.14,0.48,0.40,0.57,"",7,29.2,88,73.9,80,66.7,68,61.8,938681,36.8,349164,165.4,9516,315.2,-311,-18.4
"13121","5","23799","77","0","2023","4","",31,207,200,178,3490851,560323,12535,1377,"",0.56,0.26,0.25,0.23,0.14,0.48,0.40,0.57,"",7,29.2,88,73.9,80,66.7,68,61.8,938681,36.8,349164,165.4,9516,315.2,-311,-18.4
"13121","5","237990","78","0","2023","4","",31,207,200,178,3490851,560323,12535,1377,"",0.56,0.26,0.25,0.23,0.14,0.48,0.40,0.57,"",7,29.2,88,73.9,80,66.7,68,61.8,938681,36.8,349164,165.4,9516,315.2,-311,-18.4
"13121","5","238","75","0","2023","4","",1096,10328,10426,10248,245975500,18934479,459790,1831,"",0.33,0.33,0.33,0.33,0.31,0.43,0.52,0.95,"",150,15.9,406,4.1,569,5.8,420,4.3,26227278,11.9,4425382,30.5,146097,46.6,118,6.9
"13121","5","2381","76","0","2023","4","",236,1392,1412,1421,29844540,2459864,49912,1630,"",0.36,0.23,0.23,0.24,0.21,0.26,0.26,0.90,"",43,22.3,-120,-7.9,-109,-7.2,-95,-6.3,-288082,-1.0,337201,15.9,10817,27.7,101,6.6
"13121","5","23811","77","0","2023","4","",35,593,592,582,10816664,1123212,23830,1413,"",0.25,0.37,0.37,0.38,0.28,0.46,0.48,0.76,"",-1,-2.8,-81,-12.0,-86,-12.7,-96,-14.2,-698497,-6.1,60324,5.7,6392,36.7,104,7.9
"13121","5","238111","78","0","2023","4","",12,135,135,131,3020769,662038,17474,1738,"",0.12,0.17,0.18,0.18,0.19,0.51,0.70,1.06,"",-2,-14.3,-96,-41.6,-99,-42.3,-101,-43.5,-1248570,-29.2,404786,157.3,10177,139.5,324,22.9
"13121","5","238112","78","0","2023","4","",23,458,457,451,7795895,461174,6356,1317,"",0.63,0.56,0.56,0.56,0.36,0.41,0.25,0.64,"",1,4.5,15,3.4,13,2.9,5,1.1,550073,7.6,-344462,-42.8,-3785,-37.3,63,5.0
"13121","5","23812","77","0","2023","4","",14,40,47,56,1422534,230057,5706,2296,"",0.44,0.07,0.09,0.10,0.10,0.26,0.25,1.11,"",4,40.0,10,33.3,5,11.9,10,21.7,799080,128.2,-9620,-4.0,-514,-8.3,1077,88.4
"13121","5","238121","78","0","2023","4","N",1,0,0,0,0,0,0,0,"N",0.12,0,0,0,0,0,0,0,"N",1,100.0,0,0,0,0,0,0,0,0,0,0,0,0,0,0
"13121","5","238122","78","0","2023","4","N",13,0,0,0,0,0,0,0,"N",0.57,0,0,0,0,0,0,0,"N",3,30.0,0,0,0,0,0,0,0,0,0,0,0,0,0,0
"13121","5","23813","77","0","2023","4","",13,23,27,28,384191,31628,566,1137,"",0.20,0.04,0.05,0.05,0.04,0.03,0.04,0.73,"N",2,18.2,0,0,0,0,0,0,0,0,0,0,0,0,0,0
"13121","5","238131","78","0","2023","4","N",8,0,0,0,0,0,0,0,"N",0.14,0,0,0,0,0,0,0,"N",-1,-11.1,0,0,0,0,0,0,0,0,0,0,0,0,0,0
"13121","5","238132","78","0","2023","4","N",5,0,0,0,0,0,0,0,"N",0.56,0,0,0,0,0,0,0,"N",3,150.0,0,0,0,0,0,0,0,0,0,0,0,0,0,0
"13121","5","23814","77","0","2023","4","",28,112,109,110,3039175,108324,2237,2119,"",0.25,0.12,0.12,0.13,0.16,0.08,0.06,1.29,"",-2,-6.7,-17,-13.2,-6,-5.2,-2,-1.8,135732,4.7,2264,2.1,-2002,-47.2,237,12.6
"13121","5","238141","78","0","2023","4","",9,16,14,18,1428789,21700,75,6869,"",0.11,0.03,0.03,0.04,0.17,0.03,0.01,4.79,"",-1,-10.0,-8,-33.3,-3,-17.6,3,20.0,264171,22.7,11200,106.7,43,134.4,2070,43.1
"13121","5","238142","78","0","2023","4","",19,96,95,92,1610386,86624,2162,1313,"",0.70,0.22,0.22,0.22,0.15,0.13,0.10,0.71,"",-1,-5.0,-9,-8.6,-3,-3.1,-5,-5.2,-128439,-7.4,-8936,-9.4,-2045,-48.6,-25,-1.9
"13121","5","23815","77","0","2023","4","",21,93,96,98,2749692,95085,1742,2211,"",0.48,0.21,0.21,0.22,0.24,0.17,0.15,1.15,"",7,50.0,-27,-22.5,-26,-21.3,-20,-16.9,-705567,-20.4,39678,71.6,904,107.9,-4,-0.2
"13121","5","238151","78","0","2023","4","",10,29,30,32,506111,38291,420,1283,"",0.39,0.17,0.18,0.19,0.14,0.17,0.12,0.79,"N",2,25.0,0,0,0,0,0,0,0,0,0,0,0,0,0,0
"13121","5","238152","78","0","2023","4","",11,64,66,66,2243581,56794,1322,2642,"",0.60,0.23,0.23,0.23,0.29,0.17,0.17,1.25,"N",5,83.3,0,0,0,0,0,0,0,0,0,0,0,0,0,0
"13121","5","23816","77","0","2023","4","",91,424,435,437,9428548,778936,14335,1679,"",0.53,0.28,0.29,0.29,0.25,0.36,0.36,0.89,"",19,26.4,28,7.1,37,9.3,44,11.2,1013972,12.1,354606,83.6,6480,82.5,43,2.6
"13121","5","238161","78","0","2023","4","",63,196,199,201,3719945,547510,10598,1440,"",0.46,0.24,0.25,0.25,0.21,0.42,0.52,0.84,"",14,28.6,35,21.7,37,22.8,51,34.0,748129,25.2,336786,159.8,6471,156.8,-10,-0.7
"13121","5","238162","78","0","2023","4","",28,228,236,236,5708603,231426,3737,1882,"",0.81,0.32,0.33,0.34,0.30,0.28,0.19,0.90,"",5,21.7,-7,-3.0,0,0.0,-7,-2.9,265843,4.9,17820,8.3,9,0.2,123,7.0
"13121","5","23817","77","0","2023","4","",9,21,20,22,607492,6676,94,2225,"",0.18,0.08,0.08,0.08,0.11,0.01,0.01,1.35,"N",5,125.0,0,0,0,0,0,0,0,0,0,0,0,0,0,0
"13121","5","238171","78","0","2023","4","",9,21,20,22,607492,6676,94,2225,"",0.20,0.09,0.09,0.10,0.13,0.01,0.01,1.43,"N",5,125.0,0,0,0,0,0,0,0,0,0,0,0,0,0,0
"13121","5","23819","77","0","2023","4","",25,86,86,88,1396244,85946,1402,1239,"",0.54,0.27,0.27,0.28,0.18,0.15,0.13,0.67,"",9,56.2,3,3.6,0,0.0,0,0.0,-23208,-1.6,15685,22.3,253,22.0,-36,-2.8
"13121","5","238191","78","0","2023","4","",13,37,35,36,565664,55257,1004,1209,"",0.48,0.27,0.26,0.27,0.20,0.23,0.25,0.74,"",6,85.7,0,0.0,-5,-12.5,-4,-10.0,-96497,-14.6,-2638,-4.6,27,2.8,-97,-7.4
"13121","5","238192","78","0","2023","4","",12,49,51,52,830580,30689,398,1261,"",0.63,0.27,0.28,0.29,0.17,0.10,0.06,0.62,"",3,33.3,3,6.5,5,10.9,4,8.3,73289,9.7,18323,148.2,226,131.4,13,1.0
"13121","5","2382","76","0","2023","4","",411,5417,5436,5481,139837355,7634989,165942,1976,"",0.31,0.36,0.36,0.36,0.34,0.39,0.44,0.96,"",14,3.5,-219,-3.9,-167,-3.0,-164,-2.9,715752,0.5,-1323865,-14.8,-52083,-23.9,74,3.9
"13121","5","23821","77","0","2023","4","",206,3377,3386,3442,87138776,5055247,98404,1970,"",0.37,0.52,0.51,0.52,0.49,0.57,0.55,0.94,"",6,3.0,207,6.5,175,5.5,125,3.8,6588093,8.2,-994332,-16.4,-44770,-31.3,53,2.8
"13121","5","238211","78","0","2023","4","",86,762,765,765,15405723,898044,13462,1551,"",0.25,0.34,0.34,0.34,0.31,0.27,0.27,0.90,"",-3,-3.4,-78,-9.3,-77,-9.1,-57,-6.9,-1051808,-6.4,-297378,-24.9,-5908,-30.5,34,2.2
"13121","5","238212","78","0","2023","4","",120,2615,2621,2677,71733053,4157203,84942,2092,"",0.55,0.61,0.60,0.61,0.56,0.77,0.67,0.92,"",9,8.1,285,12.2,252,10.6,182,7.3,7639901,11.9,-696954,-14.4,-38862,-31.4,36,1.8
"13121","5","23822","77","0","2023","4","",177,1354,1373,1372,32217775,2324954,63680,1814,"",0.26,0.18,0.18,0.18,0.16,0.25,0.37,0.92,"",9,5.4,-286,-17.4,-191,-12.2,-152,-10.0,-524624,-1.6,4341,0.2,-1809,-2.8,216,13.5
"13121","5","238221","78","0","2023","4","",101,572,557,561,10788020,645488,11039,1473,"",0.20,0.14,0.14,0.14,0.12,0.13,0.15,0.87,"",0,0.0,67,13.3,64,13.0,77,15.9,1729770,19.1,242466,60.2,6248,130.4,62,4.4
"13121","5","238222","78","0","2023","4","",76,782,816,811,21429755,1679466,52641,2053,"",0.46,0.21,0.22,0.22,0.20,0.40,0.53,0.89,"",9,13.4,-353,-31.1,-255,-23.8,-229,-22.0,-2254394,-9.5,-238125,-12.4,-8057,-13.3,369,21.9
"13121","5","23829","77","0","2023","4","",28,686,677,667,20480804,254788,3858,2328,"",0.40,0.73,0.72,0.70,0.68,0.22,0.14,0.96,"",-1,-3.4,-140,-16.9,-151,-18.2,-137,-17.0,-5347717,-20.7,-333874,-56.7,-5504,-58.8,-97,-4.0
"13121","5","238291","78","0","2023","4","",6,11,9,9,162104,31350,653,1290,"",0.34,0.11,0.09,0.09,0.07,0.21,0.28,0.77,"N",1,20.0,0,0,0,0,0,0,0,0,0,0,0,0,0,0
"13121","5","238292","78","0","2023","4","",22,675,668,658,20318700,223438,3205,2343,"",0.42,0.81,0.79,0.78,0.73,0.22,0.13,0.93,"N",-2,-8.3,0,0,0,0,0,0,0,0,0,0,0,0,0,0
"13121","5","2383","76","0","2023","4","",290,1426,1413,1421,28359269,1330019,23119,1536,"",0.37,0.28,0.27,0.28,0.25,0.17,0.15,0.91,"",32,12.4,-64,-4.3,-77,-5.2,-26,-1.8,-163372,-0.6,-183348,-12.1,-722,-3.0,49,3.3
"13121","5","23831","77","0","2023","4","",32,419,422,425,8450619,323192,2419,1540,"",0.26,0.27,0.28,0.28,0.23,0.13,0.05,0.84,"",4,14.3,19,4.8,19,4.7,23,5.7,411350,5.1,19351,6.4,-1764,-42.2,0,0.0
"13121","5","238311","78","0","2023","4","",16,61,59,60,700249,30674,757,898,"",0.18,0.08,0.08,0.08,0.05,0.02,0.04,0.58,"",1,6.7,-17,-21.8,-26,-30.6,-19,-24.1,-584118,-45.5,-55047,-64.2,-1071,-58.6,-327,-26.7
"13121","5","238312","78","0","2023","4","",16,358,363,365,7750370,292518,1662,1647,"",0.46,0.45,0.46,0.46,0.36,0.26,0.05,0.78,"",3,23.1,36,11.2,45,14.2,42,13.0,995468,14.7,74398,34.1,-693,-29.4,28,1.7
"13121","5","23832","77","0","2023","4","",90,409,411,421,9085554,245709,4275,1689,"",0.38,0.32,0.33,0.34,0.37,0.12,0.11,1.13,"",17,23.3,-56,-12.0,-47,-10.3,-26,-5.8,-1086728,-10.7,19510,8.6,878,25.8,-24,-1.4
"13121","5","238321","78","0","2023","4","",71,176,174,181,3331513,143220,3198,1448,"",0.35,0.22,0.22,0.23,0.25,0.10,0.15,1.12,"",15,26.8,2,1.1,6,3.6,20,12.4,314392,10.4,63676,80.1,1629,103.8,64,4.6
"13121","5","238322","78","0","2023","4","",19,233,237,240,5754041,102489,1077,1870,"",0.50,0.50,0.51,0.53,0.52,0.15,0.06,1.02,"",2,11.8,-58,-19.9,-53,-18.3,-46,-16.1,-1401120,-19.6,-44166,-30.1,-751,-41.1,-34,-1.8
"13121","5","23833","77","0","2023","4","",49,137,143,127,2621057,174985,3584,1486,"",0.44,0.28,0.29,0.26,0.24,0.25,0.30,0.87,"",7,16.7,18,15.1,17,13.5,13,11.4,593860,29.3,42237,31.8,1788,99.6,183,14.0
"13121","5","238331","78","0","2023","4","",37,103,107,99,1905330,124450,2616,1423,"",0.41,0.31,0.33,0.30,0.30,0.25,0.37,0.96,"",3,8.8,6,6.2,12,12.6,7,7.6,245201,14.8,2303,1.9,824,46.0,74,5.5
"13121","5","238332","78","0","2023","4","",12,34,36,28,715727,50535,968,1685,"",0.62,0.20,0.21,0.16,0.15,0.26,0.20,0.79,"",4,50.0,12,54.5,5,16.1,6,27.3,348659,95.0,39934,376.7,964,24100.0,556,49.2
"13121","5","23834","77","0","2023","4","",17,49,50,56,860737,11256,128,1281,"",0.28,0.14,0.15,0.16,0.12,0.02,0.01,0.80,"",0,0.0,-7,-12.5,-6,-10.7,-3,-5.1,28923,3.5,-25125,-69.1,-235,-64.7,158,14.1
"13121","5","238341","78","0","2023","4","",12,40,41,47,573100,11256,128,1033,"",0.23,0.15,0.16,0.18,0.11,0.03,0.02,0.71,"",1,9.1,-5,-11.1,-5,-10.9,-2,-4.1,60458,11.8,-25125,-69.1,-235,-64.7,188,22.2
"13121","5","238342","78","0","2023","4","",5,9,9,9,287637,0,0,2458,"",0.71,0.11,0.11,0.11,0.14,0.00,0.00,1.22,"",-1,-16.7,-2,-18.2,-1,-10.0,-1,-10.0,-31535,-9.9,0,0.0,0,0.0,82,3.5
"13121","5","23835","77","0","2023","4","",58,249,229,239,4387898,228803,5203,1412,"",0.31,0.25,0.23,0.24,0.21,0.16,0.22,0.85,"",-1,-1.7,0,0.0,-14,-5.8,-3,-1.2,59376,1.4,-167631,-42.3,-976,-15.8,51,3.7
"13121","5","238351","78","0","2023","4","",50,213,200,203,3699933,215316,5116,1386,"",0.30,0.27,0.25,0.26,0.23,0.18,0.32,0.89,"",2,4.2,-3,-1.4,-8,-3.8,-6,-2.9,8982,0.2,-167322,-43.7,-957,-15.8,40,3.0
"13121","5","238352","78","0","2023","4","",8,36,29,36,687965,13487,87,1572,"",0.38,0.18,0.14,0.17,0.13,0.05,0.01,0.77,"",-3,-27.3,3,9.1,-6,-17.1,3,9.1,50394,7.9,-309,-2.2,-19,-17.9,115,7.9
"13121","5","23839","77","0","2023","4","",44,163,158,153,2953404,346074,7510,1438,"",0.73,0.30,0.29,0.30,0.24,0.47,0.46,0.82,"",5,12.8,-38,-18.9,-46,-22.5,-30,-16.4,-170153,-5.4,-71690,-17.2,-413,-5.2,212,17.3
"13121","5","238391","78","0","2023","4","",23,54,55,59,727871,97951,2556,1000,"",0.66,0.23,0.24,0.26,0.15,0.32,0.54,0.61,"",7,43.8,-24,-30.8,-27,-32.9,-16,-21.3,-245117,-25.2,-38940,-28.4,-519,-16.9,45,4.7
"13121","5","238392","78","0","2023","4","",21,109,103,94,2225533,248123,4954,1678,"",0.82,0.35,0.34,0.32,0.30,0.57,0.43,0.91,"",-2,-8.7,-14,-11.4,-19,-15.6,-14,-13.0,74964,3.5,-32750,-11.7,106,2.2,272,19.3
"13121","5","2389","76","0","2023","4","",159,2093,2165,1925,47934336,7509607,220817,1789,"",0.29,0.43,0.45,0.42,0.41,1.11,1.42,0.94,"",61,62.2,809,63.0,922,74.2,705,57.8,25962980,118.2,5595394,292.3,188085,574.6,436,32.2
"13121","5","23891","77","0","2023","4","",54,544,533,523,10104114,537350,8418,1457,"",0.23,0.22,0.22,0.22,0.17,0.16,0.11,0.76,"",12,28.6,-58,-9.6,-34,-6.0,-31,-5.6,689671,7.3,-362968,-40.3,-1601,-16.0,196,15.5
"13121","5","238911","78","0","2023","4","",15,117,119,115,2702618,92364,1193,1777,"",0.11,0.13,0.13,0.13,0.14,0.06,0.04,1.06,"N",2,15.4,0,0,0,0,0,0,0,0,0,0,0,0,0,0
"13121","5","238912","78","0","2023","4","",39,427,414,408,7401496,444986,7225,1368,"",0.40,0.28,0.27,0.27,0.18,0.23,0.16,0.66,"N",10,34.5,0,0,0,0,0,0,0,0,0,0,0,0,0,0
"13121","5","23899","77","0","2023","4","",105,1549,1632,1402,37830222,6972257,212399,1905,"",0.33,0.64,0.69,0.62,0.66,2.11,2.57,1.02,"",49,87.5,867,127.1,956,141.4,736,110.5,25273309,201.3,5958362,587.7,189686,835.1,473,33.0
"13121","5","238991","78","0","2023","4","",45,98,98,104,1986126,226249,4574,1528,"",0.21,0.08,0.08,0.09,0.08,0.14,0.12,0.94,"",18,66.7,-13,-11.7,-5,-4.9,-4,-3.7,-80662,-3.9,55866,32.8,840,22.5,47,3.2
"13121","5","238992","78","0","2023","4","",60,1451,1534,1298,35844096,6746008,207825,1931,"",0.59,1.19,1.28,1.14,1.10,4.09,4.60,0.92,"",31,106.9,880,154.1,961,167.7,740,132.6,25353971,241.7,5902496,699.8,188846,995.0,509,35.8
"13121","5","31-33","74","0","2023","4","",1470,28544,28597,28648,649285438,23511408,294605,1747,"",0.66,0.37,0.36,0.36,0.30,0.34,0.35,0.82,"",182,14.1,1238,4.5,1228,4.5,1107,4.0,41563525,6.8,-3374568,-12.6,-21213,-6.7,41,2.4
"13121","5","311","75","0","2023","4","",176,4335,4429,4456,76070998,4762782,62626,1328,"",0.76,0.41,0.42,0.42,0.36,0.34,0.39,0.88,"",14,8.6,313,7.8,337,8.2,245,5.8,13141535,20.9,-1947984,-29.0,309,0.5,150,12.7
"13121","5","3111","76","0","2023","4","N",7,0,0,0,0,0,0,0,"N",0.44,0,0,0,0,0,0,0,"N",1,16.7,0,0,0,0,0,0,0,0,0,0,0,0,0,0
"13121","5","31111","77","0","2023","4","N",7,0,0,0,0,0,0,0,"N",0.44,0,0,0,0,0,0,0,"N",1,16.7,0,0,0,0,0,0,0,0,0,0,0,0,0,0
"13121","5","311111","78","0","2023","4","N",6,0,0,0,0,0,0,0,"N",1.16,0,0,0,0,0,0,0,"N",1,20.0,0,0,0,0,0,0,0,0,0,0,0,0,0,0
"13121","5","311119","78","0","2023","4","N",1,0,0,0,0,0,0,0,"N",0.09,0,0,0,0,0,0,0,"N",0,0.0,0,0,0,0,0,0,0,0,0,0,0,0,0,0
"13121","5","3112","76","0","2023","4","",4,15,15,15,203283,3218,16,1042,"",0.58,0.04,0.04,0.04,0.02,0.01,0.00,0.47,"N",2,100.0,0,0,0,0,0,0,0,0,0,0,0,0,0,0
"13121","5","31121","77","0","2023","4","N",2,0,0,0,0,0,0,0,"N",0.65,0,0,0,0,0,0,0,"N",2,100.0,0,0,0,0,0,0,0,0,0,0,0,0,0,0
"13121","5","311211","78","0","2023","4","N",2,0,0,0,0,0,0,0,"N",0.91,0,0,0,0,0,0,0,"N",2,100.0,0,0,0,0,0,0,0,0,0,0,0,0,0,0
"13121","5","31122","77","0","2023","4","N",2,0,0,0,0,0,0,0,"N",0.69,0,0,0,0,0,0,0,"N",0,0.0,0,0,0,0,0,0,0,0,0,0,0,0,0,0
"13121","5","311225","78","0","2023","4","N",2,0,0,0,0,0,0,0,"N",1.83,0,0,0,0,0,0,0,"N",0,0.0,0,0,0,0,0,0,0,0,0,0,0,0,0,0
"13121","5","3113","76","0","2023","4","",8,73,73,71,269701,129539,2114,287,"",0.61,0.14,0.14,0.13,0.02,0.19,0.20,0.18,"",-3,-27.3,5,7.4,-4,-5.2,-21,-22.8,-53613,-16.6,3951,3.1,-754,-26.3,-28,-8.9
"13121","5","31134","77","0","2023","4","N",1,0,0,0,0,0,0,0,"N",0.26,0,0,0,0,0,0,0,"N",0,0.0,0,0,0,0,0,0,0,0,0,0,0,0,0,0
"13121","5","311340","78","0","2023","4","N",1,0,0,0,0,0,0,0,"N",0.26,0,0,0,0,0,0,0,"N",0,0.0,0,0,0,0,0,0,0,0,0,0,0,0,0,0
"13121","5","31135","77","0","2023","4","N",7,0,0,0,0,0,0,0,"N",0.82,0,0,0,0,0,0,0,"N",-3,-30.0,0,0,0,0,0,0,0,0,0,0,0,0,0,0
"13121","5","311351","78","0","2023","4","N",4,0,0,0,0,0,0,0,"N",2.14,0,0,0,0,0,0,0,"N",0,0.0,0,0,0,0,0,0,0,0,0,0,0,0,0,0
"13121","5","311352","78","0","2023","4","N",3,0,0,0,0,0,0,0,"N",0.45,0,0,0,0,0,0,0,"N",-3,-50.0,0,0,0,0,0,0,0,0,0,0,0,0,0,0
"13121","5","3114","76","0","2023","4","",13,392,437,434,6532153,315251,6391,1194,"",0.82,0.35,0.41,0.42,0.30,0.17,0.22,0.76,"",2,18.2,-114,-22.5,-79,-15.3,-85,-16.4,-866183,-11.7,-1898038,-85.8,-9105,-58.8,86,7.8
"13121","5","31141","77","0","2023","4","N",5,0,0,0,0,0,0,0,"N",0.76,0,0,0,0,0,0,0,"N",1,25.0,0,0,0,0,0,0,0,0,0,0,0,0,0,0
"13121","5","311412","78","0","2023","4","N",5,0,0,0,0,0,0,0,"N",1.06,0,0,0,0,0,0,0,"N",1,25.0,0,0,0,0,0,0,0,0,0,0,0,0,0,0
"13121","5","31142","77","0","2023","4","N",8,0,0,0,0,0,0,0,"N",0.86,0,0,0,0,0,0,0,"N",1,14.3,0,0,0,0,0,0,0,0,0,0,0,0,0,0
"13121","5","311421","78","0","2023","4","N",8,0,0,0,0,0,0,0,"N",1.23,0,0,0,0,0,0,0,"N",1,14.3,0,0,0,0,0,0,0,0,0,0,0,0,0,0
"13121","5","3115","76","0","2023","4","N",4,0,0,0,0,0,0,0,"N",0.27,0,0,0,0,0,0,0,"N",-3,-42.9,0,0,0,0,0,0,0,0,0,0,0,0,0,0
"13121","5","31151","77","0","2023","4","N",2,0,0,0,0,0,0,0,"N",0.20,0,0,0,0,0,0,0,"N",-3,-60.0,0,0,0,0,0,0,0,0,0,0,0,0,0,0
"13121","5","311511","78","0","2023","4","N",1,0,0,0,0,0,0,0,"N",0.25,0,0,0,0,0,0,0,"N",-2,-66.7,0,0,0,0,0,0,0,0,0,0,0,0,0,0
"13121","5","311513","78","0","2023","4","N",1,0,0,0,0,0,0,0,"N",0.24,0,0,0,0,0,0,0,"N",0,0.0,0,0,0,0,0,0,0,0,0,0,0,0,0,0
"13121","5","31152","77","0","2023","4","N",2,0,0,0,0,0,0,0,"N",0.40,0,0,0,0,0,0,0,"N",0,0.0,0,0,0,0,0,0,0,0,0,0,0,0,0,0
"13121","5","311520","78","0","2023","4","N",2,0,0,0,0,0,0,0,"N",0.40,0,0,0,0,0,0,0,"N",0,0.0,0,0,0,0,0,0,0,0,0,0,0,0,0,0
"13121","5","3116","76","0","2023","4","",8,160,158,157,2351663,166806,1900,1143,"",0.31,0.05,0.05,0.05,0.04,0.04,0.06,0.85,"",2,33.3,36,29.0,37,30.6,23,17.2,438297,22.9,-26921,-13.9,-199,-9.5,-22,-1.9
"13121","5","31161","77","0","2023","4","",8,160,158,157,2351663,166806,1900,1143,"",0.31,0.05,0.05,0.05,0.04,0.04,0.06,0.85,"",2,33.3,36,29.0,37,30.6,23,17.2,438297,22.9,-26921,-13.9,-199,-9.5,-22,-1.9
"13121","5","311612","78","0","2023","4","",8,160,158,157,2351663,166806,1900,1143,"",0.72,0.17,0.17,0.17,0.13,0.14,0.18,0.76,"N",3,60.0,0,0,0,0,0,0,0,0,0,0,0,0,0,0
"13121","5","3117","76","0","2023","4","N",1,0,0,0,0,0,0,0,"N",0.21,0,0,0,0,0,0,0,"N",-1,-50.0,0,0,0,0,0,0,0,0,0,0,0,0,0,0
"13121","5","31171","77","0","2023","4","N",1,0,0,0,0,0,0,0,"N",0.21,0,0,0,0,0,0,0,"N",-1,-50.0,0,0,0,0,0,0,0,0,0,0,0,0,0,0
"13121","5","311710","78","0","2023","4","N",1,0,0,0,0,0,0,0,"N",0.21,0,0,0,0,0,0,0,"N",-1,-50.0,0,0,0,0,0,0,0,0,0,0,0,0,0,0
"13121","5","3118","76","0","2023","4","",80,1927,1972,1976,26512138,2663129,25075,1041,"",0.90,0.93,0.94,0.93,0.78,0.94,0.74,0.84,"",1,1.3,-19,-1.0,-30,-1.5,-76,-3.7,963066,3.8,-355614,-11.8,319,1.3,58,5.9
"13121","5","31181","77","0","2023","4","",74,1591,1609,1598,21391633,2099382,21512,1029,"",0.94,1.01,1.00,0.99,0.88,0.94,0.79,0.88,"",0,0.0,-42,-2.6,-95,-5.6,-140,-8.1,840361,4.1,-713016,-25.4,-1602,-6.9,94,10.1
"13121","5","311811","78","0","2023","4","",52,876,891,884,8529651,1024695,8931,743,"",0.99,1.42,1.41,1.37,1.38,1.05,0.74,0.99,"",-2,-3.7,-101,-10.3,-129,-12.6,-161,-15.4,-747939,-8.1,-759114,-42.6,-6275,-41.3,39,5.5
"13121","5","311812","78","0","2023","4","N",20,0,0,0,0,0,0,0,"N",0.83,0,0,0,0,0,0,0,"N",1,5.3,0,0,0,0,0,0,0,0,0,0,0,0,0,0
"13121","5","311813","78","0","2023","4","N",2,0,0,0,0,0,0,0,"N",1.19,0,0,0,0,0,0,0,"N",1,100.0,0,0,0,0,0,0,0,0,0,0,0,0,0,0
"13121","5","31182","77","0","2023","4","N",5,0,0,0,0,0,0,0,"N",0.70,0,0,0,0,0,0,0,"N",1,25.0,0,0,0,0,0,0,0,0,0,0,0,0,0,0
"13121","5","311821","78","0","2023","4","N",3,0,0,0,0,0,0,0,"N",0.70,0,0,0,0,0,0,0,"N",2,200.0,0,0,0,0,0,0,0,0,0,0,0,0,0,0
"13121","5","311824","78","0","2023","4","N",2,0,0,0,0,0,0,0,"N",0.70,0,0,0,0,0,0,0,"N",-1,-33.3,0,0,0,0,0,0,0,0,0,0,0,0,0,0
"13121","5","31183","77","0","2023","4","N",1,0,0,0,0,0,0,0,"N",0.35,0,0,0,0,0,0,0,"N",0,0.0,0,0,0,0,0,0,0,0,0,0,0,0,0,0
"13121","5","311830","78","0","2023","4","N",1,0,0,0,0,0,0,0,"N",0.35,0,0,0,0,0,0,0,"N",0,0.0,0,0,0,0,0,0,0,0,0,0,0,0,0,0
"13121","5","3119","76","0","2023","4","",51,1012,1018,1026,23481490,695482,10292,1773,"",1.10,0.64,0.63,0.64,0.68,0.34,0.38,1.08,"",13,34.2,203,25.1,207,25.5,196,23.6,8732605,59.2,103095,17.4,2020,24.4,384,27.6
"13121","5","31191","77","0","2023","4","N",5,0,0,0,0,0,0,0,"N",0.81,0,0,0,0,0,0,0,"N",0,0.0,0,0,0,0,0,0,0,0,0,0,0,0,0,0
"13121","5","311919","78","0","2023","4","N",5,0,0,0,0,0,0,0,"N",1.17,0,0,0,0,0,0,0,"N",0,0.0,0,0,0,0,0,0,0,0,0,0,0,0,0,0
"13121","5","31192","77","0","2023","4","",6,89,88,82,1088536,75938,648,970,"",0.65,0.53,0.52,0.48,0.31,0.28,0.19,0.61,"N",4,200.0,0,0,0,0,0,0,0,0,0,0,0,0,0,0
"13121","5","311920","78","0","2023","4","",6,89,88,82,1088536,75938,648,970,"",0.65,0.53,0.52,0.48,0.31,0.28,0.19,0.61,"N",4,200.0,0,0,0,0,0,0,0,0,0,0,0,0,0,0
"13121","5","31193","77","0","2023","4","N",12,0,0,0,0,0,0,0,"N",6.43,0,0,0,0,0,0,0,"N",5,71.4,0,0,0,0,0,0,0,0,0,0,0,0,0,0
"13121","5","311930","78","0","2023","4","N",12,0,0,0,0,0,0,0,"N",6.43,0,0,0,0,0,0,0,"N",5,71.4,0,0,0,0,0,0,0,0,0,0,0,0,0,0
"13121","5","31194","77","0","2023","4","",10,265,263,263,4578037,318857,5458,1336,"",1.43,0.87,0.86,0.86,0.58,1.09,1.43,0.67,"",3,42.9,9,3.5,7,2.7,12,4.8,269980,6.3,48427,17.9,1580,40.7,33,2.5
"13121","5","311941","78","0","2023","4","N",5,0,0,0,0,0,0,0,"N",1.75,0,0,0,0,0,0,0,"N",2,66.7,0,0,0,0,0,0,0,0,0,0,0,0,0,0
"13121","5","311942","78","0","2023","4","N",5,0,0,0,0,0,0,0,"N",1.21,0,0,0,0,0,0,0,"N",1,25.0,0,0,0,0,0,0,0,0,0,0,0,0,0,0
"13121","5","31199","77","0","2023","4","",18,85,86,89,915451,161502,3743,813,"",0.82,0.13,0.13,0.13,0.07,0.16,0.28,0.55,"",1,5.9,-15,-15.0,-16,-15.7,-22,-19.8,-108340,-10.6,-86349,-34.8,-447,-10.7,58,7.7
"13121","5","311991","78","0","2023","4","N",14,0,0,0,0,0,0,0,"N",1.36,0,0,0,0,0,0,0,"N",1,7.7,0,0,0,0,0,0,0,0,0,0,0,0,0,0
"13121","5","311999","78","0","2023","4","N",4,0,0,0,0,0,0,0,"N",0.34,0,0,0,0,0,0,0,"N",0,0.0,0,0,0,0,0,0,0,0,0,0,0,0,0,0
"13121","5","312","75","0","2023","4","",62,2668,2643,2653,38198215,2810095,33517,1107,"",0.66,1.28,1.29,1.31,0.99,1.20,1.00,0.77,"",3,5.1,29,1.1,45,1.7,19,0.7,1482398,4.0,-215563,-7.1,2406,7.7,31,2.9
"13121","5","3121","76","0","2023","4","",62,2668,2643,2653,38198215,2810095,33517,1107,"",0.68,1.32,1.33,1.36,1.04,1.24,1.06,0.78,"N",5,8.8,0,0,0,0,0,0,0,0,0,0,0,0,0,0
"13121","5","31211","77","0","2023","4","",19,1910,1875,1861,30234176,1591153,18565,1236,"",1.27,2.82,2.78,2.76,2.12,2.56,2.15,0.76,"N",4,26.7,0,0,0,0,0,0,0,0,0,0,0,0,0,0
"13121","5","312111","78","0","2023","4","",16,1850,1828,1811,29381840,1487946,17478,1235,"",2.18,3.71,3.67,3.62,2.78,3.29,2.99,0.76,"N",3,23.1,0,0,0,0,0,0,0,0,0,0,0,0,0,0
"13121","5","312112","78","0","2023","4","N",1,0,0,0,0,0,0,0,"N",0.22,0,0,0,0,0,0,0,"N",1,100.0,0,0,0,0,0,0,0,0,0,0,0,0,0,0
"13121","5","312113","78","0","2023","4","N",2,0,0,0,0,0,0,0,"N",0.64,0,0,0,0,0,0,0,"N",0,0.0,0,0,0,0,0,0,0,0,0,0,0,0,0,0
"13121","5","31212","77","0","2023","4","",30,698,714,731,7254062,1103117,13043,781,"",0.88,1.04,1.07,1.10,0.72,1.26,1.17,0.67,"",-1,-3.2,-45,-6.1,4,0.6,-24,-3.2,312217,4.5,-157518,-12.5,-5061,-28.0,55,7.6
"13121","5","312120","78","0","2023","4","",30,698,714,731,7254062,1103117,13043,781,"",0.88,1.04,1.07,1.10,0.72,1.26,1.17,0.67,"",-1,-3.2,-45,-6.1,4,0.6,-24,-3.2,312217,4.5,-157518,-12.5,-5061,-28.0,55,7.6
"13121","5","31213","77","0","2023","4","N",5,0,0,0,0,0,0,0,"N",0.15,0,0,0,0,0,0,0,"N",0,0.0,0,0,0,0,0,0,0,0,0,0,0,0,0,0
"13121","5","312130","78","0","2023","4","N",5,0,0,0,0,0,0,0,"N",0.15,0,0,0,0,0,0,0,"N",0,0.0,0,0,0,0,0,0,0,0,0,0,0,0,0,0
"13121","5","31214","77","0","2023","4","N",8,0,0,0,0,0,0,0,"N",0.78,0,0,0,0,0,0,0,"N",2,33.3,0,0,0,0,0,0,0,0,0,0,0,0,0,0
"13121","5","312140","78","0","2023","4","N",8,0,0,0,0,0,0,0,"N",0.78,0,0,0,0,0,0,0,"N",2,33.3,0,0,0,0,0,0,0,0,0,0,0,0,0,0
"13121","5","3122","76","0","2023","4","-",0,0,0,0,0,0,0,0,"N",0.00,0,0,0,0,0,0,0,"N",-2,-100.0,0,0,0,0,0,0,0,0,0,0,0,0,0,0
"13121","5","31223","77","0","2023","4","-",0,0,0,0,0,0,0,0,"N",0.00,0,0,0,0,0,0,0,"N",-2,-100.0,0,0,0,0,0,0,0,0,0,0,0,0,0,0
"13121","5","312230","78","0","2023","4","-",0,0,0,0,0,0,0,0,"N",0.00,0,0,0,0,0,0,0,"N",-2,-100.0,0,0,0,0,0,0,0,0,0,0,0,0,0,0
"13121","5","313","75","0","2023","4","",15,199,197,202,6026740,188898,825,2326,"",0.96,0.37,0.37,0.38,0.59,0.37,0.18,1.59,"",0,0.0,23,13.1,23,13.2,24,13.5,1204314,25.0,56395,42.6,95,13.0,218,10.3
"13121","5","3131","76","0","2023","4","N",2,0,0,0,0,0,0,0,"N",0.91,0,0,0,0,0,0,0,"N",0,0.0,0,0,0,0,0,0,0,0,0,0,0,0,0,0
"13121","5","31311","77","0","2023","4","N",2,0,0,0,0,0,0,0,"N",0.91,0,0,0,0,0,0,0,"N",0,0.0,0,0,0,0,0,0,0,0,0,0,0,0,0,0
"13121","5","313110","78","0","2023","4","N",2,0,0,0,0,0,0,0,"N",0.91,0,0,0,0,0,0,0,"N",0,0.0,0,0,0,0,0,0,0,0,0,0,0,0,0,0
"13121","5","3132","76","0","2023","4","N",4,0,0,0,0,0,0,0,"N",0.65,0,0,0,0,0,0,0,"N",0,0.0,0,0,0,0,0,0,0,0,0,0,0,0,0,0
"13121","5","31321","77","0","2023","4","N",1,0,0,0,0,0,0,0,"N",0.47,0,0,0,0,0,0,0,"N",0,0.0,0,0,0,0,0,0,0,0,0,0,0,0,0,0
"13121","5","313210","78","0","2023","4","N",1,0,0,0,0,0,0,0,"N",0.47,0,0,0,0,0,0,0,"N",0,0.0,0,0,0,0,0,0,0,0,0,0,0,0,0,0
"13121","5","31323","77","0","2023","4","N",2,0,0,0,0,0,0,0,"N",1.11,0,0,0,0,0,0,0,"N",0,0.0,0,0,0,0,0,0,0,0,0,0,0,0,0,0
"13121","5","313230","78","0","2023","4","N",2,0,0,0,0,0,0,0,"N",1.11,0,0,0,0,0,0,0,"N",0,0.0,0,0,0,0,0,0,0,0,0,0,0,0,0,0
"13121","5","31324","77","0","2023","4","N",1,0,0,0,0,0,0,0,"N",1.24,0,0,0,0,0,0,0,"N",0,0.0,0,0,0,0,0,0,0,0,0,0,0,0,0,0
"13121","5","313240","78","0","2023","4","N",1,0,0,0,0,0,0,0,"N",1.24,0,0,0,0,0,0,0,"N",0,0.0,0,0,0,0,0,0,0,0,0,0,0,0,0,0
"13121","5","3133","76","0","2023","4","N",9,0,0,0,0,0,0,0,"N",1.24,0,0,0,0,0,0,0,"N",0,0.0,0,0,0,0,0,0,0,0,0,0,0,0,0,0
"13121","5","31331","77","0","2023","4","N",7,0,0,0,0,0,0,0,"N",1.14,0,0,0,0,0,0,0,"N",0,0.0,0,0,0,0,0,0,0,0,0,0,0,0,0,0
"13121","5","313310","78","0","2023","4","N",7,0,0,0,0,0,0,0,"N",1.14,0,0,0,0,0,0,0,"N",0,0.0,0,0,0,0,0,0,0,0,0,0,0,0,0,0
"13121","5","31332","77","0","2023","4","N",2,0,0,0,0,0,0,0,"N",1.71,0,0,0,0,0,0,0,"N",0,0.0,0,0,0,0,0,0,0,0,0,0,0,0,0,0
"13121","5","313320","78","0","2023","4","N",2,0,0,0,0,0,0,0,"N",1.71,0,0,0,0,0,0,0,"N",0,0.0,0,0,0,0,0,0,0,0,0,0,0,0,0,0
"13121","5","314","75","0","2023","4","",19,445,450,436,6681188,523364,4200,1158,"",0.53,0.74,0.74,0.72,0.63,0.87,0.67,0.86,"",1,5.6,28,6.7,19,4.4,5,1.2,131496,2.0,-25231,-4.6,-4712,-52.9,-24,-2.0
"13121","5","3141","76","0","2023","4","",6,131,127,126,1232683,138399,3854,741,"",0.68,0.54,0.52,0.51,0.28,0.85,2.11,0.54,"",1,20.0,24,22.4,13,11.4,16,14.5,-75824,-5.8,-144244,-51.0,-4466,-53.7,-171,-18.8
"13121","5","31412","77","0","2023","4","",6,131,127,126,1232683,138399,3854,741,"",0.93,1.61,1.54,1.51,0.89,1.48,3.69,0.57,"",1,20.0,24,22.4,13,11.4,16,14.5,-75824,-5.8,-144244,-51.0,-4466,-53.7,-171,-18.8
"13121","5","314120","78","0","2023","4","",6,131,127,126,1232683,138399,3854,741,"",0.93,1.61,1.54,1.51,0.89,1.48,3.69,0.57,"",1,20.0,24,22.4,13,11.4,16,14.5,-75824,-5.8,-144244,-51.0,-4466,-53.7,-171,-18.8
"13121","5","3149","76","0","2023","4","",13,314,323,310,5448505,384965,346,1328,"",0.48,0.88,0.90,0.86,0.87,0.88,0.08,0.99,"",0,0.0,4,1.3,6,1.9,-11,-3.4,207320,4.0,119013,44.7,-246,-41.6,52,4.1
"13121","5","31491","77","0","2023","4","N",2,0,0,0,0,0,0,0,"N",0.21,0,0,0,0,0,0,0,"N",0,0.0,0,0,0,0,0,0,0,0,0,0,0,0,0,0
"13121","5","314910","78","0","2023","4","N",2,0,0,0,0,0,0,0,"N",0.21,0,0,0,0,0,0,0,"N",0,0.0,0,0,0,0,0,0,0,0,0,0,0,0,0,0
"13121","5","31499","77","0","2023","4","N",11,0,0,0,0,0,0,0,"N",0.63,0,0,0,0,0,0,0,"N",0,0.0,0,0,0,0,0,0,0,0,0,0,0,0,0,0
"13121","5","314999","78","0","2023","4","N",11,0,0,0,0,0,0,0,"N",0.66,0,0,0,0,0,0,0,"N",0,0.0,0,0,0,0,0,0,0,0,0,0,0,0,0,0
"13121","5","315","75","0","2023","4","",23,82,79,77,1164845,125968,2292,1129,"",0.63,0.16,0.15,0.15,0.11,0.23,0.27,0.76,"",-1,-4.2,21,34.4,18,29.5,16,26.2,319838,37.9,62168,97.4,1505,191.2,63,5.9
"13121","5","3152","76","0","2023","4","N",18,0,0,0,0,0,0,0,"N",0.66,0,0,0,0,0,0,0,"N",0,0.0,0,0,0,0,0,0,0,0,0,0,0,0,0,0
"13121","5","31521","77","0","2023","4","N",3,0,0,0,0,0,0,0,"N",0.23,0,0,0,0,0,0,0,"N",-1,-25.0,0,0,0,0,0,0,0,0,0,0,0,0,0,0
"13121","5","315210","78","0","2023","4","N",3,0,0,0,0,0,0,0,"N",0.23,0,0,0,0,0,0,0,"N",-1,-25.0,0,0,0,0,0,0,0,0,0,0,0,0,0,0
"13121","5","31525","77","0","2023","4","",15,54,53,51,747180,106396,2262,1091,"",1.04,0.20,0.19,0.19,0.13,0.42,0.56,0.65,"",1,7.1,19,54.3,21,65.6,19,59.4,297395,66.1,67714,175.1,1771,360.7,43,4.1
"13121","5","315250","78","0","2023","4","",15,54,53,51,747180,106396,2262,1091,"",1.04,0.20,0.19,0.19,0.13,0.42,0.56,0.65,"",1,7.1,19,54.3,21,65.6,19,59.4,297395,66.1,67714,175.1,1771,360.7,43,4.1
"13121","5","3159","76","0","2023","4","N",5,0,0,0,0,0,0,0,"N",0.64,0,0,0,0,0,0,0,"N",-1,-16.7,0,0,0,0,0,0,0,0,0,0,0,0,0,0
"13121","5","31599","77","0","2023","4","N",5,0,0,0,0,0,0,0,"N",0.64,0,0,0,0,0,0,0,"N",-1,-16.7,0,0,0,0,0,0,0,0,0,0,0,0,0,0
"13121","5","315990","78","0","2023","4","N",5,0,0,0,0,0,0,0,"N",0.64,0,0,0,0,0,0,0,"N",-1,-16.7,0,0,0,0,0,0,0,0,0,0,0,0,0,0
"13121","5","316","75","0","2023","4","",7,39,42,39,1280899,91803,1795,2463,"",0.81,0.25,0.26,0.24,0.42,0.55,0.95,1.67,"",2,40.0,18,85.7,17,68.0,14,56.0,229093,21.8,6384,7.5,524,41.2,-956,-28.0
"13121","5","3161","76","0","2023","4","N",2,0,0,0,0,0,0,0,"N",1.73,0,0,0,0,0,0,0,"N",1,100.0,0,0,0,0,0,0,0,0,0,0,0,0,0,0
"13121","5","31611","77","0","2023","4","N",2,0,0,0,0,0,0,0,"N",1.73,0,0,0,0,0,0,0,"N",1,100.0,0,0,0,0,0,0,0,0,0,0,0,0,0,0
"13121","5","316110","78","0","2023","4","N",2,0,0,0,0,0,0,0,"N",1.73,0,0,0,0,0,0,0,"N",1,100.0,0,0,0,0,0,0,0,0,0,0,0,0,0,0
"13121","5","3162","76","0","2023","4","N",3,0,0,0,0,0,0,0,"N",1.38,0,0,0,0,0,0,0,"N",1,50.0,0,0,0,0,0,0,0,0,0,0,0,0,0,0
"13121","5","31621","77","0","2023","4","N",3,0,0,0,0,0,0,0,"N",1.38,0,0,0,0,0,0,0,"N",1,50.0,0,0,0,0,0,0,0,0,0,0,0,0,0,0
"13121","5","316210","78","0","2023","4","N",3,0,0,0,0,0,0,0,"N",1.38,0,0,0,0,0,0,0,"N",1,50.0,0,0,0,0,0,0,0,0,0,0,0,0,0,0
"13121","5","3169","76","0","2023","4","N",2,0,0,0,0,0,0,0,"N",0.37,0,0,0,0,0,0,0,"N",0,0.0,0,0,0,0,0,0,0,0,0,0,0,0,0,0
"13121","5","31699","77","0","2023","4","N",2,0,0,0,0,0,0,0,"N",0.37,0,0,0,0,0,0,0,"N",0,0.0,0,0,0,0,0,0,0,0,0,0,0,0,0,0
"13121","5","316990","78","0","2023","4","N",2,0,0,0,0,0,0,0,"N",0.37,0,0,0,0,0,0,0,"N",0,0.0,0,0,0,0,0,0,0,0,0,0,0,0,0,0
"13121","5","321","75","0","2023","4","",42,1410,1448,1458,40874111,1747394,28401,2185,"",0.46,0.56,0.57,0.57,0.79,0.52,0.82,1.40,"",5,13.5,-9,-0.6,16,1.1,38,2.7,345919,0.9,-31650,-1.8,1024,3.7,-5,-0.2
"13121","5","3211","76","0","2023","4","",6,55,55,56,1498843,55286,455,2084,"",0.31,0.10,0.10,0.10,0.13,0.07,0.07,1.32,"N",0,0.0,0,0,0,0,0,0,0,0,0,0,0,0,0,0
"13121","5","32111","77","0","2023","4","",6,55,55,56,1498843,55286,455,2084,"",0.31,0.10,0.10,0.10,0.13,0.07,0.07,1.32,"N",0,0.0,0,0,0,0,0,0,0,0,0,0,0,0,0,0
"13121","5","321113","78","0","2023","4","N",4,0,0,0,0,0,0,0,"N",0.23,0,0,0,0,0,0,0,"N",-1,-20.0,0,0,0,0,0,0,0,0,0,0,0,0,0,0
"13121","5","321114","78","0","2023","4","N",2,0,0,0,0,0,0,0,"N",0.80,0,0,0,0,0,0,0,"N",1,100.0,0,0,0,0,0,0,0,0,0,0,0,0,0,0
"13121","5","3212","76","0","2023","4","",9,608,613,621,19199109,614999,8861,2405,"",0.87,1.21,1.22,1.23,1.71,0.84,1.09,1.40,"N",-1,-10.0,0,0,0,0,0,0,0,0,0,0,0,0,0,0
"13121","5","32121","77","0","2023","4","",9,608,613,621,19199109,614999,8861,2405,"",0.87,1.21,1.22,1.23,1.71,0.84,1.09,1.40,"N",-1,-10.0,0,0,0,0,0,0,0,0,0,0,0,0,0,0
"13121","5","321211","78","0","2023","4","N",7,0,0,0,0,0,0,0,"N",3.57,0,0,0,0,0,0,0,"N",-1,-12.5,0,0,0,0,0,0,0,0,0,0,0,0,0,0
"13121","5","321215","78","0","2023","4","N",2,0,0,0,0,0,0,0,"N",0.30,0,0,0,0,0,0,0,"N",0,0.0,0,0,0,0,0,0,0,0,0,0,0,0,0,0
"13121","5","3219","76","0","2023","4","",27,747,780,781,20176159,1077109,19085,2017,"",0.44,0.51,0.53,0.52,0.70,0.57,0.98,1.35,"",6,28.6,-15,-2.0,15,2.0,25,3.3,3341814,19.9,-246689,-18.6,-3426,-15.2,315,18.5
"13121","5","32191","77","0","2023","4","N",7,0,0,0,0,0,0,0,"N",0.36,0,0,0,0,0,0,0,"N",-1,-12.5,0,0,0,0,0,0,0,0,0,0,0,0,0,0
"13121","5","321911","78","0","2023","4","N",3,0,0,0,0,0,0,0,"N",0.44,0,0,0,0,0,0,0,"N",-1,-25.0,0,0,0,0,0,0,0,0,0,0,0,0,0,0
"13121","5","321912","78","0","2023","4","N",1,0,0,0,0,0,0,0,"N",0.32,0,0,0,0,0,0,0,"N",0,0.0,0,0,0,0,0,0,0,0,0,0,0,0,0,0
"13121","5","321918","78","0","2023","4","",3,13,12,14,181558,8156,110,1074,"",0.31,0.06,0.06,0.07,0.05,0.04,0.05,0.73,"",0,0.0,-5,-27.8,-5,-29.4,-1,-6.7,-46106,-20.3,-17772,-68.5,-417,-79.1,23,2.2
"13121","5","32192","77","0","2023","4","",11,544,572,568,15023871,870397,16279,2059,"",0.62,1.40,1.46,1.44,2.13,1.89,3.60,1.48,"",-1,-8.3,-97,-15.1,-76,-11.7,-79,-12.2,410300,2.8,-315819,-26.6,-4471,-21.5,317,18.2
"13121","5","321920","78","0","2023","4","",11,544,572,568,15023871,870397,16279,2059,"",0.62,1.40,1.46,1.44,2.13,1.89,3.60,1.48,"",-1,-8.3,-97,-15.1,-76,-11.7,-79,-12.2,410300,2.8,-315819,-26.6,-4471,-21.5,317,18.2
"13121","5","32199","77","0","2023","4","N",9,0,0,0,0,0,0,0,"N",0.38,0,0,0,0,0,0,0,"N",8,800.0,0,0,0,0,0,0,0,0,0,0,0,0,0,0
"13121","5","321991","78","0","2023","4","N",1,0,0,0,0,0,0,0,"N",0.43,0,0,0,0,0,0,0,"N",0,0.0,0,0,0,0,0,0,0,0,0,0,0,0,0,0
"13121","5","321992","78","0","2023","4","N",1,0,0,0,0,0,0,0,"N",0.19,0,0,0,0,0,0,0,"N",1,100.0,0,0,0,0,0,0,0,0,0,0,0,0,0,0
"13121","5","321999","78","0","2023","4","N",7,0,0,0,0,0,0,0,"N",0.44,0,0,0,0,0,0,0,"N",7,100.0,0,0,0,0,0,0,0,0,0,0,0,0,0,0
"13121","5","322","75","0","2023","4","",32,1314,1298,1285,38865566,766028,6733,2302,"",1.01,0.61,0.60,0.59,0.70,0.48,0.39,1.16,"",2,6.7,-105,-7.4,-119,-8.4,-148,-10.3,838493,2.2,-242674,-24.1,-5403,-44.5,246,12.0
"13121","5","3221","76","0","2023","4","",7,179,174,176,6553635,128813,2391,2859,"",1.43,0.34,0.33,0.33,0.40,0.37,0.76,1.19,"",3,75.0,85,90.4,79,83.2,81,85.3,2563402,64.2,-14482,-10.1,-732,-23.4,-383,-11.8
"13121","5","32211","77","0","2023","4","N",1,0,0,0,0,0,0,0,"N",2.07,0,0,0,0,0,0,0,"N",0,0.0,0,0,0,0,0,0,0,0,0,0,0,0,0,0
"13121","5","322110","78","0","2023","4","N",1,0,0,0,0,0,0,0,"N",2.07,0,0,0,0,0,0,0,"N",0,0.0,0,0,0,0,0,0,0,0,0,0,0,0,0,0
"13121","5","32212","77","0","2023","4","N",1,0,0,0,0,0,0,0,"N",0.35,0,0,0,0,0,0,0,"N",1,100.0,0,0,0,0,0,0,0,0,0,0,0,0,0,0
"13121","5","322120","78","0","2023","4","N",1,0,0,0,0,0,0,0,"N",0.35,0,0,0,0,0,0,0,"N",1,100.0,0,0,0,0,0,0,0,0,0,0,0,0,0,0
"13121","5","32213","77","0","2023","4","",5,144,139,140,5168322,113867,2131,2820,"",3.23,0.74,0.71,0.71,0.80,1.05,2.45,1.11,"N",2,66.7,0,0,0,0,0,0,0,0,0,0,0,0,0,0
"13121","5","322130","78","0","2023","4","",5,144,139,140,5168322,113867,2131,2820,"",3.23,0.74,0.71,0.71,0.80,1.05,2.45,1.11,"N",2,66.7,0,0,0,0,0,0,0,0,0,0,0,0,0,0
"13121","5","3222","76","0","2023","4","",25,1135,1124,1109,32311931,637215,4342,2214,"",0.93,0.70,0.69,0.67,0.82,0.51,0.31,1.20,"",-1,-3.8,-190,-14.3,-198,-15.0,-229,-17.1,-1724909,-5.1,-228192,-26.4,-4671,-51.8,243,12.3
"13121","5","32221","77","0","2023","4","",19,1103,1088,1069,31637620,564424,3454,2240,"",1.39,1.17,1.14,1.11,1.37,0.73,0.39,1.20,"",-1,-5.0,-127,-10.3,-139,-11.3,-171,-13.8,-1095117,-3.3,-211512,-27.3,-4298,-55.4,197,9.6
"13121","5","322211","78","0","2023","4","",9,779,776,764,25518800,430061,2553,2539,"",0.98,1.26,1.24,1.21,1.63,0.80,0.40,1.32,"",0,0.0,-78,-9.1,-82,-9.6,-112,-12.8,-106575,-0.4,-187293,-30.3,-3022,-54.2,257,11.3
"13121","5","322212","78","0","2023","4","N",8,0,0,0,0,0,0,0,"N",3.50,0,0,0,0,0,0,0,"N",0,0.0,0,0,0,0,0,0,0,0,0,0,0,0,0,0
"13121","5","322219","78","0","2023","4","N",2,0,0,0,0,0,0,0,"N",0.90,0,0,0,0,0,0,0,"N",-1,-33.3,0,0,0,0,0,0,0,0,0,0,0,0,0,0
"13121","5","32223","77","0","2023","4","N",2,0,0,0,0,0,0,0,"N",0.88,0,0,0,0,0,0,0,"N",-1,-33.3,0,0,0,0,0,0,0,0,0,0,0,0,0,0
"13121","5","322230","78","0","2023","4","N",2,0,0,0,0,0,0,0,"N",0.88,0,0,0,0,0,0,0,"N",-1,-33.3,0,0,0,0,0,0,0,0,0,0,0,0,0,0
"13121","5","32229","77","0","2023","4","N",4,0,0,0,0,0,0,0,"N",0.87,0,0,0,0,0,0,0,"N",1,33.3,0,0,0,0,0,0,0,0,0,0,0,0,0,0
"13121","5","322299","78","0","2023","4","N",4,0,0,0,0,0,0,0,"N",1.26,0,0,0,0,0,0,0,"N",1,33.3,0,0,0,0,0,0,0,0,0,0,0,0,0,0
"13121","5","323","75","0","2023","4","",122,1365,1385,1370,25920345,1136706,14265,1452,"",0.77,0.61,0.62,0.61,0.58,0.51,0.59,0.95,"",2,1.7,-31,-2.2,-45,-3.1,-23,-1.7,1502229,6.2,-1084716,-48.8,-24252,-63.0,116,8.7
"13121","5","3231","76","0","2023","4","",122,1365,1385,1370,25920345,1136706,14265,1452,"",0.77,0.61,0.62,0.61,0.58,0.51,0.59,0.95,"",2,1.7,-31,-2.2,-45,-3.1,-23,-1.7,1502229,6.2,-1084716,-48.8,-24252,-63.0,116,8.7
"13121","5","32311","77","0","2023","4","N",118,0,0,0,0,0,0,0,"N",0.78,0,0,0,0,0,0,0,"N",2,1.7,0,0,0,0,0,0,0,0,0,0,0,0,0,0
"13121","5","323111","78","0","2023","4","",87,925,920,904,16188395,743967,9821,1359,"",0.83,0.59,0.58,0.57,0.48,0.49,0.60,0.83,"",-3,-3.3,52,6.0,11,1.2,24,2.7,1978227,13.9,-374939,-33.5,-3303,-25.2,127,10.3
"13121","5","323113","78","0","2023","4","N",24,0,0,0,0,0,0,0,"N",0.56,0,0,0,0,0,0,0,"N",0,0.0,0,0,0,0,0,0,0,0,0,0,0,0,0,0
"13121","5","323117","78","0","2023","4","",7,8,15,15,184337,97227,2067,1119,"",2.31,0.10,0.18,0.18,0.11,1.97,3.37,0.70,"N",5,250.0,0,0,0,0,0,0,0,0,0,0,0,0,0,0
"13121","5","32312","77","0","2023","4","N",4,0,0,0,0,0,0,0,"N",0.55,0,0,0,0,0,0,0,"N",0,0.0,0,0,0,0,0,0,0,0,0,0,0,0,0,0
"13121","5","323120","78","0","2023","4","N",4,0,0,0,0,0,0,0,"N",0.55,0,0,0,0,0,0,0,"N",0,0.0,0,0,0,0,0,0,0,0,0,0,0,0,0,0
"13121","5","324","75","0","2023","4","",6,251,256,257,5983495,240261,2198,1807,"",0.42,0.38,0.38,0.39,0.21,0.75,0.41,0.54,"",0,0.0,29,13.1,25,10.8,26,11.3,773877,14.9,-113091,-32.0,24,1.1,49,2.8
"13121","5","3241","76","0","2023","4","",6,251,256,257,5983495,240261,2198,1807,"",0.42,0.38,0.38,0.39,0.21,0.75,0.41,0.54,"",0,0.0,29,13.1,25,10.8,26,11.3,773877,14.9,-113091,-32.0,24,1.1,49,2.8
"13121","5","32411","77","0","2023","4","N",1,0,0,0,0,0,0,0,"N",0.27,0,0,0,0,0,0,0,"N",1,100.0,0,0,0,0,0,0,0,0,0,0,0,0,0,0
"13121","5","324110","78","0","2023","4","N",1,0,0,0,0,0,0,0,"N",0.27,0,0,0,0,0,0,0,"N",1,100.0,0,0,0,0,0,0,0,0,0,0,0,0,0,0
"13121","5","32412","77","0","2023","4","N",4,0,0,0,0,0,0,0,"N",0.54,0,0,0,0,0,0,0,"N",0,0.0,0,0,0,0,0,0,0,0,0,0,0,0,0,0
"13121","5","324121","78","0","2023","4","",3,54,52,54,1134787,44121,423,1637,"",0.53,0.49,0.49,0.55,0.33,0.57,0.18,0.66,"N",0,0.0,0,0,0,0,0,0,0,0,0,0,0,0,0,0
"13121","5","324122","78","0","2023","4","N",1,0,0,0,0,0,0,0,"N",0.58,0,0,0,0,0,0,0,"N",0,0.0,0,0,0,0,0,0,0,0,0,0,0,0,0,0
"13121","5","32419","77","0","2023","4","N",1,0,0,0,0,0,0,0,"N",0.32,0,0,0,0,0,0,0,"N",-1,-50.0,0,0,0,0,0,0,0,0,0,0,0,0,0,0
"13121","5","324199","78","0","2023","4","N",1,0,0,0,0,0,0,0,"N",1.23,0,0,0,0,0,0,0,"N",0,0.0,0,0,0,0,0,0,0,0,0,0,0,0,0,0
"13121","5","325","75","0","2023","4","",144,1930,1892,1860,48947422,1753185,16674,1988,"",1.03,0.36,0.35,0.34,0.26,0.47,0.42,0.74,"",13,9.9,89,4.8,28,1.5,13,0.7,3871575,8.6,652788,59.3,5236,45.8,114,6.1
"13121","5","3251","76","0","2023","4","",8,434,442,424,15981527,613446,1686,2837,"",0.36,0.47,0.47,0.45,0.43,1.42,0.37,0.92,"",-2,-20.0,75,20.9,78,21.4,65,18.1,4595703,40.4,478366,354.1,975,137.1,409,16.8
"13121","5","32513","77","0","2023","4","N",1,0,0,0,0,0,0,0,"N",0.63,0,0,0,0,0,0,0,"N",0,0.0,0,0,0,0,0,0,0,0,0,0,0,0,0,0
"13121","5","325130","78","0","2023","4","N",1,0,0,0,0,0,0,0,"N",0.63,0,0,0,0,0,0,0,"N",0,0.0,0,0,0,0,0,0,0,0,0,0,0,0,0,0
"13121","5","32518","77","0","2023","4","N",7,0,0,0,0,0,0,0,"N",1.23,0,0,0,0,0,0,0,"N",-2,-22.2,0,0,0,0,0,0,0,0,0,0,0,0,0,0
"13121","5","325180","78","0","2023","4","N",7,0,0,0,0,0,0,0,"N",1.23,0,0,0,0,0,0,0,"N",-2,-22.2,0,0,0,0,0,0,0,0,0,0,0,0,0,0
"13121","5","3252","76","0","2023","4","N",5,0,0,0,0,0,0,0,"N",0.45,0,0,0,0,0,0,0,"N",-2,-28.6,0,0,0,0,0,0,0,0,0,0,0,0,0,0
"13121","5","32521","77","0","2023","4","N",5,0,0,0,0,0,0,0,"N",0.51,0,0,0,0,0,0,0,"N",-2,-28.6,0,0,0,0,0,0,0,0,0,0,0,0,0,0
"13121","5","325211","78","0","2023","4","N",5,0,0,0,0,0,0,0,"N",0.58,0,0,0,0,0,0,0,"N",-2,-28.6,0,0,0,0,0,0,0,0,0,0,0,0,0,0
"13121","5","3253","76","0","2023","4","N",1,0,0,0,0,0,0,0,"N",0.12,0,0,0,0,0,0,0,"N",0,0.0,0,0,0,0,0,0,0,0,0,0,0,0,0,0
"13121","5","32532","77","0","2023","4","N",1,0,0,0,0,0,0,0,"N",0.36,0,0,0,0,0,0,0,"N",0,0.0,0,0,0,0,0,0,0,0,0,0,0,0,0,0
"13121","5","325320","78","0","2023","4","N",1,0,0,0,0,0,0,0,"N",0.36,0,0,0,0,0,0,0,"N",0,0.0,0,0,0,0,0,0,0,0,0,0,0,0,0,0
"13121","5","3254","76","0","2023","4","",37,362,362,356,8235402,282344,4537,1760,"",0.88,0.17,0.17,0.17,0.10,0.16,0.26,0.60,"",6,19.4,21,6.2,19,5.5,18,5.3,-311649,-3.6,75380,36.4,2522,125.2,-170,-8.8
"13121","5","32541","77","0","2023","4","",37,362,362,356,8235402,282344,4537,1760,"",0.88,0.17,0.17,0.17,0.10,0.16,0.26,0.60,"",6,19.4,21,6.2,19,5.5,18,5.3,-311649,-3.6,75380,36.4,2522,125.2,-170,-8.8
"13121","5","325411","78","0","2023","4","N",6,0,0,0,0,0,0,0,"N",0.72,0,0,0,0,0,0,0,"N",1,20.0,0,0,0,0,0,0,0,0,0,0,0,0,0,0
"13121","5","325412","78","0","2023","4","",22,315,314,313,6941566,183689,2578,1701,"",0.82,0.23,0.23,0.22,0.13,0.16,0.24,0.58,"",3,15.8,7,2.3,4,1.3,10,3.3,-615307,-8.1,7271,4.1,918,55.3,-192,-10.1
"13121","5","325413","78","0","2023","4","N",3,0,0,0,0,0,0,0,"N",1.12,0,0,0,0,0,0,0,"N",-1,-25.0,0,0,0,0,0,0,0,0,0,0,0,0,0,0
"13121","5","325414","78","0","2023","4","N",6,0,0,0,0,0,0,0,"N",1.38,0,0,0,0,0,0,0,"N",3,100.0,0,0,0,0,0,0,0,0,0,0,0,0,0,0
"13121","5","3255","76","0","2023","4","",32,237,238,221,3629874,133624,1393,1204,"",2.27,0.60,0.60,0.55,0.33,0.57,0.50,0.56,"",2,6.7,-17,-6.7,-20,-7.8,-36,-14.0,-310548,-7.9,-54923,-29.1,-515,-27.0,22,1.9
"13121","5","32551","77","0","2023","4","",29,234,235,218,3474581,131000,1368,1167,"",2.93,0.93,0.93,0.86,0.51,0.86,0.75,0.56,"N",1,3.6,0,0,0,0,0,0,0,0,0,0,0,0,0,0
"13121","5","325510","78","0","2023","4","",29,234,235,218,3474581,131000,1368,1167,"",2.93,0.93,0.93,0.86,0.51,0.86,0.75,0.56,"N",1,3.6,0,0,0,0,0,0,0,0,0,0,0,0,0,0
"13121","5","32552","77","0","2023","4","",3,3,3,3,155293,2624,25,3982,"",0.72,0.02,0.02,0.02,0.04,0.03,0.03,1.78,"N",1,50.0,0,0,0,0,0,0,0,0,0,0,0,0,0,0
"13121","5","325520","78","0","2023","4","",3,3,3,3,155293,2624,25,3982,"",0.72,0.02,0.02,0.02,0.04,0.03,0.03,1.78,"N",1,50.0,0,0,0,0,0,0,0,0,0,0,0,0,0,0
"13121","5","3256","76","0","2023","4","",34,445,439,445,10378949,465261,5925,1802,"",1.52,0.65,0.63,0.64,0.54,0.78,0.79,0.85,"",2,6.2,30,7.2,13,3.1,18,4.2,1875278,22.1,170505,57.8,1559,35.7,254,16.4
"13121","5","32561","77","0","2023","4","",24,386,380,388,9098088,394835,5671,1819,"",1.99,1.12,1.09,1.10,0.84,1.66,1.81,0.76,"",2,9.1,37,10.6,19,5.3,30,8.4,1614867,21.6,143823,57.3,2176,62.3,202,12.5
"13121","5","325611","78","0","2023","4","",12,255,249,253,6446000,246381,3550,1965,"",1.83,1.52,1.46,1.48,1.26,2.10,2.11,0.85,"",3,33.3,42,19.7,30,13.7,35,16.1,1194573,22.7,75539,44.2,674,23.4,101,5.4
"13121","5","325612","78","0","2023","4","N",11,0,0,0,0,0,0,0,"N",2.34,0,0,0,0,0,0,0,"N",-1,-8.3,0,0,0,0,0,0,0,0,0,0,0,0,0,0
"13121","5","325613","78","0","2023","4","N",1,0,0,0,0,0,0,0,"N",1.24,0,0,0,0,0,0,0,"N",0,0.0,0,0,0,0,0,0,0,0,0,0,0,0,0,0
"13121","5","32562","77","0","2023","4","",10,59,59,57,1280861,70426,254,1689,"",0.98,0.17,0.17,0.16,0.15,0.20,0.06,0.91,"",0,0.0,-7,-10.6,-6,-9.2,-12,-17.4,260411,25.5,26682,61.0,-617,-70.8,512,43.5
"13121","5","325620","78","0","2023","4","",10,59,59,57,1280861,70426,254,1689,"",0.98,0.17,0.17,0.16,0.15,0.20,0.06,0.91,"",0,0.0,-7,-10.6,-6,-9.2,-12,-17.4,260411,25.5,26682,61.0,-617,-70.8,512,43.5
"13121","5","3259","76","0","2023","4","",27,307,312,317,5513053,223523,2386,1359,"",1.39,0.63,0.64,0.65,0.40,0.73,0.64,0.63,"",7,35.0,48,18.5,52,20.0,53,20.1,852677,18.3,21095,10.4,1081,82.8,-15,-1.1
"13121","5","32591","77","0","2023","4","",9,229,232,235,4070847,97431,489,1350,"",3.62,5.10,5.12,5.14,3.50,3.89,1.61,0.68,"",1,12.5,33,16.8,34,17.2,38,19.3,667061,19.6,-10057,-9.4,-5,-1.0,21,1.6
"13121","5","325910","78","0","2023","4","",9,229,232,235,4070847,97431,489,1350,"",3.62,5.10,5.12,5.14,3.50,3.89,1.61,0.68,"",1,12.5,33,16.8,34,17.2,38,19.3,667061,19.6,-10057,-9.4,-5,-1.0,21,1.6
"13121","5","32599","77","0","2023","4","",18,78,80,82,1442206,126092,1897,1387,"",1.10,0.20,0.20,0.20,0.13,0.47,0.57,0.64,"",6,50.0,15,23.8,18,29.0,15,22.4,185616,14.8,31152,32.8,1086,133.9,-123,-8.1
"13121","5","325991","78","0","2023","4","N",2,0,0,0,0,0,0,0,"N",0.76,0,0,0,0,0,0,0,"N",1,100.0,0,0,0,0,0,0,0,0,0,0,0,0,0,0
"13121","5","325992","78","0","2023","4","N",4,0,0,0,0,0,0,0,"N",3.29,0,0,0,0,0,0,0,"N",0,0.0,0,0,0,0,0,0,0,0,0,0,0,0,0,0
"13121","5","325998","78","0","2023","4","",12,32,33,34,793275,81017,1513,1849,"",0.96,0.13,0.13,0.13,0.10,0.45,0.67,0.81,"N",5,71.4,0,0,0,0,0,0,0,0,0,0,0,0,0,0
"13121","5","326","75","0","2023","4","",75,2386,2369,2405,42682471,1774474,16152,1376,"",0.93,0.54,0.53,0.54,0.42,0.45,0.37,0.78,"",15,25.0,-4,-0.2,48,2.1,53,2.3,-8192005,-16.1,-75161,-4.1,-4840,-23.1,-286,-17.2
"13121","5","3261","76","0","2023","4","",64,2102,2087,2117,38242331,1465645,14027,1399,"",0.94,0.58,0.57,0.58,0.46,0.43,0.36,0.80,"",15,30.6,24,1.2,66,3.3,59,2.9,-7846839,-17.0,-101655,-6.5,-4486,-24.2,-328,-19.0
"13121","5","32611","77","0","2023","4","",13,117,114,118,2753510,172489,3012,1821,"",1.35,0.20,0.19,0.19,0.20,0.33,0.54,1.03,"N",8,160.0,0,0,0,0,0,0,0,0,0,0,0,0,0,0
"13121","5","326111","78","0","2023","4","N",5,0,0,0,0,0,0,0,"N",1.66,0,0,0,0,0,0,0,"N",3,150.0,0,0,0,0,0,0,0,0,0,0,0,0,0,0
"13121","5","326112","78","0","2023","4","N",6,0,0,0,0,0,0,0,"N",1.78,0,0,0,0,0,0,0,"N",5,500.0,0,0,0,0,0,0,0,0,0,0,0,0,0,0
"13121","5","326113","78","0","2023","4","N",2,0,0,0,0,0,0,0,"N",0.62,0,0,0,0,0,0,0,"N",0,0.0,0,0,0,0,0,0,0,0,0,0,0,0,0,0
"13121","5","32612","77","0","2023","4","N",4,0,0,0,0,0,0,0,"N",0.64,0,0,0,0,0,0,0,"N",2,100.0,0,0,0,0,0,0,0,0,0,0,0,0,0,0
"13121","5","326121","78","0","2023","4","N",2,0,0,0,0,0,0,0,"N",0.75,0,0,0,0,0,0,0,"N",1,100.0,0,0,0,0,0,0,0,0,0,0,0,0,0,0
"13121","5","326122","78","0","2023","4","N",2,0,0,0,0,0,0,0,"N",0.56,0,0,0,0,0,0,0,"N",1,100.0,0,0,0,0,0,0,0,0,0,0,0,0,0,0
"13121","5","32613","77","0","2023","4","-",0,0,0,0,0,0,0,0,"N",0.00,0,0,0,0,0,0,0,"N",-1,-100.0,0,0,0,0,0,0,0,0,0,0,0,0,0,0
"13121","5","326130","78","0","2023","4","-",0,0,0,0,0,0,0,0,"N",0.00,0,0,0,0,0,0,0,"N",-1,-100.0,0,0,0,0,0,0,0,0,0,0,0,0,0,0
"13121","5","32614","77","0","2023","4","N",2,0,0,0,0,0,0,0,"N",0.61,0,0,0,0,0,0,0,"N",0,0.0,0,0,0,0,0,0,0,0,0,0,0,0,0,0
"13121","5","326140","78","0","2023","4","N",2,0,0,0,0,0,0,0,"N",0.61,0,0,0,0,0,0,0,"N",0,0.0,0,0,0,0,0,0,0,0,0,0,0,0,0,0
"13121","5","32615","77","0","2023","4","N",3,0,0,0,0,0,0,0,"N",0.59,0,0,0,0,0,0,0,"N",1,50.0,0,0,0,0,0,0,0,0,0,0,0,0,0,0
"13121","5","326150","78","0","2023","4","N",3,0,0,0,0,0,0,0,"N",0.59,0,0,0,0,0,0,0,"N",1,50.0,0,0,0,0,0,0,0,0,0,0,0,0,0,0
"13121","5","32616","77","0","2023","4","",16,1247,1239,1269,19709284,921923,6506,1211,"",4.93,5.96,5.90,6.00,4.09,5.34,3.02,0.69,"",1,6.7,12,1.0,58,4.9,58,4.8,1743451,9.7,57885,6.7,-1249,-16.1,68,5.9
"13121","5","326160","78","0","2023","4","",16,1247,1239,1269,19709284,921923,6506,1211,"",4.93,5.96,5.90,6.00,4.09,5.34,3.02,0.69,"",1,6.7,12,1.0,58,4.9,58,4.8,1743451,9.7,57885,6.7,-1249,-16.1,68,5.9
"13121","5","32619","77","0","2023","4","",26,620,613,606,12975990,272409,3517,1628,"",0.68,0.32,0.31,0.31,0.29,0.15,0.16,0.92,"",4,18.2,-23,-3.6,-31,-4.8,-46,-7.1,-11056860,-46.0,-165656,-37.8,-1983,-36.1,-1232,-43.1
"13121","5","326191","78","0","2023","4","N",2,0,0,0,0,0,0,0,"N",0.97,0,0,0,0,0,0,0,"N",0,0.0,0,0,0,0,0,0,0,0,0,0,0,0,0,0
"13121","5","326199","78","0","2023","4","N",24,0,0,0,0,0,0,0,"N",0.66,0,0,0,0,0,0,0,"N",4,20.0,0,0,0,0,0,0,0,0,0,0,0,0,0,0
"13121","5","3262","76","0","2023","4","",11,284,282,288,4440140,308829,2125,1200,"",0.91,0.35,0.35,0.35,0.24,0.59,0.37,0.68,"",0,0.0,-28,-9.0,-18,-6.0,-6,-2.0,-345166,-7.2,26494,9.4,-354,-14.3,-19,-1.6
"13121","5","32621","77","0","2023","4","N",2,0,0,0,0,0,0,0,"N",0.72,0,0,0,0,0,0,0,"N",0,0.0,0,0,0,0,0,0,0,0,0,0,0,0,0,0
"13121","5","326212","78","0","2023","4","N",2,0,0,0,0,0,0,0,"N",1.17,0,0,0,0,0,0,0,"N",0,0.0,0,0,0,0,0,0,0,0,0,0,0,0,0,0
"13121","5","32622","77","0","2023","4","N",1,0,0,0,0,0,0,0,"N",0.38,0,0,0,0,0,0,0,"N",-1,-50.0,0,0,0,0,0,0,0,0,0,0,0,0,0,0
"13121","5","326220","78","0","2023","4","N",1,0,0,0,0,0,0,0,"N",0.38,0,0,0,0,0,0,0,"N",-1,-50.0,0,0,0,0,0,0,0,0,0,0,0,0,0,0
"13121","5","32629","77","0","2023","4","N",8,0,0,0,0,0,0,0,"N",1.20,0,0,0,0,0,0,0,"N",1,14.3,0,0,0,0,0,0,0,0,0,0,0,0,0,0
"13121","5","326291","78","0","2023","4","N",1,0,0,0,0,0,0,0,"N",0.37,0,0,0,0,0,0,0,"N",1,100.0,0,0,0,0,0,0,0,0,0,0,0,0,0,0
"13121","5","326299","78","0","2023","4","N",7,0,0,0,0,0,0,0,"N",1.76,0,0,0,0,0,0,0,"N",0,0.0,0,0,0,0,0,0,0,0,0,0,0,0,0,0
"13121","5","327","75","0","2023","4","",61,1403,1391,1412,28305905,816735,7476,1553,"",0.62,0.55,0.55,0.56,0.45,0.35,0.20,0.82,"",3,5.2,5,0.4,-10,-0.7,21,1.5,921457,3.4,-71209,-8.0,-56,-0.7,45,3.0
"13121","5","3271","76","0","2023","4","N",10,0,0,0,0,0,0,0,"N",1.19,0,0,0,0,0,0,0,"N",1,11.1,0,0,0,0,0,0,0,0,0,0,0,0,0,0
"13121","5","32711","77","0","2023","4","N",6,0,0,0,0,0,0,0,"N",1.32,0,0,0,0,0,0,0,"N",0,0.0,0,0,0,0,0,0,0,0,0,0,0,0,0,0
"13121","5","327110","78","0","2023","4","N",6,0,0,0,0,0,0,0,"N",1.32,0,0,0,0,0,0,0,"N",0,0.0,0,0,0,0,0,0,0,0,0,0,0,0,0,0
"13121","5","32712","77","0","2023","4","",4,13,13,13,213396,2957,21,1263,"",1.04,0.10,0.10,0.10,0.07,0.03,0.01,0.73,"N",1,33.3,0,0,0,0,0,0,0,0,0,0,0,0,0,0
"13121","5","327120","78","0","2023","4","",4,13,13,13,213396,2957,21,1263,"",1.04,0.10,0.10,0.10,0.07,0.03,0.01,0.73,"N",1,33.3,0,0,0,0,0,0,0,0,0,0,0,0,0,0
"13121","5","3272","76","0","2023","4","N",8,0,0,0,0,0,0,0,"N",0.71,0,0,0,0,0,0,0,"N",-1,-11.1,0,0,0,0,0,0,0,0,0,0,0,0,0,0
"13121","5","32721","77","0","2023","4","N",8,0,0,0,0,0,0,0,"N",0.71,0,0,0,0,0,0,0,"N",-1,-11.1,0,0,0,0,0,0,0,0,0,0,0,0,0,0
"13121","5","327211","78","0","2023","4","N",1,0,0,0,0,0,0,0,"N",0.95,0,0,0,0,0,0,0,"N",-1,-50.0,0,0,0,0,0,0,0,0,0,0,0,0,0,0
"13121","5","327212","78","0","2023","4","N",1,0,0,0,0,0,0,0,"N",0.41,0,0,0,0,0,0,0,"N",0,0.0,0,0,0,0,0,0,0,0,0,0,0,0,0,0
"13121","5","327213","78","0","2023","4","N",2,0,0,0,0,0,0,0,"N",2.40,0,0,0,0,0,0,0,"N",0,0.0,0,0,0,0,0,0,0,0,0,0,0,0,0,0
"13121","5","327215","78","0","2023","4","",4,26,25,26,456572,8699,104,1368,"",0.58,0.10,0.09,0.10,0.07,0.03,0.03,0.77,"",0,0.0,-9,-25.7,-10,-28.6,-10,-27.8,-170491,-27.2,-15786,-64.5,-185,-64.0,3,0.2
"13121","5","3273","76","0","2023","4","",25,505,508,524,10405449,413489,3949,1562,"",0.48,0.40,0.40,0.42,0.32,0.35,0.18,0.79,"",1,4.2,11,2.2,20,4.1,31,6.3,1550205,17.5,-13969,-3.3,107,2.8,177,12.8
"13121","5","32731","77","0","2023","4","N",6,0,0,0,0,0,0,0,"N",2.48,0,0,0,0,0,0,0,"N",0,0.0,0,0,0,0,0,0,0,0,0,0,0,0,0,0
"13121","5","327310","78","0","2023","4","N",6,0,0,0,0,0,0,0,"N",2.48,0,0,0,0,0,0,0,"N",0,0.0,0,0,0,0,0,0,0,0,0,0,0,0,0,0
"13121","5","32732","77","0","2023","4","",13,288,289,297,6251197,226404,1886,1651,"",0.40,0.44,0.44,0.46,0.37,0.36,0.13,0.82,"",0,0.0,15,5.5,17,6.2,27,10.0,1176610,23.2,8515,3.9,126,7.2,214,14.9
"13121","5","327320","78","0","2023","4","",13,288,289,297,6251197,226404,1886,1651,"",0.40,0.44,0.44,0.46,0.37,0.36,0.13,0.82,"",0,0.0,15,5.5,17,6.2,27,10.0,1176610,23.2,8515,3.9,126,7.2,214,14.9
"13121","5","32733","77","0","2023","4","N",2,0,0,0,0,0,0,0,"N",0.32,0,0,0,0,0,0,0,"N",0,0.0,0,0,0,0,0,0,0,0,0,0,0,0,0,0
"13121","5","327331","78","0","2023","4","N",2,0,0,0,0,0,0,0,"N",0.42,0,0,0,0,0,0,0,"N",0,0.0,0,0,0,0,0,0,0,0,0,0,0,0,0,0
"13121","5","32739","77","0","2023","4","",4,110,111,118,2223541,111966,1340,1514,"",0.34,0.32,0.32,0.34,0.27,0.33,0.30,0.83,"",1,33.3,0,0.0,5,4.7,9,8.3,355902,19.1,36897,49.2,1251,1405.6,188,14.2
"13121","5","327390","78","0","2023","4","",4,110,111,118,2223541,111966,1340,1514,"",0.34,0.32,0.32,0.34,0.27,0.33,0.30,0.83,"",1,33.3,0,0.0,5,4.7,9,8.3,355902,19.1,36897,49.2,1251,1405.6,188,14.2
"13121","5","3274","76","0","2023","4","",4,59,59,57,1440245,6230,4,1899,"",1.89,0.60,0.60,0.58,0.53,0.09,0.01,0.89,"",0,0.0,-10,-14.5,-11,-15.7,-12,-17.4,-219104,-13.2,-16454,-72.5,-5,-55.6,58,3.2
"13121","5","32742","77","0","2023","4","",4,59,59,57,1440245,6230,4,1899,"",2.56,0.82,0.81,0.78,0.72,0.10,0.01,0.89,"",0,0.0,-10,-14.5,-11,-15.7,-12,-17.4,-219104,-13.2,-16454,-72.5,-5,-55.6,58,3.2
"13121","5","327420","78","0","2023","4","",4,59,59,57,1440245,6230,4,1899,"",2.56,0.82,0.81,0.78,0.72,0.10,0.01,0.89,"",0,0.0,-10,-14.5,-11,-15.7,-12,-17.4,-219104,-13.2,-16454,-72.5,-5,-55.6,58,3.2
"13121","5","3279","76","0","2023","4","",14,559,547,555,11678819,320417,3002,1623,"",0.57,1.15,1.12,1.13,1.04,0.70,0.52,0.92,"",2,16.7,29,5.5,8,1.5,18,3.4,-142191,-1.2,55848,21.1,821,37.6,-76,-4.5
"13121","5","32791","77","0","2023","4","N",2,0,0,0,0,0,0,0,"N",0.87,0,0,0,0,0,0,0,"N",2,100.0,0,0,0,0,0,0,0,0,0,0,0,0,0,0
"13121","5","327910","78","0","2023","4","N",2,0,0,0,0,0,0,0,"N",0.87,0,0,0,0,0,0,0,"N",2,100.0,0,0,0,0,0,0,0,0,0,0,0,0,0,0
"13121","5","32799","77","0","2023","4","N",12,0,0,0,0,0,0,0,"N",0.54,0,0,0,0,0,0,0,"N",0,0.0,0,0,0,0,0,0,0,0,0,0,0,0,0,0
"13121","5","327991","78","0","2023","4","",7,105,108,106,1925556,105854,1659,1393,"",0.42,0.49,0.50,0.49,0.46,0.42,0.60,0.92,"",0,0.0,15,16.7,18,20.0,19,21.8,392840,25.6,40098,61.0,544,48.8,68,5.1
"13121","5","327993","78","0","2023","4","N",2,0,0,0,0,0,0,0,"N",1.22,0,0,0,0,0,0,0,"N",0,0.0,0,0,0,0,0,0,0,0,0,0,0,0,0,0
"13121","5","327999","78","0","2023","4","N",3,0,0,0,0,0,0,0,"N",0.95,0,0,0,0,0,0,0,"N",0,0.0,0,0,0,0,0,0,0,0,0,0,0,0,0,0
"13121","5","331","75","0","2023","4","",14,153,155,161,6047895,191782,1118,2976,"",0.42,0.07,0.07,0.07,0.09,0.13,0.05,1.37,"",4,40.0,29,23.4,34,28.1,32,24.8,614450,11.3,2399,1.3,-1726,-60.7,-377,-11.2
"13121","5","3311","76","0","2023","4","N",1,0,0,0,0,0,0,0,"N",0.17,0,0,0,0,0,0,0,"N",0,0.0,0,0,0,0,0,0,0,0,0,0,0,0,0,0
"13121","5","33111","77","0","2023","4","N",1,0,0,0,0,0,0,0,"N",0.17,0,0,0,0,0,0,0,"N",0,0.0,0,0,0,0,0,0,0,0,0,0,0,0,0,0
"13121","5","331110","78","0","2023","4","N",1,0,0,0,0,0,0,0,"N",0.17,0,0,0,0,0,0,0,"N",0,0.0,0,0,0,0,0,0,0,0,0,0,0,0,0,0
"13121","5","3312","76","0","2023","4","N",2,0,0,0,0,0,0,0,"N",0.26,0,0,0,0,0,0,0,"N",1,100.0,0,0,0,0,0,0,0,0,0,0,0,0,0,0
"13121","5","33122","77","0","2023","4","N",2,0,0,0,0,0,0,0,"N",0.46,0,0,0,0,0,0,0,"N",1,100.0,0,0,0,0,0,0,0,0,0,0,0,0,0,0
"13121","5","331221","78","0","2023","4","N",1,0,0,0,0,0,0,0,"N",0.35,0,0,0,0,0,0,0,"N",0,0.0,0,0,0,0,0,0,0,0,0,0,0,0,0,0
"13121","5","331222","78","0","2023","4","N",1,0,0,0,0,0,0,0,"N",0.69,0,0,0,0,0,0,0,"N",1,100.0,0,0,0,0,0,0,0,0,0,0,0,0,0,0
"13121","5","3313","76","0","2023","4","N",4,0,0,0,0,0,0,0,"N",0.91,0,0,0,0,0,0,0,"N",2,100.0,0,0,0,0,0,0,0,0,0,0,0,0,0,0
"13121","5","33131","77","0","2023","4","N",4,0,0,0,0,0,0,0,"N",0.91,0,0,0,0,0,0,0,"N",2,100.0,0,0,0,0,0,0,0,0,0,0,0,0,0,0
"13121","5","331315","78","0","2023","4","N",4,0,0,0,0,0,0,0,"N",3.85,0,0,0,0,0,0,0,"N",2,100.0,0,0,0,0,0,0,0,0,0,0,0,0,0,0
"13121","5","3314","76","0","2023","4","N",3,0,0,0,0,0,0,0,"N",0.49,0,0,0,0,0,0,0,"N",1,50.0,0,0,0,0,0,0,0,0,0,0,0,0,0,0
"13121","5","33142","77","0","2023","4","N",1,0,0,0,0,0,0,0,"N",0.53,0,0,0,0,0,0,0,"N",0,0.0,0,0,0,0,0,0,0,0,0,0,0,0,0,0
"13121","5","331420","78","0","2023","4","N",1,0,0,0,0,0,0,0,"N",0.53,0,0,0,0,0,0,0,"N",0,0.0,0,0,0,0,0,0,0,0,0,0,0,0,0,0
"13121","5","33149","77","0","2023","4","N",2,0,0,0,0,0,0,0,"N",0.60,0,0,0,0,0,0,0,"N",1,100.0,0,0,0,0,0,0,0,0,0,0,0,0,0,0
"13121","5","331491","78","0","2023","4","N",2,0,0,0,0,0,0,0,"N",1.08,0,0,0,0,0,0,0,"N",1,100.0,0,0,0,0,0,0,0,0,0,0,0,0,0,0
"13121","5","3315","76","0","2023","4","",4,24,28,28,292227,29993,437,843,"",0.42,0.04,0.04,0.04,0.02,0.05,0.06,0.46,"",0,0.0,-10,-29.4,-1,-3.4,-3,-9.7,-62468,-17.6,-44574,-59.8,-262,-37.5,-28,-3.2
"13121","5","33151","77","0","2023","4","N",2,0,0,0,0,0,0,0,"N",0.49,0,0,0,0,0,0,0,"N",0,0.0,0,0,0,0,0,0,0,0,0,0,0,0,0,0
"13121","5","331511","78","0","2023","4","N",1,0,0,0,0,0,0,0,"N",0.49,0,0,0,0,0,0,0,"N",0,0.0,0,0,0,0,0,0,0,0,0,0,0,0,0,0
"13121","5","331513","78","0","2023","4","N",1,0,0,0,0,0,0,0,"N",0.73,0,0,0,0,0,0,0,"N",0,0.0,0,0,0,0,0,0,0,0,0,0,0,0,0,0
"13121","5","33152","77","0","2023","4","N",2,0,0,0,0,0,0,0,"N",0.37,0,0,0,0,0,0,0,"N",0,0.0,0,0,0,0,0,0,0,0,0,0,0,0,0,0
"13121","5","331529","78","0","2023","4","N",2,0,0,0,0,0,0,0,"N",1.20,0,0,0,0,0,0,0,"N",0,0.0,0,0,0,0,0,0,0,0,0,0,0,0,0,0
"13121","5","332","75","0","2023","4","",123,2530,2547,2550,58431600,2021776,17439,1768,"",0.36,0.29,0.29,0.29,0.28,0.26,0.18,0.96,"",19,18.3,626,32.9,650,34.3,656,34.6,12528665,27.3,556955,38.0,5901,51.1,-92,-4.9
"13121","5","3321","76","0","2023","4","",6,528,527,526,9412004,441722,1405,1374,"",0.47,0.97,0.96,0.95,0.74,1.15,0.27,0.77,"N",2,50.0,0,0,0,0,0,0,0,0,0,0,0,0,0,0
"13121","5","33211","77","0","2023","4","",6,528,527,526,9412004,441722,1405,1374,"",0.47,0.97,0.96,0.95,0.74,1.15,0.27,0.77,"N",2,50.0,0,0,0,0,0,0,0,0,0,0,0,0,0,0
"13121","5","332111","78","0","2023","4","N",2,0,0,0,0,0,0,0,"N",0.69,0,0,0,0,0,0,0,"N",0,0.0,0,0,0,0,0,0,0,0,0,0,0,0,0,0
"13121","5","332112","78","0","2023","4","N",1,0,0,0,0,0,0,0,"N",1.96,0,0,0,0,0,0,0,"N",1,100.0,0,0,0,0,0,0,0,0,0,0,0,0,0,0
"13121","5","332119","78","0","2023","4","N",3,0,0,0,0,0,0,0,"N",0.43,0,0,0,0,0,0,0,"N",1,50.0,0,0,0,0,0,0,0,0,0,0,0,0,0,0
"13121","5","3322","76","0","2023","4","",4,30,31,30,740202,5693,41,1877,"",0.50,0.14,0.15,0.14,0.14,0.03,0.02,1.01,"N",2,100.0,0,0,0,0,0,0,0,0,0,0,0,0,0,0
"13121","5","33221","77","0","2023","4","",4,30,31,30,740202,5693,41,1877,"",0.50,0.14,0.15,0.14,0.14,0.03,0.02,1.01,"N",2,100.0,0,0,0,0,0,0,0,0,0,0,0,0,0,0
"13121","5","332215","78","0","2023","4","N",1,0,0,0,0,0,0,0,"N",0.48,0,0,0,0,0,0,0,"N",1,100.0,0,0,0,0,0,0,0,0,0,0,0,0,0,0
"13121","5","332216","78","0","2023","4","N",3,0,0,0,0,0,0,0,"N",0.51,0,0,0,0,0,0,0,"N",1,50.0,0,0,0,0,0,0,0,0,0,0,0,0,0,0
"13121","5","3323","76","0","2023","4","",41,415,419,435,8325120,530053,7667,1514,"",0.44,0.17,0.17,0.17,0.14,0.20,0.23,0.81,"",10,32.3,71,20.6,80,23.6,94,27.6,1552653,22.9,184591,53.4,5069,195.1,-12,-0.8
"13121","5","33231","77","0","2023","4","",10,50,53,64,1053129,181021,4908,1455,"",0.25,0.05,0.05,0.06,0.04,0.16,0.34,0.72,"",5,100.0,32,177.8,36,211.8,47,276.5,534741,103.2,160369,776.5,4491,1077.0,-846,-36.8
"13121","5","332311","78","0","2023","4","N",1,0,0,0,0,0,0,0,"N",0.12,0,0,0,0,0,0,0,"N",1,100.0,0,0,0,0,0,0,0,0,0,0,0,0,0,0
"13121","5","332312","78","0","2023","4","N",9,0,0,0,0,0,0,0,"N",0.41,0,0,0,0,0,0,0,"N",4,80.0,0,0,0,0,0,0,0,0,0,0,0,0,0,0
"13121","5","33232","77","0","2023","4","",31,365,366,371,7271991,349032,2759,1523,"",0.59,0.27,0.26,0.27,0.23,0.24,0.15,0.87,"",5,19.2,39,12.0,44,13.7,47,14.5,1017912,16.3,24222,7.5,578,26.5,38,2.6
"13121","5","332321","78","0","2023","4","",6,27,28,28,1216754,48890,558,3383,"",0.70,0.07,0.07,0.07,0.13,0.14,0.13,2.02,"",1,20.0,-10,-27.0,-8,-22.2,-8,-22.2,-18765,-1.5,-19970,-29.0,157,39.2,767,29.3
"13121","5","332322","78","0","2023","4","",11,104,101,104,1493284,80263,752,1115,"",0.43,0.15,0.14,0.15,0.09,0.10,0.07,0.62,"",4,57.1,41,65.1,36,55.4,37,55.2,669064,81.2,26488,49.3,377,100.5,140,14.4
"13121","5","332323","78","0","2023","4","",14,234,237,239,4561953,219879,1449,1483,"",0.76,0.88,0.89,0.89,0.73,0.66,0.34,0.82,"",0,0.0,8,3.5,16,7.2,18,8.1,367613,8.8,17704,8.8,44,3.1,34,2.3
"13121","5","3324","76","0","2023","4","N",2,0,0,0,0,0,0,0,"N",0.17,0,0,0,0,0,0,0,"N",0,0.0,0,0,0,0,0,0,0,0,0,0,0,0,0,0
"13121","5","33243","77","0","2023","4","N",2,0,0,0,0,0,0,0,"N",0.50,0,0,0,0,0,0,0,"N",0,0.0,0,0,0,0,0,0,0,0,0,0,0,0,0,0
"13121","5","332431","78","0","2023","4","N",1,0,0,0,0,0,0,0,"N",0.73,0,0,0,0,0,0,0,"N",0,0.0,0,0,0,0,0,0,0,0,0,0,0,0,0,0
"13121","5","332439","78","0","2023","4","N",1,0,0,0,0,0,0,0,"N",0.38,0,0,0,0,0,0,0,"N",0,0.0,0,0,0,0,0,0,0,0,0,0,0,0,0,0
"13121","5","3325","76","0","2023","4","N",12,0,0,0,0,0,0,0,"N",2.46,0,0,0,0,0,0,0,"N",1,9.1,0,0,0,0,0,0,0,0,0,0,0,0,0,0
"13121","5","33251","77","0","2023","4","N",12,0,0,0,0,0,0,0,"N",2.46,0,0,0,0,0,0,0,"N",1,9.1,0,0,0,0,0,0,0,0,0,0,0,0,0,0
"13121","5","332510","78","0","2023","4","N",12,0,0,0,0,0,0,0,"N",2.46,0,0,0,0,0,0,0,"N",1,9.1,0,0,0,0,0,0,0,0,0,0,0,0,0,0
"13121","5","3326","76","0","2023","4","",5,49,51,48,713344,68772,876,1112,"",0.69,0.20,0.21,0.20,0.13,0.33,0.34,0.63,"",2,66.7,10,25.6,9,21.4,6,14.3,140352,24.5,6528,10.5,-51,-5.5,37,3.4
"13121","5","33261","77","0","2023","4","",5,49,51,48,713344,68772,876,1112,"",0.69,0.20,0.21,0.20,0.13,0.33,0.34,0.63,"",2,66.7,10,25.6,9,21.4,6,14.3,140352,24.5,6528,10.5,-51,-5.5,37,3.4
"13121","5","332618","78","0","2023","4","",5,49,51,48,713344,68772,876,1112,"",1.00,0.33,0.34,0.32,0.21,0.46,0.47,0.64,"",2,66.7,10,25.6,9,21.4,6,14.3,140352,24.5,6528,10.5,-51,-5.5,37,3.4
"13121","5","3327","76","0","2023","4","",12,51,53,55,924115,31126,319,1341,"",0.10,0.03,0.03,0.03,0.02,0.02,0.01,0.75,"",-3,-20.0,24,88.9,24,82.8,27,96.4,485364,110.6,9270,42.4,136,74.3,136,11.3
"13121","5","33271","77","0","2023","4","N",10,0,0,0,0,0,0,0,"N",0.09,0,0,0,0,0,0,0,"N",-5,-33.3,0,0,0,0,0,0,0,0,0,0,0,0,0,0
"13121","5","332710","78","0","2023","4","N",10,0,0,0,0,0,0,0,"N",0.09,0,0,0,0,0,0,0,"N",-5,-33.3,0,0,0,0,0,0,0,0,0,0,0,0,0,0
"13121","5","33272","77","0","2023","4","N",2,0,0,0,0,0,0,0,"N",0.16,0,0,0,0,0,0,0,"N",2,100.0,0,0,0,0,0,0,0,0,0,0,0,0,0,0
"13121","5","332721","78","0","2023","4","N",1,0,0,0,0,0,0,0,"N",0.12,0,0,0,0,0,0,0,"N",1,100.0,0,0,0,0,0,0,0,0,0,0,0,0,0,0
"13121","5","332722","78","0","2023","4","N",1,0,0,0,0,0,0,0,"N",0.23,0,0,0,0,0,0,0,"N",1,100.0,0,0,0,0,0,0,0,0,0,0,0,0,0,0
"13121","5","3328","76","0","2023","4","",15,690,694,692,15353222,407014,4754,1707,"",0.43,0.87,0.87,0.87,0.91,0.58,0.51,1.05,"",0,0.0,266,62.7,271,64.1,267,62.8,7190748,88.1,128004,45.9,1310,38.0,226,15.3
"13121","5","33281","77","0","2023","4","",15,690,694,692,15353222,407014,4754,1707,"",0.43,0.87,0.87,0.87,0.91,0.58,0.51,1.05,"",0,0.0,266,62.7,271,64.1,267,62.8,7190748,88.1,128004,45.9,1310,38.0,226,15.3
"13121","5","332811","78","0","2023","4","N",2,0,0,0,0,0,0,0,"N",0.52,0,0,0,0,0,0,0,"N",-1,-33.3,0,0,0,0,0,0,0,0,0,0,0,0,0,0
"13121","5","332812","78","0","2023","4","",8,387,390,391,7179926,350735,4452,1419,"",0.46,1.07,1.07,1.07,0.97,0.94,0.95,0.90,"N",1,14.3,0,0,0,0,0,0,0,0,0,0,0,0,0,0
"13121","5","332813","78","0","2023","4","N",5,0,0,0,0,0,0,0,"N",0.37,0,0,0,0,0,0,0,"N",0,0.0,0,0,0,0,0,0,0,0,0,0,0,0,0,0
"13121","5","3329","76","0","2023","4","",26,427,428,428,18044605,276145,1505,3246,"",0.52,0.25,0.25,0.25,0.41,0.22,0.09,1.64,"",5,23.8,-39,-8.4,-42,-8.9,-38,-8.2,-2098741,-10.4,-88209,-24.2,-1520,-50.2,-70,-2.1
"13121","5","33291","77","0","2023","4","",7,194,193,195,13432005,156889,206,5326,"",0.65,0.36,0.36,0.36,0.91,0.50,0.06,2.52,"",1,16.7,-21,-9.8,-22,-10.2,-24,-11.0,-2470930,-15.5,10346,7.1,-1948,-90.4,-329,-5.8
"13121","5","332911","78","0","2023","4","N",3,0,0,0,0,0,0,0,"N",0.74,0,0,0,0,0,0,0,"N",0,0.0,0,0,0,0,0,0,0,0,0,0,0,0,0,0
"13121","5","332912","78","0","2023","4","N",1,0,0,0,0,0,0,0,"N",0.30,0,0,0,0,0,0,0,"N",1,100.0,0,0,0,0,0,0,0,0,0,0,0,0,0,0
"13121","5","332913","78","0","2023","4","N",1,0,0,0,0,0,0,0,"N",0.66,0,0,0,0,0,0,0,"N",0,0.0,0,0,0,0,0,0,0,0,0,0,0,0,0,0
"13121","5","332919","78","0","2023","4","N",2,0,0,0,0,0,0,0,"N",1.05,0,0,0,0,0,0,0,"N",0,0.0,0,0,0,0,0,0,0,0,0,0,0,0,0,0
"13121","5","33299","77","0","2023","4","",19,233,235,233,4612600,119256,1299,1518,"",0.49,0.20,0.20,0.20,0.16,0.12,0.10,0.79,"",4,26.7,-18,-7.2,-20,-7.8,-14,-5.7,372189,8.8,-98555,-45.2,428,49.1,218,16.8
"13121","5","332991","78","0","2023","4","N",2,0,0,0,0,0,0,0,"N",1.40,0,0,0,0,0,0,0,"N",2,100.0,0,0,0,0,0,0,0,0,0,0,0,0,0,0
"13121","5","332994","78","0","2023","4","N",3,0,0,0,0,0,0,0,"N",0.64,0,0,0,0,0,0,0,"N",1,50.0,0,0,0,0,0,0,0,0,0,0,0,0,0,0
"13121","5","332996","78","0","2023","4","N",2,0,0,0,0,0,0,0,"N",0.37,0,0,0,0,0,0,0,"N",1,100.0,0,0,0,0,0,0,0,0,0,0,0,0,0,0
"13121","5","332999","78","0","2023","4","",12,186,186,183,3069443,98450,737,1276,"",0.46,0.37,0.37,0.36,0.26,0.21,0.13,0.71,"",0,0.0,-60,-24.4,-64,-25.6,-59,-24.4,-801533,-20.7,-118106,-54.5,-93,-11.2,66,5.5
"13121","5","333","75","0","2023","4","",71,1164,1173,1187,20888688,940245,16465,1368,"",0.37,0.17,0.17,0.17,0.11,0.18,0.26,0.63,"",21,42.0,133,12.9,151,14.8,161,15.7,4144852,24.8,313007,49.9,6157,59.7,113,9.0
"13121","5","3331","76","0","2023","4","N",9,0,0,0,0,0,0,0,"N",0.34,0,0,0,0,0,0,0,"N",7,350.0,0,0,0,0,0,0,0,0,0,0,0,0,0,0
"13121","5","33311","77","0","2023","4","N",4,0,0,0,0,0,0,0,"N",0.37,0,0,0,0,0,0,0,"N",3,300.0,0,0,0,0,0,0,0,0,0,0,0,0,0,0
"13121","5","333111","78","0","2023","4","N",2,0,0,0,0,0,0,0,"N",0.22,0,0,0,0,0,0,0,"N",2,100.0,0,0,0,0,0,0,0,0,0,0,0,0,0,0
"13121","5","333112","78","0","2023","4","N",2,0,0,0,0,0,0,0,"N",1.28,0,0,0,0,0,0,0,"N",1,100.0,0,0,0,0,0,0,0,0,0,0,0,0,0,0
"13121","5","33312","77","0","2023","4","",4,16,17,16,220695,160184,4325,1039,"",0.63,0.04,0.04,0.03,0.02,0.38,0.93,0.48,"N",3,300.0,0,0,0,0,0,0,0,0,0,0,0,0,0,0
"13121","5","333120","78","0","2023","4","",4,16,17,16,220695,160184,4325,1039,"",0.63,0.04,0.04,0.03,0.02,0.38,0.93,0.48,"N",3,300.0,0,0,0,0,0,0,0,0,0,0,0,0,0,0
"13121","5","33313","77","0","2023","4","N",1,0,0,0,0,0,0,0,"N",0.11,0,0,0,0,0,0,0,"N",1,100.0,0,0,0,0,0,0,0,0,0,0,0,0,0,0
"13121","5","333131","78","0","2023","4","N",1,0,0,0,0,0,0,0,"N",0.50,0,0,0,0,0,0,0,"N",1,100.0,0,0,0,0,0,0,0,0,0,0,0,0,0,0
"13121","5","3332","76","0","2023","4","N",8,0,0,0,0,0,0,0,"N",0.26,0,0,0,0,0,0,0,"N",1,14.3,0,0,0,0,0,0,0,0,0,0,0,0,0,0
"13121","5","33324","77","0","2023","4","N",8,0,0,0,0,0,0,0,"N",0.26,0,0,0,0,0,0,0,"N",1,14.3,0,0,0,0,0,0,0,0,0,0,0,0,0,0
"13121","5","333241","78","0","2023","4","N",1,0,0,0,0,0,0,0,"N",0.19,0,0,0,0,0,0,0,"N",0,0.0,0,0,0,0,0,0,0,0,0,0,0,0,0,0
"13121","5","333242","78","0","2023","4","N",1,0,0,0,0,0,0,0,"N",0.46,0,0,0,0,0,0,0,"N",1,100.0,0,0,0,0,0,0,0,0,0,0,0,0,0,0
"13121","5","333243","78","0","2023","4","N",1,0,0,0,0,0,0,0,"N",0.32,0,0,0,0,0,0,0,"N",0,0.0,0,0,0,0,0,0,0,0,0,0,0,0,0,0
"13121","5","333248","78","0","2023","4","N",5,0,0,0,0,0,0,0,"N",0.25,0,0,0,0,0,0,0,"N",0,0.0,0,0,0,0,0,0,0,0,0,0,0,0,0,0
"13121","5","3333","76","0","2023","4","",12,84,82,83,1854531,75930,724,1719,"",0.68,0.16,0.15,0.15,0.12,0.19,0.15,0.77,"",0,0.0,29,52.7,23,39.0,22,36.1,482720,35.2,16820,28.5,185,34.3,-90,-5.0
"13121","5","33331","77","0","2023","4","",12,84,82,83,1854531,75930,724,1719,"",0.68,0.16,0.15,0.15,0.12,0.19,0.15,0.77,"",0,0.0,29,52.7,23,39.0,22,36.1,482720,35.2,16820,28.5,185,34.3,-90,-5.0
"13121","5","333310","78","0","2023","4","",12,84,82,83,1854531,75930,724,1719,"",0.68,0.16,0.15,0.15,0.12,0.19,0.15,0.77,"",0,0.0,29,52.7,23,39.0,22,36.1,482720,35.2,16820,28.5,185,34.3,-90,-5.0
"13121","5","3334","76","0","2023","4","N",10,0,0,0,0,0,0,0,"N",0.62,0,0,0,0,0,0,0,"N",5,100.0,0,0,0,0,0,0,0,0,0,0,0,0,0,0
"13121","5","33341","77","0","2023","4","N",10,0,0,0,0,0,0,0,"N",0.62,0,0,0,0,0,0,0,"N",5,100.0,0,0,0,0,0,0,0,0,0,0,0,0,0,0
"13121","5","333415","78","0","2023","4","N",10,0,0,0,0,0,0,0,"N",1.20,0,0,0,0,0,0,0,"N",5,100.0,0,0,0,0,0,0,0,0,0,0,0,0,0,0
"13121","5","3335","76","0","2023","4","",8,47,49,44,877764,33065,174,1447,"",0.18,0.05,0.05,0.04,0.04,0.05,0.02,0.76,"",2,33.3,0,0.0,2,4.3,-2,-4.3,66341,8.2,-22202,-40.2,152,690.9,109,8.1
"13121","5","33351","77","0","2023","4","",8,47,49,44,877764,33065,174,1447,"",0.18,0.05,0.05,0.04,0.04,0.05,0.02,0.76,"",2,33.3,0,0.0,2,4.3,-2,-4.3,66341,8.2,-22202,-40.2,152,690.9,109,8.1
"13121","5","333511","78","0","2023","4","N",1,0,0,0,0,0,0,0,"N",0.12,0,0,0,0,0,0,0,"N",-1,-50.0,0,0,0,0,0,0,0,0,0,0,0,0,0,0
"13121","5","333514","78","0","2023","4","N",1,0,0,0,0,0,0,0,"N",0.07,0,0,0,0,0,0,0,"N",0,0.0,0,0,0,0,0,0,0,0,0,0,0,0,0,0
"13121","5","333515","78","0","2023","4","N",1,0,0,0,0,0,0,0,"N",0.16,0,0,0,0,0,0,0,"N",1,100.0,0,0,0,0,0,0,0,0,0,0,0,0,0,0
"13121","5","333517","78","0","2023","4","N",4,0,0,0,0,0,0,0,"N",0.34,0,0,0,0,0,0,0,"N",2,100.0,0,0,0,0,0,0,0,0,0,0,0,0,0,0
"13121","5","333519","78","0","2023","4","N",1,0,0,0,0,0,0,0,"N",0.45,0,0,0,0,0,0,0,"N",0,0.0,0,0,0,0,0,0,0,0,0,0,0,0,0,0
"13121","5","3336","76","0","2023","4","N",4,0,0,0,0,0,0,0,"N",0.49,0,0,0,0,0,0,0,"N",1,33.3,0,0,0,0,0,0,0,0,0,0,0,0,0,0
"13121","5","33361","77","0","2023","4","N",4,0,0,0,0,0,0,0,"N",0.49,0,0,0,0,0,0,0,"N",1,33.3,0,0,0,0,0,0,0,0,0,0,0,0,0,0
"13121","5","333611","78","0","2023","4","N",4,0,0,0,0,0,0,0,"N",1.62,0,0,0,0,0,0,0,"N",1,33.3,0,0,0,0,0,0,0,0,0,0,0,0,0,0
"13121","5","3339","76","0","2023","4","",20,205,203,204,4361575,163089,2881,1645,"",0.41,0.12,0.12,0.12,0.09,0.12,0.18,0.78,"",5,33.3,109,113.5,108,113.7,106,108.2,2489433,133.0,90959,126.1,1658,135.6,150,10.0
"13121","5","33392","77","0","2023","4","",5,40,39,38,1010936,30906,360,1994,"",0.39,0.07,0.07,0.06,0.07,0.06,0.05,0.98,"N",3,150.0,0,0,0,0,0,0,0,0,0,0,0,0,0,0
"13121","5","333921","78","0","2023","4","N",1,0,0,0,0,0,0,0,"N",0.63,0,0,0,0,0,0,0,"N",0,0.0,0,0,0,0,0,0,0,0,0,0,0,0,0,0
"13121","5","333922","78","0","2023","4","N",1,0,0,0,0,0,0,0,"N",0.16,0,0,0,0,0,0,0,"N",1,100.0,0,0,0,0,0,0,0,0,0,0,0,0,0,0
"13121","5","333923","78","0","2023","4","N",1,0,0,0,0,0,0,0,"N",0.37,0,0,0,0,0,0,0,"N",0,0.0,0,0,0,0,0,0,0,0,0,0,0,0,0,0
"13121","5","333924","78","0","2023","4","N",2,0,0,0,0,0,0,0,"N",0.79,0,0,0,0,0,0,0,"N",2,100.0,0,0,0,0,0,0,0,0,0,0,0,0,0,0
"13121","5","33399","77","0","2023","4","",15,165,164,166,3350639,132183,2521,1562,"",0.52,0.19,0.19,0.19,0.14,0.22,0.35,0.74,"N",2,15.4,0,0,0,0,0,0,0,0,0,0,0,0,0,0
"13121","5","333992","78","0","2023","4","N",1,0,0,0,0,0,0,0,"N",0.22,0,0,0,0,0,0,0,"N",0,0.0,0,0,0,0,0,0,0,0,0,0,0,0,0,0
"13121","5","333993","78","0","2023","4","N",3,0,0,0,0,0,0,0,"N",0.57,0,0,0,0,0,0,0,"N",1,50.0,0,0,0,0,0,0,0,0,0,0,0,0,0,0
"13121","5","333994","78","0","2023","4","",4,18,18,21,547849,29784,797,2218,"",1.92,0.31,0.31,0.36,0.34,0.77,1.43,1.04,"",1,33.3,7,63.6,8,80.0,10,90.9,123368,29.1,21234,248.4,794,26466.7,-843,-27.5
"13121","5","333995","78","0","2023","4","N",1,0,0,0,0,0,0,0,"N",0.46,0,0,0,0,0,0,0,"N",0,0.0,0,0,0,0,0,0,0,0,0,0,0,0,0,0
"13121","5","333998","78","0","2023","4","",6,82,80,79,1260167,45138,27,1207,"",0.52,0.29,0.28,0.28,0.17,0.22,0.01,0.59,"",0,0.0,14,20.6,13,19.4,11,16.2,146904,13.2,11512,34.2,-403,-93.7,-59,-4.7
"13121","5","334","75","0","2023","4","",115,1320,1330,1346,40747901,574569,8402,2353,"",0.80,0.20,0.20,0.20,0.11,0.14,0.19,0.57,"",4,3.6,-527,-28.5,-528,-28.4,-525,-28.1,-12062822,-22.8,-302508,-34.5,-1282,-13.2,167,7.6
"13121","5","3341","76","0","2023","4","",15,636,642,647,21319854,278257,5342,2556,"",1.11,0.65,0.65,0.66,0.19,0.92,1.40,0.29,"",0,0.0,86,15.6,82,14.6,83,14.7,4778995,28.9,-37982,-12.0,580,12.2,276,12.1
"13121","5","33411","77","0","2023","4","",15,636,642,647,21319854,278257,5342,2556,"",1.11,0.65,0.65,0.66,0.19,0.92,1.40,0.29,"",0,0.0,86,15.6,82,14.6,83,14.7,4778995,28.9,-37982,-12.0,580,12.2,276,12.1
"13121","5","334111","78","0","2023","4","",5,22,23,24,634611,17074,78,2122,"",0.84,0.03,0.03,0.03,0.01,0.11,0.03,0.20,"N",-1,-16.7,0,0,0,0,0,0,0,0,0,0,0,0,0,0
"13121","5","334112","78","0","2023","4","N",1,0,0,0,0,0,0,0,"N",0.65,0,0,0,0,0,0,0,"N",0,0.0,0,0,0,0,0,0,0,0,0,0,0,0,0,0
"13121","5","334118","78","0","2023","4","N",9,0,0,0,0,0,0,0,"N",1.49,0,0,0,0,0,0,0,"N",1,12.5,0,0,0,0,0,0,0,0,0,0,0,0,0,0
"13121","5","3342","76","0","2023","4","",20,73,75,76,2520332,34957,447,2596,"",1.24,0.14,0.15,0.15,0.12,0.13,0.12,0.83,"",4,25.0,45,160.7,48,177.8,49,181.5,1778987,240.0,20393,140.0,307,219.3,510,24.4
"13121","5","33421","77","0","2023","4","N",2,0,0,0,0,0,0,0,"N",0.78,0,0,0,0,0,0,0,"N",1,100.0,0,0,0,0,0,0,0,0,0,0,0,0,0,0
"13121","5","334210","78","0","2023","4","N",2,0,0,0,0,0,0,0,"N",0.78,0,0,0,0,0,0,0,"N",1,100.0,0,0,0,0,0,0,0,0,0,0,0,0,0,0
"13121","5","33422","77","0","2023","4","",12,20,20,20,609818,745,7,2345,"",1.34,0.06,0.06,0.06,0.05,0.01,0.00,0.76,"",-1,-7.7,-3,-13.0,-2,-9.1,-2,-9.1,-11672,-1.9,-9204,-92.5,-81,-92.0,204,9.5
"13121","5","334220","78","0","2023","4","",12,20,20,20,609818,745,7,2345,"",1.34,0.06,0.06,0.06,0.05,0.01,0.00,0.76,"",-1,-7.7,-3,-13.0,-2,-9.1,-2,-9.1,-11672,-1.9,-9204,-92.5,-81,-92.0,204,9.5
"13121","5","33429","77","0","2023","4","N",6,0,0,0,0,0,0,0,"N",1.30,0,0,0,0,0,0,0,"N",4,200.0,0,0,0,0,0,0,0,0,0,0,0,0,0,0
"13121","5","334290","78","0","2023","4","N",6,0,0,0,0,0,0,0,"N",1.30,0,0,0,0,0,0,0,"N",4,200.0,0,0,0,0,0,0,0,0,0,0,0,0,0,0
"13121","5","3343","76","0","2023","4","N",5,0,0,0,0,0,0,0,"N",0.83,0,0,0,0,0,0,0,"N",2,66.7,0,0,0,0,0,0,0,0,0,0,0,0,0,0
"13121","5","33431","77","0","2023","4","N",5,0,0,0,0,0,0,0,"N",0.83,0,0,0,0,0,0,0,"N",2,66.7,0,0,0,0,0,0,0,0,0,0,0,0,0,0
"13121","5","334310","78","0","2023","4","N",5,0,0,0,0,0,0,0,"N",0.83,0,0,0,0,0,0,0,"N",2,66.7,0,0,0,0,0,0,0,0,0,0,0,0,0,0
"13121","5","3344","76","0","2023","4","N",16,0,0,0,0,0,0,0,"N",0.41,0,0,0,0,0,0,0,"N",4,33.3,0,0,0,0,0,0,0,0,0,0,0,0,0,0
"13121","5","33441","77","0","2023","4","N",16,0,0,0,0,0,0,0,"N",0.41,0,0,0,0,0,0,0,"N",4,33.3,0,0,0,0,0,0,0,0,0,0,0,0,0,0
"13121","5","334413","78","0","2023","4","",11,15,15,15,370774,12851,192,1901,"",0.79,0.01,0.01,0.01,0.00,0.02,0.02,0.36,"",3,37.5,4,36.4,3,25.0,4,36.4,235045,173.2,11931,1296.8,192,100.0,980,106.4
"13121","5","334418","78","0","2023","4","N",1,0,0,0,0,0,0,0,"N",0.14,0,0,0,0,0,0,0,"N",-1,-50.0,0,0,0,0,0,0,0,0,0,0,0,0,0,0
"13121","5","334419","78","0","2023","4","N",4,0,0,0,0,0,0,0,"N",0.38,0,0,0,0,0,0,0,"N",2,100.0,0,0,0,0,0,0,0,0,0,0,0,0,0,0
"13121","5","3345","76","0","2023","4","",40,535,534,545,14164608,176751,1244,2025,"",0.66,0.21,0.21,0.21,0.15,0.11,0.08,0.69,"",1,2.6,-650,-54.9,-653,-55.0,-653,-54.5,-18587992,-56.8,-288794,-62.0,-2789,-69.2,-92,-4.3
"13121","5","33451","77","0","2023","4","",40,535,534,545,14164608,176751,1244,2025,"",0.66,0.21,0.21,0.21,0.15,0.11,0.08,0.69,"",1,2.6,-650,-54.9,-653,-55.0,-653,-54.5,-18587992,-56.8,-288794,-62.0,-2789,-69.2,-92,-4.3
"13121","5","334510","78","0","2023","4","",13,249,248,246,5727757,51327,255,1779,"",1.05,0.55,0.54,0.54,0.34,0.14,0.07,0.62,"",4,44.4,16,6.9,15,6.4,8,3.4,1080337,23.2,-112374,-68.6,91,55.5,256,16.8
"13121","5","334511","78","0","2023","4","",6,130,129,142,3402380,78303,740,1958,"",0.82,0.18,0.17,0.19,0.11,0.24,0.22,0.64,"",1,20.0,0,0.0,-2,-1.5,5,3.6,139024,4.3,13125,20.1,-233,-23.9,66,3.5
"13121","5","334512","78","0","2023","4","-",0,0,0,0,0,0,0,0,"N",0.00,0,0,0,0,0,0,0,"N",-1,-100.0,0,0,0,0,0,0,0,0,0,0,0,0,0,0
"13121","5","334513","78","0","2023","4","",9,51,51,51,1092576,11127,14,1648,"",0.74,0.15,0.15,0.15,0.11,0.04,0.00,0.73,"",0,0.0,6,13.3,6,13.3,3,6.2,151053,16.0,-15464,-58.2,-144,-91.1,74,4.7
"13121","5","334515","78","0","2023","4","N",5,0,0,0,0,0,0,0,"N",0.69,0,0,0,0,0,0,0,"N",0,0.0,0,0,0,0,0,0,0,0,0,0,0,0,0,0
"13121","5","334516","78","0","2023","4","",4,47,49,49,1477009,24094,88,2351,"",0.55,0.17,0.18,0.18,0.15,0.18,0.06,0.86,"N",0,0.0,0,0,0,0,0,0,0,0,0,0,0,0,0,0
"13121","5","334517","78","0","2023","4","-",0,0,0,0,0,0,0,0,"N",0.00,0,0,0,0,0,0,0,"N",-3,-100.0,0,0,0,0,0,0,0,0,0,0,0,0,0,0
"13121","5","334519","78","0","2023","4","N",3,0,0,0,0,0,0,0,"N",0.37,0,0,0,0,0,0,0,"N",0,0.0,0,0,0,0,0,0,0,0,0,0,0,0,0,0
"13121","5","3346","76","0","2023","4","",19,34,37,37,1339061,51427,655,2861,"",2.13,0.51,0.57,0.57,0.49,1.17,0.95,0.89,"N",-7,-26.9,0,0,0,0,0,0,0,0,0,0,0,0,0,0
"13121","5","33461","77","0","2023","4","",19,34,37,37,1339061,51427,655,2861,"",2.13,0.51,0.57,0.57,0.49,1.17,0.95,0.89,"N",-7,-26.9,0,0,0,0,0,0,0,0,0,0,0,0,0,0
"13121","5","334610","78","0","2023","4","",19,34,37,37,1339061,51427,655,2861,"",2.13,0.51,0.57,0.57,0.49,1.17,0.95,0.89,"N",-7,-26.9,0,0,0,0,0,0,0,0,0,0,0,0,0,0
"13121","5","335","75","0","2023","4","",53,564,565,571,16499133,464731,4332,2240,"",0.92,0.22,0.22,0.22,0.24,0.22,0.17,1.07,"",19,55.9,133,30.9,132,30.5,134,30.7,5117130,45.0,248543,115.0,2268,109.9,221,10.9
"13121","5","3351","76","0","2023","4","N",9,0,0,0,0,0,0,0,"N",0.82,0,0,0,0,0,0,0,"N",2,28.6,0,0,0,0,0,0,0,0,0,0,0,0,0,0
"13121","5","33513","77","0","2023","4","N",9,0,0,0,0,0,0,0,"N",0.82,0,0,0,0,0,0,0,"N",2,28.6,0,0,0,0,0,0,0,0,0,0,0,0,0,0
"13121","5","335132","78","0","2023","4","N",7,0,0,0,0,0,0,0,"N",1.44,0,0,0,0,0,0,0,"N",1,16.7,0,0,0,0,0,0,0,0,0,0,0,0,0,0
"13121","5","335139","78","0","2023","4","N",2,0,0,0,0,0,0,0,"N",0.58,0,0,0,0,0,0,0,"N",2,100.0,0,0,0,0,0,0,0,0,0,0,0,0,0,0
"13121","5","3352","76","0","2023","4","N",3,0,0,0,0,0,0,0,"N",0.73,0,0,0,0,0,0,0,"N",1,50.0,0,0,0,0,0,0,0,0,0,0,0,0,0,0
"13121","5","33521","77","0","2023","4","N",2,0,0,0,0,0,0,0,"N",0.88,0,0,0,0,0,0,0,"N",1,100.0,0,0,0,0,0,0,0,0,0,0,0,0,0,0
"13121","5","335210","78","0","2023","4","N",2,0,0,0,0,0,0,0,"N",0.88,0,0,0,0,0,0,0,"N",1,100.0,0,0,0,0,0,0,0,0,0,0,0,0,0,0
"13121","5","33522","77","0","2023","4","N",1,0,0,0,0,0,0,0,"N",0.55,0,0,0,0,0,0,0,"N",0,0.0,0,0,0,0,0,0,0,0,0,0,0,0,0,0
"13121","5","335220","78","0","2023","4","N",1,0,0,0,0,0,0,0,"N",0.55,0,0,0,0,0,0,0,"N",0,0.0,0,0,0,0,0,0,0,0,0,0,0,0,0,0
"13121","5","3353","76","0","2023","4","",18,325,324,331,7271137,205960,1179,1712,"",1.02,0.36,0.35,0.36,0.27,0.26,0.16,0.77,"",3,20.0,-26,-7.4,-29,-8.2,-23,-6.5,-2103658,-22.4,45164,28.1,41,3.6,-333,-16.3
"13121","5","33531","77","0","2023","4","",18,325,324,331,7271137,205960,1179,1712,"",1.02,0.36,0.35,0.36,0.27,0.26,0.16,0.77,"",3,20.0,-26,-7.4,-29,-8.2,-23,-6.5,-2103658,-22.4,45164,28.1,41,3.6,-333,-16.3
"13121","5","335311","78","0","2023","4","",9,19,17,17,964571,16189,256,4200,"",2.59,0.10,0.09,0.09,0.18,0.08,0.14,2.03,"N",1,12.5,0,0,0,0,0,0,0,0,0,0,0,0,0,0
"13121","5","335312","78","0","2023","4","N",1,0,0,0,0,0,0,0,"N",0.23,0,0,0,0,0,0,0,"N",0,0.0,0,0,0,0,0,0,0,0,0,0,0,0,0,0
"13121","5","335313","78","0","2023","4","N",4,0,0,0,0,0,0,0,"N",0.89,0,0,0,0,0,0,0,"N",0,0.0,0,0,0,0,0,0,0,0,0,0,0,0,0,0
"13121","5","335314","78","0","2023","4","",4,133,131,133,2181046,62556,325,1268,"",0.76,0.51,0.50,0.50,0.25,0.26,0.16,0.50,"N",2,100.0,0,0,0,0,0,0,0,0,0,0,0,0,0,0
"13121","5","3359","76","0","2023","4","N",23,0,0,0,0,0,0,0,"N",0.91,0,0,0,0,0,0,0,"N",13,130.0,0,0,0,0,0,0,0,0,0,0,0,0,0,0
"13121","5","33591","77","0","2023","4","",4,40,40,43,1117527,37786,367,2097,"",0.92,0.13,0.12,0.13,0.12,0.09,0.05,0.97,"",1,33.3,6,17.6,5,14.3,4,10.3,159544,16.7,3376,9.8,-150,-29.0,50,2.4
"13121","5","335910","78","0","2023","4","",4,40,40,43,1117527,37786,367,2097,"",0.92,0.13,0.12,0.13,0.12,0.09,0.05,0.97,"",1,33.3,6,17.6,5,14.3,4,10.3,159544,16.7,3376,9.8,-150,-29.0,50,2.4
"13121","5","33592","77","0","2023","4","N",2,0,0,0,0,0,0,0,"N",0.61,0,0,0,0,0,0,0,"N",0,0.0,0,0,0,0,0,0,0,0,0,0,0,0,0,0
"13121","5","335921","78","0","2023","4","N",2,0,0,0,0,0,0,0,"N",1.28,0,0,0,0,0,0,0,"N",0,0.0,0,0,0,0,0,0,0,0,0,0,0,0,0,0
"13121","5","33593","77","0","2023","4","N",1,0,0,0,0,0,0,0,"N",0.23,0,0,0,0,0,0,0,"N",0,0.0,0,0,0,0,0,0,0,0,0,0,0,0,0,0
"13121","5","335931","78","0","2023","4","N",1,0,0,0,0,0,0,0,"N",0.31,0,0,0,0,0,0,0,"N",0,0.0,0,0,0,0,0,0,0,0,0,0,0,0,0,0
"13121","5","33599","77","0","2023","4","N",16,0,0,0,0,0,0,0,"N",1.22,0,0,0,0,0,0,0,"N",12,300.0,0,0,0,0,0,0,0,0,0,0,0,0,0,0
"13121","5","335999","78","0","2023","4","N",16,0,0,0,0,0,0,0,"N",1.37,0,0,0,0,0,0,0,"N",12,300.0,0,0,0,0,0,0,0,0,0,0,0,0,0,0
"13121","5","336","75","0","2023","4","",49,1317,1310,1295,66307714,609535,17294,3902,"",0.48,0.12,0.12,0.12,0.21,0.08,0.16,1.73,"",5,11.4,-68,-4.9,-92,-6.6,-87,-6.3,1238002,1.9,-736578,-54.7,-6497,-27.3,300,8.3
"13121","5","3361","76","0","2023","4","N",4,0,0,0,0,0,0,0,"N",0.82,0,0,0,0,0,0,0,"N",-2,-33.3,0,0,0,0,0,0,0,0,0,0,0,0,0,0
"13121","5","33611","77","0","2023","4","N",3,0,0,0,0,0,0,0,"N",0.90,0,0,0,0,0,0,0,"N",-3,-50.0,0,0,0,0,0,0,0,0,0,0,0,0,0,0
"13121","5","336110","78","0","2023","4","N",3,0,0,0,0,0,0,0,"N",0.90,0,0,0,0,0,0,0,"N",-3,-50.0,0,0,0,0,0,0,0,0,0,0,0,0,0,0
"13121","5","33612","77","0","2023","4","N",1,0,0,0,0,0,0,0,"N",0.64,0,0,0,0,0,0,0,"N",1,100.0,0,0,0,0,0,0,0,0,0,0,0,0,0,0
"13121","5","336120","78","0","2023","4","N",1,0,0,0,0,0,0,0,"N",0.64,0,0,0,0,0,0,0,"N",1,100.0,0,0,0,0,0,0,0,0,0,0,0,0,0,0
"13121","5","3362","76","0","2023","4","N",4,0,0,0,0,0,0,0,"N",0.27,0,0,0,0,0,0,0,"N",0,0.0,0,0,0,0,0,0,0,0,0,0,0,0,0,0
"13121","5","33621","77","0","2023","4","N",4,0,0,0,0,0,0,0,"N",0.27,0,0,0,0,0,0,0,"N",0,0.0,0,0,0,0,0,0,0,0,0,0,0,0,0,0
"13121","5","336211","78","0","2023","4","N",2,0,0,0,0,0,0,0,"N",0.39,0,0,0,0,0,0,0,"N",0,0.0,0,0,0,0,0,0,0,0,0,0,0,0,0,0
"13121","5","336214","78","0","2023","4","N",2,0,0,0,0,0,0,0,"N",0.39,0,0,0,0,0,0,0,"N",0,0.0,0,0,0,0,0,0,0,0,0,0,0,0,0,0
"13121","5","3363","76","0","2023","4","N",16,0,0,0,0,0,0,0,"N",0.44,0,0,0,0,0,0,0,"N",0,0.0,0,0,0,0,0,0,0,0,0,0,0,0,0,0
"13121","5","33631","77","0","2023","4","N",2,0,0,0,0,0,0,0,"N",0.39,0,0,0,0,0,0,0,"N",0,0.0,0,0,0,0,0,0,0,0,0,0,0,0,0,0
"13121","5","336310","78","0","2023","4","N",2,0,0,0,0,0,0,0,"N",0.39,0,0,0,0,0,0,0,"N",0,0.0,0,0,0,0,0,0,0,0,0,0,0,0,0,0
"13121","5","33632","77","0","2023","4","N",2,0,0,0,0,0,0,0,"N",0.34,0,0,0,0,0,0,0,"N",-1,-33.3,0,0,0,0,0,0,0,0,0,0,0,0,0,0
"13121","5","336320","78","0","2023","4","N",2,0,0,0,0,0,0,0,"N",0.34,0,0,0,0,0,0,0,"N",-1,-33.3,0,0,0,0,0,0,0,0,0,0,0,0,0,0
"13121","5","33633","77","0","2023","4","N",1,0,0,0,0,0,0,0,"N",0.54,0,0,0,0,0,0,0,"N",0,0.0,0,0,0,0,0,0,0,0,0,0,0,0,0,0
"13121","5","336330","78","0","2023","4","N",1,0,0,0,0,0,0,0,"N",0.54,0,0,0,0,0,0,0,"N",0,0.0,0,0,0,0,0,0,0,0,0,0,0,0,0,0
"13121","5","33635","77","0","2023","4","N",3,0,0,0,0,0,0,0,"N",0.84,0,0,0,0,0,0,0,"N",0,0.0,0,0,0,0,0,0,0,0,0,0,0,0,0,0
"13121","5","336350","78","0","2023","4","N",3,0,0,0,0,0,0,0,"N",0.84,0,0,0,0,0,0,0,"N",0,0.0,0,0,0,0,0,0,0,0,0,0,0,0,0,0
"13121","5","33636","77","0","2023","4","",3,4,3,3,88504,4155,84,2042,"",0.83,0.01,0.01,0.01,0.01,0.01,0.01,1.29,"N",1,50.0,0,0,0,0,0,0,0,0,0,0,0,0,0,0
"13121","5","336360","78","0","2023","4","",3,4,3,3,88504,4155,84,2042,"",0.83,0.01,0.01,0.01,0.01,0.01,0.01,1.29,"N",1,50.0,0,0,0,0,0,0,0,0,0,0,0,0,0,0
"13121","5","33637","77","0","2023","4","N",4,0,0,0,0,0,0,0,"N",1.20,0,0,0,0,0,0,0,"N",1,33.3,0,0,0,0,0,0,0,0,0,0,0,0,0,0
"13121","5","336370","78","0","2023","4","N",4,0,0,0,0,0,0,0,"N",1.20,0,0,0,0,0,0,0,"N",1,33.3,0,0,0,0,0,0,0,0,0,0,0,0,0,0
"13121","5","33639","77","0","2023","4","N",1,0,0,0,0,0,0,0,"N",0.09,0,0,0,0,0,0,0,"N",0,0.0,0,0,0,0,0,0,0,0,0,0,0,0,0,0
"13121","5","336390","78","0","2023","4","N",1,0,0,0,0,0,0,0,"N",0.09,0,0,0,0,0,0,0,"N",0,0.0,0,0,0,0,0,0,0,0,0,0,0,0,0,0
"13121","5","3364","76","0","2023","4","",18,248,241,237,15645052,135944,2307,4973,"",0.73,0.07,0.07,0.07,0.12,0.05,0.07,1.67,"",2,12.5,38,18.1,21,9.5,16,7.2,2240711,16.7,-227428,-62.6,-6294,-73.2,221,4.7
"13121","5","33641","77","0","2023","4","",18,248,241,237,15645052,135944,2307,4973,"",0.73,0.07,0.07,0.07,0.12,0.05,0.07,1.67,"",2,12.5,38,18.1,21,9.5,16,7.2,2240711,16.7,-227428,-62.6,-6294,-73.2,221,4.7
"13121","5","336411","78","0","2023","4","",9,54,53,53,1852001,56370,606,2671,"",1.32,0.04,0.03,0.03,0.03,0.04,0.04,0.87,"",1,12.5,2,3.8,1,1.9,2,3.9,21237,1.2,-5094,-8.3,-307,-33.6,-55,-2.0
"13121","5","336412","78","0","2023","4","N",4,0,0,0,0,0,0,0,"N",0.79,0,0,0,0,0,0,0,"N",-1,-20.0,0,0,0,0,0,0,0,0,0,0,0,0,0,0
"13121","5","336413","78","0","2023","4","N",5,0,0,0,0,0,0,0,"N",0.48,0,0,0,0,0,0,0,"N",2,66.7,0,0,0,0,0,0,0,0,0,0,0,0,0,0
"13121","5","3365","76","0","2023","4","N",1,0,0,0,0,0,0,0,"N",0.45,0,0,0,0,0,0,0,"N",1,100.0,0,0,0,0,0,0,0,0,0,0,0,0,0,0
"13121","5","33651","77","0","2023","4","N",1,0,0,0,0,0,0,0,"N",0.45,0,0,0,0,0,0,0,"N",1,100.0,0,0,0,0,0,0,0,0,0,0,0,0,0,0
"13121","5","336510","78","0","2023","4","N",1,0,0,0,0,0,0,0,"N",0.45,0,0,0,0,0,0,0,"N",1,100.0,0,0,0,0,0,0,0,0,0,0,0,0,0,0
"13121","5","3366","76","0","2023","4","N",1,0,0,0,0,0,0,0,"N",0.08,0,0,0,0,0,0,0,"N",1,100.0,0,0,0,0,0,0,0,0,0,0,0,0,0,0
"13121","5","33661","77","0","2023","4","N",1,0,0,0,0,0,0,0,"N",0.08,0,0,0,0,0,0,0,"N",1,100.0,0,0,0,0,0,0,0,0,0,0,0,0,0,0
"13121","5","336611","78","0","2023","4","N",1,0,0,0,0,0,0,0,"N",0.17,0,0,0,0,0,0,0,"N",1,100.0,0,0,0,0,0,0,0,0,0,0,0,0,0,0
"13121","5","3369","76","0","2023","4","N",5,0,0,0,0,0,0,0,"N",0.61,0,0,0,0,0,0,0,"N",3,150.0,0,0,0,0,0,0,0,0,0,0,0,0,0,0
"13121","5","33699","77","0","2023","4","N",5,0,0,0,0,0,0,0,"N",0.61,0,0,0,0,0,0,0,"N",3,150.0,0,0,0,0,0,0,0,0,0,0,0,0,0,0
"13121","5","336999","78","0","2023","4","N",5,0,0,0,0,0,0,0,"N",1.19,0,0,0,0,0,0,0,"N",3,150.0,0,0,0,0,0,0,0,0,0,0,0,0,0,0
"13121","5","337","75","0","2023","4","",67,1232,1206,1177,21829290,780993,15348,1394,"",0.65,0.58,0.56,0.55,0.53,0.32,0.60,0.94,"",4,6.3,330,36.6,309,34.4,276,30.6,6193405,39.6,118586,17.9,3418,28.7,58,4.3
"13121","5","3371","76","0","2023","4","",32,296,292,295,5094408,187962,3064,1331,"",0.45,0.22,0.21,0.22,0.21,0.11,0.19,0.97,"",-2,-5.9,-14,-4.5,-13,-4.3,-5,-1.7,-408841,-7.4,-145691,-43.7,-2611,-46.0,-57,-4.1
"13121","5","33711","77","0","2023","4","",17,247,242,251,4324873,168667,2835,1349,"",0.38,0.35,0.34,0.35,0.34,0.17,0.29,0.99,"",1,6.2,28,12.8,15,6.6,23,10.1,246164,6.0,-69027,-29.0,-1966,-40.9,-47,-3.4
"13121","5","337110","78","0","2023","4","",17,247,242,251,4324873,168667,2835,1349,"",0.38,0.35,0.34,0.35,0.34,0.17,0.29,0.99,"",1,6.2,28,12.8,15,6.6,23,10.1,246164,6.0,-69027,-29.0,-1966,-40.9,-47,-3.4
"13121","5","33712","77","0","2023","4","",15,49,50,44,769535,19295,229,1242,"",0.56,0.08,0.08,0.07,0.07,0.03,0.04,0.91,"",-3,-16.7,-42,-46.2,-28,-35.9,-28,-38.9,-655005,-46.0,-76664,-79.9,-645,-73.8,-122,-8.9
"13121","5","337121","78","0","2023","4","N",2,0,0,0,0,0,0,0,"N",0.41,0,0,0,0,0,0,0,"N",-1,-33.3,0,0,0,0,0,0,0,0,0,0,0,0,0,0
"13121","5","337122","78","0","2023","4","N",4,0,0,0,0,0,0,0,"N",0.28,0,0,0,0,0,0,0,"N",-2,-33.3,0,0,0,0,0,0,0,0,0,0,0,0,0,0
"13121","5","337126","78","0","2023","4","",5,23,24,19,389976,12012,32,1364,"",1.46,0.41,0.42,0.34,0.35,0.30,0.06,0.89,"",0,0.0,-5,-17.9,-4,-14.3,-11,-36.7,-122502,-23.9,-25503,-68.0,-398,-92.6,-11,-0.8
"13121","5","337127","78","0","2023","4","N",4,0,0,0,0,0,0,0,"N",0.97,0,0,0,0,0,0,0,"N",0,0.0,0,0,0,0,0,0,0,0,0,0,0,0,0,0
"13121","5","3372","76","0","2023","4","",26,573,575,568,10514102,397625,5506,1414,"",1.04,0.96,0.96,0.95,0.78,0.70,0.73,0.81,"",3,13.0,63,12.4,60,11.7,43,8.2,1355508,14.8,86636,27.9,-535,-8.9,50,3.7
"13121","5","33721","77","0","2023","4","",26,573,575,568,10514102,397625,5506,1414,"",1.04,0.96,0.96,0.95,0.78,0.70,0.73,0.81,"",3,13.0,63,12.4,60,11.7,43,8.2,1355508,14.8,86636,27.9,-535,-8.9,50,3.7
"13121","5","337211","78","0","2023","4","N",1,0,0,0,0,0,0,0,"N",0.32,0,0,0,0,0,0,0,"N",-1,-50.0,0,0,0,0,0,0,0,0,0,0,0,0,0,0
"13121","5","337212","78","0","2023","4","",16,213,209,203,4050268,155227,3390,1495,"",1.39,1.33,1.30,1.26,1.10,0.89,1.29,0.85,"",3,23.1,55,34.8,52,33.1,40,24.5,1264003,45.4,17036,12.3,-189,-5.3,150,11.2
"13121","5","337214","78","0","2023","4","N",2,0,0,0,0,0,0,0,"N",0.75,0,0,0,0,0,0,0,"N",0,0.0,0,0,0,0,0,0,0,0,0,0,0,0,0,0
"13121","5","337215","78","0","2023","4","",7,159,162,174,2891733,178994,1778,1348,"",0.91,0.70,0.71,0.76,0.58,0.81,0.60,0.80,"",1,16.7,19,13.6,17,11.7,26,17.6,608277,26.6,63602,55.1,116,7.0,131,10.8
"13121","5","3379","76","0","2023","4","",9,363,339,314,6220780,195406,6778,1413,"",1.46,2.01,1.88,1.74,1.85,1.03,3.63,0.99,"",3,50.0,281,342.7,262,340.3,238,313.2,5246738,538.7,177641,999.9,6564,3067.3,456,47.6
"13121","5","33791","77","0","2023","4","N",6,0,0,0,0,0,0,0,"N",1.76,0,0,0,0,0,0,0,"N",2,50.0,0,0,0,0,0,0,0,0,0,0,0,0,0,0
"13121","5","337910","78","0","2023","4","N",6,0,0,0,0,0,0,0,"N",1.76,0,0,0,0,0,0,0,"N",2,50.0,0,0,0,0,0,0,0,0,0,0,0,0,0,0
"13121","5","33792","77","0","2023","4","N",3,0,0,0,0,0,0,0,"N",1.09,0,0,0,0,0,0,0,"N",1,50.0,0,0,0,0,0,0,0,0,0,0,0,0,0,0
"13121","5","337920","78","0","2023","4","N",3,0,0,0,0,0,0,0,"N",1.09,0,0,0,0,0,0,0,"N",1,50.0,0,0,0,0,0,0,0,0,0,0,0,0,0,0
"13121","5","339","75","0","2023","4","",194,2437,2432,2451,57531017,1190084,17053,1814,"",0.92,0.65,0.64,0.64,0.60,0.32,0.42,0.94,"",47,32.0,176,7.8,170,7.5,157,6.8,7219624,14.3,-545428,-31.4,-1312,-7.1,111,6.5
"13121","5","3391","76","0","2023","4","",87,1745,1740,1742,43271443,693272,9532,1910,"",1.09,0.88,0.87,0.87,0.78,0.40,0.54,0.90,"",25,40.3,123,7.6,113,6.9,103,6.3,5468885,14.5,-408399,-37.1,-646,-6.3,125,7.0
"13121","5","33911","77","0","2023","4","",87,1745,1740,1742,43271443,693272,9532,1910,"",1.09,0.88,0.87,0.87,0.78,0.40,0.54,0.90,"",25,40.3,123,7.6,113,6.9,103,6.3,5468885,14.5,-408399,-37.1,-646,-6.3,125,7.0
"13121","5","339112","78","0","2023","4","",39,571,573,576,19855602,361902,6285,2664,"",1.72,0.66,0.66,0.66,0.74,0.53,1.04,1.13,"",17,77.3,-93,-14.0,-93,-14.0,-89,-13.4,-92045,-0.5,-93693,-20.6,-703,-10.1,357,15.5
"13121","5","339113","78","0","2023","4","",17,69,70,75,1785640,106602,1658,1926,"",0.85,0.11,0.11,0.12,0.10,0.19,0.28,0.88,"",5,41.7,5,7.8,8,12.9,11,17.2,-205366,-10.3,72828,215.6,832,100.7,-492,-20.3
"13121","5","339114","78","0","2023","4","N",2,0,0,0,0,0,0,0,"N",0.41,0,0,0,0,0,0,0,"N",1,100.0,0,0,0,0,0,0,0,0,0,0,0,0,0,0
"13121","5","339115","78","0","2023","4","N",10,0,0,0,0,0,0,0,"N",2.68,0,0,0,0,0,0,0,"N",2,25.0,0,0,0,0,0,0,0,0,0,0,0,0,0,0
"13121","5","339116","78","0","2023","4","",19,49,47,46,819646,46628,445,1332,"",0.66,0.19,0.18,0.17,0.17,0.18,0.16,0.94,"",0,0.0,9,22.5,6,14.6,-2,-4.2,72426,9.7,2231,5.0,-114,-20.4,-5,-0.4
"13121","5","3399","76","0","2023","4","",107,692,692,709,14259574,496812,7521,1572,"",0.82,0.39,0.39,0.40,0.36,0.25,0.32,0.91,"",22,25.9,53,8.3,57,9.0,54,8.2,1750739,14.0,-137029,-21.6,-666,-8.1,76,5.1
"13121","5","33991","77","0","2023","4","",10,10,10,12,88645,29620,321,639,"",0.80,0.08,0.07,0.09,0.03,0.18,0.14,0.41,"",-3,-23.1,-8,-44.4,-8,-44.4,-5,-29.4,-57324,-39.3,-39362,-57.1,85,36.0,3,0.5
"13121","5","339910","78","0","2023","4","",10,10,10,12,88645,29620,321,639,"",0.80,0.08,0.07,0.09,0.03,0.18,0.14,0.41,"",-3,-23.1,-8,-44.4,-8,-44.4,-5,-29.4,-57324,-39.3,-39362,-57.1,85,36.0,3,0.5
"13121","5","33992","77","0","2023","4","N",3,0,0,0,0,0,0,0,"N",0.23,0,0,0,0,0,0,0,"N",0,0.0,0,0,0,0,0,0,0,0,0,0,0,0,0,0
"13121","5","339920","78","0","2023","4","N",3,0,0,0,0,0,0,0,"N",0.23,0,0,0,0,0,0,0,"N",0,0.0,0,0,0,0,0,0,0,0,0,0,0,0,0,0
"13121","5","33993","77","0","2023","4","N",2,0,0,0,0,0,0,0,"N",0.39,0,0,0,0,0,0,0,"N",-2,-50.0,0,0,0,0,0,0,0,0,0,0,0,0,0,0
"13121","5","339930","78","0","2023","4","N",2,0,0,0,0,0,0,0,"N",0.39,0,0,0,0,0,0,0,"N",-2,-50.0,0,0,0,0,0,0,0,0,0,0,0,0,0,0
"13121","5","33994","77","0","2023","4","N",1,0,0,0,0,0,0,0,"N",0.35,0,0,0,0,0,0,0,"N",0,0.0,0,0,0,0,0,0,0,0,0,0,0,0,0,0
"13121","5","339940","78","0","2023","4","N",1,0,0,0,0,0,0,0,"N",0.35,0,0,0,0,0,0,0,"N",0,0.0,0,0,0,0,0,0,0,0,0,0,0,0,0,0
"13121","5","33995","77","0","2023","4","",38,252,255,260,3660549,144981,1725,1101,"",0.89,0.54,0.54,0.55,0.37,0.28,0.29,0.67,"",2,5.6,11,4.6,11,4.5,12,4.8,103835,2.9,-143347,-49.7,-1995,-53.6,-19,-1.7
"13121","5","339950","78","0","2023","4","",38,252,255,260,3660549,144981,1725,1101,"",0.89,0.54,0.54,0.55,0.37,0.28,0.29,0.67,"",2,5.6,11,4.6,11,4.5,12,4.8,103835,2.9,-143347,-49.7,-1995,-53.6,-19,-1.7
"13121","5","33999","77","0","2023","4","",53,217,213,226,4544715,226465,4221,1599,"",0.97,0.28,0.27,0.29,0.26,0.29,0.43,0.92,"",25,89.3,64,41.8,63,42.0,49,27.7,1813102,66.4,1989,0.9,594,16.4,286,21.8
"13121","5","339991","78","0","2023","4","N",3,0,0,0,0,0,0,0,"N",0.68,0,0,0,0,0,0,0,"N",0,0.0,0,0,0,0,0,0,0,0,0,0,0,0,0,0
"13121","5","339992","78","0","2023","4","N",1,0,0,0,0,0,0,0,"N",0.24,0,0,0,0,0,0,0,"N",-1,-50.0,0,0,0,0,0,0,0,0,0,0,0,0,0,0
"13121","5","339993","78","0","2023","4","N",1,0,0,0,0,0,0,0,"N",0.91,0,0,0,0,0,0,0,"N",1,100.0,0,0,0,0,0,0,0,0,0,0,0,0,0,0
"13121","5","339994","78","0","2023","4","N",2,0,0,0,0,0,0,0,"N",1.69,0,0,0,0,0,0,0,"N",0,0.0,0,0,0,0,0,0,0,0,0,0,0,0,0,0
"13121","5","339999","78","0","2023","4","",46,170,168,179,2965835,216662,4174,1324,"",1.06,0.39,0.38,0.41,0.29,0.40,0.58,0.74,"",25,119.0,62,57.4,63,60.0,44,32.6,1474863,98.9,22410,11.5,668,19.1,335,33.9
"13121","5","42","74","0","2023","4","",2819,38637,38456,38602,1140689258,32416788,378524,2275,"",0.78,1.04,1.02,1.02,0.93,0.91,0.90,0.91,"",-27,-0.9,935,2.5,554,1.5,577,1.5,45180211,4.1,-66537,-0.2,9063,2.5,50,2.2
"13121","5","423","75","0","2023","4","",1293,20243,20284,20311,663884253,12670781,152840,2518,"",0.68,0.98,0.97,0.97,0.96,0.68,0.69,0.99,"",94,7.8,384,1.9,413,2.1,354,1.8,56752604,9.3,-437083,-3.3,6062,4.1,171,7.3
"13121","5","4231","76","0","2023","4","",118,3088,3106,3139,83205995,1650454,20242,2057,"",0.77,1.36,1.34,1.35,1.43,0.74,0.78,1.06,"",4,3.5,-61,-1.9,-54,-1.7,-108,-3.3,5664630,7.3,-319543,-16.2,-2423,-10.7,184,9.8
"13121","5","42311","77","0","2023","4","",56,2452,2467,2486,65513609,1212449,13815,2042,"",1.30,2.91,2.90,2.89,2.73,1.51,1.57,0.94,"",5,9.8,219,9.8,236,10.6,145,6.2,6852167,11.7,157870,15.0,1429,11.5,53,2.7
"13121","5","423110","78","0","2023","4","",56,2452,2467,2486,65513609,1212449,13815,2042,"",1.30,2.91,2.90,2.89,2.73,1.51,1.57,0.94,"",5,9.8,219,9.8,236,10.6,145,6.2,6852167,11.7,157870,15.0,1429,11.5,53,2.7
"13121","5","42312","77","0","2023","4","",49,564,564,580,16241293,386640,5838,2194,"",0.58,0.52,0.51,0.52,0.61,0.36,0.45,1.19,"",-3,-5.8,-291,-34.0,-301,-34.8,-263,-31.2,-1492785,-8.4,-473065,-55.0,-3919,-40.2,597,37.4
"13121","5","423120","78","0","2023","4","",49,564,564,580,16241293,386640,5838,2194,"",0.58,0.52,0.51,0.52,0.61,0.36,0.45,1.19,"",-3,-5.8,-291,-34.0,-301,-34.8,-263,-31.2,-1492785,-8.4,-473065,-55.0,-3919,-40.2,597,37.4
"13121","5","42313","77","0","2023","4","",10,61,63,62,1315325,43660,568,1632,"",0.74,0.29,0.30,0.30,0.27,0.21,0.24,0.90,"N",1,11.1,0,0,0,0,0,0,0,0,0,0,0,0,0,0
"13121","5","423130","78","0","2023","4","",10,61,63,62,1315325,43660,568,1632,"",0.74,0.29,0.30,0.30,0.27,0.21,0.24,0.90,"N",1,11.1,0,0,0,0,0,0,0,0,0,0,0,0,0,0
"13121","5","42314","77","0","2023","4","",3,11,12,11,135768,7705,21,922,"",0.25,0.08,0.09,0.08,0.05,0.05,0.01,0.60,"N",1,50.0,0,0,0,0,0,0,0,0,0,0,0,0,0,0
"13121","5","423140","78","0","2023","4","",3,11,12,11,135768,7705,21,922,"",0.25,0.08,0.09,0.08,0.05,0.05,0.01,0.60,"N",1,50.0,0,0,0,0,0,0,0,0,0,0,0,0,0,0
"13121","5","4232","76","0","2023","4","",140,979,970,996,19415006,803140,10708,1521,"",1.86,1.43,1.41,1.45,1.05,1.16,1.21,0.73,"",6,4.5,-77,-7.3,-79,-7.5,-60,-5.7,-278385,-1.4,-370486,-31.6,-5782,-35.1,83,5.8
"13121","5","42321","77","0","2023","4","",70,639,631,648,12876759,451685,6308,1549,"",2.03,2.08,2.06,2.10,1.51,1.45,1.59,0.72,"",-2,-2.8,-41,-6.0,-40,-6.0,-38,-5.5,-47653,-0.4,-315872,-41.2,-5248,-45.4,85,5.8
"13121","5","423210","78","0","2023","4","",70,639,631,648,12876759,451685,6308,1549,"",2.03,2.08,2.06,2.10,1.51,1.45,1.59,0.72,"",-2,-2.8,-41,-6.0,-40,-6.0,-38,-5.5,-47653,-0.4,-315872,-41.2,-5248,-45.4,85,5.8
"13121","5","42322","77","0","2023","4","",70,340,339,348,6538247,351455,4400,1469,"",1.72,0.90,0.89,0.91,0.66,0.92,0.90,0.73,"",8,12.9,-36,-9.6,-39,-10.3,-22,-5.9,-230732,-3.4,-54614,-13.4,-534,-10.8,79,5.7
"13121","5","423220","78","0","2023","4","",70,340,339,348,6538247,351455,4400,1469,"",1.72,0.90,0.89,0.91,0.66,0.92,0.90,0.73,"",8,12.9,-36,-9.6,-39,-10.3,-22,-5.9,-230732,-3.4,-54614,-13.4,-534,-10.8,79,5.7
"13121","5","4233","76","0","2023","4","",98,1260,1248,1261,27905105,1353035,16927,1709,"",0.69,0.79,0.77,0.78,0.62,0.75,0.79,0.79,"",9,10.1,-143,-10.2,-123,-9.0,-102,-7.5,-2003345,-6.7,167552,14.1,2849,20.2,41,2.5
"13121","5","42331","77","0","2023","4","",26,363,346,359,7202357,378118,3312,1556,"",0.48,0.52,0.49,0.51,0.36,0.46,0.40,0.72,"",1,4.0,-73,-16.7,-90,-20.6,-70,-16.3,-2298746,-24.2,160238,73.5,1286,63.5,-129,-7.7
"13121","5","423310","78","0","2023","4","",26,363,346,359,7202357,378118,3312,1556,"",0.48,0.52,0.49,0.51,0.36,0.46,0.40,0.72,"",1,4.0,-73,-16.7,-90,-20.6,-70,-16.3,-2298746,-24.2,160238,73.5,1286,63.5,-129,-7.7
"13121","5","42332","77","0","2023","4","",25,463,467,468,8416601,487843,5462,1389,"",0.68,1.13,1.14,1.14,0.78,1.23,0.95,0.69,"",-3,-10.7,-21,-4.3,-12,-2.5,-4,-0.8,-32535,-0.4,-58481,-10.7,17,0.3,30,2.2
"13121","5","423320","78","0","2023","4","",25,463,467,468,8416601,487843,5462,1389,"",0.68,1.13,1.14,1.14,0.78,1.23,0.95,0.69,"",-3,-10.7,-21,-4.3,-12,-2.5,-4,-0.8,-32535,-0.4,-58481,-10.7,17,0.3,30,2.2
"13121","5","42333","77","0","2023","4","",21,305,302,306,9960395,321067,4433,2518,"",0.91,1.09,1.07,1.08,1.22,1.15,1.19,1.13,"",1,5.0,-11,-3.5,9,3.1,14,4.8,1035088,11.6,91033,39.6,1421,47.2,232,10.1
"13121","5","423330","78","0","2023","4","",21,305,302,306,9960395,321067,4433,2518,"",0.91,1.09,1.07,1.08,1.22,1.15,1.19,1.13,"",1,5.0,-11,-3.5,9,3.1,14,4.8,1035088,11.6,91033,39.6,1421,47.2,232,10.1
"13121","5","42339","77","0","2023","4","",26,129,133,128,2325752,166007,3720,1376,"",0.91,0.59,0.60,0.58,0.36,0.56,1.09,0.62,"",10,62.5,-38,-22.8,-30,-18.4,-42,-24.7,-707152,-23.3,-25238,-13.2,125,3.5,-24,-1.7
"13121","5","423390","78","0","2023","4","",26,129,133,128,2325752,166007,3720,1376,"",0.91,0.59,0.60,0.58,0.36,0.56,1.09,0.62,"",10,62.5,-38,-22.8,-30,-18.4,-42,-24.7,-707152,-23.3,-25238,-13.2,125,3.5,-24,-1.7
"13121","5","4234","76","0","2023","4","",287,8324,8381,8351,344811395,4039489,47498,3176,"",0.70,1.84,1.84,1.82,1.78,1.19,1.12,0.97,"",15,5.5,811,10.8,845,11.2,800,10.6,48656460,16.4,734204,22.2,8860,22.9,152,5.0
"13121","5","42341","77","0","2023","4","",8,195,191,194,5106431,72434,1771,2032,"",1.10,2.64,2.58,2.59,1.81,1.36,2.14,0.69,"",-1,-11.1,7,3.7,0,0.0,-1,-0.5,51187,1.0,-174300,-70.6,-3187,-64.3,0,0.0
"13121","5","423410","78","0","2023","4","",8,195,191,194,5106431,72434,1771,2032,"",1.10,2.64,2.58,2.59,1.81,1.36,2.14,0.69,"",-1,-11.1,7,3.7,0,0.0,-1,-0.5,51187,1.0,-174300,-70.6,-3187,-64.3,0,0.0
"13121","5","42342","77","0","2023","4","",15,74,78,75,1492492,82286,975,1517,"",0.45,0.18,0.18,0.18,0.13,0.22,0.21,0.71,"",0,0.0,3,4.2,6,8.3,6,8.7,169687,12.8,42660,107.7,264,37.1,77,5.3
"13121","5","423420","78","0","2023","4","",15,74,78,75,1492492,82286,975,1517,"",0.45,0.18,0.18,0.18,0.13,0.22,0.21,0.71,"",0,0.0,3,4.2,6,8.3,6,8.7,169687,12.8,42660,107.7,264,37.1,77,5.3
"13121","5","42343","77","0","2023","4","",110,6321,6314,6291,269130094,2689889,31844,3282,"",1.10,4.46,4.42,4.38,3.35,3.29,3.18,0.76,"",-1,-0.9,819,14.9,780,14.1,759,13.7,45173882,20.2,880026,48.6,14196,80.4,163,5.2
"13121","5","423430","78","0","2023","4","",110,6321,6314,6291,269130094,2689889,31844,3282,"",1.10,4.46,4.42,4.38,3.35,3.29,3.18,0.76,"",-1,-0.9,819,14.9,780,14.1,759,13.7,45173882,20.2,880026,48.6,14196,80.4,163,5.2
"13121","5","42344","77","0","2023","4","",21,175,176,173,5969122,116458,648,2629,"",0.55,0.48,0.48,0.47,0.60,0.33,0.15,1.25,"",1,5.0,-3,-1.7,4,2.3,1,0.6,252010,4.4,-86440,-42.6,-2225,-77.4,102,4.0
"13121","5","423440","78","0","2023","4","",21,175,176,173,5969122,116458,648,2629,"",0.55,0.48,0.48,0.47,0.60,0.33,0.15,1.25,"",1,5.0,-3,-1.7,4,2.3,1,0.6,252010,4.4,-86440,-42.6,-2225,-77.4,102,4.0
"13121","5","42345","77","0","2023","4","",110,1376,1437,1434,54202871,1009033,11521,2945,"",0.57,0.73,0.76,0.75,0.71,0.67,0.62,0.95,"",15,15.8,-19,-1.4,53,3.8,40,2.9,2721310,5.3,109902,12.2,281,2.5,98,3.4
"13121","5","423450","78","0","2023","4","",110,1376,1437,1434,54202871,1009033,11521,2945,"",0.57,0.73,0.76,0.75,0.71,0.67,0.62,0.95,"",15,15.8,-19,-1.4,53,3.8,40,2.9,2721310,5.3,109902,12.2,281,2.5,98,3.4
"13121","5","42346","77","0","2023","4","",5,27,27,25,820554,23226,377,2397,"",0.37,0.20,0.20,0.18,0.20,0.19,0.23,1.06,"",-1,-16.7,4,17.4,4,17.4,3,13.6,194541,31.1,-7841,-25.2,-256,-40.4,273,12.9
"13121","5","423460","78","0","2023","4","",5,27,27,25,820554,23226,377,2397,"",0.37,0.20,0.20,0.18,0.20,0.19,0.23,1.06,"",-1,-16.7,4,17.4,4,17.4,3,13.6,194541,31.1,-7841,-25.2,-256,-40.4,273,12.9
"13121","5","42349","77","0","2023","4","",18,156,158,159,8089831,46163,362,3947,"",0.67,0.67,0.67,0.67,1.01,0.24,0.16,1.51,"",2,12.5,0,0.0,-2,-1.2,-8,-4.8,93843,1.2,-29803,-39.2,-213,-37.0,127,3.3
"13121","5","423490","78","0","2023","4","",18,156,158,159,8089831,46163,362,3947,"",0.67,0.67,0.67,0.67,1.01,0.24,0.16,1.51,"",2,12.5,0,0.0,-2,-1.2,-8,-4.8,93843,1.2,-29803,-39.2,-213,-37.0,127,3.3
"13121","5","4235","76","0","2023","4","",31,667,655,644,17300983,383756,3459,2031,"",0.48,0.82,0.80,0.78,0.64,0.54,0.40,0.81,"",-2,-6.1,-43,-6.1,-48,-6.8,-67,-9.4,-771499,-4.3,-196216,-33.8,-1751,-33.6,67,3.4
"13121","5","42351","77","0","2023","4","N",30,0,0,0,0,0,0,0,"N",0.48,0,0,0,0,0,0,0,"N",1,3.4,0,0,0,0,0,0,0,0,0,0,0,0,0,0
"13121","5","423510","78","0","2023","4","N",30,0,0,0,0,0,0,0,"N",0.48,0,0,0,0,0,0,0,"N",1,3.4,0,0,0,0,0,0,0,0,0,0,0,0,0,0
"13121","5","42352","77","0","2023","4","N",1,0,0,0,0,0,0,0,"N",0.35,0,0,0,0,0,0,0,"N",-3,-75.0,0,0,0,0,0,0,0,0,0,0,0,0,0,0
"13121","5","423520","78","0","2023","4","N",1,0,0,0,0,0,0,0,"N",0.35,0,0,0,0,0,0,0,"N",-3,-75.0,0,0,0,0,0,0,0,0,0,0,0,0,0,0
"13121","5","4236","76","0","2023","4","",146,1519,1533,1537,45398545,1109965,14067,2283,"",0.66,0.67,0.67,0.67,0.55,0.62,0.63,0.82,"",10,7.4,60,4.1,68,4.6,70,4.8,723860,1.6,-66441,-5.6,-1635,-10.4,-65,-2.8
"13121","5","42361","77","0","2023","4","",63,685,690,692,17699246,466387,6193,1976,"",0.59,0.57,0.57,0.57,0.45,0.49,0.60,0.78,"",7,12.5,96,16.3,94,15.8,104,17.7,2966309,20.1,53850,13.1,1430,30.0,58,3.0
"13121","5","423610","78","0","2023","4","",63,685,690,692,17699246,466387,6193,1976,"",0.59,0.57,0.57,0.57,0.45,0.49,0.60,0.78,"",7,12.5,96,16.3,94,15.8,104,17.7,2966309,20.1,53850,13.1,1430,30.0,58,3.0
"13121","5","42362","77","0","2023","4","",16,167,170,173,5267869,242400,1348,2384,"",0.59,0.79,0.79,0.80,0.69,1.28,0.49,0.87,"",3,23.1,6,3.7,16,10.4,10,6.1,-41753,-0.8,97513,67.3,-1077,-44.4,-179,-7.0
"13121","5","423620","78","0","2023","4","",16,167,170,173,5267869,242400,1348,2384,"",0.59,0.79,0.79,0.80,0.69,1.28,0.49,0.87,"",3,23.1,6,3.7,16,10.4,10,6.1,-41753,-0.8,97513,67.3,-1077,-44.4,-179,-7.0
"13121","5","42369","77","0","2023","4","",67,667,673,672,22431430,401178,6526,2573,"",0.77,0.76,0.76,0.76,0.63,0.62,0.71,0.82,"",0,0.0,-42,-5.9,-42,-5.9,-44,-6.1,-2200696,-8.9,-217804,-35.2,-1988,-23.3,-83,-3.1
"13121","5","423690","78","0","2023","4","",67,667,673,672,22431430,401178,6526,2573,"",0.77,0.76,0.76,0.76,0.63,0.62,0.71,0.82,"",0,0.0,-42,-5.9,-42,-5.9,-44,-6.1,-2200696,-8.9,-217804,-35.2,-1988,-23.3,-83,-3.1
"13121","5","4237","76","0","2023","4","",75,1146,1148,1170,42591360,792221,8283,2837,"",0.48,0.61,0.60,0.61,0.73,0.46,0.45,1.20,"",12,19.0,32,2.9,28,2.5,54,4.8,9966377,30.5,38471,5.1,1232,17.5,590,26.3
"13121","5","42371","77","0","2023","4","",25,181,188,192,4907057,163413,1272,2019,"",0.54,0.33,0.34,0.34,0.32,0.31,0.23,0.97,"N",3,13.6,0,0,0,0,0,0,0,0,0,0,0,0,0,0
"13121","5","423710","78","0","2023","4","",25,181,188,192,4907057,163413,1272,2019,"",0.54,0.33,0.34,0.34,0.32,0.31,0.23,0.97,"N",3,13.6,0,0,0,0,0,0,0,0,0,0,0,0,0,0
"13121","5","42372","77","0","2023","4","",31,606,600,606,23493911,354021,4347,2992,"",0.52,0.83,0.81,0.82,1.02,0.50,0.62,1.25,"",5,19.2,0,0.0,-1,-0.2,4,0.7,4686979,24.9,76114,27.4,828,23.5,593,24.7
"13121","5","423720","78","0","2023","4","",31,606,600,606,23493911,354021,4347,2992,"",0.52,0.83,0.81,0.82,1.02,0.50,0.62,1.25,"",5,19.2,0,0.0,-1,-0.2,4,0.7,4686979,24.9,76114,27.4,828,23.5,593,24.7
"13121","5","42373","77","0","2023","4","",15,347,346,357,13989481,249977,2188,3075,"",0.37,0.68,0.67,0.69,0.79,0.58,0.45,1.16,"",3,25.0,83,31.4,72,26.3,85,31.2,5520993,65.2,-43678,-14.9,-408,-15.7,662,27.4
"13121","5","423730","78","0","2023","4","",15,347,346,357,13989481,249977,2188,3075,"",0.37,0.68,0.67,0.69,0.79,0.58,0.45,1.16,"",3,25.0,83,31.4,72,26.3,85,31.2,5520993,65.2,-43678,-14.9,-408,-15.7,662,27.4
"13121","5","42374","77","0","2023","4","",4,12,14,15,200911,24810,476,1131,"",0.42,0.13,0.15,0.16,0.07,0.36,0.60,0.49,"N",1,33.3,0,0,0,0,0,0,0,0,0,0,0,0,0,0
"13121","5","423740","78","0","2023","4","",4,12,14,15,200911,24810,476,1131,"",0.42,0.13,0.15,0.16,0.07,0.36,0.60,0.49,"N",1,33.3,0,0,0,0,0,0,0,0,0,0,0,0,0,0
"13121","5","4238","76","0","2023","4","",188,1467,1474,1470,39471494,1326291,19335,2065,"",0.43,0.32,0.31,0.31,0.26,0.31,0.42,0.83,"",23,13.9,-120,-7.6,-123,-7.7,-128,-8.0,-6100739,-13.4,8225,0.6,4753,32.6,-134,-6.1
"13121","5","42381","77","0","2023","4","",15,110,110,111,2931985,77741,1528,2044,"",0.45,0.17,0.17,0.17,0.14,0.11,0.19,0.82,"",3,25.0,1,0.9,3,2.8,5,4.7,-292669,-9.1,-34440,-30.7,79,5.5,-267,-11.6
"13121","5","423810","78","0","2023","4","",15,110,110,111,2931985,77741,1528,2044,"",0.45,0.17,0.17,0.17,0.14,0.11,0.19,0.82,"",3,25.0,1,0.9,3,2.8,5,4.7,-292669,-9.1,-34440,-30.7,79,5.5,-267,-11.6
"13121","5","42382","77","0","2023","4","",6,5,5,6,352949,12353,126,5091,"",0.11,0.01,0.01,0.01,0.02,0.02,0.02,2.06,"",0,0.0,0,0.0,0,0.0,1,20.0,95911,37.3,-54,-0.4,-45,-26.3,1137,28.8
"13121","5","423820","78","0","2023","4","",6,5,5,6,352949,12353,126,5091,"",0.11,0.01,0.01,0.01,0.02,0.02,0.02,2.06,"",0,0.0,0,0.0,0,0.0,1,20.0,95911,37.3,-54,-0.4,-45,-26.3,1137,28.8
"13121","5","42383","77","0","2023","4","",90,842,847,843,20645905,798714,11191,1882,"",0.43,0.40,0.40,0.40,0.30,0.47,0.57,0.74,"",10,12.5,-103,-10.9,-112,-11.7,-116,-12.1,-5482033,-21.0,120928,17.8,4635,70.7,-224,-10.6
"13121","5","423830","78","0","2023","4","",90,842,847,843,20645905,798714,11191,1882,"",0.43,0.40,0.40,0.40,0.30,0.47,0.57,0.74,"",10,12.5,-103,-10.9,-112,-11.7,-116,-12.1,-5482033,-21.0,120928,17.8,4635,70.7,-224,-10.6
"13121","5","42384","77","0","2023","4","",41,304,301,302,9798515,162638,2990,2493,"",0.54,0.47,0.46,0.46,0.46,0.27,0.44,0.99,"",7,20.6,11,3.8,15,5.2,14,4.9,-769054,-7.3,-66271,-29.0,-1043,-25.9,-320,-11.4
"13121","5","423840","78","0","2023","4","",41,304,301,302,9798515,162638,2990,2493,"",0.54,0.47,0.46,0.46,0.46,0.27,0.44,0.99,"",7,20.6,11,3.8,15,5.2,14,4.9,-769054,-7.3,-66271,-29.0,-1043,-25.9,-320,-11.4
"13121","5","42385","77","0","2023","4","",21,158,163,159,3737785,201969,2191,1797,"",0.56,0.46,0.47,0.45,0.42,0.56,0.55,0.92,"",2,10.5,-35,-18.1,-33,-16.8,-35,-18.0,89914,2.5,-33492,-14.2,332,17.9,353,24.4
"13121","5","423850","78","0","2023","4","",21,158,163,159,3737785,201969,2191,1797,"",0.56,0.46,0.47,0.45,0.42,0.56,0.55,0.92,"",2,10.5,-35,-18.1,-33,-16.8,-35,-18.0,89914,2.5,-33492,-14.2,332,17.9,353,24.4
"13121","5","42386","77","0","2023","4","",15,48,48,49,2004355,72876,1309,3190,"",0.57,0.21,0.20,0.21,0.23,0.39,0.53,1.12,"",1,7.1,6,14.3,4,9.1,3,6.5,257192,14.7,21554,42.0,795,154.7,136,4.5
"13121","5","423860","78","0","2023","4","",15,48,48,49,2004355,72876,1309,3190,"",0.57,0.21,0.20,0.21,0.23,0.39,0.53,1.12,"",1,7.1,6,14.3,4,9.1,3,6.5,257192,14.7,21554,42.0,795,154.7,136,4.5
"13121","5","4239","76","0","2023","4","",210,1793,1769,1743,43784370,1212430,12321,1905,"",0.86,0.93,0.90,0.89,0.84,0.59,0.47,0.93,"",17,8.8,-75,-4.0,-101,-5.4,-105,-5.7,895245,2.1,-432849,-26.3,-41,-0.3,133,7.5
"13121","5","42391","77","0","2023","4","",21,258,247,248,5568170,123612,1391,1706,"",0.42,0.65,0.62,0.62,0.54,0.30,0.30,0.85,"",3,16.7,-21,-7.5,-30,-10.8,-27,-9.8,-373817,-6.3,-53219,-30.1,-766,-35.5,56,3.4
"13121","5","423910","78","0","2023","4","",21,258,247,248,5568170,123612,1391,1706,"",0.42,0.65,0.62,0.62,0.54,0.30,0.30,0.85,"",3,16.7,-21,-7.5,-30,-10.8,-27,-9.8,-373817,-6.3,-53219,-30.1,-766,-35.5,56,3.4
"13121","5","42392","77","0","2023","4","",10,19,15,17,402446,2400,65,1821,"",0.57,0.13,0.10,0.11,0.08,0.02,0.03,0.72,"",0,0.0,-15,-44.1,-17,-53.1,-13,-43.3,-226574,-36.0,-14500,-85.8,-58,-47.2,309,20.4
"13121","5","423920","78","0","2023","4","",10,19,15,17,402446,2400,65,1821,"",0.57,0.13,0.10,0.11,0.08,0.02,0.03,0.72,"",0,0.0,-15,-44.1,-17,-53.1,-13,-43.3,-226574,-36.0,-14500,-85.8,-58,-47.2,309,20.4
"13121","5","42393","77","0","2023","4","",50,998,991,992,26737396,645772,4866,2070,"",1.10,1.63,1.60,1.60,1.84,1.03,0.63,1.14,"",-2,-3.8,-37,-3.6,-55,-5.3,-57,-5.4,1031237,4.0,-350123,-35.2,-1224,-20.1,175,9.2
"13121","5","423930","78","0","2023","4","",50,998,991,992,26737396,645772,4866,2070,"",1.10,1.63,1.60,1.60,1.84,1.03,0.63,1.14,"",-2,-3.8,-37,-3.6,-55,-5.3,-57,-5.4,1031237,4.0,-350123,-35.2,-1224,-20.1,175,9.2
"13121","5","42394","77","0","2023","4","",87,381,378,351,6788263,252527,3146,1411,"",2.06,1.73,1.70,1.57,1.09,1.15,0.91,0.65,"",4,4.8,-2,-0.5,-1,-0.3,-11,-3.0,196305,3.0,17782,7.6,1945,161.9,58,4.3
"13121","5","423940","78","0","2023","4","",87,381,378,351,6788263,252527,3146,1411,"",2.06,1.73,1.70,1.57,1.09,1.15,0.91,0.65,"",4,4.8,-2,-0.5,-1,-0.3,-11,-3.0,196305,3.0,17782,7.6,1945,161.9,58,4.3
"13121","5","42399","77","0","2023","4","",42,137,138,135,4288095,188119,2853,2414,"",0.47,0.24,0.24,0.24,0.27,0.29,0.33,1.12,"",12,40.0,0,0.0,2,1.5,3,2.3,268094,6.7,-32789,-14.8,62,2.2,123,5.4
"13121","5","423990","78","0","2023","4","",42,137,138,135,4288095,188119,2853,2414,"",0.47,0.24,0.24,0.24,0.27,0.29,0.33,1.12,"",12,40.0,0,0.0,2,1.5,3,2.3,268094,6.7,-32789,-14.8,62,2.2,123,5.4
"13121","5","424","75","0","2023","4","",589,13193,13024,13078,304890976,12129759,117263,1791,"",0.57,0.98,0.96,0.96,0.76,0.86,0.71,0.78,"",50,9.3,125,1.0,-168,-1.3,-136,-1.0,-27007173,-8.1,-2288800,-15.9,-31203,-21.0,-149,-7.7
"13121","5","4241","76","0","2023","4","",49,757,764,754,21150580,464424,5481,2145,"",0.89,1.06,1.07,1.05,1.04,0.71,0.72,0.98,"",-5,-9.3,-84,-10.0,-82,-9.7,-74,-8.9,-3380200,-13.8,-217612,-31.9,-3837,-41.2,-106,-4.7
"13121","5","42411","77","0","2023","4","",4,21,26,26,823756,70139,1856,2604,"",0.53,0.30,0.37,0.37,0.33,1.02,2.36,0.96,"",-2,-33.3,-3,-12.5,-3,-10.3,0,0.0,-380038,-31.6,-8510,-10.8,-135,-6.8,-912,-25.9
"13121","5","424110","78","0","2023","4","",4,21,26,26,823756,70139,1856,2604,"",0.53,0.30,0.37,0.37,0.33,1.02,2.36,0.96,"",-2,-33.3,-3,-12.5,-3,-10.3,0,0.0,-380038,-31.6,-8510,-10.8,-135,-6.8,-912,-25.9
"13121","5","42412","77","0","2023","4","",12,91,91,97,1179771,70245,621,976,"",0.63,0.38,0.37,0.39,0.24,0.33,0.27,0.63,"",-2,-14.3,-3,-3.2,0,0.0,6,6.6,-638185,-35.1,-12218,-14.8,-760,-55.0,-544,-35.8
"13121","5","424120","78","0","2023","4","",12,91,91,97,1179771,70245,621,976,"",0.63,0.38,0.37,0.39,0.24,0.33,0.27,0.63,"",-2,-14.3,-3,-3.2,0,0.0,6,6.6,-638185,-35.1,-12218,-14.8,-760,-55.0,-544,-35.8
"13121","5","42413","77","0","2023","4","",33,645,647,631,19147053,324040,3004,2298,"",1.16,1.62,1.62,1.58,1.48,0.86,0.66,0.92,"",-1,-2.9,-78,-10.8,-79,-10.9,-80,-11.3,-2361977,-11.0,-196884,-37.8,-2942,-49.5,0,0.0
"13121","5","424130","78","0","2023","4","",33,645,647,631,19147053,324040,3004,2298,"",1.16,1.62,1.62,1.58,1.48,0.86,0.66,0.92,"",-1,-2.9,-78,-10.8,-79,-10.9,-80,-11.3,-2361977,-11.0,-196884,-37.8,-2942,-49.5,0,0.0
"13121","5","4242","76","0","2023","4","",55,1038,1081,1058,43624828,673894,6073,3169,"",0.42,0.66,0.68,0.66,0.53,0.54,0.36,0.80,"",-11,-16.7,-178,-14.6,-144,-11.8,-160,-13.1,-2367290,-5.1,45195,7.2,498,8.9,268,9.2
"13121","5","42421","77","0","2023","4","",55,1038,1081,1058,43624828,673894,6073,3169,"",0.42,0.66,0.68,0.66,0.53,0.54,0.36,0.80,"",-11,-16.7,-178,-14.6,-144,-11.8,-160,-13.1,-2367290,-5.1,45195,7.2,498,8.9,268,9.2
"13121","5","424210","78","0","2023","4","",55,1038,1081,1058,43624828,673894,6073,3169,"",0.42,0.66,0.68,0.66,0.53,0.54,0.36,0.80,"",-11,-16.7,-178,-14.6,-144,-11.8,-160,-13.1,-2367290,-5.1,45195,7.2,498,8.9,268,9.2
"13121","5","4243","76","0","2023","4","",91,859,849,846,22599205,510117,6218,2042,"",0.96,0.97,0.94,0.94,0.89,0.53,0.46,0.93,"",-10,-9.9,10,1.2,-1,-0.1,1,0.1,1333727,6.3,-86784,-14.5,-1376,-18.1,113,5.9
"13121","5","42431","77","0","2023","4","N",19,0,0,0,0,0,0,0,"N",0.88,0,0,0,0,0,0,0,"N",-2,-9.5,0,0,0,0,0,0,0,0,0,0,0,0,0,0
"13121","5","424310","78","0","2023","4","N",19,0,0,0,0,0,0,0,"N",0.88,0,0,0,0,0,0,0,"N",-2,-9.5,0,0,0,0,0,0,0,0,0,0,0,0,0,0
"13121","5","42434","77","0","2023","4","N",5,0,0,0,0,0,0,0,"N",0.46,0,0,0,0,0,0,0,"N",-3,-37.5,0,0,0,0,0,0,0,0,0,0,0,0,0,0
"13121","5","424340","78","0","2023","4","N",5,0,0,0,0,0,0,0,"N",0.46,0,0,0,0,0,0,0,"N",-3,-37.5,0,0,0,0,0,0,0,0,0,0,0,0,0,0
"13121","5","42435","77","0","2023","4","",67,664,650,663,15282639,424342,5313,1784,"",1.08,1.10,1.06,1.08,0.87,0.61,0.55,0.80,"",-5,-6.9,32,5.1,15,2.4,34,5.4,-216359,-1.4,16453,4.0,-272,-4.9,-102,-5.4
"13121","5","424350","78","0","2023","4","",67,664,650,663,15282639,424342,5313,1784,"",1.08,1.10,1.06,1.08,0.87,0.61,0.55,0.80,"",-5,-6.9,32,5.1,15,2.4,34,5.4,-216359,-1.4,16453,4.0,-272,-4.9,-102,-5.4
"13121","5","4244","76","0","2023","4","",145,5817,5672,5730,111600504,6783531,60326,1496,"",0.52,1.17,1.13,1.14,0.90,1.15,0.87,0.78,"",22,17.9,41,0.7,-176,-3.0,-108,-1.8,-2310562,-2.0,-1270161,-15.8,-26315,-30.4,-9,-0.6
"13121","5","42441","77","0","2023","4","",26,2225,2110,2145,46915598,2284400,20696,1671,"",0.52,1.42,1.33,1.35,1.23,1.21,0.95,0.90,"",2,8.3,-19,-0.8,-129,-5.8,-75,-3.4,-2048226,-4.2,-396989,-14.8,-20373,-49.6,-15,-0.9
"13121","5","424410","78","0","2023","4","",26,2225,2110,2145,46915598,2284400,20696,1671,"",0.52,1.42,1.33,1.35,1.23,1.21,0.95,0.90,"",2,8.3,-19,-0.8,-129,-5.8,-75,-3.4,-2048226,-4.2,-396989,-14.8,-20373,-49.6,-15,-0.9
"13121","5","42442","77","0","2023","4","",14,501,498,510,9928067,532600,4261,1518,"",0.90,2.38,2.33,2.36,1.76,2.14,1.32,0.75,"",0,0.0,23,4.8,19,4.0,40,8.5,176952,1.8,-44869,-7.8,-1561,-26.8,-59,-3.7
"13121","5","424420","78","0","2023","4","",14,501,498,510,9928067,532600,4261,1518,"",0.90,2.38,2.33,2.36,1.76,2.14,1.32,0.75,"",0,0.0,23,4.8,19,4.0,40,8.5,176952,1.8,-44869,-7.8,-1561,-26.8,-59,-3.7
"13121","5","42443","77","0","2023","4","",5,64,65,66,802320,60224,268,949,"",0.34,0.31,0.32,0.32,0.15,0.28,0.10,0.48,"",1,25.0,16,33.3,19,41.3,19,40.4,270521,50.9,18059,42.8,-57,-17.5,79,9.1
"13121","5","424430","78","0","2023","4","",5,64,65,66,802320,60224,268,949,"",0.34,0.31,0.32,0.32,0.15,0.28,0.10,0.48,"",1,25.0,16,33.3,19,41.3,19,40.4,270521,50.9,18059,42.8,-57,-17.5,79,9.1
"13121","5","42444","77","0","2023","4","",5,46,45,46,836646,40630,529,1409,"",1.19,0.66,0.63,0.64,0.47,0.50,0.55,0.73,"N",1,25.0,0,0,0,0,0,0,0,0,0,0,0,0,0,0
"13121","5","424440","78","0","2023","4","",5,46,45,46,836646,40630,529,1409,"",1.19,0.66,0.63,0.64,0.47,0.50,0.55,0.73,"N",1,25.0,0,0,0,0,0,0,0,0,0,0,0,0,0,0
"13121","5","42445","77","0","2023","4","N",10,0,0,0,0,0,0,0,"N",0.45,0,0,0,0,0,0,0,"N",1,11.1,0,0,0,0,0,0,0,0,0,0,0,0,0,0
"13121","5","424450","78","0","2023","4","N",10,0,0,0,0,0,0,0,"N",0.45,0,0,0,0,0,0,0,"N",1,11.1,0,0,0,0,0,0,0,0,0,0,0,0,0,0
"13121","5","42446","77","0","2023","4","N",9,0,0,0,0,0,0,0,"N",0.58,0,0,0,0,0,0,0,"N",3,50.0,0,0,0,0,0,0,0,0,0,0,0,0,0,0
"13121","5","424460","78","0","2023","4","N",9,0,0,0,0,0,0,0,"N",0.58,0,0,0,0,0,0,0,"N",3,50.0,0,0,0,0,0,0,0,0,0,0,0,0,0,0
"13121","5","42447","77","0","2023","4","",12,990,972,951,18820749,1103566,13380,1491,"",0.68,3.40,3.29,3.21,2.49,3.53,3.51,0.75,"",2,20.0,109,12.4,57,6.2,21,2.3,-650307,-3.3,-476025,-30.1,-565,-4.1,-157,-9.5
"13121","5","424470","78","0","2023","4","",12,990,972,951,18820749,1103566,13380,1491,"",0.68,3.40,3.29,3.21,2.49,3.53,3.51,0.75,"",2,20.0,109,12.4,57,6.2,21,2.3,-650307,-3.3,-476025,-30.1,-565,-4.1,-157,-9.5
"13121","5","42448","77","0","2023","4","",13,566,564,568,10227901,1035442,8493,1390,"",0.43,0.96,0.95,0.96,0.72,1.27,0.85,0.75,"",2,18.2,32,6.0,10,1.8,28,5.2,784742,8.3,-12495,-1.2,46,0.5,51,3.8
"13121","5","424480","78","0","2023","4","",13,566,564,568,10227901,1035442,8493,1390,"",0.43,0.96,0.95,0.96,0.72,1.27,0.85,0.75,"",2,18.2,32,6.0,10,1.8,28,5.2,784742,8.3,-12495,-1.2,46,0.5,51,3.8
"13121","5","42449","77","0","2023","4","",51,828,819,847,14026582,1120661,9305,1298,"",0.47,0.56,0.55,0.57,0.37,0.66,0.48,0.66,"",10,24.4,-95,-10.3,-121,-12.9,-91,-9.7,-624944,-4.3,-257464,-18.7,-2423,-20.7,91,7.5
"13121","5","424490","78","0","2023","4","",51,828,819,847,14026582,1120661,9305,1298,"",0.47,0.56,0.55,0.57,0.37,0.66,0.48,0.66,"",10,24.4,-95,-10.3,-121,-12.9,-91,-9.7,-624944,-4.3,-257464,-18.7,-2423,-20.7,91,7.5
"13121","5","4245","76","0","2023","4","",9,16,16,18,653602,138173,3731,3017,"",0.22,0.04,0.04,0.04,0.07,0.24,0.72,1.81,"",3,50.0,1,6.7,4,33.3,6,50.0,209694,47.2,134604,3771.5,3635,3786.5,390,14.8
"13121","5","42451","77","0","2023","4","",3,8,8,10,494481,100000,2700,4389,"",0.13,0.03,0.03,0.04,0.08,0.32,1.09,2.16,"N",1,50.0,0,0,0,0,0,0,0,0,0,0,0,0,0,0
"13121","5","424510","78","0","2023","4","",3,8,8,10,494481,100000,2700,4389,"",0.13,0.03,0.03,0.04,0.08,0.32,1.09,2.16,"N",1,50.0,0,0,0,0,0,0,0,0,0,0,0,0,0,0
"13121","5","42459","77","0","2023","4","",6,8,8,8,159121,38173,1031,1530,"",0.55,0.08,0.08,0.08,0.08,0.27,0.51,0.94,"N",2,50.0,0,0,0,0,0,0,0,0,0,0,0,0,0,0
"13121","5","424590","78","0","2023","4","",6,8,8,8,159121,38173,1031,1530,"",0.55,0.08,0.08,0.08,0.08,0.27,0.51,0.94,"N",2,50.0,0,0,0,0,0,0,0,0,0,0,0,0,0,0
"13121","5","4246","76","0","2023","4","",79,936,921,944,29015133,617600,10297,2391,"",0.75,1.01,0.99,1.01,0.87,0.88,1.26,0.87,"",23,41.1,105,12.6,80,9.5,106,12.6,2889458,11.1,176526,40.0,2984,40.8,-11,-0.5
"13121","5","42461","77","0","2023","4","",21,215,210,212,8782014,179284,4153,3182,"",0.83,1.16,1.12,1.13,1.31,1.26,2.31,1.16,"",7,50.0,26,13.8,17,8.8,20,10.4,1581936,22.0,15987,9.8,165,4.1,287,9.9
"13121","5","424610","78","0","2023","4","",21,215,210,212,8782014,179284,4153,3182,"",0.83,1.16,1.12,1.13,1.31,1.26,2.31,1.16,"",7,50.0,26,13.8,17,8.8,20,10.4,1581936,22.0,15987,9.8,165,4.1,287,9.9
"13121","5","42469","77","0","2023","4","",58,721,711,732,20233119,438316,6144,2158,"",0.72,0.98,0.95,0.98,0.76,0.79,0.97,0.78,"",16,38.1,79,12.3,63,9.7,86,13.3,1307522,6.9,160539,57.8,2819,84.8,-98,-4.3
"13121","5","424690","78","0","2023","4","",58,721,711,732,20233119,438316,6144,2158,"",0.72,0.98,0.95,0.98,0.76,0.79,0.97,0.78,"",16,38.1,79,12.3,63,9.7,86,13.3,1307522,6.9,160539,57.8,2819,84.8,-98,-4.3
"13121","5","4247","76","0","2023","4","",15,284,275,272,5834760,213247,2424,1620,"",0.31,0.46,0.44,0.43,0.26,0.32,0.35,0.59,"",2,15.4,62,27.9,50,22.2,38,16.2,782283,15.5,-92602,-30.3,-1956,-44.7,-92,-5.4
"13121","5","42471","77","0","2023","4","",5,74,75,74,1795636,37304,237,1858,"",0.33,0.35,0.35,0.34,0.25,0.16,0.11,0.71,"N",1,25.0,0,0,0,0,0,0,0,0,0,0,0,0,0,0
"13121","5","424710","78","0","2023","4","",5,74,75,74,1795636,37304,237,1858,"",0.33,0.35,0.35,0.34,0.25,0.16,0.11,0.71,"N",1,25.0,0,0,0,0,0,0,0,0,0,0,0,0,0,0
"13121","5","42472","77","0","2023","4","",10,210,200,198,4039124,175943,2187,1533,"",0.30,0.51,0.48,0.47,0.27,0.41,0.46,0.55,"N",1,11.1,0,0,0,0,0,0,0,0,0,0,0,0,0,0
"13121","5","424720","78","0","2023","4","",10,210,200,198,4039124,175943,2187,1533,"",0.30,0.51,0.48,0.47,0.27,0.41,0.46,0.55,"N",1,11.1,0,0,0,0,0,0,0,0,0,0,0,0,0,0
"13121","5","4248","76","0","2023","4","",47,2291,2257,2262,48321162,1602667,10523,1637,"",0.88,1.75,1.72,1.71,1.39,1.35,0.90,0.81,"",13,38.2,209,10.0,149,7.1,104,4.8,-24293369,-33.5,-825924,-34.0,-1921,-15.4,-1003,-38.0
"13121","5","42481","77","0","2023","4","",6,14,15,15,568418,11618,9,2981,"",0.35,0.02,0.02,0.02,0.04,0.02,0.00,1.76,"",1,20.0,-1,-6.7,0,0.0,-1,-6.2,55618,10.8,381,3.4,2,28.6,408,15.9
"13121","5","424810","78","0","2023","4","",6,14,15,15,568418,11618,9,2981,"",0.35,0.02,0.02,0.02,0.04,0.02,0.00,1.76,"",1,20.0,-1,-6.7,0,0.0,-1,-6.2,55618,10.8,381,3.4,2,28.6,408,15.9
"13121","5","42482","77","0","2023","4","",41,2277,2242,2247,47752744,1591049,10514,1629,"",1.12,3.78,3.69,3.68,2.50,3.50,2.11,0.67,"",12,41.4,210,10.2,149,7.1,105,4.9,-24348987,-33.8,-826305,-34.2,-1923,-15.5,-1011,-38.3
"13121","5","424820","78","0","2023","4","",41,2277,2242,2247,47752744,1591049,10514,1629,"",1.12,3.78,3.69,3.68,2.50,3.50,2.11,0.67,"",12,41.4,210,10.2,149,7.1,105,4.9,-24348987,-33.8,-826305,-34.2,-1923,-15.5,-1011,-38.3
"13121","5","4249","76","0","2023","4","",99,1195,1189,1194,22091202,1126106,12190,1425,"",0.45,0.60,0.59,0.60,0.44,0.50,0.46,0.74,"",13,15.1,-41,-3.3,-48,-3.9,-49,-3.9,129086,0.6,-152042,-11.9,-2915,-19.3,61,4.5
"13121","5","42491","77","0","2023","4","",11,68,69,72,1662663,113243,1064,1836,"",0.15,0.09,0.10,0.10,0.08,0.13,0.13,0.84,"N",2,22.2,0,0,0,0,0,0,0,0,0,0,0,0,0,0
"13121","5","424910","78","0","2023","4","",11,68,69,72,1662663,113243,1064,1836,"",0.15,0.09,0.10,0.10,0.08,0.13,0.13,0.84,"N",2,22.2,0,0,0,0,0,0,0,0,0,0,0,0,0,0
"13121","5","42492","77","0","2023","4","N",6,0,0,0,0,0,0,0,"N",0.54,0,0,0,0,0,0,0,"N",-3,-33.3,0,0,0,0,0,0,0,0,0,0,0,0,0,0
"13121","5","424920","78","0","2023","4","N",6,0,0,0,0,0,0,0,"N",0.54,0,0,0,0,0,0,0,"N",-3,-33.3,0,0,0,0,0,0,0,0,0,0,0,0,0,0
"13121","5","42493","77","0","2023","4","",15,207,214,208,5281890,91254,1000,1938,"",0.70,0.71,0.73,0.72,1.04,0.26,0.23,1.45,"",5,50.0,18,9.5,29,15.7,10,5.1,723475,15.9,14781,19.3,830,488.2,99,5.4
"13121","5","424930","78","0","2023","4","",15,207,214,208,5281890,91254,1000,1938,"",0.70,0.71,0.73,0.72,1.04,0.26,0.23,1.45,"",5,50.0,18,9.5,29,15.7,10,5.1,723475,15.9,14781,19.3,830,488.2,99,5.4
"13121","5","42494","77","0","2023","4","N",3,0,0,0,0,0,0,0,"N",0.23,0,0,0,0,0,0,0,"N",-1,-25.0,0,0,0,0,0,0,0,0,0,0,0,0,0,0
"13121","5","424940","78","0","2023","4","N",3,0,0,0,0,0,0,0,"N",0.23,0,0,0,0,0,0,0,"N",-1,-25.0,0,0,0,0,0,0,0,0,0,0,0,0,0,0
"13121","5","42495","77","0","2023","4","",7,88,87,86,1465455,61368,179,1296,"",0.43,0.60,0.60,0.59,0.39,0.50,0.13,0.66,"",0,0.0,-5,-5.4,-6,-6.5,-6,-6.5,-94047,-6.0,1851,3.1,105,141.9,1,0.1
"13121","5","424950","78","0","2023","4","",7,88,87,86,1465455,61368,179,1296,"",0.43,0.60,0.60,0.59,0.39,0.50,0.13,0.66,"",0,0.0,-5,-5.4,-6,-6.5,-6,-6.5,-94047,-6.0,1851,3.1,105,141.9,1,0.1
"13121","5","42499","77","0","2023","4","",57,573,570,581,8741712,727231,9151,1170,"",0.68,1.12,1.10,1.12,0.66,1.29,1.15,0.59,"",10,21.3,4,0.7,-11,-1.9,15,2.7,682326,8.5,31353,4.5,-1381,-13.1,86,7.9
"13121","5","424990","78","0","2023","4","",57,573,570,581,8741712,727231,9151,1170,"",0.68,1.12,1.10,1.12,0.66,1.29,1.15,0.59,"",10,21.3,4,0.7,-11,-1.9,15,2.7,682326,8.5,31353,4.5,-1381,-13.1,86,7.9
"13121","5","425","75","0","2023","4","",937,5201,5148,5213,171914029,7616248,108421,2549,"",1.37,1.66,1.63,1.64,1.30,2.77,3.13,0.79,"",-171,-15.4,426,8.9,309,6.4,359,7.4,15434780,9.9,2659346,53.6,34204,46.1,53,2.1
"13121","5","4251","76","0","2023","4","",937,5201,5148,5213,171914029,7616248,108421,2549,"",1.37,1.66,1.63,1.64,1.30,2.77,3.13,0.79,"",-171,-15.4,426,8.9,309,6.4,359,7.4,15434780,9.9,2659346,53.6,34204,46.1,53,2.1
"13121","5","42512","77","0","2023","4","",937,5201,5148,5213,171914029,7616248,108421,2549,"",1.37,1.66,1.63,1.64,1.30,2.77,3.13,0.79,"",-171,-15.4,426,8.9,309,6.4,359,7.4,15434780,9.9,2659346,53.6,34204,46.1,53,2.1
"13121","5","425120","78","0","2023","4","",937,5201,5148,5213,171914029,7616248,108421,2549,"",1.37,1.66,1.63,1.64,1.30,2.77,3.13,0.79,"",-171,-15.4,426,8.9,309,6.4,359,7.4,15434780,9.9,2659346,53.6,34204,46.1,53,2.1
"13121","5","44-45","74","0","2023","4","",3908,59288,61349,61825,811122027,71947453,631946,1026,"",0.65,0.63,0.63,0.63,0.63,0.61,0.56,1.00,"",-201,-4.9,661,1.1,644,1.1,244,0.4,86909423,12.0,-5442393,-7.0,-99086,-13.6,102,11.0
"13121","5","441","75","0","2023","4","",302,6131,6125,6160,129490637,6575039,62768,1623,"",0.43,0.49,0.49,0.49,0.47,0.44,0.39,0.95,"",-2,-0.7,475,8.4,441,7.8,483,8.5,8333011,6.9,913310,16.1,2334,3.9,-20,-1.2
"13121","5","4411","76","0","2023","4","",129,4498,4476,4528,107252764,4870500,46677,1833,"",0.48,0.58,0.57,0.58,0.53,0.53,0.44,0.92,"",-5,-3.7,402,9.8,360,8.7,417,10.1,5810788,5.7,1027035,26.7,4536,10.8,-67,-3.5
"13121","5","44111","77","0","2023","4","",50,3903,3908,3949,95754731,4096041,30131,1879,"",0.42,0.58,0.57,0.58,0.52,0.51,0.34,0.91,"",2,4.2,434,12.5,411,11.8,456,13.1,6623088,7.4,1140126,38.6,4107,15.8,-88,-4.5
"13121","5","441110","78","0","2023","4","",50,3903,3908,3949,95754731,4096041,30131,1879,"",0.42,0.58,0.57,0.58,0.52,0.51,0.34,0.91,"",2,4.2,434,12.5,411,11.8,456,13.1,6623088,7.4,1140126,38.6,4107,15.8,-88,-4.5
"13121","5","44112","77","0","2023","4","",79,595,568,579,11498033,774459,16546,1523,"",0.53,0.58,0.55,0.56,0.56,0.63,1.09,1.00,"",-7,-8.1,-32,-5.1,-51,-8.2,-39,-6.3,-812300,-6.6,-113091,-12.7,429,2.7,-1,-0.1
"13121","5","441120","78","0","2023","4","",79,595,568,579,11498033,774459,16546,1523,"",0.53,0.58,0.55,0.56,0.56,0.63,1.09,1.00,"",-7,-8.1,-32,-5.1,-51,-8.2,-39,-6.3,-812300,-6.6,-113091,-12.7,429,2.7,-1,-0.1
"13121","5","4412","76","0","2023","4","",29,188,187,188,4113887,210089,4523,1686,"",0.33,0.18,0.18,0.18,0.19,0.16,0.28,1.04,"",4,16.0,-118,-38.6,-121,-39.3,-122,-39.4,-980881,-19.3,-123096,-36.9,-2928,-39.3,414,32.5
"13121","5","44121","77","0","2023","4","",5,8,6,5,263737,14090,380,3203,"",0.28,0.02,0.02,0.02,0.04,0.03,0.06,1.89,"N",3,150.0,0,0,0,0,0,0,0,0,0,0,0,0,0,0
"13121","5","441210","78","0","2023","4","",5,8,6,5,263737,14090,380,3203,"",0.28,0.02,0.02,0.02,0.04,0.03,0.06,1.89,"N",3,150.0,0,0,0,0,0,0,0,0,0,0,0,0,0,0
"13121","5","44122","77","0","2023","4","",24,180,181,183,3850150,195999,4143,1633,"",0.35,0.25,0.25,0.26,0.26,0.23,0.41,1.02,"N",1,4.3,0,0,0,0,0,0,0,0,0,0,0,0,0,0
"13121","5","441222","78","0","2023","4","N",4,0,0,0,0,0,0,0,"N",0.16,0,0,0,0,0,0,0,"N",1,33.3,0,0,0,0,0,0,0,0,0,0,0,0,0,0
"13121","5","441227","78","0","2023","4","N",20,0,0,0,0,0,0,0,"N",0.46,0,0,0,0,0,0,0,"N",0,0.0,0,0,0,0,0,0,0,0,0,0,0,0,0,0
"13121","5","4413","76","0","2023","4","",144,1445,1462,1444,18123986,1494450,11568,961,"",0.42,0.40,0.40,0.40,0.35,0.33,0.29,0.87,"",-1,-0.7,191,15.2,202,16.0,188,15.0,3503104,24.0,9371,0.6,726,6.7,66,7.4
"13121","5","44133","77","0","2023","4","",96,1038,1047,1021,12345041,845103,6719,917,"",0.43,0.43,0.43,0.42,0.40,0.29,0.28,0.93,"",-1,-1.0,187,22.0,206,24.5,181,21.5,3418185,38.3,16432,2.0,-656,-8.9,103,12.7
"13121","5","441330","78","0","2023","4","",96,1038,1047,1021,12345041,845103,6719,917,"",0.43,0.43,0.43,0.42,0.40,0.29,0.28,0.93,"",-1,-1.0,187,22.0,206,24.5,181,21.5,3418185,38.3,16432,2.0,-656,-8.9,103,12.7
"13121","5","44134","77","0","2023","4","",48,407,415,423,5778945,649347,4849,1071,"",0.42,0.35,0.35,0.36,0.28,0.39,0.31,0.78,"",0,0.0,4,1.0,-4,-1.0,7,1.7,84919,1.5,-7061,-1.1,1382,39.9,10,0.9
"13121","5","441340","78","0","2023","4","",48,407,415,423,5778945,649347,4849,1071,"",0.42,0.35,0.35,0.36,0.28,0.39,0.31,0.78,"",0,0.0,4,1.0,-4,-1.0,7,1.7,84919,1.5,-7061,-1.1,1382,39.9,10,0.9
"13121","5","444","75","0","2023","4","",171,3826,3926,3916,41666540,3116470,22598,824,"",0.42,0.45,0.47,0.47,0.34,0.34,0.26,0.74,"",7,4.3,-79,-2.0,-47,-1.2,-129,-3.2,-1330220,-3.1,-225615,-6.8,-23671,-51.2,-8,-1.0
"13121","5","4441","76","0","2023","4","",149,3362,3376,3363,38037856,2200465,12482,869,"",0.48,0.46,0.46,0.46,0.36,0.27,0.18,0.78,"",7,4.9,-136,-3.9,-112,-3.2,-92,-2.7,-1503632,-3.8,-296696,-11.9,-25113,-66.8,-5,-0.6
"13121","5","44411","77","0","2023","4","",29,2406,2387,2376,21718993,1320254,2392,699,"",0.55,0.54,0.54,0.54,0.42,0.28,0.06,0.79,"",9,45.0,-24,-1.0,-33,-1.4,-26,-1.1,-36349,-0.2,-205437,-13.5,-24175,-91.0,7,1.0
"13121","5","444110","78","0","2023","4","",29,2406,2387,2376,21718993,1320254,2392,699,"",0.55,0.54,0.54,0.54,0.42,0.28,0.06,0.79,"",9,45.0,-24,-1.0,-33,-1.4,-26,-1.1,-36349,-0.2,-205437,-13.5,-24175,-91.0,7,1.0
"13121","5","44412","77","0","2023","4","",24,96,103,103,1198886,58747,398,916,"",0.62,0.38,0.40,0.40,0.27,0.26,0.22,0.68,"",1,4.3,-11,-10.3,-5,-4.6,-2,-1.9,-212065,-15.0,-19119,-24.6,-430,-51.9,-102,-10.0
"13121","5","444120","78","0","2023","4","",24,96,103,103,1198886,58747,398,916,"",0.62,0.38,0.40,0.40,0.27,0.26,0.22,0.68,"",1,4.3,-11,-10.3,-5,-4.6,-2,-1.9,-212065,-15.0,-19119,-24.6,-430,-51.9,-102,-10.0
"13121","5","44414","77","0","2023","4","",24,298,308,310,2545613,300892,2031,641,"",0.27,0.28,0.29,0.29,0.19,0.23,0.19,0.65,"",-2,-7.7,-16,-5.1,14,4.8,15,5.1,34331,1.4,-48473,-13.9,-342,-14.4,-1,-0.2
"13121","5","444140","78","0","2023","4","",24,298,308,310,2545613,300892,2031,641,"",0.27,0.28,0.29,0.29,0.19,0.23,0.19,0.65,"",-2,-7.7,-16,-5.1,14,4.8,15,5.1,34331,1.4,-48473,-13.9,-342,-14.4,-1,-0.2
"13121","5","44418","77","0","2023","4","",72,562,578,574,12574364,520572,7661,1693,"",0.55,0.37,0.38,0.37,0.34,0.31,0.42,0.92,"",-1,-1.4,-85,-13.1,-88,-13.2,-79,-12.1,-1289549,-9.3,-23667,-4.3,-166,-2.1,66,4.1
"13121","5","444180","78","0","2023","4","",72,562,578,574,12574364,520572,7661,1693,"",0.55,0.37,0.38,0.37,0.34,0.31,0.42,0.92,"",-1,-1.4,-85,-13.1,-88,-13.2,-79,-12.1,-1289549,-9.3,-23667,-4.3,-166,-2.1,66,4.1
"13121","5","4442","76","0","2023","4","",22,464,550,553,3628684,916005,10116,534,"",0.22,0.41,0.49,0.50,0.24,0.71,0.61,0.52,"",0,0.0,57,14.0,65,13.4,-37,-6.3,173412,5.0,71081,8.4,1442,16.6,-4,-0.7
"13121","5","44423","77","0","2023","4","N",2,0,0,0,0,0,0,0,"N",0.09,0,0,0,0,0,0,0,"N",0,0.0,0,0,0,0,0,0,0,0,0,0,0,0,0,0
"13121","5","444230","78","0","2023","4","N",2,0,0,0,0,0,0,0,"N",0.09,0,0,0,0,0,0,0,"N",0,0.0,0,0,0,0,0,0,0,0,0,0,0,0,0,0
"13121","5","44424","77","0","2023","4","N",20,0,0,0,0,0,0,0,"N",0.26,0,0,0,0,0,0,0,"N",0,0.0,0,0,0,0,0,0,0,0,0,0,0,0,0,0
"13121","5","444240","78","0","2023","4","N",20,0,0,0,0,0,0,0,"N",0.26,0,0,0,0,0,0,0,"N",0,0.0,0,0,0,0,0,0,0,0,0,0,0,0,0,0
"13121","5","445","75","0","2023","4","",610,13018,13282,13245,116426784,14955455,100849,679,"",0.68,0.67,0.67,0.66,0.55,0.62,0.49,0.83,"",-73,-10.7,435,3.5,384,3.0,209,1.6,7003742,6.4,-665216,-4.3,-3718,-3.6,23,3.5
"13121","5","4451","76","0","2023","4","",361,11792,11936,11930,104292335,13197837,76785,675,"",0.66,0.69,0.69,0.69,0.57,0.64,0.47,0.83,"",-64,-15.1,606,5.4,558,4.9,450,3.9,8098619,8.4,-287410,-2.1,949,1.3,23,3.5
"13121","5","44511","77","0","2023","4","",183,11038,11197,11229,93537483,12337058,63961,645,"",0.56,0.70,0.70,0.70,0.56,0.65,0.45,0.79,"",-10,-5.2,507,4.8,469,4.4,375,3.5,6189457,7.1,-404067,-3.2,637,1.0,17,2.7
"13121","5","445110","78","0","2023","4","",183,11038,11197,11229,93537483,12337058,63961,645,"",0.56,0.70,0.70,0.70,0.56,0.65,0.45,0.79,"",-10,-5.2,507,4.8,469,4.4,375,3.5,6189457,7.1,-404067,-3.2,637,1.0,17,2.7
"13121","5","44513","77","0","2023","4","",178,754,739,701,10754852,860779,12824,1131,"",0.82,0.60,0.59,0.56,0.81,0.50,0.57,1.40,"",-54,-23.3,99,15.1,89,13.7,75,12.0,1909162,21.6,116657,15.7,312,2.5,74,7.0
"13121","5","445131","78","0","2023","4","",168,673,658,617,8993968,767528,11526,1065,"",0.85,0.65,0.64,0.60,0.94,0.54,0.62,1.49,"",-51,-23.3,99,17.2,88,15.4,67,12.2,1403238,18.5,113351,17.3,163,1.4,31,3.0
"13121","5","445132","78","0","2023","4","",10,81,81,84,1760884,93251,1298,1652,"",0.52,0.36,0.35,0.37,0.48,0.33,0.33,1.34,"",-3,-23.1,0,0.0,1,1.2,8,10.5,505924,40.3,3306,3.7,149,13.0,430,35.2
"13121","5","4452","76","0","2023","4","",101,420,516,483,4329183,573359,10371,704,"",0.62,0.28,0.34,0.32,0.25,0.28,0.39,0.79,"",0,0.0,-1,-0.2,6,1.2,-33,-6.4,-79636,-1.8,-98270,-14.6,-788,-7.1,1,0.1
"13121","5","44523","77","0","2023","4","",9,31,31,27,339601,55769,1392,881,"",0.46,0.12,0.14,0.13,0.12,0.19,0.32,0.90,"N",0,0.0,0,0,0,0,0,0,0,0,0,0,0,0,0,0
"13121","5","445230","78","0","2023","4","",9,31,31,27,339601,55769,1392,881,"",0.46,0.12,0.14,0.13,0.12,0.19,0.32,0.90,"N",0,0.0,0,0,0,0,0,0,0,0,0,0,0,0,0,0
"13121","5","44524","77","0","2023","4","",26,165,247,213,2021872,132638,2766,747,"",0.68,0.43,0.58,0.50,0.42,0.25,0.49,0.82,"",1,4.0,12,7.8,21,9.3,-20,-8.6,-188846,-8.5,9263,7.5,156,6.0,-87,-10.4
"13121","5","445240","78","0","2023","4","",26,165,247,213,2021872,132638,2766,747,"",0.68,0.43,0.58,0.50,0.42,0.25,0.49,0.82,"",1,4.0,12,7.8,21,9.3,-20,-8.6,-188846,-8.5,9263,7.5,156,6.0,-87,-10.4
"13121","5","44525","77","0","2023","4","",13,38,34,35,185136,43934,586,399,"",1.00,0.42,0.38,0.39,0.16,0.42,0.41,0.41,"N",0,0.0,0,0,0,0,0,0,0,0,0,0,0,0,0,0
"13121","5","445250","78","0","2023","4","",13,38,34,35,185136,43934,586,399,"",1.00,0.42,0.38,0.39,0.16,0.42,0.41,0.41,"N",0,0.0,0,0,0,0,0,0,0,0,0,0,0,0,0,0
"13121","5","44529","77","0","2023","4","",53,186,204,208,1782574,341018,5627,688,"",0.57,0.24,0.26,0.26,0.21,0.30,0.38,0.82,"",-1,-1.9,14,8.1,11,5.7,11,5.6,157016,9.7,-98138,-22.3,-983,-14.9,21,3.1
"13121","5","445291","78","0","2023","4","",5,6,5,5,93327,1667,22,1346,"",0.33,0.05,0.04,0.04,0.07,0.01,0.01,1.64,"",1,25.0,-2,-25.0,-3,-37.5,-3,-37.5,-118207,-55.9,-218,-11.6,0,0.0,-688,-33.8
"13121","5","445292","78","0","2023","4","",15,38,56,63,320763,138359,2068,471,"",0.84,0.31,0.40,0.42,0.26,0.72,0.66,0.69,"",-1,-6.2,6,18.8,2,3.7,7,12.5,113317,54.6,1479,1.1,-329,-13.7,134,39.8
"13121","5","445298","78","0","2023","4","",33,142,143,140,1368484,200992,3537,743,"",0.55,0.28,0.28,0.27,0.23,0.26,0.37,0.84,"",-1,-2.9,10,7.6,12,9.2,7,5.3,161906,13.4,-99399,-33.1,-654,-15.6,40,5.7
"13121","5","4453","76","0","2023","4","",148,806,830,832,7805266,1184259,13693,730,"",0.77,0.76,0.76,0.76,0.71,0.87,0.86,0.93,"",-9,-5.7,-170,-17.4,-180,-17.8,-208,-20.0,-1015241,-11.5,-279536,-19.1,-3879,-22.1,57,8.5
"13121","5","44532","77","0","2023","4","",148,806,830,832,7805266,1184259,13693,730,"",0.77,0.76,0.76,0.76,0.71,0.87,0.86,0.93,"",-9,-5.7,-170,-17.4,-180,-17.8,-208,-20.0,-1015241,-11.5,-279536,-19.1,-3879,-22.1,57,8.5
"13121","5","445320","78","0","2023","4","",148,806,830,832,7805266,1184259,13693,730,"",0.77,0.76,0.76,0.76,0.71,0.87,0.86,0.93,"",-9,-5.7,-170,-17.4,-180,-17.8,-208,-20.0,-1015241,-11.5,-279536,-19.1,-3879,-22.1,57,8.5
"13121","5","449","75","0","2023","4","",425,5591,5651,5573,103016440,4480843,45767,1414,"",0.84,1.12,1.09,1.07,1.03,0.78,0.71,0.94,"",-29,-6.4,-579,-9.4,-574,-9.2,-571,-9.3,-1157480,-1.1,-1689459,-27.4,-22406,-32.9,117,9.0
"13121","5","4491","76","0","2023","4","",246,2751,2784,2783,42834332,2849724,35843,1188,"",0.93,1.08,1.07,1.06,0.94,0.94,1.10,0.88,"",-10,-3.9,-134,-4.6,-171,-5.8,-157,-5.3,-1727906,-3.9,-1161165,-29.0,-17280,-32.5,17,1.5
"13121","5","44911","77","0","2023","4","",140,1220,1219,1214,24884517,1000141,12052,1572,"",1.07,0.96,0.95,0.95,1.03,0.71,0.79,1.07,"",4,2.9,124,11.3,122,11.1,126,11.6,557239,2.3,-68312,-6.4,-1111,-8.4,-139,-8.1
"13121","5","449110","78","0","2023","4","",140,1220,1219,1214,24884517,1000141,12052,1572,"",1.07,0.96,0.95,0.95,1.03,0.71,0.79,1.07,"",4,2.9,124,11.3,122,11.1,126,11.6,557239,2.3,-68312,-6.4,-1111,-8.4,-139,-8.1
"13121","5","44912","77","0","2023","4","",106,1531,1565,1569,17949815,1849583,23791,888,"",0.78,1.20,1.18,1.15,0.84,1.15,1.37,0.71,"",-14,-11.7,-258,-14.4,-293,-15.8,-283,-15.3,-2285145,-11.3,-1092853,-37.1,-16169,-40.5,39,4.6
"13121","5","449121","78","0","2023","4","",29,288,286,283,3869570,202703,1233,1042,"",0.56,0.68,0.67,0.66,0.40,0.43,0.23,0.60,"",-5,-14.7,-31,-9.7,-24,-7.7,-27,-8.7,-452719,-10.5,-128200,-38.7,-1645,-57.2,-20,-1.9
"13121","5","449122","78","0","2023","4","",6,63,65,63,953401,44652,424,1152,"",0.37,0.81,0.83,0.81,0.58,0.49,0.38,0.71,"",-1,-14.3,-7,-10.0,-11,-14.5,-13,-17.1,-223973,-19.0,-20050,-31.0,-351,-45.3,-72,-5.9
"13121","5","449129","78","0","2023","4","",71,1180,1214,1223,13126844,1602228,22134,838,"",1.06,1.52,1.47,1.43,1.30,1.53,2.03,0.88,"",-8,-10.1,-220,-15.7,-258,-17.5,-243,-16.6,-1608453,-10.9,-944603,-37.1,-14173,-39.0,54,6.9
"13121","5","4492","76","0","2023","4","",179,2840,2867,2790,60182108,1631119,9924,1634,"",0.74,1.15,1.12,1.09,1.11,0.60,0.31,0.99,"",-19,-9.6,-445,-13.5,-403,-12.3,-414,-12.9,570426,1.0,-528294,-24.5,-5126,-34.1,224,15.9
"13121","5","44921","77","0","2023","4","",179,2840,2867,2790,60182108,1631119,9924,1634,"",0.74,1.15,1.12,1.09,1.11,0.60,0.31,0.99,"",-19,-9.6,-445,-13.5,-403,-12.3,-414,-12.9,570426,1.0,-528294,-24.5,-5126,-34.1,224,15.9
"13121","5","449210","78","0","2023","4","",179,2840,2867,2790,60182108,1631119,9924,1634,"",0.74,1.15,1.12,1.09,1.11,0.60,0.31,0.99,"",-19,-9.6,-445,-13.5,-403,-12.3,-414,-12.9,570426,1.0,-528294,-24.5,-5126,-34.1,224,15.9
"13121","5","455","75","0","2023","4","",229,11628,12628,12923,133779831,16279103,131549,830,"",0.50,0.59,0.61,0.62,0.65,0.65,0.59,1.08,"",16,7.5,-22,-0.2,160,1.3,57,0.4,4151374,3.2,-424026,-2.5,-16111,-10.9,21,2.6
"13121","5","4551","76","0","2023","4","",55,5396,5827,5887,74654131,6750935,44555,1007,"",0.82,0.90,0.89,0.90,1.35,0.85,0.56,1.50,"",0,0.0,-39,-0.7,-75,-1.3,-153,-2.5,-2426129,-3.1,-1294178,-16.1,-1813,-3.9,-17,-1.7
"13121","5","45511","77","0","2023","4","",55,5396,5827,5887,74654131,6750935,44555,1007,"",0.82,0.90,0.89,0.90,1.35,0.85,0.56,1.50,"",0,0.0,-39,-0.7,-75,-1.3,-153,-2.5,-2426129,-3.1,-1294178,-16.1,-1813,-3.9,-17,-1.7
"13121","5","455110","78","0","2023","4","",55,5396,5827,5887,74654131,6750935,44555,1007,"",0.82,0.90,0.89,0.90,1.35,0.85,0.56,1.50,"",0,0.0,-39,-0.7,-75,-1.3,-153,-2.5,-2426129,-3.1,-1294178,-16.1,-1813,-3.9,-17,-1.7
"13121","5","4552","76","0","2023","4","",174,6232,6801,7036,59125700,9528168,86994,680,"",0.45,0.45,0.47,0.49,0.39,0.56,0.61,0.84,"",16,10.1,17,0.3,235,3.6,210,3.1,6577503,12.5,870152,10.1,-14298,-14.1,62,10.0
"13121","5","45521","77","0","2023","4","",174,6232,6801,7036,59125700,9528168,86994,680,"",0.45,0.45,0.47,0.49,0.39,0.56,0.61,0.84,"",16,10.1,17,0.3,235,3.6,210,3.1,6577503,12.5,870152,10.1,-14298,-14.1,62,10.0
"13121","5","455211","78","0","2023","4","",19,3750,3935,3935,32739571,4480191,32516,650,"",0.53,0.37,0.38,0.38,0.29,0.38,0.38,0.78,"",0,0.0,-301,-7.4,-211,-5.1,-357,-8.3,422861,1.3,38182,0.9,-5546,-14.6,53,8.9
"13121","5","455219","78","0","2023","4","",155,2482,2866,3101,26386129,5047977,54478,721,"",0.44,0.66,0.73,0.77,0.69,0.96,0.96,0.95,"",16,11.5,318,14.7,446,18.4,567,22.4,6154642,30.4,831970,19.7,-8752,-13.8,65,9.9
"13121","5","456","75","0","2023","4","",466,4432,4490,4517,68052206,5417783,58738,1169,"",0.70,0.66,0.65,0.65,0.63,0.68,0.76,0.96,"",-19,-3.9,276,6.6,112,2.6,200,4.6,13157204,24.0,-1590505,-22.7,-10618,-15.3,183,18.6
"13121","5","4561","76","0","2023","4","",466,4432,4490,4517,68052206,5417783,58738,1169,"",0.70,0.66,0.65,0.65,0.63,0.68,0.76,0.96,"",-19,-3.9,276,6.6,112,2.6,200,4.6,13157204,24.0,-1590505,-22.7,-10618,-15.3,183,18.6
"13121","5","45611","77","0","2023","4","",213,2555,2561,2608,49384063,2620558,28282,1475,"",0.59,0.59,0.58,0.58,0.66,0.52,0.63,1.13,"",-12,-5.3,305,13.6,192,8.1,314,13.7,13128132,36.2,-1022327,-28.1,-10124,-26.4,265,21.9
"13121","5","456110","78","0","2023","4","",213,2555,2561,2608,49384063,2620558,28282,1475,"",0.59,0.59,0.58,0.58,0.66,0.52,0.63,1.13,"",-12,-5.3,305,13.6,192,8.1,314,13.7,13128132,36.2,-1022327,-28.1,-10124,-26.4,265,21.9
"13121","5","45612","77","0","2023","4","",108,1027,1093,1071,7428027,1873563,19465,537,"",0.96,0.85,0.84,0.83,0.57,1.24,1.18,0.67,"",-13,-10.7,-65,-6.0,-75,-6.4,-95,-8.1,-902717,-10.8,-242342,-11.5,2939,17.8,-24,-4.3
"13121","5","456120","78","0","2023","4","",108,1027,1093,1071,7428027,1873563,19465,537,"",0.96,0.85,0.84,0.83,0.57,1.24,1.18,0.67,"",-13,-10.7,-65,-6.0,-75,-6.4,-95,-8.1,-902717,-10.8,-242342,-11.5,2939,17.8,-24,-4.3
"13121","5","45613","77","0","2023","4","",57,492,485,491,7293190,521471,5488,1146,"",0.94,1.10,1.08,1.08,1.02,1.07,1.07,0.94,"",-3,-5.0,26,5.6,1,0.2,-4,-0.8,589441,8.8,-169389,-24.5,-263,-4.6,75,7.0
"13121","5","456130","78","0","2023","4","",57,492,485,491,7293190,521471,5488,1146,"",0.94,1.10,1.08,1.08,1.02,1.07,1.07,0.94,"",-3,-5.0,26,5.6,1,0.2,-4,-0.8,589441,8.8,-169389,-24.5,-263,-4.6,75,7.0
"13121","5","45619","77","0","2023","4","",88,358,351,347,3946926,402191,5503,863,"",0.69,0.50,0.48,0.48,0.29,0.44,0.52,0.60,"",9,11.4,10,2.9,-6,-1.7,-15,-4.1,342348,9.5,-156447,-28.0,-3170,-36.6,83,10.6
"13121","5","456191","78","0","2023","4","",51,170,162,159,1203226,235055,3352,566,"",0.84,0.58,0.55,0.53,0.27,0.60,0.76,0.49,"",1,2.0,-5,-2.9,-18,-10.0,-30,-15.9,-136162,-10.2,-118448,-33.5,-2242,-40.1,-2,-0.4
"13121","5","456199","78","0","2023","4","",37,188,189,188,2743700,167136,2151,1121,"",0.55,0.44,0.44,0.43,0.30,0.32,0.35,0.69,"",8,27.6,15,8.7,12,6.8,15,8.7,478510,21.1,-37999,-18.5,-928,-30.1,122,12.2
"13121","5","457","75","0","2023","4","",376,2015,2000,1993,18795089,2591630,31596,722,"",0.56,0.32,0.31,0.31,0.26,0.29,0.39,0.85,"",-17,-4.3,130,6.9,125,6.7,141,7.6,1649979,9.6,176314,7.3,7086,28.9,17,2.4
"13121","5","4571","76","0","2023","4","",369,1987,1968,1963,18268405,2548670,31437,712,"",0.59,0.33,0.33,0.33,0.30,0.30,0.42,0.92,"",-18,-4.7,144,7.8,137,7.5,153,8.5,1948393,11.9,156568,6.5,7334,30.4,25,3.6
"13121","5","45711","77","0","2023","4","",341,1762,1738,1722,15413381,2115127,27128,681,"",0.60,0.33,0.32,0.32,0.29,0.27,0.41,0.90,"",-19,-5.3,167,10.5,139,8.7,154,9.8,2519085,19.5,355243,20.2,9928,57.7,56,9.0
"13121","5","457110","78","0","2023","4","",341,1762,1738,1722,15413381,2115127,27128,681,"",0.60,0.33,0.32,0.32,0.29,0.27,0.41,0.90,"",-19,-5.3,167,10.5,139,8.7,154,9.8,2519085,19.5,355243,20.2,9928,57.7,56,9.0
"13121","5","45712","77","0","2023","4","",28,225,230,241,2855024,433543,4309,947,"",0.52,0.40,0.40,0.42,0.42,0.54,0.55,1.02,"",1,3.7,-23,-9.3,-2,-0.9,-1,-0.4,-570692,-16.7,-198675,-31.4,-2594,-37.6,-148,-13.5
"13121","5","457120","78","0","2023","4","",28,225,230,241,2855024,433543,4309,947,"",0.52,0.40,0.40,0.42,0.42,0.54,0.55,1.02,"",1,3.7,-23,-9.3,-2,-0.9,-1,-0.4,-570692,-16.7,-198675,-31.4,-2594,-37.6,-148,-13.5
"13121","5","4572","76","0","2023","4","",7,28,32,30,526684,42960,159,1350,"",0.16,0.07,0.07,0.07,0.05,0.10,0.02,0.71,"",1,16.7,-14,-33.3,-12,-27.3,-12,-28.6,-298414,-36.2,19746,85.1,-248,-60.9,-138,-9.3
"13121","5","45721","77","0","2023","4","",7,28,32,30,526684,42960,159,1350,"",0.16,0.07,0.07,0.07,0.05,0.10,0.02,0.71,"",1,16.7,-14,-33.3,-12,-27.3,-12,-28.6,-298414,-36.2,19746,85.1,-248,-60.9,-138,-9.3
"13121","5","457210","78","0","2023","4","",7,28,32,30,526684,42960,159,1350,"",0.16,0.07,0.07,0.07,0.05,0.10,0.02,0.71,"",1,16.7,-14,-33.3,-12,-27.3,-12,-28.6,-298414,-36.2,19746,85.1,-248,-60.9,-138,-9.3
"13121","5","458","75","0","2023","4","",654,6943,7416,7553,73558747,11171497,101242,775,"",0.96,0.98,0.98,0.98,0.93,1.22,0.96,0.94,"",-40,-5.8,324,4.9,285,4.0,17,0.2,5734518,8.5,-559431,-4.8,-13812,-12.0,40,5.4
"13121","5","4581","76","0","2023","4","",463,4998,5354,5489,46054335,8448769,73906,671,"",0.98,0.95,0.95,0.96,0.84,1.21,0.92,0.88,"",-25,-5.1,282,6.0,288,5.7,94,1.7,3221643,7.5,-52076,-0.6,-293,-0.4,20,3.1
"13121","5","45811","77","0","2023","4","",463,4998,5354,5489,46054335,8448769,73906,671,"",0.98,0.95,0.95,0.96,0.84,1.21,0.92,0.88,"",-25,-5.1,282,6.0,288,5.7,94,1.7,3221643,7.5,-52076,-0.6,-293,-0.4,20,3.1
"13121","5","458110","78","0","2023","4","",463,4998,5354,5489,46054335,8448769,73906,671,"",0.98,0.95,0.95,0.96,0.84,1.21,0.92,0.88,"",-25,-5.1,282,6.0,288,5.7,94,1.7,3221643,7.5,-52076,-0.6,-293,-0.4,20,3.1
"13121","5","4582","76","0","2023","4","",81,1098,1181,1211,11858200,1709305,18225,784,"",0.93,1.06,1.08,1.06,1.15,1.32,1.35,1.07,"",-4,-4.7,-31,-2.7,-64,-5.1,-76,-5.9,854369,7.8,-394253,-18.7,-12022,-39.7,90,13.0
"13121","5","45821","77","0","2023","4","",81,1098,1181,1211,11858200,1709305,18225,784,"",0.93,1.06,1.08,1.06,1.15,1.32,1.35,1.07,"",-4,-4.7,-31,-2.7,-64,-5.1,-76,-5.9,854369,7.8,-394253,-18.7,-12022,-39.7,90,13.0
"13121","5","458210","78","0","2023","4","",81,1098,1181,1211,11858200,1709305,18225,784,"",0.93,1.06,1.08,1.06,1.15,1.32,1.35,1.07,"",-4,-4.7,-31,-2.7,-64,-5.1,-76,-5.9,854369,7.8,-394253,-18.7,-12022,-39.7,90,13.0
"13121","5","4583","76","0","2023","4","",110,847,881,853,15646212,1013423,9111,1399,"",0.91,1.14,1.12,1.05,1.10,1.11,0.83,0.99,"",-11,-9.1,73,9.4,61,7.4,-1,-0.1,1658506,11.9,-113102,-10.0,-1497,-14.1,80,6.1
"13121","5","45831","77","0","2023","4","",103,687,719,697,13092883,897902,8252,1437,"",0.91,1.02,1.01,0.95,1.02,1.09,0.85,1.02,"",-11,-9.6,84,13.9,71,11.0,16,2.3,1614925,14.1,-119873,-11.8,-1091,-11.7,66,4.8
"13121","5","458310","78","0","2023","4","",103,687,719,697,13092883,897902,8252,1437,"",0.91,1.02,1.01,0.95,1.02,1.09,0.85,1.02,"",-11,-9.6,84,13.9,71,11.0,16,2.3,1614925,14.1,-119873,-11.8,-1091,-11.7,66,4.8
"13121","5","45832","77","0","2023","4","",7,160,162,156,2553329,115521,859,1233,"",1.03,2.30,2.15,2.01,1.80,1.30,0.65,0.84,"",0,0.0,-11,-6.4,-10,-5.8,-17,-9.8,43581,1.7,6771,6.2,-406,-32.1,111,9.9
"13121","5","458320","78","0","2023","4","",7,160,162,156,2553329,115521,859,1233,"",1.03,2.30,2.15,2.01,1.80,1.30,0.65,0.84,"",0,0.0,-11,-6.4,-10,-5.8,-17,-9.8,43581,1.7,6771,6.2,-406,-32.1,111,9.9
"13121","5","459","75","0","2023","4","",675,5704,5831,5945,126335753,7359633,76839,1668,"",0.63,0.61,0.61,0.62,1.11,0.61,0.58,1.81,"",-44,-6.1,-299,-5.0,-242,-4.0,-163,-2.7,49367295,64.1,-1377765,-15.8,-18170,-19.1,691,70.7
"13121","5","4591","76","0","2023","4","",151,1682,1747,1804,18333851,2044288,20451,809,"",0.59,0.56,0.55,0.56,0.59,0.51,0.58,1.06,"",-7,-4.4,-17,-1.0,3,0.2,-7,-0.4,1041109,6.0,-1171427,-36.4,-8826,-30.1,49,6.4
"13121","5","45911","77","0","2023","4","",81,1097,1139,1169,12736248,1322370,14261,863,"",0.57,0.60,0.60,0.60,0.65,0.55,0.66,1.08,"",-6,-6.9,-43,-3.8,-7,-0.6,-53,-4.3,5268,0.0,-946844,-41.7,-3862,-21.3,26,3.1
"13121","5","459110","78","0","2023","4","",81,1097,1139,1169,12736248,1322370,14261,863,"",0.57,0.60,0.60,0.60,0.65,0.55,0.66,1.08,"",-6,-6.9,-43,-3.8,-7,-0.6,-53,-4.3,5268,0.0,-946844,-41.7,-3862,-21.3,26,3.1
"13121","5","45912","77","0","2023","4","",37,329,355,392,3041124,521134,4036,652,"",0.53,0.42,0.41,0.45,0.41,0.45,0.40,0.96,"",0,0.0,-4,-1.2,-9,-2.5,18,4.8,493241,19.4,-148591,-22.2,-5050,-55.6,103,18.8
"13121","5","459120","78","0","2023","4","",37,329,355,392,3041124,521134,4036,652,"",0.53,0.42,0.41,0.45,0.41,0.45,0.40,0.96,"",0,0.0,-4,-1.2,-9,-2.5,18,4.8,493241,19.4,-148591,-22.2,-5050,-55.6,103,18.8
"13121","5","45913","77","0","2023","4","",16,122,123,114,1480264,139834,1159,952,"",0.67,0.62,0.61,0.57,0.99,0.60,0.63,1.66,"",0,0.0,10,8.9,9,7.9,11,10.7,450272,43.7,-46614,-25.0,-462,-28.5,230,31.9
"13121","5","459130","78","0","2023","4","",16,122,123,114,1480264,139834,1159,952,"",0.67,0.62,0.61,0.57,0.99,0.60,0.63,1.66,"",0,0.0,10,8.9,9,7.9,11,10.7,450272,43.7,-46614,-25.0,-462,-28.5,230,31.9
"13121","5","45914","77","0","2023","4","",17,134,130,129,1076215,60950,995,632,"",0.80,0.65,0.63,0.62,0.42,0.29,0.54,0.67,"",-1,-5.6,20,17.5,10,8.3,17,15.2,92328,9.4,-29378,-32.5,548,122.6,-24,-3.7
"13121","5","459140","78","0","2023","4","",17,134,130,129,1076215,60950,995,632,"",0.80,0.65,0.63,0.62,0.42,0.29,0.54,0.67,"",-1,-5.6,20,17.5,10,8.3,17,15.2,92328,9.4,-29378,-32.5,548,122.6,-24,-3.7
"13121","5","4592","76","0","2023","4","",41,313,327,350,2136510,447415,7010,498,"",0.90,0.76,0.76,0.79,0.50,0.87,1.40,0.65,"",-3,-6.8,51,19.5,49,17.6,68,24.1,301538,16.4,86044,23.8,2693,62.4,-17,-3.3
"13121","5","45921","77","0","2023","4","",41,313,327,350,2136510,447415,7010,498,"",0.90,0.76,0.76,0.79,0.50,0.87,1.40,0.65,"",-3,-6.8,51,19.5,49,17.6,68,24.1,301538,16.4,86044,23.8,2693,62.4,-17,-3.3
"13121","5","459210","78","0","2023","4","",41,313,327,350,2136510,447415,7010,498,"",0.90,0.76,0.76,0.79,0.50,0.87,1.40,0.65,"",-3,-6.8,51,19.5,49,17.6,68,24.1,301538,16.4,86044,23.8,2693,62.4,-17,-3.3
"13121","5","4593","76","0","2023","4","",46,159,161,160,1417200,172979,1675,681,"",0.66,0.44,0.43,0.43,0.39,0.34,0.26,0.91,"",-3,-6.1,10,6.7,0,0.0,9,6.0,80938,6.1,-68820,-28.5,-939,-35.9,12,1.8
"13121","5","45931","77","0","2023","4","",46,159,161,160,1417200,172979,1675,681,"",0.66,0.44,0.43,0.43,0.39,0.34,0.26,0.91,"",-3,-6.1,10,6.7,0,0.0,9,6.0,80938,6.1,-68820,-28.5,-939,-35.9,12,1.8
"13121","5","459310","78","0","2023","4","",46,159,161,160,1417200,172979,1675,681,"",0.66,0.44,0.43,0.43,0.39,0.34,0.26,0.91,"",-3,-6.1,10,6.7,0,0.0,9,6.0,80938,6.1,-68820,-28.5,-939,-35.9,12,1.8
"13121","5","4594","76","0","2023","4","",131,1414,1453,1458,82752713,1917472,13256,4415,"",0.89,1.06,1.13,1.13,5.40,1.17,0.69,4.89,"",-3,-2.2,-22,-1.5,3,0.2,8,0.6,54928122,197.4,153322,8.7,-1453,-9.9,2934,198.1
"13121","5","45941","77","0","2023","4","",25,517,520,523,70771370,751576,2525,10469,"",0.69,1.21,1.22,1.22,9.72,1.70,0.56,7.97,"",0,0.0,0,0.0,-3,-0.6,-5,-0.9,56878442,409.4,349620,87.0,505,25.0,8424,411.9
"13121","5","459410","78","0","2023","4","",25,517,520,523,70771370,751576,2525,10469,"",0.69,1.21,1.22,1.22,9.72,1.70,0.56,7.97,"",0,0.0,0,0.0,-3,-0.6,-5,-0.9,56878442,409.4,349620,87.0,505,25.0,8424,411.9
"13121","5","45942","77","0","2023","4","",106,897,933,935,11981343,1165896,10731,1000,"",0.95,0.99,1.09,1.08,1.49,0.98,0.73,1.42,"",-3,-2.8,-22,-2.4,6,0.6,13,1.4,-1950320,-14.0,-196298,-14.4,-1958,-15.4,-161,-13.9
"13121","5","459420","78","0","2023","4","",106,897,933,935,11981343,1165896,10731,1000,"",0.95,0.99,1.09,1.08,1.49,0.98,0.73,1.42,"",-3,-2.8,-22,-2.4,6,0.6,13,1.4,-1950320,-14.0,-196298,-14.4,-1958,-15.4,-161,-13.9
"13121","5","4595","76","0","2023","4","",93,726,731,749,6567007,758594,8259,687,"",0.87,0.58,0.58,0.59,0.54,0.68,0.67,0.93,"",-9,-8.8,-185,-20.3,-185,-20.2,-114,-13.2,-2394311,-26.7,-521888,-40.8,-6587,-44.4,-82,-10.7
"13121","5","45951","77","0","2023","4","",93,726,731,749,6567007,758594,8259,687,"",0.87,0.58,0.58,0.59,0.54,0.68,0.67,0.93,"",-9,-8.8,-185,-20.3,-185,-20.2,-114,-13.2,-2394311,-26.7,-521888,-40.8,-6587,-44.4,-82,-10.7
"13121","5","459510","78","0","2023","4","",93,726,731,749,6567007,758594,8259,687,"",0.87,0.58,0.58,0.59,0.54,0.68,0.67,0.93,"",-9,-8.8,-185,-20.3,-185,-20.2,-114,-13.2,-2394311,-26.7,-521888,-40.8,-6587,-44.4,-82,-10.7
"13121","5","4599","76","0","2023","4","",213,1410,1412,1424,15128472,2018885,26188,822,"",0.48,0.48,0.47,0.48,0.32,0.47,0.48,0.67,"",-19,-8.2,-136,-8.8,-112,-7.3,-127,-8.2,-4590101,-23.3,145004,7.7,-3058,-10.5,-163,-16.5
"13121","5","45991","77","0","2023","4","",33,455,463,457,4103538,605199,3152,689,"",0.52,0.54,0.55,0.54,0.40,0.55,0.31,0.74,"",-4,-10.8,-22,-4.6,6,1.3,-27,-5.6,-436109,-9.6,-113718,-15.8,-6177,-66.2,-50,-6.8
"13121","5","459910","78","0","2023","4","",33,455,463,457,4103538,605199,3152,689,"",0.52,0.54,0.55,0.54,0.40,0.55,0.31,0.74,"",-4,-10.8,-22,-4.6,6,1.3,-27,-5.6,-436109,-9.6,-113718,-15.8,-6177,-66.2,-50,-6.8
"13121","5","45992","77","0","2023","4","N",36,0,0,0,0,0,0,0,"N",1.19,0,0,0,0,0,0,0,"N",-4,-10.0,0,0,0,0,0,0,0,0,0,0,0,0,0,0
"13121","5","459920","78","0","2023","4","N",36,0,0,0,0,0,0,0,"N",1.19,0,0,0,0,0,0,0,"N",-4,-10.0,0,0,0,0,0,0,0,0,0,0,0,0,0,0
"13121","5","45993","77","0","2023","4","N",1,0,0,0,0,0,0,0,"N",0.09,0,0,0,0,0,0,0,"N",0,0.0,0,0,0,0,0,0,0,0,0,0,0,0,0,0
"13121","5","459930","78","0","2023","4","N",1,0,0,0,0,0,0,0,"N",0.09,0,0,0,0,0,0,0,"N",0,0.0,0,0,0,0,0,0,0,0,0,0,0,0,0,0
"13121","5","45999","77","0","2023","4","",143,872,859,878,9411842,1295653,18806,832,"",0.43,0.45,0.44,0.45,0.29,0.44,0.45,0.65,"",-11,-7.1,-115,-11.7,-122,-12.4,-101,-10.3,-4236591,-31.0,227114,21.3,766,4.2,-237,-22.2
"13121","5","459991","78","0","2023","4","",68,321,318,329,2046296,641738,12624,488,"",0.48,0.40,0.40,0.41,0.23,0.45,0.61,0.57,"",4,6.2,56,21.1,52,19.5,77,30.6,-467902,-18.6,114640,21.7,812,6.9,-253,-34.1
"13121","5","459999","78","0","2023","4","",75,551,541,549,7365546,653915,6182,1036,"",0.39,0.49,0.48,0.48,0.32,0.43,0.30,0.66,"",-15,-16.7,-171,-23.7,-174,-24.3,-178,-24.5,-3768689,-33.8,112474,20.8,-46,-0.7,-151,-12.7
"13121","5","48-49","74","0","2023","4","",1437,55428,59343,59809,738941272,92249266,931476,977,"",0.79,1.40,1.44,1.43,0.86,1.62,1.18,0.60,"",166,13.1,-5714,-9.3,-3998,-6.3,-2854,-4.6,-54055018,-6.8,-8357054,-8.3,-1051691,-53.0,-1,-0.1
"13121","5","481","75","0","2023","4","",45,495,497,524,12232893,311665,1749,1862,"",1.07,0.15,0.14,0.15,0.09,0.09,0.05,0.64,"",4,9.8,-2316,-82.4,-2248,-81.9,-2224,-80.9,-46770093,-79.3,-3795067,-92.4,-142917,-98.8,222,13.5
"13121","5","4811","76","0","2023","4","",25,438,441,467,10161236,271603,1406,1742,"",1.62,0.14,0.14,0.15,0.09,0.09,0.05,0.61,"",0,0.0,-2269,-83.8,-2198,-83.3,-2174,-82.3,-37654963,-78.7,-3753942,-93.3,-142326,-99.0,360,26.0
"13121","5","48111","77","0","2023","4","",25,438,441,467,10161236,271603,1406,1742,"",1.62,0.14,0.14,0.15,0.09,0.09,0.05,0.61,"",0,0.0,-2269,-83.8,-2198,-83.3,-2174,-82.3,-37654963,-78.7,-3753942,-93.3,-142326,-99.0,360,26.0
"13121","5","481111","78","0","2023","4","",13,282,286,313,6564221,206994,911,1719,"",1.14,0.09,0.10,0.10,0.06,0.07,0.03,0.60,"",-1,-7.1,-2277,-89.0,-2206,-88.5,-2181,-87.4,-37989764,-85.3,-3777868,-94.8,-142699,-99.4,356,26.1
"13121","5","481112","78","0","2023","4","",12,156,155,154,3597015,64609,495,1785,"",3.01,1.82,1.80,1.78,1.54,0.51,0.39,0.86,"",1,9.1,8,5.4,8,5.4,7,4.8,334801,10.3,23926,58.8,373,305.7,82,4.8
"13121","5","4812","76","0","2023","4","",20,57,56,57,2071657,40062,343,2812,"",0.75,0.16,0.16,0.16,0.14,0.11,0.07,0.88,"",4,25.0,-47,-45.2,-50,-47.2,-50,-46.7,-9115130,-81.5,-41125,-50.7,-591,-63.3,-5332,-65.5
"13121","5","48121","77","0","2023","4","",20,57,56,57,2071657,40062,343,2812,"",0.75,0.16,0.16,0.16,0.14,0.11,0.07,0.88,"",4,25.0,-47,-45.2,-50,-47.2,-50,-46.7,-9115130,-81.5,-41125,-50.7,-591,-63.3,-5332,-65.5
"13121","5","481211","78","0","2023","4","",10,44,42,44,1808029,28562,85,3210,"",0.56,0.18,0.17,0.18,0.17,0.12,0.02,0.98,"",0,0.0,-50,-53.2,-50,-54.3,-49,-52.7,-9158389,-83.5,-18221,-38.9,-423,-83.3,-5861,-64.6
"13121","5","481212","78","0","2023","4","N",5,0,0,0,0,0,0,0,"N",1.51,0,0,0,0,0,0,0,"N",0,0.0,0,0,0,0,0,0,0,0,0,0,0,0,0,0
"13121","5","481219","78","0","2023","4","N",5,0,0,0,0,0,0,0,"N",0.90,0,0,0,0,0,0,0,"N",4,400.0,0,0,0,0,0,0,0,0,0,0,0,0,0,0
"13121","5","482","75","0","2023","4","N",1,0,0,0,0,0,0,0,"N",1.05,0,0,0,0,0,0,0,"N",0,0.0,0,0,0,0,0,0,0,0,0,0,0,0,0,0
"13121","5","4821","76","0","2023","4","N",1,0,0,0,0,0,0,0,"N",1.05,0,0,0,0,0,0,0,"N",0,0.0,0,0,0,0,0,0,0,0,0,0,0,0,0,0
"13121","5","48211","77","0","2023","4","N",1,0,0,0,0,0,0,0,"N",1.05,0,0,0,0,0,0,0,"N",0,0.0,0,0,0,0,0,0,0,0,0,0,0,0,0,0
"13121","5","482111","78","0","2023","4","N",1,0,0,0,0,0,0,0,"N",1.68,0,0,0,0,0,0,0,"N",0,0.0,0,0,0,0,0,0,0,0,0,0,0,0,0,0
"13121","5","483","75","0","2023","4","",5,29,29,28,808244,29170,422,2169,"",0.36,0.07,0.07,0.07,0.06,0.06,0.04,0.82,"",-1,-16.7,-78,-72.9,-82,-73.9,-79,-73.8,-1342566,-62.4,-159263,-84.5,-2337,-84.7,642,42.0
"13121","5","4831","76","0","2023","4","",5,29,29,28,808244,29170,422,2169,"",0.58,0.12,0.12,0.11,0.09,0.08,0.04,0.78,"",-1,-16.7,-78,-72.9,-82,-73.9,-79,-73.8,-1342566,-62.4,-159263,-84.5,-2337,-84.7,642,42.0
"13121","5","48311","77","0","2023","4","",5,29,29,28,808244,29170,422,2169,"",0.58,0.12,0.12,0.11,0.09,0.08,0.04,0.78,"",-1,-16.7,-78,-72.9,-82,-73.9,-79,-73.8,-1342566,-62.4,-159263,-84.5,-2337,-84.7,642,42.0
"13121","5","483111","78","0","2023","4","N",3,0,0,0,0,0,0,0,"N",0.89,0,0,0,0,0,0,0,"N",1,50.0,0,0,0,0,0,0,0,0,0,0,0,0,0,0
"13121","5","483112","78","0","2023","4","N",1,0,0,0,0,0,0,0,"N",0.89,0,0,0,0,0,0,0,"N",0,0.0,0,0,0,0,0,0,0,0,0,0,0,0,0,0
"13121","5","483113","78","0","2023","4","N",1,0,0,0,0,0,0,0,"N",0.32,0,0,0,0,0,0,0,"N",-1,-50.0,0,0,0,0,0,0,0,0,0,0,0,0,0,0
"13121","5","484","75","0","2023","4","",621,8138,8123,8227,124855863,13222573,246003,1177,"",0.61,0.87,0.86,0.87,0.61,1.10,1.64,0.71,"",124,24.9,156,2.0,-24,-0.3,16,0.2,-635751,-0.5,218985,1.7,-1294,-0.5,-13,-1.1
"13121","5","4841","76","0","2023","4","",474,6748,6756,6848,106571161,10647250,190713,1208,"",0.66,1.02,1.01,1.02,0.75,1.27,1.90,0.73,"",116,32.4,-134,-1.9,-264,-3.8,-257,-3.6,-3249356,-3.0,-554614,-5.0,-20000,-9.5,2,0.2
"13121","5","48411","77","0","2023","4","",152,1601,1620,1673,21160786,4299169,96602,998,"",0.54,0.88,0.87,0.90,0.57,1.69,2.46,0.64,"",39,34.5,-39,-2.4,-71,-4.2,-106,-6.0,81774,0.4,-129156,-2.9,-8018,-7.7,46,4.8
"13121","5","484110","78","0","2023","4","",152,1601,1620,1673,21160786,4299169,96602,998,"",0.54,0.88,0.87,0.90,0.57,1.69,2.46,0.64,"",39,34.5,-39,-2.4,-71,-4.2,-106,-6.0,81774,0.4,-129156,-2.9,-8018,-7.7,46,4.8
"13121","5","48412","77","0","2023","4","",322,5147,5136,5175,85410375,6348081,94111,1275,"",0.74,1.08,1.07,1.07,0.81,1.09,1.54,0.75,"",77,31.4,-95,-1.8,-193,-3.6,-151,-2.8,-3331130,-3.8,-425458,-6.3,-11982,-11.3,-13,-1.0
"13121","5","484121","78","0","2023","4","",231,2799,2783,2839,43248496,5048904,82313,1185,"",0.63,0.86,0.85,0.86,0.63,1.14,1.84,0.73,"",48,26.2,293,11.7,176,6.8,185,7.0,1442273,3.4,276663,5.8,2304,2.9,-57,-4.6
"13121","5","484122","78","0","2023","4","",91,2348,2353,2336,42161879,1299177,11798,1383,"",1.28,1.55,1.54,1.52,1.16,0.93,0.73,0.75,"",29,46.8,-388,-14.2,-369,-13.6,-336,-12.6,-4773403,-10.2,-702121,-35.1,-14286,-54.8,51,3.8
"13121","5","4842","76","0","2023","4","",147,1390,1367,1379,18284702,2575323,55290,1020,"",0.48,0.50,0.49,0.50,0.30,0.71,1.11,0.60,"",8,5.8,290,26.4,240,21.3,273,24.7,2613605,16.7,773599,42.9,18706,51.1,-65,-6.0
"13121","5","48421","77","0","2023","4","",49,665,657,656,8433400,948949,18681,984,"",0.86,1.15,1.15,1.16,0.90,1.25,1.88,0.79,"",-4,-7.5,16,2.5,8,1.2,17,2.7,-108489,-1.3,42225,4.7,928,5.2,-34,-3.3
"13121","5","484210","78","0","2023","4","",49,665,657,656,8433400,948949,18681,984,"",0.86,1.15,1.15,1.16,0.90,1.25,1.88,0.79,"",-4,-7.5,16,2.5,8,1.2,17,2.7,-108489,-1.3,42225,4.7,928,5.2,-34,-3.3
"13121","5","48422","77","0","2023","4","",40,313,321,325,3683669,948521,22423,886,"",0.23,0.22,0.23,0.24,0.12,0.51,0.76,0.51,"",9,29.0,149,90.9,138,75.4,147,82.6,1363853,58.8,392379,70.6,8639,62.7,-134,-13.1
"13121","5","484220","78","0","2023","4","",40,313,321,325,3683669,948521,22423,886,"",0.23,0.22,0.23,0.24,0.12,0.51,0.76,0.51,"",9,29.0,149,90.9,138,75.4,147,82.6,1363853,58.8,392379,70.6,8639,62.7,-134,-13.1
"13121","5","48423","77","0","2023","4","",58,412,389,398,6167633,677853,14186,1187,"",0.79,0.51,0.48,0.48,0.30,0.68,1.39,0.62,"",3,5.5,125,43.6,94,31.9,109,37.7,1358241,28.2,338995,100.0,9139,181.1,-87,-6.8
"13121","5","484230","78","0","2023","4","",58,412,389,398,6167633,677853,14186,1187,"",0.79,0.51,0.48,0.48,0.30,0.68,1.39,0.62,"",3,5.5,125,43.6,94,31.9,109,37.7,1358241,28.2,338995,100.0,9139,181.1,-87,-6.8
"13121","5","485","75","0","2023","4","",107,1954,1981,1947,22533839,3082529,30064,884,"",0.87,0.69,0.69,0.68,0.48,0.65,0.26,0.70,"",0,0.0,204,11.7,213,12.0,155,8.6,-1032399,-4.4,35220,1.2,-34342,-53.3,-140,-13.7
"13121","5","4851","76","0","2023","4","N",8,0,0,0,0,0,0,0,"N",1.72,0,0,0,0,0,0,0,"N",-1,-11.1,0,0,0,0,0,0,0,0,0,0,0,0,0,0
"13121","5","48511","77","0","2023","4","N",8,0,0,0,0,0,0,0,"N",1.72,0,0,0,0,0,0,0,"N",-1,-11.1,0,0,0,0,0,0,0,0,0,0,0,0,0,0
"13121","5","485111","78","0","2023","4","N",1,0,0,0,0,0,0,0,"N",1.83,0,0,0,0,0,0,0,"N",-1,-50.0,0,0,0,0,0,0,0,0,0,0,0,0,0,0
"13121","5","485113","78","0","2023","4","N",5,0,0,0,0,0,0,0,"N",1.40,0,0,0,0,0,0,0,"N",0,0.0,0,0,0,0,0,0,0,0,0,0,0,0,0,0
"13121","5","485119","78","0","2023","4","N",2,0,0,0,0,0,0,0,"N",4.50,0,0,0,0,0,0,0,"N",0,0.0,0,0,0,0,0,0,0,0,0,0,0,0,0,0
"13121","5","4852","76","0","2023","4","N",2,0,0,0,0,0,0,0,"N",0.71,0,0,0,0,0,0,0,"N",1,100.0,0,0,0,0,0,0,0,0,0,0,0,0,0,0
"13121","5","48521","77","0","2023","4","N",2,0,0,0,0,0,0,0,"N",0.71,0,0,0,0,0,0,0,"N",1,100.0,0,0,0,0,0,0,0,0,0,0,0,0,0,0
"13121","5","485210","78","0","2023","4","N",2,0,0,0,0,0,0,0,"N",0.71,0,0,0,0,0,0,0,"N",1,100.0,0,0,0,0,0,0,0,0,0,0,0,0,0,0
"13121","5","4853","76","0","2023","4","",33,229,226,234,2479538,367270,2532,830,"",0.79,0.53,0.52,0.54,0.21,0.33,0.22,0.40,"",-8,-19.5,-11,-4.6,-24,-9.6,-14,-5.6,99910,4.2,-91676,-20.0,-10826,-81.0,86,11.6
"13121","5","48531","77","0","2023","4","",8,35,33,34,240103,38899,59,543,"",0.46,0.14,0.13,0.13,0.03,0.05,0.01,0.19,"N",-5,-38.5,0,0,0,0,0,0,0,0,0,0,0,0,0,0
"13121","5","485310","78","0","2023","4","",8,35,33,34,240103,38899,59,543,"",0.46,0.14,0.13,0.13,0.03,0.05,0.01,0.19,"N",-5,-38.5,0,0,0,0,0,0,0,0,0,0,0,0,0,0
"13121","5","48532","77","0","2023","4","",25,194,193,200,2239435,328371,2473,880,"",1.03,1.06,1.06,1.10,0.87,1.27,0.64,0.81,"N",-3,-10.7,0,0,0,0,0,0,0,0,0,0,0,0,0,0
"13121","5","485320","78","0","2023","4","",25,194,193,200,2239435,328371,2473,880,"",1.03,1.06,1.06,1.10,0.87,1.27,0.64,0.81,"N",-3,-10.7,0,0,0,0,0,0,0,0,0,0,0,0,0,0
"13121","5","4854","76","0","2023","4","N",4,0,0,0,0,0,0,0,"N",0.17,0,0,0,0,0,0,0,"N",1,33.3,0,0,0,0,0,0,0,0,0,0,0,0,0,0
"13121","5","48541","77","0","2023","4","N",4,0,0,0,0,0,0,0,"N",0.17,0,0,0,0,0,0,0,"N",1,33.3,0,0,0,0,0,0,0,0,0,0,0,0,0,0
"13121","5","485410","78","0","2023","4","N",4,0,0,0,0,0,0,0,"N",0.17,0,0,0,0,0,0,0,"N",1,33.3,0,0,0,0,0,0,0,0,0,0,0,0,0,0
"13121","5","4855","76","0","2023","4","",7,108,109,82,1548408,169175,3753,1195,"",0.90,0.75,0.76,0.60,0.63,0.74,1.12,0.89,"",-4,-36.4,-21,-16.3,-25,-18.7,-49,-37.4,-1857246,-54.5,-133159,-44.0,-6164,-62.2,-800,-40.1
"13121","5","48551","77","0","2023","4","",7,108,109,82,1548408,169175,3753,1195,"",0.90,0.75,0.76,0.60,0.63,0.74,1.12,0.89,"",-4,-36.4,-21,-16.3,-25,-18.7,-49,-37.4,-1857246,-54.5,-133159,-44.0,-6164,-62.2,-800,-40.1
"13121","5","485510","78","0","2023","4","",7,108,109,82,1548408,169175,3753,1195,"",0.90,0.75,0.76,0.60,0.63,0.74,1.12,0.89,"",-4,-36.4,-21,-16.3,-25,-18.7,-49,-37.4,-1857246,-54.5,-133159,-44.0,-6164,-62.2,-800,-40.1
"13121","5","4859","76","0","2023","4","",53,936,962,918,11639391,1729101,19705,954,"",1.26,1.45,1.48,1.40,1.21,1.88,1.36,0.84,"",11,26.2,173,22.7,194,25.3,126,15.9,1067471,10.1,137556,8.6,-14761,-42.8,-96,-9.1
"13121","5","48599","77","0","2023","4","",53,936,962,918,11639391,1729101,19705,954,"",1.26,1.45,1.48,1.40,1.21,1.88,1.36,0.84,"",11,26.2,173,22.7,194,25.3,126,15.9,1067471,10.1,137556,8.6,-14761,-42.8,-96,-9.1
"13121","5","485991","78","0","2023","4","",16,507,518,500,7702767,994132,17056,1166,"",0.68,1.19,1.20,1.15,1.29,1.72,1.84,1.09,"",-1,-5.9,-21,-4.0,-18,-3.4,-67,-11.8,-684230,-8.2,-181493,-15.4,-12262,-41.8,-21,-1.8
"13121","5","485999","78","0","2023","4","",37,429,444,418,3936624,734969,2649,704,"",2.02,1.95,2.01,1.88,1.08,2.16,0.50,0.56,"",12,48.0,194,82.6,212,91.4,193,85.8,1751701,80.2,319049,76.7,-2499,-48.5,-25,-3.4
"13121","5","486","75","0","2023","4","",9,184,184,185,5531095,99807,205,2308,"",0.46,0.56,0.55,0.55,0.37,0.72,0.15,0.66,"",1,12.5,28,17.9,20,12.2,25,15.6,810943,17.2,43613,77.6,-193,-48.5,39,1.7
"13121","5","4861","76","0","2023","4","N",2,0,0,0,0,0,0,0,"N",0.60,0,0,0,0,0,0,0,"N",1,100.0,0,0,0,0,0,0,0,0,0,0,0,0,0,0
"13121","5","48611","77","0","2023","4","N",2,0,0,0,0,0,0,0,"N",0.60,0,0,0,0,0,0,0,"N",1,100.0,0,0,0,0,0,0,0,0,0,0,0,0,0,0
"13121","5","486110","78","0","2023","4","N",2,0,0,0,0,0,0,0,"N",0.60,0,0,0,0,0,0,0,"N",1,100.0,0,0,0,0,0,0,0,0,0,0,0,0,0,0
"13121","5","4862","76","0","2023","4","",5,162,163,163,4953218,96575,186,2342,"",0.40,0.79,0.78,0.78,0.50,1.11,0.24,0.63,"",0,0.0,20,14.1,13,8.7,16,10.9,609131,14.0,44272,84.6,-193,-50.9,58,2.5
"13121","5","48621","77","0","2023","4","",5,162,163,163,4953218,96575,186,2342,"",0.40,0.79,0.78,0.78,0.50,1.11,0.24,0.63,"",0,0.0,20,14.1,13,8.7,16,10.9,609131,14.0,44272,84.6,-193,-50.9,58,2.5
"13121","5","486210","78","0","2023","4","",5,162,163,163,4953218,96575,186,2342,"",0.40,0.79,0.78,0.78,0.50,1.11,0.24,0.63,"",0,0.0,20,14.1,13,8.7,16,10.9,609131,14.0,44272,84.6,-193,-50.9,58,2.5
"13121","5","4869","76","0","2023","4","N",2,0,0,0,0,0,0,0,"N",0.53,0,0,0,0,0,0,0,"N",0,0.0,0,0,0,0,0,0,0,0,0,0,0,0,0,0
"13121","5","48691","77","0","2023","4","N",2,0,0,0,0,0,0,0,"N",0.61,0,0,0,0,0,0,0,"N",1,100.0,0,0,0,0,0,0,0,0,0,0,0,0,0,0
"13121","5","486910","78","0","2023","4","N",2,0,0,0,0,0,0,0,"N",0.61,0,0,0,0,0,0,0,"N",1,100.0,0,0,0,0,0,0,0,0,0,0,0,0,0,0
"13121","5","487","75","0","2023","4","N",1,0,0,0,0,0,0,0,"N",0.05,0,0,0,0,0,0,0,"N",0,0.0,0,0,0,0,0,0,0,0,0,0,0,0,0,0
"13121","5","4872","76","0","2023","4","N",1,0,0,0,0,0,0,0,"N",0.07,0,0,0,0,0,0,0,"N",1,100.0,0,0,0,0,0,0,0,0,0,0,0,0,0,0
"13121","5","48721","77","0","2023","4","N",1,0,0,0,0,0,0,0,"N",0.07,0,0,0,0,0,0,0,"N",1,100.0,0,0,0,0,0,0,0,0,0,0,0,0,0,0
"13121","5","487210","78","0","2023","4","N",1,0,0,0,0,0,0,0,"N",0.07,0,0,0,0,0,0,0,"N",1,100.0,0,0,0,0,0,0,0,0,0,0,0,0,0,0
"13121","5","488","75","0","2023","4","",379,9175,9147,9385,132020573,12715983,168348,1100,"",1.17,1.85,1.83,1.85,1.10,2.02,1.99,0.60,"",48,14.5,-1044,-10.2,-1208,-11.7,-928,-9.0,-25584436,-16.2,-2727151,-17.7,-25734,-13.3,-78,-6.6
"13121","5","4881","76","0","2023","4","",43,4412,4487,4731,35698452,8189763,87230,604,"",0.83,2.79,2.79,2.90,1.13,3.88,3.05,0.40,"",1,2.4,42,1.0,-28,-0.6,181,4.0,-2353793,-6.2,-573506,-6.5,11812,15.7,-50,-7.6
"13121","5","48811","77","0","2023","4","N",15,0,0,0,0,0,0,0,"N",1.13,0,0,0,0,0,0,0,"N",-2,-11.8,0,0,0,0,0,0,0,0,0,0,0,0,0,0
"13121","5","488111","78","0","2023","4","N",1,0,0,0,0,0,0,0,"N",0.70,0,0,0,0,0,0,0,"N",0,0.0,0,0,0,0,0,0,0,0,0,0,0,0,0,0
"13121","5","488119","78","0","2023","4","",14,1327,1325,1395,12103884,2791931,41224,690,"",1.18,1.84,1.81,1.87,1.23,2.38,2.41,0.67,"N",-2,-12.5,0,0,0,0,0,0,0,0,0,0,0,0,0,0
"13121","5","48819","77","0","2023","4","N",28,0,0,0,0,0,0,0,"N",0.73,0,0,0,0,0,0,0,"N",3,12.0,0,0,0,0,0,0,0,0,0,0,0,0,0,0
"13121","5","488190","78","0","2023","4","N",28,0,0,0,0,0,0,0,"N",0.73,0,0,0,0,0,0,0,"N",3,12.0,0,0,0,0,0,0,0,0,0,0,0,0,0,0
"13121","5","4882","76","0","2023","4","N",17,0,0,0,0,0,0,0,"N",1.53,0,0,0,0,0,0,0,"N",1,6.2,0,0,0,0,0,0,0,0,0,0,0,0,0,0
"13121","5","48821","77","0","2023","4","N",17,0,0,0,0,0,0,0,"N",1.53,0,0,0,0,0,0,0,"N",1,6.2,0,0,0,0,0,0,0,0,0,0,0,0,0,0
"13121","5","488210","78","0","2023","4","N",17,0,0,0,0,0,0,0,"N",1.53,0,0,0,0,0,0,0,"N",1,6.2,0,0,0,0,0,0,0,0,0,0,0,0,0,0
"13121","5","4883","76","0","2023","4","N",2,0,0,0,0,0,0,0,"N",0.12,0,0,0,0,0,0,0,"N",0,0.0,0,0,0,0,0,0,0,0,0,0,0,0,0,0
"13121","5","48832","77","0","2023","4","N",2,0,0,0,0,0,0,0,"N",0.42,0,0,0,0,0,0,0,"N",0,0.0,0,0,0,0,0,0,0,0,0,0,0,0,0,0
"13121","5","488320","78","0","2023","4","N",2,0,0,0,0,0,0,0,"N",0.42,0,0,0,0,0,0,0,"N",0,0.0,0,0,0,0,0,0,0,0,0,0,0,0,0,0
"13121","5","4884","76","0","2023","4","N",53,0,0,0,0,0,0,0,"N",0.62,0,0,0,0,0,0,0,"N",3,6.0,0,0,0,0,0,0,0,0,0,0,0,0,0,0
"13121","5","48841","77","0","2023","4","",31,200,198,181,2782202,280204,3440,1109,"",0.51,0.44,0.44,0.40,0.34,0.45,0.45,0.80,"",3,10.7,7,3.6,11,5.9,-16,-8.1,-59869,-2.1,9402,3.5,1455,73.3,-28,-2.5
"13121","5","488410","78","0","2023","4","",31,200,198,181,2782202,280204,3440,1109,"",0.51,0.44,0.44,0.40,0.34,0.45,0.45,0.80,"",3,10.7,7,3.6,11,5.9,-16,-8.1,-59869,-2.1,9402,3.5,1455,73.3,-28,-2.5
"13121","5","48849","77","0","2023","4","N",22,0,0,0,0,0,0,0,"N",0.88,0,0,0,0,0,0,0,"N",0,0.0,0,0,0,0,0,0,0,0,0,0,0,0,0,0
"13121","5","488490","78","0","2023","4","N",22,0,0,0,0,0,0,0,"N",0.88,0,0,0,0,0,0,0,"N",0,0.0,0,0,0,0,0,0,0,0,0,0,0,0,0,0
"13121","5","4885","76","0","2023","4","",229,3708,3615,3606,77785657,2931012,51697,1642,"",1.65,2.28,2.20,2.19,1.79,1.78,2.41,0.80,"",27,13.4,-1277,-25.6,-1371,-27.5,-1325,-26.9,-28304262,-26.7,-2526325,-46.3,-48194,-48.2,-1,-0.1
"13121","5","48851","77","0","2023","4","",229,3708,3615,3606,77785657,2931012,51697,1642,"",1.65,2.28,2.20,2.19,1.79,1.78,2.41,0.80,"",27,13.4,-1277,-25.6,-1371,-27.5,-1325,-26.9,-28304262,-26.7,-2526325,-46.3,-48194,-48.2,-1,-0.1
"13121","5","488510","78","0","2023","4","",229,3708,3615,3606,77785657,2931012,51697,1642,"",1.65,2.28,2.20,2.19,1.79,1.78,2.41,0.80,"",27,13.4,-1277,-25.6,-1371,-27.5,-1325,-26.9,-28304262,-26.7,-2526325,-46.3,-48194,-48.2,-1,-0.1
"13121","5","4889","76","0","2023","4","",35,432,423,446,9062205,732206,14533,1607,"",1.73,1.86,1.80,1.89,1.87,2.50,3.56,1.01,"",16,84.2,17,4.1,12,2.9,65,17.1,3032646,50.3,194618,36.2,4950,51.7,454,39.4
"13121","5","48899","77","0","2023","4","",35,432,423,446,9062205,732206,14533,1607,"",1.73,1.86,1.80,1.89,1.87,2.50,3.56,1.01,"",16,84.2,17,4.1,12,2.9,65,17.1,3032646,50.3,194618,36.2,4950,51.7,454,39.4
"13121","5","488991","78","0","2023","4","",9,234,224,241,5500167,306112,7953,1816,"",1.11,1.83,1.71,1.84,2.35,1.82,3.34,1.31,"N",-1,-10.0,0,0,0,0,0,0,0,0,0,0,0,0,0,0
"13121","5","488999","78","0","2023","4","",26,198,199,205,3562038,426094,6580,1365,"",2.14,1.90,1.91,1.94,1.42,3.41,3.87,0.74,"N",17,188.9,0,0,0,0,0,0,0,0,0,0,0,0,0,0
"13121","5","491","75","0","2023","4","N",1,0,0,0,0,0,0,0,"N",0.16,0,0,0,0,0,0,0,"N",-2,-66.7,0,0,0,0,0,0,0,0,0,0,0,0,0,0
"13121","5","4911","76","0","2023","4","N",1,0,0,0,0,0,0,0,"N",0.16,0,0,0,0,0,0,0,"N",-2,-66.7,0,0,0,0,0,0,0,0,0,0,0,0,0,0
"13121","5","49111","77","0","2023","4","N",1,0,0,0,0,0,0,0,"N",0.16,0,0,0,0,0,0,0,"N",-2,-66.7,0,0,0,0,0,0,0,0,0,0,0,0,0,0
"13121","5","491110","78","0","2023","4","N",1,0,0,0,0,0,0,0,"N",0.16,0,0,0,0,0,0,0,"N",-2,-66.7,0,0,0,0,0,0,0,0,0,0,0,0,0,0
"13121","5","492","75","0","2023","4","",87,9060,10048,10048,150829010,14268340,210721,1194,"",0.66,1.39,1.38,1.29,1.22,1.23,1.45,0.90,"",-25,-22.3,-765,-7.8,-465,-4.4,-762,-7.0,6090998,4.2,-2170730,-13.2,87711,71.3,122,11.4
"13121","5","4921","76","0","2023","4","",58,8080,9076,9054,138301583,12151929,175342,1218,"",0.72,1.49,1.49,1.38,1.35,1.39,1.79,0.93,"",-17,-22.7,-901,-10.0,-581,-6.0,-795,-8.1,7888512,6.0,-2726510,-18.3,82413,88.7,162,15.3
"13121","5","49211","77","0","2023","4","",58,8080,9076,9054,138301583,12151929,175342,1218,"",0.72,1.49,1.49,1.38,1.35,1.39,1.79,0.93,"",-17,-22.7,-901,-10.0,-581,-6.0,-795,-8.1,7888512,6.0,-2726510,-18.3,82413,88.7,162,15.3
"13121","5","492110","78","0","2023","4","",58,8080,9076,9054,138301583,12151929,175342,1218,"",0.72,1.49,1.49,1.38,1.35,1.39,1.79,0.93,"",-17,-22.7,-901,-10.0,-581,-6.0,-795,-8.1,7888512,6.0,-2726510,-18.3,82413,88.7,162,15.3
"13121","5","4922","76","0","2023","4","",29,980,972,994,12527427,2116411,35379,981,"",0.57,0.89,0.81,0.80,0.59,0.74,0.75,0.71,"",-8,-21.6,136,16.1,116,13.6,33,3.4,-1797514,-12.5,555780,35.6,5298,17.6,-261,-21.0
"13121","5","49221","77","0","2023","4","",29,980,972,994,12527427,2116411,35379,981,"",0.57,0.89,0.81,0.80,0.59,0.74,0.75,0.71,"",-8,-21.6,136,16.1,116,13.6,33,3.4,-1797514,-12.5,555780,35.6,5298,17.6,-261,-21.0
"13121","5","492210","78","0","2023","4","",29,980,972,994,12527427,2116411,35379,981,"",0.57,0.89,0.81,0.80,0.59,0.74,0.75,0.71,"",-8,-21.6,136,16.1,116,13.6,33,3.4,-1797514,-12.5,555780,35.6,5298,17.6,-261,-21.0
"13121","5","493","75","0","2023","4","",181,26382,29321,29455,290066240,48467804,272576,786,"",1.44,2.32,2.39,2.39,1.41,2.73,1.13,0.60,"",17,10.4,-1910,-6.8,-217,-0.7,933,3.3,14344771,5.2,145944,0.3,-933973,-77.4,49,6.6
"13121","5","4931","76","0","2023","4","",181,26382,29321,29455,290066240,48467804,272576,786,"",1.44,2.32,2.39,2.39,1.41,2.73,1.13,0.60,"",17,10.4,-1910,-6.8,-217,-0.7,933,3.3,14344771,5.2,145944,0.3,-933973,-77.4,49,6.6
"13121","5","49311","77","0","2023","4","",136,24976,27919,28072,269788318,46779180,238776,769,"",1.42,2.37,2.44,2.45,1.44,2.80,1.06,0.59,"",10,7.9,-2051,-7.6,-352,-1.2,847,3.1,11535700,4.5,-293395,-0.6,-952179,-80.0,47,6.5
"13121","5","493110","78","0","2023","4","",136,24976,27919,28072,269788318,46779180,238776,769,"",1.42,2.37,2.44,2.45,1.44,2.80,1.06,0.59,"",10,7.9,-2051,-7.6,-352,-1.2,847,3.1,11535700,4.5,-293395,-0.6,-952179,-80.0,47,6.5
"13121","5","49312","77","0","2023","4","",14,970,957,953,13250349,758631,10269,1062,"",1.40,2.16,2.12,2.09,1.46,1.23,1.22,0.69,"",2,16.7,82,9.2,71,8.0,48,5.3,1165920,9.6,-50315,-6.2,-448,-4.2,21,2.0
"13121","5","493120","78","0","2023","4","",14,970,957,953,13250349,758631,10269,1062,"",1.40,2.16,2.12,2.09,1.46,1.23,1.22,0.69,"",2,16.7,82,9.2,71,8.0,48,5.3,1165920,9.6,-50315,-6.2,-448,-4.2,21,2.0
"13121","5","49313","77","0","2023","4","N",1,0,0,0,0,0,0,0,"N",0.20,0,0,0,0,0,0,0,"N",0,0.0,0,0,0,0,0,0,0,0,0,0,0,0,0,0
"13121","5","493130","78","0","2023","4","N",1,0,0,0,0,0,0,0,"N",0.20,0,0,0,0,0,0,0,"N",0,0.0,0,0,0,0,0,0,0,0,0,0,0,0,0,0
"13121","5","49319","77","0","2023","4","N",30,0,0,0,0,0,0,0,"N",2.01,0,0,0,0,0,0,0,"N",5,20.0,0,0,0,0,0,0,0,0,0,0,0,0,0,0
"13121","5","493190","78","0","2023","4","N",30,0,0,0,0,0,0,0,"N",2.01,0,0,0,0,0,0,0,"N",5,20.0,0,0,0,0,0,0,0,0,0,0,0,0,0,0
"13121","5","51","74","0","2023","4","",1840,51130,52596,52908,1981485849,39080640,570488,2919,"",1.13,2.90,2.94,2.94,2.23,2.73,2.59,0.76,"",97,5.6,-8319,-14.0,-8358,-13.7,-6319,-10.7,-304887243,-13.3,-30179718,-43.6,-630430,-52.5,-18,-0.6
"13121","5","512","75","0","2023","4","",406,3170,4869,5328,85913352,15868638,225925,1483,"",1.76,1.54,2.20,2.37,1.27,5.36,3.19,0.62,"",38,10.3,-3834,-54.7,-3794,-43.8,-2024,-27.5,-152374833,-63.9,-21818229,-57.9,-498640,-68.8,-906,-37.9
"13121","5","5121","76","0","2023","4","",337,3051,4751,5212,82765817,15785783,225363,1468,"",1.69,1.58,2.28,2.46,1.34,5.53,3.27,0.63,"",39,13.1,-3805,-55.5,-3765,-44.2,-1990,-27.6,-152332423,-64.8,-21795515,-58.0,-497034,-68.8,-935,-38.9
"13121","5","51211","77","0","2023","4","",245,2044,3752,4189,72890327,14462378,203881,1685,"",1.70,1.95,3.16,3.46,1.44,7.24,3.41,0.50,"",29,13.4,-3756,-64.8,-3522,-48.4,-1776,-29.8,-150295576,-67.3,-20612276,-58.8,-477938,-70.1,-1020,-37.7
"13121","5","512110","78","0","2023","4","",245,2044,3752,4189,72890327,14462378,203881,1685,"",1.70,1.95,3.16,3.46,1.44,7.24,3.41,0.50,"",29,13.4,-3756,-64.8,-3522,-48.4,-1776,-29.8,-150295576,-67.3,-20612276,-58.8,-477938,-70.1,-1020,-37.7
"13121","5","51212","77","0","2023","4","",8,10,11,12,469703,10654,285,3285,"",1.72,0.19,0.21,0.23,0.20,0.35,0.53,0.96,"",1,14.3,-5,-33.3,1,10.0,-22,-64.7,-674619,-59.0,-490826,-97.9,-12989,-97.9,-1191,-26.6
"13121","5","512120","78","0","2023","4","",8,10,11,12,469703,10654,285,3285,"",1.72,0.19,0.21,0.23,0.20,0.35,0.53,0.96,"",1,14.3,-5,-33.3,1,10.0,-22,-64.7,-674619,-59.0,-490826,-97.9,-12989,-97.9,-1191,-26.6
"13121","5","51213","77","0","2023","4","",20,775,767,788,4508714,1035975,14878,447,"",0.83,1.08,1.06,1.08,1.05,1.42,2.17,0.99,"",-4,-16.7,-11,-1.4,-217,-22.1,-174,-18.1,-536762,-10.6,-731481,-41.4,-8365,-36.0,21,4.9
"13121","5","512131","78","0","2023","4","",20,775,767,788,4508714,1035975,14878,447,"",0.87,1.10,1.07,1.09,1.06,1.43,2.20,0.98,"N",-3,-13.0,0,0,0,0,0,0,0,0,0,0,0,0,0,0
"13121","5","51219","77","0","2023","4","",64,222,221,223,4897073,276776,6319,1697,"",2.37,1.88,1.79,1.84,1.12,2.91,3.48,0.61,"",13,25.5,-33,-12.9,-27,-10.9,-18,-7.5,-825466,-14.4,39068,16.4,2258,55.6,-78,-4.4
"13121","5","512191","78","0","2023","4","",44,162,158,157,3850299,75879,1541,1863,"",1.95,1.61,1.55,1.54,1.01,1.04,1.00,0.64,"",6,15.8,-70,-30.2,-67,-29.8,-61,-28.0,-1253748,-24.6,-127140,-62.6,-1620,-51.2,118,6.8
"13121","5","512199","78","0","2023","4","",20,60,63,66,1046774,200897,4778,1278,"",4.58,3.48,2.87,3.35,1.88,9.21,17.17,0.58,"",7,53.8,37,160.9,40,173.9,43,187.0,428282,69.2,166208,479.1,3878,430.9,-791,-38.2
"13121","5","5122","76","0","2023","4","",69,119,118,116,3147535,82855,562,2058,"",2.26,0.93,0.93,0.92,0.54,0.77,0.31,0.59,"",-1,-1.4,-29,-19.6,-29,-19.7,-34,-22.7,-42410,-1.3,-22714,-21.5,-1606,-74.1,404,24.4
"13121","5","51223","77","0","2023","4","",16,21,21,21,547165,6519,71,2004,"",2.31,0.59,0.58,0.58,0.36,0.26,0.22,0.62,"",4,33.3,-7,-25.0,-7,-25.0,-7,-25.0,-250167,-31.4,-21187,-76.5,-206,-74.4,-186,-8.5
"13121","5","512230","78","0","2023","4","",16,21,21,21,547165,6519,71,2004,"",2.31,0.59,0.58,0.58,0.36,0.26,0.22,0.62,"",4,33.3,-7,-25.0,-7,-25.0,-7,-25.0,-250167,-31.4,-21187,-76.5,-206,-74.4,-186,-8.5
"13121","5","51224","77","0","2023","4","",37,67,67,70,1990820,38519,302,2252,"",3.35,2.21,2.22,2.32,2.42,1.25,0.62,1.08,"",-4,-9.8,-25,-27.2,-24,-26.4,-26,-27.1,368639,22.7,-23037,-37.4,-1335,-81.6,910,67.8
"13121","5","512240","78","0","2023","4","",37,67,67,70,1990820,38519,302,2252,"",3.35,2.21,2.22,2.32,2.42,1.25,0.62,1.08,"",-4,-9.8,-25,-27.2,-24,-26.4,-26,-27.1,368639,22.7,-23037,-37.4,-1335,-81.6,910,67.8
"13121","5","51225","77","0","2023","4","",7,13,13,10,331445,1876,152,2125,"",0.92,0.29,0.29,0.22,0.12,0.06,0.30,0.44,"",-2,-22.2,-3,-18.8,-3,-18.8,-5,-33.3,-259956,-44.0,-2625,-58.3,-71,-31.8,-779,-26.8
"13121","5","512250","78","0","2023","4","",7,13,13,10,331445,1876,152,2125,"",0.92,0.29,0.29,0.22,0.12,0.06,0.30,0.44,"",-2,-22.2,-3,-18.8,-3,-18.8,-5,-33.3,-259956,-44.0,-2625,-58.3,-71,-31.8,-779,-26.8
"13121","5","51229","77","0","2023","4","",9,18,17,15,278105,35941,37,1284,"",1.82,1.09,1.10,1.04,0.46,1.78,0.08,0.43,"",1,12.5,6,50.0,5,41.7,4,36.4,99074,55.3,24135,204.4,6,19.4,104,8.8
"13121","5","512290","78","0","2023","4","",9,18,17,15,278105,35941,37,1284,"",1.82,1.09,1.10,1.04,0.46,1.78,0.08,0.43,"",1,12.5,6,50.0,5,41.7,4,36.4,99074,55.3,24135,204.4,6,19.4,104,8.8
"13121","5","513","75","0","2023","4","",570,16844,16790,16812,655276737,6639156,91408,2998,"",0.84,3.02,2.99,2.98,2.14,1.51,1.55,0.72,"",-16,-2.7,-1733,-9.3,-1737,-9.4,-1661,-9.0,-31679617,-4.6,-6147733,-48.1,-74235,-44.8,146,5.1
"13121","5","5131","76","0","2023","4","",176,3180,3172,3173,106698533,1866927,24714,2585,"",1.06,1.86,1.84,1.84,1.89,1.45,1.39,1.02,"",-38,-17.8,72,2.3,115,3.8,114,3.7,7155322,7.2,-372235,-16.6,-10389,-29.6,95,3.8
"13121","5","51311","77","0","2023","4","",33,1555,1551,1557,61066993,627814,2775,3022,"",0.80,2.74,2.71,2.73,4.61,1.20,0.44,1.69,"",-5,-13.2,605,63.7,592,61.7,593,61.5,17427977,39.9,233988,59.4,-8528,-75.4,-483,-13.8
"13121","5","513110","78","0","2023","4","",33,1555,1551,1557,61066993,627814,2775,3022,"",0.80,2.74,2.71,2.73,4.61,1.20,0.44,1.69,"",-5,-13.2,605,63.7,592,61.7,593,61.5,17427977,39.9,233988,59.4,-8528,-75.4,-483,-13.8
"13121","5","51312","77","0","2023","4","",49,560,549,547,15516559,147040,1609,2162,"",1.08,1.34,1.30,1.30,1.03,0.60,0.44,0.79,"",-9,-15.5,-84,-13.0,-90,-14.1,-91,-14.3,-1405811,-8.3,-416999,-73.9,-5959,-78.7,129,6.3
"13121","5","513120","78","0","2023","4","",49,560,549,547,15516559,147040,1609,2162,"",1.08,1.34,1.30,1.30,1.03,0.60,0.44,0.79,"",-9,-15.5,-84,-13.0,-90,-14.1,-91,-14.3,-1405811,-8.3,-416999,-73.9,-5959,-78.7,129,6.3
"13121","5","51313","77","0","2023","4","",14,43,41,39,941890,39790,616,1767,"",0.47,0.13,0.12,0.12,0.09,0.20,0.25,0.71,"",2,16.7,26,152.9,22,115.8,24,160.0,341569,56.9,25707,182.5,235,61.7,-949,-34.9
"13121","5","513130","78","0","2023","4","",14,43,41,39,941890,39790,616,1767,"",0.47,0.13,0.12,0.12,0.09,0.20,0.25,0.71,"",2,16.7,26,152.9,22,115.8,24,160.0,341569,56.9,25707,182.5,235,61.7,-949,-34.9
"13121","5","51314","77","0","2023","4","",10,286,285,273,8235393,242798,2716,2252,"",1.21,2.85,2.83,2.71,2.15,2.94,1.87,0.77,"",-3,-23.1,-92,-24.3,-106,-27.1,-119,-30.4,-155211,-1.8,-164120,-40.3,-184,-6.3,584,35.0
"13121","5","513140","78","0","2023","4","",10,286,285,273,8235393,242798,2716,2252,"",1.21,2.85,2.83,2.71,2.15,2.94,1.87,0.77,"",-3,-23.1,-92,-24.3,-106,-27.1,-119,-30.4,-155211,-1.8,-164120,-40.3,-184,-6.3,584,35.0
"13121","5","51319","77","0","2023","4","",70,736,746,757,20937698,809485,16998,2158,"",1.73,2.49,2.51,2.54,1.54,3.38,4.35,0.61,"",-23,-24.7,-383,-34.2,-303,-28.9,-293,-27.9,-9053202,-30.2,-50811,-5.9,4047,31.2,7,0.3
"13121","5","513199","78","0","2023","4","",70,736,746,757,20937698,809485,16998,2158,"",1.76,2.65,2.66,2.70,1.58,3.63,4.50,0.59,"",-23,-24.7,-383,-34.2,-303,-28.9,-293,-27.9,-9053202,-30.2,-50811,-5.9,4047,31.2,7,0.3
"13121","5","5132","76","0","2023","4","",394,13664,13618,13639,548578204,4772229,66694,3094,"",0.77,3.53,3.50,3.48,2.20,1.53,1.62,0.63,"",22,5.9,-1805,-11.7,-1852,-12.0,-1775,-11.5,-38834939,-6.6,-5775498,-54.8,-63846,-48.9,170,5.8
"13121","5","51321","77","0","2023","4","",394,13664,13618,13639,548578204,4772229,66694,3094,"",0.77,3.53,3.50,3.48,2.20,1.53,1.62,0.63,"",22,5.9,-1805,-11.7,-1852,-12.0,-1775,-11.5,-38834939,-6.6,-5775498,-54.8,-63846,-48.9,170,5.8
"13121","5","513210","78","0","2023","4","",394,13664,13618,13639,548578204,4772229,66694,3094,"",0.77,3.53,3.50,3.48,2.20,1.53,1.62,0.63,"",22,5.9,-1805,-11.7,-1852,-12.0,-1775,-11.5,-38834939,-6.6,-5775498,-54.8,-63846,-48.9,170,5.8
"13121","5","516","75","0","2023","4","",130,4811,4854,4830,162400904,2074493,40388,2586,"",1.12,2.32,2.33,2.31,1.29,1.47,2.35,0.55,"",9,7.4,-373,-7.2,-317,-6.1,-327,-6.3,-95888703,-37.1,-1274455,-38.1,-40123,-49.8,-1257,-32.7
"13121","5","5161","76","0","2023","4","",38,3405,3447,3428,117287358,922298,24918,2633,"",1.13,4.66,4.69,4.66,5.53,1.77,4.23,1.19,"",6,18.8,-297,-8.0,-230,-6.3,-239,-6.5,-96540237,-45.1,-1115477,-54.7,-32447,-56.6,-1834,-41.1
"13121","5","51611","77","0","2023","4","",26,261,267,260,6090527,154580,3066,1784,"",1.08,0.81,0.82,0.80,0.80,0.59,1.10,0.99,"N",6,30.0,0,0,0,0,0,0,0,0,0,0,0,0,0,0
"13121","5","516110","78","0","2023","4","",26,261,267,260,6090527,154580,3066,1784,"",1.08,0.81,0.82,0.80,0.80,0.59,1.10,0.99,"N",6,30.0,0,0,0,0,0,0,0,0,0,0,0,0,0,0
"13121","5","51612","77","0","2023","4","",12,3144,3180,3168,111196831,767718,21852,2703,"",1.27,7.74,7.74,7.70,8.17,2.96,7.05,1.06,"N",0,0.0,0,0,0,0,0,0,0,0,0,0,0,0,0,0
"13121","5","516120","78","0","2023","4","",12,3144,3180,3168,111196831,767718,21852,2703,"",1.27,7.74,7.74,7.70,8.17,2.96,7.05,1.06,"N",0,0.0,0,0,0,0,0,0,0,0,0,0,0,0,0,0
"13121","5","5162","76","0","2023","4","",92,1406,1407,1402,45113546,1152195,15470,2470,"",1.12,1.05,1.04,1.04,0.43,1.30,1.37,0.41,"",3,3.4,-76,-5.1,-87,-5.8,-88,-5.9,651534,1.5,-158978,-12.1,-7676,-33.2,173,7.5
"13121","5","51621","77","0","2023","4","",92,1406,1407,1402,45113546,1152195,15470,2470,"",1.12,1.05,1.04,1.04,0.43,1.30,1.37,0.41,"",3,3.4,-76,-5.1,-87,-5.8,-88,-5.9,651534,1.5,-158978,-12.1,-7676,-33.2,173,7.5
"13121","5","516210","78","0","2023","4","",92,1406,1407,1402,45113546,1152195,15470,2470,"",1.12,1.05,1.04,1.04,0.43,1.30,1.37,0.41,"",3,3.4,-76,-5.1,-87,-5.8,-88,-5.9,651534,1.5,-158978,-12.1,-7676,-33.2,173,7.5
"13121","5","517","75","0","2023","4","",219,13699,13588,13545,484765959,5928309,62322,2740,"",1.08,3.51,3.47,3.46,3.63,2.27,1.92,1.04,"",-19,-8.0,-1621,-10.6,-1722,-11.2,-1545,-10.2,-22027555,-4.3,397993,7.2,-10709,-14.7,182,7.1
"13121","5","5171","76","0","2023","4","",182,8709,8555,8565,265650995,3717775,27239,2373,"",1.08,2.44,2.39,2.39,2.24,1.54,0.92,0.93,"",-23,-11.2,-1088,-11.1,-1236,-12.6,-1071,-11.1,-14742818,-5.3,-253921,-6.4,-14533,-34.8,159,7.2
"13121","5","51711","77","0","2023","4","",135,8019,7873,7886,248833559,3261313,23020,2415,"",0.95,2.41,2.36,2.36,2.25,1.47,0.85,0.95,"",-20,-12.9,-692,-7.9,-844,-9.7,-711,-8.3,-7894221,-3.1,-142872,-4.2,-11577,-33.5,139,6.1
"13121","5","517111","78","0","2023","4","",104,7193,7140,7139,228095418,2786028,18308,2451,"",0.99,2.56,2.53,2.53,2.45,1.59,0.85,0.96,"",-11,-9.6,-460,-6.0,-513,-6.7,-419,-5.5,372600,0.2,297541,12.0,-4540,-19.9,153,6.7
"13121","5","517112","78","0","2023","4","",31,826,733,747,20738141,475285,4712,2075,"",0.82,1.61,1.42,1.45,1.19,1.01,0.83,0.80,"",-9,-22.5,-232,-21.9,-331,-31.1,-292,-28.1,-8266821,-28.5,-440413,-48.1,-7037,-59.9,-43,-2.0
"13121","5","51712","77","0","2023","4","",47,690,682,679,16817436,456462,4219,1892,"",1.83,2.83,2.80,2.80,2.12,2.46,1.81,0.75,"",-3,-6.0,-396,-36.5,-392,-36.5,-360,-34.6,-6848597,-28.9,-111049,-19.6,-2956,-41.2,185,10.8
"13121","5","517121","78","0","2023","4","",47,690,682,679,16817436,456462,4219,1892,"",1.83,2.83,2.80,2.80,2.12,2.46,1.81,0.75,"",-3,-6.0,-396,-36.5,-392,-36.5,-360,-34.6,-6848597,-28.9,-111049,-19.6,-2956,-41.2,185,10.8
"13121","5","5174","76","0","2023","4","N",2,0,0,0,0,0,0,0,"N",0.35,0,0,0,0,0,0,0,"N",1,100.0,0,0,0,0,0,0,0,0,0,0,0,0,0,0
"13121","5","51741","77","0","2023","4","N",2,0,0,0,0,0,0,0,"N",0.35,0,0,0,0,0,0,0,"N",1,100.0,0,0,0,0,0,0,0,0,0,0,0,0,0,0
"13121","5","517410","78","0","2023","4","N",2,0,0,0,0,0,0,0,"N",0.35,0,0,0,0,0,0,0,"N",1,100.0,0,0,0,0,0,0,0,0,0,0,0,0,0,0
"13121","5","5178","76","0","2023","4","N",35,0,0,0,0,0,0,0,"N",1.19,0,0,0,0,0,0,0,"N",3,9.4,0,0,0,0,0,0,0,0,0,0,0,0,0,0
"13121","5","51781","77","0","2023","4","N",35,0,0,0,0,0,0,0,"N",1.19,0,0,0,0,0,0,0,"N",3,9.4,0,0,0,0,0,0,0,0,0,0,0,0,0,0
"13121","5","517810","78","0","2023","4","N",35,0,0,0,0,0,0,0,"N",1.19,0,0,0,0,0,0,0,"N",3,9.4,0,0,0,0,0,0,0,0,0,0,0,0,0,0
"13121","5","518","75","0","2023","4","",457,11240,11169,11106,499666928,7947440,144906,3440,"",1.51,3.85,3.79,3.77,3.02,3.49,4.74,0.79,"",89,24.2,-683,-5.7,-694,-5.9,-634,-5.4,17888643,3.7,-1176859,-12.9,-1754,-1.2,310,9.9
"13121","5","5182","76","0","2023","4","",457,11240,11169,11106,499666928,7947440,144906,3440,"",1.51,3.85,3.79,3.77,3.02,3.49,4.74,0.79,"",89,24.2,-683,-5.7,-694,-5.9,-634,-5.4,17888643,3.7,-1176859,-12.9,-1754,-1.2,310,9.9
"13121","5","51821","77","0","2023","4","",457,11240,11169,11106,499666928,7947440,144906,3440,"",1.51,3.85,3.79,3.77,3.02,3.49,4.74,0.79,"",89,24.2,-683,-5.7,-694,-5.9,-634,-5.4,17888643,3.7,-1176859,-12.9,-1754,-1.2,310,9.9
"13121","5","518210","78","0","2023","4","",457,11240,11169,11106,499666928,7947440,144906,3440,"",1.51,3.85,3.79,3.77,3.02,3.49,4.74,0.79,"",89,24.2,-683,-5.7,-694,-5.9,-634,-5.4,17888643,3.7,-1176859,-12.9,-1754,-1.2,310,9.9
"13121","5","519","75","0","2023","4","",58,1366,1326,1287,93461969,622604,5539,5420,"",0.59,1.23,1.18,1.13,1.01,0.93,0.54,0.86,"",-4,-6.5,-75,-5.2,-94,-6.6,-128,-9.0,-20805178,-18.2,-160435,-20.5,-4969,-47.3,-747,-12.1
"13121","5","5192","76","0","2023","4","",58,1366,1326,1287,93461969,622604,5539,5420,"",0.59,1.23,1.18,1.13,1.01,0.93,0.54,0.86,"",-4,-6.5,-75,-5.2,-94,-6.6,-128,-9.0,-20805178,-18.2,-160435,-20.5,-4969,-47.3,-747,-12.1
"13121","5","51921","77","0","2023","4","N",4,0,0,0,0,0,0,0,"N",0.30,0,0,0,0,0,0,0,"N",0,0.0,0,0,0,0,0,0,0,0,0,0,0,0,0,0
"13121","5","519210","78","0","2023","4","N",4,0,0,0,0,0,0,0,"N",0.30,0,0,0,0,0,0,0,"N",0,0.0,0,0,0,0,0,0,0,0,0,0,0,0,0,0
"13121","5","51929","77","0","2023","4","N",54,0,0,0,0,0,0,0,"N",0.63,0,0,0,0,0,0,0,"N",-4,-6.9,0,0,0,0,0,0,0,0,0,0,0,0,0,0
"13121","5","519290","78","0","2023","4","N",54,0,0,0,0,0,0,0,"N",0.63,0,0,0,0,0,0,0,"N",-4,-6.9,0,0,0,0,0,0,0,0,0,0,0,0,0,0
"13121","5","52","74","0","2023","4","",3638,62314,62144,61958,2285904178,35196773,420589,2830,"",1.12,1.63,1.61,1.61,1.42,1.28,1.40,0.88,"",267,7.9,-3695,-5.6,-3955,-6.0,-3855,-5.9,-5521349,-0.2,-17640260,-33.4,-253146,-37.6,158,5.9
"13121","5","521","75","0","2023","4","N",9,0,0,0,0,0,0,0,"N",1.58,0,0,0,0,0,0,0,"N",3,50.0,0,0,0,0,0,0,0,0,0,0,0,0,0,0
"13121","5","5211","76","0","2023","4","N",9,0,0,0,0,0,0,0,"N",1.58,0,0,0,0,0,0,0,"N",3,50.0,0,0,0,0,0,0,0,0,0,0,0,0,0,0
"13121","5","52111","77","0","2023","4","N",9,0,0,0,0,0,0,0,"N",1.58,0,0,0,0,0,0,0,"N",3,50.0,0,0,0,0,0,0,0,0,0,0,0,0,0,0
"13121","5","521110","78","0","2023","4","N",9,0,0,0,0,0,0,0,"N",1.58,0,0,0,0,0,0,0,"N",3,50.0,0,0,0,0,0,0,0,0,0,0,0,0,0,0
"13121","5","522","75","0","2023","4","",1026,22214,22243,22140,736121451,12085763,153572,2551,"",0.94,1.41,1.40,1.40,1.42,1.11,1.39,1.01,"",65,6.8,-2923,-11.6,-2847,-11.3,-2931,-11.7,-32094482,-4.2,-7491957,-38.3,-81535,-34.7,197,8.4
"13121","5","5221","76","0","2023","4","",408,12577,12517,12495,415533168,5712918,50927,2551,"",0.68,1.16,1.15,1.14,1.25,0.81,0.85,1.08,"",10,2.5,-1586,-11.2,-1745,-12.2,-1830,-12.8,-20204800,-4.6,-5935204,-51.0,-53228,-51.1,199,8.5
"13121","5","52211","77","0","2023","4","",334,11498,11440,11421,391318225,4986377,38871,2628,"",0.75,1.38,1.36,1.35,1.43,1.07,0.98,1.05,"",3,0.9,-160,-1.4,-272,-2.3,-354,-3.0,6589944,1.7,-4670323,-48.4,-38982,-50.1,102,4.0
"13121","5","522110","78","0","2023","4","",334,11498,11440,11421,391318225,4986377,38871,2628,"",0.75,1.38,1.36,1.35,1.43,1.07,0.98,1.05,"",3,0.9,-160,-1.4,-272,-2.3,-354,-3.0,6589944,1.7,-4670323,-48.4,-38982,-50.1,102,4.0
"13121","5","52213","77","0","2023","4","",55,671,671,673,12307980,472919,6637,1410,"",0.49,0.36,0.36,0.35,0.29,0.26,0.44,0.81,"",10,22.2,-1374,-67.2,-1416,-67.8,-1418,-67.8,-22553253,-64.7,-1255749,-72.6,-15396,-69.9,117,9.0
"13121","5","522130","78","0","2023","4","",55,671,671,673,12307980,472919,6637,1410,"",0.49,0.36,0.36,0.35,0.29,0.26,0.44,0.81,"",10,22.2,-1374,-67.2,-1416,-67.8,-1418,-67.8,-22553253,-64.7,-1255749,-72.6,-15396,-69.9,117,9.0
"13121","5","52218","77","0","2023","4","",19,408,406,401,11906963,253622,5419,2262,"",0.44,0.69,0.68,0.66,0.71,0.48,1.04,1.05,"",-3,-13.6,-52,-11.3,-57,-12.3,-58,-12.6,-4241491,-26.3,-9132,-3.5,1150,26.9,-435,-16.1
"13121","5","522180","78","0","2023","4","",19,408,406,401,11906963,253622,5419,2262,"",0.44,0.69,0.68,0.66,0.71,0.48,1.04,1.05,"",-3,-13.6,-52,-11.3,-57,-12.3,-58,-12.6,-4241491,-26.3,-9132,-3.5,1150,26.9,-435,-16.1
"13121","5","5222","76","0","2023","4","",383,5871,5948,5884,209304646,4043318,52651,2728,"",1.28,1.85,1.87,1.85,1.83,1.59,1.64,0.99,"",35,10.1,-5,-0.1,175,3.0,145,2.5,17480613,9.1,-375393,-8.5,-10997,-17.3,182,7.1
"13121","5","52221","77","0","2023","4","",15,553,565,565,38827385,446288,7410,5324,"",2.48,1.28,1.29,1.30,1.93,2.29,3.40,1.50,"",3,25.0,137,32.9,136,31.7,132,30.5,10376364,36.5,73999,19.9,3327,81.5,187,3.6
"13121","5","522210","78","0","2023","4","",15,553,565,565,38827385,446288,7410,5324,"",2.48,1.28,1.29,1.30,1.93,2.29,3.40,1.50,"",3,25.0,137,32.9,136,31.7,132,30.5,10376364,36.5,73999,19.9,3327,81.5,187,3.6
"13121","5","52222","77","0","2023","4","",49,1219,1269,1284,33549748,788132,11652,2053,"",1.33,2.38,2.45,2.47,1.77,2.25,2.52,0.73,"",1,2.1,145,13.5,189,17.5,202,18.7,5992636,21.7,-3507,-0.4,2531,27.7,88,4.5
"13121","5","522220","78","0","2023","4","",49,1219,1269,1284,33549748,788132,11652,2053,"",1.33,2.38,2.45,2.47,1.77,2.25,2.52,0.73,"",1,2.1,145,13.5,189,17.5,202,18.7,5992636,21.7,-3507,-0.4,2531,27.7,88,4.5
"13121","5","52229","77","0","2023","4","",319,4099,4114,4035,136927513,2808898,33589,2580,"",1.24,1.84,1.84,1.81,1.81,1.41,1.33,0.99,"",31,10.8,-287,-6.5,-150,-3.5,-189,-4.5,1111613,0.8,-445885,-13.7,-16855,-33.4,145,6.0
"13121","5","522291","78","0","2023","4","",65,482,468,463,13977899,333283,5127,2283,"",0.74,0.86,0.83,0.82,0.81,0.51,0.71,0.96,"",6,10.2,75,18.4,44,10.4,25,5.7,1286531,10.1,-346806,-51.0,-8715,-63.0,-25,-1.1
"13121","5","522292","78","0","2023","4","",175,2138,2160,2077,76816679,1704532,18115,2781,"",1.61,1.87,1.90,1.83,1.92,1.83,1.29,1.03,"",30,20.7,-475,-18.2,-324,-13.0,-341,-14.1,-2694168,-3.4,138352,8.8,-2909,-13.8,339,13.9
"13121","5","522299","78","0","2023","4","",79,1479,1486,1495,46132935,771083,10347,2387,"",1.33,2.78,2.78,2.79,2.51,1.85,2.52,0.90,"",-5,-6.0,113,8.3,130,9.6,127,9.3,2519250,5.8,-237431,-23.5,-5231,-33.6,-74,-3.0
"13121","5","5223","76","0","2023","4","",235,3766,3778,3761,111283637,2329527,49994,2272,"",1.20,2.17,2.17,2.17,1.59,1.80,2.70,0.73,"",20,9.3,-1332,-26.1,-1277,-25.3,-1246,-24.9,-29370295,-20.9,-1181360,-33.6,-17310,-25.7,131,6.1
"13121","5","52231","77","0","2023","4","",121,560,563,547,16849055,537403,12055,2328,"",1.21,1.09,1.11,1.08,0.99,1.05,1.50,0.90,"",26,27.4,-151,-21.2,-125,-18.2,-151,-21.6,-4746670,-22.0,-117126,-17.9,1028,9.3,-49,-2.1
"13121","5","522310","78","0","2023","4","",121,560,563,547,16849055,537403,12055,2328,"",1.21,1.09,1.11,1.08,0.99,1.05,1.50,0.90,"",26,27.4,-151,-21.2,-125,-18.2,-151,-21.6,-4746670,-22.0,-117126,-17.9,1028,9.3,-49,-2.1
"13121","5","52232","77","0","2023","4","",78,3095,3098,3098,92548466,1709787,36736,2299,"",1.48,3.89,3.87,3.91,2.34,3.52,5.69,0.60,"",-7,-8.2,-1014,-24.7,-985,-24.1,-932,-23.1,-20350997,-18.0,-855772,-33.4,-15889,-30.2,167,7.8
"13121","5","522320","78","0","2023","4","",78,3095,3098,3098,92548466,1709787,36736,2299,"",1.48,3.89,3.87,3.91,2.34,3.52,5.69,0.60,"",-7,-8.2,-1014,-24.7,-985,-24.1,-932,-23.1,-20350997,-18.0,-855772,-33.4,-15889,-30.2,167,7.8
"13121","5","52239","77","0","2023","4","",36,111,117,116,1886116,82337,1203,1265,"",0.84,0.26,0.27,0.27,0.14,0.28,0.30,0.53,"",1,2.9,-167,-60.1,-167,-58.8,-163,-58.4,-4272628,-69.4,-208462,-71.7,-2449,-67.1,-425,-25.1
"13121","5","522390","78","0","2023","4","",36,111,117,116,1886116,82337,1203,1265,"",0.84,0.26,0.27,0.27,0.14,0.28,0.30,0.53,"",1,2.9,-167,-60.1,-167,-58.8,-163,-58.4,-4272628,-69.4,-208462,-71.7,-2449,-67.1,-425,-25.1
"13121","5","523","75","0","2023","4","",1210,13452,13480,13452,746483853,7111924,87195,4266,"",1.44,2.06,2.05,2.04,1.32,1.63,1.56,0.64,"",78,6.9,384,2.9,367,2.8,586,4.6,34492245,4.8,-1898423,-21.1,-9816,-10.1,58,1.4
"13121","5","5231","76","0","2023","4","",316,5379,5366,5352,323570133,2178376,20660,4639,"",1.33,1.87,1.84,1.84,1.43,1.53,1.27,0.77,"",16,5.3,597,12.5,591,12.4,735,15.9,55928018,20.9,-359333,-14.2,-121,-0.6,281,6.4
"13121","5","52315","77","0","2023","4","",301,5308,5297,5282,319697701,2120302,19659,4644,"",1.39,1.95,1.92,1.92,1.50,1.61,1.34,0.78,"",18,6.4,578,12.2,577,12.2,725,15.9,55566448,21.0,-350666,-14.2,188,1.0,292,6.7
"13121","5","523150","78","0","2023","4","",301,5308,5297,5282,319697701,2120302,19659,4644,"",1.39,1.95,1.92,1.92,1.50,1.61,1.34,0.78,"",18,6.4,578,12.2,577,12.2,725,15.9,55566448,21.0,-350666,-14.2,188,1.0,292,6.7
"13121","5","52316","77","0","2023","4","",15,71,69,70,3872432,58074,1001,4255,"",0.73,0.46,0.44,0.45,0.28,0.54,0.63,0.63,"",-2,-11.8,19,36.5,14,25.5,10,16.7,361570,10.3,-8667,-13.0,-309,-23.6,-596,-12.3
"13121","5","523160","78","0","2023","4","",15,71,69,70,3872432,58074,1001,4255,"",0.73,0.46,0.44,0.45,0.28,0.54,0.63,0.63,"",-2,-11.8,19,36.5,14,25.5,10,16.7,361570,10.3,-8667,-13.0,-309,-23.6,-596,-12.3
"13121","5","5232","76","0","2023","4","",6,46,46,48,1931013,36718,476,3183,"",1.22,1.05,1.04,1.08,0.75,1.29,0.78,0.71,"",1,20.0,11,31.4,7,17.9,10,26.3,642200,49.8,-14987,-29.0,-635,-57.2,527,19.8
"13121","5","52321","77","0","2023","4","",6,46,46,48,1931013,36718,476,3183,"",1.22,1.05,1.04,1.08,0.75,1.29,0.78,0.71,"",1,20.0,11,31.4,7,17.9,10,26.3,642200,49.8,-14987,-29.0,-635,-57.2,527,19.8
"13121","5","523210","78","0","2023","4","",6,46,46,48,1931013,36718,476,3183,"",1.22,1.05,1.04,1.08,0.75,1.29,0.78,0.71,"",1,20.0,11,31.4,7,17.9,10,26.3,642200,49.8,-14987,-29.0,-635,-57.2,527,19.8
"13121","5","5239","76","0","2023","4","",888,8027,8068,8052,420982707,4896830,66059,4023,"",1.48,2.23,2.22,2.21,1.25,1.68,1.69,0.56,"",61,7.4,-224,-2.7,-231,-2.8,-159,-1.9,-22077973,-5.0,-1524103,-23.7,-9060,-12.1,-106,-2.6
"13121","5","52391","77","0","2023","4","",112,419,427,425,25551622,589765,7231,4639,"",2.03,1.99,2.01,1.99,1.23,3.06,2.45,0.61,"",23,25.8,-7,-1.6,-1,-0.2,-15,-3.4,2502980,10.9,-12077,-2.0,-4646,-39.1,529,12.9
"13121","5","523910","78","0","2023","4","",112,419,427,425,25551622,589765,7231,4639,"",2.03,1.99,2.01,1.99,1.23,3.06,2.45,0.61,"",23,25.8,-7,-1.6,-1,-0.2,-15,-3.4,2502980,10.9,-12077,-2.0,-4646,-39.1,529,12.9
"13121","5","52394","77","0","2023","4","",700,6215,6242,6229,343653052,3765637,51653,4244,"",1.44,2.04,2.03,2.02,1.15,1.60,1.67,0.57,"",3,0.4,-291,-4.5,-298,-4.6,-197,-3.1,-30373145,-8.1,-1414374,-27.3,-6637,-11.4,-189,-4.3
"13121","5","523940","78","0","2023","4","",700,6215,6242,6229,343653052,3765637,51653,4244,"",1.44,2.04,2.03,2.02,1.15,1.60,1.67,0.57,"",3,0.4,-291,-4.5,-298,-4.6,-197,-3.1,-30373145,-8.1,-1414374,-27.3,-6637,-11.4,-189,-4.3
"13121","5","52399","77","0","2023","4","",76,1393,1399,1398,51778033,541428,7175,2852,"",1.29,4.05,4.02,3.99,2.67,1.47,1.36,0.66,"",35,85.4,74,5.6,68,5.1,53,3.9,5792192,12.6,-97652,-15.3,2223,44.9,196,7.4
"13121","5","523991","78","0","2023","4","N",24,0,0,0,0,0,0,0,"N",1.39,0,0,0,0,0,0,0,"N",7,41.2,0,0,0,0,0,0,0,0,0,0,0,0,0,0
"13121","5","523999","78","0","2023","4","N",52,0,0,0,0,0,0,0,"N",1.25,0,0,0,0,0,0,0,"N",28,116.7,0,0,0,0,0,0,0,0,0,0,0,0,0,0
"13121","5","524","75","0","2023","4","",1338,24802,24590,24541,687376927,15378831,174898,2146,"",1.06,1.59,1.56,1.55,1.37,1.33,1.44,0.88,"",115,9.4,-1121,-4.3,-1391,-5.4,-1436,-5.5,-22479255,-3.2,-7439011,-32.6,-149568,-46.1,43,2.0
"13121","5","5241","76","0","2023","4","",212,11084,11083,11168,267826639,6032304,49486,1854,"",1.07,1.52,1.51,1.51,1.11,1.32,1.11,0.73,"",21,11.0,1429,14.8,1346,13.8,1375,14.0,31856262,13.5,-4383282,-42.1,-104265,-67.8,-12,-0.6
"13121","5","52411","77","0","2023","4","",82,6632,6649,6708,137724937,4220766,31837,1590,"",1.07,1.68,1.67,1.67,1.08,1.44,1.13,0.65,"",15,22.4,1356,25.7,1325,24.9,1313,24.3,22385013,19.4,-3653866,-46.4,-102773,-76.3,-74,-4.4
"13121","5","524113","78","0","2023","4","",44,3852,3858,3924,84065088,2791050,14914,1667,"",1.49,2.87,2.85,2.85,1.80,1.90,1.17,0.63,"",2,4.8,78,2.1,65,1.7,53,1.4,-2467078,-2.9,-3472076,-55.4,-93085,-86.2,-79,-4.5
"13121","5","524114","78","0","2023","4","",38,2780,2791,2784,53659849,1429716,16923,1482,"",0.80,1.07,1.06,1.06,0.67,0.98,1.10,0.63,"",13,52.0,1278,85.1,1260,82.3,1260,82.7,24852091,86.3,-181790,-11.3,-9688,-36.4,23,1.6
"13121","5","52412","77","0","2023","4","",119,4271,4250,4279,123462102,1685076,15525,2226,"",1.04,1.36,1.34,1.35,1.16,1.10,1.00,0.86,"",7,6.2,25,0.6,-30,-0.7,16,0.4,7849465,6.8,-754571,-30.9,-2762,-15.1,140,6.7
"13121","5","524126","78","0","2023","4","",91,3515,3522,3560,108486463,1188308,10028,2362,"",1.30,1.30,1.30,1.31,1.18,1.01,0.88,0.91,"",4,4.6,-56,-1.6,-78,-2.2,-22,-0.6,7286219,7.2,-835774,-41.3,-3302,-24.8,190,8.7
"13121","5","524127","78","0","2023","4","N",14,0,0,0,0,0,0,0,"N",0.42,0,0,0,0,0,0,0,"N",-2,-12.5,0,0,0,0,0,0,0,0,0,0,0,0,0,0
"13121","5","524128","78","0","2023","4","N",14,0,0,0,0,0,0,0,"N",1.21,0,0,0,0,0,0,0,"N",5,55.6,0,0,0,0,0,0,0,0,0,0,0,0,0,0
"13121","5","52413","77","0","2023","4","",11,181,184,181,6639600,126462,2124,2806,"",1.65,0.96,0.96,0.94,0.85,1.35,1.96,0.89,"",-1,-8.3,48,36.1,51,38.3,46,34.1,1621784,32.3,25155,24.8,1270,148.7,-82,-2.8
"13121","5","524130","78","0","2023","4","",11,181,184,181,6639600,126462,2124,2806,"",1.65,0.96,0.96,0.94,0.85,1.35,1.96,0.89,"",-1,-8.3,48,36.1,51,38.3,46,34.1,1621784,32.3,25155,24.8,1270,148.7,-82,-2.8
"13121","5","5242","76","0","2023","4","",1126,13718,13507,13373,419550288,9346527,125412,2385,"",1.06,1.64,1.60,1.59,1.61,1.33,1.63,1.00,"",94,9.1,-2550,-15.7,-2737,-16.8,-2811,-17.4,-54335517,-11.5,-3055729,-24.6,-45303,-26.5,139,6.2
"13121","5","52421","77","0","2023","4","",920,10827,10621,10487,327003348,7280559,91912,2363,"",1.02,1.80,1.74,1.72,1.72,1.40,1.68,0.98,"",59,6.9,-2472,-18.6,-2707,-20.3,-2835,-21.3,-53587337,-14.1,-2313073,-24.1,-16556,-15.3,164,7.5
"13121","5","524210","78","0","2023","4","",920,10827,10621,10487,327003348,7280559,91912,2363,"",1.02,1.80,1.74,1.72,1.72,1.40,1.68,0.98,"",59,6.9,-2472,-18.6,-2707,-20.3,-2835,-21.3,-53587337,-14.1,-2313073,-24.1,-16556,-15.3,164,7.5
"13121","5","52429","77","0","2023","4","",206,2891,2886,2886,92546940,2065968,33500,2465,"",1.27,1.25,1.24,1.24,1.33,1.13,1.53,1.07,"",35,20.5,-78,-2.6,-30,-1.0,24,0.8,-748180,-0.8,-742656,-26.4,-28747,-46.2,4,0.2
"13121","5","524291","78","0","2023","4","",62,1086,1066,1060,34493687,713718,13535,2478,"",1.31,2.85,2.84,2.84,2.82,2.46,3.35,0.99,"",10,19.2,-108,-9.0,-75,-6.6,-63,-5.6,-1154795,-3.2,-836055,-53.9,-37178,-73.3,99,4.2
"13121","5","524292","78","0","2023","4","",48,862,866,866,23933855,595330,7991,2129,"",0.90,0.65,0.65,0.65,0.64,0.56,0.65,0.98,"",-4,-7.7,-61,-6.6,-50,-5.5,-12,-1.4,-3779636,-13.6,-50272,-7.8,1959,32.5,-225,-9.6
"13121","5","524298","78","0","2023","4","",96,943,954,960,34119398,756920,11974,2756,"",1.56,1.54,1.54,1.55,1.70,1.57,2.15,1.10,"",29,43.3,91,10.7,95,11.1,99,11.5,4186251,14.0,143671,23.4,6472,117.6,70,2.6
"13121","5","525","75","0","2023","4","N",55,0,0,0,0,0,0,0,"N",0.98,0,0,0,0,0,0,0,"N",6,12.2,0,0,0,0,0,0,0,0,0,0,0,0,0,0
"13121","5","5251","76","0","2023","4","",17,565,553,550,14074855,255616,3763,1947,"",1.57,8.01,7.78,7.62,5.59,2.29,2.13,0.72,"",2,13.3,-22,-3.7,-54,-8.9,-56,-9.2,33369,0.2,-463120,-64.4,-9258,-71.1,147,8.2
"13121","5","52511","77","0","2023","4","N",4,0,0,0,0,0,0,0,"N",0.82,0,0,0,0,0,0,0,"N",1,33.3,0,0,0,0,0,0,0,0,0,0,0,0,0,0
"13121","5","525110","78","0","2023","4","N",4,0,0,0,0,0,0,0,"N",0.82,0,0,0,0,0,0,0,"N",1,33.3,0,0,0,0,0,0,0,0,0,0,0,0,0,0
"13121","5","52512","77","0","2023","4","",8,204,192,187,3687603,141601,2864,1460,"",2.03,7.10,6.66,6.35,3.95,1.89,2.63,0.59,"",0,0.0,-17,-7.7,-46,-19.3,-55,-22.7,-832123,-18.4,-403398,-74.0,-9861,-77.5,-28,-1.9
"13121","5","525120","78","0","2023","4","",8,204,192,187,3687603,141601,2864,1460,"",2.03,7.10,6.66,6.35,3.95,1.89,2.63,0.59,"",0,0.0,-17,-7.7,-46,-19.3,-55,-22.7,-832123,-18.4,-403398,-74.0,-9861,-77.5,-28,-1.9
"13121","5","52519","77","0","2023","4","N",5,0,0,0,0,0,0,0,"N",2.51,0,0,0,0,0,0,0,"N",1,25.0,0,0,0,0,0,0,0,0,0,0,0,0,0,0
"13121","5","525190","78","0","2023","4","N",5,0,0,0,0,0,0,0,"N",2.51,0,0,0,0,0,0,0,"N",1,25.0,0,0,0,0,0,0,0,0,0,0,0,0,0,0
"13121","5","5259","76","0","2023","4","N",38,0,0,0,0,0,0,0,"N",0.84,0,0,0,0,0,0,0,"N",4,11.8,0,0,0,0,0,0,0,0,0,0,0,0,0,0
"13121","5","52591","77","0","2023","4","",9,17,16,15,1149030,69485,195,5524,"",1.24,0.76,0.71,0.68,0.51,1.84,0.30,0.72,"",1,12.5,-6,-26.1,-7,-30.4,-8,-34.8,-654571,-36.3,-78240,-53.0,-160,-45.1,-508,-8.4
"13121","5","525910","78","0","2023","4","",9,17,16,15,1149030,69485,195,5524,"",1.24,0.76,0.71,0.68,0.51,1.84,0.30,0.72,"",1,12.5,-6,-26.1,-7,-30.4,-8,-34.8,-654571,-36.3,-78240,-53.0,-160,-45.1,-508,-8.4
"13121","5","52592","77","0","2023","4","N",7,0,0,0,0,0,0,0,"N",0.37,0,0,0,0,0,0,0,"N",1,16.7,0,0,0,0,0,0,0,0,0,0,0,0,0,0
"13121","5","525920","78","0","2023","4","N",7,0,0,0,0,0,0,0,"N",0.37,0,0,0,0,0,0,0,"N",1,16.7,0,0,0,0,0,0,0,0,0,0,0,0,0,0
"13121","5","52599","77","0","2023","4","",22,152,152,154,50910098,49718,359,25652,"",1.15,2.20,2.23,2.25,10.25,0.76,0.33,4.60,"",2,10.0,-18,-10.6,-19,-11.1,-16,-9.4,13237306,35.1,-95807,-65.8,-1247,-77.6,8639,50.8
"13121","5","525990","78","0","2023","4","",22,152,152,154,50910098,49718,359,25652,"",1.15,2.20,2.23,2.25,10.25,0.76,0.33,4.60,"",2,10.0,-18,-10.6,-19,-11.1,-16,-9.4,13237306,35.1,-95807,-65.8,-1247,-77.6,8639,50.8
"13121","5","53","74","0","2023","4","",3729,25490,25389,25495,612697788,27701841,364166,1851,"",1.34,1.74,1.73,1.73,1.65,1.60,1.59,0.95,"",127,3.5,-888,-3.4,-1028,-3.9,-1016,-3.8,-36485611,-5.6,-3815217,-12.1,-64799,-15.1,-38,-2.0
"13121","5","531","75","0","2023","4","",3383,20014,19944,20135,519158005,22527324,312024,1994,"",1.39,1.82,1.80,1.81,1.81,1.69,1.81,1.00,"",114,3.5,-1210,-5.7,-1353,-6.4,-1311,-6.1,-36988998,-6.7,-2983476,-11.7,-44324,-12.4,-12,-0.6
"13121","5","5311","76","0","2023","4","",837,6437,6397,6429,163831857,7498385,112634,1963,"",1.21,1.68,1.66,1.66,1.81,1.76,1.97,1.08,"",13,1.6,-468,-6.8,-571,-8.2,-623,-8.8,-2142711,-1.3,-1001890,-11.8,-14011,-11.1,133,7.3
"13121","5","53111","77","0","2023","4","",361,3351,3314,3362,78933446,4225619,65826,1817,"",0.97,1.50,1.47,1.49,1.69,1.67,1.98,1.14,"",8,2.3,-245,-6.8,-313,-8.6,-275,-7.6,6400094,8.8,-70003,-1.6,6711,11.4,276,17.9
"13121","5","531110","78","0","2023","4","",361,3351,3314,3362,78933446,4225619,65826,1817,"",0.97,1.50,1.47,1.49,1.69,1.67,1.98,1.14,"",8,2.3,-245,-6.8,-313,-8.6,-275,-7.6,6400094,8.8,-70003,-1.6,6711,11.4,276,17.9
"13121","5","53112","77","0","2023","4","",351,2326,2327,2339,71039273,2223375,35397,2345,"",2.30,2.40,2.40,2.41,2.24,2.37,2.57,0.93,"",-14,-3.8,-321,-12.1,-344,-12.9,-416,-15.1,-11165358,-13.6,-1047975,-32.0,-18581,-34.4,-5,-0.2
"13121","5","531120","78","0","2023","4","",351,2326,2327,2339,71039273,2223375,35397,2345,"",2.30,2.40,2.40,2.41,2.24,2.37,2.57,0.93,"",-14,-3.8,-321,-12.1,-344,-12.9,-416,-15.1,-11165358,-13.6,-1047975,-32.0,-18581,-34.4,-5,-0.2
"13121","5","53113","77","0","2023","4","",97,602,601,569,11277720,908657,10572,1469,"",0.92,1.67,1.66,1.56,1.64,1.88,1.78,1.01,"",17,21.2,94,18.5,88,17.2,69,13.8,3401017,43.2,223138,32.6,143,1.4,274,22.9
"13121","5","531130","78","0","2023","4","",97,602,601,569,11277720,908657,10572,1469,"",0.92,1.67,1.66,1.56,1.64,1.88,1.78,1.01,"",17,21.2,94,18.5,88,17.2,69,13.8,3401017,43.2,223138,32.6,143,1.4,274,22.9
"13121","5","53119","77","0","2023","4","",28,158,155,159,2581418,140734,839,1262,"",0.47,0.61,0.59,0.61,0.49,0.46,0.20,0.81,"",2,7.7,4,2.6,-2,-1.3,-1,-0.6,-778464,-23.2,-107050,-43.2,-2284,-73.1,-384,-23.3
"13121","5","531190","78","0","2023","4","",28,158,155,159,2581418,140734,839,1262,"",0.47,0.61,0.59,0.61,0.49,0.46,0.20,0.81,"",2,7.7,4,2.6,-2,-1.3,-1,-0.6,-778464,-23.2,-107050,-43.2,-2284,-73.1,-384,-23.3
"13121","5","5312","76","0","2023","4","",1519,4429,4406,4533,136524787,5643068,73285,2357,"",1.64,2.02,2.00,2.02,1.99,1.86,1.99,0.99,"",24,1.6,-297,-6.3,-301,-6.4,-259,-5.4,-15876599,-10.4,-170674,-2.9,11089,17.8,-115,-4.7
"13121","5","53121","77","0","2023","4","",1519,4429,4406,4533,136524787,5643068,73285,2357,"",1.64,2.02,2.00,2.02,1.99,1.86,1.99,0.99,"",24,1.6,-297,-6.3,-301,-6.4,-259,-5.4,-15876599,-10.4,-170674,-2.9,11089,17.8,-115,-4.7
"13121","5","531210","78","0","2023","4","",1519,4429,4406,4533,136524787,5643068,73285,2357,"",1.64,2.02,2.00,2.02,1.99,1.86,1.99,0.99,"",24,1.6,-297,-6.3,-301,-6.4,-259,-5.4,-15876599,-10.4,-170674,-2.9,11089,17.8,-115,-4.7
"13121","5","5313","76","0","2023","4","",1027,9148,9141,9173,218801361,9385871,126105,1839,"",1.27,1.84,1.82,1.82,1.71,1.56,1.60,0.94,"",77,8.1,-445,-4.6,-481,-5.0,-429,-4.5,-18969688,-8.0,-1810912,-16.2,-41402,-24.7,-65,-3.4
"13121","5","53131","77","0","2023","4","",694,7720,7700,7707,170879287,7857412,99251,1705,"",1.25,1.81,1.80,1.79,1.68,1.52,1.47,0.93,"",11,1.6,-448,-5.5,-506,-6.2,-475,-5.8,-19016542,-10.0,-2064838,-20.8,-45324,-31.3,-80,-4.5
"13121","5","531311","78","0","2023","4","",426,4340,4327,4331,80644536,5418362,76645,1432,"",1.00,1.35,1.34,1.33,1.19,1.29,1.39,0.89,"",7,1.7,-487,-10.1,-533,-11.0,-545,-11.2,-13130462,-14.0,-1947169,-26.4,-31716,-29.3,-54,-3.6
"13121","5","531312","78","0","2023","4","",268,3380,3373,3376,90234751,2439050,22606,2056,"",2.07,3.25,3.22,3.21,2.68,2.51,1.82,0.83,"",4,1.5,39,1.2,27,0.8,70,2.1,-5886080,-6.1,-117669,-4.6,-13608,-37.6,-164,-7.4
"13121","5","53132","77","0","2023","4","",56,127,130,141,3230380,124047,2164,1873,"",0.72,0.70,0.72,0.78,0.76,0.63,1.10,1.03,"",-5,-8.2,-13,-9.3,-2,-1.5,1,0.7,-1227209,-27.5,-32538,-20.8,-723,-25.0,-624,-25.0
"13121","5","531320","78","0","2023","4","",56,127,130,141,3230380,124047,2164,1873,"",0.72,0.70,0.72,0.78,0.76,0.63,1.10,1.03,"",-5,-8.2,-13,-9.3,-2,-1.5,1,0.7,-1227209,-27.5,-32538,-20.8,-723,-25.0,-624,-25.0
"13121","5","53139","77","0","2023","4","",277,1301,1311,1325,44691694,1404412,24690,2620,"",1.58,2.38,2.38,2.38,2.04,2.11,2.61,0.86,"",71,34.5,16,1.2,27,2.1,45,3.5,1274063,2.9,286464,25.6,4645,23.2,17,0.7
"13121","5","531390","78","0","2023","4","",277,1301,1311,1325,44691694,1404412,24690,2620,"",1.58,2.38,2.38,2.38,2.04,2.11,2.61,0.86,"",71,34.5,16,1.2,27,2.1,45,3.5,1274063,2.9,286464,25.6,4645,23.2,17,0.7
"13121","5","532","75","0","2023","4","",313,5287,5255,5173,88079995,5085371,51620,1293,"",0.95,1.51,1.51,1.49,1.12,1.32,0.96,0.74,"",18,6.1,354,7.2,361,7.4,333,6.9,1917251,2.2,-697262,-12.1,-18973,-26.9,-63,-4.6
"13121","5","5321","76","0","2023","4","",133,3645,3648,3587,56933516,3521514,32525,1208,"",1.29,2.77,2.77,2.71,2.26,2.51,2.04,0.82,"",12,9.9,323,9.7,382,11.7,380,11.8,81425,0.1,-169214,-4.6,-7819,-19.4,-131,-9.8
"13121","5","53211","77","0","2023","4","",87,2191,2207,2171,37515152,2403819,22455,1318,"",1.46,2.97,3.00,2.93,2.84,2.89,2.29,0.96,"",6,7.4,305,16.2,355,19.2,385,21.6,-596825,-1.6,-2992,-0.1,-6324,-22.0,-274,-17.2
"13121","5","532111","78","0","2023","4","N",83,0,0,0,0,0,0,0,"N",1.52,0,0,0,0,0,0,0,"N",4,5.1,0,0,0,0,0,0,0,0,0,0,0,0,0,0
"13121","5","532112","78","0","2023","4","N",4,0,0,0,0,0,0,0,"N",0.82,0,0,0,0,0,0,0,"N",2,100.0,0,0,0,0,0,0,0,0,0,0,0,0,0,0
"13121","5","53212","77","0","2023","4","",46,1454,1441,1416,19418364,1117695,10070,1039,"",1.05,2.51,2.47,2.43,1.62,1.96,1.63,0.66,"",6,15.0,18,1.3,27,1.9,-5,-0.4,678250,3.6,-166222,-12.9,-1495,-12.9,26,2.6
"13121","5","532120","78","0","2023","4","",46,1454,1441,1416,19418364,1117695,10070,1039,"",1.05,2.51,2.47,2.43,1.62,1.96,1.63,0.66,"",6,15.0,18,1.3,27,1.9,-5,-0.4,678250,3.6,-166222,-12.9,-1495,-12.9,26,2.6
"13121","5","5322","76","0","2023","4","",50,441,420,403,5954092,579883,8854,1087,"",0.49,0.55,0.54,0.52,0.42,0.58,0.56,0.78,"",0,0.0,-105,-19.2,-124,-22.8,-139,-25.6,-875286,-12.8,-164592,-22.1,-6528,-42.4,121,12.5
"13121","5","53221","77","0","2023","4","N",3,0,0,0,0,0,0,0,"N",0.36,0,0,0,0,0,0,0,"N",0,0.0,0,0,0,0,0,0,0,0,0,0,0,0,0,0
"13121","5","532210","78","0","2023","4","N",3,0,0,0,0,0,0,0,"N",0.36,0,0,0,0,0,0,0,"N",0,0.0,0,0,0,0,0,0,0,0,0,0,0,0,0,0
"13121","5","53228","77","0","2023","4","N",47,0,0,0,0,0,0,0,"N",0.51,0,0,0,0,0,0,0,"N",0,0.0,0,0,0,0,0,0,0,0,0,0,0,0,0,0
"13121","5","532281","78","0","2023","4","N",5,0,0,0,0,0,0,0,"N",1.22,0,0,0,0,0,0,0,"N",-1,-16.7,0,0,0,0,0,0,0,0,0,0,0,0,0,0
"13121","5","532282","78","0","2023","4","N",1,0,0,0,0,0,0,0,"N",0.33,0,0,0,0,0,0,0,"N",0,0.0,0,0,0,0,0,0,0,0,0,0,0,0,0,0
"13121","5","532283","78","0","2023","4","N",4,0,0,0,0,0,0,0,"N",0.26,0,0,0,0,0,0,0,"N",0,0.0,0,0,0,0,0,0,0,0,0,0,0,0,0,0
"13121","5","532284","78","0","2023","4","N",1,0,0,0,0,0,0,0,"N",0.05,0,0,0,0,0,0,0,"N",-1,-50.0,0,0,0,0,0,0,0,0,0,0,0,0,0,0
"13121","5","532289","78","0","2023","4","",36,304,294,278,4130510,466908,6994,1088,"",0.70,0.79,0.79,0.76,0.64,0.93,0.81,0.82,"",2,5.9,9,3.1,-13,-4.2,-33,-10.6,205395,5.2,-9748,-2.0,-1233,-15.0,96,9.7
"13121","5","5323","76","0","2023","4","",10,35,30,30,574142,26004,71,1395,"",0.48,0.18,0.15,0.15,0.13,0.12,0.03,0.82,"",2,25.0,0,0.0,-2,-6.2,-1,-3.2,-30186,-5.0,-11119,-30.0,-608,-89.5,-28,-2.0
"13121","5","53231","77","0","2023","4","",10,35,30,30,574142,26004,71,1395,"",0.48,0.18,0.15,0.15,0.13,0.12,0.03,0.82,"",2,25.0,0,0.0,-2,-6.2,-1,-3.2,-30186,-5.0,-11119,-30.0,-608,-89.5,-28,-2.0
"13121","5","532310","78","0","2023","4","",10,35,30,30,574142,26004,71,1395,"",0.48,0.18,0.15,0.15,0.13,0.12,0.03,0.82,"",2,25.0,0,0.0,-2,-6.2,-1,-3.2,-30186,-5.0,-11119,-30.0,-608,-89.5,-28,-2.0
"13121","5","5324","76","0","2023","4","",120,1166,1157,1153,24618245,957970,10170,1634,"",1.15,0.99,0.98,0.97,0.70,0.77,0.53,0.72,"",4,3.4,136,13.2,105,10.0,93,8.8,2741298,12.5,-352337,-26.9,-4018,-28.3,27,1.7
"13121","5","53241","77","0","2023","4","",30,337,336,338,8231258,230320,4369,1879,"",0.66,0.55,0.54,0.54,0.42,0.38,0.55,0.78,"",4,15.4,50,17.4,38,12.8,32,10.5,978593,13.5,-123200,-34.8,-1191,-21.4,1,0.1
"13121","5","532411","78","0","2023","4","",6,32,32,32,1311102,10696,289,3152,"",1.24,0.94,0.93,0.92,0.77,0.36,0.68,0.83,"",1,20.0,3,10.3,2,6.7,2,6.7,-66866,-4.9,-16051,-60.0,-244,-45.8,-421,-11.8
"13121","5","532412","78","0","2023","4","",24,305,304,306,6920156,219624,4080,1745,"",0.59,0.53,0.52,0.52,0.39,0.39,0.54,0.75,"",3,14.3,47,18.2,36,13.4,30,10.9,1045459,17.8,-107149,-32.8,-947,-18.8,55,3.3
"13121","5","53242","77","0","2023","4","",16,170,171,171,5454563,111108,281,2458,"",2.44,2.56,2.56,2.56,2.56,2.16,0.36,1.00,"",1,6.7,21,14.1,19,12.5,12,7.5,395590,7.8,-48178,-30.2,-815,-74.4,-80,-3.2
"13121","5","532420","78","0","2023","4","",16,170,171,171,5454563,111108,281,2458,"",2.44,2.56,2.56,2.56,2.56,2.16,0.36,1.00,"",1,6.7,21,14.1,19,12.5,12,7.5,395590,7.8,-48178,-30.2,-815,-74.4,-80,-3.2
"13121","5","53249","77","0","2023","4","",74,659,650,644,10932424,616542,5520,1292,"",1.41,1.33,1.30,1.29,0.81,1.05,0.53,0.62,"",-1,-1.3,65,10.9,48,8.0,49,8.2,1367115,14.3,-180959,-22.7,-2012,-26.7,60,4.9
"13121","5","532490","78","0","2023","4","",74,659,650,644,10932424,616542,5520,1292,"",1.41,1.33,1.30,1.29,0.81,1.05,0.53,0.62,"",-1,-1.3,65,10.9,48,8.0,49,8.2,1367115,14.3,-180959,-22.7,-2012,-26.7,60,4.9
"13121","5","533","75","0","2023","4","",33,189,190,187,5459788,89146,522,2226,"",1.55,1.37,1.37,1.34,0.89,0.64,0.21,0.65,"",-5,-13.2,-32,-14.5,-36,-15.9,-38,-16.9,-1413864,-20.6,-134479,-60.1,-1502,-74.2,-134,-5.7
"13121","5","5331","76","0","2023","4","",33,189,190,187,5459788,89146,522,2226,"",1.55,1.37,1.37,1.34,0.89,0.64,0.21,0.65,"",-5,-13.2,-32,-14.5,-36,-15.9,-38,-16.9,-1413864,-20.6,-134479,-60.1,-1502,-74.2,-134,-5.7
"13121","5","53311","77","0","2023","4","",33,189,190,187,5459788,89146,522,2226,"",1.55,1.37,1.37,1.34,0.89,0.64,0.21,0.65,"",-5,-13.2,-32,-14.5,-36,-15.9,-38,-16.9,-1413864,-20.6,-134479,-60.1,-1502,-74.2,-134,-5.7
"13121","5","533110","78","0","2023","4","",33,189,190,187,5459788,89146,522,2226,"",1.55,1.37,1.37,1.34,0.89,0.64,0.21,0.65,"",-5,-13.2,-32,-14.5,-36,-15.9,-38,-16.9,-1413864,-20.6,-134479,-60.1,-1502,-74.2,-134,-5.7
"13121","5","54","74","0","2023","4","",13055,116554,116887,116613,4232788638,94195683,1492465,2790,"",1.36,1.79,1.77,1.76,1.53,1.55,1.83,0.86,"",1768,15.7,-736,-0.6,-921,-0.8,-909,-0.8,205481338,5.1,-15289270,-14.0,-249459,-14.3,154,5.8
"13121","5","541","75","0","2023","4","",13055,116554,116887,116613,4232788638,94195683,1492465,2790,"",1.36,1.79,1.77,1.76,1.53,1.55,1.83,0.86,"",1768,15.7,-736,-0.6,-921,-0.8,-909,-0.8,205481338,5.1,-15289270,-14.0,-249459,-14.3,154,5.8
"13121","5","5411","76","0","2023","4","",2050,16889,16915,17109,725202197,14203775,178491,3287,"",1.74,2.34,2.32,2.33,1.91,2.19,2.36,0.82,"",72,3.6,174,1.0,197,1.2,301,1.8,29602022,4.3,593119,4.4,8609,5.1,92,2.9
"13121","5","54111","77","0","2023","4","",1807,16261,16258,16450,709505512,12357189,135751,3344,"",1.70,2.45,2.42,2.44,1.95,2.09,1.99,0.80,"",-56,-3.0,81,0.5,78,0.5,159,1.0,22937778,3.3,-520702,-4.0,-14749,-9.8,87,2.7
"13121","5","541110","78","0","2023","4","",1807,16261,16258,16450,709505512,12357189,135751,3344,"",1.70,2.45,2.42,2.44,1.95,2.09,1.99,0.80,"",-56,-3.0,81,0.5,78,0.5,159,1.0,22937778,3.3,-520702,-4.0,-14749,-9.8,87,2.7
"13121","5","54119","77","0","2023","4","",243,628,657,659,15696685,1846586,42740,1863,"",2.10,1.06,1.10,1.11,0.97,3.25,5.71,0.89,"",128,111.3,93,17.4,119,22.1,142,27.5,6664244,73.8,1113821,152.0,23358,120.5,552,42.1
"13121","5","541191","78","0","2023","4","",25,85,82,84,1505929,44307,881,1385,"",0.43,0.24,0.23,0.24,0.18,0.16,0.26,0.75,"",-3,-10.7,-12,-12.4,-11,-11.8,-6,-6.7,-328820,-17.9,21805,96.9,381,76.2,-127,-8.4
"13121","5","541199","78","0","2023","4","",218,543,575,575,14190756,1802279,41859,1934,"",3.75,2.24,2.32,2.32,1.84,6.38,10.32,0.80,"",131,150.6,105,24.0,130,29.2,148,34.7,6993064,97.2,1092016,153.7,22977,121.7,666,52.5
"13121","5","5412","76","0","2023","4","",993,16951,17004,17079,543100631,14300089,228295,2456,"",0.97,2.49,2.45,2.40,2.37,2.01,2.27,0.97,"",131,15.2,-794,-4.5,-804,-4.5,-849,-4.7,-30978439,-5.4,-3203924,-18.3,-102830,-31.1,-21,-0.8
"13121","5","54121","77","0","2023","4","",993,16951,17004,17079,543100631,14300089,228295,2456,"",0.97,2.49,2.45,2.40,2.37,2.01,2.27,0.97,"",131,15.2,-794,-4.5,-804,-4.5,-849,-4.7,-30978439,-5.4,-3203924,-18.3,-102830,-31.1,-21,-0.8
"13121","5","541211","78","0","2023","4","",325,9320,9285,9263,344972285,5949210,89754,2857,"",0.92,2.85,2.82,2.79,2.63,2.15,3.16,0.93,"",1,0.3,-1013,-9.8,-1008,-9.8,-1026,-10.0,-41353713,-10.7,-2004688,-25.2,-87756,-49.4,-27,-0.9
"13121","5","541213","78","0","2023","4","",180,314,348,396,6774885,291531,7268,1478,"",0.86,0.75,0.70,0.65,0.77,0.63,0.78,1.10,"",-5,-2.7,9,3.0,22,6.7,2,0.5,548439,8.8,-147851,-33.6,-2600,-26.3,76,5.4
"13121","5","541214","78","0","2023","4","",88,4779,4727,4774,118070945,5055566,94299,1908,"",1.21,3.43,3.36,3.32,2.65,2.61,2.43,0.79,"",11,14.3,105,2.2,-22,-0.5,-17,-0.4,4592155,4.0,-1584248,-23.9,-24413,-20.6,66,3.6
"13121","5","541219","78","0","2023","4","",400,2538,2644,2646,73282516,3003782,36974,2160,"",1.02,1.47,1.52,1.51,1.64,1.55,1.54,1.09,"",124,44.9,105,4.3,204,8.4,192,7.8,5234680,7.7,532863,21.6,11939,47.7,17,0.8
"13121","5","5413","76","0","2023","4","",1092,13466,13497,13480,469989326,8911740,126648,2682,"",1.14,1.33,1.32,1.32,1.17,1.06,1.10,0.89,"",102,10.3,465,3.6,395,3.0,424,3.2,14407363,3.2,-2586591,-22.5,-47411,-27.2,-3,-0.1
"13121","5","54131","77","0","2023","4","",272,3302,3290,3289,116327798,1853324,22215,2717,"",1.64,2.66,2.63,2.62,2.28,1.88,1.91,0.86,"",21,8.4,21,0.6,-12,-0.4,-13,-0.4,-17453953,-13.0,-163611,-8.1,-3538,-13.7,-406,-13.0
"13121","5","541310","78","0","2023","4","",272,3302,3290,3289,116327798,1853324,22215,2717,"",1.64,2.66,2.63,2.62,2.28,1.88,1.91,0.86,"",21,8.4,21,0.6,-12,-0.4,-13,-0.4,-17453953,-13.0,-163611,-8.1,-3538,-13.7,-406,-13.0
"13121","5","54132","77","0","2023","4","",76,449,445,429,11061104,353669,5922,1929,"",1.78,2.04,2.03,2.05,1.84,1.60,1.64,0.90,"",2,2.7,31,7.4,18,4.2,-13,-2.9,518319,4.9,-833949,-70.2,-21146,-78.1,39,2.1
"13121","5","541320","78","0","2023","4","",76,449,445,429,11061104,353669,5922,1929,"",1.78,2.04,2.03,2.05,1.84,1.60,1.64,0.90,"",2,2.7,31,7.4,18,4.2,-13,-2.9,518319,4.9,-833949,-70.2,-21146,-78.1,39,2.1
"13121","5","54133","77","0","2023","4","",654,8816,8847,8823,322705880,6008694,87801,2812,"",1.19,1.27,1.26,1.25,1.10,1.07,1.12,0.87,"",68,11.6,-31,-0.4,-75,-0.8,-39,-0.4,24908132,8.4,-1908300,-24.1,-29647,-25.2,231,9.0
"13121","5","541330","78","0","2023","4","",654,8816,8847,8823,322705880,6008694,87801,2812,"",1.19,1.27,1.26,1.25,1.10,1.07,1.12,0.87,"",68,11.6,-31,-0.4,-75,-0.8,-39,-0.4,24908132,8.4,-1908300,-24.1,-29647,-25.2,231,9.0
"13121","5","54134","77","0","2023","4","",11,23,23,23,644401,8715,125,2155,"",0.55,0.39,0.39,0.39,0.43,0.14,0.16,1.11,"N",2,22.2,0,0,0,0,0,0,0,0,0,0,0,0,0,0
"13121","5","541340","78","0","2023","4","",11,23,23,23,644401,8715,125,2155,"",0.55,0.39,0.39,0.39,0.43,0.14,0.16,1.11,"N",2,22.2,0,0,0,0,0,0,0,0,0,0,0,0,0,0
"13121","5","54135","77","0","2023","4","",24,175,179,184,2585302,93815,1948,1109,"",0.49,1.06,1.09,1.13,0.70,0.53,0.74,0.64,"",2,9.1,90,105.9,96,115.7,99,116.5,1257563,94.7,-25827,-21.6,1236,173.6,-102,-8.4
"13121","5","541350","78","0","2023","4","",24,175,179,184,2585302,93815,1948,1109,"",0.49,1.06,1.09,1.13,0.70,0.53,0.74,0.64,"",2,9.1,90,105.9,96,115.7,99,116.5,1257563,94.7,-25827,-21.6,1236,173.6,-102,-8.4
"13121","5","54136","77","0","2023","4","",4,16,17,17,385514,30127,813,1779,"",0.29,0.19,0.20,0.20,0.12,0.34,0.58,0.64,"N",3,300.0,0,0,0,0,0,0,0,0,0,0,0,0,0,0
"13121","5","541360","78","0","2023","4","",4,16,17,17,385514,30127,813,1779,"",0.29,0.19,0.20,0.20,0.12,0.34,0.58,0.64,"N",3,300.0,0,0,0,0,0,0,0,0,0,0,0,0,0,0
"13121","5","54137","77","0","2023","4","",28,465,472,490,7707927,403551,6661,1246,"",0.58,1.38,1.40,1.45,0.86,1.26,1.57,0.61,"",4,16.7,339,269.0,347,277.6,372,315.3,4804122,165.4,340969,544.8,5138,337.4,-570,-31.4
"13121","5","541370","78","0","2023","4","",28,465,472,490,7707927,403551,6661,1246,"",0.58,1.38,1.40,1.45,0.86,1.26,1.57,0.61,"",4,16.7,339,269.0,347,277.6,372,315.3,4804122,165.4,340969,544.8,5138,337.4,-570,-31.4
"13121","5","54138","77","0","2023","4","",23,220,224,225,8571400,159845,1163,2957,"",0.35,0.21,0.21,0.21,0.27,0.17,0.09,1.28,"",0,0.0,7,3.3,12,5.7,10,4.7,117815,1.4,-26922,-14.4,-321,-21.6,-91,-3.0
"13121","5","541380","78","0","2023","4","",23,220,224,225,8571400,159845,1163,2957,"",0.35,0.21,0.21,0.21,0.27,0.17,0.09,1.28,"",0,0.0,7,3.3,12,5.7,10,4.7,117815,1.4,-26922,-14.4,-321,-21.6,-91,-3.0
"13121","5","5414","76","0","2023","4","",521,2020,2030,2030,56792456,1789108,26625,2156,"",1.91,2.16,2.15,2.15,2.03,1.83,1.90,0.94,"",24,4.8,99,5.2,116,6.1,110,5.7,4535345,8.7,15491,0.9,6890,34.9,61,2.9
"13121","5","54141","77","0","2023","4","",253,1037,1043,1033,23912330,795498,10604,1773,"",2.40,3.03,3.01,2.99,2.67,2.04,1.95,0.89,"",7,2.8,30,3.0,41,4.1,33,3.3,-740995,-3.0,-232277,-22.6,-2776,-20.7,-118,-6.2
"13121","5","541410","78","0","2023","4","",253,1037,1043,1033,23912330,795498,10604,1773,"",2.40,3.03,3.01,2.99,2.67,2.04,1.95,0.89,"",7,2.8,30,3.0,41,4.1,33,3.3,-740995,-3.0,-232277,-22.6,-2776,-20.7,-118,-6.2
"13121","5","54142","77","0","2023","4","",22,52,50,55,1446314,65749,760,2126,"",1.35,0.45,0.43,0.47,0.32,0.79,0.56,0.72,"",6,37.5,-8,-13.3,-11,-18.0,-7,-11.3,-566895,-28.2,-19122,-22.5,-174,-18.6,-413,-16.3
"13121","5","541420","78","0","2023","4","",22,52,50,55,1446314,65749,760,2126,"",1.35,0.45,0.43,0.47,0.32,0.79,0.56,0.72,"",6,37.5,-8,-13.3,-11,-18.0,-7,-11.3,-566895,-28.2,-19122,-22.5,-174,-18.6,-413,-16.3
"13121","5","54143","77","0","2023","4","",198,772,768,760,20388560,635863,8749,2046,"",1.74,2.18,2.16,2.13,1.94,1.73,1.82,0.90,"",-3,-1.5,38,5.2,41,5.6,30,4.1,2831067,16.1,72756,12.9,4611,111.4,197,10.7
"13121","5","541430","78","0","2023","4","",198,772,768,760,20388560,635863,8749,2046,"",1.74,2.18,2.16,2.13,1.94,1.73,1.82,0.90,"",-3,-1.5,38,5.2,41,5.6,30,4.1,2831067,16.1,72756,12.9,4611,111.4,197,10.7
"13121","5","54149","77","0","2023","4","",48,159,169,182,11045252,291998,6512,4998,"",1.31,1.30,1.35,1.47,2.76,2.08,2.68,2.01,"",14,41.2,39,32.5,45,36.3,54,42.2,3012168,37.5,194134,198.4,5229,407.6,15,0.3
"13121","5","541490","78","0","2023","4","",48,159,169,182,11045252,291998,6512,4998,"",1.31,1.30,1.35,1.47,2.76,2.08,2.68,2.01,"",14,41.2,39,32.5,45,36.3,54,42.2,3012168,37.5,194134,198.4,5229,407.6,15,0.3
"13121","5","5415","76","0","2023","4","",3271,26869,26881,26299,926174202,21100357,345495,2670,"",1.41,1.80,1.79,1.77,1.28,1.68,2.02,0.71,"",469,16.7,-505,-1.8,-630,-2.3,-884,-3.3,42144009,4.8,-6046427,-22.3,-75391,-17.9,184,7.4
"13121","5","54151","77","0","2023","4","",3271,26869,26881,26299,926174202,21100357,345495,2670,"",1.41,1.80,1.79,1.77,1.28,1.68,2.02,0.71,"",469,16.7,-505,-1.8,-630,-2.3,-884,-3.3,42144009,4.8,-6046427,-22.3,-75391,-17.9,184,7.4
"13121","5","541511","78","0","2023","4","",1494,12082,12092,11832,399120026,9575372,176003,2558,"",1.34,1.80,1.79,1.78,1.12,1.84,2.43,0.62,"",256,20.7,-20,-0.2,-14,-0.1,-258,-2.1,3245106,0.8,-1658961,-14.8,5915,3.5,41,1.6
"13121","5","541512","78","0","2023","4","",1362,11798,11781,11452,440165571,8757067,125228,2900,"",1.38,1.70,1.69,1.66,1.41,1.42,1.51,0.84,"",38,2.9,-379,-3.1,-535,-4.3,-576,-4.8,32939806,8.1,-3991934,-31.3,-76332,-37.9,327,12.7
"13121","5","541513","78","0","2023","4","",54,1581,1584,1622,47695393,936407,9153,2299,"",1.46,3.23,3.20,3.25,2.32,2.52,1.94,0.72,"",6,12.5,55,3.6,66,4.3,94,6.2,5363917,12.7,-636638,-40.5,-11274,-55.2,162,7.6
"13121","5","541519","78","0","2023","4","",361,1408,1424,1393,39193212,1831511,35111,2141,"",1.96,1.77,1.77,1.73,1.10,2.27,3.03,0.63,"",169,88.0,-161,-10.3,-147,-9.4,-144,-9.4,595180,1.5,241106,15.2,6300,21.9,237,12.4
"13121","5","5416","76","0","2023","4","",3275,26135,26255,26239,1125715961,20742370,368361,3304,"",1.43,2.30,2.28,2.28,2.43,1.68,2.08,1.06,"",544,19.9,583,2.3,589,2.3,628,2.5,148118415,15.2,-4484028,-17.8,-52304,-12.4,368,12.5
"13121","5","54161","77","0","2023","4","",2841,24744,24860,24849,1089230517,18743903,331237,3376,"",1.51,2.62,2.60,2.59,2.78,1.85,2.27,1.07,"",374,15.2,343,1.4,358,1.5,388,1.6,140129821,14.8,-5255928,-21.9,-66571,-16.7,391,13.1
"13121","5","541611","78","0","2023","4","",1288,17141,17186,17102,881930998,10258504,164118,3957,"",1.34,3.33,3.30,3.28,3.62,1.95,2.21,1.10,"",70,5.7,521,3.1,414,2.5,367,2.2,133884224,17.9,-2524456,-19.7,-40425,-19.8,513,14.9
"13121","5","541612","78","0","2023","4","",208,1053,1047,1038,40061320,1098673,18312,2946,"",2.25,1.81,1.79,1.78,1.86,1.75,1.95,1.04,"",64,44.4,28,2.7,28,2.7,33,3.3,1849950,4.8,-139324,-11.3,2581,16.4,54,1.9
"13121","5","541613","78","0","2023","4","",744,3183,3255,3319,81454497,4042632,83144,1927,"",1.45,1.61,1.63,1.66,1.21,1.74,2.40,0.74,"",69,10.2,-303,-8.7,-176,-5.1,-141,-4.1,-7645922,-8.6,-2881769,-41.6,-49635,-37.4,-54,-2.7
"13121","5","541614","78","0","2023","4","",176,1254,1242,1231,34362671,890113,15550,2128,"",1.56,1.26,1.22,1.21,1.17,0.82,0.97,0.95,"",9,5.4,99,8.6,112,9.9,107,9.5,6616907,23.8,2848,0.3,2433,18.5,250,13.3
"13121","5","541618","78","0","2023","4","",425,2113,2130,2159,51421031,2453981,50113,1854,"",2.12,2.76,2.76,2.79,1.72,3.04,4.29,0.62,"",162,61.6,-2,-0.1,-20,-0.9,22,1.0,5424662,11.8,286773,13.2,18475,58.4,196,11.8
"13121","5","54162","77","0","2023","4","",65,331,329,325,8107028,199994,2897,1899,"",0.76,0.54,0.54,0.53,0.43,0.30,0.32,0.79,"",14,27.5,18,5.8,1,0.3,-9,-2.7,-1183,0.0,-165467,-45.3,-3755,-56.4,-20,-1.0
"13121","5","541620","78","0","2023","4","",65,331,329,325,8107028,199994,2897,1899,"",0.76,0.54,0.54,0.53,0.43,0.30,0.32,0.79,"",14,27.5,18,5.8,1,0.3,-9,-2.7,-1183,0.0,-165467,-45.3,-3755,-56.4,-20,-1.0
"13121","5","54169","77","0","2023","4","",369,1060,1066,1065,28378416,1798473,34227,2052,"",1.15,0.80,0.80,0.80,0.53,1.18,1.54,0.66,"",156,73.2,222,26.5,230,27.5,249,30.5,7989777,39.2,937367,108.9,18022,111.2,162,8.6
"13121","5","541690","78","0","2023","4","",369,1060,1066,1065,28378416,1798473,34227,2052,"",1.15,0.80,0.80,0.80,0.53,1.18,1.54,0.66,"",156,73.2,222,26.5,230,27.5,249,30.5,7989777,39.2,937367,108.9,18022,111.2,162,8.6
"13121","5","5417","76","0","2023","4","",174,2782,2826,2826,83878111,1004870,19973,2295,"",0.54,0.50,0.50,0.50,0.28,0.28,0.45,0.57,"",24,16.0,-319,-10.3,-253,-8.2,-270,-8.7,-526326,-0.6,-568897,-36.1,-16962,-45.9,195,9.3
"13121","5","54171","77","0","2023","4","",150,2618,2656,2660,79985231,909635,18819,2326,"",0.52,0.50,0.51,0.51,0.28,0.28,0.46,0.55,"",16,11.9,-337,-11.4,-278,-9.5,-291,-9.9,-698848,-0.9,-546300,-37.5,-16537,-46.8,220,10.4
"13121","5","541713","78","0","2023","4","",7,7,8,7,374220,3636,35,3925,"",0.47,0.05,0.05,0.04,0.06,0.02,0.02,1.19,"",-2,-22.2,2,40.0,3,60.0,2,40.0,221902,145.7,-5435,-59.9,-32,-47.8,1582,67.5
"13121","5","541714","78","0","2023","4","",57,302,310,314,9352960,212403,4112,2331,"",0.47,0.17,0.18,0.18,0.08,0.17,0.24,0.47,"",3,5.6,-159,-34.5,-145,-31.9,-145,-31.6,-992176,-9.6,-287714,-57.5,-4574,-52.7,595,34.3
"13121","5","541715","78","0","2023","4","",86,2309,2338,2339,70258051,693596,14672,2321,"",0.58,0.70,0.71,0.70,0.43,0.37,0.66,0.61,"",15,21.1,-180,-7.2,-136,-5.5,-148,-6.0,71426,0.1,-253151,-26.7,-11931,-44.8,147,6.8
"13121","5","54172","77","0","2023","4","",24,164,170,166,3892880,95235,1154,1797,"",0.70,0.40,0.40,0.39,0.31,0.36,0.33,0.78,"",8,50.0,18,12.3,25,17.2,21,14.5,172522,4.6,-22597,-19.2,-425,-26.9,-172,-8.7
"13121","5","541720","78","0","2023","4","",24,164,170,166,3892880,95235,1154,1797,"",0.70,0.40,0.40,0.39,0.31,0.36,0.33,0.78,"",8,50.0,18,12.3,25,17.2,21,14.5,172522,4.6,-22597,-19.2,-425,-26.9,-172,-8.7
"13121","5","5418","76","0","2023","4","",712,5941,5905,5952,189640537,4165571,54826,2459,"",1.59,1.99,1.96,1.97,1.83,1.55,1.44,0.93,"",47,7.1,-1547,-20.7,-1731,-22.7,-1528,-20.4,-34105198,-15.2,-1675602,-28.7,-33429,-37.9,175,7.7
"13121","5","54181","77","0","2023","4","",322,2979,2975,2984,107475580,2363670,33597,2775,"",1.49,2.23,2.22,2.21,2.00,2.19,2.00,0.90,"",26,8.8,-382,-11.4,-429,-12.6,-380,-11.3,7581054,7.6,98021,4.3,-5143,-13.3,499,21.9
"13121","5","541810","78","0","2023","4","",322,2979,2975,2984,107475580,2363670,33597,2775,"",1.49,2.23,2.22,2.21,2.00,2.19,2.00,0.90,"",26,8.8,-382,-11.4,-429,-12.6,-380,-11.3,7581054,7.6,98021,4.3,-5143,-13.3,499,21.9
"13121","5","54182","77","0","2023","4","",169,917,903,903,28794226,664563,7675,2440,"",1.99,2.31,2.24,2.24,1.51,2.03,1.59,0.67,"",3,1.8,-181,-16.5,-279,-23.6,-161,-15.1,-3817764,-11.7,-946085,-58.7,-24363,-76.0,189,8.4
"13121","5","541820","78","0","2023","4","",169,917,903,903,28794226,664563,7675,2440,"",1.99,2.31,2.24,2.24,1.51,2.03,1.59,0.67,"",3,1.8,-181,-16.5,-279,-23.6,-161,-15.1,-3817764,-11.7,-946085,-58.7,-24363,-76.0,189,8.4
"13121","5","54183","77","0","2023","4","",19,122,131,136,2884532,130703,3212,1711,"",2.12,1.14,1.21,1.25,0.64,2.19,3.54,0.53,"",-1,-5.0,-3,-2.4,7,5.6,1,0.7,-89378,-3.0,-99223,-43.2,760,31.0,-76,-4.3
"13121","5","541830","78","0","2023","4","",19,122,131,136,2884532,130703,3212,1711,"",2.12,1.14,1.21,1.25,0.64,2.19,3.54,0.53,"",-1,-5.0,-3,-2.4,7,5.6,1,0.7,-89378,-3.0,-99223,-43.2,760,31.0,-76,-4.3
"13121","5","54184","77","0","2023","4","",48,876,867,889,26821600,265040,3516,2352,"",2.16,7.69,7.60,7.77,6.06,2.90,2.77,0.79,"",-6,-11.1,-99,-10.2,-101,-10.4,-59,-6.2,-1509336,-5.3,-271581,-50.6,-797,-18.5,91,4.0
"13121","5","541840","78","0","2023","4","",48,876,867,889,26821600,265040,3516,2352,"",2.16,7.69,7.60,7.77,6.06,2.90,2.77,0.79,"",-6,-11.1,-99,-10.2,-101,-10.4,-59,-6.2,-1509336,-5.3,-271581,-50.6,-797,-18.5,91,4.0
"13121","5","54185","77","0","2023","4","",32,357,352,356,5793104,184354,324,1255,"",1.86,1.90,1.88,1.92,1.23,0.95,0.13,0.65,"",-2,-5.9,-967,-73.0,-982,-73.6,-979,-73.3,-36563272,-86.3,-372324,-66.9,-820,-71.7,-1193,-48.7
"13121","5","541850","78","0","2023","4","",32,357,352,356,5793104,184354,324,1255,"",1.86,1.90,1.88,1.92,1.23,0.95,0.13,0.65,"",-2,-5.9,-967,-73.0,-982,-73.6,-979,-73.3,-36563272,-86.3,-372324,-66.9,-820,-71.7,-1193,-48.7
"13121","5","54186","77","0","2023","4","",19,202,190,194,4826419,116871,1276,1901,"",1.31,1.02,0.95,0.97,0.97,0.66,0.58,0.99,"",1,5.6,72,55.4,49,34.8,55,39.6,486169,11.2,-18422,-13.6,-2452,-65.8,-542,-22.2
"13121","5","541860","78","0","2023","4","",19,202,190,194,4826419,116871,1276,1901,"",1.31,1.02,0.95,0.97,0.97,0.66,0.58,0.99,"",1,5.6,72,55.4,49,34.8,55,39.6,486169,11.2,-18422,-13.6,-2452,-65.8,-542,-22.2
"13121","5","54187","77","0","2023","4","",18,24,25,24,542001,26844,501,1713,"",0.73,0.24,0.24,0.23,0.22,0.21,0.30,0.92,"",5,38.5,-8,-25.0,-7,-21.9,-8,-25.0,-107907,-16.6,9043,50.8,418,503.6,151,9.7
"13121","5","541870","78","0","2023","4","",18,24,25,24,542001,26844,501,1713,"",0.73,0.24,0.24,0.23,0.22,0.21,0.30,0.92,"",5,38.5,-8,-25.0,-7,-21.9,-8,-25.0,-107907,-16.6,9043,50.8,418,503.6,151,9.7
"13121","5","54189","77","0","2023","4","",85,464,462,466,12503075,413526,4725,2073,"",1.45,0.84,0.82,0.83,1.26,0.66,0.61,1.52,"",21,32.8,21,4.7,11,2.4,3,0.6,-84764,-0.7,-75031,-15.4,-1032,-17.9,-68,-3.2
"13121","5","541890","78","0","2023","4","",85,464,462,466,12503075,413526,4725,2073,"",1.45,0.84,0.82,0.83,1.26,0.66,0.61,1.52,"",21,32.8,21,4.7,11,2.4,3,0.6,-84764,-0.7,-75031,-15.4,-1032,-17.9,-68,-3.2
"13121","5","5419","76","0","2023","4","",967,5501,5574,5599,112295217,7977803,143751,1554,"",1.25,1.04,1.04,1.04,0.87,1.22,1.78,0.84,"",355,58.0,1108,25.2,1200,27.4,1159,26.1,32284147,40.3,2667589,50.2,63369,78.8,156,11.2
"13121","5","54191","77","0","2023","4","",79,631,621,629,16115665,479834,6417,1977,"",1.32,1.43,1.40,1.41,1.03,1.39,1.20,0.73,"",3,3.9,-38,-5.7,-47,-7.0,-39,-5.8,-185653,-1.1,-242341,-33.6,-3860,-37.6,101,5.4
"13121","5","541910","78","0","2023","4","",79,631,621,629,16115665,479834,6417,1977,"",1.32,1.43,1.40,1.41,1.03,1.39,1.20,0.73,"",3,3.9,-38,-5.7,-47,-7.0,-39,-5.8,-185653,-1.1,-242341,-33.6,-3860,-37.6,101,5.4
"13121","5","54192","77","0","2023","4","",113,557,541,534,6452011,1125803,18143,912,"",1.21,1.76,1.71,1.60,1.37,2.18,1.75,0.81,"",8,7.6,388,229.6,373,222.0,336,169.7,4458677,223.7,920545,448.5,15897,707.8,52,6.0
"13121","5","541921","78","0","2023","4","",80,518,500,498,5615106,1072985,17357,855,"",1.19,2.11,2.05,1.92,1.81,2.53,1.93,0.89,"",10,14.3,409,375.2,390,354.5,358,255.7,4471736,391.1,912117,567.0,15752,981.4,120,16.3
"13121","5","541922","78","0","2023","4","",33,39,41,36,836905,52818,786,1665,"",1.25,0.55,0.57,0.48,0.52,0.58,0.58,0.98,"",-2,-5.7,-21,-35.0,-17,-29.3,-22,-37.9,-13059,-1.5,8428,19.0,145,22.6,551,49.5
"13121","5","54193","77","0","2023","4","",35,263,269,266,5393115,225878,4038,1560,"",1.21,1.14,1.14,1.13,1.17,0.92,1.25,1.03,"",1,2.9,-30,-10.2,0,0.0,-5,-1.8,-37210,-0.7,3590,1.6,1474,57.5,56,3.7
"13121","5","541930","78","0","2023","4","",35,263,269,266,5393115,225878,4038,1560,"",1.21,1.14,1.14,1.13,1.17,0.92,1.25,1.03,"",1,2.9,-30,-10.2,0,0.0,-5,-1.8,-37210,-0.7,3590,1.6,1474,57.5,56,3.7
"13121","5","54194","77","0","2023","4","",152,1933,1949,1922,29013036,2462048,37563,1154,"",0.77,0.69,0.69,0.67,0.57,0.70,1.14,0.83,"",16,11.8,-117,-5.7,-112,-5.4,-168,-8.0,461530,1.6,-37666,-1.5,11,0.0,91,8.6
"13121","5","541940","78","0","2023","4","",152,1933,1949,1922,29013036,2462048,37563,1154,"",0.77,0.69,0.69,0.67,0.57,0.70,1.14,0.83,"",16,11.8,-117,-5.7,-112,-5.4,-168,-8.0,461530,1.6,-37666,-1.5,11,0.0,91,8.6
"13121","5","54199","77","0","2023","4","",588,2117,2194,2248,55321390,3684240,77590,1946,"",1.49,1.41,1.44,1.48,1.04,1.94,2.69,0.72,"",327,125.3,905,74.7,986,81.6,1035,85.3,27586803,99.5,2023461,121.8,49847,179.7,184,10.4
"13121","5","541990","78","0","2023","4","",588,2117,2194,2248,55321390,3684240,77590,1946,"",1.49,1.41,1.44,1.48,1.04,1.94,2.69,0.72,"",327,125.3,905,74.7,986,81.6,1035,85.3,27586803,99.5,2023461,121.8,49847,179.7,184,10.4
"13121","5","55","74","0","2023","4","",474,47419,47317,47609,1889293162,33193146,282058,3063,"",0.88,3.07,3.03,3.03,2.67,1.77,1.45,0.88,"",25,5.6,1370,3.0,1620,3.5,1420,3.1,118883624,6.7,-3234524,-8.9,-4626,-1.6,101,3.4
"13121","5","551","75","0","2023","4","",474,47419,47317,47609,1889293162,33193146,282058,3063,"",0.88,3.07,3.03,3.03,2.67,1.77,1.45,0.88,"",25,5.6,1370,3.0,1620,3.5,1420,3.1,118883624,6.7,-3234524,-8.9,-4626,-1.6,101,3.4
"13121","5","5511","76","0","2023","4","",474,47419,47317,47609,1889293162,33193146,282058,3063,"",0.88,3.07,3.03,3.03,2.67,1.77,1.45,0.88,"",25,5.6,1370,3.0,1620,3.5,1420,3.1,118883624,6.7,-3234524,-8.9,-4626,-1.6,101,3.4
"13121","5","55111","77","0","2023","4","",474,47419,47317,47609,1889293162,33193146,282058,3063,"",0.88,3.07,3.03,3.03,2.67,1.77,1.45,0.88,"",25,5.6,1370,3.0,1620,3.5,1420,3.1,118883624,6.7,-3234524,-8.9,-4626,-1.6,101,3.4
"13121","5","551111","78","0","2023","4","N",5,0,0,0,0,0,0,0,"N",0.90,0,0,0,0,0,0,0,"N",-3,-37.5,0,0,0,0,0,0,0,0,0,0,0,0,0,0
"13121","5","551112","78","0","2023","4","N",121,0,0,0,0,0,0,0,"N",1.50,0,0,0,0,0,0,0,"N",20,19.8,0,0,0,0,0,0,0,0,0,0,0,0,0,0
"13121","5","551114","78","0","2023","4","",348,46537,46435,46671,1857473319,32453199,268586,3070,"",0.77,3.13,3.09,3.09,2.76,1.78,1.43,0.89,"",8,2.4,1144,2.5,1392,3.1,1173,2.6,108420166,6.2,-3352517,-9.4,-8154,-2.9,101,3.4
"13121","5","56","74","0","2023","4","",3621,70076,70341,69304,1225671473,141215672,1898879,1349,"",0.93,1.22,1.22,1.22,1.16,1.49,1.33,0.95,"",-205,-5.4,-12765,-15.4,-11458,-14.0,-11243,-14.0,-191897792,-13.5,-39159808,-21.7,-497189,-20.8,15,1.1
"13121","5","561","75","0","2023","4","",3509,68499,68742,67695,1199573443,139383751,1871869,1351,"",0.95,1.26,1.26,1.26,1.23,1.52,1.36,0.97,"",-201,-5.4,-12763,-15.7,-11486,-14.3,-11279,-14.3,-194732356,-14.0,-39229190,-22.0,-503503,-21.2,13,1.0
"13121","5","5611","76","0","2023","4","",356,4749,4729,4686,117364683,5187610,58223,1912,"",0.78,1.27,1.25,1.23,0.89,1.48,1.24,0.72,"",31,9.5,-1196,-20.1,-1490,-24.0,-823,-14.9,-25525149,-17.9,-8560427,-62.3,-62207,-51.7,46,2.5
"13121","5","56111","77","0","2023","4","",356,4749,4729,4686,117364683,5187610,58223,1912,"",0.78,1.27,1.25,1.23,0.89,1.48,1.24,0.72,"",31,9.5,-1196,-20.1,-1490,-24.0,-823,-14.9,-25525149,-17.9,-8560427,-62.3,-62207,-51.7,46,2.5
"13121","5","561110","78","0","2023","4","",356,4749,4729,4686,117364683,5187610,58223,1912,"",0.78,1.27,1.25,1.23,0.89,1.48,1.24,0.72,"",31,9.5,-1196,-20.1,-1490,-24.0,-823,-14.9,-25525149,-17.9,-8560427,-62.3,-62207,-51.7,46,2.5
"13121","5","5612","76","0","2023","4","",57,1227,1244,1254,18296070,2414845,17551,1133,"",1.29,1.19,1.20,1.20,0.89,1.99,0.95,0.74,"",-4,-6.6,-333,-21.3,-255,-17.0,-260,-17.2,-2349267,-11.4,249494,11.5,-4119,-19.0,91,8.7
"13121","5","56121","77","0","2023","4","",57,1227,1244,1254,18296070,2414845,17551,1133,"",1.29,1.19,1.20,1.20,0.89,1.99,0.95,0.74,"",-4,-6.6,-333,-21.3,-255,-17.0,-260,-17.2,-2349267,-11.4,249494,11.5,-4119,-19.0,91,8.7
"13121","5","561210","78","0","2023","4","",57,1227,1244,1254,18296070,2414845,17551,1133,"",1.29,1.19,1.20,1.20,0.89,1.99,0.95,0.74,"",-4,-6.6,-333,-21.3,-255,-17.0,-260,-17.2,-2349267,-11.4,249494,11.5,-4119,-19.0,91,8.7
"13121","5","5613","76","0","2023","4","",1432,33503,34268,33608,581946780,92204352,1247576,1325,"",1.62,1.55,1.56,1.55,1.53,1.88,1.62,0.99,"",-232,-13.9,-11315,-25.2,-9076,-20.9,-9336,-21.7,-158502735,-21.4,-28604520,-23.7,-390688,-23.8,22,1.7
"13121","5","56131","77","0","2023","4","",330,5705,5504,5438,143168360,11708412,170640,1985,"",1.62,3.06,2.92,2.91,3.14,3.22,2.71,1.06,"",-11,-3.2,-478,-7.7,-547,-9.0,-501,-8.4,-11901755,-7.7,874831,8.1,-27450,-13.9,16,0.8
"13121","5","561311","78","0","2023","4","",242,4731,4559,4500,105289453,10113677,146871,1762,"",1.61,2.94,2.80,2.78,3.18,3.07,2.59,1.12,"",-9,-3.6,-217,-4.4,-259,-5.4,-220,-4.7,-4048283,-3.7,1308056,14.9,-19544,-11.7,20,1.1
"13121","5","561312","78","0","2023","4","",88,974,945,938,37878907,1594735,23769,3060,"",1.65,3.80,3.66,3.69,3.05,4.66,3.82,0.82,"",-2,-2.2,-261,-21.1,-288,-23.4,-281,-23.1,-7853472,-17.2,-433225,-21.4,-7906,-25.0,198,6.9
"13121","5","56132","77","0","2023","4","",581,22338,23261,22810,348409391,70155329,947583,1175,"",1.04,1.31,1.34,1.34,1.31,1.70,1.47,0.98,"",-283,-32.8,-9255,-29.3,-6851,-22.8,-7285,-24.2,-107373078,-23.6,-25888756,-27.0,-320893,-25.3,29,2.5
"13121","5","561320","78","0","2023","4","",581,22338,23261,22810,348409391,70155329,947583,1175,"",1.04,1.31,1.34,1.34,1.31,1.70,1.47,0.98,"",-283,-32.8,-9255,-29.3,-6851,-22.8,-7285,-24.2,-107373078,-23.6,-25888756,-27.0,-320893,-25.3,29,2.5
"13121","5","56133","77","0","2023","4","",521,5460,5503,5360,90369029,10340611,129353,1278,"",4.25,1.95,1.94,1.90,1.33,2.47,2.07,0.69,"",62,13.5,-1582,-22.5,-1678,-23.4,-1550,-22.4,-39227902,-30.3,-3590595,-25.8,-42345,-24.7,-137,-9.7
"13121","5","561330","78","0","2023","4","",521,5460,5503,5360,90369029,10340611,129353,1278,"",4.25,1.95,1.94,1.90,1.33,2.47,2.07,0.69,"",62,13.5,-1582,-22.5,-1678,-23.4,-1550,-22.4,-39227902,-30.3,-3590595,-25.8,-42345,-24.7,-137,-9.7
"13121","5","5614","76","0","2023","4","",471,8167,8190,8204,218573380,7808139,78538,2054,"",1.35,1.85,1.83,1.83,2.47,1.42,1.10,1.35,"",73,18.3,-306,-3.6,-431,-5.0,-560,-6.4,-7911295,-3.5,-515987,-6.2,-34367,-30.4,33,1.6
"13121","5","56141","77","0","2023","4","",33,131,134,133,4050510,153258,1864,2349,"",0.74,0.55,0.55,0.55,0.95,0.55,0.60,1.73,"",-3,-8.3,-28,-17.6,-22,-14.1,-30,-18.4,440348,12.2,15561,11.3,-55,-2.9,606,34.8
"13121","5","561410","78","0","2023","4","",33,131,134,133,4050510,153258,1864,2349,"",0.74,0.55,0.55,0.55,0.95,0.55,0.60,1.73,"",-3,-8.3,-28,-17.6,-22,-14.1,-30,-18.4,440348,12.2,15561,11.3,-55,-2.9,606,34.8
"13121","5","56142","77","0","2023","4","",69,1637,1627,1685,18629140,3692943,20359,869,"",0.79,0.69,0.68,0.71,0.46,1.16,0.51,0.66,"",34,97.1,433,36.0,373,29.7,280,19.9,6449193,52.9,1098921,42.4,-28093,-58.0,141,19.4
"13121","5","561421","78","0","2023","4","",7,304,303,298,3173950,299038,1059,809,"",0.39,1.41,1.40,1.37,0.86,1.05,0.32,0.62,"",-3,-30.0,10,3.4,12,4.1,13,4.6,-223956,-6.6,17775,6.3,-80,-7.0,-92,-10.2
"13121","5","561422","78","0","2023","4","",62,1333,1324,1387,15455190,3393905,19300,882,"",0.90,0.62,0.61,0.64,0.42,1.17,0.52,0.67,"",37,148.0,423,46.5,361,37.5,267,23.8,6673149,76.0,1081146,46.7,-28013,-59.2,205,30.3
"13121","5","56143","77","0","2023","4","",156,1002,1015,1035,10336804,1150194,11883,782,"",2.38,2.09,2.08,2.07,1.41,1.88,1.60,0.68,"",15,10.6,188,23.1,196,23.9,226,27.9,1810221,21.2,295049,34.5,3022,34.1,-24,-3.0
"13121","5","561431","78","0","2023","4","",55,281,281,297,2292580,442287,8051,616,"",1.73,1.29,1.25,1.29,0.90,1.34,1.97,0.70,"",0,0.0,18,6.8,20,7.7,27,10.0,28075,1.2,4384,1.0,1688,26.5,-42,-6.4
"13121","5","561439","78","0","2023","4","",101,721,734,738,8044224,707907,3832,846,"",3.00,2.76,2.79,2.75,1.69,2.52,1.15,0.61,"",15,17.4,170,30.9,176,31.5,199,36.9,1782146,28.5,290665,69.7,1334,53.4,-31,-3.5
"13121","5","56144","77","0","2023","4","",39,389,391,351,6645585,492851,17212,1356,"",1.10,0.70,0.70,0.62,0.57,0.77,2.11,0.84,"",-1,-2.5,-772,-66.5,-860,-68.7,-889,-71.7,-19912636,-75.0,-1522038,-75.5,-8939,-34.2,-322,-19.2
"13121","5","561440","78","0","2023","4","",39,389,391,351,6645585,492851,17212,1356,"",1.10,0.70,0.70,0.62,0.57,0.77,2.11,0.84,"",-1,-2.5,-772,-66.5,-860,-68.7,-889,-71.7,-19912636,-75.0,-1522038,-75.5,-8939,-34.2,-322,-19.2
"13121","5","56145","77","0","2023","4","",21,3824,3818,3798,148742966,982617,6525,3000,"",2.85,26.95,26.80,26.73,20.98,13.83,7.16,0.78,"",-1,-4.5,-98,-2.5,-96,-2.5,-134,-3.4,418198,0.3,-632664,-39.2,-6213,-48.8,91,3.1
"13121","5","561450","78","0","2023","4","",21,3824,3818,3798,148742966,982617,6525,3000,"",2.85,26.95,26.80,26.73,20.98,13.83,7.16,0.78,"",-1,-4.5,-98,-2.5,-96,-2.5,-134,-3.4,418198,0.3,-632664,-39.2,-6213,-48.8,91,3.1
"13121","5","56149","77","0","2023","4","",153,1184,1205,1202,30168375,1336276,20695,1939,"",1.41,1.84,1.84,1.83,1.74,1.87,1.78,0.95,"",29,23.4,-29,-2.4,-22,-1.8,-13,-1.1,2883381,10.6,229184,20.7,5911,40.0,216,12.5
"13121","5","561491","78","0","2023","4","",11,154,155,153,2599268,518943,11298,1298,"",2.32,3.79,3.72,3.66,3.48,9.71,12.63,0.94,"",-1,-8.3,-38,-19.8,-31,-16.7,-38,-19.9,49256,1.9,354859,216.3,8623,322.4,264,25.5
"13121","5","561492","78","0","2023","4","",27,268,274,275,4767985,146278,1333,1347,"",1.47,3.94,4.00,4.01,3.01,2.43,1.62,0.76,"",-1,-3.6,-10,-3.6,-16,-5.5,-13,-4.5,-7141,-0.1,-89746,-38.0,-3420,-72.0,60,4.7
"13121","5","561499","78","0","2023","4","",115,762,776,774,22801122,671055,8064,2276,"",1.34,1.42,1.43,1.42,1.52,1.11,0.81,1.07,"",31,36.9,19,2.6,25,3.3,38,5.2,2841266,14.2,-35929,-5.1,708,9.6,210,10.2
"13121","5","5615","76","0","2023","4","",125,1499,1478,1477,27883995,1382799,19941,1445,"",0.99,1.32,1.30,1.31,0.81,1.19,1.23,0.62,"",-10,-7.4,-5,-0.3,-41,-2.7,-108,-6.8,902952,3.3,-874048,-38.7,-21980,-52.4,94,7.0
"13121","5","56151","77","0","2023","4","",78,985,958,956,15760494,1014828,13509,1255,"",1.04,2.10,2.03,2.03,1.11,2.14,2.02,0.54,"",-8,-9.3,-25,-2.5,-76,-7.4,-143,-13.0,-438611,-2.7,-703548,-40.9,-22976,-63.0,66,5.6
"13121","5","561510","78","0","2023","4","",78,985,958,956,15760494,1014828,13509,1255,"",1.04,2.10,2.03,2.03,1.11,2.14,2.02,0.54,"",-8,-9.3,-25,-2.5,-76,-7.4,-143,-13.0,-438611,-2.7,-703548,-40.9,-22976,-63.0,66,5.6
"13121","5","56152","77","0","2023","4","",12,166,163,161,4487159,83379,1537,2113,"",0.63,1.17,1.17,1.22,1.51,0.39,0.46,1.27,"",-2,-14.3,12,7.8,14,9.4,17,11.8,1104972,32.7,-92046,-52.5,-577,-27.3,367,21.0
"13121","5","561520","78","0","2023","4","",12,166,163,161,4487159,83379,1537,2113,"",0.63,1.17,1.17,1.22,1.51,0.39,0.46,1.27,"",-2,-14.3,12,7.8,14,9.4,17,11.8,1104972,32.7,-92046,-52.5,-577,-27.3,367,21.0
"13121","5","56159","77","0","2023","4","",35,348,357,360,7636342,284592,4895,1655,"",1.08,0.67,0.68,0.69,0.44,0.60,0.79,0.65,"",0,0.0,8,2.4,21,6.2,18,5.3,236591,3.2,-78454,-21.6,1573,47.4,-22,-1.3
"13121","5","561591","78","0","2023","4","",12,132,134,133,3672039,76885,290,2124,"",2.11,2.40,2.42,2.43,2.69,1.45,0.36,1.11,"",-2,-14.3,11,9.1,12,9.8,13,10.8,641745,21.2,-21589,-21.9,-109,-27.3,198,10.3
"13121","5","561599","78","0","2023","4","",23,216,223,227,3964303,207707,4605,1374,"",0.86,0.46,0.47,0.48,0.25,0.49,0.85,0.52,"",2,9.5,-3,-1.4,9,4.2,5,2.3,-405154,-9.3,-56865,-21.5,1682,57.5,-165,-10.7
"13121","5","5616","76","0","2023","4","",209,10220,10166,10046,100850152,17422788,180618,765,"",0.95,1.62,1.61,1.61,1.08,1.93,1.44,0.67,"",6,3.0,305,3.1,156,1.6,323,3.3,-594769,-0.6,666026,4.0,16016,9.7,-25,-3.2
"13121","5","56161","77","0","2023","4","",156,9359,9325,9192,80594726,16662085,165297,667,"",1.16,1.76,1.74,1.75,1.18,2.08,1.45,0.68,"",12,8.3,555,6.3,423,4.8,605,7.0,6534983,8.8,894213,5.7,17046,11.5,17,2.6
"13121","5","561611","78","0","2023","4","N",23,0,0,0,0,0,0,0,"N",0.71,0,0,0,0,0,0,0,"N",2,9.5,0,0,0,0,0,0,0,0,0,0,0,0,0,0
"13121","5","561612","78","0","2023","4","",126,8843,8810,8707,73882673,16144467,161336,647,"",1.30,1.80,1.78,1.80,1.22,2.15,1.51,0.68,"",10,8.6,544,6.6,435,5.2,653,8.1,6667500,9.9,1065500,7.1,18464,12.9,20,3.2
"13121","5","561613","78","0","2023","4","N",7,0,0,0,0,0,0,0,"N",1.33,0,0,0,0,0,0,0,"N",0,0.0,0,0,0,0,0,0,0,0,0,0,0,0,0,0
"13121","5","56162","77","0","2023","4","",53,861,841,854,20255426,760703,15321,1829,"",0.62,0.89,0.87,0.88,0.81,0.76,1.29,0.92,"",-6,-10.2,-250,-22.5,-267,-24.1,-282,-24.8,-7129752,-26.0,-228187,-23.1,-1030,-6.3,-55,-2.9
"13121","5","561621","78","0","2023","4","",43,811,788,802,19613900,685965,14345,1885,"",0.69,0.95,0.91,0.93,0.85,0.78,1.35,0.92,"",0,0.0,-241,-22.9,-260,-24.8,-274,-25.5,-7034267,-26.4,-247157,-26.5,-850,-5.6,-51,-2.6
"13121","5","561622","78","0","2023","4","",10,50,53,52,641526,74738,976,955,"",0.42,0.47,0.50,0.49,0.31,0.63,0.80,0.64,"",-6,-37.5,-9,-15.3,-7,-11.7,-8,-13.3,-95485,-13.0,18970,34.0,-180,-15.6,5,0.5
"13121","5","5617","76","0","2023","4","",632,6925,6708,6596,100434121,9615683,114313,1146,"",0.45,0.50,0.49,0.50,0.53,0.50,0.41,1.07,"",-76,-10.7,-439,-6.0,-454,-6.3,-667,-9.2,-4645273,-4.4,-1142702,-10.6,-40537,-26.2,33,3.0
"13121","5","56171","77","0","2023","4","",62,946,923,903,20239549,683275,7702,1685,"",0.63,1.05,1.04,1.02,1.25,0.75,0.74,1.21,"",0,0.0,29,3.2,17,1.9,5,0.6,-54083,-0.3,52963,8.4,1176,18.0,-36,-2.1
"13121","5","561710","78","0","2023","4","",62,946,923,903,20239549,683275,7702,1685,"",0.63,1.05,1.04,1.02,1.25,0.75,0.74,1.21,"",0,0.0,29,3.2,17,1.9,5,0.6,-54083,-0.3,52963,8.4,1176,18.0,-36,-2.1
"13121","5","56172","77","0","2023","4","",279,3538,3501,3429,33518551,6228933,74031,739,"",0.60,0.55,0.54,0.53,0.48,0.68,0.69,0.90,"",-48,-14.7,-18,-0.5,28,0.8,-99,-2.8,-655180,-1.9,-65227,-1.0,2171,3.0,-8,-1.1
"13121","5","561720","78","0","2023","4","",279,3538,3501,3429,33518551,6228933,74031,739,"",0.60,0.55,0.54,0.53,0.48,0.68,0.69,0.90,"",-48,-14.7,-18,-0.5,28,0.8,-99,-2.8,-655180,-1.9,-65227,-1.0,2171,3.0,-8,-1.1
"13121","5","56173","77","0","2023","4","",236,1901,1849,1828,40324441,2136668,25780,1668,"",0.34,0.34,0.34,0.37,0.46,0.28,0.18,1.31,"",-11,-4.5,-392,-17.1,-451,-19.6,-522,-22.2,-4380446,-9.8,-747224,-25.9,-30404,-54.1,182,12.2
"13121","5","561730","78","0","2023","4","",236,1901,1849,1828,40324441,2136668,25780,1668,"",0.34,0.34,0.34,0.37,0.46,0.28,0.18,1.31,"",-11,-4.5,-392,-17.1,-451,-19.6,-522,-22.2,-4380446,-9.8,-747224,-25.9,-30404,-54.1,182,12.2
"13121","5","56174","77","0","2023","4","",11,40,41,40,508559,16696,84,970,"",0.27,0.18,0.18,0.18,0.15,0.05,0.02,0.83,"",-2,-15.4,-2,-4.8,-3,-6.8,-4,-9.1,-29748,-5.5,1885,12.7,-182,-68.4,14,1.5
"13121","5","561740","78","0","2023","4","",11,40,41,40,508559,16696,84,970,"",0.27,0.18,0.18,0.18,0.15,0.05,0.02,0.83,"",-2,-15.4,-2,-4.8,-3,-6.8,-4,-9.1,-29748,-5.5,1885,12.7,-182,-68.4,14,1.5
"13121","5","56179","77","0","2023","4","",44,500,394,396,5843021,550111,6716,1045,"",0.38,0.74,0.60,0.62,0.51,0.62,0.45,0.78,"",-15,-25.4,-56,-10.1,-45,-10.3,-47,-10.6,474184,8.8,-385099,-41.2,-13298,-66.4,183,21.2
"13121","5","561790","78","0","2023","4","",44,500,394,396,5843021,550111,6716,1045,"",0.38,0.74,0.60,0.62,0.51,0.62,0.45,0.78,"",-15,-25.4,-56,-10.1,-45,-10.3,-47,-10.6,474184,8.8,-385099,-41.2,-13298,-66.4,183,21.2
"13121","5","5619","76","0","2023","4","",227,2209,1959,1824,34224262,3347535,155109,1318,"",1.21,1.06,0.95,0.90,0.81,1.14,3.02,0.84,"",11,5.1,526,31.3,105,5.7,152,9.1,3893180,12.8,-447026,-11.8,34379,28.5,-26,-1.9
"13121","5","56191","77","0","2023","4","",14,61,55,55,590893,56465,731,797,"",0.82,0.16,0.14,0.14,0.08,0.11,0.11,0.55,"",-2,-12.5,-134,-68.7,-139,-71.6,-124,-69.3,-722835,-55.0,-389014,-87.3,-9871,-93.1,263,49.3
"13121","5","561910","78","0","2023","4","",14,61,55,55,590893,56465,731,797,"",0.82,0.16,0.14,0.14,0.08,0.11,0.11,0.55,"",-2,-12.5,-134,-68.7,-139,-71.6,-124,-69.3,-722835,-55.0,-389014,-87.3,-9871,-93.1,263,49.3
"13121","5","56192","77","0","2023","4","",112,1120,910,800,22120028,2216790,145008,1804,"",2.54,3.13,2.67,2.52,2.58,4.03,10.35,0.93,"",1,0.9,313,38.8,-80,-8.1,12,1.5,3275100,17.4,545022,32.6,50788,53.9,122,7.3
"13121","5","561920","78","0","2023","4","",112,1120,910,800,22120028,2216790,145008,1804,"",2.54,3.13,2.67,2.52,2.58,4.03,10.35,0.93,"",1,0.9,313,38.8,-80,-8.1,12,1.5,3275100,17.4,545022,32.6,50788,53.9,122,7.3
"13121","5","56199","77","0","2023","4","",101,1028,994,969,11513341,1074280,9370,888,"",0.80,0.77,0.75,0.73,0.44,0.57,0.30,0.59,"",12,13.5,347,51.0,324,48.4,264,37.4,1340915,13.2,-603034,-36.0,-6538,-41.1,-254,-22.2
"13121","5","561990","78","0","2023","4","",101,1028,994,969,11513341,1074280,9370,888,"",0.80,0.77,0.75,0.73,0.44,0.57,0.30,0.59,"",12,13.5,347,51.0,324,48.4,264,37.4,1340915,13.2,-603034,-36.0,-6538,-41.1,-254,-22.2
"13121","5","562","75","0","2023","4","",112,1577,1599,1609,26098030,1831921,27010,1259,"",0.55,0.52,0.52,0.52,0.34,0.51,0.53,0.66,"",-4,-3.4,-2,-0.1,28,1.8,36,2.3,2834564,12.2,69382,3.9,6314,30.5,122,10.7
"13121","5","5621","76","0","2023","4","",59,1042,1070,1074,14378151,1353840,17026,1041,"",0.75,0.80,0.82,0.82,0.48,0.93,0.98,0.59,"",1,1.7,-73,-6.5,-39,-3.5,-30,-2.7,371647,2.7,22677,1.7,1364,8.7,70,7.2
"13121","5","56211","77","0","2023","4","",59,1042,1070,1074,14378151,1353840,17026,1041,"",0.75,0.80,0.82,0.82,0.48,0.93,0.98,0.59,"",1,1.7,-73,-6.5,-39,-3.5,-30,-2.7,371647,2.7,22677,1.7,1364,8.7,70,7.2
"13121","5","562111","78","0","2023","4","",51,929,960,965,12225405,1241721,15778,989,"",0.84,0.84,0.86,0.86,0.49,0.98,1.09,0.57,"",4,8.5,-70,-7.0,-39,-3.9,-31,-3.1,281867,2.4,-26348,-2.1,1909,13.8,68,7.4
"13121","5","562112","78","0","2023","4","N",1,0,0,0,0,0,0,0,"N",0.22,0,0,0,0,0,0,0,"N",-1,-50.0,0,0,0,0,0,0,0,0,0,0,0,0,0,0
"13121","5","562119","78","0","2023","4","N",7,0,0,0,0,0,0,0,"N",0.52,0,0,0,0,0,0,0,"N",-2,-22.2,0,0,0,0,0,0,0,0,0,0,0,0,0,0
"13121","5","5622","76","0","2023","4","",16,190,189,189,4042016,142622,1105,1642,"",0.61,0.29,0.29,0.29,0.22,0.25,0.16,0.76,"",-1,-5.9,17,9.8,24,14.5,23,13.9,714213,21.5,-18138,-11.3,-489,-30.7,118,7.7
"13121","5","56221","77","0","2023","4","",16,190,189,189,4042016,142622,1105,1642,"",0.61,0.29,0.29,0.29,0.22,0.25,0.16,0.76,"",-1,-5.9,17,9.8,24,14.5,23,13.9,714213,21.5,-18138,-11.3,-489,-30.7,118,7.7
"13121","5","562211","78","0","2023","4","N",2,0,0,0,0,0,0,0,"N",0.26,0,0,0,0,0,0,0,"N",-2,-50.0,0,0,0,0,0,0,0,0,0,0,0,0,0,0
"13121","5","562212","78","0","2023","4","",7,33,32,34,652212,12612,45,1520,"",0.72,0.14,0.14,0.14,0.10,0.06,0.02,0.70,"",1,16.7,5,17.9,9,39.1,12,54.5,213930,48.8,-12468,-49.7,-51,-53.1,134,9.7
"13121","5","562213","78","0","2023","4","N",3,0,0,0,0,0,0,0,"N",2.75,0,0,0,0,0,0,0,"N",2,200.0,0,0,0,0,0,0,0,0,0,0,0,0,0,0
"13121","5","562219","78","0","2023","4","N",4,0,0,0,0,0,0,0,"N",0.51,0,0,0,0,0,0,0,"N",-2,-33.3,0,0,0,0,0,0,0,0,0,0,0,0,0,0
"13121","5","5629","76","0","2023","4","",37,345,340,346,7677863,335459,8879,1719,"",0.38,0.31,0.31,0.31,0.28,0.22,0.33,0.89,"",-4,-9.8,54,18.6,43,14.5,43,14.2,1748704,29.5,64843,24.0,5439,158.1,183,11.9
"13121","5","56291","77","0","2023","4","",22,189,187,184,3506831,268041,8154,1445,"",0.45,0.32,0.31,0.31,0.21,0.30,0.46,0.68,"",1,4.8,85,81.7,85,83.3,81,78.6,1797778,105.2,163744,157.0,7023,621.0,169,13.2
"13121","5","562910","78","0","2023","4","",22,189,187,184,3506831,268041,8154,1445,"",0.45,0.32,0.31,0.31,0.21,0.30,0.46,0.68,"",1,4.8,85,81.7,85,83.3,81,78.6,1797778,105.2,163744,157.0,7023,621.0,169,13.2
"13121","5","56292","77","0","2023","4","",6,100,101,103,2698509,36243,422,2048,"",0.62,0.66,0.66,0.67,0.82,0.20,0.16,1.23,"",-4,-40.0,-12,-10.7,-18,-15.1,-21,-16.9,-37934,-1.4,-51486,-58.7,-1070,-71.7,269,15.1
"13121","5","562920","78","0","2023","4","",6,100,101,103,2698509,36243,422,2048,"",0.62,0.66,0.66,0.67,0.82,0.20,0.16,1.23,"",-4,-40.0,-12,-10.7,-18,-15.1,-21,-16.9,-37934,-1.4,-51486,-58.7,-1070,-71.7,269,15.1
"13121","5","56299","77","0","2023","4","",9,56,52,59,1472523,31175,303,2035,"",0.23,0.16,0.15,0.17,0.19,0.07,0.05,1.18,"",-1,-10.0,-19,-25.3,-24,-31.6,-17,-22.4,-11140,-0.8,-47415,-60.3,-514,-62.9,527,34.9
"13121","5","562991","78","0","2023","4","N",2,0,0,0,0,0,0,0,"N",0.08,0,0,0,0,0,0,0,"N",0,0.0,0,0,0,0,0,0,0,0,0,0,0,0,0,0
"13121","5","562998","78","0","2023","4","N",7,0,0,0,0,0,0,0,"N",0.48,0,0,0,0,0,0,0,"N",-1,-12.5,0,0,0,0,0,0,0,0,0,0,0,0,0,0
"13121","5","61","74","0","2023","4","",980,19909,19973,19741,325678927,13801013,162354,1261,"",1.06,1.01,1.00,1.00,0.82,1.23,1.19,0.82,"",76,8.4,-320,-1.6,-313,-1.5,-303,-1.5,10922435,3.5,-497958,-3.5,-27905,-14.7,62,5.2
"13121","5","611","75","0","2023","4","",980,19909,19973,19741,325678927,13801013,162354,1261,"",1.06,1.01,1.00,1.00,0.82,1.23,1.19,0.82,"",76,8.4,-320,-1.6,-313,-1.5,-303,-1.5,10922435,3.5,-497958,-3.5,-27905,-14.7,62,5.2
"13121","5","6111","76","0","2023","4","",134,9740,9756,9637,149147251,4254653,41418,1181,"",1.11,1.65,1.63,1.61,1.49,1.09,1.03,0.91,"",1,0.8,-976,-9.1,-1041,-9.6,-1038,-9.7,-6573086,-4.2,-1063416,-20.0,-13584,-24.7,65,5.8
"13121","5","61111","77","0","2023","4","",134,9740,9756,9637,149147251,4254653,41418,1181,"",1.11,1.65,1.63,1.61,1.49,1.09,1.03,0.91,"",1,0.8,-976,-9.1,-1041,-9.6,-1038,-9.7,-6573086,-4.2,-1063416,-20.0,-13584,-24.7,65,5.8
"13121","5","611110","78","0","2023","4","",134,9740,9756,9637,149147251,4254653,41418,1181,"",1.11,1.65,1.63,1.61,1.49,1.09,1.03,0.91,"",1,0.8,-976,-9.1,-1041,-9.6,-1038,-9.7,-6573086,-4.2,-1063416,-20.0,-13584,-24.7,65,5.8
"13121","5","6112","76","0","2023","4","",13,121,121,114,2033234,102848,1822,1318,"",2.18,0.95,0.94,0.90,0.97,0.96,1.11,1.04,"",2,18.2,10,9.0,12,11.0,4,3.6,238657,13.3,997,1.0,-907,-33.2,63,5.0
"13121","5","61121","77","0","2023","4","",13,121,121,114,2033234,102848,1822,1318,"",2.18,0.95,0.94,0.90,0.97,0.96,1.11,1.04,"",2,18.2,10,9.0,12,11.0,4,3.6,238657,13.3,997,1.0,-907,-33.2,63,5.0
"13121","5","611210","78","0","2023","4","",13,121,121,114,2033234,102848,1822,1318,"",2.18,0.95,0.94,0.90,0.97,0.96,1.11,1.04,"",2,18.2,10,9.0,12,11.0,4,3.6,238657,13.3,997,1.0,-907,-33.2,63,5.0
"13121","5","6113","76","0","2023","4","",44,4417,4447,4468,94886175,3013109,36650,1642,"",0.57,0.55,0.54,0.56,0.46,2.92,3.46,0.83,"",8,22.2,269,6.5,251,6.0,242,5.7,9055688,10.6,185853,6.6,1725,4.9,66,4.2
"13121","5","61131","77","0","2023","4","",44,4417,4447,4468,94886175,3013109,36650,1642,"",0.57,0.55,0.54,0.56,0.46,2.92,3.46,0.83,"",8,22.2,269,6.5,251,6.0,242,5.7,9055688,10.6,185853,6.6,1725,4.9,66,4.2
"13121","5","611310","78","0","2023","4","",44,4417,4447,4468,94886175,3013109,36650,1642,"",0.57,0.55,0.54,0.56,0.46,2.92,3.46,0.83,"",8,22.2,269,6.5,251,6.0,242,5.7,9055688,10.6,185853,6.6,1725,4.9,66,4.2
"13121","5","6114","76","0","2023","4","",143,350,340,341,9002707,371994,4590,2015,"",1.31,0.72,0.70,0.70,0.57,0.81,0.70,0.81,"",16,12.6,-42,-10.7,-54,-13.7,-50,-12.8,-2241492,-19.9,-58073,-13.5,-3901,-45.9,-190,-8.6
"13121","5","61141","77","0","2023","4","N",2,0,0,0,0,0,0,0,"N",0.88,0,0,0,0,0,0,0,"N",0,0.0,0,0,0,0,0,0,0,0,0,0,0,0,0,0
"13121","5","611410","78","0","2023","4","N",2,0,0,0,0,0,0,0,"N",0.88,0,0,0,0,0,0,0,"N",0,0.0,0,0,0,0,0,0,0,0,0,0,0,0,0,0
"13121","5","61142","77","0","2023","4","N",31,0,0,0,0,0,0,0,"N",1.27,0,0,0,0,0,0,0,"N",5,19.2,0,0,0,0,0,0,0,0,0,0,0,0,0,0
"13121","5","611420","78","0","2023","4","N",31,0,0,0,0,0,0,0,"N",1.27,0,0,0,0,0,0,0,"N",5,19.2,0,0,0,0,0,0,0,0,0,0,0,0,0,0
"13121","5","61143","77","0","2023","4","",110,262,254,260,7409327,237352,3319,2203,"",1.33,0.79,0.76,0.78,0.69,0.74,0.75,0.89,"",11,11.1,-22,-7.7,-35,-12.1,-31,-10.7,-1808820,-19.6,-69447,-22.6,-2275,-40.7,-259,-10.5
"13121","5","611430","78","0","2023","4","",110,262,254,260,7409327,237352,3319,2203,"",1.33,0.79,0.76,0.78,0.69,0.74,0.75,0.89,"",11,11.1,-22,-7.7,-35,-12.1,-31,-10.7,-1808820,-19.6,-69447,-22.6,-2275,-40.7,-259,-10.5
"13121","5","6115","76","0","2023","4","",65,1025,1010,1015,21622001,1149193,11752,1636,"",0.95,1.34,1.30,1.31,1.43,1.26,0.94,1.08,"",2,3.2,163,18.9,195,23.9,256,33.7,4814828,28.6,80720,7.6,-10640,-47.5,44,2.8
"13121","5","61151","77","0","2023","4","",65,1025,1010,1015,21622001,1149193,11752,1636,"",0.95,1.34,1.30,1.31,1.43,1.26,0.94,1.08,"",2,3.2,163,18.9,195,23.9,256,33.7,4814828,28.6,80720,7.6,-10640,-47.5,44,2.8
"13121","5","611511","78","0","2023","4","N",16,0,0,0,0,0,0,0,"N",1.42,0,0,0,0,0,0,0,"N",1,6.7,0,0,0,0,0,0,0,0,0,0,0,0,0,0
"13121","5","611512","78","0","2023","4","",5,574,550,530,15001061,500507,1972,2093,"",0.51,3.60,3.41,3.25,3.54,2.71,1.09,1.03,"",2,66.7,149,35.1,162,41.8,134,33.8,4656578,45.0,-35186,-6.6,-11640,-85.5,118,6.0
"13121","5","611513","78","0","2023","4","N",3,0,0,0,0,0,0,0,"N",0.33,0,0,0,0,0,0,0,"N",-1,-25.0,0,0,0,0,0,0,0,0,0,0,0,0,0,0
"13121","5","611519","78","0","2023","4","",41,253,264,288,4537830,430135,7883,1301,"",1.07,0.65,0.67,0.73,0.62,0.99,1.17,0.90,"",0,0.0,0,0.0,16,6.5,61,26.9,36544,0.8,139681,48.1,1805,29.7,-126,-8.8
"13121","5","6116","76","0","2023","4","",376,2803,2808,2696,22707570,3521543,46802,631,"",1.02,0.90,0.88,0.86,0.80,1.03,1.07,0.91,"",2,0.5,248,9.7,234,9.1,208,8.4,3298571,17.0,314720,9.8,48,0.1,43,7.3
"13121","5","61161","77","0","2023","4","",86,504,497,452,3203226,661667,10218,509,"",0.96,0.66,0.64,0.60,0.56,0.86,1.07,0.88,"",-1,-1.1,76,17.8,65,15.0,54,13.6,617115,23.9,162904,32.7,3283,47.3,35,7.4
"13121","5","611610","78","0","2023","4","",86,504,497,452,3203226,661667,10218,509,"",0.96,0.66,0.64,0.60,0.56,0.86,1.07,0.88,"",-1,-1.1,76,17.8,65,15.0,54,13.6,617115,23.9,162904,32.7,3283,47.3,35,7.4
"13121","5","61162","77","0","2023","4","",109,941,945,940,7706788,1345444,18870,629,"",0.93,0.91,0.90,0.90,0.94,1.21,1.43,1.04,"",3,2.8,36,4.0,36,4.0,36,4.0,817897,11.9,150264,12.6,-4369,-18.8,44,7.5
"13121","5","611620","78","0","2023","4","",109,941,945,940,7706788,1345444,18870,629,"",0.93,0.91,0.90,0.90,0.94,1.21,1.43,1.04,"",3,2.8,36,4.0,36,4.0,36,4.0,817897,11.9,150264,12.6,-4369,-18.8,44,7.5
"13121","5","61163","77","0","2023","4","",22,156,156,127,1401341,153556,1816,737,"",1.89,1.44,1.41,1.18,1.29,1.15,1.04,0.96,"",2,10.0,14,9.9,13,9.1,-6,-4.5,178296,14.6,-83297,-35.2,-1317,-42.0,62,9.2
"13121","5","611630","78","0","2023","4","",22,156,156,127,1401341,153556,1816,737,"",1.89,1.44,1.41,1.18,1.29,1.15,1.04,0.96,"",2,10.0,14,9.9,13,9.1,-6,-4.5,178296,14.6,-83297,-35.2,-1317,-42.0,62,9.2
"13121","5","61169","77","0","2023","4","",159,1202,1210,1177,10396215,1360876,15898,668,"",1.06,0.99,0.97,0.96,0.77,0.97,0.82,0.79,"",-2,-1.2,122,11.3,120,11.0,124,11.8,1685263,19.3,84849,6.6,2451,18.2,44,7.1
"13121","5","611691","78","0","2023","4","",103,854,860,824,7391041,996374,10011,672,"",1.60,1.36,1.33,1.28,1.15,1.45,0.99,0.87,"",-11,-9.6,85,11.1,81,10.4,87,11.8,930810,14.4,57896,6.2,1526,18.0,20,3.1
"13121","5","611692","78","0","2023","4","N",2,0,0,0,0,0,0,0,"N",0.13,0,0,0,0,0,0,0,"N",-2,-50.0,0,0,0,0,0,0,0,0,0,0,0,0,0,0
"13121","5","611699","78","0","2023","4","N",54,0,0,0,0,0,0,0,"N",0.78,0,0,0,0,0,0,0,"N",11,25.6,0,0,0,0,0,0,0,0,0,0,0,0,0,0
"13121","5","6117","76","0","2023","4","",205,1453,1491,1470,26279989,1387673,19320,1374,"",1.16,1.19,1.19,1.17,0.97,0.97,0.91,0.83,"",45,28.1,8,0.6,90,6.4,75,5.4,2329269,9.7,41241,3.1,-646,-3.2,71,5.4
"13121","5","61171","77","0","2023","4","",205,1453,1491,1470,26279989,1387673,19320,1374,"",1.16,1.19,1.19,1.17,0.97,0.97,0.91,0.83,"",45,28.1,8,0.6,90,6.4,75,5.4,2329269,9.7,41241,3.1,-646,-3.2,71,5.4
"13121","5","611710","78","0","2023","4","",205,1453,1491,1470,26279989,1387673,19320,1374,"",1.16,1.19,1.19,1.17,0.97,0.97,0.91,0.83,"",45,28.1,8,0.6,90,6.4,75,5.4,2329269,9.7,41241,3.1,-646,-3.2,71,5.4
"13121","5","62","74","0","2023","4","",5692,103400,104156,104734,2172134564,77068957,999517,1605,"",0.52,0.79,0.78,0.78,0.78,0.68,0.75,1.00,"",503,9.7,6711,6.9,7151,7.4,7599,7.8,264723902,13.9,-1459469,-1.9,-145807,-12.7,91,6.0
"13121","5","621","75","0","2023","4","",4305,44546,44861,44855,1055719122,49201319,684963,1815,"",1.06,0.86,0.85,0.85,0.79,0.93,1.10,0.93,"",404,10.4,3211,7.8,3711,9.0,3765,9.2,82435085,8.5,3958598,8.7,15755,2.4,-3,-0.2
"13121","5","6211","76","0","2023","4","",1650,21622,21859,21741,678288787,19557903,221407,2400,"",1.23,1.22,1.22,1.20,1.01,1.31,1.33,0.84,"",137,9.1,1162,5.7,1650,8.2,1700,8.5,52744742,8.4,1836023,10.4,2358,1.1,22,0.9
"13121","5","62111","77","0","2023","4","",1650,21622,21859,21741,678288787,19557903,221407,2400,"",1.23,1.22,1.22,1.20,1.01,1.31,1.33,0.84,"",137,9.1,1162,5.7,1650,8.2,1700,8.5,52744742,8.4,1836023,10.4,2358,1.1,22,0.9
"13121","5","621111","78","0","2023","4","",1528,21276,21501,21371,668449775,19104687,213535,2405,"",1.22,1.23,1.23,1.22,1.02,1.33,1.35,0.83,"",121,8.6,1180,5.9,1688,8.5,1696,8.6,52053010,8.4,1789276,10.3,1298,0.6,18,0.8
"13121","5","621112","78","0","2023","4","",122,346,358,370,9839012,453216,7872,2114,"",1.43,0.71,0.72,0.74,0.77,0.78,1.02,1.06,"",16,15.1,-18,-4.9,-38,-9.6,4,1.1,691732,7.6,46747,11.5,1060,15.6,239,12.7
"13121","5","6212","76","0","2023","4","",651,4274,4288,4306,77873106,5590789,60251,1397,"",0.85,0.68,0.68,0.67,0.56,0.67,0.69,0.82,"",26,4.2,265,6.6,291,7.3,259,6.4,6946408,9.8,379502,7.3,-1688,-2.7,39,2.9
"13121","5","62121","77","0","2023","4","",651,4274,4288,4306,77873106,5590789,60251,1397,"",0.85,0.68,0.68,0.67,0.56,0.67,0.69,0.82,"",26,4.2,265,6.6,291,7.3,259,6.4,6946408,9.8,379502,7.3,-1688,-2.7,39,2.9
"13121","5","621210","78","0","2023","4","",651,4274,4288,4306,77873106,5590789,60251,1397,"",0.85,0.68,0.68,0.67,0.56,0.67,0.69,0.82,"",26,4.2,265,6.6,291,7.3,259,6.4,6946408,9.8,379502,7.3,-1688,-2.7,39,2.9
"13121","5","6213","76","0","2023","4","",1092,6480,6522,6632,84246966,9017817,156023,990,"",0.99,0.90,0.90,0.91,0.68,0.93,1.35,0.75,"",139,14.6,1069,19.8,1068,19.6,1106,20.0,12357460,17.2,1430274,18.9,41598,36.4,-22,-2.2
"13121","5","62131","77","0","2023","4","",229,632,631,642,7514493,664214,7800,910,"",1.03,0.71,0.70,0.71,0.58,0.52,0.63,0.82,"",-6,-2.6,-26,-4.0,-9,-1.4,-23,-3.5,-264417,-3.4,-167314,-20.1,-4569,-36.9,-4,-0.4
"13121","5","621310","78","0","2023","4","",229,632,631,642,7514493,664214,7800,910,"",1.03,0.71,0.70,0.71,0.58,0.52,0.63,0.82,"",-6,-2.6,-26,-4.0,-9,-1.4,-23,-3.5,-264417,-3.4,-167314,-20.1,-4569,-36.9,-4,-0.4
"13121","5","62132","77","0","2023","4","",79,411,404,411,5630575,490847,4699,1060,"",0.66,0.45,0.44,0.44,0.34,0.41,0.43,0.78,"",-1,-1.2,15,3.8,8,2.0,-4,-1.0,-99105,-1.7,-92137,-15.8,-1821,-27.9,-35,-3.2
"13121","5","621320","78","0","2023","4","",79,411,404,411,5630575,490847,4699,1060,"",0.66,0.45,0.44,0.44,0.34,0.41,0.43,0.78,"",-1,-1.2,15,3.8,8,2.0,-4,-1.0,-99105,-1.7,-92137,-15.8,-1821,-27.9,-35,-3.2
"13121","5","62133","77","0","2023","4","",303,946,970,968,12318452,1703044,31992,986,"",1.30,0.71,0.72,0.71,0.55,0.83,1.08,0.77,"",87,40.3,395,71.7,404,71.4,419,76.3,4338913,54.4,594964,53.7,17083,114.6,-119,-10.8
"13121","5","621330","78","0","2023","4","",303,946,970,968,12318452,1703044,31992,986,"",1.30,0.71,0.72,0.71,0.55,0.83,1.08,0.77,"",87,40.3,395,71.7,404,71.4,419,76.3,4338913,54.4,594964,53.7,17083,114.6,-119,-10.8
"13121","5","62134","77","0","2023","4","",278,3335,3410,3427,42315768,4695647,84427,960,"",0.98,1.15,1.16,1.16,0.86,1.31,2.05,0.75,"",39,16.3,535,19.1,569,20.0,524,18.1,5725258,15.6,922428,24.4,26444,45.6,-28,-2.8
"13121","5","621340","78","0","2023","4","",278,3335,3410,3427,42315768,4695647,84427,960,"",0.98,1.15,1.16,1.16,0.86,1.31,2.05,0.75,"",39,16.3,535,19.1,569,20.0,524,18.1,5725258,15.6,922428,24.4,26444,45.6,-28,-2.8
"13121","5","62139","77","0","2023","4","",203,1156,1107,1184,16467678,1464065,27105,1102,"",0.84,1.01,0.96,1.02,0.71,0.91,1.29,0.71,"",20,10.9,150,14.9,96,9.5,190,19.1,2656811,19.2,172333,13.3,4461,19.7,44,4.2
"13121","5","621391","78","0","2023","4","",27,279,265,264,4098830,361468,7818,1171,"",0.71,1.36,1.29,1.27,0.96,1.49,2.77,0.74,"",1,3.8,181,184.7,163,159.8,162,158.8,1893041,85.8,224833,164.6,5757,279.3,-515,-30.5
"13121","5","621399","78","0","2023","4","",176,877,842,920,12368848,1102597,19287,1082,"",0.86,0.94,0.89,0.96,0.65,0.81,1.06,0.70,"",19,12.1,-31,-3.4,-67,-7.4,28,3.1,763770,6.6,-52500,-4.5,-1296,-6.3,93,9.4
"13121","5","6214","76","0","2023","4","",287,4652,4643,4633,115864494,4398961,64639,1920,"",1.01,0.71,0.70,0.69,0.67,0.93,1.14,0.96,"",35,13.9,443,10.5,364,8.5,256,5.8,6761669,6.2,400870,10.0,17082,35.9,-37,-1.9
"13121","5","62141","77","0","2023","4","",21,306,308,307,4738522,277184,6131,1187,"",1.27,1.73,1.72,1.70,1.20,2.03,3.45,0.70,"",1,5.0,7,2.3,19,6.6,20,7.0,291115,6.5,23752,9.4,1203,24.4,14,1.2
"13121","5","621410","78","0","2023","4","",21,306,308,307,4738522,277184,6131,1187,"",1.27,1.73,1.72,1.70,1.20,2.03,3.45,0.70,"",1,5.0,7,2.3,19,6.6,20,7.0,291115,6.5,23752,9.4,1203,24.4,14,1.2
"13121","5","62142","77","0","2023","4","",73,748,768,749,9095272,1038321,21740,927,"",0.79,0.41,0.42,0.41,0.27,0.69,1.12,0.67,"",11,17.7,267,55.5,249,48.0,241,47.4,3662721,67.4,408594,64.9,10557,94.4,96,11.6
"13121","5","621420","78","0","2023","4","",73,748,768,749,9095272,1038321,21740,927,"",0.79,0.41,0.42,0.41,0.27,0.69,1.12,0.67,"",11,17.7,267,55.5,249,48.0,241,47.4,3662721,67.4,408594,64.9,10557,94.4,96,11.6
"13121","5","62149","77","0","2023","4","",193,3598,3567,3577,102030700,3083456,36768,2192,"",1.10,0.78,0.77,0.76,0.75,0.99,1.03,0.97,"",23,13.5,169,4.9,96,2.8,-5,-0.1,2807833,2.8,-31476,-1.0,5322,16.9,8,0.4
"13121","5","621491","78","0","2023","4","",22,1534,1525,1524,67038808,561902,2868,3376,"",1.32,1.19,1.16,1.15,1.24,2.43,1.04,1.06,"",0,0.0,133,9.5,112,7.9,48,3.3,2261924,3.5,-55655,-9.0,-863,-23.1,-109,-3.1
"13121","5","621492","78","0","2023","4","",45,627,616,617,11266919,711105,5230,1398,"",1.00,0.80,0.78,0.78,0.60,0.94,0.79,0.76,"",-4,-8.2,-86,-12.1,-101,-14.1,-116,-15.8,-1293361,-10.3,-159452,-18.3,-2172,-29.3,58,4.3
"13121","5","621493","78","0","2023","4","",55,1038,1034,1037,18236783,1099826,16940,1354,"",1.07,0.96,0.95,0.94,0.69,0.99,1.29,0.73,"",11,25.0,137,15.2,122,13.4,106,11.4,1217032,7.2,-15492,-1.4,4859,40.2,-77,-5.4
"13121","5","621498","78","0","2023","4","",71,399,392,399,5488190,710623,11730,1064,"",1.12,0.28,0.27,0.27,0.15,0.70,0.90,0.54,"",16,29.1,-15,-3.6,-37,-8.6,-43,-9.7,622238,12.8,199123,38.9,3498,42.5,190,21.7
"13121","5","6215","76","0","2023","4","",242,1275,1264,1267,25350658,1069322,14517,1537,"",1.46,0.67,0.66,0.66,0.52,0.59,0.68,0.79,"",-1,-0.4,-248,-16.3,-243,-16.1,-223,-15.0,-3525141,-12.2,-258745,-19.5,-8847,-37.9,63,4.3
"13121","5","62151","77","0","2023","4","",242,1275,1264,1267,25350658,1069322,14517,1537,"",1.46,0.67,0.66,0.66,0.52,0.59,0.68,0.79,"",-1,-0.4,-248,-16.3,-243,-16.1,-223,-15.0,-3525141,-12.2,-258745,-19.5,-8847,-37.9,63,4.3
"13121","5","621511","78","0","2023","4","",201,969,958,962,19028778,729564,9451,1520,"",1.61,0.70,0.68,0.69,0.55,0.55,0.63,0.80,"",-7,-3.4,-222,-18.6,-221,-18.7,-201,-17.3,-3763222,-16.5,-254486,-25.9,-8819,-48.3,31,2.1
"13121","5","621512","78","0","2023","4","",41,306,306,305,6321880,339758,5066,1591,"",1.00,0.60,0.60,0.59,0.45,0.70,0.80,0.76,"",6,17.1,-26,-7.8,-22,-6.7,-22,-6.7,238081,3.9,-4259,-1.2,-28,-0.5,169,11.9
"13121","5","6216","76","0","2023","4","",240,4057,4061,4067,45271063,6062046,99832,857,"",0.85,0.40,0.40,0.40,0.34,0.54,0.66,0.87,"",46,23.7,-49,-1.2,21,0.5,-2,0.0,-1619693,-3.5,-594976,-8.9,-26627,-21.1,-29,-3.3
"13121","5","62161","77","0","2023","4","",240,4057,4061,4067,45271063,6062046,99832,857,"",0.85,0.40,0.40,0.40,0.34,0.54,0.66,0.87,"",46,23.7,-49,-1.2,21,0.5,-2,0.0,-1619693,-3.5,-594976,-8.9,-26627,-21.1,-29,-3.3
"13121","5","621610","78","0","2023","4","",240,4057,4061,4067,45271063,6062046,99832,857,"",0.85,0.40,0.40,0.40,0.34,0.54,0.66,0.87,"",46,23.7,-49,-1.2,21,0.5,-2,0.0,-1619693,-3.5,-594976,-8.9,-26627,-21.1,-29,-3.3
"13121","5","6219","76","0","2023","4","",143,2186,2224,2209,28824048,3504481,68294,1005,"",1.24,1.02,1.03,1.02,0.63,1.59,2.62,0.62,"",22,18.2,569,35.2,560,33.7,669,43.4,8769640,43.7,765650,28.0,-8121,-10.6,45,4.7
"13121","5","62191","77","0","2023","4","",20,1028,1072,1068,12485009,1714133,19339,909,"",0.61,1.01,1.04,1.03,0.64,1.49,1.54,0.62,"",1,5.3,546,113.3,562,110.2,584,120.7,6881489,122.8,802597,88.0,-5240,-21.3,33,3.8
"13121","5","621910","78","0","2023","4","",20,1028,1072,1068,12485009,1714133,19339,909,"",0.61,1.01,1.04,1.03,0.64,1.49,1.54,0.62,"",1,5.3,546,113.3,562,110.2,584,120.7,6881489,122.8,802597,88.0,-5240,-21.3,33,3.8
"13121","5","62199","77","0","2023","4","",123,1158,1152,1141,16339039,1790348,48955,1093,"",1.48,1.03,1.02,1.00,0.63,1.70,3.61,0.62,"",21,20.6,23,2.0,-2,-0.2,85,8.0,1888151,13.1,-36947,-2.0,-2881,-5.6,96,9.6
"13121","5","621991","78","0","2023","4","",11,679,674,688,7669783,1042277,31546,867,"",0.81,1.28,1.26,1.27,0.72,2.17,5.85,0.57,"",2,22.2,-69,-9.2,-86,-11.3,-31,-4.3,121359,1.6,-272323,-20.7,-8334,-20.9,85,10.9
"13121","5","621999","78","0","2023","4","",112,479,478,453,8669256,748071,17409,1419,"",1.62,0.81,0.80,0.76,0.57,1.31,2.14,0.72,"",19,20.4,92,23.8,84,21.3,116,34.4,1766792,25.6,235376,45.9,5453,45.6,-6,-0.4
"13121","5","622","75","0","2023","4","",102,36706,37069,37255,857386396,572541,10538,1782,"",1.19,1.13,1.13,1.13,1.00,0.09,0.23,0.89,"",33,47.8,1899,5.5,2005,5.7,2162,6.2,154619693,22.0,-5844175,-91.1,-143036,-93.1,237,15.3
"13121","5","6221","76","0","2023","4","",70,34937,35314,35502,824426403,284175,6499,1799,"",1.12,1.16,1.16,1.16,1.03,0.06,0.20,0.89,"",21,42.9,1851,5.6,1971,5.9,2109,6.3,153631676,22.9,-6041159,-95.5,-145745,-95.7,248,16.0
"13121","5","62211","77","0","2023","4","",70,34937,35314,35502,824426403,284175,6499,1799,"",1.12,1.16,1.16,1.16,1.03,0.06,0.20,0.89,"",21,42.9,1851,5.6,1971,5.9,2109,6.3,153631676,22.9,-6041159,-95.5,-145745,-95.7,248,16.0
"13121","5","622110","78","0","2023","4","",70,34937,35314,35502,824426403,284175,6499,1799,"",1.12,1.16,1.16,1.16,1.03,0.06,0.20,0.89,"",21,42.9,1851,5.6,1971,5.9,2109,6.3,153631676,22.9,-6041159,-95.5,-145745,-95.7,248,16.0
"13121","5","6222","76","0","2023","4","N",15,0,0,0,0,0,0,0,"N",1.73,0,0,0,0,0,0,0,"N",4,36.4,0,0,0,0,0,0,0,0,0,0,0,0,0,0
"13121","5","62221","77","0","2023","4","N",15,0,0,0,0,0,0,0,"N",1.73,0,0,0,0,0,0,0,"N",4,36.4,0,0,0,0,0,0,0,0,0,0,0,0,0,0
"13121","5","622210","78","0","2023","4","N",15,0,0,0,0,0,0,0,"N",1.73,0,0,0,0,0,0,0,"N",4,36.4,0,0,0,0,0,0,0,0,0,0,0,0,0,0
"13121","5","6223","76","0","2023","4","N",17,0,0,0,0,0,0,0,"N",1.21,0,0,0,0,0,0,0,"N",8,88.9,0,0,0,0,0,0,0,0,0,0,0,0,0,0
"13121","5","62231","77","0","2023","4","N",17,0,0,0,0,0,0,0,"N",1.21,0,0,0,0,0,0,0,"N",8,88.9,0,0,0,0,0,0,0,0,0,0,0,0,0,0
"13121","5","622310","78","0","2023","4","N",17,0,0,0,0,0,0,0,"N",1.21,0,0,0,0,0,0,0,"N",8,88.9,0,0,0,0,0,0,0,0,0,0,0,0,0,0
"13121","5","623","75","0","2023","4","",212,7531,7567,7640,89801031,10654411,105620,911,"",0.42,0.39,0.38,0.38,0.32,0.45,0.41,0.83,"",20,10.4,614,8.9,596,8.5,694,10.0,9602897,12.0,1621341,17.9,11244,11.9,23,2.6
"13121","5","6231","76","0","2023","4","",62,3274,3296,3378,42916797,5087113,49797,996,"",0.55,0.37,0.37,0.38,0.32,0.46,0.41,0.85,"",9,17.0,529,19.3,525,18.9,566,20.1,6226910,17.0,1673343,49.0,8958,21.9,-21,-2.1
"13121","5","62311","77","0","2023","4","",62,3274,3296,3378,42916797,5087113,49797,996,"",0.55,0.37,0.37,0.38,0.32,0.46,0.41,0.85,"",9,17.0,529,19.3,525,18.9,566,20.1,6226910,17.0,1673343,49.0,8958,21.9,-21,-2.1
"13121","5","623110","78","0","2023","4","",62,3274,3296,3378,42916797,5087113,49797,996,"",0.55,0.37,0.37,0.38,0.32,0.46,0.41,0.85,"",9,17.0,529,19.3,525,18.9,566,20.1,6226910,17.0,1673343,49.0,8958,21.9,-21,-2.1
"13121","5","6232","76","0","2023","4","",51,723,726,719,9997609,475839,5613,1064,"",0.27,0.19,0.18,0.18,0.17,0.14,0.15,0.94,"",2,4.1,-23,-3.1,-26,-3.5,-35,-4.6,119458,1.2,-52392,-9.9,-474,-7.8,52,5.1
"13121","5","62321","77","0","2023","4","",27,138,138,135,1768609,93363,706,993,"",0.20,0.06,0.06,0.06,0.05,0.05,0.04,0.93,"",1,3.8,-5,-3.5,-6,-4.2,-9,-6.2,-55829,-3.1,-31793,-25.4,-424,-37.5,16,1.6
"13121","5","623210","78","0","2023","4","",27,138,138,135,1768609,93363,706,993,"",0.20,0.06,0.06,0.06,0.05,0.05,0.04,0.93,"",1,3.8,-5,-3.5,-6,-4.2,-9,-6.2,-55829,-3.1,-31793,-25.4,-424,-37.5,16,1.6
"13121","5","62322","77","0","2023","4","",24,585,588,584,8229000,382476,4907,1081,"",0.43,0.38,0.38,0.37,0.33,0.26,0.26,0.87,"",1,4.3,-18,-3.0,-20,-3.3,-26,-4.3,175287,2.2,-20599,-5.1,-50,-1.0,60,5.9
"13121","5","623220","78","0","2023","4","",24,585,588,584,8229000,382476,4907,1081,"",0.43,0.38,0.38,0.37,0.33,0.26,0.26,0.87,"",1,4.3,-18,-3.0,-20,-3.3,-26,-4.3,175287,2.2,-20599,-5.1,-50,-1.0,60,5.9
"13121","5","6233","76","0","2023","4","",79,3172,3201,3221,33238883,4719340,46850,800,"",0.48,0.55,0.54,0.54,0.45,0.59,0.51,0.83,"",1,1.3,122,4.0,132,4.3,180,5.9,3258590,10.9,87272,1.9,5159,12.4,45,6.0
"13121","5","62331","77","0","2023","4","",79,3172,3201,3221,33238883,4719340,46850,800,"",0.48,0.55,0.54,0.54,0.45,0.59,0.51,0.83,"",1,1.3,122,4.0,132,4.3,180,5.9,3258590,10.9,87272,1.9,5159,12.4,45,6.0
"13121","5","623311","78","0","2023","4","",25,1421,1424,1446,14728424,1771014,7889,792,"",0.62,0.50,0.49,0.49,0.39,0.57,0.24,0.79,"",0,0.0,-5,-0.4,-17,-1.2,20,1.4,88556,0.6,-248017,-12.3,-3660,-31.7,5,0.6
"13121","5","623312","78","0","2023","4","",54,1751,1777,1775,18510459,2948326,38961,806,"",0.44,0.60,0.60,0.59,0.52,0.60,0.67,0.88,"",1,1.9,127,7.8,149,9.2,160,9.9,3170034,20.7,335289,12.8,8819,29.3,79,10.9
"13121","5","6239","76","0","2023","4","",20,362,344,322,3647742,372119,3360,819,"",0.47,0.37,0.35,0.32,0.25,0.40,0.36,0.71,"",8,66.7,-14,-3.7,-35,-9.2,-17,-5.0,-2061,-0.1,-86882,-18.9,-2399,-41.7,49,6.4
"13121","5","62399","77","0","2023","4","",20,362,344,322,3647742,372119,3360,819,"",0.47,0.37,0.35,0.32,0.25,0.40,0.36,0.71,"",8,66.7,-14,-3.7,-35,-9.2,-17,-5.0,-2061,-0.1,-86882,-18.9,-2399,-41.7,49,6.4
"13121","5","623990","78","0","2023","4","",20,362,344,322,3647742,372119,3360,819,"",0.47,0.37,0.35,0.32,0.25,0.40,0.36,0.71,"",8,66.7,-14,-3.7,-35,-9.2,-17,-5.0,-2061,-0.1,-86882,-18.9,-2399,-41.7,49,6.4
"13121","5","624","75","0","2023","4","",1073,14617,14659,14984,169228015,16640686,198396,882,"",0.17,0.54,0.53,0.54,0.56,0.55,0.49,1.05,"",46,4.5,987,7.2,839,6.1,978,7.0,18066227,12.0,-1195233,-6.7,-29770,-13.0,41,4.9
"13121","5","6241","76","0","2023","4","",527,6209,6188,6173,74903759,7670088,100325,931,"",0.09,0.34,0.33,0.33,0.39,0.40,0.36,1.17,"",32,6.5,585,10.4,470,8.2,549,9.8,9411300,14.4,60642,0.8,-3847,-3.7,40,4.5
"13121","5","62411","77","0","2023","4","",112,1915,1927,1938,28638318,1723192,24034,1143,"",1.43,1.40,1.38,1.38,1.42,1.66,1.72,1.02,"",13,13.1,349,22.3,334,21.0,357,22.6,5396371,23.2,322423,23.0,5035,26.5,11,1.0
"13121","5","624110","78","0","2023","4","",112,1915,1927,1938,28638318,1723192,24034,1143,"",1.43,1.40,1.38,1.38,1.42,1.66,1.72,1.02,"",13,13.1,349,22.3,334,21.0,357,22.6,5396371,23.2,322423,23.0,5035,26.5,11,1.0
"13121","5","62412","77","0","2023","4","",224,2394,2383,2351,19326308,4018248,48851,626,"",0.04,0.17,0.17,0.17,0.16,0.26,0.22,0.93,"",23,11.4,164,7.4,120,5.3,103,4.6,1621925,9.2,-88230,-2.1,-2050,-4.0,20,3.3
"13121","5","624120","78","0","2023","4","",224,2394,2383,2351,19326308,4018248,48851,626,"",0.04,0.17,0.17,0.17,0.16,0.26,0.22,0.93,"",23,11.4,164,7.4,120,5.3,103,4.6,1621925,9.2,-88230,-2.1,-2050,-4.0,20,3.3
"13121","5","62419","77","0","2023","4","",191,1900,1878,1884,26939133,1928648,27440,1098,"",0.78,0.62,0.60,0.60,0.54,0.65,0.64,0.89,"",-4,-2.1,72,3.9,16,0.9,89,5.0,2393004,9.7,-173551,-8.3,-6832,-19.9,65,6.3
"13121","5","624190","78","0","2023","4","",191,1900,1878,1884,26939133,1928648,27440,1098,"",0.78,0.62,0.60,0.60,0.54,0.65,0.64,0.89,"",-4,-2.1,72,3.9,16,0.9,89,5.0,2393004,9.7,-173551,-8.3,-6832,-19.9,65,6.3
"13121","5","6242","76","0","2023","4","",74,1645,1708,1966,32273376,682790,5321,1400,"",0.92,1.22,1.24,1.41,1.37,0.57,0.32,1.06,"",4,5.7,81,5.2,89,5.5,163,9.0,2715170,9.2,18233,2.7,-6603,-55.4,32,2.3
"13121","5","62421","77","0","2023","4","",12,40,40,43,562498,49972,533,1055,"",0.53,0.14,0.13,0.14,0.12,0.18,0.16,0.87,"",2,20.0,6,17.6,6,17.6,8,22.9,118582,26.7,12949,35.0,63,13.4,60,6.0
"13121","5","624210","78","0","2023","4","",12,40,40,43,562498,49972,533,1055,"",0.53,0.14,0.13,0.14,0.12,0.18,0.16,0.87,"",2,20.0,6,17.6,6,17.6,8,22.9,118582,26.7,12949,35.0,63,13.4,60,6.0
"13121","5","62422","77","0","2023","4","",39,900,896,898,14792495,368456,3276,1267,"",0.89,1.08,1.05,1.04,1.07,0.48,0.29,1.01,"",2,5.4,122,15.7,110,14.0,73,8.8,1819702,14.0,137223,59.3,-1095,-25.1,14,1.1
"13121","5","624221","78","0","2023","4","",16,353,353,351,3742279,264036,2339,817,"",0.67,0.65,0.63,0.62,0.45,0.54,0.34,0.71,"",2,14.3,127,56.2,115,48.3,124,54.6,1319414,54.5,91323,52.9,-753,-24.4,8,1.0
"13121","5","624229","78","0","2023","4","",23,547,543,547,11050216,104420,937,1558,"",1.17,1.89,1.85,1.84,1.98,0.36,0.21,1.06,"",0,0.0,-5,-0.9,-5,-0.9,-51,-8.5,500288,4.7,45900,78.4,-342,-26.7,124,8.6
"13121","5","62423","77","0","2023","4","",23,705,772,1025,16918383,264362,1512,1560,"",1.58,3.16,3.37,4.34,3.33,1.74,0.73,0.92,"",0,0.0,-47,-6.2,-27,-3.4,82,8.7,776886,4.8,-131939,-33.3,-5571,-78.7,66,4.4
"13121","5","624230","78","0","2023","4","",23,705,772,1025,16918383,264362,1512,1560,"",1.58,3.16,3.37,4.34,3.33,1.74,0.73,0.92,"",0,0.0,-47,-6.2,-27,-3.4,82,8.7,776886,4.8,-131939,-33.3,-5571,-78.7,66,4.4
"13121","5","6243","76","0","2023","4","",49,749,772,778,7964308,450058,4386,799,"",0.90,0.43,0.44,0.44,0.37,0.44,0.38,0.84,"",4,8.9,57,8.2,55,7.7,59,8.2,712099,9.8,-137533,-23.4,-1798,-29.1,13,1.7
"13121","5","62431","77","0","2023","4","",49,749,772,778,7964308,450058,4386,799,"",0.90,0.43,0.44,0.44,0.37,0.44,0.38,0.84,"",4,8.9,57,8.2,55,7.7,59,8.2,712099,9.8,-137533,-23.4,-1798,-29.1,13,1.7
"13121","5","624310","78","0","2023","4","",49,749,772,778,7964308,450058,4386,799,"",0.90,0.43,0.44,0.44,0.37,0.44,0.38,0.84,"",4,8.9,57,8.2,55,7.7,59,8.2,712099,9.8,-137533,-23.4,-1798,-29.1,13,1.7
"13121","5","6244","76","0","2023","4","",423,6014,5991,6067,54086572,7837750,88364,691,"",0.96,1.02,1.01,1.01,0.86,0.93,0.87,0.85,"",6,1.4,264,4.6,225,3.9,207,3.5,5227658,10.7,-1136575,-12.7,-17522,-16.5,42,6.5
"13121","5","62441","77","0","2023","4","",423,6014,5991,6067,54086572,7837750,88364,691,"",0.96,1.02,1.01,1.01,0.86,0.93,0.87,0.85,"",6,1.4,264,4.6,225,3.9,207,3.5,5227658,10.7,-1136575,-12.7,-17522,-16.5,42,6.5
"13121","5","624410","78","0","2023","4","",423,6014,5991,6067,54086572,7837750,88364,691,"",0.96,1.02,1.01,1.01,0.86,0.93,0.87,0.85,"",6,1.4,264,4.6,225,3.9,207,3.5,5227658,10.7,-1136575,-12.7,-17522,-16.5,42,6.5
"13121","5","71","74","0","2023","4","",1141,17689,18042,18319,254713451,22583439,272320,1088,"",1.10,1.17,1.23,1.25,0.91,1.34,1.06,0.75,"",90,8.6,1684,10.5,2248,14.2,2407,15.1,44493338,21.2,-117158,-0.5,29259,12.0,71,7.0
"13121","5","711","75","0","2023","4","",586,6000,6340,6488,145483793,8869445,143994,1783,"",1.31,1.74,1.89,1.96,0.93,1.96,1.75,0.50,"",93,18.9,106,1.8,770,13.8,916,16.4,27713768,23.5,1376479,18.4,17259,13.6,188,11.8
"13121","5","7111","76","0","2023","4","",123,1142,1363,1593,20598885,2197387,40399,1160,"",1.70,1.36,1.61,1.90,0.84,1.83,1.38,0.52,"",19,18.3,84,7.9,285,26.4,526,49.3,6318086,44.2,973807,79.6,25034,162.9,131,12.7
"13121","5","71111","77","0","2023","4","",25,850,923,1083,9420394,1460121,24395,761,"",1.10,1.95,2.08,2.49,1.45,2.23,1.46,0.67,"",-1,-3.8,163,23.7,207,28.9,430,65.8,2883777,44.1,868241,146.7,21394,712.9,27,3.7
"13121","5","711110","78","0","2023","4","",25,850,923,1083,9420394,1460121,24395,761,"",1.10,1.95,2.08,2.49,1.45,2.23,1.46,0.67,"",-1,-3.8,163,23.7,207,28.9,430,65.8,2883777,44.1,868241,146.7,21394,712.9,27,3.7
"13121","5","71112","77","0","2023","4","",12,119,120,192,1498618,93658,1489,802,"",1.44,1.26,1.26,1.87,1.09,0.68,0.37,0.74,"N",6,100.0,0,0,0,0,0,0,0,0,0,0,0,0,0,0
"13121","5","711120","78","0","2023","4","",12,119,120,192,1498618,93658,1489,802,"",1.44,1.26,1.26,1.87,1.09,0.68,0.37,0.74,"N",6,100.0,0,0,0,0,0,0,0,0,0,0,0,0,0,0
"13121","5","71113","77","0","2023","4","",67,147,158,163,7688344,291071,4997,3791,"",1.98,0.60,0.64,0.66,0.50,0.92,0.75,0.79,"N",13,24.1,0,0,0,0,0,0,0,0,0,0,0,0,0,0
"13121","5","711130","78","0","2023","4","",67,147,158,163,7688344,291071,4997,3791,"",1.98,0.60,0.64,0.66,0.50,0.92,0.75,0.79,"N",13,24.1,0,0,0,0,0,0,0,0,0,0,0,0,0,0
"13121","5","71119","77","0","2023","4","",19,26,162,155,1991529,352537,9518,1340,"",2.58,0.43,2.81,2.93,1.65,3.78,5.30,0.83,"N",1,5.6,0,0,0,0,0,0,0,0,0,0,0,0,0,0
"13121","5","711190","78","0","2023","4","",19,26,162,155,1991529,352537,9518,1340,"",2.58,0.43,2.81,2.93,1.65,3.78,5.30,0.83,"N",1,5.6,0,0,0,0,0,0,0,0,0,0,0,0,0,0
"13121","5","7112","76","0","2023","4","",44,1596,1689,1622,72687628,2134927,67544,3418,"",0.92,1.70,1.91,1.91,1.10,2.16,5.34,0.60,"N",12,37.5,0,0,0,0,0,0,0,0,0,0,0,0,0,0
"13121","5","71121","77","0","2023","4","",44,1596,1689,1622,72687628,2134927,67544,3418,"",0.92,1.70,1.91,1.91,1.10,2.16,5.34,0.60,"N",12,37.5,0,0,0,0,0,0,0,0,0,0,0,0,0,0
"13121","5","711211","78","0","2023","4","N",24,0,0,0,0,0,0,0,"N",1.18,0,0,0,0,0,0,0,"N",7,41.2,0,0,0,0,0,0,0,0,0,0,0,0,0,0
"13121","5","711212","78","0","2023","4","N",1,0,0,0,0,0,0,0,"N",0.23,0,0,0,0,0,0,0,"N",0,0.0,0,0,0,0,0,0,0,0,0,0,0,0,0,0
"13121","5","711219","78","0","2023","4","N",19,0,0,0,0,0,0,0,"N",0.82,0,0,0,0,0,0,0,"N",5,35.7,0,0,0,0,0,0,0,0,0,0,0,0,0,0
"13121","5","7113","76","0","2023","4","",74,2759,2776,2740,32578243,3578709,18510,909,"",1.19,2.53,2.62,2.68,1.74,2.57,0.82,0.67,"",8,12.1,-148,-5.1,300,12.1,305,12.5,7043536,27.6,423534,13.4,-6492,-26.0,155,20.6
"13121","5","71131","77","0","2023","4","",25,1892,2032,2085,18284809,2614165,14351,702,"",0.94,2.25,2.49,2.62,1.42,2.46,0.83,0.58,"",3,13.6,264,16.2,254,14.3,300,16.8,4248470,30.3,726587,38.5,1648,13.0,78,12.5
"13121","5","711310","78","0","2023","4","",25,1892,2032,2085,18284809,2614165,14351,702,"",0.94,2.25,2.49,2.62,1.42,2.46,0.83,0.58,"",3,13.6,264,16.2,254,14.3,300,16.8,4248470,30.3,726587,38.5,1648,13.0,78,12.5
"13121","5","71132","77","0","2023","4","",49,867,744,655,14293434,964544,4159,1456,"",1.38,3.44,3.02,2.87,2.46,2.93,0.77,0.79,"",5,11.4,-412,-32.2,46,6.6,5,0.8,2795066,24.3,-303053,-23.9,-8140,-66.2,446,44.2
"13121","5","711320","78","0","2023","4","",49,867,744,655,14293434,964544,4159,1456,"",1.38,3.44,3.02,2.87,2.46,2.93,0.77,0.79,"",5,11.4,-412,-32.2,46,6.6,5,0.8,2795066,24.3,-303053,-23.9,-8140,-66.2,446,44.2
"13121","5","7114","76","0","2023","4","",79,184,188,190,5116438,276886,5573,2101,"",2.06,1.02,1.02,1.02,0.49,1.56,1.31,0.48,"N",15,23.4,0,0,0,0,0,0,0,0,0,0,0,0,0,0
"13121","5","71141","77","0","2023","4","",79,184,188,190,5116438,276886,5573,2101,"",2.06,1.02,1.02,1.02,0.49,1.56,1.31,0.48,"N",15,23.4,0,0,0,0,0,0,0,0,0,0,0,0,0,0
"13121","5","711410","78","0","2023","4","",79,184,188,190,5116438,276886,5573,2101,"",2.06,1.02,1.02,1.02,0.49,1.56,1.31,0.48,"N",15,23.4,0,0,0,0,0,0,0,0,0,0,0,0,0,0
"13121","5","7115","76","0","2023","4","",266,319,324,343,14502599,681536,11968,3394,"",1.17,0.81,0.83,0.85,0.39,0.90,0.87,0.47,"",39,17.2,22,7.4,37,12.9,39,12.8,2443893,20.3,150487,28.3,3258,37.4,260,8.3
"13121","5","71151","77","0","2023","4","",266,319,324,343,14502599,681536,11968,3394,"",1.17,0.81,0.83,0.85,0.39,0.90,0.87,0.47,"",39,17.2,22,7.4,37,12.9,39,12.8,2443893,20.3,150487,28.3,3258,37.4,260,8.3
"13121","5","711510","78","0","2023","4","",266,319,324,343,14502599,681536,11968,3394,"",1.17,0.81,0.83,0.85,0.39,0.90,0.87,0.47,"",39,17.2,22,7.4,37,12.9,39,12.8,2443893,20.3,150487,28.3,3258,37.4,260,8.3
"13121","5","712","75","0","2023","4","",46,1759,1771,1796,20434692,1048188,10207,885,"",1.06,1.65,1.68,1.71,1.29,1.53,1.23,0.77,"",8,21.1,222,14.4,202,12.9,177,10.9,3399997,20.0,81809,8.5,2753,36.9,53,6.4
"13121","5","7121","76","0","2023","4","",46,1759,1771,1796,20434692,1048188,10207,885,"",1.06,1.65,1.68,1.71,1.29,1.53,1.23,0.77,"",8,21.1,222,14.4,202,12.9,177,10.9,3399997,20.0,81809,8.5,2753,36.9,53,6.4
"13121","5","71211","77","0","2023","4","",29,309,333,305,3259499,300000,3822,794,"",0.99,0.51,0.55,0.50,0.34,0.80,0.80,0.65,"",7,31.8,68,28.2,88,35.9,61,25.0,946080,40.9,106095,54.7,2159,129.8,63,8.6
"13121","5","712110","78","0","2023","4","",29,309,333,305,3259499,300000,3822,794,"",0.99,0.51,0.55,0.50,0.34,0.80,0.80,0.65,"",7,31.8,68,28.2,88,35.9,61,25.0,946080,40.9,106095,54.7,2159,129.8,63,8.6
"13121","5","71212","77","0","2023","4","N",3,0,0,0,0,0,0,0,"N",0.78,0,0,0,0,0,0,0,"N",0,0.0,0,0,0,0,0,0,0,0,0,0,0,0,0,0
"13121","5","712120","78","0","2023","4","N",3,0,0,0,0,0,0,0,"N",0.78,0,0,0,0,0,0,0,"N",0,0.0,0,0,0,0,0,0,0,0,0,0,0,0,0,0
"13121","5","71213","77","0","2023","4","",3,1266,1251,1306,14975545,595577,5003,904,"",0.59,4.35,4.44,4.63,3.80,3.58,2.63,0.85,"",0,0.0,144,12.8,102,8.9,106,8.8,2275901,17.9,-21566,-3.5,251,5.3,60,7.1
"13121","5","712130","78","0","2023","4","",3,1266,1251,1306,14975545,595577,5003,904,"",0.59,4.35,4.44,4.63,3.80,3.58,2.63,0.85,"",0,0.0,144,12.8,102,8.9,106,8.8,2275901,17.9,-21566,-3.5,251,5.3,60,7.1
"13121","5","71219","77","0","2023","4","N",11,0,0,0,0,0,0,0,"N",2.11,0,0,0,0,0,0,0,"N",1,10.0,0,0,0,0,0,0,0,0,0,0,0,0,0,0
"13121","5","712190","78","0","2023","4","N",11,0,0,0,0,0,0,0,"N",2.11,0,0,0,0,0,0,0,"N",1,10.0,0,0,0,0,0,0,0,0,0,0,0,0,0,0
"13121","5","713","75","0","2023","4","",509,9930,9931,10035,88794966,12665806,118119,685,"",0.94,0.93,0.97,0.97,0.84,1.08,0.71,0.88,"",-11,-2.1,1356,15.8,1276,14.7,1314,15.1,13379573,17.7,-1575446,-11.1,9247,8.5,14,2.1
"13121","5","7131","76","0","2023","4","",23,268,255,251,1613509,404473,7135,481,"",1.00,0.19,0.20,0.20,0.10,0.39,0.59,0.51,"",4,21.1,49,22.4,20,8.5,6,2.4,265394,19.7,-72208,-15.1,-3675,-34.0,36,8.1
"13121","5","71311","77","0","2023","4","N",5,0,0,0,0,0,0,0,"N",0.68,0,0,0,0,0,0,0,"N",0,0.0,0,0,0,0,0,0,0,0,0,0,0,0,0,0
"13121","5","713110","78","0","2023","4","N",5,0,0,0,0,0,0,0,"N",0.68,0,0,0,0,0,0,0,"N",0,0.0,0,0,0,0,0,0,0,0,0,0,0,0,0,0
"13121","5","71312","77","0","2023","4","N",18,0,0,0,0,0,0,0,"N",1.15,0,0,0,0,0,0,0,"N",4,28.6,0,0,0,0,0,0,0,0,0,0,0,0,0,0
"13121","5","713120","78","0","2023","4","N",18,0,0,0,0,0,0,0,"N",1.15,0,0,0,0,0,0,0,"N",4,28.6,0,0,0,0,0,0,0,0,0,0,0,0,0,0
"13121","5","7132","76","0","2023","4","",14,212,208,211,6252387,120378,1719,2287,"",0.59,0.29,0.29,0.29,0.53,0.12,0.12,1.82,"",5,55.6,-7,-3.2,-10,-4.6,-4,-1.9,722496,13.1,-39288,-24.6,-652,-27.5,330,16.9
"13121","5","71329","77","0","2023","4","",14,212,208,211,6252387,120378,1719,2287,"",0.66,0.66,0.64,0.65,1.10,0.23,0.25,1.68,"",5,55.6,-7,-3.2,-10,-4.6,-4,-1.9,722496,13.1,-39288,-24.6,-652,-27.5,330,16.9
"13121","5","713290","78","0","2023","4","",14,212,208,211,6252387,120378,1719,2287,"",0.66,0.66,0.64,0.65,1.10,0.23,0.25,1.68,"",5,55.6,-7,-3.2,-10,-4.6,-4,-1.9,722496,13.1,-39288,-24.6,-652,-27.5,330,16.9
"13121","5","7139","76","0","2023","4","",472,9450,9468,9573,80929070,12140955,109265,656,"",0.95,1.11,1.15,1.15,1.04,1.26,0.78,0.92,"",-20,-4.1,1314,16.2,1266,15.4,1312,15.9,12391683,18.1,-1463950,-10.8,13574,14.2,13,2.0
"13121","5","71391","77","0","2023","4","",30,2280,2237,2264,24004615,2446219,15124,817,"",0.48,0.89,0.96,1.03,0.84,0.89,0.31,0.88,"",1,3.4,427,23.0,371,19.9,400,21.5,3666705,18.0,-14109,-0.6,6221,69.9,-24,-2.9
"13121","5","713910","78","0","2023","4","",30,2280,2237,2264,24004615,2446219,15124,817,"",0.48,0.89,0.96,1.03,0.84,0.89,0.31,0.88,"",1,3.4,427,23.0,371,19.9,400,21.5,3666705,18.0,-14109,-0.6,6221,69.9,-24,-2.9
"13121","5","71393","77","0","2023","4","N",2,0,0,0,0,0,0,0,"N",0.09,0,0,0,0,0,0,0,"N",0,0.0,0,0,0,0,0,0,0,0,0,0,0,0,0,0
"13121","5","713930","78","0","2023","4","N",2,0,0,0,0,0,0,0,"N",0.09,0,0,0,0,0,0,0,"N",0,0.0,0,0,0,0,0,0,0,0,0,0,0,0,0,0
"13121","5","71394","77","0","2023","4","",316,4606,4594,4662,34599478,6042491,56604,576,"",1.26,1.26,1.24,1.24,1.32,1.62,1.16,1.06,"",-17,-5.1,990,27.4,946,25.9,884,23.4,8926062,34.8,666051,12.4,-1744,-3.0,39,7.3
"13121","5","713940","78","0","2023","4","",316,4606,4594,4662,34599478,6042491,56604,576,"",1.26,1.26,1.24,1.24,1.32,1.62,1.16,1.06,"",-17,-5.1,990,27.4,946,25.9,884,23.4,8926062,34.8,666051,12.4,-1744,-3.0,39,7.3
"13121","5","71395","77","0","2023","4","N",10,0,0,0,0,0,0,0,"N",0.52,0,0,0,0,0,0,0,"N",-1,-9.1,0,0,0,0,0,0,0,0,0,0,0,0,0,0
"13121","5","713950","78","0","2023","4","N",10,0,0,0,0,0,0,0,"N",0.52,0,0,0,0,0,0,0,"N",-1,-9.1,0,0,0,0,0,0,0,0,0,0,0,0,0,0
"13121","5","71399","77","0","2023","4","",114,1982,2002,1959,18830566,3032103,36223,731,"",0.83,1.34,1.47,1.48,1.42,1.60,1.42,0.99,"",-3,-2.6,-83,-4.0,-79,-3.8,-2,-0.1,806428,4.5,-1657003,-35.3,9304,34.6,50,7.3
"13121","5","713990","78","0","2023","4","",114,1982,2002,1959,18830566,3032103,36223,731,"",0.83,1.34,1.47,1.48,1.42,1.60,1.42,0.99,"",-3,-2.6,-83,-4.0,-79,-3.8,-2,-0.1,806428,4.5,-1657003,-35.3,9304,34.6,50,7.3
"13121","5","72","74","0","2023","4","",4174,82254,82082,81672,722681036,138811741,1638505,678,"",0.94,0.97,0.96,0.96,0.90,1.14,1.12,0.94,"",-186,-4.3,4573,5.9,4018,5.1,3559,4.6,54545825,8.2,-7193151,-4.9,-182338,-10.0,19,2.9
"13121","5","721","75","0","2023","4","",367,12009,11911,11931,142171784,16308518,140012,915,"",0.83,1.05,1.06,1.06,0.93,0.87,0.59,0.88,"",-19,-4.9,500,4.3,296,2.5,366,3.2,9813951,7.4,-3213210,-16.5,-44073,-23.9,34,3.9
"13121","5","7211","76","0","2023","4","",355,11923,11831,11856,141533242,16212644,138874,917,"",0.94,1.09,1.09,1.09,0.95,0.89,0.61,0.87,"",-17,-4.6,485,4.2,289,2.5,364,3.2,9769101,7.4,-3246532,-16.7,-45036,-24.5,35,4.0
"13121","5","72111","77","0","2023","4","",339,11889,11790,11816,140331640,16153278,138045,912,"",0.98,1.29,1.28,1.28,1.15,1.19,0.75,0.89,"",-21,-5.8,467,4.1,261,2.3,339,3.0,8738262,6.6,-3269893,-16.8,-44886,-24.5,30,3.4
"13121","5","721110","78","0","2023","4","",339,11889,11790,11816,140331640,16153278,138045,912,"",0.98,1.29,1.28,1.28,1.15,1.19,0.75,0.89,"",-21,-5.8,467,4.1,261,2.3,339,3.0,8738262,6.6,-3269893,-16.8,-44886,-24.5,30,3.4
"13121","5","72119","77","0","2023","4","",16,34,41,40,1201602,59366,829,2411,"",0.52,0.17,0.22,0.22,0.49,0.20,0.19,2.40,"",4,33.3,18,112.5,28,215.4,25,166.7,1030839,603.7,23361,64.9,-150,-15.3,1515,169.1
"13121","5","721191","78","0","2023","4","",8,5,5,5,56825,6108,109,874,"",0.59,0.06,0.06,0.06,0.07,0.05,0.06,1.11,"N",2,33.3,0,0,0,0,0,0,0,0,0,0,0,0,0,0
"13121","5","721199","78","0","2023","4","",8,29,36,35,1144777,53258,720,2642,"",0.46,0.27,0.36,0.35,0.73,0.29,0.26,2.23,"N",2,33.3,0,0,0,0,0,0,0,0,0,0,0,0,0,0
"13121","5","7212","76","0","2023","4","",7,72,69,64,567510,87695,953,639,"",0.14,0.18,0.20,0.20,0.13,0.19,0.15,0.69,"",-1,-12.5,11,18.0,7,11.3,2,3.2,48597,9.4,27456,45.6,779,447.7,-8,-1.2
"13121","5","72121","77","0","2023","4","",7,72,69,64,567510,87695,953,639,"",0.14,0.18,0.20,0.20,0.13,0.19,0.15,0.69,"",-1,-12.5,11,18.0,7,11.3,2,3.2,48597,9.4,27456,45.6,779,447.7,-8,-1.2
"13121","5","721211","78","0","2023","4","N",2,0,0,0,0,0,0,0,"N",0.06,0,0,0,0,0,0,0,"N",1,100.0,0,0,0,0,0,0,0,0,0,0,0,0,0,0
"13121","5","721214","78","0","2023","4","N",5,0,0,0,0,0,0,0,"N",0.27,0,0,0,0,0,0,0,"N",-2,-28.6,0,0,0,0,0,0,0,0,0,0,0,0,0,0
"13121","5","7213","76","0","2023","4","",5,14,11,11,71032,8179,185,455,"",0.49,0.21,0.17,0.17,0.08,0.08,0.13,0.45,"",-1,-16.7,4,40.0,0,0.0,0,0.0,-3747,-5.0,5866,253.6,184,18400.0,-84,-15.6
"13121","5","72131","77","0","2023","4","",5,14,11,11,71032,8179,185,455,"",0.49,0.21,0.17,0.17,0.08,0.08,0.13,0.45,"",-1,-16.7,4,40.0,0,0.0,0,0.0,-3747,-5.0,5866,253.6,184,18400.0,-84,-15.6
"13121","5","721310","78","0","2023","4","",5,14,11,11,71032,8179,185,455,"",0.49,0.21,0.17,0.17,0.08,0.08,0.13,0.45,"",-1,-16.7,4,40.0,0,0.0,0,0.0,-3747,-5.0,5866,253.6,184,18400.0,-84,-15.6
"13121","5","722","75","0","2023","4","",3807,70245,70171,69741,580509252,122503223,1498493,637,"",0.95,0.95,0.95,0.94,0.90,1.18,1.23,0.95,"",-167,-4.2,4073,6.2,3722,5.6,3193,4.8,44731874,8.3,-3979941,-3.1,-138265,-8.4,16,2.6
"13121","5","7223","76","0","2023","4","",358,6619,6676,6665,74378438,10624513,137891,860,"",1.26,1.38,1.41,1.43,1.30,1.47,0.81,0.93,"",42,13.3,671,11.3,819,14.0,770,13.1,12457662,20.1,-74066,-0.7,-73798,-34.9,53,6.6
"13121","5","72231","77","0","2023","4","",236,4484,4543,4494,51222482,7010560,114088,874,"",1.65,1.30,1.31,1.32,1.19,1.33,0.82,0.91,"",40,20.4,477,11.9,651,16.7,594,15.2,8270425,19.3,372091,5.6,-44731,-28.2,34,4.0
"13121","5","722310","78","0","2023","4","",236,4484,4543,4494,51222482,7010560,114088,874,"",1.65,1.30,1.31,1.32,1.19,1.33,0.82,0.91,"",40,20.4,477,11.9,651,16.7,594,15.2,8270425,19.3,372091,5.6,-44731,-28.2,34,4.0
"13121","5","72232","77","0","2023","4","",98,2052,2056,2094,22733775,3439374,20976,846,"",1.26,1.89,1.96,1.98,1.89,2.22,0.84,0.97,"",-2,-2.0,192,10.3,168,8.9,162,8.4,4221620,22.8,-495979,-12.6,-29391,-58.4,94,12.5
"13121","5","722320","78","0","2023","4","",98,2052,2056,2094,22733775,3439374,20976,846,"",1.26,1.89,1.96,1.98,1.89,2.22,0.84,0.97,"",-2,-2.0,192,10.3,168,8.9,162,8.4,4221620,22.8,-495979,-12.6,-29391,-58.4,94,12.5
"13121","5","72233","77","0","2023","4","",24,83,77,77,422181,174579,2827,411,"",0.38,0.32,0.32,0.34,0.20,0.43,0.46,0.61,"",4,20.0,2,2.5,0,0.0,14,22.2,-34383,-7.5,49822,39.9,324,12.9,-66,-13.8
"13121","5","722330","78","0","2023","4","",24,83,77,77,422181,174579,2827,411,"",0.38,0.32,0.32,0.34,0.20,0.43,0.46,0.61,"",4,20.0,2,2.5,0,0.0,14,22.2,-34383,-7.5,49822,39.9,324,12.9,-66,-13.8
"13121","5","7224","76","0","2023","4","",174,2791,2781,2731,23060535,4163435,68608,641,"",0.72,1.09,1.09,1.08,1.07,1.13,1.40,0.98,"",-13,-7.0,45,1.6,68,2.5,55,2.1,158512,0.7,-652605,-13.6,-1507,-2.1,-9,-1.4
"13121","5","72241","77","0","2023","4","",174,2791,2781,2731,23060535,4163435,68608,641,"",0.72,1.09,1.09,1.08,1.07,1.13,1.40,0.98,"",-13,-7.0,45,1.6,68,2.5,55,2.1,158512,0.7,-652605,-13.6,-1507,-2.1,-9,-1.4
"13121","5","722410","78","0","2023","4","",174,2791,2781,2731,23060535,4163435,68608,641,"",0.72,1.09,1.09,1.08,1.07,1.13,1.40,0.98,"",-13,-7.0,45,1.6,68,2.5,55,2.1,158512,0.7,-652605,-13.6,-1507,-2.1,-9,-1.4
"13121","5","7225","76","0","2023","4","",3275,60835,60714,60345,483070279,107715275,1291994,613,"",0.94,0.92,0.91,0.90,0.85,1.16,1.29,0.93,"",-196,-5.6,3357,5.8,2835,4.9,2368,4.1,32115700,7.1,-3253270,-2.9,-62960,-4.6,13,2.2
"13121","5","72251","77","0","2023","4","",3275,60835,60714,60345,483070279,107715275,1291994,613,"",0.94,0.92,0.91,0.90,0.85,1.16,1.29,0.93,"",-196,-5.6,3357,5.8,2835,4.9,2368,4.1,32115700,7.1,-3253270,-2.9,-62960,-4.6,13,2.2
"13121","5","722511","78","0","2023","4","",1500,34155,34015,33915,288043600,57925306,715582,651,"",1.01,1.06,1.05,1.04,0.92,1.26,1.34,0.88,"",-114,-7.1,1634,5.0,1120,3.4,1062,3.2,12322664,4.5,-3203938,-5.2,-24857,-3.4,4,0.6
"13121","5","722513","78","0","2023","4","",1351,20964,20924,20806,139520746,39843579,442202,514,"",0.91,0.75,0.75,0.74,0.67,1.04,1.20,0.90,"",-81,-5.7,1283,6.5,1227,6.2,921,4.6,10256345,7.9,-937366,-2.3,-44351,-9.1,11,2.2
"13121","5","722514","78","0","2023","4","",28,521,554,535,3653422,744699,9007,524,"",0.94,1.13,1.19,1.15,0.93,1.33,1.45,0.80,"",-12,-30.0,-99,-16.0,-83,-13.0,-113,-17.4,-221191,-5.7,-147870,-16.6,-5009,-35.7,55,11.7
"13121","5","722515","78","0","2023","4","",396,5195,5221,5089,51852511,9201691,125203,772,"",0.86,0.92,0.92,0.90,1.18,1.18,1.35,1.29,"",11,2.9,539,11.6,571,12.3,498,10.8,9757882,23.2,1035904,12.7,11257,9.9,73,10.4
"13121","5","81","74","0","2023","4","",3958,24156,24330,24206,377179896,29816102,424484,1197,"",0.80,0.86,0.86,0.86,0.79,0.96,1.09,0.92,"",-51,-1.3,-416,-1.7,20,0.1,337,1.4,24817661,7.0,-3169485,-9.6,-36806,-8.0,79,7.1
"13121","5","811","75","0","2023","4","",625,4769,4796,4767,80894571,6331652,103826,1303,"",0.45,0.54,0.54,0.54,0.47,0.58,0.78,0.86,"",-28,-4.3,33,0.7,87,1.8,67,1.4,4239469,5.5,-801511,-11.2,-434,-0.4,52,4.2
"13121","5","8111","76","0","2023","4","",407,3730,3754,3727,60109431,5503053,91605,1237,"",0.42,0.60,0.60,0.59,0.55,0.69,1.01,0.92,"",-13,-3.1,129,3.6,165,4.6,140,3.9,4132751,7.4,-203323,-3.6,14750,19.2,38,3.2
"13121","5","81111","77","0","2023","4","",200,1089,1074,1067,18605113,1440110,18197,1329,"",0.37,0.41,0.40,0.40,0.37,0.43,0.49,0.93,"",-22,-9.9,23,2.2,23,2.2,21,2.0,1429627,8.3,48105,3.5,-1511,-7.7,76,6.1
"13121","5","811111","78","0","2023","4","",178,1024,1012,1008,17680227,1403169,17925,1340,"",0.37,0.43,0.42,0.42,0.40,0.46,0.53,0.94,"",-17,-8.7,33,3.3,38,3.9,35,3.6,1507926,9.3,201141,16.7,2723,17.9,70,5.5
"13121","5","811114","78","0","2023","4","",22,65,62,59,924886,36941,272,1148,"",0.37,0.24,0.23,0.21,0.18,0.12,0.08,0.81,"",-5,-18.5,-10,-13.3,-15,-19.5,-14,-19.2,-78299,-7.8,-153036,-80.6,-4234,-94.0,119,11.6
"13121","5","81112","77","0","2023","4","",73,1328,1336,1324,27441129,1521281,38147,1588,"",0.31,0.74,0.74,0.73,0.71,0.70,1.53,0.97,"",0,0.0,91,7.4,88,7.1,17,1.3,2972431,12.1,-336781,-18.1,8750,29.8,99,6.6
"13121","5","811121","78","0","2023","4","",63,1285,1295,1286,26863535,1485338,37374,1604,"",0.31,0.82,0.82,0.81,0.78,0.80,1.74,0.95,"",-1,-1.6,79,6.6,82,6.8,14,1.1,2904247,12.1,-307262,-17.1,9817,35.6,106,7.1
"13121","5","811122","78","0","2023","4","",10,43,41,38,577594,35943,773,1093,"",0.26,0.18,0.18,0.16,0.14,0.12,0.23,0.81,"",1,11.1,12,38.7,6,17.1,3,8.6,68184,13.4,-29519,-45.1,-1067,-58.0,-71,-6.1
"13121","5","81119","77","0","2023","4","",134,1313,1344,1336,14063189,2541662,35261,813,"",0.69,0.76,0.77,0.76,0.69,1.02,1.25,0.90,"",9,7.2,15,1.2,54,4.2,102,8.3,-269307,-1.9,85353,3.5,7511,27.1,-52,-6.0
"13121","5","811191","78","0","2023","4","",25,305,288,290,2958936,697800,11672,773,"",0.56,0.69,0.65,0.65,0.51,0.94,1.47,0.76,"",-2,-7.4,7,2.3,-2,-0.7,-3,-1.0,-199408,-6.3,88002,14.4,3425,41.5,-54,-6.5
"13121","5","811192","78","0","2023","4","",82,921,969,961,10065968,1676110,20904,815,"",0.75,0.83,0.86,0.86,0.87,1.10,1.20,1.03,"",4,5.1,6,0.7,53,5.8,104,12.1,-91389,-0.9,-99428,-5.6,2515,13.7,-57,-6.5
"13121","5","811198","78","0","2023","4","",27,87,87,85,1038285,167752,2685,925,"",0.65,0.47,0.47,0.46,0.34,0.72,0.93,0.72,"",7,35.0,2,2.4,3,3.6,1,1.2,21490,2.1,96779,136.4,1571,141.0,-2,-0.2
"13121","5","8112","76","0","2023","4","",62,287,285,284,8388107,164831,2133,2261,"",0.67,0.45,0.44,0.44,0.51,0.27,0.27,1.14,"",-10,-13.9,-69,-19.4,-69,-19.5,-63,-18.2,301089,3.7,-741624,-81.8,-18668,-89.7,495,28.0
"13121","5","81121","77","0","2023","4","",62,287,285,284,8388107,164831,2133,2261,"",0.67,0.45,0.44,0.44,0.51,0.27,0.27,1.14,"",-10,-13.9,-69,-19.4,-69,-19.5,-63,-18.2,301089,3.7,-741624,-81.8,-18668,-89.7,495,28.0
"13121","5","811210","78","0","2023","4","",62,287,285,284,8388107,164831,2133,2261,"",0.67,0.45,0.44,0.44,0.51,0.27,0.27,1.14,"",-10,-13.9,-69,-19.4,-69,-19.5,-63,-18.2,301089,3.7,-741624,-81.8,-18668,-89.7,495,28.0
"13121","5","8113","76","0","2023","4","",48,455,453,441,8519767,264363,4118,1457,"",0.27,0.31,0.31,0.30,0.21,0.15,0.15,0.69,"",-2,-4.0,-10,-2.2,-8,-1.7,-22,-4.8,-418266,-4.7,-47174,-15.1,91,2.3,-28,-1.9
"13121","5","81131","77","0","2023","4","",48,455,453,441,8519767,264363,4118,1457,"",0.27,0.31,0.31,0.30,0.21,0.15,0.15,0.69,"",-2,-4.0,-10,-2.2,-8,-1.7,-22,-4.8,-418266,-4.7,-47174,-15.1,91,2.3,-28,-1.9
"13121","5","811310","78","0","2023","4","",48,455,453,441,8519767,264363,4118,1457,"",0.27,0.31,0.31,0.30,0.21,0.15,0.15,0.69,"",-2,-4.0,-10,-2.2,-8,-1.7,-22,-4.8,-418266,-4.7,-47174,-15.1,91,2.3,-28,-1.9
"13121","5","8114","76","0","2023","4","",108,297,304,315,3877266,399405,5970,977,"",0.76,0.57,0.58,0.61,0.45,0.63,0.76,0.77,"",-3,-2.7,-17,-5.4,-1,-0.3,12,4.0,223895,6.1,190610,91.3,3393,131.7,63,6.9
"13121","5","81141","77","0","2023","4","",34,139,141,147,1602119,214586,2705,866,"",0.73,0.77,0.77,0.81,0.51,0.99,0.99,0.65,"",9,36.0,2,1.5,10,7.6,21,16.7,62008,4.0,130153,154.1,1328,96.4,-36,-4.0
"13121","5","811411","78","0","2023","4","N",2,0,0,0,0,0,0,0,"N",0.17,0,0,0,0,0,0,0,"N",1,100.0,0,0,0,0,0,0,0,0,0,0,0,0,0,0
"13121","5","811412","78","0","2023","4","N",32,0,0,0,0,0,0,0,"N",0.91,0,0,0,0,0,0,0,"N",8,33.3,0,0,0,0,0,0,0,0,0,0,0,0,0,0
"13121","5","81142","77","0","2023","4","",17,26,33,32,396976,11395,265,1007,"",0.84,0.33,0.41,0.40,0.32,0.13,0.25,0.84,"N",-5,-22.7,0,0,0,0,0,0,0,0,0,0,0,0,0,0
"13121","5","811420","78","0","2023","4","",17,26,33,32,396976,11395,265,1007,"",0.84,0.33,0.41,0.40,0.32,0.13,0.25,0.84,"N",-5,-22.7,0,0,0,0,0,0,0,0,0,0,0,0,0,0
"13121","5","81143","77","0","2023","4","",3,4,4,4,41107,7468,4,791,"",0.74,0.35,0.35,0.35,0.26,0.67,0.03,0.75,"N",-3,-50.0,0,0,0,0,0,0,0,0,0,0,0,0,0,0
"13121","5","811430","78","0","2023","4","",3,4,4,4,41107,7468,4,791,"",0.74,0.35,0.35,0.35,0.26,0.67,0.03,0.75,"N",-3,-50.0,0,0,0,0,0,0,0,0,0,0,0,0,0,0
"13121","5","81149","77","0","2023","4","",54,128,126,132,1837064,165956,2996,1098,"",0.75,0.51,0.51,0.54,0.46,0.52,0.76,0.88,"",-4,-6.9,-6,-4.5,-9,-6.7,-3,-2.2,216601,13.4,57625,53.2,2029,209.8,172,18.6
"13121","5","811490","78","0","2023","4","",54,128,126,132,1837064,165956,2996,1098,"",0.75,0.51,0.51,0.54,0.46,0.52,0.76,0.88,"",-4,-6.9,-6,-4.5,-9,-6.7,-3,-2.2,216601,13.4,57625,53.2,2029,209.8,172,18.6
"13121","5","812","75","0","2023","4","",1700,10993,11134,11000,114361766,16456366,238600,797,"",1.15,1.17,1.18,1.16,0.99,1.38,1.62,0.85,"",59,3.6,288,2.7,515,4.8,392,3.7,4154604,3.8,117712,0.7,50843,27.1,1,0.1
"13121","5","8121","76","0","2023","4","",986,4629,4749,4657,47831591,6806637,107023,786,"",1.15,1.04,1.05,1.03,0.98,1.17,1.43,0.95,"",-7,-0.7,333,7.8,405,9.3,377,8.8,2921140,6.5,834589,14.0,11903,12.5,-16,-2.0
"13121","5","81211","77","0","2023","4","",733,3122,3156,3133,33804262,4109085,61469,829,"",1.09,0.93,0.93,0.93,0.94,0.96,1.14,1.01,"",-21,-2.8,129,4.3,112,3.7,161,5.4,1555345,4.8,367519,9.8,7477,13.8,3,0.4
"13121","5","812111","78","0","2023","4","",48,186,188,192,1888057,218138,2927,770,"",1.08,0.90,0.90,0.92,0.73,0.72,0.79,0.81,"",3,6.7,8,4.5,-8,-4.1,1,0.5,-64953,-3.3,-72811,-25.0,-3137,-51.7,-28,-3.5
"13121","5","812112","78","0","2023","4","",544,2682,2718,2689,29770142,3668349,53816,849,"",1.24,1.20,1.20,1.18,1.16,1.33,1.69,0.97,"",-21,-3.7,141,5.5,147,5.7,200,8.0,1872684,6.7,482316,15.1,11211,26.3,2,0.2
"13121","5","812113","78","0","2023","4","",141,254,250,252,2146063,222598,4726,655,"",0.76,0.28,0.28,0.28,0.28,0.18,0.26,1.01,"",-3,-2.1,-20,-7.3,-27,-9.7,-40,-13.7,-252386,-10.5,-41986,-15.9,-597,-11.2,-2,-0.3
"13121","5","81219","77","0","2023","4","",253,1507,1593,1524,14027329,2697552,45554,700,"",1.35,1.35,1.41,1.34,1.10,1.75,2.18,0.80,"",14,5.9,204,15.7,293,22.5,216,16.5,1365795,10.8,467070,20.9,4426,10.8,-47,-6.3
"13121","5","812191","78","0","2023","4","",26,170,178,193,1375632,261277,2374,587,"",1.73,2.54,2.65,2.89,1.29,3.63,2.90,0.48,"",2,8.3,86,102.4,96,117.1,114,144.3,581247,73.2,107555,70.0,-862,-26.6,-161,-21.5
"13121","5","812199","78","0","2023","4","",227,1337,1415,1331,12651697,2436275,43180,715,"",1.31,1.27,1.33,1.25,1.08,1.66,2.15,0.84,"",12,5.6,118,9.7,197,16.2,102,8.3,784548,6.6,359515,17.3,5288,14.0,-32,-4.3
"13121","5","8122","76","0","2023","4","",34,273,265,251,4026400,230822,2399,1178,"",0.33,0.33,0.32,0.30,0.30,0.32,0.33,0.95,"",0,0.0,-7,-2.5,-2,-0.7,-22,-8.1,-352446,-8.0,10831,4.9,29,1.2,-54,-4.4
"13121","5","81221","77","0","2023","4","",24,176,166,155,2093097,139439,1708,972,"",0.31,0.28,0.26,0.24,0.21,0.25,0.35,0.80,"",0,0.0,-11,-5.9,-11,-6.2,-27,-14.8,-203719,-8.9,287,0.2,-121,-6.6,1,0.1
"13121","5","812210","78","0","2023","4","",24,176,166,155,2093097,139439,1708,972,"",0.31,0.28,0.26,0.24,0.21,0.25,0.35,0.80,"",0,0.0,-11,-5.9,-11,-6.2,-27,-14.8,-203719,-8.9,287,0.2,-121,-6.6,1,0.1
"13121","5","81222","77","0","2023","4","",10,97,99,96,1933303,91383,691,1528,"",0.40,0.50,0.53,0.52,0.59,0.55,0.28,1.14,"",0,0.0,4,4.3,9,10.0,5,5.5,-148727,-7.1,10544,13.0,150,27.7,-226,-12.9
"13121","5","812220","78","0","2023","4","",10,97,99,96,1933303,91383,691,1528,"",0.40,0.50,0.53,0.52,0.59,0.55,0.28,1.14,"",0,0.0,4,4.3,9,10.0,5,5.5,-148727,-7.1,10544,13.0,150,27.7,-226,-12.9
"13121","5","8123","76","0","2023","4","",194,1202,1195,1209,13484089,1255062,15413,863,"",1.23,0.77,0.76,0.76,0.61,0.63,0.73,0.80,"",-27,-12.2,-101,-7.8,-81,-6.3,-93,-7.1,121955,0.9,-300931,-19.3,-6456,-29.5,68,8.6
"13121","5","81231","77","0","2023","4","",32,107,111,115,701933,145043,3739,486,"",0.57,0.45,0.47,0.48,0.32,0.51,0.99,0.68,"",-3,-8.6,-19,-15.1,-12,-9.8,-4,-3.4,-9635,-1.4,-59734,-29.2,-1270,-25.4,40,9.0
"13121","5","812310","78","0","2023","4","",32,107,111,115,701933,145043,3739,486,"",0.57,0.45,0.47,0.48,0.32,0.51,0.99,0.68,"",-3,-8.6,-19,-15.1,-12,-9.8,-4,-3.4,-9635,-1.4,-59734,-29.2,-1270,-25.4,40,9.0
"13121","5","81232","77","0","2023","4","",143,502,497,509,4642873,422804,4457,710,"",1.66,0.90,0.89,0.90,0.81,0.62,0.64,0.90,"",-24,-14.4,-28,-5.3,-20,-3.9,-28,-5.2,-44823,-1.0,-15447,-3.5,82,1.9,27,4.0
"13121","5","812320","78","0","2023","4","",143,502,497,509,4642873,422804,4457,710,"",1.66,0.90,0.89,0.90,0.81,0.62,0.64,0.90,"",-24,-14.4,-28,-5.3,-20,-3.9,-28,-5.2,-44823,-1.0,-15447,-3.5,82,1.9,27,4.0
"13121","5","81233","77","0","2023","4","",19,593,587,585,8139283,687215,7217,1064,"",1.18,0.77,0.75,0.74,0.58,0.68,0.69,0.77,"",0,0.0,-54,-8.3,-49,-7.7,-61,-9.4,176413,2.2,-225750,-24.7,-5268,-42.2,111,11.6
"13121","5","812331","78","0","2023","4","",12,309,302,293,3042741,446705,5778,777,"",1.47,0.81,0.78,0.75,0.49,0.74,0.92,0.62,"",-1,-7.7,-14,-4.3,-23,-7.1,-34,-10.4,-25575,-0.8,-182035,-29.0,-4429,-43.4,51,7.0
"13121","5","812332","78","0","2023","4","",7,284,285,292,5096542,240510,1439,1366,"",0.88,0.73,0.72,0.73,0.66,0.59,0.35,0.90,"",1,16.7,-40,-12.3,-26,-8.4,-27,-8.5,201988,4.1,-43715,-15.4,-839,-36.8,182,15.4
"13121","5","8129","76","0","2023","4","",486,4889,4925,4883,49019686,8163845,113765,770,"",1.34,1.93,1.93,1.90,1.57,2.38,2.60,0.82,"",93,23.7,63,1.3,193,4.1,130,2.7,1463955,3.1,-426777,-5.0,45367,66.3,3,0.4
"13121","5","81291","77","0","2023","4","",117,1159,1162,1152,9468293,2122797,36770,629,"",0.79,1.03,1.01,1.00,0.85,1.31,2.01,0.84,"",12,11.4,-12,-1.0,-17,-1.4,-49,-4.1,124665,1.3,-129726,-5.8,5389,17.2,22,3.6
"13121","5","812910","78","0","2023","4","",117,1159,1162,1152,9468293,2122797,36770,629,"",0.79,1.03,1.01,1.00,0.85,1.31,2.01,0.84,"",12,11.4,-12,-1.0,-17,-1.4,-49,-4.1,124665,1.3,-129726,-5.8,5389,17.2,22,3.6
"13121","5","81292","77","0","2023","4","",3,8,9,9,167074,19235,69,1483,"",0.83,0.21,0.23,0.24,0.23,0.40,0.08,1.02,"",0,0.0,-2,-20.0,-1,-10.0,-4,-30.8,-14553,-8.0,-17846,-48.1,-146,-67.9,213,16.8
"13121","5","812921","78","0","2023","4","",3,8,9,9,167074,19235,69,1483,"",1.04,0.22,0.25,0.26,0.24,0.44,0.08,0.99,"",0,0.0,-2,-20.0,-1,-10.0,-4,-30.8,-14553,-8.0,-17846,-48.1,-146,-67.9,213,16.8
"13121","5","81293","77","0","2023","4","",87,3036,3043,3028,25754733,4252784,35199,653,"",1.98,3.88,3.84,3.81,2.80,4.40,2.82,0.73,"",-16,-15.5,-63,-2.0,57,1.9,48,1.6,1120402,4.5,-1249328,-22.7,9998,39.7,26,4.1
"13121","5","812930","78","0","2023","4","",87,3036,3043,3028,25754733,4252784,35199,653,"",1.98,3.88,3.84,3.81,2.80,4.40,2.82,0.73,"",-16,-15.5,-63,-2.0,57,1.9,48,1.6,1120402,4.5,-1249328,-22.7,9998,39.7,26,4.1
"13121","5","81299","77","0","2023","4","",279,686,711,694,13629586,1769029,41727,1504,"",1.68,1.19,1.22,1.20,1.34,2.22,3.48,1.11,"",97,53.3,140,25.6,154,27.6,135,24.2,233441,1.7,970123,121.4,30126,259.7,-356,-19.1
"13121","5","812990","78","0","2023","4","",279,686,711,694,13629586,1769029,41727,1504,"",1.68,1.19,1.22,1.20,1.34,2.22,3.48,1.11,"",97,53.3,140,25.6,154,27.6,135,24.2,233441,1.7,970123,121.4,30126,259.7,-356,-19.1
"13121","5","813","75","0","2023","4","",700,7855,7859,7886,169712530,4982590,56170,1660,"",0.70,0.93,0.92,0.92,1.01,0.79,0.66,1.09,"",-8,-1.1,-807,-9.3,-656,-7.7,-219,-2.7,13968992,9.0,-3330187,-40.1,-91091,-61.9,238,16.7
"13121","5","8131","76","0","2023","4","",79,1119,1123,1066,14345956,289262,4033,1001,"",0.54,0.92,0.91,0.86,0.94,0.38,0.38,1.05,"",5,6.8,9,0.8,-11,-1.0,-79,-6.9,758693,5.6,-213354,-42.4,-2511,-38.4,76,8.2
"13121","5","81311","77","0","2023","4","",79,1119,1123,1066,14345956,289262,4033,1001,"",0.54,0.92,0.91,0.86,0.94,0.38,0.38,1.05,"",5,6.8,9,0.8,-11,-1.0,-79,-6.9,758693,5.6,-213354,-42.4,-2511,-38.4,76,8.2
"13121","5","813110","78","0","2023","4","",79,1119,1123,1066,14345956,289262,4033,1001,"",0.54,0.92,0.91,0.86,0.94,0.38,0.38,1.05,"",5,6.8,9,0.8,-11,-1.0,-79,-6.9,758693,5.6,-213354,-42.4,-2511,-38.4,76,8.2
"13121","5","8132","76","0","2023","4","",115,1568,1594,1603,42882581,768939,7524,2077,"",0.89,1.59,1.59,1.60,1.47,1.17,0.79,0.92,"",-6,-5.0,256,19.5,342,27.3,361,29.1,12313139,40.3,-244731,-24.1,-6305,-45.6,223,12.0
"13121","5","81321","77","0","2023","4","",115,1568,1594,1603,42882581,768939,7524,2077,"",0.89,1.59,1.59,1.60,1.47,1.17,0.79,0.92,"",-6,-5.0,256,19.5,342,27.3,361,29.1,12313139,40.3,-244731,-24.1,-6305,-45.6,223,12.0
"13121","5","813211","78","0","2023","4","",54,482,486,497,14681076,193251,1905,2313,"",0.82,1.03,1.02,1.04,0.94,0.64,0.47,0.92,"",-1,-1.8,19,4.1,22,4.7,28,6.0,2560476,21.1,-182641,-48.6,-5481,-74.2,309,15.4
"13121","5","813212","78","0","2023","4","",36,846,858,855,22538931,308504,2861,2033,"",1.21,3.45,3.47,3.45,3.12,1.85,1.02,0.90,"",-4,-10.0,227,36.7,304,54.9,317,58.9,9066772,67.3,-100099,-24.5,-1854,-39.3,216,11.9
"13121","5","813219","78","0","2023","4","",25,240,250,251,5662574,267184,2758,1763,"",0.74,0.88,0.90,0.90,0.88,1.42,1.00,0.98,"",-1,-3.8,10,4.3,16,6.8,16,6.8,685891,13.8,38009,16.6,1030,59.6,120,7.3
"13121","5","8133","76","0","2023","4","",182,1799,1751,1777,36425181,1176296,17006,1578,"",0.91,1.13,1.09,1.11,1.04,0.78,0.80,0.94,"",1,0.6,-375,-17.2,-459,-20.8,-51,-2.8,1110436,3.1,-1036006,-46.8,-32190,-65.4,266,20.3
"13121","5","81331","77","0","2023","4","",182,1799,1751,1777,36425181,1176296,17006,1578,"",0.91,1.13,1.09,1.11,1.04,0.78,0.80,0.94,"",1,0.6,-375,-17.2,-459,-20.8,-51,-2.8,1110436,3.1,-1036006,-46.8,-32190,-65.4,266,20.3
"13121","5","813311","78","0","2023","4","",53,505,496,499,9403498,341356,5166,1447,"",1.38,1.43,1.38,1.39,1.21,1.21,1.25,0.87,"",0,0.0,-360,-41.6,-388,-43.9,-53,-9.6,-938062,-9.1,-798089,-70.0,-21409,-80.6,410,39.5
"13121","5","813312","78","0","2023","4","",32,418,413,423,8816934,292949,2979,1623,"",0.61,0.86,0.85,0.88,0.85,0.65,0.54,0.99,"",3,10.3,-6,-1.4,3,0.7,22,5.5,1240830,16.4,-91531,-23.8,-6720,-69.3,207,14.6
"13121","5","813319","78","0","2023","4","",97,876,842,855,18204749,541991,8861,1633,"",0.89,1.16,1.10,1.11,1.09,0.71,0.77,0.97,"",-2,-2.0,-9,-1.0,-74,-8.1,-20,-2.3,807668,4.6,-146386,-21.3,-4061,-31.4,133,8.9
"13121","5","8134","76","0","2023","4","",67,815,809,820,11749939,751944,8336,1109,"",0.43,0.39,0.38,0.39,0.58,0.64,0.55,1.50,"",-4,-5.6,-267,-24.7,-273,-25.2,-269,-24.7,327189,2.9,132265,21.3,-2588,-23.7,299,36.9
"13121","5","81341","77","0","2023","4","",67,815,809,820,11749939,751944,8336,1109,"",0.43,0.39,0.38,0.39,0.58,0.64,0.55,1.50,"",-4,-5.6,-267,-24.7,-273,-25.2,-269,-24.7,327189,2.9,132265,21.3,-2588,-23.7,299,36.9
"13121","5","813410","78","0","2023","4","",67,815,809,820,11749939,751944,8336,1109,"",0.43,0.39,0.38,0.39,0.58,0.64,0.55,1.50,"",-4,-5.6,-267,-24.7,-273,-25.2,-269,-24.7,327189,2.9,132265,21.3,-2588,-23.7,299,36.9
"13121","5","8139","76","0","2023","4","",257,2554,2582,2620,64308873,1996149,19271,1913,"",0.70,0.99,0.99,1.00,0.93,0.89,0.68,0.94,"",-4,-1.5,-430,-14.4,-255,-9.0,-181,-6.5,-540465,-0.8,-1968361,-49.6,-47497,-71.1,177,10.2
"13121","5","81391","77","0","2023","4","",96,989,998,1002,29436721,675294,8698,2273,"",0.79,1.39,1.39,1.39,1.19,1.22,1.35,0.85,"",1,1.1,3,0.3,1,0.1,23,2.3,1367779,4.9,-748454,-52.6,-17118,-66.3,86,3.9
"13121","5","813910","78","0","2023","4","",96,989,998,1002,29436721,675294,8698,2273,"",0.79,1.39,1.39,1.39,1.19,1.22,1.35,0.85,"",1,1.1,3,0.3,1,0.1,23,2.3,1367779,4.9,-748454,-52.6,-17118,-66.3,86,3.9
"13121","5","81392","77","0","2023","4","",62,591,608,629,15090750,287521,2063,1905,"",0.93,1.11,1.13,1.17,0.84,0.91,0.52,0.73,"",1,1.6,2,0.3,21,3.6,43,7.3,1490991,11.0,7798,2.8,-1402,-40.5,124,7.0
"13121","5","813920","78","0","2023","4","",62,591,608,629,15090750,287521,2063,1905,"",0.93,1.11,1.13,1.17,0.84,0.91,0.52,0.73,"",1,1.6,2,0.3,21,3.6,43,7.3,1490991,11.0,7798,2.8,-1402,-40.5,124,7.0
"13121","5","81393","77","0","2023","4","",46,355,381,370,7068513,315972,2550,1475,"",0.63,0.55,0.58,0.55,0.58,0.57,0.39,1.04,"",0,0.0,-47,-11.7,-38,-9.1,-2,-0.5,465253,7.0,-207691,-39.7,-4053,-61.4,198,15.5
"13121","5","813930","78","0","2023","4","",46,355,381,370,7068513,315972,2550,1475,"",0.63,0.55,0.58,0.55,0.58,0.57,0.39,1.04,"",0,0.0,-47,-11.7,-38,-9.1,-2,-0.5,465253,7.0,-207691,-39.7,-4053,-61.4,198,15.5
"13121","5","81394","77","0","2023","4","",22,64,63,61,911639,76105,1238,1119,"",1.03,1.05,1.01,1.04,0.56,0.82,0.72,0.54,"",-4,-15.4,-381,-85.6,-203,-76.3,-277,-82.0,-5023548,-84.6,-1048346,-93.2,-19930,-94.2,-187,-14.3
"13121","5","813940","78","0","2023","4","",22,64,63,61,911639,76105,1238,1119,"",1.03,1.05,1.01,1.04,0.56,0.82,0.72,0.54,"",-4,-15.4,-381,-85.6,-203,-76.3,-277,-82.0,-5023548,-84.6,-1048346,-93.2,-19930,-94.2,-187,-14.3
"13121","5","81399","77","0","2023","4","",31,555,532,558,11801250,641257,4722,1656,"",0.36,0.88,0.84,0.88,0.96,0.89,0.49,1.11,"",-2,-6.1,-7,-1.2,-36,-6.3,32,6.1,1159060,10.9,28332,4.6,-4994,-51.4,173,11.7
"13121","5","813990","78","0","2023","4","",31,555,532,558,11801250,641257,4722,1656,"",0.36,0.88,0.84,0.88,0.96,0.89,0.49,1.11,"",-2,-6.1,-7,-1.2,-36,-6.3,32,6.1,1159060,10.9,28332,4.6,-4994,-51.4,173,11.7
"13121","5","814","75","0","2023","4","",933,539,541,553,12211029,2045494,25888,1726,"",0.84,0.42,0.42,0.43,0.70,1.18,1.04,1.63,"",-74,-7.3,70,14.9,74,15.8,97,21.3,2454596,25.2,844501,70.3,3876,17.6,109,6.7
"13121","5","8141","76","0","2023","4","",933,539,541,553,12211029,2045494,25888,1726,"",0.84,0.42,0.42,0.43,0.70,1.18,1.04,1.63,"",-74,-7.3,70,14.9,74,15.8,97,21.3,2454596,25.2,844501,70.3,3876,17.6,109,6.7
"13121","5","81411","77","0","2023","4","",933,539,541,553,12211029,2045494,25888,1726,"",0.84,0.42,0.42,0.43,0.70,1.18,1.04,1.63,"",-74,-7.3,70,14.9,74,15.8,97,21.3,2454596,25.2,844501,70.3,3876,17.6,109,6.7
"13121","5","814110","78","0","2023","4","",933,539,541,553,12211029,2045494,25888,1726,"",0.84,0.42,0.42,0.43,0.70,1.18,1.04,1.63,"",-74,-7.3,70,14.9,74,15.8,97,21.3,2454596,25.2,844501,70.3,3876,17.6,109,6.7
"13121","5","99","74","0","2023","4","",12396,5677,5920,6244,181495069,19043072,479046,2348,"",6.44,3.39,3.41,3.49,3.63,4.13,4.49,1.06,"",1637,15.2,593,11.7,696,13.3,666,11.9,-1886788,-1.0,203486,1.1,253,0.1,-316,-11.9
"13121","5","999","75","0","2023","4","",12396,5677,5920,6244,181495069,19043072,479046,2348,"",6.44,3.39,3.41,3.49,3.63,4.13,4.49,1.06,"",1637,15.2,593,11.7,696,13.3,666,11.9,-1886788,-1.0,203486,1.1,253,0.1,-316,-11.9
"13121","5","9999","76","0","2023","4","",12396,5677,5920,6244,181495069,19043072,479046,2348,"",6.44,3.39,3.41,3.49,3.63,4.13,4.49,1.06,"",1637,15.2,593,11.7,696,13.3,666,11.9,-1886788,-1.0,203486,1.1,253,0.1,-316,-11.9
"13121","5","99999","77","0","2023","4","",12396,5677,5920,6244,181495069,19043072,479046,2348,"",6.44,3.39,3.41,3.49,3.63,4.13,4.49,1.06,"",1637,15.2,593,11.7,696,13.3,666,11.9,-1886788,-1.0,203486,1.1,253,0.1,-316,-11.9
"13121","5","999999","78","0","2023","4","",12396,5677,5920,6244,181495069,19043072,479046,2348,"",6.44,3.39,3.41,3.49,3.63,4.13,4.49,1.06,"",1637,15.2,593,11.7,696,13.3,666,11.9,-1886788,-1.0,203486,1.1,253,0.1,-316,-11.9
