"area_fips","own_code","industry_code","agglvl_code","size_code","year","qtr","disclosure_code","qtrly_estabs","month1_emplvl","month2_emplvl","month3_emplvl","total_qtrly_wages","taxable_qtrly_wages","qtrly_contributions","avg_wkly_wage","lq_disclosure_code","lq_qtrly_estabs","lq_month1_emplvl","lq_month2_emplvl","lq_month3_emplvl","lq_total_qtrly_wages","lq_taxable_qtrly_wages","lq_qtrly_contributions","lq_avg_wkly_wage","oty_disclosure_code","oty_qtrly_estabs_chg","oty_qtrly_estabs_pct_chg","oty_month1_emplvl_chg","oty_month1_emplvl_pct_chg","oty_month2_emplvl_chg","oty_month2_emplvl_pct_chg","oty_month3_emplvl_chg","oty_month3_emplvl_pct_chg","oty_total_qtrly_wages_chg","oty_total_qtrly_wages_pct_chg","oty_taxable_qtrly_wages_chg","oty_taxable_qtrly_wages_pct_chg","oty_qtrly_contributions_chg","oty_qtrly_contributions_pct_chg","oty_avg_wkly_wage_chg","oty_avg_wkly_wage_pct_chg"
"13247","0","10","70","0","2024","4","",2602,35347,35544,35340,574362060,32876923,335186,1248,"",1.00,1.00,1.00,1.00,1.00,1.00,1.00,1.00,"",-145,-5.3,-760,-2.1,-664,-1.8,-1089,-3.0,20596035,3.7,-4252462,-11.5,-83393,-19.9,73,6.2
"13247","1","10","71","0","2024","4","",7,204,206,214,4453129,0,0,1647,"",0.54,0.30,0.30,0.31,0.32,0.00,0.00,1.04,"",0,0.0,-20,-8.9,-23,-10.0,-19,-8.2,-435959,-8.9,0,0.0,0,0.0,2,0.1
"13247","1","102","72","0","2024","4","",7,204,206,214,4453129,0,0,1647,"",0.54,0.30,0.31,0.32,0.32,0.00,0.00,1.04,"",0,0.0,-20,-8.9,-23,-10.0,-19,-8.2,-435959,-8.9,0,0.0,0,0.0,2,0.1
"13247","1","1021","73","0","2024","4","",2,104,104,107,1643410,0,0,1204,"",0.30,0.69,0.69,0.71,0.75,0.00,0.00,1.08,"",0,0.0,7,7.2,3,3.0,-1,-0.9,140080,9.3,0,0.0,0,0.0,70,6.2
"13247","1","1028","73","0","2024","4","",5,100,102,107,2809719,0,0,2098,"",0.95,0.26,0.27,0.28,0.32,0.00,0.00,1.19,"",0,0.0,-27,-21.3,-26,-20.3,-18,-14.4,-576039,-17.0,0,0.0,0,0.0,42,2.0
"13247","1","48-49","74","0","2024","4","",2,104,104,107,1643410,0,0,1204,"",0.31,0.74,0.74,0.76,0.81,0.00,0.00,1.08,"",0,0.0,7,7.2,3,3.0,-1,-0.9,140080,9.3,0,0.0,0,0.0,70,6.2
"13247","1","491","75","0","2024","4","",2,104,104,107,1643410,0,0,1204,"",0.32,0.76,0.76,0.78,0.86,0.00,0.00,1.12,"",0,0.0,7,7.2,3,3.0,-1,-0.9,140080,9.3,0,0.0,0,0.0,70,6.2
"13247","1","4911","76","0","2024","4","",2,104,104,107,1643410,0,0,1204,"",0.32,0.76,0.76,0.78,0.86,0.00,0.00,1.12,"",0,0.0,7,7.2,3,3.0,-1,-0.9,140080,9.3,0,0.0,0,0.0,70,6.2
"13247","1","49111","77","0","2024","4","",2,104,104,107,1643410,0,0,1204,"",0.32,0.76,0.76,0.78,0.86,0.00,0.00,1.12,"",0,0.0,7,7.2,3,3.0,-1,-0.9,140080,9.3,0,0.0,0,0.0,70,6.2
"13247","1","491110","78","0","2024","4","",2,104,104,107,1643410,0,0,1204,"",0.32,0.76,0.76,0.78,0.86,0.00,0.00,1.12,"",0,0.0,7,7.2,3,3.0,-1,-0.9,140080,9.3,0,0.0,0,0.0,70,6.2
"13247","1","92","74","0","2024","4","",5,100,102,107,2809719,0,0,2098,"",0.95,0.26,0.27,0.28,0.32,0.00,0.00,1.19,"",0,0.0,-27,-21.3,-26,-20.3,-18,-14.4,-576039,-17.0,0,0.0,0,0.0,42,2.0
"13247","1","921","75","0","2024","4","",2,27,27,27,912675,0,0,2600,"",5.23,0.71,0.71,0.71,1.14,0.00,0.00,1.60,"",0,0.0,-3,-10.0,-2,-6.9,-3,-10.0,-94455,-9.4,0,0.0,0,0.0,-11,-0.4
"13247","1","9211","76","0","2024","4","",2,27,27,27,912675,0,0,2600,"",5.23,0.71,0.71,0.71,1.14,0.00,0.00,1.60,"",0,0.0,-3,-10.0,-2,-6.9,-3,-10.0,-94455,-9.4,0,0.0,0,0.0,-11,-0.4
"13247","1","92113","77","0","2024","4","",1,18,18,18,586421,0,0,2506,"",8.10,0.70,0.70,0.69,1.11,0.00,0.00,1.59,"",0,0.0,-2,-10.0,-1,-5.3,-2,-10.0,-83377,-12.4,0,0.0,0,0.0,-114,-4.4
"13247","1","921130","78","0","2024","4","",1,18,18,18,586421,0,0,2506,"",8.10,0.70,0.70,0.69,1.11,0.00,0.00,1.59,"",0,0.0,-2,-10.0,-1,-5.3,-2,-10.0,-83377,-12.4,0,0.0,0,0.0,-114,-4.4
"13247","1","92119","77","0","2024","4","",1,9,9,9,326254,0,0,2788,"",3.91,1.19,1.18,1.18,1.82,0.00,0.00,1.54,"",0,0.0,-1,-10.0,-1,-10.0,-1,-10.0,-11078,-3.3,0,0.0,0,0.0,193,7.4
"13247","1","921190","78","0","2024","4","",1,9,9,9,326254,0,0,2788,"",3.91,1.19,1.18,1.18,1.82,0.00,0.00,1.54,"",0,0.0,-1,-10.0,-1,-10.0,-1,-10.0,-11078,-3.3,0,0.0,0,0.0,193,7.4
"13247","1","922","75","0","2024","4","",1,21,22,26,530641,0,0,1775,"",1.34,0.34,0.35,0.42,0.33,0.00,0.00,0.91,"",0,0.0,3,16.7,1,4.8,9,52.9,110265,26.2,0,0.0,0,0.0,43,2.5
"13247","1","9221","76","0","2024","4","",1,21,22,26,530641,0,0,1775,"",1.34,0.34,0.35,0.42,0.33,0.00,0.00,0.91,"",0,0.0,3,16.7,1,4.8,9,52.9,110265,26.2,0,0.0,0,0.0,43,2.5
"13247","1","92219","77","0","2024","4","",1,21,22,26,530641,0,0,1775,"",8.20,2.66,2.73,3.22,2.58,0.00,0.00,0.90,"",0,0.0,3,16.7,1,4.8,9,52.9,110265,26.2,0,0.0,0,0.0,43,2.5
"13247","1","922190","78","0","2024","4","",1,21,22,26,530641,0,0,1775,"",8.20,2.66,2.73,3.22,2.58,0.00,0.00,0.90,"",0,0.0,3,16.7,1,4.8,9,52.9,110265,26.2,0,0.0,0,0.0,43,2.5
"13247","1","923","75","0","2024","4","",1,41,41,41,1183811,0,0,2221,"",1.74,0.74,0.74,0.73,0.91,0.00,0.00,1.23,"",0,0.0,-26,-38.8,-25,-37.9,-24,-36.9,-615488,-34.2,0,0.0,0,0.0,124,5.9
"13247","1","9231","76","0","2024","4","",1,41,41,41,1183811,0,0,2221,"",1.74,0.74,0.74,0.73,0.91,0.00,0.00,1.23,"",0,0.0,-26,-38.8,-25,-37.9,-24,-36.9,-615488,-34.2,0,0.0,0,0.0,124,5.9
"13247","1","92312","77","0","2024","4","",1,41,41,41,1183811,0,0,2221,"",5.82,2.77,2.78,2.78,2.98,0.00,0.00,1.07,"",0,0.0,-26,-38.8,-25,-37.9,-24,-36.9,-615488,-34.2,0,0.0,0,0.0,124,5.9
"13247","1","923120","78","0","2024","4","",1,41,41,41,1183811,0,0,2221,"",5.82,2.77,2.78,2.78,2.98,0.00,0.00,1.07,"",0,0.0,-26,-38.8,-25,-37.9,-24,-36.9,-615488,-34.2,0,0.0,0,0.0,124,5.9
"13247","1","926","75","0","2024","4","",1,11,12,13,182592,0,0,1170,"",0.54,0.19,0.20,0.21,0.12,0.00,0.00,0.60,"",0,0.0,-1,-8.3,0,0.0,0,0.0,23639,14.9,0,0.0,0,0.0,179,18.1
"13247","1","9261","76","0","2024","4","",1,11,12,13,182592,0,0,1170,"",0.54,0.19,0.20,0.21,0.12,0.00,0.00,0.60,"",0,0.0,-1,-8.3,0,0.0,0,0.0,23639,14.9,0,0.0,0,0.0,179,18.1
"13247","1","92611","77","0","2024","4","",1,11,12,13,182592,0,0,1170,"",1.37,0.99,1.07,1.16,0.65,0.00,0.00,0.61,"",0,0.0,-1,-8.3,0,0.0,0,0.0,23639,14.9,0,0.0,0,0.0,179,18.1
"13247","1","926110","78","0","2024","4","",1,11,12,13,182592,0,0,1170,"",1.37,0.99,1.07,1.16,0.65,0.00,0.00,0.61,"",0,0.0,-1,-8.3,0,0.0,0,0.0,23639,14.9,0,0.0,0,0.0,179,18.1
"13247","2","10","71","0","2024","4","",22,594,599,596,8184774,0,0,1056,"",1.41,0.54,0.54,0.54,0.43,0.00,0.00,0.80,"",1,4.8,-2,-0.3,-1,-0.2,4,0.7,436251,5.6,0,0.0,0,0.0,56,5.6
"13247","2","102","72","0","2024","4","",22,594,599,596,8184774,0,0,1056,"",1.45,0.54,0.55,0.55,0.43,0.00,0.00,0.80,"",1,4.8,-2,-0.3,-1,-0.2,4,0.7,436251,5.6,0,0.0,0,0.0,56,5.6
"13247","2","1021","73","0","2024","4","",1,2,2,2,23738,0,0,913,"",4.87,0.15,0.15,0.15,0.10,0.00,0.00,0.68,"",0,0.0,0,0.0,0,0.0,0,0.0,3101,15.0,0,0.0,0,0.0,119,15.0
"13247","2","1025","73","0","2024","4","",7,99,106,106,1693929,0,0,1257,"",2.12,0.16,0.17,0.17,0.16,0.00,0.00,0.95,"",1,16.7,-7,-6.6,-4,-3.6,-5,-4.5,63924,3.9,0,0.0,0,0.0,107,9.3
"13247","2","1027","73","0","2024","4","",1,66,65,67,900803,0,0,1050,"",26.79,60.16,58.47,60.62,72.62,0.00,0.00,1.21,"",0,0.0,-3,-4.3,-4,-5.8,-2,-2.9,46759,5.5,0,0.0,0,0.0,98,10.3
"13247","2","1028","73","0","2024","4","",13,427,426,421,5566304,0,0,1008,"",1.17,1.00,0.99,0.99,0.75,0.00,0.00,0.75,"",0,0.0,8,1.9,7,1.7,11,2.7,322467,6.1,0,0.0,0,0.0,38,3.9
"13247","2","48-49","74","0","2024","4","",1,2,2,2,23738,0,0,913,"",10.08,0.19,0.19,0.19,0.12,0.00,0.00,0.64,"",0,0.0,0,0.0,0,0.0,0,0.0,3101,15.0,0,0.0,0,0.0,119,15.0
"13247","2","488","75","0","2024","4","",1,2,2,2,23738,0,0,913,"",12.60,0.55,0.55,0.55,0.40,0.00,0.00,0.72,"",0,0.0,0,0.0,0,0.0,0,0.0,3101,15.0,0,0.0,0,0.0,119,15.0
"13247","2","4881","76","0","2024","4","",1,2,2,2,23738,0,0,913,"",27.74,1.99,1.99,1.97,1.77,0.00,0.00,0.89,"",0,0.0,0,0.0,0,0.0,0,0.0,3101,15.0,0,0.0,0,0.0,119,15.0
"13247","2","48811","77","0","2024","4","",1,2,2,2,23738,0,0,913,"N",27.90,0,0,0,0,0,0,0,"",0,0.0,0,0.0,0,0.0,0,0.0,3101,15.0,0,0.0,0,0.0,119,15.0
"13247","2","488111","78","0","2024","4","",1,2,2,2,23738,0,0,913,"",29.30,2.18,2.18,2.17,2.05,0.00,0.00,0.94,"",0,0.0,0,0.0,0,0.0,0,0.0,3101,15.0,0,0.0,0,0.0,119,15.0
"13247","2","62","74","0","2024","4","",7,99,106,106,1693929,0,0,1257,"",4.70,0.62,0.66,0.67,0.58,0.00,0.00,0.89,"",1,16.7,-7,-6.6,-4,-3.6,-5,-4.5,63924,3.9,0,0.0,0,0.0,107,9.3
"13247","2","621","75","0","2024","4","",2,38,43,42,720619,0,0,1352,"",7.73,4.01,4.51,4.43,4.87,0.00,0.00,1.13,"",0,0.0,-7,-15.6,-2,-4.4,-3,-6.7,12672,1.8,0,0.0,0,0.0,142,11.7
"13247","2","6214","76","0","2024","4","",2,38,43,42,720619,0,0,1352,"",10.52,7.26,8.17,8.04,9.55,0.00,0.00,1.22,"",0,0.0,-7,-15.6,-2,-4.4,-3,-6.7,12672,1.8,0,0.0,0,0.0,142,11.7
"13247","2","62142","77","0","2024","4","",1,25,29,28,492592,0,0,1386,"",8.96,8.39,9.68,9.41,11.80,0.00,0.00,1.29,"",0,0.0,3,13.6,7,31.8,5,21.7,120058,32.2,0,0.0,0,0.0,103,8.0
"13247","2","621420","78","0","2024","4","",1,25,29,28,492592,0,0,1386,"",8.96,8.39,9.68,9.41,11.80,0.00,0.00,1.29,"",0,0.0,3,13.6,7,31.8,5,21.7,120058,32.2,0,0.0,0,0.0,103,8.0
"13247","2","62149","77","0","2024","4","",1,13,14,14,228027,0,0,1283,"",12.88,5.82,6.23,6.28,6.82,0.00,0.00,1.11,"",0,0.0,-10,-43.5,-9,-39.1,-8,-36.4,-107386,-32.0,0,0.0,0,0.0,145,12.7
"13247","2","621498","78","0","2024","4","",1,13,14,14,228027,0,0,1283,"N",14.93,0,0,0,0,0,0,0,"",0,0.0,-10,-43.5,-9,-39.1,-8,-36.4,-107386,-32.0,0,0.0,0,0.0,145,12.7
"13247","2","623","75","0","2024","4","",5,61,63,64,973310,0,0,1195,"",12.79,2.48,2.54,2.59,2.47,0.00,0.00,0.98,"",1,25.0,0,0.0,-2,-3.1,-2,-3.0,51252,5.6,0,0.0,0,0.0,87,7.9
"13247","2","6231","76","0","2024","4","",1,40,41,42,718226,0,0,1348,"",38.74,10.05,10.18,10.47,13.56,0.00,0.00,1.32,"",0,0.0,-1,-2.4,-4,-8.9,-2,-4.5,28318,4.1,0,0.0,0,0.0,123,10.0
"13247","2","62311","77","0","2024","4","",1,40,41,42,718226,0,0,1348,"",38.74,10.05,10.18,10.47,13.56,0.00,0.00,1.32,"",0,0.0,-1,-2.4,-4,-8.9,-2,-4.5,28318,4.1,0,0.0,0,0.0,123,10.0
"13247","2","623110","78","0","2024","4","",1,40,41,42,718226,0,0,1348,"",38.74,10.05,10.18,10.47,13.56,0.00,0.00,1.32,"",0,0.0,-1,-2.4,-4,-8.9,-2,-4.5,28318,4.1,0,0.0,0,0.0,123,10.0
"13247","2","6232","76","0","2024","4","",3,13,14,14,157468,0,0,886,"",12.38,0.73,0.78,0.79,0.54,0.00,0.00,0.71,"",1,50.0,2,18.2,3,27.3,2,16.7,28971,22.5,0,0.0,0,0.0,14,1.6
"13247","2","62321","77","0","2024","4","",2,8,8,8,104321,0,0,1003,"",9.50,0.51,0.50,0.50,0.40,0.00,0.00,0.79,"",1,100.0,2,33.3,2,33.3,1,14.3,34832,50.1,0,0.0,0,0.0,159,18.8
"13247","2","623210","78","0","2024","4","",2,8,8,8,104321,0,0,1003,"",9.50,0.51,0.50,0.50,0.40,0.00,0.00,0.79,"",1,100.0,2,33.3,2,33.3,1,14.3,34832,50.1,0,0.0,0,0.0,159,18.8
"13247","2","62322","77","0","2024","4","",1,5,6,6,53147,0,0,721,"",31.46,2.66,3.17,3.21,1.83,0.00,0.00,0.61,"",0,0.0,0,0.0,1,20.0,1,20.0,-5861,-9.9,0,0.0,0,0.0,-187,-20.6
"13247","2","623220","78","0","2024","4","",1,5,6,6,53147,0,0,721,"",31.46,2.66,3.17,3.21,1.83,0.00,0.00,0.61,"",0,0.0,0,0.0,1,20.0,1,20.0,-5861,-9.9,0,0.0,0,0.0,-187,-20.6
"13247","2","6239","76","0","2024","4","",1,8,8,8,97616,0,0,939,"",16.11,4.11,4.10,4.10,2.66,0.00,0.00,0.65,"",0,0.0,-1,-11.1,-1,-11.1,-2,-20.0,-6037,-5.8,0,0.0,0,0.0,85,10.0
"13247","2","62399","77","0","2024","4","",1,8,8,8,97616,0,0,939,"",16.11,4.11,4.10,4.10,2.66,0.00,0.00,0.65,"",0,0.0,-1,-11.1,-1,-11.1,-2,-20.0,-6037,-5.8,0,0.0,0,0.0,85,10.0
"13247","2","623990","78","0","2024","4","",1,8,8,8,97616,0,0,939,"",16.11,4.11,4.10,4.10,2.66,0.00,0.00,0.65,"",0,0.0,-1,-11.1,-1,-11.1,-2,-20.0,-6037,-5.8,0,0.0,0,0.0,85,10.0
"13247","2","81","74","0","2024","4","",1,66,65,67,900803,0,0,1050,"",26.79,60.16,58.47,60.62,72.62,0.00,0.00,1.21,"",0,0.0,-3,-4.3,-4,-5.8,-2,-2.9,46759,5.5,0,0.0,0,0.0,98,10.3
"13247","2","813","75","0","2024","4","",1,66,65,67,900803,0,0,1050,"",33.73,69.98,68.39,70.58,90.09,0.00,0.00,1.29,"",0,0.0,-3,-4.3,-4,-5.8,-2,-2.9,46759,5.5,0,0.0,0,0.0,98,10.3
"13247","2","8133","76","0","2024","4","",1,66,65,67,900803,0,0,1050,"N",48.83,0,0,0,0,0,0,0,"",0,0.0,-3,-4.3,-4,-5.8,-2,-2.9,46759,5.5,0,0.0,0,0.0,98,10.3
"13247","2","81331","77","0","2024","4","",1,66,65,67,900803,0,0,1050,"N",48.83,0,0,0,0,0,0,0,"",0,0.0,-3,-4.3,-4,-5.8,-2,-2.9,46759,5.5,0,0.0,0,0.0,98,10.3
"13247","2","813319","78","0","2024","4","",1,66,65,67,900803,0,0,1050,"",52.67,235.83,229.16,236.83,278.92,0.00,0.00,1.19,"",0,0.0,-3,-4.3,-4,-5.8,-2,-2.9,46759,5.5,0,0.0,0,0.0,98,10.3
"13247","2","92","74","0","2024","4","",13,427,426,421,5566304,0,0,1008,"",1.17,1.00,0.99,0.99,0.75,0.00,0.00,0.75,"",0,0.0,8,1.9,7,1.7,11,2.7,322467,6.1,0,0.0,0,0.0,38,3.9
"13247","2","921","75","0","2024","4","",3,14,14,15,312081,0,0,1675,"",2.12,0.25,0.25,0.27,0.30,0.00,0.00,1.15,"",0,0.0,1,7.7,1,7.7,3,25.0,-3466,-1.1,0,0.0,0,0.0,-241,-12.6
"13247","2","9211","76","0","2024","4","",3,14,14,15,312081,0,0,1675,"",2.12,0.25,0.25,0.27,0.30,0.00,0.00,1.15,"",0,0.0,1,7.7,1,7.7,3,25.0,-3466,-1.1,0,0.0,0,0.0,-241,-12.6
"13247","2","92113","77","0","2024","4","",2,10,10,11,241790,0,0,1800,"",3.74,0.43,0.43,0.47,0.54,0.00,0.00,1.23,"",0,0.0,0,0.0,0,0.0,2,22.2,-27075,-10.1,0,0.0,0,0.0,-340,-15.9
"13247","2","921130","78","0","2024","4","",2,10,10,11,241790,0,0,1800,"",3.74,0.43,0.43,0.47,0.54,0.00,0.00,1.23,"",0,0.0,0,0.0,0,0.0,2,22.2,-27075,-10.1,0,0.0,0,0.0,-340,-15.9
"13247","2","92119","77","0","2024","4","",1,4,4,4,70291,0,0,1352,"",1.58,0.19,0.18,0.19,0.16,0.00,0.00,0.89,"",0,0.0,1,33.3,1,33.3,1,33.3,23609,50.6,0,0.0,0,0.0,155,12.9
"13247","2","921190","78","0","2024","4","",1,4,4,4,70291,0,0,1352,"",1.58,0.19,0.18,0.19,0.16,0.00,0.00,0.89,"",0,0.0,1,33.3,1,33.3,1,33.3,23609,50.6,0,0.0,0,0.0,155,12.9
"13247","2","922","75","0","2024","4","",6,389,387,381,5009248,0,0,999,"",1.90,2.48,2.45,2.43,1.76,0.00,0.00,0.72,"",0,0.0,7,1.8,8,2.1,7,1.9,329008,7.0,0,0.0,0,0.0,47,4.9
"13247","2","9221","76","0","2024","4","",6,389,387,381,5009248,0,0,999,"",1.90,2.48,2.45,2.43,1.76,0.00,0.00,0.72,"",0,0.0,7,1.8,8,2.1,7,1.9,329008,7.0,0,0.0,0,0.0,47,4.9
"13247","2","92211","77","0","2024","4","",1,7,7,7,136839,0,0,1504,"",1.16,0.29,0.29,0.29,0.31,0.00,0.00,1.07,"",0,0.0,0,0.0,0,0.0,0,0.0,7393,5.7,0,0.0,0,0.0,82,5.8
"13247","2","922110","78","0","2024","4","",1,7,7,7,136839,0,0,1504,"",1.16,0.29,0.29,0.29,0.31,0.00,0.00,1.07,"",0,0.0,0,0.0,0,0.0,0,0.0,7393,5.7,0,0.0,0,0.0,82,5.8
"13247","2","92212","77","0","2024","4","",2,350,347,345,4322206,0,0,957,"",3.60,14.54,14.35,14.30,8.08,0.00,0.00,0.56,"",0,0.0,4,1.2,3,0.9,4,1.2,243694,6.0,0,0.0,0,0.0,44,4.8
"13247","2","922120","78","0","2024","4","",2,350,347,345,4322206,0,0,957,"",3.60,14.54,14.35,14.30,8.08,0.00,0.00,0.56,"",0,0.0,4,1.2,3,0.9,4,1.2,243694,6.0,0,0.0,0,0.0,44,4.8
"13247","2","92213","77","0","2024","4","",2,17,17,15,341177,0,0,1607,"",4.47,1.19,1.18,1.05,1.25,0.00,0.00,1.10,"",0,0.0,3,21.4,2,13.3,2,15.4,45735,15.5,0,0.0,0,0.0,-16,-1.0
"13247","2","922130","78","0","2024","4","",2,17,17,15,341177,0,0,1607,"",4.47,1.19,1.18,1.05,1.25,0.00,0.00,1.10,"",0,0.0,3,21.4,2,13.3,2,15.4,45735,15.5,0,0.0,0,0.0,-16,-1.0
"13247","2","92215","77","0","2024","4","",1,15,16,14,209026,0,0,1072,"",4.96,3.20,3.42,3.00,2.87,0.00,0.00,0.89,"",0,0.0,0,0.0,3,23.1,1,7.7,32186,18.2,0,0.0,0,0.0,77,7.7
"13247","2","922150","78","0","2024","4","",1,15,16,14,209026,0,0,1072,"",4.96,3.20,3.42,3.00,2.87,0.00,0.00,0.89,"",0,0.0,0,0.0,3,23.1,1,7.7,32186,18.2,0,0.0,0,0.0,77,7.7
"13247","2","923","75","0","2024","4","",2,8,8,10,85911,0,0,763,"",0.85,0.08,0.08,0.10,0.05,0.00,0.00,0.61,"",0,0.0,0,0.0,0,0.0,2,25.0,12358,16.8,0,0.0,0,0.0,56,7.9
"13247","2","9231","76","0","2024","4","",2,8,8,10,85911,0,0,763,"",0.85,0.08,0.08,0.10,0.05,0.00,0.00,0.61,"",0,0.0,0,0.0,0,0.0,2,25.0,12358,16.8,0,0.0,0,0.0,56,7.9
"13247","2","92312","77","0","2024","4","",1,6,6,8,68697,0,0,793,"",1.28,0.18,0.18,0.24,0.12,0.00,0.00,0.61,"",0,0.0,0,0.0,0,0.0,2,33.3,11602,20.3,0,0.0,0,0.0,61,8.3
"13247","2","923120","78","0","2024","4","",1,6,6,8,68697,0,0,793,"",1.28,0.18,0.18,0.24,0.12,0.00,0.00,0.61,"",0,0.0,0,0.0,0,0.0,2,33.3,11602,20.3,0,0.0,0,0.0,61,8.3
"13247","2","92314","77","0","2024","4","",1,2,2,2,17214,0,0,662,"",7.92,1.16,1.14,1.15,0.70,0.00,0.00,0.61,"",0,0.0,0,0.0,0,0.0,0,0.0,756,4.6,0,0.0,0,0.0,29,4.6
"13247","2","923140","78","0","2024","4","",1,2,2,2,17214,0,0,662,"",7.92,1.16,1.14,1.15,0.70,0.00,0.00,0.61,"",0,0.0,0,0.0,0,0.0,0,0.0,756,4.6,0,0.0,0,0.0,29,4.6
"13247","2","924","75","0","2024","4","",1,11,12,10,95823,0,0,670,"",0.66,0.30,0.34,0.29,0.16,0.00,0.00,0.53,"",0,0.0,-1,-8.3,-2,-14.3,-1,-9.1,-23459,-19.7,0,0.0,0,0.0,-74,-9.9
"13247","2","9241","76","0","2024","4","",1,11,12,10,95823,0,0,670,"",0.66,0.30,0.34,0.29,0.16,0.00,0.00,0.53,"",0,0.0,-1,-8.3,-2,-14.3,-1,-9.1,-23459,-19.7,0,0.0,0,0.0,-74,-9.9
"13247","2","92412","77","0","2024","4","",1,11,12,10,95823,0,0,670,"",0.82,0.42,0.48,0.40,0.25,0.00,0.00,0.58,"",0,0.0,-1,-8.3,-2,-14.3,-1,-9.1,-23459,-19.7,0,0.0,0,0.0,-74,-9.9
"13247","2","924120","78","0","2024","4","",1,11,12,10,95823,0,0,670,"",0.82,0.42,0.48,0.40,0.25,0.00,0.00,0.58,"",0,0.0,-1,-8.3,-2,-14.3,-1,-9.1,-23459,-19.7,0,0.0,0,0.0,-74,-9.9
"13247","2","926","75","0","2024","4","",1,5,5,5,63241,0,0,973,"",0.42,0.07,0.07,0.07,0.05,0.00,0.00,0.73,"",0,0.0,1,25.0,0,0.0,0,0.0,8026,14.5,0,0.0,0,0.0,63,6.9
"13247","2","9261","76","0","2024","4","",1,5,5,5,63241,0,0,973,"",0.42,0.07,0.07,0.07,0.05,0.00,0.00,0.73,"",0,0.0,1,25.0,0,0.0,0,0.0,8026,14.5,0,0.0,0,0.0,63,6.9
"13247","2","92614","77","0","2024","4","",1,5,5,5,63241,0,0,973,"",1.52,0.63,0.62,0.64,0.60,0.00,0.00,0.95,"",0,0.0,1,25.0,0,0.0,0,0.0,8026,14.5,0,0.0,0,0.0,63,6.9
"13247","2","926140","78","0","2024","4","",1,5,5,5,63241,0,0,973,"",1.52,0.63,0.62,0.64,0.60,0.00,0.00,0.95,"",0,0.0,1,25.0,0,0.0,0,0.0,8026,14.5,0,0.0,0,0.0,63,6.9
"13247","3","10","71","0","2024","4","",27,3992,3951,3954,56600985,0,0,1098,"",0.73,1.18,1.15,1.17,1.20,0.00,0.00,1.03,"",0,0.0,103,2.6,53,1.4,25,0.6,2621886,4.9,0,0.0,0,0.0,35,3.3
"13247","3","102","72","0","2024","4","",27,3992,3951,3954,56600985,0,0,1098,"",0.75,1.19,1.16,1.18,1.21,0.00,0.00,1.03,"",0,0.0,103,2.6,53,1.4,25,0.6,2621886,4.9,0,0.0,0,0.0,35,3.3
"13247","3","1022","73","0","2024","4","",1,19,18,18,175734,0,0,737,"",0.90,0.67,0.63,0.63,0.67,0.00,0.00,1.04,"",0,0.0,1,5.6,0,0.0,1,5.9,8594,5.1,0,0.0,0,0.0,9,1.2
"13247","3","1024","73","0","2024","4","",1,25,25,26,442189,0,0,1343,"",0.97,1.10,1.09,1.15,1.38,0.00,0.00,1.24,"",0,0.0,-1,-3.8,-3,-10.7,1,4.0,17260,4.1,0,0.0,0,0.0,102,8.2
"13247","3","1025","73","0","2024","4","",21,2609,2624,2636,36292707,0,0,1064,"",1.34,1.24,1.24,1.26,1.34,0.00,0.00,1.08,"",0,0.0,-21,-0.8,7,0.3,5,0.2,841116,2.4,0,0.0,0,0.0,26,2.5
"13247","3","1028","73","0","2024","4","",4,1339,1284,1274,19690355,0,0,1166,"",0.30,1.38,1.30,1.31,1.27,0.00,0.00,0.95,"",0,0.0,124,10.2,49,4.0,18,1.4,1754916,9.8,0,0.0,0,0.0,49,4.4
"13247","3","51","74","0","2024","4","",1,19,18,18,175734,0,0,737,"",0.90,0.67,0.63,0.63,0.67,0.00,0.00,1.04,"",0,0.0,1,5.6,0,0.0,1,5.9,8594,5.1,0,0.0,0,0.0,9,1.2
"13247","3","519","75","0","2024","4","",1,19,18,18,175734,0,0,737,"",0.94,0.69,0.65,0.65,0.70,0.00,0.00,1.07,"",0,0.0,1,5.6,0,0.0,1,5.9,8594,5.1,0,0.0,0,0.0,9,1.2
"13247","3","5192","76","0","2024","4","",1,19,18,18,175734,0,0,737,"",0.94,0.69,0.65,0.65,0.70,0.00,0.00,1.07,"",0,0.0,1,5.6,0,0.0,1,5.9,8594,5.1,0,0.0,0,0.0,9,1.2
"13247","3","51921","77","0","2024","4","",1,19,18,18,175734,0,0,737,"N",0.94,0,0,0,0,0,0,0,"",0,0.0,1,5.6,0,0.0,1,5.9,8594,5.1,0,0.0,0,0.0,9,1.2
"13247","3","519210","78","0","2024","4","",1,19,18,18,175734,0,0,737,"N",0.94,0,0,0,0,0,0,0,"",0,0.0,1,5.6,0,0.0,1,5.9,8594,5.1,0,0.0,0,0.0,9,1.2
"13247","3","56","74","0","2024","4","",1,25,25,26,442189,0,0,1343,"",1.33,1.40,1.39,1.47,1.93,0.00,0.00,1.36,"",0,0.0,-1,-3.8,-3,-10.7,1,4.0,17260,4.1,0,0.0,0,0.0,102,8.2
"13247","3","561","75","0","2024","4","",1,25,25,26,442189,0,0,1343,"",1.97,2.07,2.06,2.18,2.90,0.00,0.00,1.37,"",0,0.0,-1,-3.8,-3,-10.7,1,4.0,17260,4.1,0,0.0,0,0.0,102,8.2
"13247","3","5617","76","0","2024","4","",1,25,25,26,442189,0,0,1343,"",3.12,4.25,4.26,4.48,6.76,0.00,0.00,1.56,"",0,0.0,-1,-3.8,-3,-10.7,1,4.0,17260,4.1,0,0.0,0,0.0,102,8.2
"13247","3","56172","77","0","2024","4","",1,25,25,26,442189,0,0,1343,"",5.24,7.91,7.88,8.20,12.30,0.00,0.00,1.54,"",0,0.0,-1,-3.8,-3,-10.7,1,4.0,17260,4.1,0,0.0,0,0.0,102,8.2
"13247","3","561720","78","0","2024","4","",1,25,25,26,442189,0,0,1343,"",5.24,7.91,7.88,8.20,12.30,0.00,0.00,1.54,"",0,0.0,-1,-3.8,-3,-10.7,1,4.0,17260,4.1,0,0.0,0,0.0,102,8.2
"13247","3","61","74","0","2024","4","",21,2609,2624,2636,36292707,0,0,1064,"",1.49,1.38,1.38,1.40,1.54,0.00,0.00,1.11,"",0,0.0,-21,-0.8,7,0.3,5,0.2,841116,2.4,0,0.0,0,0.0,26,2.5
"13247","3","611","75","0","2024","4","",21,2609,2624,2636,36292707,0,0,1064,"",1.49,1.38,1.38,1.40,1.54,0.00,0.00,1.11,"",0,0.0,-21,-0.8,7,0.3,5,0.2,841116,2.4,0,0.0,0,0.0,26,2.5
"13247","3","6111","76","0","2024","4","",21,2609,2624,2636,36292707,0,0,1064,"",1.55,1.49,1.48,1.50,1.65,0.00,0.00,1.11,"",0,0.0,-21,-0.8,7,0.3,5,0.2,841116,2.4,0,0.0,0,0.0,26,2.5
"13247","3","61111","77","0","2024","4","",21,2609,2624,2636,36292707,0,0,1064,"",1.55,1.49,1.48,1.50,1.65,0.00,0.00,1.11,"",0,0.0,-21,-0.8,7,0.3,5,0.2,841116,2.4,0,0.0,0,0.0,26,2.5
"13247","3","611110","78","0","2024","4","",21,2609,2624,2636,36292707,0,0,1064,"",1.55,1.49,1.48,1.50,1.65,0.00,0.00,1.11,"",0,0.0,-21,-0.8,7,0.3,5,0.2,841116,2.4,0,0.0,0,0.0,26,2.5
"13247","3","92","74","0","2024","4","",4,1339,1284,1274,19690355,0,0,1166,"",0.30,1.38,1.30,1.31,1.27,0.00,0.00,0.95,"",0,0.0,124,10.2,49,4.0,18,1.4,1754916,9.8,0,0.0,0,0.0,49,4.4
"13247","3","921","75","0","2024","4","",2,1330,1276,1266,19532037,0,0,1164,"",0.25,2.07,1.95,1.98,2.11,0.00,0.00,1.06,"",0,0.0,123,10.2,49,4.0,19,1.5,1739212,9.8,0,0.0,0,0.0,49,4.4
"13247","3","9211","76","0","2024","4","",2,1330,1276,1266,19532037,0,0,1164,"",0.25,2.07,1.95,1.98,2.11,0.00,0.00,1.06,"",0,0.0,123,10.2,49,4.0,19,1.5,1739212,9.8,0,0.0,0,0.0,49,4.4
"13247","3","92114","77","0","2024","4","",2,1330,1276,1266,19532037,0,0,1164,"",0.45,3.18,3.01,3.06,3.28,0.00,0.00,1.06,"",0,0.0,123,10.2,49,4.0,19,1.5,1739212,9.8,0,0.0,0,0.0,49,4.4
"13247","3","921140","78","0","2024","4","",2,1330,1276,1266,19532037,0,0,1164,"",0.45,3.18,3.01,3.06,3.28,0.00,0.00,1.06,"",0,0.0,123,10.2,49,4.0,19,1.5,1739212,9.8,0,0.0,0,0.0,49,4.4
"13247","3","925","75","0","2024","4","",1,7,6,6,94336,0,0,1146,"",1.26,0.36,0.31,0.31,0.33,0.00,0.00,1.00,"",0,0.0,1,16.7,0,0.0,-1,-14.3,7329,8.4,0,0.0,0,0.0,89,8.4
"13247","3","9251","76","0","2024","4","",1,7,6,6,94336,0,0,1146,"",1.26,0.36,0.31,0.31,0.33,0.00,0.00,1.00,"",0,0.0,1,16.7,0,0.0,-1,-14.3,7329,8.4,0,0.0,0,0.0,89,8.4
"13247","3","92511","77","0","2024","4","",1,7,6,6,94336,0,0,1146,"",1.96,0.60,0.51,0.51,0.52,0.00,0.00,0.95,"",0,0.0,1,16.7,0,0.0,-1,-14.3,7329,8.4,0,0.0,0,0.0,89,8.4
"13247","3","925110","78","0","2024","4","",1,7,6,6,94336,0,0,1146,"",1.96,0.60,0.51,0.51,0.52,0.00,0.00,0.95,"",0,0.0,1,16.7,0,0.0,-1,-14.3,7329,8.4,0,0.0,0,0.0,89,8.4
"13247","3","926","75","0","2024","4","",1,2,2,2,63982,0,0,2461,"",1.64,0.12,0.12,0.12,0.21,0.00,0.00,1.74,"",0,0.0,0,0.0,0,0.0,0,0.0,8375,15.1,0,0.0,0,0.0,322,15.1
"13247","3","9261","76","0","2024","4","",1,2,2,2,63982,0,0,2461,"",1.64,0.12,0.12,0.12,0.21,0.00,0.00,1.74,"",0,0.0,0,0.0,0,0.0,0,0.0,8375,15.1,0,0.0,0,0.0,322,15.1
"13247","3","92611","77","0","2024","4","",1,2,2,2,63982,0,0,2461,"",7.45,0.64,0.65,0.65,1.06,0.00,0.00,1.64,"",0,0.0,0,0.0,0,0.0,0,0.0,8375,15.1,0,0.0,0,0.0,322,15.1
"13247","3","926110","78","0","2024","4","",1,2,2,2,63982,0,0,2461,"",7.45,0.64,0.65,0.65,1.06,0.00,0.00,1.64,"",0,0.0,0,0.0,0,0.0,0,0.0,8375,15.1,0,0.0,0,0.0,322,15.1
"13247","5","10","71","0","2024","4","",2546,30557,30788,30576,505123172,32876923,335186,1268,"",1.00,1.01,1.02,1.01,1.02,1.04,1.01,1.01,"",-146,-5.4,-841,-2.7,-693,-2.2,-1099,-3.5,17973857,3.7,-4252462,-11.5,-83393,-19.9,79,6.6
"13247","5","101","72","0","2024","4","",336,8920,8917,8950,209380931,7969708,72743,1804,"",1.06,1.72,1.73,1.76,2.25,1.46,1.01,1.29,"",10,3.1,17,0.2,-66,-0.7,-121,-1.3,18038658,9.4,490411,6.6,-2389,-3.2,166,10.1
"13247","5","1011","73","0","2024","4","",5,27,28,28,693811,17781,480,1929,"",0.16,0.06,0.07,0.07,0.11,0.03,0.06,1.59,"",1,25.0,7,35.0,7,33.3,7,33.3,132137,23.5,5850,49.0,158,49.1,-162,-7.7
"13247","5","1012","73","0","2024","4","",238,3520,3523,3523,80326489,4018586,31777,1754,"",1.18,1.88,1.89,1.92,2.32,1.64,0.78,1.23,"",6,2.6,38,1.1,35,1.0,-4,-0.1,4093065,5.4,-254198,-5.9,-14158,-30.8,78,4.7
"13247","5","1013","73","0","2024","4","",93,5373,5366,5399,128360631,3933341,40486,1836,"",1.09,1.88,1.87,1.89,2.46,1.66,1.81,1.31,"",3,3.3,-28,-0.5,-108,-2.0,-124,-2.2,13813456,12.1,738759,23.1,11611,40.2,224,13.9
"13247","5","102","72","0","2024","4","",2210,21637,21871,21626,295742241,24907215,262443,1048,"",1.00,0.87,0.87,0.86,0.74,0.95,1.01,0.85,"",-156,-6.6,-858,-3.8,-627,-2.8,-978,-4.3,-64801,0.0,-4742873,-16.0,-81004,-23.6,38,3.8
"13247","5","1021","73","0","2024","4","",557,7250,7446,7451,92578142,7571581,81835,965,"",1.27,1.11,1.12,1.12,1.06,1.03,1.26,0.95,"",22,4.1,-216,-2.9,-189,-2.5,-161,-2.1,-718440,-0.8,-519921,-6.4,5433,7.1,17,1.8
"13247","5","1022","73","0","2024","4","",31,503,508,500,12691803,171373,1735,1938,"",0.49,0.78,0.77,0.77,0.53,0.32,0.24,0.68,"",10,47.6,-28,-5.3,-9,-1.7,-13,-2.5,538043,4.4,-16162,-8.6,903,108.5,141,7.8
"13247","5","1023","73","0","2024","4","",232,1288,1268,1233,25857240,1144885,8348,1575,"",1.01,0.65,0.64,0.63,0.51,0.71,0.54,0.79,"",7,3.1,-170,-11.7,-143,-10.1,-269,-17.9,-3784866,-12.8,-296685,-20.6,-2603,-23.8,10,0.6
"13247","5","1024","73","0","2024","4","",404,3339,3352,3141,62693271,4907736,41464,1471,"",0.74,0.65,0.65,0.62,0.54,0.81,0.60,0.84,"",42,11.6,57,1.7,162,5.1,-50,-1.6,5693223,10.0,-848014,-14.7,-44579,-51.8,110,8.1
"13247","5","1025","73","0","2024","4","",383,4875,4895,4822,72472596,4764000,47389,1146,"",0.79,0.83,0.83,0.82,0.89,1.04,1.10,1.07,"",11,3.0,-419,-7.9,-368,-7.0,-469,-8.9,-799137,-1.1,-2550260,-34.9,-36047,-43.2,79,7.4
"13247","5","1026","73","0","2024","4","",225,3432,3470,3554,18420337,5061871,59791,407,"",1.07,0.91,0.93,0.95,0.67,1.04,1.26,0.72,"",12,5.6,-9,-0.3,11,0.3,103,3.0,489477,2.7,-410282,-7.5,152,0.3,7,1.8
"13247","5","1027","73","0","2024","4","",216,893,875,865,10168037,1188714,19374,891,"",1.14,0.84,0.82,0.82,0.84,1.07,1.76,1.01,"",30,16.1,19,2.2,0,0.0,-34,-3.8,-89988,-0.9,29697,2.6,-990,-4.9,-3,-0.3
"13247","5","1029","73","0","2024","4","",162,57,57,60,860815,97055,2507,1142,"",2.70,1.13,1.10,1.13,0.88,0.77,1.08,0.79,"",-290,-64.2,-92,-61.7,-91,-61.5,-85,-58.6,-1393113,-61.8,-131246,-57.5,-3273,-56.6,-35,-3.0
"13247","5","11","74","0","2024","4","N",4,0,0,0,0,0,0,0,"N",0.16,0,0,0,0,0,0,0,"N",1,33.3,0,0,0,0,0,0,0,0,0,0,0,0,0,0
"13247","5","112","75","0","2024","4","N",1,0,0,0,0,0,0,0,"N",0.16,0,0,0,0,0,0,0,"N",1,100.0,0,0,0,0,0,0,0,0,0,0,0,0,0,0
"13247","5","1125","76","0","2024","4","N",1,0,0,0,0,0,0,0,"N",4.50,0,0,0,0,0,0,0,"N",1,100.0,0,0,0,0,0,0,0,0,0,0,0,0,0,0
"13247","5","11251","77","0","2024","4","N",1,0,0,0,0,0,0,0,"N",4.50,0,0,0,0,0,0,0,"N",1,100.0,0,0,0,0,0,0,0,0,0,0,0,0,0,0
"13247","5","112511","78","0","2024","4","N",1,0,0,0,0,0,0,0,"N",9.87,0,0,0,0,0,0,0,"N",1,100.0,0,0,0,0,0,0,0,0,0,0,0,0,0,0
"13247","5","113","75","0","2024","4","N",1,0,0,0,0,0,0,0,"N",0.54,0,0,0,0,0,0,0,"N",0,0.0,0,0,0,0,0,0,0,0,0,0,0,0,0,0
"13247","5","1132","76","0","2024","4","N",1,0,0,0,0,0,0,0,"N",13.09,0,0,0,0,0,0,0,"N",0,0.0,0,0,0,0,0,0,0,0,0,0,0,0,0,0
"13247","5","11321","77","0","2024","4","N",1,0,0,0,0,0,0,0,"N",13.09,0,0,0,0,0,0,0,"N",0,0.0,0,0,0,0,0,0,0,0,0,0,0,0,0,0
"13247","5","113210","78","0","2024","4","N",1,0,0,0,0,0,0,0,"N",13.09,0,0,0,0,0,0,0,"N",0,0.0,0,0,0,0,0,0,0,0,0,0,0,0,0,0
"13247","5","115","75","0","2024","4","N",2,0,0,0,0,0,0,0,"N",0.42,0,0,0,0,0,0,0,"N",1,100.0,0,0,0,0,0,0,0,0,0,0,0,0,0,0
"13247","5","1151","76","0","2024","4","N",1,0,0,0,0,0,0,0,"N",0.36,0,0,0,0,0,0,0,"N",1,100.0,0,0,0,0,0,0,0,0,0,0,0,0,0,0
"13247","5","11511","77","0","2024","4","N",1,0,0,0,0,0,0,0,"N",0.36,0,0,0,0,0,0,0,"N",1,100.0,0,0,0,0,0,0,0,0,0,0,0,0,0,0
"13247","5","115114","78","0","2024","4","N",1,0,0,0,0,0,0,0,"N",2.15,0,0,0,0,0,0,0,"N",1,100.0,0,0,0,0,0,0,0,0,0,0,0,0,0,0
"13247","5","1153","76","0","2024","4","N",1,0,0,0,0,0,0,0,"N",1.46,0,0,0,0,0,0,0,"N",0,0.0,0,0,0,0,0,0,0,0,0,0,0,0,0,0
"13247","5","11531","77","0","2024","4","N",1,0,0,0,0,0,0,0,"N",1.46,0,0,0,0,0,0,0,"N",0,0.0,0,0,0,0,0,0,0,0,0,0,0,0,0,0
"13247","5","115310","78","0","2024","4","N",1,0,0,0,0,0,0,0,"N",1.46,0,0,0,0,0,0,0,"N",0,0.0,0,0,0,0,0,0,0,0,0,0,0,0,0,0
"13247","5","21","74","0","2024","4","N",1,0,0,0,0,0,0,0,"N",0.15,0,0,0,0,0,0,0,"N",0,0.0,0,0,0,0,0,0,0,0,0,0,0,0,0,0
"13247","5","213","75","0","2024","4","N",1,0,0,0,0,0,0,0,"N",0.27,0,0,0,0,0,0,0,"N",0,0.0,0,0,0,0,0,0,0,0,0,0,0,0,0,0
"13247","5","2131","76","0","2024","4","N",1,0,0,0,0,0,0,0,"N",0.27,0,0,0,0,0,0,0,"N",0,0.0,0,0,0,0,0,0,0,0,0,0,0,0,0,0
"13247","5","21311","77","0","2024","4","N",1,0,0,0,0,0,0,0,"N",0.27,0,0,0,0,0,0,0,"N",0,0.0,0,0,0,0,0,0,0,0,0,0,0,0,0,0
"13247","5","213112","78","0","2024","4","N",1,0,0,0,0,0,0,0,"N",0.34,0,0,0,0,0,0,0,"N",0,0.0,0,0,0,0,0,0,0,0,0,0,0,0,0,0
"13247","5","22","74","0","2024","4","",5,149,150,152,3032033,79501,1738,1551,"",0.95,1.11,1.12,1.13,0.84,1.36,3.60,0.74,"",0,0.0,0,0.0,4,2.7,4,2.7,312420,11.5,18627,30.6,1635,1587.4,134,9.5
"13247","5","221","75","0","2024","4","",5,149,150,152,3032033,79501,1738,1551,"",0.95,1.11,1.12,1.13,0.84,1.36,3.60,0.74,"",0,0.0,0,0.0,4,2.7,4,2.7,312420,11.5,18627,30.6,1635,1587.4,134,9.5
"13247","5","2211","76","0","2024","4","N",1,0,0,0,0,0,0,0,"N",0.32,0,0,0,0,0,0,0,"N",0,0.0,0,0,0,0,0,0,0,0,0,0,0,0,0,0
"13247","5","22112","77","0","2024","4","N",1,0,0,0,0,0,0,0,"N",0.64,0,0,0,0,0,0,0,"N",0,0.0,0,0,0,0,0,0,0,0,0,0,0,0,0,0
"13247","5","221122","78","0","2024","4","N",1,0,0,0,0,0,0,0,"N",0.73,0,0,0,0,0,0,0,"N",0,0.0,0,0,0,0,0,0,0,0,0,0,0,0,0,0
"13247","5","2212","76","0","2024","4","N",1,0,0,0,0,0,0,0,"N",1.41,0,0,0,0,0,0,0,"N",0,0.0,0,0,0,0,0,0,0,0,0,0,0,0,0,0
"13247","5","22121","77","0","2024","4","N",1,0,0,0,0,0,0,0,"N",1.41,0,0,0,0,0,0,0,"N",0,0.0,0,0,0,0,0,0,0,0,0,0,0,0,0,0
"13247","5","221210","78","0","2024","4","N",1,0,0,0,0,0,0,0,"N",1.41,0,0,0,0,0,0,0,"N",0,0.0,0,0,0,0,0,0,0,0,0,0,0,0,0,0
"13247","5","2213","76","0","2024","4","",3,82,82,84,1126156,59236,1677,1048,"",2.05,5.91,5.88,6.07,4.71,5.71,19.50,0.79,"",0,0.0,-1,-1.2,2,2.5,3,3.7,39859,3.7,15783,36.3,1652,6608.0,21,2.0
"13247","5","22131","77","0","2024","4","",3,82,82,84,1126156,59236,1677,1048,"",2.37,6.88,6.84,7.07,5.46,6.82,23.35,0.79,"",0,0.0,-1,-1.2,2,2.5,3,3.7,39859,3.7,15783,36.3,1652,6608.0,21,2.0
"13247","5","221310","78","0","2024","4","",3,82,82,84,1126156,59236,1677,1048,"",2.37,6.88,6.84,7.07,5.46,6.82,23.35,0.79,"",0,0.0,-1,-1.2,2,2.5,3,3.7,39859,3.7,15783,36.3,1652,6608.0,21,2.0
"13247","5","23","74","0","2024","4","",238,3520,3523,3523,80326489,4018586,31777,1754,"",1.18,1.88,1.89,1.92,2.32,1.64,0.78,1.23,"",6,2.6,38,1.1,35,1.0,-4,-0.1,4093065,5.4,-254198,-5.9,-14158,-30.8,78,4.7
"13247","5","236","75","0","2024","4","",58,357,350,355,9870564,238623,1597,2145,"",0.93,0.85,0.83,0.85,1.14,0.43,0.19,1.36,"",0,0.0,-23,-6.1,-34,-8.9,-41,-10.4,-2204973,-18.3,-92683,-28.0,-1388,-46.5,-257,-10.7
"13247","5","2361","76","0","2024","4","",42,225,222,226,7584588,134168,604,2601,"",0.86,1.05,1.04,1.07,2.05,0.43,0.16,1.95,"",1,2.4,-1,-0.4,-9,-3.9,-15,-6.2,-1625130,-17.6,-80222,-37.4,-1123,-65.0,-444,-14.6
"13247","5","23611","77","0","2024","4","",42,225,222,226,7584588,134168,604,2601,"",0.86,1.05,1.04,1.07,2.05,0.43,0.16,1.95,"",1,2.4,-1,-0.4,-9,-3.9,-15,-6.2,-1625130,-17.6,-80222,-37.4,-1123,-65.0,-444,-14.6
"13247","5","236115","78","0","2024","4","",21,34,34,32,478954,32842,284,1105,"",1.09,0.39,0.39,0.37,0.30,0.24,0.19,0.77,"",2,10.5,-7,-17.1,-7,-17.1,-11,-25.6,-252253,-34.5,-9458,-22.4,-286,-50.2,-245,-18.1
"13247","5","236116","78","0","2024","4","N",2,0,0,0,0,0,0,0,"N",1.80,0,0,0,0,0,0,0,"N",0,0.0,0,0,0,0,0,0,0,0,0,0,0,0,0,0
"13247","5","236117","78","0","2024","4","N",2,0,0,0,0,0,0,0,"N",1.68,0,0,0,0,0,0,0,"N",0,0.0,0,0,0,0,0,0,0,0,0,0,0,0,0,0
"13247","5","236118","78","0","2024","4","",17,15,15,17,462551,26130,150,2271,"",0.62,0.14,0.14,0.17,0.31,0.17,0.08,2.09,"",-1,-5.6,-16,-51.6,-17,-53.1,-18,-51.4,-465903,-50.2,-7043,-21.2,-196,-56.6,85,3.9
"13247","5","2362","76","0","2024","4","",16,132,128,129,2285976,104455,993,1356,"",1.16,0.64,0.62,0.63,0.46,0.43,0.21,0.74,"",-1,-5.9,-22,-14.3,-25,-16.3,-26,-16.8,-579843,-20.2,-12461,-10.7,-265,-21.1,-75,-5.2
"13247","5","23621","77","0","2024","4","N",1,0,0,0,0,0,0,0,"N",0.66,0,0,0,0,0,0,0,"N",0,0.0,0,0,0,0,0,0,0,0,0,0,0,0,0,0
"13247","5","236210","78","0","2024","4","N",1,0,0,0,0,0,0,0,"N",0.66,0,0,0,0,0,0,0,"N",0,0.0,0,0,0,0,0,0,0,0,0,0,0,0,0,0
"13247","5","23622","77","0","2024","4","N",15,0,0,0,0,0,0,0,"N",1.22,0,0,0,0,0,0,0,"N",-1,-6.2,0,0,0,0,0,0,0,0,0,0,0,0,0,0
"13247","5","236220","78","0","2024","4","N",15,0,0,0,0,0,0,0,"N",1.22,0,0,0,0,0,0,0,"N",-1,-6.2,0,0,0,0,0,0,0,0,0,0,0,0,0,0
"13247","5","237","75","0","2024","4","",18,1062,1050,1030,23037473,927466,3472,1692,"",1.43,3.91,3.95,4.04,4.02,2.63,0.46,1.01,"",0,0.0,-95,-8.2,-86,-7.6,-99,-8.8,-1616568,-6.6,-510376,-35.5,-8219,-70.3,29,1.7
"13247","5","2371","76","0","2024","4","",10,699,691,673,14579754,729884,1040,1631,"",1.53,5.00,5.02,5.00,4.96,3.57,0.26,0.99,"",-1,-9.1,-101,-12.6,-91,-11.6,-93,-12.1,-1202654,-7.6,-250012,-25.5,-2454,-70.2,80,5.2
"13247","5","23711","77","0","2024","4","",5,135,136,139,3416592,34241,137,1923,"",1.81,2.74,2.76,2.88,3.46,0.61,0.15,1.24,"",0,0.0,4,3.1,6,4.6,13,10.3,-32554,-0.9,-216924,-86.4,-431,-75.9,-134,-6.5
"13247","5","237110","78","0","2024","4","",5,135,136,139,3416592,34241,137,1923,"",1.81,2.74,2.76,2.88,3.46,0.61,0.15,1.24,"",0,0.0,4,3.1,6,4.6,13,10.3,-32554,-0.9,-216924,-86.4,-431,-75.9,-134,-6.5
"13247","5","23712","77","0","2024","4","N",3,0,0,0,0,0,0,0,"N",3.21,0,0,0,0,0,0,0,"N",0,0.0,0,0,0,0,0,0,0,0,0,0,0,0,0,0
"13247","5","237120","78","0","2024","4","N",3,0,0,0,0,0,0,0,"N",3.21,0,0,0,0,0,0,0,"N",0,0.0,0,0,0,0,0,0,0,0,0,0,0,0,0,0
"13247","5","23713","77","0","2024","4","N",2,0,0,0,0,0,0,0,"N",0.70,0,0,0,0,0,0,0,"N",-1,-33.3,0,0,0,0,0,0,0,0,0,0,0,0,0,0
"13247","5","237130","78","0","2024","4","N",2,0,0,0,0,0,0,0,"N",0.70,0,0,0,0,0,0,0,"N",-1,-33.3,0,0,0,0,0,0,0,0,0,0,0,0,0,0
"13247","5","2373","76","0","2024","4","",8,363,359,357,8457719,197582,2432,1809,"",3.05,3.99,4.11,4.43,4.51,2.09,1.01,1.08,"N",2,33.3,0,0,0,0,0,0,0,0,0,0,0,0,0,0
"13247","5","23731","77","0","2024","4","",8,363,359,357,8457719,197582,2432,1809,"",3.05,3.99,4.11,4.43,4.51,2.09,1.01,1.08,"N",2,33.3,0,0,0,0,0,0,0,0,0,0,0,0,0,0
"13247","5","237310","78","0","2024","4","",8,363,359,357,8457719,197582,2432,1809,"",3.05,3.99,4.11,4.43,4.51,2.09,1.01,1.08,"N",2,33.3,0,0,0,0,0,0,0,0,0,0,0,0,0,0
"13247","5","238","75","0","2024","4","",162,2101,2123,2138,47418452,2852497,26708,1720,"",1.28,1.77,1.80,1.84,2.35,1.84,1.07,1.30,"",6,3.8,156,8.0,155,7.9,136,6.8,7914606,20.0,348861,13.9,-4551,-14.6,179,11.6
"13247","5","2381","76","0","2024","4","",22,79,75,73,1762388,54817,752,1792,"",0.87,0.35,0.33,0.33,0.49,0.17,0.14,1.46,"",-1,-4.3,-15,-16.0,-16,-17.6,-21,-22.3,-117829,-6.3,-75243,-57.9,-1581,-67.8,237,15.2
"13247","5","23811","77","0","2024","4","",7,42,39,39,772043,1560,13,1485,"",1.32,0.71,0.66,0.69,0.82,0.02,0.01,1.19,"",0,0.0,9,27.3,6,18.2,6,18.2,128937,20.0,-20365,-92.9,-91,-87.5,-14,-0.9
"13247","5","238111","78","0","2024","4","N",2,0,0,0,0,0,0,0,"N",0.51,0,0,0,0,0,0,0,"N",0,0.0,0,0,0,0,0,0,0,0,0,0,0,0,0,0
"13247","5","238112","78","0","2024","4","N",5,0,0,0,0,0,0,0,"N",3.57,0,0,0,0,0,0,0,"N",0,0.0,0,0,0,0,0,0,0,0,0,0,0,0,0,0
"13247","5","23812","77","0","2024","4","N",2,0,0,0,0,0,0,0,"N",1.65,0,0,0,0,0,0,0,"N",0,0.0,0,0,0,0,0,0,0,0,0,0,0,0,0,0
"13247","5","238122","78","0","2024","4","N",2,0,0,0,0,0,0,0,"N",2.28,0,0,0,0,0,0,0,"N",0,0.0,0,0,0,0,0,0,0,0,0,0,0,0,0,0
"13247","5","23813","77","0","2024","4","N",2,0,0,0,0,0,0,0,"N",0.80,0,0,0,0,0,0,0,"N",0,0.0,0,0,0,0,0,0,0,0,0,0,0,0,0,0
"13247","5","238131","78","0","2024","4","N",2,0,0,0,0,0,0,0,"N",0.93,0,0,0,0,0,0,0,"N",0,0.0,0,0,0,0,0,0,0,0,0,0,0,0,0,0
"13247","5","23814","77","0","2024","4","N",3,0,0,0,0,0,0,0,"N",0.73,0,0,0,0,0,0,0,"N",0,0.0,0,0,0,0,0,0,0,0,0,0,0,0,0,0
"13247","5","238141","78","0","2024","4","N",1,0,0,0,0,0,0,0,"N",0.32,0,0,0,0,0,0,0,"N",0,0.0,0,0,0,0,0,0,0,0,0,0,0,0,0,0
"13247","5","238142","78","0","2024","4","N",2,0,0,0,0,0,0,0,"N",2.02,0,0,0,0,0,0,0,"N",0,0.0,0,0,0,0,0,0,0,0,0,0,0,0,0,0
"13247","5","23815","77","0","2024","4","N",3,0,0,0,0,0,0,0,"N",1.77,0,0,0,0,0,0,0,"N",2,200.0,0,0,0,0,0,0,0,0,0,0,0,0,0,0
"13247","5","238152","78","0","2024","4","N",3,0,0,0,0,0,0,0,"N",4.34,0,0,0,0,0,0,0,"N",2,200.0,0,0,0,0,0,0,0,0,0,0,0,0,0,0
"13247","5","23816","77","0","2024","4","N",3,0,0,0,0,0,0,0,"N",0.44,0,0,0,0,0,0,0,"N",-1,-25.0,0,0,0,0,0,0,0,0,0,0,0,0,0,0
"13247","5","238161","78","0","2024","4","N",2,0,0,0,0,0,0,0,"N",0.36,0,0,0,0,0,0,0,"N",-1,-33.3,0,0,0,0,0,0,0,0,0,0,0,0,0,0
"13247","5","238162","78","0","2024","4","N",1,0,0,0,0,0,0,0,"N",0.75,0,0,0,0,0,0,0,"N",0,0.0,0,0,0,0,0,0,0,0,0,0,0,0,0,0
"13247","5","23819","77","0","2024","4","N",2,0,0,0,0,0,0,0,"N",1.11,0,0,0,0,0,0,0,"N",-2,-50.0,0,0,0,0,0,0,0,0,0,0,0,0,0,0
"13247","5","238191","78","0","2024","4","N",2,0,0,0,0,0,0,0,"N",1.87,0,0,0,0,0,0,0,"N",-1,-33.3,0,0,0,0,0,0,0,0,0,0,0,0,0,0
"13247","5","238192","78","0","2024","4","-",0,0,0,0,0,0,0,0,"N",0.00,0,0,0,0,0,0,0,"N",-1,-100.0,0,0,0,0,0,0,0,0,0,0,0,0,0,0
"13247","5","2382","76","0","2024","4","",81,1309,1343,1350,30306493,1840281,17150,1748,"",1.61,2.25,2.31,2.33,2.82,2.63,1.57,1.23,"",2,2.5,193,17.3,196,17.1,182,15.6,7489057,32.8,241223,15.1,-463,-2.6,213,13.9
"13247","5","23821","77","0","2024","4","N",30,0,0,0,0,0,0,0,"N",1.41,0,0,0,0,0,0,0,"N",-2,-6.2,0,0,0,0,0,0,0,0,0,0,0,0,0,0
"13247","5","238211","78","0","2024","4","N",14,0,0,0,0,0,0,0,"N",1.07,0,0,0,0,0,0,0,"N",-2,-12.5,0,0,0,0,0,0,0,0,0,0,0,0,0,0
"13247","5","238212","78","0","2024","4","",16,184,204,196,3770366,100530,1056,1490,"",1.93,1.09,1.21,1.16,1.09,0.50,0.27,0.95,"",0,0.0,-20,-9.8,2,1.0,-10,-4.9,167419,4.6,-47236,-32.0,-1165,-52.5,131,9.6
"13247","5","23822","77","0","2024","4","",50,1069,1080,1106,25601037,1531379,12964,1815,"",1.91,3.64,3.67,3.78,4.92,4.55,2.67,1.33,"",4,8.7,232,27.7,222,25.9,205,22.8,7837444,44.1,419781,37.8,2108,19.4,236,14.9
"13247","5","238221","78","0","2024","4","",34,323,313,314,4828644,334154,4549,1173,"",1.71,2.11,2.04,2.06,2.11,1.78,2.15,1.02,"",4,13.3,12,3.9,-8,-2.5,1,0.3,143965,3.1,-30306,-8.3,62,1.4,29,2.5
"13247","5","238222","78","0","2024","4","",16,746,767,792,20772393,1197225,8415,2080,"",2.54,5.31,5.45,5.65,7.12,8.07,3.07,1.30,"",0,0.0,220,41.8,230,42.8,204,34.7,7693479,58.8,450087,60.2,2046,32.1,252,13.8
"13247","5","23829","77","0","2024","4","N",1,0,0,0,0,0,0,0,"N",0.37,0,0,0,0,0,0,0,"N",0,0.0,0,0,0,0,0,0,0,0,0,0,0,0,0,0
"13247","5","238292","78","0","2024","4","N",1,0,0,0,0,0,0,0,"N",0.50,0,0,0,0,0,0,0,"N",0,0.0,0,0,0,0,0,0,0,0,0,0,0,0,0,0
"13247","5","2383","76","0","2024","4","",29,267,268,268,6731622,187672,3691,1935,"",0.99,1.40,1.41,1.44,2.35,0.68,0.88,1.66,"",4,16.0,-12,-4.3,-11,-3.9,-16,-5.6,708830,11.8,-122873,-39.6,84,2.3,284,17.2
"13247","5","23831","77","0","2024","4","",7,114,114,112,3301730,82476,2446,2241,"",1.48,2.02,2.02,2.01,3.39,0.96,1.63,1.68,"",0,0.0,3,2.7,2,1.8,-4,-3.4,598051,22.1,-60154,-42.2,516,26.7,401,21.8
"13247","5","238311","78","0","2024","4","N",4,0,0,0,0,0,0,0,"N",1.16,0,0,0,0,0,0,0,"N",0,0.0,0,0,0,0,0,0,0,0,0,0,0,0,0,0
"13247","5","238312","78","0","2024","4","N",3,0,0,0,0,0,0,0,"N",2.31,0,0,0,0,0,0,0,"N",0,0.0,0,0,0,0,0,0,0,0,0,0,0,0,0,0
"13247","5","23832","77","0","2024","4","",10,40,40,39,846390,26348,702,1641,"",1.11,0.84,0.86,0.87,1.38,0.36,0.65,1.61,"",3,42.9,-5,-11.1,-3,-7.0,-3,-7.1,-56899,-6.3,-41791,-61.3,-505,-41.8,38,2.4
"13247","5","238321","78","0","2024","4","N",8,0,0,0,0,0,0,0,"N",1.06,0,0,0,0,0,0,0,"N",3,60.0,0,0,0,0,0,0,0,0,0,0,0,0,0,0
"13247","5","238322","78","0","2024","4","N",2,0,0,0,0,0,0,0,"N",1.41,0,0,0,0,0,0,0,"N",0,0.0,0,0,0,0,0,0,0,0,0,0,0,0,0,0
"13247","5","23833","77","0","2024","4","",4,8,8,8,92642,3502,3,891,"",0.96,0.44,0.44,0.45,0.34,0.15,0.01,0.76,"",1,33.3,0,0.0,0,0.0,0,0.0,12915,16.2,-555,-13.7,1,50.0,124,16.2
"13247","5","238331","78","0","2024","4","",4,8,8,8,92642,3502,3,891,"",1.17,0.67,0.67,0.68,0.60,0.21,0.02,0.89,"",1,33.3,0,0.0,0,0.0,0,0.0,12915,16.2,-555,-13.7,1,50.0,124,16.2
"13247","5","23834","77","0","2024","4","N",2,0,0,0,0,0,0,0,"N",0.90,0,0,0,0,0,0,0,"N",-1,-33.3,0,0,0,0,0,0,0,0,0,0,0,0,0,0
"13247","5","238341","78","0","2024","4","N",1,0,0,0,0,0,0,0,"N",0.51,0,0,0,0,0,0,0,"N",1,100.0,0,0,0,0,0,0,0,0,0,0,0,0,0,0
"13247","5","238342","78","0","2024","4","N",1,0,0,0,0,0,0,0,"N",3.87,0,0,0,0,0,0,0,"N",-2,-66.7,0,0,0,0,0,0,0,0,0,0,0,0,0,0
"13247","5","23835","77","0","2024","4","N",3,0,0,0,0,0,0,0,"N",0.43,0,0,0,0,0,0,0,"N",0,0.0,0,0,0,0,0,0,0,0,0,0,0,0,0,0
"13247","5","238351","78","0","2024","4","N",2,0,0,0,0,0,0,0,"N",0.32,0,0,0,0,0,0,0,"N",0,0.0,0,0,0,0,0,0,0,0,0,0,0,0,0,0
"13247","5","238352","78","0","2024","4","N",1,0,0,0,0,0,0,0,"N",1.29,0,0,0,0,0,0,0,"N",0,0.0,0,0,0,0,0,0,0,0,0,0,0,0,0,0
"13247","5","23839","77","0","2024","4","",3,48,44,46,1277211,19267,257,2136,"",1.30,2.37,2.19,2.37,4.14,0.75,0.58,1.79,"N",1,50.0,0,0,0,0,0,0,0,0,0,0,0,0,0,0
"13247","5","238392","78","0","2024","4","",3,48,44,46,1277211,19267,257,2136,"",3.10,4.15,3.86,4.21,6.87,1.31,0.84,1.69,"N",1,50.0,0,0,0,0,0,0,0,0,0,0,0,0,0,0
"13247","5","2389","76","0","2024","4","",30,446,437,447,8617949,769727,5115,1495,"",1.41,2.39,2.38,2.53,2.83,3.09,1.12,1.16,"",1,3.4,-10,-2.2,-14,-3.1,-9,-2.0,-165452,-1.9,305754,65.9,-2591,-33.6,8,0.5
"13247","5","23891","77","0","2024","4","",18,335,336,337,7028906,643848,3949,1609,"",2.01,3.55,3.58,3.68,4.43,4.98,1.81,1.23,"",2,12.5,-5,-1.5,6,1.8,2,0.6,54959,0.8,262085,68.7,-2424,-38.0,8,0.5
"13247","5","238911","78","0","2024","4","N",6,0,0,0,0,0,0,0,"N",1.14,0,0,0,0,0,0,0,"N",1,20.0,0,0,0,0,0,0,0,0,0,0,0,0,0,0
"13247","5","238912","78","0","2024","4","N",12,0,0,0,0,0,0,0,"N",3.23,0,0,0,0,0,0,0,"N",1,9.1,0,0,0,0,0,0,0,0,0,0,0,0,0,0
"13247","5","23899","77","0","2024","4","",12,111,101,110,1589043,125879,1166,1139,"",0.98,1.20,1.12,1.30,1.09,1.05,0.49,0.90,"",-1,-7.7,-5,-4.3,-20,-16.5,-11,-9.1,-220411,-12.2,43669,53.1,-167,-12.5,-27,-2.3
"13247","5","238991","78","0","2024","4","",6,41,42,44,670891,71911,86,1219,"",0.73,0.90,0.95,1.06,1.09,1.21,0.08,1.13,"",0,0.0,-14,-25.5,-12,-22.2,-13,-22.8,-149541,-18.2,45104,168.3,-377,-81.4,78,6.8
"13247","5","238992","78","0","2024","4","",6,70,59,66,918152,53968,1080,1087,"",1.49,1.50,1.29,1.52,1.09,0.89,0.81,0.76,"",-1,-14.3,9,14.8,-8,-11.9,2,3.1,-70870,-7.2,-1435,-2.6,210,24.1,-102,-8.6
"13247","5","31-33","74","0","2024","4","",93,5373,5366,5399,128360631,3933341,40486,1836,"",1.09,1.88,1.87,1.89,2.46,1.66,1.81,1.31,"",3,3.3,-28,-0.5,-108,-2.0,-124,-2.2,13813456,12.1,738759,23.1,11611,40.2,224,13.9
"13247","5","311","75","0","2024","4","N",5,0,0,0,0,0,0,0,"N",0.55,0,0,0,0,0,0,0,"N",0,0.0,0,0,0,0,0,0,0,0,0,0,0,0,0,0
"13247","5","3116","76","0","2024","4","N",1,0,0,0,0,0,0,0,"N",1.00,0,0,0,0,0,0,0,"N",0,0.0,0,0,0,0,0,0,0,0,0,0,0,0,0,0
"13247","5","31161","77","0","2024","4","N",1,0,0,0,0,0,0,0,"N",1.00,0,0,0,0,0,0,0,"N",0,0.0,0,0,0,0,0,0,0,0,0,0,0,0,0,0
"13247","5","311612","78","0","2024","4","N",1,0,0,0,0,0,0,0,"N",2.38,0,0,0,0,0,0,0,"N",0,0.0,0,0,0,0,0,0,0,0,0,0,0,0,0,0
"13247","5","3118","76","0","2024","4","",3,3,3,8,19970,3127,15,329,"",0.88,0.04,0.04,0.10,0.02,0.03,0.02,0.40,"",0,0.0,-9,-75.0,-9,-75.0,-3,-27.3,-28416,-58.7,-4844,-60.8,-72,-82.8,10,3.1
"13247","5","31181","77","0","2024","4","N",2,0,0,0,0,0,0,0,"N",0.66,0,0,0,0,0,0,0,"N",0,0.0,0,0,0,0,0,0,0,0,0,0,0,0,0,0
"13247","5","311811","78","0","2024","4","N",1,0,0,0,0,0,0,0,"N",0.49,0,0,0,0,0,0,0,"N",0,0.0,0,0,0,0,0,0,0,0,0,0,0,0,0,0
"13247","5","311812","78","0","2024","4","N",1,0,0,0,0,0,0,0,"N",1.10,0,0,0,0,0,0,0,"N",0,0.0,0,0,0,0,0,0,0,0,0,0,0,0,0,0
"13247","5","31182","77","0","2024","4","N",1,0,0,0,0,0,0,0,"N",3.70,0,0,0,0,0,0,0,"N",0,0.0,0,0,0,0,0,0,0,0,0,0,0,0,0,0
"13247","5","311824","78","0","2024","4","N",1,0,0,0,0,0,0,0,"N",9.25,0,0,0,0,0,0,0,"N",0,0.0,0,0,0,0,0,0,0,0,0,0,0,0,0,0
"13247","5","3119","76","0","2024","4","N",1,0,0,0,0,0,0,0,"N",0.54,0,0,0,0,0,0,0,"N",0,0.0,0,0,0,0,0,0,0,0,0,0,0,0,0,0
"13247","5","31199","77","0","2024","4","N",1,0,0,0,0,0,0,0,"N",1.14,0,0,0,0,0,0,0,"N",0,0.0,0,0,0,0,0,0,0,0,0,0,0,0,0,0
"13247","5","311991","78","0","2024","4","N",1,0,0,0,0,0,0,0,"N",2.46,0,0,0,0,0,0,0,"N",0,0.0,0,0,0,0,0,0,0,0,0,0,0,0,0,0
"13247","5","314","75","0","2024","4","",3,7,12,11,184355,20726,84,1418,"",2.26,0.32,0.55,0.51,0.72,1.00,0.51,1.55,"N",1,50.0,0,0,0,0,0,0,0,0,0,0,0,0,0,0
"13247","5","3149","76","0","2024","4","",3,7,12,11,184355,20726,84,1418,"",2.98,0.54,0.93,0.85,1.21,1.39,0.71,1.56,"N",1,50.0,0,0,0,0,0,0,0,0,0,0,0,0,0,0
"13247","5","31491","77","0","2024","4","N",1,0,0,0,0,0,0,0,"N",2.92,0,0,0,0,0,0,0,"N",0,0.0,0,0,0,0,0,0,0,0,0,0,0,0,0,0
"13247","5","314910","78","0","2024","4","N",1,0,0,0,0,0,0,0,"N",2.92,0,0,0,0,0,0,0,"N",0,0.0,0,0,0,0,0,0,0,0,0,0,0,0,0,0
"13247","5","31499","77","0","2024","4","N",2,0,0,0,0,0,0,0,"N",3.01,0,0,0,0,0,0,0,"N",1,100.0,0,0,0,0,0,0,0,0,0,0,0,0,0,0
"13247","5","314999","78","0","2024","4","N",2,0,0,0,0,0,0,0,"N",3.17,0,0,0,0,0,0,0,"N",1,100.0,0,0,0,0,0,0,0,0,0,0,0,0,0,0
"13247","5","315","75","0","2024","4","N",1,0,0,0,0,0,0,0,"N",0.74,0,0,0,0,0,0,0,"N",0,0.0,0,0,0,0,0,0,0,0,0,0,0,0,0,0
"13247","5","3152","76","0","2024","4","N",1,0,0,0,0,0,0,0,"N",1.01,0,0,0,0,0,0,0,"N",0,0.0,0,0,0,0,0,0,0,0,0,0,0,0,0,0
"13247","5","31521","77","0","2024","4","N",1,0,0,0,0,0,0,0,"N",2.18,0,0,0,0,0,0,0,"N",0,0.0,0,0,0,0,0,0,0,0,0,0,0,0,0,0
"13247","5","315210","78","0","2024","4","N",1,0,0,0,0,0,0,0,"N",2.18,0,0,0,0,0,0,0,"N",0,0.0,0,0,0,0,0,0,0,0,0,0,0,0,0,0
"13247","5","321","75","0","2024","4","N",3,0,0,0,0,0,0,0,"N",0.87,0,0,0,0,0,0,0,"N",0,0.0,0,0,0,0,0,0,0,0,0,0,0,0,0,0
"13247","5","3211","76","0","2024","4","N",1,0,0,0,0,0,0,0,"N",1.38,0,0,0,0,0,0,0,"N",0,0.0,0,0,0,0,0,0,0,0,0,0,0,0,0,0
"13247","5","32111","77","0","2024","4","N",1,0,0,0,0,0,0,0,"N",1.38,0,0,0,0,0,0,0,"N",0,0.0,0,0,0,0,0,0,0,0,0,0,0,0,0,0
"13247","5","321114","78","0","2024","4","N",1,0,0,0,0,0,0,0,"N",10.26,0,0,0,0,0,0,0,"N",0,0.0,0,0,0,0,0,0,0,0,0,0,0,0,0,0
"13247","5","3219","76","0","2024","4","N",2,0,0,0,0,0,0,0,"N",0.86,0,0,0,0,0,0,0,"N",0,0.0,0,0,0,0,0,0,0,0,0,0,0,0,0,0
"13247","5","32191","77","0","2024","4","N",1,0,0,0,0,0,0,0,"N",1.34,0,0,0,0,0,0,0,"N",0,0.0,0,0,0,0,0,0,0,0,0,0,0,0,0,0
"13247","5","321911","78","0","2024","4","N",1,0,0,0,0,0,0,0,"N",3.83,0,0,0,0,0,0,0,"N",0,0.0,0,0,0,0,0,0,0,0,0,0,0,0,0,0
"13247","5","32199","77","0","2024","4","N",1,0,0,0,0,0,0,0,"N",1.11,0,0,0,0,0,0,0,"N",0,0.0,0,0,0,0,0,0,0,0,0,0,0,0,0,0
"13247","5","321999","78","0","2024","4","N",1,0,0,0,0,0,0,0,"N",1.67,0,0,0,0,0,0,0,"N",0,0.0,0,0,0,0,0,0,0,0,0,0,0,0,0,0
"13247","5","322","75","0","2024","4","",10,1268,1265,1277,25631595,1044518,10718,1552,"",8.19,15.88,15.78,15.96,18.45,18.06,21.41,1.16,"",1,11.1,99,8.5,89,7.6,97,8.2,3022398,13.4,216511,26.1,2564,31.4,72,4.9
"13247","5","3221","76","0","2024","4","N",1,0,0,0,0,0,0,0,"N",5.16,0,0,0,0,0,0,0,"N",0,0.0,0,0,0,0,0,0,0,0,0,0,0,0,0,0
"13247","5","32213","77","0","2024","4","N",1,0,0,0,0,0,0,0,"N",16.68,0,0,0,0,0,0,0,"N",0,0.0,0,0,0,0,0,0,0,0,0,0,0,0,0,0
"13247","5","322130","78","0","2024","4","N",1,0,0,0,0,0,0,0,"N",16.68,0,0,0,0,0,0,0,"N",0,0.0,0,0,0,0,0,0,0,0,0,0,0,0,0,0
"13247","5","3222","76","0","2024","4","N",9,0,0,0,0,0,0,0,"N",8.76,0,0,0,0,0,0,0,"N",1,12.5,0,0,0,0,0,0,0,0,0,0,0,0,0,0
"13247","5","32221","77","0","2024","4","",8,942,942,947,18733286,844518,7119,1527,"",15.13,26.39,26.26,26.40,31.74,32.65,31.37,1.20,"",1,14.3,51,5.7,52,5.8,49,5.5,1746750,10.3,164478,24.2,-23,-0.3,64,4.4
"13247","5","322211","78","0","2024","4","N",7,0,0,0,0,0,0,0,"N",19.41,0,0,0,0,0,0,0,"N",1,16.7,0,0,0,0,0,0,0,0,0,0,0,0,0,0
"13247","5","322219","78","0","2024","4","N",1,0,0,0,0,0,0,0,"N",11.99,0,0,0,0,0,0,0,"N",0,0.0,0,0,0,0,0,0,0,0,0,0,0,0,0,0
"13247","5","32222","77","0","2024","4","N",1,0,0,0,0,0,0,0,"N",4.28,0,0,0,0,0,0,0,"N",0,0.0,0,0,0,0,0,0,0,0,0,0,0,0,0,0
"13247","5","322220","78","0","2024","4","N",1,0,0,0,0,0,0,0,"N",4.28,0,0,0,0,0,0,0,"N",0,0.0,0,0,0,0,0,0,0,0,0,0,0,0,0,0
"13247","5","323","75","0","2024","4","",9,61,53,53,674901,54941,1052,933,"",1.52,0.76,0.66,0.66,0.62,0.70,1.59,0.90,"",1,12.5,-35,-36.5,-43,-44.8,-43,-44.8,-331990,-33.0,-2997,-5.2,314,42.5,126,15.6
"13247","5","3231","76","0","2024","4","",9,61,53,53,674901,54941,1052,933,"",1.52,0.76,0.66,0.66,0.62,0.70,1.59,0.90,"",1,12.5,-35,-36.5,-43,-44.8,-43,-44.8,-331990,-33.0,-2997,-5.2,314,42.5,126,15.6
"13247","5","32311","77","0","2024","4","",9,61,53,53,674901,54941,1052,933,"",1.59,0.80,0.69,0.69,0.65,0.73,1.67,0.90,"",1,12.5,-35,-36.5,-43,-44.8,-43,-44.8,-331990,-33.0,-2997,-5.2,314,42.5,126,15.6
"13247","5","323111","78","0","2024","4","N",7,0,0,0,0,0,0,0,"N",1.80,0,0,0,0,0,0,0,"N",0,0.0,0,0,0,0,0,0,0,0,0,0,0,0,0,0
"13247","5","323113","78","0","2024","4","N",2,0,0,0,0,0,0,0,"N",1.22,0,0,0,0,0,0,0,"N",1,100.0,0,0,0,0,0,0,0,0,0,0,0,0,0,0
"13247","5","325","75","0","2024","4","",11,693,685,680,10844566,247287,3316,1216,"",2.02,3.44,3.39,3.37,2.29,1.93,2.77,0.67,"",0,0.0,5,0.7,10,1.5,7,1.0,1457647,15.5,-428,-0.2,2000,152.0,152,14.3
"13247","5","3251","76","0","2024","4","N",2,0,0,0,0,0,0,0,"N",2.30,0,0,0,0,0,0,0,"N",0,0.0,0,0,0,0,0,0,0,0,0,0,0,0,0,0
"13247","5","32512","77","0","2024","4","N",1,0,0,0,0,0,0,0,"N",4.98,0,0,0,0,0,0,0,"N",0,0.0,0,0,0,0,0,0,0,0,0,0,0,0,0,0
"13247","5","325120","78","0","2024","4","N",1,0,0,0,0,0,0,0,"N",4.98,0,0,0,0,0,0,0,"N",0,0.0,0,0,0,0,0,0,0,0,0,0,0,0,0,0
"13247","5","32513","77","0","2024","4","N",1,0,0,0,0,0,0,0,"N",15.94,0,0,0,0,0,0,0,"N",0,0.0,0,0,0,0,0,0,0,0,0,0,0,0,0,0
"13247","5","325130","78","0","2024","4","N",1,0,0,0,0,0,0,0,"N",15.94,0,0,0,0,0,0,0,"N",0,0.0,0,0,0,0,0,0,0,0,0,0,0,0,0,0
"13247","5","3253","76","0","2024","4","N",1,0,0,0,0,0,0,0,"N",3.01,0,0,0,0,0,0,0,"N",0,0.0,0,0,0,0,0,0,0,0,0,0,0,0,0,0
"13247","5","32531","77","0","2024","4","N",1,0,0,0,0,0,0,0,"N",4.48,0,0,0,0,0,0,0,"N",0,0.0,0,0,0,0,0,0,0,0,0,0,0,0,0,0
"13247","5","325314","78","0","2024","4","N",1,0,0,0,0,0,0,0,"N",8.86,0,0,0,0,0,0,0,"N",0,0.0,0,0,0,0,0,0,0,0,0,0,0,0,0,0
"13247","5","3254","76","0","2024","4","N",1,0,0,0,0,0,0,0,"N",0.61,0,0,0,0,0,0,0,"N",0,0.0,0,0,0,0,0,0,0,0,0,0,0,0,0,0
"13247","5","32541","77","0","2024","4","N",1,0,0,0,0,0,0,0,"N",0.61,0,0,0,0,0,0,0,"N",0,0.0,0,0,0,0,0,0,0,0,0,0,0,0,0,0
"13247","5","325411","78","0","2024","4","N",1,0,0,0,0,0,0,0,"N",3.20,0,0,0,0,0,0,0,"N",0,0.0,0,0,0,0,0,0,0,0,0,0,0,0,0,0
"13247","5","3255","76","0","2024","4","N",2,0,0,0,0,0,0,0,"N",3.66,0,0,0,0,0,0,0,"N",1,100.0,0,0,0,0,0,0,0,0,0,0,0,0,0,0
"13247","5","32552","77","0","2024","4","N",2,0,0,0,0,0,0,0,"N",12.39,0,0,0,0,0,0,0,"N",1,100.0,0,0,0,0,0,0,0,0,0,0,0,0,0,0
"13247","5","325520","78","0","2024","4","N",2,0,0,0,0,0,0,0,"N",12.39,0,0,0,0,0,0,0,"N",1,100.0,0,0,0,0,0,0,0,0,0,0,0,0,0,0
"13247","5","3256","76","0","2024","4","N",2,0,0,0,0,0,0,0,"N",2.35,0,0,0,0,0,0,0,"N",0,0.0,0,0,0,0,0,0,0,0,0,0,0,0,0,0
"13247","5","32561","77","0","2024","4","N",2,0,0,0,0,0,0,0,"N",4.29,0,0,0,0,0,0,0,"N",0,0.0,0,0,0,0,0,0,0,0,0,0,0,0,0,0
"13247","5","325611","78","0","2024","4","N",2,0,0,0,0,0,0,0,"N",8.00,0,0,0,0,0,0,0,"N",0,0.0,0,0,0,0,0,0,0,0,0,0,0,0,0,0
"13247","5","3259","76","0","2024","4","N",3,0,0,0,0,0,0,0,"N",3.98,0,0,0,0,0,0,0,"N",-1,-25.0,0,0,0,0,0,0,0,0,0,0,0,0,0,0
"13247","5","32599","77","0","2024","4","N",3,0,0,0,0,0,0,0,"N",4.72,0,0,0,0,0,0,0,"N",-1,-25.0,0,0,0,0,0,0,0,0,0,0,0,0,0,0
"13247","5","325991","78","0","2024","4","N",1,0,0,0,0,0,0,0,"N",10.00,0,0,0,0,0,0,0,"N",0,0.0,0,0,0,0,0,0,0,0,0,0,0,0,0,0
"13247","5","325998","78","0","2024","4","N",2,0,0,0,0,0,0,0,"N",4.06,0,0,0,0,0,0,0,"N",-1,-33.3,0,0,0,0,0,0,0,0,0,0,0,0,0,0
"13247","5","326","75","0","2024","4","",6,204,203,211,3270776,177007,1230,1221,"",1.95,1.26,1.26,1.31,1.37,1.31,1.05,1.07,"N",1,20.0,0,0,0,0,0,0,0,0,0,0,0,0,0,0
"13247","5","3261","76","0","2024","4","N",5,0,0,0,0,0,0,0,"N",1.91,0,0,0,0,0,0,0,"N",1,25.0,0,0,0,0,0,0,0,0,0,0,0,0,0,0
"13247","5","32614","77","0","2024","4","N",3,0,0,0,0,0,0,0,"N",23.96,0,0,0,0,0,0,0,"N",0,0.0,0,0,0,0,0,0,0,0,0,0,0,0,0,0
"13247","5","326140","78","0","2024","4","N",3,0,0,0,0,0,0,0,"N",23.96,0,0,0,0,0,0,0,"N",0,0.0,0,0,0,0,0,0,0,0,0,0,0,0,0,0
"13247","5","32615","77","0","2024","4","N",1,0,0,0,0,0,0,0,"N",5.16,0,0,0,0,0,0,0,"N",0,0.0,0,0,0,0,0,0,0,0,0,0,0,0,0,0
"13247","5","326150","78","0","2024","4","N",1,0,0,0,0,0,0,0,"N",5.16,0,0,0,0,0,0,0,"N",0,0.0,0,0,0,0,0,0,0,0,0,0,0,0,0,0
"13247","5","32619","77","0","2024","4","N",1,0,0,0,0,0,0,0,"N",0.68,0,0,0,0,0,0,0,"N",1,100.0,0,0,0,0,0,0,0,0,0,0,0,0,0,0
"13247","5","326199","78","0","2024","4","N",1,0,0,0,0,0,0,0,"N",0.72,0,0,0,0,0,0,0,"N",1,100.0,0,0,0,0,0,0,0,0,0,0,0,0,0,0
"13247","5","3262","76","0","2024","4","N",1,0,0,0,0,0,0,0,"N",2.17,0,0,0,0,0,0,0,"N",0,0.0,0,0,0,0,0,0,0,0,0,0,0,0,0,0
"13247","5","32629","77","0","2024","4","N",1,0,0,0,0,0,0,0,"N",3.90,0,0,0,0,0,0,0,"N",0,0.0,0,0,0,0,0,0,0,0,0,0,0,0,0,0
"13247","5","326291","78","0","2024","4","N",1,0,0,0,0,0,0,0,"N",9.69,0,0,0,0,0,0,0,"N",0,0.0,0,0,0,0,0,0,0,0,0,0,0,0,0,0
"13247","5","327","75","0","2024","4","N",2,0,0,0,0,0,0,0,"N",0.53,0,0,0,0,0,0,0,"N",0,0.0,0,0,0,0,0,0,0,0,0,0,0,0,0,0
"13247","5","3273","76","0","2024","4","N",2,0,0,0,0,0,0,0,"N",1.00,0,0,0,0,0,0,0,"N",0,0.0,0,0,0,0,0,0,0,0,0,0,0,0,0,0
"13247","5","32733","77","0","2024","4","N",1,0,0,0,0,0,0,0,"N",4.26,0,0,0,0,0,0,0,"N",0,0.0,0,0,0,0,0,0,0,0,0,0,0,0,0,0
"13247","5","327332","78","0","2024","4","N",1,0,0,0,0,0,0,0,"N",18.53,0,0,0,0,0,0,0,"N",0,0.0,0,0,0,0,0,0,0,0,0,0,0,0,0,0
"13247","5","32739","77","0","2024","4","N",1,0,0,0,0,0,0,0,"N",2.23,0,0,0,0,0,0,0,"N",0,0.0,0,0,0,0,0,0,0,0,0,0,0,0,0,0
"13247","5","327390","78","0","2024","4","N",1,0,0,0,0,0,0,0,"N",2.23,0,0,0,0,0,0,0,"N",0,0.0,0,0,0,0,0,0,0,0,0,0,0,0,0,0
"13247","5","331","75","0","2024","4","N",4,0,0,0,0,0,0,0,"N",3.08,0,0,0,0,0,0,0,"N",0,0.0,0,0,0,0,0,0,0,0,0,0,0,0,0,0
"13247","5","3312","76","0","2024","4","N",2,0,0,0,0,0,0,0,"N",6.69,0,0,0,0,0,0,0,"N",-1,-33.3,0,0,0,0,0,0,0,0,0,0,0,0,0,0
"13247","5","33121","77","0","2024","4","N",2,0,0,0,0,0,0,0,"N",14.98,0,0,0,0,0,0,0,"N",-1,-33.3,0,0,0,0,0,0,0,0,0,0,0,0,0,0
"13247","5","331210","78","0","2024","4","N",2,0,0,0,0,0,0,0,"N",14.98,0,0,0,0,0,0,0,"N",-1,-33.3,0,0,0,0,0,0,0,0,0,0,0,0,0,0
"13247","5","3313","76","0","2024","4","N",2,0,0,0,0,0,0,0,"N",11.35,0,0,0,0,0,0,0,"N",1,100.0,0,0,0,0,0,0,0,0,0,0,0,0,0,0
"13247","5","33131","77","0","2024","4","N",2,0,0,0,0,0,0,0,"N",11.35,0,0,0,0,0,0,0,"N",1,100.0,0,0,0,0,0,0,0,0,0,0,0,0,0,0
"13247","5","331313","78","0","2024","4","N",1,0,0,0,0,0,0,0,"N",33.73,0,0,0,0,0,0,0,"N",1,100.0,0,0,0,0,0,0,0,0,0,0,0,0,0,0
"13247","5","331315","78","0","2024","4","N",1,0,0,0,0,0,0,0,"N",24.67,0,0,0,0,0,0,0,"N",0,0.0,0,0,0,0,0,0,0,0,0,0,0,0,0,0
"13247","5","332","75","0","2024","4","",14,372,402,413,7271167,357492,2220,1414,"",1.07,1.15,1.24,1.28,1.38,1.37,0.86,1.13,"",-3,-17.6,-2,-0.5,29,7.8,45,12.2,1056276,17.0,-79173,-18.1,-1052,-32.2,128,10.0
"13247","5","3321","76","0","2024","4","N",1,0,0,0,0,0,0,0,"N",2.05,0,0,0,0,0,0,0,"N",0,0.0,0,0,0,0,0,0,0,0,0,0,0,0,0,0
"13247","5","33211","77","0","2024","4","N",1,0,0,0,0,0,0,0,"N",2.05,0,0,0,0,0,0,0,"N",0,0.0,0,0,0,0,0,0,0,0,0,0,0,0,0,0
"13247","5","332119","78","0","2024","4","N",1,0,0,0,0,0,0,0,"N",3.74,0,0,0,0,0,0,0,"N",0,0.0,0,0,0,0,0,0,0,0,0,0,0,0,0,0
"13247","5","3323","76","0","2024","4","",5,243,264,258,5120923,205885,1094,1545,"",1.40,2.61,2.82,2.77,3.34,2.39,1.28,1.22,"",0,0.0,-16,-6.2,-2,-0.8,1,0.4,648976,14.5,-113751,-35.6,-1740,-61.4,225,17.0
"13247","5","33231","77","0","2024","4","N",2,0,0,0,0,0,0,0,"N",1.27,0,0,0,0,0,0,0,"N",0,0.0,0,0,0,0,0,0,0,0,0,0,0,0,0,0
"13247","5","332311","78","0","2024","4","N",1,0,0,0,0,0,0,0,"N",3.09,0,0,0,0,0,0,0,"N",0,0.0,0,0,0,0,0,0,0,0,0,0,0,0,0,0
"13247","5","332313","78","0","2024","4","N",1,0,0,0,0,0,0,0,"N",2.47,0,0,0,0,0,0,0,"N",0,0.0,0,0,0,0,0,0,0,0,0,0,0,0,0,0
"13247","5","33232","77","0","2024","4","N",3,0,0,0,0,0,0,0,"N",1.50,0,0,0,0,0,0,0,"N",0,0.0,0,0,0,0,0,0,0,0,0,0,0,0,0,0
"13247","5","332322","78","0","2024","4","N",2,0,0,0,0,0,0,0,"N",2.07,0,0,0,0,0,0,0,"N",0,0.0,0,0,0,0,0,0,0,0,0,0,0,0,0,0
"13247","5","332323","78","0","2024","4","N",1,0,0,0,0,0,0,0,"N",1.42,0,0,0,0,0,0,0,"N",0,0.0,0,0,0,0,0,0,0,0,0,0,0,0,0,0
"13247","5","3324","76","0","2024","4","N",1,0,0,0,0,0,0,0,"N",2.16,0,0,0,0,0,0,0,"N",0,0.0,0,0,0,0,0,0,0,0,0,0,0,0,0,0
"13247","5","33242","77","0","2024","4","N",1,0,0,0,0,0,0,0,"N",4.68,0,0,0,0,0,0,0,"N",0,0.0,0,0,0,0,0,0,0,0,0,0,0,0,0,0
"13247","5","332420","78","0","2024","4","N",1,0,0,0,0,0,0,0,"N",4.68,0,0,0,0,0,0,0,"N",0,0.0,0,0,0,0,0,0,0,0,0,0,0,0,0,0
"13247","5","3325","76","0","2024","4","N",1,0,0,0,0,0,0,0,"N",5.36,0,0,0,0,0,0,0,"N",0,0.0,0,0,0,0,0,0,0,0,0,0,0,0,0,0
"13247","5","33251","77","0","2024","4","N",1,0,0,0,0,0,0,0,"N",5.36,0,0,0,0,0,0,0,"N",0,0.0,0,0,0,0,0,0,0,0,0,0,0,0,0,0
"13247","5","332510","78","0","2024","4","N",1,0,0,0,0,0,0,0,"N",5.36,0,0,0,0,0,0,0,"N",0,0.0,0,0,0,0,0,0,0,0,0,0,0,0,0,0
"13247","5","3327","76","0","2024","4","N",2,0,0,0,0,0,0,0,"N",0.45,0,0,0,0,0,0,0,"N",-3,-60.0,0,0,0,0,0,0,0,0,0,0,0,0,0,0
"13247","5","33271","77","0","2024","4","N",2,0,0,0,0,0,0,0,"N",0.50,0,0,0,0,0,0,0,"N",-3,-60.0,0,0,0,0,0,0,0,0,0,0,0,0,0,0
"13247","5","332710","78","0","2024","4","N",2,0,0,0,0,0,0,0,"N",0.50,0,0,0,0,0,0,0,"N",-3,-60.0,0,0,0,0,0,0,0,0,0,0,0,0,0,0
"13247","5","3328","76","0","2024","4","N",3,0,0,0,0,0,0,0,"N",2.29,0,0,0,0,0,0,0,"N",0,0.0,0,0,0,0,0,0,0,0,0,0,0,0,0,0
"13247","5","33281","77","0","2024","4","N",3,0,0,0,0,0,0,0,"N",2.29,0,0,0,0,0,0,0,"N",0,0.0,0,0,0,0,0,0,0,0,0,0,0,0,0,0
"13247","5","332811","78","0","2024","4","N",1,0,0,0,0,0,0,0,"N",6.79,0,0,0,0,0,0,0,"N",0,0.0,0,0,0,0,0,0,0,0,0,0,0,0,0,0
"13247","5","332812","78","0","2024","4","N",1,0,0,0,0,0,0,0,"N",1.52,0,0,0,0,0,0,0,"N",0,0.0,0,0,0,0,0,0,0,0,0,0,0,0,0,0
"13247","5","332813","78","0","2024","4","N",1,0,0,0,0,0,0,0,"N",1.97,0,0,0,0,0,0,0,"N",0,0.0,0,0,0,0,0,0,0,0,0,0,0,0,0,0
"13247","5","3329","76","0","2024","4","N",1,0,0,0,0,0,0,0,"N",0.51,0,0,0,0,0,0,0,"N",0,0.0,0,0,0,0,0,0,0,0,0,0,0,0,0,0
"13247","5","33291","77","0","2024","4","N",1,0,0,0,0,0,0,0,"N",2.37,0,0,0,0,0,0,0,"N",0,0.0,0,0,0,0,0,0,0,0,0,0,0,0,0,0
"13247","5","332911","78","0","2024","4","N",1,0,0,0,0,0,0,0,"N",6.03,0,0,0,0,0,0,0,"N",0,0.0,0,0,0,0,0,0,0,0,0,0,0,0,0,0
"13247","5","333","75","0","2024","4","N",4,0,0,0,0,0,0,0,"N",0.54,0,0,0,0,0,0,0,"N",2,100.0,0,0,0,0,0,0,0,0,0,0,0,0,0,0
"13247","5","3331","76","0","2024","4","N",1,0,0,0,0,0,0,0,"N",0.98,0,0,0,0,0,0,0,"N",1,100.0,0,0,0,0,0,0,0,0,0,0,0,0,0,0
"13247","5","33312","77","0","2024","4","N",1,0,0,0,0,0,0,0,"N",4.03,0,0,0,0,0,0,0,"N",1,100.0,0,0,0,0,0,0,0,0,0,0,0,0,0,0
"13247","5","333120","78","0","2024","4","N",1,0,0,0,0,0,0,0,"N",4.03,0,0,0,0,0,0,0,"N",1,100.0,0,0,0,0,0,0,0,0,0,0,0,0,0,0
"13247","5","3332","76","0","2024","4","N",1,0,0,0,0,0,0,0,"N",0.85,0,0,0,0,0,0,0,"N",0,0.0,0,0,0,0,0,0,0,0,0,0,0,0,0,0
"13247","5","33324","77","0","2024","4","N",1,0,0,0,0,0,0,0,"N",0.85,0,0,0,0,0,0,0,"N",0,0.0,0,0,0,0,0,0,0,0,0,0,0,0,0,0
"13247","5","333248","78","0","2024","4","N",1,0,0,0,0,0,0,0,"N",1.30,0,0,0,0,0,0,0,"N",0,0.0,0,0,0,0,0,0,0,0,0,0,0,0,0,0
"13247","5","3333","76","0","2024","4","N",1,0,0,0,0,0,0,0,"N",1.49,0,0,0,0,0,0,0,"N",1,100.0,0,0,0,0,0,0,0,0,0,0,0,0,0,0
"13247","5","33331","77","0","2024","4","N",1,0,0,0,0,0,0,0,"N",1.49,0,0,0,0,0,0,0,"N",1,100.0,0,0,0,0,0,0,0,0,0,0,0,0,0,0
"13247","5","333310","78","0","2024","4","N",1,0,0,0,0,0,0,0,"N",1.49,0,0,0,0,0,0,0,"N",1,100.0,0,0,0,0,0,0,0,0,0,0,0,0,0,0
"13247","5","3334","76","0","2024","4","N",1,0,0,0,0,0,0,0,"N",1.53,0,0,0,0,0,0,0,"N",0,0.0,0,0,0,0,0,0,0,0,0,0,0,0,0,0
"13247","5","33341","77","0","2024","4","N",1,0,0,0,0,0,0,0,"N",1.53,0,0,0,0,0,0,0,"N",0,0.0,0,0,0,0,0,0,0,0,0,0,0,0,0,0
"13247","5","333415","78","0","2024","4","N",1,0,0,0,0,0,0,0,"N",2.95,0,0,0,0,0,0,0,"N",0,0.0,0,0,0,0,0,0,0,0,0,0,0,0,0,0
"13247","5","334","75","0","2024","4","N",1,0,0,0,0,0,0,0,"N",0.18,0,0,0,0,0,0,0,"N",-1,-50.0,0,0,0,0,0,0,0,0,0,0,0,0,0,0
"13247","5","3345","76","0","2024","4","N",1,0,0,0,0,0,0,0,"N",0.43,0,0,0,0,0,0,0,"N",0,0.0,0,0,0,0,0,0,0,0,0,0,0,0,0,0
"13247","5","33451","77","0","2024","4","N",1,0,0,0,0,0,0,0,"N",0.43,0,0,0,0,0,0,0,"N",0,0.0,0,0,0,0,0,0,0,0,0,0,0,0,0,0
"13247","5","334514","78","0","2024","4","N",1,0,0,0,0,0,0,0,"N",18.98,0,0,0,0,0,0,0,"N",0,0.0,0,0,0,0,0,0,0,0,0,0,0,0,0,0
"13247","5","3346","76","0","2024","4","-",0,0,0,0,0,0,0,0,"N",0.00,0,0,0,0,0,0,0,"N",-1,-100.0,0,0,0,0,0,0,0,0,0,0,0,0,0,0
"13247","5","33461","77","0","2024","4","-",0,0,0,0,0,0,0,0,"N",0.00,0,0,0,0,0,0,0,"N",-1,-100.0,0,0,0,0,0,0,0,0,0,0,0,0,0,0
"13247","5","334610","78","0","2024","4","-",0,0,0,0,0,0,0,0,"N",0.00,0,0,0,0,0,0,0,"N",-1,-100.0,0,0,0,0,0,0,0,0,0,0,0,0,0,0
"13247","5","335","75","0","2024","4","N",6,0,0,0,0,0,0,0,"N",2.60,0,0,0,0,0,0,0,"N",0,0.0,0,0,0,0,0,0,0,0,0,0,0,0,0,0
"13247","5","3351","76","0","2024","4","N",5,0,0,0,0,0,0,0,"N",11.81,0,0,0,0,0,0,0,"N",0,0.0,0,0,0,0,0,0,0,0,0,0,0,0,0,0
"13247","5","33513","77","0","2024","4","N",5,0,0,0,0,0,0,0,"N",11.81,0,0,0,0,0,0,0,"N",0,0.0,0,0,0,0,0,0,0,0,0,0,0,0,0,0
"13247","5","335132","78","0","2024","4","N",5,0,0,0,0,0,0,0,"N",26.34,0,0,0,0,0,0,0,"N",0,0.0,0,0,0,0,0,0,0,0,0,0,0,0,0,0
"13247","5","3359","76","0","2024","4","N",1,0,0,0,0,0,0,0,"N",0.96,0,0,0,0,0,0,0,"N",0,0.0,0,0,0,0,0,0,0,0,0,0,0,0,0,0
"13247","5","33591","77","0","2024","4","N",1,0,0,0,0,0,0,0,"N",4.94,0,0,0,0,0,0,0,"N",0,0.0,0,0,0,0,0,0,0,0,0,0,0,0,0,0
"13247","5","335910","78","0","2024","4","N",1,0,0,0,0,0,0,0,"N",4.94,0,0,0,0,0,0,0,"N",0,0.0,0,0,0,0,0,0,0,0,0,0,0,0,0,0
"13247","5","336","75","0","2024","4","N",1,0,0,0,0,0,0,0,"N",0.25,0,0,0,0,0,0,0,"N",0,0.0,0,0,0,0,0,0,0,0,0,0,0,0,0,0
"13247","5","3361","76","0","2024","4","N",1,0,0,0,0,0,0,0,"N",5.08,0,0,0,0,0,0,0,"N",1,100.0,0,0,0,0,0,0,0,0,0,0,0,0,0,0
"13247","5","33611","77","0","2024","4","N",1,0,0,0,0,0,0,0,"N",7.54,0,0,0,0,0,0,0,"N",1,100.0,0,0,0,0,0,0,0,0,0,0,0,0,0,0
"13247","5","336110","78","0","2024","4","N",1,0,0,0,0,0,0,0,"N",7.54,0,0,0,0,0,0,0,"N",1,100.0,0,0,0,0,0,0,0,0,0,0,0,0,0,0
"13247","5","3362","76","0","2024","4","-",0,0,0,0,0,0,0,0,"N",0.00,0,0,0,0,0,0,0,"N",-1,-100.0,0,0,0,0,0,0,0,0,0,0,0,0,0,0
"13247","5","33621","77","0","2024","4","-",0,0,0,0,0,0,0,0,"N",0.00,0,0,0,0,0,0,0,"N",-1,-100.0,0,0,0,0,0,0,0,0,0,0,0,0,0,0
"13247","5","336212","78","0","2024","4","-",0,0,0,0,0,0,0,0,"N",0.00,0,0,0,0,0,0,0,"N",-1,-100.0,0,0,0,0,0,0,0,0,0,0,0,0,0,0
"13247","5","337","75","0","2024","4","",6,225,228,219,3413735,52068,608,1172,"",1.55,2.93,2.97,2.87,3.42,0.64,0.92,1.17,"",1,20.0,-42,-15.7,-34,-13.0,-38,-14.8,-453472,-11.7,26611,104.5,213,53.9,37,3.3
"13247","5","3371","76","0","2024","4","N",2,0,0,0,0,0,0,0,"N",0.74,0,0,0,0,0,0,0,"N",1,100.0,0,0,0,0,0,0,0,0,0,0,0,0,0,0
"13247","5","33711","77","0","2024","4","N",2,0,0,0,0,0,0,0,"N",1.18,0,0,0,0,0,0,0,"N",1,100.0,0,0,0,0,0,0,0,0,0,0,0,0,0,0
"13247","5","337110","78","0","2024","4","N",2,0,0,0,0,0,0,0,"N",1.18,0,0,0,0,0,0,0,"N",1,100.0,0,0,0,0,0,0,0,0,0,0,0,0,0,0
"13247","5","3372","76","0","2024","4","N",1,0,0,0,0,0,0,0,"N",1.05,0,0,0,0,0,0,0,"N",0,0.0,0,0,0,0,0,0,0,0,0,0,0,0,0,0
"13247","5","33721","77","0","2024","4","N",1,0,0,0,0,0,0,0,"N",1.05,0,0,0,0,0,0,0,"N",0,0.0,0,0,0,0,0,0,0,0,0,0,0,0,0,0
"13247","5","337212","78","0","2024","4","N",1,0,0,0,0,0,0,0,"N",2.20,0,0,0,0,0,0,0,"N",0,0.0,0,0,0,0,0,0,0,0,0,0,0,0,0,0
"13247","5","3379","76","0","2024","4","N",3,0,0,0,0,0,0,0,"N",13.00,0,0,0,0,0,0,0,"N",0,0.0,0,0,0,0,0,0,0,0,0,0,0,0,0,0
"13247","5","33791","77","0","2024","4","N",3,0,0,0,0,0,0,0,"N",23.68,0,0,0,0,0,0,0,"N",0,0.0,0,0,0,0,0,0,0,0,0,0,0,0,0,0
"13247","5","337910","78","0","2024","4","N",3,0,0,0,0,0,0,0,"N",23.68,0,0,0,0,0,0,0,"N",0,0.0,0,0,0,0,0,0,0,0,0,0,0,0,0,0
"13247","5","339","75","0","2024","4","",7,39,39,39,517514,17460,303,1021,"",0.87,0.28,0.28,0.28,0.22,0.14,0.27,0.77,"",0,0.0,4,11.4,3,8.3,3,8.3,-19202,-3.6,-20270,-53.7,-93,-23.5,-137,-11.8
"13247","5","3391","76","0","2024","4","",4,27,26,26,373257,7582,162,1090,"",1.31,0.37,0.36,0.36,0.27,0.13,0.35,0.75,"N",0,0.0,0,0,0,0,0,0,0,0,0,0,0,0,0,0
"13247","5","33911","77","0","2024","4","",4,27,26,26,373257,7582,162,1090,"",1.31,0.37,0.36,0.36,0.27,0.13,0.35,0.75,"N",0,0.0,0,0,0,0,0,0,0,0,0,0,0,0,0,0
"13247","5","339113","78","0","2024","4","N",1,0,0,0,0,0,0,0,"N",1.32,0,0,0,0,0,0,0,"N",0,0.0,0,0,0,0,0,0,0,0,0,0,0,0,0,0
"13247","5","339116","78","0","2024","4","N",3,0,0,0,0,0,0,0,"N",2.85,0,0,0,0,0,0,0,"N",0,0.0,0,0,0,0,0,0,0,0,0,0,0,0,0,0
"13247","5","3399","76","0","2024","4","",3,12,13,13,144257,9878,141,876,"",0.60,0.18,0.20,0.20,0.14,0.15,0.22,0.75,"N",0,0.0,0,0,0,0,0,0,0,0,0,0,0,0,0,0
"13247","5","33995","77","0","2024","4","",3,12,13,13,144257,9878,141,876,"",1.85,0.69,0.75,0.75,0.58,0.57,0.89,0.79,"N",0,0.0,0,0,0,0,0,0,0,0,0,0,0,0,0,0
"13247","5","339950","78","0","2024","4","",3,12,13,13,144257,9878,141,876,"",1.85,0.69,0.75,0.75,0.58,0.57,0.89,0.79,"N",0,0.0,0,0,0,0,0,0,0,0,0,0,0,0,0,0
"13247","5","42","74","0","2024","4","",113,1331,1344,1352,30357186,931983,8954,1740,"",0.83,0.96,0.97,0.98,1.01,0.77,0.80,1.04,"",-3,-2.6,-86,-6.1,-64,-4.5,-88,-6.1,-936639,-3.0,-164877,-15.0,-1025,-10.3,47,2.8
"13247","5","423","75","0","2024","4","",72,1171,1185,1193,26212265,865189,8057,1704,"",0.99,1.52,1.53,1.55,1.53,1.35,1.38,0.99,"",-5,-6.5,-59,-4.8,-41,-3.3,-43,-3.5,447489,1.7,39113,4.7,-1444,-15.2,94,5.8
"13247","5","4231","76","0","2024","4","",8,66,65,65,1119615,17012,111,1318,"",1.38,0.78,0.77,0.77,0.79,0.23,0.16,1.02,"",-2,-20.0,-11,-14.3,-10,-13.3,-4,-5.8,-158552,-12.4,-44745,-72.5,-241,-68.5,-17,-1.3
"13247","5","42311","77","0","2024","4","N",3,0,0,0,0,0,0,0,"N",1.82,0,0,0,0,0,0,0,"N",0,0.0,0,0,0,0,0,0,0,0,0,0,0,0,0,0
"13247","5","423110","78","0","2024","4","N",3,0,0,0,0,0,0,0,"N",1.82,0,0,0,0,0,0,0,"N",0,0.0,0,0,0,0,0,0,0,0,0,0,0,0,0,0
"13247","5","42312","77","0","2024","4","",4,19,18,17,251954,3766,18,1077,"",1.27,0.47,0.45,0.42,0.39,0.11,0.05,0.88,"",-1,-20.0,-10,-34.5,-9,-33.3,-7,-29.2,-113190,-31.0,-19291,-83.7,-184,-91.1,24,2.3
"13247","5","423120","78","0","2024","4","",4,19,18,17,251954,3766,18,1077,"",1.27,0.47,0.45,0.42,0.39,0.11,0.05,0.88,"",-1,-20.0,-10,-34.5,-9,-33.3,-7,-29.2,-113190,-31.0,-19291,-83.7,-184,-91.1,24,2.3
"13247","5","42313","77","0","2024","4","N",1,0,0,0,0,0,0,0,"N",1.87,0,0,0,0,0,0,0,"N",-1,-50.0,0,0,0,0,0,0,0,0,0,0,0,0,0,0
"13247","5","423130","78","0","2024","4","N",1,0,0,0,0,0,0,0,"N",1.87,0,0,0,0,0,0,0,"N",-1,-50.0,0,0,0,0,0,0,0,0,0,0,0,0,0,0
"13247","5","4232","76","0","2024","4","-",0,0,0,0,0,0,0,0,"N",0.00,0,0,0,0,0,0,0,"N",-1,-100.0,0,0,0,0,0,0,0,0,0,0,0,0,0,0
"13247","5","42321","77","0","2024","4","-",0,0,0,0,0,0,0,0,"N",0.00,0,0,0,0,0,0,0,"N",0,0,0,0,0,0,0,0,0,0,0,0,0,0,0,0
"13247","5","423210","78","0","2024","4","-",0,0,0,0,0,0,0,0,"N",0.00,0,0,0,0,0,0,0,"N",0,0,0,0,0,0,0,0,0,0,0,0,0,0,0,0
"13247","5","4233","76","0","2024","4","",8,51,51,50,962825,30525,242,1462,"",1.45,0.85,0.85,0.84,0.87,0.51,0.42,1.03,"",-1,-11.1,0,0.0,3,6.2,1,2.0,107637,12.6,-16905,-35.6,-177,-42.2,129,9.7
"13247","5","42331","77","0","2024","4","",4,38,37,37,611408,17545,153,1260,"",1.92,1.47,1.43,1.44,1.28,0.63,0.65,0.89,"",-1,-20.0,-1,-2.6,1,2.8,0,0.0,42176,7.4,-19811,-53.0,-218,-58.8,87,7.4
"13247","5","423310","78","0","2024","4","",4,38,37,37,611408,17545,153,1260,"",1.92,1.47,1.43,1.44,1.28,0.63,0.65,0.89,"",-1,-20.0,-1,-2.6,1,2.8,0,0.0,42176,7.4,-19811,-53.0,-218,-58.8,87,7.4
"13247","5","42332","77","0","2024","4","N",1,0,0,0,0,0,0,0,"N",0.71,0,0,0,0,0,0,0,"N",0,0.0,0,0,0,0,0,0,0,0,0,0,0,0,0,0
"13247","5","423320","78","0","2024","4","N",1,0,0,0,0,0,0,0,"N",0.71,0,0,0,0,0,0,0,"N",0,0.0,0,0,0,0,0,0,0,0,0,0,0,0,0,0
"13247","5","42333","77","0","2024","4","N",3,0,0,0,0,0,0,0,"N",3.33,0,0,0,0,0,0,0,"N",0,0.0,0,0,0,0,0,0,0,0,0,0,0,0,0,0
"13247","5","423330","78","0","2024","4","N",3,0,0,0,0,0,0,0,"N",3.33,0,0,0,0,0,0,0,"N",0,0.0,0,0,0,0,0,0,0,0,0,0,0,0,0,0
"13247","5","4234","76","0","2024","4","",3,15,18,18,198944,29069,526,900,"",0.19,0.09,0.11,0.11,0.04,0.24,0.44,0.40,"N",-2,-40.0,0,0,0,0,0,0,0,0,0,0,0,0,0,0
"13247","5","42343","77","0","2024","4","N",2,0,0,0,0,0,0,0,"N",0.55,0,0,0,0,0,0,0,"N",-1,-33.3,0,0,0,0,0,0,0,0,0,0,0,0,0,0
"13247","5","423430","78","0","2024","4","N",2,0,0,0,0,0,0,0,"N",0.55,0,0,0,0,0,0,0,"N",-1,-33.3,0,0,0,0,0,0,0,0,0,0,0,0,0,0
"13247","5","42344","77","0","2024","4","N",1,0,0,0,0,0,0,0,"N",0.70,0,0,0,0,0,0,0,"N",0,0.0,0,0,0,0,0,0,0,0,0,0,0,0,0,0
"13247","5","423440","78","0","2024","4","N",1,0,0,0,0,0,0,0,"N",0.70,0,0,0,0,0,0,0,"N",0,0.0,0,0,0,0,0,0,0,0,0,0,0,0,0,0
"13247","5","4235","76","0","2024","4","N",1,0,0,0,0,0,0,0,"N",0.41,0,0,0,0,0,0,0,"N",0,0.0,0,0,0,0,0,0,0,0,0,0,0,0,0,0
"13247","5","42351","77","0","2024","4","N",1,0,0,0,0,0,0,0,"N",0.42,0,0,0,0,0,0,0,"N",0,0.0,0,0,0,0,0,0,0,0,0,0,0,0,0,0
"13247","5","423510","78","0","2024","4","N",1,0,0,0,0,0,0,0,"N",0.42,0,0,0,0,0,0,0,"N",0,0.0,0,0,0,0,0,0,0,0,0,0,0,0,0,0
"13247","5","4236","76","0","2024","4","",7,39,39,38,775883,20077,81,1544,"",0.83,0.46,0.46,0.45,0.37,0.32,0.14,0.81,"",1,16.7,-8,-17.0,-8,-17.0,-8,-17.4,-281359,-26.6,-5807,-22.4,-11,-12.0,-199,-11.4
"13247","5","42361","77","0","2024","4","N",6,0,0,0,0,0,0,0,"N",1.45,0,0,0,0,0,0,0,"N",1,20.0,0,0,0,0,0,0,0,0,0,0,0,0,0,0
"13247","5","423610","78","0","2024","4","N",6,0,0,0,0,0,0,0,"N",1.45,0,0,0,0,0,0,0,"N",1,20.0,0,0,0,0,0,0,0,0,0,0,0,0,0,0
"13247","5","42369","77","0","2024","4","N",1,0,0,0,0,0,0,0,"N",0.30,0,0,0,0,0,0,0,"N",0,0.0,0,0,0,0,0,0,0,0,0,0,0,0,0,0
"13247","5","423690","78","0","2024","4","N",1,0,0,0,0,0,0,0,"N",0.30,0,0,0,0,0,0,0,"N",0,0.0,0,0,0,0,0,0,0,0,0,0,0,0,0,0
"13247","5","4237","76","0","2024","4","",12,127,129,134,2502247,168688,1940,1481,"",2.01,1.78,1.81,1.88,1.66,2.66,3.78,0.91,"",0,0.0,-81,-38.9,-75,-36.8,-99,-42.5,79148,3.3,118942,239.1,1107,132.9,614,70.8
"13247","5","42371","77","0","2024","4","",3,22,23,25,424975,51283,1722,1401,"",1.71,1.05,1.10,1.20,1.12,2.75,10.91,1.00,"N",0,0.0,0,0,0,0,0,0,0,0,0,0,0,0,0,0
"13247","5","423710","78","0","2024","4","",3,22,23,25,424975,51283,1722,1401,"",1.71,1.05,1.10,1.20,1.12,2.75,10.91,1.00,"N",0,0.0,0,0,0,0,0,0,0,0,0,0,0,0,0,0
"13247","5","42372","77","0","2024","4","N",2,0,0,0,0,0,0,0,"N",0.88,0,0,0,0,0,0,0,"N",0,0.0,0,0,0,0,0,0,0,0,0,0,0,0,0,0
"13247","5","423720","78","0","2024","4","N",2,0,0,0,0,0,0,0,"N",0.88,0,0,0,0,0,0,0,"N",0,0.0,0,0,0,0,0,0,0,0,0,0,0,0,0,0
"13247","5","42373","77","0","2024","4","",6,31,30,30,641487,19362,83,1627,"",3.82,1.62,1.56,1.56,1.38,1.23,0.64,0.87,"",0,0.0,0,0.0,-3,-9.1,-3,-9.1,122717,23.7,2587,15.4,18,27.7,393,31.8
"13247","5","423730","78","0","2024","4","",6,31,30,30,641487,19362,83,1627,"",3.82,1.62,1.56,1.56,1.38,1.23,0.64,0.87,"",0,0.0,0,0.0,-3,-9.1,-3,-9.1,122717,23.7,2587,15.4,18,27.7,393,31.8
"13247","5","42374","77","0","2024","4","N",1,0,0,0,0,0,0,0,"N",2.73,0,0,0,0,0,0,0,"N",0,0.0,0,0,0,0,0,0,0,0,0,0,0,0,0,0
"13247","5","423740","78","0","2024","4","N",1,0,0,0,0,0,0,0,"N",2.73,0,0,0,0,0,0,0,"N",0,0.0,0,0,0,0,0,0,0,0,0,0,0,0,0,0
"13247","5","4238","76","0","2024","4","",28,703,709,708,17448054,456608,3777,1899,"",1.68,4.01,4.03,4.03,4.63,3.29,3.34,1.15,"",0,0.0,44,6.7,47,7.1,56,8.6,607299,3.6,-27988,-5.8,-2341,-38.3,-71,-3.6
"13247","5","42381","77","0","2024","4","",4,20,20,20,500366,0,0,1924,"",3.13,0.81,0.81,0.81,0.94,0.00,0.00,1.16,"",0,0.0,-3,-13.0,-2,-9.1,-2,-9.1,2852,0.6,-17969,-100.0,-194,-100.0,210,12.3
"13247","5","423810","78","0","2024","4","",4,20,20,20,500366,0,0,1924,"",3.13,0.81,0.81,0.81,0.94,0.00,0.00,1.16,"",0,0.0,-3,-13.0,-2,-9.1,-2,-9.1,2852,0.6,-17969,-100.0,-194,-100.0,210,12.3
"13247","5","42382","77","0","2024","4","",5,147,151,155,5508596,47502,429,2806,"",2.46,5.62,5.80,5.96,10.16,2.13,3.14,1.75,"",0,0.0,-9,-5.8,-7,-4.4,1,0.6,-255339,-4.4,-5055,-9.6,-528,-55.2,-36,-1.3
"13247","5","423820","78","0","2024","4","",5,147,151,155,5508596,47502,429,2806,"",2.46,5.62,5.80,5.96,10.16,2.13,3.14,1.75,"",0,0.0,-9,-5.8,-7,-4.4,1,0.6,-255339,-4.4,-5055,-9.6,-528,-55.2,-36,-1.3
"13247","5","42383","77","0","2024","4","",13,191,194,196,5201574,113208,440,2066,"",1.64,2.45,2.48,2.51,3.03,1.99,0.90,1.22,"",1,8.3,0,0.0,4,2.1,7,3.7,346478,7.1,-30206,-21.1,-338,-43.4,100,5.1
"13247","5","423830","78","0","2024","4","",13,191,194,196,5201574,113208,440,2066,"",1.64,2.45,2.48,2.51,3.03,1.99,0.90,1.22,"",1,8.3,0,0.0,4,2.1,7,3.7,346478,7.1,-30206,-21.1,-338,-43.4,100,5.1
"13247","5","42384","77","0","2024","4","N",3,0,0,0,0,0,0,0,"N",1.03,0,0,0,0,0,0,0,"N",-1,-25.0,0,0,0,0,0,0,0,0,0,0,0,0,0,0
"13247","5","423840","78","0","2024","4","N",3,0,0,0,0,0,0,0,"N",1.03,0,0,0,0,0,0,0,"N",-1,-25.0,0,0,0,0,0,0,0,0,0,0,0,0,0,0
"13247","5","42385","77","0","2024","4","N",2,0,0,0,0,0,0,0,"N",1.39,0,0,0,0,0,0,0,"N",0,0.0,0,0,0,0,0,0,0,0,0,0,0,0,0,0
"13247","5","423850","78","0","2024","4","N",2,0,0,0,0,0,0,0,"N",1.39,0,0,0,0,0,0,0,"N",0,0.0,0,0,0,0,0,0,0,0,0,0,0,0,0,0
"13247","5","42386","77","0","2024","4","N",1,0,0,0,0,0,0,0,"N",0.96,0,0,0,0,0,0,0,"N",0,0.0,0,0,0,0,0,0,0,0,0,0,0,0,0,0
"13247","5","423860","78","0","2024","4","N",1,0,0,0,0,0,0,0,"N",0.96,0,0,0,0,0,0,0,"N",0,0.0,0,0,0,0,0,0,0,0,0,0,0,0,0,0
"13247","5","4239","76","0","2024","4","N",5,0,0,0,0,0,0,0,"N",0.53,0,0,0,0,0,0,0,"N",0,0.0,0,0,0,0,0,0,0,0,0,0,0,0,0,0
"13247","5","42391","77","0","2024","4","N",1,0,0,0,0,0,0,0,"N",0.51,0,0,0,0,0,0,0,"N",0,0.0,0,0,0,0,0,0,0,0,0,0,0,0,0,0
"13247","5","423910","78","0","2024","4","N",1,0,0,0,0,0,0,0,"N",0.51,0,0,0,0,0,0,0,"N",0,0.0,0,0,0,0,0,0,0,0,0,0,0,0,0,0
"13247","5","42392","77","0","2024","4","N",1,0,0,0,0,0,0,0,"N",1.45,0,0,0,0,0,0,0,"N",0,0.0,0,0,0,0,0,0,0,0,0,0,0,0,0,0
"13247","5","423920","78","0","2024","4","N",1,0,0,0,0,0,0,0,"N",1.45,0,0,0,0,0,0,0,"N",0,0.0,0,0,0,0,0,0,0,0,0,0,0,0,0,0
"13247","5","42393","77","0","2024","4","N",2,0,0,0,0,0,0,0,"N",1.18,0,0,0,0,0,0,0,"N",0,0.0,0,0,0,0,0,0,0,0,0,0,0,0,0,0
"13247","5","423930","78","0","2024","4","N",2,0,0,0,0,0,0,0,"N",1.18,0,0,0,0,0,0,0,"N",0,0.0,0,0,0,0,0,0,0,0,0,0,0,0,0,0
"13247","5","42394","77","0","2024","4","N",1,0,0,0,0,0,0,0,"N",0.63,0,0,0,0,0,0,0,"N",0,0.0,0,0,0,0,0,0,0,0,0,0,0,0,0,0
"13247","5","423940","78","0","2024","4","N",1,0,0,0,0,0,0,0,"N",0.63,0,0,0,0,0,0,0,"N",0,0.0,0,0,0,0,0,0,0,0,0,0,0,0,0,0
"13247","5","424","75","0","2024","4","",13,68,70,69,1523565,50416,854,1699,"",0.33,0.14,0.14,0.14,0.16,0.10,0.19,1.13,"",1,8.3,-9,-11.7,-3,-4.1,-4,-5.5,55358,3.8,-15817,-23.9,559,189.5,180,11.8
"13247","5","4241","76","0","2024","4","N",2,0,0,0,0,0,0,0,"N",0.98,0,0,0,0,0,0,0,"N",-1,-33.3,0,0,0,0,0,0,0,0,0,0,0,0,0,0
"13247","5","42413","77","0","2024","4","N",2,0,0,0,0,0,0,0,"N",1.87,0,0,0,0,0,0,0,"N",-1,-33.3,0,0,0,0,0,0,0,0,0,0,0,0,0,0
"13247","5","424130","78","0","2024","4","N",2,0,0,0,0,0,0,0,"N",1.87,0,0,0,0,0,0,0,"N",-1,-33.3,0,0,0,0,0,0,0,0,0,0,0,0,0,0
"13247","5","4242","76","0","2024","4","N",1,0,0,0,0,0,0,0,"N",0.20,0,0,0,0,0,0,0,"N",0,0.0,0,0,0,0,0,0,0,0,0,0,0,0,0,0
"13247","5","42421","77","0","2024","4","N",1,0,0,0,0,0,0,0,"N",0.20,0,0,0,0,0,0,0,"N",0,0.0,0,0,0,0,0,0,0,0,0,0,0,0,0,0
"13247","5","424210","78","0","2024","4","N",1,0,0,0,0,0,0,0,"N",0.20,0,0,0,0,0,0,0,"N",0,0.0,0,0,0,0,0,0,0,0,0,0,0,0,0,0
"13247","5","4243","76","0","2024","4","N",1,0,0,0,0,0,0,0,"N",0.28,0,0,0,0,0,0,0,"N",0,0.0,0,0,0,0,0,0,0,0,0,0,0,0,0,0
"13247","5","42431","77","0","2024","4","N",1,0,0,0,0,0,0,0,"N",1.24,0,0,0,0,0,0,0,"N",0,0.0,0,0,0,0,0,0,0,0,0,0,0,0,0,0
"13247","5","424310","78","0","2024","4","N",1,0,0,0,0,0,0,0,"N",1.24,0,0,0,0,0,0,0,"N",0,0.0,0,0,0,0,0,0,0,0,0,0,0,0,0,0
"13247","5","4244","76","0","2024","4","",4,5,5,5,63137,14415,127,971,"",0.37,0.03,0.03,0.03,0.02,0.07,0.07,0.76,"N",2,100.0,0,0,0,0,0,0,0,0,0,0,0,0,0,0
"13247","5","42441","77","0","2024","4","N",1,0,0,0,0,0,0,0,"N",0.52,0,0,0,0,0,0,0,"N",1,100.0,0,0,0,0,0,0,0,0,0,0,0,0,0,0
"13247","5","424410","78","0","2024","4","N",1,0,0,0,0,0,0,0,"N",0.52,0,0,0,0,0,0,0,"N",1,100.0,0,0,0,0,0,0,0,0,0,0,0,0,0,0
"13247","5","42445","77","0","2024","4","N",2,0,0,0,0,0,0,0,"N",2.38,0,0,0,0,0,0,0,"N",0,0.0,0,0,0,0,0,0,0,0,0,0,0,0,0,0
"13247","5","424450","78","0","2024","4","N",2,0,0,0,0,0,0,0,"N",2.38,0,0,0,0,0,0,0,"N",0,0.0,0,0,0,0,0,0,0,0,0,0,0,0,0,0
"13247","5","42449","77","0","2024","4","N",1,0,0,0,0,0,0,0,"N",0.24,0,0,0,0,0,0,0,"N",1,100.0,0,0,0,0,0,0,0,0,0,0,0,0,0,0
"13247","5","424490","78","0","2024","4","N",1,0,0,0,0,0,0,0,"N",0.24,0,0,0,0,0,0,0,"N",1,100.0,0,0,0,0,0,0,0,0,0,0,0,0,0,0
"13247","5","4246","76","0","2024","4","N",2,0,0,0,0,0,0,0,"N",0.50,0,0,0,0,0,0,0,"N",0,0.0,0,0,0,0,0,0,0,0,0,0,0,0,0,0
"13247","5","42461","77","0","2024","4","N",1,0,0,0,0,0,0,0,"N",1.05,0,0,0,0,0,0,0,"N",0,0.0,0,0,0,0,0,0,0,0,0,0,0,0,0,0
"13247","5","424610","78","0","2024","4","N",1,0,0,0,0,0,0,0,"N",1.05,0,0,0,0,0,0,0,"N",0,0.0,0,0,0,0,0,0,0,0,0,0,0,0,0,0
"13247","5","42469","77","0","2024","4","N",1,0,0,0,0,0,0,0,"N",0.33,0,0,0,0,0,0,0,"N",0,0.0,0,0,0,0,0,0,0,0,0,0,0,0,0,0
"13247","5","424690","78","0","2024","4","N",1,0,0,0,0,0,0,0,"N",0.33,0,0,0,0,0,0,0,"N",0,0.0,0,0,0,0,0,0,0,0,0,0,0,0,0,0
"13247","5","4247","76","0","2024","4","-",0,0,0,0,0,0,0,0,"N",0.00,0,0,0,0,0,0,0,"N",0,0,0,0,0,0,0,0,0,0,0,0,0,0,0,0
"13247","5","42472","77","0","2024","4","-",0,0,0,0,0,0,0,0,"N",0.00,0,0,0,0,0,0,0,"N",0,0,0,0,0,0,0,0,0,0,0,0,0,0,0,0
"13247","5","424720","78","0","2024","4","-",0,0,0,0,0,0,0,0,"N",0.00,0,0,0,0,0,0,0,"N",0,0,0,0,0,0,0,0,0,0,0,0,0,0,0,0
"13247","5","4249","76","0","2024","4","N",3,0,0,0,0,0,0,0,"N",0.36,0,0,0,0,0,0,0,"N",0,0.0,0,0,0,0,0,0,0,0,0,0,0,0,0,0
"13247","5","42493","77","0","2024","4","N",1,0,0,0,0,0,0,0,"N",1.23,0,0,0,0,0,0,0,"N",0,0.0,0,0,0,0,0,0,0,0,0,0,0,0,0,0
"13247","5","424930","78","0","2024","4","N",1,0,0,0,0,0,0,0,"N",1.23,0,0,0,0,0,0,0,"N",0,0.0,0,0,0,0,0,0,0,0,0,0,0,0,0,0
"13247","5","42494","77","0","2024","4","N",1,0,0,0,0,0,0,0,"N",1.95,0,0,0,0,0,0,0,"N",0,0.0,0,0,0,0,0,0,0,0,0,0,0,0,0,0
"13247","5","424940","78","0","2024","4","N",1,0,0,0,0,0,0,0,"N",1.95,0,0,0,0,0,0,0,"N",0,0.0,0,0,0,0,0,0,0,0,0,0,0,0,0,0
"13247","5","42499","77","0","2024","4","N",1,0,0,0,0,0,0,0,"N",0.31,0,0,0,0,0,0,0,"N",0,0.0,0,0,0,0,0,0,0,0,0,0,0,0,0,0
"13247","5","424990","78","0","2024","4","N",1,0,0,0,0,0,0,0,"N",0.31,0,0,0,0,0,0,0,"N",0,0.0,0,0,0,0,0,0,0,0,0,0,0,0,0,0
"13247","5","425","75","0","2024","4","",28,92,89,90,2621356,16378,43,2232,"",1.14,0.82,0.79,0.80,0.84,0.18,0.05,1.03,"",1,3.7,-18,-16.4,-20,-18.3,-41,-31.3,-1439486,-35.4,-188173,-92.0,-140,-76.5,-445,-16.6
"13247","5","4251","76","0","2024","4","",28,92,89,90,2621356,16378,43,2232,"",1.14,0.82,0.79,0.80,0.84,0.18,0.05,1.03,"",1,3.7,-18,-16.4,-20,-18.3,-41,-31.3,-1439486,-35.4,-188173,-92.0,-140,-76.5,-445,-16.6
"13247","5","42512","77","0","2024","4","",28,92,89,90,2621356,16378,43,2232,"",1.14,0.82,0.79,0.80,0.84,0.18,0.05,1.03,"",1,3.7,-18,-16.4,-20,-18.3,-41,-31.3,-1439486,-35.4,-188173,-92.0,-140,-76.5,-445,-16.6
"13247","5","425120","78","0","2024","4","",28,92,89,90,2621356,16378,43,2232,"",1.14,0.82,0.79,0.80,0.84,0.18,0.05,1.03,"",1,3.7,-18,-16.4,-20,-18.3,-41,-31.3,-1439486,-35.4,-188173,-92.0,-140,-76.5,-445,-16.6
"13247","5","44-45","74","0","2024","4","",315,4751,4925,4906,43905454,5222538,49793,695,"",1.38,1.36,1.38,1.37,1.38,1.28,1.60,1.01,"",5,1.6,-145,-3.0,-126,-2.5,-90,-1.8,-717966,-1.6,-305579,-5.5,4568,10.1,6,0.9
"13247","5","441","75","0","2024","4","",49,772,782,761,11611957,1056116,14132,1158,"",1.85,1.67,1.69,1.65,1.70,1.99,3.18,1.02,"",0,0.0,-7,-0.9,6,0.8,2,0.3,-63010,-0.5,133283,14.4,3679,35.2,-6,-0.5
"13247","5","4411","76","0","2024","4","",13,475,483,468,8480915,778185,12120,1372,"",1.29,1.63,1.66,1.62,1.69,2.41,4.16,1.04,"",-1,-7.1,45,10.5,57,13.4,51,12.2,753083,9.7,236227,43.6,5042,71.2,-29,-2.1
"13247","5","44111","77","0","2024","4","",4,369,365,369,7053242,449541,4787,1476,"",0.88,1.46,1.44,1.46,1.58,1.61,1.95,1.09,"",0,0.0,24,7.0,20,5.8,31,9.2,455136,6.9,78731,21.2,741,18.3,-5,-0.3
"13247","5","441110","78","0","2024","4","",4,369,365,369,7053242,449541,4787,1476,"",0.88,1.46,1.44,1.46,1.58,1.61,1.95,1.09,"",0,0.0,24,7.0,20,5.8,31,9.2,455136,6.9,78731,21.2,741,18.3,-5,-0.3
"13247","5","44112","77","0","2024","4","",9,106,118,99,1427673,328644,7333,1020,"",1.63,2.83,3.14,2.65,2.62,7.47,15.83,0.91,"",-1,-10.0,21,24.7,37,45.7,20,25.3,297947,26.4,157496,92.0,4301,141.9,-44,-4.1
"13247","5","441120","78","0","2024","4","",9,106,118,99,1427673,328644,7333,1020,"",1.63,2.83,3.14,2.65,2.62,7.47,15.83,0.91,"",-1,-10.0,21,24.7,37,45.7,20,25.3,297947,26.4,157496,92.0,4301,141.9,-44,-4.1
"13247","5","4412","76","0","2024","4","N",8,0,0,0,0,0,0,0,"N",2.44,0,0,0,0,0,0,0,"N",2,33.3,0,0,0,0,0,0,0,0,0,0,0,0,0,0
"13247","5","44121","77","0","2024","4","N",1,0,0,0,0,0,0,0,"N",1.50,0,0,0,0,0,0,0,"N",0,0.0,0,0,0,0,0,0,0,0,0,0,0,0,0,0
"13247","5","441210","78","0","2024","4","N",1,0,0,0,0,0,0,0,"N",1.50,0,0,0,0,0,0,0,"N",0,0.0,0,0,0,0,0,0,0,0,0,0,0,0,0,0
"13247","5","44122","77","0","2024","4","N",7,0,0,0,0,0,0,0,"N",2.68,0,0,0,0,0,0,0,"N",2,40.0,0,0,0,0,0,0,0,0,0,0,0,0,0,0
"13247","5","441227","78","0","2024","4","N",7,0,0,0,0,0,0,0,"N",4.25,0,0,0,0,0,0,0,"N",2,40.0,0,0,0,0,0,0,0,0,0,0,0,0,0,0
"13247","5","4413","76","0","2024","4","N",28,0,0,0,0,0,0,0,"N",2.12,0,0,0,0,0,0,0,"N",-1,-3.4,0,0,0,0,0,0,0,0,0,0,0,0,0,0
"13247","5","44133","77","0","2024","4","",18,123,123,123,988976,116850,381,618,"",2.05,1.37,1.36,1.37,1.24,1.12,0.56,0.91,"",-1,-5.3,-35,-22.2,-34,-21.7,-33,-21.2,-561185,-36.2,8631,8.0,-44,-10.4,-142,-18.7
"13247","5","441330","78","0","2024","4","",18,123,123,123,988976,116850,381,618,"",2.05,1.37,1.36,1.37,1.24,1.12,0.56,0.91,"",-1,-5.3,-35,-22.2,-34,-21.7,-33,-21.2,-561185,-36.2,8631,8.0,-44,-10.4,-142,-18.7
"13247","5","44134","77","0","2024","4","N",10,0,0,0,0,0,0,0,"N",2.26,0,0,0,0,0,0,0,"N",0,0.0,0,0,0,0,0,0,0,0,0,0,0,0,0,0
"13247","5","441340","78","0","2024","4","N",10,0,0,0,0,0,0,0,"N",2.26,0,0,0,0,0,0,0,"N",0,0.0,0,0,0,0,0,0,0,0,0,0,0,0,0,0
"13247","5","444","75","0","2024","4","",19,511,506,508,5009247,368397,5219,758,"",1.22,1.66,1.65,1.67,1.70,1.13,2.15,1.02,"",1,5.6,-6,-1.2,-18,-3.4,-14,-2.7,-104106,-2.0,-16357,-4.3,3316,174.3,3,0.4
"13247","5","4441","76","0","2024","4","",16,481,478,480,4808934,348660,4986,771,"",1.36,1.81,1.80,1.81,1.86,1.24,2.60,1.03,"",1,6.7,-7,-1.4,-16,-3.2,-14,-2.8,-85461,-1.7,-18609,-5.1,3293,194.5,6,0.8
"13247","5","44411","77","0","2024","4","N",3,0,0,0,0,0,0,0,"N",1.49,0,0,0,0,0,0,0,"N",0,0.0,0,0,0,0,0,0,0,0,0,0,0,0,0,0
"13247","5","444110","78","0","2024","4","N",3,0,0,0,0,0,0,0,"N",1.49,0,0,0,0,0,0,0,"N",0,0.0,0,0,0,0,0,0,0,0,0,0,0,0,0,0
"13247","5","44412","77","0","2024","4","N",2,0,0,0,0,0,0,0,"N",1.38,0,0,0,0,0,0,0,"N",0,0.0,0,0,0,0,0,0,0,0,0,0,0,0,0,0
"13247","5","444120","78","0","2024","4","N",2,0,0,0,0,0,0,0,"N",1.38,0,0,0,0,0,0,0,"N",0,0.0,0,0,0,0,0,0,0,0,0,0,0,0,0,0
"13247","5","44414","77","0","2024","4","N",5,0,0,0,0,0,0,0,"N",1.50,0,0,0,0,0,0,0,"N",1,25.0,0,0,0,0,0,0,0,0,0,0,0,0,0,0
"13247","5","444140","78","0","2024","4","N",5,0,0,0,0,0,0,0,"N",1.50,0,0,0,0,0,0,0,"N",1,25.0,0,0,0,0,0,0,0,0,0,0,0,0,0,0
"13247","5","44418","77","0","2024","4","",6,64,61,57,1190044,53054,783,1509,"",1.21,1.13,1.08,1.01,1.33,0.93,1.62,1.24,"N",0,0.0,0,0,0,0,0,0,0,0,0,0,0,0,0,0
"13247","5","444180","78","0","2024","4","",6,64,61,57,1190044,53054,783,1509,"",1.21,1.13,1.08,1.01,1.33,0.93,1.62,1.24,"N",0,0.0,0,0,0,0,0,0,0,0,0,0,0,0,0,0
"13247","5","4442","76","0","2024","4","",3,30,28,28,200313,19737,233,538,"",0.80,0.72,0.68,0.69,0.54,0.42,0.46,0.78,"",0,0.0,1,3.4,-2,-6.7,0,0.0,-18645,-8.5,2252,12.9,23,11.0,-43,-7.4
"13247","5","44423","77","0","2024","4","N",2,0,0,0,0,0,0,0,"N",2.49,0,0,0,0,0,0,0,"N",0,0.0,0,0,0,0,0,0,0,0,0,0,0,0,0,0
"13247","5","444230","78","0","2024","4","N",2,0,0,0,0,0,0,0,"N",2.49,0,0,0,0,0,0,0,"N",0,0.0,0,0,0,0,0,0,0,0,0,0,0,0,0,0
"13247","5","44424","77","0","2024","4","N",1,0,0,0,0,0,0,0,"N",0.34,0,0,0,0,0,0,0,"N",0,0.0,0,0,0,0,0,0,0,0,0,0,0,0,0,0
"13247","5","444240","78","0","2024","4","N",1,0,0,0,0,0,0,0,"N",0.34,0,0,0,0,0,0,0,"N",0,0.0,0,0,0,0,0,0,0,0,0,0,0,0,0,0
"13247","5","445","75","0","2024","4","",49,973,1027,990,7588002,1013058,8908,586,"",1.43,1.34,1.40,1.34,1.44,1.22,1.59,1.06,"",3,6.5,7,0.7,2,0.2,-32,-3.1,560466,8.0,-48495,-4.6,3282,58.3,48,8.9
"13247","5","4451","76","0","2024","4","",31,892,884,887,6664312,935739,7806,578,"",1.49,1.41,1.38,1.38,1.46,1.31,1.75,1.05,"",2,6.9,1,0.1,-29,-3.2,-40,-4.3,233009,3.6,-62986,-6.3,3197,69.4,35,6.4
"13247","5","44511","77","0","2024","4","",17,849,836,839,6409569,863519,6818,586,"",1.36,1.44,1.40,1.41,1.52,1.32,1.76,1.07,"",-1,-5.6,-13,-1.5,-46,-5.2,-58,-6.5,139916,2.2,-107861,-11.1,2225,48.4,38,6.9
"13247","5","445110","78","0","2024","4","",17,849,836,839,6409569,863519,6818,586,"",1.36,1.44,1.40,1.41,1.52,1.32,1.76,1.07,"",-1,-5.6,-13,-1.5,-46,-5.2,-58,-6.5,139916,2.2,-107861,-11.1,2225,48.4,38,6.9
"13247","5","44513","77","0","2024","4","",14,43,48,48,254743,72220,988,423,"",1.69,0.94,1.04,1.06,0.78,1.24,1.67,0.77,"",3,27.3,14,48.3,17,54.8,18,60.0,93093,57.6,44875,164.1,972,6075.0,9,2.2
"13247","5","445131","78","0","2024","4","",14,43,48,48,254743,72220,988,423,"",1.86,1.16,1.29,1.30,1.10,1.50,2.09,0.88,"",3,27.3,14,48.3,17,54.8,18,60.0,93093,57.6,44875,164.1,972,6075.0,9,2.2
"13247","5","4452","76","0","2024","4","",5,23,85,42,136419,18791,336,210,"",0.81,0.42,1.53,0.75,0.31,0.26,0.47,0.35,"",0,0.0,-1,-4.2,25,41.7,-3,-6.7,11213,9.0,-3513,-15.8,-66,-16.4,-14,-6.2
"13247","5","44524","77","0","2024","4","N",1,0,0,0,0,0,0,0,"N",0.69,0,0,0,0,0,0,0,"N",0,0.0,0,0,0,0,0,0,0,0,0,0,0,0,0,0
"13247","5","445240","78","0","2024","4","N",1,0,0,0,0,0,0,0,"N",0.69,0,0,0,0,0,0,0,"N",0,0.0,0,0,0,0,0,0,0,0,0,0,0,0,0,0
"13247","5","44525","77","0","2024","4","N",1,0,0,0,0,0,0,0,"N",2.09,0,0,0,0,0,0,0,"N",0,0.0,0,0,0,0,0,0,0,0,0,0,0,0,0,0
"13247","5","445250","78","0","2024","4","N",1,0,0,0,0,0,0,0,"N",2.09,0,0,0,0,0,0,0,"N",0,0.0,0,0,0,0,0,0,0,0,0,0,0,0,0,0
"13247","5","44529","77","0","2024","4","",3,13,13,12,50274,9775,45,305,"",0.85,0.47,0.45,0.41,0.24,0.25,0.11,0.54,"",0,0.0,0,0.0,2,18.2,0,0.0,162,0.3,-12529,-56.2,-357,-88.8,-16,-5.0
"13247","5","445291","78","0","2024","4","N",1,0,0,0,0,0,0,0,"N",1.77,0,0,0,0,0,0,0,"N",0,0.0,0,0,0,0,0,0,0,0,0,0,0,0,0,0
"13247","5","445292","78","0","2024","4","N",1,0,0,0,0,0,0,0,"N",1.49,0,0,0,0,0,0,0,"N",0,0.0,0,0,0,0,0,0,0,0,0,0,0,0,0,0
"13247","5","445298","78","0","2024","4","N",1,0,0,0,0,0,0,0,"N",0.44,0,0,0,0,0,0,0,"N",0,0.0,0,0,0,0,0,0,0,0,0,0,0,0,0,0
"13247","5","4453","76","0","2024","4","",13,58,58,61,787271,58528,766,1026,"",1.78,1.49,1.47,1.55,2.99,1.26,1.81,1.99,"",1,8.3,7,13.7,6,11.5,11,22.0,316244,67.1,18004,44.4,151,24.6,316,44.5
"13247","5","44532","77","0","2024","4","",13,58,58,61,787271,58528,766,1026,"",1.78,1.49,1.47,1.55,2.99,1.26,1.81,1.99,"",1,8.3,7,13.7,6,11.5,11,22.0,316244,67.1,18004,44.4,151,24.6,316,44.5
"13247","5","445320","78","0","2024","4","",13,58,58,61,787271,58528,766,1026,"",1.78,1.49,1.47,1.55,2.99,1.26,1.81,1.99,"",1,8.3,7,13.7,6,11.5,11,22.0,316244,67.1,18004,44.4,151,24.6,316,44.5
"13247","5","449","75","0","2024","4","",24,314,314,321,4004127,249594,1580,974,"",1.28,1.74,1.70,1.74,1.70,1.26,0.88,0.99,"",-3,-11.1,-25,-7.4,-56,-15.1,-34,-9.6,-313840,-7.3,-109658,-30.5,-2783,-63.8,37,3.9
"13247","5","4491","76","0","2024","4","",17,150,144,155,1291151,126097,1222,664,"",1.72,1.64,1.53,1.64,1.20,1.20,1.34,0.75,"",-1,-5.6,-31,-17.1,-46,-24.2,-33,-17.6,-155953,-10.8,-131710,-51.1,-2779,-69.5,67,11.2
"13247","5","44911","77","0","2024","4","",10,52,43,42,486296,32108,371,819,"",2.07,1.17,0.96,0.95,0.87,0.68,0.90,0.85,"",-1,-9.1,-8,-13.3,-16,-27.1,-19,-31.1,-110705,-18.5,-79540,-71.2,-1585,-81.0,54,7.1
"13247","5","449110","78","0","2024","4","",10,52,43,42,486296,32108,371,819,"",2.07,1.17,0.96,0.95,0.87,0.68,0.90,0.85,"",-1,-9.1,-8,-13.3,-16,-27.1,-19,-31.1,-110705,-18.5,-79540,-71.2,-1585,-81.0,54,7.1
"13247","5","44912","77","0","2024","4","",7,98,101,113,804855,93989,851,595,"",1.39,2.08,2.04,2.25,1.54,1.64,1.70,0.73,"",0,0.0,-23,-19.0,-30,-22.9,-14,-11.0,-45248,-5.3,-52170,-35.7,-1194,-58.4,77,14.9
"13247","5","449121","78","0","2024","4","N",3,0,0,0,0,0,0,0,"N",1.55,0,0,0,0,0,0,0,"N",0,0.0,0,0,0,0,0,0,0,0,0,0,0,0,0,0
"13247","5","449122","78","0","2024","4","N",1,0,0,0,0,0,0,0,"N",1.61,0,0,0,0,0,0,0,"N",0,0.0,0,0,0,0,0,0,0,0,0,0,0,0,0,0
"13247","5","449129","78","0","2024","4","N",3,0,0,0,0,0,0,0,"N",1.20,0,0,0,0,0,0,0,"N",0,0.0,0,0,0,0,0,0,0,0,0,0,0,0,0,0
"13247","5","4492","76","0","2024","4","",7,164,170,166,2712976,123497,358,1252,"",0.79,1.85,1.88,1.85,2.13,1.33,0.40,1.14,"",-2,-22.2,6,3.8,-10,-5.6,-1,-0.6,-157887,-5.5,22052,21.7,-4,-1.1,-60,-4.6
"13247","5","44921","77","0","2024","4","",7,164,170,166,2712976,123497,358,1252,"",0.79,1.85,1.88,1.85,2.13,1.33,0.40,1.14,"",-2,-22.2,6,3.8,-10,-5.6,-1,-0.6,-157887,-5.5,22052,21.7,-4,-1.1,-60,-4.6
"13247","5","449210","78","0","2024","4","",7,164,170,166,2712976,123497,358,1252,"",0.79,1.85,1.88,1.85,2.13,1.33,0.40,1.14,"",-2,-22.2,6,3.8,-10,-5.6,-1,-0.6,-157887,-5.5,22052,21.7,-4,-1.1,-60,-4.6
"13247","5","455","75","0","2024","4","",29,1028,1099,1125,6753587,1263122,9224,479,"",1.64,1.39,1.42,1.44,1.30,1.44,1.59,0.92,"",0,0.0,-30,-2.8,-38,-3.3,-2,-0.2,-319574,-4.5,-164426,-11.5,-2323,-20.1,-12,-2.4
"13247","5","4551","76","0","2024","4","",6,381,425,441,2168737,514206,4717,401,"",2.26,1.64,1.69,1.72,1.49,1.77,2.18,0.88,"",0,0.0,15,4.1,12,2.9,38,9.4,9425,0.4,4946,1.0,-318,-6.3,-21,-5.0
"13247","5","45511","77","0","2024","4","",6,381,425,441,2168737,514206,4717,401,"",2.26,1.64,1.69,1.72,1.49,1.77,2.18,0.88,"",0,0.0,15,4.1,12,2.9,38,9.4,9425,0.4,4946,1.0,-318,-6.3,-21,-5.0
"13247","5","455110","78","0","2024","4","",6,381,425,441,2168737,514206,4717,401,"",2.26,1.64,1.69,1.72,1.49,1.77,2.18,0.88,"",0,0.0,15,4.1,12,2.9,38,9.4,9425,0.4,4946,1.0,-318,-6.3,-21,-5.0
"13247","5","4552","76","0","2024","4","",23,647,674,684,4584850,748916,4507,528,"",1.53,1.27,1.29,1.31,1.23,1.28,1.24,0.95,"",0,0.0,-45,-6.5,-50,-6.9,-40,-5.5,-328999,-6.7,-169372,-18.4,-2005,-30.8,-2,-0.4
"13247","5","45521","77","0","2024","4","",23,647,674,684,4584850,748916,4507,528,"",1.53,1.27,1.29,1.31,1.23,1.28,1.24,0.95,"",0,0.0,-45,-6.5,-50,-6.9,-40,-5.5,-328999,-6.7,-169372,-18.4,-2005,-30.8,-2,-0.4
"13247","5","455211","78","0","2024","4","N",2,0,0,0,0,0,0,0,"N",1.47,0,0,0,0,0,0,0,"N",0,0.0,0,0,0,0,0,0,0,0,0,0,0,0,0,0
"13247","5","455219","78","0","2024","4","N",21,0,0,0,0,0,0,0,"N",1.53,0,0,0,0,0,0,0,"N",0,0.0,0,0,0,0,0,0,0,0,0,0,0,0,0,0
"13247","5","456","75","0","2024","4","",35,312,337,331,3281642,291298,3028,773,"",1.43,1.27,1.35,1.32,1.22,1.08,1.46,0.93,"",3,9.4,-12,-3.7,12,3.7,16,5.1,96650,3.0,19811,7.3,662,28.0,11,1.4
"13247","5","4561","76","0","2024","4","",35,312,337,331,3281642,291298,3028,773,"",1.43,1.27,1.35,1.32,1.22,1.08,1.46,0.93,"",3,9.4,-12,-3.7,12,3.7,16,5.1,96650,3.0,19811,7.3,662,28.0,11,1.4
"13247","5","45611","77","0","2024","4","",17,213,221,221,2685331,163932,1336,946,"",1.29,1.36,1.41,1.40,1.48,0.99,1.15,1.06,"",1,6.2,-8,-3.6,2,0.9,4,1.8,46302,1.8,3210,2.0,312,30.5,19,2.0
"13247","5","456110","78","0","2024","4","",17,213,221,221,2685331,163932,1336,946,"",1.29,1.36,1.41,1.40,1.48,0.99,1.15,1.06,"",1,6.2,-8,-3.6,2,0.9,4,1.8,46302,1.8,3210,2.0,312,30.5,19,2.0
"13247","5","45612","77","0","2024","4","",10,65,81,74,292971,107181,1416,307,"",2.33,1.42,1.66,1.50,0.89,1.99,2.97,0.58,"",1,11.1,-8,-11.0,3,3.8,4,5.7,31737,12.1,11537,12.1,131,10.2,34,12.5
"13247","5","456120","78","0","2024","4","",10,65,81,74,292971,107181,1416,307,"",2.33,1.42,1.66,1.50,0.89,1.99,2.97,0.58,"",1,11.1,-8,-11.0,3,3.8,4,5.7,31737,12.1,11537,12.1,131,10.2,34,12.5
"13247","5","45613","77","0","2024","4","N",2,0,0,0,0,0,0,0,"N",0.89,0,0,0,0,0,0,0,"N",0,0.0,0,0,0,0,0,0,0,0,0,0,0,0,0,0
"13247","5","456130","78","0","2024","4","N",2,0,0,0,0,0,0,0,"N",0.89,0,0,0,0,0,0,0,"N",0,0.0,0,0,0,0,0,0,0,0,0,0,0,0,0,0
"13247","5","45619","77","0","2024","4","N",6,0,0,0,0,0,0,0,"N",1.27,0,0,0,0,0,0,0,"N",1,20.0,0,0,0,0,0,0,0,0,0,0,0,0,0,0
"13247","5","456191","78","0","2024","4","",3,12,13,13,61660,12438,217,374,"",1.35,1.12,1.22,1.22,0.51,0.99,1.90,0.43,"N",1,50.0,0,0,0,0,0,0,0,0,0,0,0,0,0,0
"13247","5","456199","78","0","2024","4","N",3,0,0,0,0,0,0,0,"N",1.19,0,0,0,0,0,0,0,"N",0,0.0,0,0,0,0,0,0,0,0,0,0,0,0,0,0
"13247","5","457","75","0","2024","4","",45,203,217,216,1623078,237081,3357,589,"",1.78,0.86,0.92,0.92,0.93,0.76,1.47,1.04,"",-2,-4.3,-24,-10.6,-3,-1.4,2,0.9,-100683,-5.8,-55231,-18.9,-890,-21.0,-13,-2.2
"13247","5","4571","76","0","2024","4","N",44,0,0,0,0,0,0,0,"N",1.86,0,0,0,0,0,0,0,"N",-2,-4.3,0,0,0,0,0,0,0,0,0,0,0,0,0,0
"13247","5","45711","77","0","2024","4","",39,186,197,195,1399204,208231,2554,559,"",1.80,0.93,0.99,0.98,1.07,0.78,1.35,1.11,"",-3,-7.1,-21,-10.1,-2,-1.0,3,1.6,-107648,-7.1,-66791,-24.3,-1180,-31.6,-22,-3.8
"13247","5","457110","78","0","2024","4","",39,186,197,195,1399204,208231,2554,559,"",1.80,0.93,0.99,0.98,1.07,0.78,1.35,1.11,"",-3,-7.1,-21,-10.1,-2,-1.0,3,1.6,-107648,-7.1,-66791,-24.3,-1180,-31.6,-22,-3.8
"13247","5","45712","77","0","2024","4","N",5,0,0,0,0,0,0,0,"N",2.53,0,0,0,0,0,0,0,"N",1,25.0,0,0,0,0,0,0,0,0,0,0,0,0,0,0
"13247","5","457120","78","0","2024","4","N",5,0,0,0,0,0,0,0,"N",2.53,0,0,0,0,0,0,0,"N",1,25.0,0,0,0,0,0,0,0,0,0,0,0,0,0,0
"13247","5","4572","76","0","2024","4","N",1,0,0,0,0,0,0,0,"N",0.62,0,0,0,0,0,0,0,"N",0,0.0,0,0,0,0,0,0,0,0,0,0,0,0,0,0
"13247","5","45721","77","0","2024","4","N",1,0,0,0,0,0,0,0,"N",0.62,0,0,0,0,0,0,0,"N",0,0.0,0,0,0,0,0,0,0,0,0,0,0,0,0,0
"13247","5","457210","78","0","2024","4","N",1,0,0,0,0,0,0,0,"N",0.62,0,0,0,0,0,0,0,"N",0,0.0,0,0,0,0,0,0,0,0,0,0,0,0,0,0
"13247","5","458","75","0","2024","4","",26,215,222,236,1587158,283114,1564,544,"",1.02,0.83,0.81,0.83,0.80,0.89,0.54,0.97,"",2,8.3,-12,-5.3,-5,-2.2,5,2.2,-296354,-15.7,-44227,-13.5,-702,-31.0,-91,-14.3
"13247","5","4581","76","0","2024","4","",18,159,168,178,660619,238840,1414,302,"",1.02,0.83,0.82,0.85,0.49,0.99,0.63,0.59,"",2,12.5,-7,-4.2,3,1.8,7,4.1,15878,2.5,-5442,-2.2,-48,-3.3,6,2.0
"13247","5","45811","77","0","2024","4","",18,159,168,178,660619,238840,1414,302,"",1.02,0.83,0.82,0.85,0.49,0.99,0.63,0.59,"",2,12.5,-7,-4.2,3,1.8,7,4.1,15878,2.5,-5442,-2.2,-48,-3.3,6,2.0
"13247","5","458110","78","0","2024","4","",18,159,168,178,660619,238840,1414,302,"",1.02,0.83,0.82,0.85,0.49,0.99,0.63,0.59,"",2,12.5,-7,-4.2,3,1.8,7,4.1,15878,2.5,-5442,-2.2,-48,-3.3,6,2.0
"13247","5","4582","76","0","2024","4","",5,44,41,43,770435,29279,144,1389,"",1.53,1.16,1.02,1.03,3.02,0.67,0.40,2.83,"",0,0.0,-3,-6.4,-5,-10.9,-1,-2.3,-293301,-27.6,-38761,-57.0,-651,-81.9,-403,-22.5
"13247","5","45821","77","0","2024","4","",5,44,41,43,770435,29279,144,1389,"",1.53,1.16,1.02,1.03,3.02,0.67,0.40,2.83,"",0,0.0,-3,-6.4,-5,-10.9,-1,-2.3,-293301,-27.6,-38761,-57.0,-651,-81.9,-403,-22.5
"13247","5","458210","78","0","2024","4","",5,44,41,43,770435,29279,144,1389,"",1.53,1.16,1.02,1.03,3.02,0.67,0.40,2.83,"",0,0.0,-3,-6.4,-5,-10.9,-1,-2.3,-293301,-27.6,-38761,-57.0,-651,-81.9,-403,-22.5
"13247","5","4583","76","0","2024","4","",3,12,13,15,156104,14995,6,901,"",0.66,0.43,0.44,0.49,0.43,0.46,0.02,0.94,"",0,0.0,-2,-14.3,-3,-18.8,-1,-6.2,-18931,-10.8,-24,-0.2,-3,-33.3,23,2.6
"13247","5","45831","77","0","2024","4","",3,12,13,15,156104,14995,6,901,"",0.70,0.47,0.49,0.54,0.48,0.51,0.02,0.95,"",0,0.0,-2,-14.3,-3,-18.8,-1,-6.2,-18931,-10.8,-24,-0.2,-3,-33.3,23,2.6
"13247","5","458310","78","0","2024","4","",3,12,13,15,156104,14995,6,901,"",0.70,0.47,0.49,0.54,0.48,0.51,0.02,0.95,"",0,0.0,-2,-14.3,-3,-18.8,-1,-6.2,-18931,-10.8,-24,-0.2,-3,-33.3,23,2.6
"13247","5","459","75","0","2024","4","",39,423,421,418,2446656,460758,2781,447,"",0.97,1.23,1.21,1.19,0.88,1.10,0.74,0.73,"",1,2.6,-36,-7.8,-26,-5.8,-33,-7.3,-177515,-6.8,-20279,-4.2,327,13.3,1,0.2
"13247","5","4591","76","0","2024","4","",11,189,191,195,940060,222916,1003,377,"",1.14,1.73,1.65,1.67,1.24,1.60,1.00,0.73,"",-2,-15.4,-16,-7.8,-14,-6.8,-11,-5.3,-149693,-13.7,-9061,-3.9,-89,-8.2,-31,-7.6
"13247","5","45911","77","0","2024","4","N",4,0,0,0,0,0,0,0,"N",0.75,0,0,0,0,0,0,0,"N",-2,-33.3,0,0,0,0,0,0,0,0,0,0,0,0,0,0
"13247","5","459110","78","0","2024","4","N",4,0,0,0,0,0,0,0,"N",0.75,0,0,0,0,0,0,0,"N",-2,-33.3,0,0,0,0,0,0,0,0,0,0,0,0,0,0
"13247","5","45912","77","0","2024","4","",4,69,74,75,454271,122291,575,481,"",1.47,2.37,2.34,2.36,2.45,2.94,1.92,1.04,"",0,0.0,0,0.0,0,0.0,2,2.7,15976,3.6,10270,9.2,73,14.5,13,2.8
"13247","5","459120","78","0","2024","4","",4,69,74,75,454271,122291,575,481,"",1.47,2.37,2.34,2.36,2.45,2.94,1.92,1.04,"",0,0.0,0,0.0,0,0.0,2,2.7,15976,3.6,10270,9.2,73,14.5,13,2.8
"13247","5","45913","77","0","2024","4","N",1,0,0,0,0,0,0,0,"N",1.15,0,0,0,0,0,0,0,"N",0,0.0,0,0,0,0,0,0,0,0,0,0,0,0,0,0
"13247","5","459130","78","0","2024","4","N",1,0,0,0,0,0,0,0,"N",1.15,0,0,0,0,0,0,0,"N",0,0.0,0,0,0,0,0,0,0,0,0,0,0,0,0,0
"13247","5","45914","77","0","2024","4","N",2,0,0,0,0,0,0,0,"N",2.55,0,0,0,0,0,0,0,"N",0,0.0,0,0,0,0,0,0,0,0,0,0,0,0,0,0
"13247","5","459140","78","0","2024","4","N",2,0,0,0,0,0,0,0,"N",2.55,0,0,0,0,0,0,0,"N",0,0.0,0,0,0,0,0,0,0,0,0,0,0,0,0,0
"13247","5","4592","76","0","2024","4","N",1,0,0,0,0,0,0,0,"N",0.60,0,0,0,0,0,0,0,"N",0,0.0,0,0,0,0,0,0,0,0,0,0,0,0,0,0
"13247","5","45921","77","0","2024","4","N",1,0,0,0,0,0,0,0,"N",0.60,0,0,0,0,0,0,0,"N",0,0.0,0,0,0,0,0,0,0,0,0,0,0,0,0,0
"13247","5","459210","78","0","2024","4","N",1,0,0,0,0,0,0,0,"N",0.60,0,0,0,0,0,0,0,"N",0,0.0,0,0,0,0,0,0,0,0,0,0,0,0,0,0
"13247","5","4593","76","0","2024","4","N",2,0,0,0,0,0,0,0,"N",0.77,0,0,0,0,0,0,0,"N",1,100.0,0,0,0,0,0,0,0,0,0,0,0,0,0,0
"13247","5","45931","77","0","2024","4","N",2,0,0,0,0,0,0,0,"N",0.77,0,0,0,0,0,0,0,"N",1,100.0,0,0,0,0,0,0,0,0,0,0,0,0,0,0
"13247","5","459310","78","0","2024","4","N",2,0,0,0,0,0,0,0,"N",0.77,0,0,0,0,0,0,0,"N",1,100.0,0,0,0,0,0,0,0,0,0,0,0,0,0,0
"13247","5","4594","76","0","2024","4","",6,41,38,35,221715,51510,802,449,"",1.12,0.87,0.84,0.78,0.64,0.95,1.63,0.77,"",0,0.0,-12,-22.6,-11,-22.4,-13,-27.1,-34251,-13.4,-6475,-11.2,351,77.8,55,14.0
"13247","5","45941","77","0","2024","4","N",1,0,0,0,0,0,0,0,"N",0.78,0,0,0,0,0,0,0,"N",0,0.0,0,0,0,0,0,0,0,0,0,0,0,0,0,0
"13247","5","459410","78","0","2024","4","N",1,0,0,0,0,0,0,0,"N",0.78,0,0,0,0,0,0,0,"N",0,0.0,0,0,0,0,0,0,0,0,0,0,0,0,0,0
"13247","5","45942","77","0","2024","4","N",5,0,0,0,0,0,0,0,"N",1.22,0,0,0,0,0,0,0,"N",0,0.0,0,0,0,0,0,0,0,0,0,0,0,0,0,0
"13247","5","459420","78","0","2024","4","N",5,0,0,0,0,0,0,0,"N",1.22,0,0,0,0,0,0,0,"N",0,0.0,0,0,0,0,0,0,0,0,0,0,0,0,0,0
"13247","5","4595","76","0","2024","4","N",4,0,0,0,0,0,0,0,"N",0.98,0,0,0,0,0,0,0,"N",0,0.0,0,0,0,0,0,0,0,0,0,0,0,0,0,0
"13247","5","45951","77","0","2024","4","N",4,0,0,0,0,0,0,0,"N",0.98,0,0,0,0,0,0,0,"N",0,0.0,0,0,0,0,0,0,0,0,0,0,0,0,0,0
"13247","5","459510","78","0","2024","4","N",4,0,0,0,0,0,0,0,"N",0.98,0,0,0,0,0,0,0,"N",0,0.0,0,0,0,0,0,0,0,0,0,0,0,0,0,0
"13247","5","4599","76","0","2024","4","",15,96,93,94,715032,96000,692,583,"",0.89,0.87,0.84,0.85,0.61,0.64,0.44,0.71,"",2,15.4,-2,-2.0,-2,-2.1,-1,-1.1,55836,8.5,-14821,-13.4,-128,-15.6,55,10.4
"13247","5","45991","77","0","2024","4","N",2,0,0,0,0,0,0,0,"N",0.84,0,0,0,0,0,0,0,"N",0,0.0,0,0,0,0,0,0,0,0,0,0,0,0,0,0
"13247","5","459910","78","0","2024","4","N",2,0,0,0,0,0,0,0,"N",0.84,0,0,0,0,0,0,0,"N",0,0.0,0,0,0,0,0,0,0,0,0,0,0,0,0,0
"13247","5","45992","77","0","2024","4","N",1,0,0,0,0,0,0,0,"N",0.90,0,0,0,0,0,0,0,"N",0,0.0,0,0,0,0,0,0,0,0,0,0,0,0,0,0
"13247","5","459920","78","0","2024","4","N",1,0,0,0,0,0,0,0,"N",0.90,0,0,0,0,0,0,0,"N",0,0.0,0,0,0,0,0,0,0,0,0,0,0,0,0,0
"13247","5","45999","77","0","2024","4","",12,41,42,41,308170,34021,515,574,"",0.92,0.56,0.58,0.57,0.39,0.32,0.41,0.68,"",2,20.0,-2,-4.7,-1,-2.3,-2,-4.7,1427,0.5,-8224,-19.5,41,8.6,25,4.6
"13247","5","459991","78","0","2024","4","",7,34,35,34,248163,32124,513,556,"",1.19,1.07,1.09,1.07,1.04,0.60,0.79,0.97,"N",2,40.0,0,0,0,0,0,0,0,0,0,0,0,0,0,0
"13247","5","459999","78","0","2024","4","",5,7,7,7,60007,1897,2,659,"",0.71,0.17,0.17,0.17,0.11,0.04,0.00,0.63,"N",0,0.0,0,0,0,0,0,0,0,0,0,0,0,0,0,0
"13247","5","48-49","74","0","2024","4","",124,1019,1027,1041,15283469,1337559,21350,1143,"",1.81,0.68,0.66,0.66,0.70,0.66,0.97,1.04,"",20,19.2,15,1.5,-3,-0.3,13,1.3,623745,4.3,-68092,-4.8,255,1.2,38,3.4
"13247","5","484","75","0","2024","4","",87,682,686,687,10712602,745352,7089,1203,"",2.31,1.99,2.00,2.02,2.16,1.85,1.78,1.07,"",18,26.1,10,1.5,4,0.6,-1,-0.1,150930,1.4,29912,4.2,-3474,-32.9,9,0.8
"13247","5","4841","76","0","2024","4","",68,570,574,577,8452487,703637,6612,1133,"",2.59,2.38,2.38,2.41,2.44,2.53,2.50,1.02,"",16,30.8,3,0.5,-2,-0.3,-5,-0.9,-9630,-0.1,50467,7.7,-3208,-32.7,1,0.1
"13247","5","48411","77","0","2024","4","",8,69,68,69,986746,67225,944,1105,"",0.78,1.04,1.02,1.04,1.11,0.78,0.91,1.07,"",-2,-20.0,-32,-31.7,-41,-37.6,-40,-36.7,-411558,-29.4,-150389,-69.1,-3924,-80.6,93,9.2
"13247","5","484110","78","0","2024","4","",8,69,68,69,986746,67225,944,1105,"",0.78,1.04,1.02,1.04,1.11,0.78,0.91,1.07,"",-2,-20.0,-32,-31.7,-41,-37.6,-40,-36.7,-411558,-29.4,-150389,-69.1,-3924,-80.6,93,9.2
"13247","5","48412","77","0","2024","4","",60,501,506,508,7465741,636412,5668,1137,"",3.74,2.88,2.90,2.93,2.90,3.30,3.53,1.00,"",18,42.9,35,7.5,39,8.4,35,7.4,401928,5.7,200856,46.1,716,14.5,-22,-1.9
"13247","5","484121","78","0","2024","4","",28,399,399,397,6081970,555432,4147,1175,"",2.10,3.40,3.39,3.40,3.71,3.73,3.51,1.09,"",0,0.0,25,6.7,25,6.7,17,4.5,239482,4.1,238187,75.1,1081,35.3,-20,-1.7
"13247","5","484122","78","0","2024","4","",32,102,107,111,1383771,80980,1521,998,"",11.76,1.81,1.89,1.97,1.48,1.86,3.59,0.78,"",18,128.6,10,10.9,14,15.1,18,19.4,162446,13.3,-37331,-31.6,-365,-19.4,-16,-1.6
"13247","5","4842","76","0","2024","4","",19,112,112,110,2260115,41715,477,1562,"",1.68,1.10,1.10,1.10,1.50,0.33,0.36,1.37,"",2,11.8,7,6.7,6,5.7,4,3.8,160560,7.6,-20555,-33.0,-266,-35.8,34,2.2
"13247","5","48421","77","0","2024","4","N",1,0,0,0,0,0,0,0,"N",0.47,0,0,0,0,0,0,0,"N",1,100.0,0,0,0,0,0,0,0,0,0,0,0,0,0,0
"13247","5","484210","78","0","2024","4","N",1,0,0,0,0,0,0,0,"N",0.47,0,0,0,0,0,0,0,"N",1,100.0,0,0,0,0,0,0,0,0,0,0,0,0,0,0
"13247","5","48422","77","0","2024","4","",10,48,49,47,688791,27458,431,1104,"",1.54,0.93,0.95,0.94,0.89,0.43,0.54,0.95,"N",0,0.0,0,0,0,0,0,0,0,0,0,0,0,0,0,0
"13247","5","484220","78","0","2024","4","",10,48,49,47,688791,27458,431,1104,"",1.54,0.93,0.95,0.94,0.89,0.43,0.54,0.95,"N",0,0.0,0,0,0,0,0,0,0,0,0,0,0,0,0,0
"13247","5","48423","77","0","2024","4","N",8,0,0,0,0,0,0,0,"N",2.94,0,0,0,0,0,0,0,"N",1,14.3,0,0,0,0,0,0,0,0,0,0,0,0,0,0
"13247","5","484230","78","0","2024","4","N",8,0,0,0,0,0,0,0,"N",2.94,0,0,0,0,0,0,0,"N",1,14.3,0,0,0,0,0,0,0,0,0,0,0,0,0,0
"13247","5","485","75","0","2024","4","N",2,0,0,0,0,0,0,0,"N",0.42,0,0,0,0,0,0,0,"N",1,100.0,0,0,0,0,0,0,0,0,0,0,0,0,0,0
"13247","5","4853","76","0","2024","4","N",1,0,0,0,0,0,0,0,"N",0.62,0,0,0,0,0,0,0,"N",1,100.0,0,0,0,0,0,0,0,0,0,0,0,0,0,0
"13247","5","48532","77","0","2024","4","N",1,0,0,0,0,0,0,0,"N",1.09,0,0,0,0,0,0,0,"N",1,100.0,0,0,0,0,0,0,0,0,0,0,0,0,0,0
"13247","5","485320","78","0","2024","4","N",1,0,0,0,0,0,0,0,"N",1.09,0,0,0,0,0,0,0,"N",1,100.0,0,0,0,0,0,0,0,0,0,0,0,0,0,0
"13247","5","4859","76","0","2024","4","N",1,0,0,0,0,0,0,0,"N",0.60,0,0,0,0,0,0,0,"N",0,0.0,0,0,0,0,0,0,0,0,0,0,0,0,0,0
"13247","5","48599","77","0","2024","4","N",1,0,0,0,0,0,0,0,"N",0.60,0,0,0,0,0,0,0,"N",0,0.0,0,0,0,0,0,0,0,0,0,0,0,0,0,0
"13247","5","485991","78","0","2024","4","N",1,0,0,0,0,0,0,0,"N",1.07,0,0,0,0,0,0,0,"N",0,0.0,0,0,0,0,0,0,0,0,0,0,0,0,0,0
"13247","5","488","75","0","2024","4","",22,264,268,284,3687301,487046,11423,1043,"",1.78,1.42,1.43,1.51,1.25,2.26,5.02,0.86,"",0,0.0,74,38.9,80,42.6,100,54.3,1200217,48.3,226394,86.9,5348,88.0,22,2.2
"13247","5","4884","76","0","2024","4","",8,74,75,76,1340008,71024,508,1374,"",2.50,2.85,2.87,2.92,4.14,2.07,1.41,1.44,"",-1,-11.1,7,10.4,8,11.9,13,20.6,208116,18.4,19875,38.9,-7,-1.4,48,3.6
"13247","5","48841","77","0","2024","4","",4,63,64,65,1142508,63848,314,1373,"",1.75,3.81,3.86,3.94,5.67,3.08,1.58,1.46,"",-1,-20.0,8,14.5,9,16.4,13,25.0,216169,23.3,13579,27.0,-177,-36.0,53,4.0
"13247","5","488410","78","0","2024","4","",4,63,64,65,1142508,63848,314,1373,"",1.75,3.81,3.86,3.94,5.67,3.08,1.58,1.46,"",-1,-20.0,8,14.5,9,16.4,13,25.0,216169,23.3,13579,27.0,-177,-36.0,53,4.0
"13247","5","48849","77","0","2024","4","",4,11,11,11,197500,7176,194,1381,"",4.38,1.16,1.15,1.15,1.62,0.53,1.20,1.40,"",0,0.0,-1,-8.3,-1,-8.3,0,0.0,-8053,-3.9,6296,715.5,170,708.3,26,1.9
"13247","5","488490","78","0","2024","4","",4,11,11,11,197500,7176,194,1381,"",4.38,1.16,1.15,1.15,1.62,0.53,1.20,1.40,"",0,0.0,-1,-8.3,-1,-8.3,0,0.0,-8053,-3.9,6296,715.5,170,708.3,26,1.9
"13247","5","4885","76","0","2024","4","",10,154,157,174,1746546,373520,9809,831,"",1.89,2.61,2.65,2.93,1.63,6.73,16.73,0.60,"",1,11.1,61,65.6,64,68.8,81,87.1,913530,109.7,173292,86.5,4389,81.0,142,20.6
"13247","5","48851","77","0","2024","4","",10,154,157,174,1746546,373520,9809,831,"",1.89,2.61,2.65,2.93,1.63,6.73,16.73,0.60,"",1,11.1,61,65.6,64,68.8,81,87.1,913530,109.7,173292,86.5,4389,81.0,142,20.6
"13247","5","488510","78","0","2024","4","",10,154,157,174,1746546,373520,9809,831,"",1.89,2.61,2.65,2.93,1.63,6.73,16.73,0.60,"",1,11.1,61,65.6,64,68.8,81,87.1,913530,109.7,173292,86.5,4389,81.0,142,20.6
"13247","5","4889","76","0","2024","4","",4,36,36,34,600747,42502,1106,1308,"",5.08,4.17,4.17,3.94,5.20,3.97,9.29,1.27,"",0,0.0,6,20.0,8,28.6,6,21.4,78571,15.0,33227,358.2,966,690.0,-93,-6.6
"13247","5","48899","77","0","2024","4","",4,36,36,34,600747,42502,1106,1308,"",5.08,4.17,4.17,3.94,5.20,3.97,9.29,1.27,"",0,0.0,6,20.0,8,28.6,6,21.4,78571,15.0,33227,358.2,966,690.0,-93,-6.6
"13247","5","488991","78","0","2024","4","N",1,0,0,0,0,0,0,0,"N",3.33,0,0,0,0,0,0,0,"N",0,0.0,0,0,0,0,0,0,0,0,0,0,0,0,0,0
"13247","5","488999","78","0","2024","4","N",3,0,0,0,0,0,0,0,"N",6.16,0,0,0,0,0,0,0,"N",0,0.0,0,0,0,0,0,0,0,0,0,0,0,0,0,0
"13247","5","491","75","0","2024","4","N",1,0,0,0,0,0,0,0,"N",4.60,0,0,0,0,0,0,0,"N",1,100.0,0,0,0,0,0,0,0,0,0,0,0,0,0,0
"13247","5","4911","76","0","2024","4","N",1,0,0,0,0,0,0,0,"N",4.60,0,0,0,0,0,0,0,"N",1,100.0,0,0,0,0,0,0,0,0,0,0,0,0,0,0
"13247","5","49111","77","0","2024","4","N",1,0,0,0,0,0,0,0,"N",4.60,0,0,0,0,0,0,0,"N",1,100.0,0,0,0,0,0,0,0,0,0,0,0,0,0,0
"13247","5","491110","78","0","2024","4","N",1,0,0,0,0,0,0,0,"N",4.60,0,0,0,0,0,0,0,"N",1,100.0,0,0,0,0,0,0,0,0,0,0,0,0,0,0
"13247","5","492","75","0","2024","4","N",2,0,0,0,0,0,0,0,"N",0.41,0,0,0,0,0,0,0,"N",-1,-33.3,0,0,0,0,0,0,0,0,0,0,0,0,0,0
"13247","5","4921","76","0","2024","4","N",2,0,0,0,0,0,0,0,"N",0.67,0,0,0,0,0,0,0,"N",0,0.0,0,0,0,0,0,0,0,0,0,0,0,0,0,0
"13247","5","49211","77","0","2024","4","N",2,0,0,0,0,0,0,0,"N",0.67,0,0,0,0,0,0,0,"N",0,0.0,0,0,0,0,0,0,0,0,0,0,0,0,0,0
"13247","5","492110","78","0","2024","4","N",2,0,0,0,0,0,0,0,"N",0.67,0,0,0,0,0,0,0,"N",0,0.0,0,0,0,0,0,0,0,0,0,0,0,0,0,0
"13247","5","493","75","0","2024","4","",10,69,69,68,859634,97665,2636,963,"",2.04,0.16,0.15,0.15,0.16,0.16,0.42,1.01,"",1,11.1,-1,-1.4,-3,-4.2,-7,-9.3,-71820,-7.7,8958,10.1,633,31.6,-28,-2.8
"13247","5","4931","76","0","2024","4","",10,69,69,68,859634,97665,2636,963,"",2.04,0.16,0.15,0.15,0.16,0.16,0.42,1.01,"",1,11.1,-1,-1.4,-3,-4.2,-7,-9.3,-71820,-7.7,8958,10.1,633,31.6,-28,-2.8
"13247","5","49311","77","0","2024","4","N",8,0,0,0,0,0,0,0,"N",2.15,0,0,0,0,0,0,0,"N",-1,-11.1,0,0,0,0,0,0,0,0,0,0,0,0,0,0
"13247","5","493110","78","0","2024","4","N",8,0,0,0,0,0,0,0,"N",2.15,0,0,0,0,0,0,0,"N",-1,-11.1,0,0,0,0,0,0,0,0,0,0,0,0,0,0
"13247","5","49319","77","0","2024","4","N",2,0,0,0,0,0,0,0,"N",3.43,0,0,0,0,0,0,0,"N",2,100.0,0,0,0,0,0,0,0,0,0,0,0,0,0,0
"13247","5","493190","78","0","2024","4","N",2,0,0,0,0,0,0,0,"N",3.43,0,0,0,0,0,0,0,"N",2,100.0,0,0,0,0,0,0,0,0,0,0,0,0,0,0
"13247","5","51","74","0","2024","4","",31,503,508,500,12691803,171373,1735,1938,"",0.49,0.78,0.77,0.77,0.53,0.32,0.24,0.68,"",10,47.6,-28,-5.3,-9,-1.7,-13,-2.5,538043,4.4,-16162,-8.6,903,108.5,141,7.8
"13247","5","512","75","0","2024","4","N",7,0,0,0,0,0,0,0,"N",0.80,0,0,0,0,0,0,0,"N",1,16.7,0,0,0,0,0,0,0,0,0,0,0,0,0,0
"13247","5","5121","76","0","2024","4","N",6,0,0,0,0,0,0,0,"N",0.79,0,0,0,0,0,0,0,"N",1,20.0,0,0,0,0,0,0,0,0,0,0,0,0,0,0
"13247","5","51211","77","0","2024","4","N",4,0,0,0,0,0,0,0,"N",0.73,0,0,0,0,0,0,0,"N",0,0.0,0,0,0,0,0,0,0,0,0,0,0,0,0,0
"13247","5","512110","78","0","2024","4","N",4,0,0,0,0,0,0,0,"N",0.73,0,0,0,0,0,0,0,"N",0,0.0,0,0,0,0,0,0,0,0,0,0,0,0,0,0
"13247","5","51212","77","0","2024","4","N",1,0,0,0,0,0,0,0,"N",5.59,0,0,0,0,0,0,0,"N",1,100.0,0,0,0,0,0,0,0,0,0,0,0,0,0,0
"13247","5","512120","78","0","2024","4","N",1,0,0,0,0,0,0,0,"N",5.59,0,0,0,0,0,0,0,"N",1,100.0,0,0,0,0,0,0,0,0,0,0,0,0,0,0
"13247","5","51213","77","0","2024","4","N",1,0,0,0,0,0,0,0,"N",1.12,0,0,0,0,0,0,0,"N",0,0.0,0,0,0,0,0,0,0,0,0,0,0,0,0,0
"13247","5","512131","78","0","2024","4","N",1,0,0,0,0,0,0,0,"N",1.18,0,0,0,0,0,0,0,"N",0,0.0,0,0,0,0,0,0,0,0,0,0,0,0,0,0
"13247","5","5122","76","0","2024","4","N",1,0,0,0,0,0,0,0,"N",0.86,0,0,0,0,0,0,0,"N",0,0.0,0,0,0,0,0,0,0,0,0,0,0,0,0,0
"13247","5","51225","77","0","2024","4","N",1,0,0,0,0,0,0,0,"N",3.41,0,0,0,0,0,0,0,"N",0,0.0,0,0,0,0,0,0,0,0,0,0,0,0,0,0
"13247","5","512250","78","0","2024","4","N",1,0,0,0,0,0,0,0,"N",3.41,0,0,0,0,0,0,0,"N",0,0.0,0,0,0,0,0,0,0,0,0,0,0,0,0,0
"13247","5","513","75","0","2024","4","",13,25,27,25,340540,70084,439,1021,"",0.48,0.12,0.13,0.12,0.04,0.42,0.23,0.34,"",9,225.0,0,0.0,1,3.8,2,8.7,169581,99.2,52542,299.5,-88,-16.7,488,91.6
"13247","5","5131","76","0","2024","4","N",1,0,0,0,0,0,0,0,"N",0.16,0,0,0,0,0,0,0,"N",0,0.0,0,0,0,0,0,0,0,0,0,0,0,0,0,0
"13247","5","51319","77","0","2024","4","N",1,0,0,0,0,0,0,0,"N",0.73,0,0,0,0,0,0,0,"N",0,0.0,0,0,0,0,0,0,0,0,0,0,0,0,0,0
"13247","5","513199","78","0","2024","4","N",1,0,0,0,0,0,0,0,"N",0.75,0,0,0,0,0,0,0,"N",0,0.0,0,0,0,0,0,0,0,0,0,0,0,0,0,0
"13247","5","5132","76","0","2024","4","N",12,0,0,0,0,0,0,0,"N",0.57,0,0,0,0,0,0,0,"N",9,300.0,0,0,0,0,0,0,0,0,0,0,0,0,0,0
"13247","5","51321","77","0","2024","4","N",12,0,0,0,0,0,0,0,"N",0.57,0,0,0,0,0,0,0,"N",9,300.0,0,0,0,0,0,0,0,0,0,0,0,0,0,0
"13247","5","513210","78","0","2024","4","N",12,0,0,0,0,0,0,0,"N",0.57,0,0,0,0,0,0,0,"N",9,300.0,0,0,0,0,0,0,0,0,0,0,0,0,0,0
"13247","5","516","75","0","2024","4","N",2,0,0,0,0,0,0,0,"N",0.45,0,0,0,0,0,0,0,"N",0,0.0,0,0,0,0,0,0,0,0,0,0,0,0,0,0
"13247","5","5162","76","0","2024","4","N",2,0,0,0,0,0,0,0,"N",0.63,0,0,0,0,0,0,0,"N",0,0.0,0,0,0,0,0,0,0,0,0,0,0,0,0,0
"13247","5","51621","77","0","2024","4","N",2,0,0,0,0,0,0,0,"N",0.63,0,0,0,0,0,0,0,"N",0,0.0,0,0,0,0,0,0,0,0,0,0,0,0,0,0
"13247","5","516210","78","0","2024","4","N",2,0,0,0,0,0,0,0,"N",0.63,0,0,0,0,0,0,0,"N",0,0.0,0,0,0,0,0,0,0,0,0,0,0,0,0,0
"13247","5","517","75","0","2024","4","N",7,0,0,0,0,0,0,0,"N",0.93,0,0,0,0,0,0,0,"N",0,0.0,0,0,0,0,0,0,0,0,0,0,0,0,0,0
"13247","5","5171","76","0","2024","4","N",7,0,0,0,0,0,0,0,"N",1.13,0,0,0,0,0,0,0,"N",0,0.0,0,0,0,0,0,0,0,0,0,0,0,0,0,0
"13247","5","51711","77","0","2024","4","N",7,0,0,0,0,0,0,0,"N",1.34,0,0,0,0,0,0,0,"N",0,0.0,0,0,0,0,0,0,0,0,0,0,0,0,0,0
"13247","5","517111","78","0","2024","4","N",6,0,0,0,0,0,0,0,"N",1.56,0,0,0,0,0,0,0,"N",0,0.0,0,0,0,0,0,0,0,0,0,0,0,0,0,0
"13247","5","517112","78","0","2024","4","N",1,0,0,0,0,0,0,0,"N",0.72,0,0,0,0,0,0,0,"N",0,0.0,0,0,0,0,0,0,0,0,0,0,0,0,0,0
"13247","5","518","75","0","2024","4","N",1,0,0,0,0,0,0,0,"N",0.08,0,0,0,0,0,0,0,"N",-1,-50.0,0,0,0,0,0,0,0,0,0,0,0,0,0,0
"13247","5","5182","76","0","2024","4","N",1,0,0,0,0,0,0,0,"N",0.08,0,0,0,0,0,0,0,"N",-1,-50.0,0,0,0,0,0,0,0,0,0,0,0,0,0,0
"13247","5","51821","77","0","2024","4","N",1,0,0,0,0,0,0,0,"N",0.08,0,0,0,0,0,0,0,"N",-1,-50.0,0,0,0,0,0,0,0,0,0,0,0,0,0,0
"13247","5","518210","78","0","2024","4","N",1,0,0,0,0,0,0,0,"N",0.08,0,0,0,0,0,0,0,"N",-1,-50.0,0,0,0,0,0,0,0,0,0,0,0,0,0,0
"13247","5","519","75","0","2024","4","N",1,0,0,0,0,0,0,0,"N",0.28,0,0,0,0,0,0,0,"N",1,100.0,0,0,0,0,0,0,0,0,0,0,0,0,0,0
"13247","5","5192","76","0","2024","4","N",1,0,0,0,0,0,0,0,"N",0.28,0,0,0,0,0,0,0,"N",1,100.0,0,0,0,0,0,0,0,0,0,0,0,0,0,0
"13247","5","51929","77","0","2024","4","N",1,0,0,0,0,0,0,0,"N",0.32,0,0,0,0,0,0,0,"N",1,100.0,0,0,0,0,0,0,0,0,0,0,0,0,0,0
"13247","5","519290","78","0","2024","4","N",1,0,0,0,0,0,0,0,"N",0.32,0,0,0,0,0,0,0,"N",1,100.0,0,0,0,0,0,0,0,0,0,0,0,0,0,0
"13247","5","52","74","0","2024","4","",127,667,654,612,10703178,500105,4071,1278,"",1.02,0.47,0.46,0.43,0.26,0.50,0.44,0.57,"",-1,-0.8,-175,-20.8,-182,-21.8,-227,-27.1,-3236614,-23.2,-359686,-41.8,-1307,-24.3,0,0.0
"13247","5","522","75","0","2024","4","",49,281,279,245,4425929,192777,2601,1269,"",1.19,0.49,0.48,0.42,0.34,0.49,0.74,0.73,"",1,2.1,-57,-16.9,-52,-15.7,-91,-27.1,-1256531,-22.1,-32173,-14.3,666,34.4,-36,-2.8
"13247","5","5221","76","0","2024","4","",21,160,161,147,2511213,41762,231,1238,"",0.92,0.40,0.40,0.37,0.30,0.16,0.13,0.77,"N",1,5.0,0,0,0,0,0,0,0,0,0,0,0,0,0,0
"13247","5","52211","77","0","2024","4","",18,135,136,123,2236149,36568,203,1310,"",1.07,0.44,0.44,0.40,0.33,0.21,0.17,0.76,"",1,5.9,-9,-6.2,-10,-6.8,-21,-14.6,-508769,-18.5,2328,6.8,61,43.0,-150,-10.3
"13247","5","522110","78","0","2024","4","",18,135,136,123,2236149,36568,203,1310,"",1.07,0.44,0.44,0.40,0.33,0.21,0.17,0.76,"",1,5.9,-9,-6.2,-10,-6.8,-21,-14.6,-508769,-18.5,2328,6.8,61,43.0,-150,-10.3
"13247","5","52213","77","0","2024","4","",3,25,25,24,275064,5194,28,858,"",0.69,0.36,0.35,0.34,0.25,0.08,0.07,0.72,"N",0,0.0,0,0,0,0,0,0,0,0,0,0,0,0,0,0
"13247","5","522130","78","0","2024","4","",3,25,25,24,275064,5194,28,858,"",0.69,0.36,0.35,0.34,0.25,0.08,0.07,0.72,"N",0,0.0,0,0,0,0,0,0,0,0,0,0,0,0,0,0
"13247","5","5222","76","0","2024","4","",23,117,113,94,1844007,147787,2339,1313,"",2.09,1.03,0.99,0.83,0.64,1.69,2.22,0.67,"N",-2,-8.0,0,0,0,0,0,0,0,0,0,0,0,0,0,0
"13247","5","52222","77","0","2024","4","N",1,0,0,0,0,0,0,0,"N",0.73,0,0,0,0,0,0,0,"N",0,0.0,0,0,0,0,0,0,0,0,0,0,0,0,0,0
"13247","5","522220","78","0","2024","4","N",1,0,0,0,0,0,0,0,"N",0.73,0,0,0,0,0,0,0,"N",0,0.0,0,0,0,0,0,0,0,0,0,0,0,0,0,0
"13247","5","52229","77","0","2024","4","N",22,0,0,0,0,0,0,0,"N",2.34,0,0,0,0,0,0,0,"N",-2,-8.3,0,0,0,0,0,0,0,0,0,0,0,0,0,0
"13247","5","522291","78","0","2024","4","",8,57,54,52,576458,35618,160,816,"",2.42,2.83,2.66,2.57,1.23,1.89,0.91,0.46,"",-1,-11.1,-11,-16.2,-13,-19.4,-17,-24.6,-173695,-23.2,-44757,-55.7,-232,-59.2,-33,-3.9
"13247","5","522292","78","0","2024","4","N",4,0,0,0,0,0,0,0,"N",1.02,0,0,0,0,0,0,0,"N",-2,-33.3,0,0,0,0,0,0,0,0,0,0,0,0,0,0
"13247","5","522299","78","0","2024","4","",10,36,36,37,629628,85743,2026,1333,"",4.58,1.84,1.84,1.89,1.40,5.91,18.81,0.75,"N",1,11.1,0,0,0,0,0,0,0,0,0,0,0,0,0,0
"13247","5","5223","76","0","2024","4","",5,4,5,4,70709,3228,31,1255,"",0.68,0.06,0.08,0.06,0.04,0.07,0.05,0.59,"",2,66.7,-1,-20.0,1,25.0,-1,-20.0,11548,19.5,467,16.9,-44,-58.7,280,28.7
"13247","5","52231","77","0","2024","4","N",3,0,0,0,0,0,0,0,"N",0.81,0,0,0,0,0,0,0,"N",1,50.0,0,0,0,0,0,0,0,0,0,0,0,0,0,0
"13247","5","522310","78","0","2024","4","N",3,0,0,0,0,0,0,0,"N",0.81,0,0,0,0,0,0,0,"N",1,50.0,0,0,0,0,0,0,0,0,0,0,0,0,0,0
"13247","5","52232","77","0","2024","4","N",1,0,0,0,0,0,0,0,"N",0.49,0,0,0,0,0,0,0,"N",1,100.0,0,0,0,0,0,0,0,0,0,0,0,0,0,0
"13247","5","522320","78","0","2024","4","N",1,0,0,0,0,0,0,0,"N",0.49,0,0,0,0,0,0,0,"N",1,100.0,0,0,0,0,0,0,0,0,0,0,0,0,0,0
"13247","5","52239","77","0","2024","4","N",1,0,0,0,0,0,0,0,"N",0.63,0,0,0,0,0,0,0,"N",0,0.0,0,0,0,0,0,0,0,0,0,0,0,0,0,0
"13247","5","522390","78","0","2024","4","N",1,0,0,0,0,0,0,0,"N",0.63,0,0,0,0,0,0,0,"N",0,0.0,0,0,0,0,0,0,0,0,0,0,0,0,0,0
"13247","5","523","75","0","2024","4","N",25,0,0,0,0,0,0,0,"N",0.76,0,0,0,0,0,0,0,"N",1,4.2,0,0,0,0,0,0,0,0,0,0,0,0,0,0
"13247","5","5231","76","0","2024","4","",13,15,16,15,429684,6758,19,2156,"",1.43,0.14,0.15,0.14,0.07,0.12,0.04,0.48,"N",1,8.3,0,0,0,0,0,0,0,0,0,0,0,0,0,0
"13247","5","52315","77","0","2024","4","N",12,0,0,0,0,0,0,0,"N",1.44,0,0,0,0,0,0,0,"N",0,0.0,0,0,0,0,0,0,0,0,0,0,0,0,0,0
"13247","5","523150","78","0","2024","4","N",12,0,0,0,0,0,0,0,"N",1.44,0,0,0,0,0,0,0,"N",0,0.0,0,0,0,0,0,0,0,0,0,0,0,0,0,0
"13247","5","52316","77","0","2024","4","N",1,0,0,0,0,0,0,0,"N",1.31,0,0,0,0,0,0,0,"N",1,100.0,0,0,0,0,0,0,0,0,0,0,0,0,0,0
"13247","5","523160","78","0","2024","4","N",1,0,0,0,0,0,0,0,"N",1.31,0,0,0,0,0,0,0,"N",1,100.0,0,0,0,0,0,0,0,0,0,0,0,0,0,0
"13247","5","5239","76","0","2024","4","N",12,0,0,0,0,0,0,0,"N",0.51,0,0,0,0,0,0,0,"N",0,0.0,0,0,0,0,0,0,0,0,0,0,0,0,0,0
"13247","5","52391","77","0","2024","4","N",1,0,0,0,0,0,0,0,"N",0.48,0,0,0,0,0,0,0,"N",0,0.0,0,0,0,0,0,0,0,0,0,0,0,0,0,0
"13247","5","523910","78","0","2024","4","N",1,0,0,0,0,0,0,0,"N",0.48,0,0,0,0,0,0,0,"N",0,0.0,0,0,0,0,0,0,0,0,0,0,0,0,0,0
"13247","5","52394","77","0","2024","4","",11,16,16,12,268574,12768,139,1409,"",0.58,0.14,0.14,0.10,0.03,0.14,0.14,0.27,"N",0,0.0,0,0,0,0,0,0,0,0,0,0,0,0,0,0
"13247","5","523940","78","0","2024","4","",11,16,16,12,268574,12768,139,1409,"",0.58,0.14,0.14,0.10,0.03,0.14,0.14,0.27,"N",0,0.0,0,0,0,0,0,0,0,0,0,0,0,0,0,0
"13247","5","524","75","0","2024","4","",52,355,343,340,5578991,287802,1312,1240,"",1.07,0.60,0.58,0.58,0.44,0.68,0.36,0.75,"",-3,-5.5,-117,-24.8,-130,-27.5,-132,-28.0,-2019359,-26.6,-315281,-52.3,-1582,-54.7,3,0.2
"13247","5","5241","76","0","2024","4","",5,28,28,28,685701,9366,33,1884,"",0.66,0.10,0.10,0.10,0.12,0.06,0.03,1.12,"",0,0.0,5,21.7,4,16.7,5,21.7,199220,41.0,-10130,-52.0,-212,-86.5,280,17.5
"13247","5","52411","77","0","2024","4","N",1,0,0,0,0,0,0,0,"N",0.34,0,0,0,0,0,0,0,"N",0,0.0,0,0,0,0,0,0,0,0,0,0,0,0,0,0
"13247","5","524113","78","0","2024","4","N",1,0,0,0,0,0,0,0,"N",0.89,0,0,0,0,0,0,0,"N",0,0.0,0,0,0,0,0,0,0,0,0,0,0,0,0,0
"13247","5","52412","77","0","2024","4","N",4,0,0,0,0,0,0,0,"N",0.92,0,0,0,0,0,0,0,"N",0,0.0,0,0,0,0,0,0,0,0,0,0,0,0,0,0
"13247","5","524126","78","0","2024","4","N",4,0,0,0,0,0,0,0,"N",1.49,0,0,0,0,0,0,0,"N",0,0.0,0,0,0,0,0,0,0,0,0,0,0,0,0,0
"13247","5","5242","76","0","2024","4","",47,327,315,312,4893290,278436,1279,1184,"",1.15,1.03,0.99,0.99,0.73,1.06,0.54,0.73,"",-3,-6.0,-122,-27.2,-134,-29.8,-137,-30.5,-2218579,-31.2,-305151,-52.3,-1370,-51.7,-34,-2.8
"13247","5","52421","77","0","2024","4","N",43,0,0,0,0,0,0,0,"N",1.25,0,0,0,0,0,0,0,"N",-1,-2.3,0,0,0,0,0,0,0,0,0,0,0,0,0,0
"13247","5","524210","78","0","2024","4","N",43,0,0,0,0,0,0,0,"N",1.25,0,0,0,0,0,0,0,"N",-1,-2.3,0,0,0,0,0,0,0,0,0,0,0,0,0,0
"13247","5","52429","77","0","2024","4","N",4,0,0,0,0,0,0,0,"N",0.63,0,0,0,0,0,0,0,"N",-2,-33.3,0,0,0,0,0,0,0,0,0,0,0,0,0,0
"13247","5","524291","78","0","2024","4","N",3,0,0,0,0,0,0,0,"N",1.64,0,0,0,0,0,0,0,"N",0,0.0,0,0,0,0,0,0,0,0,0,0,0,0,0,0
"13247","5","524292","78","0","2024","4","N",1,0,0,0,0,0,0,0,"N",0.48,0,0,0,0,0,0,0,"N",-1,-50.0,0,0,0,0,0,0,0,0,0,0,0,0,0,0
"13247","5","525","75","0","2024","4","N",1,0,0,0,0,0,0,0,"N",0.45,0,0,0,0,0,0,0,"N",0,0.0,0,0,0,0,0,0,0,0,0,0,0,0,0,0
"13247","5","5251","76","0","2024","4","N",1,0,0,0,0,0,0,0,"N",2.24,0,0,0,0,0,0,0,"N",0,0.0,0,0,0,0,0,0,0,0,0,0,0,0,0,0
"13247","5","52512","77","0","2024","4","N",1,0,0,0,0,0,0,0,"N",6.25,0,0,0,0,0,0,0,"N",0,0.0,0,0,0,0,0,0,0,0,0,0,0,0,0,0
"13247","5","525120","78","0","2024","4","N",1,0,0,0,0,0,0,0,"N",6.25,0,0,0,0,0,0,0,"N",0,0.0,0,0,0,0,0,0,0,0,0,0,0,0,0,0
"13247","5","53","74","0","2024","4","",105,621,614,621,15154062,644780,4277,1884,"",0.99,1.13,1.12,1.13,1.61,1.06,0.68,1.43,"",8,8.2,5,0.8,39,6.8,-42,-6.3,-548252,-3.5,63001,10.8,-1296,-23.3,-70,-3.6
"13247","5","531","75","0","2024","4","",75,253,248,245,8678806,197124,1189,2685,"",0.81,0.61,0.60,0.59,1.19,0.42,0.24,1.99,"",7,10.3,16,6.8,15,6.4,-8,-3.2,-1307064,-13.1,-435,-0.2,-585,-33.0,-502,-15.8
"13247","5","5311","76","0","2024","4","",32,76,76,76,874983,92146,868,886,"",1.22,0.53,0.53,0.53,0.38,0.62,0.57,0.73,"",3,10.3,6,8.6,6,8.6,3,4.1,8585,1.0,-15246,-14.2,-197,-18.5,-53,-5.6
"13247","5","53111","77","0","2024","4","",11,25,25,26,281496,51138,556,855,"",0.78,0.30,0.30,0.31,0.24,0.58,0.61,0.79,"",2,22.2,8,47.1,8,47.1,8,44.4,97807,53.2,8712,20.5,182,48.7,40,4.9
"13247","5","531110","78","0","2024","4","",11,25,25,26,281496,51138,556,855,"",0.78,0.30,0.30,0.31,0.24,0.58,0.61,0.79,"",2,22.2,8,47.1,8,47.1,8,44.4,97807,53.2,8712,20.5,182,48.7,40,4.9
"13247","5","53112","77","0","2024","4","",11,25,25,25,345870,16340,132,1064,"",1.89,0.68,0.69,0.68,0.44,0.50,0.37,0.64,"",0,0.0,1,4.2,1,4.2,0,0.0,-25369,-6.8,-16562,-50.3,-217,-62.2,-110,-9.4
"13247","5","531120","78","0","2024","4","",11,25,25,25,345870,16340,132,1064,"",1.89,0.68,0.69,0.68,0.44,0.50,0.37,0.64,"",0,0.0,1,4.2,1,4.2,0,0.0,-25369,-6.8,-16562,-50.3,-217,-62.2,-110,-9.4
"13247","5","53113","77","0","2024","4","N",8,0,0,0,0,0,0,0,"N",1.99,0,0,0,0,0,0,0,"N",1,14.3,0,0,0,0,0,0,0,0,0,0,0,0,0,0
"13247","5","531130","78","0","2024","4","N",8,0,0,0,0,0,0,0,"N",1.99,0,0,0,0,0,0,0,"N",1,14.3,0,0,0,0,0,0,0,0,0,0,0,0,0,0
"13247","5","53119","77","0","2024","4","N",2,0,0,0,0,0,0,0,"N",0.89,0,0,0,0,0,0,0,"N",0,0.0,0,0,0,0,0,0,0,0,0,0,0,0,0,0
"13247","5","531190","78","0","2024","4","N",2,0,0,0,0,0,0,0,"N",0.89,0,0,0,0,0,0,0,"N",0,0.0,0,0,0,0,0,0,0,0,0,0,0,0,0,0
"13247","5","5312","76","0","2024","4","",23,121,116,111,5495301,75482,123,3644,"",0.66,1.49,1.43,1.36,3.18,0.68,0.11,2.22,"",2,9.5,15,14.2,13,12.6,-4,-3.5,-1695690,-23.6,19650,35.2,-238,-65.9,-1478,-28.9
"13247","5","53121","77","0","2024","4","",23,121,116,111,5495301,75482,123,3644,"",0.66,1.49,1.43,1.36,3.18,0.68,0.11,2.22,"",2,9.5,15,14.2,13,12.6,-4,-3.5,-1695690,-23.6,19650,35.2,-238,-65.9,-1478,-28.9
"13247","5","531210","78","0","2024","4","",23,121,116,111,5495301,75482,123,3644,"",0.66,1.49,1.43,1.36,3.18,0.68,0.11,2.22,"",2,9.5,15,14.2,13,12.6,-4,-3.5,-1695690,-23.6,19650,35.2,-238,-65.9,-1478,-28.9
"13247","5","5313","76","0","2024","4","",20,56,56,58,2308522,29496,198,3134,"",0.64,0.30,0.30,0.31,0.71,0.14,0.09,2.36,"",2,11.1,-5,-8.2,-4,-6.7,-7,-10.8,380041,19.7,-4839,-14.1,-150,-43.1,741,31.0
"13247","5","53131","77","0","2024","4","",13,49,49,51,2264202,25957,197,3507,"",0.60,0.30,0.30,0.32,0.88,0.14,0.10,2.86,"",0,0.0,-6,-10.9,-5,-9.3,-8,-13.6,365614,19.3,-4478,-14.7,-148,-42.9,899,34.5
"13247","5","531311","78","0","2024","4","",8,28,28,30,494395,25957,197,1327,"",0.48,0.23,0.23,0.25,0.29,0.17,0.13,1.22,"",0,0.0,-5,-15.2,-5,-15.2,-7,-18.9,-31924,-6.1,-4478,-14.7,-148,-42.9,148,12.6
"13247","5","531312","78","0","2024","4","",5,21,21,21,1769807,0,0,6483,"",1.00,0.54,0.53,0.54,2.10,0.00,0.00,3.92,"",0,0.0,-1,-4.5,0,0.0,-1,-4.5,397538,29.0,0,0.0,0,0.0,1611,33.1
"13247","5","53132","77","0","2024","4","N",4,0,0,0,0,0,0,0,"N",1.45,0,0,0,0,0,0,0,"N",1,33.3,0,0,0,0,0,0,0,0,0,0,0,0,0,0
"13247","5","531320","78","0","2024","4","N",4,0,0,0,0,0,0,0,"N",1.45,0,0,0,0,0,0,0,"N",1,33.3,0,0,0,0,0,0,0,0,0,0,0,0,0,0
"13247","5","53139","77","0","2024","4","N",3,0,0,0,0,0,0,0,"N",0.43,0,0,0,0,0,0,0,"N",1,50.0,0,0,0,0,0,0,0,0,0,0,0,0,0,0
"13247","5","531390","78","0","2024","4","N",3,0,0,0,0,0,0,0,"N",0.43,0,0,0,0,0,0,0,"N",1,50.0,0,0,0,0,0,0,0,0,0,0,0,0,0,0
"13247","5","532","75","0","2024","4","",30,368,366,376,6475256,447656,3088,1346,"",2.38,2.83,2.85,2.95,3.30,3.44,2.22,1.15,"",1,3.4,-11,-2.9,24,7.0,-34,-8.3,758812,13.3,63436,16.5,-711,-18.7,180,15.4
"13247","5","5321","76","0","2024","4","",15,215,218,223,3665305,328614,2259,1289,"",3.82,4.46,4.53,4.65,5.93,7.01,5.65,1.30,"",0,0.0,-27,-11.2,0,0.0,-10,-4.3,-91271,-2.4,99483,43.4,151,7.2,38,3.0
"13247","5","53211","77","0","2024","4","",6,27,26,25,250783,14376,71,742,"",2.62,1.01,0.97,0.94,0.80,0.53,0.31,0.82,"N",0,0.0,0,0,0,0,0,0,0,0,0,0,0,0,0,0
"13247","5","532111","78","0","2024","4","",6,27,26,25,250783,14376,71,742,"",2.85,1.12,1.08,1.04,0.97,0.57,0.33,0.90,"N",0,0.0,0,0,0,0,0,0,0,0,0,0,0,0,0,0
"13247","5","53212","77","0","2024","4","",9,188,192,198,3414522,314238,2188,1363,"",5.53,8.78,8.96,9.28,11.19,15.72,12.81,1.24,"N",0,0.0,0,0,0,0,0,0,0,0,0,0,0,0,0,0
"13247","5","532120","78","0","2024","4","",9,188,192,198,3414522,314238,2188,1363,"",5.53,8.78,8.96,9.28,11.19,15.72,12.81,1.24,"N",0,0.0,0,0,0,0,0,0,0,0,0,0,0,0,0,0
"13247","5","5322","76","0","2024","4","N",7,0,0,0,0,0,0,0,"N",1.84,0,0,0,0,0,0,0,"N",1,16.7,0,0,0,0,0,0,0,0,0,0,0,0,0,0
"13247","5","53228","77","0","2024","4","N",7,0,0,0,0,0,0,0,"N",2.00,0,0,0,0,0,0,0,"N",1,16.7,0,0,0,0,0,0,0,0,0,0,0,0,0,0
"13247","5","532282","78","0","2024","4","N",1,0,0,0,0,0,0,0,"N",10.10,0,0,0,0,0,0,0,"N",0,0.0,0,0,0,0,0,0,0,0,0,0,0,0,0,0
"13247","5","532283","78","0","2024","4","N",2,0,0,0,0,0,0,0,"N",3.42,0,0,0,0,0,0,0,"N",0,0.0,0,0,0,0,0,0,0,0,0,0,0,0,0,0
"13247","5","532284","78","0","2024","4","N",1,0,0,0,0,0,0,0,"N",1.40,0,0,0,0,0,0,0,"N",0,0.0,0,0,0,0,0,0,0,0,0,0,0,0,0,0
"13247","5","532289","78","0","2024","4","N",3,0,0,0,0,0,0,0,"N",1.54,0,0,0,0,0,0,0,"N",1,50.0,0,0,0,0,0,0,0,0,0,0,0,0,0,0
"13247","5","5323","76","0","2024","4","N",1,0,0,0,0,0,0,0,"N",1.35,0,0,0,0,0,0,0,"N",0,0.0,0,0,0,0,0,0,0,0,0,0,0,0,0,0
"13247","5","53231","77","0","2024","4","N",1,0,0,0,0,0,0,0,"N",1.35,0,0,0,0,0,0,0,"N",0,0.0,0,0,0,0,0,0,0,0,0,0,0,0,0,0
"13247","5","532310","78","0","2024","4","N",1,0,0,0,0,0,0,0,"N",1.35,0,0,0,0,0,0,0,"N",0,0.0,0,0,0,0,0,0,0,0,0,0,0,0,0,0
"13247","5","5324","76","0","2024","4","",7,93,89,93,2081410,60442,569,1747,"",1.71,2.06,1.98,2.07,2.34,1.44,1.15,1.15,"",0,0.0,18,24.0,15,20.3,-21,-18.4,751809,56.5,-25079,-29.3,-670,-54.1,580,49.7
"13247","5","53241","77","0","2024","4","N",2,0,0,0,0,0,0,0,"N",1.10,0,0,0,0,0,0,0,"N",-1,-33.3,0,0,0,0,0,0,0,0,0,0,0,0,0,0
"13247","5","532412","78","0","2024","4","N",2,0,0,0,0,0,0,0,"N",1.22,0,0,0,0,0,0,0,"N",-1,-33.3,0,0,0,0,0,0,0,0,0,0,0,0,0,0
"13247","5","53249","77","0","2024","4","N",5,0,0,0,0,0,0,0,"N",2.45,0,0,0,0,0,0,0,"N",1,25.0,0,0,0,0,0,0,0,0,0,0,0,0,0,0
"13247","5","532490","78","0","2024","4","N",5,0,0,0,0,0,0,0,"N",2.45,0,0,0,0,0,0,0,"N",1,25.0,0,0,0,0,0,0,0,0,0,0,0,0,0,0
"13247","5","54","74","0","2024","4","",239,1793,1736,1660,37250011,1880975,18240,1657,"",0.64,0.73,0.71,0.68,0.53,0.87,0.76,0.75,"",29,13.8,174,10.7,190,12.3,137,9.0,3264445,9.6,-519898,-21.7,-32044,-63.7,-16,-1.0
"13247","5","541","75","0","2024","4","",239,1793,1736,1660,37250011,1880975,18240,1657,"",0.64,0.73,0.71,0.68,0.53,0.87,0.76,0.75,"",29,13.8,174,10.7,190,12.3,137,9.0,3264445,9.6,-519898,-21.7,-32044,-63.7,-16,-1.0
"13247","5","5411","76","0","2024","4","",42,144,142,147,3082547,172723,703,1643,"",0.93,0.53,0.52,0.54,0.31,0.73,0.31,0.58,"",-1,-2.3,49,51.6,51,56.0,53,56.4,528567,20.7,49454,40.1,8,1.2,-462,-21.9
"13247","5","54111","77","0","2024","4","N",39,0,0,0,0,0,0,0,"N",0.96,0,0,0,0,0,0,0,"N",-2,-4.9,0,0,0,0,0,0,0,0,0,0,0,0,0,0
"13247","5","541110","78","0","2024","4","N",39,0,0,0,0,0,0,0,"N",0.96,0,0,0,0,0,0,0,"N",-2,-4.9,0,0,0,0,0,0,0,0,0,0,0,0,0,0
"13247","5","54119","77","0","2024","4","N",3,0,0,0,0,0,0,0,"N",0.66,0,0,0,0,0,0,0,"N",1,50.0,0,0,0,0,0,0,0,0,0,0,0,0,0,0
"13247","5","541191","78","0","2024","4","N",1,0,0,0,0,0,0,0,"N",0.46,0,0,0,0,0,0,0,"N",0,0.0,0,0,0,0,0,0,0,0,0,0,0,0,0,0
"13247","5","541199","78","0","2024","4","N",2,0,0,0,0,0,0,0,"N",0.83,0,0,0,0,0,0,0,"N",1,100.0,0,0,0,0,0,0,0,0,0,0,0,0,0,0
"13247","5","5412","76","0","2024","4","",54,177,222,215,3221870,260232,1423,1211,"",1.35,0.70,0.86,0.82,0.55,1.04,0.49,0.69,"",5,10.2,-74,-29.5,13,6.2,-26,-10.8,-1220733,-27.5,-63394,-19.6,-175,-11.0,-252,-17.2
"13247","5","54121","77","0","2024","4","",54,177,222,215,3221870,260232,1423,1211,"",1.35,0.70,0.86,0.82,0.55,1.04,0.49,0.69,"",5,10.2,-74,-29.5,13,6.2,-26,-10.8,-1220733,-27.5,-63394,-19.6,-175,-11.0,-252,-17.2
"13247","5","541211","78","0","2024","4","",20,56,55,56,1174103,21548,76,1622,"",1.48,0.47,0.46,0.47,0.36,0.23,0.10,0.77,"",1,5.3,-6,-9.7,-6,-9.8,-9,-13.8,-94263,-7.4,-29023,-57.4,-129,-62.9,65,4.2
"13247","5","541213","78","0","2024","4","",11,8,8,7,81269,3790,71,815,"",1.36,0.49,0.40,0.29,0.35,0.23,0.26,0.91,"",2,22.2,-4,-33.3,-3,-27.3,-8,-53.3,-85059,-51.1,-14936,-79.8,-84,-54.2,-195,-19.3
"13247","5","541214","78","0","2024","4","",6,44,92,85,761533,214410,1121,795,"",2.10,0.83,1.74,1.62,0.65,3.06,0.95,0.46,"",1,20.0,-15,-25.4,55,148.6,20,30.8,153292,25.2,30054,16.3,525,88.1,-77,-8.8
"13247","5","541219","78","0","2024","4","",17,69,67,67,1204965,20484,155,1370,"",1.10,1.07,1.04,1.03,1.02,0.30,0.23,0.97,"",1,6.2,-49,-41.5,-33,-33.0,-29,-30.2,-1194703,-49.8,-49489,-70.7,-487,-75.9,-394,-22.3
"13247","5","5413","76","0","2024","4","",31,823,728,653,18865737,737823,7355,1975,"",0.84,2.14,1.88,1.70,1.82,2.42,2.29,0.96,"",4,14.8,85,11.5,16,2.2,10,1.6,2538732,15.5,-673931,-47.7,-30739,-80.7,175,9.7
"13247","5","54131","77","0","2024","4","N",1,0,0,0,0,0,0,0,"N",0.16,0,0,0,0,0,0,0,"N",0,0.0,0,0,0,0,0,0,0,0,0,0,0,0,0,0
"13247","5","541310","78","0","2024","4","N",1,0,0,0,0,0,0,0,"N",0.16,0,0,0,0,0,0,0,"N",0,0.0,0,0,0,0,0,0,0,0,0,0,0,0,0,0
"13247","5","54132","77","0","2024","4","N",1,0,0,0,0,0,0,0,"N",0.61,0,0,0,0,0,0,0,"N",0,0.0,0,0,0,0,0,0,0,0,0,0,0,0,0,0
"13247","5","541320","78","0","2024","4","N",1,0,0,0,0,0,0,0,"N",0.61,0,0,0,0,0,0,0,"N",0,0.0,0,0,0,0,0,0,0,0,0,0,0,0,0,0
"13247","5","54133","77","0","2024","4","",20,642,549,453,14033985,516777,5753,1970,"",0.93,2.40,2.04,1.69,1.82,2.52,2.64,0.89,"",3,17.6,78,13.8,29,5.6,2,0.4,1878342,15.5,-572133,-52.5,-29983,-83.9,143,7.8
"13247","5","541330","78","0","2024","4","",20,642,549,453,14033985,516777,5753,1970,"",0.93,2.40,2.04,1.69,1.82,2.52,2.64,0.89,"",3,17.6,78,13.8,29,5.6,2,0.4,1878342,15.5,-572133,-52.5,-29983,-83.9,143,7.8
"13247","5","54135","77","0","2024","4","N",3,0,0,0,0,0,0,0,"N",1.64,0,0,0,0,0,0,0,"N",1,50.0,0,0,0,0,0,0,0,0,0,0,0,0,0,0
"13247","5","541350","78","0","2024","4","N",3,0,0,0,0,0,0,0,"N",1.64,0,0,0,0,0,0,0,"N",1,50.0,0,0,0,0,0,0,0,0,0,0,0,0,0,0
"13247","5","54137","77","0","2024","4","",4,139,138,157,3585031,179958,1462,1906,"",2.18,10.97,10.87,12.38,15.69,15.56,12.93,1.37,"",0,0.0,5,3.7,-13,-8.6,6,4.0,540035,17.7,-116633,-39.3,-749,-33.9,294,18.2
"13247","5","541370","78","0","2024","4","",4,139,138,157,3585031,179958,1462,1906,"",2.18,10.97,10.87,12.38,15.69,15.56,12.93,1.37,"",0,0.0,5,3.7,-13,-8.6,6,4.0,540035,17.7,-116633,-39.3,-749,-33.9,294,18.2
"13247","5","54138","77","0","2024","4","N",2,0,0,0,0,0,0,0,"N",0.81,0,0,0,0,0,0,0,"N",0,0.0,0,0,0,0,0,0,0,0,0,0,0,0,0,0
"13247","5","541380","78","0","2024","4","N",2,0,0,0,0,0,0,0,"N",0.81,0,0,0,0,0,0,0,"N",0,0.0,0,0,0,0,0,0,0,0,0,0,0,0,0,0
"13247","5","5414","76","0","2024","4","N",6,0,0,0,0,0,0,0,"N",0.57,0,0,0,0,0,0,0,"N",1,20.0,0,0,0,0,0,0,0,0,0,0,0,0,0,0
"13247","5","54141","77","0","2024","4","N",2,0,0,0,0,0,0,0,"N",0.49,0,0,0,0,0,0,0,"N",1,100.0,0,0,0,0,0,0,0,0,0,0,0,0,0,0
"13247","5","541410","78","0","2024","4","N",2,0,0,0,0,0,0,0,"N",0.49,0,0,0,0,0,0,0,"N",1,100.0,0,0,0,0,0,0,0,0,0,0,0,0,0,0
"13247","5","54142","77","0","2024","4","N",1,0,0,0,0,0,0,0,"N",1.62,0,0,0,0,0,0,0,"N",0,0.0,0,0,0,0,0,0,0,0,0,0,0,0,0,0
"13247","5","541420","78","0","2024","4","N",1,0,0,0,0,0,0,0,"N",1.62,0,0,0,0,0,0,0,"N",0,0.0,0,0,0,0,0,0,0,0,0,0,0,0,0,0
"13247","5","54143","77","0","2024","4","N",2,0,0,0,0,0,0,0,"N",0.47,0,0,0,0,0,0,0,"N",0,0.0,0,0,0,0,0,0,0,0,0,0,0,0,0,0
"13247","5","541430","78","0","2024","4","N",2,0,0,0,0,0,0,0,"N",0.47,0,0,0,0,0,0,0,"N",0,0.0,0,0,0,0,0,0,0,0,0,0,0,0,0,0
"13247","5","54149","77","0","2024","4","N",1,0,0,0,0,0,0,0,"N",0.71,0,0,0,0,0,0,0,"N",0,0.0,0,0,0,0,0,0,0,0,0,0,0,0,0,0
"13247","5","541490","78","0","2024","4","N",1,0,0,0,0,0,0,0,"N",0.71,0,0,0,0,0,0,0,"N",0,0.0,0,0,0,0,0,0,0,0,0,0,0,0,0,0
"13247","5","5415","76","0","2024","4","",26,316,316,311,7133460,164204,2306,1746,"",0.29,0.57,0.57,0.57,0.38,0.37,0.45,0.66,"",6,30.0,22,7.5,21,7.1,10,3.3,358814,5.3,-85272,-34.2,-2195,-48.8,-11,-0.6
"13247","5","54151","77","0","2024","4","",26,316,316,311,7133460,164204,2306,1746,"",0.29,0.57,0.57,0.57,0.38,0.37,0.45,0.66,"",6,30.0,22,7.5,21,7.1,10,3.3,358814,5.3,-85272,-34.2,-2195,-48.8,-11,-0.6
"13247","5","541511","78","0","2024","4","",9,234,232,230,5984867,114768,1968,1984,"",0.21,0.96,0.95,0.95,0.64,0.62,0.86,0.67,"",-1,-10.0,13,5.9,13,5.9,3,1.3,278739,4.9,-79437,-40.9,-1040,-34.6,10,0.5
"13247","5","541512","78","0","2024","4","N",16,0,0,0,0,0,0,0,"N",0.42,0,0,0,0,0,0,0,"N",7,77.8,0,0,0,0,0,0,0,0,0,0,0,0,0,0
"13247","5","541513","78","0","2024","4","N",1,0,0,0,0,0,0,0,"N",0.69,0,0,0,0,0,0,0,"N",0,0.0,0,0,0,0,0,0,0,0,0,0,0,0,0,0
"13247","5","5416","76","0","2024","4","",46,85,89,86,1658971,126213,2140,1472,"",0.51,0.20,0.21,0.20,0.14,0.28,0.40,0.71,"",11,31.4,8,10.4,14,18.7,9,11.7,177206,12.0,21237,20.2,-308,-12.6,-21,-1.4
"13247","5","54161","77","0","2024","4","",42,70,74,72,1491784,119034,1967,1594,"",0.56,0.20,0.21,0.20,0.15,0.32,0.45,0.76,"N",9,27.3,0,0,0,0,0,0,0,0,0,0,0,0,0,0
"13247","5","541611","78","0","2024","4","",18,32,33,35,498847,42467,1121,1151,"",0.47,0.17,0.17,0.18,0.08,0.22,0.49,0.49,"",5,38.5,-9,-22.0,-8,-19.5,-6,-14.6,-184660,-27.0,-19246,-31.2,-413,-26.9,-131,-10.2
"13247","5","541612","78","0","2024","4","N",3,0,0,0,0,0,0,0,"N",0.83,0,0,0,0,0,0,0,"N",1,50.0,0,0,0,0,0,0,0,0,0,0,0,0,0,0
"13247","5","541613","78","0","2024","4","",5,12,13,13,219876,17649,218,1335,"",0.24,0.16,0.18,0.18,0.13,0.21,0.21,0.74,"N",-1,-16.7,0,0,0,0,0,0,0,0,0,0,0,0,0,0
"13247","5","541614","78","0","2024","4","N",6,0,0,0,0,0,0,0,"N",1.39,0,0,0,0,0,0,0,"N",2,50.0,0,0,0,0,0,0,0,0,0,0,0,0,0,0
"13247","5","541618","78","0","2024","4","",10,15,16,13,255039,27201,297,1338,"",1.22,0.51,0.54,0.44,0.33,0.88,0.81,0.67,"",2,25.0,8,114.3,9,128.6,5,62.5,131028,105.7,22485,476.8,151,103.4,37,2.8
"13247","5","54169","77","0","2024","4","",4,15,15,14,167187,7179,173,877,"",0.32,0.30,0.30,0.28,0.12,0.13,0.25,0.42,"N",2,100.0,0,0,0,0,0,0,0,0,0,0,0,0,0,0
"13247","5","541690","78","0","2024","4","",4,15,15,14,167187,7179,173,877,"",0.32,0.30,0.30,0.28,0.12,0.13,0.25,0.42,"N",2,100.0,0,0,0,0,0,0,0,0,0,0,0,0,0,0
"13247","5","5417","76","0","2024","4","N",1,0,0,0,0,0,0,0,"N",0.08,0,0,0,0,0,0,0,"N",0,0.0,0,0,0,0,0,0,0,0,0,0,0,0,0,0
"13247","5","54171","77","0","2024","4","N",1,0,0,0,0,0,0,0,"N",0.09,0,0,0,0,0,0,0,"N",0,0.0,0,0,0,0,0,0,0,0,0,0,0,0,0,0
"13247","5","541714","78","0","2024","4","N",1,0,0,0,0,0,0,0,"N",0.21,0,0,0,0,0,0,0,"N",0,0.0,0,0,0,0,0,0,0,0,0,0,0,0,0,0
"13247","5","5418","76","0","2024","4","",11,98,98,99,918472,232673,933,718,"",0.64,0.88,0.89,0.91,0.35,2.37,0.79,0.40,"",2,22.2,85,653.8,85,653.8,86,661.5,740956,417.4,212173,1035.0,476,104.2,-332,-31.6
"13247","5","54181","77","0","2024","4","",4,4,3,3,50625,0,0,1168,"",0.48,0.08,0.06,0.06,0.04,0.00,0.00,0.54,"N",1,33.3,0,0,0,0,0,0,0,0,0,0,0,0,0,0
"13247","5","541810","78","0","2024","4","",4,4,3,3,50625,0,0,1168,"",0.48,0.08,0.06,0.06,0.04,0.00,0.00,0.54,"N",1,33.3,0,0,0,0,0,0,0,0,0,0,0,0,0,0
"13247","5","54184","77","0","2024","4","N",1,0,0,0,0,0,0,0,"N",1.21,0,0,0,0,0,0,0,"N",0,0.0,0,0,0,0,0,0,0,0,0,0,0,0,0,0
"13247","5","541840","78","0","2024","4","N",1,0,0,0,0,0,0,0,"N",1.21,0,0,0,0,0,0,0,"N",0,0.0,0,0,0,0,0,0,0,0,0,0,0,0,0,0
"13247","5","54185","77","0","2024","4","N",2,0,0,0,0,0,0,0,"N",3.10,0,0,0,0,0,0,0,"N",0,0.0,0,0,0,0,0,0,0,0,0,0,0,0,0,0
"13247","5","541850","78","0","2024","4","N",2,0,0,0,0,0,0,0,"N",3.10,0,0,0,0,0,0,0,"N",0,0.0,0,0,0,0,0,0,0,0,0,0,0,0,0,0
"13247","5","54187","77","0","2024","4","N",3,0,0,0,0,0,0,0,"N",3.27,0,0,0,0,0,0,0,"N",1,50.0,0,0,0,0,0,0,0,0,0,0,0,0,0,0
"13247","5","541870","78","0","2024","4","N",3,0,0,0,0,0,0,0,"N",3.27,0,0,0,0,0,0,0,"N",1,50.0,0,0,0,0,0,0,0,0,0,0,0,0,0,0
"13247","5","54189","77","0","2024","4","N",1,0,0,0,0,0,0,0,"N",0.45,0,0,0,0,0,0,0,"N",0,0.0,0,0,0,0,0,0,0,0,0,0,0,0,0,0
"13247","5","541890","78","0","2024","4","N",1,0,0,0,0,0,0,0,"N",0.45,0,0,0,0,0,0,0,"N",0,0.0,0,0,0,0,0,0,0,0,0,0,0,0,0,0
"13247","5","5419","76","0","2024","4","",22,140,131,140,2286655,180861,3344,1284,"",0.72,0.70,0.65,0.70,0.69,0.77,1.44,1.01,"",1,4.8,-5,-3.4,-12,-8.4,-6,-4.1,193483,9.2,25694,16.6,1033,44.7,171,15.4
"13247","5","54191","77","0","2024","4","N",1,0,0,0,0,0,0,0,"N",0.44,0,0,0,0,0,0,0,"N",0,0.0,0,0,0,0,0,0,0,0,0,0,0,0,0,0
"13247","5","541910","78","0","2024","4","N",1,0,0,0,0,0,0,0,"N",0.44,0,0,0,0,0,0,0,"N",0,0.0,0,0,0,0,0,0,0,0,0,0,0,0,0,0
"13247","5","54192","77","0","2024","4","N",2,0,0,0,0,0,0,0,"N",0.55,0,0,0,0,0,0,0,"N",0,0.0,0,0,0,0,0,0,0,0,0,0,0,0,0,0
"13247","5","541921","78","0","2024","4","N",1,0,0,0,0,0,0,0,"N",0.38,0,0,0,0,0,0,0,"N",0,0.0,0,0,0,0,0,0,0,0,0,0,0,0,0,0
"13247","5","541922","78","0","2024","4","N",1,0,0,0,0,0,0,0,"N",0.96,0,0,0,0,0,0,0,"N",0,0.0,0,0,0,0,0,0,0,0,0,0,0,0,0,0
"13247","5","54194","77","0","2024","4","",12,119,118,125,1955743,138542,2711,1247,"",1.56,1.12,1.11,1.18,1.49,1.12,2.94,1.31,"",1,9.1,-12,-9.2,-11,-8.5,-5,-3.8,146943,8.1,4493,3.4,432,19.0,177,16.5
"13247","5","541940","78","0","2024","4","",12,119,118,125,1955743,138542,2711,1247,"",1.56,1.12,1.11,1.18,1.49,1.12,2.94,1.31,"",1,9.1,-12,-9.2,-11,-8.5,-5,-3.8,146943,8.1,4493,3.4,432,19.0,177,16.5
"13247","5","54199","77","0","2024","4","",7,9,11,13,321657,41146,609,2249,"",0.44,0.15,0.19,0.22,0.23,0.58,0.71,1.23,"",0,0.0,-3,-25.0,-1,-8.3,-1,-7.1,71235,28.4,23648,135.1,599,5990.0,728,47.9
"13247","5","541990","78","0","2024","4","",7,9,11,13,321657,41146,609,2249,"",0.44,0.15,0.19,0.22,0.23,0.58,0.71,1.23,"",0,0.0,-3,-25.0,-1,-8.3,-1,-7.1,71235,28.4,23648,135.1,599,5990.0,728,47.9
"13247","5","55","74","0","2024","4","",8,81,85,83,1610439,376185,5422,1493,"",0.37,0.14,0.14,0.14,0.08,0.55,0.96,0.57,"",1,14.3,4,5.2,5,6.2,-2,-2.4,260544,19.3,19553,5.5,-1430,-20.9,206,16.0
"13247","5","551","75","0","2024","4","",8,81,85,83,1610439,376185,5422,1493,"",0.37,0.14,0.14,0.14,0.08,0.55,0.96,0.57,"",1,14.3,4,5.2,5,6.2,-2,-2.4,260544,19.3,19553,5.5,-1430,-20.9,206,16.0
"13247","5","5511","76","0","2024","4","",8,81,85,83,1610439,376185,5422,1493,"",0.37,0.14,0.14,0.14,0.08,0.55,0.96,0.57,"",1,14.3,4,5.2,5,6.2,-2,-2.4,260544,19.3,19553,5.5,-1430,-20.9,206,16.0
"13247","5","55111","77","0","2024","4","",8,81,85,83,1610439,376185,5422,1493,"",0.37,0.14,0.14,0.14,0.08,0.55,0.96,0.57,"",1,14.3,4,5.2,5,6.2,-2,-2.4,260544,19.3,19553,5.5,-1430,-20.9,206,16.0
"13247","5","551112","78","0","2024","4","N",3,0,0,0,0,0,0,0,"N",0.91,0,0,0,0,0,0,0,"N",1,50.0,0,0,0,0,0,0,0,0,0,0,0,0,0,0
"13247","5","551114","78","0","2024","4","N",5,0,0,0,0,0,0,0,"N",0.28,0,0,0,0,0,0,0,"N",1,25.0,0,0,0,0,0,0,0,0,0,0,0,0,0,0
"13247","5","56","74","0","2024","4","",157,1465,1531,1398,23832821,2650576,17802,1252,"",1.06,0.70,0.73,0.68,0.92,0.82,0.45,1.30,"",12,8.3,-121,-7.6,-33,-2.1,-185,-11.7,2168234,10.0,-347669,-11.6,-11105,-38.4,196,18.6
"13247","5","561","75","0","2024","4","",150,1435,1500,1365,23288500,2633956,17686,1250,"",1.07,0.72,0.76,0.70,0.97,0.85,0.46,1.33,"N",11,7.9,0,0,0,0,0,0,0,0,0,0,0,0,0,0
"13247","5","5611","76","0","2024","4","",8,197,200,201,8343424,84024,717,3220,"",0.43,1.38,1.40,1.41,2.53,0.67,0.54,1.81,"",0,0.0,10,5.3,13,7.0,14,7.5,1915720,29.8,16152,23.8,151,26.7,576,21.8
"13247","5","56111","77","0","2024","4","",8,197,200,201,8343424,84024,717,3220,"",0.43,1.38,1.40,1.41,2.53,0.67,0.54,1.81,"",0,0.0,10,5.3,13,7.0,14,7.5,1915720,29.8,16152,23.8,151,26.7,576,21.8
"13247","5","561110","78","0","2024","4","",8,197,200,201,8343424,84024,717,3220,"",0.43,1.38,1.40,1.41,2.53,0.67,0.54,1.81,"",0,0.0,10,5.3,13,7.0,14,7.5,1915720,29.8,16152,23.8,151,26.7,576,21.8
"13247","5","5612","76","0","2024","4","N",1,0,0,0,0,0,0,0,"N",0.58,0,0,0,0,0,0,0,"N",1,100.0,0,0,0,0,0,0,0,0,0,0,0,0,0,0
"13247","5","56121","77","0","2024","4","N",1,0,0,0,0,0,0,0,"N",0.58,0,0,0,0,0,0,0,"N",1,100.0,0,0,0,0,0,0,0,0,0,0,0,0,0,0
"13247","5","561210","78","0","2024","4","N",1,0,0,0,0,0,0,0,"N",0.58,0,0,0,0,0,0,0,"N",1,100.0,0,0,0,0,0,0,0,0,0,0,0,0,0,0
"13247","5","5613","76","0","2024","4","",35,500,572,440,4763255,1817126,11407,727,"",1.07,0.66,0.75,0.58,0.54,1.12,0.53,0.81,"",2,6.1,-31,-5.8,11,2.0,-144,-24.7,-182403,-3.7,-251105,-12.1,-9000,-44.1,46,6.8
"13247","5","56131","77","0","2024","4","N",3,0,0,0,0,0,0,0,"N",0.38,0,0,0,0,0,0,0,"N",-2,-40.0,0,0,0,0,0,0,0,0,0,0,0,0,0,0
"13247","5","561311","78","0","2024","4","N",3,0,0,0,0,0,0,0,"N",0.51,0,0,0,0,0,0,0,"N",-2,-40.0,0,0,0,0,0,0,0,0,0,0,0,0,0,0
"13247","5","56132","77","0","2024","4","",25,445,518,387,3833575,1719004,9071,655,"",1.21,0.75,0.86,0.65,0.62,1.26,0.51,0.83,"",6,31.6,-19,-4.1,21,4.2,-134,-25.7,-191788,-4.8,-238107,-12.2,-9268,-50.5,28,4.5
"13247","5","561320","78","0","2024","4","",25,445,518,387,3833575,1719004,9071,655,"",1.21,0.75,0.86,0.65,0.62,1.26,0.51,0.83,"",6,31.6,-19,-4.1,21,4.2,-134,-25.7,-191788,-4.8,-238107,-12.2,-9268,-50.5,28,4.5
"13247","5","56133","77","0","2024","4","N",7,0,0,0,0,0,0,0,"N",1.63,0,0,0,0,0,0,0,"N",-2,-22.2,0,0,0,0,0,0,0,0,0,0,0,0,0,0
"13247","5","561330","78","0","2024","4","N",7,0,0,0,0,0,0,0,"N",1.63,0,0,0,0,0,0,0,"N",-2,-22.2,0,0,0,0,0,0,0,0,0,0,0,0,0,0
"13247","5","5614","76","0","2024","4","",17,64,61,68,897564,39039,419,1073,"",1.28,0.41,0.39,0.44,0.42,0.21,0.21,1.02,"",8,88.9,10,18.5,5,8.9,13,23.6,310310,52.8,-7262,-15.7,-316,-43.0,252,30.7
"13247","5","56141","77","0","2024","4","N",1,0,0,0,0,0,0,0,"N",0.59,0,0,0,0,0,0,0,"N",1,100.0,0,0,0,0,0,0,0,0,0,0,0,0,0,0
"13247","5","561410","78","0","2024","4","N",1,0,0,0,0,0,0,0,"N",0.59,0,0,0,0,0,0,0,"N",1,100.0,0,0,0,0,0,0,0,0,0,0,0,0,0,0
"13247","5","56142","77","0","2024","4","",3,9,9,10,76169,11641,219,628,"",0.90,0.11,0.11,0.12,0.08,0.11,0.19,0.70,"N",1,50.0,0,0,0,0,0,0,0,0,0,0,0,0,0,0
"13247","5","561421","78","0","2024","4","N",2,0,0,0,0,0,0,0,"N",2.84,0,0,0,0,0,0,0,"N",0,0.0,0,0,0,0,0,0,0,0,0,0,0,0,0,0
"13247","5","561422","78","0","2024","4","N",1,0,0,0,0,0,0,0,"N",0.38,0,0,0,0,0,0,0,"N",1,100.0,0,0,0,0,0,0,0,0,0,0,0,0,0,0
"13247","5","56143","77","0","2024","4","",6,22,20,27,165829,17394,183,555,"",2.44,1.27,1.15,1.54,0.95,0.88,0.98,0.72,"",1,20.0,0,0.0,-4,-16.7,2,8.0,-12658,-7.1,-9942,-36.4,-541,-74.7,-25,-4.3
"13247","5","561431","78","0","2024","4","N",3,0,0,0,0,0,0,0,"N",2.48,0,0,0,0,0,0,0,"N",0,0.0,0,0,0,0,0,0,0,0,0,0,0,0,0,0
"13247","5","561439","78","0","2024","4","N",3,0,0,0,0,0,0,0,"N",2.40,0,0,0,0,0,0,0,"N",1,50.0,0,0,0,0,0,0,0,0,0,0,0,0,0,0
"13247","5","56144","77","0","2024","4","N",1,0,0,0,0,0,0,0,"N",0.75,0,0,0,0,0,0,0,"N",0,0.0,0,0,0,0,0,0,0,0,0,0,0,0,0,0
"13247","5","561440","78","0","2024","4","N",1,0,0,0,0,0,0,0,"N",0.75,0,0,0,0,0,0,0,"N",0,0.0,0,0,0,0,0,0,0,0,0,0,0,0,0,0
"13247","5","56149","77","0","2024","4","N",6,0,0,0,0,0,0,0,"N",1.43,0,0,0,0,0,0,0,"N",5,500.0,0,0,0,0,0,0,0,0,0,0,0,0,0,0
"13247","5","561499","78","0","2024","4","N",6,0,0,0,0,0,0,0,"N",1.81,0,0,0,0,0,0,0,"N",5,500.0,0,0,0,0,0,0,0,0,0,0,0,0,0,0
"13247","5","5615","76","0","2024","4","",4,17,18,17,471151,27750,307,2091,"",0.81,0.40,0.43,0.41,0.53,0.70,0.75,1.29,"",-1,-20.0,-1,-5.6,0,0.0,3,21.4,154949,49.0,6050,27.9,32,11.6,632,43.3
"13247","5","56151","77","0","2024","4","N",3,0,0,0,0,0,0,0,"N",1.03,0,0,0,0,0,0,0,"N",0,0.0,0,0,0,0,0,0,0,0,0,0,0,0,0,0
"13247","5","561510","78","0","2024","4","N",3,0,0,0,0,0,0,0,"N",1.03,0,0,0,0,0,0,0,"N",0,0.0,0,0,0,0,0,0,0,0,0,0,0,0,0,0
"13247","5","56159","77","0","2024","4","N",1,0,0,0,0,0,0,0,"N",0.80,0,0,0,0,0,0,0,"N",-1,-50.0,0,0,0,0,0,0,0,0,0,0,0,0,0,0
"13247","5","561599","78","0","2024","4","N",1,0,0,0,0,0,0,0,"N",0.96,0,0,0,0,0,0,0,"N",-1,-50.0,0,0,0,0,0,0,0,0,0,0,0,0,0,0
"13247","5","5616","76","0","2024","4","",16,69,69,65,904134,86896,891,1028,"",1.90,0.29,0.29,0.28,0.38,0.27,0.25,1.34,"",0,0.0,-69,-50.0,-45,-39.5,-60,-48.0,-344738,-27.6,-75788,-46.6,-1658,-65.0,264,34.6
"13247","5","56161","77","0","2024","4","",9,47,45,39,558030,66011,355,983,"",1.75,0.23,0.22,0.20,0.32,0.23,0.11,1.47,"",0,0.0,-57,-54.8,-33,-42.3,-50,-56.2,-304552,-35.3,-65575,-49.8,-2025,-85.1,248,33.7
"13247","5","561611","78","0","2024","4","N",3,0,0,0,0,0,0,0,"N",2.43,0,0,0,0,0,0,0,"N",0,0.0,0,0,0,0,0,0,0,0,0,0,0,0,0,0
"13247","5","561612","78","0","2024","4","N",6,0,0,0,0,0,0,0,"N",1.62,0,0,0,0,0,0,0,"N",0,0.0,0,0,0,0,0,0,0,0,0,0,0,0,0,0
"13247","5","56162","77","0","2024","4","",7,22,24,26,346104,20885,536,1109,"",2.12,0.61,0.67,0.72,0.57,0.60,1.62,0.85,"",0,0.0,-12,-35.3,-12,-33.3,-10,-27.8,-40186,-10.4,-10213,-32.8,367,217.2,268,31.9
"13247","5","561621","78","0","2024","4","N",3,0,0,0,0,0,0,0,"N",1.26,0,0,0,0,0,0,0,"N",-1,-25.0,0,0,0,0,0,0,0,0,0,0,0,0,0,0
"13247","5","561622","78","0","2024","4","N",4,0,0,0,0,0,0,0,"N",4.38,0,0,0,0,0,0,0,"N",1,33.3,0,0,0,0,0,0,0,0,0,0,0,0,0,0
"13247","5","5617","76","0","2024","4","",63,539,531,524,6383513,570692,3929,924,"",1.17,1.02,1.03,1.06,1.32,0.84,0.49,1.27,"",0,0.0,-38,-6.6,-16,-2.9,-14,-2.6,-159477,-2.4,-7751,-1.3,63,1.6,16,1.8
"13247","5","56171","77","0","2024","4","",9,138,134,135,1758695,128513,1800,997,"",2.39,3.96,3.92,4.03,4.14,3.81,5.69,1.04,"",1,12.5,28,25.5,28,26.4,28,26.2,495659,39.2,76718,148.1,1431,387.8,95,10.5
"13247","5","561710","78","0","2024","4","",9,138,134,135,1758695,128513,1800,997,"",2.39,3.96,3.92,4.03,4.14,3.81,5.69,1.04,"",1,12.5,28,25.5,28,26.4,28,26.2,495659,39.2,76718,148.1,1431,387.8,95,10.5
"13247","5","56172","77","0","2024","4","",20,145,145,148,1077849,264632,1149,568,"",1.12,0.60,0.60,0.62,0.62,0.81,0.38,1.03,"",-2,-9.1,-44,-23.3,-40,-21.6,-39,-20.9,-367070,-25.4,-75446,-22.2,-122,-9.6,-26,-4.4
"13247","5","561720","78","0","2024","4","",20,145,145,148,1077849,264632,1149,568,"",1.12,0.60,0.60,0.62,0.62,0.81,0.38,1.03,"",-2,-9.1,-44,-23.3,-40,-21.6,-39,-20.9,-367070,-25.4,-75446,-22.2,-122,-9.6,-26,-4.4
"13247","5","56173","77","0","2024","4","",25,237,235,224,3392132,163304,946,1125,"",0.95,1.10,1.13,1.19,1.48,0.59,0.23,1.29,"",0,0.0,-24,-9.2,-3,-1.3,-3,-1.3,-295265,-8.0,-18782,-10.3,-1257,-57.1,-47,-4.0
"13247","5","561730","78","0","2024","4","",25,237,235,224,3392132,163304,946,1125,"",0.95,1.10,1.13,1.19,1.48,0.59,0.23,1.29,"",0,0.0,-24,-9.2,-3,-1.3,-3,-1.3,-295265,-8.0,-18782,-10.3,-1257,-57.1,-47,-4.0
"13247","5","56174","77","0","2024","4","N",3,0,0,0,0,0,0,0,"N",2.04,0,0,0,0,0,0,0,"N",1,50.0,0,0,0,0,0,0,0,0,0,0,0,0,0,0
"13247","5","561740","78","0","2024","4","N",3,0,0,0,0,0,0,0,"N",2.04,0,0,0,0,0,0,0,"N",1,50.0,0,0,0,0,0,0,0,0,0,0,0,0,0,0
"13247","5","56179","77","0","2024","4","N",6,0,0,0,0,0,0,0,"N",1.33,0,0,0,0,0,0,0,"N",0,0.0,0,0,0,0,0,0,0,0,0,0,0,0,0,0
"13247","5","561790","78","0","2024","4","N",6,0,0,0,0,0,0,0,"N",1.33,0,0,0,0,0,0,0,"N",0,0.0,0,0,0,0,0,0,0,0,0,0,0,0,0,0
"13247","5","5619","76","0","2024","4","N",6,0,0,0,0,0,0,0,"N",0.85,0,0,0,0,0,0,0,"N",1,20.0,0,0,0,0,0,0,0,0,0,0,0,0,0,0
"13247","5","56192","77","0","2024","4","N",3,0,0,0,0,0,0,0,"N",1.73,0,0,0,0,0,0,0,"N",1,50.0,0,0,0,0,0,0,0,0,0,0,0,0,0,0
"13247","5","561920","78","0","2024","4","N",3,0,0,0,0,0,0,0,"N",1.73,0,0,0,0,0,0,0,"N",1,50.0,0,0,0,0,0,0,0,0,0,0,0,0,0,0
"13247","5","56199","77","0","2024","4","N",3,0,0,0,0,0,0,0,"N",0.64,0,0,0,0,0,0,0,"N",0,0.0,0,0,0,0,0,0,0,0,0,0,0,0,0,0
"13247","5","561990","78","0","2024","4","N",3,0,0,0,0,0,0,0,"N",0.64,0,0,0,0,0,0,0,"N",0,0.0,0,0,0,0,0,0,0,0,0,0,0,0,0,0
"13247","5","562","75","0","2024","4","",7,30,31,33,544321,16620,116,1336,"",0.88,0.26,0.27,0.29,0.26,0.13,0.08,0.98,"N",1,16.7,0,0,0,0,0,0,0,0,0,0,0,0,0,0
"13247","5","5621","76","0","2024","4","N",1,0,0,0,0,0,0,0,"N",0.33,0,0,0,0,0,0,0,"N",0,0.0,0,0,0,0,0,0,0,0,0,0,0,0,0,0
"13247","5","56211","77","0","2024","4","N",1,0,0,0,0,0,0,0,"N",0.33,0,0,0,0,0,0,0,"N",0,0.0,0,0,0,0,0,0,0,0,0,0,0,0,0,0
"13247","5","562111","78","0","2024","4","N",1,0,0,0,0,0,0,0,"N",0.43,0,0,0,0,0,0,0,"N",0,0.0,0,0,0,0,0,0,0,0,0,0,0,0,0,0
"13247","5","5629","76","0","2024","4","N",6,0,0,0,0,0,0,0,"N",1.54,0,0,0,0,0,0,0,"N",1,20.0,0,0,0,0,0,0,0,0,0,0,0,0,0,0
"13247","5","56291","77","0","2024","4","N",2,0,0,0,0,0,0,0,"N",1.03,0,0,0,0,0,0,0,"N",0,0.0,0,0,0,0,0,0,0,0,0,0,0,0,0,0
"13247","5","562910","78","0","2024","4","N",2,0,0,0,0,0,0,0,"N",1.03,0,0,0,0,0,0,0,"N",0,0.0,0,0,0,0,0,0,0,0,0,0,0,0,0,0
"13247","5","56292","77","0","2024","4","N",1,0,0,0,0,0,0,0,"N",2.59,0,0,0,0,0,0,0,"N",1,100.0,0,0,0,0,0,0,0,0,0,0,0,0,0,0
"13247","5","562920","78","0","2024","4","N",1,0,0,0,0,0,0,0,"N",2.59,0,0,0,0,0,0,0,"N",1,100.0,0,0,0,0,0,0,0,0,0,0,0,0,0,0
"13247","5","56299","77","0","2024","4","N",3,0,0,0,0,0,0,0,"N",1.92,0,0,0,0,0,0,0,"N",0,0.0,0,0,0,0,0,0,0,0,0,0,0,0,0,0
"13247","5","562991","78","0","2024","4","N",1,0,0,0,0,0,0,0,"N",1.02,0,0,0,0,0,0,0,"N",0,0.0,0,0,0,0,0,0,0,0,0,0,0,0,0,0
"13247","5","562998","78","0","2024","4","N",2,0,0,0,0,0,0,0,"N",3.41,0,0,0,0,0,0,0,"N",0,0.0,0,0,0,0,0,0,0,0,0,0,0,0,0,0
"13247","5","61","74","0","2024","4","",36,270,290,265,2447283,265016,2330,685,"",0.99,0.36,0.38,0.36,0.24,0.65,0.59,0.66,"",2,5.9,-42,-13.5,-23,-7.3,-19,-6.7,-374136,-13.3,-115981,-30.4,-803,-25.6,-31,-4.3
"13247","5","611","75","0","2024","4","",36,270,290,265,2447283,265016,2330,685,"",0.99,0.36,0.38,0.36,0.24,0.65,0.59,0.66,"",2,5.9,-42,-13.5,-23,-7.3,-19,-6.7,-374136,-13.3,-115981,-30.4,-803,-25.6,-31,-4.3
"13247","5","6111","76","0","2024","4","",5,122,128,128,1226916,93284,931,749,"",1.06,0.54,0.56,0.57,0.48,0.66,0.82,0.86,"N",-1,-16.7,0,0,0,0,0,0,0,0,0,0,0,0,0,0
"13247","5","61111","77","0","2024","4","",5,122,128,128,1226916,93284,931,749,"",1.06,0.54,0.56,0.57,0.48,0.66,0.82,0.86,"N",-1,-16.7,0,0,0,0,0,0,0,0,0,0,0,0,0,0
"13247","5","611110","78","0","2024","4","",5,122,128,128,1226916,93284,931,749,"",1.06,0.54,0.56,0.57,0.48,0.66,0.82,0.86,"N",-1,-16.7,0,0,0,0,0,0,0,0,0,0,0,0,0,0
"13247","5","6113","76","0","2024","4","N",1,0,0,0,0,0,0,0,"N",0.33,0,0,0,0,0,0,0,"N",0,0.0,0,0,0,0,0,0,0,0,0,0,0,0,0,0
"13247","5","61131","77","0","2024","4","N",1,0,0,0,0,0,0,0,"N",0.33,0,0,0,0,0,0,0,"N",0,0.0,0,0,0,0,0,0,0,0,0,0,0,0,0,0
"13247","5","611310","78","0","2024","4","N",1,0,0,0,0,0,0,0,"N",0.33,0,0,0,0,0,0,0,"N",0,0.0,0,0,0,0,0,0,0,0,0,0,0,0,0,0
"13247","5","6114","76","0","2024","4","N",3,0,0,0,0,0,0,0,"N",0.69,0,0,0,0,0,0,0,"N",-1,-25.0,0,0,0,0,0,0,0,0,0,0,0,0,0,0
"13247","5","61142","77","0","2024","4","N",2,0,0,0,0,0,0,0,"N",2.14,0,0,0,0,0,0,0,"N",-1,-33.3,0,0,0,0,0,0,0,0,0,0,0,0,0,0
"13247","5","611420","78","0","2024","4","N",2,0,0,0,0,0,0,0,"N",2.14,0,0,0,0,0,0,0,"N",-1,-33.3,0,0,0,0,0,0,0,0,0,0,0,0,0,0
"13247","5","61143","77","0","2024","4","N",1,0,0,0,0,0,0,0,"N",0.30,0,0,0,0,0,0,0,"N",0,0.0,0,0,0,0,0,0,0,0,0,0,0,0,0,0
"13247","5","611430","78","0","2024","4","N",1,0,0,0,0,0,0,0,"N",0.30,0,0,0,0,0,0,0,"N",0,0.0,0,0,0,0,0,0,0,0,0,0,0,0,0,0
"13247","5","6115","76","0","2024","4","N",4,0,0,0,0,0,0,0,"N",1.52,0,0,0,0,0,0,0,"N",1,33.3,0,0,0,0,0,0,0,0,0,0,0,0,0,0
"13247","5","61151","77","0","2024","4","N",4,0,0,0,0,0,0,0,"N",1.52,0,0,0,0,0,0,0,"N",1,33.3,0,0,0,0,0,0,0,0,0,0,0,0,0,0
"13247","5","611511","78","0","2024","4","N",1,0,0,0,0,0,0,0,"N",2.33,0,0,0,0,0,0,0,"N",0,0.0,0,0,0,0,0,0,0,0,0,0,0,0,0,0
"13247","5","611519","78","0","2024","4","N",3,0,0,0,0,0,0,0,"N",2.07,0,0,0,0,0,0,0,"N",1,50.0,0,0,0,0,0,0,0,0,0,0,0,0,0,0
"13247","5","6116","76","0","2024","4","",13,94,100,74,629507,94365,892,542,"",0.91,0.77,0.81,0.61,0.86,0.75,0.70,1.18,"",-1,-7.1,-6,-6.0,-1,-1.0,-7,-8.6,-16032,-2.5,-12391,-11.6,11,1.2,14,2.7
"13247","5","61161","77","0","2024","4","N",3,0,0,0,0,0,0,0,"N",0.87,0,0,0,0,0,0,0,"N",0,0.0,0,0,0,0,0,0,0,0,0,0,0,0,0,0
"13247","5","611610","78","0","2024","4","N",3,0,0,0,0,0,0,0,"N",0.87,0,0,0,0,0,0,0,"N",0,0.0,0,0,0,0,0,0,0,0,0,0,0,0,0,0
"13247","5","61162","77","0","2024","4","N",3,0,0,0,0,0,0,0,"N",0.65,0,0,0,0,0,0,0,"N",-1,-25.0,0,0,0,0,0,0,0,0,0,0,0,0,0,0
"13247","5","611620","78","0","2024","4","N",3,0,0,0,0,0,0,0,"N",0.65,0,0,0,0,0,0,0,"N",-1,-25.0,0,0,0,0,0,0,0,0,0,0,0,0,0,0
"13247","5","61169","77","0","2024","4","",7,42,48,45,431610,58264,878,738,"",1.23,0.89,1.01,0.96,1.27,1.15,1.56,1.33,"",0,0.0,-6,-12.5,0,0.0,-2,-4.3,6077,1.4,-496,-0.8,168,23.7,51,7.4
"13247","5","611691","78","0","2024","4","N",2,0,0,0,0,0,0,0,"N",0.81,0,0,0,0,0,0,0,"N",0,0.0,0,0,0,0,0,0,0,0,0,0,0,0,0,0
"13247","5","611692","78","0","2024","4","N",1,0,0,0,0,0,0,0,"N",1.68,0,0,0,0,0,0,0,"N",0,0.0,0,0,0,0,0,0,0,0,0,0,0,0,0,0
"13247","5","611699","78","0","2024","4","",4,26,30,28,402362,39978,831,1105,"",1.51,1.36,1.56,1.49,2.58,1.81,3.55,1.75,"N",0,0.0,0,0,0,0,0,0,0,0,0,0,0,0,0,0
"13247","5","6117","76","0","2024","4","",10,18,23,25,198833,24816,428,695,"",1.43,0.39,0.48,0.53,0.29,0.49,0.74,0.62,"",4,66.7,-9,-33.3,-4,-14.8,5,25.0,-99224,-33.3,-17005,-40.7,-90,-17.4,-234,-25.2
"13247","5","61171","77","0","2024","4","",10,18,23,25,198833,24816,428,695,"",1.43,0.39,0.48,0.53,0.29,0.49,0.74,0.62,"",4,66.7,-9,-33.3,-4,-14.8,5,25.0,-99224,-33.3,-17005,-40.7,-90,-17.4,-234,-25.2
"13247","5","611710","78","0","2024","4","",10,18,23,25,198833,24816,428,695,"",1.43,0.39,0.48,0.53,0.29,0.49,0.74,0.62,"",4,66.7,-9,-33.3,-4,-14.8,5,25.0,-99224,-33.3,-17005,-40.7,-90,-17.4,-234,-25.2
"13247","5","62","74","0","2024","4","",347,4605,4605,4557,70025313,4498984,45059,1174,"",0.78,0.90,0.90,0.89,0.98,1.08,1.15,1.09,"",9,2.7,-377,-7.6,-345,-7.0,-450,-9.0,-425001,-0.6,-2434279,-35.1,-35244,-43.9,86,7.9
"13247","5","621","75","0","2024","4","",244,2148,2154,2157,40910252,2162217,25195,1462,"",1.53,1.07,1.06,1.06,1.19,1.11,1.40,1.12,"",11,4.7,111,5.4,134,6.6,69,3.3,3461911,9.2,-54964,-2.5,-3853,-13.3,56,4.0
"13247","5","6211","76","0","2024","4","",78,793,787,790,22866374,552152,4058,2227,"",1.51,1.18,1.16,1.17,1.34,1.05,0.90,1.15,"",3,4.0,59,8.0,96,13.9,35,4.6,2761660,13.7,-12842,-2.3,-1128,-21.8,99,4.7
"13247","5","62111","77","0","2024","4","",78,793,787,790,22866374,552152,4058,2227,"",1.51,1.18,1.16,1.17,1.34,1.05,0.90,1.15,"",3,4.0,59,8.0,96,13.9,35,4.6,2761660,13.7,-12842,-2.3,-1128,-21.8,99,4.7
"13247","5","621111","78","0","2024","4","N",76,0,0,0,0,0,0,0,"N",1.58,0,0,0,0,0,0,0,"N",3,4.1,0,0,0,0,0,0,0,0,0,0,0,0,0,0
"13247","5","621112","78","0","2024","4","N",2,0,0,0,0,0,0,0,"N",0.57,0,0,0,0,0,0,0,"N",0,0.0,0,0,0,0,0,0,0,0,0,0,0,0,0,0
"13247","5","6212","76","0","2024","4","",43,384,387,397,6175835,422631,6445,1220,"",1.47,1.62,1.63,1.68,1.76,1.44,2.72,1.07,"",3,7.5,3,0.8,7,1.8,20,5.3,235555,4.0,74185,21.3,2273,54.5,15,1.2
"13247","5","62121","77","0","2024","4","",43,384,387,397,6175835,422631,6445,1220,"",1.47,1.62,1.63,1.68,1.76,1.44,2.72,1.07,"",3,7.5,3,0.8,7,1.8,20,5.3,235555,4.0,74185,21.3,2273,54.5,15,1.2
"13247","5","621210","78","0","2024","4","",43,384,387,397,6175835,422631,6445,1220,"",1.47,1.62,1.63,1.68,1.76,1.44,2.72,1.07,"",3,7.5,3,0.8,7,1.8,20,5.3,235555,4.0,74185,21.3,2273,54.5,15,1.2
"13247","5","6213","76","0","2024","4","",51,177,182,172,2370858,178918,2476,1030,"",1.14,0.62,0.63,0.60,0.73,0.49,0.71,1.17,"",7,15.9,-25,-12.4,-18,-9.0,-37,-17.7,-67051,-2.8,-81598,-31.3,-1119,-31.1,109,11.8
"13247","5","62131","77","0","2024","4","",13,54,62,49,672820,70403,449,941,"",1.55,1.64,1.87,1.48,2.10,1.58,1.33,1.26,"",2,18.2,-11,-16.9,5,8.8,-14,-22.2,28937,4.5,738,1.1,199,79.6,138,17.2
"13247","5","621310","78","0","2024","4","",13,54,62,49,672820,70403,449,941,"",1.55,1.64,1.87,1.48,2.10,1.58,1.33,1.26,"",2,18.2,-11,-16.9,5,8.8,-14,-22.2,28937,4.5,738,1.1,199,79.6,138,17.2
"13247","5","62132","77","0","2024","4","",4,41,40,42,598724,39302,854,1123,"",0.87,1.18,1.14,1.20,1.43,0.92,2.77,1.22,"",0,0.0,-6,-12.8,-8,-16.7,-6,-12.5,-74966,-11.1,-29305,-42.7,-537,-38.6,36,3.3
"13247","5","621320","78","0","2024","4","",4,41,40,42,598724,39302,854,1123,"",0.87,1.18,1.14,1.20,1.43,0.92,2.77,1.22,"",0,0.0,-6,-12.8,-8,-16.7,-6,-12.5,-74966,-11.1,-29305,-42.7,-537,-38.6,36,3.3
"13247","5","62133","77","0","2024","4","",9,13,13,12,156584,7186,90,951,"",0.86,0.22,0.22,0.20,0.24,0.08,0.09,1.14,"",1,12.5,8,160.0,8,160.0,8,200.0,121615,347.8,-7137,-49.8,-112,-55.4,375,65.1
"13247","5","621330","78","0","2024","4","",9,13,13,12,156584,7186,90,951,"",0.86,0.22,0.22,0.20,0.24,0.08,0.09,1.14,"",1,12.5,8,160.0,8,160.0,8,200.0,121615,347.8,-7137,-49.8,-112,-55.4,375,65.1
"13247","5","62134","77","0","2024","4","",15,54,53,55,735568,57206,966,1048,"",1.34,0.48,0.47,0.48,0.58,0.44,0.84,1.22,"",2,15.4,-3,-5.3,-8,-13.1,-9,-14.1,24602,3.5,-23850,-29.4,-590,-37.9,147,16.3
"13247","5","621340","78","0","2024","4","",15,54,53,55,735568,57206,966,1048,"",1.34,0.48,0.47,0.48,0.58,0.44,0.84,1.22,"",2,15.4,-3,-5.3,-8,-13.1,-9,-14.1,24602,3.5,-23850,-29.4,-590,-37.9,147,16.3
"13247","5","62139","77","0","2024","4","",10,15,14,14,207162,4821,117,1112,"",0.99,0.34,0.32,0.32,0.34,0.08,0.18,1.06,"",2,25.0,-13,-46.4,-15,-51.7,-16,-53.3,-167239,-44.7,-22044,-82.1,-79,-40.3,119,12.0
"13247","5","621391","78","0","2024","4","N",2,0,0,0,0,0,0,0,"N",1.41,0,0,0,0,0,0,0,"N",0,0.0,0,0,0,0,0,0,0,0,0,0,0,0,0,0
"13247","5","621399","78","0","2024","4","N",8,0,0,0,0,0,0,0,"N",0.92,0,0,0,0,0,0,0,"N",2,33.3,0,0,0,0,0,0,0,0,0,0,0,0,0,0
"13247","5","6214","76","0","2024","4","",16,125,127,131,2013660,125862,815,1213,"",1.41,0.48,0.49,0.50,0.44,0.73,0.50,0.89,"",-1,-5.9,-21,-14.4,-19,-13.0,-12,-8.4,-235417,-10.5,-40604,-24.4,-573,-41.3,20,1.7
"13247","5","62142","77","0","2024","4","N",2,0,0,0,0,0,0,0,"N",0.52,0,0,0,0,0,0,0,"N",0,0.0,0,0,0,0,0,0,0,0,0,0,0,0,0,0
"13247","5","621420","78","0","2024","4","N",2,0,0,0,0,0,0,0,"N",0.52,0,0,0,0,0,0,0,"N",0,0.0,0,0,0,0,0,0,0,0,0,0,0,0,0,0
"13247","5","62149","77","0","2024","4","N",14,0,0,0,0,0,0,0,"N",2.06,0,0,0,0,0,0,0,"N",-1,-6.7,0,0,0,0,0,0,0,0,0,0,0,0,0,0
"13247","5","621491","78","0","2024","4","N",1,0,0,0,0,0,0,0,"N",1.62,0,0,0,0,0,0,0,"N",0,0.0,0,0,0,0,0,0,0,0,0,0,0,0,0,0
"13247","5","621492","78","0","2024","4","",7,74,78,82,1352923,76650,350,1334,"",4.11,2.54,2.66,2.81,2.90,3.07,2.09,1.08,"",0,0.0,-6,-7.5,-3,-3.7,3,3.8,-2601,-0.2,7,0.0,-71,-16.9,31,2.4
"13247","5","621493","78","0","2024","4","",3,19,17,16,131172,13156,194,582,"",1.55,0.47,0.41,0.39,0.20,0.33,0.51,0.47,"N",-1,-25.0,0,0,0,0,0,0,0,0,0,0,0,0,0,0
"13247","5","621498","78","0","2024","4","",3,23,23,24,224992,31328,266,742,"",1.18,0.40,0.39,0.41,0.21,0.82,0.75,0.53,"",0,0.0,-6,-20.7,-5,-17.9,-4,-14.3,19,0.0,-8568,-21.5,47,21.5,131,21.4
"13247","5","6215","76","0","2024","4","",21,90,87,84,1738009,61907,844,1537,"",3.34,1.28,1.24,1.20,1.44,0.92,1.49,1.17,"",-2,-8.7,4,4.7,2,2.4,-4,-4.5,37604,2.2,-13710,-18.1,-284,-25.2,22,1.5
"13247","5","62151","77","0","2024","4","",21,90,87,84,1738009,61907,844,1537,"",3.34,1.28,1.24,1.20,1.44,0.92,1.49,1.17,"",-2,-8.7,4,4.7,2,2.4,-4,-4.5,37604,2.2,-13710,-18.1,-284,-25.2,22,1.5
"13247","5","621511","78","0","2024","4","N",16,0,0,0,0,0,0,0,"N",3.42,0,0,0,0,0,0,0,"N",-2,-11.1,0,0,0,0,0,0,0,0,0,0,0,0,0,0
"13247","5","621512","78","0","2024","4","N",5,0,0,0,0,0,0,0,"N",3.10,0,0,0,0,0,0,0,"N",0,0.0,0,0,0,0,0,0,0,0,0,0,0,0,0,0
"13247","5","6216","76","0","2024","4","",27,471,471,470,3877446,688526,9712,634,"",2.39,1.15,1.14,1.14,1.11,1.57,2.08,0.97,"",2,8.0,92,24.3,66,16.3,64,15.8,465756,13.7,5832,0.9,-3047,-23.9,-28,-4.2
"13247","5","62161","77","0","2024","4","",27,471,471,470,3877446,688526,9712,634,"",2.39,1.15,1.14,1.14,1.11,1.57,2.08,0.97,"",2,8.0,92,24.3,66,16.3,64,15.8,465756,13.7,5832,0.9,-3047,-23.9,-28,-4.2
"13247","5","621610","78","0","2024","4","",27,471,471,470,3877446,688526,9712,634,"",2.39,1.15,1.14,1.14,1.11,1.57,2.08,0.97,"",2,8.0,92,24.3,66,16.3,64,15.8,465756,13.7,5832,0.9,-3047,-23.9,-28,-4.2
"13247","5","6219","76","0","2024","4","",8,108,113,113,1868070,132221,845,1291,"",1.72,1.31,1.37,1.38,1.61,1.64,1.13,1.19,"",-1,-11.1,-1,-0.9,0,0.0,3,2.7,263804,16.4,13773,11.6,25,3.0,176,15.8
"13247","5","62191","77","0","2024","4","",3,103,108,107,1705155,116886,526,1237,"",2.40,2.62,2.74,2.72,3.40,2.78,1.49,1.26,"",-1,-25.0,-2,-1.9,-2,-1.8,0,0.0,193402,12.8,2166,1.9,-261,-33.2,154,14.2
"13247","5","621910","78","0","2024","4","",3,103,108,107,1705155,116886,526,1237,"",2.40,2.62,2.74,2.72,3.40,2.78,1.49,1.26,"",-1,-25.0,-2,-1.9,-2,-1.8,0,0.0,193402,12.8,2166,1.9,-261,-33.2,154,14.2
"13247","5","62199","77","0","2024","4","",5,5,5,6,162915,15335,319,2350,"",1.47,0.12,0.12,0.14,0.25,0.40,0.81,1.99,"",0,0.0,1,25.0,2,66.7,3,100.0,70402,76.1,11607,311.3,286,866.7,215,10.1
"13247","5","621999","78","0","2024","4","",5,5,5,6,162915,15335,319,2350,"",1.74,0.22,0.22,0.26,0.42,0.69,1.26,1.79,"",0,0.0,1,25.0,2,66.7,3,100.0,70402,76.1,11607,311.3,286,866.7,215,10.1
"13247","5","622","75","0","2024","4","N",5,0,0,0,0,0,0,0,"N",1.44,0,0,0,0,0,0,0,"N",0,0.0,0,0,0,0,0,0,0,0,0,0,0,0,0,0
"13247","5","6221","76","0","2024","4","N",3,0,0,0,0,0,0,0,"N",1.17,0,0,0,0,0,0,0,"N",0,0.0,0,0,0,0,0,0,0,0,0,0,0,0,0,0
"13247","5","62211","77","0","2024","4","N",3,0,0,0,0,0,0,0,"N",1.17,0,0,0,0,0,0,0,"N",0,0.0,0,0,0,0,0,0,0,0,0,0,0,0,0,0
"13247","5","622110","78","0","2024","4","N",3,0,0,0,0,0,0,0,"N",1.17,0,0,0,0,0,0,0,"N",0,0.0,0,0,0,0,0,0,0,0,0,0,0,0,0,0
"13247","5","6222","76","0","2024","4","N",1,0,0,0,0,0,0,0,"N",2.96,0,0,0,0,0,0,0,"N",0,0.0,0,0,0,0,0,0,0,0,0,0,0,0,0,0
"13247","5","62221","77","0","2024","4","N",1,0,0,0,0,0,0,0,"N",2.96,0,0,0,0,0,0,0,"N",0,0.0,0,0,0,0,0,0,0,0,0,0,0,0,0,0
"13247","5","622210","78","0","2024","4","N",1,0,0,0,0,0,0,0,"N",2.96,0,0,0,0,0,0,0,"N",0,0.0,0,0,0,0,0,0,0,0,0,0,0,0,0,0
"13247","5","6223","76","0","2024","4","N",1,0,0,0,0,0,0,0,"N",1.78,0,0,0,0,0,0,0,"N",0,0.0,0,0,0,0,0,0,0,0,0,0,0,0,0,0
"13247","5","62231","77","0","2024","4","N",1,0,0,0,0,0,0,0,"N",1.78,0,0,0,0,0,0,0,"N",0,0.0,0,0,0,0,0,0,0,0,0,0,0,0,0,0
"13247","5","622310","78","0","2024","4","N",1,0,0,0,0,0,0,0,"N",1.78,0,0,0,0,0,0,0,"N",0,0.0,0,0,0,0,0,0,0,0,0,0,0,0,0,0
"13247","5","623","75","0","2024","4","N",12,0,0,0,0,0,0,0,"N",0.61,0,0,0,0,0,0,0,"N",-3,-20.0,0,0,0,0,0,0,0,0,0,0,0,0,0,0
"13247","5","6231","76","0","2024","4","",3,292,297,297,3160145,474397,8724,823,"",0.69,0.85,0.86,0.86,0.90,1.13,2.37,1.05,"",-1,-25.0,27,10.2,25,9.2,12,4.2,83315,2.7,38587,8.9,214,2.5,-41,-4.7
"13247","5","62311","77","0","2024","4","",3,292,297,297,3160145,474397,8724,823,"",0.69,0.85,0.86,0.86,0.90,1.13,2.37,1.05,"",-1,-25.0,27,10.2,25,9.2,12,4.2,83315,2.7,38587,8.9,214,2.5,-41,-4.7
"13247","5","623110","78","0","2024","4","",3,292,297,297,3160145,474397,8724,823,"",0.69,0.85,0.86,0.86,0.90,1.13,2.37,1.05,"",-1,-25.0,27,10.2,25,9.2,12,4.2,83315,2.7,38587,8.9,214,2.5,-41,-4.7
"13247","5","6232","76","0","2024","4","N",3,0,0,0,0,0,0,0,"N",0.40,0,0,0,0,0,0,0,"N",-1,-25.0,0,0,0,0,0,0,0,0,0,0,0,0,0,0
"13247","5","62321","77","0","2024","4","N",1,0,0,0,0,0,0,0,"N",0.19,0,0,0,0,0,0,0,"N",-1,-50.0,0,0,0,0,0,0,0,0,0,0,0,0,0,0
"13247","5","623210","78","0","2024","4","N",1,0,0,0,0,0,0,0,"N",0.19,0,0,0,0,0,0,0,"N",-1,-50.0,0,0,0,0,0,0,0,0,0,0,0,0,0,0
"13247","5","62322","77","0","2024","4","N",2,0,0,0,0,0,0,0,"N",0.91,0,0,0,0,0,0,0,"N",0,0.0,0,0,0,0,0,0,0,0,0,0,0,0,0,0
"13247","5","623220","78","0","2024","4","N",2,0,0,0,0,0,0,0,"N",0.91,0,0,0,0,0,0,0,"N",0,0.0,0,0,0,0,0,0,0,0,0,0,0,0,0,0
"13247","5","6233","76","0","2024","4","N",5,0,0,0,0,0,0,0,"N",0.80,0,0,0,0,0,0,0,"N",-1,-16.7,0,0,0,0,0,0,0,0,0,0,0,0,0,0
"13247","5","62331","77","0","2024","4","N",5,0,0,0,0,0,0,0,"N",0.80,0,0,0,0,0,0,0,"N",-1,-16.7,0,0,0,0,0,0,0,0,0,0,0,0,0,0
"13247","5","623312","78","0","2024","4","N",5,0,0,0,0,0,0,0,"N",1.07,0,0,0,0,0,0,0,"N",0,0.0,0,0,0,0,0,0,0,0,0,0,0,0,0,0
"13247","5","6239","76","0","2024","4","N",1,0,0,0,0,0,0,0,"N",0.62,0,0,0,0,0,0,0,"N",0,0.0,0,0,0,0,0,0,0,0,0,0,0,0,0,0
"13247","5","62399","77","0","2024","4","N",1,0,0,0,0,0,0,0,"N",0.62,0,0,0,0,0,0,0,"N",0,0.0,0,0,0,0,0,0,0,0,0,0,0,0,0,0
"13247","5","623990","78","0","2024","4","N",1,0,0,0,0,0,0,0,"N",0.62,0,0,0,0,0,0,0,"N",0,0.0,0,0,0,0,0,0,0,0,0,0,0,0,0,0
"13247","5","624","75","0","2024","4","",86,850,848,823,6696480,1013417,8816,613,"",0.33,0.79,0.78,0.76,0.85,0.90,0.74,1.09,"",1,1.2,-566,-40.0,-533,-38.6,-550,-40.1,-3481103,-34.2,-2085352,-67.3,-31210,-78.0,50,8.9
"13247","5","6241","76","0","2024","4","",53,333,333,310,2798094,387724,4563,662,"",0.22,0.45,0.45,0.42,0.54,0.52,0.54,1.23,"",-1,-1.9,-534,-61.6,-499,-60.0,-514,-62.4,-3453661,-55.2,-1885193,-82.9,-25316,-84.7,90,15.7
"13247","5","62411","77","0","2024","4","",7,103,102,102,1311150,17386,973,986,"",2.30,1.95,1.91,1.92,2.54,0.47,2.54,1.32,"",-1,-12.5,3,3.0,5,5.2,4,4.1,151291,13.0,-42255,-70.8,-37,-3.7,79,8.7
"13247","5","624110","78","0","2024","4","",7,103,102,102,1311150,17386,973,986,"",2.30,1.95,1.91,1.92,2.54,0.47,2.54,1.32,"",-1,-12.5,3,3.0,5,5.2,4,4.1,151291,13.0,-42255,-70.8,-37,-3.7,79,8.7
"13247","5","62412","77","0","2024","4","",34,187,187,184,1118930,304378,3301,463,"",0.15,0.33,0.33,0.33,0.33,0.51,0.49,1.02,"",1,3.0,-541,-74.3,-507,-73.1,-522,-73.9,-3645794,-76.5,-1889552,-86.1,-25321,-88.5,-54,-10.4
"13247","5","624120","78","0","2024","4","",34,187,187,184,1118930,304378,3301,463,"",0.15,0.33,0.33,0.33,0.33,0.51,0.49,1.02,"",1,3.0,-541,-74.3,-507,-73.1,-522,-73.9,-3645794,-76.5,-1889552,-86.1,-25321,-88.5,-54,-10.4
"13247","5","62419","77","0","2024","4","",12,43,44,24,368014,65960,289,765,"",1.23,0.36,0.37,0.20,0.28,0.60,0.23,0.92,"",-1,-7.7,4,10.3,3,7.3,4,20.0,40842,12.5,46614,240.9,42,17.0,10,1.3
"13247","5","624190","78","0","2024","4","",12,43,44,24,368014,65960,289,765,"",1.23,0.36,0.37,0.20,0.28,0.60,0.23,0.92,"",-1,-7.7,4,10.3,3,7.3,4,20.0,40842,12.5,46614,240.9,42,17.0,10,1.3
"13247","5","6242","76","0","2024","4","N",4,0,0,0,0,0,0,0,"N",1.26,0,0,0,0,0,0,0,"N",-1,-20.0,0,0,0,0,0,0,0,0,0,0,0,0,0,0
"13247","5","62421","77","0","2024","4","N",2,0,0,0,0,0,0,0,"N",2.27,0,0,0,0,0,0,0,"N",-1,-33.3,0,0,0,0,0,0,0,0,0,0,0,0,0,0
"13247","5","624210","78","0","2024","4","N",2,0,0,0,0,0,0,0,"N",2.27,0,0,0,0,0,0,0,"N",-1,-33.3,0,0,0,0,0,0,0,0,0,0,0,0,0,0
"13247","5","62422","77","0","2024","4","N",1,0,0,0,0,0,0,0,"N",0.58,0,0,0,0,0,0,0,"N",0,0.0,0,0,0,0,0,0,0,0,0,0,0,0,0,0
"13247","5","624221","78","0","2024","4","N",1,0,0,0,0,0,0,0,"N",1.09,0,0,0,0,0,0,0,"N",0,0.0,0,0,0,0,0,0,0,0,0,0,0,0,0,0
"13247","5","62423","77","0","2024","4","N",1,0,0,0,0,0,0,0,"N",1.73,0,0,0,0,0,0,0,"N",0,0.0,0,0,0,0,0,0,0,0,0,0,0,0,0,0
"13247","5","624230","78","0","2024","4","N",1,0,0,0,0,0,0,0,"N",1.73,0,0,0,0,0,0,0,"N",0,0.0,0,0,0,0,0,0,0,0,0,0,0,0,0,0
"13247","5","6243","76","0","2024","4","N",3,0,0,0,0,0,0,0,"N",1.45,0,0,0,0,0,0,0,"N",1,50.0,0,0,0,0,0,0,0,0,0,0,0,0,0,0
"13247","5","62431","77","0","2024","4","N",3,0,0,0,0,0,0,0,"N",1.45,0,0,0,0,0,0,0,"N",1,50.0,0,0,0,0,0,0,0,0,0,0,0,0,0,0
"13247","5","624310","78","0","2024","4","N",3,0,0,0,0,0,0,0,"N",1.45,0,0,0,0,0,0,0,"N",1,50.0,0,0,0,0,0,0,0,0,0,0,0,0,0,0
"13247","5","6244","76","0","2024","4","",26,402,399,394,2851710,543823,4139,551,"",1.54,1.80,1.78,1.76,1.83,1.83,1.48,1.03,"",2,8.3,-38,-8.6,-38,-8.7,-43,-9.8,-201470,-6.6,-226545,-29.4,-5927,-58.9,15,2.8
"13247","5","62441","77","0","2024","4","",26,402,399,394,2851710,543823,4139,551,"",1.54,1.80,1.78,1.76,1.83,1.83,1.48,1.03,"",2,8.3,-38,-8.6,-38,-8.7,-43,-9.8,-201470,-6.6,-226545,-29.4,-5927,-58.9,15,2.8
"13247","5","624410","78","0","2024","4","",26,402,399,394,2851710,543823,4139,551,"",1.54,1.80,1.78,1.76,1.83,1.83,1.48,1.03,"",2,8.3,-38,-8.6,-38,-8.7,-43,-9.8,-201470,-6.6,-226545,-29.4,-5927,-58.9,15,2.8
"13247","5","71","74","0","2024","4","",28,137,141,145,870029,148804,552,475,"",0.69,0.23,0.25,0.26,0.12,0.24,0.07,0.49,"",5,21.7,13,10.5,16,12.8,14,10.7,124461,16.7,-15480,-9.4,-245,-30.7,22,4.9
"13247","5","711","75","0","2024","4","",10,8,8,9,47975,5738,3,443,"",0.56,0.06,0.06,0.07,0.01,0.03,0.00,0.19,"",-1,-9.1,-5,-38.5,-5,-38.5,-4,-30.8,-13634,-22.1,-10349,-64.3,-210,-98.6,78,21.4
"13247","5","7111","76","0","2024","4","N",2,0,0,0,0,0,0,0,"N",0.70,0,0,0,0,0,0,0,"N",-1,-33.3,0,0,0,0,0,0,0,0,0,0,0,0,0,0
"13247","5","71113","77","0","2024","4","N",2,0,0,0,0,0,0,0,"N",1.52,0,0,0,0,0,0,0,"N",-1,-33.3,0,0,0,0,0,0,0,0,0,0,0,0,0,0
"13247","5","711130","78","0","2024","4","N",2,0,0,0,0,0,0,0,"N",1.52,0,0,0,0,0,0,0,"N",-1,-33.3,0,0,0,0,0,0,0,0,0,0,0,0,0,0
"13247","5","7112","76","0","2024","4","N",2,0,0,0,0,0,0,0,"N",1.06,0,0,0,0,0,0,0,"N",0,0.0,0,0,0,0,0,0,0,0,0,0,0,0,0,0
"13247","5","71121","77","0","2024","4","N",2,0,0,0,0,0,0,0,"N",1.06,0,0,0,0,0,0,0,"N",0,0.0,0,0,0,0,0,0,0,0,0,0,0,0,0,0
"13247","5","711211","78","0","2024","4","N",1,0,0,0,0,0,0,0,"N",1.20,0,0,0,0,0,0,0,"N",0,0.0,0,0,0,0,0,0,0,0,0,0,0,0,0,0
"13247","5","711219","78","0","2024","4","N",1,0,0,0,0,0,0,0,"N",1.12,0,0,0,0,0,0,0,"N",0,0.0,0,0,0,0,0,0,0,0,0,0,0,0,0,0
"13247","5","7114","76","0","2024","4","N",2,0,0,0,0,0,0,0,"N",1.30,0,0,0,0,0,0,0,"N",1,100.0,0,0,0,0,0,0,0,0,0,0,0,0,0,0
"13247","5","71141","77","0","2024","4","N",2,0,0,0,0,0,0,0,"N",1.30,0,0,0,0,0,0,0,"N",1,100.0,0,0,0,0,0,0,0,0,0,0,0,0,0,0
"13247","5","711410","78","0","2024","4","N",2,0,0,0,0,0,0,0,"N",1.30,0,0,0,0,0,0,0,"N",1,100.0,0,0,0,0,0,0,0,0,0,0,0,0,0,0
"13247","5","7115","76","0","2024","4","",4,7,7,7,30238,5738,3,332,"",0.45,0.45,0.47,0.48,0.03,0.19,0.01,0.06,"",-1,-20.0,-1,-12.5,-1,-12.5,-1,-12.5,4848,19.1,-152,-2.6,0,0.0,88,36.1
"13247","5","71151","77","0","2024","4","",4,7,7,7,30238,5738,3,332,"",0.45,0.45,0.47,0.48,0.03,0.19,0.01,0.06,"",-1,-20.0,-1,-12.5,-1,-12.5,-1,-12.5,4848,19.1,-152,-2.6,0,0.0,88,36.1
"13247","5","711510","78","0","2024","4","",4,7,7,7,30238,5738,3,332,"",0.45,0.45,0.47,0.48,0.03,0.19,0.01,0.06,"",-1,-20.0,-1,-12.5,-1,-12.5,-1,-12.5,4848,19.1,-152,-2.6,0,0.0,88,36.1
"13247","5","713","75","0","2024","4","",18,129,133,136,822054,143066,549,477,"",0.86,0.31,0.34,0.34,0.30,0.33,0.11,0.90,"",6,50.0,18,16.2,21,18.8,18,15.3,138095,20.2,-5131,-3.5,-35,-6.0,14,3.0
"13247","5","7139","76","0","2024","4","",18,129,133,136,822054,143066,549,477,"",0.94,0.39,0.42,0.43,0.41,0.41,0.14,0.99,"",6,50.0,18,16.2,21,18.8,18,15.3,138095,20.2,-5131,-3.5,-35,-6.0,14,3.0
"13247","5","71391","77","0","2024","4","",3,40,42,43,265294,38543,30,490,"",1.27,0.40,0.46,0.51,0.35,0.38,0.02,0.77,"",0,0.0,0,0.0,4,10.5,6,16.2,27407,11.5,-3803,-9.0,-365,-92.4,13,2.7
"13247","5","713910","78","0","2024","4","",3,40,42,43,265294,38543,30,490,"",1.27,0.40,0.46,0.51,0.35,0.38,0.02,0.77,"",0,0.0,0,0.0,4,10.5,6,16.2,27407,11.5,-3803,-9.0,-365,-92.4,13,2.7
"13247","5","71394","77","0","2024","4","N",9,0,0,0,0,0,0,0,"N",0.93,0,0,0,0,0,0,0,"N",5,125.0,0,0,0,0,0,0,0,0,0,0,0,0,0,0
"13247","5","713940","78","0","2024","4","N",9,0,0,0,0,0,0,0,"N",0.93,0,0,0,0,0,0,0,"N",5,125.0,0,0,0,0,0,0,0,0,0,0,0,0,0,0
"13247","5","71395","77","0","2024","4","N",1,0,0,0,0,0,0,0,"N",1.40,0,0,0,0,0,0,0,"N",0,0.0,0,0,0,0,0,0,0,0,0,0,0,0,0,0
"13247","5","713950","78","0","2024","4","N",1,0,0,0,0,0,0,0,"N",1.40,0,0,0,0,0,0,0,"N",0,0.0,0,0,0,0,0,0,0,0,0,0,0,0,0,0
"13247","5","71399","77","0","2024","4","",5,16,16,17,228446,6438,174,1076,"",0.93,0.28,0.31,0.34,0.68,0.09,0.24,2.21,"N",1,25.0,0,0,0,0,0,0,0,0,0,0,0,0,0,0
"13247","5","713990","78","0","2024","4","",5,16,16,17,228446,6438,174,1076,"",0.93,0.28,0.31,0.34,0.68,0.09,0.24,2.21,"N",1,25.0,0,0,0,0,0,0,0,0,0,0,0,0,0,0
"13247","5","72","74","0","2024","4","",197,3295,3329,3409,17550308,4913067,59239,404,"",1.16,1.04,1.05,1.08,0.87,1.16,1.49,0.82,"",7,3.7,-22,-0.7,-5,-0.1,89,2.7,365016,2.1,-394802,-7.4,397,0.7,6,1.5
"13247","5","721","75","0","2024","4","",24,264,262,255,1463006,392296,7739,432,"",1.43,0.61,0.62,0.60,0.37,0.62,1.30,0.61,"",1,4.3,-10,-3.6,-1,-0.4,-9,-3.4,-137119,-8.6,-75172,-16.1,-1604,-17.2,-29,-6.3
"13247","5","7211","76","0","2024","4","",24,264,262,255,1463006,392296,7739,432,"",1.66,0.64,0.64,0.62,0.39,0.64,1.35,0.61,"",1,4.3,-10,-3.6,-1,-0.4,-9,-3.4,-137119,-8.6,-75172,-16.1,-1604,-17.2,-29,-6.3
"13247","5","72111","77","0","2024","4","N",23,0,0,0,0,0,0,0,"N",1.74,0,0,0,0,0,0,0,"N",1,4.5,0,0,0,0,0,0,0,0,0,0,0,0,0,0
"13247","5","721110","78","0","2024","4","N",23,0,0,0,0,0,0,0,"N",1.74,0,0,0,0,0,0,0,"N",1,4.5,0,0,0,0,0,0,0,0,0,0,0,0,0,0
"13247","5","72119","77","0","2024","4","N",1,0,0,0,0,0,0,0,"N",0.85,0,0,0,0,0,0,0,"N",0,0.0,0,0,0,0,0,0,0,0,0,0,0,0,0,0
"13247","5","721191","78","0","2024","4","N",1,0,0,0,0,0,0,0,"N",2.02,0,0,0,0,0,0,0,"N",0,0.0,0,0,0,0,0,0,0,0,0,0,0,0,0,0
"13247","5","722","75","0","2024","4","",173,3031,3067,3154,16087302,4520771,51500,401,"",1.13,1.10,1.12,1.15,0.98,1.25,1.52,0.88,"",6,3.6,-12,-0.4,-4,-0.1,98,3.2,502135,3.2,-319630,-6.6,2001,4.0,9,2.3
"13247","5","7223","76","0","2024","4","N",7,0,0,0,0,0,0,0,"N",0.63,0,0,0,0,0,0,0,"N",3,75.0,0,0,0,0,0,0,0,0,0,0,0,0,0,0
"13247","5","72231","77","0","2024","4","",4,14,14,12,213475,30979,89,1232,"",0.73,0.10,0.10,0.09,0.19,0.16,0.02,1.86,"",1,33.3,3,27.3,2,16.7,0,0.0,54091,33.9,9496,44.2,17,23.6,181,17.2
"13247","5","722310","78","0","2024","4","",4,14,14,12,213475,30979,89,1232,"",0.73,0.10,0.10,0.09,0.19,0.16,0.02,1.86,"",1,33.3,3,27.3,2,16.7,0,0.0,54091,33.9,9496,44.2,17,23.6,181,17.2
"13247","5","72232","77","0","2024","4","N",2,0,0,0,0,0,0,0,"N",0.67,0,0,0,0,0,0,0,"N",1,100.0,0,0,0,0,0,0,0,0,0,0,0,0,0,0
"13247","5","722320","78","0","2024","4","N",2,0,0,0,0,0,0,0,"N",0.67,0,0,0,0,0,0,0,"N",1,100.0,0,0,0,0,0,0,0,0,0,0,0,0,0,0
"13247","5","72233","77","0","2024","4","N",1,0,0,0,0,0,0,0,"N",0.38,0,0,0,0,0,0,0,"N",1,100.0,0,0,0,0,0,0,0,0,0,0,0,0,0,0
"13247","5","722330","78","0","2024","4","N",1,0,0,0,0,0,0,0,"N",0.38,0,0,0,0,0,0,0,"N",1,100.0,0,0,0,0,0,0,0,0,0,0,0,0,0,0
"13247","5","7224","76","0","2024","4","N",4,0,0,0,0,0,0,0,"N",0.44,0,0,0,0,0,0,0,"N",-1,-20.0,0,0,0,0,0,0,0,0,0,0,0,0,0,0
"13247","5","72241","77","0","2024","4","N",4,0,0,0,0,0,0,0,"N",0.44,0,0,0,0,0,0,0,"N",-1,-20.0,0,0,0,0,0,0,0,0,0,0,0,0,0,0
"13247","5","722410","78","0","2024","4","N",4,0,0,0,0,0,0,0,"N",0.44,0,0,0,0,0,0,0,"N",-1,-20.0,0,0,0,0,0,0,0,0,0,0,0,0,0,0
"13247","5","7225","76","0","2024","4","",162,2994,3029,3118,15777257,4466311,50817,398,"",1.22,1.22,1.23,1.26,1.10,1.39,1.84,0.89,"",4,2.5,-4,-0.1,4,0.1,108,3.6,676347,4.5,-135600,-2.9,7824,18.2,12,3.1
"13247","5","72251","77","0","2024","4","",162,2994,3029,3118,15777257,4466311,50817,398,"",1.22,1.22,1.23,1.26,1.10,1.39,1.84,0.89,"",4,2.5,-4,-0.1,4,0.1,108,3.6,676347,4.5,-135600,-2.9,7824,18.2,12,3.1
"13247","5","722511","78","0","2024","4","",61,1264,1314,1387,7630178,1725843,12547,444,"",1.07,1.06,1.09,1.15,0.98,1.08,0.86,0.89,"",0,0.0,-64,-4.8,-67,-4.9,40,3.0,-102521,-1.3,-367296,-17.5,-1554,-11.0,4,0.9
"13247","5","722513","78","0","2024","4","",82,1489,1469,1485,7195459,2410737,32587,374,"",1.43,1.44,1.41,1.42,1.36,1.82,3.23,0.95,"",3,3.8,22,1.5,22,1.5,35,2.4,806336,12.6,215126,9.8,9170,39.2,36,10.7
"13247","5","722515","78","0","2024","4","",19,241,246,246,951620,329731,5683,300,"",1.05,1.13,1.16,1.16,0.85,1.18,2.14,0.74,"",1,5.6,38,18.7,49,24.9,33,15.5,-27468,-2.8,16570,5.3,208,3.8,-69,-18.7
"13247","5","81","74","0","2024","4","",216,893,875,865,10168037,1188714,19374,891,"",1.14,0.84,0.82,0.82,0.84,1.07,1.76,1.01,"",30,16.1,19,2.2,0,0.0,-34,-3.8,-89988,-0.9,29697,2.6,-990,-4.9,-3,-0.3
"13247","5","811","75","0","2024","4","",105,521,514,515,6601845,642589,9612,983,"",1.98,1.57,1.55,1.57,1.51,1.66,2.58,0.97,"",13,14.1,9,1.8,7,1.4,8,1.6,-149144,-2.2,11219,1.8,-924,-8.8,-38,-3.7
"13247","5","8111","76","0","2024","4","",88,345,344,342,4421943,402770,6912,990,"",2.36,1.48,1.47,1.47,1.62,1.43,2.76,1.10,"",12,15.8,14,4.2,16,4.9,20,6.2,269613,6.5,-23821,-5.6,-2045,-22.8,13,1.3
"13247","5","81111","77","0","2024","4","",48,110,114,118,1581730,103387,1774,1067,"",2.34,1.10,1.14,1.18,1.26,0.88,1.68,1.10,"",10,26.3,3,2.8,8,7.5,14,13.5,172435,12.2,15806,18.0,584,49.1,41,4.0
"13247","5","811111","78","0","2024","4","",39,94,96,99,1317461,73365,1032,1052,"",2.12,1.05,1.06,1.10,1.16,0.69,1.07,1.09,"",5,14.7,-5,-5.1,-5,-5.0,0,0.0,-26933,-2.0,-10446,-12.5,-140,-11.9,14,1.3
"13247","5","811114","78","0","2024","4","",9,16,18,19,264269,30022,742,1151,"",4.12,1.59,1.79,1.89,2.10,2.75,7.84,1.20,"",5,125.0,8,100.0,13,260.0,14,280.0,199368,307.2,26252,696.3,724,4022.2,319,38.3
"13247","5","81112","77","0","2024","4","",18,127,125,121,2027786,146204,2581,1255,"",1.98,1.92,1.88,1.83,2.16,2.05,4.09,1.15,"",1,5.9,4,3.3,4,3.3,0,0.0,149361,8.0,-13017,-8.2,-1823,-41.4,67,5.6
"13247","5","811121","78","0","2024","4","N",16,0,0,0,0,0,0,0,"N",2.12,0,0,0,0,0,0,0,"N",1,6.7,0,0,0,0,0,0,0,0,0,0,0,0,0,0
"13247","5","811122","78","0","2024","4","N",2,0,0,0,0,0,0,0,"N",1.30,0,0,0,0,0,0,0,"N",0,0.0,0,0,0,0,0,0,0,0,0,0,0,0,0,0
"13247","5","81119","77","0","2024","4","",22,108,105,103,812427,153179,2557,593,"",2.86,1.61,1.56,1.55,1.53,1.66,3.11,0.97,"",1,4.8,7,6.9,4,4.0,6,6.2,-52183,-6.0,-26610,-14.8,-806,-24.0,-74,-11.1
"13247","5","811191","78","0","2024","4","N",6,0,0,0,0,0,0,0,"N",3.30,0,0,0,0,0,0,0,"N",0,0.0,0,0,0,0,0,0,0,0,0,0,0,0,0,0
"13247","5","811192","78","0","2024","4","N",11,0,0,0,0,0,0,0,"N",2.60,0,0,0,0,0,0,0,"N",0,0.0,0,0,0,0,0,0,0,0,0,0,0,0,0,0
"13247","5","811198","78","0","2024","4","N",5,0,0,0,0,0,0,0,"N",3.03,0,0,0,0,0,0,0,"N",1,25.0,0,0,0,0,0,0,0,0,0,0,0,0,0,0
"13247","5","8112","76","0","2024","4","N",6,0,0,0,0,0,0,0,"N",1.75,0,0,0,0,0,0,0,"N",2,50.0,0,0,0,0,0,0,0,0,0,0,0,0,0,0
"13247","5","81121","77","0","2024","4","N",6,0,0,0,0,0,0,0,"N",1.75,0,0,0,0,0,0,0,"N",2,50.0,0,0,0,0,0,0,0,0,0,0,0,0,0,0
"13247","5","811210","78","0","2024","4","N",6,0,0,0,0,0,0,0,"N",1.75,0,0,0,0,0,0,0,"N",2,50.0,0,0,0,0,0,0,0,0,0,0,0,0,0,0
"13247","5","8113","76","0","2024","4","N",7,0,0,0,0,0,0,0,"N",1.03,0,0,0,0,0,0,0,"N",-1,-12.5,0,0,0,0,0,0,0,0,0,0,0,0,0,0
"13247","5","81131","77","0","2024","4","N",7,0,0,0,0,0,0,0,"N",1.03,0,0,0,0,0,0,0,"N",-1,-12.5,0,0,0,0,0,0,0,0,0,0,0,0,0,0
"13247","5","811310","78","0","2024","4","N",7,0,0,0,0,0,0,0,"N",1.03,0,0,0,0,0,0,0,"N",-1,-12.5,0,0,0,0,0,0,0,0,0,0,0,0,0,0
"13247","5","8114","76","0","2024","4","N",4,0,0,0,0,0,0,0,"N",0.74,0,0,0,0,0,0,0,"N",0,0.0,0,0,0,0,0,0,0,0,0,0,0,0,0,0
"13247","5","81142","77","0","2024","4","N",3,0,0,0,0,0,0,0,"N",4.06,0,0,0,0,0,0,0,"N",0,0.0,0,0,0,0,0,0,0,0,0,0,0,0,0,0
"13247","5","811420","78","0","2024","4","N",3,0,0,0,0,0,0,0,"N",4.06,0,0,0,0,0,0,0,"N",0,0.0,0,0,0,0,0,0,0,0,0,0,0,0,0,0
"13247","5","81149","77","0","2024","4","N",1,0,0,0,0,0,0,0,"N",0.37,0,0,0,0,0,0,0,"N",0,0.0,0,0,0,0,0,0,0,0,0,0,0,0,0,0
"13247","5","811490","78","0","2024","4","N",1,0,0,0,0,0,0,0,"N",0.37,0,0,0,0,0,0,0,"N",0,0.0,0,0,0,0,0,0,0,0,0,0,0,0,0,0
"13247","5","812","75","0","2024","4","",68,244,228,222,1693950,313261,4454,563,"",1.19,0.69,0.64,0.63,0.58,0.74,1.10,0.90,"",7,11.5,6,2.5,-19,-7.7,-28,-11.2,-45768,-2.6,-53719,-14.6,-9,-0.2,17,3.1
"13247","5","8121","76","0","2024","4","",41,106,99,95,600812,150209,1664,462,"",1.23,0.63,0.58,0.56,0.50,0.72,0.80,0.84,"",5,13.9,2,1.9,-12,-10.8,-16,-14.4,-122766,-17.0,-39905,-21.0,-773,-31.7,-50,-9.8
"13247","5","81211","77","0","2024","4","N",37,0,0,0,0,0,0,0,"N",1.44,0,0,0,0,0,0,0,"N",5,15.6,0,0,0,0,0,0,0,0,0,0,0,0,0,0
"13247","5","812111","78","0","2024","4","N",1,0,0,0,0,0,0,0,"N",0.56,0,0,0,0,0,0,0,"N",-1,-50.0,0,0,0,0,0,0,0,0,0,0,0,0,0,0
"13247","5","812112","78","0","2024","4","",25,79,69,69,364191,112689,606,387,"",1.50,0.95,0.83,0.83,0.58,1.16,0.72,0.67,"",6,31.6,6,8.2,-10,-12.7,-12,-14.8,-86335,-19.2,-33503,-22.9,-1040,-63.2,-59,-13.2
"13247","5","812113","78","0","2024","4","N",11,0,0,0,0,0,0,0,"N",1.52,0,0,0,0,0,0,0,"N",0,0.0,0,0,0,0,0,0,0,0,0,0,0,0,0,0
"13247","5","81219","77","0","2024","4","N",4,0,0,0,0,0,0,0,"N",0.53,0,0,0,0,0,0,0,"N",0,0.0,0,0,0,0,0,0,0,0,0,0,0,0,0,0
"13247","5","812199","78","0","2024","4","N",4,0,0,0,0,0,0,0,"N",0.57,0,0,0,0,0,0,0,"N",0,0.0,0,0,0,0,0,0,0,0,0,0,0,0,0,0
"13247","5","8122","76","0","2024","4","",8,36,33,37,328871,16724,293,716,"",2.05,1.19,1.09,1.22,1.01,0.65,1.53,0.86,"",1,14.3,-1,-2.7,-7,-17.5,-2,-5.1,-15784,-4.6,-3760,-18.4,220,301.4,30,4.4
"13247","5","81221","77","0","2024","4","N",4,0,0,0,0,0,0,0,"N",1.36,0,0,0,0,0,0,0,"N",1,33.3,0,0,0,0,0,0,0,0,0,0,0,0,0,0
"13247","5","812210","78","0","2024","4","N",4,0,0,0,0,0,0,0,"N",1.36,0,0,0,0,0,0,0,"N",1,33.3,0,0,0,0,0,0,0,0,0,0,0,0,0,0
"13247","5","81222","77","0","2024","4","N",4,0,0,0,0,0,0,0,"N",4.20,0,0,0,0,0,0,0,"N",0,0.0,0,0,0,0,0,0,0,0,0,0,0,0,0,0
"13247","5","812220","78","0","2024","4","N",4,0,0,0,0,0,0,0,"N",4.20,0,0,0,0,0,0,0,"N",0,0.0,0,0,0,0,0,0,0,0,0,0,0,0,0,0
"13247","5","8123","76","0","2024","4","",10,48,46,45,339564,31089,76,564,"",1.70,0.82,0.78,0.77,0.62,0.45,0.13,0.78,"",1,11.1,-1,-2.0,-4,-8.0,-7,-13.5,30652,9.9,-18690,-37.5,-6,-7.3,92,19.5
"13247","5","81231","77","0","2024","4","N",2,0,0,0,0,0,0,0,"N",0.93,0,0,0,0,0,0,0,"N",0,0.0,0,0,0,0,0,0,0,0,0,0,0,0,0,0
"13247","5","812310","78","0","2024","4","N",2,0,0,0,0,0,0,0,"N",0.93,0,0,0,0,0,0,0,"N",0,0.0,0,0,0,0,0,0,0,0,0,0,0,0,0,0
"13247","5","81232","77","0","2024","4","N",8,0,0,0,0,0,0,0,"N",2.55,0,0,0,0,0,0,0,"N",1,14.3,0,0,0,0,0,0,0,0,0,0,0,0,0,0
"13247","5","812320","78","0","2024","4","N",8,0,0,0,0,0,0,0,"N",2.55,0,0,0,0,0,0,0,"N",1,14.3,0,0,0,0,0,0,0,0,0,0,0,0,0,0
"13247","5","8129","76","0","2024","4","",9,54,50,45,424703,115239,2421,658,"",0.63,0.55,0.51,0.46,0.52,0.94,1.96,1.02,"",0,0.0,6,12.5,4,8.7,-3,-6.2,62130,17.1,8636,8.1,550,29.4,69,11.7
"13247","5","81291","77","0","2024","4","",6,46,42,38,349844,100305,2065,641,"",1.02,1.06,0.96,0.87,1.21,1.73,3.91,1.26,"",1,20.0,0,0.0,-1,-2.3,-7,-15.6,14715,4.4,-4868,-4.6,209,11.3,64,11.1
"13247","5","812910","78","0","2024","4","",6,46,42,38,349844,100305,2065,641,"",1.02,1.06,0.96,0.87,1.21,1.73,3.91,1.26,"",1,20.0,0,0.0,-1,-2.3,-7,-15.6,14715,4.4,-4868,-4.6,209,11.3,64,11.1
"13247","5","81293","77","0","2024","4","N",1,0,0,0,0,0,0,0,"N",0.59,0,0,0,0,0,0,0,"N",-1,-50.0,0,0,0,0,0,0,0,0,0,0,0,0,0,0
"13247","5","812930","78","0","2024","4","N",1,0,0,0,0,0,0,0,"N",0.59,0,0,0,0,0,0,0,"N",-1,-50.0,0,0,0,0,0,0,0,0,0,0,0,0,0,0
"13247","5","81299","77","0","2024","4","N",2,0,0,0,0,0,0,0,"N",0.30,0,0,0,0,0,0,0,"N",0,0.0,0,0,0,0,0,0,0,0,0,0,0,0,0,0
"13247","5","812990","78","0","2024","4","N",2,0,0,0,0,0,0,0,"N",0.30,0,0,0,0,0,0,0,"N",0,0.0,0,0,0,0,0,0,0,0,0,0,0,0,0,0
"13247","5","813","75","0","2024","4","",26,116,120,116,1758309,187929,4116,1153,"",0.67,0.35,0.37,0.36,0.40,0.80,1.63,1.12,"",5,23.8,-2,-1.7,6,5.3,-18,-13.4,76979,4.6,44871,31.4,-636,-13.4,93,8.8
"13247","5","8131","76","0","2024","4","N",8,0,0,0,0,0,0,0,"N",1.43,0,0,0,0,0,0,0,"N",4,100.0,0,0,0,0,0,0,0,0,0,0,0,0,0,0
"13247","5","81311","77","0","2024","4","N",8,0,0,0,0,0,0,0,"N",1.43,0,0,0,0,0,0,0,"N",4,100.0,0,0,0,0,0,0,0,0,0,0,0,0,0,0
"13247","5","813110","78","0","2024","4","N",8,0,0,0,0,0,0,0,"N",1.43,0,0,0,0,0,0,0,"N",4,100.0,0,0,0,0,0,0,0,0,0,0,0,0,0,0
"13247","5","8132","76","0","2024","4","",3,15,17,13,200480,100928,2725,1028,"",0.60,0.40,0.45,0.35,0.27,4.41,10.78,0.67,"N",1,50.0,0,0,0,0,0,0,0,0,0,0,0,0,0,0
"13247","5","81321","77","0","2024","4","",3,15,17,13,200480,100928,2725,1028,"",0.60,0.40,0.45,0.35,0.27,4.41,10.78,0.67,"N",1,50.0,0,0,0,0,0,0,0,0,0,0,0,0,0,0
"13247","5","813211","78","0","2024","4","",3,15,17,13,200480,100928,2725,1028,"",1.18,0.84,0.94,0.73,0.50,9.50,24.52,0.60,"N",1,50.0,0,0,0,0,0,0,0,0,0,0,0,0,0,0
"13247","5","8133","76","0","2024","4","",5,35,35,35,367580,14795,1103,808,"",0.62,0.56,0.57,0.58,0.41,0.26,1.68,0.71,"N",0,0.0,0,0,0,0,0,0,0,0,0,0,0,0,0,0
"13247","5","81331","77","0","2024","4","",5,35,35,35,367580,14795,1103,808,"",0.62,0.56,0.57,0.58,0.41,0.26,1.68,0.71,"N",0,0.0,0,0,0,0,0,0,0,0,0,0,0,0,0,0
"13247","5","813319","78","0","2024","4","",5,35,35,35,367580,14795,1103,808,"",1.13,1.16,1.17,1.19,0.83,0.50,3.04,0.71,"N",0,0.0,0,0,0,0,0,0,0,0,0,0,0,0,0,0
"13247","5","8134","76","0","2024","4","N",3,0,0,0,0,0,0,0,"N",0.49,0,0,0,0,0,0,0,"N",0,0.0,0,0,0,0,0,0,0,0,0,0,0,0,0,0
"13247","5","81341","77","0","2024","4","N",3,0,0,0,0,0,0,0,"N",0.49,0,0,0,0,0,0,0,"N",0,0.0,0,0,0,0,0,0,0,0,0,0,0,0,0,0
"13247","5","813410","78","0","2024","4","N",3,0,0,0,0,0,0,0,"N",0.49,0,0,0,0,0,0,0,"N",0,0.0,0,0,0,0,0,0,0,0,0,0,0,0,0,0
"13247","5","8139","76","0","2024","4","",7,50,53,54,995047,55721,111,1463,"",0.50,0.49,0.53,0.55,0.55,0.64,0.12,1.05,"",0,0.0,-3,-5.7,7,15.2,-3,-5.3,4916,0.5,-8004,-12.6,60,117.6,-2,-0.1
"13247","5","81391","77","0","2024","4","",4,15,15,15,269713,911,4,1383,"",0.86,0.56,0.56,0.56,0.43,0.05,0.02,0.77,"",0,0.0,-2,-11.8,-1,-6.2,-1,-6.2,15797,6.2,-1450,-61.4,-10,-71.4,187,15.6
"13247","5","813910","78","0","2024","4","",4,15,15,15,269713,911,4,1383,"",0.86,0.56,0.56,0.56,0.43,0.05,0.02,0.77,"",0,0.0,-2,-11.8,-1,-6.2,-1,-6.2,15797,6.2,-1450,-61.4,-10,-71.4,187,15.6
"13247","5","81393","77","0","2024","4","N",2,0,0,0,0,0,0,0,"N",0.73,0,0,0,0,0,0,0,"N",0,0.0,0,0,0,0,0,0,0,0,0,0,0,0,0,0
"13247","5","813930","78","0","2024","4","N",2,0,0,0,0,0,0,0,"N",0.73,0,0,0,0,0,0,0,"N",0,0.0,0,0,0,0,0,0,0,0,0,0,0,0,0,0
"13247","5","81399","77","0","2024","4","N",1,0,0,0,0,0,0,0,"N",0.31,0,0,0,0,0,0,0,"N",0,0.0,0,0,0,0,0,0,0,0,0,0,0,0,0,0
"13247","5","813990","78","0","2024","4","N",1,0,0,0,0,0,0,0,"N",0.31,0,0,0,0,0,0,0,"N",0,0.0,0,0,0,0,0,0,0,0,0,0,0,0,0,0
"13247","5","814","75","0","2024","4","",17,12,13,12,113933,44935,1192,711,"",0.42,0.25,0.27,0.25,0.25,0.74,1.66,0.98,"",5,41.7,6,100.0,6,85.7,4,50.0,27945,32.5,27326,155.2,579,94.5,-234,-24.8
"13247","5","8141","76","0","2024","4","",17,12,13,12,113933,44935,1192,711,"",0.42,0.25,0.27,0.25,0.25,0.74,1.66,0.98,"",5,41.7,6,100.0,6,85.7,4,50.0,27945,32.5,27326,155.2,579,94.5,-234,-24.8
"13247","5","81411","77","0","2024","4","",17,12,13,12,113933,44935,1192,711,"",0.42,0.25,0.27,0.25,0.25,0.74,1.66,0.98,"",5,41.7,6,100.0,6,85.7,4,50.0,27945,32.5,27326,155.2,579,94.5,-234,-24.8
"13247","5","814110","78","0","2024","4","",17,12,13,12,113933,44935,1192,711,"",0.42,0.25,0.27,0.25,0.25,0.74,1.66,0.98,"",5,41.7,6,100.0,6,85.7,4,50.0,27945,32.5,27326,155.2,579,94.5,-234,-24.8
"13247","5","99","74","0","2024","4","",162,57,57,60,860815,97055,2507,1142,"",2.70,1.13,1.10,1.13,0.88,0.77,1.08,0.79,"",-290,-64.2,-92,-61.7,-91,-61.5,-85,-58.6,-1393113,-61.8,-131246,-57.5,-3273,-56.6,-35,-3.0
"13247","5","999","75","0","2024","4","",162,57,57,60,860815,97055,2507,1142,"",2.70,1.13,1.10,1.13,0.88,0.77,1.08,0.79,"",-290,-64.2,-92,-61.7,-91,-61.5,-85,-58.6,-1393113,-61.8,-131246,-57.5,-3273,-56.6,-35,-3.0
"13247","5","9999","76","0","2024","4","",162,57,57,60,860815,97055,2507,1142,"",2.70,1.13,1.10,1.13,0.88,0.77,1.08,0.79,"",-290,-64.2,-92,-61.7,-91,-61.5,-85,-58.6,-1393113,-61.8,-131246,-57.5,-3273,-56.6,-35,-3.0
"13247","5","99999","77","0","2024","4","",162,57,57,60,860815,97055,2507,1142,"",2.70,1.13,1.10,1.13,0.88,0.77,1.08,0.79,"",-290,-64.2,-92,-61.7,-91,-61.5,-85,-58.6,-1393113,-61.8,-131246,-57.5,-3273,-56.6,-35,-3.0
"13247","5","999999","78","0","2024","4","",162,57,57,60,860815,97055,2507,1142,"",2.70,1.13,1.10,1.13,0.88,0.77,1.08,0.79,"",-290,-64.2,-92,-61.7,-91,-61.5,-85,-58.6,-1393113,-61.8,-131246,-57.5,-3273,-56.6,-35,-3.0
