"area_fips","own_code","industry_code","agglvl_code","size_code","year","qtr","disclosure_code","qtrly_estabs","month1_emplvl","month2_emplvl","month3_emplvl","total_qtrly_wages","taxable_qtrly_wages","qtrly_contributions","avg_wkly_wage","lq_disclosure_code","lq_qtrly_estabs","lq_month1_emplvl","lq_month2_emplvl","lq_month3_emplvl","lq_total_qtrly_wages","lq_taxable_qtrly_wages","lq_qtrly_contributions","lq_avg_wkly_wage","oty_disclosure_code","oty_qtrly_estabs_chg","oty_qtrly_estabs_pct_chg","oty_month1_emplvl_chg","oty_month1_emplvl_pct_chg","oty_month2_emplvl_chg","oty_month2_emplvl_pct_chg","oty_month3_emplvl_chg","oty_month3_emplvl_pct_chg","oty_total_qtrly_wages_chg","oty_total_qtrly_wages_pct_chg","oty_taxable_qtrly_wages_chg","oty_taxable_qtrly_wages_pct_chg","oty_qtrly_contributions_chg","oty_qtrly_contributions_pct_chg","oty_avg_wkly_wage_chg","oty_avg_wkly_wage_pct_chg"
"13135","0","10","70","0","2025","4","",34476,392245,395143,392484,7029644213,393427631,4641074,1375,"",1.00,1.00,1.00,1.00,1.00,1.00,1.00,1.00,"",105,0.3,2672,0.7,4286,1.1,1676,0.4,245576716,3.6,-8065076,-2.0,-285075,-5.8,38,2.8
"13135","1","10","71","0","2025","4","",53,2459,2478,2495,48987899,0,0,1521,"",0.31,0.35,0.35,0.36,0.32,0.00,0.00,0.89,"",0,0.0,-684,-21.8,-677,-21.5,-671,-21.2,-21541457,-30.5,0,0.0,0,0.0,-199,-11.6
"13135","1","102","72","0","2025","4","",53,2459,2478,2495,48987899,0,0,1521,"",0.31,0.36,0.36,0.37,0.32,0.00,0.00,0.89,"",0,0.0,-684,-21.8,-677,-21.5,-671,-21.2,-21541457,-30.5,0,0.0,0,0.0,-199,-11.6
"13135","1","1021","73","0","2025","4","",24,1935,1954,1973,34381878,0,0,1354,"",0.28,1.19,1.18,1.19,1.32,0.00,0.00,1.11,"",0,0.0,-1,-0.1,12,0.6,19,1.0,-925553,-2.6,0,0.0,0,0.0,-43,-3.1
"13135","1","1024","73","0","2025","4","",1,49,49,49,999445,0,0,1569,"",0.23,0.29,0.29,0.30,0.28,0.00,0.00,0.95,"",0,0.0,-2,-3.9,-3,-5.8,-3,-5.8,-5281,-0.5,0,0.0,0,0.0,73,4.9
"13135","1","1028","73","0","2025","4","",28,475,475,473,13606576,0,0,2207,"",0.41,0.12,0.12,0.12,0.14,0.00,0.00,1.15,"",0,0.0,-681,-58.9,-686,-59.1,-687,-59.2,-20610623,-60.2,0,0.0,0,0.0,-64,-2.8
"13135","1","48-49","74","0","2025","4","",24,1935,1954,1973,34381878,0,0,1354,"",0.29,1.29,1.28,1.28,1.43,0.00,0.00,1.12,"",0,0.0,-1,-0.1,12,0.6,19,1.0,-925553,-2.6,0,0.0,0,0.0,-43,-3.1
"13135","1","491","75","0","2025","4","",24,1935,1954,1973,34381878,0,0,1354,"",0.29,1.32,1.31,1.31,1.51,0.00,0.00,1.15,"",0,0.0,-1,-0.1,12,0.6,19,1.0,-925553,-2.6,0,0.0,0,0.0,-43,-3.1
"13135","1","4911","76","0","2025","4","",24,1935,1954,1973,34381878,0,0,1354,"",0.29,1.32,1.31,1.31,1.51,0.00,0.00,1.15,"",0,0.0,-1,-0.1,12,0.6,19,1.0,-925553,-2.6,0,0.0,0,0.0,-43,-3.1
"13135","1","49111","77","0","2025","4","",24,1935,1954,1973,34381878,0,0,1354,"",0.29,1.32,1.31,1.31,1.51,0.00,0.00,1.15,"",0,0.0,-1,-0.1,12,0.6,19,1.0,-925553,-2.6,0,0.0,0,0.0,-43,-3.1
"13135","1","491110","78","0","2025","4","",24,1935,1954,1973,34381878,0,0,1354,"",0.29,1.32,1.31,1.31,1.51,0.00,0.00,1.15,"",0,0.0,-1,-0.1,12,0.6,19,1.0,-925553,-2.6,0,0.0,0,0.0,-43,-3.1
"13135","1","54","74","0","2025","4","",1,49,49,49,999445,0,0,1569,"",0.26,0.30,0.30,0.30,0.28,0.00,0.00,0.94,"",0,0.0,-2,-3.9,-3,-5.8,-3,-5.8,-5281,-0.5,0,0.0,0,0.0,73,4.9
"13135","1","541","75","0","2025","4","",1,49,49,49,999445,0,0,1569,"",0.26,0.30,0.30,0.30,0.28,0.00,0.00,0.94,"",0,0.0,-2,-3.9,-3,-5.8,-3,-5.8,-5281,-0.5,0,0.0,0,0.0,73,4.9
"13135","1","5413","76","0","2025","4","",1,49,49,49,999445,0,0,1569,"",0.41,0.37,0.37,0.38,0.36,0.00,0.00,0.96,"",0,0.0,-2,-3.9,-3,-5.8,-3,-5.8,-5281,-0.5,0,0.0,0,0.0,73,4.9
"13135","1","54133","77","0","2025","4","",1,49,49,49,999445,0,0,1569,"",0.42,0.39,0.39,0.40,0.38,0.00,0.00,0.96,"",0,0.0,-2,-3.9,-3,-5.8,-3,-5.8,-5281,-0.5,0,0.0,0,0.0,73,4.9
"13135","1","541330","78","0","2025","4","",1,49,49,49,999445,0,0,1569,"",0.42,0.39,0.39,0.40,0.38,0.00,0.00,0.96,"",0,0.0,-2,-3.9,-3,-5.8,-3,-5.8,-5281,-0.5,0,0.0,0,0.0,73,4.9
"13135","1","92","74","0","2025","4","",28,475,475,473,13606576,0,0,2207,"",0.41,0.12,0.12,0.12,0.14,0.00,0.00,1.15,"",0,0.0,-681,-58.9,-686,-59.1,-687,-59.2,-20610623,-60.2,0,0.0,0,0.0,-64,-2.8
"13135","1","921","75","0","2025","4","",5,91,91,89,2887061,0,0,2458,"",0.99,0.26,0.26,0.26,0.35,0.00,0.00,1.36,"",0,0.0,-148,-61.9,-151,-62.4,-149,-62.6,-4758411,-62.2,0,0.0,0,0.0,4,0.2
"13135","1","9211","76","0","2025","4","",5,91,91,89,2887061,0,0,2458,"",0.99,0.26,0.26,0.26,0.35,0.00,0.00,1.36,"",0,0.0,-148,-61.9,-151,-62.4,-149,-62.6,-4758411,-62.2,0,0.0,0,0.0,4,0.2
"13135","1","92113","77","0","2025","4","",2,53,53,51,1722957,0,0,2533,"",1.26,0.23,0.23,0.23,0.32,0.00,0.00,1.41,"",0,0.0,-127,-70.6,-128,-70.7,-127,-71.3,-4092961,-70.4,0,0.0,0,0.0,43,1.7
"13135","1","921130","78","0","2025","4","",2,53,53,51,1722957,0,0,2533,"",1.26,0.23,0.23,0.23,0.32,0.00,0.00,1.41,"",0,0.0,-127,-70.6,-128,-70.7,-127,-71.3,-4092961,-70.4,0,0.0,0,0.0,43,1.7
"13135","1","92119","77","0","2025","4","",3,38,38,38,1164104,0,0,2356,"",0.88,0.52,0.52,0.52,0.65,0.00,0.00,1.24,"",0,0.0,-21,-35.6,-23,-37.7,-22,-36.7,-665450,-36.4,0,0.0,0,0.0,10,0.4
"13135","1","921190","78","0","2025","4","",3,38,38,38,1164104,0,0,2356,"",0.88,0.52,0.52,0.52,0.65,0.00,0.00,1.24,"",0,0.0,-21,-35.6,-23,-37.7,-22,-36.7,-665450,-36.4,0,0.0,0,0.0,10,0.4
"13135","1","922","75","0","2025","4","",3,48,48,47,958254,0,0,1546,"",0.30,0.07,0.07,0.07,0.05,0.00,0.00,0.71,"",1,50.0,-35,-42.2,-32,-40.0,-41,-46.6,-1195742,-55.5,0,0.0,0,0.0,-434,-21.9
"13135","1","9221","76","0","2025","4","",3,48,48,47,958254,0,0,1546,"",0.30,0.07,0.07,0.07,0.05,0.00,0.00,0.71,"",1,50.0,-35,-42.2,-32,-40.0,-41,-46.6,-1195742,-55.5,0,0.0,0,0.0,-434,-21.9
"13135","1","92211","77","0","2025","4","",2,2,2,2,73103,0,0,2812,"",0.92,0.02,0.02,0.02,0.04,0.00,0.00,1.51,"",1,100.0,1,100.0,1,100.0,1,100.0,37690,106.4,0,0.0,0,0.0,88,3.2
"13135","1","922110","78","0","2025","4","",2,2,2,2,73103,0,0,2812,"",0.92,0.02,0.02,0.02,0.04,0.00,0.00,1.51,"",1,100.0,1,100.0,1,100.0,1,100.0,37690,106.4,0,0.0,0,0.0,88,3.2
"13135","1","92219","77","0","2025","4","",1,46,46,45,885151,0,0,1491,"",0.63,0.63,0.62,0.61,0.43,0.00,0.00,0.70,"",0,0.0,-36,-43.9,-33,-41.8,-42,-48.3,-1233432,-58.2,0,0.0,0,0.0,-480,-24.4
"13135","1","922190","78","0","2025","4","",1,46,46,45,885151,0,0,1491,"",0.63,0.63,0.62,0.61,0.43,0.00,0.00,0.70,"",0,0.0,-36,-43.9,-33,-41.8,-42,-48.3,-1233432,-58.2,0,0.0,0,0.0,-480,-24.4
"13135","1","923","75","0","2025","4","",6,106,106,105,3001169,0,0,2185,"",0.80,0.20,0.19,0.19,0.22,0.00,0.00,1.11,"",-1,-14.3,-397,-78.9,-394,-78.8,-392,-78.9,-11948228,-79.9,0,0.0,0,0.0,-115,-5.0
"13135","1","9231","76","0","2025","4","",6,106,106,105,3001169,0,0,2185,"",0.80,0.20,0.19,0.19,0.22,0.00,0.00,1.11,"",-1,-14.3,-397,-78.9,-394,-78.8,-392,-78.9,-11948228,-79.9,0,0.0,0,0.0,-115,-5.0
"13135","1","92311","77","0","2025","4","",1,7,7,7,250077,0,0,2748,"",2.95,1.77,1.76,1.80,1.81,0.00,0.00,1.02,"",0,0.0,-6,-46.2,-6,-46.2,-7,-50.0,-237734,-48.7,0,0.0,0,0.0,-66,-2.3
"13135","1","923110","78","0","2025","4","",1,7,7,7,250077,0,0,2748,"",2.95,1.77,1.76,1.80,1.81,0.00,0.00,1.02,"",0,0.0,-6,-46.2,-6,-46.2,-7,-50.0,-237734,-48.7,0,0.0,0,0.0,-66,-2.3
"13135","1","92312","77","0","2025","4","",4,34,34,34,1072113,0,0,2426,"",1.80,0.26,0.26,0.26,0.27,0.00,0.00,1.06,"",-1,-20.0,-387,-91.9,-385,-91.9,-381,-91.8,-11736467,-91.6,0,0.0,0,0.0,71,3.0
"13135","1","923120","78","0","2025","4","",4,34,34,34,1072113,0,0,2426,"",1.80,0.26,0.26,0.26,0.27,0.00,0.00,1.06,"",-1,-20.0,-387,-91.9,-385,-91.9,-381,-91.8,-11736467,-91.6,0,0.0,0,0.0,71,3.0
"13135","1","92313","77","0","2025","4","",1,65,65,64,1678979,0,0,1997,"",0.25,0.44,0.44,0.44,0.44,0.00,0.00,1.00,"",0,0.0,-4,-5.8,-3,-4.4,-4,-5.9,25973,1.6,0,0.0,0,0.0,136,7.3
"13135","1","923130","78","0","2025","4","",1,65,65,64,1678979,0,0,1997,"",0.25,0.44,0.44,0.44,0.44,0.00,0.00,1.00,"",0,0.0,-4,-5.8,-3,-4.4,-4,-5.9,25973,1.6,0,0.0,0,0.0,136,7.3
"13135","1","924","75","0","2025","4","",5,92,92,92,2684975,0,0,2245,"",0.35,0.41,0.40,0.41,0.50,0.00,0.00,1.24,"",1,25.0,-22,-19.3,-22,-19.3,-23,-20.0,-672839,-20.0,0,0.0,0,0.0,-14,-0.6
"13135","1","9241","76","0","2025","4","",5,92,92,92,2684975,0,0,2245,"",0.35,0.41,0.40,0.41,0.50,0.00,0.00,1.24,"",1,25.0,-22,-19.3,-22,-19.3,-23,-20.0,-672839,-20.0,0,0.0,0,0.0,-14,-0.6
"13135","1","92411","77","0","2025","4","",1,2,2,2,64852,0,0,2494,"",1.03,0.05,0.05,0.05,0.05,0.00,0.00,1.13,"",0,0.0,-6,-75.0,-6,-75.0,-7,-77.8,-200137,-75.5,0,0.0,0,0.0,48,2.0
"13135","1","924110","78","0","2025","4","",1,2,2,2,64852,0,0,2494,"",1.03,0.05,0.05,0.05,0.05,0.00,0.00,1.13,"",0,0.0,-6,-75.0,-6,-75.0,-7,-77.8,-200137,-75.5,0,0.0,0,0.0,48,2.0
"13135","1","92412","77","0","2025","4","",4,90,90,90,2620123,0,0,2239,"",0.30,0.49,0.49,0.49,0.64,0.00,0.00,1.31,"",1,33.3,-16,-15.1,-16,-15.1,-16,-15.1,-472702,-15.3,0,0.0,0,0.0,-5,-0.2
"13135","1","924120","78","0","2025","4","",4,90,90,90,2620123,0,0,2239,"",0.30,0.49,0.49,0.49,0.64,0.00,0.00,1.31,"",1,33.3,-16,-15.1,-16,-15.1,-16,-15.1,-472702,-15.3,0,0.0,0,0.0,-5,-0.2
"13135","1","926","75","0","2025","4","",7,114,114,119,3536657,0,0,2352,"",0.30,0.20,0.20,0.21,0.22,0.00,0.00,1.09,"",-1,-12.5,-78,-40.6,-86,-43.0,-78,-39.6,-1946282,-35.5,0,0.0,0,0.0,204,9.5
"13135","1","9261","76","0","2025","4","",7,114,114,119,3536657,0,0,2352,"",0.30,0.20,0.20,0.21,0.22,0.00,0.00,1.09,"",-1,-12.5,-78,-40.6,-86,-43.0,-78,-39.6,-1946282,-35.5,0,0.0,0,0.0,204,9.5
"13135","1","92611","77","0","2025","4","",2,31,31,37,546902,0,0,1275,"",0.23,0.33,0.33,0.40,0.21,0.00,0.00,0.59,"",0,0.0,-36,-53.7,-43,-58.1,-34,-47.9,-723161,-56.9,0,0.0,0,0.0,-108,-7.8
"13135","1","926110","78","0","2025","4","",2,31,31,37,546902,0,0,1275,"",0.23,0.33,0.33,0.40,0.21,0.00,0.00,0.59,"",0,0.0,-36,-53.7,-43,-58.1,-34,-47.9,-723161,-56.9,0,0.0,0,0.0,-108,-7.8
"13135","1","92612","77","0","2025","4","",1,10,10,10,355618,0,0,2736,"",0.36,0.04,0.04,0.04,0.05,0.00,0.00,1.43,"",0,0.0,-10,-50.0,-9,-47.4,-9,-47.4,-444897,-55.6,0,0.0,0,0.0,-449,-14.1
"13135","1","926120","78","0","2025","4","",1,10,10,10,355618,0,0,2736,"",0.36,0.04,0.04,0.04,0.05,0.00,0.00,1.43,"",0,0.0,-10,-50.0,-9,-47.4,-9,-47.4,-444897,-55.6,0,0.0,0,0.0,-449,-14.1
"13135","1","92613","77","0","2025","4","",1,1,1,1,35333,0,0,2718,"",1.53,0.03,0.03,0.03,0.02,0.00,0.00,0.77,"",-1,-50.0,-2,-66.7,-2,-66.7,-2,-66.7,-98895,-73.7,0,0.0,0,0.0,-724,-21.0
"13135","1","926130","78","0","2025","4","",1,1,1,1,35333,0,0,2718,"",1.53,0.03,0.03,0.03,0.02,0.00,0.00,0.77,"",-1,-50.0,-2,-66.7,-2,-66.7,-2,-66.7,-98895,-73.7,0,0.0,0,0.0,-724,-21.0
"13135","1","92614","77","0","2025","4","",2,24,24,23,807122,0,0,2623,"",0.23,0.25,0.25,0.22,0.35,0.00,0.00,1.45,"",0,0.0,-18,-42.9,-19,-44.2,-20,-46.5,-408635,-33.6,0,0.0,0,0.0,431,19.7
"13135","1","926140","78","0","2025","4","",2,24,24,23,807122,0,0,2623,"",0.23,0.25,0.25,0.22,0.35,0.00,0.00,1.45,"",0,0.0,-18,-42.9,-19,-44.2,-20,-46.5,-408635,-33.6,0,0.0,0,0.0,431,19.7
"13135","1","92615","77","0","2025","4","",1,48,48,48,1791682,0,0,2871,"",0.37,0.62,0.61,0.62,0.63,0.00,0.00,1.01,"",0,0.0,-12,-20.0,-13,-21.3,-13,-21.3,-270694,-13.1,0,0.0,0,0.0,256,9.8
"13135","1","926150","78","0","2025","4","",1,48,48,48,1791682,0,0,2871,"",0.37,0.62,0.61,0.62,0.63,0.00,0.00,1.01,"",0,0.0,-12,-20.0,-13,-21.3,-13,-21.3,-270694,-13.1,0,0.0,0,0.0,256,9.8
"13135","1","928","75","0","2025","4","",2,24,24,21,538460,0,0,1801,"",0.28,0.02,0.02,0.02,0.02,0.00,0.00,1.06,"",0,0.0,-1,-4.0,-1,-4.0,-4,-16.0,-89121,-14.2,0,0.0,0,0.0,-130,-6.7
"13135","1","9281","76","0","2025","4","",2,24,24,21,538460,0,0,1801,"",0.28,0.02,0.02,0.02,0.02,0.00,0.00,1.06,"",0,0.0,-1,-4.0,-1,-4.0,-4,-16.0,-89121,-14.2,0,0.0,0,0.0,-130,-6.7
"13135","1","92811","77","0","2025","4","",1,24,24,21,538460,0,0,1801,"",0.18,0.02,0.02,0.02,0.02,0.00,0.00,1.10,"",0,0.0,0,0.0,0,0.0,-3,-12.5,-52533,-8.9,0,0.0,0,0.0,-93,-4.9
"13135","1","928110","78","0","2025","4","",1,24,24,21,538460,0,0,1801,"",0.18,0.02,0.02,0.02,0.02,0.00,0.00,1.10,"",0,0.0,0,0.0,0,0.0,-3,-12.5,-52533,-8.9,0,0.0,0,0.0,-93,-4.9
"13135","1","92812","77","0","2025","4","",1,0,0,0,0,0,0,0,"",0.69,0.00,0.00,0.00,0.00,0.00,0.00,0.00,"",0,0.0,-1,-100.0,-1,-100.0,-1,-100.0,-36588,-100.0,0,0.0,0,0.0,-2814,-100.0
"13135","1","928120","78","0","2025","4","",1,0,0,0,0,0,0,0,"",0.69,0.00,0.00,0.00,0.00,0.00,0.00,0.00,"",0,0.0,-1,-100.0,-1,-100.0,-1,-100.0,-36588,-100.0,0,0.0,0,0.0,-2814,-100.0
"13135","2","10","71","0","2025","4","",50,3519,3509,3510,50093748,0,0,1097,"",0.25,0.28,0.28,0.28,0.21,0.00,0.00,0.75,"",1,2.0,64,1.9,20,0.6,42,1.2,1135567,2.3,0,0.0,0,0.0,12,1.1
"13135","2","102","72","0","2025","4","",50,3519,3509,3510,50093748,0,0,1097,"",0.25,0.29,0.29,0.29,0.22,0.00,0.00,0.75,"",1,2.0,64,1.9,20,0.6,42,1.2,1135567,2.3,0,0.0,0,0.0,12,1.1
"13135","2","1021","73","0","2025","4","",1,7,7,7,76693,0,0,843,"",0.37,0.05,0.05,0.05,0.03,0.00,0.00,0.57,"",0,0.0,-1,-12.5,0,0.0,0,0.0,-970,-1.2,0,0.0,0,0.0,28,3.4
"13135","2","1022","73","0","2025","4","",16,289,286,286,3600100,0,0,965,"",18.58,18.48,18.14,18.25,15.77,0.00,0.00,0.86,"",0,0.0,-13,-4.3,-14,-4.7,-15,-5.0,138872,4.0,0,0.0,0,0.0,80,9.0
"13135","2","1025","73","0","2025","4","",10,2674,2672,2674,38048985,0,0,1095,"",0.23,0.38,0.37,0.38,0.29,0.00,0.00,0.76,"",0,0.0,97,3.8,53,2.0,84,3.2,815027,2.2,0,0.0,0,0.0,-9,-0.8
"13135","2","1027","73","0","2025","4","",1,1,1,1,13491,0,0,1038,"N",2.01,0,0,0,0,0,0,0,"",0,0.0,-1,-50.0,-1,-50.0,-1,-50.0,-22967,-63.0,0,0.0,0,0.0,-364,-26.0
"13135","2","1028","73","0","2025","4","",22,548,543,542,8354479,0,0,1181,"",0.15,0.12,0.11,0.11,0.09,0.00,0.00,0.80,"",1,4.8,-18,-3.2,-18,-3.2,-26,-4.6,205605,2.5,0,0.0,0,0.0,72,6.5
"13135","2","48-49","74","0","2025","4","",1,7,7,7,76693,0,0,843,"",0.77,0.06,0.06,0.06,0.03,0.00,0.00,0.53,"",0,0.0,-1,-12.5,0,0.0,0,0.0,-970,-1.2,0,0.0,0,0.0,28,3.4
"13135","2","488","75","0","2025","4","",1,7,7,7,76693,0,0,843,"",0.97,0.18,0.17,0.18,0.10,0.00,0.00,0.59,"",0,0.0,-1,-12.5,0,0.0,0,0.0,-970,-1.2,0,0.0,0,0.0,28,3.4
"13135","2","4881","76","0","2025","4","",1,7,7,7,76693,0,0,843,"",2.12,0.63,0.62,0.62,0.48,0.00,0.00,0.78,"",0,0.0,-1,-12.5,0,0.0,0,0.0,-970,-1.2,0,0.0,0,0.0,28,3.4
"13135","2","48811","77","0","2025","4","",1,7,7,7,76693,0,0,843,"N",2.13,0,0,0,0,0,0,0,"",0,0.0,-1,-12.5,0,0.0,0,0.0,-970,-1.2,0,0.0,0,0.0,28,3.4
"13135","2","488111","78","0","2025","4","",1,7,7,7,76693,0,0,843,"",2.24,0.69,0.68,0.68,0.57,0.00,0.00,0.83,"",0,0.0,-1,-12.5,0,0.0,0,0.0,-970,-1.2,0,0.0,0,0.0,28,3.4
"13135","2","51","74","0","2025","4","",16,289,286,286,3600100,0,0,965,"",18.58,18.48,18.14,18.25,15.77,0.00,0.00,0.86,"",0,0.0,-13,-4.3,-14,-4.7,-15,-5.0,138872,4.0,0,0.0,0,0.0,80,9.0
"13135","2","519","75","0","2025","4","",16,289,286,286,3600100,0,0,965,"",25.46,26.59,25.89,26.07,27.36,0.00,0.00,1.04,"",0,0.0,-13,-4.3,-14,-4.7,-15,-5.0,138872,4.0,0,0.0,0,0.0,80,9.0
"13135","2","5192","76","0","2025","4","",16,289,286,286,3600100,0,0,965,"",25.46,26.59,25.89,26.07,27.36,0.00,0.00,1.04,"",0,0.0,-13,-4.3,-14,-4.7,-15,-5.0,138872,4.0,0,0.0,0,0.0,80,9.0
"13135","2","51921","77","0","2025","4","",16,289,286,286,3600100,0,0,965,"",25.46,26.59,25.89,26.07,27.36,0.00,0.00,1.04,"",0,0.0,-13,-4.3,-14,-4.7,-15,-5.0,138872,4.0,0,0.0,0,0.0,80,9.0
"13135","2","519210","78","0","2025","4","",16,289,286,286,3600100,0,0,965,"",25.46,26.59,25.89,26.07,27.36,0.00,0.00,1.04,"",0,0.0,-13,-4.3,-14,-4.7,-15,-5.0,138872,4.0,0,0.0,0,0.0,80,9.0
"13135","2","61","74","0","2025","4","",2,1989,1990,1980,27481325,0,0,1064,"",0.08,0.38,0.37,0.38,0.29,0.00,0.00,0.76,"",0,0.0,80,4.2,55,2.8,64,3.3,341317,1.3,0,0.0,0,0.0,-23,-2.1
"13135","2","611","75","0","2025","4","",2,1989,1990,1980,27481325,0,0,1064,"",0.08,0.38,0.37,0.38,0.29,0.00,0.00,0.76,"",0,0.0,80,4.2,55,2.8,64,3.3,341317,1.3,0,0.0,0,0.0,-23,-2.1
"13135","2","6112","76","0","2025","4","",1,936,935,919,8291547,0,0,686,"",0.40,1.71,1.68,1.71,1.30,0.00,0.00,0.77,"",0,0.0,49,5.5,27,3.0,27,3.0,81032,1.0,0,0.0,0,0.0,-19,-2.7
"13135","2","61121","77","0","2025","4","",1,936,935,919,8291547,0,0,686,"",0.40,1.71,1.68,1.71,1.30,0.00,0.00,0.77,"",0,0.0,49,5.5,27,3.0,27,3.0,81032,1.0,0,0.0,0,0.0,-19,-2.7
"13135","2","611210","78","0","2025","4","",1,936,935,919,8291547,0,0,686,"",0.40,1.71,1.68,1.71,1.30,0.00,0.00,0.77,"",0,0.0,49,5.5,27,3.0,27,3.0,81032,1.0,0,0.0,0,0.0,-19,-2.7
"13135","2","6113","76","0","2025","4","",1,1053,1055,1061,19189778,0,0,1397,"",0.06,0.23,0.23,0.23,0.22,0.00,0.00,0.95,"",0,0.0,31,3.0,28,2.7,37,3.6,260285,1.4,0,0.0,0,0.0,-25,-1.8
"13135","2","61131","77","0","2025","4","",1,1053,1055,1061,19189778,0,0,1397,"",0.06,0.23,0.23,0.23,0.22,0.00,0.00,0.95,"",0,0.0,31,3.0,28,2.7,37,3.6,260285,1.4,0,0.0,0,0.0,-25,-1.8
"13135","2","611310","78","0","2025","4","",1,1053,1055,1061,19189778,0,0,1397,"",0.06,0.23,0.23,0.23,0.22,0.00,0.00,0.95,"",0,0.0,31,3.0,28,2.7,37,3.6,260285,1.4,0,0.0,0,0.0,-25,-1.8
"13135","2","62","74","0","2025","4","",8,685,682,694,10567660,0,0,1183,"",0.42,0.38,0.38,0.38,0.28,0.00,0.00,0.74,"",0,0.0,17,2.5,-2,-0.3,20,3.0,473710,4.7,0,0.0,0,0.0,33,2.9
"13135","2","621","75","0","2025","4","",4,626,623,633,9886638,0,0,1212,"",1.12,5.45,5.41,5.59,4.60,0.00,0.00,0.84,"",0,0.0,13,2.1,-1,-0.2,18,2.9,504654,5.4,0,0.0,0,0.0,43,3.7
"13135","2","6214","76","0","2025","4","",4,626,623,633,9886638,0,0,1212,"",1.68,10.48,10.40,10.79,10.38,0.00,0.00,0.98,"",0,0.0,13,2.1,-1,-0.2,18,2.9,504654,5.4,0,0.0,0,0.0,43,3.7
"13135","2","62142","77","0","2025","4","",3,342,344,351,4921649,0,0,1095,"",2.15,10.68,10.74,10.97,10.06,0.00,0.00,0.93,"",0,0.0,6,1.8,0,0.0,11,3.2,-107038,-2.1,0,0.0,0,0.0,-43,-3.8
"13135","2","621420","78","0","2025","4","",3,342,344,351,4921649,0,0,1095,"",2.15,10.68,10.74,10.97,10.06,0.00,0.00,0.93,"",0,0.0,6,1.8,0,0.0,11,3.2,-107038,-2.1,0,0.0,0,0.0,-43,-3.8
"13135","2","62149","77","0","2025","4","",1,284,279,282,4964989,0,0,1356,"",1.03,10.34,10.11,10.66,10.79,0.00,0.00,1.04,"",0,0.0,7,2.5,-1,-0.4,7,2.5,611692,14.1,0,0.0,0,0.0,149,12.3
"13135","2","621498","78","0","2025","4","",1,284,279,282,4964989,0,0,1356,"N",1.12,0,0,0,0,0,0,0,"",0,0.0,7,2.5,-1,-0.4,7,2.5,611692,14.1,0,0.0,0,0.0,149,12.3
"13135","2","623","75","0","2025","4","",2,18,20,20,204992,0,0,816,"",0.39,0.07,0.07,0.07,0.04,0.00,0.00,0.62,"",0,0.0,-1,-5.3,-1,-4.8,1,5.3,-32301,-13.6,0,0.0,0,0.0,-112,-12.1
"13135","2","6232","76","0","2025","4","",2,18,20,20,204992,0,0,816,"",0.68,0.10,0.11,0.11,0.06,0.00,0.00,0.60,"",0,0.0,-1,-5.3,-1,-4.8,1,5.3,-32301,-13.6,0,0.0,0,0.0,-112,-12.1
"13135","2","62321","77","0","2025","4","",1,10,11,11,119624,0,0,863,"",0.40,0.06,0.07,0.07,0.04,0.00,0.00,0.63,"",0,0.0,-1,-9.1,-1,-8.3,1,10.0,-27106,-18.5,0,0.0,0,0.0,-163,-15.9
"13135","2","623210","78","0","2025","4","",1,10,11,11,119624,0,0,863,"",0.40,0.06,0.07,0.07,0.04,0.00,0.00,0.63,"",0,0.0,-1,-9.1,-1,-8.3,1,10.0,-27106,-18.5,0,0.0,0,0.0,-163,-15.9
"13135","2","62322","77","0","2025","4","",1,8,9,9,85368,0,0,758,"",2.23,0.38,0.42,0.42,0.24,0.00,0.00,0.58,"",0,0.0,0,0.0,0,0.0,0,0.0,-5195,-5.7,0,0.0,0,0.0,-46,-5.7
"13135","2","623220","78","0","2025","4","",1,8,9,9,85368,0,0,758,"",2.23,0.38,0.42,0.42,0.24,0.00,0.00,0.58,"",0,0.0,0,0.0,0,0.0,0,0.0,-5195,-5.7,0,0.0,0,0.0,-46,-5.7
"13135","2","624","75","0","2025","4","",2,41,39,41,476030,0,0,908,"",0.27,0.17,0.16,0.17,0.13,0.00,0.00,0.79,"",0,0.0,5,13.9,0,0.0,1,2.5,1357,0.3,0,0.0,0,0.0,-45,-4.7
"13135","2","6241","76","0","2025","4","",2,41,39,41,476030,0,0,908,"",0.37,0.19,0.18,0.19,0.15,0.00,0.00,0.78,"",0,0.0,5,13.9,0,0.0,1,2.5,1357,0.3,0,0.0,0,0.0,-45,-4.7
"13135","2","62419","77","0","2025","4","",2,41,39,41,476030,0,0,908,"",0.64,0.31,0.29,0.31,0.24,0.00,0.00,0.78,"",0,0.0,5,13.9,0,0.0,1,2.5,1357,0.3,0,0.0,0,0.0,-45,-4.7
"13135","2","624190","78","0","2025","4","",2,41,39,41,476030,0,0,908,"",0.64,0.31,0.29,0.31,0.24,0.00,0.00,0.78,"",0,0.0,5,13.9,0,0.0,1,2.5,1357,0.3,0,0.0,0,0.0,-45,-4.7
"13135","2","81","74","0","2025","4","",1,1,1,1,13491,0,0,1038,"N",2.01,0,0,0,0,0,0,0,"",0,0.0,-1,-50.0,-1,-50.0,-1,-50.0,-22967,-63.0,0,0.0,0,0.0,-364,-26.0
"13135","2","813","75","0","2025","4","",1,1,1,1,13491,0,0,1038,"",2.53,0.09,0.09,0.10,0.11,0.00,0.00,1.16,"",0,0.0,-1,-50.0,-1,-50.0,-1,-50.0,-22967,-63.0,0,0.0,0,0.0,-364,-26.0
"13135","2","8133","76","0","2025","4","",1,1,1,1,13491,0,0,1038,"N",3.71,0,0,0,0,0,0,0,"",0,0.0,-1,-50.0,-1,-50.0,-1,-50.0,-22967,-63.0,0,0.0,0,0.0,-364,-26.0
"13135","2","81331","77","0","2025","4","",1,1,1,1,13491,0,0,1038,"N",3.71,0,0,0,0,0,0,0,"",0,0.0,-1,-50.0,-1,-50.0,-1,-50.0,-22967,-63.0,0,0.0,0,0.0,-364,-26.0
"13135","2","813319","78","0","2025","4","",1,1,1,1,13491,0,0,1038,"",4.01,0.26,0.25,0.26,0.35,0.00,0.00,1.35,"",0,0.0,-1,-50.0,-1,-50.0,-1,-50.0,-22967,-63.0,0,0.0,0,0.0,-364,-26.0
"13135","2","92","74","0","2025","4","",22,548,543,542,8354479,0,0,1181,"",0.15,0.12,0.11,0.11,0.09,0.00,0.00,0.80,"",1,4.8,-18,-3.2,-18,-3.2,-26,-4.6,205605,2.5,0,0.0,0,0.0,72,6.5
"13135","2","921","75","0","2025","4","",4,47,46,47,656698,0,0,1082,"",0.22,0.08,0.07,0.08,0.05,0.00,0.00,0.68,"",0,0.0,-18,-27.7,-17,-27.0,-16,-25.4,-94705,-12.6,0,0.0,0,0.0,174,19.2
"13135","2","9211","76","0","2025","4","",4,47,46,47,656698,0,0,1082,"",0.22,0.08,0.07,0.08,0.05,0.00,0.00,0.68,"",0,0.0,-18,-27.7,-17,-27.0,-16,-25.4,-94705,-12.6,0,0.0,0,0.0,174,19.2
"13135","2","92119","77","0","2025","4","",4,47,46,47,656698,0,0,1082,"",0.48,0.20,0.19,0.20,0.13,0.00,0.00,0.66,"",0,0.0,-18,-27.7,-17,-27.0,-16,-25.4,-94705,-12.6,0,0.0,0,0.0,174,19.2
"13135","2","921190","78","0","2025","4","",4,47,46,47,656698,0,0,1082,"",0.48,0.20,0.19,0.20,0.13,0.00,0.00,0.66,"",0,0.0,-18,-27.7,-17,-27.0,-16,-25.4,-94705,-12.6,0,0.0,0,0.0,174,19.2
"13135","2","922","75","0","2025","4","",6,267,266,264,4525354,0,0,1310,"",0.15,0.15,0.15,0.15,0.13,0.00,0.00,0.85,"",0,0.0,-6,-2.2,-3,-1.1,-11,-4.0,303028,7.2,0,0.0,0,0.0,117,9.8
"13135","2","9221","76","0","2025","4","",6,267,266,264,4525354,0,0,1310,"",0.15,0.15,0.15,0.15,0.13,0.00,0.00,0.85,"",0,0.0,-6,-2.2,-3,-1.1,-11,-4.0,303028,7.2,0,0.0,0,0.0,117,9.8
"13135","2","92211","77","0","2025","4","",1,13,14,13,401916,0,0,2319,"",0.09,0.05,0.05,0.05,0.07,0.00,0.00,1.49,"",0,0.0,1,8.3,2,16.7,1,8.3,4486,1.1,0,0.0,0,0.0,-229,-9.0
"13135","2","922110","78","0","2025","4","",1,13,14,13,401916,0,0,2319,"",0.09,0.05,0.05,0.05,0.07,0.00,0.00,1.49,"",0,0.0,1,8.3,2,16.7,1,8.3,4486,1.1,0,0.0,0,0.0,-229,-9.0
"13135","2","92213","77","0","2025","4","",1,20,20,21,486059,0,0,1839,"",0.17,0.12,0.12,0.13,0.14,0.00,0.00,1.15,"",0,0.0,1,5.3,1,5.3,1,5.0,23292,5.0,0,0.0,0,0.0,-2,-0.1
"13135","2","922130","78","0","2025","4","",1,20,20,21,486059,0,0,1839,"",0.17,0.12,0.12,0.13,0.14,0.00,0.00,1.15,"",0,0.0,1,5.3,1,5.3,1,5.0,23292,5.0,0,0.0,0,0.0,-2,-0.1
"13135","2","92214","77","0","2025","4","",3,168,166,164,2721511,0,0,1261,"",0.26,0.18,0.18,0.18,0.16,0.00,0.00,0.89,"",0,0.0,3,1.8,2,1.2,-6,-3.5,349374,14.7,0,0.0,0,0.0,164,14.9
"13135","2","922140","78","0","2025","4","",3,168,166,164,2721511,0,0,1261,"",0.26,0.18,0.18,0.18,0.16,0.00,0.00,0.89,"",0,0.0,3,1.8,2,1.2,-6,-3.5,349374,14.7,0,0.0,0,0.0,164,14.9
"13135","2","92215","77","0","2025","4","",1,66,66,66,915868,0,0,1067,"",0.38,1.30,1.29,1.29,1.04,0.00,0.00,0.80,"",0,0.0,-11,-14.3,-8,-10.8,-7,-9.6,-74124,-7.5,0,0.0,0,0.0,47,4.6
"13135","2","922150","78","0","2025","4","",1,66,66,66,915868,0,0,1067,"",0.38,1.30,1.29,1.29,1.04,0.00,0.00,0.80,"",0,0.0,-11,-14.3,-8,-10.8,-7,-9.6,-74124,-7.5,0,0.0,0,0.0,47,4.6
"13135","2","923","75","0","2025","4","",4,100,97,98,1090299,0,0,853,"",0.13,0.09,0.09,0.09,0.05,0.00,0.00,0.61,"",0,0.0,1,1.0,0,0.0,0,0.0,-720,-0.1,0,0.0,0,0.0,-3,-0.4
"13135","2","9231","76","0","2025","4","",4,100,97,98,1090299,0,0,853,"",0.13,0.09,0.09,0.09,0.05,0.00,0.00,0.61,"",0,0.0,1,1.0,0,0.0,0,0.0,-720,-0.1,0,0.0,0,0.0,-3,-0.4
"13135","2","92312","77","0","2025","4","",3,99,96,97,1081407,0,0,855,"",0.28,0.26,0.25,0.25,0.15,0.00,0.00,0.58,"",0,0.0,1,1.0,0,0.0,0,0.0,572,0.1,0,0.0,0,0.0,-2,-0.2
"13135","2","923120","78","0","2025","4","",3,99,96,97,1081407,0,0,855,"",0.28,0.26,0.25,0.25,0.15,0.00,0.00,0.58,"",0,0.0,1,1.0,0,0.0,0,0.0,572,0.1,0,0.0,0,0.0,-2,-0.2
"13135","2","92314","77","0","2025","4","",1,1,1,1,8892,0,0,684,"",0.60,0.05,0.05,0.05,0.03,0.00,0.00,0.59,"",0,0.0,0,0.0,0,0.0,0,0.0,-1292,-12.7,0,0.0,0,0.0,-99,-12.6
"13135","2","923140","78","0","2025","4","",1,1,1,1,8892,0,0,684,"",0.60,0.05,0.05,0.05,0.03,0.00,0.00,0.59,"",0,0.0,0,0.0,0,0.0,0,0.0,-1292,-12.7,0,0.0,0,0.0,-99,-12.6
"13135","2","924","75","0","2025","4","",2,68,68,67,923882,0,0,1050,"",0.10,0.17,0.17,0.17,0.13,0.00,0.00,0.76,"",0,0.0,0,0.0,0,0.0,-1,-1.5,-3181,-0.3,0,0.0,0,0.0,1,0.1
"13135","2","9241","76","0","2025","4","",2,68,68,67,923882,0,0,1050,"",0.10,0.17,0.17,0.17,0.13,0.00,0.00,0.76,"",0,0.0,0,0.0,0,0.0,-1,-1.5,-3181,-0.3,0,0.0,0,0.0,1,0.1
"13135","2","92412","77","0","2025","4","",2,68,68,67,923882,0,0,1050,"",0.13,0.23,0.24,0.24,0.20,0.00,0.00,0.83,"",0,0.0,0,0.0,0,0.0,-1,-1.5,-3181,-0.3,0,0.0,0,0.0,1,0.1
"13135","2","924120","78","0","2025","4","",2,68,68,67,923882,0,0,1050,"",0.13,0.23,0.24,0.24,0.20,0.00,0.00,0.83,"",0,0.0,0,0.0,0,0.0,-1,-1.5,-3181,-0.3,0,0.0,0,0.0,1,0.1
"13135","2","925","75","0","2025","4","",1,2,2,2,22853,0,0,879,"N",0.71,0,0,0,0,0,0,0,"",0,0.0,0,0.0,0,0.0,-1,-33.3,336,1.5,0,0.0,0,0.0,137,18.5
"13135","2","9251","76","0","2025","4","",1,2,2,2,22853,0,0,879,"N",0.71,0,0,0,0,0,0,0,"",0,0.0,0,0.0,0,0.0,-1,-33.3,336,1.5,0,0.0,0,0.0,137,18.5
"13135","2","92512","77","0","2025","4","",1,2,2,2,22853,0,0,879,"",1.64,0.11,0.11,0.11,0.06,0.00,0.00,0.56,"",0,0.0,0,0.0,0,0.0,-1,-33.3,336,1.5,0,0.0,0,0.0,137,18.5
"13135","2","925120","78","0","2025","4","",1,2,2,2,22853,0,0,879,"",1.64,0.11,0.11,0.11,0.06,0.00,0.00,0.56,"",0,0.0,0,0.0,0,0.0,-1,-33.3,336,1.5,0,0.0,0,0.0,137,18.5
"13135","2","926","75","0","2025","4","",5,64,64,64,1135393,0,0,1365,"",0.16,0.08,0.08,0.08,0.08,0.00,0.00,0.94,"",1,25.0,5,8.5,2,3.2,3,4.9,847,0.1,0,0.0,0,0.0,-74,-5.1
"13135","2","9261","76","0","2025","4","",5,64,64,64,1135393,0,0,1365,"",0.16,0.08,0.08,0.08,0.08,0.00,0.00,0.94,"",1,25.0,5,8.5,2,3.2,3,4.9,847,0.1,0,0.0,0,0.0,-74,-5.1
"13135","2","92611","77","0","2025","4","",1,10,10,10,596088,0,0,4585,"",0.37,0.13,0.13,0.13,0.44,0.00,0.00,3.45,"",0,0.0,-1,-9.1,-1,-9.1,-1,-9.1,-45042,-7.0,0,0.0,0,0.0,102,2.3
"13135","2","926110","78","0","2025","4","",1,10,10,10,596088,0,0,4585,"",0.37,0.13,0.13,0.13,0.44,0.00,0.00,3.45,"",0,0.0,-1,-9.1,-1,-9.1,-1,-9.1,-45042,-7.0,0,0.0,0,0.0,102,2.3
"13135","2","92612","77","0","2025","4","",1,43,43,43,417348,0,0,747,"",0.09,0.09,0.09,0.09,0.05,0.00,0.00,0.50,"",0,0.0,3,7.5,0,0.0,1,2.4,8702,2.1,0,0.0,0,0.0,-7,-0.9
"13135","2","926120","78","0","2025","4","",1,43,43,43,417348,0,0,747,"",0.09,0.09,0.09,0.09,0.05,0.00,0.00,0.50,"",0,0.0,3,7.5,0,0.0,1,2.4,8702,2.1,0,0.0,0,0.0,-7,-0.9
"13135","2","92614","77","0","2025","4","",1,10,10,10,110381,0,0,849,"",0.12,0.11,0.11,0.12,0.09,0.00,0.00,0.75,"",0,0.0,2,25.0,2,25.0,2,25.0,25611,30.2,0,0.0,0,0.0,34,4.2
"13135","2","926140","78","0","2025","4","",1,10,10,10,110381,0,0,849,"",0.12,0.11,0.11,0.12,0.09,0.00,0.00,0.75,"",0,0.0,2,25.0,2,25.0,2,25.0,25611,30.2,0,0.0,0,0.0,34,4.2
"13135","2","92615","77","0","2025","4","",2,1,1,1,11576,0,0,890,"",0.27,0.01,0.01,0.01,0.00,0.00,0.00,0.62,"",1,100.0,1,100.0,1,100.0,1,100.0,11576,100.0,0,0.0,0,0.0,890,100.0
"13135","2","926150","78","0","2025","4","",2,1,1,1,11576,0,0,890,"",0.27,0.01,0.01,0.01,0.00,0.00,0.00,0.62,"",1,100.0,1,100.0,1,100.0,1,100.0,11576,100.0,0,0.0,0,0.0,890,100.0
"13135","3","10","71","0","2025","4","",181,36150,37294,36212,629457947,142692,741,1325,"",0.37,0.96,0.97,0.96,1.09,0.02,0.03,1.13,"",1,0.6,636,1.8,1597,4.5,528,1.5,38210175,6.5,-130098,-47.7,-49,-6.2,49,3.8
"13135","3","102","72","0","2025","4","",181,36150,37294,36212,629457947,142692,741,1325,"",0.38,0.96,0.98,0.96,1.10,0.02,0.03,1.13,"",1,0.6,636,1.8,1597,4.5,528,1.5,38210175,6.5,-130098,-47.7,-49,-6.2,49,3.8
"13135","3","1021","73","0","2025","4","",1,1926,1936,1937,24823787,0,0,988,"",0.03,1.31,1.30,1.31,0.83,0.00,0.00,0.64,"",0,0.0,-31,-1.6,-38,-1.9,-12,-0.6,2646839,11.9,0,0.0,0,0.0,118,13.6
"13135","3","1025","73","0","2025","4","",163,26241,26262,26143,416355333,0,0,1222,"",0.79,1.12,1.11,1.12,1.26,0.00,0.00,1.13,"",0,0.0,254,1.0,200,0.8,163,0.6,19762524,5.0,0,0.0,0,0.0,49,4.2
"13135","3","1028","73","0","2025","4","",17,7983,9096,8132,188278827,142692,741,1723,"",0.10,0.73,0.83,0.75,0.98,0.04,0.06,1.26,"",1,6.2,413,5.5,1435,18.7,377,4.9,15800812,9.2,-130098,-47.7,-49,-6.2,-9,-0.5
"13135","3","1029","73","0","2025","4","-",0,0,0,0,0,0,0,0,"N",0.00,0,0,0,0,0,0,0,"N",0,0,0,0,0,0,0,0,0,0,0,0,0,0,0,0
"13135","3","48-49","74","0","2025","4","",1,1926,1936,1937,24823787,0,0,988,"",0.12,2.43,2.42,2.43,1.65,0.00,0.00,0.68,"",0,0.0,-31,-1.6,-38,-1.9,-12,-0.6,2646839,11.9,0,0.0,0,0.0,118,13.6
"13135","3","485","75","0","2025","4","",1,1926,1936,1937,24823787,0,0,988,"",0.20,3.03,3.01,3.03,2.13,0.00,0.00,0.70,"",0,0.0,-31,-1.6,-38,-1.9,-12,-0.6,2646839,11.9,0,0.0,0,0.0,118,13.6
"13135","3","4854","76","0","2025","4","",1,1926,1936,1937,24823787,0,0,988,"",0.32,12.36,12.26,12.35,15.84,0.00,0.00,1.29,"",0,0.0,-31,-1.6,-38,-1.9,-12,-0.6,2646839,11.9,0,0.0,0,0.0,118,13.6
"13135","3","48541","77","0","2025","4","",1,1926,1936,1937,24823787,0,0,988,"",0.32,12.36,12.26,12.35,15.84,0.00,0.00,1.29,"",0,0.0,-31,-1.6,-38,-1.9,-12,-0.6,2646839,11.9,0,0.0,0,0.0,118,13.6
"13135","3","485410","78","0","2025","4","",1,1926,1936,1937,24823787,0,0,988,"",0.32,12.36,12.26,12.35,15.84,0.00,0.00,1.29,"",0,0.0,-31,-1.6,-38,-1.9,-12,-0.6,2646839,11.9,0,0.0,0,0.0,118,13.6
"13135","3","61","74","0","2025","4","",163,26241,26262,26143,416355333,0,0,1222,"",0.88,1.25,1.23,1.25,1.45,0.00,0.00,1.17,"",0,0.0,254,1.0,200,0.8,163,0.6,19762524,5.0,0,0.0,0,0.0,49,4.2
"13135","3","611","75","0","2025","4","",163,26241,26262,26143,416355333,0,0,1222,"",0.88,1.25,1.23,1.25,1.45,0.00,0.00,1.17,"",0,0.0,254,1.0,200,0.8,163,0.6,19762524,5.0,0,0.0,0,0.0,49,4.2
"13135","3","6111","76","0","2025","4","",162,22153,22178,22190,374991181,0,0,1301,"",0.91,1.13,1.12,1.13,1.41,0.00,0.00,1.25,"",0,0.0,183,0.8,181,0.8,171,0.8,19425479,5.5,0,0.0,0,0.0,57,4.6
"13135","3","61111","77","0","2025","4","",162,22153,22178,22190,374991181,0,0,1301,"",0.91,1.13,1.12,1.13,1.41,0.00,0.00,1.25,"",0,0.0,183,0.8,181,0.8,171,0.8,19425479,5.5,0,0.0,0,0.0,57,4.6
"13135","3","611110","78","0","2025","4","",162,22153,22178,22190,374991181,0,0,1301,"",0.91,1.13,1.12,1.13,1.41,0.00,0.00,1.25,"",0,0.0,183,0.8,181,0.8,171,0.8,19425479,5.5,0,0.0,0,0.0,57,4.6
"13135","3","6117","76","0","2025","4","",1,4088,4084,3953,41364152,0,0,787,"",0.87,41.03,40.23,40.11,35.77,0.00,0.00,0.88,"",0,0.0,71,1.8,19,0.5,-8,-0.2,337045,0.8,0,0.0,0,0.0,1,0.1
"13135","3","61171","77","0","2025","4","",1,4088,4084,3953,41364152,0,0,787,"",0.87,41.03,40.23,40.11,35.77,0.00,0.00,0.88,"",0,0.0,71,1.8,19,0.5,-8,-0.2,337045,0.8,0,0.0,0,0.0,1,0.1
"13135","3","611710","78","0","2025","4","",1,4088,4084,3953,41364152,0,0,787,"",0.87,41.03,40.23,40.11,35.77,0.00,0.00,0.88,"",0,0.0,71,1.8,19,0.5,-8,-0.2,337045,0.8,0,0.0,0,0.0,1,0.1
"13135","3","92","74","0","2025","4","",17,7983,9096,8132,188278827,142692,741,1723,"",0.10,0.73,0.83,0.75,0.98,0.04,0.06,1.26,"",1,6.2,413,5.5,1435,18.7,377,4.9,15800812,9.2,-130098,-47.7,-49,-6.2,-9,-0.5
"13135","3","921","75","0","2025","4","",14,7966,9079,8116,188003564,140137,740,1724,"",0.13,1.11,1.25,1.13,1.63,0.05,0.08,1.40,"",1,7.7,415,5.5,1437,18.8,379,4.9,15793843,9.2,-130483,-48.2,-49,-6.2,-9,-0.5
"13135","3","9211","76","0","2025","4","",14,7966,9079,8116,188003564,140137,740,1724,"",0.13,1.11,1.25,1.13,1.63,0.05,0.08,1.40,"",1,7.7,415,5.5,1437,18.8,379,4.9,15793843,9.2,-130483,-48.2,-49,-6.2,-9,-0.5
"13135","3","92114","77","0","2025","4","",13,7965,9078,8115,187976460,140137,740,1724,"",0.22,1.71,1.94,1.75,2.54,0.07,0.22,1.41,"",1,8.3,415,5.5,1437,18.8,379,4.9,15781458,9.2,-130483,-48.2,-49,-6.2,-9,-0.5
"13135","3","921140","78","0","2025","4","",13,7965,9078,8115,187976460,140137,740,1724,"",0.22,1.71,1.94,1.75,2.54,0.07,0.22,1.41,"",1,8.3,415,5.5,1437,18.8,379,4.9,15781458,9.2,-130483,-48.2,-49,-6.2,-9,-0.5
"13135","3","92119","77","0","2025","4","",1,1,1,1,27104,0,0,2085,"",0.07,0.00,0.00,0.00,0.00,0.00,0.00,1.68,"",0,0.0,0,0.0,0,0.0,0,0.0,12385,84.1,0,0.0,0,0.0,953,84.2
"13135","3","921190","78","0","2025","4","",1,1,1,1,27104,0,0,2085,"",0.07,0.00,0.00,0.00,0.00,0.00,0.00,1.68,"",0,0.0,0,0.0,0,0.0,0,0.0,12385,84.1,0,0.0,0,0.0,953,84.2
"13135","3","925","75","0","2025","4","",3,17,17,16,275263,2555,1,1270,"",0.29,0.08,0.08,0.07,0.08,0.01,0.00,1.00,"",0,0.0,-2,-10.5,-2,-10.5,-2,-11.1,6969,2.6,385,17.7,0,0.0,164,14.8
"13135","3","9251","76","0","2025","4","",3,17,17,16,275263,2555,1,1270,"",0.29,0.08,0.08,0.07,0.08,0.01,0.00,1.00,"",0,0.0,-2,-10.5,-2,-10.5,-2,-11.1,6969,2.6,385,17.7,0,0.0,164,14.8
"13135","3","92511","77","0","2025","4","",3,17,17,16,275263,2555,1,1270,"",0.45,0.13,0.13,0.12,0.12,0.02,0.00,0.98,"",0,0.0,-2,-10.5,-2,-10.5,-2,-11.1,6969,2.6,385,17.7,0,0.0,164,14.8
"13135","3","925110","78","0","2025","4","",3,17,17,16,275263,2555,1,1270,"",0.45,0.13,0.13,0.12,0.12,0.02,0.00,0.98,"",0,0.0,-2,-10.5,-2,-10.5,-2,-11.1,6969,2.6,385,17.7,0,0.0,164,14.8
"13135","3","99","74","0","2025","4","-",0,0,0,0,0,0,0,0,"N",0.00,0,0,0,0,0,0,0,"N",0,0,0,0,0,0,0,0,0,0,0,0,0,0,0,0
"13135","3","999","75","0","2025","4","-",0,0,0,0,0,0,0,0,"N",0.00,0,0,0,0,0,0,0,"N",0,0,0,0,0,0,0,0,0,0,0,0,0,0,0,0
"13135","3","9999","76","0","2025","4","-",0,0,0,0,0,0,0,0,"N",0.00,0,0,0,0,0,0,0,"N",0,0,0,0,0,0,0,0,0,0,0,0,0,0,0,0
"13135","3","99999","77","0","2025","4","-",0,0,0,0,0,0,0,0,"N",0.00,0,0,0,0,0,0,0,"N",0,0,0,0,0,0,0,0,0,0,0,0,0,0,0,0
"13135","3","999999","78","0","2025","4","-",0,0,0,0,0,0,0,0,"N",0.00,0,0,0,0,0,0,0,"N",0,0,0,0,0,0,0,0,0,0,0,0,0,0,0,0
"13135","5","10","71","0","2025","4","",34192,350117,351862,350267,6301104619,393284939,4640333,1382,"",1.02,1.04,1.04,1.04,1.04,1.04,1.01,1.00,"",103,0.3,2656,0.8,3346,1.0,1777,0.5,227772431,3.8,-7934978,-2.0,-285026,-5.8,40,3.0
"13135","5","101","72","0","2025","4","",4694,55994,56977,55884,1255701629,48405450,588778,1716,"",1.12,0.98,1.00,1.00,1.10,0.74,0.59,1.10,"",-21,-0.4,166,0.3,1254,2.3,149,0.3,61321368,5.1,-2992580,-5.8,-25408,-4.1,68,4.1
"13135","5","1011","73","0","2025","4","",53,418,404,384,9144185,400048,3459,1750,"",0.13,0.09,0.09,0.09,0.12,0.05,0.03,1.32,"",-1,-1.9,-26,-5.9,-10,-2.4,-21,-5.2,4457,0.0,-79614,-16.6,-762,-18.1,80,4.8
"13135","5","1012","73","0","2025","4","",3536,28065,29096,28186,673599209,30528504,394026,1821,"",1.32,1.33,1.39,1.37,1.56,1.02,0.68,1.14,"",40,1.1,306,1.1,1393,5.0,466,1.7,40055857,6.3,-1077030,-3.4,-17615,-4.3,63,3.6
"13135","5","1013","73","0","2025","4","",1105,27511,27477,27314,572958235,17476898,191293,1607,"",0.98,0.88,0.87,0.87,0.90,0.62,0.62,1.03,"",-60,-5.2,-114,-0.4,-129,-0.5,-296,-1.1,21261054,3.9,-1835936,-9.5,-7031,-3.5,70,4.6
"13135","5","102","72","0","2025","4","",29498,294123,294885,294383,5045402990,344879489,4051555,1318,"",1.00,1.06,1.05,1.05,1.03,1.10,1.12,0.97,"",124,0.4,2490,0.9,2092,0.7,1628,0.6,166451063,3.4,-4942398,-1.4,-259618,-6.0,34,2.6
"13135","5","1021","73","0","2025","4","",6639,96578,97249,97840,1619681365,97827041,997438,1282,"",1.16,1.35,1.33,1.33,1.54,1.12,1.14,1.15,"",-64,-1.0,2722,2.9,1566,1.6,1367,1.4,59634022,3.8,-1973893,-2.0,-168865,-14.5,23,1.8
"13135","5","1022","73","0","2025","4","",788,6436,6379,6234,203484245,6130967,63047,2465,"",0.94,0.91,0.89,0.88,0.68,0.96,0.60,0.77,"",37,4.9,146,2.3,141,2.3,146,2.4,12670831,6.6,1314273,27.3,-6777,-9.7,100,4.2
"13135","5","1023","73","0","2025","4","",3025,18172,18139,18267,425088243,15061979,177905,1797,"",0.99,0.83,0.82,0.83,0.67,0.80,0.82,0.81,"",-50,-1.6,-694,-3.7,-675,-3.6,-424,-2.3,10043771,2.4,-1023427,-6.4,-26701,-13.0,98,5.8
"13135","5","1024","73","0","2025","4","",7190,69950,69839,68808,1557938335,98919412,1024952,1724,"",0.99,1.24,1.23,1.22,1.09,1.37,1.04,0.89,"",-23,-0.3,-1026,-1.4,-340,-0.5,-632,-0.9,24157599,1.6,-1680946,-1.7,-150508,-12.8,43,2.6
"13135","5","1025","73","0","2025","4","",3697,52252,52453,52257,775614232,51844649,685407,1140,"",0.57,0.79,0.78,0.78,0.77,0.92,1.12,0.98,"",45,1.2,1124,2.2,895,1.7,967,1.9,40787805,5.6,-2139208,-4.0,-9466,-1.4,39,3.5
"13135","5","1026","73","0","2025","4","",3048,38825,39061,39187,277404560,60501759,843689,547,"",1.09,0.92,0.94,0.95,0.83,1.04,1.32,0.89,"",33,1.1,-69,-0.2,368,1.0,66,0.2,10469940,3.9,337480,0.6,77384,10.1,19,3.6
"13135","5","1027","73","0","2025","4","",2244,10147,9992,9973,153626741,10295200,150575,1177,"",0.90,0.87,0.85,0.85,1.05,0.79,1.02,1.22,"",15,0.7,-80,-0.8,-227,-2.2,-167,-1.6,3228916,2.1,-818137,-7.4,-3469,-2.3,42,3.7
"13135","5","1029","73","0","2025","4","",2867,1763,1773,1817,32565269,4298482,108542,1404,"",3.78,3.16,3.10,3.04,2.66,2.74,3.36,0.86,"",131,4.8,367,26.3,364,25.8,305,20.2,5458179,20.1,1041460,32.0,28784,36.1,-45,-3.1
"13135","5","11","74","0","2025","4","N",38,0,0,0,0,0,0,0,"N",0.12,0,0,0,0,0,0,0,"N",-1,-2.6,0,0,0,0,0,0,0,0,0,0,0,0,0,0
"13135","5","111","75","0","2025","4","",14,167,151,122,2096888,121668,475,1100,"",0.10,0.11,0.12,0.10,0.14,0.05,0.01,1.28,"",1,7.7,15,9.9,11,7.9,0,0.0,102814,5.2,-59003,-32.7,-547,-53.5,-12,-1.1
"13135","5","1111","76","0","2025","4","N",2,0,0,0,0,0,0,0,"N",0.05,0,0,0,0,0,0,0,"N",0,0.0,0,0,0,0,0,0,0,0,0,0,0,0,0,0
"13135","5","11119","77","0","2025","4","N",2,0,0,0,0,0,0,0,"N",0.12,0,0,0,0,0,0,0,"N",0,0.0,0,0,0,0,0,0,0,0,0,0,0,0,0,0
"13135","5","111199","78","0","2025","4","N",2,0,0,0,0,0,0,0,"N",0.45,0,0,0,0,0,0,0,"N",0,0.0,0,0,0,0,0,0,0,0,0,0,0,0,0,0
"13135","5","1112","76","0","2025","4","N",1,0,0,0,0,0,0,0,"N",0.07,0,0,0,0,0,0,0,"N",1,100.0,0,0,0,0,0,0,0,0,0,0,0,0,0,0
"13135","5","11121","77","0","2025","4","N",1,0,0,0,0,0,0,0,"N",0.07,0,0,0,0,0,0,0,"N",1,100.0,0,0,0,0,0,0,0,0,0,0,0,0,0,0
"13135","5","111219","78","0","2025","4","N",1,0,0,0,0,0,0,0,"N",0.08,0,0,0,0,0,0,0,"N",1,100.0,0,0,0,0,0,0,0,0,0,0,0,0,0,0
"13135","5","1114","76","0","2025","4","",8,158,142,118,2007468,114266,247,1108,"",0.28,0.37,0.35,0.30,0.44,0.17,0.03,1.28,"N",0,0.0,0,0,0,0,0,0,0,0,0,0,0,0,0,0
"13135","5","11141","77","0","2025","4","N",3,0,0,0,0,0,0,0,"N",0.38,0,0,0,0,0,0,0,"N",0,0.0,0,0,0,0,0,0,0,0,0,0,0,0,0,0
"13135","5","111411","78","0","2025","4","N",2,0,0,0,0,0,0,0,"N",2.10,0,0,0,0,0,0,0,"N",0,0.0,0,0,0,0,0,0,0,0,0,0,0,0,0,0
"13135","5","111419","78","0","2025","4","N",1,0,0,0,0,0,0,0,"N",0.14,0,0,0,0,0,0,0,"N",0,0.0,0,0,0,0,0,0,0,0,0,0,0,0,0,0
"13135","5","11142","77","0","2025","4","N",5,0,0,0,0,0,0,0,"N",0.25,0,0,0,0,0,0,0,"N",0,0.0,0,0,0,0,0,0,0,0,0,0,0,0,0,0
"13135","5","111421","78","0","2025","4","N",2,0,0,0,0,0,0,0,"N",0.14,0,0,0,0,0,0,0,"N",1,100.0,0,0,0,0,0,0,0,0,0,0,0,0,0,0
"13135","5","111422","78","0","2025","4","N",3,0,0,0,0,0,0,0,"N",0.50,0,0,0,0,0,0,0,"N",-1,-25.0,0,0,0,0,0,0,0,0,0,0,0,0,0,0
"13135","5","1119","76","0","2025","4","N",3,0,0,0,0,0,0,0,"N",0.09,0,0,0,0,0,0,0,"N",0,0.0,0,0,0,0,0,0,0,0,0,0,0,0,0,0
"13135","5","11199","77","0","2025","4","N",3,0,0,0,0,0,0,0,"N",0.16,0,0,0,0,0,0,0,"N",0,0.0,0,0,0,0,0,0,0,0,0,0,0,0,0,0
"13135","5","111998","78","0","2025","4","N",3,0,0,0,0,0,0,0,"N",0.18,0,0,0,0,0,0,0,"N",0,0.0,0,0,0,0,0,0,0,0,0,0,0,0,0,0
"13135","5","112","75","0","2025","4","",9,11,10,15,469316,49774,1344,3008,"",0.11,0.02,0.01,0.02,0.05,0.04,0.20,3.05,"",-1,-10.0,-14,-56.0,-15,-60.0,-9,-37.5,-15397,-3.2,7392,17.4,650,93.7,1496,98.9
"13135","5","1121","76","0","2025","4","N",2,0,0,0,0,0,0,0,"N",0.04,0,0,0,0,0,0,0,"N",0,0.0,0,0,0,0,0,0,0,0,0,0,0,0,0,0
"13135","5","11211","77","0","2025","4","N",2,0,0,0,0,0,0,0,"N",0.06,0,0,0,0,0,0,0,"N",0,0.0,0,0,0,0,0,0,0,0,0,0,0,0,0,0
"13135","5","112111","78","0","2025","4","N",2,0,0,0,0,0,0,0,"N",0.07,0,0,0,0,0,0,0,"N",0,0.0,0,0,0,0,0,0,0,0,0,0,0,0,0,0
"13135","5","1123","76","0","2025","4","",5,9,8,8,287816,2274,61,2657,"",0.66,0.07,0.06,0.06,0.16,0.01,0.04,2.36,"",0,0.0,-1,-10.0,-1,-11.1,-1,-11.1,-16611,-5.5,-4548,-66.7,-123,-66.8,148,5.9
"13135","5","11232","77","0","2025","4","N",3,0,0,0,0,0,0,0,"N",1.58,0,0,0,0,0,0,0,"N",0,0.0,0,0,0,0,0,0,0,0,0,0,0,0,0,0
"13135","5","112320","78","0","2025","4","N",3,0,0,0,0,0,0,0,"N",1.58,0,0,0,0,0,0,0,"N",0,0.0,0,0,0,0,0,0,0,0,0,0,0,0,0,0
"13135","5","11234","77","0","2025","4","N",1,0,0,0,0,0,0,0,"N",0.71,0,0,0,0,0,0,0,"N",0,0.0,0,0,0,0,0,0,0,0,0,0,0,0,0,0
"13135","5","112340","78","0","2025","4","N",1,0,0,0,0,0,0,0,"N",0.71,0,0,0,0,0,0,0,"N",0,0.0,0,0,0,0,0,0,0,0,0,0,0,0,0,0
"13135","5","11239","77","0","2025","4","N",1,0,0,0,0,0,0,0,"N",1.61,0,0,0,0,0,0,0,"N",0,0.0,0,0,0,0,0,0,0,0,0,0,0,0,0,0
"13135","5","112390","78","0","2025","4","N",1,0,0,0,0,0,0,0,"N",1.61,0,0,0,0,0,0,0,"N",0,0.0,0,0,0,0,0,0,0,0,0,0,0,0,0,0
"13135","5","1125","76","0","2025","4","N",1,0,0,0,0,0,0,0,"N",0.34,0,0,0,0,0,0,0,"N",0,0.0,0,0,0,0,0,0,0,0,0,0,0,0,0,0
"13135","5","11251","77","0","2025","4","N",1,0,0,0,0,0,0,0,"N",0.34,0,0,0,0,0,0,0,"N",0,0.0,0,0,0,0,0,0,0,0,0,0,0,0,0,0
"13135","5","112519","78","0","2025","4","N",1,0,0,0,0,0,0,0,"N",1.73,0,0,0,0,0,0,0,"N",0,0.0,0,0,0,0,0,0,0,0,0,0,0,0,0,0
"13135","5","1129","76","0","2025","4","N",1,0,0,0,0,0,0,0,"N",0.08,0,0,0,0,0,0,0,"N",0,0.0,0,0,0,0,0,0,0,0,0,0,0,0,0,0
"13135","5","11299","77","0","2025","4","N",1,0,0,0,0,0,0,0,"N",0.21,0,0,0,0,0,0,0,"N",0,0.0,0,0,0,0,0,0,0,0,0,0,0,0,0,0
"13135","5","112990","78","0","2025","4","N",1,0,0,0,0,0,0,0,"N",0.21,0,0,0,0,0,0,0,"N",0,0.0,0,0,0,0,0,0,0,0,0,0,0,0,0,0
"13135","5","113","75","0","2025","4","N",3,0,0,0,0,0,0,0,"N",0.13,0,0,0,0,0,0,0,"N",0,0.0,0,0,0,0,0,0,0,0,0,0,0,0,0,0
"13135","5","1132","76","0","2025","4","N",1,0,0,0,0,0,0,0,"N",1.01,0,0,0,0,0,0,0,"N",0,0.0,0,0,0,0,0,0,0,0,0,0,0,0,0,0
"13135","5","11321","77","0","2025","4","N",1,0,0,0,0,0,0,0,"N",1.01,0,0,0,0,0,0,0,"N",0,0.0,0,0,0,0,0,0,0,0,0,0,0,0,0,0
"13135","5","113210","78","0","2025","4","N",1,0,0,0,0,0,0,0,"N",1.01,0,0,0,0,0,0,0,"N",0,0.0,0,0,0,0,0,0,0,0,0,0,0,0,0,0
"13135","5","1133","76","0","2025","4","N",2,0,0,0,0,0,0,0,"N",0.10,0,0,0,0,0,0,0,"N",0,0.0,0,0,0,0,0,0,0,0,0,0,0,0,0,0
"13135","5","11331","77","0","2025","4","N",2,0,0,0,0,0,0,0,"N",0.10,0,0,0,0,0,0,0,"N",0,0.0,0,0,0,0,0,0,0,0,0,0,0,0,0,0
"13135","5","113310","78","0","2025","4","N",2,0,0,0,0,0,0,0,"N",0.10,0,0,0,0,0,0,0,"N",0,0.0,0,0,0,0,0,0,0,0,0,0,0,0,0,0
"13135","5","114","75","0","2025","4","N",1,0,0,0,0,0,0,0,"N",0.13,0,0,0,0,0,0,0,"N",0,0.0,0,0,0,0,0,0,0,0,0,0,0,0,0,0
"13135","5","1142","76","0","2025","4","N",1,0,0,0,0,0,0,0,"N",0.56,0,0,0,0,0,0,0,"N",0,0.0,0,0,0,0,0,0,0,0,0,0,0,0,0,0
"13135","5","11421","77","0","2025","4","N",1,0,0,0,0,0,0,0,"N",0.56,0,0,0,0,0,0,0,"N",0,0.0,0,0,0,0,0,0,0,0,0,0,0,0,0,0
"13135","5","114210","78","0","2025","4","N",1,0,0,0,0,0,0,0,"N",0.56,0,0,0,0,0,0,0,"N",0,0.0,0,0,0,0,0,0,0,0,0,0,0,0,0,0
"13135","5","115","75","0","2025","4","",11,25,23,23,502297,37042,128,1633,"",0.17,0.02,0.02,0.03,0.05,0.02,0.00,1.93,"",-1,-8.3,-18,-41.9,-5,-17.9,-6,-20.7,-276336,-35.5,-37119,-50.1,-561,-81.4,-164,-9.1
"13135","5","1151","76","0","2025","4","N",3,0,0,0,0,0,0,0,"N",0.08,0,0,0,0,0,0,0,"N",-1,-25.0,0,0,0,0,0,0,0,0,0,0,0,0,0,0
"13135","5","11511","77","0","2025","4","N",3,0,0,0,0,0,0,0,"N",0.08,0,0,0,0,0,0,0,"N",-1,-25.0,0,0,0,0,0,0,0,0,0,0,0,0,0,0
"13135","5","115112","78","0","2025","4","N",1,0,0,0,0,0,0,0,"N",0.09,0,0,0,0,0,0,0,"N",0,0.0,0,0,0,0,0,0,0,0,0,0,0,0,0,0
"13135","5","115114","78","0","2025","4","N",2,0,0,0,0,0,0,0,"N",0.33,0,0,0,0,0,0,0,"N",0,0.0,0,0,0,0,0,0,0,0,0,0,0,0,0,0
"13135","5","115116","78","0","2025","4","-",0,0,0,0,0,0,0,0,"N",0.00,0,0,0,0,0,0,0,"N",-1,-100.0,0,0,0,0,0,0,0,0,0,0,0,0,0,0
"13135","5","1152","76","0","2025","4","",5,11,9,9,40097,10023,4,319,"",0.28,0.14,0.11,0.11,0.04,0.11,0.01,0.35,"",0,0.0,0,0.0,-1,-10.0,-2,-18.2,-11598,-22.4,204,2.1,0,0.0,-54,-14.5
"13135","5","11521","77","0","2025","4","",5,11,9,9,40097,10023,4,319,"",0.28,0.14,0.11,0.11,0.04,0.11,0.01,0.35,"",0,0.0,0,0.0,-1,-10.0,-2,-18.2,-11598,-22.4,204,2.1,0,0.0,-54,-14.5
"13135","5","115210","78","0","2025","4","",5,11,9,9,40097,10023,4,319,"",0.28,0.14,0.11,0.11,0.04,0.11,0.01,0.35,"",0,0.0,0,0.0,-1,-10.0,-2,-18.2,-11598,-22.4,204,2.1,0,0.0,-54,-14.5
"13135","5","1153","76","0","2025","4","N",3,0,0,0,0,0,0,0,"N",0.32,0,0,0,0,0,0,0,"N",0,0.0,0,0,0,0,0,0,0,0,0,0,0,0,0,0
"13135","5","11531","77","0","2025","4","N",3,0,0,0,0,0,0,0,"N",0.32,0,0,0,0,0,0,0,"N",0,0.0,0,0,0,0,0,0,0,0,0,0,0,0,0,0
"13135","5","115310","78","0","2025","4","N",3,0,0,0,0,0,0,0,"N",0.32,0,0,0,0,0,0,0,"N",0,0.0,0,0,0,0,0,0,0,0,0,0,0,0,0,0
"13135","5","21","74","0","2025","4","N",15,0,0,0,0,0,0,0,"N",0.18,0,0,0,0,0,0,0,"N",0,0.0,0,0,0,0,0,0,0,0,0,0,0,0,0,0
"13135","5","211","75","0","2025","4","N",1,0,0,0,0,0,0,0,"N",0.06,0,0,0,0,0,0,0,"N",-1,-50.0,0,0,0,0,0,0,0,0,0,0,0,0,0,0
"13135","5","2111","76","0","2025","4","N",1,0,0,0,0,0,0,0,"N",0.06,0,0,0,0,0,0,0,"N",-1,-50.0,0,0,0,0,0,0,0,0,0,0,0,0,0,0
"13135","5","21112","77","0","2025","4","N",1,0,0,0,0,0,0,0,"N",0.09,0,0,0,0,0,0,0,"N",-1,-50.0,0,0,0,0,0,0,0,0,0,0,0,0,0,0
"13135","5","211120","78","0","2025","4","N",1,0,0,0,0,0,0,0,"N",0.09,0,0,0,0,0,0,0,"N",-1,-50.0,0,0,0,0,0,0,0,0,0,0,0,0,0,0
"13135","5","212","75","0","2025","4","N",8,0,0,0,0,0,0,0,"N",0.39,0,0,0,0,0,0,0,"N",1,14.3,0,0,0,0,0,0,0,0,0,0,0,0,0,0
"13135","5","2123","76","0","2025","4","N",8,0,0,0,0,0,0,0,"N",0.46,0,0,0,0,0,0,0,"N",1,14.3,0,0,0,0,0,0,0,0,0,0,0,0,0,0
"13135","5","21231","77","0","2025","4","N",6,0,0,0,0,0,0,0,"N",0.83,0,0,0,0,0,0,0,"N",0,0.0,0,0,0,0,0,0,0,0,0,0,0,0,0,0
"13135","5","212313","78","0","2025","4","N",6,0,0,0,0,0,0,0,"N",6.77,0,0,0,0,0,0,0,"N",0,0.0,0,0,0,0,0,0,0,0,0,0,0,0,0,0
"13135","5","21232","77","0","2025","4","N",2,0,0,0,0,0,0,0,"N",0.23,0,0,0,0,0,0,0,"N",1,100.0,0,0,0,0,0,0,0,0,0,0,0,0,0,0
"13135","5","212321","78","0","2025","4","N",2,0,0,0,0,0,0,0,"N",0.26,0,0,0,0,0,0,0,"N",1,100.0,0,0,0,0,0,0,0,0,0,0,0,0,0,0
"13135","5","213","75","0","2025","4","N",6,0,0,0,0,0,0,0,"N",0.13,0,0,0,0,0,0,0,"N",0,0.0,0,0,0,0,0,0,0,0,0,0,0,0,0,0
"13135","5","2131","76","0","2025","4","N",6,0,0,0,0,0,0,0,"N",0.13,0,0,0,0,0,0,0,"N",0,0.0,0,0,0,0,0,0,0,0,0,0,0,0,0,0
"13135","5","21311","77","0","2025","4","N",6,0,0,0,0,0,0,0,"N",0.13,0,0,0,0,0,0,0,"N",0,0.0,0,0,0,0,0,0,0,0,0,0,0,0,0,0
"13135","5","213111","78","0","2025","4","N",2,0,0,0,0,0,0,0,"N",0.35,0,0,0,0,0,0,0,"N",0,0.0,0,0,0,0,0,0,0,0,0,0,0,0,0,0
"13135","5","213112","78","0","2025","4","N",3,0,0,0,0,0,0,0,"N",0.08,0,0,0,0,0,0,0,"N",1,50.0,0,0,0,0,0,0,0,0,0,0,0,0,0,0
"13135","5","213113","78","0","2025","4","N",1,0,0,0,0,0,0,0,"N",0.92,0,0,0,0,0,0,0,"N",0,0.0,0,0,0,0,0,0,0,0,0,0,0,0,0,0
"13135","5","22","74","0","2025","4","N",18,0,0,0,0,0,0,0,"N",0.25,0,0,0,0,0,0,0,"N",-1,-5.3,0,0,0,0,0,0,0,0,0,0,0,0,0,0
"13135","5","221","75","0","2025","4","N",18,0,0,0,0,0,0,0,"N",0.25,0,0,0,0,0,0,0,"N",-1,-5.3,0,0,0,0,0,0,0,0,0,0,0,0,0,0
"13135","5","2211","76","0","2025","4","",13,330,334,338,9700759,120889,223,2234,"",0.31,0.31,0.31,0.32,0.29,0.25,0.04,0.94,"N",0,0.0,0,0,0,0,0,0,0,0,0,0,0,0,0,0
"13135","5","22111","77","0","2025","4","N",1,0,0,0,0,0,0,0,"N",0.05,0,0,0,0,0,0,0,"N",0,0.0,0,0,0,0,0,0,0,0,0,0,0,0,0,0
"13135","5","221118","78","0","2025","4","N",1,0,0,0,0,0,0,0,"N",0.38,0,0,0,0,0,0,0,"N",0,0.0,0,0,0,0,0,0,0,0,0,0,0,0,0,0
"13135","5","22112","77","0","2025","4","N",12,0,0,0,0,0,0,0,"N",0.58,0,0,0,0,0,0,0,"N",0,0.0,0,0,0,0,0,0,0,0,0,0,0,0,0,0
"13135","5","221122","78","0","2025","4","N",12,0,0,0,0,0,0,0,"N",0.66,0,0,0,0,0,0,0,"N",0,0.0,0,0,0,0,0,0,0,0,0,0,0,0,0,0
"13135","5","2212","76","0","2025","4","N",1,0,0,0,0,0,0,0,"N",0.11,0,0,0,0,0,0,0,"N",0,0.0,0,0,0,0,0,0,0,0,0,0,0,0,0,0
"13135","5","22121","77","0","2025","4","N",1,0,0,0,0,0,0,0,"N",0.11,0,0,0,0,0,0,0,"N",0,0.0,0,0,0,0,0,0,0,0,0,0,0,0,0,0
"13135","5","221210","78","0","2025","4","N",1,0,0,0,0,0,0,0,"N",0.11,0,0,0,0,0,0,0,"N",0,0.0,0,0,0,0,0,0,0,0,0,0,0,0,0,0
"13135","5","2213","76","0","2025","4","N",4,0,0,0,0,0,0,0,"N",0.21,0,0,0,0,0,0,0,"N",-1,-20.0,0,0,0,0,0,0,0,0,0,0,0,0,0,0
"13135","5","22131","77","0","2025","4","N",3,0,0,0,0,0,0,0,"N",0.18,0,0,0,0,0,0,0,"N",-1,-25.0,0,0,0,0,0,0,0,0,0,0,0,0,0,0
"13135","5","221310","78","0","2025","4","N",3,0,0,0,0,0,0,0,"N",0.18,0,0,0,0,0,0,0,"N",-1,-25.0,0,0,0,0,0,0,0,0,0,0,0,0,0,0
"13135","5","22132","77","0","2025","4","N",1,0,0,0,0,0,0,0,"N",0.47,0,0,0,0,0,0,0,"N",0,0.0,0,0,0,0,0,0,0,0,0,0,0,0,0,0
"13135","5","221320","78","0","2025","4","N",1,0,0,0,0,0,0,0,"N",0.47,0,0,0,0,0,0,0,"N",0,0.0,0,0,0,0,0,0,0,0,0,0,0,0,0,0
"13135","5","23","74","0","2025","4","",3536,28065,29096,28186,673599209,30528504,394026,1821,"",1.32,1.33,1.39,1.37,1.56,1.02,0.68,1.14,"",40,1.1,306,1.1,1393,5.0,466,1.7,40055857,6.3,-1077030,-3.4,-17615,-4.3,63,3.6
"13135","5","236","75","0","2025","4","",1148,5446,5457,5537,154378069,6311135,76392,2167,"",1.38,1.16,1.16,1.19,1.43,0.94,0.66,1.22,"",-4,-0.3,-224,-4.0,-247,-4.3,-186,-3.3,-2823886,-1.8,892253,16.5,1436,1.9,45,2.1
"13135","5","2361","76","0","2025","4","",889,2807,2827,2881,74131184,3366945,37379,2009,"",1.38,1.20,1.21,1.24,1.68,0.92,0.74,1.38,"",-8,-0.9,-28,-1.0,-51,-1.8,-1,0.0,2256950,3.1,470168,16.2,-6382,-14.6,79,4.1
"13135","5","23611","77","0","2025","4","",889,2807,2827,2881,74131184,3366945,37379,2009,"",1.38,1.20,1.21,1.24,1.68,0.92,0.74,1.38,"",-8,-0.9,-28,-1.0,-51,-1.8,-1,0.0,2256950,3.1,470168,16.2,-6382,-14.6,79,4.1
"13135","5","236115","78","0","2025","4","",392,825,831,846,23579228,995872,11908,2175,"",1.59,0.90,0.90,0.93,1.27,0.64,0.64,1.40,"",-5,-1.3,-50,-5.7,-58,-6.5,-51,-5.7,2756894,13.2,74215,8.1,-2832,-19.2,369,20.4
"13135","5","236116","78","0","2025","4","",11,140,138,139,6385959,135304,352,3534,"",0.73,1.27,1.25,1.27,2.00,0.90,0.16,1.58,"",0,0.0,33,30.8,24,21.1,19,15.8,977655,18.1,-51432,-27.5,-3638,-91.2,-126,-3.4
"13135","5","236117","78","0","2025","4","",21,266,269,267,10427347,172960,1476,3000,"",1.31,1.82,1.85,1.84,2.40,1.21,0.88,1.30,"",-3,-12.5,-120,-31.1,-116,-30.1,-118,-30.6,-7061246,-40.4,-22827,-11.7,74,5.3,-491,-14.1
"13135","5","236118","78","0","2025","4","",465,1576,1589,1629,33738650,2062809,23643,1624,"",1.27,1.35,1.36,1.42,1.87,1.15,0.86,1.36,"",0,0.0,109,7.4,99,6.6,149,10.1,5583647,19.8,470212,29.5,14,0.1,160,10.9
"13135","5","2362","76","0","2025","4","",259,2639,2630,2656,80246885,2944190,39013,2337,"",1.39,1.12,1.11,1.13,1.26,0.97,0.59,1.12,"",4,1.6,-196,-6.9,-196,-6.9,-185,-6.5,-5080836,-6.0,422085,16.7,7818,25.1,21,0.9
"13135","5","23621","77","0","2025","4","",30,470,477,520,17645754,759314,18128,2776,"",1.45,1.09,1.12,1.23,1.63,1.17,0.98,1.42,"",5,20.0,59,14.4,76,19.0,123,31.0,1358270,8.3,523118,221.5,14256,368.2,-333,-10.7
"13135","5","236210","78","0","2025","4","",30,470,477,520,17645754,759314,18128,2776,"",1.45,1.09,1.12,1.23,1.63,1.17,0.98,1.42,"",5,20.0,59,14.4,76,19.0,123,31.0,1358270,8.3,523118,221.5,14256,368.2,-333,-10.7
"13135","5","23622","77","0","2025","4","",229,2169,2153,2136,62601131,2184876,20885,2237,"",1.38,1.13,1.11,1.11,1.18,0.91,0.44,1.06,"",-1,-0.4,-255,-10.5,-272,-11.2,-308,-12.6,-6439106,-9.3,-101033,-4.4,-6438,-23.6,52,2.4
"13135","5","236220","78","0","2025","4","",229,2169,2153,2136,62601131,2184876,20885,2237,"",1.38,1.13,1.11,1.11,1.18,0.91,0.44,1.06,"",-1,-0.4,-255,-10.5,-272,-11.2,-308,-12.6,-6439106,-9.3,-101033,-4.4,-6438,-23.6,52,2.4
"13135","5","237","75","0","2025","4","",214,4427,4453,4448,91301899,5058218,49720,1581,"",1.27,1.43,1.46,1.52,1.27,1.14,0.45,0.87,"",5,2.4,186,4.4,215,5.1,220,5.2,7829304,9.4,335097,7.1,11255,29.3,65,4.3
"13135","5","2371","76","0","2025","4","",90,1744,1761,1737,34845462,2087505,18398,1534,"",1.02,1.08,1.10,1.11,0.94,0.82,0.30,0.86,"",1,1.1,-1,-0.1,-3,-0.2,-27,-1.5,-598024,-1.7,182064,9.6,291,1.6,-17,-1.1
"13135","5","23711","77","0","2025","4","N",32,0,0,0,0,0,0,0,"N",0.87,0,0,0,0,0,0,0,"N",1,3.2,0,0,0,0,0,0,0,0,0,0,0,0,0,0
"13135","5","237110","78","0","2025","4","N",32,0,0,0,0,0,0,0,"N",0.87,0,0,0,0,0,0,0,"N",1,3.2,0,0,0,0,0,0,0,0,0,0,0,0,0,0
"13135","5","23712","77","0","2025","4","N",3,0,0,0,0,0,0,0,"N",0.24,0,0,0,0,0,0,0,"N",-1,-25.0,0,0,0,0,0,0,0,0,0,0,0,0,0,0
"13135","5","237120","78","0","2025","4","N",3,0,0,0,0,0,0,0,"N",0.24,0,0,0,0,0,0,0,"N",-1,-25.0,0,0,0,0,0,0,0,0,0,0,0,0,0,0
"13135","5","23713","77","0","2025","4","",55,1131,1138,1119,21282521,1361255,8402,1450,"",1.41,1.70,1.73,1.73,1.35,1.18,0.31,0.78,"",1,1.9,-32,-2.8,-55,-4.6,-83,-6.9,-1561247,-6.8,-42465,-3.0,-5509,-39.6,-32,-2.2
"13135","5","237130","78","0","2025","4","",55,1131,1138,1119,21282521,1361255,8402,1450,"",1.41,1.70,1.73,1.73,1.35,1.18,0.31,0.78,"",1,1.9,-32,-2.8,-55,-4.6,-83,-6.9,-1561247,-6.8,-42465,-3.0,-5509,-39.6,-32,-2.2
"13135","5","2372","76","0","2025","4","",28,206,216,224,4794093,357419,6099,1713,"",1.77,2.27,2.38,2.48,1.90,3.31,5.01,0.80,"",0,0.0,59,40.1,56,35.0,52,30.2,1014720,26.8,-72553,-16.9,3363,122.9,-108,-5.9
"13135","5","23721","77","0","2025","4","",28,206,216,224,4794093,357419,6099,1713,"",1.77,2.27,2.38,2.48,1.90,3.31,5.01,0.80,"",0,0.0,59,40.1,56,35.0,52,30.2,1014720,26.8,-72553,-16.9,3363,122.9,-108,-5.9
"13135","5","237210","78","0","2025","4","",28,206,216,224,4794093,357419,6099,1713,"",1.77,2.27,2.38,2.48,1.90,3.31,5.01,0.80,"",0,0.0,59,40.1,56,35.0,52,30.2,1014720,26.8,-72553,-16.9,3363,122.9,-108,-5.9
"13135","5","2373","76","0","2025","4","",84,2385,2393,2410,49002455,2498464,22909,1573,"",2.39,2.32,2.40,2.64,2.10,2.08,0.66,0.86,"",6,7.7,148,6.6,188,8.5,221,10.1,7870608,19.1,237944,10.5,6101,36.3,142,9.9
"13135","5","23731","77","0","2025","4","",84,2385,2393,2410,49002455,2498464,22909,1573,"",2.39,2.32,2.40,2.64,2.10,2.08,0.66,0.86,"",6,7.7,148,6.6,188,8.5,221,10.1,7870608,19.1,237944,10.5,6101,36.3,142,9.9
"13135","5","237310","78","0","2025","4","",84,2385,2393,2410,49002455,2498464,22909,1573,"",2.39,2.32,2.40,2.64,2.10,2.08,0.66,0.86,"",6,7.7,148,6.6,188,8.5,221,10.1,7870608,19.1,237944,10.5,6101,36.3,142,9.9
"13135","5","2379","76","0","2025","4","",12,92,83,77,2659889,114830,2314,2436,"",0.41,0.25,0.22,0.21,0.29,0.20,0.17,1.30,"",-2,-14.3,-20,-17.9,-26,-23.9,-26,-25.2,-458000,-14.7,-12358,-9.7,1500,184.3,215,9.7
"13135","5","23799","77","0","2025","4","",12,92,83,77,2659889,114830,2314,2436,"",0.41,0.25,0.22,0.21,0.29,0.20,0.17,1.30,"",-2,-14.3,-20,-17.9,-26,-23.9,-26,-25.2,-458000,-14.7,-12358,-9.7,1500,184.3,215,9.7
"13135","5","237990","78","0","2025","4","",12,92,83,77,2659889,114830,2314,2436,"",0.41,0.25,0.22,0.21,0.29,0.20,0.17,1.30,"",-2,-14.3,-20,-17.9,-26,-23.9,-26,-25.2,-458000,-14.7,-12358,-9.7,1500,184.3,215,9.7
"13135","5","238","75","0","2025","4","",2174,18192,19186,18201,427919241,19159151,267914,1777,"",1.30,1.38,1.45,1.40,1.70,1.02,0.76,1.21,"",39,1.8,344,1.9,1425,8.0,432,2.4,35050439,8.9,-2304380,-10.7,-30306,-10.2,79,4.7
"13135","5","2381","76","0","2025","4","",461,2885,3974,2804,70967470,4214007,100445,1695,"",1.37,1.17,1.62,1.18,1.66,1.09,1.40,1.25,"",15,3.4,173,6.4,1310,49.2,151,5.7,7115722,11.1,287348,7.3,17132,20.6,-140,-7.6
"13135","5","23811","77","0","2025","4","",80,408,1611,469,12422913,1154757,32913,1152,"",1.15,0.62,2.46,0.75,1.08,1.14,1.70,0.84,"",0,0.0,-21,-4.9,1172,267.0,43,10.1,747623,6.4,-240596,-17.2,-261,-0.8,-930,-44.7
"13135","5","238111","78","0","2025","4","",46,105,1299,160,3466429,1004691,31407,511,"",0.90,0.33,4.11,0.54,0.71,1.87,3.26,0.42,"",-1,-2.1,-115,-52.3,1075,479.9,-57,-26.3,-2811485,-44.8,34436,3.5,1134,3.7,-1681,-76.7
"13135","5","238112","78","0","2025","4","",34,303,312,309,8956484,150066,1506,2237,"",1.81,0.90,0.92,0.94,1.35,0.31,0.15,1.46,"",1,3.0,94,45.0,97,45.1,100,47.8,3559108,65.9,-275032,-64.7,-1395,-48.1,269,13.7
"13135","5","23812","77","0","2025","4","",13,236,234,235,4917453,279126,3136,1610,"",0.81,1.08,1.06,1.07,1.10,0.69,0.32,1.03,"",2,18.2,61,34.9,42,21.9,37,18.7,227009,4.8,-123876,-30.7,-2076,-39.8,-306,-16.0
"13135","5","238121","78","0","2025","4","N",2,0,0,0,0,0,0,0,"N",0.45,0,0,0,0,0,0,0,"N",-1,-33.3,0,0,0,0,0,0,0,0,0,0,0,0,0,0
"13135","5","238122","78","0","2025","4","N",11,0,0,0,0,0,0,0,"N",0.95,0,0,0,0,0,0,0,"N",3,37.5,0,0,0,0,0,0,0,0,0,0,0,0,0,0
"13135","5","23813","77","0","2025","4","",37,63,60,64,1104616,45195,832,1363,"",1.15,0.32,0.31,0.33,0.38,0.11,0.16,1.19,"",1,2.8,8,14.5,3,5.3,1,1.6,236006,27.2,-2471,-5.2,-114,-12.1,218,19.0
"13135","5","238131","78","0","2025","4","",26,40,37,37,609484,18500,111,1234,"",0.94,0.26,0.25,0.25,0.30,0.06,0.03,1.17,"",1,4.0,13,48.1,8,27.6,1,2.8,177524,41.1,-13372,-42.0,-408,-78.6,150,13.8
"13135","5","238132","78","0","2025","4","",11,23,23,27,495132,26695,721,1565,"",2.48,0.52,0.52,0.61,0.59,0.32,0.50,1.07,"",0,0.0,-5,-17.9,-5,-17.9,0,0.0,58482,13.4,10901,69.0,294,68.9,351,28.9
"13135","5","23814","77","0","2025","4","",74,388,386,387,9776087,229814,1839,1943,"",1.41,1.12,1.13,1.19,1.79,0.43,0.15,1.56,"",3,4.2,5,1.3,15,4.0,12,3.2,709869,7.8,71087,44.8,276,17.7,90,4.9
"13135","5","238141","78","0","2025","4","",30,77,74,72,1687805,52423,675,1747,"",0.75,0.44,0.43,0.44,0.71,0.18,0.14,1.63,"",0,0.0,-9,-10.5,-8,-9.8,-10,-12.2,-67258,-3.8,32423,162.1,604,850.7,127,7.8
"13135","5","238142","78","0","2025","4","",44,311,312,315,8088282,177391,1164,1990,"",3.48,1.82,1.84,1.96,2.62,0.71,0.16,1.40,"",3,7.3,14,4.7,23,8.0,22,7.5,777127,10.6,38664,27.9,-328,-22.0,71,3.7
"13135","5","23815","77","0","2025","4","",31,205,211,209,3787832,244685,3256,1399,"",1.35,1.13,1.16,1.16,1.13,1.15,0.83,0.99,"",5,19.2,32,18.5,31,17.2,34,19.4,958787,33.9,56231,29.8,-76,-2.3,163,13.2
"13135","5","238151","78","0","2025","4","",18,93,98,95,1867097,111492,1240,1507,"",1.32,1.31,1.38,1.35,1.73,1.23,1.04,1.29,"",4,28.6,41,78.8,44,81.5,41,75.9,1031236,123.4,68463,159.1,168,15.7,301,25.0
"13135","5","238152","78","0","2025","4","",13,112,113,114,1920735,133193,2016,1308,"",1.40,1.02,1.02,1.04,0.85,1.10,0.74,0.83,"",1,8.3,-9,-7.4,-13,-10.3,-7,-5.8,-72449,-3.6,-12232,-8.4,-244,-10.8,58,4.6
"13135","5","23816","77","0","2025","4","",163,1113,1120,1102,28368183,1639126,25283,1963,"",1.73,1.76,1.79,1.83,2.54,1.88,1.74,1.42,"",-1,-0.6,76,7.3,77,7.4,76,7.4,4434659,18.5,394640,31.7,8502,50.7,185,10.4
"13135","5","238161","78","0","2025","4","",133,448,449,451,11755287,977549,21681,2012,"",1.74,1.30,1.32,1.37,2.14,1.77,2.74,1.61,"",0,0.0,69,18.2,49,12.2,66,17.1,3465828,41.8,290455,42.3,6534,43.1,369,22.5
"13135","5","238162","78","0","2025","4","",30,665,671,651,16612896,661577,3602,1929,"",1.67,2.31,2.36,2.37,2.93,2.06,0.54,1.25,"",-1,-3.2,7,1.1,28,4.4,10,1.6,968831,6.2,104185,18.7,1968,120.4,70,3.8
"13135","5","23817","77","0","2025","4","",30,102,98,97,1946195,19919,411,1512,"",1.22,0.95,0.92,0.94,1.17,0.09,0.15,1.25,"",1,3.4,-13,-11.3,-21,-17.6,-21,-17.8,-296368,-13.2,-66958,-77.1,-476,-53.7,42,2.9
"13135","5","238171","78","0","2025","4","N",27,0,0,0,0,0,0,0,"N",1.17,0,0,0,0,0,0,0,"N",1,3.8,0,0,0,0,0,0,0,0,0,0,0,0,0,0
"13135","5","238172","78","0","2025","4","N",3,0,0,0,0,0,0,0,"N",1.86,0,0,0,0,0,0,0,"N",0,0.0,0,0,0,0,0,0,0,0,0,0,0,0,0,0
"13135","5","23819","77","0","2025","4","",33,370,254,241,8644191,601385,32775,2306,"",1.37,2.84,1.99,1.93,3.74,2.61,8.07,1.65,"",4,13.8,25,7.2,-9,-3.4,-31,-11.4,98137,1.1,199291,49.6,11357,53.0,65,2.9
"13135","5","238191","78","0","2025","4","",20,79,80,74,1229655,126016,1586,1218,"",1.38,1.34,1.37,1.29,1.30,1.23,0.97,0.98,"",4,25.0,25,46.3,29,56.9,23,45.1,399106,48.1,44029,53.7,139,9.6,-11,-0.9
"13135","5","238192","78","0","2025","4","",13,291,174,167,7414536,475369,31189,2707,"",1.36,4.09,2.53,2.48,5.43,3.73,12.85,1.78,"",0,0.0,0,0.0,-38,-17.9,-54,-24.4,-300969,-3.9,155262,48.5,11218,56.2,248,10.1
"13135","5","2382","76","0","2025","4","",798,10726,10743,10898,261790007,10981370,107106,1867,"",1.19,1.63,1.63,1.66,1.92,1.26,0.68,1.17,"",10,1.3,514,5.0,484,4.7,556,5.4,25308311,10.7,-1995399,-15.4,-50483,-32.0,96,5.4
"13135","5","23821","77","0","2025","4","",354,5007,4988,5116,120124862,5651185,38665,1834,"",1.25,1.76,1.74,1.79,1.97,1.39,0.49,1.12,"",-4,-1.1,82,1.7,47,1.0,82,1.6,3980366,3.4,-1411293,-20.0,-35167,-47.6,35,1.9
"13135","5","238211","78","0","2025","4","",149,623,621,629,10580331,522813,6721,1304,"",0.86,0.70,0.70,0.71,0.71,0.38,0.36,1.00,"",-8,-5.1,-140,-18.3,-136,-18.0,-137,-17.9,-1568376,-12.9,-378796,-42.0,-9804,-59.3,78,6.4
"13135","5","238212","78","0","2025","4","",205,4384,4367,4487,109544531,5128372,31944,1910,"",1.85,2.24,2.21,2.27,2.38,1.92,0.53,1.06,"",4,2.0,222,5.3,183,4.4,219,5.1,5548742,5.3,-1032497,-16.8,-25363,-44.3,7,0.4
"13135","5","23822","77","0","2025","4","",402,5451,5481,5511,135315263,5109689,65813,1899,"",1.15,1.65,1.65,1.67,2.06,1.24,0.97,1.24,"",12,3.1,396,7.8,398,7.8,439,8.7,21266751,18.6,-574004,-10.1,-16058,-19.6,169,9.8
"13135","5","238221","78","0","2025","4","",284,1868,1855,1868,36655641,2054981,27285,1513,"",1.06,1.09,1.08,1.10,1.31,0.91,0.94,1.20,"",15,5.6,162,9.5,156,9.2,181,10.7,7558898,26.0,209535,11.4,6606,31.9,194,14.7
"13135","5","238222","78","0","2025","4","",118,3583,3626,3643,98659622,3054708,38528,2098,"",1.42,2.24,2.26,2.28,2.62,1.64,1.00,1.16,"",-3,-2.5,234,7.0,242,7.2,258,7.6,13707853,16.1,-783539,-20.4,-22664,-37.0,160,8.3
"13135","5","23829","77","0","2025","4","",42,268,274,271,6349882,220496,2628,1802,"",1.16,0.66,0.67,0.66,0.64,0.43,0.22,0.97,"",2,5.0,36,15.5,39,16.6,35,14.8,61194,1.0,-10102,-4.4,742,39.3,-262,-12.7
"13135","5","238291","78","0","2025","4","",7,39,39,38,1050323,50389,747,2090,"",0.74,0.94,0.94,0.93,1.53,0.93,0.96,1.63,"",1,16.7,-1,-2.5,-2,-4.9,-3,-7.3,-480948,-31.4,6412,14.6,590,375.8,-806,-27.8
"13135","5","238292","78","0","2025","4","",35,229,235,233,5299559,170107,1881,1755,"",1.31,0.62,0.64,0.63,0.58,0.37,0.17,0.91,"",1,2.9,37,19.3,41,21.1,38,19.5,542142,11.4,-16514,-8.8,152,8.8,-135,-7.1
"13135","5","2383","76","0","2025","4","",732,2951,2860,2858,56848331,2370093,36544,1513,"",1.91,1.42,1.39,1.42,1.69,0.75,0.64,1.20,"",4,0.5,-255,-8.0,-260,-8.3,-249,-8.0,-1035925,-1.8,-694867,-22.7,-6999,-16.1,97,6.9
"13135","5","23831","77","0","2025","4","",98,328,316,294,5110426,181708,2537,1257,"",1.58,0.54,0.52,0.49,0.47,0.19,0.12,0.92,"",-1,-1.0,-60,-15.5,-65,-17.1,-96,-24.6,-1574737,-23.6,-182885,-50.2,-2233,-46.8,-74,-5.6
"13135","5","238311","78","0","2025","4","",68,180,181,171,3032059,103196,1185,1315,"",1.52,0.64,0.65,0.63,0.75,0.21,0.18,1.17,"",0,0.0,-27,-13.0,-27,-13.0,-39,-18.6,-749905,-19.8,-89131,-46.3,-1689,-58.8,-81,-5.8
"13135","5","238312","78","0","2025","4","",30,148,135,123,2078367,78512,1352,1181,"",1.77,0.45,0.41,0.38,0.31,0.16,0.09,0.75,"",-1,-3.2,-33,-18.2,-38,-22.0,-57,-31.7,-824832,-28.4,-93754,-54.4,-544,-28.7,-74,-5.9
"13135","5","23832","77","0","2025","4","",277,489,489,491,8813745,339451,6236,1385,"",2.38,0.96,0.98,1.02,1.20,0.40,0.44,1.21,"",3,1.1,-9,-1.8,-2,-0.4,0,0.0,579031,7.0,-51544,-13.2,1070,20.7,101,7.9
"13135","5","238321","78","0","2025","4","",243,407,408,410,7070258,258745,5270,1332,"",2.48,1.27,1.30,1.37,1.81,0.46,0.71,1.38,"",2,0.8,-16,-3.8,-8,-1.9,-3,-0.7,570324,8.8,-56859,-18.0,830,18.7,134,11.2
"13135","5","238322","78","0","2025","4","",34,82,81,81,1743487,80706,966,1649,"",1.83,0.43,0.43,0.45,0.50,0.29,0.14,1.15,"",1,3.0,7,9.3,6,8.0,3,3.8,8707,0.5,5315,7.0,240,33.1,-107,-6.1
"13135","5","23833","77","0","2025","4","",109,397,326,334,8008829,253986,4694,1749,"",2.01,1.98,1.65,1.70,2.45,0.92,1.13,1.38,"",-2,-1.8,-26,-6.1,-97,-22.9,-84,-20.1,-981849,-10.9,-123486,-32.7,-1744,-27.1,108,6.6
"13135","5","238331","78","0","2025","4","",89,275,199,205,4883067,198520,3533,1660,"",2.00,2.11,1.54,1.61,2.66,1.01,1.45,1.51,"",0,0.0,-6,-2.1,-80,-28.7,-70,-25.5,-686452,-12.3,-45298,-18.6,-664,-15.8,121,7.9
"13135","5","238332","78","0","2025","4","",20,122,127,129,3125762,55466,1161,1908,"",2.08,1.74,1.84,1.87,2.19,0.69,0.67,1.21,"",-2,-9.1,-20,-14.1,-17,-11.8,-14,-9.8,-295397,-8.6,-78188,-58.5,-1080,-48.2,68,3.7
"13135","5","23834","77","0","2025","4","",35,100,98,97,1320935,46942,986,1033,"",1.23,0.77,0.75,0.75,0.67,0.24,0.32,0.88,"",-1,-2.8,-2,-2.0,-1,-1.0,-6,-5.8,78724,6.3,-55304,-54.1,-807,-45.0,90,9.5
"13135","5","238341","78","0","2025","4","",28,75,73,70,862032,42385,920,913,"",1.11,0.75,0.73,0.71,0.62,0.28,0.45,0.85,"",-1,-3.4,-6,-7.4,-3,-3.9,-9,-11.4,32904,4.0,-30203,-41.6,-861,-48.3,102,12.6
"13135","5","238342","78","0","2025","4","",7,25,25,27,458903,4557,66,1375,"",2.15,0.83,0.82,0.89,0.80,0.11,0.06,0.94,"",0,0.0,4,19.0,2,8.7,3,12.5,45820,11.1,-25101,-84.6,54,450.0,-27,-1.9
"13135","5","23835","77","0","2025","4","",131,810,818,832,18403796,1044925,14147,1726,"",1.44,2.04,2.05,2.11,2.89,1.81,1.68,1.39,"",4,3.1,-48,-5.6,-9,-1.1,-21,-2.5,1802711,10.9,177231,20.4,803,6.0,217,14.4
"13135","5","238351","78","0","2025","4","",115,727,728,741,15416437,944927,13937,1620,"",1.41,2.29,2.29,2.35,3.23,1.99,2.35,1.40,"",5,4.5,-49,-6.3,-18,-2.4,-30,-3.9,813324,5.6,182678,24.0,791,6.0,150,10.2
"13135","5","238352","78","0","2025","4","",16,83,90,91,2987359,99998,210,2611,"",1.65,1.04,1.13,1.16,1.86,0.97,0.08,1.67,"",-1,-5.9,1,1.2,9,11.1,9,11.0,989387,49.5,-5447,-5.2,12,6.1,729,38.7
"13135","5","23839","77","0","2025","4","",82,827,813,810,15190600,503081,7944,1431,"",2.67,3.61,3.62,3.74,3.97,1.62,1.30,1.08,"",1,1.2,-110,-11.7,-86,-9.6,-42,-4.9,-939805,-5.8,-458879,-47.7,-4088,-34.0,46,3.3
"13135","5","238391","78","0","2025","4","",48,448,444,426,7400787,225731,3711,1296,"",2.68,4.57,4.54,4.47,4.94,1.70,1.99,1.09,"",1,2.1,-70,-13.5,-62,-12.3,-73,-14.6,-1186254,-13.8,-179329,-44.3,-2766,-42.7,-5,-0.4
"13135","5","238392","78","0","2025","4","",34,379,369,384,7789813,277350,4233,1588,"",2.66,2.89,2.91,3.16,3.34,1.56,0.99,1.12,"",0,0.0,-40,-9.5,-24,-6.1,31,8.8,246449,3.3,-279550,-50.2,-1322,-23.8,94,6.3
"13135","5","2389","76","0","2025","4","",183,1630,1609,1641,38313433,1593681,23819,1812,"",0.64,0.77,0.77,0.82,1.00,0.52,0.37,1.27,"",10,5.8,-88,-5.1,-109,-6.3,-26,-1.6,3662331,10.6,98538,6.6,10044,72.9,245,15.6
"13135","5","23891","77","0","2025","4","",59,885,867,879,20718806,722481,7731,1817,"",0.50,0.83,0.81,0.85,1.03,0.45,0.25,1.24,"",4,7.3,12,1.4,-15,-1.7,12,1.4,2128404,11.4,-102872,-12.5,1262,19.5,181,11.1
"13135","5","238911","78","0","2025","4","",22,160,156,146,2863839,75429,1027,1430,"",0.32,0.41,0.40,0.38,0.45,0.11,0.09,1.13,"",2,10.0,-49,-23.4,-53,-25.4,-41,-21.9,-541593,-15.9,-141726,-65.3,-399,-28.0,131,10.1
"13135","5","238912","78","0","2025","4","",37,725,711,733,17854967,647052,6704,1900,"",0.75,1.07,1.05,1.11,1.30,0.71,0.34,1.21,"",2,5.7,61,9.2,38,5.6,53,7.8,2669997,17.6,38854,6.4,1661,32.9,163,9.4
"13135","5","23899","77","0","2025","4","",124,745,742,762,17594627,871200,16088,1805,"",0.75,0.72,0.73,0.80,0.97,0.60,0.49,1.29,"",6,5.1,-100,-11.8,-94,-11.2,-38,-4.8,1533927,9.6,201410,30.1,8782,120.2,311,20.8
"13135","5","238991","78","0","2025","4","",74,388,386,390,7318660,382289,6378,1451,"",0.66,0.76,0.78,0.84,0.96,0.53,0.44,1.22,"",7,10.4,40,11.5,39,11.2,52,15.4,2546685,53.4,204004,114.4,4197,192.4,385,36.1
"13135","5","238992","78","0","2025","4","",50,357,356,372,10275967,488911,9710,2186,"",0.91,0.68,0.69,0.76,0.97,0.67,0.54,1.37,"",-1,-2.0,-140,-28.2,-133,-27.2,-90,-19.5,-1012758,-9.0,-2594,-0.5,4585,89.5,387,21.5
"13135","5","31-33","74","0","2025","4","",1105,27511,27477,27314,572958235,17476898,191293,1607,"",0.98,0.88,0.87,0.87,0.90,0.62,0.62,1.03,"",-60,-5.2,-114,-0.4,-129,-0.5,-296,-1.1,21261054,3.9,-1835936,-9.5,-7031,-3.5,70,4.6
"13135","5","311","75","0","2025","4","",71,3004,2971,2896,46462025,2927957,18746,1209,"",0.59,0.67,0.67,0.65,0.72,0.51,0.31,1.08,"",-10,-12.3,-23,-0.8,-94,-3.1,-213,-6.9,-489735,-1.0,-532173,-15.4,2849,17.9,31,2.6
"13135","5","3111","76","0","2025","4","",6,60,61,61,1054879,59136,491,1338,"",0.72,0.32,0.32,0.32,0.31,0.33,0.33,0.96,"",0,0.0,6,11.1,5,8.9,5,8.9,77772,8.0,-287,-0.5,318,183.8,-20,-1.5
"13135","5","31111","77","0","2025","4","",6,60,61,61,1054879,59136,491,1338,"",0.72,0.32,0.32,0.32,0.31,0.33,0.33,0.96,"",0,0.0,6,11.1,5,8.9,5,8.9,77772,8.0,-287,-0.5,318,183.8,-20,-1.5
"13135","5","311111","78","0","2025","4","N",2,0,0,0,0,0,0,0,"N",0.72,0,0,0,0,0,0,0,"N",0,0.0,0,0,0,0,0,0,0,0,0,0,0,0,0,0
"13135","5","311119","78","0","2025","4","N",4,0,0,0,0,0,0,0,"N",0.71,0,0,0,0,0,0,0,"N",0,0.0,0,0,0,0,0,0,0,0,0,0,0,0,0,0
"13135","5","3112","76","0","2025","4","N",2,0,0,0,0,0,0,0,"N",0.57,0,0,0,0,0,0,0,"N",0,0.0,0,0,0,0,0,0,0,0,0,0,0,0,0,0
"13135","5","31121","77","0","2025","4","N",1,0,0,0,0,0,0,0,"N",0.64,0,0,0,0,0,0,0,"N",0,0.0,0,0,0,0,0,0,0,0,0,0,0,0,0,0
"13135","5","311211","78","0","2025","4","N",1,0,0,0,0,0,0,0,"N",0.90,0,0,0,0,0,0,0,"N",0,0.0,0,0,0,0,0,0,0,0,0,0,0,0,0,0
"13135","5","31122","77","0","2025","4","N",1,0,0,0,0,0,0,0,"N",0.68,0,0,0,0,0,0,0,"N",0,0.0,0,0,0,0,0,0,0,0,0,0,0,0,0,0
"13135","5","311225","78","0","2025","4","N",1,0,0,0,0,0,0,0,"N",1.73,0,0,0,0,0,0,0,"N",0,0.0,0,0,0,0,0,0,0,0,0,0,0,0,0,0
"13135","5","3113","76","0","2025","4","N",5,0,0,0,0,0,0,0,"N",0.74,0,0,0,0,0,0,0,"N",-2,-28.6,0,0,0,0,0,0,0,0,0,0,0,0,0,0
"13135","5","31134","77","0","2025","4","N",2,0,0,0,0,0,0,0,"N",0.97,0,0,0,0,0,0,0,"N",-1,-33.3,0,0,0,0,0,0,0,0,0,0,0,0,0,0
"13135","5","311340","78","0","2025","4","N",2,0,0,0,0,0,0,0,"N",0.97,0,0,0,0,0,0,0,"N",-1,-33.3,0,0,0,0,0,0,0,0,0,0,0,0,0,0
"13135","5","31135","77","0","2025","4","N",3,0,0,0,0,0,0,0,"N",0.69,0,0,0,0,0,0,0,"N",-1,-25.0,0,0,0,0,0,0,0,0,0,0,0,0,0,0
"13135","5","311352","78","0","2025","4","N",3,0,0,0,0,0,0,0,"N",0.89,0,0,0,0,0,0,0,"N",-1,-25.0,0,0,0,0,0,0,0,0,0,0,0,0,0,0
"13135","5","3114","76","0","2025","4","N",3,0,0,0,0,0,0,0,"N",0.36,0,0,0,0,0,0,0,"N",1,50.0,0,0,0,0,0,0,0,0,0,0,0,0,0,0
"13135","5","31141","77","0","2025","4","N",2,0,0,0,0,0,0,0,"N",0.57,0,0,0,0,0,0,0,"N",1,100.0,0,0,0,0,0,0,0,0,0,0,0,0,0,0
"13135","5","311412","78","0","2025","4","N",2,0,0,0,0,0,0,0,"N",0.80,0,0,0,0,0,0,0,"N",1,100.0,0,0,0,0,0,0,0,0,0,0,0,0,0,0
"13135","5","31142","77","0","2025","4","N",1,0,0,0,0,0,0,0,"N",0.21,0,0,0,0,0,0,0,"N",0,0.0,0,0,0,0,0,0,0,0,0,0,0,0,0,0
"13135","5","311421","78","0","2025","4","N",1,0,0,0,0,0,0,0,"N",0.31,0,0,0,0,0,0,0,"N",0,0.0,0,0,0,0,0,0,0,0,0,0,0,0,0,0
"13135","5","3115","76","0","2025","4","N",1,0,0,0,0,0,0,0,"N",0.13,0,0,0,0,0,0,0,"N",0,0.0,0,0,0,0,0,0,0,0,0,0,0,0,0,0
"13135","5","31152","77","0","2025","4","N",1,0,0,0,0,0,0,0,"N",0.35,0,0,0,0,0,0,0,"N",0,0.0,0,0,0,0,0,0,0,0,0,0,0,0,0,0
"13135","5","311520","78","0","2025","4","N",1,0,0,0,0,0,0,0,"N",0.35,0,0,0,0,0,0,0,"N",0,0.0,0,0,0,0,0,0,0,0,0,0,0,0,0,0
"13135","5","3116","76","0","2025","4","N",4,0,0,0,0,0,0,0,"N",0.30,0,0,0,0,0,0,0,"N",0,0.0,0,0,0,0,0,0,0,0,0,0,0,0,0,0
"13135","5","31161","77","0","2025","4","N",4,0,0,0,0,0,0,0,"N",0.30,0,0,0,0,0,0,0,"N",0,0.0,0,0,0,0,0,0,0,0,0,0,0,0,0,0
"13135","5","311612","78","0","2025","4","N",4,0,0,0,0,0,0,0,"N",0.72,0,0,0,0,0,0,0,"N",0,0.0,0,0,0,0,0,0,0,0,0,0,0,0,0,0
"13135","5","3118","76","0","2025","4","",42,1653,1657,1657,22992486,1675798,12359,1068,"",0.93,1.90,1.88,1.89,2.25,1.41,0.96,1.19,"",-6,-12.5,80,5.1,39,2.4,-57,-3.3,1108807,5.1,-364370,-17.9,3947,46.9,38,3.7
"13135","5","31181","77","0","2025","4","N",40,0,0,0,0,0,0,0,"N",1.00,0,0,0,0,0,0,0,"N",-6,-13.0,0,0,0,0,0,0,0,0,0,0,0,0,0,0
"13135","5","311811","78","0","2025","4","N",24,0,0,0,0,0,0,0,"N",0.87,0,0,0,0,0,0,0,"N",-5,-17.2,0,0,0,0,0,0,0,0,0,0,0,0,0,0
"13135","5","311812","78","0","2025","4","",16,692,712,710,11770356,760231,7909,1285,"",1.36,1.85,1.88,1.88,2.33,1.56,1.51,1.25,"",-1,-5.9,-12,-1.7,-28,-3.8,-37,-5.0,266777,2.3,17891,2.4,4852,158.7,73,6.0
"13135","5","31183","77","0","2025","4","N",2,0,0,0,0,0,0,0,"N",1.37,0,0,0,0,0,0,0,"N",0,0.0,0,0,0,0,0,0,0,0,0,0,0,0,0,0
"13135","5","311830","78","0","2025","4","N",2,0,0,0,0,0,0,0,"N",1.37,0,0,0,0,0,0,0,"N",0,0.0,0,0,0,0,0,0,0,0,0,0,0,0,0,0
"13135","5","3119","76","0","2025","4","N",8,0,0,0,0,0,0,0,"N",0.31,0,0,0,0,0,0,0,"N",-3,-27.3,0,0,0,0,0,0,0,0,0,0,0,0,0,0
"13135","5","31191","77","0","2025","4","N",2,0,0,0,0,0,0,0,"N",0.58,0,0,0,0,0,0,0,"N",0,0.0,0,0,0,0,0,0,0,0,0,0,0,0,0,0
"13135","5","311919","78","0","2025","4","N",2,0,0,0,0,0,0,0,"N",0.81,0,0,0,0,0,0,0,"N",1,100.0,0,0,0,0,0,0,0,0,0,0,0,0,0,0
"13135","5","31192","77","0","2025","4","N",1,0,0,0,0,0,0,0,"N",0.19,0,0,0,0,0,0,0,"N",0,0.0,0,0,0,0,0,0,0,0,0,0,0,0,0,0
"13135","5","311920","78","0","2025","4","N",1,0,0,0,0,0,0,0,"N",0.19,0,0,0,0,0,0,0,"N",0,0.0,0,0,0,0,0,0,0,0,0,0,0,0,0,0
"13135","5","31194","77","0","2025","4","N",1,0,0,0,0,0,0,0,"N",0.28,0,0,0,0,0,0,0,"N",0,0.0,0,0,0,0,0,0,0,0,0,0,0,0,0,0
"13135","5","311941","78","0","2025","4","N",1,0,0,0,0,0,0,0,"N",0.71,0,0,0,0,0,0,0,"N",0,0.0,0,0,0,0,0,0,0,0,0,0,0,0,0,0
"13135","5","31199","77","0","2025","4","",4,7,7,7,62370,0,0,685,"",0.33,0.02,0.02,0.02,0.02,0.00,0.00,0.62,"",-3,-42.9,-28,-80.0,-26,-78.8,-27,-79.4,-614633,-90.8,-25170,-100.0,-351,-100.0,-847,-55.3
"13135","5","311991","78","0","2025","4","N",2,0,0,0,0,0,0,0,"N",0.36,0,0,0,0,0,0,0,"N",-2,-50.0,0,0,0,0,0,0,0,0,0,0,0,0,0,0
"13135","5","311999","78","0","2025","4","N",2,0,0,0,0,0,0,0,"N",0.30,0,0,0,0,0,0,0,"N",-1,-33.3,0,0,0,0,0,0,0,0,0,0,0,0,0,0
"13135","5","312","75","0","2025","4","",23,554,551,547,9241596,375289,3736,1291,"",0.49,0.67,0.68,0.69,0.81,0.41,0.33,1.19,"",-1,-4.2,-15,-2.6,-24,-4.2,-14,-2.5,1082412,13.3,-207065,-35.6,-3198,-46.1,187,16.9
"13135","5","3121","76","0","2025","4","N",22,0,0,0,0,0,0,0,"N",0.48,0,0,0,0,0,0,0,"N",-1,-4.3,0,0,0,0,0,0,0,0,0,0,0,0,0,0
"13135","5","31211","77","0","2025","4","N",3,0,0,0,0,0,0,0,"N",0.38,0,0,0,0,0,0,0,"N",-1,-25.0,0,0,0,0,0,0,0,0,0,0,0,0,0,0
"13135","5","312111","78","0","2025","4","N",1,0,0,0,0,0,0,0,"N",0.24,0,0,0,0,0,0,0,"N",-1,-50.0,0,0,0,0,0,0,0,0,0,0,0,0,0,0
"13135","5","312112","78","0","2025","4","N",1,0,0,0,0,0,0,0,"N",0.45,0,0,0,0,0,0,0,"N",0,0.0,0,0,0,0,0,0,0,0,0,0,0,0,0,0
"13135","5","312113","78","0","2025","4","N",1,0,0,0,0,0,0,0,"N",0.65,0,0,0,0,0,0,0,"N",0,0.0,0,0,0,0,0,0,0,0,0,0,0,0,0,0
"13135","5","31212","77","0","2025","4","",16,196,203,208,3665550,193974,2062,1394,"",0.98,0.75,0.78,0.81,1.25,0.56,0.53,1.61,"",0,0.0,1,0.5,-12,-5.6,7,3.5,950500,35.0,-75620,-28.0,-1135,-35.5,369,36.0
"13135","5","312120","78","0","2025","4","",16,196,203,208,3665550,193974,2062,1394,"",0.98,0.75,0.78,0.81,1.25,0.56,0.53,1.61,"",0,0.0,1,0.5,-12,-5.6,7,3.5,950500,35.0,-75620,-28.0,-1135,-35.5,369,36.0
"13135","5","31214","77","0","2025","4","N",3,0,0,0,0,0,0,0,"N",0.57,0,0,0,0,0,0,0,"N",0,0.0,0,0,0,0,0,0,0,0,0,0,0,0,0,0
"13135","5","312140","78","0","2025","4","N",3,0,0,0,0,0,0,0,"N",0.57,0,0,0,0,0,0,0,"N",0,0.0,0,0,0,0,0,0,0,0,0,0,0,0,0,0
"13135","5","3122","76","0","2025","4","N",1,0,0,0,0,0,0,0,"N",0.86,0,0,0,0,0,0,0,"N",0,0.0,0,0,0,0,0,0,0,0,0,0,0,0,0,0
"13135","5","31223","77","0","2025","4","N",1,0,0,0,0,0,0,0,"N",0.86,0,0,0,0,0,0,0,"N",0,0.0,0,0,0,0,0,0,0,0,0,0,0,0,0,0
"13135","5","312230","78","0","2025","4","N",1,0,0,0,0,0,0,0,"N",0.86,0,0,0,0,0,0,0,"N",0,0.0,0,0,0,0,0,0,0,0,0,0,0,0,0,0
"13135","5","313","75","0","2025","4","N",9,0,0,0,0,0,0,0,"N",1.22,0,0,0,0,0,0,0,"N",-2,-18.2,0,0,0,0,0,0,0,0,0,0,0,0,0,0
"13135","5","3132","76","0","2025","4","N",3,0,0,0,0,0,0,0,"N",1.04,0,0,0,0,0,0,0,"N",-1,-25.0,0,0,0,0,0,0,0,0,0,0,0,0,0,0
"13135","5","31321","77","0","2025","4","N",1,0,0,0,0,0,0,0,"N",1.00,0,0,0,0,0,0,0,"N",-1,-50.0,0,0,0,0,0,0,0,0,0,0,0,0,0,0
"13135","5","313210","78","0","2025","4","N",1,0,0,0,0,0,0,0,"N",1.00,0,0,0,0,0,0,0,"N",-1,-50.0,0,0,0,0,0,0,0,0,0,0,0,0,0,0
"13135","5","31324","77","0","2025","4","N",2,0,0,0,0,0,0,0,"N",5.48,0,0,0,0,0,0,0,"N",0,0.0,0,0,0,0,0,0,0,0,0,0,0,0,0,0
"13135","5","313240","78","0","2025","4","N",2,0,0,0,0,0,0,0,"N",5.48,0,0,0,0,0,0,0,"N",0,0.0,0,0,0,0,0,0,0,0,0,0,0,0,0,0
"13135","5","3133","76","0","2025","4","N",6,0,0,0,0,0,0,0,"N",1.76,0,0,0,0,0,0,0,"N",-1,-14.3,0,0,0,0,0,0,0,0,0,0,0,0,0,0
"13135","5","31331","77","0","2025","4","N",6,0,0,0,0,0,0,0,"N",2.12,0,0,0,0,0,0,0,"N",-1,-14.3,0,0,0,0,0,0,0,0,0,0,0,0,0,0
"13135","5","313310","78","0","2025","4","N",6,0,0,0,0,0,0,0,"N",2.12,0,0,0,0,0,0,0,"N",-1,-14.3,0,0,0,0,0,0,0,0,0,0,0,0,0,0
"13135","5","314","75","0","2025","4","",32,524,521,521,8457436,503480,3912,1246,"",1.86,2.28,2.25,2.26,2.74,2.07,1.81,1.21,"",-5,-13.5,57,12.2,56,12.0,62,13.5,740873,9.6,23463,4.9,-1498,-27.7,-34,-2.7
"13135","5","3141","76","0","2025","4","",10,30,29,31,581933,19105,57,1492,"",2.42,0.33,0.32,0.34,0.48,0.31,0.11,1.44,"",-2,-16.7,-41,-57.7,-45,-60.8,-39,-55.7,-698709,-54.6,-28165,-59.6,-140,-71.1,117,8.5
"13135","5","31411","77","0","2025","4","N",2,0,0,0,0,0,0,0,"N",1.64,0,0,0,0,0,0,0,"N",-1,-33.3,0,0,0,0,0,0,0,0,0,0,0,0,0,0
"13135","5","314110","78","0","2025","4","N",2,0,0,0,0,0,0,0,"N",1.64,0,0,0,0,0,0,0,"N",-1,-33.3,0,0,0,0,0,0,0,0,0,0,0,0,0,0
"13135","5","31412","77","0","2025","4","N",8,0,0,0,0,0,0,0,"N",2.76,0,0,0,0,0,0,0,"N",-1,-11.1,0,0,0,0,0,0,0,0,0,0,0,0,0,0
"13135","5","314120","78","0","2025","4","N",8,0,0,0,0,0,0,0,"N",2.76,0,0,0,0,0,0,0,"N",-1,-11.1,0,0,0,0,0,0,0,0,0,0,0,0,0,0
"13135","5","3149","76","0","2025","4","",22,494,492,490,7875503,484375,3855,1231,"",1.69,3.55,3.51,3.51,4.24,2.67,2.37,1.20,"",-3,-12.0,98,24.7,101,25.8,101,26.0,1439582,22.4,51628,11.9,-1358,-26.1,-32,-2.5
"13135","5","31491","77","0","2025","4","",6,175,172,166,3424766,185013,1781,1541,"",1.37,3.23,3.16,3.07,4.48,2.76,2.79,1.42,"",-1,-14.3,0,0.0,1,0.6,-6,-3.5,854,0.0,-99939,-35.1,-2006,-53.0,16,1.0
"13135","5","314910","78","0","2025","4","",6,175,172,166,3424766,185013,1781,1541,"",1.37,3.23,3.16,3.07,4.48,2.76,2.79,1.42,"",-1,-14.3,0,0.0,1,0.6,-6,-3.5,854,0.0,-99939,-35.1,-2006,-53.0,16,1.0
"13135","5","31499","77","0","2025","4","",16,319,320,324,4450737,299362,2074,1067,"",1.84,3.75,3.73,3.79,4.07,2.62,2.09,1.08,"",-2,-11.1,98,44.3,100,45.5,107,49.3,1438728,47.8,151567,102.6,648,45.4,11,1.0
"13135","5","314999","78","0","2025","4","",16,319,320,324,4450737,299362,2074,1067,"",1.95,4.41,4.38,4.45,4.92,3.12,2.46,1.11,"",-2,-11.1,98,44.3,100,45.5,107,49.3,1438728,47.8,151567,102.6,648,45.4,11,1.0
"13135","5","315","75","0","2025","4","",11,24,26,27,434591,66193,815,1302,"",0.63,0.12,0.13,0.14,0.16,0.30,0.26,1.20,"",-1,-8.3,-18,-42.9,-16,-38.1,-16,-37.2,-83972,-16.2,28397,75.1,397,95.0,360,38.2
"13135","5","3152","76","0","2025","4","N",9,0,0,0,0,0,0,0,"N",0.72,0,0,0,0,0,0,0,"N",-1,-10.0,0,0,0,0,0,0,0,0,0,0,0,0,0,0
"13135","5","31521","77","0","2025","4","N",2,0,0,0,0,0,0,0,"N",0.36,0,0,0,0,0,0,0,"N",0,0.0,0,0,0,0,0,0,0,0,0,0,0,0,0,0
"13135","5","315210","78","0","2025","4","N",2,0,0,0,0,0,0,0,"N",0.36,0,0,0,0,0,0,0,"N",0,0.0,0,0,0,0,0,0,0,0,0,0,0,0,0,0
"13135","5","31525","77","0","2025","4","N",7,0,0,0,0,0,0,0,"N",1.01,0,0,0,0,0,0,0,"N",-1,-12.5,0,0,0,0,0,0,0,0,0,0,0,0,0,0
"13135","5","315250","78","0","2025","4","N",7,0,0,0,0,0,0,0,"N",1.01,0,0,0,0,0,0,0,"N",-1,-12.5,0,0,0,0,0,0,0,0,0,0,0,0,0,0
"13135","5","3159","76","0","2025","4","N",2,0,0,0,0,0,0,0,"N",0.47,0,0,0,0,0,0,0,"N",0,0.0,0,0,0,0,0,0,0,0,0,0,0,0,0,0
"13135","5","31599","77","0","2025","4","N",2,0,0,0,0,0,0,0,"N",0.47,0,0,0,0,0,0,0,"N",0,0.0,0,0,0,0,0,0,0,0,0,0,0,0,0,0
"13135","5","315990","78","0","2025","4","N",2,0,0,0,0,0,0,0,"N",0.47,0,0,0,0,0,0,0,"N",0,0.0,0,0,0,0,0,0,0,0,0,0,0,0,0,0
"13135","5","316","75","0","2025","4","N",5,0,0,0,0,0,0,0,"N",1.16,0,0,0,0,0,0,0,"N",0,0.0,0,0,0,0,0,0,0,0,0,0,0,0,0,0
"13135","5","3162","76","0","2025","4","N",3,0,0,0,0,0,0,0,"N",2.79,0,0,0,0,0,0,0,"N",0,0.0,0,0,0,0,0,0,0,0,0,0,0,0,0,0
"13135","5","31621","77","0","2025","4","N",3,0,0,0,0,0,0,0,"N",2.79,0,0,0,0,0,0,0,"N",0,0.0,0,0,0,0,0,0,0,0,0,0,0,0,0,0
"13135","5","316210","78","0","2025","4","N",3,0,0,0,0,0,0,0,"N",2.79,0,0,0,0,0,0,0,"N",0,0.0,0,0,0,0,0,0,0,0,0,0,0,0,0,0
"13135","5","3169","76","0","2025","4","N",2,0,0,0,0,0,0,0,"N",0.75,0,0,0,0,0,0,0,"N",0,0.0,0,0,0,0,0,0,0,0,0,0,0,0,0,0
"13135","5","31699","77","0","2025","4","N",2,0,0,0,0,0,0,0,"N",0.75,0,0,0,0,0,0,0,"N",0,0.0,0,0,0,0,0,0,0,0,0,0,0,0,0,0
"13135","5","316990","78","0","2025","4","N",2,0,0,0,0,0,0,0,"N",0.75,0,0,0,0,0,0,0,"N",0,0.0,0,0,0,0,0,0,0,0,0,0,0,0,0,0
"13135","5","321","75","0","2025","4","",30,1402,1392,1397,24801983,984073,9365,1366,"",0.66,1.41,1.40,1.41,1.69,0.73,0.72,1.20,"",2,7.1,-24,-1.7,-30,-2.1,-29,-2.0,2288621,10.2,111136,12.7,-103,-1.1,150,12.3
"13135","5","3211","76","0","2025","4","N",4,0,0,0,0,0,0,0,"N",0.43,0,0,0,0,0,0,0,"N",0,0.0,0,0,0,0,0,0,0,0,0,0,0,0,0,0
"13135","5","32111","77","0","2025","4","N",4,0,0,0,0,0,0,0,"N",0.43,0,0,0,0,0,0,0,"N",0,0.0,0,0,0,0,0,0,0,0,0,0,0,0,0,0
"13135","5","321113","78","0","2025","4","N",3,0,0,0,0,0,0,0,"N",0.38,0,0,0,0,0,0,0,"N",0,0.0,0,0,0,0,0,0,0,0,0,0,0,0,0,0
"13135","5","321114","78","0","2025","4","N",1,0,0,0,0,0,0,0,"N",0.75,0,0,0,0,0,0,0,"N",0,0.0,0,0,0,0,0,0,0,0,0,0,0,0,0,0
"13135","5","3212","76","0","2025","4","N",3,0,0,0,0,0,0,0,"N",0.56,0,0,0,0,0,0,0,"N",0,0.0,0,0,0,0,0,0,0,0,0,0,0,0,0,0
"13135","5","32121","77","0","2025","4","N",3,0,0,0,0,0,0,0,"N",0.56,0,0,0,0,0,0,0,"N",0,0.0,0,0,0,0,0,0,0,0,0,0,0,0,0,0
"13135","5","321215","78","0","2025","4","N",3,0,0,0,0,0,0,0,"N",0.90,0,0,0,0,0,0,0,"N",0,0.0,0,0,0,0,0,0,0,0,0,0,0,0,0,0
"13135","5","3219","76","0","2025","4","",23,1123,1118,1127,19463040,863393,6738,1334,"",0.75,1.91,1.89,1.92,2.32,1.14,0.94,1.22,"",2,9.5,-31,-2.7,-36,-3.1,-29,-2.5,361767,1.9,95466,12.4,-178,-2.6,61,4.8
"13135","5","32191","77","0","2025","4","",13,881,868,875,15475473,552218,2461,1361,"",1.33,3.60,3.54,3.58,4.25,1.62,0.93,1.19,"",1,8.3,19,2.2,4,0.5,9,1.0,739054,5.0,135430,32.5,90,3.8,49,3.7
"13135","5","321911","78","0","2025","4","",6,647,641,652,11777394,352691,1652,1401,"",1.71,4.71,4.64,4.73,5.52,1.79,1.23,1.18,"",1,20.0,-1,-0.2,-5,-0.8,5,0.8,541520,4.8,97772,38.4,343,26.2,65,4.9
"13135","5","321912","78","0","2025","4","N",2,0,0,0,0,0,0,0,"N",1.26,0,0,0,0,0,0,0,"N",0,0.0,0,0,0,0,0,0,0,0,0,0,0,0,0,0
"13135","5","321918","78","0","2025","4","N",5,0,0,0,0,0,0,0,"N",1.06,0,0,0,0,0,0,0,"N",0,0.0,0,0,0,0,0,0,0,0,0,0,0,0,0,0
"13135","5","32192","77","0","2025","4","",6,212,220,222,3382018,297484,4098,1193,"",0.68,1.39,1.44,1.46,1.73,1.61,2.48,1.21,"N",0,0.0,0,0,0,0,0,0,0,0,0,0,0,0,0,0
"13135","5","321920","78","0","2025","4","",6,212,220,222,3382018,297484,4098,1193,"",0.68,1.39,1.44,1.46,1.73,1.61,2.48,1.21,"N",0,0.0,0,0,0,0,0,0,0,0,0,0,0,0,0,0
"13135","5","32199","77","0","2025","4","",4,30,30,30,605549,13691,179,1553,"",0.33,0.16,0.16,0.16,0.22,0.06,0.06,1.39,"N",1,33.3,0,0,0,0,0,0,0,0,0,0,0,0,0,0
"13135","5","321999","78","0","2025","4","",4,30,30,30,605549,13691,179,1553,"",0.51,0.45,0.44,0.45,0.64,0.18,0.25,1.42,"N",1,33.3,0,0,0,0,0,0,0,0,0,0,0,0,0,0
"13135","5","322","75","0","2025","4","",25,1125,1127,1127,21023610,506010,5797,1436,"",1.55,1.29,1.29,1.30,1.27,0.77,0.90,0.98,"",-1,-3.8,-80,-6.6,-84,-6.9,-110,-8.9,-2813656,-11.8,-50522,-9.1,-2717,-31.9,-70,-4.6
"13135","5","3221","76","0","2025","4","N",3,0,0,0,0,0,0,0,"N",1.17,0,0,0,0,0,0,0,"N",0,0.0,0,0,0,0,0,0,0,0,0,0,0,0,0,0
"13135","5","32211","77","0","2025","4","N",1,0,0,0,0,0,0,0,"N",3.75,0,0,0,0,0,0,0,"N",0,0.0,0,0,0,0,0,0,0,0,0,0,0,0,0,0
"13135","5","322110","78","0","2025","4","N",1,0,0,0,0,0,0,0,"N",3.75,0,0,0,0,0,0,0,"N",0,0.0,0,0,0,0,0,0,0,0,0,0,0,0,0,0
"13135","5","32212","77","0","2025","4","N",2,0,0,0,0,0,0,0,"N",1.33,0,0,0,0,0,0,0,"N",0,0.0,0,0,0,0,0,0,0,0,0,0,0,0,0,0
"13135","5","322120","78","0","2025","4","N",2,0,0,0,0,0,0,0,"N",1.33,0,0,0,0,0,0,0,"N",0,0.0,0,0,0,0,0,0,0,0,0,0,0,0,0,0
"13135","5","3222","76","0","2025","4","N",22,0,0,0,0,0,0,0,"N",1.62,0,0,0,0,0,0,0,"N",-1,-4.3,0,0,0,0,0,0,0,0,0,0,0,0,0,0
"13135","5","32221","77","0","2025","4","",8,374,367,365,7393910,136611,1006,1543,"",1.14,0.96,0.94,0.94,1.05,0.46,0.33,1.11,"",0,0.0,-49,-11.6,-53,-12.6,-54,-12.9,-1135008,-13.3,-26237,-16.1,-238,-19.1,-17,-1.1
"13135","5","322211","78","0","2025","4","N",7,0,0,0,0,0,0,0,"N",1.47,0,0,0,0,0,0,0,"N",0,0.0,0,0,0,0,0,0,0,0,0,0,0,0,0,0
"13135","5","322212","78","0","2025","4","N",1,0,0,0,0,0,0,0,"N",0.87,0,0,0,0,0,0,0,"N",0,0.0,0,0,0,0,0,0,0,0,0,0,0,0,0,0
"13135","5","32222","77","0","2025","4","",7,606,614,618,10263187,340993,4045,1289,"",2.33,4.57,4.60,4.65,4.39,3.23,3.91,0.95,"",-1,-12.5,9,1.5,9,1.5,-16,-2.5,823142,8.7,4260,1.3,-1920,-32.2,102,8.6
"13135","5","322220","78","0","2025","4","",7,606,614,618,10263187,340993,4045,1289,"",2.33,4.57,4.60,4.65,4.39,3.23,3.91,0.95,"",-1,-12.5,9,1.5,9,1.5,-16,-2.5,823142,8.7,4260,1.3,-1920,-32.2,102,8.6
"13135","5","32223","77","0","2025","4","N",3,0,0,0,0,0,0,0,"N",2.69,0,0,0,0,0,0,0,"N",0,0.0,0,0,0,0,0,0,0,0,0,0,0,0,0,0
"13135","5","322230","78","0","2025","4","N",3,0,0,0,0,0,0,0,"N",2.69,0,0,0,0,0,0,0,"N",0,0.0,0,0,0,0,0,0,0,0,0,0,0,0,0,0
"13135","5","32229","77","0","2025","4","N",4,0,0,0,0,0,0,0,"N",1.61,0,0,0,0,0,0,0,"N",0,0.0,0,0,0,0,0,0,0,0,0,0,0,0,0,0
"13135","5","322299","78","0","2025","4","N",4,0,0,0,0,0,0,0,"N",2.33,0,0,0,0,0,0,0,"N",0,0.0,0,0,0,0,0,0,0,0,0,0,0,0,0,0
"13135","5","323","75","0","2025","4","",126,1689,1738,1740,30347248,1586844,14982,1355,"",1.64,1.97,2.01,2.02,2.40,1.71,1.60,1.20,"",-6,-4.5,-121,-6.7,-33,-1.9,-13,-0.7,192989,0.6,-252765,-13.7,-13552,-47.5,50,3.8
"13135","5","3231","76","0","2025","4","",126,1689,1738,1740,30347248,1586844,14982,1355,"",1.64,1.97,2.01,2.02,2.40,1.71,1.60,1.20,"",-6,-4.5,-121,-6.7,-33,-1.9,-13,-0.7,192989,0.6,-252765,-13.7,-13552,-47.5,50,3.8
"13135","5","32311","77","0","2025","4","",122,1621,1673,1674,29216789,1567816,14936,1357,"",1.66,1.98,2.02,2.03,2.42,1.76,1.66,1.20,"",-6,-4.7,-119,-6.8,-27,-1.6,-9,-0.5,214032,0.7,-248295,-13.7,-13495,-47.5,51,3.9
"13135","5","323111","78","0","2025","4","",89,1302,1315,1322,24071809,1154061,10534,1410,"",1.76,2.17,2.16,2.18,2.52,1.85,1.70,1.16,"",-4,-4.3,-110,-7.8,-54,-3.9,-56,-4.1,-1020571,-4.1,-188886,-14.1,-11828,-52.9,18,1.3
"13135","5","323113","78","0","2025","4","N",31,0,0,0,0,0,0,0,"N",1.45,0,0,0,0,0,0,0,"N",-2,-6.1,0,0,0,0,0,0,0,0,0,0,0,0,0,0
"13135","5","323117","78","0","2025","4","N",2,0,0,0,0,0,0,0,"N",1.34,0,0,0,0,0,0,0,"N",0,0.0,0,0,0,0,0,0,0,0,0,0,0,0,0,0
"13135","5","32312","77","0","2025","4","",4,68,65,66,1130459,19028,46,1311,"",1.16,1.83,1.72,1.75,2.02,0.47,0.13,1.14,"",0,0.0,-2,-2.9,-6,-8.5,-4,-5.7,-21043,-1.8,-4470,-19.0,-57,-55.3,52,4.1
"13135","5","323120","78","0","2025","4","",4,68,65,66,1130459,19028,46,1311,"",1.16,1.83,1.72,1.75,2.02,0.47,0.13,1.14,"",0,0.0,-2,-2.9,-6,-8.5,-4,-5.7,-21043,-1.8,-4470,-19.0,-57,-55.3,52,4.1
"13135","5","324","75","0","2025","4","",7,54,51,51,1432669,20649,118,2119,"",0.92,0.20,0.19,0.19,0.17,0.17,0.05,0.87,"",1,16.7,-5,-8.5,-8,-13.6,-7,-12.1,90654,6.8,-1940,-8.6,-11,-8.5,359,20.4
"13135","5","3241","76","0","2025","4","",7,54,51,51,1432669,20649,118,2119,"",0.92,0.20,0.19,0.19,0.17,0.17,0.05,0.87,"",1,16.7,-5,-8.5,-8,-13.6,-7,-12.1,90654,6.8,-1940,-8.6,-11,-8.5,359,20.4
"13135","5","32411","77","0","2025","4","N",1,0,0,0,0,0,0,0,"N",0.52,0,0,0,0,0,0,0,"N",0,0.0,0,0,0,0,0,0,0,0,0,0,0,0,0,0
"13135","5","324110","78","0","2025","4","N",1,0,0,0,0,0,0,0,"N",0.52,0,0,0,0,0,0,0,"N",0,0.0,0,0,0,0,0,0,0,0,0,0,0,0,0,0
"13135","5","32412","77","0","2025","4","",5,54,51,51,1432669,20649,118,2119,"",1.25,0.67,0.65,0.68,0.78,0.36,0.09,1.17,"",1,25.0,-3,-5.3,-6,-10.5,-5,-8.9,169751,13.4,-1940,-8.6,-11,-8.5,405,23.6
"13135","5","324121","78","0","2025","4","",5,54,51,51,1432669,20649,118,2119,"",1.68,1.17,1.15,1.25,1.34,0.55,0.11,1.13,"",1,25.0,-3,-5.3,-6,-10.5,-5,-8.9,169751,13.4,-1940,-8.6,-11,-8.5,405,23.6
"13135","5","32419","77","0","2025","4","N",1,0,0,0,0,0,0,0,"N",0.60,0,0,0,0,0,0,0,"N",0,0.0,0,0,0,0,0,0,0,0,0,0,0,0,0,0
"13135","5","324191","78","0","2025","4","N",1,0,0,0,0,0,0,0,"N",0.82,0,0,0,0,0,0,0,"N",0,0.0,0,0,0,0,0,0,0,0,0,0,0,0,0,0
"13135","5","325","75","0","2025","4","",93,2179,2093,2084,43835203,1259619,22983,1592,"",1.27,0.98,0.94,0.94,0.76,0.84,1.48,0.80,"",-5,-5.1,53,2.5,-53,-2.5,-111,-5.1,291155,0.7,133528,11.9,4401,23.7,38,2.4
"13135","5","3251","76","0","2025","4","",8,129,133,134,4073418,97710,44,2374,"",0.68,0.34,0.35,0.35,0.38,0.53,0.03,1.10,"",-2,-20.0,0,0.0,5,3.9,2,1.5,813311,24.9,27065,38.3,-429,-90.7,440,22.8
"13135","5","32512","77","0","2025","4","N",1,0,0,0,0,0,0,0,"N",0.37,0,0,0,0,0,0,0,"N",0,0.0,0,0,0,0,0,0,0,0,0,0,0,0,0,0
"13135","5","325120","78","0","2025","4","N",1,0,0,0,0,0,0,0,"N",0.37,0,0,0,0,0,0,0,"N",0,0.0,0,0,0,0,0,0,0,0,0,0,0,0,0,0
"13135","5","32513","77","0","2025","4","N",3,0,0,0,0,0,0,0,"N",3.64,0,0,0,0,0,0,0,"N",0,0.0,0,0,0,0,0,0,0,0,0,0,0,0,0,0
"13135","5","325130","78","0","2025","4","N",3,0,0,0,0,0,0,0,"N",3.64,0,0,0,0,0,0,0,"N",0,0.0,0,0,0,0,0,0,0,0,0,0,0,0,0,0
"13135","5","32518","77","0","2025","4","N",1,0,0,0,0,0,0,0,"N",0.34,0,0,0,0,0,0,0,"N",-1,-50.0,0,0,0,0,0,0,0,0,0,0,0,0,0,0
"13135","5","325180","78","0","2025","4","N",1,0,0,0,0,0,0,0,"N",0.34,0,0,0,0,0,0,0,"N",-1,-50.0,0,0,0,0,0,0,0,0,0,0,0,0,0,0
"13135","5","32519","77","0","2025","4","N",3,0,0,0,0,0,0,0,"N",0.66,0,0,0,0,0,0,0,"N",-1,-25.0,0,0,0,0,0,0,0,0,0,0,0,0,0,0
"13135","5","325194","78","0","2025","4","N",1,0,0,0,0,0,0,0,"N",3.36,0,0,0,0,0,0,0,"N",-1,-50.0,0,0,0,0,0,0,0,0,0,0,0,0,0,0
"13135","5","325199","78","0","2025","4","N",2,0,0,0,0,0,0,0,"N",0.56,0,0,0,0,0,0,0,"N",0,0.0,0,0,0,0,0,0,0,0,0,0,0,0,0,0
"13135","5","3252","76","0","2025","4","N",5,0,0,0,0,0,0,0,"N",0.83,0,0,0,0,0,0,0,"N",3,150.0,0,0,0,0,0,0,0,0,0,0,0,0,0,0
"13135","5","32521","77","0","2025","4","N",5,0,0,0,0,0,0,0,"N",0.94,0,0,0,0,0,0,0,"N",3,150.0,0,0,0,0,0,0,0,0,0,0,0,0,0,0
"13135","5","325211","78","0","2025","4","N",2,0,0,0,0,0,0,0,"N",0.43,0,0,0,0,0,0,0,"N",0,0.0,0,0,0,0,0,0,0,0,0,0,0,0,0,0
"13135","5","325212","78","0","2025","4","N",3,0,0,0,0,0,0,0,"N",4.49,0,0,0,0,0,0,0,"N",3,100.0,0,0,0,0,0,0,0,0,0,0,0,0,0,0
"13135","5","3253","76","0","2025","4","N",1,0,0,0,0,0,0,0,"N",0.22,0,0,0,0,0,0,0,"N",-1,-50.0,0,0,0,0,0,0,0,0,0,0,0,0,0,0
"13135","5","32532","77","0","2025","4","N",1,0,0,0,0,0,0,0,"N",0.64,0,0,0,0,0,0,0,"N",-1,-50.0,0,0,0,0,0,0,0,0,0,0,0,0,0,0
"13135","5","325320","78","0","2025","4","N",1,0,0,0,0,0,0,0,"N",0.64,0,0,0,0,0,0,0,"N",-1,-50.0,0,0,0,0,0,0,0,0,0,0,0,0,0,0
"13135","5","3254","76","0","2025","4","",23,1147,1061,1060,22020907,748867,17415,1555,"",1.05,1.32,1.21,1.22,0.87,1.12,2.59,0.69,"",1,4.5,8,0.7,-90,-7.8,-90,-7.8,-901841,-3.9,236110,46.0,9044,108.0,17,1.1
"13135","5","32541","77","0","2025","4","",23,1147,1061,1060,22020907,748867,17415,1555,"",1.05,1.32,1.21,1.22,0.87,1.12,2.59,0.69,"",1,4.5,8,0.7,-90,-7.8,-90,-7.8,-901841,-3.9,236110,46.0,9044,108.0,17,1.1
"13135","5","325411","78","0","2025","4","N",4,0,0,0,0,0,0,0,"N",0.98,0,0,0,0,0,0,0,"N",0,0.0,0,0,0,0,0,0,0,0,0,0,0,0,0,0
"13135","5","325412","78","0","2025","4","",13,196,125,126,3470721,47698,990,1792,"",0.92,0.34,0.22,0.22,0.20,0.12,0.24,0.77,"",0,0.0,3,1.6,-76,-37.8,-74,-37.0,-794656,-18.6,-101271,-68.0,-2140,-68.4,135,8.1
"13135","5","325413","78","0","2025","4","N",3,0,0,0,0,0,0,0,"N",2.16,0,0,0,0,0,0,0,"N",0,0.0,0,0,0,0,0,0,0,0,0,0,0,0,0,0
"13135","5","325414","78","0","2025","4","N",3,0,0,0,0,0,0,0,"N",1.28,0,0,0,0,0,0,0,"N",1,50.0,0,0,0,0,0,0,0,0,0,0,0,0,0,0
"13135","5","3255","76","0","2025","4","",29,267,257,255,4734362,84967,399,1402,"",3.94,1.65,1.58,1.58,1.43,0.96,0.42,0.89,"",-2,-6.5,20,8.1,5,2.0,-4,-1.5,-5994,-0.1,-48579,-36.4,-319,-44.4,-41,-2.8
"13135","5","32551","77","0","2025","4","",22,176,165,161,2646984,54597,196,1217,"",4.26,1.74,1.62,1.59,1.30,0.98,0.33,0.79,"",-3,-12.0,1,0.6,-13,-7.3,-23,-12.5,-201740,-7.1,-33478,-38.0,-288,-59.5,-7,-0.6
"13135","5","325510","78","0","2025","4","",22,176,165,161,2646984,54597,196,1217,"",4.26,1.74,1.62,1.59,1.30,0.98,0.33,0.79,"",-3,-12.0,1,0.6,-13,-7.3,-23,-12.5,-201740,-7.1,-33478,-38.0,-288,-59.5,-7,-0.6
"13135","5","32552","77","0","2025","4","",7,91,92,94,2087378,30370,203,1739,"",3.19,1.51,1.52,1.56,1.63,0.93,0.58,1.07,"",1,16.7,19,26.4,18,24.3,19,25.3,195746,10.3,-15101,-33.2,-31,-13.2,-236,-11.9
"13135","5","325520","78","0","2025","4","",7,91,92,94,2087378,30370,203,1739,"",3.19,1.51,1.52,1.56,1.63,0.93,0.58,1.07,"",1,16.7,19,26.4,18,24.3,19,25.3,195746,10.3,-15101,-33.2,-31,-13.2,-236,-11.9
"13135","5","3256","76","0","2025","4","",13,165,166,165,2715197,100077,247,1263,"",1.13,0.59,0.59,0.59,0.46,0.44,0.10,0.78,"",-2,-13.3,19,13.0,8,5.1,8,5.1,165280,6.5,14042,16.3,-340,-57.9,-13,-1.0
"13135","5","32561","77","0","2025","4","N",8,0,0,0,0,0,0,0,"N",1.29,0,0,0,0,0,0,0,"N",-2,-20.0,0,0,0,0,0,0,0,0,0,0,0,0,0,0
"13135","5","325611","78","0","2025","4","N",3,0,0,0,0,0,0,0,"N",0.88,0,0,0,0,0,0,0,"N",-2,-40.0,0,0,0,0,0,0,0,0,0,0,0,0,0,0
"13135","5","325612","78","0","2025","4","N",4,0,0,0,0,0,0,0,"N",1.67,0,0,0,0,0,0,0,"N",0,0.0,0,0,0,0,0,0,0,0,0,0,0,0,0,0
"13135","5","325613","78","0","2025","4","N",1,0,0,0,0,0,0,0,"N",2.33,0,0,0,0,0,0,0,"N",0,0.0,0,0,0,0,0,0,0,0,0,0,0,0,0,0
"13135","5","32562","77","0","2025","4","N",5,0,0,0,0,0,0,0,"N",0.95,0,0,0,0,0,0,0,"N",0,0.0,0,0,0,0,0,0,0,0,0,0,0,0,0,0
"13135","5","325620","78","0","2025","4","N",5,0,0,0,0,0,0,0,"N",0.95,0,0,0,0,0,0,0,"N",0,0.0,0,0,0,0,0,0,0,0,0,0,0,0,0,0
"13135","5","3259","76","0","2025","4","",14,396,400,394,8713618,145127,3987,1690,"",1.40,1.99,1.99,1.97,2.04,1.08,2.36,1.03,"",-2,-12.5,-35,-8.1,-24,-5.7,-71,-15.3,-543774,-5.9,-155757,-51.8,-4407,-52.5,72,4.4
"13135","5","32591","77","0","2025","4","N",2,0,0,0,0,0,0,0,"N",1.62,0,0,0,0,0,0,0,"N",0,0.0,0,0,0,0,0,0,0,0,0,0,0,0,0,0
"13135","5","325910","78","0","2025","4","N",2,0,0,0,0,0,0,0,"N",1.62,0,0,0,0,0,0,0,"N",0,0.0,0,0,0,0,0,0,0,0,0,0,0,0,0,0
"13135","5","32599","77","0","2025","4","N",12,0,0,0,0,0,0,0,"N",1.42,0,0,0,0,0,0,0,"N",-2,-14.3,0,0,0,0,0,0,0,0,0,0,0,0,0,0
"13135","5","325991","78","0","2025","4","N",1,0,0,0,0,0,0,0,"N",0.74,0,0,0,0,0,0,0,"N",0,0.0,0,0,0,0,0,0,0,0,0,0,0,0,0,0
"13135","5","325992","78","0","2025","4","",7,372,376,370,8215012,142760,3964,1696,"",13.13,29.02,29.14,28.86,31.68,16.68,25.61,1.09,"",-2,-22.2,-37,-9.0,-25,-6.2,-72,-16.3,-544769,-6.2,-150178,-51.3,-4339,-52.3,81,5.0
"13135","5","325998","78","0","2025","4","N",4,0,0,0,0,0,0,0,"N",0.61,0,0,0,0,0,0,0,"N",0,0.0,0,0,0,0,0,0,0,0,0,0,0,0,0,0
"13135","5","326","75","0","2025","4","",41,2290,2270,2260,39891590,1450624,17502,1350,"",1.00,1.32,1.30,1.30,1.42,0.96,1.15,1.08,"",0,0.0,-22,-1.0,-47,-2.0,-45,-2.0,1175995,3.0,-15454,-1.1,2083,13.5,62,4.8
"13135","5","3261","76","0","2025","4","",32,1487,1472,1468,26710324,1011150,14016,1392,"",0.92,1.04,1.03,1.03,1.16,0.76,1.04,1.12,"",1,3.2,-19,-1.3,-35,-2.3,-23,-1.5,757219,2.9,102911,11.3,2368,20.3,62,4.7
"13135","5","32611","77","0","2025","4","",6,73,74,77,1534354,73852,685,1581,"",1.19,0.30,0.30,0.31,0.36,0.34,0.34,1.19,"",1,20.0,2,2.8,4,5.7,7,10.0,69872,4.8,10156,15.9,328,91.9,-21,-1.3
"13135","5","326111","78","0","2025","4","N",2,0,0,0,0,0,0,0,"N",1.19,0,0,0,0,0,0,0,"N",0,0.0,0,0,0,0,0,0,0,0,0,0,0,0,0,0
"13135","5","326112","78","0","2025","4","N",2,0,0,0,0,0,0,0,"N",1.07,0,0,0,0,0,0,0,"N",1,100.0,0,0,0,0,0,0,0,0,0,0,0,0,0,0
"13135","5","326113","78","0","2025","4","N",2,0,0,0,0,0,0,0,"N",1.33,0,0,0,0,0,0,0,"N",0,0.0,0,0,0,0,0,0,0,0,0,0,0,0,0,0
"13135","5","32612","77","0","2025","4","N",1,0,0,0,0,0,0,0,"N",0.32,0,0,0,0,0,0,0,"N",0,0.0,0,0,0,0,0,0,0,0,0,0,0,0,0,0
"13135","5","326122","78","0","2025","4","N",1,0,0,0,0,0,0,0,"N",0.55,0,0,0,0,0,0,0,"N",0,0.0,0,0,0,0,0,0,0,0,0,0,0,0,0,0
"13135","5","32613","77","0","2025","4","N",1,0,0,0,0,0,0,0,"N",0.83,0,0,0,0,0,0,0,"N",1,100.0,0,0,0,0,0,0,0,0,0,0,0,0,0,0
"13135","5","326130","78","0","2025","4","N",1,0,0,0,0,0,0,0,"N",0.83,0,0,0,0,0,0,0,"N",1,100.0,0,0,0,0,0,0,0,0,0,0,0,0,0,0
"13135","5","32614","77","0","2025","4","N",3,0,0,0,0,0,0,0,"N",1.82,0,0,0,0,0,0,0,"N",-1,-25.0,0,0,0,0,0,0,0,0,0,0,0,0,0,0
"13135","5","326140","78","0","2025","4","N",3,0,0,0,0,0,0,0,"N",1.82,0,0,0,0,0,0,0,"N",-1,-25.0,0,0,0,0,0,0,0,0,0,0,0,0,0,0
"13135","5","32615","77","0","2025","4","",5,439,438,442,7250890,372772,2281,1269,"",1.92,4.78,4.75,4.81,5.24,4.50,2.87,1.10,"",0,0.0,8,1.9,7,1.6,0,0.0,242514,3.5,42540,12.9,-690,-23.2,29,2.3
"13135","5","326150","78","0","2025","4","",5,439,438,442,7250890,372772,2281,1269,"",1.92,4.78,4.75,4.81,5.24,4.50,2.87,1.10,"",0,0.0,8,1.9,7,1.6,0,0.0,242514,3.5,42540,12.9,-690,-23.2,29,2.3
"13135","5","32616","77","0","2025","4","N",2,0,0,0,0,0,0,0,"N",1.20,0,0,0,0,0,0,0,"N",0,0.0,0,0,0,0,0,0,0,0,0,0,0,0,0,0
"13135","5","326160","78","0","2025","4","N",2,0,0,0,0,0,0,0,"N",1.20,0,0,0,0,0,0,0,"N",0,0.0,0,0,0,0,0,0,0,0,0,0,0,0,0,0
"13135","5","32619","77","0","2025","4","",14,629,612,599,10667250,290325,5148,1338,"",0.71,0.84,0.81,0.80,0.91,0.40,0.67,1.12,"",0,0.0,-15,-2.3,-37,-5.7,-26,-4.2,-50275,-0.5,-37816,-11.5,829,19.2,48,3.7
"13135","5","326191","78","0","2025","4","N",2,0,0,0,0,0,0,0,"N",1.81,0,0,0,0,0,0,0,"N",0,0.0,0,0,0,0,0,0,0,0,0,0,0,0,0,0
"13135","5","326199","78","0","2025","4","N",12,0,0,0,0,0,0,0,"N",0.65,0,0,0,0,0,0,0,"N",0,0.0,0,0,0,0,0,0,0,0,0,0,0,0,0,0
"13135","5","3262","76","0","2025","4","",9,803,798,792,13181266,439474,3486,1271,"",1.47,2.62,2.59,2.59,2.57,2.48,2.06,0.99,"",-1,-10.0,-3,-0.4,-12,-1.5,-22,-2.7,418776,3.3,-118365,-21.2,-285,-7.6,59,4.9
"13135","5","32622","77","0","2025","4","N",3,0,0,0,0,0,0,0,"N",2.14,0,0,0,0,0,0,0,"N",0,0.0,0,0,0,0,0,0,0,0,0,0,0,0,0,0
"13135","5","326220","78","0","2025","4","N",3,0,0,0,0,0,0,0,"N",2.14,0,0,0,0,0,0,0,"N",0,0.0,0,0,0,0,0,0,0,0,0,0,0,0,0,0
"13135","5","32629","77","0","2025","4","N",6,0,0,0,0,0,0,0,"N",1.74,0,0,0,0,0,0,0,"N",0,0.0,0,0,0,0,0,0,0,0,0,0,0,0,0,0
"13135","5","326291","78","0","2025","4","N",2,0,0,0,0,0,0,0,"N",1.44,0,0,0,0,0,0,0,"N",0,0.0,0,0,0,0,0,0,0,0,0,0,0,0,0,0
"13135","5","326299","78","0","2025","4","N",4,0,0,0,0,0,0,0,"N",1.93,0,0,0,0,0,0,0,"N",0,0.0,0,0,0,0,0,0,0,0,0,0,0,0,0,0
"13135","5","327","75","0","2025","4","",59,1396,1401,1381,31159637,638109,4163,1721,"",1.19,1.34,1.34,1.34,1.65,0.65,0.29,1.23,"",0,0.0,52,3.9,45,3.3,33,2.4,1375193,4.6,-120208,-15.9,-1576,-27.5,23,1.4
"13135","5","3271","76","0","2025","4","",5,68,70,70,2213337,48115,190,2456,"",1.20,0.81,0.84,0.84,1.63,0.77,0.25,1.96,"N",0,0.0,0,0,0,0,0,0,0,0,0,0,0,0,0,0
"13135","5","32711","77","0","2025","4","N",2,0,0,0,0,0,0,0,"N",0.88,0,0,0,0,0,0,0,"N",0,0.0,0,0,0,0,0,0,0,0,0,0,0,0,0,0
"13135","5","327110","78","0","2025","4","N",2,0,0,0,0,0,0,0,"N",0.88,0,0,0,0,0,0,0,"N",0,0.0,0,0,0,0,0,0,0,0,0,0,0,0,0,0
"13135","5","32712","77","0","2025","4","N",3,0,0,0,0,0,0,0,"N",1.57,0,0,0,0,0,0,0,"N",0,0.0,0,0,0,0,0,0,0,0,0,0,0,0,0,0
"13135","5","327120","78","0","2025","4","N",3,0,0,0,0,0,0,0,"N",1.57,0,0,0,0,0,0,0,"N",0,0.0,0,0,0,0,0,0,0,0,0,0,0,0,0,0
"13135","5","3272","76","0","2025","4","N",7,0,0,0,0,0,0,0,"N",1.27,0,0,0,0,0,0,0,"N",-1,-12.5,0,0,0,0,0,0,0,0,0,0,0,0,0,0
"13135","5","32721","77","0","2025","4","N",7,0,0,0,0,0,0,0,"N",1.27,0,0,0,0,0,0,0,"N",-1,-12.5,0,0,0,0,0,0,0,0,0,0,0,0,0,0
"13135","5","327211","78","0","2025","4","N",1,0,0,0,0,0,0,0,"N",1.78,0,0,0,0,0,0,0,"N",0,0.0,0,0,0,0,0,0,0,0,0,0,0,0,0,0
"13135","5","327212","78","0","2025","4","N",1,0,0,0,0,0,0,0,"N",0.92,0,0,0,0,0,0,0,"N",0,0.0,0,0,0,0,0,0,0,0,0,0,0,0,0,0
"13135","5","327215","78","0","2025","4","",5,13,12,12,198213,5204,5,1236,"",1.46,0.12,0.11,0.11,0.12,0.04,0.00,1.04,"",-1,-16.7,-19,-59.4,-21,-63.6,-21,-63.6,-356738,-64.3,-12759,-71.0,-68,-93.2,-71,-5.4
"13135","5","3273","76","0","2025","4","",19,384,384,379,9180453,129370,1028,1847,"",0.71,0.73,0.73,0.73,0.91,0.24,0.11,1.25,"",0,0.0,-22,-5.4,-23,-5.7,-24,-6.0,341283,3.9,-32404,-20.0,156,17.9,170,10.1
"13135","5","32731","77","0","2025","4","N",7,0,0,0,0,0,0,0,"N",5.19,0,0,0,0,0,0,0,"N",0,0.0,0,0,0,0,0,0,0,0,0,0,0,0,0,0
"13135","5","327310","78","0","2025","4","N",7,0,0,0,0,0,0,0,"N",5.19,0,0,0,0,0,0,0,"N",0,0.0,0,0,0,0,0,0,0,0,0,0,0,0,0,0
"13135","5","32732","77","0","2025","4","",10,306,306,304,7488984,70990,374,1887,"",0.61,1.14,1.13,1.16,1.44,0.25,0.06,1.26,"",0,0.0,-24,-7.3,-23,-7.0,-24,-7.3,213272,2.9,-53817,-43.1,-239,-39.0,186,10.9
"13135","5","327320","78","0","2025","4","",10,306,306,304,7488984,70990,374,1887,"",0.61,1.14,1.13,1.16,1.44,0.25,0.06,1.26,"",0,0.0,-24,-7.3,-23,-7.0,-24,-7.3,213272,2.9,-53817,-43.1,-239,-39.0,186,10.9
"13135","5","32739","77","0","2025","4","N",2,0,0,0,0,0,0,0,"N",0.34,0,0,0,0,0,0,0,"N",0,0.0,0,0,0,0,0,0,0,0,0,0,0,0,0,0
"13135","5","327390","78","0","2025","4","N",2,0,0,0,0,0,0,0,"N",0.34,0,0,0,0,0,0,0,"N",0,0.0,0,0,0,0,0,0,0,0,0,0,0,0,0,0
"13135","5","3274","76","0","2025","4","N",2,0,0,0,0,0,0,0,"N",1.95,0,0,0,0,0,0,0,"N",0,0.0,0,0,0,0,0,0,0,0,0,0,0,0,0,0
"13135","5","32742","77","0","2025","4","N",2,0,0,0,0,0,0,0,"N",2.69,0,0,0,0,0,0,0,"N",0,0.0,0,0,0,0,0,0,0,0,0,0,0,0,0,0
"13135","5","327420","78","0","2025","4","N",2,0,0,0,0,0,0,0,"N",2.69,0,0,0,0,0,0,0,"N",0,0.0,0,0,0,0,0,0,0,0,0,0,0,0,0,0
"13135","5","3279","76","0","2025","4","",26,607,609,602,14333544,274359,1697,1819,"",2.11,3.08,3.08,3.07,4.26,1.58,0.92,1.38,"",1,4.0,55,10.0,56,10.1,51,9.3,1528004,11.9,23720,9.5,61,3.7,35,2.0
"13135","5","32799","77","0","2025","4","",26,607,609,602,14333544,274359,1697,1819,"",2.31,3.49,3.49,3.48,4.85,1.71,1.00,1.39,"",1,4.0,55,10.0,56,10.1,51,9.3,1528004,11.9,23720,9.5,61,3.7,35,2.0
"13135","5","327991","78","0","2025","4","",21,118,122,120,2379390,47818,228,1525,"",2.55,1.42,1.46,1.46,1.97,0.48,0.23,1.36,"",1,5.0,5,4.4,9,8.0,7,6.2,407678,20.7,10286,27.4,157,221.1,183,13.6
"13135","5","327992","78","0","2025","4","N",1,0,0,0,0,0,0,0,"N",2.05,0,0,0,0,0,0,0,"N",0,0.0,0,0,0,0,0,0,0,0,0,0,0,0,0,0
"13135","5","327993","78","0","2025","4","N",3,0,0,0,0,0,0,0,"N",3.74,0,0,0,0,0,0,0,"N",0,0.0,0,0,0,0,0,0,0,0,0,0,0,0,0,0
"13135","5","327999","78","0","2025","4","N",1,0,0,0,0,0,0,0,"N",0.59,0,0,0,0,0,0,0,"N",0,0.0,0,0,0,0,0,0,0,0,0,0,0,0,0,0
"13135","5","331","75","0","2025","4","",6,104,102,106,2676945,118976,1822,1980,"",0.35,0.12,0.11,0.12,0.14,0.19,0.24,1.22,"",-2,-25.0,54,108.0,54,112.5,59,125.5,1507945,129.0,77703,188.3,1005,123.0,120,6.5
"13135","5","3311","76","0","2025","4","-",0,0,0,0,0,0,0,0,"N",0.00,0,0,0,0,0,0,0,"N",-1,-100.0,0,0,0,0,0,0,0,0,0,0,0,0,0,0
"13135","5","33111","77","0","2025","4","-",0,0,0,0,0,0,0,0,"N",0.00,0,0,0,0,0,0,0,"N",-1,-100.0,0,0,0,0,0,0,0,0,0,0,0,0,0,0
"13135","5","331110","78","0","2025","4","-",0,0,0,0,0,0,0,0,"N",0.00,0,0,0,0,0,0,0,"N",-1,-100.0,0,0,0,0,0,0,0,0,0,0,0,0,0,0
"13135","5","3312","76","0","2025","4","N",2,0,0,0,0,0,0,0,"N",0.49,0,0,0,0,0,0,0,"N",0,0.0,0,0,0,0,0,0,0,0,0,0,0,0,0,0
"13135","5","33121","77","0","2025","4","N",1,0,0,0,0,0,0,0,"N",0.54,0,0,0,0,0,0,0,"N",0,0.0,0,0,0,0,0,0,0,0,0,0,0,0,0,0
"13135","5","331210","78","0","2025","4","N",1,0,0,0,0,0,0,0,"N",0.54,0,0,0,0,0,0,0,"N",0,0.0,0,0,0,0,0,0,0,0,0,0,0,0,0,0
"13135","5","33122","77","0","2025","4","N",1,0,0,0,0,0,0,0,"N",0.45,0,0,0,0,0,0,0,"N",0,0.0,0,0,0,0,0,0,0,0,0,0,0,0,0,0
"13135","5","331221","78","0","2025","4","N",1,0,0,0,0,0,0,0,"N",0.67,0,0,0,0,0,0,0,"N",0,0.0,0,0,0,0,0,0,0,0,0,0,0,0,0,0
"13135","5","3314","76","0","2025","4","N",2,0,0,0,0,0,0,0,"N",0.62,0,0,0,0,0,0,0,"N",0,0.0,0,0,0,0,0,0,0,0,0,0,0,0,0,0
"13135","5","33142","77","0","2025","4","N",1,0,0,0,0,0,0,0,"N",1.03,0,0,0,0,0,0,0,"N",1,100.0,0,0,0,0,0,0,0,0,0,0,0,0,0,0
"13135","5","331420","78","0","2025","4","N",1,0,0,0,0,0,0,0,"N",1.03,0,0,0,0,0,0,0,"N",1,100.0,0,0,0,0,0,0,0,0,0,0,0,0,0,0
"13135","5","33149","77","0","2025","4","N",1,0,0,0,0,0,0,0,"N",0.59,0,0,0,0,0,0,0,"N",-1,-50.0,0,0,0,0,0,0,0,0,0,0,0,0,0,0
"13135","5","331492","78","0","2025","4","N",1,0,0,0,0,0,0,0,"N",1.35,0,0,0,0,0,0,0,"N",-1,-50.0,0,0,0,0,0,0,0,0,0,0,0,0,0,0
"13135","5","3315","76","0","2025","4","N",2,0,0,0,0,0,0,0,"N",0.43,0,0,0,0,0,0,0,"N",0,0.0,0,0,0,0,0,0,0,0,0,0,0,0,0,0
"13135","5","33151","77","0","2025","4","N",2,0,0,0,0,0,0,0,"N",0.98,0,0,0,0,0,0,0,"N",0,0.0,0,0,0,0,0,0,0,0,0,0,0,0,0,0
"13135","5","331511","78","0","2025","4","N",1,0,0,0,0,0,0,0,"N",1.00,0,0,0,0,0,0,0,"N",0,0.0,0,0,0,0,0,0,0,0,0,0,0,0,0,0
"13135","5","331513","78","0","2025","4","N",1,0,0,0,0,0,0,0,"N",1.40,0,0,0,0,0,0,0,"N",0,0.0,0,0,0,0,0,0,0,0,0,0,0,0,0,0
"13135","5","332","75","0","2025","4","",104,2900,2914,2921,45917454,1363903,14684,1213,"",0.61,0.82,0.82,0.82,0.71,0.42,0.41,0.87,"",-8,-7.1,-5,-0.2,20,0.7,-2,-0.1,1210468,2.7,-541018,-28.4,3859,35.6,30,2.5
"13135","5","3321","76","0","2025","4","",5,222,223,220,4525420,65103,359,1570,"",0.80,1.06,1.06,1.05,1.24,0.43,0.20,1.17,"",0,0.0,2,0.9,-3,-1.3,-8,-3.5,402887,9.8,-56430,-46.4,-386,-51.8,158,11.2
"13135","5","33211","77","0","2025","4","",5,222,223,220,4525420,65103,359,1570,"",0.80,1.06,1.06,1.05,1.24,0.43,0.20,1.17,"",0,0.0,2,0.9,-3,-1.3,-8,-3.5,402887,9.8,-56430,-46.4,-386,-51.8,158,11.2
"13135","5","332112","78","0","2025","4","N",1,0,0,0,0,0,0,0,"N",3.87,0,0,0,0,0,0,0,"N",0,0.0,0,0,0,0,0,0,0,0,0,0,0,0,0,0
"13135","5","332119","78","0","2025","4","N",4,0,0,0,0,0,0,0,"N",1.18,0,0,0,0,0,0,0,"N",0,0.0,0,0,0,0,0,0,0,0,0,0,0,0,0,0
"13135","5","3322","76","0","2025","4","N",1,0,0,0,0,0,0,0,"N",0.27,0,0,0,0,0,0,0,"N",0,0.0,0,0,0,0,0,0,0,0,0,0,0,0,0,0
"13135","5","33221","77","0","2025","4","N",1,0,0,0,0,0,0,0,"N",0.27,0,0,0,0,0,0,0,"N",0,0.0,0,0,0,0,0,0,0,0,0,0,0,0,0,0
"13135","5","332216","78","0","2025","4","N",1,0,0,0,0,0,0,0,"N",0.37,0,0,0,0,0,0,0,"N",0,0.0,0,0,0,0,0,0,0,0,0,0,0,0,0,0
"13135","5","3323","76","0","2025","4","",37,1963,1939,1941,28199012,737991,7025,1114,"",0.77,1.89,1.86,1.86,1.49,0.68,0.58,0.79,"",-2,-5.1,41,2.1,22,1.1,-4,-0.2,-4297,0.0,-448011,-37.8,-429,-5.8,-11,-1.0
"13135","5","33231","77","0","2025","4","",10,21,20,19,271120,20063,37,1043,"",0.47,0.04,0.04,0.04,0.03,0.04,0.01,0.69,"",-2,-16.7,-68,-76.4,-70,-77.8,-75,-79.8,-1693327,-86.2,-110390,-84.6,-1485,-97.6,-618,-37.2
"13135","5","332311","78","0","2025","4","N",4,0,0,0,0,0,0,0,"N",0.90,0,0,0,0,0,0,0,"N",1,33.3,0,0,0,0,0,0,0,0,0,0,0,0,0,0
"13135","5","332312","78","0","2025","4","N",3,0,0,0,0,0,0,0,"N",0.26,0,0,0,0,0,0,0,"N",-3,-50.0,0,0,0,0,0,0,0,0,0,0,0,0,0,0
"13135","5","332313","78","0","2025","4","",3,17,17,16,197973,9813,33,914,"",0.55,0.14,0.14,0.13,0.08,0.09,0.03,0.60,"",0,0.0,0,0.0,0,0.0,1,6.7,-155385,-44.0,2699,37.9,-51,-60.7,-750,-45.1
"13135","5","33232","77","0","2025","4","",27,1942,1919,1922,27927892,717928,6988,1114,"",1.02,3.45,3.38,3.40,2.92,1.23,1.03,0.85,"",0,0.0,109,5.9,92,5.0,71,3.8,1689030,6.4,-337621,-32.0,1056,17.8,15,1.4
"13135","5","332321","78","0","2025","4","",4,30,30,29,704120,0,0,1826,"",0.89,0.18,0.18,0.18,0.27,0.00,0.00,1.49,"",-1,-20.0,-1,-3.2,1,3.4,1,3.6,93289,15.3,-16366,-100.0,-140,-100.0,224,14.0
"13135","5","332322","78","0","2025","4","",10,1704,1684,1685,22952030,623784,4980,1044,"",0.79,5.90,5.79,5.81,4.57,1.98,1.32,0.78,"",-1,-9.1,93,5.8,78,4.9,45,2.7,1171598,5.4,-325849,-34.3,471,10.4,9,0.9
"13135","5","332323","78","0","2025","4","",13,208,205,208,4271742,94144,2008,1587,"",1.39,1.89,1.85,1.88,2.22,0.68,1.17,1.19,"",2,18.2,17,8.9,13,6.8,25,13.7,424143,11.0,4594,5.1,725,56.5,18,1.1
"13135","5","3324","76","0","2025","4","",6,172,174,175,3407964,43358,327,1510,"",0.98,0.71,0.72,0.72,0.71,0.20,0.12,0.99,"",0,0.0,-17,-9.0,-13,-7.0,-11,-5.9,-238658,-6.5,7068,19.5,151,85.8,13,0.9
"13135","5","33241","77","0","2025","4","N",3,0,0,0,0,0,0,0,"N",2.47,0,0,0,0,0,0,0,"N",0,0.0,0,0,0,0,0,0,0,0,0,0,0,0,0,0
"13135","5","332410","78","0","2025","4","N",3,0,0,0,0,0,0,0,"N",2.47,0,0,0,0,0,0,0,"N",0,0.0,0,0,0,0,0,0,0,0,0,0,0,0,0,0
"13135","5","33242","77","0","2025","4","N",2,0,0,0,0,0,0,0,"N",0.70,0,0,0,0,0,0,0,"N",0,0.0,0,0,0,0,0,0,0,0,0,0,0,0,0,0
"13135","5","332420","78","0","2025","4","N",2,0,0,0,0,0,0,0,"N",0.70,0,0,0,0,0,0,0,"N",0,0.0,0,0,0,0,0,0,0,0,0,0,0,0,0,0
"13135","5","33243","77","0","2025","4","N",1,0,0,0,0,0,0,0,"N",0.48,0,0,0,0,0,0,0,"N",0,0.0,0,0,0,0,0,0,0,0,0,0,0,0,0,0
"13135","5","332439","78","0","2025","4","N",1,0,0,0,0,0,0,0,"N",0.72,0,0,0,0,0,0,0,"N",0,0.0,0,0,0,0,0,0,0,0,0,0,0,0,0,0
"13135","5","3325","76","0","2025","4","",5,119,123,120,2180221,78097,528,1390,"",2.04,2.18,2.23,2.18,2.16,1.66,1.32,0.98,"",0,0.0,3,2.6,8,7.0,7,6.2,331396,17.9,-2721,-3.4,293,124.7,150,12.1
"13135","5","33251","77","0","2025","4","",5,119,123,120,2180221,78097,528,1390,"",2.04,2.18,2.23,2.18,2.16,1.66,1.32,0.98,"",0,0.0,3,2.6,8,7.0,7,6.2,331396,17.9,-2721,-3.4,293,124.7,150,12.1
"13135","5","332510","78","0","2025","4","",5,119,123,120,2180221,78097,528,1390,"",2.04,2.18,2.23,2.18,2.16,1.66,1.32,0.98,"",0,0.0,3,2.6,8,7.0,7,6.2,331396,17.9,-2721,-3.4,293,124.7,150,12.1
"13135","5","3327","76","0","2025","4","",21,75,103,107,1689449,129080,1067,1368,"",0.36,0.09,0.13,0.13,0.12,0.18,0.13,1.01,"",-6,-22.2,-51,-40.5,-25,-19.5,-22,-17.1,-31701,-1.8,-64808,-33.4,242,29.3,331,31.9
"13135","5","33271","77","0","2025","4","N",19,0,0,0,0,0,0,0,"N",0.37,0,0,0,0,0,0,0,"N",-6,-24.0,0,0,0,0,0,0,0,0,0,0,0,0,0,0
"13135","5","332710","78","0","2025","4","N",19,0,0,0,0,0,0,0,"N",0.37,0,0,0,0,0,0,0,"N",-6,-24.0,0,0,0,0,0,0,0,0,0,0,0,0,0,0
"13135","5","33272","77","0","2025","4","N",2,0,0,0,0,0,0,0,"N",0.30,0,0,0,0,0,0,0,"N",0,0.0,0,0,0,0,0,0,0,0,0,0,0,0,0,0
"13135","5","332721","78","0","2025","4","N",2,0,0,0,0,0,0,0,"N",0.45,0,0,0,0,0,0,0,"N",0,0.0,0,0,0,0,0,0,0,0,0,0,0,0,0,0
"13135","5","3328","76","0","2025","4","N",8,0,0,0,0,0,0,0,"N",0.47,0,0,0,0,0,0,0,"N",-1,-11.1,0,0,0,0,0,0,0,0,0,0,0,0,0,0
"13135","5","33281","77","0","2025","4","N",8,0,0,0,0,0,0,0,"N",0.47,0,0,0,0,0,0,0,"N",-1,-11.1,0,0,0,0,0,0,0,0,0,0,0,0,0,0
"13135","5","332811","78","0","2025","4","-",0,0,0,0,0,0,0,0,"N",0.00,0,0,0,0,0,0,0,"N",-1,-100.0,0,0,0,0,0,0,0,0,0,0,0,0,0,0
"13135","5","332812","78","0","2025","4","N",6,0,0,0,0,0,0,0,"N",0.70,0,0,0,0,0,0,0,"N",0,0.0,0,0,0,0,0,0,0,0,0,0,0,0,0,0
"13135","5","332813","78","0","2025","4","N",2,0,0,0,0,0,0,0,"N",0.31,0,0,0,0,0,0,0,"N",0,0.0,0,0,0,0,0,0,0,0,0,0,0,0,0,0
"13135","5","3329","76","0","2025","4","",21,300,304,310,5222495,275320,4950,1319,"",0.79,0.43,0.43,0.44,0.38,0.51,0.89,0.88,"",1,5.0,22,7.9,35,13.0,40,14.8,690051,15.2,25683,10.3,4029,437.5,39,3.0
"13135","5","33291","77","0","2025","4","N",6,0,0,0,0,0,0,0,"N",1.05,0,0,0,0,0,0,0,"N",-1,-14.3,0,0,0,0,0,0,0,0,0,0,0,0,0,0
"13135","5","332911","78","0","2025","4","",3,3,3,4,134673,40,1,3108,"",1.31,0.04,0.04,0.06,0.09,0.00,0.00,1.85,"N",0,0.0,0,0,0,0,0,0,0,0,0,0,0,0,0,0
"13135","5","332919","78","0","2025","4","N",3,0,0,0,0,0,0,0,"N",3.08,0,0,0,0,0,0,0,"N",0,0.0,0,0,0,0,0,0,0,0,0,0,0,0,0,0
"13135","5","33299","77","0","2025","4","N",15,0,0,0,0,0,0,0,"N",0.72,0,0,0,0,0,0,0,"N",2,15.4,0,0,0,0,0,0,0,0,0,0,0,0,0,0
"13135","5","332994","78","0","2025","4","N",2,0,0,0,0,0,0,0,"N",0.79,0,0,0,0,0,0,0,"N",0,0.0,0,0,0,0,0,0,0,0,0,0,0,0,0,0
"13135","5","332996","78","0","2025","4","N",1,0,0,0,0,0,0,0,"N",0.36,0,0,0,0,0,0,0,"N",0,0.0,0,0,0,0,0,0,0,0,0,0,0,0,0,0
"13135","5","332999","78","0","2025","4","",12,145,147,150,1958773,140710,4301,1023,"",0.87,0.67,0.68,0.69,0.51,0.65,1.95,0.75,"",2,20.0,18,14.2,23,18.5,24,19.0,263618,15.6,-12426,-8.1,3983,1252.5,-15,-1.4
"13135","5","333","75","0","2025","4","",83,1899,1920,1903,52248549,812462,7118,2107,"",0.84,0.70,0.71,0.70,0.91,0.40,0.32,1.29,"",-6,-6.7,-62,-3.2,-1,-0.1,51,2.8,2364741,4.7,-257764,-24.1,-4634,-39.4,99,4.9
"13135","5","3331","76","0","2025","4","N",4,0,0,0,0,0,0,0,"N",0.30,0,0,0,0,0,0,0,"N",0,0.0,0,0,0,0,0,0,0,0,0,0,0,0,0,0
"13135","5","33311","77","0","2025","4","N",3,0,0,0,0,0,0,0,"N",0.55,0,0,0,0,0,0,0,"N",0,0.0,0,0,0,0,0,0,0,0,0,0,0,0,0,0
"13135","5","333111","78","0","2025","4","N",2,0,0,0,0,0,0,0,"N",0.43,0,0,0,0,0,0,0,"N",0,0.0,0,0,0,0,0,0,0,0,0,0,0,0,0,0
"13135","5","333112","78","0","2025","4","N",1,0,0,0,0,0,0,0,"N",1.27,0,0,0,0,0,0,0,"N",0,0.0,0,0,0,0,0,0,0,0,0,0,0,0,0,0
"13135","5","33312","77","0","2025","4","N",1,0,0,0,0,0,0,0,"N",0.30,0,0,0,0,0,0,0,"N",0,0.0,0,0,0,0,0,0,0,0,0,0,0,0,0,0
"13135","5","333120","78","0","2025","4","N",1,0,0,0,0,0,0,0,"N",0.30,0,0,0,0,0,0,0,"N",0,0.0,0,0,0,0,0,0,0,0,0,0,0,0,0,0
"13135","5","3332","76","0","2025","4","",18,269,318,314,6603354,149001,1303,1691,"",1.14,0.83,0.98,0.97,0.71,0.55,0.40,0.76,"",-1,-5.3,-8,-2.9,44,16.1,38,13.8,1059897,19.1,-14868,-9.1,-655,-33.5,144,9.3
"13135","5","33324","77","0","2025","4","",18,269,318,314,6603354,149001,1303,1691,"",1.14,0.83,0.98,0.97,0.71,0.55,0.40,0.76,"",-1,-5.3,-8,-2.9,44,16.1,38,13.8,1059897,19.1,-14868,-9.1,-655,-33.5,144,9.3
"13135","5","333241","78","0","2025","4","N",1,0,0,0,0,0,0,0,"N",0.36,0,0,0,0,0,0,0,"N",1,100.0,0,0,0,0,0,0,0,0,0,0,0,0,0,0
"13135","5","333243","78","0","2025","4","N",2,0,0,0,0,0,0,0,"N",1.29,0,0,0,0,0,0,0,"N",-1,-33.3,0,0,0,0,0,0,0,0,0,0,0,0,0,0
"13135","5","333248","78","0","2025","4","",15,215,269,266,4992396,120501,1223,1536,"",1.46,1.27,1.58,1.57,1.36,0.84,0.71,0.92,"N",-1,-6.2,0,0,0,0,0,0,0,0,0,0,0,0,0,0
"13135","5","3333","76","0","2025","4","",13,82,87,84,2202470,86958,900,2009,"",1.46,0.38,0.40,0.39,0.45,0.54,0.50,1.15,"",-3,-18.8,-3,-3.5,2,2.4,0,0.0,-122838,-5.3,19216,28.4,222,32.7,-104,-4.9
"13135","5","33331","77","0","2025","4","",13,82,87,84,2202470,86958,900,2009,"",1.46,0.38,0.40,0.39,0.45,0.54,0.50,1.15,"",-3,-18.8,-3,-3.5,2,2.4,0,0.0,-122838,-5.3,19216,28.4,222,32.7,-104,-4.9
"13135","5","333310","78","0","2025","4","",13,82,87,84,2202470,86958,900,2009,"",1.46,0.38,0.40,0.39,0.45,0.54,0.50,1.15,"",-3,-18.8,-3,-3.5,2,2.4,0,0.0,-122838,-5.3,19216,28.4,222,32.7,-104,-4.9
"13135","5","3334","76","0","2025","4","",17,468,445,445,11086063,234518,1927,1884,"",1.92,1.25,1.18,1.19,1.74,0.73,0.57,1.44,"",0,0.0,-33,-6.6,-54,-10.8,-59,-11.7,380687,3.6,-261585,-52.7,-2822,-59.4,241,14.7
"13135","5","33341","77","0","2025","4","",17,468,445,445,11086063,234518,1927,1884,"",1.92,1.25,1.18,1.19,1.74,0.73,0.57,1.44,"",0,0.0,-33,-6.6,-54,-10.8,-59,-11.7,380687,3.6,-261585,-52.7,-2822,-59.4,241,14.7
"13135","5","333413","78","0","2025","4","",4,135,115,115,2609147,24311,27,1650,"",1.47,1.62,1.37,1.38,1.85,0.34,0.04,1.27,"",0,0.0,-52,-27.8,-73,-38.8,-74,-39.2,-662519,-20.3,-180458,-88.1,-517,-95.0,311,23.2
"13135","5","333414","78","0","2025","4","",3,10,10,12,395600,28558,174,2853,"",1.96,0.26,0.25,0.30,0.61,0.49,0.29,2.24,"",0,0.0,0,0.0,1,11.1,3,33.3,5569,1.4,497,1.8,-145,-45.5,-362,-11.3
"13135","5","333415","78","0","2025","4","",10,323,320,318,8081316,181649,1726,1941,"",2.16,1.28,1.27,1.26,1.87,0.95,0.85,1.48,"",0,0.0,19,6.2,18,6.0,12,3.9,1037637,14.7,-81624,-31.0,-2160,-55.6,159,8.9
"13135","5","3335","76","0","2025","4","",9,54,54,52,841811,31518,295,1214,"",0.43,0.15,0.14,0.14,0.12,0.12,0.11,0.86,"",-1,-10.0,-109,-66.9,-108,-66.7,-37,-41.6,-1740933,-67.4,-59133,-65.2,-1237,-80.7,-226,-15.7
"13135","5","33351","77","0","2025","4","",9,54,54,52,841811,31518,295,1214,"",0.43,0.15,0.14,0.14,0.12,0.12,0.11,0.86,"",-1,-10.0,-109,-66.9,-108,-66.7,-37,-41.6,-1740933,-67.4,-59133,-65.2,-1237,-80.7,-226,-15.7
"13135","5","333511","78","0","2025","4","N",1,0,0,0,0,0,0,0,"N",0.26,0,0,0,0,0,0,0,"N",0,0.0,0,0,0,0,0,0,0,0,0,0,0,0,0,0
"13135","5","333514","78","0","2025","4","",4,12,10,9,172242,1468,16,1282,"",0.60,0.10,0.08,0.08,0.08,0.02,0.02,0.90,"N",0,0.0,0,0,0,0,0,0,0,0,0,0,0,0,0,0
"13135","5","333515","78","0","2025","4","N",1,0,0,0,0,0,0,0,"N",0.32,0,0,0,0,0,0,0,"N",-1,-50.0,0,0,0,0,0,0,0,0,0,0,0,0,0,0
"13135","5","333517","78","0","2025","4","N",3,0,0,0,0,0,0,0,"N",0.51,0,0,0,0,0,0,0,"N",0,0.0,0,0,0,0,0,0,0,0,0,0,0,0,0,0
"13135","5","3336","76","0","2025","4","N",4,0,0,0,0,0,0,0,"N",0.97,0,0,0,0,0,0,0,"N",-1,-20.0,0,0,0,0,0,0,0,0,0,0,0,0,0,0
"13135","5","33361","77","0","2025","4","N",4,0,0,0,0,0,0,0,"N",0.97,0,0,0,0,0,0,0,"N",-1,-20.0,0,0,0,0,0,0,0,0,0,0,0,0,0,0
"13135","5","333611","78","0","2025","4","N",1,0,0,0,0,0,0,0,"N",0.86,0,0,0,0,0,0,0,"N",0,0.0,0,0,0,0,0,0,0,0,0,0,0,0,0,0
"13135","5","333612","78","0","2025","4","N",2,0,0,0,0,0,0,0,"N",2.42,0,0,0,0,0,0,0,"N",-1,-33.3,0,0,0,0,0,0,0,0,0,0,0,0,0,0
"13135","5","333613","78","0","2025","4","N",1,0,0,0,0,0,0,0,"N",1.05,0,0,0,0,0,0,0,"N",0,0.0,0,0,0,0,0,0,0,0,0,0,0,0,0,0
"13135","5","3339","76","0","2025","4","",18,593,587,586,15967068,231633,2167,2086,"",0.68,0.86,0.85,0.85,1.12,0.47,0.42,1.31,"",0,0.0,204,52.4,198,50.9,194,49.5,7486062,88.3,54457,30.7,1434,195.6,413,24.7
"13135","5","33391","77","0","2025","4","",3,131,133,133,2871330,17379,11,1669,"",0.74,1.12,1.13,1.13,1.12,0.24,0.02,0.99,"",0,0.0,-2,-1.5,-1,-0.7,1,0.8,72098,2.6,-25685,-59.6,-14,-56.0,50,3.1
"13135","5","333914","78","0","2025","4","",3,131,133,133,2871330,17379,11,1669,"",1.13,1.87,1.88,1.89,1.97,0.39,0.03,1.05,"",0,0.0,-2,-1.5,-1,-0.7,1,0.8,72098,2.6,-25685,-59.6,-14,-56.0,50,3.1
"13135","5","33392","77","0","2025","4","",6,294,291,291,9125318,126454,1841,2404,"",0.85,1.27,1.25,1.25,1.96,0.67,0.92,1.56,"",2,50.0,212,258.5,208,250.6,208,250.6,7206113,375.5,53196,72.6,1318,252.0,618,34.6
"13135","5","333921","78","0","2025","4","N",1,0,0,0,0,0,0,0,"N",1.13,0,0,0,0,0,0,0,"N",1,100.0,0,0,0,0,0,0,0,0,0,0,0,0,0,0
"13135","5","333922","78","0","2025","4","",4,277,274,274,8886693,115734,1552,2486,"",1.19,3.14,3.08,3.08,4.62,1.78,1.91,1.49,"N",1,33.3,0,0,0,0,0,0,0,0,0,0,0,0,0,0
"13135","5","333923","78","0","2025","4","N",1,0,0,0,0,0,0,0,"N",0.72,0,0,0,0,0,0,0,"N",0,0.0,0,0,0,0,0,0,0,0,0,0,0,0,0,0
"13135","5","33399","77","0","2025","4","",9,168,163,162,3970420,87800,315,1859,"",0.59,0.49,0.48,0.47,0.56,0.37,0.13,1.17,"",-2,-18.2,-6,-3.4,-9,-5.2,-15,-8.5,207851,5.5,26946,44.3,130,70.3,199,12.0
"13135","5","333991","78","0","2025","4","N",1,0,0,0,0,0,0,0,"N",1.39,0,0,0,0,0,0,0,"N",0,0.0,0,0,0,0,0,0,0,0,0,0,0,0,0,0
"13135","5","333993","78","0","2025","4","",3,15,15,15,397169,11207,133,2037,"",1.03,0.26,0.26,0.26,0.33,0.24,0.35,1.28,"N",-1,-25.0,0,0,0,0,0,0,0,0,0,0,0,0,0,0
"13135","5","333998","78","0","2025","4","N",5,0,0,0,0,0,0,0,"N",0.82,0,0,0,0,0,0,0,"N",-1,-16.7,0,0,0,0,0,0,0,0,0,0,0,0,0,0
"13135","5","334","75","0","2025","4","",94,3591,3597,3614,118461993,1910225,40428,2531,"",1.27,1.45,1.44,1.45,1.26,1.12,2.11,0.87,"",-3,-3.1,91,2.6,140,4.0,165,4.8,11925548,11.2,447404,30.6,26908,199.0,168,7.1
"13135","5","3341","76","0","2025","4","",9,451,457,465,39163659,217166,1497,6582,"",1.29,1.81,1.82,1.86,3.01,1.57,0.87,1.64,"",0,0.0,-4,-0.9,25,5.8,28,6.4,6374497,19.4,95981,79.2,950,173.7,867,15.2
"13135","5","33411","77","0","2025","4","",9,451,457,465,39163659,217166,1497,6582,"",1.29,1.81,1.82,1.86,3.01,1.57,0.87,1.64,"",0,0.0,-4,-0.9,25,5.8,28,6.4,6374497,19.4,95981,79.2,950,173.7,867,15.2
"13135","5","334111","78","0","2025","4","N",2,0,0,0,0,0,0,0,"N",0.63,0,0,0,0,0,0,0,"N",0,0.0,0,0,0,0,0,0,0,0,0,0,0,0,0,0
"13135","5","334112","78","0","2025","4","N",2,0,0,0,0,0,0,0,"N",2.50,0,0,0,0,0,0,0,"N",0,0.0,0,0,0,0,0,0,0,0,0,0,0,0,0,0
"13135","5","334118","78","0","2025","4","",5,211,215,223,4739531,174510,1263,1685,"",1.65,2.96,3.00,3.12,1.84,3.08,2.19,0.61,"",0,0.0,9,4.5,19,9.7,25,12.6,160940,3.5,107784,161.5,972,334.0,-88,-5.0
"13135","5","3342","76","0","2025","4","",16,770,769,766,27288754,197082,854,2732,"",1.89,3.91,3.87,3.88,4.49,1.77,0.57,1.15,"",-1,-5.9,-103,-11.8,-85,-10.0,-67,-8.0,-2388849,-8.0,22792,13.1,-58,-6.4,57,2.1
"13135","5","33421","77","0","2025","4","N",3,0,0,0,0,0,0,0,"N",2.42,0,0,0,0,0,0,0,"N",-1,-25.0,0,0,0,0,0,0,0,0,0,0,0,0,0,0
"13135","5","334210","78","0","2025","4","N",3,0,0,0,0,0,0,0,"N",2.42,0,0,0,0,0,0,0,"N",-1,-25.0,0,0,0,0,0,0,0,0,0,0,0,0,0,0
"13135","5","33422","77","0","2025","4","N",13,0,0,0,0,0,0,0,"N",2.79,0,0,0,0,0,0,0,"N",0,0.0,0,0,0,0,0,0,0,0,0,0,0,0,0,0
"13135","5","334220","78","0","2025","4","N",13,0,0,0,0,0,0,0,"N",2.79,0,0,0,0,0,0,0,"N",0,0.0,0,0,0,0,0,0,0,0,0,0,0,0,0,0
"13135","5","3343","76","0","2025","4","N",4,0,0,0,0,0,0,0,"N",1.18,0,0,0,0,0,0,0,"N",1,33.3,0,0,0,0,0,0,0,0,0,0,0,0,0,0
"13135","5","33431","77","0","2025","4","N",4,0,0,0,0,0,0,0,"N",1.18,0,0,0,0,0,0,0,"N",1,33.3,0,0,0,0,0,0,0,0,0,0,0,0,0,0
"13135","5","334310","78","0","2025","4","N",4,0,0,0,0,0,0,0,"N",1.18,0,0,0,0,0,0,0,"N",1,33.3,0,0,0,0,0,0,0,0,0,0,0,0,0,0
"13135","5","3344","76","0","2025","4","",31,1020,1026,1045,22961151,990264,33104,1714,"",1.54,1.08,1.07,1.09,0.54,1.38,4.00,0.50,"",3,10.7,211,26.1,208,25.4,232,28.5,5699464,33.0,402125,68.4,26078,371.2,81,5.0
"13135","5","33441","77","0","2025","4","",31,1020,1026,1045,22961151,990264,33104,1714,"",1.54,1.08,1.07,1.09,0.54,1.38,4.00,0.50,"",3,10.7,211,26.1,208,25.4,232,28.5,5699464,33.0,402125,68.4,26078,371.2,81,5.0
"13135","5","334412","78","0","2025","4","N",4,0,0,0,0,0,0,0,"N",2.89,0,0,0,0,0,0,0,"N",1,33.3,0,0,0,0,0,0,0,0,0,0,0,0,0,0
"13135","5","334413","78","0","2025","4","",8,445,457,465,12629853,552383,29553,2132,"",1.12,0.92,0.93,0.95,0.38,1.59,7.31,0.41,"",-1,-11.1,116,35.3,128,38.9,138,42.2,3277210,35.0,345160,166.6,25865,701.3,-59,-2.7
"13135","5","334416","78","0","2025","4","",3,17,17,17,530411,1326,4,2400,"",2.42,0.42,0.42,0.42,0.71,0.05,0.01,1.68,"N",0,0.0,0,0,0,0,0,0,0,0,0,0,0,0,0,0
"13135","5","334417","78","0","2025","4","N",1,0,0,0,0,0,0,0,"N",0.82,0,0,0,0,0,0,0,"N",1,100.0,0,0,0,0,0,0,0,0,0,0,0,0,0,0
"13135","5","334418","78","0","2025","4","",8,328,327,334,5777252,263600,2002,1348,"",2.29,2.27,2.26,2.31,2.12,2.07,1.39,0.93,"",1,14.3,50,18.0,42,14.7,46,16.0,1236303,27.2,96728,58.0,968,93.6,117,9.5
"13135","5","334419","78","0","2025","4","",7,61,60,62,1454832,46213,272,1835,"",1.24,0.39,0.38,0.40,0.45,0.37,0.17,1.14,"",1,16.7,19,45.2,13,27.7,16,34.8,544274,59.8,-232,-0.5,-119,-30.4,278,17.9
"13135","5","3345","76","0","2025","4","",31,1306,1301,1294,27969999,465590,4455,1655,"",0.98,1.29,1.28,1.27,0.94,0.68,0.64,0.73,"",-3,-8.8,-21,-1.6,-15,-1.1,-36,-2.7,2073914,8.0,-73307,-13.6,-64,-1.4,151,10.0
"13135","5","33451","77","0","2025","4","",31,1306,1301,1294,27969999,465590,4455,1655,"",0.98,1.29,1.28,1.27,0.94,0.68,0.64,0.73,"",-3,-8.8,-21,-1.6,-15,-1.1,-36,-2.7,2073914,8.0,-73307,-13.6,-64,-1.4,151,10.0
"13135","5","334510","78","0","2025","4","",7,22,25,14,426060,5244,68,1612,"",1.11,0.12,0.14,0.08,0.08,0.03,0.04,0.74,"",0,0.0,-5,-18.5,-1,-3.8,-14,-50.0,-129875,-23.4,-11911,-69.4,-349,-83.7,28,1.8
"13135","5","334511","78","0","2025","4","N",2,0,0,0,0,0,0,0,"N",0.47,0,0,0,0,0,0,0,"N",0,0.0,0,0,0,0,0,0,0,0,0,0,0,0,0,0
"13135","5","334512","78","0","2025","4","N",2,0,0,0,0,0,0,0,"N",1.27,0,0,0,0,0,0,0,"N",1,100.0,0,0,0,0,0,0,0,0,0,0,0,0,0,0
"13135","5","334513","78","0","2025","4","",8,845,841,841,15937415,236968,1983,1455,"",1.26,6.01,5.93,5.94,5.11,2.18,1.81,0.86,"",-1,-11.1,-39,-4.4,-35,-4.0,-32,-3.7,1642067,11.5,-127717,-35.0,-1287,-39.4,202,16.1
"13135","5","334515","78","0","2025","4","N",4,0,0,0,0,0,0,0,"N",1.09,0,0,0,0,0,0,0,"N",0,0.0,0,0,0,0,0,0,0,0,0,0,0,0,0,0
"13135","5","334516","78","0","2025","4","N",1,0,0,0,0,0,0,0,"N",0.27,0,0,0,0,0,0,0,"N",-2,-66.7,0,0,0,0,0,0,0,0,0,0,0,0,0,0
"13135","5","334517","78","0","2025","4","N",1,0,0,0,0,0,0,0,"N",1.19,0,0,0,0,0,0,0,"N",0,0.0,0,0,0,0,0,0,0,0,0,0,0,0,0,0
"13135","5","334519","78","0","2025","4","",6,66,67,68,1069738,36003,893,1228,"",1.47,0.65,0.65,0.66,0.24,0.55,1.37,0.36,"",0,0.0,-9,-12.0,-3,-4.3,-7,-9.3,-203006,-16.0,-6802,-15.9,468,110.1,-107,-8.0
"13135","5","3346","76","0","2025","4","N",3,0,0,0,0,0,0,0,"N",0.81,0,0,0,0,0,0,0,"N",-3,-50.0,0,0,0,0,0,0,0,0,0,0,0,0,0,0
"13135","5","33461","77","0","2025","4","N",3,0,0,0,0,0,0,0,"N",0.81,0,0,0,0,0,0,0,"N",-3,-50.0,0,0,0,0,0,0,0,0,0,0,0,0,0,0
"13135","5","334610","78","0","2025","4","N",3,0,0,0,0,0,0,0,"N",0.81,0,0,0,0,0,0,0,"N",-3,-50.0,0,0,0,0,0,0,0,0,0,0,0,0,0,0
"13135","5","335","75","0","2025","4","",52,1473,1462,1448,31585545,998285,6256,1663,"",1.66,1.35,1.33,1.32,1.39,1.06,0.59,1.04,"",-1,-1.9,137,10.3,103,7.6,75,5.5,654312,2.1,92714,10.2,-3040,-32.7,-92,-5.2
"13135","5","3351","76","0","2025","4","",10,110,110,108,2232853,104867,1326,1571,"",1.76,1.29,1.29,1.27,1.29,1.68,1.70,1.00,"",2,25.0,45,69.2,46,71.9,46,74.2,923388,70.5,60005,133.8,947,249.9,-11,-0.7
"13135","5","33513","77","0","2025","4","",10,110,110,108,2232853,104867,1326,1571,"",1.76,1.29,1.29,1.27,1.29,1.68,1.70,1.00,"",2,25.0,45,69.2,46,71.9,46,74.2,923388,70.5,60005,133.8,947,249.9,-11,-0.7
"13135","5","335131","78","0","2025","4","N",1,0,0,0,0,0,0,0,"N",0.70,0,0,0,0,0,0,0,"N",0,0.0,0,0,0,0,0,0,0,0,0,0,0,0,0,0
"13135","5","335132","78","0","2025","4","",5,66,66,65,1391812,74471,865,1630,"",1.97,1.44,1.43,1.43,1.47,2.16,1.85,1.02,"",1,25.0,48,266.7,49,288.2,49,306.2,890252,177.5,53992,263.6,721,500.7,-640,-28.2
"13135","5","335139","78","0","2025","4","N",4,0,0,0,0,0,0,0,"N",2.33,0,0,0,0,0,0,0,"N",1,33.3,0,0,0,0,0,0,0,0,0,0,0,0,0,0
"13135","5","3352","76","0","2025","4","",4,17,17,17,306970,37417,15,1389,"",1.95,0.12,0.12,0.12,0.14,0.50,0.02,1.15,"",0,0.0,-5,-22.7,-5,-22.7,-4,-19.0,-160503,-34.3,9113,32.2,-179,-92.3,-271,-16.3
"13135","5","33521","77","0","2025","4","N",1,0,0,0,0,0,0,0,"N",0.86,0,0,0,0,0,0,0,"N",0,0.0,0,0,0,0,0,0,0,0,0,0,0,0,0,0
"13135","5","335210","78","0","2025","4","N",1,0,0,0,0,0,0,0,"N",0.86,0,0,0,0,0,0,0,"N",0,0.0,0,0,0,0,0,0,0,0,0,0,0,0,0,0
"13135","5","33522","77","0","2025","4","N",3,0,0,0,0,0,0,0,"N",3.35,0,0,0,0,0,0,0,"N",0,0.0,0,0,0,0,0,0,0,0,0,0,0,0,0,0
"13135","5","335220","78","0","2025","4","N",3,0,0,0,0,0,0,0,"N",3.35,0,0,0,0,0,0,0,"N",0,0.0,0,0,0,0,0,0,0,0,0,0,0,0,0,0
"13135","5","3353","76","0","2025","4","",12,137,140,141,4059701,87927,767,2241,"",1.31,0.33,0.33,0.34,0.44,0.24,0.25,1.33,"",-4,-25.0,-109,-44.3,-111,-44.2,-104,-42.4,-3746628,-48.0,-27937,-24.1,-191,-19.9,-187,-7.7
"13135","5","33531","77","0","2025","4","",12,137,140,141,4059701,87927,767,2241,"",1.31,0.33,0.33,0.34,0.44,0.24,0.25,1.33,"",-4,-25.0,-109,-44.3,-111,-44.2,-104,-42.4,-3746628,-48.0,-27937,-24.1,-191,-19.9,-187,-7.7
"13135","5","335311","78","0","2025","4","N",4,0,0,0,0,0,0,0,"N",2.11,0,0,0,0,0,0,0,"N",-2,-33.3,0,0,0,0,0,0,0,0,0,0,0,0,0,0
"13135","5","335312","78","0","2025","4","N",2,0,0,0,0,0,0,0,"N",0.87,0,0,0,0,0,0,0,"N",-1,-33.3,0,0,0,0,0,0,0,0,0,0,0,0,0,0
"13135","5","335313","78","0","2025","4","N",4,0,0,0,0,0,0,0,"N",1.66,0,0,0,0,0,0,0,"N",0,0.0,0,0,0,0,0,0,0,0,0,0,0,0,0,0
"13135","5","335314","78","0","2025","4","N",2,0,0,0,0,0,0,0,"N",0.78,0,0,0,0,0,0,0,"N",-1,-33.3,0,0,0,0,0,0,0,0,0,0,0,0,0,0
"13135","5","3359","76","0","2025","4","",26,1209,1195,1182,24986021,768074,4148,1608,"",1.80,2.69,2.63,2.59,2.57,1.77,0.71,0.98,"",1,4.0,206,20.5,173,16.9,137,13.1,3638055,17.0,51533,7.2,-3617,-46.6,3,0.2
"13135","5","33591","77","0","2025","4","",9,16,16,16,592215,0,0,2847,"",3.17,0.10,0.10,0.10,0.17,0.00,0.00,1.71,"",0,0.0,-12,-42.9,-13,-44.8,-12,-42.9,-466287,-44.1,-32956,-100.0,-1169,-100.0,-27,-0.9
"13135","5","335910","78","0","2025","4","",9,16,16,16,592215,0,0,2847,"",3.17,0.10,0.10,0.10,0.17,0.00,0.00,1.71,"",0,0.0,-12,-42.9,-13,-44.8,-12,-42.9,-466287,-44.1,-32956,-100.0,-1169,-100.0,-27,-0.9
"13135","5","33592","77","0","2025","4","N",5,0,0,0,0,0,0,0,"N",2.66,0,0,0,0,0,0,0,"N",0,0.0,0,0,0,0,0,0,0,0,0,0,0,0,0,0
"13135","5","335921","78","0","2025","4","N",3,0,0,0,0,0,0,0,"N",3.34,0,0,0,0,0,0,0,"N",0,0.0,0,0,0,0,0,0,0,0,0,0,0,0,0,0
"13135","5","335929","78","0","2025","4","N",2,0,0,0,0,0,0,0,"N",2.03,0,0,0,0,0,0,0,"N",0,0.0,0,0,0,0,0,0,0,0,0,0,0,0,0,0
"13135","5","33593","77","0","2025","4","N",2,0,0,0,0,0,0,0,"N",0.91,0,0,0,0,0,0,0,"N",0,0.0,0,0,0,0,0,0,0,0,0,0,0,0,0,0
"13135","5","335931","78","0","2025","4","N",1,0,0,0,0,0,0,0,"N",0.63,0,0,0,0,0,0,0,"N",0,0.0,0,0,0,0,0,0,0,0,0,0,0,0,0,0
"13135","5","335932","78","0","2025","4","N",1,0,0,0,0,0,0,0,"N",1.66,0,0,0,0,0,0,0,"N",0,0.0,0,0,0,0,0,0,0,0,0,0,0,0,0,0
"13135","5","33599","77","0","2025","4","",10,61,62,64,1390002,85845,1152,1715,"",1.33,0.49,0.49,0.51,0.48,0.75,0.96,0.96,"",1,11.1,14,29.8,10,19.2,12,23.1,279795,25.2,5116,6.3,-296,-20.4,18,1.1
"13135","5","335999","78","0","2025","4","",10,61,62,64,1390002,85845,1152,1715,"",1.48,0.61,0.61,0.63,0.57,0.93,1.20,0.92,"",1,11.1,14,29.8,10,19.2,12,23.1,279795,25.2,5116,6.3,-296,-20.4,18,1.1
"13135","5","336","75","0","2025","4","",30,771,777,780,14370195,451181,2575,1424,"",0.56,0.18,0.18,0.18,0.15,0.16,0.08,0.83,"",0,0.0,77,11.1,74,10.5,83,11.9,2159658,17.7,-17617,-3.8,1311,103.7,78,5.8
"13135","5","3361","76","0","2025","4","N",2,0,0,0,0,0,0,0,"N",0.76,0,0,0,0,0,0,0,"N",0,0.0,0,0,0,0,0,0,0,0,0,0,0,0,0,0
"13135","5","33611","77","0","2025","4","N",2,0,0,0,0,0,0,0,"N",1.14,0,0,0,0,0,0,0,"N",0,0.0,0,0,0,0,0,0,0,0,0,0,0,0,0,0
"13135","5","336110","78","0","2025","4","N",2,0,0,0,0,0,0,0,"N",1.14,0,0,0,0,0,0,0,"N",0,0.0,0,0,0,0,0,0,0,0,0,0,0,0,0,0
"13135","5","3362","76","0","2025","4","N",4,0,0,0,0,0,0,0,"N",0.52,0,0,0,0,0,0,0,"N",0,0.0,0,0,0,0,0,0,0,0,0,0,0,0,0,0
"13135","5","33621","77","0","2025","4","N",4,0,0,0,0,0,0,0,"N",0.52,0,0,0,0,0,0,0,"N",0,0.0,0,0,0,0,0,0,0,0,0,0,0,0,0,0
"13135","5","336211","78","0","2025","4","N",3,0,0,0,0,0,0,0,"N",1.08,0,0,0,0,0,0,0,"N",0,0.0,0,0,0,0,0,0,0,0,0,0,0,0,0,0
"13135","5","336214","78","0","2025","4","N",1,0,0,0,0,0,0,0,"N",0.39,0,0,0,0,0,0,0,"N",0,0.0,0,0,0,0,0,0,0,0,0,0,0,0,0,0
"13135","5","3363","76","0","2025","4","",15,630,638,639,11890787,380279,1686,1439,"",0.83,0.49,0.50,0.50,0.53,0.55,0.18,1.08,"",-1,-6.2,39,6.6,32,5.3,41,6.9,1649214,16.1,-20254,-5.1,1389,467.7,122,9.3
"13135","5","33631","77","0","2025","4","N",1,0,0,0,0,0,0,0,"N",0.38,0,0,0,0,0,0,0,"N",0,0.0,0,0,0,0,0,0,0,0,0,0,0,0,0,0
"13135","5","336310","78","0","2025","4","N",1,0,0,0,0,0,0,0,"N",0.38,0,0,0,0,0,0,0,"N",0,0.0,0,0,0,0,0,0,0,0,0,0,0,0,0,0
"13135","5","33632","77","0","2025","4","N",2,0,0,0,0,0,0,0,"N",0.68,0,0,0,0,0,0,0,"N",0,0.0,0,0,0,0,0,0,0,0,0,0,0,0,0,0
"13135","5","336320","78","0","2025","4","N",2,0,0,0,0,0,0,0,"N",0.68,0,0,0,0,0,0,0,"N",0,0.0,0,0,0,0,0,0,0,0,0,0,0,0,0,0
"13135","5","33634","77","0","2025","4","N",1,0,0,0,0,0,0,0,"N",1.57,0,0,0,0,0,0,0,"N",0,0.0,0,0,0,0,0,0,0,0,0,0,0,0,0,0
"13135","5","336340","78","0","2025","4","N",1,0,0,0,0,0,0,0,"N",1.57,0,0,0,0,0,0,0,"N",0,0.0,0,0,0,0,0,0,0,0,0,0,0,0,0,0
"13135","5","33635","77","0","2025","4","N",2,0,0,0,0,0,0,0,"N",1.10,0,0,0,0,0,0,0,"N",0,0.0,0,0,0,0,0,0,0,0,0,0,0,0,0,0
"13135","5","336350","78","0","2025","4","N",2,0,0,0,0,0,0,0,"N",1.10,0,0,0,0,0,0,0,"N",0,0.0,0,0,0,0,0,0,0,0,0,0,0,0,0,0
"13135","5","33636","77","0","2025","4","N",1,0,0,0,0,0,0,0,"N",0.55,0,0,0,0,0,0,0,"N",-1,-50.0,0,0,0,0,0,0,0,0,0,0,0,0,0,0
"13135","5","336360","78","0","2025","4","N",1,0,0,0,0,0,0,0,"N",0.55,0,0,0,0,0,0,0,"N",-1,-50.0,0,0,0,0,0,0,0,0,0,0,0,0,0,0
"13135","5","33637","77","0","2025","4","N",6,0,0,0,0,0,0,0,"N",3.84,0,0,0,0,0,0,0,"N",1,20.0,0,0,0,0,0,0,0,0,0,0,0,0,0,0
"13135","5","336370","78","0","2025","4","N",6,0,0,0,0,0,0,0,"N",3.84,0,0,0,0,0,0,0,"N",1,20.0,0,0,0,0,0,0,0,0,0,0,0,0,0,0
"13135","5","33639","77","0","2025","4","N",2,0,0,0,0,0,0,0,"N",0.35,0,0,0,0,0,0,0,"N",-1,-33.3,0,0,0,0,0,0,0,0,0,0,0,0,0,0
"13135","5","336390","78","0","2025","4","N",2,0,0,0,0,0,0,0,"N",0.35,0,0,0,0,0,0,0,"N",-1,-33.3,0,0,0,0,0,0,0,0,0,0,0,0,0,0
"13135","5","3364","76","0","2025","4","",4,49,50,52,957839,33700,636,1464,"",0.29,0.03,0.03,0.04,0.02,0.03,0.06,0.66,"N",2,100.0,0,0,0,0,0,0,0,0,0,0,0,0,0,0
"13135","5","33641","77","0","2025","4","",4,49,50,52,957839,33700,636,1464,"",0.29,0.03,0.03,0.04,0.02,0.03,0.06,0.66,"N",2,100.0,0,0,0,0,0,0,0,0,0,0,0,0,0,0
"13135","5","336411","78","0","2025","4","N",1,0,0,0,0,0,0,0,"N",0.25,0,0,0,0,0,0,0,"N",1,100.0,0,0,0,0,0,0,0,0,0,0,0,0,0,0
"13135","5","336412","78","0","2025","4","N",3,0,0,0,0,0,0,0,"N",1.15,0,0,0,0,0,0,0,"N",1,50.0,0,0,0,0,0,0,0,0,0,0,0,0,0,0
"13135","5","3366","76","0","2025","4","N",2,0,0,0,0,0,0,0,"N",0.30,0,0,0,0,0,0,0,"N",0,0.0,0,0,0,0,0,0,0,0,0,0,0,0,0,0
"13135","5","33661","77","0","2025","4","N",2,0,0,0,0,0,0,0,"N",0.30,0,0,0,0,0,0,0,"N",0,0.0,0,0,0,0,0,0,0,0,0,0,0,0,0,0
"13135","5","336611","78","0","2025","4","N",1,0,0,0,0,0,0,0,"N",0.30,0,0,0,0,0,0,0,"N",0,0.0,0,0,0,0,0,0,0,0,0,0,0,0,0,0
"13135","5","336612","78","0","2025","4","N",1,0,0,0,0,0,0,0,"N",0.30,0,0,0,0,0,0,0,"N",0,0.0,0,0,0,0,0,0,0,0,0,0,0,0,0,0
"13135","5","3369","76","0","2025","4","N",3,0,0,0,0,0,0,0,"N",0.73,0,0,0,0,0,0,0,"N",-1,-25.0,0,0,0,0,0,0,0,0,0,0,0,0,0,0
"13135","5","33699","77","0","2025","4","N",3,0,0,0,0,0,0,0,"N",0.73,0,0,0,0,0,0,0,"N",-1,-25.0,0,0,0,0,0,0,0,0,0,0,0,0,0,0
"13135","5","336991","78","0","2025","4","N",1,0,0,0,0,0,0,0,"N",0.66,0,0,0,0,0,0,0,"N",0,0.0,0,0,0,0,0,0,0,0,0,0,0,0,0,0
"13135","5","336999","78","0","2025","4","N",2,0,0,0,0,0,0,0,"N",0.87,0,0,0,0,0,0,0,"N",-1,-33.3,0,0,0,0,0,0,0,0,0,0,0,0,0,0
"13135","5","337","75","0","2025","4","",64,930,955,953,17149301,597317,6190,1394,"",1.27,1.13,1.16,1.16,1.43,0.63,0.71,1.24,"",-8,-11.1,-102,-9.9,-53,-5.3,-50,-5.0,-59358,-0.3,-17130,-2.8,1940,45.6,89,6.8
"13135","5","3371","76","0","2025","4","",39,530,549,552,10155732,374421,2457,1437,"",1.12,1.03,1.06,1.07,1.47,0.58,0.47,1.40,"",-6,-13.3,-97,-15.5,-51,-8.5,-43,-7.2,-381770,-3.6,8370,2.3,404,19.7,102,7.6
"13135","5","33711","77","0","2025","4","",29,263,268,269,5041375,196967,1058,1454,"",1.31,0.96,0.98,0.99,1.39,0.53,0.33,1.42,"",-5,-14.7,-74,-22.0,-54,-16.8,-40,-12.9,-294815,-5.5,-28515,-12.6,-718,-40.4,182,14.3
"13135","5","337110","78","0","2025","4","",29,263,268,269,5041375,196967,1058,1454,"",1.31,0.96,0.98,0.99,1.39,0.53,0.33,1.42,"",-5,-14.7,-74,-22.0,-54,-16.8,-40,-12.9,-294815,-5.5,-28515,-12.6,-718,-40.4,182,14.3
"13135","5","33712","77","0","2025","4","",10,267,281,283,5114357,177454,1399,1420,"",0.78,1.10,1.14,1.16,1.56,0.66,0.68,1.38,"",-1,-9.1,-23,-7.9,3,1.1,-3,-1.0,-86955,-1.7,36885,26.2,1122,405.1,14,1.0
"13135","5","337121","78","0","2025","4","N",1,0,0,0,0,0,0,0,"N",0.42,0,0,0,0,0,0,0,"N",0,0.0,0,0,0,0,0,0,0,0,0,0,0,0,0,0
"13135","5","337122","78","0","2025","4","N",4,0,0,0,0,0,0,0,"N",0.61,0,0,0,0,0,0,0,"N",0,0.0,0,0,0,0,0,0,0,0,0,0,0,0,0,0
"13135","5","337126","78","0","2025","4","N",3,0,0,0,0,0,0,0,"N",1.80,0,0,0,0,0,0,0,"N",0,0.0,0,0,0,0,0,0,0,0,0,0,0,0,0,0
"13135","5","337127","78","0","2025","4","N",2,0,0,0,0,0,0,0,"N",0.95,0,0,0,0,0,0,0,"N",-1,-33.3,0,0,0,0,0,0,0,0,0,0,0,0,0,0
"13135","5","3372","76","0","2025","4","",20,373,378,375,6602194,213396,3729,1353,"",1.59,1.56,1.57,1.56,1.57,0.91,1.28,1.00,"",-2,-9.1,-8,-2.1,-6,-1.6,-7,-1.8,299944,4.8,-8891,-4.0,1652,79.5,85,6.7
"13135","5","33721","77","0","2025","4","",20,373,378,375,6602194,213396,3729,1353,"",1.59,1.56,1.57,1.56,1.57,0.91,1.28,1.00,"",-2,-9.1,-8,-2.1,-6,-1.6,-7,-1.8,299944,4.8,-8891,-4.0,1652,79.5,85,6.7
"13135","5","337211","78","0","2025","4","N",4,0,0,0,0,0,0,0,"N",2.65,0,0,0,0,0,0,0,"N",0,0.0,0,0,0,0,0,0,0,0,0,0,0,0,0,0
"13135","5","337212","78","0","2025","4","N",11,0,0,0,0,0,0,0,"N",1.83,0,0,0,0,0,0,0,"N",-1,-8.3,0,0,0,0,0,0,0,0,0,0,0,0,0,0
"13135","5","337215","78","0","2025","4","",5,191,191,190,3421078,78333,2209,1380,"",1.35,2.11,2.09,2.08,2.26,0.86,2.10,1.08,"",-1,-16.7,-23,-10.7,-19,-9.0,-22,-10.4,-236662,-6.5,-39635,-33.6,959,76.7,53,4.0
"13135","5","3379","76","0","2025","4","",5,27,28,26,391375,9500,4,1115,"",1.65,0.41,0.42,0.40,0.43,0.13,0.01,1.05,"",0,0.0,3,12.5,4,16.7,0,0.0,22468,6.1,-16609,-63.6,-116,-96.7,-35,-3.0
"13135","5","33792","77","0","2025","4","",5,27,28,26,391375,9500,4,1115,"",3.70,1.32,1.36,1.27,1.27,0.42,0.03,0.97,"",0,0.0,3,12.5,4,16.7,0,0.0,22468,6.1,-16609,-63.6,-116,-96.7,-35,-3.0
"13135","5","337920","78","0","2025","4","",5,27,28,26,391375,9500,4,1115,"",3.70,1.32,1.36,1.27,1.27,0.42,0.03,0.97,"",0,0.0,3,12.5,4,16.7,0,0.0,22468,6.1,-16609,-63.6,-116,-96.7,-35,-3.0
"13135","5","339","75","0","2025","4","",140,1524,1531,1477,32190332,863990,10045,1639,"",1.31,1.00,1.00,0.97,1.10,0.57,0.66,1.11,"",-4,-2.8,-152,-9.1,-168,-9.9,-205,-12.2,-2223026,-6.5,-641757,-42.6,-18454,-64.8,69,4.4
"13135","5","3391","76","0","2025","4","",55,456,452,427,7662859,284970,3912,1325,"",1.34,0.57,0.56,0.53,0.44,0.42,0.61,0.81,"",-4,-6.8,-84,-15.6,-77,-14.6,-110,-20.5,-803979,-9.5,-35031,-10.9,138,3.7,108,8.9
"13135","5","33911","77","0","2025","4","",55,456,452,427,7662859,284970,3912,1325,"",1.34,0.57,0.56,0.53,0.44,0.42,0.61,0.81,"",-4,-6.8,-84,-15.6,-77,-14.6,-110,-20.5,-803979,-9.5,-35031,-10.9,138,3.7,108,8.9
"13135","5","339112","78","0","2025","4","N",10,0,0,0,0,0,0,0,"N",0.77,0,0,0,0,0,0,0,"N",-2,-16.7,0,0,0,0,0,0,0,0,0,0,0,0,0,0
"13135","5","339113","78","0","2025","4","",10,109,106,80,2262527,33795,431,1770,"",1.00,0.42,0.41,0.31,0.38,0.16,0.21,0.99,"",1,11.1,-32,-22.7,-25,-19.1,-56,-41.2,-113515,-4.8,-53168,-61.1,-1287,-74.9,426,31.7
"13135","5","339115","78","0","2025","4","N",2,0,0,0,0,0,0,0,"N",1.08,0,0,0,0,0,0,0,"N",-1,-33.3,0,0,0,0,0,0,0,0,0,0,0,0,0,0
"13135","5","339116","78","0","2025","4","",33,231,228,229,3596376,214844,2932,1206,"",2.45,2.36,2.32,2.36,2.70,2.10,2.94,1.15,"",-2,-5.7,2,0.9,-1,-0.4,-3,-1.3,30830,0.9,39150,22.3,1489,103.2,14,1.2
"13135","5","3399","76","0","2025","4","",85,1068,1079,1050,24527473,579020,6133,1770,"",1.28,1.50,1.50,1.46,2.02,0.69,0.69,1.36,"",0,0.0,-68,-6.0,-91,-7.8,-95,-8.3,-1419047,-5.5,-606726,-51.2,-18592,-75.2,35,2.0
"13135","5","33991","77","0","2025","4","N",3,0,0,0,0,0,0,0,"N",0.50,0,0,0,0,0,0,0,"N",0,0.0,0,0,0,0,0,0,0,0,0,0,0,0,0,0
"13135","5","339910","78","0","2025","4","N",3,0,0,0,0,0,0,0,"N",0.50,0,0,0,0,0,0,0,"N",0,0.0,0,0,0,0,0,0,0,0,0,0,0,0,0,0
"13135","5","33992","77","0","2025","4","",5,33,39,37,781692,52583,1171,1655,"",0.78,0.32,0.37,0.35,0.45,0.36,0.98,1.28,"",1,25.0,0,0.0,3,8.3,9,32.1,173891,28.6,-1963,-3.6,-105,-8.2,209,14.5
"13135","5","339920","78","0","2025","4","",5,33,39,37,781692,52583,1171,1655,"",0.78,0.32,0.37,0.35,0.45,0.36,0.98,1.28,"",1,25.0,0,0.0,3,8.3,9,32.1,173891,28.6,-1963,-3.6,-105,-8.2,209,14.5
"13135","5","33993","77","0","2025","4","N",4,0,0,0,0,0,0,0,"N",1.51,0,0,0,0,0,0,0,"N",0,0.0,0,0,0,0,0,0,0,0,0,0,0,0,0,0
"13135","5","339930","78","0","2025","4","N",4,0,0,0,0,0,0,0,"N",1.51,0,0,0,0,0,0,0,"N",0,0.0,0,0,0,0,0,0,0,0,0,0,0,0,0,0
"13135","5","33994","77","0","2025","4","N",2,0,0,0,0,0,0,0,"N",1.53,0,0,0,0,0,0,0,"N",-1,-33.3,0,0,0,0,0,0,0,0,0,0,0,0,0,0
"13135","5","339940","78","0","2025","4","N",2,0,0,0,0,0,0,0,"N",1.53,0,0,0,0,0,0,0,"N",-1,-33.3,0,0,0,0,0,0,0,0,0,0,0,0,0,0
"13135","5","33995","77","0","2025","4","",44,539,534,535,8987865,284877,3123,1290,"",2.04,2.82,2.78,2.81,3.00,1.38,1.41,1.07,"",-2,-4.3,14,2.7,7,1.3,22,4.3,-33309,-0.4,-62988,-18.1,-1598,-33.8,-40,-3.0
"13135","5","339950","78","0","2025","4","",44,539,534,535,8987865,284877,3123,1290,"",2.04,2.82,2.78,2.81,3.00,1.38,1.41,1.07,"",-2,-4.3,14,2.7,7,1.3,22,4.3,-33309,-0.4,-62988,-18.1,-1598,-33.8,-40,-3.0
"13135","5","33999","77","0","2025","4","",27,470,480,454,14399516,218134,1583,2367,"",0.95,1.47,1.48,1.41,2.58,0.60,0.38,1.78,"",2,8.0,-76,-13.9,-95,-16.5,-118,-20.6,-1511106,-9.5,-528444,-70.8,-16665,-91.3,198,9.1
"13135","5","339991","78","0","2025","4","N",2,0,0,0,0,0,0,0,"N",0.89,0,0,0,0,0,0,0,"N",-1,-33.3,0,0,0,0,0,0,0,0,0,0,0,0,0,0
"13135","5","339992","78","0","2025","4","N",4,0,0,0,0,0,0,0,"N",1.96,0,0,0,0,0,0,0,"N",0,0.0,0,0,0,0,0,0,0,0,0,0,0,0,0,0
"13135","5","339999","78","0","2025","4","",21,434,444,416,13566263,188533,1487,2419,"",0.93,2.32,2.33,2.19,4.01,0.70,0.47,1.76,"",3,16.7,-75,-14.7,-96,-17.8,-119,-22.2,-1649438,-10.8,-528401,-73.7,-16484,-91.7,202,9.1
"13135","5","42","74","0","2025","4","",2399,33475,33321,33428,819121531,21983102,240726,1886,"",1.36,2.22,2.20,2.21,2.26,1.54,1.58,1.02,"",-43,-1.8,417,1.3,164,0.5,308,0.9,47544595,6.2,-1211138,-5.2,-5082,-2.1,94,5.2
"13135","5","423","75","0","2025","4","",1230,23024,22972,22992,569804525,13752362,139396,1906,"",1.28,2.71,2.69,2.70,2.71,1.82,1.73,1.00,"",-26,-2.1,79,0.3,-72,-0.3,-45,-0.2,15680972,2.8,-1229580,-8.2,-24924,-15.2,53,2.9
"13135","5","4231","76","0","2025","4","",93,2331,2325,2343,44723339,1707360,17122,1475,"",1.23,2.55,2.53,2.56,2.67,1.98,1.93,1.05,"",4,4.5,41,1.8,9,0.4,43,1.9,3185280,7.7,222184,15.0,-5847,-25.5,87,6.3
"13135","5","42311","77","0","2025","4","",16,266,269,272,7672704,171203,3083,2194,"",0.74,0.77,0.78,0.79,1.13,0.53,0.98,1.45,"",0,0.0,19,7.7,21,8.5,22,8.8,199027,2.7,6015,3.6,-174,-5.3,-121,-5.2
"13135","5","423110","78","0","2025","4","",16,266,269,272,7672704,171203,3083,2194,"",0.74,0.77,0.78,0.79,1.13,0.53,0.98,1.45,"",0,0.0,19,7.7,21,8.5,22,8.8,199027,2.7,6015,3.6,-174,-5.3,-121,-5.2
"13135","5","42312","77","0","2025","4","",66,1941,1934,1948,34614427,1444315,13779,1372,"",1.60,4.51,4.48,4.52,4.50,3.74,3.27,1.00,"",4,6.5,36,1.9,5,0.3,34,1.8,3121955,9.9,220966,18.1,-5123,-27.1,108,8.5
"13135","5","423120","78","0","2025","4","",66,1941,1934,1948,34614427,1444315,13779,1372,"",1.60,4.51,4.48,4.52,4.50,3.74,3.27,1.00,"",4,6.5,36,1.9,5,0.3,34,1.8,3121955,9.9,220966,18.1,-5123,-27.1,108,8.5
"13135","5","42313","77","0","2025","4","N",8,0,0,0,0,0,0,0,"N",1.14,0,0,0,0,0,0,0,"N",0,0.0,0,0,0,0,0,0,0,0,0,0,0,0,0,0
"13135","5","423130","78","0","2025","4","N",8,0,0,0,0,0,0,0,"N",1.14,0,0,0,0,0,0,0,"N",0,0.0,0,0,0,0,0,0,0,0,0,0,0,0,0,0
"13135","5","42314","77","0","2025","4","N",3,0,0,0,0,0,0,0,"N",0.52,0,0,0,0,0,0,0,"N",0,0.0,0,0,0,0,0,0,0,0,0,0,0,0,0,0
"13135","5","423140","78","0","2025","4","N",3,0,0,0,0,0,0,0,"N",0.52,0,0,0,0,0,0,0,"N",0,0.0,0,0,0,0,0,0,0,0,0,0,0,0,0,0
"13135","5","4232","76","0","2025","4","",78,708,701,702,13204524,505111,7444,1443,"",2.08,2.68,2.65,2.66,2.48,1.89,2.28,0.93,"",0,0.0,-46,-6.1,-62,-8.1,-57,-7.5,-489428,-3.6,-157177,-23.7,-1321,-15.1,55,4.0
"13135","5","42321","77","0","2025","4","",32,287,288,285,5055468,253246,4302,1357,"",1.84,2.40,2.41,2.39,2.02,2.10,2.97,0.84,"",-1,-3.0,48,20.1,37,14.7,35,14.0,681977,15.6,37317,17.3,1982,85.4,-7,-0.5
"13135","5","423210","78","0","2025","4","",32,287,288,285,5055468,253246,4302,1357,"",1.84,2.40,2.41,2.39,2.02,2.10,2.97,0.84,"",-1,-3.0,48,20.1,37,14.7,35,14.0,681977,15.6,37317,17.3,1982,85.4,-7,-0.5
"13135","5","42322","77","0","2025","4","",46,421,413,417,8149056,251865,3142,1503,"",2.29,2.91,2.85,2.88,2.89,1.73,1.72,1.00,"",1,2.2,-94,-18.3,-99,-19.3,-92,-18.1,-1171405,-12.6,-194494,-43.6,-3303,-51.2,103,7.4
"13135","5","423220","78","0","2025","4","",46,421,413,417,8149056,251865,3142,1503,"",2.29,2.91,2.85,2.88,2.89,1.73,1.72,1.00,"",1,2.2,-94,-18.3,-99,-19.3,-92,-18.1,-1171405,-12.6,-194494,-43.6,-3303,-51.2,103,7.4
"13135","5","4233","76","0","2025","4","",104,1717,1707,1716,41314833,1074198,10551,1855,"",1.40,2.59,2.57,2.60,3.08,1.51,1.32,1.19,"",1,1.0,-174,-9.2,-193,-10.2,-184,-9.7,245388,0.6,40249,3.9,1776,20.2,190,11.4
"13135","5","42331","77","0","2025","4","",41,951,942,947,25776441,437613,3275,2095,"",1.48,3.36,3.31,3.35,4.54,1.32,1.04,1.36,"",-5,-10.9,-82,-7.9,-101,-9.7,-88,-8.5,1226093,5.0,-31205,-6.7,-792,-19.5,274,15.0
"13135","5","423310","78","0","2025","4","",41,951,942,947,25776441,437613,3275,2095,"",1.48,3.36,3.31,3.35,4.54,1.32,1.04,1.36,"",-5,-10.9,-82,-7.9,-101,-9.7,-88,-8.5,1226093,5.0,-31205,-6.7,-792,-19.5,274,15.0
"13135","5","42332","77","0","2025","4","",32,388,384,387,7333434,281906,2259,1460,"",1.71,2.34,2.31,2.36,2.29,1.80,1.10,0.98,"",1,3.2,-13,-3.2,-12,-3.0,-13,-3.2,-24148,-0.3,116545,70.5,561,33.0,42,3.0
"13135","5","423320","78","0","2025","4","",32,388,384,387,7333434,281906,2259,1460,"",1.71,2.34,2.31,2.36,2.29,1.80,1.10,0.98,"",1,3.2,-13,-3.2,-12,-3.0,-13,-3.2,-24148,-0.3,116545,70.5,561,33.0,42,3.0
"13135","5","42333","77","0","2025","4","",15,240,245,240,5880662,163399,1417,1872,"",1.24,2.03,2.07,2.05,2.40,1.64,1.10,1.17,"",2,15.4,-21,-8.0,-11,-4.3,-19,-7.3,56011,1.0,59531,57.3,529,59.6,140,8.1
"13135","5","423330","78","0","2025","4","",15,240,245,240,5880662,163399,1417,1872,"",1.24,2.03,2.07,2.05,2.40,1.64,1.10,1.17,"",2,15.4,-21,-8.0,-11,-4.3,-19,-7.3,56011,1.0,59531,57.3,529,59.6,140,8.1
"13135","5","42339","77","0","2025","4","",16,138,136,142,2324296,191280,3600,1289,"",1.02,1.46,1.43,1.50,1.11,1.57,2.45,0.76,"",3,23.1,-58,-29.6,-69,-33.7,-64,-31.1,-1012568,-30.3,-104622,-35.4,1478,69.7,20,1.6
"13135","5","423390","78","0","2025","4","",16,138,136,142,2324296,191280,3600,1289,"",1.02,1.46,1.43,1.50,1.11,1.57,2.45,0.76,"",3,23.1,-58,-29.6,-69,-33.7,-64,-31.1,-1012568,-30.3,-104622,-35.4,1478,69.7,20,1.6
"13135","5","4234","76","0","2025","4","",217,4967,4920,4861,126425320,2474264,15255,1978,"",1.06,2.67,2.63,2.61,2.08,1.72,0.90,0.79,"",-14,-6.1,45,0.9,-26,-0.5,-53,-1.1,-1914099,-1.5,-257496,-9.4,-4457,-22.6,-26,-1.3
"13135","5","42341","77","0","2025","4","N",2,0,0,0,0,0,0,0,"N",0.58,0,0,0,0,0,0,0,"N",0,0.0,0,0,0,0,0,0,0,0,0,0,0,0,0,0
"13135","5","423410","78","0","2025","4","N",2,0,0,0,0,0,0,0,"N",0.58,0,0,0,0,0,0,0,"N",0,0.0,0,0,0,0,0,0,0,0,0,0,0,0,0,0
"13135","5","42342","77","0","2025","4","",21,436,439,439,10368261,198682,667,1821,"",1.34,2.71,2.72,2.73,3.21,1.37,0.42,1.18,"",-1,-4.5,-70,-13.8,-58,-11.7,-52,-10.6,-1705529,-14.1,49214,32.9,-269,-28.7,-44,-2.4
"13135","5","423420","78","0","2025","4","",21,436,439,439,10368261,198682,667,1821,"",1.34,2.71,2.72,2.73,3.21,1.37,0.42,1.18,"",-1,-4.5,-70,-13.8,-58,-11.7,-52,-10.6,-1705529,-14.1,49214,32.9,-269,-28.7,-44,-2.4
"13135","5","42343","77","0","2025","4","",56,1090,1083,1087,37336640,441121,3091,2643,"",1.21,1.95,1.93,1.95,1.50,1.31,0.65,0.77,"",-11,-16.4,51,4.9,47,4.5,37,3.5,-87044,-0.2,-32667,-6.9,-22,-0.7,-121,-4.4
"13135","5","423430","78","0","2025","4","",56,1090,1083,1087,37336640,441121,3091,2643,"",1.21,1.95,1.93,1.95,1.50,1.31,0.65,0.77,"",-11,-16.4,51,4.9,47,4.5,37,3.5,-87044,-0.2,-32667,-6.9,-22,-0.7,-121,-4.4
"13135","5","42344","77","0","2025","4","",29,408,408,414,11460355,212542,1264,2150,"",1.55,2.82,2.80,2.86,3.99,1.61,0.86,1.41,"",-2,-6.5,-9,-2.2,-13,-3.1,-10,-2.4,490716,4.5,-87744,-29.2,-1650,-56.6,144,7.2
"13135","5","423440","78","0","2025","4","",29,408,408,414,11460355,212542,1264,2150,"",1.55,2.82,2.80,2.86,3.99,1.61,0.86,1.41,"",-2,-6.5,-9,-2.2,-13,-3.1,-10,-2.4,490716,4.5,-87744,-29.2,-1650,-56.6,144,7.2
"13135","5","42345","77","0","2025","4","",84,2675,2632,2561,58124781,1439961,9301,1705,"",0.84,3.25,3.18,3.10,2.32,2.17,1.23,0.73,"",1,1.2,109,4.2,35,1.3,3,0.1,1506489,2.7,-202759,-12.3,-2760,-22.9,13,0.8
"13135","5","423450","78","0","2025","4","",84,2675,2632,2561,58124781,1439961,9301,1705,"",0.84,3.25,3.18,3.10,2.32,2.17,1.23,0.73,"",1,1.2,109,4.2,35,1.3,3,0.1,1506489,2.7,-202759,-12.3,-2760,-22.9,13,0.8
"13135","5","42346","77","0","2025","4","N",9,0,0,0,0,0,0,0,"N",1.38,0,0,0,0,0,0,0,"N",-2,-18.2,0,0,0,0,0,0,0,0,0,0,0,0,0,0
"13135","5","423460","78","0","2025","4","N",9,0,0,0,0,0,0,0,"N",1.38,0,0,0,0,0,0,0,"N",-2,-18.2,0,0,0,0,0,0,0,0,0,0,0,0,0,0
"13135","5","42349","77","0","2025","4","",16,282,282,283,6229491,160900,873,1697,"",1.17,3.06,3.05,3.07,2.66,2.13,1.08,0.87,"",1,6.7,-15,-5.1,-15,-5.1,-12,-4.1,-160843,-2.5,34472,27.3,320,57.9,38,2.3
"13135","5","423490","78","0","2025","4","",16,282,282,283,6229491,160900,873,1697,"",1.17,3.06,3.05,3.07,2.66,2.13,1.08,0.87,"",1,6.7,-15,-5.1,-15,-5.1,-12,-4.1,-160843,-2.5,34472,27.3,320,57.9,38,2.3
"13135","5","4235","76","0","2025","4","",31,826,826,840,21986861,554800,7221,2036,"",0.96,2.46,2.44,2.48,2.82,1.85,2.26,1.15,"",-3,-8.8,-39,-4.5,-41,-4.7,-33,-3.8,1017899,4.9,150129,37.1,2803,63.4,178,9.6
"13135","5","42351","77","0","2025","4","N",30,0,0,0,0,0,0,0,"N",0.97,0,0,0,0,0,0,0,"N",-3,-9.1,0,0,0,0,0,0,0,0,0,0,0,0,0,0
"13135","5","423510","78","0","2025","4","N",30,0,0,0,0,0,0,0,"N",0.97,0,0,0,0,0,0,0,"N",-3,-9.1,0,0,0,0,0,0,0,0,0,0,0,0,0,0
"13135","5","42352","77","0","2025","4","N",1,0,0,0,0,0,0,0,"N",0.75,0,0,0,0,0,0,0,"N",0,0.0,0,0,0,0,0,0,0,0,0,0,0,0,0,0
"13135","5","423520","78","0","2025","4","N",1,0,0,0,0,0,0,0,"N",0.75,0,0,0,0,0,0,0,"N",0,0.0,0,0,0,0,0,0,0,0,0,0,0,0,0,0
"13135","5","4236","76","0","2025","4","",192,4001,4026,4029,113315297,2101222,25941,2169,"",1.72,4.25,4.25,4.26,4.38,2.73,3.08,1.03,"",-8,-4.0,150,3.9,130,3.3,104,2.6,13389291,13.4,-662505,-24.0,-13213,-33.7,193,9.8
"13135","5","42361","77","0","2025","4","",91,2399,2413,2404,75021995,1285934,16951,2399,"",1.65,4.68,4.66,4.65,5.87,2.96,3.85,1.26,"",-4,-4.2,176,7.9,143,6.3,124,5.4,12119799,19.3,-675807,-34.4,-9045,-34.8,256,11.9
"13135","5","423610","78","0","2025","4","",91,2399,2413,2404,75021995,1285934,16951,2399,"",1.65,4.68,4.66,4.65,5.87,2.96,3.85,1.26,"",-4,-4.2,176,7.9,143,6.3,124,5.4,12119799,19.3,-675807,-34.4,-9045,-34.8,256,11.9
"13135","5","42362","77","0","2025","4","",16,437,438,446,7883860,138170,2597,1377,"",1.19,5.09,5.07,5.18,3.62,1.93,2.56,0.71,"",-1,-5.9,-17,-3.7,-17,-3.7,-12,-2.6,-329132,-4.0,-96281,-41.1,-2993,-53.5,-9,-0.6
"13135","5","423620","78","0","2025","4","",16,437,438,446,7883860,138170,2597,1377,"",1.19,5.09,5.07,5.18,3.62,1.93,2.56,0.71,"",-1,-5.9,-17,-3.7,-17,-3.7,-12,-2.6,-329132,-4.0,-96281,-41.1,-2993,-53.5,-9,-0.6
"13135","5","42369","77","0","2025","4","",85,1165,1175,1179,30409442,677118,6393,1994,"",1.98,3.40,3.42,3.43,2.78,2.56,2.12,0.81,"",-3,-3.4,-9,-0.8,4,0.3,-8,-0.7,1598624,5.5,109583,19.3,-1175,-15.5,112,6.0
"13135","5","423690","78","0","2025","4","",85,1165,1175,1179,30409442,677118,6393,1994,"",1.98,3.40,3.42,3.43,2.78,2.56,2.12,0.81,"",-3,-3.4,-9,-0.8,4,0.3,-8,-0.7,1598624,5.5,109583,19.3,-1175,-15.5,112,6.0
"13135","5","4237","76","0","2025","4","",98,1785,1787,1789,54542368,1002775,8984,2348,"",1.23,2.26,2.25,2.26,2.99,1.39,1.33,1.32,"",-8,-7.5,-69,-3.7,-71,-3.8,-89,-4.7,-9172833,-14.4,-275710,-21.6,-5980,-40.0,-282,-10.7
"13135","5","42371","77","0","2025","4","",36,537,539,535,18792666,258971,2556,2692,"",1.55,2.35,2.34,2.33,4.08,1.25,1.35,1.74,"",-5,-12.2,-134,-20.0,-126,-18.9,-132,-19.8,-10922694,-36.8,-126611,-32.8,-2923,-53.3,-732,-21.4
"13135","5","423710","78","0","2025","4","",36,537,539,535,18792666,258971,2556,2692,"",1.55,2.35,2.34,2.33,4.08,1.25,1.35,1.74,"",-5,-12.2,-134,-20.0,-126,-18.9,-132,-19.8,-10922694,-36.8,-126611,-32.8,-2923,-53.3,-732,-21.4
"13135","5","42372","77","0","2025","4","N",26,0,0,0,0,0,0,0,"N",0.87,0,0,0,0,0,0,0,"N",-2,-7.1,0,0,0,0,0,0,0,0,0,0,0,0,0,0
"13135","5","423720","78","0","2025","4","N",26,0,0,0,0,0,0,0,"N",0.87,0,0,0,0,0,0,0,"N",-2,-7.1,0,0,0,0,0,0,0,0,0,0,0,0,0,0
"13135","5","42373","77","0","2025","4","",28,474,472,477,19574582,202147,1343,3174,"",1.32,2.19,2.18,2.22,3.44,1.11,0.73,1.57,"",-1,-3.4,16,3.5,14,3.1,10,2.1,510398,2.7,-58445,-22.4,-166,-11.0,-7,-0.2
"13135","5","423730","78","0","2025","4","",28,474,472,477,19574582,202147,1343,3174,"",1.32,2.19,2.18,2.22,3.44,1.11,0.73,1.57,"",-1,-3.4,16,3.5,14,3.1,10,2.1,510398,2.7,-58445,-22.4,-166,-11.0,-7,-0.2
"13135","5","42374","77","0","2025","4","N",8,0,0,0,0,0,0,0,"N",1.62,0,0,0,0,0,0,0,"N",0,0.0,0,0,0,0,0,0,0,0,0,0,0,0,0,0
"13135","5","423740","78","0","2025","4","N",8,0,0,0,0,0,0,0,"N",1.62,0,0,0,0,0,0,0,"N",0,0.0,0,0,0,0,0,0,0,0,0,0,0,0,0,0
"13135","5","4238","76","0","2025","4","",274,4825,4800,4813,119561917,2751537,26223,1911,"",1.24,2.50,2.47,2.48,2.59,1.65,1.65,1.04,"",-5,-1.8,51,1.1,37,0.8,60,1.3,4756911,4.1,-188993,-6.4,2521,10.6,57,3.1
"13135","5","42381","77","0","2025","4","",21,444,450,462,12718301,328279,3670,2164,"",1.25,1.63,1.64,1.69,1.94,1.38,1.64,1.17,"",-2,-8.7,-12,-2.6,-28,-5.9,-2,-0.4,606977,5.0,-157475,-32.4,-203,-5.2,165,8.3
"13135","5","423810","78","0","2025","4","",21,444,450,462,12718301,328279,3670,2164,"",1.25,1.63,1.64,1.69,1.94,1.38,1.64,1.17,"",-2,-8.7,-12,-2.6,-28,-5.9,-2,-0.4,606977,5.0,-157475,-32.4,-203,-5.2,165,8.3
"13135","5","42382","77","0","2025","4","",6,262,257,263,5009987,283270,2104,1478,"",0.22,0.94,0.92,0.94,0.81,1.06,1.11,0.86,"",1,20.0,32,13.9,28,12.2,39,17.4,532021,11.9,148177,109.7,555,35.8,-35,-2.3
"13135","5","423820","78","0","2025","4","",6,262,257,263,5009987,283270,2104,1478,"",0.22,0.94,0.92,0.94,0.81,1.06,1.11,0.86,"",1,20.0,32,13.9,28,12.2,39,17.4,532021,11.9,148177,109.7,555,35.8,-35,-2.3
"13135","5","42383","77","0","2025","4","",140,3148,3121,3131,77691577,1519344,15935,1907,"",1.34,3.67,3.61,3.64,3.70,2.27,2.37,1.02,"",0,0.0,141,4.7,130,4.3,132,4.4,6903532,9.8,-274576,-15.3,3189,25.0,91,5.0
"13135","5","423830","78","0","2025","4","",140,3148,3121,3131,77691577,1519344,15935,1907,"",1.34,3.67,3.61,3.64,3.70,2.27,2.37,1.02,"",0,0.0,141,4.7,130,4.3,132,4.4,6903532,9.8,-274576,-15.3,3189,25.0,91,5.0
"13135","5","42384","77","0","2025","4","",60,528,532,524,13613081,352137,1880,1983,"",1.54,1.95,1.96,1.93,2.10,1.36,0.73,1.08,"",-2,-3.2,-52,-9.0,-37,-6.5,-52,-9.0,-2651501,-16.3,156830,80.3,46,2.5,-193,-8.9
"13135","5","423840","78","0","2025","4","",60,528,532,524,13613081,352137,1880,1983,"",1.54,1.95,1.96,1.93,2.10,1.36,0.73,1.08,"",-2,-3.2,-52,-9.0,-37,-6.5,-52,-9.0,-2651501,-16.3,156830,80.3,46,2.5,-193,-8.9
"13135","5","42385","77","0","2025","4","",37,319,316,309,6451811,200167,1955,1577,"",1.94,2.21,2.17,2.14,2.27,1.32,1.33,1.05,"",-2,-5.1,-64,-16.7,-62,-16.4,-63,-16.9,-1105860,-14.6,-16427,-7.6,-760,-28.0,38,2.5
"13135","5","423850","78","0","2025","4","",37,319,316,309,6451811,200167,1955,1577,"",1.94,2.21,2.17,2.14,2.27,1.32,1.33,1.05,"",-2,-5.1,-64,-16.7,-62,-16.4,-63,-16.9,-1105860,-14.6,-16427,-7.6,-760,-28.0,38,2.5
"13135","5","42386","77","0","2025","4","",10,124,124,124,4077160,68340,679,2529,"",0.71,1.13,1.12,1.12,1.34,0.78,0.73,1.19,"",0,0.0,6,5.1,6,5.1,6,5.1,471742,13.1,-45522,-40.0,-306,-31.1,179,7.6
"13135","5","423860","78","0","2025","4","",10,124,124,124,4077160,68340,679,2529,"",0.71,1.13,1.12,1.12,1.34,0.78,0.73,1.19,"",0,0.0,6,5.1,6,5.1,6,5.1,471742,13.1,-45522,-40.0,-306,-31.1,179,7.6
"13135","5","4239","76","0","2025","4","",143,1864,1880,1899,34730066,1581095,20655,1420,"",1.14,2.35,2.35,2.38,2.20,1.90,2.22,0.93,"",7,5.1,120,6.9,145,8.4,164,9.5,4662563,15.5,-100261,-6.0,-1206,-5.5,89,6.7
"13135","5","42391","77","0","2025","4","",28,787,790,794,14893986,684066,11406,1450,"",1.08,4.95,4.95,4.99,5.02,4.12,6.09,1.01,"",1,3.7,36,4.8,50,6.8,59,8.0,1760093,13.4,118272,20.9,6196,118.9,88,6.5
"13135","5","423910","78","0","2025","4","",28,787,790,794,14893986,684066,11406,1450,"",1.08,4.95,4.95,4.99,5.02,4.12,6.09,1.01,"",1,3.7,36,4.8,50,6.8,59,8.0,1760093,13.4,118272,20.9,6196,118.9,88,6.5
"13135","5","42392","77","0","2025","4","",11,149,154,160,3310720,149865,1175,1650,"",1.19,2.45,2.50,2.56,2.14,2.41,1.56,0.86,"",-1,-8.3,-2,-1.3,-1,-0.6,3,1.9,-278442,-7.8,80403,115.8,671,133.1,-139,-7.8
"13135","5","423920","78","0","2025","4","",11,149,154,160,3310720,149865,1175,1650,"",1.19,2.45,2.50,2.56,2.14,2.41,1.56,0.86,"",-1,-8.3,-2,-1.3,-1,-0.6,3,1.9,-278442,-7.8,80403,115.8,671,133.1,-139,-7.8
"13135","5","42393","77","0","2025","4","",34,495,507,512,7982167,471711,3975,1217,"",1.53,1.98,2.01,2.04,1.83,1.86,1.62,0.91,"",2,6.2,71,16.7,80,18.7,84,19.6,2490745,45.4,-130441,-21.7,-6285,-61.3,226,22.8
"13135","5","423930","78","0","2025","4","",34,495,507,512,7982167,471711,3975,1217,"",1.53,1.98,2.01,2.04,1.83,1.86,1.62,0.91,"",2,6.2,71,16.7,80,18.7,84,19.6,2490745,45.4,-130441,-21.7,-6285,-61.3,226,22.8
"13135","5","42394","77","0","2025","4","",21,84,84,83,1132977,65845,441,1042,"",0.99,0.92,0.92,0.90,0.61,0.67,0.34,0.66,"",-1,-4.5,-4,-4.5,-2,-2.3,-3,-3.5,192589,20.5,-20071,-23.4,181,69.6,207,24.8
"13135","5","423940","78","0","2025","4","",21,84,84,83,1132977,65845,441,1042,"",0.99,0.92,0.92,0.90,0.61,0.67,0.34,0.66,"",-1,-4.5,-4,-4.5,-2,-2.3,-3,-3.5,192589,20.5,-20071,-23.4,181,69.6,207,24.8
"13135","5","42399","77","0","2025","4","",49,349,345,350,7410216,209608,3658,1638,"",1.06,1.51,1.47,1.50,1.48,0.82,1.25,0.99,"",6,14.0,19,5.8,18,5.5,21,6.4,497578,7.2,-148424,-41.5,-1969,-35.0,20,1.2
"13135","5","423990","78","0","2025","4","",49,349,345,350,7410216,209608,3658,1638,"",1.06,1.51,1.47,1.50,1.48,0.82,1.25,0.99,"",6,14.0,19,5.8,18,5.5,21,6.4,497578,7.2,-148424,-41.5,-1969,-35.0,20,1.2
"13135","5","424","75","0","2025","4","",485,6708,6649,6724,124228831,5794811,71848,1428,"",0.95,1.23,1.21,1.23,1.06,1.02,1.20,0.86,"",9,1.9,122,1.9,66,1.0,184,2.8,7166536,6.1,203638,3.6,22713,46.2,57,4.2
"13135","5","4241","76","0","2025","4","",34,524,529,538,10575755,419135,5886,1534,"",1.29,1.86,1.88,1.93,1.83,1.67,2.23,0.97,"",0,0.0,-58,-10.0,-42,-7.4,-26,-4.6,-601375,-5.4,-62837,-13.0,2840,93.2,32,2.1
"13135","5","42411","77","0","2025","4","",3,59,59,54,1616242,15763,106,2168,"",0.84,2.15,2.16,2.01,2.35,0.70,0.44,1.12,"",0,0.0,-13,-18.1,-15,-20.3,-14,-20.6,-474599,-22.7,-17346,-52.4,-94,-47.0,-87,-3.9
"13135","5","424110","78","0","2025","4","",3,59,59,54,1616242,15763,106,2168,"",0.84,2.15,2.16,2.01,2.35,0.70,0.44,1.12,"",0,0.0,-13,-18.1,-15,-20.3,-14,-20.6,-474599,-22.7,-17346,-52.4,-94,-47.0,-87,-3.9
"13135","5","42412","77","0","2025","4","",18,277,282,296,5076051,286111,4956,1370,"",2.05,2.99,3.05,3.23,3.78,3.47,6.08,1.22,"",1,5.9,-57,-17.1,-38,-11.9,-23,-7.2,-356583,-6.6,22127,8.4,3376,213.7,82,6.4
"13135","5","424120","78","0","2025","4","",18,277,282,296,5076051,286111,4956,1370,"",2.05,2.99,3.05,3.23,3.78,3.47,6.08,1.22,"",1,5.9,-57,-17.1,-38,-11.9,-23,-7.2,-356583,-6.6,22127,8.4,3376,213.7,82,6.4
"13135","5","42413","77","0","2025","4","",13,188,188,188,3883462,117261,824,1589,"",0.93,1.17,1.16,1.17,1.04,0.80,0.52,0.89,"",-1,-7.1,12,6.8,11,6.2,11,6.2,229807,6.3,-67618,-36.6,-442,-34.9,-2,-0.1
"13135","5","424130","78","0","2025","4","",13,188,188,188,3883462,117261,824,1589,"",0.93,1.17,1.16,1.17,1.04,0.80,0.52,0.89,"",-1,-7.1,12,6.8,11,6.2,11,6.2,229807,6.3,-67618,-36.6,-442,-34.9,-2,-0.1
"13135","5","4242","76","0","2025","4","",46,503,501,501,10744914,253351,2354,1648,"",0.72,0.78,0.77,0.76,0.46,0.49,0.36,0.60,"",-2,-4.2,11,2.2,1,0.2,6,1.2,800435,8.0,-61266,-19.5,-208,-8.1,105,6.8
"13135","5","42421","77","0","2025","4","",46,503,501,501,10744914,253351,2354,1648,"",0.72,0.78,0.77,0.76,0.46,0.49,0.36,0.60,"",-2,-4.2,11,2.2,1,0.2,6,1.2,800435,8.0,-61266,-19.5,-208,-8.1,105,6.8
"13135","5","424210","78","0","2025","4","",46,503,501,501,10744914,253351,2354,1648,"",0.72,0.78,0.77,0.76,0.46,0.49,0.36,0.60,"",-2,-4.2,11,2.2,1,0.2,6,1.2,800435,8.0,-61266,-19.5,-208,-8.1,105,6.8
"13135","5","4243","76","0","2025","4","",57,505,448,466,6981392,945573,25900,1135,"",1.22,1.50,1.31,1.37,0.96,2.56,5.31,0.69,"",-3,-5.0,53,11.7,1,0.2,25,5.7,1334745,23.6,500650,112.5,21898,547.2,163,16.8
"13135","5","42431","77","0","2025","4","",17,78,78,80,1101049,72379,668,1077,"",1.63,1.51,1.50,1.55,1.14,1.33,1.13,0.75,"",-1,-5.6,-7,-8.2,-9,-10.3,-8,-9.1,-56368,-4.9,-20603,-22.2,183,37.7,50,4.9
"13135","5","424310","78","0","2025","4","",17,78,78,80,1101049,72379,668,1077,"",1.63,1.51,1.50,1.55,1.14,1.33,1.13,0.75,"",-1,-5.6,-7,-8.2,-9,-10.3,-8,-9.1,-56368,-4.9,-20603,-22.2,183,37.7,50,4.9
"13135","5","42434","77","0","2025","4","",10,20,21,20,276956,12226,209,1048,"",1.91,0.37,0.38,0.36,0.24,0.23,0.32,0.64,"",1,11.1,-2,-9.1,1,5.0,-1,-4.8,-1929,-0.7,-19908,-62.0,-353,-62.8,26,2.5
"13135","5","424340","78","0","2025","4","",10,20,21,20,276956,12226,209,1048,"",1.91,0.37,0.38,0.36,0.24,0.23,0.32,0.64,"",1,11.1,-2,-9.1,1,5.0,-1,-4.8,-1929,-0.7,-19908,-62.0,-353,-62.8,26,2.5
"13135","5","42435","77","0","2025","4","",30,407,349,366,5603387,860968,25023,1152,"",0.96,1.76,1.49,1.57,1.10,3.29,6.90,0.68,"",-3,-9.1,62,18.0,9,2.6,34,10.2,1393042,33.1,541161,169.2,22068,746.8,197,20.6
"13135","5","424350","78","0","2025","4","",30,407,349,366,5603387,860968,25023,1152,"",0.96,1.76,1.49,1.57,1.10,3.29,6.90,0.68,"",-3,-9.1,62,18.0,9,2.6,34,10.2,1393042,33.1,541161,169.2,22068,746.8,197,20.6
"13135","5","4244","76","0","2025","4","",140,3294,3289,3357,57507567,2919423,26914,1335,"",1.00,1.59,1.58,1.62,1.51,1.23,1.07,0.95,"",9,6.9,127,4.0,92,2.9,161,5.0,5468492,10.5,-177203,-5.7,-948,-3.4,79,6.3
"13135","5","42441","77","0","2025","4","",46,1635,1630,1662,25492167,1529477,12264,1194,"",1.81,2.53,2.51,2.56,2.19,2.05,1.54,0.87,"",0,0.0,177,12.1,153,10.4,168,11.2,2696670,11.8,125044,8.9,2591,26.8,6,0.5
"13135","5","424410","78","0","2025","4","",46,1635,1630,1662,25492167,1529477,12264,1194,"",1.81,2.53,2.51,2.56,2.19,2.05,1.54,0.87,"",0,0.0,177,12.1,153,10.4,168,11.2,2696670,11.8,125044,8.9,2591,26.8,6,0.5
"13135","5","42442","77","0","2025","4","",12,277,262,275,6123723,287866,1611,1736,"",1.50,3.07,2.90,3.03,3.43,2.85,1.38,1.14,"",0,0.0,3,1.1,-22,-7.7,3,1.1,555627,10.0,93163,47.8,859,114.2,188,12.1
"13135","5","424420","78","0","2025","4","",12,277,262,275,6123723,287866,1611,1736,"",1.50,3.07,2.90,3.03,3.43,2.85,1.38,1.14,"",0,0.0,3,1.1,-22,-7.7,3,1.1,555627,10.0,93163,47.8,859,114.2,188,12.1
"13135","5","42443","77","0","2025","4","",4,43,43,44,1466976,16974,39,2604,"",0.55,0.50,0.49,0.50,0.88,0.20,0.04,1.78,"N",0,0.0,0,0,0,0,0,0,0,0,0,0,0,0,0,0
"13135","5","424430","78","0","2025","4","",4,43,43,44,1466976,16974,39,2604,"",0.55,0.50,0.49,0.50,0.88,0.20,0.04,1.78,"N",0,0.0,0,0,0,0,0,0,0,0,0,0,0,0,0,0
"13135","5","42444","77","0","2025","4","N",2,0,0,0,0,0,0,0,"N",0.94,0,0,0,0,0,0,0,"N",1,100.0,0,0,0,0,0,0,0,0,0,0,0,0,0,0
"13135","5","424440","78","0","2025","4","N",2,0,0,0,0,0,0,0,"N",0.94,0,0,0,0,0,0,0,"N",1,100.0,0,0,0,0,0,0,0,0,0,0,0,0,0,0
"13135","5","42445","77","0","2025","4","",11,289,293,295,5096038,248866,2695,1341,"",1.00,1.83,1.85,1.87,1.73,1.75,1.92,0.94,"",1,10.0,-24,-7.7,-24,-7.6,-13,-4.2,146266,3.0,-41927,-14.4,-1594,-37.2,123,10.1
"13135","5","424450","78","0","2025","4","",11,289,293,295,5096038,248866,2695,1341,"",1.00,1.83,1.85,1.87,1.73,1.75,1.92,0.94,"",1,10.0,-24,-7.7,-24,-7.6,-13,-4.2,146266,3.0,-41927,-14.4,-1594,-37.2,123,10.1
"13135","5","42446","77","0","2025","4","",5,123,122,123,2310451,65304,189,1449,"",0.64,1.74,1.72,1.76,1.94,0.72,0.19,1.12,"",-1,-16.7,-21,-14.6,-22,-15.3,-22,-15.2,-9669,-0.4,-58074,-47.1,-1138,-85.8,212,17.1
"13135","5","424460","78","0","2025","4","",5,123,122,123,2310451,65304,189,1449,"",0.64,1.74,1.72,1.76,1.94,0.72,0.19,1.12,"",-1,-16.7,-21,-14.6,-22,-15.3,-22,-15.2,-9669,-0.4,-58074,-47.1,-1138,-85.8,212,17.1
"13135","5","42447","77","0","2025","4","",10,284,287,290,5277814,330006,5550,1415,"",1.13,2.31,2.30,2.34,2.21,2.42,3.80,0.95,"",1,11.1,19,7.2,19,7.1,14,5.1,132254,2.6,-99280,-23.1,-2007,-26.6,-53,-3.6
"13135","5","424470","78","0","2025","4","",10,284,287,290,5277814,330006,5550,1415,"",1.13,2.31,2.30,2.34,2.21,2.42,3.80,0.95,"",1,11.1,19,7.2,19,7.1,14,5.1,132254,2.6,-99280,-23.1,-2007,-26.6,-53,-3.6
"13135","5","42448","77","0","2025","4","N",9,0,0,0,0,0,0,0,"N",0.59,0,0,0,0,0,0,0,"N",2,28.6,0,0,0,0,0,0,0,0,0,0,0,0,0,0
"13135","5","424480","78","0","2025","4","N",9,0,0,0,0,0,0,0,"N",0.59,0,0,0,0,0,0,0,"N",2,28.6,0,0,0,0,0,0,0,0,0,0,0,0,0,0
"13135","5","42449","77","0","2025","4","",41,506,511,528,9460864,351984,2895,1413,"",0.75,0.82,0.82,0.85,0.82,0.51,0.41,0.99,"",5,13.9,-39,-7.2,-23,-4.3,-3,-0.6,690060,7.9,-79595,-18.4,-1149,-28.4,156,12.4
"13135","5","424490","78","0","2025","4","",41,506,511,528,9460864,351984,2895,1413,"",0.75,0.82,0.82,0.85,0.82,0.51,0.41,0.99,"",5,13.9,-39,-7.2,-23,-4.3,-3,-0.6,690060,7.9,-79595,-18.4,-1149,-28.4,156,12.4
"13135","5","4245","76","0","2025","4","N",4,0,0,0,0,0,0,0,"N",0.20,0,0,0,0,0,0,0,"N",0,0.0,0,0,0,0,0,0,0,0,0,0,0,0,0,0
"13135","5","42451","77","0","2025","4","N",1,0,0,0,0,0,0,0,"N",0.09,0,0,0,0,0,0,0,"N",-1,-50.0,0,0,0,0,0,0,0,0,0,0,0,0,0,0
"13135","5","424510","78","0","2025","4","N",1,0,0,0,0,0,0,0,"N",0.09,0,0,0,0,0,0,0,"N",-1,-50.0,0,0,0,0,0,0,0,0,0,0,0,0,0,0
"13135","5","42452","77","0","2025","4","N",1,0,0,0,0,0,0,0,"N",0.29,0,0,0,0,0,0,0,"N",0,0.0,0,0,0,0,0,0,0,0,0,0,0,0,0,0
"13135","5","424520","78","0","2025","4","N",1,0,0,0,0,0,0,0,"N",0.29,0,0,0,0,0,0,0,"N",0,0.0,0,0,0,0,0,0,0,0,0,0,0,0,0,0
"13135","5","42459","77","0","2025","4","N",2,0,0,0,0,0,0,0,"N",0.34,0,0,0,0,0,0,0,"N",1,100.0,0,0,0,0,0,0,0,0,0,0,0,0,0,0
"13135","5","424590","78","0","2025","4","N",2,0,0,0,0,0,0,0,"N",0.34,0,0,0,0,0,0,0,"N",1,100.0,0,0,0,0,0,0,0,0,0,0,0,0,0,0
"13135","5","4246","76","0","2025","4","",62,540,540,532,14072094,290262,3204,2015,"",1.18,1.45,1.44,1.43,1.47,1.05,1.16,1.02,"",4,6.9,13,2.5,15,2.9,20,3.9,-257838,-1.8,-29801,-9.3,-143,-4.3,-99,-4.7
"13135","5","42461","77","0","2025","4","",14,63,62,61,1109786,46123,538,1377,"",1.15,0.87,0.85,0.83,0.61,0.82,0.91,0.72,"",2,16.7,5,8.6,5,8.8,4,7.0,-71097,-6.0,16157,53.9,239,79.9,-207,-13.1
"13135","5","424610","78","0","2025","4","",14,63,62,61,1109786,46123,538,1377,"",1.15,0.87,0.85,0.83,0.61,0.82,0.91,0.72,"",2,16.7,5,8.6,5,8.8,4,7.0,-71097,-6.0,16157,53.9,239,79.9,-207,-13.1
"13135","5","42469","77","0","2025","4","",48,477,478,471,12962308,244139,2666,2098,"",1.19,1.59,1.58,1.57,1.68,1.11,1.23,1.06,"",2,4.3,8,1.7,10,2.1,16,3.5,-186741,-1.4,-45958,-15.8,-382,-12.5,-82,-3.8
"13135","5","424690","78","0","2025","4","",48,477,478,471,12962308,244139,2666,2098,"",1.19,1.59,1.58,1.57,1.68,1.11,1.23,1.06,"",2,4.3,8,1.7,10,2.1,16,3.5,-186741,-1.4,-45958,-15.8,-382,-12.5,-82,-3.8
"13135","5","4247","76","0","2025","4","N",14,0,0,0,0,0,0,0,"N",0.60,0,0,0,0,0,0,0,"N",-2,-12.5,0,0,0,0,0,0,0,0,0,0,0,0,0,0
"13135","5","42471","77","0","2025","4","N",3,0,0,0,0,0,0,0,"N",0.41,0,0,0,0,0,0,0,"N",0,0.0,0,0,0,0,0,0,0,0,0,0,0,0,0,0
"13135","5","424710","78","0","2025","4","N",3,0,0,0,0,0,0,0,"N",0.41,0,0,0,0,0,0,0,"N",0,0.0,0,0,0,0,0,0,0,0,0,0,0,0,0,0
"13135","5","42472","77","0","2025","4","N",11,0,0,0,0,0,0,0,"N",0.68,0,0,0,0,0,0,0,"N",-2,-15.4,0,0,0,0,0,0,0,0,0,0,0,0,0,0
"13135","5","424720","78","0","2025","4","N",11,0,0,0,0,0,0,0,"N",0.68,0,0,0,0,0,0,0,"N",-2,-15.4,0,0,0,0,0,0,0,0,0,0,0,0,0,0
"13135","5","4248","76","0","2025","4","",13,361,358,359,6951300,249014,1125,1488,"",0.49,0.69,0.69,0.69,0.70,0.51,0.25,1.01,"",-2,-13.3,-9,-2.4,-13,-3.5,-15,-4.0,409533,6.3,-22597,-8.3,221,24.4,134,9.9
"13135","5","42481","77","0","2025","4","N",5,0,0,0,0,0,0,0,"N",0.61,0,0,0,0,0,0,0,"N",-1,-16.7,0,0,0,0,0,0,0,0,0,0,0,0,0,0
"13135","5","424810","78","0","2025","4","N",5,0,0,0,0,0,0,0,"N",0.61,0,0,0,0,0,0,0,"N",-1,-16.7,0,0,0,0,0,0,0,0,0,0,0,0,0,0
"13135","5","42482","77","0","2025","4","N",8,0,0,0,0,0,0,0,"N",0.43,0,0,0,0,0,0,0,"N",-1,-11.1,0,0,0,0,0,0,0,0,0,0,0,0,0,0
"13135","5","424820","78","0","2025","4","N",8,0,0,0,0,0,0,0,"N",0.43,0,0,0,0,0,0,0,"N",-1,-11.1,0,0,0,0,0,0,0,0,0,0,0,0,0,0
"13135","5","4249","76","0","2025","4","",115,689,686,674,10898353,503549,5277,1227,"",1.05,0.86,0.86,0.85,0.76,0.55,0.56,0.89,"",5,4.5,-115,-14.3,-97,-12.4,-96,-12.5,-1868787,-14.6,-66744,-11.7,-64,-1.2,-23,-1.8
"13135","5","42491","77","0","2025","4","",11,50,51,46,840629,8108,15,1320,"",0.30,0.17,0.17,0.16,0.14,0.02,0.01,0.84,"",1,10.0,13,35.1,15,41.7,11,31.4,124514,17.4,1164,16.8,4,36.4,-210,-13.7
"13135","5","424910","78","0","2025","4","",11,50,51,46,840629,8108,15,1320,"",0.30,0.17,0.17,0.16,0.14,0.02,0.01,0.84,"",1,10.0,13,35.1,15,41.7,11,31.4,124514,17.4,1164,16.8,4,36.4,-210,-13.7
"13135","5","42492","77","0","2025","4","",9,84,87,89,1013333,59735,24,899,"",1.79,1.42,1.49,1.55,1.12,0.78,0.03,0.75,"",0,0.0,-14,-14.3,-13,-13.0,-6,-6.3,-297007,-22.7,9930,19.9,4,20.0,-133,-12.9
"13135","5","424920","78","0","2025","4","",9,84,87,89,1013333,59735,24,899,"",1.79,1.42,1.49,1.55,1.12,0.78,0.03,0.75,"",0,0.0,-14,-14.3,-13,-13.0,-6,-6.3,-297007,-22.7,9930,19.9,4,20.0,-133,-12.9
"13135","5","42493","77","0","2025","4","",11,69,68,64,869229,58351,74,998,"",1.02,0.56,0.55,0.54,0.55,0.38,0.04,1.01,"",-2,-15.4,-43,-38.4,-39,-36.4,-34,-34.7,-877608,-50.2,-86594,-59.7,-1313,-94.7,-274,-21.5
"13135","5","424930","78","0","2025","4","",11,69,68,64,869229,58351,74,998,"",1.02,0.56,0.55,0.54,0.55,0.38,0.04,1.01,"",-2,-15.4,-43,-38.4,-39,-36.4,-34,-34.7,-877608,-50.2,-86594,-59.7,-1313,-94.7,-274,-21.5
"13135","5","42494","77","0","2025","4","",9,37,51,47,404084,108713,2542,691,"",1.31,0.60,0.82,0.76,0.37,1.74,4.19,0.51,"",0,0.0,10,37.0,25,96.2,24,104.3,144468,55.6,84680,352.3,2036,402.4,-97,-12.3
"13135","5","424940","78","0","2025","4","",9,37,51,47,404084,108713,2542,691,"",1.31,0.60,0.82,0.76,0.37,1.74,4.19,0.51,"",0,0.0,10,37.0,25,96.2,24,104.3,144468,55.6,84680,352.3,2036,402.4,-97,-12.3
"13135","5","42495","77","0","2025","4","",8,28,28,28,605972,0,0,1665,"",1.00,0.48,0.48,0.49,0.57,0.00,0.00,1.18,"",0,0.0,-2,-6.7,4,16.7,4,16.7,-23142,-3.7,-7705,-100.0,-26,-100.0,-196,-10.5
"13135","5","424950","78","0","2025","4","",8,28,28,28,605972,0,0,1665,"",1.00,0.48,0.48,0.49,0.57,0.00,0.00,1.18,"",0,0.0,-2,-6.7,4,16.7,4,16.7,-23142,-3.7,-7705,-100.0,-26,-100.0,-196,-10.5
"13135","5","42499","77","0","2025","4","",67,421,401,400,7165106,268642,2622,1353,"",1.59,2.06,1.95,1.94,1.89,1.21,0.94,0.95,"",6,9.8,-79,-15.8,-89,-18.2,-95,-19.2,-940012,-11.6,-68219,-20.3,-769,-22.7,93,7.4
"13135","5","424990","78","0","2025","4","",67,421,401,400,7165106,268642,2622,1353,"",1.59,2.06,1.95,1.94,1.89,1.21,0.94,0.95,"",6,9.8,-79,-15.8,-89,-18.2,-95,-19.2,-940012,-11.6,-68219,-20.3,-769,-22.7,93,7.4
"13135","5","425","75","0","2025","4","",684,3743,3700,3712,125088175,2435929,29482,2588,"",2.29,3.36,3.30,3.33,3.64,2.50,2.58,1.09,"",-26,-3.7,216,6.1,170,4.8,169,4.8,24697087,24.6,-185196,-7.1,-2871,-8.9,402,18.4
"13135","5","4251","76","0","2025","4","",684,3743,3700,3712,125088175,2435929,29482,2588,"",2.29,3.36,3.30,3.33,3.64,2.50,2.58,1.09,"",-26,-3.7,216,6.1,170,4.8,169,4.8,24697087,24.6,-185196,-7.1,-2871,-8.9,402,18.4
"13135","5","42512","77","0","2025","4","",684,3743,3700,3712,125088175,2435929,29482,2588,"",2.29,3.36,3.30,3.33,3.64,2.50,2.58,1.09,"",-26,-3.7,216,6.1,170,4.8,169,4.8,24697087,24.6,-185196,-7.1,-2871,-8.9,402,18.4
"13135","5","425120","78","0","2025","4","",684,3743,3700,3712,125088175,2435929,29482,2588,"",2.29,3.36,3.30,3.33,3.64,2.50,2.58,1.09,"",-26,-3.7,216,6.1,170,4.8,169,4.8,24697087,24.6,-185196,-7.1,-2871,-8.9,402,18.4
"13135","5","44-45","74","0","2025","4","",3077,48002,48744,49109,575054045,52739918,425463,910,"",1.03,1.25,1.24,1.25,1.49,1.08,1.01,1.20,"",51,1.7,473,1.0,197,0.4,87,0.2,24907220,4.5,1423205,2.8,-90129,-17.5,35,4.0
"13135","5","441","75","0","2025","4","",391,8071,8086,8002,143373771,7583936,54823,1370,"",1.12,1.58,1.58,1.58,1.75,1.20,0.89,1.11,"",17,4.5,-542,-6.3,-578,-6.7,-708,-8.1,-14950290,-9.4,-1131062,-13.0,-15,0.0,-36,-2.6
"13135","5","4411","76","0","2025","4","",170,5276,5276,5216,108777474,4700275,32111,1592,"",1.30,1.63,1.62,1.62,1.81,1.23,0.79,1.12,"",4,2.4,-558,-9.6,-610,-10.4,-690,-11.7,-13177608,-10.8,-738292,-13.6,-75,-0.2,-5,-0.3
"13135","5","44111","77","0","2025","4","",47,4223,4232,4191,94741716,3713896,23104,1729,"",0.78,1.50,1.50,1.50,1.78,1.12,0.68,1.19,"",6,14.6,-142,-3.3,-123,-2.8,-157,-3.6,-8283085,-8.0,-122412,-3.2,9547,70.4,-90,-4.9
"13135","5","441110","78","0","2025","4","",47,4223,4232,4191,94741716,3713896,23104,1729,"",0.78,1.50,1.50,1.50,1.78,1.12,0.68,1.19,"",6,14.6,-142,-3.3,-123,-2.8,-157,-3.6,-8283085,-8.0,-122412,-3.2,9547,70.4,-90,-4.9
"13135","5","44112","77","0","2025","4","",123,1053,1044,1025,14035758,986379,9007,1037,"",1.74,2.50,2.47,2.46,2.11,1.90,1.38,0.85,"",-2,-1.6,-416,-28.3,-487,-31.8,-533,-34.2,-4894523,-25.9,-615880,-38.4,-9622,-51.7,79,8.2
"13135","5","441120","78","0","2025","4","",123,1053,1044,1025,14035758,986379,9007,1037,"",1.74,2.50,2.47,2.46,2.11,1.90,1.38,0.85,"",-2,-1.6,-416,-28.3,-487,-31.8,-533,-34.2,-4894523,-25.9,-615880,-38.4,-9622,-51.7,79,8.2
"13135","5","4412","76","0","2025","4","",24,293,293,291,5898163,290110,2379,1552,"",0.57,0.72,0.73,0.74,0.96,0.56,0.40,1.32,"",-3,-11.1,-29,-9.0,-23,-7.3,-36,-11.0,-77381,-1.3,-212013,-42.2,-3519,-59.7,123,8.6
"13135","5","44121","77","0","2025","4","",4,191,191,189,4301033,222885,1457,1738,"",0.47,1.50,1.52,1.54,2.11,1.26,0.66,1.39,"",0,0.0,-4,-2.1,2,1.1,-4,-2.1,37186,0.9,-119890,-35.0,-2275,-61.0,33,1.9
"13135","5","441210","78","0","2025","4","",4,191,191,189,4301033,222885,1457,1738,"",0.47,1.50,1.52,1.54,2.11,1.26,0.66,1.39,"",0,0.0,-4,-2.1,2,1.1,-4,-2.1,37186,0.9,-119890,-35.0,-2275,-61.0,33,1.9
"13135","5","44122","77","0","2025","4","",20,102,102,102,1597130,67225,922,1204,"",0.59,0.36,0.37,0.38,0.39,0.20,0.25,1.06,"",-3,-13.0,-25,-19.7,-25,-19.7,-32,-23.9,-114567,-6.7,-92123,-57.8,-1244,-57.4,186,18.3
"13135","5","441222","78","0","2025","4","N",2,0,0,0,0,0,0,0,"N",0.16,0,0,0,0,0,0,0,"N",-1,-33.3,0,0,0,0,0,0,0,0,0,0,0,0,0,0
"13135","5","441227","78","0","2025","4","N",18,0,0,0,0,0,0,0,"N",0.84,0,0,0,0,0,0,0,"N",-2,-10.0,0,0,0,0,0,0,0,0,0,0,0,0,0,0
"13135","5","4413","76","0","2025","4","",197,2502,2517,2495,28698134,2593551,20333,881,"",1.12,1.71,1.71,1.71,1.81,1.33,1.33,1.06,"",16,8.8,45,1.8,55,2.2,18,0.7,-1695301,-5.6,-180757,-6.5,3579,21.4,-67,-7.1
"13135","5","44133","77","0","2025","4","",119,1777,1795,1776,19232597,1538360,11162,830,"",1.02,1.81,1.82,1.82,2.05,1.27,1.22,1.13,"",0,0.0,-68,-3.7,-54,-2.9,-95,-5.1,-3634714,-15.9,-348324,-18.5,2226,24.9,-118,-12.4
"13135","5","441330","78","0","2025","4","",119,1777,1795,1776,19232597,1538360,11162,830,"",1.02,1.81,1.82,1.82,2.05,1.27,1.22,1.13,"",0,0.0,-68,-3.7,-54,-2.9,-95,-5.1,-3634714,-15.9,-348324,-18.5,2226,24.9,-118,-12.4
"13135","5","44134","77","0","2025","4","",78,725,722,719,9465537,1055191,9171,1008,"",1.31,1.49,1.47,1.48,1.46,1.42,1.49,0.98,"",16,25.8,113,18.5,109,17.8,113,18.6,1939413,25.8,167567,18.9,1353,17.3,59,6.2
"13135","5","441340","78","0","2025","4","",78,725,722,719,9465537,1055191,9171,1008,"",1.31,1.49,1.47,1.48,1.46,1.42,1.49,0.98,"",16,25.8,113,18.5,109,17.8,113,18.6,1939413,25.8,167567,18.9,1353,17.3,59,6.2
"13135","5","444","75","0","2025","4","",177,4181,4087,4074,49701644,2720876,14338,929,"",0.88,1.25,1.22,1.23,1.42,0.72,0.47,1.15,"",4,2.3,-81,-1.9,-156,-3.7,-93,-2.2,644321,1.3,-198462,-6.8,-26419,-64.8,36,4.0
"13135","5","4441","76","0","2025","4","",151,3880,3837,3818,46463426,2402078,10991,930,"",0.99,1.35,1.33,1.33,1.52,0.74,0.46,1.14,"",4,2.7,-97,-2.4,-169,-4.2,-122,-3.1,451046,1.0,-274337,-10.3,-27925,-71.8,39,4.4
"13135","5","44411","77","0","2025","4","N",34,0,0,0,0,0,0,0,"N",1.29,0,0,0,0,0,0,0,"N",0,0.0,0,0,0,0,0,0,0,0,0,0,0,0,0,0
"13135","5","444110","78","0","2025","4","N",34,0,0,0,0,0,0,0,"N",1.29,0,0,0,0,0,0,0,"N",0,0.0,0,0,0,0,0,0,0,0,0,0,0,0,0,0
"13135","5","44412","77","0","2025","4","N",13,0,0,0,0,0,0,0,"N",0.69,0,0,0,0,0,0,0,"N",0,0.0,0,0,0,0,0,0,0,0,0,0,0,0,0,0
"13135","5","444120","78","0","2025","4","N",13,0,0,0,0,0,0,0,"N",0.69,0,0,0,0,0,0,0,"N",0,0.0,0,0,0,0,0,0,0,0,0,0,0,0,0,0
"13135","5","44414","77","0","2025","4","",30,370,360,369,5093331,255512,2517,1070,"",0.69,0.88,0.85,0.87,1.27,0.47,0.64,1.47,"",-1,-3.2,-7,-1.9,-12,-3.2,-5,-1.3,-38927,-0.8,-39372,-13.4,-292,-10.4,15,1.4
"13135","5","444140","78","0","2025","4","",30,370,360,369,5093331,255512,2517,1070,"",0.69,0.88,0.85,0.87,1.27,0.47,0.64,1.47,"",-1,-3.2,-7,-1.9,-12,-3.2,-5,-1.3,-38927,-0.8,-39372,-13.4,-292,-10.4,15,1.4
"13135","5","44418","77","0","2025","4","",74,911,908,865,19563574,597785,7154,1682,"",1.17,1.50,1.49,1.43,1.87,0.91,1.12,1.27,"",5,7.2,-84,-8.4,-128,-12.4,-136,-13.6,104378,0.5,-112589,-15.8,-698,-8.9,201,13.6
"13135","5","444180","78","0","2025","4","",74,911,908,865,19563574,597785,7154,1682,"",1.17,1.50,1.49,1.43,1.87,0.91,1.12,1.27,"",5,7.2,-84,-8.4,-128,-12.4,-136,-13.6,104378,0.5,-112589,-15.8,-698,-8.9,201,13.6
"13135","5","4442","76","0","2025","4","",26,301,250,256,3238218,318798,3347,926,"",0.53,0.66,0.55,0.58,0.73,0.58,0.49,1.23,"",0,0.0,16,5.6,13,5.5,29,12.8,193275,6.3,75875,31.2,1506,81.8,-12,-1.3
"13135","5","44423","77","0","2025","4","",7,55,55,55,773568,25452,25,1082,"",0.67,0.73,0.73,0.73,0.75,0.37,0.04,1.03,"",0,0.0,7,14.6,6,12.2,4,7.8,90279,13.2,18953,291.6,20,400.0,17,1.6
"13135","5","444230","78","0","2025","4","",7,55,55,55,773568,25452,25,1082,"",0.67,0.73,0.73,0.73,0.75,0.37,0.04,1.03,"",0,0.0,7,14.6,6,12.2,4,7.8,90279,13.2,18953,291.6,20,400.0,17,1.6
"13135","5","44424","77","0","2025","4","",19,246,195,201,2464650,293346,3322,886,"",0.49,0.64,0.52,0.54,0.72,0.61,0.54,1.27,"",0,0.0,9,3.8,7,3.7,25,14.2,102996,4.4,56922,24.1,1486,80.9,-21,-2.3
"13135","5","444240","78","0","2025","4","",19,246,195,201,2464650,293346,3322,886,"",0.49,0.64,0.52,0.54,0.72,0.61,0.54,1.27,"",0,0.0,9,3.8,7,3.7,25,14.2,102996,4.4,56922,24.1,1486,80.9,-21,-2.3
"13135","5","445","75","0","2025","4","",461,9784,9922,9966,92524615,10071249,59412,720,"",1.02,1.21,1.21,1.22,1.43,0.99,0.78,1.18,"",18,4.1,922,10.4,812,8.9,645,6.9,13341125,16.8,659924,7.0,-69618,-54.0,50,7.5
"13135","5","4451","76","0","2025","4","",357,9130,9202,9304,85033124,9410288,47852,710,"",1.29,1.29,1.28,1.30,1.50,1.07,0.79,1.16,"",16,4.7,878,10.6,726,8.6,620,7.1,13069607,18.2,596513,6.8,-71908,-60.0,56,8.6
"13135","5","44511","77","0","2025","4","",183,8685,8754,8832,80322475,8819815,40129,706,"",1.11,1.32,1.32,1.33,1.53,1.10,0.76,1.15,"",1,0.5,863,11.0,702,8.7,589,7.1,12646024,18.7,468766,5.6,-74636,-65.0,58,9.0
"13135","5","445110","78","0","2025","4","",183,8685,8754,8832,80322475,8819815,40129,706,"",1.11,1.32,1.32,1.33,1.53,1.10,0.76,1.15,"",1,0.5,863,11.0,702,8.7,589,7.1,12646024,18.7,468766,5.6,-74636,-65.0,58,9.0
"13135","5","44513","77","0","2025","4","",174,445,448,472,4710649,590473,7723,796,"",1.57,0.86,0.87,0.93,1.18,0.82,0.94,1.33,"",15,9.4,15,3.5,24,5.7,31,7.0,423583,9.9,127747,27.6,2728,54.6,32,4.2
"13135","5","445131","78","0","2025","4","",156,330,335,361,3030704,482829,6602,682,"",1.55,0.79,0.79,0.87,1.05,0.81,1.00,1.29,"",14,9.9,11,3.4,21,6.7,16,4.6,313319,11.5,195563,68.1,2594,64.7,41,6.4
"13135","5","445132","78","0","2025","4","",18,115,113,111,1679945,107644,1121,1144,"",1.85,1.20,1.18,1.20,1.49,0.89,0.70,1.25,"",1,5.9,4,3.6,3,2.7,15,15.6,110264,7.0,-67816,-38.7,134,13.6,1,0.1
"13135","5","4452","76","0","2025","4","",59,411,477,423,5600567,374727,6178,986,"",0.73,0.67,0.78,0.69,1.09,0.44,0.65,1.53,"",5,9.3,41,11.1,79,19.8,38,9.9,375703,7.2,82376,28.2,2655,75.4,-60,-5.7
"13135","5","44523","77","0","2025","4","N",8,0,0,0,0,0,0,0,"N",0.86,0,0,0,0,0,0,0,"N",-1,-11.1,0,0,0,0,0,0,0,0,0,0,0,0,0,0
"13135","5","445230","78","0","2025","4","N",8,0,0,0,0,0,0,0,"N",0.86,0,0,0,0,0,0,0,"N",-1,-11.1,0,0,0,0,0,0,0,0,0,0,0,0,0,0
"13135","5","44524","77","0","2025","4","",14,111,185,136,1059178,64279,876,566,"",0.74,0.69,1.07,0.80,0.73,0.29,0.43,0.85,"",1,7.7,-15,-11.9,25,15.6,-7,-4.9,48977,4.8,-50096,-43.8,-1147,-56.7,23,4.2
"13135","5","445240","78","0","2025","4","",14,111,185,136,1059178,64279,876,566,"",0.74,0.69,1.07,0.80,0.73,0.29,0.43,0.85,"",1,7.7,-15,-11.9,25,15.6,-7,-4.9,48977,4.8,-50096,-43.8,-1147,-56.7,23,4.2
"13135","5","44525","77","0","2025","4","N",3,0,0,0,0,0,0,0,"N",0.49,0,0,0,0,0,0,0,"N",0,0.0,0,0,0,0,0,0,0,0,0,0,0,0,0,0
"13135","5","445250","78","0","2025","4","N",3,0,0,0,0,0,0,0,"N",0.49,0,0,0,0,0,0,0,"N",0,0.0,0,0,0,0,0,0,0,0,0,0,0,0,0,0
"13135","5","44529","77","0","2025","4","",34,173,168,164,1897904,245537,4959,867,"",0.74,0.56,0.53,0.51,0.76,0.52,0.89,1.43,"",5,17.2,56,47.9,55,48.7,48,41.4,364534,23.8,116287,90.0,3787,323.1,-156,-15.2
"13135","5","445291","78","0","2025","4","",9,44,43,42,466793,48460,173,835,"",1.20,0.80,0.77,0.75,1.10,0.66,0.21,1.43,"",-1,-10.0,0,0.0,-1,-2.3,-7,-14.3,-12606,-2.6,-11902,-19.7,-115,-39.9,27,3.3
"13135","5","445292","78","0","2025","4","",6,24,24,22,122787,51949,1403,405,"",0.67,0.46,0.42,0.36,0.34,0.62,1.22,0.83,"",2,50.0,20,500.0,20,500.0,18,450.0,80837,192.7,51949,100.0,1403,100.0,-402,-49.8
"13135","5","445298","78","0","2025","4","",19,105,101,100,1308324,145128,3383,987,"",0.64,0.52,0.49,0.49,0.76,0.46,0.95,1.53,"",4,26.7,36,52.2,36,55.4,37,58.7,296303,29.3,76240,110.7,2499,282.7,-198,-16.7
"13135","5","4453","76","0","2025","4","",45,243,243,239,1890924,286234,5382,602,"",0.46,0.57,0.56,0.56,0.61,0.53,0.95,1.08,"",-3,-6.2,3,1.2,7,3.0,-13,-5.2,-104185,-5.2,-18965,-6.2,-365,-6.4,-30,-4.7
"13135","5","44532","77","0","2025","4","",45,243,243,239,1890924,286234,5382,602,"",0.46,0.57,0.56,0.56,0.61,0.53,0.95,1.08,"",-3,-6.2,3,1.2,7,3.0,-13,-5.2,-104185,-5.2,-18965,-6.2,-365,-6.4,-30,-4.7
"13135","5","445320","78","0","2025","4","",45,243,243,239,1890924,286234,5382,602,"",0.46,0.57,0.56,0.56,0.61,0.53,0.95,1.08,"",-3,-6.2,3,1.2,7,3.0,-13,-5.2,-104185,-5.2,-18965,-6.2,-365,-6.4,-30,-4.7
"13135","5","449","75","0","2025","4","",294,3723,3823,3853,64517677,4348868,38305,1306,"",1.23,1.94,1.94,1.96,2.36,1.91,1.58,1.22,"",-17,-5.5,-42,-1.1,34,0.9,-10,-0.3,11582124,21.9,567459,15.0,1515,4.1,236,22.1
"13135","5","4491","76","0","2025","4","",144,1314,1333,1322,19482302,1059373,9578,1133,"",1.14,1.34,1.32,1.31,1.53,0.87,0.79,1.16,"",-2,-1.4,-112,-7.9,-113,-7.8,-134,-9.2,-792629,-3.9,-101482,-8.7,-708,-6.9,52,4.8
"13135","5","44911","77","0","2025","4","",74,446,447,434,7507942,289322,2172,1306,"",1.21,0.94,0.94,0.92,1.14,0.52,0.39,1.22,"",-3,-3.9,-151,-25.3,-142,-24.1,-149,-25.6,-2774337,-27.0,-34478,-10.6,-550,-20.2,-35,-2.6
"13135","5","449110","78","0","2025","4","",74,446,447,434,7507942,289322,2172,1306,"",1.21,0.94,0.94,0.92,1.14,0.52,0.39,1.22,"",-3,-3.9,-151,-25.3,-142,-24.1,-149,-25.6,-2774337,-27.0,-34478,-10.6,-550,-20.2,-35,-2.6
"13135","5","44912","77","0","2025","4","",70,868,886,888,11974360,770051,7406,1046,"",1.07,1.70,1.66,1.65,1.94,1.16,1.14,1.16,"",1,1.4,39,4.7,29,3.4,15,1.7,1981708,19.8,-67004,-8.0,-158,-2.1,145,16.1
"13135","5","449121","78","0","2025","4","",30,566,563,562,9551656,341221,3810,1304,"",1.20,3.40,3.37,3.40,3.43,1.78,1.90,1.01,"",2,7.1,53,10.3,44,8.5,46,8.9,2001175,26.5,-63092,-15.6,787,26.0,178,15.8
"13135","5","449122","78","0","2025","4","",8,35,34,35,478368,6970,32,1061,"",0.97,1.07,1.03,1.07,0.94,0.18,0.07,0.89,"",0,0.0,4,12.9,1,3.0,1,2.9,86739,22.1,-20553,-74.7,-62,-66.0,139,15.1
"13135","5","449129","78","0","2025","4","",32,267,289,291,1944336,421860,3564,530,"",1.00,0.86,0.86,0.86,0.67,0.97,0.88,0.78,"",-1,-3.0,-18,-6.3,-16,-5.2,-32,-9.9,-106206,-5.2,16641,4.1,-883,-19.9,12,2.3
"13135","5","4492","76","0","2025","4","",150,2409,2490,2531,45035375,3289495,28727,1399,"",1.34,2.57,2.58,2.64,3.09,3.13,2.37,1.19,"",-15,-9.1,70,3.0,147,6.3,124,5.2,12374753,37.9,668941,25.5,2223,8.4,336,31.6
"13135","5","44921","77","0","2025","4","",150,2409,2490,2531,45035375,3289495,28727,1399,"",1.34,2.57,2.58,2.64,3.09,3.13,2.37,1.19,"",-15,-9.1,70,3.0,147,6.3,124,5.2,12374753,37.9,668941,25.5,2223,8.4,336,31.6
"13135","5","449210","78","0","2025","4","",150,2409,2490,2531,45035375,3289495,28727,1399,"",1.34,2.57,2.58,2.64,3.09,3.13,2.37,1.19,"",-15,-9.1,70,3.0,147,6.3,124,5.2,12374753,37.9,668941,25.5,2223,8.4,336,31.6
"13135","5","455","75","0","2025","4","",167,9113,9369,9509,95857561,12040046,84013,790,"",0.71,1.12,1.11,1.12,1.47,1.13,1.11,1.31,"",1,0.6,510,5.9,488,5.5,605,6.8,10599294,12.4,1317228,12.3,162,0.2,44,5.9
"13135","5","4551","76","0","2025","4","",37,2465,2690,2780,16997341,3732745,30585,494,"",1.08,1.06,1.07,1.08,1.07,1.19,1.23,1.00,"",-2,-5.1,-141,-5.4,-148,-5.2,-147,-5.0,-702419,-4.0,-159126,-4.1,-4718,-13.4,6,1.2
"13135","5","45511","77","0","2025","4","",37,2465,2690,2780,16997341,3732745,30585,494,"",1.08,1.06,1.07,1.08,1.07,1.19,1.23,1.00,"",-2,-5.1,-141,-5.4,-148,-5.2,-147,-5.0,-702419,-4.0,-159126,-4.1,-4718,-13.4,6,1.2
"13135","5","455110","78","0","2025","4","",37,2465,2690,2780,16997341,3732745,30585,494,"",1.08,1.06,1.07,1.08,1.07,1.19,1.23,1.00,"",-2,-5.1,-141,-5.4,-148,-5.2,-147,-5.0,-702419,-4.0,-159126,-4.1,-4718,-13.4,6,1.2
"13135","5","4552","76","0","2025","4","",130,6648,6679,6729,78860220,8307301,53428,907,"",0.65,1.15,1.12,1.13,1.59,1.11,1.06,1.41,"",3,2.4,651,10.9,636,10.5,752,12.6,11301713,16.7,1476354,21.6,4880,10.1,42,4.9
"13135","5","45521","77","0","2025","4","",130,6648,6679,6729,78860220,8307301,53428,907,"",0.65,1.15,1.12,1.13,1.59,1.11,1.06,1.41,"",3,2.4,651,10.9,636,10.5,752,12.6,11301713,16.7,1476354,21.6,4880,10.1,42,4.9
"13135","5","455211","78","0","2025","4","N",21,0,0,0,0,0,0,0,"N",1.15,0,0,0,0,0,0,0,"N",2,10.5,0,0,0,0,0,0,0,0,0,0,0,0,0,0
"13135","5","455219","78","0","2025","4","N",109,0,0,0,0,0,0,0,"N",0.60,0,0,0,0,0,0,0,"N",1,0.9,0,0,0,0,0,0,0,0,0,0,0,0,0,0
"13135","5","456","75","0","2025","4","",374,3634,3685,3778,43643929,4081949,50311,908,"",1.19,1.36,1.36,1.39,1.37,1.24,1.70,1.00,"",-1,-0.3,-90,-2.4,-105,-2.8,-63,-1.6,-970705,-2.2,193885,5.0,7021,16.2,1,0.1
"13135","5","4561","76","0","2025","4","",374,3634,3685,3778,43643929,4081949,50311,908,"",1.19,1.36,1.36,1.39,1.37,1.24,1.70,1.00,"",-1,-0.3,-90,-2.4,-105,-2.8,-63,-1.6,-970705,-2.2,193885,5.0,7021,16.2,1,0.1
"13135","5","45611","77","0","2025","4","",149,1393,1360,1393,18593902,1359568,13034,1035,"",0.89,0.84,0.82,0.84,0.87,0.66,0.75,1.04,"",0,0.0,-32,-2.2,-59,-4.2,-56,-3.9,329708,1.8,-3150,-0.2,471,3.7,53,5.4
"13135","5","456110","78","0","2025","4","",149,1393,1360,1393,18593902,1359568,13034,1035,"",0.89,0.84,0.82,0.84,0.87,0.66,0.75,1.04,"",0,0.0,-32,-2.2,-59,-4.2,-56,-3.9,329708,1.8,-3150,-0.2,471,3.7,53,5.4
"13135","5","45612","77","0","2025","4","",115,1046,1123,1184,8096309,1767949,25049,557,"",2.00,1.88,1.95,2.02,2.00,2.62,3.82,1.03,"",3,2.7,132,14.4,137,13.9,167,16.4,621125,8.3,296113,20.1,7844,45.6,-34,-5.8
"13135","5","456120","78","0","2025","4","",115,1046,1123,1184,8096309,1767949,25049,557,"",2.00,1.88,1.95,2.02,2.00,2.62,3.82,1.03,"",3,2.7,132,14.4,137,13.9,167,16.4,621125,8.3,296113,20.1,7844,45.6,-34,-5.8
"13135","5","45613","77","0","2025","4","",44,785,791,789,10358490,499321,8191,1011,"",1.54,4.35,4.32,4.31,4.58,2.57,4.51,1.06,"",1,2.3,-109,-12.2,-102,-11.4,-105,-11.7,-1065216,-9.3,-77948,-13.5,-1250,-13.2,28,2.8
"13135","5","456130","78","0","2025","4","",44,785,791,789,10358490,499321,8191,1011,"",1.54,4.35,4.32,4.31,4.58,2.57,4.51,1.06,"",1,2.3,-109,-12.2,-102,-11.4,-105,-11.7,-1065216,-9.3,-77948,-13.5,-1250,-13.2,28,2.8
"13135","5","45619","77","0","2025","4","",66,410,411,412,6595228,455111,4037,1234,"",1.07,1.41,1.40,1.41,1.55,1.24,1.02,1.10,"",-5,-7.0,-81,-16.5,-81,-16.5,-69,-14.3,-856322,-11.5,-21130,-4.4,-44,-1.1,59,5.0
"13135","5","456191","78","0","2025","4","",40,189,187,189,1524032,297548,2477,622,"",1.40,1.64,1.60,1.62,1.04,1.89,1.40,0.64,"",-2,-4.8,-45,-19.2,-53,-22.1,-44,-18.9,-353760,-18.8,17379,6.2,432,21.1,9,1.5
"13135","5","456199","78","0","2025","4","",26,221,224,223,5071196,157563,1560,1752,"",0.79,1.27,1.27,1.27,1.82,0.75,0.71,1.43,"",-3,-10.3,-36,-14.0,-28,-11.1,-25,-10.1,-502562,-9.0,-38509,-19.6,-476,-23.4,53,3.1
"13135","5","457","75","0","2025","4","",374,2061,2022,2084,19977596,2124867,23968,748,"",1.12,0.78,0.76,0.79,0.94,0.57,0.76,1.21,"",12,3.3,-20,-1.0,-39,-1.9,47,2.3,1975844,11.0,236184,12.5,3481,17.0,76,11.3
"13135","5","4571","76","0","2025","4","N",372,0,0,0,0,0,0,0,"N",1.19,0,0,0,0,0,0,0,"N",12,3.3,0,0,0,0,0,0,0,0,0,0,0,0,0,0
"13135","5","45711","77","0","2025","4","",347,1991,1950,2008,19187520,2037559,22633,744,"",1.21,0.89,0.87,0.90,1.21,0.63,0.88,1.35,"",14,4.2,-32,-1.6,-48,-2.4,36,1.8,1852157,10.7,265207,15.0,4841,27.2,76,11.4
"13135","5","457110","78","0","2025","4","",347,1991,1950,2008,19187520,2037559,22633,744,"",1.21,0.89,0.87,0.90,1.21,0.63,0.88,1.35,"",14,4.2,-32,-1.6,-48,-2.4,36,1.8,1852157,10.7,265207,15.0,4841,27.2,76,11.4
"13135","5","45712","77","0","2025","4","N",25,0,0,0,0,0,0,0,"N",0.99,0,0,0,0,0,0,0,"N",-2,-7.4,0,0,0,0,0,0,0,0,0,0,0,0,0,0
"13135","5","457120","78","0","2025","4","N",25,0,0,0,0,0,0,0,"N",0.99,0,0,0,0,0,0,0,"N",-2,-7.4,0,0,0,0,0,0,0,0,0,0,0,0,0,0
"13135","5","4572","76","0","2025","4","N",2,0,0,0,0,0,0,0,"N",0.10,0,0,0,0,0,0,0,"N",0,0.0,0,0,0,0,0,0,0,0,0,0,0,0,0,0
"13135","5","45721","77","0","2025","4","N",2,0,0,0,0,0,0,0,"N",0.10,0,0,0,0,0,0,0,"N",0,0.0,0,0,0,0,0,0,0,0,0,0,0,0,0,0
"13135","5","457210","78","0","2025","4","N",2,0,0,0,0,0,0,0,"N",0.10,0,0,0,0,0,0,0,"N",0,0.0,0,0,0,0,0,0,0,0,0,0,0,0,0,0
"13135","5","458","75","0","2025","4","",382,3502,3756,3830,26391092,5265980,55312,549,"",1.15,1.20,1.22,1.22,1.10,1.38,1.34,0.91,"",19,5.2,146,4.4,93,2.5,40,1.1,2962711,12.6,143353,2.8,6781,14.0,49,9.8
"13135","5","4581","76","0","2025","4","",263,2456,2678,2697,17293224,3677489,32466,510,"",1.15,1.13,1.17,1.15,1.05,1.27,1.01,0.91,"",14,5.6,171,7.5,158,6.3,94,3.6,2979700,20.8,337478,10.1,8282,34.2,64,14.3
"13135","5","45811","77","0","2025","4","",263,2456,2678,2697,17293224,3677489,32466,510,"",1.15,1.13,1.17,1.15,1.05,1.27,1.01,0.91,"",14,5.6,171,7.5,158,6.3,94,3.6,2979700,20.8,337478,10.1,8282,34.2,64,14.3
"13135","5","458110","78","0","2025","4","",263,2456,2678,2697,17293224,3677489,32466,510,"",1.15,1.13,1.17,1.15,1.05,1.27,1.01,0.91,"",14,5.6,171,7.5,158,6.3,94,3.6,2979700,20.8,337478,10.1,8282,34.2,64,14.3
"13135","5","4582","76","0","2025","4","",45,718,737,778,4636774,981417,13113,479,"",1.07,1.73,1.67,1.72,1.59,1.99,2.76,0.93,"",-2,-4.3,5,0.7,-54,-6.8,-29,-3.6,-52400,-1.1,-150896,-13.3,-1156,-8.1,11,2.4
"13135","5","45821","77","0","2025","4","",45,718,737,778,4636774,981417,13113,479,"",1.07,1.73,1.67,1.72,1.59,1.99,2.76,0.93,"",-2,-4.3,5,0.7,-54,-6.8,-29,-3.6,-52400,-1.1,-150896,-13.3,-1156,-8.1,11,2.4
"13135","5","458210","78","0","2025","4","",45,718,737,778,4636774,981417,13113,479,"",1.07,1.73,1.67,1.72,1.59,1.99,2.76,0.93,"",-2,-4.3,5,0.7,-54,-6.8,-29,-3.6,-52400,-1.1,-150896,-13.3,-1156,-8.1,11,2.4
"13135","5","4583","76","0","2025","4","",74,328,341,355,4461094,607074,9733,1005,"",1.22,1.02,1.01,1.02,0.98,1.50,2.22,0.96,"",7,10.4,-30,-8.4,-11,-3.1,-25,-6.6,35411,0.8,-43229,-6.6,-345,-3.4,68,7.3
"13135","5","45831","77","0","2025","4","N",73,0,0,0,0,0,0,0,"N",1.27,0,0,0,0,0,0,0,"N",7,10.6,0,0,0,0,0,0,0,0,0,0,0,0,0,0
"13135","5","458310","78","0","2025","4","N",73,0,0,0,0,0,0,0,"N",1.27,0,0,0,0,0,0,0,"N",7,10.6,0,0,0,0,0,0,0,0,0,0,0,0,0,0
"13135","5","45832","77","0","2025","4","N",1,0,0,0,0,0,0,0,"N",0.29,0,0,0,0,0,0,0,"N",0,0.0,0,0,0,0,0,0,0,0,0,0,0,0,0,0
"13135","5","458320","78","0","2025","4","N",1,0,0,0,0,0,0,0,"N",0.29,0,0,0,0,0,0,0,"N",0,0.0,0,0,0,0,0,0,0,0,0,0,0,0,0,0
"13135","5","459","75","0","2025","4","",457,3933,3994,4013,39066160,4502147,44981,755,"",0.87,1.05,1.05,1.05,1.18,0.92,0.88,1.12,"",-2,-0.4,-330,-7.7,-352,-8.1,-376,-8.6,-277204,-0.7,-365304,-7.5,-13037,-22.5,56,8.0
"13135","5","4591","76","0","2025","4","",114,1393,1445,1464,12942094,1901984,14075,694,"",0.92,1.17,1.15,1.16,1.44,1.16,1.03,1.24,"",3,2.7,53,4.0,4,0.3,1,0.1,1203057,10.2,190344,11.1,189,1.4,56,8.8
"13135","5","45911","77","0","2025","4","",49,776,794,813,6919498,925213,7542,670,"",0.71,1.08,1.04,1.05,1.23,0.97,0.94,1.16,"",5,11.4,35,4.7,-10,-1.2,-23,-2.8,580836,9.2,-9208,-1.0,-876,-10.4,56,9.1
"13135","5","459110","78","0","2025","4","",49,776,794,813,6919498,925213,7542,670,"",0.71,1.08,1.04,1.05,1.23,0.97,0.94,1.16,"",5,11.4,35,4.7,-10,-1.2,-23,-2.8,580836,9.2,-9208,-1.0,-876,-10.4,56,9.1
"13135","5","45912","77","0","2025","4","",42,470,503,502,4761308,810661,4600,745,"",1.19,1.36,1.36,1.37,2.02,1.48,1.03,1.48,"",-2,-4.5,33,7.6,34,7.2,41,8.9,567006,13.5,207903,34.5,711,18.3,37,5.2
"13135","5","459120","78","0","2025","4","",42,470,503,502,4761308,810661,4600,745,"",1.19,1.36,1.36,1.37,2.02,1.48,1.03,1.48,"",-2,-4.5,33,7.6,34,7.2,41,8.9,567006,13.5,207903,34.5,711,18.3,37,5.2
"13135","5","45913","77","0","2025","4","",7,22,22,21,149964,40514,1002,532,"",0.74,0.54,0.53,0.51,0.53,0.74,2.18,1.01,"",0,0.0,-25,-53.2,-29,-56.9,-30,-58.8,-70351,-31.9,-36483,-47.4,60,6.4,191,56.0
"13135","5","459130","78","0","2025","4","",7,22,22,21,149964,40514,1002,532,"",0.74,0.54,0.53,0.51,0.53,0.74,2.18,1.01,"",0,0.0,-25,-53.2,-29,-56.9,-30,-58.8,-70351,-31.9,-36483,-47.4,60,6.4,191,56.0
"13135","5","45914","77","0","2025","4","",16,125,126,128,1111324,125596,931,677,"",1.57,1.54,1.52,1.56,1.48,1.47,1.41,0.96,"",0,0.0,10,8.7,9,7.7,13,11.3,125566,12.7,28132,28.9,294,46.2,21,3.2
"13135","5","459140","78","0","2025","4","",16,125,126,128,1111324,125596,931,677,"",1.57,1.54,1.52,1.56,1.48,1.47,1.41,0.96,"",0,0.0,10,8.7,9,7.7,13,11.3,125566,12.7,28132,28.9,294,46.2,21,3.2
"13135","5","4592","76","0","2025","4","",21,219,213,219,1978084,233115,1540,701,"",0.94,1.29,1.20,1.20,1.58,1.08,0.75,1.28,"",0,0.0,4,1.9,-7,-3.2,-12,-5.2,44994,2.3,-43465,-15.7,-2605,-62.8,31,4.6
"13135","5","45921","77","0","2025","4","",21,219,213,219,1978084,233115,1540,701,"",0.94,1.29,1.20,1.20,1.58,1.08,0.75,1.28,"",0,0.0,4,1.9,-7,-3.2,-12,-5.2,44994,2.3,-43465,-15.7,-2605,-62.8,31,4.6
"13135","5","459210","78","0","2025","4","",21,219,213,219,1978084,233115,1540,701,"",0.94,1.29,1.20,1.20,1.58,1.08,0.75,1.28,"",0,0.0,4,1.9,-7,-3.2,-12,-5.2,44994,2.3,-43465,-15.7,-2605,-62.8,31,4.6
"13135","5","4593","76","0","2025","4","",24,64,61,64,431795,75545,888,527,"",0.72,0.46,0.43,0.45,0.43,0.40,0.40,0.96,"",0,0.0,-14,-17.9,-14,-18.7,-9,-12.3,-28826,-6.3,-4247,-5.3,-264,-22.9,57,12.1
"13135","5","45931","77","0","2025","4","",24,64,61,64,431795,75545,888,527,"",0.72,0.46,0.43,0.45,0.43,0.40,0.40,0.96,"",0,0.0,-14,-17.9,-14,-18.7,-9,-12.3,-28826,-6.3,-4247,-5.3,-264,-22.9,57,12.1
"13135","5","459310","78","0","2025","4","",24,64,61,64,431795,75545,888,527,"",0.72,0.46,0.43,0.45,0.43,0.40,0.40,0.96,"",0,0.0,-14,-17.9,-14,-18.7,-9,-12.3,-28826,-6.3,-4247,-5.3,-264,-22.9,57,12.1
"13135","5","4594","76","0","2025","4","",59,674,673,682,8586636,536680,5899,977,"",0.88,1.42,1.47,1.50,2.21,0.87,0.91,1.51,"",-2,-3.3,-78,-10.4,-79,-10.5,-70,-9.3,-24498,-0.3,-274938,-33.9,-8473,-59.0,96,10.9
"13135","5","45941","77","0","2025","4","",19,527,523,523,7660389,344187,3286,1124,"",1.19,3.54,3.49,3.52,4.40,2.07,2.45,1.25,"",0,0.0,-16,-2.9,-22,-4.0,-19,-3.5,287763,3.9,-175886,-33.8,-8645,-72.5,80,7.7
"13135","5","459410","78","0","2025","4","",19,527,523,523,7660389,344187,3286,1124,"",1.19,3.54,3.49,3.52,4.40,2.07,2.45,1.25,"",0,0.0,-16,-2.9,-22,-4.0,-19,-3.5,287763,3.9,-175886,-33.8,-8645,-72.5,80,7.7
"13135","5","45942","77","0","2025","4","",40,147,150,159,926247,192493,2613,469,"",0.79,0.45,0.49,0.52,0.43,0.43,0.51,0.89,"",-2,-4.8,-62,-29.7,-57,-27.5,-51,-24.3,-312261,-25.2,-99052,-34.0,172,7.0,12,2.6
"13135","5","459420","78","0","2025","4","",40,147,150,159,926247,192493,2613,469,"",0.79,0.45,0.49,0.52,0.43,0.43,0.51,0.89,"",-2,-4.8,-62,-29.7,-57,-27.5,-51,-24.3,-312261,-25.2,-99052,-34.0,172,7.0,12,2.6
"13135","5","4595","76","0","2025","4","",49,731,740,724,4698461,784538,7748,494,"",0.91,1.33,1.33,1.31,1.16,1.61,1.63,0.88,"",0,0.0,-65,-8.2,-38,-4.9,-54,-6.9,-268885,-5.4,56260,7.7,2298,42.2,7,1.4
"13135","5","45951","77","0","2025","4","",49,731,740,724,4698461,784538,7748,494,"",0.91,1.33,1.33,1.31,1.16,1.61,1.63,0.88,"",0,0.0,-65,-8.2,-38,-4.9,-54,-6.9,-268885,-5.4,56260,7.7,2298,42.2,7,1.4
"13135","5","459510","78","0","2025","4","",49,731,740,724,4698461,784538,7748,494,"",0.91,1.33,1.33,1.31,1.16,1.61,1.63,0.88,"",0,0.0,-65,-8.2,-38,-4.9,-54,-6.9,-268885,-5.4,56260,7.7,2298,42.2,7,1.4
"13135","5","4599","76","0","2025","4","",190,852,862,860,10429090,970285,14831,935,"",0.85,0.70,0.71,0.71,0.74,0.55,0.68,1.06,"",-3,-1.6,-230,-21.3,-218,-20.2,-232,-21.2,-1203046,-10.3,-289258,-23.0,-4182,-22.0,110,13.3
"13135","5","45991","77","0","2025","4","",30,340,349,347,3208924,454810,4826,715,"",0.97,1.01,1.03,1.03,1.07,1.03,1.31,1.04,"",-3,-9.1,-21,-5.8,-26,-6.9,-21,-5.7,-208945,-6.1,4258,0.9,596,14.1,1,0.1
"13135","5","459910","78","0","2025","4","",30,340,349,347,3208924,454810,4826,715,"",0.97,1.01,1.03,1.03,1.07,1.03,1.31,1.04,"",-3,-9.1,-21,-5.8,-26,-6.9,-21,-5.7,-208945,-6.1,4258,0.9,596,14.1,1,0.1
"13135","5","45992","77","0","2025","4","",10,40,40,41,320424,10387,46,611,"",0.72,0.98,0.98,1.00,0.41,0.20,0.08,0.42,"",0,0.0,-9,-18.4,-7,-14.9,-7,-14.6,-67013,-17.3,-4881,-32.0,-69,-60.0,-10,-1.6
"13135","5","459920","78","0","2025","4","",10,40,40,41,320424,10387,46,611,"",0.72,0.98,0.98,1.00,0.41,0.20,0.08,0.42,"",0,0.0,-9,-18.4,-7,-14.9,-7,-14.6,-67013,-17.3,-4881,-32.0,-69,-60.0,-10,-1.6
"13135","5","45999","77","0","2025","4","",150,472,473,472,6899742,505088,9959,1124,"",0.87,0.58,0.59,0.59,0.73,0.41,0.58,1.24,"",0,0.0,-200,-29.8,-185,-28.1,-204,-30.2,-927088,-11.8,-288635,-36.4,-4709,-32.1,224,24.9
"13135","5","459991","78","0","2025","4","",84,211,210,200,1592158,300969,6451,592,"",1.02,0.57,0.57,0.54,0.52,0.46,0.70,0.93,"",8,10.5,-81,-27.7,-70,-25.0,-79,-28.3,-567437,-26.3,-93210,-23.6,-906,-12.3,6,1.0
"13135","5","459999","78","0","2025","4","",66,261,263,272,5307584,204119,3508,1539,"",0.73,0.60,0.61,0.63,0.83,0.34,0.44,1.36,"",-8,-10.8,-119,-31.3,-115,-30.4,-125,-31.5,-359651,-6.3,-195425,-48.9,-3803,-52.0,407,36.0
"13135","5","48-49","74","0","2025","4","N",1145,0,0,0,0,0,0,0,"N",1.29,0,0,0,0,0,0,0,"N",-71,-5.8,0,0,0,0,0,0,0,0,0,0,0,0,0,0
"13135","5","481","75","0","2025","4","N",4,0,0,0,0,0,0,0,"N",0.18,0,0,0,0,0,0,0,"N",1,33.3,0,0,0,0,0,0,0,0,0,0,0,0,0,0
"13135","5","4811","76","0","2025","4","N",2,0,0,0,0,0,0,0,"N",0.25,0,0,0,0,0,0,0,"N",0,0.0,0,0,0,0,0,0,0,0,0,0,0,0,0,0
"13135","5","48111","77","0","2025","4","N",2,0,0,0,0,0,0,0,"N",0.25,0,0,0,0,0,0,0,"N",0,0.0,0,0,0,0,0,0,0,0,0,0,0,0,0,0
"13135","5","481112","78","0","2025","4","N",2,0,0,0,0,0,0,0,"N",0.96,0,0,0,0,0,0,0,"N",0,0.0,0,0,0,0,0,0,0,0,0,0,0,0,0,0
"13135","5","4812","76","0","2025","4","N",2,0,0,0,0,0,0,0,"N",0.14,0,0,0,0,0,0,0,"N",1,100.0,0,0,0,0,0,0,0,0,0,0,0,0,0,0
"13135","5","48121","77","0","2025","4","N",2,0,0,0,0,0,0,0,"N",0.14,0,0,0,0,0,0,0,"N",1,100.0,0,0,0,0,0,0,0,0,0,0,0,0,0,0
"13135","5","481211","78","0","2025","4","N",2,0,0,0,0,0,0,0,"N",0.21,0,0,0,0,0,0,0,"N",1,100.0,0,0,0,0,0,0,0,0,0,0,0,0,0,0
"13135","5","483","75","0","2025","4","",5,8,5,6,116128,1500,1,1410,"",0.70,0.05,0.03,0.04,0.03,0.01,0.00,0.72,"",0,0.0,-2,-20.0,-5,-50.0,-4,-40.0,-43581,-27.3,-14761,-90.8,-438,-99.8,181,14.7
"13135","5","4831","76","0","2025","4","N",4,0,0,0,0,0,0,0,"N",0.90,0,0,0,0,0,0,0,"N",0,0.0,0,0,0,0,0,0,0,0,0,0,0,0,0,0
"13135","5","48311","77","0","2025","4","N",4,0,0,0,0,0,0,0,"N",0.90,0,0,0,0,0,0,0,"N",0,0.0,0,0,0,0,0,0,0,0,0,0,0,0,0,0
"13135","5","483111","78","0","2025","4","N",4,0,0,0,0,0,0,0,"N",2.31,0,0,0,0,0,0,0,"N",0,0.0,0,0,0,0,0,0,0,0,0,0,0,0,0,0
"13135","5","4832","76","0","2025","4","N",1,0,0,0,0,0,0,0,"N",0.37,0,0,0,0,0,0,0,"N",0,0.0,0,0,0,0,0,0,0,0,0,0,0,0,0,0
"13135","5","48321","77","0","2025","4","N",1,0,0,0,0,0,0,0,"N",0.37,0,0,0,0,0,0,0,"N",0,0.0,0,0,0,0,0,0,0,0,0,0,0,0,0,0
"13135","5","483211","78","0","2025","4","N",1,0,0,0,0,0,0,0,"N",0.53,0,0,0,0,0,0,0,"N",0,0.0,0,0,0,0,0,0,0,0,0,0,0,0,0,0
"13135","5","484","75","0","2025","4","",669,4743,4744,4792,80494387,5545504,69480,1301,"",1.39,1.28,1.28,1.30,1.38,1.17,1.28,1.07,"",-65,-8.9,-230,-4.6,-234,-4.7,-184,-3.7,-2670325,-3.2,-628709,-10.2,-36924,-34.7,15,1.2
"13135","5","4841","76","0","2025","4","",496,3663,3658,3731,61755358,4623254,59617,1289,"",1.48,1.42,1.41,1.45,1.53,1.43,1.68,1.08,"",-55,-10.0,-144,-3.8,-166,-4.3,-100,-2.6,-1111293,-1.8,-460229,-9.1,-37025,-38.3,23,1.8
"13135","5","48411","77","0","2025","4","",157,1035,1037,1083,13801481,1843436,33117,1009,"",1.19,1.44,1.43,1.50,1.31,1.86,2.48,0.90,"",10,6.8,-101,-8.9,-141,-12.0,-116,-9.7,-1887983,-12.0,-790526,-30.0,-27262,-45.2,-22,-2.1
"13135","5","484110","78","0","2025","4","",157,1035,1037,1083,13801481,1843436,33117,1009,"",1.19,1.44,1.43,1.50,1.31,1.86,2.48,0.90,"",10,6.8,-101,-8.9,-141,-12.0,-116,-9.7,-1887983,-12.0,-790526,-30.0,-27262,-45.2,-22,-2.1
"13135","5","48412","77","0","2025","4","",339,2628,2621,2648,47953877,2779818,26500,1401,"",1.67,1.41,1.40,1.42,1.61,1.24,1.20,1.14,"",-65,-16.1,-43,-1.6,-25,-0.9,16,0.6,776690,1.6,330297,13.5,-9763,-26.9,31,2.3
"13135","5","484121","78","0","2025","4","",192,1217,1229,1263,21372009,2045075,18669,1330,"",1.13,0.97,0.98,1.01,1.12,1.19,1.17,1.13,"",-17,-8.1,-18,-1.5,18,1.5,56,4.6,1376657,6.9,414526,25.4,-9825,-34.5,67,5.3
"13135","5","484122","78","0","2025","4","",147,1411,1392,1385,26581868,734743,7831,1465,"",4.35,2.30,2.26,2.27,2.49,1.44,1.28,1.10,"",-48,-24.6,-25,-1.7,-43,-3.0,-40,-2.8,-599967,-2.2,-84229,-10.3,62,0.8,5,0.3
"13135","5","4842","76","0","2025","4","",173,1080,1086,1061,18739029,922250,9863,1340,"",1.17,0.96,0.97,0.97,1.05,0.62,0.52,1.08,"",-10,-5.5,-86,-7.4,-68,-5.9,-84,-7.3,-1559032,-7.7,-168480,-15.4,101,1.0,-12,-0.9
"13135","5","48421","77","0","2025","4","",47,304,298,286,4229652,309687,5077,1099,"",1.72,1.35,1.34,1.32,1.60,0.98,1.39,1.20,"",-3,-6.0,-78,-20.4,-80,-21.2,-86,-23.1,-500046,-10.6,-86772,-21.9,1837,56.7,135,14.0
"13135","5","484210","78","0","2025","4","",47,304,298,286,4229652,309687,5077,1099,"",1.72,1.35,1.34,1.32,1.60,0.98,1.39,1.20,"",-3,-6.0,-78,-20.4,-80,-21.2,-86,-23.1,-500046,-10.6,-86772,-21.9,1837,56.7,135,14.0
"13135","5","48422","77","0","2025","4","",56,448,463,446,8494056,370964,2504,1444,"",0.66,0.78,0.81,0.80,0.91,0.48,0.22,1.13,"",-4,-6.7,4,0.9,14,3.1,8,1.8,-1016256,-10.7,-71150,-16.1,-2780,-52.6,-205,-12.4
"13135","5","484220","78","0","2025","4","",56,448,463,446,8494056,370964,2504,1444,"",0.66,0.78,0.81,0.80,0.91,0.48,0.22,1.13,"",-4,-6.7,4,0.9,14,3.1,8,1.8,-1016256,-10.7,-71150,-16.1,-2780,-52.6,-205,-12.4
"13135","5","48423","77","0","2025","4","",70,328,325,329,6015321,241599,2282,1414,"",1.96,1.02,1.00,1.02,1.02,0.60,0.61,1.00,"",-3,-4.1,-12,-3.5,-2,-0.6,-6,-1.8,-42730,-0.7,-10558,-4.2,1044,84.3,19,1.4
"13135","5","484230","78","0","2025","4","",70,328,325,329,6015321,241599,2282,1414,"",1.96,1.02,1.00,1.02,1.02,0.60,0.61,1.00,"",-3,-4.1,-12,-3.5,-2,-0.6,-6,-1.8,-42730,-0.7,-10558,-4.2,1044,84.3,19,1.4
"13135","5","485","75","0","2025","4","",52,436,430,417,4989215,330601,3057,897,"",0.82,0.30,0.29,0.28,0.28,0.13,0.06,0.99,"",-8,-13.3,-41,-8.6,-35,-7.5,-56,-11.8,-479418,-8.8,-635418,-65.8,-14981,-83.1,5,0.6
"13135","5","4851","76","0","2025","4","N",1,0,0,0,0,0,0,0,"N",0.41,0,0,0,0,0,0,0,"N",0,0.0,0,0,0,0,0,0,0,0,0,0,0,0,0,0
"13135","5","48511","77","0","2025","4","N",1,0,0,0,0,0,0,0,"N",0.41,0,0,0,0,0,0,0,"N",0,0.0,0,0,0,0,0,0,0,0,0,0,0,0,0,0
"13135","5","485113","78","0","2025","4","N",1,0,0,0,0,0,0,0,"N",0.55,0,0,0,0,0,0,0,"N",0,0.0,0,0,0,0,0,0,0,0,0,0,0,0,0,0
"13135","5","485119","78","0","2025","4","-",0,0,0,0,0,0,0,0,"N",0.00,0,0,0,0,0,0,0,"N",0,0,0,0,0,0,0,0,0,0,0,0,0,0,0,0
"13135","5","4853","76","0","2025","4","",25,63,55,55,509322,55372,445,679,"",1.17,0.15,0.13,0.13,0.08,0.07,0.04,0.61,"",-1,-3.8,3,5.0,-4,-6.8,-3,-5.2,66049,14.9,-150,-0.3,-30,-6.3,101,17.5
"13135","5","48531","77","0","2025","4","",7,21,18,18,168957,12669,231,684,"",0.75,0.06,0.05,0.05,0.03,0.02,0.03,0.57,"",1,16.7,4,23.5,3,20.0,2,12.5,78098,86.0,-5887,-31.7,6,2.7,247,56.5
"13135","5","485310","78","0","2025","4","",7,21,18,18,168957,12669,231,684,"",0.75,0.06,0.05,0.05,0.03,0.02,0.03,0.57,"",1,16.7,4,23.5,3,20.0,2,12.5,78098,86.0,-5887,-31.7,6,2.7,247,56.5
"13135","5","48532","77","0","2025","4","",18,42,37,37,340365,42703,214,677,"",1.50,0.55,0.49,0.50,0.45,0.40,0.12,0.88,"",-2,-10.0,-1,-2.3,-7,-15.9,-5,-11.9,-12049,-3.4,5737,15.5,-36,-14.4,47,7.5
"13135","5","485320","78","0","2025","4","",18,42,37,37,340365,42703,214,677,"",1.50,0.55,0.49,0.50,0.45,0.40,0.12,0.88,"",-2,-10.0,-1,-2.3,-7,-15.9,-5,-11.9,-12049,-3.4,5737,15.5,-36,-14.4,47,7.5
"13135","5","4854","76","0","2025","4","N",2,0,0,0,0,0,0,0,"N",0.17,0,0,0,0,0,0,0,"N",0,0.0,0,0,0,0,0,0,0,0,0,0,0,0,0,0
"13135","5","48541","77","0","2025","4","N",2,0,0,0,0,0,0,0,"N",0.17,0,0,0,0,0,0,0,"N",0,0.0,0,0,0,0,0,0,0,0,0,0,0,0,0,0
"13135","5","485410","78","0","2025","4","N",2,0,0,0,0,0,0,0,"N",0.17,0,0,0,0,0,0,0,"N",0,0.0,0,0,0,0,0,0,0,0,0,0,0,0,0,0
"13135","5","4855","76","0","2025","4","N",5,0,0,0,0,0,0,0,"N",1.29,0,0,0,0,0,0,0,"N",-2,-28.6,0,0,0,0,0,0,0,0,0,0,0,0,0,0
"13135","5","48551","77","0","2025","4","N",5,0,0,0,0,0,0,0,"N",1.29,0,0,0,0,0,0,0,"N",-2,-28.6,0,0,0,0,0,0,0,0,0,0,0,0,0,0
"13135","5","485510","78","0","2025","4","N",5,0,0,0,0,0,0,0,"N",1.29,0,0,0,0,0,0,0,"N",-2,-28.6,0,0,0,0,0,0,0,0,0,0,0,0,0,0
"13135","5","4859","76","0","2025","4","",19,84,82,84,978038,77670,1339,903,"",0.85,0.29,0.28,0.29,0.32,0.18,0.20,1.12,"",-4,-17.4,2,2.4,3,3.8,1,1.2,-144331,-12.9,-11823,-13.2,-533,-28.5,-159,-15.0
"13135","5","48599","77","0","2025","4","",19,84,82,84,978038,77670,1339,903,"",0.85,0.29,0.28,0.29,0.32,0.18,0.20,1.12,"",-4,-17.4,2,2.4,3,3.8,1,1.2,-144331,-12.9,-11823,-13.2,-533,-28.5,-159,-15.0
"13135","5","485991","78","0","2025","4","N",14,0,0,0,0,0,0,0,"N",1.10,0,0,0,0,0,0,0,"N",-3,-17.6,0,0,0,0,0,0,0,0,0,0,0,0,0,0
"13135","5","485999","78","0","2025","4","N",5,0,0,0,0,0,0,0,"N",0.52,0,0,0,0,0,0,0,"N",-1,-16.7,0,0,0,0,0,0,0,0,0,0,0,0,0,0
"13135","5","486","75","0","2025","4","N",2,0,0,0,0,0,0,0,"N",0.21,0,0,0,0,0,0,0,"N",0,0.0,0,0,0,0,0,0,0,0,0,0,0,0,0,0
"13135","5","4861","76","0","2025","4","N",1,0,0,0,0,0,0,0,"N",0.63,0,0,0,0,0,0,0,"N",0,0.0,0,0,0,0,0,0,0,0,0,0,0,0,0,0
"13135","5","48611","77","0","2025","4","N",1,0,0,0,0,0,0,0,"N",0.63,0,0,0,0,0,0,0,"N",0,0.0,0,0,0,0,0,0,0,0,0,0,0,0,0,0
"13135","5","486110","78","0","2025","4","N",1,0,0,0,0,0,0,0,"N",0.63,0,0,0,0,0,0,0,"N",0,0.0,0,0,0,0,0,0,0,0,0,0,0,0,0,0
"13135","5","4869","76","0","2025","4","N",1,0,0,0,0,0,0,0,"N",0.60,0,0,0,0,0,0,0,"N",0,0.0,0,0,0,0,0,0,0,0,0,0,0,0,0,0
"13135","5","48691","77","0","2025","4","N",1,0,0,0,0,0,0,0,"N",0.68,0,0,0,0,0,0,0,"N",0,0.0,0,0,0,0,0,0,0,0,0,0,0,0,0,0
"13135","5","486910","78","0","2025","4","N",1,0,0,0,0,0,0,0,"N",0.68,0,0,0,0,0,0,0,"N",0,0.0,0,0,0,0,0,0,0,0,0,0,0,0,0,0
"13135","5","487","75","0","2025","4","N",3,0,0,0,0,0,0,0,"N",0.30,0,0,0,0,0,0,0,"N",1,50.0,0,0,0,0,0,0,0,0,0,0,0,0,0,0
"13135","5","4871","76","0","2025","4","N",1,0,0,0,0,0,0,0,"N",0.43,0,0,0,0,0,0,0,"N",0,0.0,0,0,0,0,0,0,0,0,0,0,0,0,0,0
"13135","5","48711","77","0","2025","4","N",1,0,0,0,0,0,0,0,"N",0.43,0,0,0,0,0,0,0,"N",0,0.0,0,0,0,0,0,0,0,0,0,0,0,0,0,0
"13135","5","487110","78","0","2025","4","N",1,0,0,0,0,0,0,0,"N",0.43,0,0,0,0,0,0,0,"N",0,0.0,0,0,0,0,0,0,0,0,0,0,0,0,0,0
"13135","5","4872","76","0","2025","4","N",1,0,0,0,0,0,0,0,"N",0.15,0,0,0,0,0,0,0,"N",0,0.0,0,0,0,0,0,0,0,0,0,0,0,0,0,0
"13135","5","48721","77","0","2025","4","N",1,0,0,0,0,0,0,0,"N",0.15,0,0,0,0,0,0,0,"N",0,0.0,0,0,0,0,0,0,0,0,0,0,0,0,0,0
"13135","5","487210","78","0","2025","4","N",1,0,0,0,0,0,0,0,"N",0.15,0,0,0,0,0,0,0,"N",0,0.0,0,0,0,0,0,0,0,0,0,0,0,0,0,0
"13135","5","4879","76","0","2025","4","N",1,0,0,0,0,0,0,0,"N",1.20,0,0,0,0,0,0,0,"N",1,100.0,0,0,0,0,0,0,0,0,0,0,0,0,0,0
"13135","5","48799","77","0","2025","4","N",1,0,0,0,0,0,0,0,"N",1.20,0,0,0,0,0,0,0,"N",1,100.0,0,0,0,0,0,0,0,0,0,0,0,0,0,0
"13135","5","487990","78","0","2025","4","N",1,0,0,0,0,0,0,0,"N",1.20,0,0,0,0,0,0,0,"N",1,100.0,0,0,0,0,0,0,0,0,0,0,0,0,0,0
"13135","5","488","75","0","2025","4","",213,1868,1900,1930,30628083,3230558,47316,1240,"",1.30,0.92,0.92,0.94,0.86,1.27,1.48,0.93,"",-6,-2.7,117,6.7,123,6.9,79,4.3,1826280,6.3,291748,9.9,10240,27.6,4,0.3
"13135","5","4881","76","0","2025","4","",15,138,135,140,3306649,167800,1686,1848,"",0.56,0.20,0.20,0.21,0.34,0.18,0.16,1.67,"N",0,0.0,0,0,0,0,0,0,0,0,0,0,0,0,0,0
"13135","5","48811","77","0","2025","4","N",2,0,0,0,0,0,0,0,"N",0.29,0,0,0,0,0,0,0,"N",0,0.0,0,0,0,0,0,0,0,0,0,0,0,0,0,0
"13135","5","488119","78","0","2025","4","N",2,0,0,0,0,0,0,0,"N",0.32,0,0,0,0,0,0,0,"N",0,0.0,0,0,0,0,0,0,0,0,0,0,0,0,0,0
"13135","5","48819","77","0","2025","4","N",13,0,0,0,0,0,0,0,"N",0.65,0,0,0,0,0,0,0,"N",0,0.0,0,0,0,0,0,0,0,0,0,0,0,0,0,0
"13135","5","488190","78","0","2025","4","N",13,0,0,0,0,0,0,0,"N",0.65,0,0,0,0,0,0,0,"N",0,0.0,0,0,0,0,0,0,0,0,0,0,0,0,0,0
"13135","5","4882","76","0","2025","4","N",5,0,0,0,0,0,0,0,"N",0.89,0,0,0,0,0,0,0,"N",-2,-28.6,0,0,0,0,0,0,0,0,0,0,0,0,0,0
"13135","5","48821","77","0","2025","4","N",5,0,0,0,0,0,0,0,"N",0.89,0,0,0,0,0,0,0,"N",-2,-28.6,0,0,0,0,0,0,0,0,0,0,0,0,0,0
"13135","5","488210","78","0","2025","4","N",5,0,0,0,0,0,0,0,"N",0.89,0,0,0,0,0,0,0,"N",-2,-28.6,0,0,0,0,0,0,0,0,0,0,0,0,0,0
"13135","5","4883","76","0","2025","4","N",1,0,0,0,0,0,0,0,"N",0.12,0,0,0,0,0,0,0,"N",-1,-50.0,0,0,0,0,0,0,0,0,0,0,0,0,0,0
"13135","5","48832","77","0","2025","4","N",1,0,0,0,0,0,0,0,"N",0.44,0,0,0,0,0,0,0,"N",-1,-50.0,0,0,0,0,0,0,0,0,0,0,0,0,0,0
"13135","5","488320","78","0","2025","4","N",1,0,0,0,0,0,0,0,"N",0.44,0,0,0,0,0,0,0,"N",-1,-50.0,0,0,0,0,0,0,0,0,0,0,0,0,0,0
"13135","5","4884","76","0","2025","4","",33,291,293,294,3879234,588078,13563,1020,"",0.79,1.02,1.02,1.02,0.99,1.40,2.70,0.97,"",-2,-5.7,-26,-8.2,-27,-8.4,-18,-5.8,-267737,-6.5,19718,3.5,8301,157.8,12,1.2
"13135","5","48841","77","0","2025","4","N",27,0,0,0,0,0,0,0,"N",0.90,0,0,0,0,0,0,0,"N",0,0.0,0,0,0,0,0,0,0,0,0,0,0,0,0,0
"13135","5","488410","78","0","2025","4","N",27,0,0,0,0,0,0,0,"N",0.90,0,0,0,0,0,0,0,"N",0,0.0,0,0,0,0,0,0,0,0,0,0,0,0,0,0
"13135","5","48849","77","0","2025","4","N",6,0,0,0,0,0,0,0,"N",0.51,0,0,0,0,0,0,0,"N",-2,-25.0,0,0,0,0,0,0,0,0,0,0,0,0,0,0
"13135","5","488490","78","0","2025","4","N",6,0,0,0,0,0,0,0,"N",0.51,0,0,0,0,0,0,0,"N",-2,-25.0,0,0,0,0,0,0,0,0,0,0,0,0,0,0
"13135","5","4885","76","0","2025","4","",139,1152,1186,1205,19031324,1858114,21093,1240,"",1.98,1.78,1.82,1.86,1.49,2.79,2.38,0.82,"",-1,-0.7,77,7.2,99,9.1,41,3.5,473698,2.6,124877,7.2,-3016,-12.5,-48,-3.7
"13135","5","48851","77","0","2025","4","",139,1152,1186,1205,19031324,1858114,21093,1240,"",1.98,1.78,1.82,1.86,1.49,2.79,2.38,0.82,"",-1,-0.7,77,7.2,99,9.1,41,3.5,473698,2.6,124877,7.2,-3016,-12.5,-48,-3.7
"13135","5","488510","78","0","2025","4","",139,1152,1186,1205,19031324,1858114,21093,1240,"",1.98,1.78,1.82,1.86,1.49,2.79,2.38,0.82,"",-1,-0.7,77,7.2,99,9.1,41,3.5,473698,2.6,124877,7.2,-3016,-12.5,-48,-3.7
"13135","5","4889","76","0","2025","4","",20,239,239,243,3813298,524685,8493,1221,"",1.88,2.57,2.52,2.57,2.75,4.19,5.41,1.08,"",0,0.0,28,13.3,17,7.7,20,9.0,520191,15.8,11013,2.1,2893,51.7,63,5.4
"13135","5","48899","77","0","2025","4","",20,239,239,243,3813298,524685,8493,1221,"",1.88,2.57,2.52,2.57,2.75,4.19,5.41,1.08,"",0,0.0,28,13.3,17,7.7,20,9.0,520191,15.8,11013,2.1,2893,51.7,63,5.4
"13135","5","488991","78","0","2025","4","",6,28,28,30,605739,23462,496,1625,"",1.55,0.55,0.54,0.58,0.87,0.34,0.61,1.56,"N",0,0.0,0,0,0,0,0,0,0,0,0,0,0,0,0,0
"13135","5","488999","78","0","2025","4","",14,211,211,213,3207559,501223,7997,1166,"",2.07,5.00,4.91,4.94,4.65,8.78,10.56,0.94,"N",0,0.0,0,0,0,0,0,0,0,0,0,0,0,0,0,0
"13135","5","491","75","0","2025","4","N",1,0,0,0,0,0,0,0,"N",0.37,0,0,0,0,0,0,0,"N",0,0.0,0,0,0,0,0,0,0,0,0,0,0,0,0,0
"13135","5","4911","76","0","2025","4","N",1,0,0,0,0,0,0,0,"N",0.37,0,0,0,0,0,0,0,"N",0,0.0,0,0,0,0,0,0,0,0,0,0,0,0,0,0
"13135","5","49111","77","0","2025","4","N",1,0,0,0,0,0,0,0,"N",0.37,0,0,0,0,0,0,0,"N",0,0.0,0,0,0,0,0,0,0,0,0,0,0,0,0,0
"13135","5","491110","78","0","2025","4","N",1,0,0,0,0,0,0,0,"N",0.37,0,0,0,0,0,0,0,"N",0,0.0,0,0,0,0,0,0,0,0,0,0,0,0,0,0
"13135","5","492","75","0","2025","4","",99,1944,2017,2134,23652640,4413910,65110,896,"",1.58,0.69,0.63,0.62,0.60,0.85,1.09,0.94,"",3,3.1,-199,-9.3,-343,-14.5,-486,-18.5,-6812101,-22.4,206027,4.9,11369,21.2,-91,-9.2
"13135","5","4921","76","0","2025","4","",67,1569,1634,1714,19104464,3030285,36408,897,"",1.68,0.67,0.61,0.59,0.60,0.77,0.90,0.96,"",5,8.1,-295,-15.8,-452,-21.7,-614,-26.4,-8225590,-30.1,-573161,-15.9,-8859,-19.6,-108,-10.7
"13135","5","49211","77","0","2025","4","",67,1569,1634,1714,19104464,3030285,36408,897,"",1.68,0.67,0.61,0.59,0.60,0.77,0.90,0.96,"",5,8.1,-295,-15.8,-452,-21.7,-614,-26.4,-8225590,-30.1,-573161,-15.9,-8859,-19.6,-108,-10.7
"13135","5","492110","78","0","2025","4","",67,1569,1634,1714,19104464,3030285,36408,897,"",1.68,0.67,0.61,0.59,0.60,0.77,0.90,0.96,"",5,8.1,-295,-15.8,-452,-21.7,-614,-26.4,-8225590,-30.1,-573161,-15.9,-8859,-19.6,-108,-10.7
"13135","5","4922","76","0","2025","4","",32,375,383,420,4548176,1383625,28702,891,"",1.40,0.77,0.72,0.75,0.63,1.10,1.50,0.84,"",-2,-5.9,96,34.4,109,39.8,128,43.8,1413489,45.1,779188,128.9,20228,238.7,35,4.1
"13135","5","49221","77","0","2025","4","",32,375,383,420,4548176,1383625,28702,891,"",1.40,0.77,0.72,0.75,0.63,1.10,1.50,0.84,"",-2,-5.9,96,34.4,109,39.8,128,43.8,1413489,45.1,779188,128.9,20228,238.7,35,4.1
"13135","5","492210","78","0","2025","4","",32,375,383,420,4548176,1383625,28702,891,"",1.40,0.77,0.72,0.75,0.63,1.10,1.50,0.84,"",-2,-5.9,96,34.4,109,39.8,128,43.8,1413489,45.1,779188,128.9,20228,238.7,35,4.1
"13135","5","493","75","0","2025","4","",97,5677,5661,5593,73821447,9369494,144435,1006,"",1.46,1.20,1.13,1.12,1.18,1.32,1.86,1.03,"",3,3.2,2262,66.2,1772,45.6,1701,43.7,-797666,-1.1,-261232,-2.7,-18404,-11.3,-532,-34.6
"13135","5","4931","76","0","2025","4","",97,5677,5661,5593,73821447,9369494,144435,1006,"",1.46,1.20,1.13,1.12,1.18,1.32,1.86,1.03,"",3,3.2,2262,66.2,1772,45.6,1701,43.7,-797666,-1.1,-261232,-2.7,-18404,-11.3,-532,-34.6
"13135","5","49311","77","0","2025","4","",82,5589,5573,5514,72554170,9247283,142290,1004,"",1.61,1.27,1.20,1.19,1.27,1.39,1.98,1.05,"",4,5.1,2277,68.8,1790,47.3,1724,45.5,-525946,-0.7,-258303,-2.7,-18044,-11.3,-545,-35.2
"13135","5","493110","78","0","2025","4","",82,5589,5573,5514,72554170,9247283,142290,1004,"",1.61,1.27,1.20,1.19,1.27,1.39,1.98,1.05,"",4,5.1,2277,68.8,1790,47.3,1724,45.5,-525946,-0.7,-258303,-2.7,-18044,-11.3,-545,-35.2
"13135","5","49312","77","0","2025","4","N",1,0,0,0,0,0,0,0,"N",0.19,0,0,0,0,0,0,0,"N",1,100.0,0,0,0,0,0,0,0,0,0,0,0,0,0,0
"13135","5","493120","78","0","2025","4","N",1,0,0,0,0,0,0,0,"N",0.19,0,0,0,0,0,0,0,"N",1,100.0,0,0,0,0,0,0,0,0,0,0,0,0,0,0
"13135","5","49313","77","0","2025","4","N",1,0,0,0,0,0,0,0,"N",0.39,0,0,0,0,0,0,0,"N",0,0.0,0,0,0,0,0,0,0,0,0,0,0,0,0,0
"13135","5","493130","78","0","2025","4","N",1,0,0,0,0,0,0,0,"N",0.39,0,0,0,0,0,0,0,"N",0,0.0,0,0,0,0,0,0,0,0,0,0,0,0,0,0
"13135","5","49319","77","0","2025","4","",13,84,84,75,1215551,120921,2145,1154,"",1.65,0.62,0.61,0.54,0.56,0.79,1.04,0.95,"N",-2,-13.3,0,0,0,0,0,0,0,0,0,0,0,0,0,0
"13135","5","493190","78","0","2025","4","",13,84,84,75,1215551,120921,2145,1154,"",1.65,0.62,0.61,0.54,0.56,0.79,1.04,0.95,"N",-2,-13.3,0,0,0,0,0,0,0,0,0,0,0,0,0,0
"13135","5","51","74","0","2025","4","",788,6436,6379,6234,203484245,6130967,63047,2465,"",0.94,0.91,0.89,0.88,0.68,0.96,0.60,0.77,"",37,4.9,146,2.3,141,2.3,146,2.4,12670831,6.6,1314273,27.3,-6777,-9.7,100,4.2
"13135","5","512","75","0","2025","4","",117,908,858,741,9511232,1999968,19743,876,"",1.05,0.99,0.89,0.81,0.43,1.37,0.52,0.48,"",-2,-1.7,-7,-0.8,-27,-3.1,-19,-2.5,2282224,31.6,249152,14.2,-17442,-46.9,224,34.4
"13135","5","5121","76","0","2025","4","",100,858,807,688,8776948,1958950,19168,861,"",1.03,0.99,0.89,0.80,0.44,1.39,0.51,0.49,"",-3,-2.9,-9,-1.0,-28,-3.4,-19,-2.7,2210372,33.7,269510,16.0,-17593,-47.9,232,36.9
"13135","5","51211","77","0","2025","4","",77,281,313,239,5937012,1019038,7701,1645,"",1.11,0.53,0.56,0.48,0.35,0.97,0.23,0.67,"",-3,-3.8,94,50.3,140,80.9,88,58.3,2686518,82.6,741862,267.7,2950,62.1,177,12.1
"13135","5","512110","78","0","2025","4","",77,281,313,239,5937012,1019038,7701,1645,"",1.11,0.53,0.56,0.48,0.35,0.97,0.23,0.67,"",-3,-3.8,94,50.3,140,80.9,88,58.3,2686518,82.6,741862,267.7,2950,62.1,177,12.1
"13135","5","51212","77","0","2025","4","",4,5,5,5,145268,6656,3,2235,"",1.73,0.29,0.29,0.29,0.22,0.61,0.01,0.77,"N",0,0.0,0,0,0,0,0,0,0,0,0,0,0,0,0,0
"13135","5","512120","78","0","2025","4","",4,5,5,5,145268,6656,3,2235,"",1.73,0.29,0.29,0.29,0.22,0.61,0.01,0.77,"N",0,0.0,0,0,0,0,0,0,0,0,0,0,0,0,0,0
"13135","5","51213","77","0","2025","4","",9,369,389,427,1793090,515551,443,349,"",0.78,1.33,1.35,1.41,1.30,1.64,0.19,0.95,"",0,0.0,-2,-0.5,13,3.5,-17,-3.8,-151676,-7.8,-157299,-23.4,-11866,-96.4,-28,-7.4
"13135","5","512131","78","0","2025","4","",9,369,389,427,1793090,515551,443,349,"",0.82,1.35,1.36,1.42,1.31,1.66,0.19,0.95,"",0,0.0,-2,-0.5,13,3.5,-17,-3.8,-151676,-7.8,-157299,-23.4,-11866,-96.4,-28,-7.4
"13135","5","51219","77","0","2025","4","",10,203,100,17,901578,417705,11021,650,"",0.73,4.47,2.29,0.39,0.74,11.09,14.36,0.31,"N",0,0.0,0,0,0,0,0,0,0,0,0,0,0,0,0,0
"13135","5","512191","78","0","2025","4","N",8,0,0,0,0,0,0,0,"N",0.70,0,0,0,0,0,0,0,"N",0,0.0,0,0,0,0,0,0,0,0,0,0,0,0,0,0
"13135","5","512199","78","0","2025","4","N",2,0,0,0,0,0,0,0,"N",0.84,0,0,0,0,0,0,0,"N",0,0.0,0,0,0,0,0,0,0,0,0,0,0,0,0,0
"13135","5","5122","76","0","2025","4","",17,50,51,53,734284,41018,575,1100,"",1.13,0.94,0.97,1.01,0.34,0.87,0.74,0.35,"",1,6.2,2,4.2,1,2.0,0,0.0,71852,10.8,-20358,-33.2,151,35.6,88,8.7
"13135","5","51224","77","0","2025","4","",11,47,48,48,644484,21718,314,1040,"",1.99,3.97,4.03,4.02,2.43,1.54,1.23,0.61,"",1,10.0,2,4.4,1,2.1,-2,-4.0,10052,1.6,-20358,-48.4,-102,-24.5,9,0.9
"13135","5","512240","78","0","2025","4","",11,47,48,48,644484,21718,314,1040,"",1.99,3.97,4.03,4.02,2.43,1.54,1.23,0.61,"",1,10.0,2,4.4,1,2.1,-2,-4.0,10052,1.6,-20358,-48.4,-102,-24.5,9,0.9
"13135","5","51225","77","0","2025","4","N",1,0,0,0,0,0,0,0,"N",0.26,0,0,0,0,0,0,0,"N",-2,-66.7,0,0,0,0,0,0,0,0,0,0,0,0,0,0
"13135","5","512250","78","0","2025","4","N",1,0,0,0,0,0,0,0,"N",0.26,0,0,0,0,0,0,0,"N",-2,-66.7,0,0,0,0,0,0,0,0,0,0,0,0,0,0
"13135","5","51229","77","0","2025","4","N",5,0,0,0,0,0,0,0,"N",2.17,0,0,0,0,0,0,0,"N",2,66.7,0,0,0,0,0,0,0,0,0,0,0,0,0,0
"13135","5","512290","78","0","2025","4","N",5,0,0,0,0,0,0,0,"N",2.17,0,0,0,0,0,0,0,"N",2,66.7,0,0,0,0,0,0,0,0,0,0,0,0,0,0
"13135","5","513","75","0","2025","4","",360,2339,2343,2307,100226736,2070692,19160,3309,"",0.98,1.06,1.05,1.04,1.01,1.02,0.66,0.97,"",48,15.4,302,14.8,300,14.7,286,14.2,19442355,24.1,997397,92.9,9987,108.9,253,8.3
"13135","5","5131","76","0","2025","4","",70,463,461,453,13389631,207709,1537,2244,"",0.91,0.76,0.75,0.75,0.88,0.46,0.26,1.17,"",-8,-10.3,7,1.5,-2,-0.4,-18,-3.8,475618,3.7,-64281,-23.6,-1037,-40.3,100,4.7
"13135","5","51311","77","0","2025","4","",11,48,48,49,669818,20043,21,1066,"",0.56,0.24,0.24,0.25,0.18,0.11,0.01,0.75,"",0,0.0,-1,-2.0,-1,-2.0,0,0.0,27964,4.4,-1878,-8.6,8,61.5,58,5.8
"13135","5","513110","78","0","2025","4","",11,48,48,49,669818,20043,21,1066,"",0.56,0.24,0.24,0.25,0.18,0.11,0.01,0.75,"",0,0.0,-1,-2.0,-1,-2.0,0,0.0,27964,4.4,-1878,-8.6,8,61.5,58,5.8
"13135","5","51312","77","0","2025","4","",24,200,199,195,6004368,112538,1029,2333,"",1.11,1.34,1.33,1.32,1.52,1.21,0.75,1.14,"",-5,-17.2,-15,-7.0,-23,-10.4,-30,-13.3,-211932,-3.4,-45981,-29.0,-726,-41.4,166,7.7
"13135","5","513120","78","0","2025","4","",24,200,199,195,6004368,112538,1029,2333,"",1.11,1.34,1.33,1.32,1.52,1.21,0.75,1.14,"",-5,-17.2,-15,-7.0,-23,-10.4,-30,-13.3,-211932,-3.4,-45981,-29.0,-726,-41.4,166,7.7
"13135","5","51313","77","0","2025","4","",10,156,157,152,4886552,50778,391,2425,"",0.64,1.19,1.19,1.16,1.60,0.64,0.42,1.36,"",1,11.1,13,9.1,18,12.9,7,4.8,234741,5.0,-790,-1.5,-140,-26.4,-89,-3.5
"13135","5","513130","78","0","2025","4","",10,156,157,152,4886552,50778,391,2425,"",0.64,1.19,1.19,1.16,1.60,0.64,0.42,1.36,"",1,11.1,13,9.1,18,12.9,7,4.8,234741,5.0,-790,-1.5,-140,-26.4,-89,-3.5
"13135","5","51314","77","0","2025","4","",8,7,7,7,119530,1512,1,1314,"",2.20,0.21,0.21,0.21,0.11,0.06,0.00,0.55,"",0,0.0,1,16.7,1,16.7,1,16.7,30570,34.4,108,7.7,0,0.0,173,15.2
"13135","5","513140","78","0","2025","4","",8,7,7,7,119530,1512,1,1314,"",2.20,0.21,0.21,0.21,0.11,0.06,0.00,0.55,"",0,0.0,1,16.7,1,16.7,1,16.7,30570,34.4,108,7.7,0,0.0,173,15.2
"13135","5","51319","77","0","2025","4","",17,52,50,50,1709363,22838,95,2595,"",1.04,0.55,0.53,0.53,0.50,0.31,0.07,0.94,"",-4,-19.0,9,20.9,3,6.4,4,8.7,394275,30.0,-15740,-40.8,-179,-65.3,364,16.3
"13135","5","513199","78","0","2025","4","",17,52,50,50,1709363,22838,95,2595,"",1.07,0.58,0.56,0.56,0.51,0.33,0.07,0.90,"",-4,-19.0,9,20.9,3,6.4,4,8.7,394275,30.0,-15740,-40.8,-179,-65.3,364,16.3
"13135","5","5132","76","0","2025","4","",290,1876,1882,1854,86837105,1862983,17623,3571,"",1.00,1.17,1.17,1.15,1.04,1.18,0.76,0.89,"",56,23.9,295,18.7,302,19.1,304,19.6,18966737,27.9,1061678,132.5,11024,167.1,246,7.4
"13135","5","51321","77","0","2025","4","",290,1876,1882,1854,86837105,1862983,17623,3571,"",1.00,1.17,1.17,1.15,1.04,1.18,0.76,0.89,"",56,23.9,295,18.7,302,19.1,304,19.6,18966737,27.9,1061678,132.5,11024,167.1,246,7.4
"13135","5","513210","78","0","2025","4","",290,1876,1882,1854,86837105,1862983,17623,3571,"",1.00,1.17,1.17,1.15,1.04,1.18,0.76,0.89,"",56,23.9,295,18.7,302,19.1,304,19.6,18966737,27.9,1061678,132.5,11024,167.1,246,7.4
"13135","5","516","75","0","2025","4","",38,315,313,325,6369568,212068,2271,1542,"",0.64,0.37,0.37,0.38,0.13,0.35,0.30,0.34,"",-4,-9.5,-110,-25.9,-110,-26.0,-98,-23.2,-4380610,-40.7,-48462,-18.6,-23,-1.0,-410,-21.0
"13135","5","5161","76","0","2025","4","",14,194,194,202,3563389,131239,762,1394,"",0.84,0.70,0.70,0.73,0.60,0.64,0.38,0.85,"",-3,-17.6,-37,-16.0,-35,-15.3,-26,-11.4,-986214,-21.7,889,0.7,-6,-0.8,-132,-8.7
"13135","5","51611","77","0","2025","4","",9,44,44,47,799297,44988,580,1366,"",0.77,0.36,0.36,0.39,0.40,0.46,0.63,1.07,"N",-2,-18.2,0,0,0,0,0,0,0,0,0,0,0,0,0,0
"13135","5","516110","78","0","2025","4","",9,44,44,47,799297,44988,580,1366,"",0.77,0.36,0.36,0.39,0.40,0.46,0.63,1.07,"N",-2,-18.2,0,0,0,0,0,0,0,0,0,0,0,0,0,0
"13135","5","51612","77","0","2025","4","",5,150,150,155,2764092,86251,182,1402,"",1.00,0.96,0.95,0.99,0.71,0.81,0.16,0.73,"N",-1,-16.7,0,0,0,0,0,0,0,0,0,0,0,0,0,0
"13135","5","516120","78","0","2025","4","",5,150,150,155,2764092,86251,182,1402,"",1.00,0.96,0.95,0.99,0.71,0.81,0.16,0.73,"N",-1,-16.7,0,0,0,0,0,0,0,0,0,0,0,0,0,0
"13135","5","5162","76","0","2025","4","",24,121,119,123,2806179,80829,1509,1784,"",0.57,0.21,0.21,0.21,0.06,0.20,0.28,0.30,"",-1,-4.0,-73,-37.6,-75,-38.7,-72,-36.9,-3394396,-54.7,-49351,-37.9,-17,-1.1,-670,-27.3
"13135","5","51621","77","0","2025","4","",24,121,119,123,2806179,80829,1509,1784,"",0.57,0.21,0.21,0.21,0.06,0.20,0.28,0.30,"",-1,-4.0,-73,-37.6,-75,-38.7,-72,-36.9,-3394396,-54.7,-49351,-37.9,-17,-1.1,-670,-27.3
"13135","5","516210","78","0","2025","4","",24,121,119,123,2806179,80829,1509,1784,"",0.57,0.21,0.21,0.21,0.06,0.20,0.28,0.30,"",-1,-4.0,-73,-37.6,-75,-38.7,-72,-36.9,-3394396,-54.7,-49351,-37.9,-17,-1.1,-670,-27.3
"13135","5","517","75","0","2025","4","",111,1236,1236,1231,30396307,811415,7173,1894,"",1.13,0.84,0.83,0.84,0.81,0.83,0.60,0.96,"",-8,-6.7,-96,-7.2,-81,-6.2,-73,-5.6,341447,1.1,154000,23.4,530,8.0,139,7.9
"13135","5","5171","76","0","2025","4","",88,1017,1016,1012,24792459,685281,5957,1879,"",1.10,0.76,0.76,0.76,0.76,0.78,0.57,1.00,"",-4,-4.3,-45,-4.2,-32,-3.1,-21,-2.0,1602704,6.9,144375,26.7,537,9.9,176,10.3
"13135","5","51711","77","0","2025","4","",74,928,929,924,22053920,631171,5101,1830,"",1.10,0.74,0.74,0.74,0.72,0.78,0.54,0.97,"",1,1.4,-13,-1.4,-2,-0.2,12,1.3,1783999,8.8,160264,34.0,820,19.2,150,8.9
"13135","5","517111","78","0","2025","4","",42,830,835,830,20130579,543471,4390,1862,"",0.86,0.78,0.78,0.79,0.77,0.89,0.63,0.99,"",-2,-4.5,-18,-2.1,0,0.0,10,1.2,1449416,7.8,191227,54.3,2512,133.8,140,8.1
"13135","5","517112","78","0","2025","4","",32,98,94,94,1923341,87700,711,1552,"",1.75,0.52,0.50,0.50,0.41,0.44,0.28,0.81,"",3,10.3,5,5.4,-2,-2.1,2,2.2,334583,21.1,-30963,-26.1,-1692,-70.4,247,18.9
"13135","5","51712","77","0","2025","4","",14,89,87,88,2738539,54110,856,2394,"",1.12,1.01,0.98,1.01,1.31,0.77,0.86,1.31,"",-5,-26.3,-32,-26.4,-30,-25.6,-33,-27.3,-181295,-6.2,-15889,-22.7,-283,-24.8,517,27.5
"13135","5","517121","78","0","2025","4","",14,89,87,88,2738539,54110,856,2394,"",1.12,1.01,0.98,1.01,1.31,0.77,0.86,1.31,"",-5,-26.3,-32,-26.4,-30,-25.6,-33,-27.3,-181295,-6.2,-15889,-22.7,-283,-24.8,517,27.5
"13135","5","5174","76","0","2025","4","N",3,0,0,0,0,0,0,0,"N",1.00,0,0,0,0,0,0,0,"N",0,0.0,0,0,0,0,0,0,0,0,0,0,0,0,0,0
"13135","5","51741","77","0","2025","4","N",3,0,0,0,0,0,0,0,"N",1.00,0,0,0,0,0,0,0,"N",0,0.0,0,0,0,0,0,0,0,0,0,0,0,0,0,0
"13135","5","517410","78","0","2025","4","N",3,0,0,0,0,0,0,0,"N",1.00,0,0,0,0,0,0,0,"N",0,0.0,0,0,0,0,0,0,0,0,0,0,0,0,0,0
"13135","5","5178","76","0","2025","4","N",20,0,0,0,0,0,0,0,"N",1.34,0,0,0,0,0,0,0,"N",-4,-16.7,0,0,0,0,0,0,0,0,0,0,0,0,0,0
"13135","5","51781","77","0","2025","4","N",20,0,0,0,0,0,0,0,"N",1.34,0,0,0,0,0,0,0,"N",-4,-16.7,0,0,0,0,0,0,0,0,0,0,0,0,0,0
"13135","5","517810","78","0","2025","4","N",20,0,0,0,0,0,0,0,"N",1.34,0,0,0,0,0,0,0,"N",-4,-16.7,0,0,0,0,0,0,0,0,0,0,0,0,0,0
"13135","5","518","75","0","2025","4","",128,1537,1536,1531,55035576,906492,12527,2759,"",0.82,1.27,1.26,1.26,1.02,0.87,0.81,0.81,"",-6,-4.5,41,2.7,47,3.2,37,2.5,-5250515,-8.7,-108566,-10.7,-1091,-8.0,-347,-11.2
"13135","5","5182","76","0","2025","4","",128,1537,1536,1531,55035576,906492,12527,2759,"",0.82,1.27,1.26,1.26,1.02,0.87,0.81,0.81,"",-6,-4.5,41,2.7,47,3.2,37,2.5,-5250515,-8.7,-108566,-10.7,-1091,-8.0,-347,-11.2
"13135","5","51821","77","0","2025","4","",128,1537,1536,1531,55035576,906492,12527,2759,"",0.82,1.27,1.26,1.26,1.02,0.87,0.81,0.81,"",-6,-4.5,41,2.7,47,3.2,37,2.5,-5250515,-8.7,-108566,-10.7,-1091,-8.0,-347,-11.2
"13135","5","518210","78","0","2025","4","",128,1537,1536,1531,55035576,906492,12527,2759,"",0.82,1.27,1.26,1.26,1.02,0.87,0.81,0.81,"",-6,-4.5,41,2.7,47,3.2,37,2.5,-5250515,-8.7,-108566,-10.7,-1091,-8.0,-347,-11.2
"13135","5","519","75","0","2025","4","",34,101,93,99,1944826,130332,2173,1532,"",0.73,0.24,0.22,0.23,0.06,0.49,0.58,0.25,"",9,36.0,16,18.8,12,14.8,13,15.1,235930,13.8,70752,118.8,1262,138.5,-33,-2.1
"13135","5","5192","76","0","2025","4","",34,101,93,99,1944826,130332,2173,1532,"",0.73,0.24,0.22,0.23,0.06,0.49,0.58,0.25,"",9,36.0,16,18.8,12,14.8,13,15.1,235930,13.8,70752,118.8,1262,138.5,-33,-2.1
"13135","5","51921","77","0","2025","4","N",1,0,0,0,0,0,0,0,"N",0.14,0,0,0,0,0,0,0,"N",0,0.0,0,0,0,0,0,0,0,0,0,0,0,0,0,0
"13135","5","519210","78","0","2025","4","N",1,0,0,0,0,0,0,0,"N",0.14,0,0,0,0,0,0,0,"N",0,0.0,0,0,0,0,0,0,0,0,0,0,0,0,0,0
"13135","5","51929","77","0","2025","4","N",33,0,0,0,0,0,0,0,"N",0.84,0,0,0,0,0,0,0,"N",9,37.5,0,0,0,0,0,0,0,0,0,0,0,0,0,0
"13135","5","519290","78","0","2025","4","N",33,0,0,0,0,0,0,0,"N",0.84,0,0,0,0,0,0,0,"N",9,37.5,0,0,0,0,0,0,0,0,0,0,0,0,0,0
"13135","5","52","74","0","2025","4","",1577,11408,11351,11472,291164096,7798718,89585,1963,"",0.95,0.72,0.71,0.72,0.56,0.67,0.70,0.78,"",-29,-1.8,-567,-4.7,-542,-4.6,-282,-2.4,8678260,3.1,-983947,-11.2,-21081,-19.0,133,7.3
"13135","5","522","75","0","2025","4","",482,4136,4122,4163,103724264,2597271,23954,1927,"",0.90,0.65,0.64,0.65,0.63,0.54,0.47,0.98,"",9,1.9,-191,-4.4,-182,-4.2,-119,-2.8,2410404,2.4,-373275,-12.6,-8718,-26.7,116,6.4
"13135","5","5221","76","0","2025","4","",202,2311,2310,2355,53843473,1234080,7808,1781,"",0.68,0.52,0.52,0.53,0.51,0.39,0.29,0.98,"",3,1.5,-77,-3.2,-70,-2.9,-38,-1.6,2138994,4.1,-92397,-7.0,-3415,-30.4,115,6.9
"13135","5","52211","77","0","2025","4","",175,1646,1646,1690,36259697,644131,3530,1680,"",0.79,0.48,0.48,0.49,0.42,0.30,0.19,0.87,"",3,1.7,-76,-4.4,-61,-3.6,-17,-1.0,-63559,-0.2,-33081,-4.9,-617,-14.9,48,2.9
"13135","5","522110","78","0","2025","4","",175,1646,1646,1690,36259697,644131,3530,1680,"",0.79,0.48,0.48,0.49,0.42,0.30,0.19,0.87,"",3,1.7,-76,-4.4,-61,-3.6,-17,-1.0,-63559,-0.2,-33081,-4.9,-617,-14.9,48,2.9
"13135","5","52213","77","0","2025","4","N",23,0,0,0,0,0,0,0,"N",0.40,0,0,0,0,0,0,0,"N",0,0.0,0,0,0,0,0,0,0,0,0,0,0,0,0,0
"13135","5","522130","78","0","2025","4","N",23,0,0,0,0,0,0,0,"N",0.40,0,0,0,0,0,0,0,"N",0,0.0,0,0,0,0,0,0,0,0,0,0,0,0,0,0
"13135","5","52218","77","0","2025","4","N",4,0,0,0,0,0,0,0,"N",0.20,0,0,0,0,0,0,0,"N",0,0.0,0,0,0,0,0,0,0,0,0,0,0,0,0,0
"13135","5","522180","78","0","2025","4","N",4,0,0,0,0,0,0,0,"N",0.20,0,0,0,0,0,0,0,"N",0,0.0,0,0,0,0,0,0,0,0,0,0,0,0,0,0
"13135","5","5222","76","0","2025","4","",155,1227,1206,1193,35221866,703672,7119,2242,"",1.09,0.97,0.95,0.94,0.95,0.68,0.48,1.00,"",0,0.0,16,1.3,-13,-1.1,-2,-0.2,3250232,10.2,-116971,-14.3,137,2.0,207,10.2
"13135","5","52221","77","0","2025","4","",3,120,121,123,4608449,77750,1428,2922,"",1.08,0.75,0.75,0.76,0.82,1.15,2.06,1.09,"",0,0.0,27,29.0,25,26.0,25,25.5,1154494,33.4,33968,77.6,539,60.6,145,5.2
"13135","5","522210","78","0","2025","4","",3,120,121,123,4608449,77750,1428,2922,"",1.08,0.75,0.75,0.76,0.82,1.15,2.06,1.09,"",0,0.0,27,29.0,25,26.0,25,25.5,1154494,33.4,33968,77.6,539,60.6,145,5.2
"13135","5","52222","77","0","2025","4","",22,357,358,354,10580048,67727,598,2284,"",1.24,1.74,1.74,1.72,1.84,0.51,0.33,1.06,"",1,4.8,-24,-6.3,-24,-6.3,-33,-8.5,-421657,-3.8,-60330,-47.1,-410,-40.7,76,3.4
"13135","5","522220","78","0","2025","4","",22,357,358,354,10580048,67727,598,2284,"",1.24,1.74,1.74,1.72,1.84,0.51,0.33,1.06,"",1,4.8,-24,-6.3,-24,-6.3,-33,-8.5,-421657,-3.8,-60330,-47.1,-410,-40.7,76,3.4
"13135","5","52229","77","0","2025","4","",130,750,727,716,20033369,558195,5093,2108,"",1.07,0.84,0.80,0.80,0.78,0.67,0.42,0.97,"",-1,-0.8,13,1.8,-14,-1.9,6,0.8,2517395,14.4,-90609,-14.0,8,0.2,261,14.1
"13135","5","522291","78","0","2025","4","",28,104,104,101,1494850,95024,1352,1116,"",0.64,0.46,0.46,0.44,0.24,0.41,0.50,0.53,"",2,7.7,15,16.9,17,19.5,16,18.8,227329,17.9,-23889,-20.1,-384,-22.1,-5,-0.4
"13135","5","522292","78","0","2025","4","",56,323,301,296,9407034,188129,1435,2360,"",1.13,0.71,0.66,0.65,0.68,0.45,0.18,1.02,"",-5,-8.2,-25,-7.2,-57,-15.9,-32,-9.8,-70163,-0.7,-91369,-32.7,-298,-17.2,245,11.6
"13135","5","522299","78","0","2025","4","",46,323,322,319,9131485,275042,2306,2186,"",1.62,1.50,1.48,1.48,1.63,1.53,1.37,1.10,"",2,4.5,23,7.7,26,8.8,22,7.4,2360229,34.9,24649,9.8,690,42.7,436,24.9
"13135","5","5223","76","0","2025","4","",125,598,606,615,14658925,659519,9027,1860,"",1.30,0.85,0.85,0.87,0.66,1.10,0.91,0.77,"",6,5.0,-130,-17.9,-99,-14.0,-79,-11.4,-2978822,-16.9,-163907,-19.9,-5440,-37.6,-54,-2.8
"13135","5","52231","77","0","2025","4","",66,317,323,337,9508771,403104,3970,2246,"",1.36,1.48,1.50,1.57,1.48,1.61,0.84,0.98,"",6,10.0,-21,-6.2,2,0.6,29,9.4,482576,5.3,27598,7.3,-2319,-36.9,92,4.3
"13135","5","522310","78","0","2025","4","",66,317,323,337,9508771,403104,3970,2246,"",1.36,1.48,1.50,1.57,1.48,1.61,0.84,0.98,"",6,10.0,-21,-6.2,2,0.6,29,9.4,482576,5.3,27598,7.3,-2319,-36.9,92,4.3
"13135","5","52232","77","0","2025","4","",35,125,125,122,3120139,53475,644,1936,"",1.30,0.39,0.39,0.38,0.27,0.26,0.21,0.69,"",4,12.9,-61,-32.8,-57,-31.3,-66,-35.1,-2838515,-47.6,-80873,-60.2,-696,-51.9,-537,-21.7
"13135","5","522320","78","0","2025","4","",35,125,125,122,3120139,53475,644,1936,"",1.30,0.39,0.39,0.38,0.27,0.26,0.21,0.69,"",4,12.9,-61,-32.8,-57,-31.3,-66,-35.1,-2838515,-47.6,-80873,-60.2,-696,-51.9,-537,-21.7
"13135","5","52239","77","0","2025","4","",24,156,158,156,2030015,202940,4413,997,"",1.18,0.90,0.90,0.90,0.47,1.39,2.03,0.52,"",-4,-14.3,-48,-23.5,-44,-21.8,-42,-21.2,-622883,-23.5,-110632,-35.3,-2425,-35.5,-17,-1.7
"13135","5","522390","78","0","2025","4","",24,156,158,156,2030015,202940,4413,997,"",1.18,0.90,0.90,0.90,0.47,1.39,2.03,0.52,"",-4,-14.3,-48,-23.5,-44,-21.8,-42,-21.2,-622883,-23.5,-110632,-35.3,-2425,-35.5,-17,-1.7
"13135","5","523","75","0","2025","4","",307,907,904,912,35690840,1016048,14596,3025,"",0.70,0.33,0.32,0.33,0.18,0.51,0.58,0.57,"",-5,-1.6,43,5.0,40,4.6,54,6.3,11801153,49.4,267409,35.7,2090,16.7,893,41.9
"13135","5","5231","76","0","2025","4","",83,468,466,470,18265041,169295,876,3002,"",0.72,0.39,0.39,0.39,0.22,0.27,0.13,0.57,"",-8,-8.8,24,5.4,21,4.7,32,7.3,5431049,42.3,-20473,-10.8,-949,-52.0,770,34.5
"13135","5","52315","77","0","2025","4","",78,459,457,461,18139410,163295,812,3040,"",0.74,0.41,0.40,0.41,0.24,0.28,0.13,0.58,"N",-7,-8.2,0,0,0,0,0,0,0,0,0,0,0,0,0,0
"13135","5","523150","78","0","2025","4","",78,459,457,461,18139410,163295,812,3040,"",0.74,0.41,0.40,0.41,0.24,0.28,0.13,0.58,"N",-7,-8.2,0,0,0,0,0,0,0,0,0,0,0,0,0,0
"13135","5","52316","77","0","2025","4","",5,9,9,9,125631,6000,64,1074,"",0.51,0.14,0.14,0.14,0.03,0.12,0.09,0.19,"N",-1,-16.7,0,0,0,0,0,0,0,0,0,0,0,0,0,0
"13135","5","523160","78","0","2025","4","",5,9,9,9,125631,6000,64,1074,"",0.51,0.14,0.14,0.14,0.03,0.12,0.09,0.19,"N",-1,-16.7,0,0,0,0,0,0,0,0,0,0,0,0,0,0
"13135","5","5232","76","0","2025","4","N",3,0,0,0,0,0,0,0,"N",0.94,0,0,0,0,0,0,0,"N",2,200.0,0,0,0,0,0,0,0,0,0,0,0,0,0,0
"13135","5","52321","77","0","2025","4","N",3,0,0,0,0,0,0,0,"N",0.94,0,0,0,0,0,0,0,"N",2,200.0,0,0,0,0,0,0,0,0,0,0,0,0,0,0
"13135","5","523210","78","0","2025","4","N",3,0,0,0,0,0,0,0,"N",0.94,0,0,0,0,0,0,0,"N",2,200.0,0,0,0,0,0,0,0,0,0,0,0,0,0,0
"13135","5","5239","76","0","2025","4","N",221,0,0,0,0,0,0,0,"N",0.69,0,0,0,0,0,0,0,"N",1,0.5,0,0,0,0,0,0,0,0,0,0,0,0,0,0
"13135","5","52391","77","0","2025","4","",29,32,34,32,1083136,90473,2542,2551,"",1.03,0.37,0.39,0.37,0.16,1.06,1.89,0.42,"",-2,-6.5,-6,-15.8,-4,-10.5,-6,-15.8,332157,44.2,77,0.1,187,7.9,1031,67.8
"13135","5","523910","78","0","2025","4","",29,32,34,32,1083136,90473,2542,2551,"",1.03,0.37,0.39,0.37,0.16,1.06,1.89,0.42,"",-2,-6.5,-6,-15.8,-4,-10.5,-6,-15.8,332157,44.2,77,0.1,187,7.9,1031,67.8
"13135","5","52394","77","0","2025","4","",176,326,325,332,10671406,625741,8546,2505,"",0.68,0.25,0.24,0.25,0.11,0.56,0.57,0.44,"",1,0.6,-24,-6.9,-25,-7.1,-20,-5.7,1205019,12.7,180431,40.5,795,10.3,428,20.6
"13135","5","523940","78","0","2025","4","",176,326,325,332,10671406,625741,8546,2505,"",0.68,0.25,0.24,0.25,0.11,0.56,0.57,0.44,"",1,0.6,-24,-6.9,-25,-7.1,-20,-5.7,1205019,12.7,180431,40.5,795,10.3,428,20.6
"13135","5","52399","77","0","2025","4","N",16,0,0,0,0,0,0,0,"N",0.48,0,0,0,0,0,0,0,"N",2,14.3,0,0,0,0,0,0,0,0,0,0,0,0,0,0
"13135","5","523991","78","0","2025","4","N",2,0,0,0,0,0,0,0,"N",0.24,0,0,0,0,0,0,0,"N",1,100.0,0,0,0,0,0,0,0,0,0,0,0,0,0,0
"13135","5","523999","78","0","2025","4","N",14,0,0,0,0,0,0,0,"N",0.56,0,0,0,0,0,0,0,"N",1,7.7,0,0,0,0,0,0,0,0,0,0,0,0,0,0
"13135","5","524","75","0","2025","4","",779,6338,6299,6371,151119084,4168380,50828,1835,"",1.21,0.98,0.96,0.98,0.99,0.92,1.08,1.01,"",-35,-4.3,-421,-6.2,-401,-6.0,-217,-3.3,-5624963,-3.6,-874080,-17.3,-14387,-22.1,31,1.7
"13135","5","5241","76","0","2025","4","",74,1487,1472,1493,37814868,494458,3730,1960,"",0.75,0.50,0.49,0.50,0.53,0.31,0.22,1.06,"",1,1.4,-30,-2.0,-31,-2.1,-6,-0.4,123872,0.3,-117600,-19.2,-792,-17.5,35,1.8
"13135","5","52411","77","0","2025","4","",19,148,137,152,4391156,106779,1037,2319,"",0.50,0.09,0.09,0.09,0.12,0.12,0.12,1.33,"N",0,0.0,0,0,0,0,0,0,0,0,0,0,0,0,0,0
"13135","5","524113","78","0","2025","4","",8,132,121,136,4156625,92042,960,2466,"",0.55,0.26,0.23,0.26,0.32,0.33,0.39,1.28,"",0,0.0,13,10.9,9,8.0,13,10.6,629692,17.9,19319,26.6,-82,-7.9,167,7.3
"13135","5","524114","78","0","2025","4","",11,16,16,16,234531,14737,77,1128,"",0.46,0.01,0.01,0.01,0.01,0.02,0.01,0.69,"N",0,0.0,0,0,0,0,0,0,0,0,0,0,0,0,0,0
"13135","5","52412","77","0","2025","4","",49,1330,1326,1332,33280237,381179,2671,1926,"",0.85,1.02,1.01,1.02,0.99,0.56,0.32,0.98,"",0,0.0,-43,-3.1,-39,-2.9,-19,-1.4,-175650,-0.5,-133808,-26.0,-379,-12.4,38,2.0
"13135","5","524126","78","0","2025","4","",39,1152,1149,1152,29299300,321742,2494,1958,"",1.09,1.03,1.02,1.03,1.02,0.64,0.49,1.00,"",0,0.0,-46,-3.8,-36,-3.0,-18,-1.5,-315731,-1.1,-59229,-15.5,-439,-15.0,34,1.8
"13135","5","524127","78","0","2025","4","N",8,0,0,0,0,0,0,0,"N",0.52,0,0,0,0,0,0,0,"N",0,0.0,0,0,0,0,0,0,0,0,0,0,0,0,0,0
"13135","5","524128","78","0","2025","4","N",2,0,0,0,0,0,0,0,"N",0.32,0,0,0,0,0,0,0,"N",0,0.0,0,0,0,0,0,0,0,0,0,0,0,0,0,0
"13135","5","52413","77","0","2025","4","",6,9,9,9,143475,6500,22,1226,"",1.76,0.12,0.12,0.12,0.06,0.15,0.05,0.51,"N",1,20.0,0,0,0,0,0,0,0,0,0,0,0,0,0,0
"13135","5","524130","78","0","2025","4","",6,9,9,9,143475,6500,22,1226,"",1.76,0.12,0.12,0.12,0.06,0.15,0.05,0.51,"N",1,20.0,0,0,0,0,0,0,0,0,0,0,0,0,0,0
"13135","5","5242","76","0","2025","4","",705,4851,4827,4878,113304216,3673922,47098,1796,"",1.29,1.38,1.36,1.39,1.39,1.26,1.58,1.01,"",-36,-4.9,-391,-7.5,-370,-7.1,-211,-4.1,-5748835,-4.8,-756480,-17.1,-13595,-22.4,27,1.5
"13135","5","52421","77","0","2025","4","",605,3377,3347,3390,78300104,2523777,29322,1787,"",1.32,1.33,1.31,1.33,1.30,1.16,1.36,0.99,"",-31,-4.9,-357,-9.6,-364,-9.8,-253,-6.9,-6617641,-7.8,-666768,-20.9,-15348,-34.4,20,1.1
"13135","5","524210","78","0","2025","4","",605,3377,3347,3390,78300104,2523777,29322,1787,"",1.32,1.33,1.31,1.33,1.30,1.16,1.36,0.99,"",-31,-4.9,-357,-9.6,-364,-9.8,-253,-6.9,-6617641,-7.8,-666768,-20.9,-15348,-34.4,20,1.1
"13135","5","52429","77","0","2025","4","",100,1474,1480,1488,35004112,1150145,17776,1819,"",1.16,1.51,1.51,1.52,1.64,1.55,2.16,1.08,"",-5,-4.8,-34,-2.3,-6,-0.4,42,2.9,868806,2.5,-89712,-7.2,1753,10.9,45,2.5
"13135","5","524291","78","0","2025","4","",35,566,575,576,12798877,552198,4187,1720,"",1.44,3.67,3.73,3.80,3.68,5.30,3.59,0.99,"",-1,-2.8,-69,-10.9,-38,-6.2,-3,-0.5,-899443,-6.6,-242269,-30.5,-4434,-51.4,-10,-0.6
"13135","5","524292","78","0","2025","4","",35,679,684,690,17671384,484378,11922,1986,"",1.25,1.21,1.20,1.22,1.54,1.09,2.50,1.27,"",-3,-7.9,23,3.5,34,5.2,43,6.6,2063516,13.2,216680,80.9,6099,104.7,142,7.7
"13135","5","524298","78","0","2025","4","",30,229,221,222,4533851,113569,1667,1557,"",0.89,0.89,0.85,0.86,0.71,0.58,0.73,0.82,"",-1,-3.2,12,5.5,-2,-0.9,2,0.9,-295267,-6.1,-64123,-36.1,88,5.6,-132,-7.8
"13135","5","525","75","0","2025","4","",9,27,26,26,629908,17019,207,1840,"",0.30,0.31,0.30,0.30,0.15,0.06,0.04,0.50,"",2,28.6,2,8.0,1,4.0,0,0.0,91666,17.0,-4001,-19.0,-66,-24.2,206,12.6
"13135","5","5251","76","0","2025","4","N",4,0,0,0,0,0,0,0,"N",0.65,0,0,0,0,0,0,0,"N",1,33.3,0,0,0,0,0,0,0,0,0,0,0,0,0,0
"13135","5","52511","77","0","2025","4","N",2,0,0,0,0,0,0,0,"N",0.71,0,0,0,0,0,0,0,"N",1,100.0,0,0,0,0,0,0,0,0,0,0,0,0,0,0
"13135","5","525110","78","0","2025","4","N",2,0,0,0,0,0,0,0,"N",0.71,0,0,0,0,0,0,0,"N",1,100.0,0,0,0,0,0,0,0,0,0,0,0,0,0,0
"13135","5","52512","77","0","2025","4","N",1,0,0,0,0,0,0,0,"N",0.46,0,0,0,0,0,0,0,"N",0,0.0,0,0,0,0,0,0,0,0,0,0,0,0,0,0
"13135","5","525120","78","0","2025","4","N",1,0,0,0,0,0,0,0,"N",0.46,0,0,0,0,0,0,0,"N",0,0.0,0,0,0,0,0,0,0,0,0,0,0,0,0,0
"13135","5","52519","77","0","2025","4","N",1,0,0,0,0,0,0,0,"N",0.86,0,0,0,0,0,0,0,"N",0,0.0,0,0,0,0,0,0,0,0,0,0,0,0,0,0
"13135","5","525190","78","0","2025","4","N",1,0,0,0,0,0,0,0,"N",0.86,0,0,0,0,0,0,0,"N",0,0.0,0,0,0,0,0,0,0,0,0,0,0,0,0,0
"13135","5","5259","76","0","2025","4","N",5,0,0,0,0,0,0,0,"N",0.21,0,0,0,0,0,0,0,"N",1,25.0,0,0,0,0,0,0,0,0,0,0,0,0,0,0
"13135","5","52592","77","0","2025","4","N",1,0,0,0,0,0,0,0,"N",0.11,0,0,0,0,0,0,0,"N",0,0.0,0,0,0,0,0,0,0,0,0,0,0,0,0,0
"13135","5","525920","78","0","2025","4","N",1,0,0,0,0,0,0,0,"N",0.11,0,0,0,0,0,0,0,"N",0,0.0,0,0,0,0,0,0,0,0,0,0,0,0,0,0
"13135","5","52599","77","0","2025","4","N",4,0,0,0,0,0,0,0,"N",0.41,0,0,0,0,0,0,0,"N",1,33.3,0,0,0,0,0,0,0,0,0,0,0,0,0,0
"13135","5","525990","78","0","2025","4","N",4,0,0,0,0,0,0,0,"N",0.41,0,0,0,0,0,0,0,"N",1,33.3,0,0,0,0,0,0,0,0,0,0,0,0,0,0
"13135","5","53","74","0","2025","4","",1448,6764,6788,6795,133924147,7263261,88320,1519,"",1.03,1.11,1.11,1.12,1.17,0.99,1.01,1.05,"",-21,-1.4,-127,-1.8,-133,-1.9,-142,-2.0,1365511,1.0,-39480,-0.5,-5620,-6.0,45,3.1
"13135","5","531","75","0","2025","4","",1247,3886,3882,3924,81552613,4942447,62187,1610,"",1.02,0.85,0.84,0.85,0.91,0.87,0.92,1.07,"",-24,-1.9,-158,-3.9,-188,-4.6,-185,-4.5,1309783,1.6,-337134,-6.4,-7566,-10.8,95,6.3
"13135","5","5311","76","0","2025","4","",295,1803,1787,1789,36639073,1991089,25871,1572,"",0.85,1.13,1.12,1.13,1.31,1.13,1.21,1.16,"",-6,-2.0,-57,-3.1,-87,-4.6,-81,-4.3,124119,0.3,-365990,-15.5,-3450,-11.8,68,4.5
"13135","5","53111","77","0","2025","4","",124,792,771,773,14253788,772473,9715,1408,"",0.67,0.85,0.82,0.83,0.96,0.73,0.77,1.15,"",-3,-2.4,70,9.7,64,9.1,60,8.4,1592267,12.6,-88675,-10.3,328,3.5,44,3.2
"13135","5","531110","78","0","2025","4","",124,792,771,773,14253788,772473,9715,1408,"",0.67,0.85,0.82,0.83,0.96,0.73,0.77,1.15,"",-3,-2.4,70,9.7,64,9.1,60,8.4,1592267,12.6,-88675,-10.3,328,3.5,44,3.2
"13135","5","53112","77","0","2025","4","",105,640,639,643,11127979,758360,9237,1336,"",1.38,1.60,1.59,1.61,1.18,2.02,1.93,0.74,"",-3,-2.8,-135,-17.4,-172,-21.2,-162,-20.1,-1500889,-11.9,-382699,-33.5,-7103,-43.5,117,9.6
"13135","5","531120","78","0","2025","4","",105,640,639,643,11127979,758360,9237,1336,"",1.38,1.60,1.59,1.61,1.18,2.02,1.93,0.74,"",-3,-2.8,-135,-17.4,-172,-21.2,-162,-20.1,-1500889,-11.9,-382699,-33.5,-7103,-43.5,117,9.6
"13135","5","53113","77","0","2025","4","",49,204,206,203,3031413,292808,5168,1141,"",0.92,1.33,1.34,1.33,1.42,1.46,2.14,1.07,"",-3,-5.8,0,0.0,8,4.0,10,5.2,63989,2.2,78999,36.9,2777,116.1,-10,-0.9
"13135","5","531130","78","0","2025","4","",49,204,206,203,3031413,292808,5168,1141,"",0.92,1.33,1.34,1.33,1.42,1.46,2.14,1.07,"",-3,-5.8,0,0.0,8,4.0,10,5.2,63989,2.2,78999,36.9,2777,116.1,-10,-0.9
"13135","5","53119","77","0","2025","4","",17,167,171,170,8225893,167448,1751,3737,"",0.57,1.59,1.62,1.62,4.82,1.34,1.14,2.99,"",3,21.4,8,5.0,13,8.2,11,6.9,-31248,-0.4,26385,18.7,548,45.6,-266,-6.6
"13135","5","531190","78","0","2025","4","",17,167,171,170,8225893,167448,1751,3737,"",0.57,1.59,1.62,1.62,4.82,1.34,1.14,2.99,"",3,21.4,8,5.0,13,8.2,11,6.9,-31248,-0.4,26385,18.7,548,45.6,-266,-6.6
"13135","5","5312","76","0","2025","4","",627,893,895,915,17433324,1244798,15381,1488,"",1.39,1.03,1.03,1.03,0.84,0.94,1.03,0.82,"",-27,-4.1,15,1.7,14,1.6,-2,-0.2,670174,4.0,-33090,-2.6,-5929,-27.8,42,2.9
"13135","5","53121","77","0","2025","4","",627,893,895,915,17433324,1244798,15381,1488,"",1.39,1.03,1.03,1.03,0.84,0.94,1.03,0.82,"",-27,-4.1,15,1.7,14,1.6,-2,-0.2,670174,4.0,-33090,-2.6,-5929,-27.8,42,2.9
"13135","5","531210","78","0","2025","4","",627,893,895,915,17433324,1244798,15381,1488,"",1.39,1.03,1.03,1.03,0.84,0.94,1.03,0.82,"",-27,-4.1,15,1.7,14,1.6,-2,-0.2,670174,4.0,-33090,-2.6,-5929,-27.8,42,2.9
"13135","5","5313","76","0","2025","4","",325,1190,1200,1220,27480216,1706560,20935,1757,"",0.76,0.56,0.56,0.57,0.67,0.65,0.67,1.19,"",9,2.8,-116,-8.9,-115,-8.7,-102,-7.7,515490,1.9,61946,3.8,1813,9.5,179,11.3
"13135","5","53131","77","0","2025","4","",198,948,956,960,21780509,1211205,14316,1755,"",0.68,0.52,0.53,0.53,0.68,0.54,0.55,1.29,"",11,5.9,-143,-13.1,-153,-13.8,-142,-12.9,-256044,-1.2,28680,2.4,2293,19.1,215,14.0
"13135","5","531311","78","0","2025","4","",125,606,622,622,14446105,948509,10349,1802,"",0.55,0.44,0.45,0.45,0.67,0.52,0.49,1.49,"",7,5.9,-169,-21.8,-169,-21.4,-163,-20.8,-587079,-3.9,-37203,-3.8,-50,-0.5,326,22.1
"13135","5","531312","78","0","2025","4","",73,342,334,338,7334404,262696,3967,1669,"",1.09,0.79,0.77,0.77,0.71,0.61,0.80,0.91,"",4,5.8,26,8.2,16,5.0,21,6.6,331035,4.7,65883,33.5,2343,144.3,-30,-1.8
"13135","5","53132","77","0","2025","4","",48,53,53,59,942580,59841,403,1318,"",1.38,0.76,0.76,0.85,0.68,0.77,0.50,0.86,"",-9,-15.8,-15,-22.1,-6,-10.2,-8,-11.9,860,0.1,22085,58.5,153,61.2,198,17.7
"13135","5","531320","78","0","2025","4","",48,53,53,59,942580,59841,403,1318,"",1.38,0.76,0.76,0.85,0.68,0.77,0.50,0.86,"",-9,-15.8,-15,-22.1,-6,-10.2,-8,-11.9,860,0.1,22085,58.5,153,61.2,198,17.7
"13135","5","53139","77","0","2025","4","",79,189,191,201,4757127,435514,6216,1889,"",0.81,0.75,0.75,0.78,0.63,1.41,1.45,0.82,"",7,9.7,42,28.6,44,29.9,48,31.4,770674,19.3,11181,2.6,-633,-9.2,-169,-8.2
"13135","5","531390","78","0","2025","4","",79,189,191,201,4757127,435514,6216,1889,"",0.81,0.75,0.75,0.78,0.63,1.41,1.45,0.82,"",7,9.7,42,28.6,44,29.9,48,31.4,770674,19.3,11181,2.6,-633,-9.2,-169,-8.2
"13135","5","532","75","0","2025","4","",191,2794,2822,2788,50255174,2288005,26079,1380,"",1.15,1.94,1.98,1.98,2.15,1.48,1.37,1.09,"",2,1.1,6,0.2,28,1.0,18,0.6,-460170,-0.9,288594,14.4,1953,8.1,-21,-1.5
"13135","5","5321","76","0","2025","4","",83,1271,1279,1269,21770876,1217774,14040,1316,"",1.56,2.39,2.41,2.42,3.03,2.19,2.52,1.26,"",1,1.2,-47,-3.6,-36,-2.7,-44,-3.4,-1620249,-6.9,271718,28.7,6928,97.4,-52,-3.8
"13135","5","53211","77","0","2025","4","",39,431,437,424,4791557,599114,9281,856,"",1.24,1.44,1.46,1.44,1.28,1.78,2.77,0.89,"",-1,-2.5,13,3.1,22,5.3,17,4.2,251014,5.5,404705,208.2,7525,428.5,11,1.3
"13135","5","532111","78","0","2025","4","N",37,0,0,0,0,0,0,0,"N",1.28,0,0,0,0,0,0,0,"N",0,0.0,0,0,0,0,0,0,0,0,0,0,0,0,0,0
"13135","5","532112","78","0","2025","4","N",2,0,0,0,0,0,0,0,"N",0.81,0,0,0,0,0,0,0,"N",-1,-33.3,0,0,0,0,0,0,0,0,0,0,0,0,0,0
"13135","5","53212","77","0","2025","4","",44,840,842,845,16979319,618660,4759,1551,"",2.02,3.62,3.64,3.69,4.93,2.82,2.14,1.35,"",2,4.8,-60,-6.7,-58,-6.4,-61,-6.7,-1871263,-9.9,-132987,-17.7,-597,-11.1,-57,-3.5
"13135","5","532120","78","0","2025","4","",44,840,842,845,16979319,618660,4759,1551,"",2.02,3.62,3.64,3.69,4.93,2.82,2.14,1.35,"",2,4.8,-60,-6.7,-58,-6.4,-61,-6.7,-1871263,-9.9,-132987,-17.7,-597,-11.1,-57,-3.5
"13135","5","5322","76","0","2025","4","",30,357,354,350,5787345,267516,2562,1259,"",0.63,1.11,1.15,1.16,1.46,0.69,0.47,1.29,"",-5,-14.3,-36,-9.2,-35,-9.0,-24,-6.4,-647179,-10.1,17568,7.0,-1254,-32.9,-26,-2.0
"13135","5","53221","77","0","2025","4","",4,10,11,12,127590,23482,152,892,"",1.04,0.48,0.53,0.59,0.45,1.17,0.63,0.85,"N",2,100.0,0,0,0,0,0,0,0,0,0,0,0,0,0,0
"13135","5","532210","78","0","2025","4","",4,10,11,12,127590,23482,152,892,"",1.04,0.48,0.53,0.59,0.45,1.17,0.63,0.85,"N",2,100.0,0,0,0,0,0,0,0,0,0,0,0,0,0,0
"13135","5","53228","77","0","2025","4","",26,347,343,338,5659755,244034,2410,1271,"",0.59,1.15,1.20,1.20,1.54,0.67,0.46,1.30,"N",-7,-21.2,0,0,0,0,0,0,0,0,0,0,0,0,0,0
"13135","5","532281","78","0","2025","4","N",2,0,0,0,0,0,0,0,"N",1.02,0,0,0,0,0,0,0,"N",0,0.0,0,0,0,0,0,0,0,0,0,0,0,0,0,0
"13135","5","532282","78","0","2025","4","N",1,0,0,0,0,0,0,0,"N",0.87,0,0,0,0,0,0,0,"N",0,0.0,0,0,0,0,0,0,0,0,0,0,0,0,0,0
"13135","5","532283","78","0","2025","4","",6,268,265,265,4777148,174419,1922,1381,"",0.81,3.35,3.28,3.29,4.31,2.03,2.42,1.30,"",-3,-33.3,-7,-2.5,-8,-2.9,-3,-1.1,-206053,-4.1,39743,29.5,-12,-0.6,-28,-2.0
"13135","5","532284","78","0","2025","4","N",1,0,0,0,0,0,0,0,"N",0.11,0,0,0,0,0,0,0,"N",-1,-50.0,0,0,0,0,0,0,0,0,0,0,0,0,0,0
"13135","5","532289","78","0","2025","4","",16,67,66,64,798616,59287,482,936,"",0.66,0.42,0.43,0.43,0.41,0.29,0.15,0.97,"",-3,-15.8,-39,-36.8,-37,-35.9,-32,-33.3,-563117,-41.4,-44480,-42.9,-1298,-72.9,-94,-9.1
"13135","5","5323","76","0","2025","4","",14,265,268,263,5076750,83376,2072,1472,"",1.47,3.52,3.61,3.61,4.23,0.99,2.12,1.18,"",1,7.7,-17,-6.0,-15,-5.3,-25,-8.7,-470889,-8.5,-82081,-49.6,-2112,-50.5,-29,-1.9
"13135","5","53231","77","0","2025","4","",14,265,268,263,5076750,83376,2072,1472,"",1.47,3.52,3.61,3.61,4.23,0.99,2.12,1.18,"",1,7.7,-17,-6.0,-15,-5.3,-25,-8.7,-470889,-8.5,-82081,-49.6,-2112,-50.5,-29,-1.9
"13135","5","532310","78","0","2025","4","",14,265,268,263,5076750,83376,2072,1472,"",1.47,3.52,3.61,3.61,4.23,0.99,2.12,1.18,"",1,7.7,-17,-6.0,-15,-5.3,-25,-8.7,-470889,-8.5,-82081,-49.6,-2112,-50.5,-29,-1.9
"13135","5","5324","76","0","2025","4","",64,901,921,906,17620203,719339,7405,1491,"",1.16,1.76,1.79,1.78,1.59,1.38,1.05,0.90,"",5,8.5,106,13.3,114,14.1,111,14.0,2278147,14.8,81389,12.8,-1609,-17.9,14,0.9
"13135","5","53241","77","0","2025","4","",25,564,571,577,11138338,515063,4707,1501,"",1.02,2.11,2.12,2.14,1.81,1.98,1.60,0.85,"",-1,-3.8,35,6.6,36,6.7,48,9.1,990409,9.8,92298,21.8,-802,-14.6,31,2.1
"13135","5","532411","78","0","2025","4","N",2,0,0,0,0,0,0,0,"N",0.85,0,0,0,0,0,0,0,"N",0,0.0,0,0,0,0,0,0,0,0,0,0,0,0,0,0
"13135","5","532412","78","0","2025","4","N",23,0,0,0,0,0,0,0,"N",1.04,0,0,0,0,0,0,0,"N",-1,-4.2,0,0,0,0,0,0,0,0,0,0,0,0,0,0
"13135","5","53242","77","0","2025","4","",6,20,19,19,247835,18212,342,986,"",1.84,0.79,0.74,0.75,0.42,1.00,1.43,0.55,"",1,20.0,3,17.6,2,11.8,2,11.8,24078,10.8,-6290,-25.7,-155,-31.2,-26,-2.6
"13135","5","532420","78","0","2025","4","",6,20,19,19,247835,18212,342,986,"",1.84,0.79,0.74,0.75,0.42,1.00,1.43,0.55,"",1,20.0,3,17.6,2,11.8,2,11.8,24078,10.8,-6290,-25.7,-155,-31.2,-26,-2.6
"13135","5","53249","77","0","2025","4","",33,317,331,310,6234030,186064,2356,1502,"",1.21,1.45,1.51,1.44,1.45,0.76,0.61,0.99,"",5,17.9,68,27.3,76,29.8,61,24.5,1263660,25.4,-4619,-2.4,-652,-21.7,-21,-1.4
"13135","5","532490","78","0","2025","4","",33,317,331,310,6234030,186064,2356,1502,"",1.21,1.45,1.51,1.44,1.45,0.76,0.61,0.99,"",5,17.9,68,27.3,76,29.8,61,24.5,1263660,25.4,-4619,-2.4,-652,-21.7,-21,-1.4
"13135","5","533","75","0","2025","4","",10,84,84,83,2116360,32809,54,1946,"",0.92,1.54,1.52,1.51,1.17,0.61,0.08,0.77,"",1,11.1,25,42.4,27,47.4,25,43.1,515898,32.2,9060,38.1,-7,-11.5,-177,-8.3
"13135","5","5331","76","0","2025","4","",10,84,84,83,2116360,32809,54,1946,"",0.92,1.54,1.52,1.51,1.17,0.61,0.08,0.77,"",1,11.1,25,42.4,27,47.4,25,43.1,515898,32.2,9060,38.1,-7,-11.5,-177,-8.3
"13135","5","53311","77","0","2025","4","",10,84,84,83,2116360,32809,54,1946,"",0.92,1.54,1.52,1.51,1.17,0.61,0.08,0.77,"",1,11.1,25,42.4,27,47.4,25,43.1,515898,32.2,9060,38.1,-7,-11.5,-177,-8.3
"13135","5","533110","78","0","2025","4","",10,84,84,83,2116360,32809,54,1946,"",0.92,1.54,1.52,1.51,1.17,0.61,0.08,0.77,"",1,11.1,25,42.4,27,47.4,25,43.1,515898,32.2,9060,38.1,-7,-11.5,-177,-8.3
"13135","5","54","74","0","2025","4","",4729,29849,29808,29629,865454561,25790753,327014,2237,"",0.95,1.11,1.10,1.10,1.00,1.00,0.95,0.90,"",-28,-0.6,195,0.7,104,0.4,98,0.3,24232191,2.9,-810983,-3.0,-34763,-9.6,53,2.4
"13135","5","541","75","0","2025","4","",4729,29849,29808,29629,865454561,25790753,327014,2237,"",0.95,1.11,1.10,1.10,1.00,1.00,0.95,0.90,"",-28,-0.6,195,0.7,104,0.4,98,0.3,24232191,2.9,-810983,-3.0,-34763,-9.6,53,2.4
"13135","5","5411","76","0","2025","4","",571,3040,3044,3055,88118278,2570042,27939,2225,"",0.95,0.99,0.98,0.98,0.69,0.89,0.88,0.70,"",10,1.8,133,4.6,166,5.8,151,5.2,7240903,9.0,-304993,-10.6,-7135,-20.3,77,3.6
"13135","5","54111","77","0","2025","4","",493,2445,2451,2460,74517763,2082254,20865,2338,"",0.92,0.86,0.86,0.86,0.61,0.80,0.75,0.71,"",3,0.6,36,1.5,73,3.1,38,1.6,5160421,7.4,-357759,-14.7,-6868,-24.8,118,5.3
"13135","5","541110","78","0","2025","4","",493,2445,2451,2460,74517763,2082254,20865,2338,"",0.92,0.86,0.86,0.86,0.61,0.80,0.75,0.71,"",3,0.6,36,1.5,73,3.1,38,1.6,5160421,7.4,-357759,-14.7,-6868,-24.8,118,5.3
"13135","5","54119","77","0","2025","4","",78,595,593,595,13600515,487788,7074,1760,"",1.25,2.33,2.31,2.32,2.41,1.82,1.83,1.04,"",7,9.9,97,19.5,93,18.6,113,23.4,2080482,18.1,52766,12.1,-267,-3.6,-36,-2.0
"13135","5","541191","78","0","2025","4","",21,158,157,158,4454570,70679,1404,2173,"",0.74,1.11,1.09,1.11,1.67,0.52,0.68,1.51,"",2,10.5,-26,-14.1,-27,-14.7,-11,-6.5,61285,1.4,31604,80.9,637,83.1,285,15.1
"13135","5","541199","78","0","2025","4","",57,437,436,437,9145945,417109,5670,1611,"",1.67,3.89,3.84,3.85,3.08,3.15,3.14,0.80,"",5,9.6,123,39.2,120,38.0,124,39.6,2019197,28.3,21162,5.3,-904,-13.8,-133,-7.6
"13135","5","5412","76","0","2025","4","",742,2371,2387,2512,43753954,2508888,31793,1389,"",1.40,0.87,0.86,0.89,0.62,0.87,0.79,0.71,"",-13,-1.7,83,3.6,47,2.0,108,4.5,1590712,3.8,170764,7.3,5346,20.2,5,0.4
"13135","5","54121","77","0","2025","4","",742,2371,2387,2512,43753954,2508888,31793,1389,"",1.40,0.87,0.86,0.89,0.62,0.87,0.79,0.71,"",-13,-1.7,83,3.6,47,2.0,108,4.5,1590712,3.8,170764,7.3,5346,20.2,5,0.4
"13135","5","541211","78","0","2025","4","",243,800,814,852,18886809,816230,10236,1767,"",1.37,0.62,0.63,0.66,0.49,0.76,0.92,0.77,"",-19,-7.3,-50,-5.9,-34,-4.0,-17,-2.0,-190681,-1.0,81262,11.1,3632,55.0,52,3.0
"13135","5","541213","78","0","2025","4","",170,209,249,309,2325379,246143,4208,700,"",1.61,1.12,1.10,1.17,0.80,1.19,1.08,0.71,"",6,3.7,15,7.7,7,2.9,35,12.8,207825,9.8,17927,7.9,-1672,-28.4,12,1.7
"13135","5","541214","78","0","2025","4","",31,471,444,468,7515856,709985,10046,1254,"",0.85,0.86,0.80,0.84,0.50,0.91,0.63,0.60,"",3,10.7,183,63.5,156,54.2,166,55.0,2107709,39.0,353794,99.3,7038,234.0,-167,-11.8
"13135","5","541219","78","0","2025","4","",298,891,880,883,15025910,736530,7303,1307,"",1.42,1.25,1.23,1.23,1.06,0.90,0.79,0.86,"",-3,-1.0,-65,-6.8,-82,-8.5,-76,-7.9,-534141,-3.4,-282219,-27.7,-3652,-33.3,59,4.7
"13135","5","5413","76","0","2025","4","",565,6428,6435,6434,266964819,4155052,54499,3193,"",1.14,1.48,1.48,1.49,2.08,1.14,1.20,1.40,"",10,1.8,26,0.4,-13,-0.2,-18,-0.3,21208325,8.6,152534,3.8,5380,11.0,255,8.7
"13135","5","54131","77","0","2025","4","",61,249,250,252,10241818,293571,3745,3147,"",0.72,0.50,0.50,0.50,0.68,0.71,0.79,1.37,"",0,0.0,-4,-1.6,-3,-1.2,-4,-1.6,-112965,-1.1,129098,78.5,2856,321.3,11,0.4
"13135","5","541310","78","0","2025","4","",61,249,250,252,10241818,293571,3745,3147,"",0.72,0.50,0.50,0.50,0.68,0.71,0.79,1.37,"",0,0.0,-4,-1.6,-3,-1.2,-4,-1.6,-112965,-1.1,129098,78.5,2856,321.3,11,0.4
"13135","5","54132","77","0","2025","4","",25,77,75,77,1443252,346462,8952,1454,"",1.18,0.86,0.85,0.92,0.81,3.70,6.65,0.92,"",1,4.2,29,60.4,16,27.1,20,35.1,435612,43.2,208682,151.5,5395,151.7,36,2.5
"13135","5","541320","78","0","2025","4","",25,77,75,77,1443252,346462,8952,1454,"",1.18,0.86,0.85,0.92,0.81,3.70,6.65,0.92,"",1,4.2,29,60.4,16,27.1,20,35.1,435612,43.2,208682,151.5,5395,151.7,36,2.5
"13135","5","54133","77","0","2025","4","",376,5280,5285,5280,238404383,3085284,34594,3472,"",1.29,1.75,1.74,1.74,2.47,1.26,1.13,1.42,"",17,4.7,-47,-0.9,-70,-1.3,-60,-1.1,19422730,8.9,-229138,-6.9,-4357,-11.2,318,10.1
"13135","5","541330","78","0","2025","4","",376,5280,5285,5280,238404383,3085284,34594,3472,"",1.29,1.75,1.74,1.74,2.47,1.26,1.13,1.42,"",17,4.7,-47,-0.9,-70,-1.3,-60,-1.1,19422730,8.9,-229138,-6.9,-4357,-11.2,318,10.1
"13135","5","54134","77","0","2025","4","",11,11,12,12,228898,0,0,1509,"",1.07,0.47,0.51,0.51,0.52,0.00,0.00,1.04,"",0,0.0,-2,-15.4,2,20.0,-2,-14.3,-50405,-18.0,-9500,-100.0,-257,-100.0,-233,-13.4
"13135","5","541340","78","0","2025","4","",11,11,12,12,228898,0,0,1509,"",1.07,0.47,0.51,0.51,0.52,0.00,0.00,1.04,"",0,0.0,-2,-15.4,2,20.0,-2,-14.3,-50405,-18.0,-9500,-100.0,-257,-100.0,-233,-13.4
"13135","5","54135","77","0","2025","4","",28,67,70,69,961834,53100,500,1077,"",1.17,0.99,1.04,1.04,0.83,0.73,0.50,0.82,"",-5,-15.2,-2,-2.9,1,1.4,-1,-1.4,-74396,-7.2,29816,128.1,285,132.6,-73,-6.3
"13135","5","541350","78","0","2025","4","",28,67,70,69,961834,53100,500,1077,"",1.17,0.99,1.04,1.04,0.83,0.73,0.50,0.82,"",-5,-15.2,-2,-2.9,1,1.4,-1,-1.4,-74396,-7.2,29816,128.1,285,132.6,-73,-6.3
"13135","5","54136","77","0","2025","4","",7,53,54,53,1178684,7021,77,1700,"",0.99,1.43,1.44,1.42,1.19,0.16,0.12,0.83,"",1,16.7,4,8.2,4,8.0,1,1.9,142206,13.7,-36213,-83.8,-1192,-93.9,116,7.3
"13135","5","541360","78","0","2025","4","",7,53,54,53,1178684,7021,77,1700,"",0.99,1.43,1.44,1.42,1.19,0.16,0.12,0.83,"",1,16.7,4,8.2,4,8.0,1,1.9,142206,13.7,-36213,-83.8,-1192,-93.9,116,7.3
"13135","5","54137","77","0","2025","4","",23,224,224,223,3665948,168105,3647,1261,"",0.95,1.60,1.60,1.60,1.34,1.21,2.30,0.84,"",0,0.0,55,32.5,54,31.8,52,30.4,672804,22.5,-10451,-5.9,1309,56.0,-93,-6.9
"13135","5","541370","78","0","2025","4","",23,224,224,223,3665948,168105,3647,1261,"",0.95,1.60,1.60,1.60,1.34,1.21,2.30,0.84,"",0,0.0,55,32.5,54,31.8,52,30.4,672804,22.5,-10451,-5.9,1309,56.0,-93,-6.9
"13135","5","54138","77","0","2025","4","",34,467,465,468,10840002,201509,2984,1787,"",1.05,1.05,1.04,1.06,1.11,0.50,0.57,1.05,"",-4,-10.5,-7,-1.5,-17,-3.5,-24,-4.9,772739,7.7,70240,53.5,1341,81.6,183,11.4
"13135","5","541380","78","0","2025","4","",34,467,465,468,10840002,201509,2984,1787,"",1.05,1.05,1.04,1.06,1.11,0.50,0.57,1.05,"",-4,-10.5,-7,-1.5,-17,-3.5,-24,-4.9,772739,7.7,70240,53.5,1341,81.6,183,11.4
"13135","5","5414","76","0","2025","4","",129,605,603,599,11298290,362138,4258,1443,"",0.94,1.63,1.62,1.60,1.34,0.90,0.76,0.83,"",-7,-5.1,-55,-8.3,-33,-5.2,-42,-6.6,-1434492,-11.3,-42702,-10.5,-1019,-19.3,-74,-4.9
"13135","5","54141","77","0","2025","4","",40,236,234,236,4279716,151748,3245,1399,"",0.72,1.67,1.64,1.64,1.54,0.87,1.32,0.94,"",1,2.6,-33,-12.3,-21,-8.2,-18,-7.1,-706081,-14.2,3898,2.6,1149,54.8,-80,-5.4
"13135","5","541410","78","0","2025","4","",40,236,234,236,4279716,151748,3245,1399,"",0.72,1.67,1.64,1.64,1.54,0.87,1.32,0.94,"",1,2.6,-33,-12.3,-21,-8.2,-18,-7.1,-706081,-14.2,3898,2.6,1149,54.8,-80,-5.4
"13135","5","54142","77","0","2025","4","",6,22,22,21,723716,1381,0,2569,"",0.76,0.45,0.45,0.43,0.50,0.04,0.00,1.13,"",0,0.0,2,10.0,2,10.0,1,5.0,14701,2.1,-9119,-86.8,-4,-100.0,-158,-5.8
"13135","5","541420","78","0","2025","4","",6,22,22,21,723716,1381,0,2569,"",0.76,0.45,0.45,0.43,0.50,0.04,0.00,1.13,"",0,0.0,2,10.0,2,10.0,1,5.0,14701,2.1,-9119,-86.8,-4,-100.0,-158,-5.8
"13135","5","54143","77","0","2025","4","",71,322,317,319,5990688,101486,730,1443,"",1.28,2.48,2.45,2.45,1.98,0.75,0.42,0.81,"",-9,-11.2,-22,-6.4,-17,-5.1,-18,-5.3,-583642,-8.9,-67970,-40.1,-1071,-59.5,-52,-3.5
"13135","5","541430","78","0","2025","4","",71,322,317,319,5990688,101486,730,1443,"",1.28,2.48,2.45,2.45,1.98,0.75,0.42,0.81,"",-9,-11.2,-22,-6.4,-17,-5.1,-18,-5.3,-583642,-8.9,-67970,-40.1,-1071,-59.5,-52,-3.5
"13135","5","54149","77","0","2025","4","",12,25,30,23,304170,107523,283,900,"",0.65,0.49,0.58,0.45,0.25,1.80,0.28,0.51,"",1,9.1,-2,-7.4,3,11.1,-7,-23.3,-159470,-34.4,30489,39.6,-1093,-79.4,-374,-29.4
"13135","5","541490","78","0","2025","4","",12,25,30,23,304170,107523,283,900,"",0.65,0.49,0.58,0.45,0.25,1.80,0.28,0.51,"",1,9.1,-2,-7.4,3,11.1,-7,-23.3,-159470,-34.4,30489,39.6,-1093,-79.4,-374,-29.4
"13135","5","5415","76","0","2025","4","",1133,7510,7456,7169,231922799,6755556,89716,2418,"",0.95,1.25,1.24,1.21,1.00,1.27,1.10,0.81,"",-39,-3.3,-222,-2.9,-176,-2.3,-174,-2.4,-7315846,-3.1,-732103,-9.8,-32359,-26.5,-13,-0.5
"13135","5","54151","77","0","2025","4","",1133,7510,7456,7169,231922799,6755556,89716,2418,"",0.95,1.25,1.24,1.21,1.00,1.27,1.10,0.81,"",-39,-3.3,-222,-2.9,-176,-2.3,-174,-2.4,-7315846,-3.1,-732103,-9.8,-32359,-26.5,-13,-0.5
"13135","5","541511","78","0","2025","4","",427,2491,2487,2354,79366322,1907689,25178,2498,"",0.75,0.93,0.93,0.89,0.68,0.86,0.70,0.74,"",-18,-4.0,-9,-0.4,-19,-0.8,5,0.2,3357228,4.4,-109155,-5.4,-6826,-21.3,113,4.7
"13135","5","541512","78","0","2025","4","",605,4464,4414,4264,138220588,3781650,49911,2427,"",1.20,1.61,1.59,1.55,1.43,1.47,1.32,0.90,"",-23,-3.7,-444,-9.0,-388,-8.1,-406,-8.7,-16192825,-10.5,-1133435,-23.1,-32228,-39.2,-51,-2.1
"13135","5","541513","78","0","2025","4","",12,33,35,35,632075,27559,389,1416,"",0.61,0.17,0.18,0.18,0.11,0.19,0.21,0.60,"",1,9.1,-18,-35.3,-15,-30.0,-14,-28.6,-440312,-41.1,-12511,-31.2,-674,-63.4,-234,-14.2
"13135","5","541519","78","0","2025","4","",89,522,520,516,13703814,1038658,14238,2030,"",0.88,1.46,1.44,1.44,1.09,2.81,2.55,0.75,"",1,1.1,249,91.2,246,89.8,241,87.6,5960063,77.0,522998,101.4,7369,107.3,-144,-6.6
"13135","5","5416","76","0","2025","4","",1007,5034,5029,4980,123476535,5547997,71642,1894,"",0.82,1.08,1.07,1.06,0.89,1.06,0.96,0.84,"",22,2.2,360,7.7,301,6.4,268,5.7,3780490,3.2,483507,9.5,7257,11.3,-63,-3.2
"13135","5","54161","77","0","2025","4","",896,4496,4492,4434,108342757,5078399,65652,1863,"",0.88,1.16,1.15,1.14,0.93,1.18,1.06,0.81,"",16,1.8,362,8.8,330,7.9,278,6.7,4136978,4.0,587536,13.1,8961,15.8,-68,-3.5
"13135","5","541611","78","0","2025","4","",377,2380,2357,2349,62539387,2450307,22075,2037,"",0.72,1.13,1.11,1.11,0.88,1.09,0.70,0.79,"",-13,-3.3,67,2.9,28,1.2,27,1.2,-1653826,-2.6,-80235,-3.2,-307,-1.4,-90,-4.2
"13135","5","541612","78","0","2025","4","",48,589,587,554,6907387,847998,22298,921,"",1.02,2.57,2.55,2.43,1.08,3.37,6.30,0.43,"",-3,-5.9,257,77.4,271,85.8,252,83.4,2400278,53.3,350444,70.4,11356,103.8,-174,-15.9
"13135","5","541613","78","0","2025","4","",251,649,650,648,18391179,581492,8138,2180,"",0.91,0.81,0.80,0.80,0.90,0.57,0.52,1.11,"",11,4.6,-64,-9.0,-59,-8.3,-60,-8.5,-542281,-2.9,116444,25.0,1621,24.9,129,6.3
"13135","5","541614","78","0","2025","4","",67,186,179,191,3792079,130252,1981,1574,"",1.18,0.46,0.44,0.46,0.44,0.30,0.32,0.97,"",-3,-4.3,7,3.9,-6,-3.2,8,4.4,85259,2.3,-16911,-11.5,-221,-10.0,10,0.6
"13135","5","541618","78","0","2025","4","",153,692,719,692,16712725,1068350,11160,1834,"",1.37,2.13,2.20,2.12,1.79,2.99,2.09,0.83,"",24,18.6,95,15.9,96,15.4,51,8.0,3847548,29.9,217794,25.6,-3488,-23.8,239,15.0
"13135","5","54162","77","0","2025","4","",28,270,266,273,7171403,103852,843,2046,"",0.63,1.04,1.02,1.05,1.18,0.40,0.27,1.14,"",-2,-6.7,-11,-3.9,-44,-14.2,-28,-9.3,-657048,-8.4,-227092,-68.6,-2196,-72.3,21,1.0
"13135","5","541620","78","0","2025","4","",28,270,266,273,7171403,103852,843,2046,"",0.63,1.04,1.02,1.05,1.18,0.40,0.27,1.14,"",-2,-6.7,-11,-3.9,-44,-14.2,-28,-9.3,-657048,-8.4,-227092,-68.6,-2196,-72.3,21,1.0
"13135","5","54169","77","0","2025","4","",83,268,271,273,7962375,365746,5147,2263,"",0.50,0.50,0.50,0.51,0.49,0.56,0.56,0.98,"",8,10.7,9,3.5,15,5.9,18,7.1,300560,3.9,123063,50.7,492,10.6,-33,-1.4
"13135","5","541690","78","0","2025","4","",83,268,271,273,7962375,365746,5147,2263,"",0.50,0.50,0.50,0.51,0.49,0.56,0.56,0.98,"",8,10.7,9,3.5,15,5.9,18,7.1,300560,3.9,123063,50.7,492,10.6,-33,-1.4
"13135","5","5417","76","0","2025","4","",49,1039,1030,990,31699383,419088,5426,2391,"",0.29,0.45,0.45,0.43,0.34,0.29,0.28,0.76,"",-7,-12.5,9,0.9,-8,-0.8,-32,-3.1,1420698,4.7,-160823,-27.7,-517,-8.7,130,5.7
"13135","5","54171","77","0","2025","4","",42,1002,994,958,31154371,344758,2569,2434,"",0.27,0.47,0.46,0.45,0.35,0.25,0.14,0.75,"",-7,-14.3,15,1.5,-2,-0.2,-22,-2.2,1362304,4.6,-181061,-34.4,-1717,-40.1,114,4.9
"13135","5","541713","78","0","2025","4","N",2,0,0,0,0,0,0,0,"N",0.28,0,0,0,0,0,0,0,"N",-1,-33.3,0,0,0,0,0,0,0,0,0,0,0,0,0,0
"13135","5","541714","78","0","2025","4","N",18,0,0,0,0,0,0,0,"N",0.27,0,0,0,0,0,0,0,"N",-3,-14.3,0,0,0,0,0,0,0,0,0,0,0,0,0,0
"13135","5","541715","78","0","2025","4","",22,714,707,670,22339047,238153,1897,2465,"",0.27,0.52,0.51,0.49,0.42,0.29,0.19,0.83,"",-3,-12.0,31,4.5,15,2.2,-9,-1.3,1810615,8.8,-145859,-38.0,-1773,-48.3,159,6.9
"13135","5","54172","77","0","2025","4","",7,37,36,32,545012,74330,2857,1198,"",0.40,0.24,0.23,0.21,0.16,0.77,2.33,0.71,"",0,0.0,-6,-14.0,-6,-14.3,-10,-23.8,58394,12.0,20238,37.4,1200,72.4,314,35.5
"13135","5","541720","78","0","2025","4","",7,37,36,32,545012,74330,2857,1198,"",0.40,0.24,0.23,0.21,0.16,0.77,2.33,0.71,"",0,0.0,-6,-14.0,-6,-14.3,-10,-23.8,58394,12.0,20238,37.4,1200,72.4,314,35.5
"13135","5","5418","76","0","2025","4","",169,1102,1096,1113,20510554,1033413,9215,1430,"",0.75,0.92,0.91,0.93,0.67,0.92,0.57,0.72,"",1,0.6,-85,-7.2,-116,-9.6,-90,-7.5,-2739675,-11.8,-174721,-14.5,-2090,-18.5,-60,-4.0
"13135","5","54181","77","0","2025","4","",53,288,284,287,6164074,152267,2129,1656,"",0.48,0.56,0.55,0.56,0.39,0.35,0.29,0.71,"",2,3.9,-83,-22.4,-93,-24.7,-75,-20.7,-2210850,-26.4,-133915,-46.8,-2325,-52.2,-85,-4.9
"13135","5","541810","78","0","2025","4","",53,288,284,287,6164074,152267,2129,1656,"",0.48,0.56,0.55,0.56,0.39,0.35,0.29,0.71,"",2,3.9,-83,-22.4,-93,-24.7,-75,-20.7,-2210850,-26.4,-133915,-46.8,-2325,-52.2,-85,-4.9
"13135","5","54182","77","0","2025","4","",25,77,80,86,1570146,218469,772,1491,"",0.58,0.49,0.51,0.55,0.27,1.63,0.35,0.52,"",0,0.0,3,4.1,-13,-14.0,8,10.3,146147,10.3,42079,23.9,561,265.9,150,11.2
"13135","5","541820","78","0","2025","4","",25,77,80,86,1570146,218469,772,1491,"",0.58,0.49,0.51,0.55,0.27,1.63,0.35,0.52,"",0,0.0,3,4.1,-13,-14.0,8,10.3,146147,10.3,42079,23.9,561,265.9,150,11.2
"13135","5","54183","77","0","2025","4","N",1,0,0,0,0,0,0,0,"N",0.22,0,0,0,0,0,0,0,"N",1,100.0,0,0,0,0,0,0,0,0,0,0,0,0,0,0
"13135","5","541830","78","0","2025","4","N",1,0,0,0,0,0,0,0,"N",0.22,0,0,0,0,0,0,0,"N",1,100.0,0,0,0,0,0,0,0,0,0,0,0,0,0,0
"13135","5","54184","77","0","2025","4","",11,42,43,42,1034197,2362,52,1879,"",1.11,1.02,1.04,1.02,0.88,0.07,0.12,0.86,"",1,10.0,4,10.5,7,19.4,4,10.5,125323,13.8,-19204,-89.0,-216,-80.6,6,0.3
"13135","5","541840","78","0","2025","4","",11,42,43,42,1034197,2362,52,1879,"",1.11,1.02,1.04,1.02,0.88,0.07,0.12,0.86,"",1,10.0,4,10.5,7,19.4,4,10.5,125323,13.8,-19204,-89.0,-216,-80.6,6,0.3
"13135","5","54185","77","0","2025","4","",12,110,112,110,2611124,82662,574,1815,"",1.44,1.46,1.50,1.49,1.84,1.07,0.62,1.24,"",0,0.0,-41,-27.2,-33,-22.8,-36,-24.7,-730720,-21.9,-16151,-16.3,148,34.7,70,4.0
"13135","5","541850","78","0","2025","4","",12,110,112,110,2611124,82662,574,1815,"",1.44,1.46,1.50,1.49,1.84,1.07,0.62,1.24,"",0,0.0,-41,-27.2,-33,-22.8,-36,-24.7,-730720,-21.9,-16151,-16.3,148,34.7,70,4.0
"13135","5","54186","77","0","2025","4","",8,109,110,110,2243325,64741,555,1574,"",1.15,1.43,1.45,1.46,1.56,0.92,0.61,1.08,"",-1,-11.1,-8,-6.8,-5,-4.3,-6,-5.2,34580,1.6,14467,28.8,-206,-27.1,109,7.4
"13135","5","541860","78","0","2025","4","",8,109,110,110,2243325,64741,555,1574,"",1.15,1.43,1.45,1.46,1.56,0.92,0.61,1.08,"",-1,-11.1,-8,-6.8,-5,-4.3,-6,-5.2,34580,1.6,14467,28.8,-206,-27.1,109,7.4
"13135","5","54187","77","0","2025","4","N",13,0,0,0,0,0,0,0,"N",1.22,0,0,0,0,0,0,0,"N",0,0.0,0,0,0,0,0,0,0,0,0,0,0,0,0,0
"13135","5","541870","78","0","2025","4","N",13,0,0,0,0,0,0,0,"N",1.22,0,0,0,0,0,0,0,"N",0,0.0,0,0,0,0,0,0,0,0,0,0,0,0,0,0
"13135","5","54189","77","0","2025","4","",46,455,447,458,6696608,499419,4988,1136,"",1.54,1.88,1.81,1.87,2.17,1.67,1.60,1.17,"",-2,-4.2,43,10.4,25,5.9,19,4.3,-31448,-0.5,-56879,-10.2,206,4.3,-84,-6.9
"13135","5","541890","78","0","2025","4","",46,455,447,458,6696608,499419,4988,1136,"",1.54,1.88,1.81,1.87,2.17,1.67,1.60,1.17,"",-2,-4.2,43,10.4,25,5.9,19,4.3,-31448,-0.5,-56879,-10.2,206,4.3,-84,-6.9
"13135","5","5419","76","0","2025","4","",364,2720,2728,2777,47709949,2438579,32526,1339,"",0.88,1.22,1.21,1.24,1.17,0.88,1.04,0.95,"",-5,-1.4,-54,-1.9,-64,-2.3,-73,-2.6,481076,1.0,-202446,-7.7,-9626,-22.8,44,3.4
"13135","5","54191","77","0","2025","4","",27,281,287,287,5035676,172038,2418,1359,"",0.93,1.79,1.82,1.83,1.20,1.35,1.27,0.66,"",-1,-3.6,34,13.8,36,14.3,26,10.0,810856,19.2,48682,39.5,634,35.5,74,5.8
"13135","5","541910","78","0","2025","4","",27,281,287,287,5035676,172038,2418,1359,"",0.93,1.79,1.82,1.83,1.20,1.35,1.27,0.66,"",-1,-3.6,34,13.8,36,14.3,26,10.0,810856,19.2,48682,39.5,634,35.5,74,5.8
"13135","5","54192","77","0","2025","4","",66,231,210,224,1891358,374200,11685,656,"",1.34,1.77,1.59,1.64,1.38,1.72,2.93,0.83,"",-7,-9.6,-18,-7.2,-36,-14.6,-36,-13.8,-251063,-11.7,-4684,-1.2,506,4.5,1,0.2
"13135","5","541921","78","0","2025","4","",48,158,155,159,1224791,266220,11130,599,"",1.39,1.58,1.54,1.51,1.36,1.51,3.32,0.88,"",-5,-9.4,-23,-12.7,-39,-20.1,-24,-13.1,-281525,-18.7,-6514,-2.4,464,4.4,-24,-3.9
"13135","5","541922","78","0","2025","4","",18,73,55,65,666567,107980,555,797,"",1.23,2.39,1.78,2.04,1.42,2.60,0.87,0.68,"",-2,-10.0,5,7.4,3,5.8,-12,-15.6,30462,4.8,1830,1.7,42,8.2,52,7.0
"13135","5","54193","77","0","2025","4","",17,18,16,16,288736,17800,266,1333,"",1.15,0.19,0.17,0.18,0.23,0.21,0.26,1.26,"",-2,-10.5,-22,-55.0,-23,-59.0,-25,-61.0,-288265,-50.0,-3660,-17.1,-82,-23.6,223,20.1
"13135","5","541930","78","0","2025","4","",17,18,16,16,288736,17800,266,1333,"",1.15,0.19,0.17,0.18,0.23,0.21,0.26,1.26,"",-2,-10.5,-22,-55.0,-23,-59.0,-25,-61.0,-288265,-50.0,-3660,-17.1,-82,-23.6,223,20.1
"13135","5","54194","77","0","2025","4","",92,1263,1249,1269,16255546,1066897,10574,992,"",0.90,1.07,1.05,1.06,1.00,0.72,0.86,0.95,"",-4,-4.2,-28,-2.2,-40,-3.1,-50,-3.8,515038,3.3,-215613,-16.8,-5812,-35.5,60,6.4
"13135","5","541940","78","0","2025","4","",92,1263,1249,1269,16255546,1066897,10574,992,"",0.90,1.07,1.05,1.06,1.00,0.72,0.86,0.95,"",-4,-4.2,-28,-2.2,-40,-3.1,-50,-3.8,515038,3.3,-215613,-16.8,-5812,-35.5,60,6.4
"13135","5","54199","77","0","2025","4","",162,927,966,981,24238633,807644,7583,1946,"",0.75,1.38,1.43,1.46,1.36,0.96,0.64,0.95,"",9,5.9,-20,-2.1,-1,-0.1,12,1.2,-305490,-1.2,-27171,-3.3,-4872,-39.1,-19,-1.0
"13135","5","541990","78","0","2025","4","",162,927,966,981,24238633,807644,7583,1946,"",0.75,1.38,1.43,1.46,1.36,0.96,0.64,0.95,"",9,5.9,-20,-2.1,-1,-0.1,12,1.2,-305490,-1.2,-27171,-3.3,-4872,-39.1,-19,-1.0
"13135","5","55","74","0","2025","4","",164,7173,7206,7230,223450049,9126321,56532,2386,"",0.55,1.10,1.09,1.10,0.92,1.12,0.71,0.84,"",-11,-6.3,-389,-5.1,-352,-4.7,-301,-4.0,-5506680,-2.4,-353898,-3.7,13295,30.7,53,2.3
"13135","5","551","75","0","2025","4","",164,7173,7206,7230,223450049,9126321,56532,2386,"",0.55,1.10,1.09,1.10,0.92,1.12,0.71,0.84,"",-11,-6.3,-389,-5.1,-352,-4.7,-301,-4.0,-5506680,-2.4,-353898,-3.7,13295,30.7,53,2.3
"13135","5","5511","76","0","2025","4","",164,7173,7206,7230,223450049,9126321,56532,2386,"",0.55,1.10,1.09,1.10,0.92,1.12,0.71,0.84,"",-11,-6.3,-389,-5.1,-352,-4.7,-301,-4.0,-5506680,-2.4,-353898,-3.7,13295,30.7,53,2.3
"13135","5","55111","77","0","2025","4","",164,7173,7206,7230,223450049,9126321,56532,2386,"",0.55,1.10,1.09,1.10,0.92,1.12,0.71,0.84,"",-11,-6.3,-389,-5.1,-352,-4.7,-301,-4.0,-5506680,-2.4,-353898,-3.7,13295,30.7,53,2.3
"13135","5","551111","78","0","2025","4","N",1,0,0,0,0,0,0,0,"N",0.36,0,0,0,0,0,0,0,"N",-1,-50.0,0,0,0,0,0,0,0,0,0,0,0,0,0,0
"13135","5","551112","78","0","2025","4","N",51,0,0,0,0,0,0,0,"N",1.09,0,0,0,0,0,0,0,"N",-4,-7.3,0,0,0,0,0,0,0,0,0,0,0,0,0,0
"13135","5","551114","78","0","2025","4","",112,6992,7025,7047,219439971,8964311,52768,2404,"",0.45,1.12,1.11,1.12,0.94,1.14,0.68,0.85,"",-6,-5.1,-374,-5.1,-346,-4.7,-294,-4.0,-4629723,-2.1,-293292,-3.2,11644,28.3,62,2.6
"13135","5","56","74","0","2025","4","",2297,32928,32825,31949,469033725,64002338,641406,1108,"",1.18,1.43,1.42,1.41,1.49,1.66,1.15,1.05,"",16,0.7,-832,-2.5,-92,-0.3,-429,-1.3,5432088,1.2,-516065,-0.8,-129040,-16.7,28,2.6
"13135","5","561","75","0","2025","4","",2215,31902,31806,30923,447400655,63245671,635062,1091,"",1.20,1.46,1.46,1.44,1.54,1.71,1.18,1.06,"",22,1.0,-796,-2.4,-84,-0.3,-412,-1.3,4813300,1.1,-398817,-0.6,-125672,-16.5,26,2.4
"13135","5","5611","76","0","2025","4","",184,1387,1374,1367,32679023,1282463,12403,1827,"",0.76,0.88,0.87,0.87,0.80,0.86,0.71,0.92,"",17,10.2,-53,-3.7,-80,-5.5,-93,-6.4,1431831,4.6,-541725,-29.7,-4738,-27.6,171,10.3
"13135","5","56111","77","0","2025","4","",184,1387,1374,1367,32679023,1282463,12403,1827,"",0.76,0.88,0.87,0.87,0.80,0.86,0.71,0.92,"",17,10.2,-53,-3.7,-80,-5.5,-93,-6.4,1431831,4.6,-541725,-29.7,-4738,-27.6,171,10.3
"13135","5","561110","78","0","2025","4","",184,1387,1374,1367,32679023,1282463,12403,1827,"",0.76,0.88,0.87,0.87,0.80,0.86,0.71,0.92,"",17,10.2,-53,-3.7,-80,-5.5,-93,-6.4,1431831,4.6,-541725,-29.7,-4738,-27.6,171,10.3
"13135","5","5612","76","0","2025","4","",12,209,212,210,1291657,196960,1022,472,"",0.52,0.46,0.46,0.46,0.19,0.37,0.14,0.42,"N",-1,-7.7,0,0,0,0,0,0,0,0,0,0,0,0,0,0
"13135","5","56121","77","0","2025","4","",12,209,212,210,1291657,196960,1022,472,"",0.52,0.46,0.46,0.46,0.19,0.37,0.14,0.42,"N",-1,-7.7,0,0,0,0,0,0,0,0,0,0,0,0,0,0
"13135","5","561210","78","0","2025","4","",12,209,212,210,1291657,196960,1022,472,"",0.52,0.46,0.46,0.46,0.19,0.37,0.14,0.42,"N",-1,-7.7,0,0,0,0,0,0,0,0,0,0,0,0,0,0
"13135","5","5613","76","0","2025","4","",608,15095,15175,14522,182608111,43976928,366823,941,"",1.43,1.82,1.80,1.74,1.72,2.28,1.22,0.96,"",17,2.9,757,5.3,1251,9.0,873,6.4,13231406,7.8,1221246,2.9,-143431,-28.1,8,0.9
"13135","5","56131","77","0","2025","4","",99,1815,1904,1947,21932532,4048219,75129,893,"",0.96,2.41,2.49,2.56,1.63,2.61,2.85,0.65,"",-5,-4.8,-30,-1.6,86,4.7,70,3.7,622478,2.9,172321,4.4,20721,38.1,5,0.6
"13135","5","561311","78","0","2025","4","",76,1668,1762,1801,18157941,3771354,72079,801,"",0.97,2.52,2.63,2.70,1.86,2.66,3.03,0.71,"",-2,-2.6,-52,-3.0,73,4.3,52,3.0,-193710,-1.1,199835,5.6,18660,34.9,-20,-2.4
"13135","5","561312","78","0","2025","4","",23,147,142,146,3774591,276865,3050,2002,"",0.94,1.58,1.51,1.57,1.02,2.05,1.18,0.65,"",-3,-11.5,22,17.6,13,10.1,18,14.1,816188,27.6,-27514,-9.0,2061,208.4,215,12.0
"13135","5","56132","77","0","2025","4","",279,10062,9995,9330,107178048,34295404,233645,842,"",1.04,1.55,1.51,1.43,1.48,2.13,0.94,0.99,"",10,3.7,844,9.2,977,10.8,583,6.7,12751166,13.5,1747573,5.4,-159805,-40.6,34,4.2
"13135","5","561320","78","0","2025","4","",279,10062,9995,9330,107178048,34295404,233645,842,"",1.04,1.55,1.51,1.43,1.48,2.13,0.94,0.99,"",10,3.7,844,9.2,977,10.8,583,6.7,12751166,13.5,1747573,5.4,-159805,-40.6,34,4.2
"13135","5","56133","77","0","2025","4","",230,3218,3276,3245,53497531,5633305,58049,1268,"",4.23,3.06,3.08,3.07,2.61,3.37,2.24,0.85,"",12,5.5,-57,-1.7,188,6.1,220,7.3,-142238,-0.3,-698648,-11.0,-4347,-7.0,-51,-3.9
"13135","5","561330","78","0","2025","4","",230,3218,3276,3245,53497531,5633305,58049,1268,"",4.23,3.06,3.08,3.07,2.61,3.37,2.24,0.85,"",12,5.5,-57,-1.7,188,6.1,220,7.3,-142238,-0.3,-698648,-11.0,-4347,-7.0,-51,-3.9
"13135","5","5614","76","0","2025","4","",252,3092,3074,3112,43030788,4413891,111427,1070,"",1.47,1.88,1.85,1.89,1.68,2.17,4.19,0.90,"",4,1.6,-670,-17.8,-574,-15.7,-566,-15.4,-3598595,-7.7,-936149,-17.5,-2626,-2.3,100,10.3
"13135","5","56141","77","0","2025","4","N",28,0,0,0,0,0,0,0,"N",1.34,0,0,0,0,0,0,0,"N",6,27.3,0,0,0,0,0,0,0,0,0,0,0,0,0,0
"13135","5","561410","78","0","2025","4","N",28,0,0,0,0,0,0,0,"N",1.34,0,0,0,0,0,0,0,"N",6,27.3,0,0,0,0,0,0,0,0,0,0,0,0,0,0
"13135","5","56142","77","0","2025","4","",37,1135,1149,1162,14740211,2890019,69007,987,"",0.89,1.38,1.37,1.40,1.38,2.53,4.51,0.99,"",-7,-15.9,-372,-24.7,-323,-21.9,-319,-21.5,-1159016,-7.3,-688248,-19.2,-3618,-5.0,164,19.9
"13135","5","561421","78","0","2025","4","",10,717,683,674,7247243,1054206,11912,806,"",1.11,8.66,8.14,8.19,6.37,9.50,9.66,0.76,"",-1,-9.1,-86,-10.7,-85,-11.1,-108,-13.8,-768569,-9.6,-349659,-24.9,1968,19.8,20,2.5
"13135","5","561422","78","0","2025","4","",27,418,466,488,7492968,1835813,57095,1260,"",0.83,0.56,0.62,0.66,0.78,1.78,4.06,1.28,"",-6,-18.2,-286,-40.6,-238,-33.8,-211,-30.2,-390447,-5.0,-338589,-15.6,-5586,-8.9,397,46.0
"13135","5","56143","77","0","2025","4","",80,859,848,848,13554350,510526,4849,1224,"",2.45,4.66,4.52,4.47,6.77,2.23,1.97,1.49,"",-3,-3.6,-102,-10.6,-42,-4.7,-44,-4.9,-1253964,-8.5,-41066,-7.4,-2485,-33.9,-22,-1.8
"13135","5","561431","78","0","2025","4","",40,189,185,187,1403184,282780,4448,577,"",2.43,2.18,2.08,2.07,2.02,2.22,3.29,0.95,"",-2,-4.8,-88,-31.8,-24,-11.5,-32,-14.6,-510745,-26.7,-80962,-22.3,-2295,-34.0,-49,-7.8
"13135","5","561439","78","0","2025","4","",40,670,663,661,12151166,227746,401,1406,"",2.47,6.85,6.72,6.65,9.30,2.23,0.36,1.38,"",-1,-2.4,-14,-2.0,-18,-2.6,-12,-1.8,-743219,-5.8,39896,21.2,-190,-32.1,-54,-3.7
"13135","5","56144","77","0","2025","4","",25,862,839,859,9913721,779241,32321,894,"",1.45,4.10,3.98,4.09,2.77,3.36,11.24,0.68,"",0,0.0,-188,-17.9,-204,-19.6,-199,-18.8,-1495945,-13.1,-171317,-18.0,3627,12.6,58,6.9
"13135","5","561440","78","0","2025","4","",25,862,839,859,9913721,779241,32321,894,"",1.45,4.10,3.98,4.09,2.77,3.36,11.24,0.68,"",0,0.0,-188,-17.9,-204,-19.6,-199,-18.8,-1495945,-13.1,-171317,-18.0,3627,12.6,58,6.9
"13135","5","56145","77","0","2025","4","N",4,0,0,0,0,0,0,0,"N",1.13,0,0,0,0,0,0,0,"N",1,33.3,0,0,0,0,0,0,0,0,0,0,0,0,0,0
"13135","5","561450","78","0","2025","4","N",4,0,0,0,0,0,0,0,"N",1.13,0,0,0,0,0,0,0,"N",1,33.3,0,0,0,0,0,0,0,0,0,0,0,0,0,0
"13135","5","56149","77","0","2025","4","",78,164,165,170,3848869,201871,4798,1780,"",1.41,0.56,0.56,0.58,0.62,0.63,1.03,1.09,"",7,9.9,-1,-0.6,-5,-2.9,-1,-0.6,379937,11.0,-12554,-5.9,156,3.4,198,12.5
"13135","5","561491","78","0","2025","4","N",2,0,0,0,0,0,0,0,"N",0.81,0,0,0,0,0,0,0,"N",0,0.0,0,0,0,0,0,0,0,0,0,0,0,0,0,0
"13135","5","561492","78","0","2025","4","N",10,0,0,0,0,0,0,0,"N",1.10,0,0,0,0,0,0,0,"N",-2,-16.7,0,0,0,0,0,0,0,0,0,0,0,0,0,0
"13135","5","561499","78","0","2025","4","",66,149,149,154,3550294,183701,4481,1813,"",1.51,0.61,0.61,0.64,0.65,0.67,1.09,1.05,"",9,15.8,13,9.6,9,6.4,14,10.0,577272,19.4,11814,6.9,852,23.5,164,9.9
"13135","5","5615","76","0","2025","4","",75,998,989,1000,27911801,278665,3254,2156,"",1.14,2.16,2.14,2.20,2.64,0.61,0.61,1.22,"N",3,4.2,0,0,0,0,0,0,0,0,0,0,0,0,0,0
"13135","5","56151","77","0","2025","4","",55,948,939,946,27027511,239374,2319,2202,"",1.41,5.08,5.02,5.10,5.83,1.36,1.11,1.15,"",3,5.8,-93,-8.9,-98,-9.5,-89,-8.6,-1695738,-5.9,-161562,-40.3,-684,-22.8,73,3.4
"13135","5","561510","78","0","2025","4","",55,948,939,946,27027511,239374,2319,2202,"",1.41,5.08,5.02,5.10,5.83,1.36,1.11,1.15,"",3,5.8,-93,-8.9,-98,-9.5,-89,-8.6,-1695738,-5.9,-161562,-40.3,-684,-22.8,73,3.4
"13135","5","56152","77","0","2025","4","",8,26,27,27,681580,7776,118,1966,"",0.80,0.42,0.46,0.48,0.67,0.08,0.11,1.49,"N",0,0.0,0,0,0,0,0,0,0,0,0,0,0,0,0,0
"13135","5","561520","78","0","2025","4","",8,26,27,27,681580,7776,118,1966,"",0.80,0.42,0.46,0.48,0.67,0.08,0.11,1.49,"N",0,0.0,0,0,0,0,0,0,0,0,0,0,0,0,0,0
"13135","5","56159","77","0","2025","4","",12,24,23,27,202710,31515,817,632,"",0.72,0.11,0.11,0.13,0.04,0.17,0.38,0.36,"",0,0.0,-1,-4.0,-4,-14.8,-2,-6.9,-44236,-17.9,-15262,-32.6,-451,-35.6,-72,-10.2
"13135","5","561591","78","0","2025","4","",6,7,7,7,144674,2115,1,1590,"",2.11,0.29,0.29,0.29,0.33,0.10,0.00,1.12,"",0,0.0,-1,-12.5,-1,-12.5,-2,-22.2,-2915,-2.0,377,21.7,0,0.0,228,16.7
"13135","5","561599","78","0","2025","4","",6,17,16,20,58036,29400,816,253,"",0.43,0.09,0.08,0.11,0.01,0.18,0.42,0.14,"",0,0.0,0,0.0,-3,-15.8,0,0.0,-41321,-41.6,-15639,-34.7,-451,-35.6,-156,-38.1
"13135","5","5616","76","0","2025","4","",107,1919,2052,1974,36800705,1842549,20558,1429,"",0.95,0.72,0.77,0.76,1.25,0.48,0.41,1.67,"",-5,-4.5,-101,-5.0,26,1.3,56,2.9,1064845,3.0,-112826,-5.8,-1909,-8.5,46,3.3
"13135","5","56161","77","0","2025","4","",53,865,997,893,13401719,1213231,11674,1123,"",0.77,0.38,0.44,0.41,0.62,0.35,0.25,1.51,"",-2,-3.6,-98,-10.2,26,2.7,20,2.3,632175,5.0,-100586,-7.7,-199,-1.7,73,7.0
"13135","5","561611","78","0","2025","4","N",24,0,0,0,0,0,0,0,"N",1.47,0,0,0,0,0,0,0,"N",-2,-7.7,0,0,0,0,0,0,0,0,0,0,0,0,0,0
"13135","5","561612","78","0","2025","4","",28,550,685,572,7719743,1053138,10085,986,"",0.56,0.26,0.33,0.28,0.40,0.33,0.23,1.38,"",0,0.0,-77,-12.3,55,8.7,39,7.3,137285,1.8,-38142,-3.5,840,9.1,8,0.8
"13135","5","561613","78","0","2025","4","N",1,0,0,0,0,0,0,0,"N",0.40,0,0,0,0,0,0,0,"N",0,0.0,0,0,0,0,0,0,0,0,0,0,0,0,0,0
"13135","5","56162","77","0","2025","4","",54,1054,1055,1081,23398986,629318,8884,1693,"",1.23,2.66,2.66,2.72,3.02,1.49,2.04,1.13,"",-3,-5.3,-3,-0.3,0,0.0,36,3.4,432670,1.9,-12240,-1.9,-1710,-16.1,14,0.8
"13135","5","561621","78","0","2025","4","",36,765,766,783,16888726,497935,5864,1684,"",1.13,2.16,2.16,2.21,2.37,1.33,1.49,1.09,"",-2,-5.3,1,0.1,4,0.5,23,3.0,824943,5.1,-29930,-5.7,-1791,-23.4,62,3.8
"13135","5","561622","78","0","2025","4","",18,289,289,298,6510260,131383,3020,1715,"",1.50,6.83,6.82,7.08,10.75,2.83,7.04,1.56,"",-1,-5.3,-4,-1.4,-4,-1.4,13,4.6,-392273,-5.7,17690,15.6,81,2.8,-114,-6.2
"13135","5","5617","76","0","2025","4","",905,8085,7893,7664,106420726,10082019,105948,1039,"",1.27,1.38,1.37,1.39,1.80,1.24,0.97,1.31,"",-7,-0.8,-495,-5.8,-390,-4.7,-417,-5.2,-4889302,-4.4,695374,7.4,29266,38.2,9,0.9
"13135","5","56171","77","0","2025","4","",75,1185,1164,1158,21014215,1265539,16208,1383,"",1.50,3.03,3.01,3.04,4.01,3.11,3.84,1.33,"",-1,-1.3,-109,-8.4,-114,-8.9,-117,-9.2,-493735,-2.3,-69160,-5.2,2682,19.8,93,7.2
"13135","5","561710","78","0","2025","4","",75,1185,1164,1158,21014215,1265539,16208,1383,"",1.50,3.03,3.01,3.04,4.01,3.11,3.84,1.33,"",-1,-1.3,-109,-8.4,-114,-8.9,-117,-9.2,-493735,-2.3,-69160,-5.2,2682,19.8,93,7.2
"13135","5","56172","77","0","2025","4","",357,2367,2384,2345,22983064,3840549,27277,747,"",1.52,0.88,0.88,0.88,1.08,1.01,0.67,1.23,"",-1,-0.3,-246,-9.4,-151,-6.0,-134,-5.4,545570,2.4,282379,7.9,-494,-1.8,68,10.0
"13135","5","561720","78","0","2025","4","",357,2367,2384,2345,22983064,3840549,27277,747,"",1.52,0.88,0.88,0.88,1.08,1.01,0.67,1.23,"",-1,-0.3,-246,-9.4,-151,-6.0,-134,-5.4,545570,2.4,282379,7.9,-494,-1.8,68,10.0
"13135","5","56173","77","0","2025","4","",386,3872,3709,3521,53180489,4025421,46047,1105,"",1.11,1.61,1.61,1.67,1.90,1.18,0.80,1.17,"",-1,-0.3,49,1.3,5,0.1,-59,-1.6,-3873584,-6.8,454303,12.7,21960,91.2,-80,-6.8
"13135","5","561730","78","0","2025","4","",386,3872,3709,3521,53180489,4025421,46047,1105,"",1.11,1.61,1.61,1.67,1.90,1.18,0.80,1.17,"",-1,-0.3,49,1.3,5,0.1,-59,-1.6,-3873584,-6.8,454303,12.7,21960,91.2,-80,-6.8
"13135","5","56174","77","0","2025","4","",22,44,46,44,451576,82919,1542,778,"",1.19,0.52,0.54,0.53,0.48,0.65,1.11,0.91,"",-1,-4.3,-117,-72.7,-121,-72.5,-113,-72.0,-1642469,-78.4,-102191,-55.2,-664,-30.1,-218,-21.9
"13135","5","561740","78","0","2025","4","",22,44,46,44,451576,82919,1542,778,"",1.19,0.52,0.54,0.53,0.48,0.65,1.11,0.91,"",-1,-4.3,-117,-72.7,-121,-72.5,-113,-72.0,-1642469,-78.4,-102191,-55.2,-664,-30.1,-218,-21.9
"13135","5","56179","77","0","2025","4","",65,617,590,596,8791382,867591,14874,1125,"",1.05,2.13,2.07,2.12,2.45,2.19,2.45,1.16,"",-3,-4.4,-72,-10.4,-9,-1.5,6,1.0,574916,7.0,130043,17.6,5782,63.6,115,11.4
"13135","5","561790","78","0","2025","4","",65,617,590,596,8791382,867591,14874,1125,"",1.05,2.13,2.07,2.12,2.45,2.19,2.45,1.16,"",-3,-4.4,-72,-10.4,-9,-1.5,6,1.0,574916,7.0,130043,17.6,5782,63.6,115,11.4
"13135","5","5619","76","0","2025","4","",72,1117,1037,1074,16657844,1172196,13627,1191,"",0.78,1.32,1.24,1.32,1.35,0.94,0.67,1.04,"N",-6,-7.7,0,0,0,0,0,0,0,0,0,0,0,0,0,0
"13135","5","56191","77","0","2025","4","N",4,0,0,0,0,0,0,0,"N",0.47,0,0,0,0,0,0,0,"N",0,0.0,0,0,0,0,0,0,0,0,0,0,0,0,0,0
"13135","5","561910","78","0","2025","4","N",4,0,0,0,0,0,0,0,"N",0.47,0,0,0,0,0,0,0,"N",0,0.0,0,0,0,0,0,0,0,0,0,0,0,0,0,0
"13135","5","56192","77","0","2025","4","",27,629,617,680,10839372,566535,6142,1299,"",1.15,3.79,3.91,4.54,3.81,2.30,1.09,0.94,"",-4,-12.9,-58,-8.4,-61,-9.0,-7,-1.0,646664,6.3,-66880,-10.6,3192,108.2,153,13.4
"13135","5","561920","78","0","2025","4","",27,629,617,680,10839372,566535,6142,1299,"",1.15,3.79,3.91,4.54,3.81,2.30,1.09,0.94,"",-4,-12.9,-58,-8.4,-61,-9.0,-7,-1.0,646664,6.3,-66880,-10.6,3192,108.2,153,13.4
"13135","5","56199","77","0","2025","4","N",41,0,0,0,0,0,0,0,"N",0.68,0,0,0,0,0,0,0,"N",-2,-4.7,0,0,0,0,0,0,0,0,0,0,0,0,0,0
"13135","5","561990","78","0","2025","4","N",41,0,0,0,0,0,0,0,"N",0.68,0,0,0,0,0,0,0,"N",-2,-4.7,0,0,0,0,0,0,0,0,0,0,0,0,0,0
"13135","5","562","75","0","2025","4","",82,1026,1019,1026,21633070,756667,6344,1626,"",0.77,0.79,0.78,0.79,0.90,0.49,0.31,1.15,"",-6,-6.8,-36,-3.4,-8,-0.8,-17,-1.6,618788,2.9,-117248,-13.4,-3368,-34.7,78,5.0
"13135","5","5621","76","0","2025","4","",26,625,624,616,13746024,278462,3094,1701,"",0.64,1.12,1.11,1.11,1.46,0.45,0.43,1.31,"",3,13.0,44,7.6,48,8.3,48,8.5,1602445,13.2,-74994,-21.2,-900,-22.5,76,4.7
"13135","5","56211","77","0","2025","4","",26,625,624,616,13746024,278462,3094,1701,"",0.64,1.12,1.11,1.11,1.46,0.45,0.43,1.31,"",3,13.0,44,7.6,48,8.3,48,8.5,1602445,13.2,-74994,-21.2,-900,-22.5,76,4.7
"13135","5","562111","78","0","2025","4","N",20,0,0,0,0,0,0,0,"N",0.64,0,0,0,0,0,0,0,"N",1,5.3,0,0,0,0,0,0,0,0,0,0,0,0,0,0
"13135","5","562112","78","0","2025","4","N",1,0,0,0,0,0,0,0,"N",0.47,0,0,0,0,0,0,0,"N",1,100.0,0,0,0,0,0,0,0,0,0,0,0,0,0,0
"13135","5","562119","78","0","2025","4","N",5,0,0,0,0,0,0,0,"N",0.69,0,0,0,0,0,0,0,"N",1,25.0,0,0,0,0,0,0,0,0,0,0,0,0,0,0
"13135","5","5622","76","0","2025","4","",12,73,75,77,1872197,38833,245,1920,"",0.89,0.26,0.27,0.28,0.33,0.16,0.09,1.21,"",-2,-14.3,-38,-34.2,-26,-25.7,-41,-34.7,-497048,-21.0,-206860,-84.2,-1120,-82.1,263,15.9
"13135","5","56221","77","0","2025","4","",12,73,75,77,1872197,38833,245,1920,"",0.89,0.26,0.27,0.28,0.33,0.16,0.09,1.21,"",-2,-14.3,-38,-34.2,-26,-25.7,-41,-34.7,-497048,-21.0,-206860,-84.2,-1120,-82.1,263,15.9
"13135","5","562211","78","0","2025","4","N",4,0,0,0,0,0,0,0,"N",0.95,0,0,0,0,0,0,0,"N",0,0.0,0,0,0,0,0,0,0,0,0,0,0,0,0,0
"13135","5","562212","78","0","2025","4","",6,16,16,16,459657,990,10,2210,"",1.28,0.16,0.16,0.16,0.23,0.01,0.01,1.43,"N",-2,-25.0,0,0,0,0,0,0,0,0,0,0,0,0,0,0
"13135","5","562219","78","0","2025","4","N",2,0,0,0,0,0,0,0,"N",0.49,0,0,0,0,0,0,0,"N",0,0.0,0,0,0,0,0,0,0,0,0,0,0,0,0,0
"13135","5","5629","76","0","2025","4","",44,328,320,333,6014849,439372,3005,1415,"",0.83,0.70,0.68,0.72,0.68,0.66,0.28,0.97,"",-7,-13.7,-42,-11.4,-30,-8.6,-24,-6.7,-486609,-7.5,164606,59.9,-1348,-31.0,22,1.6
"13135","5","56291","77","0","2025","4","",30,170,164,171,2886810,199762,1610,1319,"",1.15,0.68,0.65,0.69,0.55,0.52,0.23,0.82,"",-5,-14.3,-11,-6.1,-4,-2.4,-2,-1.2,30531,1.1,52504,35.7,-797,-33.1,56,4.4
"13135","5","562910","78","0","2025","4","",30,170,164,171,2886810,199762,1610,1319,"",1.15,0.68,0.65,0.69,0.55,0.52,0.23,0.82,"",-5,-14.3,-11,-6.1,-4,-2.4,-2,-1.2,30531,1.1,52504,35.7,-797,-33.1,56,4.4
"13135","5","56292","77","0","2025","4","N",6,0,0,0,0,0,0,0,"N",1.13,0,0,0,0,0,0,0,"N",0,0.0,0,0,0,0,0,0,0,0,0,0,0,0,0,0
"13135","5","562920","78","0","2025","4","N",6,0,0,0,0,0,0,0,"N",1.13,0,0,0,0,0,0,0,"N",0,0.0,0,0,0,0,0,0,0,0,0,0,0,0,0,0
"13135","5","56299","77","0","2025","4","N",8,0,0,0,0,0,0,0,"N",0.37,0,0,0,0,0,0,0,"N",-2,-20.0,0,0,0,0,0,0,0,0,0,0,0,0,0,0
"13135","5","562991","78","0","2025","4","N",6,0,0,0,0,0,0,0,"N",0.45,0,0,0,0,0,0,0,"N",-1,-14.3,0,0,0,0,0,0,0,0,0,0,0,0,0,0
"13135","5","562998","78","0","2025","4","N",2,0,0,0,0,0,0,0,"N",0.25,0,0,0,0,0,0,0,"N",-1,-33.3,0,0,0,0,0,0,0,0,0,0,0,0,0,0
"13135","5","61","74","0","2025","4","",429,5188,5149,4971,64186500,3191090,33110,968,"",0.89,0.62,0.61,0.60,0.52,0.65,0.62,0.86,"",-5,-1.2,37,0.7,-120,-2.3,-119,-2.3,24030,0.0,-521135,-14.0,-10330,-23.8,13,1.4
"13135","5","611","75","0","2025","4","",429,5188,5149,4971,64186500,3191090,33110,968,"",0.89,0.62,0.61,0.60,0.52,0.65,0.62,0.86,"",-5,-1.2,37,0.7,-120,-2.3,-119,-2.3,24030,0.0,-521135,-14.0,-10330,-23.8,13,1.4
"13135","5","6111","76","0","2025","4","",36,1783,1798,1573,22559434,706924,7322,1010,"",0.57,0.70,0.70,0.62,0.72,0.43,0.48,1.06,"",0,0.0,65,3.8,61,3.5,53,3.5,2015097,9.8,47062,7.1,432,6.3,57,6.0
"13135","5","61111","77","0","2025","4","",36,1783,1798,1573,22559434,706924,7322,1010,"",0.57,0.70,0.70,0.62,0.72,0.43,0.48,1.06,"",0,0.0,65,3.8,61,3.5,53,3.5,2015097,9.8,47062,7.1,432,6.3,57,6.0
"13135","5","611110","78","0","2025","4","",36,1783,1798,1573,22559434,706924,7322,1010,"",0.57,0.70,0.70,0.62,0.72,0.43,0.48,1.06,"",0,0.0,65,3.8,61,3.5,53,3.5,2015097,9.8,47062,7.1,432,6.3,57,6.0
"13135","5","6112","76","0","2025","4","N",3,0,0,0,0,0,0,0,"N",1.00,0,0,0,0,0,0,0,"N",0,0.0,0,0,0,0,0,0,0,0,0,0,0,0,0,0
"13135","5","61121","77","0","2025","4","N",3,0,0,0,0,0,0,0,"N",1.00,0,0,0,0,0,0,0,"N",0,0.0,0,0,0,0,0,0,0,0,0,0,0,0,0,0
"13135","5","611210","78","0","2025","4","N",3,0,0,0,0,0,0,0,"N",1.00,0,0,0,0,0,0,0,"N",0,0.0,0,0,0,0,0,0,0,0,0,0,0,0,0,0
"13135","5","6113","76","0","2025","4","",23,683,682,698,9759872,139151,599,1092,"",0.56,0.20,0.20,0.21,0.15,0.24,0.13,0.74,"",2,9.5,6,0.9,9,1.3,12,1.7,-650819,-6.3,-67587,-32.7,-1508,-71.6,-88,-7.5
"13135","5","61131","77","0","2025","4","",23,683,682,698,9759872,139151,599,1092,"",0.56,0.20,0.20,0.21,0.15,0.24,0.13,0.74,"",2,9.5,6,0.9,9,1.3,12,1.7,-650819,-6.3,-67587,-32.7,-1508,-71.6,-88,-7.5
"13135","5","611310","78","0","2025","4","",23,683,682,698,9759872,139151,599,1092,"",0.56,0.20,0.20,0.21,0.15,0.24,0.13,0.74,"",2,9.5,6,0.9,9,1.3,12,1.7,-650819,-6.3,-67587,-32.7,-1508,-71.6,-88,-7.5
"13135","5","6114","76","0","2025","4","N",57,0,0,0,0,0,0,0,"N",0.99,0,0,0,0,0,0,0,"N",3,5.6,0,0,0,0,0,0,0,0,0,0,0,0,0,0
"13135","5","61142","77","0","2025","4","N",12,0,0,0,0,0,0,0,"N",1.03,0,0,0,0,0,0,0,"N",3,33.3,0,0,0,0,0,0,0,0,0,0,0,0,0,0
"13135","5","611420","78","0","2025","4","N",12,0,0,0,0,0,0,0,"N",1.03,0,0,0,0,0,0,0,"N",3,33.3,0,0,0,0,0,0,0,0,0,0,0,0,0,0
"13135","5","61143","77","0","2025","4","",45,72,69,69,1177262,36655,240,1294,"",1.00,0.51,0.49,0.50,0.36,0.28,0.13,0.72,"",0,0.0,-23,-24.2,-28,-28.9,-27,-28.1,-967421,-45.1,-8789,-19.3,-102,-29.8,-424,-24.7
"13135","5","611430","78","0","2025","4","",45,72,69,69,1177262,36655,240,1294,"",1.00,0.51,0.49,0.50,0.36,0.28,0.13,0.72,"",0,0.0,-23,-24.2,-28,-28.9,-27,-28.1,-967421,-45.1,-8789,-19.3,-102,-29.8,-424,-24.7
"13135","5","6115","76","0","2025","4","",24,254,256,252,4212029,205982,1704,1276,"",0.70,0.77,0.77,0.77,0.87,0.54,0.35,1.13,"",-1,-4.0,-10,-3.8,-6,-2.3,-7,-2.7,40634,1.0,-21925,-9.6,112,7.0,50,4.1
"13135","5","61151","77","0","2025","4","",24,254,256,252,4212029,205982,1704,1276,"",0.70,0.77,0.77,0.77,0.87,0.54,0.35,1.13,"",-1,-4.0,-10,-3.8,-6,-2.3,-7,-2.7,40634,1.0,-21925,-9.6,112,7.0,50,4.1
"13135","5","611511","78","0","2025","4","",6,28,25,26,247254,10718,4,722,"",1.09,0.61,0.54,0.57,0.53,0.18,0.01,0.93,"",-1,-14.3,0,0.0,-1,-3.8,-1,-3.7,-10721,-4.2,-13743,-56.2,-81,-95.3,-13,-1.8
"13135","5","611512","78","0","2025","4","N",3,0,0,0,0,0,0,0,"N",0.56,0,0,0,0,0,0,0,"N",0,0.0,0,0,0,0,0,0,0,0,0,0,0,0,0,0
"13135","5","611513","78","0","2025","4","N",2,0,0,0,0,0,0,0,"N",0.42,0,0,0,0,0,0,0,"N",0,0.0,0,0,0,0,0,0,0,0,0,0,0,0,0,0
"13135","5","611519","78","0","2025","4","",13,88,88,84,1697087,66138,959,1506,"",0.69,0.53,0.52,0.51,0.72,0.37,0.37,1.37,"",0,0.0,-17,-16.2,-14,-13.7,-15,-15.2,231812,15.8,-11005,-14.3,-490,-33.8,401,36.3
"13135","5","6116","76","0","2025","4","",223,1490,1484,1451,10267834,1639712,18869,535,"",1.17,1.10,1.08,1.07,1.17,1.11,1.08,1.07,"",-4,-1.8,-125,-7.7,-134,-8.3,-133,-8.4,-1176244,-10.3,-250173,-13.2,-3644,-16.2,-13,-2.4
"13135","5","61161","77","0","2025","4","N",42,0,0,0,0,0,0,0,"N",0.91,0,0,0,0,0,0,0,"N",1,2.4,0,0,0,0,0,0,0,0,0,0,0,0,0,0
"13135","5","611610","78","0","2025","4","N",42,0,0,0,0,0,0,0,"N",0.91,0,0,0,0,0,0,0,"N",1,2.4,0,0,0,0,0,0,0,0,0,0,0,0,0,0
"13135","5","61162","77","0","2025","4","",85,496,493,515,3229217,456844,4109,495,"",1.35,1.06,1.04,1.09,1.20,0.89,0.71,1.13,"",-1,-1.2,-24,-4.6,-26,-5.0,5,1.0,-167402,-4.9,-49305,-9.7,-192,-4.5,-11,-2.2
"13135","5","611620","78","0","2025","4","",85,496,493,515,3229217,456844,4109,495,"",1.35,1.06,1.04,1.09,1.20,0.89,0.71,1.13,"",-1,-1.2,-24,-4.6,-26,-5.0,5,1.0,-167402,-4.9,-49305,-9.7,-192,-4.5,-11,-2.2
"13135","5","61163","77","0","2025","4","N",2,0,0,0,0,0,0,0,"N",0.35,0,0,0,0,0,0,0,"N",-3,-60.0,0,0,0,0,0,0,0,0,0,0,0,0,0,0
"13135","5","611630","78","0","2025","4","N",2,0,0,0,0,0,0,0,"N",0.35,0,0,0,0,0,0,0,"N",-3,-60.0,0,0,0,0,0,0,0,0,0,0,0,0,0,0
"13135","5","61169","77","0","2025","4","",94,702,708,690,5366425,818596,10269,590,"",1.25,1.39,1.38,1.37,1.35,1.45,1.44,0.98,"",-1,-1.1,-32,-4.4,-30,-4.1,-53,-7.1,-39851,-0.7,-90441,-9.9,-2906,-22.1,27,4.8
"13135","5","611691","78","0","2025","4","",67,535,547,524,3616607,649190,9085,520,"",2.08,2.15,2.14,2.10,1.99,2.48,2.52,0.93,"",-1,-1.5,1,0.2,8,1.5,-18,-3.3,81573,2.3,-66867,-9.3,565,6.6,15,3.0
"13135","5","611692","78","0","2025","4","",8,91,84,87,565944,92055,59,498,"",1.02,2.18,2.03,2.15,2.02,1.73,0.11,0.95,"",0,0.0,-1,-1.1,-9,-9.7,-4,-4.4,37831,7.2,-15622,-14.5,-2449,-97.6,56,12.7
"13135","5","611699","78","0","2025","4","",19,76,77,79,1183874,77351,1125,1178,"",0.54,0.36,0.36,0.37,0.63,0.31,0.37,1.75,"",0,0.0,-32,-29.6,-29,-27.4,-31,-28.2,-159255,-11.9,-7952,-9.3,-1022,-47.6,221,23.1
"13135","5","6117","76","0","2025","4","",63,791,746,814,14047128,373333,3481,1379,"",0.66,1.49,1.38,1.51,1.75,0.64,0.42,1.20,"",-5,-7.4,108,15.8,-16,-2.1,21,2.6,1816176,14.8,-202833,-35.2,-4238,-54.9,118,9.4
"13135","5","61171","77","0","2025","4","",63,791,746,814,14047128,373333,3481,1379,"",0.66,1.49,1.38,1.51,1.75,0.64,0.42,1.20,"",-5,-7.4,108,15.8,-16,-2.1,21,2.6,1816176,14.8,-202833,-35.2,-4238,-54.9,118,9.4
"13135","5","611710","78","0","2025","4","",63,791,746,814,14047128,373333,3481,1379,"",0.66,1.49,1.38,1.51,1.75,0.64,0.42,1.20,"",-5,-7.4,108,15.8,-16,-2.1,21,2.6,1816176,14.8,-202833,-35.2,-4238,-54.9,118,9.4
"13135","5","62","74","0","2025","4","",3268,47064,47304,47286,711427732,48653559,652297,1159,"",0.54,0.81,0.81,0.81,0.80,0.94,1.17,0.99,"",50,1.6,1087,2.4,1015,2.2,1086,2.4,40763775,6.1,-1618073,-3.2,864,0.1,41,3.7
"13135","5","621","75","0","2025","4","",2495,26993,27122,27149,467926915,32035453,434719,1329,"",1.15,1.19,1.18,1.19,1.10,1.35,1.75,0.93,"",52,2.1,470,1.8,282,1.1,275,1.0,27624532,6.3,-1327689,-4.0,958,0.2,63,5.0
"13135","5","6211","76","0","2025","4","",763,7405,7427,7446,190465420,6998866,85574,1973,"",1.10,0.98,0.98,0.98,0.90,1.11,1.41,0.92,"",27,3.7,-141,-1.9,-208,-2.7,-262,-3.4,9523288,5.3,-941468,-11.9,-17453,-16.9,149,8.2
"13135","5","62111","77","0","2025","4","",763,7405,7427,7446,190465420,6998866,85574,1973,"",1.10,0.98,0.98,0.98,0.90,1.11,1.41,0.92,"",27,3.7,-141,-1.9,-208,-2.7,-262,-3.4,9523288,5.3,-941468,-11.9,-17453,-16.9,149,8.2
"13135","5","621111","78","0","2025","4","",724,7090,7103,7123,182702931,6566673,75291,1978,"",1.13,0.97,0.96,0.97,0.88,1.09,1.32,0.91,"",29,4.2,-160,-2.2,-224,-3.1,-271,-3.7,7938001,4.5,-914047,-12.2,-18690,-19.9,142,7.7
"13135","5","621112","78","0","2025","4","",39,315,324,323,7762489,432193,10283,1862,"",0.80,1.39,1.41,1.41,1.79,1.67,2.90,1.27,"",-2,-4.9,19,6.4,16,5.2,9,2.9,1585287,25.7,-27421,-6.0,1237,13.7,309,19.9
"13135","5","6212","76","0","2025","4","",495,3886,3857,3876,72429610,4248003,42443,1439,"",1.27,1.47,1.45,1.46,1.68,1.20,1.30,1.15,"",-6,-1.2,-73,-1.8,-122,-3.1,-121,-3.0,1643841,2.3,-290018,-6.4,-3686,-8.0,70,5.1
"13135","5","62121","77","0","2025","4","",495,3886,3857,3876,72429610,4248003,42443,1439,"",1.27,1.47,1.45,1.46,1.68,1.20,1.30,1.15,"",-6,-1.2,-73,-1.8,-122,-3.1,-121,-3.0,1643841,2.3,-290018,-6.4,-3686,-8.0,70,5.1
"13135","5","621210","78","0","2025","4","",495,3886,3857,3876,72429610,4248003,42443,1439,"",1.27,1.47,1.45,1.46,1.68,1.20,1.30,1.15,"",-6,-1.2,-73,-1.8,-122,-3.1,-121,-3.0,1643841,2.3,-290018,-6.4,-3686,-8.0,70,5.1
"13135","5","6213","76","0","2025","4","",616,4229,4301,4231,53627516,5487623,82002,970,"",0.98,1.25,1.26,1.25,1.27,1.18,1.63,1.02,"",13,2.2,366,9.5,397,10.2,299,7.6,5749678,12.0,670732,13.9,14450,21.4,26,2.8
"13135","5","62131","77","0","2025","4","",142,501,523,503,5243192,773766,13301,792,"",1.30,1.38,1.43,1.38,1.36,1.48,3.05,0.97,"",-2,-1.4,-13,-2.5,24,4.8,-21,-4.0,34840,0.7,191353,32.9,5554,71.7,10,1.3
"13135","5","621310","78","0","2025","4","",142,501,523,503,5243192,773766,13301,792,"",1.30,1.38,1.43,1.38,1.36,1.48,3.05,0.97,"",-2,-1.4,-13,-2.5,24,4.8,-21,-4.0,34840,0.7,191353,32.9,5554,71.7,10,1.3
"13135","5","62132","77","0","2025","4","",82,388,387,386,5077034,446305,5449,1009,"",1.36,1.00,0.99,0.99,0.98,0.88,1.36,0.99,"",3,3.8,9,2.4,17,4.6,30,8.4,633906,14.3,14548,3.4,-1814,-25.0,81,8.7
"13135","5","621320","78","0","2025","4","",82,388,387,386,5077034,446305,5449,1009,"",1.36,1.00,0.99,0.99,0.98,0.88,1.36,0.99,"",3,3.8,9,2.4,17,4.6,30,8.4,633906,14.3,14548,3.4,-1814,-25.0,81,8.7
"13135","5","62133","77","0","2025","4","",110,360,366,357,4097193,459446,6887,873,"",0.69,0.46,0.47,0.46,0.45,0.39,0.44,0.98,"",6,5.8,98,37.4,108,41.9,95,36.3,1090847,36.3,113127,32.7,1954,39.6,-14,-1.6
"13135","5","621330","78","0","2025","4","",110,360,366,357,4097193,459446,6887,873,"",0.69,0.46,0.47,0.46,0.45,0.39,0.44,0.98,"",6,5.8,98,37.4,108,41.9,95,36.3,1090847,36.3,113127,32.7,1954,39.6,-14,-1.6
"13135","5","62134","77","0","2025","4","",150,2460,2494,2469,31334864,3089153,44500,974,"",0.97,1.87,1.88,1.87,1.97,1.88,2.70,1.05,"",1,0.7,215,9.6,211,9.2,166,7.2,3296813,11.8,319178,11.5,10307,30.1,27,2.9
"13135","5","621340","78","0","2025","4","",150,2460,2494,2469,31334864,3089153,44500,974,"",0.97,1.87,1.88,1.87,1.97,1.88,2.70,1.05,"",1,0.7,215,9.6,211,9.2,166,7.2,3296813,11.8,319178,11.5,10307,30.1,27,2.9
"13135","5","62139","77","0","2025","4","",132,520,531,516,7875233,718953,11865,1160,"",0.91,0.97,0.98,0.95,0.97,0.89,1.22,1.00,"",5,3.9,57,12.3,37,7.5,29,6.0,693272,9.7,32526,4.7,-1551,-11.6,12,1.0
"13135","5","621391","78","0","2025","4","",15,36,36,37,830425,47860,425,1758,"",0.82,0.45,0.45,0.46,0.64,0.49,0.43,1.42,"",1,7.1,-10,-21.7,-9,-20.0,-6,-14.0,-109738,-11.7,-1221,-2.5,-10,-2.3,139,8.6
"13135","5","621399","78","0","2025","4","",117,484,495,479,7044808,671093,11440,1115,"",0.92,1.06,1.08,1.04,1.03,0.94,1.31,0.97,"",4,3.5,67,16.1,46,10.2,35,7.9,803010,12.9,33747,5.3,-1541,-11.9,15,1.4
"13135","5","6214","76","0","2025","4","",149,2748,2755,2768,58271077,3571496,36376,1626,"",0.97,0.93,0.92,0.93,1.02,1.70,1.59,1.09,"",7,4.9,101,3.8,20,0.7,-1,0.0,3329508,6.1,-181111,-4.8,-4179,-10.3,71,4.6
"13135","5","62141","77","0","2025","4","",4,10,16,14,236172,32902,811,1363,"",0.45,0.14,0.21,0.20,0.19,0.53,1.15,1.06,"",0,0.0,-25,-71.4,-19,-54.3,-20,-58.8,-335631,-58.7,-4,0.0,646,391.5,94,7.4
"13135","5","621410","78","0","2025","4","",4,10,16,14,236172,32902,811,1363,"",0.45,0.14,0.21,0.20,0.19,0.53,1.15,1.06,"",0,0.0,-25,-71.4,-19,-54.3,-20,-58.8,-335631,-58.7,-4,0.0,646,391.5,94,7.4
"13135","5","62142","77","0","2025","4","",38,899,901,917,9768552,1695255,14009,830,"",0.71,1.09,1.08,1.10,0.88,2.34,1.60,0.81,"",1,2.7,14,1.6,-6,-0.7,-9,-1.0,15570,0.2,-172390,-9.2,-6388,-31.3,2,0.2
"13135","5","621420","78","0","2025","4","",38,899,901,917,9768552,1695255,14009,830,"",0.71,1.09,1.08,1.10,0.88,2.34,1.60,0.81,"",1,2.7,14,1.6,-6,-0.7,-9,-1.0,15570,0.2,-172390,-9.2,-6388,-31.3,2,0.2
"13135","5","62149","77","0","2025","4","",107,1839,1838,1837,48266353,1843339,21556,2020,"",1.17,0.90,0.89,0.89,1.07,1.40,1.61,1.20,"",6,5.9,112,6.5,45,2.5,28,1.5,3649569,8.2,-8717,-0.5,1563,7.8,88,4.6
"13135","5","621491","78","0","2025","4","",12,508,508,513,19692624,193733,837,2972,"",1.52,0.87,0.86,0.87,1.12,2.28,0.79,1.29,"N",2,20.0,0,0,0,0,0,0,0,0,0,0,0,0,0,0
"13135","5","621492","78","0","2025","4","",25,292,296,299,5191445,394556,5210,1351,"",1.11,0.90,0.90,0.92,0.93,1.31,2.13,1.02,"",1,4.2,15,5.4,8,2.8,1,0.3,688039,15.3,19873,5.3,-31,-0.6,147,12.2
"13135","5","621493","78","0","2025","4","",23,275,272,275,7768764,253690,2980,2181,"",0.89,0.60,0.58,0.59,0.94,0.54,0.60,1.59,"N",-3,-11.5,0,0,0,0,0,0,0,0,0,0,0,0,0,0
"13135","5","621498","78","0","2025","4","",47,764,762,750,15613520,1001360,12529,1583,"",1.33,1.12,1.11,1.09,1.15,2.18,2.55,1.04,"",6,14.6,99,14.9,73,10.6,71,10.5,2422069,18.4,-13574,-1.3,966,8.4,86,5.7
"13135","5","6215","76","0","2025","4","",114,543,543,530,9145755,633937,9359,1306,"",1.33,0.69,0.69,0.67,0.60,0.77,1.21,0.87,"",-8,-6.6,-36,-6.2,-36,-6.2,-62,-10.5,-419408,-4.4,84937,15.5,1930,26.0,45,3.6
"13135","5","62151","77","0","2025","4","",114,543,543,530,9145755,633937,9359,1306,"",1.33,0.69,0.69,0.67,0.60,0.77,1.21,0.87,"",-8,-6.6,-36,-6.2,-36,-6.2,-62,-10.5,-419408,-4.4,84937,15.5,1930,26.0,45,3.6
"13135","5","621511","78","0","2025","4","",101,416,414,402,7007177,333192,2996,1313,"",1.60,0.74,0.73,0.72,0.65,0.55,0.55,0.89,"",-9,-8.2,-68,-14.0,-67,-13.9,-86,-17.6,-1073106,-13.3,-35501,-9.6,-526,-14.9,30,2.3
"13135","5","621512","78","0","2025","4","",13,127,129,128,2138578,300745,6363,1285,"",0.59,0.56,0.57,0.56,0.47,1.36,2.74,0.84,"",1,8.3,32,33.7,31,31.6,24,23.1,653698,44.0,120438,66.8,2456,62.9,131,11.4
"13135","5","6216","76","0","2025","4","",290,6700,6747,6808,65788104,9821247,168759,750,"",1.84,1.47,1.46,1.48,1.53,1.81,2.66,1.04,"",24,9.0,62,0.9,16,0.2,216,3.3,4113790,6.7,-651237,-6.2,11404,7.2,37,5.2
"13135","5","62161","77","0","2025","4","",290,6700,6747,6808,65788104,9821247,168759,750,"",1.84,1.47,1.46,1.48,1.53,1.81,2.66,1.04,"",24,9.0,62,0.9,16,0.2,216,3.3,4113790,6.7,-651237,-6.2,11404,7.2,37,5.2
"13135","5","621610","78","0","2025","4","",290,6700,6747,6808,65788104,9821247,168759,750,"",1.84,1.47,1.46,1.48,1.53,1.81,2.66,1.04,"",24,9.0,62,0.9,16,0.2,216,3.3,4113790,6.7,-651237,-6.2,11404,7.2,37,5.2
"13135","5","6219","76","0","2025","4","",68,1482,1492,1490,18199433,1274281,10206,941,"",1.06,1.61,1.60,1.61,1.27,1.34,0.99,0.79,"",-5,-6.8,191,14.8,215,16.8,206,16.0,3683835,25.4,-19524,-1.5,-1508,-12.9,71,8.2
"13135","5","62191","77","0","2025","4","",13,169,171,168,4035754,163450,2119,1833,"",0.79,0.38,0.38,0.37,0.65,0.33,0.43,1.72,"",2,18.2,38,29.0,44,34.6,45,36.6,1949507,93.4,15367,10.4,140,7.1,569,45.0
"13135","5","621910","78","0","2025","4","",13,169,171,168,4035754,163450,2119,1833,"",0.79,0.38,0.38,0.37,0.65,0.33,0.43,1.72,"",2,18.2,38,29.0,44,34.6,45,36.6,1949507,93.4,15367,10.4,140,7.1,569,45.0
"13135","5","62199","77","0","2025","4","",55,1313,1321,1322,14163679,1110831,8087,826,"",1.15,2.78,2.77,2.79,1.75,2.47,1.49,0.63,"",-7,-11.3,153,13.2,171,14.9,161,13.9,1734328,14.0,-34891,-3.0,-1648,-16.9,0,0.0
"13135","5","621991","78","0","2025","4","",5,354,361,354,6051283,88264,1124,1306,"",0.66,1.65,1.66,1.63,1.84,0.48,0.57,1.12,"",-1,-16.7,8,2.3,16,4.6,3,0.9,384536,6.8,-34757,-28.3,-336,-23.0,51,4.1
"13135","5","621999","78","0","2025","4","",50,959,960,968,8112396,1022567,6963,648,"",1.24,3.73,3.70,3.77,1.69,3.88,2.01,0.45,"",-6,-10.7,145,17.8,155,19.3,158,19.5,1349792,20.0,-134,0.0,-1312,-15.9,6,0.9
"13135","5","622","75","0","2025","4","",35,8800,8881,8900,141621194,1429456,32510,1230,"",0.70,0.63,0.63,0.63,0.52,0.51,1.68,0.83,"",-1,-2.8,177,2.1,235,2.7,207,2.4,7804415,5.8,-145345,-9.2,-3976,-10.9,41,3.4
"13135","5","6221","76","0","2025","4","",24,8644,8715,8732,138908894,1366489,31318,1229,"",0.63,0.67,0.67,0.67,0.55,0.62,2.26,0.82,"",-1,-4.0,120,1.4,167,2.0,141,1.6,7212454,5.5,-122594,-8.2,-4367,-12.2,45,3.8
"13135","5","62211","77","0","2025","4","",24,8644,8715,8732,138908894,1366489,31318,1229,"",0.63,0.67,0.67,0.67,0.55,0.62,2.26,0.82,"",-1,-4.0,120,1.4,167,2.0,141,1.6,7212454,5.5,-122594,-8.2,-4367,-12.2,45,3.8
"13135","5","622110","78","0","2025","4","",24,8644,8715,8732,138908894,1366489,31318,1229,"",0.63,0.67,0.67,0.67,0.55,0.62,2.26,0.82,"",-1,-4.0,120,1.4,167,2.0,141,1.6,7212454,5.5,-122594,-8.2,-4367,-12.2,45,3.8
"13135","5","6222","76","0","2025","4","N",6,0,0,0,0,0,0,0,"N",1.33,0,0,0,0,0,0,0,"N",0,0.0,0,0,0,0,0,0,0,0,0,0,0,0,0,0
"13135","5","62221","77","0","2025","4","N",6,0,0,0,0,0,0,0,"N",1.33,0,0,0,0,0,0,0,"N",0,0.0,0,0,0,0,0,0,0,0,0,0,0,0,0,0
"13135","5","622210","78","0","2025","4","N",6,0,0,0,0,0,0,0,"N",1.33,0,0,0,0,0,0,0,"N",0,0.0,0,0,0,0,0,0,0,0,0,0,0,0,0,0
"13135","5","6223","76","0","2025","4","N",5,0,0,0,0,0,0,0,"N",0.64,0,0,0,0,0,0,0,"N",0,0.0,0,0,0,0,0,0,0,0,0,0,0,0,0,0
"13135","5","62231","77","0","2025","4","N",5,0,0,0,0,0,0,0,"N",0.64,0,0,0,0,0,0,0,"N",0,0.0,0,0,0,0,0,0,0,0,0,0,0,0,0,0
"13135","5","622310","78","0","2025","4","N",5,0,0,0,0,0,0,0,"N",0.64,0,0,0,0,0,0,0,"N",0,0.0,0,0,0,0,0,0,0,0,0,0,0,0,0,0
"13135","5","623","75","0","2025","4","",115,3807,3842,3860,42334947,4892100,41397,849,"",0.44,0.44,0.44,0.44,0.47,0.46,0.39,1.06,"",-9,-7.3,21,0.6,99,2.6,117,3.1,2788421,7.1,-417038,-7.9,-22651,-35.4,39,4.8
"13135","5","6231","76","0","2025","4","",36,1775,1781,1798,22686006,2178622,17549,978,"",0.63,0.45,0.45,0.46,0.52,0.43,0.35,1.14,"",0,0.0,45,2.6,92,5.4,104,6.1,2114017,10.3,203452,10.3,-491,-2.7,50,5.4
"13135","5","62311","77","0","2025","4","",36,1775,1781,1798,22686006,2178622,17549,978,"",0.63,0.45,0.45,0.46,0.52,0.43,0.35,1.14,"",0,0.0,45,2.6,92,5.4,104,6.1,2114017,10.3,203452,10.3,-491,-2.7,50,5.4
"13135","5","623110","78","0","2025","4","",36,1775,1781,1798,22686006,2178622,17549,978,"",0.63,0.45,0.45,0.46,0.52,0.43,0.35,1.14,"",0,0.0,45,2.6,92,5.4,104,6.1,2114017,10.3,203452,10.3,-491,-2.7,50,5.4
"13135","5","6232","76","0","2025","4","N",20,0,0,0,0,0,0,0,"N",0.20,0,0,0,0,0,0,0,"N",-1,-4.8,0,0,0,0,0,0,0,0,0,0,0,0,0,0
"13135","5","62321","77","0","2025","4","N",8,0,0,0,0,0,0,0,"N",0.11,0,0,0,0,0,0,0,"N",-2,-20.0,0,0,0,0,0,0,0,0,0,0,0,0,0,0
"13135","5","623210","78","0","2025","4","N",8,0,0,0,0,0,0,0,"N",0.11,0,0,0,0,0,0,0,"N",-2,-20.0,0,0,0,0,0,0,0,0,0,0,0,0,0,0
"13135","5","62322","77","0","2025","4","",12,156,161,162,1888555,257182,4018,910,"",0.41,0.23,0.23,0.24,0.23,0.38,0.51,0.99,"",1,9.1,11,7.6,13,8.8,11,7.3,325289,20.8,17314,7.2,-243,-5.7,97,11.9
"13135","5","623220","78","0","2025","4","",12,156,161,162,1888555,257182,4018,910,"",0.41,0.23,0.23,0.24,0.23,0.38,0.51,0.99,"",1,9.1,11,7.6,13,8.8,11,7.3,325289,20.8,17314,7.2,-243,-5.7,97,11.9
"13135","5","6233","76","0","2025","4","",56,1693,1719,1710,15870025,2226785,18009,715,"",0.66,0.66,0.66,0.66,0.67,0.61,0.48,1.02,"",-8,-12.5,-75,-4.2,-43,-2.4,-38,-2.2,-37236,-0.2,-733410,-24.8,-22244,-55.3,19,2.7
"13135","5","62331","77","0","2025","4","",56,1693,1719,1710,15870025,2226785,18009,715,"",0.66,0.66,0.66,0.66,0.67,0.61,0.48,1.02,"",-8,-12.5,-75,-4.2,-43,-2.4,-38,-2.2,-37236,-0.2,-733410,-24.8,-22244,-55.3,19,2.7
"13135","5","623311","78","0","2025","4","",22,1215,1230,1227,11684301,1486992,7568,734,"",1.09,0.98,0.98,0.98,0.97,1.08,0.58,0.99,"",-2,-8.3,-39,-3.1,-27,-2.1,-35,-2.8,21536,0.2,-158088,-9.6,-6090,-44.6,21,2.9
"13135","5","623312","78","0","2025","4","",34,478,489,483,4185724,739793,10441,666,"",0.53,0.36,0.37,0.36,0.36,0.33,0.42,1.00,"",-6,-15.0,-36,-7.0,-16,-3.2,-3,-0.6,-58772,-1.4,-575322,-43.7,-16154,-60.7,15,2.3
"13135","5","6239","76","0","2025","4","N",3,0,0,0,0,0,0,0,"N",0.14,0,0,0,0,0,0,0,"N",0,0.0,0,0,0,0,0,0,0,0,0,0,0,0,0,0
"13135","5","62399","77","0","2025","4","N",3,0,0,0,0,0,0,0,"N",0.14,0,0,0,0,0,0,0,"N",0,0.0,0,0,0,0,0,0,0,0,0,0,0,0,0,0
"13135","5","623990","78","0","2025","4","N",3,0,0,0,0,0,0,0,"N",0.14,0,0,0,0,0,0,0,"N",0,0.0,0,0,0,0,0,0,0,0,0,0,0,0,0,0
"13135","5","624","75","0","2025","4","",623,7464,7459,7377,59544676,10296550,143671,616,"",0.18,0.59,0.58,0.58,0.59,0.72,0.78,1.01,"",8,1.3,419,5.9,399,5.7,487,7.1,2546407,4.5,271999,2.7,26533,22.7,-11,-1.8
"13135","5","6241","76","0","2025","4","",352,3524,3549,3554,27172341,5514731,92148,590,"",0.11,0.39,0.39,0.40,0.40,0.55,0.68,1.01,"",8,2.3,857,32.1,832,30.6,895,33.7,6245224,29.8,1565669,39.6,31952,53.1,-10,-1.7
"13135","5","62411","77","0","2025","4","",29,320,318,325,3496790,239437,3643,838,"",0.71,0.55,0.54,0.55,0.56,0.55,0.69,1.03,"",3,11.5,1,0.3,-7,-2.2,7,2.2,76218,2.2,-24635,-9.3,-157,-4.1,17,2.1
"13135","5","624110","78","0","2025","4","",29,320,318,325,3496790,239437,3643,838,"",0.71,0.55,0.54,0.55,0.56,0.55,0.69,1.03,"",3,11.5,1,0.3,-7,-2.2,7,2.2,76218,2.2,-24635,-9.3,-157,-4.1,17,2.1
"13135","5","62412","77","0","2025","4","",251,2952,2983,2978,20157263,4972496,83402,522,"",0.08,0.42,0.42,0.42,0.44,0.60,0.73,1.04,"",13,5.5,824,38.7,823,38.1,875,41.6,6077809,43.2,1579660,46.6,30875,58.8,14,2.8
"13135","5","624120","78","0","2025","4","",251,2952,2983,2978,20157263,4972496,83402,522,"",0.08,0.42,0.42,0.42,0.44,0.60,0.73,1.04,"",13,5.5,824,38.7,823,38.1,875,41.6,6077809,43.2,1579660,46.6,30875,58.8,14,2.8
"13135","5","62419","77","0","2025","4","",72,252,248,251,3518288,302798,5103,1081,"",0.55,0.19,0.19,0.19,0.22,0.23,0.32,1.19,"",-8,-10.0,32,14.5,16,6.9,13,5.5,91197,2.7,10644,3.6,1234,31.9,-65,-5.7
"13135","5","624190","78","0","2025","4","",72,252,248,251,3518288,302798,5103,1081,"",0.55,0.19,0.19,0.19,0.22,0.23,0.32,1.19,"",-8,-10.0,32,14.5,16,6.9,13,5.5,91197,2.7,10644,3.6,1234,31.9,-65,-5.7
"13135","5","6242","76","0","2025","4","",24,116,114,118,1477649,71480,1707,980,"",0.56,0.20,0.20,0.20,0.20,0.14,0.25,0.99,"",3,14.3,-241,-67.5,-238,-67.6,-228,-65.9,-3438962,-69.9,-285607,-80.0,-4145,-70.8,-95,-8.8
"13135","5","62421","77","0","2025","4","",9,46,46,48,306224,25501,959,505,"",0.76,0.37,0.36,0.38,0.20,0.22,0.72,0.55,"",1,12.5,-256,-84.8,-251,-84.5,-246,-83.7,-3844372,-92.6,-220175,-89.6,-2465,-72.0,-568,-52.9
"13135","5","624210","78","0","2025","4","",9,46,46,48,306224,25501,959,505,"",0.76,0.37,0.36,0.38,0.20,0.22,0.72,0.55,"",1,12.5,-256,-84.8,-251,-84.5,-246,-83.7,-3844372,-92.6,-220175,-89.6,-2465,-72.0,-568,-52.9
"13135","5","62422","77","0","2025","4","",7,48,46,47,708635,34839,471,1160,"",0.30,0.13,0.13,0.13,0.16,0.10,0.10,1.23,"",1,16.7,19,65.5,17,58.6,19,67.9,394172,125.3,-69849,-66.7,-1934,-80.4,316,37.4
"13135","5","624221","78","0","2025","4","N",3,0,0,0,0,0,0,0,"N",0.25,0,0,0,0,0,0,0,"N",0,0.0,0,0,0,0,0,0,0,0,0,0,0,0,0,0
"13135","5","624229","78","0","2025","4","N",4,0,0,0,0,0,0,0,"N",0.37,0,0,0,0,0,0,0,"N",1,33.3,0,0,0,0,0,0,0,0,0,0,0,0,0,0
"13135","5","62423","77","0","2025","4","",8,22,22,23,462790,11140,277,1594,"",1.00,0.26,0.25,0.26,0.31,0.23,0.45,1.20,"",1,14.3,-4,-15.4,-4,-15.4,-1,-4.2,11238,2.5,4417,65.7,254,1104.3,223,16.3
"13135","5","624230","78","0","2025","4","",8,22,22,23,462790,11140,277,1594,"",1.00,0.26,0.25,0.26,0.31,0.23,0.45,1.20,"",1,14.3,-4,-15.4,-4,-15.4,-1,-4.2,11238,2.5,4417,65.7,254,1104.3,223,16.3
"13135","5","6243","76","0","2025","4","",22,441,439,435,3552615,106340,1667,623,"",0.81,0.63,0.62,0.62,0.56,0.25,0.40,0.89,"",1,4.8,24,5.8,24,5.8,25,6.1,148187,4.4,-12547,-10.6,373,28.8,-10,-1.6
"13135","5","62431","77","0","2025","4","",22,441,439,435,3552615,106340,1667,623,"",0.81,0.63,0.62,0.62,0.56,0.25,0.40,0.89,"",1,4.8,24,5.8,24,5.8,25,6.1,148187,4.4,-12547,-10.6,373,28.8,-10,-1.6
"13135","5","624310","78","0","2025","4","",22,441,439,435,3552615,106340,1667,623,"",0.81,0.63,0.62,0.62,0.56,0.25,0.40,0.89,"",1,4.8,24,5.8,24,5.8,25,6.1,148187,4.4,-12547,-10.6,373,28.8,-10,-1.6
"13135","5","6244","76","0","2025","4","",225,3383,3357,3270,27342071,4603999,48149,630,"",1.01,1.37,1.35,1.32,1.45,1.33,1.29,1.08,"",-4,-1.7,-221,-6.1,-219,-6.1,-205,-5.9,-408042,-1.5,-995516,-17.8,-1647,-3.3,29,4.8
"13135","5","62441","77","0","2025","4","",225,3383,3357,3270,27342071,4603999,48149,630,"",1.01,1.37,1.35,1.32,1.45,1.33,1.29,1.08,"",-4,-1.7,-221,-6.1,-219,-6.1,-205,-5.9,-408042,-1.5,-995516,-17.8,-1647,-3.3,29,4.8
"13135","5","624410","78","0","2025","4","",225,3383,3357,3270,27342071,4603999,48149,630,"",1.01,1.37,1.35,1.32,1.45,1.33,1.29,1.08,"",-4,-1.7,-221,-6.1,-219,-6.1,-205,-5.9,-408042,-1.5,-995516,-17.8,-1647,-3.3,29,4.8
"13135","5","71","74","0","2025","4","",485,5114,5132,5222,47694690,7041306,87961,712,"",0.90,0.77,0.80,0.82,0.54,0.95,0.85,0.68,"",5,1.0,-174,-3.3,284,5.9,298,6.1,7069598,17.4,554661,8.6,13341,17.9,89,14.3
"13135","5","711","75","0","2025","4","",165,739,727,766,12051007,876222,12914,1246,"",0.69,0.49,0.50,0.53,0.24,0.44,0.39,0.48,"",0,0.0,-16,-2.1,-22,-2.9,-91,-10.6,1209702,11.2,-145972,-14.3,1320,11.4,186,17.5
"13135","5","7111","76","0","2025","4","",36,309,330,342,3640942,352842,3872,856,"",0.95,0.87,0.93,0.95,0.64,0.70,0.36,0.70,"",1,2.9,-41,-11.7,-43,-11.5,-118,-25.7,-738842,-16.9,-64156,-15.4,-881,-18.5,2,0.2
"13135","5","71111","77","0","2025","4","",7,214,229,231,1688566,240686,1619,578,"",0.60,1.12,1.18,1.20,0.79,0.81,0.23,0.67,"",0,0.0,8,3.9,13,6.0,6,2.7,132211,8.5,14013,6.2,494,43.9,23,4.1
"13135","5","711110","78","0","2025","4","",7,214,229,231,1688566,240686,1619,578,"",0.60,1.12,1.18,1.20,0.79,0.81,0.23,0.67,"",0,0.0,8,3.9,13,6.0,6,2.7,132211,8.5,14013,6.2,494,43.9,23,4.1
"13135","5","71112","77","0","2025","4","N",3,0,0,0,0,0,0,0,"N",0.63,0,0,0,0,0,0,0,"N",0,0.0,0,0,0,0,0,0,0,0,0,0,0,0,0,0
"13135","5","711120","78","0","2025","4","N",3,0,0,0,0,0,0,0,"N",0.63,0,0,0,0,0,0,0,"N",0,0.0,0,0,0,0,0,0,0,0,0,0,0,0,0,0
"13135","5","71113","77","0","2025","4","N",18,0,0,0,0,0,0,0,"N",1.05,0,0,0,0,0,0,0,"N",0,0.0,0,0,0,0,0,0,0,0,0,0,0,0,0,0
"13135","5","711130","78","0","2025","4","N",18,0,0,0,0,0,0,0,"N",1.05,0,0,0,0,0,0,0,"N",0,0.0,0,0,0,0,0,0,0,0,0,0,0,0,0,0
"13135","5","71119","77","0","2025","4","",8,62,65,71,635882,50167,1092,741,"",1.91,2.24,2.57,2.70,1.78,1.37,1.89,0.71,"N",1,14.3,0,0,0,0,0,0,0,0,0,0,0,0,0,0
"13135","5","711190","78","0","2025","4","",8,62,65,71,635882,50167,1092,741,"",1.91,2.24,2.57,2.70,1.78,1.37,1.89,0.71,"N",1,14.3,0,0,0,0,0,0,0,0,0,0,0,0,0,0
"13135","5","7112","76","0","2025","4","",21,176,147,178,1835188,191300,4023,845,"",0.81,0.43,0.37,0.48,0.08,0.43,0.79,0.19,"",0,0.0,-3,-1.7,-16,-9.8,13,7.9,386656,26.7,-106120,-35.7,757,23.2,186,28.2
"13135","5","71121","77","0","2025","4","",21,176,147,178,1835188,191300,4023,845,"",0.81,0.43,0.37,0.48,0.08,0.43,0.79,0.19,"",0,0.0,-3,-1.7,-16,-9.8,13,7.9,386656,26.7,-106120,-35.7,757,23.2,186,28.2
"13135","5","711211","78","0","2025","4","",14,159,130,161,1435092,185800,4020,736,"",1.18,0.55,0.46,0.61,0.07,0.60,1.17,0.13,"",0,0.0,-5,-3.0,-14,-9.7,17,11.8,315407,28.2,-47471,-20.4,1222,43.7,164,28.7
"13135","5","711212","78","0","2025","4","N",1,0,0,0,0,0,0,0,"N",0.47,0,0,0,0,0,0,0,"N",0,0.0,0,0,0,0,0,0,0,0,0,0,0,0,0,0
"13135","5","711219","78","0","2025","4","N",6,0,0,0,0,0,0,0,"N",0.50,0,0,0,0,0,0,0,"N",0,0.0,0,0,0,0,0,0,0,0,0,0,0,0,0,0
"13135","5","7113","76","0","2025","4","",23,73,61,65,1030568,68734,903,1195,"",0.68,0.15,0.13,0.14,0.16,0.11,0.09,1.19,"",-1,-4.2,-4,-5.2,-3,-4.7,10,18.2,-106809,-9.4,-8725,-11.3,-162,-15.2,-144,-10.8
"13135","5","71131","77","0","2025","4","",10,24,24,23,675191,28880,622,2195,"",0.70,0.06,0.07,0.06,0.16,0.06,0.09,2.46,"",-1,-9.1,1,4.3,2,9.1,0,0.0,-137528,-16.9,-2030,-6.6,21,3.5,-563,-20.4
"13135","5","711310","78","0","2025","4","",10,24,24,23,675191,28880,622,2195,"",0.70,0.06,0.07,0.06,0.16,0.06,0.09,2.46,"",-1,-9.1,1,4.3,2,9.1,0,0.0,-137528,-16.9,-2030,-6.6,21,3.5,-563,-20.4
"13135","5","71132","77","0","2025","4","",13,49,37,42,355377,39854,281,641,"",0.67,0.43,0.34,0.40,0.18,0.26,0.11,0.47,"",0,0.0,-5,-9.3,-5,-11.9,10,31.2,30719,9.5,-6695,-14.4,-183,-39.4,56,9.6
"13135","5","711320","78","0","2025","4","",13,49,37,42,355377,39854,281,641,"",0.67,0.43,0.34,0.40,0.18,0.26,0.11,0.47,"",0,0.0,-5,-9.3,-5,-11.9,10,31.2,30719,9.5,-6695,-14.4,-183,-39.4,56,9.6
"13135","5","7114","76","0","2025","4","",15,31,30,28,758089,9038,112,1966,"",0.71,0.42,0.41,0.38,0.23,0.12,0.07,0.56,"",1,7.1,4,14.8,3,11.1,1,3.7,258848,51.8,-16199,-64.2,-338,-75.1,544,38.3
"13135","5","71141","77","0","2025","4","",15,31,30,28,758089,9038,112,1966,"",0.71,0.42,0.41,0.38,0.23,0.12,0.07,0.56,"",1,7.1,4,14.8,3,11.1,1,3.7,258848,51.8,-16199,-64.2,-338,-75.1,544,38.3
"13135","5","711410","78","0","2025","4","",15,31,30,28,758089,9038,112,1966,"",0.71,0.42,0.41,0.38,0.23,0.12,0.07,0.56,"",1,7.1,4,14.8,3,11.1,1,3.7,258848,51.8,-16199,-64.2,-338,-75.1,544,38.3
"13135","5","7115","76","0","2025","4","",70,150,159,153,4786220,254308,4004,2391,"",0.59,0.90,0.98,0.91,0.40,0.75,0.67,0.43,"",-1,-1.4,28,23.0,37,30.3,3,2.0,1409849,41.8,49228,24.0,1944,94.4,413,20.9
"13135","5","71151","77","0","2025","4","",70,150,159,153,4786220,254308,4004,2391,"",0.59,0.90,0.98,0.91,0.40,0.75,0.67,0.43,"",-1,-1.4,28,23.0,37,30.3,3,2.0,1409849,41.8,49228,24.0,1944,94.4,413,20.9
"13135","5","711510","78","0","2025","4","",70,150,159,153,4786220,254308,4004,2391,"",0.59,0.90,0.98,0.91,0.40,0.75,0.67,0.43,"",-1,-1.4,28,23.0,37,30.3,3,2.0,1409849,41.8,49228,24.0,1944,94.4,413,20.9
"13135","5","712","75","0","2025","4","",3,44,46,51,227610,42485,217,373,"",0.13,0.10,0.10,0.12,0.05,0.15,0.07,0.43,"",0,0.0,2,4.8,5,12.2,5,10.9,11500,5.3,-6473,-13.2,-122,-36.0,-14,-3.6
"13135","5","7121","76","0","2025","4","",3,44,46,51,227610,42485,217,373,"",0.13,0.10,0.10,0.12,0.05,0.15,0.07,0.43,"",0,0.0,2,4.8,5,12.2,5,10.9,11500,5.3,-6473,-13.2,-122,-36.0,-14,-3.6
"13135","5","71211","77","0","2025","4","N",2,0,0,0,0,0,0,0,"N",0.13,0,0,0,0,0,0,0,"N",0,0.0,0,0,0,0,0,0,0,0,0,0,0,0,0,0
"13135","5","712110","78","0","2025","4","N",2,0,0,0,0,0,0,0,"N",0.13,0,0,0,0,0,0,0,"N",0,0.0,0,0,0,0,0,0,0,0,0,0,0,0,0,0
"13135","5","71213","77","0","2025","4","N",1,0,0,0,0,0,0,0,"N",0.37,0,0,0,0,0,0,0,"N",0,0.0,0,0,0,0,0,0,0,0,0,0,0,0,0,0
"13135","5","712130","78","0","2025","4","N",1,0,0,0,0,0,0,0,"N",0.37,0,0,0,0,0,0,0,"N",0,0.0,0,0,0,0,0,0,0,0,0,0,0,0,0,0
"13135","5","713","75","0","2025","4","",317,4331,4359,4405,35416073,6122599,74830,624,"",1.13,0.92,0.97,0.98,1.03,1.18,1.12,1.08,"",5,1.6,-160,-3.6,301,7.4,384,9.5,5848396,19.8,707106,13.1,12143,19.4,81,14.9
"13135","5","7131","76","0","2025","4","",27,334,348,356,3579753,520731,11359,796,"",2.19,0.53,0.62,0.66,0.66,1.16,2.40,1.09,"",-2,-6.9,-143,-30.0,-158,-31.2,-98,-21.6,667869,22.9,-31422,-5.7,-841,-6.9,328,70.1
"13135","5","71311","77","0","2025","4","",9,40,40,40,1641217,1823,1,3156,"",2.28,0.07,0.08,0.09,0.33,0.01,0.00,4.04,"",-1,-10.0,-128,-76.2,-164,-80.4,-115,-74.2,355577,27.7,-177767,-99.0,-5225,-100.0,2593,460.6
"13135","5","713110","78","0","2025","4","",9,40,40,40,1641217,1823,1,3156,"",2.28,0.07,0.08,0.09,0.33,0.01,0.00,4.04,"",-1,-10.0,-128,-76.2,-164,-80.4,-115,-74.2,355577,27.7,-177767,-99.0,-5225,-100.0,2593,460.6
"13135","5","71312","77","0","2025","4","",18,294,308,316,1938536,518908,11358,487,"",2.15,3.37,3.57,3.64,3.99,4.69,7.99,1.13,"",-1,-5.3,-15,-4.9,6,2.0,17,5.7,312292,19.2,146345,39.3,4384,62.9,75,18.2
"13135","5","713120","78","0","2025","4","",18,294,308,316,1938536,518908,11358,487,"",2.15,3.37,3.57,3.64,3.99,4.69,7.99,1.13,"",-1,-5.3,-15,-4.9,6,2.0,17,5.7,312292,19.2,146345,39.3,4384,62.9,75,18.2
"13135","5","7132","76","0","2025","4","",12,26,27,25,494820,40756,975,1464,"",0.96,0.08,0.08,0.08,0.12,0.09,0.18,1.56,"",2,20.0,3,13.0,1,3.8,4,19.0,16341,3.4,16080,65.2,575,143.8,-113,-7.2
"13135","5","71329","77","0","2025","4","",12,26,27,25,494820,40756,975,1464,"",1.08,0.16,0.17,0.16,0.23,0.16,0.30,1.43,"",2,20.0,3,13.0,1,3.8,4,19.0,16341,3.4,16080,65.2,575,143.8,-113,-7.2
"13135","5","713290","78","0","2025","4","",12,26,27,25,494820,40756,975,1464,"",1.08,0.16,0.17,0.16,0.23,0.16,0.30,1.43,"",2,20.0,3,13.0,1,3.8,4,19.0,16341,3.4,16080,65.2,575,143.8,-113,-7.2
"13135","5","7139","76","0","2025","4","",278,3971,3984,4024,31341500,5561112,62496,604,"",1.09,1.05,1.10,1.11,1.25,1.30,1.10,1.15,"",5,1.8,-20,-0.5,458,13.0,478,13.5,5164186,19.7,722448,14.9,12409,24.8,58,10.6
"13135","5","71391","77","0","2025","4","",16,1185,1160,1169,10731909,1463368,8710,705,"",0.51,1.04,1.13,1.22,1.13,1.19,0.44,1.01,"",-2,-11.1,289,32.3,263,29.3,290,33.0,3267863,43.8,441258,43.2,-2396,-21.6,60,9.3
"13135","5","713910","78","0","2025","4","",16,1185,1160,1169,10731909,1463368,8710,705,"",0.51,1.04,1.13,1.22,1.13,1.19,0.44,1.01,"",-2,-11.1,289,32.3,263,29.3,290,33.0,3267863,43.8,441258,43.2,-2396,-21.6,60,9.3
"13135","5","71393","77","0","2025","4","N",4,0,0,0,0,0,0,0,"N",0.36,0,0,0,0,0,0,0,"N",0,0.0,0,0,0,0,0,0,0,0,0,0,0,0,0,0
"13135","5","713930","78","0","2025","4","N",4,0,0,0,0,0,0,0,"N",0.36,0,0,0,0,0,0,0,"N",0,0.0,0,0,0,0,0,0,0,0,0,0,0,0,0,0
"13135","5","71394","77","0","2025","4","",162,1977,1995,2026,12423289,2892065,38934,478,"",1.23,1.20,1.20,1.22,1.45,1.70,1.96,1.20,"",4,2.5,238,13.7,273,15.9,294,17.0,1791233,16.8,414166,16.7,10621,37.5,6,1.3
"13135","5","713940","78","0","2025","4","",162,1977,1995,2026,12423289,2892065,38934,478,"",1.23,1.20,1.20,1.22,1.45,1.70,1.96,1.20,"",4,2.5,238,13.7,273,15.9,294,17.0,1791233,16.8,414166,16.7,10621,37.5,6,1.3
"13135","5","71395","77","0","2025","4","N",4,0,0,0,0,0,0,0,"N",0.43,0,0,0,0,0,0,0,"N",0,0.0,0,0,0,0,0,0,0,0,0,0,0,0,0,0
"13135","5","713950","78","0","2025","4","N",4,0,0,0,0,0,0,0,"N",0.43,0,0,0,0,0,0,0,"N",0,0.0,0,0,0,0,0,0,0,0,0,0,0,0,0,0
"13135","5","71399","77","0","2025","4","",92,681,704,707,7334908,1002746,13723,809,"",1.29,1.04,1.19,1.23,1.78,1.19,1.32,1.55,"",3,3.4,-554,-44.9,-89,-11.2,-93,-11.6,121031,1.7,-189965,-15.9,3616,35.8,220,37.4
"13135","5","713990","78","0","2025","4","",92,681,704,707,7334908,1002746,13723,809,"",1.29,1.04,1.19,1.23,1.78,1.19,1.32,1.55,"",3,3.4,-554,-44.9,-89,-11.2,-93,-11.6,121031,1.7,-189965,-15.9,3616,35.8,220,37.4
"13135","5","72","74","0","2025","4","",2563,33711,33929,33965,229709870,53460453,755728,522,"",1.13,0.95,0.96,0.97,0.94,1.06,1.41,0.98,"",28,1.1,105,0.3,84,0.2,-232,-0.7,3400342,1.5,-217181,-0.4,64043,9.3,8,1.6
"13135","5","721","75","0","2025","4","",148,2019,2035,1993,18708141,2823788,44465,714,"",0.67,0.42,0.43,0.43,0.39,0.38,0.55,0.91,"",3,2.1,19,1.0,35,1.8,-29,-1.4,1170704,6.7,21183,0.8,10027,29.1,42,6.2
"13135","5","7211","76","0","2025","4","N",147,0,0,0,0,0,0,0,"N",0.77,0,0,0,0,0,0,0,"N",3,2.1,0,0,0,0,0,0,0,0,0,0,0,0,0,0
"13135","5","72111","77","0","2025","4","",140,1981,1998,1956,18274889,2796021,43926,711,"",0.81,0.51,0.52,0.51,0.47,0.50,0.71,0.92,"",3,2.2,27,1.4,47,2.4,-8,-0.4,1189184,7.0,102187,3.8,12107,38.0,39,5.8
"13135","5","721110","78","0","2025","4","",140,1981,1998,1956,18274889,2796021,43926,711,"",0.81,0.51,0.52,0.51,0.47,0.50,0.71,0.92,"",3,2.2,27,1.4,47,2.4,-8,-0.4,1189184,7.0,102187,3.8,12107,38.0,39,5.8
"13135","5","72119","77","0","2025","4","N",7,0,0,0,0,0,0,0,"N",0.45,0,0,0,0,0,0,0,"N",0,0.0,0,0,0,0,0,0,0,0,0,0,0,0,0,0
"13135","5","721191","78","0","2025","4","N",1,0,0,0,0,0,0,0,"N",0.16,0,0,0,0,0,0,0,"N",0,0.0,0,0,0,0,0,0,0,0,0,0,0,0,0,0
"13135","5","721199","78","0","2025","4","N",6,0,0,0,0,0,0,0,"N",0.66,0,0,0,0,0,0,0,"N",0,0.0,0,0,0,0,0,0,0,0,0,0,0,0,0,0
"13135","5","7213","76","0","2025","4","N",1,0,0,0,0,0,0,0,"N",0.21,0,0,0,0,0,0,0,"N",0,0.0,0,0,0,0,0,0,0,0,0,0,0,0,0,0
"13135","5","72131","77","0","2025","4","N",1,0,0,0,0,0,0,0,"N",0.21,0,0,0,0,0,0,0,"N",0,0.0,0,0,0,0,0,0,0,0,0,0,0,0,0,0
"13135","5","721310","78","0","2025","4","N",1,0,0,0,0,0,0,0,"N",0.21,0,0,0,0,0,0,0,"N",0,0.0,0,0,0,0,0,0,0,0,0,0,0,0,0,0
"13135","5","722","75","0","2025","4","",2415,31692,31894,31972,211001729,50636665,711263,510,"",1.18,1.04,1.04,1.05,1.07,1.18,1.56,1.03,"",25,1.0,86,0.3,49,0.2,-203,-0.6,2229638,1.1,-238364,-0.5,54016,8.2,6,1.2
"13135","5","7223","76","0","2025","4","",94,823,855,796,8194275,1510584,22134,764,"",0.63,0.39,0.41,0.40,0.43,0.47,0.32,1.07,"",0,0.0,72,9.6,95,12.5,41,5.4,1377925,20.2,32064,2.2,2927,15.2,70,10.1
"13135","5","72231","77","0","2025","4","",42,343,373,328,3693674,502497,8293,816,"",0.57,0.22,0.24,0.23,0.25,0.22,0.15,1.08,"",3,7.7,10,3.0,27,7.8,-16,-4.7,238827,6.9,-149101,-22.9,4578,123.2,37,4.7
"13135","5","722310","78","0","2025","4","",42,343,373,328,3693674,502497,8293,816,"",0.57,0.22,0.24,0.23,0.25,0.22,0.15,1.08,"",3,7.7,10,3.0,27,7.8,-16,-4.7,238827,6.9,-149101,-22.9,4578,123.2,37,4.7
"13135","5","72232","77","0","2025","4","",34,402,400,375,3931611,778591,7790,771,"",0.86,0.86,0.90,0.82,1.04,1.15,0.74,1.21,"",-4,-10.5,37,10.1,32,8.7,9,2.5,916769,30.4,78270,11.2,-4367,-35.9,138,21.8
"13135","5","722320","78","0","2025","4","",34,402,400,375,3931611,778591,7790,771,"",0.86,0.86,0.90,0.82,1.04,1.15,0.74,1.21,"",-4,-10.5,37,10.1,32,8.7,9,2.5,916769,30.4,78270,11.2,-4367,-35.9,138,21.8
"13135","5","72233","77","0","2025","4","",18,78,82,93,568990,229496,6051,519,"",0.49,0.62,0.72,0.86,0.77,1.16,2.27,1.06,"",1,5.9,25,47.2,36,78.3,48,106.7,222329,64.1,102895,81.3,2716,81.4,-37,-6.7
"13135","5","722330","78","0","2025","4","",18,78,82,93,568990,229496,6051,519,"",0.49,0.62,0.72,0.86,0.77,1.16,2.27,1.06,"",1,5.9,25,47.2,36,78.3,48,106.7,222329,64.1,102895,81.3,2716,81.4,-37,-6.7
"13135","5","7224","76","0","2025","4","",38,163,162,156,1091449,277822,5260,524,"",0.32,0.16,0.16,0.15,0.17,0.18,0.30,1.11,"",1,2.7,2,1.2,-4,-2.4,-2,-1.3,-56078,-4.9,22590,8.9,712,15.7,-22,-4.0
"13135","5","72241","77","0","2025","4","",38,163,162,156,1091449,277822,5260,524,"",0.32,0.16,0.16,0.15,0.17,0.18,0.30,1.11,"",1,2.7,2,1.2,-4,-2.4,-2,-1.3,-56078,-4.9,22590,8.9,712,15.7,-22,-4.0
"13135","5","722410","78","0","2025","4","",38,163,162,156,1091449,277822,5260,524,"",0.32,0.16,0.16,0.15,0.17,0.18,0.30,1.11,"",1,2.7,2,1.2,-4,-2.4,-2,-1.3,-56078,-4.9,22590,8.9,712,15.7,-22,-4.0
"13135","5","7225","76","0","2025","4","",2283,30706,30877,31020,201716005,48848259,683869,503,"",1.29,1.12,1.12,1.13,1.18,1.28,1.86,1.05,"",24,1.1,12,0.0,-42,-0.1,-242,-0.8,907791,0.5,-293018,-0.6,50377,8.0,4,0.8
"13135","5","72251","77","0","2025","4","",2283,30706,30877,31020,201716005,48848259,683869,503,"",1.29,1.12,1.12,1.13,1.18,1.28,1.86,1.05,"",24,1.1,12,0.0,-42,-0.1,-242,-0.8,907791,0.5,-293018,-0.6,50377,8.0,4,0.8
"13135","5","722511","78","0","2025","4","",951,13481,13700,13938,101109225,21208576,300351,567,"",1.27,1.02,1.03,1.05,1.08,1.12,1.53,1.05,"",21,2.3,-133,-1.0,-46,-0.3,13,0.1,-536508,-0.5,852951,4.2,47200,18.6,-1,-0.2
"13135","5","722513","78","0","2025","4","",1019,13867,13883,13811,80506442,21882492,281500,447,"",1.33,1.21,1.21,1.21,1.29,1.41,2.14,1.07,"",5,0.5,-65,-0.5,-112,-0.8,-278,-2.0,-791630,-1.0,-1555733,-6.6,-9662,-3.3,0,0.0
"13135","5","722514","78","0","2025","4","",22,270,265,257,2209520,586280,12095,644,"",1.50,1.45,1.42,1.39,1.85,2.60,5.25,1.30,"",-3,-12.0,31,13.0,26,10.9,12,4.9,529448,31.5,154597,35.8,4770,65.1,108,20.1
"13135","5","722515","78","0","2025","4","",291,3088,3029,3014,17890818,5170911,89923,452,"",1.17,1.23,1.22,1.22,1.24,1.44,2.32,1.02,"",1,0.3,179,6.2,90,3.1,11,0.4,1706481,10.5,255167,5.2,8069,9.9,30,7.1
"13135","5","81","74","0","2025","4","",2244,10147,9992,9973,153626741,10295200,150575,1177,"",0.90,0.87,0.85,0.85,1.05,0.79,1.02,1.22,"",15,0.7,-80,-0.8,-227,-2.2,-167,-1.6,3228916,2.1,-818137,-7.4,-3469,-2.3,42,3.7
"13135","5","811","75","0","2025","4","",884,4521,4453,4402,80249611,4380611,60870,1385,"",1.26,1.24,1.22,1.21,1.51,0.96,1.19,1.24,"",-22,-2.4,-122,-2.6,-187,-4.0,-236,-5.1,-745422,-0.9,-691611,-13.6,-8190,-11.9,42,3.1
"13135","5","8111","76","0","2025","4","",605,2751,2722,2694,38901320,2996850,44847,1099,"",1.23,1.07,1.05,1.05,1.18,0.90,1.33,1.11,"",-22,-3.5,-35,-1.3,-34,-1.2,-50,-1.8,750576,2.0,-270817,-8.3,-1786,-3.8,36,3.4
"13135","5","81111","77","0","2025","4","",322,1079,1042,1030,16220491,1036257,12291,1188,"",1.19,0.97,0.94,0.93,1.05,0.74,0.87,1.11,"",-7,-2.1,44,4.3,1,0.1,-6,-0.6,937953,6.1,-67555,-6.1,-1189,-8.8,55,4.9
"13135","5","811111","78","0","2025","4","",293,997,963,952,14835972,1006800,12075,1176,"",1.21,1.00,0.96,0.96,1.06,0.79,0.93,1.09,"",-6,-2.0,46,4.8,5,0.5,-2,-0.2,799559,5.7,-62737,-5.9,-1040,-7.9,45,4.0
"13135","5","811114","78","0","2025","4","",29,82,79,78,1384519,29457,216,1337,"",1.02,0.74,0.71,0.71,0.91,0.23,0.17,1.27,"",-1,-3.3,-2,-2.4,-4,-4.8,-4,-4.9,138394,11.1,-4818,-14.1,-149,-40.8,182,15.8
"13135","5","81112","77","0","2025","4","",148,822,835,833,14529676,811604,11954,1347,"",1.24,1.16,1.18,1.18,1.32,1.03,1.50,1.13,"",-7,-4.5,-22,-2.6,-10,-1.2,-23,-2.7,76768,0.5,-43409,-5.1,1271,11.9,36,2.7
"13135","5","811121","78","0","2025","4","",117,730,742,740,13395839,760999,11059,1398,"",1.18,1.19,1.20,1.20,1.37,1.13,1.61,1.15,"",-9,-7.1,6,0.8,16,2.2,3,0.4,621477,4.9,20505,2.8,3044,38.0,50,3.7
"13135","5","811122","78","0","2025","4","",31,92,93,93,1133837,50605,895,941,"",1.51,0.99,1.00,1.01,0.92,0.46,0.82,0.91,"",2,6.9,-28,-23.3,-26,-21.8,-26,-21.8,-544709,-32.5,-63914,-55.8,-1773,-66.5,-141,-13.0
"13135","5","81119","77","0","2025","4","",135,850,845,831,8151153,1148989,20602,745,"",1.31,1.12,1.11,1.10,1.24,1.02,1.79,1.12,"",-8,-5.6,-57,-6.3,-25,-2.9,-21,-2.5,-264145,-3.1,-159853,-12.2,-1868,-8.3,6,0.8
"13135","5","811191","78","0","2025","4","",35,283,287,279,3383753,455683,8341,920,"",1.42,1.48,1.49,1.46,1.89,1.37,2.67,1.28,"",-5,-12.5,-14,-4.7,-7,-2.4,-17,-5.7,18178,0.5,-57607,-11.2,-14,-0.2,44,5.0
"13135","5","811192","78","0","2025","4","",74,471,465,460,3497955,605174,10074,578,"",1.31,0.97,0.96,0.96,0.95,0.88,1.39,0.99,"",-6,-7.5,-43,-8.4,-17,-3.5,7,1.5,-54590,-1.5,-104286,-14.7,-2484,-19.8,12,2.1
"13135","5","811198","78","0","2025","4","",26,96,93,92,1269445,88132,2187,1043,"",1.16,1.15,1.11,1.10,1.17,0.84,1.86,1.05,"",3,13.0,0,0.0,-1,-1.1,-11,-10.7,-227733,-15.2,2040,2.4,630,40.5,-136,-11.5
"13135","5","8112","76","0","2025","4","",90,917,905,883,23187282,739994,6454,1978,"",2.03,3.64,3.56,3.49,4.83,3.10,2.17,1.36,"",-4,-4.3,-120,-11.6,-136,-13.1,-166,-15.8,-1658820,-6.7,-260003,-26.0,-5502,-46.0,144,7.9
"13135","5","81121","77","0","2025","4","",90,917,905,883,23187282,739994,6454,1978,"",2.03,3.64,3.56,3.49,4.83,3.10,2.17,1.36,"",-4,-4.3,-120,-11.6,-136,-13.1,-166,-15.8,-1658820,-6.7,-260003,-26.0,-5502,-46.0,144,7.9
"13135","5","811210","78","0","2025","4","",90,917,905,883,23187282,739994,6454,1978,"",2.03,3.64,3.56,3.49,4.83,3.10,2.17,1.36,"",-4,-4.3,-120,-11.6,-136,-13.1,-166,-15.8,-1658820,-6.7,-260003,-26.0,-5502,-46.0,144,7.9
"13135","5","8113","76","0","2025","4","",69,504,491,489,13137708,320077,5023,2043,"",0.76,0.81,0.80,0.81,1.04,0.43,0.45,1.28,"",6,9.5,60,13.5,33,7.2,30,6.5,709531,5.7,-83706,-20.7,898,21.8,-64,-3.0
"13135","5","81131","77","0","2025","4","",69,504,491,489,13137708,320077,5023,2043,"",0.76,0.81,0.80,0.81,1.04,0.43,0.45,1.28,"",6,9.5,60,13.5,33,7.2,30,6.5,709531,5.7,-83706,-20.7,898,21.8,-64,-3.0
"13135","5","811310","78","0","2025","4","",69,504,491,489,13137708,320077,5023,2043,"",0.76,0.81,0.80,0.81,1.04,0.43,0.45,1.28,"",6,9.5,60,13.5,33,7.2,30,6.5,709531,5.7,-83706,-20.7,898,21.8,-64,-3.0
"13135","5","8114","76","0","2025","4","",120,349,335,336,5023301,323690,4546,1136,"",1.69,1.66,1.59,1.62,1.97,1.21,1.48,1.21,"",-2,-1.6,-27,-7.2,-50,-13.0,-50,-13.0,-546709,-9.8,-77085,-19.2,-1800,-28.4,15,1.3
"13135","5","81141","77","0","2025","4","",49,178,167,168,2433094,194739,3042,1095,"",2.06,2.36,2.20,2.24,2.50,2.02,2.58,1.10,"",-3,-5.8,-30,-14.4,-43,-20.5,-46,-21.5,-142558,-5.5,-74874,-27.8,-1925,-38.8,155,16.5
"13135","5","811411","78","0","2025","4","",10,30,28,28,525098,48863,1300,1409,"",1.73,2.01,1.91,1.99,3.32,2.97,5.70,1.68,"",1,11.1,12,66.7,8,40.0,7,33.3,181023,52.6,1724,3.7,133,11.4,63,4.7
"13135","5","811412","78","0","2025","4","",39,148,139,140,1907996,145876,1742,1031,"",2.17,2.45,2.27,2.30,2.34,1.83,1.84,1.00,"",-4,-9.3,-42,-22.1,-51,-26.8,-53,-27.5,-323581,-14.5,-76598,-34.4,-2058,-54.2,132,14.7
"13135","5","81142","77","0","2025","4","",21,67,66,68,1045634,30656,294,1200,"",2.28,2.20,2.16,2.25,3.02,0.88,0.85,1.37,"",-1,-4.5,-9,-11.8,-9,-12.0,-4,-5.6,70096,7.2,1610,5.5,-32,-9.8,190,18.8
"13135","5","811420","78","0","2025","4","",21,67,66,68,1045634,30656,294,1200,"",2.28,2.20,2.16,2.25,3.02,0.88,0.85,1.37,"",-1,-4.5,-9,-11.8,-9,-12.0,-4,-5.6,70096,7.2,1610,5.5,-32,-9.8,190,18.8
"13135","5","81143","77","0","2025","4","",5,3,3,4,28900,2100,1,667,"",2.74,0.70,0.68,0.90,0.66,0.43,0.02,0.86,"",0,0.0,-1,-25.0,-1,-25.0,-1,-20.0,-14909,-34.0,-5468,-72.3,-19,-95.0,-111,-14.3
"13135","5","811430","78","0","2025","4","",5,3,3,4,28900,2100,1,667,"",2.74,0.70,0.68,0.90,0.66,0.43,0.02,0.86,"",0,0.0,-1,-25.0,-1,-25.0,-1,-20.0,-14909,-34.0,-5468,-72.3,-19,-95.0,-111,-14.3
"13135","5","81149","77","0","2025","4","",45,101,99,96,1515673,96195,1209,1182,"",1.25,1.01,0.99,0.98,1.28,0.73,0.81,1.28,"",2,4.7,13,14.8,3,3.1,1,1.1,-459338,-23.3,1647,1.7,176,17.0,-452,-27.7
"13135","5","811490","78","0","2025","4","",45,101,99,96,1515673,96195,1209,1182,"",1.25,1.01,0.99,0.98,1.28,0.73,0.81,1.28,"",2,4.7,13,14.8,3,3.1,1,1.1,-459338,-23.3,1647,1.7,176,17.0,-452,-27.7
"13135","5","812","75","0","2025","4","",961,3702,3640,3678,38207372,4429294,66720,800,"",1.26,0.93,0.91,0.92,1.08,0.86,1.19,1.17,"",3,0.3,-89,-2.3,-186,-4.9,-102,-2.7,1527816,4.2,-147140,-3.2,2485,3.9,57,7.7
"13135","5","8121","76","0","2025","4","",619,1846,1862,1894,17289201,2132793,29809,712,"",1.40,0.98,0.98,1.00,1.18,0.85,1.08,1.19,"",-20,-3.1,-4,-0.2,-7,-0.4,12,0.6,440493,2.6,-29252,-1.4,3961,15.3,18,2.6
"13135","5","81211","77","0","2025","4","",458,1330,1343,1381,13103668,1433431,17488,746,"",1.35,0.96,0.96,0.99,1.23,0.78,0.91,1.27,"",-21,-4.4,28,2.2,35,2.7,64,4.9,991224,8.2,129690,9.9,6049,52.9,34,4.8
"13135","5","812111","78","0","2025","4","",27,79,86,89,661022,134455,1408,601,"",1.11,0.89,0.96,1.00,0.83,1.04,1.11,0.87,"",2,8.0,-9,-10.2,5,6.2,4,4.7,39919,6.4,-15547,-10.4,282,25.0,37,6.6
"13135","5","812112","78","0","2025","4","",321,1062,1075,1103,11104409,1116346,12829,791,"",1.47,1.17,1.17,1.21,1.49,0.98,1.18,1.26,"",-15,-4.5,13,1.2,19,1.8,39,3.7,830381,8.1,111324,11.1,5774,81.8,43,5.7
"13135","5","812113","78","0","2025","4","",110,189,182,189,1338237,182630,3251,551,"",1.13,0.48,0.46,0.48,0.56,0.33,0.45,1.19,"",-8,-6.8,24,14.5,11,6.4,21,12.5,120924,9.9,33913,22.8,-7,-0.2,-6,-1.1
"13135","5","81219","77","0","2025","4","",161,516,519,513,4185533,699362,12321,624,"",1.58,1.04,1.04,1.03,1.03,1.03,1.47,1.00,"",1,0.6,-32,-5.8,-42,-7.5,-52,-9.2,-550731,-11.6,-158942,-18.5,-2088,-14.5,-29,-4.4
"13135","5","812191","78","0","2025","4","",7,15,15,18,75816,34624,579,365,"",1.06,0.58,0.59,0.72,0.26,1.28,1.88,0.42,"",-1,-12.5,-4,-21.1,-2,-11.8,1,5.9,-48564,-39.0,17811,105.9,388,203.1,-177,-32.7
"13135","5","812199","78","0","2025","4","",154,501,504,495,4109717,664738,11742,632,"",1.61,1.06,1.06,1.04,1.09,1.02,1.46,1.03,"",2,1.3,-28,-5.3,-40,-7.4,-53,-9.7,-502167,-10.9,-176753,-21.0,-2476,-17.4,-25,-3.8
"13135","5","8122","76","0","2025","4","",21,183,183,179,2926591,214150,3489,1239,"",0.41,0.55,0.55,0.54,0.74,0.70,1.30,1.36,"",2,10.5,1,0.5,2,1.1,-8,-4.3,140975,5.1,94425,78.9,2499,252.4,70,6.0
"13135","5","81221","77","0","2025","4","",14,130,131,126,1991095,179751,3261,1187,"",0.36,0.51,0.51,0.49,0.68,0.76,1.88,1.34,"",2,16.7,3,2.4,5,4.0,-1,-0.8,76650,4.0,95061,112.2,2865,723.5,24,2.1
"13135","5","812210","78","0","2025","4","",14,130,131,126,1991095,179751,3261,1187,"",0.36,0.51,0.51,0.49,0.68,0.76,1.88,1.34,"",2,16.7,3,2.4,5,4.0,-1,-0.8,76650,4.0,95061,112.2,2865,723.5,24,2.1
"13135","5","81222","77","0","2025","4","",7,53,52,53,935496,34399,228,1366,"",0.56,0.66,0.66,0.70,0.91,0.49,0.24,1.36,"",0,0.0,-2,-3.6,-3,-5.5,-7,-11.7,64325,7.4,-636,-1.8,-366,-61.6,183,15.5
"13135","5","812220","78","0","2025","4","",7,53,52,53,935496,34399,228,1366,"",0.56,0.66,0.66,0.70,0.91,0.49,0.24,1.36,"",0,0.0,-2,-3.6,-3,-5.5,-7,-11.7,64325,7.4,-636,-1.8,-366,-61.6,183,15.5
"13135","5","8123","76","0","2025","4","",106,664,660,660,9139339,436968,4852,1063,"",1.39,1.03,1.02,1.03,1.36,0.53,0.60,1.32,"",-6,-5.4,-39,-5.5,-44,-6.2,-43,-6.1,-93072,-1.0,-118386,-21.3,20,0.4,53,5.2
"13135","5","81231","77","0","2025","4","",24,90,90,90,1039966,60528,432,889,"",0.85,0.89,0.88,0.88,1.49,0.47,0.28,1.69,"",-2,-7.7,-24,-21.1,-17,-15.9,-16,-15.1,-173972,-14.3,-25964,-30.0,-623,-59.1,32,3.7
"13135","5","812310","78","0","2025","4","",24,90,90,90,1039966,60528,432,889,"",0.85,0.89,0.88,0.88,1.49,0.47,0.28,1.69,"",-2,-7.7,-24,-21.1,-17,-15.9,-16,-15.1,-173972,-14.3,-25964,-30.0,-623,-59.1,32,3.7
"13135","5","81232","77","0","2025","4","",73,137,134,135,1017491,115566,668,578,"",1.83,0.63,0.61,0.62,0.60,0.42,0.25,0.98,"",-4,-5.2,-26,-16.0,-37,-21.6,-33,-19.6,-179936,-15.0,-106697,-48.0,-1395,-67.6,28,5.1
"13135","5","812320","78","0","2025","4","",73,137,134,135,1017491,115566,668,578,"",1.83,0.63,0.61,0.62,0.60,0.42,0.25,0.98,"",-4,-5.2,-26,-16.0,-37,-21.6,-33,-19.6,-179936,-15.0,-106697,-48.0,-1395,-67.6,28,5.1
"13135","5","81233","77","0","2025","4","",9,437,436,435,7081882,260874,3752,1249,"",1.16,1.35,1.34,1.35,1.63,0.62,0.97,1.21,"",0,0.0,11,2.6,10,2.3,6,1.4,260836,3.8,14275,5.8,2038,118.9,20,1.6
"13135","5","812331","78","0","2025","4","N",3,0,0,0,0,0,0,0,"N",0.75,0,0,0,0,0,0,0,"N",0,0.0,0,0,0,0,0,0,0,0,0,0,0,0,0,0
"13135","5","812332","78","0","2025","4","N",6,0,0,0,0,0,0,0,"N",1.58,0,0,0,0,0,0,0,"N",0,0.0,0,0,0,0,0,0,0,0,0,0,0,0,0,0
"13135","5","8129","76","0","2025","4","",215,1009,935,945,8852241,1645383,28570,707,"",1.11,0.91,0.84,0.85,0.89,1.10,1.60,1.03,"",27,14.4,-47,-4.5,-137,-12.8,-63,-6.2,1039420,13.3,-93927,-5.4,-3995,-12.3,132,23.0
"13135","5","81291","77","0","2025","4","",79,490,492,497,3156960,750018,16191,493,"",0.99,0.98,0.98,0.99,0.87,1.04,2.13,0.88,"",8,11.3,-51,-9.4,-52,-9.6,-56,-10.1,-466135,-12.9,-63858,-7.8,1845,12.9,-17,-3.3
"13135","5","812910","78","0","2025","4","",79,490,492,497,3156960,750018,16191,493,"",0.99,0.98,0.98,0.99,0.87,1.04,2.13,0.88,"",8,11.3,-51,-9.4,-52,-9.6,-56,-10.1,-466135,-12.9,-63858,-7.8,1845,12.9,-17,-3.3
"13135","5","81292","77","0","2025","4","N",2,0,0,0,0,0,0,0,"N",1.18,0,0,0,0,0,0,0,"N",0,0.0,0,0,0,0,0,0,0,0,0,0,0,0,0,0
"13135","5","812921","78","0","2025","4","N",2,0,0,0,0,0,0,0,"N",1.48,0,0,0,0,0,0,0,"N",0,0.0,0,0,0,0,0,0,0,0,0,0,0,0,0,0
"13135","5","81293","77","0","2025","4","N",6,0,0,0,0,0,0,0,"N",0.27,0,0,0,0,0,0,0,"N",-3,-33.3,0,0,0,0,0,0,0,0,0,0,0,0,0,0
"13135","5","812930","78","0","2025","4","N",6,0,0,0,0,0,0,0,"N",0.27,0,0,0,0,0,0,0,"N",-3,-33.3,0,0,0,0,0,0,0,0,0,0,0,0,0,0
"13135","5","81299","77","0","2025","4","",128,333,340,342,4831557,486684,10925,1098,"",1.41,1.30,1.33,1.35,1.49,1.42,2.34,1.13,"",22,20.8,13,4.1,5,1.5,3,0.9,1534080,46.5,-69337,-12.5,-668,-5.8,332,43.3
"13135","5","812990","78","0","2025","4","",128,333,340,342,4831557,486684,10925,1098,"",1.41,1.30,1.33,1.35,1.49,1.42,2.34,1.13,"",22,20.8,13,4.1,5,1.5,3,0.9,1534080,46.5,-69337,-12.5,-668,-5.8,332,43.3
"13135","5","813","75","0","2025","4","",224,1711,1687,1685,32963639,1178289,15536,1497,"",0.44,0.48,0.47,0.47,0.63,0.45,0.51,1.32,"",4,1.8,73,4.5,100,6.3,125,8.0,2078710,6.7,93277,8.6,3864,33.1,7,0.5
"13135","5","8131","76","0","2025","4","",67,364,363,357,5008699,293257,6152,1066,"",0.91,0.71,0.70,0.69,1.07,0.91,1.63,1.53,"",5,8.1,121,49.8,120,49.4,114,46.9,1025876,25.8,66722,29.5,2188,55.2,-195,-15.5
"13135","5","81311","77","0","2025","4","",67,364,363,357,5008699,293257,6152,1066,"",0.91,0.71,0.70,0.69,1.07,0.91,1.63,1.53,"",5,8.1,121,49.8,120,49.4,114,46.9,1025876,25.8,66722,29.5,2188,55.2,-195,-15.5
"13135","5","813110","78","0","2025","4","",67,364,363,357,5008699,293257,6152,1066,"",0.91,0.71,0.70,0.69,1.07,0.91,1.63,1.53,"",5,8.1,121,49.8,120,49.4,114,46.9,1025876,25.8,66722,29.5,2188,55.2,-195,-15.5
"13135","5","8132","76","0","2025","4","",23,152,155,155,3263511,189215,2464,1630,"",0.35,0.37,0.37,0.38,0.35,0.74,0.72,0.95,"",-1,-4.2,23,17.8,25,19.2,20,14.8,672131,25.9,20701,12.3,803,48.3,112,7.4
"13135","5","81321","77","0","2025","4","",23,152,155,155,3263511,189215,2464,1630,"",0.35,0.37,0.37,0.38,0.35,0.74,0.72,0.95,"",-1,-4.2,23,17.8,25,19.2,20,14.8,672131,25.9,20701,12.3,803,48.3,112,7.4
"13135","5","813211","78","0","2025","4","",11,62,64,63,1624169,42599,878,1983,"",0.33,0.31,0.32,0.32,0.32,0.35,0.57,1.02,"",0,0.0,13,26.5,14,28.0,14,28.6,528959,48.3,4963,13.2,281,47.1,275,16.1
"13135","5","813212","78","0","2025","4","",7,14,16,15,244671,10677,106,1255,"",0.46,0.14,0.16,0.15,0.11,0.18,0.12,0.73,"N",1,16.7,0,0,0,0,0,0,0,0,0,0,0,0,0,0
"13135","5","813219","78","0","2025","4","",5,76,75,77,1394671,135939,1480,1412,"",0.28,0.65,0.64,0.67,0.68,1.77,1.51,1.04,"N",-2,-28.6,0,0,0,0,0,0,0,0,0,0,0,0,0,0
"13135","5","8133","76","0","2025","4","",50,302,284,282,5101847,260755,4028,1356,"",0.47,0.46,0.43,0.44,0.47,0.44,0.54,1.07,"",-1,-2.0,-35,-10.4,-49,-14.7,-15,-5.1,-327974,-6.0,64904,33.1,1392,52.8,60,4.6
"13135","5","81331","77","0","2025","4","",50,302,284,282,5101847,260755,4028,1356,"",0.47,0.46,0.43,0.44,0.47,0.44,0.54,1.07,"",-1,-2.0,-35,-10.4,-49,-14.7,-15,-5.1,-327974,-6.0,64904,33.1,1392,52.8,60,4.6
"13135","5","813311","78","0","2025","4","N",15,0,0,0,0,0,0,0,"N",0.76,0,0,0,0,0,0,0,"N",0,0.0,0,0,0,0,0,0,0,0,0,0,0,0,0,0
"13135","5","813312","78","0","2025","4","N",1,0,0,0,0,0,0,0,"N",0.04,0,0,0,0,0,0,0,"N",0,0.0,0,0,0,0,0,0,0,0,0,0,0,0,0,0
"13135","5","813319","78","0","2025","4","",34,155,153,150,2806864,121828,1887,1414,"",0.57,0.49,0.48,0.48,0.54,0.40,0.46,1.11,"",-1,-2.9,-4,-2.5,-5,-3.2,-9,-5.7,3728,0.1,55485,83.6,1039,122.5,55,4.0
"13135","5","8134","76","0","2025","4","",17,190,188,188,1674278,92505,1899,683,"",0.21,0.21,0.21,0.21,0.26,0.19,0.34,1.25,"",2,13.3,-36,-15.9,-32,-14.5,-33,-14.9,21517,1.3,25757,38.6,666,54.0,111,19.4
"13135","5","81341","77","0","2025","4","",17,190,188,188,1674278,92505,1899,683,"",0.21,0.21,0.21,0.21,0.26,0.19,0.34,1.25,"",2,13.3,-36,-15.9,-32,-14.5,-33,-14.9,21517,1.3,25757,38.6,666,54.0,111,19.4
"13135","5","813410","78","0","2025","4","",17,190,188,188,1674278,92505,1899,683,"",0.21,0.21,0.21,0.21,0.26,0.19,0.34,1.25,"",2,13.3,-36,-15.9,-32,-14.5,-33,-14.9,21517,1.3,25757,38.6,666,54.0,111,19.4
"13135","5","8139","76","0","2025","4","",67,703,697,703,17915304,342557,993,1966,"",0.36,0.65,0.65,0.65,0.83,0.37,0.10,1.28,"",-1,-1.5,0,0.0,36,5.4,39,5.9,687160,4.0,-84807,-19.8,-1185,-54.4,6,0.3
"13135","5","81391","77","0","2025","4","",32,211,216,217,6577740,90847,376,2357,"",0.52,0.72,0.73,0.74,0.87,0.41,0.17,1.19,"",-1,-3.0,12,6.0,17,8.5,17,8.5,591699,9.9,-76393,-45.7,-1313,-77.7,47,2.0
"13135","5","813910","78","0","2025","4","",32,211,216,217,6577740,90847,376,2357,"",0.52,0.72,0.73,0.74,0.87,0.41,0.17,1.19,"",-1,-3.0,12,6.0,17,8.5,17,8.5,591699,9.9,-76393,-45.7,-1313,-77.7,47,2.0
"13135","5","81392","77","0","2025","4","",15,262,265,267,6688008,87123,34,1944,"",0.43,1.18,1.19,1.20,1.18,0.69,0.02,0.99,"",0,0.0,10,4.0,10,3.9,8,3.1,303836,4.8,809,0.9,-154,-81.9,21,1.1
"13135","5","813920","78","0","2025","4","",15,262,265,267,6688008,87123,34,1944,"",0.43,1.18,1.19,1.20,1.18,0.69,0.02,0.99,"",0,0.0,10,4.0,10,3.9,8,3.1,303836,4.8,809,0.9,-154,-81.9,21,1.1
"13135","5","81393","77","0","2025","4","N",3,0,0,0,0,0,0,0,"N",0.08,0,0,0,0,0,0,0,"N",0,0.0,0,0,0,0,0,0,0,0,0,0,0,0,0,0
"13135","5","813930","78","0","2025","4","N",3,0,0,0,0,0,0,0,"N",0.08,0,0,0,0,0,0,0,"N",0,0.0,0,0,0,0,0,0,0,0,0,0,0,0,0,0
"13135","5","81394","77","0","2025","4","N",8,0,0,0,0,0,0,0,"N",0.80,0,0,0,0,0,0,0,"N",0,0.0,0,0,0,0,0,0,0,0,0,0,0,0,0,0
"13135","5","813940","78","0","2025","4","N",8,0,0,0,0,0,0,0,"N",0.80,0,0,0,0,0,0,0,"N",0,0.0,0,0,0,0,0,0,0,0,0,0,0,0,0,0
"13135","5","81399","77","0","2025","4","",9,166,153,162,3920536,115529,275,1881,"",0.21,0.63,0.58,0.62,1.01,0.39,0.09,1.67,"",0,0.0,-8,-4.6,8,5.5,13,8.7,138203,3.7,67613,141.1,108,64.7,16,0.9
"13135","5","813990","78","0","2025","4","",9,166,153,162,3920536,115529,275,1881,"",0.21,0.63,0.58,0.62,1.01,0.39,0.09,1.67,"",0,0.0,-8,-4.6,8,5.5,13,8.7,138203,3.7,67613,141.1,108,64.7,16,0.9
"13135","5","814","75","0","2025","4","",175,213,212,208,2206119,307006,7449,804,"",0.33,0.41,0.41,0.40,0.41,0.44,0.78,1.00,"",30,20.7,58,37.4,46,27.7,46,28.4,367812,20.0,-72663,-19.1,-1628,-17.9,-74,-8.4
"13135","5","8141","76","0","2025","4","",175,213,212,208,2206119,307006,7449,804,"",0.33,0.41,0.41,0.40,0.41,0.44,0.78,1.00,"",30,20.7,58,37.4,46,27.7,46,28.4,367812,20.0,-72663,-19.1,-1628,-17.9,-74,-8.4
"13135","5","81411","77","0","2025","4","",175,213,212,208,2206119,307006,7449,804,"",0.33,0.41,0.41,0.40,0.41,0.44,0.78,1.00,"",30,20.7,58,37.4,46,27.7,46,28.4,367812,20.0,-72663,-19.1,-1628,-17.9,-74,-8.4
"13135","5","814110","78","0","2025","4","",175,213,212,208,2206119,307006,7449,804,"",0.33,0.41,0.41,0.40,0.41,0.44,0.78,1.00,"",30,20.7,58,37.4,46,27.7,46,28.4,367812,20.0,-72663,-19.1,-1628,-17.9,-74,-8.4
"13135","5","99","74","0","2025","4","",2867,1763,1773,1817,32565269,4298482,108542,1404,"",3.78,3.16,3.10,3.04,2.66,2.74,3.36,0.86,"",131,4.8,367,26.3,364,25.8,305,20.2,5458179,20.1,1041460,32.0,28784,36.1,-45,-3.1
"13135","5","999","75","0","2025","4","",2867,1763,1773,1817,32565269,4298482,108542,1404,"",3.78,3.16,3.10,3.04,2.66,2.74,3.36,0.86,"",131,4.8,367,26.3,364,25.8,305,20.2,5458179,20.1,1041460,32.0,28784,36.1,-45,-3.1
"13135","5","9999","76","0","2025","4","",2867,1763,1773,1817,32565269,4298482,108542,1404,"",3.78,3.16,3.10,3.04,2.66,2.74,3.36,0.86,"",131,4.8,367,26.3,364,25.8,305,20.2,5458179,20.1,1041460,32.0,28784,36.1,-45,-3.1
"13135","5","99999","77","0","2025","4","",2867,1763,1773,1817,32565269,4298482,108542,1404,"",3.78,3.16,3.10,3.04,2.66,2.74,3.36,0.86,"",131,4.8,367,26.3,364,25.8,305,20.2,5458179,20.1,1041460,32.0,28784,36.1,-45,-3.1
"13135","5","999999","78","0","2025","4","",2867,1763,1773,1817,32565269,4298482,108542,1404,"",3.78,3.16,3.10,3.04,2.66,2.74,3.36,0.86,"",131,4.8,367,26.3,364,25.8,305,20.2,5458179,20.1,1041460,32.0,28784,36.1,-45,-3.1
